# mode=collision,n=500,struct=grid,cell=64,depth=5,node=4,seed=44,warmup_s=2,measure_s=5,config=2D,ticks=1008,frames=24262,measured_ticks=721,startup_ms=584.386,glfw_first_draw_ms=518.795,renderer=NVIDIA GeForce RTX 5060 Laptop GPU/PCIe/SSE2,gl=3.3.0 NVIDIA 592.01
kind,value,extra
startup_ms,584.386,process_to_first_frame
glfw_ms,518.795,glfw_init_to_first_frame
mem_ws_bytes,1.12013e+08,baseline
mem_private_bytes,1.79425e+08,baseline
mem_peak_ws_bytes,1.12013e+08,baseline
mem_ws_bytes,1.12067e+08,after_spawn
mem_private_bytes,1.79446e+08,after_spawn
mem_peak_ws_bytes,1.12067e+08,after_spawn
tick_us,127.6,274
frame_ms,0.5843,
frame_ms,0.4077,
frame_ms,0.4851,
frame_ms,0.4158,
frame_ms,0.34,
frame_ms,0.333,
frame_ms,0.4368,
frame_ms,0.3212,
frame_ms,0.3306,
frame_ms,0.3246,
frame_ms,0.3809,
frame_ms,0.2891,
frame_ms,0.2354,
frame_ms,0.5724,
frame_ms,0.4248,
frame_ms,0.3501,
frame_ms,0.3356,
frame_ms,0.3396,
tick_us,146.5,270
frame_ms,0.6322,
frame_ms,0.3096,
frame_ms,0.3268,
frame_ms,0.3881,
frame_ms,0.3433,
frame_ms,0.4507,
frame_ms,0.2774,
frame_ms,0.2385,
frame_ms,0.2289,
frame_ms,0.2656,
frame_ms,0.2189,
frame_ms,0.2082,
frame_ms,0.2185,
frame_ms,0.2661,
frame_ms,0.2676,
frame_ms,0.2284,
frame_ms,0.2214,
frame_ms,0.2148,
frame_ms,0.338,
frame_ms,0.441,
frame_ms,0.3847,
frame_ms,0.3422,
tick_us,145.3,268
frame_ms,0.7244,
frame_ms,0.2727,
frame_ms,0.2206,
frame_ms,0.2181,
frame_ms,0.2111,
frame_ms,0.2096,
frame_ms,0.2698,
frame_ms,0.2315,
frame_ms,0.2151,
frame_ms,0.2399,
frame_ms,0.2301,
frame_ms,0.2262,
frame_ms,0.2365,
frame_ms,0.3667,
frame_ms,0.2939,
frame_ms,0.2687,
frame_ms,0.2371,
frame_ms,0.2348,
frame_ms,0.2324,
frame_ms,0.2111,
frame_ms,0.2339,
frame_ms,0.2881,
frame_ms,0.2303,
frame_ms,0.2294,
frame_ms,0.2222,
frame_ms,0.2266,
frame_ms,0.2168,
tick_us,138.7,274
frame_ms,1.143,
frame_ms,0.3391,
frame_ms,0.2617,
frame_ms,0.2139,
frame_ms,0.2161,
frame_ms,0.2099,
frame_ms,0.2563,
frame_ms,0.2686,
frame_ms,0.2366,
frame_ms,0.2199,
frame_ms,0.2128,
frame_ms,0.2426,
frame_ms,0.2585,
frame_ms,0.2661,
frame_ms,0.2886,
frame_ms,0.6766,
frame_ms,0.2856,
frame_ms,0.2443,
frame_ms,0.2336,
frame_ms,0.2373,
frame_ms,0.236,
frame_ms,0.2377,
tick_us,124.2,272
frame_ms,0.5528,
frame_ms,0.2674,
frame_ms,0.2194,
frame_ms,0.2149,
frame_ms,0.2141,
frame_ms,0.2561,
frame_ms,0.2792,
frame_ms,0.2423,
frame_ms,0.2343,
frame_ms,0.3399,
frame_ms,0.2843,
frame_ms,0.2227,
frame_ms,0.2323,
frame_ms,0.249,
frame_ms,0.2083,
frame_ms,0.2506,
frame_ms,0.2331,
frame_ms,0.2122,
frame_ms,0.248,
frame_ms,0.2285,
frame_ms,0.2092,
frame_ms,0.2273,
frame_ms,0.2699,
frame_ms,0.2734,
frame_ms,0.539,
frame_ms,0.3077,
tick_us,128.5,272
frame_ms,0.5264,
frame_ms,0.224,
frame_ms,0.2283,
frame_ms,0.2255,
frame_ms,0.231,
frame_ms,0.2176,
frame_ms,0.2162,
frame_ms,0.2253,
frame_ms,0.2288,
frame_ms,0.2423,
frame_ms,0.2352,
frame_ms,0.2868,
frame_ms,0.2922,
frame_ms,0.2545,
frame_ms,0.2428,
frame_ms,0.2406,
frame_ms,0.2434,
frame_ms,0.2543,
frame_ms,0.2716,
frame_ms,0.2359,
frame_ms,0.2131,
frame_ms,0.2687,
frame_ms,0.2228,
frame_ms,0.2064,
frame_ms,0.2451,
frame_ms,0.3339,
frame_ms,0.3883,
tick_us,150.9,272
frame_ms,0.7074,
frame_ms,0.4393,
frame_ms,0.2783,
frame_ms,0.2305,
frame_ms,0.2106,
frame_ms,0.2066,
frame_ms,0.2065,
frame_ms,0.2707,
frame_ms,0.2396,
frame_ms,0.2122,
frame_ms,0.241,
frame_ms,0.2285,
frame_ms,0.212,
frame_ms,0.214,
frame_ms,0.2443,
frame_ms,0.2501,
frame_ms,0.8272,
frame_ms,0.2904,
frame_ms,0.3106,
frame_ms,0.2341,
frame_ms,0.2428,
frame_ms,0.2344,
frame_ms,0.2311,
frame_ms,0.265,
tick_us,121.5,284
frame_ms,0.512,
frame_ms,0.2377,
frame_ms,0.2064,
frame_ms,0.2127,
frame_ms,0.2065,
frame_ms,0.224,
frame_ms,0.2149,
frame_ms,0.2963,
frame_ms,0.2787,
frame_ms,0.2326,
frame_ms,0.2249,
frame_ms,0.2458,
frame_ms,0.2173,
frame_ms,0.5296,
frame_ms,0.3514,
frame_ms,0.3388,
frame_ms,0.3357,
frame_ms,0.3394,
frame_ms,0.287,
frame_ms,0.2332,
frame_ms,0.2226,
frame_ms,0.2179,
frame_ms,0.2156,
frame_ms,0.3309,
frame_ms,0.2404,
tick_us,133.1,296
frame_ms,0.508,
frame_ms,0.2373,
frame_ms,0.2072,
frame_ms,0.2128,
frame_ms,0.2065,
frame_ms,0.2142,
frame_ms,0.2077,
frame_ms,0.2655,
frame_ms,0.2193,
frame_ms,0.2095,
frame_ms,0.2941,
frame_ms,0.3193,
frame_ms,0.244,
frame_ms,0.3096,
frame_ms,0.2421,
frame_ms,0.2196,
frame_ms,0.2358,
frame_ms,0.2031,
frame_ms,0.3067,
frame_ms,0.2071,
frame_ms,0.2172,
frame_ms,0.2148,
frame_ms,0.2066,
frame_ms,0.2808,
frame_ms,0.229,
frame_ms,0.2127,
frame_ms,0.2273,
frame_ms,0.2076,
tick_us,170.1,296
frame_ms,0.795,
frame_ms,0.3707,
frame_ms,0.3821,
frame_ms,0.3964,
frame_ms,0.2298,
frame_ms,0.2043,
frame_ms,0.2037,
frame_ms,0.205,
frame_ms,0.3372,
frame_ms,0.2125,
frame_ms,0.2142,
frame_ms,0.2368,
frame_ms,0.2265,
frame_ms,0.2089,
frame_ms,0.2266,
frame_ms,0.2456,
frame_ms,0.2414,
frame_ms,0.3849,
frame_ms,0.4293,
frame_ms,0.3922,
frame_ms,0.3383,
frame_ms,0.3361,
tick_us,141.6,304
frame_ms,0.6557,
frame_ms,0.3126,
frame_ms,0.3345,
frame_ms,0.416,
frame_ms,0.2641,
frame_ms,0.2312,
frame_ms,0.229,
frame_ms,0.3002,
frame_ms,0.2494,
frame_ms,0.23,
frame_ms,0.2689,
frame_ms,0.221,
frame_ms,0.2217,
frame_ms,0.2107,
frame_ms,0.4406,
frame_ms,0.2319,
frame_ms,0.2393,
frame_ms,0.2285,
frame_ms,0.2143,
frame_ms,0.2054,
frame_ms,0.3081,
frame_ms,0.2669,
frame_ms,0.2566,
frame_ms,0.3707,
frame_ms,0.2421,
tick_us,127.5,306
frame_ms,0.501,
frame_ms,0.253,
frame_ms,0.2603,
frame_ms,0.2263,
frame_ms,0.2189,
frame_ms,0.2127,
frame_ms,0.2485,
frame_ms,0.232,
frame_ms,0.2227,
frame_ms,0.3514,
frame_ms,0.4039,
frame_ms,0.3767,
frame_ms,0.4276,
frame_ms,0.3514,
frame_ms,0.3737,
frame_ms,0.3347,
frame_ms,0.3315,
frame_ms,0.3347,
frame_ms,0.3299,
frame_ms,0.3299,
frame_ms,0.865,
tick_us,140.3,304
frame_ms,0.6378,
frame_ms,0.2983,
frame_ms,0.2674,
frame_ms,0.2928,
frame_ms,0.3718,
frame_ms,0.242,
frame_ms,0.214,
frame_ms,0.2168,
frame_ms,0.2111,
frame_ms,0.2183,
frame_ms,0.2475,
frame_ms,0.2339,
frame_ms,0.2148,
frame_ms,0.2317,
frame_ms,0.2974,
frame_ms,0.3425,
frame_ms,0.3295,
frame_ms,0.2354,
frame_ms,0.2269,
frame_ms,0.2723,
frame_ms,0.2483,
frame_ms,0.2224,
frame_ms,0.2104,
frame_ms,0.2079,
tick_us,129.2,304
frame_ms,0.5591,
frame_ms,0.25,
frame_ms,0.2146,
frame_ms,0.2134,
frame_ms,0.2071,
frame_ms,0.3234,
frame_ms,0.2605,
frame_ms,0.2529,
frame_ms,0.2527,
frame_ms,0.273,
frame_ms,0.2262,
frame_ms,0.2588,
frame_ms,0.2291,
frame_ms,0.2151,
frame_ms,0.2408,
frame_ms,0.2207,
frame_ms,0.2099,
frame_ms,0.2414,
frame_ms,0.2152,
frame_ms,0.2078,
frame_ms,0.2203,
frame_ms,0.2096,
frame_ms,0.2138,
frame_ms,0.2552,
frame_ms,0.4545,
frame_ms,0.4365,
tick_us,198.2,306
frame_ms,0.7377,
frame_ms,0.3915,
frame_ms,0.3486,
frame_ms,0.2925,
frame_ms,0.2688,
frame_ms,0.2249,
frame_ms,0.2235,
frame_ms,0.2239,
frame_ms,0.2179,
frame_ms,0.2821,
frame_ms,0.2807,
frame_ms,0.2654,
frame_ms,0.2431,
frame_ms,0.3426,
frame_ms,0.2814,
frame_ms,0.2335,
frame_ms,0.2316,
frame_ms,0.2219,
frame_ms,0.2153,
frame_ms,0.2187,
frame_ms,0.2882,
frame_ms,0.2894,
frame_ms,0.2296,
frame_ms,0.3808,
tick_us,153.6,310
frame_ms,0.7793,
frame_ms,0.3957,
frame_ms,0.4446,
frame_ms,0.3484,
frame_ms,0.2614,
frame_ms,0.2166,
frame_ms,0.5589,
frame_ms,0.2811,
frame_ms,0.2245,
frame_ms,0.2239,
frame_ms,0.2252,
frame_ms,0.2164,
frame_ms,0.2214,
frame_ms,0.2794,
frame_ms,0.3078,
frame_ms,0.2609,
frame_ms,0.2585,
frame_ms,0.3352,
frame_ms,0.6503,
frame_ms,0.3517,
frame_ms,0.3582,
tick_us,150.4,308
frame_ms,0.6512,
frame_ms,0.3436,
frame_ms,0.3425,
frame_ms,0.4104,
frame_ms,0.3864,
frame_ms,0.5325,
frame_ms,0.2816,
frame_ms,0.3059,
frame_ms,0.3149,
frame_ms,0.2754,
frame_ms,0.2392,
frame_ms,0.2342,
frame_ms,0.227,
frame_ms,0.2146,
frame_ms,0.2103,
frame_ms,0.2533,
frame_ms,0.2318,
frame_ms,0.2465,
frame_ms,0.2427,
frame_ms,0.2325,
frame_ms,0.2267,
frame_ms,0.3434,
tick_us,190.2,314
frame_ms,0.6865,
frame_ms,0.2596,
frame_ms,0.2243,
frame_ms,0.222,
frame_ms,0.2168,
frame_ms,0.2797,
frame_ms,0.3863,
frame_ms,0.3558,
frame_ms,0.3889,
frame_ms,0.3061,
frame_ms,0.2899,
frame_ms,0.3124,
frame_ms,0.2454,
frame_ms,0.2466,
frame_ms,0.2413,
frame_ms,0.2979,
frame_ms,0.252,
frame_ms,0.2275,
frame_ms,0.2253,
frame_ms,0.2215,
frame_ms,0.2219,
frame_ms,0.2323,
frame_ms,0.2673,
frame_ms,0.2873,
frame_ms,0.244,
tick_us,134,318
frame_ms,0.568,
frame_ms,0.2879,
frame_ms,0.5102,
frame_ms,0.3317,
frame_ms,0.2568,
frame_ms,0.3033,
frame_ms,0.2939,
frame_ms,0.2393,
frame_ms,0.2377,
frame_ms,0.239,
frame_ms,0.2362,
frame_ms,0.2539,
frame_ms,0.2768,
frame_ms,0.3948,
frame_ms,0.4152,
frame_ms,0.4037,
frame_ms,0.3873,
frame_ms,0.2667,
frame_ms,0.2672,
frame_ms,0.2464,
frame_ms,0.2294,
frame_ms,0.2287,
tick_us,128.1,324
frame_ms,0.5253,
frame_ms,0.2523,
frame_ms,0.2256,
frame_ms,0.2146,
frame_ms,0.2176,
frame_ms,0.2294,
frame_ms,0.2402,
frame_ms,0.7298,
frame_ms,0.2803,
frame_ms,0.2426,
frame_ms,0.2467,
frame_ms,0.2512,
frame_ms,0.2248,
frame_ms,0.225,
frame_ms,0.2088,
frame_ms,0.2395,
frame_ms,0.2245,
frame_ms,0.214,
frame_ms,0.2175,
frame_ms,0.2454,
frame_ms,0.2847,
frame_ms,0.2917,
frame_ms,0.268,
frame_ms,0.3744,
frame_ms,0.278,
tick_us,122.6,340
frame_ms,0.5109,
frame_ms,0.2638,
frame_ms,0.2522,
frame_ms,0.226,
frame_ms,0.228,
frame_ms,0.2179,
frame_ms,0.2094,
frame_ms,0.2413,
frame_ms,0.2239,
frame_ms,0.2055,
frame_ms,0.2645,
frame_ms,0.2435,
frame_ms,0.2189,
frame_ms,0.2357,
frame_ms,0.5485,
frame_ms,0.271,
frame_ms,0.2261,
frame_ms,0.2244,
frame_ms,0.2377,
frame_ms,0.224,
frame_ms,0.2198,
frame_ms,0.2243,
frame_ms,0.2242,
frame_ms,0.2569,
frame_ms,0.2561,
frame_ms,0.3976,
tick_us,143.5,334
frame_ms,0.6821,
frame_ms,0.3277,
frame_ms,0.2737,
frame_ms,0.2702,
frame_ms,0.2869,
frame_ms,0.3933,
frame_ms,0.3129,
frame_ms,0.2257,
frame_ms,0.2062,
frame_ms,0.2069,
frame_ms,0.2351,
frame_ms,0.2215,
frame_ms,0.2086,
frame_ms,0.2617,
frame_ms,0.3027,
frame_ms,0.2453,
frame_ms,0.2358,
frame_ms,0.2492,
frame_ms,0.3172,
frame_ms,0.275,
frame_ms,0.3247,
frame_ms,0.2453,
frame_ms,0.2358,
frame_ms,0.235,
frame_ms,0.3594,
tick_us,123.7,334
frame_ms,0.5552,
frame_ms,0.2648,
frame_ms,0.2429,
frame_ms,0.2314,
frame_ms,0.2409,
frame_ms,0.4239,
frame_ms,0.3932,
frame_ms,0.4598,
frame_ms,0.3916,
frame_ms,0.3478,
frame_ms,0.3334,
frame_ms,0.4585,
frame_ms,0.2755,
frame_ms,0.2269,
frame_ms,0.2272,
frame_ms,0.2266,
frame_ms,0.2236,
frame_ms,0.2256,
frame_ms,0.2304,
frame_ms,0.3918,
frame_ms,0.2714,
frame_ms,0.2542,
tick_us,155.1,334
frame_ms,0.67,
frame_ms,0.3037,
frame_ms,0.2684,
frame_ms,0.2538,
frame_ms,0.2863,
frame_ms,0.2359,
frame_ms,0.2366,
frame_ms,0.2731,
frame_ms,0.2593,
frame_ms,0.2426,
frame_ms,0.2331,
frame_ms,0.2308,
frame_ms,0.2203,
frame_ms,0.3395,
frame_ms,0.26,
frame_ms,0.2305,
frame_ms,0.2233,
frame_ms,0.2157,
frame_ms,0.2168,
frame_ms,0.2587,
frame_ms,0.2527,
frame_ms,0.2241,
frame_ms,0.2165,
frame_ms,0.262,
frame_ms,0.2329,
frame_ms,0.2131,
tick_us,125.5,336
frame_ms,0.5505,
frame_ms,0.2684,
frame_ms,0.3969,
frame_ms,0.3752,
frame_ms,0.3881,
frame_ms,0.4047,
frame_ms,0.3396,
frame_ms,0.2809,
frame_ms,0.2506,
frame_ms,0.2114,
frame_ms,0.2156,
frame_ms,0.2096,
frame_ms,0.2549,
frame_ms,0.2251,
frame_ms,0.2341,
frame_ms,0.2216,
frame_ms,0.2545,
frame_ms,0.2394,
frame_ms,0.2126,
frame_ms,0.2708,
frame_ms,0.2211,
frame_ms,0.2447,
frame_ms,0.2084,
frame_ms,0.2734,
frame_ms,0.2293,
tick_us,128.5,330
frame_ms,0.4984,
frame_ms,0.2324,
frame_ms,0.2036,
frame_ms,0.2131,
frame_ms,0.2031,
frame_ms,0.2578,
frame_ms,0.2397,
frame_ms,0.2178,
frame_ms,0.3535,
frame_ms,0.2698,
frame_ms,0.2157,
frame_ms,0.2102,
frame_ms,0.2028,
frame_ms,0.2807,
frame_ms,0.262,
frame_ms,0.242,
frame_ms,0.2246,
frame_ms,0.2256,
frame_ms,0.2116,
frame_ms,0.2117,
frame_ms,0.2502,
frame_ms,0.2855,
frame_ms,0.2324,
frame_ms,0.2182,
frame_ms,0.4773,
frame_ms,0.2673,
frame_ms,0.2385,
tick_us,127.2,336
frame_ms,0.518,
frame_ms,0.2511,
frame_ms,0.2327,
frame_ms,0.2263,
frame_ms,0.223,
frame_ms,0.2102,
frame_ms,0.2109,
frame_ms,0.2718,
frame_ms,0.2566,
frame_ms,0.2255,
frame_ms,0.2118,
frame_ms,0.2218,
frame_ms,0.2214,
frame_ms,0.2733,
frame_ms,0.2704,
frame_ms,0.2343,
frame_ms,0.2161,
frame_ms,0.2626,
frame_ms,0.2205,
frame_ms,0.2177,
frame_ms,0.2424,
frame_ms,0.2256,
frame_ms,0.2025,
frame_ms,0.2503,
frame_ms,0.23,
frame_ms,0.2093,
frame_ms,0.2167,
frame_ms,0.2454,
frame_ms,0.2219,
tick_us,128.5,328
frame_ms,0.5048,
frame_ms,0.2354,
frame_ms,0.4559,
frame_ms,0.2356,
frame_ms,0.2151,
frame_ms,0.2063,
frame_ms,0.2327,
frame_ms,0.2268,
frame_ms,0.2067,
frame_ms,0.2487,
frame_ms,0.2206,
frame_ms,0.2165,
frame_ms,0.2098,
frame_ms,0.2571,
frame_ms,0.2295,
frame_ms,0.2137,
frame_ms,0.3665,
frame_ms,0.2877,
frame_ms,0.246,
frame_ms,0.2408,
frame_ms,0.241,
frame_ms,0.2359,
frame_ms,0.2318,
frame_ms,0.3042,
frame_ms,0.2401,
frame_ms,0.2187,
frame_ms,0.2114,
tick_us,120.9,330
frame_ms,0.5136,
frame_ms,0.2314,
frame_ms,0.2069,
frame_ms,0.2159,
frame_ms,0.2116,
frame_ms,0.2646,
frame_ms,0.233,
frame_ms,0.255,
frame_ms,0.2206,
frame_ms,0.2562,
frame_ms,0.234,
frame_ms,0.2133,
frame_ms,0.2536,
frame_ms,0.2115,
frame_ms,0.2121,
frame_ms,0.2048,
frame_ms,0.2456,
frame_ms,0.2259,
frame_ms,0.2097,
frame_ms,0.4285,
frame_ms,0.3635,
frame_ms,0.4067,
frame_ms,0.2661,
frame_ms,0.2273,
frame_ms,0.2268,
frame_ms,0.23,
frame_ms,0.2261,
tick_us,154.6,318
frame_ms,0.5375,
frame_ms,0.2532,
frame_ms,0.2157,
frame_ms,0.2149,
frame_ms,0.2085,
frame_ms,0.2449,
frame_ms,0.2606,
frame_ms,0.2274,
frame_ms,0.2101,
frame_ms,0.2331,
frame_ms,0.2918,
frame_ms,0.2384,
frame_ms,0.2265,
frame_ms,0.2333,
frame_ms,0.217,
frame_ms,0.2086,
frame_ms,0.2583,
frame_ms,0.2938,
frame_ms,0.4112,
frame_ms,0.2965,
frame_ms,0.2386,
frame_ms,0.2143,
frame_ms,0.2169,
frame_ms,0.2103,
frame_ms,0.2116,
frame_ms,0.3743,
tick_us,130.7,320
frame_ms,0.6666,
frame_ms,0.2571,
frame_ms,0.2265,
frame_ms,0.2227,
frame_ms,0.2188,
frame_ms,0.214,
frame_ms,0.2672,
frame_ms,0.2164,
frame_ms,0.2009,
frame_ms,0.2514,
frame_ms,0.2221,
frame_ms,0.2065,
frame_ms,0.2422,
frame_ms,0.2768,
frame_ms,0.2995,
frame_ms,0.2761,
frame_ms,0.3596,
frame_ms,0.3703,
frame_ms,0.5512,
frame_ms,0.3561,
frame_ms,0.4248,
frame_ms,0.3623,
frame_ms,0.3378,
tick_us,124.1,314
frame_ms,0.6121,
frame_ms,0.2599,
frame_ms,0.2144,
frame_ms,0.2154,
frame_ms,0.3784,
frame_ms,0.2698,
frame_ms,0.2722,
frame_ms,0.2241,
frame_ms,0.304,
frame_ms,0.343,
frame_ms,0.2364,
frame_ms,0.2542,
frame_ms,0.2694,
frame_ms,0.2116,
frame_ms,0.239,
frame_ms,0.2273,
frame_ms,0.2087,
frame_ms,0.2475,
frame_ms,0.2215,
frame_ms,0.2076,
frame_ms,0.3174,
frame_ms,0.2966,
frame_ms,0.2628,
frame_ms,0.3457,
frame_ms,0.2579,
tick_us,158.4,316
frame_ms,0.573,
frame_ms,0.2858,
frame_ms,0.2435,
frame_ms,0.2217,
frame_ms,0.2243,
frame_ms,0.226,
frame_ms,0.2197,
frame_ms,0.2322,
frame_ms,0.2578,
frame_ms,0.2562,
frame_ms,0.2606,
frame_ms,0.2678,
frame_ms,0.2975,
frame_ms,0.2823,
frame_ms,0.2786,
frame_ms,0.222,
frame_ms,0.2149,
frame_ms,0.2259,
frame_ms,0.2087,
frame_ms,0.2741,
frame_ms,0.2382,
frame_ms,0.2164,
frame_ms,0.2068,
frame_ms,0.245,
frame_ms,0.2292,
frame_ms,0.2148,
frame_ms,0.2252,
tick_us,132.6,312
frame_ms,0.6192,
frame_ms,0.3264,
frame_ms,0.2733,
frame_ms,0.2607,
frame_ms,0.2446,
frame_ms,0.2404,
frame_ms,0.2526,
frame_ms,0.2367,
frame_ms,0.2386,
frame_ms,0.2391,
frame_ms,0.2315,
frame_ms,0.233,
frame_ms,0.2331,
frame_ms,0.2481,
frame_ms,0.2733,
frame_ms,0.2266,
frame_ms,0.23,
frame_ms,0.2399,
frame_ms,0.2263,
frame_ms,0.2879,
frame_ms,0.2934,
frame_ms,0.264,
frame_ms,0.2294,
frame_ms,0.3802,
frame_ms,0.251,
frame_ms,0.2279,
tick_us,121,304
frame_ms,0.5244,
frame_ms,0.2348,
frame_ms,0.21,
frame_ms,0.4089,
frame_ms,0.3244,
frame_ms,0.2955,
frame_ms,0.2807,
frame_ms,0.2498,
frame_ms,0.2351,
frame_ms,0.2464,
frame_ms,0.2372,
frame_ms,0.2928,
frame_ms,0.2518,
frame_ms,0.2231,
frame_ms,0.2161,
frame_ms,0.2088,
frame_ms,0.4277,
frame_ms,0.3648,
frame_ms,0.3444,
frame_ms,0.4419,
frame_ms,0.2593,
frame_ms,0.2572,
frame_ms,0.2919,
tick_us,127.3,306
frame_ms,0.7173,
frame_ms,0.2468,
frame_ms,0.2127,
frame_ms,0.22,
frame_ms,0.2277,
frame_ms,0.2282,
frame_ms,0.2787,
frame_ms,0.2676,
frame_ms,0.2302,
frame_ms,0.2196,
frame_ms,0.2133,
frame_ms,0.2709,
frame_ms,0.2521,
frame_ms,0.2381,
frame_ms,0.2973,
frame_ms,0.2915,
frame_ms,0.2554,
frame_ms,0.2145,
frame_ms,0.2106,
frame_ms,0.2302,
frame_ms,0.2152,
frame_ms,0.2269,
frame_ms,0.2448,
frame_ms,0.2083,
frame_ms,0.2093,
frame_ms,0.2491,
frame_ms,0.2299,
frame_ms,0.2124,
tick_us,127.9,294
frame_ms,0.6204,
frame_ms,0.3754,
frame_ms,0.2514,
frame_ms,0.2449,
frame_ms,0.2414,
frame_ms,0.2862,
frame_ms,0.2412,
frame_ms,0.2376,
frame_ms,0.2376,
frame_ms,0.2295,
frame_ms,0.2261,
frame_ms,0.2223,
frame_ms,0.2237,
frame_ms,0.3076,
frame_ms,0.3428,
frame_ms,0.3223,
frame_ms,0.2463,
frame_ms,0.4382,
frame_ms,0.2739,
frame_ms,0.233,
frame_ms,0.2252,
frame_ms,0.2282,
frame_ms,0.2176,
frame_ms,0.2521,
frame_ms,0.2617,
tick_us,119.8,280
frame_ms,0.4925,
frame_ms,0.2286,
frame_ms,0.2106,
frame_ms,0.2096,
frame_ms,0.2068,
frame_ms,0.4197,
frame_ms,0.3968,
frame_ms,0.3611,
frame_ms,0.3504,
frame_ms,0.3808,
frame_ms,0.4088,
frame_ms,0.339,
frame_ms,0.3353,
frame_ms,0.3307,
frame_ms,0.3381,
frame_ms,0.3323,
frame_ms,0.2611,
frame_ms,0.2348,
frame_ms,0.2332,
frame_ms,0.2384,
frame_ms,0.2243,
frame_ms,0.4359,
tick_us,177.6,282
frame_ms,0.7007,
frame_ms,0.3282,
frame_ms,0.3381,
frame_ms,0.3552,
frame_ms,0.2614,
frame_ms,0.2345,
frame_ms,0.2222,
frame_ms,0.2304,
frame_ms,0.2799,
frame_ms,0.2655,
frame_ms,0.7594,
frame_ms,0.2945,
frame_ms,0.4361,
frame_ms,0.4136,
frame_ms,0.3356,
frame_ms,0.3332,
frame_ms,0.3506,
frame_ms,0.2963,
frame_ms,0.2444,
frame_ms,0.2162,
tick_us,116.9,282
frame_ms,0.5429,
frame_ms,0.2946,
frame_ms,0.4094,
frame_ms,0.2275,
frame_ms,0.2247,
frame_ms,0.2404,
frame_ms,0.221,
frame_ms,0.2136,
frame_ms,0.2419,
frame_ms,0.2172,
frame_ms,0.2742,
frame_ms,0.2318,
frame_ms,0.2412,
frame_ms,0.217,
frame_ms,0.2332,
frame_ms,0.2312,
frame_ms,0.2631,
frame_ms,0.5438,
frame_ms,0.2724,
frame_ms,0.2418,
frame_ms,0.2274,
frame_ms,0.2278,
frame_ms,0.2247,
frame_ms,0.221,
frame_ms,0.2747,
frame_ms,0.2327,
tick_us,125.2,276
frame_ms,0.4947,
frame_ms,0.241,
frame_ms,0.2075,
frame_ms,0.215,
frame_ms,0.2066,
frame_ms,0.292,
frame_ms,0.2801,
frame_ms,0.2526,
frame_ms,0.236,
frame_ms,0.2379,
frame_ms,0.237,
frame_ms,0.2309,
frame_ms,0.2993,
frame_ms,0.2569,
frame_ms,0.2201,
frame_ms,0.2118,
frame_ms,0.2083,
frame_ms,0.2423,
frame_ms,0.2343,
frame_ms,0.2206,
frame_ms,0.2301,
frame_ms,0.2103,
frame_ms,0.256,
frame_ms,0.4757,
frame_ms,0.3068,
frame_ms,0.2685,
frame_ms,0.2187,
tick_us,125.2,278
frame_ms,0.5049,
frame_ms,0.2355,
frame_ms,0.2147,
frame_ms,0.2162,
frame_ms,0.2051,
frame_ms,0.237,
frame_ms,0.363,
frame_ms,0.3927,
frame_ms,0.3418,
frame_ms,0.3942,
frame_ms,0.373,
frame_ms,0.4245,
frame_ms,0.2717,
frame_ms,0.2301,
frame_ms,0.2317,
frame_ms,0.2645,
frame_ms,0.2214,
frame_ms,0.2215,
frame_ms,0.2327,
frame_ms,0.2586,
frame_ms,0.2675,
frame_ms,0.2125,
frame_ms,0.2362,
frame_ms,0.2401,
tick_us,128,280
frame_ms,0.5398,
frame_ms,0.2956,
frame_ms,0.2857,
frame_ms,0.236,
frame_ms,0.2244,
frame_ms,0.2621,
frame_ms,0.2148,
frame_ms,0.2057,
frame_ms,0.2114,
frame_ms,0.274,
frame_ms,0.2315,
frame_ms,0.2091,
frame_ms,0.2247,
frame_ms,0.2689,
frame_ms,0.2295,
frame_ms,0.2106,
frame_ms,0.2458,
frame_ms,0.2201,
frame_ms,0.8327,
frame_ms,0.3585,
frame_ms,0.3977,
frame_ms,0.4217,
frame_ms,0.3368,
tick_us,132,268
frame_ms,0.668,
frame_ms,0.2872,
frame_ms,0.2496,
frame_ms,0.2133,
frame_ms,0.2381,
frame_ms,0.221,
frame_ms,0.2383,
frame_ms,0.2922,
frame_ms,0.2288,
frame_ms,0.229,
frame_ms,0.2345,
frame_ms,0.2588,
frame_ms,0.234,
frame_ms,0.2202,
frame_ms,0.233,
frame_ms,0.2427,
frame_ms,0.2443,
frame_ms,0.2172,
frame_ms,0.211,
frame_ms,0.2168,
frame_ms,0.2641,
frame_ms,0.2809,
frame_ms,0.2452,
frame_ms,0.2347,
frame_ms,0.2408,
frame_ms,0.2305,
frame_ms,0.2624,
tick_us,128,264
frame_ms,0.5493,
frame_ms,0.2557,
frame_ms,0.2882,
frame_ms,0.2923,
frame_ms,0.2519,
frame_ms,0.2386,
frame_ms,0.2336,
frame_ms,0.2344,
frame_ms,0.2297,
frame_ms,0.3066,
frame_ms,0.2628,
frame_ms,0.2256,
frame_ms,0.2283,
frame_ms,0.2678,
frame_ms,0.2211,
frame_ms,0.2121,
frame_ms,0.2412,
frame_ms,0.2286,
frame_ms,0.2572,
frame_ms,0.227,
frame_ms,0.2117,
frame_ms,0.2532,
frame_ms,0.2354,
frame_ms,0.2121,
frame_ms,0.2455,
frame_ms,0.2352,
frame_ms,0.2132,
tick_us,164.4,266
frame_ms,0.695,
frame_ms,0.3637,
frame_ms,0.3855,
frame_ms,0.3521,
frame_ms,0.5098,
frame_ms,0.4649,
frame_ms,0.3644,
frame_ms,0.3408,
frame_ms,0.3367,
frame_ms,0.3505,
frame_ms,0.4369,
frame_ms,0.3337,
frame_ms,0.3476,
frame_ms,0.4569,
frame_ms,0.3614,
frame_ms,0.3668,
frame_ms,0.3411,
frame_ms,0.3843,
tick_us,143.4,252
frame_ms,0.6213,
frame_ms,0.2951,
frame_ms,0.2539,
frame_ms,0.214,
frame_ms,0.256,
frame_ms,0.2195,
frame_ms,0.7017,
frame_ms,0.2999,
frame_ms,0.2616,
frame_ms,0.2185,
frame_ms,0.239,
frame_ms,0.2195,
frame_ms,0.2142,
frame_ms,0.2081,
frame_ms,0.2648,
frame_ms,0.2332,
frame_ms,0.2188,
frame_ms,0.243,
frame_ms,0.2323,
frame_ms,0.2206,
frame_ms,0.277,
frame_ms,0.2849,
frame_ms,0.5024,
tick_us,166,254
frame_ms,0.7266,
frame_ms,0.345,
frame_ms,0.3579,
frame_ms,0.3602,
frame_ms,0.3415,
frame_ms,0.3447,
frame_ms,0.7142,
frame_ms,0.3437,
frame_ms,0.2546,
frame_ms,0.2232,
frame_ms,0.3902,
frame_ms,0.2496,
frame_ms,0.2211,
frame_ms,0.2202,
frame_ms,0.2327,
frame_ms,0.2143,
frame_ms,0.2512,
frame_ms,0.2778,
frame_ms,0.2368,
frame_ms,0.2239,
frame_ms,0.2173,
frame_ms,0.2145,
frame_ms,0.2759,
tick_us,123.5,256
frame_ms,0.5329,
frame_ms,0.2468,
frame_ms,0.2342,
frame_ms,0.2254,
frame_ms,0.2209,
frame_ms,0.2112,
frame_ms,0.3124,
frame_ms,0.4082,
frame_ms,0.2399,
frame_ms,0.2189,
frame_ms,0.208,
frame_ms,0.2084,
frame_ms,0.266,
frame_ms,0.2308,
frame_ms,0.2172,
frame_ms,0.264,
frame_ms,0.245,
frame_ms,0.2213,
frame_ms,0.2119,
frame_ms,0.4958,
frame_ms,0.4089,
frame_ms,0.2752,
frame_ms,0.2221,
frame_ms,0.221,
frame_ms,0.2232,
tick_us,124.6,246
frame_ms,0.4912,
frame_ms,0.2405,
frame_ms,0.2238,
frame_ms,0.213,
frame_ms,0.2057,
frame_ms,0.2666,
frame_ms,0.2495,
frame_ms,0.7747,
frame_ms,0.394,
frame_ms,0.3837,
frame_ms,0.4036,
frame_ms,0.3922,
frame_ms,0.3486,
frame_ms,0.281,
frame_ms,0.228,
frame_ms,0.2178,
frame_ms,0.2198,
frame_ms,0.263,
frame_ms,0.2275,
frame_ms,0.258,
frame_ms,0.323,
frame_ms,0.251,
frame_ms,0.2298,
tick_us,125.9,250
frame_ms,0.5246,
frame_ms,0.2455,
frame_ms,0.2394,
frame_ms,0.2283,
frame_ms,0.237,
frame_ms,0.279,
frame_ms,0.2806,
frame_ms,0.2397,
frame_ms,0.228,
frame_ms,0.2169,
frame_ms,0.291,
frame_ms,0.9168,
frame_ms,0.252,
frame_ms,0.2198,
frame_ms,0.2161,
frame_ms,0.2124,
frame_ms,0.2079,
frame_ms,0.2843,
frame_ms,0.2754,
frame_ms,0.2302,
frame_ms,0.2397,
frame_ms,0.222,
frame_ms,0.2122,
frame_ms,0.2365,
frame_ms,0.2435,
tick_us,123.6,250
frame_ms,0.4921,
frame_ms,0.2314,
frame_ms,0.2069,
frame_ms,0.214,
frame_ms,0.2114,
frame_ms,0.2661,
frame_ms,0.342,
frame_ms,0.2157,
frame_ms,0.2109,
frame_ms,0.2064,
frame_ms,0.207,
frame_ms,0.2416,
frame_ms,0.227,
frame_ms,0.2113,
frame_ms,0.2181,
frame_ms,0.2068,
frame_ms,0.21,
frame_ms,0.273,
frame_ms,0.2382,
frame_ms,0.2155,
frame_ms,0.3143,
frame_ms,0.2392,
frame_ms,0.213,
frame_ms,0.2086,
frame_ms,0.2829,
frame_ms,0.2264,
frame_ms,0.2223,
frame_ms,0.2648,
tick_us,171.3,258
frame_ms,0.6114,
frame_ms,0.2738,
frame_ms,0.2452,
frame_ms,0.2262,
frame_ms,0.2483,
frame_ms,0.29,
frame_ms,0.2547,
frame_ms,0.2415,
frame_ms,0.2336,
frame_ms,0.2289,
frame_ms,0.2401,
frame_ms,0.2166,
frame_ms,0.2678,
frame_ms,0.2819,
frame_ms,0.2312,
frame_ms,0.2188,
frame_ms,0.2078,
frame_ms,0.2221,
frame_ms,0.2111,
frame_ms,0.2039,
frame_ms,0.2417,
frame_ms,0.225,
frame_ms,0.234,
frame_ms,0.2042,
frame_ms,0.2466,
frame_ms,0.2786,
frame_ms,0.2213,
frame_ms,0.2119,
tick_us,120.1,262
frame_ms,0.4736,
frame_ms,0.2309,
frame_ms,0.2155,
frame_ms,0.2117,
frame_ms,0.2169,
frame_ms,0.2085,
frame_ms,0.2459,
frame_ms,0.2256,
frame_ms,0.2098,
frame_ms,0.2134,
frame_ms,0.2135,
frame_ms,0.2514,
frame_ms,0.2618,
frame_ms,0.4824,
frame_ms,0.2707,
frame_ms,0.2382,
frame_ms,0.2301,
frame_ms,0.2576,
frame_ms,0.2102,
frame_ms,0.2062,
frame_ms,0.2622,
frame_ms,0.2769,
frame_ms,0.2279,
frame_ms,0.2076,
frame_ms,0.2034,
frame_ms,0.2529,
frame_ms,0.2288,
tick_us,119,256
frame_ms,0.7383,
frame_ms,0.3521,
frame_ms,0.2322,
frame_ms,0.2176,
frame_ms,0.2182,
frame_ms,0.2121,
frame_ms,0.2112,
frame_ms,0.2621,
frame_ms,0.2221,
frame_ms,0.215,
frame_ms,0.2468,
frame_ms,0.268,
frame_ms,0.2324,
frame_ms,0.217,
frame_ms,0.2132,
frame_ms,0.2305,
frame_ms,0.2546,
frame_ms,0.9019,
frame_ms,0.3673,
frame_ms,0.4032,
frame_ms,0.3964,
frame_ms,0.341,
tick_us,122.3,270
frame_ms,0.5915,
frame_ms,0.2499,
frame_ms,0.2187,
frame_ms,0.2219,
frame_ms,0.218,
frame_ms,0.2674,
frame_ms,0.2367,
frame_ms,0.2298,
frame_ms,0.2831,
frame_ms,0.2284,
frame_ms,0.2131,
frame_ms,0.2549,
frame_ms,0.2325,
frame_ms,0.215,
frame_ms,0.2432,
frame_ms,0.2141,
frame_ms,0.2149,
frame_ms,0.2287,
frame_ms,0.241,
frame_ms,0.2208,
frame_ms,0.2132,
frame_ms,0.208,
frame_ms,0.2761,
frame_ms,0.228,
frame_ms,0.3293,
frame_ms,0.2544,
frame_ms,0.23,
frame_ms,0.2133,
frame_ms,0.2103,
tick_us,122.2,272
frame_ms,0.5245,
frame_ms,0.246,
frame_ms,0.2216,
frame_ms,0.2191,
frame_ms,0.2102,
frame_ms,0.2084,
frame_ms,0.2499,
frame_ms,0.4071,
frame_ms,0.3767,
frame_ms,0.4425,
frame_ms,0.3693,
frame_ms,0.4427,
frame_ms,0.3099,
frame_ms,0.2505,
frame_ms,0.2168,
frame_ms,0.2168,
frame_ms,0.2091,
frame_ms,0.211,
frame_ms,0.2498,
frame_ms,0.2796,
frame_ms,0.2691,
frame_ms,0.2227,
frame_ms,0.2136,
frame_ms,0.2069,
tick_us,129.3,280
frame_ms,0.7156,
frame_ms,0.2677,
frame_ms,0.4262,
frame_ms,0.384,
frame_ms,0.3967,
frame_ms,0.4017,
frame_ms,0.3339,
frame_ms,0.3043,
frame_ms,0.2419,
frame_ms,0.2101,
frame_ms,0.2111,
frame_ms,0.212,
frame_ms,0.297,
frame_ms,0.2952,
frame_ms,0.2473,
frame_ms,0.2372,
frame_ms,0.2382,
frame_ms,0.2371,
frame_ms,0.2322,
frame_ms,0.3654,
frame_ms,0.5085,
frame_ms,0.3664,
tick_us,144.5,276
frame_ms,0.7212,
frame_ms,0.3215,
frame_ms,0.3896,
frame_ms,0.2825,
frame_ms,0.2667,
frame_ms,0.3446,
frame_ms,0.2374,
frame_ms,0.2263,
frame_ms,0.2184,
frame_ms,0.2237,
frame_ms,0.2577,
frame_ms,0.2419,
frame_ms,0.5282,
frame_ms,0.3036,
frame_ms,0.2485,
frame_ms,0.2115,
frame_ms,0.2177,
frame_ms,0.2171,
frame_ms,0.2445,
frame_ms,0.4811,
frame_ms,0.4601,
tick_us,169.4,274
frame_ms,0.6681,
frame_ms,0.3387,
frame_ms,0.3146,
frame_ms,0.2446,
frame_ms,0.2099,
frame_ms,0.2148,
frame_ms,0.2103,
frame_ms,0.2108,
frame_ms,0.2364,
frame_ms,0.2088,
frame_ms,0.2373,
frame_ms,0.2348,
frame_ms,0.735,
frame_ms,0.3392,
frame_ms,0.3784,
frame_ms,0.396,
frame_ms,0.3476,
frame_ms,0.3531,
frame_ms,0.3358,
frame_ms,0.3321,
frame_ms,0.3339,
frame_ms,0.3767,
tick_us,126.2,278
frame_ms,0.6122,
frame_ms,0.2776,
frame_ms,0.2496,
frame_ms,0.2395,
frame_ms,0.2435,
frame_ms,0.2867,
frame_ms,0.2571,
frame_ms,0.2269,
frame_ms,0.2219,
frame_ms,0.2246,
frame_ms,0.2585,
frame_ms,0.2264,
frame_ms,0.2109,
frame_ms,0.2311,
frame_ms,0.2414,
frame_ms,0.2492,
frame_ms,0.2189,
frame_ms,0.2333,
frame_ms,0.4652,
frame_ms,0.2802,
frame_ms,0.2477,
frame_ms,0.2184,
frame_ms,0.211,
frame_ms,0.2264,
frame_ms,0.233,
frame_ms,0.2187,
tick_us,124.1,276
frame_ms,0.4974,
frame_ms,0.2245,
frame_ms,0.2088,
frame_ms,0.2159,
frame_ms,0.2166,
frame_ms,0.3186,
frame_ms,0.2568,
frame_ms,0.7232,
frame_ms,0.4158,
frame_ms,0.452,
frame_ms,0.3448,
frame_ms,0.3322,
frame_ms,0.2794,
frame_ms,0.2397,
frame_ms,0.2128,
frame_ms,0.2135,
frame_ms,0.2124,
frame_ms,0.2482,
frame_ms,0.2988,
frame_ms,0.3326,
frame_ms,0.2491,
frame_ms,0.2431,
frame_ms,0.2436,
tick_us,122.4,274
frame_ms,0.5579,
frame_ms,0.282,
frame_ms,0.2739,
frame_ms,0.2612,
frame_ms,0.2147,
frame_ms,0.2154,
frame_ms,0.2158,
frame_ms,0.2108,
frame_ms,0.2565,
frame_ms,0.2298,
frame_ms,0.2511,
frame_ms,0.2786,
frame_ms,0.2625,
frame_ms,0.2354,
frame_ms,0.2255,
frame_ms,0.2148,
frame_ms,0.2323,
frame_ms,0.2801,
frame_ms,0.3043,
frame_ms,0.2168,
frame_ms,0.2268,
frame_ms,0.2176,
frame_ms,0.2058,
frame_ms,0.2059,
frame_ms,0.2671,
frame_ms,0.2231,
frame_ms,0.2074,
tick_us,127.6,276
frame_ms,0.7308,
frame_ms,0.4293,
frame_ms,0.3598,
frame_ms,0.3376,
frame_ms,0.3309,
frame_ms,0.3415,
frame_ms,0.3171,
frame_ms,0.2245,
frame_ms,0.2126,
frame_ms,0.2096,
frame_ms,0.2061,
frame_ms,0.2531,
frame_ms,0.2253,
frame_ms,0.2353,
frame_ms,0.2154,
frame_ms,0.2674,
frame_ms,0.2391,
frame_ms,0.2695,
frame_ms,0.2222,
frame_ms,0.2113,
frame_ms,0.2387,
frame_ms,0.2141,
frame_ms,0.2037,
frame_ms,0.2415,
frame_ms,0.2219,
frame_ms,0.2112,
tick_us,121.8,272
frame_ms,0.4918,
frame_ms,0.2239,
frame_ms,0.2041,
frame_ms,0.2097,
frame_ms,0.2195,
frame_ms,0.2937,
frame_ms,0.2621,
frame_ms,0.2409,
frame_ms,0.222,
frame_ms,0.2979,
frame_ms,0.3129,
frame_ms,0.2239,
frame_ms,0.222,
frame_ms,0.2046,
frame_ms,0.2057,
frame_ms,0.4113,
frame_ms,0.3651,
frame_ms,0.3374,
frame_ms,0.3348,
frame_ms,0.3832,
frame_ms,0.3643,
frame_ms,0.3724,
frame_ms,0.3381,
tick_us,152.7,274
frame_ms,0.73,
frame_ms,0.3366,
frame_ms,0.3375,
frame_ms,0.3339,
frame_ms,0.3306,
frame_ms,0.3955,
frame_ms,0.3057,
frame_ms,0.2317,
frame_ms,0.3002,
frame_ms,0.3593,
frame_ms,0.3109,
frame_ms,0.2306,
frame_ms,0.2337,
frame_ms,0.3089,
frame_ms,0.2254,
frame_ms,0.2223,
frame_ms,0.2184,
frame_ms,0.2258,
frame_ms,0.2319,
frame_ms,0.2142,
frame_ms,0.2743,
frame_ms,0.2726,
frame_ms,0.2312,
frame_ms,0.2137,
tick_us,127.9,272
frame_ms,0.513,
frame_ms,0.645,
frame_ms,0.2657,
frame_ms,0.2253,
frame_ms,0.215,
frame_ms,0.2593,
frame_ms,0.2203,
frame_ms,0.2203,
frame_ms,0.2202,
frame_ms,0.2786,
frame_ms,0.2591,
frame_ms,0.2281,
frame_ms,0.2122,
frame_ms,0.226,
frame_ms,0.2259,
frame_ms,0.3052,
frame_ms,0.2424,
frame_ms,0.2207,
frame_ms,0.6038,
frame_ms,0.3416,
frame_ms,0.3682,
frame_ms,0.336,
frame_ms,0.3326,
tick_us,120.4,276
frame_ms,0.5919,
frame_ms,0.2601,
frame_ms,0.2139,
frame_ms,0.2149,
frame_ms,0.2437,
frame_ms,0.2173,
frame_ms,0.5282,
frame_ms,0.2843,
frame_ms,0.255,
frame_ms,0.2236,
frame_ms,0.2302,
frame_ms,0.2266,
frame_ms,0.2205,
frame_ms,0.4716,
frame_ms,0.3238,
frame_ms,0.2474,
frame_ms,0.2109,
frame_ms,0.2197,
frame_ms,0.229,
frame_ms,0.2338,
frame_ms,0.2277,
frame_ms,0.2275,
frame_ms,0.2599,
frame_ms,0.3151,
frame_ms,0.2332,
tick_us,119.9,274
frame_ms,0.5016,
frame_ms,0.2398,
frame_ms,0.2163,
frame_ms,0.215,
frame_ms,0.2058,
frame_ms,0.2188,
frame_ms,0.2354,
frame_ms,0.2179,
frame_ms,0.2056,
frame_ms,0.2416,
frame_ms,0.2172,
frame_ms,0.2728,
frame_ms,0.2606,
frame_ms,0.525,
frame_ms,0.2508,
frame_ms,0.2208,
frame_ms,0.2057,
frame_ms,0.2112,
frame_ms,0.2077,
frame_ms,0.258,
frame_ms,0.2263,
frame_ms,0.211,
frame_ms,0.2343,
frame_ms,0.2107,
frame_ms,0.2034,
frame_ms,0.2474,
frame_ms,0.2245,
frame_ms,0.2078,
tick_us,134.1,284
frame_ms,0.5573,
frame_ms,0.2881,
frame_ms,0.3028,
frame_ms,0.2267,
frame_ms,0.2234,
frame_ms,0.2175,
frame_ms,0.2586,
frame_ms,0.2524,
frame_ms,0.2165,
frame_ms,0.2271,
frame_ms,0.2217,
frame_ms,0.2074,
frame_ms,0.2474,
frame_ms,0.2244,
frame_ms,0.213,
frame_ms,0.2422,
frame_ms,0.2698,
frame_ms,0.2524,
frame_ms,0.655,
frame_ms,0.4715,
frame_ms,0.4115,
frame_ms,0.3982,
frame_ms,0.3506,
tick_us,118.9,284
frame_ms,0.5921,
frame_ms,0.2515,
frame_ms,0.2201,
frame_ms,0.2139,
frame_ms,0.2187,
frame_ms,0.2122,
frame_ms,0.275,
frame_ms,0.2607,
frame_ms,0.5091,
frame_ms,0.3779,
frame_ms,0.362,
frame_ms,0.3334,
frame_ms,0.3362,
frame_ms,0.2469,
frame_ms,0.2119,
frame_ms,0.2193,
frame_ms,0.2096,
frame_ms,0.2061,
frame_ms,0.249,
frame_ms,0.2591,
frame_ms,0.2794,
frame_ms,0.6797,
frame_ms,0.3994,
tick_us,215.3,270
frame_ms,0.777,
frame_ms,0.3338,
frame_ms,0.3441,
frame_ms,0.3355,
frame_ms,0.3307,
frame_ms,0.3328,
frame_ms,0.4062,
frame_ms,0.2802,
frame_ms,0.2372,
frame_ms,0.2296,
frame_ms,0.2351,
frame_ms,0.2234,
frame_ms,0.278,
frame_ms,0.2367,
frame_ms,0.2229,
frame_ms,0.2177,
frame_ms,0.2633,
frame_ms,0.2736,
frame_ms,0.2373,
frame_ms,0.224,
frame_ms,0.2161,
frame_ms,0.2116,
frame_ms,0.256,
frame_ms,0.2477,
tick_us,126.9,274
frame_ms,0.5674,
frame_ms,0.293,
frame_ms,0.2603,
frame_ms,0.2404,
frame_ms,0.2345,
frame_ms,0.2486,
frame_ms,0.2136,
frame_ms,0.2291,
frame_ms,0.2157,
frame_ms,0.2765,
frame_ms,0.2298,
frame_ms,0.2099,
frame_ms,0.2477,
frame_ms,0.2607,
frame_ms,0.2154,
frame_ms,0.2561,
frame_ms,0.2243,
frame_ms,0.2551,
frame_ms,0.3347,
frame_ms,0.2721,
frame_ms,0.2307,
frame_ms,0.2166,
frame_ms,0.2156,
frame_ms,0.2397,
frame_ms,0.2143,
frame_ms,0.2061,
frame_ms,0.2456,
tick_us,120.3,260
frame_ms,0.5064,
frame_ms,0.2406,
frame_ms,0.2196,
frame_ms,0.2164,
frame_ms,0.2095,
frame_ms,0.2246,
frame_ms,0.3723,
frame_ms,0.338,
frame_ms,0.2665,
frame_ms,0.2463,
frame_ms,0.2698,
frame_ms,0.2367,
frame_ms,0.2461,
frame_ms,0.2715,
frame_ms,0.2265,
frame_ms,0.2139,
frame_ms,0.2076,
frame_ms,0.2163,
frame_ms,0.2447,
frame_ms,0.2265,
frame_ms,0.2084,
frame_ms,0.2774,
frame_ms,0.2789,
frame_ms,0.2595,
frame_ms,0.2383,
frame_ms,0.2231,
frame_ms,0.2205,
tick_us,126,260
frame_ms,0.5704,
frame_ms,0.267,
frame_ms,0.2231,
frame_ms,0.2225,
frame_ms,0.2135,
frame_ms,0.2116,
frame_ms,0.2715,
frame_ms,0.25,
frame_ms,0.2284,
frame_ms,0.2308,
frame_ms,0.2998,
frame_ms,0.2873,
frame_ms,0.2648,
frame_ms,0.2808,
frame_ms,0.43,
frame_ms,0.3881,
frame_ms,0.3444,
frame_ms,0.3403,
frame_ms,0.3313,
frame_ms,0.2626,
frame_ms,0.219,
frame_ms,0.2489,
frame_ms,0.2129,
frame_ms,0.2081,
frame_ms,0.28,
tick_us,123,254
frame_ms,0.5474,
frame_ms,0.3768,
frame_ms,0.3729,
frame_ms,0.3701,
frame_ms,0.4014,
frame_ms,0.3375,
frame_ms,0.3485,
frame_ms,0.337,
frame_ms,0.3366,
frame_ms,0.3299,
frame_ms,0.3725,
frame_ms,0.3506,
frame_ms,0.2825,
frame_ms,0.2486,
frame_ms,0.2217,
frame_ms,0.2239,
frame_ms,0.218,
frame_ms,0.2104,
frame_ms,0.2574,
frame_ms,0.2283,
frame_ms,0.2169,
frame_ms,0.2257,
tick_us,123.2,250
frame_ms,0.5481,
frame_ms,0.2675,
frame_ms,0.242,
frame_ms,0.2255,
frame_ms,0.2434,
frame_ms,0.2319,
frame_ms,0.2388,
frame_ms,0.2309,
frame_ms,0.5484,
frame_ms,0.3781,
frame_ms,0.3833,
frame_ms,0.3373,
frame_ms,0.3508,
frame_ms,0.3348,
frame_ms,0.3348,
frame_ms,0.3307,
frame_ms,0.3289,
frame_ms,0.3812,
frame_ms,0.3712,
frame_ms,0.3847,
frame_ms,0.3448,
tick_us,221.8,246
frame_ms,0.7609,
frame_ms,0.3447,
frame_ms,0.3008,
frame_ms,0.2442,
frame_ms,0.2135,
frame_ms,0.2199,
frame_ms,0.2114,
frame_ms,0.2123,
frame_ms,0.3245,
frame_ms,0.3152,
frame_ms,0.2584,
frame_ms,0.2889,
frame_ms,0.2455,
frame_ms,0.2453,
frame_ms,0.2452,
frame_ms,0.3069,
frame_ms,0.3694,
frame_ms,0.2162,
frame_ms,0.2177,
frame_ms,0.212,
frame_ms,0.2097,
frame_ms,0.2594,
frame_ms,0.229,
frame_ms,0.2077,
frame_ms,0.2298,
tick_us,125.9,238
frame_ms,0.5291,
frame_ms,0.5437,
frame_ms,0.3407,
frame_ms,0.3934,
frame_ms,0.4037,
frame_ms,0.3346,
frame_ms,0.2858,
frame_ms,0.2374,
frame_ms,0.2254,
frame_ms,0.2184,
frame_ms,0.2179,
frame_ms,0.2145,
frame_ms,0.3153,
frame_ms,0.2915,
frame_ms,0.2441,
frame_ms,0.5417,
frame_ms,0.3727,
frame_ms,0.3398,
frame_ms,0.3644,
frame_ms,0.3517,
tick_us,139,236
frame_ms,0.6227,
frame_ms,0.3208,
frame_ms,0.3319,
frame_ms,0.4043,
frame_ms,0.2872,
frame_ms,0.2475,
frame_ms,0.2358,
frame_ms,0.2239,
frame_ms,0.2208,
frame_ms,0.243,
frame_ms,0.2421,
frame_ms,0.245,
frame_ms,0.2604,
frame_ms,0.2313,
frame_ms,0.2148,
frame_ms,0.2112,
frame_ms,0.2426,
frame_ms,0.2297,
frame_ms,0.2197,
frame_ms,0.2137,
frame_ms,0.2474,
frame_ms,0.2847,
frame_ms,0.2961,
frame_ms,0.3606,
frame_ms,0.3611,
tick_us,122,238
frame_ms,0.5544,
frame_ms,0.2669,
frame_ms,0.2264,
frame_ms,0.2234,
frame_ms,0.2232,
frame_ms,0.2127,
frame_ms,0.2929,
frame_ms,0.2129,
frame_ms,0.2068,
frame_ms,0.2399,
frame_ms,0.2283,
frame_ms,0.291,
frame_ms,0.2701,
frame_ms,0.2496,
frame_ms,0.2405,
frame_ms,0.2356,
frame_ms,0.2314,
frame_ms,0.2274,
frame_ms,0.2766,
frame_ms,0.4205,
frame_ms,0.2143,
frame_ms,0.2139,
frame_ms,0.2101,
frame_ms,0.2061,
frame_ms,0.2402,
frame_ms,0.2262,
frame_ms,0.2103,
frame_ms,0.2704,
tick_us,115.2,234
frame_ms,0.5007,
frame_ms,0.246,
frame_ms,0.497,
frame_ms,0.4913,
frame_ms,0.4271,
frame_ms,0.3623,
frame_ms,0.3422,
frame_ms,0.3442,
frame_ms,0.2531,
frame_ms,0.2213,
frame_ms,0.2452,
frame_ms,0.2265,
frame_ms,0.2341,
frame_ms,0.222,
frame_ms,0.2801,
frame_ms,0.2783,
frame_ms,0.2496,
frame_ms,0.2316,
frame_ms,0.2292,
frame_ms,0.2257,
frame_ms,0.2512,
frame_ms,0.4759,
tick_us,149.5,244
frame_ms,0.6597,
frame_ms,0.3411,
frame_ms,0.3397,
frame_ms,0.3956,
frame_ms,0.2539,
frame_ms,0.2247,
frame_ms,0.3999,
frame_ms,0.3504,
frame_ms,0.3775,
frame_ms,0.4124,
frame_ms,0.3331,
frame_ms,0.296,
frame_ms,0.2334,
frame_ms,0.2182,
frame_ms,0.2228,
frame_ms,0.2104,
frame_ms,0.2199,
frame_ms,0.273,
frame_ms,0.2698,
frame_ms,0.2432,
frame_ms,0.2205,
frame_ms,0.2145,
frame_ms,0.273,
tick_us,124.8,244
frame_ms,0.5745,
frame_ms,0.2488,
frame_ms,0.2264,
frame_ms,0.2178,
frame_ms,0.2103,
frame_ms,0.2106,
frame_ms,0.267,
frame_ms,0.229,
frame_ms,0.3174,
frame_ms,0.2968,
frame_ms,0.2528,
frame_ms,0.2392,
frame_ms,0.2352,
frame_ms,0.2287,
frame_ms,0.2248,
frame_ms,0.2695,
frame_ms,0.2729,
frame_ms,0.2321,
frame_ms,0.2213,
frame_ms,0.2292,
frame_ms,0.2491,
frame_ms,0.2321,
frame_ms,0.209,
frame_ms,0.2274,
frame_ms,0.2112,
frame_ms,0.2743,
frame_ms,0.2286,
tick_us,125.5,238
frame_ms,0.5735,
frame_ms,0.2849,
frame_ms,0.2333,
frame_ms,0.215,
frame_ms,0.2207,
frame_ms,0.2131,
frame_ms,0.2441,
frame_ms,0.2277,
frame_ms,0.2139,
frame_ms,0.2165,
frame_ms,0.2262,
frame_ms,0.3191,
frame_ms,0.4009,
frame_ms,0.3397,
frame_ms,0.3363,
frame_ms,0.3588,
frame_ms,0.271,
frame_ms,0.2325,
frame_ms,0.2233,
frame_ms,0.2159,
frame_ms,0.2096,
frame_ms,0.2747,
frame_ms,0.2371,
frame_ms,0.2167,
frame_ms,0.2362,
frame_ms,0.215,
frame_ms,0.2041,
tick_us,126.3,246
frame_ms,0.5317,
frame_ms,0.2456,
frame_ms,0.2079,
frame_ms,0.2123,
frame_ms,0.3603,
frame_ms,0.3927,
frame_ms,0.3689,
frame_ms,0.3375,
frame_ms,0.4077,
frame_ms,0.3184,
frame_ms,0.4364,
frame_ms,0.2796,
frame_ms,0.237,
frame_ms,0.2165,
frame_ms,0.2203,
frame_ms,0.2134,
frame_ms,0.2301,
frame_ms,0.2139,
frame_ms,0.2935,
frame_ms,0.272,
frame_ms,0.2205,
frame_ms,0.2378,
frame_ms,0.2147,
frame_ms,0.2212,
tick_us,124.4,248
frame_ms,0.5232,
frame_ms,0.2859,
frame_ms,0.2331,
frame_ms,0.2089,
frame_ms,0.2072,
frame_ms,0.2065,
frame_ms,0.2622,
frame_ms,0.2279,
frame_ms,0.2123,
frame_ms,0.2259,
frame_ms,0.2568,
frame_ms,0.2181,
frame_ms,0.2196,
frame_ms,0.208,
frame_ms,0.2594,
frame_ms,0.2284,
frame_ms,0.2074,
frame_ms,0.2651,
frame_ms,0.2223,
frame_ms,0.2376,
frame_ms,0.2341,
frame_ms,0.2104,
frame_ms,0.1996,
frame_ms,0.2406,
frame_ms,0.2143,
frame_ms,0.2067,
frame_ms,0.2297,
frame_ms,0.3181,
tick_us,148.6,254
frame_ms,0.7539,
frame_ms,0.2754,
frame_ms,0.2398,
frame_ms,0.2275,
frame_ms,0.221,
frame_ms,0.2111,
frame_ms,0.2528,
frame_ms,0.2597,
frame_ms,0.229,
frame_ms,0.2182,
frame_ms,0.2092,
frame_ms,0.2225,
frame_ms,0.2187,
frame_ms,0.2174,
frame_ms,0.2485,
frame_ms,0.2253,
frame_ms,0.222,
frame_ms,0.2125,
frame_ms,0.776,
frame_ms,0.288,
frame_ms,0.2446,
frame_ms,0.2294,
frame_ms,0.2195,
frame_ms,0.2165,
frame_ms,0.2503,
frame_ms,0.2501,
tick_us,123.7,266
frame_ms,0.532,
frame_ms,0.2333,
frame_ms,0.211,
frame_ms,0.2163,
frame_ms,0.2878,
frame_ms,0.2956,
frame_ms,0.2738,
frame_ms,0.5654,
frame_ms,0.3885,
frame_ms,0.3486,
frame_ms,0.3367,
frame_ms,0.3497,
frame_ms,0.3372,
frame_ms,0.3337,
frame_ms,0.3375,
frame_ms,0.3329,
frame_ms,0.5585,
frame_ms,0.2759,
frame_ms,0.2497,
frame_ms,0.2428,
frame_ms,0.2519,
tick_us,145.3,268
frame_ms,0.6041,
frame_ms,0.3199,
frame_ms,0.2397,
frame_ms,0.2118,
frame_ms,0.2175,
frame_ms,0.2207,
frame_ms,0.2466,
frame_ms,0.2203,
frame_ms,0.2536,
frame_ms,0.2627,
frame_ms,0.3006,
frame_ms,0.2696,
frame_ms,0.2557,
frame_ms,0.2537,
frame_ms,0.2479,
frame_ms,0.2476,
frame_ms,0.2883,
frame_ms,0.2432,
frame_ms,0.2183,
frame_ms,0.2092,
frame_ms,0.213,
frame_ms,0.2581,
frame_ms,0.23,
frame_ms,0.2072,
frame_ms,0.2543,
frame_ms,0.2809,
tick_us,123,272
frame_ms,0.6097,
frame_ms,0.2829,
frame_ms,0.2578,
frame_ms,0.2339,
frame_ms,0.2298,
frame_ms,0.2267,
frame_ms,0.2679,
frame_ms,0.2208,
frame_ms,0.217,
frame_ms,0.2356,
frame_ms,0.2305,
frame_ms,0.2644,
frame_ms,0.239,
frame_ms,0.2178,
frame_ms,0.2365,
frame_ms,0.221,
frame_ms,0.223,
frame_ms,0.2551,
frame_ms,0.2271,
frame_ms,0.2518,
frame_ms,0.2221,
frame_ms,0.2528,
frame_ms,0.2298,
frame_ms,0.2697,
frame_ms,0.221,
frame_ms,0.2058,
frame_ms,0.2593,
frame_ms,0.2822,
tick_us,122.2,272
frame_ms,0.509,
frame_ms,0.2515,
frame_ms,0.2148,
frame_ms,0.2157,
frame_ms,0.276,
frame_ms,0.3244,
frame_ms,0.2515,
frame_ms,0.238,
frame_ms,0.2355,
frame_ms,0.2412,
frame_ms,0.2646,
frame_ms,0.3962,
frame_ms,0.324,
frame_ms,0.2112,
frame_ms,0.2288,
frame_ms,0.2145,
frame_ms,0.2038,
frame_ms,0.247,
frame_ms,0.2231,
frame_ms,0.2078,
frame_ms,0.2264,
frame_ms,0.2868,
frame_ms,0.2683,
frame_ms,0.2485,
frame_ms,0.2439,
frame_ms,0.235,
tick_us,126.6,284
frame_ms,0.5599,
frame_ms,0.2732,
frame_ms,0.2272,
frame_ms,0.2102,
frame_ms,0.2061,
frame_ms,0.2055,
frame_ms,0.3954,
frame_ms,0.2503,
frame_ms,0.2216,
frame_ms,0.2154,
frame_ms,0.2831,
frame_ms,0.2831,
frame_ms,0.2541,
frame_ms,0.2428,
frame_ms,0.2389,
frame_ms,0.2406,
frame_ms,0.2499,
frame_ms,0.3075,
frame_ms,0.2554,
frame_ms,0.2119,
frame_ms,0.2061,
frame_ms,0.2491,
frame_ms,0.2248,
frame_ms,0.209,
frame_ms,0.2476,
frame_ms,0.2205,
frame_ms,0.2063,
frame_ms,0.234,
tick_us,118,280
frame_ms,0.5146,
frame_ms,0.2524,
frame_ms,0.2297,
frame_ms,0.2464,
frame_ms,0.2132,
frame_ms,0.2603,
frame_ms,0.2158,
frame_ms,0.2082,
frame_ms,0.223,
frame_ms,0.2131,
frame_ms,0.2051,
frame_ms,0.2555,
frame_ms,0.2261,
frame_ms,0.2101,
frame_ms,0.2496,
frame_ms,0.2215,
frame_ms,0.2639,
frame_ms,0.3114,
frame_ms,0.2513,
frame_ms,0.2433,
frame_ms,0.2449,
frame_ms,0.2314,
frame_ms,0.2665,
frame_ms,0.294,
frame_ms,0.3611,
frame_ms,0.2241,
frame_ms,0.2226,
tick_us,124.1,284
frame_ms,0.4972,
frame_ms,0.2322,
frame_ms,0.2254,
frame_ms,0.2205,
frame_ms,0.2148,
frame_ms,0.2622,
frame_ms,0.2565,
frame_ms,0.5313,
frame_ms,0.443,
frame_ms,0.39,
frame_ms,0.4136,
frame_ms,0.2356,
frame_ms,0.2219,
frame_ms,0.2203,
frame_ms,0.2137,
frame_ms,0.2072,
frame_ms,0.2444,
frame_ms,0.2306,
frame_ms,0.2175,
frame_ms,0.2308,
frame_ms,0.227,
frame_ms,0.229,
frame_ms,0.2236,
frame_ms,0.218,
frame_ms,0.2785,
tick_us,125.6,302
frame_ms,0.5491,
frame_ms,0.2564,
frame_ms,0.22,
frame_ms,0.2225,
frame_ms,0.2177,
frame_ms,0.216,
frame_ms,0.2386,
frame_ms,0.2217,
frame_ms,0.2126,
frame_ms,0.2343,
frame_ms,0.2159,
frame_ms,0.2189,
frame_ms,0.2419,
frame_ms,0.2453,
frame_ms,0.537,
frame_ms,0.2413,
frame_ms,0.2197,
frame_ms,0.2198,
frame_ms,0.2078,
frame_ms,0.2244,
frame_ms,0.2343,
frame_ms,0.2226,
frame_ms,0.2159,
frame_ms,0.2294,
frame_ms,0.2434,
frame_ms,0.2314,
frame_ms,0.219,
frame_ms,0.2106,
tick_us,126.2,292
frame_ms,0.5619,
frame_ms,0.6013,
frame_ms,0.3931,
frame_ms,0.399,
frame_ms,0.3972,
frame_ms,0.3347,
frame_ms,0.281,
frame_ms,0.2366,
frame_ms,0.2117,
frame_ms,0.2159,
frame_ms,0.224,
frame_ms,0.2196,
frame_ms,0.2359,
frame_ms,0.2837,
frame_ms,0.2401,
frame_ms,0.2862,
frame_ms,0.5078,
frame_ms,0.2812,
frame_ms,0.2142,
frame_ms,0.2279,
frame_ms,0.208,
frame_ms,0.2071,
frame_ms,0.2317,
tick_us,123.6,290
frame_ms,0.5061,
frame_ms,0.2403,
frame_ms,0.21,
frame_ms,0.2108,
frame_ms,0.2108,
frame_ms,0.2123,
frame_ms,0.429,
frame_ms,0.3443,
frame_ms,0.2416,
frame_ms,0.2347,
frame_ms,0.2448,
frame_ms,0.2255,
frame_ms,0.218,
frame_ms,0.2267,
frame_ms,0.2212,
frame_ms,0.2428,
frame_ms,0.2534,
frame_ms,0.2192,
frame_ms,0.2124,
frame_ms,0.2291,
frame_ms,0.2353,
frame_ms,0.2165,
frame_ms,0.2158,
frame_ms,0.6178,
frame_ms,0.3582,
tick_us,182.2,292
frame_ms,0.6847,
frame_ms,0.3765,
frame_ms,0.3373,
frame_ms,0.2477,
frame_ms,0.2133,
frame_ms,0.2187,
frame_ms,0.2111,
frame_ms,0.209,
frame_ms,0.2477,
frame_ms,0.2781,
frame_ms,0.2277,
frame_ms,0.2185,
frame_ms,0.4937,
frame_ms,0.3557,
frame_ms,0.3382,
frame_ms,0.3673,
frame_ms,0.3366,
frame_ms,0.2465,
frame_ms,0.2114,
frame_ms,0.2156,
frame_ms,0.2144,
frame_ms,0.2128,
frame_ms,0.2362,
frame_ms,0.2495,
frame_ms,0.2355,
tick_us,130.7,300
frame_ms,0.5392,
frame_ms,0.287,
frame_ms,0.2412,
frame_ms,0.3772,
frame_ms,0.2919,
frame_ms,0.2563,
frame_ms,0.2443,
frame_ms,0.24,
frame_ms,0.242,
frame_ms,0.2376,
frame_ms,0.2919,
frame_ms,0.2477,
frame_ms,0.2241,
frame_ms,0.2178,
frame_ms,0.2689,
frame_ms,0.3047,
frame_ms,0.2631,
frame_ms,0.2549,
frame_ms,0.2465,
frame_ms,0.2322,
frame_ms,0.3055,
frame_ms,0.2491,
frame_ms,0.2629,
frame_ms,0.254,
frame_ms,0.2126,
tick_us,129.1,292
frame_ms,0.5271,
frame_ms,0.273,
frame_ms,0.2253,
frame_ms,0.2134,
frame_ms,0.2143,
frame_ms,0.3046,
frame_ms,0.4527,
frame_ms,0.5069,
frame_ms,0.3205,
frame_ms,0.3629,
frame_ms,0.3335,
frame_ms,0.3125,
frame_ms,0.3186,
frame_ms,0.3427,
frame_ms,0.3349,
frame_ms,0.3305,
frame_ms,0.3839,
frame_ms,0.3619,
frame_ms,0.382,
frame_ms,0.3585,
tick_us,126.6,290
frame_ms,0.7643,
frame_ms,0.3593,
frame_ms,0.3519,
frame_ms,0.3489,
frame_ms,0.4259,
frame_ms,0.3296,
frame_ms,0.4178,
frame_ms,0.3276,
frame_ms,0.2556,
frame_ms,0.2624,
frame_ms,0.2176,
frame_ms,0.2285,
frame_ms,0.2154,
frame_ms,0.2159,
frame_ms,0.2718,
frame_ms,0.2756,
frame_ms,0.2346,
frame_ms,0.2279,
frame_ms,0.2278,
frame_ms,0.222,
frame_ms,0.2191,
frame_ms,0.2597,
frame_ms,0.2353,
frame_ms,0.2227,
tick_us,132.9,300
frame_ms,0.5638,
frame_ms,0.2881,
frame_ms,0.2317,
frame_ms,0.2277,
frame_ms,0.239,
frame_ms,0.2112,
frame_ms,0.2145,
frame_ms,0.2665,
frame_ms,0.274,
frame_ms,0.2338,
frame_ms,0.2265,
frame_ms,0.2141,
frame_ms,0.2093,
frame_ms,0.2411,
frame_ms,0.2292,
frame_ms,0.2085,
frame_ms,0.247,
frame_ms,0.236,
frame_ms,0.2173,
frame_ms,0.2823,
frame_ms,0.2169,
frame_ms,0.2057,
frame_ms,0.2054,
frame_ms,0.2454,
frame_ms,0.2229,
frame_ms,0.2121,
frame_ms,0.247,
frame_ms,0.2242,
tick_us,124.5,300
frame_ms,0.4879,
frame_ms,0.2338,
frame_ms,0.2051,
frame_ms,0.2127,
frame_ms,0.2065,
frame_ms,0.3671,
frame_ms,0.3638,
frame_ms,0.3696,
frame_ms,0.3631,
frame_ms,0.3851,
frame_ms,0.7074,
frame_ms,0.3462,
frame_ms,0.2375,
frame_ms,0.2181,
frame_ms,0.2218,
frame_ms,0.2168,
frame_ms,0.2245,
frame_ms,0.2443,
frame_ms,0.2558,
frame_ms,0.2435,
frame_ms,0.2289,
frame_ms,0.2689,
frame_ms,0.2198,
frame_ms,0.2175,
tick_us,126.8,298
frame_ms,0.5377,
frame_ms,0.2499,
frame_ms,0.2124,
frame_ms,0.2161,
frame_ms,0.2099,
frame_ms,0.2103,
frame_ms,0.2445,
frame_ms,0.232,
frame_ms,0.2115,
frame_ms,0.2459,
frame_ms,0.3367,
frame_ms,0.2254,
frame_ms,0.4529,
frame_ms,0.2968,
frame_ms,0.2452,
frame_ms,0.2202,
frame_ms,0.2423,
frame_ms,0.2191,
frame_ms,0.2134,
frame_ms,0.2461,
frame_ms,0.2575,
frame_ms,0.2182,
frame_ms,0.2149,
frame_ms,0.225,
frame_ms,0.215,
frame_ms,0.2074,
frame_ms,0.2251,
tick_us,157.3,292
frame_ms,0.6898,
frame_ms,0.4934,
frame_ms,0.3335,
frame_ms,0.3885,
frame_ms,0.3498,
frame_ms,0.3376,
frame_ms,0.3354,
frame_ms,0.3902,
frame_ms,0.3573,
frame_ms,0.3447,
frame_ms,0.3691,
frame_ms,0.2824,
frame_ms,0.251,
frame_ms,0.474,
frame_ms,0.3219,
frame_ms,0.2956,
frame_ms,0.2296,
frame_ms,0.2255,
frame_ms,0.2137,
frame_ms,0.2284,
tick_us,125.7,286
frame_ms,0.535,
frame_ms,0.2433,
frame_ms,0.2158,
frame_ms,0.2138,
frame_ms,0.211,
frame_ms,0.2122,
frame_ms,0.2827,
frame_ms,0.8061,
frame_ms,0.2727,
frame_ms,0.2434,
frame_ms,0.2168,
frame_ms,0.2281,
frame_ms,0.2162,
frame_ms,0.2143,
frame_ms,0.2697,
frame_ms,0.2209,
frame_ms,0.2134,
frame_ms,0.234,
frame_ms,0.2119,
frame_ms,0.26,
frame_ms,0.2914,
frame_ms,0.3273,
frame_ms,0.2768,
frame_ms,0.249,
frame_ms,0.2473,
frame_ms,0.2495,
tick_us,179.2,282
frame_ms,0.5986,
frame_ms,0.3199,
frame_ms,0.2382,
frame_ms,0.2073,
frame_ms,0.2126,
frame_ms,0.2072,
frame_ms,0.2486,
frame_ms,0.2283,
frame_ms,0.2107,
frame_ms,0.2197,
frame_ms,0.2497,
frame_ms,1.028,
frame_ms,0.3433,
frame_ms,0.3821,
frame_ms,0.3984,
frame_ms,0.3397,
frame_ms,0.3001,
frame_ms,0.2388,
frame_ms,0.2147,
frame_ms,0.2091,
frame_ms,0.2081,
frame_ms,0.3161,
tick_us,126.1,282
frame_ms,0.5755,
frame_ms,0.2749,
frame_ms,0.2415,
frame_ms,0.2323,
frame_ms,0.2351,
frame_ms,0.3159,
frame_ms,0.4519,
frame_ms,0.2702,
frame_ms,0.2257,
frame_ms,0.2245,
frame_ms,0.2134,
frame_ms,0.2244,
frame_ms,0.233,
frame_ms,0.2223,
frame_ms,0.2886,
frame_ms,0.2846,
frame_ms,0.2312,
frame_ms,0.2284,
frame_ms,0.2453,
frame_ms,0.3241,
frame_ms,0.2181,
frame_ms,0.209,
frame_ms,0.231,
frame_ms,0.2077,
frame_ms,0.2028,
frame_ms,0.2392,
tick_us,122.8,284
frame_ms,0.5049,
frame_ms,0.2356,
frame_ms,0.2074,
frame_ms,0.214,
frame_ms,0.2102,
frame_ms,0.302,
frame_ms,0.272,
frame_ms,0.251,
frame_ms,0.2401,
frame_ms,0.2341,
frame_ms,0.2274,
frame_ms,0.2267,
frame_ms,0.3211,
frame_ms,0.3467,
frame_ms,0.2136,
frame_ms,0.2127,
frame_ms,0.2133,
frame_ms,0.2121,
frame_ms,0.2571,
frame_ms,0.2349,
frame_ms,0.2087,
frame_ms,0.2312,
frame_ms,0.2257,
frame_ms,0.2157,
frame_ms,0.2417,
frame_ms,0.2301,
frame_ms,0.2517,
frame_ms,0.2125,
tick_us,127.1,276
frame_ms,0.5023,
frame_ms,0.2293,
frame_ms,0.2084,
frame_ms,0.2192,
frame_ms,0.2077,
frame_ms,0.2052,
frame_ms,0.3417,
frame_ms,0.2672,
frame_ms,0.2278,
frame_ms,0.2144,
frame_ms,0.2038,
frame_ms,0.2118,
frame_ms,0.3606,
frame_ms,0.5917,
frame_ms,0.273,
frame_ms,0.2314,
frame_ms,0.2314,
frame_ms,0.2457,
frame_ms,0.2291,
frame_ms,0.2173,
frame_ms,0.2662,
frame_ms,0.2619,
frame_ms,0.225,
frame_ms,0.2163,
frame_ms,0.2116,
frame_ms,0.2565,
tick_us,124.3,272
frame_ms,0.5531,
frame_ms,0.2696,
frame_ms,0.2377,
frame_ms,0.2505,
frame_ms,0.221,
frame_ms,0.2095,
frame_ms,0.223,
frame_ms,0.2983,
frame_ms,0.2348,
frame_ms,0.2194,
frame_ms,0.2637,
frame_ms,0.257,
frame_ms,0.227,
frame_ms,0.2107,
frame_ms,0.2422,
frame_ms,0.2235,
frame_ms,0.2276,
frame_ms,0.2396,
frame_ms,0.3009,
frame_ms,0.2714,
frame_ms,0.2277,
frame_ms,0.2183,
frame_ms,0.2135,
frame_ms,0.2153,
frame_ms,0.2374,
frame_ms,0.223,
frame_ms,0.2241,
frame_ms,0.2385,
tick_us,122.5,276
frame_ms,0.5059,
frame_ms,0.2365,
frame_ms,0.2095,
frame_ms,0.2105,
frame_ms,0.2116,
frame_ms,0.2144,
frame_ms,0.2611,
frame_ms,0.2936,
frame_ms,0.3855,
frame_ms,0.2842,
frame_ms,0.3801,
frame_ms,0.3863,
frame_ms,0.3453,
frame_ms,0.3406,
frame_ms,0.3521,
frame_ms,0.3501,
frame_ms,0.3402,
frame_ms,0.381,
frame_ms,0.3441,
frame_ms,0.3712,
frame_ms,0.3546,
tick_us,295,278
frame_ms,0.8589,
frame_ms,0.3278,
frame_ms,0.3333,
frame_ms,0.3282,
frame_ms,0.3436,
frame_ms,0.272,
frame_ms,0.2241,
frame_ms,0.2161,
frame_ms,0.2404,
frame_ms,0.2181,
frame_ms,0.2231,
frame_ms,0.2897,
frame_ms,0.2344,
frame_ms,0.2166,
frame_ms,0.2094,
frame_ms,0.2707,
frame_ms,0.2269,
frame_ms,0.2145,
frame_ms,0.2302,
frame_ms,0.2477,
frame_ms,0.2222,
frame_ms,0.2066,
frame_ms,0.2247,
frame_ms,0.2147,
frame_ms,0.2049,
frame_ms,0.2512,
frame_ms,0.2471,
tick_us,120.6,282
frame_ms,0.5148,
frame_ms,0.2516,
frame_ms,0.2177,
frame_ms,0.2136,
frame_ms,0.2117,
frame_ms,0.2258,
frame_ms,0.2721,
frame_ms,0.2094,
frame_ms,0.2232,
frame_ms,0.239,
frame_ms,0.2687,
frame_ms,0.2648,
frame_ms,0.2351,
frame_ms,0.2248,
frame_ms,0.219,
frame_ms,0.215,
frame_ms,0.289,
frame_ms,0.521,
frame_ms,0.455,
frame_ms,0.3484,
frame_ms,0.3873,
frame_ms,0.3463,
frame_ms,0.3471,
tick_us,139.2,284
frame_ms,0.6219,
frame_ms,0.3198,
frame_ms,0.3324,
frame_ms,0.3776,
frame_ms,0.2637,
frame_ms,0.2285,
frame_ms,0.2314,
frame_ms,0.2213,
frame_ms,0.2336,
frame_ms,0.2497,
frame_ms,0.2902,
frame_ms,0.2409,
frame_ms,0.2254,
frame_ms,0.2118,
frame_ms,0.2077,
frame_ms,0.2444,
frame_ms,0.2568,
frame_ms,0.2172,
frame_ms,0.2117,
frame_ms,0.2038,
frame_ms,0.252,
frame_ms,0.2849,
frame_ms,0.2775,
frame_ms,0.355,
frame_ms,0.2993,
frame_ms,0.2584,
tick_us,145.5,286
frame_ms,0.6502,
frame_ms,0.3346,
frame_ms,0.3379,
frame_ms,0.3355,
frame_ms,0.3029,
frame_ms,0.2415,
frame_ms,0.2067,
frame_ms,0.213,
frame_ms,0.2423,
frame_ms,0.236,
frame_ms,0.672,
frame_ms,0.3461,
frame_ms,0.4207,
frame_ms,0.4033,
frame_ms,0.3403,
frame_ms,0.2736,
frame_ms,0.2283,
frame_ms,0.2228,
frame_ms,0.2218,
frame_ms,0.2264,
frame_ms,0.2143,
frame_ms,0.2608,
tick_us,122.6,284
frame_ms,0.5791,
frame_ms,0.2946,
frame_ms,0.258,
frame_ms,0.2421,
frame_ms,0.2433,
frame_ms,0.2905,
frame_ms,0.5263,
frame_ms,0.3892,
frame_ms,0.3483,
frame_ms,0.3384,
frame_ms,0.3856,
frame_ms,0.3947,
frame_ms,0.2755,
frame_ms,0.2454,
frame_ms,0.2524,
frame_ms,0.2312,
frame_ms,0.2308,
frame_ms,0.2208,
frame_ms,0.27,
frame_ms,0.2186,
frame_ms,0.2126,
frame_ms,0.2117,
frame_ms,0.249,
tick_us,122.6,290
frame_ms,0.542,
frame_ms,0.2503,
frame_ms,0.2219,
frame_ms,0.221,
frame_ms,0.2261,
frame_ms,0.2808,
frame_ms,0.2453,
frame_ms,0.2646,
frame_ms,0.2848,
frame_ms,0.3184,
frame_ms,0.275,
frame_ms,0.2664,
frame_ms,0.2241,
frame_ms,0.2144,
frame_ms,0.2342,
frame_ms,0.4523,
frame_ms,0.3369,
frame_ms,0.3303,
frame_ms,0.3323,
frame_ms,0.4121,
frame_ms,0.3759,
frame_ms,0.4134,
tick_us,175.3,290
frame_ms,0.8056,
frame_ms,0.3336,
frame_ms,0.3354,
frame_ms,0.3566,
frame_ms,0.2682,
frame_ms,0.2371,
frame_ms,0.2184,
frame_ms,0.2194,
frame_ms,0.2122,
frame_ms,0.3655,
frame_ms,0.2779,
frame_ms,0.2361,
frame_ms,0.2323,
frame_ms,0.2238,
frame_ms,0.2277,
frame_ms,0.219,
frame_ms,0.235,
frame_ms,0.412,
frame_ms,0.3559,
frame_ms,0.3397,
frame_ms,0.332,
frame_ms,0.3289,
frame_ms,0.3139,
tick_us,125.7,282
frame_ms,0.5275,
frame_ms,0.2431,
frame_ms,0.2277,
frame_ms,0.2362,
frame_ms,0.2303,
frame_ms,0.2379,
frame_ms,0.2445,
frame_ms,0.2078,
frame_ms,0.2659,
frame_ms,0.2264,
frame_ms,0.2131,
frame_ms,0.2923,
frame_ms,0.2681,
frame_ms,0.2254,
frame_ms,0.2174,
frame_ms,0.2099,
frame_ms,0.21,
frame_ms,0.3096,
frame_ms,0.2721,
frame_ms,0.2517,
frame_ms,0.2419,
frame_ms,0.2428,
frame_ms,0.2543,
frame_ms,0.2669,
frame_ms,0.2552,
frame_ms,0.225,
frame_ms,0.2464,
frame_ms,0.2254,
tick_us,124.5,268
frame_ms,0.4931,
frame_ms,0.2289,
frame_ms,0.206,
frame_ms,0.2138,
frame_ms,0.2098,
frame_ms,0.6125,
frame_ms,0.2949,
frame_ms,0.2361,
frame_ms,0.2076,
frame_ms,0.2163,
frame_ms,0.2585,
frame_ms,0.2275,
frame_ms,0.2529,
frame_ms,0.211,
frame_ms,0.2384,
frame_ms,0.2227,
frame_ms,0.2229,
frame_ms,0.2269,
frame_ms,0.2124,
frame_ms,0.2062,
frame_ms,0.2589,
frame_ms,0.2849,
frame_ms,0.2437,
frame_ms,0.2301,
frame_ms,0.2199,
frame_ms,0.383,
tick_us,175,276
frame_ms,0.7353,
frame_ms,0.339,
frame_ms,0.3423,
frame_ms,0.3177,
frame_ms,0.2468,
frame_ms,0.2086,
frame_ms,0.2148,
frame_ms,0.2161,
frame_ms,0.2211,
frame_ms,0.2449,
frame_ms,0.7766,
frame_ms,0.3424,
frame_ms,0.3774,
frame_ms,0.4027,
frame_ms,0.3389,
frame_ms,0.3421,
frame_ms,0.3312,
frame_ms,0.3285,
frame_ms,0.3321,
frame_ms,0.3315,
tick_us,154.4,276
frame_ms,0.7021,
frame_ms,0.4285,
frame_ms,0.3702,
frame_ms,0.338,
frame_ms,0.3342,
frame_ms,0.3456,
frame_ms,0.2758,
frame_ms,0.2249,
frame_ms,0.4055,
frame_ms,0.2645,
frame_ms,0.2263,
frame_ms,0.2196,
frame_ms,0.3082,
frame_ms,0.3221,
frame_ms,0.2775,
frame_ms,0.2451,
frame_ms,0.3019,
frame_ms,0.2906,
frame_ms,0.2209,
frame_ms,0.222,
frame_ms,0.2068,
frame_ms,0.2188,
frame_ms,0.2448,
tick_us,123.9,270
frame_ms,0.5072,
frame_ms,0.2381,
frame_ms,0.2106,
frame_ms,0.2132,
frame_ms,0.2108,
frame_ms,0.2534,
frame_ms,0.2689,
frame_ms,0.2312,
frame_ms,0.2262,
frame_ms,0.22,
frame_ms,0.2295,
frame_ms,0.4852,
frame_ms,0.3467,
frame_ms,0.24,
frame_ms,0.2131,
frame_ms,0.2176,
frame_ms,0.2142,
frame_ms,0.2114,
frame_ms,0.2487,
frame_ms,0.2539,
frame_ms,0.2188,
frame_ms,0.2295,
frame_ms,0.2589,
frame_ms,0.2235,
frame_ms,0.2725,
frame_ms,0.213,
frame_ms,0.2356,
tick_us,127.2,274
frame_ms,0.6243,
frame_ms,0.2777,
frame_ms,0.2353,
frame_ms,0.2144,
frame_ms,0.2207,
frame_ms,0.2176,
frame_ms,0.2279,
frame_ms,0.2568,
frame_ms,0.226,
frame_ms,0.2555,
frame_ms,0.2645,
frame_ms,0.2562,
frame_ms,0.2285,
frame_ms,0.2078,
frame_ms,0.2127,
frame_ms,0.2484,
frame_ms,0.261,
frame_ms,0.2258,
frame_ms,0.2106,
frame_ms,0.8903,
frame_ms,0.2619,
frame_ms,0.2207,
frame_ms,0.2097,
frame_ms,0.2046,
frame_ms,0.2055,
tick_us,130.4,264
frame_ms,1.111,
frame_ms,0.4038,
frame_ms,0.3415,
frame_ms,0.2208,
frame_ms,0.229,
frame_ms,0.2221,
frame_ms,0.2152,
frame_ms,0.213,
frame_ms,0.2662,
frame_ms,0.2947,
frame_ms,0.2349,
frame_ms,0.2293,
frame_ms,0.2231,
frame_ms,0.2713,
frame_ms,0.2706,
frame_ms,0.7725,
frame_ms,0.2776,
frame_ms,0.32,
frame_ms,0.2645,
frame_ms,0.2204,
frame_ms,0.2278,
frame_ms,0.2222,
tick_us,193,268
frame_ms,0.6137,
frame_ms,0.3593,
frame_ms,0.3484,
frame_ms,0.4458,
frame_ms,0.3853,
frame_ms,0.263,
frame_ms,0.2297,
frame_ms,0.2198,
frame_ms,0.2181,
frame_ms,0.2193,
frame_ms,0.2629,
frame_ms,0.3322,
frame_ms,0.3063,
frame_ms,0.3314,
frame_ms,0.2728,
frame_ms,0.2342,
frame_ms,0.2311,
frame_ms,0.231,
frame_ms,0.2412,
frame_ms,0.2343,
frame_ms,0.3882,
frame_ms,0.5159,
tick_us,143.3,264
frame_ms,0.7188,
frame_ms,0.3384,
frame_ms,0.337,
frame_ms,0.3503,
frame_ms,0.2663,
frame_ms,0.2337,
frame_ms,0.2321,
frame_ms,0.2376,
frame_ms,0.2998,
frame_ms,0.2688,
frame_ms,0.6031,
frame_ms,0.2752,
frame_ms,0.2489,
frame_ms,0.2226,
frame_ms,0.3275,
frame_ms,0.2426,
frame_ms,0.2188,
frame_ms,0.3085,
frame_ms,0.2751,
frame_ms,0.2418,
frame_ms,0.2554,
frame_ms,0.2554,
frame_ms,0.2371,
tick_us,124.7,264
frame_ms,0.5657,
frame_ms,0.3235,
frame_ms,0.2319,
frame_ms,0.2277,
frame_ms,0.2542,
frame_ms,0.2172,
frame_ms,0.2124,
frame_ms,0.2405,
frame_ms,0.3278,
frame_ms,0.409,
frame_ms,0.3482,
frame_ms,0.3366,
frame_ms,0.3339,
frame_ms,0.4191,
frame_ms,0.3848,
frame_ms,0.3547,
frame_ms,0.3485,
frame_ms,0.3587,
frame_ms,0.4245,
frame_ms,0.3355,
frame_ms,0.2483,
tick_us,116.7,270
frame_ms,0.4751,
frame_ms,0.2327,
frame_ms,0.2148,
frame_ms,0.221,
frame_ms,0.2285,
frame_ms,0.2537,
frame_ms,0.2368,
frame_ms,0.2176,
frame_ms,0.5072,
frame_ms,0.305,
frame_ms,0.301,
frame_ms,0.2172,
frame_ms,0.2444,
frame_ms,0.2274,
frame_ms,0.2213,
frame_ms,0.2158,
frame_ms,0.2358,
frame_ms,0.2149,
frame_ms,0.2671,
frame_ms,0.267,
frame_ms,0.2295,
frame_ms,0.26,
frame_ms,0.2863,
frame_ms,0.6659,
frame_ms,0.2513,
tick_us,116.8,266
frame_ms,0.5007,
frame_ms,0.3569,
frame_ms,0.272,
frame_ms,0.237,
frame_ms,0.231,
frame_ms,0.2315,
frame_ms,0.2348,
frame_ms,0.232,
frame_ms,0.3041,
frame_ms,0.2293,
frame_ms,0.3096,
frame_ms,0.2629,
frame_ms,0.2661,
frame_ms,0.2987,
frame_ms,0.2421,
frame_ms,0.2337,
frame_ms,0.2519,
frame_ms,0.2454,
frame_ms,0.2164,
frame_ms,0.2517,
frame_ms,0.2706,
frame_ms,0.2309,
frame_ms,0.2187,
frame_ms,0.2127,
frame_ms,0.211,
frame_ms,0.2455,
frame_ms,0.2263,
tick_us,121.4,256
frame_ms,0.5309,
frame_ms,0.3274,
frame_ms,0.2413,
frame_ms,0.2186,
frame_ms,0.2224,
frame_ms,0.2101,
frame_ms,0.2331,
frame_ms,0.2416,
frame_ms,0.2171,
frame_ms,0.2218,
frame_ms,0.2198,
frame_ms,0.2621,
frame_ms,0.3393,
frame_ms,0.3462,
frame_ms,0.4745,
frame_ms,0.2933,
frame_ms,0.2587,
frame_ms,0.3898,
frame_ms,0.2692,
frame_ms,0.3058,
frame_ms,0.332,
frame_ms,0.3793,
frame_ms,0.3521,
tick_us,126.9,256
frame_ms,0.5524,
frame_ms,0.259,
frame_ms,0.2184,
frame_ms,0.2188,
frame_ms,0.2751,
frame_ms,0.292,
frame_ms,0.6317,
frame_ms,0.3238,
frame_ms,0.286,
frame_ms,0.2628,
frame_ms,0.2315,
frame_ms,0.2304,
frame_ms,0.2333,
frame_ms,0.2345,
frame_ms,0.2378,
frame_ms,0.2328,
frame_ms,0.2233,
frame_ms,0.2232,
frame_ms,0.2782,
frame_ms,0.331,
frame_ms,0.2485,
frame_ms,0.242,
frame_ms,0.2288,
frame_ms,0.3057,
tick_us,126.2,264
frame_ms,0.5646,
frame_ms,0.2703,
frame_ms,0.2549,
frame_ms,0.235,
frame_ms,0.2359,
frame_ms,0.2464,
frame_ms,0.2305,
frame_ms,0.2507,
frame_ms,0.3012,
frame_ms,0.2581,
frame_ms,0.3136,
frame_ms,0.2664,
frame_ms,0.2408,
frame_ms,0.2912,
frame_ms,0.2593,
frame_ms,0.25,
frame_ms,0.2502,
frame_ms,0.2404,
frame_ms,0.2754,
frame_ms,0.2908,
frame_ms,0.2583,
frame_ms,0.3367,
frame_ms,0.2892,
frame_ms,0.2518,
frame_ms,0.2391,
frame_ms,0.2535,
tick_us,127.8,266
frame_ms,0.6354,
frame_ms,0.346,
frame_ms,0.3362,
frame_ms,0.4375,
frame_ms,0.2853,
frame_ms,0.2429,
frame_ms,0.2379,
frame_ms,0.271,
frame_ms,0.2497,
frame_ms,0.2273,
frame_ms,0.2316,
frame_ms,0.2319,
frame_ms,0.2236,
frame_ms,0.3495,
frame_ms,0.2892,
frame_ms,0.4547,
frame_ms,0.3292,
frame_ms,0.2603,
frame_ms,0.2253,
frame_ms,0.2252,
frame_ms,0.2172,
frame_ms,0.213,
frame_ms,0.2562,
tick_us,123.6,260
frame_ms,0.5132,
frame_ms,0.2458,
frame_ms,0.2199,
frame_ms,0.2132,
frame_ms,0.2205,
frame_ms,0.2512,
frame_ms,0.2933,
frame_ms,0.3929,
frame_ms,0.2954,
frame_ms,0.2574,
frame_ms,0.2466,
frame_ms,0.2481,
frame_ms,0.244,
frame_ms,0.2379,
frame_ms,0.276,
frame_ms,0.2462,
frame_ms,0.2258,
frame_ms,0.2173,
frame_ms,0.2142,
frame_ms,0.2491,
frame_ms,0.268,
frame_ms,0.2557,
frame_ms,0.321,
frame_ms,0.5738,
frame_ms,0.2812,
tick_us,124.1,250
frame_ms,0.5434,
frame_ms,0.2302,
frame_ms,0.2173,
frame_ms,0.2381,
frame_ms,0.2278,
frame_ms,0.2134,
frame_ms,0.2086,
frame_ms,0.2587,
frame_ms,0.2691,
frame_ms,0.2272,
frame_ms,0.2149,
frame_ms,0.322,
frame_ms,0.2814,
frame_ms,0.274,
frame_ms,0.2445,
frame_ms,0.2446,
frame_ms,0.2455,
frame_ms,0.2743,
frame_ms,0.2593,
frame_ms,0.2248,
frame_ms,0.213,
frame_ms,0.2102,
frame_ms,0.2613,
frame_ms,0.2273,
frame_ms,0.2121,
frame_ms,0.2324,
frame_ms,0.2112,
frame_ms,0.2854,
tick_us,123.6,244
frame_ms,0.5727,
frame_ms,0.4451,
frame_ms,0.4061,
frame_ms,0.3934,
frame_ms,0.3409,
frame_ms,0.3424,
frame_ms,0.3301,
frame_ms,0.3308,
frame_ms,0.3307,
frame_ms,0.3279,
frame_ms,0.4836,
frame_ms,0.2701,
frame_ms,0.2894,
frame_ms,0.3753,
frame_ms,0.219,
frame_ms,0.2502,
frame_ms,0.2167,
frame_ms,0.2091,
frame_ms,0.2091,
frame_ms,0.264,
frame_ms,0.2221,
tick_us,124.4,250
frame_ms,0.5487,
frame_ms,0.2405,
frame_ms,0.2084,
frame_ms,0.3196,
frame_ms,0.2481,
frame_ms,0.2314,
frame_ms,0.6942,
frame_ms,0.255,
frame_ms,0.2303,
frame_ms,0.2211,
frame_ms,0.2308,
frame_ms,0.2219,
frame_ms,0.2142,
frame_ms,0.2391,
frame_ms,0.2242,
frame_ms,0.2147,
frame_ms,0.2299,
frame_ms,0.2768,
frame_ms,0.2688,
frame_ms,0.2268,
frame_ms,0.2746,
frame_ms,0.2653,
frame_ms,0.2297,
frame_ms,0.219,
frame_ms,0.2682,
frame_ms,0.2338,
tick_us,131,246
frame_ms,0.5105,
frame_ms,0.2379,
frame_ms,0.2102,
frame_ms,0.2138,
frame_ms,0.2124,
frame_ms,0.2209,
frame_ms,0.2579,
frame_ms,0.2749,
frame_ms,0.2373,
frame_ms,0.2217,
frame_ms,0.2367,
frame_ms,0.2123,
frame_ms,0.6116,
frame_ms,0.3577,
frame_ms,0.3354,
frame_ms,0.2771,
frame_ms,0.2156,
frame_ms,0.2145,
frame_ms,0.2084,
frame_ms,0.2102,
frame_ms,0.2658,
frame_ms,0.2599,
frame_ms,0.2285,
frame_ms,0.2166,
frame_ms,0.2335,
frame_ms,0.3061,
tick_us,111.7,240
frame_ms,0.519,
frame_ms,0.2464,
frame_ms,0.2176,
frame_ms,0.2173,
frame_ms,0.2019,
frame_ms,0.2067,
frame_ms,0.2516,
frame_ms,0.2259,
frame_ms,0.2123,
frame_ms,0.2049,
frame_ms,0.2321,
frame_ms,0.2258,
frame_ms,0.2321,
frame_ms,0.207,
frame_ms,0.246,
frame_ms,0.368,
frame_ms,0.3322,
frame_ms,0.2532,
frame_ms,0.2217,
frame_ms,0.2191,
frame_ms,0.2376,
frame_ms,0.2163,
frame_ms,0.2176,
frame_ms,0.2461,
frame_ms,0.2218,
frame_ms,0.2093,
frame_ms,0.2047,
frame_ms,0.2545,
tick_us,119.6,222
frame_ms,0.544,
frame_ms,0.2415,
frame_ms,0.2201,
frame_ms,0.2263,
frame_ms,0.2412,
frame_ms,0.234,
frame_ms,0.7891,
frame_ms,0.3379,
frame_ms,0.3764,
frame_ms,0.3906,
frame_ms,0.334,
frame_ms,0.3576,
frame_ms,0.3353,
frame_ms,0.3314,
frame_ms,0.3323,
frame_ms,0.3747,
frame_ms,0.3589,
frame_ms,0.3139,
frame_ms,0.2426,
frame_ms,0.2189,
frame_ms,0.2193,
tick_us,128,232
frame_ms,0.4982,
frame_ms,0.2676,
frame_ms,0.2246,
frame_ms,0.2304,
frame_ms,0.219,
frame_ms,0.2093,
frame_ms,0.2083,
frame_ms,0.2538,
frame_ms,0.2322,
frame_ms,0.2059,
frame_ms,0.3324,
frame_ms,0.2787,
frame_ms,0.2292,
frame_ms,0.2247,
frame_ms,0.2222,
frame_ms,0.2228,
frame_ms,0.2258,
frame_ms,0.2561,
frame_ms,0.232,
frame_ms,0.2523,
frame_ms,0.2561,
frame_ms,0.2188,
frame_ms,0.2364,
frame_ms,0.4644,
frame_ms,0.2563,
frame_ms,0.2149,
frame_ms,0.2145,
tick_us,120,230
frame_ms,0.4958,
frame_ms,0.243,
frame_ms,0.2301,
frame_ms,0.2482,
frame_ms,0.2342,
frame_ms,0.2585,
frame_ms,0.2122,
frame_ms,0.2093,
frame_ms,0.2456,
frame_ms,0.2268,
frame_ms,0.2116,
frame_ms,0.2364,
frame_ms,0.2205,
frame_ms,0.2385,
frame_ms,0.23,
frame_ms,0.2071,
frame_ms,0.2967,
frame_ms,0.2774,
frame_ms,0.2346,
frame_ms,0.2097,
frame_ms,0.214,
frame_ms,0.2487,
frame_ms,0.2614,
frame_ms,0.2267,
frame_ms,0.2484,
frame_ms,0.2165,
frame_ms,0.2132,
frame_ms,0.2405,
tick_us,117.7,240
frame_ms,0.497,
frame_ms,0.2395,
frame_ms,0.2046,
frame_ms,0.2109,
frame_ms,0.2069,
frame_ms,0.3394,
frame_ms,0.3792,
frame_ms,0.4241,
frame_ms,0.3425,
frame_ms,0.3612,
frame_ms,0.3629,
frame_ms,0.3354,
frame_ms,0.3293,
frame_ms,0.331,
frame_ms,0.3301,
frame_ms,0.3299,
frame_ms,0.2654,
frame_ms,0.2423,
frame_ms,0.2319,
frame_ms,0.211,
frame_ms,0.4807,
frame_ms,0.244,
frame_ms,0.2198,
tick_us,113,240
frame_ms,0.4997,
frame_ms,0.232,
frame_ms,0.207,
frame_ms,0.4694,
frame_ms,0.3567,
frame_ms,0.3245,
frame_ms,0.249,
frame_ms,0.2113,
frame_ms,0.2392,
frame_ms,0.2251,
frame_ms,0.2168,
frame_ms,0.245,
frame_ms,0.2929,
frame_ms,0.2925,
frame_ms,0.2582,
frame_ms,0.2974,
frame_ms,0.2384,
frame_ms,0.2313,
frame_ms,0.2315,
frame_ms,0.2528,
frame_ms,0.2359,
frame_ms,0.2114,
frame_ms,0.24,
frame_ms,0.3095,
tick_us,123.8,240
frame_ms,0.7659,
frame_ms,0.2881,
frame_ms,0.2386,
frame_ms,0.2349,
frame_ms,0.23,
frame_ms,0.2326,
frame_ms,0.2192,
frame_ms,0.2175,
frame_ms,0.2361,
frame_ms,0.2519,
frame_ms,0.2681,
frame_ms,0.2346,
frame_ms,0.2172,
frame_ms,0.2101,
frame_ms,0.2529,
frame_ms,0.225,
frame_ms,0.2216,
frame_ms,0.2458,
frame_ms,0.228,
frame_ms,0.3634,
frame_ms,0.2794,
frame_ms,0.2417,
frame_ms,0.228,
frame_ms,0.2425,
frame_ms,0.2205,
frame_ms,0.214,
frame_ms,0.2467,
frame_ms,0.2603,
tick_us,122.8,238
frame_ms,0.4863,
frame_ms,0.2259,
frame_ms,0.2093,
frame_ms,0.2123,
frame_ms,0.2077,
frame_ms,0.3531,
frame_ms,0.2638,
frame_ms,0.279,
frame_ms,0.2493,
frame_ms,0.2196,
frame_ms,0.6643,
frame_ms,0.2853,
frame_ms,0.2357,
frame_ms,0.2066,
frame_ms,0.2061,
frame_ms,0.2077,
frame_ms,0.2665,
frame_ms,0.2284,
frame_ms,0.2109,
frame_ms,0.2299,
frame_ms,0.2555,
frame_ms,0.7974,
frame_ms,0.2964,
tick_us,124.9,238
frame_ms,0.5695,
frame_ms,0.3045,
frame_ms,0.2153,
frame_ms,0.2131,
frame_ms,0.208,
frame_ms,0.2059,
frame_ms,0.2415,
frame_ms,0.2598,
frame_ms,0.2675,
frame_ms,0.2329,
frame_ms,0.2665,
frame_ms,0.2392,
frame_ms,0.2294,
frame_ms,0.2215,
frame_ms,0.2696,
frame_ms,0.2589,
frame_ms,0.2218,
frame_ms,0.2109,
frame_ms,0.2334,
frame_ms,0.2195,
frame_ms,0.2587,
frame_ms,0.2278,
frame_ms,0.2093,
frame_ms,0.2178,
frame_ms,0.2474,
frame_ms,0.2227,
frame_ms,0.2101,
frame_ms,0.2535,
tick_us,111.4,242
frame_ms,0.5449,
frame_ms,0.3532,
frame_ms,0.2615,
frame_ms,0.2876,
frame_ms,0.2159,
frame_ms,0.2231,
frame_ms,0.2083,
frame_ms,0.2097,
frame_ms,0.2324,
frame_ms,0.2131,
frame_ms,0.2189,
frame_ms,0.2439,
frame_ms,0.2249,
frame_ms,0.2093,
frame_ms,0.2279,
frame_ms,0.2089,
frame_ms,0.2066,
frame_ms,0.2701,
frame_ms,0.2504,
frame_ms,0.2147,
frame_ms,0.345,
frame_ms,0.295,
frame_ms,0.2523,
frame_ms,0.2232,
frame_ms,0.2339,
frame_ms,0.2223,
frame_ms,0.2068,
frame_ms,0.2463,
tick_us,120.6,240
frame_ms,0.5022,
frame_ms,0.2366,
frame_ms,0.2049,
frame_ms,0.21,
frame_ms,0.2037,
frame_ms,0.2648,
frame_ms,0.2613,
frame_ms,0.2331,
frame_ms,0.2224,
frame_ms,0.213,
frame_ms,0.2796,
frame_ms,0.2277,
frame_ms,0.2478,
frame_ms,0.2656,
frame_ms,0.2221,
frame_ms,0.2327,
frame_ms,0.2188,
frame_ms,0.2054,
frame_ms,0.2371,
frame_ms,0.227,
frame_ms,0.2069,
frame_ms,0.2483,
frame_ms,0.2383,
frame_ms,0.2153,
frame_ms,0.2327,
frame_ms,0.218,
frame_ms,0.2575,
frame_ms,0.3013,
tick_us,120.2,234
frame_ms,0.4905,
frame_ms,0.2925,
frame_ms,0.2667,
frame_ms,0.2196,
frame_ms,0.2227,
frame_ms,0.2159,
frame_ms,0.2128,
frame_ms,0.2585,
frame_ms,0.2499,
frame_ms,0.2174,
frame_ms,0.2085,
frame_ms,0.2595,
frame_ms,0.2524,
frame_ms,0.2221,
frame_ms,0.2108,
frame_ms,0.278,
frame_ms,0.2255,
frame_ms,0.2443,
frame_ms,0.2079,
frame_ms,0.2694,
frame_ms,0.2291,
frame_ms,0.2078,
frame_ms,0.2261,
frame_ms,0.2504,
frame_ms,0.2225,
frame_ms,0.2085,
frame_ms,0.2535,
frame_ms,0.2231,
frame_ms,0.2099,
tick_us,117.9,238
frame_ms,0.5226,
frame_ms,0.24,
frame_ms,0.2222,
frame_ms,0.2169,
frame_ms,0.2061,
frame_ms,0.2071,
frame_ms,0.2787,
frame_ms,0.2249,
frame_ms,0.2409,
frame_ms,0.2487,
frame_ms,0.2186,
frame_ms,0.2006,
frame_ms,0.2414,
frame_ms,0.2268,
frame_ms,0.2086,
frame_ms,0.2552,
frame_ms,0.2279,
frame_ms,0.2096,
frame_ms,0.2695,
frame_ms,0.2743,
frame_ms,0.2341,
frame_ms,0.2171,
frame_ms,0.2397,
frame_ms,0.3185,
frame_ms,0.209,
frame_ms,0.2226,
frame_ms,0.2128,
frame_ms,0.2072,
tick_us,114.9,238
frame_ms,0.5117,
frame_ms,0.2638,
frame_ms,0.2265,
frame_ms,0.2096,
frame_ms,0.2055,
frame_ms,0.2289,
frame_ms,0.2441,
frame_ms,0.2287,
frame_ms,0.4961,
frame_ms,0.3727,
frame_ms,0.3719,
frame_ms,0.3492,
frame_ms,0.3509,
frame_ms,0.2519,
frame_ms,0.2151,
frame_ms,0.2178,
frame_ms,0.2055,
frame_ms,0.2191,
frame_ms,0.2307,
frame_ms,0.2261,
frame_ms,0.2154,
frame_ms,0.2891,
frame_ms,0.2433,
frame_ms,0.2195,
frame_ms,0.2309,
frame_ms,0.2565,
tick_us,117.2,236
frame_ms,0.4899,
frame_ms,0.2296,
frame_ms,0.2038,
frame_ms,0.2106,
frame_ms,0.3877,
frame_ms,0.2182,
frame_ms,0.2216,
frame_ms,0.216,
frame_ms,0.2251,
frame_ms,0.2436,
frame_ms,0.4153,
frame_ms,0.3745,
frame_ms,0.4309,
frame_ms,0.3652,
frame_ms,0.3326,
frame_ms,0.2482,
frame_ms,0.2102,
frame_ms,0.2147,
frame_ms,0.2081,
frame_ms,0.2068,
frame_ms,0.2543,
frame_ms,0.2306,
frame_ms,0.2053,
frame_ms,0.2508,
frame_ms,0.2208,
tick_us,122.7,240
frame_ms,0.5563,
frame_ms,0.2778,
frame_ms,0.2431,
frame_ms,0.2953,
frame_ms,0.3409,
frame_ms,0.2614,
frame_ms,0.2113,
frame_ms,0.22,
frame_ms,0.2065,
frame_ms,0.2026,
frame_ms,0.2617,
frame_ms,0.2325,
frame_ms,0.2097,
frame_ms,0.2387,
frame_ms,0.2243,
frame_ms,0.2113,
frame_ms,0.247,
frame_ms,0.2518,
frame_ms,0.2213,
frame_ms,0.2215,
frame_ms,0.2597,
frame_ms,0.2394,
frame_ms,0.2094,
frame_ms,0.2421,
frame_ms,0.2342,
frame_ms,0.207,
frame_ms,0.2569,
frame_ms,0.2257,
tick_us,112.7,242
frame_ms,0.4664,
frame_ms,0.2321,
frame_ms,0.2072,
frame_ms,0.2051,
frame_ms,0.208,
frame_ms,0.2592,
frame_ms,0.2805,
frame_ms,0.2477,
frame_ms,0.3078,
frame_ms,0.4077,
frame_ms,0.3101,
frame_ms,0.2584,
frame_ms,0.2158,
frame_ms,0.2181,
frame_ms,0.2073,
frame_ms,0.208,
frame_ms,0.2595,
frame_ms,0.2252,
frame_ms,0.2089,
frame_ms,0.2496,
frame_ms,0.2159,
frame_ms,0.2032,
frame_ms,0.2461,
frame_ms,0.8873,
frame_ms,0.2717,
tick_us,120.6,242
frame_ms,0.5175,
frame_ms,0.2427,
frame_ms,0.2146,
frame_ms,0.2214,
frame_ms,0.2214,
frame_ms,0.2134,
frame_ms,0.238,
frame_ms,0.2178,
frame_ms,0.224,
frame_ms,0.2188,
frame_ms,0.2135,
frame_ms,0.2085,
frame_ms,0.2825,
frame_ms,0.268,
frame_ms,0.225,
frame_ms,0.2151,
frame_ms,0.2086,
frame_ms,0.275,
frame_ms,0.2771,
frame_ms,0.2134,
frame_ms,0.3201,
frame_ms,0.251,
frame_ms,0.2108,
frame_ms,0.2069,
frame_ms,0.2096,
frame_ms,0.2509,
frame_ms,0.2199,
frame_ms,0.2081,
tick_us,130.8,244
frame_ms,0.6564,
frame_ms,0.293,
frame_ms,0.2439,
frame_ms,0.2648,
frame_ms,0.2586,
frame_ms,0.2291,
frame_ms,0.2127,
frame_ms,0.2041,
frame_ms,0.2533,
frame_ms,0.2246,
frame_ms,0.2094,
frame_ms,0.2176,
frame_ms,0.2436,
frame_ms,0.2257,
frame_ms,0.2084,
frame_ms,0.2543,
frame_ms,0.4879,
frame_ms,0.8281,
frame_ms,0.3596,
frame_ms,0.392,
frame_ms,0.418,
frame_ms,0.3607,
tick_us,147.7,246
frame_ms,0.6624,
frame_ms,0.3369,
frame_ms,0.3338,
frame_ms,0.3991,
frame_ms,0.3762,
frame_ms,0.3483,
frame_ms,0.3305,
frame_ms,0.3641,
frame_ms,0.3931,
frame_ms,0.4288,
frame_ms,0.3248,
frame_ms,0.252,
frame_ms,0.2218,
frame_ms,0.2293,
frame_ms,0.2176,
frame_ms,0.2228,
frame_ms,0.2713,
frame_ms,0.2359,
frame_ms,0.2291,
frame_ms,0.2272,
frame_ms,0.2359,
frame_ms,0.2266,
tick_us,125.9,254
frame_ms,0.5165,
frame_ms,0.2494,
frame_ms,0.2346,
frame_ms,0.2237,
frame_ms,0.2162,
frame_ms,0.215,
frame_ms,0.207,
frame_ms,0.2497,
frame_ms,0.2244,
frame_ms,0.2152,
frame_ms,0.2263,
frame_ms,0.4238,
frame_ms,0.3736,
frame_ms,0.2734,
frame_ms,0.2323,
frame_ms,0.226,
frame_ms,0.2175,
frame_ms,0.2182,
frame_ms,0.2433,
frame_ms,0.2089,
frame_ms,0.2605,
frame_ms,0.2263,
frame_ms,0.2459,
frame_ms,0.2658,
frame_ms,0.2307,
frame_ms,0.204,
frame_ms,0.2168,
tick_us,130.5,248
frame_ms,0.6242,
frame_ms,0.3085,
frame_ms,0.2581,
frame_ms,0.2451,
frame_ms,0.2624,
frame_ms,0.2447,
frame_ms,0.2989,
frame_ms,0.2408,
frame_ms,0.2227,
frame_ms,0.215,
frame_ms,0.21,
frame_ms,0.2516,
frame_ms,0.2301,
frame_ms,0.2133,
frame_ms,0.21,
frame_ms,0.243,
frame_ms,0.2603,
frame_ms,0.2396,
frame_ms,0.2303,
frame_ms,0.2848,
frame_ms,0.2494,
frame_ms,0.2203,
frame_ms,0.2312,
frame_ms,0.22,
frame_ms,0.247,
frame_ms,0.2412,
frame_ms,0.2073,
frame_ms,0.2751,
tick_us,122.6,240
frame_ms,0.551,
frame_ms,0.2449,
frame_ms,0.2184,
frame_ms,0.2277,
frame_ms,0.2293,
frame_ms,0.228,
frame_ms,0.2231,
frame_ms,0.2473,
frame_ms,0.288,
frame_ms,0.2513,
frame_ms,0.2294,
frame_ms,0.2251,
frame_ms,0.214,
frame_ms,0.2308,
frame_ms,0.425,
frame_ms,0.2381,
frame_ms,0.209,
frame_ms,0.2197,
frame_ms,0.2107,
frame_ms,0.2057,
frame_ms,0.2421,
frame_ms,0.2921,
frame_ms,0.2792,
frame_ms,0.7245,
tick_us,197.1,252
frame_ms,0.7548,
frame_ms,0.4512,
frame_ms,0.2813,
frame_ms,0.2374,
frame_ms,0.213,
frame_ms,0.2141,
frame_ms,0.2122,
frame_ms,0.269,
frame_ms,0.2647,
frame_ms,0.2712,
frame_ms,0.3362,
frame_ms,0.2617,
frame_ms,0.248,
frame_ms,0.2544,
frame_ms,0.2523,
frame_ms,0.2394,
frame_ms,0.2995,
frame_ms,0.244,
frame_ms,0.2207,
frame_ms,0.2152,
frame_ms,0.2102,
frame_ms,0.3168,
frame_ms,0.2235,
frame_ms,0.2268,
frame_ms,0.2147,
frame_ms,0.2094,
tick_us,130.7,252
frame_ms,0.5573,
frame_ms,0.2529,
frame_ms,0.2211,
frame_ms,0.2214,
frame_ms,0.2202,
frame_ms,0.2091,
frame_ms,0.2246,
frame_ms,0.2372,
frame_ms,0.235,
frame_ms,0.2293,
frame_ms,0.205,
frame_ms,0.2324,
frame_ms,0.2219,
frame_ms,0.2087,
frame_ms,0.2181,
frame_ms,0.4205,
frame_ms,0.4134,
frame_ms,0.3603,
frame_ms,0.3697,
frame_ms,0.3383,
frame_ms,0.2871,
frame_ms,0.2269,
frame_ms,0.2231,
frame_ms,0.2117,
frame_ms,0.2448,
frame_ms,0.2057,
tick_us,119.1,256
frame_ms,0.5174,
frame_ms,0.2414,
frame_ms,0.2116,
frame_ms,0.2078,
frame_ms,0.2124,
frame_ms,0.3094,
frame_ms,0.2813,
frame_ms,0.2476,
frame_ms,0.4666,
frame_ms,0.3378,
frame_ms,0.2507,
frame_ms,0.2195,
frame_ms,0.221,
frame_ms,0.2143,
frame_ms,0.2154,
frame_ms,0.2577,
frame_ms,0.2771,
frame_ms,0.2335,
frame_ms,0.2174,
frame_ms,0.2154,
frame_ms,0.2365,
frame_ms,0.2346,
frame_ms,0.4415,
frame_ms,0.2535,
frame_ms,0.2126,
frame_ms,0.2256,
tick_us,125.1,266
frame_ms,0.543,
frame_ms,0.2351,
frame_ms,0.2215,
frame_ms,0.2196,
frame_ms,0.2102,
frame_ms,0.2065,
frame_ms,0.4129,
frame_ms,0.3703,
frame_ms,0.3388,
frame_ms,0.3928,
frame_ms,0.3974,
frame_ms,0.2748,
frame_ms,0.238,
frame_ms,0.2529,
frame_ms,0.2318,
frame_ms,0.2145,
frame_ms,0.2129,
frame_ms,0.2621,
frame_ms,0.2297,
frame_ms,0.2201,
frame_ms,0.2483,
frame_ms,0.2327,
frame_ms,0.2132,
frame_ms,0.2395,
frame_ms,0.2303,
tick_us,135.5,264
frame_ms,0.5327,
frame_ms,0.2485,
frame_ms,0.2581,
frame_ms,0.2353,
frame_ms,0.226,
frame_ms,0.2215,
frame_ms,0.2142,
frame_ms,0.2867,
frame_ms,0.2117,
frame_ms,0.2055,
frame_ms,0.255,
frame_ms,0.227,
frame_ms,0.2106,
frame_ms,0.2242,
frame_ms,0.5059,
frame_ms,0.4691,
frame_ms,0.2831,
frame_ms,0.2439,
frame_ms,0.2451,
frame_ms,0.2371,
frame_ms,0.2358,
frame_ms,0.2413,
frame_ms,0.2837,
frame_ms,0.2867,
frame_ms,0.2303,
frame_ms,0.2213,
tick_us,128.9,262
frame_ms,0.5252,
frame_ms,0.2414,
frame_ms,0.2234,
frame_ms,0.2217,
frame_ms,0.2579,
frame_ms,0.2392,
frame_ms,0.2281,
frame_ms,0.2279,
frame_ms,0.2269,
frame_ms,0.2565,
frame_ms,0.2464,
frame_ms,0.2417,
frame_ms,0.2198,
frame_ms,0.2376,
frame_ms,0.2563,
frame_ms,0.2328,
frame_ms,0.2182,
frame_ms,0.2111,
frame_ms,0.2327,
frame_ms,0.2262,
frame_ms,0.2156,
frame_ms,0.2608,
frame_ms,0.2727,
frame_ms,0.2679,
frame_ms,0.7369,
frame_ms,0.2722,
tick_us,132.1,268
frame_ms,0.5663,
frame_ms,0.2719,
frame_ms,0.2214,
frame_ms,0.2312,
frame_ms,0.2266,
frame_ms,0.2152,
frame_ms,0.2488,
frame_ms,0.2201,
frame_ms,0.2177,
frame_ms,0.2206,
frame_ms,0.281,
frame_ms,0.2993,
frame_ms,0.2514,
frame_ms,0.2594,
frame_ms,0.2357,
frame_ms,0.2335,
frame_ms,0.2709,
frame_ms,0.2853,
frame_ms,0.2491,
frame_ms,0.2204,
frame_ms,0.2153,
frame_ms,0.3746,
frame_ms,0.2831,
frame_ms,0.2558,
frame_ms,0.2413,
frame_ms,0.2317,
tick_us,182.7,272
frame_ms,0.6575,
frame_ms,0.2629,
frame_ms,0.3347,
frame_ms,0.2389,
frame_ms,0.242,
frame_ms,0.2309,
frame_ms,0.3189,
frame_ms,0.2384,
frame_ms,0.2316,
frame_ms,0.2265,
frame_ms,0.2319,
frame_ms,0.2339,
frame_ms,0.222,
frame_ms,0.231,
frame_ms,0.2177,
frame_ms,0.2233,
frame_ms,0.2333,
frame_ms,0.4325,
frame_ms,0.2673,
frame_ms,0.3118,
frame_ms,0.2241,
frame_ms,0.2306,
frame_ms,0.2234,
frame_ms,0.2484,
frame_ms,0.2686,
frame_ms,0.259,
tick_us,126.5,284
frame_ms,0.5203,
frame_ms,0.2373,
frame_ms,0.2166,
frame_ms,0.2234,
frame_ms,0.2378,
frame_ms,0.2254,
frame_ms,0.3791,
frame_ms,0.2387,
frame_ms,0.2278,
frame_ms,0.2243,
frame_ms,0.2169,
frame_ms,0.2174,
frame_ms,0.2472,
frame_ms,0.2553,
frame_ms,0.2153,
frame_ms,0.2157,
frame_ms,0.2519,
frame_ms,0.2339,
frame_ms,0.2258,
frame_ms,0.2174,
frame_ms,0.2466,
frame_ms,0.2267,
frame_ms,0.2346,
frame_ms,0.2501,
frame_ms,0.2263,
frame_ms,0.2148,
frame_ms,0.2542,
frame_ms,0.2203,
tick_us,124.2,286
frame_ms,0.6439,
frame_ms,0.5832,
frame_ms,0.3371,
frame_ms,0.3405,
frame_ms,0.4119,
frame_ms,0.3434,
frame_ms,0.3945,
frame_ms,0.4297,
frame_ms,0.4224,
frame_ms,0.3553,
frame_ms,0.3343,
frame_ms,0.2425,
frame_ms,0.2141,
frame_ms,0.2247,
frame_ms,0.2112,
frame_ms,0.2075,
frame_ms,0.2641,
frame_ms,0.2264,
frame_ms,0.2125,
frame_ms,0.2505,
frame_ms,0.2234,
tick_us,124.6,272
frame_ms,0.5759,
frame_ms,0.2962,
frame_ms,0.5103,
frame_ms,0.3524,
frame_ms,0.3783,
frame_ms,0.4012,
frame_ms,0.3388,
frame_ms,0.3122,
frame_ms,0.2435,
frame_ms,0.2115,
frame_ms,0.2179,
frame_ms,0.2141,
frame_ms,0.2086,
frame_ms,0.2849,
frame_ms,0.2453,
frame_ms,0.473,
frame_ms,0.3689,
frame_ms,0.3697,
frame_ms,0.3345,
frame_ms,0.3304,
frame_ms,0.2621,
tick_us,116.4,272
frame_ms,0.4803,
frame_ms,0.2271,
frame_ms,0.209,
frame_ms,0.2155,
frame_ms,0.2129,
frame_ms,0.2397,
frame_ms,0.4508,
frame_ms,0.3211,
frame_ms,0.2484,
frame_ms,0.2214,
frame_ms,0.2115,
frame_ms,0.2137,
frame_ms,0.2471,
frame_ms,0.2218,
frame_ms,0.2129,
frame_ms,0.2361,
frame_ms,0.2182,
frame_ms,0.2064,
frame_ms,0.2408,
frame_ms,0.2278,
frame_ms,0.2091,
frame_ms,0.2338,
frame_ms,0.2456,
frame_ms,0.2902,
frame_ms,0.2502,
frame_ms,0.2324,
frame_ms,0.2264,
frame_ms,0.2219,
tick_us,140.6,264
frame_ms,0.548,
frame_ms,0.2507,
frame_ms,0.2289,
frame_ms,0.218,
frame_ms,0.213,
frame_ms,0.2192,
frame_ms,0.3,
frame_ms,0.2704,
frame_ms,0.2278,
frame_ms,0.2097,
frame_ms,0.2505,
frame_ms,0.294,
frame_ms,0.2369,
frame_ms,0.3702,
frame_ms,0.5269,
frame_ms,0.3798,
frame_ms,0.3389,
frame_ms,0.3494,
frame_ms,0.2668,
frame_ms,0.2216,
frame_ms,0.2163,
frame_ms,0.2188,
frame_ms,0.2086,
frame_ms,0.2251,
frame_ms,0.2341,
tick_us,122.7,264
frame_ms,0.5326,
frame_ms,0.2421,
frame_ms,0.2183,
frame_ms,0.2176,
frame_ms,0.2108,
frame_ms,0.2084,
frame_ms,0.2559,
frame_ms,0.226,
frame_ms,0.2139,
frame_ms,0.226,
frame_ms,0.2228,
frame_ms,0.2161,
frame_ms,0.2054,
frame_ms,0.2479,
frame_ms,0.4191,
frame_ms,0.2207,
frame_ms,0.2575,
frame_ms,0.2555,
frame_ms,0.2477,
frame_ms,0.2339,
frame_ms,0.2516,
frame_ms,0.2251,
frame_ms,0.2117,
frame_ms,0.2848,
frame_ms,0.2516,
frame_ms,0.2303,
frame_ms,0.2504,
frame_ms,0.2212,
tick_us,124.5,256
frame_ms,0.5346,
frame_ms,0.2861,
frame_ms,0.2381,
frame_ms,0.2103,
frame_ms,0.2337,
frame_ms,0.2187,
frame_ms,0.2117,
frame_ms,0.2421,
frame_ms,0.2325,
frame_ms,0.3991,
frame_ms,0.2573,
frame_ms,0.2345,
frame_ms,0.2276,
frame_ms,0.2114,
frame_ms,0.2029,
frame_ms,0.2428,
frame_ms,0.2587,
frame_ms,0.2264,
frame_ms,0.2105,
frame_ms,0.2221,
frame_ms,0.2451,
frame_ms,0.3232,
frame_ms,0.265,
frame_ms,0.5042,
frame_ms,0.2979,
frame_ms,0.2195,
tick_us,118.2,252
frame_ms,0.4964,
frame_ms,0.2372,
frame_ms,0.2132,
frame_ms,0.224,
frame_ms,0.2089,
frame_ms,0.2082,
frame_ms,0.2514,
frame_ms,0.2288,
frame_ms,0.2139,
frame_ms,0.2262,
frame_ms,0.2285,
frame_ms,0.2777,
frame_ms,0.2411,
frame_ms,0.2184,
frame_ms,0.214,
frame_ms,0.2357,
frame_ms,0.2312,
frame_ms,0.2534,
frame_ms,0.2063,
frame_ms,0.2427,
frame_ms,0.2237,
frame_ms,0.206,
frame_ms,0.2473,
frame_ms,0.4242,
frame_ms,0.3832,
frame_ms,0.3446,
tick_us,124.3,258
frame_ms,0.6483,
frame_ms,0.2601,
frame_ms,0.2195,
frame_ms,0.2263,
frame_ms,0.2121,
frame_ms,0.2087,
frame_ms,0.2834,
frame_ms,0.2718,
frame_ms,0.2336,
frame_ms,0.2283,
frame_ms,0.2189,
frame_ms,0.2156,
frame_ms,0.2519,
frame_ms,0.2432,
frame_ms,0.2278,
frame_ms,0.21,
frame_ms,0.2743,
frame_ms,0.2757,
frame_ms,0.7495,
frame_ms,0.3788,
frame_ms,0.3962,
frame_ms,0.3935,
frame_ms,0.3361,
tick_us,148.3,256
frame_ms,0.6486,
frame_ms,0.3178,
frame_ms,0.3377,
frame_ms,0.3836,
frame_ms,0.3569,
frame_ms,0.2974,
frame_ms,0.2416,
frame_ms,0.239,
frame_ms,0.2244,
frame_ms,0.2123,
frame_ms,0.208,
frame_ms,0.2663,
frame_ms,0.2892,
frame_ms,0.2427,
frame_ms,0.2285,
frame_ms,0.2213,
frame_ms,0.2216,
frame_ms,0.2336,
frame_ms,0.221,
frame_ms,0.2313,
frame_ms,0.3278,
frame_ms,0.2836,
frame_ms,0.2629,
frame_ms,0.3145,
frame_ms,0.249,
tick_us,127.2,252
frame_ms,0.8575,
frame_ms,0.3924,
frame_ms,0.3521,
frame_ms,0.339,
frame_ms,0.3481,
frame_ms,0.3535,
frame_ms,0.4126,
frame_ms,0.2836,
frame_ms,0.2502,
frame_ms,0.4495,
frame_ms,0.3609,
frame_ms,0.4493,
frame_ms,0.3787,
frame_ms,0.3369,
frame_ms,0.2954,
frame_ms,0.2748,
frame_ms,0.2187,
frame_ms,0.2186,
frame_ms,0.2162,
frame_ms,0.2114,
tick_us,129.2,256
frame_ms,0.5802,
frame_ms,0.3119,
frame_ms,0.2745,
frame_ms,0.2426,
frame_ms,0.2369,
frame_ms,0.2839,
frame_ms,0.2735,
frame_ms,0.2296,
frame_ms,0.2235,
frame_ms,0.2217,
frame_ms,0.2192,
frame_ms,0.2135,
frame_ms,0.2782,
frame_ms,0.258,
frame_ms,0.2251,
frame_ms,0.2522,
frame_ms,0.2328,
frame_ms,0.8027,
frame_ms,0.3457,
frame_ms,0.3983,
frame_ms,0.4027,
frame_ms,0.3402,
tick_us,150.6,260
frame_ms,0.6582,
frame_ms,0.3297,
frame_ms,0.3338,
frame_ms,0.3889,
frame_ms,0.3675,
frame_ms,0.3014,
frame_ms,0.2579,
frame_ms,0.2296,
frame_ms,0.223,
frame_ms,0.2418,
frame_ms,0.2977,
frame_ms,0.2365,
frame_ms,0.2288,
frame_ms,0.2144,
frame_ms,0.2076,
frame_ms,0.2649,
frame_ms,0.2122,
frame_ms,0.2087,
frame_ms,0.2066,
frame_ms,0.2867,
frame_ms,0.2462,
frame_ms,0.2222,
frame_ms,0.2232,
frame_ms,0.4774,
tick_us,145.5,266
frame_ms,0.7666,
frame_ms,0.3326,
frame_ms,0.3449,
frame_ms,0.3345,
frame_ms,0.3322,
frame_ms,0.328,
frame_ms,0.3286,
frame_ms,0.3806,
frame_ms,0.2726,
frame_ms,0.2207,
frame_ms,0.273,
frame_ms,0.3379,
frame_ms,0.2267,
frame_ms,0.2192,
frame_ms,0.2452,
frame_ms,0.2082,
frame_ms,0.2073,
frame_ms,0.2459,
frame_ms,0.2344,
frame_ms,0.2167,
frame_ms,0.2063,
frame_ms,0.2458,
frame_ms,0.2258,
frame_ms,0.2086,
frame_ms,0.2427,
tick_us,123.9,252
frame_ms,0.5195,
frame_ms,0.2528,
frame_ms,0.2117,
frame_ms,0.2264,
frame_ms,0.2224,
frame_ms,0.2449,
frame_ms,0.2159,
frame_ms,0.255,
frame_ms,0.2759,
frame_ms,0.2389,
frame_ms,0.2325,
frame_ms,0.2634,
frame_ms,0.3287,
frame_ms,0.2501,
frame_ms,0.2259,
frame_ms,0.2533,
frame_ms,0.2975,
frame_ms,0.2517,
frame_ms,0.243,
frame_ms,0.3372,
frame_ms,0.2374,
frame_ms,0.235,
frame_ms,0.2879,
frame_ms,0.2389,
frame_ms,0.2216,
frame_ms,0.2096,
tick_us,120.8,264
frame_ms,0.4789,
frame_ms,0.2501,
frame_ms,0.2194,
frame_ms,0.2154,
frame_ms,0.2126,
frame_ms,0.2777,
frame_ms,0.2875,
frame_ms,0.5208,
frame_ms,0.3952,
frame_ms,0.429,
frame_ms,0.4218,
frame_ms,0.3481,
frame_ms,0.2986,
frame_ms,0.2603,
frame_ms,0.2213,
frame_ms,0.2249,
frame_ms,0.2258,
frame_ms,0.2184,
frame_ms,0.4108,
frame_ms,0.3824,
frame_ms,0.3754,
frame_ms,0.4532,
tick_us,200.8,274
frame_ms,0.7648,
frame_ms,0.3406,
frame_ms,0.3368,
frame_ms,0.3336,
frame_ms,0.3362,
frame_ms,0.3304,
frame_ms,0.3247,
frame_ms,0.2444,
frame_ms,0.2265,
frame_ms,0.6219,
frame_ms,0.3545,
frame_ms,0.3475,
frame_ms,0.3803,
frame_ms,0.4036,
frame_ms,0.3553,
frame_ms,0.3423,
frame_ms,0.347,
frame_ms,0.3342,
tick_us,153.4,276
frame_ms,0.7194,
frame_ms,0.4636,
frame_ms,0.3234,
frame_ms,0.3719,
frame_ms,0.3331,
frame_ms,0.3358,
frame_ms,0.3365,
frame_ms,0.2597,
frame_ms,0.2193,
frame_ms,0.2229,
frame_ms,0.2132,
frame_ms,0.2095,
frame_ms,0.2539,
frame_ms,0.249,
frame_ms,0.3493,
frame_ms,0.2302,
frame_ms,0.2307,
frame_ms,0.2167,
frame_ms,0.2133,
frame_ms,0.2501,
frame_ms,0.2307,
frame_ms,0.218,
frame_ms,0.2112,
frame_ms,0.2569,
frame_ms,0.2288,
tick_us,125.2,278
frame_ms,0.4897,
frame_ms,0.2362,
frame_ms,0.2097,
frame_ms,0.2169,
frame_ms,0.2709,
frame_ms,0.3348,
frame_ms,0.2648,
frame_ms,0.2402,
frame_ms,0.2395,
frame_ms,0.2408,
frame_ms,0.2287,
frame_ms,0.2937,
frame_ms,0.3342,
frame_ms,0.2263,
frame_ms,0.2179,
frame_ms,0.2136,
frame_ms,0.2183,
frame_ms,0.2527,
frame_ms,0.2293,
frame_ms,0.2103,
frame_ms,0.2381,
frame_ms,0.2244,
frame_ms,0.2552,
frame_ms,0.4991,
frame_ms,0.3696,
tick_us,200.1,286
frame_ms,0.8391,
frame_ms,0.2965,
frame_ms,0.3098,
frame_ms,0.3279,
frame_ms,0.3127,
frame_ms,0.267,
frame_ms,0.2324,
frame_ms,0.2336,
frame_ms,0.2666,
frame_ms,0.2831,
frame_ms,0.2415,
frame_ms,0.2334,
frame_ms,0.2286,
frame_ms,0.228,
frame_ms,0.2475,
frame_ms,0.2166,
frame_ms,0.2752,
frame_ms,0.2452,
frame_ms,0.2199,
frame_ms,0.2397,
frame_ms,0.2486,
frame_ms,0.2321,
frame_ms,0.2225,
frame_ms,0.2189,
frame_ms,0.2541,
tick_us,122,278
frame_ms,0.5718,
frame_ms,0.2792,
frame_ms,0.5819,
frame_ms,0.3457,
frame_ms,0.3536,
frame_ms,0.423,
frame_ms,0.3463,
frame_ms,0.3481,
frame_ms,0.3342,
frame_ms,0.3503,
frame_ms,0.3281,
frame_ms,0.3633,
frame_ms,0.2642,
frame_ms,0.2306,
frame_ms,0.287,
frame_ms,0.2574,
frame_ms,0.2294,
frame_ms,0.2337,
frame_ms,0.2203,
frame_ms,0.2235,
frame_ms,0.2558,
frame_ms,0.2752,
tick_us,122.6,292
frame_ms,0.5126,
frame_ms,0.242,
frame_ms,0.2189,
frame_ms,0.2226,
frame_ms,0.2704,
frame_ms,0.5778,
frame_ms,0.3547,
frame_ms,0.2602,
frame_ms,0.2217,
frame_ms,0.3069,
frame_ms,0.2166,
frame_ms,0.2195,
frame_ms,0.2212,
frame_ms,0.2288,
frame_ms,0.2546,
frame_ms,0.2264,
frame_ms,0.2143,
frame_ms,0.2104,
frame_ms,0.2399,
frame_ms,0.2211,
frame_ms,0.2228,
frame_ms,0.2406,
frame_ms,0.2646,
frame_ms,0.226,
frame_ms,0.2762,
frame_ms,0.2285,
tick_us,142.1,286
frame_ms,0.5341,
frame_ms,0.2399,
frame_ms,0.2171,
frame_ms,0.2178,
frame_ms,0.2076,
frame_ms,0.2175,
frame_ms,0.2549,
frame_ms,0.2727,
frame_ms,0.2357,
frame_ms,0.225,
frame_ms,0.2179,
frame_ms,0.3043,
frame_ms,0.2656,
frame_ms,0.2898,
frame_ms,0.2418,
frame_ms,0.2236,
frame_ms,0.218,
frame_ms,0.3238,
frame_ms,0.2519,
frame_ms,0.2223,
frame_ms,0.2085,
frame_ms,0.207,
frame_ms,0.2636,
frame_ms,0.2564,
frame_ms,0.2204,
frame_ms,0.2148,
frame_ms,0.2654,
frame_ms,0.2406,
tick_us,118.6,284
frame_ms,0.5295,
frame_ms,0.252,
frame_ms,0.221,
frame_ms,0.2991,
frame_ms,0.2259,
frame_ms,0.2219,
frame_ms,0.2106,
frame_ms,0.2459,
frame_ms,0.2585,
frame_ms,0.2294,
frame_ms,0.2144,
frame_ms,0.2958,
frame_ms,0.2713,
frame_ms,0.2501,
frame_ms,0.2241,
frame_ms,0.2309,
frame_ms,0.2184,
frame_ms,0.2447,
frame_ms,0.2249,
frame_ms,0.2134,
frame_ms,0.2341,
frame_ms,0.2279,
frame_ms,0.2547,
frame_ms,0.2118,
frame_ms,0.2477,
frame_ms,0.2286,
frame_ms,0.2257,
frame_ms,0.2063,
tick_us,127.1,286
frame_ms,0.5445,
frame_ms,0.2565,
frame_ms,0.2084,
frame_ms,0.2139,
frame_ms,0.2209,
frame_ms,0.2316,
frame_ms,0.2223,
frame_ms,0.2481,
frame_ms,0.2395,
frame_ms,0.2212,
frame_ms,0.2064,
frame_ms,0.2652,
frame_ms,0.3282,
frame_ms,0.4071,
frame_ms,0.3392,
frame_ms,0.3349,
frame_ms,0.3334,
frame_ms,0.3612,
frame_ms,0.2575,
frame_ms,0.2259,
frame_ms,0.2152,
frame_ms,0.464,
frame_ms,0.2406,
frame_ms,0.2165,
tick_us,121.8,284
frame_ms,0.5192,
frame_ms,0.2303,
frame_ms,0.2111,
frame_ms,0.2236,
frame_ms,0.2132,
frame_ms,0.2084,
frame_ms,0.2657,
frame_ms,0.2639,
frame_ms,0.2428,
frame_ms,0.2185,
frame_ms,0.2121,
frame_ms,0.2899,
frame_ms,0.2706,
frame_ms,0.2419,
frame_ms,0.2409,
frame_ms,0.2403,
frame_ms,0.2393,
frame_ms,0.2354,
frame_ms,0.2822,
frame_ms,0.2485,
frame_ms,0.5557,
frame_ms,0.3527,
frame_ms,0.3556,
frame_ms,0.3428,
frame_ms,0.397,
tick_us,123.6,280
frame_ms,0.5554,
frame_ms,0.258,
frame_ms,0.2303,
frame_ms,0.2428,
frame_ms,0.2247,
frame_ms,0.2181,
frame_ms,0.2709,
frame_ms,0.2105,
frame_ms,0.2458,
frame_ms,0.2268,
frame_ms,0.2108,
frame_ms,0.2269,
frame_ms,0.2182,
frame_ms,0.2047,
frame_ms,0.2116,
frame_ms,0.26,
frame_ms,0.2722,
frame_ms,0.224,
frame_ms,0.2731,
frame_ms,0.2291,
frame_ms,0.2153,
frame_ms,0.2535,
frame_ms,0.281,
frame_ms,0.2309,
frame_ms,0.2224,
frame_ms,0.2174,
frame_ms,0.2286,
frame_ms,0.218,
tick_us,124.6,288
frame_ms,0.5339,
frame_ms,0.2649,
frame_ms,0.2274,
frame_ms,0.2151,
frame_ms,0.2357,
frame_ms,0.289,
frame_ms,0.6984,
frame_ms,0.2569,
frame_ms,0.2221,
frame_ms,0.2287,
frame_ms,0.2388,
frame_ms,0.2079,
frame_ms,0.2062,
frame_ms,0.2555,
frame_ms,0.2782,
frame_ms,0.2348,
frame_ms,0.2243,
frame_ms,0.2173,
frame_ms,0.212,
frame_ms,0.2441,
frame_ms,0.2292,
frame_ms,0.2316,
frame_ms,0.2234,
frame_ms,0.2895,
frame_ms,0.2318,
tick_us,126.5,282
frame_ms,0.6592,
frame_ms,0.2791,
frame_ms,0.229,
frame_ms,0.2116,
frame_ms,0.2154,
frame_ms,0.2076,
frame_ms,0.2621,
frame_ms,0.221,
frame_ms,0.2085,
frame_ms,0.2409,
frame_ms,0.2244,
frame_ms,0.3191,
frame_ms,0.2685,
frame_ms,0.4506,
frame_ms,0.3404,
frame_ms,0.2715,
frame_ms,0.218,
frame_ms,0.2114,
frame_ms,0.2449,
frame_ms,0.2573,
frame_ms,0.227,
frame_ms,0.2158,
frame_ms,0.2312,
frame_ms,0.213,
frame_ms,0.2092,
frame_ms,0.2632,
frame_ms,0.2187,
tick_us,122,276
frame_ms,0.5084,
frame_ms,0.2542,
frame_ms,0.2665,
frame_ms,0.2116,
frame_ms,0.2188,
frame_ms,0.2146,
frame_ms,0.2222,
frame_ms,0.217,
frame_ms,0.2029,
frame_ms,0.2573,
frame_ms,0.23,
frame_ms,0.2095,
frame_ms,0.2172,
frame_ms,0.2448,
frame_ms,0.2519,
frame_ms,0.2581,
frame_ms,0.2293,
frame_ms,0.2728,
frame_ms,0.256,
frame_ms,0.2672,
frame_ms,0.227,
frame_ms,0.2273,
frame_ms,0.2168,
frame_ms,0.2771,
frame_ms,0.2862,
frame_ms,0.2196,
frame_ms,0.2142,
frame_ms,0.2071,
tick_us,115.3,282
frame_ms,0.4895,
frame_ms,0.2344,
frame_ms,0.2187,
frame_ms,0.2106,
frame_ms,0.2026,
frame_ms,0.2386,
frame_ms,0.2311,
frame_ms,0.7357,
frame_ms,0.3676,
frame_ms,0.2841,
frame_ms,0.2372,
frame_ms,0.2064,
frame_ms,0.2069,
frame_ms,0.2037,
frame_ms,0.2487,
frame_ms,0.2672,
frame_ms,0.2121,
frame_ms,0.2082,
frame_ms,0.2294,
frame_ms,0.2037,
frame_ms,0.2018,
frame_ms,0.2825,
frame_ms,0.2804,
frame_ms,0.2567,
frame_ms,0.3661,
frame_ms,0.2543,
tick_us,124,278
frame_ms,0.5194,
frame_ms,0.2376,
frame_ms,0.2163,
frame_ms,0.2261,
frame_ms,0.2337,
frame_ms,0.2175,
frame_ms,0.2099,
frame_ms,0.2545,
frame_ms,0.276,
frame_ms,0.2329,
frame_ms,0.3449,
frame_ms,0.2762,
frame_ms,0.2501,
frame_ms,0.3506,
frame_ms,0.2943,
frame_ms,0.3556,
frame_ms,0.2449,
frame_ms,0.2219,
frame_ms,0.2217,
frame_ms,0.221,
frame_ms,0.213,
frame_ms,0.2234,
frame_ms,0.2662,
frame_ms,0.228,
frame_ms,0.2091,
frame_ms,0.2347,
tick_us,158.7,274
frame_ms,0.7469,
frame_ms,0.4071,
frame_ms,0.3748,
frame_ms,0.3454,
frame_ms,0.2939,
frame_ms,0.2258,
frame_ms,0.2178,
frame_ms,0.2114,
frame_ms,0.2116,
frame_ms,0.2566,
frame_ms,0.2273,
frame_ms,0.2119,
frame_ms,0.2249,
frame_ms,0.2119,
frame_ms,0.3127,
frame_ms,0.3441,
frame_ms,0.3366,
frame_ms,0.2761,
frame_ms,0.217,
frame_ms,0.2255,
frame_ms,0.2165,
frame_ms,0.2115,
frame_ms,0.2472,
frame_ms,0.2296,
frame_ms,0.2128,
tick_us,120.5,266
frame_ms,0.4852,
frame_ms,0.2192,
frame_ms,0.2045,
frame_ms,0.2102,
frame_ms,0.2166,
frame_ms,0.2394,
frame_ms,0.2241,
frame_ms,0.2532,
frame_ms,0.2605,
frame_ms,0.2136,
frame_ms,0.2096,
frame_ms,0.2919,
frame_ms,0.2343,
frame_ms,0.2143,
frame_ms,0.2888,
frame_ms,0.2236,
frame_ms,0.2131,
frame_ms,0.2653,
frame_ms,0.2394,
frame_ms,0.214,
frame_ms,0.2054,
frame_ms,0.2623,
frame_ms,0.2275,
frame_ms,0.2586,
frame_ms,0.311,
frame_ms,0.2637,
frame_ms,0.2431,
frame_ms,0.2423,
tick_us,133.5,266
frame_ms,0.5319,
frame_ms,0.2839,
frame_ms,0.2408,
frame_ms,0.2144,
frame_ms,0.2191,
frame_ms,0.2081,
frame_ms,0.2058,
frame_ms,0.2389,
frame_ms,0.2304,
frame_ms,0.2263,
frame_ms,0.2396,
frame_ms,0.2265,
frame_ms,0.497,
frame_ms,0.3452,
frame_ms,0.2537,
frame_ms,0.234,
frame_ms,0.2225,
frame_ms,0.2797,
frame_ms,0.411,
frame_ms,0.2075,
frame_ms,0.2147,
frame_ms,0.2056,
frame_ms,0.2403,
frame_ms,0.2265,
frame_ms,0.2127,
frame_ms,0.2413,
frame_ms,0.2093,
tick_us,124.9,266
frame_ms,0.5719,
frame_ms,0.3321,
frame_ms,0.2587,
frame_ms,0.2361,
frame_ms,0.2439,
frame_ms,0.3054,
frame_ms,0.3293,
frame_ms,0.2145,
frame_ms,0.2136,
frame_ms,0.2086,
frame_ms,0.2066,
frame_ms,0.2438,
frame_ms,0.221,
frame_ms,0.2051,
frame_ms,0.2277,
frame_ms,0.2545,
frame_ms,0.2495,
frame_ms,0.2328,
frame_ms,0.2804,
frame_ms,0.2537,
frame_ms,0.2432,
frame_ms,0.2361,
frame_ms,0.2321,
frame_ms,0.2307,
frame_ms,0.225,
frame_ms,0.2927,
tick_us,121,264
frame_ms,0.6096,
frame_ms,0.2568,
frame_ms,0.2225,
frame_ms,0.226,
frame_ms,0.225,
frame_ms,0.2431,
frame_ms,0.2417,
frame_ms,0.3707,
frame_ms,0.2724,
frame_ms,0.2391,
frame_ms,0.2377,
frame_ms,0.2258,
frame_ms,0.2155,
frame_ms,0.2154,
frame_ms,0.2122,
frame_ms,0.289,
frame_ms,0.2341,
frame_ms,0.2225,
frame_ms,0.241,
frame_ms,0.2269,
frame_ms,0.22,
frame_ms,0.2348,
frame_ms,0.2662,
frame_ms,0.2303,
frame_ms,0.2844,
frame_ms,0.224,
frame_ms,0.2159,
frame_ms,0.221,
tick_us,127,270
frame_ms,0.5505,
frame_ms,0.2462,
frame_ms,0.21,
frame_ms,0.214,
frame_ms,0.4685,
frame_ms,0.2403,
frame_ms,0.2142,
frame_ms,0.204,
frame_ms,0.2057,
frame_ms,0.3129,
frame_ms,0.2909,
frame_ms,0.302,
frame_ms,0.2496,
frame_ms,0.2251,
frame_ms,0.2213,
frame_ms,0.2122,
frame_ms,0.208,
frame_ms,0.265,
frame_ms,0.2207,
frame_ms,0.2036,
frame_ms,0.2364,
frame_ms,0.2213,
frame_ms,0.2016,
frame_ms,0.2509,
frame_ms,0.222,
frame_ms,0.2015,
frame_ms,0.2437,
tick_us,121,266
frame_ms,0.5115,
frame_ms,0.2398,
frame_ms,0.2287,
frame_ms,0.2196,
frame_ms,0.2085,
frame_ms,0.2503,
frame_ms,0.2472,
frame_ms,0.2132,
frame_ms,0.2058,
frame_ms,0.2502,
frame_ms,0.2196,
frame_ms,0.2056,
frame_ms,0.2474,
frame_ms,0.2168,
frame_ms,0.2029,
frame_ms,0.2464,
frame_ms,0.2244,
frame_ms,0.2784,
frame_ms,0.2197,
frame_ms,0.2546,
frame_ms,0.2165,
frame_ms,0.2213,
frame_ms,0.2114,
frame_ms,0.2019,
frame_ms,0.2786,
frame_ms,0.3505,
frame_ms,0.2235,
frame_ms,0.2167,
frame_ms,0.2075,
tick_us,121.8,270
frame_ms,0.4862,
frame_ms,0.2561,
frame_ms,0.272,
frame_ms,0.2199,
frame_ms,0.217,
frame_ms,0.2288,
frame_ms,0.2116,
frame_ms,0.2669,
frame_ms,0.2621,
frame_ms,0.4304,
frame_ms,0.5317,
frame_ms,0.2535,
frame_ms,0.2632,
frame_ms,0.2212,
frame_ms,0.2151,
frame_ms,0.2077,
frame_ms,0.2054,
frame_ms,0.2419,
frame_ms,0.2197,
frame_ms,0.2064,
frame_ms,0.3119,
frame_ms,0.2781,
frame_ms,0.2372,
frame_ms,0.2233,
frame_ms,0.341,
tick_us,178.1,276
frame_ms,0.8049,
frame_ms,0.3793,
frame_ms,0.3596,
frame_ms,0.2862,
frame_ms,0.2282,
frame_ms,0.2165,
frame_ms,0.2253,
frame_ms,0.2096,
frame_ms,0.2252,
frame_ms,0.2087,
frame_ms,0.9242,
frame_ms,0.2711,
frame_ms,0.24,
frame_ms,0.2451,
frame_ms,0.2304,
frame_ms,0.2255,
frame_ms,0.2171,
frame_ms,0.2253,
frame_ms,0.234,
frame_ms,0.2191,
frame_ms,0.2385,
frame_ms,0.23,
frame_ms,0.2137,
frame_ms,0.2252,
tick_us,124.3,272
frame_ms,0.5168,
frame_ms,0.3145,
frame_ms,0.2459,
frame_ms,0.234,
frame_ms,0.2451,
frame_ms,0.2154,
frame_ms,0.2066,
frame_ms,0.2482,
frame_ms,0.2664,
frame_ms,0.2287,
frame_ms,0.2231,
frame_ms,0.2142,
frame_ms,0.2388,
frame_ms,0.3531,
frame_ms,0.5631,
frame_ms,0.3602,
frame_ms,0.3717,
frame_ms,0.3459,
frame_ms,0.4354,
frame_ms,0.347,
frame_ms,0.3349,
frame_ms,0.3305,
tick_us,141.2,268
frame_ms,0.6406,
frame_ms,0.3074,
frame_ms,0.2513,
frame_ms,0.2144,
frame_ms,0.2261,
frame_ms,0.2236,
frame_ms,0.2189,
frame_ms,0.2105,
frame_ms,0.264,
frame_ms,0.239,
frame_ms,0.2107,
frame_ms,0.2638,
frame_ms,0.2121,
frame_ms,0.2019,
frame_ms,0.2592,
frame_ms,0.2254,
frame_ms,0.2122,
frame_ms,0.2331,
frame_ms,0.2606,
frame_ms,0.2287,
frame_ms,0.2238,
frame_ms,0.2137,
frame_ms,0.2788,
frame_ms,0.2942,
frame_ms,0.2495,
frame_ms,0.24,
frame_ms,0.2557,
frame_ms,0.2433,
tick_us,119.3,272
frame_ms,0.5514,
frame_ms,0.2708,
frame_ms,0.2206,
frame_ms,0.2569,
frame_ms,0.2123,
frame_ms,0.21,
frame_ms,0.2071,
frame_ms,0.3107,
frame_ms,0.2366,
frame_ms,0.2073,
frame_ms,0.2941,
frame_ms,0.2636,
frame_ms,0.2637,
frame_ms,0.2252,
frame_ms,0.4027,
frame_ms,0.3599,
frame_ms,0.3384,
frame_ms,0.4184,
frame_ms,0.3398,
frame_ms,0.361,
frame_ms,0.2639,
frame_ms,0.2295,
frame_ms,0.2135,
frame_ms,0.2139,
tick_us,122.6,272
frame_ms,0.5571,
frame_ms,0.3021,
frame_ms,0.2428,
frame_ms,0.2322,
frame_ms,0.2357,
frame_ms,0.2356,
frame_ms,0.2976,
frame_ms,0.2523,
frame_ms,0.2212,
frame_ms,0.2137,
frame_ms,0.2126,
frame_ms,0.2601,
frame_ms,0.229,
frame_ms,0.2095,
frame_ms,0.2594,
frame_ms,0.2252,
frame_ms,0.224,
frame_ms,0.229,
frame_ms,0.2576,
frame_ms,0.2384,
frame_ms,0.3311,
frame_ms,0.2953,
frame_ms,0.242,
frame_ms,0.2329,
frame_ms,0.2602,
frame_ms,0.238,
frame_ms,0.2215,
tick_us,124.5,260
frame_ms,0.4939,
frame_ms,0.2239,
frame_ms,0.2058,
frame_ms,0.2191,
frame_ms,0.2071,
frame_ms,0.279,
frame_ms,0.41,
frame_ms,0.2565,
frame_ms,0.2165,
frame_ms,0.2282,
frame_ms,0.2874,
frame_ms,0.3402,
frame_ms,0.2115,
frame_ms,0.213,
frame_ms,0.2051,
frame_ms,0.2359,
frame_ms,0.3267,
frame_ms,0.4327,
frame_ms,0.3442,
frame_ms,0.4256,
frame_ms,0.2669,
frame_ms,0.2403,
frame_ms,0.3795,
frame_ms,0.2789,
tick_us,126.3,262
frame_ms,0.5073,
frame_ms,0.2724,
frame_ms,0.221,
frame_ms,0.2352,
frame_ms,0.2634,
frame_ms,0.2148,
frame_ms,0.2091,
frame_ms,0.2533,
frame_ms,0.2585,
frame_ms,0.2312,
frame_ms,0.2432,
frame_ms,0.2225,
frame_ms,0.2178,
frame_ms,0.2632,
frame_ms,0.2907,
frame_ms,0.2468,
frame_ms,0.2191,
frame_ms,0.2422,
frame_ms,0.2093,
frame_ms,0.2818,
frame_ms,0.2366,
frame_ms,0.2081,
frame_ms,0.2719,
frame_ms,0.2291,
frame_ms,0.2098,
frame_ms,0.2181,
frame_ms,0.2439,
frame_ms,0.2239,
tick_us,132.6,272
frame_ms,0.5877,
frame_ms,0.3679,
frame_ms,0.2649,
frame_ms,0.2794,
frame_ms,0.2399,
frame_ms,0.3289,
frame_ms,0.2497,
frame_ms,0.2108,
frame_ms,0.2383,
frame_ms,0.2185,
frame_ms,0.2125,
frame_ms,0.2098,
frame_ms,0.2741,
frame_ms,0.229,
frame_ms,0.2234,
frame_ms,0.2736,
frame_ms,0.2932,
frame_ms,0.2507,
frame_ms,0.2444,
frame_ms,0.2408,
frame_ms,0.277,
frame_ms,0.2404,
frame_ms,0.2142,
frame_ms,0.2178,
frame_ms,0.2582,
frame_ms,0.223,
frame_ms,0.2175,
tick_us,128,270
frame_ms,0.5047,
frame_ms,0.223,
frame_ms,0.2037,
frame_ms,0.2021,
frame_ms,0.2529,
frame_ms,0.5941,
frame_ms,0.3109,
frame_ms,0.243,
frame_ms,0.2241,
frame_ms,0.2299,
frame_ms,0.2565,
frame_ms,0.217,
frame_ms,0.2123,
frame_ms,0.281,
frame_ms,0.2298,
frame_ms,0.2362,
frame_ms,0.2238,
frame_ms,0.2132,
frame_ms,0.2675,
frame_ms,0.2363,
frame_ms,0.2322,
frame_ms,0.212,
frame_ms,0.2551,
frame_ms,0.2841,
frame_ms,0.2332,
frame_ms,0.2283,
tick_us,134.3,286
frame_ms,0.5311,
frame_ms,0.251,
frame_ms,0.2244,
frame_ms,0.2144,
frame_ms,0.2281,
frame_ms,0.2067,
frame_ms,0.2441,
frame_ms,0.2552,
frame_ms,0.2326,
frame_ms,0.2118,
frame_ms,0.2149,
frame_ms,0.2824,
frame_ms,0.2626,
frame_ms,0.232,
frame_ms,0.2153,
frame_ms,0.2482,
frame_ms,0.2431,
frame_ms,0.2197,
frame_ms,0.3042,
frame_ms,0.4653,
frame_ms,0.3501,
frame_ms,0.3387,
frame_ms,0.3349,
frame_ms,0.2968,
frame_ms,0.2282,
frame_ms,0.2471,
tick_us,124,284
frame_ms,0.5737,
frame_ms,0.2754,
frame_ms,0.2404,
frame_ms,0.2401,
frame_ms,0.2383,
frame_ms,0.2723,
frame_ms,0.2381,
frame_ms,0.2144,
frame_ms,0.2301,
frame_ms,0.2121,
frame_ms,0.2148,
frame_ms,0.2391,
frame_ms,0.5075,
frame_ms,0.3465,
frame_ms,0.3616,
frame_ms,0.3042,
frame_ms,0.3729,
frame_ms,0.2577,
frame_ms,0.2269,
frame_ms,0.2251,
frame_ms,0.2228,
frame_ms,0.2129,
frame_ms,0.221,
frame_ms,0.2653,
tick_us,118.7,286
frame_ms,0.5162,
frame_ms,0.2462,
frame_ms,0.2141,
frame_ms,0.2133,
frame_ms,0.2065,
frame_ms,0.2352,
frame_ms,0.2865,
frame_ms,0.3187,
frame_ms,0.2336,
frame_ms,0.286,
frame_ms,0.2493,
frame_ms,0.2196,
frame_ms,0.2095,
frame_ms,0.2073,
frame_ms,0.4155,
frame_ms,0.359,
frame_ms,0.3393,
frame_ms,0.3349,
frame_ms,0.3343,
frame_ms,0.3233,
frame_ms,0.2859,
frame_ms,0.2322,
frame_ms,0.2638,
frame_ms,0.2323,
frame_ms,0.2278,
tick_us,123.3,288
frame_ms,0.5367,
frame_ms,0.3357,
frame_ms,0.2537,
frame_ms,0.2226,
frame_ms,0.2274,
frame_ms,0.2196,
frame_ms,0.213,
frame_ms,0.2356,
frame_ms,0.2264,
frame_ms,0.2116,
frame_ms,0.2963,
frame_ms,0.2945,
frame_ms,0.5688,
frame_ms,0.2848,
frame_ms,0.2618,
frame_ms,0.2297,
frame_ms,0.3027,
frame_ms,0.2903,
frame_ms,0.308,
frame_ms,0.2488,
frame_ms,0.2278,
frame_ms,0.235,
frame_ms,0.2337,
frame_ms,0.2305,
frame_ms,0.2683,
tick_us,124.6,282
frame_ms,0.5379,
frame_ms,0.2496,
frame_ms,0.2163,
frame_ms,0.2183,
frame_ms,0.2108,
frame_ms,0.2083,
frame_ms,0.2263,
frame_ms,0.2804,
frame_ms,0.2337,
frame_ms,0.2168,
frame_ms,0.217,
frame_ms,0.2089,
frame_ms,0.2955,
frame_ms,0.2355,
frame_ms,0.2114,
frame_ms,0.2442,
frame_ms,0.2172,
frame_ms,0.2149,
frame_ms,0.2511,
frame_ms,0.2397,
frame_ms,0.225,
frame_ms,0.2099,
frame_ms,0.2555,
frame_ms,0.2289,
frame_ms,0.2126,
frame_ms,0.2215,
frame_ms,0.2462,
frame_ms,0.2232,
frame_ms,0.2045,
tick_us,117.2,286
frame_ms,0.5173,
frame_ms,0.2441,
frame_ms,0.2052,
frame_ms,0.21,
frame_ms,0.2014,
frame_ms,0.2681,
frame_ms,0.2572,
frame_ms,0.254,
frame_ms,0.2176,
frame_ms,0.2172,
frame_ms,0.2763,
frame_ms,0.2487,
frame_ms,0.2105,
frame_ms,0.2087,
frame_ms,0.2396,
frame_ms,0.2253,
frame_ms,0.2073,
frame_ms,0.2423,
frame_ms,0.2205,
frame_ms,0.2006,
frame_ms,0.2336,
frame_ms,0.2262,
frame_ms,0.2005,
frame_ms,0.415,
frame_ms,0.4138,
frame_ms,0.3545,
tick_us,119.2,284
frame_ms,0.8415,
frame_ms,0.3049,
frame_ms,0.2247,
frame_ms,0.2114,
frame_ms,0.2097,
frame_ms,0.2032,
frame_ms,0.2656,
frame_ms,0.2278,
frame_ms,0.2078,
frame_ms,0.2485,
frame_ms,0.3228,
frame_ms,0.271,
frame_ms,0.2284,
frame_ms,0.2309,
frame_ms,0.2201,
frame_ms,0.2136,
frame_ms,0.2318,
frame_ms,0.2085,
frame_ms,0.3393,
frame_ms,0.2625,
frame_ms,0.2212,
frame_ms,0.2119,
frame_ms,0.2057,
frame_ms,0.2677,
frame_ms,0.2309,
frame_ms,0.2086,
frame_ms,0.2349,
tick_us,124.2,278
frame_ms,0.6024,
frame_ms,0.3099,
frame_ms,0.2433,
frame_ms,0.2454,
frame_ms,0.2492,
frame_ms,0.2489,
frame_ms,0.2679,
frame_ms,0.2341,
frame_ms,0.2122,
frame_ms,0.218,
frame_ms,0.2479,
frame_ms,0.2176,
frame_ms,0.2023,
frame_ms,0.2535,
frame_ms,0.2407,
frame_ms,0.2606,
frame_ms,0.2741,
frame_ms,0.244,
frame_ms,0.3462,
frame_ms,0.4026,
frame_ms,0.3509,
frame_ms,0.444,
frame_ms,0.3444,
frame_ms,0.344,
tick_us,122.4,268
frame_ms,0.5372,
frame_ms,0.2497,
frame_ms,0.231,
frame_ms,0.2202,
frame_ms,0.2233,
frame_ms,0.2368,
frame_ms,0.2309,
frame_ms,0.2772,
frame_ms,0.3137,
frame_ms,0.2394,
frame_ms,0.2543,
frame_ms,0.2582,
frame_ms,0.2439,
frame_ms,0.2159,
frame_ms,0.231,
frame_ms,0.2249,
frame_ms,0.2077,
frame_ms,0.2525,
frame_ms,0.3005,
frame_ms,0.2366,
frame_ms,0.2198,
frame_ms,0.2106,
frame_ms,0.2855,
frame_ms,0.4178,
frame_ms,0.2688,
frame_ms,0.2406,
frame_ms,0.2211,
tick_us,126.5,272
frame_ms,0.5141,
frame_ms,0.237,
frame_ms,0.2173,
frame_ms,0.2189,
frame_ms,0.2154,
frame_ms,0.2111,
frame_ms,0.2494,
frame_ms,0.268,
frame_ms,0.2274,
frame_ms,0.2212,
frame_ms,0.213,
frame_ms,0.2225,
frame_ms,0.7272,
frame_ms,0.2617,
frame_ms,0.2223,
frame_ms,0.2134,
frame_ms,0.2158,
frame_ms,0.2085,
frame_ms,0.4237,
frame_ms,0.3589,
frame_ms,0.3405,
frame_ms,0.3338,
frame_ms,0.403,
frame_ms,0.3298,
tick_us,122.3,262
frame_ms,0.4934,
frame_ms,0.236,
frame_ms,0.2203,
frame_ms,0.2208,
frame_ms,0.2124,
frame_ms,0.2239,
frame_ms,0.2635,
frame_ms,0.23,
frame_ms,0.21,
frame_ms,0.247,
frame_ms,0.227,
frame_ms,0.2117,
frame_ms,0.2388,
frame_ms,0.2265,
frame_ms,0.4061,
frame_ms,0.2383,
frame_ms,0.2351,
frame_ms,0.2162,
frame_ms,0.6083,
frame_ms,0.2837,
frame_ms,0.2726,
frame_ms,0.2399,
frame_ms,0.2279,
frame_ms,0.2221,
frame_ms,0.2269,
frame_ms,0.2581,
tick_us,127.9,260
frame_ms,0.5448,
frame_ms,0.2432,
frame_ms,0.2159,
frame_ms,0.2182,
frame_ms,0.3513,
frame_ms,0.2895,
frame_ms,0.2355,
frame_ms,0.2278,
frame_ms,0.2201,
frame_ms,0.2157,
frame_ms,0.2122,
frame_ms,0.2862,
frame_ms,0.3623,
frame_ms,0.2322,
frame_ms,0.2212,
frame_ms,0.2211,
frame_ms,0.2108,
frame_ms,0.2418,
frame_ms,0.2277,
frame_ms,0.2113,
frame_ms,0.2201,
frame_ms,0.3023,
frame_ms,0.2445,
frame_ms,0.2275,
frame_ms,0.2267,
frame_ms,0.2074,
frame_ms,0.2367,
tick_us,124.3,266
frame_ms,0.5536,
frame_ms,0.241,
frame_ms,0.2157,
frame_ms,0.2179,
frame_ms,0.2177,
frame_ms,0.2103,
frame_ms,0.2383,
frame_ms,0.3443,
frame_ms,0.3734,
frame_ms,0.4257,
frame_ms,0.2669,
frame_ms,0.2273,
frame_ms,0.2285,
frame_ms,0.2933,
frame_ms,0.3393,
frame_ms,0.2174,
frame_ms,0.2163,
frame_ms,0.2149,
frame_ms,0.21,
frame_ms,0.2488,
frame_ms,0.2269,
frame_ms,0.2134,
frame_ms,0.2246,
frame_ms,0.2108,
frame_ms,0.2021,
frame_ms,0.4576,
tick_us,153.2,264
frame_ms,0.707,
frame_ms,0.3438,
frame_ms,0.3401,
frame_ms,0.2841,
frame_ms,0.2268,
frame_ms,0.2177,
frame_ms,0.2094,
frame_ms,0.2095,
frame_ms,0.2668,
frame_ms,0.2309,
frame_ms,0.2083,
frame_ms,0.2195,
frame_ms,0.2124,
frame_ms,0.214,
frame_ms,0.3205,
frame_ms,0.2258,
frame_ms,0.227,
frame_ms,0.2179,
frame_ms,0.2063,
frame_ms,0.2337,
frame_ms,0.2277,
frame_ms,0.2039,
frame_ms,0.283,
frame_ms,0.2303,
frame_ms,0.2097,
frame_ms,0.2654,
frame_ms,0.2312,
tick_us,125.5,266
frame_ms,0.4875,
frame_ms,0.2396,
frame_ms,0.2089,
frame_ms,0.2132,
frame_ms,0.2266,
frame_ms,0.2315,
frame_ms,0.2364,
frame_ms,0.2085,
frame_ms,0.2917,
frame_ms,0.2505,
frame_ms,0.211,
frame_ms,0.2153,
frame_ms,0.3279,
frame_ms,0.3897,
frame_ms,0.407,
frame_ms,0.3379,
frame_ms,0.3323,
frame_ms,0.3387,
frame_ms,0.2634,
frame_ms,0.233,
frame_ms,0.2196,
frame_ms,0.2173,
frame_ms,0.3294,
frame_ms,0.2657,
frame_ms,0.2521,
tick_us,124.9,274
frame_ms,0.5348,
frame_ms,0.2757,
frame_ms,0.3245,
frame_ms,0.2282,
frame_ms,0.2243,
frame_ms,0.2262,
frame_ms,0.21,
frame_ms,0.2081,
frame_ms,0.2494,
frame_ms,0.2273,
frame_ms,0.222,
frame_ms,0.2271,
frame_ms,0.2418,
frame_ms,0.2381,
frame_ms,0.2121,
frame_ms,0.2275,
frame_ms,0.229,
frame_ms,0.2111,
frame_ms,0.2045,
frame_ms,0.2512,
frame_ms,0.2208,
frame_ms,0.2053,
frame_ms,0.2503,
frame_ms,0.2197,
frame_ms,0.2043,
frame_ms,0.3668,
frame_ms,0.2776,
frame_ms,0.2617,
tick_us,119.6,276
frame_ms,0.5234,
frame_ms,0.2397,
frame_ms,0.2169,
frame_ms,0.2215,
frame_ms,0.2071,
frame_ms,0.2108,
frame_ms,0.2563,
frame_ms,0.2284,
frame_ms,0.2123,
frame_ms,0.246,
frame_ms,0.2347,
frame_ms,0.2077,
frame_ms,0.2526,
frame_ms,0.2203,
frame_ms,0.2011,
frame_ms,0.245,
frame_ms,0.2414,
frame_ms,0.2914,
frame_ms,0.2757,
frame_ms,0.2218,
frame_ms,0.2165,
frame_ms,0.258,
frame_ms,0.3172,
frame_ms,0.2187,
frame_ms,0.2114,
frame_ms,0.2042,
frame_ms,0.2348,
frame_ms,0.2343,
tick_us,117.3,284
frame_ms,0.4832,
frame_ms,0.2289,
frame_ms,0.2005,
frame_ms,0.2073,
frame_ms,0.7786,
frame_ms,0.3578,
frame_ms,0.2787,
frame_ms,0.2596,
frame_ms,0.2555,
frame_ms,0.2459,
frame_ms,0.2503,
frame_ms,0.2709,
frame_ms,0.2559,
frame_ms,0.2502,
frame_ms,0.25,
frame_ms,0.2452,
frame_ms,0.2516,
frame_ms,0.2344,
frame_ms,0.2384,
frame_ms,0.428,
frame_ms,0.3889,
frame_ms,0.5387,
tick_us,165,290
frame_ms,0.6373,
frame_ms,0.5247,
frame_ms,0.3417,
frame_ms,0.3723,
frame_ms,0.2764,
frame_ms,0.3549,
frame_ms,0.354,
frame_ms,0.3604,
frame_ms,0.2728,
frame_ms,0.3127,
frame_ms,0.2388,
frame_ms,0.2335,
frame_ms,0.2422,
frame_ms,0.3292,
frame_ms,0.2563,
frame_ms,0.2301,
frame_ms,0.2274,
frame_ms,0.2257,
frame_ms,0.2248,
frame_ms,0.2518,
frame_ms,0.2339,
frame_ms,0.3389,
tick_us,167.1,292
frame_ms,0.7026,
frame_ms,0.4469,
frame_ms,0.3683,
frame_ms,0.3676,
frame_ms,0.281,
frame_ms,0.2193,
frame_ms,0.2195,
frame_ms,0.2159,
frame_ms,0.2396,
frame_ms,0.2229,
frame_ms,0.2126,
frame_ms,0.2925,
frame_ms,0.2457,
frame_ms,0.2165,
frame_ms,0.2582,
frame_ms,0.2376,
frame_ms,0.798,
frame_ms,0.2589,
frame_ms,0.2266,
frame_ms,0.2262,
frame_ms,0.2357,
frame_ms,0.2131,
frame_ms,0.2259,
tick_us,150.8,284
frame_ms,0.644,
frame_ms,0.2859,
frame_ms,0.2435,
frame_ms,0.2161,
frame_ms,0.2541,
frame_ms,0.2386,
frame_ms,0.2291,
frame_ms,0.2169,
frame_ms,0.2522,
frame_ms,0.2852,
frame_ms,0.2581,
frame_ms,0.2239,
frame_ms,0.2805,
frame_ms,0.2124,
frame_ms,0.211,
frame_ms,0.2161,
frame_ms,0.2129,
frame_ms,0.3419,
frame_ms,0.2997,
frame_ms,0.2363,
frame_ms,0.2246,
frame_ms,0.2925,
frame_ms,0.2595,
frame_ms,0.2273,
frame_ms,0.2143,
frame_ms,0.2132,
frame_ms,0.2716,
tick_us,133.3,290
frame_ms,0.5345,
frame_ms,0.2277,
frame_ms,0.2091,
frame_ms,0.2154,
frame_ms,0.2087,
frame_ms,0.2137,
frame_ms,0.2803,
frame_ms,0.2422,
frame_ms,0.2234,
frame_ms,0.2162,
frame_ms,0.2158,
frame_ms,0.4694,
frame_ms,0.4241,
frame_ms,0.3618,
frame_ms,0.3694,
frame_ms,0.3687,
frame_ms,0.2573,
frame_ms,0.219,
frame_ms,0.2166,
frame_ms,0.2545,
frame_ms,0.2215,
frame_ms,0.2343,
frame_ms,0.2261,
frame_ms,0.2096,
frame_ms,0.2699,
tick_us,125.8,292
frame_ms,0.5359,
frame_ms,0.2459,
frame_ms,0.2198,
frame_ms,0.2613,
frame_ms,0.2103,
frame_ms,0.2463,
frame_ms,0.2084,
frame_ms,0.2798,
frame_ms,0.2525,
frame_ms,0.2119,
frame_ms,0.267,
frame_ms,0.2816,
frame_ms,0.25,
frame_ms,0.2402,
frame_ms,0.2309,
frame_ms,0.2286,
frame_ms,0.24,
frame_ms,0.2532,
frame_ms,0.7642,
frame_ms,0.4069,
frame_ms,0.4346,
frame_ms,0.3477,
frame_ms,0.3355,
tick_us,121.5,290
frame_ms,0.5394,
frame_ms,0.2424,
frame_ms,0.211,
frame_ms,0.2166,
frame_ms,0.2092,
frame_ms,0.2439,
frame_ms,0.2379,
frame_ms,0.2379,
frame_ms,0.2077,
frame_ms,0.2548,
frame_ms,0.2325,
frame_ms,0.2116,
frame_ms,0.2544,
frame_ms,0.2448,
frame_ms,0.2185,
frame_ms,0.21,
frame_ms,0.2372,
frame_ms,0.2247,
frame_ms,0.2017,
frame_ms,0.2498,
frame_ms,0.2263,
frame_ms,0.2077,
frame_ms,0.2423,
frame_ms,0.2252,
frame_ms,0.2112,
frame_ms,0.2264,
frame_ms,0.3616,
frame_ms,0.3476,
tick_us,135.7,298
frame_ms,0.6455,
frame_ms,0.247,
frame_ms,0.2169,
frame_ms,0.219,
frame_ms,0.2167,
frame_ms,0.2244,
frame_ms,0.2599,
frame_ms,0.2541,
frame_ms,0.2167,
frame_ms,0.2074,
frame_ms,0.2611,
frame_ms,0.2883,
frame_ms,1.1493,
frame_ms,0.3486,
frame_ms,0.4439,
frame_ms,0.348,
frame_ms,0.3343,
frame_ms,0.2932,
frame_ms,0.2402,
frame_ms,0.2077,
frame_ms,0.2106,
frame_ms,0.2044,
tick_us,127.4,300
frame_ms,0.5682,
frame_ms,0.2588,
frame_ms,0.2157,
frame_ms,0.2187,
frame_ms,0.2099,
frame_ms,0.2093,
frame_ms,0.3173,
frame_ms,0.2763,
frame_ms,0.2569,
frame_ms,0.2304,
frame_ms,0.2197,
frame_ms,0.2145,
frame_ms,0.2411,
frame_ms,0.2268,
frame_ms,0.2147,
frame_ms,0.2746,
frame_ms,0.2737,
frame_ms,0.2343,
frame_ms,0.2246,
frame_ms,0.2161,
frame_ms,0.2842,
frame_ms,0.2745,
frame_ms,0.2817,
frame_ms,0.2457,
frame_ms,0.2376,
frame_ms,0.3135,
frame_ms,0.2447,
tick_us,153.8,304
frame_ms,0.5508,
frame_ms,0.3677,
frame_ms,0.2879,
frame_ms,0.2923,
frame_ms,0.2966,
frame_ms,0.2343,
frame_ms,0.6708,
frame_ms,0.2667,
frame_ms,0.2386,
frame_ms,0.2243,
frame_ms,0.2261,
frame_ms,0.221,
frame_ms,0.2158,
frame_ms,0.2235,
frame_ms,0.269,
frame_ms,0.3066,
frame_ms,0.2299,
frame_ms,0.2184,
frame_ms,0.3765,
frame_ms,0.3342,
frame_ms,0.2829,
frame_ms,0.2666,
frame_ms,0.2494,
tick_us,135.6,294
frame_ms,0.5949,
frame_ms,0.4395,
frame_ms,0.3618,
frame_ms,0.353,
frame_ms,0.3506,
frame_ms,0.3568,
frame_ms,0.3396,
frame_ms,0.3991,
frame_ms,0.3705,
frame_ms,0.2881,
frame_ms,0.2711,
frame_ms,0.2252,
frame_ms,0.2144,
frame_ms,0.2099,
frame_ms,0.2428,
frame_ms,0.2651,
frame_ms,0.2337,
frame_ms,0.2222,
frame_ms,0.2148,
frame_ms,0.2107,
frame_ms,0.2651,
frame_ms,0.2336,
frame_ms,0.2171,
tick_us,128.9,296
frame_ms,0.5453,
frame_ms,0.2659,
frame_ms,0.4483,
frame_ms,0.2682,
frame_ms,0.2271,
frame_ms,0.2176,
frame_ms,0.2391,
frame_ms,0.2192,
frame_ms,0.3066,
frame_ms,0.2637,
frame_ms,0.2368,
frame_ms,0.2271,
frame_ms,0.2102,
frame_ms,0.2459,
frame_ms,0.2593,
frame_ms,0.2515,
frame_ms,0.2226,
frame_ms,0.2185,
frame_ms,0.2081,
frame_ms,0.309,
frame_ms,0.2678,
frame_ms,0.227,
frame_ms,0.2257,
frame_ms,0.2404,
frame_ms,0.2159,
frame_ms,0.2788,
frame_ms,0.2459,
tick_us,121.5,300
frame_ms,0.4941,
frame_ms,0.24,
frame_ms,0.2269,
frame_ms,0.2192,
frame_ms,0.2064,
frame_ms,0.2297,
frame_ms,0.2173,
frame_ms,0.2855,
frame_ms,0.2852,
frame_ms,0.2348,
frame_ms,0.2308,
frame_ms,0.2382,
frame_ms,0.2185,
frame_ms,0.2338,
frame_ms,0.3505,
frame_ms,0.4782,
frame_ms,0.3432,
frame_ms,0.3342,
frame_ms,0.3319,
frame_ms,0.3267,
frame_ms,0.3262,
frame_ms,0.2901,
frame_ms,0.2425,
frame_ms,0.2365,
tick_us,126.8,292
frame_ms,0.5416,
frame_ms,0.2698,
frame_ms,0.2329,
frame_ms,0.2123,
frame_ms,0.2151,
frame_ms,0.2121,
frame_ms,0.2538,
frame_ms,0.272,
frame_ms,0.2342,
frame_ms,0.222,
frame_ms,0.2137,
frame_ms,0.2189,
frame_ms,0.2422,
frame_ms,0.2381,
frame_ms,0.2396,
frame_ms,0.228,
frame_ms,0.6295,
frame_ms,0.3548,
frame_ms,0.3332,
frame_ms,0.3321,
frame_ms,0.3448,
frame_ms,0.268,
frame_ms,0.2199,
frame_ms,0.22,
frame_ms,0.2199,
tick_us,123.3,290
frame_ms,0.5392,
frame_ms,0.294,
frame_ms,0.2666,
frame_ms,0.2298,
frame_ms,0.2375,
frame_ms,0.2291,
frame_ms,0.2854,
frame_ms,0.2567,
frame_ms,0.2256,
frame_ms,0.2195,
frame_ms,0.2143,
frame_ms,0.2479,
frame_ms,0.2593,
frame_ms,0.2278,
frame_ms,0.2183,
frame_ms,0.214,
frame_ms,0.3254,
frame_ms,0.2494,
frame_ms,0.2382,
frame_ms,0.2367,
frame_ms,0.2338,
frame_ms,0.2307,
frame_ms,0.2222,
frame_ms,0.2667,
frame_ms,0.2209,
frame_ms,0.2201,
frame_ms,0.219,
tick_us,124.4,292
frame_ms,0.5767,
frame_ms,0.3359,
frame_ms,0.2356,
frame_ms,0.2127,
frame_ms,0.2255,
frame_ms,0.4191,
frame_ms,0.3903,
frame_ms,0.3476,
frame_ms,0.3659,
frame_ms,0.3645,
frame_ms,0.2423,
frame_ms,0.2077,
frame_ms,0.2167,
frame_ms,0.2134,
frame_ms,0.2479,
frame_ms,0.2248,
frame_ms,0.2196,
frame_ms,0.2354,
frame_ms,0.217,
frame_ms,0.2053,
frame_ms,0.3,
frame_ms,0.5433,
frame_ms,0.4538,
tick_us,182.3,286
frame_ms,0.6909,
frame_ms,0.2978,
frame_ms,0.2456,
frame_ms,0.2101,
frame_ms,0.2158,
frame_ms,0.2127,
frame_ms,0.2098,
frame_ms,0.2432,
frame_ms,0.226,
frame_ms,0.2129,
frame_ms,0.249,
frame_ms,0.3442,
frame_ms,0.6865,
frame_ms,0.3591,
frame_ms,0.4497,
frame_ms,0.643,
frame_ms,0.327,
frame_ms,0.3384,
frame_ms,0.345,
frame_ms,0.3313,
tick_us,157.9,272
frame_ms,0.6926,
frame_ms,0.3411,
frame_ms,0.2598,
frame_ms,0.243,
frame_ms,0.2244,
frame_ms,0.2211,
frame_ms,0.2141,
frame_ms,0.2451,
frame_ms,0.2683,
frame_ms,0.233,
frame_ms,0.2228,
frame_ms,0.21,
frame_ms,0.2102,
frame_ms,0.2442,
frame_ms,0.2318,
frame_ms,0.2091,
frame_ms,0.3965,
frame_ms,0.2468,
frame_ms,0.2187,
frame_ms,0.2138,
frame_ms,0.2315,
frame_ms,0.2635,
frame_ms,0.2369,
frame_ms,0.2213,
frame_ms,0.2701,
frame_ms,0.2633,
frame_ms,0.2337,
tick_us,126.9,266
frame_ms,0.5099,
frame_ms,0.2706,
frame_ms,0.2212,
frame_ms,0.2206,
frame_ms,0.2222,
frame_ms,0.218,
frame_ms,0.2251,
frame_ms,0.2189,
frame_ms,0.2662,
frame_ms,0.2339,
frame_ms,0.2158,
frame_ms,0.2294,
frame_ms,0.2837,
frame_ms,0.2363,
frame_ms,0.2073,
frame_ms,0.2562,
frame_ms,0.2624,
frame_ms,0.2246,
frame_ms,0.2435,
frame_ms,0.2163,
frame_ms,0.2111,
frame_ms,0.2216,
frame_ms,0.2265,
frame_ms,0.2763,
frame_ms,0.2335,
frame_ms,0.2187,
frame_ms,0.2417,
frame_ms,0.2387,
frame_ms,0.2212,
tick_us,189.8,256
frame_ms,0.7055,
frame_ms,0.2581,
frame_ms,0.2292,
frame_ms,0.216,
frame_ms,0.2161,
frame_ms,0.2159,
frame_ms,0.2181,
frame_ms,0.2176,
frame_ms,0.2531,
frame_ms,0.2292,
frame_ms,0.214,
frame_ms,0.2434,
frame_ms,0.2428,
frame_ms,0.2678,
frame_ms,0.2123,
frame_ms,0.2061,
frame_ms,0.2564,
frame_ms,0.2227,
frame_ms,0.2069,
frame_ms,0.258,
frame_ms,0.2239,
frame_ms,0.2062,
frame_ms,0.2441,
frame_ms,0.2286,
frame_ms,0.2129,
frame_ms,0.2493,
frame_ms,0.227,
frame_ms,0.2098,
tick_us,146,254
frame_ms,0.6717,
frame_ms,0.3673,
frame_ms,0.3841,
frame_ms,0.5612,
frame_ms,0.29,
frame_ms,0.2306,
frame_ms,0.2212,
frame_ms,0.2202,
frame_ms,0.2149,
frame_ms,0.2311,
frame_ms,0.2272,
frame_ms,0.2658,
frame_ms,0.2455,
frame_ms,0.2883,
frame_ms,0.2966,
frame_ms,0.2568,
frame_ms,0.2387,
frame_ms,0.237,
frame_ms,0.2392,
frame_ms,0.2309,
frame_ms,0.266,
frame_ms,0.2455,
frame_ms,0.2129,
frame_ms,0.2776,
tick_us,123.6,252
frame_ms,0.5442,
frame_ms,0.2473,
frame_ms,0.2203,
frame_ms,0.2197,
frame_ms,0.222,
frame_ms,0.249,
frame_ms,0.2306,
frame_ms,0.2565,
frame_ms,0.3006,
frame_ms,0.2376,
frame_ms,0.2524,
frame_ms,0.2242,
frame_ms,0.2273,
frame_ms,0.2263,
frame_ms,0.2601,
frame_ms,0.2202,
frame_ms,0.2654,
frame_ms,0.2644,
frame_ms,0.2241,
frame_ms,0.2362,
frame_ms,0.2237,
frame_ms,0.221,
frame_ms,0.2778,
frame_ms,0.2565,
frame_ms,0.2307,
frame_ms,0.3044,
frame_ms,0.282,
tick_us,125.4,246
frame_ms,0.5031,
frame_ms,0.2521,
frame_ms,0.2175,
frame_ms,0.2152,
frame_ms,0.2119,
frame_ms,0.223,
frame_ms,0.2407,
frame_ms,0.2233,
frame_ms,0.2102,
frame_ms,0.2593,
frame_ms,0.2205,
frame_ms,0.2664,
frame_ms,0.2689,
frame_ms,0.3285,
frame_ms,0.2593,
frame_ms,0.2468,
frame_ms,0.2695,
frame_ms,0.351,
frame_ms,0.237,
frame_ms,0.2263,
frame_ms,0.2207,
frame_ms,0.2159,
frame_ms,0.2101,
frame_ms,0.2545,
frame_ms,0.2224,
frame_ms,0.2162,
frame_ms,0.2516,
frame_ms,0.327,
tick_us,157,238
frame_ms,0.8074,
frame_ms,0.5435,
frame_ms,0.3883,
frame_ms,0.2679,
frame_ms,0.215,
frame_ms,0.2201,
frame_ms,0.2175,
frame_ms,0.2061,
frame_ms,0.2339,
frame_ms,0.2235,
frame_ms,0.2184,
frame_ms,0.2316,
frame_ms,0.237,
frame_ms,0.6084,
frame_ms,0.4142,
frame_ms,0.3385,
frame_ms,0.3557,
frame_ms,0.3732,
frame_ms,0.4448,
frame_ms,0.3402,
tick_us,152.3,234
frame_ms,0.6707,
frame_ms,0.325,
frame_ms,0.3932,
frame_ms,0.3605,
frame_ms,0.3733,
frame_ms,0.4776,
frame_ms,0.3798,
frame_ms,0.3662,
frame_ms,0.3385,
frame_ms,0.3329,
frame_ms,0.3246,
frame_ms,0.2488,
frame_ms,0.2172,
frame_ms,0.2242,
frame_ms,0.3769,
frame_ms,0.2539,
frame_ms,0.2297,
frame_ms,0.9342,
tick_us,156.7,226
frame_ms,0.6174,
frame_ms,0.2481,
frame_ms,0.224,
frame_ms,0.2297,
frame_ms,0.2236,
frame_ms,0.2319,
frame_ms,0.2183,
frame_ms,0.2203,
frame_ms,0.2887,
frame_ms,0.2724,
frame_ms,0.2417,
frame_ms,0.2314,
frame_ms,0.2368,
frame_ms,0.2263,
frame_ms,0.2199,
frame_ms,0.3077,
frame_ms,0.3438,
frame_ms,0.2599,
frame_ms,0.2321,
frame_ms,0.2176,
frame_ms,0.2186,
frame_ms,0.2247,
frame_ms,0.2404,
frame_ms,0.303,
frame_ms,0.6084,
tick_us,138,224
frame_ms,0.5728,
frame_ms,0.2556,
frame_ms,0.241,
frame_ms,0.2271,
frame_ms,0.3051,
frame_ms,0.2606,
frame_ms,0.2936,
frame_ms,0.2206,
frame_ms,0.2152,
frame_ms,0.213,
frame_ms,0.5622,
frame_ms,0.251,
frame_ms,0.2188,
frame_ms,0.2099,
frame_ms,0.2061,
frame_ms,0.2403,
frame_ms,0.2439,
frame_ms,0.2222,
frame_ms,0.2215,
frame_ms,0.2427,
frame_ms,0.2377,
frame_ms,0.2132,
frame_ms,0.2512,
frame_ms,0.2223,
frame_ms,0.205,
frame_ms,0.2113,
frame_ms,0.2701,
tick_us,118.7,218
frame_ms,0.5793,
frame_ms,0.4355,
frame_ms,0.3787,
frame_ms,0.3903,
frame_ms,0.2456,
frame_ms,0.2445,
frame_ms,0.2344,
frame_ms,0.2267,
frame_ms,0.234,
frame_ms,0.2238,
frame_ms,0.2287,
frame_ms,0.363,
frame_ms,0.2775,
frame_ms,0.23,
frame_ms,0.2222,
frame_ms,0.2236,
frame_ms,0.2236,
frame_ms,0.2318,
frame_ms,0.2753,
frame_ms,0.2668,
frame_ms,0.2397,
frame_ms,0.2285,
frame_ms,0.2274,
frame_ms,0.2212,
frame_ms,0.2342,
tick_us,128.3,220
frame_ms,0.5245,
frame_ms,0.2478,
frame_ms,0.2835,
frame_ms,0.2173,
frame_ms,0.2216,
frame_ms,0.2102,
frame_ms,0.2547,
frame_ms,0.2801,
frame_ms,0.2315,
frame_ms,0.2365,
frame_ms,0.281,
frame_ms,0.3187,
frame_ms,0.2799,
frame_ms,0.2508,
frame_ms,0.3326,
frame_ms,0.2496,
frame_ms,0.4076,
frame_ms,0.2552,
frame_ms,0.2432,
frame_ms,0.2466,
frame_ms,0.2313,
frame_ms,0.2315,
frame_ms,0.2346,
frame_ms,0.2298,
frame_ms,0.2729,
frame_ms,0.2541,
tick_us,160.6,228
frame_ms,0.7186,
frame_ms,0.3842,
frame_ms,0.3763,
frame_ms,0.7736,
frame_ms,0.2925,
frame_ms,0.2459,
frame_ms,0.2137,
frame_ms,0.2184,
frame_ms,0.2107,
frame_ms,0.2117,
frame_ms,0.2723,
frame_ms,0.2334,
frame_ms,0.2202,
frame_ms,0.2534,
frame_ms,0.2408,
frame_ms,0.2734,
frame_ms,0.2188,
frame_ms,0.2104,
frame_ms,0.2609,
frame_ms,0.24,
frame_ms,0.2081,
frame_ms,0.4112,
tick_us,146.7,234
frame_ms,0.6617,
frame_ms,0.3319,
frame_ms,0.3422,
frame_ms,0.4188,
frame_ms,0.3071,
frame_ms,0.2514,
frame_ms,0.3299,
frame_ms,0.2633,
frame_ms,0.2285,
frame_ms,0.2254,
frame_ms,0.219,
frame_ms,0.2168,
frame_ms,0.2768,
frame_ms,0.2481,
frame_ms,0.2328,
frame_ms,0.226,
frame_ms,0.2183,
frame_ms,0.217,
frame_ms,0.2131,
frame_ms,0.2094,
frame_ms,0.3453,
frame_ms,0.3198,
frame_ms,0.2828,
frame_ms,0.23,
frame_ms,0.2136,
tick_us,131.4,232
frame_ms,1.0744,
frame_ms,0.2925,
frame_ms,0.2595,
frame_ms,0.2302,
frame_ms,0.2399,
frame_ms,0.2372,
frame_ms,0.4036,
frame_ms,0.4557,
frame_ms,0.343,
frame_ms,0.3733,
frame_ms,0.5878,
frame_ms,0.342,
frame_ms,0.2498,
frame_ms,0.2152,
frame_ms,0.2175,
frame_ms,0.2177,
frame_ms,0.2117,
frame_ms,0.2525,
frame_ms,0.2325,
frame_ms,0.2151,
frame_ms,0.2462,
frame_ms,0.2298,
tick_us,131.9,228
frame_ms,0.5191,
frame_ms,0.2468,
frame_ms,0.2306,
frame_ms,0.2217,
frame_ms,0.2348,
frame_ms,0.2315,
frame_ms,0.2355,
frame_ms,0.238,
frame_ms,0.2248,
frame_ms,0.2174,
frame_ms,0.2359,
frame_ms,0.2213,
frame_ms,0.2116,
frame_ms,0.2463,
frame_ms,0.2301,
frame_ms,0.2152,
frame_ms,0.327,
frame_ms,0.2957,
frame_ms,0.2414,
frame_ms,0.3067,
frame_ms,0.231,
frame_ms,0.2346,
frame_ms,0.2382,
frame_ms,0.2826,
frame_ms,0.256,
frame_ms,0.2289,
frame_ms,0.2286,
tick_us,129.2,226
frame_ms,0.6845,
frame_ms,0.2862,
frame_ms,0.2359,
frame_ms,0.2262,
frame_ms,0.2771,
frame_ms,0.2726,
frame_ms,0.3127,
frame_ms,0.2634,
frame_ms,0.2176,
frame_ms,0.2271,
frame_ms,0.2286,
frame_ms,0.2428,
frame_ms,0.2471,
frame_ms,0.2199,
frame_ms,0.2107,
frame_ms,0.2215,
frame_ms,0.2074,
frame_ms,0.2966,
frame_ms,0.2743,
frame_ms,0.2351,
frame_ms,0.2271,
frame_ms,0.6663,
frame_ms,0.4665,
frame_ms,0.3828,
tick_us,194.6,224
frame_ms,0.8032,
frame_ms,0.3128,
frame_ms,0.2608,
frame_ms,0.2209,
frame_ms,0.2234,
frame_ms,0.2248,
frame_ms,0.2172,
frame_ms,0.2179,
frame_ms,0.3407,
frame_ms,0.4478,
frame_ms,0.3743,
frame_ms,0.445,
frame_ms,0.3791,
frame_ms,0.4053,
frame_ms,0.3386,
frame_ms,0.3464,
frame_ms,0.3389,
frame_ms,0.3377,
frame_ms,0.3632,
tick_us,124.5,228
frame_ms,0.7713,
frame_ms,0.3765,
frame_ms,0.3555,
frame_ms,0.3557,
frame_ms,0.3125,
frame_ms,0.235,
frame_ms,0.2136,
frame_ms,0.2198,
frame_ms,0.2131,
frame_ms,0.2393,
frame_ms,0.2555,
frame_ms,0.2173,
frame_ms,0.2538,
frame_ms,0.2259,
frame_ms,0.2176,
frame_ms,0.2774,
frame_ms,0.2352,
frame_ms,0.2187,
frame_ms,0.3677,
frame_ms,0.3722,
frame_ms,0.366,
frame_ms,0.3332,
frame_ms,0.3309,
tick_us,124.6,234
frame_ms,0.6295,
frame_ms,0.2571,
frame_ms,0.2248,
frame_ms,0.2193,
frame_ms,0.2186,
frame_ms,0.3406,
frame_ms,0.2865,
frame_ms,0.2536,
frame_ms,0.2434,
frame_ms,0.2429,
frame_ms,0.2416,
frame_ms,0.2908,
frame_ms,0.3412,
frame_ms,0.2441,
frame_ms,0.2096,
frame_ms,0.2205,
frame_ms,0.2074,
frame_ms,0.24,
frame_ms,0.2308,
frame_ms,0.2088,
frame_ms,0.2374,
frame_ms,0.2153,
frame_ms,0.2208,
frame_ms,0.2177,
frame_ms,0.2582,
frame_ms,0.2321,
frame_ms,0.2193,
frame_ms,0.225,
tick_us,133.8,234
frame_ms,0.5778,
frame_ms,0.3046,
frame_ms,0.2133,
frame_ms,0.2173,
frame_ms,0.2058,
frame_ms,0.2076,
frame_ms,0.2609,
frame_ms,0.2317,
frame_ms,0.2085,
frame_ms,0.2441,
frame_ms,0.3467,
frame_ms,0.4048,
frame_ms,0.3577,
frame_ms,0.3491,
frame_ms,0.3313,
frame_ms,0.2912,
frame_ms,0.2343,
frame_ms,0.2242,
frame_ms,0.2203,
frame_ms,0.2168,
frame_ms,0.2428,
frame_ms,0.257,
frame_ms,0.2239,
frame_ms,0.2127,
frame_ms,0.2233,
tick_us,130,238
frame_ms,0.5514,
frame_ms,0.3214,
frame_ms,0.2539,
frame_ms,0.2142,
frame_ms,0.2167,
frame_ms,0.6442,
frame_ms,0.2835,
frame_ms,0.2346,
frame_ms,0.2315,
frame_ms,0.2172,
frame_ms,0.207,
frame_ms,0.2231,
frame_ms,0.2097,
frame_ms,0.2182,
frame_ms,0.2938,
frame_ms,0.232,
frame_ms,0.2122,
frame_ms,0.2168,
frame_ms,0.2295,
frame_ms,0.2087,
frame_ms,0.2626,
frame_ms,0.258,
frame_ms,0.2105,
frame_ms,0.203,
frame_ms,0.2722,
frame_ms,0.2262,
frame_ms,0.2094,
tick_us,115,238
frame_ms,0.4844,
frame_ms,0.228,
frame_ms,0.203,
frame_ms,0.2156,
frame_ms,0.2195,
frame_ms,0.3033,
frame_ms,0.2594,
frame_ms,0.234,
frame_ms,0.2131,
frame_ms,0.2402,
frame_ms,0.2213,
frame_ms,0.2581,
frame_ms,0.276,
frame_ms,0.2544,
frame_ms,0.2156,
frame_ms,0.2159,
frame_ms,0.2445,
frame_ms,0.2315,
frame_ms,0.2148,
frame_ms,0.2549,
frame_ms,0.2249,
frame_ms,0.2104,
frame_ms,0.2669,
frame_ms,0.2974,
frame_ms,0.2604,
frame_ms,0.4087,
frame_ms,0.3468,
tick_us,206.5,246
frame_ms,0.734,
frame_ms,0.3586,
frame_ms,0.3422,
frame_ms,0.3371,
frame_ms,0.3274,
frame_ms,0.326,
frame_ms,0.3678,
frame_ms,0.3401,
frame_ms,0.2887,
frame_ms,0.2424,
frame_ms,0.2221,
frame_ms,0.2217,
frame_ms,0.2625,
frame_ms,0.2313,
frame_ms,0.2193,
frame_ms,0.2262,
frame_ms,0.2151,
frame_ms,0.209,
frame_ms,0.2438,
frame_ms,0.2752,
frame_ms,0.2288,
frame_ms,0.2196,
frame_ms,0.218,
frame_ms,0.2377,
tick_us,119.5,250
frame_ms,0.5307,
frame_ms,0.2519,
frame_ms,0.2208,
frame_ms,0.2188,
frame_ms,0.2101,
frame_ms,0.24,
frame_ms,0.2828,
frame_ms,0.2231,
frame_ms,0.2135,
frame_ms,0.2756,
frame_ms,0.2333,
frame_ms,0.2178,
frame_ms,0.2505,
frame_ms,0.208,
frame_ms,0.2072,
frame_ms,0.2442,
frame_ms,0.4023,
frame_ms,0.4343,
frame_ms,0.4792,
frame_ms,0.263,
frame_ms,0.223,
frame_ms,0.2129,
frame_ms,0.2164,
frame_ms,0.2331,
frame_ms,0.2114,
frame_ms,0.2214,
tick_us,125.5,246
frame_ms,0.4996,
frame_ms,0.2325,
frame_ms,0.2085,
frame_ms,0.2132,
frame_ms,0.2088,
frame_ms,0.2245,
frame_ms,0.2286,
frame_ms,0.2168,
frame_ms,0.2339,
frame_ms,0.2688,
frame_ms,0.2444,
frame_ms,0.2211,
frame_ms,0.2413,
frame_ms,0.2538,
frame_ms,0.225,
frame_ms,0.2057,
frame_ms,0.218,
frame_ms,0.2218,
frame_ms,0.2058,
frame_ms,0.2435,
frame_ms,0.2325,
frame_ms,0.2106,
frame_ms,0.2677,
frame_ms,0.2474,
frame_ms,0.2175,
frame_ms,0.2177,
frame_ms,0.2809,
frame_ms,0.2277,
frame_ms,0.2114,
tick_us,119.4,242
frame_ms,0.5076,
frame_ms,0.2305,
frame_ms,0.2027,
frame_ms,0.2108,
frame_ms,0.2122,
frame_ms,0.2462,
frame_ms,0.2219,
frame_ms,0.2057,
frame_ms,0.2445,
frame_ms,0.2202,
frame_ms,0.2044,
frame_ms,0.2733,
frame_ms,0.3044,
frame_ms,0.3465,
frame_ms,0.3827,
frame_ms,0.4364,
frame_ms,0.3495,
frame_ms,0.3418,
frame_ms,0.3483,
frame_ms,0.3376,
frame_ms,0.3305,
frame_ms,0.3302,
frame_ms,0.3284,
tick_us,166.4,250
frame_ms,0.7491,
frame_ms,0.4166,
frame_ms,0.3609,
frame_ms,0.4663,
frame_ms,0.325,
frame_ms,0.3328,
frame_ms,0.2722,
frame_ms,0.2273,
frame_ms,0.2193,
frame_ms,0.2223,
frame_ms,0.2197,
frame_ms,0.2299,
frame_ms,0.2568,
frame_ms,0.29,
frame_ms,0.2783,
frame_ms,0.2503,
frame_ms,0.2478,
frame_ms,0.2493,
frame_ms,0.2478,
frame_ms,0.2427,
frame_ms,0.2706,
frame_ms,0.2374,
frame_ms,0.3987,
tick_us,139.5,256
frame_ms,0.7196,
frame_ms,0.2881,
frame_ms,0.2348,
frame_ms,0.2462,
frame_ms,0.2418,
frame_ms,0.2276,
frame_ms,0.4887,
frame_ms,0.3786,
frame_ms,0.4581,
frame_ms,0.3379,
frame_ms,0.3314,
frame_ms,0.3206,
frame_ms,0.248,
frame_ms,0.2178,
frame_ms,0.2208,
frame_ms,0.2391,
frame_ms,0.2145,
frame_ms,0.237,
frame_ms,0.2444,
frame_ms,0.2175,
frame_ms,0.2828,
frame_ms,0.2249,
frame_ms,0.2235,
frame_ms,0.3109,
tick_us,131.8,262
frame_ms,0.581,
frame_ms,0.2505,
frame_ms,0.225,
frame_ms,0.2263,
frame_ms,0.2291,
frame_ms,0.2451,
frame_ms,0.246,
frame_ms,0.2234,
frame_ms,0.2469,
frame_ms,0.3161,
frame_ms,0.2371,
frame_ms,0.2257,
frame_ms,0.6098,
frame_ms,0.3337,
frame_ms,0.3717,
frame_ms,0.3901,
frame_ms,0.336,
frame_ms,0.3166,
frame_ms,0.2513,
frame_ms,0.2546,
frame_ms,0.2215,
frame_ms,0.2217,
frame_ms,0.2239,
tick_us,127.6,258
frame_ms,0.5219,
frame_ms,0.2506,
frame_ms,0.2245,
frame_ms,0.2196,
frame_ms,0.2099,
frame_ms,0.228,
frame_ms,0.2365,
frame_ms,0.2789,
frame_ms,0.2757,
frame_ms,0.2335,
frame_ms,0.2212,
frame_ms,0.2186,
frame_ms,0.2137,
frame_ms,0.2457,
frame_ms,0.2333,
frame_ms,0.2143,
frame_ms,0.4109,
frame_ms,0.4109,
frame_ms,0.3896,
frame_ms,0.3506,
frame_ms,0.4217,
frame_ms,0.4001,
frame_ms,0.3331,
frame_ms,0.3434,
tick_us,146,254
frame_ms,0.629,
frame_ms,0.3188,
frame_ms,0.2563,
frame_ms,0.2997,
frame_ms,0.2767,
frame_ms,0.2306,
frame_ms,0.221,
frame_ms,0.2182,
frame_ms,0.2138,
frame_ms,0.2879,
frame_ms,0.2225,
frame_ms,0.2245,
frame_ms,0.209,
frame_ms,0.2091,
frame_ms,0.2658,
frame_ms,0.2306,
frame_ms,0.2106,
frame_ms,0.2539,
frame_ms,0.2245,
frame_ms,0.206,
frame_ms,0.2484,
frame_ms,0.2391,
frame_ms,0.2251,
frame_ms,0.2134,
frame_ms,0.3002,
frame_ms,0.2199,
frame_ms,0.204,
tick_us,135,256
frame_ms,0.5708,
frame_ms,0.2405,
frame_ms,0.2067,
frame_ms,0.2118,
frame_ms,0.2041,
frame_ms,0.2336,
frame_ms,0.2404,
frame_ms,0.2143,
frame_ms,0.2378,
frame_ms,0.2242,
frame_ms,0.2038,
frame_ms,0.2831,
frame_ms,0.8999,
frame_ms,0.3608,
frame_ms,0.3802,
frame_ms,0.4203,
frame_ms,0.34,
frame_ms,0.311,
frame_ms,0.2506,
frame_ms,0.2177,
frame_ms,0.2252,
frame_ms,0.224,
frame_ms,0.2178,
tick_us,152.4,262
frame_ms,0.561,
frame_ms,0.255,
frame_ms,0.2342,
frame_ms,0.2321,
frame_ms,0.227,
frame_ms,0.2213,
frame_ms,0.2466,
frame_ms,0.2243,
frame_ms,0.2684,
frame_ms,0.2963,
frame_ms,0.2332,
frame_ms,0.2263,
frame_ms,0.2235,
frame_ms,0.2187,
frame_ms,0.2136,
frame_ms,0.2808,
frame_ms,0.332,
frame_ms,0.2841,
frame_ms,0.2718,
frame_ms,0.248,
frame_ms,0.2419,
frame_ms,0.2415,
frame_ms,0.2857,
frame_ms,0.3376,
frame_ms,0.2467,
frame_ms,0.2127,
tick_us,126.6,262
frame_ms,0.5106,
frame_ms,0.2391,
frame_ms,0.2886,
frame_ms,0.2192,
frame_ms,0.2138,
frame_ms,0.4308,
frame_ms,0.3808,
frame_ms,0.3742,
frame_ms,0.3358,
frame_ms,0.3298,
frame_ms,0.2648,
frame_ms,0.2169,
frame_ms,0.2124,
frame_ms,0.205,
frame_ms,0.2413,
frame_ms,0.2272,
frame_ms,0.2127,
frame_ms,0.3891,
frame_ms,0.2966,
frame_ms,0.3041,
frame_ms,0.2563,
frame_ms,0.246,
frame_ms,0.3912,
frame_ms,0.3407,
tick_us,124.8,258
frame_ms,0.7612,
frame_ms,0.3291,
frame_ms,0.2517,
frame_ms,0.2119,
frame_ms,0.221,
frame_ms,0.2186,
frame_ms,0.2139,
frame_ms,0.2073,
frame_ms,0.2466,
frame_ms,0.2403,
frame_ms,0.2249,
frame_ms,0.2172,
frame_ms,0.441,
frame_ms,0.4811,
frame_ms,0.407,
frame_ms,0.3373,
frame_ms,0.35,
frame_ms,0.3345,
frame_ms,0.3301,
frame_ms,0.3299,
frame_ms,0.3297,
tick_us,132.5,258
frame_ms,0.7078,
frame_ms,0.3346,
frame_ms,0.3754,
frame_ms,0.3334,
frame_ms,0.3375,
frame_ms,0.4491,
frame_ms,0.3434,
frame_ms,0.3327,
frame_ms,0.3262,
frame_ms,0.3227,
frame_ms,0.3242,
frame_ms,0.3872,
frame_ms,0.4273,
frame_ms,0.2898,
frame_ms,0.2542,
frame_ms,0.223,
frame_ms,0.2319,
frame_ms,0.2247,
frame_ms,0.2125,
frame_ms,0.3818,
frame_ms,0.3562,
tick_us,124.7,264
frame_ms,0.5468,
frame_ms,0.2406,
frame_ms,0.2148,
frame_ms,0.2197,
frame_ms,0.247,
frame_ms,0.2381,
frame_ms,0.7994,
frame_ms,0.3481,
frame_ms,0.4073,
frame_ms,0.4291,
frame_ms,0.3447,
frame_ms,0.3406,
frame_ms,0.3287,
frame_ms,0.3279,
frame_ms,0.3273,
frame_ms,0.3913,
frame_ms,0.3651,
frame_ms,0.3095,
frame_ms,0.2327,
frame_ms,0.2327,
tick_us,126.7,276
frame_ms,0.5211,
frame_ms,0.2479,
frame_ms,0.2261,
frame_ms,0.2306,
frame_ms,0.2149,
frame_ms,0.2069,
frame_ms,0.2482,
frame_ms,0.2636,
frame_ms,0.2292,
frame_ms,0.2259,
frame_ms,0.2123,
frame_ms,0.2272,
frame_ms,0.2353,
frame_ms,0.2281,
frame_ms,0.2395,
frame_ms,0.2334,
frame_ms,0.2154,
frame_ms,0.2355,
frame_ms,0.266,
frame_ms,0.2179,
frame_ms,0.2046,
frame_ms,0.2605,
frame_ms,0.2284,
frame_ms,0.2142,
frame_ms,0.2639,
frame_ms,0.2285,
frame_ms,0.2085,
frame_ms,0.2436,
frame_ms,0.2275,
tick_us,132.2,286
frame_ms,0.6088,
frame_ms,0.2714,
frame_ms,0.2339,
frame_ms,0.3353,
frame_ms,0.3133,
frame_ms,0.2429,
frame_ms,0.2121,
frame_ms,0.2173,
frame_ms,0.2082,
frame_ms,0.2473,
frame_ms,0.2648,
frame_ms,0.2588,
frame_ms,0.2312,
frame_ms,0.2226,
frame_ms,0.212,
frame_ms,0.2566,
frame_ms,0.2542,
frame_ms,0.2297,
frame_ms,0.2601,
frame_ms,0.2324,
frame_ms,0.2162,
frame_ms,0.2145,
frame_ms,0.2588,
frame_ms,0.2737,
frame_ms,0.2538,
frame_ms,0.2524,
tick_us,147.2,272
frame_ms,0.5334,
frame_ms,0.2508,
frame_ms,0.2434,
frame_ms,0.2211,
frame_ms,0.2174,
frame_ms,0.3144,
frame_ms,0.2716,
frame_ms,0.5644,
frame_ms,0.2865,
frame_ms,0.3314,
frame_ms,0.2801,
frame_ms,0.2375,
frame_ms,0.2364,
frame_ms,0.2896,
frame_ms,0.2717,
frame_ms,0.2243,
frame_ms,0.2159,
frame_ms,0.2112,
frame_ms,0.2411,
frame_ms,0.2276,
frame_ms,0.2211,
frame_ms,0.2487,
frame_ms,0.2286,
frame_ms,0.214,
frame_ms,0.2493,
frame_ms,0.238,
tick_us,130.9,276
frame_ms,0.5066,
frame_ms,0.2342,
frame_ms,0.2043,
frame_ms,0.2143,
frame_ms,0.2053,
frame_ms,0.2192,
frame_ms,0.26,
frame_ms,0.224,
frame_ms,0.2096,
frame_ms,0.2344,
frame_ms,0.2285,
frame_ms,0.2826,
frame_ms,0.2559,
frame_ms,0.6173,
frame_ms,0.3118,
frame_ms,0.2199,
frame_ms,0.2206,
frame_ms,0.2637,
frame_ms,0.2203,
frame_ms,0.2129,
frame_ms,0.2193,
frame_ms,0.2629,
frame_ms,0.2289,
frame_ms,0.2097,
frame_ms,0.242,
frame_ms,0.2199,
frame_ms,0.2046,
tick_us,123.7,272
frame_ms,0.5389,
frame_ms,0.2591,
frame_ms,0.2112,
frame_ms,0.2115,
frame_ms,0.211,
frame_ms,0.2116,
frame_ms,0.2404,
frame_ms,0.2257,
frame_ms,0.2071,
frame_ms,0.2418,
frame_ms,0.2239,
frame_ms,0.2101,
frame_ms,0.2215,
frame_ms,0.2129,
frame_ms,0.2081,
frame_ms,0.2345,
frame_ms,0.2268,
frame_ms,0.2817,
frame_ms,0.2643,
frame_ms,0.4027,
frame_ms,0.3757,
frame_ms,0.5119,
frame_ms,0.3201,
frame_ms,0.3359,
frame_ms,0.2873,
tick_us,124.2,268
frame_ms,0.5115,
frame_ms,0.2342,
frame_ms,0.2335,
frame_ms,0.2164,
frame_ms,0.2175,
frame_ms,0.2392,
frame_ms,0.267,
frame_ms,0.3119,
frame_ms,0.4754,
frame_ms,0.3474,
frame_ms,0.3674,
frame_ms,0.3369,
frame_ms,0.3395,
frame_ms,0.2619,
frame_ms,0.2211,
frame_ms,0.2207,
frame_ms,0.2457,
frame_ms,0.2266,
frame_ms,0.5957,
frame_ms,0.2786,
frame_ms,0.227,
frame_ms,0.2253,
frame_ms,0.2216,
frame_ms,0.2133,
tick_us,126.9,268
frame_ms,0.5331,
frame_ms,0.2665,
frame_ms,0.2181,
frame_ms,0.2173,
frame_ms,0.2083,
frame_ms,0.2095,
frame_ms,0.2714,
frame_ms,0.2403,
frame_ms,0.2161,
frame_ms,0.2386,
frame_ms,0.2417,
frame_ms,0.2261,
frame_ms,0.2304,
frame_ms,0.2425,
frame_ms,0.2843,
frame_ms,0.2576,
frame_ms,0.218,
frame_ms,0.2487,
frame_ms,0.2526,
frame_ms,0.2248,
frame_ms,0.2122,
frame_ms,0.2526,
frame_ms,0.2463,
frame_ms,0.2181,
frame_ms,0.3523,
frame_ms,0.3107,
frame_ms,0.2503,
tick_us,123.7,268
frame_ms,0.4973,
frame_ms,0.269,
frame_ms,0.224,
frame_ms,0.2184,
frame_ms,0.2138,
frame_ms,0.2063,
frame_ms,0.2405,
frame_ms,0.2235,
frame_ms,0.2063,
frame_ms,0.2297,
frame_ms,0.2176,
frame_ms,0.2101,
frame_ms,0.259,
frame_ms,0.2592,
frame_ms,0.2289,
frame_ms,0.2209,
frame_ms,0.214,
frame_ms,0.2782,
frame_ms,0.2671,
frame_ms,0.2371,
frame_ms,0.2543,
frame_ms,0.233,
frame_ms,0.2673,
frame_ms,0.2624,
frame_ms,0.2325,
frame_ms,0.2163,
frame_ms,0.2226,
frame_ms,0.4364,
tick_us,121.7,272
frame_ms,0.503,
frame_ms,0.2367,
frame_ms,0.2087,
frame_ms,0.2143,
frame_ms,0.2057,
frame_ms,0.2329,
frame_ms,0.2388,
frame_ms,0.2509,
frame_ms,0.2869,
frame_ms,0.2261,
frame_ms,0.2205,
frame_ms,0.2154,
frame_ms,0.2733,
frame_ms,0.2214,
frame_ms,0.2066,
frame_ms,0.2423,
frame_ms,0.2398,
frame_ms,0.2139,
frame_ms,0.2182,
frame_ms,0.2631,
frame_ms,0.2249,
frame_ms,0.2089,
frame_ms,0.4333,
frame_ms,0.3723,
frame_ms,0.3036,
frame_ms,0.2176,
frame_ms,0.2185,
tick_us,130,272
frame_ms,0.503,
frame_ms,0.2369,
frame_ms,0.2149,
frame_ms,0.2237,
frame_ms,0.2145,
frame_ms,0.2087,
frame_ms,0.2058,
frame_ms,0.2486,
frame_ms,0.2493,
frame_ms,0.2185,
frame_ms,0.2112,
frame_ms,0.2699,
frame_ms,0.2895,
frame_ms,0.2387,
frame_ms,0.2276,
frame_ms,0.2216,
frame_ms,0.2134,
frame_ms,0.257,
frame_ms,0.2758,
frame_ms,0.2262,
frame_ms,0.2123,
frame_ms,0.2377,
frame_ms,0.2201,
frame_ms,0.2061,
frame_ms,0.2361,
frame_ms,0.2255,
frame_ms,0.2048,
frame_ms,0.2526,
frame_ms,0.2215,
tick_us,116.7,280
frame_ms,0.5445,
frame_ms,0.2423,
frame_ms,0.2125,
frame_ms,0.4328,
frame_ms,0.2195,
frame_ms,0.2188,
frame_ms,0.2121,
frame_ms,0.2101,
frame_ms,0.2838,
frame_ms,0.267,
frame_ms,0.2273,
frame_ms,0.2165,
frame_ms,0.2132,
frame_ms,0.209,
frame_ms,0.2396,
frame_ms,0.2263,
frame_ms,0.3553,
frame_ms,0.2717,
frame_ms,0.2503,
frame_ms,0.2479,
frame_ms,0.2463,
frame_ms,0.2413,
frame_ms,0.3781,
frame_ms,0.359,
frame_ms,0.3631,
tick_us,153.8,280
frame_ms,0.6567,
frame_ms,0.3043,
frame_ms,0.2502,
frame_ms,0.2135,
frame_ms,0.4899,
frame_ms,0.3873,
frame_ms,0.3458,
frame_ms,0.3705,
frame_ms,0.3235,
frame_ms,0.252,
frame_ms,0.2161,
frame_ms,0.2189,
frame_ms,0.2099,
frame_ms,0.2473,
frame_ms,0.2588,
frame_ms,0.2275,
frame_ms,0.2142,
frame_ms,0.2288,
frame_ms,0.328,
frame_ms,0.349,
frame_ms,0.2528,
frame_ms,0.233,
frame_ms,0.2251,
frame_ms,0.224,
tick_us,140.9,278
frame_ms,0.5278,
frame_ms,0.2536,
frame_ms,0.2104,
frame_ms,0.2139,
frame_ms,0.2068,
frame_ms,0.2351,
frame_ms,0.2306,
frame_ms,0.2084,
frame_ms,0.2464,
frame_ms,0.2346,
frame_ms,0.5637,
frame_ms,0.5442,
frame_ms,0.3638,
frame_ms,0.3687,
frame_ms,0.3337,
frame_ms,0.3356,
frame_ms,0.2424,
frame_ms,0.2109,
frame_ms,0.2172,
frame_ms,0.2139,
frame_ms,0.2083,
frame_ms,0.2382,
frame_ms,0.2195,
frame_ms,0.2312,
tick_us,130.1,278
frame_ms,0.5823,
frame_ms,0.2838,
frame_ms,0.2269,
frame_ms,0.2259,
frame_ms,0.2266,
frame_ms,0.2115,
frame_ms,0.2843,
frame_ms,0.2457,
frame_ms,0.2214,
frame_ms,0.215,
frame_ms,0.2382,
frame_ms,0.23,
frame_ms,0.2107,
frame_ms,0.2164,
frame_ms,0.2404,
frame_ms,0.2217,
frame_ms,0.3169,
frame_ms,0.2395,
frame_ms,0.2634,
frame_ms,0.2107,
frame_ms,0.2115,
frame_ms,0.2158,
frame_ms,0.2554,
frame_ms,0.2515,
frame_ms,0.2511,
frame_ms,0.2226,
frame_ms,0.2111,
frame_ms,0.2199,
tick_us,129.4,276
frame_ms,0.5472,
frame_ms,0.2411,
frame_ms,0.248,
frame_ms,0.2066,
frame_ms,0.2044,
frame_ms,0.2198,
frame_ms,0.8981,
frame_ms,0.3589,
frame_ms,0.3583,
frame_ms,0.4252,
frame_ms,0.3414,
frame_ms,0.3681,
frame_ms,0.2838,
frame_ms,0.2572,
frame_ms,0.2374,
frame_ms,0.2358,
frame_ms,0.3201,
frame_ms,0.3264,
frame_ms,0.2503,
frame_ms,0.2405,
frame_ms,0.2338,
frame_ms,0.2374,
tick_us,151.2,288
frame_ms,0.5693,
frame_ms,0.2852,
frame_ms,0.2391,
frame_ms,0.2122,
frame_ms,0.2194,
frame_ms,0.2136,
frame_ms,0.2464,
frame_ms,0.2674,
frame_ms,0.2353,
frame_ms,0.2512,
frame_ms,0.3172,
frame_ms,0.2494,
frame_ms,0.2213,
frame_ms,0.2198,
frame_ms,0.2168,
frame_ms,0.2786,
frame_ms,0.2922,
frame_ms,0.2146,
frame_ms,0.2079,
frame_ms,0.2074,
frame_ms,0.2169,
frame_ms,0.2762,
frame_ms,0.2326,
frame_ms,0.2067,
frame_ms,0.2181,
frame_ms,0.2444,
frame_ms,0.2209,
tick_us,156.7,290
frame_ms,0.723,
frame_ms,0.3682,
frame_ms,0.3571,
frame_ms,0.4062,
frame_ms,0.348,
frame_ms,0.3458,
frame_ms,0.265,
frame_ms,0.2212,
frame_ms,0.2175,
frame_ms,0.2194,
frame_ms,0.2117,
frame_ms,0.2557,
frame_ms,0.2699,
frame_ms,0.2869,
frame_ms,0.2653,
frame_ms,0.2397,
frame_ms,0.2321,
frame_ms,0.2409,
frame_ms,0.3761,
frame_ms,0.2943,
frame_ms,0.2599,
frame_ms,0.2352,
frame_ms,0.2242,
frame_ms,0.2247,
tick_us,129.8,288
frame_ms,0.5198,
frame_ms,0.246,
frame_ms,0.2133,
frame_ms,0.2127,
frame_ms,0.2934,
frame_ms,0.2657,
frame_ms,0.2356,
frame_ms,0.2885,
frame_ms,0.2164,
frame_ms,0.22,
frame_ms,0.2106,
frame_ms,0.2466,
frame_ms,0.2688,
frame_ms,0.2271,
frame_ms,0.2205,
frame_ms,0.2126,
frame_ms,0.2376,
frame_ms,0.2292,
frame_ms,0.2122,
frame_ms,0.2511,
frame_ms,0.2296,
frame_ms,0.212,
frame_ms,0.2513,
frame_ms,0.4364,
frame_ms,0.4379,
frame_ms,0.3542,
tick_us,152.4,276
frame_ms,0.6765,
frame_ms,0.2835,
frame_ms,0.2491,
frame_ms,0.2084,
frame_ms,0.2126,
frame_ms,0.2068,
frame_ms,0.2261,
frame_ms,0.2094,
frame_ms,0.205,
frame_ms,0.2464,
frame_ms,0.272,
frame_ms,0.2635,
frame_ms,0.2509,
frame_ms,0.2453,
frame_ms,0.2266,
frame_ms,0.2225,
frame_ms,0.2159,
frame_ms,0.2575,
frame_ms,0.215,
frame_ms,0.2135,
frame_ms,0.2667,
frame_ms,0.2569,
frame_ms,0.2256,
frame_ms,0.2507,
frame_ms,0.2262,
frame_ms,0.2175,
frame_ms,0.232,
tick_us,169.7,278
frame_ms,0.801,
frame_ms,0.3757,
frame_ms,0.3942,
frame_ms,0.3434,
frame_ms,0.3824,
frame_ms,0.2546,
frame_ms,0.2124,
frame_ms,0.2155,
frame_ms,0.2078,
frame_ms,0.2071,
frame_ms,0.2641,
frame_ms,0.2671,
frame_ms,0.2292,
frame_ms,0.2857,
frame_ms,0.2835,
frame_ms,0.2495,
frame_ms,0.2606,
frame_ms,0.2399,
frame_ms,0.2352,
frame_ms,0.2273,
frame_ms,0.243,
frame_ms,0.2278,
frame_ms,0.2389,
frame_ms,0.2418,
frame_ms,0.2239,
tick_us,128.3,286
frame_ms,0.5574,
frame_ms,0.2879,
frame_ms,0.2297,
frame_ms,0.2053,
frame_ms,0.2937,
frame_ms,0.2428,
frame_ms,0.4948,
frame_ms,0.2469,
frame_ms,0.2261,
frame_ms,0.2168,
frame_ms,0.2128,
frame_ms,0.2085,
frame_ms,0.2729,
frame_ms,0.2396,
frame_ms,0.2159,
frame_ms,0.2258,
frame_ms,0.2112,
frame_ms,0.2762,
frame_ms,0.2338,
frame_ms,0.2093,
frame_ms,0.3183,
frame_ms,0.3168,
frame_ms,0.2614,
frame_ms,0.2546,
frame_ms,0.2486,
frame_ms,0.2494,
tick_us,162.4,290
frame_ms,0.5778,
frame_ms,0.2835,
frame_ms,0.2561,
frame_ms,0.2127,
frame_ms,0.2275,
frame_ms,0.2581,
frame_ms,0.2358,
frame_ms,0.3027,
frame_ms,0.2456,
frame_ms,0.224,
frame_ms,0.2358,
frame_ms,0.2473,
frame_ms,0.2463,
frame_ms,0.2339,
frame_ms,0.3716,
frame_ms,0.3014,
frame_ms,0.2499,
frame_ms,0.2948,
frame_ms,0.2351,
frame_ms,0.2383,
frame_ms,0.237,
frame_ms,0.2495,
frame_ms,0.2598,
frame_ms,0.2799,
frame_ms,0.2343,
tick_us,130.7,294
frame_ms,0.5363,
frame_ms,0.2642,
frame_ms,0.7008,
frame_ms,0.7712,
frame_ms,0.4008,
frame_ms,0.3734,
frame_ms,0.3459,
frame_ms,0.3387,
frame_ms,0.3343,
frame_ms,0.3871,
frame_ms,0.3594,
frame_ms,0.4428,
frame_ms,0.3544,
frame_ms,0.3416,
frame_ms,0.6533,
frame_ms,0.3646,
tick_us,157.4,288
frame_ms,0.6719,
frame_ms,0.3307,
frame_ms,0.2902,
frame_ms,0.242,
frame_ms,0.2351,
frame_ms,0.232,
frame_ms,0.679,
frame_ms,0.2794,
frame_ms,0.5507,
frame_ms,0.3166,
frame_ms,0.2301,
frame_ms,0.2208,
frame_ms,0.2215,
frame_ms,0.2104,
frame_ms,0.2474,
frame_ms,0.2267,
frame_ms,0.2134,
frame_ms,0.2466,
frame_ms,0.287,
frame_ms,0.296,
frame_ms,0.2517,
frame_ms,0.2404,
frame_ms,0.2414,
tick_us,133.7,280
frame_ms,0.6289,
frame_ms,0.3061,
frame_ms,0.2304,
frame_ms,0.2125,
frame_ms,0.2201,
frame_ms,0.2112,
frame_ms,0.249,
frame_ms,0.2276,
frame_ms,0.2127,
frame_ms,0.2282,
frame_ms,0.2706,
frame_ms,0.4327,
frame_ms,0.3786,
frame_ms,0.3973,
frame_ms,0.3665,
frame_ms,0.4242,
frame_ms,0.4056,
frame_ms,0.3477,
frame_ms,0.3465,
frame_ms,0.3368,
frame_ms,0.3686,
tick_us,154,278
frame_ms,0.7696,
frame_ms,0.3406,
frame_ms,0.2389,
frame_ms,0.2324,
frame_ms,0.2581,
frame_ms,0.2189,
frame_ms,0.2169,
frame_ms,0.2388,
frame_ms,0.2176,
frame_ms,0.2756,
frame_ms,0.28,
frame_ms,0.4984,
frame_ms,0.3899,
frame_ms,0.2381,
frame_ms,0.2354,
frame_ms,0.396,
frame_ms,0.7093,
frame_ms,0.2946,
frame_ms,0.2731,
frame_ms,0.276,
frame_ms,0.2299,
frame_ms,0.2306,
tick_us,139.3,274
frame_ms,0.5291,
frame_ms,0.2531,
frame_ms,0.2264,
frame_ms,0.2211,
frame_ms,0.224,
frame_ms,0.2561,
frame_ms,0.2618,
frame_ms,0.2326,
frame_ms,0.3069,
frame_ms,0.2837,
frame_ms,0.2413,
frame_ms,0.2526,
frame_ms,0.2258,
frame_ms,0.2297,
frame_ms,0.2181,
frame_ms,0.2178,
frame_ms,0.2758,
frame_ms,0.2354,
frame_ms,0.2191,
frame_ms,0.2552,
frame_ms,0.2337,
frame_ms,0.2173,
frame_ms,0.2569,
frame_ms,1.2085,
tick_us,169.4,274
frame_ms,0.7149,
frame_ms,0.3363,
frame_ms,0.3397,
frame_ms,0.3488,
frame_ms,0.3412,
frame_ms,0.354,
frame_ms,0.3908,
frame_ms,0.3432,
frame_ms,0.3537,
frame_ms,0.393,
frame_ms,0.3449,
frame_ms,0.4517,
frame_ms,0.3422,
frame_ms,0.3346,
frame_ms,0.3453,
frame_ms,0.2625,
frame_ms,0.227,
frame_ms,0.2183,
frame_ms,0.2212,
frame_ms,0.2957,
tick_us,136.9,268
frame_ms,0.5627,
frame_ms,0.2924,
frame_ms,0.2467,
frame_ms,0.225,
frame_ms,0.2311,
frame_ms,0.2203,
frame_ms,0.2252,
frame_ms,0.2221,
frame_ms,0.227,
frame_ms,0.2209,
frame_ms,0.2337,
frame_ms,0.2295,
frame_ms,0.2116,
frame_ms,0.2738,
frame_ms,0.2283,
frame_ms,0.2123,
frame_ms,0.3125,
frame_ms,0.3048,
frame_ms,0.2544,
frame_ms,0.2341,
frame_ms,0.2361,
frame_ms,0.2226,
frame_ms,0.2584,
frame_ms,0.2232,
frame_ms,0.2635,
frame_ms,0.2393,
frame_ms,0.2198,
tick_us,131.8,270
frame_ms,0.5546,
frame_ms,0.2516,
frame_ms,0.2198,
frame_ms,0.2142,
frame_ms,0.2232,
frame_ms,0.2208,
frame_ms,0.2862,
frame_ms,0.7317,
frame_ms,0.3491,
frame_ms,0.3455,
frame_ms,0.4296,
frame_ms,0.49,
frame_ms,0.2816,
frame_ms,0.2336,
frame_ms,0.2208,
frame_ms,0.2223,
frame_ms,0.2151,
frame_ms,0.2832,
frame_ms,0.3049,
frame_ms,0.2622,
frame_ms,0.2433,
frame_ms,0.241,
frame_ms,0.2496,
tick_us,160.9,274
frame_ms,0.5873,
frame_ms,0.2851,
frame_ms,0.2566,
frame_ms,0.2868,
frame_ms,0.2601,
frame_ms,0.2434,
frame_ms,0.2386,
frame_ms,0.2642,
frame_ms,0.2583,
frame_ms,0.3727,
frame_ms,0.5276,
frame_ms,0.4798,
frame_ms,0.3754,
frame_ms,0.449,
frame_ms,0.3432,
frame_ms,0.3379,
frame_ms,0.3759,
frame_ms,0.2832,
frame_ms,0.2371,
frame_ms,0.2358,
frame_ms,0.3082,
tick_us,130.1,268
frame_ms,0.5916,
frame_ms,0.2626,
frame_ms,0.253,
frame_ms,0.2405,
frame_ms,0.2344,
frame_ms,0.2202,
frame_ms,0.2138,
frame_ms,0.2133,
frame_ms,0.2539,
frame_ms,0.2745,
frame_ms,0.2353,
frame_ms,0.2236,
frame_ms,0.2173,
frame_ms,0.211,
frame_ms,0.2637,
frame_ms,0.2641,
frame_ms,0.3007,
frame_ms,0.2637,
frame_ms,0.3057,
frame_ms,0.2511,
frame_ms,0.2289,
frame_ms,0.2317,
frame_ms,0.241,
frame_ms,0.2523,
frame_ms,0.2224,
frame_ms,0.2968,
tick_us,128.9,254
frame_ms,0.6339,
frame_ms,0.2652,
frame_ms,0.2219,
frame_ms,0.2281,
frame_ms,0.3424,
frame_ms,0.2975,
frame_ms,0.2769,
frame_ms,0.2592,
frame_ms,0.2281,
frame_ms,0.2475,
frame_ms,0.388,
frame_ms,0.2768,
frame_ms,0.2432,
frame_ms,0.2081,
frame_ms,0.2139,
frame_ms,0.2098,
frame_ms,0.2395,
frame_ms,0.3893,
frame_ms,0.2989,
frame_ms,0.2562,
frame_ms,0.2555,
frame_ms,0.2176,
frame_ms,0.2189,
frame_ms,0.2181,
frame_ms,0.2246,
tick_us,139.5,248
frame_ms,0.5511,
frame_ms,0.3287,
frame_ms,0.3244,
frame_ms,0.2956,
frame_ms,0.3227,
frame_ms,0.2231,
frame_ms,0.4393,
frame_ms,0.3919,
frame_ms,0.4506,
frame_ms,0.3092,
frame_ms,0.2695,
frame_ms,0.251,
frame_ms,0.2624,
frame_ms,0.2685,
frame_ms,0.2345,
frame_ms,0.2315,
frame_ms,0.2248,
frame_ms,0.2235,
frame_ms,0.2429,
frame_ms,0.2298,
frame_ms,0.282,
frame_ms,0.2824,
frame_ms,0.24,
frame_ms,0.2328,
tick_us,127.7,250
frame_ms,0.583,
frame_ms,0.3806,
frame_ms,0.2978,
frame_ms,0.2943,
frame_ms,0.4105,
frame_ms,0.4173,
frame_ms,0.306,
frame_ms,0.2613,
frame_ms,0.2368,
frame_ms,0.3426,
frame_ms,0.2633,
frame_ms,0.2226,
frame_ms,0.4617,
frame_ms,0.4189,
frame_ms,0.3121,
frame_ms,0.2529,
frame_ms,0.2308,
frame_ms,0.2828,
frame_ms,0.2316,
frame_ms,0.274,
frame_ms,0.2659,
frame_ms,0.2288,
tick_us,193.7,258
frame_ms,0.6897,
frame_ms,0.3068,
frame_ms,0.284,
frame_ms,0.222,
frame_ms,0.2269,
frame_ms,0.2251,
frame_ms,0.2811,
frame_ms,0.2395,
frame_ms,0.2224,
frame_ms,0.2159,
frame_ms,0.2761,
frame_ms,0.2788,
frame_ms,0.2333,
frame_ms,0.228,
frame_ms,0.2163,
frame_ms,0.2635,
frame_ms,0.2455,
frame_ms,0.2251,
frame_ms,0.2512,
frame_ms,0.2248,
frame_ms,0.2389,
frame_ms,0.2792,
frame_ms,0.6104,
frame_ms,0.3325,
tick_us,121.3,252
frame_ms,0.5195,
frame_ms,0.2477,
frame_ms,0.2162,
frame_ms,0.217,
frame_ms,0.2797,
frame_ms,0.3509,
frame_ms,0.3147,
frame_ms,0.2689,
frame_ms,0.304,
frame_ms,0.3796,
frame_ms,0.2598,
frame_ms,0.2259,
frame_ms,0.2187,
frame_ms,0.2285,
frame_ms,0.2172,
frame_ms,0.2158,
frame_ms,0.2699,
frame_ms,0.2237,
frame_ms,0.2126,
frame_ms,0.2119,
frame_ms,0.4532,
frame_ms,0.4379,
frame_ms,0.2743,
frame_ms,0.2233,
frame_ms,0.2194,
tick_us,126.4,258
frame_ms,0.5163,
frame_ms,0.2594,
frame_ms,0.2313,
frame_ms,0.2308,
frame_ms,0.2253,
frame_ms,0.2139,
frame_ms,0.2101,
frame_ms,0.2425,
frame_ms,0.2276,
frame_ms,0.2908,
frame_ms,0.2752,
frame_ms,0.2386,
frame_ms,0.2311,
frame_ms,0.2448,
frame_ms,0.2666,
frame_ms,0.255,
frame_ms,0.2274,
frame_ms,0.2154,
frame_ms,0.3135,
frame_ms,0.2556,
frame_ms,0.2328,
frame_ms,0.2144,
frame_ms,0.2445,
frame_ms,0.2204,
frame_ms,0.2224,
frame_ms,0.2059,
frame_ms,0.2801,
tick_us,176.9,260
frame_ms,0.6522,
frame_ms,0.3167,
frame_ms,0.2523,
frame_ms,0.2271,
frame_ms,0.3243,
frame_ms,0.2872,
frame_ms,0.2428,
frame_ms,0.2509,
frame_ms,0.2316,
frame_ms,0.3736,
frame_ms,0.254,
frame_ms,0.2282,
frame_ms,0.3189,
frame_ms,0.2707,
frame_ms,0.2403,
frame_ms,0.2295,
frame_ms,0.2359,
frame_ms,0.2332,
frame_ms,0.2288,
frame_ms,0.2828,
frame_ms,0.317,
frame_ms,0.3151,
frame_ms,0.258,
frame_ms,0.2388,
frame_ms,0.2375,
tick_us,130.5,262
frame_ms,0.5482,
frame_ms,0.348,
frame_ms,0.3354,
frame_ms,0.2567,
frame_ms,0.2236,
frame_ms,0.219,
frame_ms,0.2128,
frame_ms,0.2103,
frame_ms,0.2454,
frame_ms,0.2847,
frame_ms,0.4073,
frame_ms,0.329,
frame_ms,0.292,
frame_ms,0.2549,
frame_ms,0.2474,
frame_ms,0.2406,
frame_ms,0.3703,
frame_ms,0.294,
frame_ms,0.2497,
frame_ms,0.2454,
frame_ms,0.2384,
frame_ms,0.2347,
frame_ms,0.2366,
frame_ms,0.3199,
tick_us,144.6,260
frame_ms,0.6589,
frame_ms,0.2734,
frame_ms,0.4901,
frame_ms,0.3832,
frame_ms,0.3769,
frame_ms,0.275,
frame_ms,0.3087,
frame_ms,0.2403,
frame_ms,0.2432,
frame_ms,0.2409,
frame_ms,0.2201,
frame_ms,0.2624,
frame_ms,0.2795,
frame_ms,0.7489,
frame_ms,0.3552,
frame_ms,0.3164,
frame_ms,0.6287,
frame_ms,0.416,
frame_ms,0.2825,
tick_us,131.5,264
frame_ms,0.5392,
frame_ms,0.2436,
frame_ms,0.2129,
frame_ms,0.2172,
frame_ms,0.2173,
frame_ms,0.3078,
frame_ms,0.2494,
frame_ms,0.2261,
frame_ms,0.3631,
frame_ms,0.3452,
frame_ms,0.3259,
frame_ms,0.246,
frame_ms,0.2261,
frame_ms,0.2335,
frame_ms,0.229,
frame_ms,0.2311,
frame_ms,0.2597,
frame_ms,0.2918,
frame_ms,0.2642,
frame_ms,0.2282,
frame_ms,0.2297,
frame_ms,0.2304,
frame_ms,0.2227,
frame_ms,0.2477,
frame_ms,0.4342,
frame_ms,0.3221,
tick_us,127.9,264
frame_ms,0.5514,
frame_ms,0.2514,
frame_ms,0.2726,
frame_ms,0.2202,
frame_ms,0.2841,
frame_ms,0.3308,
frame_ms,0.2473,
frame_ms,0.2202,
frame_ms,0.2315,
frame_ms,0.2433,
frame_ms,0.2278,
frame_ms,0.2311,
frame_ms,0.2308,
frame_ms,0.271,
frame_ms,0.269,
frame_ms,0.2455,
frame_ms,0.2328,
frame_ms,0.2329,
frame_ms,0.2293,
frame_ms,0.2201,
frame_ms,0.2434,
frame_ms,0.2709,
frame_ms,0.2436,
frame_ms,0.223,
frame_ms,0.2251,
frame_ms,0.2136,
frame_ms,0.3322,
tick_us,122.1,256
frame_ms,0.5371,
frame_ms,0.738,
frame_ms,0.3607,
frame_ms,0.4442,
frame_ms,0.349,
frame_ms,0.3349,
frame_ms,0.3285,
frame_ms,0.2555,
frame_ms,0.2165,
frame_ms,0.219,
frame_ms,0.2255,
frame_ms,0.4914,
frame_ms,0.4161,
frame_ms,0.297,
frame_ms,0.2707,
frame_ms,0.2691,
frame_ms,0.231,
frame_ms,0.2164,
frame_ms,0.206,
frame_ms,0.2223,
frame_ms,0.2586,
tick_us,127.2,256
frame_ms,0.5148,
frame_ms,0.2399,
frame_ms,0.2277,
frame_ms,0.2102,
frame_ms,0.2911,
frame_ms,0.2826,
frame_ms,0.6327,
frame_ms,0.3926,
frame_ms,0.2433,
frame_ms,0.2332,
frame_ms,0.2281,
frame_ms,0.2701,
frame_ms,0.2735,
frame_ms,0.2767,
frame_ms,0.2474,
frame_ms,0.2293,
frame_ms,0.2229,
frame_ms,0.2157,
frame_ms,0.2117,
frame_ms,0.2362,
frame_ms,0.2923,
frame_ms,0.2686,
frame_ms,0.2624,
frame_ms,0.2935,
tick_us,128.3,252
frame_ms,0.5234,
frame_ms,0.2502,
frame_ms,0.2142,
frame_ms,0.2204,
frame_ms,0.2412,
frame_ms,0.2188,
frame_ms,0.2567,
frame_ms,0.2271,
frame_ms,0.2159,
frame_ms,0.2658,
frame_ms,0.2327,
frame_ms,0.2977,
frame_ms,0.2785,
frame_ms,0.4278,
frame_ms,0.2639,
frame_ms,0.2269,
frame_ms,0.2505,
frame_ms,0.2122,
frame_ms,0.2086,
frame_ms,0.2082,
frame_ms,0.2507,
frame_ms,0.2566,
frame_ms,0.449,
frame_ms,0.3139,
frame_ms,0.2348,
frame_ms,0.212,
tick_us,216,266
frame_ms,0.9048,
frame_ms,0.3768,
frame_ms,0.2644,
frame_ms,0.3219,
frame_ms,0.2727,
frame_ms,0.2225,
frame_ms,0.2159,
frame_ms,0.2157,
frame_ms,0.222,
frame_ms,0.2088,
frame_ms,0.284,
frame_ms,0.2266,
frame_ms,0.2131,
frame_ms,0.2608,
frame_ms,0.2463,
frame_ms,0.2193,
frame_ms,0.2198,
frame_ms,0.2005,
frame_ms,0.2602,
frame_ms,0.2746,
frame_ms,0.2315,
frame_ms,0.2265,
frame_ms,0.2512,
frame_ms,0.2077,
frame_ms,0.2593,
frame_ms,0.2562,
tick_us,125.5,264
frame_ms,0.5022,
frame_ms,0.2326,
frame_ms,0.2063,
frame_ms,0.2123,
frame_ms,0.2067,
frame_ms,0.2313,
frame_ms,0.2129,
frame_ms,0.2751,
frame_ms,0.2985,
frame_ms,0.2201,
frame_ms,0.2071,
frame_ms,0.2084,
frame_ms,0.2448,
frame_ms,0.2235,
frame_ms,0.2034,
frame_ms,0.2327,
frame_ms,0.2265,
frame_ms,0.2044,
frame_ms,0.2504,
frame_ms,0.2567,
frame_ms,0.2372,
frame_ms,0.2072,
frame_ms,0.216,
frame_ms,0.2515,
frame_ms,0.6225,
frame_ms,0.3654,
tick_us,227.9,262
frame_ms,0.7721,
frame_ms,0.3343,
frame_ms,0.6636,
frame_ms,0.4345,
frame_ms,0.3725,
frame_ms,0.396,
frame_ms,0.3207,
frame_ms,0.2422,
frame_ms,0.2372,
frame_ms,0.2597,
frame_ms,0.2574,
frame_ms,0.2468,
frame_ms,0.2469,
frame_ms,0.2201,
frame_ms,0.2134,
frame_ms,0.2157,
frame_ms,0.2952,
frame_ms,0.3193,
frame_ms,0.2762,
frame_ms,0.2364,
frame_ms,0.2527,
frame_ms,0.235,
tick_us,215.1,258
frame_ms,0.7363,
frame_ms,0.3413,
frame_ms,0.5152,
frame_ms,0.3836,
frame_ms,0.4432,
frame_ms,0.4113,
frame_ms,0.3729,
frame_ms,0.3074,
frame_ms,0.2414,
frame_ms,0.2193,
frame_ms,0.2242,
frame_ms,0.2245,
frame_ms,0.2605,
frame_ms,0.3133,
frame_ms,0.3354,
frame_ms,0.3341,
frame_ms,0.3982,
frame_ms,0.3544,
frame_ms,0.3541,
tick_us,188.7,266
frame_ms,0.7073,
frame_ms,0.3396,
frame_ms,0.3366,
frame_ms,0.4188,
frame_ms,0.3982,
frame_ms,0.2929,
frame_ms,0.3212,
frame_ms,0.5628,
frame_ms,0.4412,
frame_ms,0.3558,
frame_ms,0.3448,
frame_ms,0.331,
frame_ms,0.3363,
frame_ms,0.3334,
frame_ms,0.6898,
frame_ms,0.2972,
frame_ms,0.545,
tick_us,159.8,268
frame_ms,0.7454,
frame_ms,0.3455,
frame_ms,0.3453,
frame_ms,0.3447,
frame_ms,0.3466,
frame_ms,0.643,
frame_ms,0.2849,
frame_ms,0.241,
frame_ms,0.237,
frame_ms,0.52,
frame_ms,0.2811,
frame_ms,0.233,
frame_ms,0.2331,
frame_ms,0.2639,
frame_ms,0.2176,
frame_ms,0.2173,
frame_ms,0.2694,
frame_ms,0.2294,
frame_ms,0.2119,
frame_ms,0.2319,
frame_ms,0.2109,
frame_ms,0.2058,
tick_us,151,274
frame_ms,0.6258,
frame_ms,0.309,
frame_ms,0.2411,
frame_ms,0.2252,
frame_ms,0.2276,
frame_ms,0.2217,
frame_ms,0.228,
frame_ms,0.2091,
frame_ms,0.2529,
frame_ms,0.302,
frame_ms,0.2556,
frame_ms,0.245,
frame_ms,0.2448,
frame_ms,0.2407,
frame_ms,0.2509,
frame_ms,0.2452,
frame_ms,0.2615,
frame_ms,0.5468,
frame_ms,0.42,
frame_ms,0.2555,
frame_ms,0.2465,
frame_ms,0.2358,
frame_ms,0.2321,
frame_ms,0.2191,
frame_ms,0.2306,
frame_ms,0.2239,
tick_us,131.9,278
frame_ms,0.573,
frame_ms,0.2972,
frame_ms,0.2516,
frame_ms,0.2161,
frame_ms,0.2319,
frame_ms,0.2306,
frame_ms,0.2572,
frame_ms,0.2858,
frame_ms,0.2871,
frame_ms,0.3658,
frame_ms,0.2968,
frame_ms,0.248,
frame_ms,0.2425,
frame_ms,0.2493,
frame_ms,0.2459,
frame_ms,0.2457,
frame_ms,0.3031,
frame_ms,0.2509,
frame_ms,0.2374,
frame_ms,0.2693,
frame_ms,0.24,
frame_ms,0.2355,
frame_ms,0.2331,
frame_ms,0.2375,
frame_ms,0.2637,
tick_us,128.5,274
frame_ms,0.5377,
frame_ms,0.2562,
frame_ms,0.2191,
frame_ms,0.2336,
frame_ms,0.2356,
frame_ms,0.2401,
frame_ms,0.2288,
frame_ms,0.2138,
frame_ms,0.2115,
frame_ms,0.2678,
frame_ms,0.2318,
frame_ms,0.2217,
frame_ms,0.2653,
frame_ms,0.2282,
frame_ms,0.2344,
frame_ms,0.23,
frame_ms,0.2347,
frame_ms,0.2396,
frame_ms,0.2221,
frame_ms,0.264,
frame_ms,0.2888,
frame_ms,0.2387,
frame_ms,0.2316,
frame_ms,0.3279,
frame_ms,0.3229,
frame_ms,0.2655,
frame_ms,0.2347,
tick_us,129.3,270
frame_ms,0.5384,
frame_ms,0.3794,
frame_ms,0.3112,
frame_ms,0.2763,
frame_ms,0.2501,
frame_ms,0.2339,
frame_ms,0.2333,
frame_ms,0.231,
frame_ms,0.2323,
frame_ms,0.2325,
frame_ms,0.2273,
frame_ms,0.2421,
frame_ms,0.2332,
frame_ms,0.274,
frame_ms,0.2679,
frame_ms,0.3316,
frame_ms,0.3005,
frame_ms,0.2693,
frame_ms,0.3612,
frame_ms,0.2987,
frame_ms,0.3033,
frame_ms,0.2243,
frame_ms,0.2552,
frame_ms,0.222,
frame_ms,0.2404,
tick_us,133.6,272
frame_ms,0.5679,
frame_ms,0.2886,
frame_ms,0.2468,
frame_ms,0.2248,
frame_ms,0.2503,
frame_ms,0.232,
frame_ms,0.6119,
frame_ms,0.3033,
frame_ms,0.2959,
frame_ms,0.2632,
frame_ms,0.2387,
frame_ms,0.2395,
frame_ms,0.2466,
frame_ms,0.2387,
frame_ms,0.235,
frame_ms,0.2325,
frame_ms,0.2265,
frame_ms,0.2242,
frame_ms,0.2267,
frame_ms,0.3379,
frame_ms,0.2935,
frame_ms,0.2481,
frame_ms,0.2449,
frame_ms,0.244,
frame_ms,0.2607,
tick_us,141.9,288
frame_ms,0.5804,
frame_ms,0.3175,
frame_ms,0.308,
frame_ms,0.3003,
frame_ms,0.223,
frame_ms,0.2293,
frame_ms,0.226,
frame_ms,0.3041,
frame_ms,0.3028,
frame_ms,0.4209,
frame_ms,0.3363,
frame_ms,0.3081,
frame_ms,0.4536,
frame_ms,0.3261,
frame_ms,0.2951,
frame_ms,0.2388,
frame_ms,0.2408,
frame_ms,0.2404,
frame_ms,0.2494,
frame_ms,0.2568,
frame_ms,0.2488,
frame_ms,0.2945,
frame_ms,0.2494,
tick_us,136.1,284
frame_ms,0.6702,
frame_ms,0.8337,
frame_ms,0.4784,
frame_ms,0.4385,
frame_ms,0.353,
frame_ms,0.3029,
frame_ms,0.3798,
frame_ms,0.2831,
frame_ms,0.4602,
frame_ms,0.4196,
frame_ms,0.4217,
frame_ms,0.5226,
frame_ms,0.4001,
frame_ms,0.396,
frame_ms,0.348,
frame_ms,0.2687,
tick_us,136.5,280
frame_ms,1.1962,
frame_ms,0.7788,
frame_ms,0.3574,
frame_ms,0.4825,
frame_ms,0.5002,
frame_ms,0.2947,
frame_ms,0.2892,
frame_ms,0.2325,
frame_ms,0.2364,
frame_ms,0.2271,
frame_ms,0.3454,
frame_ms,0.4026,
frame_ms,0.5457,
frame_ms,0.3726,
frame_ms,0.3211,
frame_ms,0.3092,
tick_us,143.5,286
frame_ms,0.6521,
frame_ms,0.3819,
frame_ms,0.3563,
frame_ms,0.2917,
frame_ms,0.2439,
frame_ms,0.2962,
frame_ms,0.3079,
frame_ms,0.3348,
frame_ms,3.3142,
frame_ms,0.6288,
tick_us,181.6,280
frame_ms,1.2853,
frame_ms,0.4756,
frame_ms,0.3299,
frame_ms,0.2839,
frame_ms,0.2716,
frame_ms,0.3441,
frame_ms,0.4868,
frame_ms,0.6433,
frame_ms,0.6836,
frame_ms,0.4647,
frame_ms,0.4323,
frame_ms,0.3068,
frame_ms,0.2727,
frame_ms,0.262,
frame_ms,0.2951,
frame_ms,0.2789,
tick_us,147.2,280
frame_ms,0.5883,
frame_ms,0.3295,
frame_ms,0.3333,
frame_ms,0.3696,
frame_ms,0.3269,
frame_ms,0.2876,
frame_ms,0.2769,
frame_ms,0.2809,
frame_ms,0.2511,
frame_ms,0.3484,
frame_ms,0.3535,
frame_ms,0.2797,
frame_ms,0.245,
frame_ms,0.2663,
frame_ms,0.2324,
frame_ms,0.2488,
frame_ms,0.2395,
frame_ms,0.251,
frame_ms,0.2387,
frame_ms,0.2588,
frame_ms,0.8647,
tick_us,189,278
frame_ms,0.8719,
frame_ms,0.3797,
frame_ms,0.3813,
frame_ms,0.27,
frame_ms,0.3245,
frame_ms,0.2455,
frame_ms,0.3138,
frame_ms,0.3627,
frame_ms,0.2728,
frame_ms,0.2717,
frame_ms,0.2911,
frame_ms,0.3874,
frame_ms,0.3524,
frame_ms,0.269,
frame_ms,0.2495,
frame_ms,0.4306,
frame_ms,0.4109,
frame_ms,0.3236,
frame_ms,0.2745,
frame_ms,0.2549,
tick_us,130.9,278
frame_ms,0.624,
frame_ms,0.5662,
frame_ms,0.4416,
frame_ms,0.6241,
frame_ms,0.3727,
frame_ms,0.2968,
frame_ms,0.3393,
frame_ms,0.2543,
frame_ms,0.2473,
frame_ms,0.2446,
frame_ms,0.2437,
frame_ms,0.2523,
frame_ms,0.2497,
frame_ms,0.2583,
frame_ms,0.4789,
frame_ms,0.4899,
frame_ms,0.6892,
frame_ms,0.3507,
tick_us,163.9,286
frame_ms,0.7627,
frame_ms,0.3395,
frame_ms,0.3305,
frame_ms,0.3217,
frame_ms,0.3143,
frame_ms,1.0339,
frame_ms,0.3986,
frame_ms,0.3776,
frame_ms,0.4507,
frame_ms,0.3121,
frame_ms,0.2943,
frame_ms,0.2629,
frame_ms,0.2809,
frame_ms,0.2879,
frame_ms,0.2757,
frame_ms,0.2745,
frame_ms,0.2865,
tick_us,147.7,292
frame_ms,1.1922,
frame_ms,0.4857,
frame_ms,0.3724,
frame_ms,0.3184,
frame_ms,0.2733,
frame_ms,0.3383,
frame_ms,0.4449,
frame_ms,0.4371,
frame_ms,0.4452,
frame_ms,0.4088,
frame_ms,0.3699,
frame_ms,0.3048,
frame_ms,0.338,
frame_ms,0.2837,
frame_ms,0.2813,
frame_ms,0.271,
frame_ms,0.2611,
frame_ms,0.2586,
tick_us,147,288
frame_ms,0.6577,
frame_ms,0.3404,
frame_ms,0.3144,
frame_ms,0.8578,
frame_ms,0.491,
frame_ms,0.3725,
frame_ms,0.461,
frame_ms,0.3912,
frame_ms,0.3422,
frame_ms,0.3439,
frame_ms,0.2851,
frame_ms,0.3849,
frame_ms,0.3258,
frame_ms,0.2978,
frame_ms,0.2769,
frame_ms,0.377,
frame_ms,0.309,
frame_ms,0.2798,
tick_us,207.1,284
frame_ms,0.9666,
frame_ms,0.6447,
frame_ms,0.5616,
frame_ms,0.3999,
frame_ms,0.3787,
frame_ms,0.4095,
frame_ms,0.4443,
frame_ms,0.3053,
frame_ms,0.2823,
frame_ms,0.3272,
frame_ms,0.276,
frame_ms,0.2743,
frame_ms,0.2687,
frame_ms,0.2692,
frame_ms,0.2633,
frame_ms,0.6395,
tick_us,207.5,290
frame_ms,0.7788,
frame_ms,0.4036,
frame_ms,0.3317,
frame_ms,0.2734,
frame_ms,0.2566,
frame_ms,0.2651,
frame_ms,0.2596,
frame_ms,0.2669,
frame_ms,0.2637,
frame_ms,0.2708,
frame_ms,0.3707,
frame_ms,0.3008,
frame_ms,0.2796,
frame_ms,0.2643,
frame_ms,0.2711,
frame_ms,0.2774,
frame_ms,0.2718,
frame_ms,0.2735,
frame_ms,0.269,
frame_ms,0.2617,
frame_ms,0.2654,
frame_ms,0.2628,
frame_ms,0.2632,
frame_ms,0.2576,
tick_us,158.9,294
frame_ms,0.6414,
frame_ms,0.549,
frame_ms,0.3411,
frame_ms,0.2902,
frame_ms,0.2763,
frame_ms,0.5264,
frame_ms,0.4455,
frame_ms,0.3959,
frame_ms,0.3992,
frame_ms,0.431,
frame_ms,0.3703,
frame_ms,0.46,
frame_ms,0.4772,
frame_ms,0.3294,
frame_ms,0.3044,
frame_ms,0.4019,
tick_us,190.8,298
frame_ms,0.7577,
frame_ms,0.3661,
frame_ms,0.2965,
frame_ms,0.2937,
frame_ms,0.274,
frame_ms,0.2899,
frame_ms,0.3936,
frame_ms,0.3252,
frame_ms,0.3565,
frame_ms,0.3643,
frame_ms,0.2904,
frame_ms,0.286,
frame_ms,0.2805,
frame_ms,0.2785,
frame_ms,0.4051,
frame_ms,0.4178,
frame_ms,0.3763,
frame_ms,0.3016,
frame_ms,0.2914,
frame_ms,0.3638,
tick_us,145.5,290
frame_ms,0.6158,
frame_ms,0.3199,
frame_ms,0.3483,
frame_ms,0.3156,
frame_ms,0.2645,
frame_ms,0.2641,
frame_ms,0.2666,
frame_ms,0.2722,
frame_ms,0.2776,
frame_ms,0.278,
frame_ms,0.3162,
frame_ms,1.0422,
frame_ms,0.3914,
frame_ms,0.4587,
frame_ms,0.461,
frame_ms,0.4242,
frame_ms,0.4005,
frame_ms,0.4563,
tick_us,155.3,302
frame_ms,1.0576,
frame_ms,0.5839,
frame_ms,0.4702,
frame_ms,0.32,
frame_ms,0.4513,
frame_ms,0.6587,
frame_ms,0.3697,
frame_ms,0.4381,
frame_ms,0.5741,
frame_ms,0.4676,
frame_ms,0.4145,
frame_ms,0.5295,
frame_ms,0.4377,
tick_us,166.3,300
frame_ms,0.6914,
frame_ms,0.3312,
frame_ms,0.2954,
frame_ms,0.2563,
frame_ms,0.3717,
frame_ms,0.3216,
frame_ms,0.2762,
frame_ms,0.2591,
frame_ms,0.2654,
frame_ms,0.2638,
frame_ms,0.2741,
frame_ms,0.2735,
frame_ms,0.3327,
frame_ms,0.3532,
frame_ms,0.378,
frame_ms,0.3582,
frame_ms,0.3195,
frame_ms,0.4452,
frame_ms,0.3603,
frame_ms,0.4156,
tick_us,216,308
frame_ms,0.8651,
frame_ms,0.6122,
frame_ms,0.4049,
frame_ms,0.4052,
frame_ms,0.4089,
frame_ms,0.4734,
frame_ms,0.3352,
frame_ms,0.317,
frame_ms,0.9469,
frame_ms,0.3899,
frame_ms,0.2964,
frame_ms,0.3852,
frame_ms,0.286,
frame_ms,0.2616,
frame_ms,0.2522,
frame_ms,0.2675,
frame_ms,0.2617,
tick_us,173.3,306
frame_ms,0.7409,
frame_ms,0.485,
frame_ms,0.4097,
frame_ms,0.3224,
frame_ms,0.2899,
frame_ms,0.2647,
frame_ms,0.2607,
frame_ms,0.2604,
frame_ms,0.2698,
frame_ms,0.2633,
frame_ms,0.2644,
frame_ms,0.2585,
frame_ms,0.4363,
frame_ms,0.3453,
frame_ms,1.1172,
frame_ms,0.5216,
tick_us,152.2,296
frame_ms,0.9474,
frame_ms,0.5277,
frame_ms,0.3405,
frame_ms,0.2916,
frame_ms,0.2716,
frame_ms,0.5194,
frame_ms,0.3994,
frame_ms,0.3312,
frame_ms,0.3403,
frame_ms,0.423,
frame_ms,0.338,
frame_ms,0.2749,
frame_ms,0.406,
frame_ms,0.4408,
frame_ms,0.4196,
frame_ms,0.7033,
tick_us,172.6,302
frame_ms,1.0842,
frame_ms,0.4346,
frame_ms,0.3613,
frame_ms,0.3065,
frame_ms,0.4446,
frame_ms,0.3924,
frame_ms,0.4356,
frame_ms,0.4729,
frame_ms,0.3257,
frame_ms,0.4698,
frame_ms,0.6955,
frame_ms,0.4843,
frame_ms,0.3826,
frame_ms,0.3503,
frame_ms,0.3237,
frame_ms,0.2875,
tick_us,165.4,306
frame_ms,0.7695,
frame_ms,0.7632,
frame_ms,0.6815,
frame_ms,0.7248,
frame_ms,0.3493,
frame_ms,0.2874,
frame_ms,0.267,
frame_ms,0.2558,
frame_ms,0.4097,
frame_ms,0.424,
frame_ms,0.3739,
frame_ms,0.2857,
frame_ms,0.2702,
frame_ms,0.2734,
frame_ms,0.2788,
frame_ms,0.2665,
frame_ms,0.303,
tick_us,151.2,304
frame_ms,0.6552,
frame_ms,0.2801,
frame_ms,0.251,
frame_ms,0.247,
frame_ms,0.2798,
frame_ms,0.2799,
frame_ms,0.2751,
frame_ms,0.2693,
frame_ms,0.2745,
frame_ms,0.2609,
frame_ms,0.2553,
frame_ms,0.2605,
frame_ms,0.3758,
frame_ms,0.3477,
frame_ms,0.298,
frame_ms,0.2774,
frame_ms,0.2625,
frame_ms,0.2713,
frame_ms,0.2784,
frame_ms,0.2907,
frame_ms,0.2806,
frame_ms,0.8314,
tick_us,246.9,310
frame_ms,1.013,
frame_ms,0.4146,
frame_ms,0.5055,
frame_ms,0.4213,
frame_ms,0.5082,
frame_ms,0.3336,
frame_ms,0.2984,
frame_ms,0.3839,
frame_ms,0.4041,
frame_ms,0.4037,
frame_ms,0.3488,
frame_ms,0.3049,
frame_ms,0.2794,
frame_ms,0.26,
frame_ms,0.262,
frame_ms,0.2441,
frame_ms,0.2666,
tick_us,139.1,314
frame_ms,0.7007,
frame_ms,0.2728,
frame_ms,0.2478,
frame_ms,0.55,
frame_ms,0.3168,
frame_ms,0.3196,
frame_ms,0.2866,
frame_ms,0.2715,
frame_ms,0.2575,
frame_ms,0.3366,
frame_ms,0.2918,
frame_ms,0.2593,
frame_ms,0.2437,
frame_ms,0.2744,
frame_ms,0.2862,
frame_ms,0.3006,
frame_ms,0.5033,
frame_ms,0.3213,
frame_ms,0.371,
frame_ms,0.2978,
frame_ms,0.314,
tick_us,143,298
frame_ms,0.608,
frame_ms,0.3066,
frame_ms,0.2777,
frame_ms,0.241,
frame_ms,0.3279,
frame_ms,0.3046,
frame_ms,0.8561,
frame_ms,0.4456,
frame_ms,0.2976,
frame_ms,0.2799,
frame_ms,0.2565,
frame_ms,0.25,
frame_ms,0.2458,
frame_ms,0.2477,
frame_ms,0.2293,
frame_ms,0.2262,
frame_ms,0.2345,
frame_ms,0.2525,
frame_ms,0.2763,
frame_ms,0.28,
frame_ms,0.2653,
frame_ms,0.2933,
tick_us,149.1,302
frame_ms,0.6187,
frame_ms,0.3193,
frame_ms,0.3094,
frame_ms,0.2495,
frame_ms,0.3994,
frame_ms,0.3863,
frame_ms,0.3678,
frame_ms,0.4251,
frame_ms,0.4148,
frame_ms,0.4075,
frame_ms,0.418,
frame_ms,0.411,
frame_ms,0.5363,
frame_ms,0.3223,
frame_ms,0.2598,
frame_ms,0.2321,
frame_ms,0.2305,
frame_ms,0.229,
frame_ms,0.2225,
frame_ms,0.2338,
tick_us,144.8,304
frame_ms,0.5791,
frame_ms,0.313,
frame_ms,0.3266,
frame_ms,0.3399,
frame_ms,0.2919,
frame_ms,0.2746,
frame_ms,0.2558,
frame_ms,0.2539,
frame_ms,0.2455,
frame_ms,0.2634,
frame_ms,0.2502,
frame_ms,0.2599,
frame_ms,0.2578,
frame_ms,0.2574,
frame_ms,0.2563,
frame_ms,0.2625,
frame_ms,0.5097,
frame_ms,0.3975,
frame_ms,0.2915,
frame_ms,0.3113,
frame_ms,0.2424,
frame_ms,0.2451,
tick_us,163.8,294
frame_ms,0.7309,
frame_ms,0.3711,
frame_ms,0.3559,
frame_ms,0.4161,
frame_ms,0.3972,
frame_ms,0.4047,
frame_ms,0.3717,
frame_ms,0.3179,
frame_ms,0.2554,
frame_ms,0.2439,
frame_ms,0.2989,
frame_ms,0.2508,
frame_ms,0.2955,
frame_ms,0.2599,
frame_ms,0.2444,
frame_ms,0.2431,
frame_ms,0.2374,
frame_ms,0.264,
frame_ms,0.246,
frame_ms,0.2501,
frame_ms,0.2561,
frame_ms,0.2541,
frame_ms,0.265,
tick_us,144.2,282
frame_ms,0.5928,
frame_ms,0.3141,
frame_ms,0.3567,
frame_ms,0.3065,
frame_ms,0.27,
frame_ms,0.2384,
frame_ms,0.2315,
frame_ms,0.2326,
frame_ms,0.2321,
frame_ms,0.2787,
frame_ms,0.2699,
frame_ms,0.2542,
frame_ms,0.2457,
frame_ms,0.2544,
frame_ms,0.2497,
frame_ms,0.2449,
frame_ms,0.2722,
frame_ms,0.3127,
frame_ms,0.2631,
frame_ms,0.2306,
frame_ms,0.2404,
frame_ms,0.2231,
frame_ms,0.3674,
frame_ms,0.2629,
tick_us,137.3,276
frame_ms,0.6253,
frame_ms,0.2931,
frame_ms,0.258,
frame_ms,0.238,
frame_ms,0.2607,
frame_ms,0.2474,
frame_ms,0.252,
frame_ms,0.2463,
frame_ms,0.2516,
frame_ms,0.2319,
frame_ms,0.2229,
frame_ms,0.2108,
frame_ms,0.2402,
frame_ms,0.2283,
frame_ms,0.2098,
frame_ms,0.2279,
frame_ms,0.2373,
frame_ms,0.3219,
frame_ms,0.2502,
frame_ms,0.3093,
frame_ms,0.2717,
frame_ms,0.238,
frame_ms,0.233,
frame_ms,0.2326,
frame_ms,0.2765,
frame_ms,0.2288,
frame_ms,0.3017,
tick_us,133,272
frame_ms,0.6928,
frame_ms,0.2484,
frame_ms,0.2189,
frame_ms,0.2435,
frame_ms,0.5102,
frame_ms,0.2692,
frame_ms,0.2497,
frame_ms,0.2576,
frame_ms,0.2437,
frame_ms,0.2943,
frame_ms,0.2757,
frame_ms,0.2318,
frame_ms,0.2129,
frame_ms,0.261,
frame_ms,0.2723,
frame_ms,0.2459,
frame_ms,0.2348,
frame_ms,0.2314,
frame_ms,0.2268,
frame_ms,0.3268,
frame_ms,0.3105,
frame_ms,0.2717,
frame_ms,0.3471,
frame_ms,0.2665,
tick_us,132.4,276
frame_ms,0.7218,
frame_ms,0.4033,
frame_ms,0.3742,
frame_ms,0.3422,
frame_ms,0.343,
frame_ms,0.3581,
frame_ms,0.411,
frame_ms,0.3785,
frame_ms,0.4078,
frame_ms,0.3644,
frame_ms,0.4221,
frame_ms,0.274,
frame_ms,0.246,
frame_ms,0.2243,
frame_ms,0.2271,
frame_ms,0.2245,
frame_ms,0.2195,
frame_ms,0.2617,
frame_ms,0.2782,
frame_ms,0.2421,
frame_ms,0.2275,
tick_us,136.4,276
frame_ms,0.5578,
frame_ms,0.316,
frame_ms,0.3093,
frame_ms,0.2804,
frame_ms,0.2407,
frame_ms,0.2468,
frame_ms,0.2473,
frame_ms,0.2535,
frame_ms,0.2412,
frame_ms,0.2291,
frame_ms,0.2446,
frame_ms,0.231,
frame_ms,0.2485,
frame_ms,0.2288,
frame_ms,0.2497,
frame_ms,0.2292,
frame_ms,0.4944,
frame_ms,0.4033,
frame_ms,0.3738,
frame_ms,0.4104,
frame_ms,0.457,
frame_ms,0.2682,
frame_ms,0.2245,
tick_us,124,266
frame_ms,0.5153,
frame_ms,0.2501,
frame_ms,0.2336,
frame_ms,0.2418,
frame_ms,0.251,
frame_ms,0.2395,
frame_ms,0.2373,
frame_ms,0.4679,
frame_ms,0.3331,
frame_ms,0.2981,
frame_ms,0.2374,
frame_ms,0.2293,
frame_ms,0.2337,
frame_ms,0.2329,
frame_ms,0.227,
frame_ms,0.2275,
frame_ms,0.2385,
frame_ms,0.2176,
frame_ms,0.228,
frame_ms,0.2067,
frame_ms,0.225,
frame_ms,0.2821,
tick_us,130.9,262
frame_ms,1.447,
frame_ms,0.2955,
frame_ms,0.2628,
frame_ms,0.2263,
frame_ms,0.2322,
frame_ms,0.2472,
frame_ms,0.2966,
frame_ms,0.4674,
frame_ms,0.226,
frame_ms,0.234,
frame_ms,0.2478,
frame_ms,0.2316,
frame_ms,0.2434,
frame_ms,0.2398,
frame_ms,0.2979,
frame_ms,0.2443,
frame_ms,0.2226,
frame_ms,0.2459,
frame_ms,0.2512,
frame_ms,0.2536,
frame_ms,0.2402,
frame_ms,0.2196,
frame_ms,0.2489,
frame_ms,0.2189,
frame_ms,0.2233,
frame_ms,0.2074,
frame_ms,0.2176,
tick_us,126.2,254
frame_ms,0.5517,
frame_ms,0.2893,
frame_ms,0.2523,
frame_ms,0.248,
frame_ms,0.2236,
frame_ms,0.2099,
frame_ms,0.2193,
frame_ms,0.263,
frame_ms,0.2966,
frame_ms,0.2389,
frame_ms,0.2175,
frame_ms,0.2151,
frame_ms,0.2155,
frame_ms,0.2437,
frame_ms,0.4595,
frame_ms,0.3281,
frame_ms,0.2799,
frame_ms,0.2718,
frame_ms,0.2446,
frame_ms,0.422,
frame_ms,0.3133,
frame_ms,0.2538,
frame_ms,0.2777,
frame_ms,0.2385,
frame_ms,0.2273,
tick_us,148.8,250
frame_ms,0.5627,
frame_ms,0.2609,
frame_ms,0.2279,
frame_ms,0.2558,
frame_ms,0.2667,
frame_ms,0.2419,
frame_ms,0.2343,
frame_ms,0.2406,
frame_ms,0.2621,
frame_ms,0.232,
frame_ms,0.2334,
frame_ms,0.2653,
frame_ms,0.2419,
frame_ms,0.2334,
frame_ms,0.2608,
frame_ms,0.2885,
frame_ms,0.2448,
frame_ms,0.2331,
frame_ms,0.2402,
frame_ms,0.2308,
frame_ms,0.2132,
frame_ms,0.2113,
frame_ms,0.2457,
frame_ms,0.3249,
frame_ms,0.217,
frame_ms,0.262,
frame_ms,0.2198,
tick_us,126.1,254
frame_ms,0.5471,
frame_ms,0.2583,
frame_ms,0.2238,
frame_ms,0.2057,
frame_ms,0.2008,
frame_ms,0.2239,
frame_ms,0.2414,
frame_ms,0.2262,
frame_ms,0.2301,
frame_ms,0.2314,
frame_ms,0.2804,
frame_ms,0.2495,
frame_ms,0.2434,
frame_ms,0.2382,
frame_ms,0.8533,
frame_ms,0.5858,
frame_ms,0.349,
frame_ms,0.2677,
frame_ms,0.2525,
frame_ms,0.2273,
frame_ms,0.2334,
frame_ms,0.2138,
frame_ms,0.2277,
tick_us,149.4,250
frame_ms,0.7924,
frame_ms,0.3136,
frame_ms,0.2661,
frame_ms,0.2344,
frame_ms,0.2371,
frame_ms,0.2994,
frame_ms,0.3069,
frame_ms,0.2295,
frame_ms,0.2244,
frame_ms,0.2192,
frame_ms,0.2304,
frame_ms,0.2347,
frame_ms,0.2561,
frame_ms,0.2248,
frame_ms,0.2951,
frame_ms,0.3697,
frame_ms,0.314,
frame_ms,0.2428,
frame_ms,0.2397,
frame_ms,0.2364,
frame_ms,0.2327,
frame_ms,0.2289,
frame_ms,0.3436,
frame_ms,0.3654,
tick_us,124.2,258
frame_ms,0.5032,
frame_ms,0.2538,
frame_ms,0.2156,
frame_ms,0.227,
frame_ms,0.2243,
frame_ms,0.2266,
frame_ms,0.2697,
frame_ms,0.2626,
frame_ms,0.6483,
frame_ms,0.3526,
frame_ms,0.343,
frame_ms,0.4416,
frame_ms,0.3432,
frame_ms,0.3498,
frame_ms,0.338,
frame_ms,0.3299,
frame_ms,0.3763,
frame_ms,0.3688,
frame_ms,0.4208,
frame_ms,0.5032,
tick_us,147.2,260
frame_ms,0.6265,
frame_ms,0.2867,
frame_ms,0.2641,
frame_ms,0.2497,
frame_ms,0.2181,
frame_ms,0.2371,
frame_ms,0.2206,
frame_ms,0.23,
frame_ms,0.2295,
frame_ms,0.2171,
frame_ms,0.2353,
frame_ms,0.5525,
frame_ms,0.2941,
frame_ms,0.6145,
frame_ms,0.3518,
frame_ms,0.3948,
frame_ms,0.2644,
frame_ms,0.3268,
frame_ms,0.4184,
frame_ms,0.2673,
frame_ms,0.4426,
tick_us,128.2,252
frame_ms,0.6269,
frame_ms,0.3936,
frame_ms,0.337,
frame_ms,0.6321,
frame_ms,0.6323,
frame_ms,0.509,
frame_ms,0.2465,
frame_ms,0.3413,
frame_ms,0.3293,
frame_ms,0.5431,
frame_ms,0.2741,
frame_ms,0.2279,
frame_ms,0.2324,
frame_ms,0.2252,
frame_ms,0.2255,
frame_ms,0.2717,
frame_ms,0.3036,
frame_ms,0.2378,
frame_ms,0.2191,
tick_us,138.6,244
frame_ms,0.5664,
frame_ms,0.2439,
frame_ms,0.2202,
frame_ms,0.2917,
frame_ms,0.4968,
frame_ms,0.3831,
frame_ms,0.4039,
frame_ms,0.3676,
frame_ms,0.3279,
frame_ms,0.2692,
frame_ms,0.237,
frame_ms,0.2273,
frame_ms,0.2247,
frame_ms,0.2184,
frame_ms,0.2085,
frame_ms,0.2338,
frame_ms,0.2687,
frame_ms,0.3346,
frame_ms,0.2666,
frame_ms,0.2447,
frame_ms,0.245,
frame_ms,0.2544,
frame_ms,0.2451,
tick_us,162.6,240
frame_ms,0.7323,
frame_ms,0.364,
frame_ms,0.4225,
frame_ms,0.3453,
frame_ms,0.3311,
frame_ms,0.3276,
frame_ms,0.3249,
frame_ms,0.4044,
frame_ms,0.2726,
frame_ms,0.2354,
frame_ms,0.2248,
frame_ms,0.3257,
frame_ms,0.2481,
frame_ms,0.2401,
frame_ms,0.292,
frame_ms,0.2186,
frame_ms,0.2164,
frame_ms,0.2133,
frame_ms,0.211,
frame_ms,0.2512,
frame_ms,0.2232,
frame_ms,0.2126,
frame_ms,0.2504,
frame_ms,0.2294,
tick_us,149.5,238
frame_ms,0.6892,
frame_ms,0.3936,
frame_ms,0.3557,
frame_ms,0.3985,
frame_ms,0.3073,
frame_ms,0.2435,
frame_ms,0.2169,
frame_ms,0.2256,
frame_ms,0.2169,
frame_ms,0.434,
frame_ms,0.2584,
frame_ms,0.3532,
frame_ms,0.3216,
frame_ms,0.2264,
frame_ms,0.2303,
frame_ms,0.2242,
frame_ms,0.2124,
frame_ms,0.4327,
frame_ms,0.3766,
frame_ms,0.3688,
frame_ms,0.3343,
frame_ms,0.3334,
tick_us,143.2,246
frame_ms,0.6416,
frame_ms,0.3282,
frame_ms,0.377,
frame_ms,0.3612,
frame_ms,0.3526,
frame_ms,0.4932,
frame_ms,0.3288,
frame_ms,0.3331,
frame_ms,0.3882,
frame_ms,0.3934,
frame_ms,0.326,
frame_ms,0.2503,
frame_ms,0.2182,
frame_ms,0.223,
frame_ms,0.2166,
frame_ms,0.215,
frame_ms,0.3034,
frame_ms,0.2812,
frame_ms,0.2465,
frame_ms,0.2376,
frame_ms,0.2219,
frame_ms,0.2174,
tick_us,128.2,242
frame_ms,0.5481,
frame_ms,0.2558,
frame_ms,0.2187,
frame_ms,0.2187,
frame_ms,0.2142,
frame_ms,0.2128,
frame_ms,0.2684,
frame_ms,0.2377,
frame_ms,0.2121,
frame_ms,0.2279,
frame_ms,0.2742,
frame_ms,0.2479,
frame_ms,0.2745,
frame_ms,0.2207,
frame_ms,0.22,
frame_ms,0.234,
frame_ms,0.4945,
frame_ms,0.4171,
frame_ms,0.3894,
frame_ms,0.3366,
frame_ms,0.3335,
frame_ms,0.3386,
frame_ms,0.2554,
frame_ms,0.2114,
tick_us,122,244
frame_ms,0.501,
frame_ms,0.2438,
frame_ms,0.2237,
frame_ms,0.2376,
frame_ms,0.2335,
frame_ms,0.2174,
frame_ms,0.2429,
frame_ms,0.2168,
frame_ms,0.2494,
frame_ms,0.2311,
frame_ms,0.2063,
frame_ms,0.2466,
frame_ms,0.2238,
frame_ms,0.2152,
frame_ms,0.2327,
frame_ms,0.2112,
frame_ms,0.2054,
frame_ms,0.2518,
frame_ms,0.2443,
frame_ms,0.25,
frame_ms,0.213,
frame_ms,0.2589,
frame_ms,0.2344,
frame_ms,0.2094,
frame_ms,0.2516,
frame_ms,0.2175,
frame_ms,0.2013,
frame_ms,0.2487,
frame_ms,0.2161,
tick_us,116.6,244
frame_ms,0.4682,
frame_ms,0.2321,
frame_ms,0.2086,
frame_ms,0.2117,
frame_ms,0.2061,
frame_ms,0.2807,
frame_ms,0.2904,
frame_ms,0.2531,
frame_ms,0.2345,
frame_ms,0.2227,
frame_ms,0.2473,
frame_ms,0.2758,
frame_ms,0.3119,
frame_ms,0.2341,
frame_ms,0.2106,
frame_ms,0.2058,
frame_ms,0.2063,
frame_ms,0.2462,
frame_ms,0.2291,
frame_ms,0.2084,
frame_ms,0.2277,
frame_ms,0.2028,
frame_ms,0.2903,
frame_ms,0.2838,
frame_ms,0.8769,
tick_us,135.3,244
frame_ms,0.9046,
frame_ms,0.3944,
frame_ms,0.406,
frame_ms,0.3221,
frame_ms,0.2529,
frame_ms,0.228,
frame_ms,0.2203,
frame_ms,0.3263,
frame_ms,0.2809,
frame_ms,0.2374,
frame_ms,0.2788,
frame_ms,0.2335,
frame_ms,0.2427,
frame_ms,0.2359,
frame_ms,0.2904,
frame_ms,0.2204,
frame_ms,0.223,
frame_ms,0.2327,
frame_ms,0.2359,
frame_ms,0.2414,
frame_ms,0.223,
frame_ms,0.2279,
frame_ms,0.2143,
frame_ms,0.3016,
tick_us,132.3,252
frame_ms,0.6708,
frame_ms,0.3329,
frame_ms,0.276,
frame_ms,0.2442,
frame_ms,0.2616,
frame_ms,0.2555,
frame_ms,0.2466,
frame_ms,0.2365,
frame_ms,0.2293,
frame_ms,0.2338,
frame_ms,0.2394,
frame_ms,0.2424,
frame_ms,0.2288,
frame_ms,0.2888,
frame_ms,0.2317,
frame_ms,0.2457,
frame_ms,0.2452,
frame_ms,0.2448,
frame_ms,0.2417,
frame_ms,0.2497,
frame_ms,0.2445,
frame_ms,0.3077,
frame_ms,0.252,
frame_ms,0.2372,
frame_ms,0.2206,
frame_ms,0.2161,
tick_us,134.9,254
frame_ms,0.5387,
frame_ms,0.2537,
frame_ms,0.2355,
frame_ms,0.2129,
frame_ms,0.2212,
frame_ms,0.3942,
frame_ms,0.2973,
frame_ms,0.2963,
frame_ms,0.2791,
frame_ms,0.2565,
frame_ms,0.269,
frame_ms,0.2527,
frame_ms,0.2491,
frame_ms,0.2631,
frame_ms,0.241,
frame_ms,0.2272,
frame_ms,0.2313,
frame_ms,0.2328,
frame_ms,0.2551,
frame_ms,0.2295,
frame_ms,0.2158,
frame_ms,0.2993,
frame_ms,0.3224,
frame_ms,0.3451,
frame_ms,0.2431,
tick_us,128.4,252
frame_ms,0.5405,
frame_ms,0.259,
frame_ms,0.2389,
frame_ms,0.3239,
frame_ms,0.2381,
frame_ms,0.2236,
frame_ms,0.2309,
frame_ms,0.2179,
frame_ms,0.2213,
frame_ms,0.2315,
frame_ms,0.3225,
frame_ms,0.2482,
frame_ms,0.2325,
frame_ms,0.2306,
frame_ms,0.2303,
frame_ms,0.2639,
frame_ms,0.2149,
frame_ms,0.2584,
frame_ms,0.2667,
frame_ms,0.2323,
frame_ms,0.218,
frame_ms,0.2166,
frame_ms,0.2413,
frame_ms,0.2496,
frame_ms,0.2218,
frame_ms,0.2112,
frame_ms,0.229,
frame_ms,0.2163,
tick_us,124,252
frame_ms,0.5644,
frame_ms,0.3021,
frame_ms,0.275,
frame_ms,0.2456,
frame_ms,0.2406,
frame_ms,0.2808,
frame_ms,0.3464,
frame_ms,0.2923,
frame_ms,0.4056,
frame_ms,0.3594,
frame_ms,0.3407,
frame_ms,0.3397,
frame_ms,0.565,
frame_ms,0.3836,
frame_ms,0.3918,
frame_ms,0.3481,
frame_ms,0.3731,
frame_ms,0.3586,
frame_ms,0.2445,
frame_ms,0.2149,
frame_ms,0.2208,
tick_us,125.9,256
frame_ms,0.4881,
frame_ms,0.2299,
frame_ms,0.2185,
frame_ms,0.2177,
frame_ms,0.2454,
frame_ms,0.2782,
frame_ms,0.2818,
frame_ms,0.4406,
frame_ms,0.3816,
frame_ms,0.3977,
frame_ms,0.3361,
frame_ms,0.3419,
frame_ms,0.3311,
frame_ms,0.3486,
frame_ms,0.3322,
frame_ms,0.3313,
frame_ms,0.3768,
frame_ms,0.3732,
frame_ms,0.4164,
frame_ms,0.3619,
tick_us,146.5,260
frame_ms,0.6818,
frame_ms,0.3478,
frame_ms,0.2741,
frame_ms,0.2295,
frame_ms,0.2191,
frame_ms,0.2253,
frame_ms,0.2228,
frame_ms,0.2141,
frame_ms,0.2343,
frame_ms,0.2266,
frame_ms,0.2422,
frame_ms,0.8867,
frame_ms,0.272,
frame_ms,0.2358,
frame_ms,0.2199,
frame_ms,0.2222,
frame_ms,0.2184,
frame_ms,0.2111,
frame_ms,0.2908,
frame_ms,0.5426,
frame_ms,0.3981,
frame_ms,0.3052,
tick_us,129.5,264
frame_ms,0.9617,
frame_ms,0.3167,
frame_ms,0.2716,
frame_ms,0.2287,
frame_ms,0.2246,
frame_ms,0.2248,
frame_ms,0.2255,
frame_ms,0.2287,
frame_ms,0.226,
frame_ms,0.2152,
frame_ms,0.2516,
frame_ms,0.2298,
frame_ms,0.2261,
frame_ms,0.2287,
frame_ms,0.2144,
frame_ms,0.2529,
frame_ms,0.3886,
frame_ms,0.254,
frame_ms,0.2162,
frame_ms,0.2265,
frame_ms,0.2214,
frame_ms,0.261,
frame_ms,0.2137,
frame_ms,0.207,
frame_ms,0.2186,
frame_ms,0.2537,
tick_us,122.2,274
frame_ms,0.5446,
frame_ms,0.2403,
frame_ms,0.2148,
frame_ms,0.217,
frame_ms,0.2087,
frame_ms,0.3519,
frame_ms,0.4457,
frame_ms,0.3634,
frame_ms,0.369,
frame_ms,0.3488,
frame_ms,0.326,
frame_ms,0.2848,
frame_ms,0.2488,
frame_ms,0.2188,
frame_ms,0.2195,
frame_ms,0.2411,
frame_ms,0.2094,
frame_ms,0.2437,
frame_ms,0.2239,
frame_ms,0.299,
frame_ms,0.3123,
frame_ms,0.3264,
frame_ms,0.3016,
frame_ms,0.2412,
tick_us,122.3,266
frame_ms,0.501,
frame_ms,0.2491,
frame_ms,0.2293,
frame_ms,0.2528,
frame_ms,0.3495,
frame_ms,0.2331,
frame_ms,0.2186,
frame_ms,0.2205,
frame_ms,0.2161,
frame_ms,0.2129,
frame_ms,0.3049,
frame_ms,0.3112,
frame_ms,0.2942,
frame_ms,0.2723,
frame_ms,0.2308,
frame_ms,0.2266,
frame_ms,0.2753,
frame_ms,0.2121,
frame_ms,0.2602,
frame_ms,0.2295,
frame_ms,0.2108,
frame_ms,0.2171,
frame_ms,0.242,
frame_ms,0.2235,
frame_ms,0.2138,
frame_ms,0.2164,
frame_ms,0.2461,
tick_us,126.1,262
frame_ms,0.6347,
frame_ms,0.3219,
frame_ms,0.3226,
frame_ms,0.3013,
frame_ms,0.2247,
frame_ms,0.2128,
frame_ms,0.2142,
frame_ms,0.2282,
frame_ms,0.2386,
frame_ms,0.2233,
frame_ms,0.2045,
frame_ms,0.2382,
frame_ms,0.2158,
frame_ms,0.204,
frame_ms,0.2486,
frame_ms,0.2181,
frame_ms,0.4442,
frame_ms,0.4054,
frame_ms,0.2854,
frame_ms,0.2344,
frame_ms,0.2265,
frame_ms,0.2471,
frame_ms,0.2247,
frame_ms,0.235,
frame_ms,0.2325,
frame_ms,0.2422,
tick_us,127.5,272
frame_ms,0.5065,
frame_ms,0.2483,
frame_ms,0.2173,
frame_ms,0.2166,
frame_ms,0.2095,
frame_ms,0.2993,
frame_ms,0.5709,
frame_ms,0.3545,
frame_ms,0.2535,
frame_ms,0.2183,
frame_ms,0.231,
frame_ms,0.2202,
frame_ms,0.2143,
frame_ms,0.2267,
frame_ms,0.2952,
frame_ms,0.236,
frame_ms,0.2192,
frame_ms,0.2344,
frame_ms,0.2209,
frame_ms,0.2187,
frame_ms,0.2313,
frame_ms,0.2452,
frame_ms,0.2448,
frame_ms,0.2464,
frame_ms,0.233,
frame_ms,0.2182,
frame_ms,0.2561,
tick_us,122.7,280
frame_ms,0.5015,
frame_ms,0.2452,
frame_ms,0.2357,
frame_ms,0.215,
frame_ms,0.2083,
frame_ms,0.2056,
frame_ms,0.2637,
frame_ms,0.2279,
frame_ms,0.2069,
frame_ms,0.2192,
frame_ms,0.3249,
frame_ms,0.4651,
frame_ms,0.2571,
frame_ms,0.2417,
frame_ms,0.2472,
frame_ms,0.2473,
frame_ms,0.3078,
frame_ms,0.3249,
frame_ms,0.247,
frame_ms,0.208,
frame_ms,0.2268,
frame_ms,0.2046,
frame_ms,0.26,
frame_ms,0.2656,
frame_ms,0.2298,
frame_ms,0.2162,
tick_us,118.2,278
frame_ms,0.535,
frame_ms,0.247,
frame_ms,0.2341,
frame_ms,0.2461,
frame_ms,0.2275,
frame_ms,0.216,
frame_ms,0.2244,
frame_ms,0.2287,
frame_ms,0.2351,
frame_ms,0.2201,
frame_ms,0.2079,
frame_ms,0.2447,
frame_ms,0.7569,
frame_ms,0.3141,
frame_ms,0.2848,
frame_ms,0.2758,
frame_ms,0.2644,
frame_ms,0.2367,
frame_ms,0.2415,
frame_ms,0.2454,
frame_ms,0.336,
frame_ms,0.2934,
frame_ms,0.2261,
frame_ms,0.22,
frame_ms,0.2209,
tick_us,126.8,272
frame_ms,0.5217,
frame_ms,0.2434,
frame_ms,0.2248,
frame_ms,0.2183,
frame_ms,0.2109,
frame_ms,0.2781,
frame_ms,0.2641,
frame_ms,0.2791,
frame_ms,0.2365,
frame_ms,0.2264,
frame_ms,0.3219,
frame_ms,0.2631,
frame_ms,0.2601,
frame_ms,0.2308,
frame_ms,0.2154,
frame_ms,0.2132,
frame_ms,0.2434,
frame_ms,0.2308,
frame_ms,0.215,
frame_ms,0.2434,
frame_ms,0.2303,
frame_ms,0.2134,
frame_ms,0.2107,
frame_ms,0.3732,
frame_ms,0.2854,
frame_ms,0.2431,
frame_ms,0.2339,
tick_us,124.1,274
frame_ms,0.5341,
frame_ms,0.2436,
frame_ms,0.26,
frame_ms,0.2357,
frame_ms,0.2169,
frame_ms,0.2104,
frame_ms,0.2089,
frame_ms,0.2533,
frame_ms,0.2246,
frame_ms,0.2117,
frame_ms,0.3188,
frame_ms,0.2863,
frame_ms,0.2499,
frame_ms,0.2288,
frame_ms,0.2286,
frame_ms,0.2329,
frame_ms,0.8755,
frame_ms,0.2455,
frame_ms,0.2095,
frame_ms,0.2064,
frame_ms,0.2103,
frame_ms,0.238,
frame_ms,0.2303,
frame_ms,0.2069,
frame_ms,0.2508,
frame_ms,0.2445,
tick_us,130.8,276
frame_ms,0.6077,
frame_ms,0.3017,
frame_ms,0.2868,
frame_ms,0.2683,
frame_ms,0.2306,
frame_ms,0.2213,
frame_ms,0.2115,
frame_ms,0.2413,
frame_ms,0.2324,
frame_ms,0.2121,
frame_ms,0.204,
frame_ms,0.2481,
frame_ms,0.22,
frame_ms,0.2067,
frame_ms,0.2419,
frame_ms,0.2771,
frame_ms,0.3116,
frame_ms,0.2944,
frame_ms,0.3131,
frame_ms,0.2864,
frame_ms,0.3185,
frame_ms,0.244,
frame_ms,0.2143,
frame_ms,0.2177,
frame_ms,0.2175,
frame_ms,0.2295,
tick_us,129.7,276
frame_ms,0.5172,
frame_ms,0.2428,
frame_ms,0.2148,
frame_ms,0.2162,
frame_ms,0.2108,
frame_ms,0.2853,
frame_ms,0.4157,
frame_ms,0.2732,
frame_ms,0.2736,
frame_ms,0.2391,
frame_ms,0.2364,
frame_ms,0.2425,
frame_ms,0.2297,
frame_ms,0.2288,
frame_ms,0.2434,
frame_ms,0.227,
frame_ms,0.3028,
frame_ms,0.3275,
frame_ms,0.2327,
frame_ms,0.2132,
frame_ms,0.2122,
frame_ms,0.2406,
frame_ms,0.4101,
frame_ms,0.4303,
tick_us,168.5,278
frame_ms,0.7369,
frame_ms,0.4129,
frame_ms,0.2416,
frame_ms,0.2145,
frame_ms,0.2174,
frame_ms,0.2118,
frame_ms,0.2099,
frame_ms,0.41,
frame_ms,0.367,
frame_ms,0.3582,
frame_ms,0.2342,
frame_ms,0.2495,
frame_ms,0.2331,
frame_ms,0.2265,
frame_ms,0.2383,
frame_ms,0.2611,
frame_ms,0.3334,
frame_ms,0.2345,
frame_ms,0.2219,
frame_ms,0.2323,
frame_ms,0.2149,
frame_ms,0.2117,
frame_ms,0.2273,
frame_ms,0.2302,
frame_ms,0.2126,
frame_ms,0.2204,
tick_us,131.5,272
frame_ms,0.5664,
frame_ms,0.3065,
frame_ms,0.2426,
frame_ms,0.2206,
frame_ms,0.2318,
frame_ms,0.2713,
frame_ms,0.2266,
frame_ms,0.2128,
frame_ms,0.2471,
frame_ms,0.2537,
frame_ms,0.2267,
frame_ms,0.2103,
frame_ms,0.225,
frame_ms,0.2176,
frame_ms,0.2067,
frame_ms,0.2489,
frame_ms,0.2642,
frame_ms,0.2261,
frame_ms,0.2177,
frame_ms,0.3124,
frame_ms,0.216,
frame_ms,0.2181,
frame_ms,0.2081,
frame_ms,0.3977,
frame_ms,0.3651,
frame_ms,0.3455,
tick_us,143,284
frame_ms,0.6333,
frame_ms,0.3771,
frame_ms,0.292,
frame_ms,0.231,
frame_ms,0.2291,
frame_ms,0.2146,
frame_ms,0.2303,
frame_ms,0.2539,
frame_ms,0.2356,
frame_ms,0.2183,
frame_ms,0.2579,
frame_ms,0.2449,
frame_ms,0.2089,
frame_ms,0.2523,
frame_ms,0.26,
frame_ms,0.2344,
frame_ms,0.2106,
frame_ms,0.2116,
frame_ms,0.2567,
frame_ms,0.2268,
frame_ms,0.2106,
frame_ms,0.2897,
frame_ms,0.2881,
frame_ms,0.3441,
frame_ms,0.4514,
tick_us,160.5,282
frame_ms,0.6845,
frame_ms,0.4027,
frame_ms,0.3647,
frame_ms,0.3397,
frame_ms,0.3353,
frame_ms,0.3308,
frame_ms,0.3311,
frame_ms,0.3981,
frame_ms,0.3904,
frame_ms,0.3597,
frame_ms,0.3463,
frame_ms,0.4189,
frame_ms,0.337,
frame_ms,0.3244,
frame_ms,0.2478,
frame_ms,0.2186,
frame_ms,0.2259,
frame_ms,0.215,
frame_ms,0.2123,
frame_ms,0.2288,
frame_ms,0.2337,
frame_ms,0.22,
tick_us,138.8,286
frame_ms,0.5889,
frame_ms,0.3049,
frame_ms,0.3116,
frame_ms,0.3808,
frame_ms,0.2486,
frame_ms,0.2174,
frame_ms,0.3134,
frame_ms,0.2633,
frame_ms,0.2392,
frame_ms,0.2256,
frame_ms,0.217,
frame_ms,0.2091,
frame_ms,0.2422,
frame_ms,0.2252,
frame_ms,0.2527,
frame_ms,0.3508,
frame_ms,0.6664,
frame_ms,0.3541,
frame_ms,0.3816,
frame_ms,0.399,
frame_ms,0.3436,
tick_us,149.8,284
frame_ms,0.6513,
frame_ms,0.2916,
frame_ms,0.301,
frame_ms,0.2833,
frame_ms,0.252,
frame_ms,0.2381,
frame_ms,0.2478,
frame_ms,0.2486,
frame_ms,0.3883,
frame_ms,0.2492,
frame_ms,0.2261,
frame_ms,0.2174,
frame_ms,0.2167,
frame_ms,0.2118,
frame_ms,0.2447,
frame_ms,0.2437,
frame_ms,0.2398,
frame_ms,0.2478,
frame_ms,0.2252,
frame_ms,0.2069,
frame_ms,0.2174,
frame_ms,0.47,
frame_ms,0.4075,
frame_ms,0.4252,
frame_ms,0.279,
tick_us,122.3,286
frame_ms,0.5238,
frame_ms,0.247,
frame_ms,0.213,
frame_ms,0.3038,
frame_ms,0.2365,
frame_ms,0.2201,
frame_ms,0.2049,
frame_ms,0.2039,
frame_ms,0.2699,
frame_ms,0.2335,
frame_ms,0.3258,
frame_ms,0.2776,
frame_ms,0.2519,
frame_ms,0.2361,
frame_ms,0.2378,
frame_ms,0.2746,
frame_ms,0.2577,
frame_ms,0.3913,
frame_ms,0.2411,
frame_ms,0.2084,
frame_ms,0.2205,
frame_ms,0.2083,
frame_ms,0.2522,
frame_ms,0.2173,
frame_ms,0.2081,
frame_ms,0.2432,
tick_us,127.7,292
frame_ms,0.5223,
frame_ms,0.2379,
frame_ms,0.5044,
frame_ms,0.2761,
frame_ms,0.2438,
frame_ms,0.2226,
frame_ms,0.2235,
frame_ms,0.2187,
frame_ms,0.2113,
frame_ms,0.2444,
frame_ms,0.2318,
frame_ms,0.2108,
frame_ms,0.2272,
frame_ms,0.2186,
frame_ms,0.2753,
frame_ms,0.2756,
frame_ms,0.2819,
frame_ms,0.2508,
frame_ms,0.241,
frame_ms,0.2255,
frame_ms,0.2199,
frame_ms,0.2123,
frame_ms,0.2596,
frame_ms,0.2694,
frame_ms,0.2354,
frame_ms,0.2258,
frame_ms,0.2169,
tick_us,126.9,286
frame_ms,0.5038,
frame_ms,0.2527,
frame_ms,0.2145,
frame_ms,0.2158,
frame_ms,0.2069,
frame_ms,0.2286,
frame_ms,0.245,
frame_ms,0.233,
frame_ms,0.2176,
frame_ms,0.2195,
frame_ms,0.2408,
frame_ms,0.2208,
frame_ms,0.2127,
frame_ms,0.2462,
frame_ms,0.2185,
frame_ms,0.2063,
frame_ms,0.237,
frame_ms,0.2209,
frame_ms,0.2073,
frame_ms,0.2418,
frame_ms,0.2257,
frame_ms,0.2126,
frame_ms,0.2173,
frame_ms,0.8152,
frame_ms,0.3736,
frame_ms,0.2703,
tick_us,177.1,272
frame_ms,0.6366,
frame_ms,0.2779,
frame_ms,0.2624,
frame_ms,0.2233,
frame_ms,0.2251,
frame_ms,0.2197,
frame_ms,0.225,
frame_ms,0.2646,
frame_ms,0.2673,
frame_ms,0.2309,
frame_ms,0.2259,
frame_ms,0.2446,
frame_ms,0.2482,
frame_ms,0.3288,
frame_ms,0.2584,
frame_ms,0.2229,
frame_ms,0.221,
frame_ms,0.2729,
frame_ms,0.2778,
frame_ms,0.2386,
frame_ms,0.227,
frame_ms,0.2162,
frame_ms,0.2155,
frame_ms,0.2582,
frame_ms,0.2595,
frame_ms,0.2247,
frame_ms,0.2131,
tick_us,168.3,276
frame_ms,0.7805,
frame_ms,0.372,
frame_ms,0.396,
frame_ms,0.2818,
frame_ms,0.2838,
frame_ms,0.2721,
frame_ms,0.213,
frame_ms,0.2276,
frame_ms,0.2139,
frame_ms,0.208,
frame_ms,0.2476,
frame_ms,0.3302,
frame_ms,0.2512,
frame_ms,0.2134,
frame_ms,0.2541,
frame_ms,0.2303,
frame_ms,0.2967,
frame_ms,0.2377,
frame_ms,0.2163,
frame_ms,0.2223,
frame_ms,0.2479,
frame_ms,0.2288,
frame_ms,0.2133,
frame_ms,0.2585,
frame_ms,0.2406,
tick_us,130.6,282
frame_ms,0.6454,
frame_ms,0.2439,
frame_ms,0.2114,
frame_ms,0.215,
frame_ms,0.2117,
frame_ms,0.3004,
frame_ms,0.2727,
frame_ms,0.2325,
frame_ms,0.2189,
frame_ms,0.2448,
frame_ms,0.2355,
frame_ms,0.2101,
frame_ms,0.2218,
frame_ms,0.2351,
frame_ms,0.2159,
frame_ms,0.205,
frame_ms,0.2619,
frame_ms,0.2655,
frame_ms,0.2316,
frame_ms,0.2131,
frame_ms,0.2087,
frame_ms,0.2534,
frame_ms,0.2257,
frame_ms,0.273,
frame_ms,0.3134,
frame_ms,0.2655,
frame_ms,0.2471,
frame_ms,0.2413,
tick_us,133.2,286
frame_ms,0.5337,
frame_ms,0.2733,
frame_ms,0.2315,
frame_ms,0.2335,
frame_ms,0.2315,
frame_ms,0.2302,
frame_ms,0.2232,
frame_ms,0.2202,
frame_ms,0.2425,
frame_ms,0.2702,
frame_ms,0.2602,
frame_ms,0.2285,
frame_ms,0.223,
frame_ms,0.2169,
frame_ms,0.2395,
frame_ms,0.2393,
frame_ms,0.2352,
frame_ms,0.2267,
frame_ms,0.2484,
frame_ms,0.2019,
frame_ms,0.2645,
frame_ms,0.2461,
frame_ms,0.2134,
frame_ms,0.2068,
frame_ms,0.2688,
frame_ms,0.2749,
frame_ms,0.2371,
tick_us,127.3,274
frame_ms,0.5417,
frame_ms,0.2976,
frame_ms,0.2577,
frame_ms,0.2349,
frame_ms,0.2612,
frame_ms,0.2596,
frame_ms,0.2982,
frame_ms,0.2205,
frame_ms,0.2203,
frame_ms,0.2202,
frame_ms,0.2118,
frame_ms,0.2672,
frame_ms,0.3092,
frame_ms,0.2565,
frame_ms,0.2421,
frame_ms,0.2458,
frame_ms,0.4234,
frame_ms,0.4767,
frame_ms,0.3014,
frame_ms,0.2571,
frame_ms,0.2505,
frame_ms,0.2498,
frame_ms,0.2378,
frame_ms,0.2426,
frame_ms,0.2853,
tick_us,122.7,274
frame_ms,0.5243,
frame_ms,0.2486,
frame_ms,0.2127,
frame_ms,0.2161,
frame_ms,0.2127,
frame_ms,0.2991,
frame_ms,0.3153,
frame_ms,0.2562,
frame_ms,0.2248,
frame_ms,0.2214,
frame_ms,0.2233,
frame_ms,0.245,
frame_ms,0.3496,
frame_ms,0.4081,
frame_ms,0.3417,
frame_ms,0.3401,
frame_ms,0.3402,
frame_ms,0.3443,
frame_ms,0.4008,
frame_ms,0.31,
frame_ms,0.2567,
frame_ms,0.2387,
frame_ms,0.2463,
frame_ms,0.2427,
tick_us,157.5,278
frame_ms,0.5955,
frame_ms,0.365,
frame_ms,0.3528,
frame_ms,0.3405,
frame_ms,0.3337,
frame_ms,0.3412,
frame_ms,0.3293,
frame_ms,1.0284,
frame_ms,0.3743,
frame_ms,0.2883,
frame_ms,0.2467,
frame_ms,0.2368,
frame_ms,0.2384,
frame_ms,0.237,
frame_ms,0.2144,
frame_ms,0.2373,
frame_ms,0.2479,
frame_ms,0.2308,
frame_ms,0.258,
frame_ms,0.2489,
tick_us,141.8,278
frame_ms,0.5845,
frame_ms,0.275,
frame_ms,0.3039,
frame_ms,0.9599,
frame_ms,0.3154,
frame_ms,0.2501,
frame_ms,0.2273,
frame_ms,0.2277,
frame_ms,0.226,
frame_ms,0.2226,
frame_ms,0.2157,
frame_ms,0.245,
frame_ms,0.2153,
frame_ms,0.2634,
frame_ms,0.3785,
frame_ms,0.2601,
frame_ms,0.2219,
frame_ms,0.2231,
frame_ms,0.2168,
frame_ms,0.212,
frame_ms,0.2501,
frame_ms,0.2262,
frame_ms,0.2117,
frame_ms,0.2285,
frame_ms,0.212,
tick_us,125.2,270
frame_ms,0.5389,
frame_ms,0.2389,
frame_ms,0.2081,
frame_ms,0.21,
frame_ms,0.2269,
frame_ms,0.2103,
frame_ms,0.2633,
frame_ms,0.2276,
frame_ms,0.2772,
frame_ms,0.2254,
frame_ms,0.2287,
frame_ms,0.2669,
frame_ms,0.205,
frame_ms,0.2059,
frame_ms,0.2391,
frame_ms,0.6748,
frame_ms,0.3964,
frame_ms,0.36,
frame_ms,0.4075,
frame_ms,0.2873,
frame_ms,0.2515,
frame_ms,0.7253,
tick_us,140.3,260
frame_ms,0.6153,
frame_ms,0.2741,
frame_ms,0.241,
frame_ms,0.2261,
frame_ms,0.2329,
frame_ms,0.2414,
frame_ms,0.2289,
frame_ms,0.2247,
frame_ms,0.2226,
frame_ms,0.2344,
frame_ms,0.2848,
frame_ms,0.2675,
frame_ms,0.2487,
frame_ms,0.2236,
frame_ms,0.2441,
frame_ms,0.3106,
frame_ms,0.2448,
frame_ms,0.2284,
frame_ms,0.2516,
frame_ms,0.2637,
frame_ms,0.2301,
frame_ms,0.2155,
frame_ms,0.2105,
frame_ms,0.2589,
frame_ms,0.2301,
frame_ms,0.2071,
frame_ms,0.239,
tick_us,120.5,264
frame_ms,0.575,
frame_ms,0.2841,
frame_ms,0.2286,
frame_ms,0.2263,
frame_ms,0.227,
frame_ms,0.2206,
frame_ms,0.2312,
frame_ms,0.2672,
frame_ms,0.2694,
frame_ms,0.2506,
frame_ms,0.2216,
frame_ms,0.2188,
frame_ms,0.2115,
frame_ms,0.2526,
frame_ms,0.2157,
frame_ms,0.2331,
frame_ms,0.2598,
frame_ms,0.2572,
frame_ms,0.2572,
frame_ms,0.2245,
frame_ms,0.2576,
frame_ms,0.2282,
frame_ms,0.2459,
frame_ms,0.3467,
frame_ms,0.5025,
frame_ms,0.3139,
tick_us,133.5,256
frame_ms,0.5873,
frame_ms,0.2598,
frame_ms,0.2569,
frame_ms,0.2117,
frame_ms,0.2273,
frame_ms,0.2195,
frame_ms,0.2507,
frame_ms,0.2699,
frame_ms,0.2304,
frame_ms,0.2174,
frame_ms,0.2606,
frame_ms,0.2102,
frame_ms,0.2232,
frame_ms,0.2168,
frame_ms,0.2197,
frame_ms,0.2618,
frame_ms,0.2584,
frame_ms,0.231,
frame_ms,0.2114,
frame_ms,0.2145,
frame_ms,0.2417,
frame_ms,0.2277,
frame_ms,0.2188,
frame_ms,0.2409,
frame_ms,0.5559,
frame_ms,0.2749,
tick_us,128.2,252
frame_ms,0.521,
frame_ms,0.2266,
frame_ms,0.2081,
frame_ms,0.2113,
frame_ms,0.215,
frame_ms,0.2117,
frame_ms,0.2469,
frame_ms,0.2537,
frame_ms,0.2221,
frame_ms,0.2105,
frame_ms,0.2283,
frame_ms,0.2944,
frame_ms,0.282,
frame_ms,0.2476,
frame_ms,0.2456,
frame_ms,0.2394,
frame_ms,0.2777,
frame_ms,0.2366,
frame_ms,0.442,
frame_ms,0.4633,
frame_ms,0.3418,
frame_ms,0.335,
frame_ms,0.3394,
frame_ms,0.3303,
tick_us,151.1,250
frame_ms,0.7055,
frame_ms,0.4221,
frame_ms,0.783,
frame_ms,0.2613,
frame_ms,0.2139,
frame_ms,0.2172,
frame_ms,0.2122,
frame_ms,0.2068,
frame_ms,0.2503,
frame_ms,0.2727,
frame_ms,0.2405,
frame_ms,0.2275,
frame_ms,0.2218,
frame_ms,0.2541,
frame_ms,0.2238,
frame_ms,0.5571,
frame_ms,0.2592,
frame_ms,0.2216,
frame_ms,0.2184,
frame_ms,0.2148,
frame_ms,0.2173,
frame_ms,0.2263,
frame_ms,0.2136,
frame_ms,0.217,
tick_us,121.6,264
frame_ms,0.5187,
frame_ms,0.2384,
frame_ms,0.2134,
frame_ms,0.2116,
frame_ms,0.2094,
frame_ms,0.2594,
frame_ms,0.3072,
frame_ms,0.2728,
frame_ms,0.3326,
frame_ms,0.2558,
frame_ms,0.2372,
frame_ms,0.2394,
frame_ms,0.3241,
frame_ms,0.2483,
frame_ms,0.2282,
frame_ms,0.223,
frame_ms,0.2162,
frame_ms,0.2155,
frame_ms,0.2278,
frame_ms,0.2316,
frame_ms,0.2252,
frame_ms,0.2134,
frame_ms,0.2489,
frame_ms,0.2456,
frame_ms,0.2247,
frame_ms,0.214,
frame_ms,0.2523,
frame_ms,0.2398,
tick_us,128.1,266
frame_ms,0.5106,
frame_ms,0.2403,
frame_ms,0.2078,
frame_ms,0.2172,
frame_ms,0.2103,
frame_ms,0.2158,
frame_ms,0.2494,
frame_ms,0.3328,
frame_ms,1.5727,
frame_ms,0.4476,
frame_ms,0.7948,
frame_ms,0.6922,
frame_ms,0.3145,
frame_ms,0.2387,
frame_ms,0.2175,
frame_ms,0.2702,
tick_us,142.9,266
frame_ms,0.6603,
frame_ms,0.3817,
frame_ms,0.3452,
frame_ms,0.2978,
frame_ms,0.2314,
frame_ms,0.2283,
frame_ms,0.3076,
frame_ms,0.2878,
frame_ms,0.2451,
frame_ms,0.2352,
frame_ms,0.2359,
frame_ms,0.218,
frame_ms,0.214,
frame_ms,0.2731,
frame_ms,0.2831,
frame_ms,0.2849,
frame_ms,0.2583,
frame_ms,0.2617,
frame_ms,0.2512,
frame_ms,0.2459,
frame_ms,0.2278,
frame_ms,0.2664,
frame_ms,0.2739,
frame_ms,0.2271,
frame_ms,0.2411,
frame_ms,0.2239,
tick_us,128.6,262
frame_ms,0.5049,
frame_ms,0.2402,
frame_ms,0.2111,
frame_ms,0.2103,
frame_ms,0.2856,
frame_ms,0.2594,
frame_ms,0.2414,
frame_ms,0.2294,
frame_ms,0.2203,
frame_ms,0.2175,
frame_ms,0.2498,
frame_ms,0.2274,
frame_ms,0.33,
frame_ms,0.2637,
frame_ms,0.2464,
frame_ms,0.2198,
frame_ms,0.2172,
frame_ms,0.2272,
frame_ms,0.2689,
frame_ms,0.2724,
frame_ms,0.2342,
frame_ms,0.3539,
frame_ms,0.3827,
frame_ms,0.3829,
frame_ms,0.3622,
tick_us,222.4,264
frame_ms,0.7965,
frame_ms,0.3427,
frame_ms,0.3351,
frame_ms,0.3338,
frame_ms,0.3297,
frame_ms,0.332,
frame_ms,0.2904,
frame_ms,0.2516,
frame_ms,0.2366,
frame_ms,0.2508,
frame_ms,0.3124,
frame_ms,0.2228,
frame_ms,0.2508,
frame_ms,0.2238,
frame_ms,0.2704,
frame_ms,0.2136,
frame_ms,0.2159,
frame_ms,0.2471,
frame_ms,0.2394,
frame_ms,0.2164,
frame_ms,0.2174,
frame_ms,0.2271,
frame_ms,0.2331,
frame_ms,0.2191,
frame_ms,0.2298,
tick_us,130.8,254
frame_ms,0.5199,
frame_ms,0.255,
frame_ms,0.2349,
frame_ms,0.2258,
frame_ms,0.2145,
frame_ms,0.2084,
frame_ms,0.2442,
frame_ms,0.2219,
frame_ms,0.2129,
frame_ms,0.2377,
frame_ms,0.2264,
frame_ms,0.2145,
frame_ms,0.2391,
frame_ms,0.3318,
frame_ms,0.3881,
frame_ms,0.5498,
frame_ms,0.287,
frame_ms,0.2637,
frame_ms,0.2342,
frame_ms,0.248,
frame_ms,0.235,
frame_ms,0.2793,
frame_ms,0.3337,
frame_ms,0.2905,
frame_ms,0.2571,
tick_us,122.3,264
frame_ms,0.5523,
frame_ms,0.2463,
frame_ms,0.2152,
frame_ms,0.217,
frame_ms,0.2774,
frame_ms,0.278,
frame_ms,0.2341,
frame_ms,0.6556,
frame_ms,0.3458,
frame_ms,0.3712,
frame_ms,0.3413,
frame_ms,0.3373,
frame_ms,0.3305,
frame_ms,0.2427,
frame_ms,0.2105,
frame_ms,0.2153,
frame_ms,0.21,
frame_ms,0.2137,
frame_ms,0.2782,
frame_ms,0.678,
frame_ms,0.4267,
tick_us,165.4,256
frame_ms,0.7187,
frame_ms,0.3327,
frame_ms,0.3417,
frame_ms,0.3321,
frame_ms,0.3297,
frame_ms,0.3283,
frame_ms,0.3267,
frame_ms,0.3798,
frame_ms,0.3439,
frame_ms,0.2685,
frame_ms,0.2405,
frame_ms,0.2372,
frame_ms,0.2271,
frame_ms,0.2598,
frame_ms,0.2176,
frame_ms,0.2287,
frame_ms,0.2308,
frame_ms,0.2133,
frame_ms,0.2853,
frame_ms,0.268,
frame_ms,0.231,
frame_ms,0.2184,
frame_ms,0.2196,
tick_us,128,262
frame_ms,0.562,
frame_ms,0.3323,
frame_ms,0.3733,
frame_ms,0.3647,
frame_ms,0.3529,
frame_ms,0.3341,
frame_ms,0.354,
frame_ms,0.3438,
frame_ms,0.3356,
frame_ms,0.3296,
frame_ms,0.3266,
frame_ms,0.3922,
frame_ms,0.2857,
frame_ms,0.3108,
frame_ms,0.2391,
frame_ms,0.2278,
frame_ms,0.2465,
frame_ms,0.326,
frame_ms,0.341,
frame_ms,0.2474,
frame_ms,0.2194,
frame_ms,0.2284,
tick_us,125.9,258
frame_ms,0.5017,
frame_ms,0.2615,
frame_ms,0.212,
frame_ms,0.2137,
frame_ms,0.2117,
frame_ms,0.2178,
frame_ms,0.8873,
frame_ms,0.3421,
frame_ms,0.3858,
frame_ms,0.3951,
frame_ms,0.3322,
frame_ms,0.3362,
frame_ms,0.3281,
frame_ms,0.3376,
frame_ms,0.3296,
frame_ms,0.3728,
frame_ms,0.3689,
frame_ms,0.3926,
frame_ms,0.2618,
frame_ms,0.2261,
tick_us,121.1,260
frame_ms,0.5064,
frame_ms,0.2427,
frame_ms,0.216,
frame_ms,0.2749,
frame_ms,0.222,
frame_ms,0.2152,
frame_ms,0.2102,
frame_ms,0.2521,
frame_ms,0.2857,
frame_ms,0.2405,
frame_ms,0.2625,
frame_ms,0.2324,
frame_ms,0.2383,
frame_ms,0.2407,
frame_ms,0.265,
frame_ms,0.2304,
frame_ms,0.2183,
frame_ms,0.333,
frame_ms,0.2563,
frame_ms,0.2522,
frame_ms,0.2486,
frame_ms,0.2341,
frame_ms,0.2209,
frame_ms,0.2135,
frame_ms,0.2316,
frame_ms,0.2264,
frame_ms,0.2421,
tick_us,130,258
frame_ms,0.8366,
frame_ms,0.312,
frame_ms,0.2704,
frame_ms,0.2531,
frame_ms,0.2812,
frame_ms,0.2982,
frame_ms,0.3274,
frame_ms,0.2542,
frame_ms,0.2148,
frame_ms,0.2166,
frame_ms,0.2149,
frame_ms,0.2075,
frame_ms,0.2415,
frame_ms,0.2294,
frame_ms,0.2448,
frame_ms,0.2587,
frame_ms,0.2253,
frame_ms,0.3276,
frame_ms,0.2805,
frame_ms,0.2426,
frame_ms,0.2249,
frame_ms,0.2157,
frame_ms,0.2595,
frame_ms,0.2302,
frame_ms,0.4109,
tick_us,161.4,266
frame_ms,0.7597,
frame_ms,0.3432,
frame_ms,0.4109,
frame_ms,0.3579,
frame_ms,0.2652,
frame_ms,0.2493,
frame_ms,0.2362,
frame_ms,0.2363,
frame_ms,0.226,
frame_ms,0.2167,
frame_ms,0.2291,
frame_ms,0.242,
frame_ms,0.2218,
frame_ms,0.2215,
frame_ms,0.2217,
frame_ms,0.2352,
frame_ms,0.2262,
frame_ms,0.2123,
frame_ms,0.2141,
frame_ms,0.2351,
frame_ms,0.2338,
frame_ms,0.3257,
frame_ms,0.2653,
tick_us,130.4,270
frame_ms,1.1636,
frame_ms,0.2532,
frame_ms,0.2171,
frame_ms,0.2184,
frame_ms,0.2121,
frame_ms,0.2101,
frame_ms,0.2614,
frame_ms,0.2302,
frame_ms,0.2087,
frame_ms,0.228,
frame_ms,0.259,
frame_ms,0.2393,
frame_ms,0.2169,
frame_ms,0.2369,
frame_ms,0.2337,
frame_ms,0.2124,
frame_ms,0.2376,
frame_ms,0.2345,
frame_ms,0.2048,
frame_ms,0.2489,
frame_ms,0.251,
frame_ms,0.2283,
frame_ms,0.2032,
frame_ms,0.2452,
frame_ms,0.2212,
frame_ms,0.2016,
frame_ms,0.2262,
frame_ms,0.3015,
tick_us,153.4,272
frame_ms,0.8203,
frame_ms,0.2917,
frame_ms,0.2829,
frame_ms,0.2439,
frame_ms,0.2192,
frame_ms,0.2107,
frame_ms,0.2096,
frame_ms,0.2373,
frame_ms,0.3283,
frame_ms,0.395,
frame_ms,0.3433,
frame_ms,0.34,
frame_ms,0.3349,
frame_ms,0.4154,
frame_ms,0.3486,
frame_ms,0.3722,
frame_ms,0.3415,
frame_ms,0.3753,
frame_ms,0.4183,
frame_ms,0.2596,
frame_ms,0.2191,
tick_us,125.1,272
frame_ms,0.5042,
frame_ms,0.2481,
frame_ms,0.2184,
frame_ms,0.2257,
frame_ms,0.3756,
frame_ms,0.2939,
frame_ms,0.26,
frame_ms,0.5281,
frame_ms,0.3868,
frame_ms,0.4123,
frame_ms,0.3373,
frame_ms,0.2896,
frame_ms,0.2472,
frame_ms,0.2142,
frame_ms,0.218,
frame_ms,0.2144,
frame_ms,0.2118,
frame_ms,0.2405,
frame_ms,0.2286,
frame_ms,0.2821,
frame_ms,0.2527,
frame_ms,0.2437,
frame_ms,0.2211,
frame_ms,0.2456,
tick_us,125,268
frame_ms,0.5355,
frame_ms,0.4,
frame_ms,0.3807,
frame_ms,0.3469,
frame_ms,0.3336,
frame_ms,0.3508,
frame_ms,0.2704,
frame_ms,0.2282,
frame_ms,0.2662,
frame_ms,0.2326,
frame_ms,0.758,
frame_ms,0.3434,
frame_ms,0.3344,
frame_ms,0.3977,
frame_ms,0.3952,
frame_ms,0.3195,
frame_ms,0.249,
frame_ms,0.2153,
frame_ms,0.2214,
frame_ms,0.2143,
frame_ms,0.2118,
tick_us,129.2,264
frame_ms,0.5777,
frame_ms,0.2855,
frame_ms,0.263,
frame_ms,0.2789,
frame_ms,0.248,
frame_ms,0.2404,
frame_ms,0.2506,
frame_ms,0.2406,
frame_ms,0.2187,
frame_ms,0.2148,
frame_ms,0.2113,
frame_ms,0.2609,
frame_ms,0.2265,
frame_ms,0.2464,
frame_ms,0.2287,
frame_ms,0.2324,
frame_ms,0.2597,
frame_ms,0.235,
frame_ms,0.2638,
frame_ms,0.2361,
frame_ms,0.2336,
frame_ms,0.2177,
frame_ms,0.2098,
frame_ms,0.2527,
frame_ms,0.2316,
frame_ms,0.2168,
frame_ms,0.2341,
frame_ms,0.2093,
tick_us,122.8,258
frame_ms,0.5397,
frame_ms,0.2502,
frame_ms,0.2084,
frame_ms,0.2178,
frame_ms,0.2602,
frame_ms,0.2288,
frame_ms,0.2154,
frame_ms,0.3391,
frame_ms,0.2979,
frame_ms,0.2547,
frame_ms,0.252,
frame_ms,0.257,
frame_ms,0.2626,
frame_ms,0.2198,
frame_ms,0.211,
frame_ms,0.2121,
frame_ms,0.2554,
frame_ms,0.228,
frame_ms,0.2081,
frame_ms,0.2386,
frame_ms,0.2076,
frame_ms,0.2621,
frame_ms,0.2237,
frame_ms,0.2737,
frame_ms,0.2413,
frame_ms,0.2256,
frame_ms,0.2116,
tick_us,132.6,262
frame_ms,0.5657,
frame_ms,0.2422,
frame_ms,0.209,
frame_ms,0.2118,
frame_ms,0.2122,
frame_ms,0.2109,
frame_ms,0.2471,
frame_ms,0.2289,
frame_ms,0.2118,
frame_ms,0.2221,
frame_ms,0.2289,
frame_ms,0.3197,
frame_ms,0.2771,
frame_ms,0.2474,
frame_ms,0.2752,
frame_ms,0.2263,
frame_ms,0.2236,
frame_ms,0.2517,
frame_ms,0.2427,
frame_ms,0.7744,
frame_ms,0.2867,
frame_ms,0.2282,
frame_ms,0.2097,
frame_ms,0.2045,
frame_ms,0.2043,
frame_ms,0.2592,
tick_us,120.6,272
frame_ms,0.5026,
frame_ms,0.5395,
frame_ms,0.3426,
frame_ms,0.3794,
frame_ms,0.3989,
frame_ms,0.3327,
frame_ms,0.3402,
frame_ms,0.3491,
frame_ms,0.3317,
frame_ms,0.3263,
frame_ms,0.3338,
frame_ms,0.3926,
frame_ms,0.4218,
frame_ms,0.339,
frame_ms,0.3611,
frame_ms,0.3275,
frame_ms,0.331,
frame_ms,0.3511,
frame_ms,0.2784,
tick_us,125.5,264
frame_ms,0.505,
frame_ms,0.2437,
frame_ms,0.2171,
frame_ms,0.2195,
frame_ms,0.216,
frame_ms,0.2543,
frame_ms,0.2171,
frame_ms,0.2619,
frame_ms,0.2215,
frame_ms,0.2531,
frame_ms,0.2825,
frame_ms,0.2284,
frame_ms,0.2175,
frame_ms,0.2305,
frame_ms,0.2114,
frame_ms,0.2788,
frame_ms,0.2553,
frame_ms,0.2253,
frame_ms,0.2083,
frame_ms,0.2513,
frame_ms,0.2232,
frame_ms,0.2084,
frame_ms,0.2754,
frame_ms,0.2808,
frame_ms,0.2623,
frame_ms,0.2451,
frame_ms,0.2592,
frame_ms,0.2907,
tick_us,158,256
frame_ms,0.68,
frame_ms,0.2408,
frame_ms,0.216,
frame_ms,0.2212,
frame_ms,0.2107,
frame_ms,0.2085,
frame_ms,0.2335,
frame_ms,0.2349,
frame_ms,0.2212,
frame_ms,0.2051,
frame_ms,0.229,
frame_ms,0.2185,
frame_ms,0.2332,
frame_ms,0.454,
frame_ms,0.3645,
frame_ms,0.3722,
frame_ms,0.3914,
frame_ms,0.3399,
frame_ms,0.2675,
frame_ms,0.2241,
frame_ms,0.2208,
frame_ms,0.2102,
frame_ms,0.2093,
frame_ms,0.2508,
frame_ms,0.2255,
tick_us,121.9,262
frame_ms,0.5026,
frame_ms,0.2429,
frame_ms,0.2696,
frame_ms,0.2184,
frame_ms,0.2177,
frame_ms,0.2353,
frame_ms,0.2108,
frame_ms,0.2118,
frame_ms,0.2297,
frame_ms,0.2201,
frame_ms,0.2053,
frame_ms,0.2461,
frame_ms,0.3805,
frame_ms,0.2817,
frame_ms,0.2352,
frame_ms,0.2229,
frame_ms,0.3628,
frame_ms,0.471,
frame_ms,0.3232,
frame_ms,0.2547,
frame_ms,0.2127,
frame_ms,0.2133,
frame_ms,0.2056,
frame_ms,0.2254,
frame_ms,0.2465,
frame_ms,0.231,
tick_us,116.8,266
frame_ms,0.4741,
frame_ms,0.2269,
frame_ms,0.6521,
frame_ms,0.3101,
frame_ms,0.2914,
frame_ms,0.3987,
frame_ms,0.3244,
frame_ms,0.2374,
frame_ms,0.22,
frame_ms,0.2156,
frame_ms,0.2077,
frame_ms,0.2493,
frame_ms,0.2288,
frame_ms,0.2091,
frame_ms,0.2506,
frame_ms,0.2219,
frame_ms,0.2164,
frame_ms,0.2695,
frame_ms,0.2197,
frame_ms,0.228,
frame_ms,0.2307,
frame_ms,0.2212,
frame_ms,0.3092,
frame_ms,0.2488,
frame_ms,0.2067,
tick_us,124.1,284
frame_ms,0.5493,
frame_ms,0.268,
frame_ms,0.2232,
frame_ms,0.2101,
frame_ms,0.2116,
frame_ms,0.2022,
frame_ms,0.2473,
frame_ms,0.2264,
frame_ms,0.2079,
frame_ms,0.2321,
frame_ms,0.2122,
frame_ms,0.2708,
frame_ms,0.2613,
frame_ms,0.7044,
frame_ms,0.3993,
frame_ms,0.4356,
frame_ms,0.3405,
frame_ms,0.3354,
frame_ms,0.2743,
frame_ms,0.2278,
frame_ms,0.223,
frame_ms,0.2277,
frame_ms,0.2065,
frame_ms,0.218,
tick_us,124.2,274
frame_ms,0.5505,
frame_ms,0.3225,
frame_ms,0.3692,
frame_ms,0.3427,
frame_ms,0.41,
frame_ms,0.3621,
frame_ms,0.5058,
frame_ms,0.3001,
frame_ms,0.2685,
frame_ms,0.2333,
frame_ms,0.2334,
frame_ms,0.2199,
frame_ms,0.2102,
frame_ms,0.2854,
frame_ms,0.2826,
frame_ms,0.2485,
frame_ms,0.2605,
frame_ms,0.2533,
frame_ms,0.2807,
frame_ms,0.255,
frame_ms,0.2248,
frame_ms,0.2167,
frame_ms,0.2087,
frame_ms,0.2421,
tick_us,125.4,274
frame_ms,0.5136,
frame_ms,0.2292,
frame_ms,0.2593,
frame_ms,0.2199,
frame_ms,0.2432,
frame_ms,0.2138,
frame_ms,0.7694,
frame_ms,0.2714,
frame_ms,0.2471,
frame_ms,0.218,
frame_ms,0.22,
frame_ms,0.2135,
frame_ms,0.2093,
frame_ms,0.257,
frame_ms,0.2547,
frame_ms,0.2205,
frame_ms,0.2143,
frame_ms,0.2282,
frame_ms,0.2193,
frame_ms,0.2124,
frame_ms,0.2775,
frame_ms,0.2331,
frame_ms,0.2239,
frame_ms,0.2433,
frame_ms,0.2128,
frame_ms,0.2062,
tick_us,136.5,280
frame_ms,0.5646,
frame_ms,0.2428,
frame_ms,0.2121,
frame_ms,0.2145,
frame_ms,0.2102,
frame_ms,0.2101,
frame_ms,0.2576,
frame_ms,0.2275,
frame_ms,0.2099,
frame_ms,0.2219,
frame_ms,0.2442,
frame_ms,0.3516,
frame_ms,0.8507,
frame_ms,0.8505,
frame_ms,0.2863,
frame_ms,0.2339,
frame_ms,0.2086,
frame_ms,0.2095,
frame_ms,0.2065,
frame_ms,0.2509,
frame_ms,0.2271,
frame_ms,0.209,
frame_ms,0.2531,
tick_us,127.7,284
frame_ms,0.6401,
frame_ms,0.3022,
frame_ms,0.2457,
frame_ms,0.2442,
frame_ms,0.2415,
frame_ms,0.2404,
frame_ms,0.3394,
frame_ms,0.2574,
frame_ms,0.2124,
frame_ms,0.2208,
frame_ms,0.206,
frame_ms,0.2225,
frame_ms,0.2304,
frame_ms,0.2186,
frame_ms,0.2054,
frame_ms,0.3722,
frame_ms,0.2695,
frame_ms,0.8017,
frame_ms,0.3665,
frame_ms,0.3532,
frame_ms,0.4239,
frame_ms,0.3499,
tick_us,128,280
frame_ms,0.5897,
frame_ms,0.2439,
frame_ms,0.2121,
frame_ms,0.2148,
frame_ms,0.2127,
frame_ms,0.2745,
frame_ms,0.2467,
frame_ms,0.2527,
frame_ms,0.2397,
frame_ms,0.2214,
frame_ms,0.2195,
frame_ms,0.2817,
frame_ms,0.2157,
frame_ms,0.2061,
frame_ms,0.2089,
frame_ms,0.2646,
frame_ms,0.2318,
frame_ms,0.2321,
frame_ms,0.2131,
frame_ms,0.2517,
frame_ms,0.2604,
frame_ms,0.226,
frame_ms,0.2462,
frame_ms,0.2935,
frame_ms,0.2722,
frame_ms,0.2574,
frame_ms,0.2287,
frame_ms,0.2703,
tick_us,128.9,272
frame_ms,0.6026,
frame_ms,0.2711,
frame_ms,0.2374,
frame_ms,0.2116,
frame_ms,0.2111,
frame_ms,0.2106,
frame_ms,0.2598,
frame_ms,0.2567,
frame_ms,0.2277,
frame_ms,0.2089,
frame_ms,0.2406,
frame_ms,0.2322,
frame_ms,0.2229,
frame_ms,0.2275,
frame_ms,0.225,
frame_ms,0.234,
frame_ms,0.2234,
frame_ms,0.4167,
frame_ms,0.4008,
frame_ms,0.3606,
frame_ms,0.3359,
frame_ms,0.3341,
frame_ms,0.2778,
frame_ms,0.2313,
frame_ms,0.223,
tick_us,126.9,282
frame_ms,0.5273,
frame_ms,0.3311,
frame_ms,0.276,
frame_ms,0.2273,
frame_ms,0.2206,
frame_ms,0.2095,
frame_ms,0.207,
frame_ms,0.2685,
frame_ms,0.2248,
frame_ms,0.2114,
frame_ms,0.2133,
frame_ms,0.2075,
frame_ms,0.2047,
frame_ms,0.2389,
frame_ms,0.2278,
frame_ms,0.2047,
frame_ms,0.264,
frame_ms,0.2939,
frame_ms,0.3451,
frame_ms,0.2925,
frame_ms,0.2466,
frame_ms,0.2275,
frame_ms,0.2232,
frame_ms,0.2193,
frame_ms,0.2303,
frame_ms,0.2282,
frame_ms,0.2245,
tick_us,155.7,290
frame_ms,0.6599,
frame_ms,0.3422,
frame_ms,0.3377,
frame_ms,0.3916,
frame_ms,0.3867,
frame_ms,0.4764,
frame_ms,0.449,
frame_ms,0.353,
frame_ms,0.3369,
frame_ms,0.3338,
frame_ms,0.3326,
frame_ms,0.3632,
frame_ms,0.3405,
frame_ms,0.3341,
frame_ms,0.5381,
frame_ms,0.3653,
frame_ms,0.2532,
frame_ms,0.2711,
frame_ms,0.2458,
tick_us,152.1,284
frame_ms,0.6492,
frame_ms,0.3414,
frame_ms,0.2452,
frame_ms,0.2127,
frame_ms,0.2296,
frame_ms,0.2218,
frame_ms,0.2156,
frame_ms,0.2308,
frame_ms,0.2561,
frame_ms,0.357,
frame_ms,0.3249,
frame_ms,0.3213,
frame_ms,0.2857,
frame_ms,0.2468,
frame_ms,0.276,
frame_ms,0.2885,
frame_ms,0.2295,
frame_ms,0.229,
frame_ms,0.295,
frame_ms,0.3719,
frame_ms,0.2548,
frame_ms,0.2164,
frame_ms,0.2157,
frame_ms,0.2101,
tick_us,140.3,282
frame_ms,0.6106,
frame_ms,0.2893,
frame_ms,0.2511,
frame_ms,0.2213,
frame_ms,0.227,
frame_ms,0.2242,
frame_ms,0.217,
frame_ms,0.2396,
frame_ms,0.222,
frame_ms,0.2145,
frame_ms,0.249,
frame_ms,0.2283,
frame_ms,0.217,
frame_ms,0.2189,
frame_ms,0.2357,
frame_ms,0.2592,
frame_ms,0.2121,
frame_ms,0.309,
frame_ms,0.4,
frame_ms,0.3179,
frame_ms,0.2831,
frame_ms,0.2366,
frame_ms,0.2194,
frame_ms,0.2216,
frame_ms,0.2201,
frame_ms,0.2227,
frame_ms,0.2362,
frame_ms,0.2345,
tick_us,128.8,290
frame_ms,0.5068,
frame_ms,0.2333,
frame_ms,0.2137,
frame_ms,0.2121,
frame_ms,0.2543,
frame_ms,0.2244,
frame_ms,0.2743,
frame_ms,0.229,
frame_ms,0.2238,
frame_ms,0.2721,
frame_ms,0.2276,
frame_ms,0.2179,
frame_ms,0.2421,
frame_ms,0.2284,
frame_ms,0.2097,
frame_ms,0.217,
frame_ms,0.2484,
frame_ms,0.2195,
frame_ms,0.2052,
frame_ms,0.2454,
frame_ms,0.2214,
frame_ms,0.2126,
frame_ms,0.3423,
frame_ms,0.2816,
frame_ms,0.2368,
frame_ms,0.2479,
frame_ms,0.2371,
frame_ms,0.2339,
tick_us,180.7,286
frame_ms,0.609,
frame_ms,0.3365,
frame_ms,0.2495,
frame_ms,0.2178,
frame_ms,0.2251,
frame_ms,0.2103,
frame_ms,0.2123,
frame_ms,0.2473,
frame_ms,0.3439,
frame_ms,0.4097,
frame_ms,0.2665,
frame_ms,0.2402,
frame_ms,0.2387,
frame_ms,0.2375,
frame_ms,0.2338,
frame_ms,0.2447,
frame_ms,0.2721,
frame_ms,0.2529,
frame_ms,0.2172,
frame_ms,0.2189,
frame_ms,0.2302,
frame_ms,0.2122,
frame_ms,0.4586,
frame_ms,0.3127,
tick_us,132.4,292
frame_ms,0.582,
frame_ms,0.3337,
frame_ms,0.2513,
frame_ms,0.2324,
frame_ms,0.2496,
frame_ms,0.2444,
frame_ms,0.2428,
frame_ms,0.2289,
frame_ms,0.217,
frame_ms,0.2235,
frame_ms,0.2606,
frame_ms,0.2287,
frame_ms,0.2275,
frame_ms,0.2196,
frame_ms,0.2533,
frame_ms,0.2821,
frame_ms,0.253,
frame_ms,0.2313,
frame_ms,0.2811,
frame_ms,0.2464,
frame_ms,0.2568,
frame_ms,0.2468,
frame_ms,0.2203,
frame_ms,0.2141,
frame_ms,0.2395,
frame_ms,0.2266,
frame_ms,0.2171,
frame_ms,0.247,
tick_us,123.4,298
frame_ms,0.4994,
frame_ms,0.233,
frame_ms,0.2123,
frame_ms,0.2483,
frame_ms,0.2543,
frame_ms,0.3872,
frame_ms,0.3853,
frame_ms,0.2868,
frame_ms,0.2511,
frame_ms,0.2194,
frame_ms,0.2316,
frame_ms,0.219,
frame_ms,0.2161,
frame_ms,0.2376,
frame_ms,0.239,
frame_ms,0.218,
frame_ms,0.2502,
frame_ms,0.2308,
frame_ms,0.2172,
frame_ms,0.2138,
frame_ms,0.2475,
frame_ms,0.2357,
frame_ms,0.8702,
frame_ms,0.2905,
tick_us,124.5,288
frame_ms,0.5467,
frame_ms,0.2374,
frame_ms,0.3865,
frame_ms,0.2815,
frame_ms,0.2698,
frame_ms,0.2438,
frame_ms,0.2677,
frame_ms,0.2869,
frame_ms,0.3296,
frame_ms,0.2468,
frame_ms,0.2356,
frame_ms,0.2637,
frame_ms,0.2346,
frame_ms,0.2301,
frame_ms,0.2179,
frame_ms,0.2256,
frame_ms,0.2328,
frame_ms,0.2132,
frame_ms,0.2084,
frame_ms,0.2515,
frame_ms,0.2723,
frame_ms,0.236,
frame_ms,0.2256,
frame_ms,0.2179,
frame_ms,0.2283,
frame_ms,0.2664,
tick_us,126.9,292
frame_ms,0.5468,
frame_ms,0.2508,
frame_ms,0.5258,
frame_ms,0.2805,
frame_ms,0.2346,
frame_ms,0.2248,
frame_ms,0.2322,
frame_ms,0.2194,
frame_ms,0.2187,
frame_ms,0.2705,
frame_ms,0.2663,
frame_ms,0.2297,
frame_ms,0.2217,
frame_ms,0.2138,
frame_ms,0.2096,
frame_ms,0.2817,
frame_ms,0.2511,
frame_ms,0.2293,
frame_ms,0.2138,
frame_ms,0.2718,
frame_ms,0.2338,
frame_ms,0.2168,
frame_ms,0.2665,
frame_ms,0.219,
frame_ms,0.2124,
frame_ms,0.2439,
frame_ms,0.2243,
tick_us,123.3,300
frame_ms,0.4887,
frame_ms,0.2307,
frame_ms,0.2061,
frame_ms,0.2094,
frame_ms,0.2064,
frame_ms,0.3153,
frame_ms,0.2471,
frame_ms,0.2693,
frame_ms,0.2241,
frame_ms,0.4068,
frame_ms,0.4507,
frame_ms,0.3881,
frame_ms,0.3441,
frame_ms,0.3365,
frame_ms,0.3402,
frame_ms,0.3066,
frame_ms,0.2402,
frame_ms,0.2094,
frame_ms,0.2461,
frame_ms,0.2289,
frame_ms,0.2145,
frame_ms,0.3434,
frame_ms,0.2759,
frame_ms,0.234,
tick_us,128.4,300
frame_ms,0.4961,
frame_ms,0.2265,
frame_ms,0.2101,
frame_ms,0.2137,
frame_ms,0.2202,
frame_ms,0.2087,
frame_ms,0.2548,
frame_ms,0.254,
frame_ms,0.2172,
frame_ms,0.2096,
frame_ms,0.2467,
frame_ms,0.3163,
frame_ms,1.023,
frame_ms,0.4096,
frame_ms,0.4464,
frame_ms,0.3447,
frame_ms,0.3448,
frame_ms,0.3607,
frame_ms,0.2938,
frame_ms,0.2417,
frame_ms,0.2111,
frame_ms,0.2203,
tick_us,129.6,298
frame_ms,0.5534,
frame_ms,0.2954,
frame_ms,0.2326,
frame_ms,0.2268,
frame_ms,0.214,
frame_ms,0.2703,
frame_ms,0.2956,
frame_ms,0.2653,
frame_ms,0.2234,
frame_ms,0.2286,
frame_ms,0.2123,
frame_ms,0.2489,
frame_ms,0.2231,
frame_ms,0.2146,
frame_ms,0.2309,
frame_ms,0.2424,
frame_ms,0.2326,
frame_ms,0.607,
frame_ms,0.2618,
frame_ms,0.2448,
frame_ms,0.2795,
frame_ms,0.2412,
frame_ms,0.2145,
frame_ms,0.2103,
frame_ms,0.2061,
frame_ms,0.2518,
tick_us,124.9,298
frame_ms,0.5115,
frame_ms,0.2267,
frame_ms,0.2043,
frame_ms,0.2119,
frame_ms,0.2054,
frame_ms,0.2398,
frame_ms,0.4205,
frame_ms,0.4126,
frame_ms,0.3575,
frame_ms,0.3421,
frame_ms,0.43,
frame_ms,0.3403,
frame_ms,0.3357,
frame_ms,0.3389,
frame_ms,0.334,
frame_ms,0.3352,
frame_ms,0.3265,
frame_ms,0.2588,
frame_ms,0.2197,
frame_ms,0.2314,
frame_ms,0.2359,
frame_ms,0.2315,
frame_ms,0.2176,
tick_us,124.1,296
frame_ms,0.5634,
frame_ms,0.2439,
frame_ms,0.2121,
frame_ms,0.2127,
frame_ms,0.2089,
frame_ms,0.2064,
frame_ms,0.2448,
frame_ms,0.2265,
frame_ms,0.2094,
frame_ms,0.2354,
frame_ms,0.2188,
frame_ms,0.265,
frame_ms,0.2574,
frame_ms,0.2585,
frame_ms,0.2728,
frame_ms,0.228,
frame_ms,0.2577,
frame_ms,0.2117,
frame_ms,0.2013,
frame_ms,0.251,
frame_ms,0.2266,
frame_ms,0.2067,
frame_ms,0.255,
frame_ms,0.2843,
frame_ms,0.2269,
frame_ms,0.2036,
frame_ms,0.2042,
frame_ms,0.2529,
tick_us,126.7,300
frame_ms,1.0683,
frame_ms,0.3905,
frame_ms,0.3647,
frame_ms,0.3618,
frame_ms,0.3448,
frame_ms,0.3361,
frame_ms,0.3421,
frame_ms,0.3357,
frame_ms,0.339,
frame_ms,0.3537,
frame_ms,0.274,
frame_ms,0.2391,
frame_ms,0.5686,
frame_ms,0.2808,
frame_ms,0.2486,
frame_ms,0.2246,
frame_ms,0.2274,
frame_ms,0.223,
frame_ms,0.2197,
frame_ms,0.268,
tick_us,125.2,288
frame_ms,0.5143,
frame_ms,0.2509,
frame_ms,0.2139,
frame_ms,0.223,
frame_ms,0.2139,
frame_ms,0.2984,
frame_ms,0.3513,
frame_ms,0.2515,
frame_ms,0.2451,
frame_ms,0.2462,
frame_ms,0.2404,
frame_ms,0.2986,
frame_ms,0.3543,
frame_ms,0.2362,
frame_ms,0.2188,
frame_ms,0.2226,
frame_ms,0.2179,
frame_ms,0.2145,
frame_ms,0.2552,
frame_ms,0.2291,
frame_ms,0.2153,
frame_ms,0.2607,
frame_ms,0.2449,
frame_ms,0.2179,
frame_ms,0.4535,
frame_ms,0.2581,
tick_us,119.3,282
frame_ms,0.4849,
frame_ms,0.228,
frame_ms,0.2333,
frame_ms,0.219,
frame_ms,0.2104,
frame_ms,0.2219,
frame_ms,0.2479,
frame_ms,0.2841,
frame_ms,0.2418,
frame_ms,0.2399,
frame_ms,0.2623,
frame_ms,0.2317,
frame_ms,0.2197,
frame_ms,0.2218,
frame_ms,0.2402,
frame_ms,0.2299,
frame_ms,0.2174,
frame_ms,0.244,
frame_ms,0.226,
frame_ms,0.2155,
frame_ms,0.2386,
frame_ms,0.2241,
frame_ms,0.2165,
frame_ms,0.2285,
frame_ms,0.2208,
frame_ms,0.254,
frame_ms,0.2265,
frame_ms,0.2133,
frame_ms,0.2225,
tick_us,132.9,284
frame_ms,0.543,
frame_ms,0.2668,
frame_ms,0.2285,
frame_ms,0.2317,
frame_ms,0.2204,
frame_ms,0.2516,
frame_ms,0.2195,
frame_ms,0.2349,
frame_ms,0.225,
frame_ms,0.2125,
frame_ms,0.2179,
frame_ms,0.2468,
frame_ms,0.226,
frame_ms,0.2091,
frame_ms,0.2396,
frame_ms,0.2243,
frame_ms,0.234,
frame_ms,0.2147,
frame_ms,0.2426,
frame_ms,0.2208,
frame_ms,0.2098,
frame_ms,0.2618,
frame_ms,0.2315,
frame_ms,0.2083,
frame_ms,0.2338,
frame_ms,0.2262,
frame_ms,0.2197,
frame_ms,0.2033,
frame_ms,0.2442,
tick_us,124.3,292
frame_ms,0.4984,
frame_ms,0.2337,
frame_ms,0.2022,
frame_ms,0.2079,
frame_ms,0.2953,
frame_ms,0.2319,
frame_ms,0.2219,
frame_ms,0.215,
frame_ms,0.273,
frame_ms,0.2317,
frame_ms,0.2235,
frame_ms,0.2782,
frame_ms,0.9631,
frame_ms,0.4189,
frame_ms,0.3526,
frame_ms,0.3356,
frame_ms,0.3349,
frame_ms,0.4098,
frame_ms,0.4722,
frame_ms,0.3361,
tick_us,156.6,290
frame_ms,0.6936,
frame_ms,0.3361,
frame_ms,0.2858,
frame_ms,0.2222,
frame_ms,0.215,
frame_ms,0.2156,
frame_ms,0.206,
frame_ms,0.2553,
frame_ms,0.2276,
frame_ms,0.2081,
frame_ms,0.3252,
frame_ms,0.3145,
frame_ms,0.2977,
frame_ms,0.2516,
frame_ms,0.2469,
frame_ms,0.2399,
frame_ms,0.2391,
frame_ms,0.277,
frame_ms,0.2414,
frame_ms,0.2118,
frame_ms,0.2064,
frame_ms,0.2519,
frame_ms,0.2453,
frame_ms,0.2245,
frame_ms,0.2116,
frame_ms,0.2512,
frame_ms,0.2233,
tick_us,162,296
frame_ms,0.7697,
frame_ms,0.3619,
frame_ms,0.3899,
frame_ms,0.373,
frame_ms,0.3472,
frame_ms,0.3403,
frame_ms,0.3385,
frame_ms,0.3383,
frame_ms,0.3335,
frame_ms,0.3326,
frame_ms,0.2524,
frame_ms,0.2835,
frame_ms,0.2581,
frame_ms,0.3112,
frame_ms,0.2291,
frame_ms,0.2249,
frame_ms,0.5388,
frame_ms,0.4157,
frame_ms,0.3586,
tick_us,148.6,290
frame_ms,0.6755,
frame_ms,0.28,
frame_ms,0.2356,
frame_ms,0.2172,
frame_ms,0.3286,
frame_ms,0.2964,
frame_ms,0.2707,
frame_ms,0.251,
frame_ms,0.2299,
frame_ms,0.2391,
frame_ms,0.247,
frame_ms,0.2914,
frame_ms,0.3973,
frame_ms,0.2214,
frame_ms,0.234,
frame_ms,0.2169,
frame_ms,0.2261,
frame_ms,0.2631,
frame_ms,0.2297,
frame_ms,0.2166,
frame_ms,0.293,
frame_ms,0.2331,
frame_ms,0.2453,
frame_ms,0.2338,
frame_ms,0.2173,
frame_ms,0.2827,
tick_us,129.5,290
frame_ms,0.5286,
frame_ms,0.2432,
frame_ms,0.2142,
frame_ms,0.2182,
frame_ms,0.2088,
frame_ms,0.2075,
frame_ms,0.2461,
frame_ms,0.2317,
frame_ms,0.2144,
frame_ms,0.2286,
frame_ms,0.2136,
frame_ms,0.3081,
frame_ms,0.2892,
frame_ms,0.3341,
frame_ms,0.3025,
frame_ms,0.235,
frame_ms,0.2327,
frame_ms,0.2338,
frame_ms,0.2301,
frame_ms,0.2215,
frame_ms,0.2641,
frame_ms,0.2693,
frame_ms,0.2301,
frame_ms,0.2149,
frame_ms,0.2109,
frame_ms,0.2543,
frame_ms,0.228,
frame_ms,0.2119,
tick_us,130.6,288
frame_ms,0.8666,
frame_ms,0.3048,
frame_ms,0.259,
frame_ms,0.2529,
frame_ms,0.2173,
frame_ms,0.2185,
frame_ms,0.2246,
frame_ms,0.2114,
frame_ms,0.2558,
frame_ms,0.2583,
frame_ms,0.2356,
frame_ms,0.222,
frame_ms,0.2099,
frame_ms,0.2096,
frame_ms,0.2746,
frame_ms,0.276,
frame_ms,0.2455,
frame_ms,0.2344,
frame_ms,0.2163,
frame_ms,0.2184,
frame_ms,0.2353,
frame_ms,0.2822,
frame_ms,0.2404,
frame_ms,0.2125,
frame_ms,0.2091,
frame_ms,0.2465,
tick_us,128.7,290
frame_ms,0.5191,
frame_ms,0.2458,
frame_ms,0.2195,
frame_ms,0.2157,
frame_ms,0.2064,
frame_ms,0.2367,
frame_ms,0.2522,
frame_ms,0.2231,
frame_ms,0.2183,
frame_ms,0.2553,
frame_ms,0.2285,
frame_ms,0.2124,
frame_ms,0.2326,
frame_ms,0.2618,
frame_ms,0.2033,
frame_ms,0.2069,
frame_ms,0.2507,
frame_ms,0.2299,
frame_ms,0.2062,
frame_ms,0.2477,
frame_ms,0.2239,
frame_ms,0.2079,
frame_ms,0.2341,
frame_ms,0.2707,
frame_ms,0.2654,
frame_ms,0.2237,
frame_ms,0.3263,
frame_ms,0.3218,
tick_us,130.8,290
frame_ms,0.5259,
frame_ms,0.2901,
frame_ms,0.2212,
frame_ms,0.2149,
frame_ms,0.2316,
frame_ms,0.2186,
frame_ms,0.2335,
frame_ms,0.244,
frame_ms,0.2299,
frame_ms,0.2187,
frame_ms,0.2168,
frame_ms,0.2655,
frame_ms,0.241,
frame_ms,0.227,
frame_ms,0.2166,
frame_ms,0.2761,
frame_ms,0.2898,
frame_ms,0.2383,
frame_ms,0.2307,
frame_ms,0.3036,
frame_ms,0.2182,
frame_ms,0.2156,
frame_ms,0.2148,
frame_ms,0.2166,
frame_ms,0.2296,
frame_ms,0.2191,
frame_ms,0.2096,
frame_ms,0.2318,
tick_us,128.9,296
frame_ms,0.5249,
frame_ms,0.2557,
frame_ms,0.2508,
frame_ms,0.2296,
frame_ms,0.2227,
frame_ms,0.2217,
frame_ms,0.2413,
frame_ms,0.2247,
frame_ms,0.2125,
frame_ms,0.2056,
frame_ms,0.245,
frame_ms,0.2274,
frame_ms,0.2153,
frame_ms,0.2222,
frame_ms,0.2428,
frame_ms,0.2238,
frame_ms,0.2134,
frame_ms,0.2377,
frame_ms,0.2402,
frame_ms,0.4772,
frame_ms,0.378,
frame_ms,0.4429,
frame_ms,0.4293,
frame_ms,0.3468,
frame_ms,0.2455,
tick_us,122.3,304
frame_ms,0.4861,
frame_ms,0.2228,
frame_ms,0.208,
frame_ms,0.2096,
frame_ms,0.2107,
frame_ms,0.2537,
frame_ms,0.212,
frame_ms,0.3218,
frame_ms,0.2409,
frame_ms,0.2152,
frame_ms,0.2716,
frame_ms,0.232,
frame_ms,0.2092,
frame_ms,0.2617,
frame_ms,0.2199,
frame_ms,0.2003,
frame_ms,0.6387,
frame_ms,0.377,
frame_ms,0.3402,
frame_ms,0.3864,
frame_ms,0.3904,
frame_ms,0.3173,
frame_ms,0.2462,
frame_ms,0.2375,
tick_us,129.6,296
frame_ms,0.5353,
frame_ms,0.2569,
frame_ms,0.2548,
frame_ms,0.2105,
frame_ms,0.211,
frame_ms,0.2091,
frame_ms,0.2569,
frame_ms,0.2614,
frame_ms,0.2295,
frame_ms,0.212,
frame_ms,0.2097,
frame_ms,0.2603,
frame_ms,0.2406,
frame_ms,0.2416,
frame_ms,0.2226,
frame_ms,0.2635,
frame_ms,0.2276,
frame_ms,0.2174,
frame_ms,0.2397,
frame_ms,0.2203,
frame_ms,0.2365,
frame_ms,0.5212,
frame_ms,0.3495,
frame_ms,0.3371,
frame_ms,0.3407,
frame_ms,0.4103,
tick_us,135.5,296
frame_ms,0.5744,
frame_ms,0.2509,
frame_ms,0.298,
frame_ms,0.2233,
frame_ms,0.2282,
frame_ms,0.3172,
frame_ms,0.2219,
frame_ms,0.2205,
frame_ms,0.2142,
frame_ms,0.2141,
frame_ms,0.2339,
frame_ms,0.2148,
frame_ms,0.2064,
frame_ms,0.2593,
frame_ms,0.2645,
frame_ms,0.235,
frame_ms,0.2183,
frame_ms,0.2268,
frame_ms,0.2464,
frame_ms,0.2496,
frame_ms,0.2145,
frame_ms,0.255,
frame_ms,0.2298,
frame_ms,0.3086,
frame_ms,0.2552,
frame_ms,0.2274,
frame_ms,0.212,
tick_us,122.8,302
frame_ms,0.4883,
frame_ms,0.2277,
frame_ms,0.2084,
frame_ms,0.225,
frame_ms,0.2145,
frame_ms,0.3242,
frame_ms,0.2624,
frame_ms,0.2509,
frame_ms,0.2198,
frame_ms,0.2172,
frame_ms,0.2019,
frame_ms,0.2713,
frame_ms,0.2272,
frame_ms,0.2075,
frame_ms,0.2525,
frame_ms,0.2191,
frame_ms,0.2046,
frame_ms,0.2465,
frame_ms,0.2227,
frame_ms,0.2053,
frame_ms,0.2308,
frame_ms,0.2219,
frame_ms,0.2018,
frame_ms,0.2885,
frame_ms,1.0662,
tick_us,200.7,300
frame_ms,0.7255,
frame_ms,0.4079,
frame_ms,0.3418,
frame_ms,0.3388,
frame_ms,0.2592,
frame_ms,0.2236,
frame_ms,0.22,
frame_ms,0.2114,
frame_ms,0.2873,
frame_ms,0.2947,
frame_ms,0.2709,
frame_ms,0.2164,
frame_ms,0.2269,
frame_ms,0.2159,
frame_ms,0.2327,
frame_ms,0.2454,
frame_ms,0.2632,
frame_ms,0.2332,
frame_ms,0.2168,
frame_ms,0.2144,
frame_ms,0.2335,
frame_ms,0.2214,
frame_ms,0.2118,
frame_ms,0.2416,
frame_ms,0.2283,
tick_us,138.3,288
frame_ms,0.7679,
frame_ms,0.3069,
frame_ms,0.2525,
frame_ms,0.2361,
frame_ms,0.2541,
frame_ms,0.2224,
frame_ms,0.2512,
frame_ms,0.2157,
frame_ms,0.2222,
frame_ms,0.2118,
frame_ms,0.2662,
frame_ms,0.2723,
frame_ms,0.2315,
frame_ms,0.2147,
frame_ms,0.2133,
frame_ms,0.2558,
frame_ms,0.2682,
frame_ms,0.2287,
frame_ms,0.2207,
frame_ms,0.2121,
frame_ms,0.2505,
frame_ms,0.2171,
frame_ms,0.2078,
frame_ms,0.2512,
frame_ms,0.2636,
frame_ms,0.2136,
frame_ms,0.2358,
frame_ms,0.2212,
tick_us,121.6,282
frame_ms,0.4788,
frame_ms,0.2255,
frame_ms,0.2054,
frame_ms,0.21,
frame_ms,0.2049,
frame_ms,0.286,
frame_ms,0.2806,
frame_ms,0.2519,
frame_ms,0.2422,
frame_ms,0.2271,
frame_ms,0.2258,
frame_ms,0.2701,
frame_ms,0.2464,
frame_ms,0.2196,
frame_ms,0.3247,
frame_ms,0.3451,
frame_ms,0.2638,
frame_ms,0.2234,
frame_ms,0.2222,
frame_ms,0.2123,
frame_ms,0.2098,
frame_ms,0.3522,
frame_ms,0.2744,
frame_ms,0.3287,
frame_ms,0.3951,
tick_us,131.5,280
frame_ms,0.584,
frame_ms,0.2657,
frame_ms,0.211,
frame_ms,0.2162,
frame_ms,0.2091,
frame_ms,0.4577,
frame_ms,0.3589,
frame_ms,0.3424,
frame_ms,0.3865,
frame_ms,0.3607,
frame_ms,0.3654,
frame_ms,0.4013,
frame_ms,0.3516,
frame_ms,0.3573,
frame_ms,0.4132,
frame_ms,0.2792,
frame_ms,0.2352,
frame_ms,0.2121,
frame_ms,0.2163,
frame_ms,0.2105,
frame_ms,0.2321,
frame_ms,0.219,
frame_ms,0.2268,
tick_us,127.1,282
frame_ms,0.6068,
frame_ms,0.3112,
frame_ms,0.2813,
frame_ms,0.2342,
frame_ms,0.2397,
frame_ms,0.3678,
frame_ms,0.2679,
frame_ms,0.2434,
frame_ms,0.2172,
frame_ms,0.2122,
frame_ms,0.2076,
frame_ms,0.2524,
frame_ms,0.2642,
frame_ms,0.2428,
frame_ms,0.2135,
frame_ms,0.3065,
frame_ms,0.2461,
frame_ms,0.7572,
frame_ms,0.3512,
frame_ms,0.4663,
frame_ms,0.3459,
frame_ms,0.3485,
tick_us,127.7,272
frame_ms,0.5707,
frame_ms,0.2424,
frame_ms,0.2172,
frame_ms,0.2164,
frame_ms,0.2627,
frame_ms,0.2367,
frame_ms,0.2918,
frame_ms,0.2276,
frame_ms,0.2501,
frame_ms,0.2538,
frame_ms,0.2166,
frame_ms,0.23,
frame_ms,0.31,
frame_ms,0.3231,
frame_ms,0.2441,
frame_ms,0.2102,
frame_ms,0.2035,
frame_ms,0.207,
frame_ms,0.2449,
frame_ms,0.2256,
frame_ms,0.2092,
frame_ms,0.286,
frame_ms,0.2835,
frame_ms,0.2521,
frame_ms,0.2366,
frame_ms,0.2412,
frame_ms,0.2428,
tick_us,124.9,256
frame_ms,0.5254,
frame_ms,0.2598,
frame_ms,0.2359,
frame_ms,0.2222,
frame_ms,0.2266,
frame_ms,0.2185,
frame_ms,0.2178,
frame_ms,0.2473,
frame_ms,0.2994,
frame_ms,0.2535,
frame_ms,0.2238,
frame_ms,0.2119,
frame_ms,0.2282,
frame_ms,0.2438,
frame_ms,0.2284,
frame_ms,0.2286,
frame_ms,0.2399,
frame_ms,0.2354,
frame_ms,0.2165,
frame_ms,0.2058,
frame_ms,0.231,
frame_ms,0.2174,
frame_ms,0.2095,
frame_ms,0.2274,
frame_ms,0.2108,
frame_ms,0.2034,
frame_ms,0.2404,
frame_ms,0.2267,
frame_ms,0.2079,
tick_us,133.3,252
frame_ms,0.5527,
frame_ms,0.2851,
frame_ms,0.2529,
frame_ms,0.251,
frame_ms,0.2223,
frame_ms,0.2185,
frame_ms,0.2262,
frame_ms,0.2202,
frame_ms,0.2315,
frame_ms,0.2252,
frame_ms,0.2129,
frame_ms,0.2322,
frame_ms,0.2135,
frame_ms,0.274,
frame_ms,0.2573,
frame_ms,0.2209,
frame_ms,0.2191,
frame_ms,0.2287,
frame_ms,0.2169,
frame_ms,0.2096,
frame_ms,0.4846,
frame_ms,0.4602,
frame_ms,0.3509,
frame_ms,0.2667,
frame_ms,0.2321,
frame_ms,0.2239,
tick_us,126.7,238
frame_ms,0.5031,
frame_ms,0.2429,
frame_ms,0.2228,
frame_ms,0.2173,
frame_ms,0.2399,
frame_ms,0.2382,
frame_ms,0.2552,
frame_ms,0.2249,
frame_ms,0.222,
frame_ms,0.2559,
frame_ms,0.2383,
frame_ms,0.2398,
frame_ms,0.233,
frame_ms,0.2889,
frame_ms,0.2793,
frame_ms,0.2342,
frame_ms,0.223,
frame_ms,0.2127,
frame_ms,0.2592,
frame_ms,0.2221,
frame_ms,0.2075,
frame_ms,0.2407,
frame_ms,0.2882,
frame_ms,0.2427,
frame_ms,0.221,
frame_ms,0.218,
tick_us,156.9,236
frame_ms,0.8645,
frame_ms,0.3557,
frame_ms,0.3814,
frame_ms,0.4034,
frame_ms,0.3153,
frame_ms,0.2403,
frame_ms,0.21,
frame_ms,0.2171,
frame_ms,0.2147,
frame_ms,0.2316,
frame_ms,0.2292,
frame_ms,0.2301,
frame_ms,0.2917,
frame_ms,0.2333,
frame_ms,0.2247,
frame_ms,0.2718,
frame_ms,0.2428,
frame_ms,0.2152,
frame_ms,0.243,
frame_ms,0.2216,
frame_ms,0.206,
frame_ms,0.2467,
frame_ms,0.2225,
frame_ms,0.4373,
frame_ms,0.2787,
tick_us,137.4,234
frame_ms,0.6478,
frame_ms,0.3432,
frame_ms,0.2798,
frame_ms,0.2516,
frame_ms,0.2552,
frame_ms,0.3408,
frame_ms,0.2515,
frame_ms,0.2179,
frame_ms,0.2105,
frame_ms,0.235,
frame_ms,0.23,
frame_ms,0.2223,
frame_ms,0.2136,
frame_ms,0.2226,
frame_ms,0.2262,
frame_ms,0.248,
frame_ms,0.2292,
frame_ms,0.2145,
frame_ms,0.2204,
frame_ms,0.4551,
frame_ms,0.3751,
frame_ms,0.3131,
frame_ms,0.2559,
frame_ms,0.2141,
frame_ms,0.2219,
frame_ms,0.2435,
tick_us,126.6,232
frame_ms,0.5008,
frame_ms,0.2457,
frame_ms,0.2127,
frame_ms,0.2231,
frame_ms,0.2419,
frame_ms,0.2203,
frame_ms,0.3011,
frame_ms,0.2873,
frame_ms,0.2485,
frame_ms,0.247,
frame_ms,0.2417,
frame_ms,0.2371,
frame_ms,0.2258,
frame_ms,0.3305,
frame_ms,0.4267,
frame_ms,0.353,
frame_ms,0.3358,
frame_ms,0.3348,
frame_ms,0.4043,
frame_ms,0.3505,
frame_ms,0.3688,
frame_ms,0.3446,
tick_us,197,228
frame_ms,0.7761,
frame_ms,0.4042,
frame_ms,0.2932,
frame_ms,0.25,
frame_ms,0.2216,
frame_ms,0.2276,
frame_ms,0.2245,
frame_ms,0.2225,
frame_ms,0.2167,
frame_ms,0.3232,
frame_ms,0.2479,
frame_ms,0.343,
frame_ms,0.2967,
frame_ms,0.2494,
frame_ms,0.2347,
frame_ms,0.2518,
frame_ms,0.2216,
frame_ms,0.2223,
frame_ms,0.2264,
frame_ms,0.2312,
frame_ms,0.2211,
frame_ms,0.252,
frame_ms,0.2302,
frame_ms,0.2199,
frame_ms,0.2185,
frame_ms,0.2466,
tick_us,118.9,236
frame_ms,0.5523,
frame_ms,0.2953,
frame_ms,0.5685,
frame_ms,0.3659,
frame_ms,0.4177,
frame_ms,0.4012,
frame_ms,0.3395,
frame_ms,0.3026,
frame_ms,0.2484,
frame_ms,0.2117,
frame_ms,0.2222,
frame_ms,0.2201,
frame_ms,0.2211,
frame_ms,0.2671,
frame_ms,0.238,
frame_ms,0.5707,
frame_ms,0.3742,
frame_ms,0.3633,
frame_ms,0.3387,
frame_ms,0.3464,
tick_us,125.6,240
frame_ms,0.6297,
frame_ms,0.2511,
frame_ms,0.219,
frame_ms,0.2275,
frame_ms,0.2186,
frame_ms,0.3389,
frame_ms,0.7943,
frame_ms,0.4087,
frame_ms,0.4879,
frame_ms,0.3201,
frame_ms,0.3326,
frame_ms,0.2882,
frame_ms,0.2721,
frame_ms,0.2591,
frame_ms,0.2267,
frame_ms,0.2324,
frame_ms,0.2184,
frame_ms,0.2266,
frame_ms,0.2262,
frame_ms,0.2285,
frame_ms,0.2937,
frame_ms,0.2655,
frame_ms,0.2274,
tick_us,127.3,236
frame_ms,0.511,
frame_ms,0.2388,
frame_ms,0.2158,
frame_ms,0.227,
frame_ms,0.2233,
frame_ms,0.2187,
frame_ms,0.2113,
frame_ms,0.2431,
frame_ms,0.2277,
frame_ms,0.2124,
frame_ms,0.2487,
frame_ms,0.2275,
frame_ms,0.3249,
frame_ms,0.2589,
frame_ms,0.4224,
frame_ms,0.3574,
frame_ms,0.3776,
frame_ms,0.3997,
frame_ms,0.334,
frame_ms,0.3401,
frame_ms,0.3311,
frame_ms,0.3302,
frame_ms,0.3278,
tick_us,166.6,238
frame_ms,0.7261,
frame_ms,0.3008,
frame_ms,0.2595,
frame_ms,0.2355,
frame_ms,0.2718,
frame_ms,0.2229,
frame_ms,0.2105,
frame_ms,0.2071,
frame_ms,0.2415,
frame_ms,0.2258,
frame_ms,0.2122,
frame_ms,0.219,
frame_ms,0.2449,
frame_ms,0.22,
frame_ms,0.2111,
frame_ms,0.3165,
frame_ms,0.2421,
frame_ms,0.2382,
frame_ms,0.2577,
frame_ms,0.2331,
frame_ms,0.2125,
frame_ms,0.2275,
frame_ms,0.2313,
frame_ms,0.2217,
frame_ms,0.2112,
frame_ms,0.2461,
frame_ms,0.2172,
tick_us,121.1,240
frame_ms,0.5051,
frame_ms,0.2752,
frame_ms,0.2393,
frame_ms,0.2131,
frame_ms,0.2112,
frame_ms,0.2743,
frame_ms,0.2458,
frame_ms,0.2232,
frame_ms,0.2474,
frame_ms,0.2267,
frame_ms,0.2145,
frame_ms,0.2649,
frame_ms,0.2229,
frame_ms,0.2073,
frame_ms,0.2557,
frame_ms,0.2245,
frame_ms,0.2102,
frame_ms,0.2162,
frame_ms,0.2123,
frame_ms,0.2004,
frame_ms,0.2348,
frame_ms,0.2372,
frame_ms,0.2107,
frame_ms,0.2769,
frame_ms,0.2774,
frame_ms,0.3021,
frame_ms,0.2268,
frame_ms,0.2404,
frame_ms,0.2276,
tick_us,148,226
frame_ms,0.538,
frame_ms,0.2652,
frame_ms,0.216,
frame_ms,0.212,
frame_ms,0.2119,
frame_ms,0.2078,
frame_ms,0.2632,
frame_ms,0.2253,
frame_ms,0.2109,
frame_ms,0.2447,
frame_ms,0.2499,
frame_ms,0.3008,
frame_ms,0.2615,
frame_ms,0.2636,
frame_ms,0.2742,
frame_ms,0.237,
frame_ms,0.2295,
frame_ms,0.2122,
frame_ms,0.2077,
frame_ms,0.2606,
frame_ms,0.4039,
frame_ms,0.6338,
frame_ms,0.3028,
frame_ms,0.2494,
frame_ms,0.2111,
tick_us,127.2,222
frame_ms,0.5095,
frame_ms,0.2381,
frame_ms,0.2409,
frame_ms,0.2283,
frame_ms,0.2156,
frame_ms,0.2253,
frame_ms,0.2755,
frame_ms,0.2571,
frame_ms,0.2286,
frame_ms,0.2331,
frame_ms,0.2136,
frame_ms,0.2498,
frame_ms,0.2229,
frame_ms,0.2055,
frame_ms,0.2431,
frame_ms,0.2199,
frame_ms,0.254,
frame_ms,0.3886,
frame_ms,0.552,
frame_ms,0.3274,
frame_ms,0.4553,
frame_ms,0.3475,
frame_ms,0.2828,
frame_ms,0.2255,
tick_us,121.7,216
frame_ms,0.4921,
frame_ms,0.2264,
frame_ms,0.2062,
frame_ms,0.2145,
frame_ms,0.2162,
frame_ms,0.2926,
frame_ms,0.2574,
frame_ms,0.2359,
frame_ms,0.2238,
frame_ms,0.2652,
frame_ms,0.2672,
frame_ms,0.2239,
frame_ms,0.2177,
frame_ms,0.2361,
frame_ms,0.2114,
frame_ms,0.205,
frame_ms,0.2431,
frame_ms,0.2252,
frame_ms,0.2113,
frame_ms,0.2163,
frame_ms,0.2455,
frame_ms,0.2272,
frame_ms,0.209,
frame_ms,0.2459,
frame_ms,0.2457,
frame_ms,0.6541,
frame_ms,0.3481,
tick_us,181.8,228
frame_ms,0.7858,
frame_ms,0.3267,
frame_ms,0.3608,
frame_ms,0.3592,
frame_ms,0.3893,
frame_ms,0.3484,
frame_ms,0.4551,
frame_ms,0.2992,
frame_ms,0.2535,
frame_ms,0.2321,
frame_ms,0.237,
frame_ms,0.2398,
frame_ms,0.23,
frame_ms,0.2414,
frame_ms,0.2216,
frame_ms,0.2811,
frame_ms,0.3521,
frame_ms,0.3598,
frame_ms,0.2161,
frame_ms,0.223,
frame_ms,0.2111,
frame_ms,0.2081,
tick_us,126.7,226
frame_ms,0.6028,
frame_ms,0.2602,
frame_ms,0.2183,
frame_ms,0.2207,
frame_ms,0.2214,
frame_ms,0.233,
frame_ms,0.2525,
frame_ms,0.2268,
frame_ms,0.2083,
frame_ms,0.237,
frame_ms,0.2057,
frame_ms,0.2011,
frame_ms,0.2418,
frame_ms,0.2274,
frame_ms,0.2108,
frame_ms,0.2327,
frame_ms,0.2103,
frame_ms,0.2853,
frame_ms,0.2527,
frame_ms,0.2406,
frame_ms,0.2263,
frame_ms,0.2226,
frame_ms,0.2183,
frame_ms,0.2293,
frame_ms,0.2654,
frame_ms,0.2721,
frame_ms,0.2323,
frame_ms,0.2211,
frame_ms,0.218,
tick_us,127.9,220
frame_ms,0.5182,
frame_ms,0.2509,
frame_ms,0.2185,
frame_ms,0.217,
frame_ms,0.27,
frame_ms,0.2593,
frame_ms,0.2251,
frame_ms,0.2194,
frame_ms,0.2373,
frame_ms,0.2234,
frame_ms,0.2811,
frame_ms,0.2486,
frame_ms,0.2717,
frame_ms,0.2965,
frame_ms,0.27,
frame_ms,0.2423,
frame_ms,0.2433,
frame_ms,0.2233,
frame_ms,0.2078,
frame_ms,0.2077,
frame_ms,0.2444,
frame_ms,0.3325,
frame_ms,0.2355,
frame_ms,0.2288,
frame_ms,0.2101,
frame_ms,0.2605,
frame_ms,0.2312,
tick_us,118.5,216
frame_ms,0.4788,
frame_ms,0.2354,
frame_ms,0.2169,
frame_ms,0.214,
frame_ms,0.2194,
frame_ms,0.2188,
frame_ms,0.2547,
frame_ms,0.2257,
frame_ms,0.2131,
frame_ms,0.2284,
frame_ms,0.242,
frame_ms,0.3221,
frame_ms,0.9297,
frame_ms,0.4066,
frame_ms,0.4591,
frame_ms,0.343,
frame_ms,0.3339,
frame_ms,0.2958,
frame_ms,0.2292,
frame_ms,0.2109,
frame_ms,0.2053,
frame_ms,0.2054,
frame_ms,0.2564,
tick_us,118.4,222
frame_ms,0.5384,
frame_ms,0.2557,
frame_ms,0.2321,
frame_ms,0.2181,
frame_ms,0.2111,
frame_ms,0.2278,
frame_ms,0.3,
frame_ms,0.2823,
frame_ms,0.2314,
frame_ms,0.218,
frame_ms,0.2264,
frame_ms,0.2645,
frame_ms,0.2373,
frame_ms,0.218,
frame_ms,0.2092,
frame_ms,0.2621,
frame_ms,0.3543,
frame_ms,0.262,
frame_ms,0.2419,
frame_ms,0.2351,
frame_ms,0.3255,
frame_ms,0.4418,
frame_ms,0.2683,
frame_ms,0.2475,
frame_ms,0.2371,
frame_ms,0.2398,
tick_us,130.8,216
frame_ms,0.5779,
frame_ms,0.2571,
frame_ms,0.2392,
frame_ms,0.224,
frame_ms,0.2357,
frame_ms,0.2318,
frame_ms,0.8161,
frame_ms,0.367,
frame_ms,0.3899,
frame_ms,0.4082,
frame_ms,0.3443,
frame_ms,0.3089,
frame_ms,0.2587,
frame_ms,0.2161,
frame_ms,0.2253,
frame_ms,0.2164,
frame_ms,0.2141,
frame_ms,0.2974,
frame_ms,0.2558,
frame_ms,0.2275,
frame_ms,0.3845,
tick_us,174.2,224
frame_ms,0.7786,
frame_ms,0.4372,
frame_ms,0.3635,
frame_ms,0.3355,
frame_ms,0.3308,
frame_ms,0.3291,
frame_ms,0.3304,
frame_ms,0.3981,
frame_ms,0.2559,
frame_ms,0.2372,
frame_ms,0.279,
frame_ms,0.2589,
frame_ms,0.2462,
frame_ms,0.2187,
frame_ms,0.2104,
frame_ms,0.2301,
frame_ms,0.2182,
frame_ms,0.2312,
frame_ms,0.3296,
frame_ms,0.3856,
frame_ms,0.3399,
tick_us,131.7,222
frame_ms,0.9966,
frame_ms,0.4028,
frame_ms,0.2511,
frame_ms,0.2192,
frame_ms,0.2564,
frame_ms,0.2193,
frame_ms,0.228,
frame_ms,0.2089,
frame_ms,0.2416,
frame_ms,0.2237,
frame_ms,0.2132,
frame_ms,0.2158,
frame_ms,0.2445,
frame_ms,0.2294,
frame_ms,0.2058,
frame_ms,0.2204,
frame_ms,0.2673,
frame_ms,0.7387,
frame_ms,0.3923,
frame_ms,0.3881,
frame_ms,0.4226,
frame_ms,0.3353,
frame_ms,0.289,
tick_us,117.9,222
frame_ms,0.5004,
frame_ms,0.2251,
frame_ms,0.2084,
frame_ms,0.2136,
frame_ms,0.2083,
frame_ms,0.2377,
frame_ms,0.3001,
frame_ms,0.3865,
frame_ms,0.2515,
frame_ms,0.2255,
frame_ms,0.2265,
frame_ms,0.2225,
frame_ms,0.2155,
frame_ms,0.3041,
frame_ms,0.2891,
frame_ms,0.2142,
frame_ms,0.2159,
frame_ms,0.2119,
frame_ms,0.2072,
frame_ms,0.2412,
frame_ms,0.2258,
frame_ms,0.2121,
frame_ms,0.2764,
frame_ms,0.2672,
frame_ms,0.2375,
frame_ms,0.2565,
frame_ms,0.2336,
tick_us,121.6,228
frame_ms,0.4971,
frame_ms,0.5137,
frame_ms,0.392,
frame_ms,0.3689,
frame_ms,0.3452,
frame_ms,0.3376,
frame_ms,0.3346,
frame_ms,0.2893,
frame_ms,0.2288,
frame_ms,0.3057,
frame_ms,0.2245,
frame_ms,0.222,
frame_ms,0.2298,
frame_ms,0.2276,
frame_ms,0.225,
frame_ms,0.2303,
frame_ms,0.2211,
frame_ms,0.2148,
frame_ms,0.2293,
frame_ms,0.2509,
frame_ms,0.2709,
frame_ms,0.2385,
frame_ms,0.2299,
frame_ms,0.2242,
frame_ms,0.2148,
tick_us,137.2,236
frame_ms,0.6034,
frame_ms,0.3439,
frame_ms,0.2674,
frame_ms,0.2355,
frame_ms,0.2431,
frame_ms,0.2378,
frame_ms,0.2809,
frame_ms,0.2478,
frame_ms,0.2292,
frame_ms,0.2186,
frame_ms,0.2173,
frame_ms,0.2412,
frame_ms,0.2206,
frame_ms,0.2216,
frame_ms,0.2129,
frame_ms,0.2613,
frame_ms,0.216,
frame_ms,0.6881,
frame_ms,0.2699,
frame_ms,0.2306,
frame_ms,0.2287,
frame_ms,0.2284,
frame_ms,0.2096,
frame_ms,0.2496,
frame_ms,0.246,
tick_us,125.7,244
frame_ms,0.5035,
frame_ms,0.2371,
frame_ms,0.2154,
frame_ms,0.2173,
frame_ms,0.2051,
frame_ms,0.2419,
frame_ms,0.2398,
frame_ms,0.2242,
frame_ms,0.3869,
frame_ms,0.307,
frame_ms,0.2673,
frame_ms,0.2373,
frame_ms,0.2247,
frame_ms,0.2236,
frame_ms,0.2222,
frame_ms,0.2643,
frame_ms,0.2393,
frame_ms,0.2126,
frame_ms,0.2505,
frame_ms,0.2285,
frame_ms,0.2098,
frame_ms,0.2345,
frame_ms,0.2471,
frame_ms,0.2263,
frame_ms,0.2154,
frame_ms,0.2729,
frame_ms,0.2319,
frame_ms,0.2092,
tick_us,142.6,254
frame_ms,0.54,
frame_ms,0.2322,
frame_ms,0.2071,
frame_ms,0.2074,
frame_ms,0.2161,
frame_ms,0.2081,
frame_ms,0.2697,
frame_ms,0.2561,
frame_ms,0.2159,
frame_ms,0.2031,
frame_ms,0.2434,
frame_ms,0.2369,
frame_ms,0.2113,
frame_ms,0.2434,
frame_ms,0.2247,
frame_ms,0.2156,
frame_ms,0.2367,
frame_ms,0.2213,
frame_ms,0.2004,
frame_ms,0.2548,
frame_ms,0.2128,
frame_ms,0.2122,
frame_ms,0.2249,
frame_ms,0.2156,
frame_ms,0.2024,
frame_ms,0.2419,
frame_ms,0.2296,
frame_ms,0.2064,
frame_ms,0.2471,
tick_us,150.9,264
frame_ms,0.5592,
frame_ms,0.3099,
frame_ms,0.2286,
frame_ms,0.2289,
frame_ms,0.216,
frame_ms,0.2203,
frame_ms,0.2534,
frame_ms,0.5822,
frame_ms,0.3615,
frame_ms,0.346,
frame_ms,0.3515,
frame_ms,0.2924,
frame_ms,0.2653,
frame_ms,0.2781,
frame_ms,0.2938,
frame_ms,0.3162,
frame_ms,0.5383,
frame_ms,0.3729,
frame_ms,0.4109,
frame_ms,0.3557,
frame_ms,0.2854,
tick_us,126.9,272
frame_ms,0.5303,
frame_ms,0.2433,
frame_ms,0.2103,
frame_ms,0.2155,
frame_ms,0.2108,
frame_ms,0.2615,
frame_ms,0.2296,
frame_ms,0.2493,
frame_ms,0.2228,
frame_ms,0.2153,
frame_ms,0.2226,
frame_ms,0.2428,
frame_ms,0.22,
frame_ms,0.2133,
frame_ms,0.2569,
frame_ms,0.2265,
frame_ms,0.2115,
frame_ms,0.2435,
frame_ms,0.2237,
frame_ms,0.2096,
frame_ms,0.2496,
frame_ms,0.2281,
frame_ms,0.2107,
frame_ms,0.2667,
frame_ms,0.2707,
frame_ms,0.2452,
frame_ms,0.2204,
frame_ms,0.2444,
frame_ms,0.2391,
tick_us,127.4,274
frame_ms,0.5325,
frame_ms,0.242,
frame_ms,0.2118,
frame_ms,0.2152,
frame_ms,0.2117,
frame_ms,0.2085,
frame_ms,0.2627,
frame_ms,0.2575,
frame_ms,0.2254,
frame_ms,0.2105,
frame_ms,0.2629,
frame_ms,0.2316,
frame_ms,0.2132,
frame_ms,0.2588,
frame_ms,0.2307,
frame_ms,0.2127,
frame_ms,0.2477,
frame_ms,0.2182,
frame_ms,0.2086,
frame_ms,0.2848,
frame_ms,0.3636,
frame_ms,0.317,
frame_ms,0.3673,
frame_ms,0.3378,
frame_ms,0.4506,
tick_us,167.3,284
frame_ms,0.8303,
frame_ms,0.3494,
frame_ms,0.3819,
frame_ms,0.3305,
frame_ms,0.2466,
frame_ms,0.2146,
frame_ms,0.2187,
frame_ms,0.216,
frame_ms,0.2126,
frame_ms,0.2461,
frame_ms,0.3169,
frame_ms,0.3714,
frame_ms,0.4732,
frame_ms,0.2864,
frame_ms,0.3505,
frame_ms,0.3696,
frame_ms,0.2372,
frame_ms,0.2229,
frame_ms,0.2301,
frame_ms,0.2215,
frame_ms,0.2223,
frame_ms,0.2304,
frame_ms,0.2163,
tick_us,127.5,290
frame_ms,0.5419,
frame_ms,0.2489,
frame_ms,0.2119,
frame_ms,0.2134,
frame_ms,0.21,
frame_ms,0.2669,
frame_ms,0.3934,
frame_ms,0.5912,
frame_ms,0.375,
frame_ms,0.3411,
frame_ms,0.287,
frame_ms,0.2361,
frame_ms,0.2183,
frame_ms,0.2193,
frame_ms,0.2121,
frame_ms,0.249,
frame_ms,0.2254,
frame_ms,0.2104,
frame_ms,0.2477,
frame_ms,0.2658,
frame_ms,0.9793,
tick_us,212.3,284
frame_ms,0.8201,
frame_ms,0.3404,
frame_ms,0.3433,
frame_ms,0.3777,
frame_ms,0.3566,
frame_ms,0.332,
frame_ms,0.333,
frame_ms,0.4051,
frame_ms,0.3719,
frame_ms,0.3733,
frame_ms,0.3345,
frame_ms,0.3533,
frame_ms,0.3916,
frame_ms,0.3427,
frame_ms,0.3301,
frame_ms,0.3272,
frame_ms,0.3302,
frame_ms,0.326,
frame_ms,0.3283,
tick_us,127.2,282
frame_ms,0.6553,
frame_ms,0.281,
frame_ms,0.2598,
frame_ms,0.2524,
frame_ms,0.2785,
frame_ms,0.2937,
frame_ms,0.2526,
frame_ms,0.2192,
frame_ms,0.2207,
frame_ms,0.2245,
frame_ms,0.2132,
frame_ms,0.2398,
frame_ms,0.2315,
frame_ms,0.2151,
frame_ms,0.2338,
frame_ms,0.2277,
frame_ms,0.2295,
frame_ms,0.2436,
frame_ms,0.3017,
frame_ms,0.24,
frame_ms,0.2291,
frame_ms,0.2685,
frame_ms,0.2566,
frame_ms,0.2205,
frame_ms,0.2105,
frame_ms,0.2572,
frame_ms,0.2415,
tick_us,123.4,274
frame_ms,0.4918,
frame_ms,0.24,
frame_ms,0.2059,
frame_ms,0.2127,
frame_ms,0.2047,
frame_ms,0.4229,
frame_ms,0.4048,
frame_ms,0.3529,
frame_ms,0.4016,
frame_ms,0.3743,
frame_ms,0.2728,
frame_ms,0.2598,
frame_ms,0.2596,
frame_ms,0.2308,
frame_ms,0.2205,
frame_ms,0.2194,
frame_ms,0.2158,
frame_ms,0.253,
frame_ms,0.3049,
frame_ms,0.3388,
frame_ms,0.5121,
frame_ms,0.4215,
tick_us,156.6,272
frame_ms,0.6907,
frame_ms,0.2885,
frame_ms,0.243,
frame_ms,0.2196,
frame_ms,0.2196,
frame_ms,0.2122,
frame_ms,0.2386,
frame_ms,0.226,
frame_ms,0.218,
frame_ms,0.2709,
frame_ms,0.2866,
frame_ms,0.3134,
frame_ms,0.2622,
frame_ms,0.3027,
frame_ms,0.2169,
frame_ms,0.222,
frame_ms,0.2517,
frame_ms,0.2503,
frame_ms,0.2057,
frame_ms,0.2444,
frame_ms,0.2717,
frame_ms,0.2291,
frame_ms,0.2192,
frame_ms,0.2131,
frame_ms,0.2141,
frame_ms,0.4127,
tick_us,129.5,276
frame_ms,0.6749,
frame_ms,0.2691,
frame_ms,0.225,
frame_ms,0.2259,
frame_ms,0.2228,
frame_ms,0.2413,
frame_ms,0.2605,
frame_ms,0.2629,
frame_ms,0.2139,
frame_ms,0.2753,
frame_ms,0.2288,
frame_ms,0.2114,
frame_ms,0.2523,
frame_ms,0.23,
frame_ms,0.2078,
frame_ms,0.2594,
frame_ms,0.2538,
frame_ms,0.9339,
frame_ms,0.3349,
frame_ms,0.2552,
frame_ms,0.2202,
frame_ms,0.2226,
frame_ms,0.2186,
frame_ms,0.2122,
frame_ms,0.245,
tick_us,127.4,270
frame_ms,0.5081,
frame_ms,0.2423,
frame_ms,0.2076,
frame_ms,0.2156,
frame_ms,0.221,
frame_ms,0.2326,
frame_ms,0.2612,
frame_ms,0.2463,
frame_ms,0.2734,
frame_ms,0.2938,
frame_ms,0.2412,
frame_ms,0.229,
frame_ms,0.2588,
frame_ms,0.2401,
frame_ms,0.2255,
frame_ms,0.2124,
frame_ms,0.273,
frame_ms,0.2328,
frame_ms,0.2076,
frame_ms,0.2164,
frame_ms,0.2473,
frame_ms,0.2334,
frame_ms,0.2358,
frame_ms,0.2524,
frame_ms,0.244,
frame_ms,0.28,
tick_us,121,268
frame_ms,0.6859,
frame_ms,0.2262,
frame_ms,0.2134,
frame_ms,0.2265,
frame_ms,0.2477,
frame_ms,0.2558,
frame_ms,0.2248,
frame_ms,0.2172,
frame_ms,0.2463,
frame_ms,0.2067,
frame_ms,0.2366,
frame_ms,0.4111,
frame_ms,0.5187,
frame_ms,0.3306,
frame_ms,0.3821,
frame_ms,0.3408,
frame_ms,0.3386,
frame_ms,0.3488,
frame_ms,0.3423,
frame_ms,0.3346,
frame_ms,0.3322,
frame_ms,0.3339,
tick_us,136.7,274
frame_ms,0.7286,
frame_ms,0.358,
frame_ms,0.321,
frame_ms,0.2779,
frame_ms,0.2468,
frame_ms,0.2418,
frame_ms,0.2355,
frame_ms,0.2391,
frame_ms,0.2885,
frame_ms,0.3343,
frame_ms,0.2831,
frame_ms,0.2699,
frame_ms,0.2237,
frame_ms,0.2176,
frame_ms,0.24,
frame_ms,0.2246,
frame_ms,0.2191,
frame_ms,0.286,
frame_ms,0.2715,
frame_ms,0.2444,
frame_ms,0.2199,
frame_ms,0.2076,
frame_ms,0.2073,
frame_ms,0.2709,
frame_ms,0.2312,
frame_ms,0.2072,
tick_us,122.9,272
frame_ms,0.4978,
frame_ms,0.2382,
frame_ms,0.2042,
frame_ms,0.2167,
frame_ms,0.2186,
frame_ms,0.4522,
frame_ms,0.3172,
frame_ms,0.2588,
frame_ms,0.2372,
frame_ms,0.2422,
frame_ms,0.2563,
frame_ms,0.3019,
frame_ms,0.3337,
frame_ms,0.2193,
frame_ms,0.2166,
frame_ms,0.2118,
frame_ms,0.2412,
frame_ms,0.2239,
frame_ms,0.2119,
frame_ms,0.268,
frame_ms,0.2587,
frame_ms,0.2131,
frame_ms,0.5467,
frame_ms,0.3749,
tick_us,152.3,282
frame_ms,0.7041,
frame_ms,0.3521,
frame_ms,0.3457,
frame_ms,0.3362,
frame_ms,0.3539,
frame_ms,0.3545,
frame_ms,0.3397,
frame_ms,0.3282,
frame_ms,0.2847,
frame_ms,0.2407,
frame_ms,0.2425,
frame_ms,0.2306,
frame_ms,0.2242,
frame_ms,0.2211,
frame_ms,0.2787,
frame_ms,0.3035,
frame_ms,0.2623,
frame_ms,0.2272,
frame_ms,0.2271,
frame_ms,0.215,
frame_ms,0.2682,
frame_ms,0.241,
frame_ms,0.2585,
frame_ms,0.2276,
frame_ms,0.2149,
tick_us,171.4,272
frame_ms,0.6654,
frame_ms,0.2971,
frame_ms,0.2396,
frame_ms,0.235,
frame_ms,0.2235,
frame_ms,0.2376,
frame_ms,0.2291,
frame_ms,0.2452,
frame_ms,0.2645,
frame_ms,0.2319,
frame_ms,0.2186,
frame_ms,0.2121,
frame_ms,0.2101,
frame_ms,0.2695,
frame_ms,0.2351,
frame_ms,0.2881,
frame_ms,0.2502,
frame_ms,0.5493,
frame_ms,0.3364,
frame_ms,0.2587,
frame_ms,0.2333,
frame_ms,0.2313,
frame_ms,0.2328,
frame_ms,0.2424,
frame_ms,0.2684,
tick_us,126.9,276
frame_ms,0.5427,
frame_ms,0.2322,
frame_ms,0.2095,
frame_ms,0.215,
frame_ms,0.2087,
frame_ms,0.2322,
frame_ms,0.2591,
frame_ms,0.2461,
frame_ms,0.2158,
frame_ms,0.2158,
frame_ms,0.2686,
frame_ms,0.2284,
frame_ms,0.206,
frame_ms,0.2264,
frame_ms,0.4221,
frame_ms,0.4715,
frame_ms,0.3381,
frame_ms,0.3341,
frame_ms,0.3518,
frame_ms,0.2665,
frame_ms,0.2181,
frame_ms,0.2106,
frame_ms,0.2033,
frame_ms,0.2947,
frame_ms,0.2302,
tick_us,130.2,284
frame_ms,0.522,
frame_ms,0.2348,
frame_ms,0.2047,
frame_ms,0.2141,
frame_ms,0.2015,
frame_ms,0.2405,
frame_ms,0.2227,
frame_ms,0.2036,
frame_ms,0.2445,
frame_ms,0.2222,
frame_ms,0.2012,
frame_ms,0.2592,
frame_ms,0.248,
frame_ms,0.234,
frame_ms,0.2104,
frame_ms,0.233,
frame_ms,0.2273,
frame_ms,0.2029,
frame_ms,0.3125,
frame_ms,0.2858,
frame_ms,0.2998,
frame_ms,0.2501,
frame_ms,0.2357,
frame_ms,0.2448,
frame_ms,0.2402,
frame_ms,0.2365,
frame_ms,0.2546,
frame_ms,0.2548,
tick_us,128.2,278
frame_ms,0.5497,
frame_ms,0.6302,
frame_ms,0.2501,
frame_ms,0.2125,
frame_ms,0.2144,
frame_ms,0.2075,
frame_ms,0.2142,
frame_ms,0.2665,
frame_ms,0.2213,
frame_ms,0.2063,
frame_ms,0.277,
frame_ms,0.2224,
frame_ms,0.2025,
frame_ms,0.2488,
frame_ms,0.2193,
frame_ms,0.2573,
frame_ms,0.2697,
frame_ms,0.4545,
frame_ms,0.2861,
frame_ms,0.2916,
frame_ms,0.2504,
frame_ms,0.2305,
frame_ms,0.2363,
frame_ms,0.2354,
frame_ms,0.3096,
tick_us,123.6,274
frame_ms,0.5738,
frame_ms,0.232,
frame_ms,0.2081,
frame_ms,0.214,
frame_ms,0.2046,
frame_ms,0.2352,
frame_ms,0.2228,
frame_ms,0.2298,
frame_ms,0.2266,
frame_ms,0.2171,
frame_ms,0.2485,
frame_ms,0.2241,
frame_ms,0.2058,
frame_ms,0.2769,
frame_ms,0.2264,
frame_ms,0.2002,
frame_ms,0.2298,
frame_ms,0.2257,
frame_ms,0.2008,
frame_ms,0.2515,
frame_ms,0.215,
frame_ms,0.1999,
frame_ms,0.2622,
frame_ms,0.3084,
frame_ms,0.2179,
frame_ms,0.2535,
frame_ms,0.2035,
frame_ms,0.2167,
frame_ms,0.2763,
tick_us,121.5,276
frame_ms,0.4982,
frame_ms,0.2386,
frame_ms,0.2087,
frame_ms,0.2048,
frame_ms,0.2052,
frame_ms,0.2115,
frame_ms,0.2727,
frame_ms,0.2278,
frame_ms,0.2081,
frame_ms,0.2497,
frame_ms,0.2204,
frame_ms,0.3026,
frame_ms,0.2849,
frame_ms,0.3104,
frame_ms,0.2548,
frame_ms,0.2204,
frame_ms,0.2383,
frame_ms,0.2067,
frame_ms,0.4098,
frame_ms,0.3696,
frame_ms,0.3501,
frame_ms,0.332,
frame_ms,0.3577,
frame_ms,0.529,
tick_us,178.3,268
frame_ms,0.7574,
frame_ms,0.3947,
frame_ms,0.4324,
frame_ms,0.4319,
frame_ms,0.3461,
frame_ms,0.3385,
frame_ms,0.3297,
frame_ms,0.3324,
frame_ms,0.3325,
frame_ms,0.2863,
frame_ms,0.224,
frame_ms,0.231,
frame_ms,0.2283,
frame_ms,0.2271,
frame_ms,0.2473,
frame_ms,0.2549,
frame_ms,0.239,
frame_ms,0.2351,
frame_ms,0.2503,
frame_ms,0.236,
frame_ms,0.2179,
frame_ms,0.2565,
frame_ms,0.2186,
tick_us,129.8,266
frame_ms,0.5394,
frame_ms,0.2243,
frame_ms,0.2028,
frame_ms,0.2103,
frame_ms,0.2829,
frame_ms,0.2414,
frame_ms,0.2594,
frame_ms,0.2218,
frame_ms,0.2236,
frame_ms,0.2942,
frame_ms,0.3043,
frame_ms,0.2355,
frame_ms,0.2523,
frame_ms,0.2283,
frame_ms,0.2104,
frame_ms,0.2072,
frame_ms,0.2446,
frame_ms,0.2242,
frame_ms,0.2101,
frame_ms,0.2255,
frame_ms,0.2128,
frame_ms,0.2064,
frame_ms,0.295,
frame_ms,0.3056,
frame_ms,0.2694,
frame_ms,0.2494,
frame_ms,0.2472,
tick_us,140.5,270
frame_ms,0.6005,
frame_ms,0.3713,
frame_ms,0.426,
frame_ms,0.359,
frame_ms,0.366,
frame_ms,0.3543,
frame_ms,0.4072,
frame_ms,0.3717,
frame_ms,0.4792,
frame_ms,0.3405,
frame_ms,0.3999,
frame_ms,0.3638,
frame_ms,0.2949,
frame_ms,0.2352,
frame_ms,0.2206,
frame_ms,0.2211,
frame_ms,0.2128,
frame_ms,0.2428,
frame_ms,0.2275,
frame_ms,0.2158,
frame_ms,0.2295,
tick_us,128.6,268
frame_ms,0.5672,
frame_ms,0.3048,
frame_ms,0.6699,
frame_ms,0.2968,
frame_ms,0.2664,
frame_ms,0.2202,
frame_ms,0.2208,
frame_ms,0.2553,
frame_ms,0.2321,
frame_ms,0.2393,
frame_ms,0.3997,
frame_ms,0.2579,
frame_ms,0.6719,
frame_ms,0.415,
frame_ms,0.3691,
frame_ms,0.3471,
frame_ms,0.4172,
frame_ms,0.3418,
frame_ms,0.2549,
frame_ms,0.2195,
tick_us,127.2,258
frame_ms,0.7277,
frame_ms,0.2475,
frame_ms,0.2167,
frame_ms,0.2196,
frame_ms,0.2243,
frame_ms,0.2243,
frame_ms,0.2917,
frame_ms,0.2455,
frame_ms,0.2321,
frame_ms,0.4169,
frame_ms,0.402,
frame_ms,0.3836,
frame_ms,0.3452,
frame_ms,0.3392,
frame_ms,0.3431,
frame_ms,0.3374,
frame_ms,0.334,
frame_ms,0.4154,
frame_ms,0.2856,
frame_ms,0.2959,
frame_ms,0.2877,
frame_ms,0.2466,
tick_us,136.7,256
frame_ms,0.5452,
frame_ms,0.2845,
frame_ms,0.305,
frame_ms,0.2514,
frame_ms,0.2315,
frame_ms,0.2345,
frame_ms,0.24,
frame_ms,0.2558,
frame_ms,0.4287,
frame_ms,0.3894,
frame_ms,0.4802,
frame_ms,0.3694,
frame_ms,0.3525,
frame_ms,0.2588,
frame_ms,0.2181,
frame_ms,0.2244,
frame_ms,0.2263,
frame_ms,0.2406,
frame_ms,0.2335,
frame_ms,0.2487,
frame_ms,0.3414,
frame_ms,0.3638,
tick_us,163.9,242
frame_ms,0.7213,
frame_ms,0.4227,
frame_ms,0.3319,
frame_ms,0.2827,
frame_ms,0.277,
frame_ms,0.2097,
frame_ms,0.2158,
frame_ms,0.2058,
frame_ms,0.2119,
frame_ms,0.2711,
frame_ms,0.2321,
frame_ms,0.2136,
frame_ms,0.2516,
frame_ms,0.2237,
frame_ms,0.2147,
frame_ms,0.2668,
frame_ms,0.3146,
frame_ms,0.3059,
frame_ms,0.2732,
frame_ms,0.2802,
frame_ms,0.2679,
frame_ms,0.2368,
frame_ms,0.2286,
frame_ms,0.2231,
frame_ms,0.2106,
frame_ms,0.2067,
tick_us,134.3,250
frame_ms,0.544,
frame_ms,0.2465,
frame_ms,0.2156,
frame_ms,0.2163,
frame_ms,0.243,
frame_ms,0.2217,
frame_ms,0.232,
frame_ms,0.3349,
frame_ms,0.2957,
frame_ms,0.3246,
frame_ms,0.2314,
frame_ms,0.2279,
frame_ms,0.2198,
frame_ms,0.2275,
frame_ms,0.2237,
frame_ms,0.2552,
frame_ms,0.2536,
frame_ms,0.2111,
frame_ms,0.2085,
frame_ms,0.2505,
frame_ms,0.2452,
frame_ms,0.2323,
frame_ms,0.2106,
frame_ms,0.2538,
frame_ms,0.2338,
frame_ms,0.2167,
frame_ms,0.2107,
tick_us,149.5,246
frame_ms,0.6233,
frame_ms,0.2669,
frame_ms,0.218,
frame_ms,0.216,
frame_ms,0.2072,
frame_ms,0.2463,
frame_ms,0.2723,
frame_ms,0.2376,
frame_ms,0.2256,
frame_ms,0.2289,
frame_ms,0.2702,
frame_ms,0.2262,
frame_ms,0.218,
frame_ms,0.2406,
frame_ms,0.2251,
frame_ms,0.2193,
frame_ms,0.2382,
frame_ms,0.2299,
frame_ms,0.2358,
frame_ms,0.2056,
frame_ms,0.2663,
frame_ms,0.2263,
frame_ms,0.2112,
frame_ms,0.2456,
frame_ms,0.2247,
frame_ms,0.21,
frame_ms,0.4094,
frame_ms,0.3459,
tick_us,130.1,236
frame_ms,0.5602,
frame_ms,0.2886,
frame_ms,0.2777,
frame_ms,0.3733,
frame_ms,0.3458,
frame_ms,0.3104,
frame_ms,0.2579,
frame_ms,0.2331,
frame_ms,0.2332,
frame_ms,0.2401,
frame_ms,0.2329,
frame_ms,0.2468,
frame_ms,0.2554,
frame_ms,0.2356,
frame_ms,0.2426,
frame_ms,0.242,
frame_ms,0.2422,
frame_ms,0.2731,
frame_ms,0.2457,
frame_ms,0.2514,
frame_ms,0.2935,
frame_ms,0.2305,
frame_ms,0.2259,
tick_us,137.6,242
frame_ms,0.9513,
frame_ms,0.3683,
frame_ms,0.3479,
frame_ms,0.4498,
frame_ms,0.2605,
frame_ms,0.2462,
frame_ms,0.6036,
frame_ms,0.3408,
frame_ms,0.4928,
frame_ms,0.3326,
frame_ms,0.3401,
frame_ms,0.3252,
frame_ms,0.2506,
frame_ms,0.2193,
frame_ms,0.2221,
frame_ms,0.2244,
frame_ms,0.2554,
frame_ms,0.2522,
frame_ms,0.2393,
frame_ms,0.2307,
frame_ms,0.2778,
frame_ms,0.2755,
tick_us,130.2,246
frame_ms,0.528,
frame_ms,0.3075,
frame_ms,0.3845,
frame_ms,0.3429,
frame_ms,0.3339,
frame_ms,0.3365,
frame_ms,0.3468,
frame_ms,0.3101,
frame_ms,0.2433,
frame_ms,0.2252,
frame_ms,0.5221,
frame_ms,0.2846,
frame_ms,0.282,
frame_ms,0.2293,
frame_ms,0.2204,
frame_ms,0.2453,
frame_ms,0.2306,
frame_ms,0.22,
frame_ms,0.3528,
frame_ms,0.3943,
frame_ms,0.3411,
tick_us,158.1,248
frame_ms,0.7074,
frame_ms,0.3201,
frame_ms,0.247,
frame_ms,0.2223,
frame_ms,0.2209,
frame_ms,0.2321,
frame_ms,0.2082,
frame_ms,0.2561,
frame_ms,0.235,
frame_ms,0.2096,
frame_ms,0.2498,
frame_ms,0.242,
frame_ms,0.2115,
frame_ms,0.2224,
frame_ms,0.2197,
frame_ms,0.2151,
frame_ms,0.2496,
frame_ms,0.253,
frame_ms,0.2434,
frame_ms,0.2216,
frame_ms,0.2315,
frame_ms,0.2162,
frame_ms,0.2982,
frame_ms,0.2577,
frame_ms,0.2176,
frame_ms,0.2054,
frame_ms,0.259,
frame_ms,0.2367,
tick_us,127.1,246
frame_ms,0.4925,
frame_ms,0.2317,
frame_ms,0.2038,
frame_ms,0.2108,
frame_ms,0.208,
frame_ms,0.2845,
frame_ms,0.2385,
frame_ms,0.2285,
frame_ms,0.2707,
frame_ms,0.2183,
frame_ms,0.2099,
frame_ms,0.2875,
frame_ms,0.2422,
frame_ms,0.2344,
frame_ms,0.2205,
frame_ms,0.2022,
frame_ms,0.2277,
frame_ms,0.2145,
frame_ms,0.2025,
frame_ms,0.2379,
frame_ms,0.2246,
frame_ms,0.2018,
frame_ms,0.2525,
frame_ms,0.2584,
frame_ms,0.2079,
frame_ms,0.2045,
frame_ms,0.2678,
frame_ms,0.2293,
frame_ms,0.221,
tick_us,141.8,236
frame_ms,0.5241,
frame_ms,0.2461,
frame_ms,0.2043,
frame_ms,0.2081,
frame_ms,0.2094,
frame_ms,0.2042,
frame_ms,0.2787,
frame_ms,0.2181,
frame_ms,0.2087,
frame_ms,0.2175,
frame_ms,0.2423,
frame_ms,0.2377,
frame_ms,0.221,
frame_ms,0.2331,
frame_ms,0.2456,
frame_ms,0.2401,
frame_ms,0.2166,
frame_ms,0.2163,
frame_ms,0.2724,
frame_ms,0.2304,
frame_ms,0.2043,
frame_ms,0.2766,
frame_ms,0.2207,
frame_ms,0.2078,
frame_ms,0.2465,
frame_ms,0.2152,
frame_ms,0.2101,
frame_ms,0.2431,
frame_ms,0.2127,
tick_us,130.2,238
frame_ms,0.5737,
frame_ms,0.2837,
frame_ms,0.2977,
frame_ms,0.2531,
frame_ms,0.2513,
frame_ms,0.2059,
frame_ms,0.2034,
frame_ms,0.2415,
frame_ms,0.2117,
frame_ms,0.1983,
frame_ms,0.267,
frame_ms,0.2174,
frame_ms,0.1992,
frame_ms,0.268,
frame_ms,0.2345,
frame_ms,0.2056,
frame_ms,0.2638,
frame_ms,0.7418,
frame_ms,0.3727,
frame_ms,0.2684,
frame_ms,0.2389,
frame_ms,0.2369,
frame_ms,0.2756,
frame_ms,0.2255,
frame_ms,0.2335,
tick_us,127,242
frame_ms,0.5152,
frame_ms,0.2585,
frame_ms,0.2153,
frame_ms,0.2163,
frame_ms,0.2109,
frame_ms,0.2282,
frame_ms,0.2266,
frame_ms,0.2744,
frame_ms,0.2304,
frame_ms,0.441,
frame_ms,0.3843,
frame_ms,0.4389,
frame_ms,0.3523,
frame_ms,0.3603,
frame_ms,0.2893,
frame_ms,0.2294,
frame_ms,0.2197,
frame_ms,0.2226,
frame_ms,0.2124,
frame_ms,0.2273,
frame_ms,0.2256,
frame_ms,0.2562,
frame_ms,0.2459,
frame_ms,0.2134,
frame_ms,0.2157,
tick_us,141.2,242
frame_ms,0.5227,
frame_ms,0.2356,
frame_ms,0.2098,
frame_ms,0.2215,
frame_ms,0.2219,
frame_ms,0.2099,
frame_ms,0.2368,
frame_ms,0.2259,
frame_ms,0.2111,
frame_ms,0.22,
frame_ms,0.2427,
frame_ms,0.307,
frame_ms,0.295,
frame_ms,0.2573,
frame_ms,0.2694,
frame_ms,0.2475,
frame_ms,0.2511,
frame_ms,0.2442,
frame_ms,0.3077,
frame_ms,0.2446,
frame_ms,0.2243,
frame_ms,0.2147,
frame_ms,0.2092,
frame_ms,0.2458,
frame_ms,0.2318,
frame_ms,0.5424,
tick_us,164,242
frame_ms,0.7875,
frame_ms,0.389,
frame_ms,0.4353,
frame_ms,0.3992,
frame_ms,0.408,
frame_ms,0.3435,
frame_ms,0.3361,
frame_ms,0.3493,
frame_ms,0.3369,
frame_ms,0.3464,
frame_ms,0.4253,
frame_ms,0.2853,
frame_ms,0.25,
frame_ms,0.2383,
frame_ms,0.232,
frame_ms,0.3589,
frame_ms,0.3936,
frame_ms,0.4089,
frame_ms,0.3371,
tick_us,157.4,252
frame_ms,0.6548,
frame_ms,0.3305,
frame_ms,0.3415,
frame_ms,0.4062,
frame_ms,0.4424,
frame_ms,0.3763,
frame_ms,0.3016,
frame_ms,0.2486,
frame_ms,0.2317,
frame_ms,0.2305,
frame_ms,0.2356,
frame_ms,0.2326,
frame_ms,0.239,
frame_ms,0.2314,
frame_ms,0.2287,
frame_ms,0.262,
frame_ms,0.2274,
frame_ms,0.2178,
frame_ms,0.3409,
frame_ms,0.3029,
frame_ms,0.2508,
frame_ms,0.2644,
frame_ms,0.2248,
frame_ms,0.2334,
tick_us,131.9,248
frame_ms,0.571,
frame_ms,0.3095,
frame_ms,0.2577,
frame_ms,0.2266,
frame_ms,0.226,
frame_ms,0.2372,
frame_ms,0.2298,
frame_ms,0.2295,
frame_ms,0.2168,
frame_ms,0.2381,
frame_ms,0.2922,
frame_ms,0.355,
frame_ms,0.3028,
frame_ms,0.2454,
frame_ms,0.2414,
frame_ms,0.2131,
frame_ms,0.2088,
frame_ms,0.2445,
frame_ms,0.2283,
frame_ms,0.2221,
frame_ms,0.2417,
frame_ms,0.2599,
frame_ms,0.251,
frame_ms,0.2255,
frame_ms,0.2533,
frame_ms,0.2451,
frame_ms,0.2296,
tick_us,162.4,262
frame_ms,0.7991,
frame_ms,0.2711,
frame_ms,0.2245,
frame_ms,0.2122,
frame_ms,0.2144,
frame_ms,0.2082,
frame_ms,0.2254,
frame_ms,0.214,
frame_ms,0.2047,
frame_ms,0.3617,
frame_ms,0.394,
frame_ms,0.3428,
frame_ms,0.3332,
frame_ms,0.3763,
frame_ms,0.2521,
frame_ms,0.229,
frame_ms,0.2374,
frame_ms,0.2307,
frame_ms,0.2395,
frame_ms,0.2876,
frame_ms,0.3605,
frame_ms,0.311,
frame_ms,0.2599,
tick_us,126.9,274
frame_ms,0.5165,
frame_ms,0.2524,
frame_ms,0.2272,
frame_ms,0.2599,
frame_ms,0.3159,
frame_ms,0.2241,
frame_ms,0.2357,
frame_ms,0.2282,
frame_ms,0.2626,
frame_ms,0.2392,
frame_ms,0.2399,
frame_ms,0.293,
frame_ms,0.2271,
frame_ms,0.2154,
frame_ms,0.2242,
frame_ms,0.3457,
frame_ms,0.3666,
frame_ms,0.3386,
frame_ms,0.3333,
frame_ms,0.3923,
frame_ms,0.3715,
frame_ms,0.3992,
frame_ms,0.3561,
tick_us,126.4,282
frame_ms,0.8455,
frame_ms,0.3698,
frame_ms,0.2585,
frame_ms,0.2179,
frame_ms,0.2152,
frame_ms,0.2198,
frame_ms,0.227,
frame_ms,0.2108,
frame_ms,0.2737,
frame_ms,0.3015,
frame_ms,0.3038,
frame_ms,0.279,
frame_ms,0.2609,
frame_ms,0.2475,
frame_ms,0.2349,
frame_ms,0.2374,
frame_ms,0.2457,
frame_ms,0.2325,
frame_ms,0.2315,
frame_ms,0.2308,
frame_ms,0.2251,
frame_ms,0.2216,
frame_ms,0.2831,
frame_ms,0.2254,
frame_ms,0.2742,
frame_ms,0.254,
tick_us,154.4,292
frame_ms,0.6121,
frame_ms,0.2807,
frame_ms,0.242,
frame_ms,0.2455,
frame_ms,0.2396,
frame_ms,0.2206,
frame_ms,0.2127,
frame_ms,0.2141,
frame_ms,0.2926,
frame_ms,0.2839,
frame_ms,0.2309,
frame_ms,0.2214,
frame_ms,0.2127,
frame_ms,0.2119,
frame_ms,0.2648,
frame_ms,0.3159,
frame_ms,0.3919,
frame_ms,0.5451,
frame_ms,0.3425,
frame_ms,0.3353,
frame_ms,0.435,
frame_ms,0.3408,
tick_us,152,296
frame_ms,0.6415,
frame_ms,0.3118,
frame_ms,0.3284,
frame_ms,0.4056,
frame_ms,0.2944,
frame_ms,0.2333,
frame_ms,0.2387,
frame_ms,0.2944,
frame_ms,0.338,
frame_ms,0.2785,
frame_ms,0.2184,
frame_ms,0.2212,
frame_ms,0.2182,
frame_ms,0.2428,
frame_ms,0.2266,
frame_ms,0.2169,
frame_ms,0.237,
frame_ms,0.2181,
frame_ms,0.2105,
frame_ms,0.2592,
frame_ms,0.247,
frame_ms,0.2474,
frame_ms,0.2131,
frame_ms,0.2388,
frame_ms,0.2201,
frame_ms,0.2106,
tick_us,133.1,288
frame_ms,0.55,
frame_ms,0.2791,
frame_ms,0.2477,
frame_ms,0.2136,
frame_ms,0.2249,
frame_ms,0.2203,
frame_ms,0.2603,
frame_ms,0.2236,
frame_ms,0.2475,
frame_ms,0.2161,
frame_ms,0.2137,
frame_ms,0.2725,
frame_ms,0.3358,
frame_ms,0.2647,
frame_ms,0.2358,
frame_ms,0.2338,
frame_ms,0.2251,
frame_ms,0.2221,
frame_ms,0.2248,
frame_ms,0.2345,
frame_ms,0.2518,
frame_ms,0.2232,
frame_ms,0.2132,
frame_ms,0.4224,
frame_ms,0.3169,
frame_ms,0.2511,
frame_ms,0.2117,
tick_us,125.3,284
frame_ms,0.5126,
frame_ms,0.3049,
frame_ms,0.2442,
frame_ms,0.2397,
frame_ms,0.2326,
frame_ms,0.2085,
frame_ms,0.208,
frame_ms,0.2705,
frame_ms,0.2739,
frame_ms,0.2659,
frame_ms,0.2522,
frame_ms,0.2244,
frame_ms,0.2175,
frame_ms,0.2163,
frame_ms,0.2611,
frame_ms,0.255,
frame_ms,0.2811,
frame_ms,0.2716,
frame_ms,0.5271,
frame_ms,0.2778,
frame_ms,0.2548,
frame_ms,0.2338,
frame_ms,0.2335,
frame_ms,0.2387,
frame_ms,0.3032,
frame_ms,0.2713,
tick_us,122.1,286
frame_ms,0.5083,
frame_ms,0.2429,
frame_ms,0.2118,
frame_ms,0.2118,
frame_ms,0.2604,
frame_ms,0.2781,
frame_ms,0.264,
frame_ms,0.2748,
frame_ms,0.2363,
frame_ms,0.2285,
frame_ms,0.2239,
frame_ms,0.2221,
frame_ms,0.2477,
frame_ms,0.2573,
frame_ms,0.2262,
frame_ms,0.2133,
frame_ms,0.212,
frame_ms,0.2652,
frame_ms,0.2273,
frame_ms,0.2088,
frame_ms,0.2211,
frame_ms,0.2433,
frame_ms,0.2657,
frame_ms,0.8021,
frame_ms,0.2851,
tick_us,132.2,292
frame_ms,0.5989,
frame_ms,0.3264,
frame_ms,0.2312,
frame_ms,0.237,
frame_ms,0.231,
frame_ms,0.2159,
frame_ms,0.2206,
frame_ms,0.2426,
frame_ms,0.3017,
frame_ms,0.2283,
frame_ms,0.2305,
frame_ms,0.2181,
frame_ms,0.2478,
frame_ms,0.2443,
frame_ms,0.2131,
frame_ms,0.2428,
frame_ms,0.2331,
frame_ms,0.2162,
frame_ms,0.2327,
frame_ms,0.207,
frame_ms,0.2699,
frame_ms,0.2295,
frame_ms,0.2079,
frame_ms,0.217,
frame_ms,0.2458,
frame_ms,0.2203,
frame_ms,0.2087,
frame_ms,0.2408,
tick_us,130.6,296
frame_ms,0.5617,
frame_ms,0.2977,
frame_ms,0.2256,
frame_ms,0.232,
frame_ms,0.2237,
frame_ms,0.2375,
frame_ms,0.2831,
frame_ms,0.2429,
frame_ms,0.224,
frame_ms,0.216,
frame_ms,0.2413,
frame_ms,0.2571,
frame_ms,0.2214,
frame_ms,0.2074,
frame_ms,0.2318,
frame_ms,0.2386,
frame_ms,0.2831,
frame_ms,0.2264,
frame_ms,0.6217,
frame_ms,0.2453,
frame_ms,0.2188,
frame_ms,0.2219,
frame_ms,0.2436,
frame_ms,0.2067,
frame_ms,0.2415,
frame_ms,0.2662,
tick_us,125.9,302
frame_ms,0.5061,
frame_ms,0.24,
frame_ms,0.2106,
frame_ms,0.2118,
frame_ms,0.2079,
frame_ms,0.2281,
frame_ms,0.2339,
frame_ms,0.3477,
frame_ms,0.3278,
frame_ms,0.2889,
frame_ms,0.2473,
frame_ms,0.2312,
frame_ms,0.235,
frame_ms,0.2361,
frame_ms,0.2843,
frame_ms,0.248,
frame_ms,0.2225,
frame_ms,0.2109,
frame_ms,0.2341,
frame_ms,0.2257,
frame_ms,0.2114,
frame_ms,0.362,
frame_ms,0.3194,
frame_ms,0.2642,
frame_ms,0.2326,
frame_ms,0.2197,
frame_ms,0.2213,
tick_us,132,300
frame_ms,0.5133,
frame_ms,0.2559,
frame_ms,0.2184,
frame_ms,0.2165,
frame_ms,0.2093,
frame_ms,0.207,
frame_ms,0.2554,
frame_ms,0.263,
frame_ms,0.2297,
frame_ms,0.2132,
frame_ms,0.23,
frame_ms,0.2194,
frame_ms,0.25,
frame_ms,0.4853,
frame_ms,0.3653,
frame_ms,0.4033,
frame_ms,0.3494,
frame_ms,0.3423,
frame_ms,0.2436,
frame_ms,0.2104,
frame_ms,0.2302,
frame_ms,0.2184,
frame_ms,0.2052,
frame_ms,0.2037,
frame_ms,0.2421,
tick_us,130.6,294
frame_ms,0.5609,
frame_ms,0.3243,
frame_ms,0.2688,
frame_ms,0.2335,
frame_ms,0.2352,
frame_ms,0.2644,
frame_ms,0.2864,
frame_ms,0.2457,
frame_ms,0.2229,
frame_ms,0.2227,
frame_ms,0.2159,
frame_ms,0.2485,
frame_ms,0.2655,
frame_ms,0.2283,
frame_ms,0.2204,
frame_ms,0.2105,
frame_ms,1.0509,
frame_ms,0.3647,
frame_ms,0.3809,
frame_ms,0.4077,
frame_ms,0.3604,
frame_ms,0.3408,
tick_us,156.8,300
frame_ms,0.6556,
frame_ms,0.3269,
frame_ms,0.3938,
frame_ms,0.3331,
frame_ms,0.267,
frame_ms,0.2434,
frame_ms,0.2292,
frame_ms,0.2315,
frame_ms,0.2605,
frame_ms,0.233,
frame_ms,0.2296,
frame_ms,0.2946,
frame_ms,0.2655,
frame_ms,0.2345,
frame_ms,0.223,
frame_ms,0.2158,
frame_ms,0.2424,
frame_ms,0.2539,
frame_ms,0.2425,
frame_ms,0.2946,
frame_ms,0.2734,
frame_ms,0.2578,
frame_ms,0.2433,
frame_ms,0.236,
frame_ms,0.2428,
tick_us,170.9,298
frame_ms,0.5852,
frame_ms,0.3247,
frame_ms,0.2446,
frame_ms,0.2121,
frame_ms,0.2236,
frame_ms,0.2168,
frame_ms,0.2128,
frame_ms,0.2444,
frame_ms,0.3567,
frame_ms,0.4018,
frame_ms,0.2729,
frame_ms,0.232,
frame_ms,0.294,
frame_ms,0.2658,
frame_ms,0.2253,
frame_ms,0.2138,
frame_ms,0.2069,
frame_ms,0.237,
frame_ms,0.2207,
frame_ms,0.2076,
frame_ms,0.2361,
frame_ms,0.5274,
frame_ms,0.2639,
frame_ms,0.2134,
frame_ms,0.2161,
tick_us,131.2,292
frame_ms,0.5354,
frame_ms,0.3298,
frame_ms,0.2989,
frame_ms,0.2336,
frame_ms,0.2174,
frame_ms,0.2096,
frame_ms,0.2125,
frame_ms,0.3028,
frame_ms,0.2395,
frame_ms,0.2347,
frame_ms,0.228,
frame_ms,0.221,
frame_ms,0.2317,
frame_ms,0.2643,
frame_ms,0.2288,
frame_ms,0.214,
frame_ms,0.251,
frame_ms,0.2904,
frame_ms,0.2255,
frame_ms,0.2595,
frame_ms,0.2505,
frame_ms,0.2213,
frame_ms,0.2488,
frame_ms,0.2179,
frame_ms,0.2131,
frame_ms,0.2272,
frame_ms,0.2078,
tick_us,136.6,296
frame_ms,0.5791,
frame_ms,0.2378,
frame_ms,0.213,
frame_ms,0.2169,
frame_ms,0.2178,
frame_ms,0.2564,
frame_ms,0.2123,
frame_ms,0.2386,
frame_ms,0.2584,
frame_ms,0.235,
frame_ms,0.213,
frame_ms,0.2299,
frame_ms,0.3032,
frame_ms,0.2866,
frame_ms,0.2336,
frame_ms,0.2238,
frame_ms,0.2155,
frame_ms,0.2349,
frame_ms,0.2211,
frame_ms,0.2151,
frame_ms,0.2337,
frame_ms,0.2205,
frame_ms,0.4339,
frame_ms,0.4285,
frame_ms,0.26,
frame_ms,0.2449,
frame_ms,0.2322,
tick_us,128.6,292
frame_ms,0.5181,
frame_ms,0.2634,
frame_ms,0.2123,
frame_ms,0.8035,
frame_ms,0.4314,
frame_ms,0.248,
frame_ms,0.2122,
frame_ms,0.3022,
frame_ms,0.2763,
frame_ms,0.2379,
frame_ms,0.2311,
frame_ms,0.2279,
frame_ms,0.2188,
frame_ms,0.2169,
frame_ms,0.2503,
frame_ms,0.239,
frame_ms,0.2838,
frame_ms,0.2198,
frame_ms,0.2122,
frame_ms,0.2046,
frame_ms,0.2527,
frame_ms,0.26,
frame_ms,0.2271,
frame_ms,0.2144,
frame_ms,0.2061,
tick_us,138.5,282
frame_ms,0.6251,
frame_ms,0.297,
frame_ms,0.2648,
frame_ms,0.2638,
frame_ms,0.2376,
frame_ms,0.285,
frame_ms,0.2406,
frame_ms,0.2171,
frame_ms,0.2085,
frame_ms,0.2322,
frame_ms,0.2232,
frame_ms,0.211,
frame_ms,0.2539,
frame_ms,0.2197,
frame_ms,0.2065,
frame_ms,0.2682,
frame_ms,0.274,
frame_ms,0.2757,
frame_ms,0.2551,
frame_ms,0.2513,
frame_ms,0.2487,
frame_ms,0.2473,
frame_ms,0.3126,
frame_ms,0.3437,
frame_ms,0.2116,
frame_ms,0.2113,
tick_us,130.6,288
frame_ms,0.5013,
frame_ms,0.2372,
frame_ms,0.2155,
frame_ms,0.3192,
frame_ms,0.2598,
frame_ms,0.2188,
frame_ms,0.2122,
frame_ms,0.2201,
frame_ms,0.2335,
frame_ms,0.1999,
frame_ms,0.2583,
frame_ms,0.2323,
frame_ms,0.3566,
frame_ms,0.2897,
frame_ms,0.2503,
frame_ms,0.2329,
frame_ms,0.2282,
frame_ms,0.2251,
frame_ms,0.2656,
frame_ms,0.2512,
frame_ms,0.2249,
frame_ms,0.2718,
frame_ms,0.3045,
frame_ms,0.2485,
frame_ms,0.2336,
frame_ms,0.2295,
frame_ms,0.2824,
tick_us,124.9,292
frame_ms,0.5464,
frame_ms,0.25,
frame_ms,0.2156,
frame_ms,0.2128,
frame_ms,0.2059,
frame_ms,0.226,
frame_ms,0.2221,
frame_ms,0.2092,
frame_ms,0.2506,
frame_ms,0.2263,
frame_ms,0.2111,
frame_ms,0.2334,
frame_ms,0.7137,
frame_ms,0.3556,
frame_ms,0.3873,
frame_ms,0.4069,
frame_ms,0.336,
frame_ms,0.3559,
frame_ms,0.337,
frame_ms,0.3319,
frame_ms,0.3334,
frame_ms,0.385,
tick_us,141.5,292
frame_ms,0.6485,
frame_ms,0.2734,
frame_ms,0.2273,
frame_ms,0.2204,
frame_ms,0.2321,
frame_ms,0.2363,
frame_ms,0.2218,
frame_ms,0.2072,
frame_ms,0.2653,
frame_ms,0.2852,
frame_ms,0.233,
frame_ms,0.2216,
frame_ms,0.2168,
frame_ms,0.2308,
frame_ms,0.2211,
frame_ms,0.2161,
frame_ms,0.4102,
frame_ms,0.4197,
frame_ms,0.2728,
frame_ms,0.2264,
frame_ms,0.2209,
frame_ms,0.2506,
frame_ms,0.2104,
frame_ms,0.206,
frame_ms,0.2422,
frame_ms,0.2302,
tick_us,122.3,294
frame_ms,0.4931,
frame_ms,0.2331,
frame_ms,0.2046,
frame_ms,0.2111,
frame_ms,0.2029,
frame_ms,0.2871,
frame_ms,0.2939,
frame_ms,0.2611,
frame_ms,0.2392,
frame_ms,0.2442,
frame_ms,0.2444,
frame_ms,0.2382,
frame_ms,0.4307,
frame_ms,0.5078,
frame_ms,0.3392,
frame_ms,0.3324,
frame_ms,0.3402,
frame_ms,0.3308,
frame_ms,0.4296,
frame_ms,0.2811,
frame_ms,0.3611,
frame_ms,0.5529,
tick_us,153.9,288
frame_ms,0.73,
frame_ms,0.3445,
frame_ms,0.3369,
frame_ms,0.3319,
frame_ms,0.3292,
frame_ms,0.3274,
frame_ms,0.3688,
frame_ms,0.3306,
frame_ms,0.2544,
frame_ms,0.2229,
frame_ms,0.2286,
frame_ms,0.2229,
frame_ms,0.2211,
frame_ms,0.219,
frame_ms,0.2344,
frame_ms,0.2662,
frame_ms,0.2616,
frame_ms,0.2653,
frame_ms,0.2316,
frame_ms,0.31,
frame_ms,0.2728,
frame_ms,0.2468,
frame_ms,0.2469,
tick_us,221,276
frame_ms,0.982,
frame_ms,0.3195,
frame_ms,0.261,
frame_ms,0.2593,
frame_ms,0.2795,
frame_ms,0.2279,
frame_ms,0.2214,
frame_ms,0.2213,
frame_ms,0.2153,
frame_ms,0.2125,
frame_ms,0.2487,
frame_ms,0.2555,
frame_ms,0.2233,
frame_ms,0.2113,
frame_ms,0.2756,
frame_ms,0.3089,
frame_ms,0.2572,
frame_ms,0.2468,
frame_ms,0.2431,
frame_ms,0.2436,
frame_ms,0.2387,
frame_ms,0.2933,
frame_ms,0.2531,
frame_ms,0.2252,
frame_ms,0.2162,
tick_us,128.8,290
frame_ms,0.497,
frame_ms,0.2374,
frame_ms,0.2244,
frame_ms,0.2132,
frame_ms,0.2041,
frame_ms,0.2817,
frame_ms,0.2631,
frame_ms,0.3285,
frame_ms,0.2281,
frame_ms,0.2288,
frame_ms,0.2592,
frame_ms,0.2282,
frame_ms,0.2591,
frame_ms,0.2473,
frame_ms,0.2228,
frame_ms,0.2086,
frame_ms,0.2375,
frame_ms,0.3622,
frame_ms,0.3843,
frame_ms,0.3345,
frame_ms,0.415,
frame_ms,0.2713,
frame_ms,0.2424,
frame_ms,0.2235,
frame_ms,0.2548,
frame_ms,0.2577,
tick_us,126.4,286
frame_ms,0.5061,
frame_ms,0.3334,
frame_ms,0.2476,
frame_ms,0.3215,
frame_ms,0.2255,
frame_ms,0.2149,
frame_ms,0.2139,
frame_ms,0.2092,
frame_ms,0.2568,
frame_ms,0.2274,
frame_ms,0.2202,
frame_ms,0.2296,
frame_ms,0.2787,
frame_ms,0.2328,
frame_ms,0.2081,
frame_ms,0.2804,
frame_ms,0.2245,
frame_ms,0.2041,
frame_ms,0.2654,
frame_ms,0.2301,
frame_ms,0.2086,
frame_ms,0.2155,
frame_ms,0.2474,
frame_ms,0.2198,
frame_ms,0.206,
frame_ms,0.2446,
frame_ms,0.2171,
frame_ms,0.213,
tick_us,130.5,280
frame_ms,0.5343,
frame_ms,0.2506,
frame_ms,0.2117,
frame_ms,0.2253,
frame_ms,0.2049,
frame_ms,0.2539,
frame_ms,0.2071,
frame_ms,0.2184,
frame_ms,0.2159,
frame_ms,0.27,
frame_ms,0.2301,
frame_ms,0.2059,
frame_ms,0.2714,
frame_ms,0.2205,
frame_ms,0.2,
frame_ms,0.2398,
frame_ms,0.2189,
frame_ms,0.4416,
frame_ms,0.3517,
frame_ms,0.3893,
frame_ms,0.3467,
frame_ms,0.4541,
frame_ms,0.3221,
frame_ms,0.3347,
tick_us,151.3,274
frame_ms,0.6555,
frame_ms,0.3277,
frame_ms,0.3452,
frame_ms,0.391,
frame_ms,0.3749,
frame_ms,0.4282,
frame_ms,0.3446,
frame_ms,0.3734,
frame_ms,0.3665,
frame_ms,0.3557,
frame_ms,0.3315,
frame_ms,0.3298,
frame_ms,0.3303,
frame_ms,0.3304,
frame_ms,0.3335,
frame_ms,0.3769,
frame_ms,0.4043,
frame_ms,0.3794,
tick_us,157.9,284
frame_ms,0.7148,
frame_ms,0.3435,
frame_ms,0.3875,
frame_ms,0.2855,
frame_ms,0.2665,
frame_ms,0.3257,
frame_ms,0.2899,
frame_ms,0.2588,
frame_ms,0.23,
frame_ms,0.4103,
frame_ms,0.4574,
frame_ms,0.2975,
frame_ms,0.2598,
frame_ms,0.3623,
frame_ms,0.2813,
frame_ms,0.229,
frame_ms,0.2442,
frame_ms,0.2281,
frame_ms,0.2244,
frame_ms,0.2161,
frame_ms,0.2148,
frame_ms,0.2582,
frame_ms,0.2604,
frame_ms,0.2752,
tick_us,132.2,296
frame_ms,0.575,
frame_ms,0.3009,
frame_ms,0.269,
frame_ms,0.2516,
frame_ms,0.3831,
frame_ms,0.2761,
frame_ms,0.2349,
frame_ms,0.2338,
frame_ms,0.235,
frame_ms,0.2316,
frame_ms,0.225,
frame_ms,0.2253,
frame_ms,0.2679,
frame_ms,0.273,
frame_ms,0.3648,
frame_ms,0.379,
frame_ms,0.3485,
frame_ms,0.2442,
frame_ms,0.2493,
frame_ms,0.2296,
frame_ms,0.2688,
frame_ms,0.2371,
frame_ms,0.2388,
frame_ms,0.2208,
tick_us,131.9,298
frame_ms,0.5075,
frame_ms,0.2303,
frame_ms,0.2142,
frame_ms,0.2208,
frame_ms,0.2232,
frame_ms,0.2883,
frame_ms,0.2626,
frame_ms,0.5071,
frame_ms,0.2678,
frame_ms,0.233,
frame_ms,0.2185,
frame_ms,0.2272,
frame_ms,0.2169,
frame_ms,0.2359,
frame_ms,0.2577,
frame_ms,0.2206,
frame_ms,0.2116,
frame_ms,0.2589,
frame_ms,0.2292,
frame_ms,0.2145,
frame_ms,0.2547,
frame_ms,0.2434,
frame_ms,0.2163,
frame_ms,0.2287,
frame_ms,0.2743,
frame_ms,0.2417,
frame_ms,0.2651,
tick_us,128.8,300
frame_ms,0.55,
frame_ms,0.2471,
frame_ms,0.2129,
frame_ms,0.2275,
frame_ms,0.2157,
frame_ms,0.2107,
frame_ms,0.2183,
frame_ms,0.2493,
frame_ms,0.2294,
frame_ms,0.2073,
frame_ms,0.2657,
frame_ms,0.2458,
frame_ms,0.4384,
frame_ms,0.2531,
frame_ms,0.2254,
frame_ms,0.2217,
frame_ms,0.2109,
frame_ms,0.2399,
frame_ms,0.2349,
frame_ms,0.2161,
frame_ms,0.2536,
frame_ms,0.2224,
frame_ms,0.2055,
frame_ms,0.2234,
frame_ms,0.236,
frame_ms,0.2663,
frame_ms,0.2854,
frame_ms,0.2715,
tick_us,145.6,294
frame_ms,0.7309,
frame_ms,0.3695,
frame_ms,0.2688,
frame_ms,0.2427,
frame_ms,0.2807,
frame_ms,0.2838,
frame_ms,0.2664,
frame_ms,0.2579,
frame_ms,0.2293,
frame_ms,0.226,
frame_ms,0.2142,
frame_ms,0.2094,
frame_ms,0.2652,
frame_ms,0.2263,
frame_ms,0.218,
frame_ms,0.2415,
frame_ms,0.2487,
frame_ms,0.2252,
frame_ms,0.5336,
frame_ms,0.3871,
frame_ms,0.3597,
frame_ms,0.4367,
tick_us,155.2,284
frame_ms,0.664,
frame_ms,0.3368,
frame_ms,0.317,
frame_ms,0.2737,
frame_ms,0.4977,
frame_ms,0.3873,
frame_ms,0.3882,
frame_ms,0.3613,
frame_ms,0.3789,
frame_ms,0.4251,
frame_ms,0.2528,
frame_ms,0.2446,
frame_ms,0.2341,
frame_ms,0.2289,
frame_ms,0.5929,
frame_ms,0.4018,
frame_ms,0.3173,
frame_ms,0.3891,
frame_ms,0.2179,
frame_ms,0.2243,
tick_us,129,276
frame_ms,0.5286,
frame_ms,0.2473,
frame_ms,0.2142,
frame_ms,0.2154,
frame_ms,0.2089,
frame_ms,0.2098,
frame_ms,0.2829,
frame_ms,0.278,
frame_ms,0.2411,
frame_ms,0.233,
frame_ms,0.2992,
frame_ms,0.3189,
frame_ms,0.2555,
frame_ms,0.3266,
frame_ms,0.2483,
frame_ms,0.2439,
frame_ms,0.392,
frame_ms,0.3619,
frame_ms,0.3664,
frame_ms,0.3469,
frame_ms,0.3436,
frame_ms,0.3497,
frame_ms,0.2599,
tick_us,156.6,286
frame_ms,0.6819,
frame_ms,0.3841,
frame_ms,0.533,
frame_ms,0.283,
frame_ms,0.2544,
frame_ms,0.2326,
frame_ms,0.235,
frame_ms,0.2356,
frame_ms,0.2256,
frame_ms,0.2789,
frame_ms,0.2816,
frame_ms,0.2336,
frame_ms,0.2221,
frame_ms,0.2124,
frame_ms,0.2603,
frame_ms,0.2547,
frame_ms,0.2431,
frame_ms,0.2644,
frame_ms,0.3197,
frame_ms,0.2896,
frame_ms,0.2444,
frame_ms,0.2725,
frame_ms,0.2378,
frame_ms,0.2523,
tick_us,155.1,282
frame_ms,0.7224,
frame_ms,0.3575,
frame_ms,0.3553,
frame_ms,0.4024,
frame_ms,0.366,
frame_ms,0.4258,
frame_ms,0.3578,
frame_ms,0.3579,
frame_ms,0.6885,
frame_ms,0.4035,
frame_ms,0.3582,
frame_ms,0.345,
frame_ms,0.3443,
frame_ms,0.4683,
frame_ms,0.347,
frame_ms,0.3925,
frame_ms,0.3575,
tick_us,175.3,280
frame_ms,0.9254,
frame_ms,0.2852,
frame_ms,0.234,
frame_ms,0.2227,
frame_ms,0.2289,
frame_ms,0.2256,
frame_ms,0.2225,
frame_ms,0.2325,
frame_ms,0.366,
frame_ms,0.3651,
frame_ms,0.2745,
frame_ms,0.2993,
frame_ms,0.2533,
frame_ms,0.2438,
frame_ms,0.2837,
frame_ms,0.2995,
frame_ms,0.2289,
frame_ms,0.2187,
frame_ms,0.2135,
frame_ms,0.2571,
frame_ms,0.2542,
frame_ms,0.2257,
frame_ms,0.2086,
frame_ms,0.272,
tick_us,127,288
frame_ms,0.5618,
frame_ms,0.3151,
frame_ms,0.2411,
frame_ms,0.2281,
frame_ms,0.2209,
frame_ms,0.2155,
frame_ms,0.2224,
frame_ms,0.4494,
frame_ms,0.3651,
frame_ms,0.3463,
frame_ms,0.3382,
frame_ms,0.349,
frame_ms,0.2805,
frame_ms,0.3177,
frame_ms,0.322,
frame_ms,0.4279,
frame_ms,0.4091,
frame_ms,0.2672,
frame_ms,0.2359,
frame_ms,0.2604,
frame_ms,0.2194,
frame_ms,0.2205,
frame_ms,0.2091,
tick_us,123.7,288
frame_ms,0.5214,
frame_ms,0.2389,
frame_ms,0.2119,
frame_ms,0.2136,
frame_ms,0.2088,
frame_ms,0.2366,
frame_ms,0.2235,
frame_ms,0.2427,
frame_ms,0.3083,
frame_ms,0.2481,
frame_ms,0.2382,
frame_ms,0.2255,
frame_ms,0.2658,
frame_ms,0.2212,
frame_ms,0.2328,
frame_ms,0.2271,
frame_ms,0.2125,
frame_ms,0.2525,
frame_ms,0.2802,
frame_ms,0.2701,
frame_ms,0.2425,
frame_ms,0.8509,
frame_ms,0.3255,
frame_ms,0.2475,
frame_ms,0.2265,
tick_us,128,298
frame_ms,0.5159,
frame_ms,0.2514,
frame_ms,0.2276,
frame_ms,0.2211,
frame_ms,0.2128,
frame_ms,0.2282,
frame_ms,0.2269,
frame_ms,0.2134,
frame_ms,0.2581,
frame_ms,0.2758,
frame_ms,0.2882,
frame_ms,0.4148,
frame_ms,0.3914,
frame_ms,0.3592,
frame_ms,0.3433,
frame_ms,0.3941,
frame_ms,0.4072,
frame_ms,0.3525,
frame_ms,0.3422,
frame_ms,0.448,
frame_ms,0.2479,
frame_ms,0.2378,
tick_us,129.4,300
frame_ms,0.5916,
frame_ms,0.3056,
frame_ms,0.2441,
frame_ms,0.241,
frame_ms,0.2388,
frame_ms,0.2479,
frame_ms,0.3149,
frame_ms,0.2752,
frame_ms,0.2218,
frame_ms,0.2104,
frame_ms,0.208,
frame_ms,0.2694,
frame_ms,0.2296,
frame_ms,0.2105,
frame_ms,0.2435,
frame_ms,0.2257,
frame_ms,0.2866,
frame_ms,0.2794,
frame_ms,0.2494,
frame_ms,0.2568,
frame_ms,0.2429,
frame_ms,0.2456,
frame_ms,0.3039,
frame_ms,0.3951,
frame_ms,0.2476,
frame_ms,0.2118,
tick_us,128.6,300
frame_ms,0.5382,
frame_ms,0.2414,
frame_ms,0.2264,
frame_ms,0.2135,
frame_ms,0.2102,
frame_ms,0.3172,
frame_ms,0.2442,
frame_ms,0.2369,
frame_ms,0.2273,
frame_ms,0.4375,
frame_ms,0.378,
frame_ms,0.3685,
frame_ms,0.3377,
frame_ms,0.3341,
frame_ms,0.2769,
frame_ms,0.2305,
frame_ms,0.2173,
frame_ms,0.2089,
frame_ms,0.2134,
frame_ms,0.3012,
frame_ms,0.2613,
frame_ms,0.2314,
frame_ms,0.2254,
frame_ms,0.2056,
frame_ms,0.247,
tick_us,128.4,300
frame_ms,0.5168,
frame_ms,0.2367,
frame_ms,0.2825,
frame_ms,0.2875,
frame_ms,0.2447,
frame_ms,0.2333,
frame_ms,0.2275,
frame_ms,0.2039,
frame_ms,0.2435,
frame_ms,0.2162,
frame_ms,0.2208,
frame_ms,0.2355,
frame_ms,0.2262,
frame_ms,0.2041,
frame_ms,0.5991,
frame_ms,0.3475,
frame_ms,0.3675,
frame_ms,0.3449,
frame_ms,0.3364,
frame_ms,0.3442,
frame_ms,0.2351,
frame_ms,0.2002,
frame_ms,0.2018,
frame_ms,0.207,
tick_us,157.1,306
frame_ms,0.7783,
frame_ms,0.4676,
frame_ms,0.3748,
frame_ms,0.3814,
frame_ms,0.342,
frame_ms,0.3305,
frame_ms,0.3283,
frame_ms,0.331,
frame_ms,0.336,
frame_ms,0.34,
frame_ms,0.272,
frame_ms,0.2897,
frame_ms,0.5193,
frame_ms,0.3527,
frame_ms,0.2966,
frame_ms,0.2359,
frame_ms,0.2162,
frame_ms,0.2152,
frame_ms,0.2357,
frame_ms,0.243,
frame_ms,0.2312,
tick_us,131.5,302
frame_ms,0.505,
frame_ms,0.2289,
frame_ms,0.2045,
frame_ms,0.2103,
frame_ms,0.2116,
frame_ms,0.295,
frame_ms,0.2719,
frame_ms,0.3467,
frame_ms,1.0095,
frame_ms,0.3684,
frame_ms,0.264,
frame_ms,0.2226,
frame_ms,0.224,
frame_ms,0.2239,
frame_ms,0.2134,
frame_ms,0.2119,
frame_ms,0.2414,
frame_ms,0.2268,
frame_ms,0.2376,
frame_ms,0.262,
frame_ms,0.3231,
frame_ms,0.2676,
frame_ms,0.2505,
frame_ms,0.2421,
tick_us,128.5,308
frame_ms,0.5503,
frame_ms,0.2755,
frame_ms,0.2306,
frame_ms,0.2174,
frame_ms,0.2187,
frame_ms,0.2095,
frame_ms,0.2535,
frame_ms,0.2777,
frame_ms,0.2434,
frame_ms,0.2249,
frame_ms,0.2896,
frame_ms,0.2583,
frame_ms,0.2684,
frame_ms,0.3546,
frame_ms,0.284,
frame_ms,0.2374,
frame_ms,0.2263,
frame_ms,0.227,
frame_ms,0.2159,
frame_ms,0.2227,
frame_ms,0.2508,
frame_ms,0.2616,
frame_ms,0.2512,
frame_ms,0.2286,
frame_ms,0.2408,
frame_ms,0.2457,
tick_us,129.7,304
frame_ms,0.5561,
frame_ms,0.2641,
frame_ms,0.7312,
frame_ms,0.2759,
frame_ms,0.2315,
frame_ms,0.232,
frame_ms,0.2435,
frame_ms,0.2842,
frame_ms,0.223,
frame_ms,0.2894,
frame_ms,0.3331,
frame_ms,0.2146,
frame_ms,0.2468,
frame_ms,0.3331,
frame_ms,0.5185,
frame_ms,0.2607,
frame_ms,0.2316,
frame_ms,0.2275,
frame_ms,0.2395,
frame_ms,0.2434,
frame_ms,0.2174,
frame_ms,0.2174,
frame_ms,0.3186,
tick_us,120.8,302
frame_ms,0.6351,
frame_ms,0.2636,
frame_ms,0.2134,
frame_ms,0.2186,
frame_ms,0.2097,
frame_ms,0.2292,
frame_ms,0.2365,
frame_ms,0.2392,
frame_ms,0.3378,
frame_ms,0.2446,
frame_ms,0.2307,
frame_ms,0.242,
frame_ms,0.2158,
frame_ms,0.2101,
frame_ms,0.212,
frame_ms,0.4465,
frame_ms,0.3737,
frame_ms,0.3467,
frame_ms,0.3329,
frame_ms,0.4594,
frame_ms,0.418,
frame_ms,0.3156,
frame_ms,0.2419,
frame_ms,0.2325,
tick_us,123.6,300
frame_ms,0.6199,
frame_ms,0.3209,
frame_ms,0.2435,
frame_ms,0.2127,
frame_ms,0.2301,
frame_ms,0.2142,
frame_ms,0.2089,
frame_ms,0.2189,
frame_ms,0.2088,
frame_ms,0.2766,
frame_ms,0.2893,
frame_ms,0.4854,
frame_ms,0.3974,
frame_ms,0.3511,
frame_ms,0.3748,
frame_ms,0.3974,
frame_ms,0.3869,
frame_ms,0.3394,
frame_ms,0.2429,
frame_ms,0.2103,
frame_ms,0.213,
frame_ms,0.2041,
frame_ms,0.2046,
tick_us,127.6,296
frame_ms,0.5618,
frame_ms,0.2701,
frame_ms,0.2164,
frame_ms,0.2119,
frame_ms,0.2132,
frame_ms,0.2148,
frame_ms,0.2528,
frame_ms,0.2571,
frame_ms,0.2063,
frame_ms,0.2302,
frame_ms,0.2188,
frame_ms,0.2048,
frame_ms,0.2531,
frame_ms,0.2232,
frame_ms,0.2088,
frame_ms,0.2439,
frame_ms,0.2136,
frame_ms,0.3263,
frame_ms,0.4187,
frame_ms,0.2902,
frame_ms,0.2575,
frame_ms,0.241,
frame_ms,0.2415,
frame_ms,0.2869,
frame_ms,0.3129,
frame_ms,0.2154,
frame_ms,0.2168,
tick_us,123.3,304
frame_ms,0.4906,
frame_ms,0.2335,
frame_ms,0.2157,
frame_ms,0.2106,
frame_ms,0.204,
frame_ms,0.3269,
frame_ms,0.3473,
frame_ms,0.3201,
frame_ms,0.2363,
frame_ms,0.2256,
frame_ms,0.2943,
frame_ms,0.2683,
frame_ms,0.2327,
frame_ms,0.2231,
frame_ms,0.2187,
frame_ms,0.2327,
frame_ms,0.2573,
frame_ms,0.2226,
frame_ms,0.2118,
frame_ms,0.2405,
frame_ms,0.2268,
frame_ms,0.2296,
frame_ms,0.2129,
frame_ms,0.8656,
frame_ms,0.2389,
tick_us,125.2,306
frame_ms,0.4975,
frame_ms,0.2811,
frame_ms,0.2355,
frame_ms,0.2163,
frame_ms,0.2088,
frame_ms,0.2384,
frame_ms,0.2569,
frame_ms,0.207,
frame_ms,0.1997,
frame_ms,0.2452,
frame_ms,0.2552,
frame_ms,0.3935,
frame_ms,0.3333,
frame_ms,0.2595,
frame_ms,0.2339,
frame_ms,0.2141,
frame_ms,0.2052,
frame_ms,0.2196,
frame_ms,0.2508,
frame_ms,0.2209,
frame_ms,0.2044,
frame_ms,0.267,
frame_ms,0.2265,
frame_ms,0.2044,
frame_ms,0.2287,
frame_ms,0.224,
frame_ms,0.2038,
tick_us,138.3,304
frame_ms,0.6318,
frame_ms,0.2909,
frame_ms,0.2587,
frame_ms,0.2274,
frame_ms,0.2359,
frame_ms,0.2305,
frame_ms,0.2263,
frame_ms,0.218,
frame_ms,0.2701,
frame_ms,0.2211,
frame_ms,0.2142,
frame_ms,0.2488,
frame_ms,0.2554,
frame_ms,0.2184,
frame_ms,0.2376,
frame_ms,0.2419,
frame_ms,0.3169,
frame_ms,0.2682,
frame_ms,0.2475,
frame_ms,0.23,
frame_ms,0.2609,
frame_ms,0.2627,
frame_ms,0.2764,
frame_ms,0.2253,
frame_ms,0.2123,
frame_ms,0.2099,
frame_ms,0.2411,
frame_ms,0.2225,
tick_us,123.3,300
frame_ms,0.4934,
frame_ms,0.2325,
frame_ms,0.2024,
frame_ms,0.2095,
frame_ms,0.206,
frame_ms,0.2783,
frame_ms,0.8052,
frame_ms,0.2576,
frame_ms,0.3589,
frame_ms,0.2469,
frame_ms,0.2164,
frame_ms,0.2176,
frame_ms,0.2119,
frame_ms,0.2743,
frame_ms,0.235,
frame_ms,0.211,
frame_ms,0.272,
frame_ms,0.225,
frame_ms,0.2172,
frame_ms,0.2971,
frame_ms,0.2712,
frame_ms,0.2385,
frame_ms,0.2501,
frame_ms,0.2181,
frame_ms,0.2943,
tick_us,130.5,290
frame_ms,0.5528,
frame_ms,0.2704,
frame_ms,0.217,
frame_ms,0.2179,
frame_ms,0.2086,
frame_ms,0.2119,
frame_ms,0.278,
frame_ms,0.2666,
frame_ms,0.2276,
frame_ms,0.2188,
frame_ms,0.2286,
frame_ms,0.2159,
frame_ms,0.968,
frame_ms,0.378,
frame_ms,0.3906,
frame_ms,0.4204,
frame_ms,0.3386,
frame_ms,0.3837,
frame_ms,0.3353,
frame_ms,0.3284,
tick_us,126,294
frame_ms,0.7007,
frame_ms,0.2744,
frame_ms,0.2306,
frame_ms,0.2332,
frame_ms,0.219,
frame_ms,0.2484,
frame_ms,0.2364,
frame_ms,0.2371,
frame_ms,0.2133,
frame_ms,0.2169,
frame_ms,0.2101,
frame_ms,0.2668,
frame_ms,0.259,
frame_ms,0.2283,
frame_ms,0.2228,
frame_ms,0.2589,
frame_ms,0.2905,
frame_ms,0.2682,
frame_ms,0.37,
frame_ms,0.5023,
frame_ms,0.3873,
frame_ms,0.3586,
frame_ms,0.3463,
frame_ms,0.354,
tick_us,153.2,280
frame_ms,0.6521,
frame_ms,0.3267,
frame_ms,0.3774,
frame_ms,0.4137,
frame_ms,0.267,
frame_ms,0.2528,
frame_ms,0.2735,
frame_ms,0.2685,
frame_ms,0.2595,
frame_ms,0.4777,
frame_ms,0.3629,
frame_ms,0.3449,
frame_ms,0.3516,
frame_ms,0.3397,
frame_ms,0.357,
frame_ms,0.4224,
frame_ms,0.2913,
frame_ms,0.2491,
frame_ms,0.2452,
frame_ms,0.2289,
frame_ms,0.2295,
tick_us,133.2,272
frame_ms,0.5425,
frame_ms,0.2408,
frame_ms,0.2175,
frame_ms,0.2253,
frame_ms,0.2253,
frame_ms,0.2461,
frame_ms,0.243,
frame_ms,0.2229,
frame_ms,0.271,
frame_ms,0.2807,
frame_ms,0.2569,
frame_ms,0.2465,
frame_ms,0.2637,
frame_ms,0.2409,
frame_ms,0.2411,
frame_ms,0.2579,
frame_ms,0.2479,
frame_ms,0.2392,
frame_ms,0.2734,
frame_ms,0.8178,
frame_ms,0.3168,
frame_ms,0.2451,
frame_ms,0.2241,
frame_ms,0.2299,
tick_us,133.6,268
frame_ms,0.5675,
frame_ms,0.3166,
frame_ms,0.2613,
frame_ms,0.2391,
frame_ms,0.2387,
frame_ms,0.2394,
frame_ms,0.2464,
frame_ms,0.2536,
frame_ms,0.2171,
frame_ms,0.2138,
frame_ms,0.2712,
frame_ms,0.2742,
frame_ms,0.2367,
frame_ms,0.2249,
frame_ms,0.2209,
frame_ms,0.2166,
frame_ms,0.2989,
frame_ms,1.145,
frame_ms,0.4587,
frame_ms,0.4157,
frame_ms,0.4077,
tick_us,160.2,266
frame_ms,0.6872,
frame_ms,0.3475,
frame_ms,0.3454,
frame_ms,0.4421,
frame_ms,0.2819,
frame_ms,0.2484,
frame_ms,0.3209,
frame_ms,0.2387,
frame_ms,0.2406,
frame_ms,0.2603,
frame_ms,0.2362,
frame_ms,0.2188,
frame_ms,0.2151,
frame_ms,0.2407,
frame_ms,0.2288,
frame_ms,0.2234,
frame_ms,0.2363,
frame_ms,0.2161,
frame_ms,0.2168,
frame_ms,0.3479,
frame_ms,0.3431,
frame_ms,0.9187,
tick_us,154.7,280
frame_ms,0.6442,
frame_ms,0.2843,
frame_ms,0.2481,
frame_ms,0.2296,
frame_ms,0.2564,
frame_ms,0.2587,
frame_ms,0.256,
frame_ms,0.2254,
frame_ms,0.2291,
frame_ms,0.2466,
frame_ms,0.249,
frame_ms,0.2354,
frame_ms,0.2335,
frame_ms,0.2233,
frame_ms,0.2259,
frame_ms,0.2333,
frame_ms,0.2394,
frame_ms,0.2312,
frame_ms,0.216,
frame_ms,0.2288,
frame_ms,0.2482,
frame_ms,0.227,
frame_ms,0.2127,
frame_ms,0.2219,
frame_ms,0.2197,
frame_ms,0.2136,
frame_ms,0.2205,
tick_us,133.6,278
frame_ms,0.614,
frame_ms,0.3282,
frame_ms,0.26,
frame_ms,0.2437,
frame_ms,0.2491,
frame_ms,0.2424,
frame_ms,0.2804,
frame_ms,0.2364,
frame_ms,0.224,
frame_ms,0.2185,
frame_ms,0.2114,
frame_ms,0.2445,
frame_ms,0.2217,
frame_ms,0.2154,
frame_ms,0.2239,
frame_ms,0.2133,
frame_ms,0.2538,
frame_ms,0.4418,
frame_ms,0.2868,
frame_ms,0.2481,
frame_ms,0.2513,
frame_ms,0.2448,
frame_ms,0.234,
frame_ms,0.2737,
frame_ms,0.2535,
frame_ms,0.2192,
frame_ms,0.2222,
tick_us,127.1,280
frame_ms,0.5163,
frame_ms,0.243,
frame_ms,0.393,
frame_ms,0.2804,
frame_ms,0.2416,
frame_ms,0.2435,
frame_ms,0.2464,
frame_ms,0.226,
frame_ms,0.2131,
frame_ms,0.2059,
frame_ms,0.2534,
frame_ms,0.2177,
frame_ms,0.2035,
frame_ms,0.245,
frame_ms,0.2209,
frame_ms,0.204,
frame_ms,0.4014,
frame_ms,0.3669,
frame_ms,0.3448,
frame_ms,0.4929,
frame_ms,0.3597,
frame_ms,0.3991,
frame_ms,0.3478,
tick_us,127.6,284
frame_ms,0.7673,
frame_ms,0.3545,
frame_ms,0.2686,
frame_ms,0.2159,
frame_ms,0.2132,
frame_ms,0.2092,
frame_ms,0.2337,
frame_ms,0.2078,
frame_ms,0.2089,
frame_ms,0.2924,
frame_ms,0.2553,
frame_ms,0.2235,
frame_ms,0.2906,
frame_ms,0.2267,
frame_ms,0.2151,
frame_ms,0.2586,
frame_ms,0.2385,
frame_ms,0.2087,
frame_ms,0.2675,
frame_ms,0.2275,
frame_ms,0.208,
frame_ms,0.2334,
frame_ms,0.2185,
frame_ms,0.2084,
frame_ms,0.2433,
frame_ms,0.2495,
frame_ms,0.2072,
tick_us,124.2,276
frame_ms,0.5101,
frame_ms,0.264,
frame_ms,0.2435,
frame_ms,0.2462,
frame_ms,0.2187,
frame_ms,0.2142,
frame_ms,0.2045,
frame_ms,0.2483,
frame_ms,0.227,
frame_ms,0.2132,
frame_ms,0.2349,
frame_ms,0.2248,
frame_ms,0.214,
frame_ms,0.2209,
frame_ms,0.2472,
frame_ms,0.2265,
frame_ms,0.2447,
frame_ms,0.2457,
frame_ms,0.23,
frame_ms,0.2628,
frame_ms,0.2815,
frame_ms,0.2287,
frame_ms,0.2179,
frame_ms,0.235,
frame_ms,0.3062,
frame_ms,0.2447,
frame_ms,0.2292,
frame_ms,0.2288,
tick_us,132.4,274
frame_ms,0.5165,
frame_ms,0.2512,
frame_ms,0.2149,
frame_ms,0.2168,
frame_ms,0.2105,
frame_ms,0.303,
frame_ms,0.2707,
frame_ms,0.2526,
frame_ms,0.3333,
frame_ms,0.2864,
frame_ms,0.2172,
frame_ms,0.2614,
frame_ms,0.2181,
frame_ms,0.2065,
frame_ms,0.236,
frame_ms,0.2317,
frame_ms,0.2074,
frame_ms,0.2161,
frame_ms,0.2438,
frame_ms,0.2563,
frame_ms,0.2561,
frame_ms,0.229,
frame_ms,0.2867,
frame_ms,0.2657,
frame_ms,0.3237,
frame_ms,0.2428,
frame_ms,0.212,
tick_us,148,274
frame_ms,0.5642,
frame_ms,0.2704,
frame_ms,0.227,
frame_ms,0.2165,
frame_ms,0.2119,
frame_ms,0.2527,
frame_ms,0.2352,
frame_ms,0.2244,
frame_ms,0.2152,
frame_ms,0.2139,
frame_ms,0.3069,
frame_ms,0.3035,
frame_ms,0.3483,
frame_ms,0.3034,
frame_ms,0.2729,
frame_ms,0.2384,
frame_ms,0.2559,
frame_ms,0.2361,
frame_ms,0.6803,
frame_ms,0.388,
frame_ms,0.3523,
frame_ms,0.3419,
frame_ms,0.3807,
tick_us,133.5,282
frame_ms,0.6025,
frame_ms,0.2907,
frame_ms,0.2337,
frame_ms,0.2269,
frame_ms,0.2547,
frame_ms,0.2324,
frame_ms,0.2198,
frame_ms,0.2123,
frame_ms,0.2425,
frame_ms,0.2315,
frame_ms,0.214,
frame_ms,0.2471,
frame_ms,0.2303,
frame_ms,0.2135,
frame_ms,0.2725,
frame_ms,0.2286,
frame_ms,0.3069,
frame_ms,0.4253,
frame_ms,0.5214,
frame_ms,0.3965,
frame_ms,0.3371,
frame_ms,0.3455,
frame_ms,0.3323,
tick_us,152.4,282
frame_ms,0.6473,
frame_ms,0.3298,
frame_ms,0.3456,
frame_ms,0.4328,
frame_ms,0.3323,
frame_ms,0.279,
frame_ms,0.2346,
frame_ms,0.2345,
frame_ms,0.2315,
frame_ms,0.2152,
frame_ms,0.2211,
frame_ms,0.2772,
frame_ms,0.2794,
frame_ms,0.2372,
frame_ms,0.229,
frame_ms,0.2217,
frame_ms,0.2142,
frame_ms,0.2119,
frame_ms,0.2526,
frame_ms,0.3317,
frame_ms,0.2976,
frame_ms,0.28,
frame_ms,0.2976,
frame_ms,0.3661,
tick_us,151.1,278
frame_ms,0.6847,
frame_ms,0.3067,
frame_ms,0.2764,
frame_ms,0.2535,
frame_ms,0.2604,
frame_ms,0.2845,
frame_ms,0.2703,
frame_ms,0.2503,
frame_ms,0.2538,
frame_ms,0.3239,
frame_ms,0.4817,
frame_ms,0.4148,
frame_ms,0.4533,
frame_ms,0.3192,
frame_ms,0.2802,
frame_ms,0.4105,
frame_ms,0.3884,
frame_ms,0.3612,
frame_ms,0.276,
frame_ms,0.2448,
tick_us,155.5,272
frame_ms,0.6394,
frame_ms,0.3998,
frame_ms,0.336,
frame_ms,0.2831,
frame_ms,0.4439,
frame_ms,0.313,
frame_ms,0.3953,
frame_ms,0.3762,
frame_ms,0.3536,
frame_ms,0.3488,
frame_ms,0.3616,
frame_ms,0.2999,
frame_ms,0.3374,
frame_ms,0.3376,
frame_ms,0.2883,
frame_ms,0.3505,
frame_ms,0.2408,
frame_ms,0.2637,
frame_ms,0.2646,
frame_ms,0.2335,
tick_us,136.3,270
frame_ms,0.8742,
frame_ms,0.4125,
frame_ms,0.9566,
frame_ms,0.4905,
frame_ms,0.3994,
frame_ms,0.402,
frame_ms,0.3726,
frame_ms,0.3533,
frame_ms,0.3715,
frame_ms,0.4038,
frame_ms,0.2972,
frame_ms,0.2663,
frame_ms,0.4254,
frame_ms,0.3181,
frame_ms,0.2915,
frame_ms,0.4171,
tick_us,166.8,266
frame_ms,0.6691,
frame_ms,0.3356,
frame_ms,0.3551,
frame_ms,0.364,
frame_ms,0.3493,
frame_ms,0.3515,
frame_ms,0.4082,
frame_ms,0.2971,
frame_ms,0.8662,
frame_ms,0.4387,
frame_ms,0.4342,
frame_ms,0.3714,
frame_ms,0.3576,
frame_ms,0.3492,
frame_ms,0.3582,
frame_ms,0.3445,
frame_ms,0.3341,
tick_us,148.4,268
frame_ms,0.7729,
frame_ms,0.3331,
frame_ms,0.314,
frame_ms,0.3049,
frame_ms,0.2376,
frame_ms,0.2383,
frame_ms,0.4535,
frame_ms,0.3714,
frame_ms,0.3518,
frame_ms,0.3136,
frame_ms,0.2497,
frame_ms,0.2241,
frame_ms,0.2869,
frame_ms,0.2903,
frame_ms,0.2612,
frame_ms,0.2578,
frame_ms,0.3047,
frame_ms,0.2624,
frame_ms,0.2892,
frame_ms,0.2484,
frame_ms,0.2483,
frame_ms,0.2309,
frame_ms,0.2237,
tick_us,127.7,272
frame_ms,0.5217,
frame_ms,0.2588,
frame_ms,0.2308,
frame_ms,0.2258,
frame_ms,0.2357,
frame_ms,0.2298,
frame_ms,0.2223,
frame_ms,0.2244,
frame_ms,0.356,
frame_ms,0.2455,
frame_ms,0.2378,
frame_ms,0.2342,
frame_ms,0.2112,
frame_ms,0.2064,
frame_ms,0.2713,
frame_ms,0.2258,
frame_ms,0.2096,
frame_ms,0.2971,
frame_ms,0.2455,
frame_ms,0.2218,
frame_ms,0.2559,
frame_ms,0.252,
frame_ms,0.2989,
frame_ms,0.2694,
frame_ms,0.2379,
frame_ms,0.2812,
frame_ms,0.2863,
tick_us,127,270
frame_ms,0.5295,
frame_ms,0.2542,
frame_ms,0.2222,
frame_ms,0.2187,
frame_ms,0.2341,
frame_ms,0.2484,
frame_ms,0.218,
frame_ms,0.2192,
frame_ms,0.2677,
frame_ms,0.2661,
frame_ms,0.2367,
frame_ms,0.2277,
frame_ms,0.2329,
frame_ms,0.2929,
frame_ms,0.2207,
frame_ms,0.2141,
frame_ms,0.4332,
frame_ms,0.2772,
frame_ms,0.2329,
frame_ms,0.232,
frame_ms,0.2305,
frame_ms,0.2481,
frame_ms,0.3957,
frame_ms,0.3602,
frame_ms,0.3855,
tick_us,131.3,276
frame_ms,0.6081,
frame_ms,0.3676,
frame_ms,0.2432,
frame_ms,0.2306,
frame_ms,0.236,
frame_ms,0.2396,
frame_ms,0.2219,
frame_ms,0.2226,
frame_ms,0.2264,
frame_ms,0.2243,
frame_ms,0.2313,
frame_ms,0.2227,
frame_ms,0.2357,
frame_ms,0.2314,
frame_ms,0.2144,
frame_ms,0.3438,
frame_ms,0.304,
frame_ms,0.8445,
frame_ms,0.4172,
frame_ms,0.3765,
frame_ms,0.4186,
frame_ms,0.3497,
tick_us,127.6,282
frame_ms,0.5741,
frame_ms,0.2466,
frame_ms,0.2153,
frame_ms,0.2182,
frame_ms,0.2775,
frame_ms,0.2711,
frame_ms,0.4007,
frame_ms,0.3838,
frame_ms,0.3544,
frame_ms,0.3562,
frame_ms,0.397,
frame_ms,0.3552,
frame_ms,0.3464,
frame_ms,0.3311,
frame_ms,0.3283,
frame_ms,0.3416,
frame_ms,0.5913,
frame_ms,0.3215,
frame_ms,0.2771,
frame_ms,0.2632,
tick_us,170.3,276
frame_ms,0.6666,
frame_ms,0.3384,
frame_ms,0.278,
frame_ms,0.2295,
frame_ms,0.2283,
frame_ms,0.2288,
frame_ms,0.2189,
frame_ms,0.2105,
frame_ms,0.2743,
frame_ms,0.3742,
frame_ms,0.2893,
frame_ms,0.2588,
frame_ms,0.2585,
frame_ms,0.555,
frame_ms,0.3486,
frame_ms,0.3832,
frame_ms,0.3388,
frame_ms,0.3336,
frame_ms,0.372,
frame_ms,0.3397,
frame_ms,0.3306,
tick_us,168.6,266
frame_ms,0.7552,
frame_ms,0.3716,
frame_ms,0.3502,
frame_ms,0.2719,
frame_ms,0.2492,
frame_ms,0.236,
frame_ms,0.2279,
frame_ms,0.2466,
frame_ms,0.2839,
frame_ms,0.2452,
frame_ms,0.2245,
frame_ms,0.2169,
frame_ms,0.2095,
frame_ms,0.2597,
frame_ms,0.2843,
frame_ms,0.2458,
frame_ms,0.2286,
frame_ms,0.2231,
frame_ms,0.2191,
frame_ms,0.2204,
frame_ms,0.3942,
frame_ms,0.2949,
frame_ms,0.246,
frame_ms,0.2201,
frame_ms,0.2872,
tick_us,130,266
frame_ms,0.5214,
frame_ms,0.2394,
frame_ms,0.451,
frame_ms,0.4226,
frame_ms,0.2845,
frame_ms,0.2527,
frame_ms,0.6865,
frame_ms,0.4142,
frame_ms,0.3813,
frame_ms,0.4049,
frame_ms,0.3439,
frame_ms,0.2903,
frame_ms,0.2756,
frame_ms,0.2627,
frame_ms,0.2363,
frame_ms,0.2632,
frame_ms,0.62,
frame_ms,0.3057,
frame_ms,0.2586,
tick_us,130.3,268
frame_ms,0.524,
frame_ms,0.2473,
frame_ms,0.2163,
frame_ms,0.2199,
frame_ms,0.2135,
frame_ms,0.2572,
frame_ms,0.2305,
frame_ms,0.2151,
frame_ms,0.2648,
frame_ms,0.2299,
frame_ms,0.2109,
frame_ms,0.2412,
frame_ms,0.2672,
frame_ms,0.2328,
frame_ms,0.5098,
frame_ms,0.3721,
frame_ms,0.3654,
frame_ms,0.3403,
frame_ms,0.336,
frame_ms,0.3182,
frame_ms,0.2384,
frame_ms,0.2078,
frame_ms,0.2146,
frame_ms,0.2135,
frame_ms,0.2411,
tick_us,122.3,270
frame_ms,0.5506,
frame_ms,0.2975,
frame_ms,0.262,
frame_ms,0.2466,
frame_ms,0.2339,
frame_ms,0.2476,
frame_ms,0.2446,
frame_ms,0.2166,
frame_ms,0.2166,
frame_ms,0.2393,
frame_ms,0.2276,
frame_ms,0.2222,
frame_ms,0.2482,
frame_ms,0.2387,
frame_ms,0.2273,
frame_ms,0.2289,
frame_ms,0.3216,
frame_ms,0.2991,
frame_ms,0.2804,
frame_ms,0.2643,
frame_ms,0.2525,
frame_ms,0.2484,
frame_ms,0.2797,
frame_ms,0.2552,
frame_ms,0.2298,
frame_ms,0.2235,
frame_ms,0.217,
tick_us,123.4,268
frame_ms,0.4938,
frame_ms,0.2405,
frame_ms,0.2214,
frame_ms,0.22,
frame_ms,0.2078,
frame_ms,0.2858,
frame_ms,0.318,
frame_ms,0.3425,
frame_ms,0.2606,
frame_ms,0.2614,
frame_ms,0.247,
frame_ms,0.271,
frame_ms,0.2571,
frame_ms,0.2321,
frame_ms,0.2274,
frame_ms,0.2247,
frame_ms,0.2133,
frame_ms,0.2617,
frame_ms,0.2307,
frame_ms,0.2219,
frame_ms,0.2346,
frame_ms,0.351,
frame_ms,0.3459,
frame_ms,0.2761,
frame_ms,0.2526,
frame_ms,0.2496,
tick_us,130.3,256
frame_ms,0.5759,
frame_ms,0.3473,
frame_ms,0.2389,
frame_ms,0.2129,
frame_ms,0.2258,
frame_ms,0.2175,
frame_ms,0.2096,
frame_ms,0.2304,
frame_ms,0.2615,
frame_ms,0.226,
frame_ms,0.2629,
frame_ms,0.2288,
frame_ms,0.2545,
frame_ms,0.3164,
frame_ms,0.2193,
frame_ms,0.2383,
frame_ms,0.2406,
frame_ms,0.2194,
frame_ms,0.3515,
frame_ms,0.2311,
frame_ms,0.232,
frame_ms,0.2311,
frame_ms,0.2206,
frame_ms,0.2249,
frame_ms,0.2092,
frame_ms,0.2164,
frame_ms,0.2544,
tick_us,131,258
frame_ms,0.5663,
frame_ms,0.2957,
frame_ms,0.2497,
frame_ms,0.2391,
frame_ms,0.2332,
frame_ms,0.2321,
frame_ms,0.2655,
frame_ms,0.2627,
frame_ms,0.2142,
frame_ms,0.2069,
frame_ms,0.2697,
frame_ms,0.2271,
frame_ms,0.2097,
frame_ms,0.2456,
frame_ms,0.2285,
frame_ms,0.2098,
frame_ms,0.4356,
frame_ms,0.414,
frame_ms,0.3383,
frame_ms,0.2489,
frame_ms,0.2287,
frame_ms,0.2238,
frame_ms,0.2195,
frame_ms,0.2424,
frame_ms,0.2377,
frame_ms,0.2677,
tick_us,121.9,266
frame_ms,0.5347,
frame_ms,0.2468,
frame_ms,0.209,
frame_ms,0.2099,
frame_ms,0.2247,
frame_ms,0.2235,
frame_ms,0.2472,
frame_ms,0.2988,
frame_ms,0.3125,
frame_ms,0.2523,
frame_ms,0.2834,
frame_ms,0.2933,
frame_ms,0.2445,
frame_ms,0.2294,
frame_ms,0.2279,
frame_ms,0.2174,
frame_ms,0.2133,
frame_ms,0.247,
frame_ms,0.2264,
frame_ms,0.216,
frame_ms,0.2322,
frame_ms,0.2931,
frame_ms,0.2661,
frame_ms,0.2417,
frame_ms,0.2448,
frame_ms,0.296,
frame_ms,0.2437,
tick_us,145,270
frame_ms,0.5557,
frame_ms,0.2578,
frame_ms,0.2307,
frame_ms,0.2186,
frame_ms,0.22,
frame_ms,0.2144,
frame_ms,0.2644,
frame_ms,0.2912,
frame_ms,0.2479,
frame_ms,0.2338,
frame_ms,0.2577,
frame_ms,0.2425,
frame_ms,0.2567,
frame_ms,0.2648,
frame_ms,0.3117,
frame_ms,0.2711,
frame_ms,0.239,
frame_ms,0.2488,
frame_ms,0.2337,
frame_ms,0.2227,
frame_ms,0.2102,
frame_ms,0.2457,
frame_ms,0.2181,
frame_ms,0.2174,
frame_ms,0.2122,
frame_ms,0.2612,
frame_ms,0.2326,
tick_us,140.5,260
frame_ms,0.5656,
frame_ms,0.3064,
frame_ms,0.3087,
frame_ms,0.27,
frame_ms,0.2449,
frame_ms,0.2302,
frame_ms,0.2303,
frame_ms,0.2122,
frame_ms,0.2343,
frame_ms,0.2406,
frame_ms,0.2266,
frame_ms,0.2068,
frame_ms,0.2524,
frame_ms,0.2207,
frame_ms,0.2092,
frame_ms,0.3273,
frame_ms,0.2313,
frame_ms,0.2413,
frame_ms,0.2233,
frame_ms,0.3253,
frame_ms,0.278,
frame_ms,0.2443,
frame_ms,0.2262,
frame_ms,0.2263,
frame_ms,0.2136,
frame_ms,0.2629,
frame_ms,0.2556,
tick_us,122.8,270
frame_ms,0.4966,
frame_ms,0.2344,
frame_ms,0.2042,
frame_ms,0.3968,
frame_ms,0.265,
frame_ms,0.2436,
frame_ms,0.6231,
frame_ms,0.2814,
frame_ms,0.2503,
frame_ms,0.2463,
frame_ms,0.2762,
frame_ms,0.2356,
frame_ms,0.235,
frame_ms,0.2816,
frame_ms,0.2537,
frame_ms,0.2306,
frame_ms,0.2264,
frame_ms,0.2172,
frame_ms,0.214,
frame_ms,0.3301,
frame_ms,0.2817,
frame_ms,0.2499,
frame_ms,0.2304,
frame_ms,0.2353,
tick_us,124.4,268
frame_ms,0.5318,
frame_ms,0.2512,
frame_ms,0.2253,
frame_ms,0.2287,
frame_ms,0.2178,
frame_ms,0.2094,
frame_ms,0.2174,
frame_ms,0.207,
frame_ms,0.2557,
frame_ms,0.2279,
frame_ms,0.2077,
frame_ms,0.3124,
frame_ms,0.2785,
frame_ms,0.247,
frame_ms,0.2526,
frame_ms,0.2895,
frame_ms,0.2788,
frame_ms,0.3008,
frame_ms,0.2328,
frame_ms,0.3492,
frame_ms,0.247,
frame_ms,0.236,
frame_ms,0.2279,
frame_ms,0.224,
frame_ms,0.2097,
frame_ms,0.2062,
frame_ms,0.2543,
tick_us,127.1,274
frame_ms,0.6264,
frame_ms,0.318,
frame_ms,0.3736,
frame_ms,0.2693,
frame_ms,0.2168,
frame_ms,0.2212,
frame_ms,0.267,
frame_ms,0.2157,
frame_ms,0.2529,
frame_ms,0.2411,
frame_ms,0.213,
frame_ms,0.2442,
frame_ms,0.3075,
frame_ms,0.2873,
frame_ms,0.2422,
frame_ms,0.366,
frame_ms,0.2744,
frame_ms,0.2846,
frame_ms,0.2979,
frame_ms,0.2499,
frame_ms,0.237,
frame_ms,0.2419,
frame_ms,0.2457,
frame_ms,0.2233,
frame_ms,0.4162,
tick_us,154.1,264
frame_ms,0.7261,
frame_ms,0.4018,
frame_ms,0.4473,
frame_ms,0.2967,
frame_ms,0.2637,
frame_ms,0.2357,
frame_ms,0.2317,
frame_ms,0.2344,
frame_ms,0.2361,
frame_ms,0.2591,
frame_ms,0.2818,
frame_ms,0.2172,
frame_ms,0.2563,
frame_ms,0.231,
frame_ms,0.2175,
frame_ms,0.2662,
frame_ms,0.2291,
frame_ms,0.2148,
frame_ms,0.2633,
frame_ms,0.3194,
frame_ms,0.2959,
frame_ms,0.2641,
frame_ms,0.2492,
frame_ms,0.2469,
tick_us,176.3,266
frame_ms,0.6653,
frame_ms,0.3692,
frame_ms,0.3493,
frame_ms,0.3378,
frame_ms,0.3334,
frame_ms,0.3315,
frame_ms,0.2554,
frame_ms,0.2636,
frame_ms,0.2328,
frame_ms,0.2289,
frame_ms,0.7015,
frame_ms,0.3547,
frame_ms,0.4056,
frame_ms,0.4553,
frame_ms,0.5578,
frame_ms,0.3693,
frame_ms,0.3631,
frame_ms,0.3405,
tick_us,135.1,250
frame_ms,0.6217,
frame_ms,0.2843,
frame_ms,0.2756,
frame_ms,0.2982,
frame_ms,0.2345,
frame_ms,0.2457,
frame_ms,0.2232,
frame_ms,0.2164,
frame_ms,0.2739,
frame_ms,0.2286,
frame_ms,0.2128,
frame_ms,0.2674,
frame_ms,0.2421,
frame_ms,0.2198,
frame_ms,0.2055,
frame_ms,0.2867,
frame_ms,0.3126,
frame_ms,1.1224,
frame_ms,0.531,
frame_ms,0.3929,
tick_us,157.4,260
frame_ms,0.7992,
frame_ms,0.2808,
frame_ms,0.2235,
frame_ms,0.2241,
frame_ms,0.2567,
frame_ms,0.3837,
frame_ms,0.3172,
frame_ms,0.2491,
frame_ms,0.2752,
frame_ms,0.2418,
frame_ms,0.2398,
frame_ms,0.2457,
frame_ms,0.2603,
frame_ms,0.2362,
frame_ms,0.2322,
frame_ms,0.2281,
frame_ms,0.2289,
frame_ms,0.2344,
frame_ms,0.2662,
frame_ms,0.2383,
frame_ms,0.2248,
frame_ms,0.2362,
frame_ms,0.6242,
frame_ms,0.5457,
tick_us,166.2,266
frame_ms,0.7658,
frame_ms,0.4619,
frame_ms,0.3929,
frame_ms,0.3641,
frame_ms,0.384,
frame_ms,0.297,
frame_ms,0.2899,
frame_ms,0.2815,
frame_ms,0.5254,
frame_ms,0.5801,
frame_ms,0.3773,
frame_ms,0.3713,
frame_ms,0.3974,
frame_ms,0.362,
frame_ms,0.3488,
frame_ms,0.3591,
frame_ms,0.4029,
tick_us,196.3,274
frame_ms,0.8924,
frame_ms,0.4526,
frame_ms,0.5717,
frame_ms,0.4437,
frame_ms,0.3862,
frame_ms,0.3512,
frame_ms,0.3594,
frame_ms,0.3833,
frame_ms,0.4259,
frame_ms,0.3467,
frame_ms,0.3847,
frame_ms,0.5065,
frame_ms,0.3983,
frame_ms,0.4516,
frame_ms,0.4007,
tick_us,189.2,282
frame_ms,0.7673,
frame_ms,0.322,
frame_ms,0.3072,
frame_ms,0.2947,
frame_ms,0.2531,
frame_ms,0.2589,
frame_ms,0.2648,
frame_ms,0.5019,
frame_ms,0.2706,
frame_ms,0.2687,
frame_ms,0.2455,
frame_ms,0.2349,
frame_ms,0.2302,
frame_ms,0.2374,
frame_ms,0.2269,
frame_ms,0.2205,
frame_ms,0.2254,
frame_ms,0.2781,
frame_ms,0.2441,
frame_ms,0.3191,
frame_ms,0.2655,
frame_ms,0.2597,
frame_ms,0.2461,
frame_ms,0.2403,
tick_us,125.6,276
frame_ms,0.5538,
frame_ms,0.2816,
frame_ms,0.2424,
frame_ms,0.2254,
frame_ms,0.2424,
frame_ms,0.2352,
frame_ms,0.222,
frame_ms,0.235,
frame_ms,0.2337,
frame_ms,0.2185,
frame_ms,0.2626,
frame_ms,0.3041,
frame_ms,0.2582,
frame_ms,0.2535,
frame_ms,0.3439,
frame_ms,0.2897,
frame_ms,0.2388,
frame_ms,0.2168,
frame_ms,0.2426,
frame_ms,0.2284,
frame_ms,0.2168,
frame_ms,0.2359,
frame_ms,0.2406,
frame_ms,0.2259,
frame_ms,0.2176,
frame_ms,0.2228,
frame_ms,0.2418,
tick_us,248.5,282
frame_ms,0.8324,
frame_ms,0.4101,
frame_ms,0.3548,
frame_ms,0.3131,
frame_ms,0.3745,
frame_ms,0.2917,
frame_ms,0.2761,
frame_ms,0.2635,
frame_ms,0.2601,
frame_ms,0.2558,
frame_ms,0.2544,
frame_ms,0.3866,
frame_ms,0.5111,
frame_ms,0.4698,
frame_ms,0.3966,
frame_ms,0.2994,
frame_ms,0.2665,
frame_ms,0.2444,
frame_ms,0.288,
frame_ms,0.2443,
tick_us,166.9,288
frame_ms,0.668,
frame_ms,0.3014,
frame_ms,0.2712,
frame_ms,0.24,
frame_ms,0.2534,
frame_ms,0.2385,
frame_ms,0.5792,
frame_ms,0.4105,
frame_ms,0.2721,
frame_ms,0.2569,
frame_ms,0.2775,
frame_ms,0.2452,
frame_ms,0.2487,
frame_ms,0.2465,
frame_ms,0.2461,
frame_ms,0.2443,
frame_ms,0.2493,
frame_ms,0.2437,
frame_ms,0.2467,
frame_ms,0.2417,
frame_ms,0.6072,
tick_us,170.1,286
frame_ms,0.9092,
frame_ms,0.4505,
frame_ms,0.4184,
frame_ms,0.3712,
frame_ms,0.3933,
frame_ms,0.3541,
frame_ms,0.4713,
frame_ms,0.4937,
frame_ms,0.3636,
frame_ms,0.2749,
frame_ms,0.3387,
frame_ms,0.3546,
frame_ms,0.2564,
frame_ms,0.2485,
frame_ms,0.2444,
frame_ms,0.3037,
frame_ms,0.236,
frame_ms,0.2349,
frame_ms,0.2388,
frame_ms,0.2373,
tick_us,152.4,284
frame_ms,1.3409,
frame_ms,0.4067,
frame_ms,0.2612,
frame_ms,0.235,
frame_ms,0.2489,
frame_ms,0.2367,
frame_ms,0.2269,
frame_ms,0.2339,
frame_ms,0.2268,
frame_ms,0.2194,
frame_ms,0.2371,
frame_ms,0.2216,
frame_ms,0.3059,
frame_ms,0.266,
frame_ms,0.9274,
frame_ms,0.3979,
frame_ms,0.4019,
frame_ms,0.4381,
frame_ms,0.3776,
tick_us,139.4,288
frame_ms,0.6181,
frame_ms,0.2887,
frame_ms,0.2624,
frame_ms,0.235,
frame_ms,0.245,
frame_ms,0.2615,
frame_ms,0.2505,
frame_ms,0.2391,
frame_ms,0.2264,
frame_ms,0.2264,
frame_ms,0.2274,
frame_ms,0.276,
frame_ms,0.2453,
frame_ms,0.2218,
frame_ms,0.2844,
frame_ms,0.3317,
frame_ms,0.2489,
frame_ms,0.2397,
frame_ms,0.2381,
frame_ms,0.2354,
frame_ms,0.2375,
frame_ms,0.2624,
frame_ms,0.2723,
frame_ms,0.255,
frame_ms,0.2363,
frame_ms,0.2439,
tick_us,134.9,276
frame_ms,0.581,
frame_ms,0.2936,
frame_ms,0.3514,
frame_ms,0.3092,
frame_ms,0.2994,
frame_ms,0.2378,
frame_ms,0.2401,
frame_ms,0.2431,
frame_ms,0.2954,
frame_ms,0.2588,
frame_ms,0.25,
frame_ms,0.255,
frame_ms,0.2479,
frame_ms,0.2408,
frame_ms,0.279,
frame_ms,0.2957,
frame_ms,0.2643,
frame_ms,0.3174,
frame_ms,0.2375,
frame_ms,0.2357,
frame_ms,0.2424,
frame_ms,0.2484,
frame_ms,0.2363,
frame_ms,0.3265,
tick_us,135.7,280
frame_ms,0.5566,
frame_ms,0.293,
frame_ms,0.2633,
frame_ms,0.2482,
frame_ms,0.2319,
frame_ms,0.2214,
frame_ms,0.2179,
frame_ms,0.3018,
frame_ms,0.3373,
frame_ms,0.257,
frame_ms,0.2359,
frame_ms,0.229,
frame_ms,0.2275,
frame_ms,0.2276,
frame_ms,0.2355,
frame_ms,0.2484,
frame_ms,0.2452,
frame_ms,0.2893,
frame_ms,0.2964,
frame_ms,0.2469,
frame_ms,0.3039,
frame_ms,0.271,
frame_ms,0.2482,
frame_ms,0.224,
frame_ms,0.2301,
frame_ms,0.2133,
tick_us,128.8,288
frame_ms,0.5397,
frame_ms,0.2795,
frame_ms,0.2364,
frame_ms,0.2165,
frame_ms,0.2228,
frame_ms,0.2497,
frame_ms,0.2668,
frame_ms,0.4349,
frame_ms,0.3149,
frame_ms,0.2814,
frame_ms,0.3145,
frame_ms,0.2634,
frame_ms,0.2223,
frame_ms,0.2221,
frame_ms,0.2184,
frame_ms,0.2135,
frame_ms,0.2461,
frame_ms,0.2254,
frame_ms,0.2144,
frame_ms,0.239,
frame_ms,0.2272,
frame_ms,0.272,
frame_ms,0.3131,
frame_ms,0.2644,
frame_ms,0.2479,
frame_ms,0.2386,
tick_us,128.8,294
frame_ms,0.5349,
frame_ms,0.3806,
frame_ms,0.2668,
frame_ms,0.2187,
frame_ms,0.2224,
frame_ms,0.2151,
frame_ms,0.2184,
frame_ms,0.2076,
frame_ms,0.2911,
frame_ms,0.2664,
frame_ms,0.2335,
frame_ms,0.216,
frame_ms,0.2455,
frame_ms,0.2348,
frame_ms,0.257,
frame_ms,0.2665,
frame_ms,0.2296,
frame_ms,0.209,
frame_ms,0.2093,
frame_ms,0.2785,
frame_ms,0.2256,
frame_ms,0.2084,
frame_ms,0.2072,
frame_ms,0.249,
frame_ms,0.2202,
frame_ms,0.204,
frame_ms,0.248,
frame_ms,0.2221,
tick_us,130.5,286
frame_ms,0.5146,
frame_ms,0.2664,
frame_ms,0.2214,
frame_ms,0.2152,
frame_ms,0.2091,
frame_ms,0.2209,
frame_ms,0.2823,
frame_ms,0.2231,
frame_ms,0.2314,
frame_ms,0.2239,
frame_ms,0.2041,
frame_ms,0.2475,
frame_ms,0.2207,
frame_ms,0.2095,
frame_ms,0.2448,
frame_ms,0.233,
frame_ms,0.2205,
frame_ms,0.2816,
frame_ms,0.2829,
frame_ms,0.2664,
frame_ms,0.2422,
frame_ms,0.2294,
frame_ms,0.2409,
frame_ms,0.2297,
frame_ms,0.2306,
frame_ms,0.2318,
frame_ms,0.2273,
frame_ms,0.2168,
tick_us,130.7,292
frame_ms,0.5285,
frame_ms,0.2457,
frame_ms,0.2125,
frame_ms,0.2159,
frame_ms,0.2258,
frame_ms,0.2306,
frame_ms,0.2189,
frame_ms,0.244,
frame_ms,0.2596,
frame_ms,0.3834,
frame_ms,0.3946,
frame_ms,0.3756,
frame_ms,0.3406,
frame_ms,0.3336,
frame_ms,0.3112,
frame_ms,0.2489,
frame_ms,0.2177,
frame_ms,0.2202,
frame_ms,0.2135,
frame_ms,0.2292,
frame_ms,0.263,
frame_ms,0.3461,
frame_ms,0.3412,
frame_ms,0.2324,
frame_ms,0.218,
tick_us,130.6,284
frame_ms,0.5196,
frame_ms,0.2445,
frame_ms,0.2237,
frame_ms,0.2182,
frame_ms,0.2071,
frame_ms,0.2081,
frame_ms,0.2685,
frame_ms,0.2349,
frame_ms,0.2132,
frame_ms,0.2433,
frame_ms,0.4176,
frame_ms,0.3872,
frame_ms,0.3736,
frame_ms,0.2665,
frame_ms,0.223,
frame_ms,0.2184,
frame_ms,0.2364,
frame_ms,0.2093,
frame_ms,0.3433,
frame_ms,0.4137,
frame_ms,0.2785,
frame_ms,0.2342,
frame_ms,0.2069,
frame_ms,0.2068,
frame_ms,0.2361,
tick_us,118.7,294
frame_ms,0.5218,
frame_ms,0.2683,
frame_ms,0.222,
frame_ms,0.213,
frame_ms,0.2084,
frame_ms,0.2265,
frame_ms,0.2759,
frame_ms,0.2163,
frame_ms,0.2396,
frame_ms,0.2254,
frame_ms,0.2103,
frame_ms,0.2202,
frame_ms,0.2074,
frame_ms,0.2039,
frame_ms,0.2684,
frame_ms,0.2314,
frame_ms,0.2113,
frame_ms,0.2674,
frame_ms,0.2524,
frame_ms,0.2253,
frame_ms,0.2713,
frame_ms,0.2148,
frame_ms,0.24,
frame_ms,0.2674,
frame_ms,0.2283,
frame_ms,0.2146,
frame_ms,0.265,
frame_ms,0.2271,
frame_ms,0.2106,
tick_us,118.7,294
frame_ms,0.4893,
frame_ms,0.2386,
frame_ms,0.2044,
frame_ms,0.2126,
frame_ms,0.2127,
frame_ms,0.21,
frame_ms,0.2449,
frame_ms,0.3024,
frame_ms,0.4453,
frame_ms,0.3666,
frame_ms,0.3841,
frame_ms,0.3957,
frame_ms,0.34,
frame_ms,0.3483,
frame_ms,0.3423,
frame_ms,0.3318,
frame_ms,0.3711,
frame_ms,0.3943,
frame_ms,0.3754,
frame_ms,0.2865,
frame_ms,0.2417,
frame_ms,0.2273,
tick_us,119.9,288
frame_ms,0.594,
frame_ms,0.3237,
frame_ms,0.2657,
frame_ms,0.2649,
frame_ms,0.2243,
frame_ms,0.2204,
frame_ms,0.2122,
frame_ms,0.2113,
frame_ms,0.278,
frame_ms,0.2813,
frame_ms,0.251,
frame_ms,0.2438,
frame_ms,0.2542,
frame_ms,0.2332,
frame_ms,0.2761,
frame_ms,0.2813,
frame_ms,0.2358,
frame_ms,0.2181,
frame_ms,0.2088,
frame_ms,0.2374,
frame_ms,0.2281,
frame_ms,0.2101,
frame_ms,0.2239,
frame_ms,0.2097,
frame_ms,0.2067,
frame_ms,0.2478,
frame_ms,0.2205,
tick_us,122.9,288
frame_ms,0.5525,
frame_ms,0.2729,
frame_ms,0.2586,
frame_ms,0.237,
frame_ms,0.2356,
frame_ms,0.2155,
frame_ms,0.2257,
frame_ms,0.2039,
frame_ms,0.2507,
frame_ms,0.2218,
frame_ms,0.232,
frame_ms,0.2508,
frame_ms,0.2308,
frame_ms,0.2076,
frame_ms,0.2343,
frame_ms,0.2623,
frame_ms,0.2959,
frame_ms,0.2755,
frame_ms,0.291,
frame_ms,0.5648,
frame_ms,0.3797,
frame_ms,0.3442,
frame_ms,0.3541,
frame_ms,0.2907,
tick_us,124.6,284
frame_ms,0.5174,
frame_ms,0.2423,
frame_ms,0.2192,
frame_ms,0.2206,
frame_ms,0.2164,
frame_ms,0.2959,
frame_ms,0.2901,
frame_ms,0.4141,
frame_ms,0.755,
frame_ms,0.3364,
frame_ms,0.2817,
frame_ms,0.242,
frame_ms,0.2416,
frame_ms,0.2322,
frame_ms,0.2343,
frame_ms,0.2985,
frame_ms,0.3389,
frame_ms,0.224,
frame_ms,0.2764,
frame_ms,0.2847,
tick_us,132.5,284
frame_ms,1.4072,
frame_ms,0.4393,
frame_ms,0.356,
frame_ms,0.3449,
frame_ms,0.317,
frame_ms,0.2509,
frame_ms,0.2198,
frame_ms,0.2244,
frame_ms,0.247,
frame_ms,0.2258,
frame_ms,0.8996,
frame_ms,0.2911,
frame_ms,0.2765,
frame_ms,0.2136,
frame_ms,0.2212,
frame_ms,0.2114,
frame_ms,0.2144,
frame_ms,0.2764,
frame_ms,0.2714,
frame_ms,0.2306,
frame_ms,0.2199,
frame_ms,0.2161,
frame_ms,0.2378,
tick_us,128.5,284
frame_ms,0.5954,
frame_ms,0.3266,
frame_ms,0.2428,
frame_ms,0.226,
frame_ms,0.2446,
frame_ms,0.2553,
frame_ms,0.3362,
frame_ms,0.2675,
frame_ms,0.2155,
frame_ms,0.2309,
frame_ms,0.2181,
frame_ms,0.2128,
frame_ms,0.2391,
frame_ms,0.2273,
frame_ms,0.2109,
frame_ms,0.4026,
frame_ms,0.2869,
frame_ms,0.2728,
frame_ms,0.2186,
frame_ms,0.4478,
frame_ms,0.3915,
frame_ms,0.3998,
frame_ms,0.394,
tick_us,152.6,288
frame_ms,0.6437,
frame_ms,0.2511,
frame_ms,0.2122,
frame_ms,0.2145,
frame_ms,0.2075,
frame_ms,0.2068,
frame_ms,0.3357,
frame_ms,0.4203,
frame_ms,0.2796,
frame_ms,0.2296,
frame_ms,0.2285,
frame_ms,0.2217,
frame_ms,0.2099,
frame_ms,0.2074,
frame_ms,0.2487,
frame_ms,0.2503,
frame_ms,0.2166,
frame_ms,0.2107,
frame_ms,0.2634,
frame_ms,0.2275,
frame_ms,0.2132,
frame_ms,0.3079,
frame_ms,0.2688,
frame_ms,0.2797,
frame_ms,0.2685,
frame_ms,0.2354,
frame_ms,0.2543,
tick_us,127.4,282
frame_ms,0.6226,
frame_ms,0.3512,
frame_ms,0.2842,
frame_ms,0.2495,
frame_ms,0.2121,
frame_ms,0.217,
frame_ms,0.2185,
frame_ms,0.2296,
frame_ms,0.211,
frame_ms,0.3056,
frame_ms,0.3223,
frame_ms,0.2736,
frame_ms,0.2538,
frame_ms,0.2486,
frame_ms,0.2451,
frame_ms,0.2385,
frame_ms,0.2808,
frame_ms,0.2421,
frame_ms,0.2398,
frame_ms,0.2196,
frame_ms,0.2116,
frame_ms,0.2077,
frame_ms,0.4542,
frame_ms,0.3842,
tick_us,132.9,282
frame_ms,0.8203,
frame_ms,0.4641,
frame_ms,0.3992,
frame_ms,0.3574,
frame_ms,0.4132,
frame_ms,0.3447,
frame_ms,0.3324,
frame_ms,0.3458,
frame_ms,0.2636,
frame_ms,0.2218,
frame_ms,0.2166,
frame_ms,0.2201,
frame_ms,0.22,
frame_ms,0.2278,
frame_ms,0.244,
frame_ms,0.2685,
frame_ms,0.2375,
frame_ms,0.2191,
frame_ms,0.2247,
frame_ms,0.2708,
frame_ms,0.3065,
frame_ms,0.2338,
frame_ms,0.232,
tick_us,126.2,290
frame_ms,0.5044,
frame_ms,0.249,
frame_ms,0.23,
frame_ms,0.2155,
frame_ms,0.2178,
frame_ms,0.298,
frame_ms,0.2357,
frame_ms,0.2332,
frame_ms,0.2503,
frame_ms,0.2373,
frame_ms,0.2239,
frame_ms,0.2317,
frame_ms,0.2833,
frame_ms,0.2641,
frame_ms,0.2301,
frame_ms,0.2143,
frame_ms,0.2162,
frame_ms,0.2392,
frame_ms,0.2507,
frame_ms,0.2144,
frame_ms,0.2049,
frame_ms,0.254,
frame_ms,0.2583,
frame_ms,0.2245,
frame_ms,0.6769,
frame_ms,0.3342,
tick_us,145.8,292
frame_ms,0.7622,
frame_ms,0.4066,
frame_ms,0.2794,
frame_ms,0.236,
frame_ms,0.2223,
frame_ms,0.2214,
frame_ms,0.2145,
frame_ms,0.2372,
frame_ms,0.2269,
frame_ms,0.2293,
frame_ms,0.2465,
frame_ms,0.2332,
frame_ms,0.3878,
frame_ms,0.2861,
frame_ms,0.2584,
frame_ms,0.3009,
frame_ms,0.277,
frame_ms,0.2183,
frame_ms,0.2156,
frame_ms,0.2128,
frame_ms,0.2269,
frame_ms,0.2476,
frame_ms,0.2244,
frame_ms,0.2152,
frame_ms,0.2345,
tick_us,128.8,286
frame_ms,0.5444,
frame_ms,0.3401,
frame_ms,0.4739,
frame_ms,0.2961,
frame_ms,0.2466,
frame_ms,0.2095,
frame_ms,0.2296,
frame_ms,0.2157,
frame_ms,0.2238,
frame_ms,0.2199,
frame_ms,0.2722,
frame_ms,0.2249,
frame_ms,0.2093,
frame_ms,0.2686,
frame_ms,0.2307,
frame_ms,0.2201,
frame_ms,0.2294,
frame_ms,0.2598,
frame_ms,0.3567,
frame_ms,0.2759,
frame_ms,0.227,
frame_ms,0.2273,
frame_ms,0.2995,
frame_ms,0.2434,
frame_ms,0.2217,
frame_ms,0.2161,
tick_us,131.5,284
frame_ms,0.5345,
frame_ms,0.2413,
frame_ms,0.2234,
frame_ms,0.2467,
frame_ms,0.2224,
frame_ms,0.4407,
frame_ms,0.3851,
frame_ms,0.3475,
frame_ms,0.3907,
frame_ms,0.4951,
frame_ms,0.3226,
frame_ms,0.3318,
frame_ms,0.3259,
frame_ms,0.327,
frame_ms,0.326,
frame_ms,0.282,
frame_ms,0.235,
frame_ms,0.2213,
frame_ms,0.2208,
frame_ms,0.4298,
frame_ms,0.3695,
tick_us,186.5,278
frame_ms,0.7001,
frame_ms,0.3762,
frame_ms,0.2654,
frame_ms,0.221,
frame_ms,0.2182,
frame_ms,0.2076,
frame_ms,0.2054,
frame_ms,0.2412,
frame_ms,0.2394,
frame_ms,0.2159,
frame_ms,0.2878,
frame_ms,0.2809,
frame_ms,0.2275,
frame_ms,0.2518,
frame_ms,0.239,
frame_ms,0.2141,
frame_ms,0.2582,
frame_ms,0.233,
frame_ms,0.2106,
frame_ms,0.2946,
frame_ms,0.2969,
frame_ms,0.2288,
frame_ms,0.2218,
frame_ms,0.2183,
frame_ms,0.2092,
frame_ms,0.262,
frame_ms,0.2528,
tick_us,131.4,286
frame_ms,0.5329,
frame_ms,0.2628,
frame_ms,0.2499,
frame_ms,0.2235,
frame_ms,0.2387,
frame_ms,0.2211,
frame_ms,0.253,
frame_ms,0.2368,
frame_ms,0.2098,
frame_ms,0.2158,
frame_ms,0.2447,
frame_ms,0.2286,
frame_ms,0.2109,
frame_ms,0.2461,
frame_ms,0.2156,
frame_ms,0.2028,
frame_ms,0.286,
frame_ms,0.4656,
frame_ms,0.4171,
frame_ms,0.26,
frame_ms,0.2153,
frame_ms,0.2149,
frame_ms,0.205,
frame_ms,0.2585,
frame_ms,0.2126,
frame_ms,0.2025,
frame_ms,0.2335,
tick_us,124.8,294
frame_ms,0.5023,
frame_ms,0.2294,
frame_ms,0.2041,
frame_ms,0.2094,
frame_ms,0.2102,
frame_ms,0.4696,
frame_ms,0.4,
frame_ms,0.3499,
frame_ms,0.3379,
frame_ms,0.3472,
frame_ms,0.3768,
frame_ms,0.3944,
frame_ms,0.3318,
frame_ms,0.3273,
frame_ms,0.3261,
frame_ms,0.2889,
frame_ms,0.3467,
frame_ms,0.3143,
frame_ms,0.318,
frame_ms,0.2811,
frame_ms,0.2318,
tick_us,132.4,304
frame_ms,0.529,
frame_ms,0.2525,
frame_ms,0.2227,
frame_ms,0.2294,
frame_ms,0.2106,
frame_ms,0.212,
frame_ms,0.2547,
frame_ms,0.2709,
frame_ms,0.2326,
frame_ms,0.2236,
frame_ms,0.2204,
frame_ms,0.2402,
frame_ms,0.2224,
frame_ms,0.275,
frame_ms,0.2387,
frame_ms,0.2181,
frame_ms,0.2557,
frame_ms,0.2593,
frame_ms,0.2184,
frame_ms,0.2087,
frame_ms,0.2587,
frame_ms,0.2495,
frame_ms,0.232,
frame_ms,0.2464,
frame_ms,0.2377,
frame_ms,0.2159,
frame_ms,0.3146,
frame_ms,0.2425,
tick_us,133.8,322
frame_ms,0.5668,
frame_ms,0.305,
frame_ms,0.2424,
frame_ms,0.2261,
frame_ms,0.2189,
frame_ms,0.2432,
frame_ms,0.2178,
frame_ms,0.2419,
frame_ms,0.2273,
frame_ms,0.2018,
frame_ms,0.2384,
frame_ms,0.2282,
frame_ms,0.2129,
frame_ms,0.2213,
frame_ms,0.2234,
frame_ms,0.2067,
frame_ms,0.2157,
frame_ms,0.2104,
frame_ms,0.3741,
frame_ms,0.3668,
frame_ms,0.3003,
frame_ms,0.2543,
frame_ms,0.2398,
frame_ms,0.2441,
frame_ms,0.224,
frame_ms,0.2226,
frame_ms,0.2151,
tick_us,132.1,308
frame_ms,0.5159,
frame_ms,0.2368,
frame_ms,0.2143,
frame_ms,0.2463,
frame_ms,0.2435,
frame_ms,0.2611,
frame_ms,0.2204,
frame_ms,0.5619,
frame_ms,0.3503,
frame_ms,0.3896,
frame_ms,0.3965,
frame_ms,0.335,
frame_ms,0.2931,
frame_ms,0.2404,
frame_ms,0.2093,
frame_ms,0.2073,
frame_ms,0.2085,
frame_ms,0.239,
frame_ms,0.277,
frame_ms,0.3026,
frame_ms,0.2663,
frame_ms,0.2614,
frame_ms,0.2513,
frame_ms,0.2476,
tick_us,137.2,322
frame_ms,0.5669,
frame_ms,0.2739,
frame_ms,0.2245,
frame_ms,0.2126,
frame_ms,0.2122,
frame_ms,0.215,
frame_ms,0.3126,
frame_ms,0.3411,
frame_ms,0.2556,
frame_ms,0.2271,
frame_ms,0.2462,
frame_ms,0.2343,
frame_ms,0.9103,
frame_ms,0.351,
frame_ms,0.3934,
frame_ms,0.3967,
frame_ms,0.3442,
frame_ms,0.3108,
frame_ms,0.2497,
frame_ms,0.2108,
frame_ms,0.2162,
frame_ms,0.2139,
tick_us,130.9,310
frame_ms,0.8157,
frame_ms,0.3057,
frame_ms,0.2621,
frame_ms,0.2371,
frame_ms,0.2287,
frame_ms,0.2919,
frame_ms,0.3789,
frame_ms,0.2117,
frame_ms,0.2128,
frame_ms,0.2112,
frame_ms,0.2056,
frame_ms,0.2541,
frame_ms,0.2227,
frame_ms,0.2049,
frame_ms,0.2426,
frame_ms,0.4544,
frame_ms,0.4266,
frame_ms,0.3421,
frame_ms,0.4926,
frame_ms,0.3828,
frame_ms,0.3293,
frame_ms,0.3547,
tick_us,153,314
frame_ms,0.6429,
frame_ms,0.3343,
frame_ms,0.3312,
frame_ms,0.3886,
frame_ms,0.2702,
frame_ms,0.2294,
frame_ms,0.3147,
frame_ms,0.2245,
frame_ms,0.2341,
frame_ms,0.2478,
frame_ms,0.2133,
frame_ms,0.2083,
frame_ms,0.2718,
frame_ms,0.2464,
frame_ms,0.2317,
frame_ms,0.2192,
frame_ms,0.2269,
frame_ms,0.2201,
frame_ms,0.2084,
frame_ms,0.2041,
frame_ms,0.2893,
frame_ms,0.3029,
frame_ms,0.7065,
tick_us,196.1,308
frame_ms,0.7017,
frame_ms,0.3896,
frame_ms,0.3405,
frame_ms,0.3491,
frame_ms,0.2504,
frame_ms,0.2176,
frame_ms,0.2236,
frame_ms,0.2233,
frame_ms,0.2151,
frame_ms,0.2564,
frame_ms,0.2393,
frame_ms,0.2393,
frame_ms,0.2227,
frame_ms,0.485,
frame_ms,0.3611,
frame_ms,0.3622,
frame_ms,0.3348,
frame_ms,0.3291,
frame_ms,0.2664,
frame_ms,0.2271,
frame_ms,0.2218,
frame_ms,0.2169,
frame_ms,0.2128,
frame_ms,0.2802,
tick_us,125.7,308
