# mode=collision,n=2000,struct=grid,cell=64,depth=5,node=4,seed=42,warmup_s=2,measure_s=5,config=3D,ticks=1008,frames=19911,measured_ticks=720,startup_ms=685.648,glfw_first_draw_ms=618.898,renderer=NVIDIA GeForce RTX 5060 Laptop GPU/PCIe/SSE2,gl=3.3.0 NVIDIA 592.01
kind,value,extra
startup_ms,685.648,process_to_first_frame
glfw_ms,618.898,glfw_init_to_first_frame
mem_ws_bytes,1.12234e+08,baseline
mem_private_bytes,1.81535e+08,baseline
mem_peak_ws_bytes,1.12234e+08,baseline
mem_ws_bytes,1.13033e+08,after_spawn
mem_private_bytes,1.82338e+08,after_spawn
mem_peak_ws_bytes,1.13033e+08,after_spawn
frame_ms,0.3434,
frame_ms,0.2405,
frame_ms,0.2436,
frame_ms,0.2501,
frame_ms,0.2409,
frame_ms,0.2338,
frame_ms,0.2288,
frame_ms,0.2456,
frame_ms,0.2405,
frame_ms,0.2669,
frame_ms,0.2393,
frame_ms,0.2312,
frame_ms,0.3544,
frame_ms,0.266,
frame_ms,0.2523,
frame_ms,0.2487,
frame_ms,0.2407,
frame_ms,0.2354,
tick_us,728,224
frame_ms,1.7458,
frame_ms,0.3579,
frame_ms,0.2696,
frame_ms,0.2322,
frame_ms,0.2259,
frame_ms,0.2176,
frame_ms,0.2173,
frame_ms,0.296,
frame_ms,0.2382,
frame_ms,0.2196,
frame_ms,0.233,
frame_ms,0.2928,
frame_ms,0.2352,
frame_ms,0.2177,
frame_ms,0.2161,
frame_ms,0.3041,
frame_ms,0.2811,
frame_ms,0.2343,
frame_ms,0.2303,
frame_ms,0.235,
frame_ms,0.223,
frame_ms,0.2786,
tick_us,754.4,242
frame_ms,2.1433,
frame_ms,0.2788,
frame_ms,0.2423,
frame_ms,0.2248,
frame_ms,0.2235,
frame_ms,0.2229,
frame_ms,0.2724,
frame_ms,0.3055,
frame_ms,0.3067,
frame_ms,0.2584,
frame_ms,0.2498,
frame_ms,0.2452,
frame_ms,0.239,
frame_ms,0.3208,
frame_ms,0.2742,
frame_ms,0.3845,
frame_ms,0.2183,
frame_ms,0.2355,
frame_ms,0.2151,
frame_ms,0.2204,
tick_us,741.9,238
frame_ms,1.7856,
frame_ms,0.2593,
frame_ms,0.2212,
frame_ms,0.2161,
frame_ms,0.2163,
frame_ms,0.3088,
frame_ms,0.2345,
frame_ms,0.2242,
frame_ms,0.2147,
frame_ms,0.232,
frame_ms,0.4292,
frame_ms,0.3687,
frame_ms,0.3534,
frame_ms,0.3387,
frame_ms,0.3355,
frame_ms,0.3611,
frame_ms,0.3376,
frame_ms,0.3319,
tick_us,861.1,240
frame_ms,2.1307,
frame_ms,0.2784,
frame_ms,0.2258,
frame_ms,0.4831,
frame_ms,0.5116,
frame_ms,0.2599,
frame_ms,0.2316,
frame_ms,0.2668,
frame_ms,0.2212,
frame_ms,0.2207,
frame_ms,0.3084,
frame_ms,0.2811,
frame_ms,0.2494,
frame_ms,0.2315,
frame_ms,0.2207,
frame_ms,0.2236,
frame_ms,0.2467,
frame_ms,0.2697,
frame_ms,0.2379,
tick_us,758.7,242
frame_ms,1.7435,
frame_ms,0.2485,
frame_ms,0.2205,
frame_ms,0.2201,
frame_ms,0.2229,
frame_ms,0.2717,
frame_ms,0.2331,
frame_ms,0.2189,
frame_ms,0.2455,
frame_ms,0.349,
frame_ms,0.3109,
frame_ms,0.3091,
frame_ms,0.2265,
frame_ms,0.3106,
frame_ms,0.2237,
frame_ms,0.213,
frame_ms,0.2138,
frame_ms,0.3203,
frame_ms,0.2363,
frame_ms,0.2124,
frame_ms,0.2325,
tick_us,768.1,250
frame_ms,1.767,
frame_ms,0.2458,
frame_ms,0.2145,
frame_ms,0.2167,
frame_ms,0.2231,
frame_ms,0.2815,
frame_ms,0.239,
frame_ms,0.2229,
frame_ms,0.2999,
frame_ms,0.2402,
frame_ms,0.2219,
frame_ms,0.2738,
frame_ms,0.4191,
frame_ms,0.6032,
frame_ms,0.5298,
frame_ms,0.2279,
frame_ms,0.2207,
frame_ms,0.2149,
frame_ms,0.2178,
tick_us,757.3,248
frame_ms,1.8189,
frame_ms,0.2634,
frame_ms,0.2244,
frame_ms,0.2298,
frame_ms,0.2281,
frame_ms,0.2206,
frame_ms,0.286,
frame_ms,0.2595,
frame_ms,0.2218,
frame_ms,0.2175,
frame_ms,0.2944,
frame_ms,0.2387,
frame_ms,0.2151,
frame_ms,0.2573,
frame_ms,0.2519,
frame_ms,0.2334,
frame_ms,0.2229,
frame_ms,0.2884,
frame_ms,0.2369,
frame_ms,0.211,
frame_ms,0.2415,
frame_ms,0.2721,
frame_ms,0.2254,
tick_us,775.6,256
frame_ms,1.7451,
frame_ms,0.2422,
frame_ms,0.2165,
frame_ms,0.2093,
frame_ms,0.2093,
frame_ms,0.2484,
frame_ms,0.2251,
frame_ms,0.2109,
frame_ms,0.234,
frame_ms,0.296,
frame_ms,0.2391,
frame_ms,0.2441,
frame_ms,0.2133,
frame_ms,0.2647,
frame_ms,0.2303,
frame_ms,0.2159,
frame_ms,0.2108,
frame_ms,0.2637,
frame_ms,0.3641,
frame_ms,0.2862,
frame_ms,0.2261,
frame_ms,0.287,
tick_us,758.4,254
frame_ms,1.7493,
frame_ms,0.2465,
frame_ms,0.2146,
frame_ms,0.2164,
frame_ms,0.2102,
frame_ms,0.2438,
frame_ms,0.2253,
frame_ms,0.2118,
frame_ms,0.2553,
frame_ms,0.2277,
frame_ms,0.2139,
frame_ms,0.2495,
frame_ms,0.2268,
frame_ms,0.2189,
frame_ms,0.3052,
frame_ms,0.2781,
frame_ms,0.2389,
frame_ms,0.2264,
frame_ms,0.228,
frame_ms,0.2243,
frame_ms,0.2271,
frame_ms,0.2209,
frame_ms,0.2739,
tick_us,734.8,248
frame_ms,1.7517,
frame_ms,0.2348,
frame_ms,0.2218,
frame_ms,0.2254,
frame_ms,0.2164,
frame_ms,0.2124,
frame_ms,0.2162,
frame_ms,0.2714,
frame_ms,0.2275,
frame_ms,0.2107,
frame_ms,0.2179,
frame_ms,0.2094,
frame_ms,0.3111,
frame_ms,0.2271,
frame_ms,0.2086,
frame_ms,0.2301,
frame_ms,0.2168,
frame_ms,0.2127,
frame_ms,0.2559,
frame_ms,0.2209,
frame_ms,0.2266,
frame_ms,0.3112,
frame_ms,0.2373,
tick_us,741.8,236
frame_ms,1.9228,
frame_ms,0.3281,
frame_ms,0.3628,
frame_ms,0.3265,
frame_ms,0.2679,
frame_ms,0.2208,
frame_ms,0.2158,
frame_ms,0.2272,
frame_ms,0.2971,
frame_ms,0.2951,
frame_ms,0.2442,
frame_ms,0.2168,
frame_ms,0.2408,
frame_ms,0.2136,
frame_ms,0.226,
frame_ms,0.2586,
frame_ms,0.235,
frame_ms,0.214,
frame_ms,0.2428,
frame_ms,0.2206,
frame_ms,0.2202,
tick_us,767.3,246
frame_ms,1.7637,
frame_ms,0.2352,
frame_ms,0.2118,
frame_ms,0.214,
frame_ms,0.2096,
frame_ms,0.2236,
frame_ms,0.4291,
frame_ms,0.3678,
frame_ms,0.3431,
frame_ms,0.2774,
frame_ms,0.2285,
frame_ms,0.2146,
frame_ms,0.2178,
frame_ms,0.2209,
frame_ms,0.2472,
frame_ms,0.2637,
frame_ms,0.2271,
frame_ms,0.2143,
frame_ms,0.2493,
frame_ms,0.2272,
frame_ms,0.2079,
frame_ms,0.2566,
tick_us,732.5,246
frame_ms,1.7214,
frame_ms,0.2328,
frame_ms,1.2882,
frame_ms,0.5609,
frame_ms,0.227,
frame_ms,0.2215,
frame_ms,0.2158,
frame_ms,0.2115,
frame_ms,0.245,
frame_ms,0.2245,
frame_ms,0.2143,
frame_ms,0.2722,
frame_ms,0.2335,
frame_ms,0.2199,
frame_ms,0.2141,
frame_ms,0.2419,
frame_ms,0.2261,
frame_ms,0.2113,
tick_us,765.1,240
frame_ms,1.7693,
frame_ms,0.3059,
frame_ms,0.217,
frame_ms,0.2151,
frame_ms,0.2127,
frame_ms,0.2099,
frame_ms,0.2638,
frame_ms,0.2391,
frame_ms,0.2199,
frame_ms,0.2418,
frame_ms,0.2289,
frame_ms,0.2155,
frame_ms,0.2239,
frame_ms,0.2147,
frame_ms,0.2338,
frame_ms,0.2211,
frame_ms,0.2668,
frame_ms,0.2684,
frame_ms,0.2338,
frame_ms,0.2517,
frame_ms,0.228,
frame_ms,0.2138,
frame_ms,0.2177,
tick_us,761.7,234
frame_ms,1.7727,
frame_ms,0.2928,
frame_ms,0.2302,
frame_ms,0.2215,
frame_ms,0.2218,
frame_ms,0.2539,
frame_ms,0.2219,
frame_ms,0.2167,
frame_ms,0.2201,
frame_ms,0.25,
frame_ms,0.3653,
frame_ms,0.3651,
frame_ms,0.2508,
frame_ms,0.227,
frame_ms,0.2203,
frame_ms,0.2164,
frame_ms,0.2135,
frame_ms,0.2424,
frame_ms,0.225,
frame_ms,0.2107,
frame_ms,0.247,
frame_ms,0.2273,
tick_us,770.6,230
frame_ms,1.8043,
frame_ms,0.239,
frame_ms,0.2153,
frame_ms,0.2229,
frame_ms,0.2143,
frame_ms,0.244,
frame_ms,0.2302,
frame_ms,0.2146,
frame_ms,0.2439,
frame_ms,0.227,
frame_ms,0.2724,
frame_ms,0.2863,
frame_ms,0.2345,
frame_ms,0.2247,
frame_ms,0.2169,
frame_ms,0.2269,
frame_ms,0.2429,
frame_ms,0.2643,
frame_ms,0.2244,
frame_ms,0.235,
frame_ms,0.2697,
frame_ms,0.2306,
frame_ms,0.2301,
tick_us,764.5,226
frame_ms,1.762,
frame_ms,0.2514,
frame_ms,0.2178,
frame_ms,0.215,
frame_ms,0.2511,
frame_ms,0.2265,
frame_ms,0.2198,
frame_ms,0.246,
frame_ms,0.2305,
frame_ms,0.2151,
frame_ms,0.2522,
frame_ms,0.3057,
frame_ms,0.2298,
frame_ms,0.2207,
frame_ms,0.2193,
frame_ms,0.2104,
frame_ms,0.2762,
frame_ms,0.4088,
frame_ms,0.2369,
frame_ms,0.213,
frame_ms,0.2188,
frame_ms,0.2232,
tick_us,758.5,214
frame_ms,1.7274,
frame_ms,0.2396,
frame_ms,0.2168,
frame_ms,0.2215,
frame_ms,0.2168,
frame_ms,0.2251,
frame_ms,0.268,
frame_ms,0.2182,
frame_ms,0.2141,
frame_ms,0.214,
frame_ms,0.2759,
frame_ms,0.3006,
frame_ms,0.2334,
frame_ms,0.2237,
frame_ms,0.2221,
frame_ms,0.212,
frame_ms,0.2114,
frame_ms,0.2902,
frame_ms,0.2265,
frame_ms,0.2517,
frame_ms,0.2298,
frame_ms,0.21,
frame_ms,0.2739,
tick_us,761.1,216
frame_ms,1.7545,
frame_ms,0.2379,
frame_ms,0.2173,
frame_ms,0.2226,
frame_ms,0.2187,
frame_ms,0.2124,
frame_ms,0.213,
frame_ms,0.2631,
frame_ms,0.2323,
frame_ms,0.2165,
frame_ms,0.2452,
frame_ms,0.2302,
frame_ms,0.2142,
frame_ms,0.27,
frame_ms,0.3539,
frame_ms,0.2324,
frame_ms,0.2453,
frame_ms,0.2299,
frame_ms,0.2197,
frame_ms,0.2115,
frame_ms,0.2656,
frame_ms,0.2424,
frame_ms,0.2189,
tick_us,818.6,226
frame_ms,1.8333,
frame_ms,0.2927,
frame_ms,0.3142,
frame_ms,0.2524,
frame_ms,0.2215,
frame_ms,0.2211,
frame_ms,0.2226,
frame_ms,0.2121,
frame_ms,0.2479,
frame_ms,0.2818,
frame_ms,0.2485,
frame_ms,0.4856,
frame_ms,0.2838,
frame_ms,0.2355,
frame_ms,0.2642,
frame_ms,0.2158,
frame_ms,0.219,
frame_ms,0.2111,
frame_ms,0.2382,
frame_ms,0.2552,
frame_ms,0.2301,
tick_us,754.4,236
frame_ms,1.7428,
frame_ms,0.2426,
frame_ms,0.215,
frame_ms,0.2167,
frame_ms,0.2182,
frame_ms,0.2125,
frame_ms,0.2417,
frame_ms,0.229,
frame_ms,0.2117,
frame_ms,0.2308,
frame_ms,0.2147,
frame_ms,0.2197,
frame_ms,0.26,
frame_ms,0.2231,
frame_ms,0.2162,
frame_ms,0.2756,
frame_ms,0.2239,
frame_ms,0.2145,
frame_ms,0.2472,
frame_ms,0.2271,
frame_ms,0.2098,
frame_ms,0.2568,
frame_ms,0.2287,
frame_ms,0.2112,
tick_us,751,230
frame_ms,1.7506,
frame_ms,0.255,
frame_ms,0.2171,
frame_ms,0.2298,
frame_ms,0.2918,
frame_ms,0.2502,
frame_ms,0.2241,
frame_ms,0.227,
frame_ms,0.2215,
frame_ms,0.2164,
frame_ms,0.2138,
frame_ms,0.2704,
frame_ms,0.2832,
frame_ms,0.2764,
frame_ms,0.2427,
frame_ms,0.2752,
frame_ms,0.2943,
frame_ms,0.3074,
frame_ms,0.2373,
frame_ms,0.2603,
tick_us,818.4,222
frame_ms,2.1092,
frame_ms,0.2568,
frame_ms,0.2181,
frame_ms,0.2221,
frame_ms,0.2326,
frame_ms,0.2175,
frame_ms,0.2252,
frame_ms,0.2561,
frame_ms,0.2338,
frame_ms,0.4,
frame_ms,0.3548,
frame_ms,0.25,
frame_ms,0.2183,
frame_ms,0.2181,
frame_ms,0.2162,
frame_ms,0.2422,
frame_ms,0.2348,
frame_ms,0.223,
frame_ms,0.2123,
frame_ms,0.2753,
frame_ms,0.2334,
frame_ms,0.2137,
tick_us,745.2,218
frame_ms,1.7467,
frame_ms,0.2555,
frame_ms,0.2184,
frame_ms,0.22,
frame_ms,0.2181,
frame_ms,0.2182,
frame_ms,0.2472,
frame_ms,0.2648,
frame_ms,0.3395,
frame_ms,0.3269,
frame_ms,1.1946,
frame_ms,0.3002,
frame_ms,0.2539,
frame_ms,0.2335,
frame_ms,0.2204,
frame_ms,0.2181,
frame_ms,0.2141,
frame_ms,0.2416,
tick_us,773.6,212
frame_ms,1.7675,
frame_ms,0.236,
frame_ms,0.2351,
frame_ms,0.2714,
frame_ms,0.2273,
frame_ms,0.2237,
frame_ms,0.2172,
frame_ms,0.2162,
frame_ms,0.2555,
frame_ms,0.2555,
frame_ms,0.2274,
frame_ms,0.2148,
frame_ms,0.2658,
frame_ms,0.2234,
frame_ms,0.2174,
frame_ms,0.2582,
frame_ms,0.2306,
frame_ms,0.2122,
frame_ms,0.2581,
frame_ms,0.2272,
frame_ms,0.2751,
frame_ms,0.2995,
tick_us,854.8,210
frame_ms,1.96,
frame_ms,0.2505,
frame_ms,0.2208,
frame_ms,0.2227,
frame_ms,0.2433,
frame_ms,0.2254,
frame_ms,0.2214,
frame_ms,0.2133,
frame_ms,0.2555,
frame_ms,0.4187,
frame_ms,0.4213,
frame_ms,0.3759,
frame_ms,0.3401,
frame_ms,0.3393,
frame_ms,0.8005,
frame_ms,0.2751,
frame_ms,0.2994,
tick_us,785.8,210
frame_ms,1.9148,
frame_ms,0.2519,
frame_ms,0.2228,
frame_ms,0.2167,
frame_ms,0.2177,
frame_ms,0.2466,
frame_ms,0.2297,
frame_ms,0.2146,
frame_ms,0.251,
frame_ms,0.2241,
frame_ms,0.2153,
frame_ms,0.2333,
frame_ms,0.2193,
frame_ms,0.2163,
frame_ms,0.2124,
frame_ms,0.2536,
frame_ms,0.26,
frame_ms,0.2209,
frame_ms,0.2103,
frame_ms,0.2378,
frame_ms,0.2236,
frame_ms,0.2127,
frame_ms,0.2636,
tick_us,761.1,216
frame_ms,1.8936,
frame_ms,0.2595,
frame_ms,0.2288,
frame_ms,0.2218,
frame_ms,0.2282,
frame_ms,0.2176,
frame_ms,0.2158,
frame_ms,0.2727,
frame_ms,0.2726,
frame_ms,0.2555,
frame_ms,0.2674,
frame_ms,0.2188,
frame_ms,0.2093,
frame_ms,0.2076,
frame_ms,0.2715,
frame_ms,0.2392,
frame_ms,0.2148,
frame_ms,0.2444,
frame_ms,0.2586,
frame_ms,0.2168,
frame_ms,0.2118,
frame_ms,0.2768,
tick_us,884.6,222
frame_ms,2.0291,
frame_ms,0.2579,
frame_ms,0.2142,
frame_ms,0.2268,
frame_ms,0.2196,
frame_ms,0.2076,
frame_ms,0.2363,
frame_ms,0.216,
frame_ms,0.2263,
frame_ms,0.2141,
frame_ms,0.2584,
frame_ms,0.2823,
frame_ms,0.2123,
frame_ms,0.2159,
frame_ms,0.2457,
frame_ms,0.221,
frame_ms,0.2051,
frame_ms,0.2476,
frame_ms,0.2191,
frame_ms,0.2114,
frame_ms,0.2452,
frame_ms,0.2172,
frame_ms,0.2101,
tick_us,763.2,220
frame_ms,1.8207,
frame_ms,0.2526,
frame_ms,0.2164,
frame_ms,0.2155,
frame_ms,0.2268,
frame_ms,0.2169,
frame_ms,0.2586,
frame_ms,0.2285,
frame_ms,0.2142,
frame_ms,0.2652,
frame_ms,0.2288,
frame_ms,0.2166,
frame_ms,0.2504,
frame_ms,0.2259,
frame_ms,0.2299,
frame_ms,0.2658,
frame_ms,0.2597,
frame_ms,0.2199,
frame_ms,0.2268,
frame_ms,0.2172,
frame_ms,0.2149,
frame_ms,0.2859,
tick_us,772,224
frame_ms,1.8596,
frame_ms,0.2612,
frame_ms,0.6334,
frame_ms,0.4292,
frame_ms,0.2205,
frame_ms,0.2154,
frame_ms,0.2145,
frame_ms,0.2534,
frame_ms,0.3117,
frame_ms,0.2539,
frame_ms,0.2542,
frame_ms,0.2223,
frame_ms,0.213,
frame_ms,0.2077,
frame_ms,0.2088,
frame_ms,0.2485,
frame_ms,0.2185,
frame_ms,0.2079,
frame_ms,0.2437,
frame_ms,0.2277,
tick_us,749.4,218
frame_ms,1.7804,
frame_ms,0.283,
frame_ms,0.2297,
frame_ms,0.2178,
frame_ms,0.2097,
frame_ms,0.2332,
frame_ms,0.224,
frame_ms,0.21,
frame_ms,0.2533,
frame_ms,0.2395,
frame_ms,0.2093,
frame_ms,0.2413,
frame_ms,0.2317,
frame_ms,0.2072,
frame_ms,0.2517,
frame_ms,0.224,
frame_ms,0.2092,
frame_ms,0.2738,
frame_ms,0.2241,
frame_ms,0.2112,
frame_ms,0.2522,
frame_ms,0.2211,
frame_ms,0.2059,
frame_ms,0.2763,
tick_us,781.2,222
frame_ms,1.7762,
frame_ms,0.2541,
frame_ms,0.2223,
frame_ms,0.2205,
frame_ms,0.2099,
frame_ms,0.2794,
frame_ms,0.2283,
frame_ms,0.2184,
frame_ms,0.2622,
frame_ms,0.2293,
frame_ms,0.6581,
frame_ms,0.5884,
frame_ms,0.2508,
frame_ms,0.2177,
frame_ms,0.224,
frame_ms,0.2249,
frame_ms,0.2179,
frame_ms,0.2452,
frame_ms,0.2678,
tick_us,741.6,218
frame_ms,1.7867,
frame_ms,0.2419,
frame_ms,0.2176,
frame_ms,0.2262,
frame_ms,0.2658,
frame_ms,0.2244,
frame_ms,0.2583,
frame_ms,0.2309,
frame_ms,0.2128,
frame_ms,0.2515,
frame_ms,0.2762,
frame_ms,0.2135,
frame_ms,0.2542,
frame_ms,0.2304,
frame_ms,0.2085,
frame_ms,0.259,
frame_ms,0.222,
frame_ms,0.2108,
frame_ms,0.2413,
frame_ms,0.2272,
frame_ms,0.2133,
frame_ms,0.2475,
frame_ms,0.2227,
frame_ms,0.2066,
tick_us,754.9,216
frame_ms,1.7565,
frame_ms,0.2389,
frame_ms,0.2104,
frame_ms,0.2136,
frame_ms,0.2239,
frame_ms,0.2278,
frame_ms,0.2264,
frame_ms,0.2242,
frame_ms,0.2373,
frame_ms,0.2563,
frame_ms,0.2215,
frame_ms,0.2116,
frame_ms,0.217,
frame_ms,0.2461,
frame_ms,0.2241,
frame_ms,0.2351,
frame_ms,0.4184,
frame_ms,0.2606,
frame_ms,0.225,
frame_ms,0.2172,
frame_ms,0.2136,
frame_ms,0.2091,
tick_us,759.9,210
frame_ms,1.7682,
frame_ms,0.2641,
frame_ms,0.3167,
frame_ms,0.2681,
frame_ms,0.2857,
frame_ms,0.3383,
frame_ms,0.2439,
frame_ms,0.2206,
frame_ms,0.2274,
frame_ms,0.2292,
frame_ms,0.2257,
frame_ms,0.2556,
frame_ms,0.2791,
frame_ms,0.235,
frame_ms,0.2258,
frame_ms,0.225,
frame_ms,0.2155,
frame_ms,0.2144,
frame_ms,0.2766,
frame_ms,0.2693,
frame_ms,0.2304,
frame_ms,0.2353,
tick_us,767.3,208
frame_ms,1.7409,
frame_ms,0.3031,
frame_ms,0.41,
frame_ms,0.3555,
frame_ms,0.3426,
frame_ms,0.2798,
frame_ms,0.233,
frame_ms,0.2168,
frame_ms,0.2408,
frame_ms,0.2178,
frame_ms,0.2233,
frame_ms,0.2124,
frame_ms,0.2516,
frame_ms,0.231,
frame_ms,0.2149,
frame_ms,0.222,
frame_ms,0.2089,
frame_ms,0.2751,
frame_ms,0.2606,
frame_ms,0.3386,
frame_ms,0.2424,
tick_us,1694.8,204
frame_ms,2.6753,
frame_ms,0.2831,
frame_ms,0.2364,
frame_ms,0.2488,
frame_ms,0.2295,
frame_ms,0.2231,
frame_ms,0.2165,
frame_ms,0.2184,
frame_ms,0.2904,
frame_ms,0.2836,
frame_ms,0.2418,
frame_ms,0.2228,
frame_ms,0.2216,
frame_ms,0.2107,
frame_ms,0.2437,
frame_ms,0.2229,
frame_ms,0.2296,
frame_ms,0.2439,
frame_ms,0.2293,
tick_us,761.3,202
frame_ms,1.7408,
frame_ms,0.2405,
frame_ms,0.2139,
frame_ms,0.2588,
frame_ms,0.3342,
frame_ms,0.2374,
frame_ms,0.2171,
frame_ms,0.2215,
frame_ms,0.2131,
frame_ms,0.2369,
frame_ms,0.2227,
frame_ms,0.2305,
frame_ms,0.2134,
frame_ms,0.214,
frame_ms,0.2809,
frame_ms,0.2352,
frame_ms,0.2117,
frame_ms,0.2475,
frame_ms,0.2259,
frame_ms,0.2301,
frame_ms,0.2586,
frame_ms,0.2251,
frame_ms,0.2142,
tick_us,734.1,194
frame_ms,1.7441,
frame_ms,0.2536,
frame_ms,0.2176,
frame_ms,0.2209,
frame_ms,0.6946,
frame_ms,0.3756,
frame_ms,0.2635,
frame_ms,0.2259,
frame_ms,0.2232,
frame_ms,0.2215,
frame_ms,0.2173,
frame_ms,0.2305,
frame_ms,0.2167,
frame_ms,0.2758,
frame_ms,0.2716,
frame_ms,0.2254,
frame_ms,0.2254,
frame_ms,0.2121,
frame_ms,0.2406,
frame_ms,0.2249,
frame_ms,0.2164,
tick_us,756,196
frame_ms,1.7597,
frame_ms,0.246,
frame_ms,0.2129,
frame_ms,0.2158,
frame_ms,0.2505,
frame_ms,0.2641,
frame_ms,0.2281,
frame_ms,0.2112,
frame_ms,0.238,
frame_ms,0.2244,
frame_ms,0.2099,
frame_ms,0.26,
frame_ms,0.2197,
frame_ms,0.2102,
frame_ms,0.249,
frame_ms,0.2166,
frame_ms,0.2095,
frame_ms,0.248,
frame_ms,0.2209,
frame_ms,0.2116,
frame_ms,0.248,
frame_ms,0.2287,
frame_ms,0.2188,
tick_us,729.4,194
frame_ms,1.7343,
frame_ms,0.2445,
frame_ms,0.2126,
frame_ms,0.2145,
frame_ms,0.2104,
frame_ms,0.2094,
frame_ms,0.2648,
frame_ms,0.3045,
frame_ms,0.2736,
frame_ms,0.3494,
frame_ms,0.3778,
frame_ms,0.3433,
frame_ms,0.3373,
frame_ms,0.5555,
frame_ms,0.4454,
frame_ms,0.2369,
frame_ms,0.2149,
frame_ms,0.2173,
frame_ms,0.2149,
tick_us,773.9,198
frame_ms,1.7697,
frame_ms,0.2349,
frame_ms,0.2107,
frame_ms,0.2187,
frame_ms,0.2196,
frame_ms,0.2136,
frame_ms,0.2657,
frame_ms,0.3035,
frame_ms,0.36,
frame_ms,0.2266,
frame_ms,0.214,
frame_ms,0.2102,
frame_ms,0.243,
frame_ms,0.223,
frame_ms,0.2155,
frame_ms,0.2389,
frame_ms,0.2269,
frame_ms,0.214,
frame_ms,0.241,
frame_ms,0.2218,
frame_ms,0.2151,
frame_ms,0.2515,
frame_ms,0.2241,
tick_us,750,202
frame_ms,1.7218,
frame_ms,0.2508,
frame_ms,0.2102,
frame_ms,0.2118,
frame_ms,0.2093,
frame_ms,0.2624,
frame_ms,0.2318,
frame_ms,0.2129,
frame_ms,0.2644,
frame_ms,0.2863,
frame_ms,0.354,
frame_ms,0.2347,
frame_ms,0.2224,
frame_ms,0.2205,
frame_ms,0.2129,
frame_ms,0.2265,
frame_ms,0.2111,
frame_ms,0.2682,
frame_ms,0.2228,
frame_ms,0.2624,
frame_ms,0.2687,
frame_ms,0.2284,
frame_ms,0.7222,
tick_us,751.6,204
frame_ms,1.9277,
frame_ms,0.2477,
frame_ms,0.2212,
frame_ms,0.2207,
frame_ms,0.2154,
frame_ms,0.2422,
frame_ms,0.2332,
frame_ms,0.3824,
frame_ms,0.2825,
frame_ms,0.2243,
frame_ms,0.2158,
frame_ms,0.2078,
frame_ms,0.3306,
frame_ms,0.2278,
frame_ms,0.2136,
frame_ms,0.2837,
frame_ms,0.229,
frame_ms,0.2124,
frame_ms,0.2495,
tick_us,752.7,210
frame_ms,1.7353,
frame_ms,0.2321,
frame_ms,0.2095,
frame_ms,0.217,
frame_ms,0.2114,
frame_ms,0.2427,
frame_ms,0.2278,
frame_ms,0.2113,
frame_ms,0.2564,
frame_ms,0.2251,
frame_ms,0.2107,
frame_ms,0.248,
frame_ms,0.2726,
frame_ms,0.3064,
frame_ms,0.2358,
frame_ms,0.2233,
frame_ms,0.214,
frame_ms,0.2161,
frame_ms,0.2641,
frame_ms,0.2609,
frame_ms,0.2283,
frame_ms,0.2122,
frame_ms,0.2407,
tick_us,752.2,208
frame_ms,1.7339,
frame_ms,0.2326,
frame_ms,0.2801,
frame_ms,0.2611,
frame_ms,0.2313,
frame_ms,0.2195,
frame_ms,0.2084,
frame_ms,0.2505,
frame_ms,0.2246,
frame_ms,0.207,
frame_ms,0.2457,
frame_ms,0.2756,
frame_ms,0.302,
frame_ms,0.4455,
frame_ms,0.2484,
frame_ms,0.2121,
frame_ms,0.2137,
frame_ms,0.2077,
frame_ms,0.2357,
frame_ms,0.2244,
frame_ms,0.2089,
frame_ms,0.2908,
tick_us,740.8,210
frame_ms,1.8052,
frame_ms,0.2575,
frame_ms,0.2145,
frame_ms,0.2194,
frame_ms,0.2158,
frame_ms,0.2139,
frame_ms,0.2349,
frame_ms,0.2117,
frame_ms,0.2167,
frame_ms,0.2529,
frame_ms,0.2275,
frame_ms,0.2208,
frame_ms,0.425,
frame_ms,0.3837,
frame_ms,0.3126,
frame_ms,0.2176,
frame_ms,0.2138,
frame_ms,0.2078,
frame_ms,0.2066,
frame_ms,0.3068,
frame_ms,0.2142,
frame_ms,0.2582,
tick_us,722.4,212
frame_ms,1.6979,
frame_ms,0.2395,
frame_ms,0.2105,
frame_ms,0.2191,
frame_ms,0.2119,
frame_ms,0.2395,
frame_ms,0.2251,
frame_ms,0.2137,
frame_ms,0.2296,
frame_ms,0.2064,
frame_ms,0.2277,
frame_ms,0.2108,
frame_ms,0.2363,
frame_ms,0.2282,
frame_ms,0.3933,
frame_ms,0.7401,
frame_ms,0.3379,
frame_ms,0.2314,
frame_ms,0.2201,
frame_ms,0.2217,
frame_ms,0.2116,
tick_us,738.9,214
frame_ms,1.772,
frame_ms,0.3102,
frame_ms,0.2422,
frame_ms,0.2221,
frame_ms,0.2245,
frame_ms,0.2183,
frame_ms,0.2178,
frame_ms,0.2539,
frame_ms,0.2327,
frame_ms,0.223,
frame_ms,0.2202,
frame_ms,0.2603,
frame_ms,0.2407,
frame_ms,0.2189,
frame_ms,0.3698,
frame_ms,0.3958,
frame_ms,0.3454,
frame_ms,0.3503,
frame_ms,0.3426,
tick_us,796.5,226
frame_ms,1.9509,
frame_ms,0.3284,
frame_ms,0.3023,
frame_ms,0.2268,
frame_ms,0.2201,
frame_ms,0.2163,
frame_ms,0.2143,
frame_ms,0.2152,
frame_ms,0.2366,
frame_ms,0.2238,
frame_ms,0.2196,
frame_ms,0.2109,
frame_ms,0.2559,
frame_ms,0.2314,
frame_ms,0.2161,
frame_ms,0.2641,
frame_ms,0.234,
frame_ms,0.2119,
frame_ms,0.2466,
frame_ms,0.2321,
frame_ms,0.2085,
frame_ms,0.2512,
frame_ms,0.2272,
tick_us,801.4,226
frame_ms,1.7984,
frame_ms,0.277,
frame_ms,0.2428,
frame_ms,0.224,
frame_ms,0.2207,
frame_ms,0.2214,
frame_ms,0.2339,
frame_ms,0.2194,
frame_ms,0.2177,
frame_ms,0.3239,
frame_ms,0.2918,
frame_ms,0.2395,
frame_ms,0.223,
frame_ms,0.2195,
frame_ms,0.2141,
frame_ms,0.2424,
frame_ms,0.2377,
frame_ms,0.2234,
frame_ms,0.2126,
frame_ms,0.2405,
frame_ms,0.233,
frame_ms,0.2157,
frame_ms,0.2442,
tick_us,810,226
frame_ms,1.8003,
frame_ms,0.2509,
frame_ms,0.2171,
frame_ms,0.2283,
frame_ms,0.2252,
frame_ms,0.2155,
frame_ms,0.243,
frame_ms,0.2264,
frame_ms,0.2113,
frame_ms,0.2612,
frame_ms,0.2296,
frame_ms,0.2414,
frame_ms,0.2397,
frame_ms,0.2186,
frame_ms,0.2119,
frame_ms,0.24,
frame_ms,0.232,
frame_ms,0.2143,
frame_ms,0.2442,
frame_ms,0.2329,
frame_ms,0.2124,
frame_ms,0.258,
frame_ms,0.2419,
tick_us,740.6,232
frame_ms,1.7106,
frame_ms,0.2362,
frame_ms,0.2145,
frame_ms,0.6891,
frame_ms,0.6477,
frame_ms,0.2283,
frame_ms,0.2196,
frame_ms,0.2243,
frame_ms,0.2194,
frame_ms,0.2152,
frame_ms,0.2412,
frame_ms,0.2336,
frame_ms,0.2185,
frame_ms,0.2377,
frame_ms,0.2186,
frame_ms,0.2361,
frame_ms,0.2888,
frame_ms,0.2606,
frame_ms,0.2279,
frame_ms,0.2206,
tick_us,781.4,232
frame_ms,1.758,
frame_ms,0.2439,
frame_ms,0.215,
frame_ms,0.2209,
frame_ms,0.2176,
frame_ms,0.2137,
frame_ms,0.2343,
frame_ms,0.22,
frame_ms,0.2152,
frame_ms,0.2272,
frame_ms,0.2125,
frame_ms,0.2821,
frame_ms,0.268,
frame_ms,0.2289,
frame_ms,0.2141,
frame_ms,0.2132,
frame_ms,0.3026,
frame_ms,0.2615,
frame_ms,0.2316,
frame_ms,0.2204,
frame_ms,0.2157,
frame_ms,0.2358,
frame_ms,0.2135,
tick_us,768.4,230
frame_ms,1.7323,
frame_ms,0.2341,
frame_ms,0.215,
frame_ms,0.2257,
frame_ms,0.2187,
frame_ms,0.2303,
frame_ms,0.3409,
frame_ms,0.2816,
frame_ms,0.2241,
frame_ms,0.2168,
frame_ms,0.213,
frame_ms,0.2122,
frame_ms,0.2782,
frame_ms,0.2564,
frame_ms,0.222,
frame_ms,0.2317,
frame_ms,0.2098,
frame_ms,0.2398,
frame_ms,0.2322,
frame_ms,0.2165,
frame_ms,0.2415,
frame_ms,0.2276,
frame_ms,0.2248,
tick_us,722.1,230
frame_ms,1.7479,
frame_ms,0.2745,
frame_ms,0.2262,
frame_ms,0.2246,
frame_ms,0.222,
frame_ms,0.2204,
frame_ms,0.2201,
frame_ms,0.2778,
frame_ms,0.2987,
frame_ms,0.2917,
frame_ms,0.2201,
frame_ms,0.2152,
frame_ms,0.2085,
frame_ms,0.2071,
frame_ms,0.2611,
frame_ms,0.2282,
frame_ms,0.216,
frame_ms,0.2462,
frame_ms,0.2318,
frame_ms,0.2078,
frame_ms,0.2499,
frame_ms,0.2327,
frame_ms,0.2134,
tick_us,760.6,232
frame_ms,1.7545,
frame_ms,0.2549,
frame_ms,0.2171,
frame_ms,0.2263,
frame_ms,0.2195,
frame_ms,0.2149,
frame_ms,0.212,
frame_ms,0.2344,
frame_ms,0.2113,
frame_ms,0.2575,
frame_ms,0.264,
frame_ms,0.2332,
frame_ms,0.219,
frame_ms,0.213,
frame_ms,0.2362,
frame_ms,0.2792,
frame_ms,0.2344,
frame_ms,0.2308,
frame_ms,0.2188,
frame_ms,0.2133,
frame_ms,0.4232,
frame_ms,0.4637,
tick_us,737.1,226
frame_ms,1.7474,
frame_ms,0.238,
frame_ms,0.2131,
frame_ms,0.2154,
frame_ms,0.2106,
frame_ms,0.2215,
frame_ms,0.2186,
frame_ms,0.3098,
frame_ms,0.2993,
frame_ms,0.2524,
frame_ms,0.2296,
frame_ms,0.2288,
frame_ms,0.221,
frame_ms,0.2173,
frame_ms,0.2121,
frame_ms,0.2448,
frame_ms,0.2326,
frame_ms,0.2144,
frame_ms,0.2451,
frame_ms,0.2307,
frame_ms,0.2126,
frame_ms,0.2453,
frame_ms,0.225,
tick_us,752.4,224
frame_ms,1.7372,
frame_ms,0.2415,
frame_ms,0.2177,
frame_ms,0.2245,
frame_ms,0.2178,
frame_ms,0.2145,
frame_ms,0.2186,
frame_ms,0.2125,
frame_ms,0.2737,
frame_ms,0.2384,
frame_ms,0.2168,
frame_ms,0.2431,
frame_ms,0.2366,
frame_ms,0.2224,
frame_ms,0.2384,
frame_ms,0.2295,
frame_ms,0.213,
frame_ms,0.2317,
frame_ms,0.2132,
frame_ms,0.213,
frame_ms,0.231,
frame_ms,0.211,
frame_ms,0.2407,
frame_ms,0.2327,
tick_us,829.9,226
frame_ms,1.901,
frame_ms,0.2816,
frame_ms,0.2817,
frame_ms,0.253,
frame_ms,0.2284,
frame_ms,0.2226,
frame_ms,0.218,
frame_ms,0.2148,
frame_ms,0.2604,
frame_ms,0.2343,
frame_ms,0.2162,
frame_ms,0.238,
frame_ms,0.2197,
frame_ms,0.2432,
frame_ms,0.2849,
frame_ms,0.2645,
frame_ms,0.2352,
frame_ms,0.2178,
frame_ms,0.2152,
frame_ms,0.2476,
frame_ms,0.2328,
frame_ms,0.2152,
tick_us,725.3,228
frame_ms,1.7441,
frame_ms,0.2833,
frame_ms,0.2701,
frame_ms,0.2203,
frame_ms,0.2254,
frame_ms,0.2167,
frame_ms,0.2386,
frame_ms,0.2152,
frame_ms,0.2376,
frame_ms,0.2281,
frame_ms,0.2139,
frame_ms,0.2416,
frame_ms,0.2286,
frame_ms,0.2182,
frame_ms,0.2431,
frame_ms,0.2387,
frame_ms,0.2144,
frame_ms,0.2511,
frame_ms,0.232,
frame_ms,0.2129,
frame_ms,0.2446,
frame_ms,0.23,
frame_ms,0.2173,
tick_us,794.7,230
frame_ms,1.8711,
frame_ms,0.5854,
frame_ms,0.3026,
frame_ms,0.2278,
frame_ms,0.2161,
frame_ms,0.2186,
frame_ms,0.2152,
frame_ms,0.2387,
frame_ms,0.2288,
frame_ms,0.2296,
frame_ms,0.2134,
frame_ms,0.2387,
frame_ms,0.2315,
frame_ms,0.2168,
frame_ms,0.2419,
frame_ms,0.2302,
frame_ms,0.2132,
frame_ms,0.2472,
frame_ms,0.2274,
frame_ms,0.2188,
frame_ms,0.2499,
frame_ms,0.2276,
tick_us,753.8,228
frame_ms,1.7306,
frame_ms,0.2457,
frame_ms,0.2215,
frame_ms,0.2116,
frame_ms,0.2106,
frame_ms,0.245,
frame_ms,0.2259,
frame_ms,0.2179,
frame_ms,0.2503,
frame_ms,0.2231,
frame_ms,0.2126,
frame_ms,0.2487,
frame_ms,0.2223,
frame_ms,0.2112,
frame_ms,0.2484,
frame_ms,0.2233,
frame_ms,0.213,
frame_ms,0.226,
frame_ms,0.2122,
frame_ms,0.2786,
frame_ms,0.2268,
frame_ms,0.2149,
frame_ms,0.25,
frame_ms,0.2212,
tick_us,743.1,228
frame_ms,1.7276,
frame_ms,0.2327,
frame_ms,0.2093,
frame_ms,0.2136,
frame_ms,0.2104,
frame_ms,0.2789,
frame_ms,0.2393,
frame_ms,0.2184,
frame_ms,0.2425,
frame_ms,0.2216,
frame_ms,0.4662,
frame_ms,0.3552,
frame_ms,0.2429,
frame_ms,0.2106,
frame_ms,0.2214,
frame_ms,0.2147,
frame_ms,0.2087,
frame_ms,0.2394,
frame_ms,0.223,
frame_ms,0.2085,
frame_ms,0.2495,
tick_us,894.7,228
frame_ms,2.0202,
frame_ms,0.2531,
frame_ms,0.2132,
frame_ms,0.2241,
frame_ms,0.2098,
frame_ms,0.2357,
frame_ms,0.2611,
frame_ms,0.264,
frame_ms,0.2305,
frame_ms,0.2484,
frame_ms,0.3094,
frame_ms,0.305,
frame_ms,0.4589,
frame_ms,0.2442,
frame_ms,0.2307,
frame_ms,0.2326,
frame_ms,0.2946,
frame_ms,0.2575,
frame_ms,0.2168,
frame_ms,0.2151,
frame_ms,0.2184,
tick_us,766.5,230
frame_ms,1.7262,
frame_ms,0.2355,
frame_ms,0.2138,
frame_ms,0.2175,
frame_ms,0.2143,
frame_ms,0.2184,
frame_ms,0.2571,
frame_ms,0.224,
frame_ms,0.2105,
frame_ms,0.22,
frame_ms,0.2442,
frame_ms,0.2235,
frame_ms,0.2114,
frame_ms,0.2198,
frame_ms,0.2176,
frame_ms,0.2014,
frame_ms,0.2445,
frame_ms,0.222,
frame_ms,0.6912,
frame_ms,0.2918,
frame_ms,0.2139,
frame_ms,0.2115,
tick_us,747.3,236
frame_ms,1.7511,
frame_ms,0.2831,
frame_ms,0.2307,
frame_ms,0.2242,
frame_ms,0.2221,
frame_ms,0.2176,
frame_ms,0.2216,
frame_ms,0.2437,
frame_ms,0.2225,
frame_ms,0.2139,
frame_ms,0.2475,
frame_ms,0.2282,
frame_ms,0.2197,
frame_ms,0.2476,
frame_ms,0.2566,
frame_ms,0.2274,
frame_ms,0.2113,
frame_ms,0.2388,
frame_ms,0.2226,
frame_ms,0.2101,
frame_ms,0.208,
frame_ms,0.2084,
frame_ms,0.248,
frame_ms,0.2304,
tick_us,761.1,242
frame_ms,1.7319,
frame_ms,0.2328,
frame_ms,0.2096,
frame_ms,0.2165,
frame_ms,0.2086,
frame_ms,0.2668,
frame_ms,0.2282,
frame_ms,0.2151,
frame_ms,0.2442,
frame_ms,0.2235,
frame_ms,0.2136,
frame_ms,0.2572,
frame_ms,0.2723,
frame_ms,0.238,
frame_ms,0.2297,
frame_ms,0.2275,
frame_ms,0.219,
frame_ms,0.2165,
frame_ms,0.2147,
frame_ms,0.2916,
frame_ms,0.2454,
frame_ms,0.222,
frame_ms,0.2136,
tick_us,739.1,242
frame_ms,1.7426,
frame_ms,0.2557,
frame_ms,0.2204,
frame_ms,0.2139,
frame_ms,0.2195,
frame_ms,0.2394,
frame_ms,0.2084,
frame_ms,0.2586,
frame_ms,0.2876,
frame_ms,0.2221,
frame_ms,0.2161,
frame_ms,0.2128,
frame_ms,0.238,
frame_ms,0.2245,
frame_ms,0.212,
frame_ms,0.2239,
frame_ms,0.2173,
frame_ms,0.2127,
frame_ms,0.2523,
frame_ms,0.2214,
frame_ms,0.2096,
frame_ms,0.2481,
frame_ms,0.221,
frame_ms,0.2103,
tick_us,741.9,238
frame_ms,1.7238,
frame_ms,0.2293,
frame_ms,0.2082,
frame_ms,0.2171,
frame_ms,0.2292,
frame_ms,0.2245,
frame_ms,0.2182,
frame_ms,0.212,
frame_ms,0.2368,
frame_ms,0.2198,
frame_ms,0.2091,
frame_ms,0.2583,
frame_ms,0.2238,
frame_ms,0.2098,
frame_ms,0.2534,
frame_ms,0.2231,
frame_ms,0.2111,
frame_ms,0.2563,
frame_ms,0.2308,
frame_ms,0.2102,
frame_ms,0.255,
frame_ms,0.2239,
frame_ms,0.2103,
frame_ms,0.2507,
tick_us,820,248
frame_ms,2.0311,
frame_ms,0.4604,
frame_ms,0.2366,
frame_ms,0.2228,
frame_ms,0.2259,
frame_ms,0.2134,
frame_ms,0.2119,
frame_ms,0.2695,
frame_ms,0.2665,
frame_ms,0.2305,
frame_ms,0.2162,
frame_ms,0.213,
frame_ms,0.2445,
frame_ms,0.2261,
frame_ms,0.2154,
frame_ms,0.2486,
frame_ms,0.2262,
frame_ms,0.2092,
frame_ms,0.222,
frame_ms,0.2154,
frame_ms,0.2011,
frame_ms,0.2425,
tick_us,739,248
frame_ms,1.7194,
frame_ms,0.2373,
frame_ms,0.2086,
frame_ms,0.2178,
frame_ms,0.2135,
frame_ms,0.2114,
frame_ms,0.2149,
frame_ms,0.28,
frame_ms,0.2256,
frame_ms,0.2089,
frame_ms,0.2482,
frame_ms,0.2271,
frame_ms,0.2081,
frame_ms,0.2492,
frame_ms,0.2301,
frame_ms,0.2075,
frame_ms,0.2238,
frame_ms,0.2144,
frame_ms,0.2181,
frame_ms,0.2326,
frame_ms,0.2145,
frame_ms,0.2186,
frame_ms,0.2568,
frame_ms,0.2217,
tick_us,733.5,246
frame_ms,1.7082,
frame_ms,0.2297,
frame_ms,0.207,
frame_ms,0.2146,
frame_ms,0.2069,
frame_ms,0.2471,
frame_ms,0.2841,
frame_ms,0.2708,
frame_ms,0.2344,
frame_ms,0.2787,
frame_ms,0.2638,
frame_ms,0.2312,
frame_ms,0.2213,
frame_ms,0.2157,
frame_ms,0.2372,
frame_ms,0.2273,
frame_ms,0.2883,
frame_ms,0.226,
frame_ms,0.2169,
frame_ms,0.2138,
frame_ms,0.2171,
frame_ms,0.2407,
frame_ms,0.2294,
tick_us,784.6,248
frame_ms,1.7619,
frame_ms,0.2332,
frame_ms,0.2094,
frame_ms,0.2125,
frame_ms,0.2072,
frame_ms,0.238,
frame_ms,0.2266,
frame_ms,0.2145,
frame_ms,0.2527,
frame_ms,0.2264,
frame_ms,0.2424,
frame_ms,0.2256,
frame_ms,0.2613,
frame_ms,0.2253,
frame_ms,0.3247,
frame_ms,0.27,
frame_ms,0.2401,
frame_ms,0.2325,
frame_ms,0.2225,
frame_ms,0.2181,
frame_ms,0.2372,
frame_ms,0.2347,
frame_ms,0.2168,
tick_us,776.8,250
frame_ms,1.7888,
frame_ms,0.2783,
frame_ms,0.2236,
frame_ms,0.2197,
frame_ms,0.2226,
frame_ms,0.2138,
frame_ms,0.2424,
frame_ms,0.225,
frame_ms,0.2187,
frame_ms,0.2485,
frame_ms,0.2274,
frame_ms,0.2194,
frame_ms,0.8854,
frame_ms,0.3942,
frame_ms,0.2803,
frame_ms,0.2291,
frame_ms,0.2336,
frame_ms,0.228,
frame_ms,0.2236,
frame_ms,0.2131,
tick_us,782.4,252
frame_ms,1.8185,
frame_ms,0.2963,
frame_ms,0.2273,
frame_ms,0.2262,
frame_ms,0.2211,
frame_ms,0.2396,
frame_ms,0.2148,
frame_ms,0.2618,
frame_ms,0.236,
frame_ms,0.2149,
frame_ms,0.221,
frame_ms,0.2536,
frame_ms,0.2322,
frame_ms,0.2168,
frame_ms,0.2419,
frame_ms,0.2274,
frame_ms,0.2147,
frame_ms,0.2589,
frame_ms,0.2748,
frame_ms,0.2326,
frame_ms,0.223,
frame_ms,0.2147,
tick_us,819.6,252
frame_ms,1.8255,
frame_ms,0.3064,
frame_ms,0.3306,
frame_ms,0.3159,
frame_ms,0.2244,
frame_ms,0.2229,
frame_ms,0.2701,
frame_ms,0.2233,
frame_ms,0.6286,
frame_ms,0.4323,
frame_ms,0.3113,
frame_ms,0.2518,
frame_ms,0.2263,
frame_ms,0.2261,
frame_ms,0.2233,
frame_ms,0.2734,
frame_ms,0.287,
frame_ms,0.2483,
frame_ms,0.2218,
tick_us,813.9,258
frame_ms,1.9428,
frame_ms,0.2788,
frame_ms,0.2282,
frame_ms,0.2269,
frame_ms,0.2211,
frame_ms,0.2198,
frame_ms,0.2619,
frame_ms,0.2729,
frame_ms,0.2317,
frame_ms,0.2265,
frame_ms,0.218,
frame_ms,0.2148,
frame_ms,0.2872,
frame_ms,0.2654,
frame_ms,0.2296,
frame_ms,0.2295,
frame_ms,0.2255,
frame_ms,0.2196,
frame_ms,0.2385,
frame_ms,0.2288,
frame_ms,0.2155,
frame_ms,0.2394,
tick_us,776.5,258
frame_ms,1.7674,
frame_ms,0.2418,
frame_ms,0.2154,
frame_ms,0.214,
frame_ms,0.2498,
frame_ms,0.2231,
frame_ms,0.2684,
frame_ms,0.2357,
frame_ms,0.2197,
frame_ms,0.2625,
frame_ms,0.2312,
frame_ms,0.22,
frame_ms,0.2549,
frame_ms,0.267,
frame_ms,0.2315,
frame_ms,0.2239,
frame_ms,0.2275,
frame_ms,0.2194,
frame_ms,0.2277,
frame_ms,0.2249,
frame_ms,0.2296,
frame_ms,0.2398,
frame_ms,0.2283,
tick_us,786.1,272
frame_ms,1.7795,
frame_ms,0.2537,
frame_ms,0.2224,
frame_ms,0.2245,
frame_ms,0.2202,
frame_ms,0.2118,
frame_ms,0.2368,
frame_ms,0.2244,
frame_ms,0.2324,
frame_ms,0.2241,
frame_ms,0.2529,
frame_ms,0.2464,
frame_ms,0.2162,
frame_ms,0.2332,
frame_ms,0.2205,
frame_ms,0.2206,
frame_ms,0.2161,
frame_ms,0.2912,
frame_ms,0.2485,
frame_ms,0.2256,
frame_ms,0.2612,
frame_ms,0.2639,
frame_ms,0.2345,
tick_us,774.1,264
frame_ms,1.7841,
frame_ms,0.2806,
frame_ms,0.2235,
frame_ms,0.2238,
frame_ms,0.2236,
frame_ms,0.2157,
frame_ms,0.2181,
frame_ms,0.2777,
frame_ms,0.2765,
frame_ms,0.236,
frame_ms,0.2287,
frame_ms,0.2294,
frame_ms,0.2195,
frame_ms,0.2313,
frame_ms,0.2266,
frame_ms,0.2294,
frame_ms,0.2876,
frame_ms,0.3472,
frame_ms,0.2374,
frame_ms,0.2187,
frame_ms,0.2226,
frame_ms,0.2201,
tick_us,773.7,264
frame_ms,1.758,
frame_ms,0.2387,
frame_ms,0.2157,
frame_ms,0.2179,
frame_ms,0.2207,
frame_ms,0.2166,
frame_ms,0.465,
frame_ms,0.4202,
frame_ms,0.388,
frame_ms,0.2673,
frame_ms,0.2206,
frame_ms,0.2203,
frame_ms,0.2198,
frame_ms,0.2206,
frame_ms,0.2385,
frame_ms,0.2763,
frame_ms,0.2728,
frame_ms,0.2331,
frame_ms,0.2483,
frame_ms,0.2297,
frame_ms,0.2269,
tick_us,770.8,254
frame_ms,1.7852,
frame_ms,0.2418,
frame_ms,0.2163,
frame_ms,0.2167,
frame_ms,0.2179,
frame_ms,0.2569,
frame_ms,0.2558,
frame_ms,0.2242,
frame_ms,0.2462,
frame_ms,0.2265,
frame_ms,0.2148,
frame_ms,0.2385,
frame_ms,0.2583,
frame_ms,0.2306,
frame_ms,0.2149,
frame_ms,0.262,
frame_ms,0.2338,
frame_ms,0.2175,
frame_ms,0.2618,
frame_ms,0.2342,
frame_ms,0.2222,
frame_ms,0.217,
frame_ms,0.302,
tick_us,873.3,258
frame_ms,1.9891,
frame_ms,0.32,
frame_ms,0.2368,
frame_ms,0.2293,
frame_ms,0.2243,
frame_ms,0.2278,
frame_ms,0.2231,
frame_ms,0.2709,
frame_ms,0.2375,
frame_ms,0.2228,
frame_ms,0.2196,
frame_ms,0.279,
frame_ms,0.6323,
frame_ms,0.47,
frame_ms,0.2743,
frame_ms,0.2451,
frame_ms,0.2491,
tick_us,844.7,266
frame_ms,2.1438,
frame_ms,0.3011,
frame_ms,0.3969,
frame_ms,0.2813,
frame_ms,0.2459,
frame_ms,0.2434,
frame_ms,0.2348,
frame_ms,0.231,
frame_ms,0.2916,
frame_ms,0.2661,
frame_ms,0.3109,
frame_ms,0.2678,
frame_ms,0.2541,
frame_ms,0.2497,
frame_ms,0.2459,
frame_ms,0.2865,
frame_ms,0.2827,
frame_ms,0.2515,
frame_ms,0.2406,
frame_ms,0.2563,
tick_us,802.4,260
frame_ms,1.9417,
frame_ms,0.421,
frame_ms,0.507,
frame_ms,0.37,
frame_ms,0.3544,
frame_ms,0.431,
frame_ms,0.4114,
frame_ms,0.3515,
frame_ms,0.3533,
frame_ms,0.3486,
frame_ms,0.4075,
frame_ms,0.3587,
frame_ms,0.3475,
frame_ms,0.3465,
tick_us,894,256
frame_ms,2.4001,
frame_ms,0.7291,
frame_ms,0.5309,
frame_ms,0.3784,
frame_ms,0.4077,
frame_ms,0.4202,
frame_ms,0.3493,
frame_ms,0.4354,
frame_ms,0.3872,
frame_ms,0.3033,
frame_ms,0.2336,
frame_ms,0.2384,
frame_ms,0.2319,
tick_us,835.4,252
frame_ms,1.9317,
frame_ms,0.2917,
frame_ms,0.232,
frame_ms,0.2364,
frame_ms,0.228,
frame_ms,0.2238,
frame_ms,0.2285,
frame_ms,0.2882,
frame_ms,0.2448,
frame_ms,0.2302,
frame_ms,0.221,
frame_ms,0.2415,
frame_ms,0.5291,
frame_ms,0.4958,
frame_ms,0.4033,
frame_ms,0.5301,
frame_ms,0.3829,
tick_us,843.2,252
frame_ms,2.2279,
frame_ms,0.4113,
frame_ms,0.3368,
frame_ms,0.29,
frame_ms,0.266,
frame_ms,0.2824,
frame_ms,0.2923,
frame_ms,0.449,
frame_ms,0.2624,
frame_ms,0.2308,
frame_ms,0.2323,
frame_ms,0.2308,
frame_ms,0.2322,
frame_ms,0.2254,
frame_ms,0.2736,
frame_ms,0.2373,
frame_ms,0.251,
frame_ms,0.2377,
tick_us,815.9,252
frame_ms,1.8113,
frame_ms,0.3259,
frame_ms,0.2912,
frame_ms,0.3914,
frame_ms,0.2656,
frame_ms,0.2296,
frame_ms,0.3283,
frame_ms,0.4245,
frame_ms,0.4282,
frame_ms,0.3059,
frame_ms,0.4088,
frame_ms,0.4073,
frame_ms,0.361,
frame_ms,0.2591,
frame_ms,0.2642,
frame_ms,0.3267,
tick_us,822.7,252
frame_ms,1.9597,
frame_ms,0.2863,
frame_ms,0.3432,
frame_ms,0.2902,
frame_ms,0.2435,
frame_ms,0.2355,
frame_ms,0.3124,
frame_ms,0.3186,
frame_ms,0.6999,
frame_ms,0.4345,
frame_ms,0.2983,
frame_ms,0.2445,
frame_ms,0.2318,
frame_ms,0.2267,
frame_ms,0.2288,
frame_ms,0.221,
frame_ms,0.2565,
frame_ms,0.224,
tick_us,850.3,240
frame_ms,1.9265,
frame_ms,0.2808,
frame_ms,0.2326,
frame_ms,0.2797,
frame_ms,0.2354,
frame_ms,0.4863,
frame_ms,0.5936,
frame_ms,0.4334,
frame_ms,0.4245,
frame_ms,0.3129,
frame_ms,0.229,
frame_ms,0.2284,
frame_ms,0.2287,
frame_ms,0.2311,
frame_ms,0.2183,
frame_ms,0.2406,
frame_ms,0.2509,
tick_us,791.7,234
frame_ms,1.8465,
frame_ms,0.2809,
frame_ms,0.4641,
frame_ms,0.3221,
frame_ms,0.2666,
frame_ms,0.2437,
frame_ms,0.2994,
frame_ms,0.3129,
frame_ms,0.419,
frame_ms,0.4002,
frame_ms,0.2519,
frame_ms,0.2399,
frame_ms,0.2553,
frame_ms,0.258,
frame_ms,0.2941,
frame_ms,0.293,
frame_ms,0.2724,
frame_ms,0.2414,
tick_us,832.1,240
frame_ms,1.9043,
frame_ms,0.4132,
frame_ms,0.2851,
frame_ms,0.2702,
frame_ms,0.2961,
frame_ms,0.4356,
frame_ms,0.4129,
frame_ms,0.4249,
frame_ms,0.3267,
frame_ms,0.2374,
frame_ms,0.2344,
frame_ms,0.2294,
frame_ms,0.2382,
frame_ms,0.2353,
frame_ms,0.2301,
frame_ms,0.2681,
frame_ms,0.2779,
frame_ms,0.2666,
tick_us,824.8,240
frame_ms,1.8699,
frame_ms,0.3817,
frame_ms,0.3888,
frame_ms,0.4148,
frame_ms,0.376,
frame_ms,0.5259,
frame_ms,0.7081,
frame_ms,0.452,
frame_ms,0.3765,
frame_ms,0.2529,
frame_ms,0.2203,
frame_ms,0.2278,
frame_ms,0.222,
frame_ms,0.2315,
frame_ms,0.2195,
tick_us,799.4,240
frame_ms,1.8562,
frame_ms,0.4274,
frame_ms,0.3769,
frame_ms,0.2834,
frame_ms,0.311,
frame_ms,0.2872,
frame_ms,0.2326,
frame_ms,0.2338,
frame_ms,0.2293,
frame_ms,0.2556,
frame_ms,0.3282,
frame_ms,0.4309,
frame_ms,0.4258,
frame_ms,0.2851,
frame_ms,0.2587,
frame_ms,0.3146,
frame_ms,0.2665,
frame_ms,0.2678,
tick_us,805,236
frame_ms,1.8576,
frame_ms,0.4272,
frame_ms,0.4231,
frame_ms,0.3003,
frame_ms,0.2414,
frame_ms,0.2234,
frame_ms,0.3215,
frame_ms,0.5465,
frame_ms,0.3432,
frame_ms,0.5271,
frame_ms,0.5173,
frame_ms,0.5165,
frame_ms,0.6536,
tick_us,805.5,232
frame_ms,1.8704,
frame_ms,0.2832,
frame_ms,0.2278,
frame_ms,0.231,
frame_ms,0.2793,
frame_ms,0.2793,
frame_ms,0.4472,
frame_ms,0.4771,
frame_ms,0.3097,
frame_ms,0.2474,
frame_ms,0.2742,
frame_ms,0.2998,
frame_ms,0.3841,
frame_ms,0.51,
frame_ms,0.4005,
frame_ms,0.2479,
frame_ms,0.233,
tick_us,844.5,226
frame_ms,1.8776,
frame_ms,0.2799,
frame_ms,0.2315,
frame_ms,0.2358,
frame_ms,0.2411,
frame_ms,0.3248,
frame_ms,0.2503,
frame_ms,0.2359,
frame_ms,0.2294,
frame_ms,0.3731,
frame_ms,0.4043,
frame_ms,0.3225,
frame_ms,0.2938,
frame_ms,0.3652,
frame_ms,0.9535,
tick_us,948.9,234
frame_ms,2.3402,
frame_ms,0.3435,
frame_ms,0.2427,
frame_ms,0.2461,
frame_ms,0.2355,
frame_ms,0.2323,
frame_ms,0.2803,
frame_ms,0.3265,
frame_ms,0.26,
frame_ms,0.256,
frame_ms,0.2693,
frame_ms,0.6107,
frame_ms,0.4158,
frame_ms,0.4011,
frame_ms,0.4655,
tick_us,827.8,236
frame_ms,2.9126,
frame_ms,0.3481,
frame_ms,0.2572,
frame_ms,0.3415,
frame_ms,0.3125,
frame_ms,0.3882,
frame_ms,0.2925,
frame_ms,0.26,
frame_ms,0.2572,
frame_ms,0.2821,
frame_ms,0.6945,
frame_ms,0.4505,
frame_ms,0.3632,
tick_us,888.6,228
frame_ms,1.9449,
frame_ms,0.27,
frame_ms,0.2321,
frame_ms,0.2898,
frame_ms,0.3161,
frame_ms,0.4371,
frame_ms,0.3716,
frame_ms,0.5248,
frame_ms,0.339,
frame_ms,0.3458,
frame_ms,0.2368,
frame_ms,0.2437,
frame_ms,0.2449,
frame_ms,0.2434,
frame_ms,0.596,
frame_ms,0.4202,
tick_us,831.1,236
frame_ms,2.5785,
frame_ms,0.3287,
frame_ms,0.2545,
frame_ms,0.2304,
frame_ms,0.2396,
frame_ms,0.3792,
frame_ms,0.4006,
frame_ms,0.3305,
frame_ms,0.3358,
frame_ms,0.2774,
frame_ms,0.2564,
frame_ms,0.3667,
frame_ms,0.4315,
frame_ms,0.3277,
tick_us,827.6,226
frame_ms,2.1347,
frame_ms,0.6194,
frame_ms,0.4505,
frame_ms,0.2956,
frame_ms,0.2483,
frame_ms,0.252,
frame_ms,0.2893,
frame_ms,0.2401,
frame_ms,0.2989,
frame_ms,0.4813,
frame_ms,0.3551,
frame_ms,0.2318,
frame_ms,0.2371,
frame_ms,0.2308,
frame_ms,0.4254,
tick_us,816.6,228
frame_ms,2.0624,
frame_ms,0.3012,
frame_ms,0.3482,
frame_ms,1.189,
frame_ms,0.3129,
frame_ms,0.2505,
frame_ms,0.2783,
frame_ms,0.4369,
frame_ms,0.2532,
frame_ms,0.2315,
frame_ms,0.2405,
frame_ms,0.221,
frame_ms,0.4692,
frame_ms,0.5412,
tick_us,825.1,232
frame_ms,1.9983,
frame_ms,0.2548,
frame_ms,0.2306,
frame_ms,0.2271,
frame_ms,0.2762,
frame_ms,0.3009,
frame_ms,0.4459,
frame_ms,0.3534,
frame_ms,0.3528,
frame_ms,0.3807,
frame_ms,0.39,
frame_ms,0.2924,
frame_ms,0.2491,
frame_ms,0.2648,
frame_ms,0.2804,
frame_ms,0.5227,
tick_us,823.2,228
frame_ms,2.018,
frame_ms,0.2915,
frame_ms,0.2468,
frame_ms,0.2451,
frame_ms,0.2389,
frame_ms,0.3005,
frame_ms,0.2513,
frame_ms,0.3073,
frame_ms,0.2414,
frame_ms,0.2656,
frame_ms,0.247,
frame_ms,0.236,
frame_ms,0.2314,
frame_ms,0.2535,
frame_ms,0.5762,
frame_ms,0.3543,
frame_ms,0.2551,
frame_ms,0.2188,
frame_ms,0.3503,
tick_us,798.5,224
frame_ms,2.011,
frame_ms,0.3158,
frame_ms,0.2532,
frame_ms,0.2678,
frame_ms,0.2844,
frame_ms,0.2457,
frame_ms,0.2387,
frame_ms,0.2361,
frame_ms,0.2295,
frame_ms,0.2273,
frame_ms,0.2271,
frame_ms,0.2357,
frame_ms,0.2205,
frame_ms,0.3052,
frame_ms,0.3557,
frame_ms,0.2935,
frame_ms,0.2472,
frame_ms,0.2419,
frame_ms,0.4294,
tick_us,854.2,226
frame_ms,1.8902,
frame_ms,0.2579,
frame_ms,0.226,
frame_ms,0.2374,
frame_ms,0.2396,
frame_ms,0.2363,
frame_ms,0.2411,
frame_ms,0.244,
frame_ms,0.2349,
frame_ms,0.2765,
frame_ms,0.2736,
frame_ms,0.2823,
frame_ms,0.3238,
frame_ms,0.2422,
frame_ms,0.6482,
frame_ms,0.343,
frame_ms,0.3851,
frame_ms,0.2817,
frame_ms,0.2484,
tick_us,793.2,232
frame_ms,1.9026,
frame_ms,0.3659,
frame_ms,0.2769,
frame_ms,0.2372,
frame_ms,0.2313,
frame_ms,0.2376,
frame_ms,0.2273,
frame_ms,0.2671,
frame_ms,0.2438,
frame_ms,0.4957,
frame_ms,0.279,
frame_ms,0.2401,
frame_ms,0.2339,
frame_ms,0.2446,
frame_ms,0.4122,
frame_ms,0.3664,
frame_ms,0.4114,
tick_us,776.1,226
frame_ms,2.0274,
frame_ms,0.3201,
frame_ms,0.2477,
frame_ms,0.2445,
frame_ms,0.2468,
frame_ms,0.4966,
frame_ms,0.3697,
frame_ms,0.3747,
frame_ms,0.3149,
frame_ms,0.2911,
frame_ms,0.2727,
frame_ms,0.3159,
frame_ms,0.2641,
frame_ms,0.2585,
frame_ms,0.2583,
frame_ms,0.3172,
frame_ms,0.3876,
tick_us,970.1,244
frame_ms,2.2235,
frame_ms,0.3905,
frame_ms,0.2892,
frame_ms,0.2523,
frame_ms,0.2439,
frame_ms,0.2336,
frame_ms,0.2412,
frame_ms,0.234,
frame_ms,0.2281,
frame_ms,0.2308,
frame_ms,0.2437,
frame_ms,0.2595,
frame_ms,0.2756,
frame_ms,0.3051,
frame_ms,0.2431,
frame_ms,0.2415,
frame_ms,0.3359,
frame_ms,0.2559,
frame_ms,0.2872,
tick_us,810.1,234
frame_ms,1.9172,
frame_ms,0.3269,
frame_ms,0.3802,
frame_ms,0.2762,
frame_ms,0.2377,
frame_ms,0.2412,
frame_ms,0.2328,
frame_ms,0.2316,
frame_ms,0.2279,
frame_ms,0.2582,
frame_ms,0.2589,
frame_ms,0.3119,
frame_ms,0.2762,
frame_ms,0.3046,
frame_ms,0.2589,
frame_ms,0.2574,
frame_ms,0.2491,
frame_ms,0.2459,
frame_ms,0.3218,
frame_ms,0.3064,
tick_us,834,238
frame_ms,2.0126,
frame_ms,0.372,
frame_ms,0.2928,
frame_ms,0.2587,
frame_ms,0.2542,
frame_ms,0.3145,
frame_ms,0.2459,
frame_ms,0.2336,
frame_ms,0.238,
frame_ms,0.2629,
frame_ms,0.2328,
frame_ms,0.2569,
frame_ms,0.2805,
frame_ms,0.2504,
frame_ms,0.2446,
frame_ms,0.2286,
frame_ms,0.2339,
frame_ms,0.2229,
frame_ms,0.2461,
tick_us,799,242
frame_ms,2.1872,
frame_ms,0.4074,
frame_ms,0.239,
frame_ms,0.2367,
frame_ms,0.2287,
frame_ms,0.222,
frame_ms,0.2298,
frame_ms,0.2215,
frame_ms,0.2383,
frame_ms,0.2358,
frame_ms,0.2241,
frame_ms,0.2193,
frame_ms,0.2763,
frame_ms,0.2378,
frame_ms,0.2295,
frame_ms,0.2224,
frame_ms,0.2945,
frame_ms,0.3628,
frame_ms,0.3055,
frame_ms,0.2833,
tick_us,788.1,246
frame_ms,1.9451,
frame_ms,0.4963,
frame_ms,0.3044,
frame_ms,0.2335,
frame_ms,0.5343,
frame_ms,0.3565,
frame_ms,0.3915,
frame_ms,0.336,
frame_ms,0.324,
frame_ms,0.3254,
frame_ms,0.4068,
frame_ms,0.3739,
frame_ms,0.2824,
frame_ms,0.2564,
frame_ms,0.236,
frame_ms,0.2384,
tick_us,878.8,240
frame_ms,1.9952,
frame_ms,0.5404,
frame_ms,0.4272,
frame_ms,0.3831,
frame_ms,0.3552,
frame_ms,0.4156,
frame_ms,0.3493,
frame_ms,0.3372,
frame_ms,0.3402,
frame_ms,0.411,
frame_ms,0.3071,
frame_ms,0.4143,
frame_ms,0.3908,
tick_us,835.8,248
frame_ms,2.0661,
frame_ms,0.4762,
frame_ms,0.4286,
frame_ms,0.2546,
frame_ms,0.2377,
frame_ms,0.2366,
frame_ms,0.2354,
frame_ms,0.2285,
frame_ms,0.304,
frame_ms,0.2728,
frame_ms,0.2563,
frame_ms,0.36,
frame_ms,0.2652,
frame_ms,0.2414,
frame_ms,0.2648,
frame_ms,0.2431,
frame_ms,0.2411,
frame_ms,0.2317,
frame_ms,0.2301,
tick_us,851.8,244
frame_ms,1.9424,
frame_ms,0.4688,
frame_ms,0.5043,
frame_ms,0.3816,
frame_ms,0.259,
frame_ms,0.2304,
frame_ms,0.2368,
frame_ms,0.3213,
frame_ms,0.4034,
frame_ms,0.3573,
frame_ms,0.3478,
frame_ms,0.3711,
frame_ms,0.5039,
frame_ms,0.4264,
tick_us,1082.8,246
frame_ms,2.2642,
frame_ms,0.3144,
frame_ms,0.2474,
frame_ms,0.2463,
frame_ms,0.3326,
frame_ms,0.4821,
frame_ms,0.3456,
frame_ms,0.2389,
frame_ms,0.2277,
frame_ms,0.225,
frame_ms,0.2198,
frame_ms,0.2184,
frame_ms,0.2399,
frame_ms,0.2314,
frame_ms,0.2364,
frame_ms,0.222,
frame_ms,0.2528,
frame_ms,0.2266,
frame_ms,0.3111,
tick_us,834.2,246
frame_ms,1.9351,
frame_ms,0.3571,
frame_ms,0.3769,
frame_ms,0.3364,
frame_ms,0.3994,
frame_ms,0.5045,
frame_ms,0.3679,
frame_ms,0.2878,
frame_ms,0.2499,
frame_ms,0.2517,
frame_ms,0.2485,
frame_ms,0.2471,
frame_ms,0.3049,
frame_ms,0.2647,
frame_ms,0.2367,
frame_ms,0.2315,
frame_ms,0.237,
frame_ms,0.2319,
tick_us,806,244
frame_ms,1.8834,
frame_ms,0.3556,
frame_ms,0.2609,
frame_ms,0.2717,
frame_ms,0.2283,
frame_ms,0.2283,
frame_ms,0.2181,
frame_ms,0.2135,
frame_ms,0.276,
frame_ms,0.2428,
frame_ms,0.221,
frame_ms,0.2634,
frame_ms,0.2351,
frame_ms,0.2254,
frame_ms,0.4587,
frame_ms,0.3561,
frame_ms,0.3427,
frame_ms,0.3629,
frame_ms,0.368,
tick_us,802,234
frame_ms,2.1264,
frame_ms,0.3232,
frame_ms,0.2775,
frame_ms,0.2389,
frame_ms,0.2321,
frame_ms,0.2274,
frame_ms,0.2179,
frame_ms,0.2983,
frame_ms,0.2542,
frame_ms,0.2245,
frame_ms,0.2155,
frame_ms,0.2832,
frame_ms,0.2704,
frame_ms,0.249,
frame_ms,0.2278,
frame_ms,0.229,
frame_ms,0.2237,
frame_ms,0.2263,
frame_ms,0.2181,
frame_ms,0.2795,
tick_us,777.8,232
frame_ms,1.8061,
frame_ms,0.2459,
frame_ms,0.2205,
frame_ms,0.223,
frame_ms,0.2192,
frame_ms,0.2271,
frame_ms,0.2793,
frame_ms,0.2388,
frame_ms,0.2323,
frame_ms,0.3227,
frame_ms,0.2371,
frame_ms,0.2212,
frame_ms,0.2392,
frame_ms,0.2531,
frame_ms,0.2505,
frame_ms,0.2366,
frame_ms,0.2214,
frame_ms,0.2664,
frame_ms,0.2682,
frame_ms,0.2672,
frame_ms,0.2341,
frame_ms,0.2576,
tick_us,785.2,238
frame_ms,1.7713,
frame_ms,0.2538,
frame_ms,0.2677,
frame_ms,0.2248,
frame_ms,0.2287,
frame_ms,0.2341,
frame_ms,0.6345,
frame_ms,0.3386,
frame_ms,0.2669,
frame_ms,0.2217,
frame_ms,0.2243,
frame_ms,0.2182,
frame_ms,0.2383,
frame_ms,0.2676,
frame_ms,0.4095,
frame_ms,0.5218,
frame_ms,0.4072,
tick_us,802.4,218
frame_ms,2.2417,
frame_ms,0.2944,
frame_ms,0.2587,
frame_ms,0.2426,
frame_ms,0.23,
frame_ms,0.2322,
frame_ms,0.2208,
frame_ms,0.2337,
frame_ms,0.2587,
frame_ms,0.2347,
frame_ms,0.2337,
frame_ms,0.2188,
frame_ms,0.2711,
frame_ms,0.2345,
frame_ms,0.2126,
frame_ms,0.2859,
frame_ms,0.2869,
frame_ms,0.2437,
frame_ms,0.2364,
frame_ms,0.2352,
frame_ms,0.2329,
tick_us,815.9,214
frame_ms,1.8197,
frame_ms,0.2736,
frame_ms,0.238,
frame_ms,0.2308,
frame_ms,0.2384,
frame_ms,0.2191,
frame_ms,0.2128,
frame_ms,0.2781,
frame_ms,0.239,
frame_ms,0.2762,
frame_ms,0.2514,
frame_ms,0.2315,
frame_ms,0.279,
frame_ms,0.2576,
frame_ms,0.2483,
frame_ms,0.5308,
frame_ms,0.3262,
frame_ms,0.2485,
frame_ms,0.2832,
frame_ms,0.286,
tick_us,798.8,214
frame_ms,2.0005,
frame_ms,0.3814,
frame_ms,0.265,
frame_ms,0.2269,
frame_ms,0.2287,
frame_ms,0.2224,
frame_ms,0.2247,
frame_ms,0.2621,
frame_ms,0.2509,
frame_ms,0.2292,
frame_ms,0.2354,
frame_ms,0.2572,
frame_ms,0.2369,
frame_ms,0.2168,
frame_ms,0.2643,
frame_ms,0.3063,
frame_ms,0.2455,
frame_ms,0.2324,
frame_ms,0.2505,
frame_ms,0.2346,
frame_ms,0.2543,
tick_us,780.1,214
frame_ms,1.8364,
frame_ms,0.2689,
frame_ms,0.2373,
frame_ms,0.2276,
frame_ms,0.2299,
frame_ms,0.225,
frame_ms,0.2391,
frame_ms,0.2713,
frame_ms,0.2707,
frame_ms,0.235,
frame_ms,0.2275,
frame_ms,0.2206,
frame_ms,0.2169,
frame_ms,0.2708,
frame_ms,0.238,
frame_ms,0.2234,
frame_ms,0.2691,
frame_ms,0.238,
frame_ms,0.215,
frame_ms,0.2413,
frame_ms,0.6534,
tick_us,805.5,212
frame_ms,2.0576,
frame_ms,0.4137,
frame_ms,0.279,
frame_ms,0.2454,
frame_ms,0.2372,
frame_ms,0.2331,
frame_ms,0.2466,
frame_ms,0.2354,
frame_ms,0.2499,
frame_ms,0.2355,
frame_ms,0.2392,
frame_ms,0.229,
frame_ms,0.2302,
frame_ms,0.3204,
frame_ms,0.2991,
frame_ms,0.238,
frame_ms,0.2273,
frame_ms,0.2236,
frame_ms,0.2657,
tick_us,792.3,212
frame_ms,1.8711,
frame_ms,0.2875,
frame_ms,0.2291,
frame_ms,0.2237,
frame_ms,0.2284,
frame_ms,0.216,
frame_ms,0.2197,
frame_ms,0.2696,
frame_ms,0.2365,
frame_ms,0.2189,
frame_ms,0.2844,
frame_ms,0.2587,
frame_ms,0.267,
frame_ms,0.293,
frame_ms,0.2636,
frame_ms,0.2357,
frame_ms,0.2264,
frame_ms,0.2275,
frame_ms,0.2175,
frame_ms,0.2258,
frame_ms,0.2665,
frame_ms,0.2367,
tick_us,750.2,202
frame_ms,1.7288,
frame_ms,0.9939,
frame_ms,0.4701,
frame_ms,0.3358,
frame_ms,0.2482,
frame_ms,0.2392,
frame_ms,0.2425,
frame_ms,0.4983,
frame_ms,0.4714,
frame_ms,0.2813,
frame_ms,0.2364,
frame_ms,0.2391,
frame_ms,0.2391,
frame_ms,0.2354,
frame_ms,0.2298,
frame_ms,0.2348,
tick_us,832.2,204
frame_ms,1.8265,
frame_ms,0.2553,
frame_ms,0.2239,
frame_ms,0.2267,
frame_ms,0.2545,
frame_ms,0.2261,
frame_ms,0.2163,
frame_ms,0.2131,
frame_ms,0.2684,
frame_ms,0.2317,
frame_ms,0.2148,
frame_ms,0.2188,
frame_ms,0.2357,
frame_ms,0.4395,
frame_ms,0.3483,
frame_ms,0.2246,
frame_ms,0.2306,
frame_ms,0.2177,
frame_ms,0.2236,
frame_ms,0.2901,
frame_ms,0.2392,
frame_ms,0.2177,
tick_us,785.5,202
frame_ms,1.8995,
frame_ms,0.2445,
frame_ms,0.2197,
frame_ms,0.2339,
frame_ms,0.2193,
frame_ms,0.2859,
frame_ms,0.2439,
frame_ms,0.2283,
frame_ms,0.2361,
frame_ms,0.2757,
frame_ms,0.2714,
frame_ms,0.2278,
frame_ms,0.2205,
frame_ms,0.2174,
frame_ms,0.267,
frame_ms,0.2369,
frame_ms,0.2206,
frame_ms,0.2682,
frame_ms,0.2354,
frame_ms,0.2153,
frame_ms,0.2675,
tick_us,761.9,208
frame_ms,1.7636,
frame_ms,0.2469,
frame_ms,0.2239,
frame_ms,0.2234,
frame_ms,0.2222,
frame_ms,0.2334,
frame_ms,0.275,
frame_ms,0.2791,
frame_ms,0.226,
frame_ms,0.2448,
frame_ms,0.2338,
frame_ms,0.2131,
frame_ms,0.2136,
frame_ms,0.3847,
frame_ms,0.2845,
frame_ms,0.2396,
frame_ms,0.2364,
frame_ms,0.2424,
frame_ms,0.2333,
frame_ms,0.2397,
frame_ms,0.2447,
frame_ms,0.2399,
tick_us,771.4,204
frame_ms,1.7619,
frame_ms,0.2498,
frame_ms,0.2275,
frame_ms,0.2221,
frame_ms,0.2244,
frame_ms,0.2814,
frame_ms,0.2609,
frame_ms,0.2308,
frame_ms,0.2273,
frame_ms,0.2606,
frame_ms,0.2882,
frame_ms,0.2385,
frame_ms,0.2313,
frame_ms,0.227,
frame_ms,0.2323,
frame_ms,0.2586,
frame_ms,0.6562,
frame_ms,0.4954,
frame_ms,0.2835,
frame_ms,0.2299,
tick_us,785.5,196
frame_ms,1.8061,
frame_ms,0.2545,
frame_ms,0.2417,
frame_ms,0.2275,
frame_ms,0.2282,
frame_ms,0.2258,
frame_ms,0.2293,
frame_ms,0.245,
frame_ms,0.2759,
frame_ms,0.2372,
frame_ms,0.2237,
frame_ms,0.2276,
frame_ms,0.2171,
frame_ms,0.2194,
frame_ms,0.2761,
frame_ms,0.2728,
frame_ms,0.2313,
frame_ms,0.2234,
frame_ms,0.2478,
frame_ms,0.3026,
frame_ms,0.2534,
frame_ms,0.2237,
tick_us,761.6,192
frame_ms,1.762,
frame_ms,0.2502,
frame_ms,0.225,
frame_ms,0.2564,
frame_ms,0.234,
frame_ms,0.2275,
frame_ms,0.2202,
frame_ms,0.2228,
frame_ms,0.2468,
frame_ms,0.2242,
frame_ms,0.305,
frame_ms,0.2376,
frame_ms,0.2158,
frame_ms,0.2742,
frame_ms,0.2339,
frame_ms,0.2137,
frame_ms,0.3034,
frame_ms,0.2359,
frame_ms,0.223,
frame_ms,0.271,
frame_ms,0.2401,
frame_ms,0.218,
tick_us,800,194
frame_ms,1.8252,
frame_ms,0.255,
frame_ms,0.217,
frame_ms,0.2142,
frame_ms,0.2575,
frame_ms,0.2303,
frame_ms,0.2149,
frame_ms,0.2435,
frame_ms,0.2202,
frame_ms,0.2134,
frame_ms,0.2226,
frame_ms,0.2357,
frame_ms,0.2315,
frame_ms,0.2147,
frame_ms,0.2658,
frame_ms,0.2509,
frame_ms,0.2289,
frame_ms,0.2125,
frame_ms,0.2744,
frame_ms,0.3197,
frame_ms,0.3033,
frame_ms,0.2534,
frame_ms,0.2305,
tick_us,792.7,194
frame_ms,1.8207,
frame_ms,0.2817,
frame_ms,0.2301,
frame_ms,0.2263,
frame_ms,0.2363,
frame_ms,0.2299,
frame_ms,0.2209,
frame_ms,0.2676,
frame_ms,0.2346,
frame_ms,0.2239,
frame_ms,0.2385,
frame_ms,0.2573,
frame_ms,0.2358,
frame_ms,0.2581,
frame_ms,0.2381,
frame_ms,0.2653,
frame_ms,0.2351,
frame_ms,0.2225,
frame_ms,0.256,
frame_ms,0.2352,
frame_ms,0.2166,
frame_ms,0.263,
tick_us,729,192
frame_ms,1.9935,
frame_ms,0.334,
frame_ms,0.2637,
frame_ms,0.2377,
frame_ms,0.2319,
frame_ms,0.2276,
frame_ms,0.2285,
frame_ms,0.2388,
frame_ms,0.2723,
frame_ms,0.2363,
frame_ms,0.2656,
frame_ms,0.2351,
frame_ms,0.2195,
frame_ms,0.2539,
frame_ms,0.2291,
frame_ms,0.2134,
frame_ms,0.2573,
frame_ms,0.2355,
frame_ms,0.2602,
frame_ms,0.2517,
frame_ms,0.267,
tick_us,774.2,204
frame_ms,1.7998,
frame_ms,0.2453,
frame_ms,0.2207,
frame_ms,0.2157,
frame_ms,0.2355,
frame_ms,0.2666,
frame_ms,0.2487,
frame_ms,0.232,
frame_ms,0.2948,
frame_ms,0.3009,
frame_ms,0.2421,
frame_ms,0.2316,
frame_ms,0.2311,
frame_ms,0.2311,
frame_ms,0.2261,
frame_ms,0.2246,
frame_ms,0.2516,
frame_ms,0.2247,
frame_ms,0.3155,
frame_ms,0.277,
frame_ms,0.2746,
tick_us,752.7,206
frame_ms,1.7781,
frame_ms,0.2543,
frame_ms,0.2234,
frame_ms,0.2205,
frame_ms,0.2252,
frame_ms,0.2702,
frame_ms,0.2356,
frame_ms,0.2585,
frame_ms,0.2232,
frame_ms,0.2216,
frame_ms,0.2213,
frame_ms,0.2841,
frame_ms,0.2373,
frame_ms,0.2199,
frame_ms,0.2689,
frame_ms,0.3097,
frame_ms,0.2353,
frame_ms,0.2154,
frame_ms,0.2687,
frame_ms,0.238,
frame_ms,0.2269,
frame_ms,0.2564,
frame_ms,0.2338,
tick_us,769.8,212
frame_ms,1.7499,
frame_ms,0.2477,
frame_ms,0.24,
frame_ms,0.2544,
frame_ms,0.2143,
frame_ms,0.2193,
frame_ms,0.2671,
frame_ms,0.2349,
frame_ms,0.2289,
frame_ms,0.2969,
frame_ms,0.2411,
frame_ms,0.2303,
frame_ms,0.2309,
frame_ms,0.2245,
frame_ms,0.2266,
frame_ms,0.2218,
frame_ms,0.264,
frame_ms,0.2403,
frame_ms,0.2239,
frame_ms,0.2226,
frame_ms,0.2453,
frame_ms,0.2685,
tick_us,733,206
frame_ms,1.7323,
frame_ms,0.2386,
frame_ms,0.2143,
frame_ms,0.2213,
frame_ms,0.2153,
frame_ms,0.2205,
frame_ms,0.2785,
frame_ms,0.2658,
frame_ms,0.2304,
frame_ms,0.2192,
frame_ms,0.4699,
frame_ms,0.3511,
frame_ms,0.4628,
frame_ms,0.2614,
frame_ms,0.2211,
frame_ms,0.2204,
frame_ms,0.2139,
frame_ms,0.2124,
frame_ms,0.2484,
frame_ms,0.2584,
frame_ms,0.2274,
tick_us,767,206
frame_ms,1.7557,
frame_ms,0.2422,
frame_ms,0.2164,
frame_ms,0.2185,
frame_ms,0.2165,
frame_ms,0.2107,
frame_ms,0.2652,
frame_ms,0.2733,
frame_ms,0.2337,
frame_ms,0.2214,
frame_ms,0.216,
frame_ms,0.2421,
frame_ms,0.254,
frame_ms,0.2279,
frame_ms,0.223,
frame_ms,0.3091,
frame_ms,0.2397,
frame_ms,0.2202,
frame_ms,0.2167,
frame_ms,0.2128,
frame_ms,0.2438,
frame_ms,0.2174,
frame_ms,0.2195,
frame_ms,0.2128,
tick_us,765.9,198
frame_ms,1.8211,
frame_ms,0.2489,
frame_ms,0.2149,
frame_ms,0.2179,
frame_ms,0.214,
frame_ms,0.2106,
frame_ms,0.25,
frame_ms,0.2275,
frame_ms,0.2478,
frame_ms,0.2097,
frame_ms,0.2507,
frame_ms,0.2269,
frame_ms,0.2109,
frame_ms,0.2291,
frame_ms,0.2138,
frame_ms,0.2756,
frame_ms,0.2433,
frame_ms,0.2122,
frame_ms,0.2571,
frame_ms,0.2267,
frame_ms,0.2188,
frame_ms,0.2597,
tick_us,871.4,200
frame_ms,2.1103,
frame_ms,0.3386,
frame_ms,0.2621,
frame_ms,0.2198,
frame_ms,0.2248,
frame_ms,0.2178,
frame_ms,0.2143,
frame_ms,0.2429,
frame_ms,0.348,
frame_ms,0.2304,
frame_ms,0.2171,
frame_ms,0.2203,
frame_ms,0.2316,
frame_ms,0.2427,
frame_ms,0.2098,
frame_ms,0.2423,
frame_ms,0.2263,
frame_ms,0.2057,
frame_ms,0.2237,
frame_ms,0.2165,
frame_ms,0.2036,
frame_ms,0.2472,
tick_us,759.1,198
frame_ms,1.7934,
frame_ms,0.275,
frame_ms,0.2236,
frame_ms,0.2229,
frame_ms,0.2141,
frame_ms,0.213,
frame_ms,0.2459,
frame_ms,0.2547,
frame_ms,0.2248,
frame_ms,0.209,
frame_ms,0.2372,
frame_ms,0.2461,
frame_ms,0.2302,
frame_ms,0.2189,
frame_ms,0.2467,
frame_ms,0.2326,
frame_ms,0.2165,
frame_ms,0.2311,
frame_ms,0.2392,
frame_ms,0.2202,
frame_ms,0.2121,
frame_ms,0.2474,
frame_ms,0.2589,
tick_us,744.9,198
frame_ms,1.7398,
frame_ms,0.8515,
frame_ms,1.0084,
frame_ms,0.2607,
frame_ms,0.222,
frame_ms,0.2217,
frame_ms,0.218,
frame_ms,0.2132,
frame_ms,0.2611,
frame_ms,0.2255,
frame_ms,0.2183,
frame_ms,0.2439,
frame_ms,0.2618,
frame_ms,0.2644,
frame_ms,0.2385,
frame_ms,0.2512,
frame_ms,0.2382,
tick_us,781.9,196
frame_ms,1.7769,
frame_ms,0.2462,
frame_ms,0.2149,
frame_ms,0.2219,
frame_ms,0.2127,
frame_ms,0.2242,
frame_ms,0.2349,
frame_ms,0.2268,
frame_ms,0.229,
frame_ms,0.2144,
frame_ms,0.3086,
frame_ms,0.2378,
frame_ms,0.2191,
frame_ms,0.2081,
frame_ms,0.2076,
frame_ms,0.2611,
frame_ms,0.2426,
frame_ms,0.2096,
frame_ms,0.2374,
frame_ms,0.228,
frame_ms,0.2097,
frame_ms,0.2262,
frame_ms,0.2284,
frame_ms,0.2445,
tick_us,773.5,194
frame_ms,1.7606,
frame_ms,0.237,
frame_ms,0.2143,
frame_ms,0.2176,
frame_ms,0.2491,
frame_ms,0.2052,
frame_ms,0.2651,
frame_ms,0.2215,
frame_ms,0.3871,
frame_ms,0.4553,
frame_ms,0.3584,
frame_ms,0.4485,
frame_ms,0.2842,
frame_ms,0.232,
frame_ms,0.221,
frame_ms,0.2127,
frame_ms,0.2372,
frame_ms,0.2247,
frame_ms,0.213,
frame_ms,0.2389,
tick_us,771.5,192
frame_ms,1.7714,
frame_ms,0.2469,
frame_ms,0.2314,
frame_ms,0.2291,
frame_ms,0.2239,
frame_ms,0.2497,
frame_ms,0.2477,
frame_ms,0.2692,
frame_ms,0.2376,
frame_ms,0.2234,
frame_ms,0.2187,
frame_ms,0.2134,
frame_ms,0.2642,
frame_ms,0.2661,
frame_ms,0.2309,
frame_ms,0.2174,
frame_ms,0.2407,
frame_ms,0.2723,
frame_ms,0.2675,
frame_ms,0.2454,
frame_ms,0.2309,
frame_ms,0.2287,
tick_us,1212.4,200
frame_ms,2.2117,
frame_ms,0.2789,
frame_ms,0.222,
frame_ms,0.2251,
frame_ms,0.2207,
frame_ms,0.2137,
frame_ms,0.2366,
frame_ms,0.2714,
frame_ms,0.42,
frame_ms,0.2492,
frame_ms,0.2182,
frame_ms,0.2174,
frame_ms,0.2099,
frame_ms,0.873,
frame_ms,0.2833,
frame_ms,0.2237,
frame_ms,0.2159,
frame_ms,0.2169,
tick_us,789.3,198
frame_ms,1.7719,
frame_ms,0.247,
frame_ms,0.2114,
frame_ms,0.2176,
frame_ms,0.289,
frame_ms,0.2294,
frame_ms,0.2258,
frame_ms,0.2453,
frame_ms,0.2268,
frame_ms,0.2117,
frame_ms,0.2911,
frame_ms,0.2268,
frame_ms,0.2144,
frame_ms,0.2723,
frame_ms,0.235,
frame_ms,0.3161,
frame_ms,0.2374,
frame_ms,0.2439,
frame_ms,0.2416,
frame_ms,0.2171,
frame_ms,0.2148,
frame_ms,0.2736,
tick_us,737.9,200
frame_ms,1.7754,
frame_ms,0.2459,
frame_ms,0.2126,
frame_ms,0.3238,
frame_ms,0.3883,
frame_ms,0.249,
frame_ms,0.2159,
frame_ms,0.2235,
frame_ms,0.2085,
frame_ms,0.2082,
frame_ms,0.2677,
frame_ms,0.278,
frame_ms,0.2179,
frame_ms,0.2597,
frame_ms,0.2239,
frame_ms,0.2117,
frame_ms,0.2708,
frame_ms,0.2341,
frame_ms,0.2163,
frame_ms,0.2638,
frame_ms,0.2352,
frame_ms,0.2182,
tick_us,801.8,208
frame_ms,1.8349,
frame_ms,0.2633,
frame_ms,0.2222,
frame_ms,0.2222,
frame_ms,0.2244,
frame_ms,0.2231,
frame_ms,0.2182,
frame_ms,0.2177,
frame_ms,0.2787,
frame_ms,0.2546,
frame_ms,0.2534,
frame_ms,0.2249,
frame_ms,0.2216,
frame_ms,0.2139,
frame_ms,0.2105,
frame_ms,0.2467,
frame_ms,0.2249,
frame_ms,0.2151,
frame_ms,0.2661,
frame_ms,0.2285,
frame_ms,0.2182,
frame_ms,0.2652,
frame_ms,0.2279,
tick_us,770.3,210
frame_ms,1.7642,
frame_ms,0.2422,
frame_ms,0.217,
frame_ms,0.2221,
frame_ms,0.2194,
frame_ms,0.2136,
frame_ms,0.2491,
frame_ms,0.2718,
frame_ms,0.234,
frame_ms,0.221,
frame_ms,0.2144,
frame_ms,0.2603,
frame_ms,0.2535,
frame_ms,0.2306,
frame_ms,0.2313,
frame_ms,0.2233,
frame_ms,0.2146,
frame_ms,0.2578,
frame_ms,0.2286,
frame_ms,0.2174,
frame_ms,0.2357,
frame_ms,0.2637,
frame_ms,0.2428,
tick_us,751.3,214
frame_ms,2.0137,
frame_ms,0.5343,
frame_ms,0.2851,
frame_ms,0.2483,
frame_ms,0.2185,
frame_ms,0.2475,
frame_ms,0.2268,
frame_ms,0.2221,
frame_ms,0.2301,
frame_ms,0.2619,
frame_ms,0.2782,
frame_ms,0.2386,
frame_ms,0.2258,
frame_ms,0.2244,
frame_ms,0.2521,
frame_ms,0.2301,
frame_ms,0.2184,
frame_ms,0.2474,
frame_ms,0.2431,
frame_ms,0.2502,
frame_ms,0.2141,
tick_us,791.7,212
frame_ms,1.8044,
frame_ms,0.249,
frame_ms,0.2207,
frame_ms,0.217,
frame_ms,0.2535,
frame_ms,0.2629,
frame_ms,0.2345,
frame_ms,0.309,
frame_ms,0.2958,
frame_ms,0.259,
frame_ms,0.2297,
frame_ms,0.222,
frame_ms,0.2166,
frame_ms,0.214,
frame_ms,0.2965,
frame_ms,0.2358,
frame_ms,0.2218,
frame_ms,0.236,
frame_ms,0.2193,
frame_ms,0.2081,
frame_ms,0.2556,
frame_ms,0.2276,
tick_us,778.1,208
frame_ms,1.795,
frame_ms,0.2586,
frame_ms,0.214,
frame_ms,0.236,
frame_ms,0.217,
frame_ms,0.2668,
frame_ms,0.218,
frame_ms,0.234,
frame_ms,0.2595,
frame_ms,0.4707,
frame_ms,0.3552,
frame_ms,0.2841,
frame_ms,0.2255,
frame_ms,0.2211,
frame_ms,0.2226,
frame_ms,0.2127,
frame_ms,0.212,
frame_ms,0.2905,
frame_ms,0.28,
frame_ms,0.2419,
frame_ms,0.2337,
tick_us,799.4,208
frame_ms,1.8018,
frame_ms,0.2492,
frame_ms,0.2239,
frame_ms,0.275,
frame_ms,0.2317,
frame_ms,0.2245,
frame_ms,0.5184,
frame_ms,0.2493,
frame_ms,0.229,
frame_ms,0.2509,
frame_ms,0.234,
frame_ms,0.2263,
frame_ms,0.2497,
frame_ms,0.2199,
frame_ms,0.258,
frame_ms,0.228,
frame_ms,0.2524,
frame_ms,0.5358,
frame_ms,0.2407,
frame_ms,0.2495,
tick_us,787.8,198
frame_ms,1.8434,
frame_ms,0.2517,
frame_ms,0.2245,
frame_ms,1.0364,
frame_ms,0.2438,
frame_ms,0.4209,
frame_ms,0.3889,
frame_ms,0.2897,
frame_ms,0.2491,
frame_ms,0.2197,
frame_ms,0.223,
frame_ms,0.5246,
frame_ms,0.2749,
frame_ms,0.2359,
frame_ms,0.2194,
frame_ms,0.2276,
tick_us,837.8,208
frame_ms,1.8501,
frame_ms,0.256,
frame_ms,0.2236,
frame_ms,0.2245,
frame_ms,0.2313,
frame_ms,0.2221,
frame_ms,0.2574,
frame_ms,0.2459,
frame_ms,0.2254,
frame_ms,0.2627,
frame_ms,0.2941,
frame_ms,0.2704,
frame_ms,0.2516,
frame_ms,0.2337,
frame_ms,0.2281,
frame_ms,0.2502,
frame_ms,0.223,
frame_ms,0.2177,
frame_ms,0.2305,
frame_ms,0.2531,
frame_ms,0.2296,
frame_ms,0.2086,
tick_us,902.1,214
frame_ms,1.957,
frame_ms,0.2598,
frame_ms,0.2208,
frame_ms,0.2227,
frame_ms,0.2201,
frame_ms,0.2152,
frame_ms,0.2541,
frame_ms,0.2356,
frame_ms,0.2206,
frame_ms,0.2154,
frame_ms,0.2843,
frame_ms,0.2158,
frame_ms,0.2157,
frame_ms,0.2565,
frame_ms,0.2412,
frame_ms,0.2272,
frame_ms,0.2154,
frame_ms,0.2768,
frame_ms,0.2825,
frame_ms,0.258,
frame_ms,0.2701,
frame_ms,0.6469,
tick_us,801.7,214
frame_ms,1.9876,
frame_ms,0.2571,
frame_ms,0.2508,
frame_ms,0.2505,
frame_ms,0.2254,
frame_ms,0.2232,
frame_ms,0.2288,
frame_ms,0.2347,
frame_ms,0.265,
frame_ms,0.2305,
frame_ms,0.2166,
frame_ms,0.2458,
frame_ms,0.2339,
frame_ms,0.2414,
frame_ms,0.2439,
frame_ms,0.2425,
frame_ms,0.2044,
frame_ms,0.2794,
frame_ms,0.2338,
frame_ms,0.2288,
tick_us,788.2,214
frame_ms,1.8127,
frame_ms,0.2503,
frame_ms,0.2207,
frame_ms,0.2124,
frame_ms,0.2121,
frame_ms,0.2744,
frame_ms,0.2284,
frame_ms,0.2217,
frame_ms,0.2431,
frame_ms,0.2237,
frame_ms,0.215,
frame_ms,0.2721,
frame_ms,0.2311,
frame_ms,0.2145,
frame_ms,0.2545,
frame_ms,0.2303,
frame_ms,0.2144,
frame_ms,0.2702,
frame_ms,0.2877,
frame_ms,0.2416,
frame_ms,0.2397,
frame_ms,0.2283,
frame_ms,0.2702,
tick_us,829.2,216
frame_ms,2.0173,
frame_ms,0.3775,
frame_ms,0.3308,
frame_ms,0.3164,
frame_ms,0.2284,
frame_ms,0.2229,
frame_ms,0.226,
frame_ms,0.2308,
frame_ms,0.2199,
frame_ms,0.5015,
frame_ms,0.2503,
frame_ms,0.2172,
frame_ms,0.222,
frame_ms,0.2284,
frame_ms,0.2542,
frame_ms,0.2182,
frame_ms,0.2617,
frame_ms,0.2366,
frame_ms,0.2476,
tick_us,801.8,208
frame_ms,1.8506,
frame_ms,0.2589,
frame_ms,0.2278,
frame_ms,0.2236,
frame_ms,0.2409,
frame_ms,0.2183,
frame_ms,0.2183,
frame_ms,0.215,
frame_ms,0.2756,
frame_ms,0.4182,
frame_ms,0.3927,
frame_ms,0.4334,
frame_ms,0.3507,
frame_ms,0.2969,
frame_ms,0.3633,
frame_ms,0.2499,
frame_ms,0.2184,
frame_ms,0.2229,
frame_ms,0.2231,
tick_us,787.4,210
frame_ms,1.7757,
frame_ms,0.2565,
frame_ms,0.2172,
frame_ms,0.2236,
frame_ms,0.228,
frame_ms,0.219,
frame_ms,0.2157,
frame_ms,0.3615,
frame_ms,0.2726,
frame_ms,0.2858,
frame_ms,0.236,
frame_ms,0.2245,
frame_ms,0.2209,
frame_ms,0.2117,
frame_ms,0.2389,
frame_ms,0.2225,
frame_ms,0.2253,
frame_ms,0.2587,
frame_ms,0.3263,
frame_ms,0.2216,
frame_ms,0.2224,
frame_ms,0.2266,
frame_ms,0.2082,
tick_us,753.8,216
frame_ms,1.7607,
frame_ms,0.2501,
frame_ms,0.2273,
frame_ms,0.2205,
frame_ms,0.2175,
frame_ms,0.2797,
frame_ms,0.2288,
frame_ms,0.2235,
frame_ms,0.2392,
frame_ms,0.2228,
frame_ms,0.2735,
frame_ms,0.2202,
frame_ms,0.2563,
frame_ms,0.227,
frame_ms,0.2127,
frame_ms,0.2492,
frame_ms,0.2302,
frame_ms,0.2163,
frame_ms,0.2489,
frame_ms,0.2826,
frame_ms,0.2778,
frame_ms,0.2312,
tick_us,747,202
frame_ms,1.7791,
frame_ms,0.2514,
frame_ms,0.2175,
frame_ms,0.2171,
frame_ms,0.2155,
frame_ms,0.2374,
frame_ms,0.2219,
frame_ms,0.2518,
frame_ms,0.23,
frame_ms,0.2502,
frame_ms,0.2424,
frame_ms,0.241,
frame_ms,0.2099,
frame_ms,0.2505,
frame_ms,0.2369,
frame_ms,0.2293,
frame_ms,0.7561,
frame_ms,0.2909,
frame_ms,0.2348,
frame_ms,0.4035,
tick_us,904.9,200
frame_ms,2.1674,
frame_ms,0.287,
frame_ms,0.2239,
frame_ms,0.2227,
frame_ms,0.2344,
frame_ms,0.2226,
frame_ms,0.2169,
frame_ms,0.216,
frame_ms,0.2612,
frame_ms,0.238,
frame_ms,0.2373,
frame_ms,0.3828,
frame_ms,1.1096,
frame_ms,0.2325,
frame_ms,0.2168,
frame_ms,0.231,
tick_us,739.5,216
frame_ms,1.9653,
frame_ms,0.2689,
frame_ms,0.2365,
frame_ms,0.2298,
frame_ms,0.2397,
frame_ms,0.2197,
frame_ms,0.2158,
frame_ms,0.2141,
frame_ms,0.268,
frame_ms,0.2336,
frame_ms,0.2172,
frame_ms,0.2393,
frame_ms,0.2662,
frame_ms,0.2637,
frame_ms,0.2315,
frame_ms,0.2478,
frame_ms,0.2446,
frame_ms,0.2238,
frame_ms,0.2148,
frame_ms,0.2447,
frame_ms,0.2304,
frame_ms,0.2866,
frame_ms,0.2527,
tick_us,737.1,220
frame_ms,1.9096,
frame_ms,0.2814,
frame_ms,0.2263,
frame_ms,0.2264,
frame_ms,0.228,
frame_ms,0.2321,
frame_ms,0.2208,
frame_ms,0.2299,
frame_ms,0.217,
frame_ms,0.2576,
frame_ms,0.2314,
frame_ms,0.2168,
frame_ms,0.2594,
frame_ms,0.2309,
frame_ms,0.2172,
frame_ms,0.2438,
frame_ms,0.2287,
frame_ms,0.2135,
frame_ms,0.2203,
frame_ms,0.2149,
frame_ms,0.2746,
frame_ms,0.2356,
frame_ms,0.2205,
tick_us,754,216
frame_ms,1.7556,
frame_ms,0.2421,
frame_ms,0.2138,
frame_ms,0.22,
frame_ms,0.2137,
frame_ms,0.228,
frame_ms,0.2244,
frame_ms,0.2229,
frame_ms,0.2468,
frame_ms,0.2273,
frame_ms,0.2122,
frame_ms,0.2334,
frame_ms,0.2116,
frame_ms,0.2681,
frame_ms,0.2265,
frame_ms,0.2087,
frame_ms,0.257,
frame_ms,0.2224,
frame_ms,0.2113,
frame_ms,0.2503,
frame_ms,0.2193,
frame_ms,0.2091,
frame_ms,0.2223,
frame_ms,0.212,
tick_us,745,222
frame_ms,1.6995,
frame_ms,0.2499,
frame_ms,0.2182,
frame_ms,0.2214,
frame_ms,0.2101,
frame_ms,0.2402,
frame_ms,0.2206,
frame_ms,0.2109,
frame_ms,0.2381,
frame_ms,0.2272,
frame_ms,0.2111,
frame_ms,0.2547,
frame_ms,0.2302,
frame_ms,0.2142,
frame_ms,0.2771,
frame_ms,0.2808,
frame_ms,0.2405,
frame_ms,0.2305,
frame_ms,0.5919,
frame_ms,0.2594,
frame_ms,0.2176,
tick_us,761.9,214
frame_ms,1.7625,
frame_ms,0.2447,
frame_ms,0.2179,
frame_ms,0.2184,
frame_ms,0.2193,
frame_ms,0.2146,
frame_ms,0.2355,
frame_ms,0.2247,
frame_ms,0.2156,
frame_ms,0.253,
frame_ms,0.2681,
frame_ms,0.2683,
frame_ms,0.2597,
frame_ms,0.224,
frame_ms,0.2263,
frame_ms,0.2112,
frame_ms,0.2107,
frame_ms,0.3693,
frame_ms,0.3458,
frame_ms,0.3691,
frame_ms,0.4752,
tick_us,804.9,212
frame_ms,1.9449,
frame_ms,0.2859,
frame_ms,0.2262,
frame_ms,0.7078,
frame_ms,0.2268,
frame_ms,0.2186,
frame_ms,0.2166,
frame_ms,0.4422,
frame_ms,0.3761,
frame_ms,0.2844,
frame_ms,0.2096,
frame_ms,0.2167,
frame_ms,0.211,
frame_ms,0.2429,
frame_ms,0.3257,
frame_ms,0.4078,
frame_ms,0.3433,
tick_us,766.6,208
frame_ms,1.8082,
frame_ms,0.2707,
frame_ms,0.2266,
frame_ms,0.2142,
frame_ms,0.2145,
frame_ms,0.289,
frame_ms,0.2775,
frame_ms,0.4115,
frame_ms,0.2733,
frame_ms,0.2176,
frame_ms,0.2156,
frame_ms,0.2099,
frame_ms,0.2296,
frame_ms,0.2113,
frame_ms,0.2527,
frame_ms,0.2267,
frame_ms,0.2526,
frame_ms,0.2118,
frame_ms,0.2405,
frame_ms,0.2695,
tick_us,825.3,212
frame_ms,2.599,
frame_ms,0.2773,
frame_ms,0.231,
frame_ms,0.2372,
frame_ms,0.2266,
frame_ms,0.2117,
frame_ms,0.2621,
frame_ms,0.2381,
frame_ms,0.2181,
frame_ms,0.2802,
frame_ms,0.2351,
frame_ms,0.2209,
frame_ms,0.2108,
frame_ms,0.3253,
frame_ms,0.2441,
frame_ms,0.2102,
frame_ms,0.2487,
frame_ms,0.2311,
frame_ms,0.2134,
frame_ms,0.2085,
frame_ms,0.317,
tick_us,778.8,208
frame_ms,1.8971,
frame_ms,0.3835,
frame_ms,0.2504,
frame_ms,0.2182,
frame_ms,0.2193,
frame_ms,0.2098,
frame_ms,0.2071,
frame_ms,0.2733,
frame_ms,0.2272,
frame_ms,0.2129,
frame_ms,0.2616,
frame_ms,0.224,
frame_ms,0.2208,
frame_ms,0.2459,
frame_ms,0.2297,
frame_ms,0.2305,
frame_ms,0.2391,
frame_ms,0.2215,
frame_ms,0.2033,
frame_ms,0.2513,
frame_ms,0.2202,
frame_ms,0.2288,
tick_us,814.5,198
frame_ms,1.8794,
frame_ms,0.3869,
frame_ms,0.3406,
frame_ms,0.2898,
frame_ms,0.2728,
frame_ms,0.2348,
frame_ms,0.2217,
frame_ms,0.2231,
frame_ms,0.2148,
frame_ms,0.2395,
frame_ms,0.2373,
frame_ms,0.2204,
frame_ms,0.2392,
frame_ms,0.2173,
frame_ms,0.2083,
frame_ms,0.2436,
frame_ms,0.2237,
frame_ms,0.3143,
frame_ms,0.2697,
frame_ms,0.238,
frame_ms,0.228,
tick_us,787.8,188
frame_ms,1.7847,
frame_ms,0.2778,
frame_ms,0.4205,
frame_ms,0.2721,
frame_ms,0.2167,
frame_ms,0.2181,
frame_ms,0.2163,
frame_ms,0.2289,
frame_ms,0.2219,
frame_ms,0.2098,
frame_ms,0.2614,
frame_ms,0.2127,
frame_ms,0.2124,
frame_ms,0.2425,
frame_ms,0.2212,
frame_ms,0.2133,
frame_ms,0.2525,
frame_ms,0.2269,
frame_ms,0.209,
frame_ms,0.2481,
frame_ms,0.23,
frame_ms,0.2107,
frame_ms,0.252,
tick_us,751.2,194
frame_ms,1.7933,
frame_ms,0.2754,
frame_ms,0.2271,
frame_ms,0.2564,
frame_ms,0.415,
frame_ms,0.3384,
frame_ms,0.3003,
frame_ms,0.2253,
frame_ms,0.2343,
frame_ms,0.223,
frame_ms,0.2119,
frame_ms,0.2115,
frame_ms,0.2481,
frame_ms,0.2274,
frame_ms,0.2095,
frame_ms,0.2494,
frame_ms,0.2183,
frame_ms,0.2084,
frame_ms,0.2371,
frame_ms,0.2208,
frame_ms,0.2084,
frame_ms,0.2473,
tick_us,779.9,194
frame_ms,1.7739,
frame_ms,0.2415,
frame_ms,0.2151,
frame_ms,0.3185,
frame_ms,0.3774,
frame_ms,0.2599,
frame_ms,0.2829,
frame_ms,0.2422,
frame_ms,0.2242,
frame_ms,0.2214,
frame_ms,0.214,
frame_ms,0.241,
frame_ms,0.2236,
frame_ms,0.2149,
frame_ms,0.258,
frame_ms,0.2305,
frame_ms,0.2146,
frame_ms,0.2715,
frame_ms,0.2328,
frame_ms,0.2131,
frame_ms,0.2576,
frame_ms,0.2344,
tick_us,763.8,196
frame_ms,1.7481,
frame_ms,0.2454,
frame_ms,0.2207,
frame_ms,0.2175,
frame_ms,0.2505,
frame_ms,0.4904,
frame_ms,0.2832,
frame_ms,0.2333,
frame_ms,0.2219,
frame_ms,0.2245,
frame_ms,0.217,
frame_ms,0.2272,
frame_ms,0.2128,
frame_ms,0.2427,
frame_ms,0.2191,
frame_ms,0.2132,
frame_ms,0.2188,
frame_ms,0.2489,
frame_ms,0.2627,
frame_ms,0.233,
frame_ms,0.2255,
frame_ms,0.2201,
tick_us,752.4,200
frame_ms,1.7268,
frame_ms,0.237,
frame_ms,0.2153,
frame_ms,0.2173,
frame_ms,0.218,
frame_ms,0.4202,
frame_ms,0.6212,
frame_ms,0.2498,
frame_ms,0.2242,
frame_ms,0.2209,
frame_ms,0.2142,
frame_ms,0.212,
frame_ms,0.2651,
frame_ms,0.2293,
frame_ms,0.2112,
frame_ms,0.2485,
frame_ms,0.2259,
frame_ms,0.2135,
frame_ms,0.2438,
frame_ms,0.2141,
frame_ms,0.2063,
tick_us,746.1,194
frame_ms,1.758,
frame_ms,0.2693,
frame_ms,0.2146,
frame_ms,0.3108,
frame_ms,0.2194,
frame_ms,0.219,
frame_ms,0.2126,
frame_ms,0.437,
frame_ms,0.2793,
frame_ms,0.2196,
frame_ms,0.2191,
frame_ms,0.2168,
frame_ms,0.2122,
frame_ms,0.248,
frame_ms,0.223,
frame_ms,0.2144,
frame_ms,0.238,
frame_ms,0.2288,
frame_ms,0.216,
frame_ms,0.242,
frame_ms,0.2248,
frame_ms,0.2105,
frame_ms,0.2563,
tick_us,753.1,198
frame_ms,1.7315,
frame_ms,0.2378,
frame_ms,0.2131,
frame_ms,0.2165,
frame_ms,0.2145,
frame_ms,0.2128,
frame_ms,0.2883,
frame_ms,0.3011,
frame_ms,0.5489,
frame_ms,0.2794,
frame_ms,0.2215,
frame_ms,0.2223,
frame_ms,0.2209,
frame_ms,0.2096,
frame_ms,0.2129,
frame_ms,0.2554,
frame_ms,0.2244,
frame_ms,0.2121,
frame_ms,0.2374,
frame_ms,0.2792,
frame_ms,0.2514,
tick_us,792.9,196
frame_ms,1.8032,
frame_ms,0.2441,
frame_ms,0.2206,
frame_ms,0.2214,
frame_ms,0.2158,
frame_ms,0.2141,
frame_ms,0.2482,
frame_ms,0.2554,
frame_ms,0.2258,
frame_ms,0.2245,
frame_ms,0.5037,
frame_ms,0.342,
frame_ms,0.2269,
frame_ms,0.218,
frame_ms,0.2255,
frame_ms,0.2148,
frame_ms,0.2333,
frame_ms,0.2135,
frame_ms,0.276,
frame_ms,0.2633,
frame_ms,0.227,
frame_ms,0.2167,
tick_us,764.4,194
frame_ms,1.7434,
frame_ms,0.2369,
frame_ms,0.213,
frame_ms,0.2166,
frame_ms,0.2146,
frame_ms,0.2098,
frame_ms,0.2675,
frame_ms,0.2296,
frame_ms,0.2136,
frame_ms,0.2708,
frame_ms,0.3468,
frame_ms,0.3294,
frame_ms,0.2523,
frame_ms,0.5593,
frame_ms,0.2777,
frame_ms,0.2337,
frame_ms,0.2185,
frame_ms,0.2185,
frame_ms,0.2164,
frame_ms,0.2643,
frame_ms,0.2612,
tick_us,775.3,202
frame_ms,1.7725,
frame_ms,0.2383,
frame_ms,0.2165,
frame_ms,0.2191,
frame_ms,0.2269,
frame_ms,0.2207,
frame_ms,0.2258,
frame_ms,0.25,
frame_ms,0.2202,
frame_ms,0.2143,
frame_ms,0.2835,
frame_ms,0.2297,
frame_ms,0.2137,
frame_ms,0.3495,
frame_ms,0.2472,
frame_ms,0.2173,
frame_ms,0.2138,
frame_ms,0.2125,
frame_ms,0.2428,
frame_ms,0.2246,
frame_ms,0.2097,
frame_ms,0.2614,
frame_ms,0.2227,
tick_us,767.5,212
frame_ms,1.7518,
frame_ms,0.2343,
frame_ms,0.213,
frame_ms,0.2151,
frame_ms,0.2142,
frame_ms,0.239,
frame_ms,0.223,
frame_ms,0.2121,
frame_ms,0.2564,
frame_ms,0.2668,
frame_ms,0.2917,
frame_ms,0.2466,
frame_ms,0.3078,
frame_ms,0.4138,
frame_ms,0.2956,
frame_ms,0.251,
frame_ms,0.2848,
frame_ms,0.2593,
frame_ms,0.2246,
frame_ms,0.219,
frame_ms,0.2232,
tick_us,783.2,214
frame_ms,1.7571,
frame_ms,0.25,
frame_ms,0.2249,
frame_ms,0.2258,
frame_ms,0.2754,
frame_ms,0.2404,
frame_ms,0.2237,
frame_ms,0.215,
frame_ms,0.2141,
frame_ms,0.215,
frame_ms,0.2437,
frame_ms,0.2206,
frame_ms,0.2117,
frame_ms,0.2433,
frame_ms,0.3379,
frame_ms,0.3373,
frame_ms,0.2318,
frame_ms,0.3067,
frame_ms,0.2883,
frame_ms,0.239,
frame_ms,0.2203,
frame_ms,0.2239,
tick_us,777.3,224
frame_ms,1.7708,
frame_ms,0.2444,
frame_ms,0.2177,
frame_ms,0.2198,
frame_ms,0.2162,
frame_ms,0.2517,
frame_ms,0.2577,
frame_ms,0.2258,
frame_ms,0.2201,
frame_ms,0.2559,
frame_ms,0.2248,
frame_ms,0.2142,
frame_ms,0.2688,
frame_ms,0.226,
frame_ms,0.2124,
frame_ms,0.4542,
frame_ms,0.2989,
frame_ms,0.2397,
frame_ms,0.2148,
frame_ms,0.2188,
frame_ms,0.2129,
frame_ms,0.2435,
tick_us,736.2,224
frame_ms,1.7703,
frame_ms,0.2449,
frame_ms,0.2147,
frame_ms,0.2176,
frame_ms,0.2377,
frame_ms,0.215,
frame_ms,0.2401,
frame_ms,0.2256,
frame_ms,0.2113,
frame_ms,0.2379,
frame_ms,0.2238,
frame_ms,0.6431,
frame_ms,0.2841,
frame_ms,0.2293,
frame_ms,0.27,
frame_ms,0.3233,
frame_ms,0.2702,
frame_ms,0.2283,
frame_ms,0.2203,
frame_ms,0.2169,
frame_ms,0.2145,
tick_us,736.5,222
frame_ms,1.7526,
frame_ms,0.2661,
frame_ms,0.2212,
frame_ms,0.2214,
frame_ms,0.2199,
frame_ms,0.2149,
frame_ms,0.2202,
frame_ms,0.278,
frame_ms,0.2302,
frame_ms,0.2186,
frame_ms,0.2377,
frame_ms,0.2561,
frame_ms,0.2104,
frame_ms,0.2298,
frame_ms,0.2147,
frame_ms,0.2072,
frame_ms,0.2645,
frame_ms,0.3847,
frame_ms,0.3033,
frame_ms,0.3713,
frame_ms,0.3447,
tick_us,896.5,224
frame_ms,2.0072,
frame_ms,0.263,
frame_ms,0.223,
frame_ms,0.2319,
frame_ms,0.2418,
frame_ms,0.2229,
frame_ms,0.2261,
frame_ms,0.2178,
frame_ms,0.2174,
frame_ms,0.2823,
frame_ms,0.2401,
frame_ms,0.2194,
frame_ms,0.2299,
frame_ms,0.2224,
frame_ms,0.2175,
frame_ms,0.2229,
frame_ms,0.5801,
frame_ms,0.4893,
frame_ms,0.3523,
tick_us,824.7,220
frame_ms,2.0117,
frame_ms,0.2765,
frame_ms,0.226,
frame_ms,0.2209,
frame_ms,0.23,
frame_ms,0.2148,
frame_ms,0.2529,
frame_ms,0.2268,
frame_ms,0.215,
frame_ms,0.2567,
frame_ms,0.2802,
frame_ms,0.2413,
frame_ms,0.2247,
frame_ms,0.2156,
frame_ms,0.2262,
frame_ms,0.2169,
frame_ms,0.2565,
frame_ms,0.2559,
frame_ms,0.5278,
frame_ms,0.2619,
frame_ms,0.2198,
tick_us,761.1,226
frame_ms,1.7682,
frame_ms,0.238,
frame_ms,0.2167,
frame_ms,0.2188,
frame_ms,0.2154,
frame_ms,0.2166,
frame_ms,0.2753,
frame_ms,0.2316,
frame_ms,0.2199,
frame_ms,0.2274,
frame_ms,0.2636,
frame_ms,0.2364,
frame_ms,0.2244,
frame_ms,0.2169,
frame_ms,0.2442,
frame_ms,0.2265,
frame_ms,0.2361,
frame_ms,0.232,
frame_ms,0.2411,
frame_ms,0.2234,
frame_ms,0.2121,
frame_ms,0.2445,
frame_ms,0.2229,
frame_ms,0.215,
tick_us,810.5,230
frame_ms,1.8374,
frame_ms,0.2707,
frame_ms,0.2762,
frame_ms,0.2477,
frame_ms,0.2253,
frame_ms,0.2335,
frame_ms,0.2195,
frame_ms,0.2124,
frame_ms,0.2419,
frame_ms,0.2258,
frame_ms,0.2158,
frame_ms,0.2511,
frame_ms,0.2285,
frame_ms,0.2118,
frame_ms,0.251,
frame_ms,0.229,
frame_ms,0.2154,
frame_ms,0.25,
frame_ms,0.2259,
frame_ms,0.2149,
frame_ms,0.2926,
frame_ms,0.2758,
tick_us,742.8,228
frame_ms,1.7498,
frame_ms,0.2416,
frame_ms,0.217,
frame_ms,0.2194,
frame_ms,0.2179,
frame_ms,0.215,
frame_ms,0.2394,
frame_ms,0.2564,
frame_ms,0.227,
frame_ms,0.2146,
frame_ms,0.2601,
frame_ms,0.2478,
frame_ms,0.2217,
frame_ms,0.2547,
frame_ms,0.2285,
frame_ms,0.2136,
frame_ms,0.2714,
frame_ms,0.2263,
frame_ms,0.2125,
frame_ms,0.2506,
frame_ms,0.2313,
frame_ms,0.3353,
frame_ms,0.2393,
tick_us,748.2,232
frame_ms,1.7291,
frame_ms,0.2386,
frame_ms,0.2157,
frame_ms,0.2255,
frame_ms,0.3031,
frame_ms,0.2437,
frame_ms,0.2349,
frame_ms,0.2205,
frame_ms,0.2198,
frame_ms,0.2131,
frame_ms,0.2489,
frame_ms,0.2747,
frame_ms,0.2266,
frame_ms,0.2193,
frame_ms,0.2119,
frame_ms,0.2382,
frame_ms,0.23,
frame_ms,0.2164,
frame_ms,0.2667,
frame_ms,0.2281,
frame_ms,0.2104,
frame_ms,0.2594,
frame_ms,0.2221,
tick_us,752.2,220
frame_ms,1.7314,
frame_ms,0.2372,
frame_ms,0.2116,
frame_ms,0.2172,
frame_ms,0.2117,
frame_ms,0.2367,
frame_ms,0.2231,
frame_ms,0.2157,
frame_ms,0.2565,
frame_ms,0.2259,
frame_ms,0.2161,
frame_ms,0.2605,
frame_ms,0.2247,
frame_ms,0.2128,
frame_ms,0.2521,
frame_ms,0.2249,
frame_ms,0.2119,
frame_ms,0.2458,
frame_ms,0.2309,
frame_ms,0.2148,
frame_ms,0.2508,
frame_ms,0.2273,
frame_ms,0.2113,
frame_ms,0.2786,
tick_us,729.9,224
frame_ms,1.7214,
frame_ms,0.237,
frame_ms,0.2106,
frame_ms,0.2182,
frame_ms,0.2103,
frame_ms,0.2374,
frame_ms,0.2193,
frame_ms,0.2102,
frame_ms,0.2455,
frame_ms,0.2222,
frame_ms,0.2144,
frame_ms,0.5322,
frame_ms,0.3439,
frame_ms,0.2425,
frame_ms,0.2198,
frame_ms,0.215,
frame_ms,0.2128,
frame_ms,0.2089,
frame_ms,0.2688,
frame_ms,0.2816,
frame_ms,0.2296,
frame_ms,0.2219,
tick_us,731.1,222
frame_ms,1.7026,
frame_ms,0.2419,
frame_ms,0.2168,
frame_ms,0.217,
frame_ms,0.2087,
frame_ms,0.2522,
frame_ms,0.2255,
frame_ms,0.2095,
frame_ms,0.2452,
frame_ms,0.2245,
frame_ms,0.211,
frame_ms,0.2479,
frame_ms,0.2207,
frame_ms,0.2118,
frame_ms,0.2484,
frame_ms,0.2863,
frame_ms,0.2194,
frame_ms,0.2114,
frame_ms,0.2062,
frame_ms,0.2477,
frame_ms,0.2243,
frame_ms,0.2084,
frame_ms,0.2495,
frame_ms,0.2169,
tick_us,742.1,230
frame_ms,1.7093,
frame_ms,0.2274,
frame_ms,0.2061,
frame_ms,0.2159,
frame_ms,0.2092,
frame_ms,0.2453,
frame_ms,0.2774,
frame_ms,0.2535,
frame_ms,0.2231,
frame_ms,0.2375,
frame_ms,0.2452,
frame_ms,0.2241,
frame_ms,0.246,
frame_ms,0.2259,
frame_ms,0.2112,
frame_ms,0.3426,
frame_ms,0.4233,
frame_ms,0.2249,
frame_ms,0.2125,
frame_ms,0.2084,
frame_ms,0.2052,
frame_ms,0.2455,
tick_us,741.6,230
frame_ms,1.7347,
frame_ms,0.2367,
frame_ms,0.2074,
frame_ms,0.2071,
frame_ms,0.2388,
frame_ms,0.2233,
frame_ms,0.2105,
frame_ms,0.2469,
frame_ms,0.2177,
frame_ms,0.2091,
frame_ms,0.2473,
frame_ms,0.2218,
frame_ms,0.2098,
frame_ms,0.2401,
frame_ms,0.2697,
frame_ms,0.2293,
frame_ms,0.2215,
frame_ms,0.2129,
frame_ms,0.2358,
frame_ms,0.2425,
frame_ms,0.2167,
frame_ms,0.213,
frame_ms,0.2682,
frame_ms,0.2353,
tick_us,735.1,232
frame_ms,1.6995,
frame_ms,0.2365,
frame_ms,0.2107,
frame_ms,0.215,
frame_ms,0.2133,
frame_ms,0.2392,
frame_ms,0.2241,
frame_ms,0.2098,
frame_ms,0.2181,
frame_ms,0.2414,
frame_ms,0.225,
frame_ms,0.2106,
frame_ms,0.2213,
frame_ms,0.2388,
frame_ms,0.2252,
frame_ms,0.206,
frame_ms,0.246,
frame_ms,0.2199,
frame_ms,0.2187,
frame_ms,0.2291,
frame_ms,0.2406,
frame_ms,0.226,
frame_ms,0.2104,
frame_ms,0.2495,
frame_ms,0.2981,
tick_us,772.4,236
frame_ms,1.8028,
frame_ms,0.2391,
frame_ms,0.2115,
frame_ms,0.2162,
frame_ms,0.2105,
frame_ms,0.2121,
frame_ms,0.2454,
frame_ms,0.2228,
frame_ms,0.2088,
frame_ms,0.2504,
frame_ms,0.2193,
frame_ms,0.2138,
frame_ms,0.248,
frame_ms,0.2277,
frame_ms,0.2074,
frame_ms,0.2183,
frame_ms,0.2462,
frame_ms,0.2206,
frame_ms,0.2091,
frame_ms,0.2481,
frame_ms,0.2109,
frame_ms,0.2094,
frame_ms,0.2693,
tick_us,716.4,242
frame_ms,1.7029,
frame_ms,0.2364,
frame_ms,0.2086,
frame_ms,0.2094,
frame_ms,0.2394,
frame_ms,0.261,
frame_ms,0.2311,
frame_ms,0.221,
frame_ms,0.2132,
frame_ms,0.23,
frame_ms,0.2498,
frame_ms,0.2105,
frame_ms,0.2212,
frame_ms,0.2427,
frame_ms,0.2579,
frame_ms,0.2275,
frame_ms,0.2156,
frame_ms,0.2097,
frame_ms,0.2595,
frame_ms,0.2255,
frame_ms,0.2101,
frame_ms,0.2689,
frame_ms,0.2221,
frame_ms,0.2061,
tick_us,737.8,242
frame_ms,1.8416,
frame_ms,0.3051,
frame_ms,0.2321,
frame_ms,0.2186,
frame_ms,0.2118,
frame_ms,0.2307,
frame_ms,0.2122,
frame_ms,0.2075,
frame_ms,0.2496,
frame_ms,0.2579,
frame_ms,0.2266,
frame_ms,0.2203,
frame_ms,0.2133,
frame_ms,0.2248,
frame_ms,0.2651,
frame_ms,0.2285,
frame_ms,0.2224,
frame_ms,0.2332,
frame_ms,0.2243,
frame_ms,0.2155,
frame_ms,0.2081,
frame_ms,0.2444,
frame_ms,0.22,
tick_us,798.5,238
frame_ms,1.7842,
frame_ms,0.229,
frame_ms,0.2125,
frame_ms,0.2167,
frame_ms,0.2098,
frame_ms,0.2365,
frame_ms,0.2541,
frame_ms,0.2295,
frame_ms,0.2145,
frame_ms,0.2705,
frame_ms,0.2291,
frame_ms,0.209,
frame_ms,0.2518,
frame_ms,0.2251,
frame_ms,0.2129,
frame_ms,0.2239,
frame_ms,0.2194,
frame_ms,0.2097,
frame_ms,0.2566,
frame_ms,0.2191,
frame_ms,0.2088,
frame_ms,0.2592,
frame_ms,0.2115,
frame_ms,0.2501,
tick_us,746.3,242
frame_ms,1.7318,
frame_ms,0.2309,
frame_ms,0.2117,
frame_ms,0.2178,
frame_ms,0.2185,
frame_ms,0.7123,
frame_ms,0.3247,
frame_ms,0.2413,
frame_ms,0.2148,
frame_ms,0.2164,
frame_ms,0.2083,
frame_ms,0.2145,
frame_ms,0.2756,
frame_ms,0.2302,
frame_ms,0.2168,
frame_ms,0.2378,
frame_ms,0.2272,
frame_ms,0.2108,
frame_ms,0.2591,
frame_ms,0.2238,
frame_ms,0.2161,
tick_us,753.9,240
frame_ms,1.7794,
frame_ms,0.3472,
frame_ms,0.2173,
frame_ms,0.2224,
frame_ms,0.2216,
frame_ms,0.2142,
frame_ms,0.2447,
frame_ms,0.2201,
frame_ms,0.2144,
frame_ms,0.2447,
frame_ms,0.2212,
frame_ms,0.2151,
frame_ms,0.2722,
frame_ms,0.2319,
frame_ms,0.2131,
frame_ms,0.2419,
frame_ms,0.2276,
frame_ms,0.2156,
frame_ms,0.229,
frame_ms,0.2136,
frame_ms,0.2341,
frame_ms,0.2191,
frame_ms,0.2308,
tick_us,736.8,226
frame_ms,1.7113,
frame_ms,0.2407,
frame_ms,0.2126,
frame_ms,0.215,
frame_ms,0.2086,
frame_ms,0.2685,
frame_ms,0.2366,
frame_ms,0.2162,
frame_ms,0.212,
frame_ms,0.2536,
frame_ms,0.2297,
frame_ms,0.2177,
frame_ms,0.2437,
frame_ms,0.2264,
frame_ms,0.2903,
frame_ms,0.8637,
frame_ms,0.2536,
frame_ms,0.2213,
frame_ms,0.2283,
frame_ms,0.2262,
frame_ms,0.2203,
tick_us,785.2,222
frame_ms,1.7681,
frame_ms,0.2509,
frame_ms,0.2174,
frame_ms,0.223,
frame_ms,0.2173,
frame_ms,0.2109,
frame_ms,0.2623,
frame_ms,0.2307,
frame_ms,0.2189,
frame_ms,0.238,
frame_ms,0.2188,
frame_ms,0.2522,
frame_ms,0.2343,
frame_ms,0.211,
frame_ms,0.2469,
frame_ms,0.2345,
frame_ms,0.2164,
frame_ms,0.2627,
frame_ms,0.2271,
frame_ms,0.2148,
frame_ms,0.2486,
frame_ms,0.2374,
frame_ms,0.2305,
tick_us,740.4,222
frame_ms,1.7411,
frame_ms,0.2445,
frame_ms,0.215,
frame_ms,0.2207,
frame_ms,0.2168,
frame_ms,0.2145,
frame_ms,0.2644,
frame_ms,0.2303,
frame_ms,0.2183,
frame_ms,0.2425,
frame_ms,0.2308,
frame_ms,0.217,
frame_ms,0.2422,
frame_ms,0.2306,
frame_ms,0.2182,
frame_ms,0.2416,
frame_ms,0.2456,
frame_ms,0.2156,
frame_ms,0.2625,
frame_ms,0.2589,
frame_ms,0.2661,
frame_ms,0.3819,
frame_ms,0.3255,
tick_us,744.1,224
frame_ms,1.7558,
frame_ms,0.2475,
frame_ms,0.2163,
frame_ms,0.2216,
frame_ms,0.2319,
frame_ms,0.2231,
frame_ms,0.2471,
frame_ms,0.2605,
frame_ms,0.2222,
frame_ms,0.2435,
frame_ms,0.2153,
frame_ms,0.3308,
frame_ms,0.2437,
frame_ms,0.2222,
frame_ms,0.2269,
frame_ms,0.2136,
frame_ms,0.2157,
frame_ms,0.2432,
frame_ms,0.2557,
frame_ms,0.2274,
frame_ms,0.2136,
frame_ms,0.24,
tick_us,757.4,222
frame_ms,1.7482,
frame_ms,0.2418,
frame_ms,0.2131,
frame_ms,0.2157,
frame_ms,0.2195,
frame_ms,0.2411,
frame_ms,0.2372,
frame_ms,0.214,
frame_ms,0.2401,
frame_ms,0.2411,
frame_ms,0.2123,
frame_ms,0.275,
frame_ms,0.2333,
frame_ms,0.2227,
frame_ms,0.2302,
frame_ms,0.2329,
frame_ms,0.2098,
frame_ms,0.278,
frame_ms,0.2309,
frame_ms,0.2153,
frame_ms,0.2588,
frame_ms,0.2344,
frame_ms,0.2114,
frame_ms,0.243,
tick_us,731.3,228
frame_ms,2.0582,
frame_ms,0.3622,
frame_ms,0.272,
frame_ms,0.242,
frame_ms,0.2516,
frame_ms,0.2479,
frame_ms,0.25,
frame_ms,0.3355,
frame_ms,0.2688,
frame_ms,0.2321,
frame_ms,0.2268,
frame_ms,0.2206,
frame_ms,0.2232,
frame_ms,0.2803,
frame_ms,0.2326,
frame_ms,0.221,
frame_ms,0.2638,
frame_ms,0.2717,
frame_ms,0.218,
frame_ms,0.2092,
tick_us,750.2,220
frame_ms,1.7888,
frame_ms,0.2532,
frame_ms,0.2152,
frame_ms,0.2179,
frame_ms,0.2144,
frame_ms,0.2113,
frame_ms,0.2578,
frame_ms,0.2505,
frame_ms,0.2192,
frame_ms,0.24,
frame_ms,0.273,
frame_ms,0.2202,
frame_ms,0.2366,
frame_ms,0.2125,
frame_ms,0.2549,
frame_ms,0.2321,
frame_ms,0.2168,
frame_ms,0.2243,
frame_ms,0.2045,
frame_ms,0.2423,
frame_ms,0.2234,
frame_ms,0.207,
frame_ms,0.2437,
tick_us,762.1,212
frame_ms,1.7572,
frame_ms,0.2368,
frame_ms,0.2161,
frame_ms,0.2099,
frame_ms,0.204,
frame_ms,0.6896,
frame_ms,0.3153,
frame_ms,0.2348,
frame_ms,0.2189,
frame_ms,0.2212,
frame_ms,0.2174,
frame_ms,0.2226,
frame_ms,0.2731,
frame_ms,0.2582,
frame_ms,0.2237,
frame_ms,0.2106,
frame_ms,0.2491,
frame_ms,0.2996,
frame_ms,0.2966,
frame_ms,0.2265,
frame_ms,0.2237,
tick_us,776.6,220
frame_ms,1.761,
frame_ms,0.2464,
frame_ms,0.2182,
frame_ms,0.2174,
frame_ms,0.2111,
frame_ms,0.2499,
frame_ms,0.2176,
frame_ms,0.2136,
frame_ms,0.2185,
frame_ms,0.255,
frame_ms,0.2649,
frame_ms,0.2308,
frame_ms,0.2185,
frame_ms,0.2101,
frame_ms,0.2402,
frame_ms,0.2224,
frame_ms,0.2093,
frame_ms,0.2373,
frame_ms,0.2288,
frame_ms,0.2772,
frame_ms,0.2735,
frame_ms,0.2149,
frame_ms,0.2017,
frame_ms,0.2065,
tick_us,779.3,220
frame_ms,1.8063,
frame_ms,0.2562,
frame_ms,0.2162,
frame_ms,0.2232,
frame_ms,0.2523,
frame_ms,0.2567,
frame_ms,0.2276,
frame_ms,0.2163,
frame_ms,0.2114,
frame_ms,0.243,
frame_ms,0.2191,
frame_ms,0.2095,
frame_ms,0.6295,
frame_ms,0.3801,
frame_ms,0.2449,
frame_ms,0.2162,
frame_ms,0.2209,
frame_ms,0.2206,
frame_ms,0.2189,
frame_ms,0.2204,
frame_ms,0.2516,
tick_us,759.3,218
frame_ms,1.7303,
frame_ms,0.2446,
frame_ms,0.2146,
frame_ms,0.2146,
frame_ms,0.2103,
frame_ms,0.2417,
frame_ms,0.2136,
frame_ms,0.208,
frame_ms,0.2535,
frame_ms,0.2387,
frame_ms,0.2165,
frame_ms,0.223,
frame_ms,0.2715,
frame_ms,0.477,
frame_ms,0.2655,
frame_ms,0.2148,
frame_ms,0.213,
frame_ms,0.2048,
frame_ms,0.2476,
frame_ms,0.2254,
frame_ms,0.2091,
frame_ms,0.255,
tick_us,752.8,220
frame_ms,1.7295,
frame_ms,0.2425,
frame_ms,0.2186,
frame_ms,0.2169,
frame_ms,0.2139,
frame_ms,0.2668,
frame_ms,0.2284,
frame_ms,0.213,
frame_ms,0.2725,
frame_ms,0.2281,
frame_ms,0.2091,
frame_ms,0.2489,
frame_ms,0.2306,
frame_ms,0.2131,
frame_ms,0.246,
frame_ms,0.2256,
frame_ms,0.2127,
frame_ms,0.2452,
frame_ms,0.2244,
frame_ms,0.2183,
frame_ms,0.6909,
frame_ms,0.2768,
tick_us,751.4,206
frame_ms,1.7289,
frame_ms,0.2646,
frame_ms,0.2125,
frame_ms,0.2091,
frame_ms,0.27,
frame_ms,0.242,
frame_ms,0.2217,
frame_ms,0.2221,
frame_ms,0.272,
frame_ms,0.2292,
frame_ms,0.2118,
frame_ms,0.253,
frame_ms,0.2269,
frame_ms,0.2118,
frame_ms,0.2695,
frame_ms,0.2259,
frame_ms,0.2129,
frame_ms,0.2723,
frame_ms,0.2288,
frame_ms,0.2131,
frame_ms,0.243,
frame_ms,0.2247,
frame_ms,0.2106,
tick_us,759.7,204
frame_ms,1.7795,
frame_ms,0.2554,
frame_ms,0.2165,
frame_ms,0.2156,
frame_ms,0.2064,
frame_ms,0.217,
frame_ms,0.2614,
frame_ms,0.2298,
frame_ms,0.2185,
frame_ms,0.2091,
frame_ms,0.2477,
frame_ms,0.2286,
frame_ms,0.216,
frame_ms,0.2491,
frame_ms,0.2145,
frame_ms,0.2626,
frame_ms,0.2316,
frame_ms,0.2161,
frame_ms,0.2211,
frame_ms,0.2593,
frame_ms,0.2266,
frame_ms,0.2106,
frame_ms,0.2617,
frame_ms,0.2244,
tick_us,752.9,206
frame_ms,1.9269,
frame_ms,0.3791,
frame_ms,0.241,
frame_ms,0.2229,
frame_ms,0.2227,
frame_ms,0.2249,
frame_ms,0.2182,
frame_ms,0.263,
frame_ms,0.2267,
frame_ms,0.2135,
frame_ms,0.244,
frame_ms,0.2329,
frame_ms,0.2167,
frame_ms,0.2417,
frame_ms,0.23,
frame_ms,0.2188,
frame_ms,0.2679,
frame_ms,0.2665,
frame_ms,0.2241,
frame_ms,0.2703,
frame_ms,0.2803,
tick_us,771.9,206
frame_ms,1.7799,
frame_ms,0.2492,
frame_ms,0.2355,
frame_ms,0.2204,
frame_ms,0.2238,
frame_ms,0.2175,
frame_ms,0.2133,
frame_ms,0.2704,
frame_ms,0.2689,
frame_ms,0.2266,
frame_ms,0.225,
frame_ms,0.212,
frame_ms,0.2293,
frame_ms,0.2404,
frame_ms,0.247,
frame_ms,0.2263,
frame_ms,0.2392,
frame_ms,0.2461,
frame_ms,0.218,
frame_ms,0.2301,
frame_ms,0.2344,
frame_ms,0.2643,
frame_ms,0.2519,
tick_us,740.9,202
frame_ms,1.7178,
frame_ms,0.2364,
frame_ms,0.2109,
frame_ms,0.2139,
frame_ms,0.5589,
frame_ms,0.3007,
frame_ms,0.2175,
frame_ms,0.2182,
frame_ms,0.2687,
frame_ms,0.2401,
frame_ms,0.2301,
frame_ms,0.2303,
frame_ms,0.2233,
frame_ms,0.2887,
frame_ms,0.2214,
frame_ms,0.2339,
frame_ms,0.2196,
frame_ms,0.2124,
frame_ms,0.2474,
frame_ms,0.2222,
frame_ms,0.2152,
frame_ms,0.2733,
tick_us,742.5,200
frame_ms,1.7254,
frame_ms,0.2404,
frame_ms,0.213,
frame_ms,0.2229,
frame_ms,0.2175,
frame_ms,0.2697,
frame_ms,0.2249,
frame_ms,0.2163,
frame_ms,0.255,
frame_ms,0.2245,
frame_ms,0.2126,
frame_ms,0.2444,
frame_ms,0.2609,
frame_ms,0.261,
frame_ms,0.2273,
frame_ms,0.2383,
frame_ms,0.2354,
frame_ms,0.2227,
frame_ms,0.2124,
frame_ms,0.2428,
frame_ms,0.2534,
frame_ms,0.2245,
frame_ms,0.2131,
tick_us,720.4,196
frame_ms,1.7071,
frame_ms,0.2364,
frame_ms,0.211,
frame_ms,0.2154,
frame_ms,0.2133,
frame_ms,0.2481,
frame_ms,0.2356,
frame_ms,0.2129,
frame_ms,0.248,
frame_ms,0.2287,
frame_ms,0.3155,
frame_ms,0.318,
frame_ms,0.2437,
frame_ms,0.2486,
frame_ms,0.253,
frame_ms,0.2242,
frame_ms,0.2474,
frame_ms,0.244,
frame_ms,0.2495,
frame_ms,0.2599,
frame_ms,0.2306,
frame_ms,0.2161,
frame_ms,0.2187,
tick_us,755.9,202
frame_ms,1.7366,
frame_ms,0.2425,
frame_ms,0.2109,
frame_ms,0.2144,
frame_ms,0.2085,
frame_ms,0.2416,
frame_ms,0.2283,
frame_ms,0.2168,
frame_ms,0.2445,
frame_ms,0.2257,
frame_ms,0.2138,
frame_ms,0.2703,
frame_ms,0.231,
frame_ms,0.2116,
frame_ms,0.2572,
frame_ms,0.2458,
frame_ms,0.2078,
frame_ms,0.2381,
frame_ms,0.22,
frame_ms,0.2207,
frame_ms,0.224,
frame_ms,0.2129,
frame_ms,0.2176,
frame_ms,0.2075,
tick_us,732,196
frame_ms,1.7273,
frame_ms,0.2395,
frame_ms,0.219,
frame_ms,0.213,
frame_ms,0.2066,
frame_ms,0.2359,
frame_ms,0.2208,
frame_ms,0.2105,
frame_ms,0.2533,
frame_ms,0.2241,
frame_ms,0.2125,
frame_ms,0.2342,
frame_ms,0.2157,
frame_ms,0.2147,
frame_ms,0.2202,
frame_ms,0.2133,
frame_ms,0.2149,
frame_ms,0.2449,
frame_ms,0.2192,
frame_ms,0.2088,
frame_ms,0.3351,
frame_ms,0.2556,
frame_ms,0.2428,
tick_us,751.6,196
frame_ms,1.7207,
frame_ms,0.2411,
frame_ms,0.2196,
frame_ms,0.214,
frame_ms,0.2109,
frame_ms,0.2585,
frame_ms,0.3021,
frame_ms,0.263,
frame_ms,0.246,
frame_ms,0.2432,
frame_ms,0.2411,
frame_ms,0.2391,
frame_ms,0.2831,
frame_ms,0.2489,
frame_ms,0.2229,
frame_ms,0.2198,
frame_ms,0.21,
frame_ms,0.2097,
frame_ms,0.271,
frame_ms,0.227,
frame_ms,0.2119,
frame_ms,0.2708,
frame_ms,0.2615,
tick_us,760.9,194
frame_ms,1.7456,
frame_ms,0.2366,
frame_ms,0.2119,
frame_ms,0.2169,
frame_ms,0.2111,
frame_ms,0.2077,
frame_ms,0.2548,
frame_ms,0.2254,
frame_ms,0.2114,
frame_ms,0.2724,
frame_ms,0.2248,
frame_ms,0.2133,
frame_ms,0.2665,
frame_ms,0.2277,
frame_ms,0.2094,
frame_ms,0.2504,
frame_ms,0.2221,
frame_ms,0.2098,
frame_ms,0.2198,
frame_ms,0.2445,
frame_ms,0.2264,
frame_ms,0.2071,
frame_ms,0.2605,
frame_ms,0.2197,
tick_us,783.7,192
frame_ms,1.8139,
frame_ms,0.4371,
frame_ms,0.4537,
frame_ms,0.367,
frame_ms,0.2138,
frame_ms,0.2122,
frame_ms,0.208,
frame_ms,0.2372,
frame_ms,0.224,
frame_ms,0.2098,
frame_ms,0.2552,
frame_ms,0.2313,
frame_ms,0.209,
frame_ms,0.2394,
frame_ms,0.2259,
frame_ms,0.217,
frame_ms,0.2344,
frame_ms,0.2172,
frame_ms,0.208,
frame_ms,0.2453,
frame_ms,0.2316,
tick_us,750,184
frame_ms,1.7321,
frame_ms,0.2313,
frame_ms,0.2077,
frame_ms,0.2128,
frame_ms,0.221,
frame_ms,0.2417,
frame_ms,0.2322,
frame_ms,0.2178,
frame_ms,0.2447,
frame_ms,0.2207,
frame_ms,0.2149,
frame_ms,0.2463,
frame_ms,0.2235,
frame_ms,0.2116,
frame_ms,0.2516,
frame_ms,0.2215,
frame_ms,0.2081,
frame_ms,0.2496,
frame_ms,0.2293,
frame_ms,0.2078,
frame_ms,0.2471,
frame_ms,0.222,
frame_ms,0.2089,
tick_us,749.5,184
frame_ms,1.8558,
frame_ms,0.2963,
frame_ms,0.2111,
frame_ms,0.2123,
frame_ms,0.206,
frame_ms,0.8653,
frame_ms,0.2841,
frame_ms,0.2163,
frame_ms,0.2127,
frame_ms,0.2103,
frame_ms,0.2344,
frame_ms,0.2263,
frame_ms,0.2091,
frame_ms,0.2178,
frame_ms,0.2426,
frame_ms,0.2233,
frame_ms,0.2042,
frame_ms,0.251,
frame_ms,0.2236,
frame_ms,0.2086,
frame_ms,0.2342,
frame_ms,0.2199,
tick_us,749.9,186
frame_ms,1.7066,
frame_ms,0.2308,
frame_ms,0.2181,
frame_ms,0.2185,
frame_ms,0.2073,
frame_ms,0.2489,
frame_ms,0.2185,
frame_ms,0.2083,
frame_ms,0.249,
frame_ms,0.2451,
frame_ms,0.2083,
frame_ms,0.2395,
frame_ms,0.218,
frame_ms,0.2106,
frame_ms,0.2239,
frame_ms,0.2073,
frame_ms,0.2045,
frame_ms,0.4166,
frame_ms,0.3721,
frame_ms,0.3467,
frame_ms,0.3496,
tick_us,811.1,198
frame_ms,1.9116,
frame_ms,0.2531,
frame_ms,0.2801,
frame_ms,0.2958,
frame_ms,0.2517,
frame_ms,0.2166,
frame_ms,0.2195,
frame_ms,0.2123,
frame_ms,0.2202,
frame_ms,0.4269,
frame_ms,0.4305,
frame_ms,0.3555,
frame_ms,0.2506,
frame_ms,0.2254,
frame_ms,0.2184,
frame_ms,0.2242,
frame_ms,0.221,
frame_ms,0.2767,
frame_ms,0.2748,
frame_ms,0.238,
tick_us,732.8,190
frame_ms,1.7233,
frame_ms,0.2449,
frame_ms,0.2221,
frame_ms,0.2151,
frame_ms,0.5119,
frame_ms,0.7548,
frame_ms,0.3723,
frame_ms,0.3809,
frame_ms,0.3505,
frame_ms,0.3406,
frame_ms,0.3504,
frame_ms,0.2675,
frame_ms,0.2241,
frame_ms,0.2524,
frame_ms,0.2202,
frame_ms,0.2204,
frame_ms,0.2204,
frame_ms,0.2276,
tick_us,750.8,186
frame_ms,1.7171,
frame_ms,0.2356,
frame_ms,0.2236,
frame_ms,0.2222,
frame_ms,0.2114,
frame_ms,0.3165,
frame_ms,0.7097,
frame_ms,0.2558,
frame_ms,0.2349,
frame_ms,0.2185,
frame_ms,0.2154,
frame_ms,0.2153,
frame_ms,0.2638,
frame_ms,0.235,
frame_ms,0.2192,
frame_ms,0.2415,
frame_ms,0.2462,
frame_ms,0.2323,
frame_ms,0.3101,
frame_ms,0.2544,
tick_us,763.6,178
frame_ms,1.8545,
frame_ms,0.3096,
frame_ms,0.2373,
frame_ms,0.2106,
frame_ms,0.2379,
frame_ms,0.2221,
frame_ms,0.2369,
frame_ms,0.4478,
frame_ms,0.2701,
frame_ms,0.221,
frame_ms,0.2143,
frame_ms,0.2172,
frame_ms,0.2133,
frame_ms,0.2468,
frame_ms,0.2263,
frame_ms,0.2149,
frame_ms,0.2703,
frame_ms,0.2258,
frame_ms,0.2102,
frame_ms,0.2482,
frame_ms,0.2329,
frame_ms,0.2103,
tick_us,757.8,188
frame_ms,1.7513,
frame_ms,0.2368,
frame_ms,0.2121,
frame_ms,0.2155,
frame_ms,0.2121,
frame_ms,0.2379,
frame_ms,0.2289,
frame_ms,0.2124,
frame_ms,0.2523,
frame_ms,0.3282,
frame_ms,0.5242,
frame_ms,0.226,
frame_ms,0.396,
frame_ms,0.3049,
frame_ms,0.2231,
frame_ms,0.2127,
frame_ms,0.2142,
frame_ms,0.2322,
frame_ms,0.2143,
frame_ms,0.2097,
frame_ms,0.2491,
tick_us,741.2,188
frame_ms,1.721,
frame_ms,0.2393,
frame_ms,0.2116,
frame_ms,0.2139,
frame_ms,0.2329,
frame_ms,0.2122,
frame_ms,0.2105,
frame_ms,0.2536,
frame_ms,0.2249,
frame_ms,0.2286,
frame_ms,0.4236,
frame_ms,0.2482,
frame_ms,0.2187,
frame_ms,0.215,
frame_ms,0.2116,
frame_ms,0.2393,
frame_ms,0.2251,
frame_ms,0.2135,
frame_ms,0.2319,
frame_ms,0.2218,
frame_ms,0.2283,
frame_ms,0.2455,
frame_ms,0.2223,
frame_ms,0.2145,
tick_us,754.5,190
frame_ms,1.7685,
frame_ms,0.2554,
frame_ms,0.2179,
frame_ms,0.2167,
frame_ms,0.378,
frame_ms,0.3664,
frame_ms,0.3531,
frame_ms,0.3404,
frame_ms,0.3577,
frame_ms,0.4389,
frame_ms,0.2915,
frame_ms,0.4013,
frame_ms,0.3499,
frame_ms,0.413,
frame_ms,0.3377,
frame_ms,0.3758,
tick_us,809.4,184
frame_ms,1.9766,
frame_ms,0.2652,
frame_ms,0.2195,
frame_ms,0.2292,
frame_ms,0.2234,
frame_ms,0.2214,
frame_ms,0.2284,
frame_ms,0.2156,
frame_ms,0.2567,
frame_ms,0.2837,
frame_ms,0.4826,
frame_ms,0.2514,
frame_ms,0.2371,
frame_ms,0.2234,
frame_ms,0.2211,
frame_ms,0.2171,
frame_ms,0.214,
frame_ms,0.2732,
frame_ms,0.2709,
frame_ms,0.2278,
frame_ms,0.2235,
tick_us,746.1,184
frame_ms,1.7189,
frame_ms,0.2438,
frame_ms,0.2211,
frame_ms,0.2242,
frame_ms,0.2122,
frame_ms,0.212,
frame_ms,0.2612,
frame_ms,0.2286,
frame_ms,0.2139,
frame_ms,0.2463,
frame_ms,0.2253,
frame_ms,0.2166,
frame_ms,0.2199,
frame_ms,0.4579,
frame_ms,0.3784,
frame_ms,0.451,
frame_ms,0.3539,
frame_ms,0.3386,
frame_ms,0.3564,
tick_us,776.8,184
frame_ms,1.9481,
frame_ms,0.2632,
frame_ms,0.2209,
frame_ms,0.2229,
frame_ms,0.2259,
frame_ms,0.224,
frame_ms,0.2279,
frame_ms,0.211,
frame_ms,0.2667,
frame_ms,0.2664,
frame_ms,0.2282,
frame_ms,0.4329,
frame_ms,0.3624,
frame_ms,0.3536,
frame_ms,0.2475,
frame_ms,0.2208,
frame_ms,0.2191,
frame_ms,0.2129,
frame_ms,0.2167,
frame_ms,0.2387,
frame_ms,0.2361,
tick_us,754.6,180
frame_ms,1.7388,
frame_ms,0.2354,
frame_ms,0.2157,
frame_ms,0.2214,
frame_ms,0.2125,
frame_ms,0.2452,
frame_ms,0.2972,
frame_ms,0.2284,
frame_ms,0.2186,
frame_ms,0.2452,
frame_ms,0.233,
frame_ms,0.2762,
frame_ms,0.2269,
frame_ms,0.2107,
frame_ms,0.2724,
frame_ms,0.376,
frame_ms,0.2236,
frame_ms,0.2207,
frame_ms,0.2085,
frame_ms,0.2061,
frame_ms,0.2764,
frame_ms,0.227,
frame_ms,0.2092,
tick_us,763.9,180
frame_ms,1.7817,
frame_ms,0.2665,
frame_ms,0.2236,
frame_ms,0.2229,
frame_ms,0.2163,
frame_ms,0.2106,
frame_ms,0.2455,
frame_ms,0.2206,
frame_ms,0.7603,
frame_ms,0.2171,
frame_ms,0.2056,
frame_ms,0.2146,
frame_ms,0.2189,
frame_ms,0.2484,
frame_ms,0.7691,
frame_ms,0.3923,
frame_ms,0.2396,
frame_ms,0.2151,
tick_us,730.3,172
frame_ms,1.7004,
frame_ms,0.2335,
frame_ms,0.2118,
frame_ms,0.2202,
frame_ms,0.2132,
frame_ms,0.2423,
frame_ms,0.236,
frame_ms,0.2131,
frame_ms,0.2664,
frame_ms,0.2317,
frame_ms,0.2123,
frame_ms,0.2634,
frame_ms,0.225,
frame_ms,0.2114,
frame_ms,0.2486,
frame_ms,0.2317,
frame_ms,0.2177,
frame_ms,0.281,
frame_ms,0.3552,
frame_ms,0.2584,
frame_ms,0.2246,
frame_ms,0.2233,
frame_ms,0.2448,
tick_us,763.9,170
frame_ms,1.755,
frame_ms,0.2418,
frame_ms,0.2159,
frame_ms,0.2196,
frame_ms,0.2146,
frame_ms,0.2304,
frame_ms,0.2241,
frame_ms,0.2154,
frame_ms,0.2434,
frame_ms,0.2699,
frame_ms,0.2315,
frame_ms,0.223,
frame_ms,0.2213,
frame_ms,0.2341,
frame_ms,0.2224,
frame_ms,0.2101,
frame_ms,0.2859,
frame_ms,0.3195,
frame_ms,0.3687,
frame_ms,0.2449,
frame_ms,0.2203,
frame_ms,0.2808,
tick_us,789.1,170
frame_ms,1.8088,
frame_ms,0.2521,
frame_ms,0.2229,
frame_ms,0.2181,
frame_ms,0.2207,
frame_ms,0.2182,
frame_ms,0.2153,
frame_ms,0.2164,
frame_ms,0.224,
frame_ms,0.2163,
frame_ms,0.2799,
frame_ms,0.315,
frame_ms,0.2366,
frame_ms,0.22,
frame_ms,0.2082,
frame_ms,0.2089,
frame_ms,0.3061,
frame_ms,0.2768,
frame_ms,0.302,
frame_ms,0.2378,
frame_ms,0.2476,
frame_ms,0.2223,
frame_ms,0.218,
tick_us,801,172
frame_ms,1.7803,
frame_ms,0.2398,
frame_ms,0.2133,
frame_ms,0.2099,
frame_ms,0.2346,
frame_ms,0.213,
frame_ms,0.2555,
frame_ms,0.2303,
frame_ms,0.2192,
frame_ms,0.2643,
frame_ms,0.3017,
frame_ms,0.2236,
frame_ms,0.2208,
frame_ms,0.2222,
frame_ms,0.2627,
frame_ms,0.2401,
frame_ms,0.2198,
frame_ms,0.2071,
frame_ms,0.2503,
frame_ms,0.4413,
frame_ms,0.246,
frame_ms,0.2518,
tick_us,782.8,186
frame_ms,1.761,
frame_ms,0.2369,
frame_ms,0.214,
frame_ms,0.2248,
frame_ms,0.2924,
frame_ms,0.2709,
frame_ms,0.2777,
frame_ms,0.2638,
frame_ms,0.2586,
frame_ms,0.2331,
frame_ms,0.2368,
frame_ms,0.2293,
frame_ms,0.2086,
frame_ms,0.2138,
frame_ms,0.2393,
frame_ms,0.2245,
frame_ms,0.212,
frame_ms,0.2395,
frame_ms,0.2104,
frame_ms,0.4371,
frame_ms,0.2758,
frame_ms,0.2152,
tick_us,774.3,188
frame_ms,1.7652,
frame_ms,0.2428,
frame_ms,0.2185,
frame_ms,0.2114,
frame_ms,0.215,
frame_ms,0.2713,
frame_ms,0.2284,
frame_ms,0.2131,
frame_ms,0.2534,
frame_ms,0.2233,
frame_ms,0.2134,
frame_ms,0.2501,
frame_ms,0.2258,
frame_ms,0.2112,
frame_ms,0.2425,
frame_ms,0.2219,
frame_ms,0.21,
frame_ms,0.2761,
frame_ms,0.2744,
frame_ms,0.2379,
frame_ms,0.2327,
frame_ms,0.3106,
tick_us,751.2,192
frame_ms,1.8861,
frame_ms,0.2432,
frame_ms,0.2159,
frame_ms,0.2215,
frame_ms,0.2138,
frame_ms,0.2168,
frame_ms,0.2365,
frame_ms,0.2433,
frame_ms,0.21,
frame_ms,0.2467,
frame_ms,0.2698,
frame_ms,0.2914,
frame_ms,0.2958,
frame_ms,0.2713,
frame_ms,0.2537,
frame_ms,0.2358,
frame_ms,0.2341,
frame_ms,0.2696,
frame_ms,0.4167,
frame_ms,0.2128,
frame_ms,0.2208,
tick_us,738.8,196
frame_ms,1.8459,
frame_ms,0.2575,
frame_ms,0.2158,
frame_ms,0.2165,
frame_ms,0.216,
frame_ms,0.2215,
frame_ms,0.2144,
frame_ms,0.2604,
frame_ms,0.2279,
frame_ms,0.2106,
frame_ms,0.2669,
frame_ms,0.2333,
frame_ms,0.2195,
frame_ms,0.2283,
frame_ms,0.2092,
frame_ms,0.2734,
frame_ms,0.2298,
frame_ms,0.2187,
frame_ms,0.2393,
frame_ms,0.2273,
frame_ms,0.234,
frame_ms,0.2103,
frame_ms,0.2683,
frame_ms,0.224,
tick_us,751.8,194
frame_ms,1.7416,
frame_ms,0.2507,
frame_ms,0.2173,
frame_ms,0.2194,
frame_ms,0.2086,
frame_ms,0.2675,
frame_ms,0.229,
frame_ms,0.2103,
frame_ms,0.2473,
frame_ms,0.2282,
frame_ms,0.2116,
frame_ms,0.2662,
frame_ms,0.2265,
frame_ms,0.2128,
frame_ms,0.2575,
frame_ms,0.222,
frame_ms,0.3059,
frame_ms,0.2864,
frame_ms,0.2365,
frame_ms,0.6984,
tick_us,775.9,200
frame_ms,1.7901,
frame_ms,0.2398,
frame_ms,0.221,
frame_ms,0.2268,
frame_ms,0.2187,
frame_ms,0.2192,
frame_ms,0.2209,
frame_ms,0.2573,
frame_ms,0.273,
frame_ms,0.2315,
frame_ms,0.225,
frame_ms,0.2214,
frame_ms,0.2173,
frame_ms,0.2163,
frame_ms,0.2818,
frame_ms,0.2325,
frame_ms,0.2131,
frame_ms,0.259,
frame_ms,0.2267,
frame_ms,0.2096,
frame_ms,0.2195,
frame_ms,0.2143,
frame_ms,0.2058,
frame_ms,0.2402,
tick_us,773.1,210
frame_ms,1.7488,
frame_ms,0.2402,
frame_ms,0.219,
frame_ms,0.2233,
frame_ms,0.2452,
frame_ms,0.2427,
frame_ms,0.2431,
frame_ms,0.217,
frame_ms,0.2136,
frame_ms,0.2686,
frame_ms,0.2397,
frame_ms,0.2153,
frame_ms,0.2598,
frame_ms,0.2241,
frame_ms,0.214,
frame_ms,0.271,
frame_ms,0.2257,
frame_ms,0.2126,
frame_ms,0.2526,
frame_ms,0.3519,
frame_ms,0.3842,
tick_us,844.2,212
frame_ms,2.0505,
frame_ms,0.2665,
frame_ms,0.2219,
frame_ms,0.2215,
frame_ms,0.2285,
frame_ms,0.2146,
frame_ms,0.2417,
frame_ms,0.2262,
frame_ms,0.2138,
frame_ms,0.25,
frame_ms,0.2261,
frame_ms,0.2136,
frame_ms,0.2472,
frame_ms,0.2292,
frame_ms,0.2133,
frame_ms,0.2128,
frame_ms,0.2625,
frame_ms,0.2742,
frame_ms,0.2355,
frame_ms,0.2266,
tick_us,750.5,204
frame_ms,2.4499,
frame_ms,0.2665,
frame_ms,0.2219,
frame_ms,0.2259,
frame_ms,0.23,
frame_ms,0.2179,
frame_ms,0.2151,
frame_ms,0.2449,
frame_ms,0.2308,
frame_ms,0.2156,
frame_ms,0.2551,
frame_ms,0.2288,
frame_ms,0.216,
frame_ms,0.2445,
frame_ms,0.2255,
frame_ms,0.2161,
frame_ms,0.2407,
frame_ms,0.2283,
frame_ms,0.214,
frame_ms,0.2487,
frame_ms,0.2256,
frame_ms,0.2126,
frame_ms,0.226,
frame_ms,0.2195,
tick_us,759.7,204
frame_ms,1.7714,
frame_ms,0.2611,
frame_ms,0.2637,
frame_ms,0.2807,
frame_ms,0.2367,
frame_ms,0.2257,
frame_ms,0.2422,
frame_ms,0.2118,
frame_ms,0.2129,
frame_ms,0.2407,
frame_ms,0.2155,
frame_ms,0.2226,
frame_ms,0.2149,
frame_ms,0.2197,
frame_ms,0.2785,
frame_ms,0.2287,
frame_ms,0.215,
frame_ms,0.2456,
frame_ms,0.2273,
frame_ms,0.2143,
frame_ms,0.2177,
frame_ms,0.2422,
frame_ms,0.2095,
tick_us,743.7,202
frame_ms,1.7348,
frame_ms,0.3259,
frame_ms,0.2436,
frame_ms,0.2281,
frame_ms,0.2269,
frame_ms,0.223,
frame_ms,0.2199,
frame_ms,0.2304,
frame_ms,0.2289,
frame_ms,0.2357,
frame_ms,0.2256,
frame_ms,0.2163,
frame_ms,0.2738,
frame_ms,0.2758,
frame_ms,0.2327,
frame_ms,0.2243,
frame_ms,0.2156,
frame_ms,0.2337,
frame_ms,0.2159,
frame_ms,0.2123,
frame_ms,0.2304,
frame_ms,0.2116,
frame_ms,0.278,
tick_us,745.6,194
frame_ms,1.7344,
frame_ms,0.3292,
frame_ms,0.2442,
frame_ms,0.2345,
frame_ms,0.241,
frame_ms,0.2218,
frame_ms,0.2177,
frame_ms,0.2174,
frame_ms,0.2741,
frame_ms,0.23,
frame_ms,0.2375,
frame_ms,0.2127,
frame_ms,0.2717,
frame_ms,0.226,
frame_ms,0.216,
frame_ms,0.2343,
frame_ms,0.2227,
frame_ms,0.2045,
frame_ms,0.2467,
frame_ms,0.2915,
frame_ms,0.2363,
frame_ms,0.2254,
frame_ms,0.2186,
tick_us,764.9,180
frame_ms,1.7567,
frame_ms,0.3484,
frame_ms,0.2619,
frame_ms,0.2172,
frame_ms,0.2146,
frame_ms,0.21,
frame_ms,0.2075,
frame_ms,0.2531,
frame_ms,0.224,
frame_ms,0.21,
frame_ms,0.2347,
frame_ms,0.2303,
frame_ms,0.2134,
frame_ms,0.3054,
frame_ms,0.2283,
frame_ms,0.2105,
frame_ms,0.1996,
frame_ms,0.2744,
frame_ms,0.2237,
frame_ms,0.2083,
frame_ms,0.2506,
frame_ms,0.2199,
frame_ms,0.2063,
tick_us,753,178
frame_ms,1.7556,
frame_ms,0.2582,
frame_ms,0.2671,
frame_ms,0.3597,
frame_ms,0.3336,
frame_ms,0.5208,
frame_ms,0.2681,
frame_ms,0.2198,
frame_ms,0.2207,
frame_ms,0.2216,
frame_ms,0.2126,
frame_ms,0.2387,
frame_ms,0.2224,
frame_ms,0.2148,
frame_ms,0.2469,
frame_ms,0.622,
frame_ms,0.2696,
frame_ms,0.2339,
frame_ms,0.2182,
tick_us,753.6,182
frame_ms,1.7271,
frame_ms,0.2498,
frame_ms,0.223,
frame_ms,0.2148,
frame_ms,0.2548,
frame_ms,0.3907,
frame_ms,0.2433,
frame_ms,0.2258,
frame_ms,0.2185,
frame_ms,0.2127,
frame_ms,0.2453,
frame_ms,0.2246,
frame_ms,0.2137,
frame_ms,0.2693,
frame_ms,0.2309,
frame_ms,0.2158,
frame_ms,0.2483,
frame_ms,0.2243,
frame_ms,0.2127,
frame_ms,0.2549,
frame_ms,0.2314,
frame_ms,0.2166,
frame_ms,0.2207,
tick_us,763.4,180
frame_ms,1.7356,
frame_ms,0.2341,
frame_ms,0.2111,
frame_ms,0.2151,
frame_ms,0.2115,
frame_ms,0.239,
frame_ms,0.2864,
frame_ms,0.4384,
frame_ms,0.2395,
frame_ms,0.2131,
frame_ms,0.2488,
frame_ms,0.2407,
frame_ms,0.2115,
frame_ms,0.2147,
frame_ms,0.2449,
frame_ms,0.2226,
frame_ms,0.2112,
frame_ms,0.2609,
frame_ms,0.2247,
frame_ms,0.2177,
frame_ms,0.2134,
frame_ms,0.2839,
tick_us,732.2,182
frame_ms,2.0171,
frame_ms,0.2738,
frame_ms,0.2272,
frame_ms,0.2221,
frame_ms,0.2135,
frame_ms,0.3447,
frame_ms,0.3705,
frame_ms,0.2382,
frame_ms,0.222,
frame_ms,0.2259,
frame_ms,0.2244,
frame_ms,0.2186,
frame_ms,0.2161,
frame_ms,0.2682,
frame_ms,0.263,
frame_ms,0.2931,
frame_ms,0.2262,
frame_ms,0.2184,
frame_ms,0.2108,
frame_ms,0.2445,
frame_ms,0.2235,
tick_us,755.6,186
frame_ms,1.7386,
frame_ms,0.2337,
frame_ms,0.2122,
frame_ms,0.2152,
frame_ms,0.2155,
frame_ms,0.2593,
frame_ms,0.2274,
frame_ms,0.2119,
frame_ms,0.3069,
frame_ms,0.3965,
frame_ms,0.3223,
frame_ms,0.3208,
frame_ms,0.3624,
frame_ms,0.2864,
frame_ms,0.2223,
frame_ms,0.221,
frame_ms,0.2174,
frame_ms,0.2103,
frame_ms,0.2577,
frame_ms,0.2257,
frame_ms,0.2127,
tick_us,747.8,188
frame_ms,1.8287,
frame_ms,0.283,
frame_ms,0.2471,
frame_ms,0.219,
frame_ms,0.2383,
frame_ms,0.2223,
frame_ms,0.2137,
frame_ms,0.254,
frame_ms,0.3147,
frame_ms,0.3237,
frame_ms,0.3185,
frame_ms,0.2449,
frame_ms,0.214,
frame_ms,0.2201,
frame_ms,0.2162,
frame_ms,0.2434,
frame_ms,0.2292,
frame_ms,0.213,
frame_ms,0.2599,
frame_ms,0.2657,
frame_ms,0.2537,
frame_ms,0.2241,
tick_us,740.7,188
frame_ms,1.777,
frame_ms,0.2693,
frame_ms,0.2279,
frame_ms,0.2268,
frame_ms,0.2205,
frame_ms,0.2151,
frame_ms,0.2162,
frame_ms,0.273,
frame_ms,0.2327,
frame_ms,0.2175,
frame_ms,0.4716,
frame_ms,0.3582,
frame_ms,0.3297,
frame_ms,0.2457,
frame_ms,0.2129,
frame_ms,0.2533,
frame_ms,0.2628,
frame_ms,0.2358,
frame_ms,0.2243,
frame_ms,0.2152,
frame_ms,0.226,
tick_us,763.8,188
frame_ms,1.738,
frame_ms,0.24,
frame_ms,0.2164,
frame_ms,0.2189,
frame_ms,0.2304,
frame_ms,0.2138,
frame_ms,0.2145,
frame_ms,0.2703,
frame_ms,0.2737,
frame_ms,0.2273,
frame_ms,0.2216,
frame_ms,0.212,
frame_ms,0.3838,
frame_ms,0.3305,
frame_ms,0.4492,
frame_ms,0.3623,
frame_ms,0.3436,
frame_ms,0.3363,
frame_ms,0.3373,
tick_us,792,182
frame_ms,2.0617,
frame_ms,0.2626,
frame_ms,0.2222,
frame_ms,0.2171,
frame_ms,0.2151,
frame_ms,0.2313,
frame_ms,0.2199,
frame_ms,0.3518,
frame_ms,0.289,
frame_ms,0.2227,
frame_ms,0.274,
frame_ms,0.4144,
frame_ms,0.2551,
frame_ms,0.3954,
frame_ms,0.3399,
frame_ms,0.347,
frame_ms,0.3492,
frame_ms,0.334,
tick_us,736.1,182
frame_ms,1.8325,
frame_ms,0.2736,
frame_ms,0.2286,
frame_ms,0.2206,
frame_ms,0.2204,
frame_ms,0.2109,
frame_ms,0.2359,
frame_ms,0.2698,
frame_ms,0.2707,
frame_ms,0.2302,
frame_ms,0.2189,
frame_ms,0.2143,
frame_ms,0.4129,
frame_ms,0.4195,
frame_ms,0.3253,
frame_ms,0.2258,
frame_ms,0.2161,
frame_ms,0.2192,
frame_ms,0.2441,
frame_ms,0.2273,
frame_ms,0.2132,
tick_us,793.5,190
frame_ms,1.8019,
frame_ms,0.2532,
frame_ms,0.2149,
frame_ms,0.2389,
frame_ms,0.2194,
frame_ms,0.2159,
frame_ms,0.2255,
frame_ms,0.2209,
frame_ms,0.2175,
frame_ms,0.2573,
frame_ms,0.2312,
frame_ms,0.2173,
frame_ms,0.2443,
frame_ms,0.2271,
frame_ms,0.249,
frame_ms,0.3011,
frame_ms,0.2562,
frame_ms,0.2409,
frame_ms,0.2477,
frame_ms,0.2378,
frame_ms,0.2316,
frame_ms,0.2439,
frame_ms,0.2638,
tick_us,743,196
frame_ms,1.7235,
frame_ms,0.2397,
frame_ms,0.2116,
frame_ms,0.2657,
frame_ms,0.23,
frame_ms,0.2128,
frame_ms,0.2525,
frame_ms,0.2281,
frame_ms,0.2174,
frame_ms,0.2451,
frame_ms,0.2254,
frame_ms,0.2186,
frame_ms,0.2287,
frame_ms,0.2213,
frame_ms,0.2128,
frame_ms,0.3563,
frame_ms,0.3585,
frame_ms,0.3639,
frame_ms,0.34,
frame_ms,0.2303,
frame_ms,0.2248,
frame_ms,0.2176,
tick_us,743.1,200
frame_ms,1.7214,
frame_ms,0.2435,
frame_ms,0.2107,
frame_ms,0.2603,
frame_ms,0.2333,
frame_ms,0.2233,
frame_ms,0.2416,
frame_ms,0.2236,
frame_ms,0.2292,
frame_ms,0.2402,
frame_ms,0.2207,
frame_ms,0.2142,
frame_ms,0.2509,
frame_ms,0.2281,
frame_ms,0.2123,
frame_ms,0.2628,
frame_ms,0.4489,
frame_ms,0.2642,
frame_ms,0.2294,
frame_ms,0.2267,
frame_ms,0.2257,
frame_ms,0.2144,
tick_us,725.2,196
frame_ms,1.7154,
frame_ms,0.2715,
frame_ms,0.227,
frame_ms,0.2244,
frame_ms,0.2178,
frame_ms,0.2588,
frame_ms,0.2503,
frame_ms,0.2197,
frame_ms,0.2172,
frame_ms,0.2321,
frame_ms,0.229,
frame_ms,0.2134,
frame_ms,0.2237,
frame_ms,0.2233,
frame_ms,0.2618,
frame_ms,0.2312,
frame_ms,0.2169,
frame_ms,0.2405,
frame_ms,0.2278,
frame_ms,0.3368,
frame_ms,0.4399,
frame_ms,0.3859,
tick_us,860.2,196
frame_ms,2.0227,
frame_ms,0.2691,
frame_ms,0.2274,
frame_ms,0.2633,
frame_ms,0.2285,
frame_ms,0.22,
frame_ms,0.2628,
frame_ms,0.2339,
frame_ms,0.22,
frame_ms,0.2247,
frame_ms,0.2774,
frame_ms,0.2175,
frame_ms,0.2136,
frame_ms,0.243,
frame_ms,0.2262,
frame_ms,0.2179,
frame_ms,0.2784,
frame_ms,0.2511,
frame_ms,0.2295,
frame_ms,0.2155,
frame_ms,0.2624,
tick_us,739.1,204
frame_ms,1.7246,
frame_ms,0.2484,
frame_ms,0.215,
frame_ms,0.2614,
frame_ms,0.2769,
frame_ms,0.2299,
frame_ms,0.2237,
frame_ms,0.2203,
frame_ms,0.2734,
frame_ms,0.2333,
frame_ms,0.2158,
frame_ms,0.2626,
frame_ms,0.2308,
frame_ms,0.2278,
frame_ms,0.2211,
frame_ms,0.2452,
frame_ms,0.2267,
frame_ms,0.215,
frame_ms,0.4448,
frame_ms,0.3499,
frame_ms,0.3757,
tick_us,741.2,194
frame_ms,1.7589,
frame_ms,0.2629,
frame_ms,0.2188,
frame_ms,0.2534,
frame_ms,0.224,
frame_ms,0.2349,
frame_ms,0.2248,
frame_ms,0.2119,
frame_ms,0.6548,
frame_ms,0.2967,
frame_ms,0.2179,
frame_ms,0.2204,
frame_ms,0.2114,
frame_ms,0.226,
frame_ms,0.229,
frame_ms,0.2136,
frame_ms,0.2428,
frame_ms,0.2283,
frame_ms,0.2147,
frame_ms,0.2592,
frame_ms,0.2248,
frame_ms,0.231,
tick_us,755.8,198
frame_ms,1.7339,
frame_ms,0.2359,
frame_ms,0.216,
frame_ms,0.227,
frame_ms,0.2138,
frame_ms,0.2791,
frame_ms,0.2322,
frame_ms,0.2116,
frame_ms,0.2731,
frame_ms,0.2254,
frame_ms,0.2126,
frame_ms,0.2207,
frame_ms,0.2234,
frame_ms,0.2178,
frame_ms,0.2592,
frame_ms,0.2209,
frame_ms,0.2121,
frame_ms,0.2455,
frame_ms,0.222,
frame_ms,0.209,
frame_ms,0.2519,
frame_ms,0.2737,
frame_ms,0.2497,
tick_us,782.9,196
frame_ms,1.7693,
frame_ms,0.255,
frame_ms,0.231,
frame_ms,0.2842,
frame_ms,0.2551,
frame_ms,0.2327,
frame_ms,0.2165,
frame_ms,0.2451,
frame_ms,0.2283,
frame_ms,0.2175,
frame_ms,0.2484,
frame_ms,0.2255,
frame_ms,0.2094,
frame_ms,0.2206,
frame_ms,0.2444,
frame_ms,0.2198,
frame_ms,0.205,
frame_ms,0.3452,
frame_ms,0.2818,
frame_ms,0.2228,
frame_ms,0.2158,
frame_ms,0.2606,
frame_ms,0.2178,
tick_us,749.7,196
frame_ms,1.7184,
frame_ms,0.2309,
frame_ms,0.2086,
frame_ms,0.2712,
frame_ms,0.2251,
frame_ms,0.2154,
frame_ms,0.2393,
frame_ms,0.2231,
frame_ms,0.2096,
frame_ms,0.2571,
frame_ms,0.2215,
frame_ms,0.2082,
frame_ms,0.2478,
frame_ms,0.2215,
frame_ms,0.2128,
frame_ms,0.2189,
frame_ms,0.2421,
frame_ms,0.2183,
frame_ms,0.2039,
frame_ms,0.2469,
frame_ms,0.2205,
frame_ms,0.2141,
frame_ms,0.2476,
frame_ms,0.2491,
tick_us,721.6,194
frame_ms,1.7486,
frame_ms,0.2488,
frame_ms,0.223,
frame_ms,0.2404,
frame_ms,0.2505,
frame_ms,0.2165,
frame_ms,0.2257,
frame_ms,0.2156,
frame_ms,0.2084,
frame_ms,0.2359,
frame_ms,0.2181,
frame_ms,0.2233,
frame_ms,0.2041,
frame_ms,0.2824,
frame_ms,0.227,
frame_ms,0.2076,
frame_ms,0.2189,
frame_ms,0.2126,
frame_ms,0.2021,
frame_ms,0.2693,
frame_ms,0.2197,
frame_ms,0.2093,
frame_ms,0.2537,
tick_us,926.4,194
frame_ms,1.9732,
frame_ms,0.2556,
frame_ms,0.2153,
frame_ms,0.2266,
frame_ms,0.266,
frame_ms,0.2273,
frame_ms,0.2123,
frame_ms,0.2097,
frame_ms,0.2443,
frame_ms,0.2193,
frame_ms,0.2108,
frame_ms,0.2534,
frame_ms,0.2192,
frame_ms,0.2095,
frame_ms,0.2536,
frame_ms,0.2226,
frame_ms,0.2226,
frame_ms,0.252,
frame_ms,0.2241,
frame_ms,0.2102,
frame_ms,0.2241,
frame_ms,0.2107,
frame_ms,0.2014,
tick_us,740.3,188
frame_ms,1.7364,
frame_ms,0.2407,
frame_ms,0.229,
frame_ms,0.2575,
frame_ms,0.2188,
frame_ms,0.2129,
frame_ms,0.2257,
frame_ms,0.2205,
frame_ms,0.2079,
frame_ms,0.2566,
frame_ms,0.2212,
frame_ms,0.2093,
frame_ms,0.2214,
frame_ms,0.2119,
frame_ms,0.2033,
frame_ms,0.2704,
frame_ms,0.2253,
frame_ms,0.2129,
frame_ms,0.2432,
frame_ms,0.2205,
frame_ms,0.2062,
frame_ms,0.255,
frame_ms,0.2244,
frame_ms,0.2062,
tick_us,733.3,186
frame_ms,1.7189,
frame_ms,0.2308,
frame_ms,0.3653,
frame_ms,0.5222,
frame_ms,0.2898,
frame_ms,0.2619,
frame_ms,0.2385,
frame_ms,0.2398,
frame_ms,0.2393,
frame_ms,0.2392,
frame_ms,0.2488,
frame_ms,0.239,
frame_ms,0.2336,
frame_ms,0.2364,
frame_ms,0.2339,
frame_ms,0.2322,
frame_ms,0.2267,
frame_ms,0.2653,
frame_ms,0.2568,
frame_ms,0.2294,
frame_ms,0.2169,
tick_us,758.9,184
frame_ms,1.7497,
frame_ms,0.2485,
frame_ms,0.2207,
frame_ms,0.2216,
frame_ms,0.2697,
frame_ms,0.2276,
frame_ms,0.2218,
frame_ms,0.2516,
frame_ms,0.2285,
frame_ms,0.2105,
frame_ms,0.2522,
frame_ms,0.2308,
frame_ms,0.2113,
frame_ms,0.249,
frame_ms,0.2307,
frame_ms,0.2079,
frame_ms,0.2726,
frame_ms,0.2292,
frame_ms,0.2107,
frame_ms,0.2549,
frame_ms,0.2335,
frame_ms,0.2146,
frame_ms,0.2118,
frame_ms,0.2407,
tick_us,765.3,192
frame_ms,1.7812,
frame_ms,0.2828,
frame_ms,0.235,
frame_ms,0.2645,
frame_ms,0.2734,
frame_ms,0.2383,
frame_ms,0.2206,
frame_ms,0.2506,
frame_ms,0.234,
frame_ms,0.2166,
frame_ms,0.4807,
frame_ms,0.312,
frame_ms,0.2275,
frame_ms,0.2169,
frame_ms,0.2208,
frame_ms,0.211,
frame_ms,0.2089,
frame_ms,0.2702,
frame_ms,0.226,
frame_ms,0.2079,
frame_ms,0.2539,
tick_us,1510.8,182
frame_ms,2.5684,
frame_ms,0.271,
frame_ms,0.2229,
frame_ms,0.2373,
frame_ms,0.2225,
frame_ms,0.261,
frame_ms,0.2294,
frame_ms,0.2215,
frame_ms,0.2668,
frame_ms,0.2727,
frame_ms,0.236,
frame_ms,0.2269,
frame_ms,0.2185,
frame_ms,0.2151,
frame_ms,0.2453,
frame_ms,0.2577,
frame_ms,0.2267,
frame_ms,0.2121,
frame_ms,0.2559,
tick_us,733,180
frame_ms,1.7057,
frame_ms,0.2563,
frame_ms,2.6321,
frame_ms,0.2698,
frame_ms,0.2465,
frame_ms,0.2248,
frame_ms,0.2157,
frame_ms,0.2212,
frame_ms,0.2311,
frame_ms,0.3014,
frame_ms,0.3166,
frame_ms,0.2865,
tick_us,773,180
frame_ms,1.8641,
frame_ms,0.3039,
frame_ms,0.2208,
frame_ms,0.2243,
frame_ms,0.297,
frame_ms,0.2494,
frame_ms,0.2629,
frame_ms,0.2835,
frame_ms,0.2371,
frame_ms,0.2269,
frame_ms,0.2169,
frame_ms,0.2132,
frame_ms,0.2461,
frame_ms,0.2627,
frame_ms,0.2315,
frame_ms,0.2167,
frame_ms,0.2142,
frame_ms,0.2457,
frame_ms,0.25,
frame_ms,0.2454,
frame_ms,0.2195,
frame_ms,0.2125,
frame_ms,0.235,
tick_us,721.6,188
frame_ms,1.7534,
frame_ms,0.3225,
frame_ms,0.2441,
frame_ms,0.3068,
frame_ms,0.2325,
frame_ms,0.2258,
frame_ms,0.2119,
frame_ms,0.2099,
frame_ms,0.2315,
frame_ms,0.2181,
frame_ms,0.2216,
frame_ms,0.2388,
frame_ms,0.2303,
frame_ms,0.2235,
frame_ms,0.2285,
frame_ms,0.2327,
frame_ms,0.2176,
frame_ms,0.2072,
frame_ms,0.2505,
frame_ms,0.2564,
frame_ms,0.2297,
frame_ms,0.2233,
frame_ms,0.2183,
tick_us,828.9,180
frame_ms,1.8709,
frame_ms,0.2879,
frame_ms,0.2517,
frame_ms,0.2285,
frame_ms,0.2232,
frame_ms,0.2183,
frame_ms,0.2133,
frame_ms,0.2365,
frame_ms,0.219,
frame_ms,0.2099,
frame_ms,0.2555,
frame_ms,0.2695,
frame_ms,0.2303,
frame_ms,0.2198,
frame_ms,0.2156,
frame_ms,0.209,
frame_ms,0.2453,
frame_ms,0.2384,
frame_ms,0.2154,
frame_ms,0.208,
frame_ms,0.2639,
frame_ms,0.2111,
frame_ms,0.2096,
tick_us,767.4,182
frame_ms,1.7702,
frame_ms,0.2464,
frame_ms,0.2142,
frame_ms,0.2174,
frame_ms,0.2207,
frame_ms,0.2613,
frame_ms,0.2963,
frame_ms,0.2242,
frame_ms,0.2201,
frame_ms,0.2137,
frame_ms,0.2146,
frame_ms,0.2766,
frame_ms,0.2299,
frame_ms,0.2145,
frame_ms,0.2569,
frame_ms,0.2279,
frame_ms,0.2077,
frame_ms,0.2258,
frame_ms,0.2344,
frame_ms,0.2217,
frame_ms,0.2121,
frame_ms,0.2475,
frame_ms,0.2584,
tick_us,743,182
frame_ms,1.7712,
frame_ms,0.2566,
frame_ms,0.2252,
frame_ms,0.6903,
frame_ms,0.3332,
frame_ms,0.2557,
frame_ms,0.249,
frame_ms,0.2351,
frame_ms,0.2369,
frame_ms,0.2331,
frame_ms,0.2817,
frame_ms,0.2359,
frame_ms,0.2198,
frame_ms,0.2849,
frame_ms,0.2199,
frame_ms,0.2142,
frame_ms,0.2082,
frame_ms,0.2741,
frame_ms,0.2832,
frame_ms,0.2402,
tick_us,770,174
frame_ms,1.7774,
frame_ms,0.2418,
frame_ms,0.258,
frame_ms,0.2144,
frame_ms,0.2408,
frame_ms,0.2493,
frame_ms,0.2291,
frame_ms,0.2175,
frame_ms,0.2345,
frame_ms,0.5345,
frame_ms,0.2192,
frame_ms,0.2174,
frame_ms,0.2139,
frame_ms,0.21,
frame_ms,0.2312,
frame_ms,0.2212,
frame_ms,0.215,
frame_ms,0.2308,
frame_ms,0.2558,
frame_ms,0.2605,
frame_ms,0.2135,
frame_ms,0.2088,
tick_us,831.9,174
frame_ms,1.8438,
frame_ms,0.2574,
frame_ms,0.2226,
frame_ms,0.2142,
frame_ms,0.3173,
frame_ms,0.246,
frame_ms,0.2216,
frame_ms,0.3934,
frame_ms,0.3813,
frame_ms,0.2506,
frame_ms,0.2177,
frame_ms,0.2194,
frame_ms,0.2139,
frame_ms,0.2101,
frame_ms,0.2476,
frame_ms,0.2247,
frame_ms,0.212,
frame_ms,0.2322,
frame_ms,0.2149,
frame_ms,0.2849,
frame_ms,0.235,
tick_us,772.4,180
frame_ms,1.7548,
frame_ms,0.2392,
frame_ms,0.2117,
frame_ms,0.243,
frame_ms,0.2294,
frame_ms,0.217,
frame_ms,0.2723,
frame_ms,0.2315,
frame_ms,0.2121,
frame_ms,0.2356,
frame_ms,0.2679,
frame_ms,0.2204,
frame_ms,0.2171,
frame_ms,0.2112,
frame_ms,0.248,
frame_ms,0.2226,
frame_ms,0.2145,
frame_ms,0.2204,
frame_ms,0.239,
frame_ms,0.2186,
frame_ms,0.2203,
frame_ms,0.2292,
frame_ms,0.2114,
frame_ms,0.2756,
tick_us,740.6,184
frame_ms,1.7355,
frame_ms,0.243,
frame_ms,0.2204,
frame_ms,0.3091,
frame_ms,0.2847,
frame_ms,0.2345,
frame_ms,0.231,
frame_ms,0.2283,
frame_ms,0.2153,
frame_ms,0.2142,
frame_ms,0.2463,
frame_ms,0.2269,
frame_ms,0.2474,
frame_ms,0.2104,
frame_ms,0.2606,
frame_ms,0.2585,
frame_ms,0.3148,
frame_ms,0.2889,
frame_ms,0.2449,
frame_ms,0.2403,
frame_ms,0.2452,
frame_ms,0.2394,
tick_us,859.9,190
frame_ms,1.8866,
frame_ms,0.3063,
frame_ms,0.2342,
frame_ms,0.2235,
frame_ms,0.2222,
frame_ms,0.2191,
frame_ms,0.2427,
frame_ms,0.2254,
frame_ms,0.2127,
frame_ms,0.2633,
frame_ms,0.2268,
frame_ms,0.2151,
frame_ms,0.2815,
frame_ms,0.2198,
frame_ms,0.2561,
frame_ms,0.2158,
frame_ms,0.2084,
frame_ms,0.2273,
frame_ms,0.2236,
frame_ms,0.2251,
frame_ms,0.2142,
frame_ms,0.2427,
frame_ms,0.228,
tick_us,754.3,194
frame_ms,1.7378,
frame_ms,0.2371,
frame_ms,0.2156,
frame_ms,0.2799,
frame_ms,0.2916,
frame_ms,0.2245,
frame_ms,0.21,
frame_ms,0.2086,
frame_ms,0.2417,
frame_ms,0.2159,
frame_ms,0.2169,
frame_ms,0.2574,
frame_ms,0.2223,
frame_ms,0.2128,
frame_ms,0.3988,
frame_ms,0.3828,
frame_ms,0.2754,
frame_ms,0.2276,
frame_ms,0.2197,
frame_ms,0.2242,
frame_ms,0.2441,
tick_us,792,198
frame_ms,1.7885,
frame_ms,0.2438,
frame_ms,0.2258,
frame_ms,0.296,
frame_ms,0.2637,
frame_ms,0.2308,
frame_ms,0.217,
frame_ms,0.2102,
frame_ms,0.2542,
frame_ms,0.2257,
frame_ms,0.2178,
frame_ms,0.2095,
frame_ms,0.2483,
frame_ms,0.2198,
frame_ms,0.2052,
frame_ms,0.25,
frame_ms,0.2157,
frame_ms,0.2156,
frame_ms,0.2369,
frame_ms,0.2174,
frame_ms,0.2038,
frame_ms,0.2369,
frame_ms,0.2184,
frame_ms,0.2056,
tick_us,781.2,196
frame_ms,1.7934,
frame_ms,0.255,
frame_ms,0.221,
frame_ms,0.2149,
frame_ms,0.2506,
frame_ms,0.2157,
frame_ms,0.2121,
frame_ms,0.2116,
frame_ms,0.2483,
frame_ms,0.2279,
frame_ms,0.219,
frame_ms,0.2134,
frame_ms,0.2413,
frame_ms,0.2229,
frame_ms,0.2124,
frame_ms,0.2105,
frame_ms,0.2475,
frame_ms,0.2403,
frame_ms,0.2157,
frame_ms,0.2127,
frame_ms,0.2405,
frame_ms,0.2569,
frame_ms,0.2329,
tick_us,749.3,188
frame_ms,2.0357,
frame_ms,0.4249,
frame_ms,0.2245,
frame_ms,0.2153,
frame_ms,0.2368,
frame_ms,0.2164,
frame_ms,0.2129,
frame_ms,0.2416,
frame_ms,0.2285,
frame_ms,0.2181,
frame_ms,0.236,
frame_ms,0.2159,
frame_ms,0.2695,
frame_ms,0.232,
frame_ms,0.2131,
frame_ms,0.2119,
frame_ms,0.2421,
frame_ms,0.2272,
frame_ms,0.217,
frame_ms,0.2302,
frame_ms,0.2182,
frame_ms,0.267,
tick_us,750.6,180
frame_ms,1.751,
frame_ms,0.2494,
frame_ms,0.2201,
frame_ms,0.2464,
frame_ms,0.2224,
frame_ms,0.2168,
frame_ms,0.2162,
frame_ms,0.233,
frame_ms,0.2167,
frame_ms,0.2142,
frame_ms,0.2306,
frame_ms,0.2201,
frame_ms,0.2617,
frame_ms,0.2319,
frame_ms,0.2158,
frame_ms,0.2806,
frame_ms,0.221,
frame_ms,0.2879,
frame_ms,0.2672,
frame_ms,0.2333,
frame_ms,0.2246,
frame_ms,0.2211,
frame_ms,0.217,
tick_us,790,190
frame_ms,1.7698,
frame_ms,0.2563,
frame_ms,0.2198,
frame_ms,0.2252,
frame_ms,0.2353,
frame_ms,0.2474,
frame_ms,0.229,
frame_ms,0.4002,
frame_ms,0.2437,
frame_ms,0.225,
frame_ms,0.2241,
frame_ms,0.2145,
frame_ms,0.2127,
frame_ms,0.2545,
frame_ms,0.2651,
frame_ms,0.231,
frame_ms,0.2212,
frame_ms,0.2151,
frame_ms,0.2147,
frame_ms,0.2312,
frame_ms,0.2183,
frame_ms,0.2376,
frame_ms,0.2128,
tick_us,748.7,200
frame_ms,1.7693,
frame_ms,0.2515,
frame_ms,0.2179,
frame_ms,0.2152,
frame_ms,0.2396,
frame_ms,0.2271,
frame_ms,0.2177,
frame_ms,0.2153,
frame_ms,0.2584,
frame_ms,0.2312,
frame_ms,0.2171,
frame_ms,0.2288,
frame_ms,0.2297,
frame_ms,0.2153,
frame_ms,0.2131,
frame_ms,0.2365,
frame_ms,0.2243,
frame_ms,0.2422,
frame_ms,0.2072,
frame_ms,0.2853,
frame_ms,0.2638,
frame_ms,0.2309,
frame_ms,0.2391,
tick_us,751.5,206
frame_ms,1.7241,
frame_ms,0.2487,
frame_ms,0.2207,
frame_ms,0.2774,
frame_ms,0.2611,
frame_ms,0.2306,
frame_ms,0.2203,
frame_ms,0.2144,
frame_ms,0.2438,
frame_ms,0.2244,
frame_ms,0.2151,
frame_ms,0.2296,
frame_ms,0.2152,
frame_ms,0.2773,
frame_ms,0.2311,
frame_ms,0.2157,
frame_ms,0.2151,
frame_ms,0.289,
frame_ms,0.2481,
frame_ms,0.2605,
frame_ms,0.2747,
frame_ms,0.2332,
frame_ms,0.2491,
tick_us,769.6,214
frame_ms,1.7414,
frame_ms,0.2402,
frame_ms,0.2161,
frame_ms,0.2347,
frame_ms,0.2188,
frame_ms,0.2554,
frame_ms,0.2329,
frame_ms,0.2166,
frame_ms,0.2112,
frame_ms,0.2598,
frame_ms,0.2606,
frame_ms,0.2284,
frame_ms,0.2157,
frame_ms,0.2132,
frame_ms,0.2319,
frame_ms,0.2188,
frame_ms,0.2118,
frame_ms,0.2559,
frame_ms,0.2193,
frame_ms,0.2137,
frame_ms,0.2287,
frame_ms,0.213,
frame_ms,0.2752,
tick_us,716.7,212
frame_ms,1.7393,
frame_ms,0.2726,
frame_ms,0.2292,
frame_ms,0.2227,
frame_ms,0.217,
frame_ms,0.2156,
frame_ms,0.2444,
frame_ms,0.2522,
frame_ms,0.2211,
frame_ms,0.2115,
frame_ms,0.242,
frame_ms,0.2399,
frame_ms,0.224,
frame_ms,0.2094,
frame_ms,0.2533,
frame_ms,0.2287,
frame_ms,0.2183,
frame_ms,0.2133,
frame_ms,0.2588,
frame_ms,0.2319,
frame_ms,0.2163,
frame_ms,0.2133,
frame_ms,0.2521,
frame_ms,0.2236,
tick_us,733,208
frame_ms,1.8,
frame_ms,0.2709,
frame_ms,0.2261,
frame_ms,0.2202,
frame_ms,0.2531,
frame_ms,0.2204,
frame_ms,0.221,
frame_ms,0.2188,
frame_ms,0.2473,
frame_ms,0.2606,
frame_ms,0.2291,
frame_ms,0.214,
frame_ms,0.2114,
frame_ms,0.2574,
frame_ms,0.2261,
frame_ms,0.2129,
frame_ms,0.2372,
frame_ms,0.2201,
frame_ms,0.2332,
frame_ms,0.2281,
frame_ms,0.2079,
frame_ms,0.2242,
frame_ms,0.2366,
tick_us,739.6,212
frame_ms,1.7294,
frame_ms,0.2344,
frame_ms,0.2151,
frame_ms,0.243,
frame_ms,0.2212,
frame_ms,0.2201,
frame_ms,0.2323,
frame_ms,0.2554,
frame_ms,0.23,
frame_ms,0.2143,
frame_ms,0.2576,
frame_ms,0.2275,
frame_ms,0.2137,
frame_ms,0.2125,
frame_ms,0.2451,
frame_ms,0.2213,
frame_ms,0.2147,
frame_ms,0.2445,
frame_ms,0.2172,
frame_ms,0.2066,
frame_ms,0.2513,
frame_ms,0.2166,
frame_ms,0.2106,
frame_ms,0.2452,
tick_us,743.4,206
frame_ms,1.7216,
frame_ms,0.2337,
frame_ms,2.4407,
frame_ms,0.2655,
frame_ms,0.2269,
frame_ms,0.2157,
frame_ms,0.212,
frame_ms,0.2633,
frame_ms,0.2278,
frame_ms,0.2122,
frame_ms,0.2497,
frame_ms,0.2243,
frame_ms,0.2112,
frame_ms,0.2463,
tick_us,737.6,212
frame_ms,1.7138,
frame_ms,0.2349,
frame_ms,0.2098,
frame_ms,0.2618,
frame_ms,0.3015,
frame_ms,0.2263,
frame_ms,0.2152,
frame_ms,0.211,
frame_ms,0.2464,
frame_ms,0.2301,
frame_ms,0.2067,
frame_ms,0.2507,
frame_ms,0.2224,
frame_ms,0.2106,
frame_ms,0.215,
frame_ms,0.2507,
frame_ms,0.2214,
frame_ms,0.213,
frame_ms,0.2244,
frame_ms,0.2054,
frame_ms,0.2081,
frame_ms,0.2542,
frame_ms,0.2186,
frame_ms,0.2086,
tick_us,757.6,208
frame_ms,1.748,
frame_ms,0.241,
frame_ms,0.2156,
frame_ms,0.2331,
frame_ms,0.2152,
frame_ms,0.217,
frame_ms,0.2682,
frame_ms,0.4572,
frame_ms,0.2197,
frame_ms,0.2127,
frame_ms,0.2121,
frame_ms,0.2093,
frame_ms,0.2672,
frame_ms,0.2246,
frame_ms,0.2115,
frame_ms,0.2471,
frame_ms,0.2259,
frame_ms,0.2098,
frame_ms,0.25,
frame_ms,0.2195,
frame_ms,0.2079,
frame_ms,0.2468,
frame_ms,0.2219,
tick_us,735,208
frame_ms,1.7201,
frame_ms,0.2334,
frame_ms,0.2167,
frame_ms,0.2129,
frame_ms,0.2512,
frame_ms,0.2242,
frame_ms,0.2146,
frame_ms,0.2475,
frame_ms,0.2266,
frame_ms,0.2097,
frame_ms,0.2513,
frame_ms,0.3969,
frame_ms,0.3676,
frame_ms,0.3577,
frame_ms,0.282,
frame_ms,0.2267,
frame_ms,0.213,
frame_ms,0.2104,
frame_ms,0.2114,
frame_ms,0.2674,
frame_ms,0.2275,
frame_ms,0.2247,
tick_us,737.2,202
frame_ms,1.7518,
frame_ms,0.2607,
frame_ms,0.2237,
frame_ms,0.2614,
frame_ms,0.2261,
frame_ms,0.2123,
frame_ms,0.2445,
frame_ms,0.2194,
frame_ms,0.2126,
frame_ms,0.2438,
frame_ms,0.2201,
frame_ms,0.208,
frame_ms,0.2544,
frame_ms,0.4669,
frame_ms,0.38,
frame_ms,0.2339,
frame_ms,0.2254,
frame_ms,0.2261,
frame_ms,0.2242,
frame_ms,0.218,
frame_ms,0.2225,
tick_us,831,198
frame_ms,2.8043,
frame_ms,0.5742,
frame_ms,0.9365,
frame_ms,0.3589,
frame_ms,0.8728,
frame_ms,0.6253,
frame_ms,1.024,
tick_us,843.9,198
frame_ms,2.4222,
frame_ms,0.5145,
frame_ms,1.2473,
frame_ms,0.7756,
frame_ms,1.7536,
tick_us,863.3,186
frame_ms,2.4532,
frame_ms,0.435,
frame_ms,0.2942,
frame_ms,0.2602,
frame_ms,0.243,
frame_ms,0.2382,
frame_ms,0.2329,
frame_ms,0.2333,
frame_ms,0.2365,
frame_ms,0.2571,
frame_ms,0.2567,
frame_ms,0.2803,
frame_ms,0.2499,
frame_ms,0.3382,
frame_ms,0.2864,
frame_ms,0.2699,
frame_ms,0.2737,
frame_ms,0.2489,
tick_us,898.6,186
frame_ms,1.9603,
frame_ms,0.3643,
frame_ms,0.3135,
frame_ms,0.246,
frame_ms,0.2307,
frame_ms,0.2304,
frame_ms,0.2338,
frame_ms,0.221,
frame_ms,0.2174,
frame_ms,0.2814,
frame_ms,0.2226,
frame_ms,0.2197,
frame_ms,0.2094,
frame_ms,0.259,
frame_ms,0.22,
frame_ms,0.2199,
frame_ms,0.2121,
frame_ms,0.2509,
frame_ms,0.2724,
frame_ms,0.2217,
frame_ms,0.2227,
tick_us,864.5,174
frame_ms,2.4163,
frame_ms,1.7228,
frame_ms,0.4598,
frame_ms,0.2522,
frame_ms,0.2399,
frame_ms,0.2365,
frame_ms,0.2218,
frame_ms,0.2177,
frame_ms,0.222,
frame_ms,0.2414,
frame_ms,0.2206,
frame_ms,0.2191,
frame_ms,0.2134,
frame_ms,0.255,
tick_us,771.9,180
frame_ms,1.8851,
frame_ms,0.2555,
frame_ms,0.2218,
frame_ms,0.2345,
frame_ms,0.2426,
frame_ms,0.2211,
frame_ms,0.2232,
frame_ms,0.2373,
frame_ms,0.2353,
frame_ms,0.2207,
frame_ms,0.2168,
frame_ms,0.2593,
frame_ms,0.2589,
frame_ms,0.2288,
frame_ms,0.213,
frame_ms,0.2101,
frame_ms,0.3066,
frame_ms,0.2628,
frame_ms,0.2311,
frame_ms,0.2171,
frame_ms,0.2165,
frame_ms,0.2347,
tick_us,775.2,180
frame_ms,1.7562,
frame_ms,0.2418,
frame_ms,0.6607,
frame_ms,0.4103,
frame_ms,0.2314,
frame_ms,0.2978,
frame_ms,0.2502,
frame_ms,0.2506,
frame_ms,0.236,
frame_ms,0.2258,
frame_ms,0.221,
frame_ms,0.2179,
frame_ms,0.2794,
frame_ms,0.2444,
frame_ms,0.248,
frame_ms,0.2367,
frame_ms,0.2505,
frame_ms,0.2221,
frame_ms,0.2368,
frame_ms,0.2358,
tick_us,767.2,174
frame_ms,1.7567,
frame_ms,0.2523,
frame_ms,0.2261,
frame_ms,0.2505,
frame_ms,0.2514,
frame_ms,0.266,
frame_ms,0.2526,
frame_ms,0.2959,
frame_ms,0.2366,
frame_ms,0.2337,
frame_ms,0.2332,
frame_ms,0.2275,
frame_ms,0.2256,
frame_ms,0.2234,
frame_ms,0.2397,
frame_ms,0.2412,
frame_ms,0.2216,
frame_ms,0.2426,
frame_ms,0.2184,
frame_ms,0.2253,
frame_ms,0.2577,
frame_ms,0.2175,
frame_ms,0.2168,
tick_us,752.3,168
frame_ms,1.7476,
frame_ms,0.2446,
frame_ms,0.2149,
frame_ms,0.2721,
frame_ms,0.2382,
frame_ms,0.229,
frame_ms,0.2241,
frame_ms,0.2546,
frame_ms,0.2222,
frame_ms,0.2235,
frame_ms,0.2228,
frame_ms,0.2662,
frame_ms,0.2339,
frame_ms,0.8152,
frame_ms,0.367,
frame_ms,0.3472,
frame_ms,0.4129,
frame_ms,0.3235,
tick_us,792.1,166
frame_ms,2.0631,
frame_ms,0.2964,
frame_ms,0.2401,
frame_ms,0.2263,
frame_ms,0.2354,
frame_ms,0.2637,
frame_ms,0.2764,
frame_ms,0.259,
frame_ms,0.2549,
frame_ms,0.2915,
frame_ms,0.2453,
frame_ms,0.2315,
frame_ms,0.2222,
frame_ms,0.2147,
frame_ms,0.2089,
frame_ms,0.2566,
frame_ms,0.2385,
frame_ms,0.2127,
frame_ms,0.237,
frame_ms,0.2285,
frame_ms,0.2273,
tick_us,788.5,172
frame_ms,1.801,
frame_ms,0.249,
frame_ms,0.2196,
frame_ms,0.2469,
frame_ms,0.2316,
frame_ms,0.2164,
frame_ms,0.2556,
frame_ms,0.2351,
frame_ms,0.2257,
frame_ms,0.2417,
frame_ms,0.2929,
frame_ms,0.274,
frame_ms,0.2319,
frame_ms,0.219,
frame_ms,0.2151,
frame_ms,0.2449,
frame_ms,0.2386,
frame_ms,0.211,
frame_ms,0.2384,
frame_ms,0.2109,
frame_ms,0.4315,
tick_us,775.3,180
frame_ms,2.0665,
frame_ms,0.2523,
frame_ms,0.2142,
frame_ms,0.2611,
frame_ms,0.2162,
frame_ms,0.2358,
frame_ms,0.2164,
frame_ms,0.2327,
frame_ms,0.2524,
frame_ms,0.267,
frame_ms,0.2357,
frame_ms,0.2261,
frame_ms,0.2248,
frame_ms,0.2199,
frame_ms,0.2122,
frame_ms,0.27,
frame_ms,0.2671,
frame_ms,0.2322,
frame_ms,0.2247,
frame_ms,0.2175,
frame_ms,0.2283,
frame_ms,0.2169,
frame_ms,0.2582,
tick_us,753.1,188
frame_ms,1.7559,
frame_ms,0.2396,
frame_ms,0.2119,
frame_ms,0.248,
frame_ms,0.2379,
frame_ms,0.2161,
frame_ms,0.2607,
frame_ms,0.2326,
frame_ms,0.2142,
frame_ms,0.2515,
frame_ms,0.2711,
frame_ms,0.2159,
frame_ms,0.2369,
frame_ms,0.2222,
frame_ms,0.2539,
frame_ms,0.2234,
frame_ms,0.2149,
frame_ms,0.2623,
frame_ms,0.2208,
frame_ms,0.2122,
frame_ms,0.2436,
frame_ms,0.2264,
frame_ms,0.2848,
tick_us,751.2,186
frame_ms,1.8694,
frame_ms,0.3541,
frame_ms,0.2318,
frame_ms,0.2244,
frame_ms,0.2459,
frame_ms,0.2442,
frame_ms,0.2222,
frame_ms,0.214,
frame_ms,0.2444,
frame_ms,0.2943,
frame_ms,0.2439,
frame_ms,0.2569,
frame_ms,0.2643,
frame_ms,0.2319,
frame_ms,0.2525,
frame_ms,0.2147,
frame_ms,0.2277,
frame_ms,0.2158,
frame_ms,0.2841,
frame_ms,0.2575,
frame_ms,0.2224,
tick_us,778.6,186
frame_ms,1.7692,
frame_ms,0.2642,
frame_ms,0.2168,
frame_ms,0.3218,
frame_ms,0.2289,
frame_ms,0.225,
frame_ms,0.2164,
frame_ms,0.2398,
frame_ms,0.2296,
frame_ms,0.2117,
frame_ms,0.2711,
frame_ms,0.2309,
frame_ms,0.209,
frame_ms,0.2463,
frame_ms,0.2274,
frame_ms,0.2135,
frame_ms,0.2656,
frame_ms,0.2702,
frame_ms,0.2309,
frame_ms,0.2208,
frame_ms,0.2148,
frame_ms,0.2356,
frame_ms,0.2124,
tick_us,797.7,188
frame_ms,1.7995,
frame_ms,0.299,
frame_ms,0.2275,
frame_ms,0.219,
frame_ms,0.2258,
frame_ms,0.2318,
frame_ms,0.2492,
frame_ms,1.1343,
frame_ms,0.2299,
frame_ms,0.259,
frame_ms,0.2548,
frame_ms,0.2437,
frame_ms,0.218,
frame_ms,0.2163,
frame_ms,0.2439,
frame_ms,0.2222,
frame_ms,0.2123,
frame_ms,0.2476,
frame_ms,0.3627,
tick_us,831.7,194
frame_ms,2.0721,
frame_ms,0.2594,
frame_ms,0.2176,
frame_ms,0.2522,
frame_ms,0.2263,
frame_ms,0.2128,
frame_ms,0.2566,
frame_ms,0.2305,
frame_ms,0.2151,
frame_ms,0.219,
frame_ms,0.2578,
frame_ms,0.2569,
frame_ms,0.2238,
frame_ms,0.2512,
frame_ms,0.2833,
frame_ms,0.2337,
frame_ms,0.2254,
frame_ms,0.2155,
frame_ms,0.2265,
frame_ms,0.2247,
frame_ms,0.2674,
tick_us,736.7,192
frame_ms,1.7607,
frame_ms,0.2394,
frame_ms,0.2203,
frame_ms,0.2328,
frame_ms,0.2153,
frame_ms,0.2131,
frame_ms,0.2455,
frame_ms,0.222,
frame_ms,0.216,
frame_ms,0.2691,
frame_ms,0.2241,
frame_ms,0.2154,
frame_ms,0.2477,
frame_ms,0.2296,
frame_ms,0.2158,
frame_ms,0.2424,
frame_ms,0.2186,
frame_ms,0.2115,
frame_ms,0.2932,
frame_ms,0.2955,
frame_ms,0.2525,
frame_ms,0.2399,
frame_ms,0.3412,
tick_us,909.6,190
frame_ms,1.9568,
frame_ms,0.2835,
frame_ms,0.2381,
frame_ms,0.2257,
frame_ms,0.2185,
frame_ms,0.2632,
frame_ms,0.2209,
frame_ms,0.2097,
frame_ms,0.2468,
frame_ms,0.2281,
frame_ms,0.2139,
frame_ms,0.2616,
frame_ms,0.2114,
frame_ms,0.2074,
frame_ms,0.2563,
frame_ms,0.2278,
frame_ms,0.2807,
frame_ms,0.2425,
frame_ms,0.4655,
frame_ms,0.4056,
tick_us,730.9,186
frame_ms,1.7482,
frame_ms,0.2344,
frame_ms,0.2097,
frame_ms,0.2469,
frame_ms,0.229,
frame_ms,0.216,
frame_ms,0.247,
frame_ms,0.2268,
frame_ms,0.2164,
frame_ms,0.2579,
frame_ms,0.2288,
frame_ms,0.2202,
frame_ms,0.2241,
frame_ms,0.2171,
frame_ms,0.2844,
frame_ms,0.2349,
frame_ms,0.2156,
frame_ms,0.2412,
frame_ms,0.2217,
frame_ms,0.4682,
frame_ms,0.4273,
tick_us,776.9,190
frame_ms,2.0291,
frame_ms,0.3166,
frame_ms,0.4788,
frame_ms,0.2114,
frame_ms,0.2155,
frame_ms,0.2091,
frame_ms,0.2084,
frame_ms,0.2684,
frame_ms,0.2427,
frame_ms,0.2126,
frame_ms,0.2412,
frame_ms,0.2157,
frame_ms,0.2092,
frame_ms,0.2451,
frame_ms,0.2207,
frame_ms,0.2141,
frame_ms,0.245,
frame_ms,0.2335,
frame_ms,0.3762,
frame_ms,0.2326,
frame_ms,0.2757,
tick_us,762.7,200
frame_ms,1.775,
frame_ms,0.2492,
frame_ms,0.2222,
frame_ms,0.2645,
frame_ms,0.2642,
frame_ms,0.2265,
frame_ms,0.2194,
frame_ms,0.2134,
frame_ms,0.2581,
frame_ms,0.2649,
frame_ms,0.2343,
frame_ms,0.2246,
frame_ms,0.2162,
frame_ms,0.2166,
frame_ms,0.2425,
frame_ms,0.6328,
frame_ms,0.2765,
frame_ms,0.2301,
frame_ms,0.2192,
frame_ms,0.288,
tick_us,759.9,208
frame_ms,1.958,
frame_ms,0.3013,
frame_ms,0.235,
frame_ms,0.2219,
frame_ms,0.2373,
frame_ms,0.2207,
frame_ms,0.2174,
frame_ms,0.2433,
frame_ms,0.2207,
frame_ms,0.2148,
frame_ms,0.2542,
frame_ms,0.2601,
frame_ms,0.2186,
frame_ms,0.2107,
frame_ms,0.2272,
frame_ms,0.2129,
frame_ms,0.2096,
frame_ms,0.3628,
frame_ms,0.2729,
frame_ms,0.2315,
frame_ms,0.226,
frame_ms,0.2896,
tick_us,741.4,216
frame_ms,1.8856,
frame_ms,0.2682,
frame_ms,0.2202,
frame_ms,0.2156,
frame_ms,0.2681,
frame_ms,0.2377,
frame_ms,0.2183,
frame_ms,0.2422,
frame_ms,0.2275,
frame_ms,0.2136,
frame_ms,0.2509,
frame_ms,0.2306,
frame_ms,0.2146,
frame_ms,0.2403,
frame_ms,0.2213,
frame_ms,0.2128,
frame_ms,0.2183,
frame_ms,0.2154,
frame_ms,0.2395,
frame_ms,0.23,
frame_ms,0.2121,
frame_ms,0.2497,
frame_ms,0.2271,
tick_us,756.5,216
frame_ms,1.731,
frame_ms,0.2422,
frame_ms,0.2105,
frame_ms,0.2556,
frame_ms,0.2323,
frame_ms,0.2176,
frame_ms,0.2626,
frame_ms,0.2279,
frame_ms,0.2168,
frame_ms,0.2365,
frame_ms,0.4216,
frame_ms,0.2903,
frame_ms,0.236,
frame_ms,0.2429,
frame_ms,0.228,
frame_ms,0.2255,
frame_ms,0.2192,
frame_ms,0.2172,
frame_ms,0.2472,
frame_ms,0.2208,
frame_ms,0.2197,
frame_ms,0.2505,
tick_us,767.3,212
frame_ms,1.8067,
frame_ms,0.2624,
frame_ms,0.2254,
frame_ms,0.2379,
frame_ms,0.2171,
frame_ms,0.2367,
frame_ms,0.2208,
frame_ms,0.2143,
frame_ms,0.2509,
frame_ms,0.2254,
frame_ms,0.2137,
frame_ms,0.2452,
frame_ms,0.2254,
frame_ms,0.2135,
frame_ms,0.2492,
frame_ms,0.2255,
frame_ms,0.2114,
frame_ms,0.2222,
frame_ms,0.2274,
frame_ms,0.2144,
frame_ms,0.2094,
frame_ms,0.2436,
frame_ms,0.2238,
frame_ms,0.226,
tick_us,756.5,208
frame_ms,1.77,
frame_ms,0.2516,
frame_ms,0.2159,
frame_ms,0.2455,
frame_ms,0.2325,
frame_ms,0.2198,
frame_ms,0.2441,
frame_ms,0.2251,
frame_ms,0.2128,
frame_ms,0.2695,
frame_ms,0.2279,
frame_ms,0.2154,
frame_ms,0.2703,
frame_ms,0.2301,
frame_ms,0.2275,
frame_ms,0.2486,
frame_ms,0.2234,
frame_ms,0.2136,
frame_ms,0.2623,
frame_ms,0.278,
frame_ms,0.2418,
frame_ms,0.2447,
frame_ms,0.2546,
tick_us,813.8,208
frame_ms,1.8273,
frame_ms,0.2621,
frame_ms,0.2211,
frame_ms,0.2439,
frame_ms,0.2421,
frame_ms,0.2278,
frame_ms,0.2115,
frame_ms,0.2587,
frame_ms,0.2198,
frame_ms,0.2244,
frame_ms,0.2161,
frame_ms,0.275,
frame_ms,0.227,
frame_ms,0.2103,
frame_ms,0.2505,
frame_ms,0.2335,
frame_ms,0.2106,
frame_ms,0.2411,
frame_ms,0.2192,
frame_ms,0.2125,
frame_ms,0.2474,
frame_ms,0.23,
frame_ms,0.2124,
tick_us,744.9,216
frame_ms,1.7289,
frame_ms,0.2312,
frame_ms,0.2121,
frame_ms,0.2533,
frame_ms,0.2316,
frame_ms,0.2099,
frame_ms,0.2528,
frame_ms,0.2278,
frame_ms,0.2104,
frame_ms,0.237,
frame_ms,0.2209,
frame_ms,0.2213,
frame_ms,0.2335,
frame_ms,0.2156,
frame_ms,0.2094,
frame_ms,0.2553,
frame_ms,0.2197,
frame_ms,0.2123,
frame_ms,0.2501,
frame_ms,0.2262,
frame_ms,0.2127,
frame_ms,0.2463,
frame_ms,0.2288,
frame_ms,0.2087,
tick_us,851.8,212
frame_ms,1.8786,
frame_ms,0.2633,
frame_ms,0.2245,
frame_ms,0.2156,
frame_ms,0.2354,
frame_ms,0.2265,
frame_ms,0.2123,
frame_ms,0.2506,
frame_ms,0.2258,
frame_ms,0.2108,
frame_ms,0.2484,
frame_ms,0.2255,
frame_ms,0.2132,
frame_ms,0.2454,
frame_ms,0.226,
frame_ms,0.211,
frame_ms,0.2839,
frame_ms,0.2653,
frame_ms,0.2641,
frame_ms,0.2277,
frame_ms,0.2287,
frame_ms,0.2215,
tick_us,769.5,214
frame_ms,1.7468,
frame_ms,0.2413,
frame_ms,0.2195,
frame_ms,0.2625,
frame_ms,0.2878,
frame_ms,0.2309,
frame_ms,0.219,
frame_ms,0.2123,
frame_ms,0.2432,
frame_ms,0.222,
frame_ms,0.2078,
frame_ms,0.2186,
frame_ms,0.2464,
frame_ms,0.2209,
frame_ms,0.2101,
frame_ms,0.2482,
frame_ms,0.2178,
frame_ms,0.2068,
frame_ms,0.2482,
frame_ms,0.2192,
frame_ms,0.2101,
frame_ms,0.2777,
frame_ms,0.2266,
frame_ms,0.2127,
tick_us,739.6,214
frame_ms,1.7131,
frame_ms,0.2314,
frame_ms,0.2098,
frame_ms,0.3859,
frame_ms,0.2785,
frame_ms,0.2313,
frame_ms,0.2225,
frame_ms,0.2233,
frame_ms,0.216,
frame_ms,0.2308,
frame_ms,0.2182,
frame_ms,0.263,
frame_ms,0.2328,
frame_ms,0.2187,
frame_ms,0.2235,
frame_ms,0.2671,
frame_ms,0.2726,
frame_ms,0.2332,
frame_ms,0.2251,
frame_ms,0.2181,
frame_ms,0.2298,
frame_ms,0.2151,
tick_us,747.4,206
frame_ms,1.7842,
frame_ms,0.2853,
frame_ms,2.4045,
frame_ms,0.2738,
frame_ms,0.2283,
frame_ms,0.2165,
frame_ms,0.2121,
frame_ms,0.2653,
frame_ms,0.2406,
frame_ms,0.2124,
frame_ms,0.2437,
frame_ms,0.2226,
frame_ms,0.2141,
frame_ms,0.2309,
tick_us,773,204
frame_ms,1.7506,
frame_ms,0.2513,
frame_ms,0.2382,
frame_ms,0.2527,
frame_ms,0.2127,
frame_ms,0.2473,
frame_ms,0.2294,
frame_ms,0.2179,
frame_ms,0.2307,
frame_ms,0.2198,
frame_ms,0.3839,
frame_ms,0.2894,
frame_ms,0.2474,
frame_ms,0.2386,
frame_ms,0.2301,
frame_ms,0.2195,
frame_ms,0.2147,
frame_ms,0.2468,
frame_ms,0.2307,
frame_ms,0.2227,
frame_ms,0.2207,
frame_ms,0.2248,
tick_us,764.2,200
frame_ms,1.8533,
frame_ms,0.2806,
frame_ms,0.2254,
frame_ms,0.2484,
frame_ms,0.2176,
frame_ms,0.2192,
frame_ms,0.2343,
frame_ms,0.219,
frame_ms,0.2276,
frame_ms,0.2562,
frame_ms,0.2267,
frame_ms,0.2138,
frame_ms,0.2304,
frame_ms,0.2136,
frame_ms,0.2049,
frame_ms,0.2673,
frame_ms,0.224,
frame_ms,0.2079,
frame_ms,0.239,
frame_ms,0.2171,
frame_ms,0.2058,
frame_ms,0.2382,
frame_ms,0.232,
frame_ms,0.207,
tick_us,749.1,194
frame_ms,1.7528,
frame_ms,0.2366,
frame_ms,0.221,
frame_ms,0.2118,
frame_ms,0.2572,
frame_ms,0.2568,
frame_ms,0.2271,
frame_ms,0.2125,
frame_ms,0.2086,
frame_ms,0.2456,
frame_ms,0.2157,
frame_ms,0.2078,
frame_ms,0.2472,
frame_ms,0.2184,
frame_ms,0.2063,
frame_ms,0.2506,
frame_ms,0.2148,
frame_ms,0.2186,
frame_ms,0.2564,
frame_ms,0.2247,
frame_ms,0.2138,
frame_ms,0.2989,
frame_ms,0.286,
tick_us,745.7,188
frame_ms,1.7714,
frame_ms,0.2407,
frame_ms,0.2097,
frame_ms,0.23,
frame_ms,0.2174,
frame_ms,0.2095,
frame_ms,0.2295,
frame_ms,0.2156,
frame_ms,0.2062,
frame_ms,0.255,
frame_ms,0.2213,
frame_ms,0.2103,
frame_ms,0.2403,
frame_ms,0.2113,
frame_ms,0.2079,
frame_ms,0.2477,
frame_ms,0.2251,
frame_ms,0.2124,
frame_ms,0.2134,
frame_ms,0.272,
frame_ms,0.2769,
frame_ms,0.2461,
frame_ms,0.2424,
frame_ms,0.246,
tick_us,801.4,194
frame_ms,1.8768,
frame_ms,0.2905,
frame_ms,0.2299,
frame_ms,0.2228,
frame_ms,0.2604,
frame_ms,0.2248,
frame_ms,0.2145,
frame_ms,0.2454,
frame_ms,0.306,
frame_ms,0.2842,
frame_ms,0.267,
frame_ms,0.2278,
frame_ms,0.2148,
frame_ms,0.2118,
frame_ms,0.2093,
frame_ms,0.2442,
frame_ms,0.2193,
frame_ms,0.2095,
frame_ms,0.2461,
frame_ms,0.2187,
frame_ms,0.2087,
frame_ms,0.2568,
tick_us,783.2,184
frame_ms,1.8344,
frame_ms,0.2925,
frame_ms,0.2432,
frame_ms,0.281,
frame_ms,0.2676,
frame_ms,0.2534,
frame_ms,0.2158,
frame_ms,0.2194,
frame_ms,0.2625,
frame_ms,0.2264,
frame_ms,0.2151,
frame_ms,0.2094,
frame_ms,0.2493,
frame_ms,0.2158,
frame_ms,0.2103,
frame_ms,0.2299,
frame_ms,0.2412,
frame_ms,0.2278,
frame_ms,0.2669,
frame_ms,0.2437,
frame_ms,0.2361,
frame_ms,0.2307,
tick_us,825,178
frame_ms,1.8705,
frame_ms,0.2494,
frame_ms,0.2165,
frame_ms,0.2235,
frame_ms,0.3505,
frame_ms,0.3574,
frame_ms,0.2447,
frame_ms,0.2082,
frame_ms,0.2121,
frame_ms,0.2695,
frame_ms,0.2257,
frame_ms,0.2077,
frame_ms,0.2454,
frame_ms,0.2204,
frame_ms,0.2059,
frame_ms,0.2379,
frame_ms,0.2176,
frame_ms,0.205,
frame_ms,0.2334,
frame_ms,0.2213,
frame_ms,0.2124,
frame_ms,0.223,
frame_ms,0.2343,
tick_us,753.6,182
frame_ms,1.7516,
frame_ms,0.2301,
frame_ms,0.2074,
frame_ms,0.2648,
frame_ms,0.5843,
frame_ms,0.2806,
frame_ms,0.2241,
frame_ms,0.2102,
frame_ms,0.2193,
frame_ms,0.2252,
frame_ms,0.2145,
frame_ms,0.211,
frame_ms,0.2416,
frame_ms,0.2168,
frame_ms,0.2124,
frame_ms,0.2157,
frame_ms,0.3189,
frame_ms,0.2202,
frame_ms,0.2129,
frame_ms,0.2394,
frame_ms,0.2238,
frame_ms,0.2108,
tick_us,759.1,182
frame_ms,1.7518,
frame_ms,0.2316,
frame_ms,0.2106,
frame_ms,0.2946,
frame_ms,0.2311,
frame_ms,0.2134,
frame_ms,0.2447,
frame_ms,0.2205,
frame_ms,0.2083,
frame_ms,0.2348,
frame_ms,0.2191,
frame_ms,0.3961,
frame_ms,0.2078,
frame_ms,0.2059,
frame_ms,0.2077,
frame_ms,0.2624,
frame_ms,0.2369,
frame_ms,0.2184,
frame_ms,0.2088,
frame_ms,0.2608,
frame_ms,0.2247,
frame_ms,0.2123,
frame_ms,0.2245,
tick_us,757.6,178
frame_ms,1.7568,
frame_ms,0.245,
frame_ms,0.2206,
frame_ms,0.2348,
frame_ms,0.2178,
frame_ms,0.2119,
frame_ms,0.2451,
frame_ms,0.2212,
frame_ms,0.2072,
frame_ms,0.2484,
frame_ms,0.5356,
frame_ms,0.2908,
frame_ms,0.2205,
frame_ms,0.2226,
frame_ms,0.215,
frame_ms,0.2114,
frame_ms,0.262,
frame_ms,0.2299,
frame_ms,0.2145,
frame_ms,0.2114,
frame_ms,0.2368,
frame_ms,0.2223,
tick_us,766,164
frame_ms,1.7388,
frame_ms,0.25,
frame_ms,0.216,
frame_ms,0.2343,
frame_ms,0.2277,
frame_ms,0.2161,
frame_ms,0.234,
frame_ms,0.2169,
frame_ms,0.2066,
frame_ms,0.2407,
frame_ms,0.2211,
frame_ms,0.2138,
frame_ms,0.2319,
frame_ms,0.2202,
frame_ms,0.2468,
frame_ms,0.2889,
frame_ms,0.2361,
frame_ms,0.2246,
frame_ms,0.3118,
frame_ms,0.2269,
frame_ms,0.2278,
frame_ms,0.2257,
frame_ms,0.2246,
tick_us,757.8,162
frame_ms,1.7351,
frame_ms,0.2633,
frame_ms,0.216,
frame_ms,0.2624,
frame_ms,0.2587,
frame_ms,0.2302,
frame_ms,0.2135,
frame_ms,0.21,
frame_ms,0.2471,
frame_ms,0.2186,
frame_ms,0.2139,
frame_ms,0.2311,
frame_ms,0.2085,
frame_ms,0.2785,
frame_ms,0.2307,
frame_ms,0.208,
frame_ms,0.2666,
frame_ms,0.227,
frame_ms,0.2114,
frame_ms,0.2369,
frame_ms,0.2932,
frame_ms,0.2879,
frame_ms,0.2496,
tick_us,765.9,162
frame_ms,1.8188,
frame_ms,0.2567,
frame_ms,0.2162,
frame_ms,0.2106,
frame_ms,0.2992,
frame_ms,0.235,
frame_ms,0.2103,
frame_ms,0.4036,
frame_ms,0.3755,
frame_ms,0.283,
frame_ms,0.2277,
frame_ms,0.2174,
frame_ms,0.2096,
frame_ms,0.2412,
frame_ms,0.22,
frame_ms,0.2423,
frame_ms,0.217,
frame_ms,0.2074,
frame_ms,0.2511,
frame_ms,0.2179,
frame_ms,0.2055,
frame_ms,0.2631,
tick_us,765.2,168
frame_ms,1.7602,
frame_ms,0.234,
frame_ms,0.2112,
frame_ms,0.2649,
frame_ms,0.2274,
frame_ms,0.2092,
frame_ms,0.2472,
frame_ms,0.2299,
frame_ms,0.2117,
frame_ms,0.2778,
frame_ms,0.2427,
frame_ms,0.2196,
frame_ms,0.2079,
frame_ms,0.2384,
frame_ms,0.227,
frame_ms,0.2088,
frame_ms,0.2258,
frame_ms,0.2273,
frame_ms,0.214,
frame_ms,0.2063,
frame_ms,0.2427,
frame_ms,0.2207,
frame_ms,0.2131,
frame_ms,0.2426,
tick_us,762.8,176
frame_ms,1.7866,
frame_ms,0.2926,
frame_ms,0.2371,
frame_ms,0.2161,
frame_ms,0.2134,
frame_ms,0.2445,
frame_ms,0.2202,
frame_ms,0.2168,
frame_ms,0.2307,
frame_ms,0.2123,
frame_ms,0.2781,
frame_ms,0.2307,
frame_ms,0.2119,
frame_ms,0.2146,
frame_ms,0.2469,
frame_ms,0.2251,
frame_ms,0.224,
frame_ms,0.2434,
frame_ms,0.2139,
frame_ms,0.2247,
frame_ms,0.2415,
frame_ms,0.2162,
frame_ms,0.2137,
tick_us,784.8,178
frame_ms,1.8159,
frame_ms,0.2827,
frame_ms,0.2281,
frame_ms,0.2224,
frame_ms,0.2845,
frame_ms,0.2331,
frame_ms,0.2284,
frame_ms,0.2422,
frame_ms,0.2598,
frame_ms,0.2291,
frame_ms,0.2192,
frame_ms,0.205,
frame_ms,0.2449,
frame_ms,0.2192,
frame_ms,0.2056,
frame_ms,0.2495,
frame_ms,0.2166,
frame_ms,0.2061,
frame_ms,0.257,
frame_ms,0.2655,
frame_ms,0.2341,
frame_ms,0.2259,
frame_ms,0.2258,
tick_us,751.3,180
frame_ms,1.7234,
frame_ms,0.2374,
frame_ms,0.2191,
frame_ms,0.3369,
frame_ms,0.3026,
frame_ms,0.2308,
frame_ms,0.2252,
frame_ms,0.2186,
frame_ms,0.2165,
frame_ms,0.2602,
frame_ms,0.27,
frame_ms,0.2341,
frame_ms,0.2121,
frame_ms,0.2058,
frame_ms,0.2575,
frame_ms,0.2316,
frame_ms,0.2089,
frame_ms,0.2261,
frame_ms,0.2329,
frame_ms,0.2201,
frame_ms,0.2141,
frame_ms,0.2288,
frame_ms,0.2204,
tick_us,802.1,188
frame_ms,1.7979,
frame_ms,0.2871,
frame_ms,0.2251,
frame_ms,0.247,
frame_ms,0.2185,
frame_ms,0.23,
frame_ms,0.2324,
frame_ms,0.249,
frame_ms,0.2517,
frame_ms,0.2159,
frame_ms,0.2162,
frame_ms,0.2107,
frame_ms,0.2375,
frame_ms,0.2162,
frame_ms,0.2082,
frame_ms,0.2403,
frame_ms,0.2267,
frame_ms,0.2154,
frame_ms,0.2127,
frame_ms,0.2737,
frame_ms,0.276,
frame_ms,0.2357,
frame_ms,0.2299,
tick_us,793.3,186
frame_ms,1.7768,
frame_ms,0.2392,
frame_ms,0.218,
frame_ms,0.2759,
frame_ms,0.2605,
frame_ms,0.2292,
frame_ms,0.2145,
frame_ms,0.21,
frame_ms,0.2354,
frame_ms,0.2235,
frame_ms,0.2131,
frame_ms,0.222,
frame_ms,0.2415,
frame_ms,0.2178,
frame_ms,0.261,
frame_ms,0.881,
frame_ms,0.262,
frame_ms,0.2214,
frame_ms,0.288,
tick_us,868.5,180
frame_ms,2.1519,
frame_ms,0.297,
frame_ms,0.2335,
frame_ms,0.2329,
frame_ms,0.2249,
frame_ms,0.2926,
frame_ms,0.2265,
frame_ms,0.2547,
frame_ms,0.2347,
frame_ms,0.2235,
frame_ms,0.2372,
frame_ms,0.2525,
frame_ms,0.2729,
frame_ms,0.2318,
frame_ms,0.2178,
frame_ms,0.2133,
frame_ms,0.2546,
frame_ms,0.2076,
frame_ms,0.2593,
frame_ms,0.2206,
frame_ms,0.2884,
tick_us,773.3,186
frame_ms,1.8615,
frame_ms,0.2772,
frame_ms,0.2291,
frame_ms,0.2209,
frame_ms,0.2467,
frame_ms,0.2357,
frame_ms,0.2258,
frame_ms,0.2206,
frame_ms,0.2582,
frame_ms,0.2291,
frame_ms,0.2177,
frame_ms,0.2511,
frame_ms,0.218,
frame_ms,0.2189,
frame_ms,0.2519,
frame_ms,0.2716,
frame_ms,0.2396,
frame_ms,0.2254,
frame_ms,0.2217,
frame_ms,0.2176,
frame_ms,0.692,
tick_us,897,184
frame_ms,2.5876,
frame_ms,0.3026,
frame_ms,0.2604,
frame_ms,0.2388,
frame_ms,0.2334,
frame_ms,0.2553,
frame_ms,0.2255,
frame_ms,0.2938,
frame_ms,0.2773,
frame_ms,0.2313,
frame_ms,0.231,
frame_ms,0.2228,
frame_ms,0.2343,
frame_ms,0.2265,
frame_ms,0.2311,
frame_ms,0.2249,
frame_ms,0.268,
frame_ms,0.2678,
tick_us,841.5,184
frame_ms,1.9044,
frame_ms,0.2594,
frame_ms,2.1056,
frame_ms,0.3149,
frame_ms,0.2342,
frame_ms,0.23,
frame_ms,0.2323,
frame_ms,0.2293,
frame_ms,0.2361,
frame_ms,0.231,
frame_ms,0.6311,
frame_ms,0.2425,
frame_ms,0.2159,
tick_us,784.8,184
frame_ms,2.2444,
frame_ms,0.4521,
frame_ms,0.2408,
frame_ms,0.2269,
frame_ms,0.2269,
frame_ms,0.2347,
frame_ms,0.2348,
frame_ms,0.2171,
frame_ms,0.2206,
frame_ms,0.2143,
frame_ms,0.3099,
frame_ms,0.3006,
frame_ms,0.2485,
frame_ms,0.2261,
frame_ms,0.2323,
frame_ms,0.2329,
frame_ms,0.3025,
frame_ms,0.2593,
frame_ms,0.2463,
tick_us,770.3,182
frame_ms,1.8102,
frame_ms,0.2934,
frame_ms,0.233,
frame_ms,0.2632,
frame_ms,0.234,
frame_ms,0.2316,
frame_ms,0.2204,
frame_ms,0.224,
frame_ms,0.2803,
frame_ms,0.2486,
frame_ms,0.2503,
frame_ms,0.246,
frame_ms,0.2717,
frame_ms,0.2425,
frame_ms,0.2809,
frame_ms,0.2734,
frame_ms,0.2204,
frame_ms,0.2197,
frame_ms,0.2932,
frame_ms,0.2384,
frame_ms,0.2178,
frame_ms,0.2489,
tick_us,764,176
frame_ms,1.7864,
frame_ms,0.2688,
frame_ms,0.2247,
frame_ms,0.264,
frame_ms,0.28,
frame_ms,0.3107,
frame_ms,0.2616,
frame_ms,0.2673,
frame_ms,0.2536,
frame_ms,0.3095,
frame_ms,0.2996,
frame_ms,0.3172,
frame_ms,0.2476,
frame_ms,0.2465,
frame_ms,0.2396,
frame_ms,0.2381,
frame_ms,0.3611,
frame_ms,0.4325,
tick_us,797.5,176
frame_ms,2.202,
frame_ms,0.2928,
frame_ms,0.2392,
frame_ms,0.2436,
frame_ms,0.23,
frame_ms,0.2446,
frame_ms,0.2443,
frame_ms,0.2376,
frame_ms,0.2165,
frame_ms,0.2181,
frame_ms,0.3283,
frame_ms,0.3354,
frame_ms,0.2458,
frame_ms,0.2187,
frame_ms,0.224,
frame_ms,0.227,
frame_ms,0.2217,
frame_ms,0.2254,
frame_ms,0.234,
frame_ms,0.2227,
frame_ms,0.2187,
frame_ms,0.2691,
tick_us,762.5,176
frame_ms,1.7715,
frame_ms,0.2505,
frame_ms,0.2773,
frame_ms,0.2671,
frame_ms,0.2826,
frame_ms,0.2487,
frame_ms,0.2337,
frame_ms,0.2275,
frame_ms,0.2318,
frame_ms,0.3859,
frame_ms,0.2981,
frame_ms,0.2616,
frame_ms,0.2396,
frame_ms,0.2353,
frame_ms,0.226,
frame_ms,0.2268,
frame_ms,0.2522,
frame_ms,0.2303,
frame_ms,0.2622,
frame_ms,0.249,
frame_ms,0.2317,
tick_us,780.5,184
frame_ms,1.8823,
frame_ms,0.3067,
frame_ms,0.238,
frame_ms,0.296,
frame_ms,0.299,
frame_ms,0.2543,
frame_ms,0.2357,
frame_ms,0.2245,
frame_ms,0.2329,
frame_ms,0.2221,
frame_ms,0.2825,
frame_ms,0.2389,
frame_ms,0.2272,
frame_ms,0.2445,
frame_ms,0.2292,
frame_ms,0.2694,
frame_ms,0.4289,
frame_ms,0.3904,
frame_ms,0.3527,
tick_us,1014.3,184
frame_ms,2.1848,
frame_ms,0.3126,
frame_ms,0.2468,
frame_ms,0.239,
frame_ms,0.2334,
frame_ms,0.2274,
frame_ms,0.2876,
frame_ms,0.2307,
frame_ms,0.2219,
frame_ms,0.2481,
frame_ms,0.224,
frame_ms,0.2914,
frame_ms,0.24,
frame_ms,0.2179,
frame_ms,0.8127,
frame_ms,0.3769,
frame_ms,0.2569,
frame_ms,0.235,
tick_us,794.1,188
frame_ms,1.7869,
frame_ms,0.2507,
frame_ms,0.2213,
frame_ms,0.2485,
frame_ms,0.2324,
frame_ms,0.2991,
frame_ms,0.2459,
frame_ms,0.2358,
frame_ms,0.2291,
frame_ms,0.22,
frame_ms,0.3232,
frame_ms,0.3164,
frame_ms,0.2562,
frame_ms,0.2327,
frame_ms,0.226,
frame_ms,0.2237,
frame_ms,0.2368,
frame_ms,0.2655,
frame_ms,0.2393,
frame_ms,0.258,
frame_ms,0.2479,
tick_us,796.6,186
frame_ms,1.909,
frame_ms,0.3219,
frame_ms,0.2391,
frame_ms,0.2186,
frame_ms,0.2799,
frame_ms,0.2419,
frame_ms,0.2174,
frame_ms,0.4177,
frame_ms,0.4097,
frame_ms,0.3573,
frame_ms,0.3525,
frame_ms,0.3398,
frame_ms,0.2757,
frame_ms,0.2332,
frame_ms,0.2378,
frame_ms,0.2226,
frame_ms,0.2201,
frame_ms,0.2391,
frame_ms,0.2445,
tick_us,885.3,184
frame_ms,1.9264,
frame_ms,0.3307,
frame_ms,0.2513,
frame_ms,0.2297,
frame_ms,0.2301,
frame_ms,0.2194,
frame_ms,0.358,
frame_ms,0.25,
frame_ms,0.2399,
frame_ms,0.2207,
frame_ms,0.2197,
frame_ms,0.2761,
frame_ms,0.2487,
frame_ms,0.2148,
frame_ms,0.2565,
frame_ms,0.2412,
frame_ms,0.2246,
frame_ms,0.3774,
frame_ms,0.3531,
frame_ms,0.2721,
tick_us,807.4,194
frame_ms,1.944,
frame_ms,0.4098,
frame_ms,0.2728,
frame_ms,0.2704,
frame_ms,0.2404,
frame_ms,0.2676,
frame_ms,0.2521,
frame_ms,0.2439,
frame_ms,0.2283,
frame_ms,0.2342,
frame_ms,0.4232,
frame_ms,0.3843,
frame_ms,0.3822,
frame_ms,0.3556,
frame_ms,0.3122,
frame_ms,0.2298,
frame_ms,0.2286,
frame_ms,0.2272,
tick_us,812.7,192
frame_ms,1.811,
frame_ms,0.2522,
frame_ms,0.5809,
frame_ms,0.2608,
frame_ms,0.2288,
frame_ms,0.2345,
frame_ms,0.2273,
frame_ms,0.2179,
frame_ms,0.3811,
frame_ms,0.2733,
frame_ms,0.2523,
frame_ms,0.2426,
frame_ms,0.2425,
frame_ms,0.2441,
frame_ms,0.2678,
frame_ms,0.2753,
frame_ms,0.2358,
frame_ms,0.2283,
frame_ms,0.2201,
frame_ms,0.2176,
tick_us,812.1,186
frame_ms,1.851,
frame_ms,0.4614,
frame_ms,0.6276,
frame_ms,0.2616,
frame_ms,0.2289,
frame_ms,0.222,
frame_ms,0.2355,
frame_ms,0.3025,
frame_ms,0.2231,
frame_ms,0.3041,
frame_ms,0.3099,
frame_ms,0.2669,
frame_ms,0.6456,
frame_ms,0.2623,
frame_ms,0.2263,
frame_ms,0.2246,
frame_ms,0.2594,
tick_us,789.4,190
frame_ms,1.8771,
frame_ms,0.3068,
frame_ms,0.2617,
frame_ms,0.2257,
frame_ms,0.2195,
frame_ms,0.244,
frame_ms,0.2604,
frame_ms,0.3236,
frame_ms,0.2966,
frame_ms,0.2674,
frame_ms,0.2453,
frame_ms,0.2223,
frame_ms,0.2249,
frame_ms,0.2126,
frame_ms,0.2852,
frame_ms,0.2224,
frame_ms,0.2133,
frame_ms,0.2183,
frame_ms,0.2829,
frame_ms,0.2275,
frame_ms,0.2135,
frame_ms,0.2565,
tick_us,772,196
frame_ms,1.7897,
frame_ms,0.253,
frame_ms,0.226,
frame_ms,0.2472,
frame_ms,0.2245,
frame_ms,0.2156,
frame_ms,0.3058,
frame_ms,0.3262,
frame_ms,0.259,
frame_ms,0.369,
frame_ms,0.238,
frame_ms,0.2484,
frame_ms,0.2546,
frame_ms,0.2384,
frame_ms,0.2473,
frame_ms,0.2305,
frame_ms,0.242,
frame_ms,0.2248,
frame_ms,0.2344,
frame_ms,0.2173,
frame_ms,0.2864,
tick_us,797.6,186
frame_ms,1.806,
frame_ms,0.2512,
frame_ms,0.2281,
frame_ms,0.2273,
frame_ms,0.2201,
frame_ms,0.2184,
frame_ms,0.2983,
frame_ms,0.4572,
frame_ms,0.3528,
frame_ms,0.2858,
frame_ms,0.3833,
frame_ms,0.2854,
frame_ms,0.3455,
frame_ms,0.3006,
frame_ms,0.2405,
frame_ms,0.2329,
frame_ms,0.228,
frame_ms,0.238,
frame_ms,0.2321,
frame_ms,0.2272,
tick_us,773.2,196
frame_ms,1.7583,
frame_ms,0.2595,
frame_ms,0.2541,
frame_ms,0.2375,
frame_ms,0.2576,
frame_ms,0.2231,
frame_ms,0.2197,
frame_ms,0.2283,
frame_ms,0.289,
frame_ms,0.2378,
frame_ms,0.2223,
frame_ms,0.2625,
frame_ms,0.2696,
frame_ms,0.2219,
frame_ms,0.2223,
frame_ms,0.2225,
frame_ms,0.236,
frame_ms,0.2581,
frame_ms,0.2326,
frame_ms,0.216,
frame_ms,0.2669,
frame_ms,0.2532,
tick_us,779,188
frame_ms,1.7671,
frame_ms,0.2497,
frame_ms,0.2181,
frame_ms,0.2753,
frame_ms,0.2391,
frame_ms,0.2263,
frame_ms,0.2582,
frame_ms,0.2232,
frame_ms,0.226,
frame_ms,0.2214,
frame_ms,0.2327,
frame_ms,0.2519,
frame_ms,0.2649,
frame_ms,0.2377,
frame_ms,0.2226,
frame_ms,0.2434,
frame_ms,0.2712,
frame_ms,0.2408,
frame_ms,0.2213,
frame_ms,0.257,
frame_ms,0.3087,
frame_ms,0.4688,
tick_us,1050.4,192
frame_ms,2.2781,
frame_ms,0.3839,
frame_ms,0.2957,
frame_ms,0.6429,
frame_ms,0.2565,
frame_ms,0.2513,
frame_ms,0.2321,
frame_ms,0.2304,
frame_ms,0.2232,
frame_ms,0.2245,
frame_ms,0.2842,
frame_ms,0.3104,
frame_ms,0.2459,
frame_ms,0.2398,
frame_ms,0.2305,
frame_ms,0.2686,
frame_ms,0.2392,
tick_us,805.2,188
frame_ms,1.8051,
frame_ms,0.2512,
frame_ms,0.2267,
frame_ms,0.2297,
frame_ms,0.256,
frame_ms,0.2308,
frame_ms,0.2192,
frame_ms,0.2456,
frame_ms,0.2704,
frame_ms,0.2303,
frame_ms,0.2162,
frame_ms,0.2452,
frame_ms,0.2349,
frame_ms,0.22,
frame_ms,0.251,
frame_ms,0.2757,
frame_ms,0.2261,
frame_ms,0.2741,
frame_ms,0.2325,
frame_ms,0.2167,
frame_ms,0.2656,
frame_ms,0.2345,
tick_us,756.2,184
frame_ms,2.136,
frame_ms,0.3025,
frame_ms,0.226,
frame_ms,0.2253,
frame_ms,0.2657,
frame_ms,0.233,
frame_ms,0.2147,
frame_ms,0.2622,
frame_ms,0.2284,
frame_ms,0.2208,
frame_ms,0.2246,
frame_ms,0.2831,
frame_ms,0.2368,
frame_ms,0.2232,
frame_ms,0.2505,
frame_ms,0.2276,
frame_ms,0.2272,
frame_ms,0.2189,
frame_ms,0.2182,
frame_ms,0.2741,
frame_ms,0.2341,
tick_us,747.4,182
frame_ms,1.7361,
frame_ms,0.2523,
frame_ms,0.2253,
frame_ms,0.2686,
frame_ms,0.2425,
frame_ms,0.2207,
frame_ms,0.2174,
frame_ms,0.2854,
frame_ms,0.2345,
frame_ms,0.2169,
frame_ms,0.2661,
frame_ms,0.2372,
frame_ms,0.2267,
frame_ms,0.2518,
frame_ms,0.2298,
frame_ms,0.2243,
frame_ms,0.3259,
frame_ms,0.5178,
frame_ms,0.3169,
frame_ms,0.2293,
frame_ms,0.2303,
tick_us,948.8,176
frame_ms,1.9755,
frame_ms,0.3165,
frame_ms,0.2438,
frame_ms,0.2308,
frame_ms,0.2272,
frame_ms,0.5223,
frame_ms,0.2803,
frame_ms,0.2573,
frame_ms,0.2286,
frame_ms,0.2307,
frame_ms,0.2248,
frame_ms,0.2233,
frame_ms,0.2327,
frame_ms,0.2656,
frame_ms,0.2435,
frame_ms,0.2235,
frame_ms,0.2538,
frame_ms,0.2195,
frame_ms,0.2165,
frame_ms,0.216,
tick_us,1058.6,182
frame_ms,2.3085,
frame_ms,0.2824,
frame_ms,0.2344,
frame_ms,0.2266,
frame_ms,0.2562,
frame_ms,0.2244,
frame_ms,0.2182,
frame_ms,0.2188,
frame_ms,0.2365,
frame_ms,0.2531,
frame_ms,0.2251,
frame_ms,0.22,
frame_ms,0.2455,
frame_ms,0.2303,
frame_ms,0.2166,
frame_ms,0.2176,
frame_ms,0.2467,
frame_ms,0.2358,
frame_ms,0.2179,
frame_ms,0.2145,
frame_ms,0.239,
frame_ms,0.2235,
tick_us,764,186
frame_ms,1.7299,
frame_ms,0.2426,
frame_ms,0.2217,
frame_ms,0.2662,
frame_ms,0.2313,
frame_ms,0.2224,
frame_ms,0.2125,
frame_ms,0.2434,
frame_ms,0.2264,
frame_ms,0.2155,
frame_ms,0.2157,
frame_ms,0.6615,
frame_ms,0.4349,
frame_ms,0.4215,
frame_ms,0.3128,
frame_ms,0.242,
frame_ms,0.2311,
frame_ms,0.2242,
frame_ms,0.2179,
frame_ms,0.2269,
tick_us,804,190
frame_ms,1.8129,
frame_ms,0.2434,
frame_ms,0.215,
frame_ms,0.2589,
frame_ms,0.2303,
frame_ms,0.2163,
frame_ms,0.2128,
frame_ms,0.244,
frame_ms,0.2546,
frame_ms,0.2288,
frame_ms,0.22,
frame_ms,0.2131,
frame_ms,0.2552,
frame_ms,0.2972,
frame_ms,0.2403,
frame_ms,0.2322,
frame_ms,0.2312,
frame_ms,0.228,
frame_ms,0.2258,
frame_ms,0.2205,
frame_ms,0.2723,
frame_ms,0.2357,
tick_us,761.6,194
frame_ms,1.7826,
frame_ms,0.2511,
frame_ms,0.2357,
frame_ms,0.2464,
frame_ms,0.2288,
frame_ms,0.2188,
frame_ms,0.217,
frame_ms,0.2591,
frame_ms,0.2273,
frame_ms,0.2124,
frame_ms,0.2455,
frame_ms,0.2342,
frame_ms,0.2161,
frame_ms,0.2615,
frame_ms,0.2289,
frame_ms,0.226,
frame_ms,0.3823,
frame_ms,0.3379,
frame_ms,0.2553,
frame_ms,0.2206,
frame_ms,0.2217,
frame_ms,0.2149,
tick_us,801.7,188
frame_ms,1.7875,
frame_ms,0.2432,
frame_ms,0.217,
frame_ms,0.2844,
frame_ms,0.2766,
frame_ms,0.2297,
frame_ms,0.2456,
frame_ms,0.2228,
frame_ms,0.2168,
frame_ms,0.212,
frame_ms,0.2456,
frame_ms,0.2237,
frame_ms,0.2152,
frame_ms,0.212,
frame_ms,0.2459,
frame_ms,0.2262,
frame_ms,0.215,
frame_ms,0.2137,
frame_ms,0.245,
frame_ms,0.223,
frame_ms,0.2172,
frame_ms,0.2293,
frame_ms,0.2215,
frame_ms,0.2137,
tick_us,761,190
frame_ms,1.7571,
frame_ms,0.2311,
frame_ms,0.2182,
frame_ms,0.2659,
frame_ms,0.2547,
frame_ms,0.2237,
frame_ms,0.2192,
frame_ms,0.2423,
frame_ms,0.2202,
frame_ms,0.215,
frame_ms,0.2283,
frame_ms,0.2267,
frame_ms,0.2625,
frame_ms,0.2283,
frame_ms,0.2094,
frame_ms,0.2268,
frame_ms,0.2394,
frame_ms,0.214,
frame_ms,0.2114,
frame_ms,0.2369,
frame_ms,0.2204,
frame_ms,0.212,
frame_ms,0.2926,
tick_us,852.2,198
frame_ms,2.0401,
frame_ms,0.2777,
frame_ms,0.2248,
frame_ms,0.2183,
frame_ms,0.2523,
frame_ms,0.2315,
frame_ms,0.2259,
frame_ms,0.214,
frame_ms,0.2523,
frame_ms,0.2565,
frame_ms,0.2326,
frame_ms,0.2193,
frame_ms,0.2382,
frame_ms,0.2448,
frame_ms,0.2154,
frame_ms,0.2621,
frame_ms,0.2291,
frame_ms,0.213,
frame_ms,0.2553,
frame_ms,0.225,
frame_ms,0.2166,
frame_ms,0.2118,
tick_us,732.1,198
frame_ms,1.7272,
frame_ms,0.2515,
frame_ms,0.2496,
frame_ms,0.2144,
frame_ms,0.2597,
frame_ms,0.2255,
frame_ms,0.2174,
frame_ms,0.2613,
frame_ms,0.2299,
frame_ms,0.2181,
frame_ms,0.2124,
frame_ms,0.2615,
frame_ms,0.237,
frame_ms,0.2198,
frame_ms,0.2139,
frame_ms,0.2393,
frame_ms,0.217,
frame_ms,0.2106,
frame_ms,0.2754,
frame_ms,0.2732,
frame_ms,0.2459,
frame_ms,0.2236,
frame_ms,0.2159,
tick_us,795.2,196
frame_ms,1.8432,
frame_ms,0.3508,
frame_ms,0.2555,
frame_ms,0.2505,
frame_ms,0.2358,
frame_ms,0.2279,
frame_ms,0.2211,
frame_ms,0.2225,
frame_ms,0.2615,
frame_ms,0.2285,
frame_ms,0.2154,
frame_ms,0.2098,
frame_ms,0.2436,
frame_ms,0.2247,
frame_ms,0.2169,
frame_ms,0.2317,
frame_ms,0.2185,
frame_ms,0.2704,
frame_ms,0.2291,
frame_ms,0.2112,
frame_ms,0.2274,
frame_ms,0.2373,
frame_ms,0.2131,
tick_us,745.2,190
frame_ms,1.716,
frame_ms,0.2369,
frame_ms,0.2111,
frame_ms,0.2333,
frame_ms,0.2299,
frame_ms,0.2137,
frame_ms,0.2117,
frame_ms,0.2406,
frame_ms,0.2272,
frame_ms,0.2182,
frame_ms,0.2292,
frame_ms,0.2308,
frame_ms,0.2622,
frame_ms,0.274,
frame_ms,0.2466,
frame_ms,0.2282,
frame_ms,0.2223,
frame_ms,0.2242,
frame_ms,0.2208,
frame_ms,0.2431,
frame_ms,0.2559,
frame_ms,0.2267,
frame_ms,0.2256,
tick_us,743.3,194
frame_ms,1.7146,
frame_ms,0.2379,
frame_ms,0.2122,
frame_ms,0.2556,
frame_ms,0.2372,
frame_ms,0.2103,
frame_ms,0.2299,
frame_ms,0.2129,
frame_ms,0.2377,
frame_ms,0.2272,
frame_ms,0.7957,
frame_ms,0.2269,
frame_ms,0.2242,
frame_ms,0.2146,
frame_ms,0.2123,
frame_ms,0.2464,
frame_ms,0.2244,
frame_ms,0.22,
frame_ms,0.2123,
frame_ms,0.258,
frame_ms,0.2163,
frame_ms,0.209,
tick_us,760.6,202
frame_ms,1.7411,
frame_ms,0.2357,
frame_ms,0.2178,
frame_ms,0.2219,
frame_ms,0.2128,
frame_ms,0.2345,
frame_ms,0.2272,
frame_ms,0.2166,
frame_ms,0.2572,
frame_ms,0.2209,
frame_ms,0.2105,
frame_ms,0.2481,
frame_ms,0.223,
frame_ms,0.2135,
frame_ms,0.2304,
frame_ms,0.2164,
frame_ms,0.2737,
frame_ms,0.2288,
frame_ms,0.2165,
frame_ms,0.2121,
frame_ms,0.2441,
frame_ms,0.2237,
frame_ms,0.2107,
frame_ms,0.2522,
tick_us,745,198
frame_ms,1.7383,
frame_ms,0.2465,
frame_ms,0.2303,
frame_ms,0.2215,
frame_ms,0.2152,
frame_ms,0.2472,
frame_ms,0.2294,
frame_ms,0.2165,
frame_ms,0.2207,
frame_ms,0.2525,
frame_ms,0.2316,
frame_ms,0.2156,
frame_ms,0.2405,
frame_ms,0.2483,
frame_ms,0.2147,
frame_ms,0.2676,
frame_ms,0.2304,
frame_ms,0.2122,
frame_ms,0.3776,
frame_ms,0.2325,
frame_ms,0.2243,
frame_ms,0.2163,
frame_ms,0.2144,
tick_us,759.8,196
frame_ms,1.7585,
frame_ms,0.2473,
frame_ms,0.276,
frame_ms,0.2212,
frame_ms,0.2307,
frame_ms,0.2219,
frame_ms,0.2448,
frame_ms,0.2185,
frame_ms,0.2293,
frame_ms,0.2131,
frame_ms,0.2423,
frame_ms,0.2166,
frame_ms,0.2134,
frame_ms,0.2425,
frame_ms,0.229,
frame_ms,0.2147,
frame_ms,0.244,
frame_ms,0.2208,
frame_ms,0.2216,
frame_ms,0.2208,
frame_ms,0.2627,
frame_ms,0.2379,
frame_ms,0.2149,
tick_us,760.8,198
frame_ms,1.7515,
frame_ms,0.2439,
frame_ms,0.2147,
frame_ms,0.2618,
frame_ms,0.2311,
frame_ms,0.2235,
frame_ms,0.2439,
frame_ms,0.2258,
frame_ms,0.2174,
frame_ms,0.2796,
frame_ms,0.2348,
frame_ms,0.2159,
frame_ms,0.2459,
frame_ms,0.2195,
frame_ms,0.2428,
frame_ms,0.225,
frame_ms,0.2219,
frame_ms,0.2225,
frame_ms,0.2617,
frame_ms,0.2348,
frame_ms,0.2163,
frame_ms,0.2618,
frame_ms,0.2414,
tick_us,808.6,204
frame_ms,1.8193,
frame_ms,0.2898,
frame_ms,0.2313,
frame_ms,0.227,
frame_ms,0.2209,
frame_ms,0.2188,
frame_ms,0.2443,
frame_ms,0.2219,
frame_ms,0.2177,
frame_ms,0.2162,
frame_ms,0.281,
frame_ms,0.2604,
frame_ms,0.2362,
frame_ms,0.2201,
frame_ms,0.2888,
frame_ms,0.259,
frame_ms,0.2295,
frame_ms,0.2255,
frame_ms,0.2157,
frame_ms,0.214,
frame_ms,0.2507,
frame_ms,0.2193,
frame_ms,0.2273,
tick_us,740.2,198
frame_ms,1.7097,
frame_ms,0.2921,
frame_ms,2.0416,
frame_ms,0.2729,
frame_ms,0.2278,
frame_ms,0.2234,
frame_ms,0.2671,
frame_ms,0.2614,
frame_ms,0.2319,
frame_ms,0.2768,
frame_ms,0.2424,
frame_ms,0.2255,
frame_ms,0.2183,
frame_ms,0.2462,
frame_ms,0.2174,
tick_us,744.5,194
frame_ms,1.7148,
frame_ms,0.2342,
frame_ms,0.3484,
frame_ms,0.3119,
frame_ms,0.2325,
frame_ms,0.2279,
frame_ms,0.2271,
frame_ms,0.2213,
frame_ms,0.2156,
frame_ms,0.4303,
frame_ms,0.391,
frame_ms,0.2463,
frame_ms,0.2187,
frame_ms,0.2258,
frame_ms,0.224,
frame_ms,0.2169,
frame_ms,0.2129,
frame_ms,0.2622,
frame_ms,0.2324,
frame_ms,0.2153,
frame_ms,0.2656,
tick_us,747.4,196
frame_ms,1.7315,
frame_ms,0.2442,
frame_ms,0.2148,
frame_ms,0.2447,
frame_ms,0.2305,
frame_ms,0.2227,
frame_ms,0.2555,
frame_ms,0.2376,
frame_ms,0.217,
frame_ms,0.2167,
frame_ms,0.2147,
frame_ms,0.2711,
frame_ms,0.2537,
frame_ms,0.2221,
frame_ms,0.2344,
frame_ms,0.214,
frame_ms,0.2463,
frame_ms,0.2359,
frame_ms,0.2416,
frame_ms,0.2137,
frame_ms,0.2599,
frame_ms,0.2506,
frame_ms,0.2175,
tick_us,737.9,200
frame_ms,1.7172,
frame_ms,0.2496,
frame_ms,0.2199,
frame_ms,0.2764,
frame_ms,0.2398,
frame_ms,0.2176,
frame_ms,0.2333,
frame_ms,0.2194,
frame_ms,0.2174,
frame_ms,0.2428,
frame_ms,0.3051,
frame_ms,0.5518,
frame_ms,0.2966,
frame_ms,0.2224,
frame_ms,0.2219,
frame_ms,0.2191,
frame_ms,0.2516,
frame_ms,0.2326,
frame_ms,0.217,
frame_ms,0.2518,
frame_ms,0.2322,
frame_ms,0.2124,
tick_us,744.8,202
frame_ms,1.7411,
frame_ms,0.2423,
frame_ms,0.2139,
frame_ms,0.247,
frame_ms,0.2307,
frame_ms,0.2203,
frame_ms,0.2439,
frame_ms,0.2346,
frame_ms,0.2217,
frame_ms,0.2163,
frame_ms,0.2468,
frame_ms,0.2706,
frame_ms,0.2369,
frame_ms,0.2261,
frame_ms,0.221,
frame_ms,0.2188,
frame_ms,0.2139,
frame_ms,0.3142,
frame_ms,0.2768,
frame_ms,0.2389,
frame_ms,0.2295,
frame_ms,0.2175,
frame_ms,0.2203,
tick_us,752.9,206
frame_ms,1.728,
frame_ms,0.2414,
frame_ms,0.2136,
frame_ms,0.2385,
frame_ms,0.233,
frame_ms,0.2207,
frame_ms,0.2572,
frame_ms,0.229,
frame_ms,0.2138,
frame_ms,0.2466,
frame_ms,0.2404,
frame_ms,0.2143,
frame_ms,0.2546,
frame_ms,0.2292,
frame_ms,0.2141,
frame_ms,0.2448,
frame_ms,0.2336,
frame_ms,0.217,
frame_ms,0.2416,
frame_ms,0.2779,
frame_ms,0.2524,
frame_ms,0.2306,
frame_ms,0.2169,
tick_us,765.1,202
frame_ms,1.7483,
frame_ms,0.2539,
frame_ms,0.2242,
frame_ms,0.3011,
frame_ms,0.2931,
frame_ms,0.2493,
frame_ms,0.2303,
frame_ms,0.2228,
frame_ms,0.2155,
frame_ms,0.2139,
frame_ms,0.2577,
frame_ms,0.2305,
frame_ms,0.2128,
frame_ms,0.2591,
frame_ms,0.2293,
frame_ms,0.2186,
frame_ms,0.26,
frame_ms,0.2347,
frame_ms,0.2155,
frame_ms,0.2508,
frame_ms,0.2351,
frame_ms,0.2142,
frame_ms,0.2547,
tick_us,764.9,212
frame_ms,1.8223,
frame_ms,0.2524,
frame_ms,0.2253,
frame_ms,0.2314,
frame_ms,0.2385,
frame_ms,0.2154,
frame_ms,0.2284,
frame_ms,0.2633,
frame_ms,0.2294,
frame_ms,0.2168,
frame_ms,0.2186,
frame_ms,0.2584,
frame_ms,0.2298,
frame_ms,0.216,
frame_ms,0.2493,
frame_ms,0.2246,
frame_ms,0.2084,
frame_ms,0.2191,
frame_ms,0.2122,
frame_ms,0.2037,
frame_ms,0.2641,
frame_ms,0.225,
frame_ms,0.2781,
tick_us,752.1,212
frame_ms,1.9313,
frame_ms,0.303,
frame_ms,0.25,
frame_ms,0.2497,
frame_ms,0.2687,
frame_ms,0.2531,
frame_ms,0.2479,
frame_ms,0.2444,
frame_ms,0.2412,
frame_ms,0.2358,
frame_ms,0.2409,
frame_ms,0.236,
frame_ms,0.2882,
frame_ms,0.3305,
frame_ms,0.2174,
frame_ms,0.2266,
frame_ms,0.2215,
frame_ms,0.2148,
frame_ms,0.2435,
frame_ms,0.2309,
frame_ms,0.215,
tick_us,723,212
frame_ms,1.7221,
frame_ms,0.2476,
frame_ms,0.2197,
frame_ms,0.2332,
frame_ms,0.2601,
frame_ms,0.268,
frame_ms,0.2315,
frame_ms,0.2195,
frame_ms,0.2277,
frame_ms,0.215,
frame_ms,0.2975,
frame_ms,0.274,
frame_ms,0.2448,
frame_ms,0.2291,
frame_ms,0.221,
frame_ms,0.22,
frame_ms,0.2376,
frame_ms,0.2378,
frame_ms,0.22,
frame_ms,0.2421,
frame_ms,0.2326,
frame_ms,0.2132,
frame_ms,0.2426,
tick_us,742.1,206
frame_ms,1.7344,
frame_ms,0.2393,
frame_ms,0.2166,
frame_ms,0.2818,
frame_ms,0.2539,
frame_ms,0.2543,
frame_ms,0.2325,
frame_ms,0.2202,
frame_ms,0.2357,
frame_ms,0.2198,
frame_ms,0.236,
frame_ms,0.2387,
frame_ms,0.2183,
frame_ms,0.2192,
frame_ms,0.2458,
frame_ms,0.2323,
frame_ms,0.214,
frame_ms,0.2662,
frame_ms,0.2315,
frame_ms,0.2209,
frame_ms,0.2524,
frame_ms,0.2314,
frame_ms,0.2254,
tick_us,747.5,198
frame_ms,1.7671,
frame_ms,0.2811,
frame_ms,0.2365,
frame_ms,0.2258,
frame_ms,0.2686,
frame_ms,0.2883,
frame_ms,0.2393,
frame_ms,0.2254,
frame_ms,0.2166,
frame_ms,0.2598,
frame_ms,0.2576,
frame_ms,0.2298,
frame_ms,0.2408,
frame_ms,0.2962,
frame_ms,0.2424,
frame_ms,0.2218,
frame_ms,0.2139,
frame_ms,0.212,
frame_ms,0.2257,
frame_ms,0.2521,
frame_ms,0.2304,
frame_ms,0.2144,
tick_us,745.3,204
frame_ms,1.7649,
frame_ms,0.2739,
frame_ms,0.2185,
frame_ms,0.2182,
frame_ms,0.2216,
frame_ms,0.2155,
frame_ms,0.2724,
frame_ms,0.2354,
frame_ms,0.2117,
frame_ms,0.2395,
frame_ms,0.2187,
frame_ms,0.2132,
frame_ms,0.3856,
frame_ms,0.8464,
frame_ms,0.4235,
frame_ms,0.3488,
frame_ms,0.3531,
frame_ms,0.3607,
tick_us,773,208
frame_ms,1.8173,
frame_ms,0.25,
frame_ms,0.2227,
frame_ms,0.2586,
frame_ms,0.2803,
frame_ms,0.4057,
frame_ms,0.3574,
frame_ms,0.3484,
frame_ms,0.425,
frame_ms,0.2928,
frame_ms,0.2236,
frame_ms,0.2203,
frame_ms,0.2177,
frame_ms,0.2318,
frame_ms,0.2869,
frame_ms,0.2833,
frame_ms,0.2504,
frame_ms,0.2384,
frame_ms,0.2242,
frame_ms,0.2148,
tick_us,756.4,204
frame_ms,1.7279,
frame_ms,0.2446,
frame_ms,0.219,
frame_ms,0.2311,
frame_ms,0.2244,
frame_ms,0.2777,
frame_ms,0.3584,
frame_ms,0.3428,
frame_ms,0.231,
frame_ms,0.2248,
frame_ms,0.2252,
frame_ms,0.227,
frame_ms,0.2115,
frame_ms,0.2864,
frame_ms,0.2954,
frame_ms,0.2474,
frame_ms,0.2252,
frame_ms,0.2268,
frame_ms,0.2104,
frame_ms,0.2436,
frame_ms,0.3906,
tick_us,747,196
frame_ms,1.7658,
frame_ms,0.2377,
frame_ms,0.2223,
frame_ms,0.3025,
frame_ms,0.2927,
frame_ms,0.2448,
frame_ms,0.2293,
frame_ms,0.2194,
frame_ms,0.2136,
frame_ms,0.212,
frame_ms,0.2504,
frame_ms,0.2317,
frame_ms,0.2135,
frame_ms,0.2512,
frame_ms,0.2602,
frame_ms,0.2316,
frame_ms,0.2444,
frame_ms,0.4039,
frame_ms,0.4181,
frame_ms,0.3451,
tick_us,832.2,196
frame_ms,1.9582,
frame_ms,0.2676,
frame_ms,0.2315,
frame_ms,0.2409,
frame_ms,0.2575,
frame_ms,0.2402,
frame_ms,0.2195,
frame_ms,0.2179,
frame_ms,0.2087,
frame_ms,0.2387,
frame_ms,0.2189,
frame_ms,0.2137,
frame_ms,0.2421,
frame_ms,0.2498,
frame_ms,0.284,
frame_ms,0.254,
frame_ms,0.2273,
frame_ms,0.2331,
frame_ms,0.2182,
frame_ms,0.3042,
frame_ms,0.2787,
frame_ms,0.248,
tick_us,740.7,202
frame_ms,1.7237,
frame_ms,0.4049,
frame_ms,0.2794,
frame_ms,0.2333,
frame_ms,0.2486,
frame_ms,0.231,
frame_ms,0.2341,
frame_ms,0.215,
frame_ms,0.273,
frame_ms,0.2247,
frame_ms,0.209,
frame_ms,0.2395,
frame_ms,0.2109,
frame_ms,0.3234,
frame_ms,0.2914,
frame_ms,0.2436,
frame_ms,0.2451,
frame_ms,0.2283,
frame_ms,0.2205,
frame_ms,0.2248,
frame_ms,0.2256,
frame_ms,0.2253,
tick_us,739.6,196
frame_ms,1.7448,
frame_ms,0.2535,
frame_ms,0.2165,
frame_ms,0.2285,
frame_ms,0.2207,
frame_ms,0.2212,
frame_ms,0.2142,
frame_ms,0.2514,
frame_ms,0.2848,
frame_ms,0.2526,
frame_ms,0.2236,
frame_ms,0.2151,
frame_ms,0.224,
frame_ms,0.2774,
frame_ms,0.2685,
frame_ms,0.2517,
frame_ms,0.2567,
frame_ms,0.2517,
frame_ms,0.2389,
frame_ms,0.2183,
frame_ms,0.214,
frame_ms,0.243,
frame_ms,0.2602,
tick_us,725.4,196
frame_ms,1.7104,
frame_ms,0.2453,
frame_ms,0.2173,
frame_ms,0.2312,
frame_ms,0.2164,
frame_ms,0.2477,
frame_ms,0.8101,
frame_ms,0.4657,
frame_ms,0.2449,
frame_ms,0.2419,
frame_ms,0.2303,
frame_ms,0.2154,
frame_ms,0.2425,
frame_ms,0.2291,
frame_ms,0.2161,
frame_ms,0.2316,
frame_ms,0.25,
frame_ms,0.2575,
frame_ms,0.2201,
frame_ms,0.2661,
tick_us,763.2,194
frame_ms,1.7744,
frame_ms,0.2437,
frame_ms,0.2123,
frame_ms,0.2615,
frame_ms,0.259,
frame_ms,0.2293,
frame_ms,0.2215,
frame_ms,0.2102,
frame_ms,0.2322,
frame_ms,0.222,
frame_ms,0.2253,
frame_ms,0.503,
frame_ms,0.3589,
frame_ms,0.3553,
frame_ms,0.3432,
frame_ms,0.3197,
frame_ms,0.251,
frame_ms,0.2208,
frame_ms,0.2294,
frame_ms,0.2373,
tick_us,752.6,188
frame_ms,1.7295,
frame_ms,0.2394,
frame_ms,0.213,
frame_ms,0.2346,
frame_ms,0.2508,
frame_ms,0.2334,
frame_ms,0.2183,
frame_ms,0.2622,
frame_ms,0.2384,
frame_ms,0.2223,
frame_ms,0.2153,
frame_ms,0.2416,
frame_ms,0.2281,
frame_ms,0.2181,
frame_ms,0.6215,
frame_ms,0.7257,
frame_ms,0.2812,
frame_ms,0.4865,
tick_us,945.1,180
frame_ms,2.227,
frame_ms,0.2986,
frame_ms,0.2337,
frame_ms,0.2428,
frame_ms,0.2249,
frame_ms,0.2224,
frame_ms,0.221,
frame_ms,0.2451,
frame_ms,0.2339,
frame_ms,0.217,
frame_ms,0.2656,
frame_ms,0.2382,
frame_ms,0.2211,
frame_ms,0.2161,
frame_ms,0.2417,
frame_ms,0.2287,
frame_ms,0.2176,
frame_ms,0.2438,
frame_ms,0.2318,
frame_ms,0.2437,
frame_ms,0.2226,
tick_us,750.4,172
frame_ms,1.7645,
frame_ms,0.2568,
frame_ms,1.7801,
frame_ms,0.2452,
frame_ms,0.2275,
frame_ms,0.2446,
frame_ms,0.2259,
frame_ms,0.2185,
frame_ms,0.2443,
frame_ms,0.2202,
frame_ms,0.2297,
frame_ms,0.2445,
frame_ms,0.2322,
frame_ms,0.2177,
frame_ms,0.2552,
frame_ms,0.6873,
tick_us,770.4,176
frame_ms,2.5246,
frame_ms,0.263,
frame_ms,0.2281,
frame_ms,0.24,
frame_ms,0.2271,
frame_ms,0.2242,
frame_ms,0.2222,
frame_ms,0.2189,
frame_ms,0.219,
frame_ms,0.2967,
frame_ms,0.3112,
frame_ms,0.2451,
frame_ms,0.2182,
frame_ms,0.2174,
frame_ms,0.217,
frame_ms,0.2488,
frame_ms,0.2321,
frame_ms,0.221,
tick_us,729.9,174
frame_ms,1.7424,
frame_ms,0.2513,
frame_ms,0.2168,
frame_ms,0.2225,
frame_ms,0.2191,
frame_ms,0.2163,
frame_ms,0.2543,
frame_ms,0.2299,
frame_ms,0.2258,
frame_ms,0.26,
frame_ms,0.2287,
frame_ms,0.2227,
frame_ms,0.2386,
frame_ms,0.2246,
frame_ms,0.2473,
frame_ms,0.2201,
frame_ms,0.2563,
frame_ms,0.2277,
frame_ms,0.2656,
frame_ms,0.2305,
frame_ms,0.2151,
frame_ms,0.2597,
frame_ms,0.2642,
tick_us,734.8,174
frame_ms,1.9974,
frame_ms,0.3034,
frame_ms,0.2834,
frame_ms,0.2614,
frame_ms,0.2316,
frame_ms,0.2194,
frame_ms,0.2145,
frame_ms,0.253,
frame_ms,0.2109,
frame_ms,0.2114,
frame_ms,0.2767,
frame_ms,0.2286,
frame_ms,0.2114,
frame_ms,0.2259,
frame_ms,0.2343,
frame_ms,0.2202,
frame_ms,0.2083,
frame_ms,0.2473,
frame_ms,0.2161,
frame_ms,0.2042,
frame_ms,0.2487,
frame_ms,0.2252,
tick_us,757.2,176
frame_ms,1.7353,
frame_ms,0.2305,
frame_ms,0.2156,
frame_ms,0.2694,
frame_ms,0.2394,
frame_ms,0.2186,
frame_ms,0.214,
frame_ms,0.2695,
frame_ms,0.2683,
frame_ms,0.2319,
frame_ms,0.2248,
frame_ms,0.2157,
frame_ms,0.2137,
frame_ms,0.2563,
frame_ms,0.256,
frame_ms,0.2278,
frame_ms,0.2149,
frame_ms,0.2214,
frame_ms,0.2427,
frame_ms,0.2219,
frame_ms,0.2142,
frame_ms,0.2288,
frame_ms,0.2101,
frame_ms,0.2755,
tick_us,725.2,180
frame_ms,1.7214,
frame_ms,0.2314,
frame_ms,0.2071,
frame_ms,0.2651,
frame_ms,0.2495,
frame_ms,0.2228,
frame_ms,0.2618,
frame_ms,0.643,
frame_ms,0.503,
frame_ms,0.3763,
frame_ms,0.348,
frame_ms,0.3384,
frame_ms,0.3377,
frame_ms,0.3357,
frame_ms,0.334,
frame_ms,0.3822,
tick_us,864.7,184
frame_ms,1.9926,
frame_ms,0.2748,
frame_ms,0.2316,
frame_ms,0.2248,
frame_ms,0.2378,
frame_ms,0.2204,
frame_ms,0.2101,
frame_ms,0.2591,
frame_ms,0.2267,
frame_ms,0.216,
frame_ms,0.2371,
frame_ms,0.2282,
frame_ms,0.2141,
frame_ms,0.2123,
frame_ms,0.2427,
frame_ms,0.2243,
frame_ms,0.2114,
frame_ms,0.2285,
frame_ms,0.2133,
frame_ms,0.2739,
frame_ms,0.2399,
frame_ms,0.2127,
frame_ms,0.2095,
tick_us,735.2,178
frame_ms,1.7582,
frame_ms,0.2469,
frame_ms,0.2175,
frame_ms,0.2335,
frame_ms,0.2137,
frame_ms,0.272,
frame_ms,0.2278,
frame_ms,0.2133,
frame_ms,0.2371,
frame_ms,0.2217,
frame_ms,0.2085,
frame_ms,0.2345,
frame_ms,0.2257,
frame_ms,0.2107,
frame_ms,0.2268,
frame_ms,0.2345,
frame_ms,0.3586,
frame_ms,0.3548,
frame_ms,0.2417,
frame_ms,0.2949,
frame_ms,0.2302,
frame_ms,0.2232,
tick_us,761.8,180
frame_ms,1.74,
frame_ms,0.2412,
frame_ms,0.2243,
frame_ms,0.2797,
frame_ms,0.3149,
frame_ms,0.2228,
frame_ms,0.2204,
frame_ms,0.2186,
frame_ms,0.2092,
frame_ms,0.2636,
frame_ms,0.2333,
frame_ms,0.2162,
frame_ms,0.2137,
frame_ms,0.2611,
frame_ms,0.2303,
frame_ms,0.2182,
frame_ms,0.2317,
frame_ms,0.2099,
frame_ms,0.2048,
frame_ms,0.2515,
frame_ms,0.2205,
frame_ms,0.2076,
frame_ms,0.2352,
frame_ms,0.2142,
tick_us,749.3,180
frame_ms,1.7129,
frame_ms,0.2379,
frame_ms,0.2123,
frame_ms,0.2523,
frame_ms,0.2092,
frame_ms,0.2883,
frame_ms,0.2281,
frame_ms,0.2121,
frame_ms,0.228,
frame_ms,0.2313,
frame_ms,0.2182,
frame_ms,0.221,
frame_ms,0.2476,
frame_ms,0.2218,
frame_ms,0.2168,
frame_ms,0.234,
frame_ms,0.2146,
frame_ms,0.2105,
frame_ms,0.2273,
frame_ms,0.2106,
frame_ms,0.2138,
frame_ms,0.246,
frame_ms,0.2183,
frame_ms,0.2043,
tick_us,732.5,176
frame_ms,1.7127,
frame_ms,0.2374,
frame_ms,0.2131,
frame_ms,0.2101,
frame_ms,0.2323,
frame_ms,0.2201,
frame_ms,0.2097,
frame_ms,0.2237,
frame_ms,0.2266,
frame_ms,0.2106,
frame_ms,0.2397,
frame_ms,0.214,
frame_ms,0.2083,
frame_ms,0.2524,
frame_ms,0.2219,
frame_ms,0.2139,
frame_ms,0.2314,
frame_ms,0.2429,
frame_ms,0.2298,
frame_ms,0.2119,
frame_ms,0.2353,
frame_ms,0.2262,
frame_ms,0.2092,
frame_ms,0.2522,
tick_us,749.1,186
frame_ms,1.7253,
frame_ms,0.2331,
frame_ms,0.2113,
frame_ms,0.2767,
frame_ms,0.2296,
frame_ms,0.2172,
frame_ms,0.2107,
frame_ms,0.2513,
frame_ms,0.223,
frame_ms,0.2079,
frame_ms,0.2349,
frame_ms,0.2176,
frame_ms,0.2131,
frame_ms,0.2375,
frame_ms,0.2127,
frame_ms,0.2148,
frame_ms,0.2566,
frame_ms,0.223,
frame_ms,0.2169,
frame_ms,0.2098,
frame_ms,0.3729,
frame_ms,0.2794,
frame_ms,0.3766,
tick_us,741.5,184
frame_ms,1.8513,
frame_ms,0.2666,
frame_ms,0.2195,
frame_ms,0.2171,
frame_ms,0.362,
frame_ms,0.2776,
frame_ms,0.2294,
frame_ms,0.2225,
frame_ms,0.2148,
frame_ms,0.2136,
frame_ms,0.2676,
frame_ms,0.2574,
frame_ms,0.2281,
frame_ms,0.2129,
frame_ms,0.2114,
frame_ms,0.2599,
frame_ms,0.2244,
frame_ms,0.2116,
frame_ms,0.2409,
frame_ms,0.2569,
frame_ms,0.2455,
frame_ms,0.2204,
tick_us,771.7,192
frame_ms,1.7583,
frame_ms,0.2391,
frame_ms,0.213,
frame_ms,0.217,
frame_ms,0.2697,
frame_ms,0.2588,
frame_ms,0.2264,
frame_ms,0.2123,
frame_ms,0.209,
frame_ms,0.2614,
frame_ms,0.2231,
frame_ms,0.2107,
frame_ms,0.242,
frame_ms,0.2206,
frame_ms,0.2079,
frame_ms,0.2451,
frame_ms,0.2346,
frame_ms,0.2138,
frame_ms,0.2288,
frame_ms,0.2069,
frame_ms,0.2004,
frame_ms,0.2451,
frame_ms,0.2326,
tick_us,772.9,208
frame_ms,1.7563,
frame_ms,0.2433,
frame_ms,0.2093,
frame_ms,0.2655,
frame_ms,0.2278,
frame_ms,0.239,
frame_ms,0.2388,
frame_ms,0.2243,
frame_ms,0.2112,
frame_ms,0.2657,
frame_ms,0.2372,
frame_ms,0.2127,
frame_ms,0.2398,
frame_ms,0.6252,
frame_ms,0.259,
frame_ms,0.2177,
frame_ms,0.2109,
frame_ms,0.2576,
frame_ms,0.2263,
frame_ms,0.2152,
frame_ms,0.2623,
frame_ms,0.2845,
tick_us,765.8,202
frame_ms,1.7997,
frame_ms,0.2537,
frame_ms,0.2264,
frame_ms,0.225,
frame_ms,0.238,
frame_ms,0.2371,
frame_ms,0.2757,
frame_ms,0.2319,
frame_ms,0.2221,
frame_ms,0.6084,
frame_ms,0.3667,
frame_ms,0.3465,
frame_ms,0.3447,
frame_ms,0.3657,
frame_ms,0.2758,
frame_ms,0.2386,
frame_ms,0.269,
frame_ms,0.4004,
tick_us,763.1,196
frame_ms,1.8223,
frame_ms,0.2492,
frame_ms,1.9039,
frame_ms,0.2896,
frame_ms,0.2359,
frame_ms,0.2272,
frame_ms,0.2185,
frame_ms,0.2154,
frame_ms,0.2883,
frame_ms,0.2722,
frame_ms,0.376,
frame_ms,0.3161,
frame_ms,0.2782,
frame_ms,0.2579,
tick_us,799.4,196
frame_ms,1.7941,
frame_ms,0.254,
frame_ms,0.2237,
frame_ms,0.223,
frame_ms,0.2256,
frame_ms,0.2573,
frame_ms,0.2486,
frame_ms,0.2244,
frame_ms,0.2199,
frame_ms,0.2229,
frame_ms,0.2904,
frame_ms,0.2835,
frame_ms,0.2633,
frame_ms,0.2415,
frame_ms,0.2233,
frame_ms,0.2207,
frame_ms,0.2424,
frame_ms,0.3019,
frame_ms,0.2775,
frame_ms,0.2435,
frame_ms,0.2346,
frame_ms,0.2261,
tick_us,855.7,192
frame_ms,1.9131,
frame_ms,0.2844,
frame_ms,0.2297,
frame_ms,0.2322,
frame_ms,0.2172,
frame_ms,0.2286,
frame_ms,0.2158,
frame_ms,0.3057,
frame_ms,0.2851,
frame_ms,0.2378,
frame_ms,0.2298,
frame_ms,0.2225,
frame_ms,0.2157,
frame_ms,0.2343,
frame_ms,0.246,
frame_ms,0.2316,
frame_ms,0.2179,
frame_ms,0.2876,
frame_ms,0.2886,
frame_ms,0.2313,
frame_ms,0.2277,
tick_us,956.1,192
frame_ms,1.9909,
frame_ms,0.3752,
frame_ms,0.3199,
frame_ms,0.2212,
frame_ms,0.2264,
frame_ms,0.2223,
frame_ms,0.2136,
frame_ms,0.2168,
frame_ms,0.2272,
frame_ms,0.2431,
frame_ms,0.2381,
frame_ms,0.2139,
frame_ms,0.2814,
frame_ms,0.2298,
frame_ms,0.2181,
frame_ms,0.2852,
frame_ms,0.2615,
frame_ms,0.2324,
frame_ms,0.2306,
frame_ms,0.2511,
frame_ms,0.2319,
tick_us,761.4,196
frame_ms,1.7506,
frame_ms,0.2442,
frame_ms,0.2149,
frame_ms,0.2796,
frame_ms,0.2587,
frame_ms,0.2265,
frame_ms,0.2204,
frame_ms,0.2145,
frame_ms,0.2546,
frame_ms,0.2232,
frame_ms,0.2138,
frame_ms,0.2332,
frame_ms,0.2164,
frame_ms,0.2085,
frame_ms,0.2563,
frame_ms,0.2214,
frame_ms,0.2167,
frame_ms,0.2621,
frame_ms,0.2226,
frame_ms,0.2098,
frame_ms,0.3165,
frame_ms,0.2081,
frame_ms,0.2054,
frame_ms,0.2521,
tick_us,739.2,204
frame_ms,2.2651,
frame_ms,0.4241,
frame_ms,0.3006,
frame_ms,0.2369,
frame_ms,0.2323,
frame_ms,0.2316,
frame_ms,0.2211,
frame_ms,0.2229,
frame_ms,0.2994,
frame_ms,0.2277,
frame_ms,0.2266,
frame_ms,0.4631,
frame_ms,0.2982,
frame_ms,0.2464,
frame_ms,0.2185,
frame_ms,0.2199,
frame_ms,0.222,
frame_ms,0.2095,
tick_us,777.2,202
frame_ms,1.7951,
frame_ms,0.2861,
frame_ms,0.256,
frame_ms,0.2326,
frame_ms,0.2284,
frame_ms,0.2236,
frame_ms,0.2281,
frame_ms,0.2139,
frame_ms,0.2419,
frame_ms,0.2341,
frame_ms,0.2232,
frame_ms,0.2709,
frame_ms,0.2294,
frame_ms,0.218,
frame_ms,0.2282,
frame_ms,0.261,
frame_ms,0.2425,
frame_ms,0.2203,
frame_ms,0.2165,
frame_ms,0.2376,
frame_ms,0.2298,
frame_ms,0.2126,
frame_ms,0.2724,
tick_us,786.2,200
frame_ms,1.7974,
frame_ms,0.2499,
frame_ms,0.2177,
frame_ms,0.2383,
frame_ms,0.2125,
frame_ms,0.242,
frame_ms,0.3247,
frame_ms,0.2851,
frame_ms,0.2873,
frame_ms,0.2296,
frame_ms,0.2266,
frame_ms,0.2143,
frame_ms,0.2193,
frame_ms,0.2184,
frame_ms,0.2831,
frame_ms,0.2232,
frame_ms,0.2167,
frame_ms,0.2379,
frame_ms,0.2336,
frame_ms,0.219,
frame_ms,0.2628,
frame_ms,0.2316,
tick_us,762,202
frame_ms,1.7506,
frame_ms,0.2492,
frame_ms,0.2143,
frame_ms,0.2323,
frame_ms,0.218,
frame_ms,0.2557,
frame_ms,0.242,
frame_ms,0.2253,
frame_ms,0.2416,
frame_ms,0.23,
frame_ms,0.2148,
frame_ms,0.2734,
frame_ms,0.2687,
frame_ms,0.2313,
frame_ms,0.2208,
frame_ms,0.2263,
frame_ms,0.2371,
frame_ms,0.216,
frame_ms,0.2992,
frame_ms,0.2942,
frame_ms,0.2515,
frame_ms,0.2409,
frame_ms,0.2245,
tick_us,747.6,204
frame_ms,1.7888,
frame_ms,0.2416,
frame_ms,0.2134,
frame_ms,0.2366,
frame_ms,0.2942,
frame_ms,0.2271,
frame_ms,0.2201,
frame_ms,0.2117,
frame_ms,0.2124,
frame_ms,0.3054,
frame_ms,0.3004,
frame_ms,0.3231,
frame_ms,0.3209,
frame_ms,0.2635,
frame_ms,0.244,
frame_ms,0.2565,
frame_ms,0.2669,
frame_ms,0.2267,
frame_ms,0.2195,
frame_ms,0.2126,
frame_ms,0.2828,
tick_us,730.8,198
frame_ms,1.7798,
frame_ms,0.2534,
frame_ms,0.2198,
frame_ms,0.2259,
frame_ms,0.2199,
frame_ms,0.2774,
frame_ms,0.2467,
frame_ms,0.2241,
frame_ms,0.2328,
frame_ms,0.2655,
frame_ms,0.24,
frame_ms,0.2172,
frame_ms,0.2642,
frame_ms,0.2658,
frame_ms,0.2482,
frame_ms,0.2305,
frame_ms,0.2234,
frame_ms,0.2201,
frame_ms,0.2117,
frame_ms,0.2655,
frame_ms,0.2727,
frame_ms,0.2366,
frame_ms,0.2217,
tick_us,727.8,202
frame_ms,1.7092,
frame_ms,0.243,
frame_ms,0.2206,
frame_ms,0.2462,
frame_ms,0.235,
frame_ms,0.2237,
frame_ms,0.2201,
frame_ms,0.2684,
frame_ms,0.2711,
frame_ms,0.2328,
frame_ms,0.2709,
frame_ms,0.2248,
frame_ms,0.2189,
frame_ms,0.2129,
frame_ms,0.2106,
frame_ms,0.2859,
frame_ms,0.2871,
frame_ms,0.2522,
frame_ms,0.2297,
frame_ms,0.2236,
frame_ms,0.2911,
frame_ms,0.2825,
tick_us,762,200
frame_ms,1.8061,
frame_ms,0.2573,
frame_ms,0.2233,
frame_ms,0.2183,
frame_ms,0.2228,
frame_ms,0.2699,
frame_ms,0.2213,
frame_ms,0.2438,
frame_ms,0.2301,
frame_ms,0.2188,
frame_ms,0.2361,
frame_ms,0.266,
frame_ms,0.2254,
frame_ms,0.212,
frame_ms,0.2459,
frame_ms,0.2329,
frame_ms,0.2196,
frame_ms,0.251,
frame_ms,0.2434,
frame_ms,0.214,
frame_ms,0.2588,
frame_ms,0.2314,
frame_ms,0.2147,
tick_us,733.4,192
frame_ms,1.7401,
frame_ms,0.2537,
frame_ms,0.2157,
frame_ms,0.2458,
frame_ms,0.2327,
frame_ms,0.214,
frame_ms,0.339,
frame_ms,0.2348,
frame_ms,0.2185,
frame_ms,0.2127,
frame_ms,0.2743,
frame_ms,0.287,
frame_ms,0.2477,
frame_ms,0.2318,
frame_ms,0.2226,
frame_ms,0.2182,
frame_ms,0.2572,
frame_ms,0.2257,
frame_ms,0.2187,
frame_ms,0.2088,
frame_ms,0.2452,
frame_ms,0.2253,
frame_ms,0.2238,
tick_us,730.2,180
frame_ms,1.8709,
frame_ms,0.2948,
frame_ms,0.2417,
frame_ms,0.2238,
frame_ms,0.2175,
frame_ms,0.2123,
frame_ms,0.2572,
frame_ms,0.2908,
frame_ms,0.2315,
frame_ms,0.232,
frame_ms,0.2286,
frame_ms,0.2159,
frame_ms,0.2191,
frame_ms,0.2559,
frame_ms,0.2392,
frame_ms,0.2161,
frame_ms,0.2374,
frame_ms,0.2162,
frame_ms,0.2577,
frame_ms,0.2387,
frame_ms,0.2218,
frame_ms,0.2331,
tick_us,744.9,176
frame_ms,1.7645,
frame_ms,0.2555,
frame_ms,0.218,
frame_ms,0.2455,
frame_ms,0.2274,
frame_ms,0.312,
frame_ms,0.2403,
frame_ms,0.2227,
frame_ms,0.2569,
frame_ms,0.2377,
frame_ms,0.2236,
frame_ms,0.2322,
frame_ms,0.2625,
frame_ms,0.2623,
frame_ms,0.2593,
frame_ms,0.2301,
frame_ms,0.286,
frame_ms,0.3038,
frame_ms,0.258,
frame_ms,0.2413,
frame_ms,0.2388,
frame_ms,0.2316,
tick_us,932.5,170
frame_ms,1.9669,
frame_ms,0.3113,
frame_ms,0.2387,
frame_ms,0.611,
frame_ms,0.3229,
frame_ms,0.2294,
frame_ms,0.2238,
frame_ms,0.2238,
frame_ms,0.2193,
frame_ms,0.231,
frame_ms,0.2151,
frame_ms,0.2689,
frame_ms,0.2355,
frame_ms,0.2212,
frame_ms,0.2258,
frame_ms,0.2261,
frame_ms,0.2767,
frame_ms,0.2419,
frame_ms,0.2138,
frame_ms,0.2719,
tick_us,743.3,166
frame_ms,1.7347,
frame_ms,0.2445,
frame_ms,0.2187,
frame_ms,0.2992,
frame_ms,0.2327,
frame_ms,0.2211,
frame_ms,0.2436,
frame_ms,0.2222,
frame_ms,0.2142,
frame_ms,0.2487,
frame_ms,0.2678,
frame_ms,0.2319,
frame_ms,0.2212,
frame_ms,0.2119,
frame_ms,0.2119,
frame_ms,0.2428,
frame_ms,0.223,
frame_ms,0.2121,
frame_ms,0.287,
frame_ms,0.2547,
frame_ms,0.2218,
frame_ms,0.2129,
frame_ms,0.2575,
tick_us,732.5,172
frame_ms,1.7081,
frame_ms,0.2432,
frame_ms,0.2138,
frame_ms,0.2902,
frame_ms,0.2336,
frame_ms,0.2159,
frame_ms,0.2596,
frame_ms,0.2257,
frame_ms,0.2127,
frame_ms,0.7523,
frame_ms,0.3781,
frame_ms,0.2221,
frame_ms,0.2151,
frame_ms,0.2385,
frame_ms,0.2297,
frame_ms,0.2133,
frame_ms,0.492,
frame_ms,0.3606,
tick_us,829.7,174
frame_ms,1.9401,
frame_ms,0.2509,
frame_ms,0.2143,
frame_ms,0.2633,
frame_ms,0.2365,
frame_ms,0.2314,
frame_ms,0.2132,
frame_ms,0.2653,
frame_ms,0.2311,
frame_ms,0.2109,
frame_ms,0.2626,
frame_ms,0.2264,
frame_ms,0.2089,
frame_ms,0.2501,
frame_ms,0.2242,
frame_ms,0.2095,
frame_ms,0.2584,
frame_ms,0.222,
frame_ms,0.2139,
frame_ms,0.2239,
frame_ms,0.2158,
frame_ms,0.2127,
frame_ms,0.2289,
frame_ms,0.2183,
tick_us,745.1,178
frame_ms,1.7089,
frame_ms,0.241,
frame_ms,0.2107,
frame_ms,0.229,
frame_ms,0.2676,
frame_ms,0.2336,
frame_ms,0.2337,
frame_ms,0.2193,
frame_ms,0.2397,
frame_ms,0.2216,
frame_ms,0.221,
frame_ms,0.2782,
frame_ms,0.2281,
frame_ms,0.2115,
frame_ms,0.2472,
frame_ms,0.2269,
frame_ms,0.2172,
frame_ms,0.3643,
frame_ms,0.2646,
frame_ms,0.2205,
frame_ms,0.2167,
frame_ms,0.2199,
frame_ms,0.2089,
tick_us,736.3,182
frame_ms,1.7411,
frame_ms,0.2554,
frame_ms,0.2166,
frame_ms,0.2879,
frame_ms,0.2418,
frame_ms,0.2256,
frame_ms,0.2571,
frame_ms,0.2266,
frame_ms,0.217,
frame_ms,0.258,
frame_ms,0.222,
frame_ms,0.2108,
frame_ms,0.2519,
frame_ms,0.2286,
frame_ms,0.2179,
frame_ms,0.2451,
frame_ms,0.249,
frame_ms,0.6548,
frame_ms,0.255,
frame_ms,0.216,
frame_ms,0.2198,
tick_us,852,176
frame_ms,1.8915,
frame_ms,0.3071,
frame_ms,0.2374,
frame_ms,0.2191,
frame_ms,0.2297,
frame_ms,0.2279,
frame_ms,0.2211,
frame_ms,0.2821,
frame_ms,0.2361,
frame_ms,0.2172,
frame_ms,0.2443,
frame_ms,0.2296,
frame_ms,0.2177,
frame_ms,0.2107,
frame_ms,0.2684,
frame_ms,0.2312,
frame_ms,0.2152,
frame_ms,0.2401,
frame_ms,0.2114,
frame_ms,0.2612,
frame_ms,0.2309,
frame_ms,0.2142,
tick_us,776.5,174
frame_ms,1.8483,
frame_ms,0.3098,
frame_ms,2.2633,
frame_ms,0.3075,
frame_ms,0.2364,
frame_ms,0.221,
frame_ms,0.2407,
frame_ms,0.2176,
frame_ms,0.2467,
frame_ms,0.2645,
frame_ms,0.2328,
frame_ms,0.219,
frame_ms,0.2129,
frame_ms,0.215,
tick_us,742.2,176
frame_ms,1.7407,
frame_ms,0.2428,
frame_ms,0.213,
frame_ms,0.2507,
frame_ms,0.2232,
frame_ms,0.2121,
frame_ms,0.2287,
frame_ms,0.2322,
frame_ms,0.2264,
frame_ms,0.2114,
frame_ms,0.2275,
frame_ms,0.238,
frame_ms,0.2118,
frame_ms,0.2065,
frame_ms,0.2283,
frame_ms,0.226,
frame_ms,0.2099,
frame_ms,0.228,
frame_ms,0.2288,
frame_ms,0.2594,
frame_ms,0.226,
frame_ms,0.2127,
frame_ms,0.2284,
frame_ms,0.2482,
tick_us,724.3,172
frame_ms,1.7033,
frame_ms,0.262,
frame_ms,0.2179,
frame_ms,0.2826,
frame_ms,0.2328,
frame_ms,0.2205,
frame_ms,0.2152,
frame_ms,0.2454,
frame_ms,0.2221,
frame_ms,0.2096,
frame_ms,0.2408,
frame_ms,0.2185,
frame_ms,0.2151,
frame_ms,0.225,
frame_ms,0.2374,
frame_ms,0.2167,
frame_ms,0.2084,
frame_ms,0.2401,
frame_ms,0.2142,
frame_ms,0.208,
frame_ms,0.2403,
frame_ms,0.2183,
frame_ms,0.2066,
frame_ms,0.2613,
tick_us,726.4,170
frame_ms,1.7261,
frame_ms,0.2318,
frame_ms,0.2138,
frame_ms,0.21,
frame_ms,0.2089,
frame_ms,0.2488,
frame_ms,0.2281,
frame_ms,0.2106,
frame_ms,0.2955,
frame_ms,0.2291,
frame_ms,0.2115,
frame_ms,0.2286,
frame_ms,0.2173,
frame_ms,0.2399,
frame_ms,0.2163,
frame_ms,0.2061,
frame_ms,0.2309,
frame_ms,0.2096,
frame_ms,0.2054,
frame_ms,0.2542,
frame_ms,0.2312,
frame_ms,0.2075,
frame_ms,0.2313,
frame_ms,0.2087,
tick_us,757.7,174
frame_ms,1.716,
frame_ms,0.2259,
frame_ms,0.2128,
frame_ms,0.28,
frame_ms,0.238,
frame_ms,0.2611,
frame_ms,0.2473,
frame_ms,0.2329,
frame_ms,0.2541,
frame_ms,0.2166,
frame_ms,0.214,
frame_ms,0.2437,
frame_ms,0.2103,
frame_ms,0.2037,
frame_ms,0.2512,
frame_ms,0.2201,
frame_ms,0.2062,
frame_ms,0.2316,
frame_ms,0.243,
frame_ms,0.3015,
frame_ms,0.2376,
frame_ms,0.2301,
frame_ms,0.2237,
tick_us,783.8,176
frame_ms,1.758,
frame_ms,0.2396,
frame_ms,0.2212,
frame_ms,0.2139,
frame_ms,0.2136,
frame_ms,0.2559,
frame_ms,0.2541,
frame_ms,0.2367,
frame_ms,0.216,
frame_ms,0.2107,
frame_ms,0.2422,
frame_ms,0.2218,
frame_ms,0.209,
frame_ms,0.2504,
frame_ms,0.2134,
frame_ms,0.2089,
frame_ms,0.2274,
frame_ms,0.2084,
frame_ms,0.2037,
frame_ms,0.2586,
frame_ms,0.2239,
frame_ms,0.2127,
frame_ms,0.2273,
frame_ms,0.2179,
tick_us,754.9,178
frame_ms,1.7291,
frame_ms,0.2393,
frame_ms,0.2089,
frame_ms,0.2589,
frame_ms,0.2272,
frame_ms,0.2088,
frame_ms,0.2274,
frame_ms,0.2315,
frame_ms,0.223,
frame_ms,0.2145,
frame_ms,0.2276,
frame_ms,0.2213,
frame_ms,0.2642,
frame_ms,0.4008,
frame_ms,0.3372,
frame_ms,0.25,
frame_ms,0.2152,
frame_ms,0.2488,
frame_ms,0.2165,
frame_ms,0.2166,
frame_ms,0.2351,
frame_ms,0.2234,
frame_ms,0.2636,
tick_us,746.1,178
frame_ms,1.7788,
frame_ms,0.2458,
frame_ms,0.2116,
frame_ms,0.2635,
frame_ms,0.2293,
frame_ms,0.2147,
frame_ms,0.2128,
frame_ms,0.2496,
frame_ms,0.2621,
frame_ms,0.2293,
frame_ms,0.2185,
frame_ms,0.2127,
frame_ms,0.2363,
frame_ms,0.239,
frame_ms,0.2493,
frame_ms,0.2376,
frame_ms,0.2215,
frame_ms,0.2415,
frame_ms,0.258,
frame_ms,0.2553,
frame_ms,0.2091,
frame_ms,0.2407,
frame_ms,0.2169,
tick_us,779.8,176
frame_ms,1.7451,
frame_ms,0.2352,
frame_ms,0.2126,
frame_ms,0.2678,
frame_ms,0.2651,
frame_ms,0.2313,
frame_ms,0.2392,
frame_ms,0.2198,
frame_ms,0.2148,
frame_ms,0.263,
frame_ms,0.2218,
frame_ms,0.2255,
frame_ms,0.2119,
frame_ms,0.2583,
frame_ms,0.2296,
frame_ms,0.2129,
frame_ms,0.2595,
frame_ms,0.2244,
frame_ms,0.2792,
frame_ms,0.2291,
frame_ms,0.216,
frame_ms,0.21,
frame_ms,0.2425,
tick_us,764.2,164
frame_ms,1.767,
frame_ms,0.2339,
frame_ms,0.2197,
frame_ms,0.2136,
frame_ms,0.2649,
frame_ms,0.2296,
frame_ms,0.2177,
frame_ms,0.2281,
frame_ms,0.2146,
frame_ms,0.2614,
frame_ms,0.3345,
frame_ms,0.4082,
frame_ms,0.3821,
frame_ms,0.3705,
frame_ms,0.3404,
frame_ms,0.3471,
frame_ms,0.3408,
frame_ms,0.3398,
tick_us,798.5,164
frame_ms,1.9423,
frame_ms,0.2652,
frame_ms,0.2216,
frame_ms,0.2624,
frame_ms,0.2681,
frame_ms,0.2386,
frame_ms,0.2319,
frame_ms,0.7903,
frame_ms,0.5212,
frame_ms,0.3288,
frame_ms,0.2204,
frame_ms,0.2181,
frame_ms,0.2197,
frame_ms,0.2136,
frame_ms,0.2472,
frame_ms,0.2263,
frame_ms,0.2608,
frame_ms,0.2139,
frame_ms,0.2137,
tick_us,795.4,160
frame_ms,1.7882,
frame_ms,0.386,
frame_ms,0.4162,
frame_ms,0.4061,
frame_ms,0.2528,
frame_ms,0.2205,
frame_ms,0.2182,
frame_ms,0.2583,
frame_ms,0.2105,
frame_ms,0.2134,
frame_ms,0.2419,
frame_ms,0.2221,
frame_ms,0.2134,
frame_ms,0.2438,
frame_ms,0.2208,
frame_ms,0.21,
frame_ms,0.245,
frame_ms,0.2222,
frame_ms,0.2067,
frame_ms,0.226,
frame_ms,0.21,
frame_ms,0.2032,
tick_us,769,158
frame_ms,1.7773,
frame_ms,0.2537,
frame_ms,2.4616,
frame_ms,0.3558,
frame_ms,0.2468,
frame_ms,0.2202,
frame_ms,0.2257,
frame_ms,0.223,
frame_ms,0.2182,
frame_ms,0.2253,
frame_ms,0.3022,
frame_ms,0.2978,
tick_us,744.1,160
frame_ms,1.9218,
frame_ms,0.3081,
frame_ms,0.2333,
frame_ms,0.2223,
frame_ms,0.2533,
frame_ms,0.2245,
frame_ms,0.2162,
frame_ms,0.2136,
frame_ms,0.3062,
frame_ms,0.3736,
frame_ms,0.3269,
frame_ms,0.2597,
frame_ms,0.2461,
frame_ms,0.2395,
frame_ms,0.3698,
frame_ms,0.4017,
frame_ms,0.2689,
frame_ms,0.2253,
frame_ms,0.34,
tick_us,873.1,158
frame_ms,2.0937,
frame_ms,0.4652,
frame_ms,0.5348,
frame_ms,0.3136,
frame_ms,0.2639,
frame_ms,0.2928,
frame_ms,0.2409,
frame_ms,0.2232,
frame_ms,0.2248,
frame_ms,0.2228,
frame_ms,0.212,
frame_ms,0.2854,
frame_ms,0.269,
frame_ms,0.2311,
frame_ms,0.2216,
frame_ms,0.2139,
frame_ms,0.2419,
frame_ms,0.2826,
frame_ms,0.2362,
tick_us,751.2,168
frame_ms,1.7407,
frame_ms,0.246,
frame_ms,1.6096,
frame_ms,0.3913,
frame_ms,0.2412,
frame_ms,0.2243,
frame_ms,0.223,
frame_ms,0.2136,
frame_ms,0.2196,
frame_ms,0.236,
frame_ms,0.2335,
frame_ms,0.2155,
frame_ms,0.2373,
frame_ms,0.2395,
frame_ms,0.2251,
frame_ms,0.2151,
frame_ms,0.2314,
tick_us,772,160
frame_ms,1.7572,
frame_ms,0.2366,
frame_ms,0.2118,
frame_ms,0.2669,
frame_ms,0.2267,
frame_ms,0.2192,
frame_ms,0.3176,
frame_ms,0.2332,
frame_ms,0.2328,
frame_ms,0.2346,
frame_ms,0.208,
frame_ms,0.212,
frame_ms,0.2548,
frame_ms,0.2421,
frame_ms,0.2137,
frame_ms,0.245,
frame_ms,0.2778,
frame_ms,0.2573,
frame_ms,0.2332,
frame_ms,0.2129,
frame_ms,0.2596,
frame_ms,0.2296,
tick_us,736.7,158
frame_ms,1.7213,
frame_ms,0.2462,
frame_ms,0.2142,
frame_ms,0.2887,
frame_ms,0.2419,
frame_ms,0.2237,
frame_ms,0.2344,
frame_ms,0.2172,
frame_ms,0.282,
frame_ms,0.2414,
frame_ms,0.2135,
frame_ms,0.2604,
frame_ms,0.2297,
frame_ms,0.5789,
frame_ms,0.4427,
frame_ms,0.2354,
frame_ms,0.2295,
frame_ms,0.227,
frame_ms,0.2171,
frame_ms,0.2143,
frame_ms,0.2365,
tick_us,775.3,166
frame_ms,1.771,
frame_ms,0.2493,
frame_ms,0.2339,
frame_ms,0.2396,
frame_ms,0.2189,
frame_ms,0.3138,
frame_ms,0.3014,
frame_ms,0.2524,
frame_ms,0.2332,
frame_ms,0.2204,
frame_ms,0.2193,
frame_ms,0.2161,
frame_ms,0.2507,
frame_ms,0.2302,
frame_ms,0.2222,
frame_ms,0.2163,
frame_ms,0.2396,
frame_ms,0.2271,
frame_ms,0.2167,
frame_ms,0.3619,
frame_ms,0.2928,
frame_ms,0.24,
tick_us,775.1,178
frame_ms,2.0009,
frame_ms,0.3114,
frame_ms,0.2297,
frame_ms,0.2238,
frame_ms,0.2373,
frame_ms,0.2298,
frame_ms,0.2154,
frame_ms,0.2569,
frame_ms,0.2393,
frame_ms,0.2159,
frame_ms,0.2162,
frame_ms,0.2373,
frame_ms,0.2282,
frame_ms,0.213,
frame_ms,0.2715,
frame_ms,0.2423,
frame_ms,0.2127,
frame_ms,0.2575,
frame_ms,0.2284,
frame_ms,0.2142,
frame_ms,0.2674,
frame_ms,0.2166,
tick_us,751.4,180
frame_ms,1.7297,
frame_ms,0.254,
frame_ms,0.2352,
frame_ms,0.2131,
frame_ms,0.2424,
frame_ms,0.2364,
frame_ms,0.2194,
frame_ms,0.2492,
frame_ms,0.2436,
frame_ms,0.2195,
frame_ms,0.3312,
frame_ms,0.2312,
frame_ms,0.2248,
frame_ms,0.2146,
frame_ms,0.215,
frame_ms,0.254,
frame_ms,0.2219,
frame_ms,0.2137,
frame_ms,0.244,
frame_ms,0.2265,
frame_ms,0.2131,
frame_ms,0.2406,
frame_ms,0.2218,
tick_us,749.4,194
frame_ms,1.7149,
frame_ms,0.2347,
frame_ms,0.2109,
frame_ms,0.2431,
frame_ms,0.215,
frame_ms,0.2387,
frame_ms,0.2179,
frame_ms,0.2685,
frame_ms,0.2721,
frame_ms,0.2811,
frame_ms,0.2592,
frame_ms,0.2468,
frame_ms,0.2507,
frame_ms,0.2423,
frame_ms,0.2358,
frame_ms,0.5396,
frame_ms,0.4678,
frame_ms,0.374,
frame_ms,0.2649,
frame_ms,0.2148,
tick_us,757.1,196
frame_ms,1.7705,
frame_ms,0.2763,
frame_ms,0.2331,
frame_ms,0.226,
frame_ms,0.2495,
frame_ms,0.2293,
frame_ms,0.2221,
frame_ms,0.2165,
frame_ms,0.2633,
frame_ms,0.2308,
frame_ms,0.2236,
frame_ms,0.2106,
frame_ms,0.2615,
frame_ms,0.2272,
frame_ms,0.2132,
frame_ms,0.2289,
frame_ms,0.2255,
frame_ms,0.2878,
frame_ms,0.2791,
frame_ms,0.2404,
frame_ms,0.2328,
frame_ms,0.2201,
frame_ms,0.2251,
tick_us,775.3,206
frame_ms,1.777,
frame_ms,0.2408,
frame_ms,0.2173,
frame_ms,0.2366,
frame_ms,0.2392,
frame_ms,0.2163,
frame_ms,0.2419,
frame_ms,0.2255,
frame_ms,0.2748,
frame_ms,0.2684,
frame_ms,0.242,
frame_ms,0.2225,
frame_ms,0.2195,
frame_ms,0.21,
frame_ms,0.2707,
frame_ms,0.2319,
frame_ms,0.2154,
frame_ms,0.2096,
frame_ms,0.2471,
frame_ms,0.2263,
frame_ms,0.2125,
frame_ms,0.2284,
frame_ms,0.2486,
tick_us,783.8,202
frame_ms,1.7681,
frame_ms,0.2497,
frame_ms,0.2171,
frame_ms,0.3254,
frame_ms,0.2428,
frame_ms,0.2254,
frame_ms,0.2252,
frame_ms,0.2416,
frame_ms,0.2284,
frame_ms,0.2192,
frame_ms,0.2449,
frame_ms,0.2325,
frame_ms,0.2154,
frame_ms,0.2731,
frame_ms,0.2281,
frame_ms,0.2117,
frame_ms,0.2618,
frame_ms,0.2757,
frame_ms,0.2161,
frame_ms,0.2118,
frame_ms,0.2376,
frame_ms,0.2171,
frame_ms,0.2086,
tick_us,836.6,210
frame_ms,1.8174,
frame_ms,0.2492,
frame_ms,0.217,
frame_ms,0.2776,
frame_ms,0.2174,
frame_ms,0.2162,
frame_ms,0.6638,
frame_ms,0.3355,
frame_ms,0.2239,
frame_ms,0.2494,
frame_ms,0.219,
frame_ms,0.2122,
frame_ms,0.2609,
frame_ms,0.2321,
frame_ms,0.2219,
frame_ms,0.2304,
frame_ms,0.2194,
frame_ms,0.227,
frame_ms,0.2123,
frame_ms,0.239,
frame_ms,0.2176,
tick_us,758.8,216
frame_ms,1.7774,
frame_ms,0.2494,
frame_ms,0.2148,
frame_ms,0.2329,
frame_ms,0.2276,
frame_ms,0.2578,
frame_ms,0.2382,
frame_ms,0.2127,
frame_ms,0.2635,
frame_ms,0.2605,
frame_ms,0.2176,
frame_ms,0.3508,
frame_ms,0.3115,
frame_ms,0.2392,
frame_ms,0.224,
frame_ms,0.2155,
frame_ms,0.2119,
frame_ms,0.2112,
frame_ms,0.2601,
frame_ms,0.2722,
frame_ms,0.2407,
frame_ms,0.2321,
tick_us,774.3,218
frame_ms,1.7547,
frame_ms,0.2545,
frame_ms,0.2294,
frame_ms,0.2584,
frame_ms,0.265,
frame_ms,0.2296,
frame_ms,0.2161,
frame_ms,0.2112,
frame_ms,0.2406,
frame_ms,0.2269,
frame_ms,0.2122,
frame_ms,0.24,
frame_ms,0.2227,
frame_ms,0.2112,
frame_ms,0.2498,
frame_ms,0.2266,
frame_ms,0.2226,
frame_ms,0.2093,
frame_ms,0.2581,
frame_ms,0.2754,
frame_ms,0.234,
frame_ms,0.2229,
frame_ms,0.216,
tick_us,760.8,216
frame_ms,1.7418,
frame_ms,0.2433,
frame_ms,0.2297,
frame_ms,0.2225,
frame_ms,0.2387,
frame_ms,0.226,
frame_ms,0.2156,
frame_ms,0.2661,
frame_ms,0.2299,
frame_ms,0.2135,
frame_ms,0.2131,
frame_ms,0.2452,
frame_ms,0.2227,
frame_ms,0.2172,
frame_ms,0.2128,
frame_ms,0.2446,
frame_ms,0.2255,
frame_ms,0.2143,
frame_ms,0.2574,
frame_ms,0.3251,
frame_ms,0.3049,
frame_ms,0.244,
frame_ms,0.2335,
tick_us,860.6,220
frame_ms,1.93,
frame_ms,0.3587,
frame_ms,0.2521,
frame_ms,0.3081,
frame_ms,0.2646,
frame_ms,0.2344,
frame_ms,0.2277,
frame_ms,0.2428,
frame_ms,0.3826,
frame_ms,0.2304,
frame_ms,0.2311,
frame_ms,0.2194,
frame_ms,0.213,
frame_ms,0.211,
frame_ms,0.2905,
frame_ms,0.2685,
frame_ms,0.2326,
frame_ms,0.2261,
frame_ms,0.2194,
frame_ms,0.2387,
frame_ms,0.2226,
tick_us,894.3,232
frame_ms,1.9925,
frame_ms,0.336,
frame_ms,0.3348,
frame_ms,0.2541,
frame_ms,0.2256,
frame_ms,0.222,
frame_ms,0.2136,
frame_ms,0.2104,
frame_ms,0.2965,
frame_ms,0.2366,
frame_ms,0.2172,
frame_ms,0.3093,
frame_ms,0.2701,
frame_ms,0.2361,
frame_ms,0.2302,
frame_ms,0.2199,
frame_ms,0.2167,
frame_ms,0.3126,
frame_ms,0.3706,
tick_us,772.9,230
frame_ms,1.8361,
frame_ms,0.4355,
frame_ms,0.2779,
frame_ms,0.2236,
frame_ms,0.2178,
frame_ms,0.2137,
frame_ms,0.2171,
frame_ms,0.2783,
frame_ms,0.2301,
frame_ms,0.2139,
frame_ms,0.2153,
frame_ms,0.2562,
frame_ms,0.2198,
frame_ms,0.2206,
frame_ms,0.2154,
frame_ms,0.211,
frame_ms,0.29,
frame_ms,0.353,
frame_ms,0.3491,
frame_ms,0.2667,
frame_ms,0.2159,
frame_ms,0.2145,
tick_us,788.4,234
frame_ms,1.7659,
frame_ms,0.2356,
frame_ms,0.213,
frame_ms,0.2743,
frame_ms,0.2342,
frame_ms,0.3042,
frame_ms,0.3525,
frame_ms,0.2586,
frame_ms,0.2359,
frame_ms,0.253,
frame_ms,0.2447,
frame_ms,0.2769,
frame_ms,0.2549,
frame_ms,0.2256,
frame_ms,0.2166,
frame_ms,0.2158,
frame_ms,0.2444,
frame_ms,0.3065,
frame_ms,0.2587,
frame_ms,0.2394,
frame_ms,0.2805,
tick_us,756.7,242
frame_ms,1.9332,
frame_ms,0.3679,
frame_ms,0.2232,
frame_ms,0.2189,
frame_ms,0.4456,
frame_ms,0.3544,
frame_ms,0.2675,
frame_ms,0.2178,
frame_ms,0.2259,
frame_ms,0.2249,
frame_ms,0.2758,
frame_ms,0.2717,
frame_ms,0.2288,
frame_ms,0.2192,
frame_ms,0.2118,
frame_ms,0.2585,
frame_ms,0.2212,
frame_ms,0.2156,
frame_ms,0.2135,
frame_ms,0.2522,
tick_us,791,252
frame_ms,1.8158,
frame_ms,0.2457,
frame_ms,0.2175,
frame_ms,0.2842,
frame_ms,0.3135,
frame_ms,0.2578,
frame_ms,0.2386,
frame_ms,0.2434,
frame_ms,0.2391,
frame_ms,0.2404,
frame_ms,0.2863,
frame_ms,0.2664,
frame_ms,0.2342,
frame_ms,0.2459,
frame_ms,0.2334,
frame_ms,0.2229,
frame_ms,0.2422,
frame_ms,0.237,
frame_ms,0.2265,
frame_ms,0.223,
frame_ms,0.244,
frame_ms,0.2189,
tick_us,777.1,260
frame_ms,1.7667,
frame_ms,0.2436,
frame_ms,0.2171,
frame_ms,0.2428,
frame_ms,0.221,
frame_ms,0.2727,
frame_ms,0.3111,
frame_ms,0.4965,
frame_ms,0.3852,
frame_ms,0.301,
frame_ms,0.2992,
frame_ms,0.2621,
frame_ms,0.261,
frame_ms,0.2479,
frame_ms,0.2352,
frame_ms,0.224,
frame_ms,0.3005,
frame_ms,0.2838,
frame_ms,0.2605,
frame_ms,0.2442,
tick_us,804.7,264
frame_ms,1.9028,
frame_ms,0.2773,
frame_ms,0.2303,
frame_ms,0.2231,
frame_ms,0.2398,
frame_ms,0.2483,
frame_ms,0.2724,
frame_ms,0.2247,
frame_ms,0.2251,
frame_ms,0.2882,
frame_ms,0.2403,
frame_ms,0.2261,
frame_ms,0.2281,
frame_ms,0.2982,
frame_ms,0.2686,
frame_ms,0.2345,
frame_ms,0.2217,
frame_ms,0.2174,
frame_ms,0.2788,
frame_ms,0.2936,
tick_us,930.4,274
frame_ms,2.2379,
frame_ms,0.3038,
frame_ms,0.4403,
frame_ms,0.3032,
frame_ms,0.2715,
frame_ms,0.2704,
frame_ms,0.2571,
frame_ms,0.26,
frame_ms,0.3555,
frame_ms,0.2453,
frame_ms,0.2499,
frame_ms,0.2318,
frame_ms,0.2261,
frame_ms,0.3008,
frame_ms,0.702,
frame_ms,0.3112,
frame_ms,0.2492,
tick_us,839.1,278
frame_ms,2.0292,
frame_ms,0.3004,
frame_ms,1.4984,
frame_ms,0.3333,
frame_ms,0.2562,
frame_ms,0.2303,
frame_ms,0.2423,
frame_ms,0.2317,
frame_ms,0.2836,
frame_ms,0.2435,
frame_ms,0.2412,
frame_ms,0.2287,
frame_ms,0.2212,
frame_ms,0.2134,
frame_ms,0.283,
tick_us,751.4,276
frame_ms,1.7725,
frame_ms,0.2843,
frame_ms,0.2346,
frame_ms,0.3035,
frame_ms,0.2448,
frame_ms,0.2298,
frame_ms,0.2178,
frame_ms,0.2296,
frame_ms,0.2155,
frame_ms,0.28,
frame_ms,0.2657,
frame_ms,0.2394,
frame_ms,0.2281,
frame_ms,0.2477,
frame_ms,0.2185,
frame_ms,0.2613,
frame_ms,0.223,
frame_ms,0.2151,
frame_ms,0.2363,
frame_ms,0.2623,
frame_ms,0.4118,
tick_us,879.4,290
frame_ms,2.2379,
frame_ms,0.3293,
frame_ms,0.269,
frame_ms,0.2523,
frame_ms,0.2983,
frame_ms,0.3894,
frame_ms,0.2757,
frame_ms,0.2433,
frame_ms,0.2336,
frame_ms,0.2225,
frame_ms,0.2195,
frame_ms,0.2377,
frame_ms,0.2314,
frame_ms,0.2374,
frame_ms,0.2761,
frame_ms,0.2983,
frame_ms,0.2644,
frame_ms,0.2486,
frame_ms,0.2511,
tick_us,930.8,298
frame_ms,1.9912,
frame_ms,0.2945,
frame_ms,0.2436,
frame_ms,0.2263,
frame_ms,0.2245,
frame_ms,0.2674,
frame_ms,0.2431,
frame_ms,0.2497,
frame_ms,0.2317,
frame_ms,0.227,
frame_ms,0.2679,
frame_ms,0.2948,
frame_ms,0.243,
frame_ms,0.2535,
frame_ms,0.2394,
frame_ms,0.2185,
frame_ms,0.2224,
frame_ms,0.2191,
frame_ms,0.2646,
frame_ms,0.2236,
frame_ms,0.222,
tick_us,1367.5,310
frame_ms,3.0888,
frame_ms,0.6105,
frame_ms,0.391,
frame_ms,0.3394,
frame_ms,0.3088,
frame_ms,0.2589,
frame_ms,0.2479,
frame_ms,0.2751,
frame_ms,0.3401,
frame_ms,0.2609,
frame_ms,0.25,
frame_ms,0.242,
frame_ms,0.2219,
frame_ms,0.7226,
tick_us,1004.4,296
frame_ms,2.5363,
frame_ms,0.461,
frame_ms,0.294,
frame_ms,0.2661,
frame_ms,0.2431,
frame_ms,0.2376,
frame_ms,0.2301,
frame_ms,0.2324,
frame_ms,0.2301,
frame_ms,0.2245,
frame_ms,0.2585,
frame_ms,0.2786,
frame_ms,0.2383,
frame_ms,0.2299,
frame_ms,0.5437,
tick_us,766.7,292
frame_ms,2.0287,
frame_ms,0.3488,
frame_ms,0.2384,
frame_ms,0.23,
frame_ms,0.4079,
frame_ms,0.4326,
frame_ms,0.2735,
frame_ms,0.253,
frame_ms,0.2295,
frame_ms,0.2261,
frame_ms,0.2154,
frame_ms,0.2119,
frame_ms,0.2629,
frame_ms,0.2585,
frame_ms,0.2312,
frame_ms,0.2342,
frame_ms,0.2197,
frame_ms,0.2383,
frame_ms,0.2369,
frame_ms,0.2263,
tick_us,835.3,296
frame_ms,1.8677,
frame_ms,0.4064,
frame_ms,0.733,
frame_ms,0.357,
frame_ms,0.2307,
frame_ms,0.2222,
frame_ms,0.2528,
frame_ms,0.4538,
frame_ms,0.3443,
frame_ms,0.3241,
frame_ms,0.2819,
frame_ms,0.2208,
frame_ms,0.2224,
frame_ms,0.2133,
frame_ms,0.253,
frame_ms,0.2313,
frame_ms,0.218,
tick_us,827.5,302
frame_ms,1.9521,
frame_ms,0.3722,
frame_ms,0.2627,
frame_ms,0.2409,
frame_ms,0.2296,
frame_ms,0.2285,
frame_ms,0.2199,
frame_ms,0.2328,
frame_ms,0.2124,
frame_ms,0.2705,
frame_ms,0.236,
frame_ms,0.5577,
frame_ms,0.4751,
frame_ms,0.4127,
frame_ms,0.2964,
frame_ms,0.259,
frame_ms,0.4018,
tick_us,823.4,308
frame_ms,1.9784,
frame_ms,0.3269,
frame_ms,0.2652,
frame_ms,0.3403,
frame_ms,0.3213,
frame_ms,0.303,
frame_ms,0.5448,
frame_ms,0.415,
frame_ms,0.4142,
frame_ms,0.3777,
frame_ms,0.386,
frame_ms,0.2937,
frame_ms,0.3228,
frame_ms,0.289,
frame_ms,0.2463,
tick_us,873.3,298
frame_ms,2.0242,
frame_ms,0.3293,
frame_ms,0.2433,
frame_ms,0.2305,
frame_ms,0.2241,
frame_ms,0.2661,
frame_ms,0.306,
frame_ms,0.3679,
frame_ms,0.4028,
frame_ms,0.2804,
frame_ms,0.3212,
frame_ms,0.4878,
frame_ms,0.2896,
frame_ms,0.2781,
frame_ms,0.348,
frame_ms,0.5589,
tick_us,876,300
frame_ms,2.1556,
frame_ms,0.3074,
frame_ms,0.2579,
frame_ms,0.2698,
frame_ms,0.3509,
frame_ms,0.3,
frame_ms,0.2674,
frame_ms,0.2286,
frame_ms,0.2269,
frame_ms,0.2214,
frame_ms,0.2844,
frame_ms,0.2896,
frame_ms,0.2744,
frame_ms,0.2606,
frame_ms,0.2428,
frame_ms,0.2357,
frame_ms,0.2248,
frame_ms,0.2219,
frame_ms,0.2455,
frame_ms,0.2709,
tick_us,772.6,294
frame_ms,1.7809,
frame_ms,0.2964,
frame_ms,0.246,
frame_ms,0.2465,
frame_ms,0.2426,
frame_ms,0.2178,
frame_ms,0.2632,
frame_ms,0.2804,
frame_ms,0.245,
frame_ms,0.2317,
frame_ms,0.2336,
frame_ms,0.2281,
frame_ms,0.223,
frame_ms,0.2889,
frame_ms,0.2695,
frame_ms,0.2311,
frame_ms,0.2293,
frame_ms,0.4123,
frame_ms,0.3793,
frame_ms,0.3938,
tick_us,822.8,290
frame_ms,1.9916,
frame_ms,0.261,
frame_ms,0.2289,
frame_ms,0.2234,
frame_ms,0.2561,
frame_ms,0.2484,
frame_ms,0.224,
frame_ms,0.2239,
frame_ms,0.2195,
frame_ms,0.2956,
frame_ms,0.3159,
frame_ms,0.2371,
frame_ms,0.2296,
frame_ms,0.2185,
frame_ms,0.2153,
frame_ms,0.245,
frame_ms,0.2329,
frame_ms,0.2334,
frame_ms,0.2163,
frame_ms,0.2591,
frame_ms,0.2407,
frame_ms,0.2915,
tick_us,821.2,290
frame_ms,1.8749,
frame_ms,0.2574,
frame_ms,0.229,
frame_ms,0.303,
frame_ms,0.3708,
frame_ms,0.2862,
frame_ms,0.2412,
frame_ms,0.2145,
frame_ms,0.3127,
frame_ms,0.2957,
frame_ms,0.2569,
frame_ms,0.2283,
frame_ms,0.233,
frame_ms,0.2344,
frame_ms,0.241,
frame_ms,0.2516,
frame_ms,0.2294,
frame_ms,0.2296,
frame_ms,0.229,
frame_ms,0.2289,
tick_us,763.3,292
frame_ms,2.0225,
frame_ms,0.3405,
frame_ms,0.2596,
frame_ms,0.2465,
frame_ms,0.2617,
frame_ms,0.2868,
frame_ms,0.4578,
frame_ms,0.4207,
frame_ms,0.3388,
frame_ms,0.2495,
frame_ms,0.2168,
frame_ms,0.3027,
frame_ms,0.2493,
frame_ms,0.2445,
frame_ms,0.2243,
frame_ms,0.2169,
frame_ms,0.2147,
frame_ms,0.2528,
frame_ms,0.3307,
tick_us,788.4,290
frame_ms,1.9768,
frame_ms,0.5332,
frame_ms,0.2757,
frame_ms,0.2581,
frame_ms,0.2875,
frame_ms,0.2388,
frame_ms,0.2878,
frame_ms,0.2872,
frame_ms,0.2309,
frame_ms,0.2224,
frame_ms,0.2151,
frame_ms,0.2125,
frame_ms,0.2555,
frame_ms,0.2323,
frame_ms,0.2169,
frame_ms,0.23,
frame_ms,0.2954,
frame_ms,0.261,
frame_ms,0.2471,
tick_us,810.1,278
frame_ms,1.9618,
frame_ms,0.3004,
frame_ms,0.2395,
frame_ms,0.3174,
frame_ms,0.2354,
frame_ms,0.2592,
frame_ms,0.2669,
frame_ms,0.2367,
frame_ms,0.2321,
frame_ms,0.2212,
frame_ms,0.2259,
frame_ms,0.2226,
frame_ms,0.2348,
frame_ms,0.2332,
frame_ms,0.2228,
frame_ms,0.801,
frame_ms,0.3737,
frame_ms,0.2363,
frame_ms,0.2266,
tick_us,757,288
frame_ms,1.7947,
frame_ms,0.3046,
frame_ms,0.2358,
frame_ms,0.2241,
frame_ms,0.2141,
frame_ms,0.2107,
frame_ms,0.2633,
frame_ms,0.2275,
frame_ms,0.2114,
frame_ms,0.211,
frame_ms,0.2387,
frame_ms,0.2193,
frame_ms,0.207,
frame_ms,0.2562,
frame_ms,0.2246,
frame_ms,0.2103,
frame_ms,0.2444,
frame_ms,0.2241,
frame_ms,0.2114,
frame_ms,0.2341,
frame_ms,0.2117,
frame_ms,0.2042,
frame_ms,0.3081,
tick_us,766.8,282
frame_ms,1.9182,
frame_ms,0.3477,
frame_ms,0.2203,
frame_ms,0.2137,
frame_ms,0.2508,
frame_ms,0.2421,
frame_ms,0.23,
frame_ms,0.2063,
frame_ms,0.2508,
frame_ms,0.2138,
frame_ms,0.4829,
frame_ms,0.2511,
frame_ms,0.2282,
frame_ms,0.2577,
frame_ms,0.221,
frame_ms,0.2116,
frame_ms,0.2653,
frame_ms,0.226,
frame_ms,0.2235,
frame_ms,0.2053,
frame_ms,0.2513,
tick_us,856.2,280
frame_ms,1.8936,
frame_ms,0.2673,
frame_ms,0.2716,
frame_ms,0.2956,
frame_ms,0.2461,
frame_ms,0.2407,
frame_ms,0.2344,
frame_ms,0.228,
frame_ms,0.2392,
frame_ms,0.252,
frame_ms,0.2623,
frame_ms,0.2257,
frame_ms,0.2203,
frame_ms,0.2422,
frame_ms,0.22,
frame_ms,0.2209,
frame_ms,0.2502,
frame_ms,0.2327,
frame_ms,0.2156,
frame_ms,0.2825,
frame_ms,0.2568,
frame_ms,0.2329,
tick_us,794.9,284
frame_ms,1.7992,
frame_ms,0.2425,
frame_ms,0.226,
frame_ms,0.2232,
frame_ms,0.2609,
frame_ms,0.2252,
frame_ms,0.2441,
frame_ms,0.2404,
frame_ms,0.2326,
frame_ms,0.219,
frame_ms,0.2146,
frame_ms,0.276,
frame_ms,0.2741,
frame_ms,0.2333,
frame_ms,0.2223,
frame_ms,0.2162,
frame_ms,0.2826,
frame_ms,0.2208,
frame_ms,0.2087,
frame_ms,0.2506,
frame_ms,0.2221,
frame_ms,0.2157,
frame_ms,0.2331,
tick_us,759.8,276
frame_ms,1.7639,
frame_ms,0.5722,
frame_ms,0.2832,
frame_ms,0.2373,
frame_ms,0.2183,
frame_ms,0.2232,
frame_ms,0.2184,
frame_ms,0.2109,
frame_ms,0.2624,
frame_ms,0.2356,
frame_ms,0.2185,
frame_ms,0.214,
frame_ms,0.2383,
frame_ms,0.2287,
frame_ms,0.2134,
frame_ms,0.2679,
frame_ms,0.2282,
frame_ms,0.2145,
frame_ms,0.2624,
frame_ms,0.2316,
frame_ms,0.2107,
frame_ms,0.2113,
tick_us,773.6,276
frame_ms,1.7854,
frame_ms,0.258,
frame_ms,0.2204,
frame_ms,0.2495,
frame_ms,0.2216,
frame_ms,0.2193,
frame_ms,0.2176,
frame_ms,0.2608,
frame_ms,0.2319,
frame_ms,0.2179,
frame_ms,0.2144,
frame_ms,0.2633,
frame_ms,0.2312,
frame_ms,0.2156,
frame_ms,0.2114,
frame_ms,0.2862,
frame_ms,0.2354,
frame_ms,0.2207,
frame_ms,0.2125,
frame_ms,0.2464,
frame_ms,0.2332,
frame_ms,0.2154,
frame_ms,0.2159,
tick_us,763,252
frame_ms,1.7737,
frame_ms,0.2632,
frame_ms,0.2201,
frame_ms,0.2335,
frame_ms,0.2218,
frame_ms,0.2162,
frame_ms,0.2295,
frame_ms,0.2245,
frame_ms,0.3903,
frame_ms,0.2396,
frame_ms,0.2126,
frame_ms,0.2148,
frame_ms,0.2091,
frame_ms,0.2293,
frame_ms,0.2167,
frame_ms,0.2568,
frame_ms,0.2293,
frame_ms,0.214,
frame_ms,0.236,
frame_ms,0.2138,
frame_ms,0.2077,
frame_ms,0.2314,
frame_ms,0.2616,
tick_us,761.2,252
frame_ms,1.7534,
frame_ms,0.2352,
frame_ms,0.2113,
frame_ms,0.2643,
frame_ms,0.2322,
frame_ms,0.2165,
frame_ms,0.2127,
frame_ms,0.265,
frame_ms,0.2297,
frame_ms,0.2126,
frame_ms,0.2317,
frame_ms,0.28,
frame_ms,0.2438,
frame_ms,0.2383,
frame_ms,0.3055,
frame_ms,0.2611,
frame_ms,0.2276,
frame_ms,0.2186,
frame_ms,0.2127,
frame_ms,0.2101,
frame_ms,0.2702,
frame_ms,0.2374,
frame_ms,0.2254,
tick_us,745.5,246
frame_ms,1.7224,
frame_ms,0.2506,
frame_ms,0.237,
frame_ms,0.2394,
frame_ms,0.2214,
frame_ms,0.2085,
frame_ms,0.2635,
frame_ms,0.2246,
frame_ms,0.2151,
frame_ms,0.2142,
frame_ms,0.2392,
frame_ms,0.2202,
frame_ms,0.2087,
frame_ms,0.2519,
frame_ms,0.2176,
frame_ms,0.2086,
frame_ms,0.3006,
frame_ms,0.273,
frame_ms,0.2336,
frame_ms,0.7795,
tick_us,787.6,242
frame_ms,1.8119,
frame_ms,0.247,
frame_ms,0.217,
frame_ms,0.2695,
frame_ms,0.2301,
frame_ms,0.2227,
frame_ms,0.2151,
frame_ms,0.2438,
frame_ms,0.2267,
frame_ms,0.217,
frame_ms,0.2125,
frame_ms,0.2359,
frame_ms,0.2156,
frame_ms,0.2108,
frame_ms,0.2562,
frame_ms,0.2449,
frame_ms,0.2109,
frame_ms,0.211,
frame_ms,0.2455,
frame_ms,0.2225,
frame_ms,0.2379,
frame_ms,0.2079,
frame_ms,0.262,
frame_ms,0.2325,
tick_us,777.9,238
frame_ms,1.7652,
frame_ms,0.2356,
frame_ms,0.2188,
frame_ms,0.2382,
frame_ms,0.2161,
frame_ms,0.2113,
frame_ms,0.246,
frame_ms,0.22,
frame_ms,0.2152,
frame_ms,0.2297,
frame_ms,0.2161,
frame_ms,0.2666,
frame_ms,0.2354,
frame_ms,0.2235,
frame_ms,0.2125,
frame_ms,0.2622,
frame_ms,0.2288,
frame_ms,0.2184,
frame_ms,0.2112,
frame_ms,0.2462,
frame_ms,0.2238,
frame_ms,0.2125,
frame_ms,0.2249,
frame_ms,0.2334,
tick_us,845.4,234
frame_ms,1.8712,
frame_ms,0.3055,
frame_ms,0.3148,
frame_ms,0.3428,
frame_ms,0.2235,
frame_ms,0.2185,
frame_ms,0.2174,
frame_ms,0.2084,
frame_ms,0.2322,
frame_ms,0.2571,
frame_ms,0.2599,
frame_ms,0.2308,
frame_ms,0.2208,
frame_ms,0.2398,
frame_ms,0.2155,
frame_ms,0.2857,
frame_ms,0.2586,
frame_ms,0.2303,
frame_ms,0.2218,
frame_ms,0.214,
frame_ms,0.2583,
tick_us,755.2,232
frame_ms,1.7525,
frame_ms,0.2336,
frame_ms,0.2773,
frame_ms,0.2132,
frame_ms,0.2125,
frame_ms,0.243,
frame_ms,0.2184,
frame_ms,0.2182,
frame_ms,0.2165,
frame_ms,0.2177,
frame_ms,0.2456,
frame_ms,0.2729,
frame_ms,0.2361,
frame_ms,0.2277,
frame_ms,0.217,
frame_ms,0.2147,
frame_ms,0.2698,
frame_ms,0.2456,
frame_ms,0.221,
frame_ms,0.2146,
frame_ms,0.26,
frame_ms,0.2173,
frame_ms,0.2099,
tick_us,733.8,234
frame_ms,1.725,
frame_ms,0.2464,
frame_ms,0.2188,
frame_ms,0.2725,
frame_ms,0.7359,
frame_ms,0.4426,
frame_ms,0.2375,
frame_ms,0.2229,
frame_ms,0.2188,
frame_ms,0.2182,
frame_ms,0.2584,
frame_ms,0.23,
frame_ms,0.2131,
frame_ms,0.2124,
frame_ms,0.2398,
frame_ms,0.2662,
frame_ms,0.2245,
frame_ms,0.215,
frame_ms,0.2136,
frame_ms,0.2408,
frame_ms,0.2227,
tick_us,767.1,228
frame_ms,1.7612,
frame_ms,0.2549,
frame_ms,0.2213,
frame_ms,0.2365,
frame_ms,0.223,
frame_ms,0.2133,
frame_ms,0.213,
frame_ms,0.2423,
frame_ms,0.2275,
frame_ms,0.2135,
frame_ms,0.2116,
frame_ms,0.2487,
frame_ms,0.2788,
frame_ms,0.2348,
frame_ms,0.2244,
frame_ms,0.2205,
frame_ms,0.2182,
frame_ms,0.24,
frame_ms,0.218,
frame_ms,0.2277,
frame_ms,0.2183,
frame_ms,0.2672,
frame_ms,0.2658,
tick_us,742.9,230
frame_ms,1.7398,
frame_ms,0.2355,
frame_ms,0.2134,
frame_ms,0.2665,
frame_ms,0.2311,
frame_ms,0.2229,
frame_ms,0.2152,
frame_ms,0.2339,
frame_ms,0.2302,
frame_ms,0.2128,
frame_ms,0.2139,
frame_ms,0.2446,
frame_ms,0.2264,
frame_ms,0.4834,
frame_ms,0.3615,
frame_ms,0.2678,
frame_ms,0.2187,
frame_ms,0.2262,
frame_ms,0.2131,
frame_ms,0.2122,
frame_ms,0.2342,
frame_ms,0.2301,
tick_us,792,228
frame_ms,1.789,
frame_ms,0.2547,
frame_ms,0.2241,
frame_ms,0.2925,
frame_ms,0.265,
frame_ms,0.2322,
frame_ms,0.2219,
frame_ms,0.2142,
frame_ms,0.244,
frame_ms,0.2226,
frame_ms,0.3071,
frame_ms,0.2334,
frame_ms,0.2162,
frame_ms,0.2128,
frame_ms,0.2067,
frame_ms,0.2582,
frame_ms,0.223,
frame_ms,0.2075,
frame_ms,0.2501,
frame_ms,0.215,
frame_ms,0.2059,
frame_ms,0.2505,
frame_ms,0.2246,
tick_us,768.7,226
frame_ms,1.7511,
frame_ms,0.2436,
frame_ms,0.2137,
frame_ms,0.2861,
frame_ms,0.2335,
frame_ms,0.2128,
frame_ms,0.2576,
frame_ms,0.2236,
frame_ms,0.2133,
frame_ms,0.2271,
frame_ms,0.2349,
frame_ms,0.2247,
frame_ms,0.2166,
frame_ms,0.2319,
frame_ms,0.7257,
frame_ms,0.4704,
frame_ms,0.282,
frame_ms,0.374,
frame_ms,0.2967,
tick_us,776.6,224
frame_ms,1.82,
frame_ms,0.2515,
frame_ms,0.2147,
frame_ms,0.2336,
frame_ms,0.2193,
frame_ms,0.2604,
frame_ms,0.2383,
frame_ms,0.2112,
frame_ms,0.2284,
frame_ms,0.2248,
frame_ms,0.2192,
frame_ms,0.2109,
frame_ms,0.2422,
frame_ms,0.2319,
frame_ms,0.2219,
frame_ms,0.2136,
frame_ms,0.2623,
frame_ms,0.2293,
frame_ms,0.2133,
frame_ms,0.2089,
frame_ms,0.2537,
frame_ms,0.2185,
frame_ms,0.2094,
frame_ms,0.2406,
tick_us,762.1,222
frame_ms,1.7474,
frame_ms,0.2423,
frame_ms,0.2113,
frame_ms,0.2575,
frame_ms,0.2239,
frame_ms,0.2176,
frame_ms,0.209,
frame_ms,0.2513,
frame_ms,0.2177,
frame_ms,0.2135,
frame_ms,0.2217,
frame_ms,0.321,
frame_ms,0.2383,
frame_ms,0.2289,
frame_ms,0.2668,
frame_ms,0.2328,
frame_ms,0.2209,
frame_ms,0.2239,
frame_ms,0.2739,
frame_ms,0.2154,
frame_ms,0.2123,
frame_ms,0.2611,
frame_ms,0.2245,
tick_us,772.9,222
frame_ms,1.8464,
frame_ms,0.2782,
frame_ms,0.2315,
frame_ms,0.2236,
frame_ms,0.2121,
frame_ms,0.2723,
frame_ms,0.2841,
frame_ms,0.2353,
frame_ms,0.2256,
frame_ms,0.2166,
frame_ms,0.2128,
frame_ms,0.2474,
frame_ms,0.2507,
frame_ms,0.2191,
frame_ms,0.211,
frame_ms,0.3468,
frame_ms,0.3899,
frame_ms,0.2475,
frame_ms,0.323,
frame_ms,0.4237,
tick_us,762.9,226
frame_ms,1.8434,
frame_ms,0.4038,
frame_ms,0.2515,
frame_ms,0.2495,
frame_ms,0.2493,
frame_ms,0.2355,
frame_ms,0.2299,
frame_ms,0.2277,
frame_ms,0.2356,
frame_ms,0.2918,
frame_ms,0.2581,
frame_ms,0.2287,
frame_ms,0.2195,
frame_ms,0.2475,
frame_ms,0.2614,
frame_ms,0.2406,
frame_ms,0.219,
frame_ms,0.22,
frame_ms,0.2321,
frame_ms,0.2224,
frame_ms,0.2416,
tick_us,770.5,220
frame_ms,1.7731,
frame_ms,0.2405,
frame_ms,0.2202,
frame_ms,0.2186,
frame_ms,0.7464,
frame_ms,0.3306,
frame_ms,0.2482,
frame_ms,0.2254,
frame_ms,0.2259,
frame_ms,0.2197,
frame_ms,0.2168,
frame_ms,0.3433,
frame_ms,0.2732,
frame_ms,0.2317,
frame_ms,0.2257,
frame_ms,0.2161,
frame_ms,0.2512,
frame_ms,0.2555,
frame_ms,0.2241,
frame_ms,0.253,
tick_us,796.2,226
frame_ms,1.7785,
frame_ms,0.2434,
frame_ms,0.2168,
frame_ms,0.2627,
frame_ms,0.2642,
frame_ms,0.2335,
frame_ms,0.2199,
frame_ms,0.2149,
frame_ms,0.2694,
frame_ms,0.2247,
frame_ms,0.2133,
frame_ms,0.2278,
frame_ms,0.2369,
frame_ms,0.2294,
frame_ms,0.225,
frame_ms,0.2497,
frame_ms,0.2248,
frame_ms,0.2151,
frame_ms,0.2304,
frame_ms,0.2118,
frame_ms,0.2768,
frame_ms,0.2277,
frame_ms,0.2079,
tick_us,774.5,238
frame_ms,1.801,
frame_ms,0.2507,
frame_ms,0.2185,
frame_ms,0.2166,
frame_ms,0.2349,
frame_ms,0.2263,
frame_ms,0.2154,
frame_ms,0.2186,
frame_ms,0.2386,
frame_ms,0.2259,
frame_ms,0.2155,
frame_ms,0.2276,
frame_ms,0.2341,
frame_ms,0.2236,
frame_ms,0.6637,
frame_ms,0.3704,
frame_ms,0.2837,
frame_ms,0.2435,
frame_ms,0.2227,
frame_ms,0.2234,
frame_ms,0.2146,
frame_ms,0.2162,
tick_us,791.9,240
frame_ms,1.7978,
frame_ms,0.2507,
frame_ms,0.2422,
frame_ms,0.2247,
frame_ms,0.2311,
frame_ms,0.247,
frame_ms,0.2158,
frame_ms,0.2657,
frame_ms,0.2704,
frame_ms,0.2354,
frame_ms,0.2254,
frame_ms,0.214,
frame_ms,0.2105,
frame_ms,0.2412,
frame_ms,0.2222,
frame_ms,0.2153,
frame_ms,0.2786,
frame_ms,0.2756,
frame_ms,0.2342,
frame_ms,0.2265,
frame_ms,0.223,
frame_ms,0.2149,
tick_us,759.6,234
frame_ms,1.7448,
frame_ms,0.2564,
frame_ms,1.851,
frame_ms,0.2758,
frame_ms,0.2269,
frame_ms,0.2198,
frame_ms,0.2142,
frame_ms,0.2407,
frame_ms,0.2228,
frame_ms,0.2123,
frame_ms,0.2448,
frame_ms,0.2677,
frame_ms,0.2339,
frame_ms,0.2271,
frame_ms,0.2258,
frame_ms,0.3096,
tick_us,754.4,234
frame_ms,1.8003,
frame_ms,0.246,
frame_ms,0.216,
frame_ms,0.2408,
frame_ms,0.2243,
frame_ms,0.2188,
frame_ms,0.255,
frame_ms,0.2682,
frame_ms,0.2307,
frame_ms,0.2265,
frame_ms,0.2193,
frame_ms,0.2179,
frame_ms,0.2341,
frame_ms,0.2146,
frame_ms,0.2241,
frame_ms,0.2303,
frame_ms,0.223,
frame_ms,0.2167,
frame_ms,0.2225,
frame_ms,0.2118,
frame_ms,0.284,
frame_ms,0.27,
frame_ms,0.231,
tick_us,734.9,222
frame_ms,1.7253,
frame_ms,0.2495,
frame_ms,0.2175,
frame_ms,0.2731,
frame_ms,0.2375,
frame_ms,0.2151,
frame_ms,0.2439,
frame_ms,0.2251,
frame_ms,0.2158,
frame_ms,0.2692,
frame_ms,0.2291,
frame_ms,0.2171,
frame_ms,0.2436,
frame_ms,0.2265,
frame_ms,0.214,
frame_ms,0.2508,
frame_ms,0.2155,
frame_ms,0.2381,
frame_ms,0.2618,
frame_ms,0.23,
frame_ms,0.2181,
frame_ms,0.2117,
frame_ms,0.2418,
frame_ms,0.2344,
tick_us,750.4,224
frame_ms,1.7271,
frame_ms,0.3425,
frame_ms,0.5506,
frame_ms,0.2391,
frame_ms,0.2183,
frame_ms,0.2185,
frame_ms,0.256,
frame_ms,0.3384,
frame_ms,0.3696,
frame_ms,0.2445,
frame_ms,0.2133,
frame_ms,0.2254,
frame_ms,0.2167,
frame_ms,0.2095,
frame_ms,0.2513,
frame_ms,0.2725,
frame_ms,0.2406,
frame_ms,0.2232,
frame_ms,0.2519,
frame_ms,0.2427,
tick_us,800.3,228
frame_ms,1.792,
frame_ms,0.2367,
frame_ms,0.2117,
frame_ms,0.255,
frame_ms,0.2625,
frame_ms,0.2523,
frame_ms,0.2249,
frame_ms,0.2214,
frame_ms,0.2503,
frame_ms,0.2375,
frame_ms,0.2315,
frame_ms,0.2097,
frame_ms,0.2606,
frame_ms,0.2714,
frame_ms,0.2327,
frame_ms,0.2221,
frame_ms,0.216,
frame_ms,0.2464,
frame_ms,0.218,
frame_ms,0.2163,
frame_ms,0.2532,
frame_ms,0.2266,
frame_ms,0.222,
tick_us,775.4,224
frame_ms,1.7655,
frame_ms,0.2426,
frame_ms,0.2137,
frame_ms,0.2612,
frame_ms,0.2321,
frame_ms,0.2216,
frame_ms,0.2436,
frame_ms,0.2227,
frame_ms,0.2138,
frame_ms,0.2485,
frame_ms,0.8493,
frame_ms,0.4426,
frame_ms,0.3111,
frame_ms,0.3403,
frame_ms,0.3832,
frame_ms,0.3406,
frame_ms,0.2782,
frame_ms,0.2219,
tick_us,775.6,226
frame_ms,1.7683,
frame_ms,0.2466,
frame_ms,0.2263,
frame_ms,0.2915,
frame_ms,0.2313,
frame_ms,0.2175,
frame_ms,0.2344,
frame_ms,0.2172,
frame_ms,0.2119,
frame_ms,0.2473,
frame_ms,0.2231,
frame_ms,0.2131,
frame_ms,0.2487,
frame_ms,0.2236,
frame_ms,0.2125,
frame_ms,0.2551,
frame_ms,0.229,
frame_ms,0.664,
frame_ms,0.3978,
frame_ms,0.2689,
tick_us,767.8,234
frame_ms,1.8046,
frame_ms,0.2676,
frame_ms,0.2181,
frame_ms,0.2187,
frame_ms,0.265,
frame_ms,0.2343,
frame_ms,0.2219,
frame_ms,0.2146,
frame_ms,0.2492,
frame_ms,0.2293,
frame_ms,0.2128,
frame_ms,0.2338,
frame_ms,0.2555,
frame_ms,0.2536,
frame_ms,0.23,
frame_ms,0.2426,
frame_ms,0.2465,
frame_ms,0.219,
frame_ms,0.2682,
frame_ms,0.2307,
frame_ms,0.2207,
frame_ms,0.2573,
frame_ms,0.2371,
tick_us,770.9,230
frame_ms,1.7543,
frame_ms,0.25,
frame_ms,0.2143,
frame_ms,0.2614,
frame_ms,0.2296,
frame_ms,0.2165,
frame_ms,0.2434,
frame_ms,0.2276,
frame_ms,0.2181,
frame_ms,0.2404,
frame_ms,0.2325,
frame_ms,0.2206,
frame_ms,0.2644,
frame_ms,0.235,
frame_ms,0.28,
frame_ms,0.2121,
frame_ms,0.2258,
frame_ms,0.2457,
frame_ms,0.224,
frame_ms,0.2148,
frame_ms,0.315,
frame_ms,0.2399,
tick_us,753.5,238
frame_ms,1.7288,
frame_ms,0.2425,
frame_ms,0.2107,
frame_ms,0.2869,
frame_ms,0.2275,
frame_ms,0.2159,
frame_ms,0.2091,
frame_ms,0.2385,
frame_ms,0.226,
frame_ms,0.211,
frame_ms,0.2585,
frame_ms,0.2218,
frame_ms,0.2186,
frame_ms,0.2155,
frame_ms,0.252,
frame_ms,0.2208,
frame_ms,0.2109,
frame_ms,0.2347,
frame_ms,0.2168,
frame_ms,0.2183,
frame_ms,0.2064,
frame_ms,0.2935,
frame_ms,0.2371,
frame_ms,0.2107,
tick_us,733.1,242
frame_ms,1.9597,
frame_ms,0.3765,
frame_ms,0.2277,
frame_ms,0.3268,
frame_ms,0.2646,
frame_ms,0.2374,
frame_ms,0.2364,
frame_ms,0.2354,
frame_ms,0.2782,
frame_ms,0.2223,
frame_ms,0.2316,
frame_ms,0.2239,
frame_ms,0.2201,
frame_ms,0.2186,
frame_ms,0.2699,
frame_ms,0.2677,
frame_ms,0.2307,
frame_ms,0.2234,
frame_ms,0.2241,
frame_ms,0.2147,
frame_ms,0.3019,
tick_us,756.7,248
frame_ms,1.8987,
frame_ms,0.3497,
frame_ms,0.226,
frame_ms,0.2173,
frame_ms,0.2126,
frame_ms,0.2507,
frame_ms,0.2283,
frame_ms,0.214,
frame_ms,0.2689,
frame_ms,0.2254,
frame_ms,0.2184,
frame_ms,0.2478,
frame_ms,0.2216,
frame_ms,0.2071,
frame_ms,0.2481,
frame_ms,0.233,
frame_ms,0.2097,
frame_ms,0.2426,
frame_ms,0.2278,
frame_ms,0.2094,
frame_ms,0.2451,
frame_ms,0.226,
frame_ms,0.2094,
tick_us,764.9,248
frame_ms,1.7905,
frame_ms,0.2867,
frame_ms,0.2288,
frame_ms,0.2271,
frame_ms,0.4013,
frame_ms,0.2294,
frame_ms,0.2138,
frame_ms,0.2233,
frame_ms,0.2109,
frame_ms,0.2764,
frame_ms,0.2334,
frame_ms,0.2137,
frame_ms,0.2454,
frame_ms,0.2279,
frame_ms,0.2132,
frame_ms,0.2212,
frame_ms,0.2092,
frame_ms,0.2845,
frame_ms,0.2204,
frame_ms,0.2091,
frame_ms,0.252,
frame_ms,0.2188,
tick_us,756.2,238
frame_ms,1.7284,
frame_ms,0.2346,
frame_ms,0.2083,
frame_ms,0.2585,
frame_ms,0.2281,
frame_ms,0.2144,
frame_ms,0.262,
frame_ms,0.2295,
frame_ms,0.211,
frame_ms,0.2513,
frame_ms,0.2267,
frame_ms,0.2108,
frame_ms,0.2472,
frame_ms,0.2239,
frame_ms,0.2081,
frame_ms,0.2486,
frame_ms,0.2279,
frame_ms,0.2089,
frame_ms,0.2574,
frame_ms,0.222,
frame_ms,0.211,
frame_ms,0.2492,
frame_ms,0.2237,
frame_ms,0.2093,
tick_us,723,242
frame_ms,1.7297,
frame_ms,0.2356,
frame_ms,0.2219,
frame_ms,0.2589,
frame_ms,0.2486,
frame_ms,0.2104,
frame_ms,0.2407,
frame_ms,0.2712,
frame_ms,0.2329,
frame_ms,0.2241,
frame_ms,0.2297,
frame_ms,0.2222,
frame_ms,0.2554,
frame_ms,0.531,
frame_ms,0.4297,
frame_ms,0.2408,
frame_ms,0.2152,
frame_ms,0.3544,
frame_ms,0.2375,
frame_ms,0.318,
tick_us,783.5,230
frame_ms,1.7924,
frame_ms,0.2433,
frame_ms,0.2247,
frame_ms,0.3767,
frame_ms,0.4134,
frame_ms,0.3479,
frame_ms,0.3365,
frame_ms,0.3568,
frame_ms,0.3361,
frame_ms,0.3336,
frame_ms,0.3333,
frame_ms,0.3203,
frame_ms,0.268,
frame_ms,0.302,
frame_ms,0.2657,
frame_ms,0.2387,
frame_ms,0.241,
frame_ms,0.2404,
tick_us,894.2,226
frame_ms,1.9372,
frame_ms,0.3084,
frame_ms,0.236,
frame_ms,0.2317,
frame_ms,0.2301,
frame_ms,0.2131,
frame_ms,0.2409,
frame_ms,0.2615,
frame_ms,0.2335,
frame_ms,0.2213,
frame_ms,0.2934,
frame_ms,0.2261,
frame_ms,0.2165,
frame_ms,0.2133,
frame_ms,0.2529,
frame_ms,0.245,
frame_ms,0.2194,
frame_ms,0.2101,
frame_ms,0.4095,
frame_ms,0.3101,
frame_ms,0.2223,
tick_us,744.7,232
frame_ms,1.717,
frame_ms,0.2347,
frame_ms,0.2097,
frame_ms,0.2105,
frame_ms,0.2428,
frame_ms,0.2237,
frame_ms,0.2122,
frame_ms,0.2456,
frame_ms,0.2205,
frame_ms,0.2077,
frame_ms,0.2363,
frame_ms,0.2293,
frame_ms,0.2134,
frame_ms,0.2602,
frame_ms,0.2236,
frame_ms,0.2067,
frame_ms,0.2839,
frame_ms,0.2741,
frame_ms,0.2334,
frame_ms,0.2265,
frame_ms,0.2201,
frame_ms,0.2134,
frame_ms,0.2254,
frame_ms,0.2115,
tick_us,779.6,236
frame_ms,1.7568,
frame_ms,0.2422,
frame_ms,0.23,
frame_ms,0.276,
frame_ms,0.2725,
frame_ms,0.2304,
frame_ms,0.2187,
frame_ms,0.2118,
frame_ms,0.2407,
frame_ms,0.219,
frame_ms,0.2092,
frame_ms,0.2512,
frame_ms,0.2255,
frame_ms,0.2129,
frame_ms,0.2426,
frame_ms,0.2202,
frame_ms,0.2439,
frame_ms,0.2151,
frame_ms,0.2444,
frame_ms,0.2248,
frame_ms,0.2091,
frame_ms,0.2615,
frame_ms,0.2325,
tick_us,760.5,240
frame_ms,1.7566,
frame_ms,0.2418,
frame_ms,0.2109,
frame_ms,0.2553,
frame_ms,0.2242,
frame_ms,0.2189,
frame_ms,0.2362,
frame_ms,0.2185,
frame_ms,0.2177,
frame_ms,0.2706,
frame_ms,0.2212,
frame_ms,0.2156,
frame_ms,0.2169,
frame_ms,0.2071,
frame_ms,0.2838,
frame_ms,0.2286,
frame_ms,0.2122,
frame_ms,0.2571,
frame_ms,0.2174,
frame_ms,0.2107,
frame_ms,0.2347,
frame_ms,0.2243,
frame_ms,0.2116,
tick_us,750.1,246
frame_ms,1.7609,
frame_ms,0.2541,
frame_ms,0.2114,
frame_ms,0.2563,
frame_ms,0.2213,
frame_ms,0.2117,
frame_ms,0.2273,
frame_ms,0.2217,
frame_ms,0.2093,
frame_ms,0.2264,
frame_ms,0.2209,
frame_ms,0.2184,
frame_ms,0.227,
frame_ms,0.2721,
frame_ms,0.2243,
frame_ms,0.2072,
frame_ms,0.2175,
frame_ms,0.2458,
frame_ms,0.218,
frame_ms,0.2098,
frame_ms,0.2564,
frame_ms,0.2357,
frame_ms,0.2098,
frame_ms,0.2463,
tick_us,789.2,244
frame_ms,1.7774,
frame_ms,0.2326,
frame_ms,0.207,
frame_ms,0.253,
frame_ms,0.225,
frame_ms,0.2104,
frame_ms,0.2445,
frame_ms,0.7542,
frame_ms,0.3629,
frame_ms,0.2224,
frame_ms,0.2206,
frame_ms,0.2256,
frame_ms,0.212,
frame_ms,0.2099,
frame_ms,0.2736,
frame_ms,0.227,
frame_ms,0.2101,
frame_ms,0.2087,
frame_ms,0.2797,
frame_ms,0.2228,
frame_ms,0.2086,
tick_us,748.4,242
frame_ms,1.7493,
frame_ms,0.238,
frame_ms,0.2101,
frame_ms,0.2676,
frame_ms,0.225,
frame_ms,0.2148,
frame_ms,0.2563,
frame_ms,0.2148,
frame_ms,0.2063,
frame_ms,0.2507,
frame_ms,0.2277,
frame_ms,0.2105,
frame_ms,0.2192,
frame_ms,0.2126,
frame_ms,0.2823,
frame_ms,0.2264,
frame_ms,0.2089,
frame_ms,0.2499,
frame_ms,0.2273,
frame_ms,0.2122,
frame_ms,0.2535,
frame_ms,0.2237,
frame_ms,0.2068,
frame_ms,0.2253,
tick_us,733.9,230
frame_ms,1.7139,
frame_ms,0.2383,
frame_ms,0.2172,
frame_ms,0.2954,
frame_ms,0.2367,
frame_ms,0.2087,
frame_ms,0.2579,
frame_ms,0.2207,
frame_ms,0.2897,
frame_ms,0.7674,
frame_ms,0.4547,
frame_ms,0.2319,
frame_ms,0.2178,
frame_ms,0.2167,
frame_ms,0.213,
frame_ms,0.2108,
frame_ms,0.2433,
frame_ms,0.2221,
frame_ms,0.2117,
frame_ms,0.2453,
tick_us,761.2,224
frame_ms,1.7775,
frame_ms,0.2757,
frame_ms,0.2307,
frame_ms,0.219,
frame_ms,0.2306,
frame_ms,0.2171,
frame_ms,0.2736,
frame_ms,0.2292,
frame_ms,0.2111,
frame_ms,0.263,
frame_ms,0.3924,
frame_ms,0.3644,
frame_ms,0.3434,
frame_ms,0.2602,
frame_ms,0.2306,
frame_ms,0.2182,
frame_ms,0.2213,
frame_ms,0.2132,
frame_ms,0.2556,
frame_ms,0.225,
frame_ms,0.212,
tick_us,810.6,220
frame_ms,1.8744,
frame_ms,0.2917,
frame_ms,0.2383,
frame_ms,0.2393,
frame_ms,0.2448,
frame_ms,0.244,
frame_ms,0.2421,
frame_ms,0.2415,
frame_ms,0.2387,
frame_ms,0.2447,
frame_ms,0.2352,
frame_ms,0.2321,
frame_ms,0.23,
frame_ms,0.3428,
frame_ms,0.3025,
frame_ms,0.2555,
frame_ms,0.238,
frame_ms,0.2391,
frame_ms,0.3133,
frame_ms,0.2709,
tick_us,854.8,220
frame_ms,2.0873,
frame_ms,0.3808,
frame_ms,0.2655,
frame_ms,0.2392,
frame_ms,0.2343,
frame_ms,0.2372,
frame_ms,0.2286,
frame_ms,0.2201,
frame_ms,0.2309,
frame_ms,0.2216,
frame_ms,0.2686,
frame_ms,0.2323,
frame_ms,0.2921,
frame_ms,0.3287,
frame_ms,0.284,
frame_ms,0.2223,
frame_ms,0.2707,
frame_ms,0.2924,
frame_ms,0.4377,
tick_us,782.3,218
frame_ms,1.9501,
frame_ms,0.2925,
frame_ms,0.2386,
frame_ms,0.314,
frame_ms,0.2585,
frame_ms,0.2519,
frame_ms,0.2844,
frame_ms,0.2431,
frame_ms,0.2278,
frame_ms,0.2249,
frame_ms,0.2201,
frame_ms,0.2563,
frame_ms,0.2771,
frame_ms,0.2345,
frame_ms,0.2278,
frame_ms,0.2326,
frame_ms,0.2268,
frame_ms,0.249,
frame_ms,0.2762,
frame_ms,0.2334,
frame_ms,0.229,
frame_ms,0.2283,
tick_us,880.7,218
frame_ms,1.9732,
frame_ms,0.3056,
frame_ms,0.3038,
frame_ms,0.2592,
frame_ms,0.2281,
frame_ms,0.2315,
frame_ms,0.2315,
frame_ms,0.2172,
frame_ms,0.2183,
frame_ms,0.2735,
frame_ms,0.2235,
frame_ms,0.2172,
frame_ms,0.2184,
frame_ms,0.2167,
frame_ms,0.2487,
frame_ms,0.2656,
frame_ms,0.2361,
frame_ms,0.2243,
frame_ms,0.2238,
frame_ms,0.213,
frame_ms,0.237,
frame_ms,0.225,
tick_us,771.3,214
frame_ms,1.7682,
frame_ms,0.2404,
frame_ms,0.214,
frame_ms,0.241,
frame_ms,0.2359,
frame_ms,0.2415,
frame_ms,0.2278,
frame_ms,0.3226,
frame_ms,0.249,
frame_ms,0.2366,
frame_ms,0.2132,
frame_ms,0.2099,
frame_ms,0.2434,
frame_ms,0.2273,
frame_ms,0.2341,
frame_ms,0.2084,
frame_ms,0.2617,
frame_ms,0.2213,
frame_ms,0.2118,
frame_ms,0.2463,
frame_ms,0.2341,
frame_ms,0.2102,
frame_ms,0.2415,
tick_us,751.1,220
frame_ms,1.7394,
frame_ms,0.2992,
frame_ms,0.4364,
frame_ms,0.3644,
frame_ms,0.2828,
frame_ms,0.2485,
frame_ms,0.2216,
frame_ms,0.2209,
frame_ms,0.2527,
frame_ms,0.2208,
frame_ms,0.2216,
frame_ms,0.2121,
frame_ms,0.2677,
frame_ms,0.2718,
frame_ms,0.2442,
frame_ms,0.2271,
frame_ms,0.2287,
frame_ms,0.2209,
frame_ms,0.2193,
frame_ms,0.2171,
frame_ms,0.2742,
tick_us,751.3,222
frame_ms,1.7473,
frame_ms,0.236,
frame_ms,0.2132,
frame_ms,0.2586,
frame_ms,0.2335,
frame_ms,0.2177,
frame_ms,0.2467,
frame_ms,0.2184,
frame_ms,0.2635,
frame_ms,0.2316,
frame_ms,0.2171,
frame_ms,0.2468,
frame_ms,0.2258,
frame_ms,0.2142,
frame_ms,0.2496,
frame_ms,0.229,
frame_ms,0.217,
frame_ms,0.2383,
frame_ms,0.2124,
frame_ms,0.2066,
frame_ms,0.2566,
frame_ms,0.2304,
frame_ms,0.2156,
tick_us,777,218
frame_ms,1.7749,
frame_ms,0.247,
frame_ms,0.2095,
frame_ms,0.2633,
frame_ms,0.2283,
frame_ms,0.2161,
frame_ms,0.2455,
frame_ms,0.2251,
frame_ms,0.2134,
frame_ms,0.815,
frame_ms,0.3954,
frame_ms,0.2289,
frame_ms,0.2242,
frame_ms,0.2152,
frame_ms,0.2144,
frame_ms,0.2652,
frame_ms,0.2309,
frame_ms,0.215,
frame_ms,0.4179,
tick_us,793.4,220
frame_ms,1.99,
frame_ms,0.2716,
frame_ms,0.2201,
frame_ms,0.2167,
frame_ms,0.2225,
frame_ms,0.2426,
frame_ms,0.2307,
frame_ms,0.2138,
frame_ms,0.2494,
frame_ms,0.2265,
frame_ms,0.2114,
frame_ms,0.2674,
frame_ms,0.2289,
frame_ms,0.2107,
frame_ms,0.2745,
frame_ms,0.2344,
frame_ms,0.2181,
frame_ms,0.2268,
frame_ms,0.2206,
frame_ms,0.2427,
frame_ms,0.2267,
frame_ms,0.21,
frame_ms,0.2799,
tick_us,758.5,220
frame_ms,1.8189,
frame_ms,0.2717,
frame_ms,0.2184,
frame_ms,0.2151,
frame_ms,0.243,
frame_ms,0.2311,
frame_ms,0.2177,
frame_ms,0.2396,
frame_ms,0.2263,
frame_ms,0.2146,
frame_ms,0.2431,
frame_ms,0.2237,
frame_ms,0.2116,
frame_ms,0.2494,
frame_ms,0.2333,
frame_ms,0.3326,
frame_ms,0.3119,
frame_ms,0.2653,
frame_ms,0.2484,
frame_ms,0.243,
frame_ms,0.2404,
tick_us,757,224
frame_ms,2.0345,
frame_ms,0.3319,
frame_ms,0.2556,
frame_ms,0.2386,
frame_ms,0.2333,
frame_ms,0.2209,
frame_ms,0.2161,
frame_ms,0.2369,
frame_ms,0.2149,
frame_ms,0.279,
frame_ms,0.2705,
frame_ms,0.2332,
frame_ms,0.2257,
frame_ms,0.217,
frame_ms,0.2292,
frame_ms,0.2219,
frame_ms,0.2766,
frame_ms,0.2297,
frame_ms,0.2101,
frame_ms,0.2636,
frame_ms,0.2509,
frame_ms,0.2215,
frame_ms,0.2105,
tick_us,758,228
frame_ms,1.762,
frame_ms,0.2607,
frame_ms,0.2258,
frame_ms,0.2316,
frame_ms,0.2963,
frame_ms,0.2603,
frame_ms,0.2224,
frame_ms,0.2139,
frame_ms,0.2371,
frame_ms,0.2613,
frame_ms,0.2617,
frame_ms,0.2268,
frame_ms,0.2316,
frame_ms,0.2139,
frame_ms,0.273,
frame_ms,0.2745,
frame_ms,0.2296,
frame_ms,0.224,
frame_ms,0.2114,
frame_ms,0.2525,
frame_ms,0.2159,
frame_ms,0.2082,
tick_us,757.6,230
frame_ms,2.1114,
frame_ms,0.2855,
frame_ms,0.2269,
frame_ms,0.2213,
frame_ms,0.2615,
frame_ms,0.2348,
frame_ms,0.2213,
frame_ms,0.2258,
frame_ms,0.2699,
frame_ms,0.2692,
frame_ms,0.2279,
frame_ms,0.2194,
frame_ms,0.2132,
frame_ms,0.2421,
frame_ms,0.2248,
frame_ms,0.2098,
frame_ms,0.2744,
frame_ms,0.2287,
frame_ms,0.2092,
frame_ms,0.223,
frame_ms,0.2092,
frame_ms,0.2164,
tick_us,843.4,226
frame_ms,1.8344,
frame_ms,0.2589,
frame_ms,0.2155,
frame_ms,0.2748,
frame_ms,0.2291,
frame_ms,0.2129,
frame_ms,0.2476,
frame_ms,0.2265,
frame_ms,0.2099,
frame_ms,0.2581,
frame_ms,0.2312,
frame_ms,0.2111,
frame_ms,0.2417,
frame_ms,0.2446,
frame_ms,0.2709,
frame_ms,0.2395,
frame_ms,0.239,
frame_ms,0.2485,
frame_ms,0.2326,
frame_ms,0.23,
frame_ms,0.2122,
frame_ms,0.2533,
tick_us,749.4,222
frame_ms,1.9372,
frame_ms,0.3278,
frame_ms,0.8251,
frame_ms,0.4428,
frame_ms,0.3283,
frame_ms,0.239,
frame_ms,0.2257,
frame_ms,0.2245,
frame_ms,0.215,
frame_ms,0.2144,
frame_ms,0.2347,
frame_ms,0.2218,
frame_ms,0.2182,
frame_ms,0.2413,
frame_ms,0.236,
frame_ms,0.2204,
frame_ms,0.2109,
frame_ms,0.2465,
frame_ms,0.228,
tick_us,750.6,222
frame_ms,1.7243,
frame_ms,0.233,
frame_ms,0.2122,
frame_ms,0.2416,
frame_ms,0.2279,
frame_ms,0.2205,
frame_ms,0.223,
frame_ms,0.2337,
frame_ms,0.221,
frame_ms,0.2463,
frame_ms,0.2334,
frame_ms,0.2244,
frame_ms,0.238,
frame_ms,0.2199,
frame_ms,0.2101,
frame_ms,0.2515,
frame_ms,0.2189,
frame_ms,0.2072,
frame_ms,0.23,
frame_ms,0.2213,
frame_ms,0.2225,
frame_ms,0.2153,
frame_ms,0.2509,
frame_ms,0.2452,
tick_us,736.7,210
frame_ms,1.7069,
frame_ms,0.2383,
frame_ms,0.2166,
frame_ms,0.2652,
frame_ms,0.7322,
frame_ms,0.2456,
frame_ms,0.2286,
frame_ms,0.215,
frame_ms,0.2964,
frame_ms,0.2815,
frame_ms,0.3171,
frame_ms,0.3337,
frame_ms,0.2237,
frame_ms,0.2254,
frame_ms,0.2156,
frame_ms,0.2139,
frame_ms,0.2687,
frame_ms,0.259,
frame_ms,0.228,
frame_ms,0.2183,
tick_us,751.4,196
frame_ms,1.7436,
frame_ms,0.3009,
frame_ms,0.2417,
frame_ms,0.2366,
frame_ms,0.2202,
frame_ms,0.3131,
frame_ms,0.33,
frame_ms,0.2289,
frame_ms,0.2178,
frame_ms,0.2141,
frame_ms,0.2102,
frame_ms,0.2576,
frame_ms,0.2501,
frame_ms,0.2223,
frame_ms,0.2222,
frame_ms,0.2162,
frame_ms,0.2334,
frame_ms,0.2208,
frame_ms,0.21,
frame_ms,0.2439,
frame_ms,0.2241,
frame_ms,0.2113,
frame_ms,0.2477,
tick_us,739.6,200
frame_ms,1.715,
frame_ms,0.2322,
frame_ms,0.2117,
frame_ms,0.2572,
frame_ms,0.2402,
frame_ms,0.2208,
frame_ms,0.2108,
frame_ms,0.2571,
frame_ms,0.2308,
frame_ms,0.2104,
frame_ms,0.2099,
frame_ms,1.1355,
frame_ms,0.3437,
frame_ms,0.2302,
frame_ms,0.2147,
frame_ms,0.211,
frame_ms,0.2516,
frame_ms,0.2254,
frame_ms,0.2111,
tick_us,773.9,198
frame_ms,1.7789,
frame_ms,0.2435,
frame_ms,0.2122,
frame_ms,0.2138,
frame_ms,0.2423,
frame_ms,0.2242,
frame_ms,0.2117,
frame_ms,0.2565,
frame_ms,0.2253,
frame_ms,0.2138,
frame_ms,0.2312,
frame_ms,0.2737,
frame_ms,0.226,
frame_ms,0.2162,
frame_ms,0.2146,
frame_ms,0.2112,
frame_ms,0.2492,
frame_ms,0.2253,
frame_ms,0.2105,
frame_ms,0.2284,
frame_ms,0.2233,
frame_ms,0.2472,
frame_ms,0.2573,
frame_ms,0.2304,
tick_us,741.7,202
frame_ms,1.7179,
frame_ms,0.2397,
frame_ms,0.2149,
frame_ms,0.2671,
frame_ms,0.2568,
frame_ms,0.2263,
frame_ms,0.2093,
frame_ms,0.2414,
frame_ms,0.2166,
frame_ms,0.209,
frame_ms,0.2495,
frame_ms,0.2128,
frame_ms,0.203,
frame_ms,0.2544,
frame_ms,0.2213,
frame_ms,0.2063,
frame_ms,0.2359,
frame_ms,0.3168,
frame_ms,0.308,
frame_ms,0.2362,
frame_ms,0.221,
frame_ms,0.2098,
frame_ms,0.206,
tick_us,763.3,212
frame_ms,1.7868,
frame_ms,0.2552,
frame_ms,0.2154,
frame_ms,0.2308,
frame_ms,0.2139,
frame_ms,0.2112,
frame_ms,0.237,
frame_ms,0.2149,
frame_ms,0.2116,
frame_ms,0.2639,
frame_ms,0.2217,
frame_ms,0.21,
frame_ms,0.258,
frame_ms,0.2239,
frame_ms,0.2133,
frame_ms,0.2226,
frame_ms,0.2391,
frame_ms,0.2817,
frame_ms,0.2211,
frame_ms,0.2096,
frame_ms,0.2076,
frame_ms,0.2683,
frame_ms,0.2249,
tick_us,727.5,220
frame_ms,1.7118,
frame_ms,0.233,
frame_ms,0.2083,
frame_ms,0.2469,
frame_ms,0.226,
frame_ms,0.21,
frame_ms,0.2291,
frame_ms,0.2473,
frame_ms,0.2168,
frame_ms,0.208,
frame_ms,0.2513,
frame_ms,0.2119,
frame_ms,0.2103,
frame_ms,0.2638,
frame_ms,0.2272,
frame_ms,0.2061,
frame_ms,0.2367,
frame_ms,0.2103,
frame_ms,0.2682,
frame_ms,0.2253,
frame_ms,0.2126,
frame_ms,0.2237,
frame_ms,0.2234,
frame_ms,0.3752,
tick_us,734.5,218
frame_ms,1.7946,
frame_ms,0.3019,
frame_ms,0.2449,
frame_ms,0.2315,
frame_ms,0.2439,
frame_ms,0.2328,
frame_ms,0.2177,
frame_ms,0.2607,
frame_ms,0.2582,
frame_ms,0.227,
frame_ms,0.2174,
frame_ms,0.2136,
frame_ms,0.2569,
frame_ms,0.2226,
frame_ms,0.2157,
frame_ms,0.2437,
frame_ms,0.2656,
frame_ms,0.256,
frame_ms,0.2269,
frame_ms,0.2217,
frame_ms,0.2145,
frame_ms,0.2317,
tick_us,735.2,226
frame_ms,1.7029,
frame_ms,0.234,
frame_ms,0.2118,
frame_ms,0.265,
frame_ms,0.2587,
frame_ms,0.2304,
frame_ms,0.2188,
frame_ms,0.213,
frame_ms,0.2657,
frame_ms,0.3867,
frame_ms,0.3743,
frame_ms,0.2473,
frame_ms,0.2165,
frame_ms,0.2102,
frame_ms,0.2098,
frame_ms,0.2074,
frame_ms,0.2608,
frame_ms,0.2226,
frame_ms,0.2051,
frame_ms,0.245,
frame_ms,0.217,
frame_ms,0.2079,
frame_ms,0.2449,
tick_us,750.6,222
frame_ms,1.7699,
frame_ms,0.235,
frame_ms,0.2089,
frame_ms,0.2794,
frame_ms,0.2262,
frame_ms,0.2091,
frame_ms,0.2261,
frame_ms,0.2338,
frame_ms,0.2184,
frame_ms,0.2068,
frame_ms,0.2976,
frame_ms,0.2699,
frame_ms,0.2348,
frame_ms,0.229,
frame_ms,0.2179,
frame_ms,0.219,
frame_ms,0.262,
frame_ms,0.257,
frame_ms,0.2268,
frame_ms,0.2141,
frame_ms,0.2087,
frame_ms,0.2458,
frame_ms,0.2238,
tick_us,786.7,206
frame_ms,1.7655,
frame_ms,0.2445,
frame_ms,0.2156,
frame_ms,0.2643,
frame_ms,0.2319,
frame_ms,0.212,
frame_ms,0.2278,
frame_ms,0.2145,
frame_ms,0.2725,
frame_ms,0.2265,
frame_ms,0.2088,
frame_ms,0.2255,
frame_ms,0.2335,
frame_ms,0.2178,
frame_ms,0.2083,
frame_ms,0.2445,
frame_ms,0.2213,
frame_ms,0.2113,
frame_ms,0.2697,
frame_ms,0.2251,
frame_ms,0.2135,
frame_ms,0.2266,
frame_ms,0.2342,
frame_ms,0.2147,
tick_us,736.9,202
frame_ms,1.693,
frame_ms,0.2301,
frame_ms,0.2084,
frame_ms,0.2284,
frame_ms,0.2151,
frame_ms,0.423,
frame_ms,0.5947,
frame_ms,0.2492,
frame_ms,0.2362,
frame_ms,0.2358,
frame_ms,0.303,
frame_ms,0.3596,
frame_ms,0.2191,
frame_ms,0.2262,
frame_ms,0.2225,
frame_ms,0.2122,
frame_ms,0.216,
frame_ms,0.238,
frame_ms,0.2238,
frame_ms,0.2155,
tick_us,752.3,202
frame_ms,1.7863,
frame_ms,0.2704,
frame_ms,0.2255,
frame_ms,0.219,
frame_ms,0.2187,
frame_ms,0.2485,
frame_ms,0.2215,
frame_ms,0.2175,
frame_ms,0.2143,
frame_ms,0.2347,
frame_ms,0.2252,
frame_ms,0.2171,
frame_ms,0.2144,
frame_ms,0.2331,
frame_ms,0.3167,
frame_ms,0.3932,
frame_ms,0.3414,
frame_ms,0.3526,
frame_ms,0.3394,
frame_ms,0.3378,
frame_ms,0.2545,
tick_us,727.4,202
frame_ms,1.7089,
frame_ms,0.2489,
frame_ms,0.2181,
frame_ms,0.2835,
frame_ms,0.2253,
frame_ms,0.2183,
frame_ms,0.2129,
frame_ms,0.2446,
frame_ms,0.2215,
frame_ms,0.2174,
frame_ms,0.2285,
frame_ms,0.2191,
frame_ms,0.271,
frame_ms,0.2299,
frame_ms,0.3716,
frame_ms,0.2397,
frame_ms,0.2265,
frame_ms,0.2188,
frame_ms,0.2126,
frame_ms,0.2109,
frame_ms,0.2536,
frame_ms,0.2646,
frame_ms,0.2313,
tick_us,755.6,200
frame_ms,1.7368,
frame_ms,0.2416,
frame_ms,0.2241,
frame_ms,0.2193,
frame_ms,0.2383,
frame_ms,0.2554,
frame_ms,0.4645,
frame_ms,0.3356,
frame_ms,0.2609,
frame_ms,0.2165,
frame_ms,0.221,
frame_ms,0.2383,
frame_ms,0.2137,
frame_ms,0.2105,
frame_ms,0.2635,
frame_ms,0.2302,
frame_ms,0.2109,
frame_ms,0.227,
frame_ms,0.2118,
frame_ms,0.2877,
frame_ms,0.2282,
frame_ms,0.2137,
tick_us,833.5,206
frame_ms,1.8543,
frame_ms,0.2411,
frame_ms,0.2091,
frame_ms,0.2379,
frame_ms,0.2225,
frame_ms,0.2227,
frame_ms,0.2104,
frame_ms,0.2426,
frame_ms,0.2237,
frame_ms,0.2092,
frame_ms,0.2595,
frame_ms,0.2265,
frame_ms,0.2168,
frame_ms,0.2125,
frame_ms,0.2421,
frame_ms,0.2232,
frame_ms,0.2155,
frame_ms,0.2114,
frame_ms,0.2397,
frame_ms,0.2252,
frame_ms,0.2089,
tick_us,767.6,206
frame_ms,2.2802,
frame_ms,0.2744,
frame_ms,0.2186,
frame_ms,0.2641,
frame_ms,0.2309,
frame_ms,0.2124,
frame_ms,0.2375,
frame_ms,0.2132,
frame_ms,0.2095,
frame_ms,0.2114,
frame_ms,0.2415,
frame_ms,0.2248,
frame_ms,0.2157,
frame_ms,0.2083,
frame_ms,0.2457,
frame_ms,0.2239,
frame_ms,0.2152,
frame_ms,0.2231,
frame_ms,0.2241,
frame_ms,0.2157,
frame_ms,0.2295,
frame_ms,0.2226,
frame_ms,0.2575,
frame_ms,0.2237,
tick_us,757,206
frame_ms,1.7326,
frame_ms,0.2343,
frame_ms,0.2108,
frame_ms,0.2544,
frame_ms,0.4021,
frame_ms,0.3813,
frame_ms,0.3499,
frame_ms,0.3371,
frame_ms,0.2836,
frame_ms,0.241,
frame_ms,0.212,
frame_ms,0.2145,
frame_ms,0.2126,
frame_ms,0.3788,
frame_ms,0.5202,
frame_ms,0.4394,
frame_ms,0.5565,
tick_us,764.3,218
frame_ms,1.9152,
frame_ms,0.2674,
frame_ms,0.2354,
frame_ms,0.2492,
frame_ms,0.2351,
frame_ms,0.2961,
frame_ms,0.264,
frame_ms,0.2773,
frame_ms,0.2366,
frame_ms,0.2418,
frame_ms,0.2372,
frame_ms,0.255,
frame_ms,0.2959,
frame_ms,0.3508,
frame_ms,0.314,
frame_ms,0.2402,
frame_ms,0.2145,
frame_ms,0.2168,
frame_ms,0.2129,
frame_ms,0.2655,
tick_us,780.5,212
frame_ms,1.7804,
frame_ms,0.2478,
frame_ms,0.2217,
frame_ms,0.2355,
frame_ms,0.2105,
frame_ms,0.2791,
frame_ms,0.2334,
frame_ms,0.2124,
frame_ms,0.2116,
frame_ms,0.2455,
frame_ms,0.2244,
frame_ms,0.2168,
frame_ms,0.2274,
frame_ms,0.214,
frame_ms,0.2745,
frame_ms,0.2328,
frame_ms,0.2152,
frame_ms,0.2278,
frame_ms,0.2239,
frame_ms,0.2206,
frame_ms,0.2091,
frame_ms,0.2462,
frame_ms,0.2337,
frame_ms,0.2328,
tick_us,742.7,218
frame_ms,1.7176,
frame_ms,0.2362,
frame_ms,0.2121,
frame_ms,0.2814,
frame_ms,0.2908,
frame_ms,0.8514,
frame_ms,0.3323,
frame_ms,0.2359,
frame_ms,0.2268,
frame_ms,0.2255,
frame_ms,0.2866,
frame_ms,0.2344,
frame_ms,0.2561,
frame_ms,0.2712,
frame_ms,0.2342,
frame_ms,0.2142,
frame_ms,0.2102,
frame_ms,0.2538,
frame_ms,0.2367,
tick_us,782.4,212
frame_ms,1.7746,
frame_ms,0.2405,
frame_ms,2.3262,
frame_ms,0.2758,
frame_ms,0.2349,
frame_ms,0.2155,
frame_ms,0.2173,
frame_ms,0.2415,
frame_ms,0.2292,
frame_ms,0.2141,
frame_ms,0.2139,
frame_ms,0.2413,
frame_ms,0.2181,
frame_ms,0.2134,
frame_ms,0.2541,
tick_us,758.2,212
frame_ms,1.7492,
frame_ms,0.2392,
frame_ms,0.2155,
frame_ms,0.2208,
frame_ms,0.2501,
frame_ms,0.2657,
frame_ms,0.2144,
frame_ms,0.2362,
frame_ms,0.2208,
frame_ms,0.2116,
frame_ms,0.6381,
frame_ms,0.2617,
frame_ms,0.2182,
frame_ms,0.2187,
frame_ms,0.2169,
frame_ms,0.2444,
frame_ms,0.2283,
frame_ms,0.2123,
frame_ms,0.2358,
frame_ms,0.2277,
frame_ms,0.2113,
tick_us,787.1,206
frame_ms,1.8108,
frame_ms,0.2506,
frame_ms,0.213,
frame_ms,0.2493,
frame_ms,0.2294,
frame_ms,0.2198,
frame_ms,0.254,
frame_ms,0.2178,
frame_ms,0.2206,
frame_ms,0.2295,
frame_ms,0.216,
frame_ms,0.2222,
frame_ms,0.2204,
frame_ms,0.2091,
frame_ms,0.2875,
frame_ms,0.2278,
frame_ms,0.2117,
frame_ms,0.2488,
frame_ms,0.2549,
frame_ms,0.2155,
frame_ms,0.2181,
frame_ms,0.2095,
frame_ms,0.4341,
tick_us,844.5,210
frame_ms,2.0034,
frame_ms,0.284,
frame_ms,0.2289,
frame_ms,0.2326,
frame_ms,0.2261,
frame_ms,0.2634,
frame_ms,0.2662,
frame_ms,0.2333,
frame_ms,0.2173,
frame_ms,0.2096,
frame_ms,0.2469,
frame_ms,0.2264,
frame_ms,0.2109,
frame_ms,0.2739,
frame_ms,0.2254,
frame_ms,0.2118,
frame_ms,0.3148,
frame_ms,0.4555,
frame_ms,0.3612,
tick_us,821.4,208
frame_ms,1.9556,
frame_ms,0.2622,
frame_ms,0.2173,
frame_ms,0.2547,
frame_ms,0.222,
frame_ms,0.2156,
frame_ms,0.2152,
frame_ms,0.2875,
frame_ms,0.2727,
frame_ms,0.2357,
frame_ms,0.2268,
frame_ms,0.2256,
frame_ms,0.2199,
frame_ms,0.229,
frame_ms,0.2168,
frame_ms,0.275,
frame_ms,0.262,
frame_ms,0.2269,
frame_ms,0.2239,
frame_ms,0.211,
frame_ms,0.2393,
frame_ms,0.2191,
frame_ms,0.2149,
tick_us,765.7,198
frame_ms,1.7411,
frame_ms,0.2323,
frame_ms,0.2126,
frame_ms,0.2151,
frame_ms,0.2413,
frame_ms,0.2304,
frame_ms,0.2159,
frame_ms,0.2526,
frame_ms,0.235,
frame_ms,0.2147,
frame_ms,0.2739,
frame_ms,0.2244,
frame_ms,0.2118,
frame_ms,0.2452,
frame_ms,0.2209,
frame_ms,0.2095,
frame_ms,0.2504,
frame_ms,0.2188,
frame_ms,0.2078,
frame_ms,0.2232,
frame_ms,0.2189,
frame_ms,0.2052,
frame_ms,0.261,
frame_ms,0.2396,
tick_us,839.2,204
frame_ms,1.8526,
frame_ms,0.29,
frame_ms,0.2714,
frame_ms,0.2947,
frame_ms,0.2184,
frame_ms,0.2095,
frame_ms,0.2369,
frame_ms,0.2242,
frame_ms,0.2134,
frame_ms,0.2195,
frame_ms,0.2451,
frame_ms,0.2347,
frame_ms,0.21,
frame_ms,0.2506,
frame_ms,0.2069,
frame_ms,0.257,
frame_ms,0.2298,
frame_ms,0.2083,
frame_ms,0.2501,
frame_ms,0.2215,
frame_ms,0.211,
frame_ms,0.2519,
tick_us,747.8,200
frame_ms,1.7412,
frame_ms,0.237,
frame_ms,0.2133,
frame_ms,0.2825,
frame_ms,0.2291,
frame_ms,0.2151,
frame_ms,0.2704,
frame_ms,0.2314,
frame_ms,0.2097,
frame_ms,0.2447,
frame_ms,0.226,
frame_ms,0.2102,
frame_ms,0.2197,
frame_ms,0.2109,
frame_ms,0.2044,
frame_ms,0.2686,
frame_ms,0.2295,
frame_ms,0.2151,
frame_ms,0.2437,
frame_ms,0.2276,
frame_ms,0.2123,
frame_ms,0.2583,
frame_ms,0.2289,
frame_ms,0.2067,
tick_us,771.3,210
frame_ms,1.7544,
frame_ms,0.2379,
frame_ms,0.3554,
frame_ms,0.2864,
frame_ms,0.2999,
frame_ms,0.2434,
frame_ms,0.2318,
frame_ms,0.2254,
frame_ms,0.2156,
frame_ms,0.2279,
frame_ms,0.2249,
frame_ms,0.2217,
frame_ms,0.2547,
frame_ms,0.2213,
frame_ms,0.2198,
frame_ms,0.2434,
frame_ms,0.2485,
frame_ms,0.2122,
frame_ms,0.2465,
frame_ms,0.3016,
frame_ms,0.2971,
frame_ms,0.2303,
tick_us,742.7,202
frame_ms,1.7323,
frame_ms,0.2418,
frame_ms,0.2164,
frame_ms,0.2183,
frame_ms,0.2197,
frame_ms,0.2677,
frame_ms,0.2389,
frame_ms,0.2221,
frame_ms,0.2429,
frame_ms,0.2351,
frame_ms,0.216,
frame_ms,0.2378,
frame_ms,0.2257,
frame_ms,0.2245,
frame_ms,0.2177,
frame_ms,0.2152,
frame_ms,0.2331,
frame_ms,0.2246,
frame_ms,0.2175,
frame_ms,0.2391,
frame_ms,0.2288,
frame_ms,0.2185,
frame_ms,0.2406,
frame_ms,0.2227,
tick_us,729.6,194
frame_ms,1.6975,
frame_ms,0.2393,
frame_ms,0.2178,
frame_ms,0.2253,
frame_ms,0.2197,
frame_ms,0.2272,
frame_ms,0.2431,
frame_ms,0.2787,
frame_ms,0.6114,
frame_ms,0.4703,
frame_ms,0.5698,
frame_ms,0.3724,
frame_ms,0.2309,
frame_ms,0.2243,
frame_ms,0.228,
frame_ms,0.2138,
frame_ms,0.2544,
frame_ms,0.3058,
tick_us,762,200
frame_ms,1.7698,
frame_ms,0.2479,
frame_ms,0.2174,
frame_ms,0.2345,
frame_ms,0.2447,
frame_ms,0.2345,
frame_ms,0.2214,
frame_ms,0.2137,
frame_ms,0.2422,
frame_ms,0.2265,
frame_ms,0.2221,
frame_ms,0.2352,
frame_ms,0.2191,
frame_ms,0.2798,
frame_ms,0.2324,
frame_ms,0.2269,
frame_ms,0.2557,
frame_ms,0.2333,
frame_ms,0.2187,
frame_ms,0.2588,
frame_ms,0.2268,
frame_ms,0.2156,
frame_ms,0.2846,
tick_us,750.5,196
frame_ms,1.7832,
frame_ms,0.2497,
frame_ms,0.2245,
frame_ms,0.303,
frame_ms,0.3376,
frame_ms,0.2387,
frame_ms,0.2144,
frame_ms,0.2197,
frame_ms,0.2139,
frame_ms,0.2393,
frame_ms,0.2386,
frame_ms,0.2122,
frame_ms,0.2545,
frame_ms,0.221,
frame_ms,0.2819,
frame_ms,0.266,
frame_ms,0.2389,
frame_ms,0.2287,
frame_ms,0.274,
frame_ms,0.2729,
frame_ms,0.2271,
frame_ms,0.2187,
tick_us,759.5,190
frame_ms,1.7424,
frame_ms,0.2421,
frame_ms,0.2191,
frame_ms,0.2299,
frame_ms,0.2123,
frame_ms,0.2434,
frame_ms,0.2402,
frame_ms,0.2257,
frame_ms,0.2124,
frame_ms,0.2167,
frame_ms,0.2454,
frame_ms,0.2327,
frame_ms,0.2141,
frame_ms,0.244,
frame_ms,0.2331,
frame_ms,0.2146,
frame_ms,0.2659,
frame_ms,0.2238,
frame_ms,0.2364,
frame_ms,0.2203,
frame_ms,0.2428,
frame_ms,0.2259,
frame_ms,0.2125,
frame_ms,0.2454,
tick_us,745.7,198
frame_ms,1.7293,
frame_ms,0.2353,
frame_ms,0.2179,
frame_ms,0.2265,
frame_ms,0.2342,
frame_ms,0.2164,
frame_ms,0.2263,
frame_ms,0.2068,
frame_ms,0.2442,
frame_ms,0.2311,
frame_ms,0.2097,
frame_ms,0.2631,
frame_ms,0.2305,
frame_ms,0.2174,
frame_ms,0.2451,
frame_ms,0.2274,
frame_ms,0.2162,
frame_ms,0.3413,
frame_ms,0.2965,
frame_ms,0.2395,
frame_ms,0.2201,
frame_ms,0.2319,
tick_us,766.6,202
frame_ms,1.8584,
frame_ms,0.3269,
frame_ms,0.2344,
frame_ms,0.2457,
frame_ms,0.2259,
frame_ms,0.2427,
frame_ms,0.2215,
frame_ms,0.2169,
frame_ms,0.2922,
frame_ms,0.278,
frame_ms,0.2381,
frame_ms,0.2181,
frame_ms,0.2151,
frame_ms,0.2114,
frame_ms,0.2432,
frame_ms,0.2313,
frame_ms,0.2151,
frame_ms,0.2428,
frame_ms,0.2313,
frame_ms,0.2131,
frame_ms,0.2493,
frame_ms,0.2297,
frame_ms,0.2116,
tick_us,727.4,194
frame_ms,1.7282,
frame_ms,0.2542,
frame_ms,0.2163,
frame_ms,0.3049,
frame_ms,0.2413,
frame_ms,0.2198,
frame_ms,0.2566,
frame_ms,0.2324,
frame_ms,0.2153,
frame_ms,0.2446,
frame_ms,0.2357,
frame_ms,0.2125,
frame_ms,0.242,
frame_ms,0.2305,
frame_ms,0.21,
frame_ms,0.2537,
frame_ms,0.2435,
frame_ms,0.2147,
frame_ms,0.2557,
frame_ms,0.2281,
frame_ms,0.2099,
frame_ms,0.2551,
frame_ms,0.2302,
tick_us,738.7,194
frame_ms,1.8205,
frame_ms,0.2729,
frame_ms,0.2241,
frame_ms,0.2269,
frame_ms,0.3117,
frame_ms,0.2821,
frame_ms,0.2334,
frame_ms,0.2245,
frame_ms,0.2155,
frame_ms,0.2103,
frame_ms,0.2484,
frame_ms,0.2374,
frame_ms,0.2127,
frame_ms,0.2645,
frame_ms,0.2382,
frame_ms,0.2126,
frame_ms,0.2539,
frame_ms,0.2324,
frame_ms,0.2155,
frame_ms,0.2677,
frame_ms,0.233,
frame_ms,0.214,
tick_us,747.2,204
frame_ms,1.7719,
frame_ms,0.2569,
frame_ms,0.2194,
frame_ms,0.2321,
frame_ms,0.2133,
frame_ms,0.2861,
frame_ms,0.235,
frame_ms,0.2148,
frame_ms,0.2324,
frame_ms,0.2448,
frame_ms,0.2382,
frame_ms,0.219,
frame_ms,0.2284,
frame_ms,0.2713,
frame_ms,0.2348,
frame_ms,0.2134,
frame_ms,0.2469,
frame_ms,0.2194,
frame_ms,0.2158,
frame_ms,0.2604,
frame_ms,0.2346,
frame_ms,0.2128,
frame_ms,0.2417,
tick_us,731,210
frame_ms,1.7096,
frame_ms,0.2416,
frame_ms,0.2217,
frame_ms,0.2598,
frame_ms,0.2324,
frame_ms,0.2142,
frame_ms,0.5923,
frame_ms,0.9181,
frame_ms,0.2451,
frame_ms,0.2219,
frame_ms,0.2193,
frame_ms,0.25,
frame_ms,0.297,
frame_ms,0.2513,
frame_ms,0.2384,
frame_ms,0.2399,
frame_ms,0.306,
frame_ms,0.2892,
tick_us,740.1,206
frame_ms,1.7963,
frame_ms,0.4106,
frame_ms,0.2358,
frame_ms,0.2312,
frame_ms,0.2434,
frame_ms,0.2277,
frame_ms,0.2168,
frame_ms,0.3001,
frame_ms,0.2881,
frame_ms,0.242,
frame_ms,0.2277,
frame_ms,0.2165,
frame_ms,0.2104,
frame_ms,0.2588,
frame_ms,0.2313,
frame_ms,0.2176,
frame_ms,0.2582,
frame_ms,0.233,
frame_ms,0.2106,
frame_ms,0.2204,
frame_ms,0.2406,
frame_ms,0.2195,
tick_us,761.3,206
frame_ms,1.7613,
frame_ms,0.2351,
frame_ms,0.2095,
frame_ms,0.2616,
frame_ms,0.2376,
frame_ms,0.2441,
frame_ms,0.2173,
frame_ms,0.24,
frame_ms,0.2297,
frame_ms,0.2177,
frame_ms,0.2593,
frame_ms,0.2393,
frame_ms,0.2106,
frame_ms,0.3425,
frame_ms,0.8011,
frame_ms,0.2256,
frame_ms,0.2151,
frame_ms,0.2244,
frame_ms,0.216,
frame_ms,0.2106,
frame_ms,0.209,
tick_us,757.4,206
frame_ms,1.7326,
frame_ms,0.2505,
frame_ms,0.2234,
frame_ms,0.2208,
frame_ms,0.2477,
frame_ms,0.2314,
frame_ms,0.219,
frame_ms,0.2406,
frame_ms,0.2308,
frame_ms,0.2189,
frame_ms,0.2659,
frame_ms,0.2781,
frame_ms,0.22,
frame_ms,0.2169,
frame_ms,0.2175,
frame_ms,0.2587,
frame_ms,0.2277,
frame_ms,0.2157,
frame_ms,0.2699,
frame_ms,0.2276,
frame_ms,0.2135,
frame_ms,0.2459,
frame_ms,0.2212,
tick_us,737.8,208
frame_ms,1.7149,
frame_ms,0.2297,
frame_ms,0.2066,
frame_ms,0.2484,
frame_ms,0.24,
frame_ms,0.2156,
frame_ms,0.2119,
frame_ms,0.213,
frame_ms,0.2683,
frame_ms,0.2265,
frame_ms,0.2091,
frame_ms,0.2094,
frame_ms,0.2077,
frame_ms,0.2619,
frame_ms,0.2327,
frame_ms,0.2122,
frame_ms,0.2713,
frame_ms,0.2293,
frame_ms,0.2096,
frame_ms,0.2331,
frame_ms,0.2165,
frame_ms,0.5821,
tick_us,762.7,206
frame_ms,1.8847,
frame_ms,0.2704,
frame_ms,0.2284,
frame_ms,0.2625,
frame_ms,0.2585,
frame_ms,0.2281,
frame_ms,0.214,
frame_ms,0.2128,
frame_ms,0.4177,
frame_ms,0.4027,
frame_ms,0.3597,
frame_ms,0.2861,
frame_ms,0.2198,
frame_ms,0.2176,
frame_ms,0.2096,
frame_ms,0.2399,
frame_ms,0.2212,
frame_ms,0.2096,
frame_ms,0.2445,
frame_ms,0.2232,
frame_ms,0.2141,
tick_us,761.6,198
frame_ms,1.7578,
frame_ms,0.2459,
frame_ms,0.2189,
frame_ms,0.2596,
frame_ms,0.2281,
frame_ms,0.2137,
frame_ms,0.2208,
frame_ms,0.2089,
frame_ms,0.2831,
frame_ms,0.2265,
frame_ms,0.2115,
frame_ms,0.211,
frame_ms,0.2437,
frame_ms,0.2192,
frame_ms,0.2119,
frame_ms,0.2499,
frame_ms,0.2244,
frame_ms,0.2227,
frame_ms,0.2513,
frame_ms,0.2263,
frame_ms,0.2084,
frame_ms,0.2262,
frame_ms,0.2225,
frame_ms,0.2107,
tick_us,961.5,194
frame_ms,2.0406,
frame_ms,0.2768,
frame_ms,0.233,
frame_ms,0.2968,
frame_ms,0.3061,
frame_ms,0.2267,
frame_ms,0.2148,
frame_ms,0.2282,
frame_ms,0.2139,
frame_ms,0.2741,
frame_ms,0.2304,
frame_ms,0.2161,
frame_ms,0.2112,
frame_ms,0.3072,
frame_ms,0.6321,
frame_ms,0.4021,
frame_ms,0.2452,
frame_ms,0.2225,
frame_ms,0.2556,
tick_us,820.9,196
frame_ms,1.976,
frame_ms,0.2832,
frame_ms,0.2283,
frame_ms,0.2436,
frame_ms,0.2267,
frame_ms,0.2234,
frame_ms,0.2428,
frame_ms,0.2275,
frame_ms,0.2139,
frame_ms,0.2511,
frame_ms,0.2256,
frame_ms,0.2155,
frame_ms,0.2658,
frame_ms,0.231,
frame_ms,0.2104,
frame_ms,0.2723,
frame_ms,0.3343,
frame_ms,0.237,
frame_ms,0.2174,
frame_ms,0.2222,
frame_ms,0.2224,
tick_us,766.2,194
frame_ms,1.8028,
frame_ms,0.26,
frame_ms,0.2719,
frame_ms,0.3077,
frame_ms,0.2479,
frame_ms,0.2401,
frame_ms,0.2399,
frame_ms,0.2355,
frame_ms,0.2336,
frame_ms,0.2504,
frame_ms,0.2915,
frame_ms,0.2341,
frame_ms,0.232,
frame_ms,0.2126,
frame_ms,0.2104,
frame_ms,0.2764,
frame_ms,0.2897,
frame_ms,0.2405,
frame_ms,0.2312,
frame_ms,0.2226,
frame_ms,0.2205,
frame_ms,0.2734,
tick_us,793.9,194
frame_ms,1.8162,
frame_ms,0.2465,
frame_ms,0.2219,
frame_ms,0.253,
frame_ms,0.241,
frame_ms,0.2223,
frame_ms,0.2229,
frame_ms,0.2668,
frame_ms,0.492,
frame_ms,0.3048,
frame_ms,0.3855,
frame_ms,0.4043,
frame_ms,1.6445,
tick_us,800.2,200
frame_ms,2.1925,
frame_ms,0.3065,
frame_ms,0.231,
frame_ms,0.2244,
frame_ms,0.3002,
frame_ms,0.2316,
frame_ms,0.2204,
frame_ms,0.2458,
frame_ms,0.3865,
frame_ms,0.2474,
frame_ms,0.2316,
frame_ms,0.2536,
frame_ms,0.2244,
frame_ms,0.2192,
frame_ms,0.2117,
frame_ms,0.2872,
frame_ms,0.2525,
frame_ms,0.2573,
frame_ms,0.2325,
frame_ms,0.2179,
frame_ms,0.2593,
tick_us,777.1,194
frame_ms,1.7748,
frame_ms,0.2537,
frame_ms,0.2227,
frame_ms,0.31,
frame_ms,0.2403,
frame_ms,0.2296,
frame_ms,0.2233,
frame_ms,0.2547,
frame_ms,0.2253,
frame_ms,0.2142,
frame_ms,0.2535,
frame_ms,0.2287,
frame_ms,0.2178,
frame_ms,0.2449,
frame_ms,0.2348,
frame_ms,0.2144,
frame_ms,0.2545,
frame_ms,0.2735,
frame_ms,0.2236,
frame_ms,0.2176,
frame_ms,0.2142,
frame_ms,0.2802,
frame_ms,0.2284,
tick_us,772.7,192
frame_ms,1.7615,
frame_ms,0.241,
frame_ms,0.2118,
frame_ms,0.3118,
frame_ms,0.2325,
frame_ms,0.2262,
frame_ms,0.2417,
frame_ms,0.2393,
frame_ms,0.2272,
frame_ms,0.2459,
frame_ms,0.208,
frame_ms,0.2432,
frame_ms,0.2247,
frame_ms,0.2125,
frame_ms,0.4903,
frame_ms,0.2667,
frame_ms,0.2219,
frame_ms,0.2237,
frame_ms,0.2274,
frame_ms,0.2201,
frame_ms,0.2215,
frame_ms,0.2298,
tick_us,810.7,190
frame_ms,1.8387,
frame_ms,0.2711,
frame_ms,0.2324,
frame_ms,0.2335,
frame_ms,0.2504,
frame_ms,0.2727,
frame_ms,0.2303,
frame_ms,0.2207,
frame_ms,0.214,
frame_ms,0.2477,
frame_ms,0.2215,
frame_ms,0.2214,
frame_ms,0.6157,
frame_ms,0.2361,
frame_ms,0.2159,
frame_ms,0.2572,
frame_ms,0.2299,
frame_ms,0.2168,
frame_ms,0.2462,
frame_ms,0.2264,
frame_ms,0.2106,
tick_us,774.2,202
frame_ms,1.7614,
frame_ms,0.245,
frame_ms,0.2165,
frame_ms,0.263,
frame_ms,0.2348,
frame_ms,0.2173,
frame_ms,0.2727,
frame_ms,0.241,
frame_ms,0.2174,
frame_ms,0.2117,
frame_ms,0.2674,
frame_ms,0.2315,
frame_ms,0.2167,
frame_ms,0.2419,
frame_ms,0.2257,
frame_ms,0.2206,
frame_ms,0.24,
frame_ms,0.24,
frame_ms,0.2197,
frame_ms,0.2075,
frame_ms,0.2484,
frame_ms,0.2149,
frame_ms,0.206,
tick_us,849.7,188
frame_ms,1.8547,
frame_ms,0.3187,
frame_ms,0.2902,
frame_ms,0.2606,
frame_ms,0.2534,
frame_ms,0.2507,
frame_ms,0.2329,
frame_ms,0.2173,
frame_ms,0.2229,
frame_ms,0.2542,
frame_ms,0.2636,
frame_ms,0.2318,
frame_ms,0.2218,
frame_ms,0.21,
frame_ms,0.2392,
frame_ms,0.2214,
frame_ms,0.2121,
frame_ms,0.2498,
frame_ms,0.2235,
frame_ms,0.2126,
frame_ms,0.2514,
frame_ms,0.2332,
tick_us,751.1,192
frame_ms,1.7275,
frame_ms,0.2423,
frame_ms,0.213,
frame_ms,0.2444,
frame_ms,0.245,
frame_ms,0.2236,
frame_ms,0.2512,
frame_ms,0.2258,
frame_ms,0.2147,
frame_ms,0.2401,
frame_ms,0.2216,
frame_ms,0.2138,
frame_ms,0.2906,
frame_ms,0.2416,
frame_ms,0.233,
frame_ms,0.2209,
frame_ms,0.2047,
frame_ms,0.2042,
frame_ms,0.2549,
frame_ms,0.2605,
frame_ms,0.2324,
frame_ms,0.2239,
frame_ms,0.2124,
frame_ms,0.2324,
tick_us,770.8,188
frame_ms,1.7567,
frame_ms,0.6718,
frame_ms,0.2933,
frame_ms,0.2325,
frame_ms,0.2372,
frame_ms,0.2293,
frame_ms,0.2173,
frame_ms,0.2162,
frame_ms,0.2402,
frame_ms,0.2198,
frame_ms,0.2164,
frame_ms,0.2247,
frame_ms,0.2204,
frame_ms,0.2765,
frame_ms,0.2652,
frame_ms,0.2317,
frame_ms,0.2246,
frame_ms,0.2855,
frame_ms,0.2826,
frame_ms,0.2221,
tick_us,745.5,210
frame_ms,1.7315,
frame_ms,0.2395,
frame_ms,0.2172,
frame_ms,0.2619,
frame_ms,0.2761,
frame_ms,0.2256,
frame_ms,0.2136,
frame_ms,0.2161,
frame_ms,0.2417,
frame_ms,0.2414,
frame_ms,0.2119,
frame_ms,0.2405,
frame_ms,0.2272,
frame_ms,0.2165,
frame_ms,0.2523,
frame_ms,0.2196,
frame_ms,0.2051,
frame_ms,0.2581,
frame_ms,0.2649,
frame_ms,0.2346,
frame_ms,0.2267,
frame_ms,0.2168,
frame_ms,0.2249,
frame_ms,0.2305,
tick_us,783.6,216
frame_ms,1.7609,
frame_ms,0.2459,
frame_ms,0.2137,
frame_ms,0.2265,
frame_ms,0.2156,
frame_ms,0.2833,
frame_ms,0.6769,
frame_ms,0.3587,
frame_ms,0.2199,
frame_ms,0.219,
frame_ms,0.2121,
frame_ms,0.2093,
frame_ms,0.2711,
frame_ms,0.2124,
frame_ms,0.2192,
frame_ms,0.2456,
frame_ms,0.2754,
frame_ms,0.2326,
frame_ms,0.224,
frame_ms,0.2221,
frame_ms,0.2251,
tick_us,758.8,210
frame_ms,1.7353,
frame_ms,0.2515,
frame_ms,0.2163,
frame_ms,0.2745,
frame_ms,0.2663,
frame_ms,0.2251,
frame_ms,0.2171,
frame_ms,0.207,
frame_ms,0.2187,
frame_ms,0.2102,
frame_ms,0.2049,
frame_ms,0.2679,
frame_ms,0.2229,
frame_ms,0.2072,
frame_ms,0.2422,
frame_ms,0.2484,
frame_ms,0.2363,
frame_ms,0.224,
frame_ms,0.2338,
frame_ms,0.2459,
frame_ms,0.3076,
frame_ms,0.317,
tick_us,752,208
frame_ms,1.7754,
frame_ms,0.2468,
frame_ms,0.2198,
frame_ms,0.2894,
frame_ms,0.2375,
frame_ms,0.2217,
frame_ms,0.2494,
frame_ms,0.2573,
frame_ms,0.2394,
frame_ms,0.2193,
frame_ms,0.2191,
frame_ms,0.2139,
frame_ms,0.2475,
frame_ms,0.2547,
frame_ms,0.227,
frame_ms,0.2222,
frame_ms,0.5612,
frame_ms,0.2939,
frame_ms,0.2239,
frame_ms,0.2141,
frame_ms,0.2253,
frame_ms,0.2419,
tick_us,781.8,210
frame_ms,1.7676,
frame_ms,0.2432,
frame_ms,0.2164,
frame_ms,0.2823,
frame_ms,0.2357,
frame_ms,0.2161,
frame_ms,0.2427,
frame_ms,0.2197,
frame_ms,0.2146,
frame_ms,0.2295,
frame_ms,0.2907,
frame_ms,0.2489,
frame_ms,0.2252,
frame_ms,0.2344,
frame_ms,0.2541,
frame_ms,0.2124,
frame_ms,0.2457,
frame_ms,0.2279,
frame_ms,0.2119,
frame_ms,0.2437,
frame_ms,0.2402,
frame_ms,0.228,
frame_ms,0.2121,
tick_us,773.5,220
frame_ms,1.77,
frame_ms,0.2546,
frame_ms,0.2199,
frame_ms,0.2693,
frame_ms,0.2715,
frame_ms,0.238,
frame_ms,0.23,
frame_ms,0.2528,
frame_ms,0.2235,
frame_ms,0.2142,
frame_ms,0.2299,
frame_ms,0.2373,
frame_ms,0.2189,
frame_ms,0.2476,
frame_ms,0.2594,
frame_ms,0.2268,
frame_ms,0.2229,
frame_ms,0.2447,
frame_ms,0.225,
frame_ms,0.2131,
frame_ms,0.2905,
frame_ms,0.2302,
tick_us,869.4,216
frame_ms,2.079,
frame_ms,0.385,
frame_ms,0.2579,
frame_ms,0.2336,
frame_ms,0.226,
frame_ms,0.2246,
frame_ms,0.2579,
frame_ms,0.2224,
frame_ms,0.2752,
frame_ms,0.2941,
frame_ms,0.2173,
frame_ms,0.2106,
frame_ms,0.2118,
frame_ms,0.3139,
frame_ms,0.3106,
frame_ms,0.246,
frame_ms,0.2289,
frame_ms,0.2258,
frame_ms,0.2229,
frame_ms,0.2179,
frame_ms,0.2427,
tick_us,792.5,210
frame_ms,1.7786,
frame_ms,0.3386,
frame_ms,0.22,
frame_ms,0.2666,
frame_ms,0.284,
frame_ms,0.2552,
frame_ms,0.2292,
frame_ms,0.2216,
frame_ms,0.2132,
frame_ms,0.2517,
frame_ms,0.2261,
frame_ms,0.2187,
frame_ms,0.2258,
frame_ms,0.3089,
frame_ms,0.2894,
frame_ms,0.2547,
frame_ms,0.2311,
frame_ms,0.2209,
frame_ms,0.2124,
frame_ms,0.2164,
frame_ms,0.2421,
frame_ms,0.2372,
tick_us,777.2,218
frame_ms,1.7618,
frame_ms,0.2394,
frame_ms,0.3185,
frame_ms,0.2924,
frame_ms,0.2626,
frame_ms,0.2382,
frame_ms,0.2437,
frame_ms,0.3387,
frame_ms,0.2187,
frame_ms,0.2885,
frame_ms,0.4383,
frame_ms,0.2261,
frame_ms,0.2249,
frame_ms,0.2173,
frame_ms,0.2169,
frame_ms,0.2234,
frame_ms,0.2203,
frame_ms,0.2437,
frame_ms,0.2332,
frame_ms,0.217,
frame_ms,0.2556,
tick_us,747.8,216
frame_ms,1.7486,
frame_ms,0.2386,
frame_ms,0.2138,
frame_ms,0.264,
frame_ms,0.2671,
frame_ms,0.2283,
frame_ms,0.2214,
frame_ms,0.2165,
frame_ms,0.2614,
frame_ms,0.2323,
frame_ms,0.2144,
frame_ms,0.2549,
frame_ms,0.232,
frame_ms,0.2174,
frame_ms,0.2562,
frame_ms,0.2337,
frame_ms,0.2176,
frame_ms,0.2175,
frame_ms,0.2377,
frame_ms,0.2297,
frame_ms,0.2181,
frame_ms,0.248,
tick_us,791.9,224
frame_ms,2.0247,
frame_ms,0.2525,
frame_ms,0.2167,
frame_ms,0.2313,
frame_ms,0.2167,
frame_ms,0.2574,
frame_ms,0.2299,
frame_ms,0.2133,
frame_ms,0.2652,
frame_ms,0.2163,
frame_ms,0.243,
frame_ms,0.3682,
frame_ms,0.374,
frame_ms,0.6274,
frame_ms,0.2816,
frame_ms,0.2294,
frame_ms,0.228,
frame_ms,0.2178,
frame_ms,0.2154,
frame_ms,0.2125,
tick_us,748.4,222
frame_ms,1.7396,
frame_ms,0.2472,
frame_ms,0.217,
frame_ms,0.214,
frame_ms,0.2633,
frame_ms,0.2352,
frame_ms,0.22,
frame_ms,0.2703,
frame_ms,0.3258,
frame_ms,0.2393,
frame_ms,0.2227,
frame_ms,0.2199,
frame_ms,0.2151,
frame_ms,0.2133,
frame_ms,0.2574,
frame_ms,0.2975,
frame_ms,0.2406,
frame_ms,0.2336,
frame_ms,0.221,
frame_ms,0.2118,
frame_ms,0.2215,
frame_ms,0.2131,
frame_ms,0.2486,
tick_us,744.8,218
frame_ms,1.7337,
frame_ms,0.2384,
frame_ms,0.2112,
frame_ms,0.2839,
frame_ms,0.2415,
frame_ms,0.2198,
frame_ms,0.2591,
frame_ms,0.2358,
frame_ms,0.2137,
frame_ms,0.2653,
frame_ms,0.232,
frame_ms,0.2174,
frame_ms,0.4203,
frame_ms,0.382,
frame_ms,0.351,
frame_ms,0.3393,
frame_ms,0.2612,
frame_ms,0.2179,
frame_ms,0.2253,
frame_ms,0.2182,
frame_ms,0.2128,
tick_us,855.8,220
frame_ms,1.8487,
frame_ms,0.2569,
frame_ms,0.22,
frame_ms,0.2164,
frame_ms,0.2132,
frame_ms,0.263,
frame_ms,0.237,
frame_ms,0.2208,
frame_ms,0.2166,
frame_ms,0.2416,
frame_ms,0.2366,
frame_ms,0.2157,
frame_ms,0.248,
frame_ms,0.2835,
frame_ms,0.2244,
frame_ms,0.2145,
frame_ms,0.2124,
frame_ms,0.2473,
frame_ms,0.2283,
frame_ms,0.2196,
frame_ms,0.2397,
frame_ms,0.2249,
frame_ms,0.2115,
tick_us,736.2,218
frame_ms,1.734,
frame_ms,0.2456,
frame_ms,1.5205,
frame_ms,0.2617,
frame_ms,0.2218,
frame_ms,0.2099,
frame_ms,0.2459,
frame_ms,0.224,
frame_ms,0.215,
frame_ms,0.2117,
frame_ms,0.2371,
frame_ms,0.2299,
frame_ms,0.2227,
frame_ms,0.2091,
frame_ms,0.2549,
frame_ms,0.2521,
frame_ms,0.2093,
frame_ms,0.2078,
tick_us,721.3,220
frame_ms,1.7384,
frame_ms,0.2573,
frame_ms,0.2156,
frame_ms,0.2309,
frame_ms,0.2176,
frame_ms,0.2745,
frame_ms,0.2942,
frame_ms,0.2485,
frame_ms,0.2356,
frame_ms,0.2341,
frame_ms,0.2363,
frame_ms,0.2265,
frame_ms,0.2451,
frame_ms,0.2643,
frame_ms,0.2245,
frame_ms,0.217,
frame_ms,0.2415,
frame_ms,0.2235,
frame_ms,0.216,
frame_ms,0.2994,
frame_ms,0.235,
frame_ms,0.2159,
frame_ms,0.2177,
tick_us,725.7,232
frame_ms,1.7479,
frame_ms,0.2473,
frame_ms,0.2173,
frame_ms,0.2132,
frame_ms,0.2429,
frame_ms,0.2262,
frame_ms,0.2116,
frame_ms,0.2324,
frame_ms,0.2196,
frame_ms,0.2682,
frame_ms,0.2262,
frame_ms,0.2151,
frame_ms,0.2104,
frame_ms,0.2403,
frame_ms,0.2238,
frame_ms,0.2101,
frame_ms,0.2464,
frame_ms,0.225,
frame_ms,0.2149,
frame_ms,0.2115,
frame_ms,0.2457,
frame_ms,0.2265,
frame_ms,0.2147,
frame_ms,0.2078,
tick_us,720.4,214
frame_ms,1.7091,
frame_ms,0.233,
frame_ms,0.2236,
frame_ms,0.7308,
frame_ms,0.2669,
frame_ms,0.2224,
frame_ms,0.2127,
frame_ms,0.2111,
frame_ms,0.2443,
frame_ms,0.223,
frame_ms,0.2163,
frame_ms,0.2272,
frame_ms,0.2171,
frame_ms,0.2646,
frame_ms,0.2296,
frame_ms,0.2153,
frame_ms,0.2314,
frame_ms,0.246,
frame_ms,0.2197,
frame_ms,0.2085,
frame_ms,0.2472,
tick_us,749.9,206
frame_ms,1.7213,
frame_ms,0.2454,
frame_ms,0.212,
frame_ms,0.2559,
frame_ms,0.265,
frame_ms,0.2341,
frame_ms,0.223,
frame_ms,0.2183,
frame_ms,0.2498,
frame_ms,0.2596,
frame_ms,0.2268,
frame_ms,0.2148,
frame_ms,0.2085,
frame_ms,0.2573,
frame_ms,0.228,
frame_ms,0.2137,
frame_ms,0.2279,
frame_ms,0.2415,
frame_ms,0.2146,
frame_ms,0.2114,
frame_ms,0.24,
frame_ms,0.2172,
frame_ms,0.2089,
frame_ms,0.284,
tick_us,743.3,208
frame_ms,1.737,
frame_ms,0.2385,
frame_ms,0.2136,
frame_ms,0.2653,
frame_ms,0.2267,
frame_ms,0.2161,
frame_ms,0.2757,
frame_ms,0.2751,
frame_ms,0.2309,
frame_ms,0.2246,
frame_ms,0.2226,
frame_ms,0.2136,
frame_ms,0.3118,
frame_ms,0.2778,
frame_ms,0.3129,
frame_ms,0.2559,
frame_ms,0.2239,
frame_ms,0.2206,
frame_ms,0.2166,
frame_ms,0.2297,
frame_ms,0.2896,
frame_ms,0.2693,
tick_us,793.3,214
frame_ms,1.8144,
frame_ms,0.2476,
frame_ms,0.232,
frame_ms,0.2501,
frame_ms,0.2249,
frame_ms,0.2141,
frame_ms,0.2353,
frame_ms,0.2286,
frame_ms,0.2195,
frame_ms,0.211,
frame_ms,0.2586,
frame_ms,0.2733,
frame_ms,0.2346,
frame_ms,0.2215,
frame_ms,0.2195,
frame_ms,0.2119,
frame_ms,0.2657,
frame_ms,0.231,
frame_ms,0.2135,
frame_ms,0.2315,
frame_ms,0.2439,
frame_ms,0.2282,
frame_ms,0.2211,
tick_us,761.6,212
frame_ms,1.7617,
frame_ms,0.2374,
frame_ms,0.215,
frame_ms,0.2778,
frame_ms,0.2807,
frame_ms,0.238,
frame_ms,0.2185,
frame_ms,0.2138,
frame_ms,0.2399,
frame_ms,0.2267,
frame_ms,0.7436,
frame_ms,0.4445,
frame_ms,0.3586,
frame_ms,0.242,
frame_ms,0.2215,
frame_ms,0.2338,
frame_ms,0.2309,
frame_ms,0.2283,
frame_ms,0.2438,
tick_us,799.5,216
frame_ms,1.798,
frame_ms,0.2645,
frame_ms,0.2353,
frame_ms,0.2374,
frame_ms,0.2273,
frame_ms,0.2162,
frame_ms,0.2352,
frame_ms,0.2224,
frame_ms,0.2151,
frame_ms,0.2577,
frame_ms,0.2242,
frame_ms,0.2206,
frame_ms,0.2576,
frame_ms,0.2511,
frame_ms,0.2274,
frame_ms,0.2204,
frame_ms,0.2805,
frame_ms,0.2292,
frame_ms,0.222,
frame_ms,0.2378,
frame_ms,0.2206,
frame_ms,0.2168,
frame_ms,0.2516,
tick_us,783.3,214
frame_ms,1.7834,
frame_ms,0.2799,
frame_ms,0.2334,
frame_ms,0.2243,
frame_ms,0.2439,
frame_ms,0.2373,
frame_ms,0.2232,
frame_ms,0.2167,
frame_ms,0.3424,
frame_ms,0.3339,
frame_ms,0.2629,
frame_ms,0.2368,
frame_ms,0.2379,
frame_ms,0.2386,
frame_ms,0.2419,
frame_ms,0.3587,
frame_ms,0.2755,
frame_ms,0.2342,
frame_ms,0.2808,
frame_ms,0.2562,
frame_ms,0.2319,
tick_us,878.1,218
frame_ms,1.9899,
frame_ms,0.3482,
frame_ms,0.2649,
frame_ms,0.2691,
frame_ms,0.2329,
frame_ms,0.2557,
frame_ms,0.2269,
frame_ms,0.2335,
frame_ms,0.2174,
frame_ms,0.2425,
frame_ms,0.2298,
frame_ms,0.2561,
frame_ms,0.2177,
frame_ms,0.2127,
frame_ms,0.2473,
frame_ms,0.2226,
frame_ms,0.2193,
frame_ms,0.5942,
frame_ms,0.3623,
tick_us,804.2,218
frame_ms,1.8938,
frame_ms,0.4596,
frame_ms,0.264,
frame_ms,0.3429,
frame_ms,0.2439,
frame_ms,0.2282,
frame_ms,0.2363,
frame_ms,0.2294,
frame_ms,0.2356,
frame_ms,0.364,
frame_ms,0.5849,
frame_ms,0.3818,
frame_ms,0.312,
frame_ms,0.26,
frame_ms,0.3311,
frame_ms,0.2711,
frame_ms,0.2467,
frame_ms,0.2485,
tick_us,863.2,214
frame_ms,1.9849,
frame_ms,0.4106,
frame_ms,0.3039,
frame_ms,0.2487,
frame_ms,0.2495,
frame_ms,0.3232,
frame_ms,0.2359,
frame_ms,0.2409,
frame_ms,0.2373,
frame_ms,0.2374,
frame_ms,0.2524,
frame_ms,0.2264,
frame_ms,0.2461,
frame_ms,0.2344,
frame_ms,0.2337,
frame_ms,0.221,
frame_ms,0.2625,
frame_ms,0.3117,
frame_ms,0.3355,
tick_us,843.5,226
frame_ms,1.9249,
frame_ms,0.3254,
frame_ms,0.2359,
frame_ms,0.2269,
frame_ms,0.611,
frame_ms,0.2556,
frame_ms,0.2297,
frame_ms,0.2323,
frame_ms,0.2284,
frame_ms,0.2697,
frame_ms,0.2188,
frame_ms,0.2304,
frame_ms,0.2184,
frame_ms,0.2589,
frame_ms,0.2962,
frame_ms,0.629,
frame_ms,0.2739,
frame_ms,0.2306,
tick_us,785.7,218
frame_ms,1.8163,
frame_ms,0.303,
frame_ms,0.2381,
frame_ms,0.2295,
frame_ms,0.2771,
frame_ms,0.9718,
frame_ms,0.4113,
frame_ms,2.2191,
frame_ms,0.5911,
tick_us,925.3,222
frame_ms,2.1316,
frame_ms,0.4196,
frame_ms,0.3795,
frame_ms,0.3437,
frame_ms,0.259,
frame_ms,0.2581,
frame_ms,0.3201,
frame_ms,0.3747,
frame_ms,0.3075,
frame_ms,0.3226,
frame_ms,0.302,
frame_ms,0.5055,
frame_ms,0.3085,
frame_ms,0.2787,
frame_ms,0.3674,
tick_us,906.2,216
frame_ms,2.0896,
frame_ms,0.4339,
frame_ms,0.3029,
frame_ms,0.2967,
frame_ms,0.2706,
frame_ms,0.2651,
frame_ms,0.2542,
frame_ms,0.2489,
frame_ms,0.7659,
frame_ms,0.6466,
frame_ms,0.3217,
frame_ms,0.5093,
frame_ms,0.3909,
tick_us,1141.6,212
frame_ms,2.5221,
frame_ms,0.4816,
frame_ms,0.3199,
frame_ms,0.2341,
frame_ms,0.2361,
frame_ms,0.2353,
frame_ms,0.2289,
frame_ms,0.2305,
frame_ms,0.2623,
frame_ms,0.2357,
frame_ms,0.4672,
frame_ms,0.3016,
frame_ms,0.2693,
frame_ms,0.227,
frame_ms,0.2398,
frame_ms,0.3036,
frame_ms,0.2294,
tick_us,874.4,208
frame_ms,1.9297,
frame_ms,0.3024,
frame_ms,0.2509,
frame_ms,0.2303,
frame_ms,0.2686,
frame_ms,0.2593,
frame_ms,0.2576,
frame_ms,0.2983,
frame_ms,0.2328,
frame_ms,0.2281,
frame_ms,0.2481,
frame_ms,0.2329,
frame_ms,0.2146,
frame_ms,0.294,
frame_ms,0.2954,
frame_ms,0.245,
frame_ms,0.9505,
tick_us,859.4,204
frame_ms,2.2078,
frame_ms,0.3405,
frame_ms,0.2556,
frame_ms,0.2935,
frame_ms,0.2886,
frame_ms,0.2728,
frame_ms,0.2578,
frame_ms,0.242,
frame_ms,0.2617,
frame_ms,0.2443,
frame_ms,0.2544,
frame_ms,0.2455,
frame_ms,0.2428,
frame_ms,0.2364,
frame_ms,0.2327,
frame_ms,0.2416,
frame_ms,0.2592,
frame_ms,0.2283,
frame_ms,0.2827,
frame_ms,0.2791,
tick_us,893.7,210
frame_ms,1.9324,
frame_ms,0.4313,
frame_ms,0.3467,
frame_ms,0.3574,
frame_ms,0.3271,
frame_ms,0.6276,
frame_ms,0.2649,
frame_ms,0.2565,
frame_ms,0.2546,
frame_ms,0.2473,
frame_ms,0.2593,
frame_ms,0.27,
frame_ms,0.2614,
frame_ms,0.2434,
frame_ms,0.2331,
frame_ms,0.2444,
frame_ms,0.2344,
frame_ms,0.3819,
tick_us,1034.7,216
frame_ms,2.7277,
frame_ms,0.5139,
frame_ms,0.4492,
frame_ms,0.3487,
frame_ms,0.2848,
frame_ms,0.2802,
frame_ms,0.2388,
frame_ms,0.2456,
frame_ms,0.2505,
frame_ms,0.2544,
frame_ms,0.2689,
frame_ms,0.2607,
frame_ms,0.2725,
frame_ms,0.3857,
tick_us,830.9,226
frame_ms,2.1261,
frame_ms,0.4428,
frame_ms,0.3844,
frame_ms,0.3101,
frame_ms,0.2556,
frame_ms,0.2454,
frame_ms,0.254,
frame_ms,0.2404,
frame_ms,0.2502,
frame_ms,0.2481,
frame_ms,0.3095,
frame_ms,0.2289,
frame_ms,0.2367,
frame_ms,0.2172,
frame_ms,0.2192,
frame_ms,0.2901,
frame_ms,0.3129,
frame_ms,0.2679,
frame_ms,0.2539,
tick_us,857.4,224
frame_ms,1.9431,
frame_ms,0.5545,
frame_ms,0.3465,
frame_ms,0.263,
frame_ms,0.2454,
frame_ms,0.2422,
frame_ms,0.2438,
frame_ms,0.2365,
frame_ms,0.2559,
frame_ms,0.2354,
frame_ms,0.2441,
frame_ms,0.2393,
frame_ms,0.2555,
frame_ms,0.2269,
frame_ms,0.2278,
frame_ms,0.2459,
frame_ms,0.2912,
frame_ms,0.2416,
frame_ms,0.2211,
tick_us,878.2,224
frame_ms,1.9956,
frame_ms,0.3249,
frame_ms,0.348,
frame_ms,0.3362,
frame_ms,0.2636,
frame_ms,0.2408,
frame_ms,0.2443,
frame_ms,0.2428,
frame_ms,0.2412,
frame_ms,0.3568,
frame_ms,0.3426,
frame_ms,0.346,
frame_ms,0.4489,
frame_ms,0.3162,
frame_ms,0.3758,
frame_ms,0.5494,
tick_us,912,216
frame_ms,2.3204,
frame_ms,0.8395,
frame_ms,0.8237,
frame_ms,0.7156,
frame_ms,0.408,
frame_ms,0.2946,
frame_ms,0.5145,
frame_ms,0.348,
frame_ms,0.542,
tick_us,990.3,214
frame_ms,3.048,
frame_ms,0.9396,
frame_ms,0.5014,
frame_ms,0.334,
frame_ms,0.404,
frame_ms,0.5177,
frame_ms,0.3641,
frame_ms,0.3743,
frame_ms,0.5206,
tick_us,1015.3,210
frame_ms,2.6992,
frame_ms,0.6372,
frame_ms,0.4967,
frame_ms,0.3102,
frame_ms,0.391,
frame_ms,0.4772,
frame_ms,0.3971,
frame_ms,0.6005,
frame_ms,0.4667,
frame_ms,0.3781,
frame_ms,0.297,
tick_us,979.2,216
frame_ms,2.2691,
frame_ms,0.4735,
frame_ms,0.3652,
frame_ms,0.2954,
frame_ms,0.2514,
frame_ms,0.2572,
frame_ms,0.2567,
frame_ms,0.2674,
frame_ms,0.2602,
frame_ms,0.4579,
frame_ms,0.4169,
frame_ms,0.3227,
frame_ms,0.4055,
frame_ms,0.3906,
tick_us,937.2,212
frame_ms,2.1901,
frame_ms,0.53,
frame_ms,0.5378,
frame_ms,0.3915,
frame_ms,0.3819,
frame_ms,0.3475,
frame_ms,0.5147,
frame_ms,0.609,
frame_ms,0.8978,
frame_ms,0.4172,
tick_us,1303.5,210
frame_ms,3.025,
frame_ms,0.9704,
frame_ms,0.5669,
frame_ms,0.5019,
frame_ms,0.3934,
frame_ms,0.546,
frame_ms,0.5486,
frame_ms,0.4629,
tick_us,1611.7,220
frame_ms,3.2609,
frame_ms,0.8449,
frame_ms,0.5896,
frame_ms,0.7573,
frame_ms,0.4972,
frame_ms,0.542,
frame_ms,0.4336,
tick_us,1039.9,228
frame_ms,2.7503,
frame_ms,0.5977,
frame_ms,0.3454,
frame_ms,0.4876,
frame_ms,0.7971,
frame_ms,0.6184,
frame_ms,0.4627,
tick_us,1277.8,226
frame_ms,5.6474,
frame_ms,0.9902,
frame_ms,0.5852,
frame_ms,0.801,
tick_us,1241.9,222
frame_ms,2.5725,
frame_ms,0.8388,
frame_ms,0.8692,
frame_ms,0.3236,
frame_ms,0.32,
frame_ms,0.2745,
frame_ms,0.2599,
frame_ms,0.2657,
frame_ms,0.2698,
frame_ms,0.2677,
frame_ms,0.2654,
frame_ms,0.2487,
frame_ms,0.2606,
tick_us,880.6,220
frame_ms,2.0367,
frame_ms,0.3386,
frame_ms,0.2953,
frame_ms,0.2865,
frame_ms,0.2506,
frame_ms,0.2369,
frame_ms,0.2343,
frame_ms,0.2399,
frame_ms,0.2272,
frame_ms,0.239,
frame_ms,0.3133,
frame_ms,0.4107,
frame_ms,0.3116,
frame_ms,0.3001,
frame_ms,0.3132,
frame_ms,0.3975,
frame_ms,0.4746,
tick_us,1001.9,220
frame_ms,2.5936,
frame_ms,0.843,
frame_ms,0.537,
frame_ms,0.3659,
frame_ms,0.6787,
frame_ms,0.4146,
frame_ms,0.3393,
frame_ms,0.3557,
frame_ms,0.2909,
frame_ms,0.273,
frame_ms,0.2659,
tick_us,1006.6,218
frame_ms,2.3353,
frame_ms,0.5192,
frame_ms,0.392,
frame_ms,0.2898,
frame_ms,0.2807,
frame_ms,0.5513,
frame_ms,0.332,
frame_ms,0.2732,
frame_ms,0.2549,
frame_ms,0.2558,
frame_ms,0.261,
frame_ms,0.2662,
frame_ms,0.2602,
frame_ms,0.257,
frame_ms,0.2619,
tick_us,1051.9,218
