# mode=collision,n=250,struct=grid,cell=64,depth=5,node=4,seed=44,warmup_s=2,measure_s=5,config=3D,ticks=1008,frames=24385,measured_ticks=720,startup_ms=696.312,glfw_first_draw_ms=627.266,renderer=NVIDIA GeForce RTX 5060 Laptop GPU/PCIe/SSE2,gl=3.3.0 NVIDIA 592.01
kind,value,extra
startup_ms,696.312,process_to_first_frame
glfw_ms,627.266,glfw_init_to_first_frame
mem_ws_bytes,1.10965e+08,baseline
mem_private_bytes,1.8065e+08,baseline
mem_peak_ws_bytes,1.10965e+08,baseline
mem_ws_bytes,1.11145e+08,after_spawn
mem_private_bytes,1.80797e+08,after_spawn
mem_peak_ws_bytes,1.11145e+08,after_spawn
frame_ms,0.8522,
frame_ms,0.3978,
frame_ms,0.4133,
frame_ms,0.3392,
frame_ms,0.3966,
frame_ms,0.3738,
frame_ms,0.3107,
frame_ms,0.2846,
frame_ms,0.2845,
frame_ms,0.6224,
frame_ms,0.4825,
frame_ms,0.3815,
frame_ms,0.3672,
frame_ms,0.4713,
tick_us,209,6
frame_ms,0.8207,
frame_ms,0.3746,
frame_ms,0.4309,
frame_ms,0.3345,
frame_ms,0.3424,
frame_ms,0.3205,
frame_ms,0.2593,
frame_ms,0.2315,
frame_ms,0.2286,
frame_ms,0.5449,
frame_ms,0.3872,
frame_ms,0.2991,
frame_ms,0.2574,
frame_ms,0.2278,
frame_ms,0.226,
frame_ms,0.2236,
frame_ms,0.2257,
frame_ms,0.2253,
frame_ms,0.2838,
frame_ms,0.2424,
frame_ms,0.2903,
frame_ms,0.2375,
tick_us,153.5,6
frame_ms,0.5564,
frame_ms,0.2478,
frame_ms,0.22,
frame_ms,0.2182,
frame_ms,0.2169,
frame_ms,0.4001,
frame_ms,0.258,
frame_ms,0.2483,
frame_ms,0.2313,
frame_ms,0.2305,
frame_ms,0.2181,
frame_ms,0.2198,
frame_ms,0.2672,
frame_ms,0.2336,
frame_ms,0.2155,
frame_ms,0.2393,
frame_ms,0.2165,
frame_ms,0.2093,
frame_ms,0.2376,
frame_ms,0.239,
frame_ms,0.2136,
frame_ms,0.2705,
frame_ms,0.2365,
frame_ms,0.22,
frame_ms,0.2093,
frame_ms,0.246,
frame_ms,0.2519,
tick_us,157.6,4
frame_ms,0.7122,
frame_ms,0.3291,
frame_ms,0.2604,
frame_ms,0.237,
frame_ms,0.2421,
frame_ms,0.2403,
frame_ms,0.2602,
frame_ms,0.2444,
frame_ms,0.2372,
frame_ms,0.2388,
frame_ms,0.2388,
frame_ms,0.2347,
frame_ms,0.2338,
frame_ms,0.25,
frame_ms,0.2763,
frame_ms,0.2945,
frame_ms,0.2388,
frame_ms,0.2311,
frame_ms,0.3266,
frame_ms,1.5751,
tick_us,154.7,4
frame_ms,0.6832,
frame_ms,0.3165,
frame_ms,0.31,
frame_ms,0.2877,
frame_ms,0.4442,
frame_ms,0.2945,
frame_ms,0.4572,
frame_ms,0.2874,
frame_ms,0.5773,
frame_ms,0.2584,
frame_ms,0.5131,
frame_ms,0.3882,
frame_ms,0.3235,
frame_ms,0.4991,
frame_ms,0.3089,
frame_ms,0.5457,
frame_ms,0.2679,
tick_us,148.7,4
frame_ms,0.8572,
frame_ms,0.283,
frame_ms,0.8735,
frame_ms,0.9609,
frame_ms,0.2699,
frame_ms,0.6428,
frame_ms,0.5153,
frame_ms,0.8181,
frame_ms,0.2791,
frame_ms,0.4299,
frame_ms,0.2884,
frame_ms,0.4298,
frame_ms,0.4629,
tick_us,248.9,4
frame_ms,0.9125,
frame_ms,0.3646,
frame_ms,0.4281,
frame_ms,0.3175,
frame_ms,0.267,
frame_ms,0.2296,
frame_ms,0.2278,
frame_ms,0.2361,
frame_ms,0.2375,
frame_ms,0.2297,
frame_ms,0.2469,
frame_ms,0.2282,
frame_ms,0.2234,
frame_ms,0.2238,
frame_ms,0.2582,
frame_ms,0.3285,
frame_ms,0.2423,
frame_ms,0.2243,
frame_ms,0.2254,
frame_ms,0.2134,
frame_ms,0.2201,
frame_ms,0.2173,
frame_ms,0.2915,
frame_ms,0.2827,
frame_ms,0.2524,
tick_us,151.7,4
frame_ms,0.5615,
frame_ms,0.2742,
frame_ms,0.2542,
frame_ms,0.2305,
frame_ms,0.2236,
frame_ms,0.2206,
frame_ms,0.2224,
frame_ms,0.2541,
frame_ms,0.2725,
frame_ms,0.2325,
frame_ms,0.2266,
frame_ms,0.2183,
frame_ms,0.2141,
frame_ms,0.2413,
frame_ms,0.2225,
frame_ms,0.2227,
frame_ms,0.239,
frame_ms,0.22,
frame_ms,0.2447,
frame_ms,0.4855,
frame_ms,0.7186,
frame_ms,0.3597,
frame_ms,0.361,
tick_us,181.4,4
frame_ms,0.7126,
frame_ms,0.3589,
frame_ms,0.3595,
frame_ms,0.4033,
frame_ms,0.3508,
frame_ms,0.5026,
frame_ms,0.3335,
frame_ms,0.2544,
frame_ms,0.2363,
frame_ms,0.2411,
frame_ms,0.2365,
frame_ms,0.2964,
frame_ms,0.3212,
frame_ms,0.2588,
frame_ms,0.2255,
frame_ms,0.2264,
frame_ms,0.227,
frame_ms,0.2318,
frame_ms,0.226,
frame_ms,0.2766,
frame_ms,0.2922,
frame_ms,0.2553,
frame_ms,0.2621,
tick_us,141.1,4
frame_ms,0.5407,
frame_ms,0.2504,
frame_ms,0.3671,
frame_ms,0.3652,
frame_ms,0.3475,
frame_ms,0.3407,
frame_ms,0.3681,
frame_ms,0.4047,
frame_ms,0.3528,
frame_ms,0.3743,
frame_ms,0.4065,
frame_ms,0.3392,
frame_ms,0.467,
frame_ms,0.3277,
frame_ms,0.3447,
frame_ms,0.3468,
frame_ms,0.3624,
frame_ms,0.4187,
tick_us,149.1,6
frame_ms,0.7653,
frame_ms,0.3101,
frame_ms,0.2651,
frame_ms,0.2259,
frame_ms,0.2629,
frame_ms,0.4223,
frame_ms,0.3728,
frame_ms,0.3449,
frame_ms,0.3366,
frame_ms,0.3654,
frame_ms,0.3472,
frame_ms,0.638,
frame_ms,0.2696,
frame_ms,0.6144,
frame_ms,0.4048,
frame_ms,0.277,
frame_ms,0.2342,
frame_ms,0.2321,
frame_ms,0.2314,
frame_ms,0.2979,
tick_us,145,6
frame_ms,0.5785,
frame_ms,0.2443,
frame_ms,0.2181,
frame_ms,0.4585,
frame_ms,0.2856,
frame_ms,0.2454,
frame_ms,0.2298,
frame_ms,0.2263,
frame_ms,0.2225,
frame_ms,0.2217,
frame_ms,0.2512,
frame_ms,0.2429,
frame_ms,0.2233,
frame_ms,0.2762,
frame_ms,0.2733,
frame_ms,0.2461,
frame_ms,0.2383,
frame_ms,0.281,
frame_ms,0.257,
frame_ms,0.2733,
frame_ms,0.2694,
frame_ms,0.2613,
frame_ms,0.2802,
frame_ms,0.238,
frame_ms,0.2424,
tick_us,153.8,6
frame_ms,0.5773,
frame_ms,0.3106,
frame_ms,0.3418,
frame_ms,0.3405,
frame_ms,0.269,
frame_ms,0.224,
frame_ms,0.2268,
frame_ms,0.2191,
frame_ms,0.2201,
frame_ms,0.2469,
frame_ms,0.2786,
frame_ms,0.243,
frame_ms,0.2393,
frame_ms,0.2216,
frame_ms,0.2679,
frame_ms,0.293,
frame_ms,0.2434,
frame_ms,0.2366,
frame_ms,0.2372,
frame_ms,0.2319,
frame_ms,0.2285,
frame_ms,0.2211,
frame_ms,0.4505,
frame_ms,0.3212,
frame_ms,0.2814,
tick_us,145.3,4
frame_ms,0.5838,
frame_ms,0.2835,
frame_ms,0.3459,
frame_ms,0.295,
frame_ms,0.258,
frame_ms,0.222,
frame_ms,0.2245,
frame_ms,0.2264,
frame_ms,0.2278,
frame_ms,0.2337,
frame_ms,0.2754,
frame_ms,0.3053,
frame_ms,0.2644,
frame_ms,0.5249,
frame_ms,0.2705,
frame_ms,0.2657,
frame_ms,0.2418,
frame_ms,0.3006,
frame_ms,0.2225,
frame_ms,0.395,
frame_ms,0.4035,
frame_ms,0.2926,
frame_ms,0.2226,
frame_ms,0.2177,
tick_us,152.9,4
frame_ms,0.5536,
frame_ms,0.239,
frame_ms,0.2077,
frame_ms,0.2279,
frame_ms,0.2398,
frame_ms,0.2277,
frame_ms,0.2332,
frame_ms,0.2316,
frame_ms,0.2078,
frame_ms,0.2624,
frame_ms,0.2289,
frame_ms,0.2185,
frame_ms,0.2216,
frame_ms,0.248,
frame_ms,0.235,
frame_ms,0.2125,
frame_ms,0.2486,
frame_ms,0.2336,
frame_ms,0.2123,
frame_ms,0.2331,
frame_ms,0.3956,
frame_ms,0.4191,
frame_ms,0.3925,
frame_ms,0.2519,
frame_ms,0.2282,
frame_ms,0.2349,
tick_us,145.7,4
frame_ms,1.0507,
frame_ms,0.4462,
frame_ms,0.2641,
frame_ms,0.2326,
frame_ms,0.2359,
frame_ms,0.2357,
frame_ms,0.2375,
frame_ms,0.2402,
frame_ms,0.2584,
frame_ms,0.4655,
frame_ms,0.2585,
frame_ms,0.238,
frame_ms,0.4602,
frame_ms,0.3015,
frame_ms,0.2428,
frame_ms,0.2341,
frame_ms,0.2194,
frame_ms,0.2448,
frame_ms,0.2226,
frame_ms,0.2398,
frame_ms,0.2326,
frame_ms,0.2176,
frame_ms,0.2785,
tick_us,146.9,4
frame_ms,0.6089,
frame_ms,0.2535,
frame_ms,0.2341,
frame_ms,0.2247,
frame_ms,0.2408,
frame_ms,0.2238,
frame_ms,0.2157,
frame_ms,0.28,
frame_ms,0.2568,
frame_ms,0.232,
frame_ms,0.2472,
frame_ms,0.2256,
frame_ms,0.2984,
frame_ms,0.2726,
frame_ms,0.2306,
frame_ms,0.2827,
frame_ms,0.3461,
frame_ms,0.2601,
frame_ms,0.2262,
frame_ms,0.2302,
frame_ms,0.2251,
frame_ms,0.2197,
frame_ms,0.2213,
frame_ms,0.2808,
frame_ms,0.2907,
frame_ms,0.2513,
tick_us,153.6,4
frame_ms,0.6009,
frame_ms,0.2764,
frame_ms,0.2229,
frame_ms,0.2497,
frame_ms,0.511,
frame_ms,0.6384,
frame_ms,0.4534,
frame_ms,0.2974,
frame_ms,0.2645,
frame_ms,0.2252,
frame_ms,0.2226,
frame_ms,0.2321,
frame_ms,0.2367,
frame_ms,0.2178,
frame_ms,0.2138,
frame_ms,0.2433,
frame_ms,0.222,
frame_ms,0.2099,
frame_ms,0.2451,
frame_ms,0.2354,
frame_ms,0.244,
frame_ms,0.2138,
frame_ms,0.2459,
frame_ms,0.2313,
tick_us,182.9,4
frame_ms,0.6114,
frame_ms,0.4725,
frame_ms,0.409,
frame_ms,0.4438,
frame_ms,0.3794,
frame_ms,0.3814,
frame_ms,0.5607,
frame_ms,0.5541,
frame_ms,0.3297,
frame_ms,0.2646,
frame_ms,0.242,
frame_ms,0.5548,
frame_ms,0.4216,
frame_ms,0.3362,
frame_ms,0.3512,
frame_ms,0.4297,
tick_us,164.1,6
frame_ms,0.7636,
frame_ms,0.3963,
frame_ms,0.367,
frame_ms,0.353,
frame_ms,0.3802,
frame_ms,0.7166,
frame_ms,0.308,
frame_ms,2.2918,
frame_ms,0.6616,
frame_ms,0.6,
frame_ms,0.3136,
tick_us,180.4,6
frame_ms,0.6988,
frame_ms,0.2958,
frame_ms,0.2961,
frame_ms,0.2696,
frame_ms,0.2442,
frame_ms,0.2813,
frame_ms,0.2498,
frame_ms,0.2251,
frame_ms,0.2373,
frame_ms,0.2358,
frame_ms,0.284,
frame_ms,0.3149,
frame_ms,0.2971,
frame_ms,0.6615,
frame_ms,0.3354,
frame_ms,0.2992,
frame_ms,0.2852,
frame_ms,0.2493,
frame_ms,0.2474,
frame_ms,0.2386,
frame_ms,0.245,
frame_ms,0.2455,
tick_us,174.1,6
frame_ms,0.7365,
frame_ms,0.3439,
frame_ms,1.0601,
frame_ms,0.6375,
frame_ms,0.5749,
frame_ms,0.4774,
frame_ms,0.3245,
frame_ms,0.2376,
frame_ms,0.2349,
frame_ms,0.2735,
frame_ms,0.247,
frame_ms,0.2287,
frame_ms,0.306,
frame_ms,0.5509,
frame_ms,2.2186,
tick_us,160.5,6
frame_ms,1.1581,
frame_ms,0.6436,
frame_ms,0.6035,
frame_ms,0.7003,
frame_ms,1.384,
frame_ms,0.9216,
tick_us,188.4,6
frame_ms,1.1049,
frame_ms,1.0974,
frame_ms,0.6581,
frame_ms,0.6173,
frame_ms,0.6678,
frame_ms,0.6162,
frame_ms,0.571,
frame_ms,0.6083,
frame_ms,0.6763,
tick_us,155,6
frame_ms,1.3489,
frame_ms,0.546,
frame_ms,0.4363,
frame_ms,0.5826,
frame_ms,0.8,
frame_ms,0.5925,
frame_ms,0.447,
frame_ms,0.2981,
frame_ms,0.3504,
frame_ms,0.7868,
frame_ms,0.6319,
frame_ms,0.3156,
tick_us,150.6,6
frame_ms,1.5673,
frame_ms,0.8866,
frame_ms,0.4516,
frame_ms,0.3872,
frame_ms,0.357,
frame_ms,0.3423,
frame_ms,0.2601,
frame_ms,0.2293,
frame_ms,0.2375,
frame_ms,0.2448,
frame_ms,0.2736,
frame_ms,0.324,
frame_ms,0.2747,
frame_ms,0.2458,
frame_ms,0.2326,
frame_ms,0.2285,
frame_ms,0.2442,
frame_ms,0.2227,
tick_us,154.3,6
frame_ms,1.2169,
frame_ms,2.5184,
frame_ms,0.7666,
frame_ms,0.9891,
frame_ms,1.3633,
tick_us,155.7,6
frame_ms,1.4405,
frame_ms,0.4034,
frame_ms,0.4845,
frame_ms,0.7907,
frame_ms,0.7306,
frame_ms,0.3339,
frame_ms,0.2967,
frame_ms,0.3122,
frame_ms,0.3408,
frame_ms,0.2409,
frame_ms,0.2325,
frame_ms,0.2304,
frame_ms,0.2427,
frame_ms,0.3204,
frame_ms,0.2352,
frame_ms,0.2233,
frame_ms,0.2321,
frame_ms,0.2197,
tick_us,157.6,6
frame_ms,0.5844,
frame_ms,0.276,
frame_ms,0.2452,
frame_ms,0.2285,
frame_ms,0.2239,
frame_ms,0.2365,
frame_ms,0.2404,
frame_ms,0.2299,
frame_ms,0.5084,
frame_ms,0.8471,
frame_ms,0.2645,
frame_ms,0.2201,
frame_ms,0.2347,
frame_ms,0.237,
frame_ms,0.2573,
frame_ms,0.2369,
frame_ms,0.2387,
frame_ms,0.3099,
frame_ms,0.2381,
frame_ms,0.228,
frame_ms,0.2289,
frame_ms,0.3958,
frame_ms,0.2662,
tick_us,145.4,6
frame_ms,1.0132,
frame_ms,0.3899,
frame_ms,0.4479,
frame_ms,0.3971,
frame_ms,0.29,
frame_ms,0.3788,
frame_ms,0.3849,
frame_ms,0.2555,
frame_ms,0.2722,
frame_ms,0.4057,
frame_ms,0.3512,
frame_ms,0.3365,
frame_ms,0.3357,
frame_ms,0.402,
frame_ms,0.3531,
frame_ms,0.3415,
frame_ms,0.3009,
frame_ms,0.2449,
tick_us,144.7,4
frame_ms,0.5363,
frame_ms,0.2465,
frame_ms,0.2193,
frame_ms,0.2359,
frame_ms,0.3417,
frame_ms,0.3122,
frame_ms,0.2522,
frame_ms,0.2337,
frame_ms,0.2301,
frame_ms,0.2469,
frame_ms,0.2608,
frame_ms,0.261,
frame_ms,0.2924,
frame_ms,0.2252,
frame_ms,0.2262,
frame_ms,0.3535,
frame_ms,1.2512,
frame_ms,0.3978,
frame_ms,0.2489,
frame_ms,0.4113,
tick_us,145.9,4
frame_ms,0.742,
frame_ms,0.4058,
frame_ms,0.2595,
frame_ms,0.2266,
frame_ms,0.2473,
frame_ms,0.232,
frame_ms,0.2261,
frame_ms,0.2259,
frame_ms,0.2314,
frame_ms,0.2733,
frame_ms,0.2482,
frame_ms,0.219,
frame_ms,0.2211,
frame_ms,0.2588,
frame_ms,0.2319,
frame_ms,0.2479,
frame_ms,0.3054,
frame_ms,0.2878,
frame_ms,0.277,
frame_ms,0.2808,
frame_ms,0.2321,
frame_ms,0.224,
frame_ms,0.2225,
frame_ms,0.2117,
frame_ms,0.2452,
frame_ms,0.2576,
tick_us,139.4,4
frame_ms,0.5236,
frame_ms,0.2454,
frame_ms,0.214,
frame_ms,0.214,
frame_ms,0.2083,
frame_ms,0.2249,
frame_ms,0.2395,
frame_ms,0.231,
frame_ms,0.2423,
frame_ms,0.2379,
frame_ms,0.2719,
frame_ms,0.3086,
frame_ms,0.2429,
frame_ms,0.2179,
frame_ms,0.235,
frame_ms,0.2595,
frame_ms,0.2637,
frame_ms,0.2312,
frame_ms,0.2195,
frame_ms,0.2074,
frame_ms,0.2205,
frame_ms,0.2611,
frame_ms,0.2597,
frame_ms,0.2286,
frame_ms,0.4574,
frame_ms,0.3643,
frame_ms,0.2567,
tick_us,143.5,4
frame_ms,0.5268,
frame_ms,0.2311,
frame_ms,0.2127,
frame_ms,0.216,
frame_ms,0.2072,
frame_ms,0.2154,
frame_ms,0.2475,
frame_ms,0.2229,
frame_ms,0.2059,
frame_ms,0.2487,
frame_ms,0.2368,
frame_ms,0.2143,
frame_ms,0.242,
frame_ms,0.2318,
frame_ms,0.2235,
frame_ms,0.2167,
frame_ms,0.244,
frame_ms,0.2665,
frame_ms,0.2927,
frame_ms,0.2263,
frame_ms,0.2272,
frame_ms,0.2111,
frame_ms,0.226,
frame_ms,0.2439,
frame_ms,0.2287,
frame_ms,0.2118,
frame_ms,0.2542,
frame_ms,0.2202,
frame_ms,0.2505,
tick_us,141.5,4
frame_ms,0.5334,
frame_ms,0.2284,
frame_ms,0.2044,
frame_ms,0.2186,
frame_ms,0.2069,
frame_ms,0.2454,
frame_ms,0.2177,
frame_ms,0.2051,
frame_ms,0.2467,
frame_ms,0.2234,
frame_ms,0.2287,
frame_ms,0.2544,
frame_ms,0.2256,
frame_ms,0.2124,
frame_ms,0.2492,
frame_ms,0.2174,
frame_ms,0.2308,
frame_ms,0.2242,
frame_ms,0.2093,
frame_ms,0.2788,
frame_ms,0.3963,
frame_ms,0.2423,
frame_ms,0.2187,
frame_ms,0.2348,
frame_ms,0.2198,
frame_ms,0.2027,
frame_ms,0.2558,
frame_ms,0.2363,
tick_us,150.5,2
frame_ms,0.5276,
frame_ms,0.231,
frame_ms,0.202,
frame_ms,0.2441,
frame_ms,0.2069,
frame_ms,1.1372,
frame_ms,0.2785,
frame_ms,0.2859,
frame_ms,0.2225,
frame_ms,0.2206,
frame_ms,0.2095,
frame_ms,0.2372,
frame_ms,0.2242,
frame_ms,0.208,
frame_ms,0.2419,
frame_ms,0.2221,
frame_ms,0.2119,
frame_ms,0.2312,
frame_ms,0.2802,
frame_ms,0.2102,
frame_ms,0.2117,
frame_ms,0.2125,
frame_ms,0.2309,
frame_ms,0.218,
frame_ms,0.2107,
tick_us,139.1,2
frame_ms,0.5509,
frame_ms,0.2369,
frame_ms,0.2058,
frame_ms,0.2186,
frame_ms,0.2075,
frame_ms,0.2025,
frame_ms,0.2702,
frame_ms,0.2355,
frame_ms,0.2081,
frame_ms,0.2504,
frame_ms,0.2635,
frame_ms,0.2681,
frame_ms,0.2274,
frame_ms,0.2141,
frame_ms,0.2708,
frame_ms,0.2765,
frame_ms,0.2604,
frame_ms,0.2167,
frame_ms,0.225,
frame_ms,0.2051,
frame_ms,0.2625,
frame_ms,0.2739,
frame_ms,0.2364,
frame_ms,0.2249,
frame_ms,0.2175,
frame_ms,0.2131,
frame_ms,0.2604,
frame_ms,0.2209,
tick_us,147.6,2
frame_ms,0.5514,
frame_ms,0.2487,
frame_ms,0.2232,
frame_ms,0.2128,
frame_ms,0.2025,
frame_ms,0.2535,
frame_ms,0.2215,
frame_ms,0.2059,
frame_ms,0.2588,
frame_ms,0.2629,
frame_ms,0.2245,
frame_ms,0.2069,
frame_ms,0.476,
frame_ms,0.2942,
frame_ms,0.2243,
frame_ms,0.2123,
frame_ms,0.2101,
frame_ms,0.2084,
frame_ms,0.2477,
frame_ms,0.2292,
frame_ms,0.2238,
frame_ms,0.2352,
frame_ms,0.236,
frame_ms,0.2142,
frame_ms,0.2188,
frame_ms,0.2065,
frame_ms,0.2651,
frame_ms,0.2292,
tick_us,138.7,4
frame_ms,0.5061,
frame_ms,0.2251,
frame_ms,0.2029,
frame_ms,0.2135,
frame_ms,0.2087,
frame_ms,0.2395,
frame_ms,0.5342,
frame_ms,0.3656,
frame_ms,0.3498,
frame_ms,0.3405,
frame_ms,0.2655,
frame_ms,0.2173,
frame_ms,0.2101,
frame_ms,0.205,
frame_ms,0.2387,
frame_ms,0.2248,
frame_ms,0.2142,
frame_ms,0.3718,
frame_ms,0.4261,
frame_ms,0.3815,
frame_ms,0.4412,
frame_ms,0.3537,
tick_us,132.5,4
frame_ms,0.5632,
frame_ms,0.2509,
frame_ms,0.224,
frame_ms,0.217,
frame_ms,0.2099,
frame_ms,0.2104,
frame_ms,0.3759,
frame_ms,0.4151,
frame_ms,0.3468,
frame_ms,0.4216,
frame_ms,0.3502,
frame_ms,0.2818,
frame_ms,0.2188,
frame_ms,0.2081,
frame_ms,0.204,
frame_ms,0.2353,
frame_ms,0.2286,
frame_ms,0.2108,
frame_ms,0.4686,
frame_ms,0.2381,
frame_ms,0.2193,
frame_ms,0.2257,
frame_ms,0.2192,
frame_ms,0.2074,
frame_ms,0.2387,
tick_us,125.3,4
frame_ms,0.5323,
frame_ms,0.2373,
frame_ms,0.2168,
frame_ms,0.2195,
frame_ms,0.244,
frame_ms,0.3839,
frame_ms,0.2508,
frame_ms,0.2157,
frame_ms,0.2125,
frame_ms,0.2129,
frame_ms,0.2045,
frame_ms,0.272,
frame_ms,0.224,
frame_ms,0.2077,
frame_ms,0.2473,
frame_ms,0.2206,
frame_ms,0.2243,
frame_ms,0.3143,
frame_ms,0.2915,
frame_ms,0.2451,
frame_ms,0.2325,
frame_ms,0.3036,
frame_ms,0.3056,
frame_ms,0.2435,
frame_ms,0.213,
frame_ms,0.2089,
frame_ms,0.2307,
frame_ms,0.2133,
tick_us,136.6,4
frame_ms,0.4892,
frame_ms,0.2215,
frame_ms,0.2006,
frame_ms,0.2046,
frame_ms,0.2063,
frame_ms,0.2487,
frame_ms,0.221,
frame_ms,0.2207,
frame_ms,0.257,
frame_ms,0.2641,
frame_ms,0.234,
frame_ms,0.2229,
frame_ms,0.2174,
frame_ms,0.217,
frame_ms,0.2424,
frame_ms,0.2706,
frame_ms,0.2186,
frame_ms,0.2109,
frame_ms,0.2436,
frame_ms,0.2415,
frame_ms,0.2119,
frame_ms,0.2358,
frame_ms,0.2436,
frame_ms,0.2116,
frame_ms,0.2425,
frame_ms,0.2245,
frame_ms,0.3464,
tick_us,168.4,4
frame_ms,0.7811,
frame_ms,0.3319,
frame_ms,0.3447,
frame_ms,0.3417,
frame_ms,0.3338,
frame_ms,0.3299,
frame_ms,0.3373,
frame_ms,0.4204,
frame_ms,0.2785,
frame_ms,0.2191,
frame_ms,0.2178,
frame_ms,0.2376,
frame_ms,0.2248,
frame_ms,0.212,
frame_ms,0.2414,
frame_ms,0.2261,
frame_ms,0.2073,
frame_ms,0.2188,
frame_ms,0.2477,
frame_ms,0.2197,
frame_ms,0.2048,
frame_ms,0.2506,
frame_ms,0.224,
frame_ms,0.2081,
frame_ms,0.2446,
frame_ms,0.2236,
tick_us,140.4,4
frame_ms,0.5151,
frame_ms,0.2232,
frame_ms,0.2589,
frame_ms,0.2229,
frame_ms,0.2102,
frame_ms,0.2015,
frame_ms,0.2136,
frame_ms,0.2384,
frame_ms,0.2225,
frame_ms,0.2134,
frame_ms,0.2425,
frame_ms,0.2227,
frame_ms,0.2053,
frame_ms,0.2561,
frame_ms,0.2242,
frame_ms,0.2372,
frame_ms,0.2381,
frame_ms,0.2659,
frame_ms,0.2375,
frame_ms,0.226,
frame_ms,0.2255,
frame_ms,0.2816,
frame_ms,0.2659,
frame_ms,0.2275,
frame_ms,0.2246,
frame_ms,0.2391,
frame_ms,0.213,
frame_ms,0.2205,
tick_us,144.7,4
frame_ms,0.5907,
frame_ms,0.2352,
frame_ms,0.2125,
frame_ms,0.9268,
frame_ms,0.3565,
frame_ms,0.264,
frame_ms,0.2819,
frame_ms,0.2113,
frame_ms,0.2223,
frame_ms,0.2153,
frame_ms,0.2114,
frame_ms,0.2479,
frame_ms,0.5287,
frame_ms,0.2126,
frame_ms,0.1985,
frame_ms,0.204,
frame_ms,0.2446,
frame_ms,0.3351,
frame_ms,0.2473,
frame_ms,0.2305,
frame_ms,0.2314,
frame_ms,0.4125,
frame_ms,0.3145,
tick_us,127.4,4
frame_ms,0.5197,
frame_ms,0.2286,
frame_ms,0.2203,
frame_ms,0.2147,
frame_ms,0.2104,
frame_ms,0.2209,
frame_ms,0.2313,
frame_ms,0.2234,
frame_ms,0.2037,
frame_ms,0.2814,
frame_ms,0.2484,
frame_ms,0.2123,
frame_ms,0.205,
frame_ms,0.2476,
frame_ms,0.2188,
frame_ms,0.2118,
frame_ms,0.254,
frame_ms,0.2267,
frame_ms,0.2188,
frame_ms,0.2176,
frame_ms,0.2893,
frame_ms,0.2394,
frame_ms,0.2405,
frame_ms,0.2223,
frame_ms,0.2459,
frame_ms,0.2226,
frame_ms,0.2119,
frame_ms,0.2354,
tick_us,153.3,4
frame_ms,0.5594,
frame_ms,0.2315,
frame_ms,0.2099,
frame_ms,0.2137,
frame_ms,0.2068,
frame_ms,0.2083,
frame_ms,0.2541,
frame_ms,0.2674,
frame_ms,0.2266,
frame_ms,0.4527,
frame_ms,0.2421,
frame_ms,0.2289,
frame_ms,0.2195,
frame_ms,0.2147,
frame_ms,0.2149,
frame_ms,0.2404,
frame_ms,0.2242,
frame_ms,0.2152,
frame_ms,0.2411,
frame_ms,0.2249,
frame_ms,0.2101,
frame_ms,0.233,
frame_ms,0.2774,
frame_ms,0.2319,
frame_ms,0.2251,
frame_ms,0.212,
frame_ms,0.2109,
frame_ms,0.2407,
frame_ms,0.223,
tick_us,137.8,4
frame_ms,0.5392,
frame_ms,0.2433,
frame_ms,0.208,
frame_ms,0.2165,
frame_ms,0.2147,
frame_ms,0.2098,
frame_ms,0.4228,
frame_ms,0.2429,
frame_ms,0.2178,
frame_ms,0.2168,
frame_ms,0.208,
frame_ms,0.2074,
frame_ms,0.2658,
frame_ms,0.2488,
frame_ms,0.223,
frame_ms,0.2242,
frame_ms,0.2194,
frame_ms,0.207,
frame_ms,0.2532,
frame_ms,0.221,
frame_ms,0.2093,
frame_ms,0.2956,
frame_ms,0.2167,
frame_ms,0.2044,
frame_ms,0.261,
frame_ms,0.2369,
frame_ms,0.2037,
frame_ms,0.2506,
tick_us,141.9,4
frame_ms,0.5287,
frame_ms,0.2269,
frame_ms,0.2061,
frame_ms,0.209,
frame_ms,0.2029,
frame_ms,0.2167,
frame_ms,0.2445,
frame_ms,0.2267,
frame_ms,0.2796,
frame_ms,0.2114,
frame_ms,0.2615,
frame_ms,0.2934,
frame_ms,0.3105,
frame_ms,0.2259,
frame_ms,0.2191,
frame_ms,0.3196,
frame_ms,0.2616,
frame_ms,0.3027,
frame_ms,0.2352,
frame_ms,0.2134,
frame_ms,0.2223,
frame_ms,0.2101,
frame_ms,0.2349,
frame_ms,0.2475,
frame_ms,0.2165,
frame_ms,0.2235,
frame_ms,0.2135,
frame_ms,0.2121,
tick_us,136.9,4
frame_ms,0.5365,
frame_ms,0.2431,
frame_ms,0.2119,
frame_ms,0.208,
frame_ms,0.2041,
frame_ms,0.2085,
frame_ms,0.2724,
frame_ms,0.2342,
frame_ms,0.2126,
frame_ms,0.2287,
frame_ms,0.2107,
frame_ms,0.2041,
frame_ms,0.2465,
frame_ms,0.2248,
frame_ms,0.2055,
frame_ms,0.2519,
frame_ms,0.2357,
frame_ms,0.2207,
frame_ms,0.4682,
frame_ms,0.2284,
frame_ms,0.2153,
frame_ms,0.2114,
frame_ms,0.2004,
frame_ms,0.2163,
frame_ms,0.1989,
frame_ms,0.2027,
frame_ms,0.2443,
frame_ms,0.2175,
frame_ms,0.2052,
tick_us,136.4,4
frame_ms,0.5434,
frame_ms,0.2332,
frame_ms,0.2022,
frame_ms,0.2065,
frame_ms,0.2115,
frame_ms,0.2345,
frame_ms,0.2646,
frame_ms,0.228,
frame_ms,0.2615,
frame_ms,0.2422,
frame_ms,0.2056,
frame_ms,0.2639,
frame_ms,0.2201,
frame_ms,0.2004,
frame_ms,0.2388,
frame_ms,0.2319,
frame_ms,0.2065,
frame_ms,0.253,
frame_ms,0.2186,
frame_ms,0.2,
frame_ms,0.2559,
frame_ms,0.46,
frame_ms,0.7363,
frame_ms,0.3372,
frame_ms,0.2369,
tick_us,129.4,4
frame_ms,0.4883,
frame_ms,0.231,
frame_ms,0.2021,
frame_ms,0.205,
frame_ms,0.2121,
frame_ms,0.2028,
frame_ms,0.2475,
frame_ms,0.2183,
frame_ms,0.2055,
frame_ms,0.2465,
frame_ms,0.2216,
frame_ms,0.2103,
frame_ms,0.2445,
frame_ms,0.2704,
frame_ms,0.2181,
frame_ms,0.2057,
frame_ms,0.209,
frame_ms,0.2581,
frame_ms,0.2332,
frame_ms,0.2134,
frame_ms,0.2008,
frame_ms,0.2271,
frame_ms,0.2144,
frame_ms,0.2018,
frame_ms,0.2711,
frame_ms,0.2258,
frame_ms,0.2138,
frame_ms,0.2457,
frame_ms,0.2219,
tick_us,152.4,6
frame_ms,0.5801,
frame_ms,0.5151,
frame_ms,0.5135,
frame_ms,0.2697,
frame_ms,0.2126,
frame_ms,0.2118,
frame_ms,0.2028,
frame_ms,0.2353,
frame_ms,0.2219,
frame_ms,0.205,
frame_ms,0.2447,
frame_ms,0.2211,
frame_ms,0.1998,
frame_ms,0.2665,
frame_ms,0.2239,
frame_ms,0.3169,
frame_ms,0.2445,
frame_ms,0.2263,
frame_ms,0.2206,
frame_ms,0.8625,
frame_ms,0.2622,
frame_ms,0.211,
frame_ms,0.2877,
frame_ms,0.2308,
tick_us,140.2,6
frame_ms,0.5219,
frame_ms,0.23,
frame_ms,0.2066,
frame_ms,0.2104,
frame_ms,0.2094,
frame_ms,0.2317,
frame_ms,0.2706,
frame_ms,0.2506,
frame_ms,0.2172,
frame_ms,0.2234,
frame_ms,0.238,
frame_ms,0.2188,
frame_ms,0.203,
frame_ms,0.2515,
frame_ms,0.2231,
frame_ms,0.2087,
frame_ms,0.2449,
frame_ms,0.2269,
frame_ms,0.2069,
frame_ms,0.2557,
frame_ms,0.2184,
frame_ms,0.2034,
frame_ms,0.2229,
frame_ms,0.3159,
frame_ms,0.4468,
frame_ms,0.419,
tick_us,178.7,6
frame_ms,0.7008,
frame_ms,0.3477,
frame_ms,0.2734,
frame_ms,0.2314,
frame_ms,0.2296,
frame_ms,0.2313,
frame_ms,0.2311,
frame_ms,0.2229,
frame_ms,0.2309,
frame_ms,0.2342,
frame_ms,0.252,
frame_ms,0.2528,
frame_ms,0.4302,
frame_ms,0.267,
frame_ms,0.2348,
frame_ms,0.2198,
frame_ms,0.2135,
frame_ms,0.2059,
frame_ms,0.207,
frame_ms,0.2524,
frame_ms,0.2276,
frame_ms,0.2075,
frame_ms,0.2198,
frame_ms,0.2418,
frame_ms,0.2223,
frame_ms,0.2068,
frame_ms,0.2193,
tick_us,157,6
frame_ms,0.6724,
frame_ms,0.3433,
frame_ms,0.3468,
frame_ms,0.3859,
frame_ms,0.2461,
frame_ms,0.2177,
frame_ms,0.2295,
frame_ms,0.2215,
frame_ms,0.213,
frame_ms,0.2116,
frame_ms,0.2446,
frame_ms,0.2548,
frame_ms,0.2253,
frame_ms,0.2139,
frame_ms,0.2946,
frame_ms,0.2893,
frame_ms,0.2163,
frame_ms,0.2051,
frame_ms,0.2339,
frame_ms,0.2201,
frame_ms,0.2167,
frame_ms,0.205,
frame_ms,0.2617,
frame_ms,0.2208,
frame_ms,0.2093,
frame_ms,0.2546,
frame_ms,0.2171,
tick_us,143.4,6
frame_ms,0.5091,
frame_ms,0.2261,
frame_ms,0.2087,
frame_ms,0.2065,
frame_ms,0.2015,
frame_ms,0.214,
frame_ms,0.2131,
frame_ms,0.2515,
frame_ms,0.2276,
frame_ms,0.334,
frame_ms,0.3736,
frame_ms,0.3374,
frame_ms,0.3395,
frame_ms,0.3294,
frame_ms,0.3302,
frame_ms,0.32,
frame_ms,0.2363,
frame_ms,0.2075,
frame_ms,0.2032,
frame_ms,0.2003,
frame_ms,0.2493,
frame_ms,0.4995,
frame_ms,0.2549,
frame_ms,0.2245,
frame_ms,0.2061,
tick_us,137.5,6
frame_ms,0.5007,
frame_ms,0.2293,
frame_ms,0.1994,
frame_ms,0.2409,
frame_ms,0.2118,
frame_ms,0.2173,
frame_ms,0.2079,
frame_ms,0.2836,
frame_ms,0.2305,
frame_ms,0.2049,
frame_ms,0.2304,
frame_ms,0.2176,
frame_ms,0.2126,
frame_ms,0.2353,
frame_ms,0.2392,
frame_ms,0.3033,
frame_ms,0.2885,
frame_ms,0.2846,
frame_ms,0.2377,
frame_ms,0.2391,
frame_ms,0.2398,
frame_ms,0.3284,
frame_ms,0.2526,
frame_ms,0.2281,
frame_ms,0.2257,
frame_ms,0.2194,
frame_ms,0.2158,
frame_ms,0.2385,
tick_us,145.4,6
frame_ms,0.567,
frame_ms,0.2788,
frame_ms,0.2159,
frame_ms,0.2137,
frame_ms,0.22,
frame_ms,0.2366,
frame_ms,0.2423,
frame_ms,0.2202,
frame_ms,0.2114,
frame_ms,0.2142,
frame_ms,0.2049,
frame_ms,0.209,
frame_ms,0.2521,
frame_ms,0.2225,
frame_ms,0.2077,
frame_ms,0.2434,
frame_ms,0.2332,
frame_ms,0.2126,
frame_ms,0.2429,
frame_ms,0.2265,
frame_ms,0.2087,
frame_ms,0.2693,
frame_ms,0.2242,
frame_ms,0.2117,
frame_ms,0.2077,
frame_ms,0.2283,
frame_ms,0.2131,
frame_ms,0.2013,
frame_ms,0.2515,
tick_us,144.8,6
frame_ms,0.5298,
frame_ms,0.2248,
frame_ms,0.2011,
frame_ms,0.2057,
frame_ms,0.2373,
frame_ms,0.276,
frame_ms,0.3516,
frame_ms,0.3825,
frame_ms,0.2365,
frame_ms,0.2103,
frame_ms,0.2082,
frame_ms,0.2037,
frame_ms,0.2531,
frame_ms,0.2171,
frame_ms,0.1998,
frame_ms,0.232,
frame_ms,0.2196,
frame_ms,0.2011,
frame_ms,0.2644,
frame_ms,0.2214,
frame_ms,0.2006,
frame_ms,0.4851,
frame_ms,0.2631,
frame_ms,0.2106,
frame_ms,0.2062,
frame_ms,0.2011,
frame_ms,0.2291,
frame_ms,0.214,
tick_us,149,6
frame_ms,0.5299,
frame_ms,0.2248,
frame_ms,0.2025,
frame_ms,0.2076,
frame_ms,0.1985,
frame_ms,0.2352,
frame_ms,0.2479,
frame_ms,0.2632,
frame_ms,0.2334,
frame_ms,0.2441,
frame_ms,0.2722,
frame_ms,0.2237,
frame_ms,0.2067,
frame_ms,0.2646,
frame_ms,0.2199,
frame_ms,0.1983,
frame_ms,0.2566,
frame_ms,0.2193,
frame_ms,0.1978,
frame_ms,0.2627,
frame_ms,0.2208,
frame_ms,0.1976,
frame_ms,0.2365,
frame_ms,0.2188,
frame_ms,0.1977,
frame_ms,0.2575,
frame_ms,0.2146,
frame_ms,0.1974,
frame_ms,0.2484,
tick_us,138.3,4
frame_ms,0.507,
frame_ms,0.2302,
frame_ms,0.202,
frame_ms,0.2352,
frame_ms,0.2373,
frame_ms,0.2125,
frame_ms,0.2053,
frame_ms,0.2727,
frame_ms,0.2095,
frame_ms,0.2543,
frame_ms,0.2393,
frame_ms,0.2521,
frame_ms,0.2614,
frame_ms,0.231,
frame_ms,0.2284,
frame_ms,0.2217,
frame_ms,0.255,
frame_ms,0.2904,
frame_ms,0.3675,
frame_ms,0.2081,
frame_ms,0.2063,
frame_ms,0.2007,
frame_ms,0.2454,
frame_ms,0.2166,
frame_ms,0.2025,
frame_ms,0.2585,
frame_ms,0.2182,
frame_ms,0.2348,
tick_us,258.6,4
frame_ms,1.7944,
frame_ms,0.3959,
frame_ms,0.3847,
frame_ms,0.3637,
frame_ms,0.3431,
frame_ms,0.3352,
frame_ms,0.324,
frame_ms,0.2538,
frame_ms,0.2204,
frame_ms,0.2212,
frame_ms,0.2214,
frame_ms,0.2112,
frame_ms,0.2311,
frame_ms,0.3186,
frame_ms,0.2829,
frame_ms,0.2345,
frame_ms,0.2215,
frame_ms,0.2133,
frame_ms,0.2342,
frame_ms,0.2107,
tick_us,157.3,4
frame_ms,0.5354,
frame_ms,0.2333,
frame_ms,0.2092,
frame_ms,0.2086,
frame_ms,0.2274,
frame_ms,0.2075,
frame_ms,0.2416,
frame_ms,0.2198,
frame_ms,0.2056,
frame_ms,0.2506,
frame_ms,0.2258,
frame_ms,0.2136,
frame_ms,0.5928,
frame_ms,0.4782,
frame_ms,0.3408,
frame_ms,0.2322,
frame_ms,0.5206,
frame_ms,0.4446,
frame_ms,0.4591,
frame_ms,0.2702,
frame_ms,0.2242,
frame_ms,0.2641,
tick_us,133,4
frame_ms,0.5292,
frame_ms,0.4049,
frame_ms,0.3768,
frame_ms,0.339,
frame_ms,0.3353,
frame_ms,0.4658,
frame_ms,0.3586,
frame_ms,0.3509,
frame_ms,0.2565,
frame_ms,0.2147,
frame_ms,0.2144,
frame_ms,0.2092,
frame_ms,0.2198,
frame_ms,0.2519,
frame_ms,0.2259,
frame_ms,0.2074,
frame_ms,0.2431,
frame_ms,0.2274,
frame_ms,0.217,
frame_ms,0.2664,
frame_ms,0.2234,
frame_ms,0.2072,
frame_ms,0.2319,
frame_ms,0.2193,
frame_ms,0.2107,
tick_us,144.8,4
frame_ms,0.5269,
frame_ms,0.2302,
frame_ms,0.2016,
frame_ms,0.2144,
frame_ms,0.2141,
frame_ms,0.2146,
frame_ms,0.2466,
frame_ms,0.2469,
frame_ms,0.207,
frame_ms,0.2584,
frame_ms,0.2237,
frame_ms,0.2062,
frame_ms,0.2295,
frame_ms,0.2184,
frame_ms,0.2395,
frame_ms,0.2219,
frame_ms,0.2655,
frame_ms,0.3163,
frame_ms,0.2081,
frame_ms,0.2125,
frame_ms,0.2057,
frame_ms,0.2213,
frame_ms,0.2109,
frame_ms,0.2461,
frame_ms,0.2746,
frame_ms,0.2333,
frame_ms,0.2358,
frame_ms,0.2376,
frame_ms,0.219,
tick_us,143.3,6
frame_ms,0.5978,
frame_ms,0.2802,
frame_ms,0.2253,
frame_ms,0.2222,
frame_ms,0.2272,
frame_ms,0.2257,
frame_ms,0.2287,
frame_ms,0.2425,
frame_ms,0.2252,
frame_ms,0.21,
frame_ms,0.2521,
frame_ms,0.4071,
frame_ms,0.7461,
frame_ms,0.2824,
frame_ms,0.2326,
frame_ms,0.2184,
frame_ms,0.2184,
frame_ms,0.2124,
frame_ms,0.2099,
frame_ms,0.2508,
frame_ms,0.2688,
frame_ms,0.2279,
frame_ms,0.2197,
frame_ms,0.2103,
frame_ms,0.2342,
tick_us,143.3,6
frame_ms,0.5333,
frame_ms,0.2344,
frame_ms,0.2059,
frame_ms,0.2119,
frame_ms,0.2045,
frame_ms,0.2218,
frame_ms,0.2321,
frame_ms,0.2073,
frame_ms,0.2465,
frame_ms,0.2296,
frame_ms,0.2143,
frame_ms,0.2804,
frame_ms,0.2719,
frame_ms,0.2638,
frame_ms,0.2807,
frame_ms,0.2397,
frame_ms,0.2619,
frame_ms,0.2358,
frame_ms,0.2295,
frame_ms,0.2544,
frame_ms,0.2119,
frame_ms,0.246,
frame_ms,0.2249,
frame_ms,0.2311,
frame_ms,0.2053,
frame_ms,0.2777,
frame_ms,0.243,
frame_ms,0.2159,
tick_us,139.9,6
frame_ms,0.5047,
frame_ms,0.2415,
frame_ms,0.201,
frame_ms,0.2115,
frame_ms,0.2086,
frame_ms,0.2263,
frame_ms,0.2132,
frame_ms,0.2063,
frame_ms,0.2649,
frame_ms,0.24,
frame_ms,0.21,
frame_ms,0.2031,
frame_ms,0.246,
frame_ms,0.2544,
frame_ms,0.2583,
frame_ms,0.2282,
frame_ms,0.2856,
frame_ms,0.3317,
frame_ms,0.289,
frame_ms,0.2181,
frame_ms,0.2791,
frame_ms,0.2191,
frame_ms,0.2372,
frame_ms,0.4019,
frame_ms,0.493,
frame_ms,0.2864,
tick_us,134,6
frame_ms,0.5109,
frame_ms,0.2267,
frame_ms,0.2064,
frame_ms,0.2138,
frame_ms,0.2098,
frame_ms,0.244,
frame_ms,0.2273,
frame_ms,0.2112,
frame_ms,0.2172,
frame_ms,0.2445,
frame_ms,0.2198,
frame_ms,0.2085,
frame_ms,0.2561,
frame_ms,0.2269,
frame_ms,0.2095,
frame_ms,0.2205,
frame_ms,0.2128,
frame_ms,0.2266,
frame_ms,0.2066,
frame_ms,0.1986,
frame_ms,0.3235,
frame_ms,0.2395,
frame_ms,0.2171,
frame_ms,0.2351,
frame_ms,0.2536,
frame_ms,0.2245,
frame_ms,0.2101,
frame_ms,0.2615,
frame_ms,0.228,
tick_us,186.4,8
frame_ms,0.8386,
frame_ms,0.2673,
frame_ms,0.2098,
frame_ms,0.2105,
frame_ms,0.2292,
frame_ms,0.2044,
frame_ms,0.2383,
frame_ms,0.2259,
frame_ms,0.2092,
frame_ms,0.7986,
frame_ms,0.4371,
frame_ms,0.1994,
frame_ms,0.2065,
frame_ms,0.2084,
frame_ms,0.4065,
frame_ms,0.2673,
frame_ms,0.2448,
frame_ms,0.2353,
frame_ms,0.2375,
frame_ms,0.2328,
frame_ms,0.2332,
frame_ms,0.2471,
frame_ms,0.2418,
frame_ms,0.2326,
tick_us,145.7,8
frame_ms,0.5241,
frame_ms,0.2394,
frame_ms,0.2726,
frame_ms,0.4915,
frame_ms,0.301,
frame_ms,0.2961,
frame_ms,0.2409,
frame_ms,0.2361,
frame_ms,0.2266,
frame_ms,0.2206,
frame_ms,0.2245,
frame_ms,0.2158,
frame_ms,0.2445,
frame_ms,0.267,
frame_ms,0.2245,
frame_ms,0.2159,
frame_ms,0.2102,
frame_ms,0.2381,
frame_ms,0.2426,
frame_ms,0.2558,
frame_ms,0.2518,
frame_ms,0.2236,
frame_ms,0.2467,
frame_ms,0.2234,
frame_ms,0.2098,
frame_ms,0.2478,
tick_us,165,8
frame_ms,0.6505,
frame_ms,0.3077,
frame_ms,0.2535,
frame_ms,0.235,
frame_ms,0.2386,
frame_ms,0.236,
frame_ms,0.2483,
frame_ms,0.2376,
frame_ms,0.2215,
frame_ms,0.2081,
frame_ms,0.2357,
frame_ms,0.2344,
frame_ms,0.3551,
frame_ms,0.2383,
frame_ms,0.2183,
frame_ms,0.2203,
frame_ms,0.2141,
frame_ms,0.2113,
frame_ms,0.2799,
frame_ms,0.3226,
frame_ms,0.2441,
frame_ms,0.2158,
frame_ms,0.2127,
frame_ms,0.2165,
frame_ms,0.2189,
frame_ms,0.2527,
frame_ms,0.2256,
frame_ms,0.2113,
tick_us,150.8,8
frame_ms,0.5544,
frame_ms,0.2357,
frame_ms,0.208,
frame_ms,0.2145,
frame_ms,0.2301,
frame_ms,0.216,
frame_ms,0.2142,
frame_ms,0.2134,
frame_ms,0.2818,
frame_ms,0.5032,
frame_ms,0.3834,
frame_ms,0.3258,
frame_ms,0.2451,
frame_ms,0.215,
frame_ms,0.2391,
frame_ms,0.2206,
frame_ms,0.3372,
frame_ms,0.4486,
frame_ms,0.3113,
frame_ms,0.3259,
frame_ms,0.2448,
frame_ms,0.2117,
frame_ms,0.2119,
frame_ms,0.2056,
tick_us,135.6,6
frame_ms,0.5429,
frame_ms,0.2536,
frame_ms,0.2159,
frame_ms,0.2141,
frame_ms,0.2374,
frame_ms,0.2452,
frame_ms,0.2315,
frame_ms,0.2341,
frame_ms,0.2208,
frame_ms,0.2085,
frame_ms,0.2608,
frame_ms,0.2309,
frame_ms,0.2152,
frame_ms,0.2054,
frame_ms,0.2602,
frame_ms,0.2314,
frame_ms,0.2102,
frame_ms,0.2713,
frame_ms,0.2205,
frame_ms,0.2044,
frame_ms,0.2439,
frame_ms,0.2227,
frame_ms,0.2045,
frame_ms,0.2542,
frame_ms,0.2901,
frame_ms,0.2885,
frame_ms,0.2387,
frame_ms,0.2123,
frame_ms,0.2102,
tick_us,143.6,6
frame_ms,0.5064,
frame_ms,0.2176,
frame_ms,0.201,
frame_ms,0.2146,
frame_ms,0.2087,
frame_ms,0.2446,
frame_ms,0.22,
frame_ms,0.2097,
frame_ms,0.2417,
frame_ms,0.2182,
frame_ms,0.2025,
frame_ms,0.2652,
frame_ms,0.2234,
frame_ms,0.2067,
frame_ms,0.2515,
frame_ms,0.2347,
frame_ms,0.213,
frame_ms,0.2775,
frame_ms,0.271,
frame_ms,0.3711,
frame_ms,0.2906,
frame_ms,0.2315,
frame_ms,0.234,
frame_ms,0.2867,
frame_ms,0.2358,
frame_ms,0.2232,
frame_ms,0.22,
frame_ms,0.2133,
tick_us,159.4,6
frame_ms,0.6211,
frame_ms,0.3463,
frame_ms,0.2595,
frame_ms,0.2109,
frame_ms,0.214,
frame_ms,0.2084,
frame_ms,0.236,
frame_ms,0.2261,
frame_ms,0.2092,
frame_ms,0.2265,
frame_ms,0.2164,
frame_ms,0.2044,
frame_ms,0.2526,
frame_ms,0.2235,
frame_ms,0.2071,
frame_ms,0.292,
frame_ms,0.2477,
frame_ms,0.2109,
frame_ms,0.2357,
frame_ms,0.2126,
frame_ms,0.2062,
frame_ms,0.2304,
frame_ms,0.2822,
frame_ms,0.2503,
frame_ms,0.2565,
frame_ms,0.2313,
frame_ms,0.2055,
frame_ms,0.249,
tick_us,147.5,4
frame_ms,0.538,
frame_ms,0.2266,
frame_ms,0.2078,
frame_ms,0.2292,
frame_ms,0.2277,
frame_ms,0.2191,
frame_ms,0.2799,
frame_ms,0.2198,
frame_ms,0.2064,
frame_ms,0.2427,
frame_ms,0.2133,
frame_ms,0.2012,
frame_ms,0.2619,
frame_ms,0.2279,
frame_ms,0.2053,
frame_ms,0.2303,
frame_ms,0.2216,
frame_ms,0.2235,
frame_ms,0.2068,
frame_ms,0.235,
frame_ms,0.2158,
frame_ms,0.2015,
frame_ms,0.2761,
frame_ms,0.2375,
frame_ms,0.2089,
frame_ms,0.2414,
frame_ms,0.3611,
frame_ms,0.3953,
tick_us,138.4,4
frame_ms,0.6073,
frame_ms,0.2316,
frame_ms,0.2131,
frame_ms,0.2109,
frame_ms,0.2078,
frame_ms,0.2205,
frame_ms,0.3002,
frame_ms,0.3741,
frame_ms,0.2945,
frame_ms,0.2365,
frame_ms,0.2522,
frame_ms,0.3258,
frame_ms,0.2553,
frame_ms,0.2251,
frame_ms,0.2205,
frame_ms,0.2109,
frame_ms,0.2871,
frame_ms,0.3299,
frame_ms,0.3027,
frame_ms,0.2645,
frame_ms,0.2368,
frame_ms,0.2233,
frame_ms,0.2177,
frame_ms,0.2663,
frame_ms,0.229,
tick_us,139.9,4
frame_ms,0.5705,
frame_ms,0.2698,
frame_ms,0.2271,
frame_ms,0.2156,
frame_ms,0.272,
frame_ms,0.2673,
frame_ms,0.2275,
frame_ms,0.2137,
frame_ms,0.2041,
frame_ms,0.2364,
frame_ms,0.2329,
frame_ms,0.2055,
frame_ms,0.2536,
frame_ms,0.2235,
frame_ms,0.2072,
frame_ms,0.2516,
frame_ms,0.28,
frame_ms,0.2178,
frame_ms,0.216,
frame_ms,0.2401,
frame_ms,0.2456,
frame_ms,0.2729,
frame_ms,0.2311,
frame_ms,0.2195,
frame_ms,0.211,
frame_ms,0.2096,
frame_ms,0.2742,
frame_ms,0.4338,
tick_us,138,4
frame_ms,0.5451,
frame_ms,0.2224,
frame_ms,0.2043,
frame_ms,0.2071,
frame_ms,0.2136,
frame_ms,0.2456,
frame_ms,0.2924,
frame_ms,0.2769,
frame_ms,0.2541,
frame_ms,0.2379,
frame_ms,0.3102,
frame_ms,0.3733,
frame_ms,0.2452,
frame_ms,0.2124,
frame_ms,0.2124,
frame_ms,0.2266,
frame_ms,0.2356,
frame_ms,0.2472,
frame_ms,0.2201,
frame_ms,0.2541,
frame_ms,0.2291,
frame_ms,0.2123,
frame_ms,0.2556,
frame_ms,0.2278,
frame_ms,0.2166,
frame_ms,0.2174,
frame_ms,0.2425,
tick_us,140.3,2
frame_ms,0.5237,
frame_ms,0.2609,
frame_ms,0.2039,
frame_ms,0.2105,
frame_ms,0.2066,
frame_ms,0.2413,
frame_ms,0.2185,
frame_ms,0.2089,
frame_ms,0.249,
frame_ms,0.2242,
frame_ms,0.2063,
frame_ms,0.2237,
frame_ms,0.2041,
frame_ms,0.2035,
frame_ms,0.2439,
frame_ms,0.2291,
frame_ms,0.2081,
frame_ms,0.2722,
frame_ms,0.2244,
frame_ms,0.2059,
frame_ms,0.2223,
frame_ms,0.2155,
frame_ms,0.2753,
frame_ms,0.2732,
frame_ms,0.2446,
frame_ms,0.2371,
frame_ms,0.23,
frame_ms,0.2354,
frame_ms,0.2651,
tick_us,141.5,2
frame_ms,0.6026,
frame_ms,0.2856,
frame_ms,0.3015,
frame_ms,0.291,
frame_ms,0.2232,
frame_ms,0.2141,
frame_ms,0.3067,
frame_ms,0.2049,
frame_ms,0.283,
frame_ms,0.2377,
frame_ms,0.2143,
frame_ms,0.2039,
frame_ms,0.2543,
frame_ms,0.2168,
frame_ms,0.3878,
frame_ms,0.3319,
frame_ms,0.2559,
frame_ms,0.234,
frame_ms,0.2669,
frame_ms,0.3963,
frame_ms,0.447,
frame_ms,0.344,
frame_ms,0.34,
tick_us,135.6,2
frame_ms,0.6802,
frame_ms,0.2737,
frame_ms,0.2281,
frame_ms,0.2535,
frame_ms,0.2179,
frame_ms,0.2152,
frame_ms,0.2245,
frame_ms,0.2496,
frame_ms,0.3492,
frame_ms,0.2668,
frame_ms,0.219,
frame_ms,0.2169,
frame_ms,0.2054,
frame_ms,0.232,
frame_ms,0.2185,
frame_ms,0.2052,
frame_ms,0.2574,
frame_ms,0.2224,
frame_ms,0.2083,
frame_ms,0.2528,
frame_ms,0.3517,
frame_ms,0.4212,
frame_ms,0.3197,
frame_ms,0.2831,
frame_ms,0.2865,
frame_ms,0.2259,
tick_us,146.1,2
frame_ms,0.529,
frame_ms,0.2362,
frame_ms,0.2725,
frame_ms,0.2539,
frame_ms,0.2163,
frame_ms,0.2137,
frame_ms,0.2048,
frame_ms,0.236,
frame_ms,0.2519,
frame_ms,0.2511,
frame_ms,0.2324,
frame_ms,0.219,
frame_ms,0.2608,
frame_ms,0.2314,
frame_ms,0.2693,
frame_ms,0.2294,
frame_ms,0.2275,
frame_ms,0.2537,
frame_ms,0.2263,
frame_ms,0.2068,
frame_ms,0.4435,
frame_ms,0.2717,
frame_ms,0.2176,
frame_ms,0.2117,
frame_ms,0.2047,
frame_ms,0.2083,
frame_ms,0.3127,
tick_us,132.6,2
frame_ms,0.5531,
frame_ms,0.2355,
frame_ms,0.2755,
frame_ms,0.2387,
frame_ms,0.2129,
frame_ms,0.2123,
frame_ms,0.208,
frame_ms,0.2473,
frame_ms,0.2217,
frame_ms,0.2084,
frame_ms,0.2551,
frame_ms,0.2152,
frame_ms,0.2029,
frame_ms,0.256,
frame_ms,0.2204,
frame_ms,0.2071,
frame_ms,0.2559,
frame_ms,0.221,
frame_ms,0.234,
frame_ms,0.2744,
frame_ms,0.2728,
frame_ms,0.2337,
frame_ms,0.2599,
frame_ms,0.2638,
frame_ms,0.219,
frame_ms,0.2081,
frame_ms,0.2355,
frame_ms,0.217,
tick_us,140.2,2
frame_ms,0.5123,
frame_ms,0.2187,
frame_ms,0.2011,
frame_ms,0.2057,
frame_ms,0.206,
frame_ms,0.2599,
frame_ms,0.2139,
frame_ms,0.2019,
frame_ms,0.3028,
frame_ms,0.2305,
frame_ms,0.2105,
frame_ms,0.2012,
frame_ms,0.2028,
frame_ms,0.2446,
frame_ms,0.2197,
frame_ms,0.2012,
frame_ms,0.2561,
frame_ms,0.2169,
frame_ms,0.2018,
frame_ms,0.231,
frame_ms,0.2238,
frame_ms,0.2053,
frame_ms,0.2538,
frame_ms,0.2142,
frame_ms,0.2041,
frame_ms,0.2586,
frame_ms,0.252,
frame_ms,0.2166,
frame_ms,0.2354,
frame_ms,0.2029,
tick_us,137.8,2
frame_ms,0.5058,
frame_ms,0.2343,
frame_ms,0.2036,
frame_ms,0.215,
frame_ms,0.2123,
frame_ms,0.3788,
frame_ms,0.4415,
frame_ms,0.3663,
frame_ms,0.2846,
frame_ms,0.2475,
frame_ms,0.2176,
frame_ms,0.2797,
frame_ms,0.2944,
frame_ms,0.2498,
frame_ms,0.2324,
frame_ms,0.227,
frame_ms,0.2307,
frame_ms,0.2266,
frame_ms,0.2242,
frame_ms,0.3027,
frame_ms,0.2338,
frame_ms,0.2151,
frame_ms,0.2064,
frame_ms,0.2589,
frame_ms,0.2221,
frame_ms,0.2085,
tick_us,144.5,2
frame_ms,0.5739,
frame_ms,0.4503,
frame_ms,0.2546,
frame_ms,0.215,
frame_ms,0.2111,
frame_ms,0.2109,
frame_ms,0.3221,
frame_ms,0.2698,
frame_ms,0.2375,
frame_ms,0.2287,
frame_ms,0.2182,
frame_ms,0.2117,
frame_ms,0.2665,
frame_ms,0.2544,
frame_ms,0.2174,
frame_ms,0.2367,
frame_ms,0.2134,
frame_ms,0.2795,
frame_ms,0.3776,
frame_ms,0.2222,
frame_ms,0.2096,
frame_ms,0.2025,
frame_ms,0.2396,
frame_ms,0.2189,
frame_ms,0.2096,
frame_ms,0.2301,
frame_ms,0.2404,
tick_us,139.7,2
frame_ms,0.5197,
frame_ms,0.2276,
frame_ms,0.2023,
frame_ms,0.213,
frame_ms,0.2165,
frame_ms,0.2071,
frame_ms,0.2642,
frame_ms,0.2995,
frame_ms,0.3473,
frame_ms,0.3321,
frame_ms,0.2388,
frame_ms,0.2125,
frame_ms,0.2155,
frame_ms,0.2126,
frame_ms,0.235,
frame_ms,0.2548,
frame_ms,0.2144,
frame_ms,0.2519,
frame_ms,0.2185,
frame_ms,0.2055,
frame_ms,0.2574,
frame_ms,0.2802,
frame_ms,0.2104,
frame_ms,0.2132,
frame_ms,0.3436,
frame_ms,0.22,
frame_ms,0.2088,
tick_us,142,0
frame_ms,0.5061,
frame_ms,0.2211,
frame_ms,0.2008,
frame_ms,0.2037,
frame_ms,0.223,
frame_ms,0.2398,
frame_ms,0.2222,
frame_ms,0.2073,
frame_ms,0.2457,
frame_ms,0.2947,
frame_ms,0.2382,
frame_ms,0.2279,
frame_ms,0.221,
frame_ms,0.2196,
frame_ms,0.384,
frame_ms,0.3118,
frame_ms,0.2823,
frame_ms,0.2138,
frame_ms,0.2113,
frame_ms,0.2049,
frame_ms,0.2339,
frame_ms,0.2219,
frame_ms,0.2043,
frame_ms,0.2564,
frame_ms,0.2268,
frame_ms,0.2086,
frame_ms,0.2498,
frame_ms,0.2245,
frame_ms,0.2249,
tick_us,139.3,0
frame_ms,0.542,
frame_ms,0.2313,
frame_ms,0.2076,
frame_ms,0.2074,
frame_ms,0.2047,
frame_ms,0.2498,
frame_ms,0.2186,
frame_ms,0.2119,
frame_ms,0.2985,
frame_ms,0.3978,
frame_ms,0.3402,
frame_ms,0.5097,
frame_ms,0.2239,
frame_ms,0.2159,
frame_ms,0.2177,
frame_ms,0.2379,
frame_ms,0.2303,
frame_ms,0.2147,
frame_ms,0.2441,
frame_ms,0.2247,
frame_ms,0.2277,
frame_ms,0.2055,
frame_ms,0.2869,
frame_ms,0.2202,
frame_ms,0.205,
frame_ms,0.2542,
tick_us,140,0
frame_ms,0.521,
frame_ms,0.2349,
frame_ms,0.2015,
frame_ms,0.2034,
frame_ms,0.2031,
frame_ms,0.2227,
frame_ms,0.2193,
frame_ms,0.2202,
frame_ms,0.2416,
frame_ms,0.2531,
frame_ms,0.2523,
frame_ms,0.2116,
frame_ms,0.2373,
frame_ms,0.2679,
frame_ms,0.2157,
frame_ms,0.2008,
frame_ms,0.2614,
frame_ms,0.2214,
frame_ms,0.2051,
frame_ms,0.2347,
frame_ms,0.2187,
frame_ms,0.2082,
frame_ms,0.2435,
frame_ms,0.3641,
frame_ms,0.5081,
frame_ms,0.3022,
frame_ms,0.2126,
tick_us,136.2,0
frame_ms,0.4927,
frame_ms,0.2198,
frame_ms,0.2043,
frame_ms,0.2084,
frame_ms,0.1989,
frame_ms,0.214,
frame_ms,0.3077,
frame_ms,0.2368,
frame_ms,0.2079,
frame_ms,0.2467,
frame_ms,0.2191,
frame_ms,0.2121,
frame_ms,0.2194,
frame_ms,0.2659,
frame_ms,0.2168,
frame_ms,0.2194,
frame_ms,0.2009,
frame_ms,0.2433,
frame_ms,0.6256,
frame_ms,0.414,
frame_ms,0.3629,
frame_ms,0.3237,
frame_ms,0.2333,
frame_ms,0.2071,
frame_ms,0.2043,
frame_ms,0.2331,
tick_us,134.4,0
frame_ms,0.5375,
frame_ms,0.2762,
frame_ms,0.273,
frame_ms,0.2045,
frame_ms,0.2089,
frame_ms,0.2022,
frame_ms,0.2359,
frame_ms,0.2445,
frame_ms,0.2153,
frame_ms,0.2017,
frame_ms,0.2562,
frame_ms,0.2249,
frame_ms,0.2153,
frame_ms,0.2433,
frame_ms,0.3522,
frame_ms,0.4648,
frame_ms,0.3669,
frame_ms,0.329,
frame_ms,0.2472,
frame_ms,0.2098,
frame_ms,0.2233,
frame_ms,0.204,
frame_ms,0.2176,
frame_ms,0.212,
frame_ms,0.2818,
frame_ms,0.427,
tick_us,159.6,2
frame_ms,0.6536,
frame_ms,0.3407,
frame_ms,0.2715,
frame_ms,0.2224,
frame_ms,0.2165,
frame_ms,0.2372,
frame_ms,0.3623,
frame_ms,0.3186,
frame_ms,0.2217,
frame_ms,0.2103,
frame_ms,0.2079,
frame_ms,0.2856,
frame_ms,0.255,
frame_ms,0.2148,
frame_ms,0.2171,
frame_ms,0.2454,
frame_ms,0.2175,
frame_ms,0.2071,
frame_ms,0.2223,
frame_ms,0.2079,
frame_ms,0.2382,
frame_ms,0.2739,
frame_ms,0.2373,
frame_ms,0.2534,
frame_ms,0.2803,
tick_us,144.9,2
frame_ms,0.8546,
frame_ms,0.252,
frame_ms,0.2113,
frame_ms,0.2125,
frame_ms,0.2046,
frame_ms,0.2381,
frame_ms,0.2241,
frame_ms,0.2109,
frame_ms,0.2207,
frame_ms,0.3153,
frame_ms,0.4175,
frame_ms,0.3018,
frame_ms,0.3304,
frame_ms,0.2523,
frame_ms,0.2134,
frame_ms,0.2092,
frame_ms,0.2096,
frame_ms,0.2642,
frame_ms,0.2894,
frame_ms,0.2087,
frame_ms,0.2367,
frame_ms,0.22,
frame_ms,0.2098,
frame_ms,0.2516,
frame_ms,0.2193,
frame_ms,0.2044,
frame_ms,0.2958,
tick_us,138.9,0
frame_ms,0.5234,
frame_ms,0.2234,
frame_ms,0.205,
frame_ms,0.2091,
frame_ms,0.206,
frame_ms,0.2508,
frame_ms,0.2202,
frame_ms,0.2114,
frame_ms,0.2282,
frame_ms,0.2077,
frame_ms,0.1951,
frame_ms,0.2469,
frame_ms,0.363,
frame_ms,0.4185,
frame_ms,0.3279,
frame_ms,0.392,
frame_ms,0.2895,
frame_ms,0.2211,
frame_ms,0.2179,
frame_ms,0.44,
frame_ms,0.223,
frame_ms,0.2312,
frame_ms,0.2148,
frame_ms,0.2089,
frame_ms,0.2117,
frame_ms,0.276,
tick_us,145,0
frame_ms,0.5542,
frame_ms,0.2211,
frame_ms,0.2003,
frame_ms,0.209,
frame_ms,0.7507,
frame_ms,0.3214,
frame_ms,0.3154,
frame_ms,0.219,
frame_ms,0.2126,
frame_ms,0.2076,
frame_ms,0.2079,
frame_ms,0.2724,
frame_ms,0.2618,
frame_ms,0.2187,
frame_ms,0.2064,
frame_ms,0.243,
frame_ms,0.2224,
frame_ms,0.2067,
frame_ms,0.2451,
frame_ms,0.2275,
frame_ms,0.2099,
frame_ms,0.2691,
frame_ms,0.2622,
frame_ms,0.224,
frame_ms,0.2087,
frame_ms,0.2371,
tick_us,143.5,0
frame_ms,0.5166,
frame_ms,0.2208,
frame_ms,0.2076,
frame_ms,0.2065,
frame_ms,0.2055,
frame_ms,0.2499,
frame_ms,0.4095,
frame_ms,0.2865,
frame_ms,0.2202,
frame_ms,0.2236,
frame_ms,0.2274,
frame_ms,0.2168,
frame_ms,0.2162,
frame_ms,0.2524,
frame_ms,0.3068,
frame_ms,0.218,
frame_ms,0.2186,
frame_ms,0.208,
frame_ms,0.2123,
frame_ms,0.2511,
frame_ms,0.2262,
frame_ms,0.2099,
frame_ms,0.2503,
frame_ms,0.2236,
frame_ms,0.2123,
frame_ms,0.2171,
frame_ms,0.2193,
frame_ms,0.2084,
tick_us,139.3,0
frame_ms,0.5209,
frame_ms,0.4447,
frame_ms,0.3366,
frame_ms,0.2185,
frame_ms,0.2132,
frame_ms,0.2075,
frame_ms,0.2068,
frame_ms,0.2643,
frame_ms,0.2247,
frame_ms,0.2881,
frame_ms,0.2574,
frame_ms,0.2366,
frame_ms,0.2312,
frame_ms,0.2296,
frame_ms,0.2625,
frame_ms,0.236,
frame_ms,0.4292,
frame_ms,0.3899,
frame_ms,0.3642,
frame_ms,0.3757,
frame_ms,0.3362,
frame_ms,0.3322,
frame_ms,0.3347,
tick_us,139.9,0
frame_ms,0.6313,
frame_ms,0.2579,
frame_ms,0.216,
frame_ms,0.2181,
frame_ms,0.2183,
frame_ms,0.212,
frame_ms,0.2389,
frame_ms,0.2775,
frame_ms,0.2616,
frame_ms,0.2269,
frame_ms,0.2173,
frame_ms,0.2097,
frame_ms,0.2535,
frame_ms,0.2255,
frame_ms,0.2106,
frame_ms,0.229,
frame_ms,0.232,
frame_ms,0.2149,
frame_ms,0.2065,
frame_ms,0.2359,
frame_ms,0.2467,
frame_ms,0.2153,
frame_ms,0.2733,
frame_ms,0.274,
frame_ms,0.2396,
frame_ms,0.2123,
frame_ms,0.2122,
frame_ms,0.2561,
tick_us,143.5,0
frame_ms,0.5321,
frame_ms,0.2394,
frame_ms,0.2072,
frame_ms,0.2118,
frame_ms,0.2061,
frame_ms,0.2068,
frame_ms,0.2635,
frame_ms,0.2487,
frame_ms,0.2162,
frame_ms,0.2086,
frame_ms,0.2436,
frame_ms,0.2435,
frame_ms,0.2146,
frame_ms,0.2697,
frame_ms,0.7846,
frame_ms,0.2772,
frame_ms,0.2179,
frame_ms,0.2107,
frame_ms,0.2761,
frame_ms,0.2386,
frame_ms,0.2135,
frame_ms,0.2102,
frame_ms,0.2331,
frame_ms,0.2163,
frame_ms,0.205,
frame_ms,0.2343,
frame_ms,0.3436,
tick_us,137.4,0
frame_ms,0.5626,
frame_ms,0.2332,
frame_ms,0.2047,
frame_ms,0.2573,
frame_ms,0.21,
frame_ms,0.2018,
frame_ms,0.2478,
frame_ms,0.2169,
frame_ms,0.2054,
frame_ms,0.2354,
frame_ms,0.217,
frame_ms,0.1997,
frame_ms,0.2348,
frame_ms,0.2207,
frame_ms,0.2068,
frame_ms,0.2372,
frame_ms,0.2632,
frame_ms,0.2226,
frame_ms,0.2145,
frame_ms,0.2331,
frame_ms,0.2649,
frame_ms,0.2923,
frame_ms,0.2304,
frame_ms,0.279,
frame_ms,0.2221,
frame_ms,0.2086,
frame_ms,0.2048,
frame_ms,0.2571,
tick_us,142.1,0
frame_ms,0.5161,
frame_ms,0.2252,
frame_ms,0.2051,
frame_ms,0.2091,
frame_ms,0.2061,
frame_ms,0.2351,
frame_ms,0.2203,
frame_ms,0.2073,
frame_ms,0.3552,
frame_ms,0.215,
frame_ms,0.2032,
frame_ms,0.2707,
frame_ms,0.2653,
frame_ms,0.2316,
frame_ms,0.2193,
frame_ms,1.0438,
frame_ms,0.2268,
frame_ms,0.2159,
frame_ms,0.2103,
frame_ms,0.2045,
frame_ms,0.2494,
frame_ms,0.6082,
frame_ms,0.2789,
frame_ms,0.2197,
tick_us,141.9,0
frame_ms,0.5112,
frame_ms,0.2261,
frame_ms,0.2069,
frame_ms,0.2108,
frame_ms,0.2203,
frame_ms,0.2127,
frame_ms,0.26,
frame_ms,0.2559,
frame_ms,0.2174,
frame_ms,0.2083,
frame_ms,0.2618,
frame_ms,0.2235,
frame_ms,0.2137,
frame_ms,0.205,
frame_ms,0.2437,
frame_ms,0.2604,
frame_ms,0.2214,
frame_ms,0.2036,
frame_ms,0.2252,
frame_ms,0.2456,
frame_ms,0.2199,
frame_ms,0.2015,
frame_ms,0.235,
frame_ms,0.281,
frame_ms,0.2964,
frame_ms,0.2482,
frame_ms,0.2392,
frame_ms,0.2364,
tick_us,143.2,0
frame_ms,0.5313,
frame_ms,0.2893,
frame_ms,0.2443,
frame_ms,0.2477,
frame_ms,0.2095,
frame_ms,0.2067,
frame_ms,0.2067,
frame_ms,0.2447,
frame_ms,0.2181,
frame_ms,0.2016,
frame_ms,0.2518,
frame_ms,0.2196,
frame_ms,0.2034,
frame_ms,0.2345,
frame_ms,0.2202,
frame_ms,0.2103,
frame_ms,0.2374,
frame_ms,0.2363,
frame_ms,0.2135,
frame_ms,0.2564,
frame_ms,0.2271,
frame_ms,0.2231,
frame_ms,0.2485,
frame_ms,0.2206,
frame_ms,0.2017,
frame_ms,0.2566,
frame_ms,0.2653,
frame_ms,0.2357,
frame_ms,0.214,
tick_us,140.6,0
frame_ms,0.5091,
frame_ms,0.2257,
frame_ms,0.2136,
frame_ms,0.4319,
frame_ms,0.3899,
frame_ms,0.4039,
frame_ms,0.2843,
frame_ms,0.2139,
frame_ms,0.21,
frame_ms,0.2128,
frame_ms,0.2242,
frame_ms,0.2307,
frame_ms,0.2189,
frame_ms,0.2038,
frame_ms,0.2346,
frame_ms,0.219,
frame_ms,0.2077,
frame_ms,0.2423,
frame_ms,0.2157,
frame_ms,0.2007,
frame_ms,0.2465,
frame_ms,0.3624,
frame_ms,0.4999,
frame_ms,0.3683,
frame_ms,0.2341,
tick_us,141.7,0
frame_ms,0.5114,
frame_ms,0.2421,
frame_ms,0.2109,
frame_ms,0.2119,
frame_ms,0.2179,
frame_ms,0.2072,
frame_ms,0.2578,
frame_ms,0.2552,
frame_ms,0.2206,
frame_ms,0.2054,
frame_ms,0.2519,
frame_ms,0.2222,
frame_ms,0.2068,
frame_ms,0.2437,
frame_ms,0.26,
frame_ms,0.2388,
frame_ms,0.2168,
frame_ms,0.2078,
frame_ms,0.2391,
frame_ms,0.2262,
frame_ms,0.235,
frame_ms,0.2123,
frame_ms,0.249,
frame_ms,0.2063,
frame_ms,0.2007,
frame_ms,0.2555,
frame_ms,0.2411,
frame_ms,0.2452,
frame_ms,0.2064,
tick_us,140.9,0
frame_ms,0.5108,
frame_ms,0.2334,
frame_ms,0.2044,
frame_ms,0.2038,
frame_ms,0.2422,
frame_ms,0.202,
frame_ms,0.3313,
frame_ms,0.2678,
frame_ms,0.2306,
frame_ms,0.4502,
frame_ms,0.2643,
frame_ms,0.2334,
frame_ms,0.233,
frame_ms,0.2333,
frame_ms,0.236,
frame_ms,0.23,
frame_ms,0.2719,
frame_ms,0.2245,
frame_ms,0.2231,
frame_ms,0.2944,
frame_ms,0.2368,
frame_ms,0.2184,
frame_ms,0.2076,
frame_ms,0.2037,
frame_ms,0.2574,
frame_ms,0.2252,
frame_ms,0.3234,
tick_us,138.3,0
frame_ms,0.531,
frame_ms,0.2234,
frame_ms,0.2049,
frame_ms,0.2049,
frame_ms,0.2137,
frame_ms,0.2291,
frame_ms,0.2281,
frame_ms,0.2056,
frame_ms,0.2146,
frame_ms,0.2435,
frame_ms,0.2361,
frame_ms,0.2081,
frame_ms,0.231,
frame_ms,0.2236,
frame_ms,0.1985,
frame_ms,0.2344,
frame_ms,0.2216,
frame_ms,0.2071,
frame_ms,0.2391,
frame_ms,0.2208,
frame_ms,0.2073,
frame_ms,0.2524,
frame_ms,0.2158,
frame_ms,0.2478,
frame_ms,0.2457,
frame_ms,0.232,
frame_ms,0.3241,
frame_ms,0.3292,
frame_ms,0.2258,
tick_us,142.5,0
frame_ms,0.884,
frame_ms,0.2689,
frame_ms,0.2713,
frame_ms,0.2128,
frame_ms,0.2107,
frame_ms,0.2145,
frame_ms,0.2434,
frame_ms,0.2143,
frame_ms,0.2108,
frame_ms,0.2783,
frame_ms,0.2326,
frame_ms,0.2118,
frame_ms,0.2688,
frame_ms,0.5266,
frame_ms,0.2697,
frame_ms,0.2214,
frame_ms,0.224,
frame_ms,0.2124,
frame_ms,0.2105,
frame_ms,0.2392,
frame_ms,0.2303,
frame_ms,0.3025,
frame_ms,0.4005,
tick_us,178.5,0
frame_ms,0.7819,
frame_ms,0.4243,
frame_ms,0.3366,
frame_ms,0.3724,
frame_ms,0.2956,
frame_ms,0.2461,
frame_ms,0.2121,
frame_ms,0.2185,
frame_ms,0.2111,
frame_ms,0.2361,
frame_ms,0.352,
frame_ms,0.3833,
frame_ms,0.4119,
frame_ms,0.395,
frame_ms,0.3595,
frame_ms,0.3758,
frame_ms,0.3743,
frame_ms,0.3699,
frame_ms,0.3798,
frame_ms,0.3379,
tick_us,138.7,0
frame_ms,0.6291,
frame_ms,0.2511,
frame_ms,0.4186,
frame_ms,0.4017,
frame_ms,0.6143,
frame_ms,0.3547,
frame_ms,0.3522,
frame_ms,0.4044,
frame_ms,0.3555,
frame_ms,0.3348,
frame_ms,0.3653,
frame_ms,0.2783,
frame_ms,0.2328,
frame_ms,0.2186,
frame_ms,0.221,
frame_ms,0.2162,
frame_ms,0.648,
frame_ms,0.4471,
frame_ms,0.4399,
tick_us,145.1,0
frame_ms,0.5734,
frame_ms,0.2696,
frame_ms,0.2276,
frame_ms,0.2763,
frame_ms,0.2779,
frame_ms,0.2231,
frame_ms,0.2191,
frame_ms,0.2111,
frame_ms,0.2059,
frame_ms,0.3655,
frame_ms,0.5133,
frame_ms,0.4078,
frame_ms,0.3602,
frame_ms,0.2505,
frame_ms,0.211,
frame_ms,0.2158,
frame_ms,0.2096,
frame_ms,0.2458,
frame_ms,0.2229,
frame_ms,0.2081,
frame_ms,0.2389,
frame_ms,0.22,
frame_ms,0.616,
tick_us,179.5,0
frame_ms,0.7475,
frame_ms,0.3946,
frame_ms,0.2907,
frame_ms,0.2883,
frame_ms,0.2717,
frame_ms,0.2227,
frame_ms,0.226,
frame_ms,0.2198,
frame_ms,0.2152,
frame_ms,0.2547,
frame_ms,0.2286,
frame_ms,0.2183,
frame_ms,0.2166,
frame_ms,0.2348,
frame_ms,0.2301,
frame_ms,0.2134,
frame_ms,0.2874,
frame_ms,0.2374,
frame_ms,0.2237,
frame_ms,0.2125,
frame_ms,0.2098,
frame_ms,0.2626,
frame_ms,0.2383,
frame_ms,0.2162,
frame_ms,0.2121,
frame_ms,0.2382,
frame_ms,0.223,
tick_us,150.6,2
frame_ms,0.5327,
frame_ms,0.2365,
frame_ms,0.2076,
frame_ms,0.2118,
frame_ms,0.989,
frame_ms,0.5829,
frame_ms,0.4306,
frame_ms,0.3628,
frame_ms,0.3431,
frame_ms,0.3478,
frame_ms,0.336,
frame_ms,0.3354,
frame_ms,0.3417,
frame_ms,0.3713,
frame_ms,0.3492,
frame_ms,0.3661,
frame_ms,0.3192,
frame_ms,0.308,
tick_us,150.6,4
frame_ms,0.5721,
frame_ms,0.2581,
frame_ms,0.2327,
frame_ms,0.2204,
frame_ms,0.2199,
frame_ms,0.2311,
frame_ms,0.3541,
frame_ms,0.2487,
frame_ms,0.2274,
frame_ms,0.2307,
frame_ms,0.2501,
frame_ms,0.227,
frame_ms,0.2318,
frame_ms,0.4034,
frame_ms,0.2709,
frame_ms,0.2248,
frame_ms,0.2239,
frame_ms,0.219,
frame_ms,0.216,
frame_ms,0.2147,
frame_ms,0.236,
frame_ms,0.2278,
frame_ms,0.2158,
frame_ms,0.2268,
frame_ms,0.3,
frame_ms,0.38,
tick_us,166.2,4
frame_ms,0.7095,
frame_ms,0.3275,
frame_ms,0.257,
frame_ms,0.2169,
frame_ms,0.2184,
frame_ms,0.3051,
frame_ms,0.4117,
frame_ms,0.3375,
frame_ms,0.4087,
frame_ms,0.2795,
frame_ms,0.2551,
frame_ms,0.2229,
frame_ms,0.2304,
frame_ms,0.2329,
frame_ms,0.2225,
frame_ms,0.2458,
frame_ms,0.3503,
frame_ms,0.2789,
frame_ms,0.2342,
frame_ms,0.2358,
frame_ms,0.2279,
frame_ms,0.2828,
frame_ms,0.2288,
frame_ms,0.2228,
tick_us,151.3,4
frame_ms,0.5462,
frame_ms,0.2386,
frame_ms,0.2117,
frame_ms,0.2152,
frame_ms,0.2109,
frame_ms,0.2822,
frame_ms,0.3148,
frame_ms,0.2977,
frame_ms,0.4378,
frame_ms,0.3891,
frame_ms,0.3832,
frame_ms,0.3424,
frame_ms,0.3452,
frame_ms,0.3385,
frame_ms,0.3331,
frame_ms,0.3359,
frame_ms,0.3764,
frame_ms,0.3692,
frame_ms,0.3661,
frame_ms,0.2686,
frame_ms,0.2574,
frame_ms,0.2211,
tick_us,147.9,4
frame_ms,0.5316,
frame_ms,0.2402,
frame_ms,0.2255,
frame_ms,0.5323,
frame_ms,0.3323,
frame_ms,0.2579,
frame_ms,0.2368,
frame_ms,0.5176,
frame_ms,0.3169,
frame_ms,0.3052,
frame_ms,0.2938,
frame_ms,0.3976,
frame_ms,0.4759,
frame_ms,0.6855,
frame_ms,0.4069,
frame_ms,0.3887,
frame_ms,0.3854,
frame_ms,0.4204,
tick_us,198.5,4
frame_ms,0.774,
frame_ms,0.391,
frame_ms,0.5245,
frame_ms,0.4638,
frame_ms,0.5816,
frame_ms,0.3744,
frame_ms,0.2597,
frame_ms,0.2332,
frame_ms,0.2342,
frame_ms,0.2511,
frame_ms,0.2318,
frame_ms,0.3079,
frame_ms,0.2897,
frame_ms,0.249,
frame_ms,0.2382,
frame_ms,0.2382,
frame_ms,0.4852,
frame_ms,0.2749,
frame_ms,0.3319,
tick_us,167.5,2
frame_ms,0.7092,
frame_ms,0.2794,
frame_ms,0.2521,
frame_ms,0.2311,
frame_ms,0.2337,
frame_ms,0.2409,
frame_ms,0.2303,
frame_ms,0.2286,
frame_ms,0.2275,
frame_ms,0.243,
frame_ms,0.3194,
frame_ms,0.3083,
frame_ms,0.2639,
frame_ms,0.2778,
frame_ms,0.223,
frame_ms,0.2187,
frame_ms,0.2161,
frame_ms,0.2133,
frame_ms,0.2599,
frame_ms,0.2368,
frame_ms,0.2313,
frame_ms,0.3403,
frame_ms,0.4793,
frame_ms,0.3528,
frame_ms,0.3083,
tick_us,166.3,2
frame_ms,0.6524,
frame_ms,0.3067,
frame_ms,0.2705,
frame_ms,0.2301,
frame_ms,0.227,
frame_ms,0.2448,
frame_ms,0.2279,
frame_ms,0.2219,
frame_ms,0.2248,
frame_ms,0.2568,
frame_ms,0.3143,
frame_ms,0.3409,
frame_ms,0.3592,
frame_ms,0.3219,
frame_ms,0.2777,
frame_ms,0.2563,
frame_ms,0.262,
frame_ms,0.2451,
frame_ms,0.3317,
frame_ms,0.6039,
frame_ms,0.2988,
frame_ms,0.2509,
frame_ms,0.2576,
tick_us,155.7,2
frame_ms,0.7142,
frame_ms,0.2858,
frame_ms,0.3134,
frame_ms,0.8751,
frame_ms,0.3305,
frame_ms,1.0883,
frame_ms,0.369,
frame_ms,0.283,
frame_ms,1.135,
frame_ms,0.3776,
frame_ms,0.2676,
frame_ms,0.2353,
frame_ms,0.2374,
frame_ms,0.2323,
tick_us,162.3,2
frame_ms,0.6047,
frame_ms,0.2843,
frame_ms,0.2539,
frame_ms,0.228,
frame_ms,0.3518,
frame_ms,0.3189,
frame_ms,0.2705,
frame_ms,0.2597,
frame_ms,0.2586,
frame_ms,0.2749,
frame_ms,0.2394,
frame_ms,0.4923,
frame_ms,0.3371,
frame_ms,0.2622,
frame_ms,0.2317,
frame_ms,0.2233,
frame_ms,0.2258,
frame_ms,0.2155,
frame_ms,0.4097,
frame_ms,0.3232,
frame_ms,0.2532,
frame_ms,0.229,
frame_ms,0.2825,
frame_ms,0.2384,
tick_us,168.6,2
frame_ms,0.6331,
frame_ms,0.2706,
frame_ms,0.2496,
frame_ms,0.2225,
frame_ms,0.2226,
frame_ms,0.2304,
frame_ms,0.2205,
frame_ms,0.2194,
frame_ms,0.2518,
frame_ms,0.3157,
frame_ms,0.2384,
frame_ms,0.2413,
frame_ms,0.2372,
frame_ms,0.2336,
frame_ms,0.3453,
frame_ms,0.4124,
frame_ms,0.2404,
frame_ms,0.3209,
frame_ms,0.227,
frame_ms,0.222,
frame_ms,0.214,
frame_ms,0.2101,
frame_ms,0.2424,
frame_ms,0.2272,
frame_ms,0.2383,
frame_ms,0.3126,
tick_us,153,2
frame_ms,0.6607,
frame_ms,0.305,
frame_ms,0.3082,
frame_ms,0.3007,
frame_ms,0.258,
frame_ms,0.2328,
frame_ms,0.3863,
frame_ms,0.3039,
frame_ms,0.2808,
frame_ms,0.27,
frame_ms,0.2954,
frame_ms,0.2812,
frame_ms,0.3366,
frame_ms,0.2607,
frame_ms,0.2402,
frame_ms,0.2381,
frame_ms,0.2426,
frame_ms,0.2497,
frame_ms,0.3047,
frame_ms,0.3466,
frame_ms,0.2676,
frame_ms,0.2362,
frame_ms,0.2465,
tick_us,167.7,0
frame_ms,0.5939,
frame_ms,0.2975,
frame_ms,0.2546,
frame_ms,0.225,
frame_ms,0.2285,
frame_ms,0.2321,
frame_ms,0.2204,
frame_ms,0.2224,
frame_ms,0.263,
frame_ms,0.277,
frame_ms,0.2738,
frame_ms,0.2294,
frame_ms,0.2172,
frame_ms,0.2223,
frame_ms,0.2588,
frame_ms,0.2296,
frame_ms,0.2107,
frame_ms,0.2278,
frame_ms,0.2179,
frame_ms,0.2038,
frame_ms,0.2339,
frame_ms,0.2053,
frame_ms,0.2114,
frame_ms,0.234,
frame_ms,0.2185,
frame_ms,0.2089,
frame_ms,0.2674,
tick_us,151.8,0
frame_ms,0.8849,
frame_ms,0.527,
frame_ms,0.2698,
frame_ms,0.2257,
frame_ms,0.2188,
frame_ms,0.247,
frame_ms,0.2086,
frame_ms,0.2136,
frame_ms,0.2446,
frame_ms,0.2354,
frame_ms,0.2233,
frame_ms,0.2206,
frame_ms,0.2829,
frame_ms,0.9189,
frame_ms,1.1561,
frame_ms,0.4154,
frame_ms,0.359,
frame_ms,0.3779,
tick_us,178.6,0
frame_ms,0.7066,
frame_ms,0.3333,
frame_ms,0.3662,
frame_ms,0.3586,
frame_ms,0.253,
frame_ms,0.2178,
frame_ms,0.2223,
frame_ms,0.2404,
frame_ms,0.2181,
frame_ms,0.2744,
frame_ms,0.2752,
frame_ms,0.2343,
frame_ms,0.2234,
frame_ms,0.2334,
frame_ms,0.2219,
frame_ms,0.217,
frame_ms,0.237,
frame_ms,0.2463,
frame_ms,0.2874,
frame_ms,0.2444,
frame_ms,0.2237,
frame_ms,0.2327,
frame_ms,0.2221,
frame_ms,0.2121,
frame_ms,0.2684,
tick_us,135.3,0
frame_ms,0.5811,
frame_ms,0.2534,
frame_ms,0.2211,
frame_ms,0.2184,
frame_ms,0.2167,
frame_ms,0.2195,
frame_ms,0.3268,
frame_ms,0.2546,
frame_ms,0.2295,
frame_ms,0.2347,
frame_ms,0.276,
frame_ms,0.4289,
frame_ms,0.2705,
frame_ms,0.2356,
frame_ms,0.2291,
frame_ms,0.2326,
frame_ms,0.217,
frame_ms,0.2168,
frame_ms,0.2111,
frame_ms,0.2289,
frame_ms,0.228,
frame_ms,0.2234,
frame_ms,0.2222,
frame_ms,0.5551,
frame_ms,0.3996,
frame_ms,0.2627,
tick_us,156.7,0
frame_ms,0.5615,
frame_ms,0.2355,
frame_ms,0.2141,
frame_ms,0.2159,
frame_ms,0.2288,
frame_ms,0.2122,
frame_ms,0.2332,
frame_ms,0.2197,
frame_ms,0.2069,
frame_ms,0.2318,
frame_ms,0.2252,
frame_ms,0.2117,
frame_ms,0.2275,
frame_ms,0.2299,
frame_ms,0.3011,
frame_ms,0.2541,
frame_ms,0.2205,
frame_ms,0.2072,
frame_ms,0.2043,
frame_ms,0.2375,
frame_ms,0.2246,
frame_ms,0.2122,
frame_ms,0.2268,
frame_ms,0.2119,
frame_ms,0.2029,
frame_ms,0.2451,
frame_ms,0.2257,
frame_ms,0.2058,
frame_ms,0.297,
tick_us,146,2
frame_ms,0.5998,
frame_ms,0.5269,
frame_ms,0.2499,
frame_ms,0.2074,
frame_ms,0.2136,
frame_ms,0.217,
frame_ms,0.2348,
frame_ms,0.2152,
frame_ms,0.265,
frame_ms,0.2237,
frame_ms,0.2075,
frame_ms,0.2189,
frame_ms,0.2443,
frame_ms,0.2181,
frame_ms,0.211,
frame_ms,0.2482,
frame_ms,0.2392,
frame_ms,0.2241,
frame_ms,0.2228,
frame_ms,0.2565,
frame_ms,0.2161,
frame_ms,0.2028,
frame_ms,0.2189,
frame_ms,0.2171,
frame_ms,0.1998,
frame_ms,0.246,
frame_ms,0.2172,
frame_ms,0.2004,
tick_us,139.7,2
frame_ms,0.6558,
frame_ms,0.7541,
frame_ms,0.2172,
frame_ms,0.2164,
frame_ms,0.2089,
frame_ms,0.2044,
frame_ms,0.2417,
frame_ms,0.224,
frame_ms,0.2573,
frame_ms,0.2036,
frame_ms,0.2198,
frame_ms,0.2092,
frame_ms,0.2056,
frame_ms,0.2386,
frame_ms,0.2288,
frame_ms,0.2057,
frame_ms,0.2365,
frame_ms,0.2104,
frame_ms,0.2055,
frame_ms,0.2635,
frame_ms,0.2235,
frame_ms,0.2093,
frame_ms,0.2217,
frame_ms,0.2392,
frame_ms,0.3229,
tick_us,125.1,2
frame_ms,0.6477,
frame_ms,0.2445,
frame_ms,0.209,
frame_ms,0.2104,
frame_ms,0.2156,
frame_ms,0.2016,
frame_ms,0.2581,
frame_ms,0.2064,
frame_ms,0.2756,
frame_ms,0.2212,
frame_ms,0.2024,
frame_ms,0.2664,
frame_ms,0.2402,
frame_ms,0.2121,
frame_ms,0.3175,
frame_ms,0.6247,
frame_ms,0.4521,
frame_ms,0.3506,
frame_ms,0.3447,
frame_ms,0.3536,
frame_ms,0.3557,
frame_ms,0.3394,
frame_ms,0.3271,
tick_us,147.3,2
frame_ms,0.5511,
frame_ms,0.2847,
frame_ms,0.2559,
frame_ms,0.2149,
frame_ms,0.2309,
frame_ms,0.2075,
frame_ms,0.3761,
frame_ms,0.4717,
frame_ms,0.2647,
frame_ms,0.2399,
frame_ms,0.2142,
frame_ms,0.2222,
frame_ms,0.2153,
frame_ms,0.2135,
frame_ms,0.2384,
frame_ms,0.2302,
frame_ms,0.2134,
frame_ms,0.2189,
frame_ms,0.2449,
frame_ms,0.2663,
frame_ms,0.2277,
frame_ms,0.2156,
frame_ms,0.2105,
frame_ms,0.2093,
frame_ms,0.2481,
frame_ms,0.2215,
frame_ms,0.2059,
tick_us,142.1,2
frame_ms,0.5448,
frame_ms,0.2357,
frame_ms,0.2054,
frame_ms,0.2089,
frame_ms,0.2052,
frame_ms,0.2097,
frame_ms,0.227,
frame_ms,0.2819,
frame_ms,0.2827,
frame_ms,0.2571,
frame_ms,0.226,
frame_ms,0.228,
frame_ms,0.2255,
frame_ms,0.2177,
frame_ms,0.2154,
frame_ms,0.2473,
frame_ms,0.2709,
frame_ms,0.224,
frame_ms,0.2091,
frame_ms,0.2347,
frame_ms,0.2188,
frame_ms,0.2061,
frame_ms,0.2447,
frame_ms,0.2677,
frame_ms,0.2594,
frame_ms,0.2313,
frame_ms,0.2261,
frame_ms,0.2151,
frame_ms,0.2134,
tick_us,142.5,2
frame_ms,0.572,
frame_ms,0.2387,
frame_ms,0.2113,
frame_ms,0.2139,
frame_ms,0.211,
frame_ms,0.2174,
frame_ms,0.2428,
frame_ms,0.2499,
frame_ms,0.2174,
frame_ms,0.2062,
frame_ms,0.2951,
frame_ms,0.2323,
frame_ms,0.22,
frame_ms,0.2047,
frame_ms,0.2451,
frame_ms,0.276,
frame_ms,0.2615,
frame_ms,0.2433,
frame_ms,0.2303,
frame_ms,0.2156,
frame_ms,0.2128,
frame_ms,0.2368,
frame_ms,0.2489,
frame_ms,0.2151,
frame_ms,0.2061,
frame_ms,0.255,
frame_ms,0.2237,
frame_ms,0.2097,
tick_us,131,2
frame_ms,0.5964,
frame_ms,0.2309,
frame_ms,0.2079,
frame_ms,0.2163,
frame_ms,0.2245,
frame_ms,0.2049,
frame_ms,0.2169,
frame_ms,0.2332,
frame_ms,0.2109,
frame_ms,0.2012,
frame_ms,0.2632,
frame_ms,0.224,
frame_ms,0.2073,
frame_ms,0.2349,
frame_ms,0.2194,
frame_ms,0.208,
frame_ms,0.2495,
frame_ms,0.2227,
frame_ms,0.2106,
frame_ms,0.2392,
frame_ms,0.2165,
frame_ms,0.2691,
frame_ms,0.2039,
frame_ms,0.2517,
frame_ms,0.222,
frame_ms,0.212,
frame_ms,0.2105,
frame_ms,0.2477,
frame_ms,0.2138,
frame_ms,0.2103,
tick_us,135.9,2
frame_ms,0.5217,
frame_ms,0.2367,
frame_ms,0.2054,
frame_ms,0.2115,
frame_ms,0.2099,
frame_ms,0.2186,
frame_ms,0.2556,
frame_ms,0.2462,
frame_ms,0.2152,
frame_ms,0.2063,
frame_ms,0.2666,
frame_ms,0.2264,
frame_ms,0.2129,
frame_ms,0.2503,
frame_ms,0.2652,
frame_ms,0.2268,
frame_ms,0.2153,
frame_ms,0.2108,
frame_ms,0.2501,
frame_ms,0.2419,
frame_ms,0.325,
frame_ms,0.5243,
frame_ms,0.5605,
frame_ms,0.2757,
frame_ms,0.2127,
frame_ms,0.2253,
tick_us,138.4,2
frame_ms,0.504,
frame_ms,0.2292,
frame_ms,0.202,
frame_ms,0.2205,
frame_ms,0.2059,
frame_ms,0.2086,
frame_ms,0.2464,
frame_ms,0.2166,
frame_ms,0.2187,
frame_ms,0.2345,
frame_ms,0.219,
frame_ms,0.2098,
frame_ms,0.2392,
frame_ms,0.269,
frame_ms,0.2739,
frame_ms,0.2674,
frame_ms,0.2256,
frame_ms,0.2141,
frame_ms,0.2106,
frame_ms,0.2614,
frame_ms,0.2119,
frame_ms,0.2227,
frame_ms,0.2283,
frame_ms,0.2357,
frame_ms,0.2121,
frame_ms,0.2035,
frame_ms,0.2278,
frame_ms,0.2142,
frame_ms,0.2048,
tick_us,144.9,2
frame_ms,0.5444,
frame_ms,0.2482,
frame_ms,0.2125,
frame_ms,0.2384,
frame_ms,0.2046,
frame_ms,0.2092,
frame_ms,0.2681,
frame_ms,0.272,
frame_ms,0.227,
frame_ms,0.2156,
frame_ms,0.232,
frame_ms,0.2116,
frame_ms,0.2718,
frame_ms,0.2226,
frame_ms,0.2252,
frame_ms,0.2066,
frame_ms,0.2631,
frame_ms,0.2275,
frame_ms,0.2176,
frame_ms,0.229,
frame_ms,0.2076,
frame_ms,0.201,
frame_ms,0.267,
frame_ms,0.2217,
frame_ms,0.2061,
frame_ms,0.2373,
frame_ms,0.2143,
frame_ms,0.2042,
frame_ms,0.375,
tick_us,163.5,2
frame_ms,0.6204,
frame_ms,0.2369,
frame_ms,0.2125,
frame_ms,0.2085,
frame_ms,0.2114,
frame_ms,0.2616,
frame_ms,0.2115,
frame_ms,0.2012,
frame_ms,0.3949,
frame_ms,0.2239,
frame_ms,0.1975,
frame_ms,0.2053,
frame_ms,0.2,
frame_ms,0.2471,
frame_ms,0.2202,
frame_ms,0.1999,
frame_ms,0.234,
frame_ms,0.3505,
frame_ms,0.3876,
frame_ms,0.3351,
frame_ms,0.2491,
frame_ms,0.2195,
frame_ms,0.2254,
frame_ms,0.2061,
frame_ms,0.2582,
frame_ms,0.2032,
frame_ms,0.2428,
tick_us,138.9,2
frame_ms,0.5154,
frame_ms,0.2241,
frame_ms,0.2008,
frame_ms,0.2045,
frame_ms,0.2005,
frame_ms,0.2405,
frame_ms,0.2185,
frame_ms,0.2033,
frame_ms,0.2489,
frame_ms,0.2193,
frame_ms,0.2062,
frame_ms,0.227,
frame_ms,0.2103,
frame_ms,0.2056,
frame_ms,0.265,
frame_ms,0.222,
frame_ms,0.2037,
frame_ms,0.2736,
frame_ms,0.266,
frame_ms,0.2277,
frame_ms,0.2106,
frame_ms,0.2094,
frame_ms,0.2315,
frame_ms,0.2085,
frame_ms,0.22,
frame_ms,0.2319,
frame_ms,0.2172,
frame_ms,0.2086,
frame_ms,0.2499,
tick_us,134.9,2
frame_ms,0.5463,
frame_ms,0.2914,
frame_ms,0.2339,
frame_ms,0.4761,
frame_ms,0.3046,
frame_ms,0.2572,
frame_ms,0.2696,
frame_ms,0.2243,
frame_ms,0.2161,
frame_ms,0.2123,
frame_ms,0.21,
frame_ms,0.2598,
frame_ms,0.264,
frame_ms,0.2295,
frame_ms,0.2123,
frame_ms,0.2271,
frame_ms,0.2154,
frame_ms,0.2829,
frame_ms,0.2666,
frame_ms,0.239,
frame_ms,0.2782,
frame_ms,0.2265,
frame_ms,0.2166,
frame_ms,0.213,
frame_ms,0.2107,
frame_ms,0.2599,
frame_ms,0.2521,
tick_us,142.3,2
frame_ms,0.5224,
frame_ms,0.2262,
frame_ms,0.208,
frame_ms,0.2146,
frame_ms,0.2218,
frame_ms,0.2219,
frame_ms,0.2417,
frame_ms,0.2274,
frame_ms,0.2173,
frame_ms,0.2172,
frame_ms,0.2596,
frame_ms,0.304,
frame_ms,0.2303,
frame_ms,0.2098,
frame_ms,0.2109,
frame_ms,0.4052,
frame_ms,0.3647,
frame_ms,0.3158,
frame_ms,0.2386,
frame_ms,0.2071,
frame_ms,0.2074,
frame_ms,0.2153,
frame_ms,0.252,
frame_ms,0.2628,
frame_ms,0.2236,
frame_ms,0.2108,
frame_ms,0.3062,
tick_us,140,2
frame_ms,0.5182,
frame_ms,0.2205,
frame_ms,0.2106,
frame_ms,0.2084,
frame_ms,0.2039,
frame_ms,0.2367,
frame_ms,0.2189,
frame_ms,0.2138,
frame_ms,0.2329,
frame_ms,0.207,
frame_ms,0.2065,
frame_ms,0.2433,
frame_ms,0.2281,
frame_ms,0.6869,
frame_ms,0.2761,
frame_ms,0.2261,
frame_ms,0.263,
frame_ms,0.3061,
frame_ms,0.241,
frame_ms,0.2198,
frame_ms,0.2175,
frame_ms,0.2072,
frame_ms,0.2766,
frame_ms,0.3152,
frame_ms,0.2472,
frame_ms,0.2183,
tick_us,132.6,2
frame_ms,0.4952,
frame_ms,0.2264,
frame_ms,0.2564,
frame_ms,0.2244,
frame_ms,0.2141,
frame_ms,0.2067,
frame_ms,0.2343,
frame_ms,0.209,
frame_ms,0.2009,
frame_ms,0.2598,
frame_ms,0.2455,
frame_ms,0.2104,
frame_ms,0.2235,
frame_ms,0.2044,
frame_ms,0.2043,
frame_ms,0.2414,
frame_ms,0.3669,
frame_ms,0.3631,
frame_ms,0.3546,
frame_ms,0.3351,
frame_ms,0.3902,
frame_ms,0.2895,
frame_ms,0.2232,
frame_ms,0.2148,
frame_ms,0.2091,
frame_ms,0.204,
frame_ms,0.2428,
tick_us,158.6,2
frame_ms,0.6418,
frame_ms,0.3331,
frame_ms,0.3702,
frame_ms,0.2466,
frame_ms,0.224,
frame_ms,0.2212,
frame_ms,0.2523,
frame_ms,0.2018,
frame_ms,0.2482,
frame_ms,0.3091,
frame_ms,0.4146,
frame_ms,0.3335,
frame_ms,0.3331,
frame_ms,0.3313,
frame_ms,0.3359,
frame_ms,0.876,
frame_ms,0.4341,
frame_ms,0.3617,
frame_ms,0.354,
tick_us,160.7,2
frame_ms,0.6445,
frame_ms,0.2711,
frame_ms,0.2252,
frame_ms,0.213,
frame_ms,0.2115,
frame_ms,0.2063,
frame_ms,0.2623,
frame_ms,0.2203,
frame_ms,0.2044,
frame_ms,0.268,
frame_ms,0.2844,
frame_ms,0.2439,
frame_ms,0.226,
frame_ms,0.2154,
frame_ms,0.2155,
frame_ms,0.28,
frame_ms,0.2569,
frame_ms,0.2282,
frame_ms,0.2092,
frame_ms,0.2058,
frame_ms,0.251,
frame_ms,0.2256,
frame_ms,0.2115,
frame_ms,0.243,
frame_ms,0.2121,
frame_ms,0.2017,
frame_ms,0.2362,
frame_ms,0.2251,
tick_us,141.9,2
frame_ms,0.501,
frame_ms,0.2238,
frame_ms,0.2049,
frame_ms,0.2078,
frame_ms,0.2077,
frame_ms,0.2367,
frame_ms,0.2273,
frame_ms,0.2078,
frame_ms,0.2541,
frame_ms,0.2188,
frame_ms,0.2079,
frame_ms,0.2175,
frame_ms,0.2151,
frame_ms,0.2014,
frame_ms,0.2546,
frame_ms,0.22,
frame_ms,0.2018,
frame_ms,0.2426,
frame_ms,0.2214,
frame_ms,0.2139,
frame_ms,0.2149,
frame_ms,0.2362,
frame_ms,0.251,
frame_ms,0.2097,
frame_ms,0.2183,
frame_ms,0.2524,
frame_ms,0.2199,
frame_ms,0.2029,
frame_ms,0.257,
tick_us,162.4,2
frame_ms,0.8367,
frame_ms,0.3862,
frame_ms,0.3558,
frame_ms,0.3796,
frame_ms,0.349,
frame_ms,0.3356,
frame_ms,0.4012,
frame_ms,0.3345,
frame_ms,0.4397,
frame_ms,0.3188,
frame_ms,0.335,
frame_ms,0.329,
frame_ms,0.3275,
frame_ms,0.3252,
frame_ms,0.3271,
frame_ms,0.374,
frame_ms,0.372,
frame_ms,0.2771,
frame_ms,0.2217,
frame_ms,0.2182,
tick_us,142.4,2
frame_ms,0.5133,
frame_ms,0.2361,
frame_ms,0.2114,
frame_ms,0.2238,
frame_ms,0.2097,
frame_ms,0.2102,
frame_ms,0.2445,
frame_ms,0.2275,
frame_ms,0.2126,
frame_ms,0.2253,
frame_ms,0.2341,
frame_ms,0.2213,
frame_ms,0.2121,
frame_ms,0.2266,
frame_ms,0.2091,
frame_ms,0.2156,
frame_ms,0.255,
frame_ms,0.228,
frame_ms,0.2182,
frame_ms,0.2566,
frame_ms,0.2334,
frame_ms,0.2124,
frame_ms,0.2557,
frame_ms,0.2335,
frame_ms,0.2156,
frame_ms,0.2471,
frame_ms,0.2264,
frame_ms,0.2111,
frame_ms,0.2396,
tick_us,136,2
frame_ms,0.5224,
frame_ms,0.2348,
frame_ms,0.2088,
frame_ms,0.2118,
frame_ms,0.3673,
frame_ms,0.2625,
frame_ms,0.2304,
frame_ms,0.2168,
frame_ms,0.2198,
frame_ms,0.2095,
frame_ms,0.2345,
frame_ms,0.2133,
frame_ms,0.2258,
frame_ms,0.212,
frame_ms,0.2452,
frame_ms,0.2797,
frame_ms,0.2485,
frame_ms,0.2283,
frame_ms,0.2311,
frame_ms,0.2593,
frame_ms,0.2308,
frame_ms,0.2153,
frame_ms,0.2609,
frame_ms,0.2088,
frame_ms,0.2072,
frame_ms,0.2324,
frame_ms,0.209,
frame_ms,0.2135,
frame_ms,0.2322,
tick_us,138.4,4
frame_ms,0.5003,
frame_ms,0.2425,
frame_ms,0.2084,
frame_ms,0.2127,
frame_ms,0.2425,
frame_ms,0.2634,
frame_ms,0.2671,
frame_ms,0.2554,
frame_ms,0.2228,
frame_ms,0.2633,
frame_ms,0.2027,
frame_ms,0.245,
frame_ms,0.2158,
frame_ms,0.2098,
frame_ms,0.2775,
frame_ms,0.2371,
frame_ms,0.2284,
frame_ms,0.2753,
frame_ms,0.267,
frame_ms,0.2274,
frame_ms,0.2203,
frame_ms,0.2159,
frame_ms,0.2128,
frame_ms,0.3086,
frame_ms,0.2796,
frame_ms,0.245,
frame_ms,0.2327,
tick_us,138.2,4
frame_ms,0.5019,
frame_ms,0.223,
frame_ms,0.2054,
frame_ms,0.2123,
frame_ms,0.2104,
frame_ms,0.2473,
frame_ms,0.2143,
frame_ms,0.2351,
frame_ms,0.2181,
frame_ms,0.2307,
frame_ms,0.2486,
frame_ms,0.9512,
frame_ms,0.46,
frame_ms,0.4411,
frame_ms,0.354,
frame_ms,0.3414,
frame_ms,0.3518,
frame_ms,0.2459,
frame_ms,0.213,
frame_ms,0.2214,
frame_ms,0.2136,
frame_ms,0.2106,
frame_ms,0.2507,
tick_us,139.2,4
frame_ms,0.5439,
frame_ms,0.286,
frame_ms,0.2303,
frame_ms,0.2095,
frame_ms,0.2147,
frame_ms,0.2089,
frame_ms,0.2468,
frame_ms,0.2207,
frame_ms,0.2276,
frame_ms,0.2266,
frame_ms,0.2232,
frame_ms,0.2097,
frame_ms,0.2379,
frame_ms,0.322,
frame_ms,0.4115,
frame_ms,0.303,
frame_ms,0.2332,
frame_ms,0.2629,
frame_ms,0.2229,
frame_ms,0.2192,
frame_ms,0.2148,
frame_ms,0.243,
frame_ms,0.2277,
frame_ms,0.209,
frame_ms,0.2425,
frame_ms,0.2193,
frame_ms,0.2335,
frame_ms,0.2087,
tick_us,139.8,4
frame_ms,0.4945,
frame_ms,0.2191,
frame_ms,0.204,
frame_ms,0.2183,
frame_ms,0.2178,
frame_ms,0.2008,
frame_ms,0.2484,
frame_ms,0.2145,
frame_ms,0.2931,
frame_ms,0.2082,
frame_ms,0.208,
frame_ms,0.2067,
frame_ms,0.2419,
frame_ms,0.2105,
frame_ms,0.2328,
frame_ms,0.2091,
frame_ms,0.4117,
frame_ms,0.3938,
frame_ms,0.3698,
frame_ms,0.3486,
frame_ms,0.3984,
frame_ms,0.3564,
frame_ms,0.4228,
frame_ms,0.2227,
frame_ms,0.2233,
tick_us,139,4
frame_ms,0.5069,
frame_ms,0.2331,
frame_ms,0.2076,
frame_ms,0.2279,
frame_ms,0.2133,
frame_ms,0.2408,
frame_ms,0.2272,
frame_ms,0.213,
frame_ms,0.2485,
frame_ms,0.3269,
frame_ms,0.2206,
frame_ms,0.2076,
frame_ms,0.2096,
frame_ms,0.2276,
frame_ms,0.2152,
frame_ms,0.2116,
frame_ms,0.2895,
frame_ms,0.2327,
frame_ms,0.3874,
frame_ms,0.4184,
frame_ms,0.2258,
frame_ms,0.2217,
frame_ms,0.2126,
frame_ms,0.2079,
frame_ms,0.2676,
frame_ms,0.2345,
frame_ms,0.2131,
tick_us,137,4
frame_ms,0.532,
frame_ms,0.2533,
frame_ms,0.3637,
frame_ms,0.2535,
frame_ms,0.2139,
frame_ms,0.2116,
frame_ms,0.2366,
frame_ms,0.2204,
frame_ms,0.2308,
frame_ms,0.2385,
frame_ms,0.2625,
frame_ms,0.2266,
frame_ms,0.221,
frame_ms,0.213,
frame_ms,0.2125,
frame_ms,0.2611,
frame_ms,0.281,
frame_ms,0.2299,
frame_ms,0.214,
frame_ms,0.2206,
frame_ms,0.2996,
frame_ms,0.2276,
frame_ms,0.2084,
frame_ms,0.2624,
frame_ms,0.6077,
frame_ms,0.2788,
tick_us,127.2,4
frame_ms,0.4894,
frame_ms,0.2289,
frame_ms,0.2072,
frame_ms,0.2103,
frame_ms,0.206,
frame_ms,0.3414,
frame_ms,0.2319,
frame_ms,0.21,
frame_ms,0.24,
frame_ms,0.2256,
frame_ms,0.233,
frame_ms,0.2101,
frame_ms,0.2541,
frame_ms,0.2317,
frame_ms,0.209,
frame_ms,0.2393,
frame_ms,0.2151,
frame_ms,0.2111,
frame_ms,0.2543,
frame_ms,0.2148,
frame_ms,0.2314,
frame_ms,0.2178,
frame_ms,0.2468,
frame_ms,0.2265,
frame_ms,0.2631,
frame_ms,0.2345,
frame_ms,0.2119,
frame_ms,0.2547,
frame_ms,0.2041,
tick_us,137.2,4
frame_ms,0.4939,
frame_ms,0.2194,
frame_ms,0.2169,
frame_ms,0.2147,
frame_ms,0.2058,
frame_ms,0.2035,
frame_ms,0.2447,
frame_ms,0.2265,
frame_ms,0.2047,
frame_ms,0.2433,
frame_ms,0.2283,
frame_ms,0.2056,
frame_ms,0.2616,
frame_ms,0.2306,
frame_ms,0.2075,
frame_ms,0.2314,
frame_ms,0.2405,
frame_ms,0.2046,
frame_ms,0.2236,
frame_ms,0.2077,
frame_ms,0.2105,
frame_ms,0.2582,
frame_ms,0.3563,
frame_ms,0.3749,
frame_ms,0.2498,
frame_ms,0.2149,
frame_ms,0.2087,
frame_ms,0.2049,
tick_us,130.5,4
frame_ms,0.5171,
frame_ms,0.2291,
frame_ms,0.2042,
frame_ms,0.2074,
frame_ms,0.2051,
frame_ms,0.4308,
frame_ms,0.451,
frame_ms,0.2766,
frame_ms,0.2319,
frame_ms,0.2163,
frame_ms,0.212,
frame_ms,0.2073,
frame_ms,0.2195,
frame_ms,0.2307,
frame_ms,0.2158,
frame_ms,0.2877,
frame_ms,0.2348,
frame_ms,0.2157,
frame_ms,0.2829,
frame_ms,0.2159,
frame_ms,0.2055,
frame_ms,0.2903,
frame_ms,0.3351,
frame_ms,0.3079,
frame_ms,0.2634,
frame_ms,0.2387,
tick_us,147.7,4
frame_ms,0.5516,
frame_ms,0.259,
frame_ms,0.2957,
frame_ms,0.2426,
frame_ms,0.2192,
frame_ms,0.2182,
frame_ms,0.2112,
frame_ms,0.2096,
frame_ms,0.2479,
frame_ms,0.2166,
frame_ms,0.2074,
frame_ms,0.2567,
frame_ms,0.2212,
frame_ms,0.2053,
frame_ms,0.2445,
frame_ms,0.2276,
frame_ms,0.2112,
frame_ms,0.241,
frame_ms,0.2223,
frame_ms,0.2275,
frame_ms,0.2277,
frame_ms,0.213,
frame_ms,0.2341,
frame_ms,0.2229,
frame_ms,0.2424,
frame_ms,0.551,
frame_ms,0.3231,
tick_us,134.7,4
frame_ms,0.5082,
frame_ms,0.2276,
frame_ms,0.2055,
frame_ms,0.2097,
frame_ms,0.2081,
frame_ms,0.2452,
frame_ms,0.2145,
frame_ms,0.2229,
frame_ms,0.2005,
frame_ms,0.2138,
frame_ms,0.2339,
frame_ms,0.6486,
frame_ms,0.3266,
frame_ms,0.2482,
frame_ms,0.2278,
frame_ms,0.217,
frame_ms,0.2132,
frame_ms,0.282,
frame_ms,0.2813,
frame_ms,0.2157,
frame_ms,0.225,
frame_ms,0.2113,
frame_ms,0.2375,
frame_ms,0.2293,
frame_ms,0.2098,
frame_ms,0.2489,
frame_ms,0.2692,
tick_us,138.4,4
frame_ms,0.5297,
frame_ms,0.2309,
frame_ms,0.2075,
frame_ms,0.2121,
frame_ms,0.2137,
frame_ms,0.2527,
frame_ms,0.2196,
frame_ms,0.2352,
frame_ms,0.234,
frame_ms,0.329,
frame_ms,0.3992,
frame_ms,0.3478,
frame_ms,0.3516,
frame_ms,0.3398,
frame_ms,0.3998,
frame_ms,0.4816,
frame_ms,0.2842,
frame_ms,0.2166,
frame_ms,0.2162,
frame_ms,0.2157,
frame_ms,0.2089,
frame_ms,0.2913,
frame_ms,0.2704,
frame_ms,0.2305,
tick_us,136,4
frame_ms,0.5196,
frame_ms,0.2315,
frame_ms,0.2111,
frame_ms,0.2144,
frame_ms,0.2237,
frame_ms,0.2163,
frame_ms,0.2482,
frame_ms,0.248,
frame_ms,0.3046,
frame_ms,0.2438,
frame_ms,0.2247,
frame_ms,0.2161,
frame_ms,0.2084,
frame_ms,0.5239,
frame_ms,0.357,
frame_ms,0.3592,
frame_ms,0.3594,
frame_ms,0.3618,
frame_ms,0.3446,
frame_ms,0.3877,
frame_ms,0.353,
frame_ms,0.3704,
frame_ms,0.3683,
tick_us,126,4
frame_ms,0.6134,
frame_ms,0.2435,
frame_ms,0.2177,
frame_ms,0.2187,
frame_ms,0.2078,
frame_ms,0.2111,
frame_ms,0.2599,
frame_ms,0.2991,
frame_ms,0.2499,
frame_ms,0.2281,
frame_ms,0.2097,
frame_ms,0.2105,
frame_ms,0.2989,
frame_ms,0.236,
frame_ms,0.2144,
frame_ms,0.2098,
frame_ms,0.2638,
frame_ms,0.2341,
frame_ms,0.2127,
frame_ms,0.2514,
frame_ms,0.2311,
frame_ms,0.2113,
frame_ms,0.2384,
frame_ms,0.2142,
frame_ms,0.2224,
frame_ms,0.2005,
frame_ms,0.2149,
frame_ms,0.234,
tick_us,143.7,4
frame_ms,0.614,
frame_ms,0.2988,
frame_ms,0.2533,
frame_ms,0.2409,
frame_ms,0.2238,
frame_ms,0.2317,
frame_ms,0.2254,
frame_ms,0.2144,
frame_ms,0.2472,
frame_ms,0.2637,
frame_ms,0.2275,
frame_ms,0.2099,
frame_ms,0.2339,
frame_ms,0.2336,
frame_ms,0.206,
frame_ms,0.2358,
frame_ms,0.2306,
frame_ms,0.2148,
frame_ms,0.2685,
frame_ms,0.2352,
frame_ms,0.2209,
frame_ms,0.2485,
frame_ms,0.7227,
frame_ms,0.3238,
frame_ms,0.2323,
frame_ms,0.2283,
tick_us,145,4
frame_ms,0.5572,
frame_ms,0.2473,
frame_ms,0.2068,
frame_ms,0.2158,
frame_ms,0.2071,
frame_ms,0.2564,
frame_ms,0.234,
frame_ms,0.2131,
frame_ms,0.2392,
frame_ms,0.2335,
frame_ms,0.2096,
frame_ms,0.2324,
frame_ms,0.2134,
frame_ms,0.2254,
frame_ms,0.2221,
frame_ms,0.21,
frame_ms,0.2576,
frame_ms,0.2152,
frame_ms,0.2461,
frame_ms,0.272,
frame_ms,0.2339,
frame_ms,0.2213,
frame_ms,0.2145,
frame_ms,0.265,
frame_ms,0.3175,
frame_ms,0.2297,
frame_ms,0.2194,
frame_ms,0.2171,
tick_us,146.1,4
frame_ms,0.5237,
frame_ms,0.2376,
frame_ms,0.2462,
frame_ms,0.3755,
frame_ms,0.2452,
frame_ms,0.2194,
frame_ms,0.2199,
frame_ms,0.2117,
frame_ms,0.2156,
frame_ms,0.2527,
frame_ms,0.2303,
frame_ms,0.2154,
frame_ms,0.3051,
frame_ms,0.2404,
frame_ms,0.2161,
frame_ms,0.21,
frame_ms,0.2346,
frame_ms,0.2132,
frame_ms,0.2796,
frame_ms,0.2368,
frame_ms,0.2097,
frame_ms,0.2527,
frame_ms,0.2267,
frame_ms,0.2114,
frame_ms,0.2294,
frame_ms,0.2215,
frame_ms,0.2059,
tick_us,148.2,4
frame_ms,0.7207,
frame_ms,0.4011,
frame_ms,0.4527,
frame_ms,0.2821,
frame_ms,0.2199,
frame_ms,0.2221,
frame_ms,0.2153,
frame_ms,0.2437,
frame_ms,0.2267,
frame_ms,0.2129,
frame_ms,0.2377,
frame_ms,0.2199,
frame_ms,0.2105,
frame_ms,0.4271,
frame_ms,0.2672,
frame_ms,0.2312,
frame_ms,0.2183,
frame_ms,0.2442,
frame_ms,0.2285,
frame_ms,0.211,
frame_ms,0.2552,
frame_ms,0.2878,
frame_ms,0.246,
frame_ms,0.2217,
frame_ms,0.218,
frame_ms,0.2255,
tick_us,136.8,4
frame_ms,0.519,
frame_ms,0.249,
frame_ms,0.2067,
frame_ms,0.2131,
frame_ms,0.2115,
frame_ms,0.2082,
frame_ms,0.246,
frame_ms,0.2559,
frame_ms,0.2226,
frame_ms,0.2053,
frame_ms,0.2548,
frame_ms,0.2263,
frame_ms,0.2068,
frame_ms,0.2419,
frame_ms,0.2243,
frame_ms,0.226,
frame_ms,0.2651,
frame_ms,0.2189,
frame_ms,0.2087,
frame_ms,0.211,
frame_ms,0.2372,
frame_ms,0.211,
frame_ms,0.2077,
frame_ms,0.2638,
frame_ms,0.2217,
frame_ms,0.2079,
frame_ms,0.2618,
frame_ms,0.225,
frame_ms,0.2319,
tick_us,137.7,4
frame_ms,0.5661,
frame_ms,0.2228,
frame_ms,0.2054,
frame_ms,0.2235,
frame_ms,0.2258,
frame_ms,0.2255,
frame_ms,0.2386,
frame_ms,0.2191,
frame_ms,0.3578,
frame_ms,0.2644,
frame_ms,0.2497,
frame_ms,0.223,
frame_ms,0.2219,
frame_ms,0.2053,
frame_ms,0.2352,
frame_ms,0.2149,
frame_ms,0.2232,
frame_ms,0.2034,
frame_ms,0.2072,
frame_ms,0.2388,
frame_ms,0.2175,
frame_ms,0.207,
frame_ms,0.2462,
frame_ms,0.2111,
frame_ms,0.2364,
frame_ms,0.2082,
frame_ms,0.2126,
frame_ms,0.2609,
frame_ms,0.2131,
tick_us,137.1,4
frame_ms,0.5011,
frame_ms,0.2509,
frame_ms,0.2485,
frame_ms,0.2542,
frame_ms,0.2289,
frame_ms,0.2146,
frame_ms,0.2713,
frame_ms,0.2653,
frame_ms,0.2148,
frame_ms,0.2353,
frame_ms,0.2102,
frame_ms,0.2373,
frame_ms,0.215,
frame_ms,0.2203,
frame_ms,0.1979,
frame_ms,0.2202,
frame_ms,0.2326,
frame_ms,0.2197,
frame_ms,0.2006,
frame_ms,0.2695,
frame_ms,0.2202,
frame_ms,0.2101,
frame_ms,0.2221,
frame_ms,0.203,
frame_ms,0.2605,
frame_ms,0.2307,
frame_ms,0.2064,
frame_ms,0.2279,
frame_ms,0.2057,
frame_ms,0.2072,
tick_us,136.7,4
frame_ms,0.5527,
frame_ms,0.2374,
frame_ms,0.2061,
frame_ms,0.2148,
frame_ms,0.2031,
frame_ms,0.214,
frame_ms,0.3609,
frame_ms,0.3305,
frame_ms,0.2377,
frame_ms,0.2231,
frame_ms,0.2229,
frame_ms,0.2222,
frame_ms,0.2148,
frame_ms,0.2603,
frame_ms,0.2626,
frame_ms,0.3928,
frame_ms,0.3083,
frame_ms,0.2255,
frame_ms,0.2182,
frame_ms,0.2078,
frame_ms,0.237,
frame_ms,0.2233,
frame_ms,0.2156,
frame_ms,0.2064,
frame_ms,0.2416,
frame_ms,0.2193,
frame_ms,0.206,
tick_us,141.8,4
frame_ms,0.5506,
frame_ms,0.2344,
frame_ms,0.2064,
frame_ms,0.2046,
frame_ms,0.2068,
frame_ms,0.2393,
frame_ms,0.229,
frame_ms,0.2097,
frame_ms,0.2497,
frame_ms,0.2631,
frame_ms,0.2352,
frame_ms,0.214,
frame_ms,0.217,
frame_ms,0.265,
frame_ms,0.2312,
frame_ms,0.2364,
frame_ms,0.2137,
frame_ms,0.2319,
frame_ms,0.2096,
frame_ms,0.2041,
frame_ms,0.238,
frame_ms,0.2295,
frame_ms,0.207,
frame_ms,0.2248,
frame_ms,0.2114,
frame_ms,0.2592,
frame_ms,0.2704,
frame_ms,0.2292,
frame_ms,0.2166,
tick_us,136.4,4
frame_ms,0.5204,
frame_ms,0.3103,
frame_ms,0.2768,
frame_ms,0.2142,
frame_ms,0.2107,
frame_ms,0.2071,
frame_ms,0.236,
frame_ms,0.2057,
frame_ms,0.4434,
frame_ms,0.3909,
frame_ms,0.2601,
frame_ms,0.2149,
frame_ms,0.218,
frame_ms,0.2098,
frame_ms,0.2525,
frame_ms,0.3115,
frame_ms,0.3713,
frame_ms,0.242,
frame_ms,0.2102,
frame_ms,0.2128,
frame_ms,0.209,
frame_ms,0.29,
frame_ms,0.2358,
frame_ms,0.2214,
frame_ms,0.2143,
frame_ms,0.2876,
tick_us,126.3,4
frame_ms,0.5546,
frame_ms,0.2432,
frame_ms,0.21,
frame_ms,0.2145,
frame_ms,0.2653,
frame_ms,0.2206,
frame_ms,0.217,
frame_ms,0.2759,
frame_ms,0.2576,
frame_ms,0.2278,
frame_ms,0.2175,
frame_ms,0.2758,
frame_ms,0.2501,
frame_ms,0.2342,
frame_ms,0.2143,
frame_ms,0.2278,
frame_ms,0.226,
frame_ms,0.2172,
frame_ms,0.2351,
frame_ms,0.2158,
frame_ms,0.2671,
frame_ms,0.2066,
frame_ms,0.2151,
frame_ms,0.2291,
frame_ms,0.2405,
frame_ms,0.2124,
frame_ms,0.2598,
frame_ms,0.2315,
tick_us,137.4,4
frame_ms,0.4967,
frame_ms,0.2215,
frame_ms,0.2039,
frame_ms,0.2093,
frame_ms,0.2081,
frame_ms,0.2287,
frame_ms,0.2032,
frame_ms,0.2397,
frame_ms,0.2164,
frame_ms,0.2515,
frame_ms,0.2909,
frame_ms,0.2223,
frame_ms,0.2048,
frame_ms,0.2245,
frame_ms,0.2602,
frame_ms,0.2088,
frame_ms,0.2446,
frame_ms,0.3855,
frame_ms,0.2686,
frame_ms,0.2199,
frame_ms,0.2194,
frame_ms,0.2165,
frame_ms,0.2083,
frame_ms,0.2493,
frame_ms,0.2841,
frame_ms,0.2417,
frame_ms,0.2207,
frame_ms,0.2106,
frame_ms,0.2327,
tick_us,137.7,4
frame_ms,0.9176,
frame_ms,0.4344,
frame_ms,0.2207,
frame_ms,0.2126,
frame_ms,0.211,
frame_ms,0.2659,
frame_ms,0.2217,
frame_ms,0.2167,
frame_ms,0.3245,
frame_ms,0.2378,
frame_ms,0.2245,
frame_ms,0.2141,
frame_ms,0.2168,
frame_ms,0.2566,
frame_ms,0.2489,
frame_ms,0.228,
frame_ms,0.2108,
frame_ms,0.2583,
frame_ms,0.2194,
frame_ms,0.211,
frame_ms,0.2292,
frame_ms,0.2109,
frame_ms,0.2098,
frame_ms,0.2648,
frame_ms,0.2322,
frame_ms,0.2089,
tick_us,142.4,2
frame_ms,0.5385,
frame_ms,0.2323,
frame_ms,0.2047,
frame_ms,0.2159,
frame_ms,0.2144,
frame_ms,0.2139,
frame_ms,0.2416,
frame_ms,0.2561,
frame_ms,0.2116,
frame_ms,0.2513,
frame_ms,0.2146,
frame_ms,0.2229,
frame_ms,0.2427,
frame_ms,0.371,
frame_ms,0.4067,
frame_ms,0.3516,
frame_ms,0.3407,
frame_ms,0.3812,
frame_ms,0.2603,
frame_ms,0.3966,
frame_ms,0.3636,
frame_ms,0.345,
frame_ms,0.3143,
tick_us,130.2,2
frame_ms,0.5227,
frame_ms,0.2254,
frame_ms,0.2058,
frame_ms,0.2111,
frame_ms,0.2038,
frame_ms,0.2355,
frame_ms,0.2296,
frame_ms,0.4472,
frame_ms,0.294,
frame_ms,0.2325,
frame_ms,0.2162,
frame_ms,0.2145,
frame_ms,0.2054,
frame_ms,0.29,
frame_ms,0.5712,
frame_ms,0.2781,
frame_ms,0.2347,
frame_ms,0.2181,
frame_ms,0.2143,
frame_ms,0.233,
frame_ms,0.2307,
frame_ms,0.2159,
frame_ms,0.2421,
frame_ms,0.2106,
frame_ms,0.2314,
frame_ms,0.2092,
frame_ms,0.2095,
tick_us,142.1,2
frame_ms,0.5576,
frame_ms,0.3047,
frame_ms,0.2755,
frame_ms,0.2354,
frame_ms,0.2126,
frame_ms,0.219,
frame_ms,0.2129,
frame_ms,0.2103,
frame_ms,0.2413,
frame_ms,0.2663,
frame_ms,0.2231,
frame_ms,0.2134,
frame_ms,0.225,
frame_ms,0.2249,
frame_ms,0.2256,
frame_ms,0.2068,
frame_ms,0.2577,
frame_ms,0.2684,
frame_ms,0.3319,
frame_ms,0.2719,
frame_ms,0.2312,
frame_ms,0.2749,
frame_ms,0.2332,
frame_ms,0.2157,
frame_ms,0.2077,
frame_ms,0.2424,
frame_ms,0.2157,
frame_ms,0.221,
tick_us,140.8,2
frame_ms,0.5082,
frame_ms,0.226,
frame_ms,0.2028,
frame_ms,0.2122,
frame_ms,0.2284,
frame_ms,0.2045,
frame_ms,0.2367,
frame_ms,0.2127,
frame_ms,0.2052,
frame_ms,0.2554,
frame_ms,0.2125,
frame_ms,0.2363,
frame_ms,0.2153,
frame_ms,0.2131,
frame_ms,0.2369,
frame_ms,0.2333,
frame_ms,1.1622,
frame_ms,0.5071,
frame_ms,0.3423,
frame_ms,0.32,
frame_ms,0.3057,
frame_ms,0.3152,
tick_us,219.4,2
frame_ms,0.8391,
frame_ms,0.4949,
frame_ms,0.3627,
frame_ms,0.316,
frame_ms,0.3056,
frame_ms,0.3321,
frame_ms,0.3341,
frame_ms,0.3068,
frame_ms,0.3824,
frame_ms,0.3419,
frame_ms,0.6531,
frame_ms,0.4996,
frame_ms,0.4429,
frame_ms,0.2712,
frame_ms,0.2491,
frame_ms,0.2514,
frame_ms,0.2422,
frame_ms,0.241,
frame_ms,0.2614,
tick_us,197.4,2
frame_ms,0.6695,
frame_ms,0.3048,
frame_ms,0.2816,
frame_ms,0.2579,
frame_ms,0.2382,
frame_ms,0.2497,
frame_ms,0.2427,
frame_ms,0.2572,
frame_ms,0.2459,
frame_ms,0.2318,
frame_ms,0.2296,
frame_ms,0.2193,
frame_ms,0.3006,
frame_ms,0.33,
frame_ms,0.2559,
frame_ms,0.2425,
frame_ms,0.3303,
frame_ms,0.4934,
frame_ms,0.3999,
frame_ms,0.3587,
frame_ms,0.3007,
frame_ms,0.2647,
frame_ms,0.2215,
tick_us,154.2,2
frame_ms,0.5588,
frame_ms,0.3286,
frame_ms,0.2683,
frame_ms,0.2792,
frame_ms,0.2276,
frame_ms,0.2358,
frame_ms,0.2341,
frame_ms,0.2406,
frame_ms,0.252,
frame_ms,0.2414,
frame_ms,0.2775,
frame_ms,0.2402,
frame_ms,0.2459,
frame_ms,0.2426,
frame_ms,0.2376,
frame_ms,0.2336,
frame_ms,0.2321,
frame_ms,0.2584,
frame_ms,0.2398,
frame_ms,0.2217,
frame_ms,0.3512,
frame_ms,0.2716,
frame_ms,0.2442,
frame_ms,0.2332,
frame_ms,0.2401,
tick_us,209.5,2
frame_ms,0.924,
frame_ms,0.3348,
frame_ms,0.2646,
frame_ms,0.2336,
frame_ms,0.2354,
frame_ms,0.2405,
frame_ms,0.2326,
frame_ms,0.2488,
frame_ms,0.2361,
frame_ms,0.44,
frame_ms,0.4238,
frame_ms,0.3059,
frame_ms,0.2767,
frame_ms,0.2508,
frame_ms,0.237,
frame_ms,0.2308,
frame_ms,0.2341,
frame_ms,0.2382,
frame_ms,0.2412,
frame_ms,0.4598,
frame_ms,0.3817,
frame_ms,0.3413,
tick_us,153.7,2
frame_ms,0.6075,
frame_ms,0.2562,
frame_ms,0.2425,
frame_ms,0.2488,
frame_ms,0.6492,
frame_ms,0.3371,
frame_ms,0.305,
frame_ms,0.2708,
frame_ms,0.2493,
frame_ms,0.2663,
frame_ms,0.3453,
frame_ms,0.2727,
frame_ms,0.2363,
frame_ms,0.229,
frame_ms,0.2397,
frame_ms,0.2369,
frame_ms,0.3122,
frame_ms,0.4096,
frame_ms,0.3473,
frame_ms,0.2632,
frame_ms,0.2922,
frame_ms,0.2375,
frame_ms,0.2395,
tick_us,161.5,2
frame_ms,0.5843,
frame_ms,0.2518,
frame_ms,0.2405,
frame_ms,0.2161,
frame_ms,0.2429,
frame_ms,0.231,
frame_ms,0.2271,
frame_ms,0.2351,
frame_ms,0.2395,
frame_ms,0.2238,
frame_ms,0.4036,
frame_ms,0.2451,
frame_ms,0.2268,
frame_ms,0.2557,
frame_ms,0.2208,
frame_ms,0.2383,
frame_ms,0.2248,
frame_ms,0.2276,
frame_ms,0.269,
frame_ms,0.2661,
frame_ms,0.2421,
frame_ms,0.3417,
frame_ms,0.2683,
frame_ms,0.6346,
tick_us,164.3,2
frame_ms,0.7313,
frame_ms,0.271,
frame_ms,0.2429,
frame_ms,0.2483,
frame_ms,0.2448,
frame_ms,0.2275,
frame_ms,0.2422,
frame_ms,0.2533,
frame_ms,0.2903,
frame_ms,0.2487,
frame_ms,0.262,
frame_ms,0.8966,
frame_ms,0.428,
frame_ms,0.3697,
frame_ms,0.3636,
frame_ms,0.3055,
frame_ms,0.2694,
frame_ms,0.2347,
frame_ms,0.2591,
frame_ms,0.2608,
frame_ms,0.2943,
frame_ms,0.2705,
tick_us,153.3,2
frame_ms,0.5711,
frame_ms,0.2794,
frame_ms,0.2757,
frame_ms,0.2252,
frame_ms,0.2208,
frame_ms,0.2117,
frame_ms,0.2134,
frame_ms,0.2712,
frame_ms,0.2757,
frame_ms,0.2378,
frame_ms,0.2271,
frame_ms,0.2192,
frame_ms,0.2181,
frame_ms,0.2549,
frame_ms,0.2266,
frame_ms,0.2366,
frame_ms,0.2173,
frame_ms,0.2455,
frame_ms,0.2358,
frame_ms,0.2317,
frame_ms,0.2985,
frame_ms,0.254,
frame_ms,0.2278,
frame_ms,0.2309,
frame_ms,0.3973,
frame_ms,0.3381,
tick_us,136.3,4
frame_ms,0.5582,
frame_ms,0.2496,
frame_ms,0.2206,
frame_ms,0.2176,
frame_ms,0.2172,
frame_ms,0.2295,
frame_ms,0.2187,
frame_ms,0.2516,
frame_ms,0.2801,
frame_ms,0.2523,
frame_ms,0.2549,
frame_ms,0.2501,
frame_ms,0.2428,
frame_ms,0.2327,
frame_ms,0.2505,
frame_ms,0.2369,
frame_ms,0.2242,
frame_ms,0.5955,
frame_ms,0.3312,
frame_ms,0.2595,
frame_ms,0.2198,
frame_ms,0.2197,
frame_ms,0.2185,
frame_ms,0.2202,
frame_ms,0.2714,
frame_ms,0.3766,
tick_us,158.7,4
frame_ms,0.6177,
frame_ms,0.2546,
frame_ms,0.2194,
frame_ms,0.2184,
frame_ms,0.225,
frame_ms,0.2482,
frame_ms,0.2335,
frame_ms,0.2209,
frame_ms,0.3202,
frame_ms,0.2283,
frame_ms,0.2242,
frame_ms,0.2162,
frame_ms,0.2162,
frame_ms,0.2773,
frame_ms,0.2713,
frame_ms,0.2402,
frame_ms,0.2291,
frame_ms,1.2166,
frame_ms,0.2445,
frame_ms,0.2069,
frame_ms,0.2203,
frame_ms,0.4808,
tick_us,196.9,4
frame_ms,0.743,
frame_ms,0.3793,
frame_ms,0.2769,
frame_ms,0.301,
frame_ms,0.2711,
frame_ms,0.2286,
frame_ms,0.2324,
frame_ms,0.2347,
frame_ms,0.2261,
frame_ms,0.2098,
frame_ms,0.2102,
frame_ms,0.2403,
frame_ms,0.2217,
frame_ms,0.2056,
frame_ms,0.2278,
frame_ms,0.2278,
frame_ms,0.2111,
frame_ms,0.2397,
frame_ms,0.2256,
frame_ms,0.2355,
frame_ms,0.2363,
frame_ms,0.2267,
frame_ms,0.215,
frame_ms,0.5039,
tick_us,135.5,2
frame_ms,1.0087,
frame_ms,0.283,
frame_ms,0.2223,
frame_ms,0.4078,
frame_ms,0.2141,
frame_ms,0.2186,
frame_ms,0.2175,
frame_ms,0.2092,
frame_ms,0.2785,
frame_ms,0.2729,
frame_ms,0.2303,
frame_ms,0.2239,
frame_ms,0.2197,
frame_ms,0.2102,
frame_ms,0.2568,
frame_ms,0.2544,
frame_ms,0.2171,
frame_ms,0.2062,
frame_ms,0.2468,
frame_ms,0.2225,
frame_ms,0.2059,
frame_ms,0.2786,
frame_ms,0.2413,
frame_ms,0.2226,
frame_ms,0.2992,
frame_ms,0.259,
frame_ms,0.2439,
tick_us,166.6,2
frame_ms,0.683,
frame_ms,0.3167,
frame_ms,0.2626,
frame_ms,0.2107,
frame_ms,0.2101,
frame_ms,0.2076,
frame_ms,0.2633,
frame_ms,0.2233,
frame_ms,0.2086,
frame_ms,0.2295,
frame_ms,0.4838,
frame_ms,0.4479,
frame_ms,0.2714,
frame_ms,0.2285,
frame_ms,0.2359,
frame_ms,0.2311,
frame_ms,0.2101,
frame_ms,0.444,
frame_ms,0.2621,
frame_ms,0.2186,
frame_ms,0.2105,
frame_ms,0.2134,
frame_ms,0.2065,
frame_ms,0.2536,
frame_ms,0.2907,
tick_us,137.2,2
frame_ms,0.6297,
frame_ms,0.6923,
frame_ms,0.4423,
frame_ms,0.2846,
frame_ms,0.2339,
frame_ms,0.2756,
frame_ms,0.2307,
frame_ms,0.222,
frame_ms,0.2132,
frame_ms,0.2316,
frame_ms,0.2259,
frame_ms,0.2515,
frame_ms,0.2897,
frame_ms,0.2413,
frame_ms,0.222,
frame_ms,0.2111,
frame_ms,0.2122,
frame_ms,0.2688,
frame_ms,0.2315,
frame_ms,0.2465,
frame_ms,0.2171,
frame_ms,0.2253,
frame_ms,0.2353,
frame_ms,0.2099,
tick_us,160.8,0
frame_ms,0.5653,
frame_ms,0.2458,
frame_ms,0.2113,
frame_ms,0.2097,
frame_ms,0.2054,
frame_ms,0.227,
frame_ms,0.2211,
frame_ms,0.2142,
frame_ms,0.2532,
frame_ms,0.2466,
frame_ms,0.2134,
frame_ms,0.2043,
frame_ms,0.2708,
frame_ms,0.2237,
frame_ms,0.2097,
frame_ms,0.2379,
frame_ms,0.2094,
frame_ms,0.2008,
frame_ms,0.2549,
frame_ms,0.2246,
frame_ms,0.2018,
frame_ms,0.2377,
frame_ms,0.2151,
frame_ms,0.2052,
frame_ms,0.2749,
frame_ms,0.2281,
frame_ms,0.2058,
frame_ms,0.2236,
frame_ms,0.2087,
frame_ms,0.2167,
tick_us,135.9,0
frame_ms,0.5623,
frame_ms,0.2937,
frame_ms,0.238,
frame_ms,0.2001,
frame_ms,0.2061,
frame_ms,0.2029,
frame_ms,0.2441,
frame_ms,0.2194,
frame_ms,0.1998,
frame_ms,0.532,
frame_ms,0.3376,
frame_ms,0.2279,
frame_ms,0.2029,
frame_ms,0.2064,
frame_ms,0.1996,
frame_ms,0.2547,
frame_ms,0.2268,
frame_ms,0.2058,
frame_ms,0.2479,
frame_ms,0.2025,
frame_ms,0.1988,
frame_ms,0.2631,
frame_ms,0.2249,
frame_ms,0.2,
frame_ms,0.2456,
frame_ms,0.2164,
frame_ms,0.1999,
tick_us,139.6,0
frame_ms,0.5675,
frame_ms,0.244,
frame_ms,0.2177,
frame_ms,0.2471,
frame_ms,0.2848,
frame_ms,0.2312,
frame_ms,0.2266,
frame_ms,0.2199,
frame_ms,0.2156,
frame_ms,0.2386,
frame_ms,0.2146,
frame_ms,0.2673,
frame_ms,0.2654,
frame_ms,0.2195,
frame_ms,0.2132,
frame_ms,0.206,
frame_ms,0.2991,
frame_ms,0.234,
frame_ms,0.2063,
frame_ms,0.2533,
frame_ms,0.3565,
frame_ms,0.2149,
frame_ms,0.2119,
frame_ms,0.2033,
frame_ms,0.249,
frame_ms,0.2236,
frame_ms,0.2122,
frame_ms,0.2265,
frame_ms,0.2065,
tick_us,136.3,0
frame_ms,0.5168,
frame_ms,0.2194,
frame_ms,0.217,
frame_ms,0.2953,
frame_ms,0.2405,
frame_ms,0.2342,
frame_ms,0.3468,
frame_ms,0.2684,
frame_ms,0.2249,
frame_ms,0.2163,
frame_ms,0.2068,
frame_ms,0.2053,
frame_ms,0.2615,
frame_ms,0.2188,
frame_ms,0.2058,
frame_ms,0.24,
frame_ms,0.2124,
frame_ms,0.2031,
frame_ms,0.4024,
frame_ms,0.3674,
frame_ms,0.2524,
frame_ms,0.228,
frame_ms,0.2207,
frame_ms,0.2174,
frame_ms,0.2546,
frame_ms,0.2598,
tick_us,132.1,0
frame_ms,0.5467,
frame_ms,0.2386,
frame_ms,0.2129,
frame_ms,0.2332,
frame_ms,0.2133,
frame_ms,0.2066,
frame_ms,0.2074,
frame_ms,0.2652,
frame_ms,0.2636,
frame_ms,0.2245,
frame_ms,0.2276,
frame_ms,0.2332,
frame_ms,0.2158,
frame_ms,0.2554,
frame_ms,0.2297,
frame_ms,0.2117,
frame_ms,0.2542,
frame_ms,0.2282,
frame_ms,0.2064,
frame_ms,0.2417,
frame_ms,0.2096,
frame_ms,0.2359,
frame_ms,0.2166,
frame_ms,0.2035,
frame_ms,0.2515,
frame_ms,0.2184,
frame_ms,0.212,
frame_ms,0.2329,
frame_ms,0.2071,
frame_ms,0.214,
tick_us,139.5,0
frame_ms,0.5622,
frame_ms,0.2393,
frame_ms,0.2102,
frame_ms,0.2104,
frame_ms,0.2052,
frame_ms,0.2258,
frame_ms,0.2437,
frame_ms,0.2505,
frame_ms,0.2196,
frame_ms,0.2092,
frame_ms,0.2365,
frame_ms,0.2165,
frame_ms,0.2043,
frame_ms,0.2566,
frame_ms,0.2225,
frame_ms,0.2064,
frame_ms,0.2681,
frame_ms,0.2329,
frame_ms,0.2249,
frame_ms,0.2105,
frame_ms,0.2881,
frame_ms,0.2747,
frame_ms,0.2431,
frame_ms,0.2179,
frame_ms,0.2114,
frame_ms,0.2135,
frame_ms,0.2903,
frame_ms,0.2584,
tick_us,134,0
frame_ms,0.5127,
frame_ms,0.2242,
frame_ms,0.2031,
frame_ms,0.2202,
frame_ms,0.2075,
frame_ms,0.2301,
frame_ms,0.2374,
frame_ms,0.2513,
frame_ms,0.2203,
frame_ms,0.2088,
frame_ms,0.2542,
frame_ms,0.2213,
frame_ms,0.2059,
frame_ms,0.2467,
frame_ms,0.2215,
frame_ms,0.2084,
frame_ms,0.2512,
frame_ms,0.22,
frame_ms,0.2037,
frame_ms,0.23,
frame_ms,0.2138,
frame_ms,0.2009,
frame_ms,0.2515,
frame_ms,0.2458,
frame_ms,0.2092,
frame_ms,0.2124,
frame_ms,0.2585,
frame_ms,0.2532,
frame_ms,0.2103,
frame_ms,0.2071,
tick_us,137.4,0
frame_ms,0.551,
frame_ms,0.2344,
frame_ms,0.2042,
frame_ms,0.3857,
frame_ms,0.2063,
frame_ms,0.1994,
frame_ms,0.2107,
frame_ms,0.238,
frame_ms,0.3867,
frame_ms,0.324,
frame_ms,0.2311,
frame_ms,0.2134,
frame_ms,0.2079,
frame_ms,0.2109,
frame_ms,0.2545,
frame_ms,0.2204,
frame_ms,0.2066,
frame_ms,0.2382,
frame_ms,0.2505,
frame_ms,0.2563,
frame_ms,0.2287,
frame_ms,0.217,
frame_ms,0.2144,
frame_ms,0.2446,
frame_ms,0.2325,
frame_ms,0.2162,
frame_ms,0.222,
tick_us,122.9,2
frame_ms,0.5177,
frame_ms,0.25,
frame_ms,0.2088,
frame_ms,0.2099,
frame_ms,0.5303,
frame_ms,0.7541,
frame_ms,0.3658,
frame_ms,0.4262,
frame_ms,0.6144,
frame_ms,0.5293,
frame_ms,0.5548,
frame_ms,0.4981,
frame_ms,0.271,
frame_ms,0.2366,
frame_ms,0.2098,
frame_ms,0.2088,
frame_ms,0.2079,
frame_ms,0.2461,
frame_ms,0.2222,
tick_us,144.7,2
frame_ms,0.5136,
frame_ms,0.2236,
frame_ms,0.204,
frame_ms,0.2147,
frame_ms,0.2093,
frame_ms,0.2209,
frame_ms,0.2696,
frame_ms,0.2661,
frame_ms,0.2736,
frame_ms,0.2211,
frame_ms,0.2209,
frame_ms,0.3257,
frame_ms,0.2479,
frame_ms,0.2243,
frame_ms,0.2103,
frame_ms,0.208,
frame_ms,0.2487,
frame_ms,0.2249,
frame_ms,0.2104,
frame_ms,0.2375,
frame_ms,0.2101,
frame_ms,0.215,
frame_ms,0.235,
frame_ms,0.2575,
frame_ms,0.2236,
frame_ms,0.2085,
frame_ms,0.2548,
frame_ms,0.2072,
frame_ms,0.1998,
tick_us,144.6,2
frame_ms,0.5553,
frame_ms,0.2397,
frame_ms,0.2265,
frame_ms,0.2287,
frame_ms,0.208,
frame_ms,0.2041,
frame_ms,0.2436,
frame_ms,0.2213,
frame_ms,0.2116,
frame_ms,0.2407,
frame_ms,0.2485,
frame_ms,0.5374,
frame_ms,0.3784,
frame_ms,0.2701,
frame_ms,0.2469,
frame_ms,0.2082,
frame_ms,0.2212,
frame_ms,0.2119,
frame_ms,0.2196,
frame_ms,0.2304,
frame_ms,0.2194,
frame_ms,0.2118,
frame_ms,0.2391,
frame_ms,0.2141,
frame_ms,0.2083,
frame_ms,0.2484,
frame_ms,0.2919,
tick_us,136.6,2
frame_ms,0.5288,
frame_ms,0.2372,
frame_ms,0.2089,
frame_ms,0.2086,
frame_ms,0.2048,
frame_ms,0.2232,
frame_ms,0.2207,
frame_ms,0.2765,
frame_ms,0.2597,
frame_ms,0.2247,
frame_ms,0.2124,
frame_ms,0.2132,
frame_ms,0.2522,
frame_ms,0.2456,
frame_ms,0.2458,
frame_ms,0.2734,
frame_ms,0.2225,
frame_ms,0.2098,
frame_ms,0.2055,
frame_ms,0.2668,
frame_ms,0.234,
frame_ms,0.2524,
frame_ms,0.2023,
frame_ms,0.2368,
frame_ms,0.2193,
frame_ms,0.201,
frame_ms,0.2339,
frame_ms,0.2153,
tick_us,140.3,2
frame_ms,0.5124,
frame_ms,0.2228,
frame_ms,0.201,
frame_ms,0.2069,
frame_ms,0.2017,
frame_ms,0.2446,
frame_ms,0.218,
frame_ms,0.2037,
frame_ms,0.2473,
frame_ms,0.227,
frame_ms,0.21,
frame_ms,0.2652,
frame_ms,0.2214,
frame_ms,0.2096,
frame_ms,0.2404,
frame_ms,0.221,
frame_ms,0.3111,
frame_ms,0.2505,
frame_ms,0.4274,
frame_ms,0.3057,
frame_ms,0.2454,
frame_ms,0.2101,
frame_ms,0.211,
frame_ms,0.208,
frame_ms,0.296,
frame_ms,0.4307,
frame_ms,0.2505,
tick_us,146.3,2
frame_ms,0.5347,
frame_ms,0.2514,
frame_ms,0.2466,
frame_ms,0.2368,
frame_ms,0.2334,
frame_ms,0.2317,
frame_ms,0.2469,
frame_ms,0.2462,
frame_ms,0.2595,
frame_ms,0.2239,
frame_ms,0.249,
frame_ms,0.2478,
frame_ms,0.2664,
frame_ms,0.2251,
frame_ms,0.2183,
frame_ms,0.2474,
frame_ms,0.2675,
frame_ms,0.2183,
frame_ms,0.2253,
frame_ms,0.213,
frame_ms,0.2049,
frame_ms,0.2577,
frame_ms,0.2535,
frame_ms,0.2185,
frame_ms,0.2087,
frame_ms,0.2537,
frame_ms,0.2289,
frame_ms,0.2066,
tick_us,138.6,2
frame_ms,0.5401,
frame_ms,0.27,
frame_ms,0.2334,
frame_ms,0.2163,
frame_ms,0.209,
frame_ms,0.2075,
frame_ms,0.2594,
frame_ms,0.2544,
frame_ms,0.2351,
frame_ms,0.2176,
frame_ms,0.2074,
frame_ms,0.2571,
frame_ms,0.2215,
frame_ms,0.2088,
frame_ms,0.2501,
frame_ms,0.2466,
frame_ms,0.259,
frame_ms,0.2333,
frame_ms,0.2899,
frame_ms,0.3861,
frame_ms,0.3938,
frame_ms,0.6161,
frame_ms,0.378,
frame_ms,0.2574,
frame_ms,0.2071,
tick_us,128.7,2
frame_ms,0.5192,
frame_ms,0.3143,
frame_ms,0.2726,
frame_ms,0.2363,
frame_ms,0.2671,
frame_ms,0.2568,
frame_ms,0.2145,
frame_ms,0.2103,
frame_ms,0.2564,
frame_ms,0.215,
frame_ms,0.2021,
frame_ms,0.2334,
frame_ms,0.2142,
frame_ms,0.2024,
frame_ms,0.2348,
frame_ms,0.2171,
frame_ms,0.2126,
frame_ms,0.3637,
frame_ms,0.262,
frame_ms,0.2278,
frame_ms,0.2124,
frame_ms,0.2205,
frame_ms,0.2652,
frame_ms,0.2345,
frame_ms,0.2169,
frame_ms,0.2093,
frame_ms,0.2477,
frame_ms,0.2539,
tick_us,141.2,2
frame_ms,0.5234,
frame_ms,0.2348,
frame_ms,0.2064,
frame_ms,0.2096,
frame_ms,0.2097,
frame_ms,0.2192,
frame_ms,0.2546,
frame_ms,0.2218,
frame_ms,0.2095,
frame_ms,0.2281,
frame_ms,0.2259,
frame_ms,0.232,
frame_ms,0.2248,
frame_ms,0.2153,
frame_ms,0.2662,
frame_ms,0.2115,
frame_ms,0.2009,
frame_ms,0.2574,
frame_ms,0.3298,
frame_ms,0.341,
frame_ms,0.2212,
frame_ms,0.285,
frame_ms,0.2301,
frame_ms,0.2144,
frame_ms,0.2052,
frame_ms,0.2614,
frame_ms,0.2579,
frame_ms,0.2542,
tick_us,139.2,2
frame_ms,0.6172,
frame_ms,0.3046,
frame_ms,0.2306,
frame_ms,0.4202,
frame_ms,0.2096,
frame_ms,0.2096,
frame_ms,0.2071,
frame_ms,0.2056,
frame_ms,0.243,
frame_ms,0.2205,
frame_ms,0.207,
frame_ms,0.2482,
frame_ms,0.3334,
frame_ms,0.2189,
frame_ms,0.2131,
frame_ms,0.2131,
frame_ms,0.2281,
frame_ms,0.2565,
frame_ms,0.2345,
frame_ms,0.227,
frame_ms,0.2206,
frame_ms,0.2468,
frame_ms,0.2222,
frame_ms,0.2058,
frame_ms,0.2529,
frame_ms,0.2088,
frame_ms,0.2,
tick_us,143,2
frame_ms,0.5698,
frame_ms,0.2688,
frame_ms,0.2178,
frame_ms,0.2161,
frame_ms,0.2114,
frame_ms,0.2135,
frame_ms,0.2279,
frame_ms,0.237,
frame_ms,0.2108,
frame_ms,0.2364,
frame_ms,0.2116,
frame_ms,0.2043,
frame_ms,0.2554,
frame_ms,0.2576,
frame_ms,0.2216,
frame_ms,0.2113,
frame_ms,0.2026,
frame_ms,0.2456,
frame_ms,0.2171,
frame_ms,0.2047,
frame_ms,0.4134,
frame_ms,0.397,
frame_ms,0.3485,
frame_ms,0.3385,
frame_ms,0.2727,
frame_ms,0.2202,
frame_ms,0.2118,
tick_us,137.1,0
frame_ms,0.4987,
frame_ms,0.227,
frame_ms,0.2041,
frame_ms,0.2168,
frame_ms,0.2089,
frame_ms,0.2043,
frame_ms,0.2409,
frame_ms,0.2184,
frame_ms,0.2022,
frame_ms,0.3922,
frame_ms,0.4126,
frame_ms,0.3802,
frame_ms,0.6326,
frame_ms,0.3398,
frame_ms,0.3368,
frame_ms,0.4098,
frame_ms,0.2723,
frame_ms,0.2436,
frame_ms,0.21,
frame_ms,0.205,
frame_ms,0.2021,
frame_ms,0.2745,
frame_ms,0.2235,
frame_ms,0.2183,
tick_us,147.1,0
frame_ms,0.5469,
frame_ms,0.2307,
frame_ms,0.2059,
frame_ms,0.2469,
frame_ms,0.2157,
frame_ms,0.2045,
frame_ms,0.255,
frame_ms,0.2197,
frame_ms,0.2073,
frame_ms,0.2381,
frame_ms,0.2196,
frame_ms,0.2091,
frame_ms,0.2522,
frame_ms,0.2183,
frame_ms,0.2147,
frame_ms,0.2274,
frame_ms,0.2249,
frame_ms,0.2051,
frame_ms,0.2425,
frame_ms,0.2165,
frame_ms,0.2025,
frame_ms,0.2531,
frame_ms,0.2481,
frame_ms,0.4238,
frame_ms,0.3442,
frame_ms,0.2922,
frame_ms,0.2276,
tick_us,133.4,0
frame_ms,0.4867,
frame_ms,0.2312,
frame_ms,0.2236,
frame_ms,0.2138,
frame_ms,0.2182,
frame_ms,0.2176,
frame_ms,0.2499,
frame_ms,0.2301,
frame_ms,0.2059,
frame_ms,0.2463,
frame_ms,0.2222,
frame_ms,0.2044,
frame_ms,0.2227,
frame_ms,0.2044,
frame_ms,0.2019,
frame_ms,0.3629,
frame_ms,0.2354,
frame_ms,0.2145,
frame_ms,0.3666,
frame_ms,0.2881,
frame_ms,0.2291,
frame_ms,0.2222,
frame_ms,0.2306,
frame_ms,0.2849,
frame_ms,0.3988,
frame_ms,0.3741,
tick_us,168.2,0
frame_ms,0.6923,
frame_ms,0.2876,
frame_ms,0.2436,
frame_ms,0.2081,
frame_ms,0.2172,
frame_ms,0.2127,
frame_ms,0.235,
frame_ms,0.2229,
frame_ms,0.2077,
frame_ms,0.2146,
frame_ms,0.2331,
frame_ms,0.2245,
frame_ms,0.2056,
frame_ms,0.2667,
frame_ms,0.2664,
frame_ms,0.2253,
frame_ms,0.2204,
frame_ms,0.2133,
frame_ms,0.2167,
frame_ms,0.231,
frame_ms,0.2309,
frame_ms,0.2448,
frame_ms,0.2152,
frame_ms,0.2035,
frame_ms,0.2439,
frame_ms,0.2319,
frame_ms,0.2782,
frame_ms,0.2241,
frame_ms,0.2097,
tick_us,151.8,0
frame_ms,0.5722,
frame_ms,0.2804,
frame_ms,0.2511,
frame_ms,0.2225,
frame_ms,0.2122,
frame_ms,0.2118,
frame_ms,0.2548,
frame_ms,0.2549,
frame_ms,0.2237,
frame_ms,0.2137,
frame_ms,0.2212,
frame_ms,0.2407,
frame_ms,0.2658,
frame_ms,0.2302,
frame_ms,0.2139,
frame_ms,0.2147,
frame_ms,0.265,
frame_ms,0.2106,
frame_ms,0.2189,
frame_ms,0.2623,
frame_ms,0.3076,
frame_ms,0.2214,
frame_ms,0.4211,
frame_ms,0.2845,
frame_ms,0.2919,
frame_ms,0.2151,
frame_ms,0.2178,
tick_us,139.2,0
frame_ms,0.4954,
frame_ms,0.2248,
frame_ms,0.2076,
frame_ms,0.2162,
frame_ms,0.2084,
frame_ms,0.2078,
frame_ms,0.2327,
frame_ms,0.22,
frame_ms,0.2012,
frame_ms,0.2561,
frame_ms,0.2218,
frame_ms,0.2008,
frame_ms,0.2344,
frame_ms,0.2212,
frame_ms,0.2058,
frame_ms,0.2309,
frame_ms,0.2148,
frame_ms,0.2035,
frame_ms,0.2246,
frame_ms,0.2364,
frame_ms,0.208,
frame_ms,0.222,
frame_ms,0.2296,
frame_ms,0.4034,
frame_ms,0.3744,
frame_ms,0.3449,
frame_ms,0.3792,
tick_us,124.1,0
frame_ms,0.5279,
frame_ms,0.2297,
frame_ms,0.2199,
frame_ms,0.2094,
frame_ms,0.2072,
frame_ms,0.2082,
frame_ms,0.2651,
frame_ms,0.2233,
frame_ms,0.2019,
frame_ms,0.2372,
frame_ms,0.214,
frame_ms,0.2179,
frame_ms,0.2868,
frame_ms,0.2534,
frame_ms,0.2238,
frame_ms,0.2555,
frame_ms,0.2151,
frame_ms,0.2114,
frame_ms,0.2449,
frame_ms,0.2124,
frame_ms,0.2682,
frame_ms,0.2347,
frame_ms,0.2173,
frame_ms,0.2137,
frame_ms,0.241,
frame_ms,0.2424,
frame_ms,0.2124,
frame_ms,0.2083,
frame_ms,0.2549,
tick_us,131.8,0
frame_ms,1.2164,
frame_ms,0.2699,
frame_ms,0.2206,
frame_ms,0.2171,
frame_ms,0.2131,
frame_ms,0.2122,
frame_ms,0.2101,
frame_ms,0.237,
frame_ms,0.2181,
frame_ms,0.2116,
frame_ms,0.2399,
frame_ms,0.2102,
frame_ms,0.2011,
frame_ms,0.2644,
frame_ms,0.2704,
frame_ms,0.2228,
frame_ms,0.2189,
frame_ms,0.2077,
frame_ms,0.2421,
frame_ms,0.2323,
frame_ms,0.2146,
frame_ms,0.529,
frame_ms,0.2229,
frame_ms,0.2054,
frame_ms,0.2147,
tick_us,131.1,0
frame_ms,0.5965,
frame_ms,0.2446,
frame_ms,0.2111,
frame_ms,0.2097,
frame_ms,0.2112,
frame_ms,0.212,
frame_ms,0.2368,
frame_ms,0.2214,
frame_ms,0.2097,
frame_ms,0.2766,
frame_ms,0.2547,
frame_ms,0.2201,
frame_ms,0.2096,
frame_ms,0.253,
frame_ms,0.254,
frame_ms,0.217,
frame_ms,0.2082,
frame_ms,0.2507,
frame_ms,0.2226,
frame_ms,0.209,
frame_ms,0.2274,
frame_ms,0.2483,
frame_ms,0.223,
frame_ms,0.2201,
frame_ms,0.2285,
frame_ms,0.2174,
frame_ms,0.2081,
frame_ms,0.2631,
frame_ms,0.2198,
tick_us,137.3,0
frame_ms,0.5056,
frame_ms,0.2696,
frame_ms,0.2244,
frame_ms,0.2058,
frame_ms,0.2061,
frame_ms,0.2023,
frame_ms,0.2479,
frame_ms,0.5287,
frame_ms,0.2635,
frame_ms,0.2614,
frame_ms,0.207,
frame_ms,0.2134,
frame_ms,0.213,
frame_ms,0.2273,
frame_ms,0.2206,
frame_ms,0.2161,
frame_ms,0.2031,
frame_ms,0.2575,
frame_ms,0.2234,
frame_ms,0.2066,
frame_ms,0.2501,
frame_ms,0.2176,
frame_ms,0.2008,
frame_ms,0.2535,
frame_ms,0.2167,
frame_ms,0.2135,
frame_ms,0.2401,
frame_ms,0.2152,
frame_ms,0.1995,
tick_us,142.9,0
frame_ms,0.5392,
frame_ms,0.2349,
frame_ms,0.2248,
frame_ms,0.2028,
frame_ms,0.1985,
frame_ms,0.2013,
frame_ms,0.2691,
frame_ms,0.2247,
frame_ms,0.206,
frame_ms,0.2478,
frame_ms,0.2145,
frame_ms,0.2,
frame_ms,0.257,
frame_ms,0.2189,
frame_ms,0.1988,
frame_ms,0.249,
frame_ms,0.2351,
frame_ms,0.2059,
frame_ms,0.2377,
frame_ms,0.2096,
frame_ms,0.2416,
frame_ms,0.2266,
frame_ms,0.2011,
frame_ms,0.2457,
frame_ms,0.2692,
frame_ms,0.2262,
frame_ms,0.2187,
frame_ms,0.2124,
frame_ms,0.2127,
tick_us,129.7,0
frame_ms,0.5327,
frame_ms,0.2554,
frame_ms,0.2652,
frame_ms,0.2534,
frame_ms,0.2139,
frame_ms,0.2115,
frame_ms,0.2072,
frame_ms,0.2154,
frame_ms,0.2714,
frame_ms,0.2171,
frame_ms,0.201,
frame_ms,0.252,
frame_ms,0.5259,
frame_ms,0.2973,
frame_ms,0.2376,
frame_ms,0.2103,
frame_ms,0.2112,
frame_ms,0.2053,
frame_ms,0.2589,
frame_ms,0.2551,
frame_ms,0.2195,
frame_ms,0.2088,
frame_ms,0.2464,
frame_ms,0.2401,
frame_ms,0.2095,
frame_ms,0.2124,
frame_ms,0.2369,
frame_ms,0.2009,
tick_us,133,0
frame_ms,0.4788,
frame_ms,0.2319,
frame_ms,0.2847,
frame_ms,0.2596,
frame_ms,0.2215,
frame_ms,0.2179,
frame_ms,0.2282,
frame_ms,0.2086,
frame_ms,0.2278,
frame_ms,0.2156,
frame_ms,0.2657,
frame_ms,0.2364,
frame_ms,0.2193,
frame_ms,0.2578,
frame_ms,0.3729,
frame_ms,0.2423,
frame_ms,0.2106,
frame_ms,0.2081,
frame_ms,0.2048,
frame_ms,0.235,
frame_ms,0.2408,
frame_ms,0.2042,
frame_ms,0.2258,
frame_ms,0.235,
frame_ms,0.2191,
frame_ms,0.206,
frame_ms,0.2521,
frame_ms,0.2191,
tick_us,142.5,0
frame_ms,0.5019,
frame_ms,0.2265,
frame_ms,0.2035,
frame_ms,0.2268,
frame_ms,0.2163,
frame_ms,0.2087,
frame_ms,0.2443,
frame_ms,0.2235,
frame_ms,0.1994,
frame_ms,0.2405,
frame_ms,0.2188,
frame_ms,0.2006,
frame_ms,0.231,
frame_ms,0.3177,
frame_ms,0.3986,
frame_ms,0.2631,
frame_ms,0.2263,
frame_ms,0.2243,
frame_ms,0.2176,
frame_ms,0.3917,
frame_ms,0.2798,
frame_ms,0.2598,
frame_ms,0.2096,
frame_ms,0.2071,
frame_ms,0.2038,
frame_ms,0.2555,
frame_ms,0.227,
frame_ms,0.208,
tick_us,139.3,0
frame_ms,0.5221,
frame_ms,0.2204,
frame_ms,0.2031,
frame_ms,0.2092,
frame_ms,0.2432,
frame_ms,0.2081,
frame_ms,0.2624,
frame_ms,0.2223,
frame_ms,0.2162,
frame_ms,0.224,
frame_ms,0.223,
frame_ms,0.3239,
frame_ms,0.3865,
frame_ms,0.2432,
frame_ms,0.2164,
frame_ms,0.2097,
frame_ms,0.2089,
frame_ms,0.2088,
frame_ms,0.2607,
frame_ms,0.2201,
frame_ms,0.2071,
frame_ms,0.2305,
frame_ms,0.2259,
frame_ms,0.2093,
frame_ms,0.2156,
frame_ms,0.2364,
frame_ms,0.2252,
tick_us,133.1,0
frame_ms,0.8343,
frame_ms,0.2734,
frame_ms,0.2313,
frame_ms,0.213,
frame_ms,0.2531,
frame_ms,0.2196,
frame_ms,0.2107,
frame_ms,0.2085,
frame_ms,0.3424,
frame_ms,0.258,
frame_ms,0.2226,
frame_ms,0.2104,
frame_ms,0.266,
frame_ms,0.2181,
frame_ms,0.2052,
frame_ms,0.2392,
frame_ms,0.2194,
frame_ms,0.2063,
frame_ms,0.2425,
frame_ms,0.2254,
frame_ms,0.2013,
frame_ms,0.25,
frame_ms,0.2166,
frame_ms,0.2038,
frame_ms,0.2371,
frame_ms,0.2513,
frame_ms,0.4517,
tick_us,136.3,0
frame_ms,0.6718,
frame_ms,0.2448,
frame_ms,0.2119,
frame_ms,0.2117,
frame_ms,0.2068,
frame_ms,0.2305,
frame_ms,0.242,
frame_ms,0.2148,
frame_ms,0.2095,
frame_ms,0.3325,
frame_ms,0.2593,
frame_ms,0.2233,
frame_ms,0.2149,
frame_ms,0.2091,
frame_ms,0.2603,
frame_ms,0.223,
frame_ms,0.2298,
frame_ms,0.2147,
frame_ms,0.2576,
frame_ms,0.226,
frame_ms,0.2404,
frame_ms,0.2005,
frame_ms,0.2658,
frame_ms,0.2242,
frame_ms,0.2051,
frame_ms,0.2449,
frame_ms,0.2109,
frame_ms,0.1991,
frame_ms,0.2554,
tick_us,141.5,0
frame_ms,0.5339,
frame_ms,0.2312,
frame_ms,0.2052,
frame_ms,0.2111,
frame_ms,0.2292,
frame_ms,0.4382,
frame_ms,0.2557,
frame_ms,0.2162,
frame_ms,0.2186,
frame_ms,0.2117,
frame_ms,0.2085,
frame_ms,0.2507,
frame_ms,0.2463,
frame_ms,0.2114,
frame_ms,0.2064,
frame_ms,0.2608,
frame_ms,0.2219,
frame_ms,0.2106,
frame_ms,0.2365,
frame_ms,0.2106,
frame_ms,0.2189,
frame_ms,0.2097,
frame_ms,0.2324,
frame_ms,0.2236,
frame_ms,0.2088,
frame_ms,0.2262,
frame_ms,0.2241,
frame_ms,0.2047,
tick_us,137.4,0
frame_ms,0.5301,
frame_ms,0.5225,
frame_ms,0.2926,
frame_ms,0.2134,
frame_ms,0.2124,
frame_ms,0.2054,
frame_ms,0.204,
frame_ms,0.2652,
frame_ms,0.2407,
frame_ms,0.2132,
frame_ms,0.2299,
frame_ms,0.2139,
frame_ms,0.2533,
frame_ms,0.2229,
frame_ms,0.25,
frame_ms,0.2091,
frame_ms,0.2497,
frame_ms,0.2219,
frame_ms,0.209,
frame_ms,0.237,
frame_ms,0.219,
frame_ms,0.2289,
frame_ms,0.2054,
frame_ms,0.2457,
frame_ms,0.2173,
frame_ms,0.2018,
frame_ms,0.2319,
frame_ms,0.2214,
tick_us,136.9,0
frame_ms,0.4914,
frame_ms,0.2222,
frame_ms,0.199,
frame_ms,0.2019,
frame_ms,0.2004,
frame_ms,0.2524,
frame_ms,0.222,
frame_ms,0.2073,
frame_ms,0.238,
frame_ms,0.2171,
frame_ms,0.2076,
frame_ms,0.2733,
frame_ms,0.2213,
frame_ms,0.2038,
frame_ms,0.2205,
frame_ms,0.2051,
frame_ms,0.2076,
frame_ms,0.2545,
frame_ms,0.2374,
frame_ms,0.2136,
frame_ms,0.2021,
frame_ms,0.2482,
frame_ms,0.2151,
frame_ms,0.1986,
frame_ms,0.253,
frame_ms,0.2188,
frame_ms,0.1982,
frame_ms,0.2502,
frame_ms,0.235,
frame_ms,0.2575,
tick_us,142.8,2
frame_ms,0.524,
frame_ms,0.2314,
frame_ms,0.2082,
frame_ms,1.0925,
frame_ms,0.229,
frame_ms,0.2092,
frame_ms,0.717,
frame_ms,0.2661,
frame_ms,0.2253,
frame_ms,0.4357,
frame_ms,0.3473,
frame_ms,0.283,
frame_ms,0.2601,
frame_ms,0.261,
frame_ms,0.2282,
frame_ms,0.2247,
frame_ms,0.2187,
frame_ms,0.2198,
frame_ms,0.5736,
frame_ms,0.2301,
tick_us,145.2,2
frame_ms,0.5209,
frame_ms,0.2303,
frame_ms,0.2094,
frame_ms,0.2109,
frame_ms,0.2128,
frame_ms,0.2371,
frame_ms,0.2098,
frame_ms,0.2479,
frame_ms,0.2697,
frame_ms,0.2228,
frame_ms,0.2293,
frame_ms,0.2242,
frame_ms,0.2228,
frame_ms,0.2285,
frame_ms,0.2241,
frame_ms,0.2075,
frame_ms,0.2227,
frame_ms,0.2494,
frame_ms,0.2576,
frame_ms,0.2269,
frame_ms,0.2112,
frame_ms,0.2132,
frame_ms,0.2567,
frame_ms,0.2503,
frame_ms,0.2155,
frame_ms,0.2052,
frame_ms,0.2531,
frame_ms,0.227,
frame_ms,0.2129,
tick_us,138.6,2
frame_ms,0.5223,
frame_ms,0.2256,
frame_ms,0.2042,
frame_ms,0.2116,
frame_ms,0.205,
frame_ms,0.2586,
frame_ms,0.2597,
frame_ms,0.2262,
frame_ms,0.214,
frame_ms,0.2086,
frame_ms,0.221,
frame_ms,0.22,
frame_ms,0.2185,
frame_ms,0.2363,
frame_ms,0.3657,
frame_ms,0.4711,
frame_ms,0.2475,
frame_ms,0.2125,
frame_ms,0.2833,
frame_ms,0.2234,
frame_ms,0.2555,
frame_ms,0.2051,
frame_ms,0.2545,
frame_ms,0.2267,
frame_ms,0.2145,
frame_ms,0.2591,
frame_ms,0.2228,
frame_ms,0.2102,
tick_us,141.6,2
frame_ms,0.5415,
frame_ms,0.2399,
frame_ms,0.208,
frame_ms,0.2096,
frame_ms,0.2162,
frame_ms,0.2696,
frame_ms,0.2936,
frame_ms,0.2421,
frame_ms,0.2422,
frame_ms,0.2154,
frame_ms,0.2073,
frame_ms,0.2269,
frame_ms,0.3595,
frame_ms,0.4209,
frame_ms,0.2659,
frame_ms,0.2191,
frame_ms,0.2171,
frame_ms,0.2106,
frame_ms,0.2774,
frame_ms,0.2157,
frame_ms,0.2192,
frame_ms,0.2182,
frame_ms,0.2064,
frame_ms,0.2531,
frame_ms,0.2579,
frame_ms,0.2182,
frame_ms,0.2095,
tick_us,139.4,2
frame_ms,0.5283,
frame_ms,0.2272,
frame_ms,0.2026,
frame_ms,0.2167,
frame_ms,0.2105,
frame_ms,0.2041,
frame_ms,0.2508,
frame_ms,0.2184,
frame_ms,0.2035,
frame_ms,0.2331,
frame_ms,0.2233,
frame_ms,0.2048,
frame_ms,0.2453,
frame_ms,0.2278,
frame_ms,0.2685,
frame_ms,0.4469,
frame_ms,0.2591,
frame_ms,0.2158,
frame_ms,0.2091,
frame_ms,0.2101,
frame_ms,0.4661,
frame_ms,0.3091,
frame_ms,0.2168,
frame_ms,0.2091,
frame_ms,0.209,
frame_ms,0.208,
frame_ms,0.2565,
tick_us,140.9,2
frame_ms,0.5423,
frame_ms,0.236,
frame_ms,0.2124,
frame_ms,0.2145,
frame_ms,0.2069,
frame_ms,0.2669,
frame_ms,0.2648,
frame_ms,0.2252,
frame_ms,0.2123,
frame_ms,0.2107,
frame_ms,0.2577,
frame_ms,0.2214,
frame_ms,0.2105,
frame_ms,0.2498,
frame_ms,0.2261,
frame_ms,0.318,
frame_ms,0.2578,
frame_ms,0.2289,
frame_ms,0.2184,
frame_ms,0.2166,
frame_ms,0.2334,
frame_ms,0.2602,
frame_ms,0.2537,
frame_ms,0.2218,
frame_ms,0.2125,
frame_ms,0.2352,
frame_ms,0.2109,
frame_ms,0.2038,
frame_ms,0.2542,
tick_us,141.2,2
frame_ms,0.5398,
frame_ms,0.2253,
frame_ms,0.2034,
frame_ms,0.2309,
frame_ms,0.2089,
frame_ms,0.2066,
frame_ms,0.2426,
frame_ms,0.3198,
frame_ms,0.4261,
frame_ms,0.3414,
frame_ms,0.2856,
frame_ms,0.2343,
frame_ms,0.2086,
frame_ms,0.2098,
frame_ms,0.2096,
frame_ms,0.2561,
frame_ms,0.2574,
frame_ms,0.224,
frame_ms,0.2103,
frame_ms,0.2077,
frame_ms,0.2535,
frame_ms,0.2311,
frame_ms,0.2962,
frame_ms,0.3931,
frame_ms,0.3632,
tick_us,144.8,2
frame_ms,0.7798,
frame_ms,0.286,
frame_ms,0.234,
frame_ms,0.2194,
frame_ms,0.2108,
frame_ms,0.2078,
frame_ms,0.2586,
frame_ms,0.2656,
frame_ms,0.2268,
frame_ms,0.2393,
frame_ms,0.2377,
frame_ms,0.4604,
frame_ms,0.2301,
frame_ms,0.2138,
frame_ms,0.2156,
frame_ms,0.2106,
frame_ms,0.4436,
frame_ms,0.2447,
frame_ms,0.2097,
frame_ms,0.2132,
frame_ms,0.212,
frame_ms,0.2067,
frame_ms,0.242,
frame_ms,0.2196,
frame_ms,0.211,
frame_ms,0.2351,
tick_us,138.2,2
frame_ms,0.5745,
frame_ms,0.2276,
frame_ms,0.2045,
frame_ms,0.2317,
frame_ms,0.202,
frame_ms,0.2036,
frame_ms,0.2677,
frame_ms,0.2224,
frame_ms,0.2049,
frame_ms,0.248,
frame_ms,0.2202,
frame_ms,0.2073,
frame_ms,0.2398,
frame_ms,0.2135,
frame_ms,0.2013,
frame_ms,0.2558,
frame_ms,0.2327,
frame_ms,0.2201,
frame_ms,0.2312,
frame_ms,0.22,
frame_ms,0.2096,
frame_ms,0.2729,
frame_ms,0.2504,
frame_ms,0.2187,
frame_ms,0.2011,
frame_ms,0.2454,
frame_ms,0.3151,
frame_ms,0.3844,
tick_us,159.8,2
frame_ms,0.6573,
frame_ms,0.3207,
frame_ms,0.3429,
frame_ms,0.3735,
frame_ms,0.3513,
frame_ms,0.788,
frame_ms,0.3594,
frame_ms,0.2197,
frame_ms,0.213,
frame_ms,0.2045,
frame_ms,0.2027,
frame_ms,0.2461,
frame_ms,0.216,
frame_ms,0.203,
frame_ms,0.2512,
frame_ms,0.219,
frame_ms,0.2437,
frame_ms,0.2173,
frame_ms,0.2425,
frame_ms,0.2165,
frame_ms,0.2045,
frame_ms,0.2567,
frame_ms,0.2496,
frame_ms,0.2015,
tick_us,144.2,2
frame_ms,0.5485,
frame_ms,0.2712,
frame_ms,0.2315,
frame_ms,0.2064,
frame_ms,0.2073,
frame_ms,0.2082,
frame_ms,0.2663,
frame_ms,0.2516,
frame_ms,0.2113,
frame_ms,0.2047,
frame_ms,0.2479,
frame_ms,0.2306,
frame_ms,0.2106,
frame_ms,0.3068,
frame_ms,0.259,
frame_ms,0.2437,
frame_ms,0.2333,
frame_ms,0.2307,
frame_ms,0.2646,
frame_ms,0.2458,
frame_ms,0.2427,
frame_ms,0.2136,
frame_ms,0.2525,
frame_ms,0.236,
frame_ms,0.2114,
frame_ms,0.3893,
frame_ms,0.3872,
tick_us,128.3,2
frame_ms,0.5105,
frame_ms,0.2197,
frame_ms,0.2019,
frame_ms,0.2039,
frame_ms,0.209,
frame_ms,0.2551,
frame_ms,0.2257,
frame_ms,0.2053,
frame_ms,0.2458,
frame_ms,0.2061,
frame_ms,0.2024,
frame_ms,0.2642,
frame_ms,0.2209,
frame_ms,0.2037,
frame_ms,0.2545,
frame_ms,0.3431,
frame_ms,0.6254,
frame_ms,0.2265,
frame_ms,0.2094,
frame_ms,0.2064,
frame_ms,0.2517,
frame_ms,0.3697,
frame_ms,0.3268,
frame_ms,0.2589,
frame_ms,0.2149,
frame_ms,0.2203,
tick_us,146.1,2
frame_ms,0.5301,
frame_ms,0.232,
frame_ms,0.2202,
frame_ms,0.2169,
frame_ms,0.2127,
frame_ms,0.21,
frame_ms,0.2426,
frame_ms,0.228,
frame_ms,0.2247,
frame_ms,0.2257,
frame_ms,0.2358,
frame_ms,0.2135,
frame_ms,0.2058,
frame_ms,0.2591,
frame_ms,0.2565,
frame_ms,0.2225,
frame_ms,0.2152,
frame_ms,0.2113,
frame_ms,0.2559,
frame_ms,0.2256,
frame_ms,0.209,
frame_ms,0.2312,
frame_ms,0.2303,
frame_ms,0.4058,
frame_ms,0.3649,
frame_ms,0.2616,
frame_ms,0.235,
frame_ms,0.2058,
tick_us,133.7,2
frame_ms,0.4895,
frame_ms,0.2229,
frame_ms,0.2046,
frame_ms,0.2191,
frame_ms,0.2114,
frame_ms,0.2121,
frame_ms,0.2579,
frame_ms,0.2261,
frame_ms,0.2264,
frame_ms,0.2494,
frame_ms,0.2177,
frame_ms,0.2151,
frame_ms,0.2676,
frame_ms,0.2339,
frame_ms,0.2082,
frame_ms,0.3033,
frame_ms,0.2296,
frame_ms,0.2069,
frame_ms,0.2356,
frame_ms,0.2054,
frame_ms,0.2009,
frame_ms,0.2674,
frame_ms,0.6194,
frame_ms,0.2881,
frame_ms,0.2378,
frame_ms,0.21,
frame_ms,0.2089,
tick_us,143.4,2
frame_ms,0.5208,
frame_ms,0.2431,
frame_ms,0.2214,
frame_ms,0.2341,
frame_ms,0.2108,
frame_ms,0.2121,
frame_ms,0.2197,
frame_ms,0.2322,
frame_ms,0.2193,
frame_ms,0.206,
frame_ms,0.2532,
frame_ms,0.2212,
frame_ms,0.211,
frame_ms,0.2174,
frame_ms,0.2489,
frame_ms,0.2583,
frame_ms,0.2265,
frame_ms,0.218,
frame_ms,0.2171,
frame_ms,0.2088,
frame_ms,0.2527,
frame_ms,0.2433,
frame_ms,0.2056,
frame_ms,0.2511,
frame_ms,0.267,
frame_ms,0.2287,
frame_ms,0.2197,
frame_ms,0.2307,
frame_ms,0.2105,
tick_us,136.6,2
frame_ms,0.5609,
frame_ms,0.2631,
frame_ms,0.2131,
frame_ms,0.2112,
frame_ms,0.2022,
frame_ms,0.2534,
frame_ms,0.2819,
frame_ms,0.2242,
frame_ms,0.2181,
frame_ms,0.2136,
frame_ms,0.2463,
frame_ms,0.2491,
frame_ms,0.2173,
frame_ms,0.2046,
frame_ms,0.2694,
frame_ms,0.2274,
frame_ms,0.2082,
frame_ms,0.242,
frame_ms,0.2197,
frame_ms,0.2085,
frame_ms,0.2546,
frame_ms,0.2206,
frame_ms,0.2071,
frame_ms,0.257,
frame_ms,0.2344,
frame_ms,0.2071,
frame_ms,0.2499,
frame_ms,0.3731,
tick_us,127.4,2
frame_ms,0.6485,
frame_ms,0.2465,
frame_ms,0.2134,
frame_ms,0.2123,
frame_ms,0.2101,
frame_ms,0.2119,
frame_ms,0.2626,
frame_ms,0.2221,
frame_ms,0.2103,
frame_ms,0.2549,
frame_ms,0.2206,
frame_ms,0.2151,
frame_ms,0.2587,
frame_ms,0.2567,
frame_ms,0.2683,
frame_ms,0.21,
frame_ms,0.2083,
frame_ms,0.208,
frame_ms,0.2716,
frame_ms,0.2258,
frame_ms,0.2234,
frame_ms,0.2545,
frame_ms,0.2266,
frame_ms,0.2107,
frame_ms,0.248,
frame_ms,0.3653,
frame_ms,0.4331,
tick_us,126.8,2
frame_ms,0.5508,
frame_ms,0.231,
frame_ms,0.2077,
frame_ms,0.2115,
frame_ms,0.2028,
frame_ms,0.2493,
frame_ms,0.223,
frame_ms,0.2079,
frame_ms,0.2526,
frame_ms,0.2173,
frame_ms,0.2169,
frame_ms,0.215,
frame_ms,0.241,
frame_ms,0.2244,
frame_ms,0.211,
frame_ms,0.2534,
frame_ms,0.2214,
frame_ms,0.2458,
frame_ms,0.2071,
frame_ms,0.2752,
frame_ms,0.239,
frame_ms,0.2102,
frame_ms,0.2605,
frame_ms,0.216,
frame_ms,0.2009,
frame_ms,0.2423,
frame_ms,0.2191,
frame_ms,0.1995,
frame_ms,0.2588,
tick_us,147,2
frame_ms,0.6865,
frame_ms,0.2796,
frame_ms,0.2361,
frame_ms,0.2155,
frame_ms,0.224,
frame_ms,0.2665,
frame_ms,0.4352,
frame_ms,0.4079,
frame_ms,0.2466,
frame_ms,0.2094,
frame_ms,0.2107,
frame_ms,0.2121,
frame_ms,0.2079,
frame_ms,0.2417,
frame_ms,0.2399,
frame_ms,0.2151,
frame_ms,0.2357,
frame_ms,0.2257,
frame_ms,0.2107,
frame_ms,0.6634,
frame_ms,0.5078,
frame_ms,0.3038,
tick_us,148,0
frame_ms,0.7909,
frame_ms,0.2394,
frame_ms,0.2069,
frame_ms,0.2054,
frame_ms,0.2554,
frame_ms,0.2198,
frame_ms,0.209,
frame_ms,0.2222,
frame_ms,0.2071,
frame_ms,0.2,
frame_ms,0.2475,
frame_ms,0.3644,
frame_ms,0.3891,
frame_ms,0.3866,
frame_ms,0.2505,
frame_ms,0.2103,
frame_ms,0.2111,
frame_ms,0.204,
frame_ms,0.2022,
frame_ms,0.2468,
frame_ms,0.2188,
frame_ms,0.2028,
frame_ms,0.2344,
frame_ms,0.2757,
frame_ms,0.2245,
frame_ms,0.2121,
frame_ms,0.2029,
frame_ms,0.274,
tick_us,143.6,0
frame_ms,0.5244,
frame_ms,0.2494,
frame_ms,0.289,
frame_ms,0.2051,
frame_ms,0.2039,
frame_ms,0.2003,
frame_ms,0.2101,
frame_ms,0.2412,
frame_ms,0.2169,
frame_ms,0.2007,
frame_ms,0.258,
frame_ms,0.3383,
frame_ms,0.2167,
frame_ms,0.1999,
frame_ms,0.2409,
frame_ms,0.3976,
frame_ms,0.2672,
frame_ms,0.2228,
frame_ms,0.2116,
frame_ms,0.2425,
frame_ms,0.1977,
frame_ms,0.263,
frame_ms,0.2215,
frame_ms,0.1973,
frame_ms,0.2315,
frame_ms,0.2159,
frame_ms,0.1982,
frame_ms,0.2808,
tick_us,132.2,0
frame_ms,0.559,
frame_ms,0.2377,
frame_ms,0.219,
frame_ms,0.2215,
frame_ms,0.3796,
frame_ms,0.3704,
frame_ms,0.3587,
frame_ms,0.4021,
frame_ms,0.3355,
frame_ms,0.3311,
frame_ms,0.2617,
frame_ms,0.2195,
frame_ms,0.2085,
frame_ms,0.1999,
frame_ms,0.2461,
frame_ms,0.2209,
frame_ms,0.2019,
frame_ms,0.3602,
frame_ms,0.4419,
frame_ms,0.2735,
frame_ms,0.86,
tick_us,134.4,0
frame_ms,0.541,
frame_ms,0.2246,
frame_ms,0.2183,
frame_ms,0.2554,
frame_ms,0.2192,
frame_ms,0.2097,
frame_ms,0.2035,
frame_ms,0.2419,
frame_ms,0.2159,
frame_ms,0.201,
frame_ms,0.2468,
frame_ms,0.2272,
frame_ms,0.2052,
frame_ms,0.2522,
frame_ms,0.2175,
frame_ms,0.2,
frame_ms,0.2437,
frame_ms,0.2158,
frame_ms,0.1984,
frame_ms,0.4355,
frame_ms,0.2933,
frame_ms,0.224,
frame_ms,0.2153,
frame_ms,0.2151,
frame_ms,0.2081,
frame_ms,0.2429,
frame_ms,0.2533,
frame_ms,0.2361,
tick_us,142.8,0
frame_ms,0.5072,
frame_ms,0.2215,
frame_ms,0.2006,
frame_ms,0.2769,
frame_ms,0.2241,
frame_ms,0.2112,
frame_ms,0.2008,
frame_ms,0.2158,
frame_ms,0.2072,
frame_ms,0.1992,
frame_ms,0.2777,
frame_ms,0.2284,
frame_ms,0.2035,
frame_ms,0.2335,
frame_ms,0.2165,
frame_ms,0.2018,
frame_ms,0.2543,
frame_ms,0.2917,
frame_ms,0.2575,
frame_ms,0.2297,
frame_ms,0.2192,
frame_ms,0.207,
frame_ms,0.2394,
frame_ms,0.244,
frame_ms,0.2117,
frame_ms,0.2152,
frame_ms,0.2073,
frame_ms,0.2834,
frame_ms,0.23,
frame_ms,0.2087,
tick_us,135.9,0
frame_ms,0.5235,
frame_ms,0.2249,
frame_ms,0.2004,
frame_ms,0.2081,
frame_ms,0.213,
frame_ms,0.3307,
frame_ms,0.2271,
frame_ms,0.2083,
frame_ms,0.2382,
frame_ms,0.2198,
frame_ms,0.204,
frame_ms,0.2599,
frame_ms,0.2195,
frame_ms,0.2024,
frame_ms,0.2549,
frame_ms,0.2191,
frame_ms,0.2027,
frame_ms,0.2549,
frame_ms,0.2174,
frame_ms,0.2037,
frame_ms,0.251,
frame_ms,0.2191,
frame_ms,0.2018,
frame_ms,0.253,
frame_ms,0.2185,
frame_ms,0.1999,
frame_ms,0.3261,
frame_ms,0.3229,
tick_us,140.4,0
frame_ms,0.5231,
frame_ms,0.2265,
frame_ms,0.3307,
frame_ms,0.21,
frame_ms,0.2232,
frame_ms,0.2178,
frame_ms,0.2293,
frame_ms,0.2699,
frame_ms,0.2405,
frame_ms,0.2539,
frame_ms,0.2132,
frame_ms,0.208,
frame_ms,0.246,
frame_ms,0.2186,
frame_ms,0.2004,
frame_ms,0.2575,
frame_ms,0.2191,
frame_ms,0.1993,
frame_ms,0.2342,
frame_ms,0.2163,
frame_ms,0.2006,
frame_ms,0.2612,
frame_ms,0.2158,
frame_ms,0.1995,
frame_ms,0.2406,
frame_ms,0.2145,
frame_ms,0.1962,
frame_ms,0.2713,
frame_ms,0.2178,
tick_us,138.8,0
frame_ms,0.5081,
frame_ms,0.2117,
frame_ms,0.1968,
frame_ms,0.1974,
frame_ms,0.1976,
frame_ms,0.2474,
frame_ms,0.221,
frame_ms,0.2024,
frame_ms,0.3556,
frame_ms,0.2332,
frame_ms,0.222,
frame_ms,0.2077,
frame_ms,0.2305,
frame_ms,0.2394,
frame_ms,0.2159,
frame_ms,0.239,
frame_ms,0.2162,
frame_ms,0.227,
frame_ms,0.2538,
frame_ms,0.2193,
frame_ms,0.2014,
frame_ms,0.2586,
frame_ms,0.22,
frame_ms,0.2001,
frame_ms,0.2593,
frame_ms,0.2169,
frame_ms,0.1993,
frame_ms,0.2634,
frame_ms,0.224,
tick_us,136,0
frame_ms,0.4883,
frame_ms,0.2228,
frame_ms,0.2006,
frame_ms,0.2036,
frame_ms,0.3264,
frame_ms,0.2572,
frame_ms,0.2282,
frame_ms,0.2058,
frame_ms,0.2043,
frame_ms,0.276,
frame_ms,0.2224,
frame_ms,0.2059,
frame_ms,0.2448,
frame_ms,0.2187,
frame_ms,0.2007,
frame_ms,0.2562,
frame_ms,0.2182,
frame_ms,0.2013,
frame_ms,0.2615,
frame_ms,0.22,
frame_ms,0.2007,
frame_ms,0.2551,
frame_ms,0.2202,
frame_ms,0.2012,
frame_ms,0.2343,
frame_ms,0.2253,
frame_ms,0.2063,
frame_ms,0.2439,
frame_ms,0.3446,
tick_us,134,0
frame_ms,0.661,
frame_ms,0.2565,
frame_ms,0.2146,
frame_ms,0.2149,
frame_ms,0.2096,
frame_ms,0.2344,
frame_ms,0.2471,
frame_ms,0.2107,
frame_ms,0.2864,
frame_ms,0.2367,
frame_ms,0.2177,
frame_ms,0.2041,
frame_ms,0.2433,
frame_ms,0.2152,
frame_ms,0.2045,
frame_ms,0.2584,
frame_ms,0.2574,
frame_ms,0.2481,
frame_ms,0.2146,
frame_ms,0.2393,
frame_ms,0.2318,
frame_ms,0.2074,
frame_ms,0.2435,
frame_ms,0.2158,
frame_ms,0.2041,
frame_ms,0.2623,
frame_ms,0.2176,
frame_ms,0.2014,
tick_us,136.8,0
frame_ms,0.5652,
frame_ms,0.235,
frame_ms,0.2026,
frame_ms,0.2083,
frame_ms,0.2037,
frame_ms,0.2062,
frame_ms,0.2411,
frame_ms,0.2187,
frame_ms,0.2043,
frame_ms,0.2465,
frame_ms,0.3703,
frame_ms,0.3083,
frame_ms,0.2534,
frame_ms,0.213,
frame_ms,0.2158,
frame_ms,0.2673,
frame_ms,0.2253,
frame_ms,0.2234,
frame_ms,0.226,
frame_ms,0.2077,
frame_ms,0.2105,
frame_ms,0.2155,
frame_ms,0.293,
frame_ms,0.2564,
frame_ms,0.214,
frame_ms,0.239,
frame_ms,0.2074,
frame_ms,0.2027,
frame_ms,0.2462,
tick_us,138.7,0
frame_ms,0.5052,
frame_ms,0.2193,
frame_ms,0.2011,
frame_ms,0.2073,
frame_ms,0.2488,
frame_ms,0.2115,
frame_ms,0.2154,
frame_ms,0.2497,
frame_ms,0.217,
frame_ms,0.2006,
frame_ms,0.2572,
frame_ms,0.2248,
frame_ms,0.2333,
frame_ms,0.2364,
frame_ms,0.3392,
frame_ms,0.2849,
frame_ms,0.2196,
frame_ms,0.2177,
frame_ms,0.2013,
frame_ms,0.2437,
frame_ms,0.2583,
frame_ms,0.225,
frame_ms,0.2139,
frame_ms,0.274,
frame_ms,0.2538,
frame_ms,0.213,
frame_ms,0.209,
frame_ms,0.2657,
tick_us,139.1,0
frame_ms,0.5156,
frame_ms,0.2258,
frame_ms,0.2001,
frame_ms,0.208,
frame_ms,0.2015,
frame_ms,0.2447,
frame_ms,0.224,
frame_ms,0.2083,
frame_ms,0.2256,
frame_ms,0.2102,
frame_ms,0.2012,
frame_ms,0.299,
frame_ms,0.275,
frame_ms,0.2924,
frame_ms,0.2385,
frame_ms,0.2157,
frame_ms,0.2025,
frame_ms,0.2338,
frame_ms,0.2122,
frame_ms,0.4204,
frame_ms,0.3792,
frame_ms,0.3421,
frame_ms,0.3308,
frame_ms,0.239,
frame_ms,0.2047,
frame_ms,0.2269,
frame_ms,0.2531,
tick_us,138.4,0
frame_ms,0.5206,
frame_ms,0.2328,
frame_ms,0.2415,
frame_ms,0.2058,
frame_ms,0.2018,
frame_ms,0.2006,
frame_ms,0.2535,
frame_ms,0.2157,
frame_ms,0.211,
frame_ms,0.2729,
frame_ms,0.2287,
frame_ms,0.2088,
frame_ms,0.2534,
frame_ms,0.219,
frame_ms,0.2001,
frame_ms,0.313,
frame_ms,0.2786,
frame_ms,0.2284,
frame_ms,0.2183,
frame_ms,0.2098,
frame_ms,0.2559,
frame_ms,0.2485,
frame_ms,0.2196,
frame_ms,0.2059,
frame_ms,0.2475,
frame_ms,0.2142,
frame_ms,0.21,
frame_ms,0.2325,
frame_ms,0.218,
tick_us,138.1,2
frame_ms,0.4957,
frame_ms,0.2256,
frame_ms,0.2031,
frame_ms,0.2106,
frame_ms,0.2053,
frame_ms,0.22,
frame_ms,0.2391,
frame_ms,0.2244,
frame_ms,0.2071,
frame_ms,0.2199,
frame_ms,0.2466,
frame_ms,0.2183,
frame_ms,0.2034,
frame_ms,0.254,
frame_ms,0.2262,
frame_ms,0.3457,
frame_ms,0.2775,
frame_ms,0.2315,
frame_ms,0.2144,
frame_ms,0.2093,
frame_ms,0.2427,
frame_ms,0.2154,
frame_ms,0.2188,
frame_ms,0.2606,
frame_ms,0.2575,
frame_ms,0.2207,
frame_ms,0.277,
frame_ms,0.2678,
tick_us,131.2,2
frame_ms,0.5119,
frame_ms,0.2319,
frame_ms,0.2107,
frame_ms,0.213,
frame_ms,0.2055,
frame_ms,0.2317,
frame_ms,0.2199,
frame_ms,0.2068,
frame_ms,0.2424,
frame_ms,0.2634,
frame_ms,0.2196,
frame_ms,0.2267,
frame_ms,0.3136,
frame_ms,0.378,
frame_ms,0.3656,
frame_ms,0.3603,
frame_ms,0.3372,
frame_ms,0.341,
frame_ms,0.3358,
frame_ms,0.3339,
frame_ms,0.3412,
frame_ms,0.335,
frame_ms,0.3312,
tick_us,171.7,2
frame_ms,0.7153,
frame_ms,0.2811,
frame_ms,0.2223,
frame_ms,0.2165,
frame_ms,0.218,
frame_ms,0.2117,
frame_ms,0.2402,
frame_ms,0.2243,
frame_ms,0.2075,
frame_ms,0.2316,
frame_ms,0.2211,
frame_ms,0.2006,
frame_ms,0.2326,
frame_ms,0.2186,
frame_ms,0.2037,
frame_ms,0.2422,
frame_ms,0.2749,
frame_ms,0.2677,
frame_ms,0.2605,
frame_ms,0.213,
frame_ms,0.2034,
frame_ms,0.2026,
frame_ms,0.2503,
frame_ms,0.2162,
frame_ms,0.2048,
frame_ms,0.2405,
frame_ms,0.2134,
frame_ms,0.2037,
frame_ms,0.4121,
tick_us,149.8,2
frame_ms,0.6819,
frame_ms,0.2338,
frame_ms,0.2067,
frame_ms,0.214,
frame_ms,0.4087,
frame_ms,0.35,
frame_ms,0.3142,
frame_ms,0.2891,
frame_ms,0.2128,
frame_ms,0.2238,
frame_ms,0.2275,
frame_ms,0.228,
frame_ms,0.2411,
frame_ms,0.2508,
frame_ms,0.233,
frame_ms,0.25,
frame_ms,0.266,
frame_ms,0.2547,
frame_ms,0.2277,
frame_ms,0.2586,
frame_ms,0.2353,
frame_ms,0.2454,
frame_ms,0.2469,
frame_ms,0.2301,
frame_ms,0.236,
tick_us,141.6,2
frame_ms,0.5048,
frame_ms,0.2247,
frame_ms,0.2034,
frame_ms,0.2211,
frame_ms,0.2048,
frame_ms,0.2148,
frame_ms,0.2551,
frame_ms,0.2219,
frame_ms,0.203,
frame_ms,0.2522,
frame_ms,0.2212,
frame_ms,0.2459,
frame_ms,1.2038,
frame_ms,0.2321,
frame_ms,0.2144,
frame_ms,0.3107,
frame_ms,0.3253,
frame_ms,0.2197,
frame_ms,0.2137,
frame_ms,0.2131,
frame_ms,0.206,
frame_ms,0.2676,
frame_ms,0.2557,
frame_ms,0.2189,
frame_ms,0.209,
tick_us,135.9,2
frame_ms,0.5502,
frame_ms,0.2382,
frame_ms,0.2033,
frame_ms,0.207,
frame_ms,0.2007,
frame_ms,0.2389,
frame_ms,0.267,
frame_ms,0.2274,
frame_ms,0.2116,
frame_ms,0.2212,
frame_ms,0.2078,
frame_ms,0.2107,
frame_ms,0.2411,
frame_ms,0.2178,
frame_ms,0.2089,
frame_ms,0.6712,
frame_ms,0.5415,
frame_ms,0.256,
frame_ms,0.3282,
frame_ms,0.2171,
frame_ms,0.2135,
frame_ms,0.2066,
frame_ms,0.2052,
frame_ms,0.2463,
frame_ms,0.2181,
frame_ms,0.2034,
tick_us,136.8,4
frame_ms,0.5325,
frame_ms,0.2288,
frame_ms,0.2033,
frame_ms,0.2101,
frame_ms,0.2116,
frame_ms,0.2155,
frame_ms,0.288,
frame_ms,0.2184,
frame_ms,0.21,
frame_ms,0.2413,
frame_ms,0.2387,
frame_ms,0.2107,
frame_ms,0.2435,
frame_ms,0.2188,
frame_ms,0.2048,
frame_ms,0.2525,
frame_ms,0.2235,
frame_ms,0.2099,
frame_ms,0.2426,
frame_ms,0.2221,
frame_ms,0.2028,
frame_ms,0.2647,
frame_ms,0.3638,
frame_ms,0.226,
frame_ms,0.2034,
frame_ms,0.2016,
frame_ms,0.2234,
frame_ms,0.2027,
frame_ms,0.2813,
tick_us,138.4,6
frame_ms,0.521,
frame_ms,0.219,
frame_ms,0.1977,
frame_ms,0.199,
frame_ms,0.2302,
frame_ms,0.2164,
frame_ms,0.2,
frame_ms,0.2469,
frame_ms,0.2232,
frame_ms,0.1992,
frame_ms,0.3733,
frame_ms,0.3324,
frame_ms,0.2268,
frame_ms,0.1996,
frame_ms,0.2022,
frame_ms,0.2434,
frame_ms,0.2108,
frame_ms,0.2016,
frame_ms,0.27,
frame_ms,0.2219,
frame_ms,0.3919,
frame_ms,0.3519,
frame_ms,0.2445,
frame_ms,0.2095,
frame_ms,0.2126,
frame_ms,0.213,
frame_ms,0.2486,
tick_us,143.3,6
frame_ms,0.5919,
frame_ms,0.2682,
frame_ms,0.2208,
frame_ms,0.2079,
frame_ms,0.2008,
frame_ms,0.2441,
frame_ms,0.2112,
frame_ms,0.2081,
frame_ms,0.2413,
frame_ms,0.2113,
frame_ms,0.2016,
frame_ms,0.2431,
frame_ms,0.2277,
frame_ms,0.2057,
frame_ms,0.2507,
frame_ms,0.218,
frame_ms,0.209,
frame_ms,0.248,
frame_ms,0.2254,
frame_ms,0.2055,
frame_ms,0.2343,
frame_ms,0.2138,
frame_ms,0.1991,
frame_ms,0.2486,
frame_ms,0.3967,
frame_ms,0.3432,
frame_ms,0.3305,
tick_us,126.4,4
frame_ms,0.5888,
frame_ms,0.2322,
frame_ms,0.2037,
frame_ms,0.207,
frame_ms,0.2105,
frame_ms,0.2778,
frame_ms,0.2561,
frame_ms,0.2232,
frame_ms,0.2624,
frame_ms,0.2529,
frame_ms,0.2134,
frame_ms,0.2035,
frame_ms,0.2454,
frame_ms,0.2252,
frame_ms,0.2075,
frame_ms,0.2527,
frame_ms,0.2214,
frame_ms,0.2954,
frame_ms,0.2128,
frame_ms,0.2064,
frame_ms,0.2151,
frame_ms,0.2797,
frame_ms,0.2304,
frame_ms,0.2039,
frame_ms,0.2807,
frame_ms,0.2839,
frame_ms,0.2257,
frame_ms,0.2173,
frame_ms,0.213,
tick_us,138.3,4
frame_ms,0.5257,
frame_ms,0.2712,
frame_ms,0.2322,
frame_ms,0.2121,
frame_ms,0.2202,
frame_ms,0.2121,
frame_ms,0.2101,
frame_ms,0.2958,
frame_ms,0.3822,
frame_ms,0.2061,
frame_ms,0.2555,
frame_ms,0.2869,
frame_ms,0.2264,
frame_ms,0.2106,
frame_ms,0.2066,
frame_ms,0.2536,
frame_ms,0.2231,
frame_ms,0.2074,
frame_ms,0.2336,
frame_ms,0.2193,
frame_ms,0.217,
frame_ms,0.2051,
frame_ms,0.2598,
frame_ms,0.3947,
frame_ms,0.3513,
frame_ms,0.3415,
tick_us,141.9,4
frame_ms,0.5435,
frame_ms,0.2298,
frame_ms,0.211,
frame_ms,0.2169,
frame_ms,0.2072,
frame_ms,0.2301,
frame_ms,0.218,
frame_ms,0.2063,
frame_ms,0.262,
frame_ms,0.257,
frame_ms,0.2178,
frame_ms,0.2068,
frame_ms,0.2641,
frame_ms,0.226,
frame_ms,0.2077,
frame_ms,0.2485,
frame_ms,0.2153,
frame_ms,0.2057,
frame_ms,0.2699,
frame_ms,0.2229,
frame_ms,0.2186,
frame_ms,0.2475,
frame_ms,0.2085,
frame_ms,0.1994,
frame_ms,0.2685,
frame_ms,0.2246,
frame_ms,0.2097,
frame_ms,0.2751,
frame_ms,0.2137,
tick_us,140.8,4
frame_ms,0.5011,
frame_ms,0.2305,
frame_ms,0.2028,
frame_ms,0.207,
frame_ms,0.2017,
frame_ms,0.2314,
frame_ms,0.2351,
frame_ms,0.5522,
frame_ms,0.2659,
frame_ms,0.2182,
frame_ms,0.1995,
frame_ms,0.2045,
frame_ms,0.2042,
frame_ms,0.237,
frame_ms,0.214,
frame_ms,0.229,
frame_ms,0.2052,
frame_ms,0.2031,
frame_ms,0.2756,
frame_ms,0.2962,
frame_ms,0.2248,
frame_ms,0.218,
frame_ms,0.2133,
frame_ms,0.2207,
frame_ms,0.2495,
frame_ms,0.2627,
frame_ms,0.2617,
frame_ms,0.2376,
tick_us,133.4,4
frame_ms,0.4993,
frame_ms,0.2213,
frame_ms,0.2014,
frame_ms,0.2053,
frame_ms,0.2046,
frame_ms,0.2424,
frame_ms,0.2246,
frame_ms,0.2072,
frame_ms,0.253,
frame_ms,0.2176,
frame_ms,0.2097,
frame_ms,0.2331,
frame_ms,0.2238,
frame_ms,0.2053,
frame_ms,0.255,
frame_ms,0.2202,
frame_ms,0.2148,
frame_ms,0.2777,
frame_ms,0.2748,
frame_ms,0.2434,
frame_ms,0.3205,
frame_ms,0.2054,
frame_ms,0.2102,
frame_ms,0.2293,
frame_ms,0.2141,
frame_ms,0.2684,
frame_ms,0.2265,
frame_ms,0.2032,
frame_ms,0.2856,
tick_us,145.1,4
frame_ms,0.6161,
frame_ms,0.2963,
frame_ms,0.2498,
frame_ms,0.2278,
frame_ms,0.2325,
frame_ms,0.2296,
frame_ms,0.2546,
frame_ms,0.2518,
frame_ms,0.2188,
frame_ms,0.2094,
frame_ms,0.2381,
frame_ms,0.2188,
frame_ms,0.2041,
frame_ms,0.3714,
frame_ms,0.2377,
frame_ms,0.2313,
frame_ms,0.3032,
frame_ms,0.411,
frame_ms,0.3058,
frame_ms,0.3024,
frame_ms,0.2263,
frame_ms,0.2347,
frame_ms,0.2103,
frame_ms,0.2116,
frame_ms,0.2889,
tick_us,167,4
frame_ms,0.694,
frame_ms,0.354,
frame_ms,0.363,
frame_ms,0.3766,
frame_ms,0.3366,
frame_ms,0.3171,
frame_ms,0.2531,
frame_ms,0.2085,
frame_ms,0.2128,
frame_ms,0.2033,
frame_ms,0.2099,
frame_ms,0.2744,
frame_ms,0.2209,
frame_ms,0.2086,
frame_ms,0.2285,
frame_ms,0.2228,
frame_ms,0.2151,
frame_ms,0.2113,
frame_ms,0.2795,
frame_ms,0.2312,
frame_ms,0.2124,
frame_ms,0.2373,
frame_ms,0.356,
frame_ms,0.4086,
frame_ms,0.3354,
tick_us,171.5,4
frame_ms,0.6734,
frame_ms,0.3119,
frame_ms,0.3413,
frame_ms,0.243,
frame_ms,0.224,
frame_ms,0.2175,
frame_ms,0.2154,
frame_ms,0.2252,
frame_ms,0.21,
frame_ms,0.2518,
frame_ms,0.2303,
frame_ms,0.2127,
frame_ms,0.2753,
frame_ms,0.2609,
frame_ms,0.2214,
frame_ms,0.2084,
frame_ms,0.2069,
frame_ms,0.2436,
frame_ms,0.2193,
frame_ms,0.209,
frame_ms,0.2678,
frame_ms,0.2615,
frame_ms,0.235,
frame_ms,0.2312,
frame_ms,0.2239,
frame_ms,0.2205,
frame_ms,0.2266,
tick_us,131.4,4
frame_ms,0.5465,
frame_ms,0.3457,
frame_ms,0.2634,
frame_ms,0.2164,
frame_ms,0.22,
frame_ms,0.2142,
frame_ms,0.2303,
frame_ms,0.2141,
frame_ms,0.2161,
frame_ms,0.2347,
frame_ms,0.2146,
frame_ms,0.2725,
frame_ms,0.255,
frame_ms,0.2217,
frame_ms,0.2098,
frame_ms,0.267,
frame_ms,0.2961,
frame_ms,0.2374,
frame_ms,0.2127,
frame_ms,0.2066,
frame_ms,0.2415,
frame_ms,0.244,
frame_ms,0.2436,
frame_ms,0.2216,
frame_ms,0.2532,
frame_ms,0.2418,
frame_ms,0.2099,
frame_ms,0.2485,
tick_us,141.4,4
frame_ms,0.5231,
frame_ms,0.2207,
frame_ms,0.2454,
frame_ms,0.3621,
frame_ms,0.2899,
frame_ms,0.2921,
frame_ms,0.3087,
frame_ms,0.2161,
frame_ms,0.2073,
frame_ms,0.2028,
frame_ms,0.2415,
frame_ms,0.2163,
frame_ms,0.2042,
frame_ms,0.2466,
frame_ms,0.2207,
frame_ms,0.2143,
frame_ms,0.2423,
frame_ms,0.2141,
frame_ms,0.2126,
frame_ms,0.2358,
frame_ms,0.2131,
frame_ms,0.2253,
frame_ms,0.2559,
frame_ms,0.2239,
frame_ms,0.2082,
frame_ms,0.2491,
frame_ms,0.2183,
frame_ms,0.2024,
tick_us,138,4
frame_ms,0.677,
frame_ms,0.4121,
frame_ms,0.3086,
frame_ms,0.2186,
frame_ms,0.2187,
frame_ms,0.2032,
frame_ms,0.2356,
frame_ms,0.2191,
frame_ms,0.2029,
frame_ms,0.2592,
frame_ms,0.2245,
frame_ms,0.2032,
frame_ms,0.2466,
frame_ms,0.2208,
frame_ms,0.2067,
frame_ms,0.2435,
frame_ms,0.2202,
frame_ms,0.2033,
frame_ms,0.2526,
frame_ms,0.2288,
frame_ms,0.2079,
frame_ms,0.2448,
frame_ms,0.3688,
frame_ms,0.2636,
frame_ms,0.2167,
frame_ms,0.2174,
frame_ms,0.2106,
tick_us,144.8,4
frame_ms,0.5279,
frame_ms,0.2256,
frame_ms,0.2185,
frame_ms,0.2162,
frame_ms,0.2127,
frame_ms,0.219,
frame_ms,0.2119,
frame_ms,0.2607,
frame_ms,0.2561,
frame_ms,0.2186,
frame_ms,0.2067,
frame_ms,0.2701,
frame_ms,0.2268,
frame_ms,0.209,
frame_ms,0.2546,
frame_ms,0.2232,
frame_ms,0.2081,
frame_ms,0.2668,
frame_ms,0.232,
frame_ms,0.2046,
frame_ms,0.2531,
frame_ms,0.2193,
frame_ms,0.2182,
frame_ms,0.2055,
frame_ms,0.4167,
frame_ms,0.3207,
frame_ms,0.2644,
frame_ms,0.2207,
tick_us,137,4
frame_ms,0.5008,
frame_ms,0.2289,
frame_ms,0.2077,
frame_ms,0.2202,
frame_ms,0.2429,
frame_ms,0.2182,
frame_ms,0.2095,
frame_ms,0.2611,
frame_ms,0.2551,
frame_ms,0.9781,
frame_ms,0.4977,
frame_ms,0.2558,
frame_ms,0.2112,
frame_ms,0.2185,
frame_ms,0.2088,
frame_ms,0.2296,
frame_ms,0.2508,
frame_ms,0.2155,
frame_ms,0.2109,
frame_ms,0.2794,
frame_ms,0.2642,
frame_ms,0.227,
frame_ms,0.2196,
frame_ms,0.2118,
tick_us,132.1,4
frame_ms,0.5199,
frame_ms,0.258,
frame_ms,0.2161,
frame_ms,0.2085,
frame_ms,0.2043,
frame_ms,0.2339,
frame_ms,0.2211,
frame_ms,0.2062,
frame_ms,0.2634,
frame_ms,0.2711,
frame_ms,0.2375,
frame_ms,0.2334,
frame_ms,0.2181,
frame_ms,0.2099,
frame_ms,0.2437,
frame_ms,0.2509,
frame_ms,0.2155,
frame_ms,0.2362,
frame_ms,0.2181,
frame_ms,0.2045,
frame_ms,0.2394,
frame_ms,0.2195,
frame_ms,0.2034,
frame_ms,0.2356,
frame_ms,0.219,
frame_ms,0.2612,
frame_ms,0.2254,
frame_ms,0.2247,
frame_ms,0.2009,
tick_us,137.2,4
frame_ms,0.5452,
frame_ms,0.2369,
frame_ms,0.2034,
frame_ms,0.2119,
frame_ms,0.202,
frame_ms,0.2386,
frame_ms,0.2192,
frame_ms,0.2044,
frame_ms,0.2353,
frame_ms,0.27,
frame_ms,0.2178,
frame_ms,0.2021,
frame_ms,0.2376,
frame_ms,0.216,
frame_ms,0.2026,
frame_ms,0.2642,
frame_ms,0.217,
frame_ms,0.2025,
frame_ms,0.2582,
frame_ms,0.4936,
frame_ms,0.2678,
frame_ms,0.2319,
frame_ms,0.2204,
frame_ms,0.2109,
frame_ms,0.2284,
frame_ms,0.2087,
frame_ms,0.2069,
frame_ms,0.268,
tick_us,124.5,4
frame_ms,0.5296,
frame_ms,0.2293,
frame_ms,0.2087,
frame_ms,0.2155,
frame_ms,0.2076,
frame_ms,0.2062,
frame_ms,0.2768,
frame_ms,0.2445,
frame_ms,0.2228,
frame_ms,0.2102,
frame_ms,0.2068,
frame_ms,0.2519,
frame_ms,0.2493,
frame_ms,0.2158,
frame_ms,0.2423,
frame_ms,0.2234,
frame_ms,0.2065,
frame_ms,0.2268,
frame_ms,0.2165,
frame_ms,0.2013,
frame_ms,0.2669,
frame_ms,0.2236,
frame_ms,0.2053,
frame_ms,0.2593,
frame_ms,0.2148,
frame_ms,0.2035,
frame_ms,0.2414,
frame_ms,0.2156,
frame_ms,0.2008,
frame_ms,0.2651,
tick_us,136.2,4
frame_ms,0.5153,
frame_ms,0.2215,
frame_ms,0.2016,
frame_ms,0.2032,
frame_ms,0.2278,
frame_ms,0.5149,
frame_ms,0.2069,
frame_ms,0.1959,
frame_ms,0.2042,
frame_ms,0.269,
frame_ms,0.2973,
frame_ms,0.2277,
frame_ms,0.218,
frame_ms,0.2204,
frame_ms,0.2093,
frame_ms,0.2075,
frame_ms,0.2515,
frame_ms,0.2625,
frame_ms,0.2202,
frame_ms,0.2092,
frame_ms,0.2027,
frame_ms,0.2714,
frame_ms,0.2218,
frame_ms,0.2063,
frame_ms,0.2537,
frame_ms,0.224,
frame_ms,0.4169,
tick_us,141.4,4
frame_ms,0.6825,
frame_ms,0.2532,
frame_ms,0.2181,
frame_ms,0.2167,
frame_ms,0.2055,
frame_ms,0.2092,
frame_ms,0.2645,
frame_ms,0.2553,
frame_ms,0.2313,
frame_ms,0.211,
frame_ms,0.2832,
frame_ms,0.2303,
frame_ms,0.2202,
frame_ms,0.243,
frame_ms,0.2172,
frame_ms,0.2027,
frame_ms,0.2329,
frame_ms,0.2231,
frame_ms,0.2063,
frame_ms,0.2479,
frame_ms,0.2136,
frame_ms,0.201,
frame_ms,0.2614,
frame_ms,0.2659,
frame_ms,0.2354,
frame_ms,0.2176,
frame_ms,0.2339,
frame_ms,0.2242,
tick_us,137,2
frame_ms,0.4974,
frame_ms,0.245,
frame_ms,0.2078,
frame_ms,0.2097,
frame_ms,0.2042,
frame_ms,0.2706,
frame_ms,0.2643,
frame_ms,0.3794,
frame_ms,0.3083,
frame_ms,0.2498,
frame_ms,0.2097,
frame_ms,0.2128,
frame_ms,0.2028,
frame_ms,0.2128,
frame_ms,0.2741,
frame_ms,0.2778,
frame_ms,0.2193,
frame_ms,0.2048,
frame_ms,0.2414,
frame_ms,0.2187,
frame_ms,0.2031,
frame_ms,0.2563,
frame_ms,0.2212,
frame_ms,0.2069,
frame_ms,0.2447,
frame_ms,0.2399,
frame_ms,0.2061,
frame_ms,0.2449,
tick_us,140.6,2
frame_ms,0.5305,
frame_ms,0.2362,
frame_ms,0.2027,
frame_ms,0.2085,
frame_ms,0.3348,
frame_ms,1.1332,
frame_ms,0.2481,
frame_ms,0.2193,
frame_ms,0.2536,
frame_ms,0.2762,
frame_ms,0.2285,
frame_ms,0.2142,
frame_ms,0.2076,
frame_ms,0.2295,
frame_ms,0.2125,
frame_ms,0.2064,
frame_ms,0.2617,
frame_ms,0.2249,
frame_ms,0.2089,
frame_ms,0.2504,
frame_ms,0.2173,
frame_ms,0.2062,
frame_ms,0.2307,
frame_ms,0.2183,
frame_ms,0.208,
tick_us,146.1,2
frame_ms,0.5594,
frame_ms,0.2406,
frame_ms,0.209,
frame_ms,0.2061,
frame_ms,0.2009,
frame_ms,0.2389,
frame_ms,0.2163,
frame_ms,0.2024,
frame_ms,0.244,
frame_ms,0.221,
frame_ms,0.2023,
frame_ms,0.2483,
frame_ms,0.2196,
frame_ms,0.2014,
frame_ms,0.2541,
frame_ms,0.2194,
frame_ms,0.2031,
frame_ms,0.2757,
frame_ms,0.2726,
frame_ms,0.233,
frame_ms,0.2275,
frame_ms,0.2199,
frame_ms,0.2142,
frame_ms,0.241,
frame_ms,0.2414,
frame_ms,0.2098,
frame_ms,0.2585,
frame_ms,0.2244,
frame_ms,0.2086,
tick_us,140.2,2
frame_ms,0.5315,
frame_ms,0.2259,
frame_ms,0.2009,
frame_ms,0.2083,
frame_ms,0.2059,
frame_ms,0.2578,
frame_ms,0.4327,
frame_ms,0.2337,
frame_ms,0.2111,
frame_ms,0.3425,
frame_ms,0.2677,
frame_ms,0.2335,
frame_ms,0.231,
frame_ms,0.2338,
frame_ms,0.2342,
frame_ms,0.3541,
frame_ms,0.2426,
frame_ms,0.2148,
frame_ms,0.2108,
frame_ms,0.2228,
frame_ms,0.205,
frame_ms,0.2422,
frame_ms,0.2101,
frame_ms,0.2177,
frame_ms,0.2262,
frame_ms,0.2143,
frame_ms,0.1997,
frame_ms,0.2607,
tick_us,136.9,2
frame_ms,0.5128,
frame_ms,0.2224,
frame_ms,0.201,
frame_ms,0.264,
frame_ms,0.2138,
frame_ms,0.203,
frame_ms,0.2309,
frame_ms,0.2119,
frame_ms,0.1993,
frame_ms,0.2508,
frame_ms,0.2192,
frame_ms,0.2114,
frame_ms,0.2396,
frame_ms,0.215,
frame_ms,0.2008,
frame_ms,0.2602,
frame_ms,0.2218,
frame_ms,0.1993,
frame_ms,0.2549,
frame_ms,0.2168,
frame_ms,0.2021,
frame_ms,0.2579,
frame_ms,0.2632,
frame_ms,0.257,
frame_ms,0.2269,
frame_ms,0.2377,
frame_ms,0.3572,
frame_ms,0.4285,
tick_us,139.3,2
frame_ms,0.6407,
frame_ms,0.2415,
frame_ms,0.2062,
frame_ms,0.2069,
frame_ms,0.2047,
frame_ms,0.2127,
frame_ms,0.276,
frame_ms,0.2241,
frame_ms,0.2062,
frame_ms,0.2519,
frame_ms,0.2204,
frame_ms,0.2035,
frame_ms,0.2298,
frame_ms,0.2176,
frame_ms,0.2016,
frame_ms,0.2612,
frame_ms,0.2152,
frame_ms,0.3445,
frame_ms,0.2749,
frame_ms,0.2108,
frame_ms,0.2055,
frame_ms,0.199,
frame_ms,0.2485,
frame_ms,0.214,
frame_ms,0.1998,
frame_ms,0.2635,
frame_ms,0.2223,
frame_ms,0.1964,
tick_us,134.4,0
frame_ms,0.5168,
frame_ms,0.2351,
frame_ms,0.201,
frame_ms,0.2074,
frame_ms,0.2183,
frame_ms,0.2315,
frame_ms,0.2099,
frame_ms,0.2072,
frame_ms,0.2558,
frame_ms,0.2192,
frame_ms,0.2003,
frame_ms,0.2546,
frame_ms,0.2243,
frame_ms,0.1991,
frame_ms,0.2309,
frame_ms,0.222,
frame_ms,0.1988,
frame_ms,0.2283,
frame_ms,0.2464,
frame_ms,0.3226,
frame_ms,0.3259,
frame_ms,0.2565,
frame_ms,0.2138,
frame_ms,0.2448,
frame_ms,0.2914,
frame_ms,0.2428,
frame_ms,0.2362,
frame_ms,0.2347,
frame_ms,0.2308,
tick_us,140.8,0
frame_ms,0.6061,
frame_ms,0.4549,
frame_ms,0.2112,
frame_ms,0.2081,
frame_ms,0.2014,
frame_ms,0.2102,
frame_ms,0.2437,
frame_ms,0.2157,
frame_ms,0.202,
frame_ms,0.2531,
frame_ms,0.2369,
frame_ms,0.2018,
frame_ms,0.2108,
frame_ms,0.2481,
frame_ms,0.2183,
frame_ms,0.2011,
frame_ms,0.2553,
frame_ms,0.2214,
frame_ms,0.2002,
frame_ms,0.2552,
frame_ms,0.2187,
frame_ms,0.2296,
frame_ms,0.2036,
frame_ms,0.6068,
frame_ms,0.3297,
frame_ms,0.2303,
tick_us,139.4,0
frame_ms,0.5036,
frame_ms,0.2309,
frame_ms,0.2043,
frame_ms,0.2063,
frame_ms,0.2127,
frame_ms,0.2138,
frame_ms,0.1956,
frame_ms,0.2399,
frame_ms,0.2086,
frame_ms,0.2072,
frame_ms,0.2,
frame_ms,0.2416,
frame_ms,0.2125,
frame_ms,0.2313,
frame_ms,0.2094,
frame_ms,0.2069,
frame_ms,0.2384,
frame_ms,0.218,
frame_ms,0.2384,
frame_ms,0.2082,
frame_ms,0.2012,
frame_ms,0.2439,
frame_ms,0.2171,
frame_ms,0.2254,
frame_ms,0.2024,
frame_ms,0.2387,
frame_ms,0.2062,
frame_ms,0.2356,
frame_ms,0.2063,
frame_ms,0.2424,
tick_us,138,0
frame_ms,0.5028,
frame_ms,0.222,
frame_ms,0.2035,
frame_ms,0.2073,
frame_ms,0.2053,
frame_ms,0.2332,
frame_ms,0.2815,
frame_ms,0.2566,
frame_ms,0.2249,
frame_ms,0.2204,
frame_ms,0.2146,
frame_ms,0.2378,
frame_ms,0.2742,
frame_ms,0.2338,
frame_ms,0.2182,
frame_ms,0.2106,
frame_ms,0.2546,
frame_ms,0.2276,
frame_ms,0.2019,
frame_ms,0.2472,
frame_ms,0.2248,
frame_ms,0.2115,
frame_ms,0.241,
frame_ms,0.2439,
frame_ms,0.2133,
frame_ms,0.4079,
frame_ms,0.3855,
frame_ms,0.2736,
tick_us,123.2,0
frame_ms,0.4831,
frame_ms,0.2295,
frame_ms,0.4786,
frame_ms,0.2286,
frame_ms,0.2205,
frame_ms,0.2065,
frame_ms,0.2074,
frame_ms,0.2476,
frame_ms,0.2277,
frame_ms,0.2346,
frame_ms,0.2177,
frame_ms,0.2327,
frame_ms,0.2275,
frame_ms,0.2063,
frame_ms,0.2413,
frame_ms,0.2092,
frame_ms,0.2303,
frame_ms,0.214,
frame_ms,0.2336,
frame_ms,0.2077,
frame_ms,0.236,
frame_ms,0.2135,
frame_ms,0.209,
frame_ms,0.2257,
frame_ms,0.266,
frame_ms,0.2765,
frame_ms,0.2286,
frame_ms,0.2254,
tick_us,147.8,0
frame_ms,0.5293,
frame_ms,0.2372,
frame_ms,0.2158,
frame_ms,0.2176,
frame_ms,0.2131,
frame_ms,0.2066,
frame_ms,0.3514,
frame_ms,0.4376,
frame_ms,0.3584,
frame_ms,0.349,
frame_ms,0.3669,
frame_ms,0.3501,
frame_ms,0.3789,
frame_ms,0.3625,
frame_ms,0.3449,
frame_ms,0.3456,
frame_ms,0.295,
frame_ms,0.2378,
frame_ms,0.2135,
frame_ms,0.2155,
frame_ms,0.265,
frame_ms,0.2241,
frame_ms,0.2085,
tick_us,141.6,0
frame_ms,0.5072,
frame_ms,0.2217,
frame_ms,0.2059,
frame_ms,0.2153,
frame_ms,0.2101,
frame_ms,0.2066,
frame_ms,0.2552,
frame_ms,0.2265,
frame_ms,0.2077,
frame_ms,0.3816,
frame_ms,0.5259,
frame_ms,0.3441,
frame_ms,0.2352,
frame_ms,0.2089,
frame_ms,0.2117,
frame_ms,0.2069,
frame_ms,0.2112,
frame_ms,0.249,
frame_ms,0.2228,
frame_ms,0.208,
frame_ms,0.2793,
frame_ms,0.2536,
frame_ms,0.2188,
frame_ms,0.2122,
frame_ms,0.2529,
frame_ms,0.2191,
frame_ms,0.2709,
tick_us,139.6,0
frame_ms,0.4986,
frame_ms,0.2283,
frame_ms,0.2055,
frame_ms,0.2034,
frame_ms,0.2119,
frame_ms,0.2917,
frame_ms,0.2973,
frame_ms,0.253,
frame_ms,0.232,
frame_ms,0.2301,
frame_ms,0.2256,
frame_ms,0.2148,
frame_ms,0.2232,
frame_ms,0.24,
frame_ms,0.2393,
frame_ms,0.2234,
frame_ms,0.2199,
frame_ms,0.2418,
frame_ms,0.2205,
frame_ms,0.2173,
frame_ms,0.253,
frame_ms,0.2133,
frame_ms,0.2379,
frame_ms,0.2158,
frame_ms,0.2364,
frame_ms,0.2158,
frame_ms,0.2009,
frame_ms,0.2479,
frame_ms,0.2269,
tick_us,143.6,2
frame_ms,0.5147,
frame_ms,0.232,
frame_ms,0.2068,
frame_ms,0.2357,
frame_ms,0.2081,
frame_ms,0.2683,
frame_ms,0.2652,
frame_ms,0.2235,
frame_ms,0.22,
frame_ms,0.2107,
frame_ms,0.2073,
frame_ms,0.2757,
frame_ms,0.2986,
frame_ms,0.2305,
frame_ms,0.3425,
frame_ms,0.4737,
frame_ms,0.2848,
frame_ms,0.2362,
frame_ms,0.2263,
frame_ms,0.2375,
frame_ms,0.2088,
frame_ms,0.2095,
frame_ms,0.3358,
frame_ms,0.2743,
frame_ms,0.2238,
frame_ms,0.3503,
tick_us,149.6,2
frame_ms,0.6074,
frame_ms,0.2683,
frame_ms,0.2144,
frame_ms,0.212,
frame_ms,0.2114,
frame_ms,0.2412,
frame_ms,0.2213,
frame_ms,0.2162,
frame_ms,0.2114,
frame_ms,0.2675,
frame_ms,0.2419,
frame_ms,0.2094,
frame_ms,0.236,
frame_ms,0.23,
frame_ms,0.2073,
frame_ms,0.2423,
frame_ms,0.2174,
frame_ms,0.2347,
frame_ms,0.2096,
frame_ms,0.2016,
frame_ms,0.2474,
frame_ms,0.2321,
frame_ms,0.2133,
frame_ms,0.3074,
frame_ms,0.3634,
frame_ms,0.2481,
frame_ms,0.2361,
tick_us,141.9,2
frame_ms,0.544,
frame_ms,0.3351,
frame_ms,0.3075,
frame_ms,0.2484,
frame_ms,0.2123,
frame_ms,0.2154,
frame_ms,0.2188,
frame_ms,0.212,
frame_ms,0.2931,
frame_ms,0.2787,
frame_ms,0.2193,
frame_ms,0.2168,
frame_ms,0.2348,
frame_ms,0.2146,
frame_ms,0.2198,
frame_ms,0.2128,
frame_ms,0.2103,
frame_ms,0.2816,
frame_ms,0.2301,
frame_ms,0.2126,
frame_ms,0.2084,
frame_ms,0.2431,
frame_ms,0.4313,
frame_ms,0.2948,
frame_ms,0.2287,
frame_ms,0.2136,
frame_ms,0.2192,
frame_ms,0.2172,
tick_us,143.4,2
frame_ms,0.539,
frame_ms,0.2749,
frame_ms,0.4343,
frame_ms,0.413,
frame_ms,0.4985,
frame_ms,0.3502,
frame_ms,0.336,
frame_ms,0.3417,
frame_ms,0.338,
frame_ms,0.3327,
frame_ms,0.3055,
frame_ms,0.2427,
frame_ms,0.2089,
frame_ms,0.2032,
frame_ms,0.2082,
frame_ms,0.296,
frame_ms,0.2625,
frame_ms,0.2245,
frame_ms,0.2147,
frame_ms,0.2135,
frame_ms,0.2542,
frame_ms,0.2671,
tick_us,129.3,2
frame_ms,0.514,
frame_ms,0.3708,
frame_ms,0.2161,
frame_ms,0.2137,
frame_ms,0.2355,
frame_ms,0.2082,
frame_ms,0.25,
frame_ms,0.2269,
frame_ms,0.2109,
frame_ms,0.441,
frame_ms,0.3618,
frame_ms,0.3407,
frame_ms,0.3098,
frame_ms,0.2415,
frame_ms,0.205,
frame_ms,0.2078,
frame_ms,0.2041,
frame_ms,0.2415,
frame_ms,0.2142,
frame_ms,0.2214,
frame_ms,0.2019,
frame_ms,0.2041,
frame_ms,0.2429,
frame_ms,0.2139,
frame_ms,0.2221,
frame_ms,0.2666,
tick_us,134.7,2
frame_ms,0.7323,
frame_ms,0.3009,
frame_ms,0.2453,
frame_ms,0.2277,
frame_ms,0.22,
frame_ms,0.2191,
frame_ms,0.2351,
frame_ms,0.2681,
frame_ms,0.2215,
frame_ms,0.2485,
frame_ms,0.2269,
frame_ms,0.2084,
frame_ms,0.2553,
frame_ms,0.2216,
frame_ms,0.2558,
frame_ms,0.2086,
frame_ms,0.2515,
frame_ms,0.2315,
frame_ms,0.2067,
frame_ms,0.2433,
frame_ms,0.2212,
frame_ms,0.211,
frame_ms,0.2173,
frame_ms,0.2437,
frame_ms,0.2166,
frame_ms,0.2065,
frame_ms,0.2179,
frame_ms,0.2887,
tick_us,137.5,2
frame_ms,0.5366,
frame_ms,0.2317,
frame_ms,0.2057,
frame_ms,0.2085,
frame_ms,0.2226,
frame_ms,0.2499,
frame_ms,0.215,
frame_ms,0.2383,
frame_ms,0.2087,
frame_ms,0.202,
frame_ms,0.2076,
frame_ms,0.237,
frame_ms,0.2176,
frame_ms,0.2252,
frame_ms,0.2053,
frame_ms,0.2393,
frame_ms,0.2086,
frame_ms,0.2181,
frame_ms,0.2078,
frame_ms,0.2595,
frame_ms,0.2611,
frame_ms,0.2298,
frame_ms,0.2152,
frame_ms,0.2151,
frame_ms,0.2362,
frame_ms,0.3592,
frame_ms,0.4011,
frame_ms,0.3393,
tick_us,124.3,2
frame_ms,0.5271,
frame_ms,0.2364,
frame_ms,0.2065,
frame_ms,0.2142,
frame_ms,0.2161,
frame_ms,0.2323,
frame_ms,0.2185,
frame_ms,0.2421,
frame_ms,0.2954,
frame_ms,0.2442,
frame_ms,0.2253,
frame_ms,0.2184,
frame_ms,0.2153,
frame_ms,0.291,
frame_ms,0.219,
frame_ms,0.2255,
frame_ms,0.2178,
frame_ms,0.2229,
frame_ms,0.2163,
frame_ms,0.2873,
frame_ms,0.2883,
frame_ms,0.2386,
frame_ms,0.2365,
frame_ms,0.2702,
frame_ms,0.2365,
frame_ms,0.2266,
frame_ms,0.2126,
tick_us,140.1,4
frame_ms,1.5026,
frame_ms,0.2584,
frame_ms,0.2399,
frame_ms,0.3928,
frame_ms,0.3434,
frame_ms,0.2818,
frame_ms,0.2226,
frame_ms,0.214,
frame_ms,0.2408,
frame_ms,0.2092,
frame_ms,0.216,
frame_ms,0.2669,
frame_ms,0.367,
frame_ms,0.4,
frame_ms,0.3189,
frame_ms,0.2477,
frame_ms,0.2166,
frame_ms,0.2195,
frame_ms,0.2124,
frame_ms,0.2294,
frame_ms,0.2218,
frame_ms,0.2155,
frame_ms,0.3134,
tick_us,136.1,4
frame_ms,0.5361,
frame_ms,0.2424,
frame_ms,0.2429,
frame_ms,0.211,
frame_ms,0.2119,
frame_ms,0.2068,
frame_ms,0.2521,
frame_ms,0.2409,
frame_ms,0.2575,
frame_ms,0.2193,
frame_ms,0.2126,
frame_ms,0.2093,
frame_ms,0.2398,
frame_ms,0.2281,
frame_ms,0.2076,
frame_ms,0.2408,
frame_ms,0.5854,
frame_ms,0.3472,
frame_ms,0.2805,
frame_ms,0.2507,
frame_ms,0.2169,
frame_ms,0.2155,
frame_ms,0.2107,
frame_ms,0.2073,
frame_ms,0.2556,
frame_ms,0.223,
frame_ms,0.2092,
tick_us,127,4
frame_ms,0.5901,
frame_ms,0.2975,
frame_ms,0.2203,
frame_ms,0.2122,
frame_ms,0.2167,
frame_ms,0.2341,
frame_ms,0.2847,
frame_ms,0.2215,
frame_ms,0.2264,
frame_ms,0.2456,
frame_ms,0.2308,
frame_ms,0.2094,
frame_ms,0.241,
frame_ms,0.2324,
frame_ms,0.2108,
frame_ms,0.2487,
frame_ms,0.2351,
frame_ms,0.2125,
frame_ms,0.2603,
frame_ms,0.2333,
frame_ms,0.2135,
frame_ms,0.27,
frame_ms,0.2323,
frame_ms,0.2094,
frame_ms,0.2342,
frame_ms,0.2158,
frame_ms,0.2296,
frame_ms,0.2101,
tick_us,138.3,4
frame_ms,0.5287,
frame_ms,0.2361,
frame_ms,0.208,
frame_ms,0.2075,
frame_ms,0.2121,
frame_ms,0.2073,
frame_ms,0.25,
frame_ms,0.2275,
frame_ms,0.21,
frame_ms,0.2415,
frame_ms,0.2743,
frame_ms,0.2681,
frame_ms,0.2897,
frame_ms,0.2497,
frame_ms,0.2401,
frame_ms,0.2386,
frame_ms,0.24,
frame_ms,0.2355,
frame_ms,0.259,
frame_ms,0.2557,
frame_ms,0.2159,
frame_ms,0.2108,
frame_ms,0.2122,
frame_ms,0.2587,
frame_ms,0.2261,
frame_ms,0.2077,
frame_ms,0.5085,
tick_us,184.5,4
frame_ms,0.7814,
frame_ms,0.2737,
frame_ms,0.2378,
frame_ms,0.2214,
frame_ms,0.2192,
frame_ms,0.2173,
frame_ms,0.2123,
frame_ms,0.2714,
frame_ms,0.302,
frame_ms,0.2306,
frame_ms,0.2218,
frame_ms,0.2089,
frame_ms,0.2349,
frame_ms,0.2199,
frame_ms,0.2317,
frame_ms,0.2075,
frame_ms,0.2487,
frame_ms,0.2337,
frame_ms,0.2116,
frame_ms,0.2973,
frame_ms,0.2248,
frame_ms,0.2136,
frame_ms,0.2045,
frame_ms,0.217,
frame_ms,0.2399,
frame_ms,0.2189,
frame_ms,0.2328,
frame_ms,0.2065,
tick_us,127.6,4
frame_ms,0.5666,
frame_ms,0.2728,
frame_ms,0.2303,
frame_ms,0.2109,
frame_ms,0.2242,
frame_ms,0.2158,
frame_ms,0.29,
frame_ms,0.2777,
frame_ms,0.2527,
frame_ms,0.2236,
frame_ms,0.2769,
frame_ms,0.261,
frame_ms,0.2293,
frame_ms,0.2219,
frame_ms,0.2182,
frame_ms,0.2325,
frame_ms,0.2246,
frame_ms,0.2138,
frame_ms,0.2591,
frame_ms,0.2453,
frame_ms,0.2216,
frame_ms,0.2082,
frame_ms,0.2161,
frame_ms,0.2332,
frame_ms,0.22,
frame_ms,0.2455,
frame_ms,0.2125,
tick_us,142.8,4
frame_ms,0.5787,
frame_ms,0.2551,
frame_ms,0.2104,
frame_ms,0.2157,
frame_ms,0.212,
frame_ms,0.208,
frame_ms,0.6064,
frame_ms,0.3186,
frame_ms,0.2447,
frame_ms,0.2972,
frame_ms,0.4276,
frame_ms,0.3146,
frame_ms,0.2314,
frame_ms,0.2092,
frame_ms,0.2142,
frame_ms,0.2116,
frame_ms,0.2247,
frame_ms,0.2432,
frame_ms,0.2292,
frame_ms,0.2067,
frame_ms,0.2465,
frame_ms,0.2199,
frame_ms,0.2342,
frame_ms,0.2125,
frame_ms,0.2406,
frame_ms,0.2217,
tick_us,142.4,4
frame_ms,0.5133,
frame_ms,0.2221,
frame_ms,0.2024,
frame_ms,0.2422,
frame_ms,0.204,
frame_ms,0.2431,
frame_ms,0.2372,
frame_ms,0.2198,
frame_ms,0.2168,
frame_ms,0.2367,
frame_ms,0.2232,
frame_ms,0.2158,
frame_ms,0.3095,
frame_ms,0.2638,
frame_ms,0.2303,
frame_ms,0.2207,
frame_ms,0.2126,
frame_ms,0.2393,
frame_ms,0.3045,
frame_ms,0.2227,
frame_ms,0.2345,
frame_ms,0.2189,
frame_ms,0.2083,
frame_ms,0.2076,
frame_ms,0.2554,
frame_ms,0.2225,
frame_ms,0.2097,
frame_ms,0.2159,
frame_ms,0.2843,
tick_us,138,6
frame_ms,0.5834,
frame_ms,0.2575,
frame_ms,0.2164,
frame_ms,0.222,
frame_ms,0.2183,
frame_ms,0.2403,
frame_ms,0.2255,
frame_ms,0.2194,
frame_ms,0.2302,
frame_ms,0.2221,
frame_ms,0.4459,
frame_ms,0.4312,
frame_ms,0.308,
frame_ms,0.3312,
frame_ms,0.2423,
frame_ms,0.2068,
frame_ms,0.2142,
frame_ms,0.2128,
frame_ms,0.2362,
frame_ms,0.2183,
frame_ms,0.219,
frame_ms,0.2051,
frame_ms,0.2944,
frame_ms,0.43,
tick_us,166.6,6
frame_ms,0.7297,
frame_ms,0.3358,
frame_ms,0.3342,
frame_ms,0.243,
frame_ms,0.2138,
frame_ms,0.2166,
frame_ms,0.211,
frame_ms,0.2116,
frame_ms,0.4011,
frame_ms,0.3884,
frame_ms,0.3539,
frame_ms,0.352,
frame_ms,0.3983,
frame_ms,0.3475,
frame_ms,0.3596,
frame_ms,0.307,
frame_ms,0.2319,
frame_ms,0.2172,
frame_ms,0.2075,
frame_ms,0.2107,
frame_ms,0.2548,
frame_ms,0.2282,
frame_ms,0.2064,
frame_ms,0.2409,
tick_us,140.2,4
frame_ms,0.526,
frame_ms,0.2287,
frame_ms,0.2079,
frame_ms,0.2429,
frame_ms,0.2055,
frame_ms,0.2106,
frame_ms,0.2687,
frame_ms,0.2123,
frame_ms,0.2084,
frame_ms,0.2365,
frame_ms,0.232,
frame_ms,0.2113,
frame_ms,0.2476,
frame_ms,0.2318,
frame_ms,0.2075,
frame_ms,0.241,
frame_ms,0.2243,
frame_ms,0.2095,
frame_ms,0.2519,
frame_ms,0.2267,
frame_ms,0.2307,
frame_ms,0.2036,
frame_ms,0.2467,
frame_ms,0.994,
tick_us,139.1,4
frame_ms,1.1245,
frame_ms,0.2826,
frame_ms,0.214,
frame_ms,0.2247,
frame_ms,0.2143,
frame_ms,0.2099,
frame_ms,0.249,
frame_ms,0.2231,
frame_ms,0.2089,
frame_ms,0.2546,
frame_ms,0.5327,
frame_ms,0.2154,
frame_ms,0.2009,
frame_ms,0.219,
frame_ms,0.2507,
frame_ms,0.2785,
frame_ms,0.2628,
frame_ms,0.2248,
frame_ms,0.2142,
frame_ms,0.2971,
frame_ms,0.3272,
frame_ms,0.2221,
frame_ms,0.2206,
frame_ms,0.2174,
frame_ms,0.2047,
frame_ms,0.2679,
tick_us,139.4,4
frame_ms,0.5202,
frame_ms,0.2313,
frame_ms,0.2073,
frame_ms,0.2098,
frame_ms,0.2099,
frame_ms,0.2182,
frame_ms,0.2513,
frame_ms,0.2296,
frame_ms,0.2073,
frame_ms,0.2451,
frame_ms,0.2154,
frame_ms,0.2043,
frame_ms,0.2454,
frame_ms,0.2561,
frame_ms,0.2525,
frame_ms,0.259,
frame_ms,0.2122,
frame_ms,0.286,
frame_ms,0.2919,
frame_ms,0.2973,
frame_ms,0.2225,
frame_ms,0.2147,
frame_ms,0.2078,
frame_ms,0.2052,
frame_ms,0.2889,
frame_ms,0.2803,
frame_ms,0.2432,
frame_ms,0.2164,
tick_us,141,8
frame_ms,0.5003,
frame_ms,0.4379,
frame_ms,0.2288,
frame_ms,0.2167,
frame_ms,0.2104,
frame_ms,0.2107,
frame_ms,0.2374,
frame_ms,0.3608,
frame_ms,0.3945,
frame_ms,0.3494,
frame_ms,0.3381,
frame_ms,0.335,
frame_ms,0.3477,
frame_ms,0.3792,
frame_ms,0.393,
frame_ms,0.3364,
frame_ms,0.3816,
frame_ms,0.3431,
frame_ms,0.3291,
frame_ms,0.2951,
frame_ms,0.2231,
frame_ms,0.219,
tick_us,137.3,8
frame_ms,0.5071,
frame_ms,0.2274,
frame_ms,0.2068,
frame_ms,0.2226,
frame_ms,0.2177,
frame_ms,0.206,
frame_ms,0.2742,
frame_ms,0.2288,
frame_ms,0.2089,
frame_ms,0.2206,
frame_ms,0.2454,
frame_ms,0.2245,
frame_ms,0.2122,
frame_ms,0.2296,
frame_ms,0.3679,
frame_ms,0.3493,
frame_ms,0.3338,
frame_ms,0.3291,
frame_ms,0.3574,
frame_ms,0.3172,
frame_ms,0.2234,
frame_ms,0.2225,
frame_ms,0.222,
frame_ms,0.212,
frame_ms,0.2385,
frame_ms,0.2093,
tick_us,130.4,6
frame_ms,0.5754,
frame_ms,0.3028,
frame_ms,0.2354,
frame_ms,0.2113,
frame_ms,0.2145,
frame_ms,0.2084,
frame_ms,0.2392,
frame_ms,0.3725,
frame_ms,0.2612,
frame_ms,0.2227,
frame_ms,0.2441,
frame_ms,0.2069,
frame_ms,0.2397,
frame_ms,0.2214,
frame_ms,0.232,
frame_ms,0.2441,
frame_ms,0.217,
frame_ms,0.2344,
frame_ms,0.2113,
frame_ms,0.2304,
frame_ms,0.21,
frame_ms,0.2837,
frame_ms,0.2746,
frame_ms,0.2325,
frame_ms,0.2276,
frame_ms,0.2212,
frame_ms,0.2171,
frame_ms,0.2184,
tick_us,146.6,6
frame_ms,0.5852,
frame_ms,0.308,
frame_ms,0.2536,
frame_ms,0.235,
frame_ms,0.2388,
frame_ms,0.2401,
frame_ms,0.3285,
frame_ms,0.2352,
frame_ms,0.2204,
frame_ms,0.2129,
frame_ms,0.2101,
frame_ms,0.3032,
frame_ms,0.2875,
frame_ms,0.2408,
frame_ms,0.2192,
frame_ms,0.2108,
frame_ms,0.2315,
frame_ms,0.2446,
frame_ms,0.2431,
frame_ms,0.2416,
frame_ms,0.2086,
frame_ms,0.2891,
frame_ms,0.2277,
frame_ms,0.2119,
frame_ms,0.2009,
frame_ms,0.2142,
frame_ms,0.1997,
frame_ms,0.2095,
tick_us,142,6
frame_ms,0.5325,
frame_ms,0.2317,
frame_ms,0.2088,
frame_ms,0.2136,
frame_ms,0.2092,
frame_ms,0.2138,
frame_ms,0.251,
frame_ms,0.2219,
frame_ms,0.2328,
frame_ms,0.2065,
frame_ms,0.2483,
frame_ms,0.2283,
frame_ms,0.3648,
frame_ms,0.5208,
frame_ms,0.354,
frame_ms,0.3359,
frame_ms,0.328,
frame_ms,0.3707,
frame_ms,0.2609,
frame_ms,0.212,
frame_ms,0.2134,
frame_ms,0.2086,
frame_ms,0.2172,
frame_ms,0.2508,
frame_ms,0.2271,
tick_us,137.8,4
frame_ms,0.4956,
frame_ms,0.2249,
frame_ms,0.2062,
frame_ms,0.208,
frame_ms,0.2104,
frame_ms,0.2269,
frame_ms,0.2538,
frame_ms,0.2297,
frame_ms,0.2065,
frame_ms,0.2457,
frame_ms,0.2144,
frame_ms,0.2021,
frame_ms,0.2926,
frame_ms,0.2594,
frame_ms,0.2371,
frame_ms,0.248,
frame_ms,0.2411,
frame_ms,0.219,
frame_ms,0.2577,
frame_ms,0.2232,
frame_ms,0.2278,
frame_ms,0.2058,
frame_ms,0.3112,
frame_ms,0.2607,
frame_ms,0.2143,
frame_ms,0.2166,
frame_ms,0.4103,
tick_us,125.2,2
frame_ms,0.6697,
frame_ms,0.2491,
frame_ms,0.2128,
frame_ms,0.2147,
frame_ms,0.2046,
frame_ms,0.2115,
frame_ms,0.2481,
frame_ms,0.2295,
frame_ms,0.207,
frame_ms,0.2405,
frame_ms,0.2224,
frame_ms,0.2274,
frame_ms,0.2031,
frame_ms,0.2812,
frame_ms,0.2185,
frame_ms,0.2313,
frame_ms,0.1996,
frame_ms,0.2113,
frame_ms,0.2428,
frame_ms,0.2153,
frame_ms,0.2305,
frame_ms,0.2049,
frame_ms,0.2356,
frame_ms,0.2124,
frame_ms,0.2313,
frame_ms,0.2307,
frame_ms,0.7778,
tick_us,134.5,2
frame_ms,0.8758,
frame_ms,0.3299,
frame_ms,0.2162,
frame_ms,0.2147,
frame_ms,0.2089,
frame_ms,0.2103,
frame_ms,0.2745,
frame_ms,0.2278,
frame_ms,0.2097,
frame_ms,0.2489,
frame_ms,0.2284,
frame_ms,0.2078,
frame_ms,0.2411,
frame_ms,0.2195,
frame_ms,0.2386,
frame_ms,0.2145,
frame_ms,0.2065,
frame_ms,0.241,
frame_ms,0.2155,
frame_ms,0.2369,
frame_ms,0.2166,
frame_ms,0.2143,
frame_ms,0.2328,
frame_ms,0.2294,
frame_ms,0.2104,
frame_ms,0.2684,
frame_ms,0.2574,
tick_us,135.5,4
frame_ms,0.6049,
frame_ms,0.2327,
frame_ms,0.267,
frame_ms,0.2146,
frame_ms,0.2224,
frame_ms,0.2127,
frame_ms,0.2262,
frame_ms,0.2365,
frame_ms,0.2219,
frame_ms,0.2312,
frame_ms,0.2318,
frame_ms,0.224,
frame_ms,0.2223,
frame_ms,0.205,
frame_ms,0.2394,
frame_ms,0.2177,
frame_ms,0.2363,
frame_ms,0.2091,
frame_ms,0.218,
frame_ms,0.2322,
frame_ms,0.2209,
frame_ms,0.2138,
frame_ms,0.236,
frame_ms,0.2163,
frame_ms,0.2012,
frame_ms,0.2611,
frame_ms,0.2209,
frame_ms,0.2075,
frame_ms,0.2602,
tick_us,133.8,4
frame_ms,0.5371,
frame_ms,0.2392,
frame_ms,0.22,
frame_ms,0.2459,
frame_ms,0.8715,
frame_ms,0.2423,
frame_ms,0.2106,
frame_ms,0.2103,
frame_ms,0.2029,
frame_ms,0.2107,
frame_ms,0.3441,
frame_ms,0.2735,
frame_ms,0.2302,
frame_ms,0.2206,
frame_ms,0.2216,
frame_ms,0.3038,
frame_ms,0.2716,
frame_ms,0.244,
frame_ms,0.2403,
frame_ms,0.2362,
frame_ms,0.2382,
frame_ms,0.2553,
frame_ms,0.2449,
frame_ms,0.2553,
frame_ms,0.2365,
tick_us,138.4,4
frame_ms,0.5132,
frame_ms,0.2284,
frame_ms,0.2109,
frame_ms,0.2103,
frame_ms,0.2094,
frame_ms,0.2153,
frame_ms,0.2391,
frame_ms,0.2166,
frame_ms,0.205,
frame_ms,0.2446,
frame_ms,0.2208,
frame_ms,0.2064,
frame_ms,0.2459,
frame_ms,0.2166,
frame_ms,0.2006,
frame_ms,0.2601,
frame_ms,0.2257,
frame_ms,0.2037,
frame_ms,0.2451,
frame_ms,0.2286,
frame_ms,0.206,
frame_ms,0.249,
frame_ms,0.2377,
frame_ms,0.2387,
frame_ms,0.2077,
frame_ms,0.2267,
frame_ms,0.352,
frame_ms,0.3779,
tick_us,158.8,4
frame_ms,0.6944,
frame_ms,0.2682,
frame_ms,0.2224,
frame_ms,0.2137,
frame_ms,0.2155,
frame_ms,0.2093,
frame_ms,0.2501,
frame_ms,0.2527,
frame_ms,0.215,
frame_ms,0.2066,
frame_ms,0.2428,
frame_ms,0.2229,
frame_ms,0.21,
frame_ms,0.2514,
frame_ms,0.2312,
frame_ms,0.2084,
frame_ms,0.2339,
frame_ms,0.2189,
frame_ms,0.2084,
frame_ms,0.2492,
frame_ms,0.2231,
frame_ms,0.2009,
frame_ms,0.257,
frame_ms,0.2214,
frame_ms,0.2007,
frame_ms,0.2308,
frame_ms,0.2367,
frame_ms,0.21,
frame_ms,0.2441,
tick_us,135.3,4
frame_ms,0.5258,
frame_ms,0.2646,
frame_ms,0.2062,
frame_ms,0.2049,
frame_ms,0.2024,
frame_ms,0.2285,
frame_ms,0.2621,
frame_ms,0.2265,
frame_ms,0.2178,
frame_ms,0.2856,
frame_ms,0.2349,
frame_ms,0.2227,
frame_ms,0.2625,
frame_ms,0.2714,
frame_ms,0.231,
frame_ms,0.2105,
frame_ms,0.2288,
frame_ms,0.2093,
frame_ms,0.2287,
frame_ms,0.2031,
frame_ms,0.2763,
frame_ms,0.2209,
frame_ms,0.2143,
frame_ms,0.2385,
frame_ms,0.2216,
frame_ms,0.2083,
frame_ms,0.2504,
frame_ms,0.2194,
frame_ms,0.204,
tick_us,180.8,4
frame_ms,0.7049,
frame_ms,0.2421,
frame_ms,0.2005,
frame_ms,0.2046,
frame_ms,0.2116,
frame_ms,0.2576,
frame_ms,0.2261,
frame_ms,0.2058,
frame_ms,0.2409,
frame_ms,0.2164,
frame_ms,0.2011,
frame_ms,0.2362,
frame_ms,0.2228,
frame_ms,0.1998,
frame_ms,0.2368,
frame_ms,0.218,
frame_ms,0.2003,
frame_ms,0.2399,
frame_ms,0.3243,
frame_ms,0.3383,
frame_ms,0.2388,
frame_ms,0.2037,
frame_ms,0.2229,
frame_ms,0.2068,
frame_ms,0.2047,
frame_ms,0.2379,
frame_ms,0.2198,
frame_ms,0.2055,
tick_us,135.5,4
frame_ms,0.531,
frame_ms,0.2279,
frame_ms,0.2197,
frame_ms,0.2038,
frame_ms,0.204,
frame_ms,0.2024,
frame_ms,0.2474,
frame_ms,0.221,
frame_ms,0.2008,
frame_ms,0.2588,
frame_ms,0.2205,
frame_ms,0.2042,
frame_ms,0.259,
frame_ms,0.2234,
frame_ms,0.2024,
frame_ms,0.2322,
frame_ms,0.223,
frame_ms,0.1994,
frame_ms,0.2504,
frame_ms,0.2188,
frame_ms,0.199,
frame_ms,0.2377,
frame_ms,0.221,
frame_ms,0.1988,
frame_ms,0.2702,
frame_ms,0.2173,
frame_ms,0.2008,
frame_ms,0.2577,
frame_ms,0.2201,
frame_ms,0.203,
tick_us,153.1,2
frame_ms,0.7631,
frame_ms,0.2485,
frame_ms,0.2512,
frame_ms,0.2729,
frame_ms,0.2239,
frame_ms,0.22,
frame_ms,0.2112,
frame_ms,0.2269,
frame_ms,0.2128,
frame_ms,0.2096,
frame_ms,0.2466,
frame_ms,0.2559,
frame_ms,0.2156,
frame_ms,0.2065,
frame_ms,0.2567,
frame_ms,0.2321,
frame_ms,0.215,
frame_ms,0.2318,
frame_ms,0.2236,
frame_ms,0.1992,
frame_ms,0.2468,
frame_ms,0.2172,
frame_ms,0.2039,
frame_ms,0.5786,
frame_ms,0.2877,
frame_ms,0.2664,
tick_us,123.4,2
frame_ms,0.4911,
frame_ms,0.2183,
frame_ms,0.2015,
frame_ms,0.2061,
frame_ms,0.2525,
frame_ms,0.2169,
frame_ms,0.2105,
frame_ms,0.205,
frame_ms,0.2177,
frame_ms,0.2751,
frame_ms,0.221,
frame_ms,0.2069,
frame_ms,0.2501,
frame_ms,0.2145,
frame_ms,0.2027,
frame_ms,0.2637,
frame_ms,0.2251,
frame_ms,0.2045,
frame_ms,0.2528,
frame_ms,0.2138,
frame_ms,0.2218,
frame_ms,0.204,
frame_ms,0.2827,
frame_ms,0.2577,
frame_ms,0.2212,
frame_ms,0.227,
frame_ms,0.2154,
frame_ms,0.2026,
frame_ms,0.2417,
frame_ms,0.2191,
tick_us,134,2
frame_ms,0.4904,
frame_ms,0.2266,
frame_ms,0.2103,
frame_ms,0.2087,
frame_ms,0.1987,
frame_ms,0.2432,
frame_ms,0.2266,
frame_ms,0.2032,
frame_ms,0.2557,
frame_ms,0.2199,
frame_ms,0.2003,
frame_ms,0.2706,
frame_ms,0.2712,
frame_ms,0.2316,
frame_ms,0.2249,
frame_ms,0.215,
frame_ms,0.2417,
frame_ms,0.2127,
frame_ms,0.2084,
frame_ms,0.2698,
frame_ms,0.2415,
frame_ms,0.222,
frame_ms,0.2106,
frame_ms,0.2409,
frame_ms,0.2438,
frame_ms,0.2117,
frame_ms,0.2372,
frame_ms,0.2358,
frame_ms,0.2076,
tick_us,134.8,2
frame_ms,0.5249,
frame_ms,0.2209,
frame_ms,0.2028,
frame_ms,0.2978,
frame_ms,0.2317,
frame_ms,0.2176,
frame_ms,0.2497,
frame_ms,0.2438,
frame_ms,0.2271,
frame_ms,0.2422,
frame_ms,0.2154,
frame_ms,0.2006,
frame_ms,0.2609,
frame_ms,0.2204,
frame_ms,0.2087,
frame_ms,0.2471,
frame_ms,0.2296,
frame_ms,0.2132,
frame_ms,0.2393,
frame_ms,0.2191,
frame_ms,0.2132,
frame_ms,0.2373,
frame_ms,0.2226,
frame_ms,0.2065,
frame_ms,0.2463,
frame_ms,0.2196,
frame_ms,0.2009,
frame_ms,0.2529,
frame_ms,0.2212,
tick_us,136.8,2
frame_ms,0.493,
frame_ms,0.2227,
frame_ms,0.2003,
frame_ms,0.2252,
frame_ms,0.2014,
frame_ms,0.2517,
frame_ms,0.2191,
frame_ms,0.202,
frame_ms,0.2428,
frame_ms,0.2202,
frame_ms,0.2006,
frame_ms,0.2237,
frame_ms,0.2092,
frame_ms,0.1987,
frame_ms,0.2724,
frame_ms,0.224,
frame_ms,0.2228,
frame_ms,0.24,
frame_ms,0.2139,
frame_ms,0.1979,
frame_ms,0.2405,
frame_ms,0.3573,
frame_ms,0.4282,
frame_ms,0.342,
frame_ms,0.2338,
frame_ms,0.2031,
frame_ms,0.1992,
frame_ms,0.2398,
tick_us,129.2,2
frame_ms,0.5069,
frame_ms,0.2212,
frame_ms,0.1998,
frame_ms,0.2017,
frame_ms,0.2288,
frame_ms,0.2168,
frame_ms,0.2007,
frame_ms,0.2441,
frame_ms,0.3738,
frame_ms,0.2986,
frame_ms,0.2461,
frame_ms,0.2425,
frame_ms,0.2496,
frame_ms,0.2265,
frame_ms,0.2041,
frame_ms,0.2431,
frame_ms,0.2141,
frame_ms,0.2006,
frame_ms,0.2666,
frame_ms,0.2217,
frame_ms,0.2052,
frame_ms,0.2528,
frame_ms,0.2226,
frame_ms,0.1997,
frame_ms,0.2507,
frame_ms,0.229,
frame_ms,0.2093,
frame_ms,0.2443,
frame_ms,0.2158,
tick_us,135.2,2
frame_ms,0.4926,
frame_ms,0.2225,
frame_ms,0.2627,
frame_ms,0.2048,
frame_ms,0.1998,
frame_ms,0.2434,
frame_ms,0.2135,
frame_ms,0.2064,
frame_ms,0.2568,
frame_ms,0.2253,
frame_ms,0.2057,
frame_ms,0.2509,
frame_ms,0.2169,
frame_ms,0.201,
frame_ms,0.2612,
frame_ms,0.2178,
frame_ms,0.2004,
frame_ms,0.2715,
frame_ms,0.2643,
frame_ms,0.2386,
frame_ms,0.2184,
frame_ms,0.2115,
frame_ms,0.244,
frame_ms,0.2419,
frame_ms,0.2112,
frame_ms,0.2373,
frame_ms,0.2205,
frame_ms,0.1996,
frame_ms,0.2552,
tick_us,127.3,2
frame_ms,0.4897,
frame_ms,0.2174,
frame_ms,0.2015,
frame_ms,0.2074,
frame_ms,0.1977,
frame_ms,0.2596,
frame_ms,0.222,
frame_ms,0.2051,
frame_ms,0.2442,
frame_ms,0.2184,
frame_ms,0.2004,
frame_ms,0.2391,
frame_ms,0.2483,
frame_ms,0.4186,
frame_ms,0.3527,
frame_ms,0.4778,
frame_ms,0.2421,
frame_ms,0.2146,
frame_ms,0.2183,
frame_ms,0.2113,
frame_ms,0.2405,
frame_ms,0.2651,
frame_ms,0.2212,
frame_ms,0.2064,
frame_ms,0.2012,
frame_ms,0.2469,
frame_ms,0.2169,
tick_us,138.8,2
frame_ms,0.5188,
frame_ms,0.2281,
frame_ms,0.2033,
frame_ms,0.207,
frame_ms,0.2041,
frame_ms,0.2303,
frame_ms,0.2065,
frame_ms,0.2025,
frame_ms,0.2371,
frame_ms,0.2213,
frame_ms,0.2026,
frame_ms,0.2459,
frame_ms,0.234,
frame_ms,0.2283,
frame_ms,0.4151,
frame_ms,0.2358,
frame_ms,0.2174,
frame_ms,0.217,
frame_ms,0.2187,
frame_ms,0.2648,
frame_ms,0.2196,
frame_ms,0.2005,
frame_ms,0.2605,
frame_ms,0.2155,
frame_ms,0.2011,
frame_ms,0.254,
frame_ms,0.2262,
frame_ms,0.2012,
frame_ms,0.2358,
tick_us,139,2
frame_ms,0.519,
frame_ms,0.2224,
frame_ms,0.199,
frame_ms,0.201,
frame_ms,0.2022,
frame_ms,0.2484,
frame_ms,0.2249,
frame_ms,0.2092,
frame_ms,0.2485,
frame_ms,0.2219,
frame_ms,0.2259,
frame_ms,0.2091,
frame_ms,0.2813,
frame_ms,0.222,
frame_ms,0.2137,
frame_ms,0.3756,
frame_ms,0.241,
frame_ms,0.2245,
frame_ms,0.2168,
frame_ms,0.2169,
frame_ms,0.2624,
frame_ms,0.2535,
frame_ms,0.2146,
frame_ms,0.3902,
frame_ms,0.247,
frame_ms,0.2088,
frame_ms,0.2097,
frame_ms,0.2277,
tick_us,140.7,2
frame_ms,0.4932,
frame_ms,0.2148,
frame_ms,0.2164,
frame_ms,0.2109,
frame_ms,0.201,
frame_ms,0.2565,
frame_ms,0.2268,
frame_ms,0.2103,
frame_ms,0.23,
frame_ms,0.2144,
frame_ms,0.2052,
frame_ms,0.2401,
frame_ms,0.2165,
frame_ms,0.2003,
frame_ms,0.2603,
frame_ms,0.2171,
frame_ms,0.2712,
frame_ms,0.235,
frame_ms,0.2275,
frame_ms,0.216,
frame_ms,0.2514,
frame_ms,0.2409,
frame_ms,0.2115,
frame_ms,0.235,
frame_ms,0.3428,
frame_ms,0.3766,
frame_ms,0.2537,
frame_ms,0.2145,
frame_ms,0.2062,
tick_us,130.9,2
frame_ms,0.4805,
frame_ms,0.2166,
frame_ms,0.2001,
frame_ms,0.2034,
frame_ms,0.2195,
frame_ms,0.2426,
frame_ms,0.2177,
frame_ms,0.2011,
frame_ms,0.2545,
frame_ms,0.2242,
frame_ms,0.2028,
frame_ms,0.2533,
frame_ms,0.2905,
frame_ms,0.2476,
frame_ms,0.2361,
frame_ms,0.663,
frame_ms,0.273,
frame_ms,0.2125,
frame_ms,0.2086,
frame_ms,0.2012,
frame_ms,0.2034,
frame_ms,0.2454,
frame_ms,0.2235,
frame_ms,0.2078,
frame_ms,0.2478,
frame_ms,0.2166,
frame_ms,0.2022,
tick_us,131.2,2
frame_ms,0.5426,
frame_ms,0.3712,
frame_ms,0.3457,
frame_ms,0.2686,
frame_ms,0.2218,
frame_ms,0.2046,
frame_ms,0.2041,
frame_ms,0.2094,
frame_ms,0.2378,
frame_ms,0.2195,
frame_ms,0.206,
frame_ms,0.2455,
frame_ms,0.2195,
frame_ms,0.2012,
frame_ms,0.2529,
frame_ms,0.2254,
frame_ms,0.2088,
frame_ms,0.2741,
frame_ms,0.2416,
frame_ms,0.4186,
frame_ms,0.2982,
frame_ms,0.2292,
frame_ms,0.2256,
frame_ms,0.2161,
frame_ms,0.2094,
frame_ms,0.2417,
frame_ms,0.2537,
tick_us,127.2,2
frame_ms,0.492,
frame_ms,0.2234,
frame_ms,0.2049,
frame_ms,0.2111,
frame_ms,0.2213,
frame_ms,0.2248,
frame_ms,0.2099,
frame_ms,0.265,
frame_ms,0.2197,
frame_ms,0.2062,
frame_ms,0.2429,
frame_ms,0.2217,
frame_ms,0.2073,
frame_ms,0.2229,
frame_ms,0.2086,
frame_ms,0.2009,
frame_ms,0.2677,
frame_ms,0.2199,
frame_ms,0.2016,
frame_ms,0.2597,
frame_ms,0.2153,
frame_ms,0.2026,
frame_ms,0.2443,
frame_ms,0.2148,
frame_ms,0.2084,
frame_ms,0.2542,
frame_ms,0.225,
frame_ms,0.2101,
frame_ms,0.2325,
frame_ms,0.2122,
tick_us,136.1,2
frame_ms,0.4947,
frame_ms,0.2258,
frame_ms,0.2083,
frame_ms,0.2046,
frame_ms,0.206,
frame_ms,0.2265,
frame_ms,0.2631,
frame_ms,0.221,
frame_ms,0.2568,
frame_ms,0.2292,
frame_ms,0.2364,
frame_ms,0.2156,
frame_ms,0.2152,
frame_ms,0.2088,
frame_ms,0.2648,
frame_ms,0.3294,
frame_ms,0.3863,
frame_ms,0.3672,
frame_ms,0.3398,
frame_ms,0.3456,
frame_ms,0.2812,
frame_ms,0.2155,
frame_ms,0.2131,
frame_ms,0.2046,
frame_ms,0.2289,
frame_ms,0.2149,
frame_ms,0.208,
tick_us,136.5,2
frame_ms,0.5751,
frame_ms,0.2683,
frame_ms,0.2188,
frame_ms,0.2159,
frame_ms,0.2129,
frame_ms,0.229,
frame_ms,0.2129,
frame_ms,0.2292,
frame_ms,0.2087,
frame_ms,0.2475,
frame_ms,0.2422,
frame_ms,0.214,
frame_ms,0.2354,
frame_ms,0.222,
frame_ms,0.2087,
frame_ms,0.2446,
frame_ms,0.361,
frame_ms,0.2378,
frame_ms,0.3261,
frame_ms,0.2188,
frame_ms,0.3092,
frame_ms,0.2502,
frame_ms,0.2213,
frame_ms,0.2118,
frame_ms,0.2222,
frame_ms,0.2052,
frame_ms,0.2546,
tick_us,128,2
frame_ms,0.5284,
frame_ms,0.2263,
frame_ms,0.2042,
frame_ms,0.2296,
frame_ms,0.2085,
frame_ms,0.255,
frame_ms,0.2311,
frame_ms,0.2111,
frame_ms,0.2716,
frame_ms,0.2243,
frame_ms,0.2074,
frame_ms,0.2513,
frame_ms,0.2202,
frame_ms,0.2105,
frame_ms,0.2446,
frame_ms,0.5585,
frame_ms,0.3407,
frame_ms,0.2144,
frame_ms,0.2115,
frame_ms,0.2022,
frame_ms,0.214,
frame_ms,0.3262,
frame_ms,0.2728,
frame_ms,0.2327,
frame_ms,0.2204,
frame_ms,0.2128,
frame_ms,0.2482,
tick_us,136.7,2
frame_ms,0.5498,
frame_ms,0.2403,
frame_ms,0.2046,
frame_ms,0.2118,
frame_ms,0.2041,
frame_ms,0.239,
frame_ms,0.2172,
frame_ms,0.2095,
frame_ms,0.2467,
frame_ms,0.2201,
frame_ms,0.2029,
frame_ms,0.2539,
frame_ms,0.2538,
frame_ms,0.2144,
frame_ms,0.2099,
frame_ms,0.2715,
frame_ms,0.2508,
frame_ms,0.2121,
frame_ms,0.2617,
frame_ms,0.3692,
frame_ms,0.3811,
frame_ms,0.3354,
frame_ms,0.2999,
frame_ms,0.2348,
frame_ms,0.2081,
frame_ms,0.2136,
frame_ms,0.2061,
tick_us,137.5,2
frame_ms,0.5186,
frame_ms,0.2302,
frame_ms,0.2031,
frame_ms,0.2069,
frame_ms,0.2038,
frame_ms,0.2245,
frame_ms,0.2034,
frame_ms,0.2386,
frame_ms,0.2098,
frame_ms,0.2035,
frame_ms,0.2566,
frame_ms,0.2212,
frame_ms,0.2002,
frame_ms,0.252,
frame_ms,0.2257,
frame_ms,0.2095,
frame_ms,0.2219,
frame_ms,0.2034,
frame_ms,0.2022,
frame_ms,0.2501,
frame_ms,0.2228,
frame_ms,0.2084,
frame_ms,0.2546,
frame_ms,0.2148,
frame_ms,0.223,
frame_ms,0.3112,
frame_ms,0.2731,
frame_ms,0.2223,
frame_ms,0.2142,
frame_ms,0.2764,
tick_us,141.2,2
frame_ms,0.507,
frame_ms,0.2452,
frame_ms,0.2533,
frame_ms,0.2209,
frame_ms,0.2145,
frame_ms,0.2071,
frame_ms,0.2064,
frame_ms,0.266,
frame_ms,0.2293,
frame_ms,0.2035,
frame_ms,0.2202,
frame_ms,0.2069,
frame_ms,0.2051,
frame_ms,0.2671,
frame_ms,0.232,
frame_ms,0.2047,
frame_ms,0.2284,
frame_ms,0.2078,
frame_ms,0.2085,
frame_ms,0.2395,
frame_ms,0.3155,
frame_ms,0.4399,
frame_ms,0.3596,
frame_ms,0.3383,
frame_ms,0.3329,
frame_ms,0.3462,
tick_us,137.9,4
frame_ms,0.6771,
frame_ms,1.4116,
frame_ms,0.3621,
frame_ms,0.3581,
frame_ms,0.2843,
frame_ms,0.2853,
frame_ms,0.3309,
frame_ms,0.2447,
frame_ms,0.2232,
frame_ms,0.2267,
frame_ms,0.2255,
frame_ms,0.2205,
frame_ms,0.2318,
frame_ms,0.2322,
frame_ms,0.2202,
frame_ms,0.2641,
frame_ms,0.2815,
frame_ms,0.2418,
frame_ms,0.2535,
frame_ms,0.2271,
tick_us,159.2,4
frame_ms,0.5661,
frame_ms,0.5372,
frame_ms,0.2773,
frame_ms,0.2921,
frame_ms,0.2814,
frame_ms,0.2787,
frame_ms,0.2306,
frame_ms,0.2388,
frame_ms,0.2369,
frame_ms,0.2366,
frame_ms,0.3861,
frame_ms,0.3655,
frame_ms,0.4014,
frame_ms,0.3093,
frame_ms,0.255,
frame_ms,0.2229,
frame_ms,0.2275,
frame_ms,0.3849,
frame_ms,0.3701,
frame_ms,0.3498,
frame_ms,0.3505,
tick_us,154.7,4
frame_ms,0.7732,
frame_ms,0.2886,
frame_ms,0.2609,
frame_ms,0.2687,
frame_ms,0.2408,
frame_ms,0.2254,
frame_ms,0.2262,
frame_ms,0.2186,
frame_ms,0.2762,
frame_ms,0.2816,
frame_ms,0.2355,
frame_ms,0.2243,
frame_ms,0.2146,
frame_ms,0.2168,
frame_ms,0.2744,
frame_ms,0.2322,
frame_ms,0.2132,
frame_ms,0.2756,
frame_ms,0.2291,
frame_ms,0.213,
frame_ms,0.2251,
frame_ms,0.3899,
frame_ms,0.3961,
frame_ms,0.3714,
frame_ms,0.3779,
tick_us,150.1,4
frame_ms,0.6297,
frame_ms,0.2497,
frame_ms,0.2198,
frame_ms,0.2215,
frame_ms,0.22,
frame_ms,0.2525,
frame_ms,0.2487,
frame_ms,0.5815,
frame_ms,0.3626,
frame_ms,0.2411,
frame_ms,0.3711,
frame_ms,0.2712,
frame_ms,0.2396,
frame_ms,0.2191,
frame_ms,0.2213,
frame_ms,0.2164,
frame_ms,0.2342,
frame_ms,0.2293,
frame_ms,0.2153,
frame_ms,0.2707,
frame_ms,0.2583,
frame_ms,0.2252,
frame_ms,0.2127,
frame_ms,0.2401,
frame_ms,0.2177,
frame_ms,0.2257,
tick_us,152.3,4
frame_ms,0.581,
frame_ms,0.2428,
frame_ms,0.2092,
frame_ms,0.2104,
frame_ms,0.2155,
frame_ms,0.2215,
frame_ms,0.2353,
frame_ms,0.2365,
frame_ms,0.2454,
frame_ms,0.2241,
frame_ms,0.2158,
frame_ms,0.2687,
frame_ms,0.2906,
frame_ms,0.2543,
frame_ms,0.2381,
frame_ms,0.2496,
frame_ms,0.2549,
frame_ms,0.2363,
frame_ms,0.276,
frame_ms,0.2633,
frame_ms,0.225,
frame_ms,0.2588,
frame_ms,0.2338,
frame_ms,0.2228,
frame_ms,0.2249,
frame_ms,0.2363,
frame_ms,0.2212,
tick_us,151.7,6
frame_ms,0.613,
frame_ms,0.3134,
frame_ms,0.2439,
frame_ms,0.2134,
frame_ms,0.2234,
frame_ms,0.2144,
frame_ms,0.2226,
frame_ms,0.228,
frame_ms,0.21,
frame_ms,0.236,
frame_ms,0.2248,
frame_ms,0.2173,
frame_ms,0.2154,
frame_ms,0.2495,
frame_ms,0.3608,
frame_ms,0.9804,
frame_ms,0.3139,
frame_ms,0.2179,
frame_ms,0.2121,
frame_ms,0.2049,
frame_ms,0.2121,
frame_ms,0.236,
frame_ms,0.2267,
frame_ms,0.2104,
frame_ms,0.2415,
tick_us,149,6
frame_ms,0.5389,
frame_ms,0.2689,
frame_ms,0.2449,
frame_ms,0.2155,
frame_ms,0.2178,
frame_ms,0.2076,
frame_ms,0.2068,
frame_ms,0.261,
frame_ms,0.2291,
frame_ms,0.2067,
frame_ms,0.2419,
frame_ms,0.2383,
frame_ms,0.2071,
frame_ms,0.245,
frame_ms,0.2327,
frame_ms,0.2109,
frame_ms,0.2492,
frame_ms,0.2267,
frame_ms,0.2077,
frame_ms,0.2404,
frame_ms,0.2196,
frame_ms,0.2081,
frame_ms,0.254,
frame_ms,0.267,
frame_ms,0.2301,
frame_ms,0.2185,
frame_ms,0.2134,
frame_ms,0.2099,
tick_us,137.5,6
frame_ms,0.6023,
frame_ms,0.311,
frame_ms,0.4475,
frame_ms,0.287,
frame_ms,0.2249,
frame_ms,0.2211,
frame_ms,0.2217,
frame_ms,0.2145,
frame_ms,0.2154,
frame_ms,0.242,
frame_ms,0.2541,
frame_ms,0.2197,
frame_ms,0.2256,
frame_ms,0.2364,
frame_ms,0.2275,
frame_ms,0.224,
frame_ms,0.2536,
frame_ms,0.2319,
frame_ms,0.2085,
frame_ms,0.24,
frame_ms,0.2179,
frame_ms,0.2382,
frame_ms,0.2088,
frame_ms,0.283,
frame_ms,0.2284,
frame_ms,0.5542,
tick_us,140.5,6
frame_ms,0.6067,
frame_ms,0.2346,
frame_ms,0.2068,
frame_ms,0.2105,
frame_ms,0.2089,
frame_ms,0.2946,
frame_ms,0.4105,
frame_ms,0.3534,
frame_ms,0.2468,
frame_ms,0.2231,
frame_ms,0.2157,
frame_ms,0.2099,
frame_ms,0.2398,
frame_ms,0.2222,
frame_ms,0.23,
frame_ms,0.2404,
frame_ms,0.223,
frame_ms,0.2017,
frame_ms,0.2847,
frame_ms,0.2222,
frame_ms,0.2332,
frame_ms,0.2366,
frame_ms,0.2219,
frame_ms,0.227,
frame_ms,0.2029,
frame_ms,0.2487,
frame_ms,0.3661,
tick_us,137.3,6
frame_ms,0.5152,
frame_ms,0.2252,
frame_ms,0.2035,
frame_ms,0.2086,
frame_ms,0.2098,
frame_ms,0.2475,
frame_ms,0.2212,
frame_ms,0.2275,
frame_ms,0.205,
frame_ms,0.2529,
frame_ms,0.2405,
frame_ms,0.2029,
frame_ms,0.2622,
frame_ms,0.2303,
frame_ms,0.2163,
frame_ms,0.2462,
frame_ms,0.2205,
frame_ms,0.2559,
frame_ms,0.211,
frame_ms,0.5155,
frame_ms,0.2375,
frame_ms,0.2115,
frame_ms,0.2258,
frame_ms,0.2369,
frame_ms,0.2113,
frame_ms,0.2338,
frame_ms,0.2071,
frame_ms,0.2077,
tick_us,136.9,6
frame_ms,0.5622,
frame_ms,0.2578,
frame_ms,0.208,
frame_ms,0.5087,
frame_ms,0.4067,
frame_ms,0.2698,
frame_ms,0.2061,
frame_ms,0.2086,
frame_ms,0.24,
frame_ms,0.2143,
frame_ms,0.2384,
frame_ms,0.272,
frame_ms,0.2313,
frame_ms,0.2167,
frame_ms,0.2158,
frame_ms,0.2383,
frame_ms,0.3675,
frame_ms,0.4188,
frame_ms,0.3513,
frame_ms,0.3391,
frame_ms,0.3477,
frame_ms,0.3433,
frame_ms,0.3364,
tick_us,129,6
frame_ms,0.5471,
frame_ms,0.234,
frame_ms,0.2073,
frame_ms,0.2138,
frame_ms,0.204,
frame_ms,0.24,
frame_ms,0.2404,
frame_ms,0.2215,
frame_ms,0.2129,
frame_ms,0.2652,
frame_ms,0.2286,
frame_ms,0.2091,
frame_ms,0.2432,
frame_ms,0.2268,
frame_ms,0.2074,
frame_ms,0.2415,
frame_ms,0.2265,
frame_ms,0.2095,
frame_ms,0.257,
frame_ms,0.264,
frame_ms,0.2312,
frame_ms,0.2271,
frame_ms,0.2193,
frame_ms,0.2154,
frame_ms,0.2367,
frame_ms,0.219,
frame_ms,0.2214,
frame_ms,0.2389,
frame_ms,0.218,
tick_us,144.2,6
frame_ms,0.5181,
frame_ms,0.2382,
frame_ms,0.206,
frame_ms,0.2067,
frame_ms,0.2105,
frame_ms,0.2152,
frame_ms,0.2883,
frame_ms,0.269,
frame_ms,0.2713,
frame_ms,0.2213,
frame_ms,0.3352,
frame_ms,0.4059,
frame_ms,0.3709,
frame_ms,0.3404,
frame_ms,0.337,
frame_ms,0.3258,
frame_ms,0.2476,
frame_ms,0.2107,
frame_ms,0.218,
frame_ms,0.2074,
frame_ms,0.2427,
frame_ms,0.2189,
frame_ms,0.2299,
frame_ms,0.2242,
frame_ms,0.2164,
frame_ms,0.2527,
tick_us,165,4
frame_ms,0.6588,
frame_ms,0.2469,
frame_ms,0.2087,
frame_ms,0.2067,
frame_ms,0.2083,
frame_ms,0.2313,
frame_ms,0.2176,
frame_ms,0.2114,
frame_ms,0.2356,
frame_ms,0.2933,
frame_ms,0.2887,
frame_ms,0.2136,
frame_ms,0.2052,
frame_ms,0.2463,
frame_ms,0.2162,
frame_ms,0.2038,
frame_ms,0.2638,
frame_ms,0.3045,
frame_ms,0.2534,
frame_ms,0.2393,
frame_ms,0.2418,
frame_ms,0.2375,
frame_ms,0.2393,
frame_ms,0.2585,
frame_ms,0.2708,
frame_ms,0.2421,
frame_ms,0.2199,
tick_us,134.5,4
frame_ms,0.5012,
frame_ms,0.2203,
frame_ms,0.2021,
frame_ms,0.2272,
frame_ms,0.2091,
frame_ms,0.2063,
frame_ms,0.2416,
frame_ms,0.2211,
frame_ms,0.2274,
frame_ms,0.2246,
frame_ms,0.3752,
frame_ms,0.2673,
frame_ms,0.2171,
frame_ms,0.2154,
frame_ms,0.2155,
frame_ms,0.2112,
frame_ms,0.2326,
frame_ms,0.21,
frame_ms,0.2683,
frame_ms,0.2591,
frame_ms,0.2221,
frame_ms,0.2196,
frame_ms,0.2132,
frame_ms,0.27,
frame_ms,0.225,
frame_ms,0.2142,
frame_ms,0.2363,
frame_ms,0.2273,
frame_ms,0.2083,
tick_us,139.4,4
frame_ms,0.5404,
frame_ms,0.2325,
frame_ms,0.2043,
frame_ms,0.2119,
frame_ms,0.2027,
frame_ms,0.2269,
frame_ms,0.2085,
frame_ms,0.2092,
frame_ms,0.2584,
frame_ms,0.2446,
frame_ms,0.3232,
frame_ms,0.232,
frame_ms,0.2176,
frame_ms,0.2026,
frame_ms,0.2067,
frame_ms,0.2732,
frame_ms,0.2346,
frame_ms,0.2074,
frame_ms,0.2635,
frame_ms,0.2267,
frame_ms,0.2037,
frame_ms,0.2437,
frame_ms,0.2148,
frame_ms,0.231,
frame_ms,0.2024,
frame_ms,0.2377,
frame_ms,0.2046,
frame_ms,0.2066,
frame_ms,0.3026,
tick_us,156.4,4
frame_ms,0.6745,
frame_ms,0.246,
frame_ms,0.207,
frame_ms,0.207,
frame_ms,0.2061,
frame_ms,0.244,
frame_ms,0.2218,
frame_ms,0.2242,
frame_ms,0.2282,
frame_ms,0.2228,
frame_ms,0.2088,
frame_ms,0.2228,
frame_ms,0.2985,
frame_ms,0.2856,
frame_ms,0.2184,
frame_ms,0.2096,
frame_ms,0.2122,
frame_ms,0.2069,
frame_ms,0.2332,
frame_ms,0.2218,
frame_ms,0.2231,
frame_ms,0.2344,
frame_ms,0.6927,
frame_ms,0.4839,
frame_ms,0.2178,
tick_us,138,4
frame_ms,0.5066,
frame_ms,0.2244,
frame_ms,0.2017,
frame_ms,0.2046,
frame_ms,0.213,
frame_ms,0.2641,
frame_ms,0.2683,
frame_ms,0.2713,
frame_ms,0.2264,
frame_ms,0.2129,
frame_ms,0.21,
frame_ms,0.2766,
frame_ms,0.2489,
frame_ms,0.2241,
frame_ms,0.4006,
frame_ms,0.2515,
frame_ms,0.2169,
frame_ms,0.2174,
frame_ms,0.2103,
frame_ms,0.2198,
frame_ms,0.3145,
frame_ms,0.2922,
frame_ms,0.2406,
frame_ms,0.2124,
frame_ms,0.2164,
frame_ms,0.2357,
frame_ms,0.2283,
frame_ms,0.2116,
tick_us,141,4
frame_ms,0.5422,
frame_ms,0.2416,
frame_ms,0.2131,
frame_ms,0.2137,
frame_ms,0.2125,
frame_ms,0.215,
frame_ms,0.2389,
frame_ms,0.229,
frame_ms,0.2196,
frame_ms,0.2378,
frame_ms,0.213,
frame_ms,0.2343,
frame_ms,0.2082,
frame_ms,0.2317,
frame_ms,0.3523,
frame_ms,0.2692,
frame_ms,0.2283,
frame_ms,0.2245,
frame_ms,0.2135,
frame_ms,0.2425,
frame_ms,0.2156,
frame_ms,0.2106,
frame_ms,0.2411,
frame_ms,0.2114,
frame_ms,0.2144,
frame_ms,0.2596,
frame_ms,0.2593,
frame_ms,0.224,
tick_us,145.2,4
frame_ms,0.8421,
frame_ms,0.2686,
frame_ms,0.2132,
frame_ms,0.211,
frame_ms,0.214,
frame_ms,0.2038,
frame_ms,0.42,
frame_ms,0.349,
frame_ms,0.2511,
frame_ms,0.218,
frame_ms,0.211,
frame_ms,0.2149,
frame_ms,0.2637,
frame_ms,0.3493,
frame_ms,0.2584,
frame_ms,0.2213,
frame_ms,0.2168,
frame_ms,0.2145,
frame_ms,0.2392,
frame_ms,0.2189,
frame_ms,0.2147,
frame_ms,0.2517,
frame_ms,0.225,
frame_ms,0.2075,
frame_ms,0.2433,
frame_ms,0.2175,
tick_us,139.9,4
frame_ms,0.5359,
frame_ms,0.2413,
frame_ms,0.2065,
frame_ms,0.2108,
frame_ms,0.2054,
frame_ms,0.2272,
frame_ms,0.2228,
frame_ms,0.2102,
frame_ms,0.2359,
frame_ms,0.2204,
frame_ms,0.2254,
frame_ms,0.2201,
frame_ms,0.2042,
frame_ms,0.2064,
frame_ms,0.2396,
frame_ms,0.2172,
frame_ms,0.3157,
frame_ms,0.2899,
frame_ms,0.2233,
frame_ms,0.2208,
frame_ms,0.2128,
frame_ms,0.2108,
frame_ms,0.2366,
frame_ms,0.2567,
frame_ms,0.227,
frame_ms,0.2155,
frame_ms,0.2342,
frame_ms,0.2101,
frame_ms,0.2043,
tick_us,136.8,2
frame_ms,0.5471,
frame_ms,0.2394,
frame_ms,0.2051,
frame_ms,0.2092,
frame_ms,0.2075,
frame_ms,0.2476,
frame_ms,0.2233,
frame_ms,0.2274,
frame_ms,0.2283,
frame_ms,0.2651,
frame_ms,0.2293,
frame_ms,0.235,
frame_ms,0.2045,
frame_ms,0.2225,
frame_ms,0.2009,
frame_ms,0.2124,
frame_ms,0.2354,
frame_ms,0.2233,
frame_ms,0.2148,
frame_ms,0.2315,
frame_ms,0.2042,
frame_ms,0.2367,
frame_ms,0.2181,
frame_ms,0.2305,
frame_ms,0.2104,
frame_ms,0.2335,
frame_ms,0.2061,
frame_ms,0.208,
frame_ms,0.2536,
frame_ms,0.2699,
tick_us,145.2,2
frame_ms,0.5661,
frame_ms,0.2354,
frame_ms,0.2105,
frame_ms,0.2143,
frame_ms,0.2119,
frame_ms,0.2079,
frame_ms,0.2996,
frame_ms,0.2818,
frame_ms,0.2395,
frame_ms,0.218,
frame_ms,0.2235,
frame_ms,0.228,
frame_ms,0.23,
frame_ms,0.216,
frame_ms,0.2121,
frame_ms,0.2483,
frame_ms,0.2269,
frame_ms,0.224,
frame_ms,0.2305,
frame_ms,0.4151,
frame_ms,0.2619,
frame_ms,0.2231,
frame_ms,0.2167,
frame_ms,0.2195,
frame_ms,0.207,
frame_ms,0.2946,
frame_ms,0.2745,
tick_us,138.4,2
frame_ms,0.5366,
frame_ms,0.2359,
frame_ms,0.2048,
frame_ms,0.2069,
frame_ms,0.2025,
frame_ms,0.4176,
frame_ms,0.3794,
frame_ms,0.3321,
frame_ms,0.2425,
frame_ms,0.209,
frame_ms,0.207,
frame_ms,0.2047,
frame_ms,0.2916,
frame_ms,0.2869,
frame_ms,0.2406,
frame_ms,0.2253,
frame_ms,0.2203,
frame_ms,0.274,
frame_ms,0.2688,
frame_ms,0.2275,
frame_ms,0.2305,
frame_ms,0.2309,
frame_ms,0.2504,
frame_ms,0.2235,
frame_ms,0.2327,
frame_ms,0.2178,
frame_ms,0.2065,
tick_us,137.8,2
frame_ms,0.5345,
frame_ms,0.246,
frame_ms,0.2087,
frame_ms,0.2136,
frame_ms,0.209,
frame_ms,0.2443,
frame_ms,0.2252,
frame_ms,0.2151,
frame_ms,0.2348,
frame_ms,0.2305,
frame_ms,0.2105,
frame_ms,0.2588,
frame_ms,0.227,
frame_ms,0.2082,
frame_ms,0.2411,
frame_ms,0.2212,
frame_ms,0.2106,
frame_ms,0.2353,
frame_ms,0.2053,
frame_ms,0.2082,
frame_ms,0.2692,
frame_ms,0.2336,
frame_ms,0.2278,
frame_ms,0.2375,
frame_ms,0.2115,
frame_ms,0.205,
frame_ms,0.2637,
frame_ms,0.2265,
frame_ms,0.2091,
tick_us,136.6,0
frame_ms,0.551,
frame_ms,0.2473,
frame_ms,0.208,
frame_ms,0.2096,
frame_ms,0.2078,
frame_ms,0.2052,
frame_ms,0.2729,
frame_ms,0.2306,
frame_ms,0.2152,
frame_ms,0.2582,
frame_ms,0.2303,
frame_ms,0.2052,
frame_ms,0.2448,
frame_ms,0.2247,
frame_ms,0.2116,
frame_ms,0.231,
frame_ms,0.2082,
frame_ms,0.218,
frame_ms,0.229,
frame_ms,0.2352,
frame_ms,0.2286,
frame_ms,0.2145,
frame_ms,0.2077,
frame_ms,0.2619,
frame_ms,0.2295,
frame_ms,0.206,
frame_ms,0.2427,
tick_us,135.7,0
frame_ms,1.1228,
frame_ms,0.2817,
frame_ms,0.2253,
frame_ms,0.2035,
frame_ms,0.2222,
frame_ms,0.2143,
frame_ms,0.413,
frame_ms,0.3541,
frame_ms,0.3537,
frame_ms,0.3427,
frame_ms,0.3365,
frame_ms,0.2706,
frame_ms,0.2303,
frame_ms,0.2164,
frame_ms,0.2217,
frame_ms,0.2032,
frame_ms,0.2401,
frame_ms,0.2116,
frame_ms,0.2108,
frame_ms,0.4149,
frame_ms,0.246,
frame_ms,0.2166,
frame_ms,0.2158,
frame_ms,0.2111,
frame_ms,0.2421,
frame_ms,0.222,
tick_us,145.8,0
frame_ms,0.5433,
frame_ms,0.2369,
frame_ms,0.2107,
frame_ms,0.215,
frame_ms,0.206,
frame_ms,0.2229,
frame_ms,0.2427,
frame_ms,0.2364,
frame_ms,0.2234,
frame_ms,0.2297,
frame_ms,0.3874,
frame_ms,0.3892,
frame_ms,0.3452,
frame_ms,0.3778,
frame_ms,0.2766,
frame_ms,0.2294,
frame_ms,0.2082,
frame_ms,0.2185,
frame_ms,0.2132,
frame_ms,0.2149,
frame_ms,0.227,
frame_ms,0.2887,
frame_ms,0.3073,
frame_ms,0.2268,
frame_ms,0.2169,
frame_ms,0.2237,
tick_us,153.1,0
frame_ms,0.5329,
frame_ms,0.2501,
frame_ms,0.246,
frame_ms,0.4279,
frame_ms,0.4114,
frame_ms,0.3626,
frame_ms,0.3363,
frame_ms,0.3365,
frame_ms,0.4288,
frame_ms,0.3791,
frame_ms,0.3336,
frame_ms,0.3828,
frame_ms,0.364,
frame_ms,0.3366,
frame_ms,0.3276,
frame_ms,0.3579,
frame_ms,0.3749,
frame_ms,0.2437,
frame_ms,0.2148,
frame_ms,0.2211,
tick_us,154.6,0
frame_ms,0.5485,
frame_ms,0.2552,
frame_ms,0.2157,
frame_ms,0.2155,
frame_ms,0.2365,
frame_ms,0.2773,
frame_ms,0.275,
frame_ms,0.2271,
frame_ms,0.2177,
frame_ms,0.2394,
frame_ms,0.2159,
frame_ms,0.2542,
frame_ms,0.3052,
frame_ms,0.2382,
frame_ms,0.2193,
frame_ms,0.2094,
frame_ms,0.2106,
frame_ms,0.2913,
frame_ms,0.2269,
frame_ms,0.2104,
frame_ms,0.2694,
frame_ms,0.3472,
frame_ms,0.2409,
frame_ms,0.2235,
frame_ms,0.2175,
frame_ms,0.2108,
frame_ms,0.4075,
tick_us,137.4,0
frame_ms,0.63,
frame_ms,0.248,
frame_ms,0.2238,
frame_ms,0.2219,
frame_ms,0.2147,
frame_ms,0.2122,
frame_ms,0.2407,
frame_ms,0.214,
frame_ms,0.2108,
frame_ms,0.2093,
frame_ms,1.0187,
frame_ms,0.378,
frame_ms,0.2277,
frame_ms,0.2248,
frame_ms,0.2175,
frame_ms,0.2196,
frame_ms,0.2372,
frame_ms,0.2161,
frame_ms,0.2233,
frame_ms,0.2183,
frame_ms,0.2791,
frame_ms,0.2608,
frame_ms,0.2359,
frame_ms,0.4729,
tick_us,172.8,0
frame_ms,0.7341,
frame_ms,0.3385,
frame_ms,0.3892,
frame_ms,0.2616,
frame_ms,0.2153,
frame_ms,0.2175,
frame_ms,0.2093,
frame_ms,0.206,
frame_ms,0.272,
frame_ms,0.2376,
frame_ms,0.2068,
frame_ms,0.2381,
frame_ms,0.2175,
frame_ms,0.2063,
frame_ms,0.2779,
frame_ms,0.387,
frame_ms,0.383,
frame_ms,0.3611,
frame_ms,0.339,
frame_ms,0.355,
frame_ms,0.34,
frame_ms,0.44,
tick_us,140.6,0
frame_ms,0.5915,
frame_ms,0.4812,
frame_ms,0.5292,
frame_ms,0.3516,
frame_ms,0.3424,
frame_ms,0.3384,
frame_ms,0.3147,
frame_ms,0.252,
frame_ms,0.2204,
frame_ms,0.2281,
frame_ms,0.2254,
frame_ms,0.4348,
frame_ms,0.2429,
frame_ms,0.2202,
frame_ms,0.5712,
frame_ms,0.2855,
frame_ms,0.2459,
frame_ms,0.2752,
frame_ms,0.2359,
frame_ms,0.2413,
frame_ms,0.3055,
tick_us,133.6,0
frame_ms,0.6128,
frame_ms,0.2805,
frame_ms,0.2222,
frame_ms,0.2215,
frame_ms,0.2137,
frame_ms,0.2115,
frame_ms,0.2401,
frame_ms,0.2215,
frame_ms,0.2137,
frame_ms,0.2811,
frame_ms,0.3723,
frame_ms,0.4385,
frame_ms,0.3996,
frame_ms,0.3445,
frame_ms,0.3348,
frame_ms,0.3338,
frame_ms,0.2661,
frame_ms,0.2274,
frame_ms,0.2228,
frame_ms,0.2255,
frame_ms,0.2154,
frame_ms,0.2135,
frame_ms,0.2371,
frame_ms,0.2273,
frame_ms,0.2427,
tick_us,151.4,0
frame_ms,0.5629,
frame_ms,0.2456,
frame_ms,0.2195,
frame_ms,0.224,
frame_ms,0.2213,
frame_ms,0.2314,
frame_ms,0.2135,
frame_ms,0.2656,
frame_ms,0.229,
frame_ms,0.2168,
frame_ms,0.2471,
frame_ms,0.2453,
frame_ms,0.2104,
frame_ms,0.2409,
frame_ms,0.2242,
frame_ms,0.2163,
frame_ms,0.2617,
frame_ms,0.238,
frame_ms,0.2154,
frame_ms,0.2463,
frame_ms,0.2303,
frame_ms,0.2184,
frame_ms,0.2392,
frame_ms,0.2193,
frame_ms,0.2375,
frame_ms,0.2273,
frame_ms,0.2154,
frame_ms,0.2109,
tick_us,151.4,0
frame_ms,0.5692,
frame_ms,0.2664,
frame_ms,0.2156,
frame_ms,0.2231,
frame_ms,0.234,
frame_ms,0.224,
frame_ms,0.2161,
frame_ms,0.2267,
frame_ms,0.2418,
frame_ms,0.2501,
frame_ms,0.224,
frame_ms,0.2139,
frame_ms,0.2602,
frame_ms,0.2807,
frame_ms,0.2374,
frame_ms,0.2302,
frame_ms,0.223,
frame_ms,0.2202,
frame_ms,0.2485,
frame_ms,0.2606,
frame_ms,0.2723,
frame_ms,0.2363,
frame_ms,0.2248,
frame_ms,0.2233,
frame_ms,0.2118,
frame_ms,0.2746,
frame_ms,0.2231,
frame_ms,0.2137,
tick_us,148.2,0
frame_ms,0.5393,
frame_ms,0.2295,
frame_ms,0.2107,
frame_ms,0.2612,
frame_ms,0.2194,
frame_ms,0.2072,
frame_ms,0.2888,
frame_ms,0.3009,
frame_ms,0.2567,
frame_ms,0.2388,
frame_ms,0.2324,
frame_ms,0.2263,
frame_ms,0.2101,
frame_ms,0.2373,
frame_ms,0.2255,
frame_ms,0.2086,
frame_ms,0.2412,
frame_ms,0.2323,
frame_ms,0.2133,
frame_ms,0.2556,
frame_ms,0.23,
frame_ms,0.2158,
frame_ms,0.2377,
frame_ms,0.2226,
frame_ms,0.2361,
frame_ms,0.2115,
frame_ms,0.2442,
frame_ms,0.2279,
frame_ms,0.2151,
tick_us,146.6,0
frame_ms,0.5379,
frame_ms,0.2344,
frame_ms,0.4264,
frame_ms,0.3334,
frame_ms,0.2613,
frame_ms,0.2383,
frame_ms,0.2349,
frame_ms,0.2242,
frame_ms,0.2164,
frame_ms,0.2902,
frame_ms,0.2413,
frame_ms,0.2233,
frame_ms,0.2171,
frame_ms,0.2167,
frame_ms,0.2869,
frame_ms,0.2727,
frame_ms,0.2331,
frame_ms,0.2229,
frame_ms,0.216,
frame_ms,0.2083,
frame_ms,0.2817,
frame_ms,0.265,
frame_ms,0.2909,
frame_ms,0.2286,
tick_us,147.2,0
frame_ms,1.6002,
frame_ms,0.415,
frame_ms,0.3962,
frame_ms,0.3421,
frame_ms,0.245,
frame_ms,0.2191,
frame_ms,0.2231,
frame_ms,0.2144,
frame_ms,0.2132,
frame_ms,0.2615,
frame_ms,0.446,
frame_ms,0.2646,
frame_ms,0.2152,
frame_ms,0.2207,
frame_ms,0.2165,
frame_ms,0.2157,
frame_ms,0.2229,
frame_ms,0.2392,
frame_ms,0.2352,
frame_ms,0.222,
frame_ms,0.2135,
frame_ms,0.2383,
frame_ms,0.2289,
frame_ms,0.2093,
tick_us,146.4,0
frame_ms,0.5567,
frame_ms,0.2499,
frame_ms,0.2115,
frame_ms,0.213,
frame_ms,0.2219,
frame_ms,0.2103,
frame_ms,0.4393,
frame_ms,0.2663,
frame_ms,0.2157,
frame_ms,0.242,
frame_ms,0.2477,
frame_ms,0.291,
frame_ms,0.2509,
frame_ms,0.2441,
frame_ms,0.2379,
frame_ms,0.2359,
frame_ms,0.2343,
frame_ms,0.2352,
frame_ms,0.2315,
frame_ms,0.2782,
frame_ms,0.2765,
frame_ms,0.2305,
frame_ms,0.2244,
frame_ms,0.2173,
frame_ms,0.2146,
frame_ms,0.2595,
tick_us,136.5,0
frame_ms,0.5714,
frame_ms,0.2905,
frame_ms,0.242,
frame_ms,0.2163,
frame_ms,0.2181,
frame_ms,0.2094,
frame_ms,0.2741,
frame_ms,0.2312,
frame_ms,0.2321,
frame_ms,0.2146,
frame_ms,0.2627,
frame_ms,0.2737,
frame_ms,0.2356,
frame_ms,0.2238,
frame_ms,0.2247,
frame_ms,0.2256,
frame_ms,0.2396,
frame_ms,0.2185,
frame_ms,0.2788,
frame_ms,0.2687,
frame_ms,0.2265,
frame_ms,0.2205,
frame_ms,0.2104,
frame_ms,0.2435,
frame_ms,0.2286,
frame_ms,0.2103,
frame_ms,0.2348,
frame_ms,0.2196,
frame_ms,0.2186,
tick_us,150.1,0
frame_ms,0.5303,
frame_ms,0.2313,
frame_ms,0.2075,
frame_ms,0.2089,
frame_ms,0.2365,
frame_ms,0.2129,
frame_ms,0.2872,
frame_ms,0.3413,
frame_ms,0.2668,
frame_ms,0.2422,
frame_ms,0.285,
frame_ms,0.242,
frame_ms,0.2952,
frame_ms,0.2448,
frame_ms,0.2338,
frame_ms,0.2269,
frame_ms,0.2178,
frame_ms,0.2174,
frame_ms,0.4511,
frame_ms,0.3159,
frame_ms,0.2509,
frame_ms,0.2742,
frame_ms,0.2496,
frame_ms,0.267,
frame_ms,0.3835,
tick_us,147.5,0
frame_ms,0.5983,
frame_ms,0.2404,
frame_ms,0.2218,
frame_ms,0.2223,
frame_ms,0.2106,
frame_ms,0.2187,
frame_ms,0.2556,
frame_ms,0.4083,
frame_ms,0.5368,
frame_ms,0.3531,
frame_ms,0.3501,
frame_ms,0.349,
frame_ms,0.3438,
frame_ms,0.3652,
frame_ms,0.3422,
frame_ms,0.3347,
frame_ms,0.3359,
frame_ms,0.5571,
frame_ms,0.2879,
frame_ms,0.2578,
tick_us,142.7,0
frame_ms,0.548,
frame_ms,0.2479,
frame_ms,0.2264,
frame_ms,0.2979,
frame_ms,0.2527,
frame_ms,0.2253,
frame_ms,0.2246,
frame_ms,0.2278,
frame_ms,0.2166,
frame_ms,0.2291,
frame_ms,0.2241,
frame_ms,0.3325,
frame_ms,0.4529,
frame_ms,0.3432,
frame_ms,0.3864,
frame_ms,0.3453,
frame_ms,0.3324,
frame_ms,0.3435,
frame_ms,0.3325,
frame_ms,0.3356,
frame_ms,0.6252,
frame_ms,0.372,
tick_us,136.7,0
frame_ms,0.5469,
frame_ms,0.2294,
frame_ms,0.2139,
frame_ms,0.2176,
frame_ms,0.2364,
frame_ms,0.2244,
frame_ms,0.2323,
frame_ms,0.2183,
frame_ms,0.2154,
frame_ms,0.2446,
frame_ms,0.3655,
frame_ms,0.2367,
frame_ms,0.2083,
frame_ms,0.2105,
frame_ms,0.2348,
frame_ms,0.2139,
frame_ms,0.2073,
frame_ms,0.2245,
frame_ms,0.2184,
frame_ms,0.2081,
frame_ms,0.2513,
frame_ms,0.2212,
frame_ms,0.2126,
frame_ms,0.2204,
frame_ms,0.2378,
frame_ms,0.2263,
frame_ms,0.2102,
frame_ms,0.3349,
tick_us,136.6,0
frame_ms,0.5704,
frame_ms,0.2501,
frame_ms,0.2214,
frame_ms,0.2234,
frame_ms,0.2213,
frame_ms,0.2085,
frame_ms,0.2254,
frame_ms,0.2618,
frame_ms,0.2225,
frame_ms,0.2091,
frame_ms,0.2494,
frame_ms,0.2305,
frame_ms,0.2377,
frame_ms,0.2978,
frame_ms,0.2339,
frame_ms,0.2215,
frame_ms,0.2351,
frame_ms,0.213,
frame_ms,0.2121,
frame_ms,0.221,
frame_ms,0.2808,
frame_ms,0.2307,
frame_ms,0.2171,
frame_ms,0.2402,
frame_ms,0.2261,
frame_ms,0.2087,
frame_ms,0.2441,
frame_ms,0.2385,
tick_us,154.8,0
frame_ms,0.5523,
frame_ms,0.2725,
frame_ms,0.2286,
frame_ms,0.2063,
frame_ms,0.4438,
frame_ms,0.2722,
frame_ms,0.2473,
frame_ms,0.2186,
frame_ms,0.2159,
frame_ms,0.2241,
frame_ms,0.2094,
frame_ms,0.2764,
frame_ms,0.2432,
frame_ms,0.2743,
frame_ms,0.2586,
frame_ms,0.3806,
frame_ms,0.4225,
frame_ms,0.274,
frame_ms,0.2807,
frame_ms,0.2162,
frame_ms,0.2118,
frame_ms,0.2153,
frame_ms,0.2132,
frame_ms,0.2507,
frame_ms,0.2249,
frame_ms,0.2113,
tick_us,146.8,0
frame_ms,0.5461,
frame_ms,0.2219,
frame_ms,0.2056,
frame_ms,0.2109,
frame_ms,0.2178,
frame_ms,0.2325,
frame_ms,0.2786,
frame_ms,0.2905,
frame_ms,0.2348,
frame_ms,0.23,
frame_ms,0.2281,
frame_ms,0.2194,
frame_ms,0.2182,
frame_ms,0.2608,
frame_ms,0.2335,
frame_ms,0.2207,
frame_ms,0.3906,
frame_ms,0.2689,
frame_ms,0.2339,
frame_ms,0.2284,
frame_ms,0.2208,
frame_ms,0.2237,
frame_ms,0.2766,
frame_ms,0.4951,
frame_ms,0.3926,
tick_us,181.9,0
frame_ms,0.7253,
frame_ms,0.3457,
frame_ms,0.3442,
frame_ms,0.3354,
frame_ms,0.2625,
frame_ms,0.2204,
frame_ms,0.2283,
frame_ms,0.795,
frame_ms,0.3653,
frame_ms,0.3011,
frame_ms,0.3567,
frame_ms,0.2464,
frame_ms,0.2202,
frame_ms,0.2288,
frame_ms,0.2257,
frame_ms,0.2201,
frame_ms,0.2179,
frame_ms,0.267,
frame_ms,0.2345,
frame_ms,0.2176,
frame_ms,0.2446,
frame_ms,0.2414,
frame_ms,0.2227,
tick_us,160,0
frame_ms,0.5548,
frame_ms,0.2419,
frame_ms,0.2201,
frame_ms,0.2207,
frame_ms,0.2344,
frame_ms,0.2131,
frame_ms,0.2068,
frame_ms,0.2427,
frame_ms,0.2263,
frame_ms,0.2153,
frame_ms,0.2195,
frame_ms,0.2558,
frame_ms,0.2861,
frame_ms,0.2388,
frame_ms,0.2256,
frame_ms,0.2272,
frame_ms,0.3716,
frame_ms,0.3742,
frame_ms,0.3553,
frame_ms,0.3918,
frame_ms,0.2771,
frame_ms,0.2232,
frame_ms,0.223,
frame_ms,0.2177,
frame_ms,0.2142,
frame_ms,0.2412,
tick_us,147.6,0
frame_ms,0.5359,
frame_ms,0.226,
frame_ms,0.2273,
frame_ms,0.2142,
frame_ms,0.2051,
frame_ms,0.208,
frame_ms,0.244,
frame_ms,0.227,
frame_ms,0.2105,
frame_ms,0.2486,
frame_ms,0.2202,
frame_ms,0.2121,
frame_ms,0.2449,
frame_ms,0.2234,
frame_ms,0.212,
frame_ms,0.6123,
frame_ms,0.3701,
frame_ms,0.3918,
frame_ms,0.3983,
frame_ms,0.3948,
frame_ms,0.3424,
frame_ms,0.3464,
frame_ms,0.3349,
tick_us,181.9,0
frame_ms,0.6848,
frame_ms,0.3205,
frame_ms,0.3343,
frame_ms,0.3176,
frame_ms,0.2489,
frame_ms,0.2134,
frame_ms,0.2184,
frame_ms,0.2103,
frame_ms,0.2137,
frame_ms,0.2728,
frame_ms,0.2386,
frame_ms,0.2154,
frame_ms,0.2709,
frame_ms,0.2753,
frame_ms,0.2329,
frame_ms,0.2245,
frame_ms,0.2149,
frame_ms,0.2376,
frame_ms,0.2225,
frame_ms,0.2131,
frame_ms,0.2369,
frame_ms,0.2246,
frame_ms,0.2082,
frame_ms,0.254,
frame_ms,0.2229,
frame_ms,0.2186,
frame_ms,0.247,
tick_us,170.1,0
frame_ms,0.7627,
frame_ms,0.3045,
frame_ms,0.2432,
frame_ms,0.2207,
frame_ms,0.2152,
frame_ms,0.2131,
frame_ms,0.2178,
frame_ms,0.2669,
frame_ms,0.2272,
frame_ms,0.2115,
frame_ms,0.2402,
frame_ms,0.2284,
frame_ms,0.212,
frame_ms,0.2776,
frame_ms,0.2415,
frame_ms,0.2119,
frame_ms,0.259,
frame_ms,0.2858,
frame_ms,0.7449,
frame_ms,0.3928,
frame_ms,0.3534,
frame_ms,0.342,
frame_ms,0.3478,
tick_us,174.4,0
frame_ms,0.6847,
frame_ms,0.3355,
frame_ms,0.3393,
frame_ms,0.3821,
frame_ms,0.3499,
frame_ms,0.3353,
frame_ms,0.4978,
frame_ms,0.3099,
frame_ms,0.2385,
frame_ms,0.2196,
frame_ms,0.2266,
frame_ms,0.2249,
frame_ms,0.2158,
frame_ms,0.2319,
frame_ms,0.2259,
frame_ms,0.2353,
frame_ms,0.33,
frame_ms,0.2759,
frame_ms,0.2378,
frame_ms,0.2239,
frame_ms,0.2175,
frame_ms,0.2383,
frame_ms,0.2412,
frame_ms,0.2273,
tick_us,152.9,0
frame_ms,0.5378,
frame_ms,0.2419,
frame_ms,0.2082,
frame_ms,0.2111,
frame_ms,0.2036,
frame_ms,0.2172,
frame_ms,0.2072,
frame_ms,0.2578,
frame_ms,0.2237,
frame_ms,0.2073,
frame_ms,0.2924,
frame_ms,0.2329,
frame_ms,0.2157,
frame_ms,0.2256,
frame_ms,0.2081,
frame_ms,0.254,
frame_ms,0.228,
frame_ms,0.2055,
frame_ms,0.272,
frame_ms,0.233,
frame_ms,0.2149,
frame_ms,0.551,
frame_ms,0.2981,
frame_ms,0.2349,
frame_ms,0.2219,
frame_ms,0.2238,
frame_ms,0.2147,
tick_us,157.9,2
frame_ms,0.6226,
frame_ms,0.2678,
frame_ms,0.232,
frame_ms,0.2219,
frame_ms,0.2194,
frame_ms,0.3412,
frame_ms,0.261,
frame_ms,0.2267,
frame_ms,0.2248,
frame_ms,0.2158,
frame_ms,0.2215,
frame_ms,0.2795,
frame_ms,0.278,
frame_ms,0.2386,
frame_ms,0.2296,
frame_ms,0.2365,
frame_ms,0.2268,
frame_ms,0.2182,
frame_ms,0.2139,
frame_ms,0.2413,
frame_ms,0.2246,
frame_ms,0.2162,
frame_ms,0.3102,
frame_ms,0.2422,
frame_ms,0.2229,
frame_ms,0.2161,
frame_ms,0.2216,
frame_ms,0.2118,
tick_us,152.6,2
frame_ms,0.5784,
frame_ms,0.245,
frame_ms,0.2136,
frame_ms,0.2155,
frame_ms,0.2141,
frame_ms,0.212,
frame_ms,0.2572,
frame_ms,0.2338,
frame_ms,0.2104,
frame_ms,0.2579,
frame_ms,0.2598,
frame_ms,0.2218,
frame_ms,0.2087,
frame_ms,0.2398,
frame_ms,0.2282,
frame_ms,0.2096,
frame_ms,0.625,
frame_ms,0.3583,
frame_ms,0.3602,
frame_ms,0.4116,
frame_ms,0.3664,
frame_ms,0.2915,
frame_ms,0.2284,
frame_ms,0.2084,
tick_us,138,2
frame_ms,0.5089,
frame_ms,0.2362,
frame_ms,0.2147,
frame_ms,0.2296,
frame_ms,0.2898,
frame_ms,0.4303,
frame_ms,0.2697,
frame_ms,0.2174,
frame_ms,0.4326,
frame_ms,0.293,
frame_ms,0.3074,
frame_ms,0.274,
frame_ms,0.5843,
frame_ms,0.2704,
frame_ms,0.2309,
frame_ms,0.2419,
frame_ms,0.2387,
frame_ms,0.2342,
frame_ms,0.2933,
frame_ms,0.282,
frame_ms,0.2355,
frame_ms,0.2802,
frame_ms,0.2446,
tick_us,204,2
frame_ms,0.7274,
frame_ms,0.5336,
frame_ms,0.2746,
frame_ms,0.2204,
frame_ms,0.2368,
frame_ms,0.2298,
frame_ms,0.2221,
frame_ms,0.2221,
frame_ms,0.221,
frame_ms,0.2724,
frame_ms,0.2272,
frame_ms,0.2186,
frame_ms,0.2519,
frame_ms,0.2673,
frame_ms,0.5887,
frame_ms,0.3572,
frame_ms,0.3586,
frame_ms,0.3478,
frame_ms,0.352,
frame_ms,0.3474,
frame_ms,0.2932,
frame_ms,0.2485,
tick_us,150.4,2
frame_ms,0.5337,
frame_ms,0.2382,
frame_ms,0.2368,
frame_ms,0.2126,
frame_ms,0.2364,
frame_ms,0.2365,
frame_ms,0.2224,
frame_ms,0.2243,
frame_ms,0.2162,
frame_ms,0.2561,
frame_ms,0.2287,
frame_ms,0.3934,
frame_ms,0.3242,
frame_ms,0.2628,
frame_ms,0.2659,
frame_ms,0.2381,
frame_ms,0.2363,
frame_ms,0.24,
frame_ms,0.2778,
frame_ms,0.2475,
frame_ms,0.2255,
frame_ms,0.2208,
frame_ms,0.2479,
frame_ms,0.2313,
frame_ms,0.2143,
frame_ms,0.2622,
frame_ms,0.2406,
tick_us,146.9,2
frame_ms,0.5342,
frame_ms,0.2374,
frame_ms,0.2104,
frame_ms,0.2137,
frame_ms,0.2148,
frame_ms,0.2264,
frame_ms,0.2699,
frame_ms,0.2288,
frame_ms,0.2121,
frame_ms,0.2207,
frame_ms,0.297,
frame_ms,0.2963,
frame_ms,0.2428,
frame_ms,0.2272,
frame_ms,0.218,
frame_ms,0.2106,
frame_ms,0.2424,
frame_ms,0.2271,
frame_ms,0.2205,
frame_ms,1.0772,
frame_ms,0.2309,
frame_ms,0.2091,
frame_ms,0.2104,
frame_ms,0.428,
tick_us,178.5,2
frame_ms,0.8111,
frame_ms,0.3071,
frame_ms,0.2835,
frame_ms,0.2175,
frame_ms,0.2346,
frame_ms,0.2178,
frame_ms,0.2129,
frame_ms,0.2466,
frame_ms,0.2259,
frame_ms,0.2124,
frame_ms,0.2386,
frame_ms,0.2559,
frame_ms,0.229,
frame_ms,0.2106,
frame_ms,0.2414,
frame_ms,0.2657,
frame_ms,0.3959,
frame_ms,0.3538,
frame_ms,0.2608,
frame_ms,0.2245,
frame_ms,0.211,
frame_ms,0.2083,
frame_ms,0.2094,
frame_ms,0.2696,
frame_ms,0.2533,
frame_ms,0.2647,
tick_us,148.7,2
frame_ms,0.5377,
frame_ms,0.2324,
frame_ms,0.207,
frame_ms,0.2119,
frame_ms,0.3208,
frame_ms,0.3994,
frame_ms,0.3711,
frame_ms,0.2627,
frame_ms,0.2133,
frame_ms,0.2102,
frame_ms,0.204,
frame_ms,0.2402,
frame_ms,0.2215,
frame_ms,0.2111,
frame_ms,0.2588,
frame_ms,0.2627,
frame_ms,0.23,
frame_ms,0.2151,
frame_ms,0.2201,
frame_ms,0.283,
frame_ms,0.2688,
frame_ms,0.2269,
frame_ms,0.2168,
frame_ms,0.2105,
frame_ms,0.225,
frame_ms,0.211,
frame_ms,0.2824,
tick_us,143,2
frame_ms,0.5328,
frame_ms,0.2282,
frame_ms,0.2063,
frame_ms,0.2097,
frame_ms,0.2155,
frame_ms,0.2173,
frame_ms,0.2267,
frame_ms,0.2702,
frame_ms,0.2205,
frame_ms,0.3156,
frame_ms,0.2379,
frame_ms,0.2337,
frame_ms,0.2474,
frame_ms,0.2273,
frame_ms,0.206,
frame_ms,0.412,
frame_ms,0.3697,
frame_ms,0.341,
frame_ms,0.3238,
frame_ms,0.2183,
frame_ms,0.2102,
frame_ms,0.2077,
frame_ms,0.7592,
frame_ms,0.3187,
tick_us,145.4,2
frame_ms,0.551,
frame_ms,0.2584,
frame_ms,0.2452,
frame_ms,0.4074,
frame_ms,0.3364,
frame_ms,0.246,
frame_ms,0.2185,
frame_ms,0.2505,
frame_ms,0.2366,
frame_ms,0.2409,
frame_ms,0.2184,
frame_ms,0.261,
frame_ms,0.2413,
frame_ms,0.2185,
frame_ms,0.2304,
frame_ms,0.3147,
frame_ms,0.2487,
frame_ms,0.2428,
frame_ms,0.237,
frame_ms,0.2401,
frame_ms,0.2217,
frame_ms,0.2615,
frame_ms,0.2549,
frame_ms,0.2245,
frame_ms,0.2274,
tick_us,202.2,2
frame_ms,1.0585,
frame_ms,0.3728,
frame_ms,0.3723,
frame_ms,0.3831,
frame_ms,0.3736,
frame_ms,0.3417,
frame_ms,0.3105,
frame_ms,0.2437,
frame_ms,0.2144,
frame_ms,0.2182,
frame_ms,0.2175,
frame_ms,0.2422,
frame_ms,0.2441,
frame_ms,0.219,
frame_ms,0.2232,
frame_ms,0.2422,
frame_ms,0.2197,
frame_ms,0.2267,
frame_ms,0.3377,
frame_ms,0.2907,
frame_ms,0.2143,
frame_ms,0.2124,
frame_ms,0.2089,
frame_ms,0.2342,
tick_us,148.7,2
frame_ms,0.6186,
frame_ms,0.4184,
frame_ms,0.268,
frame_ms,0.2182,
frame_ms,0.2141,
frame_ms,0.2076,
frame_ms,0.2383,
frame_ms,0.2248,
frame_ms,0.2117,
frame_ms,0.2665,
frame_ms,0.2295,
frame_ms,0.2116,
frame_ms,0.2471,
frame_ms,0.2254,
frame_ms,0.2364,
frame_ms,0.2271,
frame_ms,0.2491,
frame_ms,0.2717,
frame_ms,0.2322,
frame_ms,0.2227,
frame_ms,0.2147,
frame_ms,0.2135,
frame_ms,0.2369,
frame_ms,0.2173,
frame_ms,0.2708,
frame_ms,0.2392,
frame_ms,0.2098,
tick_us,138.4,2
frame_ms,0.5355,
frame_ms,0.2324,
frame_ms,0.2064,
frame_ms,0.2128,
frame_ms,0.2332,
frame_ms,0.2474,
frame_ms,0.321,
frame_ms,0.2377,
frame_ms,0.2256,
frame_ms,0.2495,
frame_ms,0.2505,
frame_ms,0.2209,
frame_ms,0.237,
frame_ms,0.2134,
frame_ms,0.204,
frame_ms,0.2378,
frame_ms,0.2331,
frame_ms,0.2107,
frame_ms,0.2808,
frame_ms,0.5707,
frame_ms,0.3958,
frame_ms,0.2456,
frame_ms,0.2149,
frame_ms,0.2203,
frame_ms,0.2186,
frame_ms,0.2088,
frame_ms,0.2364,
tick_us,130.6,2
frame_ms,0.8633,
frame_ms,0.3367,
frame_ms,0.3001,
frame_ms,0.2183,
frame_ms,0.221,
frame_ms,0.216,
frame_ms,0.2138,
frame_ms,0.271,
frame_ms,0.7831,
frame_ms,0.385,
frame_ms,0.2385,
frame_ms,0.2061,
frame_ms,0.2151,
frame_ms,0.2108,
frame_ms,0.2183,
frame_ms,0.2729,
frame_ms,0.2261,
frame_ms,0.2359,
frame_ms,0.2176,
frame_ms,0.2134,
frame_ms,0.2557,
frame_ms,0.2315,
frame_ms,0.2097,
tick_us,144,2
frame_ms,0.5534,
frame_ms,0.2517,
frame_ms,0.2071,
frame_ms,0.2066,
frame_ms,0.2017,
frame_ms,0.2021,
frame_ms,0.2479,
frame_ms,0.222,
frame_ms,0.2586,
frame_ms,0.2893,
frame_ms,0.2122,
frame_ms,0.2087,
frame_ms,0.2672,
frame_ms,0.2825,
frame_ms,0.2341,
frame_ms,0.2195,
frame_ms,0.2174,
frame_ms,0.2495,
frame_ms,0.2518,
frame_ms,0.2186,
frame_ms,0.2394,
frame_ms,0.2123,
frame_ms,0.2132,
frame_ms,0.2361,
frame_ms,0.3522,
frame_ms,0.4325,
frame_ms,0.253,
tick_us,161.3,2
frame_ms,0.5497,
frame_ms,0.2678,
frame_ms,0.2172,
frame_ms,0.214,
frame_ms,0.2125,
frame_ms,0.2132,
frame_ms,0.272,
frame_ms,0.4478,
frame_ms,0.2314,
frame_ms,0.206,
frame_ms,0.2057,
frame_ms,0.2098,
frame_ms,0.2718,
frame_ms,0.2266,
frame_ms,0.2064,
frame_ms,0.2736,
frame_ms,0.2317,
frame_ms,0.2166,
frame_ms,0.3001,
frame_ms,0.2341,
frame_ms,0.2163,
frame_ms,0.2027,
frame_ms,0.2032,
frame_ms,0.2436,
frame_ms,0.2236,
frame_ms,0.2086,
frame_ms,0.2438,
frame_ms,0.2241,
tick_us,138.7,2
frame_ms,0.5077,
frame_ms,0.2247,
frame_ms,0.2022,
frame_ms,0.2073,
frame_ms,0.2061,
frame_ms,0.4193,
frame_ms,0.3679,
frame_ms,0.329,
frame_ms,0.2322,
frame_ms,0.2113,
frame_ms,0.219,
frame_ms,0.2126,
frame_ms,0.2413,
frame_ms,0.2523,
frame_ms,0.2183,
frame_ms,0.2081,
frame_ms,0.2465,
frame_ms,0.2194,
frame_ms,0.2089,
frame_ms,0.24,
frame_ms,0.2334,
frame_ms,0.2021,
frame_ms,0.2171,
frame_ms,0.2098,
frame_ms,0.2059,
frame_ms,0.31,
frame_ms,0.2719,
frame_ms,0.2321,
tick_us,142.6,2
frame_ms,0.5215,
frame_ms,0.6672,
frame_ms,0.2303,
frame_ms,0.1996,
frame_ms,0.2006,
frame_ms,0.2128,
frame_ms,0.2953,
frame_ms,0.2668,
frame_ms,0.2329,
frame_ms,0.2228,
frame_ms,0.2121,
frame_ms,0.2394,
frame_ms,0.2638,
frame_ms,0.2561,
frame_ms,0.216,
frame_ms,0.2071,
frame_ms,0.2666,
frame_ms,0.2312,
frame_ms,0.2046,
frame_ms,0.6581,
frame_ms,0.4605,
frame_ms,0.3488,
tick_us,166.3,2
frame_ms,0.7068,
frame_ms,0.3387,
frame_ms,0.3865,
frame_ms,0.2578,
frame_ms,0.2166,
frame_ms,0.2236,
frame_ms,0.2177,
frame_ms,0.2139,
frame_ms,0.392,
frame_ms,0.2824,
frame_ms,0.2537,
frame_ms,0.2109,
frame_ms,0.2162,
frame_ms,0.2153,
frame_ms,0.2208,
frame_ms,0.223,
frame_ms,0.2338,
frame_ms,0.2192,
frame_ms,0.224,
frame_ms,0.2105,
frame_ms,0.2652,
frame_ms,0.2257,
frame_ms,0.2156,
frame_ms,0.2451,
frame_ms,0.2274,
frame_ms,0.2102,
frame_ms,0.2216,
frame_ms,0.2421,
tick_us,140,2
frame_ms,0.5145,
frame_ms,0.2246,
frame_ms,0.202,
frame_ms,0.2094,
frame_ms,0.2322,
frame_ms,0.2102,
frame_ms,0.2333,
frame_ms,0.2174,
frame_ms,0.2032,
frame_ms,0.2743,
frame_ms,0.288,
frame_ms,0.4064,
frame_ms,0.2354,
frame_ms,0.2082,
frame_ms,0.2116,
frame_ms,0.2064,
frame_ms,0.2504,
frame_ms,0.2499,
frame_ms,0.2173,
frame_ms,0.2253,
frame_ms,0.207,
frame_ms,0.2011,
frame_ms,0.267,
frame_ms,0.2403,
frame_ms,0.2133,
frame_ms,0.2355,
frame_ms,0.2087,
frame_ms,0.2872,
tick_us,137.6,2
frame_ms,0.5174,
frame_ms,0.4026,
frame_ms,0.2537,
frame_ms,0.2142,
frame_ms,0.2164,
frame_ms,0.2104,
frame_ms,0.2293,
frame_ms,0.2164,
frame_ms,0.2037,
frame_ms,0.2584,
frame_ms,0.469,
frame_ms,0.3593,
frame_ms,0.4194,
frame_ms,0.3415,
frame_ms,0.2494,
frame_ms,0.2289,
frame_ms,0.2101,
frame_ms,0.2046,
frame_ms,0.2505,
frame_ms,0.2173,
frame_ms,0.208,
frame_ms,0.2479,
frame_ms,0.2201,
frame_ms,0.2025,
frame_ms,0.2538,
tick_us,137.7,2
frame_ms,0.5269,
frame_ms,0.2273,
frame_ms,0.2061,
frame_ms,0.2134,
frame_ms,0.2051,
frame_ms,0.2078,
frame_ms,0.266,
frame_ms,0.2159,
frame_ms,0.2033,
frame_ms,0.2853,
frame_ms,0.2699,
frame_ms,0.2291,
frame_ms,0.218,
frame_ms,0.2154,
frame_ms,0.248,
frame_ms,0.2294,
frame_ms,0.215,
frame_ms,0.2542,
frame_ms,0.2276,
frame_ms,0.2226,
frame_ms,0.2581,
frame_ms,0.2563,
frame_ms,0.2139,
frame_ms,0.2079,
frame_ms,0.2534,
frame_ms,0.266,
frame_ms,0.2288,
frame_ms,0.2205,
frame_ms,0.2101,
tick_us,143.3,4
frame_ms,0.5406,
frame_ms,0.2377,
frame_ms,0.2089,
frame_ms,0.2126,
frame_ms,0.2087,
frame_ms,0.2183,
frame_ms,0.2615,
frame_ms,0.2327,
frame_ms,0.212,
frame_ms,0.2795,
frame_ms,0.227,
frame_ms,0.4717,
frame_ms,0.2857,
frame_ms,0.2339,
frame_ms,0.3011,
frame_ms,0.2183,
frame_ms,0.2099,
frame_ms,0.2062,
frame_ms,0.2088,
frame_ms,0.2519,
frame_ms,0.2285,
frame_ms,0.2512,
frame_ms,0.22,
frame_ms,0.2515,
frame_ms,0.2269,
frame_ms,0.213,
frame_ms,0.2343,
frame_ms,0.2194,
tick_us,139.6,4
frame_ms,0.5016,
frame_ms,0.2208,
frame_ms,0.2032,
frame_ms,0.2079,
frame_ms,0.2196,
frame_ms,0.2139,
frame_ms,0.2103,
frame_ms,0.2779,
frame_ms,0.2283,
frame_ms,0.2078,
frame_ms,0.3112,
frame_ms,0.2912,
frame_ms,0.2485,
frame_ms,0.2395,
frame_ms,0.2497,
frame_ms,0.2381,
frame_ms,0.2358,
frame_ms,0.3044,
frame_ms,0.3325,
frame_ms,0.2174,
frame_ms,0.2146,
frame_ms,0.2065,
frame_ms,0.2109,
frame_ms,0.2525,
frame_ms,0.2276,
frame_ms,0.2089,
frame_ms,0.2467,
frame_ms,0.2273,
tick_us,139.8,4
frame_ms,0.5104,
frame_ms,0.2324,
frame_ms,0.2044,
frame_ms,0.2072,
frame_ms,0.2063,
frame_ms,0.2481,
frame_ms,0.2187,
frame_ms,0.203,
frame_ms,0.2515,
frame_ms,0.2263,
frame_ms,0.2114,
frame_ms,0.2146,
frame_ms,0.213,
frame_ms,0.2046,
frame_ms,0.2692,
frame_ms,0.2282,
frame_ms,0.257,
frame_ms,0.3546,
frame_ms,0.2821,
frame_ms,0.2375,
frame_ms,0.2161,
frame_ms,0.2161,
frame_ms,0.2119,
frame_ms,0.2502,
frame_ms,0.2562,
frame_ms,0.2209,
frame_ms,0.2123,
frame_ms,0.2405,
tick_us,141.9,4
frame_ms,0.5237,
frame_ms,0.2333,
frame_ms,0.2032,
frame_ms,0.2048,
frame_ms,0.2056,
frame_ms,0.2485,
frame_ms,0.2288,
frame_ms,0.2126,
frame_ms,0.2697,
frame_ms,0.2242,
frame_ms,0.2079,
frame_ms,0.2481,
frame_ms,0.2222,
frame_ms,0.2081,
frame_ms,0.2235,
frame_ms,0.2078,
frame_ms,0.2021,
frame_ms,0.2707,
frame_ms,0.2238,
frame_ms,0.2062,
frame_ms,0.2232,
frame_ms,0.2083,
frame_ms,0.22,
frame_ms,0.2045,
frame_ms,0.233,
frame_ms,0.2555,
frame_ms,0.215,
frame_ms,0.3254,
frame_ms,0.2614,
tick_us,142,4
frame_ms,0.5325,
frame_ms,0.2359,
frame_ms,0.4134,
frame_ms,0.2336,
frame_ms,0.2172,
frame_ms,0.2708,
frame_ms,0.2763,
frame_ms,0.2313,
frame_ms,0.2128,
frame_ms,0.2102,
frame_ms,0.2463,
frame_ms,0.2238,
frame_ms,0.2105,
frame_ms,0.235,
frame_ms,0.2104,
frame_ms,0.2031,
frame_ms,0.2589,
frame_ms,0.2565,
frame_ms,0.2637,
frame_ms,0.2246,
frame_ms,0.2353,
frame_ms,0.2461,
frame_ms,0.2124,
frame_ms,0.5797,
frame_ms,0.2652,
frame_ms,0.2176,
tick_us,128.9,6
frame_ms,0.496,
frame_ms,0.232,
frame_ms,0.2078,
frame_ms,0.2116,
frame_ms,0.218,
frame_ms,0.258,
frame_ms,0.2133,
frame_ms,0.2048,
frame_ms,0.2368,
frame_ms,0.2231,
frame_ms,0.204,
frame_ms,0.2435,
frame_ms,0.2163,
frame_ms,0.2223,
frame_ms,0.2274,
frame_ms,0.2007,
frame_ms,0.2041,
frame_ms,0.2772,
frame_ms,0.2183,
frame_ms,0.2272,
frame_ms,0.2667,
frame_ms,0.2748,
frame_ms,0.2303,
frame_ms,0.2642,
frame_ms,0.2512,
frame_ms,0.2181,
frame_ms,0.2071,
frame_ms,0.2509,
frame_ms,0.2194,
frame_ms,0.2014,
tick_us,140.7,6
frame_ms,0.5566,
frame_ms,0.2544,
frame_ms,0.208,
frame_ms,0.2081,
frame_ms,0.2717,
frame_ms,0.2351,
frame_ms,0.4353,
frame_ms,0.2784,
frame_ms,0.2362,
frame_ms,0.2154,
frame_ms,0.2177,
frame_ms,0.2109,
frame_ms,0.2053,
frame_ms,0.2778,
frame_ms,0.2801,
frame_ms,0.2464,
frame_ms,0.2401,
frame_ms,0.2348,
frame_ms,0.2322,
frame_ms,0.2669,
frame_ms,0.2761,
frame_ms,0.248,
frame_ms,0.2271,
frame_ms,0.2157,
frame_ms,0.2066,
frame_ms,0.2188,
tick_us,143.7,6
frame_ms,1.0942,
frame_ms,0.3619,
frame_ms,0.217,
frame_ms,0.2116,
frame_ms,0.2061,
frame_ms,0.2406,
frame_ms,0.2213,
frame_ms,0.2051,
frame_ms,0.4174,
frame_ms,0.2768,
frame_ms,0.2421,
frame_ms,0.2263,
frame_ms,0.2297,
frame_ms,0.2302,
frame_ms,0.2709,
frame_ms,0.2833,
frame_ms,0.2435,
frame_ms,0.2412,
frame_ms,0.2129,
frame_ms,0.2263,
frame_ms,0.2069,
frame_ms,0.247,
frame_ms,0.2401,
frame_ms,0.2141,
frame_ms,0.2421,
tick_us,179.4,6
frame_ms,0.7386,
frame_ms,0.245,
frame_ms,0.2091,
frame_ms,0.2111,
frame_ms,0.2219,
frame_ms,0.2029,
frame_ms,0.2472,
frame_ms,0.2194,
frame_ms,0.2026,
frame_ms,0.2353,
frame_ms,0.2273,
frame_ms,0.206,
frame_ms,0.2528,
frame_ms,0.3335,
frame_ms,0.3677,
frame_ms,0.3559,
frame_ms,0.2962,
frame_ms,0.2289,
frame_ms,0.2466,
frame_ms,0.2086,
frame_ms,0.2061,
frame_ms,0.2354,
frame_ms,0.2147,
frame_ms,0.2021,
frame_ms,0.2405,
frame_ms,0.2188,
frame_ms,0.2022,
tick_us,134,6
frame_ms,0.5435,
frame_ms,0.2482,
frame_ms,0.2085,
frame_ms,0.2084,
frame_ms,0.2012,
frame_ms,0.4041,
frame_ms,0.3588,
frame_ms,0.4356,
frame_ms,0.2935,
frame_ms,0.2139,
frame_ms,0.4688,
frame_ms,0.2442,
frame_ms,0.2209,
frame_ms,0.2224,
frame_ms,0.3969,
frame_ms,0.3441,
frame_ms,0.3347,
frame_ms,0.2591,
frame_ms,0.2223,
frame_ms,0.2115,
frame_ms,0.2063,
frame_ms,0.2359,
frame_ms,0.2352,
frame_ms,0.2047,
tick_us,137.1,6
frame_ms,0.5064,
frame_ms,0.2222,
frame_ms,0.201,
frame_ms,0.2065,
frame_ms,0.2113,
frame_ms,0.247,
frame_ms,0.2197,
frame_ms,0.2035,
frame_ms,0.3623,
frame_ms,0.3969,
frame_ms,0.3796,
frame_ms,0.3408,
frame_ms,0.2703,
frame_ms,0.2174,
frame_ms,0.2075,
frame_ms,0.2014,
frame_ms,0.2388,
frame_ms,0.2196,
frame_ms,0.2048,
frame_ms,0.2517,
frame_ms,0.2214,
frame_ms,0.2034,
frame_ms,0.2319,
frame_ms,0.2675,
frame_ms,0.2729,
frame_ms,0.2333,
frame_ms,0.2203,
tick_us,143.5,6
frame_ms,0.5117,
frame_ms,0.2348,
frame_ms,0.2132,
frame_ms,0.2296,
frame_ms,0.2205,
frame_ms,0.2267,
frame_ms,0.2163,
frame_ms,0.2588,
frame_ms,0.2565,
frame_ms,0.226,
frame_ms,0.2121,
frame_ms,0.2438,
frame_ms,0.2207,
frame_ms,0.2093,
frame_ms,0.6812,
frame_ms,0.2672,
frame_ms,0.2184,
frame_ms,0.2141,
frame_ms,0.2251,
frame_ms,0.2102,
frame_ms,0.207,
frame_ms,0.2428,
frame_ms,0.2222,
frame_ms,0.208,
frame_ms,0.2448,
frame_ms,0.2207,
frame_ms,0.2102,
frame_ms,0.2502,
tick_us,138.5,6
frame_ms,0.5114,
frame_ms,0.224,
frame_ms,0.2052,
frame_ms,0.2075,
frame_ms,0.2218,
frame_ms,0.2322,
frame_ms,0.2331,
frame_ms,0.2085,
frame_ms,0.2444,
frame_ms,0.2226,
frame_ms,0.2261,
frame_ms,0.2363,
frame_ms,0.3481,
frame_ms,0.376,
frame_ms,0.3398,
frame_ms,0.2702,
frame_ms,0.2205,
frame_ms,0.2117,
frame_ms,0.2089,
frame_ms,0.2373,
frame_ms,0.2293,
frame_ms,0.2137,
frame_ms,0.2209,
frame_ms,0.2161,
frame_ms,0.2039,
frame_ms,0.2709,
frame_ms,0.2824,
tick_us,127.7,6
frame_ms,0.5216,
frame_ms,0.2457,
frame_ms,0.2137,
frame_ms,0.2504,
frame_ms,0.2125,
frame_ms,0.2168,
frame_ms,0.2131,
frame_ms,0.2724,
frame_ms,0.2544,
frame_ms,0.2214,
frame_ms,0.2122,
frame_ms,0.2696,
frame_ms,0.2285,
frame_ms,0.2098,
frame_ms,0.2431,
frame_ms,0.2181,
frame_ms,0.2554,
frame_ms,0.2072,
frame_ms,0.2622,
frame_ms,0.2209,
frame_ms,0.2078,
frame_ms,0.5297,
frame_ms,0.3251,
frame_ms,0.3084,
frame_ms,0.2531,
frame_ms,0.2094,
frame_ms,0.2485,
tick_us,136.3,6
frame_ms,0.5088,
frame_ms,0.3484,
frame_ms,0.2662,
frame_ms,0.2534,
frame_ms,0.2455,
frame_ms,0.2142,
frame_ms,0.2121,
frame_ms,0.2073,
frame_ms,0.2498,
frame_ms,0.3355,
frame_ms,0.3817,
frame_ms,0.335,
frame_ms,0.3397,
frame_ms,0.3758,
frame_ms,0.3462,
frame_ms,0.3353,
frame_ms,0.2506,
frame_ms,0.2144,
frame_ms,0.2156,
frame_ms,0.2104,
frame_ms,0.2241,
frame_ms,0.2173,
frame_ms,0.2077,
frame_ms,0.2614,
tick_us,132.3,8
frame_ms,0.5469,
frame_ms,0.2316,
frame_ms,0.2059,
frame_ms,0.209,
frame_ms,0.2054,
frame_ms,0.2893,
frame_ms,0.2253,
frame_ms,0.2123,
frame_ms,0.2044,
frame_ms,0.3008,
frame_ms,0.2296,
frame_ms,0.2105,
frame_ms,0.224,
frame_ms,0.2422,
frame_ms,0.2237,
frame_ms,0.205,
frame_ms,0.2516,
frame_ms,0.2249,
frame_ms,0.2088,
frame_ms,0.2534,
frame_ms,0.2195,
frame_ms,0.2089,
frame_ms,0.2445,
frame_ms,0.3481,
frame_ms,0.4243,
frame_ms,0.3878,
frame_ms,0.3373,
tick_us,172.8,8
frame_ms,0.7516,
frame_ms,0.3344,
frame_ms,0.3378,
frame_ms,0.3299,
frame_ms,0.325,
frame_ms,0.2996,
frame_ms,0.2354,
frame_ms,0.2137,
frame_ms,0.315,
frame_ms,0.2994,
frame_ms,0.2378,
frame_ms,0.2198,
frame_ms,0.2338,
frame_ms,0.2191,
frame_ms,0.2109,
frame_ms,0.4167,
frame_ms,0.4272,
frame_ms,0.3859,
frame_ms,0.2632,
frame_ms,0.2245,
frame_ms,0.2113,
frame_ms,0.2157,
frame_ms,0.2978,
tick_us,143.1,10
frame_ms,0.5502,
frame_ms,0.2343,
frame_ms,0.2131,
frame_ms,0.2363,
frame_ms,0.2068,
frame_ms,0.2423,
frame_ms,0.2686,
frame_ms,0.2252,
frame_ms,0.2162,
frame_ms,0.2111,
frame_ms,0.2052,
frame_ms,0.2397,
frame_ms,0.2226,
frame_ms,0.2039,
frame_ms,0.2632,
frame_ms,0.2366,
frame_ms,0.214,
frame_ms,0.2312,
frame_ms,0.2124,
frame_ms,0.2504,
frame_ms,0.2259,
frame_ms,0.209,
frame_ms,0.273,
frame_ms,0.2189,
frame_ms,0.1998,
frame_ms,0.2532,
frame_ms,0.2239,
frame_ms,0.202,
frame_ms,0.2495,
tick_us,146.6,10
frame_ms,0.5315,
frame_ms,0.2432,
frame_ms,0.2043,
frame_ms,0.2067,
frame_ms,0.2032,
frame_ms,0.2575,
frame_ms,0.3785,
frame_ms,0.3254,
frame_ms,0.2347,
frame_ms,0.2127,
frame_ms,0.2053,
frame_ms,0.2192,
frame_ms,0.2425,
frame_ms,0.2191,
frame_ms,0.2222,
frame_ms,0.4158,
frame_ms,0.3558,
frame_ms,0.3446,
frame_ms,0.2324,
frame_ms,0.2058,
frame_ms,0.2112,
frame_ms,0.2267,
frame_ms,0.208,
frame_ms,0.2815,
frame_ms,0.2224,
frame_ms,0.2054,
tick_us,145,10
frame_ms,0.5585,
frame_ms,0.2239,
frame_ms,0.2226,
frame_ms,0.2179,
frame_ms,0.2045,
frame_ms,0.2013,
frame_ms,0.2476,
frame_ms,0.22,
frame_ms,0.205,
frame_ms,0.2478,
frame_ms,0.2172,
frame_ms,0.2128,
frame_ms,0.2145,
frame_ms,0.2138,
frame_ms,0.2016,
frame_ms,0.2699,
frame_ms,0.2256,
frame_ms,0.2076,
frame_ms,0.2458,
frame_ms,0.219,
frame_ms,0.2028,
frame_ms,0.244,
frame_ms,0.2175,
frame_ms,0.2024,
frame_ms,0.2618,
frame_ms,0.2262,
frame_ms,0.2065,
frame_ms,0.2295,
frame_ms,0.2233,
frame_ms,0.2088,
tick_us,140.7,8
frame_ms,0.5459,
frame_ms,0.2273,
frame_ms,0.2322,
frame_ms,0.2081,
frame_ms,0.2012,
frame_ms,0.2154,
frame_ms,0.2777,
frame_ms,0.2216,
frame_ms,0.2072,
frame_ms,0.2557,
frame_ms,0.2226,
frame_ms,0.2075,
frame_ms,0.2451,
frame_ms,0.2209,
frame_ms,0.3586,
frame_ms,0.3228,
frame_ms,0.2577,
frame_ms,0.2181,
frame_ms,0.2249,
frame_ms,0.221,
frame_ms,0.2165,
frame_ms,0.2314,
frame_ms,0.3145,
frame_ms,0.2567,
frame_ms,0.2174,
frame_ms,0.212,
frame_ms,0.2042,
frame_ms,0.2574,
tick_us,144.7,8
frame_ms,0.5218,
frame_ms,0.2227,
frame_ms,0.2002,
frame_ms,0.2041,
frame_ms,0.2029,
frame_ms,0.3689,
frame_ms,0.2768,
frame_ms,0.258,
frame_ms,0.3653,
frame_ms,0.2592,
frame_ms,0.2263,
frame_ms,0.2317,
frame_ms,0.2299,
frame_ms,0.2228,
frame_ms,0.2658,
frame_ms,0.3056,
frame_ms,0.2451,
frame_ms,0.2307,
frame_ms,0.2168,
frame_ms,0.2051,
frame_ms,0.2932,
frame_ms,0.2297,
frame_ms,0.2138,
frame_ms,0.2413,
frame_ms,0.229,
frame_ms,0.2346,
tick_us,157.2,8
frame_ms,0.649,
frame_ms,0.3136,
frame_ms,0.2383,
frame_ms,0.2062,
frame_ms,0.2105,
frame_ms,0.2096,
frame_ms,0.2189,
frame_ms,0.2482,
frame_ms,0.2417,
frame_ms,0.2103,
frame_ms,0.2671,
frame_ms,0.2366,
frame_ms,0.2202,
frame_ms,0.2042,
frame_ms,0.2875,
frame_ms,0.2551,
frame_ms,0.2228,
frame_ms,0.2195,
frame_ms,0.211,
frame_ms,0.2335,
frame_ms,0.2417,
frame_ms,0.7321,
frame_ms,0.2876,
frame_ms,0.2264,
frame_ms,0.2103,
frame_ms,0.2141,
frame_ms,0.2287,
tick_us,146.4,8
frame_ms,0.5269,
frame_ms,0.2412,
frame_ms,0.2107,
frame_ms,0.2134,
frame_ms,0.2101,
frame_ms,0.227,
frame_ms,0.2097,
frame_ms,0.284,
frame_ms,0.2645,
frame_ms,0.2245,
frame_ms,0.2211,
frame_ms,0.2136,
frame_ms,0.3163,
frame_ms,0.2629,
frame_ms,0.2256,
frame_ms,0.2157,
frame_ms,0.2208,
frame_ms,0.2112,
frame_ms,0.2647,
frame_ms,0.2605,
frame_ms,0.2245,
frame_ms,0.2147,
frame_ms,0.218,
frame_ms,0.2303,
frame_ms,0.2587,
frame_ms,0.2252,
frame_ms,0.2122,
frame_ms,0.2238,
tick_us,138.4,8
frame_ms,0.4985,
frame_ms,0.2223,
frame_ms,0.2016,
frame_ms,0.2203,
frame_ms,0.206,
frame_ms,0.2203,
frame_ms,0.2048,
frame_ms,0.2094,
frame_ms,0.285,
frame_ms,0.272,
frame_ms,0.2267,
frame_ms,0.2183,
frame_ms,0.214,
frame_ms,0.2463,
frame_ms,0.2518,
frame_ms,0.2182,
frame_ms,0.2208,
frame_ms,0.2394,
frame_ms,0.3559,
frame_ms,0.4317,
frame_ms,0.3446,
frame_ms,0.2538,
frame_ms,0.2199,
frame_ms,0.2179,
frame_ms,0.2119,
frame_ms,0.2462,
frame_ms,0.2233,
tick_us,149.2,8
frame_ms,0.5146,
frame_ms,0.2286,
frame_ms,0.2048,
frame_ms,0.2664,
frame_ms,0.2387,
frame_ms,0.2182,
frame_ms,0.21,
frame_ms,0.2388,
frame_ms,0.2208,
frame_ms,0.2082,
frame_ms,0.2436,
frame_ms,0.2625,
frame_ms,0.2889,
frame_ms,0.2797,
frame_ms,0.2269,
frame_ms,0.2221,
frame_ms,0.2133,
frame_ms,0.25,
frame_ms,0.2681,
frame_ms,0.2296,
frame_ms,0.2156,
frame_ms,0.2074,
frame_ms,0.247,
frame_ms,0.2636,
frame_ms,0.2236,
frame_ms,0.2161,
frame_ms,0.2088,
frame_ms,0.2455,
frame_ms,0.222,
tick_us,149.3,8
frame_ms,0.5345,
frame_ms,0.2319,
frame_ms,0.2042,
frame_ms,0.2065,
frame_ms,0.2056,
frame_ms,0.2474,
frame_ms,0.2283,
frame_ms,0.2065,
frame_ms,0.2196,
frame_ms,0.2414,
frame_ms,0.2201,
frame_ms,0.2047,
frame_ms,0.2464,
frame_ms,0.2166,
frame_ms,0.2023,
frame_ms,0.2535,
frame_ms,0.2272,
frame_ms,0.2051,
frame_ms,0.2453,
frame_ms,0.2179,
frame_ms,0.2185,
frame_ms,0.2699,
frame_ms,0.2156,
frame_ms,0.2005,
frame_ms,0.2681,
frame_ms,0.219,
frame_ms,0.2056,
frame_ms,0.2479,
frame_ms,0.2157,
tick_us,140.1,8
frame_ms,0.4985,
frame_ms,0.2247,
frame_ms,0.2003,
frame_ms,0.205,
frame_ms,0.2,
frame_ms,0.2746,
frame_ms,0.2681,
frame_ms,0.9264,
frame_ms,0.284,
frame_ms,0.2693,
frame_ms,0.244,
frame_ms,0.3099,
frame_ms,0.354,
frame_ms,0.326,
frame_ms,0.2831,
frame_ms,0.237,
frame_ms,0.2148,
frame_ms,0.2177,
frame_ms,0.2177,
frame_ms,0.2125,
frame_ms,0.216,
frame_ms,0.2474,
frame_ms,0.2956,
frame_ms,0.2256,
tick_us,130.3,6
frame_ms,0.4989,
frame_ms,0.2226,
frame_ms,0.2385,
frame_ms,0.2067,
frame_ms,0.2125,
frame_ms,0.2332,
frame_ms,0.2159,
frame_ms,0.2087,
frame_ms,0.2587,
frame_ms,0.2207,
frame_ms,0.2071,
frame_ms,0.2325,
frame_ms,0.2188,
frame_ms,0.2122,
frame_ms,0.3289,
frame_ms,0.2805,
frame_ms,0.221,
frame_ms,0.2037,
frame_ms,0.236,
frame_ms,0.2197,
frame_ms,0.2033,
frame_ms,0.2555,
frame_ms,0.3518,
frame_ms,0.4498,
frame_ms,0.3514,
frame_ms,0.3338,
tick_us,180.8,6
frame_ms,0.7206,
frame_ms,0.334,
frame_ms,0.3867,
frame_ms,0.2872,
frame_ms,0.2204,
frame_ms,0.2182,
frame_ms,0.2151,
frame_ms,0.2077,
frame_ms,0.2641,
frame_ms,0.2631,
frame_ms,0.2251,
frame_ms,0.4609,
frame_ms,0.272,
frame_ms,0.28,
frame_ms,0.2452,
frame_ms,0.2181,
frame_ms,0.222,
frame_ms,0.2172,
frame_ms,0.2109,
frame_ms,0.2604,
frame_ms,0.2282,
frame_ms,0.2107,
frame_ms,0.2644,
frame_ms,0.2704,
frame_ms,0.3283,
tick_us,131.2,6
frame_ms,0.518,
frame_ms,0.2437,
frame_ms,0.2205,
frame_ms,0.2362,
frame_ms,0.2197,
frame_ms,0.3147,
frame_ms,0.3294,
frame_ms,0.2452,
frame_ms,0.2318,
frame_ms,0.265,
frame_ms,0.2668,
frame_ms,0.2287,
frame_ms,0.222,
frame_ms,0.2136,
frame_ms,0.208,
frame_ms,0.2702,
frame_ms,0.2628,
frame_ms,0.2359,
frame_ms,0.2259,
frame_ms,0.2259,
frame_ms,0.215,
frame_ms,0.3139,
frame_ms,0.3023,
frame_ms,0.2563,
frame_ms,0.2507,
frame_ms,0.275,
frame_ms,0.2331,
tick_us,149.7,4
frame_ms,0.5455,
frame_ms,0.2391,
frame_ms,0.2173,
frame_ms,0.2393,
frame_ms,0.2844,
frame_ms,0.2476,
frame_ms,0.2232,
frame_ms,0.2212,
frame_ms,0.2125,
frame_ms,0.2417,
frame_ms,0.2519,
frame_ms,0.2231,
frame_ms,0.2685,
frame_ms,0.2747,
frame_ms,0.2316,
frame_ms,0.2181,
frame_ms,0.2134,
frame_ms,0.2372,
frame_ms,0.4939,
frame_ms,0.3789,
frame_ms,0.2741,
frame_ms,0.2182,
frame_ms,0.2207,
frame_ms,0.2187,
frame_ms,0.2124,
frame_ms,0.2957,
tick_us,153.7,4
frame_ms,0.5801,
frame_ms,0.2723,
frame_ms,0.2377,
frame_ms,0.2853,
frame_ms,0.2864,
frame_ms,0.2406,
frame_ms,0.2186,
frame_ms,0.2161,
frame_ms,0.2116,
frame_ms,0.212,
frame_ms,0.2442,
frame_ms,0.2312,
frame_ms,0.2176,
frame_ms,0.2076,
frame_ms,0.2765,
frame_ms,0.2648,
frame_ms,0.2354,
frame_ms,0.5259,
frame_ms,0.3958,
frame_ms,0.2664,
frame_ms,0.2235,
frame_ms,0.2212,
frame_ms,0.2198,
frame_ms,0.2172,
frame_ms,0.2309,
frame_ms,0.2242,
tick_us,148.8,4
frame_ms,0.5381,
frame_ms,0.2383,
frame_ms,0.2126,
frame_ms,0.2147,
frame_ms,0.2079,
frame_ms,0.2074,
frame_ms,0.2432,
frame_ms,0.2823,
frame_ms,0.2645,
frame_ms,0.245,
frame_ms,0.2326,
frame_ms,0.2335,
frame_ms,0.2334,
frame_ms,0.2344,
frame_ms,0.2852,
frame_ms,0.2506,
frame_ms,0.2193,
frame_ms,0.2085,
frame_ms,0.2557,
frame_ms,0.2216,
frame_ms,0.21,
frame_ms,0.2162,
frame_ms,0.2158,
frame_ms,0.2555,
frame_ms,0.553,
frame_ms,0.3587,
tick_us,143.1,4
frame_ms,0.5675,
frame_ms,0.2794,
frame_ms,0.3757,
frame_ms,0.3506,
frame_ms,0.2992,
frame_ms,0.2628,
frame_ms,0.2195,
frame_ms,0.2223,
frame_ms,0.2842,
frame_ms,0.2311,
frame_ms,0.2177,
frame_ms,0.2088,
frame_ms,0.2632,
frame_ms,0.2286,
frame_ms,0.2522,
frame_ms,0.2188,
frame_ms,0.2407,
frame_ms,0.2266,
frame_ms,0.2192,
frame_ms,0.2588,
frame_ms,0.3295,
frame_ms,0.2241,
frame_ms,0.6926,
frame_ms,0.3952,
tick_us,147.4,6
frame_ms,0.5606,
frame_ms,0.2792,
frame_ms,0.2278,
frame_ms,0.2391,
frame_ms,0.2175,
frame_ms,0.2198,
frame_ms,0.2084,
frame_ms,0.2656,
frame_ms,0.2688,
frame_ms,0.2487,
frame_ms,0.2512,
frame_ms,0.2316,
frame_ms,0.2395,
frame_ms,0.304,
frame_ms,0.9003,
frame_ms,0.3777,
frame_ms,0.3721,
frame_ms,0.4752,
frame_ms,0.2711,
frame_ms,0.2449,
frame_ms,0.2302,
frame_ms,0.2217,
tick_us,158.2,6
frame_ms,0.5407,
frame_ms,0.246,
frame_ms,0.2202,
frame_ms,0.2489,
frame_ms,0.2159,
frame_ms,0.2374,
frame_ms,0.2328,
frame_ms,0.3069,
frame_ms,0.2486,
frame_ms,0.4001,
frame_ms,0.4212,
frame_ms,0.4026,
frame_ms,0.3578,
frame_ms,0.3487,
frame_ms,0.5753,
frame_ms,0.3814,
frame_ms,0.3945,
frame_ms,0.5078,
frame_ms,0.3087,
frame_ms,0.2645,
frame_ms,0.2321,
tick_us,137.5,6
frame_ms,0.6343,
frame_ms,0.3298,
frame_ms,0.3847,
frame_ms,0.3779,
frame_ms,0.2821,
frame_ms,0.2379,
frame_ms,0.2472,
frame_ms,0.314,
frame_ms,0.2436,
frame_ms,0.2234,
frame_ms,0.2467,
frame_ms,0.2333,
frame_ms,0.222,
frame_ms,0.2229,
frame_ms,0.8414,
frame_ms,0.3306,
frame_ms,0.2933,
frame_ms,0.3204,
frame_ms,0.2722,
frame_ms,0.2296,
frame_ms,0.2256,
tick_us,177,8
frame_ms,0.8283,
frame_ms,0.4015,
frame_ms,0.3922,
frame_ms,0.7467,
frame_ms,0.5071,
frame_ms,0.3088,
frame_ms,0.2484,
frame_ms,0.2283,
frame_ms,0.2221,
frame_ms,0.2493,
frame_ms,0.2217,
frame_ms,0.2462,
frame_ms,0.2227,
frame_ms,0.2895,
frame_ms,0.2526,
frame_ms,0.2184,
frame_ms,0.2739,
frame_ms,0.2624,
frame_ms,0.4591,
frame_ms,0.3654,
frame_ms,0.2708,
tick_us,151.4,8
frame_ms,0.5329,
frame_ms,0.369,
frame_ms,0.2489,
frame_ms,0.3706,
frame_ms,0.2666,
frame_ms,0.2276,
frame_ms,0.2594,
frame_ms,0.2278,
frame_ms,0.2234,
frame_ms,0.2132,
frame_ms,0.2891,
frame_ms,0.2648,
frame_ms,0.2446,
frame_ms,0.2661,
frame_ms,0.2252,
frame_ms,0.2236,
frame_ms,0.2505,
frame_ms,0.2346,
frame_ms,0.231,
frame_ms,0.2591,
frame_ms,0.2316,
frame_ms,0.2218,
frame_ms,0.2649,
frame_ms,0.2332,
frame_ms,0.3268,
tick_us,147.5,8
frame_ms,0.742,
frame_ms,0.2777,
frame_ms,0.2223,
frame_ms,0.2261,
frame_ms,0.2447,
frame_ms,0.2802,
frame_ms,0.2263,
frame_ms,0.2197,
frame_ms,0.2143,
frame_ms,0.2374,
frame_ms,0.239,
frame_ms,0.4427,
frame_ms,0.3367,
frame_ms,0.2439,
frame_ms,0.2875,
frame_ms,0.2699,
frame_ms,0.2502,
frame_ms,0.2347,
frame_ms,0.2336,
frame_ms,0.2427,
frame_ms,0.2751,
frame_ms,0.224,
frame_ms,0.2118,
frame_ms,0.2537,
frame_ms,0.2695,
frame_ms,0.2378,
tick_us,198.4,8
frame_ms,0.878,
frame_ms,0.3225,
frame_ms,0.2821,
frame_ms,0.2602,
frame_ms,0.2287,
frame_ms,0.2271,
frame_ms,0.3197,
frame_ms,0.2374,
frame_ms,0.2192,
frame_ms,0.2128,
frame_ms,0.2306,
frame_ms,0.216,
frame_ms,0.2135,
frame_ms,0.2211,
frame_ms,0.2366,
frame_ms,0.2261,
frame_ms,0.2797,
frame_ms,0.3065,
frame_ms,0.3077,
frame_ms,0.2403,
frame_ms,0.2485,
frame_ms,0.2325,
frame_ms,0.2187,
frame_ms,0.214,
frame_ms,0.2094,
tick_us,137,6
frame_ms,0.6682,
frame_ms,0.3551,
frame_ms,0.2557,
frame_ms,0.3019,
frame_ms,0.2583,
frame_ms,0.2373,
frame_ms,0.823,
frame_ms,0.2643,
frame_ms,0.2169,
frame_ms,0.2167,
frame_ms,0.2112,
frame_ms,0.2045,
frame_ms,0.2739,
frame_ms,0.2305,
frame_ms,0.21,
frame_ms,0.2473,
frame_ms,0.2219,
frame_ms,0.2089,
frame_ms,0.4065,
frame_ms,0.242,
frame_ms,0.2317,
frame_ms,0.2593,
frame_ms,0.2262,
frame_ms,0.2773,
tick_us,161.4,6
frame_ms,0.547,
frame_ms,0.2514,
frame_ms,0.2924,
frame_ms,0.3714,
frame_ms,0.242,
frame_ms,0.2077,
frame_ms,0.2114,
frame_ms,0.205,
frame_ms,0.204,
frame_ms,0.2792,
frame_ms,0.2271,
frame_ms,0.2081,
frame_ms,0.2449,
frame_ms,0.2629,
frame_ms,0.2252,
frame_ms,0.2146,
frame_ms,0.2375,
frame_ms,0.2162,
frame_ms,0.2049,
frame_ms,0.2433,
frame_ms,0.2193,
frame_ms,0.204,
frame_ms,0.2561,
frame_ms,0.2377,
frame_ms,0.208,
frame_ms,0.224,
frame_ms,0.2105,
frame_ms,0.2014,
tick_us,130.3,6
frame_ms,0.5442,
frame_ms,0.2698,
frame_ms,0.2225,
frame_ms,0.2136,
frame_ms,0.2227,
frame_ms,0.212,
frame_ms,0.2076,
frame_ms,0.2476,
frame_ms,0.2579,
frame_ms,0.2245,
frame_ms,0.2156,
frame_ms,0.2396,
frame_ms,0.2251,
frame_ms,0.2105,
frame_ms,0.22,
frame_ms,0.2061,
frame_ms,0.2033,
frame_ms,0.2634,
frame_ms,0.3139,
frame_ms,0.2477,
frame_ms,0.2415,
frame_ms,0.2709,
frame_ms,0.2377,
frame_ms,0.216,
frame_ms,0.2093,
frame_ms,0.2035,
frame_ms,0.6831,
tick_us,144,6
frame_ms,0.6985,
frame_ms,0.2512,
frame_ms,0.3322,
frame_ms,0.3546,
frame_ms,0.2546,
frame_ms,0.2202,
frame_ms,0.2277,
frame_ms,0.2287,
frame_ms,0.2175,
frame_ms,0.2121,
frame_ms,0.2911,
frame_ms,0.2408,
frame_ms,0.2152,
frame_ms,0.2471,
frame_ms,0.2353,
frame_ms,0.3068,
frame_ms,0.2805,
frame_ms,0.2341,
frame_ms,0.2198,
frame_ms,0.2244,
frame_ms,0.3205,
frame_ms,0.3254,
frame_ms,0.2603,
frame_ms,0.2426,
frame_ms,0.2469,
tick_us,152.5,6
frame_ms,0.5906,
frame_ms,0.5186,
frame_ms,0.3808,
frame_ms,0.37,
frame_ms,0.3206,
frame_ms,0.2227,
frame_ms,0.2294,
frame_ms,0.3699,
frame_ms,0.2648,
frame_ms,0.2212,
frame_ms,0.229,
frame_ms,0.2205,
frame_ms,0.2094,
frame_ms,0.2418,
frame_ms,0.2336,
frame_ms,0.2455,
frame_ms,0.2289,
frame_ms,0.2778,
frame_ms,0.2366,
frame_ms,0.2372,
frame_ms,0.2672,
frame_ms,0.5397,
frame_ms,0.2823,
tick_us,153.4,6
frame_ms,0.5635,
frame_ms,0.2593,
frame_ms,0.2496,
frame_ms,0.2406,
frame_ms,0.2818,
frame_ms,0.2789,
frame_ms,0.2275,
frame_ms,0.4772,
frame_ms,0.3106,
frame_ms,0.2547,
frame_ms,0.2198,
frame_ms,0.2531,
frame_ms,0.4162,
frame_ms,0.405,
frame_ms,0.3708,
frame_ms,0.3766,
frame_ms,0.3716,
frame_ms,0.3513,
frame_ms,0.4607,
frame_ms,0.3472,
frame_ms,0.3372,
tick_us,143.3,4
frame_ms,0.6062,
frame_ms,0.2328,
frame_ms,0.2139,
frame_ms,0.2152,
frame_ms,0.2127,
frame_ms,0.244,
frame_ms,0.272,
frame_ms,0.237,
frame_ms,0.4485,
frame_ms,0.251,
frame_ms,0.3158,
frame_ms,0.2894,
frame_ms,0.2459,
frame_ms,0.2474,
frame_ms,0.2424,
frame_ms,0.2433,
frame_ms,0.2591,
frame_ms,0.2426,
frame_ms,0.2449,
frame_ms,0.2591,
frame_ms,0.2634,
frame_ms,0.2477,
frame_ms,0.2502,
frame_ms,0.2485,
frame_ms,0.2876,
tick_us,142.7,4
frame_ms,0.677,
frame_ms,0.2455,
frame_ms,0.2399,
frame_ms,0.2181,
frame_ms,0.2189,
frame_ms,0.2376,
frame_ms,0.2324,
frame_ms,0.3303,
frame_ms,0.2798,
frame_ms,0.2604,
frame_ms,0.3049,
frame_ms,0.2625,
frame_ms,0.2442,
frame_ms,0.5021,
frame_ms,0.3195,
frame_ms,0.304,
frame_ms,0.2437,
frame_ms,0.2275,
frame_ms,0.232,
frame_ms,0.2275,
frame_ms,0.3977,
frame_ms,0.3935,
frame_ms,0.3603,
tick_us,189.2,4
frame_ms,0.7607,
frame_ms,0.3665,
frame_ms,0.2899,
frame_ms,0.2305,
frame_ms,0.3312,
frame_ms,0.2852,
frame_ms,0.3036,
frame_ms,0.2467,
frame_ms,0.233,
frame_ms,0.237,
frame_ms,0.2324,
frame_ms,0.2271,
frame_ms,0.2375,
frame_ms,0.246,
frame_ms,0.236,
frame_ms,0.2774,
frame_ms,0.244,
frame_ms,0.2351,
frame_ms,0.2915,
frame_ms,0.2398,
frame_ms,0.2272,
frame_ms,0.2527,
frame_ms,0.2302,
frame_ms,0.2174,
frame_ms,0.2207,
tick_us,180.5,4
frame_ms,1.5839,
frame_ms,0.2721,
frame_ms,0.255,
frame_ms,0.603,
frame_ms,0.3169,
frame_ms,0.2575,
frame_ms,0.2622,
frame_ms,0.236,
frame_ms,0.2478,
frame_ms,0.2407,
frame_ms,0.2327,
frame_ms,0.2145,
frame_ms,0.2507,
frame_ms,0.2594,
frame_ms,0.229,
frame_ms,0.2182,
frame_ms,0.2569,
frame_ms,0.3627,
frame_ms,0.2541,
frame_ms,0.2361,
frame_ms,0.2202,
tick_us,152.2,4
frame_ms,0.5348,
frame_ms,0.234,
frame_ms,1.1178,
frame_ms,0.498,
frame_ms,0.4667,
frame_ms,0.361,
frame_ms,0.3735,
frame_ms,0.5183,
frame_ms,0.3674,
frame_ms,0.5705,
frame_ms,0.355,
frame_ms,0.3526,
frame_ms,0.3235,
frame_ms,0.2663,
frame_ms,0.2609,
frame_ms,0.2445,
tick_us,152.4,4
frame_ms,0.9823,
frame_ms,0.5661,
frame_ms,0.352,
frame_ms,0.3985,
frame_ms,0.3699,
frame_ms,0.3845,
frame_ms,0.4067,
frame_ms,0.2774,
frame_ms,0.2388,
frame_ms,0.2239,
frame_ms,0.2712,
frame_ms,0.2256,
frame_ms,0.2228,
frame_ms,0.2463,
frame_ms,0.2875,
frame_ms,0.2399,
frame_ms,0.2316,
frame_ms,0.2381,
frame_ms,0.2278,
frame_ms,0.2181,
frame_ms,0.228,
frame_ms,0.2684,
tick_us,157,4
frame_ms,0.7302,
frame_ms,0.3963,
frame_ms,0.5016,
frame_ms,0.3801,
frame_ms,0.2385,
frame_ms,0.2156,
frame_ms,0.2293,
frame_ms,0.2708,
frame_ms,0.2339,
frame_ms,0.2253,
frame_ms,0.2164,
frame_ms,0.2164,
frame_ms,0.2211,
frame_ms,0.2821,
frame_ms,0.2307,
frame_ms,0.2166,
frame_ms,0.2211,
frame_ms,0.2743,
frame_ms,0.2315,
frame_ms,0.2136,
frame_ms,0.2538,
frame_ms,0.2326,
frame_ms,0.2274,
frame_ms,0.2764,
frame_ms,0.2311,
tick_us,148.1,4
frame_ms,0.5333,
frame_ms,0.2332,
frame_ms,0.2063,
frame_ms,0.2121,
frame_ms,0.2092,
frame_ms,0.2279,
frame_ms,0.2072,
frame_ms,0.2296,
frame_ms,0.2128,
frame_ms,0.2101,
frame_ms,0.2899,
frame_ms,0.2252,
frame_ms,0.2077,
frame_ms,0.2436,
frame_ms,0.2179,
frame_ms,0.3943,
frame_ms,0.4491,
frame_ms,0.359,
frame_ms,0.3362,
frame_ms,0.343,
frame_ms,0.331,
frame_ms,0.331,
frame_ms,0.3809,
frame_ms,0.3727,
tick_us,183.3,2
frame_ms,0.6867,
frame_ms,0.3716,
frame_ms,0.333,
frame_ms,0.4755,
frame_ms,0.2424,
frame_ms,0.2154,
frame_ms,0.2261,
frame_ms,0.2228,
frame_ms,0.221,
frame_ms,0.2265,
frame_ms,0.2768,
frame_ms,0.3308,
frame_ms,0.2486,
frame_ms,0.2348,
frame_ms,0.2327,
frame_ms,0.2629,
frame_ms,0.3043,
frame_ms,0.2863,
frame_ms,0.2478,
frame_ms,0.2228,
frame_ms,0.2274,
frame_ms,0.2213,
frame_ms,0.2161,
frame_ms,0.2603,
tick_us,155.1,2
frame_ms,0.5577,
frame_ms,0.2479,
frame_ms,0.2155,
frame_ms,0.226,
frame_ms,0.2225,
frame_ms,0.2212,
frame_ms,0.2301,
frame_ms,0.241,
frame_ms,0.283,
frame_ms,0.3573,
frame_ms,0.3284,
frame_ms,0.2481,
frame_ms,0.2235,
frame_ms,0.2425,
frame_ms,0.3229,
frame_ms,0.2549,
frame_ms,0.2397,
frame_ms,0.2335,
frame_ms,0.236,
frame_ms,0.2384,
frame_ms,0.2722,
frame_ms,0.2768,
frame_ms,0.2393,
frame_ms,0.3013,
frame_ms,0.2722,
frame_ms,0.2491,
tick_us,155.9,2
frame_ms,0.5925,
frame_ms,0.3142,
frame_ms,0.2616,
frame_ms,0.2257,
frame_ms,0.2193,
frame_ms,0.2191,
frame_ms,0.2144,
frame_ms,0.2211,
frame_ms,0.2771,
frame_ms,0.2793,
frame_ms,0.2394,
frame_ms,0.227,
frame_ms,0.2324,
frame_ms,0.2355,
frame_ms,0.2706,
frame_ms,0.2471,
frame_ms,0.2293,
frame_ms,0.5062,
frame_ms,0.2741,
frame_ms,0.2305,
frame_ms,0.2179,
frame_ms,0.2164,
frame_ms,0.2101,
frame_ms,0.2613,
frame_ms,0.2341,
frame_ms,0.2101,
tick_us,155,2
frame_ms,0.5964,
frame_ms,0.2483,
frame_ms,0.2245,
frame_ms,0.2193,
frame_ms,0.2138,
frame_ms,0.2115,
frame_ms,0.27,
frame_ms,0.2757,
frame_ms,0.2366,
frame_ms,1.1627,
frame_ms,0.2896,
frame_ms,0.2234,
frame_ms,0.2226,
frame_ms,0.2359,
frame_ms,0.229,
frame_ms,0.4024,
frame_ms,0.2785,
frame_ms,0.2461,
frame_ms,0.2176,
frame_ms,0.2123,
frame_ms,0.2136,
frame_ms,0.2364,
frame_ms,0.2318,
frame_ms,0.214,
tick_us,155.2,2
frame_ms,0.5934,
frame_ms,0.2482,
frame_ms,0.2111,
frame_ms,0.2159,
frame_ms,0.3305,
frame_ms,0.3931,
frame_ms,0.4319,
frame_ms,0.3785,
frame_ms,0.3353,
frame_ms,0.3461,
frame_ms,0.338,
frame_ms,0.3321,
frame_ms,0.342,
frame_ms,0.3343,
frame_ms,0.3226,
frame_ms,0.2554,
frame_ms,0.3661,
frame_ms,0.2579,
frame_ms,0.2253,
frame_ms,0.2319,
frame_ms,0.2199,
frame_ms,0.212,
tick_us,154.5,2
frame_ms,0.5474,
frame_ms,0.238,
frame_ms,0.2087,
frame_ms,0.2135,
frame_ms,0.2061,
frame_ms,0.2142,
frame_ms,0.2947,
frame_ms,0.2756,
frame_ms,0.234,
frame_ms,0.2252,
frame_ms,0.2271,
frame_ms,1.1899,
frame_ms,0.2332,
frame_ms,0.2153,
frame_ms,0.4691,
frame_ms,0.4036,
frame_ms,0.3325,
frame_ms,0.2465,
frame_ms,0.2166,
frame_ms,0.2224,
frame_ms,0.2144,
frame_ms,0.2449,
tick_us,150.1,2
frame_ms,0.5458,
frame_ms,0.2368,
frame_ms,0.2833,
frame_ms,0.2177,
frame_ms,0.2226,
frame_ms,0.2243,
frame_ms,0.2211,
frame_ms,0.2573,
frame_ms,0.2244,
frame_ms,0.2169,
frame_ms,0.2337,
frame_ms,0.2459,
frame_ms,0.2357,
frame_ms,0.2202,
frame_ms,0.2101,
frame_ms,0.2687,
frame_ms,0.2355,
frame_ms,0.2226,
frame_ms,0.2433,
frame_ms,0.2556,
frame_ms,0.2298,
frame_ms,0.2228,
frame_ms,0.2614,
frame_ms,0.2783,
frame_ms,0.234,
frame_ms,0.2288,
frame_ms,0.2187,
frame_ms,0.2168,
tick_us,149,2
frame_ms,0.5907,
frame_ms,0.4073,
frame_ms,0.3871,
frame_ms,0.438,
frame_ms,0.4036,
frame_ms,0.4167,
frame_ms,0.3182,
frame_ms,0.2505,
frame_ms,0.2167,
frame_ms,0.2181,
frame_ms,0.2126,
frame_ms,0.2069,
frame_ms,0.2671,
frame_ms,0.2288,
frame_ms,0.21,
frame_ms,0.2192,
frame_ms,0.2425,
frame_ms,0.2283,
frame_ms,0.2415,
frame_ms,0.2129,
frame_ms,0.2645,
frame_ms,0.2801,
frame_ms,0.235,
frame_ms,0.2221,
frame_ms,0.2132,
tick_us,141.8,4
frame_ms,0.5473,
frame_ms,0.2596,
frame_ms,0.2161,
frame_ms,0.2184,
frame_ms,0.2188,
frame_ms,0.2324,
frame_ms,0.2144,
frame_ms,0.2445,
frame_ms,0.2918,
frame_ms,0.2271,
frame_ms,0.217,
frame_ms,0.2236,
frame_ms,0.2236,
frame_ms,0.225,
frame_ms,0.2355,
frame_ms,0.2233,
frame_ms,0.2558,
frame_ms,0.2783,
frame_ms,0.2349,
frame_ms,0.2253,
frame_ms,0.2167,
frame_ms,0.2148,
frame_ms,0.2765,
frame_ms,0.2363,
frame_ms,0.2483,
frame_ms,0.472,
frame_ms,0.227,
tick_us,145.1,4
frame_ms,0.5241,
frame_ms,0.2402,
frame_ms,0.2134,
frame_ms,0.2162,
frame_ms,0.2056,
frame_ms,0.2192,
frame_ms,0.2458,
frame_ms,0.4233,
frame_ms,0.2969,
frame_ms,0.3614,
frame_ms,0.2645,
frame_ms,0.214,
frame_ms,0.2123,
frame_ms,0.2086,
frame_ms,0.2084,
frame_ms,0.4152,
frame_ms,0.36,
frame_ms,0.3414,
frame_ms,0.3296,
frame_ms,0.2369,
frame_ms,0.2095,
frame_ms,0.2175,
frame_ms,0.2087,
frame_ms,0.2142,
frame_ms,0.2463,
tick_us,144.6,4
frame_ms,0.5335,
frame_ms,0.2254,
frame_ms,0.204,
frame_ms,0.206,
frame_ms,0.2021,
frame_ms,0.2375,
frame_ms,0.2156,
frame_ms,0.2095,
frame_ms,0.254,
frame_ms,0.2185,
frame_ms,0.2136,
frame_ms,0.2381,
frame_ms,0.2191,
frame_ms,0.221,
frame_ms,0.2497,
frame_ms,0.2055,
frame_ms,0.207,
frame_ms,0.2375,
frame_ms,0.2122,
frame_ms,0.2011,
frame_ms,0.3043,
frame_ms,0.2816,
frame_ms,0.2316,
frame_ms,0.2452,
frame_ms,0.2223,
frame_ms,0.2332,
frame_ms,0.2441,
frame_ms,0.2492,
frame_ms,0.2174,
tick_us,142.2,4
frame_ms,0.4978,
frame_ms,0.2245,
frame_ms,0.2034,
frame_ms,0.2068,
frame_ms,0.217,
frame_ms,0.2499,
frame_ms,0.2241,
frame_ms,0.2081,
frame_ms,0.3995,
frame_ms,0.237,
frame_ms,0.218,
frame_ms,0.4998,
frame_ms,0.3664,
frame_ms,0.6153,
frame_ms,0.54,
frame_ms,0.3662,
frame_ms,0.3398,
frame_ms,0.3399,
frame_ms,0.3457,
frame_ms,0.2983,
frame_ms,0.2447,
frame_ms,0.2226,
tick_us,138.8,2
frame_ms,0.5183,
frame_ms,0.2291,
frame_ms,0.2104,
frame_ms,0.2224,
frame_ms,0.2179,
frame_ms,0.2123,
frame_ms,0.2068,
frame_ms,0.2409,
frame_ms,0.2206,
frame_ms,0.2155,
frame_ms,0.2446,
frame_ms,0.2217,
frame_ms,0.2098,
frame_ms,0.248,
frame_ms,0.2221,
frame_ms,0.2087,
frame_ms,0.2421,
frame_ms,0.4018,
frame_ms,0.3198,
frame_ms,0.2471,
frame_ms,0.2176,
frame_ms,0.2258,
frame_ms,0.2956,
frame_ms,0.2234,
frame_ms,0.2154,
frame_ms,0.2214,
frame_ms,0.2503,
frame_ms,0.2655,
tick_us,128.6,2
frame_ms,0.5042,
frame_ms,0.2241,
frame_ms,0.2054,
frame_ms,0.214,
frame_ms,0.2697,
frame_ms,0.2591,
frame_ms,0.2221,
frame_ms,0.2427,
frame_ms,0.2538,
frame_ms,0.218,
frame_ms,0.2076,
frame_ms,0.2626,
frame_ms,0.2205,
frame_ms,0.2083,
frame_ms,0.2235,
frame_ms,0.2115,
frame_ms,0.2023,
frame_ms,0.2679,
frame_ms,0.2229,
frame_ms,0.2034,
frame_ms,0.2591,
frame_ms,0.2228,
frame_ms,0.2384,
frame_ms,0.3136,
frame_ms,0.2482,
frame_ms,0.2128,
frame_ms,0.2139,
frame_ms,0.2079,
tick_us,146.5,2
frame_ms,0.5537,
frame_ms,0.2316,
frame_ms,0.2035,
frame_ms,0.2103,
frame_ms,0.2072,
frame_ms,0.2468,
frame_ms,0.222,
frame_ms,0.2096,
frame_ms,0.2563,
frame_ms,0.2542,
frame_ms,0.2189,
frame_ms,0.2155,
frame_ms,0.2633,
frame_ms,0.259,
frame_ms,0.2209,
frame_ms,0.2105,
frame_ms,0.2314,
frame_ms,0.2125,
frame_ms,0.2012,
frame_ms,0.253,
frame_ms,0.2241,
frame_ms,0.214,
frame_ms,0.2194,
frame_ms,0.214,
frame_ms,0.1999,
frame_ms,0.2482,
frame_ms,0.2241,
frame_ms,0.2107,
frame_ms,0.2439,
frame_ms,0.2407,
tick_us,151.9,2
frame_ms,0.5443,
frame_ms,0.2416,
frame_ms,0.248,
frame_ms,0.2183,
frame_ms,0.2178,
frame_ms,0.209,
frame_ms,0.2628,
frame_ms,0.2285,
frame_ms,0.2092,
frame_ms,0.2195,
frame_ms,0.2429,
frame_ms,0.2187,
frame_ms,0.2083,
frame_ms,0.2289,
frame_ms,0.2103,
frame_ms,0.2002,
frame_ms,0.27,
frame_ms,0.2189,
frame_ms,0.2152,
frame_ms,0.24,
frame_ms,0.2288,
frame_ms,0.2072,
frame_ms,0.2478,
frame_ms,0.2255,
frame_ms,0.2108,
frame_ms,0.5084,
frame_ms,0.2284,
tick_us,144.8,2
frame_ms,0.7311,
frame_ms,0.2997,
frame_ms,0.235,
frame_ms,0.2143,
frame_ms,0.2337,
frame_ms,0.2175,
frame_ms,0.2098,
frame_ms,0.2806,
frame_ms,0.2715,
frame_ms,0.2288,
frame_ms,0.2656,
frame_ms,0.2243,
frame_ms,0.2062,
frame_ms,0.237,
frame_ms,0.2196,
frame_ms,0.236,
frame_ms,0.2187,
frame_ms,0.21,
frame_ms,0.2581,
frame_ms,0.2261,
frame_ms,0.2116,
frame_ms,0.2403,
frame_ms,0.2241,
frame_ms,0.2076,
frame_ms,0.2596,
frame_ms,0.2234,
frame_ms,0.2129,
frame_ms,0.2417,
tick_us,144,2
frame_ms,0.5286,
frame_ms,0.2249,
frame_ms,0.202,
frame_ms,0.2076,
frame_ms,0.2199,
frame_ms,0.2555,
frame_ms,0.2249,
frame_ms,0.2079,
frame_ms,0.245,
frame_ms,0.2698,
frame_ms,0.2322,
frame_ms,0.2153,
frame_ms,0.2137,
frame_ms,0.2405,
frame_ms,0.2516,
frame_ms,0.2167,
frame_ms,0.2073,
frame_ms,0.2716,
frame_ms,0.2289,
frame_ms,0.2061,
frame_ms,0.2728,
frame_ms,0.2238,
frame_ms,0.2062,
frame_ms,0.2453,
frame_ms,0.3334,
frame_ms,0.3908,
frame_ms,0.3526,
tick_us,174.5,2
frame_ms,0.7077,
frame_ms,0.2928,
frame_ms,0.2228,
frame_ms,0.2126,
frame_ms,0.2068,
frame_ms,0.2073,
frame_ms,0.3949,
frame_ms,0.3151,
frame_ms,0.3814,
frame_ms,0.3533,
frame_ms,0.3396,
frame_ms,0.3157,
frame_ms,0.3735,
frame_ms,0.311,
frame_ms,0.277,
frame_ms,0.2884,
frame_ms,0.2153,
frame_ms,0.2292,
frame_ms,0.2212,
frame_ms,0.3143,
frame_ms,0.3331,
frame_ms,0.4116,
tick_us,149.1,2
frame_ms,0.7434,
frame_ms,0.2602,
frame_ms,0.2159,
frame_ms,0.2232,
frame_ms,0.2232,
frame_ms,0.2278,
frame_ms,0.2947,
frame_ms,0.3401,
frame_ms,0.3341,
frame_ms,0.3874,
frame_ms,0.3195,
frame_ms,0.2593,
frame_ms,0.2555,
frame_ms,0.2419,
frame_ms,0.2799,
frame_ms,0.2441,
frame_ms,0.2193,
frame_ms,0.2131,
frame_ms,0.2805,
frame_ms,0.3278,
frame_ms,0.3009,
frame_ms,0.2822,
frame_ms,0.2351,
frame_ms,0.2287,
frame_ms,0.2281,
tick_us,163.5,2
frame_ms,0.5645,
frame_ms,0.2582,
frame_ms,0.2138,
frame_ms,0.2779,
frame_ms,0.2684,
frame_ms,0.3377,
frame_ms,0.455,
frame_ms,0.3876,
frame_ms,0.2514,
frame_ms,0.7029,
frame_ms,0.3017,
frame_ms,0.2243,
frame_ms,0.2145,
frame_ms,0.209,
frame_ms,0.2085,
frame_ms,0.2513,
frame_ms,0.2499,
frame_ms,0.2084,
frame_ms,0.2256,
frame_ms,0.2193,
frame_ms,0.2572,
frame_ms,0.2257,
frame_ms,0.2121,
tick_us,148.9,2
frame_ms,0.5671,
frame_ms,0.2287,
frame_ms,0.2049,
frame_ms,0.208,
frame_ms,0.215,
frame_ms,0.205,
frame_ms,0.2418,
frame_ms,0.4319,
frame_ms,0.3586,
frame_ms,0.2658,
frame_ms,0.212,
frame_ms,0.2108,
frame_ms,0.2529,
frame_ms,0.2137,
frame_ms,0.2046,
frame_ms,0.2589,
frame_ms,0.2427,
frame_ms,0.2117,
frame_ms,0.2302,
frame_ms,0.2129,
frame_ms,0.2166,
frame_ms,0.2002,
frame_ms,0.2883,
frame_ms,0.2457,
frame_ms,0.2112,
frame_ms,0.2467,
frame_ms,0.2175,
frame_ms,0.208,
tick_us,156,2
frame_ms,0.7132,
frame_ms,0.3487,
frame_ms,0.2588,
frame_ms,0.2174,
frame_ms,0.2384,
frame_ms,0.2248,
frame_ms,0.2185,
frame_ms,0.2133,
frame_ms,0.2477,
frame_ms,0.2541,
frame_ms,0.2163,
frame_ms,0.226,
frame_ms,0.2298,
frame_ms,0.2106,
frame_ms,0.2207,
frame_ms,0.2783,
frame_ms,0.3053,
frame_ms,0.2514,
frame_ms,0.2382,
frame_ms,0.3412,
frame_ms,0.2811,
frame_ms,0.2394,
frame_ms,0.2253,
frame_ms,0.215,
frame_ms,0.2241,
frame_ms,0.3115,
tick_us,144.1,2
frame_ms,0.5607,
frame_ms,0.2571,
frame_ms,0.2327,
frame_ms,0.2339,
frame_ms,0.3196,
frame_ms,0.2492,
frame_ms,0.2398,
frame_ms,0.3242,
frame_ms,0.3038,
frame_ms,0.272,
frame_ms,0.2256,
frame_ms,0.2258,
frame_ms,0.2216,
frame_ms,0.2164,
frame_ms,0.2125,
frame_ms,0.2596,
frame_ms,0.2725,
frame_ms,0.242,
frame_ms,0.2468,
frame_ms,0.2648,
frame_ms,0.2545,
frame_ms,0.2294,
frame_ms,0.2218,
frame_ms,0.2111,
frame_ms,0.4347,
tick_us,182.9,2
frame_ms,0.731,
frame_ms,0.3906,
frame_ms,0.2585,
frame_ms,0.2208,
frame_ms,0.3743,
frame_ms,0.3604,
frame_ms,0.4564,
frame_ms,0.2709,
frame_ms,0.442,
frame_ms,0.3524,
frame_ms,0.359,
frame_ms,0.388,
frame_ms,0.364,
frame_ms,0.3686,
frame_ms,0.3439,
frame_ms,0.2619,
frame_ms,0.2436,
frame_ms,0.2352,
frame_ms,0.3065,
frame_ms,0.4333,
tick_us,154.6,2
frame_ms,0.6143,
frame_ms,0.2508,
frame_ms,0.2287,
frame_ms,0.2967,
frame_ms,0.5023,
frame_ms,0.3823,
frame_ms,0.3697,
frame_ms,0.3186,
frame_ms,0.2355,
frame_ms,0.2168,
frame_ms,0.3125,
frame_ms,0.2356,
frame_ms,0.2264,
frame_ms,0.2206,
frame_ms,0.2137,
frame_ms,0.2449,
frame_ms,0.2295,
frame_ms,0.2265,
frame_ms,0.237,
frame_ms,0.263,
frame_ms,0.2309,
frame_ms,0.294,
frame_ms,0.2463,
frame_ms,0.2379,
frame_ms,0.2157,
tick_us,144.2,2
frame_ms,0.549,
frame_ms,0.2511,
frame_ms,0.2177,
frame_ms,0.2154,
frame_ms,0.2109,
frame_ms,0.2055,
frame_ms,0.247,
frame_ms,0.2213,
frame_ms,0.2102,
frame_ms,0.2618,
frame_ms,0.276,
frame_ms,0.2379,
frame_ms,0.2211,
frame_ms,0.2095,
frame_ms,0.2087,
frame_ms,0.2523,
frame_ms,0.255,
frame_ms,0.2833,
frame_ms,0.2569,
frame_ms,0.234,
frame_ms,0.2261,
frame_ms,0.2247,
frame_ms,0.2167,
frame_ms,0.2168,
frame_ms,0.2648,
frame_ms,0.2578,
frame_ms,0.2198,
frame_ms,0.2089,
tick_us,137.6,2
frame_ms,0.535,
frame_ms,0.2424,
frame_ms,0.2131,
frame_ms,0.2071,
frame_ms,0.2031,
frame_ms,0.3033,
frame_ms,0.2719,
frame_ms,0.4938,
frame_ms,0.2513,
frame_ms,0.2698,
frame_ms,0.2224,
frame_ms,0.2156,
frame_ms,0.2054,
frame_ms,0.2046,
frame_ms,0.2432,
frame_ms,0.4044,
frame_ms,0.5931,
frame_ms,0.3191,
frame_ms,0.3616,
frame_ms,0.3387,
frame_ms,0.3283,
frame_ms,0.3238,
tick_us,126.4,2
frame_ms,0.6105,
frame_ms,0.2383,
frame_ms,0.2096,
frame_ms,0.2204,
frame_ms,0.2146,
frame_ms,0.2192,
frame_ms,0.2189,
frame_ms,0.267,
frame_ms,0.2231,
frame_ms,0.2061,
frame_ms,0.4295,
frame_ms,0.3571,
frame_ms,0.3532,
frame_ms,0.3311,
frame_ms,0.2371,
frame_ms,0.2126,
frame_ms,0.2156,
frame_ms,0.211,
frame_ms,0.2127,
frame_ms,0.2786,
frame_ms,0.2612,
frame_ms,0.2253,
frame_ms,0.212,
frame_ms,0.2091,
frame_ms,0.2691,
frame_ms,0.3448,
frame_ms,0.2747,
tick_us,149,2
frame_ms,0.5564,
frame_ms,0.2514,
frame_ms,0.2384,
frame_ms,0.2421,
frame_ms,0.2327,
frame_ms,0.2322,
frame_ms,0.2212,
frame_ms,0.2205,
frame_ms,0.2621,
frame_ms,0.2528,
frame_ms,0.2274,
frame_ms,0.2126,
frame_ms,0.2656,
frame_ms,0.2938,
frame_ms,0.4407,
frame_ms,0.2731,
frame_ms,0.2745,
frame_ms,0.2221,
frame_ms,0.2108,
frame_ms,0.2066,
frame_ms,0.2109,
frame_ms,0.2409,
frame_ms,0.2205,
frame_ms,0.2119,
frame_ms,0.2466,
frame_ms,0.2223,
frame_ms,0.2101,
tick_us,140.7,2
frame_ms,0.5694,
frame_ms,0.277,
frame_ms,0.2105,
frame_ms,0.2111,
frame_ms,0.2058,
frame_ms,0.2066,
frame_ms,0.2473,
frame_ms,0.2227,
frame_ms,0.2085,
frame_ms,0.2546,
frame_ms,0.2222,
frame_ms,0.2082,
frame_ms,0.2039,
frame_ms,0.2646,
frame_ms,0.225,
frame_ms,0.2039,
frame_ms,0.2367,
frame_ms,0.2052,
frame_ms,0.2088,
frame_ms,0.3184,
frame_ms,0.2621,
frame_ms,0.2446,
frame_ms,0.2359,
frame_ms,0.2362,
frame_ms,0.2324,
frame_ms,0.25,
frame_ms,0.2708,
frame_ms,0.2304,
tick_us,143.1,2
frame_ms,0.5139,
frame_ms,0.2274,
frame_ms,0.2081,
frame_ms,0.2124,
frame_ms,0.2216,
frame_ms,0.2119,
frame_ms,0.2601,
frame_ms,0.2818,
frame_ms,0.2358,
frame_ms,0.2349,
frame_ms,0.2322,
frame_ms,0.234,
frame_ms,0.2303,
frame_ms,0.2676,
frame_ms,0.2565,
frame_ms,0.2556,
frame_ms,0.228,
frame_ms,0.2137,
frame_ms,0.2769,
frame_ms,0.2281,
frame_ms,0.2065,
frame_ms,0.2151,
frame_ms,0.2432,
frame_ms,0.3835,
frame_ms,0.4028,
frame_ms,0.3415,
tick_us,132.7,2
frame_ms,0.5556,
frame_ms,0.228,
frame_ms,0.2063,
frame_ms,0.2124,
frame_ms,0.205,
frame_ms,0.2131,
frame_ms,0.2354,
frame_ms,0.2204,
frame_ms,0.2023,
frame_ms,0.2566,
frame_ms,0.2179,
frame_ms,0.262,
frame_ms,0.2715,
frame_ms,0.2496,
frame_ms,0.2354,
frame_ms,0.2787,
frame_ms,0.3313,
frame_ms,0.2862,
frame_ms,0.2163,
frame_ms,0.2186,
frame_ms,0.2151,
frame_ms,0.2113,
frame_ms,0.2501,
frame_ms,0.2485,
frame_ms,0.2121,
frame_ms,0.2026,
frame_ms,0.247,
frame_ms,0.231,
frame_ms,0.2107,
tick_us,140.5,2
frame_ms,0.5778,
frame_ms,0.2396,
frame_ms,0.2052,
frame_ms,0.2085,
frame_ms,0.2007,
frame_ms,0.2429,
frame_ms,0.2202,
frame_ms,0.2032,
frame_ms,0.2586,
frame_ms,0.2192,
frame_ms,0.2046,
frame_ms,0.2257,
frame_ms,0.2438,
frame_ms,0.2139,
frame_ms,0.2021,
frame_ms,0.2122,
frame_ms,0.2843,
frame_ms,0.2312,
frame_ms,0.2095,
frame_ms,0.237,
frame_ms,0.2167,
frame_ms,0.2107,
frame_ms,0.2417,
frame_ms,0.2171,
frame_ms,0.2015,
frame_ms,0.4089,
frame_ms,0.3705,
tick_us,226.4,2
frame_ms,0.7293,
frame_ms,0.3563,
frame_ms,0.3488,
frame_ms,0.3875,
frame_ms,0.3399,
frame_ms,0.3379,
frame_ms,0.327,
frame_ms,0.4274,
frame_ms,0.3293,
frame_ms,0.3463,
frame_ms,0.2645,
frame_ms,0.218,
frame_ms,0.2166,
frame_ms,0.2715,
frame_ms,0.3687,
frame_ms,0.3284,
frame_ms,0.3702,
frame_ms,0.3297,
frame_ms,0.326,
frame_ms,0.3329,
tick_us,158.2,0
frame_ms,0.6382,
frame_ms,0.3292,
frame_ms,0.2654,
frame_ms,0.2178,
frame_ms,0.2096,
frame_ms,0.2058,
frame_ms,0.2334,
frame_ms,0.2642,
frame_ms,0.2224,
frame_ms,0.2091,
frame_ms,0.2311,
frame_ms,0.2223,
frame_ms,0.2305,
frame_ms,0.2027,
frame_ms,0.244,
frame_ms,0.2159,
frame_ms,0.2026,
frame_ms,0.2331,
frame_ms,0.223,
frame_ms,0.2099,
frame_ms,0.2555,
frame_ms,0.2169,
frame_ms,0.2031,
frame_ms,0.2599,
frame_ms,0.22,
frame_ms,0.2055,
frame_ms,0.2527,
frame_ms,0.2271,
frame_ms,0.2076,
tick_us,135.8,0
frame_ms,0.5065,
frame_ms,0.2319,
frame_ms,0.2052,
frame_ms,0.2033,
frame_ms,0.2141,
frame_ms,0.3754,
frame_ms,0.2594,
frame_ms,0.2079,
frame_ms,0.2099,
frame_ms,0.207,
frame_ms,0.2486,
frame_ms,0.2189,
frame_ms,0.2019,
frame_ms,0.2429,
frame_ms,0.2179,
frame_ms,0.2006,
frame_ms,0.2582,
frame_ms,0.2331,
frame_ms,0.2074,
frame_ms,0.2406,
frame_ms,0.2188,
frame_ms,0.2042,
frame_ms,0.2442,
frame_ms,0.2303,
frame_ms,0.2045,
frame_ms,0.2452,
frame_ms,0.2195,
frame_ms,0.1991,
frame_ms,0.2593,
tick_us,134.4,0
frame_ms,0.5051,
frame_ms,0.2204,
frame_ms,0.199,
frame_ms,0.206,
frame_ms,0.2307,
frame_ms,0.361,
frame_ms,0.3888,
frame_ms,0.3353,
frame_ms,0.2775,
frame_ms,0.215,
frame_ms,0.2067,
frame_ms,0.2034,
frame_ms,0.2023,
frame_ms,0.2446,
frame_ms,0.2205,
frame_ms,0.2093,
frame_ms,0.2467,
frame_ms,0.217,
frame_ms,0.2038,
frame_ms,0.3527,
frame_ms,0.324,
frame_ms,0.2257,
frame_ms,0.2151,
frame_ms,0.2158,
frame_ms,0.2118,
frame_ms,0.2494,
frame_ms,0.2511,
tick_us,137.3,0
frame_ms,0.5084,
frame_ms,0.2238,
frame_ms,0.2012,
frame_ms,0.2074,
frame_ms,0.2,
frame_ms,0.2253,
frame_ms,0.2089,
frame_ms,0.2804,
frame_ms,0.2274,
frame_ms,0.2052,
frame_ms,0.2224,
frame_ms,0.2116,
frame_ms,0.2144,
frame_ms,0.2443,
frame_ms,0.7785,
frame_ms,0.3594,
frame_ms,0.2222,
frame_ms,0.2054,
frame_ms,0.1997,
frame_ms,0.2012,
frame_ms,0.24,
frame_ms,0.2709,
frame_ms,0.2204,
frame_ms,0.2057,
frame_ms,0.2389,
frame_ms,0.2166,
frame_ms,0.2072,
tick_us,135.8,0
frame_ms,0.5308,
frame_ms,0.2311,
frame_ms,0.2016,
frame_ms,0.2038,
frame_ms,0.2016,
frame_ms,0.2502,
frame_ms,0.2182,
frame_ms,0.2053,
frame_ms,0.2542,
frame_ms,0.2555,
frame_ms,0.2517,
frame_ms,0.2238,
frame_ms,0.212,
frame_ms,0.2259,
frame_ms,0.2128,
frame_ms,0.2086,
frame_ms,0.2226,
frame_ms,0.2398,
frame_ms,0.2108,
frame_ms,0.5937,
frame_ms,0.3311,
frame_ms,0.3538,
frame_ms,0.3418,
frame_ms,0.3276,
frame_ms,0.3255,
tick_us,170.9,0
frame_ms,0.6683,
frame_ms,0.2671,
frame_ms,0.2162,
frame_ms,0.2121,
frame_ms,0.211,
frame_ms,0.2121,
frame_ms,0.242,
frame_ms,0.2313,
frame_ms,0.211,
frame_ms,0.2568,
frame_ms,0.2533,
frame_ms,0.2181,
frame_ms,0.2079,
frame_ms,0.2624,
frame_ms,0.2283,
frame_ms,0.2084,
frame_ms,0.2472,
frame_ms,0.2361,
frame_ms,0.2339,
frame_ms,0.2285,
frame_ms,0.2111,
frame_ms,0.2061,
frame_ms,0.6235,
frame_ms,0.3154,
frame_ms,0.2604,
frame_ms,0.2139,
frame_ms,0.216,
tick_us,135.9,0
frame_ms,0.5028,
frame_ms,0.2323,
frame_ms,0.2037,
frame_ms,0.2197,
frame_ms,0.2058,
frame_ms,0.2428,
frame_ms,0.2184,
frame_ms,0.2089,
frame_ms,0.2513,
frame_ms,0.2265,
frame_ms,0.2074,
frame_ms,0.2447,
frame_ms,0.2843,
frame_ms,0.2348,
frame_ms,0.2256,
frame_ms,0.2296,
frame_ms,0.2177,
frame_ms,0.2345,
frame_ms,0.2233,
frame_ms,0.8754,
frame_ms,0.2396,
frame_ms,0.2033,
frame_ms,0.2086,
frame_ms,0.2087,
frame_ms,0.2732,
frame_ms,0.2786,
tick_us,144.9,2
frame_ms,0.5462,
frame_ms,0.2485,
frame_ms,0.2256,
frame_ms,0.228,
frame_ms,0.2475,
frame_ms,0.2483,
frame_ms,0.2195,
frame_ms,0.2091,
frame_ms,0.2286,
frame_ms,0.217,
frame_ms,0.2037,
frame_ms,0.2565,
frame_ms,0.2198,
frame_ms,0.2027,
frame_ms,0.253,
frame_ms,0.2244,
frame_ms,0.2072,
frame_ms,0.2319,
frame_ms,0.2183,
frame_ms,0.2197,
frame_ms,0.2287,
frame_ms,0.2117,
frame_ms,0.1985,
frame_ms,0.2609,
frame_ms,0.2171,
frame_ms,0.2004,
frame_ms,0.2634,
frame_ms,0.2264,
frame_ms,0.2885,
tick_us,123.7,2
frame_ms,0.4985,
frame_ms,0.2266,
frame_ms,0.2165,
frame_ms,0.3482,
frame_ms,0.3328,
frame_ms,0.3088,
frame_ms,0.4466,
frame_ms,0.2322,
frame_ms,0.2063,
frame_ms,0.21,
frame_ms,0.2184,
frame_ms,0.2175,
frame_ms,0.2609,
frame_ms,0.2225,
frame_ms,0.2094,
frame_ms,0.2465,
frame_ms,0.2112,
frame_ms,0.2202,
frame_ms,0.2413,
frame_ms,0.2213,
frame_ms,0.2074,
frame_ms,0.2634,
frame_ms,0.2567,
frame_ms,0.2554,
frame_ms,0.2327,
frame_ms,0.2122,
frame_ms,0.2387,
tick_us,132.8,0
frame_ms,0.5681,
frame_ms,0.2811,
frame_ms,0.2142,
frame_ms,0.2412,
frame_ms,0.2067,
frame_ms,0.2065,
frame_ms,0.2691,
frame_ms,0.2597,
frame_ms,0.2208,
frame_ms,0.2068,
frame_ms,0.2705,
frame_ms,0.4198,
frame_ms,0.3228,
frame_ms,0.2433,
frame_ms,0.2078,
frame_ms,0.2094,
frame_ms,0.2095,
frame_ms,0.2153,
frame_ms,0.2727,
frame_ms,0.227,
frame_ms,0.2302,
frame_ms,0.2764,
frame_ms,0.3408,
frame_ms,0.3792,
frame_ms,0.3461,
tick_us,169.3,0
frame_ms,0.7081,
frame_ms,0.2739,
frame_ms,0.2173,
frame_ms,0.2091,
frame_ms,0.2057,
frame_ms,0.2325,
frame_ms,0.2272,
frame_ms,0.2081,
frame_ms,0.2474,
frame_ms,0.2169,
frame_ms,0.4608,
frame_ms,0.3636,
frame_ms,0.2146,
frame_ms,0.2133,
frame_ms,0.2013,
frame_ms,0.2201,
frame_ms,0.2593,
frame_ms,0.2267,
frame_ms,0.2115,
frame_ms,0.2405,
frame_ms,0.218,
frame_ms,0.2081,
frame_ms,0.2601,
frame_ms,0.2198,
frame_ms,0.3777,
frame_ms,0.2323,
frame_ms,0.208,
tick_us,135.1,0
frame_ms,0.5077,
frame_ms,0.2292,
frame_ms,0.1995,
frame_ms,0.2085,
frame_ms,0.2154,
frame_ms,0.2112,
frame_ms,0.2924,
frame_ms,0.2182,
frame_ms,0.2397,
frame_ms,0.2222,
frame_ms,0.2074,
frame_ms,0.2184,
frame_ms,0.2135,
frame_ms,0.2038,
frame_ms,0.2747,
frame_ms,0.2261,
frame_ms,0.2082,
frame_ms,0.2488,
frame_ms,0.2209,
frame_ms,0.2067,
frame_ms,0.2448,
frame_ms,0.217,
frame_ms,0.2026,
frame_ms,0.2391,
frame_ms,0.2206,
frame_ms,0.2118,
frame_ms,0.2353,
frame_ms,0.3524,
frame_ms,0.2817,
tick_us,121.6,0
frame_ms,0.5069,
frame_ms,0.2804,
frame_ms,0.2174,
frame_ms,0.2167,
frame_ms,0.2129,
frame_ms,0.2078,
frame_ms,0.2665,
frame_ms,0.3216,
frame_ms,0.4262,
frame_ms,0.4371,
frame_ms,0.2651,
frame_ms,0.2194,
frame_ms,0.2124,
frame_ms,0.2144,
frame_ms,0.2747,
frame_ms,0.2306,
frame_ms,0.2177,
frame_ms,0.2237,
frame_ms,0.2118,
frame_ms,0.2426,
frame_ms,0.2184,
frame_ms,0.2115,
frame_ms,0.2245,
frame_ms,0.2229,
frame_ms,0.2636,
frame_ms,0.2202,
frame_ms,0.261,
tick_us,129.3,2
frame_ms,0.5345,
frame_ms,0.2293,
frame_ms,0.2069,
frame_ms,0.2108,
frame_ms,0.2062,
frame_ms,0.2458,
frame_ms,0.2243,
frame_ms,0.213,
frame_ms,0.2217,
frame_ms,0.2124,
frame_ms,0.2013,
frame_ms,0.2406,
frame_ms,0.2265,
frame_ms,0.2116,
frame_ms,0.2508,
frame_ms,0.2176,
frame_ms,0.2057,
frame_ms,0.2381,
frame_ms,0.2251,
frame_ms,0.2144,
frame_ms,0.2464,
frame_ms,0.22,
frame_ms,0.2081,
frame_ms,0.2468,
frame_ms,0.222,
frame_ms,0.2017,
frame_ms,0.2527,
frame_ms,0.2299,
frame_ms,0.2058,
tick_us,136.6,2
frame_ms,0.5354,
frame_ms,0.2269,
frame_ms,0.208,
frame_ms,0.2092,
frame_ms,0.2043,
frame_ms,0.2718,
frame_ms,0.3027,
frame_ms,0.2561,
frame_ms,0.2322,
frame_ms,0.2168,
frame_ms,0.2087,
frame_ms,0.2091,
frame_ms,0.2758,
frame_ms,0.2506,
frame_ms,0.2122,
frame_ms,0.2352,
frame_ms,0.2226,
frame_ms,0.2013,
frame_ms,0.2602,
frame_ms,0.2195,
frame_ms,0.2012,
frame_ms,0.2569,
frame_ms,0.2208,
frame_ms,0.2089,
frame_ms,0.2416,
frame_ms,0.2142,
frame_ms,0.4413,
frame_ms,0.2297,
tick_us,136.7,2
frame_ms,0.4973,
frame_ms,0.2277,
frame_ms,0.197,
frame_ms,0.2031,
frame_ms,0.203,
frame_ms,0.2465,
frame_ms,0.2207,
frame_ms,0.201,
frame_ms,0.2425,
frame_ms,0.219,
frame_ms,0.2017,
frame_ms,0.2314,
frame_ms,0.2253,
frame_ms,0.1984,
frame_ms,0.2617,
frame_ms,0.2188,
frame_ms,0.1988,
frame_ms,0.2624,
frame_ms,0.2218,
frame_ms,0.1971,
frame_ms,0.2609,
frame_ms,0.2183,
frame_ms,0.201,
frame_ms,0.2396,
frame_ms,0.2217,
frame_ms,0.2054,
frame_ms,0.2405,
frame_ms,0.211,
frame_ms,0.1966,
frame_ms,0.2683,
tick_us,141.2,2
frame_ms,0.9682,
frame_ms,0.286,
frame_ms,0.2713,
frame_ms,0.308,
frame_ms,0.2755,
frame_ms,0.2436,
frame_ms,0.23,
frame_ms,0.2303,
frame_ms,0.2518,
frame_ms,0.2368,
frame_ms,0.2662,
frame_ms,0.2412,
frame_ms,0.2137,
frame_ms,0.2527,
frame_ms,0.2627,
frame_ms,0.2265,
frame_ms,0.2211,
frame_ms,0.2229,
frame_ms,0.2117,
frame_ms,0.2456,
frame_ms,0.257,
frame_ms,0.2209,
frame_ms,0.2065,
frame_ms,0.2386,
frame_ms,0.2252,
frame_ms,0.2074,
tick_us,138,4
frame_ms,0.5487,
frame_ms,0.233,
frame_ms,0.2035,
frame_ms,0.8102,
frame_ms,0.5319,
frame_ms,0.3641,
frame_ms,0.2564,
frame_ms,0.2305,
frame_ms,0.2356,
frame_ms,0.2381,
frame_ms,0.2548,
frame_ms,0.31,
frame_ms,0.2448,
frame_ms,0.2381,
frame_ms,0.2487,
frame_ms,0.217,
frame_ms,0.209,
frame_ms,0.3634,
frame_ms,0.3879,
frame_ms,0.3055,
frame_ms,0.2497,
frame_ms,0.2193,
tick_us,137.2,4
frame_ms,0.5385,
frame_ms,0.2416,
frame_ms,0.2134,
frame_ms,0.2148,
frame_ms,0.2235,
frame_ms,0.2116,
frame_ms,0.2191,
frame_ms,0.3336,
frame_ms,0.2661,
frame_ms,0.2275,
frame_ms,0.2191,
frame_ms,0.2176,
frame_ms,0.2441,
frame_ms,0.2523,
frame_ms,0.2172,
frame_ms,0.2085,
frame_ms,0.2624,
frame_ms,0.2244,
frame_ms,0.2139,
frame_ms,0.2193,
frame_ms,0.2454,
frame_ms,0.2625,
frame_ms,0.2354,
frame_ms,0.2187,
frame_ms,0.2093,
frame_ms,0.2449,
frame_ms,0.2774,
frame_ms,0.2266,
tick_us,137.9,4
frame_ms,0.5126,
frame_ms,0.2353,
frame_ms,0.2043,
frame_ms,0.2046,
frame_ms,0.2428,
frame_ms,0.2198,
frame_ms,0.2054,
frame_ms,0.2546,
frame_ms,0.4708,
frame_ms,0.2821,
frame_ms,0.2318,
frame_ms,0.2088,
frame_ms,0.2166,
frame_ms,0.2129,
frame_ms,0.2527,
frame_ms,0.2547,
frame_ms,0.2249,
frame_ms,0.2116,
frame_ms,0.244,
frame_ms,0.2263,
frame_ms,0.2077,
frame_ms,0.218,
frame_ms,0.2481,
frame_ms,0.2692,
frame_ms,0.2277,
frame_ms,0.2089,
frame_ms,0.2061,
frame_ms,0.2608,
tick_us,131.1,4
frame_ms,0.5366,
frame_ms,0.2294,
frame_ms,0.2053,
frame_ms,0.2063,
frame_ms,0.2039,
frame_ms,0.2413,
frame_ms,0.2183,
frame_ms,0.2063,
frame_ms,0.2389,
frame_ms,0.2181,
frame_ms,0.2022,
frame_ms,0.2514,
frame_ms,0.2502,
frame_ms,0.2188,
frame_ms,0.2115,
frame_ms,0.2352,
frame_ms,0.2415,
frame_ms,0.2136,
frame_ms,0.2051,
frame_ms,0.2627,
frame_ms,0.2248,
frame_ms,0.2123,
frame_ms,0.2344,
frame_ms,0.2047,
frame_ms,0.2066,
frame_ms,0.257,
frame_ms,0.3126,
frame_ms,0.3921,
tick_us,252.4,4
frame_ms,0.7441,
frame_ms,0.33,
frame_ms,0.3365,
frame_ms,0.2448,
frame_ms,0.2103,
frame_ms,0.209,
frame_ms,0.211,
frame_ms,0.2013,
frame_ms,0.2421,
frame_ms,0.2257,
frame_ms,0.2609,
frame_ms,0.2124,
frame_ms,0.4097,
frame_ms,0.2361,
frame_ms,0.2188,
frame_ms,0.2067,
frame_ms,0.204,
frame_ms,0.2653,
frame_ms,0.2204,
frame_ms,0.207,
frame_ms,0.2469,
frame_ms,0.218,
frame_ms,0.2006,
frame_ms,0.2575,
frame_ms,0.2204,
frame_ms,0.2058,
frame_ms,0.2512,
frame_ms,0.222,
tick_us,137.3,4
frame_ms,0.5126,
frame_ms,0.2289,
frame_ms,0.202,
frame_ms,0.2094,
frame_ms,0.2022,
frame_ms,0.2474,
frame_ms,0.208,
frame_ms,0.1987,
frame_ms,0.2429,
frame_ms,0.2169,
frame_ms,0.2093,
frame_ms,0.2502,
frame_ms,0.2182,
frame_ms,0.2111,
frame_ms,0.2403,
frame_ms,0.215,
frame_ms,0.2129,
frame_ms,0.29,
frame_ms,0.2692,
frame_ms,0.2298,
frame_ms,0.224,
frame_ms,0.2154,
frame_ms,0.2121,
frame_ms,0.2733,
frame_ms,0.3122,
frame_ms,0.2459,
frame_ms,0.2122,
frame_ms,0.2092,
frame_ms,0.2017,
tick_us,139.4,4
frame_ms,0.5312,
frame_ms,0.2337,
frame_ms,0.2019,
frame_ms,0.2089,
frame_ms,0.2104,
frame_ms,0.2275,
frame_ms,0.2103,
frame_ms,0.211,
frame_ms,0.2506,
frame_ms,0.2224,
frame_ms,0.2001,
frame_ms,0.2352,
frame_ms,0.2253,
frame_ms,0.2066,
frame_ms,0.4563,
frame_ms,0.2972,
frame_ms,0.233,
frame_ms,0.2118,
frame_ms,0.2443,
frame_ms,0.2547,
frame_ms,0.2317,
frame_ms,0.8341,
frame_ms,0.2673,
frame_ms,0.2187,
frame_ms,0.2149,
tick_us,139.1,4
frame_ms,0.511,
frame_ms,0.2294,
frame_ms,0.2081,
frame_ms,0.2218,
frame_ms,0.2076,
frame_ms,0.2072,
frame_ms,0.2633,
frame_ms,0.2575,
frame_ms,0.2169,
frame_ms,0.2077,
frame_ms,0.2525,
frame_ms,0.2244,
frame_ms,0.2098,
frame_ms,0.2408,
frame_ms,0.2092,
frame_ms,0.2032,
frame_ms,0.2642,
frame_ms,0.2233,
frame_ms,0.2082,
frame_ms,0.2739,
frame_ms,0.2836,
frame_ms,0.2478,
frame_ms,0.2393,
frame_ms,0.2317,
frame_ms,0.2264,
frame_ms,0.2767,
frame_ms,0.2348,
frame_ms,0.2554,
tick_us,150.1,4
frame_ms,0.5901,
frame_ms,0.2604,
frame_ms,0.2351,
frame_ms,0.229,
frame_ms,0.2335,
frame_ms,0.2689,
frame_ms,0.2489,
frame_ms,0.2169,
frame_ms,0.2172,
frame_ms,0.2293,
frame_ms,0.24,
frame_ms,0.2094,
frame_ms,0.2008,
frame_ms,0.2433,
frame_ms,0.2335,
frame_ms,0.2083,
frame_ms,0.2517,
frame_ms,0.3952,
frame_ms,0.2511,
frame_ms,0.2153,
frame_ms,0.2164,
frame_ms,0.2007,
frame_ms,0.2694,
frame_ms,0.2067,
frame_ms,0.1994,
frame_ms,0.2467,
frame_ms,0.225,
frame_ms,0.2012,
tick_us,134.2,4
frame_ms,0.6387,
frame_ms,0.2735,
frame_ms,0.2338,
frame_ms,0.21,
frame_ms,0.2302,
frame_ms,0.2181,
frame_ms,0.2296,
frame_ms,0.2348,
frame_ms,0.2777,
frame_ms,0.255,
frame_ms,0.225,
frame_ms,0.2057,
frame_ms,0.2274,
frame_ms,0.2065,
frame_ms,0.1975,
frame_ms,0.2649,
frame_ms,0.2204,
frame_ms,0.2201,
frame_ms,0.2054,
frame_ms,0.2411,
frame_ms,0.2133,
frame_ms,0.1999,
frame_ms,0.2564,
frame_ms,0.2218,
frame_ms,0.2184,
frame_ms,0.2766,
frame_ms,0.2255,
frame_ms,0.2041,
frame_ms,0.2292,
tick_us,152.1,8
frame_ms,0.5214,
frame_ms,0.2289,
frame_ms,0.2031,
frame_ms,0.2202,
frame_ms,0.2099,
frame_ms,0.2033,
frame_ms,0.2472,
frame_ms,0.218,
frame_ms,0.2056,
frame_ms,0.2463,
frame_ms,0.2228,
frame_ms,0.2066,
frame_ms,0.2436,
frame_ms,0.2511,
frame_ms,0.2142,
frame_ms,0.2015,
frame_ms,0.2547,
frame_ms,0.2311,
frame_ms,0.2079,
frame_ms,0.2224,
frame_ms,0.246,
frame_ms,0.2176,
frame_ms,0.203,
frame_ms,0.2497,
frame_ms,0.2158,
frame_ms,0.1988,
frame_ms,0.2451,
frame_ms,0.2238,
frame_ms,0.207,
frame_ms,0.2501,
tick_us,129.8,8
frame_ms,0.5459,
frame_ms,0.2494,
frame_ms,0.2124,
frame_ms,0.2146,
frame_ms,0.2665,
frame_ms,0.4083,
frame_ms,0.4012,
frame_ms,0.2383,
frame_ms,0.2077,
frame_ms,0.2067,
frame_ms,0.2102,
frame_ms,0.208,
frame_ms,0.2426,
frame_ms,0.221,
frame_ms,0.2091,
frame_ms,0.2419,
frame_ms,0.2205,
frame_ms,0.2079,
frame_ms,0.2286,
frame_ms,0.2129,
frame_ms,0.2264,
frame_ms,0.2048,
frame_ms,0.2512,
frame_ms,0.2219,
frame_ms,0.2179,
frame_ms,0.2341,
frame_ms,0.2253,
frame_ms,0.2061,
tick_us,143.5,8
frame_ms,0.5385,
frame_ms,0.2314,
frame_ms,0.2022,
frame_ms,0.2061,
frame_ms,0.2502,
frame_ms,0.2117,
frame_ms,0.2353,
frame_ms,0.2276,
frame_ms,0.2071,
frame_ms,0.2376,
frame_ms,0.2025,
frame_ms,0.1947,
frame_ms,0.2561,
frame_ms,0.2241,
frame_ms,0.1991,
frame_ms,0.2698,
frame_ms,0.2135,
frame_ms,0.1988,
frame_ms,0.254,
frame_ms,0.2562,
frame_ms,0.3041,
frame_ms,0.2628,
frame_ms,0.213,
frame_ms,0.2082,
frame_ms,0.2222,
frame_ms,0.2292,
frame_ms,0.256,
frame_ms,0.2228,
frame_ms,0.2014,
tick_us,140.9,8
frame_ms,0.5381,
frame_ms,0.2175,
frame_ms,0.2004,
frame_ms,0.1966,
frame_ms,0.2055,
frame_ms,0.2595,
frame_ms,0.2214,
frame_ms,0.2051,
frame_ms,0.2192,
frame_ms,0.2074,
frame_ms,0.1976,
frame_ms,0.564,
frame_ms,0.4313,
frame_ms,0.3117,
frame_ms,0.2328,
frame_ms,0.2056,
frame_ms,0.2072,
frame_ms,0.2036,
frame_ms,0.2561,
frame_ms,0.2149,
frame_ms,0.2008,
frame_ms,0.2402,
frame_ms,0.2148,
frame_ms,0.2186,
frame_ms,0.2296,
frame_ms,0.2134,
frame_ms,0.2018,
tick_us,144.5,8
frame_ms,0.55,
frame_ms,0.2344,
frame_ms,0.2046,
frame_ms,0.2089,
frame_ms,0.2021,
frame_ms,0.2172,
frame_ms,0.246,
frame_ms,0.2175,
frame_ms,0.1999,
frame_ms,0.2526,
frame_ms,0.2197,
frame_ms,0.2068,
frame_ms,0.2503,
frame_ms,0.2139,
frame_ms,0.2023,
frame_ms,0.2485,
frame_ms,0.2202,
frame_ms,0.4604,
frame_ms,0.2243,
frame_ms,0.2091,
frame_ms,0.2029,
frame_ms,0.4218,
frame_ms,0.281,
frame_ms,0.2348,
frame_ms,0.226,
frame_ms,0.2178,
frame_ms,0.2133,
frame_ms,0.2329,
tick_us,157.2,8
frame_ms,0.543,
frame_ms,0.2463,
frame_ms,0.2159,
frame_ms,0.2135,
frame_ms,0.2108,
frame_ms,0.2131,
frame_ms,0.2372,
frame_ms,0.2264,
frame_ms,0.2166,
frame_ms,0.2618,
frame_ms,0.265,
frame_ms,0.2239,
frame_ms,0.2127,
frame_ms,0.2069,
frame_ms,0.2609,
frame_ms,0.2215,
frame_ms,0.8069,
frame_ms,0.3753,
frame_ms,0.3497,
frame_ms,0.3779,
frame_ms,0.2651,
frame_ms,0.3617,
frame_ms,0.3867,
tick_us,151.2,8
frame_ms,0.6375,
frame_ms,0.2665,
frame_ms,0.2173,
frame_ms,0.2136,
frame_ms,0.2111,
frame_ms,0.2078,
frame_ms,0.2629,
frame_ms,0.2264,
frame_ms,0.2081,
frame_ms,0.2398,
frame_ms,0.2326,
frame_ms,0.2076,
frame_ms,0.2499,
frame_ms,0.2192,
frame_ms,0.2028,
frame_ms,0.2875,
frame_ms,0.2255,
frame_ms,0.2016,
frame_ms,0.2321,
frame_ms,0.2195,
frame_ms,0.2072,
frame_ms,0.2466,
frame_ms,0.2072,
frame_ms,0.2003,
frame_ms,0.2755,
frame_ms,0.2543,
frame_ms,0.3043,
frame_ms,0.2176,
frame_ms,0.2104,
tick_us,143.6,8
frame_ms,0.5243,
frame_ms,0.2248,
frame_ms,0.2008,
frame_ms,0.2135,
frame_ms,0.2161,
frame_ms,0.2234,
frame_ms,0.2323,
frame_ms,0.2254,
frame_ms,0.2041,
frame_ms,0.231,
frame_ms,0.2193,
frame_ms,0.2,
frame_ms,0.2411,
frame_ms,0.213,
frame_ms,0.2006,
frame_ms,0.2543,
frame_ms,0.2694,
frame_ms,0.2722,
frame_ms,0.227,
frame_ms,0.2198,
frame_ms,0.2122,
frame_ms,0.2519,
frame_ms,0.2088,
frame_ms,0.2487,
frame_ms,0.256,
frame_ms,0.3005,
frame_ms,0.2824,
frame_ms,0.2496,
tick_us,143.5,8
frame_ms,0.5315,
frame_ms,0.2482,
frame_ms,0.223,
frame_ms,0.2488,
frame_ms,0.2687,
frame_ms,0.2246,
frame_ms,0.2156,
frame_ms,0.2133,
frame_ms,0.2385,
frame_ms,0.2681,
frame_ms,0.21,
frame_ms,0.2065,
frame_ms,0.2397,
frame_ms,0.226,
frame_ms,0.2163,
frame_ms,0.2038,
frame_ms,0.2462,
frame_ms,0.2212,
frame_ms,0.2043,
frame_ms,0.2379,
frame_ms,0.2146,
frame_ms,0.215,
frame_ms,0.235,
frame_ms,0.265,
frame_ms,0.2672,
frame_ms,0.3033,
frame_ms,0.2315,
frame_ms,0.2092,
frame_ms,0.2034,
tick_us,144.4,8
frame_ms,0.4976,
frame_ms,0.2146,
frame_ms,0.2075,
frame_ms,0.2071,
frame_ms,0.2048,
frame_ms,0.2365,
frame_ms,0.2188,
frame_ms,0.2002,
frame_ms,0.2349,
frame_ms,0.2141,
frame_ms,0.1988,
frame_ms,0.2475,
frame_ms,0.222,
frame_ms,0.2078,
frame_ms,0.2311,
frame_ms,0.2118,
frame_ms,0.234,
frame_ms,0.2111,
frame_ms,0.2006,
frame_ms,0.2555,
frame_ms,0.2205,
frame_ms,0.1982,
frame_ms,0.2452,
frame_ms,0.2204,
frame_ms,0.1949,
frame_ms,0.2604,
frame_ms,0.2276,
frame_ms,0.2036,
frame_ms,0.2171,
frame_ms,0.2312,
tick_us,143.8,8
frame_ms,0.5166,
frame_ms,0.3624,
frame_ms,0.5007,
frame_ms,0.3443,
frame_ms,0.327,
frame_ms,0.2516,
frame_ms,0.2129,
frame_ms,0.207,
frame_ms,0.2047,
frame_ms,0.236,
frame_ms,0.2121,
frame_ms,0.2015,
frame_ms,0.2487,
frame_ms,0.3121,
frame_ms,0.4302,
frame_ms,0.3522,
frame_ms,0.2919,
frame_ms,0.2629,
frame_ms,0.2148,
frame_ms,0.2226,
frame_ms,0.2076,
frame_ms,0.2178,
frame_ms,0.2369,
frame_ms,0.2411,
frame_ms,0.2169,
tick_us,151.4,10
frame_ms,0.5332,
frame_ms,0.2271,
frame_ms,0.2058,
frame_ms,0.2125,
frame_ms,0.2098,
frame_ms,0.263,
frame_ms,0.2357,
frame_ms,0.2609,
frame_ms,0.2171,
frame_ms,0.2314,
frame_ms,0.2147,
frame_ms,0.2085,
frame_ms,0.2452,
frame_ms,0.2205,
frame_ms,0.2024,
frame_ms,0.2436,
frame_ms,0.2133,
frame_ms,0.2077,
frame_ms,0.2488,
frame_ms,0.2251,
frame_ms,0.2063,
frame_ms,0.236,
frame_ms,0.2215,
frame_ms,0.21,
frame_ms,0.2255,
frame_ms,0.2123,
frame_ms,0.1994,
frame_ms,0.2518,
frame_ms,0.268,
tick_us,140.1,8
frame_ms,0.511,
frame_ms,0.2403,
frame_ms,0.2026,
frame_ms,0.2041,
frame_ms,0.2035,
frame_ms,0.2469,
frame_ms,0.2108,
frame_ms,0.1978,
frame_ms,0.2519,
frame_ms,0.2193,
frame_ms,0.3095,
frame_ms,0.4099,
frame_ms,0.2588,
frame_ms,0.218,
frame_ms,0.2215,
frame_ms,0.2118,
frame_ms,0.2403,
frame_ms,0.2121,
frame_ms,0.2703,
frame_ms,0.253,
frame_ms,0.2146,
frame_ms,0.2056,
frame_ms,0.2694,
frame_ms,0.2257,
frame_ms,0.2045,
frame_ms,0.2369,
frame_ms,0.2196,
frame_ms,0.2069,
tick_us,161.5,8
frame_ms,0.735,
frame_ms,0.3495,
frame_ms,0.4126,
frame_ms,0.359,
frame_ms,0.2495,
frame_ms,0.2077,
frame_ms,0.2109,
frame_ms,0.2024,
frame_ms,0.199,
frame_ms,0.2483,
frame_ms,0.2191,
frame_ms,0.2034,
frame_ms,0.2322,
frame_ms,0.2191,
frame_ms,0.2127,
frame_ms,0.3038,
frame_ms,0.2704,
frame_ms,0.2363,
frame_ms,0.2421,
frame_ms,0.2259,
frame_ms,0.252,
frame_ms,0.25,
frame_ms,0.2431,
frame_ms,0.2326,
frame_ms,0.2131,
frame_ms,0.2578,
tick_us,144.3,10
frame_ms,0.555,
frame_ms,0.2803,
frame_ms,0.2295,
frame_ms,0.2143,
frame_ms,0.2262,
frame_ms,0.2102,
frame_ms,0.2102,
frame_ms,0.242,
frame_ms,0.2521,
frame_ms,0.2548,
frame_ms,0.2044,
frame_ms,0.2097,
frame_ms,0.26,
frame_ms,0.222,
frame_ms,0.2054,
frame_ms,0.247,
frame_ms,0.2208,
frame_ms,0.2014,
frame_ms,0.2348,
frame_ms,0.3642,
frame_ms,0.2708,
frame_ms,0.2158,
frame_ms,0.2418,
frame_ms,0.2217,
frame_ms,0.2174,
frame_ms,0.2099,
frame_ms,0.2598,
frame_ms,0.2196,
tick_us,145.2,12
frame_ms,0.5192,
frame_ms,0.2251,
frame_ms,0.2064,
frame_ms,0.2091,
frame_ms,0.2042,
frame_ms,0.2381,
frame_ms,0.2115,
frame_ms,0.2172,
frame_ms,0.2412,
frame_ms,0.2148,
frame_ms,0.2,
frame_ms,0.39,
frame_ms,0.2347,
frame_ms,0.2179,
frame_ms,0.2031,
frame_ms,0.2373,
frame_ms,0.2088,
frame_ms,0.204,
frame_ms,0.2634,
frame_ms,0.2361,
frame_ms,0.2161,
frame_ms,0.3073,
frame_ms,0.2333,
frame_ms,0.2075,
frame_ms,0.2225,
frame_ms,0.2543,
frame_ms,0.2786,
frame_ms,0.2272,
frame_ms,0.2187,
tick_us,132.9,12
frame_ms,0.4994,
frame_ms,0.2276,
frame_ms,0.2147,
frame_ms,0.2626,
frame_ms,0.2098,
frame_ms,0.2055,
frame_ms,0.2053,
frame_ms,0.2397,
frame_ms,0.2123,
frame_ms,0.2032,
frame_ms,0.2538,
frame_ms,0.2236,
frame_ms,0.2105,
frame_ms,0.2277,
frame_ms,0.2078,
frame_ms,0.2031,
frame_ms,0.4609,
frame_ms,0.3164,
frame_ms,0.288,
frame_ms,0.2782,
frame_ms,0.2567,
frame_ms,0.2142,
frame_ms,0.2174,
frame_ms,0.2139,
frame_ms,0.2079,
frame_ms,0.4358,
frame_ms,0.273,
tick_us,159.8,8
frame_ms,0.5443,
frame_ms,0.2401,
frame_ms,0.2108,
frame_ms,0.2105,
frame_ms,0.2497,
frame_ms,0.2653,
frame_ms,0.2403,
frame_ms,0.483,
frame_ms,0.385,
frame_ms,0.3354,
frame_ms,0.3299,
frame_ms,0.242,
frame_ms,0.2134,
frame_ms,0.213,
frame_ms,0.211,
frame_ms,0.211,
frame_ms,0.2737,
frame_ms,0.2256,
frame_ms,0.2123,
frame_ms,0.2627,
frame_ms,0.2603,
frame_ms,0.2364,
frame_ms,0.212,
frame_ms,0.2122,
frame_ms,0.2479,
frame_ms,0.2536,
tick_us,138.2,8
frame_ms,0.5167,
frame_ms,0.2362,
frame_ms,0.2103,
frame_ms,0.2119,
frame_ms,0.2559,
frame_ms,0.2633,
frame_ms,0.2154,
frame_ms,0.2061,
frame_ms,0.2436,
frame_ms,0.2311,
frame_ms,0.2161,
frame_ms,0.258,
frame_ms,0.2966,
frame_ms,0.343,
frame_ms,0.2661,
frame_ms,0.2272,
frame_ms,0.2249,
frame_ms,0.2233,
frame_ms,0.2166,
frame_ms,0.217,
frame_ms,0.2747,
frame_ms,0.2603,
frame_ms,0.2188,
frame_ms,0.2125,
frame_ms,0.2025,
frame_ms,0.2505,
frame_ms,0.224,
tick_us,148.2,8
frame_ms,0.5555,
frame_ms,0.2309,
frame_ms,0.2101,
frame_ms,0.221,
frame_ms,0.2096,
frame_ms,0.2167,
frame_ms,0.8786,
frame_ms,0.525,
frame_ms,0.2468,
frame_ms,0.2246,
frame_ms,0.2156,
frame_ms,0.2049,
frame_ms,0.2071,
frame_ms,0.2788,
frame_ms,0.2392,
frame_ms,0.215,
frame_ms,0.2084,
frame_ms,0.2789,
frame_ms,0.2811,
frame_ms,0.2591,
frame_ms,0.2248,
frame_ms,0.2134,
frame_ms,0.2116,
frame_ms,0.2195,
frame_ms,0.285,
tick_us,141.8,8
frame_ms,0.5199,
frame_ms,0.2289,
frame_ms,0.2068,
frame_ms,0.2136,
frame_ms,0.2111,
frame_ms,0.2406,
frame_ms,0.2286,
frame_ms,0.2169,
frame_ms,0.2357,
frame_ms,0.2614,
frame_ms,0.2186,
frame_ms,0.2475,
frame_ms,0.2489,
frame_ms,0.2448,
frame_ms,0.2153,
frame_ms,0.2113,
frame_ms,0.2332,
frame_ms,0.2444,
frame_ms,0.2156,
frame_ms,0.2084,
frame_ms,0.2699,
frame_ms,0.3742,
frame_ms,0.2719,
frame_ms,0.2315,
frame_ms,0.438,
frame_ms,0.3885,
tick_us,142.7,8
frame_ms,0.5706,
frame_ms,0.2372,
frame_ms,0.2096,
frame_ms,0.2075,
frame_ms,0.2068,
frame_ms,0.2235,
frame_ms,0.2406,
frame_ms,0.224,
frame_ms,0.2107,
frame_ms,0.2412,
frame_ms,0.2335,
frame_ms,0.2231,
frame_ms,0.6681,
frame_ms,0.2495,
frame_ms,0.2182,
frame_ms,0.2169,
frame_ms,0.2111,
frame_ms,0.2482,
frame_ms,0.2233,
frame_ms,0.2095,
frame_ms,0.2115,
frame_ms,0.227,
frame_ms,0.2043,
frame_ms,0.217,
frame_ms,0.2405,
frame_ms,0.2224,
frame_ms,0.206,
frame_ms,0.2144,
tick_us,140.9,6
frame_ms,0.5342,
frame_ms,0.2364,
frame_ms,0.2068,
frame_ms,0.2088,
frame_ms,0.2045,
frame_ms,0.2052,
frame_ms,0.2518,
frame_ms,0.2659,
frame_ms,0.2256,
frame_ms,0.2088,
frame_ms,0.2118,
frame_ms,0.23,
frame_ms,0.224,
frame_ms,0.2109,
frame_ms,0.2463,
frame_ms,0.2125,
frame_ms,0.2127,
frame_ms,0.2442,
frame_ms,0.2265,
frame_ms,0.2128,
frame_ms,0.2184,
frame_ms,0.2641,
frame_ms,0.226,
frame_ms,0.2113,
frame_ms,0.2274,
frame_ms,0.2312,
frame_ms,0.2157,
frame_ms,0.2065,
frame_ms,0.2563,
frame_ms,0.2264,
tick_us,140.2,6
frame_ms,0.5098,
frame_ms,0.2204,
frame_ms,0.2014,
frame_ms,0.2062,
frame_ms,0.352,
frame_ms,0.2904,
frame_ms,0.2471,
frame_ms,0.2367,
frame_ms,0.5045,
frame_ms,0.2535,
frame_ms,0.2574,
frame_ms,0.2551,
frame_ms,0.2181,
frame_ms,0.2058,
frame_ms,0.2072,
frame_ms,0.2737,
frame_ms,0.2329,
frame_ms,0.2741,
frame_ms,0.2257,
frame_ms,0.2073,
frame_ms,0.2611,
frame_ms,0.2331,
frame_ms,0.211,
frame_ms,0.2696,
frame_ms,0.2262,
frame_ms,0.2023,
tick_us,139.2,6
frame_ms,0.5295,
frame_ms,0.2285,
frame_ms,0.2011,
frame_ms,0.2107,
frame_ms,0.2046,
frame_ms,0.2253,
frame_ms,0.3317,
frame_ms,0.2359,
frame_ms,0.2109,
frame_ms,0.2076,
frame_ms,0.2084,
frame_ms,0.2403,
frame_ms,0.2358,
frame_ms,0.2071,
frame_ms,0.2561,
frame_ms,0.2205,
frame_ms,0.2035,
frame_ms,0.2239,
frame_ms,0.2107,
frame_ms,0.1993,
frame_ms,0.2574,
frame_ms,0.2206,
frame_ms,0.2018,
frame_ms,0.2419,
frame_ms,0.2044,
frame_ms,0.1982,
frame_ms,0.2472,
frame_ms,0.2252,
frame_ms,0.2011,
frame_ms,0.2326,
tick_us,159.9,6
frame_ms,0.6857,
frame_ms,0.3393,
frame_ms,0.3385,
frame_ms,0.3385,
frame_ms,0.2458,
frame_ms,0.216,
frame_ms,0.2067,
frame_ms,0.206,
frame_ms,0.2356,
frame_ms,0.2054,
frame_ms,0.2014,
frame_ms,0.2547,
frame_ms,0.2206,
frame_ms,0.2017,
frame_ms,0.2287,
frame_ms,0.3501,
frame_ms,0.4027,
frame_ms,0.3524,
frame_ms,0.3481,
frame_ms,0.3279,
frame_ms,0.2425,
frame_ms,0.2038,
frame_ms,0.2139,
frame_ms,0.2091,
frame_ms,0.2814,
tick_us,130.2,6
frame_ms,0.5513,
frame_ms,0.2541,
frame_ms,0.2247,
frame_ms,0.2308,
frame_ms,0.2297,
frame_ms,0.2848,
frame_ms,0.3147,
frame_ms,0.2072,
frame_ms,0.2144,
frame_ms,0.2064,
frame_ms,0.2473,
frame_ms,0.3281,
frame_ms,0.2478,
frame_ms,0.2335,
frame_ms,0.2353,
frame_ms,0.2216,
frame_ms,0.2176,
frame_ms,0.256,
frame_ms,0.2196,
frame_ms,0.2621,
frame_ms,0.2373,
frame_ms,0.2232,
frame_ms,0.2277,
frame_ms,0.212,
frame_ms,0.2021,
frame_ms,0.2551,
frame_ms,0.2186,
frame_ms,0.2026,
tick_us,143.2,6
frame_ms,0.5458,
frame_ms,0.2361,
frame_ms,0.2018,
frame_ms,0.2108,
frame_ms,0.2076,
frame_ms,0.2099,
frame_ms,0.2432,
frame_ms,0.2163,
frame_ms,0.2008,
frame_ms,0.2428,
frame_ms,0.2145,
frame_ms,0.2097,
frame_ms,0.2482,
frame_ms,0.2205,
frame_ms,0.2102,
frame_ms,0.2293,
frame_ms,0.2058,
frame_ms,0.2005,
frame_ms,0.2622,
frame_ms,0.219,
frame_ms,0.1991,
frame_ms,0.2486,
frame_ms,0.2174,
frame_ms,0.1975,
frame_ms,0.245,
frame_ms,0.2185,
frame_ms,0.1991,
frame_ms,0.2453,
frame_ms,0.2209,
frame_ms,0.2115,
tick_us,136.6,6
frame_ms,0.516,
frame_ms,0.2284,
frame_ms,0.202,
frame_ms,0.2031,
frame_ms,0.2137,
frame_ms,0.3831,
frame_ms,0.3942,
frame_ms,0.3427,
frame_ms,0.3301,
frame_ms,0.3435,
frame_ms,0.2364,
frame_ms,0.2093,
frame_ms,0.2115,
frame_ms,0.2017,
frame_ms,0.2695,
frame_ms,0.2232,
frame_ms,0.2019,
frame_ms,0.262,
frame_ms,0.2167,
frame_ms,0.2023,
frame_ms,0.2542,
frame_ms,0.2176,
frame_ms,0.202,
frame_ms,0.2355,
frame_ms,0.2199,
frame_ms,0.203,
frame_ms,0.2305,
tick_us,141.3,6
frame_ms,0.502,
frame_ms,0.2175,
frame_ms,0.2054,
frame_ms,0.2282,
frame_ms,0.2146,
frame_ms,0.2095,
frame_ms,0.3715,
frame_ms,0.3585,
frame_ms,0.3381,
frame_ms,0.3287,
frame_ms,0.334,
frame_ms,0.3285,
frame_ms,0.3249,
frame_ms,0.3337,
frame_ms,0.3261,
frame_ms,0.3266,
frame_ms,0.2937,
frame_ms,0.2335,
frame_ms,0.2092,
frame_ms,0.2127,
frame_ms,0.2097,
frame_ms,0.2694,
frame_ms,0.2213,
frame_ms,0.2061,
tick_us,141.9,2
frame_ms,0.5315,
frame_ms,0.2206,
frame_ms,0.2011,
frame_ms,0.2659,
frame_ms,0.2217,
frame_ms,0.1995,
frame_ms,0.2802,
frame_ms,0.2415,
frame_ms,0.2082,
frame_ms,0.2342,
frame_ms,0.2751,
frame_ms,0.9737,
frame_ms,0.2767,
frame_ms,0.2257,
frame_ms,0.2716,
frame_ms,0.3295,
frame_ms,0.3367,
frame_ms,0.273,
frame_ms,0.2314,
frame_ms,0.2377,
frame_ms,0.235,
frame_ms,0.2327,
frame_ms,0.2464,
frame_ms,0.2273,
tick_us,143,2
frame_ms,0.5297,
frame_ms,0.2481,
frame_ms,0.2265,
frame_ms,0.2283,
frame_ms,0.2241,
frame_ms,0.249,
frame_ms,0.2586,
frame_ms,0.2178,
frame_ms,0.2307,
frame_ms,0.2232,
frame_ms,0.2059,
frame_ms,0.2549,
frame_ms,0.238,
frame_ms,0.2128,
frame_ms,0.224,
frame_ms,0.2041,
frame_ms,0.2388,
frame_ms,0.2851,
frame_ms,0.2359,
frame_ms,0.3468,
frame_ms,0.2476,
frame_ms,0.2318,
frame_ms,0.2311,
frame_ms,0.2269,
frame_ms,0.2201,
frame_ms,0.2163,
frame_ms,0.3046,
frame_ms,0.2431,
tick_us,141.9,2
frame_ms,0.5301,
frame_ms,0.2361,
frame_ms,0.2135,
frame_ms,0.2152,
frame_ms,0.2244,
frame_ms,0.2133,
frame_ms,0.2981,
frame_ms,0.2865,
frame_ms,0.2235,
frame_ms,0.2216,
frame_ms,0.2496,
frame_ms,0.2757,
frame_ms,0.501,
frame_ms,0.272,
frame_ms,0.2262,
frame_ms,0.211,
frame_ms,0.2765,
frame_ms,0.238,
frame_ms,0.2433,
frame_ms,0.2398,
frame_ms,0.2186,
frame_ms,0.3204,
frame_ms,0.2557,
frame_ms,0.2312,
frame_ms,0.2423,
frame_ms,0.2288,
tick_us,141.2,2
frame_ms,0.5414,
frame_ms,0.2517,
frame_ms,0.3152,
frame_ms,0.3465,
frame_ms,0.4928,
frame_ms,0.2273,
frame_ms,0.223,
frame_ms,0.2121,
frame_ms,0.2338,
frame_ms,0.2197,
frame_ms,0.2359,
frame_ms,0.2213,
frame_ms,0.2311,
frame_ms,0.2446,
frame_ms,0.228,
frame_ms,0.207,
frame_ms,0.2403,
frame_ms,0.2189,
frame_ms,0.206,
frame_ms,0.2545,
frame_ms,0.217,
frame_ms,0.2237,
frame_ms,0.2271,
frame_ms,0.2161,
frame_ms,0.2079,
frame_ms,0.2558,
frame_ms,0.2193,
tick_us,143.3,2
frame_ms,0.5087,
frame_ms,0.2232,
frame_ms,0.2142,
frame_ms,0.2104,
frame_ms,0.2128,
frame_ms,0.2447,
frame_ms,0.2299,
frame_ms,0.203,
frame_ms,0.2469,
frame_ms,0.224,
frame_ms,0.2133,
frame_ms,0.2315,
frame_ms,0.2138,
frame_ms,0.2014,
frame_ms,0.2337,
frame_ms,0.2272,
frame_ms,0.2039,
frame_ms,0.3243,
frame_ms,0.423,
frame_ms,0.344,
frame_ms,0.3499,
frame_ms,0.3416,
frame_ms,0.3358,
tick_us,130.5,2
frame_ms,1.3562,
frame_ms,0.2562,
frame_ms,0.2142,
frame_ms,0.2194,
frame_ms,0.2243,
frame_ms,0.219,
frame_ms,0.3012,
frame_ms,0.2682,
frame_ms,0.2211,
frame_ms,0.2163,
frame_ms,0.2095,
frame_ms,0.211,
frame_ms,0.2994,
frame_ms,0.2742,
frame_ms,0.2343,
frame_ms,0.2234,
frame_ms,0.206,
frame_ms,0.2432,
frame_ms,0.2101,
frame_ms,0.2327,
frame_ms,0.2095,
frame_ms,0.2326,
frame_ms,0.2183,
frame_ms,0.2277,
frame_ms,0.1988,
frame_ms,0.2412,
frame_ms,0.2072,
frame_ms,0.2108,
frame_ms,0.2496,
tick_us,135.9,2
frame_ms,0.5139,
frame_ms,0.2221,
frame_ms,0.204,
frame_ms,0.2077,
frame_ms,0.2036,
frame_ms,0.2684,
frame_ms,0.2287,
frame_ms,0.2124,
frame_ms,0.2418,
frame_ms,0.219,
frame_ms,0.3568,
frame_ms,0.427,
frame_ms,0.3482,
frame_ms,0.3377,
frame_ms,0.3312,
frame_ms,0.3368,
frame_ms,0.3326,
frame_ms,0.3333,
frame_ms,0.3444,
frame_ms,0.3327,
frame_ms,0.3313,
frame_ms,0.3637,
frame_ms,0.2857,
tick_us,136.4,2
frame_ms,0.532,
frame_ms,0.5316,
frame_ms,0.2504,
frame_ms,0.2105,
frame_ms,0.2945,
frame_ms,0.2295,
frame_ms,0.2193,
frame_ms,0.2266,
frame_ms,0.2316,
frame_ms,0.2149,
frame_ms,0.2056,
frame_ms,0.2481,
frame_ms,0.2271,
frame_ms,0.2053,
frame_ms,0.2885,
frame_ms,0.2668,
frame_ms,0.2228,
frame_ms,0.2127,
frame_ms,0.2138,
frame_ms,0.2336,
frame_ms,0.2479,
frame_ms,0.2805,
frame_ms,0.2422,
frame_ms,0.2258,
frame_ms,0.2142,
frame_ms,0.236,
frame_ms,0.2127,
tick_us,137.8,4
frame_ms,0.5311,
frame_ms,0.2412,
frame_ms,0.2093,
frame_ms,0.2134,
frame_ms,0.2081,
frame_ms,0.2137,
frame_ms,0.2711,
frame_ms,0.2318,
frame_ms,0.212,
frame_ms,0.2603,
frame_ms,0.2283,
frame_ms,0.2058,
frame_ms,0.2223,
frame_ms,0.1995,
frame_ms,0.2066,
frame_ms,0.2466,
frame_ms,0.2301,
frame_ms,0.2075,
frame_ms,0.2434,
frame_ms,0.3107,
frame_ms,0.434,
frame_ms,0.3704,
frame_ms,0.2622,
frame_ms,0.223,
frame_ms,0.2148,
frame_ms,0.2453,
frame_ms,0.2179,
tick_us,134.9,4
frame_ms,0.4971,
frame_ms,0.2298,
frame_ms,0.2061,
frame_ms,0.2092,
frame_ms,0.2249,
frame_ms,0.2128,
frame_ms,0.2382,
frame_ms,0.4165,
frame_ms,0.3988,
frame_ms,0.3979,
frame_ms,0.2634,
frame_ms,0.2525,
frame_ms,0.2117,
frame_ms,0.2136,
frame_ms,0.2108,
frame_ms,0.2579,
frame_ms,0.2841,
frame_ms,0.2416,
frame_ms,0.211,
frame_ms,0.2152,
frame_ms,0.2788,
frame_ms,0.2423,
frame_ms,0.2189,
frame_ms,0.2094,
frame_ms,0.286,
frame_ms,0.2559,
tick_us,122.8,4
frame_ms,0.4889,
frame_ms,0.2406,
frame_ms,0.2074,
frame_ms,0.2128,
frame_ms,0.217,
frame_ms,0.2424,
frame_ms,0.2064,
frame_ms,0.2506,
frame_ms,0.2641,
frame_ms,0.2318,
frame_ms,0.2226,
frame_ms,0.2301,
frame_ms,0.2108,
frame_ms,0.2339,
frame_ms,0.2131,
frame_ms,0.215,
frame_ms,0.2954,
frame_ms,0.2599,
frame_ms,0.2277,
frame_ms,0.2113,
frame_ms,0.2109,
frame_ms,0.2314,
frame_ms,0.2025,
frame_ms,0.2381,
frame_ms,0.2194,
frame_ms,0.2346,
frame_ms,0.2096,
frame_ms,0.2289,
frame_ms,0.1946,
frame_ms,0.2062,
tick_us,135.5,0
frame_ms,0.537,
frame_ms,0.2326,
frame_ms,0.2038,
frame_ms,0.2078,
frame_ms,0.2349,
frame_ms,0.2513,
frame_ms,0.2008,
frame_ms,0.2392,
frame_ms,0.3138,
frame_ms,0.3041,
frame_ms,0.2214,
frame_ms,0.2105,
frame_ms,0.2072,
frame_ms,0.2673,
frame_ms,0.2344,
frame_ms,0.206,
frame_ms,0.5418,
frame_ms,0.3408,
frame_ms,0.3472,
frame_ms,0.7698,
frame_ms,0.3183,
frame_ms,0.3352,
tick_us,171,0
frame_ms,0.6683,
frame_ms,0.3657,
frame_ms,0.3555,
frame_ms,0.3516,
frame_ms,0.3431,
frame_ms,0.3461,
frame_ms,0.2612,
frame_ms,0.2259,
frame_ms,0.2245,
frame_ms,0.3245,
frame_ms,0.2825,
frame_ms,0.2466,
frame_ms,0.2412,
frame_ms,0.2402,
frame_ms,0.2336,
frame_ms,0.2629,
frame_ms,0.2455,
frame_ms,0.2211,
frame_ms,0.211,
frame_ms,0.2795,
frame_ms,0.2892,
frame_ms,0.2231,
frame_ms,0.2208,
frame_ms,0.2128,
frame_ms,0.3355,
tick_us,177.1,0
frame_ms,0.6626,
frame_ms,0.3037,
frame_ms,0.2387,
frame_ms,0.2093,
frame_ms,0.2154,
frame_ms,0.2112,
frame_ms,0.2345,
frame_ms,0.2279,
frame_ms,0.2113,
frame_ms,0.2381,
frame_ms,0.224,
frame_ms,0.2131,
frame_ms,0.2345,
frame_ms,0.2192,
frame_ms,0.2057,
frame_ms,0.2696,
frame_ms,0.2464,
frame_ms,0.2265,
frame_ms,0.213,
frame_ms,0.2243,
frame_ms,0.2361,
frame_ms,0.2902,
frame_ms,0.241,
frame_ms,0.3534,
frame_ms,0.3047,
frame_ms,0.2869,
tick_us,140.6,0
frame_ms,0.5834,
frame_ms,0.2428,
frame_ms,0.2154,
frame_ms,0.2145,
frame_ms,0.2091,
frame_ms,0.2128,
frame_ms,0.2592,
frame_ms,0.2914,
frame_ms,0.2459,
frame_ms,0.2561,
frame_ms,0.2258,
frame_ms,0.2148,
frame_ms,0.2851,
frame_ms,0.2509,
frame_ms,0.2172,
frame_ms,0.2414,
frame_ms,0.2212,
frame_ms,0.2184,
frame_ms,0.243,
frame_ms,0.2288,
frame_ms,0.2134,
frame_ms,0.2417,
frame_ms,0.2203,
frame_ms,0.2251,
frame_ms,0.2364,
frame_ms,0.2098,
frame_ms,0.2104,
frame_ms,0.418,
tick_us,174.3,0
frame_ms,0.6955,
frame_ms,0.3386,
frame_ms,0.2512,
frame_ms,0.2148,
frame_ms,0.2165,
frame_ms,0.2266,
frame_ms,0.2387,
frame_ms,0.2212,
frame_ms,0.2297,
frame_ms,0.2564,
frame_ms,0.2264,
frame_ms,0.2126,
frame_ms,0.2413,
frame_ms,0.2203,
frame_ms,0.2338,
frame_ms,0.2162,
frame_ms,0.2291,
frame_ms,0.2112,
frame_ms,0.211,
frame_ms,0.263,
frame_ms,0.2277,
frame_ms,0.2083,
frame_ms,0.2435,
frame_ms,0.2279,
frame_ms,0.2787,
frame_ms,0.226,
frame_ms,0.2174,
tick_us,125.5,0
frame_ms,0.5353,
frame_ms,0.2386,
frame_ms,0.2125,
frame_ms,0.2145,
frame_ms,0.6764,
frame_ms,0.4272,
frame_ms,0.2165,
frame_ms,0.2167,
frame_ms,0.2079,
frame_ms,0.226,
frame_ms,0.2298,
frame_ms,0.2164,
frame_ms,0.2504,
frame_ms,0.2665,
frame_ms,0.271,
frame_ms,0.2279,
frame_ms,0.2179,
frame_ms,0.2103,
frame_ms,0.231,
frame_ms,0.2168,
frame_ms,0.3096,
frame_ms,0.2701,
frame_ms,0.2405,
frame_ms,0.2216,
frame_ms,0.2185,
frame_ms,0.208,
tick_us,133.9,2
frame_ms,0.5426,
frame_ms,0.2375,
frame_ms,0.2058,
frame_ms,0.2119,
frame_ms,0.2017,
frame_ms,0.2401,
frame_ms,0.2201,
frame_ms,0.2355,
frame_ms,0.2025,
frame_ms,0.2039,
frame_ms,0.2475,
frame_ms,0.2283,
frame_ms,0.2097,
frame_ms,0.2469,
frame_ms,0.2494,
frame_ms,0.2565,
frame_ms,0.2096,
frame_ms,0.2109,
frame_ms,0.2525,
frame_ms,0.2296,
frame_ms,0.209,
frame_ms,0.2246,
frame_ms,0.2088,
frame_ms,0.2136,
frame_ms,0.2814,
frame_ms,0.2456,
frame_ms,0.2132,
frame_ms,0.2314,
frame_ms,0.2204,
frame_ms,0.2023,
tick_us,133.5,0
frame_ms,0.5318,
frame_ms,0.2411,
frame_ms,0.2049,
frame_ms,0.2115,
frame_ms,0.2045,
frame_ms,0.2976,
frame_ms,0.2683,
frame_ms,0.2247,
frame_ms,0.2138,
frame_ms,0.2351,
frame_ms,0.4115,
frame_ms,0.6168,
frame_ms,0.2952,
frame_ms,0.2244,
frame_ms,0.2259,
frame_ms,0.2141,
frame_ms,0.2076,
frame_ms,0.2355,
frame_ms,0.2095,
frame_ms,0.2211,
frame_ms,0.2341,
frame_ms,0.2118,
frame_ms,0.2295,
frame_ms,0.2073,
frame_ms,0.2082,
frame_ms,0.241,
tick_us,137.1,0
frame_ms,0.5269,
frame_ms,0.2241,
frame_ms,0.2029,
frame_ms,0.2028,
frame_ms,0.2059,
frame_ms,0.2442,
frame_ms,0.2258,
frame_ms,0.2214,
frame_ms,0.2331,
frame_ms,0.2545,
frame_ms,0.2279,
frame_ms,0.2066,
frame_ms,0.2402,
frame_ms,0.2127,
frame_ms,0.2069,
frame_ms,0.2524,
frame_ms,0.2206,
frame_ms,0.2533,
frame_ms,0.2181,
frame_ms,0.2018,
frame_ms,0.2693,
frame_ms,0.2097,
frame_ms,0.2084,
frame_ms,0.2415,
frame_ms,0.2286,
frame_ms,0.202,
frame_ms,0.2459,
frame_ms,0.2286,
frame_ms,0.208,
frame_ms,0.24,
tick_us,134.1,0
frame_ms,0.5136,
frame_ms,0.2272,
frame_ms,0.2023,
frame_ms,0.2016,
frame_ms,0.2084,
frame_ms,0.2454,
frame_ms,0.2227,
frame_ms,0.2273,
frame_ms,0.2214,
frame_ms,0.2082,
frame_ms,0.209,
frame_ms,0.2665,
frame_ms,0.2317,
frame_ms,0.2056,
frame_ms,0.2447,
frame_ms,0.2184,
frame_ms,0.2055,
frame_ms,0.2355,
frame_ms,0.2283,
frame_ms,0.3338,
frame_ms,0.2659,
frame_ms,0.2515,
frame_ms,0.2214,
frame_ms,0.2436,
frame_ms,0.2072,
frame_ms,0.2041,
frame_ms,0.2477,
frame_ms,0.2272,
frame_ms,0.2065,
tick_us,134.1,0
frame_ms,0.5295,
frame_ms,0.238,
frame_ms,0.2068,
frame_ms,0.2061,
frame_ms,0.2046,
frame_ms,0.227,
frame_ms,0.2053,
frame_ms,0.217,
frame_ms,0.2514,
frame_ms,0.224,
frame_ms,0.2254,
frame_ms,0.248,
frame_ms,0.2629,
frame_ms,0.2315,
frame_ms,0.2132,
frame_ms,0.2115,
frame_ms,0.2541,
frame_ms,0.213,
frame_ms,0.2439,
frame_ms,0.2246,
frame_ms,0.2149,
frame_ms,0.2319,
frame_ms,0.2085,
frame_ms,0.2082,
frame_ms,0.2898,
frame_ms,0.278,
frame_ms,0.2382,
frame_ms,0.2165,
frame_ms,0.217,
tick_us,137.1,0
frame_ms,0.492,
frame_ms,0.2335,
frame_ms,0.2075,
frame_ms,0.2093,
frame_ms,0.2068,
frame_ms,0.2532,
frame_ms,0.2222,
frame_ms,0.2303,
frame_ms,0.2336,
frame_ms,0.2008,
frame_ms,0.2447,
frame_ms,0.2302,
frame_ms,0.2127,
frame_ms,0.3934,
frame_ms,0.3819,
frame_ms,0.3772,
frame_ms,0.3861,
frame_ms,0.2522,
frame_ms,0.2157,
frame_ms,0.2261,
frame_ms,0.2211,
frame_ms,0.212,
frame_ms,0.2881,
frame_ms,0.423,
frame_ms,0.2789,
tick_us,140.6,0
frame_ms,0.5409,
frame_ms,0.2498,
frame_ms,0.2239,
frame_ms,0.2827,
frame_ms,0.331,
frame_ms,0.2212,
frame_ms,0.2212,
frame_ms,0.2133,
frame_ms,0.2161,
frame_ms,0.2358,
frame_ms,0.2308,
frame_ms,0.2133,
frame_ms,0.2681,
frame_ms,0.224,
frame_ms,0.2069,
frame_ms,0.2075,
frame_ms,0.2602,
frame_ms,0.2231,
frame_ms,0.2067,
frame_ms,0.2544,
frame_ms,0.2201,
frame_ms,0.2319,
frame_ms,0.2077,
frame_ms,0.2169,
frame_ms,0.2531,
frame_ms,0.2117,
frame_ms,0.2085,
frame_ms,0.2378,
frame_ms,0.2188,
tick_us,134.3,0
frame_ms,0.498,
frame_ms,0.2287,
frame_ms,0.2057,
frame_ms,0.207,
frame_ms,0.2048,
frame_ms,0.2534,
frame_ms,0.2196,
frame_ms,0.2306,
frame_ms,0.2236,
frame_ms,0.2068,
frame_ms,0.2094,
frame_ms,0.2722,
frame_ms,0.231,
frame_ms,0.2085,
frame_ms,0.4251,
frame_ms,0.3901,
frame_ms,0.3405,
frame_ms,0.339,
frame_ms,0.3712,
frame_ms,0.2662,
frame_ms,0.2259,
frame_ms,0.219,
frame_ms,0.2225,
frame_ms,0.2174,
frame_ms,0.2203,
frame_ms,0.275,
tick_us,152.2,0
frame_ms,0.7161,
frame_ms,0.3582,
frame_ms,0.3524,
frame_ms,0.3482,
frame_ms,0.3463,
frame_ms,0.3436,
frame_ms,0.3347,
frame_ms,0.3309,
frame_ms,0.3349,
frame_ms,0.3324,
frame_ms,0.4658,
frame_ms,0.3221,
frame_ms,0.3326,
frame_ms,0.3285,
frame_ms,0.329,
frame_ms,0.3583,
frame_ms,0.3396,
frame_ms,0.3168,
frame_ms,0.3272,
tick_us,165.6,0
frame_ms,0.6539,
frame_ms,0.3116,
frame_ms,0.2968,
frame_ms,0.2758,
frame_ms,0.2317,
frame_ms,0.2255,
frame_ms,0.2085,
frame_ms,0.2025,
frame_ms,0.2419,
frame_ms,0.2212,
frame_ms,0.2072,
frame_ms,0.2401,
frame_ms,0.2237,
frame_ms,0.2106,
frame_ms,0.214,
frame_ms,0.2909,
frame_ms,0.2874,
frame_ms,0.2487,
frame_ms,0.2396,
frame_ms,0.2373,
frame_ms,0.2269,
frame_ms,0.2265,
frame_ms,0.3087,
frame_ms,0.281,
frame_ms,0.2227,
frame_ms,0.2208,
frame_ms,0.2118,
tick_us,146.1,0
frame_ms,0.5162,
frame_ms,0.2378,
frame_ms,0.2234,
frame_ms,0.2163,
frame_ms,0.2111,
frame_ms,0.2056,
frame_ms,0.2909,
frame_ms,0.2867,
frame_ms,0.2345,
frame_ms,0.2173,
frame_ms,0.2172,
frame_ms,0.4475,
frame_ms,0.4306,
frame_ms,0.3488,
frame_ms,0.2788,
frame_ms,0.2158,
frame_ms,0.2157,
frame_ms,0.2127,
frame_ms,0.2323,
frame_ms,0.2121,
frame_ms,0.2083,
frame_ms,0.2169,
frame_ms,0.2595,
frame_ms,0.2308,
frame_ms,0.2105,
frame_ms,0.2421,
frame_ms,0.2196,
tick_us,145.8,0
frame_ms,0.5292,
frame_ms,0.2302,
frame_ms,0.2081,
frame_ms,0.2158,
frame_ms,0.2106,
frame_ms,0.2638,
frame_ms,0.2168,
frame_ms,0.221,
frame_ms,0.2682,
frame_ms,0.2353,
frame_ms,0.2126,
frame_ms,0.4311,
frame_ms,0.3778,
frame_ms,0.3472,
frame_ms,0.3935,
frame_ms,0.3482,
frame_ms,0.2888,
frame_ms,0.2232,
frame_ms,0.2251,
frame_ms,0.21,
frame_ms,0.2082,
frame_ms,0.2682,
frame_ms,0.2318,
frame_ms,0.214,
frame_ms,0.2465,
tick_us,139.9,0
frame_ms,0.5278,
frame_ms,0.2384,
frame_ms,0.2133,
frame_ms,0.2164,
frame_ms,0.2133,
frame_ms,0.2044,
frame_ms,0.2485,
frame_ms,0.2136,
frame_ms,0.2381,
frame_ms,0.211,
frame_ms,0.206,
frame_ms,0.2382,
frame_ms,0.2255,
frame_ms,0.2145,
frame_ms,0.2294,
frame_ms,0.2042,
frame_ms,0.2098,
frame_ms,0.2549,
frame_ms,0.2292,
frame_ms,0.5784,
frame_ms,0.5439,
frame_ms,0.3542,
frame_ms,0.3404,
frame_ms,0.337,
frame_ms,0.3332,
tick_us,127.8,0
frame_ms,0.5296,
frame_ms,0.232,
frame_ms,0.209,
frame_ms,0.2137,
frame_ms,0.2058,
frame_ms,0.2077,
frame_ms,0.2481,
frame_ms,0.2287,
frame_ms,0.2059,
frame_ms,0.2457,
frame_ms,0.229,
frame_ms,0.2079,
frame_ms,0.2501,
frame_ms,0.2233,
frame_ms,0.2301,
frame_ms,0.2076,
frame_ms,0.2621,
frame_ms,0.231,
frame_ms,0.2109,
frame_ms,0.2612,
frame_ms,0.231,
frame_ms,0.2159,
frame_ms,0.2604,
frame_ms,0.2297,
frame_ms,0.208,
frame_ms,0.2445,
frame_ms,0.2199,
frame_ms,0.2304,
frame_ms,0.2979,
tick_us,125.7,0
frame_ms,0.5362,
frame_ms,0.2385,
frame_ms,0.2129,
frame_ms,0.2126,
frame_ms,0.2119,
frame_ms,0.2105,
frame_ms,0.2673,
frame_ms,0.291,
frame_ms,0.2457,
frame_ms,0.2234,
frame_ms,0.2137,
frame_ms,0.2316,
frame_ms,0.2255,
frame_ms,0.2294,
frame_ms,0.2239,
frame_ms,0.2527,
frame_ms,0.2582,
frame_ms,0.2484,
frame_ms,0.2119,
frame_ms,0.3633,
frame_ms,0.2991,
frame_ms,0.2348,
frame_ms,0.2118,
frame_ms,0.208,
frame_ms,0.3722,
frame_ms,0.3946,
tick_us,156.7,0
frame_ms,0.6687,
frame_ms,0.3235,
frame_ms,0.3356,
frame_ms,0.2751,
frame_ms,0.2349,
frame_ms,0.2568,
frame_ms,0.2231,
frame_ms,0.2155,
frame_ms,0.2103,
frame_ms,0.2277,
frame_ms,0.2305,
frame_ms,0.27,
frame_ms,0.2228,
frame_ms,0.2182,
frame_ms,0.2149,
frame_ms,0.2578,
frame_ms,0.2197,
frame_ms,0.2313,
frame_ms,0.1985,
frame_ms,0.2377,
frame_ms,0.21,
frame_ms,0.2472,
frame_ms,0.2109,
frame_ms,0.2067,
frame_ms,0.4177,
frame_ms,0.3639,
tick_us,161,0
frame_ms,0.6486,
frame_ms,0.3171,
frame_ms,0.4232,
frame_ms,0.3427,
frame_ms,0.3309,
frame_ms,0.3363,
frame_ms,0.333,
frame_ms,0.3816,
frame_ms,0.2896,
frame_ms,0.214,
frame_ms,0.2151,
frame_ms,0.2128,
frame_ms,0.21,
frame_ms,0.2501,
frame_ms,0.2298,
frame_ms,0.2041,
frame_ms,0.2456,
frame_ms,0.2112,
frame_ms,0.2123,
frame_ms,0.2499,
frame_ms,0.2234,
frame_ms,0.2079,
frame_ms,0.2332,
frame_ms,0.1974,
frame_ms,0.2113,
tick_us,139.7,0
frame_ms,0.5728,
frame_ms,0.2453,
frame_ms,0.208,
frame_ms,1.1077,
frame_ms,0.6495,
frame_ms,0.2739,
frame_ms,0.2214,
frame_ms,0.2218,
frame_ms,0.2175,
frame_ms,0.2398,
frame_ms,0.2341,
frame_ms,0.2264,
frame_ms,0.2062,
frame_ms,0.2378,
frame_ms,0.2122,
frame_ms,0.2336,
frame_ms,0.2079,
frame_ms,0.3877,
frame_ms,0.3185,
frame_ms,0.2831,
frame_ms,0.2285,
frame_ms,0.2209,
tick_us,140.5,0
frame_ms,0.5258,
frame_ms,0.2376,
frame_ms,0.2214,
frame_ms,0.2254,
frame_ms,0.2118,
frame_ms,0.2151,
frame_ms,0.2544,
frame_ms,0.2597,
frame_ms,0.2226,
frame_ms,0.2097,
frame_ms,0.2574,
frame_ms,0.2237,
frame_ms,0.2309,
frame_ms,0.2212,
frame_ms,0.2617,
frame_ms,0.2293,
frame_ms,0.2068,
frame_ms,0.2441,
frame_ms,0.2183,
frame_ms,0.2327,
frame_ms,0.2014,
frame_ms,0.2358,
frame_ms,0.2126,
frame_ms,0.2156,
frame_ms,0.282,
frame_ms,0.2364,
frame_ms,0.2143,
frame_ms,0.2081,
frame_ms,0.2012,
tick_us,137.8,0
frame_ms,0.5387,
frame_ms,0.239,
frame_ms,0.205,
frame_ms,0.2109,
frame_ms,0.2076,
frame_ms,0.2262,
frame_ms,0.2038,
frame_ms,0.217,
frame_ms,0.2333,
frame_ms,0.2148,
frame_ms,0.2332,
frame_ms,0.2124,
frame_ms,0.4666,
frame_ms,0.3891,
frame_ms,0.2335,
frame_ms,0.2125,
frame_ms,0.2191,
frame_ms,0.2212,
frame_ms,0.2226,
frame_ms,0.2121,
frame_ms,0.2335,
frame_ms,0.2189,
frame_ms,0.2262,
frame_ms,0.2163,
frame_ms,0.2089,
frame_ms,0.3299,
frame_ms,0.2739,
frame_ms,0.2338,
tick_us,135.7,0
frame_ms,0.5001,
frame_ms,0.2248,
frame_ms,0.2065,
frame_ms,0.2137,
frame_ms,0.221,
frame_ms,0.2088,
frame_ms,0.2546,
frame_ms,0.2286,
frame_ms,0.2055,
frame_ms,0.2451,
frame_ms,0.2168,
frame_ms,0.2075,
frame_ms,0.2477,
frame_ms,0.2152,
frame_ms,0.2052,
frame_ms,0.2707,
frame_ms,0.2579,
frame_ms,0.3249,
frame_ms,0.3915,
frame_ms,0.3392,
frame_ms,0.3403,
frame_ms,0.3347,
frame_ms,0.3517,
frame_ms,0.3516,
frame_ms,0.3168,
tick_us,126.8,0
frame_ms,0.5015,
frame_ms,0.2274,
frame_ms,0.2052,
frame_ms,0.214,
frame_ms,0.2117,
frame_ms,0.2348,
frame_ms,0.2192,
frame_ms,0.2036,
frame_ms,0.2562,
frame_ms,0.223,
frame_ms,0.2281,
frame_ms,0.2234,
frame_ms,0.2264,
frame_ms,0.2072,
frame_ms,0.2409,
frame_ms,0.2251,
frame_ms,0.2089,
frame_ms,0.2872,
frame_ms,0.2592,
frame_ms,0.2296,
frame_ms,0.2178,
frame_ms,0.2137,
frame_ms,0.3917,
frame_ms,0.2897,
frame_ms,0.2498,
frame_ms,0.2772,
frame_ms,0.3783,
tick_us,165.1,0
frame_ms,0.6857,
frame_ms,0.3261,
frame_ms,0.2389,
frame_ms,0.2098,
frame_ms,0.2084,
frame_ms,0.2042,
frame_ms,0.2658,
frame_ms,0.2335,
frame_ms,0.2129,
frame_ms,0.246,
frame_ms,0.2381,
frame_ms,0.2127,
frame_ms,0.2714,
frame_ms,0.234,
frame_ms,0.2167,
frame_ms,0.2481,
frame_ms,0.2924,
frame_ms,0.2213,
frame_ms,0.206,
frame_ms,0.252,
frame_ms,0.2242,
frame_ms,0.2279,
frame_ms,0.2238,
frame_ms,0.2194,
frame_ms,0.2273,
frame_ms,0.2456,
frame_ms,0.2811,
frame_ms,0.2763,
tick_us,165.3,0
frame_ms,0.6358,
frame_ms,0.3971,
frame_ms,0.3555,
frame_ms,0.3448,
frame_ms,0.3209,
frame_ms,0.2411,
frame_ms,0.2123,
frame_ms,0.2152,
frame_ms,0.2317,
frame_ms,0.29,
frame_ms,0.3062,
frame_ms,0.2594,
frame_ms,0.2716,
frame_ms,0.3635,
frame_ms,0.2172,
frame_ms,0.2304,
frame_ms,0.2401,
frame_ms,0.2246,
frame_ms,0.2209,
frame_ms,0.2663,
frame_ms,0.2595,
frame_ms,0.2248,
frame_ms,0.2105,
frame_ms,0.2112,
tick_us,152.3,0
frame_ms,0.7675,
frame_ms,0.3746,
frame_ms,0.3804,
frame_ms,0.3548,
frame_ms,0.3532,
frame_ms,0.2758,
frame_ms,0.2271,
frame_ms,0.2318,
frame_ms,0.225,
frame_ms,0.2204,
frame_ms,0.2123,
frame_ms,0.2124,
frame_ms,0.2417,
frame_ms,0.229,
frame_ms,0.2112,
frame_ms,0.2443,
frame_ms,0.2257,
frame_ms,0.2155,
frame_ms,0.2376,
frame_ms,0.2227,
frame_ms,0.218,
frame_ms,0.2543,
frame_ms,0.2286,
frame_ms,0.2127,
frame_ms,0.2398,
frame_ms,0.2252,
tick_us,142.3,0
frame_ms,0.5125,
frame_ms,0.2611,
frame_ms,0.2108,
frame_ms,0.2176,
frame_ms,0.2122,
frame_ms,0.2415,
frame_ms,0.2314,
frame_ms,0.2161,
frame_ms,0.2628,
frame_ms,0.2303,
frame_ms,0.2177,
frame_ms,0.3459,
frame_ms,0.2621,
frame_ms,0.2133,
frame_ms,0.2161,
frame_ms,0.2072,
frame_ms,0.2429,
frame_ms,0.23,
frame_ms,0.2175,
frame_ms,0.2421,
frame_ms,0.2287,
frame_ms,0.2064,
frame_ms,0.2321,
frame_ms,0.2095,
frame_ms,0.2057,
frame_ms,0.2503,
frame_ms,0.2288,
frame_ms,0.2062,
frame_ms,0.2908,
tick_us,140.5,0
frame_ms,0.5489,
frame_ms,0.2348,
frame_ms,0.2138,
frame_ms,0.2175,
frame_ms,0.2675,
frame_ms,0.27,
frame_ms,0.2433,
frame_ms,0.2293,
frame_ms,0.2238,
frame_ms,0.2185,
frame_ms,0.2691,
frame_ms,0.2593,
frame_ms,0.2258,
frame_ms,0.2118,
frame_ms,0.2551,
frame_ms,0.2303,
frame_ms,0.2117,
frame_ms,0.2412,
frame_ms,0.2174,
frame_ms,0.234,
frame_ms,0.1986,
frame_ms,0.2409,
frame_ms,0.2115,
frame_ms,0.2346,
frame_ms,0.2123,
frame_ms,0.2529,
frame_ms,0.2649,
frame_ms,0.2338,
tick_us,138.4,0
frame_ms,0.5321,
frame_ms,0.2403,
frame_ms,0.2094,
frame_ms,0.2102,
frame_ms,0.2202,
frame_ms,0.212,
frame_ms,0.3039,
frame_ms,0.2889,
frame_ms,0.2411,
frame_ms,0.2164,
frame_ms,0.2186,
frame_ms,0.2329,
frame_ms,0.2179,
frame_ms,0.24,
frame_ms,0.2124,
frame_ms,0.2025,
frame_ms,0.2503,
frame_ms,0.2287,
frame_ms,0.2229,
frame_ms,0.2378,
frame_ms,0.2259,
frame_ms,0.2117,
frame_ms,0.2385,
frame_ms,0.2344,
frame_ms,0.2096,
frame_ms,0.2279,
frame_ms,0.2006,
frame_ms,0.2398,
frame_ms,0.2098,
tick_us,140.4,2
frame_ms,0.524,
frame_ms,0.2319,
frame_ms,0.2046,
frame_ms,0.2144,
frame_ms,0.3877,
frame_ms,0.4769,
frame_ms,0.3515,
frame_ms,0.3367,
frame_ms,0.3772,
frame_ms,0.3371,
frame_ms,0.2873,
frame_ms,0.2305,
frame_ms,0.2154,
frame_ms,0.2114,
frame_ms,0.2055,
frame_ms,0.248,
frame_ms,0.2285,
frame_ms,0.2078,
frame_ms,0.2657,
frame_ms,0.2582,
frame_ms,0.2259,
frame_ms,0.2169,
frame_ms,0.2126,
frame_ms,0.2947,
frame_ms,0.2542,
tick_us,135.8,2
frame_ms,0.5184,
frame_ms,0.248,
frame_ms,0.2083,
frame_ms,0.2147,
frame_ms,0.2795,
frame_ms,0.2294,
frame_ms,0.2137,
frame_ms,0.2096,
frame_ms,0.2792,
frame_ms,0.2752,
frame_ms,0.2404,
frame_ms,0.218,
frame_ms,0.2105,
frame_ms,0.2323,
frame_ms,0.2168,
frame_ms,0.2391,
frame_ms,0.2589,
frame_ms,0.2445,
frame_ms,0.2298,
frame_ms,0.2169,
frame_ms,0.2085,
frame_ms,0.2487,
frame_ms,0.2094,
frame_ms,0.205,
frame_ms,0.2843,
frame_ms,0.2838,
frame_ms,0.2413,
frame_ms,0.2201,
tick_us,135.5,2
frame_ms,0.4999,
frame_ms,0.2318,
frame_ms,0.2153,
frame_ms,0.2148,
frame_ms,0.2029,
frame_ms,0.2051,
frame_ms,0.2464,
frame_ms,0.3895,
frame_ms,0.2777,
frame_ms,0.2155,
frame_ms,0.2141,
frame_ms,0.2094,
frame_ms,0.2078,
frame_ms,0.2883,
frame_ms,0.2787,
frame_ms,0.2202,
frame_ms,0.216,
frame_ms,0.2076,
frame_ms,0.2517,
frame_ms,0.4276,
frame_ms,0.4047,
frame_ms,0.352,
frame_ms,0.3444,
frame_ms,0.3409,
frame_ms,0.3406,
tick_us,168.5,2
frame_ms,0.6649,
frame_ms,0.3127,
frame_ms,0.2398,
frame_ms,0.2091,
frame_ms,0.2092,
frame_ms,0.2055,
frame_ms,0.2526,
frame_ms,0.4861,
frame_ms,0.301,
frame_ms,0.2173,
frame_ms,0.2122,
frame_ms,0.2044,
frame_ms,0.2275,
frame_ms,0.2065,
frame_ms,0.1987,
frame_ms,0.2894,
frame_ms,0.2917,
frame_ms,0.2465,
frame_ms,0.2261,
frame_ms,0.2138,
frame_ms,0.2076,
frame_ms,0.2566,
frame_ms,0.2267,
frame_ms,0.2089,
frame_ms,0.2411,
frame_ms,0.2169,
frame_ms,0.2075,
tick_us,140,2
frame_ms,0.5241,
frame_ms,0.2373,
frame_ms,0.2071,
frame_ms,0.2071,
frame_ms,0.221,
frame_ms,0.2086,
frame_ms,0.262,
frame_ms,0.266,
frame_ms,0.2244,
frame_ms,0.2111,
frame_ms,0.243,
frame_ms,0.2289,
frame_ms,0.2093,
frame_ms,0.2435,
frame_ms,0.2314,
frame_ms,0.2125,
frame_ms,0.2638,
frame_ms,0.233,
frame_ms,0.2111,
frame_ms,0.2463,
frame_ms,0.2303,
frame_ms,0.2069,
frame_ms,0.2449,
frame_ms,0.2224,
frame_ms,0.2053,
frame_ms,0.2372,
frame_ms,0.206,
frame_ms,0.2125,
frame_ms,0.2436,
tick_us,141.3,2
frame_ms,0.6081,
frame_ms,0.2967,
frame_ms,0.2539,
frame_ms,0.2351,
frame_ms,0.2462,
frame_ms,0.2395,
frame_ms,0.2928,
frame_ms,0.2373,
frame_ms,0.3129,
frame_ms,0.2541,
frame_ms,0.2214,
frame_ms,0.2724,
frame_ms,0.2206,
frame_ms,0.2092,
frame_ms,0.2088,
frame_ms,0.2808,
frame_ms,0.2821,
frame_ms,0.2409,
frame_ms,0.2241,
frame_ms,0.2134,
frame_ms,0.2118,
frame_ms,0.2601,
frame_ms,0.2203,
frame_ms,0.2066,
frame_ms,0.2359,
frame_ms,0.2082,
frame_ms,0.2037,
tick_us,139.6,2
frame_ms,0.5361,
frame_ms,0.2342,
frame_ms,0.2067,
frame_ms,0.2114,
frame_ms,0.2169,
frame_ms,0.2093,
frame_ms,0.2395,
frame_ms,0.2265,
frame_ms,0.2073,
frame_ms,0.2422,
frame_ms,0.4145,
frame_ms,0.3682,
frame_ms,0.3466,
frame_ms,0.3317,
frame_ms,0.3342,
frame_ms,0.3098,
frame_ms,0.2336,
frame_ms,0.2063,
frame_ms,0.206,
frame_ms,0.2037,
frame_ms,0.2902,
frame_ms,0.2752,
frame_ms,0.2177,
frame_ms,0.2162,
frame_ms,0.2089,
frame_ms,0.2397,
tick_us,134.2,2
frame_ms,0.5027,
frame_ms,0.239,
frame_ms,0.2092,
frame_ms,0.2312,
frame_ms,0.2142,
frame_ms,0.2071,
frame_ms,0.2398,
frame_ms,0.3624,
frame_ms,0.362,
frame_ms,0.2742,
frame_ms,0.2528,
frame_ms,0.309,
frame_ms,0.2383,
frame_ms,0.2474,
frame_ms,0.2084,
frame_ms,0.2104,
frame_ms,0.2247,
frame_ms,0.258,
frame_ms,0.2305,
frame_ms,0.2074,
frame_ms,0.209,
frame_ms,0.228,
frame_ms,0.209,
frame_ms,0.2055,
frame_ms,0.2469,
frame_ms,0.2201,
frame_ms,0.2018,
frame_ms,0.2046,
tick_us,143.2,2
frame_ms,0.5394,
frame_ms,0.2388,
frame_ms,0.2055,
frame_ms,0.2276,
frame_ms,0.2116,
frame_ms,0.2065,
frame_ms,0.2613,
frame_ms,0.282,
frame_ms,0.2455,
frame_ms,0.2395,
frame_ms,0.2153,
frame_ms,0.2095,
frame_ms,0.2355,
frame_ms,0.3167,
frame_ms,0.221,
frame_ms,0.2117,
frame_ms,0.2086,
frame_ms,0.2385,
frame_ms,0.2169,
frame_ms,0.2312,
frame_ms,0.2034,
frame_ms,0.2324,
frame_ms,0.2172,
frame_ms,0.211,
frame_ms,0.2552,
frame_ms,0.2193,
frame_ms,0.2358,
frame_ms,0.2115,
frame_ms,0.2282,
tick_us,136.4,2
frame_ms,0.4913,
frame_ms,0.2195,
frame_ms,0.2159,
frame_ms,0.2138,
frame_ms,0.2286,
frame_ms,0.2292,
frame_ms,0.235,
frame_ms,0.2179,
frame_ms,0.2298,
frame_ms,0.2239,
frame_ms,0.2139,
frame_ms,0.2044,
frame_ms,0.2725,
frame_ms,0.4116,
frame_ms,0.3859,
frame_ms,0.4574,
frame_ms,0.3527,
frame_ms,0.3495,
frame_ms,0.3366,
frame_ms,0.338,
frame_ms,0.3469,
frame_ms,0.2669,
frame_ms,0.227,
frame_ms,0.2225,
tick_us,138.4,2
frame_ms,0.516,
frame_ms,0.2406,
frame_ms,0.2095,
frame_ms,0.2246,
frame_ms,0.2315,
frame_ms,0.2148,
frame_ms,0.2401,
frame_ms,0.2322,
frame_ms,0.2131,
frame_ms,0.2247,
frame_ms,0.2348,
frame_ms,0.2103,
frame_ms,0.2484,
frame_ms,0.2285,
frame_ms,0.2073,
frame_ms,0.3112,
frame_ms,0.3203,
frame_ms,0.4084,
frame_ms,0.3549,
frame_ms,0.3419,
frame_ms,0.3661,
frame_ms,0.2586,
frame_ms,0.215,
frame_ms,0.217,
frame_ms,0.212,
frame_ms,0.2077,
tick_us,127.5,2
frame_ms,0.5745,
frame_ms,0.2993,
frame_ms,0.2338,
frame_ms,0.2102,
frame_ms,0.2075,
frame_ms,0.2143,
frame_ms,0.2652,
frame_ms,0.2281,
frame_ms,0.2072,
frame_ms,0.2431,
frame_ms,0.2143,
frame_ms,0.2474,
frame_ms,0.2711,
frame_ms,0.2288,
frame_ms,0.211,
frame_ms,0.223,
frame_ms,0.2616,
frame_ms,0.2386,
frame_ms,0.2205,
frame_ms,0.2621,
frame_ms,0.231,
frame_ms,0.21,
frame_ms,0.2424,
frame_ms,0.3698,
frame_ms,0.2442,
frame_ms,0.2216,
frame_ms,0.2135,
frame_ms,0.2102,
tick_us,136.8,2
frame_ms,0.5019,
frame_ms,0.2401,
frame_ms,0.2178,
frame_ms,0.2117,
frame_ms,0.2014,
frame_ms,0.2062,
frame_ms,0.2631,
frame_ms,0.2242,
frame_ms,0.2282,
frame_ms,0.2109,
frame_ms,0.2559,
frame_ms,0.229,
frame_ms,0.2972,
frame_ms,0.2609,
frame_ms,0.2427,
frame_ms,0.2299,
frame_ms,0.2336,
frame_ms,0.2329,
frame_ms,0.2455,
frame_ms,0.2922,
frame_ms,0.2403,
frame_ms,0.2141,
frame_ms,0.2105,
frame_ms,0.24,
frame_ms,0.2971,
frame_ms,0.2423,
frame_ms,0.216,
frame_ms,0.2121,
tick_us,140.9,2
frame_ms,0.5101,
frame_ms,0.2435,
frame_ms,0.2133,
frame_ms,0.2124,
frame_ms,0.2037,
frame_ms,0.2531,
frame_ms,0.2195,
frame_ms,0.2367,
frame_ms,0.2036,
frame_ms,0.2312,
frame_ms,0.208,
frame_ms,0.21,
frame_ms,0.2539,
frame_ms,0.2369,
frame_ms,0.2118,
frame_ms,0.2549,
frame_ms,0.2301,
frame_ms,0.224,
frame_ms,0.274,
frame_ms,0.2441,
frame_ms,0.2553,
frame_ms,0.2418,
frame_ms,0.2341,
frame_ms,0.226,
frame_ms,0.2272,
frame_ms,0.2226,
frame_ms,0.2374,
frame_ms,0.2578,
frame_ms,0.2299,
tick_us,124.8,2
frame_ms,0.4751,
frame_ms,0.2237,
frame_ms,0.2701,
frame_ms,0.4966,
frame_ms,0.3578,
frame_ms,0.3382,
frame_ms,0.3372,
frame_ms,0.3343,
frame_ms,0.2917,
frame_ms,0.2195,
frame_ms,0.2152,
frame_ms,0.2087,
frame_ms,0.208,
frame_ms,0.2497,
frame_ms,0.2292,
frame_ms,0.2112,
frame_ms,0.2957,
frame_ms,0.2294,
frame_ms,0.2456,
frame_ms,0.2302,
frame_ms,0.225,
frame_ms,0.2495,
frame_ms,0.2178,
frame_ms,0.2229,
frame_ms,0.305,
tick_us,134.8,4
frame_ms,0.5655,
frame_ms,0.2619,
frame_ms,0.2178,
frame_ms,0.2201,
frame_ms,0.2097,
frame_ms,0.2191,
frame_ms,0.2339,
frame_ms,0.2245,
frame_ms,0.2139,
frame_ms,0.2384,
frame_ms,0.2122,
frame_ms,0.2077,
frame_ms,1.2164,
frame_ms,0.2421,
frame_ms,0.2142,
frame_ms,0.2997,
frame_ms,0.2438,
frame_ms,0.2181,
frame_ms,0.218,
frame_ms,0.2082,
frame_ms,0.2143,
frame_ms,0.2786,
frame_ms,0.2695,
frame_ms,0.2386,
frame_ms,0.2209,
tick_us,133.5,4
frame_ms,0.5034,
frame_ms,0.2278,
frame_ms,0.2153,
frame_ms,0.2198,
frame_ms,0.2101,
frame_ms,0.2091,
frame_ms,0.2551,
frame_ms,0.2437,
frame_ms,0.2183,
frame_ms,0.2116,
frame_ms,0.5746,
frame_ms,0.3131,
frame_ms,0.2359,
frame_ms,0.2043,
frame_ms,0.205,
frame_ms,0.2077,
frame_ms,0.2558,
frame_ms,0.4279,
frame_ms,0.3078,
frame_ms,0.2355,
frame_ms,0.2091,
frame_ms,0.2973,
frame_ms,0.4856,
frame_ms,0.3654,
tick_us,159.9,4
frame_ms,0.6656,
frame_ms,0.327,
frame_ms,0.339,
frame_ms,0.3829,
frame_ms,0.3358,
frame_ms,0.3342,
frame_ms,0.3325,
frame_ms,0.3126,
frame_ms,0.2409,
frame_ms,0.2109,
frame_ms,0.2099,
frame_ms,0.2116,
frame_ms,0.2506,
frame_ms,0.2217,
frame_ms,0.2124,
frame_ms,0.2374,
frame_ms,0.2236,
frame_ms,0.2147,
frame_ms,0.3159,
frame_ms,0.2405,
frame_ms,0.2152,
frame_ms,0.2249,
frame_ms,0.217,
frame_ms,0.2059,
frame_ms,0.2591,
tick_us,123.8,4
frame_ms,0.5598,
frame_ms,0.2454,
frame_ms,0.2139,
frame_ms,0.2197,
frame_ms,0.2139,
frame_ms,0.2156,
frame_ms,0.2685,
frame_ms,0.2279,
frame_ms,0.2097,
frame_ms,0.2427,
frame_ms,0.2325,
frame_ms,0.2254,
frame_ms,0.2375,
frame_ms,0.2151,
frame_ms,0.2525,
frame_ms,0.2274,
frame_ms,0.2099,
frame_ms,0.2422,
frame_ms,0.2286,
frame_ms,0.7446,
frame_ms,0.2754,
frame_ms,0.2634,
frame_ms,0.388,
frame_ms,0.2734,
frame_ms,0.2185,
tick_us,139.2,4
frame_ms,0.5196,
frame_ms,0.2435,
frame_ms,0.2092,
frame_ms,0.2177,
frame_ms,0.2173,
frame_ms,0.2152,
frame_ms,0.2376,
frame_ms,0.2132,
frame_ms,0.4811,
frame_ms,0.3496,
frame_ms,0.3331,
frame_ms,0.2517,
frame_ms,0.2229,
frame_ms,0.2176,
frame_ms,0.2113,
frame_ms,0.2632,
frame_ms,0.2301,
frame_ms,0.2125,
frame_ms,0.2243,
frame_ms,0.2032,
frame_ms,0.2092,
frame_ms,0.246,
frame_ms,0.2324,
frame_ms,0.3619,
frame_ms,0.2421,
frame_ms,0.2138,
frame_ms,0.2064,
tick_us,130.4,4
frame_ms,0.4818,
frame_ms,0.2198,
frame_ms,0.2068,
frame_ms,0.2182,
frame_ms,0.2097,
frame_ms,0.2546,
frame_ms,0.2515,
frame_ms,0.2144,
frame_ms,0.2068,
frame_ms,0.2564,
frame_ms,0.2123,
frame_ms,0.2151,
frame_ms,0.2358,
frame_ms,0.2307,
frame_ms,0.2117,
frame_ms,0.2308,
frame_ms,0.2122,
frame_ms,0.2008,
frame_ms,0.296,
frame_ms,0.2896,
frame_ms,0.269,
frame_ms,0.2201,
frame_ms,0.2133,
frame_ms,0.2078,
frame_ms,0.2078,
frame_ms,0.3212,
frame_ms,0.3195,
frame_ms,0.3204,
tick_us,136.2,6
frame_ms,0.5249,
frame_ms,0.2283,
frame_ms,0.206,
frame_ms,0.2076,
frame_ms,0.2149,
frame_ms,0.2406,
frame_ms,0.2313,
frame_ms,0.2068,
frame_ms,0.2402,
frame_ms,0.2175,
frame_ms,0.2079,
frame_ms,0.25,
frame_ms,0.2225,
frame_ms,0.228,
frame_ms,0.2243,
frame_ms,0.2244,
frame_ms,0.2104,
frame_ms,0.2262,
frame_ms,0.2031,
frame_ms,0.2063,
frame_ms,0.2389,
frame_ms,0.2148,
frame_ms,0.2337,
frame_ms,0.1998,
frame_ms,0.2352,
frame_ms,0.2249,
frame_ms,0.2045,
frame_ms,0.398,
frame_ms,0.3905,
tick_us,154,6
frame_ms,0.6588,
frame_ms,0.3222,
frame_ms,0.3461,
frame_ms,0.3367,
frame_ms,0.3324,
frame_ms,0.3325,
frame_ms,0.3337,
frame_ms,0.3353,
frame_ms,0.3447,
frame_ms,0.3339,
frame_ms,0.3294,
frame_ms,0.4016,
frame_ms,0.2622,
frame_ms,0.4589,
frame_ms,0.2589,
frame_ms,0.3256,
frame_ms,0.2424,
frame_ms,0.2231,
frame_ms,0.2172,
frame_ms,0.2184,
frame_ms,0.2449,
tick_us,131.4,6
frame_ms,0.5325,
frame_ms,0.2327,
frame_ms,0.209,
frame_ms,0.2119,
frame_ms,0.2066,
frame_ms,0.2351,
frame_ms,0.3512,
frame_ms,0.3897,
frame_ms,0.3338,
frame_ms,0.3386,
frame_ms,0.3284,
frame_ms,0.3449,
frame_ms,0.3729,
frame_ms,0.3321,
frame_ms,0.3306,
frame_ms,0.332,
frame_ms,0.3289,
frame_ms,0.378,
frame_ms,0.3461,
frame_ms,0.3563,
frame_ms,0.3282,
tick_us,165.8,6
frame_ms,0.6581,
frame_ms,0.2886,
frame_ms,0.2677,
frame_ms,0.2172,
frame_ms,0.2132,
frame_ms,0.2129,
frame_ms,0.2256,
frame_ms,0.2294,
frame_ms,0.2128,
frame_ms,0.2004,
frame_ms,0.2976,
frame_ms,0.2734,
frame_ms,0.2331,
frame_ms,0.2247,
frame_ms,0.2235,
frame_ms,0.217,
frame_ms,0.3086,
frame_ms,0.3216,
frame_ms,0.2496,
frame_ms,0.2188,
frame_ms,0.2192,
frame_ms,0.2067,
frame_ms,0.2615,
frame_ms,0.2196,
frame_ms,0.2302,
frame_ms,0.1999,
frame_ms,0.2398,
frame_ms,0.2248,
tick_us,139.2,6
frame_ms,0.5075,
frame_ms,0.2382,
frame_ms,0.2126,
frame_ms,0.2233,
frame_ms,0.2121,
frame_ms,0.2166,
frame_ms,0.2567,
frame_ms,0.2298,
frame_ms,0.2115,
frame_ms,0.2481,
frame_ms,0.2291,
frame_ms,0.2141,
frame_ms,0.2372,
frame_ms,0.3929,
frame_ms,0.2935,
frame_ms,0.2405,
frame_ms,0.2166,
frame_ms,0.2066,
frame_ms,0.2333,
frame_ms,0.2226,
frame_ms,0.2248,
frame_ms,0.2355,
frame_ms,0.2252,
frame_ms,0.2106,
frame_ms,0.2457,
frame_ms,0.2147,
frame_ms,0.2132,
frame_ms,0.2566,
tick_us,138.4,4
frame_ms,0.5132,
frame_ms,0.3222,
frame_ms,0.2392,
frame_ms,0.2152,
frame_ms,0.2167,
frame_ms,0.2255,
frame_ms,0.2136,
frame_ms,0.2467,
frame_ms,0.299,
frame_ms,0.2404,
frame_ms,0.2172,
frame_ms,0.2132,
frame_ms,0.2291,
frame_ms,0.2144,
frame_ms,0.2061,
frame_ms,0.2216,
frame_ms,0.2306,
frame_ms,0.2178,
frame_ms,0.2097,
frame_ms,0.2553,
frame_ms,0.2241,
frame_ms,0.2098,
frame_ms,0.2363,
frame_ms,0.2224,
frame_ms,0.2068,
frame_ms,0.247,
frame_ms,0.2219,
frame_ms,0.2088,
frame_ms,0.2531,
tick_us,137.8,4
frame_ms,0.5129,
frame_ms,0.2409,
frame_ms,0.2057,
frame_ms,0.2252,
frame_ms,0.2126,
frame_ms,0.2384,
frame_ms,0.2265,
frame_ms,0.2165,
frame_ms,0.232,
frame_ms,0.2171,
frame_ms,0.2337,
frame_ms,0.2112,
frame_ms,0.224,
frame_ms,0.2295,
frame_ms,0.2156,
frame_ms,0.2197,
frame_ms,0.1945,
frame_ms,0.2556,
frame_ms,0.2109,
frame_ms,0.1984,
frame_ms,0.2547,
frame_ms,0.2399,
frame_ms,0.2195,
frame_ms,0.2087,
frame_ms,0.2637,
frame_ms,0.2296,
frame_ms,0.2048,
frame_ms,0.229,
frame_ms,0.1998,
frame_ms,0.3007,
tick_us,128.9,4
frame_ms,0.5386,
frame_ms,0.2382,
frame_ms,0.2218,
frame_ms,0.2875,
frame_ms,0.3142,
frame_ms,0.207,
frame_ms,0.2104,
frame_ms,0.23,
frame_ms,0.2178,
frame_ms,0.2283,
frame_ms,0.2384,
frame_ms,0.2164,
frame_ms,0.2006,
frame_ms,0.2637,
frame_ms,0.2284,
frame_ms,0.2095,
frame_ms,0.2559,
frame_ms,0.2841,
frame_ms,0.2467,
frame_ms,0.2414,
frame_ms,0.2308,
frame_ms,0.2355,
frame_ms,0.2286,
frame_ms,0.224,
frame_ms,0.2471,
frame_ms,0.2228,
frame_ms,0.2448,
frame_ms,0.2253,
tick_us,140.2,4
frame_ms,0.541,
frame_ms,0.2423,
frame_ms,0.2644,
frame_ms,0.2997,
frame_ms,0.2538,
frame_ms,0.2213,
frame_ms,0.2326,
frame_ms,0.2251,
frame_ms,0.2205,
frame_ms,0.2188,
frame_ms,0.2608,
frame_ms,0.2616,
frame_ms,0.2289,
frame_ms,0.2097,
frame_ms,0.2096,
frame_ms,0.254,
frame_ms,0.2282,
frame_ms,0.2064,
frame_ms,0.2446,
frame_ms,0.2283,
frame_ms,0.2103,
frame_ms,0.2299,
frame_ms,0.2259,
frame_ms,0.2115,
frame_ms,0.2247,
frame_ms,0.6886,
tick_us,136,4
frame_ms,0.5265,
frame_ms,0.2399,
frame_ms,0.2109,
frame_ms,0.2378,
frame_ms,0.2862,
frame_ms,0.2365,
frame_ms,0.2235,
frame_ms,0.2175,
frame_ms,0.2117,
frame_ms,0.213,
frame_ms,0.2894,
frame_ms,0.2277,
frame_ms,0.2174,
frame_ms,0.235,
frame_ms,0.2153,
frame_ms,0.2069,
frame_ms,0.2338,
frame_ms,0.2165,
frame_ms,0.2145,
frame_ms,0.2412,
frame_ms,0.2099,
frame_ms,0.2081,
frame_ms,0.3037,
frame_ms,0.2833,
frame_ms,0.2396,
frame_ms,0.223,
frame_ms,0.2157,
frame_ms,0.2086,
frame_ms,0.2657,
tick_us,139.4,4
frame_ms,0.5221,
frame_ms,0.2379,
frame_ms,0.2072,
frame_ms,0.2094,
frame_ms,0.208,
frame_ms,0.3638,
frame_ms,0.2663,
frame_ms,0.2146,
frame_ms,0.2145,
frame_ms,0.2978,
frame_ms,0.2205,
frame_ms,0.2066,
frame_ms,0.2051,
frame_ms,0.3006,
frame_ms,0.281,
frame_ms,0.2201,
frame_ms,0.2128,
frame_ms,0.2098,
frame_ms,0.2443,
frame_ms,0.2204,
frame_ms,0.231,
frame_ms,0.222,
frame_ms,0.2114,
frame_ms,0.2283,
frame_ms,0.2071,
frame_ms,0.2106,
frame_ms,0.2532,
frame_ms,0.2271,
tick_us,137.6,2
frame_ms,0.4992,
frame_ms,0.414,
frame_ms,0.2822,
frame_ms,0.2729,
frame_ms,0.5167,
frame_ms,0.3572,
frame_ms,0.3229,
frame_ms,0.2311,
frame_ms,0.2082,
frame_ms,0.2102,
frame_ms,0.2334,
frame_ms,0.2165,
frame_ms,0.2359,
frame_ms,0.2187,
frame_ms,0.2025,
frame_ms,0.2648,
frame_ms,0.2186,
frame_ms,0.2341,
frame_ms,0.2314,
frame_ms,0.2267,
frame_ms,0.2121,
frame_ms,0.2474,
frame_ms,0.2125,
frame_ms,0.2098,
frame_ms,0.2624,
frame_ms,0.2304,
tick_us,134.7,2
frame_ms,0.495,
frame_ms,0.2297,
frame_ms,0.2033,
frame_ms,0.2066,
frame_ms,0.2084,
frame_ms,0.2322,
frame_ms,0.2233,
frame_ms,0.2097,
frame_ms,0.2369,
frame_ms,0.3447,
frame_ms,0.2451,
frame_ms,0.2214,
frame_ms,0.2103,
frame_ms,0.2357,
frame_ms,0.2128,
frame_ms,0.2093,
frame_ms,0.2611,
frame_ms,0.2291,
frame_ms,0.2067,
frame_ms,0.2424,
frame_ms,0.2271,
frame_ms,0.2111,
frame_ms,0.2387,
frame_ms,0.2185,
frame_ms,0.2371,
frame_ms,0.2331,
frame_ms,0.2195,
frame_ms,0.2303,
frame_ms,0.2364,
tick_us,178.9,2
frame_ms,0.6375,
frame_ms,0.245,
frame_ms,0.2101,
frame_ms,0.2134,
frame_ms,0.2078,
frame_ms,0.2094,
frame_ms,0.2633,
frame_ms,0.2317,
frame_ms,0.209,
frame_ms,0.889,
frame_ms,0.4501,
frame_ms,0.221,
frame_ms,0.2224,
frame_ms,0.2102,
frame_ms,0.3217,
frame_ms,0.2581,
frame_ms,0.2569,
frame_ms,0.2502,
frame_ms,0.2376,
frame_ms,0.2361,
frame_ms,0.2595,
frame_ms,0.2484,
frame_ms,0.2174,
frame_ms,0.2297,
tick_us,130.1,2
frame_ms,0.4978,
frame_ms,0.2295,
frame_ms,0.2051,
frame_ms,0.207,
frame_ms,0.2073,
frame_ms,0.2499,
frame_ms,0.3446,
frame_ms,0.2882,
frame_ms,0.2387,
frame_ms,0.2106,
frame_ms,0.2011,
frame_ms,0.3661,
frame_ms,0.4065,
frame_ms,0.2678,
frame_ms,0.2292,
frame_ms,0.2151,
frame_ms,0.2188,
frame_ms,0.3562,
frame_ms,0.2705,
frame_ms,0.2261,
frame_ms,0.2238,
frame_ms,0.2103,
frame_ms,0.2389,
frame_ms,0.2137,
frame_ms,0.2212,
frame_ms,0.2012,
frame_ms,0.2111,
tick_us,137.7,4
frame_ms,0.5293,
frame_ms,0.2321,
frame_ms,0.2065,
frame_ms,0.2123,
frame_ms,0.2037,
frame_ms,0.528,
frame_ms,0.2303,
frame_ms,0.2069,
frame_ms,0.3023,
frame_ms,0.2799,
frame_ms,0.2743,
frame_ms,0.2981,
frame_ms,0.2144,
frame_ms,0.2092,
frame_ms,0.2125,
frame_ms,0.2117,
frame_ms,0.2777,
frame_ms,1.0309,
frame_ms,0.3789,
frame_ms,0.2302,
frame_ms,0.2122,
frame_ms,0.2196,
frame_ms,0.2116,
tick_us,144.6,4
frame_ms,0.5443,
frame_ms,0.2386,
frame_ms,0.2105,
frame_ms,0.2145,
frame_ms,0.2095,
frame_ms,0.2088,
frame_ms,0.2879,
frame_ms,0.292,
frame_ms,0.2449,
frame_ms,0.2239,
frame_ms,0.2187,
frame_ms,0.2922,
frame_ms,0.2659,
frame_ms,0.2261,
frame_ms,0.2103,
frame_ms,0.2094,
frame_ms,0.2902,
frame_ms,0.2905,
frame_ms,0.251,
frame_ms,0.2279,
frame_ms,0.2192,
frame_ms,0.2112,
frame_ms,0.2583,
frame_ms,0.2292,
frame_ms,0.2153,
frame_ms,0.2362,
frame_ms,0.2287,
frame_ms,0.211,
tick_us,143.8,2
frame_ms,0.5371,
frame_ms,0.2312,
frame_ms,0.2113,
frame_ms,0.2208,
frame_ms,0.2172,
frame_ms,0.2085,
frame_ms,0.2473,
frame_ms,0.2601,
frame_ms,0.2038,
frame_ms,0.264,
frame_ms,0.2312,
frame_ms,0.2132,
frame_ms,0.2677,
frame_ms,0.2308,
frame_ms,0.2285,
frame_ms,0.2173,
frame_ms,0.2307,
frame_ms,0.2202,
frame_ms,0.2088,
frame_ms,0.2521,
frame_ms,0.3482,
frame_ms,0.4443,
frame_ms,0.3891,
frame_ms,0.3503,
frame_ms,0.3252,
tick_us,125.5,2
frame_ms,0.7861,
frame_ms,0.2698,
frame_ms,0.2198,
frame_ms,0.2182,
frame_ms,0.2116,
frame_ms,0.2106,
frame_ms,0.2738,
frame_ms,0.2789,
frame_ms,0.3348,
frame_ms,0.2341,
frame_ms,0.2584,
frame_ms,0.2239,
frame_ms,0.3783,
frame_ms,0.2679,
frame_ms,0.2107,
frame_ms,0.2127,
frame_ms,0.2035,
frame_ms,0.2252,
frame_ms,0.2,
frame_ms,0.2458,
frame_ms,0.2133,
frame_ms,0.23,
frame_ms,0.2036,
frame_ms,0.2103,
frame_ms,0.2638,
frame_ms,0.2234,
frame_ms,0.2034,
tick_us,143.1,2
frame_ms,0.5613,
frame_ms,0.2516,
frame_ms,0.2066,
frame_ms,0.2106,
frame_ms,0.2061,
frame_ms,0.2356,
frame_ms,0.2164,
frame_ms,0.2324,
frame_ms,0.2135,
frame_ms,0.2289,
frame_ms,0.2013,
frame_ms,0.2323,
frame_ms,0.2277,
frame_ms,0.2092,
frame_ms,0.2395,
frame_ms,0.2166,
frame_ms,0.2347,
frame_ms,0.2434,
frame_ms,0.2165,
frame_ms,0.2201,
frame_ms,0.2353,
frame_ms,0.2038,
frame_ms,0.2377,
frame_ms,0.2073,
frame_ms,0.2068,
frame_ms,0.2562,
frame_ms,0.2293,
frame_ms,0.2075,
frame_ms,0.2223,
frame_ms,0.1969,
tick_us,135.3,2
frame_ms,0.5318,
frame_ms,0.2315,
frame_ms,0.2103,
frame_ms,0.2079,
frame_ms,0.2047,
frame_ms,0.2221,
frame_ms,0.2402,
frame_ms,0.2264,
frame_ms,0.207,
frame_ms,0.4093,
frame_ms,0.3024,
frame_ms,0.1988,
frame_ms,0.2048,
frame_ms,0.2235,
frame_ms,0.226,
frame_ms,0.2202,
frame_ms,0.2662,
frame_ms,0.2264,
frame_ms,0.2354,
frame_ms,0.216,
frame_ms,0.208,
frame_ms,0.2577,
frame_ms,0.2172,
frame_ms,0.2125,
frame_ms,0.248,
frame_ms,0.2188,
frame_ms,0.2097,
frame_ms,0.2351,
frame_ms,0.2018,
tick_us,136.9,4
frame_ms,0.5027,
frame_ms,0.2394,
frame_ms,0.2147,
frame_ms,0.2137,
frame_ms,0.2059,
frame_ms,0.244,
frame_ms,0.2204,
frame_ms,0.2066,
frame_ms,0.2343,
frame_ms,0.2064,
frame_ms,0.2065,
frame_ms,0.2388,
frame_ms,0.2089,
frame_ms,0.2342,
frame_ms,0.2056,
frame_ms,0.2064,
frame_ms,0.2468,
frame_ms,0.2236,
frame_ms,0.2243,
frame_ms,0.2603,
frame_ms,0.2424,
frame_ms,0.2142,
frame_ms,0.2034,
frame_ms,0.2451,
frame_ms,0.2088,
frame_ms,0.2366,
frame_ms,0.2093,
frame_ms,0.2069,
frame_ms,0.2425,
frame_ms,0.2214,
tick_us,134.3,4
frame_ms,0.4919,
frame_ms,0.2218,
frame_ms,0.2022,
frame_ms,0.206,
frame_ms,0.2024,
frame_ms,0.2586,
frame_ms,0.224,
frame_ms,0.2056,
frame_ms,0.2526,
frame_ms,0.2197,
frame_ms,0.2062,
frame_ms,0.2511,
frame_ms,0.2737,
frame_ms,0.2431,
frame_ms,0.2264,
frame_ms,0.2252,
frame_ms,0.2147,
frame_ms,0.787,
frame_ms,0.3538,
frame_ms,0.2241,
frame_ms,0.2142,
frame_ms,0.2099,
frame_ms,0.232,
frame_ms,0.2368,
frame_ms,0.2256,
frame_ms,0.2093,
tick_us,134,4
frame_ms,0.5254,
frame_ms,0.2429,
frame_ms,0.2073,
frame_ms,0.2145,
frame_ms,0.2084,
frame_ms,0.2284,
frame_ms,0.2222,
frame_ms,0.2183,
frame_ms,0.2088,
frame_ms,0.2372,
frame_ms,0.2143,
frame_ms,0.2062,
frame_ms,0.258,
frame_ms,0.2294,
frame_ms,0.2107,
frame_ms,0.2496,
frame_ms,0.2202,
frame_ms,0.207,
frame_ms,0.2427,
frame_ms,0.21,
frame_ms,0.2125,
frame_ms,0.2591,
frame_ms,0.2308,
frame_ms,0.2412,
frame_ms,0.2728,
frame_ms,0.228,
frame_ms,0.2161,
frame_ms,0.2322,
frame_ms,0.216,
frame_ms,0.2063,
tick_us,132.9,4
frame_ms,0.5252,
frame_ms,0.2827,
frame_ms,0.2371,
frame_ms,0.2084,
frame_ms,0.2128,
frame_ms,0.2265,
frame_ms,0.2035,
frame_ms,0.2437,
frame_ms,0.2101,
frame_ms,0.2022,
frame_ms,0.2668,
frame_ms,0.223,
frame_ms,0.2068,
frame_ms,0.2516,
frame_ms,0.2182,
frame_ms,0.2058,
frame_ms,0.2507,
frame_ms,0.2135,
frame_ms,0.2059,
frame_ms,0.2572,
frame_ms,0.2282,
frame_ms,0.2546,
frame_ms,0.2083,
frame_ms,0.2413,
frame_ms,0.2156,
frame_ms,0.4218,
frame_ms,0.2839,
frame_ms,0.2257,
tick_us,141.3,4
frame_ms,0.507,
frame_ms,0.2274,
frame_ms,0.2103,
frame_ms,0.2173,
frame_ms,0.2203,
frame_ms,0.2093,
frame_ms,0.238,
frame_ms,0.2802,
frame_ms,0.2453,
frame_ms,0.2202,
frame_ms,0.2138,
frame_ms,0.2426,
frame_ms,0.2426,
frame_ms,0.216,
frame_ms,0.2081,
frame_ms,0.2349,
frame_ms,0.2557,
frame_ms,0.2259,
frame_ms,0.206,
frame_ms,0.3236,
frame_ms,0.4141,
frame_ms,0.3496,
frame_ms,0.345,
frame_ms,0.3514,
frame_ms,0.3436,
tick_us,175.2,4
frame_ms,0.6743,
frame_ms,0.3628,
frame_ms,0.2775,
frame_ms,0.318,
frame_ms,0.2109,
frame_ms,0.2137,
frame_ms,0.213,
frame_ms,0.2617,
frame_ms,0.2265,
frame_ms,0.2145,
frame_ms,0.4528,
frame_ms,0.3321,
frame_ms,0.2321,
frame_ms,0.2113,
frame_ms,0.2117,
frame_ms,0.2064,
frame_ms,0.2653,
frame_ms,0.2323,
frame_ms,0.2094,
frame_ms,0.5513,
frame_ms,0.3417,
frame_ms,0.2835,
frame_ms,0.2159,
frame_ms,0.45,
tick_us,137.8,4
frame_ms,0.507,
frame_ms,0.2275,
frame_ms,0.2091,
frame_ms,0.212,
frame_ms,0.2093,
frame_ms,0.2528,
frame_ms,0.2895,
frame_ms,0.2924,
frame_ms,0.2601,
frame_ms,0.4062,
frame_ms,0.2596,
frame_ms,0.2186,
frame_ms,0.2291,
frame_ms,0.3066,
frame_ms,0.4957,
frame_ms,0.4083,
frame_ms,0.3433,
frame_ms,0.3576,
frame_ms,0.2973,
frame_ms,0.2262,
frame_ms,0.219,
frame_ms,0.2141,
frame_ms,0.2363,
frame_ms,0.23,
tick_us,140.6,4
frame_ms,0.5173,
frame_ms,0.2307,
frame_ms,0.2076,
frame_ms,0.2187,
frame_ms,0.2082,
frame_ms,0.2397,
frame_ms,0.2144,
frame_ms,0.2146,
frame_ms,0.2266,
frame_ms,0.2016,
frame_ms,0.2128,
frame_ms,0.2326,
frame_ms,0.2111,
frame_ms,0.2116,
frame_ms,0.2475,
frame_ms,0.2305,
frame_ms,0.2062,
frame_ms,0.2454,
frame_ms,0.2005,
frame_ms,0.2474,
frame_ms,0.2211,
frame_ms,0.2326,
frame_ms,0.2094,
frame_ms,0.2668,
frame_ms,0.2201,
frame_ms,0.2076,
frame_ms,0.3008,
frame_ms,0.3101,
frame_ms,0.2213,
tick_us,123.7,4
frame_ms,0.4775,
frame_ms,0.2251,
frame_ms,0.2053,
frame_ms,0.2113,
frame_ms,0.2235,
frame_ms,0.2279,
frame_ms,0.2121,
frame_ms,0.2041,
frame_ms,0.2607,
frame_ms,0.491,
frame_ms,0.435,
frame_ms,0.37,
frame_ms,0.3437,
frame_ms,0.3432,
frame_ms,0.3258,
frame_ms,0.2445,
frame_ms,0.2109,
frame_ms,0.2126,
frame_ms,0.2064,
frame_ms,0.2407,
frame_ms,0.2177,
frame_ms,0.22,
frame_ms,0.2585,
frame_ms,0.2213,
frame_ms,0.2467,
frame_ms,0.2195,
tick_us,138.9,4
frame_ms,0.535,
frame_ms,0.2324,
frame_ms,0.2012,
frame_ms,0.2156,
frame_ms,0.202,
frame_ms,0.2685,
frame_ms,0.2323,
frame_ms,0.2085,
frame_ms,0.2613,
frame_ms,0.2316,
frame_ms,0.2279,
frame_ms,0.2364,
frame_ms,0.2276,
frame_ms,0.2028,
frame_ms,0.2564,
frame_ms,0.2104,
frame_ms,0.2041,
frame_ms,0.2523,
frame_ms,0.23,
frame_ms,0.2118,
frame_ms,0.2691,
frame_ms,0.4042,
frame_ms,0.2677,
frame_ms,0.2234,
frame_ms,0.2109,
frame_ms,0.21,
frame_ms,0.2892,
frame_ms,0.2531,
tick_us,136.1,4
frame_ms,0.5143,
frame_ms,0.2385,
frame_ms,0.2072,
frame_ms,0.2233,
frame_ms,0.2053,
frame_ms,0.2405,
frame_ms,0.2086,
frame_ms,0.2075,
frame_ms,0.2378,
frame_ms,0.3345,
frame_ms,0.3746,
frame_ms,0.3386,
frame_ms,0.5895,
frame_ms,0.2547,
frame_ms,0.2169,
frame_ms,0.2237,
frame_ms,0.2065,
frame_ms,0.2382,
frame_ms,0.2381,
frame_ms,0.2138,
frame_ms,0.288,
frame_ms,0.2047,
frame_ms,0.2594,
frame_ms,0.2611,
frame_ms,0.2853,
tick_us,129.9,4
frame_ms,0.5158,
frame_ms,0.2312,
frame_ms,0.2135,
frame_ms,0.2265,
frame_ms,0.2176,
frame_ms,0.2136,
frame_ms,0.2189,
frame_ms,0.2983,
frame_ms,0.2858,
frame_ms,0.2295,
frame_ms,0.2244,
frame_ms,0.2265,
frame_ms,0.2138,
frame_ms,0.2464,
frame_ms,0.2515,
frame_ms,0.2249,
frame_ms,0.212,
frame_ms,0.27,
frame_ms,0.2841,
frame_ms,0.2344,
frame_ms,0.224,
frame_ms,0.2131,
frame_ms,0.2616,
frame_ms,0.2193,
frame_ms,0.2377,
frame_ms,0.2161,
frame_ms,0.2086,
frame_ms,0.2677,
tick_us,137.8,4
frame_ms,0.5227,
frame_ms,0.2915,
frame_ms,0.2575,
frame_ms,0.269,
frame_ms,0.2251,
frame_ms,0.2172,
frame_ms,0.212,
frame_ms,0.2306,
frame_ms,0.2261,
frame_ms,0.2191,
frame_ms,0.241,
frame_ms,0.2087,
frame_ms,0.2589,
frame_ms,0.2284,
frame_ms,0.2101,
frame_ms,0.2115,
frame_ms,0.1987,
frame_ms,0.2007,
frame_ms,0.2421,
frame_ms,0.2129,
frame_ms,0.2081,
frame_ms,0.249,
frame_ms,0.2202,
frame_ms,0.2262,
frame_ms,0.5065,
frame_ms,0.3431,
frame_ms,0.2061,
frame_ms,0.2194,
tick_us,140.6,4
frame_ms,0.5214,
frame_ms,0.2762,
frame_ms,0.2584,
frame_ms,0.2077,
frame_ms,0.21,
frame_ms,0.2079,
frame_ms,0.2176,
frame_ms,0.2364,
frame_ms,0.2106,
frame_ms,0.2061,
frame_ms,0.2511,
frame_ms,0.2216,
frame_ms,0.2321,
frame_ms,0.2126,
frame_ms,0.2679,
frame_ms,0.2556,
frame_ms,0.2286,
frame_ms,0.2133,
frame_ms,0.2599,
frame_ms,0.2158,
frame_ms,0.2692,
frame_ms,0.3074,
frame_ms,0.4263,
frame_ms,0.3607,
frame_ms,0.3396,
frame_ms,0.3435,
tick_us,159.1,4
frame_ms,0.6631,
frame_ms,0.3314,
frame_ms,0.3404,
frame_ms,0.2638,
frame_ms,0.228,
frame_ms,0.2274,
frame_ms,0.2206,
frame_ms,0.2102,
frame_ms,0.2128,
frame_ms,0.3007,
frame_ms,0.2844,
frame_ms,0.2404,
frame_ms,0.2251,
frame_ms,0.2175,
frame_ms,0.2124,
frame_ms,0.2601,
frame_ms,0.2402,
frame_ms,0.2098,
frame_ms,0.2519,
frame_ms,0.2309,
frame_ms,0.2404,
frame_ms,0.2139,
frame_ms,0.2308,
frame_ms,0.2056,
frame_ms,0.269,
frame_ms,0.2127,
frame_ms,0.2059,
tick_us,144.6,4
frame_ms,0.5325,
frame_ms,0.6341,
frame_ms,0.4777,
frame_ms,0.3534,
frame_ms,0.2523,
frame_ms,0.2261,
frame_ms,0.2176,
frame_ms,0.2185,
frame_ms,0.2067,
frame_ms,0.2735,
frame_ms,0.2329,
frame_ms,0.2165,
frame_ms,0.2069,
frame_ms,0.303,
frame_ms,0.2892,
frame_ms,0.2441,
frame_ms,0.2251,
frame_ms,0.2138,
frame_ms,0.2126,
frame_ms,0.2399,
frame_ms,0.2089,
frame_ms,0.2178,
frame_ms,0.2352,
frame_ms,0.2054,
frame_ms,0.2136,
tick_us,143.2,4
frame_ms,0.5711,
frame_ms,0.2388,
frame_ms,0.25,
frame_ms,0.211,
frame_ms,0.2153,
frame_ms,0.2147,
frame_ms,0.2255,
frame_ms,0.2266,
frame_ms,0.2636,
frame_ms,0.2202,
frame_ms,0.2284,
frame_ms,0.2159,
frame_ms,0.2047,
frame_ms,0.208,
frame_ms,0.2374,
frame_ms,0.2185,
frame_ms,0.2354,
frame_ms,0.2248,
frame_ms,0.2078,
frame_ms,0.2365,
frame_ms,0.2148,
frame_ms,0.2072,
frame_ms,0.2493,
frame_ms,0.2139,
frame_ms,0.2127,
frame_ms,0.2545,
frame_ms,0.2235,
frame_ms,0.2334,
frame_ms,0.2073,
tick_us,139.4,4
frame_ms,0.5637,
frame_ms,0.2374,
frame_ms,0.2115,
frame_ms,0.2095,
frame_ms,0.2974,
frame_ms,0.2267,
frame_ms,0.2147,
frame_ms,0.2078,
frame_ms,0.2782,
frame_ms,0.4322,
frame_ms,0.2739,
frame_ms,0.2168,
frame_ms,0.2127,
frame_ms,0.2118,
frame_ms,0.4078,
frame_ms,0.3613,
frame_ms,0.2502,
frame_ms,0.2123,
frame_ms,0.2105,
frame_ms,0.2109,
frame_ms,0.2845,
frame_ms,0.2693,
frame_ms,0.2532,
frame_ms,0.2252,
frame_ms,0.2594,
frame_ms,0.2109,
tick_us,142.2,4
frame_ms,0.519,
frame_ms,0.2338,
frame_ms,0.2065,
frame_ms,0.2143,
frame_ms,0.2095,
frame_ms,0.211,
frame_ms,0.4082,
frame_ms,0.3459,
frame_ms,0.2453,
frame_ms,0.2095,
frame_ms,0.2144,
frame_ms,0.2282,
frame_ms,0.2248,
frame_ms,0.208,
frame_ms,0.2601,
frame_ms,0.2127,
frame_ms,0.212,
frame_ms,0.2421,
frame_ms,0.2292,
frame_ms,0.2086,
frame_ms,0.2417,
frame_ms,0.2247,
frame_ms,0.212,
frame_ms,0.2359,
frame_ms,0.2166,
frame_ms,0.2344,
frame_ms,0.2101,
frame_ms,0.206,
frame_ms,0.2606,
tick_us,134.5,6
frame_ms,0.5369,
frame_ms,0.2521,
frame_ms,0.2394,
frame_ms,0.2142,
frame_ms,0.2111,
frame_ms,0.2074,
frame_ms,0.3105,
frame_ms,0.3993,
frame_ms,0.3406,
frame_ms,0.3421,
frame_ms,0.2923,
frame_ms,0.2221,
frame_ms,0.2192,
frame_ms,0.2123,
frame_ms,0.3126,
frame_ms,0.3772,
frame_ms,0.2271,
frame_ms,0.2187,
frame_ms,0.2195,
frame_ms,0.2302,
frame_ms,0.2253,
frame_ms,0.2261,
frame_ms,0.2066,
frame_ms,0.244,
frame_ms,0.2288,
frame_ms,0.2104,
tick_us,161.7,6
frame_ms,0.7319,
frame_ms,0.3451,
frame_ms,0.3822,
frame_ms,0.3869,
frame_ms,0.364,
frame_ms,0.3002,
frame_ms,0.2247,
frame_ms,0.2163,
frame_ms,0.2159,
frame_ms,0.217,
frame_ms,0.2158,
frame_ms,0.2572,
frame_ms,0.2954,
frame_ms,0.2389,
frame_ms,0.2255,
frame_ms,0.2143,
frame_ms,0.2091,
frame_ms,0.2655,
frame_ms,0.2313,
frame_ms,0.2031,
frame_ms,0.2243,
frame_ms,0.2332,
frame_ms,0.2258,
frame_ms,0.2087,
frame_ms,0.2518,
tick_us,141,4
frame_ms,0.5179,
frame_ms,0.2431,
frame_ms,0.2078,
frame_ms,0.209,
frame_ms,0.208,
frame_ms,0.2425,
frame_ms,0.2315,
frame_ms,0.2086,
frame_ms,0.2911,
frame_ms,0.4597,
frame_ms,0.236,
frame_ms,0.2096,
frame_ms,0.2944,
frame_ms,0.2627,
frame_ms,0.2185,
frame_ms,0.2126,
frame_ms,0.2086,
frame_ms,0.2674,
frame_ms,0.2324,
frame_ms,0.2068,
frame_ms,0.2274,
frame_ms,0.1986,
frame_ms,0.2445,
frame_ms,0.3632,
frame_ms,0.388,
frame_ms,0.377,
tick_us,154.7,4
frame_ms,0.6613,
frame_ms,0.432,
frame_ms,0.3227,
frame_ms,0.3365,
frame_ms,0.3491,
frame_ms,0.3059,
frame_ms,0.2706,
frame_ms,0.2212,
frame_ms,0.2191,
frame_ms,0.2142,
frame_ms,0.2068,
frame_ms,0.2497,
frame_ms,0.233,
frame_ms,0.2561,
frame_ms,0.212,
frame_ms,0.2373,
frame_ms,0.2235,
frame_ms,0.2065,
frame_ms,0.2475,
frame_ms,0.2267,
frame_ms,0.2089,
frame_ms,0.2379,
frame_ms,0.3349,
frame_ms,0.3795,
tick_us,147.2,4
frame_ms,0.638,
frame_ms,0.245,
frame_ms,0.2121,
frame_ms,0.2164,
frame_ms,0.2115,
frame_ms,0.207,
frame_ms,0.4061,
frame_ms,0.3832,
frame_ms,0.3707,
frame_ms,0.3503,
frame_ms,0.3079,
frame_ms,0.2522,
frame_ms,0.2145,
frame_ms,0.2162,
frame_ms,0.2167,
frame_ms,0.2111,
frame_ms,0.2974,
frame_ms,0.2809,
frame_ms,0.2403,
frame_ms,0.2245,
frame_ms,0.208,
frame_ms,0.2122,
frame_ms,0.2328,
frame_ms,0.2178,
frame_ms,0.245,
frame_ms,0.3006,
tick_us,135.8,4
frame_ms,0.5485,
frame_ms,0.2425,
frame_ms,0.2058,
frame_ms,0.2092,
frame_ms,0.2155,
frame_ms,0.2352,
frame_ms,0.2234,
frame_ms,0.2054,
frame_ms,0.2408,
frame_ms,0.2273,
frame_ms,0.2232,
frame_ms,0.2783,
frame_ms,0.2851,
frame_ms,0.345,
frame_ms,0.4151,
frame_ms,0.3914,
frame_ms,0.3464,
frame_ms,0.3326,
frame_ms,0.3387,
frame_ms,0.3402,
frame_ms,0.3336,
frame_ms,0.3453,
frame_ms,0.256,
frame_ms,0.2227,
tick_us,127.6,4
frame_ms,0.4842,
frame_ms,0.2299,
frame_ms,0.208,
frame_ms,0.2125,
frame_ms,0.2209,
frame_ms,0.2094,
frame_ms,0.2585,
frame_ms,0.2283,
frame_ms,0.2137,
frame_ms,0.2445,
frame_ms,0.2215,
frame_ms,0.2361,
frame_ms,0.2087,
frame_ms,0.2779,
frame_ms,0.2206,
frame_ms,0.2158,
frame_ms,0.2076,
frame_ms,0.2381,
frame_ms,0.2554,
frame_ms,0.2044,
frame_ms,0.2865,
frame_ms,0.2124,
frame_ms,0.2034,
frame_ms,0.202,
frame_ms,0.2424,
frame_ms,0.2257,
frame_ms,0.2067,
frame_ms,0.2394,
frame_ms,0.2188,
tick_us,134.8,4
frame_ms,0.5162,
frame_ms,0.2246,
frame_ms,0.2043,
frame_ms,0.2114,
frame_ms,0.2398,
frame_ms,0.2215,
frame_ms,0.3004,
frame_ms,0.2714,
frame_ms,0.3072,
frame_ms,0.2919,
frame_ms,0.2442,
frame_ms,0.2301,
frame_ms,0.3125,
frame_ms,0.3637,
frame_ms,0.2933,
frame_ms,0.3664,
frame_ms,0.2102,
frame_ms,0.2114,
frame_ms,0.2112,
frame_ms,0.2222,
frame_ms,0.2279,
frame_ms,0.2129,
frame_ms,0.2454,
frame_ms,0.2287,
frame_ms,0.2059,
frame_ms,0.2523,
tick_us,173.1,4
frame_ms,0.7033,
frame_ms,0.347,
frame_ms,0.338,
frame_ms,0.3368,
frame_ms,0.3397,
frame_ms,0.2655,
frame_ms,0.225,
frame_ms,0.2169,
frame_ms,0.2196,
frame_ms,0.217,
frame_ms,0.2156,
frame_ms,0.2276,
frame_ms,0.3547,
frame_ms,0.3329,
frame_ms,0.246,
frame_ms,0.2232,
frame_ms,0.2299,
frame_ms,0.2231,
frame_ms,0.2202,
frame_ms,0.2321,
frame_ms,0.2695,
frame_ms,0.2278,
frame_ms,0.2603,
frame_ms,0.235,
frame_ms,0.2096,
frame_ms,0.2463,
tick_us,143.2,4
frame_ms,0.544,
frame_ms,0.2362,
frame_ms,0.2383,
frame_ms,0.2101,
frame_ms,0.2188,
frame_ms,0.2028,
frame_ms,0.2868,
frame_ms,0.2367,
frame_ms,0.2162,
frame_ms,0.2087,
frame_ms,0.2115,
frame_ms,0.2404,
frame_ms,0.2276,
frame_ms,0.2095,
frame_ms,0.4668,
frame_ms,0.3259,
frame_ms,0.221,
frame_ms,0.2173,
frame_ms,0.2132,
frame_ms,0.2423,
frame_ms,0.2123,
frame_ms,0.2531,
frame_ms,0.2333,
frame_ms,0.2122,
frame_ms,0.2609,
frame_ms,0.2324,
frame_ms,0.2086,
tick_us,132.4,4
frame_ms,0.5508,
frame_ms,0.2983,
frame_ms,0.2317,
frame_ms,0.2089,
frame_ms,0.2339,
frame_ms,0.2109,
frame_ms,0.2155,
frame_ms,0.2328,
frame_ms,0.2661,
frame_ms,0.2686,
frame_ms,0.2234,
frame_ms,0.2139,
frame_ms,0.2718,
frame_ms,0.2584,
frame_ms,0.2232,
frame_ms,0.2156,
frame_ms,0.2535,
frame_ms,0.4132,
frame_ms,0.225,
frame_ms,0.2146,
frame_ms,0.2094,
frame_ms,0.2036,
frame_ms,0.271,
frame_ms,0.2338,
frame_ms,0.2104,
frame_ms,0.2369,
frame_ms,0.2235,
frame_ms,0.2036,
tick_us,133.5,4
frame_ms,0.5839,
frame_ms,0.3008,
frame_ms,0.2347,
frame_ms,0.2125,
frame_ms,0.2108,
frame_ms,0.2308,
frame_ms,0.2227,
frame_ms,0.2954,
frame_ms,0.2486,
frame_ms,0.2246,
frame_ms,0.2162,
frame_ms,0.2653,
frame_ms,0.3111,
frame_ms,0.2579,
frame_ms,0.242,
frame_ms,0.2337,
frame_ms,0.2306,
frame_ms,0.3208,
frame_ms,0.3876,
frame_ms,0.2411,
frame_ms,0.3809,
frame_ms,0.2759,
frame_ms,0.2796,
frame_ms,0.24,
frame_ms,0.2378,
tick_us,131.1,4
frame_ms,0.5503,
frame_ms,0.272,
frame_ms,0.2167,
frame_ms,0.2544,
frame_ms,0.2155,
frame_ms,0.2088,
frame_ms,0.2573,
frame_ms,0.2867,
frame_ms,0.2421,
frame_ms,0.248,
frame_ms,0.2225,
frame_ms,0.216,
frame_ms,0.2132,
frame_ms,0.2344,
frame_ms,0.2232,
frame_ms,0.2127,
frame_ms,0.285,
frame_ms,0.246,
frame_ms,0.2334,
frame_ms,0.337,
frame_ms,0.4951,
frame_ms,0.5292,
frame_ms,0.3564,
frame_ms,0.3447,
tick_us,166.4,4
frame_ms,0.6713,
frame_ms,0.2801,
frame_ms,0.2171,
frame_ms,0.2191,
frame_ms,0.2084,
frame_ms,0.2283,
frame_ms,0.2166,
frame_ms,0.2378,
frame_ms,0.4066,
frame_ms,0.3622,
frame_ms,0.2887,
frame_ms,0.229,
frame_ms,0.2181,
frame_ms,0.2048,
frame_ms,0.2094,
frame_ms,0.2239,
frame_ms,0.2474,
frame_ms,0.2299,
frame_ms,0.2097,
frame_ms,0.2421,
frame_ms,0.2203,
frame_ms,0.2065,
frame_ms,0.2156,
frame_ms,0.2161,
frame_ms,0.2188,
frame_ms,0.2146,
frame_ms,0.2224,
frame_ms,0.2689,
tick_us,155.1,4
frame_ms,0.754,
frame_ms,0.3939,
frame_ms,0.3656,
frame_ms,0.3517,
frame_ms,0.3098,
frame_ms,0.2383,
frame_ms,0.212,
frame_ms,0.2155,
frame_ms,0.2127,
frame_ms,0.2536,
frame_ms,0.2399,
frame_ms,0.2216,
frame_ms,0.2066,
frame_ms,0.2412,
frame_ms,0.2279,
frame_ms,0.2132,
frame_ms,0.2147,
frame_ms,0.2326,
frame_ms,0.216,
frame_ms,0.2948,
frame_ms,0.2551,
frame_ms,0.2187,
frame_ms,0.219,
frame_ms,0.2128,
frame_ms,0.2108,
frame_ms,0.2393,
tick_us,139.8,4
frame_ms,0.5266,
frame_ms,0.2344,
frame_ms,0.2085,
frame_ms,0.2472,
frame_ms,0.2024,
frame_ms,0.2082,
frame_ms,0.2475,
frame_ms,0.2272,
frame_ms,0.2102,
frame_ms,0.3959,
frame_ms,0.3602,
frame_ms,0.2564,
frame_ms,0.2137,
frame_ms,0.2145,
frame_ms,0.212,
frame_ms,0.2482,
frame_ms,0.231,
frame_ms,0.2112,
frame_ms,0.2591,
frame_ms,0.2324,
frame_ms,0.2076,
frame_ms,0.2164,
frame_ms,0.2376,
frame_ms,0.2042,
frame_ms,0.2501,
frame_ms,0.2094,
frame_ms,0.209,
frame_ms,0.2203,
tick_us,136.1,2
frame_ms,0.5454,
frame_ms,0.2544,
frame_ms,0.2049,
frame_ms,0.2079,
frame_ms,0.2012,
frame_ms,0.2349,
frame_ms,0.2252,
frame_ms,0.2052,
frame_ms,0.7747,
frame_ms,0.4093,
frame_ms,0.2464,
frame_ms,0.2468,
frame_ms,0.2171,
frame_ms,0.2227,
frame_ms,0.2144,
frame_ms,0.2355,
frame_ms,0.2289,
frame_ms,0.2152,
frame_ms,0.2851,
frame_ms,0.2581,
frame_ms,0.2191,
frame_ms,0.221,
frame_ms,0.2427,
frame_ms,0.4966,
tick_us,165.5,2
frame_ms,0.668,
frame_ms,0.3266,
frame_ms,0.3388,
frame_ms,0.3392,
frame_ms,0.2912,
frame_ms,0.2239,
frame_ms,0.2166,
frame_ms,0.2093,
frame_ms,0.2089,
frame_ms,0.2385,
frame_ms,0.2319,
frame_ms,0.2311,
frame_ms,0.2769,
frame_ms,0.224,
frame_ms,0.2321,
frame_ms,0.2094,
frame_ms,0.2471,
frame_ms,0.2218,
frame_ms,0.2247,
frame_ms,0.2043,
frame_ms,0.2764,
frame_ms,0.2303,
frame_ms,0.205,
frame_ms,0.2495,
frame_ms,0.2849,
frame_ms,0.2272,
frame_ms,0.2032,
tick_us,126.5,2
frame_ms,0.4769,
frame_ms,0.2272,
frame_ms,0.2125,
frame_ms,0.2166,
frame_ms,0.2071,
frame_ms,0.2432,
frame_ms,0.2109,
frame_ms,0.2321,
frame_ms,0.2078,
frame_ms,0.2337,
frame_ms,0.2115,
frame_ms,0.2301,
frame_ms,0.2087,
frame_ms,0.2349,
frame_ms,0.2094,
frame_ms,0.2299,
frame_ms,0.2087,
frame_ms,0.249,
frame_ms,0.3808,
frame_ms,0.4025,
frame_ms,0.3329,
frame_ms,0.2447,
frame_ms,0.2109,
frame_ms,0.243,
frame_ms,0.2166,
frame_ms,0.2042,
frame_ms,0.2248,
frame_ms,0.2092,
tick_us,139.2,2
frame_ms,0.55,
frame_ms,0.2332,
frame_ms,0.2081,
frame_ms,0.2089,
frame_ms,0.2174,
frame_ms,0.2206,
frame_ms,0.2075,
frame_ms,0.2228,
frame_ms,0.2333,
frame_ms,0.2201,
frame_ms,0.2044,
frame_ms,0.2428,
frame_ms,0.2179,
frame_ms,0.2351,
frame_ms,0.2341,
frame_ms,0.2129,
frame_ms,0.2331,
frame_ms,0.2098,
frame_ms,0.233,
frame_ms,0.2058,
frame_ms,0.2365,
frame_ms,0.2088,
frame_ms,0.2353,
frame_ms,0.3422,
frame_ms,0.3862,
frame_ms,0.3486,
frame_ms,0.285,
tick_us,154.3,2
