# mode=collision,n=2000,struct=grid,cell=64,depth=5,node=4,seed=42,warmup_s=2,measure_s=5,config=2D,ticks=1008,frames=15846,measured_ticks=720,startup_ms=720.545,glfw_first_draw_ms=639.896,renderer=NVIDIA GeForce RTX 5060 Laptop GPU/PCIe/SSE2,gl=3.3.0 NVIDIA 592.01
kind,value,extra
startup_ms,720.545,process_to_first_frame
glfw_ms,639.896,glfw_init_to_first_frame
mem_ws_bytes,1.11862e+08,baseline
mem_private_bytes,1.80425e+08,baseline
mem_peak_ws_bytes,1.11862e+08,baseline
mem_ws_bytes,1.12513e+08,after_spawn
mem_private_bytes,1.8126e+08,after_spawn
mem_peak_ws_bytes,1.12513e+08,after_spawn
frame_ms,0.3172,
frame_ms,0.2455,
frame_ms,0.2417,
frame_ms,0.2622,
frame_ms,0.2352,
frame_ms,0.2242,
frame_ms,0.2236,
frame_ms,0.2179,
frame_ms,0.2327,
frame_ms,0.2718,
frame_ms,0.275,
frame_ms,0.2422,
frame_ms,0.2404,
frame_ms,0.2371,
frame_ms,0.2252,
frame_ms,0.2301,
frame_ms,0.3168,
tick_us,1311.3,4604
frame_ms,2.9191,
frame_ms,0.2738,
frame_ms,0.2355,
frame_ms,0.2986,
frame_ms,0.2473,
frame_ms,0.2535,
frame_ms,0.2327,
frame_ms,0.4419,
frame_ms,0.3251,
frame_ms,0.2611,
frame_ms,0.2192,
frame_ms,0.2209,
frame_ms,0.2166,
frame_ms,0.2251,
frame_ms,0.2152,
frame_ms,0.2582,
tick_us,1221.3,4578
frame_ms,2.7066,
frame_ms,0.2816,
frame_ms,0.291,
frame_ms,0.2265,
frame_ms,0.2259,
frame_ms,0.2265,
frame_ms,0.2154,
frame_ms,0.2464,
frame_ms,0.2273,
frame_ms,0.2146,
frame_ms,0.2509,
frame_ms,0.2503,
frame_ms,0.2328,
frame_ms,0.2281,
frame_ms,0.2513,
frame_ms,0.3041,
frame_ms,0.2949,
frame_ms,0.2477,
tick_us,1310.8,4602
frame_ms,2.8573,
frame_ms,0.3326,
frame_ms,0.2721,
frame_ms,0.236,
frame_ms,0.2252,
frame_ms,0.2479,
frame_ms,0.2231,
frame_ms,0.2184,
frame_ms,0.2149,
frame_ms,0.229,
frame_ms,0.2428,
frame_ms,0.2259,
frame_ms,0.216,
frame_ms,0.2505,
frame_ms,0.2349,
frame_ms,0.222,
frame_ms,0.2295,
tick_us,1255.9,4626
frame_ms,3.0964,
frame_ms,0.2745,
frame_ms,0.2231,
frame_ms,0.2455,
frame_ms,0.2357,
frame_ms,0.2355,
frame_ms,0.2372,
frame_ms,0.2251,
frame_ms,0.2201,
frame_ms,0.2345,
frame_ms,0.2681,
frame_ms,0.2466,
frame_ms,0.2309,
frame_ms,0.2168,
frame_ms,0.215,
frame_ms,0.2435,
frame_ms,0.2268,
frame_ms,0.2143,
frame_ms,0.25,
tick_us,1249.6,4634
frame_ms,2.7402,
frame_ms,0.2926,
frame_ms,0.2435,
frame_ms,0.2345,
frame_ms,0.2307,
frame_ms,0.2259,
frame_ms,0.2182,
frame_ms,0.2525,
frame_ms,0.2283,
frame_ms,0.2253,
frame_ms,0.2129,
frame_ms,0.4009,
frame_ms,0.2817,
frame_ms,0.2587,
frame_ms,0.3065,
frame_ms,0.234,
frame_ms,0.2161,
frame_ms,0.2153,
tick_us,1266.2,4648
frame_ms,2.7785,
frame_ms,0.284,
frame_ms,0.2327,
frame_ms,0.2358,
frame_ms,0.2482,
frame_ms,0.2331,
frame_ms,0.2194,
frame_ms,0.2334,
frame_ms,0.2228,
frame_ms,0.2148,
frame_ms,0.2618,
frame_ms,0.269,
frame_ms,0.2465,
frame_ms,0.226,
frame_ms,0.245,
frame_ms,0.23,
frame_ms,0.2231,
frame_ms,0.2584,
tick_us,1302.2,4662
frame_ms,2.987,
frame_ms,0.2566,
frame_ms,0.2409,
frame_ms,0.2284,
frame_ms,0.2406,
frame_ms,0.2591,
frame_ms,0.2305,
frame_ms,0.2277,
frame_ms,0.2868,
frame_ms,0.2282,
frame_ms,0.2183,
frame_ms,0.2118,
frame_ms,0.2458,
frame_ms,0.2724,
frame_ms,0.2349,
frame_ms,0.225,
frame_ms,0.2134,
frame_ms,0.2164,
tick_us,1216.6,4676
frame_ms,2.7291,
frame_ms,0.281,
frame_ms,0.2303,
frame_ms,0.2264,
frame_ms,0.223,
frame_ms,0.2176,
frame_ms,0.2326,
frame_ms,0.2661,
frame_ms,0.2914,
frame_ms,0.2739,
frame_ms,0.2556,
frame_ms,0.2892,
frame_ms,0.2265,
frame_ms,0.2248,
frame_ms,0.2933,
frame_ms,0.393,
frame_ms,0.2187,
tick_us,1255.7,4624
frame_ms,2.7185,
frame_ms,0.3028,
frame_ms,0.2544,
frame_ms,0.2394,
frame_ms,0.2373,
frame_ms,0.2209,
frame_ms,0.2196,
frame_ms,0.255,
frame_ms,0.2273,
frame_ms,0.2166,
frame_ms,0.2475,
frame_ms,0.2359,
frame_ms,0.2203,
frame_ms,0.231,
frame_ms,0.2198,
frame_ms,0.2857,
frame_ms,0.2322,
frame_ms,0.2398,
frame_ms,0.2444,
tick_us,1319.2,4596
frame_ms,2.7844,
frame_ms,0.2441,
frame_ms,0.2182,
frame_ms,0.2214,
frame_ms,0.2221,
frame_ms,0.3236,
frame_ms,0.2896,
frame_ms,0.2524,
frame_ms,0.2666,
frame_ms,0.2234,
frame_ms,0.2264,
frame_ms,0.2238,
frame_ms,0.2298,
frame_ms,0.2692,
frame_ms,0.5371,
frame_ms,0.3945,
tick_us,1265.9,4582
frame_ms,2.838,
frame_ms,0.3011,
frame_ms,0.2479,
frame_ms,0.242,
frame_ms,0.3038,
frame_ms,0.2595,
frame_ms,0.2423,
frame_ms,0.2478,
frame_ms,0.2805,
frame_ms,0.3171,
frame_ms,0.2259,
frame_ms,0.2209,
frame_ms,0.2208,
frame_ms,0.2144,
frame_ms,0.2141,
frame_ms,0.2582,
frame_ms,0.3018,
tick_us,1263.7,4558
frame_ms,2.7483,
frame_ms,0.2831,
frame_ms,0.2434,
frame_ms,0.2462,
frame_ms,0.2248,
frame_ms,0.2504,
frame_ms,0.225,
frame_ms,0.2233,
frame_ms,0.2158,
frame_ms,0.2711,
frame_ms,0.2304,
frame_ms,0.2164,
frame_ms,0.2413,
frame_ms,0.2281,
frame_ms,0.2182,
frame_ms,0.2238,
frame_ms,0.2167,
frame_ms,0.2919,
tick_us,1296,4550
frame_ms,2.8329,
frame_ms,0.3009,
frame_ms,0.2362,
frame_ms,0.2469,
frame_ms,0.2373,
frame_ms,0.2364,
frame_ms,0.3037,
frame_ms,0.2282,
frame_ms,0.2297,
frame_ms,0.2362,
frame_ms,0.2454,
frame_ms,0.221,
frame_ms,0.2235,
frame_ms,0.2521,
frame_ms,0.2772,
frame_ms,0.2404,
frame_ms,0.2336,
frame_ms,0.2275,
tick_us,1264.1,4578
frame_ms,2.7274,
frame_ms,0.2604,
frame_ms,0.2406,
frame_ms,0.2243,
frame_ms,0.2957,
frame_ms,0.227,
frame_ms,0.2216,
frame_ms,0.2135,
frame_ms,0.2496,
frame_ms,0.2664,
frame_ms,0.2331,
frame_ms,0.2335,
frame_ms,0.2243,
frame_ms,0.2135,
frame_ms,0.2179,
frame_ms,0.2799,
frame_ms,0.2293,
frame_ms,0.2114,
frame_ms,0.2611,
tick_us,1248.6,4558
frame_ms,2.7162,
frame_ms,0.2845,
frame_ms,0.2463,
frame_ms,0.2307,
frame_ms,0.2149,
frame_ms,0.2571,
frame_ms,0.2717,
frame_ms,0.24,
frame_ms,0.2255,
frame_ms,0.2224,
frame_ms,0.2151,
frame_ms,0.235,
frame_ms,0.2233,
frame_ms,0.227,
frame_ms,0.2282,
frame_ms,0.2895,
frame_ms,0.2735,
frame_ms,0.2404,
tick_us,1256.5,4562
frame_ms,2.7316,
frame_ms,0.2661,
frame_ms,0.2394,
frame_ms,0.2383,
frame_ms,0.2225,
frame_ms,0.2397,
frame_ms,0.2665,
frame_ms,0.2417,
frame_ms,0.4276,
frame_ms,0.3809,
frame_ms,0.3707,
frame_ms,0.3515,
frame_ms,0.367,
frame_ms,0.2743,
frame_ms,0.2326,
frame_ms,0.2136,
tick_us,1273.4,4532
frame_ms,2.7526,
frame_ms,0.2749,
frame_ms,0.2286,
frame_ms,0.2247,
frame_ms,0.3211,
frame_ms,0.3247,
frame_ms,0.2735,
frame_ms,0.2469,
frame_ms,0.2478,
frame_ms,0.2503,
frame_ms,0.336,
frame_ms,0.295,
frame_ms,0.2461,
frame_ms,0.2266,
frame_ms,0.2205,
frame_ms,0.2158,
frame_ms,0.2134,
tick_us,1232.2,4578
frame_ms,2.7427,
frame_ms,0.2927,
frame_ms,0.2371,
frame_ms,0.2331,
frame_ms,0.235,
frame_ms,0.2346,
frame_ms,0.2311,
frame_ms,0.2214,
frame_ms,0.2207,
frame_ms,0.2405,
frame_ms,0.2212,
frame_ms,0.2145,
frame_ms,0.227,
frame_ms,0.218,
frame_ms,0.3019,
frame_ms,0.3264,
frame_ms,0.2764,
frame_ms,0.2393,
tick_us,1359.7,4604
frame_ms,2.9232,
frame_ms,0.3162,
frame_ms,0.244,
frame_ms,0.2353,
frame_ms,0.2314,
frame_ms,0.2269,
frame_ms,0.2205,
frame_ms,0.2395,
frame_ms,0.2434,
frame_ms,0.273,
frame_ms,0.2283,
frame_ms,0.3862,
frame_ms,0.3561,
frame_ms,0.2599,
frame_ms,0.2195,
frame_ms,0.2224,
tick_us,1255.3,4618
frame_ms,2.7127,
frame_ms,0.2726,
frame_ms,0.2278,
frame_ms,0.2284,
frame_ms,0.2179,
frame_ms,0.2166,
frame_ms,0.2586,
frame_ms,0.2765,
frame_ms,0.2377,
frame_ms,0.2239,
frame_ms,0.2241,
frame_ms,0.2471,
frame_ms,0.3317,
frame_ms,0.2694,
frame_ms,0.2295,
frame_ms,0.2362,
frame_ms,0.2234,
frame_ms,0.2142,
frame_ms,0.2267,
tick_us,1251.2,4596
frame_ms,2.7372,
frame_ms,0.2586,
frame_ms,0.2525,
frame_ms,0.2242,
frame_ms,0.2196,
frame_ms,0.2151,
frame_ms,0.2378,
frame_ms,0.2142,
frame_ms,0.2752,
frame_ms,0.2371,
frame_ms,0.2139,
frame_ms,0.2637,
frame_ms,0.2283,
frame_ms,0.2163,
frame_ms,0.2431,
frame_ms,0.2556,
frame_ms,0.3525,
frame_ms,0.3032,
tick_us,1284.6,4566
frame_ms,2.8619,
frame_ms,0.2564,
frame_ms,0.2239,
frame_ms,0.2326,
frame_ms,0.2573,
frame_ms,0.4651,
frame_ms,0.4058,
frame_ms,0.434,
frame_ms,0.3527,
frame_ms,0.3605,
frame_ms,0.2751,
frame_ms,0.2225,
frame_ms,0.2203,
frame_ms,0.2193,
frame_ms,0.2161,
tick_us,1268,4534
frame_ms,2.7322,
frame_ms,0.291,
frame_ms,0.2346,
frame_ms,0.2316,
frame_ms,0.2234,
frame_ms,0.2148,
frame_ms,0.2468,
frame_ms,0.229,
frame_ms,0.2588,
frame_ms,0.2858,
frame_ms,0.2617,
frame_ms,0.6457,
frame_ms,0.2537,
frame_ms,0.229,
frame_ms,0.232,
frame_ms,0.2318,
tick_us,1296.4,4520
frame_ms,2.8121,
frame_ms,0.3177,
frame_ms,0.2455,
frame_ms,0.2507,
frame_ms,0.222,
frame_ms,0.2311,
frame_ms,0.2264,
frame_ms,0.2236,
frame_ms,0.2677,
frame_ms,0.2311,
frame_ms,0.2237,
frame_ms,0.213,
frame_ms,0.2444,
frame_ms,0.2284,
frame_ms,0.2155,
frame_ms,0.246,
frame_ms,0.2323,
frame_ms,0.3319,
tick_us,1351.7,4476
frame_ms,3.0486,
frame_ms,0.2593,
frame_ms,0.2397,
frame_ms,0.2291,
frame_ms,0.2715,
frame_ms,0.2313,
frame_ms,0.2276,
frame_ms,0.2182,
frame_ms,0.2185,
frame_ms,0.2616,
frame_ms,0.2333,
frame_ms,0.2118,
frame_ms,0.2653,
frame_ms,0.2289,
frame_ms,0.2134,
frame_ms,0.2644,
frame_ms,0.2324,
frame_ms,0.2107,
tick_us,1199.2,4492
frame_ms,2.6968,
frame_ms,0.4642,
frame_ms,0.3008,
frame_ms,0.3281,
frame_ms,0.292,
frame_ms,0.2326,
frame_ms,0.2172,
frame_ms,0.2469,
frame_ms,0.2216,
frame_ms,0.2206,
frame_ms,0.2574,
frame_ms,0.26,
frame_ms,0.2292,
frame_ms,0.2276,
frame_ms,0.2245,
frame_ms,0.2284,
frame_ms,0.2158,
tick_us,1251.5,4480
frame_ms,2.7672,
frame_ms,0.3223,
frame_ms,0.2695,
frame_ms,0.2353,
frame_ms,0.2272,
frame_ms,0.2259,
frame_ms,0.322,
frame_ms,0.2214,
frame_ms,0.2119,
frame_ms,0.2447,
frame_ms,0.2187,
frame_ms,0.2201,
frame_ms,0.2815,
frame_ms,0.2349,
frame_ms,0.2629,
frame_ms,0.3052,
frame_ms,0.2733,
tick_us,1302.6,4440
frame_ms,2.8385,
frame_ms,0.2656,
frame_ms,0.2215,
frame_ms,0.245,
frame_ms,0.2285,
frame_ms,0.2432,
frame_ms,0.406,
frame_ms,0.3256,
frame_ms,0.2735,
frame_ms,0.2522,
frame_ms,0.2404,
frame_ms,0.2438,
frame_ms,0.2426,
frame_ms,0.2869,
frame_ms,0.2559,
frame_ms,0.2305,
frame_ms,0.2233,
tick_us,1247.7,4474
frame_ms,2.7032,
frame_ms,0.2905,
frame_ms,0.235,
frame_ms,0.2269,
frame_ms,0.2274,
frame_ms,0.2219,
frame_ms,0.224,
frame_ms,0.2594,
frame_ms,0.2363,
frame_ms,0.3343,
frame_ms,0.4305,
frame_ms,0.4514,
frame_ms,0.3686,
frame_ms,0.3666,
frame_ms,0.3422,
tick_us,1219.4,4498
frame_ms,2.7826,
frame_ms,0.2857,
frame_ms,0.2432,
frame_ms,0.2335,
frame_ms,0.2302,
frame_ms,0.2186,
frame_ms,0.2313,
frame_ms,0.2598,
frame_ms,0.2275,
frame_ms,0.2205,
frame_ms,0.228,
frame_ms,0.2709,
frame_ms,0.2355,
frame_ms,0.2674,
frame_ms,0.228,
frame_ms,0.3053,
frame_ms,0.2867,
frame_ms,0.3315,
tick_us,1407.8,4448
frame_ms,2.9848,
frame_ms,0.3105,
frame_ms,0.2339,
frame_ms,0.2265,
frame_ms,0.2782,
frame_ms,0.2298,
frame_ms,0.2246,
frame_ms,0.2224,
frame_ms,0.2458,
frame_ms,0.2174,
frame_ms,0.216,
frame_ms,0.2558,
frame_ms,0.2243,
frame_ms,0.2127,
frame_ms,0.2302,
frame_ms,0.2782,
frame_ms,0.2279,
tick_us,1238.2,4400
frame_ms,2.7075,
frame_ms,0.2981,
frame_ms,0.2288,
frame_ms,0.2234,
frame_ms,0.2367,
frame_ms,0.219,
frame_ms,0.2658,
frame_ms,0.2324,
frame_ms,0.2144,
frame_ms,0.2556,
frame_ms,0.2196,
frame_ms,0.2429,
frame_ms,0.2288,
frame_ms,0.2705,
frame_ms,0.2361,
frame_ms,0.2207,
frame_ms,0.2491,
frame_ms,0.2737,
tick_us,1229.7,4392
frame_ms,2.7612,
frame_ms,0.364,
frame_ms,0.299,
frame_ms,0.237,
frame_ms,0.2282,
frame_ms,0.2304,
frame_ms,0.2263,
frame_ms,0.2196,
frame_ms,0.2201,
frame_ms,0.2727,
frame_ms,0.2832,
frame_ms,0.247,
frame_ms,0.2374,
frame_ms,0.2342,
frame_ms,0.2323,
frame_ms,0.225,
frame_ms,0.2306,
frame_ms,0.2445,
tick_us,1221.2,4410
frame_ms,2.8062,
frame_ms,0.2553,
frame_ms,0.2207,
frame_ms,0.2228,
frame_ms,0.2815,
frame_ms,0.5575,
frame_ms,0.2741,
frame_ms,0.2341,
frame_ms,0.2212,
frame_ms,0.2203,
frame_ms,0.225,
frame_ms,0.219,
frame_ms,0.2241,
frame_ms,0.2555,
frame_ms,0.2279,
frame_ms,0.2243,
frame_ms,0.2425,
frame_ms,0.2268,
tick_us,1212.6,4396
frame_ms,2.6764,
frame_ms,0.3721,
frame_ms,0.2604,
frame_ms,0.2241,
frame_ms,0.2251,
frame_ms,0.2222,
frame_ms,0.507,
frame_ms,0.5228,
frame_ms,0.3352,
frame_ms,0.5166,
frame_ms,0.2919,
frame_ms,0.2604,
frame_ms,0.2775,
frame_ms,0.2464,
tick_us,1383.7,4400
frame_ms,2.8835,
frame_ms,0.3309,
frame_ms,0.2459,
frame_ms,0.2322,
frame_ms,0.2333,
frame_ms,0.2266,
frame_ms,0.2251,
frame_ms,0.2224,
frame_ms,0.2179,
frame_ms,0.2529,
frame_ms,0.2406,
frame_ms,0.2986,
frame_ms,0.259,
frame_ms,0.2441,
frame_ms,0.2417,
frame_ms,0.2411,
frame_ms,0.2425,
tick_us,1245.2,4432
frame_ms,2.7352,
frame_ms,0.2564,
frame_ms,0.2196,
frame_ms,0.2213,
frame_ms,0.2256,
frame_ms,0.2189,
frame_ms,0.2338,
frame_ms,0.2484,
frame_ms,0.223,
frame_ms,0.2215,
frame_ms,0.2538,
frame_ms,0.2327,
frame_ms,0.2127,
frame_ms,0.2403,
frame_ms,0.2138,
frame_ms,0.214,
frame_ms,0.4275,
frame_ms,0.4409,
tick_us,1333.4,4432
frame_ms,2.9532,
frame_ms,0.3217,
frame_ms,0.2629,
frame_ms,0.2228,
frame_ms,0.2265,
frame_ms,0.2292,
frame_ms,0.2275,
frame_ms,0.2189,
frame_ms,0.2481,
frame_ms,0.2424,
frame_ms,0.2289,
frame_ms,0.2311,
frame_ms,0.2556,
frame_ms,0.2207,
frame_ms,0.238,
frame_ms,0.2595,
frame_ms,0.2315,
tick_us,1254.3,4464
frame_ms,2.6953,
frame_ms,0.2482,
frame_ms,0.2357,
frame_ms,0.2374,
frame_ms,0.2345,
frame_ms,0.2284,
frame_ms,0.219,
frame_ms,0.2162,
frame_ms,0.2455,
frame_ms,0.2273,
frame_ms,0.2198,
frame_ms,0.2412,
frame_ms,0.2312,
frame_ms,0.2159,
frame_ms,0.2595,
frame_ms,0.2283,
frame_ms,0.2201,
frame_ms,0.2417,
tick_us,1342.3,4450
frame_ms,3.2548,
frame_ms,0.3831,
frame_ms,0.4165,
frame_ms,0.3955,
frame_ms,0.3566,
frame_ms,0.3447,
frame_ms,0.4125,
frame_ms,0.3633,
frame_ms,0.3361,
frame_ms,0.2951,
frame_ms,0.2497,
frame_ms,0.2227,
frame_ms,0.2203,
tick_us,1224.5,4438
frame_ms,2.6799,
frame_ms,0.2868,
frame_ms,0.2319,
frame_ms,0.2302,
frame_ms,0.2179,
frame_ms,0.2274,
frame_ms,0.2747,
frame_ms,0.2772,
frame_ms,0.2419,
frame_ms,0.2475,
frame_ms,0.2347,
frame_ms,0.6311,
frame_ms,0.3638,
frame_ms,0.3781,
frame_ms,0.3934,
tick_us,1284.3,4434
frame_ms,2.8689,
frame_ms,0.2847,
frame_ms,0.2783,
frame_ms,0.245,
frame_ms,0.2489,
frame_ms,0.2299,
frame_ms,0.231,
frame_ms,0.219,
frame_ms,0.2149,
frame_ms,0.2878,
frame_ms,0.2542,
frame_ms,0.2298,
frame_ms,0.2146,
frame_ms,0.2244,
frame_ms,0.2105,
frame_ms,0.2834,
frame_ms,0.2959,
frame_ms,0.2448,
tick_us,1237.9,4450
frame_ms,2.7069,
frame_ms,0.2696,
frame_ms,0.2361,
frame_ms,0.2883,
frame_ms,0.2368,
frame_ms,0.314,
frame_ms,0.2303,
frame_ms,0.2328,
frame_ms,0.2552,
frame_ms,0.2234,
frame_ms,0.2305,
frame_ms,0.2251,
frame_ms,0.2194,
frame_ms,0.2508,
frame_ms,0.228,
frame_ms,0.2157,
frame_ms,0.2537,
frame_ms,0.2796,
tick_us,1255.9,4476
frame_ms,2.7307,
frame_ms,0.2923,
frame_ms,0.2379,
frame_ms,0.2434,
frame_ms,0.2307,
frame_ms,0.2243,
frame_ms,0.2251,
frame_ms,0.2196,
frame_ms,0.2167,
frame_ms,0.3002,
frame_ms,0.2602,
frame_ms,0.4433,
frame_ms,0.3803,
frame_ms,0.3088,
frame_ms,0.2585,
frame_ms,0.2479,
tick_us,1304.7,4466
frame_ms,2.8659,
frame_ms,0.3433,
frame_ms,0.2813,
frame_ms,0.2453,
frame_ms,0.2304,
frame_ms,0.2257,
frame_ms,0.224,
frame_ms,0.224,
frame_ms,0.2183,
frame_ms,0.4207,
frame_ms,0.402,
frame_ms,0.3462,
frame_ms,0.3839,
frame_ms,0.3555,
frame_ms,0.2945,
tick_us,1250.5,4438
frame_ms,2.8722,
frame_ms,0.254,
frame_ms,0.2213,
frame_ms,0.2287,
frame_ms,0.235,
frame_ms,0.2392,
frame_ms,0.2467,
frame_ms,0.2273,
frame_ms,0.2278,
frame_ms,0.219,
frame_ms,0.2902,
frame_ms,0.2272,
frame_ms,0.2197,
frame_ms,0.2421,
frame_ms,0.227,
frame_ms,0.2141,
frame_ms,0.2528,
frame_ms,0.2309,
tick_us,1266.6,4418
frame_ms,3.0128,
frame_ms,0.2827,
frame_ms,0.2326,
frame_ms,0.2335,
frame_ms,0.2287,
frame_ms,0.2331,
frame_ms,0.2461,
frame_ms,0.2197,
frame_ms,0.3015,
frame_ms,0.2513,
frame_ms,0.2574,
frame_ms,0.2268,
frame_ms,0.2215,
frame_ms,0.2708,
frame_ms,0.2327,
frame_ms,0.2404,
frame_ms,0.2333,
tick_us,1238.2,4392
frame_ms,2.6989,
frame_ms,0.259,
frame_ms,0.2253,
frame_ms,0.2319,
frame_ms,0.2513,
frame_ms,0.2228,
frame_ms,0.2197,
frame_ms,0.2133,
frame_ms,0.2599,
frame_ms,0.2216,
frame_ms,0.2535,
frame_ms,0.2775,
frame_ms,0.2398,
frame_ms,0.236,
frame_ms,0.2335,
frame_ms,0.2244,
frame_ms,0.2359,
frame_ms,0.2377,
frame_ms,0.2509,
tick_us,1311.3,4388
frame_ms,2.8138,
frame_ms,0.2707,
frame_ms,0.227,
frame_ms,0.2778,
frame_ms,0.2372,
frame_ms,0.237,
frame_ms,0.2409,
frame_ms,0.2293,
frame_ms,0.2284,
frame_ms,0.2212,
frame_ms,0.2588,
frame_ms,0.2389,
frame_ms,0.2195,
frame_ms,0.2447,
frame_ms,0.2326,
frame_ms,0.2212,
frame_ms,0.2181,
frame_ms,0.2668,
tick_us,1210.8,4374
frame_ms,2.7202,
frame_ms,0.3015,
frame_ms,0.2401,
frame_ms,0.2372,
frame_ms,0.2353,
frame_ms,0.2212,
frame_ms,0.2615,
frame_ms,0.232,
frame_ms,0.2167,
frame_ms,0.3061,
frame_ms,0.3073,
frame_ms,0.5614,
frame_ms,0.405,
frame_ms,0.2709,
frame_ms,0.2276,
frame_ms,0.2244,
tick_us,1242.1,4362
frame_ms,2.6843,
frame_ms,0.2818,
frame_ms,0.2381,
frame_ms,0.2606,
frame_ms,0.2475,
frame_ms,0.239,
frame_ms,0.221,
frame_ms,0.2397,
frame_ms,0.2179,
frame_ms,0.2802,
frame_ms,0.2336,
frame_ms,0.2151,
frame_ms,0.2414,
frame_ms,0.2317,
frame_ms,0.214,
frame_ms,0.418,
frame_ms,0.3883,
tick_us,1387.8,4376
frame_ms,3.0785,
frame_ms,0.2698,
frame_ms,0.2215,
frame_ms,0.2329,
frame_ms,0.2507,
frame_ms,0.2912,
frame_ms,0.3046,
frame_ms,0.333,
frame_ms,0.2539,
frame_ms,0.2283,
frame_ms,0.2188,
frame_ms,0.2135,
frame_ms,0.2345,
frame_ms,0.2263,
frame_ms,0.2225,
frame_ms,0.2425,
frame_ms,0.224,
tick_us,1209.5,4352
frame_ms,2.6429,
frame_ms,0.3117,
frame_ms,0.2227,
frame_ms,0.2256,
frame_ms,0.2261,
frame_ms,0.2189,
frame_ms,0.2695,
frame_ms,0.2296,
frame_ms,0.2172,
frame_ms,0.2424,
frame_ms,0.6813,
frame_ms,0.4694,
frame_ms,0.3633,
frame_ms,0.4543,
frame_ms,0.3488,
tick_us,1202.1,4340
frame_ms,2.7339,
frame_ms,0.2963,
frame_ms,0.2496,
frame_ms,0.228,
frame_ms,0.2226,
frame_ms,0.2247,
frame_ms,0.2198,
frame_ms,0.2609,
frame_ms,0.2275,
frame_ms,0.2153,
frame_ms,0.4247,
frame_ms,0.3632,
frame_ms,0.3441,
frame_ms,0.4352,
frame_ms,0.3745,
tick_us,1328.7,4408
frame_ms,2.9856,
frame_ms,0.2866,
frame_ms,0.2331,
frame_ms,0.23,
frame_ms,0.2318,
frame_ms,0.2435,
frame_ms,0.2298,
frame_ms,0.2273,
frame_ms,0.2443,
frame_ms,0.2329,
frame_ms,0.2732,
frame_ms,0.2395,
frame_ms,0.2134,
frame_ms,0.2417,
frame_ms,0.2315,
frame_ms,0.3384,
frame_ms,0.2991,
tick_us,1231.1,4434
frame_ms,2.8029,
frame_ms,0.2588,
frame_ms,0.2273,
frame_ms,0.2201,
frame_ms,0.2329,
frame_ms,0.2725,
frame_ms,0.3244,
frame_ms,0.2435,
frame_ms,0.2851,
frame_ms,0.2394,
frame_ms,0.5409,
frame_ms,0.3124,
frame_ms,0.2676,
frame_ms,0.2566,
frame_ms,0.249,
frame_ms,0.2465,
tick_us,1252,4440
frame_ms,2.7379,
frame_ms,0.3162,
frame_ms,0.2547,
frame_ms,0.2226,
frame_ms,0.2235,
frame_ms,0.2184,
frame_ms,0.2221,
frame_ms,0.2371,
frame_ms,0.2186,
frame_ms,0.2671,
frame_ms,0.2498,
frame_ms,0.2149,
frame_ms,0.2111,
frame_ms,0.2714,
frame_ms,0.2413,
frame_ms,0.2592,
frame_ms,0.2521,
frame_ms,0.2363,
tick_us,1297.7,4458
frame_ms,2.7873,
frame_ms,0.3283,
frame_ms,0.2414,
frame_ms,0.2369,
frame_ms,0.2303,
frame_ms,0.2445,
frame_ms,0.2395,
frame_ms,0.23,
frame_ms,0.2283,
frame_ms,0.2375,
frame_ms,0.2264,
frame_ms,0.2223,
frame_ms,0.2839,
frame_ms,0.2864,
frame_ms,0.2438,
frame_ms,0.2353,
frame_ms,0.228,
frame_ms,0.2266,
tick_us,1305.5,4408
frame_ms,2.7828,
frame_ms,0.2892,
frame_ms,0.2615,
frame_ms,0.2341,
frame_ms,0.2312,
frame_ms,0.2307,
frame_ms,0.2299,
frame_ms,0.2244,
frame_ms,0.2151,
frame_ms,0.3188,
frame_ms,0.3459,
frame_ms,0.2873,
frame_ms,0.2475,
frame_ms,0.2407,
frame_ms,0.2417,
frame_ms,0.2395,
frame_ms,0.2334,
tick_us,1297.4,4404
frame_ms,2.766,
frame_ms,0.2798,
frame_ms,0.5285,
frame_ms,0.2662,
frame_ms,0.264,
frame_ms,0.2202,
frame_ms,0.2177,
frame_ms,0.2734,
frame_ms,0.2226,
frame_ms,0.2206,
frame_ms,0.265,
frame_ms,0.2318,
frame_ms,0.2195,
frame_ms,0.215,
frame_ms,0.3305,
frame_ms,0.3719,
tick_us,1282.2,4400
frame_ms,2.818,
frame_ms,0.2716,
frame_ms,0.2322,
frame_ms,0.2331,
frame_ms,0.3002,
frame_ms,0.2545,
frame_ms,0.4869,
frame_ms,0.4677,
frame_ms,0.443,
frame_ms,0.3489,
frame_ms,0.3662,
frame_ms,0.2817,
frame_ms,0.2457,
frame_ms,0.2225,
frame_ms,0.2316,
tick_us,1230.6,4436
frame_ms,2.7583,
frame_ms,0.2723,
frame_ms,0.2308,
frame_ms,0.2304,
frame_ms,0.2245,
frame_ms,0.2246,
frame_ms,0.2501,
frame_ms,0.2333,
frame_ms,0.2149,
frame_ms,0.249,
frame_ms,0.3554,
frame_ms,0.5334,
frame_ms,0.5052,
frame_ms,0.2339,
frame_ms,0.2226,
tick_us,1256.9,4428
frame_ms,2.7225,
frame_ms,0.2988,
frame_ms,0.2486,
frame_ms,0.2349,
frame_ms,0.2336,
frame_ms,0.2212,
frame_ms,0.215,
frame_ms,0.217,
frame_ms,0.2596,
frame_ms,0.238,
frame_ms,0.2192,
frame_ms,0.2317,
frame_ms,0.221,
frame_ms,0.215,
frame_ms,0.4293,
frame_ms,0.4259,
frame_ms,0.5116,
tick_us,1343.3,4452
frame_ms,2.928,
frame_ms,0.2692,
frame_ms,0.2273,
frame_ms,0.2214,
frame_ms,0.5014,
frame_ms,0.2817,
frame_ms,0.2529,
frame_ms,0.2244,
frame_ms,0.2308,
frame_ms,0.224,
frame_ms,0.2247,
frame_ms,0.2478,
frame_ms,0.231,
frame_ms,0.221,
frame_ms,0.2417,
frame_ms,0.3356,
tick_us,1360,4434
frame_ms,3.1737,
frame_ms,0.3404,
frame_ms,0.252,
frame_ms,0.2359,
frame_ms,0.2357,
frame_ms,0.2407,
frame_ms,0.2296,
frame_ms,0.2945,
frame_ms,0.2795,
frame_ms,0.2695,
frame_ms,0.2682,
frame_ms,0.2539,
frame_ms,0.2513,
frame_ms,0.2781,
frame_ms,0.259,
tick_us,1211.8,4454
frame_ms,2.6874,
frame_ms,0.3393,
frame_ms,0.2501,
frame_ms,0.249,
frame_ms,0.2316,
frame_ms,0.2503,
frame_ms,0.2205,
frame_ms,0.2178,
frame_ms,0.2191,
frame_ms,0.2717,
frame_ms,0.2368,
frame_ms,0.215,
frame_ms,0.2125,
frame_ms,0.2735,
frame_ms,0.2268,
frame_ms,0.2351,
frame_ms,0.2201,
tick_us,1212.4,4456
frame_ms,3.1893,
frame_ms,0.2785,
frame_ms,0.2335,
frame_ms,0.2632,
frame_ms,0.2259,
frame_ms,0.2308,
frame_ms,0.2793,
frame_ms,0.2277,
frame_ms,0.2214,
frame_ms,0.2145,
frame_ms,0.2429,
frame_ms,0.2309,
frame_ms,0.214,
frame_ms,0.2226,
frame_ms,0.2116,
frame_ms,0.2822,
frame_ms,0.2344,
frame_ms,0.2131,
frame_ms,0.2643,
tick_us,1236.6,4448
frame_ms,2.6984,
frame_ms,0.2478,
frame_ms,0.2157,
frame_ms,0.2203,
frame_ms,0.2186,
frame_ms,0.2217,
frame_ms,0.2446,
frame_ms,0.2271,
frame_ms,0.2127,
frame_ms,0.3623,
frame_ms,0.3972,
frame_ms,0.2698,
frame_ms,0.2514,
frame_ms,0.2475,
frame_ms,0.244,
frame_ms,0.2723,
frame_ms,0.3195,
tick_us,1254.9,4444
frame_ms,2.709,
frame_ms,0.3089,
frame_ms,0.2572,
frame_ms,0.2421,
frame_ms,0.2374,
frame_ms,0.2463,
frame_ms,0.243,
frame_ms,0.2257,
frame_ms,0.2193,
frame_ms,0.2122,
frame_ms,0.2106,
frame_ms,0.2465,
frame_ms,0.2213,
frame_ms,0.2123,
frame_ms,0.2529,
frame_ms,0.2606,
frame_ms,0.2328,
tick_us,1343.3,4416
frame_ms,3.2939,
frame_ms,0.2994,
frame_ms,0.2376,
frame_ms,0.4253,
frame_ms,0.4819,
frame_ms,0.3797,
frame_ms,0.4409,
frame_ms,0.3142,
frame_ms,0.3187,
frame_ms,0.2315,
frame_ms,0.2309,
frame_ms,0.2327,
frame_ms,0.2339,
frame_ms,0.239,
tick_us,1248.9,4420
frame_ms,2.7236,
frame_ms,0.2578,
frame_ms,0.227,
frame_ms,0.2256,
frame_ms,0.2273,
frame_ms,0.2211,
frame_ms,0.2826,
frame_ms,0.2811,
frame_ms,0.2397,
frame_ms,0.2324,
frame_ms,0.2314,
frame_ms,0.6815,
frame_ms,0.301,
frame_ms,0.2699,
frame_ms,0.2266,
frame_ms,0.2341,
tick_us,1388.4,4464
frame_ms,2.8983,
frame_ms,0.3345,
frame_ms,0.2574,
frame_ms,0.2343,
frame_ms,0.2279,
frame_ms,0.2365,
frame_ms,0.227,
frame_ms,0.2269,
frame_ms,0.2195,
frame_ms,0.2243,
frame_ms,0.2171,
frame_ms,0.2429,
frame_ms,0.2312,
frame_ms,0.2205,
frame_ms,0.3025,
frame_ms,0.2321,
tick_us,1352.1,4446
frame_ms,3.342,
frame_ms,0.3022,
frame_ms,0.2398,
frame_ms,0.2952,
frame_ms,0.3598,
frame_ms,0.27,
frame_ms,0.2413,
frame_ms,0.2399,
frame_ms,0.2398,
frame_ms,0.2343,
frame_ms,0.2366,
frame_ms,0.2329,
frame_ms,0.2215,
frame_ms,0.2645,
frame_ms,0.2385,
frame_ms,0.2287,
frame_ms,0.3452,
tick_us,1224.9,4434
frame_ms,2.7758,
frame_ms,0.3066,
frame_ms,0.2441,
frame_ms,0.2316,
frame_ms,0.239,
frame_ms,0.2271,
frame_ms,0.2268,
frame_ms,0.2282,
frame_ms,0.2299,
frame_ms,0.3003,
frame_ms,0.2765,
frame_ms,0.2419,
frame_ms,0.2414,
frame_ms,0.2512,
frame_ms,0.2394,
frame_ms,0.2762,
frame_ms,0.2759,
tick_us,1270.3,4432
frame_ms,2.7471,
frame_ms,0.2756,
frame_ms,0.2403,
frame_ms,0.2686,
frame_ms,0.2676,
frame_ms,0.2239,
frame_ms,0.2228,
frame_ms,0.2156,
frame_ms,0.2133,
frame_ms,0.2633,
frame_ms,0.2335,
frame_ms,0.2192,
frame_ms,0.2468,
frame_ms,0.2236,
frame_ms,0.2206,
frame_ms,0.2355,
frame_ms,0.2177,
frame_ms,0.2614,
frame_ms,0.2366,
tick_us,1246.9,4444
frame_ms,2.7025,
frame_ms,0.2519,
frame_ms,0.2234,
frame_ms,0.2509,
frame_ms,0.248,
frame_ms,0.2397,
frame_ms,0.228,
frame_ms,0.2179,
frame_ms,0.2428,
frame_ms,0.247,
frame_ms,0.2156,
frame_ms,0.231,
frame_ms,0.2191,
frame_ms,0.2799,
frame_ms,0.2375,
frame_ms,0.2294,
frame_ms,0.2312,
frame_ms,0.2185,
frame_ms,0.2165,
tick_us,1250.3,4428
frame_ms,2.7133,
frame_ms,0.2757,
frame_ms,0.2365,
frame_ms,0.2192,
frame_ms,0.2165,
frame_ms,0.2524,
frame_ms,0.2933,
frame_ms,0.2363,
frame_ms,0.2318,
frame_ms,0.2309,
frame_ms,0.2293,
frame_ms,0.2274,
frame_ms,0.2722,
frame_ms,0.2744,
frame_ms,0.2606,
frame_ms,0.2237,
frame_ms,0.22,
frame_ms,0.2159,
tick_us,1258.9,4460
frame_ms,2.7068,
frame_ms,0.29,
frame_ms,0.2587,
frame_ms,0.3042,
frame_ms,0.2238,
frame_ms,0.2262,
frame_ms,0.2199,
frame_ms,0.2299,
frame_ms,0.2161,
frame_ms,0.2386,
frame_ms,0.2237,
frame_ms,0.2123,
frame_ms,0.2379,
frame_ms,0.2149,
frame_ms,0.2185,
frame_ms,0.3197,
frame_ms,0.3198,
frame_ms,0.2408,
frame_ms,0.2203,
tick_us,1257.6,4488
frame_ms,2.7788,
frame_ms,0.2767,
frame_ms,0.2446,
frame_ms,0.3183,
frame_ms,0.3866,
frame_ms,0.261,
frame_ms,0.2431,
frame_ms,0.2696,
frame_ms,0.2259,
frame_ms,0.2859,
frame_ms,0.4821,
frame_ms,0.2186,
frame_ms,0.2183,
frame_ms,0.232,
frame_ms,0.2161,
frame_ms,0.2237,
tick_us,1280.6,4464
frame_ms,2.8665,
frame_ms,0.4793,
frame_ms,0.382,
frame_ms,0.3835,
frame_ms,0.2817,
frame_ms,0.2512,
frame_ms,0.2324,
frame_ms,0.4817,
frame_ms,0.3504,
frame_ms,0.2946,
frame_ms,0.2908,
frame_ms,0.2181,
frame_ms,0.2228,
frame_ms,0.2254,
tick_us,1255.3,4438
frame_ms,2.725,
frame_ms,0.2647,
frame_ms,0.235,
frame_ms,0.2269,
frame_ms,0.2291,
frame_ms,0.216,
frame_ms,0.2219,
frame_ms,0.2559,
frame_ms,0.4094,
frame_ms,0.3663,
frame_ms,0.3466,
frame_ms,0.3416,
frame_ms,0.4038,
frame_ms,0.2794,
frame_ms,0.2911,
tick_us,1252.5,4448
frame_ms,2.7073,
frame_ms,0.2518,
frame_ms,0.2297,
frame_ms,0.2253,
frame_ms,0.2317,
frame_ms,0.2181,
frame_ms,0.4588,
frame_ms,0.3628,
frame_ms,0.4259,
frame_ms,0.3437,
frame_ms,0.3365,
frame_ms,0.2845,
frame_ms,0.2371,
frame_ms,0.2213,
frame_ms,0.222,
frame_ms,0.2164,
tick_us,1319.9,4404
frame_ms,3.0613,
frame_ms,0.3871,
frame_ms,0.2862,
frame_ms,0.2324,
frame_ms,0.2286,
frame_ms,0.233,
frame_ms,0.3049,
frame_ms,0.2325,
frame_ms,0.2249,
frame_ms,0.2327,
frame_ms,0.2462,
frame_ms,0.2256,
frame_ms,0.244,
frame_ms,0.2289,
frame_ms,0.2169,
frame_ms,0.2796,
tick_us,1208.2,4438
frame_ms,2.7282,
frame_ms,0.2666,
frame_ms,0.2354,
frame_ms,0.2373,
frame_ms,0.2282,
frame_ms,0.2567,
frame_ms,0.2238,
frame_ms,0.2201,
frame_ms,0.2871,
frame_ms,0.3886,
frame_ms,0.2814,
frame_ms,0.225,
frame_ms,0.222,
frame_ms,0.2242,
frame_ms,0.2237,
frame_ms,0.3079,
frame_ms,0.3026,
frame_ms,0.2565,
tick_us,1288.5,4406
frame_ms,2.8676,
frame_ms,0.3503,
frame_ms,0.3164,
frame_ms,0.2867,
frame_ms,0.3043,
frame_ms,0.2327,
frame_ms,0.2385,
frame_ms,0.242,
frame_ms,0.2252,
frame_ms,0.2313,
frame_ms,0.2362,
frame_ms,0.2307,
frame_ms,0.2221,
frame_ms,0.2883,
frame_ms,0.3385,
frame_ms,0.2548,
tick_us,1227.9,4382
frame_ms,2.6878,
frame_ms,0.2741,
frame_ms,0.2417,
frame_ms,0.2381,
frame_ms,0.2357,
frame_ms,0.2286,
frame_ms,0.2192,
frame_ms,0.2261,
frame_ms,0.2203,
frame_ms,0.3273,
frame_ms,0.2726,
frame_ms,0.2452,
frame_ms,0.2397,
frame_ms,0.2319,
frame_ms,0.2311,
frame_ms,0.2216,
frame_ms,0.2202,
frame_ms,0.3112,
tick_us,1224.8,4402
frame_ms,2.8134,
frame_ms,0.3081,
frame_ms,0.2361,
frame_ms,0.3272,
frame_ms,0.2761,
frame_ms,0.3513,
frame_ms,0.2983,
frame_ms,0.2311,
frame_ms,0.2279,
frame_ms,0.2232,
frame_ms,0.2154,
frame_ms,0.2136,
frame_ms,0.2635,
frame_ms,0.232,
frame_ms,0.313,
frame_ms,0.3018,
frame_ms,0.263,
tick_us,1396.4,4416
frame_ms,2.9337,
frame_ms,0.3483,
frame_ms,0.2586,
frame_ms,0.2294,
frame_ms,0.3949,
frame_ms,0.2593,
frame_ms,0.226,
frame_ms,0.2301,
frame_ms,0.2657,
frame_ms,0.2239,
frame_ms,0.2242,
frame_ms,0.2157,
frame_ms,0.2279,
frame_ms,0.2292,
frame_ms,0.2203,
frame_ms,0.2798,
tick_us,1225,4382
frame_ms,2.748,
frame_ms,0.2815,
frame_ms,0.2372,
frame_ms,0.237,
frame_ms,0.237,
frame_ms,0.2285,
frame_ms,0.2569,
frame_ms,0.2317,
frame_ms,0.2223,
frame_ms,0.2163,
frame_ms,0.347,
frame_ms,0.3675,
frame_ms,0.3644,
frame_ms,0.2615,
frame_ms,0.213,
frame_ms,0.2213,
frame_ms,0.2164,
frame_ms,0.2432,
tick_us,1239.7,4336
frame_ms,2.7068,
frame_ms,0.2598,
frame_ms,0.2275,
frame_ms,0.2228,
frame_ms,0.2112,
frame_ms,0.2125,
frame_ms,0.2704,
frame_ms,0.2312,
frame_ms,0.2186,
frame_ms,0.2108,
frame_ms,0.2477,
frame_ms,0.2222,
frame_ms,0.2125,
frame_ms,0.359,
frame_ms,0.3153,
frame_ms,0.2294,
frame_ms,0.2318,
frame_ms,0.4092,
tick_us,1395.6,4320
frame_ms,2.999,
frame_ms,0.2694,
frame_ms,0.2941,
frame_ms,0.2771,
frame_ms,0.2414,
frame_ms,0.2478,
frame_ms,0.25,
frame_ms,0.2394,
frame_ms,0.2559,
frame_ms,0.3337,
frame_ms,0.2577,
frame_ms,0.2223,
frame_ms,0.2207,
frame_ms,0.2207,
frame_ms,0.2125,
frame_ms,0.2433,
tick_us,1268.5,4328
frame_ms,2.7936,
frame_ms,0.3346,
frame_ms,0.2507,
frame_ms,0.2308,
frame_ms,0.2301,
frame_ms,0.2257,
frame_ms,0.2155,
frame_ms,0.2152,
frame_ms,0.2571,
frame_ms,0.2456,
frame_ms,0.2183,
frame_ms,0.2207,
frame_ms,0.2998,
frame_ms,0.258,
frame_ms,0.2272,
frame_ms,0.2302,
frame_ms,0.21,
frame_ms,0.257,
tick_us,1232,4326
frame_ms,2.7049,
frame_ms,0.2696,
frame_ms,0.2235,
frame_ms,0.2228,
frame_ms,0.2186,
frame_ms,0.2608,
frame_ms,0.3404,
frame_ms,0.2942,
frame_ms,0.2488,
frame_ms,0.232,
frame_ms,0.2337,
frame_ms,0.2308,
frame_ms,0.2275,
frame_ms,0.2522,
frame_ms,0.3215,
frame_ms,0.2571,
frame_ms,0.2287,
frame_ms,0.2375,
tick_us,1338.1,4350
frame_ms,2.9733,
frame_ms,0.6414,
frame_ms,0.3158,
frame_ms,0.3072,
frame_ms,0.2335,
frame_ms,0.2382,
frame_ms,0.2285,
frame_ms,0.2198,
frame_ms,0.2324,
frame_ms,0.2349,
frame_ms,0.2189,
frame_ms,0.2743,
frame_ms,0.2356,
frame_ms,0.2206,
frame_ms,0.2164,
frame_ms,0.2596,
tick_us,1241.3,4336
frame_ms,2.7281,
frame_ms,0.2815,
frame_ms,0.2315,
frame_ms,0.2332,
frame_ms,0.2266,
frame_ms,0.2396,
frame_ms,0.2269,
frame_ms,0.2241,
frame_ms,0.234,
frame_ms,0.255,
frame_ms,0.2224,
frame_ms,0.2535,
frame_ms,0.2285,
frame_ms,0.2256,
frame_ms,0.2601,
frame_ms,0.231,
frame_ms,0.2154,
frame_ms,0.2423,
tick_us,1238.4,4360
frame_ms,2.7222,
frame_ms,0.2575,
frame_ms,0.231,
frame_ms,0.2321,
frame_ms,0.222,
frame_ms,0.233,
frame_ms,0.2322,
frame_ms,0.2419,
frame_ms,0.2331,
frame_ms,0.2659,
frame_ms,0.246,
frame_ms,0.2365,
frame_ms,0.2326,
frame_ms,0.2256,
frame_ms,0.217,
frame_ms,0.3302,
frame_ms,0.2633,
frame_ms,0.2315,
tick_us,1311.2,4356
frame_ms,2.8424,
frame_ms,0.2742,
frame_ms,0.2374,
frame_ms,0.2292,
frame_ms,0.2217,
frame_ms,0.284,
frame_ms,0.2437,
frame_ms,0.2312,
frame_ms,0.2324,
frame_ms,0.2314,
frame_ms,0.2614,
frame_ms,0.2374,
frame_ms,0.2191,
frame_ms,0.2115,
frame_ms,0.2727,
frame_ms,0.2412,
frame_ms,0.2238,
frame_ms,0.2386,
frame_ms,0.2134,
tick_us,1242.8,4312
frame_ms,2.7297,
frame_ms,0.3111,
frame_ms,0.24,
frame_ms,0.2351,
frame_ms,0.2741,
frame_ms,0.2314,
frame_ms,0.2169,
frame_ms,0.2149,
frame_ms,0.2301,
frame_ms,0.3015,
frame_ms,0.2901,
frame_ms,0.2468,
frame_ms,0.2424,
frame_ms,0.3644,
frame_ms,0.4722,
frame_ms,0.3275,
tick_us,1302.2,4306
frame_ms,2.9071,
frame_ms,0.344,
frame_ms,0.2968,
frame_ms,0.2258,
frame_ms,0.2525,
frame_ms,0.2286,
frame_ms,0.234,
frame_ms,0.2278,
frame_ms,0.2235,
frame_ms,0.235,
frame_ms,0.2417,
frame_ms,0.242,
frame_ms,0.2271,
frame_ms,0.2333,
frame_ms,0.3072,
frame_ms,0.2651,
frame_ms,0.2399,
tick_us,1238.5,4270
frame_ms,2.7192,
frame_ms,0.2622,
frame_ms,0.2872,
frame_ms,0.2307,
frame_ms,0.2185,
frame_ms,0.6797,
frame_ms,0.286,
frame_ms,0.2665,
frame_ms,0.23,
frame_ms,0.2307,
frame_ms,0.2289,
frame_ms,0.2259,
frame_ms,0.2344,
frame_ms,0.2282,
frame_ms,0.2706,
frame_ms,0.3821,
tick_us,1291.6,4276
frame_ms,2.772,
frame_ms,0.2877,
frame_ms,0.2296,
frame_ms,0.2601,
frame_ms,0.236,
frame_ms,0.2281,
frame_ms,0.2256,
frame_ms,0.2255,
frame_ms,0.2437,
frame_ms,0.3087,
frame_ms,0.2978,
frame_ms,0.2746,
frame_ms,0.2697,
frame_ms,0.2589,
frame_ms,0.2576,
frame_ms,0.3462,
tick_us,1237.9,4304
frame_ms,2.7991,
frame_ms,0.3092,
frame_ms,0.27,
frame_ms,0.2481,
frame_ms,0.2304,
frame_ms,0.2351,
frame_ms,0.226,
frame_ms,0.2227,
frame_ms,0.284,
frame_ms,0.3771,
frame_ms,0.2209,
frame_ms,0.2288,
frame_ms,0.2262,
frame_ms,0.2249,
frame_ms,0.222,
frame_ms,0.2381,
frame_ms,0.3214,
frame_ms,0.2678,
tick_us,1258.3,4296
frame_ms,2.7389,
frame_ms,0.3108,
frame_ms,0.2359,
frame_ms,0.3103,
frame_ms,0.23,
frame_ms,0.3419,
frame_ms,0.2699,
frame_ms,0.2484,
frame_ms,0.2363,
frame_ms,0.2336,
frame_ms,0.2737,
frame_ms,0.2542,
frame_ms,0.2369,
frame_ms,0.2279,
frame_ms,0.2199,
frame_ms,0.219,
frame_ms,0.2529,
tick_us,1221.7,4264
frame_ms,2.7721,
frame_ms,0.2959,
frame_ms,0.2378,
frame_ms,0.2346,
frame_ms,0.2406,
frame_ms,0.234,
frame_ms,0.2306,
frame_ms,0.2162,
frame_ms,0.2183,
frame_ms,0.2896,
frame_ms,0.3285,
frame_ms,0.6023,
frame_ms,0.3727,
frame_ms,0.3923,
frame_ms,0.4389,
tick_us,1223.4,4318
frame_ms,2.9283,
frame_ms,0.3642,
frame_ms,0.3248,
frame_ms,0.2848,
frame_ms,0.2472,
frame_ms,0.2291,
frame_ms,0.2294,
frame_ms,0.2295,
frame_ms,0.2233,
frame_ms,0.2243,
frame_ms,0.3041,
frame_ms,0.3308,
frame_ms,0.2651,
frame_ms,0.2345,
frame_ms,0.231,
tick_us,1375.1,4326
frame_ms,3.3246,
frame_ms,0.3446,
frame_ms,0.4378,
frame_ms,0.401,
frame_ms,0.3665,
frame_ms,0.3481,
frame_ms,0.3367,
frame_ms,0.2524,
frame_ms,0.239,
frame_ms,0.2349,
frame_ms,0.2342,
frame_ms,0.2264,
frame_ms,0.2269,
frame_ms,0.2367,
tick_us,1245.9,4360
frame_ms,2.7165,
frame_ms,0.2865,
frame_ms,0.2362,
frame_ms,0.2332,
frame_ms,0.2319,
frame_ms,0.2268,
frame_ms,0.2278,
frame_ms,0.2214,
frame_ms,0.2472,
frame_ms,0.2959,
frame_ms,0.2864,
frame_ms,0.8621,
frame_ms,0.3409,
frame_ms,0.3638,
tick_us,1268.3,4376
frame_ms,2.9219,
frame_ms,0.3598,
frame_ms,0.3395,
frame_ms,0.2484,
frame_ms,0.2284,
frame_ms,0.2332,
frame_ms,0.2321,
frame_ms,0.2311,
frame_ms,0.234,
frame_ms,0.2234,
frame_ms,0.2437,
frame_ms,0.2421,
frame_ms,0.2258,
frame_ms,0.22,
frame_ms,0.2677,
frame_ms,0.2123,
frame_ms,0.2508,
frame_ms,0.229,
tick_us,1308.8,4350
frame_ms,2.7861,
frame_ms,0.2568,
frame_ms,0.2253,
frame_ms,0.2311,
frame_ms,0.2195,
frame_ms,0.2909,
frame_ms,0.3128,
frame_ms,0.2437,
frame_ms,0.2351,
frame_ms,0.2261,
frame_ms,0.2189,
frame_ms,0.2344,
frame_ms,0.2756,
frame_ms,0.2353,
frame_ms,0.2184,
frame_ms,0.2132,
frame_ms,0.2198,
tick_us,1415.8,4342
frame_ms,3.1972,
frame_ms,0.5239,
frame_ms,0.3168,
frame_ms,0.308,
frame_ms,0.307,
frame_ms,0.2589,
frame_ms,0.2464,
frame_ms,0.2447,
frame_ms,0.2508,
frame_ms,0.3286,
frame_ms,0.3382,
frame_ms,0.2834,
frame_ms,0.2683,
frame_ms,0.3119,
tick_us,1245.9,4350
frame_ms,2.7331,
frame_ms,0.3181,
frame_ms,0.2468,
frame_ms,0.2553,
frame_ms,0.2526,
frame_ms,0.3092,
frame_ms,0.2252,
frame_ms,0.2377,
frame_ms,0.232,
frame_ms,0.2299,
frame_ms,0.2225,
frame_ms,0.2166,
frame_ms,0.2338,
frame_ms,0.222,
frame_ms,0.3348,
frame_ms,0.3236,
frame_ms,0.2826,
tick_us,1314.9,4340
frame_ms,2.8976,
frame_ms,0.3908,
frame_ms,0.3903,
frame_ms,0.3151,
frame_ms,0.2691,
frame_ms,0.2692,
frame_ms,0.2624,
frame_ms,0.2578,
frame_ms,0.3472,
frame_ms,0.2881,
frame_ms,0.2343,
frame_ms,0.2355,
frame_ms,0.2368,
frame_ms,0.2353,
frame_ms,0.2369,
tick_us,1310,4354
frame_ms,2.9475,
frame_ms,0.4272,
frame_ms,0.2953,
frame_ms,0.2338,
frame_ms,0.2348,
frame_ms,0.2584,
frame_ms,0.2376,
frame_ms,0.2315,
frame_ms,0.2996,
frame_ms,0.2783,
frame_ms,0.2657,
frame_ms,0.2531,
frame_ms,0.2476,
frame_ms,0.2494,
frame_ms,0.3822,
tick_us,1272,4352
frame_ms,2.9908,
frame_ms,0.4578,
frame_ms,0.4049,
frame_ms,0.3578,
frame_ms,0.2517,
frame_ms,0.2428,
frame_ms,0.2543,
frame_ms,0.2522,
frame_ms,0.2614,
frame_ms,0.3243,
frame_ms,0.2323,
frame_ms,0.2365,
frame_ms,0.3034,
frame_ms,0.301,
frame_ms,0.2516,
tick_us,1315.2,4300
frame_ms,2.8436,
frame_ms,0.3042,
frame_ms,0.2375,
frame_ms,0.3371,
frame_ms,0.2723,
frame_ms,0.2578,
frame_ms,0.239,
frame_ms,0.258,
frame_ms,0.2562,
frame_ms,0.3319,
frame_ms,0.3138,
frame_ms,0.2474,
frame_ms,0.237,
frame_ms,0.2517,
frame_ms,0.2328,
frame_ms,0.2491,
frame_ms,0.2468,
tick_us,1278.8,4296
frame_ms,2.8168,
frame_ms,0.3428,
frame_ms,0.2641,
frame_ms,0.2438,
frame_ms,0.2418,
frame_ms,0.3712,
frame_ms,0.3622,
frame_ms,0.3371,
frame_ms,0.2539,
frame_ms,0.2427,
frame_ms,0.2453,
frame_ms,0.2323,
frame_ms,0.2456,
frame_ms,0.2474,
frame_ms,0.2302,
tick_us,1410.7,4282
frame_ms,3.0749,
frame_ms,0.5617,
frame_ms,0.3625,
frame_ms,0.3559,
frame_ms,0.3115,
frame_ms,0.2893,
frame_ms,0.2729,
frame_ms,0.253,
frame_ms,0.2442,
frame_ms,0.2418,
frame_ms,0.2786,
frame_ms,0.2584,
frame_ms,0.2454,
frame_ms,0.2462,
tick_us,1264.6,4272
frame_ms,2.8969,
frame_ms,0.5089,
frame_ms,0.4626,
frame_ms,0.3611,
frame_ms,0.3912,
frame_ms,0.3407,
frame_ms,0.3422,
frame_ms,0.4944,
frame_ms,0.2996,
frame_ms,0.2587,
frame_ms,0.2255,
frame_ms,0.5794,
tick_us,1239,4358
frame_ms,2.8657,
frame_ms,0.3158,
frame_ms,0.2518,
frame_ms,0.2323,
frame_ms,0.2333,
frame_ms,0.369,
frame_ms,0.5624,
frame_ms,0.3354,
frame_ms,0.3807,
frame_ms,0.3485,
frame_ms,0.3726,
frame_ms,0.426,
tick_us,1223.3,4342
frame_ms,2.7184,
frame_ms,0.2655,
frame_ms,0.2402,
frame_ms,0.2358,
frame_ms,0.3299,
frame_ms,0.3319,
frame_ms,0.2718,
frame_ms,0.2478,
frame_ms,0.245,
frame_ms,0.2452,
frame_ms,0.2502,
frame_ms,0.2489,
frame_ms,0.2453,
frame_ms,0.2433,
frame_ms,0.2572,
frame_ms,0.2454,
tick_us,1394.4,4366
frame_ms,3.5316,
frame_ms,0.3683,
frame_ms,0.2561,
frame_ms,0.2573,
frame_ms,0.2479,
frame_ms,0.2368,
frame_ms,0.3576,
frame_ms,0.2703,
frame_ms,0.2452,
frame_ms,0.2383,
frame_ms,0.2295,
frame_ms,0.2258,
frame_ms,0.2892,
frame_ms,0.2679,
frame_ms,0.231,
frame_ms,0.2265,
tick_us,1209.1,4344
frame_ms,2.7856,
frame_ms,0.3127,
frame_ms,0.3399,
frame_ms,0.2592,
frame_ms,0.217,
frame_ms,0.2198,
frame_ms,0.2222,
frame_ms,0.3155,
frame_ms,0.2336,
frame_ms,0.2287,
frame_ms,0.6769,
frame_ms,0.492,
frame_ms,0.4468,
tick_us,1251.9,4344
frame_ms,2.8422,
frame_ms,0.2939,
frame_ms,0.357,
frame_ms,0.2812,
frame_ms,0.2762,
frame_ms,0.2559,
frame_ms,0.2362,
frame_ms,0.2359,
frame_ms,0.2521,
frame_ms,0.2444,
frame_ms,0.2448,
frame_ms,0.2388,
frame_ms,0.2362,
frame_ms,0.237,
frame_ms,0.3009,
frame_ms,0.3052,
tick_us,1329.2,4342
frame_ms,2.9235,
frame_ms,0.3396,
frame_ms,0.2288,
frame_ms,0.2344,
frame_ms,0.2597,
frame_ms,0.2466,
frame_ms,0.2341,
frame_ms,0.249,
frame_ms,0.3249,
frame_ms,0.27,
frame_ms,0.2263,
frame_ms,0.2111,
frame_ms,0.2128,
frame_ms,0.2689,
frame_ms,0.2301,
frame_ms,0.2177,
frame_ms,0.2414,
frame_ms,0.2248,
tick_us,1232.5,4332
frame_ms,2.6781,
frame_ms,0.2647,
frame_ms,0.2196,
frame_ms,0.2206,
frame_ms,0.2256,
frame_ms,0.217,
frame_ms,0.2203,
frame_ms,0.249,
frame_ms,0.231,
frame_ms,0.2195,
frame_ms,0.4207,
frame_ms,0.8532,
frame_ms,0.3743,
frame_ms,0.3568,
tick_us,1271,4330
frame_ms,2.9893,
frame_ms,0.2761,
frame_ms,0.2361,
frame_ms,0.2241,
frame_ms,0.2309,
frame_ms,0.2265,
frame_ms,0.2195,
frame_ms,0.2467,
frame_ms,0.2195,
frame_ms,0.2504,
frame_ms,0.2279,
frame_ms,0.2141,
frame_ms,0.2559,
frame_ms,0.2824,
frame_ms,0.2417,
frame_ms,0.2341,
frame_ms,0.2431,
frame_ms,0.3246,
tick_us,1364.3,4354
frame_ms,2.8567,
frame_ms,0.2964,
frame_ms,0.232,
frame_ms,0.2322,
frame_ms,0.2171,
frame_ms,0.5969,
frame_ms,0.2732,
frame_ms,0.2354,
frame_ms,0.2311,
frame_ms,0.2295,
frame_ms,0.228,
frame_ms,0.2336,
frame_ms,0.2193,
frame_ms,0.3433,
frame_ms,0.3098,
frame_ms,0.2328,
tick_us,1302,4382
frame_ms,2.8012,
frame_ms,0.3694,
frame_ms,0.3108,
frame_ms,0.227,
frame_ms,0.233,
frame_ms,0.2328,
frame_ms,0.2294,
frame_ms,0.2276,
frame_ms,0.2607,
frame_ms,0.2317,
frame_ms,0.2395,
frame_ms,0.2918,
frame_ms,0.2368,
frame_ms,0.2392,
frame_ms,0.231,
frame_ms,0.2582,
frame_ms,0.2614,
tick_us,1215.5,4390
frame_ms,2.6702,
frame_ms,0.2499,
frame_ms,0.2251,
frame_ms,0.2323,
frame_ms,0.2217,
frame_ms,0.2216,
frame_ms,0.2561,
frame_ms,0.2409,
frame_ms,0.2259,
frame_ms,0.2152,
frame_ms,0.2701,
frame_ms,0.243,
frame_ms,0.2219,
frame_ms,0.2437,
frame_ms,0.2228,
frame_ms,0.232,
frame_ms,0.2163,
frame_ms,0.213,
frame_ms,0.3011,
tick_us,1219.9,4414
frame_ms,2.8299,
frame_ms,0.2882,
frame_ms,0.2345,
frame_ms,0.2305,
frame_ms,0.2257,
frame_ms,0.2239,
frame_ms,0.2207,
frame_ms,0.2568,
frame_ms,0.2408,
frame_ms,0.217,
frame_ms,0.243,
frame_ms,0.2388,
frame_ms,0.2267,
frame_ms,0.2114,
frame_ms,0.2634,
frame_ms,0.4187,
frame_ms,0.3793,
tick_us,1336.1,4408
frame_ms,2.9879,
frame_ms,0.3232,
frame_ms,0.2464,
frame_ms,0.2397,
frame_ms,0.244,
frame_ms,0.229,
frame_ms,0.2246,
frame_ms,0.2194,
frame_ms,0.3107,
frame_ms,0.2759,
frame_ms,0.2509,
frame_ms,0.2831,
frame_ms,0.2631,
frame_ms,0.2434,
frame_ms,0.2337,
frame_ms,0.2342,
frame_ms,0.2245,
tick_us,1233.8,4414
frame_ms,2.7348,
frame_ms,0.3002,
frame_ms,0.2435,
frame_ms,0.2316,
frame_ms,0.2633,
frame_ms,0.2286,
frame_ms,0.2602,
frame_ms,0.2821,
frame_ms,0.2466,
frame_ms,0.2372,
frame_ms,0.2313,
frame_ms,0.2271,
frame_ms,0.2461,
frame_ms,0.2484,
frame_ms,0.3027,
frame_ms,0.2331,
frame_ms,0.229,
frame_ms,0.2626,
tick_us,1241.9,4414
frame_ms,2.7051,
frame_ms,0.2443,
frame_ms,0.218,
frame_ms,0.3477,
frame_ms,0.4851,
frame_ms,0.3506,
frame_ms,0.3858,
frame_ms,0.3647,
frame_ms,0.3571,
frame_ms,0.3486,
frame_ms,0.3431,
frame_ms,0.3435,
frame_ms,0.3427,
tick_us,1364.1,4420
frame_ms,3.1115,
frame_ms,0.3707,
frame_ms,0.2645,
frame_ms,0.2423,
frame_ms,0.243,
frame_ms,0.2395,
frame_ms,0.2348,
frame_ms,0.324,
frame_ms,0.2775,
frame_ms,0.2424,
frame_ms,0.2332,
frame_ms,0.243,
frame_ms,0.412,
frame_ms,0.3033,
frame_ms,0.2823,
tick_us,1235.9,4390
frame_ms,2.8163,
frame_ms,0.298,
frame_ms,0.2717,
frame_ms,0.2501,
frame_ms,0.253,
frame_ms,0.2883,
frame_ms,0.2484,
frame_ms,0.2317,
frame_ms,0.2233,
frame_ms,0.2196,
frame_ms,0.2426,
frame_ms,0.2281,
frame_ms,0.2664,
frame_ms,0.2404,
frame_ms,0.3072,
frame_ms,0.3747,
tick_us,1260.7,4394
frame_ms,2.8097,
frame_ms,0.2866,
frame_ms,0.2366,
frame_ms,0.2749,
frame_ms,0.2426,
frame_ms,0.2438,
frame_ms,0.2706,
frame_ms,0.3445,
frame_ms,0.2776,
frame_ms,0.2484,
frame_ms,0.2531,
frame_ms,0.2446,
frame_ms,0.2407,
frame_ms,0.394,
frame_ms,0.3786,
frame_ms,0.3578,
tick_us,1392.7,4448
frame_ms,3.0183,
frame_ms,0.3248,
frame_ms,0.2405,
frame_ms,0.2388,
frame_ms,0.2312,
frame_ms,0.2249,
frame_ms,0.2168,
frame_ms,0.2316,
frame_ms,0.342,
frame_ms,0.3356,
frame_ms,0.2515,
frame_ms,0.2563,
frame_ms,0.2427,
frame_ms,0.2397,
frame_ms,0.2491,
frame_ms,0.2444,
tick_us,1237.4,4448
frame_ms,2.9271,
frame_ms,0.4472,
frame_ms,0.2868,
frame_ms,0.2341,
frame_ms,0.2307,
frame_ms,0.2311,
frame_ms,0.2253,
frame_ms,0.2284,
frame_ms,0.2213,
frame_ms,0.2405,
frame_ms,0.2408,
frame_ms,0.2255,
frame_ms,0.221,
frame_ms,0.2206,
frame_ms,0.2836,
tick_us,1268.7,4478
frame_ms,3.3591,
frame_ms,0.4024,
frame_ms,0.3967,
frame_ms,0.357,
frame_ms,0.4777,
frame_ms,0.4165,
frame_ms,0.4002,
frame_ms,0.4347,
frame_ms,0.371,
frame_ms,0.2957,
frame_ms,0.2634,
frame_ms,0.2301,
tick_us,1269.5,4462
frame_ms,2.7875,
frame_ms,0.3939,
frame_ms,0.2983,
frame_ms,0.2533,
frame_ms,0.2248,
frame_ms,0.2339,
frame_ms,0.2304,
frame_ms,0.2243,
frame_ms,0.2262,
frame_ms,0.2777,
frame_ms,0.2453,
frame_ms,0.2402,
frame_ms,0.2822,
frame_ms,0.3175,
frame_ms,0.2703,
frame_ms,0.2369,
frame_ms,0.2321,
tick_us,1297.6,4482
frame_ms,2.9662,
frame_ms,0.6101,
frame_ms,0.3662,
frame_ms,0.3332,
frame_ms,0.2441,
frame_ms,0.2453,
frame_ms,0.235,
frame_ms,0.4063,
frame_ms,0.3804,
frame_ms,0.2377,
frame_ms,0.2899,
frame_ms,0.3021,
frame_ms,0.265,
tick_us,1301,4480
frame_ms,2.8137,
frame_ms,0.2898,
frame_ms,0.2318,
frame_ms,0.2481,
frame_ms,0.2294,
frame_ms,0.2267,
frame_ms,0.232,
frame_ms,0.2372,
frame_ms,0.23,
frame_ms,0.2519,
frame_ms,0.2817,
frame_ms,0.2333,
frame_ms,0.2225,
frame_ms,0.2163,
frame_ms,0.2204,
frame_ms,0.3213,
frame_ms,0.3285,
frame_ms,0.254,
tick_us,1233.4,4488
frame_ms,2.7136,
frame_ms,0.3231,
frame_ms,0.256,
frame_ms,0.2401,
frame_ms,0.2348,
frame_ms,0.2332,
frame_ms,0.2323,
frame_ms,0.2222,
frame_ms,0.2284,
frame_ms,0.2493,
frame_ms,0.2359,
frame_ms,0.2341,
frame_ms,0.2318,
frame_ms,0.2362,
frame_ms,0.2289,
frame_ms,0.4626,
frame_ms,0.3461,
tick_us,1279.1,4516
frame_ms,2.8544,
frame_ms,0.3382,
frame_ms,0.2832,
frame_ms,0.3245,
frame_ms,0.2311,
frame_ms,0.228,
frame_ms,0.2252,
frame_ms,0.2249,
frame_ms,0.23,
frame_ms,0.2638,
frame_ms,0.2413,
frame_ms,0.2198,
frame_ms,0.2425,
frame_ms,0.2204,
frame_ms,0.2539,
frame_ms,0.2401,
frame_ms,0.2306,
tick_us,1265.8,4534
frame_ms,2.7417,
frame_ms,0.2503,
frame_ms,0.2201,
frame_ms,0.2405,
frame_ms,0.2256,
frame_ms,0.2227,
frame_ms,0.2309,
frame_ms,0.2318,
frame_ms,0.2678,
frame_ms,0.248,
frame_ms,0.2605,
frame_ms,0.2179,
frame_ms,0.2557,
frame_ms,0.2366,
frame_ms,0.2166,
frame_ms,0.2642,
frame_ms,0.2286,
frame_ms,0.2248,
frame_ms,0.2209,
tick_us,1238,4494
frame_ms,2.7977,
frame_ms,0.3207,
frame_ms,0.2434,
frame_ms,0.2285,
frame_ms,0.2316,
frame_ms,0.2272,
frame_ms,0.2209,
frame_ms,0.2412,
frame_ms,0.2284,
frame_ms,0.3022,
frame_ms,0.2757,
frame_ms,0.2409,
frame_ms,0.2498,
frame_ms,0.3077,
frame_ms,0.2396,
frame_ms,0.2403,
frame_ms,0.3499,
tick_us,1236.4,4490
frame_ms,2.9057,
frame_ms,0.3004,
frame_ms,0.2739,
frame_ms,0.2363,
frame_ms,0.2288,
frame_ms,0.2264,
frame_ms,0.228,
frame_ms,0.2204,
frame_ms,0.2179,
frame_ms,0.272,
frame_ms,0.2821,
frame_ms,0.2384,
frame_ms,0.2293,
frame_ms,0.2258,
frame_ms,0.2937,
frame_ms,0.2424,
frame_ms,0.4123,
tick_us,1270.4,4500
frame_ms,3.024,
frame_ms,0.3327,
frame_ms,0.3255,
frame_ms,0.2818,
frame_ms,0.2698,
frame_ms,0.2275,
frame_ms,0.2335,
frame_ms,0.2406,
frame_ms,0.2204,
frame_ms,0.2262,
frame_ms,0.2293,
frame_ms,0.2452,
frame_ms,0.2293,
frame_ms,0.2179,
frame_ms,0.2709,
frame_ms,0.2345,
tick_us,1268.4,4452
frame_ms,2.7582,
frame_ms,0.3205,
frame_ms,0.2499,
frame_ms,0.2274,
frame_ms,0.2322,
frame_ms,0.2424,
frame_ms,0.2338,
frame_ms,0.2351,
frame_ms,0.2231,
frame_ms,0.3158,
frame_ms,0.2524,
frame_ms,0.2484,
frame_ms,0.2269,
frame_ms,0.2235,
frame_ms,0.2154,
frame_ms,0.3026,
frame_ms,0.2841,
frame_ms,0.2393,
tick_us,1234.7,4470
frame_ms,2.7151,
frame_ms,0.3139,
frame_ms,0.2779,
frame_ms,0.2316,
frame_ms,0.2279,
frame_ms,0.2269,
frame_ms,0.2398,
frame_ms,0.2603,
frame_ms,0.2741,
frame_ms,0.2433,
frame_ms,0.227,
frame_ms,0.2194,
frame_ms,0.2138,
frame_ms,0.2143,
frame_ms,0.4262,
frame_ms,0.3929,
tick_us,1360.1,4506
frame_ms,2.9655,
frame_ms,0.3363,
frame_ms,0.2506,
frame_ms,0.2245,
frame_ms,0.2242,
frame_ms,0.2984,
frame_ms,0.2231,
frame_ms,0.3554,
frame_ms,0.287,
frame_ms,0.2347,
frame_ms,0.2228,
frame_ms,0.2202,
frame_ms,0.2207,
frame_ms,0.2158,
frame_ms,0.2629,
frame_ms,0.2269,
frame_ms,0.2147,
frame_ms,0.2714,
tick_us,1273.8,4498
frame_ms,2.7631,
frame_ms,0.296,
frame_ms,0.2392,
frame_ms,0.2288,
frame_ms,0.2209,
frame_ms,0.2181,
frame_ms,0.2299,
frame_ms,0.2271,
frame_ms,0.2434,
frame_ms,0.2342,
frame_ms,0.2239,
frame_ms,0.2265,
frame_ms,0.262,
frame_ms,0.2943,
frame_ms,0.2674,
frame_ms,0.3527,
frame_ms,0.2986,
tick_us,1248.1,4504
frame_ms,2.7135,
frame_ms,0.265,
frame_ms,0.2279,
frame_ms,0.2255,
frame_ms,0.2195,
frame_ms,0.2145,
frame_ms,0.3093,
frame_ms,0.2248,
frame_ms,0.2118,
frame_ms,0.2622,
frame_ms,0.2807,
frame_ms,0.2366,
frame_ms,0.2323,
frame_ms,0.2271,
frame_ms,0.2297,
frame_ms,0.3414,
frame_ms,0.3915,
tick_us,1412.2,4500
frame_ms,3.0616,
frame_ms,0.2808,
frame_ms,0.2306,
frame_ms,0.24,
frame_ms,0.2301,
frame_ms,0.2311,
frame_ms,0.2218,
frame_ms,0.2255,
frame_ms,0.2923,
frame_ms,0.3055,
frame_ms,0.22,
frame_ms,0.2208,
frame_ms,0.2149,
frame_ms,0.231,
frame_ms,0.2212,
frame_ms,0.2145,
frame_ms,0.2606,
frame_ms,0.2229,
tick_us,1307,4490
frame_ms,2.8932,
frame_ms,0.3255,
frame_ms,0.2492,
frame_ms,0.2273,
frame_ms,0.2399,
frame_ms,0.2268,
frame_ms,0.2252,
frame_ms,0.2152,
frame_ms,0.2842,
frame_ms,0.2292,
frame_ms,0.2864,
frame_ms,0.2278,
frame_ms,0.2303,
frame_ms,0.2357,
frame_ms,0.2506,
frame_ms,0.2809,
frame_ms,0.2281,
tick_us,1227.5,4450
frame_ms,2.69,
frame_ms,0.3003,
frame_ms,0.2496,
frame_ms,0.2304,
frame_ms,0.2247,
frame_ms,0.2197,
frame_ms,0.2291,
frame_ms,0.281,
frame_ms,0.2343,
frame_ms,0.2202,
frame_ms,0.2146,
frame_ms,0.2786,
frame_ms,0.2365,
frame_ms,0.2132,
frame_ms,0.2116,
frame_ms,0.2849,
frame_ms,0.2434,
frame_ms,0.2449,
frame_ms,0.2323,
tick_us,1270.5,4456
frame_ms,2.7493,
frame_ms,0.3171,
frame_ms,0.2401,
frame_ms,0.2351,
frame_ms,0.2271,
frame_ms,0.277,
frame_ms,0.2341,
frame_ms,0.2233,
frame_ms,0.2248,
frame_ms,0.2161,
frame_ms,0.2993,
frame_ms,0.229,
frame_ms,0.2149,
frame_ms,0.2769,
frame_ms,0.2331,
frame_ms,0.2179,
frame_ms,0.2135,
frame_ms,0.2725,
tick_us,1236.7,4450
frame_ms,2.7075,
frame_ms,0.2425,
frame_ms,0.2196,
frame_ms,0.2196,
frame_ms,0.2181,
frame_ms,0.2478,
frame_ms,0.2197,
frame_ms,0.2453,
frame_ms,0.2169,
frame_ms,0.2153,
frame_ms,0.4396,
frame_ms,0.4194,
frame_ms,0.3772,
frame_ms,0.3902,
frame_ms,0.4046,
frame_ms,0.2616,
tick_us,1259.5,4440
frame_ms,2.8183,
frame_ms,0.4739,
frame_ms,0.4429,
frame_ms,0.4378,
frame_ms,0.3777,
frame_ms,0.3569,
frame_ms,0.381,
frame_ms,0.2801,
frame_ms,0.2501,
frame_ms,0.2273,
frame_ms,0.2364,
frame_ms,0.2331,
frame_ms,0.2428,
tick_us,1333.3,4444
frame_ms,2.8541,
frame_ms,0.3426,
frame_ms,0.2781,
frame_ms,0.2438,
frame_ms,0.2421,
frame_ms,0.2435,
frame_ms,0.2891,
frame_ms,0.4846,
frame_ms,0.3096,
frame_ms,0.3264,
frame_ms,0.2305,
frame_ms,0.2337,
frame_ms,0.2312,
frame_ms,0.2279,
frame_ms,0.2323,
frame_ms,0.2193,
tick_us,1260.9,4438
frame_ms,2.7649,
frame_ms,0.3357,
frame_ms,0.3354,
frame_ms,0.248,
frame_ms,0.2238,
frame_ms,0.2273,
frame_ms,0.2273,
frame_ms,0.2255,
frame_ms,0.2164,
frame_ms,0.8025,
frame_ms,0.4327,
frame_ms,0.286,
frame_ms,0.2331,
frame_ms,0.2382,
frame_ms,0.23,
tick_us,1255.2,4468
frame_ms,2.7308,
frame_ms,0.2812,
frame_ms,0.3496,
frame_ms,0.2396,
frame_ms,0.3727,
frame_ms,0.3661,
frame_ms,0.3379,
frame_ms,0.3354,
frame_ms,0.3329,
frame_ms,0.289,
frame_ms,0.2477,
frame_ms,0.2155,
frame_ms,0.2237,
frame_ms,0.2213,
frame_ms,0.2237,
frame_ms,0.236,
tick_us,1323.5,4474
frame_ms,2.8661,
frame_ms,0.2709,
frame_ms,0.2745,
frame_ms,0.2253,
frame_ms,0.2397,
frame_ms,0.2605,
frame_ms,0.2465,
frame_ms,0.2311,
frame_ms,0.2225,
frame_ms,0.2141,
frame_ms,0.2779,
frame_ms,0.2349,
frame_ms,0.2164,
frame_ms,0.2474,
frame_ms,0.2239,
frame_ms,0.211,
frame_ms,0.5175,
tick_us,1267.6,4496
frame_ms,2.8612,
frame_ms,0.5369,
frame_ms,0.3624,
frame_ms,0.25,
frame_ms,0.2278,
frame_ms,0.2307,
frame_ms,0.2364,
frame_ms,0.236,
frame_ms,0.2287,
frame_ms,0.2268,
frame_ms,0.2654,
frame_ms,0.2927,
frame_ms,0.2813,
frame_ms,0.25,
frame_ms,0.26,
tick_us,1300.4,4476
frame_ms,2.933,
frame_ms,0.4826,
frame_ms,0.4257,
frame_ms,0.2437,
frame_ms,0.2339,
frame_ms,0.2359,
frame_ms,0.229,
frame_ms,0.221,
frame_ms,0.225,
frame_ms,0.2629,
frame_ms,0.236,
frame_ms,0.2274,
frame_ms,0.2778,
frame_ms,0.3166,
frame_ms,0.3107,
frame_ms,0.2636,
tick_us,1362.7,4464
frame_ms,2.9635,
frame_ms,0.5134,
frame_ms,0.3495,
frame_ms,0.2842,
frame_ms,0.2523,
frame_ms,0.3004,
frame_ms,0.3728,
frame_ms,0.2584,
frame_ms,0.2737,
frame_ms,0.2283,
frame_ms,0.223,
frame_ms,0.223,
frame_ms,0.2369,
frame_ms,0.2254,
frame_ms,0.2373,
tick_us,1298.8,4472
frame_ms,2.9437,
frame_ms,0.4681,
frame_ms,0.3013,
frame_ms,0.2404,
frame_ms,0.2393,
frame_ms,0.2295,
frame_ms,0.2265,
frame_ms,0.2283,
frame_ms,0.2228,
frame_ms,0.2642,
frame_ms,0.3231,
frame_ms,0.5764,
frame_ms,0.3475,
tick_us,1314.8,4504
frame_ms,3.0671,
frame_ms,0.4002,
frame_ms,0.3359,
frame_ms,0.25,
frame_ms,0.2378,
frame_ms,0.2378,
frame_ms,0.2336,
frame_ms,0.2415,
frame_ms,0.2348,
frame_ms,0.2256,
frame_ms,0.2259,
frame_ms,0.2193,
frame_ms,0.2267,
frame_ms,0.238,
frame_ms,0.2326,
frame_ms,0.2297,
frame_ms,0.2368,
tick_us,1272.5,4526
frame_ms,2.7545,
frame_ms,0.2747,
frame_ms,0.2439,
frame_ms,0.2355,
frame_ms,0.2338,
frame_ms,0.2386,
frame_ms,0.2558,
frame_ms,0.4855,
frame_ms,0.2814,
frame_ms,0.245,
frame_ms,0.2285,
frame_ms,0.2283,
frame_ms,0.2251,
frame_ms,0.2283,
frame_ms,0.2399,
frame_ms,0.2608,
frame_ms,0.2277,
frame_ms,0.2453,
tick_us,1300.5,4502
frame_ms,2.79,
frame_ms,0.3244,
frame_ms,0.2471,
frame_ms,0.2278,
frame_ms,0.2332,
frame_ms,0.2294,
frame_ms,0.3878,
frame_ms,0.2846,
frame_ms,0.2363,
frame_ms,0.2586,
frame_ms,0.2388,
frame_ms,0.2453,
frame_ms,0.2362,
frame_ms,0.2399,
frame_ms,0.2223,
frame_ms,0.267,
frame_ms,0.2371,
tick_us,1268.2,4506
frame_ms,2.7748,
frame_ms,0.3386,
frame_ms,0.2815,
frame_ms,0.2325,
frame_ms,0.2491,
frame_ms,0.2331,
frame_ms,0.2219,
frame_ms,0.2142,
frame_ms,0.2645,
frame_ms,0.2206,
frame_ms,0.2179,
frame_ms,0.2435,
frame_ms,0.221,
frame_ms,0.2183,
frame_ms,0.2126,
frame_ms,0.2716,
frame_ms,0.2416,
frame_ms,0.2214,
tick_us,1273.4,4502
frame_ms,2.7302,
frame_ms,0.2626,
frame_ms,0.2274,
frame_ms,0.2363,
frame_ms,0.2316,
frame_ms,0.2264,
frame_ms,0.2324,
frame_ms,0.2646,
frame_ms,0.3224,
frame_ms,0.2405,
frame_ms,0.2372,
frame_ms,0.2368,
frame_ms,0.2138,
frame_ms,0.2403,
frame_ms,0.3838,
frame_ms,0.3885,
frame_ms,0.3738,
tick_us,1443.5,4472
frame_ms,3.1531,
frame_ms,0.3634,
frame_ms,0.3078,
frame_ms,0.2482,
frame_ms,0.2422,
frame_ms,0.3144,
frame_ms,0.2418,
frame_ms,0.2256,
frame_ms,0.2336,
frame_ms,0.2339,
frame_ms,0.2584,
frame_ms,0.2265,
frame_ms,0.2264,
frame_ms,0.2333,
frame_ms,0.2623,
tick_us,1283.1,4466
frame_ms,2.801,
frame_ms,0.3299,
frame_ms,0.2985,
frame_ms,0.2283,
frame_ms,0.2327,
frame_ms,0.2208,
frame_ms,0.2727,
frame_ms,0.2289,
frame_ms,0.2228,
frame_ms,0.245,
frame_ms,0.2261,
frame_ms,0.2235,
frame_ms,0.2568,
frame_ms,0.2297,
frame_ms,0.2237,
frame_ms,0.2448,
frame_ms,0.229,
frame_ms,0.2263,
tick_us,1273.9,4446
frame_ms,2.8128,
frame_ms,0.2925,
frame_ms,0.2292,
frame_ms,0.2751,
frame_ms,0.2864,
frame_ms,0.2495,
frame_ms,0.2945,
frame_ms,0.2908,
frame_ms,0.4188,
frame_ms,0.2819,
frame_ms,0.2652,
frame_ms,0.324,
frame_ms,0.2161,
frame_ms,0.2274,
frame_ms,0.2249,
frame_ms,0.2339,
frame_ms,0.2181,
tick_us,1253.9,4468
frame_ms,2.7327,
frame_ms,0.3084,
frame_ms,0.2464,
frame_ms,0.2383,
frame_ms,0.2393,
frame_ms,0.2254,
frame_ms,0.2187,
frame_ms,0.2165,
frame_ms,0.2619,
frame_ms,0.2453,
frame_ms,0.2191,
frame_ms,0.2283,
frame_ms,0.259,
frame_ms,0.244,
frame_ms,0.2258,
frame_ms,0.228,
frame_ms,0.2631,
frame_ms,0.2742,
tick_us,1258.3,4486
frame_ms,2.742,
frame_ms,0.3433,
frame_ms,0.2844,
frame_ms,0.2525,
frame_ms,0.2284,
frame_ms,0.2249,
frame_ms,0.22,
frame_ms,0.2194,
frame_ms,0.2579,
frame_ms,0.2523,
frame_ms,0.2241,
frame_ms,0.2134,
frame_ms,0.2389,
frame_ms,0.2208,
frame_ms,0.2148,
frame_ms,0.266,
frame_ms,0.2902,
frame_ms,0.2483,
tick_us,1295.9,4482
frame_ms,2.9019,
frame_ms,0.3108,
frame_ms,0.3049,
frame_ms,0.3181,
frame_ms,0.2757,
frame_ms,0.3122,
frame_ms,0.2726,
frame_ms,0.2421,
frame_ms,0.2334,
frame_ms,0.3531,
frame_ms,0.2207,
frame_ms,0.2361,
frame_ms,0.2147,
frame_ms,0.2135,
frame_ms,0.2644,
frame_ms,0.2386,
tick_us,1289.2,4448
frame_ms,2.799,
frame_ms,0.3552,
frame_ms,0.347,
frame_ms,0.4107,
frame_ms,0.3571,
frame_ms,0.3426,
frame_ms,0.4868,
frame_ms,0.3608,
frame_ms,0.6296,
frame_ms,0.3887,
frame_ms,0.5039,
tick_us,1285.5,4454
frame_ms,3.0031,
frame_ms,0.3543,
frame_ms,0.3318,
frame_ms,0.249,
frame_ms,0.2269,
frame_ms,0.2305,
frame_ms,0.2302,
frame_ms,0.229,
frame_ms,0.2205,
frame_ms,0.2489,
frame_ms,0.235,
frame_ms,0.2205,
frame_ms,0.2581,
frame_ms,0.3967,
frame_ms,0.3877,
tick_us,1234.9,4420
frame_ms,2.7776,
frame_ms,0.2688,
frame_ms,0.2253,
frame_ms,0.2282,
frame_ms,0.3477,
frame_ms,0.2833,
frame_ms,0.3337,
frame_ms,0.3224,
frame_ms,0.4587,
frame_ms,0.229,
frame_ms,0.2204,
frame_ms,0.3576,
frame_ms,0.3776,
frame_ms,0.3825,
tick_us,1441.1,4390
frame_ms,3.1504,
frame_ms,0.4159,
frame_ms,0.3013,
frame_ms,0.2466,
frame_ms,0.2221,
frame_ms,0.2319,
frame_ms,0.2355,
frame_ms,0.2291,
frame_ms,0.3156,
frame_ms,0.3008,
frame_ms,0.3045,
frame_ms,0.2644,
frame_ms,0.3054,
frame_ms,0.2985,
frame_ms,0.2346,
frame_ms,0.2216,
tick_us,1332.8,4380
frame_ms,2.8434,
frame_ms,0.3637,
frame_ms,0.3109,
frame_ms,0.241,
frame_ms,0.2248,
frame_ms,0.2253,
frame_ms,0.2222,
frame_ms,0.2193,
frame_ms,0.2743,
frame_ms,0.2359,
frame_ms,0.2162,
frame_ms,0.2557,
frame_ms,0.2328,
frame_ms,0.2174,
frame_ms,0.2354,
frame_ms,0.2287,
frame_ms,0.2346,
tick_us,1380.6,4432
frame_ms,2.8674,
frame_ms,0.2568,
frame_ms,0.2193,
frame_ms,0.2248,
frame_ms,0.221,
frame_ms,0.2198,
frame_ms,0.2789,
frame_ms,0.2385,
frame_ms,0.2405,
frame_ms,0.2293,
frame_ms,0.2314,
frame_ms,0.2284,
frame_ms,0.25,
frame_ms,0.2387,
frame_ms,0.2176,
frame_ms,0.2641,
frame_ms,0.2363,
frame_ms,0.2221,
tick_us,1261.3,4444
frame_ms,2.7809,
frame_ms,0.2642,
frame_ms,0.2726,
frame_ms,0.2942,
frame_ms,0.2488,
frame_ms,0.2365,
frame_ms,0.2329,
frame_ms,0.2343,
frame_ms,0.2309,
frame_ms,0.2376,
frame_ms,0.4152,
frame_ms,0.3535,
frame_ms,0.4773,
frame_ms,0.3657,
frame_ms,0.3655,
tick_us,1239.8,4418
frame_ms,2.7656,
frame_ms,0.3694,
frame_ms,0.2883,
frame_ms,0.2473,
frame_ms,0.237,
frame_ms,0.2367,
frame_ms,0.2712,
frame_ms,0.2341,
frame_ms,0.2202,
frame_ms,0.2192,
frame_ms,0.2754,
frame_ms,0.238,
frame_ms,0.2237,
frame_ms,0.2236,
frame_ms,0.434,
frame_ms,0.2885,
frame_ms,0.2523,
tick_us,1275.7,4492
frame_ms,2.7898,
frame_ms,0.2976,
frame_ms,0.4025,
frame_ms,0.3265,
frame_ms,0.2758,
frame_ms,0.2561,
frame_ms,0.4036,
frame_ms,0.3847,
frame_ms,0.289,
frame_ms,0.2471,
frame_ms,0.2296,
frame_ms,0.2306,
frame_ms,0.2612,
frame_ms,0.2882,
frame_ms,0.239,
tick_us,1260.4,4466
frame_ms,2.7592,
frame_ms,0.353,
frame_ms,0.2526,
frame_ms,0.2292,
frame_ms,0.2255,
frame_ms,0.2291,
frame_ms,0.2255,
frame_ms,0.221,
frame_ms,0.258,
frame_ms,0.668,
frame_ms,0.4014,
frame_ms,0.3159,
frame_ms,0.2827,
frame_ms,0.2615,
frame_ms,0.243,
tick_us,1243.5,4492
frame_ms,2.7853,
frame_ms,0.3346,
frame_ms,0.2733,
frame_ms,0.2415,
frame_ms,0.2375,
frame_ms,0.241,
frame_ms,0.2605,
frame_ms,0.2309,
frame_ms,0.2316,
frame_ms,0.2248,
frame_ms,0.2187,
frame_ms,0.2574,
frame_ms,0.2294,
frame_ms,0.2226,
frame_ms,0.2747,
frame_ms,0.2308,
frame_ms,0.2313,
frame_ms,0.228,
tick_us,1253.1,4474
frame_ms,2.9814,
frame_ms,0.2702,
frame_ms,0.2898,
frame_ms,0.315,
frame_ms,0.2582,
frame_ms,0.2387,
frame_ms,0.2443,
frame_ms,0.2453,
frame_ms,0.2471,
frame_ms,0.2642,
frame_ms,0.2376,
frame_ms,0.2361,
frame_ms,0.232,
frame_ms,0.2367,
frame_ms,0.2353,
tick_us,1264.4,4488
frame_ms,3.1437,
frame_ms,0.3727,
frame_ms,0.2842,
frame_ms,0.2411,
frame_ms,0.2356,
frame_ms,0.2375,
frame_ms,0.2322,
frame_ms,0.2254,
frame_ms,0.2265,
frame_ms,0.2265,
frame_ms,0.2562,
frame_ms,0.2276,
frame_ms,0.2436,
frame_ms,0.2718,
frame_ms,0.2631,
frame_ms,0.2267,
frame_ms,0.2586,
frame_ms,0.2198,
tick_us,1237.4,4520
frame_ms,2.7489,
frame_ms,0.2965,
frame_ms,0.2574,
frame_ms,0.2675,
frame_ms,0.2253,
frame_ms,0.2357,
frame_ms,0.2307,
frame_ms,0.2269,
frame_ms,0.2168,
frame_ms,0.2225,
frame_ms,0.2367,
frame_ms,0.233,
frame_ms,0.2632,
frame_ms,0.2323,
frame_ms,0.2195,
frame_ms,0.2284,
frame_ms,0.2277,
frame_ms,0.2424,
tick_us,1298.7,4498
frame_ms,3.1383,
frame_ms,0.2929,
frame_ms,0.2384,
frame_ms,0.2434,
frame_ms,0.2482,
frame_ms,0.2378,
frame_ms,0.2295,
frame_ms,0.2296,
frame_ms,0.2232,
frame_ms,0.221,
frame_ms,0.3181,
frame_ms,0.2787,
frame_ms,0.2349,
frame_ms,0.2267,
frame_ms,0.2218,
frame_ms,0.2208,
frame_ms,0.2663,
tick_us,1225.3,4506
frame_ms,2.7744,
frame_ms,0.3404,
frame_ms,0.2631,
frame_ms,0.2302,
frame_ms,0.2384,
frame_ms,0.2244,
frame_ms,0.2225,
frame_ms,0.2163,
frame_ms,0.2336,
frame_ms,0.2659,
frame_ms,0.2529,
frame_ms,0.2299,
frame_ms,0.262,
frame_ms,0.572,
frame_ms,0.3552,
tick_us,1318.8,4524
frame_ms,3.0065,
frame_ms,0.3004,
frame_ms,0.3748,
frame_ms,0.3276,
frame_ms,0.2613,
frame_ms,0.2284,
frame_ms,0.2695,
frame_ms,0.2243,
frame_ms,0.222,
frame_ms,0.2501,
frame_ms,0.2658,
frame_ms,0.2258,
frame_ms,0.2436,
frame_ms,0.2343,
frame_ms,0.277,
frame_ms,0.2404,
frame_ms,0.2572,
tick_us,1289.9,4534
frame_ms,2.7979,
frame_ms,0.3968,
frame_ms,0.3102,
frame_ms,0.3487,
frame_ms,0.2917,
frame_ms,0.2572,
frame_ms,0.2472,
frame_ms,0.249,
frame_ms,0.249,
frame_ms,0.3246,
frame_ms,0.2707,
frame_ms,0.2253,
frame_ms,0.2216,
frame_ms,0.216,
frame_ms,0.2491,
frame_ms,0.227,
tick_us,1247.3,4564
frame_ms,2.7275,
frame_ms,0.2956,
frame_ms,0.2329,
frame_ms,0.2332,
frame_ms,0.2269,
frame_ms,0.2198,
frame_ms,0.2204,
frame_ms,0.4233,
frame_ms,0.4576,
frame_ms,0.3694,
frame_ms,0.3454,
frame_ms,0.3867,
frame_ms,0.3223,
frame_ms,0.2494,
frame_ms,0.2177,
tick_us,1252.5,4544
frame_ms,2.7417,
frame_ms,0.2947,
frame_ms,0.2558,
frame_ms,0.2401,
frame_ms,0.2235,
frame_ms,0.2198,
frame_ms,0.2464,
frame_ms,0.2318,
frame_ms,0.2216,
frame_ms,0.2558,
frame_ms,0.2293,
frame_ms,0.2179,
frame_ms,0.2464,
frame_ms,0.2323,
frame_ms,0.2162,
frame_ms,0.2847,
frame_ms,0.2521,
frame_ms,0.2281,
frame_ms,0.2141,
tick_us,1329.4,4566
frame_ms,2.8289,
frame_ms,0.2522,
frame_ms,0.2278,
frame_ms,0.2265,
frame_ms,0.2345,
frame_ms,0.2318,
frame_ms,0.2446,
frame_ms,0.2232,
frame_ms,0.2691,
frame_ms,0.2422,
frame_ms,0.2147,
frame_ms,0.2733,
frame_ms,0.2615,
frame_ms,0.403,
frame_ms,0.2567,
frame_ms,0.225,
frame_ms,0.221,
tick_us,1340.7,4538
frame_ms,3.0494,
frame_ms,0.3575,
frame_ms,0.3561,
frame_ms,0.3226,
frame_ms,0.2431,
frame_ms,0.2287,
frame_ms,0.2369,
frame_ms,0.2924,
frame_ms,0.2692,
frame_ms,0.2421,
frame_ms,0.229,
frame_ms,0.2247,
frame_ms,0.2163,
frame_ms,0.2698,
frame_ms,0.2271,
frame_ms,0.2539,
tick_us,1241.1,4552
frame_ms,2.7562,
frame_ms,0.2956,
frame_ms,0.2354,
frame_ms,0.2294,
frame_ms,0.2361,
frame_ms,0.2337,
frame_ms,0.2185,
frame_ms,0.2979,
frame_ms,0.2379,
frame_ms,0.2341,
frame_ms,0.2289,
frame_ms,0.2186,
frame_ms,0.2192,
frame_ms,0.2844,
frame_ms,0.3145,
frame_ms,0.2489,
frame_ms,0.2418,
frame_ms,0.2382,
tick_us,1315.3,4514
frame_ms,2.7973,
frame_ms,0.2606,
frame_ms,0.2222,
frame_ms,0.2774,
frame_ms,0.2655,
frame_ms,0.27,
frame_ms,0.4581,
frame_ms,0.4137,
frame_ms,0.3488,
frame_ms,0.3689,
frame_ms,0.301,
frame_ms,0.2381,
frame_ms,0.2196,
frame_ms,0.2224,
frame_ms,0.2195,
tick_us,1271.3,4496
frame_ms,2.7401,
frame_ms,0.2773,
frame_ms,0.2238,
frame_ms,0.227,
frame_ms,0.2226,
frame_ms,0.2156,
frame_ms,0.2124,
frame_ms,0.2406,
frame_ms,0.2371,
frame_ms,0.2159,
frame_ms,0.226,
frame_ms,0.2513,
frame_ms,0.223,
frame_ms,0.3692,
frame_ms,0.2705,
frame_ms,0.2399,
frame_ms,0.2329,
frame_ms,0.2273,
frame_ms,0.2163,
tick_us,1274.1,4470
frame_ms,2.7586,
frame_ms,0.3272,
frame_ms,0.329,
frame_ms,0.237,
frame_ms,0.2216,
frame_ms,0.2277,
frame_ms,0.2289,
frame_ms,0.2363,
frame_ms,0.2152,
frame_ms,0.211,
frame_ms,0.264,
frame_ms,0.2342,
frame_ms,0.216,
frame_ms,0.2561,
frame_ms,0.2422,
frame_ms,0.2294,
frame_ms,0.2288,
tick_us,1298.9,4460
frame_ms,2.8907,
frame_ms,0.2733,
frame_ms,0.222,
frame_ms,0.2529,
frame_ms,0.32,
frame_ms,0.3318,
frame_ms,0.2529,
frame_ms,0.4231,
frame_ms,0.3896,
frame_ms,0.3543,
frame_ms,0.4298,
frame_ms,0.3525,
frame_ms,0.2977,
frame_ms,0.2538,
tick_us,1242.5,4472
frame_ms,2.7218,
frame_ms,0.3062,
frame_ms,0.2465,
frame_ms,0.2307,
frame_ms,0.2256,
frame_ms,0.2251,
frame_ms,0.2237,
frame_ms,0.2156,
frame_ms,0.261,
frame_ms,0.2534,
frame_ms,0.2345,
frame_ms,0.5452,
frame_ms,0.2876,
frame_ms,0.3738,
frame_ms,0.2524,
frame_ms,0.2218,
frame_ms,0.2208,
tick_us,1253,4522
frame_ms,2.7284,
frame_ms,0.3092,
frame_ms,0.2556,
frame_ms,0.2487,
frame_ms,0.2712,
frame_ms,0.2242,
frame_ms,0.2158,
frame_ms,0.2191,
frame_ms,0.2152,
frame_ms,0.2421,
frame_ms,0.2306,
frame_ms,0.2142,
frame_ms,0.2515,
frame_ms,0.2308,
frame_ms,0.2185,
frame_ms,0.4563,
frame_ms,0.3789,
tick_us,1260.5,4564
frame_ms,2.825,
frame_ms,0.2604,
frame_ms,0.2213,
frame_ms,0.2844,
frame_ms,0.2992,
frame_ms,0.3288,
frame_ms,0.2906,
frame_ms,0.2585,
frame_ms,0.2649,
frame_ms,0.238,
frame_ms,0.2372,
frame_ms,0.305,
frame_ms,0.4597,
frame_ms,0.2939,
frame_ms,0.2507,
frame_ms,0.2307,
tick_us,1288.7,4566
frame_ms,2.7756,
frame_ms,0.3109,
frame_ms,0.2418,
frame_ms,0.2287,
frame_ms,0.2378,
frame_ms,0.2284,
frame_ms,0.2545,
frame_ms,0.2323,
frame_ms,0.2538,
frame_ms,0.2911,
frame_ms,0.2585,
frame_ms,0.2361,
frame_ms,0.251,
frame_ms,0.2752,
frame_ms,0.275,
frame_ms,0.2482,
frame_ms,0.2385,
tick_us,1279.6,4520
frame_ms,2.7506,
frame_ms,0.2953,
frame_ms,0.2456,
frame_ms,0.2282,
frame_ms,0.227,
frame_ms,0.224,
frame_ms,0.2208,
frame_ms,0.2739,
frame_ms,0.2267,
frame_ms,0.2173,
frame_ms,0.2409,
frame_ms,0.2243,
frame_ms,0.2147,
frame_ms,0.2527,
frame_ms,0.2261,
frame_ms,0.2177,
frame_ms,0.2265,
frame_ms,0.2819,
frame_ms,0.2346,
tick_us,1263.5,4510
frame_ms,2.8806,
frame_ms,0.2842,
frame_ms,0.2601,
frame_ms,0.3139,
frame_ms,0.2735,
frame_ms,0.2434,
frame_ms,0.2444,
frame_ms,0.2429,
frame_ms,0.2451,
frame_ms,0.3382,
frame_ms,0.3713,
frame_ms,0.2297,
frame_ms,0.2164,
frame_ms,0.2183,
frame_ms,0.2126,
frame_ms,0.2156,
tick_us,1254.3,4498
frame_ms,2.7829,
frame_ms,0.3246,
frame_ms,0.243,
frame_ms,0.2254,
frame_ms,0.2231,
frame_ms,0.2281,
frame_ms,0.2242,
frame_ms,0.2758,
frame_ms,0.2315,
frame_ms,0.267,
frame_ms,0.2761,
frame_ms,0.2543,
frame_ms,0.2429,
frame_ms,0.348,
frame_ms,0.278,
frame_ms,0.2345,
frame_ms,0.2565,
tick_us,1257.6,4500
frame_ms,2.7413,
frame_ms,0.305,
frame_ms,0.247,
frame_ms,0.2271,
frame_ms,0.2303,
frame_ms,0.2459,
frame_ms,0.2407,
frame_ms,0.3265,
frame_ms,0.2978,
frame_ms,0.2394,
frame_ms,0.2309,
frame_ms,0.2291,
frame_ms,0.2298,
frame_ms,0.284,
frame_ms,0.3983,
frame_ms,0.3909,
tick_us,1369.5,4512
frame_ms,3.0022,
frame_ms,0.321,
frame_ms,0.2373,
frame_ms,0.2433,
frame_ms,0.3132,
frame_ms,0.2854,
frame_ms,0.3336,
frame_ms,0.2744,
frame_ms,0.2917,
frame_ms,0.3974,
frame_ms,0.3397,
frame_ms,0.244,
frame_ms,0.2358,
frame_ms,0.229,
frame_ms,0.2246,
frame_ms,0.2369,
tick_us,1360.6,4534
frame_ms,3.0604,
frame_ms,0.4588,
frame_ms,0.2908,
frame_ms,0.2371,
frame_ms,0.2466,
frame_ms,0.2362,
frame_ms,0.2856,
frame_ms,0.3199,
frame_ms,0.2579,
frame_ms,0.5383,
frame_ms,0.3761,
frame_ms,0.2915,
frame_ms,0.237,
tick_us,1296.4,4498
frame_ms,2.7524,
frame_ms,0.2713,
frame_ms,0.234,
frame_ms,0.2443,
frame_ms,0.2411,
frame_ms,0.2324,
frame_ms,0.2193,
frame_ms,0.2186,
frame_ms,0.2448,
frame_ms,0.2211,
frame_ms,0.2253,
frame_ms,0.2357,
frame_ms,0.2692,
frame_ms,0.2399,
frame_ms,0.2171,
frame_ms,0.3232,
frame_ms,0.2938,
frame_ms,0.2561,
tick_us,1288.3,4504
frame_ms,2.8015,
frame_ms,0.3161,
frame_ms,0.2441,
frame_ms,0.2499,
frame_ms,0.2443,
frame_ms,0.2501,
frame_ms,0.2342,
frame_ms,0.4823,
frame_ms,0.3463,
frame_ms,0.3115,
frame_ms,0.2496,
frame_ms,0.2701,
frame_ms,0.2513,
frame_ms,0.2928,
frame_ms,0.261,
frame_ms,0.2256,
tick_us,1301.8,4482
frame_ms,2.8469,
frame_ms,0.4792,
frame_ms,0.3146,
frame_ms,0.2386,
frame_ms,0.2324,
frame_ms,0.2308,
frame_ms,0.2271,
frame_ms,0.3432,
frame_ms,0.3392,
frame_ms,0.3195,
frame_ms,0.2518,
frame_ms,0.234,
frame_ms,0.244,
frame_ms,0.2453,
frame_ms,0.2707,
tick_us,1257,4472
frame_ms,2.7444,
frame_ms,0.3195,
frame_ms,0.253,
frame_ms,0.248,
frame_ms,0.245,
frame_ms,0.2275,
frame_ms,0.2401,
frame_ms,0.227,
frame_ms,0.2203,
frame_ms,0.3093,
frame_ms,0.3432,
frame_ms,0.3519,
frame_ms,0.3788,
frame_ms,0.4112,
frame_ms,0.3573,
tick_us,1426,4484
frame_ms,3.1769,
frame_ms,0.3173,
frame_ms,0.3097,
frame_ms,0.2839,
frame_ms,0.2778,
frame_ms,0.377,
frame_ms,0.2753,
frame_ms,0.2574,
frame_ms,0.2442,
frame_ms,0.2642,
frame_ms,0.2502,
frame_ms,0.2507,
frame_ms,0.2456,
frame_ms,0.2489,
frame_ms,0.2455,
tick_us,1292,4494
frame_ms,2.836,
frame_ms,0.4321,
frame_ms,0.3003,
frame_ms,0.2541,
frame_ms,0.2208,
frame_ms,0.2252,
frame_ms,0.2268,
frame_ms,0.2185,
frame_ms,0.2356,
frame_ms,0.2326,
frame_ms,0.2359,
frame_ms,0.2778,
frame_ms,0.6234,
frame_ms,0.3726,
frame_ms,0.3604,
tick_us,1300.1,4538
frame_ms,2.9999,
frame_ms,0.3316,
frame_ms,0.3039,
frame_ms,0.2742,
frame_ms,0.2234,
frame_ms,0.2206,
frame_ms,0.2354,
frame_ms,0.2221,
frame_ms,0.2153,
frame_ms,0.2609,
frame_ms,0.2294,
frame_ms,0.2222,
frame_ms,0.2445,
frame_ms,0.2327,
frame_ms,0.2225,
frame_ms,0.2759,
frame_ms,0.2919,
tick_us,1255.4,4572
frame_ms,2.7259,
frame_ms,0.2614,
frame_ms,0.2218,
frame_ms,0.2399,
frame_ms,0.2314,
frame_ms,0.2438,
frame_ms,0.2391,
frame_ms,0.2283,
frame_ms,0.2469,
frame_ms,0.2272,
frame_ms,0.2769,
frame_ms,0.2915,
frame_ms,0.2413,
frame_ms,0.2295,
frame_ms,0.2242,
frame_ms,0.2163,
frame_ms,0.2158,
frame_ms,0.2502,
tick_us,1275.2,4584
frame_ms,2.7753,
frame_ms,0.2808,
frame_ms,0.2296,
frame_ms,0.2289,
frame_ms,0.2326,
frame_ms,0.219,
frame_ms,0.2403,
frame_ms,0.233,
frame_ms,0.4905,
frame_ms,0.4044,
frame_ms,0.3546,
frame_ms,0.3832,
frame_ms,0.3465,
frame_ms,0.277,
frame_ms,0.2856,
tick_us,1267.2,4632
frame_ms,2.7664,
frame_ms,0.323,
frame_ms,0.3063,
frame_ms,0.2362,
frame_ms,0.2794,
frame_ms,0.2198,
frame_ms,0.2217,
frame_ms,0.2186,
frame_ms,0.2153,
frame_ms,0.4163,
frame_ms,0.3735,
frame_ms,0.3399,
frame_ms,0.3894,
frame_ms,0.3703,
frame_ms,0.3375,
tick_us,1358.2,4662
frame_ms,2.9746,
frame_ms,0.2863,
frame_ms,0.2506,
frame_ms,0.2315,
frame_ms,0.2353,
frame_ms,0.2188,
frame_ms,0.2497,
frame_ms,0.2255,
frame_ms,0.2295,
frame_ms,0.2805,
frame_ms,0.2363,
frame_ms,0.2206,
frame_ms,0.2115,
frame_ms,0.3667,
frame_ms,0.3332,
frame_ms,0.2534,
tick_us,1275.2,4664
frame_ms,2.7878,
frame_ms,0.3719,
frame_ms,0.3158,
frame_ms,0.2423,
frame_ms,0.2259,
frame_ms,0.2226,
frame_ms,0.2196,
frame_ms,0.2128,
frame_ms,0.2117,
frame_ms,0.3219,
frame_ms,0.3384,
frame_ms,0.2802,
frame_ms,0.278,
frame_ms,0.2581,
frame_ms,0.2768,
frame_ms,0.2571,
frame_ms,0.255,
tick_us,1264.9,4638
frame_ms,2.8694,
frame_ms,0.3582,
frame_ms,0.3117,
frame_ms,0.2543,
frame_ms,0.2492,
frame_ms,0.2649,
frame_ms,0.2496,
frame_ms,0.2506,
frame_ms,0.2455,
frame_ms,0.2512,
frame_ms,0.2515,
frame_ms,0.2461,
frame_ms,0.2454,
frame_ms,0.3085,
frame_ms,0.2816,
frame_ms,0.2418,
tick_us,1291.6,4660
frame_ms,2.973,
frame_ms,0.3798,
frame_ms,0.2738,
frame_ms,0.2564,
frame_ms,0.2558,
frame_ms,0.2311,
frame_ms,0.2429,
frame_ms,0.2287,
frame_ms,0.2447,
frame_ms,0.2659,
frame_ms,0.2216,
frame_ms,0.2285,
frame_ms,0.2448,
frame_ms,0.2483,
frame_ms,0.2266,
frame_ms,0.2176,
frame_ms,0.3025,
tick_us,1259.4,4606
frame_ms,2.8329,
frame_ms,0.3373,
frame_ms,0.2558,
frame_ms,0.2726,
frame_ms,0.2352,
frame_ms,0.2333,
frame_ms,0.2283,
frame_ms,0.225,
frame_ms,0.2888,
frame_ms,0.2766,
frame_ms,0.2496,
frame_ms,0.2548,
frame_ms,0.3298,
frame_ms,0.3018,
frame_ms,0.2541,
frame_ms,0.3766,
tick_us,1251.7,4600
frame_ms,2.7877,
frame_ms,0.55,
frame_ms,0.3507,
frame_ms,0.436,
frame_ms,0.4064,
frame_ms,0.3591,
frame_ms,0.343,
frame_ms,0.3501,
frame_ms,0.3018,
frame_ms,0.2514,
frame_ms,0.2388,
frame_ms,0.2447,
frame_ms,0.2478,
tick_us,1395.9,4598
frame_ms,3.0104,
frame_ms,0.5575,
frame_ms,0.3452,
frame_ms,0.2825,
frame_ms,0.253,
frame_ms,0.2605,
frame_ms,0.646,
frame_ms,0.3072,
frame_ms,0.295,
frame_ms,0.2891,
frame_ms,0.2406,
frame_ms,0.2316,
frame_ms,0.2611,
tick_us,1250,4610
frame_ms,2.8686,
frame_ms,0.6872,
frame_ms,0.3433,
frame_ms,0.252,
frame_ms,0.4232,
frame_ms,0.3229,
frame_ms,0.2869,
frame_ms,0.2807,
frame_ms,0.2448,
frame_ms,0.255,
frame_ms,0.5398,
frame_ms,0.4073,
tick_us,1473.3,4590
frame_ms,3.3876,
frame_ms,0.6785,
frame_ms,0.3869,
frame_ms,0.3156,
frame_ms,0.4457,
frame_ms,0.3565,
frame_ms,0.3118,
frame_ms,0.2545,
frame_ms,0.2407,
frame_ms,0.2529,
frame_ms,0.3266,
tick_us,1466,4596
frame_ms,3.1839,
frame_ms,0.6611,
frame_ms,0.4706,
frame_ms,0.405,
frame_ms,0.2746,
frame_ms,0.821,
frame_ms,0.3498,
frame_ms,0.3565,
frame_ms,0.3056,
tick_us,1418.5,4610
frame_ms,3.116,
frame_ms,0.6439,
frame_ms,0.3595,
frame_ms,0.262,
frame_ms,0.2396,
frame_ms,0.2395,
frame_ms,0.2567,
frame_ms,0.2471,
frame_ms,0.2435,
frame_ms,0.2807,
frame_ms,0.5198,
frame_ms,0.3041,
frame_ms,0.3301,
tick_us,1475.7,4606
frame_ms,3.2516,
frame_ms,0.4729,
frame_ms,0.3437,
frame_ms,0.2644,
frame_ms,0.257,
frame_ms,0.266,
frame_ms,0.2584,
frame_ms,0.2428,
frame_ms,0.2357,
frame_ms,0.2296,
frame_ms,0.2306,
frame_ms,0.239,
frame_ms,0.2343,
frame_ms,0.259,
tick_us,1337.2,4588
frame_ms,2.8742,
frame_ms,0.3428,
frame_ms,0.2487,
frame_ms,0.2448,
frame_ms,0.2406,
frame_ms,0.2592,
frame_ms,0.2432,
frame_ms,0.2341,
frame_ms,0.4805,
frame_ms,0.3867,
frame_ms,0.4562,
frame_ms,0.3549,
frame_ms,0.3448,
frame_ms,0.3431,
tick_us,1379.6,4574
frame_ms,3.066,
frame_ms,0.3102,
frame_ms,0.2414,
frame_ms,0.2295,
frame_ms,0.2317,
frame_ms,0.2311,
frame_ms,0.2471,
frame_ms,0.2272,
frame_ms,0.2451,
frame_ms,0.2477,
frame_ms,0.2892,
frame_ms,0.2253,
frame_ms,0.2446,
frame_ms,0.2589,
frame_ms,0.3054,
frame_ms,0.2363,
frame_ms,0.2391,
tick_us,1372.5,4582
frame_ms,2.8643,
frame_ms,0.3406,
frame_ms,0.3331,
frame_ms,0.2445,
frame_ms,0.2176,
frame_ms,0.2221,
frame_ms,0.2219,
frame_ms,0.2173,
frame_ms,0.2223,
frame_ms,0.2419,
frame_ms,0.2211,
frame_ms,0.2614,
frame_ms,0.237,
frame_ms,0.2269,
frame_ms,0.2251,
frame_ms,0.2323,
frame_ms,0.2431,
tick_us,1303.2,4570
frame_ms,2.7675,
frame_ms,0.2751,
frame_ms,0.2239,
frame_ms,0.2514,
frame_ms,0.2342,
frame_ms,0.2371,
frame_ms,0.2422,
frame_ms,0.4444,
frame_ms,0.3344,
frame_ms,0.3118,
frame_ms,0.2829,
frame_ms,0.2393,
frame_ms,0.2429,
frame_ms,0.2508,
frame_ms,0.2464,
frame_ms,0.2613,
tick_us,1313.4,4566
frame_ms,3.0037,
frame_ms,0.5607,
frame_ms,0.3809,
frame_ms,0.2947,
frame_ms,0.2835,
frame_ms,0.2492,
frame_ms,0.3424,
frame_ms,0.3165,
frame_ms,0.2736,
frame_ms,0.259,
frame_ms,0.2609,
frame_ms,0.2524,
frame_ms,0.275,
frame_ms,0.33,
tick_us,1235.1,4536
frame_ms,2.7201,
frame_ms,0.316,
frame_ms,0.2729,
frame_ms,0.2567,
frame_ms,0.2529,
frame_ms,0.2691,
frame_ms,0.2285,
frame_ms,0.2183,
frame_ms,0.2208,
frame_ms,0.2432,
frame_ms,0.2213,
frame_ms,0.2286,
frame_ms,0.2203,
frame_ms,0.2505,
frame_ms,0.2195,
frame_ms,0.2248,
frame_ms,0.3028,
frame_ms,0.228,
tick_us,1314.9,4576
frame_ms,2.7766,
frame_ms,0.2687,
frame_ms,0.2234,
frame_ms,0.2934,
frame_ms,0.2345,
frame_ms,0.2341,
frame_ms,0.2368,
frame_ms,0.3589,
frame_ms,0.29,
frame_ms,0.2423,
frame_ms,0.4315,
frame_ms,0.326,
frame_ms,0.2672,
frame_ms,0.2258,
frame_ms,0.2182,
frame_ms,0.2116,
frame_ms,0.211,
tick_us,1273.9,4546
frame_ms,2.7659,
frame_ms,0.2642,
frame_ms,0.2217,
frame_ms,0.2235,
frame_ms,0.2156,
frame_ms,0.2307,
frame_ms,0.2523,
frame_ms,0.2212,
frame_ms,0.2177,
frame_ms,0.2864,
frame_ms,0.304,
frame_ms,0.2652,
frame_ms,0.2708,
frame_ms,0.2467,
frame_ms,0.2515,
frame_ms,0.2513,
frame_ms,0.2725,
frame_ms,0.2475,
tick_us,1257.6,4538
frame_ms,2.8906,
frame_ms,0.4112,
frame_ms,0.2822,
frame_ms,0.2268,
frame_ms,0.2324,
frame_ms,0.2332,
frame_ms,0.2249,
frame_ms,0.2142,
frame_ms,0.2139,
frame_ms,0.2611,
frame_ms,0.2369,
frame_ms,0.2233,
frame_ms,0.2187,
frame_ms,0.2926,
frame_ms,0.428,
tick_us,1382.6,4624
frame_ms,3.0746,
frame_ms,0.396,
frame_ms,0.3667,
frame_ms,0.3855,
frame_ms,0.3809,
frame_ms,0.3702,
frame_ms,0.3555,
frame_ms,0.3968,
frame_ms,0.2444,
frame_ms,0.2175,
frame_ms,0.2211,
frame_ms,0.2738,
frame_ms,0.2319,
frame_ms,0.2328,
tick_us,1237,4592
frame_ms,2.7254,
frame_ms,0.3273,
frame_ms,0.2497,
frame_ms,0.2281,
frame_ms,0.2282,
frame_ms,0.221,
frame_ms,0.2287,
frame_ms,0.2193,
frame_ms,0.242,
frame_ms,0.3909,
frame_ms,0.2878,
frame_ms,0.2514,
frame_ms,0.2354,
frame_ms,0.2332,
frame_ms,0.2349,
frame_ms,0.2268,
frame_ms,0.3291,
tick_us,1255.4,4614
frame_ms,3.0259,
frame_ms,0.4209,
frame_ms,0.3061,
frame_ms,0.3351,
frame_ms,0.4842,
frame_ms,0.2233,
frame_ms,0.2227,
frame_ms,0.221,
frame_ms,0.219,
frame_ms,0.2535,
frame_ms,0.2368,
frame_ms,0.2221,
frame_ms,0.2309,
frame_ms,0.2311,
frame_ms,0.2358,
frame_ms,0.2239,
tick_us,1298.7,4606
frame_ms,2.7635,
frame_ms,0.2676,
frame_ms,0.2339,
frame_ms,0.2331,
frame_ms,0.2274,
frame_ms,0.2295,
frame_ms,0.3063,
frame_ms,0.3134,
frame_ms,0.2529,
frame_ms,0.2452,
frame_ms,0.2543,
frame_ms,0.2341,
frame_ms,0.2407,
frame_ms,0.2508,
frame_ms,0.2406,
frame_ms,0.2356,
frame_ms,0.2303,
frame_ms,0.2274,
tick_us,1258.2,4574
frame_ms,2.7351,
frame_ms,0.3184,
frame_ms,0.3597,
frame_ms,0.3498,
frame_ms,0.2714,
frame_ms,0.2439,
frame_ms,0.2349,
frame_ms,0.2349,
frame_ms,0.2986,
frame_ms,0.3463,
frame_ms,0.2893,
frame_ms,0.2622,
frame_ms,0.2641,
frame_ms,0.2647,
frame_ms,0.3329,
tick_us,1335.5,4578
frame_ms,3.0096,
frame_ms,0.4586,
frame_ms,0.5135,
frame_ms,0.3765,
frame_ms,0.256,
frame_ms,0.2358,
frame_ms,0.2313,
frame_ms,0.232,
frame_ms,0.2277,
frame_ms,0.2413,
frame_ms,0.2361,
frame_ms,0.2226,
frame_ms,0.2946,
frame_ms,0.2861,
frame_ms,0.2679,
tick_us,1360.9,4570
frame_ms,2.9347,
frame_ms,0.3618,
frame_ms,0.3257,
frame_ms,0.307,
frame_ms,0.2863,
frame_ms,0.2574,
frame_ms,0.7655,
frame_ms,0.3462,
frame_ms,0.2716,
frame_ms,0.2487,
frame_ms,0.2418,
frame_ms,0.231,
frame_ms,0.2316,
tick_us,1266.7,4580
frame_ms,2.7725,
frame_ms,0.3334,
frame_ms,0.2491,
frame_ms,0.2389,
frame_ms,0.2436,
frame_ms,0.2304,
frame_ms,0.2514,
frame_ms,0.2332,
frame_ms,0.2219,
frame_ms,0.3101,
frame_ms,0.2616,
frame_ms,0.2375,
frame_ms,0.2371,
frame_ms,0.2544,
frame_ms,0.2386,
frame_ms,0.2311,
frame_ms,0.2869,
tick_us,1247.4,4614
frame_ms,2.824,
frame_ms,0.437,
frame_ms,0.3083,
frame_ms,0.2749,
frame_ms,0.2676,
frame_ms,0.2466,
frame_ms,0.2393,
frame_ms,0.2388,
frame_ms,0.2359,
frame_ms,0.2237,
frame_ms,0.2258,
frame_ms,0.2396,
frame_ms,0.2511,
frame_ms,0.2353,
frame_ms,0.2876,
frame_ms,0.3535,
frame_ms,0.3368,
tick_us,1415.7,4624
frame_ms,3.0494,
frame_ms,0.3739,
frame_ms,0.2577,
frame_ms,0.2505,
frame_ms,0.2664,
frame_ms,0.2521,
frame_ms,0.2437,
frame_ms,0.2416,
frame_ms,0.2789,
frame_ms,0.2339,
frame_ms,0.2682,
frame_ms,0.2406,
frame_ms,0.2302,
frame_ms,0.2284,
frame_ms,0.2252,
frame_ms,0.2283,
tick_us,1219.9,4612
frame_ms,2.7453,
frame_ms,0.2963,
frame_ms,0.252,
frame_ms,0.2628,
frame_ms,0.2313,
frame_ms,0.2381,
frame_ms,0.2286,
frame_ms,0.2766,
frame_ms,0.2442,
frame_ms,0.35,
frame_ms,0.2918,
frame_ms,0.3449,
frame_ms,0.3468,
frame_ms,0.2505,
frame_ms,0.2857,
frame_ms,0.2363,
tick_us,1269.4,4630
frame_ms,2.8487,
frame_ms,0.367,
frame_ms,0.2692,
frame_ms,0.2501,
frame_ms,0.2659,
frame_ms,0.2812,
frame_ms,0.229,
frame_ms,0.244,
frame_ms,0.2177,
frame_ms,0.2405,
frame_ms,0.2599,
frame_ms,0.229,
frame_ms,0.235,
frame_ms,0.2359,
frame_ms,0.2633,
frame_ms,0.2429,
frame_ms,0.2229,
tick_us,1287.3,4622
frame_ms,2.7485,
frame_ms,0.2835,
frame_ms,0.2339,
frame_ms,0.2367,
frame_ms,0.2264,
frame_ms,0.2915,
frame_ms,0.3003,
frame_ms,0.4381,
frame_ms,0.2767,
frame_ms,0.2264,
frame_ms,0.2254,
frame_ms,0.2264,
frame_ms,0.3186,
frame_ms,0.2444,
frame_ms,0.2259,
frame_ms,0.265,
frame_ms,0.2376,
tick_us,1257.9,4584
frame_ms,2.7252,
frame_ms,0.4282,
frame_ms,0.2812,
frame_ms,0.246,
frame_ms,0.2394,
frame_ms,0.2294,
frame_ms,0.2237,
frame_ms,0.2254,
frame_ms,0.2753,
frame_ms,0.2873,
frame_ms,0.2678,
frame_ms,0.2367,
frame_ms,0.2634,
frame_ms,0.2715,
frame_ms,0.2892,
frame_ms,0.2485,
frame_ms,0.2296,
tick_us,1237.1,4594
frame_ms,2.7027,
frame_ms,0.2886,
frame_ms,0.2589,
frame_ms,0.2471,
frame_ms,0.2343,
frame_ms,0.2294,
frame_ms,0.222,
frame_ms,0.2197,
frame_ms,0.2768,
frame_ms,0.2451,
frame_ms,0.2251,
frame_ms,0.2513,
frame_ms,0.2202,
frame_ms,0.2209,
frame_ms,0.2711,
frame_ms,0.229,
frame_ms,0.2217,
frame_ms,0.2546,
tick_us,1258.2,4584
frame_ms,2.7622,
frame_ms,0.266,
frame_ms,0.2274,
frame_ms,0.2295,
frame_ms,0.2494,
frame_ms,0.237,
frame_ms,0.3054,
frame_ms,0.2565,
frame_ms,0.6624,
frame_ms,0.3344,
frame_ms,0.2645,
frame_ms,0.234,
frame_ms,0.2331,
frame_ms,0.231,
frame_ms,0.2312,
frame_ms,0.2393,
tick_us,1283.5,4592
frame_ms,2.7714,
frame_ms,0.3015,
frame_ms,0.2399,
frame_ms,0.2363,
frame_ms,0.2324,
frame_ms,0.2351,
frame_ms,0.2305,
frame_ms,0.2305,
frame_ms,0.2401,
frame_ms,0.2513,
frame_ms,0.2327,
frame_ms,0.2405,
frame_ms,0.2295,
frame_ms,0.3081,
frame_ms,0.2571,
frame_ms,0.2488,
frame_ms,0.2259,
frame_ms,0.2264,
tick_us,1277.8,4604
frame_ms,2.7352,
frame_ms,0.4409,
frame_ms,0.4392,
frame_ms,0.3515,
frame_ms,0.3715,
frame_ms,0.4251,
frame_ms,0.3446,
frame_ms,0.3362,
frame_ms,0.3311,
frame_ms,0.3296,
frame_ms,0.5251,
frame_ms,0.3566,
tick_us,1342.9,4620
frame_ms,2.9914,
frame_ms,0.3389,
frame_ms,0.2546,
frame_ms,0.2383,
frame_ms,0.2469,
frame_ms,0.2731,
frame_ms,0.238,
frame_ms,0.2466,
frame_ms,0.2305,
frame_ms,0.2222,
frame_ms,0.2787,
frame_ms,0.238,
frame_ms,0.2251,
frame_ms,0.2387,
frame_ms,0.2218,
frame_ms,0.2998,
frame_ms,0.239,
tick_us,1240.6,4638
frame_ms,2.7208,
frame_ms,0.3046,
frame_ms,0.237,
frame_ms,0.2416,
frame_ms,0.2363,
frame_ms,0.2265,
frame_ms,0.2715,
frame_ms,0.2257,
frame_ms,0.2261,
frame_ms,0.3116,
frame_ms,0.3061,
frame_ms,0.2694,
frame_ms,0.2444,
frame_ms,0.2445,
frame_ms,0.2446,
frame_ms,0.2375,
frame_ms,0.2389,
tick_us,1250.7,4636
frame_ms,2.8147,
frame_ms,0.3686,
frame_ms,0.2883,
frame_ms,0.2329,
frame_ms,0.2327,
frame_ms,0.2397,
frame_ms,0.2343,
frame_ms,0.2301,
frame_ms,0.2188,
frame_ms,0.2756,
frame_ms,0.2713,
frame_ms,0.2326,
frame_ms,0.2142,
frame_ms,0.2588,
frame_ms,0.2253,
frame_ms,0.2301,
frame_ms,0.2248,
frame_ms,0.2405,
tick_us,1284,4624
frame_ms,2.733,
frame_ms,0.2558,
frame_ms,0.2217,
frame_ms,0.2191,
frame_ms,0.2182,
frame_ms,0.2361,
frame_ms,0.2421,
frame_ms,0.2261,
frame_ms,0.2292,
frame_ms,0.2601,
frame_ms,0.2277,
frame_ms,0.2268,
frame_ms,0.2755,
frame_ms,0.2307,
frame_ms,0.2206,
frame_ms,0.2127,
frame_ms,0.2476,
frame_ms,0.2253,
frame_ms,0.2195,
tick_us,1249.8,4628
frame_ms,2.7001,
frame_ms,0.297,
frame_ms,0.567,
frame_ms,0.336,
frame_ms,0.2862,
frame_ms,0.2445,
frame_ms,0.227,
frame_ms,0.2259,
frame_ms,0.282,
frame_ms,0.2666,
frame_ms,0.2469,
frame_ms,0.2528,
frame_ms,0.248,
frame_ms,0.2436,
frame_ms,0.2366,
frame_ms,0.2327,
frame_ms,0.2191,
tick_us,1254.1,4640
frame_ms,2.8778,
frame_ms,0.4366,
frame_ms,0.3,
frame_ms,0.2943,
frame_ms,0.2253,
frame_ms,0.4888,
frame_ms,0.4084,
frame_ms,0.2741,
frame_ms,0.2416,
frame_ms,0.2401,
frame_ms,0.2226,
frame_ms,0.4173,
frame_ms,0.3215,
tick_us,1263.3,4576
frame_ms,2.7457,
frame_ms,0.3002,
frame_ms,0.2721,
frame_ms,0.3183,
frame_ms,0.2759,
frame_ms,0.3216,
frame_ms,0.292,
frame_ms,0.3089,
frame_ms,0.3439,
frame_ms,0.3398,
frame_ms,0.4038,
frame_ms,0.3458,
frame_ms,0.3472,
frame_ms,0.2839,
tick_us,1316.7,4548
frame_ms,2.975,
frame_ms,0.3404,
frame_ms,0.2536,
frame_ms,0.2426,
frame_ms,0.2322,
frame_ms,0.2297,
frame_ms,0.2233,
frame_ms,0.2235,
frame_ms,0.3159,
frame_ms,0.3182,
frame_ms,0.2833,
frame_ms,0.2554,
frame_ms,0.2721,
frame_ms,0.2587,
frame_ms,0.4588,
tick_us,1237,4544
frame_ms,2.8528,
frame_ms,0.3169,
frame_ms,0.3313,
frame_ms,0.2567,
frame_ms,0.2642,
frame_ms,0.2394,
frame_ms,0.2341,
frame_ms,0.2313,
frame_ms,0.2178,
frame_ms,0.2237,
frame_ms,0.2709,
frame_ms,0.2447,
frame_ms,0.2202,
frame_ms,0.2192,
frame_ms,0.2294,
frame_ms,0.23,
frame_ms,0.2522,
tick_us,1407.2,4596
frame_ms,3.2378,
frame_ms,0.6227,
frame_ms,0.3574,
frame_ms,0.281,
frame_ms,0.3489,
frame_ms,0.2912,
frame_ms,0.3096,
frame_ms,0.2478,
frame_ms,0.5337,
frame_ms,0.3411,
frame_ms,0.2631,
frame_ms,0.2376,
tick_us,1260.8,4602
frame_ms,2.9883,
frame_ms,0.4302,
frame_ms,0.4151,
frame_ms,0.248,
frame_ms,0.2266,
frame_ms,0.2308,
frame_ms,0.2316,
frame_ms,0.2226,
frame_ms,0.3045,
frame_ms,0.273,
frame_ms,0.24,
frame_ms,0.3727,
frame_ms,0.2644,
frame_ms,0.2441,
frame_ms,0.251,
frame_ms,0.2326,
tick_us,1327.8,4646
frame_ms,2.8552,
frame_ms,0.375,
frame_ms,0.3373,
frame_ms,0.255,
frame_ms,0.2282,
frame_ms,0.2458,
frame_ms,0.2237,
frame_ms,0.2304,
frame_ms,0.2208,
frame_ms,0.2634,
frame_ms,0.2336,
frame_ms,0.2242,
frame_ms,0.2184,
frame_ms,0.3126,
frame_ms,0.2501,
frame_ms,0.2445,
frame_ms,0.2311,
tick_us,1329.1,4626
frame_ms,2.8224,
frame_ms,0.3996,
frame_ms,0.2928,
frame_ms,0.2365,
frame_ms,0.2496,
frame_ms,0.2457,
frame_ms,0.2358,
frame_ms,0.2283,
frame_ms,0.2319,
frame_ms,0.2408,
frame_ms,0.2823,
frame_ms,0.2425,
frame_ms,0.2261,
frame_ms,0.2166,
frame_ms,0.2614,
frame_ms,0.2917,
frame_ms,0.2423,
tick_us,1278.6,4592
frame_ms,2.8229,
frame_ms,0.5091,
frame_ms,0.3037,
frame_ms,0.265,
frame_ms,0.2299,
frame_ms,0.2285,
frame_ms,0.234,
frame_ms,0.253,
frame_ms,0.2671,
frame_ms,0.2594,
frame_ms,0.2458,
frame_ms,0.2357,
frame_ms,0.2716,
frame_ms,0.2982,
frame_ms,0.2616,
frame_ms,0.2872,
tick_us,1308.4,4586
frame_ms,2.8772,
frame_ms,0.3994,
frame_ms,0.3026,
frame_ms,0.3298,
frame_ms,0.2695,
frame_ms,0.3052,
frame_ms,0.2359,
frame_ms,0.2234,
frame_ms,0.2259,
frame_ms,0.2241,
frame_ms,0.2805,
frame_ms,0.2321,
frame_ms,0.2237,
frame_ms,0.3455,
frame_ms,0.2874,
tick_us,1341.8,4590
frame_ms,2.9086,
frame_ms,0.3255,
frame_ms,0.2466,
frame_ms,0.3385,
frame_ms,0.2998,
frame_ms,0.2554,
frame_ms,0.2585,
frame_ms,0.255,
frame_ms,0.2425,
frame_ms,0.4322,
frame_ms,0.2843,
frame_ms,0.2427,
frame_ms,0.2253,
frame_ms,0.2272,
frame_ms,0.2187,
frame_ms,0.2143,
tick_us,1225.7,4618
frame_ms,2.6974,
frame_ms,0.2819,
frame_ms,0.2357,
frame_ms,0.2338,
frame_ms,0.2222,
frame_ms,0.2159,
frame_ms,0.2225,
frame_ms,0.2384,
frame_ms,0.2444,
frame_ms,0.2299,
frame_ms,0.2184,
frame_ms,0.2619,
frame_ms,0.2485,
frame_ms,0.3393,
frame_ms,0.2351,
frame_ms,0.2243,
frame_ms,0.2231,
frame_ms,0.2263,
frame_ms,0.2135,
tick_us,1238.7,4624
frame_ms,2.7134,
frame_ms,0.2679,
frame_ms,0.3445,
frame_ms,0.2537,
frame_ms,0.2166,
frame_ms,0.2273,
frame_ms,0.2186,
frame_ms,0.2139,
frame_ms,0.2408,
frame_ms,0.2184,
frame_ms,0.2114,
frame_ms,0.248,
frame_ms,0.2326,
frame_ms,0.2171,
frame_ms,0.2096,
frame_ms,0.3402,
frame_ms,0.462,
tick_us,1442,4644
frame_ms,3.1061,
frame_ms,0.3142,
frame_ms,0.2739,
frame_ms,0.2353,
frame_ms,0.2358,
frame_ms,0.2407,
frame_ms,0.2481,
frame_ms,0.242,
frame_ms,0.2323,
frame_ms,0.2517,
frame_ms,0.2248,
frame_ms,0.2153,
frame_ms,0.2156,
frame_ms,0.2462,
frame_ms,0.2212,
frame_ms,0.2237,
frame_ms,0.2191,
tick_us,1300.9,4692
frame_ms,2.8443,
frame_ms,0.342,
frame_ms,0.2628,
frame_ms,0.2331,
frame_ms,0.2266,
frame_ms,0.233,
frame_ms,0.2195,
frame_ms,0.2604,
frame_ms,0.2877,
frame_ms,0.2473,
frame_ms,0.2495,
frame_ms,0.2665,
frame_ms,0.2541,
frame_ms,0.2559,
frame_ms,0.2462,
frame_ms,0.249,
frame_ms,0.315,
tick_us,1252.3,4696
frame_ms,2.7311,
frame_ms,0.4084,
frame_ms,0.3285,
frame_ms,0.2752,
frame_ms,0.2474,
frame_ms,0.2369,
frame_ms,0.2238,
frame_ms,0.2257,
frame_ms,0.2186,
frame_ms,0.2159,
frame_ms,0.239,
frame_ms,0.2288,
frame_ms,0.258,
frame_ms,0.2895,
frame_ms,0.2815,
frame_ms,0.2506,
frame_ms,0.2496,
tick_us,1263.1,4744
frame_ms,2.7488,
frame_ms,0.2608,
frame_ms,0.2207,
frame_ms,0.2233,
frame_ms,0.2641,
frame_ms,0.3063,
frame_ms,0.2572,
frame_ms,0.3491,
frame_ms,0.2721,
frame_ms,0.2266,
frame_ms,0.2325,
frame_ms,0.2348,
frame_ms,0.2295,
frame_ms,0.2158,
frame_ms,0.2251,
frame_ms,0.2367,
frame_ms,0.2426,
frame_ms,0.2282,
tick_us,1259.3,4718
frame_ms,2.7252,
frame_ms,0.2807,
frame_ms,0.2266,
frame_ms,0.2308,
frame_ms,0.2379,
frame_ms,0.3132,
frame_ms,0.2801,
frame_ms,0.2383,
frame_ms,0.2468,
frame_ms,0.2349,
frame_ms,0.2208,
frame_ms,0.2309,
frame_ms,0.2479,
frame_ms,0.3585,
frame_ms,0.3133,
frame_ms,0.2579,
frame_ms,0.2275,
frame_ms,0.2291,
tick_us,1291.7,4748
frame_ms,2.798,
frame_ms,0.3584,
frame_ms,0.2877,
frame_ms,0.2597,
frame_ms,0.2267,
frame_ms,0.228,
frame_ms,0.2314,
frame_ms,0.2267,
frame_ms,0.2147,
frame_ms,0.2472,
frame_ms,0.2202,
frame_ms,0.2171,
frame_ms,0.2148,
frame_ms,0.2501,
frame_ms,0.2495,
frame_ms,0.2225,
frame_ms,0.2198,
tick_us,1281.8,4736
frame_ms,2.9009,
frame_ms,0.3454,
frame_ms,0.2453,
frame_ms,0.2684,
frame_ms,0.2538,
frame_ms,0.2529,
frame_ms,0.2316,
frame_ms,0.2436,
frame_ms,0.234,
frame_ms,0.2359,
frame_ms,0.2765,
frame_ms,0.4772,
frame_ms,0.315,
frame_ms,0.2577,
frame_ms,0.2244,
frame_ms,0.2278,
frame_ms,0.2222,
tick_us,1270.5,4750
frame_ms,2.79,
frame_ms,0.3992,
frame_ms,0.3553,
frame_ms,0.305,
frame_ms,0.5189,
frame_ms,0.2519,
frame_ms,0.2257,
frame_ms,0.2346,
frame_ms,0.2364,
frame_ms,0.2487,
frame_ms,0.3261,
frame_ms,0.2728,
frame_ms,0.2319,
frame_ms,0.2234,
frame_ms,0.2252,
tick_us,1255.2,4730
frame_ms,2.8234,
frame_ms,0.3242,
frame_ms,0.3135,
frame_ms,0.2478,
frame_ms,0.2507,
frame_ms,0.2259,
frame_ms,0.2223,
frame_ms,0.2156,
frame_ms,0.2408,
frame_ms,0.2298,
frame_ms,0.2206,
frame_ms,0.2145,
frame_ms,0.2383,
frame_ms,0.2174,
frame_ms,0.2185,
frame_ms,0.2652,
frame_ms,0.2475,
tick_us,1416.2,4798
frame_ms,3.1664,
frame_ms,0.3239,
frame_ms,0.3405,
frame_ms,0.3185,
frame_ms,0.2767,
frame_ms,0.3017,
frame_ms,0.2516,
frame_ms,0.2635,
frame_ms,0.3539,
frame_ms,0.2587,
frame_ms,0.2269,
frame_ms,0.2282,
frame_ms,0.2261,
frame_ms,0.2246,
frame_ms,0.2341,
frame_ms,0.2519,
tick_us,1271.2,4802
frame_ms,2.9475,
frame_ms,0.4143,
frame_ms,0.4081,
frame_ms,0.4214,
frame_ms,0.3981,
frame_ms,0.3954,
frame_ms,0.3531,
frame_ms,0.397,
frame_ms,0.3523,
frame_ms,0.4056,
frame_ms,0.4158,
tick_us,1296.8,4768
frame_ms,2.9337,
frame_ms,0.3427,
frame_ms,0.3011,
frame_ms,0.2362,
frame_ms,0.244,
frame_ms,0.2368,
frame_ms,0.2324,
frame_ms,0.2274,
frame_ms,0.2641,
frame_ms,0.2359,
frame_ms,0.2223,
frame_ms,0.2168,
frame_ms,0.2351,
frame_ms,0.2793,
frame_ms,0.3367,
frame_ms,0.3077,
tick_us,1342.7,4768
frame_ms,2.9608,
frame_ms,1.113,
frame_ms,0.5185,
frame_ms,0.3062,
frame_ms,0.2874,
frame_ms,0.3961,
frame_ms,0.2563,
frame_ms,0.2418,
frame_ms,0.5671,
frame_ms,0.306,
tick_us,1479.3,4702
frame_ms,3.3752,
frame_ms,0.5874,
frame_ms,0.338,
frame_ms,0.3317,
frame_ms,0.4006,
frame_ms,0.442,
frame_ms,0.405,
frame_ms,0.4935,
frame_ms,0.373,
frame_ms,0.2812,
tick_us,1267.8,4706
frame_ms,2.997,
frame_ms,0.459,
frame_ms,0.35,
frame_ms,0.3054,
frame_ms,0.2857,
frame_ms,0.2311,
frame_ms,0.5711,
frame_ms,0.283,
frame_ms,0.2376,
frame_ms,0.2149,
frame_ms,0.2236,
frame_ms,0.3039,
frame_ms,0.2496,
frame_ms,0.3586,
tick_us,1317.2,4730
frame_ms,2.9576,
frame_ms,0.3499,
frame_ms,0.277,
frame_ms,0.5212,
frame_ms,0.5124,
frame_ms,0.3803,
frame_ms,0.3249,
frame_ms,0.3473,
frame_ms,0.4416,
frame_ms,0.3446,
frame_ms,0.3371,
tick_us,1319,4708
frame_ms,2.9158,
frame_ms,0.313,
frame_ms,0.2443,
frame_ms,0.2408,
frame_ms,0.2308,
frame_ms,0.2338,
frame_ms,0.2952,
frame_ms,0.2703,
frame_ms,0.2573,
frame_ms,0.2386,
frame_ms,0.3406,
frame_ms,0.2406,
frame_ms,0.2345,
frame_ms,0.3004,
frame_ms,0.456,
frame_ms,0.2596,
tick_us,1285.2,4704
frame_ms,2.7878,
frame_ms,0.3719,
frame_ms,0.3196,
frame_ms,0.2489,
frame_ms,0.2228,
frame_ms,0.2422,
frame_ms,0.227,
frame_ms,0.2227,
frame_ms,0.2343,
frame_ms,0.2244,
frame_ms,0.3082,
frame_ms,0.296,
frame_ms,0.2624,
frame_ms,0.2499,
frame_ms,0.2452,
frame_ms,0.2575,
tick_us,1285.1,4692
frame_ms,2.97,
frame_ms,0.3665,
frame_ms,0.283,
frame_ms,0.3244,
frame_ms,0.3449,
frame_ms,0.2592,
frame_ms,0.2246,
frame_ms,0.2367,
frame_ms,0.2412,
frame_ms,0.2834,
frame_ms,0.2284,
frame_ms,0.2202,
frame_ms,0.2183,
frame_ms,0.2133,
frame_ms,0.2631,
frame_ms,0.2334,
frame_ms,0.2201,
tick_us,1237.5,4722
frame_ms,2.7177,
frame_ms,0.2712,
frame_ms,0.2258,
frame_ms,0.235,
frame_ms,0.2243,
frame_ms,0.2398,
frame_ms,0.2853,
frame_ms,0.2452,
frame_ms,0.2553,
frame_ms,0.345,
frame_ms,0.2738,
frame_ms,0.259,
frame_ms,0.2966,
frame_ms,0.3157,
frame_ms,0.3224,
frame_ms,0.2885,
tick_us,1291.7,4738
frame_ms,3.2815,
frame_ms,0.4683,
frame_ms,0.5386,
frame_ms,0.4291,
frame_ms,0.2881,
frame_ms,0.2661,
frame_ms,0.2384,
frame_ms,0.2446,
frame_ms,0.2408,
frame_ms,0.236,
frame_ms,0.3709,
frame_ms,0.2733,
tick_us,1532.1,4752
frame_ms,3.4177,
frame_ms,0.7019,
frame_ms,0.4435,
frame_ms,0.4175,
frame_ms,0.4417,
frame_ms,0.5142,
frame_ms,0.3225,
frame_ms,0.332,
frame_ms,0.2969,
frame_ms,0.2554,
tick_us,1304.5,4736
frame_ms,2.8893,
frame_ms,0.3996,
frame_ms,0.2804,
frame_ms,0.2516,
frame_ms,0.242,
frame_ms,0.2437,
frame_ms,0.2849,
frame_ms,0.2814,
frame_ms,0.2438,
frame_ms,0.2501,
frame_ms,0.292,
frame_ms,0.2482,
frame_ms,0.2336,
frame_ms,0.2399,
frame_ms,0.3093,
frame_ms,0.3115,
tick_us,1261.8,4686
frame_ms,2.7932,
frame_ms,0.3299,
frame_ms,0.2854,
frame_ms,0.3267,
frame_ms,0.3001,
frame_ms,0.3333,
frame_ms,0.4591,
frame_ms,0.2217,
frame_ms,0.2234,
frame_ms,0.2197,
frame_ms,0.226,
frame_ms,0.2389,
frame_ms,0.2419,
frame_ms,0.2389,
frame_ms,0.2336,
tick_us,1352.5,4678
frame_ms,2.9358,
frame_ms,0.2959,
frame_ms,0.237,
frame_ms,0.2627,
frame_ms,0.2416,
frame_ms,0.2353,
frame_ms,0.7939,
frame_ms,0.3893,
frame_ms,0.2607,
frame_ms,0.2253,
frame_ms,0.2333,
frame_ms,0.2208,
frame_ms,0.2141,
frame_ms,0.2142,
frame_ms,0.2472,
tick_us,1235.3,4636
frame_ms,2.869,
frame_ms,0.4518,
frame_ms,0.3939,
frame_ms,0.283,
frame_ms,0.2346,
frame_ms,0.2141,
frame_ms,0.2218,
frame_ms,0.2155,
frame_ms,0.2185,
frame_ms,0.2454,
frame_ms,0.3847,
frame_ms,0.5018,
frame_ms,0.3937,
frame_ms,0.4121,
tick_us,1261.5,4622
frame_ms,2.9764,
frame_ms,0.4086,
frame_ms,0.4082,
frame_ms,0.4121,
frame_ms,0.3407,
frame_ms,0.35,
frame_ms,0.3348,
frame_ms,0.334,
frame_ms,0.33,
frame_ms,0.384,
frame_ms,0.4337,
tick_us,1316.8,4634
frame_ms,3.018,
frame_ms,0.2901,
frame_ms,0.2327,
frame_ms,0.2523,
frame_ms,0.2414,
frame_ms,0.2469,
frame_ms,0.2504,
frame_ms,0.2436,
frame_ms,0.2457,
frame_ms,0.2294,
frame_ms,0.262,
frame_ms,0.2213,
frame_ms,0.2201,
frame_ms,0.2589,
frame_ms,0.2275,
frame_ms,0.2134,
frame_ms,0.214,
frame_ms,0.2471,
tick_us,1378.2,4672
frame_ms,2.9198,
frame_ms,0.316,
frame_ms,0.2369,
frame_ms,0.2238,
frame_ms,0.2243,
frame_ms,0.2192,
frame_ms,0.2152,
frame_ms,0.2609,
frame_ms,0.2245,
frame_ms,0.348,
frame_ms,0.298,
frame_ms,0.278,
frame_ms,0.2571,
frame_ms,0.2537,
frame_ms,0.2425,
frame_ms,0.2434,
frame_ms,0.2975,
tick_us,1197.6,4646
frame_ms,2.773,
frame_ms,0.3251,
frame_ms,0.3039,
frame_ms,0.2389,
frame_ms,0.284,
frame_ms,0.2291,
frame_ms,0.2262,
frame_ms,0.2185,
frame_ms,0.2878,
frame_ms,0.2405,
frame_ms,0.2274,
frame_ms,0.2317,
frame_ms,0.2635,
frame_ms,0.346,
frame_ms,0.2432,
frame_ms,0.238,
frame_ms,0.2295,
tick_us,1259.4,4630
frame_ms,2.7076,
frame_ms,0.2466,
frame_ms,0.2181,
frame_ms,0.2237,
frame_ms,0.2285,
frame_ms,0.2226,
frame_ms,0.2531,
frame_ms,0.2231,
frame_ms,0.2744,
frame_ms,0.2386,
frame_ms,0.2511,
frame_ms,0.2265,
frame_ms,0.2178,
frame_ms,0.2703,
frame_ms,0.2383,
frame_ms,0.2167,
frame_ms,0.2135,
frame_ms,0.267,
frame_ms,0.2379,
tick_us,1229.1,4616
frame_ms,2.6926,
frame_ms,0.3359,
frame_ms,0.2515,
frame_ms,0.2323,
frame_ms,0.227,
frame_ms,0.2215,
frame_ms,0.2173,
frame_ms,0.2143,
frame_ms,0.2473,
frame_ms,0.2496,
frame_ms,0.2253,
frame_ms,0.231,
frame_ms,0.2208,
frame_ms,0.2995,
frame_ms,0.3304,
frame_ms,0.3244,
frame_ms,0.2878,
tick_us,1254.3,4648
frame_ms,2.7019,
frame_ms,0.265,
frame_ms,0.2463,
frame_ms,0.2535,
frame_ms,0.2284,
frame_ms,0.2192,
frame_ms,0.226,
frame_ms,0.233,
frame_ms,0.2193,
frame_ms,0.267,
frame_ms,0.269,
frame_ms,0.233,
frame_ms,0.2235,
frame_ms,0.2136,
frame_ms,0.2123,
frame_ms,0.2968,
frame_ms,0.2933,
frame_ms,0.2905,
frame_ms,0.2584,
tick_us,1247.6,4612
frame_ms,2.7998,
frame_ms,0.3135,
frame_ms,0.2789,
frame_ms,0.4193,
frame_ms,0.6721,
frame_ms,0.3591,
frame_ms,0.3165,
frame_ms,0.2435,
frame_ms,0.2233,
frame_ms,0.233,
frame_ms,0.2254,
frame_ms,0.2283,
frame_ms,0.3042,
frame_ms,0.2423,
tick_us,1303,4580
frame_ms,2.7669,
frame_ms,0.2868,
frame_ms,0.2401,
frame_ms,0.2332,
frame_ms,0.2258,
frame_ms,0.2221,
frame_ms,0.2241,
frame_ms,0.2197,
frame_ms,0.2437,
frame_ms,0.2355,
frame_ms,0.2276,
frame_ms,0.2247,
frame_ms,0.2656,
frame_ms,0.2537,
frame_ms,0.225,
frame_ms,0.2424,
frame_ms,0.2194,
frame_ms,0.2624,
tick_us,1210.5,4604
frame_ms,2.7119,
frame_ms,0.2697,
frame_ms,0.2439,
frame_ms,0.2377,
frame_ms,0.2314,
frame_ms,0.2354,
frame_ms,0.2288,
frame_ms,0.2241,
frame_ms,0.2623,
frame_ms,0.2726,
frame_ms,0.2366,
frame_ms,0.2325,
frame_ms,0.2169,
frame_ms,0.2164,
frame_ms,0.3593,
frame_ms,0.2587,
frame_ms,0.247,
tick_us,1272.8,4588
frame_ms,3.0409,
frame_ms,0.2594,
frame_ms,0.2202,
frame_ms,0.2228,
frame_ms,0.228,
frame_ms,0.22,
frame_ms,0.2798,
frame_ms,0.284,
frame_ms,0.2437,
frame_ms,0.2306,
frame_ms,0.2248,
frame_ms,0.2185,
frame_ms,0.268,
frame_ms,0.2566,
frame_ms,0.2316,
frame_ms,0.2164,
frame_ms,0.2139,
frame_ms,0.247,
frame_ms,0.2223,
tick_us,1224,4548
frame_ms,2.6759,
frame_ms,0.2715,
frame_ms,0.2243,
frame_ms,0.2252,
frame_ms,0.2322,
frame_ms,0.2169,
frame_ms,0.2452,
frame_ms,0.2239,
frame_ms,0.2195,
frame_ms,0.2122,
frame_ms,0.2503,
frame_ms,0.2354,
frame_ms,0.2201,
frame_ms,0.2203,
frame_ms,0.3382,
frame_ms,0.2786,
frame_ms,0.2381,
frame_ms,0.2268,
frame_ms,0.2253,
tick_us,1406.9,4564
frame_ms,2.9376,
frame_ms,0.3747,
frame_ms,0.3249,
frame_ms,0.2336,
frame_ms,0.2268,
frame_ms,0.2315,
frame_ms,0.2284,
frame_ms,0.2249,
frame_ms,0.2249,
frame_ms,0.2449,
frame_ms,0.2239,
frame_ms,0.2149,
frame_ms,0.2152,
frame_ms,0.2883,
frame_ms,0.2718,
frame_ms,0.2405,
frame_ms,0.2318,
tick_us,1363.6,4512
frame_ms,2.9911,
frame_ms,0.3591,
frame_ms,0.2514,
frame_ms,0.2304,
frame_ms,0.2324,
frame_ms,0.2235,
frame_ms,0.2617,
frame_ms,0.2423,
frame_ms,0.288,
frame_ms,0.2232,
frame_ms,0.2163,
frame_ms,0.223,
frame_ms,0.2129,
frame_ms,0.2621,
frame_ms,0.2311,
frame_ms,0.2211,
frame_ms,0.2667,
tick_us,1220.6,4506
frame_ms,2.7514,
frame_ms,0.3087,
frame_ms,0.2393,
frame_ms,0.2391,
frame_ms,0.2405,
frame_ms,0.2302,
frame_ms,0.3622,
frame_ms,0.2231,
frame_ms,0.2397,
frame_ms,0.2272,
frame_ms,0.2239,
frame_ms,0.2196,
frame_ms,0.2767,
frame_ms,0.3644,
frame_ms,0.308,
frame_ms,0.2588,
frame_ms,0.2932,
tick_us,1293.4,4524
frame_ms,2.8352,
frame_ms,0.3342,
frame_ms,0.2708,
frame_ms,0.2263,
frame_ms,0.2595,
frame_ms,0.2294,
frame_ms,0.2293,
frame_ms,0.2255,
frame_ms,0.2229,
frame_ms,0.2834,
frame_ms,0.2357,
frame_ms,0.2235,
frame_ms,0.263,
frame_ms,0.2342,
frame_ms,0.2232,
frame_ms,0.2413,
frame_ms,0.2796,
tick_us,1307.6,4496
frame_ms,3.1294,
frame_ms,0.3121,
frame_ms,0.2436,
frame_ms,0.2457,
frame_ms,0.3419,
frame_ms,0.2357,
frame_ms,0.2407,
frame_ms,0.2236,
frame_ms,0.2203,
frame_ms,0.2254,
frame_ms,0.234,
frame_ms,0.2881,
frame_ms,0.2832,
frame_ms,0.2411,
frame_ms,0.2343,
frame_ms,0.2309,
tick_us,1376.7,4518
frame_ms,3.0349,
frame_ms,0.3785,
frame_ms,0.2578,
frame_ms,0.2339,
frame_ms,0.2344,
frame_ms,0.2427,
frame_ms,0.2317,
frame_ms,0.22,
frame_ms,0.221,
frame_ms,0.2378,
frame_ms,0.2754,
frame_ms,0.3094,
frame_ms,0.2846,
frame_ms,0.2439,
frame_ms,0.2652,
frame_ms,0.2328,
tick_us,1250.4,4466
frame_ms,2.7061,
frame_ms,0.2872,
frame_ms,0.2532,
frame_ms,0.2472,
frame_ms,0.2344,
frame_ms,0.2277,
frame_ms,0.2208,
frame_ms,0.2229,
frame_ms,0.2727,
frame_ms,0.2832,
frame_ms,0.2455,
frame_ms,0.2322,
frame_ms,0.2319,
frame_ms,0.2248,
frame_ms,0.2198,
frame_ms,0.2275,
frame_ms,0.2561,
frame_ms,0.2386,
tick_us,1228.2,4468
frame_ms,2.799,
frame_ms,0.2818,
frame_ms,0.2292,
frame_ms,0.2329,
frame_ms,0.2338,
frame_ms,0.2418,
frame_ms,0.2481,
frame_ms,0.3664,
frame_ms,0.281,
frame_ms,0.2319,
frame_ms,0.2299,
frame_ms,0.2263,
frame_ms,0.2203,
frame_ms,0.2203,
frame_ms,0.2828,
frame_ms,0.2716,
frame_ms,0.2384,
frame_ms,0.2263,
tick_us,1240.8,4492
frame_ms,2.6944,
frame_ms,0.2791,
frame_ms,0.2306,
frame_ms,0.2228,
frame_ms,0.2315,
frame_ms,0.2786,
frame_ms,0.2375,
frame_ms,0.2219,
frame_ms,0.2435,
frame_ms,0.2286,
frame_ms,0.2281,
frame_ms,0.2414,
frame_ms,0.2329,
frame_ms,0.2719,
frame_ms,0.2607,
frame_ms,0.2406,
frame_ms,0.2539,
frame_ms,0.2838,
tick_us,1233.6,4468
frame_ms,2.7705,
frame_ms,0.2617,
frame_ms,0.2435,
frame_ms,0.2292,
frame_ms,0.2553,
frame_ms,0.221,
frame_ms,0.2592,
frame_ms,0.2359,
frame_ms,0.2221,
frame_ms,0.2666,
frame_ms,0.2399,
frame_ms,0.2226,
frame_ms,0.252,
frame_ms,0.2192,
frame_ms,0.2158,
frame_ms,0.262,
frame_ms,0.2362,
frame_ms,0.2391,
frame_ms,0.3258,
tick_us,1243,4428
frame_ms,2.6912,
frame_ms,0.2606,
frame_ms,0.2308,
frame_ms,0.2225,
frame_ms,0.2346,
frame_ms,0.2898,
frame_ms,0.243,
frame_ms,0.2239,
frame_ms,0.2408,
frame_ms,0.2291,
frame_ms,0.2214,
frame_ms,0.3426,
frame_ms,0.2881,
frame_ms,0.2441,
frame_ms,0.2518,
frame_ms,0.2362,
frame_ms,0.232,
frame_ms,0.2256,
tick_us,1273.6,4376
frame_ms,2.7805,
frame_ms,0.3468,
frame_ms,0.2681,
frame_ms,0.2275,
frame_ms,0.2345,
frame_ms,0.2388,
frame_ms,0.2308,
frame_ms,0.2218,
frame_ms,0.2442,
frame_ms,0.2488,
frame_ms,0.2369,
frame_ms,0.2265,
frame_ms,0.3223,
frame_ms,0.2736,
frame_ms,0.2434,
frame_ms,0.2271,
frame_ms,0.2226,
tick_us,1350.3,4362
frame_ms,2.8558,
frame_ms,0.3186,
frame_ms,0.3358,
frame_ms,0.2579,
frame_ms,0.3563,
frame_ms,0.3131,
frame_ms,0.2462,
frame_ms,0.2356,
frame_ms,0.2338,
frame_ms,0.2281,
frame_ms,0.2219,
frame_ms,0.2305,
frame_ms,0.2276,
frame_ms,0.2626,
frame_ms,0.2193,
frame_ms,0.2319,
frame_ms,0.2604,
tick_us,1238.3,4356
frame_ms,2.8219,
frame_ms,0.3033,
frame_ms,0.2404,
frame_ms,0.2323,
frame_ms,0.2331,
frame_ms,0.2578,
frame_ms,0.4733,
frame_ms,0.3784,
frame_ms,0.3466,
frame_ms,0.3672,
frame_ms,0.3603,
frame_ms,0.3241,
frame_ms,0.3282,
frame_ms,0.2252,
tick_us,1229.1,4366
frame_ms,2.7277,
frame_ms,0.2648,
frame_ms,0.2405,
frame_ms,0.2294,
frame_ms,0.2221,
frame_ms,0.2708,
frame_ms,0.2382,
frame_ms,0.2282,
frame_ms,0.2196,
frame_ms,0.2833,
frame_ms,0.2376,
frame_ms,0.2281,
frame_ms,0.298,
frame_ms,0.2565,
frame_ms,0.2238,
frame_ms,0.2798,
frame_ms,0.2303,
frame_ms,0.2239,
tick_us,1234.9,4364
frame_ms,2.6642,
frame_ms,0.2986,
frame_ms,0.2308,
frame_ms,0.2561,
frame_ms,0.2678,
frame_ms,0.4631,
frame_ms,0.3223,
frame_ms,0.279,
frame_ms,0.2423,
frame_ms,0.2389,
frame_ms,0.2358,
frame_ms,0.2346,
frame_ms,0.246,
frame_ms,0.2361,
frame_ms,0.2455,
frame_ms,0.245,
frame_ms,0.2371,
tick_us,1308,4368
frame_ms,2.7824,
frame_ms,0.2868,
frame_ms,0.2372,
frame_ms,0.336,
frame_ms,0.2822,
frame_ms,0.2499,
frame_ms,0.2377,
frame_ms,0.2356,
frame_ms,0.2251,
frame_ms,0.2461,
frame_ms,0.2633,
frame_ms,0.2574,
frame_ms,0.232,
frame_ms,0.2198,
frame_ms,0.2512,
frame_ms,0.2198,
frame_ms,0.2179,
frame_ms,0.2162,
tick_us,1339.6,4398
frame_ms,2.949,
frame_ms,0.3671,
frame_ms,0.2642,
frame_ms,0.234,
frame_ms,0.2439,
frame_ms,0.2728,
frame_ms,0.2226,
frame_ms,0.2393,
frame_ms,0.4073,
frame_ms,0.3778,
frame_ms,0.3593,
frame_ms,0.3527,
frame_ms,0.4136,
frame_ms,0.29,
tick_us,1231.6,4410
frame_ms,2.6856,
frame_ms,0.2767,
frame_ms,0.2449,
frame_ms,0.2442,
frame_ms,0.2273,
frame_ms,0.2196,
frame_ms,0.2257,
frame_ms,0.2189,
frame_ms,0.245,
frame_ms,0.2713,
frame_ms,0.2366,
frame_ms,0.2271,
frame_ms,0.2177,
frame_ms,0.2166,
frame_ms,0.2456,
frame_ms,0.2493,
frame_ms,0.2433,
frame_ms,0.2363,
frame_ms,0.2341,
tick_us,1233,4418
frame_ms,2.7659,
frame_ms,0.245,
frame_ms,0.2166,
frame_ms,0.2433,
frame_ms,0.2296,
frame_ms,0.2282,
frame_ms,0.3751,
frame_ms,0.2833,
frame_ms,0.2451,
frame_ms,0.2433,
frame_ms,0.2287,
frame_ms,0.2205,
frame_ms,0.2195,
frame_ms,0.2647,
frame_ms,0.323,
frame_ms,0.2564,
frame_ms,0.2282,
tick_us,1262.8,4416
frame_ms,2.7346,
frame_ms,0.2931,
frame_ms,0.2362,
frame_ms,0.2258,
frame_ms,0.2243,
frame_ms,0.2163,
frame_ms,0.2148,
frame_ms,0.2339,
frame_ms,0.2178,
frame_ms,0.2167,
frame_ms,0.3138,
frame_ms,0.2732,
frame_ms,0.2428,
frame_ms,0.2304,
frame_ms,0.2363,
frame_ms,0.2387,
frame_ms,0.227,
frame_ms,0.2838,
tick_us,1214.3,4388
frame_ms,2.8124,
frame_ms,0.2556,
frame_ms,0.2325,
frame_ms,0.2344,
frame_ms,0.2426,
frame_ms,0.2165,
frame_ms,0.2164,
frame_ms,0.2543,
frame_ms,0.2276,
frame_ms,0.2132,
frame_ms,0.2265,
frame_ms,0.2171,
frame_ms,0.264,
frame_ms,0.2373,
frame_ms,0.2158,
frame_ms,0.2102,
frame_ms,0.3021,
frame_ms,0.2579,
frame_ms,0.2399,
tick_us,1249.8,4430
frame_ms,2.6901,
frame_ms,0.269,
frame_ms,0.229,
frame_ms,0.2317,
frame_ms,0.2217,
frame_ms,0.2262,
frame_ms,0.2605,
frame_ms,0.2532,
frame_ms,0.2385,
frame_ms,0.222,
frame_ms,0.2137,
frame_ms,0.2736,
frame_ms,0.2874,
frame_ms,0.2377,
frame_ms,0.2283,
frame_ms,0.2264,
frame_ms,0.2181,
frame_ms,0.2163,
frame_ms,0.239,
tick_us,1205.3,4434
frame_ms,2.6961,
frame_ms,0.2718,
frame_ms,0.221,
frame_ms,0.2233,
frame_ms,0.2193,
frame_ms,0.2255,
frame_ms,0.2414,
frame_ms,0.2719,
frame_ms,0.2318,
frame_ms,0.2446,
frame_ms,0.2236,
frame_ms,0.247,
frame_ms,0.2605,
frame_ms,0.2778,
frame_ms,0.2387,
frame_ms,0.2149,
frame_ms,0.2818,
frame_ms,0.2395,
frame_ms,0.2165,
tick_us,1226.9,4502
frame_ms,2.6595,
frame_ms,0.2716,
frame_ms,0.2449,
frame_ms,0.2391,
frame_ms,0.2201,
frame_ms,0.2407,
frame_ms,0.2276,
frame_ms,0.2406,
frame_ms,0.2263,
frame_ms,0.2281,
frame_ms,0.2214,
frame_ms,0.3026,
frame_ms,0.2387,
frame_ms,0.2193,
frame_ms,0.2095,
frame_ms,0.227,
frame_ms,0.2612,
frame_ms,0.2283,
frame_ms,0.216,
tick_us,1254.6,4496
frame_ms,2.703,
frame_ms,0.2522,
frame_ms,0.2172,
frame_ms,0.2408,
frame_ms,0.2258,
frame_ms,0.2227,
frame_ms,0.3401,
frame_ms,0.2887,
frame_ms,0.2428,
frame_ms,0.2334,
frame_ms,0.2254,
frame_ms,0.2659,
frame_ms,0.2222,
frame_ms,0.258,
frame_ms,0.2675,
frame_ms,0.2274,
frame_ms,0.2246,
frame_ms,0.2184,
tick_us,1243.8,4530
frame_ms,2.7783,
frame_ms,0.2944,
frame_ms,0.2397,
frame_ms,0.232,
frame_ms,0.224,
frame_ms,0.222,
frame_ms,0.217,
frame_ms,0.2396,
frame_ms,0.237,
frame_ms,0.2864,
frame_ms,0.2655,
frame_ms,0.2546,
frame_ms,0.2907,
frame_ms,0.2365,
frame_ms,0.2243,
frame_ms,0.2434,
frame_ms,0.2225,
frame_ms,0.2099,
tick_us,1220.5,4520
frame_ms,2.6946,
frame_ms,0.2866,
frame_ms,0.2436,
frame_ms,0.2354,
frame_ms,0.2339,
frame_ms,0.2238,
frame_ms,0.2287,
frame_ms,0.2288,
frame_ms,0.2492,
frame_ms,0.2201,
frame_ms,0.2172,
frame_ms,0.2173,
frame_ms,0.2479,
frame_ms,0.2706,
frame_ms,0.2337,
frame_ms,0.2424,
frame_ms,0.227,
frame_ms,0.2293,
frame_ms,0.2523,
tick_us,1269.8,4510
frame_ms,2.7133,
frame_ms,0.2493,
frame_ms,0.2164,
frame_ms,0.2757,
frame_ms,0.2289,
frame_ms,0.3081,
frame_ms,0.4242,
frame_ms,0.3346,
frame_ms,0.2375,
frame_ms,0.229,
frame_ms,0.227,
frame_ms,0.2261,
frame_ms,0.2798,
frame_ms,0.235,
frame_ms,0.224,
frame_ms,0.2164,
frame_ms,0.217,
tick_us,1325.2,4544
frame_ms,2.8411,
frame_ms,0.3452,
frame_ms,0.2956,
frame_ms,0.3295,
frame_ms,0.2881,
frame_ms,0.2617,
frame_ms,0.2138,
frame_ms,0.2241,
frame_ms,0.2225,
frame_ms,0.2914,
frame_ms,0.2725,
frame_ms,0.2422,
frame_ms,0.2283,
frame_ms,0.2612,
frame_ms,0.2781,
frame_ms,0.2398,
frame_ms,0.2244,
tick_us,1233.8,4558
frame_ms,2.6727,
frame_ms,0.2576,
frame_ms,0.246,
frame_ms,0.2284,
frame_ms,0.2241,
frame_ms,0.2417,
frame_ms,0.2154,
frame_ms,0.2239,
frame_ms,0.2166,
frame_ms,0.2683,
frame_ms,0.2296,
frame_ms,0.2186,
frame_ms,0.2205,
frame_ms,0.2577,
frame_ms,0.2163,
frame_ms,0.2107,
frame_ms,0.23,
frame_ms,0.2401,
frame_ms,0.2269,
tick_us,1354.8,4594
frame_ms,3.0381,
frame_ms,0.2701,
frame_ms,0.2368,
frame_ms,0.2259,
frame_ms,0.2435,
frame_ms,0.2604,
frame_ms,0.2173,
frame_ms,0.2614,
frame_ms,0.2314,
frame_ms,0.2119,
frame_ms,0.2553,
frame_ms,0.2141,
frame_ms,0.2376,
frame_ms,0.2067,
frame_ms,0.2558,
frame_ms,0.2281,
frame_ms,0.2189,
frame_ms,0.2119,
tick_us,1221,4602
frame_ms,2.7299,
frame_ms,0.2855,
frame_ms,0.233,
frame_ms,0.2296,
frame_ms,0.2249,
frame_ms,0.2143,
frame_ms,0.223,
frame_ms,0.2439,
frame_ms,0.2138,
frame_ms,0.2276,
frame_ms,0.242,
frame_ms,0.2257,
frame_ms,0.2482,
frame_ms,0.2141,
frame_ms,0.2741,
frame_ms,0.2367,
frame_ms,0.2163,
frame_ms,0.2519,
frame_ms,0.2089,
tick_us,1229.5,4626
frame_ms,2.6685,
frame_ms,0.2821,
frame_ms,0.25,
frame_ms,0.254,
frame_ms,0.2232,
frame_ms,0.2114,
frame_ms,0.2287,
frame_ms,0.2289,
frame_ms,0.2583,
frame_ms,0.2362,
frame_ms,0.2168,
frame_ms,0.2112,
frame_ms,0.255,
frame_ms,0.2232,
frame_ms,0.213,
frame_ms,0.2991,
frame_ms,0.2366,
frame_ms,0.2243,
frame_ms,0.2825,
tick_us,1246.3,4594
frame_ms,2.7125,
frame_ms,0.2628,
frame_ms,0.2221,
frame_ms,0.3002,
frame_ms,0.4468,
frame_ms,0.4569,
frame_ms,0.3916,
frame_ms,0.3849,
frame_ms,0.2777,
frame_ms,0.2407,
frame_ms,0.2177,
frame_ms,0.3041,
frame_ms,0.2275,
frame_ms,0.2191,
frame_ms,0.2131,
tick_us,1217.8,4582
frame_ms,2.6795,
frame_ms,0.283,
frame_ms,0.2306,
frame_ms,0.2312,
frame_ms,0.2161,
frame_ms,0.2165,
frame_ms,0.2502,
frame_ms,0.227,
frame_ms,0.2192,
frame_ms,0.2131,
frame_ms,0.2496,
frame_ms,0.2386,
frame_ms,0.391,
frame_ms,0.2787,
frame_ms,0.2591,
frame_ms,0.237,
frame_ms,0.2244,
frame_ms,0.2197,
tick_us,1240.9,4568
frame_ms,2.7007,
frame_ms,0.343,
frame_ms,0.2559,
frame_ms,0.2178,
frame_ms,0.2274,
frame_ms,0.2215,
frame_ms,0.2293,
frame_ms,0.2848,
frame_ms,0.2737,
frame_ms,0.2432,
frame_ms,0.2329,
frame_ms,0.2276,
frame_ms,0.2476,
frame_ms,0.2328,
frame_ms,0.2381,
frame_ms,0.2499,
frame_ms,0.2397,
frame_ms,0.2317,
frame_ms,0.237,
tick_us,1305,4614
frame_ms,3.0223,
frame_ms,0.3048,
frame_ms,0.2341,
frame_ms,0.237,
frame_ms,0.301,
frame_ms,0.2371,
frame_ms,0.2436,
frame_ms,0.2322,
frame_ms,0.2245,
frame_ms,0.2349,
frame_ms,0.2264,
frame_ms,0.2488,
frame_ms,0.2991,
frame_ms,0.2602,
frame_ms,0.2447,
frame_ms,0.2399,
tick_us,1254.4,4618
frame_ms,2.7695,
frame_ms,0.3339,
frame_ms,0.2658,
frame_ms,0.222,
frame_ms,0.2516,
frame_ms,0.2281,
frame_ms,0.2183,
frame_ms,0.2292,
frame_ms,0.2205,
frame_ms,0.2633,
frame_ms,0.2531,
frame_ms,0.2355,
frame_ms,0.2854,
frame_ms,0.2283,
frame_ms,0.3719,
frame_ms,0.2326,
frame_ms,0.232,
tick_us,1293.3,4668
frame_ms,2.7795,
frame_ms,0.3406,
frame_ms,0.2514,
frame_ms,0.2361,
frame_ms,0.2282,
frame_ms,0.2192,
frame_ms,0.2455,
frame_ms,0.219,
frame_ms,0.268,
frame_ms,0.2283,
frame_ms,0.2224,
frame_ms,0.2122,
frame_ms,0.2558,
frame_ms,0.226,
frame_ms,0.2147,
frame_ms,0.231,
frame_ms,0.2265,
frame_ms,0.2765,
tick_us,1271.4,4654
frame_ms,2.8937,
frame_ms,0.2956,
frame_ms,0.2294,
frame_ms,0.2512,
frame_ms,0.2442,
frame_ms,0.2368,
frame_ms,0.2399,
frame_ms,0.2276,
frame_ms,0.2669,
frame_ms,0.2737,
frame_ms,0.2357,
frame_ms,0.2251,
frame_ms,0.2215,
frame_ms,0.2188,
frame_ms,0.257,
frame_ms,0.2662,
frame_ms,0.2349,
frame_ms,0.2174,
frame_ms,0.2217,
tick_us,1252.9,4628
frame_ms,2.6967,
frame_ms,0.2799,
frame_ms,0.2313,
frame_ms,0.233,
frame_ms,0.2249,
frame_ms,0.2172,
frame_ms,0.2253,
frame_ms,0.2168,
frame_ms,0.2461,
frame_ms,0.2765,
frame_ms,0.2453,
frame_ms,0.2332,
frame_ms,0.2305,
frame_ms,0.3737,
frame_ms,0.2764,
frame_ms,0.2327,
frame_ms,0.2682,
tick_us,1303.1,4612
frame_ms,2.9281,
frame_ms,0.3026,
frame_ms,0.265,
frame_ms,0.2329,
frame_ms,0.3704,
frame_ms,0.3952,
frame_ms,0.3512,
frame_ms,0.3484,
frame_ms,0.3426,
frame_ms,0.3645,
frame_ms,0.2667,
frame_ms,0.2625,
frame_ms,0.243,
frame_ms,0.2403,
frame_ms,0.2377,
tick_us,1272.6,4622
frame_ms,2.73,
frame_ms,0.2432,
frame_ms,0.2206,
frame_ms,0.2246,
frame_ms,0.2398,
frame_ms,0.2666,
frame_ms,0.2568,
frame_ms,0.2452,
frame_ms,0.2226,
frame_ms,0.2789,
frame_ms,0.233,
frame_ms,0.2228,
frame_ms,0.2229,
frame_ms,0.2339,
frame_ms,0.2162,
frame_ms,0.2461,
frame_ms,0.2693,
frame_ms,0.2347,
tick_us,1223.7,4630
frame_ms,2.6721,
frame_ms,0.282,
frame_ms,0.2373,
frame_ms,0.2409,
frame_ms,0.2332,
frame_ms,0.2206,
frame_ms,0.2262,
frame_ms,0.2177,
frame_ms,0.2427,
frame_ms,0.2236,
frame_ms,0.2286,
frame_ms,0.2493,
frame_ms,0.2298,
frame_ms,0.2234,
frame_ms,0.3437,
frame_ms,0.2674,
frame_ms,0.2624,
frame_ms,0.2522,
frame_ms,0.2186,
tick_us,1244.7,4640
frame_ms,2.6796,
frame_ms,0.2584,
frame_ms,0.2368,
frame_ms,0.2262,
frame_ms,0.2197,
frame_ms,0.216,
frame_ms,0.238,
frame_ms,0.2233,
frame_ms,0.2164,
frame_ms,0.2165,
frame_ms,0.2449,
frame_ms,0.2224,
frame_ms,0.2132,
frame_ms,0.2296,
frame_ms,0.2152,
frame_ms,0.325,
frame_ms,0.2446,
frame_ms,0.2275,
frame_ms,0.266,
tick_us,1302.8,4636
frame_ms,2.7404,
frame_ms,0.25,
frame_ms,0.2195,
frame_ms,0.2258,
frame_ms,0.2158,
frame_ms,0.2296,
frame_ms,0.2909,
frame_ms,0.225,
frame_ms,0.2211,
frame_ms,0.2192,
frame_ms,0.2521,
frame_ms,0.2246,
frame_ms,0.2118,
frame_ms,0.2241,
frame_ms,0.2161,
frame_ms,0.2781,
frame_ms,0.227,
frame_ms,0.2116,
frame_ms,0.257,
tick_us,1270.9,4656
frame_ms,2.7587,
frame_ms,0.3013,
frame_ms,0.2408,
frame_ms,0.2284,
frame_ms,0.2319,
frame_ms,0.2187,
frame_ms,0.2158,
frame_ms,0.2556,
frame_ms,0.2261,
frame_ms,0.2244,
frame_ms,0.3319,
frame_ms,0.2901,
frame_ms,0.2744,
frame_ms,0.2738,
frame_ms,0.3066,
frame_ms,0.3254,
frame_ms,0.2583,
tick_us,1269.4,4634
frame_ms,2.71,
frame_ms,0.2793,
frame_ms,0.2517,
frame_ms,0.2497,
frame_ms,0.2254,
frame_ms,0.2138,
frame_ms,0.2125,
frame_ms,0.2465,
frame_ms,0.2218,
frame_ms,0.2158,
frame_ms,0.2129,
frame_ms,0.237,
frame_ms,0.236,
frame_ms,0.2144,
frame_ms,0.2099,
frame_ms,0.2636,
frame_ms,0.2951,
frame_ms,0.2518,
frame_ms,0.2439,
tick_us,1227,4600
frame_ms,2.7195,
frame_ms,0.2777,
frame_ms,0.2264,
frame_ms,0.2278,
frame_ms,0.2283,
frame_ms,0.23,
frame_ms,0.3055,
frame_ms,0.2763,
frame_ms,0.2374,
frame_ms,0.2264,
frame_ms,0.2166,
frame_ms,0.2096,
frame_ms,0.2451,
frame_ms,0.2149,
frame_ms,0.2222,
frame_ms,0.215,
frame_ms,0.2471,
frame_ms,0.2199,
tick_us,1231.3,4562
frame_ms,2.6834,
frame_ms,0.2877,
frame_ms,0.2292,
frame_ms,0.2247,
frame_ms,0.2301,
frame_ms,0.2171,
frame_ms,0.2176,
frame_ms,0.2522,
frame_ms,0.218,
frame_ms,0.2181,
frame_ms,0.2986,
frame_ms,0.2874,
frame_ms,0.4319,
frame_ms,0.3933,
frame_ms,0.4068,
frame_ms,0.366,
tick_us,1284.8,4564
frame_ms,2.8755,
frame_ms,0.2987,
frame_ms,0.2847,
frame_ms,0.3719,
frame_ms,0.3388,
frame_ms,0.3206,
frame_ms,0.2423,
frame_ms,0.2175,
frame_ms,0.222,
frame_ms,0.2236,
frame_ms,0.2195,
frame_ms,0.2415,
frame_ms,0.2503,
frame_ms,0.2568,
frame_ms,0.2321,
frame_ms,0.2199,
frame_ms,0.2522,
tick_us,1283.1,4566
frame_ms,3.0294,
frame_ms,0.2895,
frame_ms,0.2461,
frame_ms,0.2442,
frame_ms,0.2358,
frame_ms,0.3783,
frame_ms,0.2693,
frame_ms,0.2292,
frame_ms,0.2295,
frame_ms,0.2204,
frame_ms,0.2172,
frame_ms,0.2425,
frame_ms,0.2552,
frame_ms,0.2325,
frame_ms,0.2165,
frame_ms,0.217,
frame_ms,0.2528,
tick_us,1247.7,4562
frame_ms,2.7356,
frame_ms,0.2853,
frame_ms,0.2343,
frame_ms,0.2293,
frame_ms,0.2148,
frame_ms,0.2303,
frame_ms,0.2141,
frame_ms,0.2448,
frame_ms,0.2257,
frame_ms,0.2135,
frame_ms,0.3318,
frame_ms,0.3296,
frame_ms,0.3944,
frame_ms,0.271,
frame_ms,0.2316,
frame_ms,0.2182,
frame_ms,0.2148,
tick_us,1248.5,4546
frame_ms,2.685,
frame_ms,0.262,
frame_ms,0.2274,
frame_ms,0.2284,
frame_ms,0.2297,
frame_ms,0.2283,
frame_ms,0.2232,
frame_ms,0.2308,
frame_ms,0.2124,
frame_ms,0.2594,
frame_ms,0.2286,
frame_ms,0.2121,
frame_ms,0.2256,
frame_ms,0.2345,
frame_ms,0.2228,
frame_ms,0.2598,
frame_ms,0.2203,
frame_ms,0.2367,
frame_ms,0.2151,
tick_us,1254.9,4556
frame_ms,2.7593,
frame_ms,0.2755,
frame_ms,0.2218,
frame_ms,0.214,
frame_ms,0.2222,
frame_ms,0.2272,
frame_ms,0.2779,
frame_ms,0.2896,
frame_ms,0.2461,
frame_ms,0.2358,
frame_ms,0.239,
frame_ms,0.2646,
frame_ms,0.2816,
frame_ms,0.237,
frame_ms,0.2335,
frame_ms,0.2267,
frame_ms,0.2183,
frame_ms,0.2158,
frame_ms,0.2526,
tick_us,1228.2,4584
frame_ms,2.7315,
frame_ms,0.3056,
frame_ms,0.2401,
frame_ms,0.2941,
frame_ms,0.2437,
frame_ms,0.2206,
frame_ms,0.2184,
frame_ms,0.2112,
frame_ms,0.2102,
frame_ms,0.2575,
frame_ms,0.2435,
frame_ms,0.2207,
frame_ms,0.4015,
frame_ms,0.2802,
frame_ms,0.2312,
frame_ms,0.2256,
frame_ms,0.228,
frame_ms,0.2252,
tick_us,1263.3,4626
frame_ms,2.7154,
frame_ms,0.2717,
frame_ms,0.2421,
frame_ms,0.2544,
frame_ms,0.2243,
frame_ms,0.2248,
frame_ms,0.216,
frame_ms,0.2302,
frame_ms,0.2448,
frame_ms,0.2208,
frame_ms,0.2193,
frame_ms,0.216,
frame_ms,0.2433,
frame_ms,0.2264,
frame_ms,0.21,
frame_ms,0.2682,
frame_ms,0.2852,
frame_ms,0.2463,
tick_us,1219.8,4616
frame_ms,2.7647,
frame_ms,0.263,
frame_ms,0.2244,
frame_ms,0.2177,
frame_ms,0.217,
frame_ms,0.256,
frame_ms,0.2525,
frame_ms,0.2239,
frame_ms,0.2307,
frame_ms,0.2242,
frame_ms,0.2686,
frame_ms,0.2405,
frame_ms,0.2411,
frame_ms,0.2108,
frame_ms,0.2604,
frame_ms,0.2239,
frame_ms,0.2183,
frame_ms,0.2164,
frame_ms,0.2416,
tick_us,1228.3,4594
frame_ms,2.6965,
frame_ms,0.2715,
frame_ms,0.2296,
frame_ms,0.2245,
frame_ms,0.215,
frame_ms,0.229,
frame_ms,0.2393,
frame_ms,0.2441,
frame_ms,0.2235,
frame_ms,0.2228,
frame_ms,0.2175,
frame_ms,0.2586,
frame_ms,0.2439,
frame_ms,0.291,
frame_ms,0.2775,
frame_ms,0.2498,
frame_ms,0.2267,
frame_ms,0.2418,
frame_ms,0.2174,
tick_us,1236.5,4596
frame_ms,2.6959,
frame_ms,0.3035,
frame_ms,0.2434,
frame_ms,0.2289,
frame_ms,0.2172,
frame_ms,0.3037,
frame_ms,0.2782,
frame_ms,0.2467,
frame_ms,0.2333,
frame_ms,0.2273,
frame_ms,0.2229,
frame_ms,0.2199,
frame_ms,0.2152,
frame_ms,0.2853,
frame_ms,0.2627,
frame_ms,0.2324,
frame_ms,0.2312,
frame_ms,0.2277,
tick_us,1224.8,4626
frame_ms,2.7767,
frame_ms,0.2732,
frame_ms,0.2308,
frame_ms,0.2582,
frame_ms,0.248,
frame_ms,0.2435,
frame_ms,0.2428,
frame_ms,0.2368,
frame_ms,0.2293,
frame_ms,0.2283,
frame_ms,0.2387,
frame_ms,0.2344,
frame_ms,0.2303,
frame_ms,0.2201,
frame_ms,0.2621,
frame_ms,0.271,
frame_ms,0.2356,
frame_ms,0.2237,
tick_us,1313.4,4690
frame_ms,2.8943,
frame_ms,0.3556,
frame_ms,0.2486,
frame_ms,0.2322,
frame_ms,0.228,
frame_ms,0.2156,
frame_ms,0.2316,
frame_ms,0.2215,
frame_ms,0.3372,
frame_ms,0.5206,
frame_ms,0.3807,
frame_ms,0.2977,
frame_ms,0.2595,
frame_ms,0.2499,
frame_ms,0.2798,
tick_us,1250.8,4686
frame_ms,2.7828,
frame_ms,0.3049,
frame_ms,0.2402,
frame_ms,0.2316,
frame_ms,0.2184,
frame_ms,0.2747,
frame_ms,0.2306,
frame_ms,0.2174,
frame_ms,0.251,
frame_ms,0.2475,
frame_ms,0.2143,
frame_ms,0.2144,
frame_ms,0.2635,
frame_ms,0.2264,
frame_ms,0.2138,
frame_ms,0.2689,
frame_ms,0.2318,
frame_ms,0.2159,
tick_us,1267.2,4652
frame_ms,2.8011,
frame_ms,0.2524,
frame_ms,0.2333,
frame_ms,0.2224,
frame_ms,0.2261,
frame_ms,0.2333,
frame_ms,0.2578,
frame_ms,0.4337,
frame_ms,0.385,
frame_ms,0.2669,
frame_ms,0.2355,
frame_ms,0.2276,
frame_ms,0.2128,
frame_ms,0.2122,
frame_ms,0.265,
frame_ms,0.2285,
frame_ms,0.2165,
frame_ms,0.2181,
tick_us,1277.3,4666
frame_ms,2.7838,
frame_ms,0.3335,
frame_ms,0.2497,
frame_ms,0.2284,
frame_ms,0.2282,
frame_ms,0.2244,
frame_ms,0.2227,
frame_ms,0.2138,
frame_ms,0.2777,
frame_ms,0.2664,
frame_ms,0.2381,
frame_ms,0.2411,
frame_ms,0.2312,
frame_ms,0.2406,
frame_ms,0.2271,
frame_ms,0.2327,
frame_ms,0.2258,
frame_ms,0.247,
tick_us,1245.1,4676
frame_ms,2.7013,
frame_ms,0.2587,
frame_ms,0.2388,
frame_ms,0.2406,
frame_ms,0.241,
frame_ms,0.2262,
frame_ms,0.2301,
frame_ms,0.2211,
frame_ms,0.2331,
frame_ms,0.2236,
frame_ms,0.2155,
frame_ms,0.2306,
frame_ms,0.2155,
frame_ms,0.2717,
frame_ms,0.2732,
frame_ms,0.2467,
frame_ms,0.2315,
frame_ms,0.2442,
frame_ms,0.245,
tick_us,1253.4,4666
frame_ms,2.7224,
frame_ms,0.265,
frame_ms,0.2233,
frame_ms,0.2393,
frame_ms,0.2287,
frame_ms,0.2316,
frame_ms,0.2861,
frame_ms,0.2498,
frame_ms,0.2272,
frame_ms,0.2272,
frame_ms,0.2649,
frame_ms,0.2285,
frame_ms,0.2154,
frame_ms,0.2125,
frame_ms,0.2623,
frame_ms,0.2299,
frame_ms,0.2127,
frame_ms,0.2409,
frame_ms,0.2247,
tick_us,1235.8,4670
frame_ms,2.6797,
frame_ms,0.2682,
frame_ms,0.2207,
frame_ms,0.2304,
frame_ms,0.2261,
frame_ms,0.2212,
frame_ms,0.2301,
frame_ms,0.2127,
frame_ms,0.2696,
frame_ms,0.2582,
frame_ms,0.2274,
frame_ms,0.2208,
frame_ms,0.2944,
frame_ms,0.2396,
frame_ms,0.2276,
frame_ms,0.2183,
frame_ms,0.2398,
frame_ms,0.2324,
frame_ms,0.2136,
tick_us,1209.3,4632
frame_ms,2.6856,
frame_ms,0.3257,
frame_ms,0.2645,
frame_ms,0.2203,
frame_ms,0.2246,
frame_ms,0.2547,
frame_ms,0.2262,
frame_ms,0.2154,
frame_ms,0.2517,
frame_ms,0.2204,
frame_ms,0.2169,
frame_ms,0.2111,
frame_ms,0.2464,
frame_ms,0.2699,
frame_ms,0.2759,
frame_ms,0.3159,
frame_ms,0.2589,
frame_ms,0.245,
tick_us,1325.2,4622
frame_ms,2.9472,
frame_ms,0.3138,
frame_ms,0.2851,
frame_ms,0.3361,
frame_ms,0.2925,
frame_ms,0.2278,
frame_ms,0.2425,
frame_ms,0.2558,
frame_ms,0.2211,
frame_ms,0.2228,
frame_ms,0.2229,
frame_ms,0.2182,
frame_ms,0.2434,
frame_ms,0.2222,
frame_ms,0.2144,
frame_ms,0.2137,
frame_ms,0.2427,
tick_us,1228.1,4650
frame_ms,2.7059,
frame_ms,0.2821,
frame_ms,0.2258,
frame_ms,0.2252,
frame_ms,0.2144,
frame_ms,0.2213,
frame_ms,0.2536,
frame_ms,0.2818,
frame_ms,0.2437,
frame_ms,0.2763,
frame_ms,0.2954,
frame_ms,0.3958,
frame_ms,0.3021,
frame_ms,0.277,
frame_ms,0.2258,
frame_ms,0.2167,
frame_ms,0.2116,
tick_us,1242.6,4608
frame_ms,2.6809,
frame_ms,0.2619,
frame_ms,0.2283,
frame_ms,0.2286,
frame_ms,0.2249,
frame_ms,0.2131,
frame_ms,0.2411,
frame_ms,0.2206,
frame_ms,0.2563,
frame_ms,0.2287,
frame_ms,0.2184,
frame_ms,0.2109,
frame_ms,0.2635,
frame_ms,0.2291,
frame_ms,0.2097,
frame_ms,0.2105,
frame_ms,0.291,
frame_ms,0.2688,
frame_ms,0.2974,
tick_us,1213.8,4622
frame_ms,2.7671,
frame_ms,0.2438,
frame_ms,0.2202,
frame_ms,0.241,
frame_ms,0.2343,
frame_ms,0.2201,
frame_ms,0.3068,
frame_ms,0.2448,
frame_ms,0.2375,
frame_ms,0.2683,
frame_ms,0.2276,
frame_ms,0.2131,
frame_ms,0.2194,
frame_ms,0.2455,
frame_ms,0.2148,
frame_ms,0.2095,
frame_ms,0.2577,
frame_ms,0.3623,
tick_us,1289.4,4632
frame_ms,2.9025,
frame_ms,0.3441,
frame_ms,0.2456,
frame_ms,0.2498,
frame_ms,0.2376,
frame_ms,0.2239,
frame_ms,0.2236,
frame_ms,0.2215,
frame_ms,0.2497,
frame_ms,0.2256,
frame_ms,0.289,
frame_ms,0.3049,
frame_ms,0.2523,
frame_ms,0.2376,
frame_ms,0.2364,
frame_ms,0.226,
frame_ms,0.2223,
tick_us,1228.6,4618
frame_ms,2.6897,
frame_ms,0.2951,
frame_ms,0.2412,
frame_ms,0.2419,
frame_ms,0.235,
frame_ms,0.2267,
frame_ms,0.2232,
frame_ms,0.2201,
frame_ms,0.2634,
frame_ms,0.2333,
frame_ms,0.222,
frame_ms,0.2175,
frame_ms,0.2401,
frame_ms,0.2315,
frame_ms,0.2219,
frame_ms,0.2149,
frame_ms,0.2389,
frame_ms,0.2433,
frame_ms,0.2236,
tick_us,1411.4,4634
frame_ms,3.2287,
frame_ms,0.2949,
frame_ms,0.2341,
frame_ms,0.2282,
frame_ms,0.2496,
frame_ms,0.2162,
frame_ms,0.268,
frame_ms,0.2992,
frame_ms,0.246,
frame_ms,0.2353,
frame_ms,0.2269,
frame_ms,0.2194,
frame_ms,0.2171,
frame_ms,0.2534,
frame_ms,0.2218,
frame_ms,0.2198,
frame_ms,0.2137,
tick_us,1198.3,4600
frame_ms,2.7332,
frame_ms,0.3026,
frame_ms,0.2418,
frame_ms,0.2372,
frame_ms,0.2252,
frame_ms,0.2217,
frame_ms,0.2301,
frame_ms,0.2361,
frame_ms,0.2222,
frame_ms,0.452,
frame_ms,0.4539,
frame_ms,0.3669,
frame_ms,0.3203,
frame_ms,0.245,
frame_ms,0.2176,
frame_ms,0.2184,
tick_us,1207.7,4596
frame_ms,2.7373,
frame_ms,0.275,
frame_ms,0.3861,
frame_ms,0.336,
frame_ms,0.2971,
frame_ms,0.2781,
frame_ms,0.2467,
frame_ms,0.2484,
frame_ms,0.2857,
frame_ms,0.2738,
frame_ms,0.2336,
frame_ms,0.2298,
frame_ms,0.2251,
frame_ms,0.2516,
frame_ms,0.2296,
frame_ms,0.2328,
tick_us,1343.9,4588
frame_ms,3.0423,
frame_ms,0.2975,
frame_ms,0.2387,
frame_ms,0.2327,
frame_ms,0.2303,
frame_ms,0.231,
frame_ms,0.2539,
frame_ms,0.243,
frame_ms,0.2291,
frame_ms,0.2174,
frame_ms,0.2978,
frame_ms,0.2379,
frame_ms,0.2211,
frame_ms,0.2242,
frame_ms,0.2312,
frame_ms,0.2701,
frame_ms,0.2371,
frame_ms,0.2205,
tick_us,1212.2,4586
frame_ms,2.6537,
frame_ms,0.2713,
frame_ms,0.2326,
frame_ms,0.228,
frame_ms,0.2198,
frame_ms,0.2431,
frame_ms,0.214,
frame_ms,0.2298,
frame_ms,0.2323,
frame_ms,0.217,
frame_ms,0.2453,
frame_ms,0.2352,
frame_ms,0.5799,
frame_ms,0.3839,
frame_ms,0.2709,
frame_ms,0.2272,
frame_ms,0.2225,
tick_us,1237.4,4544
frame_ms,2.6702,
frame_ms,0.2611,
frame_ms,0.2365,
frame_ms,0.2413,
frame_ms,0.2261,
frame_ms,0.2205,
frame_ms,0.2112,
frame_ms,0.2527,
frame_ms,0.2262,
frame_ms,0.2155,
frame_ms,0.2375,
frame_ms,0.219,
frame_ms,0.215,
frame_ms,0.2259,
frame_ms,0.2934,
frame_ms,0.4227,
frame_ms,0.3089,
frame_ms,0.3223,
tick_us,1314.1,4494
frame_ms,2.8812,
frame_ms,0.2916,
frame_ms,0.3983,
frame_ms,0.363,
frame_ms,0.306,
frame_ms,0.2897,
frame_ms,0.2444,
frame_ms,0.2188,
frame_ms,0.2255,
frame_ms,0.2323,
frame_ms,0.2212,
frame_ms,0.225,
frame_ms,0.2397,
frame_ms,0.2632,
frame_ms,0.2626,
tick_us,1254,4452
frame_ms,2.8609,
frame_ms,0.3646,
frame_ms,0.2615,
frame_ms,0.2212,
frame_ms,0.2255,
frame_ms,0.2375,
frame_ms,0.2291,
frame_ms,0.2219,
frame_ms,0.2147,
frame_ms,0.2488,
frame_ms,0.2282,
frame_ms,0.2295,
frame_ms,0.2257,
frame_ms,0.2334,
frame_ms,0.2439,
frame_ms,0.2288,
frame_ms,0.249,
frame_ms,0.2179,
frame_ms,0.2143,
tick_us,1236.1,4430
frame_ms,2.659,
frame_ms,0.2651,
frame_ms,0.2389,
frame_ms,0.2306,
frame_ms,0.2283,
frame_ms,0.2174,
frame_ms,0.2316,
frame_ms,0.2558,
frame_ms,0.271,
frame_ms,0.2409,
frame_ms,0.2264,
frame_ms,0.2295,
frame_ms,0.2159,
frame_ms,0.2162,
frame_ms,0.2538,
frame_ms,0.2489,
frame_ms,0.2247,
frame_ms,0.2254,
frame_ms,0.3132,
tick_us,1220.7,4440
frame_ms,2.8075,
frame_ms,0.2885,
frame_ms,0.2318,
frame_ms,0.2765,
frame_ms,0.267,
frame_ms,0.2657,
frame_ms,0.2389,
frame_ms,0.2401,
frame_ms,0.2388,
frame_ms,0.2803,
frame_ms,0.2591,
frame_ms,0.2248,
frame_ms,0.2236,
frame_ms,0.2205,
frame_ms,0.2192,
frame_ms,0.2475,
frame_ms,0.275,
tick_us,1321.6,4432
frame_ms,2.8243,
frame_ms,0.3106,
frame_ms,0.2317,
frame_ms,0.2262,
frame_ms,0.2197,
frame_ms,0.2138,
frame_ms,0.2131,
frame_ms,0.4239,
frame_ms,0.4245,
frame_ms,0.3434,
frame_ms,0.2855,
frame_ms,0.2576,
frame_ms,0.2514,
frame_ms,0.2608,
frame_ms,0.2378,
frame_ms,0.2885,
tick_us,1196.3,4422
frame_ms,2.7186,
frame_ms,0.283,
frame_ms,0.245,
frame_ms,0.242,
frame_ms,0.2368,
frame_ms,0.2215,
frame_ms,0.2233,
frame_ms,0.3317,
frame_ms,0.4968,
frame_ms,0.3718,
frame_ms,0.3438,
frame_ms,0.3396,
frame_ms,0.4147,
frame_ms,0.2927,
frame_ms,0.2958,
tick_us,1280.1,4446
frame_ms,2.7289,
frame_ms,0.258,
frame_ms,0.2374,
frame_ms,0.2588,
frame_ms,0.4244,
frame_ms,0.4668,
frame_ms,0.2964,
frame_ms,0.253,
frame_ms,0.2254,
frame_ms,0.2308,
frame_ms,0.2276,
frame_ms,0.2258,
frame_ms,0.2237,
frame_ms,0.2299,
frame_ms,0.2347,
frame_ms,0.2261,
frame_ms,0.2249,
tick_us,1220.2,4466
frame_ms,2.6645,
frame_ms,0.2706,
frame_ms,0.2305,
frame_ms,0.2363,
frame_ms,0.2183,
frame_ms,0.244,
frame_ms,0.2299,
frame_ms,0.2203,
frame_ms,0.2379,
frame_ms,0.244,
frame_ms,0.223,
frame_ms,0.2405,
frame_ms,0.2408,
frame_ms,0.2342,
frame_ms,0.2512,
frame_ms,0.2973,
frame_ms,0.2922,
frame_ms,0.2613,
tick_us,1258.8,4526
frame_ms,2.7462,
frame_ms,0.2952,
frame_ms,0.2493,
frame_ms,0.2379,
frame_ms,0.2296,
frame_ms,0.2221,
frame_ms,0.2163,
frame_ms,0.2414,
frame_ms,0.2506,
frame_ms,0.2238,
frame_ms,0.219,
frame_ms,0.2433,
frame_ms,0.2352,
frame_ms,0.2285,
frame_ms,0.2185,
frame_ms,0.278,
frame_ms,0.2261,
frame_ms,0.2444,
tick_us,1265,4538
frame_ms,2.8069,
frame_ms,0.2745,
frame_ms,0.226,
frame_ms,0.2223,
frame_ms,0.2324,
frame_ms,0.2372,
frame_ms,0.2575,
frame_ms,0.2206,
frame_ms,0.222,
frame_ms,0.2338,
frame_ms,0.2238,
frame_ms,0.2822,
frame_ms,0.2935,
frame_ms,0.2408,
frame_ms,0.2288,
frame_ms,0.2304,
frame_ms,0.2201,
frame_ms,0.2252,
frame_ms,0.2214,
tick_us,1221.1,4508
frame_ms,2.8115,
frame_ms,0.3947,
frame_ms,0.2877,
frame_ms,0.2302,
frame_ms,0.2303,
frame_ms,0.2395,
frame_ms,0.2266,
frame_ms,0.2198,
frame_ms,0.2829,
frame_ms,0.4329,
frame_ms,0.3195,
frame_ms,0.2391,
frame_ms,0.2324,
frame_ms,0.258,
frame_ms,0.2259,
frame_ms,0.2237,
tick_us,1245.3,4498
frame_ms,2.7015,
frame_ms,0.2567,
frame_ms,0.2375,
frame_ms,0.2356,
frame_ms,0.2286,
frame_ms,0.3359,
frame_ms,0.2338,
frame_ms,0.2227,
frame_ms,0.2226,
frame_ms,0.2399,
frame_ms,0.2742,
frame_ms,0.2709,
frame_ms,0.2411,
frame_ms,0.2307,
frame_ms,0.2249,
frame_ms,0.2372,
frame_ms,0.2256,
frame_ms,0.2813,
tick_us,1286.5,4472
frame_ms,2.8766,
frame_ms,0.3233,
frame_ms,0.2548,
frame_ms,0.24,
frame_ms,0.2324,
frame_ms,0.2471,
frame_ms,0.2592,
frame_ms,0.2272,
frame_ms,0.2326,
frame_ms,0.2246,
frame_ms,0.3058,
frame_ms,0.3116,
frame_ms,0.2499,
frame_ms,0.2324,
frame_ms,0.2337,
frame_ms,0.231,
frame_ms,0.2217,
frame_ms,0.2257,
tick_us,1238.9,4476
frame_ms,2.7981,
frame_ms,0.3272,
frame_ms,0.2362,
frame_ms,0.2343,
frame_ms,0.2254,
frame_ms,0.2375,
frame_ms,0.2226,
frame_ms,0.2579,
frame_ms,0.4094,
frame_ms,0.2825,
frame_ms,0.2506,
frame_ms,0.2313,
frame_ms,0.2561,
frame_ms,0.2278,
frame_ms,0.2218,
frame_ms,0.2312,
frame_ms,0.2469,
tick_us,1227.3,4482
frame_ms,2.8181,
frame_ms,0.3258,
frame_ms,0.2466,
frame_ms,0.249,
frame_ms,0.3958,
frame_ms,0.4122,
frame_ms,0.3806,
frame_ms,0.3616,
frame_ms,0.3594,
frame_ms,0.3456,
frame_ms,0.4028,
frame_ms,0.3111,
frame_ms,0.2547,
tick_us,1285.2,4510
frame_ms,2.746,
frame_ms,0.2532,
frame_ms,0.2308,
frame_ms,0.2336,
frame_ms,0.2267,
frame_ms,0.2282,
frame_ms,0.2514,
frame_ms,0.2846,
frame_ms,0.2914,
frame_ms,0.2386,
frame_ms,0.3609,
frame_ms,0.2994,
frame_ms,0.2545,
frame_ms,0.2446,
frame_ms,0.2418,
frame_ms,0.2442,
frame_ms,0.2413,
tick_us,1203.4,4502
frame_ms,2.7294,
frame_ms,0.3023,
frame_ms,0.2347,
frame_ms,0.2329,
frame_ms,0.2269,
frame_ms,0.2295,
frame_ms,0.2264,
frame_ms,0.2362,
frame_ms,0.2388,
frame_ms,0.2234,
frame_ms,0.2309,
frame_ms,0.2236,
frame_ms,0.2551,
frame_ms,0.3028,
frame_ms,0.382,
frame_ms,0.3117,
frame_ms,0.2464,
frame_ms,0.228,
tick_us,1274.8,4538
frame_ms,2.7735,
frame_ms,0.3403,
frame_ms,0.3052,
frame_ms,0.2327,
frame_ms,0.2259,
frame_ms,0.2303,
frame_ms,0.3005,
frame_ms,0.245,
frame_ms,0.3097,
frame_ms,0.2957,
frame_ms,0.2262,
frame_ms,0.2295,
frame_ms,0.2212,
frame_ms,0.2159,
frame_ms,0.249,
frame_ms,0.2449,
frame_ms,0.2334,
tick_us,1237.1,4542
frame_ms,2.6935,
frame_ms,0.2505,
frame_ms,0.2267,
frame_ms,0.2294,
frame_ms,0.2362,
frame_ms,0.2219,
frame_ms,0.2772,
frame_ms,0.334,
frame_ms,0.2455,
frame_ms,0.2399,
frame_ms,0.2292,
frame_ms,0.2222,
frame_ms,0.2223,
frame_ms,0.2268,
frame_ms,0.2229,
frame_ms,0.303,
frame_ms,0.298,
frame_ms,0.2456,
tick_us,1262.9,4530
frame_ms,2.7802,
frame_ms,0.314,
frame_ms,0.2527,
frame_ms,0.2319,
frame_ms,0.2322,
frame_ms,0.2256,
frame_ms,0.2199,
frame_ms,0.2276,
frame_ms,0.2871,
frame_ms,0.2681,
frame_ms,0.2468,
frame_ms,0.2476,
frame_ms,0.2392,
frame_ms,0.2261,
frame_ms,0.2393,
frame_ms,0.2644,
frame_ms,0.229,
frame_ms,0.2175,
tick_us,1230.5,4564
frame_ms,2.6953,
frame_ms,0.255,
frame_ms,0.2429,
frame_ms,0.2319,
frame_ms,0.2302,
frame_ms,0.2201,
frame_ms,0.2172,
frame_ms,0.2376,
frame_ms,0.2207,
frame_ms,0.2152,
frame_ms,0.2517,
frame_ms,0.3218,
frame_ms,0.2589,
frame_ms,0.2348,
frame_ms,0.2342,
frame_ms,0.2273,
frame_ms,0.2172,
frame_ms,0.2485,
frame_ms,0.225,
tick_us,1240.5,4560
frame_ms,2.7072,
frame_ms,0.5475,
frame_ms,0.3133,
frame_ms,0.3177,
frame_ms,0.2961,
frame_ms,0.2494,
frame_ms,0.2472,
frame_ms,0.2456,
frame_ms,0.2404,
frame_ms,0.2352,
frame_ms,0.2359,
frame_ms,0.2286,
frame_ms,0.229,
frame_ms,0.2234,
frame_ms,0.2421,
frame_ms,0.225,
frame_ms,0.3141,
tick_us,1254.2,4540
frame_ms,2.7756,
frame_ms,0.3128,
frame_ms,0.2456,
frame_ms,0.2385,
frame_ms,0.2304,
frame_ms,0.2201,
frame_ms,0.2425,
frame_ms,0.2343,
frame_ms,0.3168,
frame_ms,0.5038,
frame_ms,0.3709,
frame_ms,0.3937,
frame_ms,0.5008,
frame_ms,0.2492,
tick_us,1225.5,4528
frame_ms,2.6647,
frame_ms,0.2563,
frame_ms,0.2347,
frame_ms,0.2435,
frame_ms,0.2267,
frame_ms,0.2173,
frame_ms,0.2921,
frame_ms,0.3161,
frame_ms,0.2492,
frame_ms,0.237,
frame_ms,0.2325,
frame_ms,0.2187,
frame_ms,0.2206,
frame_ms,0.2657,
frame_ms,0.2785,
frame_ms,0.2388,
frame_ms,0.2309,
frame_ms,0.2478,
tick_us,1296.8,4554
frame_ms,2.7507,
frame_ms,0.262,
frame_ms,0.2278,
frame_ms,0.2287,
frame_ms,0.2227,
frame_ms,0.2402,
frame_ms,0.2275,
frame_ms,0.2274,
frame_ms,0.2772,
frame_ms,0.3014,
frame_ms,0.2568,
frame_ms,0.2419,
frame_ms,0.2341,
frame_ms,0.232,
frame_ms,0.2251,
frame_ms,0.248,
frame_ms,0.2661,
frame_ms,0.2396,
frame_ms,0.2296,
tick_us,1218.6,4564
frame_ms,2.6644,
frame_ms,0.2784,
frame_ms,0.2448,
frame_ms,0.2335,
frame_ms,0.2284,
frame_ms,0.2218,
frame_ms,0.2177,
frame_ms,0.243,
frame_ms,0.2147,
frame_ms,0.2427,
frame_ms,0.2333,
frame_ms,0.2625,
frame_ms,0.6199,
frame_ms,0.3807,
frame_ms,0.2931,
frame_ms,0.2539,
tick_us,1260.2,4564
frame_ms,2.7694,
frame_ms,0.2758,
frame_ms,0.2456,
frame_ms,0.2515,
frame_ms,0.2357,
frame_ms,0.2286,
frame_ms,0.2204,
frame_ms,0.2467,
frame_ms,0.2326,
frame_ms,0.2217,
frame_ms,0.2179,
frame_ms,0.2722,
frame_ms,0.2368,
frame_ms,0.237,
frame_ms,0.221,
frame_ms,0.2584,
frame_ms,0.2864,
frame_ms,0.2506,
tick_us,1256.8,4544
frame_ms,2.719,
frame_ms,0.2633,
frame_ms,0.2367,
frame_ms,0.2325,
frame_ms,0.2268,
frame_ms,0.225,
frame_ms,0.2408,
frame_ms,0.2877,
frame_ms,0.2747,
frame_ms,0.24,
frame_ms,0.2407,
frame_ms,0.2333,
frame_ms,0.2251,
frame_ms,0.2271,
frame_ms,0.2729,
frame_ms,0.2632,
frame_ms,0.2326,
frame_ms,0.2235,
frame_ms,0.2183,
tick_us,1351.7,4532
frame_ms,2.8638,
frame_ms,0.397,
frame_ms,0.2791,
frame_ms,0.2255,
frame_ms,0.2258,
frame_ms,0.2271,
frame_ms,0.2226,
frame_ms,0.2319,
frame_ms,0.226,
frame_ms,0.2874,
frame_ms,0.3118,
frame_ms,0.2727,
frame_ms,0.2625,
frame_ms,0.2367,
frame_ms,0.226,
frame_ms,0.3082,
tick_us,1221.5,4540
frame_ms,2.7681,
frame_ms,0.3441,
frame_ms,0.2491,
frame_ms,0.2334,
frame_ms,0.2207,
frame_ms,0.2591,
frame_ms,0.2366,
frame_ms,0.2313,
frame_ms,0.2234,
frame_ms,0.2134,
frame_ms,0.2274,
frame_ms,0.2135,
frame_ms,0.3179,
frame_ms,0.3581,
frame_ms,0.3172,
frame_ms,0.2768,
frame_ms,0.2407,
tick_us,1376.9,4514
frame_ms,3.0064,
frame_ms,0.3283,
frame_ms,0.2384,
frame_ms,0.2277,
frame_ms,0.225,
frame_ms,0.2247,
frame_ms,0.239,
frame_ms,0.2963,
frame_ms,0.3155,
frame_ms,0.2334,
frame_ms,0.2299,
frame_ms,0.2177,
frame_ms,0.2394,
frame_ms,0.2154,
frame_ms,0.2429,
frame_ms,0.2269,
frame_ms,0.2255,
tick_us,1236.7,4508
frame_ms,2.68,
frame_ms,0.2719,
frame_ms,0.2223,
frame_ms,0.2232,
frame_ms,0.2219,
frame_ms,0.2228,
frame_ms,0.2354,
frame_ms,0.2519,
frame_ms,0.3098,
frame_ms,0.2896,
frame_ms,0.4326,
frame_ms,0.5077,
frame_ms,0.3824,
frame_ms,0.4002,
frame_ms,0.3594,
tick_us,1217.3,4492
frame_ms,2.9196,
frame_ms,0.3577,
frame_ms,0.3626,
frame_ms,0.3603,
frame_ms,0.266,
frame_ms,0.358,
frame_ms,0.2736,
frame_ms,0.2447,
frame_ms,0.2413,
frame_ms,0.2451,
frame_ms,0.2425,
frame_ms,0.2374,
frame_ms,0.2513,
frame_ms,0.2507,
frame_ms,0.2492,
tick_us,1226.7,4530
frame_ms,2.8694,
frame_ms,0.3588,
frame_ms,0.2484,
frame_ms,0.2434,
frame_ms,0.2562,
frame_ms,0.3121,
frame_ms,0.2375,
frame_ms,0.242,
frame_ms,0.2401,
frame_ms,0.2341,
frame_ms,0.229,
frame_ms,0.2269,
frame_ms,0.2399,
frame_ms,0.2293,
frame_ms,0.2203,
frame_ms,0.2378,
frame_ms,0.219,
frame_ms,0.2722,
tick_us,1209.5,4548
frame_ms,2.686,
frame_ms,0.2847,
frame_ms,0.2337,
frame_ms,0.2356,
frame_ms,0.2323,
frame_ms,0.2388,
frame_ms,0.2406,
frame_ms,0.2244,
frame_ms,0.496,
frame_ms,0.3851,
frame_ms,0.5173,
frame_ms,0.3749,
frame_ms,0.2795,
frame_ms,0.2459,
frame_ms,0.233,
tick_us,1277,4560
frame_ms,2.7789,
frame_ms,0.3078,
frame_ms,0.2492,
frame_ms,0.2325,
frame_ms,0.2279,
frame_ms,0.2229,
frame_ms,0.2467,
frame_ms,0.2385,
frame_ms,0.225,
frame_ms,0.2262,
frame_ms,0.224,
frame_ms,0.2233,
frame_ms,0.2395,
frame_ms,0.2234,
frame_ms,0.2294,
frame_ms,0.2283,
frame_ms,0.2308,
frame_ms,0.2791,
tick_us,1261.8,4586
frame_ms,2.7206,
frame_ms,0.2522,
frame_ms,0.2301,
frame_ms,0.2238,
frame_ms,0.2554,
frame_ms,0.2309,
frame_ms,0.2361,
frame_ms,0.2493,
frame_ms,0.2315,
frame_ms,0.2219,
frame_ms,0.2451,
frame_ms,0.239,
frame_ms,0.2297,
frame_ms,0.2178,
frame_ms,0.2433,
frame_ms,0.2153,
frame_ms,0.2177,
frame_ms,0.2378,
frame_ms,0.226,
tick_us,1261.6,4608
frame_ms,2.7172,
frame_ms,0.284,
frame_ms,0.2327,
frame_ms,0.2283,
frame_ms,0.2201,
frame_ms,0.2437,
frame_ms,0.2214,
frame_ms,0.2442,
frame_ms,0.2133,
frame_ms,0.2288,
frame_ms,0.2401,
frame_ms,0.2198,
frame_ms,0.2423,
frame_ms,0.343,
frame_ms,0.2796,
frame_ms,0.2473,
frame_ms,0.2377,
frame_ms,0.2391,
frame_ms,0.2365,
tick_us,1278.7,4542
frame_ms,2.771,
frame_ms,0.3215,
frame_ms,0.2461,
frame_ms,0.2332,
frame_ms,0.2266,
frame_ms,0.2182,
frame_ms,0.2285,
frame_ms,0.2247,
frame_ms,0.2448,
frame_ms,0.2339,
frame_ms,0.22,
frame_ms,0.2181,
frame_ms,0.2367,
frame_ms,0.2299,
frame_ms,0.216,
frame_ms,0.2667,
frame_ms,0.2421,
tick_us,1302.3,4536
frame_ms,2.9581,
frame_ms,0.5511,
frame_ms,0.538,
frame_ms,0.5322,
frame_ms,0.3653,
frame_ms,0.4156,
frame_ms,0.3736,
frame_ms,0.3651,
frame_ms,0.2802,
frame_ms,0.2309,
frame_ms,0.2264,
frame_ms,0.2272,
frame_ms,0.2302,
tick_us,1240.2,4528
frame_ms,2.7238,
frame_ms,0.3239,
frame_ms,0.2419,
frame_ms,0.2389,
frame_ms,0.2226,
frame_ms,0.2247,
frame_ms,0.2178,
frame_ms,0.2652,
frame_ms,0.2359,
frame_ms,0.2236,
frame_ms,0.2479,
frame_ms,0.2304,
frame_ms,0.2245,
frame_ms,0.2567,
frame_ms,0.3234,
frame_ms,0.2522,
frame_ms,0.2403,
tick_us,1253.8,4534
frame_ms,2.8308,
frame_ms,0.3242,
frame_ms,0.2421,
frame_ms,0.2383,
frame_ms,0.2366,
frame_ms,0.2321,
frame_ms,0.4684,
frame_ms,0.2976,
frame_ms,0.2444,
frame_ms,0.2293,
frame_ms,0.2298,
frame_ms,0.2275,
frame_ms,0.223,
frame_ms,0.2239,
frame_ms,0.2506,
frame_ms,0.258,
frame_ms,0.2467,
frame_ms,0.2294,
tick_us,1257.7,4514
frame_ms,2.6987,
frame_ms,0.2555,
frame_ms,0.2454,
frame_ms,0.2407,
frame_ms,0.2352,
frame_ms,0.2308,
frame_ms,0.3764,
frame_ms,0.2991,
frame_ms,0.2508,
frame_ms,0.2164,
frame_ms,0.2219,
frame_ms,0.2186,
frame_ms,0.2378,
frame_ms,0.2366,
frame_ms,0.2272,
frame_ms,0.2208,
frame_ms,0.2419,
frame_ms,0.2288,
tick_us,1229.1,4508
frame_ms,2.6677,
frame_ms,0.2831,
frame_ms,0.227,
frame_ms,0.2308,
frame_ms,0.2414,
frame_ms,0.2233,
frame_ms,0.2215,
frame_ms,0.3552,
frame_ms,0.228,
frame_ms,0.2211,
frame_ms,0.2583,
frame_ms,0.2798,
frame_ms,0.3598,
frame_ms,0.2756,
frame_ms,0.2617,
frame_ms,0.256,
frame_ms,0.2515,
tick_us,1199.5,4504
frame_ms,2.6941,
frame_ms,0.3,
frame_ms,0.2488,
frame_ms,0.2389,
frame_ms,0.2324,
frame_ms,0.2194,
frame_ms,0.2245,
frame_ms,0.2382,
frame_ms,0.2221,
frame_ms,0.273,
frame_ms,0.2377,
frame_ms,0.2205,
frame_ms,0.2218,
frame_ms,0.426,
frame_ms,0.4252,
frame_ms,0.384,
tick_us,1333.7,4520
frame_ms,2.9879,
frame_ms,0.2883,
frame_ms,0.2337,
frame_ms,0.232,
frame_ms,0.2308,
frame_ms,0.2308,
frame_ms,0.2535,
frame_ms,0.5808,
frame_ms,0.2735,
frame_ms,0.2483,
frame_ms,0.2263,
frame_ms,0.2246,
frame_ms,0.2223,
frame_ms,0.2203,
frame_ms,0.2304,
frame_ms,0.2348,
frame_ms,0.2174,
tick_us,1271.4,4514
frame_ms,2.7885,
frame_ms,0.3128,
frame_ms,0.2443,
frame_ms,0.2347,
frame_ms,0.2314,
frame_ms,0.2283,
frame_ms,0.2268,
frame_ms,0.2425,
frame_ms,0.2167,
frame_ms,0.2217,
frame_ms,0.2401,
frame_ms,0.2409,
frame_ms,0.2578,
frame_ms,0.258,
frame_ms,0.2487,
frame_ms,0.2445,
frame_ms,0.2296,
frame_ms,0.2279,
tick_us,1229.7,4516
frame_ms,2.6713,
frame_ms,0.2614,
frame_ms,0.23,
frame_ms,0.2207,
frame_ms,0.2203,
frame_ms,0.2464,
frame_ms,0.2242,
frame_ms,0.2132,
frame_ms,0.2501,
frame_ms,0.2374,
frame_ms,0.2282,
frame_ms,0.2153,
frame_ms,0.2407,
frame_ms,0.2176,
frame_ms,0.2184,
frame_ms,0.2379,
frame_ms,0.3536,
frame_ms,0.2903,
frame_ms,0.2482,
tick_us,1263.7,4538
frame_ms,2.9274,
frame_ms,0.6989,
frame_ms,0.485,
frame_ms,0.3048,
frame_ms,0.2677,
frame_ms,0.2683,
frame_ms,0.2667,
frame_ms,0.2525,
frame_ms,0.2399,
frame_ms,0.2435,
frame_ms,0.239,
frame_ms,0.232,
frame_ms,0.2302,
frame_ms,0.249,
tick_us,1330.2,4576
frame_ms,2.9155,
frame_ms,0.4281,
frame_ms,0.3267,
frame_ms,0.2632,
frame_ms,0.2323,
frame_ms,0.2382,
frame_ms,0.2362,
frame_ms,0.2525,
frame_ms,0.238,
frame_ms,0.239,
frame_ms,0.2713,
frame_ms,0.2968,
frame_ms,0.2552,
frame_ms,0.2416,
frame_ms,0.2412,
frame_ms,0.2439,
tick_us,1340,4586
frame_ms,2.8715,
frame_ms,0.8459,
frame_ms,0.4262,
frame_ms,0.2727,
frame_ms,0.2614,
frame_ms,0.2371,
frame_ms,0.3265,
frame_ms,0.2699,
frame_ms,0.2274,
frame_ms,0.2395,
frame_ms,0.4341,
frame_ms,0.411,
tick_us,1351,4602
frame_ms,3.2935,
frame_ms,0.6027,
frame_ms,0.5735,
frame_ms,0.3794,
frame_ms,0.319,
frame_ms,0.2377,
frame_ms,0.2442,
frame_ms,0.24,
frame_ms,0.2361,
frame_ms,0.2473,
frame_ms,0.2328,
frame_ms,0.2476,
frame_ms,0.2273,
tick_us,1259.1,4624
frame_ms,2.8618,
frame_ms,0.5326,
frame_ms,0.3394,
frame_ms,0.2605,
frame_ms,0.2357,
frame_ms,0.2504,
frame_ms,0.2448,
frame_ms,0.2396,
frame_ms,0.3104,
frame_ms,0.2957,
frame_ms,0.2647,
frame_ms,0.2708,
frame_ms,0.2669,
frame_ms,0.2627,
frame_ms,0.2505,
tick_us,1224.5,4626
frame_ms,2.699,
frame_ms,0.2976,
frame_ms,0.2379,
frame_ms,0.257,
frame_ms,0.2508,
frame_ms,0.2346,
frame_ms,0.2305,
frame_ms,0.2315,
frame_ms,0.2288,
frame_ms,0.2522,
frame_ms,0.232,
frame_ms,0.227,
frame_ms,0.2656,
frame_ms,0.2396,
frame_ms,0.2306,
frame_ms,0.2946,
frame_ms,0.318,
frame_ms,0.3272,
tick_us,1216.1,4662
frame_ms,2.6949,
frame_ms,0.2603,
frame_ms,0.2284,
frame_ms,0.4182,
frame_ms,0.3269,
frame_ms,0.3237,
frame_ms,0.237,
frame_ms,0.2426,
frame_ms,0.2576,
frame_ms,0.2314,
frame_ms,0.2271,
frame_ms,0.2569,
frame_ms,0.4181,
frame_ms,0.4028,
frame_ms,0.3408,
tick_us,1249,4638
frame_ms,2.8364,
frame_ms,0.3677,
frame_ms,0.2629,
frame_ms,0.2492,
frame_ms,0.244,
frame_ms,0.2376,
frame_ms,0.2423,
frame_ms,0.2462,
frame_ms,0.2852,
frame_ms,0.3178,
frame_ms,0.2958,
frame_ms,0.2582,
frame_ms,0.2545,
frame_ms,0.2655,
frame_ms,0.2833,
frame_ms,0.2995,
tick_us,1209.8,4644
frame_ms,2.6845,
frame_ms,0.2717,
frame_ms,0.2468,
frame_ms,0.2636,
frame_ms,0.257,
frame_ms,0.2423,
frame_ms,0.2346,
frame_ms,0.2368,
frame_ms,0.2292,
frame_ms,0.2292,
frame_ms,0.2264,
frame_ms,0.2276,
frame_ms,0.2775,
frame_ms,0.2414,
frame_ms,0.2253,
frame_ms,0.292,
frame_ms,0.4281,
tick_us,1453.7,4710
frame_ms,3.3022,
frame_ms,0.3283,
frame_ms,0.248,
frame_ms,0.2593,
frame_ms,0.3127,
frame_ms,0.2486,
frame_ms,0.2449,
frame_ms,0.2851,
frame_ms,0.2324,
frame_ms,0.2415,
frame_ms,0.2311,
frame_ms,0.236,
frame_ms,0.2209,
frame_ms,0.2429,
frame_ms,0.226,
frame_ms,0.2708,
tick_us,1205.8,4706
frame_ms,2.6754,
frame_ms,0.2817,
frame_ms,0.2369,
frame_ms,0.2315,
frame_ms,0.2327,
frame_ms,0.2372,
frame_ms,0.344,
frame_ms,0.3976,
frame_ms,0.5189,
frame_ms,0.2922,
frame_ms,0.2575,
frame_ms,0.3029,
frame_ms,0.2621,
frame_ms,0.2588,
frame_ms,0.2278,
frame_ms,0.2209,
tick_us,1242.2,4678
frame_ms,2.6884,
frame_ms,0.384,
frame_ms,0.4253,
frame_ms,0.2952,
frame_ms,0.237,
frame_ms,0.2328,
frame_ms,0.2678,
frame_ms,0.2471,
frame_ms,0.2288,
frame_ms,0.2295,
frame_ms,0.2177,
frame_ms,0.231,
frame_ms,0.2427,
frame_ms,0.3118,
frame_ms,0.2738,
frame_ms,0.2686,
tick_us,1252.3,4662
frame_ms,2.7166,
frame_ms,0.2658,
frame_ms,0.2317,
frame_ms,0.2252,
frame_ms,0.2357,
frame_ms,0.2281,
frame_ms,0.2614,
frame_ms,0.2674,
frame_ms,0.235,
frame_ms,0.2344,
frame_ms,0.2672,
frame_ms,0.2848,
frame_ms,0.2386,
frame_ms,0.2326,
frame_ms,0.2272,
frame_ms,0.2219,
frame_ms,0.2232,
frame_ms,0.2672,
frame_ms,0.2394,
tick_us,1228.8,4698
frame_ms,2.6851,
frame_ms,0.2655,
frame_ms,0.2321,
frame_ms,0.232,
frame_ms,0.241,
frame_ms,0.2297,
frame_ms,0.2275,
frame_ms,0.2209,
frame_ms,0.3781,
frame_ms,0.3265,
frame_ms,0.2917,
frame_ms,0.3918,
frame_ms,0.2966,
frame_ms,0.248,
frame_ms,0.2809,
tick_us,1377.9,4706
frame_ms,3.1166,
frame_ms,0.3338,
frame_ms,0.3138,
frame_ms,0.2409,
frame_ms,0.244,
frame_ms,0.2375,
frame_ms,0.2288,
frame_ms,0.2258,
frame_ms,0.2229,
frame_ms,0.2601,
frame_ms,0.3015,
frame_ms,0.4591,
frame_ms,0.2372,
frame_ms,0.2296,
frame_ms,0.2354,
frame_ms,0.247,
frame_ms,0.241,
tick_us,1296.3,4736
frame_ms,2.7802,
frame_ms,0.263,
frame_ms,0.2327,
frame_ms,0.2325,
frame_ms,0.2379,
frame_ms,0.2421,
frame_ms,0.2765,
frame_ms,0.2456,
frame_ms,0.2361,
frame_ms,0.2242,
frame_ms,0.2762,
frame_ms,0.2363,
frame_ms,0.2242,
frame_ms,0.2611,
frame_ms,0.2363,
frame_ms,0.3899,
frame_ms,0.3105,
tick_us,1244.7,4724
frame_ms,2.7405,
frame_ms,0.2741,
frame_ms,0.234,
frame_ms,0.2459,
frame_ms,0.2411,
frame_ms,0.2302,
frame_ms,0.2347,
frame_ms,0.2271,
frame_ms,0.2238,
frame_ms,0.2745,
frame_ms,0.2408,
frame_ms,0.255,
frame_ms,0.2464,
frame_ms,0.2313,
frame_ms,0.365,
frame_ms,0.2706,
frame_ms,0.2705,
tick_us,1222.1,4740
frame_ms,2.736,
frame_ms,0.3187,
frame_ms,0.2364,
frame_ms,0.2443,
frame_ms,0.2643,
frame_ms,0.2266,
frame_ms,0.2284,
frame_ms,0.2237,
frame_ms,0.2149,
frame_ms,0.2566,
frame_ms,0.277,
frame_ms,0.2356,
frame_ms,0.2279,
frame_ms,0.2318,
frame_ms,0.2221,
frame_ms,0.2753,
frame_ms,0.2376,
frame_ms,0.2311,
frame_ms,0.2686,
tick_us,1276.4,4730
frame_ms,2.737,
frame_ms,0.2837,
frame_ms,0.2246,
frame_ms,0.2519,
frame_ms,0.2335,
frame_ms,0.2315,
frame_ms,0.2266,
frame_ms,0.4109,
frame_ms,0.2886,
frame_ms,0.2347,
frame_ms,0.228,
frame_ms,0.2255,
frame_ms,0.2184,
frame_ms,0.2166,
frame_ms,0.2573,
frame_ms,0.225,
frame_ms,0.2153,
frame_ms,0.2136,
tick_us,1197.7,4706
frame_ms,2.686,
frame_ms,0.32,
frame_ms,0.2625,
frame_ms,0.2215,
frame_ms,0.2267,
frame_ms,0.2227,
frame_ms,0.2252,
frame_ms,0.2141,
frame_ms,0.2439,
frame_ms,0.2648,
frame_ms,0.2381,
frame_ms,0.2441,
frame_ms,0.2354,
frame_ms,0.2218,
frame_ms,0.2305,
frame_ms,0.2777,
frame_ms,0.2687,
frame_ms,0.2309,
tick_us,1221.8,4706
frame_ms,2.6611,
frame_ms,0.3437,
frame_ms,0.281,
frame_ms,0.279,
frame_ms,0.303,
frame_ms,0.2256,
frame_ms,0.2195,
frame_ms,0.2219,
frame_ms,0.216,
frame_ms,0.2137,
frame_ms,0.2626,
frame_ms,0.2806,
frame_ms,0.2364,
frame_ms,0.2276,
frame_ms,0.2246,
frame_ms,0.2229,
frame_ms,0.2153,
frame_ms,0.2479,
tick_us,1199.8,4702
frame_ms,2.9486,
frame_ms,0.2648,
frame_ms,0.2263,
frame_ms,0.2291,
frame_ms,0.3069,
frame_ms,0.2642,
frame_ms,0.2401,
frame_ms,0.2271,
frame_ms,0.2601,
frame_ms,0.2283,
frame_ms,0.2156,
frame_ms,0.249,
frame_ms,0.2729,
frame_ms,0.2386,
frame_ms,0.2287,
frame_ms,0.2223,
frame_ms,0.2247,
frame_ms,0.2217,
tick_us,1219.5,4650
frame_ms,2.6937,
frame_ms,0.2816,
frame_ms,0.2257,
frame_ms,0.2315,
frame_ms,0.2226,
frame_ms,0.2223,
frame_ms,0.2209,
frame_ms,0.2493,
frame_ms,0.2724,
frame_ms,0.382,
frame_ms,0.4268,
frame_ms,0.4594,
frame_ms,0.3527,
frame_ms,0.2724,
frame_ms,0.2203,
frame_ms,0.2269,
tick_us,1236.1,4696
frame_ms,2.6734,
frame_ms,0.2653,
frame_ms,0.2409,
frame_ms,0.2308,
frame_ms,0.2142,
frame_ms,0.2359,
frame_ms,0.2274,
frame_ms,0.2147,
frame_ms,0.2704,
frame_ms,0.2723,
frame_ms,0.2393,
frame_ms,0.233,
frame_ms,0.226,
frame_ms,0.2256,
frame_ms,0.2561,
frame_ms,0.2496,
frame_ms,0.2238,
frame_ms,0.2269,
tick_us,1269.3,4688
frame_ms,2.912,
frame_ms,0.2719,
frame_ms,0.2293,
frame_ms,0.2351,
frame_ms,0.2235,
frame_ms,0.2452,
frame_ms,0.6342,
frame_ms,0.4021,
frame_ms,0.3772,
frame_ms,0.3623,
frame_ms,0.2526,
frame_ms,0.2174,
frame_ms,0.2236,
frame_ms,0.221,
frame_ms,0.3328,
tick_us,1239,4684
frame_ms,2.7202,
frame_ms,0.3225,
frame_ms,0.2508,
frame_ms,0.2291,
frame_ms,0.2379,
frame_ms,0.2282,
frame_ms,0.2182,
frame_ms,0.2143,
frame_ms,0.2514,
frame_ms,0.2983,
frame_ms,0.2388,
frame_ms,0.2517,
frame_ms,0.2317,
frame_ms,0.2248,
frame_ms,0.2541,
frame_ms,0.2288,
frame_ms,0.2159,
frame_ms,0.293,
tick_us,1222.7,4646
frame_ms,2.6712,
frame_ms,0.3445,
frame_ms,0.2369,
frame_ms,0.2458,
frame_ms,0.2381,
frame_ms,0.2358,
frame_ms,0.2222,
frame_ms,0.2323,
frame_ms,0.225,
frame_ms,0.2165,
frame_ms,0.2743,
frame_ms,0.2344,
frame_ms,0.2156,
frame_ms,0.2113,
frame_ms,0.2519,
frame_ms,0.3566,
frame_ms,0.3151,
frame_ms,0.3304,
tick_us,1269.7,4634
frame_ms,3,
frame_ms,0.3827,
frame_ms,0.3164,
frame_ms,0.2873,
frame_ms,0.2319,
frame_ms,0.2395,
frame_ms,0.2346,
frame_ms,0.2498,
frame_ms,0.2229,
frame_ms,0.2297,
frame_ms,0.2238,
frame_ms,0.2189,
frame_ms,0.2478,
frame_ms,0.2707,
frame_ms,0.2416,
frame_ms,0.2294,
tick_us,1235.6,4624
frame_ms,2.683,
frame_ms,0.2873,
frame_ms,0.2333,
frame_ms,0.2273,
frame_ms,0.2265,
frame_ms,0.2167,
frame_ms,0.2142,
frame_ms,0.2625,
frame_ms,0.2302,
frame_ms,0.2221,
frame_ms,0.2258,
frame_ms,0.2476,
frame_ms,0.2432,
frame_ms,0.2321,
frame_ms,0.2355,
frame_ms,0.2807,
frame_ms,0.2443,
frame_ms,0.2194,
frame_ms,0.2219,
tick_us,1215.6,4528
frame_ms,2.6401,
frame_ms,0.2604,
frame_ms,0.3098,
frame_ms,0.3171,
frame_ms,0.286,
frame_ms,0.2391,
frame_ms,0.2253,
frame_ms,0.2269,
frame_ms,0.2213,
frame_ms,0.222,
frame_ms,0.2186,
frame_ms,0.2456,
frame_ms,0.2577,
frame_ms,0.2308,
frame_ms,0.2203,
frame_ms,0.232,
frame_ms,0.235,
frame_ms,0.2516,
tick_us,1330.4,4510
frame_ms,2.8074,
frame_ms,0.2624,
frame_ms,0.2249,
frame_ms,0.2348,
frame_ms,0.2295,
frame_ms,0.2347,
frame_ms,0.2266,
frame_ms,0.22,
frame_ms,0.2208,
frame_ms,0.2866,
frame_ms,0.3106,
frame_ms,0.2967,
frame_ms,0.2602,
frame_ms,0.2469,
frame_ms,0.2389,
frame_ms,0.2388,
frame_ms,0.243,
frame_ms,0.2613,
tick_us,1208.4,4496
frame_ms,2.6682,
frame_ms,0.2794,
frame_ms,0.227,
frame_ms,0.2292,
frame_ms,0.224,
frame_ms,0.2188,
frame_ms,0.2616,
frame_ms,0.4032,
frame_ms,0.2787,
frame_ms,0.2621,
frame_ms,0.3106,
frame_ms,0.3452,
frame_ms,0.2408,
frame_ms,0.2431,
frame_ms,0.2588,
frame_ms,0.2294,
frame_ms,0.224,
tick_us,1220.8,4496
frame_ms,2.7205,
frame_ms,0.2755,
frame_ms,0.2469,
frame_ms,0.2351,
frame_ms,0.2251,
frame_ms,0.2253,
frame_ms,0.2225,
frame_ms,0.2522,
frame_ms,0.2778,
frame_ms,0.2385,
frame_ms,0.2358,
frame_ms,0.2309,
frame_ms,0.2264,
frame_ms,0.2278,
frame_ms,0.2169,
frame_ms,0.2815,
frame_ms,0.2641,
frame_ms,0.2475,
tick_us,1263.2,4470
frame_ms,2.7252,
frame_ms,0.2571,
frame_ms,0.2262,
frame_ms,0.2365,
frame_ms,0.2388,
frame_ms,0.2339,
frame_ms,0.2427,
frame_ms,0.4249,
frame_ms,0.2746,
frame_ms,0.2302,
frame_ms,0.2231,
frame_ms,0.2208,
frame_ms,0.2183,
frame_ms,0.2117,
frame_ms,0.211,
frame_ms,0.5022,
frame_ms,0.2871,
tick_us,1204.1,4498
frame_ms,2.6567,
frame_ms,0.2826,
frame_ms,0.2306,
frame_ms,0.2337,
frame_ms,0.2371,
frame_ms,0.2244,
frame_ms,0.2171,
frame_ms,0.2658,
frame_ms,0.2313,
frame_ms,0.2148,
frame_ms,0.2887,
frame_ms,0.2453,
frame_ms,0.2369,
frame_ms,0.2549,
frame_ms,0.2237,
frame_ms,0.2231,
frame_ms,0.248,
frame_ms,0.2262,
frame_ms,0.2602,
tick_us,1224.3,4518
frame_ms,2.6669,
frame_ms,0.2511,
frame_ms,0.2318,
frame_ms,0.2249,
frame_ms,0.2286,
frame_ms,0.2585,
frame_ms,0.2249,
frame_ms,0.2132,
frame_ms,0.255,
frame_ms,0.2315,
frame_ms,0.2172,
frame_ms,0.2407,
frame_ms,0.2134,
frame_ms,0.2216,
frame_ms,0.2281,
frame_ms,0.2606,
frame_ms,0.2419,
frame_ms,0.2241,
frame_ms,0.223,
tick_us,1244.7,4550
frame_ms,2.842,
frame_ms,0.2875,
frame_ms,0.2369,
frame_ms,0.2676,
frame_ms,0.2325,
frame_ms,0.2509,
frame_ms,0.3038,
frame_ms,0.2381,
frame_ms,0.2326,
frame_ms,0.2603,
frame_ms,0.2287,
frame_ms,0.2148,
frame_ms,0.2435,
frame_ms,0.2308,
frame_ms,0.2169,
frame_ms,0.2492,
frame_ms,0.2761,
frame_ms,0.2296,
tick_us,1201.7,4562
frame_ms,2.6364,
frame_ms,0.2752,
frame_ms,0.2256,
frame_ms,0.2378,
frame_ms,0.2263,
frame_ms,0.2242,
frame_ms,0.2187,
frame_ms,0.2603,
frame_ms,0.2302,
frame_ms,0.2155,
frame_ms,0.3051,
frame_ms,0.2787,
frame_ms,0.2398,
frame_ms,0.2303,
frame_ms,0.2224,
frame_ms,0.2315,
frame_ms,0.2418,
frame_ms,0.2265,
frame_ms,0.2461,
tick_us,1221.6,4586
frame_ms,2.6589,
frame_ms,0.3015,
frame_ms,0.2548,
frame_ms,0.2417,
frame_ms,0.2341,
frame_ms,0.2365,
frame_ms,0.2285,
frame_ms,0.2208,
frame_ms,0.221,
frame_ms,0.2304,
frame_ms,0.228,
frame_ms,0.216,
frame_ms,0.2132,
frame_ms,0.2142,
frame_ms,0.2822,
frame_ms,0.3398,
frame_ms,0.2506,
frame_ms,0.2436,
frame_ms,0.259,
tick_us,1215,4570
frame_ms,2.6599,
frame_ms,0.252,
frame_ms,0.2234,
frame_ms,0.2306,
frame_ms,0.2172,
frame_ms,0.4959,
frame_ms,0.3014,
frame_ms,0.2664,
frame_ms,0.2403,
frame_ms,0.2451,
frame_ms,0.2419,
frame_ms,0.2388,
frame_ms,0.3026,
frame_ms,0.309,
frame_ms,0.2304,
frame_ms,0.2247,
frame_ms,0.2225,
tick_us,1246.4,4570
frame_ms,2.6765,
frame_ms,0.2542,
frame_ms,0.2296,
frame_ms,0.2239,
frame_ms,0.2414,
frame_ms,0.2245,
frame_ms,0.2204,
frame_ms,0.2713,
frame_ms,0.232,
frame_ms,0.2375,
frame_ms,0.2397,
frame_ms,0.3117,
frame_ms,0.2885,
frame_ms,0.2373,
frame_ms,0.2493,
frame_ms,0.2189,
frame_ms,0.2147,
frame_ms,0.2399,
tick_us,1219.7,4556
frame_ms,2.6878,
frame_ms,0.2633,
frame_ms,0.2385,
frame_ms,0.2279,
frame_ms,0.2151,
frame_ms,0.2532,
frame_ms,0.2345,
frame_ms,0.2165,
frame_ms,0.2118,
frame_ms,0.2431,
frame_ms,0.2212,
frame_ms,0.2156,
frame_ms,0.2723,
frame_ms,0.2289,
frame_ms,0.2198,
frame_ms,0.2424,
frame_ms,0.2403,
frame_ms,0.2236,
frame_ms,0.2422,
tick_us,1226,4548
frame_ms,2.6508,
frame_ms,0.2352,
frame_ms,0.2237,
frame_ms,0.2188,
frame_ms,0.2285,
frame_ms,0.2142,
frame_ms,0.2379,
frame_ms,0.2613,
frame_ms,0.2316,
frame_ms,0.2147,
frame_ms,0.2541,
frame_ms,0.2181,
frame_ms,0.2101,
frame_ms,0.2683,
frame_ms,0.4271,
frame_ms,0.4538,
frame_ms,0.392,
tick_us,1303.2,4590
frame_ms,3.0151,
frame_ms,0.422,
frame_ms,0.3963,
frame_ms,0.2882,
frame_ms,0.2492,
frame_ms,0.2311,
frame_ms,0.225,
frame_ms,0.3068,
frame_ms,0.2878,
frame_ms,0.2635,
frame_ms,0.2346,
frame_ms,0.2293,
frame_ms,0.2158,
frame_ms,0.2113,
frame_ms,0.267,
frame_ms,0.2233,
tick_us,1229.1,4522
frame_ms,2.6694,
frame_ms,0.3149,
frame_ms,0.2468,
frame_ms,0.245,
frame_ms,0.2361,
frame_ms,0.2417,
frame_ms,0.2182,
frame_ms,0.2112,
frame_ms,0.2421,
frame_ms,0.2252,
frame_ms,0.2198,
frame_ms,0.2107,
frame_ms,0.2704,
frame_ms,0.226,
frame_ms,0.2115,
frame_ms,0.2417,
frame_ms,0.2856,
frame_ms,0.2904,
tick_us,1340.1,4532
frame_ms,2.8417,
frame_ms,0.2823,
frame_ms,0.224,
frame_ms,0.237,
frame_ms,0.2378,
frame_ms,0.2372,
frame_ms,0.3046,
frame_ms,0.2243,
frame_ms,0.2213,
frame_ms,0.2624,
frame_ms,0.2199,
frame_ms,0.3161,
frame_ms,0.2815,
frame_ms,0.2421,
frame_ms,0.2311,
frame_ms,0.2269,
frame_ms,0.2294,
frame_ms,0.2213,
tick_us,1229.4,4572
frame_ms,2.6709,
frame_ms,0.265,
frame_ms,0.2272,
frame_ms,0.2281,
frame_ms,0.2226,
frame_ms,0.222,
frame_ms,0.2592,
frame_ms,0.2639,
frame_ms,0.2307,
frame_ms,0.2212,
frame_ms,0.2297,
frame_ms,0.2295,
frame_ms,0.2483,
frame_ms,0.2247,
frame_ms,0.2412,
frame_ms,0.2327,
frame_ms,0.2322,
frame_ms,0.211,
frame_ms,0.2701,
tick_us,1207.7,4520
frame_ms,2.6934,
frame_ms,0.394,
frame_ms,0.3033,
frame_ms,0.2402,
frame_ms,0.2233,
frame_ms,0.2264,
frame_ms,0.2231,
frame_ms,0.2615,
frame_ms,0.242,
frame_ms,0.2185,
frame_ms,0.2303,
frame_ms,0.2698,
frame_ms,0.2626,
frame_ms,0.2369,
frame_ms,0.2516,
frame_ms,0.2325,
tick_us,1203.4,4532
frame_ms,3.0885,
frame_ms,0.2649,
frame_ms,0.2275,
frame_ms,0.2212,
frame_ms,0.2382,
frame_ms,0.2411,
frame_ms,0.2787,
frame_ms,0.2391,
frame_ms,0.2307,
frame_ms,0.2303,
frame_ms,0.2155,
frame_ms,0.2781,
frame_ms,0.2773,
frame_ms,0.2349,
frame_ms,0.2238,
frame_ms,0.2225,
frame_ms,0.2164,
frame_ms,0.2666,
frame_ms,0.2377,
tick_us,1222.8,4584
frame_ms,2.6712,
frame_ms,0.2649,
frame_ms,0.2539,
frame_ms,0.2238,
frame_ms,0.2328,
frame_ms,0.2189,
frame_ms,0.2448,
frame_ms,0.2249,
frame_ms,0.2153,
frame_ms,0.309,
frame_ms,0.2877,
frame_ms,0.307,
frame_ms,0.2254,
frame_ms,0.2261,
frame_ms,0.2668,
frame_ms,0.22,
frame_ms,0.2629,
frame_ms,0.2599,
tick_us,1218.2,4648
frame_ms,2.6541,
frame_ms,0.2639,
frame_ms,0.2334,
frame_ms,0.2339,
frame_ms,0.2498,
frame_ms,0.2254,
frame_ms,0.2224,
frame_ms,0.2148,
frame_ms,0.214,
frame_ms,0.2699,
frame_ms,0.2349,
frame_ms,0.217,
frame_ms,0.2117,
frame_ms,0.2438,
frame_ms,0.2228,
frame_ms,0.2154,
frame_ms,0.2693,
frame_ms,0.2903,
frame_ms,0.2881,
tick_us,1212.9,4608
frame_ms,2.645,
frame_ms,0.2552,
frame_ms,0.2314,
frame_ms,0.2364,
frame_ms,0.2308,
frame_ms,0.2298,
frame_ms,0.3195,
frame_ms,0.2638,
frame_ms,0.2354,
frame_ms,0.2629,
frame_ms,0.2347,
frame_ms,0.2189,
frame_ms,0.2704,
frame_ms,0.2667,
frame_ms,0.277,
frame_ms,0.2636,
frame_ms,0.2412,
frame_ms,0.2253,
tick_us,1240.3,4616
frame_ms,2.6745,
frame_ms,0.2725,
frame_ms,0.2247,
frame_ms,0.2236,
frame_ms,0.2242,
frame_ms,0.22,
frame_ms,0.2155,
frame_ms,0.2663,
frame_ms,0.2705,
frame_ms,0.2391,
frame_ms,0.2314,
frame_ms,0.223,
frame_ms,0.645,
frame_ms,0.3488,
frame_ms,0.4397,
tick_us,1287.8,4606
frame_ms,2.8952,
frame_ms,0.29,
frame_ms,0.2633,
frame_ms,0.2595,
frame_ms,0.2274,
frame_ms,0.2258,
frame_ms,0.2238,
frame_ms,0.2179,
frame_ms,0.2305,
frame_ms,0.2354,
frame_ms,0.2217,
frame_ms,0.2134,
frame_ms,0.2396,
frame_ms,0.2305,
frame_ms,0.2126,
frame_ms,0.2256,
frame_ms,0.2895,
frame_ms,0.2686,
frame_ms,0.2386,
tick_us,1598,4622
frame_ms,3.1448,
frame_ms,0.327,
frame_ms,0.3711,
frame_ms,0.3932,
frame_ms,0.3626,
frame_ms,0.2918,
frame_ms,0.2193,
frame_ms,0.2262,
frame_ms,0.2239,
frame_ms,0.2238,
frame_ms,0.2231,
frame_ms,0.2604,
frame_ms,0.2236,
frame_ms,0.2204,
frame_ms,0.2131,
tick_us,1203.3,4616
frame_ms,2.6308,
frame_ms,0.2777,
frame_ms,0.2361,
frame_ms,0.2279,
frame_ms,0.225,
frame_ms,0.2166,
frame_ms,0.2219,
frame_ms,0.2155,
frame_ms,0.2916,
frame_ms,0.2963,
frame_ms,0.2595,
frame_ms,0.2707,
frame_ms,0.2647,
frame_ms,0.2452,
frame_ms,0.2547,
frame_ms,0.2878,
frame_ms,0.5757,
tick_us,1206,4594
frame_ms,2.706,
frame_ms,0.3084,
frame_ms,0.3378,
frame_ms,0.3096,
frame_ms,0.2578,
frame_ms,0.2389,
frame_ms,0.2414,
frame_ms,0.2867,
frame_ms,0.3092,
frame_ms,0.2354,
frame_ms,0.2167,
frame_ms,0.2243,
frame_ms,0.2145,
frame_ms,0.2185,
frame_ms,0.2533,
frame_ms,0.2459,
frame_ms,0.2204,
tick_us,1237.2,4616
frame_ms,2.6885,
frame_ms,0.2496,
frame_ms,0.2288,
frame_ms,0.236,
frame_ms,0.2194,
frame_ms,0.2185,
frame_ms,0.4478,
frame_ms,0.2582,
frame_ms,0.2227,
frame_ms,0.2179,
frame_ms,0.2199,
frame_ms,0.2196,
frame_ms,0.2435,
frame_ms,0.2244,
frame_ms,0.2142,
frame_ms,0.256,
frame_ms,0.2278,
frame_ms,0.2181,
frame_ms,0.245,
tick_us,1184.5,4624
frame_ms,2.6163,
frame_ms,0.2496,
frame_ms,0.2194,
frame_ms,0.225,
frame_ms,0.2234,
frame_ms,0.2633,
frame_ms,0.2319,
frame_ms,0.2188,
frame_ms,0.2475,
frame_ms,0.2779,
frame_ms,0.2458,
frame_ms,0.3643,
frame_ms,0.4254,
frame_ms,0.3502,
frame_ms,0.2722,
frame_ms,0.2521,
frame_ms,0.231,
tick_us,1212.6,4600
frame_ms,2.7907,
frame_ms,0.3358,
frame_ms,0.2864,
frame_ms,0.2425,
frame_ms,0.2943,
frame_ms,0.3101,
frame_ms,0.2661,
frame_ms,0.2285,
frame_ms,0.2239,
frame_ms,0.2278,
frame_ms,0.2285,
frame_ms,0.2244,
frame_ms,0.2217,
frame_ms,0.2736,
frame_ms,0.2759,
frame_ms,0.2437,
frame_ms,0.2742,
tick_us,1222.1,4512
frame_ms,2.6493,
frame_ms,0.3238,
frame_ms,0.2376,
frame_ms,0.2431,
frame_ms,0.2708,
frame_ms,0.3189,
frame_ms,0.2362,
frame_ms,0.2385,
frame_ms,0.2395,
frame_ms,0.222,
frame_ms,0.2536,
frame_ms,0.2276,
frame_ms,0.2134,
frame_ms,0.242,
frame_ms,0.2333,
frame_ms,0.2128,
frame_ms,0.244,
frame_ms,0.3798,
tick_us,1248.6,4512
frame_ms,2.7557,
frame_ms,0.2685,
frame_ms,0.2322,
frame_ms,0.2266,
frame_ms,0.2252,
frame_ms,0.2259,
frame_ms,0.2475,
frame_ms,0.2689,
frame_ms,0.2304,
frame_ms,0.2215,
frame_ms,0.2177,
frame_ms,0.2685,
frame_ms,0.2263,
frame_ms,0.2307,
frame_ms,0.2621,
frame_ms,0.2169,
frame_ms,0.267,
frame_ms,0.2313,
tick_us,1232.2,4550
frame_ms,2.6593,
frame_ms,0.2499,
frame_ms,0.2326,
frame_ms,0.2257,
frame_ms,0.2592,
frame_ms,0.2289,
frame_ms,0.2214,
frame_ms,0.249,
frame_ms,0.2723,
frame_ms,0.2389,
frame_ms,0.2321,
frame_ms,0.2308,
frame_ms,0.2268,
frame_ms,0.2149,
frame_ms,0.2123,
frame_ms,0.2451,
frame_ms,0.2183,
frame_ms,0.3277,
frame_ms,0.2706,
tick_us,1225.7,4588
frame_ms,2.7022,
frame_ms,0.2508,
frame_ms,0.2217,
frame_ms,0.232,
frame_ms,0.23,
frame_ms,0.2343,
frame_ms,0.346,
frame_ms,0.2749,
frame_ms,0.2353,
frame_ms,0.2277,
frame_ms,0.2593,
frame_ms,0.2241,
frame_ms,0.2507,
frame_ms,0.2269,
frame_ms,0.2179,
frame_ms,0.2643,
frame_ms,0.2323,
frame_ms,0.2196,
tick_us,1181,4578
frame_ms,2.6268,
frame_ms,0.287,
frame_ms,0.2294,
frame_ms,0.2229,
frame_ms,0.2254,
frame_ms,0.2327,
frame_ms,0.2195,
frame_ms,0.2662,
frame_ms,0.2702,
frame_ms,0.2457,
frame_ms,0.2303,
frame_ms,0.227,
frame_ms,0.2373,
frame_ms,0.2354,
frame_ms,0.2601,
frame_ms,0.2332,
frame_ms,0.2524,
frame_ms,0.2136,
frame_ms,0.2599,
tick_us,1220.8,4602
frame_ms,2.6644,
frame_ms,0.2959,
frame_ms,0.3043,
frame_ms,0.253,
frame_ms,0.2193,
frame_ms,0.2258,
frame_ms,0.2628,
frame_ms,0.2409,
frame_ms,0.2938,
frame_ms,0.316,
frame_ms,0.217,
frame_ms,0.2246,
frame_ms,0.225,
frame_ms,0.2136,
frame_ms,0.2234,
frame_ms,0.2334,
frame_ms,0.3659,
frame_ms,0.2496,
tick_us,1239.1,4566
frame_ms,2.6601,
frame_ms,0.2459,
frame_ms,0.2197,
frame_ms,0.2186,
frame_ms,0.2905,
frame_ms,0.2866,
frame_ms,0.2592,
frame_ms,0.2461,
frame_ms,0.2475,
frame_ms,0.2577,
frame_ms,0.2462,
frame_ms,0.2968,
frame_ms,0.2491,
frame_ms,0.2201,
frame_ms,0.218,
frame_ms,0.2166,
frame_ms,0.2284,
frame_ms,0.2203,
tick_us,1198.5,4536
frame_ms,2.6333,
frame_ms,0.2608,
frame_ms,0.2225,
frame_ms,0.2219,
frame_ms,0.2154,
frame_ms,0.422,
frame_ms,0.3693,
frame_ms,0.3915,
frame_ms,0.379,
frame_ms,0.4036,
frame_ms,0.3439,
frame_ms,0.2691,
frame_ms,0.2961,
frame_ms,0.2413,
frame_ms,0.2305,
frame_ms,0.2274,
tick_us,1195.2,4510
frame_ms,2.6453,
frame_ms,0.271,
frame_ms,0.2353,
frame_ms,0.2299,
frame_ms,0.2207,
frame_ms,0.3359,
frame_ms,0.2352,
frame_ms,0.2187,
frame_ms,0.2194,
frame_ms,0.2505,
frame_ms,0.2716,
frame_ms,0.2304,
frame_ms,0.2214,
frame_ms,0.2167,
frame_ms,0.2247,
frame_ms,0.2397,
frame_ms,0.3395,
frame_ms,0.2464,
tick_us,1206.7,4498
frame_ms,2.7442,
frame_ms,0.2635,
frame_ms,0.2188,
frame_ms,0.2416,
frame_ms,0.2604,
frame_ms,0.2293,
frame_ms,0.2323,
frame_ms,0.2464,
frame_ms,0.3022,
frame_ms,0.2591,
frame_ms,0.2615,
frame_ms,0.2337,
frame_ms,0.2269,
frame_ms,0.2746,
frame_ms,0.2926,
frame_ms,0.2439,
frame_ms,0.2339,
frame_ms,0.2264,
tick_us,1224.4,4454
frame_ms,2.6666,
frame_ms,0.3149,
frame_ms,0.2383,
frame_ms,0.2324,
frame_ms,0.2268,
frame_ms,0.2222,
frame_ms,0.268,
frame_ms,0.2339,
frame_ms,0.219,
frame_ms,0.2652,
frame_ms,0.2241,
frame_ms,0.2583,
frame_ms,0.2666,
frame_ms,0.2325,
frame_ms,0.22,
frame_ms,0.2125,
frame_ms,0.257,
frame_ms,0.2258,
frame_ms,0.2156,
tick_us,1226.5,4476
frame_ms,2.6911,
frame_ms,0.3097,
frame_ms,0.3016,
frame_ms,0.2769,
frame_ms,0.2292,
frame_ms,0.2305,
frame_ms,0.2242,
frame_ms,0.2206,
frame_ms,0.2161,
frame_ms,0.2149,
frame_ms,0.267,
frame_ms,0.2298,
frame_ms,0.2197,
frame_ms,0.2457,
frame_ms,0.2508,
frame_ms,0.3834,
frame_ms,0.4077,
tick_us,1283.6,4470
frame_ms,2.7969,
frame_ms,0.2855,
frame_ms,0.2397,
frame_ms,0.2365,
frame_ms,0.2888,
frame_ms,0.2744,
frame_ms,0.2529,
frame_ms,0.2424,
frame_ms,0.2376,
frame_ms,0.2267,
frame_ms,0.2561,
frame_ms,0.2274,
frame_ms,0.2299,
frame_ms,0.2164,
frame_ms,0.2418,
frame_ms,0.2235,
frame_ms,0.214,
frame_ms,0.2573,
tick_us,1308,4478
frame_ms,2.8955,
frame_ms,0.3958,
frame_ms,0.2811,
frame_ms,0.23,
frame_ms,0.2626,
frame_ms,0.2323,
frame_ms,0.2396,
frame_ms,0.3098,
frame_ms,0.2822,
frame_ms,0.3427,
frame_ms,0.3207,
frame_ms,0.2676,
frame_ms,0.2225,
frame_ms,0.226,
frame_ms,0.239,
frame_ms,0.2236,
tick_us,1257.9,4450
frame_ms,2.8031,
frame_ms,0.4334,
frame_ms,0.3775,
frame_ms,0.5151,
frame_ms,0.2813,
frame_ms,0.233,
frame_ms,0.2232,
frame_ms,0.2411,
frame_ms,0.2205,
frame_ms,0.2173,
frame_ms,0.215,
frame_ms,0.2705,
frame_ms,0.2633,
frame_ms,0.236,
frame_ms,0.2321,
tick_us,1234.4,4486
frame_ms,2.6734,
frame_ms,0.2557,
frame_ms,0.2201,
frame_ms,0.2285,
frame_ms,0.2281,
frame_ms,0.2191,
frame_ms,0.2416,
frame_ms,0.2724,
frame_ms,0.2293,
frame_ms,0.2235,
frame_ms,0.2173,
frame_ms,0.2143,
frame_ms,0.4108,
frame_ms,0.2921,
frame_ms,0.2313,
frame_ms,0.2164,
frame_ms,0.2553,
frame_ms,0.216,
frame_ms,0.2178,
tick_us,1234.3,4506
frame_ms,2.6784,
frame_ms,0.273,
frame_ms,0.2212,
frame_ms,0.2249,
frame_ms,0.2154,
frame_ms,0.2146,
frame_ms,0.2385,
frame_ms,0.2264,
frame_ms,0.212,
frame_ms,0.3439,
frame_ms,0.3753,
frame_ms,0.3576,
frame_ms,0.2929,
frame_ms,0.2568,
frame_ms,0.2443,
frame_ms,0.2965,
frame_ms,0.2391,
tick_us,1232.9,4536
frame_ms,2.7475,
frame_ms,0.2891,
frame_ms,0.2462,
frame_ms,0.2321,
frame_ms,0.2557,
frame_ms,0.2377,
frame_ms,0.2358,
frame_ms,0.2184,
frame_ms,0.2124,
frame_ms,0.2138,
frame_ms,0.2173,
frame_ms,0.2922,
frame_ms,0.2318,
frame_ms,0.2143,
frame_ms,0.2419,
frame_ms,0.2407,
frame_ms,0.2254,
frame_ms,0.2134,
frame_ms,0.2608,
tick_us,1230.6,4516
frame_ms,2.7481,
frame_ms,0.2735,
frame_ms,0.2292,
frame_ms,0.2373,
frame_ms,0.2466,
frame_ms,0.3135,
frame_ms,0.2266,
frame_ms,0.2312,
frame_ms,0.2412,
frame_ms,0.2217,
frame_ms,0.2457,
frame_ms,0.2286,
frame_ms,0.2223,
frame_ms,0.5043,
frame_ms,0.368,
frame_ms,0.3279,
tick_us,1278.2,4490
frame_ms,2.7955,
frame_ms,0.3782,
frame_ms,0.2724,
frame_ms,0.2274,
frame_ms,0.2276,
frame_ms,0.2308,
frame_ms,0.2238,
frame_ms,0.22,
frame_ms,0.2584,
frame_ms,0.2453,
frame_ms,0.2372,
frame_ms,0.2299,
frame_ms,0.227,
frame_ms,0.2804,
frame_ms,0.24,
frame_ms,0.2273,
frame_ms,0.2757,
frame_ms,0.2327,
tick_us,1225.1,4502
frame_ms,2.6698,
frame_ms,0.2772,
frame_ms,0.2313,
frame_ms,0.2375,
frame_ms,0.5627,
frame_ms,0.2402,
frame_ms,0.2294,
frame_ms,0.2287,
frame_ms,0.228,
frame_ms,0.2194,
frame_ms,0.2193,
frame_ms,0.2338,
frame_ms,0.2646,
frame_ms,0.2315,
frame_ms,0.2234,
frame_ms,0.2368,
frame_ms,0.3142,
tick_us,1276.5,4470
frame_ms,2.7529,
frame_ms,0.2845,
frame_ms,0.2269,
frame_ms,0.3151,
frame_ms,0.2935,
frame_ms,0.3571,
frame_ms,0.2805,
frame_ms,0.2658,
frame_ms,0.2348,
frame_ms,0.2293,
frame_ms,0.2481,
frame_ms,0.2284,
frame_ms,0.2271,
frame_ms,0.2298,
frame_ms,0.2242,
frame_ms,0.2219,
frame_ms,0.22,
tick_us,1283.1,4496
frame_ms,2.9249,
frame_ms,0.4226,
frame_ms,0.3046,
frame_ms,0.2521,
frame_ms,0.2823,
frame_ms,0.2388,
frame_ms,0.2272,
frame_ms,0.2254,
frame_ms,0.2289,
frame_ms,0.2579,
frame_ms,0.2455,
frame_ms,0.2394,
frame_ms,0.2707,
frame_ms,0.2757,
frame_ms,0.2509,
frame_ms,0.2264,
frame_ms,0.2199,
tick_us,1338.6,4502
frame_ms,2.9594,
frame_ms,0.5626,
frame_ms,0.3707,
frame_ms,0.2566,
frame_ms,0.2346,
frame_ms,0.234,
frame_ms,0.2385,
frame_ms,0.229,
frame_ms,0.2347,
frame_ms,0.5646,
frame_ms,0.5089,
frame_ms,0.3531,
tick_us,1322.5,4498
frame_ms,2.9121,
frame_ms,0.3657,
frame_ms,0.2718,
frame_ms,0.2353,
frame_ms,0.2451,
frame_ms,0.2504,
frame_ms,0.2438,
frame_ms,0.2563,
frame_ms,0.2518,
frame_ms,0.2372,
frame_ms,0.2347,
frame_ms,0.578,
frame_ms,0.2982,
frame_ms,0.2489,
frame_ms,0.226,
frame_ms,0.2255,
tick_us,1254.1,4502
frame_ms,2.7466,
frame_ms,0.3547,
frame_ms,0.2693,
frame_ms,0.2923,
frame_ms,0.2288,
frame_ms,0.2306,
frame_ms,0.2291,
frame_ms,0.2498,
frame_ms,0.2561,
frame_ms,0.2685,
frame_ms,0.2499,
frame_ms,0.2393,
frame_ms,0.2365,
frame_ms,0.2451,
frame_ms,0.2333,
frame_ms,0.232,
frame_ms,0.2368,
frame_ms,0.2284,
tick_us,1238.5,4492
frame_ms,2.7529,
frame_ms,0.3304,
frame_ms,0.2661,
frame_ms,0.2551,
frame_ms,0.254,
frame_ms,0.237,
frame_ms,0.2265,
frame_ms,0.2193,
frame_ms,0.2242,
frame_ms,0.255,
frame_ms,0.242,
frame_ms,0.2231,
frame_ms,0.2222,
frame_ms,0.2628,
frame_ms,0.3341,
frame_ms,0.2948,
frame_ms,0.264,
tick_us,1307.7,4490
frame_ms,2.9529,
frame_ms,0.3614,
frame_ms,0.2897,
frame_ms,0.3291,
frame_ms,0.5651,
frame_ms,0.3332,
frame_ms,0.3323,
frame_ms,0.265,
frame_ms,0.3623,
frame_ms,0.3143,
frame_ms,0.271,
frame_ms,0.2447,
frame_ms,0.2388,
tick_us,1266.5,4482
frame_ms,2.8349,
frame_ms,0.4144,
frame_ms,0.3031,
frame_ms,0.3199,
frame_ms,0.2663,
frame_ms,0.2309,
frame_ms,0.2288,
frame_ms,0.2325,
frame_ms,0.233,
frame_ms,0.2305,
frame_ms,0.3678,
frame_ms,0.3038,
frame_ms,0.5491,
frame_ms,0.2812,
frame_ms,0.2434,
tick_us,1268.4,4446
frame_ms,2.9915,
frame_ms,0.4172,
frame_ms,0.3255,
frame_ms,0.2864,
frame_ms,0.2248,
frame_ms,0.2286,
frame_ms,0.2426,
frame_ms,0.2602,
frame_ms,0.2365,
frame_ms,0.2358,
frame_ms,0.2277,
frame_ms,0.2197,
frame_ms,0.2345,
frame_ms,0.2904,
frame_ms,0.3045,
frame_ms,0.2784,
tick_us,1335.9,4450
frame_ms,3.0913,
frame_ms,0.5101,
frame_ms,0.3625,
frame_ms,0.2665,
frame_ms,0.2505,
frame_ms,0.2634,
frame_ms,0.3192,
frame_ms,0.2777,
frame_ms,0.2907,
frame_ms,0.2256,
frame_ms,0.2222,
frame_ms,0.2301,
frame_ms,0.2239,
frame_ms,0.2482,
frame_ms,0.2244,
tick_us,1260.7,4474
frame_ms,2.7801,
frame_ms,0.3212,
frame_ms,0.2498,
frame_ms,0.2437,
frame_ms,0.2366,
frame_ms,0.2348,
frame_ms,0.2309,
frame_ms,0.2225,
frame_ms,0.2823,
frame_ms,0.2257,
frame_ms,0.226,
frame_ms,0.2942,
frame_ms,0.3143,
frame_ms,0.2446,
frame_ms,0.2319,
frame_ms,0.2585,
frame_ms,0.2162,
tick_us,1241.4,4430
frame_ms,2.7849,
frame_ms,0.3583,
frame_ms,0.5752,
frame_ms,0.3835,
frame_ms,0.4038,
frame_ms,0.252,
frame_ms,0.2236,
frame_ms,0.2404,
frame_ms,0.2273,
frame_ms,0.2261,
frame_ms,0.2601,
frame_ms,0.3725,
frame_ms,0.3719,
frame_ms,0.3171,
tick_us,1304.7,4436
frame_ms,2.9444,
frame_ms,0.3574,
frame_ms,0.2942,
frame_ms,0.2539,
frame_ms,0.9884,
frame_ms,0.2944,
frame_ms,0.2579,
frame_ms,0.2693,
frame_ms,0.2319,
frame_ms,0.2364,
frame_ms,0.2223,
frame_ms,0.2452,
frame_ms,0.2236,
tick_us,1222.7,4448
frame_ms,2.7117,
frame_ms,0.4384,
frame_ms,0.3279,
frame_ms,0.282,
frame_ms,0.244,
frame_ms,0.2368,
frame_ms,0.2315,
frame_ms,0.2316,
frame_ms,0.2944,
frame_ms,0.2836,
frame_ms,0.2687,
frame_ms,0.2297,
frame_ms,0.2462,
frame_ms,0.2324,
frame_ms,0.2301,
frame_ms,0.2669,
frame_ms,0.227,
tick_us,1219.6,4424
frame_ms,2.7261,
frame_ms,0.4042,
frame_ms,0.3369,
frame_ms,0.2541,
frame_ms,0.2415,
frame_ms,0.2462,
frame_ms,0.2366,
frame_ms,0.2329,
frame_ms,0.2261,
frame_ms,0.2233,
frame_ms,0.2487,
frame_ms,0.2594,
frame_ms,0.3017,
frame_ms,0.2928,
frame_ms,0.2727,
frame_ms,0.264,
tick_us,1360.9,4428
frame_ms,3.1504,
frame_ms,0.4253,
frame_ms,0.4431,
frame_ms,0.3765,
frame_ms,0.5354,
frame_ms,0.4774,
frame_ms,0.3463,
frame_ms,0.2559,
frame_ms,0.223,
frame_ms,0.229,
frame_ms,0.2251,
frame_ms,0.2245,
frame_ms,0.2293,
tick_us,1230.5,4422
frame_ms,2.7355,
frame_ms,0.3665,
frame_ms,0.293,
frame_ms,0.2375,
frame_ms,0.2564,
frame_ms,0.2424,
frame_ms,0.2287,
frame_ms,0.2233,
frame_ms,0.2249,
frame_ms,0.2538,
frame_ms,0.9931,
frame_ms,0.3857,
frame_ms,0.4589,
tick_us,1343.5,4408
frame_ms,3.0334,
frame_ms,0.3667,
frame_ms,0.2783,
frame_ms,0.2483,
frame_ms,0.2397,
frame_ms,0.2296,
frame_ms,0.2316,
frame_ms,0.2245,
frame_ms,0.2735,
frame_ms,0.577,
frame_ms,0.3189,
frame_ms,0.3112,
frame_ms,0.2997,
frame_ms,0.2645,
tick_us,1276,4388
frame_ms,3.3777,
frame_ms,0.3677,
frame_ms,0.2734,
frame_ms,0.2688,
frame_ms,0.5977,
frame_ms,0.3057,
frame_ms,0.2364,
frame_ms,0.2254,
frame_ms,0.2276,
frame_ms,0.2313,
frame_ms,0.2632,
frame_ms,0.2434,
frame_ms,0.2249,
frame_ms,0.276,
tick_us,1212.3,4384
frame_ms,2.7111,
frame_ms,0.3176,
frame_ms,0.2496,
frame_ms,0.2453,
frame_ms,0.243,
frame_ms,0.2331,
frame_ms,0.2235,
frame_ms,0.3822,
frame_ms,0.466,
frame_ms,0.3145,
frame_ms,0.258,
frame_ms,0.2702,
frame_ms,0.2625,
frame_ms,0.2454,
frame_ms,0.2527,
frame_ms,0.2765,
tick_us,1336.8,4384
frame_ms,3.1607,
frame_ms,0.4993,
frame_ms,0.3477,
frame_ms,0.4791,
frame_ms,0.4258,
frame_ms,0.2762,
frame_ms,0.2339,
frame_ms,0.2322,
frame_ms,0.2348,
frame_ms,0.2287,
frame_ms,0.3057,
frame_ms,0.2941,
frame_ms,0.2692,
tick_us,1304.7,4384
frame_ms,2.8517,
frame_ms,0.2947,
frame_ms,0.3104,
frame_ms,0.4503,
frame_ms,0.7909,
frame_ms,0.4186,
frame_ms,0.3329,
frame_ms,0.2495,
frame_ms,0.2408,
frame_ms,0.2344,
frame_ms,0.2383,
frame_ms,0.2344,
frame_ms,0.24,
tick_us,1272.5,4360
frame_ms,2.8234,
frame_ms,0.4601,
frame_ms,0.3041,
frame_ms,0.2559,
frame_ms,0.2508,
frame_ms,0.2413,
frame_ms,0.2343,
frame_ms,0.2899,
frame_ms,0.3186,
frame_ms,0.2863,
frame_ms,0.327,
frame_ms,0.2716,
frame_ms,0.2609,
frame_ms,0.2848,
frame_ms,0.2951,
tick_us,1226.3,4366
frame_ms,2.8919,
frame_ms,0.4808,
frame_ms,0.3858,
frame_ms,0.3526,
frame_ms,0.3483,
frame_ms,0.3418,
frame_ms,0.3509,
frame_ms,0.3152,
frame_ms,0.2351,
frame_ms,0.2378,
frame_ms,0.2384,
frame_ms,0.2636,
frame_ms,0.2718,
frame_ms,0.2582,
tick_us,1291.4,4344
frame_ms,2.776,
frame_ms,0.2761,
frame_ms,0.2348,
frame_ms,0.2344,
frame_ms,0.2595,
frame_ms,0.2487,
frame_ms,0.2412,
frame_ms,0.4491,
frame_ms,0.3394,
frame_ms,0.2776,
frame_ms,0.231,
frame_ms,0.2581,
frame_ms,0.2725,
frame_ms,0.24,
frame_ms,0.2306,
frame_ms,0.2222,
frame_ms,0.2226,
tick_us,1330.7,4362
frame_ms,3.0152,
frame_ms,0.4614,
frame_ms,0.294,
frame_ms,0.2421,
frame_ms,0.2388,
frame_ms,0.2351,
frame_ms,0.331,
frame_ms,0.4692,
frame_ms,0.3418,
frame_ms,0.2929,
frame_ms,0.2524,
frame_ms,0.2333,
frame_ms,0.2358,
frame_ms,0.233,
tick_us,1219.8,4400
frame_ms,2.7601,
frame_ms,0.5206,
frame_ms,0.3456,
frame_ms,0.2667,
frame_ms,0.2419,
frame_ms,0.2428,
frame_ms,0.2354,
frame_ms,0.2339,
frame_ms,0.2318,
frame_ms,0.2327,
frame_ms,0.2438,
frame_ms,0.3047,
frame_ms,0.2943,
frame_ms,0.3358,
frame_ms,0.5224,
tick_us,1290.8,4370
frame_ms,2.9075,
frame_ms,0.2974,
frame_ms,0.2499,
frame_ms,0.2557,
frame_ms,0.2642,
frame_ms,0.2919,
frame_ms,0.2559,
frame_ms,0.238,
frame_ms,0.2547,
frame_ms,0.2296,
frame_ms,0.2286,
frame_ms,0.2197,
frame_ms,0.3095,
frame_ms,0.2864,
frame_ms,0.2454,
frame_ms,0.2347,
tick_us,1320.4,4406
frame_ms,2.9485,
frame_ms,0.3972,
frame_ms,0.3976,
frame_ms,0.3337,
frame_ms,0.3475,
frame_ms,0.2324,
frame_ms,0.2364,
frame_ms,0.2717,
frame_ms,0.312,
frame_ms,0.275,
frame_ms,0.2531,
frame_ms,0.2596,
frame_ms,0.2413,
frame_ms,0.2454,
frame_ms,0.2397,
tick_us,1238.3,4476
frame_ms,2.9276,
frame_ms,0.4629,
frame_ms,0.3216,
frame_ms,0.2567,
frame_ms,0.2449,
frame_ms,0.2516,
frame_ms,0.2362,
frame_ms,0.2362,
frame_ms,0.2298,
frame_ms,0.2353,
frame_ms,0.2588,
frame_ms,0.2251,
frame_ms,0.2679,
frame_ms,0.3178,
frame_ms,0.3059,
frame_ms,0.29,
tick_us,1311.5,4462
frame_ms,2.8548,
frame_ms,0.3024,
frame_ms,0.3081,
frame_ms,0.3029,
frame_ms,0.3373,
frame_ms,0.3187,
frame_ms,0.2665,
frame_ms,0.2433,
frame_ms,0.2409,
frame_ms,0.2346,
frame_ms,0.2331,
frame_ms,0.2773,
frame_ms,0.234,
frame_ms,0.2348,
frame_ms,0.2354,
frame_ms,0.2271,
tick_us,1328.2,4474
frame_ms,2.881,
frame_ms,0.4637,
frame_ms,0.316,
frame_ms,0.3054,
frame_ms,0.2815,
frame_ms,0.2657,
frame_ms,0.2566,
frame_ms,0.2611,
frame_ms,0.244,
frame_ms,0.3414,
frame_ms,0.3322,
frame_ms,0.2905,
frame_ms,0.3217,
frame_ms,0.3081,
tick_us,1224.6,4466
frame_ms,2.7394,
frame_ms,0.3824,
frame_ms,0.2934,
frame_ms,0.2598,
frame_ms,0.2617,
frame_ms,0.2594,
frame_ms,0.2652,
frame_ms,0.2265,
frame_ms,0.2242,
frame_ms,0.2238,
frame_ms,0.2305,
frame_ms,0.3089,
frame_ms,0.2478,
frame_ms,0.2382,
frame_ms,0.314,
frame_ms,0.3329,
tick_us,1369.3,4460
frame_ms,2.9847,
frame_ms,0.31,
frame_ms,0.2406,
frame_ms,0.2464,
frame_ms,0.255,
frame_ms,0.2514,
frame_ms,0.2465,
frame_ms,0.2406,
frame_ms,0.2491,
frame_ms,0.3078,
frame_ms,0.3123,
frame_ms,0.2813,
frame_ms,0.2562,
frame_ms,0.2539,
frame_ms,0.2498,
frame_ms,0.2507,
frame_ms,0.2526,
tick_us,1252.7,4432
frame_ms,2.8094,
frame_ms,0.3111,
frame_ms,0.2407,
frame_ms,0.2428,
frame_ms,0.2586,
frame_ms,0.235,
frame_ms,0.2239,
frame_ms,0.2225,
frame_ms,0.319,
frame_ms,0.2818,
frame_ms,0.4951,
frame_ms,0.269,
frame_ms,0.2378,
frame_ms,0.2265,
frame_ms,0.2212,
frame_ms,0.2478,
tick_us,1221,4444
frame_ms,2.6727,
frame_ms,0.2688,
frame_ms,0.2399,
frame_ms,0.2433,
frame_ms,0.227,
frame_ms,0.225,
frame_ms,0.3842,
frame_ms,0.2617,
frame_ms,0.2341,
frame_ms,0.2304,
frame_ms,0.2283,
frame_ms,0.2286,
frame_ms,0.2191,
frame_ms,0.2917,
frame_ms,0.2355,
frame_ms,0.2229,
frame_ms,0.2532,
frame_ms,0.2263,
tick_us,1259.1,4424
frame_ms,2.8832,
frame_ms,0.3008,
frame_ms,0.238,
frame_ms,0.2695,
frame_ms,0.2982,
frame_ms,0.308,
frame_ms,0.4515,
frame_ms,0.3741,
frame_ms,0.3614,
frame_ms,0.3562,
frame_ms,0.3552,
frame_ms,0.3496,
frame_ms,0.3363,
tick_us,1243.5,4422
frame_ms,2.8193,
frame_ms,0.2978,
frame_ms,0.2439,
frame_ms,0.2432,
frame_ms,0.2342,
frame_ms,0.2272,
frame_ms,0.2245,
frame_ms,0.2536,
frame_ms,0.2436,
frame_ms,0.263,
frame_ms,0.2864,
frame_ms,0.9371,
frame_ms,0.3685,
frame_ms,0.4484,
tick_us,1358.1,4408
frame_ms,3.1263,
frame_ms,0.4699,
frame_ms,0.4011,
frame_ms,0.3737,
frame_ms,0.2457,
frame_ms,0.2379,
frame_ms,0.231,
frame_ms,0.2384,
frame_ms,0.2209,
frame_ms,0.2305,
frame_ms,0.2665,
frame_ms,0.411,
frame_ms,0.2683,
frame_ms,0.2275,
tick_us,1243.3,4410
frame_ms,2.6838,
frame_ms,0.2636,
frame_ms,0.2295,
frame_ms,0.2224,
frame_ms,0.2363,
frame_ms,0.2341,
frame_ms,0.239,
frame_ms,0.2874,
frame_ms,0.6671,
frame_ms,0.4927,
frame_ms,0.3537,
frame_ms,0.4104,
frame_ms,0.3433,
frame_ms,0.3389,
tick_us,1398.9,4428
frame_ms,3.2921,
frame_ms,0.5509,
frame_ms,0.3324,
frame_ms,0.2805,
frame_ms,0.2396,
frame_ms,0.2408,
frame_ms,0.2435,
frame_ms,0.2681,
frame_ms,0.2581,
frame_ms,0.2536,
frame_ms,0.2471,
frame_ms,0.2441,
frame_ms,0.2351,
frame_ms,0.2325,
tick_us,1232.3,4442
frame_ms,2.857,
frame_ms,0.3935,
frame_ms,0.3376,
frame_ms,0.2686,
frame_ms,0.2509,
frame_ms,0.2397,
frame_ms,0.2425,
frame_ms,0.2386,
frame_ms,0.2371,
frame_ms,0.2326,
frame_ms,0.2331,
frame_ms,0.2807,
frame_ms,0.3743,
frame_ms,0.285,
frame_ms,0.2835,
tick_us,1216.9,4428
frame_ms,3.0594,
frame_ms,0.2825,
frame_ms,0.2373,
frame_ms,0.2886,
frame_ms,0.2679,
frame_ms,0.2447,
frame_ms,0.3814,
frame_ms,0.3363,
frame_ms,0.2847,
frame_ms,0.2531,
frame_ms,0.2437,
frame_ms,0.2473,
frame_ms,0.2389,
frame_ms,0.2796,
frame_ms,0.2824,
frame_ms,0.247,
tick_us,1256.8,4418
frame_ms,2.739,
frame_ms,0.3053,
frame_ms,0.2517,
frame_ms,0.2459,
frame_ms,0.2377,
frame_ms,0.231,
frame_ms,0.2301,
frame_ms,0.2235,
frame_ms,0.2451,
frame_ms,0.29,
frame_ms,0.922,
frame_ms,0.3079,
frame_ms,0.2625,
frame_ms,0.2229,
frame_ms,0.2278,
tick_us,1280,4432
frame_ms,2.7648,
frame_ms,0.3942,
frame_ms,0.3335,
frame_ms,0.2465,
frame_ms,0.2376,
frame_ms,0.2387,
frame_ms,0.273,
frame_ms,0.2432,
frame_ms,0.2284,
frame_ms,0.2283,
frame_ms,0.274,
frame_ms,0.243,
frame_ms,0.2245,
frame_ms,0.3956,
frame_ms,0.3051,
frame_ms,0.2865,
tick_us,1334.7,4444
frame_ms,3.022,
frame_ms,0.3714,
frame_ms,0.2683,
frame_ms,0.3593,
frame_ms,0.3513,
frame_ms,0.3153,
frame_ms,0.281,
frame_ms,0.2983,
frame_ms,0.329,
frame_ms,0.2643,
frame_ms,0.2383,
frame_ms,0.2392,
frame_ms,0.2307,
frame_ms,0.2258,
frame_ms,0.2339,
tick_us,1271.3,4450
frame_ms,2.7253,
frame_ms,0.2836,
frame_ms,0.2311,
frame_ms,0.2358,
frame_ms,0.222,
frame_ms,0.2317,
frame_ms,0.2461,
frame_ms,0.2218,
frame_ms,0.2389,
frame_ms,0.2615,
frame_ms,0.2345,
frame_ms,0.2322,
frame_ms,0.4617,
frame_ms,0.3911,
frame_ms,0.3682,
frame_ms,0.3401,
tick_us,1333.5,4448
frame_ms,2.9326,
frame_ms,0.421,
frame_ms,0.3088,
frame_ms,0.2393,
frame_ms,0.2504,
frame_ms,0.24,
frame_ms,0.2361,
frame_ms,0.2427,
frame_ms,0.2632,
frame_ms,0.2357,
frame_ms,0.2437,
frame_ms,0.2864,
frame_ms,0.307,
frame_ms,0.268,
frame_ms,0.2435,
frame_ms,0.2483,
tick_us,1287.7,4434
frame_ms,2.7644,
frame_ms,0.2764,
frame_ms,0.2279,
frame_ms,0.3178,
frame_ms,0.3258,
frame_ms,0.2854,
frame_ms,0.2762,
frame_ms,0.2648,
frame_ms,0.2799,
frame_ms,0.3496,
frame_ms,0.2502,
frame_ms,0.232,
frame_ms,0.2304,
frame_ms,0.2276,
frame_ms,0.2238,
frame_ms,0.2591,
tick_us,1336.1,4466
frame_ms,2.9106,
frame_ms,0.5487,
frame_ms,0.3838,
frame_ms,0.2429,
frame_ms,0.2302,
frame_ms,0.2306,
frame_ms,0.224,
frame_ms,0.2721,
frame_ms,0.2767,
frame_ms,0.3033,
frame_ms,0.2986,
frame_ms,0.2543,
frame_ms,0.2335,
frame_ms,0.2248,
frame_ms,0.2423,
frame_ms,0.2204,
tick_us,1249.7,4486
frame_ms,3.1249,
frame_ms,0.3966,
frame_ms,0.3692,
frame_ms,0.2709,
frame_ms,0.2392,
frame_ms,0.2332,
frame_ms,0.2409,
frame_ms,0.2254,
frame_ms,0.2195,
frame_ms,0.2859,
frame_ms,0.2369,
frame_ms,0.2199,
frame_ms,0.3095,
frame_ms,0.2883,
frame_ms,0.2647,
tick_us,1252.4,4472
frame_ms,2.7931,
frame_ms,0.3282,
frame_ms,0.2663,
frame_ms,0.2794,
frame_ms,0.2597,
frame_ms,0.25,
frame_ms,0.2798,
frame_ms,0.2504,
frame_ms,0.2335,
frame_ms,0.2547,
frame_ms,0.224,
frame_ms,0.3009,
frame_ms,0.2404,
frame_ms,0.2358,
frame_ms,0.253,
frame_ms,0.2377,
frame_ms,0.2851,
tick_us,1307.9,4474
frame_ms,2.8494,
frame_ms,0.3445,
frame_ms,0.2516,
frame_ms,0.2431,
frame_ms,0.2362,
frame_ms,0.241,
frame_ms,0.2273,
frame_ms,0.2199,
frame_ms,0.3328,
frame_ms,0.2683,
frame_ms,0.3281,
frame_ms,0.2449,
frame_ms,0.3315,
frame_ms,0.2485,
frame_ms,0.2389,
frame_ms,0.2315,
tick_us,1212.7,4452
frame_ms,2.6775,
frame_ms,0.2892,
frame_ms,0.2624,
frame_ms,0.249,
frame_ms,0.2361,
frame_ms,0.2269,
frame_ms,0.2268,
frame_ms,0.2268,
frame_ms,0.2715,
frame_ms,0.7202,
frame_ms,0.3499,
frame_ms,0.2442,
frame_ms,0.6093,
tick_us,1245.1,4462
frame_ms,3.1847,
frame_ms,0.309,
frame_ms,0.2398,
frame_ms,0.3234,
frame_ms,0.292,
frame_ms,0.2785,
frame_ms,0.2702,
frame_ms,0.2444,
frame_ms,0.243,
frame_ms,0.2274,
frame_ms,0.2324,
frame_ms,0.2795,
frame_ms,0.2358,
frame_ms,0.2255,
frame_ms,0.2213,
frame_ms,0.2565,
frame_ms,0.2368,
tick_us,1230.8,4496
frame_ms,2.703,
frame_ms,0.2756,
frame_ms,0.2301,
frame_ms,0.2254,
frame_ms,0.2351,
frame_ms,0.2223,
frame_ms,0.2191,
frame_ms,0.2222,
frame_ms,0.2585,
frame_ms,0.2677,
frame_ms,0.3074,
frame_ms,0.3383,
frame_ms,0.2379,
frame_ms,0.2454,
frame_ms,0.2261,
frame_ms,0.2239,
frame_ms,0.2261,
frame_ms,0.2191,
tick_us,1247.7,4500
frame_ms,2.845,
frame_ms,0.4048,
frame_ms,0.3297,
frame_ms,0.2549,
frame_ms,0.2743,
frame_ms,0.2448,
frame_ms,0.2329,
frame_ms,0.2312,
frame_ms,0.2311,
frame_ms,0.2242,
frame_ms,0.2762,
frame_ms,0.2364,
frame_ms,0.2224,
frame_ms,0.2221,
frame_ms,0.3365,
frame_ms,0.3001,
tick_us,1475.2,4466
frame_ms,2.9775,
frame_ms,0.3065,
frame_ms,0.2407,
frame_ms,0.2959,
frame_ms,0.2872,
frame_ms,0.5418,
frame_ms,0.3784,
frame_ms,0.4613,
frame_ms,0.3211,
frame_ms,0.2506,
frame_ms,0.2228,
frame_ms,0.2259,
frame_ms,0.2355,
frame_ms,0.2225,
frame_ms,0.221,
tick_us,1329,4446
frame_ms,2.9656,
frame_ms,0.4681,
frame_ms,0.3169,
frame_ms,0.28,
frame_ms,0.2595,
frame_ms,0.245,
frame_ms,0.314,
frame_ms,0.317,
frame_ms,0.2805,
frame_ms,0.3422,
frame_ms,0.2768,
frame_ms,0.2445,
frame_ms,0.2396,
frame_ms,0.2319,
tick_us,1286.2,4412
frame_ms,2.7928,
frame_ms,0.3731,
frame_ms,0.3281,
frame_ms,0.2407,
frame_ms,0.2333,
frame_ms,0.2337,
frame_ms,0.5242,
frame_ms,0.584,
frame_ms,0.2329,
frame_ms,0.2288,
frame_ms,0.2207,
frame_ms,0.2173,
frame_ms,0.2586,
tick_us,1378.5,4414
frame_ms,3.5221,
frame_ms,0.3423,
frame_ms,0.5999,
frame_ms,0.3357,
frame_ms,0.2766,
frame_ms,0.2349,
frame_ms,0.241,
frame_ms,0.2497,
frame_ms,0.2522,
frame_ms,0.2981,
frame_ms,0.2844,
frame_ms,0.2616,
frame_ms,0.2567,
frame_ms,0.249,
tick_us,1274.3,4422
frame_ms,2.8445,
frame_ms,0.4836,
frame_ms,0.3182,
frame_ms,0.2515,
frame_ms,0.2711,
frame_ms,0.2751,
frame_ms,0.2399,
frame_ms,0.2594,
frame_ms,0.3048,
frame_ms,0.287,
frame_ms,0.2508,
frame_ms,0.3282,
frame_ms,0.2448,
frame_ms,0.2484,
frame_ms,0.3118,
tick_us,1324.6,4442
frame_ms,2.8716,
frame_ms,0.4339,
frame_ms,0.3093,
frame_ms,0.2495,
frame_ms,0.2545,
frame_ms,0.2363,
frame_ms,0.2411,
frame_ms,0.2491,
frame_ms,0.2272,
frame_ms,0.479,
frame_ms,0.2976,
frame_ms,0.2528,
frame_ms,0.2712,
frame_ms,0.2567,
frame_ms,0.2705,
tick_us,1309.2,4458
frame_ms,2.9262,
frame_ms,0.3541,
frame_ms,0.2772,
frame_ms,0.2486,
frame_ms,0.2498,
frame_ms,0.806,
frame_ms,0.3047,
frame_ms,0.2965,
frame_ms,0.2634,
frame_ms,0.2485,
frame_ms,0.2616,
frame_ms,0.3164,
frame_ms,0.3137,
frame_ms,0.2458,
tick_us,1221.5,4492
frame_ms,2.7206,
frame_ms,0.3409,
frame_ms,0.2774,
frame_ms,0.2409,
frame_ms,0.2331,
frame_ms,0.2342,
frame_ms,0.2282,
frame_ms,0.2222,
frame_ms,0.266,
frame_ms,0.2578,
frame_ms,0.2407,
frame_ms,0.2588,
frame_ms,0.2559,
frame_ms,0.2458,
frame_ms,0.2368,
frame_ms,0.2583,
frame_ms,0.4182,
tick_us,1243,4502
frame_ms,2.8632,
frame_ms,0.5485,
frame_ms,0.4111,
frame_ms,0.276,
frame_ms,0.2881,
frame_ms,0.2381,
frame_ms,0.2418,
frame_ms,0.5306,
frame_ms,0.6178,
frame_ms,0.4276,
frame_ms,0.3141,
tick_us,1316.1,4490
frame_ms,2.9371,
frame_ms,0.3314,
frame_ms,0.263,
frame_ms,0.2618,
frame_ms,0.2829,
frame_ms,0.2889,
frame_ms,0.3712,
frame_ms,0.2784,
frame_ms,0.2627,
frame_ms,0.2401,
frame_ms,0.239,
frame_ms,0.2222,
frame_ms,0.2318,
frame_ms,0.2326,
frame_ms,0.2168,
frame_ms,0.2869,
frame_ms,0.2474,
tick_us,1319.5,4492
frame_ms,2.8543,
frame_ms,0.3751,
frame_ms,0.3076,
frame_ms,0.2337,
frame_ms,0.2384,
frame_ms,0.2281,
frame_ms,0.2215,
frame_ms,0.225,
frame_ms,0.3099,
frame_ms,0.28,
frame_ms,0.2633,
frame_ms,0.3482,
frame_ms,0.2497,
frame_ms,0.2414,
frame_ms,0.2287,
frame_ms,0.2256,
tick_us,1249.4,4498
frame_ms,2.7693,
frame_ms,0.4256,
frame_ms,0.3323,
frame_ms,0.2628,
frame_ms,0.234,
frame_ms,0.2387,
frame_ms,0.2558,
frame_ms,0.2703,
frame_ms,0.2325,
frame_ms,0.2264,
frame_ms,0.2246,
frame_ms,0.218,
frame_ms,0.2171,
frame_ms,0.2678,
frame_ms,0.3343,
frame_ms,0.3367,
tick_us,1244.5,4546
frame_ms,2.826,
frame_ms,0.4018,
frame_ms,0.2786,
frame_ms,0.2792,
frame_ms,0.26,
frame_ms,0.3436,
frame_ms,0.24,
frame_ms,0.2324,
frame_ms,0.2469,
frame_ms,0.2254,
frame_ms,0.2223,
frame_ms,0.2372,
frame_ms,0.2306,
frame_ms,0.2169,
frame_ms,0.2358,
frame_ms,0.2555,
frame_ms,0.2334,
frame_ms,0.2173,
tick_us,1318.9,4570
frame_ms,2.8224,
frame_ms,0.3005,
frame_ms,0.2313,
frame_ms,0.2321,
frame_ms,0.2202,
frame_ms,0.2289,
frame_ms,0.2771,
frame_ms,0.2709,
frame_ms,0.2667,
frame_ms,0.269,
frame_ms,0.2395,
frame_ms,0.4209,
frame_ms,0.3873,
frame_ms,0.3844,
frame_ms,0.3483,
tick_us,1366.9,4588
frame_ms,3.0691,
frame_ms,0.3618,
frame_ms,0.3083,
frame_ms,0.2407,
frame_ms,0.5046,
frame_ms,0.3862,
frame_ms,0.411,
frame_ms,0.3642,
frame_ms,0.345,
frame_ms,0.4126,
frame_ms,0.3746,
tick_us,1392.9,4502
frame_ms,3.0452,
frame_ms,0.2886,
frame_ms,0.3193,
frame_ms,0.3011,
frame_ms,0.2676,
frame_ms,0.2376,
frame_ms,0.2348,
frame_ms,0.2331,
frame_ms,0.2225,
frame_ms,0.27,
frame_ms,0.2821,
frame_ms,0.2468,
frame_ms,0.2323,
frame_ms,0.2332,
frame_ms,0.2325,
frame_ms,0.2277,
frame_ms,0.2637,
tick_us,1202.1,4502
frame_ms,2.7171,
frame_ms,0.2939,
frame_ms,0.232,
frame_ms,0.2366,
frame_ms,0.221,
frame_ms,0.2303,
frame_ms,0.2709,
frame_ms,0.2375,
frame_ms,0.2188,
frame_ms,0.2535,
frame_ms,0.2445,
frame_ms,0.5409,
frame_ms,0.6349,
frame_ms,0.2568,
frame_ms,0.2267,
tick_us,1213.8,4462
frame_ms,2.7808,
frame_ms,0.4942,
frame_ms,0.6668,
frame_ms,0.4285,
frame_ms,0.4453,
frame_ms,0.3568,
frame_ms,0.2848,
frame_ms,0.2397,
frame_ms,0.2352,
frame_ms,0.2318,
frame_ms,0.2638,
frame_ms,0.238,
tick_us,1327.2,4482
frame_ms,3.7408,
frame_ms,0.3617,
frame_ms,0.3009,
frame_ms,0.2493,
frame_ms,0.2462,
frame_ms,0.2496,
frame_ms,0.2428,
frame_ms,0.2364,
frame_ms,0.2725,
frame_ms,0.2341,
frame_ms,0.2431,
frame_ms,0.2353,
frame_ms,0.2251,
frame_ms,0.2278,
frame_ms,0.2231,
tick_us,1219.8,4448
frame_ms,2.9337,
frame_ms,0.4538,
frame_ms,0.2945,
frame_ms,0.2567,
frame_ms,0.2296,
frame_ms,0.2385,
frame_ms,0.2436,
frame_ms,0.3421,
frame_ms,0.3317,
frame_ms,0.3047,
frame_ms,0.2524,
frame_ms,0.2492,
frame_ms,0.242,
frame_ms,0.2393,
frame_ms,0.2901,
tick_us,1266.5,4424
frame_ms,2.7938,
frame_ms,0.3253,
frame_ms,0.2873,
frame_ms,0.2551,
frame_ms,0.2484,
frame_ms,0.2369,
frame_ms,0.2298,
frame_ms,0.2791,
frame_ms,0.2913,
frame_ms,0.26,
frame_ms,0.264,
frame_ms,0.2385,
frame_ms,0.2393,
frame_ms,0.2234,
frame_ms,0.2368,
frame_ms,0.2352,
frame_ms,0.2495,
tick_us,1227.4,4414
frame_ms,2.785,
frame_ms,1.5084,
frame_ms,1.8819,
frame_ms,0.3787,
frame_ms,0.2759,
frame_ms,0.2352,
tick_us,1269.4,4420
frame_ms,2.765,
frame_ms,0.3545,
frame_ms,0.2577,
frame_ms,0.2506,
frame_ms,0.249,
frame_ms,0.2418,
frame_ms,0.2885,
frame_ms,0.2354,
frame_ms,0.2368,
frame_ms,0.2482,
frame_ms,0.2477,
frame_ms,0.3265,
frame_ms,0.2503,
frame_ms,0.251,
frame_ms,0.2488,
frame_ms,0.2743,
frame_ms,0.2467,
tick_us,1272.6,4412
frame_ms,2.7587,
frame_ms,0.3798,
frame_ms,0.3802,
frame_ms,0.2808,
frame_ms,0.2456,
frame_ms,0.2356,
frame_ms,0.302,
frame_ms,0.3108,
frame_ms,0.2646,
frame_ms,0.2359,
frame_ms,0.2342,
frame_ms,0.227,
frame_ms,0.2288,
frame_ms,0.3146,
frame_ms,0.3544,
tick_us,1235.5,4438
frame_ms,2.8431,
frame_ms,0.2956,
frame_ms,0.2452,
frame_ms,0.2709,
frame_ms,0.3322,
frame_ms,0.289,
frame_ms,0.2615,
frame_ms,0.2467,
frame_ms,0.2633,
frame_ms,0.2651,
frame_ms,0.3174,
frame_ms,0.3251,
frame_ms,0.2263,
frame_ms,0.235,
frame_ms,0.2277,
frame_ms,0.2246,
frame_ms,0.2256,
tick_us,1201.2,4428
frame_ms,2.6776,
frame_ms,0.2931,
frame_ms,0.2382,
frame_ms,0.2387,
frame_ms,0.2247,
frame_ms,0.2247,
frame_ms,0.2916,
frame_ms,0.2399,
frame_ms,0.2214,
frame_ms,0.2922,
frame_ms,0.3278,
frame_ms,0.682,
frame_ms,0.3879,
frame_ms,0.6171,
tick_us,1233.6,4420
frame_ms,2.9242,
frame_ms,0.3215,
frame_ms,0.2477,
frame_ms,0.237,
frame_ms,0.2505,
frame_ms,0.2337,
frame_ms,0.2587,
frame_ms,0.2251,
frame_ms,0.3118,
frame_ms,0.2553,
frame_ms,0.2217,
frame_ms,0.22,
frame_ms,0.2752,
frame_ms,0.3611,
frame_ms,0.2783,
frame_ms,0.2855,
tick_us,1348.9,4380
frame_ms,2.906,
frame_ms,0.3118,
frame_ms,0.2766,
frame_ms,0.225,
frame_ms,0.309,
frame_ms,0.3345,
frame_ms,0.3987,
frame_ms,0.2821,
frame_ms,0.2442,
frame_ms,0.2318,
frame_ms,0.2259,
frame_ms,0.2271,
frame_ms,0.2522,
frame_ms,0.2364,
frame_ms,0.2238,
frame_ms,0.2345,
tick_us,1224.1,4378
frame_ms,2.6902,
frame_ms,0.3038,
frame_ms,0.2469,
frame_ms,0.2319,
frame_ms,0.2248,
frame_ms,0.2232,
frame_ms,0.2159,
frame_ms,0.2671,
frame_ms,0.2349,
frame_ms,0.2432,
frame_ms,0.2403,
frame_ms,0.2311,
frame_ms,0.3062,
frame_ms,0.2343,
frame_ms,0.2326,
frame_ms,0.2472,
frame_ms,0.2284,
frame_ms,0.2598,
tick_us,1203.4,4374
frame_ms,2.6977,
frame_ms,0.337,
frame_ms,0.2375,
frame_ms,0.2445,
frame_ms,0.2378,
frame_ms,0.2253,
frame_ms,0.2497,
frame_ms,0.2188,
frame_ms,0.2719,
frame_ms,0.4554,
frame_ms,0.3759,
frame_ms,0.3481,
frame_ms,0.2865,
frame_ms,0.2276,
frame_ms,0.2176,
frame_ms,0.4959,
tick_us,1467.2,4414
frame_ms,3.154,
frame_ms,0.7678,
frame_ms,0.42,
frame_ms,0.3945,
frame_ms,0.2798,
frame_ms,0.242,
frame_ms,0.2383,
frame_ms,0.3029,
frame_ms,0.2827,
frame_ms,0.2386,
frame_ms,0.228,
frame_ms,0.2338,
tick_us,1250.5,4394
frame_ms,2.7257,
frame_ms,0.3041,
frame_ms,0.2436,
frame_ms,0.2413,
frame_ms,0.2291,
frame_ms,0.23,
frame_ms,0.2663,
frame_ms,0.2851,
frame_ms,0.2489,
frame_ms,0.274,
frame_ms,0.2838,
frame_ms,0.2682,
frame_ms,0.3877,
frame_ms,0.3216,
frame_ms,0.2792,
frame_ms,0.2299,
frame_ms,0.2353,
tick_us,1236.2,4420
frame_ms,2.6938,
frame_ms,0.2776,
frame_ms,0.2415,
frame_ms,0.2371,
frame_ms,0.2398,
frame_ms,0.2269,
frame_ms,0.2231,
frame_ms,0.2417,
frame_ms,0.2754,
frame_ms,0.2392,
frame_ms,0.2241,
frame_ms,0.2392,
frame_ms,0.2183,
frame_ms,0.7657,
frame_ms,0.4434,
tick_us,1273.6,4404
frame_ms,2.8636,
frame_ms,0.2733,
frame_ms,0.2356,
frame_ms,0.2513,
frame_ms,0.2463,
frame_ms,0.2496,
frame_ms,0.2617,
frame_ms,0.24,
frame_ms,0.2365,
frame_ms,0.2405,
frame_ms,0.3131,
frame_ms,0.239,
frame_ms,0.2251,
frame_ms,0.2238,
frame_ms,0.2554,
frame_ms,0.2345,
frame_ms,0.2261,
frame_ms,0.2653,
tick_us,1228.1,4470
frame_ms,2.7312,
frame_ms,0.2878,
frame_ms,0.2473,
frame_ms,0.2245,
frame_ms,0.2181,
frame_ms,0.2556,
frame_ms,0.2781,
frame_ms,0.3031,
frame_ms,0.2458,
frame_ms,0.2373,
frame_ms,0.2693,
frame_ms,0.273,
frame_ms,0.2624,
frame_ms,0.2507,
frame_ms,0.2476,
frame_ms,0.2678,
frame_ms,0.2345,
tick_us,1341.8,4446
frame_ms,3.0532,
frame_ms,0.6499,
frame_ms,0.4456,
frame_ms,0.3714,
frame_ms,0.3468,
frame_ms,0.386,
frame_ms,0.3437,
frame_ms,0.3355,
frame_ms,0.4046,
frame_ms,0.4245,
frame_ms,0.3037,
tick_us,1296.2,4440
frame_ms,3.1319,
frame_ms,0.3618,
frame_ms,0.2569,
frame_ms,0.2675,
frame_ms,0.2685,
frame_ms,0.2471,
frame_ms,0.2426,
frame_ms,0.25,
frame_ms,0.2343,
frame_ms,0.2324,
frame_ms,0.2303,
frame_ms,0.2715,
frame_ms,0.2427,
frame_ms,0.2268,
frame_ms,0.2201,
frame_ms,0.2347,
tick_us,1249.2,4450
frame_ms,2.7303,
frame_ms,0.3547,
frame_ms,0.2669,
frame_ms,0.2448,
frame_ms,0.2425,
frame_ms,0.2349,
frame_ms,0.2435,
frame_ms,0.2405,
frame_ms,0.2336,
frame_ms,0.3069,
frame_ms,0.2867,
frame_ms,0.3417,
frame_ms,0.2445,
frame_ms,0.2381,
frame_ms,0.2417,
frame_ms,0.2804,
tick_us,1297.5,4398
frame_ms,3.0661,
frame_ms,0.3593,
frame_ms,0.3057,
frame_ms,0.2549,
frame_ms,0.2582,
frame_ms,0.2449,
frame_ms,0.2421,
frame_ms,0.2363,
frame_ms,0.2356,
frame_ms,0.2469,
frame_ms,0.3342,
frame_ms,0.4014,
frame_ms,0.2819,
frame_ms,0.4252,
tick_us,1521.8,4356
frame_ms,3.2375,
frame_ms,0.3235,
frame_ms,0.2879,
frame_ms,0.6698,
frame_ms,0.3228,
frame_ms,0.2743,
frame_ms,0.2475,
frame_ms,0.2838,
frame_ms,0.3074,
frame_ms,0.3562,
frame_ms,0.2591,
frame_ms,0.2305,
frame_ms,0.2389,
frame_ms,0.2341,
tick_us,1383.7,4316
frame_ms,2.9844,
frame_ms,0.3963,
frame_ms,0.284,
frame_ms,0.2657,
frame_ms,0.2649,
frame_ms,0.2691,
frame_ms,0.2573,
frame_ms,0.2476,
frame_ms,0.2662,
frame_ms,0.2832,
frame_ms,0.2727,
frame_ms,0.2446,
frame_ms,0.2907,
frame_ms,0.39,
tick_us,1236.5,4308
frame_ms,2.786,
frame_ms,0.3815,
frame_ms,0.3168,
frame_ms,0.263,
frame_ms,0.2433,
frame_ms,0.2414,
frame_ms,0.2347,
frame_ms,0.2271,
frame_ms,0.2267,
frame_ms,0.2591,
frame_ms,0.2804,
frame_ms,0.2341,
frame_ms,0.3621,
frame_ms,0.3096,
frame_ms,0.3614,
frame_ms,0.305,
tick_us,1260.3,4340
frame_ms,2.7591,
frame_ms,0.2959,
frame_ms,0.234,
frame_ms,0.2427,
frame_ms,0.2661,
frame_ms,0.2451,
frame_ms,0.2702,
frame_ms,0.2514,
frame_ms,0.2394,
frame_ms,0.2605,
frame_ms,0.2263,
frame_ms,0.2873,
frame_ms,0.248,
frame_ms,0.2261,
frame_ms,0.2545,
frame_ms,0.2377,
frame_ms,0.2174,
frame_ms,0.2413,
tick_us,1253.7,4368
frame_ms,2.7308,
frame_ms,0.3502,
frame_ms,0.2541,
frame_ms,0.2378,
frame_ms,0.2361,
frame_ms,0.2263,
frame_ms,0.226,
frame_ms,0.2167,
frame_ms,0.2777,
frame_ms,0.2935,
frame_ms,0.3511,
frame_ms,0.3529,
frame_ms,0.2584,
frame_ms,0.2428,
frame_ms,0.2606,
frame_ms,0.2557,
frame_ms,0.2333,
tick_us,1310.6,4360
frame_ms,2.8146,
frame_ms,0.3519,
frame_ms,0.3188,
frame_ms,0.3281,
frame_ms,0.2592,
frame_ms,0.2561,
frame_ms,0.3063,
frame_ms,0.2612,
frame_ms,0.2872,
frame_ms,0.2658,
frame_ms,0.2565,
frame_ms,0.2518,
frame_ms,0.2817,
frame_ms,0.264,
frame_ms,0.2752,
tick_us,1351.3,4344
frame_ms,3.1835,
frame_ms,0.3289,
frame_ms,0.2547,
frame_ms,0.2513,
frame_ms,0.263,
frame_ms,0.3587,
frame_ms,0.2388,
frame_ms,0.2432,
frame_ms,0.2323,
frame_ms,0.2275,
frame_ms,0.2396,
frame_ms,0.217,
frame_ms,0.2614,
frame_ms,0.2347,
frame_ms,0.226,
frame_ms,0.2626,
tick_us,1269.5,4354
frame_ms,2.9575,
frame_ms,0.4429,
frame_ms,0.295,
frame_ms,0.2433,
frame_ms,0.2332,
frame_ms,0.2373,
frame_ms,0.2294,
frame_ms,0.292,
frame_ms,0.3228,
frame_ms,1.0452,
frame_ms,0.2911,
frame_ms,0.2709,
tick_us,1284.5,4404
frame_ms,2.8208,
frame_ms,0.3891,
frame_ms,0.2877,
frame_ms,0.2606,
frame_ms,0.2513,
frame_ms,0.2574,
frame_ms,0.2431,
frame_ms,0.2385,
frame_ms,0.2389,
frame_ms,0.2256,
frame_ms,0.2269,
frame_ms,0.2418,
frame_ms,0.2283,
frame_ms,0.2885,
frame_ms,0.3298,
frame_ms,0.2898,
frame_ms,0.2719,
tick_us,1254.5,4450
frame_ms,2.7978,
frame_ms,0.2671,
frame_ms,0.2403,
frame_ms,0.2823,
frame_ms,0.3014,
frame_ms,0.3882,
frame_ms,0.4233,
frame_ms,0.2768,
frame_ms,0.2513,
frame_ms,0.2378,
frame_ms,0.2436,
frame_ms,0.2436,
frame_ms,0.2342,
frame_ms,0.2276,
frame_ms,0.2201,
frame_ms,0.2811,
tick_us,1251.2,4484
frame_ms,2.8429,
frame_ms,0.4175,
frame_ms,0.2861,
frame_ms,0.2298,
frame_ms,0.2307,
frame_ms,0.2324,
frame_ms,0.2372,
frame_ms,0.2295,
frame_ms,0.3016,
frame_ms,0.2531,
frame_ms,0.2397,
frame_ms,0.2271,
frame_ms,0.2758,
frame_ms,0.2522,
frame_ms,0.2262,
frame_ms,0.2741,
frame_ms,0.2232,
tick_us,1228.3,4456
frame_ms,2.6682,
frame_ms,0.2996,
frame_ms,0.2457,
frame_ms,0.2532,
frame_ms,0.2467,
frame_ms,0.2336,
frame_ms,0.2285,
frame_ms,0.2184,
frame_ms,0.2629,
frame_ms,0.249,
frame_ms,0.2209,
frame_ms,0.2171,
frame_ms,0.4933,
frame_ms,0.467,
frame_ms,0.3798,
tick_us,1235.1,4454
frame_ms,2.8365,
frame_ms,0.3093,
frame_ms,0.2392,
frame_ms,0.2408,
frame_ms,0.3045,
frame_ms,0.2983,
frame_ms,0.2698,
frame_ms,0.2564,
frame_ms,0.2445,
frame_ms,0.2457,
frame_ms,0.3076,
frame_ms,0.2688,
frame_ms,0.2311,
frame_ms,0.2282,
frame_ms,0.2193,
frame_ms,0.2244,
frame_ms,0.2949,
tick_us,1251.5,4512
frame_ms,2.8117,
frame_ms,0.3392,
frame_ms,0.3181,
frame_ms,0.3158,
frame_ms,0.3062,
frame_ms,0.2471,
frame_ms,0.2403,
frame_ms,0.2455,
frame_ms,0.2496,
frame_ms,0.2515,
frame_ms,0.2745,
frame_ms,0.2753,
frame_ms,0.2594,
frame_ms,0.2463,
frame_ms,0.2585,
frame_ms,0.2354,
frame_ms,0.2327,
tick_us,1302.9,4492
frame_ms,2.9333,
frame_ms,0.672,
frame_ms,0.4113,
frame_ms,0.3674,
frame_ms,0.3498,
frame_ms,0.3423,
frame_ms,0.3408,
frame_ms,0.3777,
frame_ms,0.3225,
frame_ms,0.2466,
frame_ms,0.256,
frame_ms,0.2976,
tick_us,1257.3,4484
frame_ms,2.7671,
frame_ms,0.2893,
frame_ms,0.2364,
frame_ms,0.3077,
frame_ms,0.3438,
frame_ms,0.3486,
frame_ms,0.2811,
frame_ms,0.3151,
frame_ms,0.2504,
frame_ms,0.2386,
frame_ms,0.2414,
frame_ms,0.2405,
frame_ms,0.2393,
frame_ms,0.2623,
frame_ms,0.277,
frame_ms,0.2757,
tick_us,1275,4464
frame_ms,2.8064,
frame_ms,0.4644,
frame_ms,0.2884,
frame_ms,0.2515,
frame_ms,0.237,
frame_ms,0.239,
frame_ms,0.2448,
frame_ms,0.2408,
frame_ms,0.2684,
frame_ms,0.2561,
frame_ms,0.3831,
frame_ms,0.2849,
frame_ms,0.256,
frame_ms,0.2575,
frame_ms,0.2376,
frame_ms,0.2342,
tick_us,1246,4462
frame_ms,2.7565,
frame_ms,0.383,
frame_ms,0.328,
frame_ms,0.2933,
frame_ms,0.3137,
frame_ms,0.2489,
frame_ms,0.2363,
frame_ms,0.2347,
frame_ms,0.2242,
frame_ms,0.2256,
frame_ms,0.2346,
frame_ms,0.272,
frame_ms,0.2393,
frame_ms,0.2236,
frame_ms,0.2855,
frame_ms,0.3718,
tick_us,1270.4,4504
frame_ms,2.8306,
frame_ms,0.2744,
frame_ms,0.2319,
frame_ms,0.2517,
frame_ms,0.2491,
frame_ms,0.7062,
frame_ms,0.2865,
frame_ms,0.3845,
frame_ms,0.3441,
frame_ms,0.2751,
frame_ms,0.2396,
frame_ms,0.2332,
frame_ms,0.2467,
frame_ms,0.24,
frame_ms,0.2492,
tick_us,1280.9,4498
frame_ms,2.8528,
frame_ms,0.4658,
frame_ms,0.306,
frame_ms,0.2594,
frame_ms,0.2382,
frame_ms,0.2483,
frame_ms,0.2348,
frame_ms,0.2271,
frame_ms,0.2348,
frame_ms,0.3803,
frame_ms,0.325,
frame_ms,0.2754,
frame_ms,0.2673,
frame_ms,0.2683,
frame_ms,0.2531,
frame_ms,0.278,
tick_us,1207,4482
frame_ms,2.7283,
frame_ms,0.3691,
frame_ms,0.3144,
frame_ms,0.2369,
frame_ms,0.2465,
frame_ms,0.2415,
frame_ms,0.233,
frame_ms,0.2341,
frame_ms,0.2284,
frame_ms,0.2725,
frame_ms,0.2946,
frame_ms,0.2478,
frame_ms,0.246,
frame_ms,0.2835,
frame_ms,0.2503,
frame_ms,0.271,
tick_us,1345.7,4492
frame_ms,2.8772,
frame_ms,0.3816,
frame_ms,0.2945,
frame_ms,0.2804,
frame_ms,0.3503,
frame_ms,0.29,
frame_ms,0.2476,
frame_ms,0.2403,
frame_ms,0.2421,
frame_ms,0.2327,
frame_ms,0.2283,
frame_ms,0.2343,
frame_ms,0.2688,
frame_ms,0.2479,
frame_ms,0.2271,
frame_ms,0.2223,
tick_us,1271.9,4462
frame_ms,2.8433,
frame_ms,0.3764,
frame_ms,0.2698,
frame_ms,0.2274,
frame_ms,0.2264,
frame_ms,0.2362,
frame_ms,0.2288,
frame_ms,0.2259,
frame_ms,0.2648,
frame_ms,0.2496,
frame_ms,0.2281,
frame_ms,0.2505,
frame_ms,0.2416,
frame_ms,0.2518,
frame_ms,0.2845,
frame_ms,0.2785,
frame_ms,0.2429,
frame_ms,0.2395,
tick_us,1268.3,4462
frame_ms,2.7701,
frame_ms,0.3287,
frame_ms,0.308,
frame_ms,0.2715,
frame_ms,0.2241,
frame_ms,0.2324,
frame_ms,0.2232,
frame_ms,0.2233,
frame_ms,0.2778,
frame_ms,0.24,
frame_ms,0.227,
frame_ms,0.2238,
frame_ms,0.3212,
frame_ms,0.2908,
frame_ms,0.2543,
frame_ms,0.258,
frame_ms,0.2782,
tick_us,1220.8,4478
frame_ms,2.7613,
frame_ms,0.2893,
frame_ms,0.2384,
frame_ms,0.4924,
frame_ms,0.3061,
frame_ms,0.2927,
frame_ms,0.2444,
frame_ms,0.2559,
frame_ms,0.2414,
frame_ms,0.2439,
frame_ms,0.2264,
frame_ms,0.2224,
frame_ms,0.3363,
frame_ms,0.347,
frame_ms,0.2711,
frame_ms,0.233,
tick_us,1338.6,4490
frame_ms,2.9083,
frame_ms,0.4768,
frame_ms,0.4452,
frame_ms,0.3737,
frame_ms,0.3443,
frame_ms,0.4303,
frame_ms,0.3026,
frame_ms,0.3779,
frame_ms,0.2549,
frame_ms,0.2443,
frame_ms,0.2382,
frame_ms,0.2446,
frame_ms,0.2321,
tick_us,1212,4518
frame_ms,2.8221,
frame_ms,0.3544,
frame_ms,0.2952,
frame_ms,0.2461,
frame_ms,0.2449,
frame_ms,0.2671,
frame_ms,0.2424,
frame_ms,0.2316,
frame_ms,0.2963,
frame_ms,0.2429,
frame_ms,0.2264,
frame_ms,0.2198,
frame_ms,0.2823,
frame_ms,0.3222,
frame_ms,0.2879,
frame_ms,0.2528,
tick_us,1231.1,4510
frame_ms,2.7186,
frame_ms,0.3075,
frame_ms,0.2411,
frame_ms,0.2915,
frame_ms,0.2591,
frame_ms,0.2541,
frame_ms,0.2549,
frame_ms,0.2499,
frame_ms,0.41,
frame_ms,0.2818,
frame_ms,0.2508,
frame_ms,0.2328,
frame_ms,0.2264,
frame_ms,0.2348,
frame_ms,0.2304,
frame_ms,0.2318,
frame_ms,0.2411,
tick_us,1243.7,4506
frame_ms,2.7148,
frame_ms,0.3248,
frame_ms,0.2474,
frame_ms,0.2459,
frame_ms,0.231,
frame_ms,0.2386,
frame_ms,0.2316,
frame_ms,0.2821,
frame_ms,0.2854,
frame_ms,0.2981,
frame_ms,0.3002,
frame_ms,0.5934,
frame_ms,0.3734,
frame_ms,0.3872,
frame_ms,0.4039,
tick_us,1222.3,4480
frame_ms,2.7842,
frame_ms,0.3415,
frame_ms,0.2757,
frame_ms,0.285,
frame_ms,0.2504,
frame_ms,0.2382,
frame_ms,0.2231,
frame_ms,0.2857,
frame_ms,0.281,
frame_ms,0.2462,
frame_ms,0.2354,
frame_ms,0.2303,
frame_ms,0.2301,
frame_ms,0.2429,
frame_ms,0.2926,
frame_ms,0.4002,
tick_us,1415.5,4466
frame_ms,3.101,
frame_ms,0.3072,
frame_ms,0.3125,
frame_ms,0.3246,
frame_ms,0.2838,
frame_ms,0.2616,
frame_ms,0.2462,
frame_ms,0.2339,
frame_ms,0.2613,
frame_ms,0.2211,
frame_ms,0.2394,
frame_ms,0.2327,
frame_ms,0.2208,
frame_ms,0.2658,
frame_ms,0.24,
frame_ms,0.2218,
tick_us,1308.6,4446
frame_ms,2.9234,
frame_ms,0.4107,
frame_ms,0.2741,
frame_ms,0.2396,
frame_ms,0.2335,
frame_ms,0.2466,
frame_ms,0.2292,
frame_ms,0.245,
frame_ms,0.219,
frame_ms,0.9168,
frame_ms,0.3435,
frame_ms,0.2765,
frame_ms,0.3348,
tick_us,1275.4,4454
frame_ms,2.8531,
frame_ms,0.4139,
frame_ms,0.3358,
frame_ms,0.2456,
frame_ms,0.2439,
frame_ms,0.2459,
frame_ms,0.2411,
frame_ms,0.2331,
frame_ms,0.2393,
frame_ms,0.231,
frame_ms,0.2691,
frame_ms,0.2427,
frame_ms,0.2314,
frame_ms,0.245,
frame_ms,0.2243,
frame_ms,0.3824,
tick_us,1254.9,4462
frame_ms,2.9571,
frame_ms,0.3603,
frame_ms,0.3313,
frame_ms,0.3008,
frame_ms,0.2635,
frame_ms,0.4612,
frame_ms,0.3928,
frame_ms,0.3809,
frame_ms,0.2602,
frame_ms,0.2241,
frame_ms,0.2408,
frame_ms,0.2274,
frame_ms,0.2287,
frame_ms,0.2221,
tick_us,1277.7,4462
frame_ms,2.874,
frame_ms,0.3857,
frame_ms,0.2857,
frame_ms,0.2495,
frame_ms,0.3468,
frame_ms,0.2927,
frame_ms,0.2846,
frame_ms,0.2485,
frame_ms,0.2456,
frame_ms,0.2581,
frame_ms,0.2801,
frame_ms,0.3289,
frame_ms,0.2688,
frame_ms,0.2563,
frame_ms,0.2613,
frame_ms,0.2524,
tick_us,1243.9,4450
frame_ms,2.8612,
frame_ms,0.3946,
frame_ms,0.3194,
frame_ms,0.2536,
frame_ms,0.2448,
frame_ms,0.241,
frame_ms,0.2393,
frame_ms,0.2274,
frame_ms,0.2591,
frame_ms,0.4001,
frame_ms,0.3,
frame_ms,0.256,
frame_ms,0.3075,
frame_ms,0.2599,
frame_ms,0.2832,
tick_us,1269.4,4440
frame_ms,2.8141,
frame_ms,0.287,
frame_ms,0.2306,
frame_ms,0.3674,
frame_ms,0.4171,
frame_ms,0.4127,
frame_ms,0.3754,
frame_ms,0.4158,
frame_ms,0.6786,
frame_ms,0.316,
frame_ms,0.2614,
frame_ms,0.2365,
frame_ms,0.2409,
tick_us,1306.4,4442
frame_ms,2.8192,
frame_ms,0.3679,
frame_ms,0.2707,
frame_ms,0.2589,
frame_ms,0.247,
frame_ms,0.2425,
frame_ms,0.2968,
frame_ms,0.3029,
frame_ms,0.2428,
frame_ms,0.2413,
frame_ms,0.2513,
frame_ms,0.2464,
frame_ms,0.2394,
frame_ms,0.2588,
frame_ms,0.2354,
frame_ms,0.2273,
frame_ms,0.2993,
tick_us,1206.4,4414
frame_ms,2.7546,
frame_ms,0.3607,
frame_ms,0.289,
frame_ms,0.2531,
frame_ms,0.2414,
frame_ms,0.2362,
frame_ms,0.2441,
frame_ms,0.2304,
frame_ms,0.2209,
frame_ms,0.2631,
frame_ms,0.2481,
frame_ms,0.228,
frame_ms,0.2637,
frame_ms,0.2366,
frame_ms,0.2272,
frame_ms,0.252,
tick_us,1323.2,4426
frame_ms,3.1197,
frame_ms,0.3419,
frame_ms,0.2764,
frame_ms,0.323,
frame_ms,0.2778,
frame_ms,0.274,
frame_ms,0.393,
frame_ms,0.4189,
frame_ms,0.4008,
frame_ms,0.3711,
frame_ms,0.3422,
frame_ms,0.3446,
frame_ms,0.3397,
tick_us,1360.1,4418
frame_ms,3.0567,
frame_ms,0.4126,
frame_ms,0.3408,
frame_ms,0.2653,
frame_ms,0.2359,
frame_ms,0.2391,
frame_ms,0.235,
frame_ms,0.2355,
frame_ms,0.2668,
frame_ms,0.3517,
frame_ms,0.2786,
frame_ms,0.2489,
frame_ms,0.2384,
frame_ms,0.2364,
frame_ms,0.2266,
tick_us,1247.5,4386
frame_ms,2.9462,
frame_ms,0.4737,
frame_ms,0.4085,
frame_ms,0.3616,
frame_ms,0.3711,
frame_ms,0.351,
frame_ms,0.3388,
frame_ms,0.3524,
frame_ms,0.3381,
frame_ms,0.4276,
frame_ms,0.3223,
frame_ms,0.2841,
tick_us,1222.6,4396
frame_ms,2.8678,
frame_ms,0.3217,
frame_ms,0.2464,
frame_ms,0.2732,
frame_ms,0.2674,
frame_ms,0.2621,
frame_ms,0.2439,
frame_ms,0.2481,
frame_ms,0.2362,
frame_ms,0.2362,
frame_ms,0.2915,
frame_ms,0.2389,
frame_ms,0.2301,
frame_ms,0.2233,
frame_ms,0.2793,
frame_ms,0.2416,
frame_ms,0.2281,
tick_us,1256.9,4394
frame_ms,2.7363,
frame_ms,0.3362,
frame_ms,0.2723,
frame_ms,0.2516,
frame_ms,0.2439,
frame_ms,0.2483,
frame_ms,0.2276,
frame_ms,0.2191,
frame_ms,0.2192,
frame_ms,0.2785,
frame_ms,0.2592,
frame_ms,0.2895,
frame_ms,0.4822,
frame_ms,0.3814,
frame_ms,0.3381,
frame_ms,0.2436,
tick_us,1242,4378
frame_ms,2.6875,
frame_ms,0.2635,
frame_ms,0.2459,
frame_ms,0.2398,
frame_ms,0.2299,
frame_ms,0.2739,
frame_ms,0.2446,
frame_ms,0.2244,
frame_ms,0.2181,
frame_ms,0.2696,
frame_ms,0.4081,
frame_ms,0.3693,
frame_ms,0.3548,
frame_ms,0.4132,
frame_ms,0.383,
tick_us,1311.5,4402
frame_ms,3.1417,
frame_ms,0.3247,
frame_ms,0.5234,
frame_ms,0.3371,
frame_ms,0.2825,
frame_ms,0.2781,
frame_ms,0.608,
frame_ms,0.4297,
frame_ms,0.2701,
frame_ms,0.2493,
frame_ms,0.2405,
frame_ms,0.2414,
tick_us,1216.2,4426
frame_ms,2.7123,
frame_ms,0.3384,
frame_ms,0.2677,
frame_ms,0.2495,
frame_ms,0.2413,
frame_ms,0.2471,
frame_ms,0.3009,
frame_ms,0.4035,
frame_ms,0.3188,
frame_ms,0.2523,
frame_ms,0.2512,
frame_ms,0.8255,
frame_ms,0.2841,
frame_ms,0.2475,
tick_us,1267,4480
frame_ms,2.7645,
frame_ms,0.3816,
frame_ms,0.3371,
frame_ms,0.25,
frame_ms,0.3545,
frame_ms,0.2912,
frame_ms,0.2405,
frame_ms,0.2335,
frame_ms,0.2355,
frame_ms,0.2355,
frame_ms,0.2285,
frame_ms,0.2429,
frame_ms,0.2363,
frame_ms,0.3004,
frame_ms,0.6119,
tick_us,1276.7,4506
frame_ms,2.8899,
frame_ms,0.3072,
frame_ms,0.2643,
frame_ms,0.231,
frame_ms,0.2351,
frame_ms,0.7682,
frame_ms,0.3618,
frame_ms,0.4028,
frame_ms,0.4027,
frame_ms,0.307,
frame_ms,0.3466,
frame_ms,0.2234,
frame_ms,0.2361,
tick_us,1218.7,4502
frame_ms,2.704,
frame_ms,0.3345,
frame_ms,0.2535,
frame_ms,0.2474,
frame_ms,0.2374,
frame_ms,0.2343,
frame_ms,0.2555,
frame_ms,0.2278,
frame_ms,0.2249,
frame_ms,0.3528,
frame_ms,0.3231,
frame_ms,0.336,
frame_ms,0.4618,
frame_ms,0.3927,
frame_ms,0.3127,
frame_ms,0.239,
tick_us,1235.9,4414
frame_ms,2.7196,
frame_ms,0.3599,
frame_ms,0.3171,
frame_ms,0.2489,
frame_ms,0.245,
frame_ms,0.2346,
frame_ms,0.2293,
frame_ms,0.2341,
frame_ms,0.2765,
frame_ms,0.2477,
frame_ms,0.2249,
frame_ms,0.233,
frame_ms,0.2798,
frame_ms,0.2455,
frame_ms,0.2364,
frame_ms,0.2473,
frame_ms,0.2374,
tick_us,1293.6,4416
frame_ms,2.7917,
frame_ms,0.2904,
frame_ms,0.2363,
frame_ms,0.2461,
frame_ms,0.2339,
frame_ms,0.2394,
frame_ms,0.238,
frame_ms,0.358,
frame_ms,0.2418,
frame_ms,0.2399,
frame_ms,0.2277,
frame_ms,0.2987,
frame_ms,0.319,
frame_ms,0.2466,
frame_ms,0.2402,
frame_ms,0.2379,
frame_ms,0.2246,
tick_us,1339.6,4410
frame_ms,2.9396,
frame_ms,0.516,
frame_ms,0.3062,
frame_ms,0.2575,
frame_ms,0.2529,
frame_ms,0.2411,
frame_ms,0.2287,
frame_ms,0.2995,
frame_ms,0.2575,
frame_ms,0.2551,
frame_ms,0.361,
frame_ms,0.2833,
frame_ms,0.296,
frame_ms,0.2708,
frame_ms,0.2533,
tick_us,1248.9,4394
frame_ms,2.8146,
frame_ms,0.4708,
frame_ms,0.3157,
frame_ms,0.2698,
frame_ms,0.3084,
frame_ms,0.3861,
frame_ms,0.2569,
frame_ms,0.2347,
frame_ms,0.2357,
frame_ms,0.2342,
frame_ms,0.2304,
frame_ms,0.2471,
frame_ms,0.2855,
frame_ms,0.2924,
tick_us,1216,4414
frame_ms,3.5723,
frame_ms,0.3693,
frame_ms,0.2869,
frame_ms,0.2554,
frame_ms,0.2745,
frame_ms,0.2755,
frame_ms,0.2267,
frame_ms,0.362,
frame_ms,0.3313,
frame_ms,0.2977,
frame_ms,0.2581,
frame_ms,0.2211,
frame_ms,0.2202,
frame_ms,0.2208,
frame_ms,0.2287,
tick_us,1297.6,4414
frame_ms,2.795,
frame_ms,0.3933,
frame_ms,0.2873,
frame_ms,0.2328,
frame_ms,0.2312,
frame_ms,0.2362,
frame_ms,0.2773,
frame_ms,0.2602,
frame_ms,0.2322,
frame_ms,0.2338,
frame_ms,0.2672,
frame_ms,0.2591,
frame_ms,0.2464,
frame_ms,0.2293,
frame_ms,0.2255,
frame_ms,0.2794,
frame_ms,0.2347,
tick_us,1269.3,4386
frame_ms,2.7386,
frame_ms,0.2936,
frame_ms,0.2505,
frame_ms,0.2501,
frame_ms,0.2387,
frame_ms,0.2299,
frame_ms,0.3135,
frame_ms,0.2412,
frame_ms,0.2403,
frame_ms,0.2293,
frame_ms,0.2214,
frame_ms,0.223,
frame_ms,0.2732,
frame_ms,0.239,
frame_ms,0.3446,
frame_ms,0.2871,
tick_us,1242.3,4354
frame_ms,3.3648,
frame_ms,0.5188,
frame_ms,0.2758,
frame_ms,0.3446,
frame_ms,0.2631,
frame_ms,0.2479,
frame_ms,0.2636,
frame_ms,0.2759,
frame_ms,0.2929,
frame_ms,0.2493,
frame_ms,0.2341,
frame_ms,0.2291,
frame_ms,0.2216,
frame_ms,0.2191,
frame_ms,0.2949,
tick_us,1216.2,4320
frame_ms,2.713,
frame_ms,0.2905,
frame_ms,0.2346,
frame_ms,0.2251,
frame_ms,0.2201,
frame_ms,0.2267,
frame_ms,0.2589,
frame_ms,0.2189,
frame_ms,0.2255,
frame_ms,0.309,
frame_ms,0.3335,
frame_ms,0.3563,
frame_ms,0.2592,
frame_ms,0.2549,
frame_ms,0.2898,
frame_ms,0.2499,
frame_ms,0.2436,
tick_us,1223.7,4308
frame_ms,2.7789,
frame_ms,0.3778,
frame_ms,0.3992,
frame_ms,0.3454,
frame_ms,0.2796,
frame_ms,0.2457,
frame_ms,0.2353,
frame_ms,0.235,
frame_ms,0.2365,
frame_ms,0.2325,
frame_ms,0.2324,
frame_ms,0.2564,
frame_ms,0.2376,
frame_ms,0.2852,
frame_ms,0.3099,
tick_us,1242.6,4326
frame_ms,2.9552,
frame_ms,0.3437,
frame_ms,0.2495,
frame_ms,0.24,
frame_ms,0.2561,
frame_ms,0.2671,
frame_ms,0.2427,
frame_ms,0.2361,
frame_ms,0.2414,
frame_ms,0.2347,
frame_ms,0.2472,
frame_ms,0.22,
frame_ms,0.2249,
frame_ms,0.2402,
frame_ms,0.2163,
frame_ms,0.2265,
frame_ms,0.2134,
frame_ms,0.2672,
tick_us,1224.9,4372
frame_ms,2.7532,
frame_ms,0.3205,
frame_ms,0.2531,
frame_ms,0.2427,
frame_ms,0.2475,
frame_ms,0.2548,
frame_ms,0.2499,
frame_ms,0.24,
frame_ms,0.2317,
frame_ms,0.2346,
frame_ms,0.2712,
frame_ms,0.3559,
frame_ms,0.2963,
frame_ms,0.2881,
frame_ms,0.2992,
frame_ms,0.2653,
tick_us,1240.9,4368
frame_ms,2.8348,
frame_ms,0.4655,
frame_ms,0.3103,
frame_ms,0.2373,
frame_ms,0.2407,
frame_ms,0.2322,
frame_ms,0.278,
frame_ms,0.2432,
frame_ms,0.222,
frame_ms,0.2203,
frame_ms,0.2608,
frame_ms,0.2447,
frame_ms,0.2315,
frame_ms,0.22,
frame_ms,0.4877,
frame_ms,0.415,
tick_us,1215.6,4400
frame_ms,2.7418,
frame_ms,0.2828,
frame_ms,0.2279,
frame_ms,0.2521,
frame_ms,0.2506,
frame_ms,0.2628,
frame_ms,0.2724,
frame_ms,0.2439,
frame_ms,0.2427,
frame_ms,0.2624,
frame_ms,0.345,
frame_ms,0.3183,
frame_ms,0.2516,
frame_ms,0.2423,
frame_ms,0.2403,
frame_ms,0.2364,
frame_ms,0.2322,
tick_us,1273,4416
frame_ms,2.7447,
frame_ms,0.3014,
frame_ms,0.2402,
frame_ms,0.2339,
frame_ms,0.2372,
frame_ms,0.2843,
frame_ms,0.237,
frame_ms,0.2243,
frame_ms,0.2221,
frame_ms,0.442,
frame_ms,0.2985,
frame_ms,0.2853,
frame_ms,0.2474,
frame_ms,0.2685,
frame_ms,0.2326,
frame_ms,0.2453,
frame_ms,0.2368,
tick_us,1223.5,4408
frame_ms,2.7464,
frame_ms,0.2735,
frame_ms,0.2432,
frame_ms,0.236,
frame_ms,0.225,
frame_ms,0.2805,
frame_ms,0.226,
frame_ms,0.2275,
frame_ms,0.2475,
frame_ms,0.2596,
frame_ms,0.229,
frame_ms,0.2281,
frame_ms,0.2832,
frame_ms,0.2336,
frame_ms,0.2431,
frame_ms,0.2257,
frame_ms,0.2381,
frame_ms,0.3082,
tick_us,1302.3,4436
frame_ms,3.0487,
frame_ms,0.3037,
frame_ms,0.2444,
frame_ms,0.2437,
frame_ms,0.2588,
frame_ms,0.2464,
frame_ms,0.2437,
frame_ms,0.2319,
frame_ms,0.3175,
frame_ms,0.2476,
frame_ms,0.2323,
frame_ms,0.2386,
frame_ms,0.2259,
frame_ms,0.2266,
frame_ms,0.2169,
frame_ms,0.2827,
tick_us,1255.8,4448
frame_ms,2.7289,
frame_ms,0.28,
frame_ms,0.2327,
frame_ms,0.2298,
frame_ms,0.2221,
frame_ms,0.228,
frame_ms,0.2725,
frame_ms,0.2961,
frame_ms,0.2475,
frame_ms,0.3105,
frame_ms,0.3295,
frame_ms,0.2619,
frame_ms,0.2689,
frame_ms,0.3998,
frame_ms,0.4253,
frame_ms,0.3638,
tick_us,1231.8,4434
frame_ms,2.78,
frame_ms,0.3231,
frame_ms,0.2676,
frame_ms,0.2581,
frame_ms,0.2436,
frame_ms,0.249,
frame_ms,0.2336,
frame_ms,0.2207,
frame_ms,0.2256,
frame_ms,0.2665,
frame_ms,0.2421,
frame_ms,0.2248,
frame_ms,0.2337,
frame_ms,0.2924,
frame_ms,0.2426,
frame_ms,0.241,
frame_ms,0.2288,
tick_us,1490.2,4452
frame_ms,3.2242,
frame_ms,0.2984,
frame_ms,0.2379,
frame_ms,0.2438,
frame_ms,0.2447,
frame_ms,0.2378,
frame_ms,0.2605,
frame_ms,0.2471,
frame_ms,0.2282,
frame_ms,0.2794,
frame_ms,0.2418,
frame_ms,0.2313,
frame_ms,0.2238,
frame_ms,0.2833,
frame_ms,0.2846,
frame_ms,0.2476,
tick_us,1304,4428
frame_ms,2.8285,
frame_ms,0.3251,
frame_ms,0.2427,
frame_ms,0.2364,
frame_ms,0.2255,
frame_ms,0.2228,
frame_ms,0.3816,
frame_ms,0.2946,
frame_ms,0.246,
frame_ms,0.238,
frame_ms,0.2352,
frame_ms,0.2665,
frame_ms,0.22,
frame_ms,0.2318,
frame_ms,0.2612,
frame_ms,0.2421,
frame_ms,0.2195,
tick_us,1214.8,4414
frame_ms,2.8438,
frame_ms,0.3208,
frame_ms,0.275,
frame_ms,0.2477,
frame_ms,0.3075,
frame_ms,0.2646,
frame_ms,0.2307,
frame_ms,0.2183,
frame_ms,0.2188,
frame_ms,0.2859,
frame_ms,0.2358,
frame_ms,0.22,
frame_ms,0.2565,
frame_ms,0.2377,
frame_ms,0.217,
frame_ms,0.3525,
frame_ms,0.3241,
tick_us,1342.3,4418
frame_ms,2.9601,
frame_ms,0.2906,
frame_ms,0.2541,
frame_ms,0.2577,
frame_ms,0.3099,
frame_ms,0.3054,
frame_ms,0.2649,
frame_ms,0.2482,
frame_ms,0.2492,
frame_ms,0.24,
frame_ms,0.3755,
frame_ms,0.3638,
frame_ms,0.2701,
frame_ms,0.2296,
frame_ms,0.2192,
tick_us,1317.9,4442
frame_ms,2.9399,
frame_ms,0.4555,
frame_ms,0.2985,
frame_ms,0.2298,
frame_ms,0.2267,
frame_ms,0.2492,
frame_ms,0.2289,
frame_ms,0.2256,
frame_ms,0.2253,
frame_ms,0.2269,
frame_ms,0.4641,
frame_ms,0.2749,
frame_ms,0.2544,
frame_ms,0.2263,
frame_ms,0.2314,
frame_ms,0.224,
tick_us,1251.3,4438
frame_ms,2.703,
frame_ms,0.2914,
frame_ms,0.2595,
frame_ms,0.2455,
frame_ms,0.2291,
frame_ms,0.2277,
frame_ms,0.2271,
frame_ms,0.22,
frame_ms,0.2281,
frame_ms,0.2671,
frame_ms,0.2728,
frame_ms,0.239,
frame_ms,0.2336,
frame_ms,0.232,
frame_ms,0.2239,
frame_ms,0.3197,
frame_ms,0.3138,
frame_ms,0.325,
tick_us,1310.9,4454
frame_ms,2.8147,
frame_ms,0.2523,
frame_ms,0.2336,
frame_ms,0.2275,
frame_ms,0.2729,
frame_ms,0.2329,
frame_ms,0.2403,
frame_ms,0.2319,
frame_ms,0.2246,
frame_ms,0.216,
frame_ms,0.2522,
frame_ms,0.2657,
frame_ms,0.2246,
frame_ms,0.2477,
frame_ms,0.2284,
frame_ms,0.2136,
frame_ms,0.2289,
frame_ms,0.2263,
tick_us,1238.5,4452
frame_ms,2.6846,
frame_ms,0.3015,
frame_ms,0.233,
frame_ms,0.2249,
frame_ms,0.2195,
frame_ms,0.2521,
frame_ms,0.2245,
frame_ms,0.2146,
frame_ms,0.228,
frame_ms,0.2311,
frame_ms,0.285,
frame_ms,0.265,
frame_ms,0.5474,
frame_ms,0.3586,
frame_ms,0.3038,
frame_ms,0.2373,
frame_ms,0.2124,
tick_us,1266.5,4490
frame_ms,2.7561,
frame_ms,0.3279,
frame_ms,0.2958,
frame_ms,0.2245,
frame_ms,0.2337,
frame_ms,0.2234,
frame_ms,0.218,
frame_ms,0.2134,
frame_ms,0.2721,
frame_ms,0.2781,
frame_ms,0.2331,
frame_ms,0.2251,
frame_ms,0.224,
frame_ms,0.2221,
frame_ms,0.2276,
frame_ms,0.2314,
frame_ms,0.277,
tick_us,1222.1,4506
frame_ms,2.9494,
frame_ms,0.3284,
frame_ms,0.2484,
frame_ms,0.2391,
frame_ms,0.2351,
frame_ms,0.2232,
frame_ms,0.4084,
frame_ms,0.305,
frame_ms,0.2588,
frame_ms,0.2438,
frame_ms,0.2432,
frame_ms,0.2436,
frame_ms,0.2544,
frame_ms,0.2825,
frame_ms,0.2509,
frame_ms,0.2289,
frame_ms,0.2166,
tick_us,1224.1,4490
frame_ms,2.6826,
frame_ms,0.5114,
frame_ms,0.3429,
frame_ms,0.2765,
frame_ms,0.2522,
frame_ms,0.2398,
frame_ms,0.2352,
frame_ms,0.2381,
frame_ms,0.2554,
frame_ms,0.2663,
frame_ms,0.2394,
frame_ms,0.2378,
frame_ms,0.2373,
frame_ms,0.236,
frame_ms,0.2324,
frame_ms,0.2623,
frame_ms,0.2568,
tick_us,1267.4,4480
frame_ms,2.724,
frame_ms,0.2699,
frame_ms,0.2331,
frame_ms,0.2545,
frame_ms,0.2307,
frame_ms,0.2451,
frame_ms,0.2261,
frame_ms,0.2169,
frame_ms,0.2129,
frame_ms,0.2654,
frame_ms,0.2295,
frame_ms,0.2131,
frame_ms,0.2677,
frame_ms,0.228,
frame_ms,0.2141,
frame_ms,0.2659,
frame_ms,0.248,
frame_ms,0.2224,
tick_us,1278.4,4502
frame_ms,2.706,
frame_ms,0.2501,
frame_ms,0.2266,
frame_ms,0.2332,
frame_ms,0.2275,
frame_ms,0.2808,
frame_ms,0.2259,
frame_ms,0.2268,
frame_ms,0.218,
frame_ms,0.2685,
frame_ms,0.2392,
frame_ms,0.2283,
frame_ms,0.2517,
frame_ms,0.4079,
frame_ms,0.2842,
frame_ms,0.2499,
frame_ms,0.2131,
frame_ms,0.215,
tick_us,1297.6,4520
frame_ms,2.7713,
frame_ms,0.3027,
frame_ms,0.2298,
frame_ms,0.2255,
frame_ms,0.2227,
frame_ms,0.2165,
frame_ms,0.216,
frame_ms,0.2815,
frame_ms,0.2299,
frame_ms,0.2441,
frame_ms,0.2191,
frame_ms,0.2915,
frame_ms,0.4324,
frame_ms,0.3815,
frame_ms,0.3967,
frame_ms,0.3176,
tick_us,1226.3,4510
frame_ms,2.6991,
frame_ms,0.2722,
frame_ms,0.2424,
frame_ms,0.2375,
frame_ms,0.2441,
frame_ms,0.234,
frame_ms,0.2223,
frame_ms,0.2173,
frame_ms,0.2186,
frame_ms,0.2729,
frame_ms,0.2305,
frame_ms,0.2176,
frame_ms,0.2648,
frame_ms,0.2356,
frame_ms,0.2194,
frame_ms,0.2163,
frame_ms,0.2742,
frame_ms,0.2639,
tick_us,1299.8,4514
frame_ms,3.0638,
frame_ms,0.3658,
frame_ms,0.2742,
frame_ms,0.2561,
frame_ms,0.2491,
frame_ms,0.3202,
frame_ms,0.2358,
frame_ms,0.246,
frame_ms,0.2376,
frame_ms,0.2616,
frame_ms,0.2304,
frame_ms,0.2391,
frame_ms,0.2285,
frame_ms,0.2244,
frame_ms,0.2195,
frame_ms,0.2304,
frame_ms,0.2166,
tick_us,1217.7,4498
frame_ms,2.7189,
frame_ms,0.2854,
frame_ms,0.2415,
frame_ms,0.227,
frame_ms,0.217,
frame_ms,0.2447,
frame_ms,0.2314,
frame_ms,0.2151,
frame_ms,0.2678,
frame_ms,0.247,
frame_ms,0.2227,
frame_ms,0.2278,
frame_ms,0.2482,
frame_ms,0.2306,
frame_ms,0.2316,
frame_ms,0.223,
frame_ms,0.2894,
frame_ms,0.2392,
frame_ms,0.2206,
tick_us,1237,4478
frame_ms,2.722,
frame_ms,0.3843,
frame_ms,0.2803,
frame_ms,0.2452,
frame_ms,0.2399,
frame_ms,0.2279,
frame_ms,0.2183,
frame_ms,0.2267,
frame_ms,0.2144,
frame_ms,0.2708,
frame_ms,0.232,
frame_ms,0.2142,
frame_ms,0.2532,
frame_ms,0.2266,
frame_ms,0.2359,
frame_ms,0.2658,
frame_ms,0.3001,
frame_ms,0.2573,
tick_us,1241.1,4458
frame_ms,2.6983,
frame_ms,0.2971,
frame_ms,0.249,
frame_ms,0.2485,
frame_ms,0.2369,
frame_ms,0.2432,
frame_ms,0.2917,
frame_ms,0.2415,
frame_ms,0.2379,
frame_ms,0.2625,
frame_ms,0.2308,
frame_ms,0.2212,
frame_ms,0.216,
frame_ms,0.2218,
frame_ms,0.2727,
frame_ms,0.2778,
frame_ms,0.2383,
frame_ms,0.2309,
tick_us,1264.1,4440
frame_ms,2.7251,
frame_ms,0.312,
frame_ms,0.2403,
frame_ms,0.2364,
frame_ms,0.2271,
frame_ms,0.2231,
frame_ms,0.2179,
frame_ms,0.2214,
frame_ms,0.3748,
frame_ms,0.3689,
frame_ms,0.312,
frame_ms,0.3058,
frame_ms,0.2693,
frame_ms,0.2417,
frame_ms,0.2324,
frame_ms,0.2207,
frame_ms,0.2227,
tick_us,1230.2,4472
frame_ms,2.6777,
frame_ms,0.3102,
frame_ms,0.2626,
frame_ms,0.2523,
frame_ms,0.2584,
frame_ms,0.2279,
frame_ms,0.2345,
frame_ms,0.2155,
frame_ms,0.2429,
frame_ms,0.2284,
frame_ms,0.2194,
frame_ms,0.2407,
frame_ms,0.229,
frame_ms,0.2185,
frame_ms,0.2464,
frame_ms,0.2984,
frame_ms,0.275,
frame_ms,0.2519,
tick_us,1346.5,4450
frame_ms,2.8805,
frame_ms,0.3231,
frame_ms,0.3494,
frame_ms,0.3085,
frame_ms,0.2632,
frame_ms,0.2488,
frame_ms,0.2764,
frame_ms,0.2563,
frame_ms,0.2531,
frame_ms,0.2644,
frame_ms,0.2535,
frame_ms,0.243,
frame_ms,0.2401,
frame_ms,0.2402,
frame_ms,0.4158,
tick_us,1408.7,4500
frame_ms,3.0961,
frame_ms,0.4032,
frame_ms,0.3026,
frame_ms,0.2433,
frame_ms,0.2195,
frame_ms,0.2341,
frame_ms,0.226,
frame_ms,0.2417,
frame_ms,0.2268,
frame_ms,0.2271,
frame_ms,0.2976,
frame_ms,0.2804,
frame_ms,0.2353,
frame_ms,0.2341,
frame_ms,0.2847,
frame_ms,0.2501,
tick_us,1216.4,4488
