# mode=collision,n=250,struct=grid,cell=64,depth=5,node=4,seed=43,warmup_s=2,measure_s=5,config=3D,ticks=1008,frames=23128,measured_ticks=720,startup_ms=1441.79,glfw_first_draw_ms=1354.92,renderer=NVIDIA GeForce RTX 5060 Laptop GPU/PCIe/SSE2,gl=3.3.0 NVIDIA 592.01
kind,value,extra
startup_ms,1441.79,process_to_first_frame
glfw_ms,1354.92,glfw_init_to_first_frame
mem_ws_bytes,1.1085e+08,baseline
mem_private_bytes,1.81002e+08,baseline
mem_peak_ws_bytes,1.1085e+08,baseline
mem_ws_bytes,1.11047e+08,after_spawn
mem_private_bytes,1.81174e+08,after_spawn
mem_peak_ws_bytes,1.11047e+08,after_spawn
frame_ms,0.2392,
frame_ms,0.3651,
frame_ms,0.3547,
frame_ms,0.2941,
frame_ms,0.254,
frame_ms,0.2173,
frame_ms,0.2154,
frame_ms,0.7165,
frame_ms,0.2459,
frame_ms,0.2146,
frame_ms,0.2244,
frame_ms,0.2692,
frame_ms,0.2215,
frame_ms,0.22,
frame_ms,0.2119,
frame_ms,0.4794,
frame_ms,0.2511,
frame_ms,0.2366,
frame_ms,0.2226,
frame_ms,0.219,
frame_ms,0.2164,
frame_ms,0.2434,
frame_ms,0.3334,
tick_us,137.7,6
frame_ms,0.5981,
frame_ms,0.2607,
frame_ms,0.2589,
frame_ms,0.2785,
frame_ms,0.3015,
frame_ms,0.2335,
frame_ms,0.5446,
frame_ms,0.9444,
frame_ms,0.2474,
frame_ms,0.2149,
frame_ms,0.2203,
frame_ms,0.4106,
frame_ms,0.2545,
frame_ms,0.2408,
frame_ms,0.2329,
frame_ms,0.2285,
frame_ms,0.4136,
frame_ms,0.265,
frame_ms,0.4826,
frame_ms,0.3912,
tick_us,178.3,6
frame_ms,0.6619,
frame_ms,0.2857,
frame_ms,0.2314,
frame_ms,0.2319,
frame_ms,0.2186,
frame_ms,0.2116,
frame_ms,0.2105,
frame_ms,0.2567,
frame_ms,1.2406,
frame_ms,0.2379,
frame_ms,0.2256,
frame_ms,0.2529,
frame_ms,0.3601,
frame_ms,0.2747,
frame_ms,0.2904,
frame_ms,0.2717,
frame_ms,0.2559,
frame_ms,0.265,
frame_ms,0.2934,
frame_ms,0.2247,
frame_ms,0.2181,
frame_ms,0.2161,
tick_us,153.1,4
frame_ms,0.5304,
frame_ms,0.2515,
frame_ms,0.2443,
frame_ms,0.2232,
frame_ms,0.2166,
frame_ms,0.2507,
frame_ms,0.2275,
frame_ms,0.2227,
frame_ms,0.2322,
frame_ms,0.2227,
frame_ms,1.0401,
frame_ms,0.223,
frame_ms,0.217,
frame_ms,0.2248,
frame_ms,0.4836,
frame_ms,0.4395,
frame_ms,0.3002,
frame_ms,0.2373,
frame_ms,0.2405,
frame_ms,0.464,
frame_ms,0.3143,
tick_us,153,4
frame_ms,0.5614,
frame_ms,0.2327,
frame_ms,0.2149,
frame_ms,0.2168,
frame_ms,0.2269,
frame_ms,0.2134,
frame_ms,0.2114,
frame_ms,0.6458,
frame_ms,0.2682,
frame_ms,0.225,
frame_ms,0.2161,
frame_ms,0.2155,
frame_ms,0.6118,
frame_ms,0.3233,
frame_ms,0.2825,
frame_ms,0.2757,
frame_ms,0.2565,
frame_ms,0.2594,
frame_ms,0.253,
frame_ms,0.247,
frame_ms,0.2244,
frame_ms,0.5031,
frame_ms,0.3293,
tick_us,140.1,4
frame_ms,0.6088,
frame_ms,0.2552,
frame_ms,0.2666,
frame_ms,0.3002,
frame_ms,0.2394,
frame_ms,0.2117,
frame_ms,0.2156,
frame_ms,0.2115,
frame_ms,0.2734,
frame_ms,0.2657,
frame_ms,0.2324,
frame_ms,0.2188,
frame_ms,0.5378,
frame_ms,0.3217,
frame_ms,0.2671,
frame_ms,0.2154,
frame_ms,0.2125,
frame_ms,0.2234,
frame_ms,0.2157,
frame_ms,0.2679,
frame_ms,0.2596,
frame_ms,0.2311,
frame_ms,0.2206,
frame_ms,0.2138,
frame_ms,0.2288,
frame_ms,0.2315,
tick_us,145.8,4
frame_ms,0.5111,
frame_ms,0.2388,
frame_ms,0.2964,
frame_ms,0.2654,
frame_ms,0.3424,
frame_ms,0.3191,
frame_ms,0.2529,
frame_ms,0.2119,
frame_ms,0.2177,
frame_ms,0.2113,
frame_ms,0.2428,
frame_ms,0.2322,
frame_ms,0.2127,
frame_ms,1.1702,
frame_ms,0.2236,
frame_ms,0.2266,
frame_ms,0.4381,
frame_ms,0.2562,
frame_ms,0.2168,
frame_ms,0.2131,
frame_ms,0.2163,
frame_ms,0.2271,
frame_ms,0.2383,
tick_us,137.2,4
frame_ms,0.5191,
frame_ms,0.2375,
frame_ms,0.2086,
frame_ms,0.213,
frame_ms,0.2088,
frame_ms,0.2433,
frame_ms,0.2717,
frame_ms,0.5422,
frame_ms,0.3103,
frame_ms,0.2694,
frame_ms,0.2294,
frame_ms,0.2597,
frame_ms,0.298,
frame_ms,0.2738,
frame_ms,0.7179,
frame_ms,0.2408,
frame_ms,0.215,
frame_ms,0.2174,
frame_ms,0.2167,
frame_ms,0.2241,
frame_ms,0.6944,
frame_ms,0.2427,
tick_us,129.4,4
frame_ms,0.4998,
frame_ms,0.2371,
frame_ms,0.2084,
frame_ms,0.2099,
frame_ms,0.207,
frame_ms,0.2204,
frame_ms,0.2718,
frame_ms,0.2687,
frame_ms,0.2323,
frame_ms,0.2238,
frame_ms,0.2153,
frame_ms,0.2258,
frame_ms,0.3887,
frame_ms,0.7204,
frame_ms,0.251,
frame_ms,0.2157,
frame_ms,0.5156,
frame_ms,0.2665,
frame_ms,0.2227,
frame_ms,0.2187,
frame_ms,0.2344,
frame_ms,0.2155,
frame_ms,0.2476,
frame_ms,0.2184,
frame_ms,0.2216,
tick_us,140.8,4
frame_ms,0.5421,
frame_ms,0.2472,
frame_ms,0.3355,
frame_ms,0.3539,
frame_ms,0.2662,
frame_ms,0.2709,
frame_ms,0.2818,
frame_ms,0.2723,
frame_ms,0.2741,
frame_ms,0.3069,
frame_ms,0.252,
frame_ms,0.2149,
frame_ms,0.215,
frame_ms,0.2109,
frame_ms,0.2324,
frame_ms,0.2495,
frame_ms,0.7648,
frame_ms,0.3459,
frame_ms,0.3077,
frame_ms,0.4529,
frame_ms,0.2616,
frame_ms,0.2645,
tick_us,140.5,4
frame_ms,0.5383,
frame_ms,0.2464,
frame_ms,0.2324,
frame_ms,0.2653,
frame_ms,0.2833,
frame_ms,0.2282,
frame_ms,0.2222,
frame_ms,0.5137,
frame_ms,0.3615,
frame_ms,0.2722,
frame_ms,0.2752,
frame_ms,0.2271,
frame_ms,0.2845,
frame_ms,0.2642,
frame_ms,0.2856,
frame_ms,0.5974,
frame_ms,0.2636,
frame_ms,0.2495,
frame_ms,0.2827,
frame_ms,0.2357,
frame_ms,0.5602,
frame_ms,0.3556,
tick_us,144,4
frame_ms,0.6175,
frame_ms,0.2727,
frame_ms,0.263,
frame_ms,0.214,
frame_ms,0.2163,
frame_ms,0.2109,
frame_ms,0.239,
frame_ms,0.2405,
frame_ms,0.2115,
frame_ms,0.2611,
frame_ms,0.269,
frame_ms,0.2322,
frame_ms,0.5584,
frame_ms,0.3434,
frame_ms,0.2656,
frame_ms,0.2702,
frame_ms,0.2271,
frame_ms,0.257,
frame_ms,0.2931,
frame_ms,0.4534,
frame_ms,0.2707,
frame_ms,0.2526,
frame_ms,0.2576,
frame_ms,0.2573,
tick_us,134.3,4
frame_ms,0.5548,
frame_ms,0.2876,
frame_ms,0.2527,
frame_ms,0.2231,
frame_ms,0.2283,
frame_ms,0.2204,
frame_ms,0.2132,
frame_ms,0.2581,
frame_ms,0.2333,
frame_ms,0.2163,
frame_ms,0.2601,
frame_ms,0.2343,
frame_ms,0.2137,
frame_ms,0.2381,
frame_ms,0.2437,
frame_ms,0.2159,
frame_ms,0.2714,
frame_ms,0.2214,
frame_ms,0.6143,
frame_ms,0.6941,
frame_ms,0.2664,
frame_ms,0.2741,
frame_ms,0.4268,
tick_us,132.2,4
frame_ms,0.7003,
frame_ms,0.3041,
frame_ms,0.2199,
frame_ms,0.2148,
frame_ms,0.2151,
frame_ms,0.2146,
frame_ms,0.6238,
frame_ms,0.3296,
frame_ms,0.2443,
frame_ms,0.2148,
frame_ms,0.2242,
frame_ms,0.2287,
frame_ms,0.2184,
frame_ms,0.212,
frame_ms,0.2711,
frame_ms,0.3379,
frame_ms,0.2242,
frame_ms,0.2134,
frame_ms,0.2106,
frame_ms,0.2264,
frame_ms,1.0907,
frame_ms,0.2259,
tick_us,134.7,4
frame_ms,0.4967,
frame_ms,0.2323,
frame_ms,0.211,
frame_ms,0.2239,
frame_ms,0.222,
frame_ms,0.2087,
frame_ms,0.2567,
frame_ms,0.2391,
frame_ms,0.2135,
frame_ms,0.239,
frame_ms,0.2379,
frame_ms,0.2101,
frame_ms,0.2479,
frame_ms,0.6482,
frame_ms,0.2614,
frame_ms,0.2164,
frame_ms,0.2142,
frame_ms,0.2302,
frame_ms,0.2074,
frame_ms,0.2464,
frame_ms,0.3268,
frame_ms,0.2811,
frame_ms,0.2838,
frame_ms,0.265,
frame_ms,0.252,
frame_ms,0.2568,
tick_us,122.6,2
frame_ms,0.5429,
frame_ms,0.4366,
frame_ms,0.3424,
frame_ms,0.2214,
frame_ms,0.2177,
frame_ms,0.2168,
frame_ms,0.2112,
frame_ms,0.266,
frame_ms,0.2673,
frame_ms,0.2317,
frame_ms,0.2216,
frame_ms,0.2127,
frame_ms,0.2144,
frame_ms,0.2697,
frame_ms,0.2695,
frame_ms,0.2284,
frame_ms,0.2304,
frame_ms,0.2386,
frame_ms,0.4376,
frame_ms,0.3168,
frame_ms,0.2649,
frame_ms,0.2258,
frame_ms,0.2591,
frame_ms,0.2563,
tick_us,129.3,2
frame_ms,0.9142,
frame_ms,0.248,
frame_ms,0.284,
frame_ms,0.2523,
frame_ms,0.221,
frame_ms,0.2632,
frame_ms,0.2229,
frame_ms,0.4344,
frame_ms,0.3297,
frame_ms,0.269,
frame_ms,0.249,
frame_ms,0.2694,
frame_ms,0.2916,
frame_ms,0.2915,
frame_ms,0.2658,
frame_ms,0.218,
frame_ms,0.218,
frame_ms,0.2171,
frame_ms,0.2095,
frame_ms,0.2317,
frame_ms,0.2544,
frame_ms,0.2301,
frame_ms,0.626,
tick_us,127.1,2
frame_ms,1.0576,
frame_ms,0.2588,
frame_ms,0.2227,
frame_ms,0.2159,
frame_ms,0.2169,
frame_ms,0.2129,
frame_ms,0.2451,
frame_ms,0.2545,
frame_ms,0.2257,
frame_ms,0.5107,
frame_ms,0.3461,
frame_ms,0.4003,
frame_ms,0.3285,
frame_ms,0.272,
frame_ms,0.2302,
frame_ms,0.2136,
frame_ms,0.2192,
frame_ms,0.2136,
frame_ms,0.2417,
frame_ms,0.234,
frame_ms,0.2142,
frame_ms,0.2422,
tick_us,135.6,2
frame_ms,1.4079,
frame_ms,0.2492,
frame_ms,0.2338,
frame_ms,0.2123,
frame_ms,0.2214,
frame_ms,0.314,
frame_ms,0.2141,
frame_ms,0.2107,
frame_ms,0.2036,
frame_ms,0.2025,
frame_ms,0.2473,
frame_ms,0.2294,
frame_ms,0.3608,
frame_ms,0.268,
frame_ms,0.2257,
frame_ms,0.2514,
frame_ms,0.2531,
frame_ms,0.6217,
frame_ms,0.3121,
frame_ms,0.2682,
frame_ms,0.2623,
frame_ms,0.2668,
frame_ms,0.2305,
frame_ms,0.2542,
tick_us,127.4,2
frame_ms,0.571,
frame_ms,0.2398,
frame_ms,0.2204,
frame_ms,0.2115,
frame_ms,0.2156,
frame_ms,0.2699,
frame_ms,0.231,
frame_ms,0.5892,
frame_ms,0.3289,
frame_ms,0.2627,
frame_ms,0.2376,
frame_ms,0.2547,
frame_ms,0.253,
frame_ms,0.3508,
frame_ms,0.3215,
frame_ms,0.29,
frame_ms,0.3436,
frame_ms,0.2661,
frame_ms,0.255,
frame_ms,0.238,
frame_ms,0.2381,
frame_ms,0.5315,
frame_ms,0.3224,
tick_us,139.4,2
frame_ms,1.1397,
frame_ms,0.2906,
frame_ms,0.2536,
frame_ms,0.2161,
frame_ms,0.2895,
frame_ms,0.2293,
frame_ms,0.2189,
frame_ms,0.2183,
frame_ms,0.2241,
frame_ms,0.2412,
frame_ms,0.5285,
frame_ms,0.3184,
frame_ms,0.2715,
frame_ms,0.274,
frame_ms,0.2134,
frame_ms,0.2169,
frame_ms,0.2213,
frame_ms,0.2115,
frame_ms,0.2558,
frame_ms,0.26,
frame_ms,0.2328,
frame_ms,0.2156,
frame_ms,0.2388,
frame_ms,0.2385,
tick_us,1019.2,2
frame_ms,1.3797,
frame_ms,0.2363,
frame_ms,0.2429,
frame_ms,0.2121,
frame_ms,0.2176,
frame_ms,0.222,
frame_ms,0.2137,
frame_ms,0.2692,
frame_ms,0.2417,
frame_ms,0.2127,
frame_ms,0.2425,
frame_ms,0.2314,
frame_ms,0.2102,
frame_ms,0.2828,
frame_ms,0.2458,
frame_ms,0.5022,
frame_ms,0.349,
frame_ms,0.2674,
frame_ms,0.3218,
frame_ms,0.3083,
frame_ms,0.2221,
frame_ms,0.2124,
tick_us,126.3,2
frame_ms,0.4787,
frame_ms,1.1604,
frame_ms,0.2211,
frame_ms,0.2037,
frame_ms,0.2178,
frame_ms,0.2131,
frame_ms,0.2545,
frame_ms,0.2384,
frame_ms,0.2109,
frame_ms,0.2244,
frame_ms,0.2049,
frame_ms,0.285,
frame_ms,0.3557,
frame_ms,0.3346,
frame_ms,0.223,
frame_ms,0.2195,
frame_ms,0.2174,
frame_ms,0.2096,
frame_ms,0.2484,
frame_ms,0.255,
frame_ms,0.6942,
frame_ms,0.2653,
tick_us,140.3,2
frame_ms,0.5081,
frame_ms,0.2269,
frame_ms,0.2135,
frame_ms,0.2112,
frame_ms,0.3272,
frame_ms,0.3261,
frame_ms,0.2732,
frame_ms,0.2478,
frame_ms,0.2659,
frame_ms,0.2493,
frame_ms,0.2214,
frame_ms,0.2231,
frame_ms,0.5805,
frame_ms,0.3045,
frame_ms,0.2671,
frame_ms,0.2266,
frame_ms,0.2545,
frame_ms,0.2542,
frame_ms,0.2798,
frame_ms,0.2443,
frame_ms,0.2337,
frame_ms,0.2179,
frame_ms,0.2131,
frame_ms,0.2498,
frame_ms,0.2647,
frame_ms,0.2284,
tick_us,128.6,4
frame_ms,0.827,
frame_ms,1.0931,
frame_ms,0.2323,
frame_ms,0.2673,
frame_ms,0.235,
frame_ms,0.2283,
frame_ms,0.2207,
frame_ms,0.2129,
frame_ms,0.2319,
frame_ms,0.2439,
frame_ms,0.2206,
frame_ms,0.2343,
frame_ms,0.2364,
frame_ms,0.6389,
frame_ms,0.2678,
frame_ms,0.2184,
frame_ms,0.2726,
frame_ms,0.2256,
frame_ms,0.219,
frame_ms,0.2241,
frame_ms,0.2074,
tick_us,126.6,4
frame_ms,0.539,
frame_ms,0.277,
frame_ms,0.2452,
frame_ms,0.2168,
frame_ms,1.0955,
frame_ms,0.229,
frame_ms,0.2121,
frame_ms,0.2247,
frame_ms,0.2239,
frame_ms,0.2327,
frame_ms,0.2116,
frame_ms,0.2598,
frame_ms,0.2363,
frame_ms,0.2189,
frame_ms,0.2395,
frame_ms,0.2381,
frame_ms,0.2151,
frame_ms,0.2359,
frame_ms,0.2386,
frame_ms,0.2154,
frame_ms,0.2385,
frame_ms,0.6932,
frame_ms,0.3213,
tick_us,141,4
frame_ms,0.5899,
frame_ms,0.255,
frame_ms,0.2706,
frame_ms,0.284,
frame_ms,0.2658,
frame_ms,0.2731,
frame_ms,0.6407,
frame_ms,0.276,
frame_ms,0.23,
frame_ms,0.2236,
frame_ms,0.4782,
frame_ms,0.269,
frame_ms,0.2202,
frame_ms,0.2135,
frame_ms,0.2169,
frame_ms,0.2139,
frame_ms,0.2521,
frame_ms,0.2559,
frame_ms,0.2284,
frame_ms,0.2202,
frame_ms,0.2191,
frame_ms,0.2852,
frame_ms,0.2313,
frame_ms,0.219,
tick_us,124.6,4
frame_ms,0.4973,
frame_ms,0.2289,
frame_ms,0.212,
frame_ms,0.2193,
frame_ms,0.2148,
frame_ms,0.2131,
frame_ms,0.2102,
frame_ms,1.1452,
frame_ms,0.2247,
frame_ms,0.2059,
frame_ms,0.2135,
frame_ms,0.6992,
frame_ms,0.2717,
frame_ms,0.2454,
frame_ms,0.2167,
frame_ms,0.254,
frame_ms,0.2594,
frame_ms,0.2208,
frame_ms,0.2198,
frame_ms,0.2168,
frame_ms,0.2133,
frame_ms,0.2325,
frame_ms,0.2266,
frame_ms,0.2166,
tick_us,140.5,4
frame_ms,0.5524,
frame_ms,0.2429,
frame_ms,0.208,
frame_ms,0.2129,
frame_ms,0.2043,
frame_ms,0.2316,
frame_ms,0.7326,
frame_ms,0.6564,
frame_ms,0.2567,
frame_ms,0.2153,
frame_ms,0.2478,
frame_ms,0.2161,
frame_ms,0.21,
frame_ms,0.3183,
frame_ms,0.2288,
frame_ms,0.2143,
frame_ms,0.2064,
frame_ms,0.2564,
frame_ms,0.2247,
frame_ms,0.2259,
frame_ms,0.7061,
frame_ms,0.3499,
tick_us,139.4,4
frame_ms,0.605,
frame_ms,0.2594,
frame_ms,0.2782,
frame_ms,0.3254,
frame_ms,0.2824,
frame_ms,0.2797,
frame_ms,0.222,
frame_ms,0.2192,
frame_ms,0.2092,
frame_ms,0.207,
frame_ms,0.2709,
frame_ms,0.6632,
frame_ms,0.2681,
frame_ms,0.3219,
frame_ms,0.2756,
frame_ms,0.2716,
frame_ms,0.2883,
frame_ms,0.2888,
frame_ms,0.3615,
frame_ms,0.2696,
frame_ms,0.2235,
frame_ms,0.2318,
frame_ms,0.2348,
tick_us,144,4
frame_ms,0.5172,
frame_ms,0.2532,
frame_ms,0.3675,
frame_ms,0.2756,
frame_ms,0.216,
frame_ms,0.2127,
frame_ms,0.2202,
frame_ms,0.2055,
frame_ms,0.2069,
frame_ms,0.5968,
frame_ms,0.211,
frame_ms,0.2162,
frame_ms,0.2144,
frame_ms,0.2079,
frame_ms,0.2059,
frame_ms,0.2512,
frame_ms,0.2622,
frame_ms,0.6469,
frame_ms,0.3426,
frame_ms,0.2773,
frame_ms,0.2521,
frame_ms,0.2611,
frame_ms,0.237,
frame_ms,0.2309,
frame_ms,0.2134,
tick_us,146.1,4
frame_ms,0.5233,
frame_ms,0.2317,
frame_ms,0.2193,
frame_ms,0.2155,
frame_ms,0.2117,
frame_ms,0.2462,
frame_ms,0.695,
frame_ms,0.3352,
frame_ms,0.2434,
frame_ms,0.2123,
frame_ms,0.3472,
frame_ms,0.2433,
frame_ms,0.2177,
frame_ms,0.2139,
frame_ms,0.2115,
frame_ms,0.2155,
frame_ms,0.2805,
frame_ms,0.2426,
frame_ms,0.252,
frame_ms,0.3107,
frame_ms,0.224,
frame_ms,0.5976,
frame_ms,0.3361,
tick_us,143.4,4
frame_ms,0.6043,
frame_ms,0.2496,
frame_ms,0.2534,
frame_ms,0.2688,
frame_ms,0.2667,
frame_ms,0.2605,
frame_ms,0.2571,
frame_ms,0.2569,
frame_ms,0.2548,
frame_ms,0.2542,
frame_ms,0.261,
frame_ms,0.2673,
frame_ms,0.3947,
frame_ms,0.3169,
frame_ms,0.2685,
frame_ms,0.226,
frame_ms,0.2566,
frame_ms,0.2813,
frame_ms,0.3187,
frame_ms,0.2497,
frame_ms,0.2469,
frame_ms,0.2458,
frame_ms,0.2454,
frame_ms,0.2436,
frame_ms,0.2937,
tick_us,133.1,4
frame_ms,1.0961,
frame_ms,0.2808,
frame_ms,0.2522,
frame_ms,0.2388,
frame_ms,0.2156,
frame_ms,0.2192,
frame_ms,0.2166,
frame_ms,0.221,
frame_ms,0.2082,
frame_ms,1.1746,
frame_ms,0.2804,
frame_ms,0.2451,
frame_ms,0.2222,
frame_ms,0.2434,
frame_ms,0.2258,
frame_ms,0.2243,
frame_ms,0.2214,
frame_ms,0.2143,
frame_ms,0.2241,
frame_ms,0.2397,
frame_ms,0.2209,
frame_ms,0.2326,
tick_us,133.8,4
frame_ms,0.579,
frame_ms,0.24,
frame_ms,0.2108,
frame_ms,0.2169,
frame_ms,0.2171,
frame_ms,0.2239,
frame_ms,0.758,
frame_ms,0.3152,
frame_ms,0.2689,
frame_ms,0.2419,
frame_ms,0.2573,
frame_ms,0.2587,
frame_ms,0.2562,
frame_ms,0.3168,
frame_ms,0.2257,
frame_ms,0.2174,
frame_ms,0.2536,
frame_ms,0.2398,
frame_ms,0.2222,
frame_ms,0.2145,
frame_ms,0.2137,
frame_ms,0.5989,
frame_ms,0.3207,
tick_us,132.9,6
frame_ms,0.5906,
frame_ms,0.261,
frame_ms,0.2665,
frame_ms,0.2099,
frame_ms,0.2126,
frame_ms,0.2091,
frame_ms,0.3793,
frame_ms,0.329,
frame_ms,0.242,
frame_ms,0.2108,
frame_ms,0.2155,
frame_ms,0.2113,
frame_ms,0.523,
frame_ms,0.459,
frame_ms,0.2749,
frame_ms,0.2281,
frame_ms,0.2591,
frame_ms,0.2834,
frame_ms,0.2783,
frame_ms,0.2256,
frame_ms,0.2123,
frame_ms,0.2074,
frame_ms,0.2454,
frame_ms,0.2719,
frame_ms,0.2292,
tick_us,125.8,6
frame_ms,0.4959,
frame_ms,0.2399,
frame_ms,0.2206,
frame_ms,0.2191,
frame_ms,0.2257,
frame_ms,0.2564,
frame_ms,0.2249,
frame_ms,0.2156,
frame_ms,0.2598,
frame_ms,0.2831,
frame_ms,0.2643,
frame_ms,0.2574,
frame_ms,0.2585,
frame_ms,0.2574,
frame_ms,0.2604,
frame_ms,1.0272,
frame_ms,0.3142,
frame_ms,0.2676,
frame_ms,0.27,
frame_ms,0.2772,
frame_ms,0.267,
frame_ms,0.218,
frame_ms,0.2181,
tick_us,134.1,6
frame_ms,0.4974,
frame_ms,0.2389,
frame_ms,0.2096,
frame_ms,0.2238,
frame_ms,0.2111,
frame_ms,0.2407,
frame_ms,0.2278,
frame_ms,0.666,
frame_ms,0.2579,
frame_ms,0.2164,
frame_ms,0.215,
frame_ms,0.225,
frame_ms,0.2071,
frame_ms,0.2126,
frame_ms,0.2794,
frame_ms,1.2214,
frame_ms,0.3108,
frame_ms,0.2452,
frame_ms,0.2262,
frame_ms,0.2256,
frame_ms,0.3209,
frame_ms,0.2448,
frame_ms,0.222,
tick_us,139.7,6
frame_ms,0.5085,
frame_ms,0.2377,
frame_ms,0.2099,
frame_ms,0.2118,
frame_ms,0.2255,
frame_ms,0.21,
frame_ms,0.2577,
frame_ms,0.2804,
frame_ms,0.2461,
frame_ms,0.2384,
frame_ms,0.2788,
frame_ms,0.2413,
frame_ms,0.5808,
frame_ms,0.3554,
frame_ms,0.2785,
frame_ms,0.2125,
frame_ms,0.222,
frame_ms,0.2153,
frame_ms,0.2083,
frame_ms,0.2529,
frame_ms,0.2674,
frame_ms,0.2676,
frame_ms,0.3022,
frame_ms,0.2387,
frame_ms,0.2315,
tick_us,137.7,6
frame_ms,0.5086,
frame_ms,0.2394,
frame_ms,0.3397,
frame_ms,0.2594,
frame_ms,0.2177,
frame_ms,0.2147,
frame_ms,0.2256,
frame_ms,0.2063,
frame_ms,0.2524,
frame_ms,0.2312,
frame_ms,0.2106,
frame_ms,0.2706,
frame_ms,0.271,
frame_ms,0.2295,
frame_ms,0.2336,
frame_ms,0.2151,
frame_ms,0.2127,
frame_ms,0.2437,
frame_ms,0.6856,
frame_ms,0.3244,
frame_ms,0.2649,
frame_ms,0.4533,
frame_ms,0.2872,
frame_ms,0.25,
frame_ms,0.2129,
tick_us,134.5,6
frame_ms,0.5074,
frame_ms,0.2324,
frame_ms,0.2091,
frame_ms,0.2259,
frame_ms,0.2139,
frame_ms,0.227,
frame_ms,0.2386,
frame_ms,0.5172,
frame_ms,0.3313,
frame_ms,0.2511,
frame_ms,0.2229,
frame_ms,0.2091,
frame_ms,0.2114,
frame_ms,0.2439,
frame_ms,0.2489,
frame_ms,0.2281,
frame_ms,0.2115,
frame_ms,0.2423,
frame_ms,0.9754,
frame_ms,0.2264,
frame_ms,0.2078,
frame_ms,0.3863,
frame_ms,0.2677,
tick_us,121.3,6
frame_ms,0.478,
frame_ms,0.226,
frame_ms,0.2089,
frame_ms,0.2116,
frame_ms,0.2075,
frame_ms,0.2438,
frame_ms,0.2293,
frame_ms,0.2112,
frame_ms,0.2736,
frame_ms,0.3194,
frame_ms,0.2706,
frame_ms,0.2838,
frame_ms,0.2287,
frame_ms,0.4704,
frame_ms,0.2633,
frame_ms,0.219,
frame_ms,0.2129,
frame_ms,0.2173,
frame_ms,0.2305,
frame_ms,0.2116,
frame_ms,0.2314,
frame_ms,0.3559,
frame_ms,0.4532,
frame_ms,0.2424,
frame_ms,0.2087,
frame_ms,0.2578,
tick_us,122.5,4
frame_ms,0.6935,
frame_ms,0.2718,
frame_ms,0.2197,
frame_ms,0.2192,
frame_ms,0.2094,
frame_ms,0.2651,
frame_ms,0.2258,
frame_ms,0.2165,
frame_ms,0.21,
frame_ms,0.2084,
frame_ms,0.2621,
frame_ms,0.2356,
frame_ms,0.2123,
frame_ms,0.2087,
frame_ms,0.242,
frame_ms,0.2325,
frame_ms,0.2109,
frame_ms,0.2752,
frame_ms,0.6167,
frame_ms,0.3354,
frame_ms,0.2621,
frame_ms,0.6715,
frame_ms,0.354,
tick_us,139.8,4
frame_ms,0.6508,
frame_ms,0.2683,
frame_ms,0.2196,
frame_ms,0.2152,
frame_ms,0.2099,
frame_ms,0.2248,
frame_ms,0.2884,
frame_ms,0.4599,
frame_ms,0.317,
frame_ms,0.2755,
frame_ms,0.2706,
frame_ms,0.2301,
frame_ms,0.2551,
frame_ms,0.2772,
frame_ms,0.2663,
frame_ms,0.2271,
frame_ms,0.2175,
frame_ms,0.2174,
frame_ms,0.2114,
frame_ms,0.2401,
frame_ms,0.234,
frame_ms,1.149,
frame_ms,0.2073,
tick_us,135.9,4
frame_ms,0.5081,
frame_ms,0.2286,
frame_ms,0.2094,
frame_ms,0.2116,
frame_ms,0.263,
frame_ms,0.2121,
frame_ms,0.2371,
frame_ms,0.2604,
frame_ms,0.3992,
frame_ms,0.2967,
frame_ms,0.2769,
frame_ms,0.2272,
frame_ms,0.4075,
frame_ms,0.2715,
frame_ms,0.3357,
frame_ms,0.2475,
frame_ms,0.2142,
frame_ms,0.2119,
frame_ms,0.2205,
frame_ms,0.2091,
frame_ms,0.2604,
frame_ms,1.1142,
tick_us,137,4
frame_ms,0.5056,
frame_ms,0.2321,
frame_ms,0.2239,
frame_ms,0.2247,
frame_ms,0.2185,
frame_ms,0.2078,
frame_ms,0.2501,
frame_ms,0.3002,
frame_ms,0.2675,
frame_ms,0.2867,
frame_ms,0.2542,
frame_ms,0.254,
frame_ms,0.2519,
frame_ms,0.2888,
frame_ms,0.2444,
frame_ms,0.2216,
frame_ms,0.2745,
frame_ms,0.2292,
frame_ms,0.5181,
frame_ms,0.3423,
frame_ms,0.2644,
frame_ms,0.2273,
frame_ms,0.2532,
frame_ms,0.2496,
tick_us,141.6,4
frame_ms,0.9115,
frame_ms,0.2413,
frame_ms,0.2507,
frame_ms,0.2559,
frame_ms,0.2546,
frame_ms,0.2577,
frame_ms,0.2756,
frame_ms,0.3801,
frame_ms,0.3108,
frame_ms,0.2584,
frame_ms,0.2304,
frame_ms,0.2294,
frame_ms,0.2363,
frame_ms,0.2312,
frame_ms,0.261,
frame_ms,0.2503,
frame_ms,0.5467,
frame_ms,0.3254,
frame_ms,0.2466,
frame_ms,0.2107,
frame_ms,0.2185,
tick_us,141.7,4
frame_ms,1.6325,
frame_ms,0.3434,
frame_ms,0.3567,
frame_ms,0.333,
frame_ms,0.3248,
frame_ms,0.3322,
frame_ms,0.3288,
frame_ms,0.3306,
frame_ms,0.3557,
frame_ms,0.2545,
frame_ms,0.2156,
frame_ms,0.2317,
frame_ms,0.2116,
frame_ms,0.2642,
frame_ms,0.289,
frame_ms,0.2622,
frame_ms,0.2565,
frame_ms,0.2563,
frame_ms,0.2568,
frame_ms,0.2539,
frame_ms,0.2964,
frame_ms,0.241,
tick_us,139.8,4
frame_ms,1.4627,
frame_ms,0.2445,
frame_ms,0.2135,
frame_ms,0.2165,
frame_ms,0.213,
frame_ms,0.2283,
frame_ms,0.2212,
frame_ms,0.2358,
frame_ms,0.2208,
frame_ms,0.2245,
frame_ms,0.2993,
frame_ms,0.261,
frame_ms,0.2261,
frame_ms,0.2183,
frame_ms,0.2165,
frame_ms,0.2446,
frame_ms,0.5379,
frame_ms,0.3389,
frame_ms,0.2689,
frame_ms,0.2235,
frame_ms,0.2542,
frame_ms,0.3934,
frame_ms,0.2701,
tick_us,128.9,4
frame_ms,0.5085,
frame_ms,0.2282,
frame_ms,0.2087,
frame_ms,0.2154,
frame_ms,0.2101,
frame_ms,0.2291,
frame_ms,0.2431,
frame_ms,0.5714,
frame_ms,0.3388,
frame_ms,0.2716,
frame_ms,0.2263,
frame_ms,0.2537,
frame_ms,0.2592,
frame_ms,0.2953,
frame_ms,0.2736,
frame_ms,0.223,
frame_ms,0.212,
frame_ms,0.2078,
frame_ms,0.2075,
frame_ms,0.2484,
frame_ms,0.2333,
frame_ms,0.2165,
frame_ms,0.7048,
frame_ms,0.3353,
tick_us,139.8,4
frame_ms,0.5807,
frame_ms,0.2468,
frame_ms,0.2522,
frame_ms,0.2621,
frame_ms,0.2618,
frame_ms,0.2526,
frame_ms,0.264,
frame_ms,0.2236,
frame_ms,0.2167,
frame_ms,0.2132,
frame_ms,0.2112,
frame_ms,0.2597,
frame_ms,0.5903,
frame_ms,0.3609,
frame_ms,0.255,
frame_ms,0.2131,
frame_ms,0.2111,
frame_ms,0.2364,
frame_ms,0.2079,
frame_ms,0.2231,
frame_ms,0.2261,
frame_ms,0.2176,
frame_ms,0.2565,
frame_ms,0.2639,
frame_ms,0.2324,
frame_ms,0.2205,
tick_us,139.6,4
frame_ms,1.2212,
frame_ms,0.2378,
frame_ms,0.4713,
frame_ms,0.3335,
frame_ms,0.2601,
frame_ms,0.2175,
frame_ms,0.2218,
frame_ms,0.2435,
frame_ms,0.3027,
frame_ms,0.2462,
frame_ms,0.2313,
frame_ms,0.3292,
frame_ms,0.341,
frame_ms,0.5571,
frame_ms,0.3224,
frame_ms,0.2693,
frame_ms,0.2284,
frame_ms,0.2565,
frame_ms,0.2562,
frame_ms,0.2817,
tick_us,124.3,4
frame_ms,0.5517,
frame_ms,0.2385,
frame_ms,0.9595,
frame_ms,0.2342,
frame_ms,0.2132,
frame_ms,0.3429,
frame_ms,0.2771,
frame_ms,0.2186,
frame_ms,0.2314,
frame_ms,0.2191,
frame_ms,0.2125,
frame_ms,0.2503,
frame_ms,0.2567,
frame_ms,0.2275,
frame_ms,0.2251,
frame_ms,0.2141,
frame_ms,0.2452,
frame_ms,0.2521,
frame_ms,0.2416,
frame_ms,0.2265,
frame_ms,0.2299,
frame_ms,0.626,
frame_ms,0.2648,
tick_us,134.5,4
frame_ms,0.5037,
frame_ms,0.2296,
frame_ms,0.2114,
frame_ms,0.2131,
frame_ms,0.2059,
frame_ms,0.4217,
frame_ms,0.3171,
frame_ms,0.2754,
frame_ms,0.2524,
frame_ms,0.2601,
frame_ms,0.7619,
frame_ms,0.4256,
frame_ms,0.2385,
frame_ms,0.2554,
frame_ms,0.2552,
frame_ms,0.2536,
frame_ms,0.2553,
frame_ms,0.2544,
frame_ms,0.2638,
frame_ms,0.2558,
frame_ms,0.2563,
frame_ms,0.2548,
frame_ms,0.2545,
frame_ms,0.2537,
tick_us,138.7,2
frame_ms,0.5997,
frame_ms,0.3072,
frame_ms,0.234,
frame_ms,1.1676,
frame_ms,0.2158,
frame_ms,0.2185,
frame_ms,0.2457,
frame_ms,0.2235,
frame_ms,0.2123,
frame_ms,0.2729,
frame_ms,0.2416,
frame_ms,0.2154,
frame_ms,0.2443,
frame_ms,0.7149,
frame_ms,0.3241,
frame_ms,0.2662,
frame_ms,0.24,
frame_ms,0.2528,
frame_ms,0.2502,
frame_ms,0.2762,
tick_us,127.5,4
frame_ms,0.5458,
frame_ms,0.2432,
frame_ms,0.2146,
frame_ms,0.2199,
frame_ms,0.2196,
frame_ms,1.1527,
frame_ms,0.2253,
frame_ms,0.2072,
frame_ms,0.2143,
frame_ms,0.2114,
frame_ms,0.2087,
frame_ms,0.2544,
frame_ms,0.2655,
frame_ms,0.2301,
frame_ms,0.2185,
frame_ms,0.2119,
frame_ms,0.3581,
frame_ms,0.2765,
frame_ms,0.2193,
frame_ms,0.2342,
frame_ms,0.2808,
frame_ms,0.5191,
frame_ms,0.3338,
tick_us,125.1,4
frame_ms,0.5297,
frame_ms,0.2295,
frame_ms,0.2091,
frame_ms,0.2154,
frame_ms,0.2068,
frame_ms,0.2439,
frame_ms,1.0267,
frame_ms,0.2292,
frame_ms,0.2162,
frame_ms,0.2341,
frame_ms,0.5252,
frame_ms,0.2563,
frame_ms,0.2152,
frame_ms,0.2232,
frame_ms,0.2149,
frame_ms,0.2104,
frame_ms,0.2705,
frame_ms,0.2594,
frame_ms,0.2258,
frame_ms,0.2196,
frame_ms,0.2166,
frame_ms,0.2424,
frame_ms,0.2275,
frame_ms,0.2143,
tick_us,135.9,4
frame_ms,0.5313,
frame_ms,0.2427,
frame_ms,0.3573,
frame_ms,0.3192,
frame_ms,0.2628,
frame_ms,0.2381,
frame_ms,0.2531,
frame_ms,0.2593,
frame_ms,0.2531,
frame_ms,0.2678,
frame_ms,0.2577,
frame_ms,0.2661,
frame_ms,0.2623,
frame_ms,0.2588,
frame_ms,0.2541,
frame_ms,0.2841,
frame_ms,0.2504,
frame_ms,0.4877,
frame_ms,0.27,
frame_ms,0.2344,
frame_ms,0.2135,
frame_ms,0.2114,
frame_ms,0.3471,
frame_ms,0.2824,
frame_ms,0.2211,
tick_us,138.2,4
frame_ms,0.5121,
frame_ms,0.233,
frame_ms,0.2106,
frame_ms,0.2294,
frame_ms,0.2287,
frame_ms,0.2161,
frame_ms,0.2125,
frame_ms,1.4359,
frame_ms,0.2459,
frame_ms,0.2157,
frame_ms,0.2259,
frame_ms,0.2685,
frame_ms,0.2215,
frame_ms,0.21,
frame_ms,0.2062,
frame_ms,0.2542,
frame_ms,0.2572,
frame_ms,0.2125,
frame_ms,0.2557,
frame_ms,0.7424,
frame_ms,0.261,
tick_us,144.9,4
frame_ms,0.5258,
frame_ms,0.2406,
frame_ms,0.2221,
frame_ms,0.2349,
frame_ms,0.2275,
frame_ms,0.2376,
frame_ms,0.2126,
frame_ms,0.2589,
frame_ms,0.2513,
frame_ms,1.1762,
frame_ms,0.217,
frame_ms,0.2113,
frame_ms,0.2579,
frame_ms,0.2571,
frame_ms,0.2278,
frame_ms,0.2205,
frame_ms,0.2181,
frame_ms,0.2256,
frame_ms,0.2467,
frame_ms,0.2546,
frame_ms,0.2252,
frame_ms,0.2163,
frame_ms,0.2244,
frame_ms,0.2282,
frame_ms,0.2225,
tick_us,154.1,4
frame_ms,0.5693,
frame_ms,0.2339,
frame_ms,0.2149,
frame_ms,0.7209,
frame_ms,0.5702,
frame_ms,0.2603,
frame_ms,0.2173,
frame_ms,0.2142,
frame_ms,0.3281,
frame_ms,0.3242,
frame_ms,0.2799,
frame_ms,0.2537,
frame_ms,0.2844,
frame_ms,0.2288,
frame_ms,0.4472,
frame_ms,0.2666,
frame_ms,0.2214,
frame_ms,0.2201,
frame_ms,0.2214,
frame_ms,0.2092,
frame_ms,0.2639,
frame_ms,0.2583,
tick_us,130.6,4
frame_ms,0.5048,
frame_ms,0.2269,
frame_ms,0.2081,
frame_ms,0.2131,
frame_ms,0.2083,
frame_ms,0.234,
frame_ms,0.2326,
frame_ms,0.6686,
frame_ms,0.3759,
frame_ms,0.2468,
frame_ms,0.2303,
frame_ms,0.2497,
frame_ms,0.2331,
frame_ms,0.2358,
frame_ms,0.2957,
frame_ms,0.8969,
frame_ms,0.2672,
frame_ms,0.218,
frame_ms,0.2149,
frame_ms,0.2119,
frame_ms,0.4946,
frame_ms,0.2928,
tick_us,142.7,4
frame_ms,0.5184,
frame_ms,0.229,
frame_ms,0.2138,
frame_ms,0.233,
frame_ms,0.2197,
frame_ms,0.2166,
frame_ms,0.2866,
frame_ms,0.281,
frame_ms,0.2402,
frame_ms,0.2252,
frame_ms,0.2246,
frame_ms,0.3404,
frame_ms,0.5078,
frame_ms,0.3715,
frame_ms,0.2701,
frame_ms,0.2507,
frame_ms,0.2306,
frame_ms,0.2572,
frame_ms,0.2228,
frame_ms,0.2393,
frame_ms,0.2193,
frame_ms,0.2462,
frame_ms,0.2922,
frame_ms,0.2178,
frame_ms,0.2129,
frame_ms,0.2305,
tick_us,146.4,4
frame_ms,0.5252,
frame_ms,0.2383,
frame_ms,0.3026,
frame_ms,0.3305,
frame_ms,0.268,
frame_ms,0.2457,
frame_ms,0.2618,
frame_ms,0.2817,
frame_ms,0.307,
frame_ms,0.8984,
frame_ms,0.703,
frame_ms,0.4501,
frame_ms,0.5811,
frame_ms,0.3105,
frame_ms,0.2528,
frame_ms,0.2211,
frame_ms,0.3025,
frame_ms,0.6143,
tick_us,136.5,4
frame_ms,0.6647,
frame_ms,0.3404,
frame_ms,0.4372,
frame_ms,0.2349,
frame_ms,0.3211,
frame_ms,0.3897,
frame_ms,0.3365,
frame_ms,0.3692,
frame_ms,0.4442,
frame_ms,2.1208,
frame_ms,1.0174,
tick_us,144,4
frame_ms,1.0524,
frame_ms,0.5664,
frame_ms,0.3906,
frame_ms,0.4358,
frame_ms,0.4657,
frame_ms,0.3763,
frame_ms,0.3714,
frame_ms,0.6082,
frame_ms,0.3461,
frame_ms,0.2703,
tick_us,154.6,4
frame_ms,8.6307,
tick_us,142.4,4
frame_ms,1.3885,
frame_ms,0.4378,
frame_ms,0.3244,
frame_ms,0.3165,
frame_ms,0.2522,
frame_ms,0.2576,
frame_ms,0.3786,
frame_ms,1.8496,
frame_ms,0.4855,
frame_ms,0.5083,
tick_us,145,4
frame_ms,1.991,
frame_ms,0.8321,
frame_ms,0.5694,
frame_ms,0.6046,
frame_ms,0.8494,
frame_ms,0.3071,
frame_ms,0.2962,
frame_ms,0.2542,
frame_ms,0.2678,
frame_ms,0.247,
frame_ms,0.2921,
frame_ms,0.2354,
frame_ms,0.2315,
frame_ms,0.2721,
frame_ms,0.2653,
frame_ms,0.2384,
frame_ms,0.2435,
frame_ms,0.3116,
tick_us,140.8,2
frame_ms,0.6298,
frame_ms,1.9255,
frame_ms,0.6894,
frame_ms,0.3885,
frame_ms,0.2576,
frame_ms,0.2807,
frame_ms,0.3728,
frame_ms,1.2591,
frame_ms,0.2875,
frame_ms,0.3305,
frame_ms,0.3695,
tick_us,140.2,2
frame_ms,0.6109,
frame_ms,0.3017,
frame_ms,0.2386,
frame_ms,0.2187,
frame_ms,0.22,
frame_ms,0.2222,
frame_ms,0.2416,
frame_ms,0.2546,
frame_ms,0.2286,
frame_ms,0.2191,
frame_ms,0.2614,
frame_ms,0.2604,
frame_ms,0.2308,
frame_ms,0.2397,
frame_ms,0.2876,
frame_ms,0.2567,
frame_ms,0.24,
frame_ms,0.2297,
frame_ms,0.218,
frame_ms,1.2099,
frame_ms,0.2749,
frame_ms,0.2292,
frame_ms,0.2303,
tick_us,147.8,2
frame_ms,0.567,
frame_ms,0.2518,
frame_ms,0.2256,
frame_ms,0.3097,
frame_ms,0.2952,
frame_ms,0.2338,
frame_ms,0.2202,
frame_ms,0.2206,
frame_ms,0.221,
frame_ms,0.766,
frame_ms,0.3742,
frame_ms,0.3361,
frame_ms,0.2588,
frame_ms,0.2324,
frame_ms,0.24,
frame_ms,0.2883,
frame_ms,0.2437,
frame_ms,0.9874,
frame_ms,0.3396,
frame_ms,0.2987,
tick_us,151.9,2
frame_ms,0.5865,
frame_ms,0.239,
frame_ms,0.2317,
frame_ms,0.2285,
frame_ms,0.2275,
frame_ms,0.2369,
frame_ms,0.2252,
frame_ms,0.2678,
frame_ms,0.2998,
frame_ms,0.2833,
frame_ms,0.2359,
frame_ms,0.2234,
frame_ms,0.2262,
frame_ms,0.2184,
frame_ms,0.2171,
frame_ms,0.2654,
frame_ms,0.2679,
frame_ms,0.2453,
frame_ms,0.2326,
frame_ms,0.2235,
frame_ms,0.2546,
frame_ms,1.2782,
frame_ms,0.2227,
tick_us,148.8,2
frame_ms,0.5573,
frame_ms,0.2393,
frame_ms,0.2172,
frame_ms,0.2218,
frame_ms,0.2238,
frame_ms,0.2232,
frame_ms,0.239,
frame_ms,0.2624,
frame_ms,0.2484,
frame_ms,0.2557,
frame_ms,0.2534,
frame_ms,0.228,
frame_ms,0.2255,
frame_ms,0.2476,
frame_ms,0.2212,
frame_ms,0.3902,
frame_ms,0.291,
frame_ms,0.2578,
frame_ms,0.278,
frame_ms,0.2395,
frame_ms,0.3043,
frame_ms,0.2422,
frame_ms,0.2549,
frame_ms,0.2365,
frame_ms,0.3726,
frame_ms,0.3066,
tick_us,156.8,2
frame_ms,0.6383,
frame_ms,0.2877,
frame_ms,0.2575,
frame_ms,0.2271,
frame_ms,0.2469,
frame_ms,0.2734,
frame_ms,0.3146,
frame_ms,0.2825,
frame_ms,0.2372,
frame_ms,0.2931,
frame_ms,0.2793,
frame_ms,0.258,
frame_ms,0.2449,
frame_ms,0.2351,
frame_ms,0.2247,
frame_ms,0.2127,
frame_ms,0.3038,
frame_ms,0.2313,
frame_ms,0.2241,
frame_ms,0.2267,
frame_ms,0.2389,
frame_ms,1.0608,
frame_ms,0.2516,
tick_us,151.6,2
frame_ms,0.5572,
frame_ms,0.2565,
frame_ms,0.2669,
frame_ms,0.2452,
frame_ms,0.2317,
frame_ms,0.2274,
frame_ms,0.2296,
frame_ms,0.2284,
frame_ms,0.2391,
frame_ms,0.2324,
frame_ms,0.2853,
frame_ms,0.2401,
frame_ms,0.2234,
frame_ms,0.2355,
frame_ms,0.3203,
frame_ms,0.2119,
frame_ms,0.4015,
frame_ms,0.3927,
frame_ms,0.2964,
frame_ms,0.7214,
frame_ms,0.2974,
frame_ms,0.2557,
frame_ms,0.2997,
tick_us,149.6,2
frame_ms,0.585,
frame_ms,0.2607,
frame_ms,0.497,
frame_ms,0.5358,
frame_ms,0.3557,
frame_ms,0.2523,
frame_ms,0.2591,
frame_ms,0.2442,
frame_ms,0.2848,
frame_ms,0.2398,
frame_ms,0.2571,
frame_ms,0.2408,
frame_ms,0.2328,
frame_ms,0.2282,
frame_ms,0.2182,
frame_ms,0.2172,
frame_ms,0.276,
frame_ms,0.2794,
frame_ms,0.2427,
frame_ms,0.3222,
frame_ms,0.2642,
frame_ms,0.2558,
frame_ms,0.2471,
tick_us,157.2,2
frame_ms,0.5558,
frame_ms,0.3088,
frame_ms,0.2937,
frame_ms,0.2534,
frame_ms,0.2168,
frame_ms,0.3793,
frame_ms,0.411,
frame_ms,0.223,
frame_ms,0.2446,
frame_ms,0.2232,
frame_ms,0.3012,
frame_ms,0.3359,
frame_ms,0.2906,
frame_ms,0.2643,
frame_ms,0.2883,
frame_ms,0.3092,
frame_ms,0.2531,
frame_ms,0.2465,
frame_ms,0.5184,
frame_ms,0.4034,
frame_ms,0.2423,
frame_ms,0.2328,
frame_ms,0.2336,
tick_us,141.5,2
frame_ms,0.9708,
frame_ms,0.3467,
frame_ms,0.3304,
frame_ms,0.2624,
frame_ms,0.238,
frame_ms,0.2356,
frame_ms,0.2345,
frame_ms,0.2319,
frame_ms,0.2326,
frame_ms,0.2511,
frame_ms,0.2467,
frame_ms,0.2908,
frame_ms,0.2365,
frame_ms,0.2289,
frame_ms,0.2333,
frame_ms,0.2215,
frame_ms,0.2186,
frame_ms,0.255,
frame_ms,0.2671,
frame_ms,0.2323,
frame_ms,0.3063,
frame_ms,0.3,
frame_ms,0.2516,
frame_ms,0.2507,
tick_us,140.5,4
frame_ms,0.6059,
frame_ms,0.2499,
frame_ms,0.2503,
frame_ms,0.2967,
frame_ms,0.2405,
frame_ms,0.2638,
frame_ms,0.497,
frame_ms,0.3884,
frame_ms,0.2918,
frame_ms,0.2416,
frame_ms,0.2134,
frame_ms,0.2341,
frame_ms,0.2894,
frame_ms,0.2394,
frame_ms,0.27,
frame_ms,0.2408,
frame_ms,0.2523,
frame_ms,0.3769,
frame_ms,0.2694,
frame_ms,0.2325,
frame_ms,0.22,
frame_ms,0.2287,
frame_ms,0.2412,
frame_ms,0.2228,
frame_ms,0.2636,
tick_us,150.1,4
frame_ms,1.2373,
frame_ms,0.2519,
frame_ms,0.2316,
frame_ms,0.3589,
frame_ms,0.4083,
frame_ms,0.3182,
frame_ms,0.2765,
frame_ms,0.2782,
frame_ms,0.3018,
frame_ms,0.2589,
frame_ms,0.3116,
frame_ms,0.2837,
frame_ms,0.2404,
frame_ms,0.269,
frame_ms,0.2179,
frame_ms,0.2196,
frame_ms,0.2224,
frame_ms,0.2548,
frame_ms,0.2553,
frame_ms,0.235,
frame_ms,0.2164,
frame_ms,0.2134,
tick_us,160.9,4
frame_ms,0.5484,
frame_ms,0.2527,
frame_ms,0.2345,
frame_ms,0.2139,
frame_ms,0.2102,
frame_ms,0.2143,
frame_ms,0.2739,
frame_ms,0.2444,
frame_ms,0.3243,
frame_ms,0.2584,
frame_ms,0.2837,
frame_ms,0.2344,
frame_ms,0.2297,
frame_ms,0.2966,
frame_ms,0.3731,
frame_ms,0.3658,
frame_ms,0.3753,
frame_ms,0.4372,
frame_ms,0.3628,
frame_ms,0.3422,
frame_ms,0.3377,
frame_ms,0.3509,
tick_us,139.1,4
frame_ms,0.5929,
frame_ms,0.2423,
frame_ms,1.2852,
frame_ms,0.2714,
frame_ms,0.2592,
frame_ms,0.2376,
frame_ms,0.2377,
frame_ms,0.3276,
frame_ms,0.2461,
frame_ms,0.3758,
frame_ms,0.7607,
frame_ms,0.2572,
frame_ms,0.2413,
frame_ms,0.2306,
frame_ms,0.231,
frame_ms,0.2737,
frame_ms,0.3266,
frame_ms,0.3252,
frame_ms,0.2722,
tick_us,165.5,6
frame_ms,0.6816,
frame_ms,0.3509,
frame_ms,0.3353,
frame_ms,0.2624,
frame_ms,0.2391,
frame_ms,0.3272,
frame_ms,0.3081,
frame_ms,0.3261,
frame_ms,0.3208,
frame_ms,0.4199,
frame_ms,0.3972,
frame_ms,0.3549,
frame_ms,0.3473,
frame_ms,0.3433,
frame_ms,0.3723,
frame_ms,0.2877,
frame_ms,0.282,
frame_ms,0.2519,
frame_ms,0.2337,
frame_ms,0.2536,
frame_ms,0.2727,
tick_us,151.4,2
frame_ms,0.5587,
frame_ms,0.413,
frame_ms,0.3353,
frame_ms,0.2631,
frame_ms,0.2602,
frame_ms,0.2614,
frame_ms,0.2512,
frame_ms,0.2527,
frame_ms,0.3384,
frame_ms,0.2585,
frame_ms,0.2462,
frame_ms,0.2424,
frame_ms,0.2408,
frame_ms,0.2336,
frame_ms,0.2562,
frame_ms,0.304,
frame_ms,0.2466,
frame_ms,0.2585,
frame_ms,0.3197,
frame_ms,0.3999,
frame_ms,0.2751,
frame_ms,0.2455,
frame_ms,0.3646,
frame_ms,0.2616,
tick_us,142.3,2
frame_ms,0.5655,
frame_ms,0.2669,
frame_ms,0.2412,
frame_ms,1.2045,
frame_ms,0.538,
frame_ms,0.4315,
frame_ms,0.4946,
frame_ms,0.3484,
frame_ms,1.9816,
frame_ms,0.8449,
tick_us,142.3,2
frame_ms,1.1191,
frame_ms,0.3407,
frame_ms,0.2661,
frame_ms,0.2407,
frame_ms,0.2333,
frame_ms,0.2283,
frame_ms,0.4656,
frame_ms,0.2682,
frame_ms,0.2337,
frame_ms,0.2929,
frame_ms,0.2459,
frame_ms,0.2295,
frame_ms,0.2357,
frame_ms,0.2551,
frame_ms,1.0894,
frame_ms,0.272,
frame_ms,0.2371,
frame_ms,0.2252,
frame_ms,0.2207,
frame_ms,0.2209,
tick_us,192.2,2
frame_ms,0.9386,
frame_ms,0.5148,
frame_ms,0.7344,
frame_ms,0.2821,
frame_ms,0.287,
frame_ms,0.246,
frame_ms,0.2824,
frame_ms,0.2604,
frame_ms,0.279,
frame_ms,0.2494,
frame_ms,0.2528,
frame_ms,0.2859,
frame_ms,0.2914,
frame_ms,0.296,
frame_ms,0.2619,
frame_ms,0.3525,
frame_ms,0.2867,
frame_ms,0.2591,
frame_ms,0.2457,
frame_ms,0.2371,
tick_us,151.3,2
frame_ms,0.7063,
frame_ms,0.2659,
frame_ms,0.2269,
frame_ms,0.2228,
frame_ms,0.2221,
frame_ms,0.3035,
frame_ms,0.4803,
frame_ms,0.3974,
frame_ms,0.2906,
frame_ms,0.2338,
frame_ms,0.2824,
frame_ms,0.238,
frame_ms,0.2391,
frame_ms,0.6123,
frame_ms,0.2946,
frame_ms,0.2982,
frame_ms,0.3544,
frame_ms,0.3836,
frame_ms,0.3059,
frame_ms,0.3304,
frame_ms,0.4257,
tick_us,169.8,2
frame_ms,0.7761,
frame_ms,0.463,
frame_ms,0.313,
frame_ms,0.4102,
frame_ms,0.3155,
frame_ms,0.2874,
frame_ms,0.2374,
frame_ms,0.2347,
frame_ms,0.3617,
frame_ms,0.6846,
frame_ms,1.4112,
frame_ms,1.8097,
tick_us,153.4,2
frame_ms,1.3487,
frame_ms,0.7938,
frame_ms,0.9607,
frame_ms,0.8085,
frame_ms,0.8827,
tick_us,159.8,2
frame_ms,2.5565,
frame_ms,0.8163,
frame_ms,1.5684,
frame_ms,1.6899,
frame_ms,1.171,
frame_ms,0.6865,
tick_us,152.4,2
frame_ms,2.4,
frame_ms,0.8199,
frame_ms,2.5147,
frame_ms,0.7531,
frame_ms,0.6607,
tick_us,201,2
frame_ms,0.8976,
frame_ms,0.4045,
frame_ms,0.2986,
frame_ms,0.2966,
frame_ms,0.248,
frame_ms,0.2818,
frame_ms,0.2452,
frame_ms,0.3123,
frame_ms,0.2605,
frame_ms,1.278,
frame_ms,0.3849,
frame_ms,1.4822,
frame_ms,0.532,
tick_us,151.5,2
frame_ms,0.652,
frame_ms,0.2845,
frame_ms,0.2443,
frame_ms,0.2298,
frame_ms,0.2419,
frame_ms,0.2245,
frame_ms,0.2491,
frame_ms,0.2536,
frame_ms,0.2356,
frame_ms,0.2213,
frame_ms,0.2829,
frame_ms,0.2432,
frame_ms,0.2275,
frame_ms,1.1786,
frame_ms,0.2427,
frame_ms,0.2282,
frame_ms,0.2512,
frame_ms,0.224,
frame_ms,0.2877,
frame_ms,0.2529,
frame_ms,0.2312,
frame_ms,0.2195,
frame_ms,0.3141,
tick_us,142.5,2
frame_ms,0.6031,
frame_ms,0.2561,
frame_ms,0.228,
frame_ms,0.2314,
frame_ms,0.2267,
frame_ms,0.2849,
frame_ms,0.2875,
frame_ms,0.2256,
frame_ms,0.2979,
frame_ms,0.2456,
frame_ms,0.3112,
frame_ms,0.3025,
frame_ms,0.3655,
frame_ms,0.2989,
frame_ms,0.3294,
frame_ms,0.2443,
frame_ms,0.2505,
frame_ms,0.2422,
frame_ms,0.3031,
frame_ms,0.2965,
frame_ms,0.4256,
frame_ms,0.4176,
frame_ms,0.2799,
tick_us,199.5,2
frame_ms,0.7876,
frame_ms,0.4292,
frame_ms,0.3121,
frame_ms,0.2451,
frame_ms,0.2278,
frame_ms,0.2302,
frame_ms,0.226,
frame_ms,0.2171,
frame_ms,0.2656,
frame_ms,0.2436,
frame_ms,0.2184,
frame_ms,0.2522,
frame_ms,0.2474,
frame_ms,0.2115,
frame_ms,0.9331,
frame_ms,0.3856,
frame_ms,0.3858,
frame_ms,0.3334,
frame_ms,0.3137,
frame_ms,0.2555,
frame_ms,0.2509,
tick_us,155.5,2
frame_ms,0.573,
frame_ms,0.2764,
frame_ms,0.3799,
frame_ms,0.2649,
frame_ms,0.2186,
frame_ms,0.2389,
frame_ms,0.2266,
frame_ms,0.2148,
frame_ms,0.2586,
frame_ms,0.2505,
frame_ms,0.2857,
frame_ms,0.3224,
frame_ms,0.4255,
frame_ms,0.2748,
frame_ms,0.2838,
frame_ms,0.2121,
frame_ms,0.2177,
frame_ms,0.5108,
frame_ms,0.4182,
frame_ms,0.3893,
frame_ms,0.3749,
frame_ms,0.3091,
tick_us,141.6,2
frame_ms,0.7489,
frame_ms,0.4889,
frame_ms,0.719,
frame_ms,0.5705,
frame_ms,0.5149,
frame_ms,0.4292,
frame_ms,0.3657,
frame_ms,0.3016,
frame_ms,0.282,
frame_ms,0.2665,
frame_ms,0.2895,
frame_ms,0.2767,
frame_ms,0.2759,
frame_ms,0.2663,
frame_ms,1.0162,
tick_us,172.6,4
frame_ms,0.6276,
frame_ms,0.4043,
frame_ms,0.3977,
frame_ms,0.4466,
frame_ms,0.3057,
frame_ms,0.2913,
frame_ms,0.33,
frame_ms,0.2789,
frame_ms,0.2356,
frame_ms,0.3999,
frame_ms,0.3655,
frame_ms,0.4218,
frame_ms,0.3254,
frame_ms,0.2578,
frame_ms,0.2422,
frame_ms,0.24,
frame_ms,0.255,
frame_ms,0.2388,
frame_ms,0.2769,
frame_ms,0.3433,
frame_ms,0.2861,
tick_us,157.3,4
frame_ms,0.6017,
frame_ms,0.271,
frame_ms,0.2353,
frame_ms,0.7835,
frame_ms,0.3366,
frame_ms,0.798,
frame_ms,0.838,
frame_ms,0.2791,
frame_ms,0.5496,
frame_ms,0.3804,
frame_ms,0.2354,
frame_ms,0.2282,
frame_ms,0.222,
frame_ms,0.2627,
frame_ms,0.3324,
frame_ms,0.3479,
tick_us,177.2,4
frame_ms,0.7894,
frame_ms,0.3258,
frame_ms,0.2517,
frame_ms,0.2409,
frame_ms,0.2381,
frame_ms,0.298,
frame_ms,0.3167,
frame_ms,0.2773,
frame_ms,0.2512,
frame_ms,0.2389,
frame_ms,0.2496,
frame_ms,0.2613,
frame_ms,0.2805,
frame_ms,0.3303,
frame_ms,0.3247,
frame_ms,0.2436,
frame_ms,0.2355,
frame_ms,0.2405,
frame_ms,0.2379,
frame_ms,0.775,
frame_ms,0.2429,
frame_ms,0.2359,
frame_ms,0.2297,
tick_us,350.3,4
frame_ms,0.9151,
frame_ms,0.375,
frame_ms,0.327,
frame_ms,0.3221,
frame_ms,0.2585,
frame_ms,0.2354,
frame_ms,0.2422,
frame_ms,0.247,
frame_ms,0.2552,
frame_ms,0.2599,
frame_ms,0.2513,
frame_ms,0.237,
frame_ms,0.2303,
frame_ms,0.3192,
frame_ms,0.4768,
frame_ms,0.7285,
frame_ms,0.3244,
frame_ms,0.2465,
frame_ms,0.2967,
frame_ms,0.2462,
frame_ms,0.2867,
tick_us,176.9,4
frame_ms,0.6204,
frame_ms,0.254,
frame_ms,0.2632,
frame_ms,0.2456,
frame_ms,0.3124,
frame_ms,0.3181,
frame_ms,0.2698,
frame_ms,0.2588,
frame_ms,0.2485,
frame_ms,0.2496,
frame_ms,0.2464,
frame_ms,0.2652,
frame_ms,0.2499,
frame_ms,0.2414,
frame_ms,0.24,
frame_ms,0.2383,
frame_ms,0.2375,
frame_ms,0.287,
frame_ms,0.3023,
frame_ms,0.2508,
frame_ms,0.4329,
frame_ms,0.3331,
frame_ms,0.3009,
frame_ms,0.2855,
tick_us,141.6,4
frame_ms,0.5545,
frame_ms,0.2489,
frame_ms,0.2274,
frame_ms,0.2268,
frame_ms,0.2394,
frame_ms,0.2657,
frame_ms,0.2418,
frame_ms,0.2299,
frame_ms,0.2299,
frame_ms,0.2699,
frame_ms,0.2507,
frame_ms,0.2618,
frame_ms,0.2418,
frame_ms,0.2782,
frame_ms,0.2476,
frame_ms,0.2337,
frame_ms,0.2359,
frame_ms,0.2246,
frame_ms,0.223,
frame_ms,0.2323,
frame_ms,0.2612,
frame_ms,0.2331,
frame_ms,0.2157,
frame_ms,0.4216,
frame_ms,0.5045,
tick_us,134.1,4
frame_ms,0.5926,
frame_ms,0.2389,
frame_ms,0.2189,
frame_ms,0.2327,
frame_ms,0.2273,
frame_ms,0.228,
frame_ms,0.2239,
frame_ms,0.2432,
frame_ms,0.2783,
frame_ms,0.245,
frame_ms,0.2401,
frame_ms,0.2245,
frame_ms,0.2469,
frame_ms,0.221,
frame_ms,0.2588,
frame_ms,0.254,
frame_ms,0.2246,
frame_ms,0.2128,
frame_ms,0.2138,
frame_ms,0.2631,
frame_ms,0.2302,
frame_ms,0.2135,
frame_ms,0.2515,
frame_ms,0.2263,
frame_ms,0.2073,
frame_ms,0.2412,
frame_ms,0.2177,
frame_ms,0.2047,
frame_ms,0.2538,
tick_us,143,4
frame_ms,0.5282,
frame_ms,0.2301,
frame_ms,0.2064,
frame_ms,0.2057,
frame_ms,0.2019,
frame_ms,0.2649,
frame_ms,0.2323,
frame_ms,0.3046,
frame_ms,0.2322,
frame_ms,0.209,
frame_ms,0.2541,
frame_ms,0.2237,
frame_ms,0.2127,
frame_ms,0.2484,
frame_ms,0.223,
frame_ms,0.2025,
frame_ms,0.25,
frame_ms,0.2233,
frame_ms,0.2082,
frame_ms,0.2427,
frame_ms,0.2254,
frame_ms,0.2041,
frame_ms,0.2287,
frame_ms,0.2323,
frame_ms,0.2148,
frame_ms,0.2457,
frame_ms,0.2383,
frame_ms,0.2109,
frame_ms,0.2541,
tick_us,144.3,4
frame_ms,0.5885,
frame_ms,0.2462,
frame_ms,0.221,
frame_ms,0.5172,
frame_ms,0.3318,
frame_ms,0.2907,
frame_ms,0.2848,
frame_ms,0.2314,
frame_ms,0.2409,
frame_ms,0.3743,
frame_ms,0.3619,
frame_ms,0.3434,
frame_ms,0.341,
frame_ms,0.3329,
frame_ms,0.2848,
frame_ms,0.2386,
frame_ms,0.2091,
frame_ms,0.2056,
frame_ms,0.2078,
frame_ms,0.2683,
frame_ms,0.2288,
frame_ms,0.2103,
frame_ms,0.2278,
tick_us,146.2,4
frame_ms,0.5144,
frame_ms,0.2374,
frame_ms,0.2143,
frame_ms,0.2311,
frame_ms,0.2228,
frame_ms,0.2152,
frame_ms,0.2076,
frame_ms,0.2475,
frame_ms,0.2186,
frame_ms,0.2069,
frame_ms,0.243,
frame_ms,0.2177,
frame_ms,0.2061,
frame_ms,0.258,
frame_ms,0.2249,
frame_ms,0.2092,
frame_ms,0.2535,
frame_ms,0.2624,
frame_ms,0.2611,
frame_ms,0.2327,
frame_ms,0.2459,
frame_ms,0.2232,
frame_ms,0.2716,
frame_ms,0.2534,
frame_ms,0.2183,
frame_ms,0.2131,
frame_ms,0.2477,
frame_ms,0.2222,
frame_ms,0.2192,
tick_us,142.4,4
frame_ms,0.5481,
frame_ms,0.2411,
frame_ms,0.2127,
frame_ms,0.2071,
frame_ms,0.2052,
frame_ms,0.2396,
frame_ms,0.2256,
frame_ms,0.2132,
frame_ms,0.2284,
frame_ms,0.2393,
frame_ms,0.4997,
frame_ms,0.5679,
frame_ms,0.2717,
frame_ms,0.2256,
frame_ms,0.2148,
frame_ms,0.2074,
frame_ms,0.2571,
frame_ms,0.2341,
frame_ms,0.2145,
frame_ms,0.2538,
frame_ms,0.2251,
frame_ms,0.2144,
frame_ms,0.2248,
frame_ms,0.2364,
frame_ms,0.2224,
frame_ms,0.2054,
tick_us,139.7,4
frame_ms,0.546,
frame_ms,0.2358,
frame_ms,0.2088,
frame_ms,0.2076,
frame_ms,0.2082,
frame_ms,0.2,
frame_ms,0.2456,
frame_ms,0.2276,
frame_ms,0.2064,
frame_ms,0.2473,
frame_ms,0.2248,
frame_ms,0.2079,
frame_ms,0.2385,
frame_ms,0.2142,
frame_ms,0.2027,
frame_ms,0.2696,
frame_ms,0.2281,
frame_ms,0.2084,
frame_ms,0.253,
frame_ms,0.2219,
frame_ms,0.2314,
frame_ms,0.209,
frame_ms,0.269,
frame_ms,0.2293,
frame_ms,0.2067,
frame_ms,0.2174,
frame_ms,0.2474,
frame_ms,0.2179,
frame_ms,0.2102,
tick_us,163.6,2
frame_ms,0.7602,
frame_ms,0.3459,
frame_ms,0.3352,
frame_ms,0.3307,
frame_ms,0.3129,
frame_ms,0.2336,
frame_ms,0.2065,
frame_ms,0.2218,
frame_ms,0.2123,
frame_ms,0.2401,
frame_ms,0.2249,
frame_ms,0.209,
frame_ms,0.2491,
frame_ms,0.2184,
frame_ms,0.2099,
frame_ms,0.2496,
frame_ms,0.2254,
frame_ms,0.2061,
frame_ms,0.3688,
frame_ms,0.3009,
frame_ms,0.2645,
frame_ms,0.2138,
frame_ms,0.2217,
frame_ms,0.2148,
frame_ms,0.2398,
frame_ms,0.2198,
tick_us,127.3,2
frame_ms,0.5344,
frame_ms,0.2668,
frame_ms,0.2188,
frame_ms,0.21,
frame_ms,0.2064,
frame_ms,0.2035,
frame_ms,0.2458,
frame_ms,0.2373,
frame_ms,0.2099,
frame_ms,0.2686,
frame_ms,0.2239,
frame_ms,0.2803,
frame_ms,0.2305,
frame_ms,0.2425,
frame_ms,0.2422,
frame_ms,0.2184,
frame_ms,0.2059,
frame_ms,0.271,
frame_ms,0.2212,
frame_ms,0.2031,
frame_ms,0.2539,
frame_ms,0.2235,
frame_ms,0.2008,
frame_ms,0.2517,
frame_ms,0.228,
frame_ms,0.2031,
frame_ms,0.2384,
frame_ms,0.2214,
frame_ms,0.202,
tick_us,137.5,2
frame_ms,0.5404,
frame_ms,0.2377,
frame_ms,0.2025,
frame_ms,0.2105,
frame_ms,0.2013,
frame_ms,0.2508,
frame_ms,0.2191,
frame_ms,0.2078,
frame_ms,0.253,
frame_ms,0.2151,
frame_ms,0.2018,
frame_ms,0.2878,
frame_ms,0.2324,
frame_ms,0.2067,
frame_ms,0.2439,
frame_ms,0.2247,
frame_ms,0.2066,
frame_ms,0.2465,
frame_ms,0.2241,
frame_ms,0.2053,
frame_ms,0.2613,
frame_ms,0.3326,
frame_ms,0.3794,
frame_ms,0.3341,
frame_ms,0.3348,
frame_ms,0.4335,
tick_us,156.9,2
frame_ms,0.6004,
frame_ms,0.2456,
frame_ms,0.2217,
frame_ms,0.2135,
frame_ms,0.2165,
frame_ms,0.2403,
frame_ms,0.2324,
frame_ms,0.2266,
frame_ms,0.2096,
frame_ms,0.2318,
frame_ms,0.2094,
frame_ms,0.2007,
frame_ms,0.272,
frame_ms,0.2842,
frame_ms,0.2295,
frame_ms,0.2219,
frame_ms,0.2145,
frame_ms,0.2072,
frame_ms,0.2258,
frame_ms,0.2182,
frame_ms,0.2213,
frame_ms,0.2336,
frame_ms,0.2158,
frame_ms,0.2609,
frame_ms,0.2593,
frame_ms,0.2249,
frame_ms,0.2074,
frame_ms,0.233,
frame_ms,0.2193,
tick_us,138.8,2
frame_ms,0.5037,
frame_ms,0.2294,
frame_ms,0.204,
frame_ms,0.2094,
frame_ms,0.22,
frame_ms,0.2155,
frame_ms,0.2546,
frame_ms,0.2589,
frame_ms,0.5603,
frame_ms,0.2612,
frame_ms,0.2163,
frame_ms,0.2424,
frame_ms,0.2149,
frame_ms,0.2241,
frame_ms,0.2117,
frame_ms,0.2406,
frame_ms,0.2507,
frame_ms,0.2153,
frame_ms,0.2118,
frame_ms,0.2638,
frame_ms,0.2249,
frame_ms,0.2134,
frame_ms,0.2613,
frame_ms,0.3923,
frame_ms,0.3806,
frame_ms,0.3391,
tick_us,159.5,2
frame_ms,0.64,
frame_ms,0.3225,
frame_ms,0.3368,
frame_ms,0.41,
frame_ms,0.2357,
frame_ms,0.2174,
frame_ms,0.2147,
frame_ms,0.463,
frame_ms,0.2121,
frame_ms,0.2242,
frame_ms,0.2101,
frame_ms,0.2506,
frame_ms,0.264,
frame_ms,0.2366,
frame_ms,0.2132,
frame_ms,0.2084,
frame_ms,0.2589,
frame_ms,0.249,
frame_ms,0.2161,
frame_ms,0.2154,
frame_ms,0.2608,
frame_ms,0.2229,
frame_ms,0.208,
frame_ms,0.2442,
frame_ms,0.2193,
frame_ms,0.2066,
tick_us,153.6,2
frame_ms,0.5797,
frame_ms,0.2787,
frame_ms,0.2375,
frame_ms,0.2565,
frame_ms,0.2335,
frame_ms,0.2246,
frame_ms,0.2443,
frame_ms,0.254,
frame_ms,0.2179,
frame_ms,0.2094,
frame_ms,0.2603,
frame_ms,0.2255,
frame_ms,0.2126,
frame_ms,0.3505,
frame_ms,0.2216,
frame_ms,0.2088,
frame_ms,0.2538,
frame_ms,0.2257,
frame_ms,0.2124,
frame_ms,0.232,
frame_ms,0.2113,
frame_ms,0.2028,
frame_ms,0.2511,
frame_ms,0.2271,
frame_ms,0.2121,
frame_ms,0.2413,
frame_ms,0.2244,
frame_ms,0.2126,
tick_us,145.4,2
frame_ms,0.5391,
frame_ms,0.3327,
frame_ms,0.4236,
frame_ms,0.3304,
frame_ms,0.2685,
frame_ms,0.2413,
frame_ms,0.2204,
frame_ms,0.994,
frame_ms,0.2571,
frame_ms,0.2158,
frame_ms,0.2935,
frame_ms,0.227,
frame_ms,0.2214,
frame_ms,0.2073,
frame_ms,0.2064,
frame_ms,0.2749,
frame_ms,0.3079,
frame_ms,0.2472,
frame_ms,0.277,
frame_ms,0.257,
frame_ms,0.2917,
frame_ms,0.2398,
tick_us,139.3,2
frame_ms,0.5157,
frame_ms,0.2338,
frame_ms,0.3066,
frame_ms,0.224,
frame_ms,0.2184,
frame_ms,0.237,
frame_ms,0.2204,
frame_ms,0.2081,
frame_ms,0.2639,
frame_ms,0.269,
frame_ms,0.2278,
frame_ms,0.2274,
frame_ms,0.2248,
frame_ms,0.2612,
frame_ms,0.2366,
frame_ms,0.2162,
frame_ms,0.27,
frame_ms,0.2397,
frame_ms,0.2439,
frame_ms,0.2073,
frame_ms,0.2094,
frame_ms,0.258,
frame_ms,0.2471,
frame_ms,0.2156,
frame_ms,0.2311,
frame_ms,0.2161,
frame_ms,0.205,
frame_ms,0.2307,
frame_ms,0.2114,
tick_us,155.2,2
frame_ms,0.5465,
frame_ms,0.2253,
frame_ms,0.2065,
frame_ms,0.2117,
frame_ms,0.2072,
frame_ms,0.2143,
frame_ms,0.2358,
frame_ms,0.2233,
frame_ms,0.2038,
frame_ms,0.234,
frame_ms,0.2111,
frame_ms,0.8773,
frame_ms,0.3402,
frame_ms,0.3411,
frame_ms,0.3786,
frame_ms,0.3832,
frame_ms,0.28,
frame_ms,0.2443,
frame_ms,0.2122,
frame_ms,0.2831,
frame_ms,0.288,
frame_ms,0.2129,
frame_ms,0.2219,
frame_ms,0.2102,
tick_us,130.2,2
frame_ms,0.5354,
frame_ms,0.2908,
frame_ms,0.2269,
frame_ms,0.2067,
frame_ms,0.2076,
frame_ms,0.21,
frame_ms,0.2429,
frame_ms,0.224,
frame_ms,0.2076,
frame_ms,0.2205,
frame_ms,0.2064,
frame_ms,0.2178,
frame_ms,0.2419,
frame_ms,0.2221,
frame_ms,0.2069,
frame_ms,0.219,
frame_ms,0.2084,
frame_ms,0.2027,
frame_ms,0.2459,
frame_ms,0.2254,
frame_ms,0.2068,
frame_ms,0.2149,
frame_ms,0.2399,
frame_ms,0.2182,
frame_ms,0.2089,
frame_ms,0.2381,
frame_ms,0.2245,
frame_ms,0.21,
frame_ms,0.3151,
tick_us,123.3,2
frame_ms,0.4727,
frame_ms,0.2192,
frame_ms,0.2026,
frame_ms,0.2217,
frame_ms,0.2057,
frame_ms,0.2158,
frame_ms,0.2346,
frame_ms,0.2284,
frame_ms,0.2052,
frame_ms,0.2061,
frame_ms,0.2478,
frame_ms,0.2209,
frame_ms,0.2204,
frame_ms,0.3254,
frame_ms,0.2374,
frame_ms,0.4673,
frame_ms,0.2165,
frame_ms,0.2036,
frame_ms,0.2747,
frame_ms,0.2555,
frame_ms,0.2202,
frame_ms,0.2075,
frame_ms,0.2054,
frame_ms,0.25,
frame_ms,0.221,
frame_ms,0.2732,
frame_ms,0.4643,
tick_us,163.8,2
frame_ms,0.7237,
frame_ms,0.3318,
frame_ms,0.3526,
frame_ms,0.3379,
frame_ms,0.3383,
frame_ms,0.33,
frame_ms,0.328,
frame_ms,0.3343,
frame_ms,0.3418,
frame_ms,0.3305,
frame_ms,0.3299,
frame_ms,0.3588,
frame_ms,0.342,
frame_ms,0.3372,
frame_ms,0.3405,
frame_ms,0.3308,
frame_ms,0.3353,
frame_ms,0.3278,
frame_ms,0.3271,
tick_us,179.3,2
frame_ms,0.6652,
frame_ms,0.2551,
frame_ms,0.2157,
frame_ms,0.2168,
frame_ms,0.214,
frame_ms,0.2044,
frame_ms,0.2339,
frame_ms,0.2167,
frame_ms,0.2059,
frame_ms,0.2314,
frame_ms,0.2085,
frame_ms,0.2091,
frame_ms,0.2592,
frame_ms,0.2198,
frame_ms,0.2051,
frame_ms,0.2454,
frame_ms,0.2239,
frame_ms,0.2074,
frame_ms,0.2514,
frame_ms,0.2191,
frame_ms,0.2042,
frame_ms,0.2484,
frame_ms,0.3703,
frame_ms,0.379,
frame_ms,0.3409,
frame_ms,0.3325,
frame_ms,0.3288,
tick_us,156.7,2
frame_ms,0.6447,
frame_ms,0.3385,
frame_ms,0.3571,
frame_ms,0.3569,
frame_ms,0.334,
frame_ms,0.3382,
frame_ms,0.2992,
frame_ms,0.2339,
frame_ms,0.2127,
frame_ms,0.2197,
frame_ms,0.2792,
frame_ms,0.2333,
frame_ms,0.2224,
frame_ms,1.2048,
frame_ms,0.2239,
frame_ms,0.2133,
frame_ms,0.2101,
frame_ms,0.2119,
frame_ms,0.2492,
frame_ms,0.2124,
frame_ms,0.2039,
frame_ms,0.2461,
tick_us,146.8,2
frame_ms,0.5364,
frame_ms,0.236,
frame_ms,0.2067,
frame_ms,0.2098,
frame_ms,0.2189,
frame_ms,0.2092,
frame_ms,0.5389,
frame_ms,0.4296,
frame_ms,0.368,
frame_ms,0.337,
frame_ms,0.3301,
frame_ms,0.3263,
frame_ms,0.3553,
frame_ms,0.3518,
frame_ms,0.3346,
frame_ms,0.3325,
frame_ms,0.3371,
frame_ms,0.3285,
frame_ms,0.3255,
frame_ms,0.3397,
frame_ms,0.331,
tick_us,162.8,2
frame_ms,0.645,
frame_ms,0.3764,
frame_ms,0.374,
frame_ms,0.3736,
frame_ms,0.3411,
frame_ms,0.3351,
frame_ms,0.3317,
frame_ms,0.3465,
frame_ms,0.3302,
frame_ms,0.3252,
frame_ms,0.3267,
frame_ms,0.3278,
frame_ms,0.2888,
frame_ms,0.2743,
frame_ms,0.2234,
frame_ms,0.2329,
frame_ms,0.218,
frame_ms,0.2187,
frame_ms,0.2159,
frame_ms,0.2508,
frame_ms,0.241,
frame_ms,0.2158,
tick_us,147.3,2
frame_ms,0.5212,
frame_ms,0.2349,
frame_ms,0.2056,
frame_ms,0.2091,
frame_ms,0.2047,
frame_ms,0.2355,
frame_ms,0.2094,
frame_ms,0.2566,
frame_ms,0.2258,
frame_ms,0.2114,
frame_ms,0.2301,
frame_ms,0.2297,
frame_ms,0.3736,
frame_ms,0.3486,
frame_ms,0.3307,
frame_ms,0.3243,
frame_ms,0.3226,
frame_ms,0.3145,
frame_ms,0.2457,
frame_ms,0.2098,
frame_ms,0.2119,
frame_ms,0.2167,
frame_ms,0.2067,
frame_ms,0.2472,
frame_ms,0.2253,
frame_ms,0.2112,
frame_ms,0.2263,
tick_us,147,2
frame_ms,0.5408,
frame_ms,0.2363,
frame_ms,0.2055,
frame_ms,0.2271,
frame_ms,0.2066,
frame_ms,0.2056,
frame_ms,0.2443,
frame_ms,0.2266,
frame_ms,0.2086,
frame_ms,0.2506,
frame_ms,0.2232,
frame_ms,0.2106,
frame_ms,0.2546,
frame_ms,0.2207,
frame_ms,0.2056,
frame_ms,0.244,
frame_ms,0.4244,
frame_ms,0.2768,
frame_ms,0.2232,
frame_ms,0.2113,
frame_ms,0.2032,
frame_ms,0.2047,
frame_ms,0.2628,
frame_ms,0.221,
frame_ms,0.2065,
frame_ms,0.2474,
frame_ms,0.2186,
frame_ms,0.206,
tick_us,138.5,2
frame_ms,0.54,
frame_ms,0.2329,
frame_ms,0.2055,
frame_ms,0.2124,
frame_ms,0.21,
frame_ms,0.203,
frame_ms,0.2461,
frame_ms,0.4416,
frame_ms,0.3394,
frame_ms,0.3284,
frame_ms,0.3275,
frame_ms,0.3237,
frame_ms,0.2769,
frame_ms,0.2185,
frame_ms,0.2176,
frame_ms,0.2082,
frame_ms,0.2035,
frame_ms,0.2687,
frame_ms,0.2042,
frame_ms,0.2752,
frame_ms,0.2191,
frame_ms,0.209,
frame_ms,0.2459,
frame_ms,0.2149,
frame_ms,0.2028,
frame_ms,0.2367,
frame_ms,0.2234,
tick_us,129,4
frame_ms,0.4747,
frame_ms,0.2157,
frame_ms,0.2,
frame_ms,0.2068,
frame_ms,0.1992,
frame_ms,0.2578,
frame_ms,0.2201,
frame_ms,0.2101,
frame_ms,0.2336,
frame_ms,0.2245,
frame_ms,0.2082,
frame_ms,0.2295,
frame_ms,0.2037,
frame_ms,0.2081,
frame_ms,0.238,
frame_ms,0.2268,
frame_ms,0.21,
frame_ms,0.2382,
frame_ms,0.2147,
frame_ms,0.215,
frame_ms,0.2494,
frame_ms,0.2121,
frame_ms,0.1997,
frame_ms,0.2595,
frame_ms,0.2201,
frame_ms,0.2008,
frame_ms,0.4013,
frame_ms,0.3387,
frame_ms,0.2528,
tick_us,135.5,4
frame_ms,0.5086,
frame_ms,0.2356,
frame_ms,0.2151,
frame_ms,0.2179,
frame_ms,0.2233,
frame_ms,0.2121,
frame_ms,0.2471,
frame_ms,0.2543,
frame_ms,0.2204,
frame_ms,0.2128,
frame_ms,0.2585,
frame_ms,0.2694,
frame_ms,0.2064,
frame_ms,0.205,
frame_ms,0.2539,
frame_ms,0.253,
frame_ms,0.2205,
frame_ms,0.2175,
frame_ms,0.2485,
frame_ms,0.2831,
frame_ms,0.2374,
frame_ms,0.2186,
frame_ms,0.2155,
frame_ms,0.2319,
frame_ms,0.2206,
frame_ms,0.2269,
frame_ms,0.2226,
frame_ms,0.2189,
frame_ms,0.2323,
tick_us,140.3,4
frame_ms,0.5112,
frame_ms,0.2217,
frame_ms,0.2053,
frame_ms,0.2092,
frame_ms,0.2376,
frame_ms,0.2313,
frame_ms,0.2048,
frame_ms,0.2444,
frame_ms,0.2182,
frame_ms,0.2351,
frame_ms,0.2005,
frame_ms,0.2058,
frame_ms,0.2456,
frame_ms,0.2449,
frame_ms,0.2128,
frame_ms,0.2362,
frame_ms,0.2018,
frame_ms,0.2106,
frame_ms,0.2378,
frame_ms,0.2223,
frame_ms,0.2295,
frame_ms,0.2231,
frame_ms,0.2056,
frame_ms,0.2381,
frame_ms,0.2156,
frame_ms,0.2298,
frame_ms,0.2043,
frame_ms,0.2114,
frame_ms,0.2571,
frame_ms,0.2324,
tick_us,137.6,4
frame_ms,0.5004,
frame_ms,0.2317,
frame_ms,0.2254,
frame_ms,0.2223,
frame_ms,0.3818,
frame_ms,0.7283,
frame_ms,0.2334,
frame_ms,0.2242,
frame_ms,0.2226,
frame_ms,0.2114,
frame_ms,0.2233,
frame_ms,0.248,
frame_ms,0.2641,
frame_ms,0.2368,
frame_ms,0.2241,
frame_ms,0.2211,
frame_ms,0.2135,
frame_ms,0.2895,
frame_ms,0.2753,
frame_ms,0.2201,
frame_ms,0.2077,
frame_ms,0.2183,
frame_ms,0.2679,
frame_ms,0.2276,
frame_ms,0.2087,
frame_ms,0.2302,
tick_us,142.8,4
frame_ms,0.549,
frame_ms,0.2444,
frame_ms,0.2108,
frame_ms,0.2104,
frame_ms,0.2079,
frame_ms,0.2308,
frame_ms,0.2047,
frame_ms,0.2534,
frame_ms,0.264,
frame_ms,0.2322,
frame_ms,0.2197,
frame_ms,0.2156,
frame_ms,0.2942,
frame_ms,0.278,
frame_ms,0.2367,
frame_ms,0.2186,
frame_ms,0.2108,
frame_ms,0.2221,
frame_ms,0.2566,
frame_ms,0.2225,
frame_ms,0.2073,
frame_ms,0.2533,
frame_ms,0.2177,
frame_ms,0.2063,
frame_ms,0.2253,
frame_ms,0.2041,
frame_ms,0.2043,
frame_ms,0.2421,
tick_us,134.8,4
frame_ms,0.5026,
frame_ms,0.2336,
frame_ms,0.2086,
frame_ms,0.2083,
frame_ms,0.2051,
frame_ms,0.2068,
frame_ms,0.2696,
frame_ms,0.2309,
frame_ms,0.2122,
frame_ms,0.2609,
frame_ms,0.228,
frame_ms,0.2043,
frame_ms,0.2441,
frame_ms,0.2242,
frame_ms,0.2325,
frame_ms,0.389,
frame_ms,0.2171,
frame_ms,0.2079,
frame_ms,0.203,
frame_ms,0.2611,
frame_ms,0.2268,
frame_ms,0.2114,
frame_ms,0.2385,
frame_ms,0.2212,
frame_ms,0.2061,
frame_ms,0.26,
frame_ms,0.2247,
frame_ms,0.2463,
frame_ms,0.2169,
tick_us,138.8,4
frame_ms,0.5006,
frame_ms,0.2337,
frame_ms,0.2034,
frame_ms,0.2086,
frame_ms,0.2845,
frame_ms,0.2403,
frame_ms,0.2102,
frame_ms,0.2741,
frame_ms,0.2714,
frame_ms,0.2307,
frame_ms,0.2227,
frame_ms,0.2492,
frame_ms,0.2253,
frame_ms,0.289,
frame_ms,0.2675,
frame_ms,0.2442,
frame_ms,0.2217,
frame_ms,0.2122,
frame_ms,0.2135,
frame_ms,0.2702,
frame_ms,0.2369,
frame_ms,0.2108,
frame_ms,0.2441,
frame_ms,0.2282,
frame_ms,0.2122,
frame_ms,0.2263,
frame_ms,0.2045,
frame_ms,0.2118,
frame_ms,0.244,
tick_us,138.3,4
frame_ms,0.5249,
frame_ms,0.2376,
frame_ms,0.2122,
frame_ms,0.212,
frame_ms,0.2068,
frame_ms,0.2493,
frame_ms,0.2598,
frame_ms,0.2252,
frame_ms,0.2426,
frame_ms,0.2172,
frame_ms,0.2135,
frame_ms,0.2382,
frame_ms,0.2183,
frame_ms,0.2239,
frame_ms,0.2136,
frame_ms,0.2553,
frame_ms,0.2747,
frame_ms,0.2276,
frame_ms,0.2307,
frame_ms,0.4675,
frame_ms,0.4124,
frame_ms,0.38,
frame_ms,0.3542,
frame_ms,0.3526,
tick_us,133.6,4
frame_ms,0.6416,
frame_ms,0.2622,
frame_ms,0.2195,
frame_ms,0.2213,
frame_ms,0.2155,
frame_ms,0.2324,
frame_ms,0.2511,
frame_ms,0.2315,
frame_ms,0.212,
frame_ms,0.2743,
frame_ms,0.2668,
frame_ms,0.2342,
frame_ms,0.2227,
frame_ms,0.2221,
frame_ms,0.2161,
frame_ms,0.281,
frame_ms,0.2875,
frame_ms,0.2396,
frame_ms,0.2268,
frame_ms,0.2317,
frame_ms,0.2295,
frame_ms,0.2252,
frame_ms,0.2657,
frame_ms,0.2789,
frame_ms,0.236,
frame_ms,0.2241,
frame_ms,0.2174,
frame_ms,0.2221,
tick_us,143.2,4
frame_ms,0.5763,
frame_ms,0.3119,
frame_ms,0.2391,
frame_ms,0.2172,
frame_ms,0.4577,
frame_ms,0.2466,
frame_ms,0.4484,
frame_ms,0.345,
frame_ms,0.2299,
frame_ms,0.2312,
frame_ms,0.2217,
frame_ms,0.2164,
frame_ms,0.2422,
frame_ms,0.2336,
frame_ms,0.225,
frame_ms,0.2443,
frame_ms,0.5856,
frame_ms,0.2197,
frame_ms,0.2227,
frame_ms,0.2181,
frame_ms,0.2148,
frame_ms,0.2619,
frame_ms,0.2319,
frame_ms,0.2162,
tick_us,149,4
frame_ms,0.5793,
frame_ms,0.2577,
frame_ms,0.8109,
frame_ms,0.4673,
frame_ms,0.2535,
frame_ms,0.2122,
frame_ms,0.2185,
frame_ms,0.2136,
frame_ms,0.2098,
frame_ms,0.2655,
frame_ms,0.2702,
frame_ms,0.2325,
frame_ms,0.2227,
frame_ms,0.2189,
frame_ms,0.2306,
frame_ms,0.2302,
frame_ms,0.2102,
frame_ms,0.2412,
frame_ms,0.2176,
frame_ms,0.2075,
frame_ms,0.2279,
frame_ms,0.2163,
frame_ms,0.2061,
frame_ms,0.256,
frame_ms,0.2245,
frame_ms,0.2116,
tick_us,148.8,4
frame_ms,0.5413,
frame_ms,0.2277,
frame_ms,0.2093,
frame_ms,0.2137,
frame_ms,0.221,
frame_ms,0.2367,
frame_ms,0.2286,
frame_ms,0.2266,
frame_ms,0.2175,
frame_ms,0.2085,
frame_ms,0.2415,
frame_ms,0.2836,
frame_ms,0.2371,
frame_ms,0.226,
frame_ms,0.2153,
frame_ms,0.2129,
frame_ms,0.2433,
frame_ms,0.2282,
frame_ms,0.2132,
frame_ms,0.2413,
frame_ms,0.2325,
frame_ms,0.2201,
frame_ms,0.2093,
frame_ms,0.2586,
frame_ms,0.2319,
frame_ms,0.2155,
frame_ms,0.207,
frame_ms,0.2443,
frame_ms,0.2252,
tick_us,149,2
frame_ms,0.5184,
frame_ms,0.2254,
frame_ms,0.2097,
frame_ms,0.2236,
frame_ms,0.2068,
frame_ms,0.2159,
frame_ms,0.2328,
frame_ms,0.3139,
frame_ms,0.3905,
frame_ms,0.4628,
frame_ms,0.2693,
frame_ms,0.2202,
frame_ms,0.2165,
frame_ms,0.2978,
frame_ms,0.2205,
frame_ms,0.2094,
frame_ms,0.2287,
frame_ms,0.2139,
frame_ms,0.2064,
frame_ms,0.2045,
frame_ms,0.2443,
frame_ms,0.2248,
frame_ms,0.2409,
frame_ms,0.2194,
frame_ms,0.2038,
frame_ms,0.2561,
frame_ms,0.2198,
tick_us,147.5,2
frame_ms,0.5156,
frame_ms,0.2242,
frame_ms,0.2019,
frame_ms,0.2018,
frame_ms,0.2005,
frame_ms,0.2395,
frame_ms,0.2239,
frame_ms,0.1991,
frame_ms,0.2279,
frame_ms,0.2105,
frame_ms,0.1996,
frame_ms,0.2446,
frame_ms,0.2297,
frame_ms,0.2259,
frame_ms,0.2125,
frame_ms,0.25,
frame_ms,0.2376,
frame_ms,0.2227,
frame_ms,0.2862,
frame_ms,0.2896,
frame_ms,0.2542,
frame_ms,0.2451,
frame_ms,0.2609,
frame_ms,0.2567,
frame_ms,0.2374,
frame_ms,0.2529,
frame_ms,0.2307,
frame_ms,0.214,
frame_ms,0.2116,
tick_us,140.6,2
frame_ms,0.5413,
frame_ms,0.2413,
frame_ms,0.2045,
frame_ms,0.21,
frame_ms,0.2103,
frame_ms,0.2122,
frame_ms,0.2697,
frame_ms,0.2214,
frame_ms,0.2112,
frame_ms,0.215,
frame_ms,0.2356,
frame_ms,0.2243,
frame_ms,0.2083,
frame_ms,0.2125,
frame_ms,0.2749,
frame_ms,0.2229,
frame_ms,0.2236,
frame_ms,0.5603,
frame_ms,0.4385,
frame_ms,0.3544,
frame_ms,0.3708,
frame_ms,0.3516,
frame_ms,0.3431,
frame_ms,0.3468,
tick_us,150.7,2
frame_ms,0.5949,
frame_ms,0.3121,
frame_ms,0.2637,
frame_ms,0.2646,
frame_ms,0.2341,
frame_ms,0.262,
frame_ms,0.2821,
frame_ms,0.2344,
frame_ms,0.2181,
frame_ms,0.2192,
frame_ms,0.2852,
frame_ms,0.6148,
frame_ms,0.3104,
frame_ms,0.2631,
frame_ms,0.2158,
frame_ms,0.2212,
frame_ms,0.4613,
frame_ms,0.228,
frame_ms,0.2165,
frame_ms,0.2228,
frame_ms,0.2178,
frame_ms,0.2262,
frame_ms,0.238,
frame_ms,0.2265,
frame_ms,0.2144,
tick_us,152.8,4
frame_ms,0.6811,
frame_ms,0.2901,
frame_ms,0.229,
frame_ms,0.235,
frame_ms,0.3559,
frame_ms,0.2657,
frame_ms,0.2209,
frame_ms,0.237,
frame_ms,0.2174,
frame_ms,0.205,
frame_ms,0.2503,
frame_ms,0.2243,
frame_ms,0.2198,
frame_ms,0.2349,
frame_ms,0.2253,
frame_ms,0.2106,
frame_ms,0.2319,
frame_ms,0.2251,
frame_ms,0.2113,
frame_ms,0.226,
frame_ms,0.2434,
frame_ms,0.5998,
frame_ms,0.3933,
frame_ms,0.2752,
frame_ms,0.2177,
tick_us,138.4,4
frame_ms,0.5088,
frame_ms,0.2254,
frame_ms,0.2044,
frame_ms,0.2077,
frame_ms,0.2154,
frame_ms,0.2269,
frame_ms,0.2391,
frame_ms,0.2224,
frame_ms,0.2064,
frame_ms,0.2547,
frame_ms,0.2209,
frame_ms,0.2039,
frame_ms,0.2504,
frame_ms,0.2174,
frame_ms,0.2065,
frame_ms,0.2533,
frame_ms,0.2698,
frame_ms,0.4049,
frame_ms,0.3454,
frame_ms,0.3388,
frame_ms,0.3362,
frame_ms,0.3884,
frame_ms,0.3029,
frame_ms,0.2282,
frame_ms,0.2101,
frame_ms,0.2106,
tick_us,140.6,4
frame_ms,0.503,
frame_ms,0.2286,
frame_ms,0.2202,
frame_ms,0.209,
frame_ms,0.2078,
frame_ms,0.2052,
frame_ms,0.2513,
frame_ms,0.2521,
frame_ms,0.2255,
frame_ms,0.2114,
frame_ms,0.2472,
frame_ms,0.2303,
frame_ms,0.2108,
frame_ms,0.2052,
frame_ms,0.245,
frame_ms,0.2181,
frame_ms,0.2063,
frame_ms,0.2399,
frame_ms,0.2147,
frame_ms,0.2048,
frame_ms,0.246,
frame_ms,0.2149,
frame_ms,0.2044,
frame_ms,0.2521,
frame_ms,0.2198,
frame_ms,0.2005,
frame_ms,0.2238,
frame_ms,0.2055,
frame_ms,0.1988,
frame_ms,0.2654,
tick_us,134.6,2
frame_ms,0.5038,
frame_ms,0.2625,
frame_ms,0.224,
frame_ms,0.2233,
frame_ms,0.2196,
frame_ms,0.2066,
frame_ms,0.2019,
frame_ms,0.2458,
frame_ms,0.2167,
frame_ms,0.2041,
frame_ms,0.2514,
frame_ms,0.227,
frame_ms,0.2055,
frame_ms,0.2411,
frame_ms,0.2444,
frame_ms,0.2138,
frame_ms,0.2355,
frame_ms,0.2217,
frame_ms,0.273,
frame_ms,0.2114,
frame_ms,0.2048,
frame_ms,0.2305,
frame_ms,0.2076,
frame_ms,0.2239,
frame_ms,0.2096,
frame_ms,0.1989,
frame_ms,0.2473,
frame_ms,0.2184,
frame_ms,0.1996,
tick_us,135.4,2
frame_ms,0.5448,
frame_ms,0.2379,
frame_ms,0.2012,
frame_ms,0.2052,
frame_ms,0.2044,
frame_ms,0.2458,
frame_ms,0.2108,
frame_ms,0.2102,
frame_ms,0.2571,
frame_ms,0.2642,
frame_ms,0.2337,
frame_ms,0.2257,
frame_ms,0.2128,
frame_ms,0.2364,
frame_ms,0.2139,
frame_ms,0.2067,
frame_ms,0.2475,
frame_ms,0.2413,
frame_ms,0.2142,
frame_ms,0.2051,
frame_ms,0.2383,
frame_ms,0.2335,
frame_ms,0.2156,
frame_ms,0.206,
frame_ms,0.2668,
frame_ms,0.2601,
frame_ms,0.2291,
frame_ms,0.2197,
frame_ms,0.2148,
frame_ms,0.2222,
tick_us,124.5,2
frame_ms,0.5081,
frame_ms,0.2637,
frame_ms,0.2164,
frame_ms,0.2697,
frame_ms,0.2114,
frame_ms,0.2059,
frame_ms,0.2022,
frame_ms,0.46,
frame_ms,0.2922,
frame_ms,0.2424,
frame_ms,0.2128,
frame_ms,0.2104,
frame_ms,0.2053,
frame_ms,0.2434,
frame_ms,0.2187,
frame_ms,0.2034,
frame_ms,0.2502,
frame_ms,0.2179,
frame_ms,0.2034,
frame_ms,0.2415,
frame_ms,0.2172,
frame_ms,0.2032,
frame_ms,0.2276,
frame_ms,0.2169,
frame_ms,0.2006,
frame_ms,0.2599,
frame_ms,0.2237,
frame_ms,0.2024,
tick_us,137.8,2
frame_ms,0.5152,
frame_ms,0.2279,
frame_ms,0.2036,
frame_ms,0.211,
frame_ms,0.2104,
frame_ms,0.2195,
frame_ms,0.2376,
frame_ms,0.2111,
frame_ms,0.2013,
frame_ms,0.2556,
frame_ms,0.2206,
frame_ms,0.2088,
frame_ms,0.2407,
frame_ms,0.2165,
frame_ms,0.2006,
frame_ms,0.2505,
frame_ms,0.2149,
frame_ms,0.218,
frame_ms,0.2311,
frame_ms,0.2157,
frame_ms,0.4112,
frame_ms,0.2535,
frame_ms,0.2149,
frame_ms,0.21,
frame_ms,0.2022,
frame_ms,0.2254,
frame_ms,0.215,
frame_ms,0.203,
frame_ms,0.2538,
tick_us,133.2,2
frame_ms,0.504,
frame_ms,0.2334,
frame_ms,0.2008,
frame_ms,0.2044,
frame_ms,0.2008,
frame_ms,0.2431,
frame_ms,0.229,
frame_ms,0.2088,
frame_ms,0.2348,
frame_ms,0.2121,
frame_ms,0.2221,
frame_ms,0.2681,
frame_ms,0.2231,
frame_ms,0.2074,
frame_ms,0.2491,
frame_ms,0.2291,
frame_ms,0.2054,
frame_ms,0.2236,
frame_ms,0.2329,
frame_ms,0.2186,
frame_ms,0.2023,
frame_ms,0.234,
frame_ms,0.2236,
frame_ms,0.2039,
frame_ms,0.2475,
frame_ms,0.2622,
frame_ms,0.2672,
frame_ms,0.227,
frame_ms,0.2194,
frame_ms,0.2162,
tick_us,143.2,2
frame_ms,0.5192,
frame_ms,0.2424,
frame_ms,0.2184,
frame_ms,0.2164,
frame_ms,0.2109,
frame_ms,0.2115,
frame_ms,0.2459,
frame_ms,0.2519,
frame_ms,0.2169,
frame_ms,0.213,
frame_ms,0.2368,
frame_ms,0.2184,
frame_ms,0.2278,
frame_ms,0.2294,
frame_ms,0.2191,
frame_ms,0.2011,
frame_ms,0.2364,
frame_ms,0.2161,
frame_ms,0.218,
frame_ms,0.2322,
frame_ms,0.2295,
frame_ms,0.2046,
frame_ms,0.2332,
frame_ms,0.2024,
frame_ms,0.1989,
frame_ms,0.2828,
frame_ms,0.2672,
frame_ms,0.227,
frame_ms,0.2167,
tick_us,130.5,2
frame_ms,0.4863,
frame_ms,0.2313,
frame_ms,0.2098,
frame_ms,0.2225,
frame_ms,0.2105,
frame_ms,0.2066,
frame_ms,0.2609,
frame_ms,0.2559,
frame_ms,0.2168,
frame_ms,0.2018,
frame_ms,0.2446,
frame_ms,0.2188,
frame_ms,0.2028,
frame_ms,0.2331,
frame_ms,0.2314,
frame_ms,0.2041,
frame_ms,0.2574,
frame_ms,0.217,
frame_ms,0.2042,
frame_ms,0.272,
frame_ms,0.2235,
frame_ms,0.4284,
frame_ms,0.4885,
frame_ms,0.3654,
frame_ms,0.3508,
frame_ms,0.3438,
tick_us,130.1,2
frame_ms,0.5466,
frame_ms,0.236,
frame_ms,0.215,
frame_ms,0.2095,
frame_ms,0.2163,
frame_ms,0.2125,
frame_ms,0.245,
frame_ms,0.2284,
frame_ms,0.216,
frame_ms,0.2247,
frame_ms,0.2292,
frame_ms,0.2116,
frame_ms,0.2063,
frame_ms,0.25,
frame_ms,0.2684,
frame_ms,0.2333,
frame_ms,0.2248,
frame_ms,0.2196,
frame_ms,0.2151,
frame_ms,0.2589,
frame_ms,0.2441,
frame_ms,0.2107,
frame_ms,0.2113,
frame_ms,0.2523,
frame_ms,0.229,
frame_ms,0.207,
frame_ms,0.2758,
frame_ms,0.2469,
frame_ms,0.2082,
tick_us,139.5,2
frame_ms,0.4978,
frame_ms,0.2217,
frame_ms,0.2008,
frame_ms,0.2044,
frame_ms,0.1997,
frame_ms,0.2461,
frame_ms,0.2204,
frame_ms,0.2075,
frame_ms,0.2433,
frame_ms,0.209,
frame_ms,0.1975,
frame_ms,0.2498,
frame_ms,0.401,
frame_ms,0.3794,
frame_ms,0.26,
frame_ms,0.2111,
frame_ms,0.2085,
frame_ms,0.207,
frame_ms,0.2039,
frame_ms,0.2672,
frame_ms,0.2223,
frame_ms,0.2072,
frame_ms,0.2586,
frame_ms,0.2614,
frame_ms,0.2349,
frame_ms,0.2171,
frame_ms,0.2412,
frame_ms,0.279,
tick_us,143.6,2
frame_ms,0.5399,
frame_ms,0.2457,
frame_ms,0.2074,
frame_ms,0.2074,
frame_ms,0.2435,
frame_ms,0.2259,
frame_ms,0.2128,
frame_ms,0.2235,
frame_ms,0.2391,
frame_ms,0.2234,
frame_ms,0.2079,
frame_ms,0.238,
frame_ms,0.2177,
frame_ms,0.2002,
frame_ms,0.2522,
frame_ms,0.2195,
frame_ms,0.2069,
frame_ms,0.2512,
frame_ms,0.2695,
frame_ms,0.2596,
frame_ms,0.2303,
frame_ms,0.2173,
frame_ms,0.2123,
frame_ms,0.2537,
frame_ms,0.2427,
frame_ms,0.2145,
frame_ms,0.2059,
frame_ms,0.2446,
frame_ms,0.2365,
tick_us,137.1,2
frame_ms,0.4997,
frame_ms,0.2252,
frame_ms,0.202,
frame_ms,0.2083,
frame_ms,0.2055,
frame_ms,0.245,
frame_ms,0.3805,
frame_ms,0.358,
frame_ms,0.2619,
frame_ms,0.2123,
frame_ms,0.2091,
frame_ms,0.201,
frame_ms,0.2303,
frame_ms,0.2158,
frame_ms,0.2105,
frame_ms,0.2373,
frame_ms,0.2203,
frame_ms,0.202,
frame_ms,0.2509,
frame_ms,0.2245,
frame_ms,0.2126,
frame_ms,0.2513,
frame_ms,0.2635,
frame_ms,0.2423,
frame_ms,0.2252,
frame_ms,0.2178,
frame_ms,0.2114,
frame_ms,0.2382,
frame_ms,0.2175,
tick_us,141.6,2
frame_ms,0.5125,
frame_ms,0.2228,
frame_ms,0.2041,
frame_ms,0.2085,
frame_ms,0.2048,
frame_ms,0.2329,
frame_ms,0.2076,
frame_ms,0.3477,
frame_ms,0.2649,
frame_ms,0.2359,
frame_ms,0.2179,
frame_ms,0.2211,
frame_ms,0.2059,
frame_ms,0.273,
frame_ms,0.2663,
frame_ms,0.2256,
frame_ms,0.2162,
frame_ms,0.2144,
frame_ms,0.2416,
frame_ms,0.2483,
frame_ms,0.2093,
frame_ms,0.231,
frame_ms,0.2118,
frame_ms,0.2371,
frame_ms,0.2263,
frame_ms,0.2063,
frame_ms,0.2288,
frame_ms,0.2187,
tick_us,138.4,2
frame_ms,0.5034,
frame_ms,0.2371,
frame_ms,0.2124,
frame_ms,0.2092,
frame_ms,0.2061,
frame_ms,0.2036,
frame_ms,0.2496,
frame_ms,0.2576,
frame_ms,0.2179,
frame_ms,0.2112,
frame_ms,0.2326,
frame_ms,0.2163,
frame_ms,0.2184,
frame_ms,0.2379,
frame_ms,0.2483,
frame_ms,0.214,
frame_ms,0.2052,
frame_ms,0.245,
frame_ms,0.2458,
frame_ms,0.2212,
frame_ms,0.2325,
frame_ms,0.2702,
frame_ms,0.2638,
frame_ms,0.2131,
frame_ms,0.2026,
frame_ms,0.4729,
frame_ms,0.3477,
frame_ms,0.3366,
tick_us,129.7,2
frame_ms,0.5375,
frame_ms,0.234,
frame_ms,0.2049,
frame_ms,0.2082,
frame_ms,0.2035,
frame_ms,0.2398,
frame_ms,0.222,
frame_ms,0.2092,
frame_ms,0.2674,
frame_ms,0.2141,
frame_ms,0.2633,
frame_ms,0.2229,
frame_ms,0.2076,
frame_ms,0.2498,
frame_ms,0.3238,
frame_ms,0.3876,
frame_ms,0.3356,
frame_ms,0.2758,
frame_ms,0.217,
frame_ms,0.2101,
frame_ms,0.2084,
frame_ms,0.2049,
frame_ms,0.4001,
frame_ms,0.4148,
frame_ms,0.295,
tick_us,122.3,2
frame_ms,0.4867,
frame_ms,0.224,
frame_ms,0.2082,
frame_ms,0.211,
frame_ms,0.21,
frame_ms,0.2203,
frame_ms,0.258,
frame_ms,0.2202,
frame_ms,0.2059,
frame_ms,0.2474,
frame_ms,0.2168,
frame_ms,0.2027,
frame_ms,0.2498,
frame_ms,0.2289,
frame_ms,0.2066,
frame_ms,0.2059,
frame_ms,0.2478,
frame_ms,0.214,
frame_ms,0.2024,
frame_ms,0.2493,
frame_ms,0.2255,
frame_ms,0.2117,
frame_ms,0.2408,
frame_ms,0.2135,
frame_ms,0.2029,
frame_ms,0.2568,
frame_ms,0.2179,
frame_ms,0.2083,
frame_ms,0.245,
frame_ms,0.2212,
tick_us,132,2
frame_ms,0.4903,
frame_ms,0.2301,
frame_ms,0.2033,
frame_ms,0.2862,
frame_ms,0.2707,
frame_ms,0.2278,
frame_ms,0.227,
frame_ms,0.2221,
frame_ms,0.2121,
frame_ms,0.2099,
frame_ms,0.2513,
frame_ms,0.2462,
frame_ms,0.2145,
frame_ms,0.2087,
frame_ms,0.2589,
frame_ms,0.2397,
frame_ms,0.2125,
frame_ms,0.2049,
frame_ms,0.2598,
frame_ms,0.2259,
frame_ms,0.4096,
frame_ms,0.2791,
frame_ms,0.2362,
frame_ms,0.2175,
frame_ms,0.2153,
frame_ms,0.2138,
frame_ms,0.2642,
frame_ms,0.2523,
tick_us,135.6,2
frame_ms,0.4936,
frame_ms,0.2245,
frame_ms,0.205,
frame_ms,0.2114,
frame_ms,0.2124,
frame_ms,0.2224,
frame_ms,0.2285,
frame_ms,0.2173,
frame_ms,0.2006,
frame_ms,0.2602,
frame_ms,0.2175,
frame_ms,0.2016,
frame_ms,0.2427,
frame_ms,0.2138,
frame_ms,0.2039,
frame_ms,0.255,
frame_ms,0.2193,
frame_ms,0.2013,
frame_ms,0.2352,
frame_ms,0.2174,
frame_ms,0.1998,
frame_ms,0.2459,
frame_ms,0.2137,
frame_ms,0.2013,
frame_ms,0.2764,
frame_ms,0.2217,
frame_ms,0.2304,
frame_ms,0.2026,
frame_ms,0.265,
frame_ms,0.2201,
tick_us,134.2,2
frame_ms,0.4866,
frame_ms,0.2258,
frame_ms,0.203,
frame_ms,0.2069,
frame_ms,0.206,
frame_ms,0.289,
frame_ms,0.2285,
frame_ms,0.2054,
frame_ms,0.2313,
frame_ms,0.2072,
frame_ms,0.1994,
frame_ms,0.2594,
frame_ms,0.227,
frame_ms,0.2064,
frame_ms,0.2288,
frame_ms,0.3066,
frame_ms,0.2053,
frame_ms,0.2019,
frame_ms,0.2356,
frame_ms,0.2191,
frame_ms,0.2164,
frame_ms,0.2377,
frame_ms,0.2186,
frame_ms,0.2002,
frame_ms,0.2458,
frame_ms,0.217,
frame_ms,0.2068,
frame_ms,0.2467,
frame_ms,0.218,
frame_ms,0.2096,
tick_us,144.5,2
frame_ms,0.5459,
frame_ms,0.3714,
frame_ms,0.3719,
frame_ms,0.306,
frame_ms,0.2697,
frame_ms,0.2202,
frame_ms,0.2161,
frame_ms,0.2101,
frame_ms,0.2089,
frame_ms,0.2585,
frame_ms,0.2541,
frame_ms,0.2161,
frame_ms,0.2065,
frame_ms,0.2577,
frame_ms,0.2224,
frame_ms,0.2059,
frame_ms,0.2619,
frame_ms,0.2821,
frame_ms,0.2377,
frame_ms,0.222,
frame_ms,0.2127,
frame_ms,0.2089,
frame_ms,0.2419,
frame_ms,0.2482,
frame_ms,0.2231,
frame_ms,0.2296,
frame_ms,0.24,
tick_us,135.8,2
frame_ms,0.5148,
frame_ms,0.2258,
frame_ms,0.2081,
frame_ms,0.2148,
frame_ms,0.2098,
frame_ms,0.2501,
frame_ms,0.2516,
frame_ms,0.2155,
frame_ms,0.2106,
frame_ms,0.2794,
frame_ms,0.2434,
frame_ms,0.2295,
frame_ms,0.2261,
frame_ms,0.2139,
frame_ms,0.2077,
frame_ms,0.2691,
frame_ms,0.233,
frame_ms,0.2096,
frame_ms,0.2407,
frame_ms,0.2215,
frame_ms,0.2359,
frame_ms,0.2164,
frame_ms,0.242,
frame_ms,0.2216,
frame_ms,0.2539,
frame_ms,0.2637,
frame_ms,0.2479,
frame_ms,0.223,
frame_ms,0.2116,
tick_us,138.4,0
frame_ms,0.5048,
frame_ms,0.268,
frame_ms,0.2125,
frame_ms,0.2145,
frame_ms,0.2074,
frame_ms,0.2095,
frame_ms,1.1285,
frame_ms,0.4908,
frame_ms,0.3566,
frame_ms,0.3425,
frame_ms,0.3409,
frame_ms,0.3424,
frame_ms,0.279,
frame_ms,0.2217,
frame_ms,0.2178,
frame_ms,0.2135,
frame_ms,0.2133,
frame_ms,0.3883,
frame_ms,0.3609,
frame_ms,0.3448,
tick_us,169,2
frame_ms,0.6917,
frame_ms,0.2925,
frame_ms,0.2412,
frame_ms,0.2123,
frame_ms,0.209,
frame_ms,0.2334,
frame_ms,0.2257,
frame_ms,0.21,
frame_ms,0.2786,
frame_ms,0.2926,
frame_ms,0.2327,
frame_ms,0.2161,
frame_ms,0.2086,
frame_ms,0.2436,
frame_ms,0.2554,
frame_ms,0.221,
frame_ms,0.237,
frame_ms,0.2159,
frame_ms,0.2207,
frame_ms,0.2357,
frame_ms,0.2247,
frame_ms,0.2087,
frame_ms,0.2428,
frame_ms,0.2234,
frame_ms,0.2052,
frame_ms,0.2328,
frame_ms,0.2144,
frame_ms,0.2352,
tick_us,141.2,2
frame_ms,0.5122,
frame_ms,0.2296,
frame_ms,0.2056,
frame_ms,0.2137,
frame_ms,0.2034,
frame_ms,0.5836,
frame_ms,0.2558,
frame_ms,0.216,
frame_ms,0.2146,
frame_ms,0.2716,
frame_ms,0.2251,
frame_ms,0.2195,
frame_ms,0.2131,
frame_ms,0.2573,
frame_ms,0.2296,
frame_ms,0.3612,
frame_ms,0.4237,
frame_ms,0.3504,
frame_ms,0.3509,
frame_ms,0.3742,
frame_ms,0.3364,
frame_ms,0.2596,
frame_ms,0.2129,
frame_ms,0.2166,
tick_us,136.2,4
frame_ms,0.5136,
frame_ms,0.2372,
frame_ms,0.2328,
frame_ms,0.2211,
frame_ms,0.2159,
frame_ms,0.2097,
frame_ms,0.2332,
frame_ms,0.2211,
frame_ms,0.2766,
frame_ms,0.233,
frame_ms,0.2098,
frame_ms,0.2468,
frame_ms,0.2305,
frame_ms,0.2154,
frame_ms,0.2272,
frame_ms,0.2257,
frame_ms,0.2114,
frame_ms,0.2136,
frame_ms,0.4151,
frame_ms,0.355,
frame_ms,0.3433,
frame_ms,0.3367,
frame_ms,0.4445,
frame_ms,0.2748,
frame_ms,0.2193,
frame_ms,0.2204,
tick_us,130.3,2
frame_ms,0.4921,
frame_ms,0.2233,
frame_ms,0.2065,
frame_ms,0.2205,
frame_ms,0.2139,
frame_ms,0.241,
frame_ms,0.2245,
frame_ms,0.2097,
frame_ms,0.2435,
frame_ms,0.2221,
frame_ms,0.2298,
frame_ms,0.2251,
frame_ms,0.2139,
frame_ms,0.234,
frame_ms,0.2304,
frame_ms,0.2514,
frame_ms,0.2291,
frame_ms,0.2143,
frame_ms,0.2582,
frame_ms,0.2274,
frame_ms,0.2048,
frame_ms,0.2446,
frame_ms,0.2193,
frame_ms,0.2195,
frame_ms,0.4491,
frame_ms,0.2532,
frame_ms,0.2103,
frame_ms,0.2121,
tick_us,133.5,2
frame_ms,0.5013,
frame_ms,0.2325,
frame_ms,0.2077,
frame_ms,0.2262,
frame_ms,0.2146,
frame_ms,0.2315,
frame_ms,0.2256,
frame_ms,0.2294,
frame_ms,0.223,
frame_ms,0.2264,
frame_ms,0.233,
frame_ms,0.2086,
frame_ms,0.21,
frame_ms,0.2396,
frame_ms,0.2312,
frame_ms,0.4188,
frame_ms,0.3468,
frame_ms,0.3416,
frame_ms,0.3974,
frame_ms,0.3584,
frame_ms,0.3748,
frame_ms,0.3459,
frame_ms,0.36,
frame_ms,0.3354,
tick_us,178.1,2
frame_ms,0.7328,
frame_ms,0.2861,
frame_ms,0.2303,
frame_ms,0.2105,
frame_ms,0.2122,
frame_ms,0.2072,
frame_ms,0.2544,
frame_ms,0.2571,
frame_ms,0.221,
frame_ms,0.2105,
frame_ms,0.2363,
frame_ms,0.2166,
frame_ms,0.3013,
frame_ms,0.3873,
frame_ms,0.3732,
frame_ms,0.2424,
frame_ms,0.2159,
frame_ms,0.2172,
frame_ms,0.2079,
frame_ms,0.2135,
frame_ms,0.2645,
frame_ms,0.257,
frame_ms,0.2168,
frame_ms,0.2044,
frame_ms,0.2444,
frame_ms,0.2253,
frame_ms,0.2092,
tick_us,146.4,2
frame_ms,0.5516,
frame_ms,0.504,
frame_ms,0.2954,
frame_ms,0.2292,
frame_ms,0.2177,
frame_ms,0.2114,
frame_ms,0.2069,
frame_ms,0.239,
frame_ms,0.2227,
frame_ms,0.2141,
frame_ms,0.2149,
frame_ms,0.2375,
frame_ms,0.225,
frame_ms,0.2072,
frame_ms,0.2533,
frame_ms,0.3404,
frame_ms,0.3479,
frame_ms,0.2194,
frame_ms,0.2125,
frame_ms,0.2216,
frame_ms,0.2088,
frame_ms,0.2408,
frame_ms,0.2205,
frame_ms,0.2058,
frame_ms,0.2437,
frame_ms,0.224,
frame_ms,0.204,
tick_us,144.9,2
frame_ms,0.5448,
frame_ms,0.2312,
frame_ms,0.2613,
frame_ms,0.2121,
frame_ms,0.2095,
frame_ms,0.2353,
frame_ms,0.2245,
frame_ms,0.2418,
frame_ms,0.2252,
frame_ms,0.2035,
frame_ms,0.2267,
frame_ms,0.2062,
frame_ms,0.1998,
frame_ms,0.2528,
frame_ms,0.2176,
frame_ms,0.2203,
frame_ms,0.2501,
frame_ms,0.2337,
frame_ms,0.2726,
frame_ms,0.2163,
frame_ms,0.2035,
frame_ms,0.2628,
frame_ms,0.2193,
frame_ms,0.2032,
frame_ms,0.2291,
frame_ms,0.216,
frame_ms,0.2058,
frame_ms,0.2355,
frame_ms,0.2196,
tick_us,138.2,2
frame_ms,0.4942,
frame_ms,0.224,
frame_ms,0.2026,
frame_ms,0.2129,
frame_ms,0.2073,
frame_ms,0.2427,
frame_ms,0.2148,
frame_ms,0.2016,
frame_ms,0.7384,
frame_ms,0.4834,
frame_ms,0.2507,
frame_ms,0.2171,
frame_ms,0.2169,
frame_ms,0.2156,
frame_ms,0.2138,
frame_ms,0.2471,
frame_ms,0.2602,
frame_ms,0.349,
frame_ms,0.281,
frame_ms,0.2114,
frame_ms,0.21,
frame_ms,0.2052,
frame_ms,0.2485,
frame_ms,0.2193,
frame_ms,0.2059,
frame_ms,0.2511,
tick_us,144,2
frame_ms,0.5213,
frame_ms,0.2363,
frame_ms,0.2057,
frame_ms,0.2094,
frame_ms,0.2026,
frame_ms,0.2364,
frame_ms,0.2187,
frame_ms,0.2051,
frame_ms,0.2465,
frame_ms,0.2167,
frame_ms,0.2039,
frame_ms,0.2516,
frame_ms,0.2179,
frame_ms,0.204,
frame_ms,0.2443,
frame_ms,0.2167,
frame_ms,0.2055,
frame_ms,0.2482,
frame_ms,0.2492,
frame_ms,0.2123,
frame_ms,0.357,
frame_ms,0.373,
frame_ms,0.3372,
frame_ms,0.3359,
frame_ms,0.3352,
frame_ms,0.2766,
frame_ms,0.217,
tick_us,130.2,2
frame_ms,0.4927,
frame_ms,0.2206,
frame_ms,0.2048,
frame_ms,0.2076,
frame_ms,0.2187,
frame_ms,0.2205,
frame_ms,0.2573,
frame_ms,0.2243,
frame_ms,0.2099,
frame_ms,0.2422,
frame_ms,0.2147,
frame_ms,0.2035,
frame_ms,0.2415,
frame_ms,0.2158,
frame_ms,0.2038,
frame_ms,0.2388,
frame_ms,0.5898,
frame_ms,0.2322,
frame_ms,0.2007,
frame_ms,0.3101,
frame_ms,0.3119,
frame_ms,0.2271,
frame_ms,0.2222,
frame_ms,0.2192,
frame_ms,0.2117,
frame_ms,0.2125,
frame_ms,0.2943,
tick_us,123.4,2
frame_ms,0.5249,
frame_ms,0.2463,
frame_ms,0.2078,
frame_ms,0.2095,
frame_ms,0.2069,
frame_ms,0.205,
frame_ms,0.2454,
frame_ms,0.2255,
frame_ms,0.2039,
frame_ms,0.2382,
frame_ms,0.2162,
frame_ms,0.2045,
frame_ms,0.4773,
frame_ms,0.3563,
frame_ms,0.3345,
frame_ms,0.3319,
frame_ms,0.3217,
frame_ms,0.2386,
frame_ms,0.2266,
frame_ms,0.2251,
frame_ms,0.2095,
frame_ms,0.2043,
frame_ms,0.2458,
frame_ms,0.2201,
frame_ms,0.2059,
frame_ms,0.2293,
frame_ms,0.206,
tick_us,136.8,2
frame_ms,0.4922,
frame_ms,0.225,
frame_ms,0.2168,
frame_ms,0.2105,
frame_ms,0.2007,
frame_ms,0.228,
frame_ms,0.2152,
frame_ms,0.1986,
frame_ms,0.2648,
frame_ms,0.2254,
frame_ms,0.2065,
frame_ms,0.2454,
frame_ms,0.2043,
frame_ms,0.1979,
frame_ms,0.2663,
frame_ms,0.2234,
frame_ms,0.206,
frame_ms,0.2353,
frame_ms,0.2041,
frame_ms,0.2094,
frame_ms,0.2639,
frame_ms,0.2284,
frame_ms,0.2023,
frame_ms,0.3151,
frame_ms,0.6944,
frame_ms,0.2675,
frame_ms,0.2165,
frame_ms,0.2099,
tick_us,138.8,2
frame_ms,0.4979,
frame_ms,0.2248,
frame_ms,0.2002,
frame_ms,0.2135,
frame_ms,0.2038,
frame_ms,0.2293,
frame_ms,0.359,
frame_ms,0.3621,
frame_ms,0.2405,
frame_ms,0.2026,
frame_ms,0.2064,
frame_ms,0.2008,
frame_ms,0.2438,
frame_ms,0.2248,
frame_ms,0.2076,
frame_ms,0.2445,
frame_ms,0.206,
frame_ms,0.1984,
frame_ms,0.2533,
frame_ms,0.2229,
frame_ms,0.2094,
frame_ms,0.2169,
frame_ms,0.2008,
frame_ms,0.2186,
frame_ms,0.283,
frame_ms,0.22,
frame_ms,0.2063,
frame_ms,0.2458,
tick_us,134.8,2
frame_ms,0.5037,
frame_ms,0.2165,
frame_ms,0.1999,
frame_ms,0.1997,
frame_ms,0.2056,
frame_ms,0.2604,
frame_ms,0.2214,
frame_ms,0.2112,
frame_ms,0.2296,
frame_ms,0.2095,
frame_ms,0.2002,
frame_ms,0.2586,
frame_ms,0.363,
frame_ms,0.2655,
frame_ms,0.2234,
frame_ms,0.2352,
frame_ms,0.2235,
frame_ms,0.2166,
frame_ms,0.2169,
frame_ms,0.2614,
frame_ms,0.2492,
frame_ms,0.2156,
frame_ms,0.2061,
frame_ms,0.2498,
frame_ms,0.22,
frame_ms,0.3019,
frame_ms,0.2635,
frame_ms,0.2958,
tick_us,135.8,4
frame_ms,0.6853,
frame_ms,0.2359,
frame_ms,0.211,
frame_ms,0.2155,
frame_ms,0.2105,
frame_ms,0.2049,
frame_ms,0.2547,
frame_ms,0.2206,
frame_ms,0.21,
frame_ms,0.2525,
frame_ms,0.2214,
frame_ms,0.206,
frame_ms,0.2452,
frame_ms,0.3301,
frame_ms,0.3844,
frame_ms,0.3412,
frame_ms,0.3762,
frame_ms,0.3349,
frame_ms,0.3508,
frame_ms,0.3333,
frame_ms,0.3304,
frame_ms,0.3392,
frame_ms,0.3352,
frame_ms,0.3317,
tick_us,130.2,4
frame_ms,0.5904,
frame_ms,0.2516,
frame_ms,0.2112,
frame_ms,0.2154,
frame_ms,0.2102,
frame_ms,0.2187,
frame_ms,0.2606,
frame_ms,0.2303,
frame_ms,0.2125,
frame_ms,0.2183,
frame_ms,0.2289,
frame_ms,0.2184,
frame_ms,0.2199,
frame_ms,0.2661,
frame_ms,0.2832,
frame_ms,0.2381,
frame_ms,0.2217,
frame_ms,0.2288,
frame_ms,0.21,
frame_ms,0.2507,
frame_ms,0.2533,
frame_ms,0.226,
frame_ms,0.2189,
frame_ms,0.2439,
frame_ms,0.2571,
frame_ms,0.2263,
frame_ms,0.2122,
frame_ms,0.2516,
tick_us,143.4,4
frame_ms,0.5315,
frame_ms,0.2271,
frame_ms,0.215,
frame_ms,0.2156,
frame_ms,0.2064,
frame_ms,0.2071,
frame_ms,0.2662,
frame_ms,0.366,
frame_ms,0.2973,
frame_ms,0.2341,
frame_ms,0.2449,
frame_ms,0.2561,
frame_ms,0.2381,
frame_ms,0.2512,
frame_ms,0.2232,
frame_ms,0.4093,
frame_ms,0.2321,
frame_ms,0.2209,
frame_ms,0.216,
frame_ms,0.2084,
frame_ms,0.2298,
frame_ms,0.2112,
frame_ms,0.2719,
frame_ms,0.2419,
frame_ms,0.2143,
frame_ms,0.208,
frame_ms,0.3247,
tick_us,159.2,4
frame_ms,0.7718,
frame_ms,0.2706,
frame_ms,0.2209,
frame_ms,0.2186,
frame_ms,0.2115,
frame_ms,0.2431,
frame_ms,0.2165,
frame_ms,0.2551,
frame_ms,0.2249,
frame_ms,0.2046,
frame_ms,0.2444,
frame_ms,0.2242,
frame_ms,0.2141,
frame_ms,0.232,
frame_ms,0.2447,
frame_ms,0.2215,
frame_ms,0.2289,
frame_ms,0.2196,
frame_ms,0.2938,
frame_ms,0.4998,
frame_ms,0.2841,
frame_ms,0.2559,
frame_ms,0.2363,
frame_ms,0.2375,
frame_ms,0.2401,
frame_ms,0.298,
tick_us,141.7,4
frame_ms,0.5825,
frame_ms,0.2789,
frame_ms,0.2392,
frame_ms,0.2174,
frame_ms,0.3318,
frame_ms,0.2722,
frame_ms,0.2251,
frame_ms,0.2241,
frame_ms,0.2494,
frame_ms,0.2165,
frame_ms,0.2181,
frame_ms,0.2453,
frame_ms,0.8451,
frame_ms,0.2646,
frame_ms,0.2477,
frame_ms,0.2181,
frame_ms,0.2136,
frame_ms,0.2268,
frame_ms,0.2306,
frame_ms,0.2182,
frame_ms,0.2215,
frame_ms,0.2437,
frame_ms,0.2537,
frame_ms,0.2179,
frame_ms,0.229,
tick_us,142.1,4
frame_ms,0.507,
frame_ms,0.2831,
frame_ms,0.2112,
frame_ms,0.2133,
frame_ms,0.2066,
frame_ms,0.2303,
frame_ms,0.2194,
frame_ms,0.2075,
frame_ms,0.2033,
frame_ms,0.2717,
frame_ms,0.222,
frame_ms,0.2114,
frame_ms,0.227,
frame_ms,0.2177,
frame_ms,0.2047,
frame_ms,0.2494,
frame_ms,0.2651,
frame_ms,0.2061,
frame_ms,0.251,
frame_ms,0.2173,
frame_ms,0.2142,
frame_ms,0.2438,
frame_ms,0.214,
frame_ms,0.2008,
frame_ms,0.2421,
frame_ms,0.2229,
frame_ms,0.2007,
frame_ms,0.2349,
frame_ms,0.2067,
tick_us,141.1,4
frame_ms,0.5235,
frame_ms,0.3174,
frame_ms,0.2742,
frame_ms,0.2494,
frame_ms,0.2264,
frame_ms,0.2228,
frame_ms,0.2167,
frame_ms,0.2148,
frame_ms,0.24,
frame_ms,0.2425,
frame_ms,0.2152,
frame_ms,0.2052,
frame_ms,0.2639,
frame_ms,0.3642,
frame_ms,0.3851,
frame_ms,0.3964,
frame_ms,0.8965,
frame_ms,0.2649,
frame_ms,0.2134,
frame_ms,0.2141,
frame_ms,0.2049,
frame_ms,0.207,
frame_ms,0.2598,
frame_ms,0.2281,
tick_us,140.4,4
frame_ms,0.5142,
frame_ms,0.23,
frame_ms,0.3295,
frame_ms,0.2346,
frame_ms,0.2131,
frame_ms,0.2198,
frame_ms,0.2098,
frame_ms,0.2633,
frame_ms,0.2266,
frame_ms,0.2487,
frame_ms,0.2019,
frame_ms,0.2596,
frame_ms,0.2233,
frame_ms,0.2111,
frame_ms,0.2353,
frame_ms,0.2119,
frame_ms,0.2015,
frame_ms,0.2558,
frame_ms,0.2228,
frame_ms,0.208,
frame_ms,0.219,
frame_ms,0.2095,
frame_ms,0.2011,
frame_ms,0.2868,
frame_ms,0.2781,
tick_us,140.9,4
frame_ms,1.2655,
frame_ms,0.2815,
frame_ms,0.3169,
frame_ms,0.2967,
frame_ms,0.2171,
frame_ms,0.2124,
frame_ms,0.2065,
frame_ms,0.2077,
frame_ms,0.2453,
frame_ms,0.2196,
frame_ms,0.2122,
frame_ms,0.2354,
frame_ms,0.2272,
frame_ms,0.2125,
frame_ms,0.2159,
frame_ms,0.2666,
frame_ms,0.2639,
frame_ms,0.2327,
frame_ms,0.2221,
frame_ms,0.218,
frame_ms,0.2133,
frame_ms,0.247,
frame_ms,0.24,
frame_ms,0.2175,
frame_ms,0.2091,
frame_ms,0.2697,
frame_ms,0.2275,
tick_us,150.3,4
frame_ms,0.765,
frame_ms,0.2418,
frame_ms,0.2091,
frame_ms,0.213,
frame_ms,0.289,
frame_ms,0.2687,
frame_ms,0.2229,
frame_ms,0.2166,
frame_ms,0.206,
frame_ms,0.2697,
frame_ms,0.3822,
frame_ms,0.2448,
frame_ms,0.2178,
frame_ms,0.2257,
frame_ms,0.2274,
frame_ms,0.2236,
frame_ms,0.2268,
frame_ms,0.2499,
frame_ms,0.2568,
frame_ms,0.2229,
frame_ms,0.2296,
frame_ms,0.2924,
frame_ms,0.2527,
frame_ms,0.2338,
frame_ms,0.2499,
frame_ms,0.2292,
frame_ms,0.2447,
frame_ms,0.245,
tick_us,124.3,4
frame_ms,0.5171,
frame_ms,0.2328,
frame_ms,0.2069,
frame_ms,0.2109,
frame_ms,0.2096,
frame_ms,0.2139,
frame_ms,0.6343,
frame_ms,0.371,
frame_ms,0.2499,
frame_ms,0.2078,
frame_ms,0.2049,
frame_ms,0.2062,
frame_ms,0.2575,
frame_ms,0.2254,
frame_ms,0.2105,
frame_ms,0.229,
frame_ms,0.2063,
frame_ms,0.2023,
frame_ms,0.257,
frame_ms,0.2265,
frame_ms,0.2076,
frame_ms,0.2251,
frame_ms,0.2346,
frame_ms,0.2313,
frame_ms,0.2067,
frame_ms,0.2828,
frame_ms,0.2862,
tick_us,130.7,4
frame_ms,0.5097,
frame_ms,0.2313,
frame_ms,0.2142,
frame_ms,0.9787,
frame_ms,0.3673,
frame_ms,0.2257,
frame_ms,0.2189,
frame_ms,0.2398,
frame_ms,0.2288,
frame_ms,0.2456,
frame_ms,0.2172,
frame_ms,0.2736,
frame_ms,0.3093,
frame_ms,0.2241,
frame_ms,0.2147,
frame_ms,0.2126,
frame_ms,0.2251,
frame_ms,0.2476,
frame_ms,0.2216,
frame_ms,0.2077,
frame_ms,0.2438,
frame_ms,0.2246,
frame_ms,0.2083,
frame_ms,0.2517,
tick_us,141.2,4
frame_ms,0.5171,
frame_ms,0.2285,
frame_ms,0.2033,
frame_ms,0.2085,
frame_ms,0.2024,
frame_ms,0.2502,
frame_ms,0.221,
frame_ms,0.226,
frame_ms,0.2168,
frame_ms,0.2417,
frame_ms,0.2162,
frame_ms,0.2145,
frame_ms,0.2391,
frame_ms,0.2171,
frame_ms,0.2035,
frame_ms,0.2461,
frame_ms,0.2256,
frame_ms,0.2097,
frame_ms,0.2686,
frame_ms,0.2642,
frame_ms,0.229,
frame_ms,0.2171,
frame_ms,0.216,
frame_ms,0.2298,
frame_ms,0.2482,
frame_ms,0.2658,
frame_ms,0.2514,
frame_ms,0.2211,
frame_ms,0.2157,
frame_ms,0.2086,
tick_us,125.1,4
frame_ms,0.5202,
frame_ms,0.2658,
frame_ms,0.2165,
frame_ms,0.2153,
frame_ms,0.2064,
frame_ms,0.2401,
frame_ms,0.2304,
frame_ms,0.2164,
frame_ms,0.226,
frame_ms,0.2371,
frame_ms,0.2276,
frame_ms,0.211,
frame_ms,0.2355,
frame_ms,0.3134,
frame_ms,0.3918,
frame_ms,0.3376,
frame_ms,0.3448,
frame_ms,0.4209,
frame_ms,0.293,
frame_ms,0.2228,
frame_ms,0.2243,
frame_ms,0.2054,
frame_ms,0.2148,
frame_ms,0.2664,
frame_ms,0.2709,
frame_ms,0.2077,
tick_us,132.6,4
frame_ms,0.521,
frame_ms,0.2286,
frame_ms,0.2053,
frame_ms,0.207,
frame_ms,0.2046,
frame_ms,0.2255,
frame_ms,0.2303,
frame_ms,0.2213,
frame_ms,0.2074,
frame_ms,0.2526,
frame_ms,0.2073,
frame_ms,0.2099,
frame_ms,0.2818,
frame_ms,0.2278,
frame_ms,0.209,
frame_ms,0.2825,
frame_ms,0.3128,
frame_ms,0.384,
frame_ms,0.3379,
frame_ms,0.3365,
frame_ms,0.3336,
frame_ms,0.3409,
frame_ms,0.2455,
frame_ms,0.214,
frame_ms,0.2174,
frame_ms,0.2124,
tick_us,144.1,2
frame_ms,0.5134,
frame_ms,0.2504,
frame_ms,0.2154,
frame_ms,0.2251,
frame_ms,0.2117,
frame_ms,0.2087,
frame_ms,0.247,
frame_ms,0.2607,
frame_ms,0.2277,
frame_ms,0.2159,
frame_ms,0.2343,
frame_ms,0.2932,
frame_ms,0.2484,
frame_ms,0.2398,
frame_ms,0.3591,
frame_ms,0.5331,
frame_ms,0.347,
frame_ms,0.339,
frame_ms,0.3998,
frame_ms,0.2798,
frame_ms,0.2191,
frame_ms,0.2186,
frame_ms,0.2089,
frame_ms,0.207,
frame_ms,0.262,
tick_us,144.2,2
frame_ms,0.532,
frame_ms,0.2297,
frame_ms,0.2082,
frame_ms,0.2128,
frame_ms,0.209,
frame_ms,0.2194,
frame_ms,0.2419,
frame_ms,0.249,
frame_ms,0.2162,
frame_ms,0.2344,
frame_ms,0.2709,
frame_ms,0.237,
frame_ms,0.256,
frame_ms,0.2441,
frame_ms,0.2235,
frame_ms,0.2493,
frame_ms,0.2208,
frame_ms,0.2078,
frame_ms,0.2349,
frame_ms,0.2206,
frame_ms,0.2135,
frame_ms,0.2435,
frame_ms,0.2129,
frame_ms,0.22,
frame_ms,0.2353,
frame_ms,0.2212,
frame_ms,0.2277,
frame_ms,0.2431,
frame_ms,0.2249,
tick_us,142.8,2
frame_ms,0.5124,
frame_ms,0.2275,
frame_ms,0.2043,
frame_ms,0.211,
frame_ms,0.2047,
frame_ms,0.2425,
frame_ms,0.2109,
frame_ms,0.2042,
frame_ms,0.2515,
frame_ms,0.2186,
frame_ms,0.2055,
frame_ms,0.2358,
frame_ms,0.2189,
frame_ms,0.2435,
frame_ms,0.2397,
frame_ms,0.2169,
frame_ms,0.2195,
frame_ms,0.2515,
frame_ms,0.2192,
frame_ms,0.2047,
frame_ms,0.2455,
frame_ms,0.2254,
frame_ms,0.2127,
frame_ms,0.2363,
frame_ms,0.2114,
frame_ms,0.4358,
frame_ms,0.3213,
frame_ms,0.2702,
tick_us,139.3,2
frame_ms,0.5886,
frame_ms,0.2879,
frame_ms,0.2819,
frame_ms,0.2782,
frame_ms,0.2301,
frame_ms,0.2343,
frame_ms,0.2332,
frame_ms,0.2195,
frame_ms,0.2241,
frame_ms,0.2761,
frame_ms,0.2199,
frame_ms,0.2131,
frame_ms,0.233,
frame_ms,0.2772,
frame_ms,0.3262,
frame_ms,0.2439,
frame_ms,0.3003,
frame_ms,0.2333,
frame_ms,0.2174,
frame_ms,0.2103,
frame_ms,0.2654,
frame_ms,0.2186,
frame_ms,0.2153,
frame_ms,0.2376,
frame_ms,0.2153,
frame_ms,0.2045,
frame_ms,0.2334,
tick_us,135.6,2
frame_ms,0.5597,
frame_ms,0.2757,
frame_ms,0.2387,
frame_ms,0.2142,
frame_ms,0.2398,
frame_ms,0.2178,
frame_ms,0.2215,
frame_ms,0.2755,
frame_ms,0.2903,
frame_ms,0.2524,
frame_ms,0.2434,
frame_ms,0.2475,
frame_ms,0.2423,
frame_ms,0.311,
frame_ms,0.499,
frame_ms,0.3584,
frame_ms,0.3455,
frame_ms,0.3441,
frame_ms,0.337,
frame_ms,0.3649,
frame_ms,0.3481,
frame_ms,0.3407,
tick_us,182.7,2
frame_ms,0.751,
frame_ms,0.568,
frame_ms,0.3199,
frame_ms,0.2708,
frame_ms,0.222,
frame_ms,0.2523,
frame_ms,0.2313,
frame_ms,0.2207,
frame_ms,0.2126,
frame_ms,0.2844,
frame_ms,0.2457,
frame_ms,0.2212,
frame_ms,0.2165,
frame_ms,0.2856,
frame_ms,0.246,
frame_ms,0.221,
frame_ms,0.2832,
frame_ms,0.2199,
frame_ms,0.2145,
frame_ms,0.2312,
frame_ms,0.223,
frame_ms,0.2482,
frame_ms,0.2281,
frame_ms,0.2115,
frame_ms,0.3315,
tick_us,164.2,2
frame_ms,0.7759,
frame_ms,0.347,
frame_ms,0.351,
frame_ms,0.4329,
frame_ms,0.3543,
frame_ms,0.3378,
frame_ms,0.3337,
frame_ms,0.3363,
frame_ms,0.4008,
frame_ms,0.6925,
frame_ms,0.3111,
frame_ms,0.3209,
frame_ms,0.2805,
frame_ms,0.4273,
frame_ms,0.3692,
frame_ms,0.3368,
frame_ms,0.3322,
frame_ms,0.3406,
tick_us,169.4,2
frame_ms,0.6572,
frame_ms,0.315,
frame_ms,0.3324,
frame_ms,0.3682,
frame_ms,0.3554,
frame_ms,0.3496,
frame_ms,0.9539,
frame_ms,0.2622,
frame_ms,0.2219,
frame_ms,0.2318,
frame_ms,0.2225,
frame_ms,0.2224,
frame_ms,0.2306,
frame_ms,0.2281,
frame_ms,0.3028,
frame_ms,0.2634,
frame_ms,0.2347,
frame_ms,0.2142,
frame_ms,0.242,
frame_ms,0.2277,
frame_ms,0.2197,
frame_ms,0.2422,
tick_us,150.2,2
frame_ms,0.5526,
frame_ms,0.2403,
frame_ms,0.2105,
frame_ms,0.2159,
frame_ms,0.2132,
frame_ms,0.2044,
frame_ms,0.2648,
frame_ms,0.2983,
frame_ms,0.2513,
frame_ms,0.2404,
frame_ms,0.244,
frame_ms,0.2443,
frame_ms,0.2585,
frame_ms,0.2961,
frame_ms,0.2465,
frame_ms,0.2298,
frame_ms,0.22,
frame_ms,0.2095,
frame_ms,0.2786,
frame_ms,0.4061,
frame_ms,0.2828,
frame_ms,0.2397,
frame_ms,0.2196,
frame_ms,0.238,
frame_ms,0.2271,
frame_ms,0.2172,
frame_ms,0.2302,
tick_us,156.1,2
frame_ms,0.5437,
frame_ms,0.2341,
frame_ms,0.2204,
frame_ms,0.219,
frame_ms,0.2159,
frame_ms,0.2168,
frame_ms,0.245,
frame_ms,0.228,
frame_ms,0.2197,
frame_ms,0.2121,
frame_ms,0.2448,
frame_ms,0.257,
frame_ms,0.2274,
frame_ms,0.2195,
frame_ms,0.7097,
frame_ms,0.439,
frame_ms,0.3854,
frame_ms,0.372,
frame_ms,0.2883,
frame_ms,0.254,
frame_ms,0.2475,
frame_ms,0.2475,
frame_ms,0.2414,
frame_ms,0.3144,
tick_us,136.8,2
frame_ms,0.5892,
frame_ms,0.2613,
frame_ms,0.2316,
frame_ms,0.2338,
frame_ms,0.2306,
frame_ms,0.2452,
frame_ms,0.232,
frame_ms,0.2261,
frame_ms,0.2554,
frame_ms,0.2635,
frame_ms,0.2392,
frame_ms,0.2711,
frame_ms,1.0523,
frame_ms,0.2611,
frame_ms,0.2242,
frame_ms,0.2358,
frame_ms,0.2945,
frame_ms,0.5172,
frame_ms,0.2959,
frame_ms,0.2518,
frame_ms,0.2251,
frame_ms,0.2197,
tick_us,166.2,2
frame_ms,0.5587,
frame_ms,0.2494,
frame_ms,0.2175,
frame_ms,0.2196,
frame_ms,0.2166,
frame_ms,0.2086,
frame_ms,0.2536,
frame_ms,0.2289,
frame_ms,0.2096,
frame_ms,0.2325,
frame_ms,0.2165,
frame_ms,0.2062,
frame_ms,0.285,
frame_ms,0.302,
frame_ms,0.2434,
frame_ms,0.2327,
frame_ms,0.2273,
frame_ms,0.2255,
frame_ms,0.2593,
frame_ms,0.2439,
frame_ms,0.4726,
frame_ms,0.244,
frame_ms,0.258,
frame_ms,0.2888,
frame_ms,0.2367,
frame_ms,0.2299,
frame_ms,0.2166,
tick_us,169,2
frame_ms,0.5644,
frame_ms,0.2808,
frame_ms,0.2333,
frame_ms,0.225,
frame_ms,0.2254,
frame_ms,0.2374,
frame_ms,0.2288,
frame_ms,0.3337,
frame_ms,0.2747,
frame_ms,0.2395,
frame_ms,0.2283,
frame_ms,0.2238,
frame_ms,0.2165,
frame_ms,0.2423,
frame_ms,0.2506,
frame_ms,0.274,
frame_ms,0.2999,
frame_ms,0.2833,
frame_ms,0.2661,
frame_ms,0.2517,
frame_ms,0.2666,
frame_ms,0.5428,
frame_ms,0.4733,
frame_ms,0.3053,
tick_us,162.4,2
frame_ms,0.6152,
frame_ms,0.2556,
frame_ms,0.2197,
frame_ms,0.2246,
frame_ms,0.2238,
frame_ms,0.2654,
frame_ms,0.2826,
frame_ms,0.2475,
frame_ms,0.2339,
frame_ms,0.223,
frame_ms,0.2665,
frame_ms,0.276,
frame_ms,0.2324,
frame_ms,0.2392,
frame_ms,0.2182,
frame_ms,0.2192,
frame_ms,0.282,
frame_ms,0.2738,
frame_ms,0.2353,
frame_ms,0.2286,
frame_ms,0.2167,
frame_ms,0.2165,
frame_ms,0.285,
frame_ms,0.2468,
frame_ms,0.2274,
frame_ms,0.5077,
tick_us,177.8,2
frame_ms,0.787,
frame_ms,0.2937,
frame_ms,0.2467,
frame_ms,0.2174,
frame_ms,0.2228,
frame_ms,0.2197,
frame_ms,0.2146,
frame_ms,0.2381,
frame_ms,0.2374,
frame_ms,0.22,
frame_ms,0.4366,
frame_ms,0.3861,
frame_ms,0.3563,
frame_ms,0.3452,
frame_ms,0.4249,
frame_ms,0.349,
frame_ms,0.3385,
frame_ms,0.346,
frame_ms,0.3399,
frame_ms,0.3423,
frame_ms,0.3532,
tick_us,150.9,2
frame_ms,0.5602,
frame_ms,0.2495,
frame_ms,0.2288,
frame_ms,0.2344,
frame_ms,0.2264,
frame_ms,0.2322,
frame_ms,0.2499,
frame_ms,0.3102,
frame_ms,0.2359,
frame_ms,0.2253,
frame_ms,0.2229,
frame_ms,0.2148,
frame_ms,0.2353,
frame_ms,0.2152,
frame_ms,0.2274,
frame_ms,0.2251,
frame_ms,0.2186,
frame_ms,0.2727,
frame_ms,0.2707,
frame_ms,0.2474,
frame_ms,0.2384,
frame_ms,0.2334,
frame_ms,0.2388,
frame_ms,0.2621,
frame_ms,0.2455,
frame_ms,0.2605,
frame_ms,0.3,
tick_us,133.8,2
frame_ms,0.5575,
frame_ms,0.3106,
frame_ms,0.4016,
frame_ms,0.3208,
frame_ms,0.2964,
frame_ms,0.3117,
frame_ms,0.2221,
frame_ms,0.2309,
frame_ms,0.2282,
frame_ms,0.2213,
frame_ms,0.2437,
frame_ms,0.2417,
frame_ms,0.2205,
frame_ms,0.2169,
frame_ms,0.2315,
frame_ms,0.2226,
frame_ms,0.2307,
frame_ms,0.236,
frame_ms,0.2261,
frame_ms,0.2168,
frame_ms,0.2363,
frame_ms,0.4117,
frame_ms,0.3704,
frame_ms,0.356,
frame_ms,0.452,
tick_us,135,2
frame_ms,0.5683,
frame_ms,0.2383,
frame_ms,0.2151,
frame_ms,0.2187,
frame_ms,0.2292,
frame_ms,0.2241,
frame_ms,0.2345,
frame_ms,0.218,
frame_ms,0.2085,
frame_ms,0.2271,
frame_ms,0.211,
frame_ms,0.2697,
frame_ms,0.245,
frame_ms,0.2394,
frame_ms,0.2251,
frame_ms,0.2561,
frame_ms,0.2889,
frame_ms,0.2207,
frame_ms,0.2134,
frame_ms,0.2411,
frame_ms,0.2104,
frame_ms,0.2154,
frame_ms,0.2702,
frame_ms,0.3154,
frame_ms,0.236,
frame_ms,0.2275,
frame_ms,0.2438,
tick_us,144.3,2
frame_ms,0.6749,
frame_ms,0.3288,
frame_ms,0.2667,
frame_ms,0.2428,
frame_ms,0.3004,
frame_ms,0.3,
frame_ms,0.2749,
frame_ms,0.2761,
frame_ms,0.5772,
frame_ms,0.3763,
frame_ms,0.3477,
frame_ms,0.3386,
frame_ms,0.3997,
frame_ms,0.2711,
frame_ms,0.2502,
frame_ms,0.2396,
frame_ms,0.2386,
frame_ms,0.2383,
frame_ms,0.5069,
frame_ms,0.276,
frame_ms,0.2243,
tick_us,174.5,4
frame_ms,0.7677,
frame_ms,0.3563,
frame_ms,0.346,
frame_ms,0.3761,
frame_ms,0.2673,
frame_ms,0.2368,
frame_ms,0.2427,
frame_ms,0.2923,
frame_ms,0.2589,
frame_ms,0.2406,
frame_ms,0.2365,
frame_ms,0.2356,
frame_ms,0.2283,
frame_ms,0.2467,
frame_ms,0.2812,
frame_ms,0.2349,
frame_ms,0.2226,
frame_ms,0.251,
frame_ms,0.3184,
frame_ms,0.3263,
frame_ms,0.2783,
frame_ms,0.2354,
frame_ms,0.2278,
frame_ms,0.2725,
tick_us,143.9,4
frame_ms,0.5997,
frame_ms,0.3236,
frame_ms,0.2603,
frame_ms,0.3486,
frame_ms,0.3356,
frame_ms,0.2551,
frame_ms,0.2395,
frame_ms,0.2273,
frame_ms,0.2283,
frame_ms,0.2905,
frame_ms,0.3238,
frame_ms,0.2861,
frame_ms,0.24,
frame_ms,0.235,
frame_ms,1.1085,
frame_ms,0.4312,
frame_ms,0.2616,
frame_ms,0.2635,
frame_ms,0.272,
frame_ms,0.2361,
frame_ms,0.2312,
tick_us,154.6,4
frame_ms,0.5758,
frame_ms,0.3785,
frame_ms,0.2714,
frame_ms,0.2271,
frame_ms,0.2251,
frame_ms,0.2227,
frame_ms,0.2263,
frame_ms,0.2186,
frame_ms,0.2203,
frame_ms,0.2528,
frame_ms,0.2196,
frame_ms,0.2173,
frame_ms,0.228,
frame_ms,0.2312,
frame_ms,0.2556,
frame_ms,0.2829,
frame_ms,0.2415,
frame_ms,0.2362,
frame_ms,0.2203,
frame_ms,0.234,
frame_ms,0.2179,
frame_ms,0.2504,
frame_ms,0.225,
frame_ms,0.2133,
frame_ms,0.2495,
frame_ms,0.2296,
frame_ms,0.2093,
frame_ms,0.2373,
tick_us,151.2,4
frame_ms,0.5778,
frame_ms,0.2426,
frame_ms,0.2105,
frame_ms,0.3836,
frame_ms,0.3464,
frame_ms,0.249,
frame_ms,0.2168,
frame_ms,0.2171,
frame_ms,0.2642,
frame_ms,0.2197,
frame_ms,0.2126,
frame_ms,0.2419,
frame_ms,0.2325,
frame_ms,0.2135,
frame_ms,0.2276,
frame_ms,0.2083,
frame_ms,0.2781,
frame_ms,0.2654,
frame_ms,0.2293,
frame_ms,0.215,
frame_ms,0.2119,
frame_ms,0.2521,
frame_ms,0.2664,
frame_ms,0.4637,
tick_us,148.6,6
frame_ms,1.5813,
frame_ms,0.3241,
frame_ms,0.3977,
frame_ms,0.3568,
frame_ms,0.3366,
frame_ms,0.3329,
frame_ms,0.3846,
frame_ms,0.3094,
frame_ms,0.2427,
frame_ms,0.2145,
frame_ms,0.2185,
frame_ms,0.2113,
frame_ms,0.2135,
frame_ms,0.2603,
frame_ms,0.2663,
frame_ms,0.2303,
frame_ms,0.2156,
frame_ms,0.212,
frame_ms,0.2338,
frame_ms,0.2135,
frame_ms,0.2086,
frame_ms,0.2388,
frame_ms,0.2199,
tick_us,148.2,4
frame_ms,0.5255,
frame_ms,0.2455,
frame_ms,0.2134,
frame_ms,0.2125,
frame_ms,0.2621,
frame_ms,0.4343,
frame_ms,0.3411,
frame_ms,0.3327,
frame_ms,0.333,
frame_ms,0.3286,
frame_ms,0.2857,
frame_ms,0.2269,
frame_ms,0.2202,
frame_ms,0.2118,
frame_ms,0.2838,
frame_ms,0.3197,
frame_ms,0.2731,
frame_ms,0.2658,
frame_ms,0.2258,
frame_ms,0.22,
frame_ms,0.2195,
frame_ms,0.2322,
frame_ms,0.2219,
frame_ms,0.2329,
frame_ms,0.2363,
tick_us,153.4,4
frame_ms,0.542,
frame_ms,0.2317,
frame_ms,0.2105,
frame_ms,0.2195,
frame_ms,0.2435,
frame_ms,0.2974,
frame_ms,0.2766,
frame_ms,0.3761,
frame_ms,0.2681,
frame_ms,0.2359,
frame_ms,0.2361,
frame_ms,0.2317,
frame_ms,0.2252,
frame_ms,0.259,
frame_ms,0.2392,
frame_ms,0.2253,
frame_ms,0.2517,
frame_ms,0.2294,
frame_ms,0.2227,
frame_ms,0.3103,
frame_ms,0.2733,
frame_ms,0.2644,
frame_ms,0.2256,
frame_ms,0.2272,
frame_ms,0.2276,
frame_ms,0.2983,
tick_us,150.5,4
frame_ms,0.5865,
frame_ms,0.2927,
frame_ms,0.2526,
frame_ms,0.24,
frame_ms,0.2615,
frame_ms,0.2366,
frame_ms,0.239,
frame_ms,0.3815,
frame_ms,0.3224,
frame_ms,0.2555,
frame_ms,0.2716,
frame_ms,0.261,
frame_ms,0.2483,
frame_ms,0.2547,
frame_ms,0.2518,
frame_ms,0.2341,
frame_ms,0.3384,
frame_ms,0.2471,
frame_ms,0.2278,
frame_ms,0.2246,
frame_ms,0.2238,
frame_ms,0.2194,
frame_ms,0.6118,
frame_ms,0.325,
tick_us,160.9,4
frame_ms,1.0903,
frame_ms,0.6179,
frame_ms,0.3771,
frame_ms,1.1908,
frame_ms,0.4695,
frame_ms,0.2749,
frame_ms,0.2387,
frame_ms,0.2645,
frame_ms,0.2429,
frame_ms,0.2355,
frame_ms,0.2424,
frame_ms,0.2454,
frame_ms,0.2412,
frame_ms,0.2414,
frame_ms,0.2376,
frame_ms,0.2349,
frame_ms,0.2367,
frame_ms,0.231,
tick_us,150.3,4
frame_ms,0.5541,
frame_ms,0.2482,
frame_ms,0.2265,
frame_ms,0.2292,
frame_ms,0.2293,
frame_ms,0.3112,
frame_ms,0.2944,
frame_ms,0.2541,
frame_ms,0.2772,
frame_ms,0.4338,
frame_ms,0.3918,
frame_ms,0.4152,
frame_ms,0.3588,
frame_ms,0.3106,
frame_ms,0.2536,
frame_ms,0.2249,
frame_ms,0.2314,
frame_ms,0.2261,
frame_ms,0.2219,
frame_ms,0.3301,
frame_ms,0.2787,
frame_ms,0.3208,
frame_ms,0.235,
tick_us,139,4
frame_ms,0.5339,
frame_ms,0.331,
frame_ms,0.3011,
frame_ms,0.2484,
frame_ms,0.2174,
frame_ms,0.2241,
frame_ms,0.2146,
frame_ms,0.2128,
frame_ms,0.2548,
frame_ms,0.2308,
frame_ms,0.2133,
frame_ms,0.3267,
frame_ms,0.2412,
frame_ms,0.2714,
frame_ms,0.2406,
frame_ms,0.3397,
frame_ms,0.2639,
frame_ms,0.2514,
frame_ms,0.7381,
frame_ms,1.011,
frame_ms,0.3767,
tick_us,160.5,4
frame_ms,0.7133,
frame_ms,0.299,
frame_ms,0.2805,
frame_ms,0.5603,
frame_ms,0.2985,
frame_ms,0.2659,
frame_ms,0.2221,
frame_ms,0.2553,
frame_ms,0.2948,
frame_ms,0.285,
frame_ms,0.3051,
frame_ms,0.2388,
frame_ms,0.228,
frame_ms,0.2306,
frame_ms,0.2278,
frame_ms,0.2246,
frame_ms,0.2901,
frame_ms,0.2631,
frame_ms,0.2479,
frame_ms,0.2473,
frame_ms,0.2311,
frame_ms,0.2494,
frame_ms,0.2262,
frame_ms,0.228,
tick_us,158.9,4
frame_ms,0.5849,
frame_ms,0.2413,
frame_ms,0.2136,
frame_ms,0.2231,
frame_ms,0.214,
frame_ms,0.2268,
frame_ms,0.2869,
frame_ms,0.3252,
frame_ms,0.326,
frame_ms,0.2925,
frame_ms,0.2702,
frame_ms,0.3358,
frame_ms,0.4286,
frame_ms,0.2707,
frame_ms,0.2326,
frame_ms,0.2287,
frame_ms,0.2174,
frame_ms,0.2157,
frame_ms,0.2632,
frame_ms,0.2355,
frame_ms,0.2624,
frame_ms,0.3053,
frame_ms,0.4676,
tick_us,182.6,4
frame_ms,0.8093,
frame_ms,0.4613,
frame_ms,0.3362,
frame_ms,0.3525,
frame_ms,0.3396,
frame_ms,0.555,
frame_ms,0.3356,
frame_ms,0.3745,
frame_ms,0.3423,
frame_ms,0.4587,
frame_ms,0.3324,
frame_ms,0.339,
frame_ms,0.387,
frame_ms,0.3391,
frame_ms,0.336,
frame_ms,0.3389,
frame_ms,0.3569,
frame_ms,0.317,
frame_ms,0.2535,
tick_us,157.5,4
frame_ms,0.6902,
frame_ms,0.3481,
frame_ms,0.2539,
frame_ms,0.2276,
frame_ms,0.2344,
frame_ms,0.2638,
frame_ms,0.3629,
frame_ms,0.2733,
frame_ms,0.2458,
frame_ms,0.2675,
frame_ms,0.4208,
frame_ms,0.5751,
frame_ms,0.307,
frame_ms,0.3314,
frame_ms,0.3429,
frame_ms,0.2556,
frame_ms,0.2377,
frame_ms,0.2443,
frame_ms,0.2406,
frame_ms,0.2445,
frame_ms,0.2528,
frame_ms,0.2442,
tick_us,161.3,4
frame_ms,0.5684,
frame_ms,0.2661,
frame_ms,0.2443,
frame_ms,0.2443,
frame_ms,0.8452,
frame_ms,0.2996,
frame_ms,0.2515,
frame_ms,0.2393,
frame_ms,0.2319,
frame_ms,0.2861,
frame_ms,0.2412,
frame_ms,0.2353,
frame_ms,0.4632,
frame_ms,0.4134,
frame_ms,0.3295,
frame_ms,0.3036,
frame_ms,0.3287,
frame_ms,0.316,
frame_ms,0.251,
frame_ms,0.233,
frame_ms,0.2414,
tick_us,151.8,2
frame_ms,0.5492,
frame_ms,0.2797,
frame_ms,0.243,
frame_ms,0.2216,
frame_ms,0.2237,
frame_ms,0.4749,
frame_ms,0.3782,
frame_ms,0.3788,
frame_ms,0.4443,
frame_ms,0.3861,
frame_ms,0.4604,
frame_ms,0.5868,
frame_ms,0.4055,
frame_ms,0.3841,
frame_ms,0.3485,
frame_ms,0.3528,
frame_ms,0.3431,
frame_ms,0.3508,
tick_us,231.3,2
frame_ms,0.7715,
frame_ms,0.3851,
frame_ms,0.371,
frame_ms,0.3541,
frame_ms,0.4995,
frame_ms,0.3456,
frame_ms,1.2463,
frame_ms,0.3561,
frame_ms,0.4216,
frame_ms,0.5238,
frame_ms,0.4324,
frame_ms,0.285,
frame_ms,0.3087,
frame_ms,0.2564,
frame_ms,0.24,
frame_ms,0.2441,
tick_us,150.7,2
frame_ms,0.5942,
frame_ms,0.2751,
frame_ms,0.245,
frame_ms,0.2367,
frame_ms,0.2452,
frame_ms,0.2413,
frame_ms,0.2363,
frame_ms,0.2501,
frame_ms,0.2415,
frame_ms,0.2277,
frame_ms,0.2219,
frame_ms,0.2538,
frame_ms,0.2318,
frame_ms,0.227,
frame_ms,0.2212,
frame_ms,0.2701,
frame_ms,0.284,
frame_ms,0.3796,
frame_ms,0.3768,
frame_ms,0.2654,
frame_ms,0.2329,
frame_ms,0.2301,
frame_ms,0.2278,
frame_ms,0.227,
frame_ms,0.2706,
frame_ms,0.4157,
tick_us,211.2,2
frame_ms,0.7593,
frame_ms,0.3434,
frame_ms,0.375,
frame_ms,0.3463,
frame_ms,0.3441,
frame_ms,0.3428,
frame_ms,0.3401,
frame_ms,0.3795,
frame_ms,0.9228,
frame_ms,0.3699,
frame_ms,0.2821,
frame_ms,0.3904,
frame_ms,0.4176,
frame_ms,0.2469,
frame_ms,0.2171,
frame_ms,0.2269,
frame_ms,0.2187,
frame_ms,0.2145,
frame_ms,0.2404,
tick_us,150.2,2
frame_ms,0.5598,
frame_ms,0.2481,
frame_ms,0.2323,
frame_ms,0.2623,
frame_ms,0.2534,
frame_ms,0.2159,
frame_ms,0.2114,
frame_ms,0.2478,
frame_ms,0.2356,
frame_ms,0.23,
frame_ms,0.2312,
frame_ms,0.2492,
frame_ms,0.283,
frame_ms,0.2847,
frame_ms,0.2374,
frame_ms,0.2295,
frame_ms,0.2249,
frame_ms,0.2158,
frame_ms,0.2642,
frame_ms,0.2432,
frame_ms,0.3279,
frame_ms,0.2598,
frame_ms,0.3073,
frame_ms,0.2621,
frame_ms,0.2574,
frame_ms,0.2434,
tick_us,140.2,2
frame_ms,0.5297,
frame_ms,0.2629,
frame_ms,0.2255,
frame_ms,0.219,
frame_ms,0.2116,
frame_ms,0.2155,
frame_ms,0.2773,
frame_ms,0.237,
frame_ms,0.2213,
frame_ms,0.2143,
frame_ms,0.2641,
frame_ms,0.2938,
frame_ms,0.2485,
frame_ms,0.2515,
frame_ms,1.2354,
frame_ms,0.2442,
frame_ms,0.4997,
frame_ms,0.4697,
frame_ms,0.2508,
frame_ms,0.2233,
frame_ms,0.226,
frame_ms,0.2277,
tick_us,155,2
frame_ms,0.5605,
frame_ms,0.3055,
frame_ms,0.2591,
frame_ms,0.2222,
frame_ms,0.2249,
frame_ms,0.2212,
frame_ms,0.2483,
frame_ms,0.2174,
frame_ms,0.2581,
frame_ms,0.234,
frame_ms,0.2411,
frame_ms,0.5026,
frame_ms,0.3777,
frame_ms,0.369,
frame_ms,0.3764,
frame_ms,0.3793,
frame_ms,0.3667,
frame_ms,0.3433,
frame_ms,0.3454,
frame_ms,0.3397,
frame_ms,0.3657,
tick_us,180.9,2
frame_ms,0.7296,
frame_ms,0.354,
frame_ms,0.4749,
frame_ms,0.3901,
frame_ms,0.2882,
frame_ms,0.2455,
frame_ms,0.2232,
frame_ms,0.2195,
frame_ms,0.2217,
frame_ms,0.2164,
frame_ms,0.2488,
frame_ms,0.2283,
frame_ms,0.2171,
frame_ms,0.2131,
frame_ms,0.2899,
frame_ms,0.2715,
frame_ms,0.2427,
frame_ms,0.2295,
frame_ms,0.2238,
frame_ms,0.2146,
frame_ms,0.2581,
frame_ms,0.2699,
frame_ms,0.254,
frame_ms,0.8622,
tick_us,170.7,0
frame_ms,0.7186,
frame_ms,0.2473,
frame_ms,0.214,
frame_ms,0.2207,
frame_ms,0.2151,
frame_ms,0.2173,
frame_ms,0.2511,
frame_ms,0.2178,
frame_ms,0.2873,
frame_ms,0.2179,
frame_ms,0.2125,
frame_ms,0.2113,
frame_ms,0.2413,
frame_ms,0.2298,
frame_ms,0.2059,
frame_ms,0.2527,
frame_ms,0.2222,
frame_ms,0.2055,
frame_ms,0.2228,
frame_ms,0.2274,
frame_ms,0.2026,
frame_ms,0.2361,
frame_ms,0.2089,
frame_ms,0.2183,
frame_ms,0.2316,
frame_ms,0.218,
frame_ms,0.206,
tick_us,146.9,0
frame_ms,0.6248,
frame_ms,0.2479,
frame_ms,0.2126,
frame_ms,0.2207,
frame_ms,0.2083,
frame_ms,0.201,
frame_ms,0.2657,
frame_ms,0.228,
frame_ms,0.2062,
frame_ms,0.2249,
frame_ms,0.242,
frame_ms,0.2334,
frame_ms,0.2137,
frame_ms,0.2412,
frame_ms,0.2253,
frame_ms,0.2084,
frame_ms,0.2222,
frame_ms,0.2404,
frame_ms,0.2251,
frame_ms,0.207,
frame_ms,0.2163,
frame_ms,0.2533,
frame_ms,0.2234,
frame_ms,0.2094,
frame_ms,0.2169,
frame_ms,0.2432,
frame_ms,0.222,
frame_ms,0.2051,
frame_ms,0.2473,
tick_us,142.2,0
frame_ms,0.5187,
frame_ms,0.24,
frame_ms,0.3819,
frame_ms,0.5394,
frame_ms,0.3684,
frame_ms,0.4633,
frame_ms,0.3755,
frame_ms,0.3972,
frame_ms,0.3526,
frame_ms,0.3373,
frame_ms,0.3463,
frame_ms,0.3899,
frame_ms,0.3413,
frame_ms,0.3529,
frame_ms,0.3369,
frame_ms,0.3896,
frame_ms,0.3418,
frame_ms,0.3372,
tick_us,175.5,0
frame_ms,0.6794,
frame_ms,0.3167,
frame_ms,0.3425,
frame_ms,0.3322,
frame_ms,0.3898,
frame_ms,0.3558,
frame_ms,0.3797,
frame_ms,0.4249,
frame_ms,0.2724,
frame_ms,0.2298,
frame_ms,0.2263,
frame_ms,0.2254,
frame_ms,0.2186,
frame_ms,0.2153,
frame_ms,0.2593,
frame_ms,0.2236,
frame_ms,0.2232,
frame_ms,0.2166,
frame_ms,0.252,
frame_ms,0.2522,
frame_ms,0.2164,
frame_ms,0.2164,
frame_ms,0.2619,
frame_ms,0.2221,
frame_ms,0.2357,
tick_us,158.3,0
frame_ms,0.5486,
frame_ms,0.2523,
frame_ms,0.224,
frame_ms,0.2159,
frame_ms,0.2138,
frame_ms,0.2093,
frame_ms,0.2655,
frame_ms,0.2269,
frame_ms,0.2129,
frame_ms,0.2255,
frame_ms,0.2315,
frame_ms,0.2242,
frame_ms,0.2135,
frame_ms,0.2425,
frame_ms,0.5427,
frame_ms,0.3447,
frame_ms,0.2864,
frame_ms,0.2503,
frame_ms,0.2234,
frame_ms,0.2321,
frame_ms,0.2239,
frame_ms,0.2488,
frame_ms,0.2202,
frame_ms,0.2391,
frame_ms,0.2204,
frame_ms,0.2262,
frame_ms,0.219,
tick_us,152.7,0
frame_ms,0.5856,
frame_ms,0.4129,
frame_ms,0.2719,
frame_ms,0.2231,
frame_ms,0.218,
frame_ms,0.2195,
frame_ms,0.2138,
frame_ms,0.2122,
frame_ms,0.2388,
frame_ms,0.2271,
frame_ms,0.2108,
frame_ms,0.2099,
frame_ms,0.2832,
frame_ms,0.2257,
frame_ms,0.2133,
frame_ms,0.2296,
frame_ms,0.2516,
frame_ms,0.2341,
frame_ms,0.2168,
frame_ms,0.2125,
frame_ms,0.2451,
frame_ms,0.2746,
frame_ms,0.2187,
frame_ms,0.2086,
frame_ms,0.2326,
frame_ms,0.2038,
frame_ms,0.2097,
frame_ms,0.2475,
tick_us,143.3,0
frame_ms,0.5305,
frame_ms,0.2322,
frame_ms,1.151,
frame_ms,0.8719,
frame_ms,0.6307,
frame_ms,0.3085,
frame_ms,0.2889,
frame_ms,0.2643,
frame_ms,0.2396,
frame_ms,0.2325,
frame_ms,0.2267,
frame_ms,0.2226,
frame_ms,0.9099,
frame_ms,0.3475,
frame_ms,0.2517,
frame_ms,0.2472,
tick_us,159.2,0
frame_ms,0.6202,
frame_ms,0.2508,
frame_ms,0.2344,
frame_ms,0.2309,
frame_ms,0.2326,
frame_ms,0.2252,
frame_ms,0.2151,
frame_ms,0.2141,
frame_ms,0.2367,
frame_ms,0.2275,
frame_ms,0.2222,
frame_ms,0.291,
frame_ms,0.3918,
frame_ms,0.2529,
frame_ms,0.2238,
frame_ms,0.2207,
frame_ms,0.217,
frame_ms,0.2171,
frame_ms,0.2332,
frame_ms,0.2192,
frame_ms,0.22,
frame_ms,0.2299,
frame_ms,0.2289,
frame_ms,0.2338,
frame_ms,0.233,
frame_ms,0.2189,
frame_ms,0.2404,
tick_us,146.8,0
frame_ms,0.5363,
frame_ms,0.2435,
frame_ms,0.2213,
frame_ms,0.2362,
frame_ms,0.2291,
frame_ms,0.2197,
frame_ms,0.2212,
frame_ms,0.2739,
frame_ms,0.2425,
frame_ms,0.2239,
frame_ms,0.2209,
frame_ms,0.2568,
frame_ms,0.2338,
frame_ms,0.2175,
frame_ms,0.2618,
frame_ms,0.2864,
frame_ms,0.2472,
frame_ms,0.2343,
frame_ms,0.3011,
frame_ms,0.2581,
frame_ms,0.2493,
frame_ms,0.2562,
frame_ms,0.2468,
frame_ms,0.243,
frame_ms,0.2698,
frame_ms,0.3348,
tick_us,153.7,0
frame_ms,1.4961,
frame_ms,0.8172,
frame_ms,0.3928,
frame_ms,0.4162,
frame_ms,0.4372,
frame_ms,0.3531,
frame_ms,0.3441,
frame_ms,0.3414,
frame_ms,0.3397,
frame_ms,0.3419,
frame_ms,0.3685,
frame_ms,0.3893,
frame_ms,0.3462,
frame_ms,0.3403,
frame_ms,0.3387,
tick_us,179,0
frame_ms,0.7976,
frame_ms,0.3396,
frame_ms,0.3455,
frame_ms,0.3572,
frame_ms,0.3721,
frame_ms,0.2921,
frame_ms,0.28,
frame_ms,0.2391,
frame_ms,0.2506,
frame_ms,0.2515,
frame_ms,0.2599,
frame_ms,0.2497,
frame_ms,0.2463,
frame_ms,0.2419,
frame_ms,0.2481,
frame_ms,0.2481,
frame_ms,0.2474,
frame_ms,0.2519,
frame_ms,0.2494,
frame_ms,0.3718,
frame_ms,0.2366,
frame_ms,0.2325,
frame_ms,0.2345,
frame_ms,0.2333,
tick_us,159.2,0
frame_ms,0.5847,
frame_ms,0.2789,
frame_ms,0.2619,
frame_ms,0.2475,
frame_ms,0.2444,
frame_ms,0.4339,
frame_ms,0.33,
frame_ms,0.356,
frame_ms,0.2644,
frame_ms,0.2828,
frame_ms,0.2949,
frame_ms,0.2391,
frame_ms,0.2575,
frame_ms,0.2758,
frame_ms,0.2409,
frame_ms,0.2416,
frame_ms,0.2648,
frame_ms,0.2431,
frame_ms,0.3217,
frame_ms,0.6625,
frame_ms,0.287,
frame_ms,0.2595,
tick_us,136.1,0
frame_ms,0.6045,
frame_ms,0.2613,
frame_ms,0.234,
frame_ms,0.2319,
frame_ms,0.2352,
frame_ms,0.2466,
frame_ms,0.239,
frame_ms,0.2328,
frame_ms,0.3224,
frame_ms,0.5663,
frame_ms,0.4267,
frame_ms,0.36,
frame_ms,0.2747,
frame_ms,0.2553,
frame_ms,0.2734,
frame_ms,0.4041,
frame_ms,0.3524,
frame_ms,0.5028,
frame_ms,0.4381,
frame_ms,0.3003,
frame_ms,0.2655,
tick_us,172.5,0
frame_ms,0.6832,
frame_ms,1.0733,
frame_ms,0.2721,
frame_ms,0.5954,
frame_ms,0.4361,
frame_ms,0.4203,
frame_ms,0.2726,
frame_ms,0.2457,
frame_ms,0.2484,
frame_ms,0.2346,
frame_ms,0.3062,
frame_ms,0.2874,
frame_ms,0.275,
frame_ms,0.2538,
frame_ms,0.2414,
frame_ms,0.2457,
frame_ms,0.3031,
frame_ms,0.2469,
frame_ms,0.2318,
tick_us,148.6,0
frame_ms,0.5527,
frame_ms,0.2565,
frame_ms,0.2378,
frame_ms,0.2373,
frame_ms,0.2358,
frame_ms,0.2313,
frame_ms,0.2253,
frame_ms,0.2201,
frame_ms,0.2735,
frame_ms,0.2242,
frame_ms,0.2364,
frame_ms,0.2165,
frame_ms,0.2379,
frame_ms,0.2179,
frame_ms,0.222,
frame_ms,0.2119,
frame_ms,0.2632,
frame_ms,0.271,
frame_ms,0.241,
frame_ms,0.23,
frame_ms,0.2235,
frame_ms,0.2253,
frame_ms,0.3109,
frame_ms,0.3463,
frame_ms,0.2546,
frame_ms,0.221,
frame_ms,0.2243,
frame_ms,0.219,
tick_us,153,0
frame_ms,0.5589,
frame_ms,0.2861,
frame_ms,0.2226,
frame_ms,0.2255,
frame_ms,0.2164,
frame_ms,0.2192,
frame_ms,0.2352,
frame_ms,0.2207,
frame_ms,0.2332,
frame_ms,0.2777,
frame_ms,0.2137,
frame_ms,0.2702,
frame_ms,0.2418,
frame_ms,0.2251,
frame_ms,0.218,
frame_ms,0.2759,
frame_ms,0.2828,
frame_ms,0.2325,
frame_ms,0.2251,
frame_ms,0.2175,
frame_ms,0.213,
frame_ms,0.5475,
frame_ms,0.2794,
frame_ms,0.2528,
frame_ms,0.2407,
frame_ms,0.2361,
tick_us,147.8,0
frame_ms,0.5766,
frame_ms,0.249,
frame_ms,0.2137,
frame_ms,0.2346,
frame_ms,0.2271,
frame_ms,0.2141,
frame_ms,0.2162,
frame_ms,0.2568,
frame_ms,0.2334,
frame_ms,0.2181,
frame_ms,0.2117,
frame_ms,0.2421,
frame_ms,0.2398,
frame_ms,0.2188,
frame_ms,0.215,
frame_ms,0.2682,
frame_ms,0.2266,
frame_ms,0.2172,
frame_ms,0.2319,
frame_ms,0.238,
frame_ms,0.2887,
frame_ms,0.3028,
frame_ms,0.251,
frame_ms,0.243,
frame_ms,0.2454,
frame_ms,0.2415,
frame_ms,0.2371,
frame_ms,0.2416,
tick_us,157.3,0
frame_ms,0.5693,
frame_ms,0.2567,
frame_ms,0.2453,
frame_ms,0.2372,
frame_ms,0.245,
frame_ms,0.2329,
frame_ms,0.2433,
frame_ms,0.2312,
frame_ms,0.2321,
frame_ms,0.2282,
frame_ms,0.3099,
frame_ms,0.2862,
frame_ms,0.2349,
frame_ms,0.2286,
frame_ms,0.2202,
frame_ms,0.2934,
frame_ms,0.2562,
frame_ms,0.2362,
frame_ms,0.235,
frame_ms,0.2678,
frame_ms,0.4474,
frame_ms,0.393,
frame_ms,0.3572,
frame_ms,0.3524,
tick_us,147.1,0
frame_ms,0.9477,
frame_ms,0.4176,
frame_ms,0.4281,
frame_ms,0.3775,
frame_ms,0.3445,
frame_ms,0.3529,
frame_ms,0.3446,
frame_ms,0.3463,
frame_ms,0.3532,
frame_ms,0.343,
frame_ms,0.357,
frame_ms,0.3452,
frame_ms,0.3336,
frame_ms,0.3548,
frame_ms,0.3769,
frame_ms,0.3419,
frame_ms,0.3456,
frame_ms,0.3371,
tick_us,177.5,2
frame_ms,0.6863,
frame_ms,0.3551,
frame_ms,0.3632,
frame_ms,0.348,
frame_ms,0.3604,
frame_ms,0.3657,
frame_ms,0.3319,
frame_ms,0.3675,
frame_ms,0.3338,
frame_ms,0.3356,
frame_ms,0.3331,
frame_ms,0.329,
frame_ms,0.3345,
frame_ms,0.333,
frame_ms,0.3332,
frame_ms,0.3381,
frame_ms,0.3323,
frame_ms,0.3295,
frame_ms,0.3293,
tick_us,171.6,2
frame_ms,0.7041,
frame_ms,0.3413,
frame_ms,0.3441,
frame_ms,0.336,
frame_ms,0.3339,
frame_ms,0.3328,
frame_ms,1.0419,
frame_ms,0.4039,
frame_ms,0.2938,
frame_ms,0.2936,
frame_ms,0.3199,
frame_ms,0.2692,
frame_ms,0.2405,
frame_ms,0.2326,
frame_ms,0.2349,
frame_ms,0.2262,
frame_ms,0.2309,
frame_ms,0.2295,
frame_ms,0.2528,
frame_ms,0.2312,
tick_us,146.9,2
frame_ms,0.5348,
frame_ms,0.248,
frame_ms,0.2133,
frame_ms,0.2136,
frame_ms,0.2213,
frame_ms,0.2143,
frame_ms,0.2689,
frame_ms,0.2212,
frame_ms,0.2107,
frame_ms,0.2096,
frame_ms,0.2471,
frame_ms,0.2281,
frame_ms,0.2155,
frame_ms,0.2331,
frame_ms,0.2196,
frame_ms,0.205,
frame_ms,0.2423,
frame_ms,0.2235,
frame_ms,0.2123,
frame_ms,0.2209,
frame_ms,0.2573,
frame_ms,0.2839,
frame_ms,0.2551,
frame_ms,0.2739,
frame_ms,0.2658,
frame_ms,0.2413,
frame_ms,0.2604,
frame_ms,0.2682,
tick_us,154.2,2
frame_ms,0.5913,
frame_ms,0.3008,
frame_ms,0.2565,
frame_ms,0.2149,
frame_ms,0.2854,
frame_ms,0.2529,
frame_ms,0.2942,
frame_ms,0.2403,
frame_ms,0.2321,
frame_ms,0.2302,
frame_ms,0.2173,
frame_ms,1.2105,
frame_ms,0.5095,
frame_ms,0.3036,
frame_ms,0.3174,
frame_ms,0.2677,
frame_ms,0.2193,
frame_ms,0.2256,
frame_ms,0.2257,
frame_ms,0.2325,
frame_ms,0.2491,
frame_ms,0.2345,
tick_us,155.7,2
frame_ms,0.5618,
frame_ms,0.2636,
frame_ms,0.2233,
frame_ms,0.2242,
frame_ms,0.2222,
frame_ms,0.2225,
frame_ms,0.2278,
frame_ms,0.2298,
frame_ms,0.2457,
frame_ms,0.2219,
frame_ms,0.2185,
frame_ms,0.2677,
frame_ms,0.2281,
frame_ms,0.2152,
frame_ms,0.2602,
frame_ms,0.2297,
frame_ms,0.2126,
frame_ms,0.2834,
frame_ms,0.2664,
frame_ms,0.236,
frame_ms,0.7295,
frame_ms,0.2936,
frame_ms,0.2294,
frame_ms,0.2266,
frame_ms,0.2218,
frame_ms,0.2173,
tick_us,149.2,2
frame_ms,0.5718,
frame_ms,0.253,
frame_ms,0.2224,
frame_ms,0.2178,
frame_ms,0.2135,
frame_ms,0.2296,
frame_ms,0.2208,
frame_ms,0.2219,
frame_ms,0.2131,
frame_ms,0.2537,
frame_ms,0.2177,
frame_ms,0.208,
frame_ms,0.2558,
frame_ms,0.2244,
frame_ms,0.2147,
frame_ms,0.2482,
frame_ms,0.2266,
frame_ms,0.2104,
frame_ms,0.2318,
frame_ms,0.2638,
frame_ms,0.2439,
frame_ms,0.2182,
frame_ms,0.2492,
frame_ms,0.214,
frame_ms,0.2108,
frame_ms,0.257,
frame_ms,0.3047,
frame_ms,0.2992,
tick_us,139.6,2
frame_ms,0.5526,
frame_ms,0.2414,
frame_ms,0.2176,
frame_ms,0.2242,
frame_ms,0.2385,
frame_ms,0.2555,
frame_ms,0.2166,
frame_ms,0.2687,
frame_ms,0.2824,
frame_ms,0.2394,
frame_ms,0.2285,
frame_ms,0.2236,
frame_ms,0.2178,
frame_ms,0.2514,
frame_ms,0.2289,
frame_ms,0.2181,
frame_ms,0.2142,
frame_ms,0.239,
frame_ms,0.2269,
frame_ms,0.2115,
frame_ms,0.2114,
frame_ms,0.2911,
frame_ms,0.2683,
frame_ms,0.2328,
frame_ms,0.2236,
frame_ms,0.2179,
frame_ms,0.2261,
frame_ms,0.2309,
tick_us,204.3,2
frame_ms,0.6383,
frame_ms,0.3703,
frame_ms,0.3699,
frame_ms,0.3404,
frame_ms,0.3397,
frame_ms,0.3037,
frame_ms,0.2513,
frame_ms,0.2188,
frame_ms,0.2259,
frame_ms,0.2194,
frame_ms,0.2255,
frame_ms,0.2452,
frame_ms,0.2316,
frame_ms,0.213,
frame_ms,0.6146,
frame_ms,0.2884,
frame_ms,0.2398,
frame_ms,0.2157,
frame_ms,0.2563,
frame_ms,0.2492,
frame_ms,0.2231,
frame_ms,0.2179,
frame_ms,0.2354,
frame_ms,0.2522,
tick_us,141.8,2
frame_ms,0.5728,
frame_ms,0.2461,
frame_ms,0.219,
frame_ms,0.4594,
frame_ms,0.2926,
frame_ms,0.2906,
frame_ms,0.2212,
frame_ms,0.2228,
frame_ms,0.2124,
frame_ms,0.2124,
frame_ms,0.2408,
frame_ms,0.2276,
frame_ms,0.2143,
frame_ms,0.231,
frame_ms,0.2472,
frame_ms,1.1888,
frame_ms,0.2187,
frame_ms,0.2012,
frame_ms,0.2294,
frame_ms,0.2183,
frame_ms,0.2305,
frame_ms,0.2286,
frame_ms,0.2168,
tick_us,146,2
frame_ms,0.5563,
frame_ms,0.2362,
frame_ms,0.2064,
frame_ms,0.2118,
frame_ms,0.2072,
frame_ms,0.2052,
frame_ms,0.251,
frame_ms,0.2204,
frame_ms,0.2046,
frame_ms,0.2477,
frame_ms,0.2204,
frame_ms,0.2127,
frame_ms,0.27,
frame_ms,0.2868,
frame_ms,0.2397,
frame_ms,0.2256,
frame_ms,0.217,
frame_ms,0.216,
frame_ms,1.0989,
frame_ms,0.296,
frame_ms,0.2152,
frame_ms,0.2066,
frame_ms,0.2152,
frame_ms,0.2079,
frame_ms,0.2765,
tick_us,143.7,2
frame_ms,0.5446,
frame_ms,0.2408,
frame_ms,0.2171,
frame_ms,0.2465,
frame_ms,0.2503,
frame_ms,0.2319,
frame_ms,0.2227,
frame_ms,0.2102,
frame_ms,0.2083,
frame_ms,0.2562,
frame_ms,0.2839,
frame_ms,0.4041,
frame_ms,0.3736,
frame_ms,0.2561,
frame_ms,0.3085,
frame_ms,0.2719,
frame_ms,0.2272,
frame_ms,0.218,
frame_ms,0.2181,
frame_ms,0.2436,
frame_ms,0.2205,
frame_ms,0.2679,
frame_ms,0.2342,
frame_ms,0.2533,
frame_ms,0.4821,
tick_us,157.6,2
frame_ms,0.6474,
frame_ms,0.2847,
frame_ms,0.2504,
frame_ms,0.2411,
frame_ms,0.2417,
frame_ms,0.2458,
frame_ms,0.2464,
frame_ms,0.2443,
frame_ms,0.2702,
frame_ms,0.2524,
frame_ms,0.2547,
frame_ms,0.245,
frame_ms,0.2453,
frame_ms,0.2435,
frame_ms,0.2411,
frame_ms,0.24,
frame_ms,0.2506,
frame_ms,0.2414,
frame_ms,0.2401,
frame_ms,0.2405,
frame_ms,0.2347,
frame_ms,0.244,
frame_ms,0.2362,
frame_ms,0.2738,
frame_ms,0.2736,
frame_ms,0.2964,
tick_us,145.8,2
frame_ms,0.567,
frame_ms,0.278,
frame_ms,0.2252,
frame_ms,0.2151,
frame_ms,0.2275,
frame_ms,0.2192,
frame_ms,0.2293,
frame_ms,0.22,
frame_ms,0.245,
frame_ms,0.2217,
frame_ms,0.2134,
frame_ms,0.2572,
frame_ms,0.2407,
frame_ms,0.2227,
frame_ms,0.2178,
frame_ms,0.2809,
frame_ms,0.284,
frame_ms,0.2501,
frame_ms,0.4613,
frame_ms,1.2165,
frame_ms,0.241,
frame_ms,0.2319,
frame_ms,0.2187,
tick_us,151.1,2
frame_ms,0.5371,
frame_ms,0.2507,
frame_ms,0.2252,
frame_ms,0.2332,
frame_ms,0.2176,
frame_ms,0.231,
frame_ms,0.2481,
frame_ms,0.2037,
frame_ms,0.2915,
frame_ms,0.2853,
frame_ms,0.2403,
frame_ms,0.2261,
frame_ms,0.2212,
frame_ms,0.2204,
frame_ms,0.2605,
frame_ms,0.2525,
frame_ms,0.2187,
frame_ms,0.2122,
frame_ms,0.2676,
frame_ms,0.28,
frame_ms,0.2458,
frame_ms,0.2332,
frame_ms,0.8182,
frame_ms,0.2658,
frame_ms,0.2298,
frame_ms,0.2277,
tick_us,137.3,2
frame_ms,0.6041,
frame_ms,0.2471,
frame_ms,0.2198,
frame_ms,0.2197,
frame_ms,0.2148,
frame_ms,0.2159,
frame_ms,0.2472,
frame_ms,0.248,
frame_ms,0.225,
frame_ms,0.2613,
frame_ms,0.2681,
frame_ms,0.2294,
frame_ms,0.2201,
frame_ms,0.2076,
frame_ms,0.2544,
frame_ms,0.2267,
frame_ms,0.2071,
frame_ms,0.2557,
frame_ms,0.2724,
frame_ms,0.2782,
frame_ms,0.2198,
frame_ms,1.2787,
frame_ms,0.2958,
tick_us,198.3,2
frame_ms,0.726,
frame_ms,0.3757,
frame_ms,0.3578,
frame_ms,0.349,
frame_ms,0.3549,
frame_ms,0.3376,
frame_ms,0.3402,
frame_ms,0.3951,
frame_ms,0.3407,
frame_ms,0.3446,
frame_ms,0.3051,
frame_ms,0.2409,
frame_ms,0.2265,
frame_ms,0.2274,
frame_ms,0.221,
frame_ms,0.2213,
frame_ms,0.2429,
frame_ms,0.2342,
frame_ms,0.2223,
frame_ms,0.2171,
frame_ms,0.2324,
frame_ms,0.2396,
frame_ms,0.2259,
tick_us,185.5,2
frame_ms,0.7382,
frame_ms,0.3606,
frame_ms,0.3354,
frame_ms,0.4723,
frame_ms,0.3866,
frame_ms,0.4409,
frame_ms,0.3639,
frame_ms,0.413,
frame_ms,0.2556,
frame_ms,0.2179,
frame_ms,0.2234,
frame_ms,0.2617,
frame_ms,0.2348,
frame_ms,0.2276,
frame_ms,0.2413,
frame_ms,0.2403,
frame_ms,0.2508,
frame_ms,0.2399,
frame_ms,0.4076,
frame_ms,0.3276,
tick_us,157.5,2
frame_ms,1.2577,
frame_ms,1.6151,
frame_ms,0.4896,
frame_ms,0.3667,
frame_ms,0.3515,
frame_ms,0.417,
frame_ms,0.344,
frame_ms,0.3739,
frame_ms,0.3392,
frame_ms,0.3333,
frame_ms,0.3837,
frame_ms,0.343,
frame_ms,0.6304,
tick_us,209.6,0
frame_ms,0.7971,
frame_ms,0.3223,
frame_ms,0.2501,
frame_ms,0.2221,
frame_ms,0.2491,
frame_ms,0.2319,
frame_ms,0.2515,
frame_ms,0.2242,
frame_ms,0.2315,
frame_ms,0.2529,
frame_ms,0.2325,
frame_ms,0.2263,
frame_ms,0.2223,
frame_ms,0.2448,
frame_ms,0.2354,
frame_ms,0.223,
frame_ms,0.24,
frame_ms,0.2418,
frame_ms,0.216,
frame_ms,0.2398,
frame_ms,0.2462,
frame_ms,0.2727,
frame_ms,0.2624,
frame_ms,0.2385,
frame_ms,0.2321,
frame_ms,0.2542,
tick_us,149.1,0
frame_ms,0.5892,
frame_ms,0.2781,
frame_ms,0.2321,
frame_ms,0.2519,
frame_ms,0.2285,
frame_ms,0.3754,
frame_ms,0.2519,
frame_ms,0.2534,
frame_ms,0.2451,
frame_ms,0.336,
frame_ms,0.3023,
frame_ms,0.3304,
frame_ms,0.2776,
frame_ms,0.5268,
frame_ms,0.3596,
frame_ms,0.3599,
frame_ms,0.3634,
frame_ms,0.4073,
frame_ms,0.3731,
tick_us,168.3,0
frame_ms,1.1392,
frame_ms,0.4194,
frame_ms,0.4263,
frame_ms,0.3168,
frame_ms,0.3329,
frame_ms,0.292,
frame_ms,0.2499,
frame_ms,0.2641,
frame_ms,0.2425,
frame_ms,0.2407,
frame_ms,0.2489,
frame_ms,0.2264,
frame_ms,0.3465,
frame_ms,0.3327,
frame_ms,0.3269,
frame_ms,0.2713,
frame_ms,0.2585,
frame_ms,0.2451,
frame_ms,0.2546,
frame_ms,0.2932,
frame_ms,0.3011,
frame_ms,0.2973,
frame_ms,0.2993,
tick_us,157.3,0
frame_ms,0.6299,
frame_ms,0.2976,
frame_ms,0.2714,
frame_ms,0.2607,
frame_ms,0.2821,
frame_ms,0.2591,
frame_ms,0.248,
frame_ms,0.243,
frame_ms,0.2366,
frame_ms,0.2428,
frame_ms,0.2367,
frame_ms,0.3148,
frame_ms,0.6823,
frame_ms,0.4133,
frame_ms,0.296,
frame_ms,0.3726,
frame_ms,0.2939,
frame_ms,0.2518,
frame_ms,0.2506,
frame_ms,0.2505,
frame_ms,0.2292,
frame_ms,0.2399,
tick_us,177,0
frame_ms,0.5934,
frame_ms,0.2722,
frame_ms,0.2399,
frame_ms,0.2369,
frame_ms,0.2448,
frame_ms,0.2458,
frame_ms,0.2957,
frame_ms,0.3243,
frame_ms,0.2756,
frame_ms,0.3721,
frame_ms,0.3081,
frame_ms,0.2596,
frame_ms,0.2349,
frame_ms,0.225,
frame_ms,0.2143,
frame_ms,0.2709,
frame_ms,0.2884,
frame_ms,0.2602,
frame_ms,0.2521,
frame_ms,0.2654,
frame_ms,0.2507,
frame_ms,0.3293,
frame_ms,0.286,
frame_ms,0.2575,
frame_ms,0.2553,
tick_us,148.8,0
frame_ms,0.6051,
frame_ms,0.3419,
frame_ms,0.3176,
frame_ms,0.2718,
frame_ms,0.2785,
frame_ms,0.5043,
frame_ms,0.3718,
frame_ms,0.419,
frame_ms,0.2927,
frame_ms,0.2656,
frame_ms,0.2853,
frame_ms,0.3015,
frame_ms,0.2765,
frame_ms,0.2191,
frame_ms,0.2229,
frame_ms,0.5316,
frame_ms,0.4334,
frame_ms,0.3751,
frame_ms,0.3492,
tick_us,138.8,2
frame_ms,0.7248,
frame_ms,0.322,
frame_ms,0.2755,
frame_ms,0.2399,
frame_ms,0.235,
frame_ms,0.2345,
frame_ms,0.2451,
frame_ms,0.2359,
frame_ms,0.2317,
frame_ms,0.4581,
frame_ms,0.3542,
frame_ms,0.3504,
frame_ms,0.3527,
frame_ms,0.3948,
frame_ms,0.3763,
frame_ms,0.3691,
frame_ms,0.3575,
frame_ms,0.3436,
frame_ms,0.3399,
frame_ms,0.3358,
frame_ms,0.3083,
tick_us,136.7,0
frame_ms,0.5441,
frame_ms,0.2502,
frame_ms,0.2263,
frame_ms,0.2259,
frame_ms,0.3203,
frame_ms,0.2513,
frame_ms,0.2486,
frame_ms,0.2378,
frame_ms,0.2191,
frame_ms,0.2212,
frame_ms,0.2162,
frame_ms,0.2393,
frame_ms,0.2297,
frame_ms,0.2201,
frame_ms,0.264,
frame_ms,0.2331,
frame_ms,0.2175,
frame_ms,0.2472,
frame_ms,0.2977,
frame_ms,0.257,
frame_ms,0.3304,
frame_ms,0.2933,
frame_ms,0.2521,
frame_ms,0.2293,
frame_ms,0.2319,
frame_ms,0.5148,
tick_us,153.3,0
frame_ms,0.61,
frame_ms,0.2845,
frame_ms,0.2278,
frame_ms,0.2317,
frame_ms,0.2336,
frame_ms,0.2244,
frame_ms,0.2358,
frame_ms,0.3568,
frame_ms,0.2881,
frame_ms,0.26,
frame_ms,0.2616,
frame_ms,0.2463,
frame_ms,0.2398,
frame_ms,0.2349,
frame_ms,0.2496,
frame_ms,0.2332,
frame_ms,0.2315,
frame_ms,0.2245,
frame_ms,0.2174,
frame_ms,0.2372,
frame_ms,0.2539,
frame_ms,0.3003,
frame_ms,0.2431,
frame_ms,0.3275,
frame_ms,0.3009,
frame_ms,0.2624,
tick_us,143.1,0
frame_ms,0.5262,
frame_ms,0.2375,
frame_ms,0.2166,
frame_ms,0.231,
frame_ms,0.7057,
frame_ms,0.3533,
frame_ms,0.3483,
frame_ms,0.4404,
frame_ms,0.3809,
frame_ms,0.3658,
frame_ms,0.3592,
frame_ms,0.3532,
frame_ms,0.3568,
frame_ms,0.3457,
frame_ms,0.3407,
frame_ms,0.3356,
frame_ms,0.3392,
frame_ms,0.3328,
frame_ms,0.3442,
tick_us,143,0
frame_ms,0.7067,
frame_ms,0.4904,
frame_ms,0.4483,
frame_ms,0.3863,
frame_ms,0.3597,
frame_ms,0.3562,
frame_ms,0.3582,
frame_ms,0.3489,
frame_ms,0.3405,
frame_ms,0.3488,
frame_ms,0.3981,
frame_ms,0.3563,
frame_ms,0.3454,
frame_ms,0.2731,
frame_ms,0.2309,
frame_ms,0.2201,
frame_ms,0.2244,
frame_ms,0.2208,
frame_ms,0.2162,
frame_ms,0.2385,
tick_us,154.8,0
frame_ms,0.5549,
frame_ms,0.2478,
frame_ms,0.2275,
frame_ms,0.2294,
frame_ms,0.2434,
frame_ms,0.2632,
frame_ms,0.2353,
frame_ms,0.2693,
frame_ms,0.2405,
frame_ms,0.2223,
frame_ms,0.2092,
frame_ms,0.2389,
frame_ms,0.2736,
frame_ms,0.2844,
frame_ms,0.2457,
frame_ms,0.2375,
frame_ms,0.2299,
frame_ms,0.2335,
frame_ms,0.2285,
frame_ms,0.2801,
frame_ms,0.285,
frame_ms,0.2548,
frame_ms,0.2364,
frame_ms,0.2554,
frame_ms,0.2648,
frame_ms,0.2318,
frame_ms,0.2592,
tick_us,144.4,0
frame_ms,0.5387,
frame_ms,0.2382,
frame_ms,0.2174,
frame_ms,0.2223,
frame_ms,0.2105,
frame_ms,0.2155,
frame_ms,0.2587,
frame_ms,0.2871,
frame_ms,0.2397,
frame_ms,0.2349,
frame_ms,0.2271,
frame_ms,0.5029,
frame_ms,0.3093,
frame_ms,0.2587,
frame_ms,0.2229,
frame_ms,0.2267,
frame_ms,0.2186,
frame_ms,0.2175,
frame_ms,0.214,
frame_ms,0.224,
frame_ms,0.2792,
frame_ms,0.2333,
frame_ms,0.2149,
frame_ms,0.2082,
frame_ms,0.242,
frame_ms,0.2408,
frame_ms,0.2234,
tick_us,166.1,0
frame_ms,0.5672,
frame_ms,0.2462,
frame_ms,0.2168,
frame_ms,0.2288,
frame_ms,0.223,
frame_ms,0.2131,
frame_ms,0.2121,
frame_ms,0.241,
frame_ms,0.2274,
frame_ms,0.2114,
frame_ms,0.2543,
frame_ms,0.2277,
frame_ms,0.2171,
frame_ms,0.2407,
frame_ms,0.2784,
frame_ms,0.2404,
frame_ms,0.2272,
frame_ms,0.2276,
frame_ms,0.2182,
frame_ms,0.2678,
frame_ms,0.2517,
frame_ms,0.2345,
frame_ms,0.2223,
frame_ms,0.2291,
frame_ms,0.2167,
frame_ms,0.2133,
frame_ms,0.2193,
frame_ms,0.275,
tick_us,129.4,0
frame_ms,0.5203,
frame_ms,0.2279,
frame_ms,0.211,
frame_ms,0.205,
frame_ms,0.2072,
frame_ms,0.245,
frame_ms,0.2442,
frame_ms,0.2436,
frame_ms,0.2297,
frame_ms,0.2149,
frame_ms,0.2414,
frame_ms,0.2293,
frame_ms,0.2136,
frame_ms,0.2182,
frame_ms,0.2176,
frame_ms,0.2737,
frame_ms,0.2543,
frame_ms,0.2115,
frame_ms,0.5229,
frame_ms,0.2628,
frame_ms,0.2276,
frame_ms,0.2167,
frame_ms,0.2047,
frame_ms,0.288,
frame_ms,0.2396,
frame_ms,0.2302,
frame_ms,0.2102,
frame_ms,0.263,
tick_us,152.7,0
frame_ms,0.5507,
frame_ms,0.2326,
frame_ms,0.2119,
frame_ms,0.2159,
frame_ms,0.2179,
frame_ms,0.2858,
frame_ms,0.2223,
frame_ms,0.2317,
frame_ms,0.2387,
frame_ms,0.2285,
frame_ms,0.2102,
frame_ms,0.3049,
frame_ms,0.3373,
frame_ms,0.2615,
frame_ms,0.2391,
frame_ms,0.2353,
frame_ms,0.2288,
frame_ms,0.2263,
frame_ms,0.2239,
frame_ms,0.2452,
frame_ms,0.2235,
frame_ms,0.2718,
frame_ms,0.2205,
frame_ms,0.215,
frame_ms,0.2123,
frame_ms,0.2462,
frame_ms,0.2328,
frame_ms,0.2134,
tick_us,151.5,0
frame_ms,0.5571,
frame_ms,0.2526,
frame_ms,0.2329,
frame_ms,0.2345,
frame_ms,0.2349,
frame_ms,0.221,
frame_ms,0.2176,
frame_ms,0.2139,
frame_ms,0.2426,
frame_ms,0.2289,
frame_ms,0.2159,
frame_ms,0.2322,
frame_ms,0.2231,
frame_ms,0.2143,
frame_ms,0.2128,
frame_ms,0.2402,
frame_ms,0.2308,
frame_ms,0.2203,
frame_ms,0.2403,
frame_ms,0.2281,
frame_ms,0.2303,
frame_ms,0.2288,
frame_ms,0.2653,
frame_ms,0.2351,
frame_ms,0.2135,
frame_ms,0.247,
tick_us,156.5,2
frame_ms,1.2191,
frame_ms,0.4233,
frame_ms,0.3816,
frame_ms,0.425,
frame_ms,0.3532,
frame_ms,0.4026,
frame_ms,0.3512,
frame_ms,0.3472,
frame_ms,0.3413,
frame_ms,0.3969,
frame_ms,0.3438,
frame_ms,0.3175,
frame_ms,0.2418,
frame_ms,0.2172,
frame_ms,0.22,
frame_ms,0.2146,
frame_ms,0.2149,
frame_ms,0.2384,
frame_ms,0.2394,
frame_ms,0.2429,
frame_ms,0.2316,
frame_ms,0.2329,
tick_us,158.9,2
frame_ms,0.5751,
frame_ms,0.3,
frame_ms,0.2605,
frame_ms,0.218,
frame_ms,0.2225,
frame_ms,0.2163,
frame_ms,0.2284,
frame_ms,0.2442,
frame_ms,0.2208,
frame_ms,0.2347,
frame_ms,0.2404,
frame_ms,0.222,
frame_ms,0.2188,
frame_ms,0.2588,
frame_ms,0.3047,
frame_ms,0.242,
frame_ms,0.2326,
frame_ms,0.228,
frame_ms,0.2256,
frame_ms,0.2201,
frame_ms,0.2346,
frame_ms,0.2415,
frame_ms,0.2655,
frame_ms,0.2376,
frame_ms,0.2254,
frame_ms,0.2218,
frame_ms,0.2682,
tick_us,148.8,2
frame_ms,0.5602,
frame_ms,0.261,
frame_ms,0.6872,
frame_ms,0.3246,
frame_ms,0.2807,
frame_ms,0.2247,
frame_ms,0.226,
frame_ms,0.2302,
frame_ms,0.2295,
frame_ms,0.2827,
frame_ms,0.263,
frame_ms,0.2242,
frame_ms,0.2221,
frame_ms,0.235,
frame_ms,0.2643,
frame_ms,0.2185,
frame_ms,0.2298,
frame_ms,0.2194,
frame_ms,0.2117,
frame_ms,0.2348,
frame_ms,0.2287,
frame_ms,0.2415,
frame_ms,0.2126,
frame_ms,0.2359,
frame_ms,0.2314,
frame_ms,0.2076,
tick_us,152,2
frame_ms,0.543,
frame_ms,0.2538,
frame_ms,0.2048,
frame_ms,0.2028,
frame_ms,0.2172,
frame_ms,0.241,
frame_ms,0.2495,
frame_ms,0.2253,
frame_ms,0.2095,
frame_ms,0.2434,
frame_ms,0.2268,
frame_ms,0.2169,
frame_ms,0.2663,
frame_ms,0.229,
frame_ms,0.2363,
frame_ms,0.3596,
frame_ms,0.4065,
frame_ms,0.34,
frame_ms,0.34,
frame_ms,0.3338,
frame_ms,0.3391,
frame_ms,0.2404,
frame_ms,0.2159,
frame_ms,0.2857,
frame_ms,0.3988,
tick_us,200.1,2
frame_ms,0.7351,
frame_ms,0.3305,
frame_ms,0.3434,
frame_ms,0.3341,
frame_ms,0.3393,
frame_ms,0.3399,
frame_ms,0.6888,
frame_ms,0.417,
frame_ms,0.355,
frame_ms,0.3397,
frame_ms,0.3405,
frame_ms,0.387,
frame_ms,0.2699,
frame_ms,0.2264,
frame_ms,0.2229,
frame_ms,0.2264,
frame_ms,0.2152,
frame_ms,0.2219,
frame_ms,0.2488,
frame_ms,0.2388,
tick_us,151.3,2
frame_ms,0.5261,
frame_ms,0.2396,
frame_ms,0.224,
frame_ms,0.2189,
frame_ms,0.213,
frame_ms,0.2134,
frame_ms,0.3103,
frame_ms,0.2835,
frame_ms,0.234,
frame_ms,0.2273,
frame_ms,0.219,
frame_ms,0.2322,
frame_ms,0.2405,
frame_ms,0.2164,
frame_ms,0.2263,
frame_ms,0.2687,
frame_ms,0.2321,
frame_ms,0.2137,
frame_ms,0.2578,
frame_ms,0.2261,
frame_ms,0.2123,
frame_ms,0.2287,
frame_ms,0.2762,
frame_ms,0.2846,
frame_ms,0.2533,
frame_ms,0.2463,
frame_ms,0.2525,
frame_ms,0.2443,
tick_us,151.7,2
frame_ms,0.5592,
frame_ms,0.2719,
frame_ms,0.2262,
frame_ms,0.2275,
frame_ms,0.2293,
frame_ms,0.2427,
frame_ms,0.2339,
frame_ms,0.2265,
frame_ms,0.2296,
frame_ms,0.2358,
frame_ms,0.3045,
frame_ms,0.7873,
frame_ms,0.3503,
frame_ms,0.3375,
frame_ms,0.4239,
frame_ms,0.3711,
frame_ms,0.5055,
frame_ms,0.4403,
frame_ms,0.4137,
frame_ms,0.3866,
tick_us,143,2
frame_ms,0.7335,
frame_ms,0.4069,
frame_ms,0.3858,
frame_ms,0.3574,
frame_ms,0.3849,
frame_ms,0.4146,
frame_ms,0.4032,
frame_ms,0.3332,
frame_ms,0.2519,
frame_ms,0.2357,
frame_ms,0.239,
frame_ms,0.2288,
frame_ms,0.2287,
frame_ms,0.2178,
frame_ms,0.2193,
frame_ms,0.4361,
frame_ms,0.4651,
frame_ms,0.4178,
frame_ms,0.4245,
tick_us,169.7,2
frame_ms,0.6395,
frame_ms,0.3578,
frame_ms,0.2636,
frame_ms,0.2335,
frame_ms,0.2305,
frame_ms,0.2321,
frame_ms,0.2183,
frame_ms,0.217,
frame_ms,0.2447,
frame_ms,0.2293,
frame_ms,0.2184,
frame_ms,0.247,
frame_ms,0.2329,
frame_ms,0.2162,
frame_ms,0.2138,
frame_ms,0.2105,
frame_ms,0.3453,
frame_ms,0.3255,
frame_ms,0.2708,
frame_ms,0.2834,
frame_ms,0.27,
frame_ms,0.2998,
frame_ms,0.2431,
frame_ms,0.8409,
tick_us,156.3,2
frame_ms,1.6821,
frame_ms,0.571,
frame_ms,0.6143,
frame_ms,2.5888,
frame_ms,1.3373,
tick_us,154.7,2
frame_ms,0.7712,
frame_ms,0.6566,
frame_ms,0.9133,
frame_ms,1.2394,
frame_ms,0.5667,
frame_ms,0.7253,
frame_ms,0.3787,
frame_ms,0.2445,
frame_ms,0.4003,
frame_ms,0.4047,
frame_ms,0.4513,
tick_us,238.5,2
frame_ms,0.8554,
frame_ms,0.4382,
frame_ms,0.5872,
frame_ms,0.5095,
frame_ms,0.2853,
frame_ms,0.2349,
frame_ms,0.3816,
frame_ms,0.321,
frame_ms,0.2435,
frame_ms,0.2632,
frame_ms,0.2509,
frame_ms,0.264,
frame_ms,0.3632,
frame_ms,0.2833,
frame_ms,0.2448,
frame_ms,0.2593,
frame_ms,0.2837,
frame_ms,0.275,
frame_ms,0.4666,
frame_ms,0.2982,
tick_us,201.6,2
frame_ms,0.7919,
frame_ms,0.3542,
frame_ms,0.3177,
frame_ms,0.2565,
frame_ms,0.2471,
frame_ms,0.334,
frame_ms,0.3237,
frame_ms,0.2634,
frame_ms,0.2412,
frame_ms,0.2391,
frame_ms,0.8088,
frame_ms,0.446,
frame_ms,0.7023,
frame_ms,0.796,
frame_ms,0.5343,
frame_ms,0.4324,
tick_us,211.4,2
frame_ms,0.9235,
frame_ms,0.5962,
frame_ms,0.3858,
frame_ms,0.2997,
frame_ms,0.2773,
frame_ms,2.0316,
frame_ms,0.8306,
frame_ms,1.0819,
frame_ms,0.5987,
tick_us,166.2,2
frame_ms,1.0222,
frame_ms,0.3891,
frame_ms,0.2764,
frame_ms,0.2835,
frame_ms,0.9604,
frame_ms,1.5219,
frame_ms,0.8856,
frame_ms,0.4052,
frame_ms,0.3573,
frame_ms,0.3046,
frame_ms,0.2735,
tick_us,200.6,0
frame_ms,0.8093,
frame_ms,0.5219,
frame_ms,0.392,
frame_ms,0.2559,
frame_ms,0.2426,
frame_ms,0.2432,
frame_ms,0.246,
frame_ms,0.2437,
frame_ms,0.2568,
frame_ms,0.2481,
frame_ms,0.2413,
frame_ms,0.2412,
frame_ms,0.3857,
frame_ms,0.3349,
frame_ms,0.2691,
frame_ms,0.2545,
frame_ms,0.3492,
frame_ms,0.3117,
frame_ms,0.2551,
frame_ms,0.2689,
frame_ms,0.2914,
frame_ms,0.249,
frame_ms,0.2675,
tick_us,146.9,0
frame_ms,0.7901,
frame_ms,0.7959,
frame_ms,0.7996,
frame_ms,0.7727,
frame_ms,0.3891,
frame_ms,0.3662,
frame_ms,0.3435,
frame_ms,0.3629,
frame_ms,0.3614,
frame_ms,0.3513,
frame_ms,0.3619,
frame_ms,0.345,
frame_ms,0.3344,
frame_ms,0.3675,
frame_ms,0.2319,
tick_us,155.3,2
frame_ms,0.5623,
frame_ms,0.2441,
frame_ms,0.2191,
frame_ms,0.2329,
frame_ms,0.2204,
frame_ms,0.2221,
frame_ms,0.3032,
frame_ms,0.2468,
frame_ms,0.2278,
frame_ms,0.218,
frame_ms,0.2145,
frame_ms,0.3173,
frame_ms,0.3736,
frame_ms,0.2551,
frame_ms,0.2244,
frame_ms,0.2889,
frame_ms,0.2176,
frame_ms,0.2239,
frame_ms,0.2259,
frame_ms,0.2142,
frame_ms,0.2566,
frame_ms,0.5498,
frame_ms,0.279,
frame_ms,0.2692,
frame_ms,0.2378,
tick_us,146.7,2
frame_ms,0.5324,
frame_ms,0.2662,
frame_ms,0.3483,
frame_ms,0.2568,
frame_ms,0.2309,
frame_ms,0.2349,
frame_ms,0.236,
frame_ms,0.2262,
frame_ms,0.3321,
frame_ms,0.2449,
frame_ms,0.3683,
frame_ms,0.385,
frame_ms,0.3453,
frame_ms,0.3369,
frame_ms,0.3326,
frame_ms,0.3398,
frame_ms,0.3365,
frame_ms,0.4692,
frame_ms,0.3321,
frame_ms,0.3368,
frame_ms,0.339,
tick_us,177.5,2
frame_ms,0.7002,
frame_ms,0.3214,
frame_ms,0.3334,
frame_ms,0.3329,
frame_ms,0.3285,
frame_ms,0.3495,
frame_ms,0.2431,
frame_ms,0.2154,
frame_ms,0.2185,
frame_ms,0.2197,
frame_ms,0.212,
frame_ms,0.2602,
frame_ms,0.2441,
frame_ms,0.2295,
frame_ms,0.2178,
frame_ms,0.2513,
frame_ms,0.2798,
frame_ms,0.2375,
frame_ms,0.2267,
frame_ms,0.2203,
frame_ms,0.2156,
frame_ms,0.2596,
frame_ms,0.2336,
frame_ms,0.2162,
frame_ms,0.2433,
frame_ms,0.2287,
tick_us,153.2,2
frame_ms,0.5298,
frame_ms,1.1219,
frame_ms,0.3065,
frame_ms,0.3142,
frame_ms,0.3609,
frame_ms,0.3371,
frame_ms,0.3614,
frame_ms,0.3573,
frame_ms,0.317,
frame_ms,0.242,
frame_ms,0.2233,
frame_ms,0.2264,
frame_ms,0.242,
frame_ms,0.2215,
frame_ms,0.2228,
frame_ms,0.2687,
frame_ms,0.2649,
frame_ms,0.2371,
frame_ms,0.2243,
frame_ms,0.2211,
frame_ms,0.2156,
tick_us,141,2
frame_ms,0.5688,
frame_ms,0.2593,
frame_ms,0.2104,
frame_ms,0.214,
frame_ms,0.2092,
frame_ms,0.2344,
frame_ms,0.2597,
frame_ms,0.2748,
frame_ms,0.2411,
frame_ms,0.2328,
frame_ms,0.2285,
frame_ms,0.2174,
frame_ms,0.2123,
frame_ms,0.2385,
frame_ms,0.2643,
frame_ms,0.2326,
frame_ms,0.2153,
frame_ms,0.2403,
frame_ms,0.2566,
frame_ms,0.2159,
frame_ms,0.2095,
frame_ms,0.2779,
frame_ms,0.2261,
frame_ms,0.2142,
frame_ms,0.2151,
frame_ms,0.2212,
frame_ms,0.2846,
frame_ms,0.2576,
frame_ms,0.2256,
tick_us,150.2,0
frame_ms,0.5319,
frame_ms,0.225,
frame_ms,0.2116,
frame_ms,0.2414,
frame_ms,0.3409,
frame_ms,0.4633,
frame_ms,0.3718,
frame_ms,0.2396,
frame_ms,0.2062,
frame_ms,0.2086,
frame_ms,0.22,
frame_ms,0.2314,
frame_ms,0.2435,
frame_ms,0.2117,
frame_ms,0.2418,
frame_ms,0.2273,
frame_ms,0.2071,
frame_ms,0.3313,
frame_ms,0.2284,
frame_ms,0.215,
frame_ms,0.2101,
frame_ms,0.2161,
frame_ms,0.27,
frame_ms,0.2699,
frame_ms,0.227,
frame_ms,0.2238,
tick_us,151.3,0
frame_ms,0.5333,
frame_ms,0.2431,
frame_ms,0.249,
frame_ms,0.2817,
frame_ms,0.3538,
frame_ms,0.2866,
frame_ms,0.2476,
frame_ms,0.2964,
frame_ms,0.2264,
frame_ms,0.2173,
frame_ms,0.2116,
frame_ms,0.2419,
frame_ms,0.2587,
frame_ms,0.2196,
frame_ms,0.208,
frame_ms,0.2602,
frame_ms,0.23,
frame_ms,0.2122,
frame_ms,0.247,
frame_ms,0.2361,
frame_ms,0.2143,
frame_ms,0.2418,
frame_ms,0.227,
frame_ms,0.2125,
frame_ms,0.214,
frame_ms,0.2652,
frame_ms,0.2739,
tick_us,146.3,2
frame_ms,0.5467,
frame_ms,0.2453,
frame_ms,0.2948,
frame_ms,0.2128,
frame_ms,0.2249,
frame_ms,0.2275,
frame_ms,0.2139,
frame_ms,0.2101,
frame_ms,0.2452,
frame_ms,0.229,
frame_ms,0.218,
frame_ms,0.232,
frame_ms,0.2748,
frame_ms,0.2758,
frame_ms,0.4162,
frame_ms,0.5261,
frame_ms,0.6915,
frame_ms,0.3093,
frame_ms,0.4291,
frame_ms,0.3193,
frame_ms,0.2822,
frame_ms,0.3476,
tick_us,148.9,2
frame_ms,0.5589,
frame_ms,0.2558,
frame_ms,0.2201,
frame_ms,0.2268,
frame_ms,0.2315,
frame_ms,0.218,
frame_ms,0.2114,
frame_ms,0.2405,
frame_ms,0.2286,
frame_ms,0.2299,
frame_ms,0.2105,
frame_ms,0.2656,
frame_ms,0.2368,
frame_ms,0.2209,
frame_ms,0.2167,
frame_ms,0.2447,
frame_ms,0.2333,
frame_ms,0.2089,
frame_ms,0.2413,
frame_ms,0.2291,
frame_ms,0.2112,
frame_ms,0.2327,
frame_ms,0.2204,
frame_ms,0.2039,
frame_ms,0.2566,
frame_ms,0.2232,
frame_ms,0.2096,
frame_ms,0.2835,
frame_ms,0.2143,
tick_us,143.4,2
frame_ms,0.503,
frame_ms,0.2328,
frame_ms,0.2165,
frame_ms,0.2115,
frame_ms,0.2126,
frame_ms,0.2133,
frame_ms,0.2669,
frame_ms,0.2254,
frame_ms,0.2573,
frame_ms,0.2058,
frame_ms,0.2042,
frame_ms,0.2468,
frame_ms,0.2273,
frame_ms,0.2098,
frame_ms,0.2396,
frame_ms,0.2206,
frame_ms,0.2124,
frame_ms,0.2008,
frame_ms,0.2517,
frame_ms,0.2303,
frame_ms,0.3677,
frame_ms,0.2748,
frame_ms,0.2317,
frame_ms,0.7957,
tick_us,133.9,2
frame_ms,0.9303,
frame_ms,0.242,
frame_ms,0.2147,
frame_ms,0.2153,
frame_ms,0.2073,
frame_ms,0.2065,
frame_ms,0.2645,
frame_ms,0.2341,
frame_ms,0.2184,
frame_ms,0.2092,
frame_ms,0.256,
frame_ms,0.2263,
frame_ms,0.2127,
frame_ms,0.2349,
frame_ms,0.2236,
frame_ms,0.2049,
frame_ms,0.2612,
frame_ms,0.2265,
frame_ms,0.2106,
frame_ms,0.2316,
frame_ms,0.2551,
frame_ms,1.0404,
frame_ms,0.7484,
tick_us,145.8,2
frame_ms,0.7324,
frame_ms,0.449,
frame_ms,0.2199,
frame_ms,0.2238,
frame_ms,0.2167,
frame_ms,0.2181,
frame_ms,0.2297,
frame_ms,0.2229,
frame_ms,0.2128,
frame_ms,0.2047,
frame_ms,0.3229,
frame_ms,0.2625,
frame_ms,0.2376,
frame_ms,0.2264,
frame_ms,0.2186,
frame_ms,0.2166,
frame_ms,0.302,
frame_ms,0.3433,
frame_ms,0.2488,
frame_ms,0.2154,
frame_ms,0.2219,
frame_ms,0.2172,
frame_ms,0.284,
frame_ms,0.2761,
frame_ms,0.239,
frame_ms,0.2227,
frame_ms,0.2195,
tick_us,152.4,2
frame_ms,0.5342,
frame_ms,0.2739,
frame_ms,0.221,
frame_ms,0.2215,
frame_ms,0.3864,
frame_ms,0.3001,
frame_ms,0.2386,
frame_ms,0.2214,
frame_ms,0.2144,
frame_ms,0.2117,
frame_ms,0.2078,
frame_ms,0.2842,
frame_ms,0.2277,
frame_ms,0.2085,
frame_ms,0.2305,
frame_ms,0.2299,
frame_ms,0.2592,
frame_ms,0.2363,
frame_ms,0.2197,
frame_ms,0.2132,
frame_ms,0.2641,
frame_ms,0.2299,
frame_ms,0.2137,
frame_ms,0.2257,
frame_ms,0.2279,
frame_ms,0.2189,
frame_ms,0.2436,
tick_us,153,2
frame_ms,0.5294,
frame_ms,0.2295,
frame_ms,0.2134,
frame_ms,0.2165,
frame_ms,0.2119,
frame_ms,0.2089,
frame_ms,0.2455,
frame_ms,0.2439,
frame_ms,0.2145,
frame_ms,0.2148,
frame_ms,0.2547,
frame_ms,0.2701,
frame_ms,0.2271,
frame_ms,0.2141,
frame_ms,0.2343,
frame_ms,0.2329,
frame_ms,0.2147,
frame_ms,0.2714,
frame_ms,0.2235,
frame_ms,0.2091,
frame_ms,0.2446,
frame_ms,0.2265,
frame_ms,0.2099,
frame_ms,0.2339,
frame_ms,0.2265,
frame_ms,0.2158,
frame_ms,0.2642,
frame_ms,0.2751,
frame_ms,0.2342,
tick_us,147.6,2
frame_ms,0.5419,
frame_ms,0.2397,
frame_ms,0.2252,
frame_ms,0.2738,
frame_ms,0.2977,
frame_ms,0.2344,
frame_ms,0.2138,
frame_ms,0.2148,
frame_ms,0.2062,
frame_ms,0.3043,
frame_ms,0.2236,
frame_ms,0.2133,
frame_ms,0.2109,
frame_ms,0.4567,
frame_ms,0.2849,
frame_ms,0.2534,
frame_ms,0.2139,
frame_ms,0.215,
frame_ms,0.2095,
frame_ms,0.2253,
frame_ms,0.2397,
frame_ms,0.3607,
frame_ms,0.2484,
frame_ms,0.2298,
frame_ms,0.2221,
frame_ms,0.2183,
frame_ms,0.2142,
tick_us,153.3,2
frame_ms,0.5819,
frame_ms,0.2561,
frame_ms,0.2182,
frame_ms,0.2236,
frame_ms,0.2227,
frame_ms,0.2394,
frame_ms,0.2185,
frame_ms,0.2536,
frame_ms,0.2648,
frame_ms,0.2269,
frame_ms,0.2152,
frame_ms,0.2118,
frame_ms,0.2421,
frame_ms,0.2281,
frame_ms,0.2121,
frame_ms,0.2274,
frame_ms,0.2206,
frame_ms,0.3347,
frame_ms,0.4012,
frame_ms,0.3494,
frame_ms,0.3456,
frame_ms,0.3426,
frame_ms,0.4084,
frame_ms,0.3376,
tick_us,170.9,2
frame_ms,0.6664,
frame_ms,0.3252,
frame_ms,0.3344,
frame_ms,0.3419,
frame_ms,0.522,
frame_ms,0.3365,
frame_ms,0.3794,
frame_ms,0.3283,
frame_ms,0.338,
frame_ms,0.3391,
frame_ms,0.3519,
frame_ms,0.3277,
frame_ms,0.3762,
frame_ms,0.9863,
frame_ms,0.8438,
frame_ms,0.3576,
tick_us,148.9,2
frame_ms,0.5682,
frame_ms,0.2347,
frame_ms,0.2191,
frame_ms,0.2232,
frame_ms,0.2171,
frame_ms,0.2248,
frame_ms,0.2363,
frame_ms,0.2243,
frame_ms,0.2214,
frame_ms,0.2196,
frame_ms,0.2463,
frame_ms,0.4902,
frame_ms,0.2457,
frame_ms,0.2175,
frame_ms,0.2206,
frame_ms,0.2146,
frame_ms,0.2467,
frame_ms,0.2275,
frame_ms,0.2129,
frame_ms,0.2494,
frame_ms,0.2276,
frame_ms,0.2118,
frame_ms,0.2255,
frame_ms,0.2371,
frame_ms,0.2188,
frame_ms,0.2057,
frame_ms,0.2454,
frame_ms,0.226,
tick_us,150.3,2
frame_ms,0.5533,
frame_ms,0.2434,
frame_ms,0.2139,
frame_ms,0.2263,
frame_ms,0.2375,
frame_ms,0.2247,
frame_ms,0.2147,
frame_ms,0.2478,
frame_ms,0.2164,
frame_ms,0.2034,
frame_ms,0.2491,
frame_ms,0.2346,
frame_ms,0.2096,
frame_ms,0.2267,
frame_ms,0.2306,
frame_ms,0.2244,
frame_ms,0.2137,
frame_ms,0.2105,
frame_ms,0.2331,
frame_ms,0.2543,
frame_ms,0.2387,
frame_ms,0.2097,
frame_ms,0.2355,
frame_ms,0.2238,
frame_ms,0.2183,
frame_ms,0.2383,
frame_ms,0.2464,
frame_ms,0.2191,
frame_ms,0.2065,
tick_us,171.4,2
frame_ms,0.7685,
frame_ms,0.3722,
frame_ms,0.3459,
frame_ms,0.31,
frame_ms,0.2257,
frame_ms,0.2204,
frame_ms,0.2091,
frame_ms,0.2075,
frame_ms,0.2606,
frame_ms,0.2144,
frame_ms,0.2113,
frame_ms,0.2511,
frame_ms,0.3517,
frame_ms,0.3775,
frame_ms,0.338,
frame_ms,0.3466,
frame_ms,0.3304,
frame_ms,0.3429,
frame_ms,0.3802,
frame_ms,0.3484,
frame_ms,0.3369,
tick_us,165.9,2
frame_ms,0.6989,
frame_ms,0.2923,
frame_ms,0.2486,
frame_ms,0.225,
frame_ms,0.2247,
frame_ms,0.2172,
frame_ms,0.222,
frame_ms,0.2474,
frame_ms,0.2473,
frame_ms,0.2287,
frame_ms,0.2143,
frame_ms,0.2829,
frame_ms,0.2735,
frame_ms,0.2273,
frame_ms,0.2232,
frame_ms,0.2156,
frame_ms,0.2568,
frame_ms,0.2091,
frame_ms,0.2526,
frame_ms,0.2229,
frame_ms,0.2385,
frame_ms,0.2349,
frame_ms,0.21,
frame_ms,0.2016,
frame_ms,0.2529,
frame_ms,0.2287,
frame_ms,0.2084,
frame_ms,0.2264,
tick_us,140,2
frame_ms,0.5369,
frame_ms,0.2781,
frame_ms,0.235,
frame_ms,0.2211,
frame_ms,0.4035,
frame_ms,0.4306,
frame_ms,0.2772,
frame_ms,0.2844,
frame_ms,0.2184,
frame_ms,0.2206,
frame_ms,0.2205,
frame_ms,0.2719,
frame_ms,0.2117,
frame_ms,0.2717,
frame_ms,0.2511,
frame_ms,0.311,
frame_ms,0.2971,
frame_ms,0.2587,
frame_ms,0.2447,
frame_ms,0.2373,
frame_ms,0.2386,
frame_ms,0.2353,
frame_ms,0.254,
frame_ms,0.2424,
frame_ms,0.3084,
tick_us,152.5,2
frame_ms,0.5602,
frame_ms,0.2558,
frame_ms,0.2276,
frame_ms,0.2658,
frame_ms,0.281,
frame_ms,0.2457,
frame_ms,0.2293,
frame_ms,0.2179,
frame_ms,0.2236,
frame_ms,0.2756,
frame_ms,0.2765,
frame_ms,0.2336,
frame_ms,0.2202,
frame_ms,0.2151,
frame_ms,0.2452,
frame_ms,0.2283,
frame_ms,0.214,
frame_ms,0.2503,
frame_ms,0.2275,
frame_ms,0.2093,
frame_ms,0.2322,
frame_ms,0.2525,
frame_ms,0.2113,
frame_ms,0.2416,
frame_ms,0.2281,
frame_ms,0.2911,
frame_ms,0.3935,
tick_us,159.8,2
frame_ms,0.7195,
frame_ms,0.3255,
frame_ms,0.34,
frame_ms,0.2519,
frame_ms,0.2141,
frame_ms,0.2192,
frame_ms,0.2185,
frame_ms,0.2123,
frame_ms,0.2106,
frame_ms,1.1403,
frame_ms,0.5991,
frame_ms,0.2653,
frame_ms,0.2462,
frame_ms,0.2172,
frame_ms,0.2163,
frame_ms,0.2119,
frame_ms,0.2445,
frame_ms,0.2565,
frame_ms,0.2255,
frame_ms,0.216,
frame_ms,0.2422,
frame_ms,0.2475,
tick_us,158.4,2
frame_ms,0.6715,
frame_ms,0.3388,
frame_ms,0.3822,
frame_ms,0.3399,
frame_ms,0.3356,
frame_ms,0.2444,
frame_ms,0.2139,
frame_ms,0.2222,
frame_ms,0.2161,
frame_ms,0.2115,
frame_ms,0.2509,
frame_ms,0.2679,
frame_ms,0.2271,
frame_ms,0.2132,
frame_ms,0.2079,
frame_ms,0.2707,
frame_ms,0.2288,
frame_ms,0.2096,
frame_ms,0.2254,
frame_ms,0.2318,
frame_ms,0.2516,
frame_ms,0.2215,
frame_ms,0.2094,
frame_ms,0.2438,
frame_ms,0.2453,
frame_ms,0.2146,
tick_us,136.6,2
frame_ms,0.5154,
frame_ms,0.2247,
frame_ms,0.2067,
frame_ms,0.2136,
frame_ms,0.2206,
frame_ms,0.2103,
frame_ms,0.2665,
frame_ms,0.2262,
frame_ms,0.2095,
frame_ms,0.2374,
frame_ms,0.2102,
frame_ms,0.2014,
frame_ms,0.2463,
frame_ms,0.2053,
frame_ms,0.2125,
frame_ms,0.247,
frame_ms,0.219,
frame_ms,0.2031,
frame_ms,0.241,
frame_ms,0.2151,
frame_ms,0.5534,
frame_ms,0.297,
frame_ms,0.2861,
frame_ms,0.4925,
frame_ms,0.5643,
tick_us,145.3,4
frame_ms,0.5445,
frame_ms,0.2285,
frame_ms,0.2128,
frame_ms,0.2184,
frame_ms,0.2111,
frame_ms,0.2143,
frame_ms,0.2462,
frame_ms,0.2144,
frame_ms,0.2105,
frame_ms,0.2331,
frame_ms,0.2142,
frame_ms,0.208,
frame_ms,0.2517,
frame_ms,0.217,
frame_ms,0.2077,
frame_ms,0.3759,
frame_ms,0.2356,
frame_ms,0.2156,
frame_ms,0.2088,
frame_ms,0.2439,
frame_ms,0.2222,
frame_ms,0.2092,
frame_ms,0.217,
frame_ms,0.2332,
frame_ms,0.2244,
frame_ms,0.2075,
frame_ms,0.2153,
frame_ms,0.2349,
frame_ms,0.2216,
tick_us,139.7,4
frame_ms,0.514,
frame_ms,0.2357,
frame_ms,0.2062,
frame_ms,0.2405,
frame_ms,0.2234,
frame_ms,0.2123,
frame_ms,0.2309,
frame_ms,0.5291,
frame_ms,0.3693,
frame_ms,0.3415,
frame_ms,0.3338,
frame_ms,0.3443,
frame_ms,0.2699,
frame_ms,0.2204,
frame_ms,0.2183,
frame_ms,0.2984,
frame_ms,0.254,
frame_ms,0.2281,
frame_ms,0.2193,
frame_ms,0.2165,
frame_ms,0.2469,
frame_ms,0.3012,
frame_ms,0.2773,
frame_ms,0.2418,
frame_ms,0.2307,
tick_us,141.6,4
frame_ms,0.5086,
frame_ms,0.2471,
frame_ms,0.2107,
frame_ms,0.2207,
frame_ms,0.2099,
frame_ms,0.2039,
frame_ms,0.2403,
frame_ms,0.2845,
frame_ms,0.2391,
frame_ms,0.2242,
frame_ms,0.213,
frame_ms,0.2099,
frame_ms,0.2472,
frame_ms,0.2269,
frame_ms,0.2118,
frame_ms,0.2258,
frame_ms,0.2329,
frame_ms,0.223,
frame_ms,0.2107,
frame_ms,0.2421,
frame_ms,0.2101,
frame_ms,0.2049,
frame_ms,0.2418,
frame_ms,0.2242,
frame_ms,0.2091,
frame_ms,0.2415,
frame_ms,0.2241,
frame_ms,0.2087,
frame_ms,0.2505,
frame_ms,0.2187,
tick_us,145.1,4
frame_ms,0.5077,
frame_ms,0.2243,
frame_ms,0.2067,
frame_ms,0.2089,
frame_ms,0.2055,
frame_ms,0.2414,
frame_ms,0.2107,
frame_ms,0.2021,
frame_ms,0.2472,
frame_ms,0.224,
frame_ms,0.2102,
frame_ms,0.2497,
frame_ms,0.2271,
frame_ms,0.2101,
frame_ms,0.2355,
frame_ms,0.2066,
frame_ms,0.2021,
frame_ms,0.2474,
frame_ms,0.2224,
frame_ms,0.2063,
frame_ms,0.2309,
frame_ms,0.2233,
frame_ms,0.2085,
frame_ms,0.2531,
frame_ms,0.2196,
frame_ms,0.2075,
frame_ms,0.2525,
frame_ms,0.2684,
frame_ms,0.2301,
tick_us,141,6
frame_ms,0.5177,
frame_ms,0.2321,
frame_ms,0.2152,
frame_ms,0.2203,
frame_ms,0.2655,
frame_ms,0.468,
frame_ms,0.4318,
frame_ms,0.3713,
frame_ms,0.3376,
frame_ms,0.3358,
frame_ms,0.3452,
frame_ms,0.266,
frame_ms,0.2195,
frame_ms,0.2333,
frame_ms,0.2238,
frame_ms,0.2125,
frame_ms,0.2368,
frame_ms,0.2115,
frame_ms,0.2244,
frame_ms,0.2193,
frame_ms,0.248,
frame_ms,0.2634,
frame_ms,0.2316,
frame_ms,0.2175,
frame_ms,0.2335,
tick_us,147.9,6
frame_ms,0.5267,
frame_ms,0.2443,
frame_ms,0.2126,
frame_ms,0.2139,
frame_ms,0.2121,
frame_ms,0.2086,
frame_ms,0.2881,
frame_ms,0.2541,
frame_ms,0.2215,
frame_ms,0.2076,
frame_ms,0.2465,
frame_ms,0.2273,
frame_ms,0.2802,
frame_ms,0.2666,
frame_ms,0.2425,
frame_ms,0.3582,
frame_ms,0.2647,
frame_ms,0.2176,
frame_ms,0.2147,
frame_ms,0.2092,
frame_ms,0.2066,
frame_ms,0.2772,
frame_ms,0.2591,
frame_ms,0.2269,
frame_ms,0.2107,
frame_ms,0.2416,
frame_ms,0.2349,
frame_ms,0.2157,
tick_us,149.7,4
frame_ms,0.5204,
frame_ms,0.2275,
frame_ms,0.2014,
frame_ms,0.2074,
frame_ms,0.2,
frame_ms,0.2384,
frame_ms,0.225,
frame_ms,0.2104,
frame_ms,0.2506,
frame_ms,0.2241,
frame_ms,0.2025,
frame_ms,0.269,
frame_ms,0.2237,
frame_ms,0.518,
frame_ms,0.3676,
frame_ms,0.3359,
frame_ms,0.3329,
frame_ms,0.3358,
frame_ms,0.2678,
frame_ms,0.2231,
frame_ms,0.2143,
frame_ms,0.2054,
frame_ms,0.2057,
frame_ms,0.2439,
frame_ms,0.2236,
frame_ms,0.2019,
tick_us,138.6,4
frame_ms,0.5782,
frame_ms,0.2741,
frame_ms,0.2371,
frame_ms,0.2156,
frame_ms,0.2214,
frame_ms,0.2208,
frame_ms,0.2178,
frame_ms,0.2726,
frame_ms,0.2218,
frame_ms,0.2424,
frame_ms,0.2195,
frame_ms,0.2032,
frame_ms,0.2469,
frame_ms,0.2249,
frame_ms,0.2033,
frame_ms,0.2417,
frame_ms,0.2186,
frame_ms,0.2349,
frame_ms,0.2112,
frame_ms,0.2492,
frame_ms,0.2206,
frame_ms,0.2162,
frame_ms,0.238,
frame_ms,0.2163,
frame_ms,0.2116,
frame_ms,0.2405,
frame_ms,0.2238,
frame_ms,0.202,
frame_ms,0.2453,
tick_us,134.8,4
frame_ms,0.5086,
frame_ms,0.2251,
frame_ms,0.2001,
frame_ms,0.2034,
frame_ms,0.2034,
frame_ms,0.2534,
frame_ms,0.3679,
frame_ms,0.3545,
frame_ms,0.3355,
frame_ms,0.3346,
frame_ms,0.3396,
frame_ms,0.3475,
frame_ms,0.3385,
frame_ms,0.3363,
frame_ms,0.3321,
frame_ms,0.3296,
frame_ms,0.3303,
frame_ms,0.4953,
frame_ms,0.2699,
frame_ms,0.234,
frame_ms,0.23,
frame_ms,0.234,
frame_ms,0.2308,
tick_us,131.1,4
frame_ms,0.5481,
frame_ms,0.2616,
frame_ms,0.2215,
frame_ms,0.2637,
frame_ms,0.2153,
frame_ms,0.213,
frame_ms,0.2169,
frame_ms,0.2585,
frame_ms,0.2571,
frame_ms,0.2238,
frame_ms,0.2101,
frame_ms,0.2497,
frame_ms,0.2296,
frame_ms,0.2097,
frame_ms,0.211,
frame_ms,0.2429,
frame_ms,0.2272,
frame_ms,0.2074,
frame_ms,0.2431,
frame_ms,0.2147,
frame_ms,0.2033,
frame_ms,0.2469,
frame_ms,0.3029,
frame_ms,0.3668,
frame_ms,0.3446,
frame_ms,0.3332,
tick_us,206.1,4
frame_ms,0.7441,
frame_ms,0.2585,
frame_ms,0.2213,
frame_ms,0.2123,
frame_ms,0.2134,
frame_ms,0.2125,
frame_ms,0.2462,
frame_ms,0.2632,
frame_ms,0.2276,
frame_ms,0.2057,
frame_ms,0.2276,
frame_ms,0.2482,
frame_ms,0.2116,
frame_ms,0.2177,
frame_ms,0.2156,
frame_ms,0.2627,
frame_ms,0.2286,
frame_ms,0.2072,
frame_ms,0.2359,
frame_ms,0.2187,
frame_ms,0.2003,
frame_ms,0.2447,
frame_ms,0.2207,
frame_ms,0.2032,
frame_ms,0.2307,
frame_ms,0.2127,
frame_ms,0.2027,
frame_ms,0.2568,
frame_ms,0.221,
tick_us,140.7,4
frame_ms,0.6703,
frame_ms,0.2875,
frame_ms,0.2317,
frame_ms,0.202,
frame_ms,0.2041,
frame_ms,0.2347,
frame_ms,0.2383,
frame_ms,0.2095,
frame_ms,0.2556,
frame_ms,0.2275,
frame_ms,0.2084,
frame_ms,0.2296,
frame_ms,0.304,
frame_ms,0.3218,
frame_ms,0.2609,
frame_ms,0.2233,
frame_ms,0.2194,
frame_ms,0.222,
frame_ms,0.2164,
frame_ms,0.2307,
frame_ms,0.2271,
frame_ms,0.2189,
frame_ms,0.2132,
frame_ms,0.2436,
frame_ms,0.2504,
frame_ms,0.217,
frame_ms,0.2073,
frame_ms,0.2585,
tick_us,137.5,2
frame_ms,0.5205,
frame_ms,0.2412,
frame_ms,0.2046,
frame_ms,0.2076,
frame_ms,0.2048,
frame_ms,0.1998,
frame_ms,0.2495,
frame_ms,0.2181,
frame_ms,0.2013,
frame_ms,0.2505,
frame_ms,0.2241,
frame_ms,0.2043,
frame_ms,0.2538,
frame_ms,0.216,
frame_ms,0.2028,
frame_ms,0.2475,
frame_ms,0.2196,
frame_ms,0.2014,
frame_ms,0.2421,
frame_ms,0.2555,
frame_ms,0.2239,
frame_ms,0.2122,
frame_ms,0.2122,
frame_ms,0.2474,
frame_ms,0.2484,
frame_ms,0.2138,
frame_ms,0.2076,
frame_ms,0.2605,
frame_ms,0.2197,
tick_us,120.1,2
frame_ms,0.4711,
frame_ms,0.2272,
frame_ms,0.2037,
frame_ms,0.2084,
frame_ms,0.2072,
frame_ms,0.2351,
frame_ms,0.2067,
frame_ms,0.4542,
frame_ms,0.3109,
frame_ms,0.2244,
frame_ms,0.216,
frame_ms,0.2067,
frame_ms,0.2059,
frame_ms,0.2388,
frame_ms,0.2075,
frame_ms,0.2069,
frame_ms,0.2533,
frame_ms,0.2513,
frame_ms,0.2229,
frame_ms,0.2104,
frame_ms,0.2444,
frame_ms,0.2162,
frame_ms,0.2025,
frame_ms,0.2581,
frame_ms,0.2241,
frame_ms,0.2016,
frame_ms,0.2344,
frame_ms,0.217,
frame_ms,0.216,
tick_us,132.6,2
frame_ms,0.5286,
frame_ms,0.2344,
frame_ms,0.2027,
frame_ms,0.2092,
frame_ms,0.2017,
frame_ms,0.277,
frame_ms,0.2066,
frame_ms,0.2396,
frame_ms,0.2249,
frame_ms,0.2027,
frame_ms,0.2346,
frame_ms,0.2133,
frame_ms,0.2285,
frame_ms,0.2032,
frame_ms,0.198,
frame_ms,0.2596,
frame_ms,0.2256,
frame_ms,0.2083,
frame_ms,0.2386,
frame_ms,0.2179,
frame_ms,0.2012,
frame_ms,0.2487,
frame_ms,0.2173,
frame_ms,0.2011,
frame_ms,0.289,
frame_ms,0.2617,
frame_ms,0.2286,
frame_ms,0.2311,
frame_ms,0.2221,
tick_us,139.6,2
frame_ms,0.5122,
frame_ms,0.2512,
frame_ms,0.2487,
frame_ms,0.21,
frame_ms,0.2155,
frame_ms,0.2056,
frame_ms,0.2254,
frame_ms,0.2327,
frame_ms,0.2161,
frame_ms,0.2047,
frame_ms,0.2503,
frame_ms,0.2182,
frame_ms,0.2133,
frame_ms,0.24,
frame_ms,0.3521,
frame_ms,0.2516,
frame_ms,0.2342,
frame_ms,0.208,
frame_ms,0.22,
frame_ms,0.2083,
frame_ms,0.2401,
frame_ms,0.2255,
frame_ms,0.213,
frame_ms,0.2129,
frame_ms,0.2395,
frame_ms,0.2179,
frame_ms,0.2029,
frame_ms,0.2499,
frame_ms,0.2167,
frame_ms,0.2028,
tick_us,136.2,2
frame_ms,0.5282,
frame_ms,0.2355,
frame_ms,0.2067,
frame_ms,0.2063,
frame_ms,0.1996,
frame_ms,0.2489,
frame_ms,0.2227,
frame_ms,0.2032,
frame_ms,0.2473,
frame_ms,0.2231,
frame_ms,0.2076,
frame_ms,0.2454,
frame_ms,0.2032,
frame_ms,0.1994,
frame_ms,0.2644,
frame_ms,0.2189,
frame_ms,0.2002,
frame_ms,0.2898,
frame_ms,0.2684,
frame_ms,0.2345,
frame_ms,0.2184,
frame_ms,0.2223,
frame_ms,0.2168,
frame_ms,0.2344,
frame_ms,0.2388,
frame_ms,0.2581,
frame_ms,0.2345,
frame_ms,0.2082,
frame_ms,0.211,
tick_us,126,2
frame_ms,0.524,
frame_ms,0.2373,
frame_ms,0.2055,
frame_ms,0.2075,
frame_ms,0.206,
frame_ms,0.2127,
frame_ms,0.252,
frame_ms,0.2301,
frame_ms,0.2203,
frame_ms,0.2142,
frame_ms,0.2474,
frame_ms,0.2508,
frame_ms,0.2351,
frame_ms,0.2147,
frame_ms,0.2064,
frame_ms,0.2611,
frame_ms,0.2204,
frame_ms,0.2077,
frame_ms,0.2363,
frame_ms,0.2186,
frame_ms,0.2019,
frame_ms,0.2318,
frame_ms,0.2816,
frame_ms,0.3728,
frame_ms,0.2934,
frame_ms,0.2633,
frame_ms,0.2457,
frame_ms,0.2244,
tick_us,136.1,2
frame_ms,0.5083,
frame_ms,0.2279,
frame_ms,0.2112,
frame_ms,0.2168,
frame_ms,0.2208,
frame_ms,0.2068,
frame_ms,0.254,
frame_ms,0.251,
frame_ms,0.2238,
frame_ms,0.2182,
frame_ms,0.2272,
frame_ms,0.2514,
frame_ms,0.2298,
frame_ms,0.2137,
frame_ms,0.2444,
frame_ms,0.2185,
frame_ms,0.2095,
frame_ms,1.237,
frame_ms,0.2322,
frame_ms,0.2091,
frame_ms,0.2479,
frame_ms,0.219,
frame_ms,0.2358,
frame_ms,0.2048,
frame_ms,0.256,
tick_us,136.2,2
frame_ms,0.5194,
frame_ms,0.2215,
frame_ms,0.201,
frame_ms,0.2071,
frame_ms,0.2006,
frame_ms,0.242,
frame_ms,0.2218,
frame_ms,0.2143,
frame_ms,0.2617,
frame_ms,0.2205,
frame_ms,0.2037,
frame_ms,0.2398,
frame_ms,0.211,
frame_ms,0.2018,
frame_ms,0.2529,
frame_ms,0.2241,
frame_ms,0.2019,
frame_ms,0.2327,
frame_ms,0.2226,
frame_ms,0.2084,
frame_ms,0.233,
frame_ms,0.2124,
frame_ms,0.1996,
frame_ms,0.2524,
frame_ms,0.2248,
frame_ms,0.2086,
frame_ms,0.2353,
frame_ms,0.2045,
frame_ms,0.1983,
frame_ms,0.2775,
tick_us,133,2
frame_ms,0.5552,
frame_ms,0.232,
frame_ms,0.2086,
frame_ms,0.2095,
frame_ms,0.2075,
frame_ms,0.2222,
frame_ms,0.2247,
frame_ms,0.2118,
frame_ms,0.2007,
frame_ms,0.2717,
frame_ms,0.2716,
frame_ms,0.2342,
frame_ms,0.2245,
frame_ms,0.2336,
frame_ms,0.2201,
frame_ms,0.218,
frame_ms,0.2455,
frame_ms,0.2496,
frame_ms,0.2172,
frame_ms,0.2059,
frame_ms,0.2373,
frame_ms,0.2213,
frame_ms,0.2067,
frame_ms,0.2505,
frame_ms,0.2633,
frame_ms,0.2369,
frame_ms,0.2257,
frame_ms,0.2148,
frame_ms,0.2148,
tick_us,139.8,2
frame_ms,0.5238,
frame_ms,0.2468,
frame_ms,0.2108,
frame_ms,0.2169,
frame_ms,0.2075,
frame_ms,0.2075,
frame_ms,0.3454,
frame_ms,0.398,
frame_ms,0.2899,
frame_ms,0.2496,
frame_ms,0.2197,
frame_ms,0.214,
frame_ms,0.2071,
frame_ms,0.214,
frame_ms,0.2364,
frame_ms,0.2228,
frame_ms,0.2066,
frame_ms,0.2406,
frame_ms,0.3181,
frame_ms,0.3911,
frame_ms,0.3382,
frame_ms,0.3379,
frame_ms,0.3612,
frame_ms,0.2403,
frame_ms,0.2084,
tick_us,132.2,2
frame_ms,0.487,
frame_ms,0.222,
frame_ms,0.2012,
frame_ms,0.2116,
frame_ms,0.2136,
frame_ms,0.2073,
frame_ms,0.2453,
frame_ms,0.3877,
frame_ms,0.3869,
frame_ms,0.3451,
frame_ms,0.3361,
frame_ms,0.3501,
frame_ms,0.339,
frame_ms,0.3376,
frame_ms,0.3735,
frame_ms,0.3387,
frame_ms,0.3546,
frame_ms,0.3288,
frame_ms,0.3285,
frame_ms,0.3446,
frame_ms,0.236,
frame_ms,0.2121,
frame_ms,0.2184,
tick_us,129.6,2
frame_ms,0.4889,
frame_ms,0.2189,
frame_ms,0.2129,
frame_ms,0.215,
frame_ms,0.2048,
frame_ms,0.2078,
frame_ms,0.2405,
frame_ms,0.2305,
frame_ms,0.2159,
frame_ms,0.2258,
frame_ms,0.233,
frame_ms,0.2388,
frame_ms,0.2131,
frame_ms,0.2128,
frame_ms,0.2679,
frame_ms,0.2299,
frame_ms,0.2181,
frame_ms,0.2557,
frame_ms,0.2275,
frame_ms,0.2143,
frame_ms,0.2568,
frame_ms,0.2278,
frame_ms,0.2109,
frame_ms,0.2611,
frame_ms,0.2725,
frame_ms,0.2442,
frame_ms,0.2201,
frame_ms,0.2321,
frame_ms,0.2221,
tick_us,140,2
frame_ms,0.5092,
frame_ms,0.2226,
frame_ms,0.2059,
frame_ms,0.2122,
frame_ms,0.2077,
frame_ms,0.2359,
frame_ms,0.2235,
frame_ms,0.2097,
frame_ms,0.2547,
frame_ms,0.2816,
frame_ms,0.2297,
frame_ms,0.2288,
frame_ms,0.2149,
frame_ms,0.2159,
frame_ms,0.2429,
frame_ms,0.5078,
frame_ms,0.303,
frame_ms,0.2473,
frame_ms,0.2164,
frame_ms,0.2161,
frame_ms,0.2151,
frame_ms,0.2139,
frame_ms,0.6971,
frame_ms,0.2378,
frame_ms,0.2514,
frame_ms,0.2113,
tick_us,145.2,2
frame_ms,0.5364,
frame_ms,0.2339,
frame_ms,0.2116,
frame_ms,0.215,
frame_ms,0.2158,
frame_ms,0.2372,
frame_ms,0.2283,
frame_ms,0.2142,
frame_ms,0.2581,
frame_ms,0.2326,
frame_ms,0.2119,
frame_ms,0.268,
frame_ms,0.2331,
frame_ms,0.2169,
frame_ms,0.2521,
frame_ms,0.2296,
frame_ms,0.2284,
frame_ms,0.2272,
frame_ms,0.2159,
frame_ms,0.2248,
frame_ms,0.2315,
frame_ms,0.2246,
frame_ms,0.2234,
frame_ms,0.2065,
frame_ms,0.2572,
frame_ms,0.2251,
frame_ms,0.2045,
frame_ms,0.2444,
frame_ms,0.2247,
tick_us,139.4,2
frame_ms,0.5073,
frame_ms,0.2936,
frame_ms,0.2787,
frame_ms,0.2698,
frame_ms,0.2216,
frame_ms,0.2315,
frame_ms,0.216,
frame_ms,0.2326,
frame_ms,0.2226,
frame_ms,0.2125,
frame_ms,0.4201,
frame_ms,0.4149,
frame_ms,0.339,
frame_ms,0.3423,
frame_ms,0.3404,
frame_ms,0.5434,
frame_ms,0.2893,
frame_ms,0.2352,
frame_ms,0.2365,
frame_ms,0.2226,
frame_ms,0.2143,
frame_ms,0.209,
frame_ms,0.2094,
frame_ms,0.2631,
tick_us,138.4,2
frame_ms,0.517,
frame_ms,0.2414,
frame_ms,0.2137,
frame_ms,0.2899,
frame_ms,0.2288,
frame_ms,0.2253,
frame_ms,0.2156,
frame_ms,0.2146,
frame_ms,0.2301,
frame_ms,0.2186,
frame_ms,0.2382,
frame_ms,0.2181,
frame_ms,0.214,
frame_ms,0.2572,
frame_ms,0.2204,
frame_ms,0.2324,
frame_ms,0.2236,
frame_ms,0.2113,
frame_ms,0.2342,
frame_ms,0.2159,
frame_ms,0.2336,
frame_ms,0.2302,
frame_ms,0.2074,
frame_ms,0.2504,
frame_ms,0.3266,
frame_ms,0.2201,
frame_ms,0.2194,
frame_ms,0.2034,
tick_us,139.3,2
frame_ms,0.5614,
frame_ms,0.2339,
frame_ms,0.2069,
frame_ms,0.2162,
frame_ms,0.2125,
frame_ms,0.2844,
frame_ms,0.2377,
frame_ms,0.2222,
frame_ms,0.2383,
frame_ms,0.2225,
frame_ms,0.214,
frame_ms,0.2135,
frame_ms,0.2353,
frame_ms,0.2192,
frame_ms,0.2094,
frame_ms,0.2762,
frame_ms,0.3164,
frame_ms,0.219,
frame_ms,0.2208,
frame_ms,0.2101,
frame_ms,0.2044,
frame_ms,0.2452,
frame_ms,0.2184,
frame_ms,0.2069,
frame_ms,0.2483,
frame_ms,0.2212,
frame_ms,0.2102,
frame_ms,0.2403,
frame_ms,0.2559,
tick_us,148.8,2
frame_ms,1.0892,
frame_ms,0.2493,
frame_ms,0.4271,
frame_ms,0.2931,
frame_ms,0.236,
frame_ms,0.3275,
frame_ms,0.2466,
frame_ms,0.3118,
frame_ms,0.2549,
frame_ms,0.2332,
frame_ms,0.2325,
frame_ms,0.2248,
frame_ms,0.3907,
frame_ms,0.3161,
frame_ms,0.2415,
frame_ms,0.2766,
frame_ms,0.2317,
frame_ms,0.2236,
frame_ms,0.2255,
frame_ms,0.2168,
frame_ms,0.2413,
frame_ms,0.2468,
frame_ms,0.221,
tick_us,149.5,2
frame_ms,0.619,
frame_ms,0.3042,
frame_ms,0.2345,
frame_ms,0.2256,
frame_ms,0.2246,
frame_ms,0.218,
frame_ms,0.2184,
frame_ms,0.2536,
frame_ms,0.2644,
frame_ms,0.2315,
frame_ms,0.2143,
frame_ms,0.2158,
frame_ms,0.2944,
frame_ms,0.2841,
frame_ms,0.248,
frame_ms,0.2298,
frame_ms,0.2172,
frame_ms,0.2149,
frame_ms,0.2431,
frame_ms,0.2187,
frame_ms,0.219,
frame_ms,0.2409,
frame_ms,0.2111,
frame_ms,0.2144,
frame_ms,0.2422,
frame_ms,0.2143,
frame_ms,0.2355,
frame_ms,0.2292,
tick_us,151.9,2
frame_ms,0.5377,
frame_ms,0.2315,
frame_ms,0.2092,
frame_ms,0.2141,
frame_ms,0.2085,
frame_ms,0.2487,
frame_ms,0.2262,
frame_ms,0.2192,
frame_ms,0.2549,
frame_ms,0.2305,
frame_ms,0.2128,
frame_ms,0.2282,
frame_ms,0.2165,
frame_ms,0.2131,
frame_ms,0.2059,
frame_ms,0.2561,
frame_ms,0.2328,
frame_ms,0.2079,
frame_ms,0.2767,
frame_ms,0.2375,
frame_ms,0.2117,
frame_ms,0.2113,
frame_ms,0.2398,
frame_ms,0.2266,
frame_ms,0.2063,
frame_ms,0.2469,
frame_ms,0.226,
frame_ms,0.2072,
frame_ms,0.2527,
tick_us,135.6,2
frame_ms,0.5114,
frame_ms,0.2353,
frame_ms,0.201,
frame_ms,0.2068,
frame_ms,0.211,
frame_ms,0.2344,
frame_ms,0.2733,
frame_ms,0.2718,
frame_ms,0.2258,
frame_ms,0.2104,
frame_ms,0.2098,
frame_ms,0.2907,
frame_ms,0.2813,
frame_ms,0.2402,
frame_ms,0.2167,
frame_ms,0.2117,
frame_ms,0.2347,
frame_ms,0.2174,
frame_ms,0.2049,
frame_ms,0.2578,
frame_ms,0.2232,
frame_ms,0.2076,
frame_ms,0.24,
frame_ms,0.215,
frame_ms,0.2196,
frame_ms,0.2227,
frame_ms,0.2575,
frame_ms,0.2188,
frame_ms,0.2149,
tick_us,122.1,2
frame_ms,0.5125,
frame_ms,0.2885,
frame_ms,0.2289,
frame_ms,0.2085,
frame_ms,0.214,
frame_ms,0.2054,
frame_ms,0.2377,
frame_ms,0.2318,
frame_ms,0.2118,
frame_ms,0.3542,
frame_ms,0.2826,
frame_ms,0.2626,
frame_ms,0.2271,
frame_ms,0.2152,
frame_ms,0.5681,
frame_ms,0.3887,
frame_ms,0.2933,
frame_ms,0.2705,
frame_ms,0.2138,
frame_ms,0.2154,
frame_ms,0.2106,
frame_ms,0.2455,
frame_ms,0.2757,
frame_ms,0.2352,
frame_ms,0.2686,
tick_us,141.2,4
frame_ms,0.5365,
frame_ms,0.2392,
frame_ms,0.8604,
frame_ms,0.287,
frame_ms,0.2299,
frame_ms,0.2338,
frame_ms,0.2246,
frame_ms,0.2868,
frame_ms,0.585,
frame_ms,0.252,
frame_ms,0.2205,
frame_ms,0.2243,
frame_ms,0.2715,
frame_ms,0.2369,
frame_ms,0.2271,
frame_ms,0.2172,
frame_ms,0.2171,
frame_ms,0.4649,
frame_ms,0.3513,
frame_ms,0.3643,
frame_ms,0.2719,
frame_ms,0.218,
tick_us,140.8,6
frame_ms,0.5239,
frame_ms,0.2462,
frame_ms,0.2204,
frame_ms,0.2225,
frame_ms,0.2189,
frame_ms,0.2358,
frame_ms,0.2961,
frame_ms,0.2366,
frame_ms,0.222,
frame_ms,0.2433,
frame_ms,0.4281,
frame_ms,0.332,
frame_ms,0.2579,
frame_ms,0.2378,
frame_ms,0.2445,
frame_ms,0.2385,
frame_ms,0.2367,
frame_ms,0.2791,
frame_ms,0.3252,
frame_ms,0.2452,
frame_ms,0.2261,
frame_ms,0.2243,
frame_ms,0.2445,
frame_ms,0.2808,
frame_ms,0.2317,
frame_ms,0.2769,
tick_us,143,8
frame_ms,0.5243,
frame_ms,0.245,
frame_ms,0.3979,
frame_ms,0.3796,
frame_ms,0.3498,
frame_ms,0.3504,
frame_ms,0.4178,
frame_ms,0.5609,
frame_ms,0.2783,
frame_ms,0.2208,
frame_ms,0.2256,
frame_ms,0.2208,
frame_ms,0.2188,
frame_ms,0.2137,
frame_ms,0.2482,
frame_ms,0.2264,
frame_ms,0.2153,
frame_ms,0.2181,
frame_ms,0.2499,
frame_ms,0.2305,
frame_ms,0.2184,
frame_ms,0.2196,
frame_ms,0.2382,
frame_ms,0.2208,
tick_us,138.5,8
frame_ms,0.5088,
frame_ms,0.2405,
frame_ms,0.209,
frame_ms,0.215,
frame_ms,0.209,
frame_ms,0.2154,
frame_ms,0.2328,
frame_ms,0.2065,
frame_ms,0.2368,
frame_ms,0.2239,
frame_ms,0.2159,
frame_ms,0.2376,
frame_ms,0.2433,
frame_ms,0.3503,
frame_ms,0.2604,
frame_ms,0.3565,
frame_ms,0.2444,
frame_ms,0.2255,
frame_ms,0.2238,
frame_ms,0.2205,
frame_ms,0.2206,
frame_ms,0.2334,
frame_ms,0.2137,
frame_ms,0.3156,
frame_ms,0.3152,
frame_ms,0.307,
frame_ms,0.4451,
tick_us,131.3,8
frame_ms,0.5284,
frame_ms,0.2351,
frame_ms,0.2195,
frame_ms,0.219,
frame_ms,0.2112,
frame_ms,0.2383,
frame_ms,0.2327,
frame_ms,0.2159,
frame_ms,0.2439,
frame_ms,0.4468,
frame_ms,0.3342,
frame_ms,0.4129,
frame_ms,0.5066,
frame_ms,0.2836,
frame_ms,0.2261,
frame_ms,0.2417,
frame_ms,0.2264,
frame_ms,0.4037,
frame_ms,0.4004,
frame_ms,0.2762,
frame_ms,0.2302,
frame_ms,0.2621,
frame_ms,0.2226,
tick_us,143.6,8
frame_ms,0.5204,
frame_ms,0.2454,
frame_ms,0.2215,
frame_ms,0.3829,
frame_ms,0.347,
frame_ms,0.303,
frame_ms,0.3654,
frame_ms,0.3488,
frame_ms,0.3942,
frame_ms,0.2773,
frame_ms,0.2233,
frame_ms,0.2251,
frame_ms,0.3849,
frame_ms,0.2578,
frame_ms,0.22,
frame_ms,0.2635,
frame_ms,0.3155,
frame_ms,0.2463,
frame_ms,0.2325,
frame_ms,0.2784,
frame_ms,0.2402,
frame_ms,0.2264,
frame_ms,0.2176,
frame_ms,0.2218,
tick_us,142.1,8
frame_ms,0.5254,
frame_ms,0.2572,
frame_ms,0.2247,
frame_ms,0.2155,
frame_ms,0.2141,
frame_ms,0.2933,
frame_ms,0.2918,
frame_ms,0.3294,
frame_ms,0.2552,
frame_ms,0.2179,
frame_ms,0.2096,
frame_ms,0.2095,
frame_ms,0.239,
frame_ms,0.2244,
frame_ms,0.214,
frame_ms,0.5171,
frame_ms,0.4708,
frame_ms,0.3356,
frame_ms,0.3502,
frame_ms,0.3485,
frame_ms,0.419,
frame_ms,0.3485,
frame_ms,0.2979,
tick_us,128.3,6
frame_ms,0.5421,
frame_ms,0.3387,
frame_ms,0.3434,
frame_ms,0.2709,
frame_ms,0.2516,
frame_ms,0.2696,
frame_ms,0.2304,
frame_ms,0.2218,
frame_ms,0.2583,
frame_ms,0.285,
frame_ms,0.2834,
frame_ms,0.2406,
frame_ms,0.2442,
frame_ms,0.2209,
frame_ms,0.2407,
frame_ms,0.2316,
frame_ms,0.3521,
frame_ms,0.3369,
frame_ms,0.2325,
frame_ms,0.4247,
frame_ms,0.3097,
frame_ms,0.2427,
frame_ms,0.302,
frame_ms,0.2961,
tick_us,143.6,8
frame_ms,0.5417,
frame_ms,0.2656,
frame_ms,0.2601,
frame_ms,0.2688,
frame_ms,0.2256,
frame_ms,0.2187,
frame_ms,0.2146,
frame_ms,0.2706,
frame_ms,0.2399,
frame_ms,1.1,
frame_ms,0.311,
frame_ms,0.2777,
frame_ms,0.2495,
frame_ms,0.4484,
frame_ms,0.2474,
frame_ms,0.2142,
frame_ms,0.2176,
frame_ms,0.2158,
frame_ms,0.2143,
frame_ms,0.243,
frame_ms,0.223,
frame_ms,0.2392,
frame_ms,0.2201,
tick_us,147.1,8
frame_ms,0.5956,
frame_ms,0.2564,
frame_ms,0.2115,
frame_ms,0.2152,
frame_ms,0.2428,
frame_ms,0.2841,
frame_ms,0.2379,
frame_ms,0.2758,
frame_ms,0.2298,
frame_ms,0.2173,
frame_ms,0.216,
frame_ms,0.2542,
frame_ms,0.2693,
frame_ms,0.2341,
frame_ms,0.2174,
frame_ms,0.2262,
frame_ms,0.2777,
frame_ms,0.3269,
frame_ms,0.4731,
frame_ms,0.3139,
frame_ms,0.2232,
frame_ms,0.2179,
frame_ms,0.2215,
frame_ms,0.214,
frame_ms,0.2132,
frame_ms,0.2455,
tick_us,141.1,8
frame_ms,0.5172,
frame_ms,0.2961,
frame_ms,0.2398,
frame_ms,0.2337,
frame_ms,0.2749,
frame_ms,0.2388,
frame_ms,0.2209,
frame_ms,0.2969,
frame_ms,0.299,
frame_ms,0.2819,
frame_ms,0.3358,
frame_ms,0.2431,
frame_ms,0.2146,
frame_ms,0.2227,
frame_ms,0.2636,
frame_ms,0.2703,
frame_ms,0.2298,
frame_ms,0.2198,
frame_ms,0.4975,
frame_ms,0.4341,
frame_ms,0.6025,
frame_ms,0.4986,
tick_us,142.8,8
frame_ms,0.5772,
frame_ms,0.3529,
frame_ms,0.2763,
frame_ms,0.3642,
frame_ms,0.2879,
frame_ms,0.2408,
frame_ms,0.223,
frame_ms,0.2396,
frame_ms,0.23,
frame_ms,0.2327,
frame_ms,0.2421,
frame_ms,0.2218,
frame_ms,0.2348,
frame_ms,0.2217,
frame_ms,0.2214,
frame_ms,0.4579,
frame_ms,0.2724,
frame_ms,0.2375,
frame_ms,0.2349,
frame_ms,0.2403,
frame_ms,0.2139,
frame_ms,0.2618,
frame_ms,0.4545,
frame_ms,0.3605,
tick_us,174.5,8
frame_ms,0.7084,
frame_ms,0.273,
frame_ms,0.2274,
frame_ms,0.2221,
frame_ms,0.2158,
frame_ms,0.233,
frame_ms,0.2136,
frame_ms,0.2407,
frame_ms,0.2233,
frame_ms,0.2149,
frame_ms,0.2343,
frame_ms,0.213,
frame_ms,0.2628,
frame_ms,0.2422,
frame_ms,0.2117,
frame_ms,0.2043,
frame_ms,0.4412,
frame_ms,0.3712,
frame_ms,0.3324,
frame_ms,0.3305,
frame_ms,0.3494,
frame_ms,0.4352,
frame_ms,0.263,
frame_ms,0.3151,
tick_us,152.5,8
frame_ms,0.6378,
frame_ms,0.2645,
frame_ms,0.2292,
frame_ms,0.2632,
frame_ms,0.3055,
frame_ms,0.2414,
frame_ms,0.22,
frame_ms,0.2146,
frame_ms,0.2125,
frame_ms,0.267,
frame_ms,0.3092,
frame_ms,0.401,
frame_ms,0.259,
frame_ms,0.2246,
frame_ms,0.2158,
frame_ms,0.2733,
frame_ms,0.2816,
frame_ms,0.2429,
frame_ms,0.2319,
frame_ms,0.2228,
frame_ms,0.6065,
frame_ms,0.3485,
frame_ms,0.2242,
frame_ms,0.2227,
tick_us,140.1,8
frame_ms,0.5373,
frame_ms,0.3593,
frame_ms,0.2715,
frame_ms,0.2283,
frame_ms,0.2234,
frame_ms,0.2192,
frame_ms,0.2159,
frame_ms,0.2146,
frame_ms,0.2319,
frame_ms,0.2338,
frame_ms,0.2206,
frame_ms,0.2631,
frame_ms,0.2644,
frame_ms,0.2312,
frame_ms,0.2388,
frame_ms,0.2187,
frame_ms,0.2481,
frame_ms,0.2276,
frame_ms,0.2181,
frame_ms,0.282,
frame_ms,0.2716,
frame_ms,0.3153,
frame_ms,0.2804,
frame_ms,0.2314,
frame_ms,0.2354,
frame_ms,0.4227,
tick_us,160.8,8
frame_ms,0.6862,
frame_ms,0.276,
frame_ms,0.3792,
frame_ms,0.4367,
frame_ms,0.2631,
frame_ms,0.2181,
frame_ms,0.2419,
frame_ms,0.2175,
frame_ms,0.2218,
frame_ms,0.2323,
frame_ms,0.2145,
frame_ms,0.2573,
frame_ms,0.2299,
frame_ms,0.2138,
frame_ms,0.248,
frame_ms,0.2607,
frame_ms,0.2471,
frame_ms,0.228,
frame_ms,0.2932,
frame_ms,0.2354,
frame_ms,0.2315,
frame_ms,0.2536,
frame_ms,0.2535,
frame_ms,0.359,
frame_ms,0.3332,
tick_us,143.9,8
frame_ms,0.5162,
frame_ms,0.2323,
frame_ms,0.2102,
frame_ms,0.2187,
frame_ms,0.2102,
frame_ms,0.2696,
frame_ms,0.2981,
frame_ms,0.2552,
frame_ms,0.2847,
frame_ms,0.2656,
frame_ms,0.2446,
frame_ms,0.2412,
frame_ms,0.2373,
frame_ms,0.2436,
frame_ms,0.315,
frame_ms,0.4,
frame_ms,0.2801,
frame_ms,0.2286,
frame_ms,0.2187,
frame_ms,0.2745,
frame_ms,0.2314,
frame_ms,0.2262,
frame_ms,0.2138,
frame_ms,0.2609,
frame_ms,0.2369,
frame_ms,0.3054,
tick_us,142.9,10
frame_ms,0.649,
frame_ms,0.3029,
frame_ms,0.2705,
frame_ms,0.2172,
frame_ms,0.2169,
frame_ms,0.211,
frame_ms,0.2085,
frame_ms,0.5002,
frame_ms,0.3447,
frame_ms,0.2852,
frame_ms,0.3374,
frame_ms,0.3711,
frame_ms,0.3856,
frame_ms,0.3571,
frame_ms,0.3507,
frame_ms,0.3524,
frame_ms,0.354,
frame_ms,0.3373,
frame_ms,0.3386,
frame_ms,0.3712,
tick_us,137,10
frame_ms,0.754,
frame_ms,0.2637,
frame_ms,0.2241,
frame_ms,0.24,
frame_ms,0.2807,
frame_ms,0.2571,
frame_ms,0.2262,
frame_ms,0.2225,
frame_ms,0.2698,
frame_ms,0.2347,
frame_ms,0.2174,
frame_ms,0.2502,
frame_ms,0.2229,
frame_ms,0.2112,
frame_ms,0.2178,
frame_ms,0.302,
frame_ms,0.2444,
frame_ms,0.2206,
frame_ms,0.275,
frame_ms,0.2668,
frame_ms,1.0329,
frame_ms,0.2218,
frame_ms,0.2179,
tick_us,146.4,10
frame_ms,0.7069,
frame_ms,0.2666,
frame_ms,0.2219,
frame_ms,0.215,
frame_ms,0.2075,
frame_ms,0.2085,
frame_ms,0.2487,
frame_ms,0.2533,
frame_ms,0.2193,
frame_ms,0.2158,
frame_ms,0.2426,
frame_ms,0.2242,
frame_ms,0.2089,
frame_ms,0.2372,
frame_ms,0.2299,
frame_ms,0.2394,
frame_ms,0.2347,
frame_ms,0.2401,
frame_ms,0.2935,
frame_ms,0.2355,
frame_ms,0.2206,
frame_ms,0.2132,
frame_ms,0.2699,
frame_ms,0.2643,
frame_ms,0.2226,
frame_ms,0.2178,
frame_ms,0.2139,
frame_ms,0.241,
frame_ms,0.2261,
tick_us,142.4,10
frame_ms,0.5116,
frame_ms,0.2309,
frame_ms,0.2069,
frame_ms,0.211,
frame_ms,0.2122,
frame_ms,0.22,
frame_ms,0.2401,
frame_ms,0.2203,
frame_ms,0.2067,
frame_ms,0.2479,
frame_ms,0.2211,
frame_ms,0.2104,
frame_ms,0.2399,
frame_ms,0.2254,
frame_ms,0.2116,
frame_ms,0.2085,
frame_ms,0.2412,
frame_ms,0.2237,
frame_ms,0.2118,
frame_ms,0.2345,
frame_ms,0.2132,
frame_ms,0.2192,
frame_ms,0.2456,
frame_ms,0.2779,
frame_ms,0.2347,
frame_ms,0.2233,
frame_ms,0.2213,
frame_ms,0.2166,
frame_ms,0.2529,
tick_us,140.6,10
frame_ms,0.5457,
frame_ms,0.2373,
frame_ms,0.2098,
frame_ms,0.2135,
frame_ms,0.2089,
frame_ms,0.2064,
frame_ms,0.2444,
frame_ms,0.2505,
frame_ms,0.2584,
frame_ms,0.2258,
frame_ms,0.211,
frame_ms,0.238,
frame_ms,0.2107,
frame_ms,0.2063,
frame_ms,0.2526,
frame_ms,0.243,
frame_ms,0.2162,
frame_ms,0.2107,
frame_ms,0.243,
frame_ms,0.2272,
frame_ms,0.2097,
frame_ms,0.2348,
frame_ms,0.2084,
frame_ms,0.518,
frame_ms,0.4232,
frame_ms,0.262,
frame_ms,0.2196,
tick_us,156,8
frame_ms,0.7376,
frame_ms,0.2386,
frame_ms,0.2154,
frame_ms,0.2129,
frame_ms,0.2101,
frame_ms,0.2078,
frame_ms,0.2421,
frame_ms,0.2626,
frame_ms,0.224,
frame_ms,0.2059,
frame_ms,0.2452,
frame_ms,0.22,
frame_ms,0.2093,
frame_ms,0.2395,
frame_ms,0.2183,
frame_ms,0.2021,
frame_ms,0.2347,
frame_ms,0.2204,
frame_ms,0.2005,
frame_ms,0.2362,
frame_ms,0.2342,
frame_ms,0.2044,
frame_ms,0.2528,
frame_ms,0.2243,
frame_ms,0.2114,
frame_ms,0.2384,
frame_ms,0.2127,
frame_ms,0.2025,
frame_ms,0.255,
tick_us,131.7,8
frame_ms,0.5076,
frame_ms,0.2202,
frame_ms,0.2013,
frame_ms,0.2033,
frame_ms,0.203,
frame_ms,0.258,
frame_ms,0.2133,
frame_ms,0.2602,
frame_ms,0.2183,
frame_ms,0.2036,
frame_ms,0.2494,
frame_ms,0.4444,
frame_ms,0.3597,
frame_ms,0.3463,
frame_ms,0.3375,
frame_ms,0.3361,
frame_ms,0.3328,
frame_ms,0.2452,
frame_ms,0.2096,
frame_ms,0.2145,
frame_ms,0.2047,
frame_ms,0.2273,
frame_ms,0.2134,
frame_ms,0.2044,
frame_ms,0.2422,
frame_ms,0.2184,
tick_us,132.9,6
frame_ms,1.0654,
frame_ms,0.5169,
frame_ms,0.2448,
frame_ms,0.2062,
frame_ms,0.2054,
frame_ms,0.2056,
frame_ms,0.2439,
frame_ms,0.2219,
frame_ms,0.2099,
frame_ms,0.2415,
frame_ms,0.2191,
frame_ms,0.2026,
frame_ms,0.2352,
frame_ms,0.219,
frame_ms,0.2127,
frame_ms,0.2494,
frame_ms,0.2211,
frame_ms,0.202,
frame_ms,0.2433,
frame_ms,0.2161,
frame_ms,0.2022,
frame_ms,0.244,
frame_ms,0.3081,
frame_ms,0.3843,
frame_ms,0.3399,
tick_us,153,6
frame_ms,0.6344,
frame_ms,0.3188,
frame_ms,0.2572,
frame_ms,0.2097,
frame_ms,0.21,
frame_ms,0.2125,
frame_ms,0.2081,
frame_ms,0.2417,
frame_ms,0.2115,
frame_ms,0.202,
frame_ms,0.2421,
frame_ms,0.2245,
frame_ms,0.2245,
frame_ms,0.2118,
frame_ms,0.2841,
frame_ms,0.2222,
frame_ms,0.2024,
frame_ms,0.2302,
frame_ms,0.2108,
frame_ms,0.1997,
frame_ms,0.2564,
frame_ms,0.3183,
frame_ms,0.4204,
frame_ms,0.3502,
frame_ms,0.255,
frame_ms,0.2215,
tick_us,134.5,6
frame_ms,0.5092,
frame_ms,0.2407,
frame_ms,0.2137,
frame_ms,0.23,
frame_ms,0.223,
frame_ms,0.2181,
frame_ms,0.2132,
frame_ms,0.339,
frame_ms,0.3131,
frame_ms,0.2594,
frame_ms,0.2271,
frame_ms,0.223,
frame_ms,0.2174,
frame_ms,0.2132,
frame_ms,0.2443,
frame_ms,0.2256,
frame_ms,0.2093,
frame_ms,0.2447,
frame_ms,0.2806,
frame_ms,0.2322,
frame_ms,0.3562,
frame_ms,0.2433,
frame_ms,0.2248,
frame_ms,0.2218,
frame_ms,0.2147,
frame_ms,0.2098,
frame_ms,0.2444,
frame_ms,0.2166,
tick_us,141.3,6
frame_ms,0.5182,
frame_ms,0.2429,
frame_ms,0.2098,
frame_ms,0.2154,
frame_ms,0.2135,
frame_ms,0.2097,
frame_ms,0.2298,
frame_ms,0.2121,
frame_ms,0.2265,
frame_ms,0.265,
frame_ms,0.2244,
frame_ms,0.2426,
frame_ms,0.2169,
frame_ms,0.2081,
frame_ms,0.2256,
frame_ms,0.2135,
frame_ms,0.2162,
frame_ms,0.2422,
frame_ms,0.2296,
frame_ms,0.2181,
frame_ms,0.2925,
frame_ms,0.2287,
frame_ms,0.2091,
frame_ms,0.2019,
frame_ms,0.2607,
frame_ms,0.2379,
frame_ms,0.2137,
frame_ms,0.2229,
frame_ms,0.2289,
tick_us,142.6,6
frame_ms,0.5222,
frame_ms,0.2293,
frame_ms,0.208,
frame_ms,0.2062,
frame_ms,0.2229,
frame_ms,0.2052,
frame_ms,0.4285,
frame_ms,0.2676,
frame_ms,0.3504,
frame_ms,0.2641,
frame_ms,0.2185,
frame_ms,0.2234,
frame_ms,0.389,
frame_ms,0.5836,
frame_ms,0.2904,
frame_ms,0.2599,
frame_ms,0.286,
frame_ms,0.231,
frame_ms,0.2187,
frame_ms,0.2187,
frame_ms,0.2361,
frame_ms,0.2979,
frame_ms,0.2352,
frame_ms,0.2159,
frame_ms,0.2697,
tick_us,141.7,6
frame_ms,0.5285,
frame_ms,0.237,
frame_ms,0.2083,
frame_ms,0.363,
frame_ms,0.3613,
frame_ms,0.2759,
frame_ms,0.3455,
frame_ms,0.3182,
frame_ms,0.2478,
frame_ms,0.3956,
frame_ms,0.2767,
frame_ms,0.2283,
frame_ms,0.2202,
frame_ms,0.2309,
frame_ms,0.2141,
frame_ms,0.21,
frame_ms,0.2725,
frame_ms,0.2291,
frame_ms,0.2478,
frame_ms,0.2363,
frame_ms,0.2221,
frame_ms,0.2239,
frame_ms,0.2378,
frame_ms,0.2112,
frame_ms,0.2061,
frame_ms,0.2597,
tick_us,144.4,6
frame_ms,0.5329,
frame_ms,0.2742,
frame_ms,0.2221,
frame_ms,0.222,
frame_ms,0.211,
frame_ms,0.2104,
frame_ms,0.2776,
frame_ms,0.2415,
frame_ms,0.2176,
frame_ms,0.3109,
frame_ms,0.2649,
frame_ms,0.2347,
frame_ms,0.2247,
frame_ms,0.3881,
frame_ms,0.2719,
frame_ms,0.3608,
frame_ms,0.2743,
frame_ms,0.2225,
frame_ms,0.2716,
frame_ms,0.2343,
frame_ms,0.2235,
frame_ms,0.2145,
frame_ms,0.2133,
frame_ms,0.2669,
frame_ms,0.3872,
tick_us,169.1,6
frame_ms,0.7195,
frame_ms,0.3306,
frame_ms,0.3766,
frame_ms,0.2821,
frame_ms,0.2637,
frame_ms,0.2175,
frame_ms,0.221,
frame_ms,0.2142,
frame_ms,0.2132,
frame_ms,0.2658,
frame_ms,0.2751,
frame_ms,0.5287,
frame_ms,0.2703,
frame_ms,0.2337,
frame_ms,0.3197,
frame_ms,0.3621,
frame_ms,0.3543,
frame_ms,0.273,
frame_ms,0.2554,
frame_ms,0.3793,
frame_ms,0.3553,
frame_ms,0.3467,
tick_us,140,6
frame_ms,0.5818,
frame_ms,0.2417,
frame_ms,0.2789,
frame_ms,0.2177,
frame_ms,0.217,
frame_ms,0.2145,
frame_ms,0.228,
frame_ms,0.2681,
frame_ms,0.233,
frame_ms,0.2151,
frame_ms,0.2674,
frame_ms,0.2329,
frame_ms,0.3516,
frame_ms,0.2376,
frame_ms,0.2203,
frame_ms,0.224,
frame_ms,0.2128,
frame_ms,0.2099,
frame_ms,0.2531,
frame_ms,0.2292,
frame_ms,0.2175,
frame_ms,0.2527,
frame_ms,0.2135,
frame_ms,0.2393,
frame_ms,0.2182,
frame_ms,0.2136,
frame_ms,0.2122,
frame_ms,0.244,
tick_us,136.4,4
frame_ms,0.548,
frame_ms,0.3613,
frame_ms,0.2506,
frame_ms,0.2168,
frame_ms,0.2204,
frame_ms,0.3367,
frame_ms,0.2801,
frame_ms,0.265,
frame_ms,0.2376,
frame_ms,0.2472,
frame_ms,0.2784,
frame_ms,0.2536,
frame_ms,0.3664,
frame_ms,0.2281,
frame_ms,0.2206,
frame_ms,0.3032,
frame_ms,0.2653,
frame_ms,0.243,
frame_ms,0.26,
frame_ms,0.2252,
frame_ms,0.217,
frame_ms,0.2158,
frame_ms,0.2599,
frame_ms,0.2298,
frame_ms,0.2289,
frame_ms,0.2198,
tick_us,135.9,4
frame_ms,0.5278,
frame_ms,0.2368,
frame_ms,0.2082,
frame_ms,0.216,
frame_ms,0.2111,
frame_ms,0.2413,
frame_ms,0.2482,
frame_ms,0.2625,
frame_ms,0.2257,
frame_ms,0.212,
frame_ms,0.2908,
frame_ms,0.2767,
frame_ms,0.2324,
frame_ms,0.2237,
frame_ms,0.3043,
frame_ms,0.2383,
frame_ms,0.2193,
frame_ms,0.2142,
frame_ms,0.294,
frame_ms,0.4463,
frame_ms,0.2688,
frame_ms,0.2349,
frame_ms,0.2185,
frame_ms,0.2247,
frame_ms,0.259,
frame_ms,0.2358,
tick_us,135.2,4
frame_ms,0.571,
frame_ms,0.2502,
frame_ms,0.2462,
frame_ms,0.2278,
frame_ms,0.2256,
frame_ms,0.2111,
frame_ms,0.2088,
frame_ms,0.246,
frame_ms,0.2668,
frame_ms,0.2317,
frame_ms,0.2298,
frame_ms,0.2529,
frame_ms,0.2344,
frame_ms,0.3089,
frame_ms,0.4829,
frame_ms,0.5363,
frame_ms,0.2665,
frame_ms,0.2916,
frame_ms,0.4026,
frame_ms,0.3486,
frame_ms,0.2881,
frame_ms,0.2436,
frame_ms,0.2158,
frame_ms,0.2268,
tick_us,149.2,4
frame_ms,0.5282,
frame_ms,0.2308,
frame_ms,0.2258,
frame_ms,0.2192,
frame_ms,0.212,
frame_ms,0.2114,
frame_ms,0.2681,
frame_ms,0.2407,
frame_ms,0.2135,
frame_ms,0.2097,
frame_ms,0.2802,
frame_ms,0.2304,
frame_ms,0.2172,
frame_ms,0.3653,
frame_ms,0.2697,
frame_ms,0.2584,
frame_ms,0.2332,
frame_ms,0.2171,
frame_ms,0.2158,
frame_ms,0.2351,
frame_ms,0.225,
frame_ms,0.4144,
frame_ms,0.3809,
frame_ms,0.3575,
frame_ms,0.2818,
frame_ms,0.2671,
tick_us,130.3,4
frame_ms,0.5007,
frame_ms,0.2741,
frame_ms,0.2525,
frame_ms,0.2302,
frame_ms,0.2482,
frame_ms,0.2299,
frame_ms,0.3402,
frame_ms,0.4193,
frame_ms,0.4049,
frame_ms,0.2895,
frame_ms,0.2298,
frame_ms,0.2097,
frame_ms,0.2079,
frame_ms,0.2105,
frame_ms,0.2433,
frame_ms,0.4457,
frame_ms,0.2833,
frame_ms,0.2791,
frame_ms,0.4243,
frame_ms,0.3653,
frame_ms,0.3464,
frame_ms,0.353,
tick_us,170.6,4
frame_ms,0.6771,
frame_ms,0.3421,
frame_ms,0.2837,
frame_ms,0.2384,
frame_ms,0.2524,
frame_ms,0.2216,
frame_ms,0.2156,
frame_ms,0.2125,
frame_ms,0.2621,
frame_ms,0.2601,
frame_ms,0.2304,
frame_ms,0.228,
frame_ms,0.2476,
frame_ms,0.3627,
frame_ms,0.2772,
frame_ms,0.2334,
frame_ms,0.5002,
frame_ms,0.4308,
frame_ms,0.2291,
frame_ms,0.2212,
frame_ms,0.2182,
frame_ms,0.222,
frame_ms,0.2107,
frame_ms,0.257,
frame_ms,0.2281,
tick_us,147.7,4
frame_ms,0.5166,
frame_ms,0.3474,
frame_ms,0.3942,
frame_ms,0.2936,
frame_ms,0.2726,
frame_ms,0.2866,
frame_ms,0.2667,
frame_ms,0.2278,
frame_ms,0.2311,
frame_ms,0.2121,
frame_ms,0.2227,
frame_ms,0.2835,
frame_ms,0.295,
frame_ms,0.419,
frame_ms,0.3819,
frame_ms,0.4416,
frame_ms,0.3709,
frame_ms,0.2559,
frame_ms,0.243,
frame_ms,0.2229,
frame_ms,0.2168,
frame_ms,0.2792,
tick_us,138.8,2
frame_ms,1.0347,
frame_ms,0.3257,
frame_ms,0.266,
frame_ms,0.2227,
frame_ms,0.2332,
frame_ms,0.3105,
frame_ms,0.3461,
frame_ms,0.2546,
frame_ms,0.2129,
frame_ms,0.2288,
frame_ms,0.2631,
frame_ms,0.2338,
frame_ms,0.2154,
frame_ms,0.2105,
frame_ms,0.2512,
frame_ms,0.2664,
frame_ms,0.2225,
frame_ms,0.3287,
frame_ms,0.2191,
frame_ms,0.2727,
frame_ms,0.8062,
frame_ms,0.5607,
tick_us,141,2
frame_ms,0.5518,
frame_ms,0.2483,
frame_ms,0.2362,
frame_ms,0.2596,
frame_ms,0.2334,
frame_ms,0.2233,
frame_ms,0.2191,
frame_ms,0.2161,
frame_ms,0.2325,
frame_ms,0.2273,
frame_ms,0.267,
frame_ms,0.2472,
frame_ms,0.2351,
frame_ms,0.2134,
frame_ms,0.2351,
frame_ms,0.2617,
frame_ms,0.2231,
frame_ms,0.2127,
frame_ms,0.2127,
frame_ms,0.2398,
frame_ms,0.3456,
frame_ms,0.4418,
frame_ms,0.2764,
frame_ms,0.2344,
frame_ms,0.2116,
frame_ms,0.236,
frame_ms,0.2237,
tick_us,142.8,2
frame_ms,0.5261,
frame_ms,0.2365,
frame_ms,0.2071,
frame_ms,0.2187,
frame_ms,0.2362,
frame_ms,0.2342,
frame_ms,0.2124,
frame_ms,0.2104,
frame_ms,0.2418,
frame_ms,0.2618,
frame_ms,0.2162,
frame_ms,0.2139,
frame_ms,0.22,
frame_ms,0.2322,
frame_ms,0.318,
frame_ms,0.2425,
frame_ms,0.2866,
frame_ms,0.312,
frame_ms,0.2518,
frame_ms,0.3369,
frame_ms,0.2553,
frame_ms,0.326,
frame_ms,0.2302,
frame_ms,0.2158,
frame_ms,0.2943,
frame_ms,0.235,
tick_us,140.9,0
frame_ms,0.5137,
frame_ms,0.2297,
frame_ms,0.2699,
frame_ms,0.2511,
frame_ms,0.2288,
frame_ms,0.2316,
frame_ms,0.2192,
frame_ms,0.2426,
frame_ms,0.253,
frame_ms,0.4317,
frame_ms,0.3464,
frame_ms,0.3513,
frame_ms,0.3562,
frame_ms,0.2697,
frame_ms,0.2314,
frame_ms,0.2173,
frame_ms,0.2222,
frame_ms,0.2123,
frame_ms,0.2134,
frame_ms,0.2429,
frame_ms,0.2188,
frame_ms,0.2097,
frame_ms,0.5931,
frame_ms,0.2851,
frame_ms,0.2516,
tick_us,142.6,0
frame_ms,0.5378,
frame_ms,0.2654,
frame_ms,0.2195,
frame_ms,0.2188,
frame_ms,0.2143,
frame_ms,0.2792,
frame_ms,0.2245,
frame_ms,0.2229,
frame_ms,0.2616,
frame_ms,0.2238,
frame_ms,0.3715,
frame_ms,0.2562,
frame_ms,0.2632,
frame_ms,0.3021,
frame_ms,0.2795,
frame_ms,0.2285,
frame_ms,0.2244,
frame_ms,0.218,
frame_ms,0.2306,
frame_ms,0.2403,
frame_ms,0.2275,
frame_ms,0.2395,
frame_ms,0.685,
frame_ms,0.3269,
tick_us,199.8,0
frame_ms,0.7217,
frame_ms,0.2993,
frame_ms,0.2406,
frame_ms,0.2159,
frame_ms,0.2213,
frame_ms,0.2581,
frame_ms,0.3765,
frame_ms,0.303,
frame_ms,0.2202,
frame_ms,0.2199,
frame_ms,0.2206,
frame_ms,0.2132,
frame_ms,0.2512,
frame_ms,0.2286,
frame_ms,0.2183,
frame_ms,0.2286,
frame_ms,0.2831,
frame_ms,0.2555,
frame_ms,0.2182,
frame_ms,0.2283,
frame_ms,0.2062,
frame_ms,0.2227,
frame_ms,0.2327,
frame_ms,0.2111,
frame_ms,0.2169,
frame_ms,0.3541,
frame_ms,0.2863,
tick_us,129.2,2
frame_ms,0.5452,
frame_ms,0.2914,
frame_ms,0.2422,
frame_ms,0.2524,
frame_ms,0.2507,
frame_ms,0.2317,
frame_ms,0.2213,
frame_ms,0.4377,
frame_ms,0.3604,
frame_ms,0.2683,
frame_ms,0.2258,
frame_ms,0.2202,
frame_ms,0.2109,
frame_ms,0.2097,
frame_ms,0.4478,
frame_ms,0.2427,
frame_ms,0.275,
frame_ms,0.2724,
frame_ms,0.3023,
frame_ms,0.4322,
frame_ms,0.3253,
frame_ms,0.2433,
frame_ms,0.2144,
frame_ms,0.2211,
tick_us,140.5,2
frame_ms,0.6146,
frame_ms,0.2748,
frame_ms,0.3264,
frame_ms,0.2561,
frame_ms,0.2211,
frame_ms,0.2206,
frame_ms,0.2137,
frame_ms,0.2158,
frame_ms,0.231,
frame_ms,0.3498,
frame_ms,0.4119,
frame_ms,0.2777,
frame_ms,0.2238,
frame_ms,0.2265,
frame_ms,0.2176,
frame_ms,0.45,
frame_ms,0.3591,
frame_ms,0.3595,
frame_ms,0.3516,
frame_ms,0.3602,
frame_ms,0.3387,
frame_ms,0.3178,
tick_us,132.5,2
frame_ms,0.656,
frame_ms,0.3585,
frame_ms,0.2266,
frame_ms,0.3895,
frame_ms,0.3451,
frame_ms,0.3353,
frame_ms,0.2981,
frame_ms,0.2475,
frame_ms,0.2206,
frame_ms,0.2298,
frame_ms,0.2492,
frame_ms,0.2446,
frame_ms,0.2291,
frame_ms,0.2317,
frame_ms,0.2315,
frame_ms,0.2787,
frame_ms,0.2683,
frame_ms,0.2324,
frame_ms,0.2184,
frame_ms,0.2486,
frame_ms,0.2178,
frame_ms,0.2441,
frame_ms,0.3573,
frame_ms,0.2593,
frame_ms,0.2212,
tick_us,140,2
frame_ms,0.5426,
frame_ms,0.2289,
frame_ms,0.2106,
frame_ms,0.2131,
frame_ms,0.209,
frame_ms,0.2094,
frame_ms,0.2552,
frame_ms,0.2298,
frame_ms,0.2087,
frame_ms,0.244,
frame_ms,0.2116,
frame_ms,0.2432,
frame_ms,0.2268,
frame_ms,0.2095,
frame_ms,0.2325,
frame_ms,0.2105,
frame_ms,0.2031,
frame_ms,0.2451,
frame_ms,0.2853,
frame_ms,0.2328,
frame_ms,0.2241,
frame_ms,0.2186,
frame_ms,0.2117,
frame_ms,0.3217,
frame_ms,0.2995,
frame_ms,0.2226,
frame_ms,0.2191,
frame_ms,0.2205,
tick_us,139.9,2
frame_ms,0.5109,
frame_ms,0.2768,
frame_ms,0.2965,
frame_ms,0.2502,
frame_ms,0.2435,
frame_ms,0.2313,
frame_ms,0.2384,
frame_ms,0.2184,
frame_ms,0.2184,
frame_ms,0.2149,
frame_ms,0.2622,
frame_ms,0.262,
frame_ms,0.2281,
frame_ms,0.2084,
frame_ms,0.2074,
frame_ms,0.2628,
frame_ms,0.2197,
frame_ms,0.204,
frame_ms,0.247,
frame_ms,0.256,
frame_ms,0.205,
frame_ms,0.2078,
frame_ms,0.2627,
frame_ms,0.2207,
frame_ms,0.2065,
frame_ms,0.2483,
frame_ms,0.2086,
frame_ms,0.2004,
frame_ms,0.2615,
tick_us,134.1,2
frame_ms,0.5133,
frame_ms,0.347,
frame_ms,0.3043,
frame_ms,0.2436,
frame_ms,0.2105,
frame_ms,0.2082,
frame_ms,0.2074,
frame_ms,0.2467,
frame_ms,0.2085,
frame_ms,0.2105,
frame_ms,0.2364,
frame_ms,0.218,
frame_ms,0.202,
frame_ms,0.2359,
frame_ms,0.2155,
frame_ms,0.2145,
frame_ms,0.2374,
frame_ms,0.3621,
frame_ms,0.2231,
frame_ms,0.2153,
frame_ms,0.2085,
frame_ms,0.2051,
frame_ms,0.2688,
frame_ms,0.2225,
frame_ms,0.2095,
frame_ms,0.2551,
frame_ms,0.2183,
frame_ms,0.2014,
tick_us,132.6,2
frame_ms,0.5255,
frame_ms,0.2295,
frame_ms,0.2034,
frame_ms,0.2075,
frame_ms,0.2021,
frame_ms,0.2359,
frame_ms,0.3778,
frame_ms,0.3615,
frame_ms,0.3367,
frame_ms,0.3462,
frame_ms,0.3318,
frame_ms,0.3364,
frame_ms,0.2402,
frame_ms,0.2209,
frame_ms,0.2106,
frame_ms,0.2106,
frame_ms,0.2047,
frame_ms,0.2416,
frame_ms,0.2204,
frame_ms,0.203,
frame_ms,0.2473,
frame_ms,0.2257,
frame_ms,0.2213,
frame_ms,0.2247,
frame_ms,0.2322,
frame_ms,0.2164,
frame_ms,0.202,
tick_us,130.4,0
frame_ms,0.5253,
frame_ms,0.2283,
frame_ms,0.2007,
frame_ms,0.2051,
frame_ms,0.204,
frame_ms,0.2564,
frame_ms,0.217,
frame_ms,0.2055,
frame_ms,0.54,
frame_ms,0.3399,
frame_ms,0.2224,
frame_ms,0.2158,
frame_ms,0.2082,
frame_ms,0.2024,
frame_ms,0.2874,
frame_ms,0.2228,
frame_ms,0.2073,
frame_ms,0.2137,
frame_ms,0.2442,
frame_ms,0.2792,
frame_ms,0.2219,
frame_ms,0.2161,
frame_ms,0.1994,
frame_ms,0.2502,
frame_ms,0.2251,
frame_ms,0.2067,
frame_ms,0.237,
tick_us,134.4,0
frame_ms,0.609,
frame_ms,0.2338,
frame_ms,0.2052,
frame_ms,0.2075,
frame_ms,0.2024,
frame_ms,0.2346,
frame_ms,0.2052,
frame_ms,0.2077,
frame_ms,0.2174,
frame_ms,0.2011,
frame_ms,0.2059,
frame_ms,0.236,
frame_ms,0.2038,
frame_ms,0.2019,
frame_ms,0.2499,
frame_ms,0.2242,
frame_ms,0.2019,
frame_ms,0.243,
frame_ms,0.222,
frame_ms,0.2229,
frame_ms,0.2165,
frame_ms,0.2029,
frame_ms,0.1983,
frame_ms,0.2489,
frame_ms,0.215,
frame_ms,0.1988,
frame_ms,0.2556,
frame_ms,0.2191,
frame_ms,0.2065,
frame_ms,0.2318,
frame_ms,0.2016,
tick_us,133.7,0
frame_ms,0.4813,
frame_ms,0.2179,
frame_ms,0.2063,
frame_ms,0.2058,
frame_ms,0.1988,
frame_ms,0.2558,
frame_ms,0.3289,
frame_ms,0.3972,
frame_ms,0.2477,
frame_ms,0.2317,
frame_ms,0.2353,
frame_ms,0.2351,
frame_ms,0.2473,
frame_ms,0.2521,
frame_ms,0.2177,
frame_ms,0.2072,
frame_ms,0.2535,
frame_ms,0.2283,
frame_ms,0.2087,
frame_ms,0.2505,
frame_ms,0.2202,
frame_ms,0.2052,
frame_ms,0.2881,
frame_ms,0.2593,
frame_ms,0.2271,
frame_ms,0.2242,
frame_ms,0.2147,
frame_ms,0.2137,
tick_us,144.7,0
frame_ms,0.5398,
frame_ms,0.2313,
frame_ms,0.2076,
frame_ms,0.229,
frame_ms,0.2115,
frame_ms,0.211,
frame_ms,0.2631,
frame_ms,0.2551,
frame_ms,0.2192,
frame_ms,0.2068,
frame_ms,0.2507,
frame_ms,0.3724,
frame_ms,0.2578,
frame_ms,0.2197,
frame_ms,0.2172,
frame_ms,0.2066,
frame_ms,0.2085,
frame_ms,0.2606,
frame_ms,0.2594,
frame_ms,0.2216,
frame_ms,0.208,
frame_ms,0.2274,
frame_ms,0.2127,
frame_ms,0.2085,
frame_ms,0.2534,
frame_ms,0.2189,
frame_ms,0.2055,
frame_ms,0.247,
tick_us,139.3,0
frame_ms,0.5096,
frame_ms,0.2256,
frame_ms,0.2021,
frame_ms,0.2087,
frame_ms,0.2068,
frame_ms,0.2367,
frame_ms,0.2178,
frame_ms,0.2017,
frame_ms,0.2446,
frame_ms,0.219,
frame_ms,0.208,
frame_ms,0.249,
frame_ms,0.2164,
frame_ms,0.2017,
frame_ms,0.2537,
frame_ms,0.2204,
frame_ms,0.2002,
frame_ms,0.245,
frame_ms,0.244,
frame_ms,0.2182,
frame_ms,0.2079,
frame_ms,0.2604,
frame_ms,0.2226,
frame_ms,0.2075,
frame_ms,0.245,
frame_ms,0.3528,
frame_ms,0.252,
frame_ms,0.2139,
frame_ms,0.2038,
frame_ms,0.199,
tick_us,130.6,2
frame_ms,0.5549,
frame_ms,0.2299,
frame_ms,0.2035,
frame_ms,0.2155,
frame_ms,0.2038,
frame_ms,0.2177,
frame_ms,0.2447,
frame_ms,0.257,
frame_ms,0.2193,
frame_ms,0.2367,
frame_ms,0.2406,
frame_ms,0.2114,
frame_ms,0.2341,
frame_ms,0.2266,
frame_ms,0.2017,
frame_ms,0.2496,
frame_ms,0.2258,
frame_ms,0.2058,
frame_ms,0.2372,
frame_ms,0.2185,
frame_ms,0.2442,
frame_ms,0.2244,
frame_ms,0.2022,
frame_ms,0.2577,
frame_ms,0.3961,
frame_ms,0.2309,
frame_ms,0.2159,
frame_ms,0.2071,
tick_us,125.8,2
frame_ms,0.5202,
frame_ms,0.2602,
frame_ms,0.216,
frame_ms,0.2055,
frame_ms,0.2022,
frame_ms,0.2377,
frame_ms,0.2178,
frame_ms,0.204,
frame_ms,0.2497,
frame_ms,0.2263,
frame_ms,0.2109,
frame_ms,0.2458,
frame_ms,0.2318,
frame_ms,0.2084,
frame_ms,0.2731,
frame_ms,0.2238,
frame_ms,0.2066,
frame_ms,0.2482,
frame_ms,0.2219,
frame_ms,0.2043,
frame_ms,0.2463,
frame_ms,0.2196,
frame_ms,0.2021,
frame_ms,0.2402,
frame_ms,0.24,
frame_ms,0.2125,
frame_ms,0.2471,
frame_ms,0.2213,
frame_ms,0.206,
tick_us,130.8,2
frame_ms,0.5312,
frame_ms,0.2369,
frame_ms,0.3672,
frame_ms,0.3712,
frame_ms,0.2561,
frame_ms,0.2154,
frame_ms,0.2113,
frame_ms,0.2084,
frame_ms,0.2435,
frame_ms,0.2519,
frame_ms,0.2157,
frame_ms,0.2365,
frame_ms,0.2161,
frame_ms,0.2056,
frame_ms,0.2471,
frame_ms,0.2198,
frame_ms,0.2028,
frame_ms,0.2269,
frame_ms,0.2257,
frame_ms,0.2071,
frame_ms,0.2479,
frame_ms,0.2181,
frame_ms,0.2005,
frame_ms,0.2555,
frame_ms,0.2254,
frame_ms,0.2056,
frame_ms,0.255,
frame_ms,0.2202,
frame_ms,0.2069,
tick_us,134.4,4
frame_ms,0.5444,
frame_ms,0.2288,
frame_ms,0.2041,
frame_ms,0.2067,
frame_ms,0.2054,
frame_ms,0.2562,
frame_ms,0.2241,
frame_ms,0.208,
frame_ms,0.2525,
frame_ms,0.2208,
frame_ms,0.2063,
frame_ms,0.251,
frame_ms,0.2218,
frame_ms,0.2005,
frame_ms,0.2527,
frame_ms,0.2194,
frame_ms,0.2009,
frame_ms,0.2358,
frame_ms,0.2167,
frame_ms,0.199,
frame_ms,0.2603,
frame_ms,0.2221,
frame_ms,0.2013,
frame_ms,0.2244,
frame_ms,0.3418,
frame_ms,0.3755,
frame_ms,0.3363,
frame_ms,0.2728,
tick_us,119.6,4
frame_ms,0.4833,
frame_ms,0.217,
frame_ms,0.2011,
frame_ms,0.2117,
frame_ms,0.2117,
frame_ms,0.2519,
frame_ms,0.2226,
frame_ms,0.2192,
frame_ms,0.2191,
frame_ms,0.2665,
frame_ms,0.2579,
frame_ms,0.3973,
frame_ms,0.292,
frame_ms,0.263,
frame_ms,0.2252,
frame_ms,0.2157,
frame_ms,0.212,
frame_ms,0.2107,
frame_ms,0.2467,
frame_ms,0.2552,
frame_ms,0.2175,
frame_ms,0.2083,
frame_ms,0.2655,
frame_ms,0.2223,
frame_ms,0.2079,
frame_ms,0.2587,
frame_ms,0.2213,
frame_ms,0.2136,
tick_us,141.6,4
frame_ms,0.5367,
frame_ms,0.2428,
frame_ms,0.2092,
frame_ms,0.2128,
frame_ms,0.2183,
frame_ms,0.2196,
frame_ms,0.26,
frame_ms,0.2255,
frame_ms,0.2111,
frame_ms,0.2497,
frame_ms,0.2247,
frame_ms,0.2043,
frame_ms,0.2539,
frame_ms,0.2208,
frame_ms,0.2081,
frame_ms,0.2347,
frame_ms,0.2195,
frame_ms,0.249,
frame_ms,0.2119,
frame_ms,0.227,
frame_ms,0.3497,
frame_ms,0.3951,
frame_ms,0.3147,
frame_ms,0.2295,
frame_ms,0.2036,
frame_ms,0.205,
frame_ms,0.2416,
tick_us,144.3,2
frame_ms,0.5149,
frame_ms,0.2313,
frame_ms,0.2022,
frame_ms,0.2105,
frame_ms,0.204,
frame_ms,0.2474,
frame_ms,0.246,
frame_ms,0.2194,
frame_ms,0.2207,
frame_ms,0.2243,
frame_ms,0.4915,
frame_ms,0.4104,
frame_ms,0.4102,
frame_ms,0.4132,
frame_ms,0.3817,
frame_ms,0.2837,
frame_ms,0.2553,
frame_ms,0.2307,
frame_ms,0.2251,
frame_ms,0.2258,
frame_ms,0.2248,
frame_ms,0.2461,
frame_ms,0.2278,
frame_ms,0.2741,
frame_ms,0.2323,
tick_us,152.7,2
frame_ms,0.5524,
frame_ms,0.254,
frame_ms,0.2203,
frame_ms,0.2288,
frame_ms,0.2261,
frame_ms,0.2137,
frame_ms,0.2659,
frame_ms,0.4901,
frame_ms,0.3539,
frame_ms,0.3855,
frame_ms,0.3443,
frame_ms,0.2681,
frame_ms,0.2265,
frame_ms,0.2217,
frame_ms,0.2234,
frame_ms,0.222,
frame_ms,0.2787,
frame_ms,0.2317,
frame_ms,0.2164,
frame_ms,0.2442,
frame_ms,0.2388,
frame_ms,0.2177,
frame_ms,0.2162,
frame_ms,0.2429,
frame_ms,0.2262,
frame_ms,0.2849,
tick_us,157.3,2
frame_ms,0.8208,
frame_ms,0.3631,
frame_ms,0.3658,
frame_ms,0.401,
frame_ms,0.3593,
frame_ms,0.2851,
frame_ms,0.2357,
frame_ms,0.2145,
frame_ms,0.2141,
frame_ms,0.2151,
frame_ms,0.2536,
frame_ms,0.5796,
frame_ms,0.3887,
frame_ms,0.257,
frame_ms,0.2469,
frame_ms,0.3785,
frame_ms,0.5003,
frame_ms,0.3031,
frame_ms,0.2396,
tick_us,139.4,2
frame_ms,0.5998,
frame_ms,0.2832,
frame_ms,0.2535,
frame_ms,0.2381,
frame_ms,0.2908,
frame_ms,0.2494,
frame_ms,0.2292,
frame_ms,0.2263,
frame_ms,0.2171,
frame_ms,0.2421,
frame_ms,0.3009,
frame_ms,0.2163,
frame_ms,0.2661,
frame_ms,0.228,
frame_ms,0.2125,
frame_ms,0.2435,
frame_ms,0.2305,
frame_ms,0.2079,
frame_ms,0.2357,
frame_ms,0.2565,
frame_ms,0.2114,
frame_ms,0.2039,
frame_ms,0.2643,
frame_ms,0.2329,
frame_ms,0.2127,
frame_ms,0.2533,
frame_ms,0.2302,
frame_ms,0.2133,
tick_us,152.1,2
frame_ms,0.544,
frame_ms,0.2443,
frame_ms,0.2383,
frame_ms,0.2118,
frame_ms,0.2234,
frame_ms,0.2106,
frame_ms,0.2648,
frame_ms,0.2722,
frame_ms,0.2804,
frame_ms,0.2467,
frame_ms,0.2373,
frame_ms,0.2363,
frame_ms,0.2339,
frame_ms,0.2462,
frame_ms,0.2547,
frame_ms,0.2423,
frame_ms,0.2284,
frame_ms,0.2199,
frame_ms,0.2381,
frame_ms,0.228,
frame_ms,0.2727,
frame_ms,0.2373,
frame_ms,0.2155,
frame_ms,0.28,
frame_ms,0.2352,
frame_ms,0.2169,
frame_ms,0.264,
frame_ms,0.2306,
tick_us,147.2,2
frame_ms,0.912,
frame_ms,0.3354,
frame_ms,0.2608,
frame_ms,0.2089,
frame_ms,0.2155,
frame_ms,0.2098,
frame_ms,0.2413,
frame_ms,0.2292,
frame_ms,0.2096,
frame_ms,0.221,
frame_ms,0.2406,
frame_ms,0.2283,
frame_ms,0.2119,
frame_ms,0.2708,
frame_ms,0.2303,
frame_ms,0.2388,
frame_ms,0.2365,
frame_ms,0.2316,
frame_ms,0.2135,
frame_ms,0.2635,
frame_ms,0.2215,
frame_ms,0.2252,
frame_ms,0.2207,
frame_ms,0.346,
frame_ms,0.3548,
tick_us,142.6,2
frame_ms,0.8223,
frame_ms,0.2442,
frame_ms,0.2101,
frame_ms,0.2157,
frame_ms,0.2063,
frame_ms,0.2384,
frame_ms,0.2155,
frame_ms,0.2105,
frame_ms,0.2465,
frame_ms,0.2336,
frame_ms,0.2259,
frame_ms,0.2613,
frame_ms,0.2321,
frame_ms,0.2658,
frame_ms,0.2227,
frame_ms,0.2054,
frame_ms,0.2409,
frame_ms,0.2206,
frame_ms,0.2044,
frame_ms,0.2503,
frame_ms,0.2323,
frame_ms,0.21,
frame_ms,0.2424,
frame_ms,0.2197,
frame_ms,0.2018,
frame_ms,0.2216,
frame_ms,0.2229,
frame_ms,0.24,
tick_us,144.7,2
frame_ms,0.5849,
frame_ms,0.2592,
frame_ms,0.2364,
frame_ms,0.2288,
frame_ms,0.2314,
frame_ms,0.4255,
frame_ms,0.3217,
frame_ms,0.2704,
frame_ms,0.2199,
frame_ms,0.2194,
frame_ms,0.2241,
frame_ms,0.2176,
frame_ms,0.217,
frame_ms,0.2316,
frame_ms,0.2765,
frame_ms,0.3199,
frame_ms,0.2227,
frame_ms,0.2155,
frame_ms,0.2153,
frame_ms,0.222,
frame_ms,0.21,
frame_ms,0.2509,
frame_ms,0.2267,
frame_ms,0.2062,
frame_ms,0.2554,
frame_ms,0.224,
frame_ms,0.2096,
tick_us,143.2,2
frame_ms,0.5572,
frame_ms,0.2474,
frame_ms,0.2204,
frame_ms,0.2195,
frame_ms,0.2111,
frame_ms,0.2699,
frame_ms,0.2279,
frame_ms,0.2215,
frame_ms,0.3561,
frame_ms,0.3084,
frame_ms,0.2453,
frame_ms,0.2184,
frame_ms,0.2334,
frame_ms,0.4543,
frame_ms,0.2796,
frame_ms,0.4094,
frame_ms,0.2535,
frame_ms,0.2174,
frame_ms,0.2427,
frame_ms,0.2306,
frame_ms,0.2235,
frame_ms,0.2276,
frame_ms,0.2746,
frame_ms,0.2333,
frame_ms,0.2074,
frame_ms,0.25,
tick_us,145.5,2
frame_ms,0.5363,
frame_ms,0.2342,
frame_ms,0.2036,
frame_ms,0.2091,
frame_ms,0.2045,
frame_ms,0.2736,
frame_ms,0.2274,
frame_ms,0.2101,
frame_ms,0.2187,
frame_ms,0.2007,
frame_ms,0.2371,
frame_ms,0.238,
frame_ms,0.3345,
frame_ms,0.4146,
frame_ms,0.27,
frame_ms,0.2055,
frame_ms,0.2058,
frame_ms,0.2013,
frame_ms,0.2514,
frame_ms,0.2214,
frame_ms,0.2087,
frame_ms,0.3268,
frame_ms,0.447,
frame_ms,0.348,
frame_ms,0.2402,
frame_ms,0.2094,
tick_us,142,2
frame_ms,0.5292,
frame_ms,0.2201,
frame_ms,0.2015,
frame_ms,0.2036,
frame_ms,0.2244,
frame_ms,0.2373,
frame_ms,0.2257,
frame_ms,0.2066,
frame_ms,0.2438,
frame_ms,0.2119,
frame_ms,0.205,
frame_ms,0.2495,
frame_ms,0.2226,
frame_ms,0.2078,
frame_ms,0.2449,
frame_ms,0.2141,
frame_ms,0.1996,
frame_ms,0.2605,
frame_ms,0.2246,
frame_ms,0.207,
frame_ms,0.2384,
frame_ms,0.2146,
frame_ms,0.1997,
frame_ms,0.246,
frame_ms,0.2762,
frame_ms,0.2356,
frame_ms,0.2258,
frame_ms,0.2228,
frame_ms,0.2137,
frame_ms,0.2407,
tick_us,144.9,2
frame_ms,0.5821,
frame_ms,0.2766,
frame_ms,0.245,
frame_ms,0.2114,
frame_ms,0.2137,
frame_ms,0.2109,
frame_ms,0.2137,
frame_ms,0.2869,
frame_ms,0.2551,
frame_ms,0.2476,
frame_ms,0.2218,
frame_ms,0.2054,
frame_ms,0.2326,
frame_ms,0.222,
frame_ms,0.2084,
frame_ms,0.2476,
frame_ms,0.2192,
frame_ms,0.2089,
frame_ms,0.2522,
frame_ms,0.3228,
frame_ms,0.502,
frame_ms,0.3074,
frame_ms,0.2204,
frame_ms,0.2128,
frame_ms,0.2088,
frame_ms,0.206,
frame_ms,0.272,
tick_us,138.4,2
frame_ms,0.5092,
frame_ms,0.2235,
frame_ms,0.2053,
frame_ms,0.2058,
frame_ms,0.1994,
frame_ms,0.2752,
frame_ms,0.2616,
frame_ms,0.2276,
frame_ms,0.2241,
frame_ms,0.2109,
frame_ms,0.2388,
frame_ms,0.2123,
frame_ms,0.2072,
frame_ms,0.2661,
frame_ms,0.248,
frame_ms,0.2095,
frame_ms,0.2425,
frame_ms,0.2183,
frame_ms,0.2076,
frame_ms,0.2572,
frame_ms,0.2169,
frame_ms,0.2094,
frame_ms,0.2692,
frame_ms,0.2409,
frame_ms,0.2149,
frame_ms,0.2103,
frame_ms,0.2429,
frame_ms,0.2451,
frame_ms,0.2068,
tick_us,139,2
frame_ms,0.5322,
frame_ms,0.2237,
frame_ms,0.2033,
frame_ms,0.2107,
frame_ms,0.2073,
frame_ms,0.2059,
frame_ms,0.2377,
frame_ms,0.219,
frame_ms,0.2025,
frame_ms,0.2378,
frame_ms,0.2246,
frame_ms,0.2065,
frame_ms,0.2323,
frame_ms,0.255,
frame_ms,0.2087,
frame_ms,0.2362,
frame_ms,0.2214,
frame_ms,0.2257,
frame_ms,0.2028,
frame_ms,0.2845,
frame_ms,0.2266,
frame_ms,0.213,
frame_ms,0.2409,
frame_ms,0.2164,
frame_ms,0.203,
frame_ms,0.2691,
frame_ms,0.2224,
frame_ms,0.1991,
frame_ms,0.257,
tick_us,174.1,2
frame_ms,0.776,
frame_ms,0.4436,
frame_ms,0.3815,
frame_ms,0.3447,
frame_ms,0.2616,
frame_ms,0.2263,
frame_ms,0.2198,
frame_ms,0.2183,
frame_ms,0.2126,
frame_ms,0.213,
frame_ms,0.2661,
frame_ms,0.2675,
frame_ms,0.229,
frame_ms,0.2141,
frame_ms,0.2536,
frame_ms,0.2165,
frame_ms,0.2468,
frame_ms,0.2534,
frame_ms,0.2279,
frame_ms,0.2186,
frame_ms,0.2121,
frame_ms,0.2332,
frame_ms,0.2471,
frame_ms,0.2188,
frame_ms,0.2054,
frame_ms,0.2886,
tick_us,131.9,2
frame_ms,0.5356,
frame_ms,0.26,
frame_ms,0.2207,
frame_ms,0.2122,
frame_ms,0.2158,
frame_ms,0.2143,
frame_ms,0.2338,
frame_ms,0.2463,
frame_ms,0.2233,
frame_ms,0.2883,
frame_ms,0.2162,
frame_ms,0.2033,
frame_ms,0.2659,
frame_ms,0.2501,
frame_ms,0.2464,
frame_ms,0.2247,
frame_ms,0.2131,
frame_ms,0.2822,
frame_ms,0.2526,
frame_ms,0.2189,
frame_ms,0.2078,
frame_ms,0.2104,
frame_ms,0.2777,
frame_ms,0.2193,
frame_ms,0.2109,
frame_ms,0.2454,
frame_ms,0.2403,
frame_ms,0.2242,
tick_us,141.8,2
frame_ms,0.5041,
frame_ms,0.2248,
frame_ms,0.2012,
frame_ms,0.2055,
frame_ms,0.2031,
frame_ms,0.6991,
frame_ms,0.3782,
frame_ms,0.2288,
frame_ms,0.2306,
frame_ms,0.2602,
frame_ms,0.2323,
frame_ms,0.2911,
frame_ms,0.3866,
frame_ms,0.3846,
frame_ms,0.2683,
frame_ms,0.2149,
frame_ms,0.2154,
frame_ms,0.2056,
frame_ms,0.2443,
frame_ms,0.2229,
frame_ms,0.2116,
frame_ms,0.2331,
frame_ms,0.2556,
frame_ms,0.2242,
frame_ms,0.2151,
tick_us,142.2,2
frame_ms,0.5548,
frame_ms,0.2513,
frame_ms,0.2135,
frame_ms,0.2075,
frame_ms,0.2048,
frame_ms,0.244,
frame_ms,0.2655,
frame_ms,0.2209,
frame_ms,0.2076,
frame_ms,0.2345,
frame_ms,0.2422,
frame_ms,0.2227,
frame_ms,0.2465,
frame_ms,0.2416,
frame_ms,0.2164,
frame_ms,0.2577,
frame_ms,0.2251,
frame_ms,0.2123,
frame_ms,0.2553,
frame_ms,0.265,
frame_ms,0.2314,
frame_ms,0.2249,
frame_ms,0.2135,
frame_ms,0.2127,
frame_ms,0.2745,
frame_ms,0.2485,
frame_ms,0.2158,
frame_ms,0.2417,
tick_us,139.8,2
frame_ms,0.5147,
frame_ms,0.2314,
frame_ms,0.2048,
frame_ms,0.2056,
frame_ms,0.2005,
frame_ms,0.2197,
frame_ms,0.2246,
frame_ms,0.2233,
frame_ms,0.2053,
frame_ms,0.2432,
frame_ms,0.3129,
frame_ms,0.3645,
frame_ms,0.3405,
frame_ms,1.0294,
frame_ms,0.2894,
frame_ms,0.2181,
frame_ms,0.2202,
frame_ms,0.2205,
frame_ms,0.2108,
frame_ms,0.2304,
frame_ms,0.2099,
frame_ms,0.2786,
frame_ms,0.241,
frame_ms,0.2396,
frame_ms,0.2064,
tick_us,127.7,2
frame_ms,0.5438,
frame_ms,0.2712,
frame_ms,0.2173,
frame_ms,0.2198,
frame_ms,0.2154,
frame_ms,0.2219,
frame_ms,0.2113,
frame_ms,0.258,
frame_ms,0.2247,
frame_ms,0.2108,
frame_ms,0.2501,
frame_ms,0.2236,
frame_ms,0.2175,
frame_ms,0.2675,
frame_ms,0.2705,
frame_ms,0.2139,
frame_ms,0.2076,
frame_ms,0.2414,
frame_ms,0.2241,
frame_ms,0.2121,
frame_ms,0.2753,
frame_ms,0.2266,
frame_ms,0.208,
frame_ms,0.2194,
frame_ms,0.2435,
frame_ms,0.2721,
frame_ms,0.2268,
frame_ms,0.2187,
tick_us,122.8,0
frame_ms,0.4752,
frame_ms,0.2346,
frame_ms,0.2061,
frame_ms,0.2387,
frame_ms,0.2073,
frame_ms,0.2075,
frame_ms,0.2772,
frame_ms,0.2294,
frame_ms,0.2063,
frame_ms,0.2476,
frame_ms,0.2256,
frame_ms,0.2104,
frame_ms,0.2543,
frame_ms,0.2231,
frame_ms,0.2069,
frame_ms,0.2465,
frame_ms,0.2184,
frame_ms,0.2057,
frame_ms,0.3172,
frame_ms,0.2449,
frame_ms,0.2212,
frame_ms,0.2064,
frame_ms,0.2183,
frame_ms,1.2464,
tick_us,137.5,0
frame_ms,0.9257,
frame_ms,0.2329,
frame_ms,0.2053,
frame_ms,0.2091,
frame_ms,0.2093,
frame_ms,0.2338,
frame_ms,0.2283,
frame_ms,0.2146,
frame_ms,0.2247,
frame_ms,0.3726,
frame_ms,0.374,
frame_ms,0.2341,
frame_ms,0.2088,
frame_ms,0.2106,
frame_ms,0.2023,
frame_ms,0.246,
frame_ms,0.2167,
frame_ms,0.2041,
frame_ms,0.3268,
frame_ms,0.2956,
frame_ms,0.2193,
frame_ms,0.2134,
frame_ms,0.209,
frame_ms,0.2276,
frame_ms,0.295,
frame_ms,0.2954,
frame_ms,0.2356,
tick_us,145.3,0
frame_ms,0.5656,
frame_ms,0.2584,
frame_ms,0.2909,
frame_ms,0.241,
frame_ms,0.2098,
frame_ms,0.2142,
frame_ms,0.2118,
frame_ms,0.2165,
frame_ms,0.2732,
frame_ms,0.2327,
frame_ms,0.2128,
frame_ms,0.2503,
frame_ms,0.2303,
frame_ms,0.2092,
frame_ms,0.3194,
frame_ms,0.2277,
frame_ms,0.2053,
frame_ms,0.2617,
frame_ms,0.2223,
frame_ms,0.2053,
frame_ms,0.3344,
frame_ms,0.3903,
frame_ms,0.3381,
frame_ms,0.2694,
frame_ms,0.2166,
frame_ms,0.2123,
tick_us,137.3,0
frame_ms,0.9571,
frame_ms,0.4702,
frame_ms,0.2589,
frame_ms,0.2197,
frame_ms,0.2156,
frame_ms,0.2134,
frame_ms,0.2108,
frame_ms,0.2424,
frame_ms,0.2555,
frame_ms,0.2387,
frame_ms,0.2377,
frame_ms,0.2951,
frame_ms,0.2573,
frame_ms,0.2209,
frame_ms,0.2238,
frame_ms,0.2349,
frame_ms,0.2318,
frame_ms,0.2159,
frame_ms,0.271,
frame_ms,0.2426,
frame_ms,0.219,
frame_ms,0.2078,
frame_ms,0.2067,
frame_ms,0.2693,
frame_ms,0.2296,
frame_ms,0.2041,
tick_us,141.5,0
frame_ms,0.5214,
frame_ms,0.2308,
frame_ms,0.2044,
frame_ms,0.2103,
frame_ms,0.2677,
frame_ms,0.2263,
frame_ms,0.2073,
frame_ms,0.2544,
frame_ms,0.2266,
frame_ms,0.2164,
frame_ms,0.2233,
frame_ms,0.293,
frame_ms,0.2346,
frame_ms,0.2066,
frame_ms,0.2493,
frame_ms,0.2179,
frame_ms,0.2117,
frame_ms,0.2507,
frame_ms,0.2145,
frame_ms,0.2041,
frame_ms,0.26,
frame_ms,0.2226,
frame_ms,0.2044,
frame_ms,0.2667,
frame_ms,0.2279,
frame_ms,0.207,
frame_ms,0.248,
frame_ms,0.2508,
frame_ms,0.2028,
tick_us,137.9,0
frame_ms,0.4935,
frame_ms,0.2285,
frame_ms,0.2043,
frame_ms,0.2083,
frame_ms,0.2258,
frame_ms,0.2054,
frame_ms,0.275,
frame_ms,0.2268,
frame_ms,0.4726,
frame_ms,0.3399,
frame_ms,0.2611,
frame_ms,0.2297,
frame_ms,0.2413,
frame_ms,0.2368,
frame_ms,0.2387,
frame_ms,0.2321,
frame_ms,0.2948,
frame_ms,0.2351,
frame_ms,0.233,
frame_ms,0.2317,
frame_ms,0.2289,
frame_ms,0.2233,
frame_ms,0.2741,
frame_ms,0.2662,
frame_ms,0.2261,
frame_ms,0.216,
frame_ms,0.2132,
tick_us,140.9,0
frame_ms,0.5367,
frame_ms,0.2298,
frame_ms,0.2096,
frame_ms,0.2069,
frame_ms,0.2245,
frame_ms,0.2211,
frame_ms,0.2353,
frame_ms,0.2492,
frame_ms,0.2556,
frame_ms,0.2245,
frame_ms,0.25,
frame_ms,0.2405,
frame_ms,0.2125,
frame_ms,0.239,
frame_ms,0.2188,
frame_ms,0.2061,
frame_ms,0.257,
frame_ms,0.2629,
frame_ms,0.3419,
frame_ms,0.4977,
frame_ms,0.3225,
frame_ms,0.3367,
frame_ms,0.354,
frame_ms,0.2656,
frame_ms,0.2165,
tick_us,142,0
frame_ms,0.5071,
frame_ms,0.2285,
frame_ms,0.2104,
frame_ms,0.2165,
frame_ms,0.2228,
frame_ms,0.2111,
frame_ms,0.2148,
frame_ms,0.2439,
frame_ms,0.2318,
frame_ms,0.2105,
frame_ms,0.2711,
frame_ms,0.2684,
frame_ms,0.2308,
frame_ms,0.253,
frame_ms,0.2133,
frame_ms,0.2035,
frame_ms,0.5204,
frame_ms,0.2571,
frame_ms,0.2127,
frame_ms,0.2112,
frame_ms,0.2085,
frame_ms,0.2068,
frame_ms,0.3155,
frame_ms,0.4147,
frame_ms,0.3583,
frame_ms,0.3475,
tick_us,138,0
frame_ms,0.5315,
frame_ms,0.2308,
frame_ms,0.2124,
frame_ms,0.2156,
frame_ms,0.2144,
frame_ms,0.2341,
frame_ms,0.2552,
frame_ms,0.2389,
frame_ms,0.2269,
frame_ms,0.2098,
frame_ms,0.2348,
frame_ms,0.2509,
frame_ms,0.2306,
frame_ms,0.2076,
frame_ms,0.2707,
frame_ms,0.2436,
frame_ms,0.2164,
frame_ms,0.2451,
frame_ms,0.2105,
frame_ms,0.4088,
frame_ms,0.3696,
frame_ms,0.3444,
frame_ms,0.3339,
frame_ms,0.3142,
frame_ms,0.237,
frame_ms,0.2088,
tick_us,139.6,0
frame_ms,0.5223,
frame_ms,0.2372,
frame_ms,0.2038,
frame_ms,0.2468,
frame_ms,0.2202,
frame_ms,0.2044,
frame_ms,0.2398,
frame_ms,0.2235,
frame_ms,0.2709,
frame_ms,0.223,
frame_ms,0.2118,
frame_ms,0.2391,
frame_ms,0.2097,
frame_ms,0.2035,
frame_ms,0.2493,
frame_ms,0.2224,
frame_ms,0.2033,
frame_ms,0.2527,
frame_ms,0.222,
frame_ms,0.2134,
frame_ms,0.2707,
frame_ms,0.2475,
frame_ms,0.2105,
frame_ms,0.4497,
frame_ms,0.2877,
frame_ms,0.2231,
frame_ms,0.2146,
frame_ms,0.2153,
tick_us,144.5,0
frame_ms,0.5196,
frame_ms,0.2249,
frame_ms,0.2856,
frame_ms,0.2319,
frame_ms,0.2225,
frame_ms,0.3099,
frame_ms,0.2803,
frame_ms,0.2498,
frame_ms,0.2133,
frame_ms,0.2229,
frame_ms,0.2046,
frame_ms,0.234,
frame_ms,0.2252,
frame_ms,0.2084,
frame_ms,0.2224,
frame_ms,0.2437,
frame_ms,0.2205,
frame_ms,0.2023,
frame_ms,0.2462,
frame_ms,0.2157,
frame_ms,0.2024,
frame_ms,0.2394,
frame_ms,0.2262,
frame_ms,0.208,
frame_ms,0.2577,
frame_ms,0.2292,
frame_ms,0.2102,
frame_ms,0.2819,
tick_us,135.9,0
frame_ms,0.5466,
frame_ms,0.2396,
frame_ms,0.2351,
frame_ms,0.2172,
frame_ms,0.2101,
frame_ms,0.2103,
frame_ms,0.2598,
frame_ms,0.2447,
frame_ms,0.2169,
frame_ms,0.2026,
frame_ms,0.2403,
frame_ms,0.2172,
frame_ms,0.2041,
frame_ms,0.2653,
frame_ms,0.2216,
frame_ms,0.2293,
frame_ms,0.2099,
frame_ms,0.3024,
frame_ms,0.2156,
frame_ms,0.201,
frame_ms,0.2633,
frame_ms,0.2214,
frame_ms,0.1993,
frame_ms,0.2514,
frame_ms,0.2217,
frame_ms,0.1993,
frame_ms,0.3437,
frame_ms,0.303,
frame_ms,0.2175,
tick_us,123.1,0
frame_ms,0.483,
frame_ms,0.2307,
frame_ms,0.375,
frame_ms,0.3981,
frame_ms,0.3533,
frame_ms,0.3395,
frame_ms,0.3332,
frame_ms,0.3323,
frame_ms,0.3321,
frame_ms,0.3045,
frame_ms,0.2336,
frame_ms,0.2082,
frame_ms,0.2079,
frame_ms,0.352,
frame_ms,0.3313,
frame_ms,0.3858,
frame_ms,0.4383,
frame_ms,0.433,
frame_ms,0.3412,
frame_ms,0.3319,
frame_ms,0.2846,
tick_us,135.6,0
frame_ms,0.5288,
frame_ms,0.2273,
frame_ms,0.2072,
frame_ms,0.2088,
frame_ms,0.2123,
frame_ms,0.2556,
frame_ms,0.228,
frame_ms,0.2202,
frame_ms,0.2456,
frame_ms,0.2585,
frame_ms,0.2105,
frame_ms,0.2046,
frame_ms,0.2464,
frame_ms,0.2196,
frame_ms,0.2045,
frame_ms,0.2485,
frame_ms,0.2212,
frame_ms,0.2072,
frame_ms,0.2288,
frame_ms,0.2472,
frame_ms,0.2106,
frame_ms,0.2503,
frame_ms,0.2248,
frame_ms,0.2472,
frame_ms,0.2124,
frame_ms,0.2552,
frame_ms,0.225,
frame_ms,0.203,
frame_ms,0.2878,
tick_us,133.2,0
frame_ms,0.5401,
frame_ms,0.2738,
frame_ms,0.217,
frame_ms,0.2191,
frame_ms,0.2144,
frame_ms,0.2256,
frame_ms,0.2107,
frame_ms,0.2528,
frame_ms,0.2265,
frame_ms,0.2107,
frame_ms,0.2204,
frame_ms,0.4501,
frame_ms,0.378,
frame_ms,0.305,
frame_ms,0.2266,
frame_ms,0.2257,
frame_ms,0.209,
frame_ms,0.2149,
frame_ms,0.2098,
frame_ms,0.2236,
frame_ms,0.2142,
frame_ms,0.2673,
frame_ms,0.214,
frame_ms,0.2278,
frame_ms,0.2064,
frame_ms,0.2117,
frame_ms,0.2338,
tick_us,139.6,0
frame_ms,0.5129,
frame_ms,0.2355,
frame_ms,0.2045,
frame_ms,0.2467,
frame_ms,0.2108,
frame_ms,0.2108,
frame_ms,0.2593,
frame_ms,0.2596,
frame_ms,0.2296,
frame_ms,0.2147,
frame_ms,0.2053,
frame_ms,0.2631,
frame_ms,0.2258,
frame_ms,0.2054,
frame_ms,0.219,
frame_ms,0.2431,
frame_ms,0.2212,
frame_ms,0.2088,
frame_ms,0.2441,
frame_ms,0.2174,
frame_ms,0.2044,
frame_ms,0.2281,
frame_ms,0.2416,
frame_ms,0.2112,
frame_ms,0.2079,
frame_ms,0.272,
frame_ms,0.2253,
frame_ms,0.2057,
frame_ms,0.2521,
tick_us,140.5,0
frame_ms,0.5076,
frame_ms,0.2205,
frame_ms,0.2004,
frame_ms,0.2067,
frame_ms,0.2463,
frame_ms,0.226,
frame_ms,0.2064,
frame_ms,0.2676,
frame_ms,0.2193,
frame_ms,0.2029,
frame_ms,0.2462,
frame_ms,0.2211,
frame_ms,0.2008,
frame_ms,0.2531,
frame_ms,0.2196,
frame_ms,0.2054,
frame_ms,0.2475,
frame_ms,0.2183,
frame_ms,0.202,
frame_ms,0.2525,
frame_ms,0.2424,
frame_ms,0.4025,
frame_ms,0.236,
frame_ms,0.2227,
frame_ms,0.2135,
frame_ms,0.2186,
frame_ms,0.2385,
frame_ms,0.2879,
frame_ms,0.221,
tick_us,138.3,0
frame_ms,0.4928,
frame_ms,0.2174,
frame_ms,0.1987,
frame_ms,0.1991,
frame_ms,0.2014,
frame_ms,0.269,
frame_ms,0.2127,
frame_ms,0.2075,
frame_ms,0.251,
frame_ms,0.2165,
frame_ms,0.2016,
frame_ms,0.2503,
frame_ms,0.2269,
frame_ms,0.2125,
frame_ms,0.2149,
frame_ms,0.2848,
frame_ms,0.2682,
frame_ms,0.2293,
frame_ms,0.2138,
frame_ms,0.2071,
frame_ms,0.2053,
frame_ms,0.2456,
frame_ms,0.2447,
frame_ms,0.2132,
frame_ms,0.2085,
frame_ms,0.3655,
frame_ms,0.2554,
frame_ms,0.2225,
frame_ms,0.2101,
tick_us,141,0
frame_ms,0.5257,
frame_ms,0.2344,
frame_ms,0.2101,
frame_ms,0.2257,
frame_ms,0.214,
frame_ms,0.2078,
frame_ms,0.2696,
frame_ms,0.2653,
frame_ms,0.2233,
frame_ms,0.2116,
frame_ms,0.2071,
frame_ms,0.233,
frame_ms,0.2221,
frame_ms,0.2005,
frame_ms,0.2512,
frame_ms,0.2264,
frame_ms,0.206,
frame_ms,0.2559,
frame_ms,0.2261,
frame_ms,0.2084,
frame_ms,0.2407,
frame_ms,0.2283,
frame_ms,0.2066,
frame_ms,0.2509,
frame_ms,0.2172,
frame_ms,0.2022,
frame_ms,0.2474,
frame_ms,0.2184,
frame_ms,0.3624,
tick_us,142.1,0
frame_ms,0.7342,
frame_ms,0.2296,
frame_ms,0.2077,
frame_ms,0.2096,
frame_ms,0.3205,
frame_ms,0.267,
frame_ms,0.2588,
frame_ms,0.2669,
frame_ms,0.2088,
frame_ms,0.2036,
frame_ms,0.2003,
frame_ms,0.2461,
frame_ms,0.2167,
frame_ms,0.2027,
frame_ms,0.2538,
frame_ms,0.2251,
frame_ms,0.2092,
frame_ms,0.2426,
frame_ms,0.2175,
frame_ms,0.2166,
frame_ms,0.245,
frame_ms,0.2161,
frame_ms,0.2081,
frame_ms,0.2618,
frame_ms,0.253,
frame_ms,0.2285,
frame_ms,0.2071,
tick_us,136,2
frame_ms,0.5462,
frame_ms,0.2314,
frame_ms,0.2026,
frame_ms,0.2082,
frame_ms,0.2053,
frame_ms,0.2069,
frame_ms,0.244,
frame_ms,0.2193,
frame_ms,0.1992,
frame_ms,0.3994,
frame_ms,0.4143,
frame_ms,0.2367,
frame_ms,0.2169,
frame_ms,0.2092,
frame_ms,0.2035,
frame_ms,0.2061,
frame_ms,0.2532,
frame_ms,0.2203,
frame_ms,0.202,
frame_ms,0.247,
frame_ms,0.2197,
frame_ms,0.2021,
frame_ms,0.2645,
frame_ms,0.2177,
frame_ms,0.2083,
frame_ms,0.2529,
frame_ms,0.2249,
frame_ms,0.2005,
frame_ms,0.2541,
tick_us,133.9,2
frame_ms,0.5352,
frame_ms,0.23,
frame_ms,0.204,
frame_ms,0.2057,
frame_ms,0.4196,
frame_ms,0.3684,
frame_ms,0.3583,
frame_ms,0.3354,
frame_ms,0.3441,
frame_ms,0.3304,
frame_ms,0.332,
frame_ms,0.4294,
frame_ms,0.3886,
frame_ms,0.3648,
frame_ms,0.5024,
frame_ms,0.3154,
frame_ms,0.3438,
frame_ms,0.3321,
frame_ms,0.3512,
tick_us,171.5,2
frame_ms,0.7056,
frame_ms,0.2639,
frame_ms,0.2166,
frame_ms,0.2112,
frame_ms,0.2051,
frame_ms,0.2481,
frame_ms,0.2239,
frame_ms,0.2136,
frame_ms,0.2409,
frame_ms,0.2273,
frame_ms,0.2059,
frame_ms,0.2559,
frame_ms,0.2257,
frame_ms,0.2067,
frame_ms,0.2199,
frame_ms,0.2092,
frame_ms,0.2037,
frame_ms,0.269,
frame_ms,0.2258,
frame_ms,0.2219,
frame_ms,0.3029,
frame_ms,0.28,
frame_ms,0.2414,
frame_ms,0.2319,
frame_ms,0.2236,
frame_ms,0.2315,
frame_ms,0.2257,
frame_ms,0.2279,
frame_ms,0.2283,
tick_us,127.1,2
frame_ms,0.5423,
frame_ms,0.2685,
frame_ms,0.2146,
frame_ms,0.2141,
frame_ms,0.209,
frame_ms,0.2332,
frame_ms,0.2145,
frame_ms,0.2163,
frame_ms,0.2167,
frame_ms,0.2098,
frame_ms,0.2031,
frame_ms,0.2583,
frame_ms,0.6362,
frame_ms,0.5627,
frame_ms,0.3577,
frame_ms,0.3447,
frame_ms,0.401,
frame_ms,0.404,
frame_ms,0.3552,
frame_ms,0.3285,
frame_ms,0.3289,
tick_us,127.5,2
frame_ms,0.5672,
frame_ms,0.2521,
frame_ms,0.2284,
frame_ms,0.2348,
frame_ms,0.27,
frame_ms,0.2181,
frame_ms,0.2082,
frame_ms,0.2442,
frame_ms,0.2247,
frame_ms,0.2125,
frame_ms,0.249,
frame_ms,0.2865,
frame_ms,0.3188,
frame_ms,0.2717,
frame_ms,0.2228,
frame_ms,0.2191,
frame_ms,0.2213,
frame_ms,0.2157,
frame_ms,0.2143,
frame_ms,0.2727,
frame_ms,0.2621,
frame_ms,0.2294,
frame_ms,0.2124,
frame_ms,0.2105,
frame_ms,0.2428,
frame_ms,0.223,
frame_ms,0.2089,
frame_ms,0.2293,
tick_us,139.9,2
frame_ms,0.5361,
frame_ms,0.2375,
frame_ms,0.2075,
frame_ms,0.2071,
frame_ms,0.2032,
frame_ms,0.2409,
frame_ms,0.2526,
frame_ms,0.2201,
frame_ms,0.2489,
frame_ms,0.2265,
frame_ms,0.2434,
frame_ms,0.2027,
frame_ms,0.2462,
frame_ms,0.2203,
frame_ms,0.2061,
frame_ms,0.248,
frame_ms,0.2549,
frame_ms,0.2596,
frame_ms,0.231,
frame_ms,0.791,
frame_ms,0.4104,
frame_ms,0.2217,
frame_ms,0.2359,
frame_ms,0.2262,
frame_ms,0.2074,
frame_ms,0.3054,
tick_us,145.3,2
frame_ms,0.6066,
frame_ms,0.2703,
frame_ms,0.3452,
frame_ms,0.4698,
frame_ms,0.2687,
frame_ms,0.216,
frame_ms,0.2156,
frame_ms,0.2061,
frame_ms,0.2374,
frame_ms,0.2321,
frame_ms,0.2116,
frame_ms,0.2569,
frame_ms,0.2723,
frame_ms,0.2332,
frame_ms,0.237,
frame_ms,0.2863,
frame_ms,0.2373,
frame_ms,0.2245,
frame_ms,0.219,
frame_ms,0.2333,
frame_ms,0.4305,
frame_ms,0.256,
frame_ms,0.2286,
frame_ms,0.2257,
frame_ms,0.2214,
tick_us,146.1,2
frame_ms,0.5207,
frame_ms,0.2443,
frame_ms,0.2347,
frame_ms,0.3443,
frame_ms,0.2761,
frame_ms,0.4775,
frame_ms,0.3474,
frame_ms,0.289,
frame_ms,0.2446,
frame_ms,0.2185,
frame_ms,0.2184,
frame_ms,0.2161,
frame_ms,0.2223,
frame_ms,0.2406,
frame_ms,0.2357,
frame_ms,0.2185,
frame_ms,0.2314,
frame_ms,0.2134,
frame_ms,0.3432,
frame_ms,0.2322,
frame_ms,0.217,
frame_ms,0.3425,
frame_ms,0.3963,
frame_ms,0.27,
frame_ms,0.2267,
tick_us,148.3,2
frame_ms,0.5475,
frame_ms,0.2567,
frame_ms,0.2155,
frame_ms,0.2394,
frame_ms,0.2597,
frame_ms,0.2229,
frame_ms,0.4746,
frame_ms,0.2756,
frame_ms,0.233,
frame_ms,0.4885,
frame_ms,0.3598,
frame_ms,0.3357,
frame_ms,0.2882,
frame_ms,0.231,
frame_ms,0.2192,
frame_ms,0.208,
frame_ms,0.2132,
frame_ms,0.2354,
frame_ms,0.2767,
frame_ms,0.2313,
frame_ms,0.2115,
frame_ms,0.2139,
frame_ms,0.2404,
frame_ms,0.241,
frame_ms,0.209,
tick_us,154.6,2
frame_ms,0.5652,
frame_ms,0.306,
frame_ms,0.321,
frame_ms,0.2556,
frame_ms,0.4724,
frame_ms,0.4029,
frame_ms,0.4374,
frame_ms,0.4548,
frame_ms,0.3282,
frame_ms,0.2997,
frame_ms,0.2758,
frame_ms,0.2288,
frame_ms,0.2519,
frame_ms,0.2369,
frame_ms,0.2394,
frame_ms,0.2815,
frame_ms,0.2823,
frame_ms,0.2455,
frame_ms,0.243,
frame_ms,0.2392,
frame_ms,0.2828,
frame_ms,0.2367,
tick_us,149.3,2
frame_ms,0.9868,
frame_ms,0.2908,
frame_ms,0.2414,
frame_ms,0.4391,
frame_ms,0.4004,
frame_ms,0.2769,
frame_ms,0.385,
frame_ms,0.2675,
frame_ms,0.2209,
frame_ms,0.2216,
frame_ms,0.3806,
frame_ms,0.4031,
frame_ms,0.3213,
frame_ms,0.2647,
frame_ms,0.2915,
frame_ms,0.2267,
frame_ms,0.2162,
frame_ms,0.2111,
frame_ms,0.2129,
frame_ms,0.2651,
frame_ms,0.2327,
frame_ms,0.212,
tick_us,147.1,2
frame_ms,0.5599,
frame_ms,0.2905,
frame_ms,0.3592,
frame_ms,0.3378,
frame_ms,0.3914,
frame_ms,0.3262,
frame_ms,0.2503,
frame_ms,0.2194,
frame_ms,0.2268,
frame_ms,0.2215,
frame_ms,0.2181,
frame_ms,0.2129,
frame_ms,0.2478,
frame_ms,0.2654,
frame_ms,0.2343,
frame_ms,0.2225,
frame_ms,0.2214,
frame_ms,0.2213,
frame_ms,0.2766,
frame_ms,0.2841,
frame_ms,0.2336,
frame_ms,0.2166,
frame_ms,0.2727,
frame_ms,0.2291,
frame_ms,0.2142,
frame_ms,0.222,
tick_us,148.6,2
frame_ms,0.5283,
frame_ms,0.2276,
frame_ms,0.2135,
frame_ms,0.2257,
frame_ms,0.2175,
frame_ms,0.2169,
frame_ms,0.2359,
frame_ms,0.2637,
frame_ms,0.2574,
frame_ms,0.3084,
frame_ms,0.4327,
frame_ms,0.2349,
frame_ms,0.2667,
frame_ms,0.2281,
frame_ms,0.2639,
frame_ms,0.2805,
frame_ms,0.2934,
frame_ms,0.227,
frame_ms,0.2243,
frame_ms,0.2225,
frame_ms,0.2839,
frame_ms,0.4031,
frame_ms,0.2783,
frame_ms,0.2329,
frame_ms,0.2197,
frame_ms,0.224,
tick_us,138.1,2
frame_ms,0.5465,
frame_ms,0.2908,
frame_ms,0.2242,
frame_ms,0.3793,
frame_ms,0.2644,
frame_ms,0.2195,
frame_ms,0.2158,
frame_ms,0.2098,
frame_ms,0.2102,
frame_ms,0.2477,
frame_ms,0.3241,
frame_ms,0.4134,
frame_ms,0.2426,
frame_ms,0.2329,
frame_ms,0.2801,
frame_ms,0.2725,
frame_ms,0.2404,
frame_ms,0.4,
frame_ms,0.396,
frame_ms,0.3418,
frame_ms,0.2924,
frame_ms,0.2281,
frame_ms,0.2199,
frame_ms,0.2729,
tick_us,140,4
frame_ms,0.5371,
frame_ms,0.2458,
frame_ms,0.2181,
frame_ms,0.223,
frame_ms,0.2188,
frame_ms,0.2161,
frame_ms,0.2378,
frame_ms,0.2351,
frame_ms,0.2112,
frame_ms,0.2668,
frame_ms,0.2712,
frame_ms,0.2538,
frame_ms,0.3245,
frame_ms,0.4878,
frame_ms,0.3299,
frame_ms,0.2872,
frame_ms,0.2742,
frame_ms,0.3296,
frame_ms,0.2385,
frame_ms,0.2232,
frame_ms,0.2275,
frame_ms,0.2259,
frame_ms,0.2377,
frame_ms,0.2363,
frame_ms,0.243,
tick_us,148.4,4
frame_ms,0.5356,
frame_ms,0.2492,
frame_ms,0.2802,
frame_ms,0.2317,
frame_ms,0.2219,
frame_ms,0.2212,
frame_ms,0.2194,
frame_ms,0.3416,
frame_ms,0.2474,
frame_ms,0.2165,
frame_ms,0.2333,
frame_ms,0.2607,
frame_ms,0.2281,
frame_ms,0.2289,
frame_ms,0.3743,
frame_ms,0.3567,
frame_ms,0.256,
frame_ms,0.2209,
frame_ms,0.2162,
frame_ms,0.209,
frame_ms,0.2234,
frame_ms,0.262,
frame_ms,0.2273,
frame_ms,0.2095,
frame_ms,0.2388,
frame_ms,0.2342,
frame_ms,0.214,
tick_us,147.8,4
frame_ms,0.5522,
frame_ms,0.2349,
frame_ms,0.3581,
frame_ms,0.285,
frame_ms,0.2443,
frame_ms,0.2188,
frame_ms,0.2406,
frame_ms,0.229,
frame_ms,0.2314,
frame_ms,0.3037,
frame_ms,0.4254,
frame_ms,0.4377,
frame_ms,0.3287,
frame_ms,0.3987,
frame_ms,0.2308,
frame_ms,0.2285,
frame_ms,0.2225,
frame_ms,0.2259,
frame_ms,0.2206,
frame_ms,0.2421,
frame_ms,0.292,
frame_ms,0.2978,
frame_ms,0.2837,
frame_ms,0.2981,
tick_us,145.5,4
frame_ms,0.5414,
frame_ms,0.2377,
frame_ms,0.2211,
frame_ms,0.2218,
frame_ms,0.232,
frame_ms,0.2733,
frame_ms,0.2506,
frame_ms,0.2631,
frame_ms,0.2402,
frame_ms,0.2226,
frame_ms,0.2233,
frame_ms,0.2532,
frame_ms,0.2265,
frame_ms,0.2395,
frame_ms,0.2958,
frame_ms,0.2877,
frame_ms,0.3462,
frame_ms,0.2446,
frame_ms,0.2372,
frame_ms,0.2211,
frame_ms,0.3242,
frame_ms,0.4397,
frame_ms,0.3857,
frame_ms,0.2809,
frame_ms,0.2999,
tick_us,143.1,4
frame_ms,0.5088,
frame_ms,0.23,
frame_ms,0.2138,
frame_ms,0.2215,
frame_ms,0.2254,
frame_ms,0.2562,
frame_ms,0.214,
frame_ms,0.22,
frame_ms,0.2731,
frame_ms,0.2295,
frame_ms,0.2336,
frame_ms,0.2449,
frame_ms,0.2365,
frame_ms,0.2429,
frame_ms,0.2245,
frame_ms,0.2169,
frame_ms,0.4161,
frame_ms,0.3411,
frame_ms,0.2321,
frame_ms,0.2274,
frame_ms,0.2208,
frame_ms,0.2746,
frame_ms,0.2345,
frame_ms,0.2176,
frame_ms,0.2094,
frame_ms,0.2298,
frame_ms,0.2215,
tick_us,148.3,4
frame_ms,0.5319,
frame_ms,0.4404,
frame_ms,0.2894,
frame_ms,0.2616,
frame_ms,0.2513,
frame_ms,0.3021,
frame_ms,0.3682,
frame_ms,0.4796,
frame_ms,0.2533,
frame_ms,0.216,
frame_ms,0.2173,
frame_ms,0.2122,
frame_ms,0.2095,
frame_ms,0.2781,
frame_ms,0.2636,
frame_ms,0.4254,
frame_ms,0.3924,
frame_ms,0.2743,
frame_ms,0.2205,
frame_ms,0.2228,
frame_ms,0.2183,
frame_ms,0.2188,
frame_ms,0.211,
frame_ms,0.2424,
tick_us,143.6,4
frame_ms,0.5348,
frame_ms,0.2312,
frame_ms,0.2123,
frame_ms,0.2182,
frame_ms,0.2179,
frame_ms,0.2198,
frame_ms,0.2675,
frame_ms,0.2365,
frame_ms,0.2157,
frame_ms,0.2136,
frame_ms,0.2733,
frame_ms,0.269,
frame_ms,0.2291,
frame_ms,0.2144,
frame_ms,0.2092,
frame_ms,0.25,
frame_ms,0.3321,
frame_ms,0.2798,
frame_ms,0.271,
frame_ms,0.2221,
frame_ms,0.2155,
frame_ms,0.2229,
frame_ms,0.4991,
frame_ms,0.3636,
frame_ms,0.2473,
frame_ms,0.2193,
tick_us,142.2,4
frame_ms,0.5217,
frame_ms,0.2424,
frame_ms,0.2202,
frame_ms,0.2767,
frame_ms,0.2369,
frame_ms,0.2206,
frame_ms,0.2788,
frame_ms,0.2417,
frame_ms,0.2237,
frame_ms,0.4157,
frame_ms,0.2997,
frame_ms,0.2704,
frame_ms,0.2593,
frame_ms,0.3297,
frame_ms,0.2615,
frame_ms,0.2391,
frame_ms,0.3523,
frame_ms,0.3778,
frame_ms,0.3503,
frame_ms,0.3451,
frame_ms,0.5087,
frame_ms,0.2755,
frame_ms,0.2213,
tick_us,143.8,4
frame_ms,0.5198,
frame_ms,0.238,
frame_ms,0.223,
frame_ms,0.2449,
frame_ms,0.2249,
frame_ms,0.2172,
frame_ms,0.2254,
frame_ms,0.2276,
frame_ms,0.2475,
frame_ms,0.3347,
frame_ms,0.3904,
frame_ms,0.2482,
frame_ms,0.2161,
frame_ms,0.2135,
frame_ms,0.2391,
frame_ms,0.2136,
frame_ms,0.2424,
frame_ms,0.2618,
frame_ms,0.2606,
frame_ms,0.269,
frame_ms,0.2739,
frame_ms,0.4018,
frame_ms,0.2742,
frame_ms,0.2201,
frame_ms,0.2406,
frame_ms,0.221,
tick_us,144.5,4
frame_ms,0.524,
frame_ms,0.2406,
frame_ms,0.2778,
frame_ms,0.2367,
frame_ms,0.2891,
frame_ms,0.2175,
frame_ms,0.2265,
frame_ms,0.2205,
frame_ms,0.2862,
frame_ms,0.2766,
frame_ms,0.2322,
frame_ms,0.2268,
frame_ms,0.2739,
frame_ms,0.237,
frame_ms,0.2234,
frame_ms,0.2142,
frame_ms,0.3918,
frame_ms,0.2784,
frame_ms,0.2441,
frame_ms,0.2349,
frame_ms,0.2472,
frame_ms,0.2193,
frame_ms,0.2174,
frame_ms,0.2428,
frame_ms,0.2215,
frame_ms,0.2141,
frame_ms,0.2322,
tick_us,135.4,4
frame_ms,0.5324,
frame_ms,0.2817,
frame_ms,0.2399,
frame_ms,0.2144,
frame_ms,0.2149,
frame_ms,0.2391,
frame_ms,0.208,
frame_ms,0.2368,
frame_ms,0.2152,
frame_ms,0.2035,
frame_ms,0.2496,
frame_ms,0.2799,
frame_ms,0.2348,
frame_ms,0.2251,
frame_ms,0.2134,
frame_ms,0.2124,
frame_ms,0.2731,
frame_ms,0.2364,
frame_ms,0.2117,
frame_ms,0.2553,
frame_ms,0.2286,
frame_ms,0.2109,
frame_ms,0.3757,
frame_ms,0.2882,
frame_ms,0.2211,
frame_ms,0.2135,
frame_ms,0.2128,
frame_ms,0.2202,
tick_us,138.5,4
frame_ms,0.5756,
frame_ms,0.2514,
frame_ms,0.2645,
frame_ms,0.2272,
frame_ms,0.2239,
frame_ms,0.2177,
frame_ms,0.245,
frame_ms,0.2391,
frame_ms,0.2118,
frame_ms,0.2692,
frame_ms,0.2371,
frame_ms,0.2192,
frame_ms,0.2325,
frame_ms,0.2234,
frame_ms,0.2253,
frame_ms,0.2234,
frame_ms,0.2491,
frame_ms,0.2345,
frame_ms,0.2226,
frame_ms,0.2134,
frame_ms,0.2395,
frame_ms,0.2304,
frame_ms,0.2139,
frame_ms,0.2647,
frame_ms,0.685,
frame_ms,0.3386,
tick_us,131,4
frame_ms,0.5091,
frame_ms,0.2277,
frame_ms,0.2137,
frame_ms,0.2158,
frame_ms,0.2242,
frame_ms,0.2115,
frame_ms,0.2594,
frame_ms,0.2282,
frame_ms,0.2233,
frame_ms,0.216,
frame_ms,0.2694,
frame_ms,0.3916,
frame_ms,0.2562,
frame_ms,0.2294,
frame_ms,0.2263,
frame_ms,0.2291,
frame_ms,0.2234,
frame_ms,0.2217,
frame_ms,0.2762,
frame_ms,0.3251,
frame_ms,0.278,
frame_ms,0.5627,
frame_ms,0.3526,
frame_ms,0.352,
frame_ms,0.3126,
tick_us,145.5,4
frame_ms,0.5546,
frame_ms,0.2366,
frame_ms,0.2133,
frame_ms,0.2209,
frame_ms,0.2373,
frame_ms,0.2551,
frame_ms,0.5641,
frame_ms,0.3482,
frame_ms,0.3814,
frame_ms,0.3483,
frame_ms,0.355,
frame_ms,0.2938,
frame_ms,0.2277,
frame_ms,0.2545,
frame_ms,0.2142,
frame_ms,0.2138,
frame_ms,0.2142,
frame_ms,0.2587,
frame_ms,0.2246,
frame_ms,0.2099,
frame_ms,0.2202,
frame_ms,0.2429,
frame_ms,0.2174,
frame_ms,0.2099,
frame_ms,0.2366,
tick_us,143.7,6
frame_ms,0.5328,
frame_ms,0.2508,
frame_ms,0.2309,
frame_ms,0.2231,
frame_ms,0.2162,
frame_ms,0.2614,
frame_ms,0.2168,
frame_ms,0.2204,
frame_ms,0.2132,
frame_ms,0.2049,
frame_ms,0.2369,
frame_ms,0.226,
frame_ms,0.2102,
frame_ms,0.2196,
frame_ms,0.2098,
frame_ms,0.2062,
frame_ms,0.2676,
frame_ms,0.2947,
frame_ms,0.2499,
frame_ms,0.2527,
frame_ms,0.325,
frame_ms,0.6246,
frame_ms,0.3751,
frame_ms,0.3548,
frame_ms,0.2531,
tick_us,150,6
frame_ms,0.5555,
frame_ms,0.2886,
frame_ms,0.2682,
frame_ms,0.2353,
frame_ms,0.2161,
frame_ms,0.2084,
frame_ms,0.2554,
frame_ms,0.2278,
frame_ms,0.2163,
frame_ms,0.2789,
frame_ms,0.2477,
frame_ms,0.277,
frame_ms,0.2225,
frame_ms,0.2403,
frame_ms,0.2501,
frame_ms,0.2507,
frame_ms,0.2346,
frame_ms,0.2173,
frame_ms,0.2151,
frame_ms,0.2605,
frame_ms,0.2467,
frame_ms,0.2326,
frame_ms,0.2197,
frame_ms,0.2788,
frame_ms,0.2945,
frame_ms,0.2602,
tick_us,162.8,6
frame_ms,0.7473,
frame_ms,0.2815,
frame_ms,0.2214,
frame_ms,0.2212,
frame_ms,0.2172,
frame_ms,0.4306,
frame_ms,0.3096,
frame_ms,0.2544,
frame_ms,0.2193,
frame_ms,0.2244,
frame_ms,0.2308,
frame_ms,0.231,
frame_ms,0.221,
frame_ms,0.2904,
frame_ms,0.273,
frame_ms,0.2569,
frame_ms,0.2441,
frame_ms,0.2342,
frame_ms,0.2398,
frame_ms,0.2304,
frame_ms,0.2697,
frame_ms,0.262,
frame_ms,0.2304,
frame_ms,0.2212,
frame_ms,0.2467,
frame_ms,0.233,
frame_ms,0.2107,
tick_us,141.9,6
frame_ms,0.5688,
frame_ms,0.3073,
frame_ms,0.2528,
frame_ms,0.2573,
frame_ms,0.2469,
frame_ms,0.2149,
frame_ms,0.2106,
frame_ms,0.2161,
frame_ms,0.2477,
frame_ms,0.2395,
frame_ms,0.2347,
frame_ms,0.2075,
frame_ms,0.2493,
frame_ms,0.222,
frame_ms,0.2054,
frame_ms,0.2534,
frame_ms,0.2763,
frame_ms,0.2192,
frame_ms,0.2123,
frame_ms,0.2367,
frame_ms,0.2397,
frame_ms,0.2354,
frame_ms,0.2057,
frame_ms,0.2015,
frame_ms,0.2256,
frame_ms,0.2093,
frame_ms,0.2702,
frame_ms,0.225,
tick_us,146.3,6
frame_ms,0.5134,
frame_ms,0.2301,
frame_ms,0.2046,
frame_ms,0.2057,
frame_ms,0.2039,
frame_ms,0.2844,
frame_ms,0.2728,
frame_ms,0.2397,
frame_ms,0.2261,
frame_ms,0.2201,
frame_ms,0.2257,
frame_ms,0.3739,
frame_ms,0.2583,
frame_ms,0.2266,
frame_ms,0.2211,
frame_ms,0.2131,
frame_ms,0.212,
frame_ms,0.2728,
frame_ms,0.3281,
frame_ms,0.2269,
frame_ms,0.2239,
frame_ms,0.2148,
frame_ms,0.229,
frame_ms,0.2262,
frame_ms,0.2188,
frame_ms,0.2416,
frame_ms,0.2254,
frame_ms,0.2809,
tick_us,142.7,6
frame_ms,0.5793,
frame_ms,0.3016,
frame_ms,0.7893,
frame_ms,0.2551,
frame_ms,0.2187,
frame_ms,0.8149,
frame_ms,0.4034,
frame_ms,0.3542,
frame_ms,0.3444,
frame_ms,0.2923,
frame_ms,0.2412,
frame_ms,0.215,
frame_ms,0.2329,
frame_ms,0.2207,
frame_ms,0.2459,
frame_ms,0.2557,
frame_ms,0.2523,
frame_ms,0.2307,
frame_ms,0.2121,
frame_ms,0.2295,
frame_ms,0.2438,
tick_us,147.7,4
frame_ms,0.5532,
frame_ms,0.2964,
frame_ms,0.4,
frame_ms,0.2904,
frame_ms,0.2319,
frame_ms,0.2224,
frame_ms,0.223,
frame_ms,0.2188,
frame_ms,0.2363,
frame_ms,0.2464,
frame_ms,0.2314,
frame_ms,0.2249,
frame_ms,0.2611,
frame_ms,0.2413,
frame_ms,0.2273,
frame_ms,0.23,
frame_ms,0.2333,
frame_ms,0.3797,
frame_ms,0.3419,
frame_ms,0.4004,
frame_ms,0.3684,
frame_ms,0.3118,
frame_ms,0.2506,
frame_ms,0.2216,
tick_us,134.3,4
frame_ms,0.525,
frame_ms,0.2757,
frame_ms,0.2216,
frame_ms,0.222,
frame_ms,0.2427,
frame_ms,0.2493,
frame_ms,0.2549,
frame_ms,0.2682,
frame_ms,0.2308,
frame_ms,0.225,
frame_ms,0.2152,
frame_ms,0.2119,
frame_ms,0.266,
frame_ms,0.2313,
frame_ms,0.2174,
frame_ms,0.2123,
frame_ms,0.2178,
frame_ms,0.275,
frame_ms,0.241,
frame_ms,0.2156,
frame_ms,0.237,
frame_ms,0.2307,
frame_ms,0.2217,
frame_ms,0.2739,
frame_ms,0.2475,
frame_ms,0.22,
frame_ms,0.2152,
frame_ms,0.2551,
tick_us,137.9,4
frame_ms,0.5215,
frame_ms,0.254,
frame_ms,0.2152,
frame_ms,0.2145,
frame_ms,0.2076,
frame_ms,0.2493,
frame_ms,0.2102,
frame_ms,0.2725,
frame_ms,0.223,
frame_ms,0.2173,
frame_ms,0.2414,
frame_ms,0.2215,
frame_ms,0.2131,
frame_ms,0.2391,
frame_ms,0.2261,
frame_ms,0.2105,
frame_ms,0.2379,
frame_ms,0.2197,
frame_ms,0.2079,
frame_ms,0.2367,
frame_ms,0.2677,
frame_ms,0.2282,
frame_ms,0.2215,
frame_ms,0.2128,
frame_ms,0.2249,
frame_ms,0.2127,
frame_ms,0.2077,
frame_ms,0.2418,
tick_us,135.9,4
frame_ms,1.0532,
frame_ms,0.2624,
frame_ms,0.2425,
frame_ms,0.2169,
frame_ms,0.2151,
frame_ms,0.2067,
frame_ms,0.2152,
frame_ms,0.2206,
frame_ms,0.2708,
frame_ms,0.2277,
frame_ms,0.2058,
frame_ms,0.2273,
frame_ms,0.2191,
frame_ms,0.2066,
frame_ms,0.2459,
frame_ms,0.2193,
frame_ms,0.2064,
frame_ms,0.2436,
frame_ms,0.3108,
frame_ms,0.3745,
frame_ms,0.3396,
frame_ms,0.335,
frame_ms,0.3328,
frame_ms,0.2393,
frame_ms,0.2072,
frame_ms,0.2076,
tick_us,135.2,4
frame_ms,0.4874,
frame_ms,0.2215,
frame_ms,0.2645,
frame_ms,0.2761,
frame_ms,0.2259,
frame_ms,0.2327,
frame_ms,0.2672,
frame_ms,0.2673,
frame_ms,0.2347,
frame_ms,0.5323,
frame_ms,0.3198,
frame_ms,0.2566,
frame_ms,0.2355,
frame_ms,0.2145,
frame_ms,0.2188,
frame_ms,0.2167,
frame_ms,0.2205,
frame_ms,0.2805,
frame_ms,0.257,
frame_ms,0.2279,
frame_ms,0.2171,
frame_ms,0.2084,
frame_ms,0.2317,
frame_ms,0.2283,
frame_ms,0.2417,
frame_ms,0.229,
frame_ms,0.2468,
tick_us,161.5,4
frame_ms,0.5714,
frame_ms,0.2277,
frame_ms,0.2072,
frame_ms,0.2096,
frame_ms,0.3405,
frame_ms,0.2746,
frame_ms,0.3102,
frame_ms,0.256,
frame_ms,0.223,
frame_ms,0.2163,
frame_ms,0.2078,
frame_ms,0.2104,
frame_ms,0.2489,
frame_ms,0.2675,
frame_ms,0.2321,
frame_ms,0.22,
frame_ms,0.2085,
frame_ms,0.2395,
frame_ms,0.2206,
frame_ms,0.2114,
frame_ms,0.2524,
frame_ms,0.2227,
frame_ms,0.2065,
frame_ms,0.2215,
frame_ms,0.2089,
frame_ms,0.2008,
frame_ms,0.269,
frame_ms,0.2268,
tick_us,143.9,4
frame_ms,0.5099,
frame_ms,0.2378,
frame_ms,0.2039,
frame_ms,0.2071,
frame_ms,0.2022,
frame_ms,0.225,
frame_ms,0.267,
frame_ms,0.2257,
frame_ms,0.2226,
frame_ms,0.2178,
frame_ms,0.211,
frame_ms,0.2841,
frame_ms,0.2305,
frame_ms,0.2127,
frame_ms,0.2157,
frame_ms,0.2386,
frame_ms,0.2218,
frame_ms,0.2364,
frame_ms,0.2705,
frame_ms,0.2343,
frame_ms,0.2402,
frame_ms,0.2183,
frame_ms,0.2157,
frame_ms,0.2162,
frame_ms,0.2711,
frame_ms,0.2616,
frame_ms,0.227,
frame_ms,0.2175,
frame_ms,0.2107,
tick_us,139.5,4
frame_ms,0.5262,
frame_ms,0.2328,
frame_ms,0.207,
frame_ms,0.2091,
frame_ms,0.2057,
frame_ms,0.241,
frame_ms,0.2622,
frame_ms,0.2239,
frame_ms,0.2085,
frame_ms,0.2466,
frame_ms,0.4019,
frame_ms,0.399,
frame_ms,0.331,
frame_ms,0.3272,
frame_ms,0.3161,
frame_ms,0.3164,
frame_ms,0.3342,
frame_ms,0.3223,
frame_ms,0.3302,
frame_ms,0.345,
frame_ms,0.2402,
frame_ms,0.2085,
frame_ms,0.2143,
frame_ms,0.2121,
tick_us,135.9,4
frame_ms,0.5257,
frame_ms,0.231,
frame_ms,0.2077,
frame_ms,0.2119,
frame_ms,0.2037,
frame_ms,0.2434,
frame_ms,0.2163,
frame_ms,0.2094,
frame_ms,0.2239,
frame_ms,0.2045,
frame_ms,0.2012,
frame_ms,0.273,
frame_ms,0.2237,
frame_ms,0.2113,
frame_ms,0.2343,
frame_ms,0.2392,
frame_ms,0.2168,
frame_ms,0.2071,
frame_ms,0.2517,
frame_ms,0.2247,
frame_ms,0.2073,
frame_ms,0.2504,
frame_ms,0.2195,
frame_ms,0.2017,
frame_ms,0.2559,
frame_ms,0.2252,
frame_ms,0.206,
frame_ms,0.2454,
frame_ms,0.3269,
tick_us,135.8,4
frame_ms,0.7853,
frame_ms,0.3346,
frame_ms,0.3574,
frame_ms,0.2472,
frame_ms,0.2085,
frame_ms,0.2139,
frame_ms,0.204,
frame_ms,0.2403,
frame_ms,0.2258,
frame_ms,0.2127,
frame_ms,0.2168,
frame_ms,0.2433,
frame_ms,0.2176,
frame_ms,0.2025,
frame_ms,0.2525,
frame_ms,0.2239,
frame_ms,0.2058,
frame_ms,0.2462,
frame_ms,0.2251,
frame_ms,0.5209,
frame_ms,0.2628,
frame_ms,0.2135,
frame_ms,0.209,
frame_ms,0.2026,
frame_ms,0.2038,
frame_ms,0.2467,
tick_us,134.5,4
frame_ms,0.5046,
frame_ms,0.2347,
frame_ms,0.2045,
frame_ms,0.2045,
frame_ms,0.1984,
frame_ms,0.2236,
frame_ms,0.2665,
frame_ms,0.2687,
frame_ms,0.2307,
frame_ms,0.224,
frame_ms,0.2134,
frame_ms,0.227,
frame_ms,0.2139,
frame_ms,0.2116,
frame_ms,0.2637,
frame_ms,0.2464,
frame_ms,0.2177,
frame_ms,0.2078,
frame_ms,0.2427,
frame_ms,0.2209,
frame_ms,0.263,
frame_ms,0.2297,
frame_ms,0.2341,
frame_ms,0.2204,
frame_ms,0.2039,
frame_ms,0.2559,
frame_ms,0.2207,
frame_ms,0.2025,
frame_ms,0.247,
frame_ms,0.2169,
tick_us,134.3,4
frame_ms,0.4898,
frame_ms,0.2247,
frame_ms,0.2018,
frame_ms,0.2049,
frame_ms,0.2339,
frame_ms,0.2582,
frame_ms,0.2297,
frame_ms,0.2142,
frame_ms,0.2247,
frame_ms,0.2401,
frame_ms,0.2433,
frame_ms,0.2211,
frame_ms,0.2292,
frame_ms,0.206,
frame_ms,0.2884,
frame_ms,0.2315,
frame_ms,0.2306,
frame_ms,0.2422,
frame_ms,0.257,
frame_ms,0.2237,
frame_ms,0.2069,
frame_ms,0.2191,
frame_ms,0.203,
frame_ms,0.2038,
frame_ms,0.247,
frame_ms,0.2248,
frame_ms,0.2057,
frame_ms,0.2188,
frame_ms,0.2119,
tick_us,133.6,4
frame_ms,0.7349,
frame_ms,0.2855,
frame_ms,0.2172,
frame_ms,0.2136,
frame_ms,0.216,
frame_ms,0.2361,
frame_ms,0.2162,
frame_ms,0.2158,
frame_ms,0.2422,
frame_ms,0.2174,
frame_ms,0.2142,
frame_ms,0.2203,
frame_ms,0.2407,
frame_ms,0.2215,
frame_ms,0.2102,
frame_ms,0.223,
frame_ms,0.2536,
frame_ms,0.2779,
frame_ms,0.226,
frame_ms,0.2429,
frame_ms,0.2337,
frame_ms,0.2252,
frame_ms,0.2112,
frame_ms,0.2509,
frame_ms,0.2593,
frame_ms,0.2254,
frame_ms,0.2113,
frame_ms,0.2081,
tick_us,142.3,4
frame_ms,0.5045,
frame_ms,0.2214,
frame_ms,0.2156,
frame_ms,0.2133,
frame_ms,0.2034,
frame_ms,0.2065,
frame_ms,0.27,
frame_ms,0.2283,
frame_ms,0.2074,
frame_ms,0.2474,
frame_ms,0.2501,
frame_ms,0.2461,
frame_ms,0.2231,
frame_ms,0.235,
frame_ms,0.2227,
frame_ms,0.2146,
frame_ms,0.2733,
frame_ms,0.2657,
frame_ms,0.2238,
frame_ms,0.2177,
frame_ms,0.2118,
frame_ms,0.2078,
frame_ms,0.2409,
frame_ms,0.2231,
frame_ms,0.215,
frame_ms,0.2116,
frame_ms,0.2859,
frame_ms,0.2289,
frame_ms,0.2108,
tick_us,137.3,4
frame_ms,0.521,
frame_ms,0.2308,
frame_ms,0.2059,
frame_ms,0.2061,
frame_ms,0.2183,
frame_ms,0.3296,
frame_ms,0.429,
frame_ms,0.462,
frame_ms,0.3131,
frame_ms,0.28,
frame_ms,0.2649,
frame_ms,0.2233,
frame_ms,0.2198,
frame_ms,0.2097,
frame_ms,0.2511,
frame_ms,0.2675,
frame_ms,0.2276,
frame_ms,0.2166,
frame_ms,0.2123,
frame_ms,0.2248,
frame_ms,0.2479,
frame_ms,0.2164,
frame_ms,0.2381,
frame_ms,0.2415,
frame_ms,0.2157,
frame_ms,0.2541,
tick_us,135.5,4
frame_ms,0.5705,
frame_ms,0.2378,
frame_ms,0.2103,
frame_ms,0.209,
frame_ms,0.2031,
frame_ms,0.237,
frame_ms,0.2437,
frame_ms,0.2097,
frame_ms,0.2388,
frame_ms,0.2212,
frame_ms,0.2062,
frame_ms,0.2583,
frame_ms,0.224,
frame_ms,0.2081,
frame_ms,0.2419,
frame_ms,0.2145,
frame_ms,0.2028,
frame_ms,0.2642,
frame_ms,0.2313,
frame_ms,0.5333,
frame_ms,0.4723,
frame_ms,0.2817,
frame_ms,0.2797,
frame_ms,0.2165,
frame_ms,0.2423,
frame_ms,0.3948,
tick_us,133.4,4
frame_ms,0.6446,
frame_ms,0.252,
frame_ms,0.2438,
frame_ms,0.2176,
frame_ms,0.2306,
frame_ms,0.2148,
frame_ms,0.213,
frame_ms,0.438,
frame_ms,0.3113,
frame_ms,0.2274,
frame_ms,0.2443,
frame_ms,0.2152,
frame_ms,0.2693,
frame_ms,0.3595,
frame_ms,0.3154,
frame_ms,0.3106,
frame_ms,0.2557,
frame_ms,0.3329,
frame_ms,0.4323,
frame_ms,0.2874,
frame_ms,0.2326,
frame_ms,0.2206,
frame_ms,0.2291,
frame_ms,0.2246,
tick_us,144.7,4
frame_ms,0.5482,
frame_ms,0.2991,
frame_ms,0.2383,
frame_ms,0.2186,
frame_ms,0.225,
frame_ms,0.2521,
frame_ms,0.2333,
frame_ms,0.2269,
frame_ms,0.2139,
frame_ms,0.3219,
frame_ms,0.2451,
frame_ms,0.2298,
frame_ms,0.2265,
frame_ms,0.3055,
frame_ms,0.2809,
frame_ms,0.2244,
frame_ms,0.2174,
frame_ms,0.2113,
frame_ms,0.2459,
frame_ms,0.227,
frame_ms,0.2112,
frame_ms,0.2374,
frame_ms,0.2183,
frame_ms,0.2488,
frame_ms,0.2209,
frame_ms,0.3147,
frame_ms,0.2403,
tick_us,145.2,4
frame_ms,0.5613,
frame_ms,0.2443,
frame_ms,0.2144,
frame_ms,0.2226,
frame_ms,0.2215,
frame_ms,0.2222,
frame_ms,0.2262,
frame_ms,0.294,
frame_ms,0.2751,
frame_ms,0.2462,
frame_ms,0.2669,
frame_ms,0.2402,
frame_ms,0.2606,
frame_ms,0.2533,
frame_ms,0.2324,
frame_ms,0.4145,
frame_ms,0.3683,
frame_ms,0.3572,
frame_ms,0.3528,
frame_ms,1.5237,
tick_us,143.1,4
frame_ms,0.7139,
frame_ms,0.2925,
frame_ms,0.2735,
frame_ms,0.2569,
frame_ms,0.2267,
frame_ms,0.2254,
frame_ms,0.2251,
frame_ms,0.2128,
frame_ms,0.2657,
frame_ms,0.2194,
frame_ms,0.2215,
frame_ms,0.2578,
frame_ms,0.2893,
frame_ms,0.3918,
frame_ms,0.3428,
frame_ms,0.2795,
frame_ms,0.2191,
frame_ms,0.2186,
frame_ms,0.2108,
frame_ms,0.2261,
frame_ms,0.2924,
frame_ms,0.4491,
frame_ms,0.2644,
frame_ms,0.2536,
tick_us,144.9,4
frame_ms,0.5649,
frame_ms,0.3732,
frame_ms,0.2688,
frame_ms,0.2295,
frame_ms,0.2197,
frame_ms,0.2188,
frame_ms,0.2155,
frame_ms,0.2537,
frame_ms,0.2293,
frame_ms,0.2116,
frame_ms,0.2727,
frame_ms,0.2696,
frame_ms,0.2724,
frame_ms,0.2345,
frame_ms,0.2202,
frame_ms,0.2164,
frame_ms,0.2832,
frame_ms,0.2502,
frame_ms,0.2179,
frame_ms,0.2276,
frame_ms,0.4391,
frame_ms,0.3518,
frame_ms,0.3382,
frame_ms,0.4689,
frame_ms,0.263,
tick_us,156.6,4
frame_ms,0.5985,
frame_ms,0.4366,
frame_ms,0.4273,
frame_ms,0.3618,
frame_ms,0.3349,
frame_ms,0.3293,
frame_ms,0.2874,
frame_ms,0.2654,
frame_ms,0.4002,
frame_ms,0.3603,
frame_ms,0.3344,
frame_ms,0.3752,
frame_ms,0.3538,
frame_ms,0.343,
frame_ms,0.3907,
frame_ms,0.272,
frame_ms,0.2882,
frame_ms,0.2358,
frame_ms,0.2233,
frame_ms,0.2802,
tick_us,164.5,6
frame_ms,0.5526,
frame_ms,0.2361,
frame_ms,0.2211,
frame_ms,0.2202,
frame_ms,0.4209,
frame_ms,0.3801,
frame_ms,0.2695,
frame_ms,0.219,
frame_ms,0.2197,
frame_ms,0.3358,
frame_ms,0.3121,
frame_ms,0.2419,
frame_ms,0.3717,
frame_ms,0.3568,
frame_ms,0.3036,
frame_ms,0.2619,
frame_ms,0.242,
frame_ms,0.2193,
frame_ms,0.3892,
frame_ms,0.2437,
frame_ms,0.2773,
frame_ms,0.2171,
frame_ms,0.2155,
frame_ms,0.214,
tick_us,144.7,6
frame_ms,0.5135,
frame_ms,0.354,
frame_ms,0.2628,
frame_ms,0.2506,
frame_ms,0.2194,
frame_ms,0.7326,
frame_ms,0.2604,
frame_ms,0.3057,
frame_ms,0.2477,
frame_ms,0.2303,
frame_ms,0.246,
frame_ms,0.2726,
frame_ms,0.2334,
frame_ms,0.2239,
frame_ms,0.2206,
frame_ms,0.2459,
frame_ms,0.976,
frame_ms,0.2271,
frame_ms,0.2155,
frame_ms,0.3387,
frame_ms,0.3787,
tick_us,190.7,6
frame_ms,0.7632,
frame_ms,0.371,
frame_ms,0.3482,
frame_ms,0.2546,
frame_ms,0.2181,
frame_ms,0.2275,
frame_ms,0.2216,
frame_ms,0.2171,
frame_ms,0.2369,
frame_ms,0.2444,
frame_ms,0.2383,
frame_ms,0.2339,
frame_ms,0.2615,
frame_ms,0.3049,
frame_ms,0.3086,
frame_ms,0.2902,
frame_ms,0.2494,
frame_ms,0.2348,
frame_ms,0.2287,
frame_ms,0.2242,
frame_ms,0.2397,
frame_ms,0.2256,
frame_ms,0.2188,
frame_ms,0.2678,
frame_ms,0.303,
tick_us,148.1,4
frame_ms,0.5535,
frame_ms,0.2539,
frame_ms,0.2266,
frame_ms,0.2327,
frame_ms,0.228,
frame_ms,0.239,
frame_ms,0.2231,
frame_ms,0.2432,
frame_ms,0.2457,
frame_ms,0.2184,
frame_ms,0.2289,
frame_ms,0.3701,
frame_ms,0.2951,
frame_ms,0.2413,
frame_ms,0.375,
frame_ms,0.2321,
frame_ms,0.5534,
frame_ms,0.3131,
frame_ms,0.2574,
frame_ms,0.2404,
frame_ms,0.2235,
frame_ms,0.4196,
frame_ms,0.2714,
tick_us,158.6,4
frame_ms,0.6906,
frame_ms,0.2881,
frame_ms,0.3273,
frame_ms,0.5721,
frame_ms,0.2884,
frame_ms,0.3198,
frame_ms,0.2486,
frame_ms,0.3302,
frame_ms,0.4503,
frame_ms,0.2599,
frame_ms,0.2296,
frame_ms,0.2265,
frame_ms,0.23,
frame_ms,0.2205,
frame_ms,0.232,
frame_ms,0.2311,
frame_ms,0.2458,
frame_ms,0.2411,
frame_ms,1.0598,
frame_ms,0.2272,
frame_ms,0.2433,
tick_us,137.5,2
frame_ms,0.5617,
frame_ms,0.251,
frame_ms,0.2254,
frame_ms,0.2247,
frame_ms,0.2258,
frame_ms,0.2276,
frame_ms,0.2205,
frame_ms,0.2582,
frame_ms,0.2341,
frame_ms,0.2228,
frame_ms,0.2146,
frame_ms,0.2448,
frame_ms,0.2287,
frame_ms,0.2212,
frame_ms,0.2425,
frame_ms,0.2346,
frame_ms,0.2256,
frame_ms,0.597,
frame_ms,0.5218,
frame_ms,0.3235,
frame_ms,0.2656,
frame_ms,0.2635,
frame_ms,0.4026,
tick_us,156.2,2
frame_ms,0.7795,
frame_ms,0.2715,
frame_ms,0.2544,
frame_ms,0.2401,
frame_ms,0.2339,
frame_ms,0.2837,
frame_ms,0.2978,
frame_ms,0.2609,
frame_ms,0.232,
frame_ms,0.2302,
frame_ms,0.2295,
frame_ms,0.242,
frame_ms,0.2259,
frame_ms,0.2205,
frame_ms,0.2408,
frame_ms,0.2367,
frame_ms,0.2589,
frame_ms,0.2272,
frame_ms,0.233,
frame_ms,0.2966,
frame_ms,0.2593,
frame_ms,0.2357,
frame_ms,0.33,
frame_ms,0.4111,
frame_ms,0.3549,
frame_ms,0.2598,
tick_us,140.7,2
frame_ms,0.5187,
frame_ms,0.2355,
frame_ms,0.2166,
frame_ms,0.2139,
frame_ms,0.2418,
frame_ms,0.2259,
frame_ms,0.2146,
frame_ms,0.4252,
frame_ms,0.36,
frame_ms,0.4281,
frame_ms,0.3091,
frame_ms,0.2722,
frame_ms,0.2278,
frame_ms,0.2199,
frame_ms,0.2235,
frame_ms,0.2256,
frame_ms,0.237,
frame_ms,0.2264,
frame_ms,0.2289,
frame_ms,0.2574,
frame_ms,0.2232,
frame_ms,0.2088,
frame_ms,0.5663,
frame_ms,0.3391,
tick_us,158,2
frame_ms,0.5604,
frame_ms,0.2458,
frame_ms,0.2532,
frame_ms,0.2427,
frame_ms,0.2353,
frame_ms,0.2253,
frame_ms,0.2196,
frame_ms,0.2207,
frame_ms,0.2136,
frame_ms,0.2776,
frame_ms,0.2351,
frame_ms,0.2244,
frame_ms,0.2267,
frame_ms,0.2341,
frame_ms,0.2206,
frame_ms,0.2093,
frame_ms,0.2466,
frame_ms,0.2843,
frame_ms,0.3026,
frame_ms,0.2539,
frame_ms,0.2228,
frame_ms,0.216,
frame_ms,0.2104,
frame_ms,0.2433,
frame_ms,0.2236,
frame_ms,0.2138,
frame_ms,0.4223,
tick_us,165.5,2
frame_ms,0.7168,
frame_ms,0.2451,
frame_ms,0.2175,
frame_ms,0.2155,
frame_ms,0.2172,
frame_ms,0.2222,
frame_ms,0.2153,
frame_ms,0.2821,
frame_ms,0.237,
frame_ms,0.2156,
frame_ms,0.2501,
frame_ms,0.2848,
frame_ms,0.2317,
frame_ms,0.2277,
frame_ms,0.2184,
frame_ms,0.2204,
frame_ms,0.2768,
frame_ms,0.2951,
frame_ms,0.2985,
frame_ms,0.2369,
frame_ms,0.2371,
frame_ms,0.2303,
frame_ms,0.289,
frame_ms,0.2595,
frame_ms,0.2366,
frame_ms,0.231,
frame_ms,0.2215,
tick_us,150.5,2
frame_ms,0.7027,
frame_ms,0.9948,
frame_ms,0.4054,
frame_ms,0.5016,
frame_ms,0.296,
frame_ms,0.2894,
frame_ms,0.2424,
frame_ms,0.2485,
frame_ms,0.4212,
frame_ms,0.4376,
frame_ms,0.2825,
frame_ms,0.2355,
frame_ms,0.2301,
frame_ms,0.2582,
frame_ms,0.2281,
frame_ms,0.2898,
frame_ms,0.3261,
frame_ms,0.2704,
frame_ms,0.2419,
tick_us,154.6,2
frame_ms,0.5649,
frame_ms,0.2671,
frame_ms,0.2693,
frame_ms,0.3213,
frame_ms,0.3794,
frame_ms,0.2971,
frame_ms,0.2913,
frame_ms,0.2425,
frame_ms,0.2377,
frame_ms,0.2393,
frame_ms,0.2898,
frame_ms,0.242,
frame_ms,0.2238,
frame_ms,0.2277,
frame_ms,0.2196,
frame_ms,0.515,
frame_ms,0.4788,
frame_ms,0.395,
frame_ms,0.3583,
frame_ms,0.3638,
frame_ms,0.304,
frame_ms,0.2518,
tick_us,146.1,2
frame_ms,0.5557,
frame_ms,0.2535,
frame_ms,0.2409,
frame_ms,0.2338,
frame_ms,0.2308,
frame_ms,0.3036,
frame_ms,1.122,
frame_ms,0.3255,
frame_ms,0.3333,
frame_ms,0.3476,
frame_ms,0.3094,
frame_ms,0.23,
frame_ms,0.2272,
frame_ms,0.2305,
frame_ms,0.2256,
frame_ms,0.225,
frame_ms,0.2849,
frame_ms,0.3485,
frame_ms,0.2614,
frame_ms,0.2723,
frame_ms,0.2674,
tick_us,166.9,2
frame_ms,0.5911,
frame_ms,1.0467,
frame_ms,0.373,
frame_ms,0.3814,
frame_ms,0.3552,
frame_ms,0.3219,
frame_ms,0.4198,
frame_ms,0.4524,
frame_ms,0.2701,
frame_ms,0.262,
frame_ms,0.9522,
frame_ms,0.3696,
frame_ms,0.4475,
frame_ms,0.3089,
frame_ms,0.321,
frame_ms,0.2951,
tick_us,151.9,2
frame_ms,0.6461,
frame_ms,0.3351,
frame_ms,0.7276,
frame_ms,0.2667,
frame_ms,0.2406,
frame_ms,0.3275,
frame_ms,0.3203,
frame_ms,0.2409,
frame_ms,0.2447,
frame_ms,0.3383,
frame_ms,0.2606,
frame_ms,0.8112,
frame_ms,0.684,
frame_ms,0.3726,
frame_ms,0.3031,
frame_ms,0.376,
frame_ms,0.4243,
tick_us,193.4,2
frame_ms,0.7391,
frame_ms,0.302,
frame_ms,0.3931,
frame_ms,0.4425,
frame_ms,0.3651,
frame_ms,0.4398,
frame_ms,0.3688,
frame_ms,0.2629,
frame_ms,0.2312,
frame_ms,0.2363,
frame_ms,0.2837,
frame_ms,0.4429,
frame_ms,0.3628,
frame_ms,0.2515,
frame_ms,0.2277,
frame_ms,0.2365,
frame_ms,0.3135,
frame_ms,0.2558,
frame_ms,0.3206,
frame_ms,0.2465,
frame_ms,0.2368,
tick_us,217.2,2
frame_ms,0.6821,
frame_ms,0.4022,
frame_ms,0.3919,
frame_ms,0.3731,
frame_ms,0.2657,
frame_ms,0.3635,
frame_ms,0.3677,
frame_ms,0.2776,
frame_ms,0.2332,
frame_ms,0.2374,
frame_ms,0.2377,
frame_ms,0.2958,
frame_ms,0.3662,
frame_ms,0.3249,
frame_ms,0.2696,
frame_ms,0.2404,
frame_ms,0.297,
frame_ms,0.6639,
frame_ms,0.3583,
tick_us,210.9,2
frame_ms,0.8311,
frame_ms,0.3294,
frame_ms,0.2771,
frame_ms,1.0683,
frame_ms,0.4616,
frame_ms,0.3447,
frame_ms,0.2848,
frame_ms,0.2476,
frame_ms,0.2404,
frame_ms,0.2392,
frame_ms,0.3922,
frame_ms,0.3583,
frame_ms,0.4067,
frame_ms,0.3213,
frame_ms,0.3572,
frame_ms,0.388,
frame_ms,0.3308,
tick_us,227.1,2
frame_ms,0.9819,
frame_ms,0.5636,
frame_ms,1.9664,
frame_ms,0.579,
frame_ms,0.3457,
frame_ms,0.507,
frame_ms,0.4497,
frame_ms,0.2947,
frame_ms,0.305,
frame_ms,0.45,
frame_ms,0.6954,
tick_us,184.4,4
frame_ms,0.7459,
frame_ms,0.6846,
frame_ms,0.3881,
frame_ms,0.3623,
frame_ms,0.3007,
frame_ms,1.1202,
frame_ms,0.407,
frame_ms,0.3718,
frame_ms,0.3885,
frame_ms,0.2791,
frame_ms,0.2699,
frame_ms,0.6092,
frame_ms,0.3405,
frame_ms,0.2838,
frame_ms,0.2454,
frame_ms,0.2437,
tick_us,155.1,4
frame_ms,0.6511,
frame_ms,0.3643,
frame_ms,0.2859,
frame_ms,0.2378,
frame_ms,0.2395,
frame_ms,0.2749,
frame_ms,0.3721,
frame_ms,1.4197,
frame_ms,0.2808,
frame_ms,0.2482,
frame_ms,0.2705,
frame_ms,0.2429,
frame_ms,0.2527,
frame_ms,0.2526,
frame_ms,0.3985,
frame_ms,0.4093,
frame_ms,0.3662,
tick_us,176.4,4
frame_ms,0.9592,
frame_ms,0.4749,
frame_ms,0.4274,
frame_ms,0.4374,
frame_ms,0.5383,
frame_ms,0.3654,
frame_ms,0.8335,
frame_ms,0.2771,
frame_ms,0.3446,
frame_ms,0.4084,
frame_ms,0.3456,
frame_ms,0.2605,
frame_ms,0.2375,
frame_ms,0.2369,
frame_ms,0.2344,
frame_ms,0.2394,
frame_ms,0.2612,
frame_ms,0.2407,
frame_ms,0.243,
tick_us,162.7,4
frame_ms,0.5967,
frame_ms,0.2738,
frame_ms,0.2409,
frame_ms,0.2418,
frame_ms,0.245,
frame_ms,0.2359,
frame_ms,0.2295,
frame_ms,0.258,
frame_ms,0.2363,
frame_ms,0.2282,
frame_ms,0.2589,
frame_ms,0.2483,
frame_ms,0.264,
frame_ms,0.3108,
frame_ms,0.4139,
frame_ms,0.3686,
frame_ms,0.4003,
frame_ms,0.3304,
frame_ms,0.2918,
frame_ms,0.3805,
frame_ms,0.2946,
frame_ms,0.2467,
frame_ms,0.2433,
tick_us,165.5,4
frame_ms,0.5925,
frame_ms,0.2755,
frame_ms,0.2191,
frame_ms,0.2475,
frame_ms,0.2189,
frame_ms,0.2287,
frame_ms,0.2238,
frame_ms,0.2519,
frame_ms,0.2234,
frame_ms,0.249,
frame_ms,0.2205,
frame_ms,0.5041,
frame_ms,0.4847,
frame_ms,0.348,
frame_ms,0.4162,
frame_ms,0.3767,
frame_ms,0.3624,
frame_ms,0.3558,
frame_ms,0.3206,
frame_ms,0.3283,
frame_ms,0.2756,
frame_ms,0.252,
tick_us,180.4,4
frame_ms,0.6252,
frame_ms,0.4037,
frame_ms,0.3033,
frame_ms,0.2579,
frame_ms,0.2583,
frame_ms,0.2538,
frame_ms,0.2509,
frame_ms,0.2548,
frame_ms,0.2554,
frame_ms,0.2393,
frame_ms,0.331,
frame_ms,0.2872,
frame_ms,0.255,
frame_ms,0.2545,
frame_ms,0.2775,
frame_ms,0.2564,
frame_ms,0.2791,
frame_ms,0.2591,
frame_ms,0.2576,
frame_ms,0.2727,
frame_ms,0.2718,
frame_ms,0.2601,
frame_ms,0.26,
frame_ms,0.248,
tick_us,184.8,2
frame_ms,0.6283,
frame_ms,0.3071,
frame_ms,0.2498,
frame_ms,0.2165,
frame_ms,0.2193,
frame_ms,0.219,
frame_ms,0.2115,
frame_ms,0.2626,
frame_ms,0.2289,
frame_ms,0.2104,
frame_ms,0.267,
frame_ms,0.28,
frame_ms,0.2498,
frame_ms,0.255,
frame_ms,0.2453,
frame_ms,1.1632,
frame_ms,0.3883,
frame_ms,0.4365,
frame_ms,0.336,
frame_ms,0.46,
tick_us,153.7,2
frame_ms,0.8336,
frame_ms,0.4206,
frame_ms,0.5984,
frame_ms,0.3162,
frame_ms,0.3758,
frame_ms,0.3234,
frame_ms,0.3744,
frame_ms,0.2829,
frame_ms,0.2339,
frame_ms,0.2298,
frame_ms,0.2224,
frame_ms,0.218,
frame_ms,0.2165,
frame_ms,0.2973,
frame_ms,0.316,
frame_ms,0.4059,
frame_ms,0.261,
frame_ms,0.2275,
frame_ms,0.2384,
frame_ms,0.2353,
frame_ms,0.3161,
tick_us,198.2,2
frame_ms,0.7328,
frame_ms,0.4004,
frame_ms,0.4019,
frame_ms,0.4975,
frame_ms,0.4361,
frame_ms,0.4305,
frame_ms,0.3091,
frame_ms,0.2826,
frame_ms,0.2656,
frame_ms,0.252,
frame_ms,0.248,
frame_ms,0.2863,
frame_ms,0.2672,
frame_ms,0.259,
frame_ms,0.8328,
frame_ms,0.7417,
frame_ms,0.3572,
tick_us,163.2,4
frame_ms,0.7183,
frame_ms,0.318,
frame_ms,0.3412,
frame_ms,0.2725,
frame_ms,0.3079,
frame_ms,0.2674,
frame_ms,0.26,
frame_ms,0.3399,
frame_ms,0.2987,
frame_ms,0.3948,
frame_ms,0.579,
frame_ms,0.4758,
frame_ms,1.5017,
frame_ms,0.5761,
frame_ms,0.4098,
tick_us,214.2,4
frame_ms,0.9421,
frame_ms,0.5671,
frame_ms,0.5247,
frame_ms,0.3589,
frame_ms,0.3051,
frame_ms,0.3533,
frame_ms,0.2703,
frame_ms,0.529,
frame_ms,0.4267,
frame_ms,0.3956,
frame_ms,0.3028,
frame_ms,0.4114,
frame_ms,0.3137,
frame_ms,0.2711,
frame_ms,0.3224,
frame_ms,0.5302,
tick_us,217.4,4
frame_ms,0.8236,
frame_ms,0.468,
frame_ms,0.4395,
frame_ms,0.3602,
frame_ms,0.3486,
frame_ms,0.2701,
frame_ms,0.3236,
frame_ms,0.3782,
frame_ms,0.3441,
frame_ms,0.2773,
frame_ms,0.2973,
frame_ms,0.3449,
frame_ms,0.2715,
frame_ms,0.2327,
frame_ms,0.2423,
frame_ms,0.5724,
frame_ms,0.5234,
frame_ms,0.3138,
tick_us,183.8,4
frame_ms,0.813,
frame_ms,0.406,
frame_ms,0.4222,
frame_ms,0.5307,
frame_ms,0.3869,
frame_ms,0.4006,
frame_ms,0.3745,
frame_ms,0.3818,
frame_ms,0.3352,
frame_ms,0.4043,
frame_ms,0.4994,
frame_ms,0.3157,
frame_ms,0.2835,
frame_ms,0.2805,
frame_ms,0.2695,
frame_ms,0.3742,
frame_ms,0.2704,
frame_ms,0.3263,
tick_us,312.4,4
frame_ms,0.808,
frame_ms,0.6255,
frame_ms,0.4198,
frame_ms,0.3032,
frame_ms,0.3387,
frame_ms,0.3325,
frame_ms,0.313,
frame_ms,0.7546,
frame_ms,0.4145,
frame_ms,0.3643,
frame_ms,0.2713,
frame_ms,0.243,
frame_ms,0.2522,
frame_ms,0.2522,
frame_ms,0.3363,
frame_ms,0.2647,
frame_ms,0.2521,
frame_ms,0.2608,
frame_ms,0.2771,
tick_us,194.3,4
frame_ms,0.9462,
frame_ms,0.3513,
frame_ms,0.6199,
frame_ms,0.451,
frame_ms,0.4511,
frame_ms,0.3625,
frame_ms,0.3324,
frame_ms,0.3796,
frame_ms,0.297,
frame_ms,0.3274,
frame_ms,0.333,
frame_ms,0.2955,
frame_ms,0.2538,
frame_ms,0.3389,
frame_ms,0.3872,
frame_ms,0.3007,
frame_ms,0.3607,
tick_us,158.9,2
frame_ms,0.7526,
frame_ms,0.3921,
frame_ms,0.3314,
frame_ms,0.2819,
frame_ms,0.3207,
frame_ms,0.2954,
frame_ms,0.2564,
frame_ms,0.2521,
frame_ms,0.5202,
frame_ms,0.2953,
frame_ms,0.2908,
frame_ms,0.306,
frame_ms,0.466,
frame_ms,0.5171,
frame_ms,0.3664,
frame_ms,0.3597,
frame_ms,0.3006,
frame_ms,0.2753,
frame_ms,0.2723,
frame_ms,0.254,
tick_us,167.7,2
frame_ms,0.6653,
frame_ms,0.3321,
frame_ms,0.4733,
frame_ms,0.3105,
frame_ms,0.2628,
frame_ms,0.3512,
frame_ms,0.348,
frame_ms,0.396,
frame_ms,0.3308,
frame_ms,0.4114,
frame_ms,0.3971,
frame_ms,0.461,
frame_ms,0.3641,
frame_ms,0.3932,
frame_ms,0.4039,
frame_ms,0.3985,
frame_ms,0.577,
tick_us,187,2
frame_ms,0.7563,
frame_ms,0.3365,
frame_ms,0.2789,
frame_ms,0.3745,
frame_ms,0.3447,
frame_ms,0.3053,
frame_ms,0.2552,
frame_ms,0.2396,
frame_ms,0.238,
frame_ms,0.2448,
frame_ms,0.2446,
frame_ms,0.2974,
frame_ms,0.5375,
frame_ms,0.4036,
frame_ms,0.3899,
frame_ms,0.2928,
frame_ms,0.2429,
frame_ms,0.2192,
frame_ms,0.2259,
frame_ms,0.2301,
frame_ms,0.2363,
frame_ms,0.3023,
tick_us,158,2
frame_ms,1.1791,
frame_ms,0.2813,
frame_ms,0.2333,
frame_ms,0.2314,
frame_ms,0.2286,
frame_ms,0.2187,
frame_ms,0.2253,
frame_ms,0.264,
frame_ms,0.2383,
frame_ms,0.2812,
frame_ms,0.3201,
frame_ms,0.2962,
frame_ms,0.3663,
frame_ms,0.3052,
frame_ms,0.4262,
frame_ms,0.3259,
frame_ms,0.378,
frame_ms,0.2684,
frame_ms,0.2418,
frame_ms,0.2422,
frame_ms,0.2293,
frame_ms,0.2387,
tick_us,136.6,2
frame_ms,0.6149,
frame_ms,0.2906,
frame_ms,0.2436,
frame_ms,0.2283,
frame_ms,0.2161,
frame_ms,0.2692,
frame_ms,0.2291,
frame_ms,0.2281,
frame_ms,0.2109,
frame_ms,0.2493,
frame_ms,0.2756,
frame_ms,0.2937,
frame_ms,0.4183,
frame_ms,0.294,
frame_ms,0.2838,
frame_ms,0.228,
frame_ms,0.2242,
frame_ms,0.2216,
frame_ms,0.2216,
frame_ms,0.4388,
frame_ms,0.3807,
frame_ms,0.2946,
frame_ms,0.2358,
frame_ms,0.2384,
tick_us,160.8,2
frame_ms,0.5838,
frame_ms,0.2873,
frame_ms,0.2926,
frame_ms,0.2344,
frame_ms,0.2331,
frame_ms,0.2311,
frame_ms,0.2278,
frame_ms,0.2267,
frame_ms,0.3353,
frame_ms,0.2575,
frame_ms,0.2969,
frame_ms,0.303,
frame_ms,0.2292,
frame_ms,0.2196,
frame_ms,0.2249,
frame_ms,0.2183,
frame_ms,0.2457,
frame_ms,0.227,
frame_ms,0.2088,
frame_ms,0.22,
frame_ms,0.2357,
frame_ms,0.2155,
frame_ms,0.2131,
frame_ms,0.2406,
frame_ms,0.2272,
frame_ms,0.2247,
frame_ms,0.2427,
tick_us,394,2
frame_ms,0.8424,
frame_ms,0.237,
frame_ms,0.2166,
frame_ms,0.2144,
frame_ms,0.2183,
frame_ms,0.2121,
frame_ms,0.2614,
frame_ms,0.5799,
frame_ms,0.2688,
frame_ms,0.3043,
frame_ms,0.2613,
frame_ms,0.5355,
frame_ms,0.3348,
frame_ms,0.5246,
frame_ms,0.3396,
frame_ms,0.2657,
frame_ms,0.2483,
frame_ms,0.3146,
frame_ms,0.248,
frame_ms,0.235,
frame_ms,0.3592,
tick_us,152.4,2
frame_ms,0.6528,
frame_ms,0.2718,
frame_ms,0.3607,
frame_ms,0.3007,
frame_ms,0.2443,
frame_ms,0.2199,
frame_ms,0.2239,
frame_ms,0.3182,
frame_ms,0.2574,
frame_ms,0.302,
frame_ms,0.4445,
frame_ms,0.3528,
frame_ms,0.267,
frame_ms,0.2603,
frame_ms,0.2567,
frame_ms,0.2258,
frame_ms,0.2604,
frame_ms,0.2644,
frame_ms,0.2305,
frame_ms,0.2766,
frame_ms,0.2461,
frame_ms,0.2224,
frame_ms,0.2082,
frame_ms,0.2623,
tick_us,145,2
frame_ms,0.5893,
frame_ms,0.2538,
frame_ms,0.2302,
frame_ms,0.6721,
frame_ms,0.2904,
frame_ms,0.3696,
frame_ms,0.4001,
frame_ms,0.476,
frame_ms,0.2881,
frame_ms,0.2364,
frame_ms,0.2168,
frame_ms,0.2259,
frame_ms,0.2239,
frame_ms,0.2207,
frame_ms,0.2365,
frame_ms,0.2661,
frame_ms,0.256,
frame_ms,0.2291,
frame_ms,0.2171,
frame_ms,0.2121,
frame_ms,0.245,
frame_ms,0.28,
frame_ms,0.2437,
tick_us,161.4,2
frame_ms,0.5782,
frame_ms,0.2452,
frame_ms,0.2108,
frame_ms,0.2296,
frame_ms,0.2262,
frame_ms,0.3498,
frame_ms,0.5813,
frame_ms,0.2426,
frame_ms,0.2213,
frame_ms,0.2241,
frame_ms,0.2171,
frame_ms,0.2632,
frame_ms,0.3027,
frame_ms,0.2599,
frame_ms,0.2913,
frame_ms,0.2369,
frame_ms,0.2353,
frame_ms,0.2366,
frame_ms,0.26,
frame_ms,0.2378,
frame_ms,0.2175,
frame_ms,0.2089,
frame_ms,0.242,
frame_ms,0.2181,
frame_ms,0.2098,
frame_ms,0.2277,
tick_us,149.6,2
frame_ms,0.5248,
frame_ms,0.2594,
frame_ms,0.2393,
frame_ms,0.2322,
frame_ms,0.2273,
frame_ms,0.2154,
frame_ms,0.2019,
frame_ms,0.2714,
frame_ms,0.2247,
frame_ms,0.207,
frame_ms,0.2754,
frame_ms,0.2261,
frame_ms,0.2045,
frame_ms,0.2511,
frame_ms,0.2321,
frame_ms,0.2046,
frame_ms,0.2477,
frame_ms,0.2741,
frame_ms,0.2853,
frame_ms,0.2554,
frame_ms,0.25,
frame_ms,0.2505,
frame_ms,0.2446,
frame_ms,0.2335,
frame_ms,0.3186,
frame_ms,0.3297,
frame_ms,0.2181,
tick_us,142.4,2
frame_ms,0.5262,
frame_ms,0.2283,
frame_ms,0.206,
frame_ms,0.2201,
frame_ms,0.2093,
frame_ms,0.2318,
frame_ms,0.2237,
frame_ms,0.2211,
frame_ms,0.229,
frame_ms,0.2501,
frame_ms,0.2303,
frame_ms,0.2372,
frame_ms,0.2165,
frame_ms,0.2719,
frame_ms,0.2255,
frame_ms,0.2111,
frame_ms,0.2507,
frame_ms,0.2273,
frame_ms,0.2096,
frame_ms,0.2171,
frame_ms,0.2073,
frame_ms,0.2144,
frame_ms,0.2486,
frame_ms,0.2291,
frame_ms,0.2431,
frame_ms,0.3377,
frame_ms,0.4463,
tick_us,157.1,2
frame_ms,0.7046,
frame_ms,0.273,
frame_ms,0.2247,
frame_ms,0.2222,
frame_ms,0.222,
frame_ms,0.2205,
frame_ms,0.2547,
frame_ms,0.226,
frame_ms,0.2225,
frame_ms,0.2603,
frame_ms,0.2299,
frame_ms,0.2393,
frame_ms,0.2874,
frame_ms,0.2267,
frame_ms,0.2406,
frame_ms,0.2246,
frame_ms,0.2491,
frame_ms,0.2234,
frame_ms,0.2073,
frame_ms,0.2476,
frame_ms,0.2595,
frame_ms,0.2491,
frame_ms,0.2289,
frame_ms,0.2215,
frame_ms,0.2159,
frame_ms,0.2902,
frame_ms,0.2469,
frame_ms,0.2215,
tick_us,140,2
frame_ms,0.5042,
frame_ms,0.2456,
frame_ms,0.2218,
frame_ms,0.2089,
frame_ms,0.2158,
frame_ms,0.2073,
frame_ms,0.2449,
frame_ms,0.2213,
frame_ms,0.2046,
frame_ms,0.2472,
frame_ms,0.2187,
frame_ms,0.2026,
frame_ms,0.2572,
frame_ms,0.2174,
frame_ms,0.1994,
frame_ms,0.2357,
frame_ms,0.4755,
frame_ms,0.6111,
frame_ms,0.3089,
frame_ms,0.2342,
frame_ms,0.2268,
frame_ms,0.2244,
frame_ms,0.2218,
frame_ms,0.26,
frame_ms,0.2295,
frame_ms,0.2486,
tick_us,145.2,2
frame_ms,0.5814,
frame_ms,0.2775,
frame_ms,0.2284,
frame_ms,0.2195,
frame_ms,0.2256,
frame_ms,0.274,
frame_ms,0.2683,
frame_ms,0.3225,
frame_ms,0.2737,
frame_ms,0.2418,
frame_ms,0.2253,
frame_ms,0.2245,
frame_ms,0.4044,
frame_ms,0.2758,
frame_ms,0.2781,
frame_ms,0.3092,
frame_ms,0.2649,
frame_ms,0.2419,
frame_ms,0.2489,
frame_ms,0.2426,
frame_ms,0.2328,
frame_ms,0.284,
frame_ms,0.3792,
frame_ms,0.3111,
tick_us,129.6,2
frame_ms,0.6854,
frame_ms,0.255,
frame_ms,0.2259,
frame_ms,0.2607,
frame_ms,0.2799,
frame_ms,0.2324,
frame_ms,0.3149,
frame_ms,0.2212,
frame_ms,0.219,
frame_ms,0.218,
frame_ms,0.2282,
frame_ms,0.2536,
frame_ms,0.2237,
frame_ms,0.3186,
frame_ms,0.245,
frame_ms,0.2217,
frame_ms,0.2623,
frame_ms,0.2272,
frame_ms,0.2342,
frame_ms,0.22,
frame_ms,0.2312,
frame_ms,0.2394,
frame_ms,0.2125,
frame_ms,0.3254,
frame_ms,0.2537,
frame_ms,0.4667,
tick_us,148,2
frame_ms,0.5589,
frame_ms,0.2675,
frame_ms,0.2311,
frame_ms,0.3687,
frame_ms,0.333,
frame_ms,0.2681,
frame_ms,0.2903,
frame_ms,0.2311,
frame_ms,0.2241,
frame_ms,0.2222,
frame_ms,0.2166,
frame_ms,0.2122,
frame_ms,0.2403,
frame_ms,0.2214,
frame_ms,0.2263,
frame_ms,0.2097,
frame_ms,0.2882,
frame_ms,0.2849,
frame_ms,0.2863,
frame_ms,0.4872,
frame_ms,0.3478,
frame_ms,0.2245,
frame_ms,0.2297,
frame_ms,0.2522,
frame_ms,0.2323,
tick_us,138.8,2
frame_ms,0.5105,
frame_ms,0.2322,
frame_ms,0.3937,
frame_ms,0.3535,
frame_ms,0.3124,
frame_ms,0.4401,
frame_ms,0.3849,
frame_ms,0.3682,
frame_ms,0.6854,
frame_ms,0.4592,
frame_ms,0.2224,
frame_ms,0.2307,
frame_ms,0.2196,
frame_ms,0.2187,
frame_ms,0.2183,
frame_ms,0.2405,
frame_ms,0.2394,
frame_ms,0.2119,
frame_ms,0.3329,
frame_ms,0.2463,
frame_ms,0.3213,
frame_ms,0.29,
tick_us,139.5,2
frame_ms,0.605,
frame_ms,0.2825,
frame_ms,0.2256,
frame_ms,0.2308,
frame_ms,0.2439,
frame_ms,0.224,
frame_ms,0.2292,
frame_ms,0.3308,
frame_ms,0.2375,
frame_ms,0.2294,
frame_ms,0.3585,
frame_ms,0.5274,
frame_ms,0.3116,
frame_ms,0.2901,
frame_ms,0.5353,
frame_ms,0.2706,
frame_ms,0.2251,
frame_ms,0.3202,
frame_ms,0.3252,
frame_ms,0.2931,
frame_ms,0.2464,
frame_ms,0.3628,
tick_us,139.7,2
frame_ms,0.5449,
frame_ms,0.3015,
frame_ms,0.2616,
frame_ms,0.239,
frame_ms,0.2371,
frame_ms,0.239,
frame_ms,0.2498,
frame_ms,0.2442,
frame_ms,0.2633,
frame_ms,0.3621,
frame_ms,0.3037,
frame_ms,0.4893,
frame_ms,0.2205,
frame_ms,0.2653,
frame_ms,0.2726,
frame_ms,0.4513,
frame_ms,0.3525,
frame_ms,0.5109,
frame_ms,0.2749,
frame_ms,0.2227,
frame_ms,0.2277,
frame_ms,0.2203,
frame_ms,0.2115,
tick_us,144.6,2
frame_ms,0.5143,
frame_ms,0.2565,
frame_ms,0.2745,
frame_ms,0.2319,
frame_ms,0.2272,
frame_ms,0.2161,
frame_ms,0.213,
frame_ms,0.5465,
frame_ms,0.2883,
frame_ms,0.2242,
frame_ms,0.2472,
frame_ms,0.223,
frame_ms,0.2202,
frame_ms,0.2115,
frame_ms,0.4314,
frame_ms,0.4008,
frame_ms,0.3503,
frame_ms,0.3637,
frame_ms,0.3905,
frame_ms,0.2987,
frame_ms,0.2946,
frame_ms,0.2168,
frame_ms,0.4002,
tick_us,141.8,2
frame_ms,0.6223,
frame_ms,0.2509,
frame_ms,0.2149,
frame_ms,0.2176,
frame_ms,0.2137,
frame_ms,0.2253,
frame_ms,0.2591,
frame_ms,0.2216,
frame_ms,0.2169,
frame_ms,0.2395,
frame_ms,0.2685,
frame_ms,0.289,
frame_ms,0.3049,
frame_ms,0.2661,
frame_ms,0.2168,
frame_ms,0.2183,
frame_ms,0.2091,
frame_ms,0.2095,
frame_ms,0.2367,
frame_ms,0.2383,
frame_ms,0.2084,
frame_ms,0.2196,
frame_ms,0.2371,
frame_ms,0.2397,
frame_ms,0.307,
frame_ms,0.2381,
frame_ms,0.221,
tick_us,144,2
frame_ms,0.5584,
frame_ms,0.3761,
frame_ms,0.354,
frame_ms,0.2615,
frame_ms,0.2171,
frame_ms,0.2169,
frame_ms,0.2043,
frame_ms,0.2387,
frame_ms,0.2399,
frame_ms,0.3716,
frame_ms,0.3586,
frame_ms,0.9578,
frame_ms,0.2657,
frame_ms,0.2314,
frame_ms,0.297,
frame_ms,0.2843,
frame_ms,0.3591,
frame_ms,0.4202,
frame_ms,0.3248,
frame_ms,0.355,
tick_us,183.6,2
frame_ms,0.7447,
frame_ms,0.3557,
frame_ms,0.342,
frame_ms,0.279,
frame_ms,0.2743,
frame_ms,0.2765,
frame_ms,0.2747,
frame_ms,0.2172,
frame_ms,0.4083,
frame_ms,0.2864,
frame_ms,0.2635,
frame_ms,0.2074,
frame_ms,0.2107,
frame_ms,0.2084,
frame_ms,0.2456,
frame_ms,0.2284,
frame_ms,0.2024,
frame_ms,0.2496,
frame_ms,0.2372,
frame_ms,0.2638,
frame_ms,0.2599,
frame_ms,0.2311,
frame_ms,0.2708,
frame_ms,0.2745,
tick_us,134.4,2
frame_ms,0.5551,
frame_ms,0.3557,
frame_ms,0.3771,
frame_ms,0.357,
frame_ms,0.3429,
frame_ms,0.327,
frame_ms,0.2422,
frame_ms,0.2529,
frame_ms,0.2333,
frame_ms,0.2236,
frame_ms,0.2187,
frame_ms,0.2071,
frame_ms,0.2517,
frame_ms,0.4118,
frame_ms,0.2901,
frame_ms,0.2332,
frame_ms,0.221,
frame_ms,0.8252,
frame_ms,0.335,
frame_ms,0.2746,
frame_ms,0.2491,
frame_ms,0.3176,
tick_us,130.2,2
frame_ms,0.5177,
frame_ms,0.3477,
frame_ms,0.3741,
frame_ms,0.3401,
frame_ms,0.281,
frame_ms,0.2253,
frame_ms,0.2187,
frame_ms,0.3375,
frame_ms,0.4011,
frame_ms,0.3071,
frame_ms,0.2342,
frame_ms,0.2102,
frame_ms,0.2153,
frame_ms,0.2062,
frame_ms,0.2582,
frame_ms,0.2301,
frame_ms,0.223,
frame_ms,0.2668,
frame_ms,0.2317,
frame_ms,0.3851,
frame_ms,0.2883,
frame_ms,0.222,
frame_ms,0.2187,
frame_ms,0.2196,
frame_ms,0.2261,
tick_us,137.2,2
frame_ms,0.5104,
frame_ms,0.2337,
frame_ms,0.2071,
frame_ms,0.2118,
frame_ms,0.44,
frame_ms,0.3625,
frame_ms,0.2929,
frame_ms,0.2371,
frame_ms,0.2143,
frame_ms,0.2293,
frame_ms,0.229,
frame_ms,0.2188,
frame_ms,0.3217,
frame_ms,0.2905,
frame_ms,0.2253,
frame_ms,0.213,
frame_ms,0.2089,
frame_ms,0.3118,
frame_ms,0.3695,
frame_ms,0.2617,
frame_ms,0.4305,
frame_ms,0.3409,
frame_ms,0.3261,
frame_ms,0.3279,
tick_us,132.2,2
frame_ms,0.6228,
frame_ms,0.2405,
frame_ms,0.2181,
frame_ms,0.2516,
frame_ms,0.2442,
frame_ms,0.2179,
frame_ms,0.2174,
frame_ms,0.2144,
frame_ms,0.2374,
frame_ms,0.2294,
frame_ms,0.2524,
frame_ms,0.2431,
frame_ms,0.2945,
frame_ms,0.2559,
frame_ms,0.2503,
frame_ms,0.2425,
frame_ms,0.2409,
frame_ms,0.2748,
frame_ms,0.2335,
frame_ms,0.2229,
frame_ms,0.2176,
frame_ms,0.2192,
frame_ms,0.2343,
frame_ms,0.2215,
frame_ms,0.4155,
frame_ms,0.2659,
tick_us,453.3,2
frame_ms,0.9654,
frame_ms,0.2715,
frame_ms,0.347,
frame_ms,0.2425,
frame_ms,0.2222,
frame_ms,0.257,
frame_ms,0.228,
frame_ms,0.2133,
frame_ms,0.3852,
frame_ms,0.2579,
frame_ms,0.2496,
frame_ms,0.2241,
frame_ms,0.2494,
frame_ms,0.2289,
frame_ms,0.2226,
frame_ms,0.2291,
frame_ms,0.4481,
frame_ms,0.337,
frame_ms,0.2805,
frame_ms,0.2371,
frame_ms,0.2168,
frame_ms,0.5095,
frame_ms,0.2676,
tick_us,134,2
frame_ms,0.505,
frame_ms,0.3282,
frame_ms,0.2914,
frame_ms,0.2602,
frame_ms,0.3147,
frame_ms,0.2783,
frame_ms,0.2659,
frame_ms,0.2281,
frame_ms,0.2315,
frame_ms,0.4183,
frame_ms,0.2719,
frame_ms,0.2274,
frame_ms,0.2217,
frame_ms,0.2235,
frame_ms,0.2275,
frame_ms,0.2157,
frame_ms,0.2426,
frame_ms,0.2244,
frame_ms,0.2406,
frame_ms,0.2218,
frame_ms,0.2952,
frame_ms,0.2876,
frame_ms,0.2748,
frame_ms,0.2268,
frame_ms,0.2224,
tick_us,136.2,0
frame_ms,0.6155,
frame_ms,0.3668,
frame_ms,0.373,
frame_ms,0.3471,
frame_ms,0.3303,
frame_ms,0.2587,
frame_ms,0.2858,
frame_ms,0.2237,
frame_ms,0.2202,
frame_ms,0.2189,
frame_ms,0.2369,
frame_ms,0.2488,
frame_ms,0.2609,
frame_ms,0.2456,
frame_ms,0.2339,
frame_ms,0.2324,
frame_ms,0.2165,
frame_ms,0.3083,
frame_ms,0.2286,
frame_ms,0.2189,
frame_ms,0.2318,
frame_ms,0.2269,
frame_ms,0.2238,
frame_ms,0.2137,
frame_ms,0.2285,
frame_ms,0.2147,
tick_us,165.3,0
frame_ms,0.5337,
frame_ms,0.2264,
frame_ms,0.2333,
frame_ms,0.2236,
frame_ms,0.2197,
frame_ms,0.3686,
frame_ms,0.2697,
frame_ms,0.2283,
frame_ms,0.2269,
frame_ms,0.2387,
frame_ms,0.2254,
frame_ms,0.3056,
frame_ms,0.2676,
frame_ms,0.2483,
frame_ms,0.2532,
frame_ms,0.2377,
frame_ms,0.232,
frame_ms,0.28,
frame_ms,0.2237,
frame_ms,0.2094,
frame_ms,0.236,
frame_ms,0.32,
frame_ms,0.2964,
frame_ms,0.3394,
frame_ms,0.365,
frame_ms,0.2449,
tick_us,138.7,0
frame_ms,0.5363,
frame_ms,0.2436,
frame_ms,0.2116,
frame_ms,0.2562,
frame_ms,0.2673,
frame_ms,0.4342,
frame_ms,0.2884,
frame_ms,0.2394,
frame_ms,0.2071,
frame_ms,0.2138,
frame_ms,0.2526,
frame_ms,0.2125,
frame_ms,0.2543,
frame_ms,0.2258,
frame_ms,0.2121,
frame_ms,0.2522,
frame_ms,0.2251,
frame_ms,0.2121,
frame_ms,0.2354,
frame_ms,0.2262,
frame_ms,0.2174,
frame_ms,0.2114,
frame_ms,0.3114,
frame_ms,0.4131,
frame_ms,0.2868,
tick_us,164.6,0
frame_ms,0.6814,
frame_ms,0.2576,
frame_ms,0.2526,
frame_ms,0.2133,
frame_ms,0.2156,
frame_ms,0.2129,
frame_ms,0.2532,
frame_ms,0.3124,
frame_ms,0.3885,
frame_ms,0.2578,
frame_ms,0.2294,
frame_ms,0.2198,
frame_ms,0.2165,
frame_ms,0.2158,
frame_ms,0.2253,
frame_ms,0.4749,
frame_ms,0.353,
frame_ms,0.4721,
frame_ms,0.4403,
frame_ms,0.4929,
frame_ms,0.373,
frame_ms,0.3601,
tick_us,167.2,0
frame_ms,0.7344,
frame_ms,0.3445,
frame_ms,0.3444,
frame_ms,0.3505,
frame_ms,0.3438,
frame_ms,0.3304,
frame_ms,0.2672,
frame_ms,0.2998,
frame_ms,0.2275,
frame_ms,0.4228,
frame_ms,0.2662,
frame_ms,0.2136,
frame_ms,0.4209,
frame_ms,0.2528,
frame_ms,0.2786,
frame_ms,0.2381,
frame_ms,0.2242,
frame_ms,0.2132,
frame_ms,0.2096,
frame_ms,0.3302,
frame_ms,0.2613,
frame_ms,0.2206,
frame_ms,0.2129,
tick_us,144.5,0
frame_ms,0.6837,
frame_ms,0.23,
frame_ms,0.2213,
frame_ms,0.2764,
frame_ms,0.2504,
frame_ms,0.278,
frame_ms,0.2893,
frame_ms,0.2843,
frame_ms,0.2281,
frame_ms,0.2178,
frame_ms,0.3757,
frame_ms,0.3566,
frame_ms,0.4495,
frame_ms,0.2705,
frame_ms,0.2213,
frame_ms,0.3928,
frame_ms,0.2621,
frame_ms,0.2185,
frame_ms,0.2149,
frame_ms,0.3051,
frame_ms,0.3389,
frame_ms,0.249,
tick_us,143.7,0
frame_ms,1.149,
frame_ms,0.245,
frame_ms,0.2161,
frame_ms,0.2163,
frame_ms,0.2104,
frame_ms,0.2129,
frame_ms,0.2391,
frame_ms,0.277,
frame_ms,0.2365,
frame_ms,0.2212,
frame_ms,0.2208,
frame_ms,0.2125,
frame_ms,0.2381,
frame_ms,0.4272,
frame_ms,0.3628,
frame_ms,0.4738,
frame_ms,0.271,
frame_ms,0.2226,
frame_ms,0.2214,
frame_ms,0.2123,
frame_ms,0.282,
frame_ms,0.2162,
frame_ms,0.2094,
frame_ms,0.2578,
frame_ms,0.2323,
tick_us,145.6,0
frame_ms,0.5262,
frame_ms,0.2362,
frame_ms,0.2193,
frame_ms,0.2125,
frame_ms,0.2086,
frame_ms,0.2194,
frame_ms,0.4137,
frame_ms,0.232,
frame_ms,0.2736,
frame_ms,0.2562,
frame_ms,0.3717,
frame_ms,0.2309,
frame_ms,0.2139,
frame_ms,0.209,
frame_ms,0.205,
frame_ms,0.2315,
frame_ms,0.4338,
frame_ms,0.2902,
frame_ms,0.2178,
frame_ms,0.2469,
frame_ms,0.2209,
frame_ms,0.2231,
frame_ms,0.2183,
frame_ms,0.2085,
frame_ms,0.2475,
frame_ms,0.3627,
tick_us,130.5,0
frame_ms,0.6428,
frame_ms,0.2447,
frame_ms,0.2244,
frame_ms,0.2593,
frame_ms,0.3264,
frame_ms,0.2529,
frame_ms,0.2484,
frame_ms,0.2367,
frame_ms,0.2269,
frame_ms,0.212,
frame_ms,0.2871,
frame_ms,0.2941,
frame_ms,0.2452,
frame_ms,0.2817,
frame_ms,0.2306,
frame_ms,0.2188,
frame_ms,0.2131,
frame_ms,0.4631,
frame_ms,0.2242,
frame_ms,0.2195,
frame_ms,0.2825,
frame_ms,0.2561,
frame_ms,0.2286,
frame_ms,0.2171,
frame_ms,0.2161,
frame_ms,0.2469,
tick_us,141.7,0
frame_ms,0.5299,
frame_ms,0.2243,
frame_ms,0.2042,
frame_ms,0.204,
frame_ms,0.4297,
frame_ms,0.3771,
frame_ms,0.3637,
frame_ms,0.2658,
frame_ms,0.2378,
frame_ms,0.2812,
frame_ms,0.2339,
frame_ms,0.2287,
frame_ms,0.2194,
frame_ms,0.216,
frame_ms,0.3483,
frame_ms,0.2862,
frame_ms,0.2915,
frame_ms,0.2467,
frame_ms,0.23,
frame_ms,0.2226,
frame_ms,0.218,
frame_ms,0.2199,
frame_ms,0.2445,
frame_ms,0.2343,
frame_ms,0.2675,
tick_us,145,0
frame_ms,0.5376,
frame_ms,0.3419,
frame_ms,0.3486,
frame_ms,0.2874,
frame_ms,0.2572,
frame_ms,0.2096,
frame_ms,0.263,
frame_ms,0.2605,
frame_ms,0.2297,
frame_ms,0.2233,
frame_ms,0.2162,
frame_ms,0.2835,
frame_ms,0.2604,
frame_ms,0.4052,
frame_ms,0.4238,
frame_ms,0.2704,
frame_ms,0.2291,
frame_ms,0.2359,
frame_ms,0.7339,
frame_ms,0.2774,
frame_ms,0.2396,
frame_ms,0.2224,
frame_ms,0.2219,
tick_us,150,0
frame_ms,0.5504,
frame_ms,0.2442,
frame_ms,0.2109,
frame_ms,0.2132,
frame_ms,0.2134,
frame_ms,0.232,
frame_ms,0.2419,
frame_ms,0.2848,
frame_ms,0.2928,
frame_ms,0.4283,
frame_ms,0.371,
frame_ms,0.3592,
frame_ms,0.3468,
frame_ms,0.387,
frame_ms,0.3588,
frame_ms,0.3723,
frame_ms,0.5039,
frame_ms,0.3749,
frame_ms,0.348,
frame_ms,0.302,
frame_ms,0.2448,
tick_us,143.3,0
frame_ms,0.5296,
frame_ms,0.2357,
frame_ms,0.3707,
frame_ms,0.2337,
frame_ms,0.2146,
frame_ms,0.2159,
frame_ms,0.2154,
frame_ms,0.2268,
frame_ms,0.2821,
frame_ms,0.2247,
frame_ms,0.2316,
frame_ms,0.22,
frame_ms,0.2244,
frame_ms,0.2356,
frame_ms,0.2765,
frame_ms,0.2741,
frame_ms,0.2281,
frame_ms,0.2133,
frame_ms,0.3486,
frame_ms,0.432,
frame_ms,0.3242,
frame_ms,0.4072,
frame_ms,0.2638,
frame_ms,0.2348,
frame_ms,0.2233,
frame_ms,0.2215,
tick_us,150,0
frame_ms,0.536,
frame_ms,0.2441,
frame_ms,0.2322,
frame_ms,0.2171,
frame_ms,0.2114,
frame_ms,0.2324,
frame_ms,0.2235,
frame_ms,0.3156,
frame_ms,0.3103,
frame_ms,0.2788,
frame_ms,0.234,
frame_ms,0.2295,
frame_ms,0.2138,
frame_ms,0.2165,
frame_ms,0.2641,
frame_ms,0.2062,
frame_ms,0.2941,
frame_ms,0.2874,
frame_ms,0.3958,
frame_ms,0.2729,
frame_ms,0.2747,
frame_ms,0.3486,
frame_ms,0.3559,
frame_ms,0.3386,
tick_us,136.9,0
frame_ms,0.6102,
frame_ms,0.2488,
frame_ms,0.2143,
frame_ms,0.2202,
frame_ms,0.2118,
frame_ms,0.2125,
frame_ms,0.2868,
frame_ms,0.2854,
frame_ms,0.2741,
frame_ms,0.2279,
frame_ms,0.216,
frame_ms,0.214,
frame_ms,0.2475,
frame_ms,0.2681,
frame_ms,0.2281,
frame_ms,0.2213,
frame_ms,0.3146,
frame_ms,0.2482,
frame_ms,0.2222,
frame_ms,0.2276,
frame_ms,0.2806,
frame_ms,0.2306,
frame_ms,0.2469,
frame_ms,0.2378,
frame_ms,0.3197,
frame_ms,0.4313,
tick_us,158.9,0
frame_ms,0.6348,
frame_ms,0.2605,
frame_ms,0.2234,
frame_ms,0.2257,
frame_ms,0.2182,
frame_ms,0.259,
frame_ms,0.2512,
frame_ms,0.2258,
frame_ms,0.2642,
frame_ms,0.2203,
frame_ms,0.2595,
frame_ms,0.2318,
frame_ms,0.2184,
frame_ms,0.2952,
frame_ms,0.261,
frame_ms,0.2498,
frame_ms,0.2459,
frame_ms,0.2986,
frame_ms,0.2802,
frame_ms,0.2719,
frame_ms,0.3682,
frame_ms,0.2496,
frame_ms,0.2131,
frame_ms,0.2179,
frame_ms,0.2143,
frame_ms,0.2097,
frame_ms,0.2659,
tick_us,147.4,0
frame_ms,0.603,
frame_ms,0.2447,
frame_ms,0.2132,
frame_ms,0.2161,
frame_ms,0.208,
frame_ms,0.2089,
frame_ms,0.2592,
frame_ms,0.2259,
frame_ms,0.2335,
frame_ms,0.2108,
frame_ms,0.2312,
frame_ms,0.2181,
frame_ms,0.2167,
frame_ms,0.2237,
frame_ms,0.2242,
frame_ms,0.2134,
frame_ms,0.2429,
frame_ms,0.2171,
frame_ms,0.2166,
frame_ms,0.2223,
frame_ms,0.2634,
frame_ms,0.2125,
frame_ms,0.2499,
frame_ms,0.2588,
frame_ms,0.2365,
frame_ms,0.2181,
frame_ms,0.2113,
frame_ms,0.2632,
tick_us,136.6,0
frame_ms,0.5474,
frame_ms,0.2343,
frame_ms,0.2097,
frame_ms,0.3585,
frame_ms,0.4152,
frame_ms,0.3501,
frame_ms,0.2455,
frame_ms,0.2123,
frame_ms,0.2131,
frame_ms,0.2041,
frame_ms,0.2252,
frame_ms,0.2298,
frame_ms,0.2185,
frame_ms,0.204,
frame_ms,0.2348,
frame_ms,0.4885,
frame_ms,0.2061,
frame_ms,0.1963,
frame_ms,0.2312,
frame_ms,0.2165,
frame_ms,0.2043,
frame_ms,0.2938,
frame_ms,0.2665,
frame_ms,0.2647,
frame_ms,0.2898,
frame_ms,0.2404,
tick_us,130.7,0
frame_ms,0.4926,
frame_ms,0.2254,
frame_ms,0.2057,
frame_ms,0.2305,
frame_ms,0.2208,
frame_ms,0.2032,
frame_ms,0.2496,
frame_ms,0.2123,
frame_ms,0.1989,
frame_ms,0.2556,
frame_ms,0.2194,
frame_ms,0.2007,
frame_ms,0.2734,
frame_ms,0.2651,
frame_ms,0.2326,
frame_ms,0.2166,
frame_ms,0.2135,
frame_ms,0.233,
frame_ms,0.2177,
frame_ms,0.2103,
frame_ms,0.2403,
frame_ms,0.2151,
frame_ms,0.2124,
frame_ms,0.2445,
frame_ms,0.2463,
frame_ms,0.4338,
frame_ms,0.2793,
frame_ms,0.2387,
frame_ms,0.213,
tick_us,140.5,0
frame_ms,0.5063,
frame_ms,0.2328,
frame_ms,0.2383,
frame_ms,0.2817,
frame_ms,0.2463,
frame_ms,0.219,
frame_ms,0.2114,
frame_ms,0.2158,
frame_ms,0.2318,
frame_ms,0.3116,
frame_ms,0.5852,
frame_ms,0.3396,
frame_ms,0.3435,
frame_ms,0.3995,
frame_ms,0.3463,
frame_ms,0.2449,
frame_ms,0.2141,
frame_ms,0.4154,
frame_ms,0.348,
frame_ms,0.3347,
frame_ms,0.2608,
frame_ms,0.2255,
tick_us,132.2,0
frame_ms,0.4935,
frame_ms,0.2251,
frame_ms,0.2067,
frame_ms,0.2116,
frame_ms,0.2208,
frame_ms,0.2086,
frame_ms,0.2717,
frame_ms,0.2315,
frame_ms,0.2116,
frame_ms,0.2628,
frame_ms,0.2373,
frame_ms,0.2129,
frame_ms,0.2239,
frame_ms,0.2337,
frame_ms,0.2185,
frame_ms,0.2059,
frame_ms,0.2504,
frame_ms,0.2251,
frame_ms,0.2084,
frame_ms,0.2339,
frame_ms,0.2115,
frame_ms,0.2037,
frame_ms,0.2504,
frame_ms,0.2253,
frame_ms,0.2096,
frame_ms,0.2284,
frame_ms,0.2107,
frame_ms,0.1996,
frame_ms,0.2655,
frame_ms,0.2194,
tick_us,134.6,0
frame_ms,0.5016,
frame_ms,0.2181,
frame_ms,0.2004,
frame_ms,0.1995,
frame_ms,0.2025,
frame_ms,0.2424,
frame_ms,0.225,
frame_ms,0.2063,
frame_ms,0.2391,
frame_ms,0.2184,
frame_ms,0.2023,
frame_ms,0.2331,
frame_ms,0.2127,
frame_ms,0.203,
frame_ms,0.2533,
frame_ms,0.219,
frame_ms,0.2027,
frame_ms,0.2489,
frame_ms,0.2189,
frame_ms,0.2012,
frame_ms,0.2339,
frame_ms,0.215,
frame_ms,0.4757,
frame_ms,0.334,
frame_ms,0.2089,
frame_ms,0.4589,
frame_ms,0.3613,
tick_us,132.3,0
frame_ms,0.5699,
frame_ms,0.2473,
frame_ms,0.3536,
frame_ms,0.3457,
frame_ms,0.3326,
frame_ms,0.2905,
frame_ms,0.2423,
frame_ms,0.2113,
frame_ms,0.208,
frame_ms,0.2457,
frame_ms,0.2108,
frame_ms,0.242,
frame_ms,0.2246,
frame_ms,0.2161,
frame_ms,0.2294,
frame_ms,0.2256,
frame_ms,0.2256,
frame_ms,0.2075,
frame_ms,0.2359,
frame_ms,0.2182,
frame_ms,0.2051,
frame_ms,0.2599,
frame_ms,0.2197,
frame_ms,0.2032,
frame_ms,0.2614,
frame_ms,0.2556,
frame_ms,0.2247,
tick_us,141.9,0
frame_ms,0.5718,
frame_ms,0.3163,
frame_ms,0.216,
frame_ms,0.2142,
frame_ms,0.2082,
frame_ms,0.2349,
frame_ms,0.2407,
frame_ms,0.2114,
frame_ms,0.2675,
frame_ms,0.2606,
frame_ms,0.2092,
frame_ms,0.2053,
frame_ms,0.2403,
frame_ms,0.2361,
frame_ms,0.2186,
frame_ms,0.2055,
frame_ms,0.2454,
frame_ms,0.2247,
frame_ms,0.2235,
frame_ms,0.3179,
frame_ms,0.221,
frame_ms,0.2016,
frame_ms,0.2632,
frame_ms,0.2232,
frame_ms,0.2107,
frame_ms,0.2529,
frame_ms,0.2241,
frame_ms,0.2219,
frame_ms,0.2083,
tick_us,136.4,0
frame_ms,0.6857,
frame_ms,0.3144,
frame_ms,0.2482,
frame_ms,0.2152,
frame_ms,0.2242,
frame_ms,0.2133,
frame_ms,0.2182,
frame_ms,0.2405,
frame_ms,0.3978,
frame_ms,0.4024,
frame_ms,0.2788,
frame_ms,0.2429,
frame_ms,0.216,
frame_ms,0.2331,
frame_ms,0.2118,
frame_ms,0.2075,
frame_ms,0.2426,
frame_ms,0.4425,
frame_ms,0.3379,
frame_ms,0.2355,
frame_ms,0.2183,
frame_ms,0.2209,
frame_ms,0.2127,
frame_ms,0.2143,
frame_ms,0.2618,
tick_us,134.8,0
frame_ms,0.5338,
frame_ms,0.2335,
frame_ms,0.2092,
frame_ms,0.2133,
frame_ms,0.3428,
frame_ms,0.2346,
frame_ms,0.2197,
frame_ms,0.2107,
frame_ms,0.2322,
frame_ms,0.2323,
frame_ms,0.2319,
frame_ms,0.2141,
frame_ms,0.2065,
frame_ms,0.2432,
frame_ms,0.2321,
frame_ms,0.2104,
frame_ms,0.2435,
frame_ms,0.226,
frame_ms,0.2112,
frame_ms,0.2125,
frame_ms,0.2358,
frame_ms,0.2538,
frame_ms,0.2265,
frame_ms,0.2123,
frame_ms,0.2451,
frame_ms,0.2204,
frame_ms,0.2619,
frame_ms,0.3104,
tick_us,135.1,0
frame_ms,0.5315,
frame_ms,0.2515,
frame_ms,0.2299,
frame_ms,0.2265,
frame_ms,0.2199,
frame_ms,0.26,
frame_ms,0.2335,
frame_ms,0.246,
frame_ms,0.2654,
frame_ms,0.5109,
frame_ms,0.3793,
frame_ms,0.3467,
frame_ms,0.3589,
frame_ms,0.2911,
frame_ms,0.2322,
frame_ms,0.2766,
frame_ms,0.237,
frame_ms,0.2474,
frame_ms,0.3158,
frame_ms,0.2455,
frame_ms,0.2327,
frame_ms,0.228,
frame_ms,0.2287,
frame_ms,0.2998,
tick_us,136.2,2
frame_ms,0.547,
frame_ms,0.2445,
frame_ms,0.2151,
frame_ms,0.2155,
frame_ms,0.2295,
frame_ms,0.3021,
frame_ms,0.2424,
frame_ms,0.227,
frame_ms,0.2179,
frame_ms,0.2369,
frame_ms,0.5081,
frame_ms,0.4628,
frame_ms,0.2643,
frame_ms,0.2286,
frame_ms,0.2208,
frame_ms,0.213,
frame_ms,0.2232,
frame_ms,0.4982,
frame_ms,0.2517,
frame_ms,0.2319,
frame_ms,0.2407,
frame_ms,0.2325,
frame_ms,0.4434,
frame_ms,0.2894,
tick_us,137.9,2
frame_ms,0.522,
frame_ms,0.2395,
frame_ms,0.2229,
frame_ms,0.2519,
frame_ms,0.228,
frame_ms,0.2148,
frame_ms,0.2086,
frame_ms,0.2597,
frame_ms,0.2636,
frame_ms,0.2269,
frame_ms,0.2972,
frame_ms,0.2373,
frame_ms,0.2205,
frame_ms,0.2195,
frame_ms,0.7937,
frame_ms,0.5537,
frame_ms,0.3122,
frame_ms,0.236,
frame_ms,0.2147,
frame_ms,0.2231,
frame_ms,0.2171,
frame_ms,0.4253,
frame_ms,0.3574,
tick_us,170.4,2
frame_ms,0.6715,
frame_ms,0.2976,
frame_ms,0.2481,
frame_ms,0.2151,
frame_ms,0.4233,
frame_ms,0.2801,
frame_ms,0.3736,
frame_ms,0.3481,
frame_ms,0.334,
frame_ms,0.3298,
frame_ms,0.27,
frame_ms,0.2216,
frame_ms,0.2205,
frame_ms,0.4471,
frame_ms,0.2608,
frame_ms,0.2123,
frame_ms,0.2172,
frame_ms,0.2131,
frame_ms,0.2497,
frame_ms,0.4406,
frame_ms,0.3417,
frame_ms,0.3386,
tick_us,162.8,2
frame_ms,0.6706,
frame_ms,0.2779,
frame_ms,0.2725,
frame_ms,0.3139,
frame_ms,0.2361,
frame_ms,0.227,
frame_ms,0.2219,
frame_ms,0.2127,
frame_ms,0.2109,
frame_ms,0.2421,
frame_ms,0.2301,
frame_ms,0.2818,
frame_ms,0.271,
frame_ms,0.2524,
frame_ms,0.2212,
frame_ms,0.2214,
frame_ms,0.2181,
frame_ms,0.211,
frame_ms,0.2599,
frame_ms,0.4679,
frame_ms,0.4867,
frame_ms,0.2675,
frame_ms,0.2152,
frame_ms,0.2141,
frame_ms,0.2171,
tick_us,142.6,2
frame_ms,0.5881,
frame_ms,0.2838,
frame_ms,0.2956,
frame_ms,0.2608,
frame_ms,0.2371,
frame_ms,0.2257,
frame_ms,0.2837,
frame_ms,0.2486,
frame_ms,0.2458,
frame_ms,0.2262,
frame_ms,0.2208,
frame_ms,0.2179,
frame_ms,0.2443,
frame_ms,0.4203,
frame_ms,0.2484,
frame_ms,0.2971,
frame_ms,0.2387,
frame_ms,0.2272,
frame_ms,0.2228,
frame_ms,0.2185,
frame_ms,0.3857,
frame_ms,0.3468,
frame_ms,0.2465,
frame_ms,0.2729,
tick_us,160.9,2
frame_ms,0.7054,
frame_ms,0.2729,
frame_ms,0.2446,
frame_ms,0.247,
frame_ms,0.2537,
frame_ms,0.2978,
frame_ms,0.3187,
frame_ms,0.2598,
frame_ms,0.276,
frame_ms,0.2356,
frame_ms,0.2556,
frame_ms,0.2225,
frame_ms,0.2395,
frame_ms,0.2145,
frame_ms,0.2308,
frame_ms,0.2572,
frame_ms,0.2405,
frame_ms,0.2267,
frame_ms,0.2733,
frame_ms,0.3598,
frame_ms,0.3371,
frame_ms,0.3444,
frame_ms,0.2502,
frame_ms,0.3874,
frame_ms,0.2491,
tick_us,142.4,2
frame_ms,0.5405,
frame_ms,0.2416,
frame_ms,0.4358,
frame_ms,0.2454,
frame_ms,0.2775,
frame_ms,0.5647,
frame_ms,0.3456,
frame_ms,0.3943,
frame_ms,0.3594,
frame_ms,0.274,
frame_ms,0.2563,
frame_ms,0.2144,
frame_ms,0.2209,
frame_ms,0.2198,
frame_ms,0.2212,
frame_ms,0.2485,
frame_ms,0.2331,
frame_ms,0.2323,
frame_ms,0.2537,
frame_ms,0.2201,
frame_ms,0.2148,
frame_ms,0.2912,
frame_ms,0.2668,
frame_ms,0.2366,
tick_us,145.8,2
frame_ms,0.5308,
frame_ms,0.2398,
frame_ms,0.4283,
frame_ms,0.358,
frame_ms,0.3503,
frame_ms,0.3495,
frame_ms,0.3582,
frame_ms,0.3476,
frame_ms,0.3548,
frame_ms,0.3379,
frame_ms,0.2604,
frame_ms,0.2241,
frame_ms,0.2652,
frame_ms,0.2288,
frame_ms,0.2246,
frame_ms,0.2143,
frame_ms,0.2161,
frame_ms,0.2409,
frame_ms,0.2243,
frame_ms,0.2195,
frame_ms,0.2121,
frame_ms,0.2547,
frame_ms,0.2329,
frame_ms,0.2167,
tick_us,143.4,4
frame_ms,0.5668,
frame_ms,0.2708,
frame_ms,0.2412,
frame_ms,0.3405,
frame_ms,0.2761,
frame_ms,0.2293,
frame_ms,0.2208,
frame_ms,0.4793,
frame_ms,0.4326,
frame_ms,0.3523,
frame_ms,0.3823,
frame_ms,0.3219,
frame_ms,0.267,
frame_ms,0.2219,
frame_ms,0.2216,
frame_ms,0.2257,
frame_ms,0.2209,
frame_ms,0.2868,
frame_ms,0.2503,
frame_ms,0.2609,
frame_ms,0.2306,
frame_ms,0.2185,
frame_ms,0.2488,
frame_ms,0.2652,
tick_us,136.9,4
frame_ms,0.5268,
frame_ms,0.236,
frame_ms,0.2164,
frame_ms,0.2138,
frame_ms,0.216,
frame_ms,0.2232,
frame_ms,0.2389,
frame_ms,0.2317,
frame_ms,0.2769,
frame_ms,0.3151,
frame_ms,0.233,
frame_ms,0.2182,
frame_ms,0.37,
frame_ms,0.328,
frame_ms,0.2155,
frame_ms,0.2177,
frame_ms,0.2155,
frame_ms,0.2121,
frame_ms,0.2356,
frame_ms,0.3103,
frame_ms,0.2684,
frame_ms,0.2475,
frame_ms,0.2421,
frame_ms,0.2323,
frame_ms,0.2481,
frame_ms,0.2717,
tick_us,140.5,4
frame_ms,0.5491,
frame_ms,0.2671,
frame_ms,0.2502,
frame_ms,0.3612,
frame_ms,0.2486,
frame_ms,0.3875,
frame_ms,0.2616,
frame_ms,0.2482,
frame_ms,0.2323,
frame_ms,0.2861,
frame_ms,0.2354,
frame_ms,0.2187,
frame_ms,0.3299,
frame_ms,0.2776,
frame_ms,0.2455,
frame_ms,0.4554,
frame_ms,0.2647,
frame_ms,0.2328,
frame_ms,0.2355,
frame_ms,0.2329,
frame_ms,0.2316,
frame_ms,0.2269,
frame_ms,0.2423,
frame_ms,0.2338,
frame_ms,0.2308,
tick_us,143.3,4
frame_ms,0.5708,
frame_ms,0.2424,
frame_ms,0.2245,
frame_ms,0.2239,
frame_ms,0.2443,
frame_ms,0.2374,
frame_ms,0.2332,
frame_ms,0.2271,
frame_ms,0.2229,
frame_ms,0.2329,
frame_ms,0.2274,
frame_ms,0.2236,
frame_ms,0.2181,
frame_ms,0.2775,
frame_ms,0.237,
frame_ms,0.2165,
frame_ms,0.2386,
frame_ms,0.2291,
frame_ms,0.2152,
frame_ms,0.2089,
frame_ms,0.2428,
frame_ms,0.2217,
frame_ms,0.2084,
frame_ms,0.257,
frame_ms,0.2277,
frame_ms,0.2081,
frame_ms,0.2278,
frame_ms,0.233,
frame_ms,0.2157,
tick_us,141.1,4
frame_ms,0.5067,
frame_ms,0.2375,
frame_ms,0.2072,
frame_ms,0.2092,
frame_ms,0.2063,
frame_ms,0.2151,
frame_ms,0.2561,
frame_ms,0.2203,
frame_ms,0.2083,
frame_ms,0.2464,
frame_ms,0.2187,
frame_ms,0.2049,
frame_ms,0.2507,
frame_ms,0.2324,
frame_ms,0.2109,
frame_ms,0.2029,
frame_ms,0.2323,
frame_ms,0.2228,
frame_ms,0.2098,
frame_ms,0.2629,
frame_ms,0.2035,
frame_ms,0.2002,
frame_ms,0.2025,
frame_ms,0.2446,
frame_ms,0.259,
frame_ms,0.2669,
frame_ms,0.7064,
tick_us,129.2,4
frame_ms,0.5313,
frame_ms,0.2315,
frame_ms,0.2533,
frame_ms,0.2353,
frame_ms,0.2351,
frame_ms,0.2595,
frame_ms,0.2758,
frame_ms,0.2258,
frame_ms,0.2105,
frame_ms,0.2351,
frame_ms,0.2086,
frame_ms,0.2018,
frame_ms,0.2413,
frame_ms,0.225,
frame_ms,0.2679,
frame_ms,0.2313,
frame_ms,0.2271,
frame_ms,0.2238,
frame_ms,0.2729,
frame_ms,0.2703,
frame_ms,0.2245,
frame_ms,0.217,
frame_ms,0.2103,
frame_ms,0.2497,
frame_ms,0.2556,
frame_ms,0.4757,
frame_ms,0.3466,
tick_us,135.5,4
frame_ms,0.5706,
frame_ms,0.2364,
frame_ms,0.2118,
frame_ms,0.2281,
frame_ms,0.2195,
frame_ms,0.2256,
frame_ms,0.2498,
frame_ms,0.2258,
frame_ms,0.2171,
frame_ms,0.2633,
frame_ms,0.2749,
frame_ms,0.2371,
frame_ms,0.2247,
frame_ms,0.2848,
frame_ms,0.275,
frame_ms,0.2488,
frame_ms,0.224,
frame_ms,0.2177,
frame_ms,0.2117,
frame_ms,0.207,
frame_ms,0.2486,
frame_ms,0.2284,
frame_ms,0.2102,
frame_ms,0.224,
frame_ms,0.2338,
frame_ms,0.2193,
frame_ms,0.2049,
frame_ms,0.2485,
tick_us,143.5,4
frame_ms,0.6197,
frame_ms,0.3521,
frame_ms,0.2238,
frame_ms,0.2476,
frame_ms,0.2167,
frame_ms,0.2332,
frame_ms,0.2345,
frame_ms,0.2068,
frame_ms,0.2162,
frame_ms,0.237,
frame_ms,0.2217,
frame_ms,0.2094,
frame_ms,0.2402,
frame_ms,0.2257,
frame_ms,0.2102,
frame_ms,0.2266,
frame_ms,0.2362,
frame_ms,0.2219,
frame_ms,0.2049,
frame_ms,0.2447,
frame_ms,0.2174,
frame_ms,0.2034,
frame_ms,0.2473,
frame_ms,0.2263,
frame_ms,0.2289,
frame_ms,0.2266,
frame_ms,0.2103,
frame_ms,0.2017,
frame_ms,0.2676,
tick_us,141.9,4
frame_ms,0.5888,
frame_ms,0.2603,
frame_ms,0.2301,
frame_ms,0.2285,
frame_ms,0.2238,
frame_ms,0.2755,
frame_ms,0.2474,
frame_ms,0.2137,
frame_ms,0.2072,
frame_ms,0.2601,
frame_ms,0.2248,
frame_ms,0.2091,
frame_ms,0.213,
frame_ms,0.2368,
frame_ms,0.2155,
frame_ms,0.2331,
frame_ms,0.2032,
frame_ms,0.2066,
frame_ms,0.2485,
frame_ms,0.2129,
frame_ms,0.1983,
frame_ms,0.2414,
frame_ms,0.2662,
frame_ms,0.2586,
frame_ms,0.2293,
frame_ms,0.2171,
frame_ms,0.2118,
frame_ms,0.2466,
tick_us,132.4,4
frame_ms,0.5039,
frame_ms,0.2306,
frame_ms,0.2117,
frame_ms,0.2155,
frame_ms,0.2077,
frame_ms,0.2092,
frame_ms,0.2569,
frame_ms,0.2321,
frame_ms,0.3434,
frame_ms,0.3074,
frame_ms,0.3209,
frame_ms,0.2615,
frame_ms,0.2071,
frame_ms,0.2132,
frame_ms,0.2059,
frame_ms,0.2578,
frame_ms,0.2535,
frame_ms,0.2424,
frame_ms,0.4199,
frame_ms,0.385,
frame_ms,0.2679,
frame_ms,0.3441,
frame_ms,0.2581,
frame_ms,0.2188,
frame_ms,0.2111,
frame_ms,0.202,
tick_us,144,4
frame_ms,0.5409,
frame_ms,0.2748,
frame_ms,0.3711,
frame_ms,0.2531,
frame_ms,0.2197,
frame_ms,0.2131,
frame_ms,0.2106,
frame_ms,0.2089,
frame_ms,0.2482,
frame_ms,0.2287,
frame_ms,0.2061,
frame_ms,0.2453,
frame_ms,0.2263,
frame_ms,0.3026,
frame_ms,0.2414,
frame_ms,0.2256,
frame_ms,0.2205,
frame_ms,0.214,
frame_ms,0.257,
frame_ms,0.2307,
frame_ms,0.725,
frame_ms,0.2169,
frame_ms,0.2167,
frame_ms,0.2262,
frame_ms,0.213,
frame_ms,0.2084,
tick_us,129.3,4
frame_ms,0.5525,
frame_ms,0.2776,
frame_ms,0.2296,
frame_ms,0.2074,
frame_ms,0.208,
frame_ms,0.2069,
frame_ms,0.2492,
frame_ms,0.2253,
frame_ms,0.2128,
frame_ms,0.226,
frame_ms,0.2342,
frame_ms,0.2185,
frame_ms,0.2066,
frame_ms,0.2442,
frame_ms,0.2239,
frame_ms,0.2104,
frame_ms,0.2146,
frame_ms,0.3438,
frame_ms,0.3124,
frame_ms,0.2726,
frame_ms,0.229,
frame_ms,0.2303,
frame_ms,0.2266,
frame_ms,0.2143,
frame_ms,0.2101,
frame_ms,0.2383,
frame_ms,0.2279,
frame_ms,0.211,
frame_ms,0.226,
tick_us,126.9,4
frame_ms,0.5094,
frame_ms,0.2675,
frame_ms,0.2278,
frame_ms,0.2116,
frame_ms,0.2084,
frame_ms,0.2205,
frame_ms,0.2382,
frame_ms,0.2281,
frame_ms,0.2114,
frame_ms,0.2368,
frame_ms,0.2122,
frame_ms,0.2262,
frame_ms,0.2273,
frame_ms,0.222,
frame_ms,0.2131,
frame_ms,0.2053,
frame_ms,0.253,
frame_ms,0.2208,
frame_ms,0.2063,
frame_ms,0.2552,
frame_ms,0.2612,
frame_ms,0.2317,
frame_ms,0.2353,
frame_ms,0.4865,
frame_ms,0.2757,
frame_ms,0.215,
frame_ms,0.2207,
frame_ms,0.2146,
tick_us,142.2,4
frame_ms,0.5062,
frame_ms,0.2294,
frame_ms,0.2174,
frame_ms,0.2146,
frame_ms,0.406,
frame_ms,0.356,
frame_ms,0.3443,
frame_ms,0.2444,
frame_ms,0.2342,
frame_ms,0.352,
frame_ms,0.3619,
frame_ms,0.3466,
frame_ms,0.2858,
frame_ms,0.2127,
frame_ms,0.2158,
frame_ms,0.2721,
frame_ms,0.2345,
frame_ms,0.2248,
frame_ms,0.2174,
frame_ms,0.2268,
frame_ms,0.4835,
frame_ms,0.3677,
frame_ms,0.2408,
tick_us,139.4,4
frame_ms,0.5035,
frame_ms,0.2331,
frame_ms,0.2048,
frame_ms,0.2092,
frame_ms,0.2155,
frame_ms,0.2122,
frame_ms,0.2394,
frame_ms,0.3306,
frame_ms,0.3841,
frame_ms,0.3348,
frame_ms,0.3341,
frame_ms,0.3349,
frame_ms,0.3444,
frame_ms,0.3334,
frame_ms,0.3673,
frame_ms,0.3388,
frame_ms,0.3308,
frame_ms,0.3311,
frame_ms,0.3543,
frame_ms,0.3734,
frame_ms,0.2445,
frame_ms,0.2137,
frame_ms,0.2191,
tick_us,190.8,4
frame_ms,0.5498,
frame_ms,0.2378,
frame_ms,0.2068,
frame_ms,0.2263,
frame_ms,0.2099,
frame_ms,0.2365,
frame_ms,0.2706,
frame_ms,0.2298,
frame_ms,0.2542,
frame_ms,0.2427,
frame_ms,0.2175,
frame_ms,0.2161,
frame_ms,0.2471,
frame_ms,0.2575,
frame_ms,0.2415,
frame_ms,0.4232,
frame_ms,0.3571,
frame_ms,0.2863,
frame_ms,0.2547,
frame_ms,0.2326,
frame_ms,0.3021,
frame_ms,0.2442,
frame_ms,0.2326,
frame_ms,0.2195,
frame_ms,0.2151,
tick_us,130,4
frame_ms,0.7638,
frame_ms,0.327,
frame_ms,0.3805,
frame_ms,0.3574,
frame_ms,0.3391,
frame_ms,0.3335,
frame_ms,0.3414,
frame_ms,0.3333,
frame_ms,0.3373,
frame_ms,0.2994,
frame_ms,0.434,
frame_ms,0.2171,
frame_ms,0.2179,
frame_ms,0.209,
frame_ms,0.2079,
frame_ms,0.2472,
frame_ms,0.2467,
frame_ms,0.2175,
frame_ms,0.2451,
frame_ms,0.2412,
frame_ms,0.702,
frame_ms,0.3296,
tick_us,134.9,4
frame_ms,0.5248,
frame_ms,0.23,
frame_ms,0.2422,
frame_ms,0.2163,
frame_ms,0.2119,
frame_ms,0.2063,
frame_ms,0.2544,
frame_ms,0.2535,
frame_ms,0.2209,
frame_ms,0.2043,
frame_ms,0.2326,
frame_ms,0.2112,
frame_ms,0.2047,
frame_ms,0.243,
frame_ms,0.2329,
frame_ms,0.3117,
frame_ms,0.2511,
frame_ms,0.2803,
frame_ms,0.2796,
frame_ms,0.2299,
frame_ms,0.2208,
frame_ms,0.2107,
frame_ms,0.2582,
frame_ms,0.2776,
frame_ms,0.2489,
frame_ms,0.2219,
frame_ms,0.2135,
frame_ms,0.247,
tick_us,138.7,4
frame_ms,0.5169,
frame_ms,0.2473,
frame_ms,0.3519,
frame_ms,0.3645,
frame_ms,0.2253,
frame_ms,0.2165,
frame_ms,0.2128,
frame_ms,0.2071,
frame_ms,0.2406,
frame_ms,0.2236,
frame_ms,0.3681,
frame_ms,0.2587,
frame_ms,0.2697,
frame_ms,0.2227,
frame_ms,0.2119,
frame_ms,0.2106,
frame_ms,0.2066,
frame_ms,0.4162,
frame_ms,0.3104,
frame_ms,0.2106,
frame_ms,0.2122,
frame_ms,0.2249,
frame_ms,0.4539,
frame_ms,0.3502,
frame_ms,0.2834,
tick_us,140.9,4
frame_ms,0.5396,
frame_ms,0.2359,
frame_ms,0.2133,
frame_ms,0.2148,
frame_ms,0.3772,
frame_ms,0.2516,
frame_ms,0.228,
frame_ms,0.2357,
frame_ms,0.2346,
frame_ms,0.2086,
frame_ms,0.2293,
frame_ms,0.2808,
frame_ms,0.2982,
frame_ms,0.2483,
frame_ms,0.2378,
frame_ms,0.2594,
frame_ms,0.2904,
frame_ms,0.2345,
frame_ms,0.2338,
frame_ms,0.2256,
frame_ms,0.2206,
frame_ms,0.2233,
frame_ms,0.2346,
frame_ms,0.2805,
frame_ms,0.2363,
frame_ms,0.2173,
frame_ms,0.2359,
tick_us,143.9,4
frame_ms,0.573,
frame_ms,0.364,
frame_ms,0.3554,
frame_ms,0.3383,
frame_ms,0.3991,
frame_ms,0.2937,
frame_ms,0.2478,
frame_ms,0.2209,
frame_ms,0.3145,
frame_ms,0.374,
frame_ms,0.2508,
frame_ms,0.3832,
frame_ms,0.2683,
frame_ms,0.222,
frame_ms,0.2373,
frame_ms,0.4059,
frame_ms,0.39,
frame_ms,0.3564,
frame_ms,0.2635,
frame_ms,0.2668,
frame_ms,0.215,
frame_ms,0.2593,
tick_us,139.5,4
frame_ms,0.5462,
frame_ms,0.303,
frame_ms,0.3651,
frame_ms,0.2907,
frame_ms,0.4056,
frame_ms,0.4098,
frame_ms,0.2622,
frame_ms,0.2213,
frame_ms,0.3842,
frame_ms,0.3529,
frame_ms,0.3385,
frame_ms,0.3372,
frame_ms,0.4356,
frame_ms,0.3672,
frame_ms,0.3465,
frame_ms,0.2654,
frame_ms,0.2189,
frame_ms,0.2194,
frame_ms,0.2114,
frame_ms,0.2186,
frame_ms,0.2508,
tick_us,141,4
frame_ms,0.5223,
frame_ms,0.2414,
frame_ms,0.2094,
frame_ms,0.2137,
frame_ms,0.2215,
frame_ms,0.2725,
frame_ms,0.2346,
frame_ms,0.4422,
frame_ms,0.343,
frame_ms,0.3824,
frame_ms,0.3594,
frame_ms,0.3673,
frame_ms,0.2787,
frame_ms,0.2361,
frame_ms,0.2145,
frame_ms,0.2161,
frame_ms,0.2404,
frame_ms,0.2684,
frame_ms,0.4235,
frame_ms,0.2653,
frame_ms,0.2258,
frame_ms,0.8118,
tick_us,142,4
frame_ms,0.5924,
frame_ms,0.2542,
frame_ms,0.2672,
frame_ms,0.2317,
frame_ms,0.5823,
frame_ms,0.2687,
frame_ms,0.2187,
frame_ms,0.2423,
frame_ms,0.2186,
frame_ms,0.2146,
frame_ms,0.2385,
frame_ms,0.2288,
frame_ms,0.2116,
frame_ms,0.2321,
frame_ms,0.2161,
frame_ms,0.2968,
frame_ms,0.2761,
frame_ms,0.3039,
frame_ms,0.2522,
frame_ms,0.224,
frame_ms,0.3877,
frame_ms,0.346,
frame_ms,0.331,
frame_ms,0.3372,
tick_us,168.8,4
frame_ms,0.6738,
frame_ms,0.3317,
frame_ms,0.3325,
frame_ms,0.3642,
frame_ms,0.339,
frame_ms,0.2733,
frame_ms,0.3768,
frame_ms,0.2567,
frame_ms,0.2179,
frame_ms,0.2155,
frame_ms,0.2108,
frame_ms,0.2079,
frame_ms,0.2586,
frame_ms,0.2224,
frame_ms,0.2277,
frame_ms,0.4173,
frame_ms,0.3657,
frame_ms,0.2395,
frame_ms,0.2101,
frame_ms,0.3953,
frame_ms,0.2502,
frame_ms,0.2156,
frame_ms,0.2217,
frame_ms,0.2144,
tick_us,141.2,4
frame_ms,0.629,
frame_ms,0.4459,
frame_ms,0.3468,
frame_ms,0.3481,
frame_ms,0.3369,
frame_ms,0.3309,
frame_ms,0.4502,
frame_ms,0.2243,
frame_ms,0.3071,
frame_ms,0.2582,
frame_ms,0.2801,
frame_ms,0.237,
frame_ms,0.293,
frame_ms,0.2377,
frame_ms,0.2944,
frame_ms,0.2317,
frame_ms,0.2674,
frame_ms,0.2324,
frame_ms,0.2471,
frame_ms,0.227,
frame_ms,0.221,
frame_ms,0.2437,
tick_us,127.9,4
frame_ms,0.6894,
frame_ms,0.3705,
frame_ms,0.2789,
frame_ms,0.2538,
frame_ms,0.2577,
frame_ms,0.2591,
frame_ms,0.2258,
frame_ms,0.2174,
frame_ms,0.2157,
frame_ms,0.3249,
frame_ms,0.3035,
frame_ms,0.2426,
frame_ms,0.2216,
frame_ms,0.3835,
frame_ms,0.2589,
frame_ms,0.2215,
frame_ms,0.2225,
frame_ms,0.2128,
frame_ms,0.2179,
frame_ms,0.2405,
frame_ms,0.2121,
frame_ms,0.2341,
frame_ms,0.2131,
frame_ms,0.451,
frame_ms,0.3487,
tick_us,130.5,4
frame_ms,0.5473,
frame_ms,0.2355,
frame_ms,0.2248,
frame_ms,0.2232,
frame_ms,0.2107,
frame_ms,0.2283,
frame_ms,0.3631,
frame_ms,0.552,
frame_ms,0.2664,
frame_ms,0.2221,
frame_ms,0.2127,
frame_ms,0.2208,
frame_ms,0.2183,
frame_ms,0.2503,
frame_ms,0.2224,
frame_ms,0.2073,
frame_ms,0.2235,
frame_ms,0.2132,
frame_ms,0.2043,
frame_ms,0.3603,
frame_ms,0.2532,
frame_ms,0.4286,
frame_ms,0.2867,
frame_ms,0.2485,
frame_ms,0.2417,
tick_us,142.1,4
frame_ms,0.5304,
frame_ms,0.2392,
frame_ms,0.2667,
frame_ms,0.319,
frame_ms,0.2622,
frame_ms,0.2289,
frame_ms,0.2194,
frame_ms,0.2244,
frame_ms,0.3615,
frame_ms,0.2445,
frame_ms,0.2548,
frame_ms,0.2964,
frame_ms,0.2525,
frame_ms,0.2784,
frame_ms,0.2875,
frame_ms,0.2618,
frame_ms,0.2368,
frame_ms,0.2441,
frame_ms,0.3,
frame_ms,0.295,
frame_ms,0.2374,
frame_ms,0.2481,
frame_ms,0.4455,
frame_ms,0.2453,
frame_ms,0.2191,
tick_us,132.1,4
frame_ms,0.5495,
frame_ms,0.3476,
frame_ms,0.2732,
frame_ms,0.2376,
frame_ms,0.2486,
frame_ms,0.2811,
frame_ms,0.251,
frame_ms,0.3275,
frame_ms,0.2527,
frame_ms,0.2667,
frame_ms,0.2342,
frame_ms,0.2253,
frame_ms,0.2135,
frame_ms,0.8787,
frame_ms,0.375,
frame_ms,0.2567,
frame_ms,0.2137,
frame_ms,0.217,
frame_ms,0.2177,
frame_ms,0.2335,
frame_ms,0.2329,
frame_ms,0.2735,
frame_ms,0.2313,
tick_us,143.5,4
frame_ms,0.6614,
frame_ms,0.3394,
frame_ms,0.2182,
frame_ms,0.2171,
frame_ms,0.2162,
frame_ms,0.2125,
frame_ms,0.2787,
frame_ms,0.4647,
frame_ms,0.3512,
frame_ms,0.3406,
frame_ms,0.3393,
frame_ms,0.3487,
frame_ms,0.3372,
frame_ms,0.3339,
frame_ms,0.334,
frame_ms,0.4062,
frame_ms,0.2592,
frame_ms,0.2158,
frame_ms,0.2181,
frame_ms,0.2101,
frame_ms,0.239,
frame_ms,0.2494,
frame_ms,0.2499,
tick_us,143.8,4
frame_ms,0.5166,
frame_ms,0.2281,
frame_ms,0.3945,
frame_ms,0.234,
frame_ms,0.2102,
frame_ms,0.2165,
frame_ms,0.2361,
frame_ms,0.2651,
frame_ms,0.2196,
frame_ms,0.2594,
frame_ms,0.2217,
frame_ms,0.213,
frame_ms,0.229,
frame_ms,0.2201,
frame_ms,0.2062,
frame_ms,0.2608,
frame_ms,0.2793,
frame_ms,0.2237,
frame_ms,0.2099,
frame_ms,0.4175,
frame_ms,0.292,
frame_ms,0.2328,
frame_ms,0.2517,
frame_ms,0.2799,
frame_ms,0.4144,
frame_ms,0.2995,
tick_us,129.4,4
frame_ms,0.525,
frame_ms,0.2529,
frame_ms,0.2229,
frame_ms,0.2162,
frame_ms,0.2087,
frame_ms,0.3352,
frame_ms,0.2223,
frame_ms,0.2084,
frame_ms,0.2053,
frame_ms,0.2594,
frame_ms,0.2227,
frame_ms,0.2087,
frame_ms,0.2529,
frame_ms,0.2813,
frame_ms,0.2293,
frame_ms,0.2214,
frame_ms,0.2123,
frame_ms,0.2326,
frame_ms,0.2244,
frame_ms,0.2121,
frame_ms,0.2303,
frame_ms,0.2144,
frame_ms,0.279,
frame_ms,0.258,
frame_ms,0.2151,
frame_ms,0.208,
frame_ms,0.2295,
frame_ms,0.2102,
frame_ms,0.2021,
tick_us,137.7,4
frame_ms,0.5485,
frame_ms,0.2342,
frame_ms,0.2032,
frame_ms,0.2082,
frame_ms,0.2048,
frame_ms,0.2439,
frame_ms,0.2282,
frame_ms,0.2123,
frame_ms,0.2291,
frame_ms,0.206,
frame_ms,0.2011,
frame_ms,0.2692,
frame_ms,0.2612,
frame_ms,0.224,
frame_ms,0.2376,
frame_ms,0.2148,
frame_ms,0.2414,
frame_ms,0.2433,
frame_ms,0.2138,
frame_ms,0.2056,
frame_ms,0.2589,
frame_ms,0.2203,
frame_ms,0.2079,
frame_ms,0.2292,
frame_ms,0.2052,
frame_ms,0.2134,
frame_ms,0.2532,
frame_ms,0.2192,
frame_ms,0.2051,
tick_us,134.2,4
frame_ms,0.5299,
frame_ms,0.4066,
frame_ms,0.3082,
frame_ms,0.2373,
frame_ms,0.2042,
frame_ms,0.2045,
frame_ms,0.2046,
frame_ms,0.2674,
frame_ms,0.2334,
frame_ms,0.2097,
frame_ms,0.2317,
frame_ms,0.2606,
frame_ms,0.2281,
frame_ms,0.2509,
frame_ms,0.2651,
frame_ms,0.2301,
frame_ms,0.2164,
frame_ms,0.2199,
frame_ms,0.2159,
frame_ms,0.2494,
frame_ms,0.2511,
frame_ms,0.2147,
frame_ms,0.2079,
frame_ms,0.2351,
frame_ms,0.2197,
frame_ms,0.2093,
frame_ms,0.2543,
frame_ms,0.2179,
tick_us,135.5,4
frame_ms,0.5178,
frame_ms,0.2207,
frame_ms,0.2024,
frame_ms,0.2104,
frame_ms,0.2094,
frame_ms,0.2455,
frame_ms,0.2059,
frame_ms,0.1966,
frame_ms,0.2446,
frame_ms,0.2213,
frame_ms,0.2116,
frame_ms,0.2355,
frame_ms,0.218,
frame_ms,0.2025,
frame_ms,0.248,
frame_ms,0.2189,
frame_ms,0.2029,
frame_ms,0.272,
frame_ms,0.2198,
frame_ms,0.2014,
frame_ms,0.246,
frame_ms,0.2201,
frame_ms,0.2009,
frame_ms,0.2459,
frame_ms,0.2161,
frame_ms,0.2002,
frame_ms,0.2448,
frame_ms,0.2233,
frame_ms,0.2013,
frame_ms,0.2411,
tick_us,140.8,4
frame_ms,0.5127,
frame_ms,0.237,
frame_ms,0.2014,
frame_ms,0.2076,
frame_ms,0.2155,
frame_ms,0.2326,
frame_ms,0.2664,
frame_ms,0.224,
frame_ms,0.2644,
frame_ms,0.2487,
frame_ms,0.441,
frame_ms,0.2613,
frame_ms,0.2359,
frame_ms,0.2186,
frame_ms,0.4255,
frame_ms,0.2731,
frame_ms,0.2187,
frame_ms,0.2211,
frame_ms,0.2106,
frame_ms,0.2107,
frame_ms,0.2681,
frame_ms,0.2722,
frame_ms,0.232,
frame_ms,0.2175,
frame_ms,0.2102,
frame_ms,0.2871,
tick_us,143.1,4
frame_ms,0.5673,
frame_ms,0.2341,
frame_ms,0.2253,
frame_ms,0.2174,
frame_ms,0.2066,
frame_ms,0.2086,
frame_ms,0.2489,
frame_ms,0.2288,
frame_ms,0.2119,
frame_ms,0.4157,
frame_ms,0.4382,
frame_ms,0.3492,
frame_ms,0.3399,
frame_ms,0.3528,
frame_ms,0.2542,
frame_ms,0.2286,
frame_ms,0.2128,
frame_ms,0.267,
frame_ms,0.2601,
frame_ms,0.2268,
frame_ms,0.2179,
frame_ms,0.4827,
frame_ms,0.3768,
frame_ms,0.2358,
tick_us,135.6,4
frame_ms,0.5623,
frame_ms,0.4434,
frame_ms,0.2442,
frame_ms,0.2289,
frame_ms,0.2729,
frame_ms,0.2289,
frame_ms,0.216,
frame_ms,0.2172,
frame_ms,0.2086,
frame_ms,0.2446,
frame_ms,0.9426,
frame_ms,0.2759,
frame_ms,0.2278,
frame_ms,0.2363,
frame_ms,0.4021,
frame_ms,0.4033,
frame_ms,0.3635,
frame_ms,0.2593,
frame_ms,0.2393,
frame_ms,0.2179,
frame_ms,0.2181,
frame_ms,0.2155,
tick_us,140.9,6
frame_ms,0.5584,
frame_ms,0.4524,
frame_ms,0.3535,
frame_ms,0.379,
frame_ms,0.3507,
frame_ms,0.3392,
frame_ms,0.3527,
frame_ms,0.2827,
frame_ms,0.2249,
frame_ms,0.2522,
frame_ms,0.227,
frame_ms,0.2219,
frame_ms,0.2158,
frame_ms,0.2609,
frame_ms,0.2248,
frame_ms,0.2196,
frame_ms,0.2857,
frame_ms,0.2158,
frame_ms,0.2465,
frame_ms,0.243,
frame_ms,0.2212,
frame_ms,0.288,
frame_ms,0.2402,
frame_ms,0.4093,
tick_us,133,6
frame_ms,0.5464,
frame_ms,0.2411,
frame_ms,0.2174,
frame_ms,0.2615,
frame_ms,0.4372,
frame_ms,0.2444,
frame_ms,0.3401,
frame_ms,0.2563,
frame_ms,0.2176,
frame_ms,0.2155,
frame_ms,0.2155,
frame_ms,0.2216,
frame_ms,0.2664,
frame_ms,0.2227,
frame_ms,0.2327,
frame_ms,0.2218,
frame_ms,0.2249,
frame_ms,0.2526,
frame_ms,0.2986,
frame_ms,0.3031,
frame_ms,0.2308,
frame_ms,0.2162,
frame_ms,0.2277,
frame_ms,0.5049,
frame_ms,0.2969,
tick_us,129.3,6
frame_ms,0.5485,
frame_ms,0.3004,
frame_ms,0.34,
frame_ms,0.2917,
frame_ms,0.2598,
frame_ms,0.2765,
frame_ms,0.3625,
frame_ms,0.2444,
frame_ms,0.34,
frame_ms,0.287,
frame_ms,0.3717,
frame_ms,0.3377,
frame_ms,0.3364,
frame_ms,0.3707,
frame_ms,0.3406,
frame_ms,0.277,
frame_ms,0.3171,
frame_ms,0.2221,
frame_ms,0.2365,
frame_ms,0.2191,
frame_ms,0.215,
frame_ms,0.3808,
tick_us,134.8,6
frame_ms,0.5629,
frame_ms,0.2319,
frame_ms,0.2082,
frame_ms,0.2186,
frame_ms,0.2108,
frame_ms,0.226,
frame_ms,0.3019,
frame_ms,0.4068,
frame_ms,0.2558,
frame_ms,0.3808,
frame_ms,0.4186,
frame_ms,0.2372,
frame_ms,0.3766,
frame_ms,0.2588,
frame_ms,0.2334,
frame_ms,0.4063,
frame_ms,0.2794,
frame_ms,0.3329,
frame_ms,0.437,
frame_ms,0.3468,
frame_ms,0.2759,
frame_ms,0.2431,
frame_ms,0.2207,
tick_us,141,6
frame_ms,0.5228,
frame_ms,0.2314,
frame_ms,0.5936,
frame_ms,0.2987,
frame_ms,0.2418,
frame_ms,0.2141,
frame_ms,0.2102,
frame_ms,0.2378,
frame_ms,0.271,
frame_ms,0.2286,
frame_ms,0.2671,
frame_ms,0.2281,
frame_ms,0.2114,
frame_ms,0.2447,
frame_ms,0.2201,
frame_ms,0.3898,
frame_ms,0.2482,
frame_ms,0.3938,
frame_ms,0.337,
frame_ms,0.3386,
frame_ms,0.288,
frame_ms,0.2574,
frame_ms,0.2262,
frame_ms,0.2799,
tick_us,131.9,6
frame_ms,0.5225,
frame_ms,0.2371,
frame_ms,0.2136,
frame_ms,0.2148,
frame_ms,0.2179,
frame_ms,0.2903,
frame_ms,0.2557,
frame_ms,0.2318,
frame_ms,0.2278,
frame_ms,0.2249,
frame_ms,0.2608,
frame_ms,0.4274,
frame_ms,0.2727,
frame_ms,0.2222,
frame_ms,0.2208,
frame_ms,0.2155,
frame_ms,0.2214,
frame_ms,0.2375,
frame_ms,0.3376,
frame_ms,0.2803,
frame_ms,0.2308,
frame_ms,0.2226,
frame_ms,0.2191,
frame_ms,0.2125,
frame_ms,0.238,
frame_ms,0.2155,
frame_ms,0.2923,
tick_us,128.9,6
frame_ms,0.542,
frame_ms,0.2743,
frame_ms,0.2216,
frame_ms,0.2171,
frame_ms,0.2152,
frame_ms,0.2305,
frame_ms,0.2179,
frame_ms,0.2571,
frame_ms,0.2285,
frame_ms,0.2162,
frame_ms,0.2233,
frame_ms,0.2367,
frame_ms,0.884,
frame_ms,0.2831,
frame_ms,0.2351,
frame_ms,0.2279,
frame_ms,0.2285,
frame_ms,0.3503,
frame_ms,0.2741,
frame_ms,0.2353,
frame_ms,0.2647,
frame_ms,0.3466,
frame_ms,0.242,
frame_ms,0.2744,
tick_us,142.5,6
frame_ms,0.569,
frame_ms,0.25,
frame_ms,0.22,
frame_ms,0.2204,
frame_ms,0.2193,
frame_ms,0.2821,
frame_ms,0.2294,
frame_ms,0.2162,
frame_ms,0.2489,
frame_ms,0.2976,
frame_ms,0.2622,
frame_ms,0.2247,
frame_ms,0.2265,
frame_ms,0.2185,
frame_ms,0.2304,
frame_ms,0.4514,
frame_ms,0.3423,
frame_ms,0.3356,
frame_ms,0.3491,
frame_ms,0.3486,
frame_ms,0.3511,
frame_ms,0.2864,
frame_ms,0.2423,
frame_ms,0.2286,
tick_us,133.5,4
frame_ms,0.6736,
frame_ms,0.2835,
frame_ms,0.2444,
frame_ms,0.2162,
frame_ms,0.2178,
frame_ms,0.2219,
frame_ms,0.2151,
frame_ms,0.2429,
frame_ms,0.2248,
frame_ms,0.2183,
frame_ms,0.2229,
frame_ms,0.2251,
frame_ms,0.22,
frame_ms,0.2122,
frame_ms,0.2346,
frame_ms,0.2105,
frame_ms,0.2196,
frame_ms,1.1448,
frame_ms,0.3666,
frame_ms,0.2253,
frame_ms,0.2172,
frame_ms,0.2347,
frame_ms,0.2149,
frame_ms,0.326,
tick_us,142.7,4
frame_ms,0.7567,
frame_ms,0.4117,
frame_ms,0.2717,
frame_ms,0.2831,
frame_ms,0.2239,
frame_ms,0.2958,
frame_ms,0.2312,
frame_ms,0.2195,
frame_ms,0.2155,
frame_ms,0.2211,
frame_ms,0.2319,
frame_ms,0.2358,
frame_ms,0.2236,
frame_ms,0.2146,
frame_ms,0.2372,
frame_ms,0.2366,
frame_ms,0.212,
frame_ms,0.2085,
frame_ms,0.2759,
frame_ms,0.2324,
frame_ms,0.2206,
frame_ms,0.2272,
frame_ms,0.2297,
frame_ms,0.3091,
frame_ms,0.2376,
frame_ms,0.2719,
tick_us,144.1,4
frame_ms,0.5712,
frame_ms,0.2755,
frame_ms,0.3401,
frame_ms,0.2476,
frame_ms,0.4244,
frame_ms,0.2546,
frame_ms,0.2364,
frame_ms,0.2313,
frame_ms,0.4122,
frame_ms,0.2869,
frame_ms,0.2434,
frame_ms,0.2117,
frame_ms,0.2176,
frame_ms,0.2128,
frame_ms,0.2349,
frame_ms,0.2307,
frame_ms,0.2819,
frame_ms,0.216,
frame_ms,0.2233,
frame_ms,0.2363,
frame_ms,0.2071,
frame_ms,0.2016,
frame_ms,0.2545,
frame_ms,0.9357,
tick_us,143,4
frame_ms,0.7481,
frame_ms,0.2974,
frame_ms,0.2221,
frame_ms,0.2267,
frame_ms,0.2158,
frame_ms,0.2477,
frame_ms,0.4385,
frame_ms,0.3557,
frame_ms,0.4135,
frame_ms,0.3293,
frame_ms,0.3975,
frame_ms,0.4033,
frame_ms,0.3698,
frame_ms,0.3443,
frame_ms,0.3385,
frame_ms,0.3012,
frame_ms,0.259,
frame_ms,0.2202,
frame_ms,0.2313,
frame_ms,0.2216,
tick_us,144.2,4
frame_ms,0.5187,
frame_ms,0.3689,
frame_ms,0.27,
frame_ms,0.2485,
frame_ms,0.2529,
frame_ms,0.2226,
frame_ms,0.2139,
frame_ms,0.2283,
frame_ms,0.2717,
frame_ms,0.288,
frame_ms,0.2355,
frame_ms,0.2343,
frame_ms,0.2347,
frame_ms,0.2252,
frame_ms,0.2218,
frame_ms,0.2564,
frame_ms,0.2331,
frame_ms,0.2554,
frame_ms,0.2323,
frame_ms,0.2195,
frame_ms,0.2134,
frame_ms,0.2896,
frame_ms,0.2855,
frame_ms,0.2466,
frame_ms,0.2417,
frame_ms,0.2391,
frame_ms,0.2357,
tick_us,145.4,4
frame_ms,0.5733,
frame_ms,0.2792,
frame_ms,0.2359,
frame_ms,0.2288,
frame_ms,0.2124,
frame_ms,0.2133,
frame_ms,0.2362,
frame_ms,0.3797,
frame_ms,0.3935,
frame_ms,0.3844,
frame_ms,0.3473,
frame_ms,0.3193,
frame_ms,0.2375,
frame_ms,0.2158,
frame_ms,0.2163,
frame_ms,0.2214,
frame_ms,0.2162,
frame_ms,0.2557,
frame_ms,0.2768,
frame_ms,0.2488,
frame_ms,0.2436,
frame_ms,0.2346,
frame_ms,0.2664,
frame_ms,0.2646,
frame_ms,0.2545,
tick_us,139.8,4
frame_ms,0.701,
frame_ms,0.2591,
frame_ms,0.2235,
frame_ms,0.2456,
frame_ms,0.2225,
frame_ms,0.2088,
frame_ms,0.2078,
frame_ms,0.2457,
frame_ms,0.2253,
frame_ms,0.2114,
frame_ms,0.2403,
frame_ms,0.224,
frame_ms,0.2082,
frame_ms,0.2426,
frame_ms,0.2133,
frame_ms,0.2022,
frame_ms,0.238,
frame_ms,0.2257,
frame_ms,0.2114,
frame_ms,0.2427,
frame_ms,0.2281,
frame_ms,0.2096,
frame_ms,0.3091,
frame_ms,0.3277,
frame_ms,0.248,
frame_ms,0.2418,
frame_ms,0.2384,
frame_ms,0.2367,
tick_us,164,4
frame_ms,0.565,
frame_ms,0.2781,
frame_ms,0.284,
frame_ms,0.2729,
frame_ms,0.2197,
frame_ms,0.2156,
frame_ms,0.211,
frame_ms,0.2097,
frame_ms,0.2626,
frame_ms,0.232,
frame_ms,0.2049,
frame_ms,0.2469,
frame_ms,0.214,
frame_ms,0.4638,
frame_ms,0.4343,
frame_ms,0.3612,
frame_ms,0.3346,
frame_ms,0.3317,
frame_ms,0.3593,
frame_ms,0.3063,
frame_ms,0.242,
frame_ms,0.2149,
frame_ms,0.2193,
frame_ms,0.2179,
tick_us,138.4,4
frame_ms,0.5066,
frame_ms,0.2474,
frame_ms,0.2118,
frame_ms,0.215,
frame_ms,0.2186,
frame_ms,0.2331,
frame_ms,0.2279,
frame_ms,0.2325,
frame_ms,0.2307,
frame_ms,0.2072,
frame_ms,0.2296,
frame_ms,0.2299,
frame_ms,0.3064,
frame_ms,0.4283,
frame_ms,0.3357,
frame_ms,0.3292,
frame_ms,0.3278,
frame_ms,0.3397,
frame_ms,0.2526,
frame_ms,0.215,
frame_ms,0.2127,
frame_ms,0.204,
frame_ms,0.2057,
frame_ms,0.2594,
frame_ms,0.218,
frame_ms,0.2038,
tick_us,149.3,4
frame_ms,0.5562,
frame_ms,0.236,
frame_ms,0.2139,
frame_ms,0.3572,
frame_ms,0.3941,
frame_ms,0.3412,
frame_ms,0.3308,
frame_ms,0.3262,
frame_ms,0.3352,
frame_ms,0.3235,
frame_ms,0.3296,
frame_ms,0.3289,
frame_ms,0.3322,
frame_ms,0.3747,
frame_ms,0.3493,
frame_ms,0.3707,
frame_ms,0.5398,
frame_ms,0.4046,
frame_ms,0.3894,
tick_us,415.5,4
frame_ms,0.9817,
frame_ms,0.2709,
frame_ms,0.2179,
frame_ms,0.2209,
frame_ms,0.2244,
frame_ms,0.2147,
frame_ms,0.2402,
frame_ms,0.2184,
frame_ms,0.2239,
frame_ms,0.2253,
frame_ms,0.248,
frame_ms,0.2213,
frame_ms,0.2055,
frame_ms,0.2472,
frame_ms,0.2217,
frame_ms,0.2088,
frame_ms,0.2396,
frame_ms,0.2554,
frame_ms,0.2586,
frame_ms,0.2297,
frame_ms,0.218,
frame_ms,0.2135,
frame_ms,0.2761,
frame_ms,0.2386,
frame_ms,0.2206,
frame_ms,0.2065,
frame_ms,0.2468,
frame_ms,0.2188,
tick_us,131.7,4
frame_ms,0.5047,
frame_ms,0.2264,
frame_ms,0.2241,
frame_ms,0.2597,
frame_ms,0.2133,
frame_ms,0.21,
frame_ms,0.2047,
frame_ms,0.2434,
frame_ms,0.2158,
frame_ms,0.1986,
frame_ms,0.2392,
frame_ms,0.2423,
frame_ms,0.2133,
frame_ms,0.208,
frame_ms,0.2446,
frame_ms,0.2613,
frame_ms,0.2585,
frame_ms,0.2278,
frame_ms,0.2179,
frame_ms,0.2153,
frame_ms,0.2497,
frame_ms,0.2463,
frame_ms,0.2134,
frame_ms,0.2047,
frame_ms,0.2445,
frame_ms,0.2214,
frame_ms,0.2052,
frame_ms,0.2464,
frame_ms,0.2698,
tick_us,234.3,2
frame_ms,0.6683,
frame_ms,0.3432,
frame_ms,0.2328,
frame_ms,0.204,
frame_ms,0.2081,
frame_ms,0.2085,
frame_ms,0.2423,
frame_ms,0.3236,
frame_ms,0.3855,
frame_ms,0.3302,
frame_ms,0.3272,
frame_ms,0.3268,
frame_ms,0.326,
frame_ms,0.2622,
frame_ms,0.2226,
frame_ms,0.2372,
frame_ms,0.2268,
frame_ms,0.2568,
frame_ms,0.2159,
frame_ms,0.2369,
frame_ms,0.2153,
frame_ms,0.279,
frame_ms,0.2689,
frame_ms,0.2255,
frame_ms,0.2149,
tick_us,146.5,2
frame_ms,0.5098,
frame_ms,0.2325,
frame_ms,0.2095,
frame_ms,0.2091,
frame_ms,0.2183,
frame_ms,0.2101,
frame_ms,0.2385,
frame_ms,0.2211,
frame_ms,0.2064,
frame_ms,0.2688,
frame_ms,0.2113,
frame_ms,0.2159,
frame_ms,0.2087,
frame_ms,0.2584,
frame_ms,0.2215,
frame_ms,0.2053,
frame_ms,0.2522,
frame_ms,0.2304,
frame_ms,0.2129,
frame_ms,0.2402,
frame_ms,0.2416,
frame_ms,0.2124,
frame_ms,0.2087,
frame_ms,0.3156,
frame_ms,0.4407,
frame_ms,0.3587,
frame_ms,0.3539,
tick_us,162.3,2
frame_ms,0.6656,
frame_ms,0.2498,
frame_ms,0.2127,
frame_ms,0.215,
frame_ms,0.2144,
frame_ms,0.2079,
frame_ms,0.2532,
frame_ms,0.2265,
frame_ms,0.2051,
frame_ms,0.4626,
frame_ms,0.2564,
frame_ms,0.2377,
frame_ms,0.3079,
frame_ms,0.2315,
frame_ms,0.2151,
frame_ms,0.2093,
frame_ms,0.2189,
frame_ms,0.2403,
frame_ms,0.2172,
frame_ms,0.2048,
frame_ms,0.2474,
frame_ms,0.2195,
frame_ms,0.2058,
frame_ms,0.2344,
frame_ms,0.2171,
frame_ms,0.2007,
frame_ms,0.2357,
tick_us,140.1,2
frame_ms,0.5175,
frame_ms,0.2316,
frame_ms,0.2045,
frame_ms,0.2067,
frame_ms,0.2063,
frame_ms,0.2298,
frame_ms,0.2164,
frame_ms,0.2073,
frame_ms,0.2329,
frame_ms,0.313,
frame_ms,0.3876,
frame_ms,0.3425,
frame_ms,0.2233,
frame_ms,0.2026,
frame_ms,0.2061,
frame_ms,0.1995,
frame_ms,0.2545,
frame_ms,0.2275,
frame_ms,0.2075,
frame_ms,0.2128,
frame_ms,0.2429,
frame_ms,0.2194,
frame_ms,0.2009,
frame_ms,0.2332,
frame_ms,0.2169,
frame_ms,0.2426,
frame_ms,0.202,
frame_ms,0.2061,
frame_ms,0.2646,
tick_us,137.1,2
frame_ms,0.5129,
frame_ms,0.2335,
frame_ms,0.2158,
frame_ms,0.2058,
frame_ms,0.2068,
frame_ms,0.2251,
frame_ms,0.2339,
frame_ms,0.2675,
frame_ms,0.219,
frame_ms,0.2021,
frame_ms,0.2519,
frame_ms,0.3737,
frame_ms,0.653,
frame_ms,0.7953,
frame_ms,0.3014,
frame_ms,0.2578,
frame_ms,0.2316,
frame_ms,0.2385,
frame_ms,0.2363,
frame_ms,0.2312,
frame_ms,0.2309,
frame_ms,0.3707,
frame_ms,0.2272,
tick_us,141.7,2
frame_ms,0.5059,
frame_ms,0.2213,
frame_ms,0.2031,
frame_ms,0.2129,
frame_ms,0.2181,
frame_ms,0.2091,
frame_ms,0.2631,
frame_ms,0.2212,
frame_ms,0.2103,
frame_ms,0.2398,
frame_ms,0.2208,
frame_ms,0.2031,
frame_ms,0.2382,
frame_ms,0.2272,
frame_ms,0.2073,
frame_ms,0.4685,
frame_ms,0.3322,
frame_ms,0.207,
frame_ms,0.2075,
frame_ms,0.2055,
frame_ms,0.2378,
frame_ms,0.2228,
frame_ms,0.2077,
frame_ms,0.2507,
frame_ms,0.224,
frame_ms,0.2067,
frame_ms,0.2254,
frame_ms,0.2061,
frame_ms,0.2013,
tick_us,162.2,2
frame_ms,0.7289,
frame_ms,0.4467,
frame_ms,0.3815,
frame_ms,0.2635,
frame_ms,0.2144,
frame_ms,0.2108,
frame_ms,0.2115,
frame_ms,0.2055,
frame_ms,0.2418,
frame_ms,0.2227,
frame_ms,0.2082,
frame_ms,0.2338,
frame_ms,0.24,
frame_ms,0.3976,
frame_ms,0.2388,
frame_ms,0.2244,
frame_ms,0.2135,
frame_ms,0.2095,
frame_ms,0.3164,
frame_ms,0.3431,
frame_ms,0.2685,
frame_ms,0.217,
frame_ms,0.2152,
frame_ms,0.2066,
frame_ms,0.2065,
tick_us,144.7,2
frame_ms,0.589,
frame_ms,0.3028,
frame_ms,0.2513,
frame_ms,0.231,
frame_ms,0.3679,
frame_ms,0.4104,
frame_ms,0.3235,
frame_ms,0.2552,
frame_ms,0.2902,
frame_ms,0.2577,
frame_ms,0.2444,
frame_ms,0.2409,
frame_ms,0.2942,
frame_ms,0.2739,
frame_ms,0.2869,
frame_ms,0.2358,
frame_ms,0.5847,
frame_ms,0.4749,
frame_ms,0.2759,
frame_ms,0.4161,
frame_ms,0.405,
tick_us,219.3,2
frame_ms,0.7797,
frame_ms,0.3237,
frame_ms,0.2521,
frame_ms,0.2578,
frame_ms,0.2262,
frame_ms,0.2234,
frame_ms,0.2226,
frame_ms,0.2256,
frame_ms,0.228,
frame_ms,0.2307,
frame_ms,0.2163,
frame_ms,0.2327,
frame_ms,0.2238,
frame_ms,0.2673,
frame_ms,0.2365,
frame_ms,0.2155,
frame_ms,0.2829,
frame_ms,0.4721,
frame_ms,0.266,
frame_ms,0.2892,
frame_ms,0.2211,
frame_ms,0.2345,
frame_ms,0.2211,
frame_ms,0.2161,
frame_ms,0.4376,
tick_us,160.3,2
frame_ms,0.6885,
frame_ms,0.4329,
frame_ms,0.4229,
frame_ms,0.3928,
frame_ms,0.3829,
frame_ms,0.2907,
frame_ms,0.3813,
frame_ms,0.3689,
frame_ms,0.2709,
frame_ms,0.2292,
frame_ms,0.2175,
frame_ms,0.273,
frame_ms,0.267,
frame_ms,0.2557,
frame_ms,0.2754,
frame_ms,0.3482,
frame_ms,0.2284,
frame_ms,0.2995,
frame_ms,0.2703,
frame_ms,0.2334,
frame_ms,0.2272,
tick_us,140.1,2
frame_ms,0.5188,
frame_ms,0.2773,
frame_ms,0.5546,
frame_ms,0.4432,
frame_ms,0.273,
frame_ms,0.2865,
frame_ms,0.2251,
frame_ms,0.2236,
frame_ms,0.216,
frame_ms,0.4271,
frame_ms,0.3584,
frame_ms,0.345,
frame_ms,0.3476,
frame_ms,0.2903,
frame_ms,0.2469,
frame_ms,0.29,
frame_ms,0.2433,
frame_ms,0.2261,
frame_ms,0.2264,
frame_ms,0.3606,
frame_ms,0.3059,
frame_ms,0.2751,
tick_us,146.2,2
frame_ms,0.6726,
frame_ms,0.2563,
frame_ms,0.2149,
frame_ms,0.2197,
frame_ms,0.211,
frame_ms,0.257,
frame_ms,0.2124,
frame_ms,0.7697,
frame_ms,0.2891,
frame_ms,0.2182,
frame_ms,0.2449,
frame_ms,0.2206,
frame_ms,0.2074,
frame_ms,0.234,
frame_ms,0.2136,
frame_ms,0.2083,
frame_ms,0.4702,
frame_ms,0.3472,
frame_ms,0.3449,
frame_ms,0.3356,
frame_ms,0.2727,
frame_ms,0.2897,
frame_ms,0.2328,
tick_us,141.6,2
frame_ms,0.5218,
frame_ms,0.2868,
frame_ms,0.2205,
frame_ms,0.2165,
frame_ms,0.3517,
frame_ms,0.3873,
frame_ms,0.289,
frame_ms,0.2388,
frame_ms,0.209,
frame_ms,0.2084,
frame_ms,0.3818,
frame_ms,0.231,
frame_ms,0.2181,
frame_ms,0.2176,
frame_ms,0.2137,
frame_ms,0.2118,
frame_ms,0.262,
frame_ms,0.2929,
frame_ms,0.2746,
frame_ms,0.3157,
frame_ms,0.2309,
frame_ms,0.214,
frame_ms,0.2422,
frame_ms,0.212,
frame_ms,0.2069,
frame_ms,0.2377,
tick_us,167.3,2
frame_ms,0.6708,
frame_ms,0.3336,
frame_ms,0.2371,
frame_ms,0.2157,
frame_ms,0.2311,
frame_ms,0.2303,
frame_ms,0.2242,
frame_ms,0.2452,
frame_ms,0.2489,
frame_ms,0.2123,
frame_ms,0.2096,
frame_ms,0.2402,
frame_ms,0.256,
frame_ms,0.569,
frame_ms,0.2837,
frame_ms,0.235,
frame_ms,0.3157,
frame_ms,0.2641,
frame_ms,0.2276,
frame_ms,0.2176,
frame_ms,0.4429,
frame_ms,0.2987,
frame_ms,0.2418,
frame_ms,0.2192,
frame_ms,0.2191,
tick_us,146.1,2
frame_ms,0.5291,
frame_ms,0.2498,
frame_ms,0.2281,
frame_ms,0.2643,
frame_ms,0.2576,
frame_ms,0.2865,
frame_ms,0.3194,
frame_ms,0.2453,
frame_ms,0.2226,
frame_ms,0.2488,
frame_ms,0.2377,
frame_ms,0.2149,
frame_ms,0.278,
frame_ms,0.2696,
frame_ms,0.2385,
frame_ms,0.2867,
frame_ms,0.2144,
frame_ms,0.2139,
frame_ms,0.4397,
frame_ms,0.2366,
frame_ms,0.3624,
frame_ms,0.2595,
frame_ms,0.258,
frame_ms,0.2111,
frame_ms,0.2076,
frame_ms,0.2106,
tick_us,148.5,2
frame_ms,0.5611,
frame_ms,0.2471,
frame_ms,0.2126,
frame_ms,0.4792,
frame_ms,0.2939,
frame_ms,0.227,
frame_ms,0.2805,
frame_ms,0.2398,
frame_ms,0.2516,
frame_ms,0.2301,
frame_ms,0.2175,
frame_ms,0.22,
frame_ms,0.2309,
frame_ms,0.2327,
frame_ms,0.2497,
frame_ms,0.2533,
frame_ms,0.2292,
frame_ms,0.2171,
frame_ms,0.2131,
frame_ms,0.2478,
frame_ms,0.2331,
frame_ms,0.4549,
frame_ms,0.4123,
frame_ms,0.2352,
frame_ms,0.2162,
tick_us,145.7,2
frame_ms,0.5351,
frame_ms,0.2487,
frame_ms,0.2199,
frame_ms,0.2218,
frame_ms,0.2131,
frame_ms,0.2281,
frame_ms,0.2426,
frame_ms,0.2392,
frame_ms,0.2241,
frame_ms,0.2201,
frame_ms,0.2515,
frame_ms,0.2767,
frame_ms,0.2354,
frame_ms,0.2216,
frame_ms,0.2358,
frame_ms,0.229,
frame_ms,0.2092,
frame_ms,0.2073,
frame_ms,0.2401,
frame_ms,0.2437,
frame_ms,0.2265,
frame_ms,0.2067,
frame_ms,0.2516,
frame_ms,0.2335,
frame_ms,0.2148,
frame_ms,0.2109,
frame_ms,0.2412,
frame_ms,0.4327,
tick_us,145.3,2
frame_ms,0.5881,
frame_ms,0.308,
frame_ms,0.254,
frame_ms,0.2625,
frame_ms,0.2907,
frame_ms,0.247,
frame_ms,0.2416,
frame_ms,0.24,
frame_ms,0.2364,
frame_ms,0.2305,
frame_ms,0.2526,
frame_ms,0.2801,
frame_ms,0.2274,
frame_ms,0.2613,
frame_ms,0.3201,
frame_ms,0.2373,
frame_ms,0.224,
frame_ms,0.2184,
frame_ms,0.2209,
frame_ms,0.2385,
frame_ms,0.2227,
frame_ms,0.2588,
frame_ms,0.2346,
frame_ms,0.2206,
frame_ms,0.2199,
frame_ms,0.2284,
frame_ms,0.2154,
tick_us,142.8,2
frame_ms,0.5148,
frame_ms,0.2617,
frame_ms,0.4923,
frame_ms,0.5147,
frame_ms,0.3688,
frame_ms,0.2843,
frame_ms,0.2398,
frame_ms,0.2306,
frame_ms,0.2503,
frame_ms,0.2918,
frame_ms,0.2441,
frame_ms,0.2681,
frame_ms,0.2328,
frame_ms,0.2197,
frame_ms,0.2401,
frame_ms,0.3406,
frame_ms,0.2478,
frame_ms,0.2353,
frame_ms,0.2155,
frame_ms,0.2104,
frame_ms,0.2304,
frame_ms,0.2197,
frame_ms,0.2104,
frame_ms,0.2259,
tick_us,145.4,0
frame_ms,0.5506,
frame_ms,0.239,
frame_ms,0.2117,
frame_ms,0.3965,
frame_ms,0.409,
frame_ms,0.3053,
frame_ms,0.355,
frame_ms,0.2229,
frame_ms,0.2211,
frame_ms,0.22,
frame_ms,0.2091,
frame_ms,0.233,
frame_ms,0.2205,
frame_ms,0.217,
frame_ms,0.2253,
frame_ms,0.2548,
frame_ms,0.266,
frame_ms,0.2259,
frame_ms,0.2657,
frame_ms,0.2316,
frame_ms,0.2202,
frame_ms,0.4351,
frame_ms,0.3742,
frame_ms,0.284,
frame_ms,0.2804,
tick_us,138.9,4
frame_ms,0.5106,
frame_ms,0.2337,
frame_ms,0.2161,
frame_ms,0.2208,
frame_ms,0.2478,
frame_ms,0.2228,
frame_ms,0.252,
frame_ms,0.229,
frame_ms,0.225,
frame_ms,0.5929,
frame_ms,0.293,
frame_ms,0.2476,
frame_ms,0.4069,
frame_ms,0.2453,
frame_ms,0.2173,
frame_ms,0.2505,
frame_ms,0.2484,
frame_ms,0.2472,
frame_ms,0.2987,
frame_ms,0.2754,
frame_ms,0.2431,
frame_ms,0.2377,
frame_ms,0.237,
frame_ms,0.2215,
frame_ms,0.2206,
tick_us,155.4,2
frame_ms,0.5422,
frame_ms,0.2498,
frame_ms,0.2219,
frame_ms,0.3189,
frame_ms,0.2437,
frame_ms,0.2547,
frame_ms,0.2842,
frame_ms,0.2825,
frame_ms,0.2304,
frame_ms,0.2197,
frame_ms,0.2232,
frame_ms,0.2399,
frame_ms,0.2486,
frame_ms,0.2161,
frame_ms,0.2405,
frame_ms,0.2265,
frame_ms,0.2391,
frame_ms,0.3711,
frame_ms,0.2482,
frame_ms,0.4554,
frame_ms,0.2466,
frame_ms,0.4206,
frame_ms,0.2652,
frame_ms,0.219,
tick_us,178.2,2
frame_ms,0.7209,
frame_ms,0.2444,
frame_ms,0.2225,
frame_ms,0.2165,
frame_ms,0.3725,
frame_ms,0.4006,
frame_ms,0.3634,
frame_ms,0.2999,
frame_ms,0.2386,
frame_ms,0.2155,
frame_ms,0.2093,
frame_ms,0.3202,
frame_ms,0.2366,
frame_ms,0.3987,
frame_ms,0.3404,
frame_ms,0.4185,
frame_ms,0.2946,
frame_ms,0.2975,
frame_ms,0.2186,
frame_ms,0.4601,
frame_ms,0.2589,
frame_ms,0.2406,
tick_us,176.4,2
frame_ms,0.7334,
frame_ms,0.2928,
frame_ms,0.2673,
frame_ms,0.2526,
frame_ms,0.22,
frame_ms,0.2181,
frame_ms,0.2695,
frame_ms,0.2403,
frame_ms,0.2954,
frame_ms,0.24,
frame_ms,0.2204,
frame_ms,0.2175,
frame_ms,0.2362,
frame_ms,0.2187,
frame_ms,0.3323,
frame_ms,0.3808,
frame_ms,0.4393,
frame_ms,0.3107,
frame_ms,0.2358,
frame_ms,0.2245,
frame_ms,0.2485,
frame_ms,0.2333,
frame_ms,0.2249,
frame_ms,0.2162,
frame_ms,0.463,
tick_us,172.2,2
frame_ms,0.7292,
frame_ms,0.3509,
frame_ms,0.2976,
frame_ms,0.2465,
frame_ms,0.2112,
frame_ms,0.2298,
frame_ms,0.2113,
frame_ms,0.2163,
frame_ms,0.2444,
frame_ms,0.2225,
frame_ms,0.2111,
frame_ms,0.2116,
frame_ms,0.4114,
frame_ms,0.242,
frame_ms,0.2248,
frame_ms,0.2157,
frame_ms,0.2326,
frame_ms,0.2309,
frame_ms,0.2842,
frame_ms,0.2337,
frame_ms,0.2192,
frame_ms,0.2354,
frame_ms,0.2524,
frame_ms,0.2333,
frame_ms,0.2601,
tick_us,175.6,2
frame_ms,0.9359,
frame_ms,0.3068,
frame_ms,0.635,
frame_ms,0.5193,
frame_ms,0.3047,
frame_ms,0.2705,
frame_ms,0.2505,
frame_ms,0.2291,
frame_ms,0.214,
frame_ms,0.2104,
frame_ms,0.2398,
frame_ms,0.2258,
frame_ms,0.2175,
frame_ms,0.3244,
frame_ms,0.2479,
frame_ms,0.2269,
frame_ms,0.2214,
frame_ms,0.2198,
frame_ms,0.2465,
frame_ms,0.2242,
frame_ms,0.3081,
frame_ms,0.2469,
frame_ms,0.2316,
tick_us,173.1,0
frame_ms,0.7895,
frame_ms,0.3461,
frame_ms,0.2855,
frame_ms,0.2524,
frame_ms,0.2754,
frame_ms,0.2728,
frame_ms,0.2302,
frame_ms,0.2183,
frame_ms,0.2202,
frame_ms,0.2112,
frame_ms,0.268,
frame_ms,0.2658,
frame_ms,0.2332,
frame_ms,0.5,
frame_ms,0.2479,
frame_ms,0.2212,
frame_ms,0.2166,
frame_ms,0.2122,
frame_ms,0.2305,
frame_ms,0.2656,
frame_ms,0.223,
frame_ms,0.2181,
frame_ms,0.2285,
frame_ms,0.222,
frame_ms,0.2133,
frame_ms,0.2457,
tick_us,148.2,0
