# mode=collision,n=1000,struct=grid,cell=64,depth=5,node=4,seed=44,warmup_s=2,measure_s=5,config=3D,ticks=1008,frames=23367,measured_ticks=720,startup_ms=1391.4,glfw_first_draw_ms=1320.43,renderer=NVIDIA GeForce RTX 5060 Laptop GPU/PCIe/SSE2,gl=3.3.0 NVIDIA 592.01
kind,value,extra
startup_ms,1391.4,process_to_first_frame
glfw_ms,1320.43,glfw_init_to_first_frame
mem_ws_bytes,1.10785e+08,baseline
mem_private_bytes,1.81596e+08,baseline
mem_peak_ws_bytes,1.10785e+08,baseline
mem_ws_bytes,1.1126e+08,after_spawn
mem_private_bytes,1.82047e+08,after_spawn
mem_peak_ws_bytes,1.1126e+08,after_spawn
frame_ms,0.2283,
frame_ms,0.2093,
frame_ms,0.2182,
frame_ms,0.2281,
frame_ms,0.2132,
frame_ms,0.2359,
frame_ms,0.222,
frame_ms,0.213,
frame_ms,0.2479,
frame_ms,0.2254,
frame_ms,0.2148,
frame_ms,0.408,
frame_ms,0.4161,
frame_ms,0.3311,
frame_ms,0.2652,
frame_ms,0.2109,
frame_ms,0.2172,
frame_ms,0.2109,
frame_ms,0.2284,
frame_ms,0.2664,
frame_ms,0.2634,
frame_ms,0.2298,
frame_ms,0.2443,
frame_ms,0.2229,
frame_ms,0.2103,
tick_us,337.7,58
frame_ms,0.9186,
frame_ms,0.2393,
frame_ms,0.242,
frame_ms,0.2213,
frame_ms,0.2169,
frame_ms,0.214,
frame_ms,0.2156,
frame_ms,0.2713,
frame_ms,0.2337,
frame_ms,0.2142,
frame_ms,0.2599,
frame_ms,0.2235,
frame_ms,0.2126,
frame_ms,0.2506,
frame_ms,0.2372,
frame_ms,0.2145,
frame_ms,0.2413,
frame_ms,0.2285,
frame_ms,0.5243,
frame_ms,0.2936,
frame_ms,0.2372,
frame_ms,0.2141,
frame_ms,0.2162,
frame_ms,0.221,
frame_ms,0.292,
tick_us,330.3,58
frame_ms,0.8886,
frame_ms,0.2387,
frame_ms,0.2215,
frame_ms,0.2177,
frame_ms,0.2149,
frame_ms,0.2116,
frame_ms,0.2893,
frame_ms,0.2717,
frame_ms,0.2309,
frame_ms,0.2338,
frame_ms,0.2156,
frame_ms,0.2351,
frame_ms,0.2121,
frame_ms,0.265,
frame_ms,0.2334,
frame_ms,0.2082,
frame_ms,0.27,
frame_ms,0.2262,
frame_ms,0.2698,
frame_ms,0.2517,
frame_ms,0.2234,
frame_ms,0.2224,
frame_ms,0.2446,
frame_ms,0.257,
frame_ms,0.2282,
frame_ms,0.225,
frame_ms,0.2181,
tick_us,345.9,54
frame_ms,0.9554,
frame_ms,0.252,
frame_ms,0.2185,
frame_ms,0.217,
frame_ms,0.2155,
frame_ms,0.2461,
frame_ms,0.2158,
frame_ms,0.206,
frame_ms,0.2498,
frame_ms,0.2236,
frame_ms,0.2117,
frame_ms,0.293,
frame_ms,0.2278,
frame_ms,0.21,
frame_ms,0.2885,
frame_ms,0.2394,
frame_ms,0.2123,
frame_ms,0.2746,
frame_ms,0.2045,
frame_ms,0.2659,
frame_ms,0.2504,
frame_ms,0.2256,
frame_ms,0.2153,
frame_ms,0.2531,
frame_ms,0.2195,
frame_ms,0.2087,
frame_ms,0.248,
tick_us,341,50
frame_ms,1.2024,
frame_ms,0.3186,
frame_ms,0.2474,
frame_ms,0.2201,
frame_ms,0.2217,
frame_ms,0.2307,
frame_ms,0.2143,
frame_ms,0.2474,
frame_ms,0.267,
frame_ms,0.2297,
frame_ms,0.2207,
frame_ms,0.2133,
frame_ms,0.2269,
frame_ms,0.2231,
frame_ms,0.2153,
frame_ms,0.2427,
frame_ms,0.2168,
frame_ms,0.359,
frame_ms,0.2982,
frame_ms,0.2743,
frame_ms,0.2231,
frame_ms,0.2212,
frame_ms,0.2236,
frame_ms,0.2169,
tick_us,323.3,54
frame_ms,0.9109,
frame_ms,0.3305,
frame_ms,0.2545,
frame_ms,0.2157,
frame_ms,0.22,
frame_ms,0.2349,
frame_ms,0.2158,
frame_ms,0.2201,
frame_ms,0.2285,
frame_ms,0.2344,
frame_ms,0.2077,
frame_ms,0.2528,
frame_ms,0.2239,
frame_ms,0.2115,
frame_ms,0.2471,
frame_ms,0.2214,
frame_ms,0.2114,
frame_ms,0.261,
frame_ms,0.2198,
frame_ms,0.2124,
frame_ms,0.2322,
frame_ms,0.2142,
frame_ms,0.2038,
frame_ms,0.2569,
frame_ms,0.2306,
frame_ms,0.2106,
frame_ms,0.2312,
tick_us,319,52
frame_ms,0.8624,
frame_ms,0.2351,
frame_ms,0.2103,
frame_ms,0.2135,
frame_ms,0.2107,
frame_ms,0.2259,
frame_ms,0.2473,
frame_ms,0.2207,
frame_ms,0.2112,
frame_ms,0.446,
frame_ms,0.2694,
frame_ms,0.2244,
frame_ms,0.2207,
frame_ms,0.2178,
frame_ms,0.2134,
frame_ms,0.3089,
frame_ms,0.2507,
frame_ms,0.233,
frame_ms,0.2134,
frame_ms,0.2393,
frame_ms,0.2209,
frame_ms,0.2123,
frame_ms,0.3325,
frame_ms,0.2359,
frame_ms,0.2481,
frame_ms,0.2394,
tick_us,326.9,50
frame_ms,0.8782,
frame_ms,0.2268,
frame_ms,0.2153,
frame_ms,0.2395,
frame_ms,0.2217,
frame_ms,0.2165,
frame_ms,0.2239,
frame_ms,0.272,
frame_ms,0.228,
frame_ms,0.2072,
frame_ms,0.217,
frame_ms,0.2429,
frame_ms,0.2242,
frame_ms,0.2114,
frame_ms,0.2157,
frame_ms,0.2479,
frame_ms,0.2222,
frame_ms,0.2065,
frame_ms,0.2314,
frame_ms,0.2249,
frame_ms,0.2722,
frame_ms,0.2292,
frame_ms,0.2059,
frame_ms,0.2507,
frame_ms,0.281,
frame_ms,0.217,
frame_ms,0.2064,
frame_ms,0.2075,
tick_us,331.2,46
frame_ms,0.9348,
frame_ms,0.2413,
frame_ms,0.207,
frame_ms,0.212,
frame_ms,0.205,
frame_ms,0.2349,
frame_ms,0.2297,
frame_ms,0.2071,
frame_ms,0.2731,
frame_ms,0.2345,
frame_ms,0.2409,
frame_ms,0.206,
frame_ms,0.2695,
frame_ms,0.2225,
frame_ms,0.2078,
frame_ms,0.2482,
frame_ms,0.6841,
frame_ms,0.3077,
frame_ms,0.2168,
frame_ms,0.2147,
frame_ms,0.2068,
frame_ms,0.2086,
frame_ms,0.2988,
frame_ms,0.26,
frame_ms,0.2204,
tick_us,330.3,44
frame_ms,0.9116,
frame_ms,0.2264,
frame_ms,0.2327,
frame_ms,0.2096,
frame_ms,0.2029,
frame_ms,0.2405,
frame_ms,0.2256,
frame_ms,0.2111,
frame_ms,0.2376,
frame_ms,0.2479,
frame_ms,0.2262,
frame_ms,0.2062,
frame_ms,0.2326,
frame_ms,0.2215,
frame_ms,0.208,
frame_ms,0.2496,
frame_ms,0.2193,
frame_ms,0.209,
frame_ms,1.0622,
frame_ms,0.208,
frame_ms,0.2109,
frame_ms,0.2006,
frame_ms,0.2369,
frame_ms,0.2188,
tick_us,320.6,44
frame_ms,0.8514,
frame_ms,0.2249,
frame_ms,0.2075,
frame_ms,0.2164,
frame_ms,0.2084,
frame_ms,0.2571,
frame_ms,0.2059,
frame_ms,0.3596,
frame_ms,0.2906,
frame_ms,0.2274,
frame_ms,0.2282,
frame_ms,0.2231,
frame_ms,0.2142,
frame_ms,0.2977,
frame_ms,0.2419,
frame_ms,0.2247,
frame_ms,0.2167,
frame_ms,0.219,
frame_ms,0.2657,
frame_ms,0.2304,
frame_ms,0.219,
frame_ms,0.2645,
frame_ms,0.2677,
frame_ms,0.2268,
frame_ms,0.2223,
frame_ms,0.4194,
tick_us,339.9,46
frame_ms,1.3528,
frame_ms,0.4442,
frame_ms,0.3039,
frame_ms,0.2255,
frame_ms,0.2304,
frame_ms,0.2224,
frame_ms,0.2089,
frame_ms,0.2083,
frame_ms,0.3071,
frame_ms,0.2288,
frame_ms,0.2106,
frame_ms,0.254,
frame_ms,0.221,
frame_ms,0.2098,
frame_ms,0.249,
frame_ms,0.2201,
frame_ms,0.2083,
frame_ms,0.2468,
frame_ms,0.2175,
frame_ms,0.2126,
frame_ms,0.2401,
frame_ms,0.2217,
frame_ms,0.2146,
frame_ms,0.2444,
tick_us,345.6,46
frame_ms,0.9036,
frame_ms,0.2321,
frame_ms,0.2084,
frame_ms,0.2165,
frame_ms,0.2244,
frame_ms,0.2115,
frame_ms,0.2548,
frame_ms,0.2275,
frame_ms,0.2162,
frame_ms,0.2409,
frame_ms,0.2258,
frame_ms,0.209,
frame_ms,0.2354,
frame_ms,0.2272,
frame_ms,0.2083,
frame_ms,0.2533,
frame_ms,0.2705,
frame_ms,0.2826,
frame_ms,0.2496,
frame_ms,0.2479,
frame_ms,0.2458,
frame_ms,0.2431,
frame_ms,0.2395,
frame_ms,0.2919,
frame_ms,0.2537,
frame_ms,0.2105,
tick_us,311.4,48
frame_ms,0.8482,
frame_ms,0.2252,
frame_ms,0.2236,
frame_ms,0.2139,
frame_ms,0.208,
frame_ms,0.2318,
frame_ms,0.6189,
frame_ms,0.4292,
frame_ms,0.2941,
frame_ms,0.2247,
frame_ms,0.2184,
frame_ms,0.2138,
frame_ms,0.231,
frame_ms,0.2088,
frame_ms,0.2087,
frame_ms,0.2575,
frame_ms,0.2264,
frame_ms,0.2126,
frame_ms,0.2436,
frame_ms,0.2253,
frame_ms,0.2104,
frame_ms,0.2439,
frame_ms,0.2194,
frame_ms,0.2125,
frame_ms,0.222,
frame_ms,0.2191,
tick_us,327.7,46
frame_ms,0.8788,
frame_ms,0.2385,
frame_ms,0.2106,
frame_ms,0.2135,
frame_ms,0.2095,
frame_ms,0.2306,
frame_ms,0.2255,
frame_ms,0.2156,
frame_ms,0.2799,
frame_ms,0.2262,
frame_ms,0.2073,
frame_ms,0.2176,
frame_ms,0.2459,
frame_ms,0.22,
frame_ms,0.2112,
frame_ms,0.2515,
frame_ms,0.2215,
frame_ms,0.2066,
frame_ms,0.2553,
frame_ms,0.2234,
frame_ms,0.2129,
frame_ms,0.2542,
frame_ms,0.2083,
frame_ms,0.2671,
frame_ms,0.2272,
frame_ms,0.2593,
frame_ms,0.2254,
tick_us,323.4,40
frame_ms,0.8609,
frame_ms,0.23,
frame_ms,0.2956,
frame_ms,0.2321,
frame_ms,0.2125,
frame_ms,0.2134,
frame_ms,0.2083,
frame_ms,0.2402,
frame_ms,0.2264,
frame_ms,0.21,
frame_ms,0.2222,
frame_ms,0.2131,
frame_ms,0.2365,
frame_ms,0.2165,
frame_ms,0.2408,
frame_ms,0.2768,
frame_ms,0.2548,
frame_ms,0.2344,
frame_ms,0.2165,
frame_ms,0.2108,
frame_ms,0.2398,
frame_ms,0.231,
frame_ms,0.2117,
frame_ms,0.2435,
frame_ms,0.2241,
frame_ms,0.2117,
frame_ms,0.2527,
frame_ms,0.2248,
tick_us,322.1,40
frame_ms,0.8706,
frame_ms,0.2227,
frame_ms,0.2063,
frame_ms,0.2207,
frame_ms,0.2085,
frame_ms,0.2358,
frame_ms,0.2211,
frame_ms,0.2083,
frame_ms,0.2448,
frame_ms,0.2265,
frame_ms,0.2092,
frame_ms,0.2478,
frame_ms,0.223,
frame_ms,0.2106,
frame_ms,0.2436,
frame_ms,0.2225,
frame_ms,0.2117,
frame_ms,0.2594,
frame_ms,0.236,
frame_ms,0.2158,
frame_ms,0.2127,
frame_ms,0.2476,
frame_ms,0.2203,
frame_ms,0.211,
frame_ms,0.2458,
frame_ms,0.2193,
frame_ms,0.2113,
frame_ms,0.2444,
tick_us,325.7,44
frame_ms,0.8775,
frame_ms,0.2467,
frame_ms,0.2147,
frame_ms,0.2109,
frame_ms,0.2052,
frame_ms,0.2566,
frame_ms,0.2872,
frame_ms,0.2788,
frame_ms,0.25,
frame_ms,0.2278,
frame_ms,0.2233,
frame_ms,0.2147,
frame_ms,0.2366,
frame_ms,0.2193,
frame_ms,0.213,
frame_ms,0.2474,
frame_ms,0.2755,
frame_ms,0.2339,
frame_ms,0.227,
frame_ms,0.2115,
frame_ms,0.2152,
frame_ms,0.731,
frame_ms,0.2915,
frame_ms,0.2482,
tick_us,326.1,46
frame_ms,0.8784,
frame_ms,0.2326,
frame_ms,0.2363,
frame_ms,0.2146,
frame_ms,0.2117,
frame_ms,0.2193,
frame_ms,0.2093,
frame_ms,0.2643,
frame_ms,0.2207,
frame_ms,0.2105,
frame_ms,0.2596,
frame_ms,0.218,
frame_ms,0.2424,
frame_ms,0.2509,
frame_ms,0.2583,
frame_ms,0.2312,
frame_ms,0.2593,
frame_ms,0.2462,
frame_ms,0.2205,
frame_ms,0.2496,
frame_ms,0.2265,
frame_ms,0.2092,
frame_ms,0.2419,
frame_ms,0.2643,
frame_ms,0.2332,
frame_ms,0.2109,
frame_ms,0.2457,
tick_us,326.9,44
frame_ms,0.8991,
frame_ms,0.23,
frame_ms,0.2139,
frame_ms,0.2302,
frame_ms,0.2304,
frame_ms,0.2129,
frame_ms,0.2149,
frame_ms,0.2556,
frame_ms,0.2287,
frame_ms,0.2105,
frame_ms,0.252,
frame_ms,0.233,
frame_ms,0.2113,
frame_ms,0.2492,
frame_ms,0.239,
frame_ms,0.2071,
frame_ms,0.2437,
frame_ms,0.23,
frame_ms,0.2185,
frame_ms,0.2695,
frame_ms,0.223,
frame_ms,0.2072,
frame_ms,0.2303,
frame_ms,0.2475,
frame_ms,0.2299,
frame_ms,0.2129,
frame_ms,0.2632,
tick_us,313.7,46
frame_ms,0.8819,
frame_ms,0.7339,
frame_ms,0.3201,
frame_ms,0.272,
frame_ms,0.2303,
frame_ms,0.2217,
frame_ms,0.2257,
frame_ms,0.2164,
frame_ms,0.2123,
frame_ms,0.2661,
frame_ms,0.2376,
frame_ms,0.2188,
frame_ms,0.2112,
frame_ms,0.2413,
frame_ms,0.2289,
frame_ms,0.2137,
frame_ms,0.2463,
frame_ms,0.2268,
frame_ms,0.2176,
frame_ms,0.2438,
frame_ms,0.2233,
frame_ms,0.2274,
frame_ms,0.2124,
frame_ms,0.2759,
frame_ms,0.2164,
tick_us,332.6,48
frame_ms,0.9375,
frame_ms,0.2502,
frame_ms,0.2108,
frame_ms,0.2086,
frame_ms,0.2109,
frame_ms,0.2416,
frame_ms,0.2301,
frame_ms,0.2147,
frame_ms,0.2616,
frame_ms,0.2391,
frame_ms,0.2204,
frame_ms,0.2183,
frame_ms,0.2722,
frame_ms,0.2915,
frame_ms,0.2591,
frame_ms,0.2525,
frame_ms,0.2485,
frame_ms,0.2512,
frame_ms,0.2482,
frame_ms,0.2672,
frame_ms,0.2431,
frame_ms,0.2207,
frame_ms,0.2155,
frame_ms,0.2155,
frame_ms,0.2419,
frame_ms,0.2304,
tick_us,323.9,46
frame_ms,0.8648,
frame_ms,0.2284,
frame_ms,0.2096,
frame_ms,0.2229,
frame_ms,0.2154,
frame_ms,0.2114,
frame_ms,0.2797,
frame_ms,0.2763,
frame_ms,0.2337,
frame_ms,0.3679,
frame_ms,0.2837,
frame_ms,0.2259,
frame_ms,0.6883,
frame_ms,0.3342,
frame_ms,0.2287,
frame_ms,0.235,
frame_ms,0.2321,
frame_ms,0.2205,
frame_ms,0.216,
frame_ms,0.2142,
frame_ms,0.278,
frame_ms,0.2347,
frame_ms,0.2125,
frame_ms,0.2095,
tick_us,319.6,46
frame_ms,0.9205,
frame_ms,0.2427,
frame_ms,0.2138,
frame_ms,0.2183,
frame_ms,0.2165,
frame_ms,0.2217,
frame_ms,0.2211,
frame_ms,0.2123,
frame_ms,0.2412,
frame_ms,0.2855,
frame_ms,0.2493,
frame_ms,0.2314,
frame_ms,0.2283,
frame_ms,0.2271,
frame_ms,0.2246,
frame_ms,0.2168,
frame_ms,0.278,
frame_ms,0.2503,
frame_ms,0.2219,
frame_ms,0.216,
frame_ms,0.2171,
frame_ms,0.2165,
frame_ms,0.2781,
frame_ms,0.3024,
frame_ms,0.2419,
frame_ms,0.23,
frame_ms,0.2301,
tick_us,345.4,44
frame_ms,0.9226,
frame_ms,0.2721,
frame_ms,0.2208,
frame_ms,0.2185,
frame_ms,0.211,
frame_ms,0.2145,
frame_ms,0.2621,
frame_ms,0.2184,
frame_ms,0.2173,
frame_ms,0.2397,
frame_ms,0.2272,
frame_ms,0.2155,
frame_ms,0.2603,
frame_ms,0.2294,
frame_ms,0.2105,
frame_ms,0.2605,
frame_ms,0.2303,
frame_ms,0.2133,
frame_ms,0.2326,
frame_ms,0.2419,
frame_ms,0.2188,
frame_ms,0.6995,
frame_ms,0.3896,
frame_ms,0.2283,
tick_us,339.7,46
frame_ms,0.8924,
frame_ms,0.2306,
frame_ms,0.2208,
frame_ms,0.2222,
frame_ms,0.2162,
frame_ms,0.2197,
frame_ms,0.214,
frame_ms,0.2722,
frame_ms,0.2306,
frame_ms,0.2152,
frame_ms,0.2409,
frame_ms,0.2123,
frame_ms,0.3273,
frame_ms,0.2241,
frame_ms,0.215,
frame_ms,0.2079,
frame_ms,0.253,
frame_ms,0.2252,
frame_ms,0.2212,
frame_ms,0.2413,
frame_ms,0.2276,
frame_ms,0.2096,
frame_ms,0.2421,
frame_ms,0.2238,
frame_ms,0.2269,
frame_ms,0.2058,
frame_ms,0.2697,
tick_us,329.6,42
frame_ms,0.8999,
frame_ms,0.2252,
frame_ms,0.2093,
frame_ms,0.2118,
frame_ms,0.2152,
frame_ms,0.2347,
frame_ms,0.2464,
frame_ms,0.2212,
frame_ms,0.2518,
frame_ms,0.2227,
frame_ms,0.2046,
frame_ms,0.2341,
frame_ms,0.2277,
frame_ms,0.6393,
frame_ms,0.2884,
frame_ms,0.4472,
frame_ms,0.3406,
frame_ms,0.3035,
frame_ms,0.4114,
frame_ms,0.4737,
frame_ms,0.4659,
tick_us,343.6,44
frame_ms,1.2364,
frame_ms,0.5454,
frame_ms,0.3206,
frame_ms,0.237,
frame_ms,0.2215,
frame_ms,0.2646,
frame_ms,0.2567,
frame_ms,0.2359,
frame_ms,0.262,
frame_ms,0.3552,
frame_ms,0.3026,
frame_ms,0.4986,
frame_ms,0.2827,
frame_ms,0.2428,
frame_ms,0.2367,
frame_ms,0.3279,
frame_ms,0.2358,
frame_ms,0.2391,
frame_ms,0.2467,
frame_ms,0.2355,
frame_ms,0.2312,
tick_us,388.9,42
frame_ms,0.9833,
frame_ms,0.3054,
frame_ms,0.2774,
frame_ms,0.2705,
frame_ms,0.2295,
frame_ms,0.2242,
frame_ms,0.2221,
frame_ms,0.2152,
frame_ms,0.2449,
frame_ms,0.2188,
frame_ms,0.228,
frame_ms,0.2467,
frame_ms,0.2263,
frame_ms,0.2134,
frame_ms,0.2509,
frame_ms,0.2296,
frame_ms,0.219,
frame_ms,0.2108,
frame_ms,0.2465,
frame_ms,0.2232,
frame_ms,0.2209,
frame_ms,0.3264,
frame_ms,0.2812,
frame_ms,0.2331,
frame_ms,0.2242,
tick_us,361.9,40
frame_ms,0.9673,
frame_ms,0.2957,
frame_ms,0.2362,
frame_ms,0.2126,
frame_ms,0.2192,
frame_ms,0.2463,
frame_ms,0.2196,
frame_ms,1.5879,
frame_ms,0.5721,
frame_ms,0.341,
frame_ms,0.2195,
frame_ms,0.2174,
frame_ms,0.2215,
frame_ms,0.2098,
frame_ms,0.2466,
frame_ms,0.2206,
frame_ms,0.2548,
frame_ms,0.2671,
frame_ms,0.2362,
tick_us,347.3,36
frame_ms,0.9929,
frame_ms,0.2586,
frame_ms,0.2263,
frame_ms,0.2173,
frame_ms,0.2217,
frame_ms,0.2279,
frame_ms,0.2211,
frame_ms,0.295,
frame_ms,0.2704,
frame_ms,0.229,
frame_ms,0.2202,
frame_ms,0.219,
frame_ms,0.2191,
frame_ms,0.2164,
frame_ms,0.2607,
frame_ms,0.2275,
frame_ms,0.2127,
frame_ms,0.2674,
frame_ms,0.2331,
frame_ms,0.2154,
frame_ms,0.2481,
frame_ms,0.2345,
frame_ms,0.2138,
frame_ms,0.2603,
frame_ms,0.2258,
frame_ms,0.2112,
tick_us,338.6,36
frame_ms,0.9464,
frame_ms,0.2417,
frame_ms,0.2158,
frame_ms,0.2194,
frame_ms,0.221,
frame_ms,0.2213,
frame_ms,0.2109,
frame_ms,0.2959,
frame_ms,0.2872,
frame_ms,0.262,
frame_ms,0.2361,
frame_ms,0.2247,
frame_ms,0.7034,
frame_ms,0.5269,
frame_ms,0.3358,
frame_ms,0.3,
frame_ms,0.2937,
frame_ms,0.3692,
frame_ms,0.3715,
frame_ms,0.3696,
frame_ms,0.2812,
tick_us,365.5,38
frame_ms,0.9801,
frame_ms,0.2346,
frame_ms,0.3236,
frame_ms,0.2291,
frame_ms,0.2089,
frame_ms,0.2188,
frame_ms,0.2176,
frame_ms,0.2426,
frame_ms,0.345,
frame_ms,0.2293,
frame_ms,0.2158,
frame_ms,0.2344,
frame_ms,0.2674,
frame_ms,0.2317,
frame_ms,0.215,
frame_ms,0.238,
frame_ms,0.224,
frame_ms,0.2106,
frame_ms,0.2745,
frame_ms,0.2345,
frame_ms,0.2212,
frame_ms,0.2167,
frame_ms,0.2821,
frame_ms,0.2353,
frame_ms,0.2262,
frame_ms,0.2154,
tick_us,339.2,40
frame_ms,0.9334,
frame_ms,0.2455,
frame_ms,0.2102,
frame_ms,0.2111,
frame_ms,0.2059,
frame_ms,0.2344,
frame_ms,0.2269,
frame_ms,0.2091,
frame_ms,0.2487,
frame_ms,0.2281,
frame_ms,0.2125,
frame_ms,0.3042,
frame_ms,0.8609,
frame_ms,0.4028,
frame_ms,0.7836,
frame_ms,0.2713,
frame_ms,0.3657,
frame_ms,0.35,
frame_ms,0.3521,
tick_us,315.7,38
frame_ms,0.9079,
frame_ms,0.2348,
frame_ms,0.2182,
frame_ms,0.2208,
frame_ms,0.2318,
frame_ms,0.2175,
frame_ms,0.2118,
frame_ms,0.2613,
frame_ms,0.2251,
frame_ms,0.2137,
frame_ms,0.2468,
frame_ms,0.226,
frame_ms,0.2099,
frame_ms,0.2498,
frame_ms,0.2227,
frame_ms,0.2129,
frame_ms,0.246,
frame_ms,0.2208,
frame_ms,0.2272,
frame_ms,0.22,
frame_ms,0.2535,
frame_ms,0.2652,
frame_ms,0.2648,
frame_ms,0.2269,
frame_ms,0.2319,
frame_ms,0.2228,
frame_ms,0.2161,
tick_us,312.1,38
frame_ms,0.889,
frame_ms,0.2652,
frame_ms,0.2195,
frame_ms,0.219,
frame_ms,0.2109,
frame_ms,0.2335,
frame_ms,0.2354,
frame_ms,0.2531,
frame_ms,0.2399,
frame_ms,0.2115,
frame_ms,0.2886,
frame_ms,0.277,
frame_ms,0.2364,
frame_ms,0.2226,
frame_ms,0.9247,
frame_ms,0.2761,
frame_ms,0.2356,
frame_ms,0.2856,
frame_ms,0.2625,
frame_ms,0.2265,
frame_ms,0.5159,
frame_ms,0.2356,
tick_us,333.4,40
frame_ms,0.8829,
frame_ms,0.2308,
frame_ms,0.2172,
frame_ms,0.2193,
frame_ms,0.2117,
frame_ms,0.2224,
frame_ms,0.2104,
frame_ms,0.2571,
frame_ms,0.2291,
frame_ms,0.2093,
frame_ms,0.2573,
frame_ms,0.2863,
frame_ms,0.2344,
frame_ms,0.2161,
frame_ms,0.2125,
frame_ms,0.2416,
frame_ms,0.2555,
frame_ms,0.2106,
frame_ms,0.2106,
frame_ms,0.2672,
frame_ms,0.2623,
frame_ms,0.2345,
frame_ms,0.2183,
frame_ms,0.2426,
frame_ms,0.2229,
frame_ms,0.218,
frame_ms,0.2588,
tick_us,315.8,38
frame_ms,0.9021,
frame_ms,0.2403,
frame_ms,0.2158,
frame_ms,0.216,
frame_ms,0.2323,
frame_ms,0.2097,
frame_ms,0.2365,
frame_ms,0.2279,
frame_ms,0.2124,
frame_ms,0.2582,
frame_ms,0.2257,
frame_ms,0.2174,
frame_ms,0.2403,
frame_ms,0.2453,
frame_ms,0.2308,
frame_ms,0.2103,
frame_ms,0.2658,
frame_ms,0.2265,
frame_ms,0.218,
frame_ms,0.2129,
frame_ms,0.2548,
frame_ms,0.2297,
frame_ms,0.2563,
frame_ms,0.3134,
frame_ms,0.2542,
frame_ms,0.2377,
frame_ms,0.2656,
tick_us,418.4,44
frame_ms,1.1136,
frame_ms,0.5382,
frame_ms,0.2996,
frame_ms,0.243,
frame_ms,0.2344,
frame_ms,0.2314,
frame_ms,0.2347,
frame_ms,0.2357,
frame_ms,0.2377,
frame_ms,0.2259,
frame_ms,0.2744,
frame_ms,0.2363,
frame_ms,0.2249,
frame_ms,0.2206,
frame_ms,0.2684,
frame_ms,0.2964,
frame_ms,0.2451,
frame_ms,0.2303,
frame_ms,0.2265,
frame_ms,0.2223,
frame_ms,0.2372,
frame_ms,0.2491,
frame_ms,0.2888,
tick_us,346,42
frame_ms,0.9449,
frame_ms,0.2499,
frame_ms,0.2865,
frame_ms,0.224,
frame_ms,0.2246,
frame_ms,0.2276,
frame_ms,0.221,
frame_ms,0.2178,
frame_ms,0.2746,
frame_ms,0.2681,
frame_ms,0.2346,
frame_ms,0.2249,
frame_ms,0.2151,
frame_ms,0.2157,
frame_ms,0.249,
frame_ms,0.2494,
frame_ms,0.2173,
frame_ms,0.2697,
frame_ms,0.287,
frame_ms,0.2934,
frame_ms,0.2536,
frame_ms,0.2396,
frame_ms,0.2478,
frame_ms,0.2887,
frame_ms,0.2566,
frame_ms,0.2267,
tick_us,365.6,40
frame_ms,0.9558,
frame_ms,0.2714,
frame_ms,0.2469,
frame_ms,0.2196,
frame_ms,0.2261,
frame_ms,0.2231,
frame_ms,0.2727,
frame_ms,0.2143,
frame_ms,0.8748,
frame_ms,0.3454,
frame_ms,0.2445,
frame_ms,0.2198,
frame_ms,0.2229,
frame_ms,0.2154,
frame_ms,0.2168,
frame_ms,0.2339,
frame_ms,0.2384,
frame_ms,0.2196,
frame_ms,0.2728,
frame_ms,0.2699,
frame_ms,0.2419,
frame_ms,0.3434,
tick_us,416.6,42
frame_ms,1.1873,
frame_ms,0.3545,
frame_ms,0.3541,
frame_ms,0.3929,
frame_ms,0.3645,
frame_ms,0.2543,
frame_ms,0.2483,
frame_ms,0.2658,
frame_ms,0.2201,
frame_ms,0.2537,
frame_ms,0.2185,
frame_ms,0.251,
frame_ms,0.2684,
frame_ms,0.2321,
frame_ms,0.2212,
frame_ms,0.21,
frame_ms,0.2045,
frame_ms,0.2756,
frame_ms,0.2277,
frame_ms,0.2125,
frame_ms,0.2341,
frame_ms,0.2314,
frame_ms,0.2266,
tick_us,374.4,42
frame_ms,1.1034,
frame_ms,0.2944,
frame_ms,0.2577,
frame_ms,0.2308,
frame_ms,0.24,
frame_ms,0.235,
frame_ms,0.2244,
frame_ms,0.2203,
frame_ms,0.2192,
frame_ms,0.2361,
frame_ms,0.2366,
frame_ms,0.2408,
frame_ms,0.2251,
frame_ms,0.2311,
frame_ms,0.2347,
frame_ms,0.2271,
frame_ms,0.8406,
frame_ms,0.3077,
frame_ms,0.2767,
frame_ms,0.2777,
frame_ms,0.2531,
frame_ms,0.2273,
frame_ms,0.2225,
tick_us,355.6,40
frame_ms,0.9158,
frame_ms,0.2475,
frame_ms,0.2175,
frame_ms,0.2136,
frame_ms,0.2094,
frame_ms,0.2363,
frame_ms,0.2159,
frame_ms,0.2173,
frame_ms,0.2589,
frame_ms,0.2212,
frame_ms,0.2102,
frame_ms,0.249,
frame_ms,0.2274,
frame_ms,0.2083,
frame_ms,0.2471,
frame_ms,0.2199,
frame_ms,0.2121,
frame_ms,0.2482,
frame_ms,0.2611,
frame_ms,0.2538,
frame_ms,0.2458,
frame_ms,0.2326,
frame_ms,0.2181,
frame_ms,0.2529,
frame_ms,0.2547,
frame_ms,0.2185,
frame_ms,0.2104,
tick_us,338.3,38
frame_ms,0.9429,
frame_ms,0.2407,
frame_ms,0.2209,
frame_ms,0.2141,
frame_ms,0.2062,
frame_ms,0.2147,
frame_ms,0.2693,
frame_ms,0.229,
frame_ms,0.2149,
frame_ms,0.2454,
frame_ms,0.2243,
frame_ms,0.2078,
frame_ms,0.248,
frame_ms,0.2188,
frame_ms,0.2082,
frame_ms,0.2543,
frame_ms,0.2215,
frame_ms,0.2096,
frame_ms,0.234,
frame_ms,0.2136,
frame_ms,0.2086,
frame_ms,0.2475,
frame_ms,0.217,
frame_ms,0.2054,
frame_ms,0.5459,
frame_ms,0.3553,
tick_us,308.8,40
frame_ms,0.9116,
frame_ms,0.227,
frame_ms,0.2096,
frame_ms,0.2994,
frame_ms,0.2123,
frame_ms,0.2108,
frame_ms,0.2068,
frame_ms,0.2459,
frame_ms,0.2249,
frame_ms,0.2073,
frame_ms,0.2484,
frame_ms,0.2305,
frame_ms,0.2113,
frame_ms,0.2368,
frame_ms,0.2145,
frame_ms,0.2307,
frame_ms,0.2479,
frame_ms,0.222,
frame_ms,0.2072,
frame_ms,0.2763,
frame_ms,0.2209,
frame_ms,0.2106,
frame_ms,0.2527,
frame_ms,0.2223,
frame_ms,0.2091,
frame_ms,0.2218,
frame_ms,0.2402,
tick_us,327.2,36
frame_ms,0.8817,
frame_ms,0.2353,
frame_ms,0.2424,
frame_ms,0.2172,
frame_ms,0.2346,
frame_ms,0.2182,
frame_ms,0.2056,
frame_ms,0.2071,
frame_ms,0.2412,
frame_ms,0.2233,
frame_ms,0.2117,
frame_ms,0.2201,
frame_ms,0.2413,
frame_ms,0.2292,
frame_ms,0.2085,
frame_ms,0.2548,
frame_ms,0.2205,
frame_ms,0.2112,
frame_ms,0.2447,
frame_ms,0.2235,
frame_ms,0.2093,
frame_ms,0.2552,
frame_ms,0.2621,
frame_ms,0.2345,
frame_ms,0.2223,
frame_ms,0.2144,
frame_ms,0.2298,
frame_ms,0.2183,
tick_us,358.7,38
frame_ms,1.1442,
frame_ms,0.3933,
frame_ms,0.233,
frame_ms,0.2087,
frame_ms,0.2108,
frame_ms,0.2187,
frame_ms,0.2127,
frame_ms,0.2555,
frame_ms,0.2214,
frame_ms,0.2097,
frame_ms,0.2233,
frame_ms,0.2105,
frame_ms,0.2055,
frame_ms,0.2662,
frame_ms,0.2191,
frame_ms,0.2111,
frame_ms,0.224,
frame_ms,0.2084,
frame_ms,0.2019,
frame_ms,0.2669,
frame_ms,0.2202,
frame_ms,0.209,
frame_ms,0.2439,
frame_ms,0.3248,
frame_ms,0.3849,
tick_us,332.7,42
frame_ms,0.935,
frame_ms,0.2291,
frame_ms,0.2113,
frame_ms,0.2856,
frame_ms,0.2254,
frame_ms,0.2228,
frame_ms,0.2119,
frame_ms,0.2463,
frame_ms,0.2242,
frame_ms,0.21,
frame_ms,0.2458,
frame_ms,0.2299,
frame_ms,0.2161,
frame_ms,0.2317,
frame_ms,0.2166,
frame_ms,0.2072,
frame_ms,0.2465,
frame_ms,0.2255,
frame_ms,0.2095,
frame_ms,0.219,
frame_ms,0.2459,
frame_ms,0.2189,
frame_ms,0.2088,
frame_ms,0.2449,
frame_ms,0.2231,
frame_ms,0.2124,
frame_ms,0.2493,
tick_us,327.9,42
frame_ms,0.8849,
frame_ms,0.2309,
frame_ms,0.2091,
frame_ms,0.2146,
frame_ms,0.2153,
frame_ms,0.3222,
frame_ms,0.2483,
frame_ms,0.2354,
frame_ms,0.6816,
frame_ms,0.5488,
frame_ms,0.2348,
frame_ms,0.2106,
frame_ms,0.2166,
frame_ms,0.2197,
frame_ms,0.2109,
frame_ms,0.2119,
frame_ms,0.282,
frame_ms,0.231,
frame_ms,0.2148,
frame_ms,0.2606,
frame_ms,0.2234,
frame_ms,0.2084,
frame_ms,0.2224,
frame_ms,0.3451,
tick_us,374,44
frame_ms,1.1485,
frame_ms,0.2402,
frame_ms,0.2133,
frame_ms,0.2389,
frame_ms,0.2244,
frame_ms,0.2172,
frame_ms,0.2137,
frame_ms,0.2084,
frame_ms,0.2488,
frame_ms,0.224,
frame_ms,0.2157,
frame_ms,0.2531,
frame_ms,0.2189,
frame_ms,0.2124,
frame_ms,0.2448,
frame_ms,0.2213,
frame_ms,0.211,
frame_ms,0.2427,
frame_ms,0.2203,
frame_ms,0.2099,
frame_ms,0.2619,
frame_ms,0.2149,
frame_ms,0.2048,
frame_ms,0.2426,
frame_ms,0.2266,
frame_ms,0.2021,
tick_us,323.6,46
frame_ms,0.8864,
frame_ms,0.234,
frame_ms,0.2088,
frame_ms,0.2076,
frame_ms,0.2053,
frame_ms,0.2503,
frame_ms,0.2997,
frame_ms,0.2681,
frame_ms,0.2362,
frame_ms,0.2289,
frame_ms,0.2287,
frame_ms,0.2199,
frame_ms,0.2205,
frame_ms,0.2342,
frame_ms,0.2291,
frame_ms,0.2182,
frame_ms,0.2646,
frame_ms,0.4321,
frame_ms,0.259,
frame_ms,0.2147,
frame_ms,0.2164,
frame_ms,0.2064,
frame_ms,0.2417,
frame_ms,0.2248,
frame_ms,0.2082,
frame_ms,0.2479,
tick_us,322.4,46
frame_ms,0.8808,
frame_ms,0.2322,
frame_ms,0.2101,
frame_ms,0.2086,
frame_ms,0.2187,
frame_ms,0.2223,
frame_ms,0.2083,
frame_ms,0.305,
frame_ms,0.2703,
frame_ms,0.2302,
frame_ms,0.2229,
frame_ms,0.2172,
frame_ms,0.2199,
frame_ms,0.2453,
frame_ms,0.2519,
frame_ms,0.2193,
frame_ms,0.2342,
frame_ms,0.2094,
frame_ms,0.2999,
frame_ms,0.2688,
frame_ms,0.2302,
frame_ms,0.2246,
frame_ms,0.2151,
frame_ms,0.213,
frame_ms,0.2683,
frame_ms,0.2606,
frame_ms,0.2269,
tick_us,302.2,44
frame_ms,0.845,
frame_ms,0.2287,
frame_ms,0.2189,
frame_ms,0.2143,
frame_ms,0.2073,
frame_ms,0.2085,
frame_ms,0.4746,
frame_ms,0.4529,
frame_ms,0.3783,
frame_ms,0.3478,
frame_ms,0.3392,
frame_ms,0.2626,
frame_ms,0.2233,
frame_ms,0.2187,
frame_ms,0.2088,
frame_ms,0.2353,
frame_ms,0.2237,
frame_ms,0.2118,
frame_ms,0.2741,
frame_ms,0.2347,
frame_ms,0.2921,
frame_ms,0.2237,
frame_ms,0.2074,
frame_ms,0.2068,
tick_us,314.3,44
frame_ms,1.0621,
frame_ms,0.2811,
frame_ms,0.2339,
frame_ms,0.2096,
frame_ms,0.2108,
frame_ms,0.2191,
frame_ms,0.2417,
frame_ms,0.2192,
frame_ms,0.2091,
frame_ms,0.2435,
frame_ms,0.2248,
frame_ms,0.2095,
frame_ms,0.2453,
frame_ms,0.219,
frame_ms,0.2035,
frame_ms,0.2647,
frame_ms,0.2251,
frame_ms,0.2123,
frame_ms,0.2194,
frame_ms,0.2106,
frame_ms,0.2056,
frame_ms,0.2456,
frame_ms,0.2226,
frame_ms,0.2049,
frame_ms,0.25,
frame_ms,0.2266,
frame_ms,0.2116,
tick_us,321.1,44
frame_ms,0.9027,
frame_ms,0.2518,
frame_ms,0.2167,
frame_ms,0.2165,
frame_ms,0.2074,
frame_ms,0.2142,
frame_ms,0.2405,
frame_ms,0.2195,
frame_ms,0.208,
frame_ms,0.2517,
frame_ms,0.2199,
frame_ms,0.2086,
frame_ms,0.2429,
frame_ms,0.2307,
frame_ms,0.2064,
frame_ms,0.2291,
frame_ms,0.2086,
frame_ms,0.2118,
frame_ms,0.2875,
frame_ms,0.2751,
frame_ms,0.237,
frame_ms,0.2253,
frame_ms,0.2228,
frame_ms,0.2122,
frame_ms,0.2148,
frame_ms,0.2778,
frame_ms,0.269,
tick_us,318.6,44
frame_ms,0.8789,
frame_ms,0.2289,
frame_ms,0.2092,
frame_ms,0.4277,
frame_ms,0.2573,
frame_ms,0.2208,
frame_ms,0.2166,
frame_ms,0.2098,
frame_ms,0.2097,
frame_ms,0.278,
frame_ms,0.2287,
frame_ms,0.2252,
frame_ms,0.2395,
frame_ms,0.2194,
frame_ms,0.2122,
frame_ms,0.2521,
frame_ms,0.2257,
frame_ms,0.2151,
frame_ms,0.2475,
frame_ms,0.2245,
frame_ms,0.2125,
frame_ms,0.2253,
frame_ms,0.2169,
frame_ms,0.2065,
frame_ms,0.2347,
frame_ms,0.2289,
frame_ms,0.2103,
tick_us,318.4,44
frame_ms,0.8999,
frame_ms,0.2322,
frame_ms,0.2075,
frame_ms,0.2138,
frame_ms,0.2148,
frame_ms,0.2286,
frame_ms,0.2127,
frame_ms,0.2544,
frame_ms,0.2254,
frame_ms,0.2148,
frame_ms,0.2556,
frame_ms,0.2279,
frame_ms,0.3453,
frame_ms,0.3266,
frame_ms,0.5343,
frame_ms,0.2452,
frame_ms,0.3732,
frame_ms,0.2428,
frame_ms,0.2178,
frame_ms,0.2212,
frame_ms,0.215,
frame_ms,0.2114,
frame_ms,0.2622,
frame_ms,0.2531,
frame_ms,0.2197,
tick_us,369.4,46
frame_ms,0.9244,
frame_ms,0.2342,
frame_ms,0.2205,
frame_ms,0.2214,
frame_ms,0.2176,
frame_ms,0.2127,
frame_ms,0.246,
frame_ms,0.2203,
frame_ms,1.1073,
frame_ms,0.4882,
frame_ms,0.3229,
frame_ms,0.3611,
frame_ms,0.3831,
frame_ms,0.3423,
frame_ms,0.3375,
frame_ms,0.3333,
frame_ms,0.2631,
frame_ms,0.2158,
frame_ms,0.2142,
tick_us,325.5,48
frame_ms,0.8882,
frame_ms,0.2457,
frame_ms,0.2123,
frame_ms,0.215,
frame_ms,0.2118,
frame_ms,0.2242,
frame_ms,0.2271,
frame_ms,0.2331,
frame_ms,0.225,
frame_ms,0.2096,
frame_ms,0.2534,
frame_ms,0.2265,
frame_ms,0.2148,
frame_ms,0.2677,
frame_ms,0.2249,
frame_ms,0.2319,
frame_ms,0.9413,
frame_ms,0.2516,
frame_ms,0.2203,
frame_ms,0.2101,
frame_ms,0.2082,
frame_ms,0.2282,
frame_ms,0.2722,
frame_ms,0.2367,
tick_us,318.3,46
frame_ms,0.9005,
frame_ms,0.2638,
frame_ms,0.2158,
frame_ms,0.2116,
frame_ms,0.2093,
frame_ms,0.2314,
frame_ms,0.2184,
frame_ms,0.2082,
frame_ms,0.241,
frame_ms,0.2164,
frame_ms,0.2093,
frame_ms,0.2566,
frame_ms,0.2313,
frame_ms,0.2155,
frame_ms,0.258,
frame_ms,0.2228,
frame_ms,0.2182,
frame_ms,0.2154,
frame_ms,0.6855,
frame_ms,0.2524,
frame_ms,0.217,
frame_ms,0.2105,
frame_ms,0.2071,
frame_ms,0.2417,
frame_ms,0.2209,
frame_ms,0.2119,
tick_us,327.4,46
frame_ms,0.8859,
frame_ms,0.2266,
frame_ms,0.2172,
frame_ms,0.2165,
frame_ms,0.2068,
frame_ms,0.2408,
frame_ms,0.2196,
frame_ms,0.2107,
frame_ms,0.2633,
frame_ms,0.2238,
frame_ms,0.2104,
frame_ms,0.2529,
frame_ms,0.2187,
frame_ms,0.2091,
frame_ms,0.2213,
frame_ms,0.2435,
frame_ms,0.2229,
frame_ms,0.3863,
frame_ms,0.4679,
frame_ms,0.3618,
frame_ms,0.3396,
frame_ms,0.34,
frame_ms,0.2706,
frame_ms,0.2226,
frame_ms,0.2077,
tick_us,328,46
frame_ms,0.8711,
frame_ms,0.2272,
frame_ms,0.2183,
frame_ms,0.2137,
frame_ms,0.2086,
frame_ms,0.2365,
frame_ms,0.2975,
frame_ms,0.243,
frame_ms,0.2203,
frame_ms,0.2097,
frame_ms,0.2394,
frame_ms,0.227,
frame_ms,0.2103,
frame_ms,0.247,
frame_ms,0.2218,
frame_ms,0.2094,
frame_ms,0.245,
frame_ms,0.2185,
frame_ms,0.5357,
frame_ms,0.2979,
frame_ms,0.2753,
frame_ms,0.2241,
frame_ms,0.2246,
frame_ms,0.2277,
frame_ms,0.2305,
tick_us,357.7,48
frame_ms,0.934,
frame_ms,0.2354,
frame_ms,0.2143,
frame_ms,0.2164,
frame_ms,0.2152,
frame_ms,0.2258,
frame_ms,0.2134,
frame_ms,0.2637,
frame_ms,0.2679,
frame_ms,0.2297,
frame_ms,0.2237,
frame_ms,0.216,
frame_ms,0.266,
frame_ms,0.2916,
frame_ms,0.2615,
frame_ms,0.2431,
frame_ms,0.2479,
frame_ms,0.5538,
frame_ms,0.6239,
frame_ms,0.2712,
frame_ms,0.227,
frame_ms,0.2186,
frame_ms,0.2202,
frame_ms,0.2162,
tick_us,343.8,46
frame_ms,0.9162,
frame_ms,0.2421,
frame_ms,0.2145,
frame_ms,0.2183,
frame_ms,0.2532,
frame_ms,0.2611,
frame_ms,0.232,
frame_ms,0.2146,
frame_ms,0.2269,
frame_ms,0.209,
frame_ms,0.281,
frame_ms,0.2279,
frame_ms,0.2121,
frame_ms,0.2424,
frame_ms,0.2343,
frame_ms,0.2149,
frame_ms,0.2099,
frame_ms,0.2402,
frame_ms,0.231,
frame_ms,0.2154,
frame_ms,0.3009,
frame_ms,0.644,
frame_ms,0.2485,
frame_ms,0.2169,
frame_ms,0.2156,
tick_us,347.3,46
frame_ms,0.9026,
frame_ms,0.2415,
frame_ms,0.4646,
frame_ms,0.2765,
frame_ms,0.2482,
frame_ms,0.2428,
frame_ms,0.2221,
frame_ms,0.2603,
frame_ms,0.2745,
frame_ms,0.23,
frame_ms,0.2233,
frame_ms,0.2152,
frame_ms,0.246,
frame_ms,0.2159,
frame_ms,0.2293,
frame_ms,0.2263,
frame_ms,0.2677,
frame_ms,0.2287,
frame_ms,0.259,
frame_ms,0.3866,
frame_ms,0.252,
frame_ms,0.2652,
frame_ms,0.2261,
frame_ms,0.2274,
tick_us,356.1,44
frame_ms,0.9303,
frame_ms,0.2441,
frame_ms,0.214,
frame_ms,0.2182,
frame_ms,0.216,
frame_ms,0.2095,
frame_ms,0.2541,
frame_ms,0.2643,
frame_ms,0.2282,
frame_ms,0.2173,
frame_ms,0.2117,
frame_ms,0.2446,
frame_ms,0.2303,
frame_ms,0.212,
frame_ms,0.2622,
frame_ms,0.2321,
frame_ms,0.2255,
frame_ms,0.2074,
frame_ms,0.2804,
frame_ms,0.2252,
frame_ms,0.208,
frame_ms,0.2541,
frame_ms,0.504,
frame_ms,0.6079,
tick_us,346.3,42
frame_ms,1.0356,
frame_ms,0.2765,
frame_ms,0.2297,
frame_ms,0.2734,
frame_ms,0.2538,
frame_ms,0.2523,
frame_ms,0.2222,
frame_ms,0.2193,
frame_ms,0.2131,
frame_ms,0.2101,
frame_ms,0.2454,
frame_ms,0.2228,
frame_ms,0.2087,
frame_ms,0.2178,
frame_ms,0.2448,
frame_ms,0.2209,
frame_ms,0.212,
frame_ms,0.2892,
frame_ms,0.2928,
frame_ms,0.2528,
frame_ms,0.2439,
frame_ms,0.5964,
frame_ms,0.3692,
frame_ms,0.2946,
tick_us,342.6,46
frame_ms,0.94,
frame_ms,0.2359,
frame_ms,0.2154,
frame_ms,0.2311,
frame_ms,0.222,
frame_ms,0.2219,
frame_ms,0.2137,
frame_ms,0.2697,
frame_ms,0.2644,
frame_ms,0.2583,
frame_ms,0.2247,
frame_ms,0.2185,
frame_ms,0.2124,
frame_ms,0.2526,
frame_ms,0.2606,
frame_ms,0.2309,
frame_ms,0.2194,
frame_ms,0.2117,
frame_ms,0.2432,
frame_ms,0.252,
frame_ms,0.2113,
frame_ms,0.2327,
frame_ms,0.2102,
frame_ms,0.2132,
frame_ms,0.4014,
frame_ms,0.3342,
tick_us,336.1,46
frame_ms,1.1302,
frame_ms,0.243,
frame_ms,0.2176,
frame_ms,0.2261,
frame_ms,0.2201,
frame_ms,0.211,
frame_ms,0.245,
frame_ms,0.2568,
frame_ms,0.2261,
frame_ms,0.2147,
frame_ms,0.2338,
frame_ms,0.2139,
frame_ms,0.2752,
frame_ms,0.2797,
frame_ms,0.3092,
frame_ms,0.3144,
frame_ms,0.2641,
frame_ms,0.2333,
frame_ms,0.2353,
frame_ms,0.2382,
frame_ms,0.2392,
frame_ms,0.2801,
frame_ms,0.3394,
tick_us,345.5,48
frame_ms,1.1982,
frame_ms,0.2531,
frame_ms,0.2288,
frame_ms,0.2258,
frame_ms,0.2197,
frame_ms,0.2239,
frame_ms,0.2193,
frame_ms,0.2137,
frame_ms,0.2867,
frame_ms,0.2354,
frame_ms,0.2173,
frame_ms,0.2105,
frame_ms,0.2445,
frame_ms,0.2215,
frame_ms,0.2144,
frame_ms,0.243,
frame_ms,0.2273,
frame_ms,0.221,
frame_ms,0.2589,
frame_ms,0.2388,
frame_ms,0.2121,
frame_ms,0.2578,
frame_ms,0.2248,
frame_ms,0.2135,
frame_ms,0.2738,
frame_ms,0.2308,
frame_ms,0.2228,
tick_us,375.8,52
frame_ms,1.1924,
frame_ms,0.254,
frame_ms,0.2138,
frame_ms,0.216,
frame_ms,0.2437,
frame_ms,0.2192,
frame_ms,0.2592,
frame_ms,0.2259,
frame_ms,0.2145,
frame_ms,0.2641,
frame_ms,0.211,
frame_ms,0.2105,
frame_ms,0.2498,
frame_ms,0.2232,
frame_ms,0.209,
frame_ms,0.2478,
frame_ms,0.2218,
frame_ms,0.2123,
frame_ms,0.221,
frame_ms,0.2134,
frame_ms,0.2035,
frame_ms,0.2683,
frame_ms,0.8656,
tick_us,381,54
frame_ms,1.3691,
frame_ms,0.2588,
frame_ms,0.2178,
frame_ms,0.2138,
frame_ms,0.2082,
frame_ms,0.2383,
frame_ms,0.3609,
frame_ms,0.2799,
frame_ms,0.2343,
frame_ms,0.2293,
frame_ms,0.2261,
frame_ms,0.2284,
frame_ms,0.2191,
frame_ms,0.2829,
frame_ms,0.2648,
frame_ms,0.2272,
frame_ms,0.219,
frame_ms,0.2101,
frame_ms,0.2115,
frame_ms,0.2436,
frame_ms,0.2275,
frame_ms,0.2078,
frame_ms,0.2167,
frame_ms,0.2465,
tick_us,337.8,52
frame_ms,0.9148,
frame_ms,0.242,
frame_ms,0.2169,
frame_ms,0.2163,
frame_ms,0.245,
frame_ms,0.2101,
frame_ms,0.2617,
frame_ms,0.2259,
frame_ms,0.211,
frame_ms,0.2558,
frame_ms,0.2247,
frame_ms,0.2133,
frame_ms,0.2518,
frame_ms,0.2206,
frame_ms,0.2249,
frame_ms,0.2089,
frame_ms,0.2773,
frame_ms,0.2289,
frame_ms,0.2104,
frame_ms,0.2582,
frame_ms,0.2253,
frame_ms,0.2079,
frame_ms,0.2907,
frame_ms,0.228,
frame_ms,0.2106,
frame_ms,0.2549,
frame_ms,0.2232,
tick_us,333.9,48
frame_ms,0.9199,
frame_ms,0.5225,
frame_ms,0.3673,
frame_ms,0.3987,
frame_ms,0.2842,
frame_ms,0.2481,
frame_ms,0.2227,
frame_ms,0.2224,
frame_ms,0.2221,
frame_ms,0.2193,
frame_ms,0.2375,
frame_ms,0.2269,
frame_ms,0.2264,
frame_ms,0.2143,
frame_ms,0.2454,
frame_ms,0.2237,
frame_ms,0.2113,
frame_ms,0.2507,
frame_ms,0.2251,
frame_ms,0.2148,
frame_ms,0.244,
frame_ms,0.268,
frame_ms,0.2314,
frame_ms,0.2244,
frame_ms,0.2149,
tick_us,347,46
frame_ms,0.9671,
frame_ms,0.2834,
frame_ms,0.3593,
frame_ms,0.2213,
frame_ms,0.218,
frame_ms,0.2174,
frame_ms,0.215,
frame_ms,0.2859,
frame_ms,0.2304,
frame_ms,0.2161,
frame_ms,0.2725,
frame_ms,0.242,
frame_ms,0.2266,
frame_ms,0.2109,
frame_ms,0.2558,
frame_ms,0.2278,
frame_ms,0.2104,
frame_ms,0.2413,
frame_ms,0.2386,
frame_ms,0.2694,
frame_ms,0.2689,
frame_ms,0.2385,
frame_ms,0.2295,
frame_ms,0.2288,
frame_ms,0.2188,
tick_us,371.6,48
frame_ms,0.946,
frame_ms,0.2414,
frame_ms,0.2239,
frame_ms,0.3698,
frame_ms,0.5751,
frame_ms,0.3867,
frame_ms,0.2307,
frame_ms,0.2205,
frame_ms,0.2196,
frame_ms,0.2133,
frame_ms,0.2441,
frame_ms,0.2282,
frame_ms,0.2141,
frame_ms,0.2538,
frame_ms,0.2253,
frame_ms,0.2135,
frame_ms,0.2538,
frame_ms,0.2297,
frame_ms,0.2137,
frame_ms,0.2675,
frame_ms,0.2371,
frame_ms,0.209,
frame_ms,0.2443,
frame_ms,0.2228,
frame_ms,0.2087,
tick_us,351.4,50
frame_ms,0.9393,
frame_ms,0.2339,
frame_ms,0.3654,
frame_ms,0.4617,
frame_ms,0.2771,
frame_ms,0.2217,
frame_ms,0.2264,
frame_ms,0.2242,
frame_ms,0.2196,
frame_ms,0.2323,
frame_ms,0.2311,
frame_ms,0.2206,
frame_ms,0.2159,
frame_ms,0.2846,
frame_ms,0.2712,
frame_ms,0.2285,
frame_ms,0.2205,
frame_ms,0.2119,
frame_ms,0.2412,
frame_ms,0.2247,
frame_ms,0.2116,
frame_ms,0.2918,
frame_ms,0.2694,
frame_ms,0.2372,
tick_us,398.3,50
frame_ms,2.0031,
frame_ms,0.3984,
frame_ms,0.2815,
frame_ms,0.2229,
frame_ms,0.2195,
frame_ms,0.22,
frame_ms,0.2213,
frame_ms,0.3798,
frame_ms,0.2339,
frame_ms,0.2236,
frame_ms,0.217,
frame_ms,0.3191,
frame_ms,0.2119,
frame_ms,0.2088,
frame_ms,0.2664,
frame_ms,0.2278,
frame_ms,0.2133,
frame_ms,0.2449,
frame_ms,0.2235,
frame_ms,0.2124,
frame_ms,0.2186,
tick_us,343.9,52
frame_ms,0.9337,
frame_ms,0.2407,
frame_ms,0.2151,
frame_ms,0.216,
frame_ms,0.2075,
frame_ms,0.3838,
frame_ms,0.3989,
frame_ms,0.2737,
frame_ms,0.2325,
frame_ms,0.2254,
frame_ms,0.225,
frame_ms,0.2211,
frame_ms,0.2152,
frame_ms,0.2163,
frame_ms,0.2263,
frame_ms,0.2448,
frame_ms,0.237,
frame_ms,0.2311,
frame_ms,0.2197,
frame_ms,0.256,
frame_ms,0.3465,
frame_ms,0.2439,
frame_ms,0.2194,
frame_ms,0.2125,
frame_ms,0.2476,
frame_ms,0.2652,
tick_us,322.7,56
frame_ms,0.8897,
frame_ms,0.2337,
frame_ms,0.2135,
frame_ms,0.2262,
frame_ms,0.218,
frame_ms,0.4079,
frame_ms,0.4264,
frame_ms,0.2475,
frame_ms,0.2143,
frame_ms,0.2322,
frame_ms,0.2094,
frame_ms,0.2087,
frame_ms,0.2552,
frame_ms,0.2714,
frame_ms,0.2285,
frame_ms,0.2201,
frame_ms,0.213,
frame_ms,0.2105,
frame_ms,0.2506,
frame_ms,0.3975,
frame_ms,0.287,
frame_ms,0.2236,
frame_ms,0.2131,
frame_ms,0.2133,
frame_ms,0.2206,
tick_us,354.8,52
frame_ms,0.9445,
frame_ms,0.235,
frame_ms,0.2117,
frame_ms,0.2168,
frame_ms,0.2166,
frame_ms,0.2114,
frame_ms,0.259,
frame_ms,0.4255,
frame_ms,0.2739,
frame_ms,0.2781,
frame_ms,0.2255,
frame_ms,0.2189,
frame_ms,0.2126,
frame_ms,0.2449,
frame_ms,0.2122,
frame_ms,0.2464,
frame_ms,0.2215,
frame_ms,0.2449,
frame_ms,0.2264,
frame_ms,0.211,
frame_ms,0.2806,
frame_ms,0.2173,
frame_ms,0.2109,
frame_ms,0.2443,
frame_ms,0.218,
frame_ms,0.2095,
tick_us,330.9,52
frame_ms,0.9222,
frame_ms,0.2419,
frame_ms,0.2124,
frame_ms,0.2191,
frame_ms,0.2098,
frame_ms,0.2165,
frame_ms,0.2622,
frame_ms,0.2655,
frame_ms,0.5817,
frame_ms,0.2545,
frame_ms,0.2195,
frame_ms,0.221,
frame_ms,0.2203,
frame_ms,0.2134,
frame_ms,0.2285,
frame_ms,0.2695,
frame_ms,0.2718,
frame_ms,0.2296,
frame_ms,0.2238,
frame_ms,0.2118,
frame_ms,0.2139,
frame_ms,0.2527,
frame_ms,0.2537,
frame_ms,0.2683,
frame_ms,0.2303,
tick_us,381.9,52
frame_ms,1.0479,
frame_ms,0.2714,
frame_ms,0.2173,
frame_ms,0.2178,
frame_ms,0.2108,
frame_ms,0.409,
frame_ms,0.2571,
frame_ms,0.3617,
frame_ms,0.3447,
frame_ms,0.2127,
frame_ms,0.2157,
frame_ms,0.2108,
frame_ms,0.2074,
frame_ms,0.2756,
frame_ms,0.2262,
frame_ms,0.2083,
frame_ms,0.2235,
frame_ms,0.2079,
frame_ms,0.2006,
frame_ms,0.2532,
frame_ms,0.2245,
frame_ms,0.2038,
frame_ms,0.2344,
frame_ms,0.228,
frame_ms,0.2214,
tick_us,347.1,50
frame_ms,0.9259,
frame_ms,0.2362,
frame_ms,0.2137,
frame_ms,0.2178,
frame_ms,0.2156,
frame_ms,0.2191,
frame_ms,0.2403,
frame_ms,0.2247,
frame_ms,0.2144,
frame_ms,0.2979,
frame_ms,0.4237,
frame_ms,0.2841,
frame_ms,0.2673,
frame_ms,0.271,
frame_ms,0.229,
frame_ms,0.2245,
frame_ms,0.2279,
frame_ms,0.2251,
frame_ms,0.2191,
frame_ms,0.2349,
frame_ms,0.2986,
frame_ms,0.3732,
frame_ms,0.2131,
frame_ms,0.218,
frame_ms,0.2114,
tick_us,352.5,48
frame_ms,0.8975,
frame_ms,0.2469,
frame_ms,0.2664,
frame_ms,0.2073,
frame_ms,0.2088,
frame_ms,0.21,
frame_ms,0.2475,
frame_ms,0.2185,
frame_ms,0.4981,
frame_ms,0.2532,
frame_ms,0.2157,
frame_ms,0.5462,
frame_ms,0.2834,
frame_ms,0.2534,
frame_ms,0.2367,
frame_ms,0.223,
frame_ms,0.2166,
frame_ms,0.216,
frame_ms,0.2373,
frame_ms,0.2145,
frame_ms,0.2054,
frame_ms,0.2589,
frame_ms,0.2258,
frame_ms,0.2128,
frame_ms,0.2122,
tick_us,337.9,48
frame_ms,0.9216,
frame_ms,0.236,
frame_ms,0.2107,
frame_ms,0.2149,
frame_ms,0.2107,
frame_ms,0.2198,
frame_ms,0.2369,
frame_ms,0.2215,
frame_ms,0.2193,
frame_ms,0.22,
frame_ms,0.2616,
frame_ms,0.2141,
frame_ms,0.2107,
frame_ms,0.3237,
frame_ms,0.4771,
frame_ms,0.2281,
frame_ms,0.2083,
frame_ms,0.2064,
frame_ms,0.2057,
frame_ms,0.2621,
frame_ms,0.2255,
frame_ms,0.2072,
frame_ms,0.2495,
frame_ms,0.2229,
frame_ms,0.2137,
frame_ms,0.2462,
tick_us,332.9,48
frame_ms,0.8874,
frame_ms,0.235,
frame_ms,0.209,
frame_ms,0.2097,
frame_ms,0.2114,
frame_ms,0.208,
frame_ms,0.2477,
frame_ms,0.2167,
frame_ms,0.2085,
frame_ms,0.2305,
frame_ms,0.2126,
frame_ms,0.2055,
frame_ms,0.2868,
frame_ms,0.5228,
frame_ms,0.5446,
frame_ms,0.2848,
frame_ms,0.2401,
frame_ms,0.224,
frame_ms,0.2262,
frame_ms,0.2219,
frame_ms,0.2214,
frame_ms,0.2331,
frame_ms,0.2381,
frame_ms,0.223,
frame_ms,0.2183,
tick_us,327.6,50
frame_ms,0.9274,
frame_ms,0.2747,
frame_ms,0.2375,
frame_ms,0.2154,
frame_ms,0.277,
frame_ms,0.2313,
frame_ms,0.3007,
frame_ms,0.2396,
frame_ms,0.2219,
frame_ms,0.2182,
frame_ms,0.2365,
frame_ms,0.2254,
frame_ms,0.215,
frame_ms,0.2159,
frame_ms,0.4416,
frame_ms,0.2868,
frame_ms,0.2271,
frame_ms,0.223,
frame_ms,0.2156,
frame_ms,0.2148,
frame_ms,0.2472,
frame_ms,0.2154,
frame_ms,0.2215,
frame_ms,0.2322,
frame_ms,0.2112,
frame_ms,0.2678,
tick_us,325.6,54
frame_ms,0.9357,
frame_ms,0.2414,
frame_ms,0.2162,
frame_ms,0.2169,
frame_ms,0.2279,
frame_ms,0.2562,
frame_ms,0.2314,
frame_ms,0.2176,
frame_ms,0.2579,
frame_ms,0.2273,
frame_ms,0.2165,
frame_ms,0.217,
frame_ms,0.2704,
frame_ms,0.2207,
frame_ms,0.4677,
frame_ms,0.2585,
frame_ms,0.224,
frame_ms,0.2226,
frame_ms,0.2274,
frame_ms,0.2234,
frame_ms,0.2149,
frame_ms,0.241,
frame_ms,0.2549,
frame_ms,0.2293,
frame_ms,0.2156,
frame_ms,0.2321,
tick_us,326.2,52
frame_ms,0.8798,
frame_ms,0.242,
frame_ms,0.2153,
frame_ms,0.2169,
frame_ms,0.2188,
frame_ms,0.2158,
frame_ms,0.2115,
frame_ms,0.2463,
frame_ms,0.2256,
frame_ms,0.2098,
frame_ms,0.2368,
frame_ms,0.2185,
frame_ms,0.2105,
frame_ms,0.2602,
frame_ms,0.2248,
frame_ms,0.2129,
frame_ms,0.2276,
frame_ms,0.2106,
frame_ms,0.4917,
frame_ms,0.3784,
frame_ms,0.3578,
frame_ms,0.3384,
frame_ms,0.3328,
frame_ms,0.348,
tick_us,349.1,52
frame_ms,0.9571,
frame_ms,0.2382,
frame_ms,0.2175,
frame_ms,0.221,
frame_ms,0.2332,
frame_ms,0.2185,
frame_ms,0.2159,
frame_ms,0.2404,
frame_ms,0.2145,
frame_ms,0.211,
frame_ms,0.2583,
frame_ms,0.2649,
frame_ms,0.2265,
frame_ms,0.216,
frame_ms,0.2247,
frame_ms,0.2492,
frame_ms,0.3477,
frame_ms,0.515,
frame_ms,0.2577,
frame_ms,0.2182,
frame_ms,0.2178,
frame_ms,0.2194,
frame_ms,0.2151,
frame_ms,0.2492,
frame_ms,0.2693,
tick_us,331.3,56
frame_ms,0.9148,
frame_ms,0.2367,
frame_ms,0.2127,
frame_ms,0.2253,
frame_ms,0.2159,
frame_ms,0.2088,
frame_ms,0.2621,
frame_ms,0.2251,
frame_ms,0.2171,
frame_ms,0.244,
frame_ms,0.2269,
frame_ms,0.7377,
frame_ms,0.2094,
frame_ms,0.2101,
frame_ms,0.2065,
frame_ms,0.2898,
frame_ms,0.2873,
frame_ms,0.4016,
frame_ms,0.2985,
frame_ms,0.2401,
frame_ms,0.2166,
frame_ms,0.2269,
frame_ms,0.2132,
frame_ms,0.211,
tick_us,352.1,54
frame_ms,0.944,
frame_ms,0.2401,
frame_ms,0.211,
frame_ms,0.2161,
frame_ms,0.2126,
frame_ms,0.2176,
frame_ms,0.2328,
frame_ms,0.222,
frame_ms,0.2144,
frame_ms,0.2254,
frame_ms,0.2383,
frame_ms,0.3116,
frame_ms,0.2253,
frame_ms,0.2361,
frame_ms,0.2203,
frame_ms,0.2119,
frame_ms,0.2235,
frame_ms,0.2375,
frame_ms,0.2286,
frame_ms,0.5524,
frame_ms,0.2446,
frame_ms,0.2125,
frame_ms,0.2203,
frame_ms,0.2089,
frame_ms,0.2073,
frame_ms,0.2702,
tick_us,335,54
frame_ms,0.896,
frame_ms,0.3559,
frame_ms,0.277,
frame_ms,0.2202,
frame_ms,0.2157,
frame_ms,0.216,
frame_ms,0.2115,
frame_ms,0.238,
frame_ms,0.2615,
frame_ms,0.2855,
frame_ms,0.2507,
frame_ms,0.2456,
frame_ms,0.2446,
frame_ms,0.2433,
frame_ms,0.2429,
frame_ms,0.2868,
frame_ms,0.2534,
frame_ms,0.3358,
frame_ms,0.3886,
frame_ms,0.28,
frame_ms,0.2318,
frame_ms,0.2145,
frame_ms,0.2172,
frame_ms,0.2091,
tick_us,337.7,62
frame_ms,0.9263,
frame_ms,0.2713,
frame_ms,0.2342,
frame_ms,0.2151,
frame_ms,0.2187,
frame_ms,0.2311,
frame_ms,0.2232,
frame_ms,0.2341,
frame_ms,0.2233,
frame_ms,0.2151,
frame_ms,0.2119,
frame_ms,0.2462,
frame_ms,0.2271,
frame_ms,0.2124,
frame_ms,0.214,
frame_ms,0.2407,
frame_ms,0.2221,
frame_ms,0.2095,
frame_ms,0.229,
frame_ms,0.2265,
frame_ms,0.2621,
frame_ms,0.2881,
frame_ms,0.4247,
frame_ms,0.2835,
frame_ms,0.2446,
frame_ms,0.2188,
tick_us,478.3,56
frame_ms,1.2885,
frame_ms,0.3361,
frame_ms,0.238,
frame_ms,0.2183,
frame_ms,0.2173,
frame_ms,0.2132,
frame_ms,0.244,
frame_ms,0.2247,
frame_ms,0.2127,
frame_ms,0.2559,
frame_ms,0.2205,
frame_ms,0.2235,
frame_ms,0.2145,
frame_ms,0.242,
frame_ms,0.2199,
frame_ms,0.2161,
frame_ms,0.2322,
frame_ms,0.2472,
frame_ms,0.2643,
frame_ms,0.2321,
frame_ms,0.2164,
frame_ms,0.2134,
frame_ms,0.4384,
frame_ms,0.2888,
tick_us,336.2,60
frame_ms,0.9758,
frame_ms,0.2308,
frame_ms,0.2131,
frame_ms,0.2282,
frame_ms,0.2147,
frame_ms,0.2194,
frame_ms,0.2451,
frame_ms,0.2263,
frame_ms,0.2172,
frame_ms,0.2299,
frame_ms,0.2347,
frame_ms,0.2214,
frame_ms,0.2154,
frame_ms,0.2292,
frame_ms,0.2339,
frame_ms,0.2206,
frame_ms,0.2096,
frame_ms,0.2562,
frame_ms,0.2196,
frame_ms,0.2137,
frame_ms,0.222,
frame_ms,0.2356,
frame_ms,0.2234,
frame_ms,0.2296,
frame_ms,0.4339,
frame_ms,0.2667,
tick_us,409.2,58
frame_ms,1.1523,
frame_ms,0.2521,
frame_ms,0.215,
frame_ms,0.2128,
frame_ms,0.2091,
frame_ms,0.2158,
frame_ms,0.2852,
frame_ms,0.2603,
frame_ms,0.2295,
frame_ms,0.2196,
frame_ms,0.2168,
frame_ms,0.2387,
frame_ms,0.6608,
frame_ms,0.289,
frame_ms,0.2291,
frame_ms,0.2124,
frame_ms,0.2103,
frame_ms,0.2111,
frame_ms,0.228,
frame_ms,0.223,
frame_ms,0.225,
frame_ms,0.3398,
frame_ms,0.3071,
tick_us,318.3,60
frame_ms,1.0695,
frame_ms,0.2425,
frame_ms,0.2155,
frame_ms,0.2209,
frame_ms,0.2228,
frame_ms,0.2147,
frame_ms,0.2612,
frame_ms,0.2147,
frame_ms,0.2097,
frame_ms,0.2553,
frame_ms,0.2275,
frame_ms,0.2175,
frame_ms,0.213,
frame_ms,0.2785,
frame_ms,0.2473,
frame_ms,0.2204,
frame_ms,0.2131,
frame_ms,0.2304,
frame_ms,0.2204,
frame_ms,0.2059,
frame_ms,0.2326,
frame_ms,0.2255,
frame_ms,0.2127,
frame_ms,0.2713,
frame_ms,0.223,
frame_ms,0.2121,
frame_ms,0.2416,
frame_ms,0.2595,
tick_us,320.4,58
frame_ms,0.9384,
frame_ms,0.2707,
frame_ms,0.3158,
frame_ms,0.2465,
frame_ms,0.2213,
frame_ms,0.223,
frame_ms,0.2212,
frame_ms,0.2179,
frame_ms,0.2488,
frame_ms,0.2267,
frame_ms,0.2136,
frame_ms,0.2164,
frame_ms,0.2332,
frame_ms,0.2131,
frame_ms,0.2147,
frame_ms,0.2612,
frame_ms,0.228,
frame_ms,0.8652,
frame_ms,0.2549,
frame_ms,0.2155,
frame_ms,0.2192,
frame_ms,0.2119,
frame_ms,0.2583,
tick_us,383,58
frame_ms,1.2339,
frame_ms,0.2759,
frame_ms,0.233,
frame_ms,0.2106,
frame_ms,0.2109,
frame_ms,0.2272,
frame_ms,0.2581,
frame_ms,0.2817,
frame_ms,0.2372,
frame_ms,0.2286,
frame_ms,0.2248,
frame_ms,0.2174,
frame_ms,0.2124,
frame_ms,0.2571,
frame_ms,0.2513,
frame_ms,0.2231,
frame_ms,0.2136,
frame_ms,0.2459,
frame_ms,0.2181,
frame_ms,0.2161,
frame_ms,0.232,
frame_ms,0.212,
frame_ms,0.2971,
frame_ms,0.2999,
frame_ms,0.252,
tick_us,376.4,54
frame_ms,1.0013,
frame_ms,0.3586,
frame_ms,0.2418,
frame_ms,0.2119,
frame_ms,0.2206,
frame_ms,0.2079,
frame_ms,0.2206,
frame_ms,0.246,
frame_ms,0.2149,
frame_ms,0.2062,
frame_ms,0.228,
frame_ms,0.2688,
frame_ms,0.2225,
frame_ms,0.2117,
frame_ms,0.2376,
frame_ms,0.209,
frame_ms,0.2061,
frame_ms,0.2505,
frame_ms,0.2264,
frame_ms,0.209,
frame_ms,0.2258,
frame_ms,0.2362,
frame_ms,0.2104,
frame_ms,0.2041,
frame_ms,0.2468,
tick_us,332.5,56
frame_ms,1.4516,
frame_ms,0.4143,
frame_ms,0.2608,
frame_ms,0.2181,
frame_ms,0.2176,
frame_ms,0.2122,
frame_ms,0.2418,
frame_ms,0.2147,
frame_ms,0.2218,
frame_ms,0.2132,
frame_ms,0.2432,
frame_ms,0.2225,
frame_ms,0.2147,
frame_ms,0.2206,
frame_ms,0.2323,
frame_ms,0.2149,
frame_ms,0.2073,
frame_ms,0.2722,
frame_ms,0.2366,
frame_ms,0.2592,
frame_ms,0.2796,
frame_ms,0.2275,
frame_ms,0.2232,
frame_ms,0.2369,
frame_ms,0.4073,
tick_us,316.6,54
frame_ms,0.9644,
frame_ms,0.2917,
frame_ms,0.2943,
frame_ms,0.224,
frame_ms,0.2222,
frame_ms,0.2566,
frame_ms,0.2469,
frame_ms,0.2188,
frame_ms,0.225,
frame_ms,0.2421,
frame_ms,0.2641,
frame_ms,0.3517,
frame_ms,0.2166,
frame_ms,0.2161,
frame_ms,0.2123,
frame_ms,0.2114,
frame_ms,0.2424,
frame_ms,0.2558,
frame_ms,0.2289,
frame_ms,0.2165,
frame_ms,0.2135,
frame_ms,0.2421,
frame_ms,0.2342,
frame_ms,0.2201,
frame_ms,0.2107,
frame_ms,0.2451,
tick_us,350.7,56
frame_ms,1.0015,
frame_ms,0.3877,
frame_ms,0.7612,
frame_ms,0.2724,
frame_ms,0.2201,
frame_ms,0.2225,
frame_ms,0.2224,
frame_ms,0.2179,
frame_ms,0.2875,
frame_ms,0.2715,
frame_ms,0.2403,
frame_ms,0.2364,
frame_ms,0.2285,
frame_ms,0.2139,
frame_ms,0.2171,
frame_ms,0.308,
frame_ms,0.2742,
frame_ms,0.2345,
frame_ms,0.226,
frame_ms,0.2171,
frame_ms,0.217,
frame_ms,0.2593,
frame_ms,0.2299,
tick_us,346.6,54
frame_ms,0.8966,
frame_ms,0.251,
frame_ms,0.2191,
frame_ms,0.2243,
frame_ms,0.2155,
frame_ms,0.2317,
frame_ms,0.2285,
frame_ms,0.3058,
frame_ms,0.2755,
frame_ms,0.2332,
frame_ms,0.2247,
frame_ms,0.2213,
frame_ms,0.2359,
frame_ms,0.219,
frame_ms,0.3184,
frame_ms,0.277,
frame_ms,0.229,
frame_ms,0.2235,
frame_ms,0.2196,
frame_ms,0.2135,
frame_ms,0.2695,
frame_ms,0.2863,
frame_ms,0.2474,
frame_ms,0.2409,
frame_ms,0.2411,
frame_ms,0.2591,
tick_us,404.8,52
frame_ms,1.0227,
frame_ms,0.2904,
frame_ms,0.2492,
frame_ms,0.2191,
frame_ms,0.2277,
frame_ms,0.2707,
frame_ms,0.2506,
frame_ms,0.2331,
frame_ms,0.4774,
frame_ms,0.3233,
frame_ms,0.241,
frame_ms,0.2262,
frame_ms,0.2209,
frame_ms,0.2168,
frame_ms,0.2173,
frame_ms,0.2397,
frame_ms,0.2242,
frame_ms,0.2154,
frame_ms,0.2114,
frame_ms,0.256,
frame_ms,0.264,
frame_ms,0.2479,
frame_ms,0.2255,
frame_ms,0.2271,
frame_ms,0.2173,
tick_us,362.7,54
frame_ms,0.9865,
frame_ms,0.263,
frame_ms,0.2977,
frame_ms,0.2893,
frame_ms,0.2364,
frame_ms,0.6212,
frame_ms,0.2629,
frame_ms,0.232,
frame_ms,0.2419,
frame_ms,0.2376,
frame_ms,0.2276,
frame_ms,0.2309,
frame_ms,0.2199,
frame_ms,0.2378,
frame_ms,0.2831,
frame_ms,0.2782,
frame_ms,0.3157,
frame_ms,0.5337,
frame_ms,0.2267,
frame_ms,0.2313,
frame_ms,0.2301,
frame_ms,0.2274,
tick_us,362.6,52
frame_ms,0.9483,
frame_ms,0.2541,
frame_ms,0.2272,
frame_ms,0.2285,
frame_ms,0.2683,
frame_ms,0.224,
frame_ms,0.2204,
frame_ms,0.2185,
frame_ms,0.2515,
frame_ms,0.2184,
frame_ms,0.2154,
frame_ms,0.2467,
frame_ms,0.2819,
frame_ms,0.2347,
frame_ms,0.2407,
frame_ms,0.2187,
frame_ms,0.7197,
frame_ms,0.2979,
frame_ms,0.2511,
frame_ms,0.2167,
frame_ms,0.2218,
frame_ms,0.2444,
frame_ms,0.23,
frame_ms,0.2441,
tick_us,340.7,54
frame_ms,0.9212,
frame_ms,0.2329,
frame_ms,0.2144,
frame_ms,0.2238,
frame_ms,0.2211,
frame_ms,0.2267,
frame_ms,0.2528,
frame_ms,0.2293,
frame_ms,0.2215,
frame_ms,0.2167,
frame_ms,0.2856,
frame_ms,0.2379,
frame_ms,0.2144,
frame_ms,0.2092,
frame_ms,0.2618,
frame_ms,0.2297,
frame_ms,0.2188,
frame_ms,0.2098,
frame_ms,0.244,
frame_ms,0.2293,
frame_ms,0.2093,
frame_ms,0.2753,
frame_ms,0.2757,
frame_ms,0.238,
frame_ms,0.2223,
frame_ms,0.236,
tick_us,327,54
frame_ms,0.9224,
frame_ms,0.2777,
frame_ms,0.2308,
frame_ms,0.2119,
frame_ms,0.2115,
frame_ms,0.2272,
frame_ms,0.2186,
frame_ms,0.2526,
frame_ms,0.2392,
frame_ms,0.209,
frame_ms,0.2078,
frame_ms,0.2572,
frame_ms,0.2347,
frame_ms,0.2145,
frame_ms,0.233,
frame_ms,0.2244,
frame_ms,0.2106,
frame_ms,0.2357,
frame_ms,0.2349,
frame_ms,0.223,
frame_ms,0.269,
frame_ms,0.2287,
frame_ms,0.2114,
frame_ms,0.2288,
frame_ms,0.7384,
tick_us,332.1,60
frame_ms,1.0034,
frame_ms,0.2419,
frame_ms,0.2254,
frame_ms,0.2155,
frame_ms,0.2616,
frame_ms,0.2282,
frame_ms,0.2172,
frame_ms,0.2141,
frame_ms,0.2094,
frame_ms,0.2451,
frame_ms,0.2729,
frame_ms,0.2901,
frame_ms,0.2549,
frame_ms,0.2479,
frame_ms,0.2423,
frame_ms,0.2418,
frame_ms,0.2434,
frame_ms,0.2553,
frame_ms,0.2566,
frame_ms,0.2524,
frame_ms,0.2403,
frame_ms,0.2191,
frame_ms,0.2103,
frame_ms,0.212,
frame_ms,0.2534,
frame_ms,0.2713,
tick_us,351.1,54
frame_ms,1.0149,
frame_ms,0.246,
frame_ms,0.2277,
frame_ms,0.2217,
frame_ms,0.2185,
frame_ms,0.2222,
frame_ms,0.2141,
frame_ms,0.2639,
frame_ms,0.2221,
frame_ms,0.2154,
frame_ms,0.2812,
frame_ms,0.2242,
frame_ms,0.2127,
frame_ms,0.2123,
frame_ms,0.2531,
frame_ms,0.2687,
frame_ms,0.2343,
frame_ms,0.2228,
frame_ms,0.2198,
frame_ms,0.2097,
frame_ms,0.2589,
frame_ms,0.2464,
frame_ms,0.2188,
frame_ms,0.2149,
frame_ms,0.2598,
frame_ms,0.224,
tick_us,334.8,58
frame_ms,1.0151,
frame_ms,0.28,
frame_ms,0.2351,
frame_ms,0.2153,
frame_ms,0.235,
frame_ms,0.2282,
frame_ms,0.2161,
frame_ms,0.2354,
frame_ms,0.2223,
frame_ms,0.2205,
frame_ms,0.215,
frame_ms,0.254,
frame_ms,0.2827,
frame_ms,0.241,
frame_ms,0.232,
frame_ms,0.2234,
frame_ms,0.2235,
frame_ms,0.2497,
frame_ms,0.2278,
frame_ms,0.2374,
frame_ms,0.2474,
frame_ms,0.2683,
frame_ms,0.2323,
frame_ms,0.2174,
frame_ms,0.5753,
tick_us,376.7,60
frame_ms,0.9608,
frame_ms,0.2431,
frame_ms,0.2322,
frame_ms,0.2342,
frame_ms,0.227,
frame_ms,0.2627,
frame_ms,0.2152,
frame_ms,0.4488,
frame_ms,0.2434,
frame_ms,0.2114,
frame_ms,0.2143,
frame_ms,0.2182,
frame_ms,0.208,
frame_ms,0.2562,
frame_ms,0.2264,
frame_ms,0.2103,
frame_ms,0.2316,
frame_ms,0.2217,
frame_ms,0.2123,
frame_ms,0.2358,
frame_ms,0.237,
frame_ms,0.225,
frame_ms,0.2083,
frame_ms,0.2276,
frame_ms,0.2304,
frame_ms,0.2535,
tick_us,336.6,64
frame_ms,0.9383,
frame_ms,0.2479,
frame_ms,0.2644,
frame_ms,0.3286,
frame_ms,0.3195,
frame_ms,0.2175,
frame_ms,0.2188,
frame_ms,0.2201,
frame_ms,0.2057,
frame_ms,0.2455,
frame_ms,0.2271,
frame_ms,0.2087,
frame_ms,0.241,
frame_ms,0.2191,
frame_ms,0.2026,
frame_ms,0.2374,
frame_ms,0.2166,
frame_ms,0.2075,
frame_ms,0.2455,
frame_ms,0.2174,
frame_ms,0.2066,
frame_ms,0.2353,
frame_ms,0.2153,
frame_ms,0.2029,
frame_ms,0.2433,
frame_ms,0.2264,
frame_ms,0.2109,
tick_us,350.3,64
frame_ms,0.937,
frame_ms,0.2339,
frame_ms,0.2092,
frame_ms,0.212,
frame_ms,0.2099,
frame_ms,0.2173,
frame_ms,0.2554,
frame_ms,0.2255,
frame_ms,0.2133,
frame_ms,0.2253,
frame_ms,0.2338,
frame_ms,0.2179,
frame_ms,0.2125,
frame_ms,0.2635,
frame_ms,0.2376,
frame_ms,0.2185,
frame_ms,0.2097,
frame_ms,0.2441,
frame_ms,0.2693,
frame_ms,0.2637,
frame_ms,0.2315,
frame_ms,0.2225,
frame_ms,0.2161,
frame_ms,0.2165,
frame_ms,0.2362,
frame_ms,0.2373,
frame_ms,0.2176,
frame_ms,0.2117,
tick_us,310.7,66
frame_ms,0.8999,
frame_ms,0.259,
frame_ms,0.2332,
frame_ms,0.2148,
frame_ms,0.2233,
frame_ms,0.2281,
frame_ms,0.2157,
frame_ms,0.4353,
frame_ms,0.2545,
frame_ms,0.2275,
frame_ms,0.2263,
frame_ms,0.2114,
frame_ms,0.2081,
frame_ms,0.235,
frame_ms,0.3003,
frame_ms,0.2303,
frame_ms,0.226,
frame_ms,0.2086,
frame_ms,0.2042,
frame_ms,0.2602,
frame_ms,0.2896,
frame_ms,0.2641,
frame_ms,0.2598,
frame_ms,0.2224,
frame_ms,0.2141,
frame_ms,0.2123,
tick_us,357.8,64
frame_ms,0.9529,
frame_ms,0.2384,
frame_ms,0.2151,
frame_ms,0.2189,
frame_ms,0.2119,
frame_ms,0.2115,
frame_ms,0.2771,
frame_ms,0.2669,
frame_ms,0.2266,
frame_ms,0.2082,
frame_ms,0.2187,
frame_ms,0.2739,
frame_ms,0.2751,
frame_ms,0.2275,
frame_ms,0.2109,
frame_ms,0.2108,
frame_ms,0.2433,
frame_ms,0.2518,
frame_ms,0.2165,
frame_ms,0.2117,
frame_ms,0.2445,
frame_ms,0.2194,
frame_ms,0.2047,
frame_ms,0.2494,
frame_ms,0.2258,
frame_ms,0.2082,
frame_ms,0.2252,
tick_us,343.3,62
frame_ms,0.9186,
frame_ms,0.2342,
frame_ms,0.2071,
frame_ms,0.2089,
frame_ms,0.2107,
frame_ms,0.2199,
frame_ms,0.2432,
frame_ms,0.2131,
frame_ms,0.2051,
frame_ms,0.2544,
frame_ms,0.2188,
frame_ms,0.2079,
frame_ms,0.245,
frame_ms,0.2238,
frame_ms,0.2103,
frame_ms,0.2523,
frame_ms,0.2182,
frame_ms,0.209,
frame_ms,0.5636,
frame_ms,0.2413,
frame_ms,0.2125,
frame_ms,0.2224,
frame_ms,0.2147,
frame_ms,0.2117,
frame_ms,0.253,
frame_ms,0.2487,
tick_us,330.3,60
frame_ms,0.8817,
frame_ms,0.2298,
frame_ms,0.209,
frame_ms,0.2276,
frame_ms,0.2104,
frame_ms,0.2055,
frame_ms,0.2452,
frame_ms,0.2237,
frame_ms,0.2059,
frame_ms,0.2244,
frame_ms,0.2123,
frame_ms,0.2044,
frame_ms,0.2574,
frame_ms,0.2188,
frame_ms,0.2082,
frame_ms,0.2494,
frame_ms,0.2139,
frame_ms,0.2045,
frame_ms,0.2888,
frame_ms,0.2675,
frame_ms,0.2378,
frame_ms,0.2201,
frame_ms,0.2142,
frame_ms,0.2137,
frame_ms,0.252,
frame_ms,0.2316,
frame_ms,0.2173,
frame_ms,0.2379,
tick_us,328.6,58
frame_ms,0.8821,
frame_ms,0.2494,
frame_ms,0.2133,
frame_ms,0.2152,
frame_ms,0.2142,
frame_ms,0.2076,
frame_ms,0.2787,
frame_ms,0.2833,
frame_ms,0.2327,
frame_ms,0.2213,
frame_ms,0.2165,
frame_ms,0.2095,
frame_ms,0.2342,
frame_ms,0.2071,
frame_ms,0.2282,
frame_ms,0.2109,
frame_ms,0.2761,
frame_ms,0.2232,
frame_ms,0.2102,
frame_ms,0.2402,
frame_ms,0.2177,
frame_ms,0.2151,
frame_ms,0.2372,
frame_ms,0.218,
frame_ms,0.2086,
frame_ms,0.5871,
tick_us,333.6,62
frame_ms,0.9989,
frame_ms,0.2335,
frame_ms,0.211,
frame_ms,0.216,
frame_ms,0.2172,
frame_ms,0.2117,
frame_ms,0.2532,
frame_ms,0.2142,
frame_ms,0.2111,
frame_ms,0.252,
frame_ms,0.2236,
frame_ms,0.2133,
frame_ms,0.2362,
frame_ms,0.2179,
frame_ms,0.2074,
frame_ms,0.2373,
frame_ms,0.2194,
frame_ms,0.2064,
frame_ms,0.2321,
frame_ms,0.2508,
frame_ms,0.2646,
frame_ms,0.2369,
frame_ms,0.2235,
frame_ms,0.2187,
frame_ms,0.2128,
frame_ms,0.259,
frame_ms,0.2481,
tick_us,311.2,60
frame_ms,0.8644,
frame_ms,0.229,
frame_ms,0.2089,
frame_ms,0.2254,
frame_ms,0.2105,
frame_ms,0.2084,
frame_ms,0.2328,
frame_ms,0.2146,
frame_ms,0.205,
frame_ms,0.2539,
frame_ms,0.2256,
frame_ms,0.2131,
frame_ms,0.2601,
frame_ms,0.2259,
frame_ms,0.2093,
frame_ms,0.2627,
frame_ms,0.2262,
frame_ms,0.2115,
frame_ms,0.2434,
frame_ms,0.2109,
frame_ms,0.2599,
frame_ms,0.225,
frame_ms,0.2108,
frame_ms,0.2544,
frame_ms,0.2211,
frame_ms,0.2062,
frame_ms,0.2356,
frame_ms,0.2155,
tick_us,320.4,58
frame_ms,0.8691,
frame_ms,0.2242,
frame_ms,0.2787,
frame_ms,0.2317,
frame_ms,0.2154,
frame_ms,0.228,
frame_ms,0.22,
frame_ms,0.2078,
frame_ms,0.2743,
frame_ms,0.2278,
frame_ms,0.2122,
frame_ms,0.226,
frame_ms,0.2335,
frame_ms,0.218,
frame_ms,0.2097,
frame_ms,0.245,
frame_ms,0.223,
frame_ms,0.2126,
frame_ms,0.2414,
frame_ms,0.2111,
frame_ms,0.2046,
frame_ms,0.2554,
frame_ms,0.2195,
frame_ms,0.2117,
frame_ms,0.2408,
frame_ms,0.2312,
frame_ms,0.2162,
tick_us,329.1,58
frame_ms,0.8929,
frame_ms,0.2365,
frame_ms,0.216,
frame_ms,0.2171,
frame_ms,0.2065,
frame_ms,0.2081,
frame_ms,0.2506,
frame_ms,0.232,
frame_ms,0.2097,
frame_ms,0.2256,
frame_ms,0.2389,
frame_ms,0.2147,
frame_ms,0.2082,
frame_ms,0.2444,
frame_ms,0.2174,
frame_ms,0.2063,
frame_ms,0.2553,
frame_ms,0.2241,
frame_ms,0.2089,
frame_ms,0.2511,
frame_ms,0.2717,
frame_ms,0.2322,
frame_ms,0.2236,
frame_ms,0.2172,
frame_ms,0.2132,
frame_ms,0.2426,
frame_ms,0.2451,
frame_ms,0.2198,
tick_us,311.4,56
frame_ms,0.8461,
frame_ms,0.226,
frame_ms,0.2178,
frame_ms,0.2183,
frame_ms,0.2075,
frame_ms,0.2098,
frame_ms,0.2725,
frame_ms,0.2356,
frame_ms,0.2104,
frame_ms,0.2253,
frame_ms,0.3713,
frame_ms,0.3269,
frame_ms,0.2259,
frame_ms,0.2056,
frame_ms,0.2062,
frame_ms,0.2165,
frame_ms,0.2331,
frame_ms,0.2152,
frame_ms,0.2138,
frame_ms,0.2269,
frame_ms,0.2114,
frame_ms,0.2036,
frame_ms,0.2564,
frame_ms,0.217,
frame_ms,0.2155,
frame_ms,0.2383,
frame_ms,0.2175,
tick_us,339.3,54
frame_ms,0.9022,
frame_ms,0.2263,
frame_ms,0.2064,
frame_ms,0.2223,
frame_ms,0.2129,
frame_ms,0.2066,
frame_ms,0.257,
frame_ms,0.2293,
frame_ms,0.2165,
frame_ms,0.2431,
frame_ms,0.2125,
frame_ms,0.203,
frame_ms,0.255,
frame_ms,0.2218,
frame_ms,0.2113,
frame_ms,0.2398,
frame_ms,0.2154,
frame_ms,0.2059,
frame_ms,0.2527,
frame_ms,0.2158,
frame_ms,0.2055,
frame_ms,0.2522,
frame_ms,0.2233,
frame_ms,0.2103,
frame_ms,0.2252,
frame_ms,0.2375,
frame_ms,0.2263,
frame_ms,0.2182,
tick_us,341.3,52
frame_ms,0.9324,
frame_ms,0.2376,
frame_ms,0.2114,
frame_ms,0.2158,
frame_ms,0.212,
frame_ms,0.2179,
frame_ms,0.2725,
frame_ms,0.2237,
frame_ms,0.2146,
frame_ms,0.2497,
frame_ms,0.2202,
frame_ms,0.209,
frame_ms,0.2586,
frame_ms,0.2321,
frame_ms,0.2149,
frame_ms,0.2458,
frame_ms,0.2473,
frame_ms,0.2136,
frame_ms,0.4968,
frame_ms,0.4494,
frame_ms,0.2944,
frame_ms,0.2446,
frame_ms,0.2224,
frame_ms,0.2311,
frame_ms,0.2314,
tick_us,378.2,52
frame_ms,0.9598,
frame_ms,0.2744,
frame_ms,0.2408,
frame_ms,0.217,
frame_ms,0.2881,
frame_ms,0.2152,
frame_ms,0.2298,
frame_ms,0.2174,
frame_ms,0.24,
frame_ms,0.2211,
frame_ms,0.2382,
frame_ms,0.2186,
frame_ms,0.2249,
frame_ms,0.2142,
frame_ms,0.2454,
frame_ms,0.2198,
frame_ms,0.21,
frame_ms,0.2412,
frame_ms,0.2239,
frame_ms,0.2181,
frame_ms,0.2362,
frame_ms,0.2142,
frame_ms,0.2052,
frame_ms,0.2303,
frame_ms,0.2462,
frame_ms,0.2184,
frame_ms,0.2135,
tick_us,334.4,48
frame_ms,0.9125,
frame_ms,0.233,
frame_ms,0.2093,
frame_ms,0.2163,
frame_ms,0.2106,
frame_ms,0.3225,
frame_ms,0.2422,
frame_ms,0.221,
frame_ms,0.2144,
frame_ms,0.2579,
frame_ms,0.2251,
frame_ms,0.2139,
frame_ms,0.2651,
frame_ms,0.2241,
frame_ms,0.2132,
frame_ms,0.2485,
frame_ms,0.2145,
frame_ms,0.2171,
frame_ms,0.2388,
frame_ms,0.2216,
frame_ms,0.2144,
frame_ms,0.2312,
frame_ms,0.2135,
frame_ms,0.2603,
tick_us,434.6,50
frame_ms,1.805,
frame_ms,0.4295,
frame_ms,0.3467,
frame_ms,0.3292,
frame_ms,0.308,
frame_ms,0.3013,
frame_ms,0.3159,
frame_ms,0.3043,
frame_ms,0.2928,
frame_ms,0.3566,
frame_ms,0.3352,
frame_ms,0.3047,
frame_ms,0.3023,
frame_ms,0.3004,
frame_ms,0.327,
frame_ms,0.2826,
frame_ms,0.2758,
frame_ms,0.2819,
frame_ms,0.2824,
frame_ms,0.2865,
tick_us,427,50
frame_ms,1.0877,
frame_ms,0.2474,
frame_ms,0.2116,
frame_ms,0.2172,
frame_ms,0.2124,
frame_ms,0.2093,
frame_ms,0.2388,
frame_ms,0.2268,
frame_ms,0.2106,
frame_ms,0.2089,
frame_ms,0.2538,
frame_ms,0.266,
frame_ms,0.2332,
frame_ms,0.2231,
frame_ms,0.2148,
frame_ms,0.2114,
frame_ms,0.2437,
frame_ms,0.2533,
frame_ms,0.2321,
frame_ms,0.2221,
frame_ms,0.2147,
frame_ms,0.242,
frame_ms,0.2214,
frame_ms,0.212,
frame_ms,0.2407,
frame_ms,0.2107,
tick_us,346.7,50
frame_ms,0.9222,
frame_ms,0.2761,
frame_ms,0.2328,
frame_ms,0.2103,
frame_ms,0.2102,
frame_ms,0.2128,
frame_ms,0.2548,
frame_ms,0.233,
frame_ms,0.217,
frame_ms,0.215,
frame_ms,0.2661,
frame_ms,0.2662,
frame_ms,0.227,
frame_ms,0.2136,
frame_ms,0.2122,
frame_ms,0.2591,
frame_ms,0.2201,
frame_ms,0.2094,
frame_ms,0.2377,
frame_ms,0.2162,
frame_ms,0.206,
frame_ms,0.2432,
frame_ms,0.2157,
frame_ms,0.2063,
frame_ms,0.2286,
frame_ms,0.2313,
frame_ms,0.2145,
frame_ms,0.2179,
tick_us,319.4,48
frame_ms,0.8899,
frame_ms,0.226,
frame_ms,0.207,
frame_ms,0.2102,
frame_ms,0.2048,
frame_ms,0.2321,
frame_ms,0.209,
frame_ms,0.2661,
frame_ms,0.2223,
frame_ms,0.2111,
frame_ms,0.2573,
frame_ms,0.2174,
frame_ms,0.2225,
frame_ms,0.2405,
frame_ms,0.2209,
frame_ms,0.2107,
frame_ms,0.2409,
frame_ms,0.2113,
frame_ms,0.2042,
frame_ms,0.2557,
frame_ms,0.2174,
frame_ms,0.2054,
frame_ms,0.2488,
frame_ms,0.2163,
frame_ms,0.2153,
frame_ms,0.237,
frame_ms,0.277,
frame_ms,0.2103,
tick_us,302.8,46
frame_ms,0.8317,
frame_ms,0.222,
frame_ms,0.2171,
frame_ms,0.2146,
frame_ms,0.3727,
frame_ms,0.3477,
frame_ms,0.2385,
frame_ms,0.2071,
frame_ms,0.207,
frame_ms,0.2067,
frame_ms,0.2436,
frame_ms,0.2244,
frame_ms,0.2251,
frame_ms,0.2111,
frame_ms,0.2435,
frame_ms,0.2225,
frame_ms,0.2105,
frame_ms,0.2648,
frame_ms,0.2551,
frame_ms,0.2426,
frame_ms,0.2117,
frame_ms,0.2104,
frame_ms,0.2617,
frame_ms,0.2216,
frame_ms,0.2065,
frame_ms,0.2475,
tick_us,324,44
frame_ms,0.8805,
frame_ms,0.2257,
frame_ms,0.2066,
frame_ms,0.2126,
frame_ms,0.214,
frame_ms,0.2115,
frame_ms,0.2823,
frame_ms,0.2785,
frame_ms,0.2281,
frame_ms,0.2197,
frame_ms,0.2129,
frame_ms,0.2099,
frame_ms,0.2456,
frame_ms,0.272,
frame_ms,0.2267,
frame_ms,0.2134,
frame_ms,0.2113,
frame_ms,0.2354,
frame_ms,0.2193,
frame_ms,0.2087,
frame_ms,0.2411,
frame_ms,0.2145,
frame_ms,0.2051,
frame_ms,0.2431,
frame_ms,0.2206,
frame_ms,0.2286,
frame_ms,0.2106,
frame_ms,0.264,
tick_us,317.1,44
frame_ms,0.8687,
frame_ms,0.2262,
frame_ms,0.2071,
frame_ms,0.2089,
frame_ms,0.2125,
frame_ms,0.2122,
frame_ms,0.2442,
frame_ms,0.2171,
frame_ms,0.2083,
frame_ms,0.254,
frame_ms,0.2088,
frame_ms,0.203,
frame_ms,0.2678,
frame_ms,0.2298,
frame_ms,0.2119,
frame_ms,0.2069,
frame_ms,0.4486,
frame_ms,0.2915,
frame_ms,0.2378,
frame_ms,0.228,
frame_ms,0.2321,
frame_ms,0.3149,
frame_ms,0.2869,
frame_ms,0.2355,
frame_ms,0.2415,
frame_ms,0.2195,
tick_us,300.3,46
frame_ms,0.8363,
frame_ms,0.2234,
frame_ms,0.2141,
frame_ms,0.2145,
frame_ms,0.2087,
frame_ms,0.2067,
frame_ms,0.2619,
frame_ms,0.2236,
frame_ms,0.2107,
frame_ms,0.254,
frame_ms,0.2258,
frame_ms,0.2103,
frame_ms,0.2277,
frame_ms,0.2492,
frame_ms,0.2143,
frame_ms,0.2064,
frame_ms,0.2419,
frame_ms,0.2161,
frame_ms,0.2168,
frame_ms,0.2454,
frame_ms,0.2698,
frame_ms,0.2255,
frame_ms,0.2643,
frame_ms,0.2198,
frame_ms,0.2096,
frame_ms,0.2569,
frame_ms,0.247,
frame_ms,0.2166,
tick_us,319.7,46
frame_ms,0.912,
frame_ms,0.2355,
frame_ms,0.2221,
frame_ms,0.2187,
frame_ms,0.2111,
frame_ms,0.2021,
frame_ms,0.2658,
frame_ms,0.443,
frame_ms,0.3701,
frame_ms,0.3376,
frame_ms,0.2357,
frame_ms,0.2114,
frame_ms,0.2124,
frame_ms,0.2084,
frame_ms,0.2068,
frame_ms,0.2493,
frame_ms,0.2229,
frame_ms,0.2078,
frame_ms,0.2287,
frame_ms,0.2149,
frame_ms,0.2054,
frame_ms,0.2279,
frame_ms,0.216,
frame_ms,0.5241,
tick_us,336.6,52
frame_ms,0.9497,
frame_ms,0.2433,
frame_ms,0.2186,
frame_ms,0.2174,
frame_ms,0.2202,
frame_ms,0.2136,
frame_ms,0.2374,
frame_ms,0.2532,
frame_ms,0.2242,
frame_ms,0.2118,
frame_ms,0.2364,
frame_ms,0.2119,
frame_ms,0.2367,
frame_ms,0.2167,
frame_ms,0.2694,
frame_ms,0.2226,
frame_ms,0.2081,
frame_ms,0.2382,
frame_ms,0.2123,
frame_ms,0.2016,
frame_ms,0.2583,
frame_ms,0.2199,
frame_ms,0.2039,
frame_ms,0.256,
frame_ms,0.2158,
frame_ms,0.203,
frame_ms,0.2491,
frame_ms,0.2201,
tick_us,330.4,58
frame_ms,0.8798,
frame_ms,0.2262,
frame_ms,0.2058,
frame_ms,0.2207,
frame_ms,0.2127,
frame_ms,0.2095,
frame_ms,0.26,
frame_ms,0.2241,
frame_ms,0.2112,
frame_ms,0.2408,
frame_ms,0.2131,
frame_ms,0.205,
frame_ms,0.2432,
frame_ms,0.2152,
frame_ms,0.2064,
frame_ms,0.2369,
frame_ms,0.2183,
frame_ms,0.2038,
frame_ms,0.2363,
frame_ms,0.2169,
frame_ms,0.2042,
frame_ms,0.2283,
frame_ms,0.2106,
frame_ms,0.2114,
frame_ms,0.2422,
frame_ms,0.2218,
frame_ms,0.2051,
frame_ms,0.2265,
tick_us,309.4,62
frame_ms,0.8471,
frame_ms,0.2324,
frame_ms,0.2072,
frame_ms,0.2134,
frame_ms,0.2051,
frame_ms,0.2097,
frame_ms,0.6669,
frame_ms,0.6512,
frame_ms,0.2424,
frame_ms,0.2312,
frame_ms,0.2219,
frame_ms,0.2133,
frame_ms,0.2067,
frame_ms,0.2597,
frame_ms,0.218,
frame_ms,0.2065,
frame_ms,0.2241,
frame_ms,0.2205,
frame_ms,0.2083,
frame_ms,0.2492,
frame_ms,0.2136,
frame_ms,0.237,
frame_ms,0.2314,
frame_ms,0.2634,
frame_ms,0.2632,
tick_us,331.7,64
frame_ms,0.9074,
frame_ms,0.2393,
frame_ms,0.2164,
frame_ms,0.2617,
frame_ms,0.2207,
frame_ms,0.2159,
frame_ms,0.2092,
frame_ms,0.2123,
frame_ms,0.2435,
frame_ms,0.2652,
frame_ms,0.2816,
frame_ms,0.2249,
frame_ms,0.2166,
frame_ms,0.2098,
frame_ms,0.2389,
frame_ms,0.2139,
frame_ms,0.2231,
frame_ms,0.2105,
frame_ms,0.2465,
frame_ms,0.2224,
frame_ms,0.21,
frame_ms,0.2384,
frame_ms,0.2691,
frame_ms,0.2831,
frame_ms,0.2462,
frame_ms,0.2407,
tick_us,349.4,66
frame_ms,0.991,
frame_ms,0.3248,
frame_ms,0.2485,
frame_ms,0.2141,
frame_ms,0.2223,
frame_ms,0.2127,
frame_ms,0.2092,
frame_ms,0.2596,
frame_ms,0.2647,
frame_ms,0.2257,
frame_ms,0.212,
frame_ms,0.2113,
frame_ms,0.2605,
frame_ms,0.2246,
frame_ms,0.3194,
frame_ms,0.232,
frame_ms,0.2131,
frame_ms,0.2191,
frame_ms,0.2604,
frame_ms,0.2592,
frame_ms,0.2217,
frame_ms,0.2125,
frame_ms,0.2089,
frame_ms,0.2633,
frame_ms,0.2212,
frame_ms,0.2065,
tick_us,349,66
frame_ms,1.0821,
frame_ms,0.2465,
frame_ms,0.211,
frame_ms,0.2145,
frame_ms,0.2105,
frame_ms,0.2248,
frame_ms,0.2607,
frame_ms,0.2226,
frame_ms,0.2159,
frame_ms,0.2252,
frame_ms,0.2347,
frame_ms,0.2135,
frame_ms,0.2036,
frame_ms,0.2422,
frame_ms,0.2577,
frame_ms,0.2299,
frame_ms,0.2135,
frame_ms,0.2124,
frame_ms,0.2436,
frame_ms,0.2427,
frame_ms,0.2224,
frame_ms,0.2111,
frame_ms,0.2619,
frame_ms,0.2205,
frame_ms,0.273,
frame_ms,0.4164,
tick_us,370.9,66
frame_ms,1.0641,
frame_ms,0.2418,
frame_ms,0.2156,
frame_ms,0.222,
frame_ms,0.2125,
frame_ms,0.2141,
frame_ms,0.2617,
frame_ms,0.2314,
frame_ms,0.2103,
frame_ms,0.2629,
frame_ms,0.2275,
frame_ms,0.2152,
frame_ms,0.2335,
frame_ms,0.2069,
frame_ms,0.2031,
frame_ms,0.264,
frame_ms,0.2171,
frame_ms,0.2022,
frame_ms,0.2428,
frame_ms,0.3009,
frame_ms,0.2447,
frame_ms,0.2251,
frame_ms,0.206,
frame_ms,0.229,
frame_ms,0.2118,
frame_ms,0.2034,
frame_ms,0.253,
tick_us,343.8,70
frame_ms,0.9113,
frame_ms,0.2376,
frame_ms,0.2102,
frame_ms,0.2153,
frame_ms,0.2211,
frame_ms,0.2086,
frame_ms,0.2505,
frame_ms,0.2728,
frame_ms,0.2393,
frame_ms,0.2208,
frame_ms,0.2126,
frame_ms,0.2354,
frame_ms,0.248,
frame_ms,0.2489,
frame_ms,0.2176,
frame_ms,0.2119,
frame_ms,0.237,
frame_ms,0.2247,
frame_ms,0.2172,
frame_ms,0.2358,
frame_ms,0.2129,
frame_ms,0.2188,
frame_ms,0.2404,
frame_ms,0.2177,
frame_ms,0.2208,
frame_ms,0.2116,
frame_ms,0.2434,
tick_us,326.3,58
frame_ms,0.8794,
frame_ms,0.2299,
frame_ms,0.2088,
frame_ms,0.2166,
frame_ms,0.2248,
frame_ms,0.2171,
frame_ms,0.2301,
frame_ms,0.256,
frame_ms,0.2248,
frame_ms,0.2097,
frame_ms,0.2247,
frame_ms,0.2339,
frame_ms,0.2146,
frame_ms,0.2082,
frame_ms,0.2482,
frame_ms,0.2165,
frame_ms,0.2159,
frame_ms,0.231,
frame_ms,0.2114,
frame_ms,0.2024,
frame_ms,0.2467,
frame_ms,0.2222,
frame_ms,0.2099,
frame_ms,0.2514,
frame_ms,0.2221,
frame_ms,0.2069,
frame_ms,0.4221,
tick_us,496.3,56
frame_ms,1.3333,
frame_ms,0.3045,
frame_ms,0.2205,
frame_ms,0.2198,
frame_ms,0.2094,
frame_ms,0.2073,
frame_ms,0.2636,
frame_ms,0.2284,
frame_ms,0.213,
frame_ms,0.2242,
frame_ms,0.2312,
frame_ms,0.2178,
frame_ms,0.207,
frame_ms,0.2363,
frame_ms,0.2559,
frame_ms,0.226,
frame_ms,0.2136,
frame_ms,0.2612,
frame_ms,0.2186,
frame_ms,0.2108,
frame_ms,0.235,
frame_ms,0.2267,
frame_ms,0.2106,
frame_ms,0.2264,
frame_ms,0.2337,
frame_ms,0.2174,
tick_us,326.8,58
frame_ms,0.8673,
frame_ms,0.229,
frame_ms,0.2072,
frame_ms,0.2218,
frame_ms,0.2113,
frame_ms,0.2066,
frame_ms,0.2648,
frame_ms,0.2253,
frame_ms,0.2119,
frame_ms,0.2468,
frame_ms,0.2189,
frame_ms,0.2057,
frame_ms,0.2287,
frame_ms,0.2145,
frame_ms,0.2039,
frame_ms,0.2421,
frame_ms,0.2214,
frame_ms,0.2051,
frame_ms,0.2652,
frame_ms,0.2606,
frame_ms,0.2311,
frame_ms,0.2233,
frame_ms,0.2241,
frame_ms,0.2506,
frame_ms,0.2204,
frame_ms,0.218,
frame_ms,0.225,
frame_ms,0.2278,
tick_us,306.4,60
frame_ms,0.8842,
frame_ms,0.2626,
frame_ms,0.2218,
frame_ms,0.2155,
frame_ms,0.2796,
frame_ms,0.252,
frame_ms,0.2332,
frame_ms,0.2245,
frame_ms,0.2286,
frame_ms,0.2202,
frame_ms,0.2535,
frame_ms,0.2978,
frame_ms,0.2516,
frame_ms,0.2254,
frame_ms,0.2179,
frame_ms,0.2107,
frame_ms,0.2324,
frame_ms,0.2102,
frame_ms,0.226,
frame_ms,0.212,
frame_ms,0.2443,
frame_ms,0.2203,
frame_ms,0.2095,
frame_ms,0.2307,
frame_ms,0.2625,
frame_ms,0.2575,
frame_ms,0.2241,
tick_us,319.4,60
frame_ms,0.8707,
frame_ms,0.2299,
frame_ms,0.2958,
frame_ms,0.2125,
frame_ms,0.2077,
frame_ms,0.2099,
frame_ms,0.2549,
frame_ms,0.2603,
frame_ms,0.2371,
frame_ms,0.211,
frame_ms,0.2093,
frame_ms,0.2551,
frame_ms,0.2327,
frame_ms,0.218,
frame_ms,0.2134,
frame_ms,0.2595,
frame_ms,0.2268,
frame_ms,0.2121,
frame_ms,0.2102,
frame_ms,0.2379,
frame_ms,0.2177,
frame_ms,0.2072,
frame_ms,0.2544,
frame_ms,0.2208,
frame_ms,0.2079,
frame_ms,0.2391,
frame_ms,0.213,
tick_us,321.5,56
frame_ms,0.8787,
frame_ms,0.2325,
frame_ms,0.2104,
frame_ms,0.2133,
frame_ms,0.2282,
frame_ms,0.2089,
frame_ms,0.2618,
frame_ms,0.2174,
frame_ms,0.2075,
frame_ms,0.2511,
frame_ms,0.2195,
frame_ms,0.2068,
frame_ms,0.2297,
frame_ms,0.2108,
frame_ms,0.7274,
frame_ms,0.2311,
frame_ms,0.2208,
frame_ms,0.2079,
frame_ms,0.2073,
frame_ms,0.2422,
frame_ms,0.2252,
frame_ms,0.2144,
frame_ms,0.2282,
frame_ms,0.3213,
frame_ms,0.2077,
frame_ms,0.2131,
tick_us,319.2,54
frame_ms,0.9177,
frame_ms,0.2367,
frame_ms,0.2104,
frame_ms,0.2138,
frame_ms,0.209,
frame_ms,0.2127,
frame_ms,0.2432,
frame_ms,0.2328,
frame_ms,0.2118,
frame_ms,0.258,
frame_ms,0.2233,
frame_ms,0.2148,
frame_ms,0.2256,
frame_ms,0.2364,
frame_ms,0.2168,
frame_ms,0.2056,
frame_ms,0.2415,
frame_ms,0.2174,
frame_ms,0.2088,
frame_ms,0.2482,
frame_ms,0.2131,
frame_ms,0.2039,
frame_ms,0.2575,
frame_ms,0.2208,
frame_ms,0.2065,
frame_ms,0.2281,
frame_ms,0.2071,
frame_ms,0.2012,
tick_us,322.8,50
frame_ms,0.9045,
frame_ms,0.2376,
frame_ms,0.2062,
frame_ms,0.2139,
frame_ms,0.2072,
frame_ms,0.2115,
frame_ms,0.2627,
frame_ms,0.2218,
frame_ms,0.2133,
frame_ms,0.2156,
frame_ms,0.2383,
frame_ms,0.2211,
frame_ms,0.2071,
frame_ms,0.2095,
frame_ms,0.2617,
frame_ms,0.2193,
frame_ms,0.2053,
frame_ms,0.2503,
frame_ms,0.2184,
frame_ms,0.2081,
frame_ms,0.2615,
frame_ms,0.2209,
frame_ms,0.2083,
frame_ms,0.2266,
frame_ms,0.2075,
frame_ms,0.2006,
frame_ms,0.2628,
frame_ms,0.2334,
tick_us,317.1,48
frame_ms,0.851,
frame_ms,0.2286,
frame_ms,0.2043,
frame_ms,0.2363,
frame_ms,0.2216,
frame_ms,0.2123,
frame_ms,0.2112,
frame_ms,0.2678,
frame_ms,0.224,
frame_ms,0.2055,
frame_ms,0.2267,
frame_ms,0.267,
frame_ms,0.2315,
frame_ms,0.2108,
frame_ms,0.2043,
frame_ms,0.2609,
frame_ms,0.225,
frame_ms,0.2128,
frame_ms,0.418,
frame_ms,0.362,
frame_ms,0.3564,
frame_ms,0.3422,
frame_ms,0.337,
frame_ms,0.3136,
tick_us,317.8,52
frame_ms,0.8925,
frame_ms,0.2233,
frame_ms,0.2069,
frame_ms,0.2164,
frame_ms,0.2189,
frame_ms,0.2122,
frame_ms,0.241,
frame_ms,0.2689,
frame_ms,0.2663,
frame_ms,0.2338,
frame_ms,0.2277,
frame_ms,0.3257,
frame_ms,0.2271,
frame_ms,0.2236,
frame_ms,0.2395,
frame_ms,0.2324,
frame_ms,0.216,
frame_ms,0.2451,
frame_ms,0.2195,
frame_ms,0.2095,
frame_ms,0.2277,
frame_ms,0.2079,
frame_ms,0.2026,
frame_ms,0.2778,
frame_ms,0.2948,
frame_ms,0.2544,
frame_ms,0.3525,
tick_us,311,50
frame_ms,0.9623,
frame_ms,0.2454,
frame_ms,0.2138,
frame_ms,0.2166,
frame_ms,0.2327,
frame_ms,0.2149,
frame_ms,0.2265,
frame_ms,0.222,
frame_ms,0.2177,
frame_ms,0.2054,
frame_ms,0.2321,
frame_ms,0.2128,
frame_ms,0.2287,
frame_ms,0.2244,
frame_ms,0.2395,
frame_ms,0.2129,
frame_ms,0.2068,
frame_ms,0.2381,
frame_ms,0.2675,
frame_ms,0.257,
frame_ms,0.2281,
frame_ms,0.2415,
frame_ms,0.2193,
frame_ms,0.2144,
frame_ms,0.2578,
frame_ms,0.2618,
tick_us,304.6,54
frame_ms,0.862,
frame_ms,0.2351,
frame_ms,0.2088,
frame_ms,0.2244,
frame_ms,0.2106,
frame_ms,0.2068,
frame_ms,0.2412,
frame_ms,0.2169,
frame_ms,0.2058,
frame_ms,0.2357,
frame_ms,0.2192,
frame_ms,0.2115,
frame_ms,0.2531,
frame_ms,0.2183,
frame_ms,0.2052,
frame_ms,0.2514,
frame_ms,0.2201,
frame_ms,0.2058,
frame_ms,0.2353,
frame_ms,0.2308,
frame_ms,0.2107,
frame_ms,0.3546,
frame_ms,0.2272,
frame_ms,0.2115,
frame_ms,0.2714,
frame_ms,0.2209,
frame_ms,0.2058,
frame_ms,0.2285,
tick_us,308.5,56
frame_ms,0.8462,
frame_ms,0.2309,
frame_ms,0.211,
frame_ms,1.1423,
frame_ms,0.3308,
frame_ms,0.2657,
frame_ms,0.2229,
frame_ms,0.225,
frame_ms,0.2985,
frame_ms,0.2776,
frame_ms,0.2288,
frame_ms,0.2264,
frame_ms,0.2155,
frame_ms,0.2086,
frame_ms,0.2633,
frame_ms,0.2776,
frame_ms,0.2341,
frame_ms,0.2112,
frame_ms,0.2106,
frame_ms,0.2421,
frame_ms,0.2674,
frame_ms,0.2834,
tick_us,358.6,56
frame_ms,0.9569,
frame_ms,0.257,
frame_ms,0.4076,
frame_ms,0.4318,
frame_ms,0.256,
frame_ms,0.2174,
frame_ms,0.2171,
frame_ms,0.2089,
frame_ms,0.2112,
frame_ms,0.2633,
frame_ms,0.2328,
frame_ms,0.2204,
frame_ms,0.2099,
frame_ms,0.2513,
frame_ms,0.2175,
frame_ms,0.206,
frame_ms,0.224,
frame_ms,0.2701,
frame_ms,0.26,
frame_ms,0.2257,
frame_ms,0.2173,
frame_ms,0.2151,
frame_ms,0.2337,
frame_ms,0.2192,
frame_ms,0.2099,
frame_ms,0.2407,
tick_us,352.6,54
frame_ms,0.9196,
frame_ms,0.2672,
frame_ms,0.3204,
frame_ms,0.2239,
frame_ms,0.2181,
frame_ms,0.2102,
frame_ms,0.2127,
frame_ms,0.2572,
frame_ms,0.2258,
frame_ms,0.2143,
frame_ms,0.2892,
frame_ms,0.2802,
frame_ms,0.2613,
frame_ms,0.2434,
frame_ms,0.2443,
frame_ms,0.2372,
frame_ms,0.2352,
frame_ms,0.2501,
frame_ms,0.3066,
frame_ms,0.2807,
frame_ms,0.2248,
frame_ms,0.2147,
frame_ms,0.208,
frame_ms,0.2619,
frame_ms,0.2245,
tick_us,351.3,58
frame_ms,0.9124,
frame_ms,0.2325,
frame_ms,0.2121,
frame_ms,0.2272,
frame_ms,0.2195,
frame_ms,0.2138,
frame_ms,0.2425,
frame_ms,0.2524,
frame_ms,0.2298,
frame_ms,0.2206,
frame_ms,0.2166,
frame_ms,0.2362,
frame_ms,0.2192,
frame_ms,0.2192,
frame_ms,0.2117,
frame_ms,0.2386,
frame_ms,0.2265,
frame_ms,0.2114,
frame_ms,0.2131,
frame_ms,0.246,
frame_ms,0.2541,
frame_ms,0.2173,
frame_ms,0.2185,
frame_ms,0.2651,
frame_ms,0.2359,
frame_ms,0.2153,
frame_ms,0.2555,
tick_us,333.1,52
frame_ms,0.9011,
frame_ms,0.2322,
frame_ms,0.2114,
frame_ms,0.2183,
frame_ms,0.2216,
frame_ms,0.2169,
frame_ms,0.2638,
frame_ms,0.2307,
frame_ms,0.2151,
frame_ms,0.2537,
frame_ms,0.2301,
frame_ms,0.2156,
frame_ms,0.2381,
frame_ms,0.2291,
frame_ms,0.2107,
frame_ms,0.2603,
frame_ms,0.2314,
frame_ms,0.214,
frame_ms,0.2564,
frame_ms,0.4212,
frame_ms,0.3092,
frame_ms,0.2652,
frame_ms,0.2232,
frame_ms,0.2294,
frame_ms,0.2212,
frame_ms,0.2838,
tick_us,310.6,54
frame_ms,0.981,
frame_ms,0.2594,
frame_ms,0.2195,
frame_ms,0.2246,
frame_ms,0.2221,
frame_ms,0.231,
frame_ms,0.2707,
frame_ms,0.2335,
frame_ms,0.2218,
frame_ms,0.2308,
frame_ms,0.2195,
frame_ms,0.2786,
frame_ms,0.2382,
frame_ms,0.2217,
frame_ms,0.2123,
frame_ms,0.246,
frame_ms,0.2308,
frame_ms,0.2164,
frame_ms,0.2675,
frame_ms,0.2811,
frame_ms,0.2371,
frame_ms,0.224,
frame_ms,0.2153,
frame_ms,0.2142,
frame_ms,0.2658,
frame_ms,0.2927,
tick_us,315,56
frame_ms,0.8996,
frame_ms,0.2425,
frame_ms,0.2176,
frame_ms,0.2327,
frame_ms,0.2175,
frame_ms,0.2139,
frame_ms,0.2526,
frame_ms,0.2351,
frame_ms,0.2131,
frame_ms,0.2679,
frame_ms,0.2416,
frame_ms,0.2238,
frame_ms,0.2375,
frame_ms,0.2258,
frame_ms,0.2151,
frame_ms,0.2696,
frame_ms,0.2312,
frame_ms,0.2165,
frame_ms,0.2379,
frame_ms,0.2373,
frame_ms,0.227,
frame_ms,0.2164,
frame_ms,0.2591,
frame_ms,0.2358,
frame_ms,0.223,
frame_ms,0.473,
tick_us,316.2,54
frame_ms,1.4701,
frame_ms,0.2713,
frame_ms,0.2176,
frame_ms,0.2189,
frame_ms,0.2102,
frame_ms,0.2227,
frame_ms,0.2469,
frame_ms,0.2145,
frame_ms,0.215,
frame_ms,0.2395,
frame_ms,0.2295,
frame_ms,0.2189,
frame_ms,0.27,
frame_ms,0.2304,
frame_ms,0.218,
frame_ms,0.2355,
frame_ms,0.2379,
frame_ms,0.231,
frame_ms,0.2144,
frame_ms,0.2556,
frame_ms,0.2301,
frame_ms,0.216,
frame_ms,0.2671,
frame_ms,0.2308,
frame_ms,0.2136,
tick_us,336.8,52
frame_ms,0.921,
frame_ms,0.237,
frame_ms,0.2122,
frame_ms,0.2184,
frame_ms,0.2172,
frame_ms,0.2477,
frame_ms,0.2131,
frame_ms,0.2128,
frame_ms,0.2419,
frame_ms,0.2123,
frame_ms,0.2067,
frame_ms,0.289,
frame_ms,0.2614,
frame_ms,0.2324,
frame_ms,0.2247,
frame_ms,0.2199,
frame_ms,0.2161,
frame_ms,0.2697,
frame_ms,0.2317,
frame_ms,0.2186,
frame_ms,0.2217,
frame_ms,0.2501,
frame_ms,0.2148,
frame_ms,0.2151,
frame_ms,0.2152,
frame_ms,0.2417,
frame_ms,0.233,
tick_us,355.4,56
frame_ms,0.9232,
frame_ms,0.2493,
frame_ms,0.219,
frame_ms,0.2548,
frame_ms,0.2247,
frame_ms,0.2339,
frame_ms,0.2183,
frame_ms,0.7973,
frame_ms,0.3817,
frame_ms,0.3627,
frame_ms,0.3462,
frame_ms,0.3657,
frame_ms,0.3496,
frame_ms,0.3253,
frame_ms,0.2645,
frame_ms,0.3779,
frame_ms,0.5045,
frame_ms,0.2803,
frame_ms,0.2346,
tick_us,357.3,60
frame_ms,1.2394,
frame_ms,0.2469,
frame_ms,0.2189,
frame_ms,0.2208,
frame_ms,0.2251,
frame_ms,0.2167,
frame_ms,0.241,
frame_ms,0.3297,
frame_ms,0.594,
frame_ms,0.2409,
frame_ms,0.2615,
frame_ms,0.2305,
frame_ms,0.2215,
frame_ms,0.2219,
frame_ms,0.2564,
frame_ms,0.2629,
frame_ms,0.2283,
frame_ms,0.2142,
frame_ms,0.2205,
frame_ms,0.2138,
frame_ms,0.2551,
frame_ms,0.2273,
frame_ms,0.2205,
frame_ms,0.2143,
tick_us,341.3,58
frame_ms,0.9297,
frame_ms,0.2374,
frame_ms,0.216,
frame_ms,0.2186,
frame_ms,0.212,
frame_ms,0.2218,
frame_ms,0.2296,
frame_ms,0.2307,
frame_ms,0.2216,
frame_ms,0.2124,
frame_ms,0.2617,
frame_ms,0.2211,
frame_ms,0.2201,
frame_ms,0.2244,
frame_ms,0.2965,
frame_ms,0.8639,
frame_ms,0.3629,
frame_ms,0.2921,
frame_ms,0.2818,
frame_ms,0.2385,
frame_ms,0.2398,
frame_ms,0.2394,
frame_ms,0.2415,
tick_us,381.9,56
frame_ms,0.989,
frame_ms,0.336,
frame_ms,0.2742,
frame_ms,0.2508,
frame_ms,0.2709,
frame_ms,0.2488,
frame_ms,0.243,
frame_ms,0.2872,
frame_ms,0.2772,
frame_ms,0.2383,
frame_ms,0.2286,
frame_ms,0.2227,
frame_ms,0.2213,
frame_ms,0.2218,
frame_ms,0.2638,
frame_ms,0.3088,
frame_ms,0.2626,
frame_ms,0.233,
frame_ms,0.2291,
frame_ms,0.2249,
frame_ms,0.2136,
frame_ms,0.2229,
frame_ms,0.2448,
frame_ms,0.2314,
frame_ms,0.2178,
tick_us,362.2,60
frame_ms,0.9311,
frame_ms,0.2299,
frame_ms,0.2211,
frame_ms,0.241,
frame_ms,0.2182,
frame_ms,0.2183,
frame_ms,0.2202,
frame_ms,0.2448,
frame_ms,0.2237,
frame_ms,0.2182,
frame_ms,0.2206,
frame_ms,0.2916,
frame_ms,0.2881,
frame_ms,0.2346,
frame_ms,0.2258,
frame_ms,0.2174,
frame_ms,0.2226,
frame_ms,0.2146,
frame_ms,0.2478,
frame_ms,0.3535,
frame_ms,0.7948,
frame_ms,0.3649,
tick_us,352.1,62
frame_ms,1.0892,
frame_ms,0.2487,
frame_ms,0.2179,
frame_ms,0.2205,
frame_ms,0.2215,
frame_ms,0.2137,
frame_ms,0.2256,
frame_ms,0.2274,
frame_ms,0.2246,
frame_ms,0.2185,
frame_ms,0.2358,
frame_ms,0.2303,
frame_ms,0.3991,
frame_ms,0.2354,
frame_ms,0.2247,
frame_ms,0.213,
frame_ms,0.2242,
frame_ms,0.2203,
frame_ms,0.211,
frame_ms,0.2486,
frame_ms,0.2244,
frame_ms,0.2168,
frame_ms,0.245,
frame_ms,0.2252,
frame_ms,0.2156,
frame_ms,0.2261,
frame_ms,0.2458,
tick_us,339.1,60
frame_ms,0.8962,
frame_ms,0.2365,
frame_ms,0.2116,
frame_ms,0.2133,
frame_ms,0.2181,
frame_ms,0.2101,
frame_ms,0.251,
frame_ms,0.2683,
frame_ms,0.2953,
frame_ms,0.2372,
frame_ms,0.2246,
frame_ms,0.2136,
frame_ms,0.2095,
frame_ms,0.2373,
frame_ms,0.2266,
frame_ms,0.2586,
frame_ms,0.2554,
frame_ms,0.2283,
frame_ms,0.2953,
frame_ms,0.2855,
frame_ms,0.2887,
frame_ms,0.2723,
frame_ms,0.2494,
frame_ms,0.2655,
frame_ms,0.2666,
tick_us,390.8,58
frame_ms,1.4358,
frame_ms,0.3171,
frame_ms,0.2757,
frame_ms,0.2595,
frame_ms,0.3319,
frame_ms,0.247,
frame_ms,0.5053,
frame_ms,0.2746,
frame_ms,0.2408,
frame_ms,0.2313,
frame_ms,0.2276,
frame_ms,0.2187,
frame_ms,0.215,
frame_ms,0.2649,
frame_ms,0.289,
frame_ms,0.25,
frame_ms,0.2386,
frame_ms,0.2531,
frame_ms,0.2381,
frame_ms,0.2404,
frame_ms,0.2551,
frame_ms,0.2359,
tick_us,364.7,64
frame_ms,1.0133,
frame_ms,0.2778,
frame_ms,0.2678,
frame_ms,0.3107,
frame_ms,0.2406,
frame_ms,0.2431,
frame_ms,0.2351,
frame_ms,0.2259,
frame_ms,0.2178,
frame_ms,0.2281,
frame_ms,0.2492,
frame_ms,0.2237,
frame_ms,0.2157,
frame_ms,0.2446,
frame_ms,0.2206,
frame_ms,0.2351,
frame_ms,0.2183,
frame_ms,0.2787,
frame_ms,0.2417,
frame_ms,0.2183,
frame_ms,0.2429,
frame_ms,0.2261,
frame_ms,0.2176,
frame_ms,0.2408,
frame_ms,0.2292,
frame_ms,0.219,
tick_us,357.9,60
frame_ms,0.9658,
frame_ms,0.2512,
frame_ms,0.2198,
frame_ms,0.2255,
frame_ms,0.4539,
frame_ms,0.4515,
frame_ms,0.337,
frame_ms,0.2498,
frame_ms,0.2186,
frame_ms,0.2221,
frame_ms,0.214,
frame_ms,0.2151,
frame_ms,0.2107,
frame_ms,0.2425,
frame_ms,0.2622,
frame_ms,0.2302,
frame_ms,0.2109,
frame_ms,0.2102,
frame_ms,0.252,
frame_ms,0.2703,
frame_ms,0.2337,
frame_ms,0.2459,
frame_ms,0.2242,
frame_ms,0.2214,
frame_ms,0.2115,
tick_us,312.2,58
frame_ms,0.9122,
frame_ms,0.2692,
frame_ms,0.2294,
frame_ms,0.2107,
frame_ms,0.2317,
frame_ms,0.221,
frame_ms,0.2142,
frame_ms,0.2335,
frame_ms,0.216,
frame_ms,0.2095,
frame_ms,0.2416,
frame_ms,0.2153,
frame_ms,0.2104,
frame_ms,0.2289,
frame_ms,0.2634,
frame_ms,0.2239,
frame_ms,0.2144,
frame_ms,0.2294,
frame_ms,0.2487,
frame_ms,0.2574,
frame_ms,0.2282,
frame_ms,0.2143,
frame_ms,0.214,
frame_ms,0.2485,
frame_ms,0.2569,
frame_ms,0.2601,
frame_ms,0.2263,
tick_us,309.1,60
frame_ms,0.848,
frame_ms,0.232,
frame_ms,0.2221,
frame_ms,0.2192,
frame_ms,0.2135,
frame_ms,0.2085,
frame_ms,0.2555,
frame_ms,0.2263,
frame_ms,0.2142,
frame_ms,0.2277,
frame_ms,0.2113,
frame_ms,0.2799,
frame_ms,0.2295,
frame_ms,0.2096,
frame_ms,0.7038,
frame_ms,0.2977,
frame_ms,0.2429,
frame_ms,0.2105,
frame_ms,0.2166,
frame_ms,0.2082,
frame_ms,0.2091,
frame_ms,0.25,
frame_ms,0.2235,
frame_ms,0.2137,
frame_ms,0.2395,
tick_us,332.6,58
frame_ms,0.882,
frame_ms,0.2352,
frame_ms,0.2124,
frame_ms,0.2157,
frame_ms,0.2102,
frame_ms,0.211,
frame_ms,0.2625,
frame_ms,0.2322,
frame_ms,0.2139,
frame_ms,0.2176,
frame_ms,0.246,
frame_ms,0.2274,
frame_ms,0.2094,
frame_ms,0.3102,
frame_ms,0.2281,
frame_ms,0.2091,
frame_ms,0.2246,
frame_ms,0.2345,
frame_ms,0.2173,
frame_ms,0.2066,
frame_ms,0.2284,
frame_ms,0.2164,
frame_ms,0.2061,
frame_ms,0.2333,
frame_ms,0.2948,
frame_ms,0.2538,
frame_ms,0.2389,
frame_ms,0.2236,
tick_us,346,62
frame_ms,0.9375,
frame_ms,0.2409,
frame_ms,0.2142,
frame_ms,0.2154,
frame_ms,0.211,
frame_ms,0.2095,
frame_ms,0.2695,
frame_ms,0.272,
frame_ms,0.2322,
frame_ms,0.2325,
frame_ms,0.2219,
frame_ms,0.2129,
frame_ms,0.2368,
frame_ms,0.3996,
frame_ms,0.3888,
frame_ms,0.3735,
frame_ms,0.3427,
frame_ms,0.537,
frame_ms,0.3105,
frame_ms,0.2294,
frame_ms,0.2113,
frame_ms,0.2075,
frame_ms,0.2077,
tick_us,342.7,60
frame_ms,0.9357,
frame_ms,0.2362,
frame_ms,0.214,
frame_ms,0.2132,
frame_ms,0.2135,
frame_ms,0.221,
frame_ms,0.2557,
frame_ms,0.225,
frame_ms,0.2146,
frame_ms,0.228,
frame_ms,0.2319,
frame_ms,0.2237,
frame_ms,0.2119,
frame_ms,0.2299,
frame_ms,0.215,
frame_ms,0.2778,
frame_ms,0.2273,
frame_ms,0.2101,
frame_ms,0.2292,
frame_ms,0.2232,
frame_ms,0.2254,
frame_ms,0.2093,
frame_ms,0.2705,
frame_ms,0.2275,
frame_ms,0.2136,
frame_ms,0.2089,
frame_ms,0.2501,
tick_us,330.3,58
frame_ms,0.8811,
frame_ms,0.2302,
frame_ms,0.2095,
frame_ms,0.2129,
frame_ms,0.217,
frame_ms,0.2105,
frame_ms,0.2384,
frame_ms,0.2206,
frame_ms,0.2121,
frame_ms,0.2174,
frame_ms,0.2451,
frame_ms,0.2228,
frame_ms,0.2075,
frame_ms,0.2567,
frame_ms,0.2175,
frame_ms,0.2069,
frame_ms,0.2404,
frame_ms,0.2157,
frame_ms,0.2151,
frame_ms,0.2418,
frame_ms,0.2218,
frame_ms,0.2145,
frame_ms,0.2446,
frame_ms,0.2101,
frame_ms,0.2032,
frame_ms,0.2461,
frame_ms,0.2275,
frame_ms,0.2114,
tick_us,320.6,52
frame_ms,1.1962,
frame_ms,0.4373,
frame_ms,0.3486,
frame_ms,0.3294,
frame_ms,0.2466,
frame_ms,0.2151,
frame_ms,0.2174,
frame_ms,0.2123,
frame_ms,0.2106,
frame_ms,0.2813,
frame_ms,0.2532,
frame_ms,0.2143,
frame_ms,0.2106,
frame_ms,0.2745,
frame_ms,0.2299,
frame_ms,0.2093,
frame_ms,0.2519,
frame_ms,0.219,
frame_ms,0.2062,
frame_ms,0.2498,
frame_ms,0.2252,
frame_ms,0.2096,
frame_ms,0.23,
frame_ms,0.2317,
frame_ms,0.2122,
tick_us,367.1,50
frame_ms,0.928,
frame_ms,0.2399,
frame_ms,0.3028,
frame_ms,0.2863,
frame_ms,0.2437,
frame_ms,0.234,
frame_ms,0.2454,
frame_ms,0.2336,
frame_ms,0.2407,
frame_ms,0.24,
frame_ms,0.2275,
frame_ms,0.2151,
frame_ms,0.2678,
frame_ms,0.2263,
frame_ms,0.2127,
frame_ms,0.2468,
frame_ms,0.2982,
frame_ms,0.2288,
frame_ms,0.2078,
frame_ms,0.2044,
frame_ms,0.2915,
frame_ms,0.2263,
frame_ms,0.2068,
frame_ms,0.2276,
frame_ms,0.2085,
frame_ms,0.201,
tick_us,331.2,54
frame_ms,0.9357,
frame_ms,0.241,
frame_ms,0.2109,
frame_ms,0.2118,
frame_ms,0.2112,
frame_ms,0.2183,
frame_ms,0.2458,
frame_ms,0.2131,
frame_ms,0.2233,
frame_ms,0.465,
frame_ms,0.3352,
frame_ms,0.2507,
frame_ms,0.2258,
frame_ms,0.2259,
frame_ms,0.2234,
frame_ms,0.2224,
frame_ms,0.22,
frame_ms,0.2528,
frame_ms,0.2205,
frame_ms,0.2157,
frame_ms,0.2157,
frame_ms,0.2369,
frame_ms,0.2318,
frame_ms,0.2153,
frame_ms,0.2146,
frame_ms,0.2394,
tick_us,348.5,52
frame_ms,0.9189,
frame_ms,0.2385,
frame_ms,0.2146,
frame_ms,0.2205,
frame_ms,0.2158,
frame_ms,0.2125,
frame_ms,0.273,
frame_ms,0.2588,
frame_ms,0.2246,
frame_ms,0.2145,
frame_ms,0.243,
frame_ms,0.225,
frame_ms,0.2163,
frame_ms,0.2092,
frame_ms,0.2542,
frame_ms,0.2642,
frame_ms,0.2536,
frame_ms,0.2156,
frame_ms,0.2093,
frame_ms,0.2599,
frame_ms,0.2447,
frame_ms,0.2176,
frame_ms,0.2121,
frame_ms,0.2596,
frame_ms,0.2281,
frame_ms,0.2122,
frame_ms,0.2267,
tick_us,342.4,54
frame_ms,1.012,
frame_ms,0.3709,
frame_ms,0.32,
frame_ms,0.3032,
frame_ms,0.2512,
frame_ms,0.3214,
frame_ms,0.279,
frame_ms,0.2426,
frame_ms,0.2314,
frame_ms,0.2404,
frame_ms,0.2355,
frame_ms,0.2295,
frame_ms,0.2487,
frame_ms,2.1459,
tick_us,392.8,52
frame_ms,1.939,
frame_ms,0.4067,
frame_ms,0.2616,
frame_ms,0.2469,
frame_ms,0.2369,
frame_ms,0.2354,
frame_ms,0.2433,
frame_ms,0.2318,
frame_ms,0.231,
frame_ms,0.225,
frame_ms,0.2944,
frame_ms,0.2247,
frame_ms,0.2161,
frame_ms,0.2162,
frame_ms,0.2647,
frame_ms,0.2311,
frame_ms,0.2165,
frame_ms,0.2209,
frame_ms,0.2512,
frame_ms,0.2852,
frame_ms,0.2448,
frame_ms,0.2291,
frame_ms,0.2239,
tick_us,350.3,56
frame_ms,1.012,
frame_ms,0.2437,
frame_ms,0.219,
frame_ms,0.223,
frame_ms,0.2162,
frame_ms,0.2135,
frame_ms,0.2745,
frame_ms,0.3477,
frame_ms,0.3251,
frame_ms,0.3734,
frame_ms,0.4043,
frame_ms,0.3612,
frame_ms,0.3021,
frame_ms,0.2408,
frame_ms,0.2576,
frame_ms,0.2159,
frame_ms,0.2158,
frame_ms,0.2234,
frame_ms,0.2306,
frame_ms,0.2997,
frame_ms,0.299,
frame_ms,0.2478,
frame_ms,0.2268,
tick_us,357.2,58
frame_ms,0.9289,
frame_ms,0.2492,
frame_ms,0.2211,
frame_ms,0.2178,
frame_ms,0.2211,
frame_ms,0.2278,
frame_ms,0.232,
frame_ms,0.2124,
frame_ms,0.28,
frame_ms,0.2336,
frame_ms,0.2204,
frame_ms,0.214,
frame_ms,0.2577,
frame_ms,0.2246,
frame_ms,0.2162,
frame_ms,0.238,
frame_ms,0.2153,
frame_ms,0.2101,
frame_ms,0.2523,
frame_ms,0.2429,
frame_ms,0.2491,
frame_ms,0.2256,
frame_ms,0.2696,
frame_ms,0.2294,
frame_ms,0.2166,
frame_ms,0.2581,
frame_ms,0.2247,
tick_us,349.1,60
frame_ms,0.9041,
frame_ms,0.228,
frame_ms,0.2111,
frame_ms,0.2254,
frame_ms,0.2167,
frame_ms,0.2146,
frame_ms,0.2456,
frame_ms,0.2253,
frame_ms,0.2155,
frame_ms,0.2512,
frame_ms,0.2184,
frame_ms,0.2088,
frame_ms,0.2619,
frame_ms,0.2164,
frame_ms,0.2218,
frame_ms,0.2114,
frame_ms,0.2462,
frame_ms,0.2212,
frame_ms,0.2126,
frame_ms,0.2458,
frame_ms,0.2238,
frame_ms,0.2138,
frame_ms,0.2607,
frame_ms,0.2245,
frame_ms,0.21,
frame_ms,0.2447,
frame_ms,0.2472,
frame_ms,0.216,
tick_us,353.4,62
frame_ms,1.035,
frame_ms,0.3772,
frame_ms,0.242,
frame_ms,0.2335,
frame_ms,0.2245,
frame_ms,0.2161,
frame_ms,0.2106,
frame_ms,0.2555,
frame_ms,0.2264,
frame_ms,0.2121,
frame_ms,0.2257,
frame_ms,0.2272,
frame_ms,0.2215,
frame_ms,0.245,
frame_ms,0.2118,
frame_ms,0.2492,
frame_ms,0.2229,
frame_ms,0.2102,
frame_ms,0.2607,
frame_ms,0.2214,
frame_ms,0.209,
frame_ms,0.2091,
frame_ms,0.2509,
frame_ms,0.2268,
frame_ms,0.2102,
frame_ms,0.2313,
tick_us,341.5,62
frame_ms,0.8972,
frame_ms,0.2449,
frame_ms,0.2197,
frame_ms,0.2209,
frame_ms,0.217,
frame_ms,0.2102,
frame_ms,0.2862,
frame_ms,0.2232,
frame_ms,0.2145,
frame_ms,0.2102,
frame_ms,0.2157,
frame_ms,0.2443,
frame_ms,0.219,
frame_ms,0.2041,
frame_ms,0.2541,
frame_ms,0.2228,
frame_ms,0.2142,
frame_ms,0.2244,
frame_ms,0.2383,
frame_ms,0.2194,
frame_ms,0.221,
frame_ms,0.2303,
frame_ms,0.257,
frame_ms,0.3442,
frame_ms,0.236,
frame_ms,0.2252,
frame_ms,0.2274,
tick_us,355.3,62
frame_ms,0.928,
frame_ms,0.2418,
frame_ms,0.2166,
frame_ms,0.2236,
frame_ms,0.2181,
frame_ms,0.2158,
frame_ms,0.2181,
frame_ms,0.2673,
frame_ms,0.2779,
frame_ms,0.3604,
frame_ms,0.4338,
frame_ms,0.2638,
frame_ms,0.2415,
frame_ms,0.2453,
frame_ms,0.239,
frame_ms,0.2447,
frame_ms,0.2693,
frame_ms,0.2537,
frame_ms,0.2277,
frame_ms,0.2153,
frame_ms,0.2169,
frame_ms,0.2659,
frame_ms,0.236,
frame_ms,0.2386,
tick_us,337,60
frame_ms,0.9731,
frame_ms,0.2614,
frame_ms,0.2389,
frame_ms,0.223,
frame_ms,0.2728,
frame_ms,0.2435,
frame_ms,0.2293,
frame_ms,0.2158,
frame_ms,0.2186,
frame_ms,0.2152,
frame_ms,0.2513,
frame_ms,0.2696,
frame_ms,0.2342,
frame_ms,0.2257,
frame_ms,0.225,
frame_ms,0.2123,
frame_ms,0.242,
frame_ms,0.2182,
frame_ms,0.2199,
frame_ms,0.238,
frame_ms,0.2229,
frame_ms,0.2145,
frame_ms,0.2287,
frame_ms,0.2337,
frame_ms,0.2155,
frame_ms,0.2137,
frame_ms,0.2276,
frame_ms,0.2172,
tick_us,347.4,58
frame_ms,0.8943,
frame_ms,0.2344,
frame_ms,0.2105,
frame_ms,0.221,
frame_ms,0.2074,
frame_ms,0.2354,
frame_ms,0.2147,
frame_ms,0.267,
frame_ms,0.2292,
frame_ms,0.2101,
frame_ms,0.2568,
frame_ms,0.2249,
frame_ms,0.2114,
frame_ms,0.225,
frame_ms,0.2104,
frame_ms,0.2792,
frame_ms,0.2256,
frame_ms,0.2132,
frame_ms,0.2618,
frame_ms,0.9697,
frame_ms,0.2931,
frame_ms,0.2238,
frame_ms,0.2217,
frame_ms,0.2187,
tick_us,341.4,48
frame_ms,0.9214,
frame_ms,0.2368,
frame_ms,0.2139,
frame_ms,0.2167,
frame_ms,0.2131,
frame_ms,0.2548,
frame_ms,0.2256,
frame_ms,0.2268,
frame_ms,0.2153,
frame_ms,0.294,
frame_ms,0.2805,
frame_ms,0.2382,
frame_ms,0.2324,
frame_ms,0.2226,
frame_ms,0.2589,
frame_ms,0.2615,
frame_ms,0.2239,
frame_ms,0.2145,
frame_ms,0.2351,
frame_ms,0.2193,
frame_ms,0.2166,
frame_ms,0.2265,
frame_ms,0.2315,
frame_ms,0.2542,
frame_ms,0.2729,
frame_ms,0.2317,
tick_us,329.6,44
frame_ms,0.8827,
frame_ms,0.2314,
frame_ms,0.2226,
frame_ms,0.2242,
frame_ms,0.2191,
frame_ms,0.217,
frame_ms,0.2122,
frame_ms,0.2643,
frame_ms,0.2644,
frame_ms,0.2255,
frame_ms,0.2122,
frame_ms,0.2125,
frame_ms,0.2373,
frame_ms,0.2212,
frame_ms,0.2195,
frame_ms,0.2244,
frame_ms,0.2382,
frame_ms,0.2179,
frame_ms,0.2075,
frame_ms,0.2464,
frame_ms,0.2381,
frame_ms,0.2153,
frame_ms,0.2083,
frame_ms,0.2497,
frame_ms,0.2251,
frame_ms,0.2117,
frame_ms,0.2263,
frame_ms,0.2183,
tick_us,360.7,44
frame_ms,1.0135,
frame_ms,0.324,
frame_ms,0.285,
frame_ms,0.2427,
frame_ms,0.2329,
frame_ms,0.2517,
frame_ms,0.2357,
frame_ms,0.235,
frame_ms,0.2359,
frame_ms,0.2288,
frame_ms,0.232,
frame_ms,0.2303,
frame_ms,0.3101,
frame_ms,0.3708,
frame_ms,0.2495,
frame_ms,0.216,
frame_ms,0.2213,
frame_ms,0.2224,
frame_ms,0.2121,
frame_ms,0.2745,
frame_ms,0.2092,
frame_ms,0.2588,
frame_ms,0.2259,
frame_ms,0.2118,
frame_ms,0.226,
tick_us,337.1,42
frame_ms,0.9182,
frame_ms,0.2381,
frame_ms,0.2134,
frame_ms,0.2157,
frame_ms,0.2111,
frame_ms,0.2143,
frame_ms,0.2325,
frame_ms,0.2362,
frame_ms,0.2148,
frame_ms,0.2128,
frame_ms,0.2449,
frame_ms,0.2264,
frame_ms,0.2109,
frame_ms,0.274,
frame_ms,0.2253,
frame_ms,0.212,
frame_ms,0.2281,
frame_ms,0.2117,
frame_ms,0.2626,
frame_ms,0.2283,
frame_ms,0.212,
frame_ms,0.2314,
frame_ms,0.2422,
frame_ms,0.2225,
frame_ms,0.2187,
frame_ms,0.223,
frame_ms,0.2265,
tick_us,341.5,44
frame_ms,0.9106,
frame_ms,0.2344,
frame_ms,0.2093,
frame_ms,0.2113,
frame_ms,0.2048,
frame_ms,0.2102,
frame_ms,0.2717,
frame_ms,0.2304,
frame_ms,0.5624,
frame_ms,0.4659,
frame_ms,0.251,
frame_ms,0.2484,
frame_ms,0.3211,
frame_ms,0.2796,
frame_ms,0.2212,
frame_ms,0.2226,
frame_ms,0.2217,
frame_ms,0.2183,
frame_ms,0.2271,
frame_ms,0.2356,
frame_ms,0.2487,
frame_ms,0.2697,
frame_ms,0.231,
frame_ms,0.2211,
tick_us,336.3,46
frame_ms,0.9484,
frame_ms,0.2527,
frame_ms,0.2174,
frame_ms,0.2157,
frame_ms,0.208,
frame_ms,0.2081,
frame_ms,0.2637,
frame_ms,0.2295,
frame_ms,0.2133,
frame_ms,0.2362,
frame_ms,0.2133,
frame_ms,0.2083,
frame_ms,0.2287,
frame_ms,0.2223,
frame_ms,0.222,
frame_ms,0.2112,
frame_ms,0.2455,
frame_ms,0.2211,
frame_ms,0.2176,
frame_ms,0.2454,
frame_ms,0.2304,
frame_ms,0.2287,
frame_ms,0.2599,
frame_ms,0.2715,
frame_ms,0.2305,
frame_ms,0.2264,
frame_ms,0.2165,
frame_ms,0.2161,
tick_us,355.5,40
frame_ms,0.9485,
frame_ms,0.2377,
frame_ms,0.218,
frame_ms,0.2196,
frame_ms,0.2112,
frame_ms,0.2192,
frame_ms,0.2762,
frame_ms,0.2367,
frame_ms,0.2162,
frame_ms,0.2468,
frame_ms,0.2176,
frame_ms,0.239,
frame_ms,0.6078,
frame_ms,0.3309,
frame_ms,0.2509,
frame_ms,0.2156,
frame_ms,0.2174,
frame_ms,0.2159,
frame_ms,0.2114,
frame_ms,0.2589,
frame_ms,0.2265,
frame_ms,0.2375,
frame_ms,0.2148,
frame_ms,0.2537,
frame_ms,0.2244,
tick_us,334.5,42
frame_ms,0.9497,
frame_ms,0.2332,
frame_ms,0.2162,
frame_ms,0.2304,
frame_ms,0.218,
frame_ms,0.2108,
frame_ms,0.2302,
frame_ms,0.2195,
frame_ms,0.2101,
frame_ms,0.2531,
frame_ms,0.2648,
frame_ms,0.2346,
frame_ms,0.2165,
frame_ms,0.2299,
frame_ms,0.2183,
frame_ms,0.2559,
frame_ms,0.2175,
frame_ms,0.2206,
frame_ms,0.2109,
frame_ms,0.2467,
frame_ms,0.2702,
frame_ms,0.2324,
frame_ms,0.2222,
frame_ms,0.2157,
frame_ms,0.216,
frame_ms,0.2416,
frame_ms,0.2469,
tick_us,336.1,48
frame_ms,0.8966,
frame_ms,0.237,
frame_ms,0.2846,
frame_ms,0.2267,
frame_ms,0.2188,
frame_ms,0.2085,
frame_ms,0.212,
frame_ms,0.2797,
frame_ms,0.232,
frame_ms,0.2128,
frame_ms,0.2101,
frame_ms,0.2446,
frame_ms,0.2211,
frame_ms,0.2067,
frame_ms,0.2289,
frame_ms,0.2218,
frame_ms,0.2083,
frame_ms,0.2665,
frame_ms,0.2278,
frame_ms,0.2607,
frame_ms,0.2942,
frame_ms,0.2615,
frame_ms,0.2289,
frame_ms,0.218,
frame_ms,0.2634,
frame_ms,0.2167,
tick_us,368.9,50
frame_ms,0.935,
frame_ms,0.2698,
frame_ms,0.2309,
frame_ms,0.2094,
frame_ms,0.2083,
frame_ms,0.2186,
frame_ms,0.2878,
frame_ms,0.2325,
frame_ms,0.2201,
frame_ms,0.21,
frame_ms,0.2723,
frame_ms,0.2513,
frame_ms,0.2087,
frame_ms,0.2069,
frame_ms,0.2528,
frame_ms,0.2215,
frame_ms,0.208,
frame_ms,0.2313,
frame_ms,0.2114,
frame_ms,0.2049,
frame_ms,0.2308,
frame_ms,0.2151,
frame_ms,0.2111,
frame_ms,0.2311,
frame_ms,0.215,
frame_ms,0.2347,
frame_ms,0.2919,
tick_us,330.8,48
frame_ms,0.9639,
frame_ms,0.2512,
frame_ms,0.216,
frame_ms,0.2212,
frame_ms,0.2663,
frame_ms,0.2417,
frame_ms,0.2212,
frame_ms,0.2127,
frame_ms,0.2089,
frame_ms,0.2464,
frame_ms,0.2186,
frame_ms,0.207,
frame_ms,0.4213,
frame_ms,0.38,
frame_ms,0.4172,
frame_ms,0.346,
frame_ms,0.3543,
frame_ms,0.3423,
frame_ms,0.3407,
frame_ms,0.3392,
frame_ms,0.4799,
tick_us,315.7,58
frame_ms,0.9276,
frame_ms,0.2315,
frame_ms,0.2206,
frame_ms,0.2196,
frame_ms,0.2236,
frame_ms,0.2473,
frame_ms,0.2159,
frame_ms,0.2399,
frame_ms,0.2211,
frame_ms,0.2087,
frame_ms,0.2422,
frame_ms,0.2229,
frame_ms,0.2194,
frame_ms,0.2271,
frame_ms,0.2153,
frame_ms,0.2691,
frame_ms,0.2267,
frame_ms,0.2098,
frame_ms,0.2282,
frame_ms,0.2317,
frame_ms,0.2243,
frame_ms,0.2161,
frame_ms,0.2273,
frame_ms,0.2281,
frame_ms,0.3464,
frame_ms,0.3985,
tick_us,361.7,58
frame_ms,1.0382,
frame_ms,0.3243,
frame_ms,0.2494,
frame_ms,0.2213,
frame_ms,0.2156,
frame_ms,0.2095,
frame_ms,0.2124,
frame_ms,0.2504,
frame_ms,0.2687,
frame_ms,0.2318,
frame_ms,0.221,
frame_ms,0.2119,
frame_ms,0.2484,
frame_ms,0.2566,
frame_ms,0.2252,
frame_ms,0.2148,
frame_ms,0.208,
frame_ms,0.2658,
frame_ms,0.2264,
frame_ms,0.2095,
frame_ms,0.2274,
frame_ms,0.2314,
frame_ms,0.2135,
frame_ms,0.2179,
frame_ms,0.239,
frame_ms,0.2193,
frame_ms,0.2338,
tick_us,329.4,56
frame_ms,0.9299,
frame_ms,0.4987,
frame_ms,0.3608,
frame_ms,0.3095,
frame_ms,0.2402,
frame_ms,0.2106,
frame_ms,0.2114,
frame_ms,0.2106,
frame_ms,0.2599,
frame_ms,0.2277,
frame_ms,0.2151,
frame_ms,0.2352,
frame_ms,0.2712,
frame_ms,0.2373,
frame_ms,0.2181,
frame_ms,0.208,
frame_ms,0.2673,
frame_ms,0.2213,
frame_ms,0.2144,
frame_ms,0.2272,
frame_ms,0.237,
frame_ms,0.2141,
frame_ms,0.2054,
frame_ms,0.2371,
frame_ms,0.219,
frame_ms,0.207,
tick_us,328.9,58
frame_ms,0.9091,
frame_ms,0.2374,
frame_ms,0.2233,
frame_ms,0.2179,
frame_ms,0.2065,
frame_ms,0.2183,
frame_ms,0.2418,
frame_ms,0.2167,
frame_ms,0.2078,
frame_ms,0.2331,
frame_ms,0.238,
frame_ms,0.2784,
frame_ms,0.2495,
frame_ms,0.2412,
frame_ms,0.2374,
frame_ms,0.2336,
frame_ms,0.2334,
frame_ms,0.2825,
frame_ms,0.2365,
frame_ms,0.235,
frame_ms,0.2331,
frame_ms,0.2746,
frame_ms,0.2308,
frame_ms,0.2337,
frame_ms,0.2351,
frame_ms,0.2513,
tick_us,311.8,56
frame_ms,0.9813,
frame_ms,0.2618,
frame_ms,0.2219,
frame_ms,0.2196,
frame_ms,0.2296,
frame_ms,0.2437,
frame_ms,0.2284,
frame_ms,0.2226,
frame_ms,0.2146,
frame_ms,0.3111,
frame_ms,0.2503,
frame_ms,0.2332,
frame_ms,0.2414,
frame_ms,0.2187,
frame_ms,0.219,
frame_ms,0.254,
frame_ms,0.2297,
frame_ms,0.2185,
frame_ms,0.2483,
frame_ms,0.2283,
frame_ms,0.217,
frame_ms,0.2423,
frame_ms,0.2219,
frame_ms,0.2176,
frame_ms,0.2365,
frame_ms,0.2224,
tick_us,328.5,58
frame_ms,0.9486,
frame_ms,0.2555,
frame_ms,0.2124,
frame_ms,0.2185,
frame_ms,0.2167,
frame_ms,0.2439,
frame_ms,0.2332,
frame_ms,0.2116,
frame_ms,0.2564,
frame_ms,0.2333,
frame_ms,0.215,
frame_ms,0.267,
frame_ms,0.2311,
frame_ms,0.2175,
frame_ms,0.2558,
frame_ms,0.2322,
frame_ms,0.2169,
frame_ms,0.267,
frame_ms,0.2296,
frame_ms,0.2108,
frame_ms,0.2728,
frame_ms,0.2391,
frame_ms,0.2148,
frame_ms,0.2607,
frame_ms,0.2292,
frame_ms,0.2147,
frame_ms,0.2686,
tick_us,327.8,60
frame_ms,0.9007,
frame_ms,0.2332,
frame_ms,0.2147,
frame_ms,0.2283,
frame_ms,0.236,
frame_ms,0.2165,
frame_ms,0.2307,
frame_ms,0.2136,
frame_ms,0.2381,
frame_ms,0.2161,
frame_ms,0.2074,
frame_ms,0.2617,
frame_ms,0.2261,
frame_ms,0.2161,
frame_ms,0.4481,
frame_ms,0.2473,
frame_ms,0.23,
frame_ms,0.2223,
frame_ms,0.2225,
frame_ms,0.2272,
frame_ms,0.2423,
frame_ms,0.265,
frame_ms,0.2501,
frame_ms,0.2279,
frame_ms,0.227,
frame_ms,0.2152,
tick_us,342.9,62
frame_ms,0.9452,
frame_ms,0.2588,
frame_ms,0.2213,
frame_ms,0.2214,
frame_ms,0.2189,
frame_ms,0.2471,
frame_ms,0.2193,
frame_ms,0.2379,
frame_ms,0.231,
frame_ms,0.2136,
frame_ms,0.2399,
frame_ms,0.2114,
frame_ms,0.215,
frame_ms,0.2636,
frame_ms,0.2316,
frame_ms,0.2154,
frame_ms,0.2578,
frame_ms,0.2296,
frame_ms,0.2161,
frame_ms,0.2237,
frame_ms,0.2115,
frame_ms,0.2123,
frame_ms,0.2785,
frame_ms,0.2257,
frame_ms,0.2834,
frame_ms,0.2312,
frame_ms,0.2163,
tick_us,330.4,56
frame_ms,0.9375,
frame_ms,0.2382,
frame_ms,0.2136,
frame_ms,0.22,
frame_ms,0.2162,
frame_ms,0.2174,
frame_ms,0.2358,
frame_ms,0.2083,
frame_ms,0.2421,
frame_ms,0.2221,
frame_ms,0.2177,
frame_ms,0.2581,
frame_ms,0.2555,
frame_ms,0.2235,
frame_ms,0.2345,
frame_ms,0.267,
frame_ms,0.2463,
frame_ms,0.2156,
frame_ms,0.2241,
frame_ms,0.2348,
frame_ms,0.2275,
frame_ms,0.2147,
frame_ms,0.2527,
frame_ms,0.228,
frame_ms,0.2091,
frame_ms,0.2475,
frame_ms,0.2223,
tick_us,319.5,52
frame_ms,0.8702,
frame_ms,0.2342,
frame_ms,0.2153,
frame_ms,0.2543,
frame_ms,0.2617,
frame_ms,0.2281,
frame_ms,0.2406,
frame_ms,0.2193,
frame_ms,0.208,
frame_ms,0.2364,
frame_ms,0.255,
frame_ms,0.273,
frame_ms,0.2344,
frame_ms,0.2316,
frame_ms,0.2208,
frame_ms,0.2241,
frame_ms,0.2194,
frame_ms,0.2406,
frame_ms,0.2852,
frame_ms,0.2227,
frame_ms,0.2118,
frame_ms,0.2551,
frame_ms,0.2744,
frame_ms,0.237,
frame_ms,0.2292,
frame_ms,0.2203,
frame_ms,0.2156,
tick_us,358.1,52
frame_ms,0.959,
frame_ms,0.2398,
frame_ms,0.2183,
frame_ms,0.2273,
frame_ms,0.232,
frame_ms,0.2231,
frame_ms,0.2237,
frame_ms,0.2773,
frame_ms,0.3223,
frame_ms,0.2659,
frame_ms,0.223,
frame_ms,0.2207,
frame_ms,0.2154,
frame_ms,0.2141,
frame_ms,0.2669,
frame_ms,0.2741,
frame_ms,0.2341,
frame_ms,0.224,
frame_ms,0.2186,
frame_ms,0.2165,
frame_ms,0.2413,
frame_ms,0.2185,
frame_ms,0.239,
frame_ms,0.2149,
frame_ms,0.262,
frame_ms,0.2313,
tick_us,341.5,50
frame_ms,1.2583,
frame_ms,0.2747,
frame_ms,0.2317,
frame_ms,0.2136,
frame_ms,0.3452,
frame_ms,0.2336,
frame_ms,0.212,
frame_ms,0.212,
frame_ms,0.2139,
frame_ms,0.2617,
frame_ms,0.2298,
frame_ms,0.2186,
frame_ms,0.2687,
frame_ms,0.2284,
frame_ms,0.2246,
frame_ms,0.2436,
frame_ms,0.2241,
frame_ms,0.2238,
frame_ms,0.2526,
frame_ms,0.2249,
frame_ms,0.2225,
frame_ms,0.22,
frame_ms,0.2686,
frame_ms,0.235,
frame_ms,0.2153,
tick_us,334.7,48
frame_ms,0.9311,
frame_ms,0.2409,
frame_ms,0.2178,
frame_ms,0.22,
frame_ms,0.2539,
frame_ms,0.2247,
frame_ms,0.2446,
frame_ms,0.2307,
frame_ms,0.2167,
frame_ms,0.2537,
frame_ms,0.2338,
frame_ms,0.2163,
frame_ms,0.212,
frame_ms,0.2417,
frame_ms,0.2235,
frame_ms,0.2156,
frame_ms,0.2111,
frame_ms,0.2408,
frame_ms,0.2252,
frame_ms,0.2123,
frame_ms,0.2373,
frame_ms,0.2145,
frame_ms,0.3348,
frame_ms,0.3092,
frame_ms,0.2522,
frame_ms,0.2509,
tick_us,374.1,50
frame_ms,0.9881,
frame_ms,0.2601,
frame_ms,1.0896,
frame_ms,0.5108,
frame_ms,0.2428,
frame_ms,0.2778,
frame_ms,0.2191,
frame_ms,0.223,
frame_ms,0.2168,
frame_ms,0.2163,
frame_ms,0.3107,
frame_ms,0.2917,
frame_ms,0.2529,
frame_ms,0.232,
frame_ms,0.2145,
frame_ms,0.2154,
frame_ms,0.2413,
frame_ms,0.2109,
frame_ms,0.2675,
frame_ms,0.2126,
frame_ms,0.2337,
frame_ms,0.2152,
tick_us,345.8,50
frame_ms,0.9061,
frame_ms,0.2604,
frame_ms,0.2325,
frame_ms,0.2246,
frame_ms,0.2237,
frame_ms,0.2241,
frame_ms,0.2416,
frame_ms,0.2193,
frame_ms,0.2369,
frame_ms,0.3227,
frame_ms,0.332,
frame_ms,0.2437,
frame_ms,0.2287,
frame_ms,0.2275,
frame_ms,0.2245,
frame_ms,0.2273,
frame_ms,0.4132,
frame_ms,0.5026,
frame_ms,0.2261,
frame_ms,0.2141,
frame_ms,0.2256,
frame_ms,0.2249,
frame_ms,0.2226,
frame_ms,0.2387,
tick_us,330.3,46
frame_ms,0.9554,
frame_ms,0.2448,
frame_ms,0.2262,
frame_ms,0.2295,
frame_ms,0.2518,
frame_ms,0.219,
frame_ms,0.2211,
frame_ms,0.2429,
frame_ms,0.2815,
frame_ms,0.3226,
frame_ms,0.3178,
frame_ms,0.2814,
frame_ms,0.2383,
frame_ms,0.2399,
frame_ms,0.2519,
frame_ms,0.3199,
frame_ms,0.3344,
frame_ms,0.4489,
frame_ms,0.2236,
frame_ms,0.2312,
frame_ms,0.2248,
frame_ms,0.2171,
frame_ms,0.2264,
frame_ms,0.2171,
tick_us,332,46
frame_ms,0.927,
frame_ms,0.3127,
frame_ms,0.2445,
frame_ms,0.2218,
frame_ms,0.2287,
frame_ms,0.2366,
frame_ms,0.2253,
frame_ms,0.2438,
frame_ms,0.2185,
frame_ms,0.2789,
frame_ms,0.3164,
frame_ms,0.2345,
frame_ms,0.2262,
frame_ms,0.2183,
frame_ms,0.2188,
frame_ms,0.2417,
frame_ms,0.2195,
frame_ms,0.2215,
frame_ms,0.239,
frame_ms,0.2301,
frame_ms,0.2196,
frame_ms,0.2714,
frame_ms,0.3101,
frame_ms,0.2337,
frame_ms,0.2242,
frame_ms,0.221,
tick_us,361.2,42
frame_ms,0.9295,
frame_ms,0.2367,
frame_ms,0.2143,
frame_ms,0.2181,
frame_ms,0.213,
frame_ms,0.211,
frame_ms,0.3008,
frame_ms,0.2817,
frame_ms,0.2442,
frame_ms,0.2232,
frame_ms,0.222,
frame_ms,0.5196,
frame_ms,0.2876,
frame_ms,0.2312,
frame_ms,0.2258,
frame_ms,0.4368,
frame_ms,0.4366,
frame_ms,0.4021,
frame_ms,0.3611,
frame_ms,0.3447,
frame_ms,0.3492,
tick_us,442.5,40
frame_ms,1.1372,
frame_ms,0.284,
frame_ms,0.2402,
frame_ms,0.2256,
frame_ms,0.2141,
frame_ms,0.2147,
frame_ms,0.2568,
frame_ms,0.2155,
frame_ms,0.2109,
frame_ms,0.2147,
frame_ms,0.2633,
frame_ms,0.4189,
frame_ms,0.2486,
frame_ms,0.2199,
frame_ms,0.2247,
frame_ms,0.2122,
frame_ms,0.2311,
frame_ms,0.2221,
frame_ms,0.2381,
frame_ms,0.2171,
frame_ms,0.2851,
frame_ms,0.2326,
frame_ms,0.2166,
frame_ms,0.2495,
frame_ms,0.2318,
tick_us,349.8,44
frame_ms,0.912,
frame_ms,0.2359,
frame_ms,0.214,
frame_ms,0.2315,
frame_ms,0.2217,
frame_ms,0.2173,
frame_ms,0.2182,
frame_ms,0.2483,
frame_ms,0.2332,
frame_ms,0.2136,
frame_ms,0.2709,
frame_ms,0.2373,
frame_ms,0.2117,
frame_ms,0.3032,
frame_ms,0.2613,
frame_ms,0.2296,
frame_ms,0.2127,
frame_ms,0.2262,
frame_ms,0.2479,
frame_ms,0.2142,
frame_ms,0.2405,
frame_ms,0.2883,
frame_ms,0.2707,
frame_ms,0.2355,
frame_ms,0.5028,
tick_us,359.1,42
frame_ms,0.9638,
frame_ms,0.2354,
frame_ms,0.2173,
frame_ms,0.2291,
frame_ms,0.2253,
frame_ms,0.2174,
frame_ms,0.2203,
frame_ms,0.2342,
frame_ms,0.2255,
frame_ms,0.2169,
frame_ms,0.2331,
frame_ms,0.2224,
frame_ms,0.2797,
frame_ms,0.2366,
frame_ms,0.221,
frame_ms,0.23,
frame_ms,0.228,
frame_ms,0.2791,
frame_ms,0.3052,
frame_ms,0.2334,
frame_ms,0.2322,
frame_ms,0.2223,
frame_ms,0.2126,
frame_ms,0.2409,
frame_ms,0.2342,
frame_ms,0.2563,
frame_ms,0.2218,
tick_us,343.9,40
frame_ms,0.9025,
frame_ms,0.2447,
frame_ms,0.229,
frame_ms,0.2149,
frame_ms,0.211,
frame_ms,0.2215,
frame_ms,0.3126,
frame_ms,0.2894,
frame_ms,0.2504,
frame_ms,0.2255,
frame_ms,0.2218,
frame_ms,0.2197,
frame_ms,0.244,
frame_ms,0.2225,
frame_ms,0.2231,
frame_ms,0.3611,
frame_ms,0.3135,
frame_ms,0.2677,
frame_ms,0.2799,
frame_ms,0.2933,
frame_ms,0.2493,
frame_ms,0.2377,
frame_ms,0.2765,
frame_ms,0.2309,
frame_ms,0.2237,
tick_us,335,38
frame_ms,0.9343,
frame_ms,0.3207,
frame_ms,0.4306,
frame_ms,0.4692,
frame_ms,0.2947,
frame_ms,0.247,
frame_ms,0.2259,
frame_ms,0.2288,
frame_ms,0.221,
frame_ms,0.2151,
frame_ms,0.2745,
frame_ms,0.235,
frame_ms,0.2261,
frame_ms,0.2146,
frame_ms,0.2544,
frame_ms,0.227,
frame_ms,0.2275,
frame_ms,0.2435,
frame_ms,0.2475,
frame_ms,0.2292,
frame_ms,0.3064,
frame_ms,0.2377,
frame_ms,0.2205,
frame_ms,0.2323,
tick_us,359.8,40
frame_ms,0.941,
frame_ms,0.2484,
frame_ms,0.2164,
frame_ms,0.2272,
frame_ms,0.2195,
frame_ms,0.2178,
frame_ms,0.2436,
frame_ms,0.2233,
frame_ms,0.2186,
frame_ms,0.2419,
frame_ms,0.284,
frame_ms,0.3166,
frame_ms,0.2587,
frame_ms,0.2579,
frame_ms,0.2505,
frame_ms,0.3791,
frame_ms,0.2369,
frame_ms,0.2207,
frame_ms,0.2193,
frame_ms,0.2131,
frame_ms,0.2461,
frame_ms,0.2344,
frame_ms,0.2264,
frame_ms,0.2454,
frame_ms,0.2231,
tick_us,350.9,38
frame_ms,0.9104,
frame_ms,0.2388,
frame_ms,0.2154,
frame_ms,0.238,
frame_ms,0.2215,
frame_ms,0.237,
frame_ms,0.2215,
frame_ms,0.248,
frame_ms,0.2673,
frame_ms,0.2666,
frame_ms,0.347,
frame_ms,0.2698,
frame_ms,0.2211,
frame_ms,0.2145,
frame_ms,0.2237,
frame_ms,0.2094,
frame_ms,0.2351,
frame_ms,0.2419,
frame_ms,0.3172,
frame_ms,0.278,
frame_ms,0.2419,
frame_ms,0.2293,
frame_ms,0.2315,
frame_ms,0.2709,
frame_ms,0.2178,
frame_ms,0.2139,
tick_us,375.7,42
frame_ms,1.033,
frame_ms,0.2539,
frame_ms,0.2174,
frame_ms,0.2187,
frame_ms,0.2096,
frame_ms,0.2509,
frame_ms,0.2214,
frame_ms,0.2116,
frame_ms,0.2217,
frame_ms,0.2469,
frame_ms,0.2967,
frame_ms,0.2497,
frame_ms,0.2106,
frame_ms,0.2087,
frame_ms,0.2163,
frame_ms,0.2703,
frame_ms,0.2584,
frame_ms,0.2275,
frame_ms,0.2158,
frame_ms,0.2294,
frame_ms,0.2508,
frame_ms,0.2823,
frame_ms,0.2484,
frame_ms,0.2398,
frame_ms,0.2195,
frame_ms,0.2172,
tick_us,370.4,44
frame_ms,0.9307,
frame_ms,0.2392,
frame_ms,0.2117,
frame_ms,0.2174,
frame_ms,0.2073,
frame_ms,0.244,
frame_ms,0.2301,
frame_ms,0.2177,
frame_ms,0.2668,
frame_ms,0.2348,
frame_ms,0.2138,
frame_ms,0.283,
frame_ms,0.2672,
frame_ms,0.2372,
frame_ms,0.4229,
frame_ms,0.3107,
frame_ms,0.248,
frame_ms,0.2158,
frame_ms,0.2141,
frame_ms,0.2253,
frame_ms,0.2186,
frame_ms,0.2144,
frame_ms,0.2236,
frame_ms,0.2216,
frame_ms,0.2493,
tick_us,320.8,44
frame_ms,0.9659,
frame_ms,0.2382,
frame_ms,0.2223,
frame_ms,0.2261,
frame_ms,0.236,
frame_ms,0.223,
frame_ms,0.2175,
frame_ms,0.2334,
frame_ms,0.2188,
frame_ms,0.2468,
frame_ms,0.2204,
frame_ms,0.2157,
frame_ms,0.2179,
frame_ms,0.2604,
frame_ms,0.2384,
frame_ms,0.2126,
frame_ms,0.7848,
frame_ms,0.266,
frame_ms,0.2263,
frame_ms,0.362,
frame_ms,0.3237,
frame_ms,0.2285,
frame_ms,0.2257,
frame_ms,0.2211,
tick_us,352.6,52
frame_ms,0.9378,
frame_ms,0.2452,
frame_ms,0.2163,
frame_ms,0.2222,
frame_ms,0.2154,
frame_ms,0.2241,
frame_ms,0.2659,
frame_ms,0.2612,
frame_ms,0.2418,
frame_ms,0.2365,
frame_ms,0.2297,
frame_ms,0.3062,
frame_ms,0.2396,
frame_ms,0.2776,
frame_ms,0.2516,
frame_ms,0.2307,
frame_ms,0.2283,
frame_ms,0.2219,
frame_ms,0.4911,
frame_ms,0.2335,
frame_ms,0.2112,
frame_ms,0.2186,
frame_ms,0.7559,
tick_us,353.4,54
frame_ms,1.3531,
frame_ms,0.3139,
frame_ms,0.2429,
frame_ms,0.2139,
frame_ms,0.217,
frame_ms,0.2187,
frame_ms,0.2154,
frame_ms,0.2596,
frame_ms,0.2936,
frame_ms,0.25,
frame_ms,0.2227,
frame_ms,0.2232,
frame_ms,0.2216,
frame_ms,0.2381,
frame_ms,0.2761,
frame_ms,0.2231,
frame_ms,0.2182,
frame_ms,0.2111,
frame_ms,0.2398,
frame_ms,0.2185,
frame_ms,0.2348,
frame_ms,0.2271,
frame_ms,0.2688,
frame_ms,0.2317,
frame_ms,0.2447,
tick_us,328.7,50
frame_ms,1.0947,
frame_ms,0.2571,
frame_ms,0.2196,
frame_ms,0.2217,
frame_ms,0.2184,
frame_ms,0.2245,
frame_ms,0.223,
frame_ms,0.2315,
frame_ms,0.2505,
frame_ms,0.2643,
frame_ms,0.242,
frame_ms,0.2269,
frame_ms,0.2138,
frame_ms,0.2115,
frame_ms,0.2576,
frame_ms,0.2744,
frame_ms,0.2467,
frame_ms,0.2333,
frame_ms,0.2234,
frame_ms,0.21,
frame_ms,0.2202,
frame_ms,0.2477,
frame_ms,0.2341,
frame_ms,0.2135,
tick_us,304.5,48
frame_ms,1.2447,
frame_ms,0.3409,
frame_ms,0.243,
frame_ms,0.2192,
frame_ms,0.2211,
frame_ms,0.2409,
frame_ms,0.254,
frame_ms,0.2485,
frame_ms,0.2216,
frame_ms,0.2137,
frame_ms,0.2347,
frame_ms,0.2214,
frame_ms,0.2748,
frame_ms,0.2456,
frame_ms,0.2128,
frame_ms,0.2137,
frame_ms,0.2549,
frame_ms,0.2384,
frame_ms,0.2168,
frame_ms,0.2592,
frame_ms,0.2204,
frame_ms,0.2157,
frame_ms,0.2536,
frame_ms,0.2386,
frame_ms,0.2464,
frame_ms,0.2294,
tick_us,334.7,50
frame_ms,0.9362,
frame_ms,0.2427,
frame_ms,0.2143,
frame_ms,0.2213,
frame_ms,0.2192,
frame_ms,0.2248,
frame_ms,0.2161,
frame_ms,0.2669,
frame_ms,0.2407,
frame_ms,0.2142,
frame_ms,0.2179,
frame_ms,0.247,
frame_ms,0.2277,
frame_ms,0.2167,
frame_ms,0.2438,
frame_ms,0.2405,
frame_ms,0.2113,
frame_ms,0.2519,
frame_ms,0.2285,
frame_ms,0.219,
frame_ms,0.2553,
frame_ms,0.2286,
frame_ms,0.2151,
frame_ms,0.255,
frame_ms,0.2265,
frame_ms,0.3166,
frame_ms,0.2319,
tick_us,315.3,48
frame_ms,0.9943,
frame_ms,0.3133,
frame_ms,0.2852,
frame_ms,0.2297,
frame_ms,0.2371,
frame_ms,0.2305,
frame_ms,0.2282,
frame_ms,0.2212,
frame_ms,0.2382,
frame_ms,0.2715,
frame_ms,0.2478,
frame_ms,0.221,
frame_ms,0.3027,
frame_ms,0.245,
frame_ms,0.222,
frame_ms,0.2291,
frame_ms,0.2332,
frame_ms,0.2254,
frame_ms,0.2094,
frame_ms,0.2148,
frame_ms,0.3206,
frame_ms,0.247,
frame_ms,0.2222,
frame_ms,0.2173,
frame_ms,0.2458,
tick_us,330,48
frame_ms,0.9343,
frame_ms,0.4168,
frame_ms,0.275,
frame_ms,0.2195,
frame_ms,0.2228,
frame_ms,0.222,
frame_ms,0.2181,
frame_ms,0.2219,
frame_ms,0.2596,
frame_ms,0.2343,
frame_ms,0.2171,
frame_ms,0.313,
frame_ms,0.2958,
frame_ms,0.2467,
frame_ms,0.2318,
frame_ms,0.2263,
frame_ms,0.2236,
frame_ms,0.2206,
frame_ms,0.2201,
frame_ms,0.3037,
frame_ms,0.2835,
frame_ms,0.2456,
frame_ms,0.2503,
frame_ms,0.2281,
frame_ms,0.2913,
tick_us,332.7,48
frame_ms,1.2747,
frame_ms,0.2912,
frame_ms,0.2832,
frame_ms,0.2192,
frame_ms,0.2218,
frame_ms,0.2175,
frame_ms,0.2166,
frame_ms,0.2134,
frame_ms,0.2435,
frame_ms,0.2231,
frame_ms,0.2323,
frame_ms,0.2109,
frame_ms,0.2453,
frame_ms,0.2459,
frame_ms,0.2181,
frame_ms,0.2302,
frame_ms,0.2407,
frame_ms,0.2329,
frame_ms,0.2161,
frame_ms,0.6583,
frame_ms,0.2691,
frame_ms,0.2122,
frame_ms,0.2177,
frame_ms,0.2157,
tick_us,333,48
frame_ms,0.9011,
frame_ms,0.3596,
frame_ms,0.2803,
frame_ms,0.2294,
frame_ms,0.2245,
frame_ms,0.225,
frame_ms,0.2187,
frame_ms,0.2133,
frame_ms,0.259,
frame_ms,0.2949,
frame_ms,0.2557,
frame_ms,0.2341,
frame_ms,0.2297,
frame_ms,0.2262,
frame_ms,0.22,
frame_ms,0.2264,
frame_ms,0.2553,
frame_ms,0.2193,
frame_ms,0.216,
frame_ms,0.2404,
frame_ms,0.2217,
frame_ms,0.2149,
frame_ms,0.2375,
frame_ms,0.2658,
frame_ms,0.2378,
frame_ms,0.2221,
tick_us,335.4,50
frame_ms,0.8927,
frame_ms,0.2357,
frame_ms,0.2852,
frame_ms,0.4512,
frame_ms,0.2607,
frame_ms,0.265,
frame_ms,0.2468,
frame_ms,0.3066,
frame_ms,0.2828,
frame_ms,0.2167,
frame_ms,0.2231,
frame_ms,0.2195,
frame_ms,0.2157,
frame_ms,0.2109,
frame_ms,0.2254,
frame_ms,0.2566,
frame_ms,0.2381,
frame_ms,0.2113,
frame_ms,0.2431,
frame_ms,0.2301,
frame_ms,0.2191,
frame_ms,0.2401,
frame_ms,0.2364,
frame_ms,0.2115,
frame_ms,0.2642,
tick_us,385.7,48
frame_ms,1.5104,
frame_ms,0.3196,
frame_ms,0.227,
frame_ms,0.2256,
frame_ms,0.2228,
frame_ms,0.2148,
frame_ms,0.2864,
frame_ms,0.2661,
frame_ms,0.2463,
frame_ms,0.2256,
frame_ms,0.2242,
frame_ms,0.2227,
frame_ms,0.2175,
frame_ms,0.3047,
frame_ms,0.2826,
frame_ms,0.2537,
frame_ms,0.2262,
frame_ms,0.2166,
frame_ms,0.2161,
frame_ms,0.2344,
frame_ms,0.2156,
frame_ms,0.2525,
frame_ms,0.2147,
frame_ms,0.21,
tick_us,348.8,46
frame_ms,0.9519,
frame_ms,0.2534,
frame_ms,0.2145,
frame_ms,0.2513,
frame_ms,0.2367,
frame_ms,0.4029,
frame_ms,0.279,
frame_ms,0.2812,
frame_ms,0.2701,
frame_ms,0.2251,
frame_ms,0.2302,
frame_ms,0.2247,
frame_ms,0.219,
frame_ms,0.2467,
frame_ms,0.3038,
frame_ms,0.2509,
frame_ms,0.2282,
frame_ms,0.2223,
frame_ms,0.2223,
frame_ms,0.2614,
frame_ms,0.2224,
frame_ms,0.2391,
frame_ms,0.2268,
frame_ms,0.2156,
frame_ms,0.2398,
tick_us,338.3,50
frame_ms,0.8961,
frame_ms,0.2343,
frame_ms,0.2211,
frame_ms,0.2213,
frame_ms,0.7111,
frame_ms,0.508,
frame_ms,0.4185,
frame_ms,0.4029,
frame_ms,0.2611,
frame_ms,0.2383,
frame_ms,0.2437,
frame_ms,0.2329,
frame_ms,0.2297,
frame_ms,0.2532,
frame_ms,0.2285,
frame_ms,0.2476,
frame_ms,0.2207,
frame_ms,0.2407,
frame_ms,0.2503,
frame_ms,0.2479,
frame_ms,0.2245,
frame_ms,0.2411,
tick_us,353.7,52
frame_ms,0.9777,
frame_ms,0.2861,
frame_ms,0.2803,
frame_ms,0.2857,
frame_ms,0.2437,
frame_ms,0.4948,
frame_ms,0.2611,
frame_ms,0.2268,
frame_ms,0.2505,
frame_ms,0.2277,
frame_ms,0.226,
frame_ms,0.2171,
frame_ms,0.2363,
frame_ms,0.2365,
frame_ms,0.2823,
frame_ms,0.2393,
frame_ms,0.2243,
frame_ms,0.2206,
frame_ms,0.2283,
frame_ms,0.2149,
frame_ms,0.218,
frame_ms,0.2612,
frame_ms,0.2338,
frame_ms,0.2221,
tick_us,348,52
frame_ms,0.9041,
frame_ms,0.2344,
frame_ms,0.2248,
frame_ms,0.2238,
frame_ms,0.2197,
frame_ms,0.2579,
frame_ms,0.2181,
frame_ms,0.2465,
frame_ms,0.239,
frame_ms,0.2899,
frame_ms,0.424,
frame_ms,0.2855,
frame_ms,0.2181,
frame_ms,0.7617,
frame_ms,0.2566,
frame_ms,0.2183,
frame_ms,0.2271,
frame_ms,0.2295,
frame_ms,0.2155,
frame_ms,0.2146,
frame_ms,0.2466,
frame_ms,0.2198,
frame_ms,0.2223,
frame_ms,0.259,
tick_us,343.6,56
frame_ms,0.9093,
frame_ms,0.2661,
frame_ms,0.2111,
frame_ms,0.2076,
frame_ms,0.2244,
frame_ms,0.2146,
frame_ms,0.247,
frame_ms,0.2976,
frame_ms,0.4032,
frame_ms,0.2889,
frame_ms,0.2467,
frame_ms,0.2616,
frame_ms,0.2259,
frame_ms,0.2266,
frame_ms,0.2223,
frame_ms,0.2172,
frame_ms,0.2199,
frame_ms,0.2911,
frame_ms,0.2333,
frame_ms,0.2178,
frame_ms,0.2168,
frame_ms,0.3066,
frame_ms,0.2861,
frame_ms,0.2276,
frame_ms,0.2309,
tick_us,354.8,52
frame_ms,0.9152,
frame_ms,0.2463,
frame_ms,0.2163,
frame_ms,0.2202,
frame_ms,0.2176,
frame_ms,0.2208,
frame_ms,0.2153,
frame_ms,0.2425,
frame_ms,0.2311,
frame_ms,0.2278,
frame_ms,0.4651,
frame_ms,0.2845,
frame_ms,0.2442,
frame_ms,0.2353,
frame_ms,0.2242,
frame_ms,0.223,
frame_ms,0.2186,
frame_ms,0.2621,
frame_ms,0.2771,
frame_ms,0.2504,
frame_ms,0.2313,
frame_ms,0.3225,
frame_ms,0.3267,
frame_ms,0.2983,
tick_us,349,52
frame_ms,0.965,
frame_ms,0.2404,
frame_ms,0.2333,
frame_ms,0.2261,
frame_ms,0.2188,
frame_ms,0.2773,
frame_ms,0.2224,
frame_ms,0.2194,
frame_ms,0.2156,
frame_ms,0.2545,
frame_ms,0.2553,
frame_ms,0.5007,
frame_ms,0.3695,
frame_ms,0.224,
frame_ms,0.219,
frame_ms,0.2151,
frame_ms,0.2104,
frame_ms,0.2674,
frame_ms,0.2417,
frame_ms,0.2191,
frame_ms,0.2564,
frame_ms,0.2251,
frame_ms,0.2352,
frame_ms,0.2655,
frame_ms,0.232,
tick_us,341.2,54
frame_ms,0.9028,
frame_ms,0.2415,
frame_ms,0.2158,
frame_ms,0.226,
frame_ms,0.2211,
frame_ms,0.2165,
frame_ms,0.2278,
frame_ms,0.2647,
frame_ms,0.2287,
frame_ms,0.2221,
frame_ms,0.2162,
frame_ms,0.4065,
frame_ms,0.4489,
frame_ms,0.2341,
frame_ms,0.2555,
frame_ms,0.2181,
frame_ms,0.2108,
frame_ms,0.211,
frame_ms,0.2468,
frame_ms,0.2809,
frame_ms,0.2884,
frame_ms,0.2487,
frame_ms,0.249,
frame_ms,0.2455,
frame_ms,0.2452,
tick_us,407.7,56
frame_ms,1.079,
frame_ms,0.385,
frame_ms,0.2547,
frame_ms,0.2211,
frame_ms,0.2259,
frame_ms,0.2286,
frame_ms,0.2197,
frame_ms,0.2161,
frame_ms,0.2919,
frame_ms,0.2903,
frame_ms,0.3405,
frame_ms,0.3881,
frame_ms,0.3549,
frame_ms,0.3705,
frame_ms,0.3799,
frame_ms,0.3459,
frame_ms,0.2486,
frame_ms,0.2252,
frame_ms,0.2324,
frame_ms,0.2264,
frame_ms,0.2204,
frame_ms,0.2183,
tick_us,308.1,60
frame_ms,0.8923,
frame_ms,0.2427,
frame_ms,0.2229,
frame_ms,0.2191,
frame_ms,0.2128,
frame_ms,0.2459,
frame_ms,0.2478,
frame_ms,0.2237,
frame_ms,0.2307,
frame_ms,0.2177,
frame_ms,0.284,
frame_ms,0.2405,
frame_ms,0.2198,
frame_ms,0.2176,
frame_ms,0.3923,
frame_ms,0.4896,
frame_ms,0.4717,
frame_ms,0.3716,
frame_ms,0.3494,
frame_ms,0.4096,
frame_ms,0.3825,
tick_us,369.2,58
frame_ms,1.0144,
frame_ms,0.2418,
frame_ms,0.2198,
frame_ms,0.2454,
frame_ms,0.2346,
frame_ms,0.2232,
frame_ms,0.2149,
frame_ms,0.2195,
frame_ms,0.7425,
frame_ms,0.5717,
frame_ms,0.3384,
frame_ms,0.558,
frame_ms,0.2882,
frame_ms,0.2428,
frame_ms,0.2173,
frame_ms,0.223,
frame_ms,0.2178,
frame_ms,0.2143,
frame_ms,0.2463,
frame_ms,0.2655,
frame_ms,0.2267,
frame_ms,0.2152,
tick_us,366.6,62
frame_ms,0.9853,
frame_ms,0.25,
frame_ms,0.2177,
frame_ms,0.2225,
frame_ms,0.2294,
frame_ms,0.2308,
frame_ms,0.2171,
frame_ms,0.2318,
frame_ms,0.2424,
frame_ms,0.228,
frame_ms,0.2107,
frame_ms,0.2552,
frame_ms,0.2407,
frame_ms,0.2175,
frame_ms,0.223,
frame_ms,0.3685,
frame_ms,0.2578,
frame_ms,0.2297,
frame_ms,0.2211,
frame_ms,0.2114,
frame_ms,0.2174,
frame_ms,0.2476,
frame_ms,0.2294,
frame_ms,0.2175,
frame_ms,0.2703,
frame_ms,0.2373,
tick_us,337.4,58
frame_ms,0.8871,
frame_ms,0.2266,
frame_ms,0.221,
frame_ms,0.2274,
frame_ms,0.2197,
frame_ms,0.2254,
frame_ms,0.2128,
frame_ms,0.2458,
frame_ms,0.2295,
frame_ms,0.2185,
frame_ms,0.2766,
frame_ms,0.2433,
frame_ms,0.2147,
frame_ms,0.2162,
frame_ms,0.2479,
frame_ms,0.8092,
frame_ms,0.8112,
frame_ms,0.4659,
frame_ms,0.3644,
frame_ms,0.3329,
tick_us,358.4,58
frame_ms,0.9871,
frame_ms,0.2571,
frame_ms,0.2851,
frame_ms,0.2657,
frame_ms,0.2332,
frame_ms,0.2272,
frame_ms,0.2143,
frame_ms,0.2143,
frame_ms,0.2927,
frame_ms,1.229,
frame_ms,0.2379,
frame_ms,0.2292,
frame_ms,0.358,
frame_ms,0.2832,
frame_ms,0.2672,
frame_ms,0.2233,
frame_ms,0.2419,
frame_ms,0.2247,
frame_ms,0.4025,
frame_ms,0.364,
tick_us,395,58
frame_ms,1.1775,
frame_ms,0.2948,
frame_ms,0.3895,
frame_ms,0.361,
frame_ms,0.3485,
frame_ms,0.356,
frame_ms,0.3711,
frame_ms,0.2811,
frame_ms,0.2249,
frame_ms,0.2284,
frame_ms,0.2263,
frame_ms,0.2224,
frame_ms,0.2154,
frame_ms,0.264,
frame_ms,0.362,
frame_ms,0.3286,
frame_ms,0.2909,
frame_ms,0.2306,
frame_ms,0.2307,
frame_ms,0.2328,
frame_ms,0.2257,
tick_us,398.2,54
frame_ms,1.0171,
frame_ms,0.3073,
frame_ms,0.2441,
frame_ms,0.2251,
frame_ms,0.2323,
frame_ms,0.2343,
frame_ms,0.2318,
frame_ms,0.2508,
frame_ms,0.2217,
frame_ms,0.2472,
frame_ms,0.3116,
frame_ms,0.2318,
frame_ms,0.2237,
frame_ms,0.2191,
frame_ms,0.2123,
frame_ms,0.2199,
frame_ms,0.2851,
frame_ms,0.2956,
frame_ms,0.2418,
frame_ms,0.2356,
frame_ms,0.2306,
frame_ms,0.2265,
frame_ms,0.2134,
frame_ms,0.2932,
frame_ms,0.3232,
tick_us,346,50
frame_ms,0.9614,
frame_ms,0.2387,
frame_ms,0.2138,
frame_ms,0.2168,
frame_ms,0.2232,
frame_ms,0.2249,
frame_ms,0.3043,
frame_ms,0.3058,
frame_ms,0.2543,
frame_ms,0.236,
frame_ms,0.233,
frame_ms,0.224,
frame_ms,0.374,
frame_ms,0.2766,
frame_ms,0.2323,
frame_ms,0.2255,
frame_ms,0.2234,
frame_ms,0.2203,
frame_ms,0.2172,
frame_ms,0.2506,
frame_ms,0.3065,
frame_ms,0.491,
frame_ms,0.4561,
tick_us,347.9,48
frame_ms,1.0276,
frame_ms,0.3348,
frame_ms,0.2599,
frame_ms,0.3052,
frame_ms,0.247,
frame_ms,0.2354,
frame_ms,0.3009,
frame_ms,0.2576,
frame_ms,0.2314,
frame_ms,0.2367,
frame_ms,0.2241,
frame_ms,0.2172,
frame_ms,0.2377,
frame_ms,0.2272,
frame_ms,0.2851,
frame_ms,0.3703,
frame_ms,0.2719,
frame_ms,0.2375,
frame_ms,0.2374,
frame_ms,0.2486,
frame_ms,0.2431,
frame_ms,0.2464,
frame_ms,0.2929,
frame_ms,0.2424,
tick_us,325.1,50
frame_ms,0.8877,
frame_ms,0.2482,
frame_ms,0.2347,
frame_ms,0.2199,
frame_ms,0.2437,
frame_ms,0.2267,
frame_ms,0.2176,
frame_ms,0.2277,
frame_ms,0.3597,
frame_ms,0.3967,
frame_ms,0.3478,
frame_ms,0.3432,
frame_ms,0.3381,
frame_ms,0.3035,
frame_ms,0.2343,
frame_ms,0.221,
frame_ms,0.2184,
frame_ms,0.246,
frame_ms,0.2275,
frame_ms,0.256,
frame_ms,0.2312,
frame_ms,0.3761,
tick_us,326.4,46
frame_ms,1.1519,
frame_ms,0.2375,
frame_ms,0.2182,
frame_ms,0.2217,
frame_ms,0.2288,
frame_ms,0.2198,
frame_ms,0.2815,
frame_ms,0.3109,
frame_ms,0.2801,
frame_ms,0.3326,
frame_ms,0.3567,
frame_ms,0.3423,
frame_ms,0.2813,
frame_ms,0.2579,
frame_ms,0.2343,
frame_ms,0.2407,
frame_ms,0.2422,
frame_ms,0.2331,
frame_ms,0.2666,
frame_ms,0.243,
frame_ms,0.2385,
frame_ms,0.2329,
frame_ms,0.3123,
tick_us,421.6,44
frame_ms,1.3376,
frame_ms,0.2921,
frame_ms,0.2278,
frame_ms,0.2249,
frame_ms,0.2235,
frame_ms,0.2183,
frame_ms,0.2371,
frame_ms,0.2314,
frame_ms,0.267,
frame_ms,0.281,
frame_ms,0.2642,
frame_ms,0.2289,
frame_ms,0.2747,
frame_ms,0.2645,
frame_ms,0.2498,
frame_ms,0.2446,
frame_ms,0.2389,
frame_ms,0.2188,
frame_ms,0.2168,
frame_ms,0.2592,
frame_ms,0.2323,
frame_ms,0.2204,
frame_ms,0.2311,
frame_ms,0.2482,
frame_ms,0.3709,
tick_us,338.1,50
frame_ms,1.2787,
frame_ms,0.3332,
frame_ms,0.2432,
frame_ms,0.2735,
frame_ms,0.3298,
frame_ms,0.3015,
frame_ms,0.2657,
frame_ms,0.233,
frame_ms,0.2384,
frame_ms,0.2421,
frame_ms,0.7218,
frame_ms,0.5522,
frame_ms,0.3284,
frame_ms,0.3387,
frame_ms,0.269,
frame_ms,0.2457,
frame_ms,0.2225,
frame_ms,0.2413,
frame_ms,0.2237,
tick_us,348,48
frame_ms,1.0024,
frame_ms,0.2816,
frame_ms,0.2521,
frame_ms,0.2267,
frame_ms,0.2375,
frame_ms,0.3238,
frame_ms,0.273,
frame_ms,0.254,
frame_ms,0.226,
frame_ms,0.2324,
frame_ms,0.2224,
frame_ms,0.216,
frame_ms,0.3303,
frame_ms,0.2923,
frame_ms,0.2301,
frame_ms,0.2303,
frame_ms,0.2256,
frame_ms,0.219,
frame_ms,0.217,
frame_ms,0.2488,
frame_ms,0.2316,
frame_ms,0.3258,
frame_ms,0.2835,
frame_ms,0.2703,
tick_us,345.8,48
frame_ms,1.0173,
frame_ms,0.3637,
frame_ms,0.251,
frame_ms,0.2198,
frame_ms,0.2295,
frame_ms,0.2478,
frame_ms,0.2135,
frame_ms,0.236,
frame_ms,0.2248,
frame_ms,0.2862,
frame_ms,0.2793,
frame_ms,0.2341,
frame_ms,0.2214,
frame_ms,0.2286,
frame_ms,0.2139,
frame_ms,0.2852,
frame_ms,0.2194,
frame_ms,0.214,
frame_ms,0.2087,
frame_ms,0.2467,
frame_ms,0.2646,
frame_ms,0.2344,
frame_ms,0.2622,
frame_ms,0.2512,
frame_ms,0.2395,
tick_us,362.7,50
frame_ms,0.9584,
frame_ms,0.3341,
frame_ms,0.273,
frame_ms,0.2379,
frame_ms,0.2211,
frame_ms,0.2251,
frame_ms,0.2194,
frame_ms,0.2277,
frame_ms,0.2756,
frame_ms,0.2441,
frame_ms,0.2227,
frame_ms,0.2687,
frame_ms,0.2397,
frame_ms,0.2399,
frame_ms,0.4072,
frame_ms,0.2661,
frame_ms,0.2378,
frame_ms,0.2371,
frame_ms,0.2393,
frame_ms,0.2377,
frame_ms,0.2624,
frame_ms,0.3143,
frame_ms,0.2557,
frame_ms,0.2221,
frame_ms,0.2143,
tick_us,338.7,46
frame_ms,0.9059,
frame_ms,0.2379,
frame_ms,0.3134,
frame_ms,0.2475,
frame_ms,0.2255,
frame_ms,0.2255,
frame_ms,0.2253,
frame_ms,0.2511,
frame_ms,0.2787,
frame_ms,0.3075,
frame_ms,0.2671,
frame_ms,0.244,
frame_ms,0.2344,
frame_ms,0.2337,
frame_ms,0.2379,
frame_ms,0.263,
frame_ms,0.3368,
frame_ms,0.2935,
frame_ms,0.2496,
frame_ms,0.2255,
frame_ms,0.2198,
tick_us,335.1,52
frame_ms,1.867,
frame_ms,0.4006,
frame_ms,0.2629,
frame_ms,0.2713,
frame_ms,0.2256,
frame_ms,0.3055,
frame_ms,0.2521,
frame_ms,0.2292,
frame_ms,0.225,
frame_ms,0.223,
frame_ms,0.2207,
frame_ms,0.2156,
frame_ms,0.2647,
frame_ms,0.2738,
frame_ms,0.2275,
frame_ms,0.2283,
frame_ms,0.2141,
frame_ms,0.2155,
frame_ms,0.2348,
frame_ms,0.2237,
frame_ms,0.2249,
frame_ms,0.2108,
frame_ms,0.2803,
frame_ms,0.2313,
frame_ms,0.2087,
tick_us,350.8,52
frame_ms,0.942,
frame_ms,0.2813,
frame_ms,0.2706,
frame_ms,0.2349,
frame_ms,0.2304,
frame_ms,0.2243,
frame_ms,0.2336,
frame_ms,0.2258,
frame_ms,0.2455,
frame_ms,0.2282,
frame_ms,0.217,
frame_ms,0.2317,
frame_ms,0.2202,
frame_ms,0.2147,
frame_ms,0.2793,
frame_ms,0.266,
frame_ms,0.2304,
frame_ms,0.3436,
frame_ms,0.3772,
frame_ms,0.3471,
frame_ms,0.3381,
frame_ms,0.3338,
frame_ms,0.3455,
tick_us,376.2,52
frame_ms,1.0452,
frame_ms,0.324,
frame_ms,0.3734,
frame_ms,0.4293,
frame_ms,0.2316,
frame_ms,0.4766,
frame_ms,0.3954,
frame_ms,0.4759,
frame_ms,0.4045,
frame_ms,0.3767,
frame_ms,0.2592,
frame_ms,0.226,
frame_ms,0.2239,
frame_ms,0.2243,
frame_ms,0.2191,
frame_ms,0.2345,
frame_ms,0.2337,
frame_ms,0.2187,
frame_ms,0.2181,
frame_ms,0.2639,
frame_ms,0.2756,
tick_us,342.4,54
frame_ms,0.9164,
frame_ms,0.2388,
frame_ms,0.2155,
frame_ms,0.2393,
frame_ms,0.2214,
frame_ms,0.3075,
frame_ms,0.512,
frame_ms,0.2796,
frame_ms,0.266,
frame_ms,0.2819,
frame_ms,0.2456,
frame_ms,0.2558,
frame_ms,0.2448,
frame_ms,0.2381,
frame_ms,0.2373,
frame_ms,0.2734,
frame_ms,0.2562,
frame_ms,0.2325,
frame_ms,0.2285,
frame_ms,0.22,
frame_ms,0.2139,
frame_ms,0.245,
frame_ms,0.2695,
frame_ms,0.2358,
tick_us,377.4,54
frame_ms,0.9737,
frame_ms,0.3577,
frame_ms,0.259,
frame_ms,0.2243,
frame_ms,0.3481,
frame_ms,0.452,
frame_ms,0.2419,
frame_ms,0.2273,
frame_ms,0.2228,
frame_ms,0.2128,
frame_ms,0.4203,
frame_ms,0.3999,
frame_ms,0.2942,
frame_ms,0.2389,
frame_ms,0.2266,
frame_ms,0.224,
frame_ms,0.216,
frame_ms,0.2125,
frame_ms,0.2425,
frame_ms,0.2272,
frame_ms,0.2206,
frame_ms,0.2971,
frame_ms,0.2759,
tick_us,969.9,54
frame_ms,1.6829,
frame_ms,0.3302,
frame_ms,0.3146,
frame_ms,0.3279,
frame_ms,0.4325,
frame_ms,0.2752,
frame_ms,0.2984,
frame_ms,0.3195,
frame_ms,0.2701,
frame_ms,0.243,
frame_ms,0.2403,
frame_ms,0.2313,
frame_ms,0.2192,
frame_ms,0.2444,
frame_ms,0.2137,
frame_ms,0.2621,
frame_ms,0.2136,
frame_ms,0.2337,
frame_ms,0.2167,
frame_ms,0.2522,
tick_us,325.9,56
frame_ms,0.9824,
frame_ms,0.2941,
frame_ms,0.2524,
frame_ms,0.2333,
frame_ms,0.2329,
frame_ms,0.5456,
frame_ms,0.5016,
frame_ms,0.3834,
frame_ms,0.3905,
frame_ms,0.3466,
frame_ms,0.3375,
frame_ms,0.3304,
frame_ms,0.272,
frame_ms,0.2278,
frame_ms,0.2192,
frame_ms,0.4189,
frame_ms,0.3061,
frame_ms,0.2515,
frame_ms,0.2143,
frame_ms,0.221,
tick_us,335.7,56
frame_ms,0.9392,
frame_ms,0.296,
frame_ms,0.2387,
frame_ms,0.2169,
frame_ms,0.2931,
frame_ms,0.2452,
frame_ms,0.2232,
frame_ms,0.2205,
frame_ms,0.2226,
frame_ms,0.2115,
frame_ms,0.2721,
frame_ms,0.2675,
frame_ms,0.2298,
frame_ms,0.2224,
frame_ms,0.2142,
frame_ms,0.2359,
frame_ms,0.2204,
frame_ms,0.2598,
frame_ms,0.2198,
frame_ms,0.2578,
frame_ms,0.2251,
frame_ms,0.3162,
frame_ms,0.2604,
frame_ms,0.2441,
frame_ms,0.238,
frame_ms,0.238,
tick_us,347.8,56
frame_ms,0.9343,
frame_ms,0.2967,
frame_ms,0.2287,
frame_ms,0.2141,
frame_ms,0.2183,
frame_ms,0.2175,
frame_ms,0.2286,
frame_ms,0.2416,
frame_ms,0.279,
frame_ms,0.2566,
frame_ms,0.2807,
frame_ms,0.2513,
frame_ms,0.2402,
frame_ms,0.226,
frame_ms,0.2158,
frame_ms,0.2141,
frame_ms,0.2561,
frame_ms,0.2287,
frame_ms,0.2091,
frame_ms,0.2787,
frame_ms,0.2798,
frame_ms,0.2458,
frame_ms,0.2601,
frame_ms,0.3016,
frame_ms,0.4112,
tick_us,401,54
frame_ms,1.1298,
frame_ms,0.374,
frame_ms,0.3716,
frame_ms,0.3429,
frame_ms,0.3451,
frame_ms,0.3398,
frame_ms,0.538,
frame_ms,0.3713,
frame_ms,0.2897,
frame_ms,0.2767,
frame_ms,0.2521,
frame_ms,0.2386,
frame_ms,0.2374,
frame_ms,0.2366,
frame_ms,0.2521,
frame_ms,0.2431,
frame_ms,0.3008,
frame_ms,0.2573,
frame_ms,0.2521,
frame_ms,0.2946,
tick_us,356.6,56
frame_ms,1.0329,
frame_ms,0.4294,
frame_ms,0.7681,
frame_ms,0.3467,
frame_ms,0.3379,
frame_ms,0.3343,
frame_ms,0.3156,
frame_ms,0.2503,
frame_ms,0.2186,
frame_ms,0.2239,
frame_ms,0.2146,
frame_ms,0.2131,
frame_ms,0.3013,
frame_ms,0.2719,
frame_ms,0.2566,
frame_ms,0.2408,
frame_ms,0.2304,
frame_ms,0.4231,
frame_ms,0.3478,
tick_us,360.1,52
frame_ms,1.0747,
frame_ms,0.2748,
frame_ms,0.224,
frame_ms,0.2202,
frame_ms,0.2158,
frame_ms,0.2561,
frame_ms,0.3936,
frame_ms,0.4013,
frame_ms,0.2966,
frame_ms,0.2482,
frame_ms,0.2885,
frame_ms,0.419,
frame_ms,0.3447,
frame_ms,0.3375,
frame_ms,0.3381,
frame_ms,0.3351,
frame_ms,0.2583,
frame_ms,0.3157,
frame_ms,0.2805,
frame_ms,0.2898,
frame_ms,0.2285,
tick_us,371,50
frame_ms,0.9707,
frame_ms,0.2652,
frame_ms,0.2297,
frame_ms,0.2417,
frame_ms,0.2265,
frame_ms,0.22,
frame_ms,0.241,
frame_ms,0.2156,
frame_ms,0.2376,
frame_ms,0.3172,
frame_ms,0.2482,
frame_ms,0.2372,
frame_ms,0.3256,
frame_ms,0.4316,
frame_ms,0.2566,
frame_ms,0.2238,
frame_ms,0.2112,
frame_ms,0.208,
frame_ms,0.2431,
frame_ms,0.2223,
frame_ms,0.2107,
frame_ms,0.2515,
frame_ms,0.2802,
frame_ms,0.2329,
frame_ms,0.2581,
tick_us,354.5,44
frame_ms,0.9538,
frame_ms,0.2408,
frame_ms,0.2159,
frame_ms,0.2179,
frame_ms,0.2193,
frame_ms,0.2466,
frame_ms,0.2539,
frame_ms,0.259,
frame_ms,0.2225,
frame_ms,0.2115,
frame_ms,0.2229,
frame_ms,0.2098,
frame_ms,0.2828,
frame_ms,0.635,
frame_ms,0.5032,
frame_ms,0.316,
frame_ms,0.375,
frame_ms,0.3439,
frame_ms,0.3359,
frame_ms,0.3307,
frame_ms,0.3308,
tick_us,328.3,48
frame_ms,0.9563,
frame_ms,0.2593,
frame_ms,0.231,
frame_ms,0.228,
frame_ms,0.234,
frame_ms,0.2313,
frame_ms,0.2197,
frame_ms,0.2138,
frame_ms,0.2111,
frame_ms,0.245,
frame_ms,0.2552,
frame_ms,0.2138,
frame_ms,0.2209,
frame_ms,0.2098,
frame_ms,0.377,
frame_ms,0.3463,
frame_ms,0.2819,
frame_ms,0.2504,
frame_ms,0.2492,
frame_ms,0.2309,
frame_ms,0.2181,
frame_ms,0.21,
frame_ms,0.2672,
frame_ms,0.2613,
frame_ms,0.2355,
tick_us,336.3,46
frame_ms,0.9012,
frame_ms,0.2325,
frame_ms,0.2237,
frame_ms,0.2275,
frame_ms,0.2209,
frame_ms,0.2156,
frame_ms,0.3003,
frame_ms,0.3012,
frame_ms,0.2641,
frame_ms,0.2447,
frame_ms,0.2341,
frame_ms,0.2765,
frame_ms,0.251,
frame_ms,0.2464,
frame_ms,0.2263,
frame_ms,0.2262,
frame_ms,0.2431,
frame_ms,0.3627,
frame_ms,0.2315,
frame_ms,0.2181,
frame_ms,0.2197,
frame_ms,0.651,
frame_ms,0.3253,
frame_ms,0.2528,
tick_us,331.8,48
frame_ms,0.8871,
frame_ms,0.2322,
frame_ms,0.222,
frame_ms,0.2238,
frame_ms,0.2171,
frame_ms,0.2105,
frame_ms,0.2357,
frame_ms,0.2643,
frame_ms,0.23,
frame_ms,0.22,
frame_ms,0.2298,
frame_ms,0.2192,
frame_ms,0.2513,
frame_ms,0.2292,
frame_ms,0.2118,
frame_ms,0.2569,
frame_ms,0.226,
frame_ms,0.3315,
frame_ms,0.262,
frame_ms,0.4085,
frame_ms,0.2683,
frame_ms,0.2215,
frame_ms,0.2147,
frame_ms,0.2165,
frame_ms,0.2112,
frame_ms,0.2473,
tick_us,337.3,54
frame_ms,0.9525,
frame_ms,0.2665,
frame_ms,0.2186,
frame_ms,0.2314,
frame_ms,0.2408,
frame_ms,0.2314,
frame_ms,0.2172,
frame_ms,0.2151,
frame_ms,0.2615,
frame_ms,0.2286,
frame_ms,0.2168,
frame_ms,0.273,
frame_ms,0.2652,
frame_ms,0.2283,
frame_ms,0.2147,
frame_ms,0.2142,
frame_ms,0.2403,
frame_ms,0.2252,
frame_ms,0.29,
frame_ms,0.386,
frame_ms,0.2721,
frame_ms,0.219,
frame_ms,0.22,
frame_ms,0.2116,
frame_ms,0.212,
tick_us,372.6,50
frame_ms,1.1332,
frame_ms,0.3937,
frame_ms,0.2431,
frame_ms,0.2098,
frame_ms,0.2167,
frame_ms,0.2117,
frame_ms,0.2288,
frame_ms,0.209,
frame_ms,0.281,
frame_ms,0.2587,
frame_ms,0.229,
frame_ms,0.216,
frame_ms,0.2162,
frame_ms,0.2598,
frame_ms,0.3566,
frame_ms,0.3854,
frame_ms,0.34,
frame_ms,0.3399,
frame_ms,0.5528,
frame_ms,0.3439,
frame_ms,0.2407,
frame_ms,0.2185,
tick_us,342.2,46
frame_ms,0.9173,
frame_ms,0.2334,
frame_ms,0.2245,
frame_ms,0.2178,
frame_ms,0.2097,
frame_ms,0.2408,
frame_ms,0.2809,
frame_ms,0.2366,
frame_ms,0.2224,
frame_ms,0.2111,
frame_ms,0.2307,
frame_ms,0.2105,
frame_ms,0.2748,
frame_ms,0.2294,
frame_ms,0.2171,
frame_ms,0.2456,
frame_ms,0.2337,
frame_ms,0.2143,
frame_ms,0.2474,
frame_ms,0.2277,
frame_ms,0.3862,
frame_ms,0.4135,
frame_ms,0.2893,
frame_ms,0.297,
frame_ms,0.2578,
tick_us,328.5,48
frame_ms,0.9003,
frame_ms,0.2774,
frame_ms,0.2486,
frame_ms,0.2136,
frame_ms,0.2151,
frame_ms,0.6949,
frame_ms,0.3741,
frame_ms,0.4017,
frame_ms,0.255,
frame_ms,0.2121,
frame_ms,0.2142,
frame_ms,0.2083,
frame_ms,0.2055,
frame_ms,0.2729,
frame_ms,0.2229,
frame_ms,0.2248,
frame_ms,0.2499,
frame_ms,0.2227,
frame_ms,0.2115,
frame_ms,0.2313,
frame_ms,0.2274,
frame_ms,0.2112,
frame_ms,0.3005,
tick_us,329.1,48
frame_ms,0.9218,
frame_ms,0.2576,
frame_ms,0.2408,
frame_ms,0.2586,
frame_ms,0.2314,
frame_ms,0.2123,
frame_ms,0.2065,
frame_ms,0.2033,
frame_ms,0.246,
frame_ms,0.2192,
frame_ms,0.2091,
frame_ms,0.2442,
frame_ms,0.2252,
frame_ms,0.2119,
frame_ms,0.2456,
frame_ms,0.2459,
frame_ms,0.2161,
frame_ms,0.2182,
frame_ms,0.2693,
frame_ms,0.225,
frame_ms,0.2069,
frame_ms,0.2462,
frame_ms,0.2202,
frame_ms,0.5186,
frame_ms,0.3013,
frame_ms,0.266,
tick_us,325.5,50
frame_ms,0.8977,
frame_ms,0.2429,
frame_ms,0.2165,
frame_ms,0.2156,
frame_ms,0.2231,
frame_ms,0.2114,
frame_ms,0.2489,
frame_ms,0.2247,
frame_ms,0.2107,
frame_ms,0.2385,
frame_ms,0.221,
frame_ms,0.2115,
frame_ms,0.2535,
frame_ms,0.7774,
frame_ms,0.2753,
frame_ms,0.2397,
frame_ms,0.2224,
frame_ms,0.2153,
frame_ms,0.2102,
frame_ms,0.2486,
frame_ms,0.3861,
frame_ms,0.4261,
frame_ms,0.2705,
tick_us,309.2,48
frame_ms,0.8853,
frame_ms,0.2344,
frame_ms,0.2104,
frame_ms,0.2243,
frame_ms,0.2169,
frame_ms,0.2081,
frame_ms,0.2694,
frame_ms,0.2228,
frame_ms,0.2145,
frame_ms,0.2508,
frame_ms,0.2214,
frame_ms,0.2089,
frame_ms,0.2475,
frame_ms,0.2188,
frame_ms,0.2122,
frame_ms,0.2541,
frame_ms,0.2239,
frame_ms,0.2101,
frame_ms,0.2464,
frame_ms,0.2214,
frame_ms,0.2096,
frame_ms,0.2764,
frame_ms,0.2286,
frame_ms,0.2218,
frame_ms,0.2605,
frame_ms,0.2279,
tick_us,328.7,52
frame_ms,1.1574,
frame_ms,0.2699,
frame_ms,0.2513,
frame_ms,0.2084,
frame_ms,0.2099,
frame_ms,0.2309,
frame_ms,0.222,
frame_ms,0.2163,
frame_ms,0.248,
frame_ms,0.2246,
frame_ms,0.2084,
frame_ms,0.2471,
frame_ms,0.3693,
frame_ms,0.3642,
frame_ms,0.3402,
frame_ms,0.2946,
frame_ms,0.245,
frame_ms,0.2114,
frame_ms,0.2118,
frame_ms,0.2099,
frame_ms,0.3134,
frame_ms,0.2219,
frame_ms,0.2207,
frame_ms,0.2182,
frame_ms,0.2384,
frame_ms,0.231,
tick_us,334,54
frame_ms,0.8891,
frame_ms,0.2411,
frame_ms,0.2102,
frame_ms,0.2254,
frame_ms,0.2214,
frame_ms,0.2158,
frame_ms,0.2135,
frame_ms,0.2125,
frame_ms,0.2563,
frame_ms,0.2325,
frame_ms,0.2082,
frame_ms,0.2591,
frame_ms,0.2198,
frame_ms,0.2078,
frame_ms,0.2461,
frame_ms,0.2227,
frame_ms,0.2127,
frame_ms,0.2221,
frame_ms,0.2183,
frame_ms,0.2074,
frame_ms,0.8135,
frame_ms,0.2142,
frame_ms,0.2124,
frame_ms,0.2131,
frame_ms,0.2091,
tick_us,322.1,52
frame_ms,0.9074,
frame_ms,0.2347,
frame_ms,0.2077,
frame_ms,0.2133,
frame_ms,0.2046,
frame_ms,0.2396,
frame_ms,0.2241,
frame_ms,0.2146,
frame_ms,0.2516,
frame_ms,0.2183,
frame_ms,0.2114,
frame_ms,0.2556,
frame_ms,0.2151,
frame_ms,0.2062,
frame_ms,0.2486,
frame_ms,0.2188,
frame_ms,0.2093,
frame_ms,0.2506,
frame_ms,0.2207,
frame_ms,0.2055,
frame_ms,0.2548,
frame_ms,0.2239,
frame_ms,0.2103,
frame_ms,0.2345,
frame_ms,0.2797,
frame_ms,0.2453,
frame_ms,0.2284,
frame_ms,0.2232,
tick_us,333.8,50
frame_ms,1.0215,
frame_ms,0.3777,
frame_ms,0.226,
frame_ms,0.2177,
frame_ms,0.2202,
frame_ms,0.2135,
frame_ms,0.2131,
frame_ms,0.2772,
frame_ms,0.2767,
frame_ms,0.239,
frame_ms,0.2299,
frame_ms,0.2307,
frame_ms,0.2222,
frame_ms,0.2184,
frame_ms,0.2394,
frame_ms,0.269,
frame_ms,0.2445,
frame_ms,0.2228,
frame_ms,0.2095,
frame_ms,0.2373,
frame_ms,0.2156,
frame_ms,0.2062,
frame_ms,0.4023,
frame_ms,0.3621,
tick_us,335.8,54
frame_ms,0.9591,
frame_ms,0.2428,
frame_ms,0.2164,
frame_ms,0.2195,
frame_ms,0.2143,
frame_ms,0.2346,
frame_ms,0.225,
frame_ms,0.2762,
frame_ms,0.2219,
frame_ms,0.2455,
frame_ms,0.2154,
frame_ms,0.2049,
frame_ms,0.24,
frame_ms,0.2269,
frame_ms,0.2083,
frame_ms,0.2161,
frame_ms,0.2425,
frame_ms,0.2252,
frame_ms,0.214,
frame_ms,0.2499,
frame_ms,0.2226,
frame_ms,0.2136,
frame_ms,0.251,
frame_ms,0.217,
frame_ms,0.205,
frame_ms,0.2566,
frame_ms,0.2191,
frame_ms,0.2043,
tick_us,325.9,54
frame_ms,0.9154,
frame_ms,0.2392,
frame_ms,0.2091,
frame_ms,0.2138,
frame_ms,0.2083,
frame_ms,0.2146,
frame_ms,0.3689,
frame_ms,0.2897,
frame_ms,0.2998,
frame_ms,0.2234,
frame_ms,0.2147,
frame_ms,0.2075,
frame_ms,0.2398,
frame_ms,0.2184,
frame_ms,0.207,
frame_ms,0.2489,
frame_ms,0.2187,
frame_ms,0.2069,
frame_ms,0.2476,
frame_ms,0.2197,
frame_ms,0.2099,
frame_ms,0.2538,
frame_ms,0.2226,
frame_ms,0.2136,
frame_ms,0.2262,
frame_ms,0.2154,
tick_us,322.6,56
frame_ms,0.922,
frame_ms,0.2521,
frame_ms,0.4851,
frame_ms,0.2454,
frame_ms,0.2173,
frame_ms,0.215,
frame_ms,0.2137,
frame_ms,0.2036,
frame_ms,0.2714,
frame_ms,0.2265,
frame_ms,0.2137,
frame_ms,0.2574,
frame_ms,0.2312,
frame_ms,0.2092,
frame_ms,0.2687,
frame_ms,0.2276,
frame_ms,0.2082,
frame_ms,0.2478,
frame_ms,0.2197,
frame_ms,0.2098,
frame_ms,0.2602,
frame_ms,0.2161,
frame_ms,0.2102,
frame_ms,0.2475,
frame_ms,0.2197,
frame_ms,0.2114,
frame_ms,0.2155,
tick_us,306.1,54
frame_ms,0.8747,
frame_ms,0.235,
frame_ms,0.2077,
frame_ms,0.2132,
frame_ms,0.2054,
frame_ms,0.2115,
frame_ms,0.2775,
frame_ms,0.2244,
frame_ms,0.2141,
frame_ms,0.23,
frame_ms,0.2108,
frame_ms,0.2124,
frame_ms,0.225,
frame_ms,0.2457,
frame_ms,0.2169,
frame_ms,0.3134,
frame_ms,0.2944,
frame_ms,0.2392,
frame_ms,0.2354,
frame_ms,0.2305,
frame_ms,0.2262,
frame_ms,0.2248,
frame_ms,0.2666,
frame_ms,0.2378,
frame_ms,0.2213,
frame_ms,0.2213,
frame_ms,0.2529,
tick_us,349.5,50
frame_ms,0.9565,
frame_ms,0.2458,
frame_ms,0.2204,
frame_ms,0.2215,
frame_ms,0.2366,
frame_ms,0.2343,
frame_ms,0.2874,
frame_ms,0.5795,
frame_ms,0.3874,
frame_ms,0.3507,
frame_ms,0.2839,
frame_ms,0.294,
frame_ms,0.2276,
frame_ms,0.2582,
frame_ms,0.2678,
frame_ms,0.2743,
frame_ms,0.2621,
frame_ms,0.2554,
frame_ms,0.2089,
frame_ms,0.2142,
frame_ms,0.2507,
frame_ms,0.313,
tick_us,336.9,52
frame_ms,0.9407,
frame_ms,0.2614,
frame_ms,0.2438,
frame_ms,0.3184,
frame_ms,0.4417,
frame_ms,0.3278,
frame_ms,0.2466,
frame_ms,0.249,
frame_ms,0.2632,
frame_ms,0.2583,
frame_ms,0.4374,
frame_ms,0.3671,
frame_ms,0.3163,
frame_ms,0.2861,
frame_ms,0.2829,
frame_ms,0.2269,
frame_ms,0.2266,
frame_ms,0.2435,
frame_ms,0.6992,
frame_ms,0.3873,
tick_us,410.9,50
frame_ms,1.1526,
frame_ms,0.2715,
frame_ms,0.2181,
frame_ms,0.2197,
frame_ms,0.2192,
frame_ms,0.4002,
frame_ms,0.2463,
frame_ms,0.2476,
frame_ms,0.2199,
frame_ms,0.217,
frame_ms,0.2128,
frame_ms,0.2454,
frame_ms,0.2196,
frame_ms,0.2094,
frame_ms,0.2491,
frame_ms,0.2208,
frame_ms,0.2115,
frame_ms,0.2208,
frame_ms,0.2176,
frame_ms,0.2086,
frame_ms,0.2432,
frame_ms,0.2262,
frame_ms,0.2101,
frame_ms,0.2463,
frame_ms,0.2249,
frame_ms,0.208,
tick_us,324.9,44
frame_ms,0.9122,
frame_ms,0.2332,
frame_ms,0.2092,
frame_ms,0.213,
frame_ms,0.207,
frame_ms,0.2811,
frame_ms,0.2958,
frame_ms,0.2357,
frame_ms,0.2275,
frame_ms,0.2173,
frame_ms,0.2123,
frame_ms,0.2422,
frame_ms,0.2557,
frame_ms,0.2253,
frame_ms,0.2111,
frame_ms,0.2379,
frame_ms,0.2127,
frame_ms,0.2072,
frame_ms,0.2939,
frame_ms,0.2636,
frame_ms,0.231,
frame_ms,0.2259,
frame_ms,0.2193,
frame_ms,0.2384,
frame_ms,0.2179,
frame_ms,0.2165,
tick_us,415.9,46
frame_ms,1.0806,
frame_ms,0.3734,
frame_ms,0.2699,
frame_ms,0.2531,
frame_ms,0.3049,
frame_ms,0.2761,
frame_ms,0.2965,
frame_ms,0.2466,
frame_ms,0.2265,
frame_ms,0.2367,
frame_ms,0.2289,
frame_ms,0.2365,
frame_ms,0.227,
frame_ms,0.2329,
frame_ms,0.2484,
frame_ms,0.2254,
frame_ms,0.2134,
frame_ms,0.2158,
frame_ms,0.2166,
frame_ms,0.282,
frame_ms,0.2668,
frame_ms,0.2274,
frame_ms,0.2193,
frame_ms,0.2095,
frame_ms,0.2347,
tick_us,352.8,50
frame_ms,0.9152,
frame_ms,0.2369,
frame_ms,0.2098,
frame_ms,0.2122,
frame_ms,0.2075,
frame_ms,0.2114,
frame_ms,0.2682,
frame_ms,0.2248,
frame_ms,0.2092,
frame_ms,0.2819,
frame_ms,0.2626,
frame_ms,0.2268,
frame_ms,0.2195,
frame_ms,0.2159,
frame_ms,0.2103,
frame_ms,0.248,
frame_ms,0.2466,
frame_ms,0.2191,
frame_ms,0.215,
frame_ms,0.2695,
frame_ms,0.2226,
frame_ms,0.2138,
frame_ms,0.2432,
frame_ms,0.2208,
frame_ms,0.2103,
frame_ms,0.2168,
frame_ms,0.2513,
tick_us,321.5,52
frame_ms,0.9134,
frame_ms,0.2353,
frame_ms,0.2143,
frame_ms,0.2146,
frame_ms,0.2242,
frame_ms,0.7582,
frame_ms,0.3978,
frame_ms,0.2514,
frame_ms,0.2202,
frame_ms,0.2162,
frame_ms,0.2678,
frame_ms,0.2137,
frame_ms,0.4092,
frame_ms,0.2233,
frame_ms,0.2184,
frame_ms,0.211,
frame_ms,0.2552,
frame_ms,0.2654,
frame_ms,0.229,
frame_ms,0.2229,
frame_ms,0.2581,
frame_ms,0.2489,
frame_ms,0.2203,
frame_ms,0.2182,
tick_us,332.9,54
frame_ms,0.8788,
frame_ms,0.2434,
frame_ms,0.219,
frame_ms,0.2146,
frame_ms,0.2082,
frame_ms,0.2436,
frame_ms,0.2627,
frame_ms,0.2277,
frame_ms,0.2169,
frame_ms,0.2105,
frame_ms,0.2084,
frame_ms,0.2936,
frame_ms,0.3555,
frame_ms,0.2303,
frame_ms,0.2164,
frame_ms,0.2153,
frame_ms,0.2464,
frame_ms,0.2538,
frame_ms,0.2213,
frame_ms,0.2177,
frame_ms,0.2771,
frame_ms,0.2313,
frame_ms,0.2152,
frame_ms,0.2428,
frame_ms,0.2257,
frame_ms,0.218,
tick_us,344.4,54
frame_ms,0.94,
frame_ms,0.239,
frame_ms,0.2163,
frame_ms,0.2162,
frame_ms,0.2325,
frame_ms,0.2178,
frame_ms,0.2313,
frame_ms,0.2196,
frame_ms,0.217,
frame_ms,0.2137,
frame_ms,0.2569,
frame_ms,0.5103,
frame_ms,0.4918,
frame_ms,0.3558,
frame_ms,0.3889,
frame_ms,0.3531,
frame_ms,0.3503,
frame_ms,0.3363,
frame_ms,0.2536,
frame_ms,0.2173,
frame_ms,0.2219,
frame_ms,0.2169,
frame_ms,0.2132,
tick_us,330.2,54
frame_ms,0.9161,
frame_ms,0.2444,
frame_ms,0.3048,
frame_ms,0.2863,
frame_ms,0.2449,
frame_ms,0.2449,
frame_ms,0.2635,
frame_ms,0.2432,
frame_ms,0.2428,
frame_ms,0.2536,
frame_ms,0.2471,
frame_ms,0.5279,
frame_ms,0.3562,
frame_ms,0.3661,
frame_ms,0.3407,
frame_ms,0.3363,
frame_ms,0.3432,
frame_ms,0.329,
frame_ms,0.3745,
frame_ms,0.2995,
tick_us,328.3,52
frame_ms,0.9139,
frame_ms,0.2409,
frame_ms,0.2152,
frame_ms,0.2302,
frame_ms,0.2207,
frame_ms,0.2161,
frame_ms,0.2292,
frame_ms,0.2125,
frame_ms,0.2071,
frame_ms,0.2669,
frame_ms,0.273,
frame_ms,0.2347,
frame_ms,0.2234,
frame_ms,0.2147,
frame_ms,0.2372,
frame_ms,0.3043,
frame_ms,0.5493,
frame_ms,0.4083,
frame_ms,0.277,
frame_ms,0.2314,
frame_ms,0.2188,
frame_ms,0.2218,
frame_ms,0.2154,
frame_ms,0.2144,
frame_ms,0.2674,
tick_us,323.7,50
frame_ms,0.9246,
frame_ms,0.2399,
frame_ms,0.2208,
frame_ms,0.2194,
frame_ms,0.2314,
frame_ms,0.2151,
frame_ms,0.2122,
frame_ms,0.2623,
frame_ms,0.2261,
frame_ms,0.2107,
frame_ms,0.2591,
frame_ms,0.2219,
frame_ms,0.2097,
frame_ms,0.2483,
frame_ms,0.2275,
frame_ms,0.2129,
frame_ms,0.2665,
frame_ms,0.517,
frame_ms,0.4148,
frame_ms,0.3586,
frame_ms,0.2669,
frame_ms,0.2173,
frame_ms,0.2146,
frame_ms,0.2073,
tick_us,339.9,50
frame_ms,0.9233,
frame_ms,0.2386,
frame_ms,0.2123,
frame_ms,0.2157,
frame_ms,0.2193,
frame_ms,0.2181,
frame_ms,0.2806,
frame_ms,0.4544,
frame_ms,0.347,
frame_ms,0.2731,
frame_ms,0.2298,
frame_ms,0.2122,
frame_ms,0.2166,
frame_ms,0.2134,
frame_ms,0.2443,
frame_ms,0.2257,
frame_ms,0.2146,
frame_ms,0.3005,
frame_ms,0.3785,
frame_ms,0.2185,
frame_ms,0.2156,
frame_ms,0.6127,
frame_ms,0.3266,
tick_us,324.4,52
frame_ms,0.905,
frame_ms,0.2274,
frame_ms,0.2112,
frame_ms,0.226,
frame_ms,0.2208,
frame_ms,0.2146,
frame_ms,0.2397,
frame_ms,0.2173,
frame_ms,0.2085,
frame_ms,0.2592,
frame_ms,0.227,
frame_ms,0.2144,
frame_ms,0.2673,
frame_ms,0.2294,
frame_ms,0.213,
frame_ms,0.2134,
frame_ms,0.2432,
frame_ms,0.2266,
frame_ms,0.223,
frame_ms,0.2048,
frame_ms,0.2655,
frame_ms,0.2666,
frame_ms,0.4245,
frame_ms,0.4136,
frame_ms,0.2663,
frame_ms,0.2333,
tick_us,341.5,52
frame_ms,0.9021,
frame_ms,0.2409,
frame_ms,0.2751,
frame_ms,0.253,
frame_ms,0.2204,
frame_ms,0.2188,
frame_ms,0.2467,
frame_ms,0.2071,
frame_ms,0.22,
frame_ms,0.2451,
frame_ms,0.2419,
frame_ms,0.2112,
frame_ms,0.2389,
frame_ms,0.2185,
frame_ms,0.2046,
frame_ms,0.2478,
frame_ms,0.2198,
frame_ms,0.2168,
frame_ms,0.2208,
frame_ms,0.2081,
frame_ms,0.2566,
frame_ms,0.2636,
frame_ms,0.3093,
frame_ms,0.2266,
frame_ms,0.2228,
frame_ms,0.2138,
frame_ms,0.2081,
tick_us,351.6,50
frame_ms,0.9698,
frame_ms,0.248,
frame_ms,0.2224,
frame_ms,0.224,
frame_ms,0.2222,
frame_ms,0.2253,
frame_ms,0.2146,
frame_ms,0.2934,
frame_ms,0.4139,
frame_ms,0.4043,
frame_ms,0.3402,
frame_ms,0.3491,
frame_ms,0.4114,
frame_ms,0.3599,
frame_ms,0.3337,
frame_ms,0.5482,
frame_ms,0.3319,
frame_ms,0.2208,
frame_ms,0.2168,
frame_ms,0.2143,
tick_us,338.6,52
frame_ms,0.9139,
frame_ms,0.2308,
frame_ms,0.2074,
frame_ms,0.2157,
frame_ms,0.2228,
frame_ms,0.2147,
frame_ms,0.2448,
frame_ms,0.2206,
frame_ms,0.2124,
frame_ms,0.2441,
frame_ms,0.2209,
frame_ms,0.211,
frame_ms,0.2866,
frame_ms,0.2718,
frame_ms,0.943,
frame_ms,0.2398,
frame_ms,0.2203,
frame_ms,0.2879,
frame_ms,0.2564,
frame_ms,0.4026,
frame_ms,0.2473,
frame_ms,0.2177,
frame_ms,0.2131,
frame_ms,0.2079,
tick_us,332.4,56
frame_ms,0.8777,
frame_ms,0.2387,
frame_ms,0.2144,
frame_ms,0.2172,
frame_ms,0.223,
frame_ms,0.2232,
frame_ms,0.6749,
frame_ms,0.2677,
frame_ms,0.2191,
frame_ms,0.2189,
frame_ms,0.2144,
frame_ms,0.2097,
frame_ms,0.2084,
frame_ms,0.2467,
frame_ms,0.2303,
frame_ms,0.2097,
frame_ms,0.2619,
frame_ms,0.2285,
frame_ms,0.2131,
frame_ms,0.2497,
frame_ms,0.2507,
frame_ms,0.2321,
frame_ms,0.5272,
tick_us,318.4,52
frame_ms,0.9722,
frame_ms,0.2347,
frame_ms,0.2118,
frame_ms,0.2191,
frame_ms,0.2218,
frame_ms,0.2187,
frame_ms,0.2471,
frame_ms,0.2638,
frame_ms,0.231,
frame_ms,0.2411,
frame_ms,0.2291,
frame_ms,0.2334,
frame_ms,0.2162,
frame_ms,0.2738,
frame_ms,0.2678,
frame_ms,0.23,
frame_ms,0.2214,
frame_ms,0.2177,
frame_ms,0.2113,
frame_ms,0.2318,
frame_ms,0.2182,
frame_ms,0.2261,
frame_ms,0.2564,
frame_ms,0.2282,
frame_ms,0.2134,
frame_ms,0.2414,
frame_ms,0.3645,
tick_us,332,52
frame_ms,0.9183,
frame_ms,0.2334,
frame_ms,0.2121,
frame_ms,0.22,
frame_ms,0.2195,
frame_ms,0.2089,
frame_ms,0.2501,
frame_ms,0.2269,
frame_ms,0.212,
frame_ms,0.2744,
frame_ms,0.2273,
frame_ms,0.2091,
frame_ms,0.6399,
frame_ms,0.32,
frame_ms,0.2567,
frame_ms,0.2261,
frame_ms,0.2697,
frame_ms,0.2263,
frame_ms,0.2265,
frame_ms,0.2278,
frame_ms,0.2361,
frame_ms,0.2649,
frame_ms,0.3587,
frame_ms,0.3235,
tick_us,358.8,52
frame_ms,0.9641,
frame_ms,0.2879,
frame_ms,0.2593,
frame_ms,0.2202,
frame_ms,0.2329,
frame_ms,0.2254,
frame_ms,0.2269,
frame_ms,0.2131,
frame_ms,0.2471,
frame_ms,0.2631,
frame_ms,0.2515,
frame_ms,0.2195,
frame_ms,0.2169,
frame_ms,0.2153,
frame_ms,0.2464,
frame_ms,0.223,
frame_ms,0.2151,
frame_ms,0.233,
frame_ms,0.2428,
frame_ms,0.2318,
frame_ms,0.3859,
frame_ms,0.2683,
frame_ms,0.2325,
frame_ms,0.2213,
frame_ms,0.2684,
tick_us,323.4,54
frame_ms,1.0831,
frame_ms,0.2633,
frame_ms,0.2202,
frame_ms,0.2131,
frame_ms,0.2151,
frame_ms,0.2248,
frame_ms,0.2713,
frame_ms,0.2324,
frame_ms,0.217,
frame_ms,0.253,
frame_ms,0.2236,
frame_ms,0.2128,
frame_ms,0.2376,
frame_ms,0.2239,
frame_ms,0.2702,
frame_ms,0.2237,
frame_ms,0.2155,
frame_ms,0.2417,
frame_ms,0.2228,
frame_ms,0.2116,
frame_ms,0.288,
frame_ms,0.2434,
frame_ms,0.2186,
frame_ms,0.2937,
frame_ms,0.3544,
frame_ms,0.2591,
tick_us,339.4,54
frame_ms,1.2629,
frame_ms,0.3123,
frame_ms,0.2315,
frame_ms,0.2131,
frame_ms,0.2178,
frame_ms,0.2302,
frame_ms,0.2243,
frame_ms,0.2627,
frame_ms,0.2299,
frame_ms,0.2205,
frame_ms,0.2126,
frame_ms,0.2397,
frame_ms,0.224,
frame_ms,0.2578,
frame_ms,0.2091,
frame_ms,0.2451,
frame_ms,0.2273,
frame_ms,0.2113,
frame_ms,0.2519,
frame_ms,0.2224,
frame_ms,0.2127,
frame_ms,0.2379,
frame_ms,0.2122,
frame_ms,0.2317,
frame_ms,0.2179,
tick_us,328.4,46
frame_ms,0.9257,
frame_ms,0.2592,
frame_ms,0.215,
frame_ms,0.2198,
frame_ms,0.2148,
frame_ms,0.2212,
frame_ms,0.2136,
frame_ms,0.2879,
frame_ms,0.2397,
frame_ms,0.2154,
frame_ms,0.2427,
frame_ms,0.2215,
frame_ms,0.2139,
frame_ms,0.2485,
frame_ms,0.2245,
frame_ms,0.2095,
frame_ms,0.2474,
frame_ms,0.2259,
frame_ms,0.2144,
frame_ms,0.2621,
frame_ms,0.2344,
frame_ms,0.2107,
frame_ms,0.2894,
frame_ms,0.2276,
frame_ms,0.2071,
tick_us,333,48
frame_ms,1.3296,
frame_ms,0.2456,
frame_ms,0.2143,
frame_ms,0.2132,
frame_ms,0.2057,
frame_ms,0.2429,
frame_ms,0.274,
frame_ms,0.234,
frame_ms,0.2271,
frame_ms,0.2231,
frame_ms,0.2197,
frame_ms,0.2426,
frame_ms,0.2181,
frame_ms,0.2842,
frame_ms,0.2667,
frame_ms,0.2244,
frame_ms,0.2182,
frame_ms,0.2123,
frame_ms,0.2383,
frame_ms,0.23,
frame_ms,0.2133,
frame_ms,0.2472,
frame_ms,0.2245,
frame_ms,0.2158,
frame_ms,0.2994,
frame_ms,0.2579,
frame_ms,0.227,
tick_us,327.1,54
frame_ms,0.9176,
frame_ms,0.3183,
frame_ms,0.2447,
frame_ms,0.2123,
frame_ms,0.2161,
frame_ms,0.2106,
frame_ms,0.2241,
frame_ms,0.2164,
frame_ms,0.2789,
frame_ms,0.2288,
frame_ms,0.2347,
frame_ms,0.2886,
frame_ms,0.2564,
frame_ms,0.2278,
frame_ms,0.2245,
frame_ms,0.2178,
frame_ms,0.2135,
frame_ms,0.2566,
frame_ms,0.2507,
frame_ms,0.2188,
frame_ms,0.2375,
frame_ms,0.2254,
frame_ms,0.2083,
frame_ms,0.2235,
frame_ms,0.2173,
frame_ms,0.2086,
frame_ms,0.2335,
tick_us,325.3,54
frame_ms,0.9571,
frame_ms,0.5074,
frame_ms,0.2757,
frame_ms,0.2374,
frame_ms,0.2211,
frame_ms,0.2178,
frame_ms,0.2132,
frame_ms,0.24,
frame_ms,0.2457,
frame_ms,0.2226,
frame_ms,0.2172,
frame_ms,0.2524,
frame_ms,0.2455,
frame_ms,0.2169,
frame_ms,0.2139,
frame_ms,0.3217,
frame_ms,0.2743,
frame_ms,0.2326,
frame_ms,0.2762,
frame_ms,0.385,
frame_ms,0.3973,
frame_ms,0.3434,
tick_us,403.6,58
frame_ms,1.1039,
frame_ms,0.3712,
frame_ms,0.2478,
frame_ms,0.2226,
frame_ms,0.2201,
frame_ms,0.2292,
frame_ms,0.2207,
frame_ms,0.2426,
frame_ms,0.2235,
frame_ms,0.2653,
frame_ms,0.2347,
frame_ms,0.218,
frame_ms,0.2438,
frame_ms,0.228,
frame_ms,0.2217,
frame_ms,0.2105,
frame_ms,0.2477,
frame_ms,0.228,
frame_ms,0.2102,
frame_ms,0.2573,
frame_ms,0.2237,
frame_ms,0.2099,
frame_ms,0.2441,
frame_ms,0.2228,
frame_ms,0.2098,
frame_ms,0.2459,
tick_us,329.4,56
frame_ms,0.8797,
frame_ms,0.2301,
frame_ms,0.2078,
frame_ms,0.2163,
frame_ms,0.2309,
frame_ms,0.2157,
frame_ms,0.2584,
frame_ms,0.226,
frame_ms,0.2115,
frame_ms,0.2436,
frame_ms,0.2237,
frame_ms,0.2139,
frame_ms,0.3279,
frame_ms,0.7762,
frame_ms,0.3453,
frame_ms,0.2569,
frame_ms,0.2305,
frame_ms,0.2221,
frame_ms,0.2203,
frame_ms,0.2215,
frame_ms,0.2138,
frame_ms,0.2477,
frame_ms,0.2631,
frame_ms,0.2313,
tick_us,342.3,58
frame_ms,0.9084,
frame_ms,0.2359,
frame_ms,0.2321,
frame_ms,0.2319,
frame_ms,0.2226,
frame_ms,0.2273,
frame_ms,0.2161,
frame_ms,0.3084,
frame_ms,0.2262,
frame_ms,0.2188,
frame_ms,0.215,
frame_ms,0.2169,
frame_ms,0.2748,
frame_ms,0.2674,
frame_ms,0.2254,
frame_ms,0.223,
frame_ms,0.2131,
frame_ms,0.2357,
frame_ms,0.2307,
frame_ms,0.2109,
frame_ms,0.2434,
frame_ms,0.2577,
frame_ms,0.248,
frame_ms,0.2231,
frame_ms,0.2427,
frame_ms,0.2145,
frame_ms,0.2103,
tick_us,328.3,58
frame_ms,0.9281,
frame_ms,0.2771,
frame_ms,0.2326,
frame_ms,0.2118,
frame_ms,0.2162,
frame_ms,0.2403,
frame_ms,0.5667,
frame_ms,0.3033,
frame_ms,0.2566,
frame_ms,0.2804,
frame_ms,0.2288,
frame_ms,0.2308,
frame_ms,0.2399,
frame_ms,0.2489,
frame_ms,0.2475,
frame_ms,0.2239,
frame_ms,0.2183,
frame_ms,0.2121,
frame_ms,0.2448,
frame_ms,0.221,
frame_ms,0.3057,
frame_ms,0.2659,
frame_ms,0.2299,
frame_ms,0.2258,
frame_ms,0.2184,
tick_us,338.1,56
frame_ms,0.9139,
frame_ms,0.2346,
frame_ms,0.208,
frame_ms,0.2145,
frame_ms,0.2071,
frame_ms,0.2073,
frame_ms,0.2761,
frame_ms,0.2745,
frame_ms,0.2257,
frame_ms,0.2221,
frame_ms,0.2127,
frame_ms,0.2141,
frame_ms,0.266,
frame_ms,0.2305,
frame_ms,0.2111,
frame_ms,0.2509,
frame_ms,0.2626,
frame_ms,0.2236,
frame_ms,0.2195,
frame_ms,0.2109,
frame_ms,0.2481,
frame_ms,0.2231,
frame_ms,0.2155,
frame_ms,0.268,
frame_ms,0.2255,
frame_ms,0.2086,
frame_ms,0.2735,
tick_us,322.5,50
frame_ms,0.8733,
frame_ms,0.2273,
frame_ms,0.2071,
frame_ms,0.2182,
frame_ms,0.2207,
frame_ms,0.2215,
frame_ms,0.2123,
frame_ms,0.2773,
frame_ms,0.2355,
frame_ms,0.2108,
frame_ms,0.2592,
frame_ms,0.2254,
frame_ms,0.2098,
frame_ms,0.2519,
frame_ms,0.2183,
frame_ms,0.2124,
frame_ms,0.2533,
frame_ms,0.2156,
frame_ms,0.227,
frame_ms,0.227,
frame_ms,0.2138,
frame_ms,0.2241,
frame_ms,0.2153,
frame_ms,0.2071,
frame_ms,0.2476,
frame_ms,0.2206,
frame_ms,0.2072,
frame_ms,0.2466,
tick_us,306.3,46
frame_ms,0.9725,
frame_ms,0.3691,
frame_ms,0.2182,
frame_ms,0.2159,
frame_ms,0.2196,
frame_ms,0.2071,
frame_ms,0.2661,
frame_ms,0.2248,
frame_ms,0.2259,
frame_ms,0.2667,
frame_ms,0.2419,
frame_ms,0.2137,
frame_ms,0.2578,
frame_ms,0.2549,
frame_ms,0.2132,
frame_ms,0.2061,
frame_ms,0.2449,
frame_ms,0.2163,
frame_ms,0.2098,
frame_ms,0.2651,
frame_ms,0.2181,
frame_ms,0.208,
frame_ms,0.2658,
frame_ms,0.2718,
frame_ms,0.2339,
frame_ms,0.2247,
tick_us,332.1,50
frame_ms,0.9154,
frame_ms,0.2991,
frame_ms,0.3281,
frame_ms,0.349,
frame_ms,0.2581,
frame_ms,0.2147,
frame_ms,0.2101,
frame_ms,0.2089,
frame_ms,0.2275,
frame_ms,0.2571,
frame_ms,0.2276,
frame_ms,0.2142,
frame_ms,0.2763,
frame_ms,0.2236,
frame_ms,0.2084,
frame_ms,0.2507,
frame_ms,0.2643,
frame_ms,0.2581,
frame_ms,0.2253,
frame_ms,0.2178,
frame_ms,0.2369,
frame_ms,0.2442,
frame_ms,0.2151,
frame_ms,0.2494,
frame_ms,0.2255,
tick_us,334.9,52
frame_ms,0.8896,
frame_ms,0.2348,
frame_ms,0.2103,
frame_ms,0.2224,
frame_ms,0.2177,
frame_ms,0.2132,
frame_ms,0.2216,
frame_ms,0.2663,
frame_ms,0.228,
frame_ms,0.2113,
frame_ms,0.5456,
frame_ms,0.2676,
frame_ms,0.2172,
frame_ms,0.2132,
frame_ms,0.2218,
frame_ms,0.2075,
frame_ms,0.2501,
frame_ms,0.232,
frame_ms,0.2152,
frame_ms,0.2752,
frame_ms,0.2244,
frame_ms,0.208,
frame_ms,0.2496,
frame_ms,0.2225,
frame_ms,0.2107,
frame_ms,0.2553,
tick_us,315,50
frame_ms,0.8659,
frame_ms,0.2276,
frame_ms,0.2081,
frame_ms,0.2173,
frame_ms,0.217,
frame_ms,0.2264,
frame_ms,0.2324,
frame_ms,0.2423,
frame_ms,0.2278,
frame_ms,0.2096,
frame_ms,0.2583,
frame_ms,0.2222,
frame_ms,0.2131,
frame_ms,0.2654,
frame_ms,0.2166,
frame_ms,0.2104,
frame_ms,0.2217,
frame_ms,0.2104,
frame_ms,0.205,
frame_ms,0.2641,
frame_ms,0.2266,
frame_ms,0.2086,
frame_ms,0.2487,
frame_ms,0.2199,
frame_ms,0.2114,
frame_ms,0.2236,
frame_ms,0.2118,
frame_ms,0.2058,
tick_us,320.3,50
frame_ms,0.9229,
frame_ms,0.2391,
frame_ms,0.2094,
frame_ms,0.2119,
frame_ms,0.2063,
frame_ms,0.2322,
frame_ms,0.2231,
frame_ms,0.2113,
frame_ms,0.2505,
frame_ms,0.2202,
frame_ms,0.2106,
frame_ms,0.2245,
frame_ms,0.2127,
frame_ms,0.2301,
frame_ms,0.2563,
frame_ms,0.3589,
frame_ms,0.2568,
frame_ms,0.2124,
frame_ms,0.2117,
frame_ms,0.208,
frame_ms,0.2216,
frame_ms,0.2492,
frame_ms,0.2176,
frame_ms,0.2068,
frame_ms,0.2504,
frame_ms,0.2189,
frame_ms,0.2054,
frame_ms,0.2599,
tick_us,317,50
frame_ms,0.8626,
frame_ms,0.2261,
frame_ms,0.2063,
frame_ms,0.214,
frame_ms,0.215,
frame_ms,0.2386,
frame_ms,0.2171,
frame_ms,0.2137,
frame_ms,0.2431,
frame_ms,0.2181,
frame_ms,0.2087,
frame_ms,0.2469,
frame_ms,0.2229,
frame_ms,0.21,
frame_ms,0.2196,
frame_ms,0.2759,
frame_ms,0.2456,
frame_ms,0.2235,
frame_ms,0.2753,
frame_ms,0.2968,
frame_ms,0.2521,
frame_ms,0.2408,
frame_ms,0.2405,
frame_ms,0.2356,
frame_ms,0.245,
frame_ms,0.2713,
tick_us,325.3,50
frame_ms,0.9135,
frame_ms,0.2419,
frame_ms,0.2151,
frame_ms,0.2197,
frame_ms,0.227,
frame_ms,0.2147,
frame_ms,0.2203,
frame_ms,0.2394,
frame_ms,0.2277,
frame_ms,0.2105,
frame_ms,0.2673,
frame_ms,0.2301,
frame_ms,0.2272,
frame_ms,0.2343,
frame_ms,0.2119,
frame_ms,0.2074,
frame_ms,0.33,
frame_ms,0.3942,
frame_ms,0.347,
frame_ms,0.3599,
frame_ms,0.6967,
frame_ms,0.278,
frame_ms,0.2227,
tick_us,322.5,48
frame_ms,0.8832,
frame_ms,0.2344,
frame_ms,0.2238,
frame_ms,0.2218,
frame_ms,0.2193,
frame_ms,0.2092,
frame_ms,0.2445,
frame_ms,0.2268,
frame_ms,0.2135,
frame_ms,0.2618,
frame_ms,0.2297,
frame_ms,0.216,
frame_ms,0.3055,
frame_ms,0.2783,
frame_ms,0.2362,
frame_ms,0.2303,
frame_ms,0.2269,
frame_ms,0.2204,
frame_ms,0.232,
frame_ms,0.2188,
frame_ms,0.2683,
frame_ms,0.2597,
frame_ms,0.2257,
frame_ms,0.211,
frame_ms,0.2076,
frame_ms,0.2678,
frame_ms,0.2305,
tick_us,324.1,44
frame_ms,0.8642,
frame_ms,0.2348,
frame_ms,0.2105,
frame_ms,0.2244,
frame_ms,0.2194,
frame_ms,0.2086,
frame_ms,0.2446,
frame_ms,0.2244,
frame_ms,0.2142,
frame_ms,0.2473,
frame_ms,0.2286,
frame_ms,0.2185,
frame_ms,0.2426,
frame_ms,0.222,
frame_ms,0.213,
frame_ms,0.2721,
frame_ms,0.2277,
frame_ms,0.2111,
frame_ms,0.2624,
frame_ms,0.228,
frame_ms,0.2128,
frame_ms,0.2493,
frame_ms,0.2248,
frame_ms,0.2126,
frame_ms,0.2523,
frame_ms,0.2246,
frame_ms,0.2116,
frame_ms,0.2466,
tick_us,317.6,44
frame_ms,0.9321,
frame_ms,0.2518,
frame_ms,0.2139,
frame_ms,0.2168,
frame_ms,0.223,
frame_ms,0.2159,
frame_ms,0.2401,
frame_ms,0.2271,
frame_ms,0.213,
frame_ms,0.2743,
frame_ms,0.2319,
frame_ms,0.2141,
frame_ms,0.2361,
frame_ms,0.2241,
frame_ms,0.2112,
frame_ms,0.2341,
frame_ms,0.2247,
frame_ms,0.2733,
frame_ms,0.2215,
frame_ms,0.2122,
frame_ms,0.2758,
frame_ms,0.2265,
frame_ms,0.2098,
frame_ms,0.2609,
frame_ms,0.234,
frame_ms,0.2192,
frame_ms,0.2108,
tick_us,313.2,48
frame_ms,0.8837,
frame_ms,0.2339,
frame_ms,0.2107,
frame_ms,0.2126,
frame_ms,0.2189,
frame_ms,0.215,
frame_ms,0.2516,
frame_ms,0.2248,
frame_ms,0.2108,
frame_ms,0.2531,
frame_ms,0.22,
frame_ms,0.2172,
frame_ms,0.2546,
frame_ms,0.2757,
frame_ms,0.2392,
frame_ms,0.2267,
frame_ms,0.225,
frame_ms,0.243,
frame_ms,0.3118,
frame_ms,0.273,
frame_ms,0.2925,
frame_ms,0.2212,
frame_ms,0.2187,
frame_ms,0.2149,
frame_ms,0.2754,
frame_ms,0.2132,
tick_us,312.7,48
frame_ms,0.8947,
frame_ms,0.2559,
frame_ms,0.2183,
frame_ms,0.217,
frame_ms,0.267,
frame_ms,0.2927,
frame_ms,0.2487,
frame_ms,0.2269,
frame_ms,0.2231,
frame_ms,0.216,
frame_ms,0.3867,
frame_ms,0.2607,
frame_ms,0.2395,
frame_ms,0.2188,
frame_ms,0.2156,
frame_ms,0.243,
frame_ms,0.2161,
frame_ms,0.21,
frame_ms,0.2597,
frame_ms,0.2284,
frame_ms,0.237,
frame_ms,0.2138,
frame_ms,0.2359,
frame_ms,0.2162,
frame_ms,0.2133,
frame_ms,0.2334,
tick_us,324.8,46
frame_ms,0.8814,
frame_ms,0.236,
frame_ms,0.2123,
frame_ms,0.2142,
frame_ms,0.214,
frame_ms,0.2249,
frame_ms,0.2182,
frame_ms,0.2135,
frame_ms,0.2342,
frame_ms,0.2514,
frame_ms,0.2238,
frame_ms,0.2105,
frame_ms,0.2756,
frame_ms,0.2216,
frame_ms,0.2118,
frame_ms,0.2371,
frame_ms,0.2205,
frame_ms,0.2056,
frame_ms,0.2481,
frame_ms,0.2218,
frame_ms,0.2065,
frame_ms,0.249,
frame_ms,0.2191,
frame_ms,0.2081,
frame_ms,0.2478,
frame_ms,0.2598,
frame_ms,0.2621,
frame_ms,0.2307,
tick_us,339,44
frame_ms,0.9107,
frame_ms,0.2493,
frame_ms,0.2221,
frame_ms,0.2173,
frame_ms,0.2165,
frame_ms,0.2129,
frame_ms,0.2465,
frame_ms,0.2479,
frame_ms,0.222,
frame_ms,0.4483,
frame_ms,0.3029,
frame_ms,0.2493,
frame_ms,0.2143,
frame_ms,0.2208,
frame_ms,0.2171,
frame_ms,0.2121,
frame_ms,0.2094,
frame_ms,0.2524,
frame_ms,0.2572,
frame_ms,0.2304,
frame_ms,0.224,
frame_ms,0.2134,
frame_ms,0.2127,
frame_ms,0.2674,
frame_ms,0.224,
frame_ms,0.2149,
tick_us,320.9,46
frame_ms,0.9051,
frame_ms,0.2362,
frame_ms,0.211,
frame_ms,0.2129,
frame_ms,0.2085,
frame_ms,0.2157,
frame_ms,0.2417,
frame_ms,0.2248,
frame_ms,0.2131,
frame_ms,0.2493,
frame_ms,0.2214,
frame_ms,0.228,
frame_ms,0.2419,
frame_ms,0.2183,
frame_ms,0.2076,
frame_ms,0.2463,
frame_ms,0.2224,
frame_ms,0.2121,
frame_ms,0.2866,
frame_ms,0.2386,
frame_ms,0.2336,
frame_ms,0.2123,
frame_ms,0.2232,
frame_ms,0.2059,
frame_ms,0.2814,
frame_ms,0.2443,
frame_ms,0.2129,
tick_us,312.5,46
frame_ms,0.8663,
frame_ms,0.2805,
frame_ms,0.2241,
frame_ms,0.2067,
frame_ms,0.2053,
frame_ms,0.2405,
frame_ms,0.2283,
frame_ms,0.2105,
frame_ms,0.2214,
frame_ms,0.2087,
frame_ms,0.203,
frame_ms,0.2671,
frame_ms,0.2218,
frame_ms,0.2105,
frame_ms,0.255,
frame_ms,0.2272,
frame_ms,0.2107,
frame_ms,0.3959,
frame_ms,0.7498,
frame_ms,0.2343,
frame_ms,0.2025,
frame_ms,0.4483,
frame_ms,0.3956,
tick_us,315.8,44
frame_ms,1.0107,
frame_ms,0.3657,
frame_ms,0.2455,
frame_ms,0.4395,
frame_ms,0.4917,
frame_ms,0.4715,
frame_ms,0.4487,
frame_ms,0.5314,
frame_ms,0.3255,
frame_ms,0.2271,
frame_ms,0.2205,
frame_ms,0.2195,
frame_ms,0.2126,
frame_ms,0.2276,
frame_ms,0.2174,
frame_ms,0.2203,
frame_ms,0.2553,
frame_ms,0.2612,
frame_ms,0.2337,
frame_ms,0.2226,
tick_us,322.7,40
frame_ms,1.0631,
frame_ms,0.2514,
frame_ms,0.2192,
frame_ms,0.2199,
frame_ms,0.2206,
frame_ms,0.2388,
frame_ms,0.245,
frame_ms,0.2215,
frame_ms,0.2189,
frame_ms,0.2336,
frame_ms,0.2137,
frame_ms,0.213,
frame_ms,0.249,
frame_ms,0.2305,
frame_ms,0.2123,
frame_ms,0.265,
frame_ms,0.2257,
frame_ms,0.2114,
frame_ms,0.2566,
frame_ms,0.2319,
frame_ms,0.2197,
frame_ms,0.2306,
frame_ms,0.2308,
frame_ms,0.219,
frame_ms,0.3146,
tick_us,327.7,40
frame_ms,1.3287,
frame_ms,0.273,
frame_ms,0.2184,
frame_ms,0.2215,
frame_ms,0.2625,
frame_ms,0.2838,
frame_ms,0.2828,
frame_ms,0.2582,
frame_ms,0.2209,
frame_ms,0.2122,
frame_ms,0.2383,
frame_ms,0.223,
frame_ms,0.2132,
frame_ms,0.2701,
frame_ms,0.2264,
frame_ms,0.2119,
frame_ms,0.2404,
frame_ms,0.2238,
frame_ms,0.2096,
frame_ms,0.2298,
frame_ms,0.2116,
frame_ms,0.2148,
frame_ms,0.2426,
frame_ms,0.2265,
frame_ms,0.212,
frame_ms,0.2205,
frame_ms,0.276,
tick_us,334.7,38
frame_ms,0.9938,
frame_ms,0.2917,
frame_ms,0.2191,
frame_ms,0.2155,
frame_ms,0.2109,
frame_ms,0.2396,
frame_ms,0.2115,
frame_ms,0.2095,
frame_ms,0.2477,
frame_ms,0.2201,
frame_ms,0.2094,
frame_ms,0.2443,
frame_ms,0.2355,
frame_ms,0.2121,
frame_ms,0.2502,
frame_ms,0.2624,
frame_ms,0.2632,
frame_ms,0.2322,
frame_ms,0.2257,
frame_ms,0.2172,
frame_ms,0.2691,
frame_ms,0.2502,
frame_ms,0.2213,
frame_ms,0.2108,
frame_ms,0.2385,
frame_ms,0.2232,
frame_ms,0.2087,
tick_us,331.1,40
frame_ms,0.9688,
frame_ms,0.4853,
frame_ms,0.2552,
frame_ms,0.215,
frame_ms,0.2144,
frame_ms,0.2284,
frame_ms,0.2099,
frame_ms,0.275,
frame_ms,0.2301,
frame_ms,0.2105,
frame_ms,0.2547,
frame_ms,0.2226,
frame_ms,0.2113,
frame_ms,0.2513,
frame_ms,0.2286,
frame_ms,0.2078,
frame_ms,0.2447,
frame_ms,0.2224,
frame_ms,0.2184,
frame_ms,0.2433,
frame_ms,0.2239,
frame_ms,0.2413,
frame_ms,0.209,
frame_ms,0.2444,
frame_ms,0.2269,
frame_ms,0.2139,
tick_us,321.3,44
frame_ms,0.9076,
frame_ms,0.5032,
frame_ms,0.257,
frame_ms,0.2116,
frame_ms,0.2164,
frame_ms,0.2071,
frame_ms,0.2452,
frame_ms,0.2629,
frame_ms,0.214,
frame_ms,0.2111,
frame_ms,0.2602,
frame_ms,0.2121,
frame_ms,0.2085,
frame_ms,0.2312,
frame_ms,0.2202,
frame_ms,0.2034,
frame_ms,0.2542,
frame_ms,0.2204,
frame_ms,0.2043,
frame_ms,0.2481,
frame_ms,0.2191,
frame_ms,0.2026,
frame_ms,0.3237,
frame_ms,0.5123,
tick_us,452.5,48
frame_ms,1.193,
frame_ms,0.4573,
frame_ms,0.227,
frame_ms,0.2178,
frame_ms,0.2211,
frame_ms,0.2138,
frame_ms,0.2442,
frame_ms,0.2209,
frame_ms,0.2129,
frame_ms,0.3398,
frame_ms,0.2954,
frame_ms,0.3128,
frame_ms,0.5328,
frame_ms,0.3638,
frame_ms,0.3528,
frame_ms,0.3374,
frame_ms,0.3194,
frame_ms,0.2421,
frame_ms,0.2136,
frame_ms,0.213,
frame_ms,0.2114,
tick_us,326.8,48
frame_ms,0.8892,
frame_ms,0.2348,
frame_ms,0.2224,
frame_ms,0.3243,
frame_ms,0.4242,
frame_ms,0.276,
frame_ms,0.2264,
frame_ms,0.2247,
frame_ms,0.2222,
frame_ms,0.2155,
frame_ms,0.2124,
frame_ms,0.2647,
frame_ms,0.254,
frame_ms,0.223,
frame_ms,0.2195,
frame_ms,0.214,
frame_ms,0.2552,
frame_ms,0.2357,
frame_ms,0.2121,
frame_ms,0.272,
frame_ms,0.2999,
frame_ms,0.2188,
frame_ms,0.2114,
frame_ms,0.2236,
frame_ms,0.2133,
frame_ms,0.2565,
tick_us,322.3,42
frame_ms,0.8796,
frame_ms,0.2339,
frame_ms,0.2113,
frame_ms,0.42,
frame_ms,0.3326,
frame_ms,0.222,
frame_ms,0.216,
frame_ms,0.2108,
frame_ms,0.208,
frame_ms,0.2844,
frame_ms,0.2402,
frame_ms,0.2137,
frame_ms,0.2631,
frame_ms,0.2279,
frame_ms,0.2116,
frame_ms,0.2557,
frame_ms,0.2211,
frame_ms,0.2074,
frame_ms,0.2847,
frame_ms,0.2542,
frame_ms,0.2283,
frame_ms,0.2237,
frame_ms,0.2282,
frame_ms,0.2155,
frame_ms,0.2424,
frame_ms,0.2278,
tick_us,340.8,38
frame_ms,0.8973,
frame_ms,0.2366,
frame_ms,0.2124,
frame_ms,0.2206,
frame_ms,0.5169,
frame_ms,0.435,
frame_ms,0.4014,
frame_ms,0.4727,
frame_ms,0.406,
frame_ms,0.335,
frame_ms,0.4342,
frame_ms,0.4961,
frame_ms,0.5232,
frame_ms,0.4533,
frame_ms,0.483,
frame_ms,0.3253,
tick_us,348.1,34
frame_ms,0.9156,
frame_ms,0.2337,
frame_ms,0.2194,
frame_ms,0.2917,
frame_ms,0.2379,
frame_ms,0.3308,
frame_ms,0.2752,
frame_ms,0.2212,
frame_ms,0.2178,
frame_ms,0.2116,
frame_ms,0.2384,
frame_ms,0.2207,
frame_ms,0.2103,
frame_ms,0.2496,
frame_ms,0.2262,
frame_ms,0.2152,
frame_ms,0.2429,
frame_ms,0.2381,
frame_ms,0.2244,
frame_ms,0.2118,
frame_ms,0.2097,
frame_ms,0.2413,
frame_ms,0.2209,
frame_ms,0.212,
frame_ms,0.267,
frame_ms,0.3309,
tick_us,1118.5,30
frame_ms,1.7891,
frame_ms,0.2602,
frame_ms,0.4773,
frame_ms,0.3703,
frame_ms,0.2441,
frame_ms,0.208,
frame_ms,0.2164,
frame_ms,0.2073,
frame_ms,0.2506,
frame_ms,0.2203,
frame_ms,0.2074,
frame_ms,0.2575,
frame_ms,0.2196,
frame_ms,0.2026,
frame_ms,0.253,
frame_ms,0.2259,
frame_ms,0.2128,
frame_ms,0.2148,
frame_ms,0.251,
frame_ms,0.2191,
frame_ms,0.2062,
frame_ms,0.2426,
tick_us,331.9,32
frame_ms,0.8979,
frame_ms,0.2408,
frame_ms,0.2107,
frame_ms,0.2137,
frame_ms,0.2174,
frame_ms,0.2275,
frame_ms,0.2555,
frame_ms,0.225,
frame_ms,0.491,
frame_ms,0.2508,
frame_ms,0.2424,
frame_ms,0.2286,
frame_ms,0.2192,
frame_ms,0.2208,
frame_ms,0.2151,
frame_ms,0.2628,
frame_ms,0.2632,
frame_ms,0.2133,
frame_ms,0.2456,
frame_ms,0.2744,
frame_ms,0.2395,
frame_ms,0.2299,
frame_ms,0.2265,
frame_ms,0.2187,
frame_ms,0.2165,
frame_ms,0.2545,
tick_us,315.8,36
frame_ms,0.8965,
frame_ms,0.2356,
frame_ms,0.2177,
frame_ms,0.2847,
frame_ms,0.28,
frame_ms,0.2307,
frame_ms,0.2277,
frame_ms,0.2263,
frame_ms,0.2238,
frame_ms,0.2252,
frame_ms,0.3927,
frame_ms,0.287,
frame_ms,0.2442,
frame_ms,0.2301,
frame_ms,0.2141,
frame_ms,0.2108,
frame_ms,0.2439,
frame_ms,0.26,
frame_ms,0.2326,
frame_ms,0.2131,
frame_ms,0.2419,
frame_ms,0.2627,
frame_ms,0.2175,
frame_ms,0.2404,
frame_ms,0.2252,
frame_ms,0.2155,
tick_us,330.8,42
frame_ms,0.9237,
frame_ms,0.2381,
frame_ms,0.2147,
frame_ms,0.2187,
frame_ms,0.2166,
frame_ms,0.2355,
frame_ms,0.2593,
frame_ms,0.24,
frame_ms,0.2883,
frame_ms,0.7164,
frame_ms,0.2823,
frame_ms,0.2233,
frame_ms,0.2157,
frame_ms,0.2175,
frame_ms,0.2126,
frame_ms,0.2443,
frame_ms,0.2223,
frame_ms,0.2118,
frame_ms,0.2431,
frame_ms,0.2216,
frame_ms,0.2106,
frame_ms,0.2481,
frame_ms,0.2278,
frame_ms,0.215,
frame_ms,0.2407,
tick_us,340.2,46
frame_ms,0.9031,
frame_ms,0.2323,
frame_ms,0.2071,
frame_ms,0.2115,
frame_ms,0.2159,
frame_ms,0.2326,
frame_ms,0.2154,
frame_ms,0.2053,
frame_ms,0.2261,
frame_ms,0.2187,
frame_ms,0.2078,
frame_ms,0.7266,
frame_ms,0.3268,
frame_ms,0.2512,
frame_ms,0.2264,
frame_ms,0.2202,
frame_ms,0.2166,
frame_ms,0.2445,
frame_ms,0.2706,
frame_ms,0.2232,
frame_ms,0.2231,
frame_ms,0.2169,
frame_ms,0.2193,
frame_ms,0.2663,
frame_ms,0.2738,
tick_us,336.9,44
frame_ms,0.9111,
frame_ms,0.2475,
frame_ms,0.2167,
frame_ms,0.2265,
frame_ms,0.2181,
frame_ms,0.2115,
frame_ms,0.2683,
frame_ms,0.2309,
frame_ms,0.2144,
frame_ms,0.2568,
frame_ms,0.2377,
frame_ms,0.5201,
frame_ms,0.5042,
frame_ms,0.2675,
frame_ms,0.2185,
frame_ms,0.2254,
frame_ms,0.214,
frame_ms,0.2143,
frame_ms,0.271,
frame_ms,0.2347,
frame_ms,0.2154,
frame_ms,0.26,
frame_ms,0.2266,
frame_ms,0.218,
tick_us,342.2,44
frame_ms,0.9068,
frame_ms,0.2364,
frame_ms,0.222,
frame_ms,0.2168,
frame_ms,0.2099,
frame_ms,0.2158,
frame_ms,0.2877,
frame_ms,0.2333,
frame_ms,0.2313,
frame_ms,0.2365,
frame_ms,0.2161,
frame_ms,0.2076,
frame_ms,0.2312,
frame_ms,0.3893,
frame_ms,0.4757,
frame_ms,0.2428,
frame_ms,0.2322,
frame_ms,0.223,
frame_ms,0.2163,
frame_ms,0.2107,
frame_ms,0.2421,
frame_ms,0.2278,
frame_ms,0.2129,
frame_ms,0.2473,
frame_ms,0.2232,
frame_ms,0.214,
tick_us,331.4,40
frame_ms,0.8983,
frame_ms,0.2342,
frame_ms,0.21,
frame_ms,0.2165,
frame_ms,0.2124,
frame_ms,0.2255,
frame_ms,0.2319,
frame_ms,0.2125,
frame_ms,0.259,
frame_ms,0.2251,
frame_ms,0.2188,
frame_ms,0.2604,
frame_ms,0.234,
frame_ms,0.2193,
frame_ms,0.2608,
frame_ms,0.4186,
frame_ms,0.5003,
frame_ms,0.2742,
frame_ms,0.2236,
frame_ms,0.3873,
frame_ms,0.3822,
frame_ms,0.2602,
frame_ms,0.2548,
tick_us,339.4,38
frame_ms,1.112,
frame_ms,0.549,
frame_ms,0.4222,
frame_ms,0.3469,
frame_ms,0.2432,
frame_ms,0.2182,
frame_ms,0.2219,
frame_ms,0.2229,
frame_ms,0.2155,
frame_ms,0.2419,
frame_ms,0.2679,
frame_ms,0.24,
frame_ms,0.4893,
frame_ms,0.2512,
frame_ms,0.2213,
frame_ms,0.2183,
frame_ms,0.2147,
frame_ms,0.2117,
frame_ms,0.2796,
frame_ms,0.2339,
frame_ms,0.7138,
tick_us,375.7,40
frame_ms,1,
frame_ms,0.237,
frame_ms,0.2171,
frame_ms,0.2213,
frame_ms,0.2321,
frame_ms,0.2173,
frame_ms,0.214,
frame_ms,0.243,
frame_ms,0.2265,
frame_ms,0.2164,
frame_ms,0.249,
frame_ms,0.2277,
frame_ms,0.213,
frame_ms,0.2744,
frame_ms,0.2364,
frame_ms,0.3758,
frame_ms,0.4366,
frame_ms,0.2728,
frame_ms,0.2269,
frame_ms,0.2204,
frame_ms,0.222,
frame_ms,0.2444,
frame_ms,0.2258,
frame_ms,0.2192,
frame_ms,0.2507,
tick_us,317.3,38
frame_ms,0.9225,
frame_ms,0.2442,
frame_ms,0.2147,
frame_ms,0.2189,
frame_ms,0.2218,
frame_ms,0.2134,
frame_ms,0.2499,
frame_ms,0.2263,
frame_ms,0.2458,
frame_ms,0.211,
frame_ms,0.2464,
frame_ms,0.2258,
frame_ms,0.2266,
frame_ms,0.2498,
frame_ms,0.2197,
frame_ms,0.2631,
frame_ms,0.4041,
frame_ms,0.261,
frame_ms,0.2179,
frame_ms,0.2152,
frame_ms,0.2133,
frame_ms,0.2315,
frame_ms,0.2153,
frame_ms,0.2097,
frame_ms,0.2603,
frame_ms,0.2271,
tick_us,327.8,40
frame_ms,0.8813,
frame_ms,0.2368,
frame_ms,0.6465,
frame_ms,0.2787,
frame_ms,0.2879,
frame_ms,0.2073,
frame_ms,0.217,
frame_ms,0.2156,
frame_ms,0.2177,
frame_ms,0.2137,
frame_ms,0.262,
frame_ms,0.229,
frame_ms,0.2273,
frame_ms,0.2092,
frame_ms,0.2422,
frame_ms,0.2265,
frame_ms,0.3793,
frame_ms,0.3278,
frame_ms,0.2295,
frame_ms,0.2184,
frame_ms,0.2087,
frame_ms,0.2414,
frame_ms,0.2607,
frame_ms,0.2182,
tick_us,329.3,40
frame_ms,0.8825,
frame_ms,0.2402,
frame_ms,0.2261,
frame_ms,0.2187,
frame_ms,0.216,
frame_ms,0.2231,
frame_ms,0.2174,
frame_ms,0.2514,
frame_ms,0.2282,
frame_ms,0.2135,
frame_ms,0.2271,
frame_ms,0.2328,
frame_ms,0.2109,
frame_ms,0.2842,
frame_ms,0.2837,
frame_ms,0.2352,
frame_ms,0.2254,
frame_ms,0.2233,
frame_ms,0.2142,
frame_ms,0.3747,
frame_ms,0.4144,
frame_ms,0.2229,
frame_ms,0.2145,
frame_ms,0.2148,
frame_ms,0.2203,
frame_ms,0.2286,
tick_us,360.1,40
frame_ms,0.9328,
frame_ms,0.2401,
frame_ms,0.2112,
frame_ms,0.2161,
frame_ms,0.2174,
frame_ms,0.2252,
frame_ms,0.2499,
frame_ms,0.2296,
frame_ms,0.2133,
frame_ms,0.2144,
frame_ms,0.3249,
frame_ms,0.3891,
frame_ms,0.3049,
frame_ms,0.2279,
frame_ms,0.2312,
frame_ms,0.2331,
frame_ms,0.2176,
frame_ms,0.2149,
frame_ms,0.5958,
frame_ms,0.2495,
frame_ms,0.2166,
frame_ms,0.2227,
frame_ms,0.2157,
frame_ms,0.2135,
frame_ms,0.2456,
tick_us,329.3,36
frame_ms,0.8948,
frame_ms,0.2451,
frame_ms,0.2196,
frame_ms,0.373,
frame_ms,0.2135,
frame_ms,0.2167,
frame_ms,0.21,
frame_ms,0.2069,
frame_ms,0.263,
frame_ms,0.2273,
frame_ms,0.212,
frame_ms,0.2532,
frame_ms,0.2272,
frame_ms,0.2113,
frame_ms,0.2524,
frame_ms,0.2185,
frame_ms,0.2158,
frame_ms,0.2271,
frame_ms,0.2172,
frame_ms,0.2058,
frame_ms,0.2352,
frame_ms,0.2287,
frame_ms,0.44,
frame_ms,0.3072,
frame_ms,0.2153,
frame_ms,0.2149,
tick_us,331.3,36
frame_ms,0.874,
frame_ms,0.2341,
frame_ms,0.2104,
frame_ms,0.2127,
frame_ms,0.2066,
frame_ms,0.238,
frame_ms,0.2248,
frame_ms,0.211,
frame_ms,0.2494,
frame_ms,0.2201,
frame_ms,0.217,
frame_ms,0.2126,
frame_ms,0.2728,
frame_ms,0.4702,
frame_ms,0.3561,
frame_ms,0.3413,
frame_ms,0.4105,
frame_ms,0.2593,
frame_ms,0.4261,
frame_ms,0.2734,
frame_ms,0.2202,
frame_ms,0.2175,
frame_ms,0.208,
frame_ms,0.2391,
tick_us,342.1,36
frame_ms,0.9157,
frame_ms,0.2271,
frame_ms,0.2074,
frame_ms,0.2132,
frame_ms,0.2177,
frame_ms,0.2117,
frame_ms,0.2596,
frame_ms,0.2281,
frame_ms,0.2098,
frame_ms,0.2506,
frame_ms,0.2269,
frame_ms,0.2191,
frame_ms,0.265,
frame_ms,0.2366,
frame_ms,0.2794,
frame_ms,0.9588,
frame_ms,0.2317,
frame_ms,0.2172,
frame_ms,0.2356,
frame_ms,0.4057,
frame_ms,0.4344,
frame_ms,0.2611,
tick_us,320.2,36
frame_ms,1.0301,
frame_ms,0.3999,
frame_ms,0.4668,
frame_ms,0.4405,
frame_ms,0.4251,
frame_ms,0.4323,
frame_ms,0.2643,
frame_ms,0.2243,
frame_ms,0.2233,
frame_ms,0.2191,
frame_ms,0.2174,
frame_ms,0.2112,
frame_ms,0.2704,
frame_ms,0.2735,
frame_ms,0.2357,
frame_ms,0.2268,
frame_ms,0.2229,
frame_ms,0.213,
frame_ms,0.2507,
frame_ms,0.5046,
tick_us,360.7,40
frame_ms,1.0425,
frame_ms,0.2605,
frame_ms,0.2354,
frame_ms,0.2327,
frame_ms,0.2485,
frame_ms,0.2604,
frame_ms,0.237,
frame_ms,0.2342,
frame_ms,0.2919,
frame_ms,0.2487,
frame_ms,0.2356,
frame_ms,0.2568,
frame_ms,0.2496,
frame_ms,0.2324,
frame_ms,0.2291,
frame_ms,0.2311,
frame_ms,0.2242,
frame_ms,0.2228,
frame_ms,0.2244,
frame_ms,0.2804,
frame_ms,0.2707,
frame_ms,0.2329,
frame_ms,0.231,
frame_ms,0.3852,
tick_us,339.4,38
frame_ms,1.1543,
frame_ms,0.286,
frame_ms,0.2176,
frame_ms,0.2167,
frame_ms,0.2118,
frame_ms,0.2387,
frame_ms,0.2173,
frame_ms,0.2108,
frame_ms,0.2374,
frame_ms,0.2688,
frame_ms,0.2349,
frame_ms,0.2241,
frame_ms,0.2226,
frame_ms,0.2436,
frame_ms,0.2372,
frame_ms,0.2169,
frame_ms,0.2651,
frame_ms,0.2623,
frame_ms,0.2303,
frame_ms,0.2186,
frame_ms,0.2544,
frame_ms,0.2136,
frame_ms,0.2264,
frame_ms,0.221,
frame_ms,0.2237,
frame_ms,0.3768,
tick_us,303.5,40
frame_ms,1.021,
frame_ms,0.241,
frame_ms,0.2173,
frame_ms,0.2205,
frame_ms,0.2178,
frame_ms,0.2306,
frame_ms,0.2979,
frame_ms,0.2336,
frame_ms,0.2142,
frame_ms,0.2596,
frame_ms,0.227,
frame_ms,0.2079,
frame_ms,0.2546,
frame_ms,0.2203,
frame_ms,0.2077,
frame_ms,0.2466,
frame_ms,0.2202,
frame_ms,0.2157,
frame_ms,0.223,
frame_ms,0.2139,
frame_ms,0.2042,
frame_ms,0.2447,
frame_ms,0.2291,
frame_ms,0.2117,
frame_ms,0.2496,
frame_ms,0.2288,
frame_ms,0.2098,
tick_us,336.9,36
frame_ms,1.063,
frame_ms,0.2521,
frame_ms,0.2134,
frame_ms,0.2126,
frame_ms,0.2083,
frame_ms,0.2285,
frame_ms,0.2258,
frame_ms,0.2124,
frame_ms,0.23,
frame_ms,0.2219,
frame_ms,0.2103,
frame_ms,0.2613,
frame_ms,0.3182,
frame_ms,0.2676,
frame_ms,0.2301,
frame_ms,0.2249,
frame_ms,0.2174,
frame_ms,0.2298,
frame_ms,0.2172,
frame_ms,0.2751,
frame_ms,0.2515,
frame_ms,0.22,
frame_ms,0.2098,
frame_ms,0.2509,
frame_ms,0.2281,
frame_ms,0.2251,
tick_us,331.9,34
frame_ms,1.1272,
frame_ms,0.277,
frame_ms,0.2391,
frame_ms,0.2169,
frame_ms,0.2263,
frame_ms,0.2393,
frame_ms,0.2189,
frame_ms,0.2519,
frame_ms,0.2205,
frame_ms,0.2154,
frame_ms,0.27,
frame_ms,0.274,
frame_ms,0.2311,
frame_ms,0.2195,
frame_ms,0.2163,
frame_ms,0.2398,
frame_ms,0.224,
frame_ms,0.2825,
frame_ms,0.2186,
frame_ms,0.2413,
frame_ms,0.2224,
frame_ms,0.2145,
frame_ms,0.2306,
frame_ms,0.2122,
frame_ms,0.2097,
frame_ms,0.2608,
tick_us,338.9,36
frame_ms,0.9743,
frame_ms,0.4833,
frame_ms,0.2927,
frame_ms,0.2451,
frame_ms,0.308,
frame_ms,0.2508,
frame_ms,0.2251,
frame_ms,0.2226,
frame_ms,0.4695,
frame_ms,0.4911,
frame_ms,0.4844,
frame_ms,0.4411,
frame_ms,0.4839,
frame_ms,0.3895,
frame_ms,0.254,
frame_ms,0.2585,
frame_ms,0.2131,
frame_ms,0.2139,
frame_ms,0.3479,
tick_us,397,36
frame_ms,1.2039,
frame_ms,0.2923,
frame_ms,0.2227,
frame_ms,0.2182,
frame_ms,0.221,
frame_ms,0.2109,
frame_ms,0.2285,
frame_ms,0.2319,
frame_ms,0.2189,
frame_ms,0.2507,
frame_ms,0.259,
frame_ms,0.2089,
frame_ms,0.2547,
frame_ms,0.2267,
frame_ms,0.2103,
frame_ms,0.2545,
frame_ms,0.265,
frame_ms,0.2249,
frame_ms,0.2261,
frame_ms,0.2386,
frame_ms,0.2298,
frame_ms,0.2142,
frame_ms,0.2409,
frame_ms,0.2281,
frame_ms,0.21,
tick_us,336.3,36
frame_ms,0.9492,
frame_ms,0.247,
frame_ms,0.3333,
frame_ms,0.6314,
frame_ms,0.3015,
frame_ms,0.3988,
frame_ms,0.2951,
frame_ms,0.2311,
frame_ms,0.2308,
frame_ms,0.2244,
frame_ms,0.2162,
frame_ms,0.2123,
frame_ms,0.2621,
frame_ms,0.2274,
frame_ms,0.2112,
frame_ms,0.2738,
frame_ms,0.2327,
frame_ms,0.2139,
frame_ms,0.277,
frame_ms,0.2786,
frame_ms,0.2395,
frame_ms,0.2302,
frame_ms,0.2238,
tick_us,355.8,34
frame_ms,0.9347,
frame_ms,0.2508,
frame_ms,0.221,
frame_ms,0.2268,
frame_ms,0.4023,
frame_ms,0.2879,
frame_ms,0.2331,
frame_ms,0.2278,
frame_ms,0.2257,
frame_ms,0.2251,
frame_ms,0.2158,
frame_ms,0.2401,
frame_ms,0.2617,
frame_ms,0.2254,
frame_ms,0.2247,
frame_ms,0.2626,
frame_ms,0.2359,
frame_ms,0.218,
frame_ms,0.2677,
frame_ms,0.3044,
frame_ms,0.2482,
frame_ms,0.2638,
frame_ms,0.8867,
tick_us,373.1,38
frame_ms,1.1325,
frame_ms,0.3522,
frame_ms,0.3838,
frame_ms,0.2995,
frame_ms,0.3915,
frame_ms,0.2628,
frame_ms,0.2347,
frame_ms,0.2372,
frame_ms,0.2258,
frame_ms,0.2317,
frame_ms,0.2188,
frame_ms,0.2717,
frame_ms,0.2254,
frame_ms,0.2442,
frame_ms,0.2308,
frame_ms,0.2191,
frame_ms,0.2131,
frame_ms,0.2544,
frame_ms,0.2267,
frame_ms,0.216,
frame_ms,0.3558,
frame_ms,0.46,
tick_us,376.5,38
frame_ms,1.0149,
frame_ms,0.2911,
frame_ms,0.3506,
frame_ms,0.2176,
frame_ms,0.4148,
frame_ms,0.4033,
frame_ms,0.2342,
frame_ms,0.2162,
frame_ms,0.2178,
frame_ms,0.22,
frame_ms,0.2122,
frame_ms,0.2166,
frame_ms,0.2824,
frame_ms,0.2298,
frame_ms,0.2137,
frame_ms,0.2733,
frame_ms,0.2268,
frame_ms,0.2079,
frame_ms,0.2732,
frame_ms,0.2268,
frame_ms,0.2071,
frame_ms,0.292,
frame_ms,0.2335,
frame_ms,0.2116,
tick_us,361.3,42
frame_ms,0.9863,
frame_ms,0.2496,
frame_ms,0.26,
frame_ms,0.3165,
frame_ms,0.2615,
frame_ms,0.3595,
frame_ms,0.4216,
frame_ms,0.2307,
frame_ms,0.2353,
frame_ms,0.2173,
frame_ms,0.2201,
frame_ms,0.2384,
frame_ms,0.2995,
frame_ms,0.2499,
frame_ms,0.2102,
frame_ms,0.2335,
frame_ms,0.2694,
frame_ms,0.2862,
frame_ms,0.2436,
frame_ms,0.2325,
frame_ms,0.2266,
frame_ms,0.2253,
frame_ms,0.2379,
frame_ms,0.2754,
tick_us,342.3,42
frame_ms,0.9373,
frame_ms,0.2369,
frame_ms,0.2126,
frame_ms,0.2191,
frame_ms,0.2326,
frame_ms,0.3044,
frame_ms,0.3412,
frame_ms,0.464,
frame_ms,0.2402,
frame_ms,0.2369,
frame_ms,0.2245,
frame_ms,0.2242,
frame_ms,0.2151,
frame_ms,0.2995,
frame_ms,0.2363,
frame_ms,0.2157,
frame_ms,0.2254,
frame_ms,0.273,
frame_ms,0.2384,
frame_ms,0.2172,
frame_ms,0.233,
frame_ms,0.2782,
frame_ms,0.2269,
frame_ms,0.2138,
frame_ms,0.2673,
tick_us,354.3,40
frame_ms,0.9279,
frame_ms,0.2369,
frame_ms,0.2188,
frame_ms,0.2126,
frame_ms,0.2146,
frame_ms,0.2903,
frame_ms,0.2367,
frame_ms,0.4819,
frame_ms,0.2863,
frame_ms,0.2363,
frame_ms,0.2891,
frame_ms,0.2611,
frame_ms,0.2696,
frame_ms,0.2617,
frame_ms,0.2409,
frame_ms,0.226,
frame_ms,0.2759,
frame_ms,0.2423,
frame_ms,0.2231,
frame_ms,0.223,
frame_ms,0.2861,
frame_ms,0.2441,
frame_ms,0.2278,
frame_ms,0.2253,
tick_us,370.6,42
frame_ms,1.0349,
frame_ms,0.2643,
frame_ms,0.228,
frame_ms,0.2318,
frame_ms,0.2281,
frame_ms,0.2348,
frame_ms,0.222,
frame_ms,0.2404,
frame_ms,0.2837,
frame_ms,0.4438,
frame_ms,0.5898,
frame_ms,0.3087,
frame_ms,0.2569,
frame_ms,0.225,
frame_ms,0.2606,
frame_ms,0.2432,
frame_ms,0.2287,
frame_ms,0.2229,
frame_ms,0.2204,
frame_ms,0.2864,
frame_ms,0.2771,
frame_ms,0.2455,
frame_ms,0.2374,
tick_us,358.6,42
frame_ms,0.9331,
frame_ms,0.257,
frame_ms,0.2222,
frame_ms,0.2242,
frame_ms,0.222,
frame_ms,0.2414,
frame_ms,0.2384,
frame_ms,0.2228,
frame_ms,0.2993,
frame_ms,0.2384,
frame_ms,0.4182,
frame_ms,0.3037,
frame_ms,0.2293,
frame_ms,0.2254,
frame_ms,0.2152,
frame_ms,0.2164,
frame_ms,0.3015,
frame_ms,0.2385,
frame_ms,0.2718,
frame_ms,0.2309,
frame_ms,0.2224,
frame_ms,0.2754,
frame_ms,0.2324,
frame_ms,0.2235,
frame_ms,0.233,
tick_us,340.1,44
frame_ms,0.9729,
frame_ms,0.2501,
frame_ms,0.2196,
frame_ms,0.2242,
frame_ms,0.2154,
frame_ms,0.2411,
frame_ms,0.2246,
frame_ms,0.2692,
frame_ms,0.2358,
frame_ms,0.2154,
frame_ms,0.2324,
frame_ms,0.3251,
frame_ms,0.5338,
frame_ms,0.2719,
frame_ms,0.2333,
frame_ms,0.224,
frame_ms,0.2119,
frame_ms,0.2178,
frame_ms,0.2951,
frame_ms,0.2363,
frame_ms,0.2199,
frame_ms,0.2348,
frame_ms,0.3094,
frame_ms,0.2356,
tick_us,335.9,42
frame_ms,0.886,
frame_ms,0.2423,
frame_ms,0.2183,
frame_ms,0.2289,
frame_ms,0.2226,
frame_ms,0.2174,
frame_ms,0.2908,
frame_ms,0.2341,
frame_ms,0.2388,
frame_ms,0.2248,
frame_ms,0.2645,
frame_ms,0.2365,
frame_ms,0.3607,
frame_ms,0.3449,
frame_ms,0.2279,
frame_ms,0.2227,
frame_ms,0.2787,
frame_ms,0.2208,
frame_ms,0.2132,
frame_ms,0.2841,
frame_ms,0.2413,
frame_ms,0.2204,
frame_ms,0.2486,
frame_ms,0.2378,
frame_ms,0.272,
frame_ms,0.2259,
tick_us,354.6,38
frame_ms,1.0752,
frame_ms,0.3055,
frame_ms,0.2767,
frame_ms,0.2441,
frame_ms,0.317,
frame_ms,0.2942,
frame_ms,0.2486,
frame_ms,0.2316,
frame_ms,0.2431,
frame_ms,0.241,
frame_ms,0.5029,
frame_ms,0.3621,
frame_ms,0.2366,
frame_ms,0.231,
frame_ms,0.222,
frame_ms,0.216,
frame_ms,0.2325,
frame_ms,0.2679,
frame_ms,0.2768,
frame_ms,0.2376,
frame_ms,0.2291,
frame_ms,0.2197,
frame_ms,0.2195,
tick_us,342.1,40
frame_ms,0.9592,
frame_ms,0.2722,
frame_ms,0.2252,
frame_ms,0.2156,
frame_ms,0.2166,
frame_ms,0.215,
frame_ms,0.2527,
frame_ms,0.2246,
frame_ms,0.2127,
frame_ms,0.2534,
frame_ms,0.2259,
frame_ms,0.2304,
frame_ms,0.2151,
frame_ms,0.5115,
frame_ms,0.3585,
frame_ms,0.3499,
frame_ms,0.3426,
frame_ms,0.3571,
frame_ms,0.3086,
frame_ms,0.2398,
frame_ms,0.2131,
frame_ms,0.2214,
frame_ms,0.2164,
tick_us,354.9,46
frame_ms,0.9161,
frame_ms,0.2482,
frame_ms,0.2259,
frame_ms,0.2285,
frame_ms,0.4729,
frame_ms,0.3123,
frame_ms,0.2671,
frame_ms,0.3172,
frame_ms,0.293,
frame_ms,0.2654,
frame_ms,0.2572,
frame_ms,0.2419,
frame_ms,0.276,
frame_ms,0.4951,
frame_ms,0.3946,
frame_ms,0.3117,
frame_ms,0.2876,
frame_ms,0.2693,
frame_ms,0.2616,
frame_ms,0.2419,
frame_ms,0.2436,
frame_ms,0.2418,
tick_us,360.8,44
frame_ms,1.0291,
frame_ms,0.5469,
frame_ms,0.2847,
frame_ms,0.2536,
frame_ms,0.2244,
frame_ms,0.2281,
frame_ms,0.218,
frame_ms,0.2098,
frame_ms,0.2408,
frame_ms,0.2275,
frame_ms,0.214,
frame_ms,0.2539,
frame_ms,0.2246,
frame_ms,0.5046,
frame_ms,0.3674,
frame_ms,0.4529,
frame_ms,0.2365,
frame_ms,0.2168,
frame_ms,0.2114,
frame_ms,0.2438,
frame_ms,0.2283,
frame_ms,0.2094,
tick_us,351,50
frame_ms,0.9843,
frame_ms,0.2342,
frame_ms,0.2242,
frame_ms,0.2212,
frame_ms,0.2121,
frame_ms,0.2076,
frame_ms,0.2527,
frame_ms,0.2997,
frame_ms,0.2421,
frame_ms,0.3233,
frame_ms,0.2486,
frame_ms,0.2566,
frame_ms,0.2367,
frame_ms,0.244,
frame_ms,0.2358,
frame_ms,0.2235,
frame_ms,0.4233,
frame_ms,0.4167,
frame_ms,0.2684,
frame_ms,0.26,
frame_ms,0.284,
frame_ms,0.2256,
frame_ms,0.2179,
frame_ms,0.2188,
tick_us,361.8,56
frame_ms,0.9378,
frame_ms,0.2422,
frame_ms,0.2186,
frame_ms,0.2213,
frame_ms,0.2194,
frame_ms,0.2183,
frame_ms,0.2533,
frame_ms,0.23,
frame_ms,0.2171,
frame_ms,0.2138,
frame_ms,0.2376,
frame_ms,0.2267,
frame_ms,0.2169,
frame_ms,0.2247,
frame_ms,0.2429,
frame_ms,0.2221,
frame_ms,0.2146,
frame_ms,0.2295,
frame_ms,0.2559,
frame_ms,0.2701,
frame_ms,0.46,
frame_ms,0.2886,
frame_ms,0.2921,
frame_ms,0.2816,
frame_ms,0.2408,
tick_us,422.5,52
frame_ms,1.0139,
frame_ms,0.2739,
frame_ms,0.2355,
frame_ms,0.2324,
frame_ms,0.237,
frame_ms,0.2388,
frame_ms,0.2292,
frame_ms,0.2257,
frame_ms,0.2232,
frame_ms,0.25,
frame_ms,0.2716,
frame_ms,0.233,
frame_ms,0.2232,
frame_ms,0.212,
frame_ms,0.2134,
frame_ms,0.2528,
frame_ms,0.2757,
frame_ms,0.2376,
frame_ms,0.2364,
frame_ms,0.4225,
frame_ms,0.3697,
frame_ms,0.2397,
frame_ms,0.2451,
frame_ms,0.2308,
frame_ms,0.2332,
tick_us,362,58
frame_ms,0.9686,
frame_ms,0.2604,
frame_ms,0.2197,
frame_ms,0.2518,
frame_ms,0.2269,
frame_ms,0.2473,
frame_ms,0.2235,
frame_ms,0.2341,
frame_ms,0.2188,
frame_ms,0.2679,
frame_ms,0.2362,
frame_ms,0.2185,
frame_ms,0.2466,
frame_ms,0.2129,
frame_ms,0.2573,
frame_ms,0.2218,
frame_ms,0.2372,
frame_ms,0.223,
frame_ms,0.2299,
frame_ms,0.2428,
frame_ms,0.373,
frame_ms,0.587,
frame_ms,0.3987,
tick_us,380.4,54
frame_ms,1.1045,
frame_ms,0.346,
frame_ms,0.3459,
frame_ms,0.3423,
frame_ms,0.3405,
frame_ms,0.3466,
frame_ms,0.3386,
frame_ms,0.3456,
frame_ms,0.3352,
frame_ms,0.3347,
frame_ms,0.335,
frame_ms,0.3323,
frame_ms,0.3838,
frame_ms,0.3556,
frame_ms,0.4529,
frame_ms,0.322,
frame_ms,0.2682,
frame_ms,0.2406,
frame_ms,0.2223,
tick_us,377,54
frame_ms,0.9688,
frame_ms,0.2441,
frame_ms,0.2892,
frame_ms,0.2151,
frame_ms,0.2423,
frame_ms,0.2247,
frame_ms,0.2491,
frame_ms,0.4294,
frame_ms,0.4002,
frame_ms,0.369,
frame_ms,0.5974,
frame_ms,0.277,
frame_ms,0.2416,
frame_ms,0.2236,
frame_ms,0.2271,
frame_ms,0.2203,
frame_ms,0.2193,
frame_ms,0.2417,
frame_ms,0.2635,
frame_ms,0.2719,
frame_ms,0.2576,
frame_ms,0.2259,
tick_us,372.2,54
frame_ms,0.9682,
frame_ms,0.2543,
frame_ms,0.2365,
frame_ms,0.234,
frame_ms,0.2258,
frame_ms,0.2148,
frame_ms,0.2493,
frame_ms,0.2179,
frame_ms,0.2509,
frame_ms,0.2207,
frame_ms,0.2127,
frame_ms,0.2726,
frame_ms,0.232,
frame_ms,0.239,
frame_ms,0.2243,
frame_ms,0.2135,
frame_ms,0.2351,
frame_ms,0.2509,
frame_ms,0.2347,
frame_ms,0.2182,
frame_ms,0.2306,
frame_ms,0.2578,
frame_ms,0.2387,
frame_ms,0.4157,
frame_ms,0.3081,
tick_us,360.3,52
frame_ms,1.3867,
frame_ms,0.2904,
frame_ms,0.2289,
frame_ms,0.2212,
frame_ms,0.2075,
frame_ms,0.2062,
frame_ms,0.2522,
frame_ms,0.2265,
frame_ms,0.2105,
frame_ms,0.2252,
frame_ms,0.2576,
frame_ms,0.2368,
frame_ms,0.2058,
frame_ms,0.2052,
frame_ms,0.2519,
frame_ms,0.2245,
frame_ms,0.2111,
frame_ms,0.2281,
frame_ms,0.206,
frame_ms,0.2014,
frame_ms,0.2571,
frame_ms,0.2165,
frame_ms,0.2023,
frame_ms,0.2479,
frame_ms,0.2177,
frame_ms,0.2706,
tick_us,325.6,52
frame_ms,0.8801,
frame_ms,0.2309,
frame_ms,0.2099,
frame_ms,0.2121,
frame_ms,0.2154,
frame_ms,0.2101,
frame_ms,0.2634,
frame_ms,0.2259,
frame_ms,0.2109,
frame_ms,0.2364,
frame_ms,0.2108,
frame_ms,0.2007,
frame_ms,0.2576,
frame_ms,0.2208,
frame_ms,0.2051,
frame_ms,0.2493,
frame_ms,0.2162,
frame_ms,0.2153,
frame_ms,0.2436,
frame_ms,0.2185,
frame_ms,0.2051,
frame_ms,0.2515,
frame_ms,0.2169,
frame_ms,0.2067,
frame_ms,0.3968,
frame_ms,0.3247,
tick_us,326.6,54
frame_ms,1.0511,
frame_ms,0.2563,
frame_ms,0.2248,
frame_ms,0.2254,
frame_ms,0.2168,
frame_ms,0.224,
frame_ms,0.2185,
frame_ms,0.2435,
frame_ms,0.2537,
frame_ms,0.424,
frame_ms,0.4188,
frame_ms,0.357,
frame_ms,0.3391,
frame_ms,0.3542,
frame_ms,0.345,
frame_ms,0.3382,
frame_ms,0.3349,
frame_ms,0.3328,
frame_ms,0.3583,
frame_ms,0.354,
frame_ms,0.2811,
tick_us,347.8,58
frame_ms,0.9947,
frame_ms,0.2725,
frame_ms,0.2399,
frame_ms,0.2166,
frame_ms,0.2373,
frame_ms,0.2375,
frame_ms,0.2223,
frame_ms,0.214,
frame_ms,0.2347,
frame_ms,0.2242,
frame_ms,0.2194,
frame_ms,0.2505,
frame_ms,0.2703,
frame_ms,0.2294,
frame_ms,0.2427,
frame_ms,0.2203,
frame_ms,0.2137,
frame_ms,0.2363,
frame_ms,0.2253,
frame_ms,0.2073,
frame_ms,0.2547,
frame_ms,0.2766,
frame_ms,0.2319,
frame_ms,0.2362,
frame_ms,0.225,
frame_ms,0.219,
tick_us,346.1,56
frame_ms,0.9385,
frame_ms,0.2421,
frame_ms,0.2172,
frame_ms,0.2232,
frame_ms,0.2155,
frame_ms,0.2131,
frame_ms,0.2443,
frame_ms,0.2238,
frame_ms,0.2194,
frame_ms,0.2377,
frame_ms,0.2155,
frame_ms,0.2101,
frame_ms,0.2629,
frame_ms,0.2556,
frame_ms,0.225,
frame_ms,0.3427,
frame_ms,0.2616,
frame_ms,0.2238,
frame_ms,0.217,
frame_ms,0.2118,
frame_ms,0.2097,
frame_ms,0.2874,
frame_ms,0.2551,
frame_ms,0.2264,
frame_ms,0.2149,
frame_ms,0.2365,
frame_ms,0.271,
tick_us,332.3,56
frame_ms,0.9073,
frame_ms,0.233,
frame_ms,0.2129,
frame_ms,0.2261,
frame_ms,0.221,
frame_ms,0.2137,
frame_ms,0.2112,
frame_ms,0.2456,
frame_ms,0.2552,
frame_ms,0.2224,
frame_ms,0.2147,
frame_ms,0.2417,
frame_ms,0.245,
frame_ms,0.2388,
frame_ms,0.2417,
frame_ms,0.2533,
frame_ms,0.2249,
frame_ms,0.21,
frame_ms,0.2261,
frame_ms,0.2349,
frame_ms,0.2129,
frame_ms,0.2046,
frame_ms,0.2394,
frame_ms,0.2134,
frame_ms,0.2193,
frame_ms,0.2351,
frame_ms,0.2205,
tick_us,426,58
frame_ms,1.0364,
frame_ms,0.5363,
frame_ms,0.3787,
frame_ms,0.2689,
frame_ms,0.2261,
frame_ms,0.2177,
frame_ms,0.2097,
frame_ms,0.209,
frame_ms,0.2617,
frame_ms,0.2278,
frame_ms,0.2108,
frame_ms,0.2289,
frame_ms,0.215,
frame_ms,0.2784,
frame_ms,0.2273,
frame_ms,0.2306,
frame_ms,0.2161,
frame_ms,0.2614,
frame_ms,0.2193,
frame_ms,0.207,
frame_ms,0.2485,
frame_ms,0.2495,
frame_ms,0.5724,
tick_us,345.7,58
frame_ms,1.0099,
frame_ms,0.2787,
frame_ms,0.2107,
frame_ms,0.2161,
frame_ms,0.2235,
frame_ms,0.2649,
frame_ms,0.4391,
frame_ms,0.3463,
frame_ms,0.3534,
frame_ms,0.3397,
frame_ms,0.3407,
frame_ms,0.338,
frame_ms,0.3422,
frame_ms,0.261,
frame_ms,0.2215,
frame_ms,0.2215,
frame_ms,0.2179,
frame_ms,0.2137,
frame_ms,0.2602,
frame_ms,0.2744,
frame_ms,0.2468,
frame_ms,0.2336,
frame_ms,0.2135,
tick_us,312.5,56
frame_ms,0.8686,
frame_ms,0.2315,
frame_ms,0.2116,
frame_ms,0.2146,
frame_ms,0.2137,
frame_ms,0.209,
frame_ms,0.2659,
frame_ms,0.2275,
frame_ms,0.215,
frame_ms,0.227,
frame_ms,0.2376,
frame_ms,0.2109,
frame_ms,0.2425,
frame_ms,0.2649,
frame_ms,0.2295,
frame_ms,0.2533,
frame_ms,0.2603,
frame_ms,0.2297,
frame_ms,0.217,
frame_ms,0.2128,
frame_ms,0.2575,
frame_ms,0.2215,
frame_ms,0.2075,
frame_ms,0.2474,
frame_ms,0.2208,
frame_ms,0.209,
frame_ms,0.241,
tick_us,323.6,54
frame_ms,0.9273,
frame_ms,0.2404,
frame_ms,0.2169,
frame_ms,0.2205,
frame_ms,0.2317,
frame_ms,0.2236,
frame_ms,0.5845,
frame_ms,0.3,
frame_ms,0.2634,
frame_ms,0.2678,
frame_ms,0.27,
frame_ms,0.2187,
frame_ms,0.2268,
frame_ms,0.2166,
frame_ms,0.263,
frame_ms,0.2437,
frame_ms,0.2161,
frame_ms,0.2197,
frame_ms,0.2477,
frame_ms,0.2358,
frame_ms,0.2159,
frame_ms,0.2191,
frame_ms,0.2403,
frame_ms,0.2199,
frame_ms,0.2164,
tick_us,331.7,62
frame_ms,0.8956,
frame_ms,0.232,
frame_ms,0.2182,
frame_ms,0.2175,
frame_ms,0.2085,
frame_ms,0.2098,
frame_ms,0.2952,
frame_ms,0.2458,
frame_ms,0.225,
frame_ms,0.209,
frame_ms,0.2088,
frame_ms,0.2554,
frame_ms,0.2238,
frame_ms,0.208,
frame_ms,0.2302,
frame_ms,0.2561,
frame_ms,0.2739,
frame_ms,0.2428,
frame_ms,0.2376,
frame_ms,0.2344,
frame_ms,0.2326,
frame_ms,0.2304,
frame_ms,0.2562,
frame_ms,0.2978,
frame_ms,0.235,
frame_ms,0.2132,
frame_ms,0.2449,
tick_us,328.1,58
frame_ms,0.9382,
frame_ms,0.246,
frame_ms,0.2213,
frame_ms,0.2211,
frame_ms,0.235,
frame_ms,0.2229,
frame_ms,0.2186,
frame_ms,0.2311,
frame_ms,0.215,
frame_ms,0.2758,
frame_ms,0.8328,
frame_ms,0.3668,
frame_ms,0.2662,
frame_ms,0.2216,
frame_ms,0.2064,
frame_ms,0.2226,
frame_ms,0.2261,
frame_ms,0.2182,
frame_ms,0.2202,
frame_ms,0.2106,
frame_ms,0.2473,
frame_ms,0.2609,
frame_ms,0.2442,
tick_us,324.8,52
frame_ms,0.8808,
frame_ms,0.2326,
frame_ms,0.2235,
frame_ms,0.2185,
frame_ms,0.2181,
frame_ms,0.2166,
frame_ms,0.2175,
frame_ms,0.2457,
frame_ms,0.2451,
frame_ms,0.261,
frame_ms,0.2274,
frame_ms,0.2143,
frame_ms,0.2083,
frame_ms,0.2607,
frame_ms,0.2239,
frame_ms,0.2105,
frame_ms,0.2653,
frame_ms,0.2272,
frame_ms,0.2112,
frame_ms,0.2722,
frame_ms,0.22,
frame_ms,0.2058,
frame_ms,0.2492,
frame_ms,0.2187,
frame_ms,0.2082,
frame_ms,0.2453,
frame_ms,0.2138,
frame_ms,0.2026,
tick_us,322.9,50
frame_ms,0.9116,
frame_ms,0.2367,
frame_ms,0.2107,
frame_ms,0.2141,
frame_ms,0.2085,
frame_ms,0.2157,
frame_ms,0.266,
frame_ms,0.2639,
frame_ms,0.2317,
frame_ms,0.2183,
frame_ms,0.219,
frame_ms,0.2159,
frame_ms,0.2466,
frame_ms,0.2523,
frame_ms,0.2263,
frame_ms,0.211,
frame_ms,0.2129,
frame_ms,0.8666,
frame_ms,0.2975,
frame_ms,0.2283,
frame_ms,0.2096,
frame_ms,0.2139,
frame_ms,0.2138,
frame_ms,0.2332,
tick_us,316.4,48
frame_ms,0.9065,
frame_ms,0.2826,
frame_ms,0.2416,
frame_ms,0.2177,
frame_ms,0.2228,
frame_ms,0.2307,
frame_ms,0.2245,
frame_ms,0.2174,
frame_ms,0.2439,
frame_ms,0.2546,
frame_ms,0.2242,
frame_ms,0.217,
frame_ms,0.2488,
frame_ms,0.2436,
frame_ms,0.2162,
frame_ms,0.2468,
frame_ms,0.2291,
frame_ms,0.212,
frame_ms,0.217,
frame_ms,0.2344,
frame_ms,0.2178,
frame_ms,0.2082,
frame_ms,0.2439,
frame_ms,0.2275,
frame_ms,0.2107,
frame_ms,0.2224,
frame_ms,0.2223,
frame_ms,0.2528,
tick_us,315.6,44
frame_ms,0.9064,
frame_ms,0.243,
frame_ms,0.2193,
frame_ms,0.2219,
frame_ms,0.2318,
frame_ms,0.2272,
frame_ms,0.2177,
frame_ms,0.2489,
frame_ms,0.2193,
frame_ms,0.3106,
frame_ms,0.2703,
frame_ms,0.2283,
frame_ms,0.2255,
frame_ms,0.2153,
frame_ms,0.2128,
frame_ms,0.2566,
frame_ms,0.2677,
frame_ms,0.232,
frame_ms,0.2212,
frame_ms,0.2083,
frame_ms,0.2442,
frame_ms,0.2253,
frame_ms,0.6765,
frame_ms,0.3191,
tick_us,330.3,42
frame_ms,0.9304,
frame_ms,0.2289,
frame_ms,0.2099,
frame_ms,0.2227,
frame_ms,0.2111,
frame_ms,0.2086,
frame_ms,0.2439,
frame_ms,0.2172,
frame_ms,0.212,
frame_ms,0.2224,
frame_ms,0.2357,
frame_ms,0.2204,
frame_ms,0.2097,
frame_ms,0.2455,
frame_ms,0.2221,
frame_ms,0.2064,
frame_ms,0.2337,
frame_ms,0.2216,
frame_ms,0.2124,
frame_ms,0.2122,
frame_ms,0.2433,
frame_ms,0.2211,
frame_ms,0.2133,
frame_ms,0.2245,
frame_ms,0.2694,
frame_ms,0.3182,
frame_ms,0.2349,
tick_us,342.6,42
frame_ms,0.915,
frame_ms,0.2422,
frame_ms,0.2201,
frame_ms,0.2168,
frame_ms,0.2188,
frame_ms,0.2171,
frame_ms,0.2148,
frame_ms,0.2495,
frame_ms,0.2644,
frame_ms,0.2274,
frame_ms,0.2402,
frame_ms,0.2135,
frame_ms,0.2239,
frame_ms,0.3044,
frame_ms,0.2412,
frame_ms,0.2327,
frame_ms,0.2266,
frame_ms,0.2358,
frame_ms,0.2261,
frame_ms,0.2907,
frame_ms,0.2871,
frame_ms,0.2308,
frame_ms,0.2241,
frame_ms,0.2228,
frame_ms,0.2179,
frame_ms,0.2611,
frame_ms,0.2621,
tick_us,312.8,40
frame_ms,0.8755,
frame_ms,0.2661,
frame_ms,0.2281,
frame_ms,0.2201,
frame_ms,0.2226,
frame_ms,0.2166,
frame_ms,0.2109,
frame_ms,0.2586,
frame_ms,0.2255,
frame_ms,0.2179,
frame_ms,0.2161,
frame_ms,0.239,
frame_ms,0.2566,
frame_ms,0.2241,
frame_ms,0.2128,
frame_ms,0.2495,
frame_ms,0.2727,
frame_ms,0.2327,
frame_ms,0.2294,
frame_ms,0.2161,
frame_ms,0.215,
frame_ms,0.2764,
frame_ms,0.235,
frame_ms,0.2165,
frame_ms,0.2108,
frame_ms,0.2881,
tick_us,338.1,42
frame_ms,0.9274,
frame_ms,0.2371,
frame_ms,0.2163,
frame_ms,0.2184,
frame_ms,0.2153,
frame_ms,0.2134,
frame_ms,0.2496,
frame_ms,0.2353,
frame_ms,0.2262,
frame_ms,0.2596,
frame_ms,0.2221,
frame_ms,0.2186,
frame_ms,0.2119,
frame_ms,0.246,
frame_ms,0.2236,
frame_ms,0.2151,
frame_ms,0.2264,
frame_ms,0.2267,
frame_ms,0.2591,
frame_ms,0.2549,
frame_ms,0.2949,
frame_ms,0.2373,
frame_ms,0.214,
frame_ms,0.2103,
frame_ms,0.2407,
frame_ms,0.2281,
frame_ms,0.2149,
tick_us,327,44
frame_ms,0.9,
frame_ms,0.2363,
frame_ms,0.209,
frame_ms,0.2115,
frame_ms,0.2122,
frame_ms,0.2173,
frame_ms,0.2444,
frame_ms,0.4717,
frame_ms,0.3122,
frame_ms,0.2236,
frame_ms,0.3706,
frame_ms,0.2191,
frame_ms,0.2197,
frame_ms,0.2193,
frame_ms,0.3425,
frame_ms,0.3449,
frame_ms,0.2204,
frame_ms,0.2393,
frame_ms,0.2256,
frame_ms,0.2135,
frame_ms,0.2087,
frame_ms,0.2557,
frame_ms,0.22,
frame_ms,0.2078,
frame_ms,0.238,
tick_us,343.6,44
frame_ms,0.9004,
frame_ms,0.2366,
frame_ms,0.2146,
frame_ms,0.2195,
frame_ms,0.2226,
frame_ms,0.2094,
frame_ms,0.2278,
frame_ms,0.2096,
frame_ms,0.2066,
frame_ms,0.2601,
frame_ms,0.2293,
frame_ms,0.2126,
frame_ms,0.2103,
frame_ms,0.2449,
frame_ms,0.216,
frame_ms,0.2081,
frame_ms,0.2286,
frame_ms,0.2085,
frame_ms,0.2111,
frame_ms,0.2693,
frame_ms,0.2292,
frame_ms,0.212,
frame_ms,0.2101,
frame_ms,0.2486,
frame_ms,0.2206,
frame_ms,0.2056,
frame_ms,0.2373,
frame_ms,0.2184,
frame_ms,0.2053,
tick_us,324.9,48
frame_ms,0.8911,
frame_ms,0.2352,
frame_ms,0.2084,
frame_ms,0.2131,
frame_ms,0.2065,
frame_ms,0.2166,
frame_ms,0.2568,
frame_ms,0.224,
frame_ms,0.2082,
frame_ms,0.2454,
frame_ms,0.2205,
frame_ms,0.2105,
frame_ms,0.23,
frame_ms,0.7574,
frame_ms,0.3122,
frame_ms,0.3801,
frame_ms,0.3464,
frame_ms,0.3417,
frame_ms,0.3343,
frame_ms,0.3676,
frame_ms,0.2712,
frame_ms,0.2259,
tick_us,326,48
frame_ms,0.8958,
frame_ms,0.2453,
frame_ms,0.2271,
frame_ms,0.2197,
frame_ms,0.232,
frame_ms,0.2167,
frame_ms,0.2299,
frame_ms,0.2146,
frame_ms,0.2775,
frame_ms,0.2655,
frame_ms,0.2249,
frame_ms,0.2377,
frame_ms,0.2238,
frame_ms,0.2112,
frame_ms,0.2777,
frame_ms,0.2274,
frame_ms,0.2391,
frame_ms,0.2357,
frame_ms,0.4997,
frame_ms,0.3751,
frame_ms,0.2782,
frame_ms,0.2434,
frame_ms,0.2215,
frame_ms,0.229,
frame_ms,0.2182,
tick_us,360.4,50
frame_ms,0.9541,
frame_ms,0.2501,
frame_ms,0.2296,
frame_ms,0.2228,
frame_ms,0.2809,
frame_ms,0.2586,
frame_ms,0.2313,
frame_ms,0.2138,
frame_ms,0.2139,
frame_ms,0.2407,
frame_ms,0.2188,
frame_ms,0.2176,
frame_ms,0.2406,
frame_ms,0.2197,
frame_ms,0.2091,
frame_ms,0.2337,
frame_ms,0.211,
frame_ms,0.2081,
frame_ms,0.2379,
frame_ms,0.2748,
frame_ms,0.2511,
frame_ms,0.2274,
frame_ms,0.2232,
frame_ms,0.3578,
frame_ms,0.2697,
frame_ms,0.2304,
tick_us,355.1,52
frame_ms,0.9209,
frame_ms,0.2366,
frame_ms,0.2269,
frame_ms,0.2176,
frame_ms,0.2206,
frame_ms,0.2234,
frame_ms,0.2145,
frame_ms,0.2463,
frame_ms,0.215,
frame_ms,0.2153,
frame_ms,0.2756,
frame_ms,0.2286,
frame_ms,0.2119,
frame_ms,0.2645,
frame_ms,0.2263,
frame_ms,0.2124,
frame_ms,0.2293,
frame_ms,0.2286,
frame_ms,0.2257,
frame_ms,0.2122,
frame_ms,0.2225,
frame_ms,0.2459,
frame_ms,0.2803,
frame_ms,0.2329,
frame_ms,0.2186,
frame_ms,0.2101,
frame_ms,0.2559,
tick_us,324.1,54
frame_ms,0.9173,
frame_ms,0.2407,
frame_ms,0.2126,
frame_ms,0.2154,
frame_ms,0.2215,
frame_ms,0.2133,
frame_ms,0.2403,
frame_ms,0.2273,
frame_ms,0.2128,
frame_ms,0.2471,
frame_ms,0.2211,
frame_ms,0.2095,
frame_ms,0.2604,
frame_ms,0.2257,
frame_ms,0.2184,
frame_ms,0.2353,
frame_ms,0.2273,
frame_ms,0.2088,
frame_ms,0.2284,
frame_ms,0.234,
frame_ms,0.2196,
frame_ms,0.2068,
frame_ms,0.3179,
frame_ms,0.2733,
frame_ms,0.2266,
frame_ms,0.2237,
frame_ms,0.2135,
tick_us,342.6,56
frame_ms,1.4657,
frame_ms,0.3867,
frame_ms,0.2215,
frame_ms,0.2234,
frame_ms,0.2125,
frame_ms,0.2072,
frame_ms,0.2548,
frame_ms,0.2281,
frame_ms,0.2094,
frame_ms,0.2272,
frame_ms,0.2265,
frame_ms,0.2988,
frame_ms,0.2131,
frame_ms,0.2504,
frame_ms,0.2219,
frame_ms,0.2109,
frame_ms,0.2344,
frame_ms,0.2116,
frame_ms,0.2046,
frame_ms,0.2601,
frame_ms,0.2257,
frame_ms,0.3355,
frame_ms,0.468,
tick_us,317.4,60
frame_ms,0.9413,
frame_ms,0.2454,
frame_ms,0.2226,
frame_ms,0.2229,
frame_ms,0.2347,
frame_ms,0.2311,
frame_ms,0.2263,
frame_ms,0.2221,
frame_ms,0.2527,
frame_ms,0.2621,
frame_ms,0.2295,
frame_ms,0.2144,
frame_ms,0.212,
frame_ms,0.2495,
frame_ms,0.2241,
frame_ms,0.2112,
frame_ms,0.235,
frame_ms,0.2136,
frame_ms,0.2046,
frame_ms,0.2458,
frame_ms,0.2243,
frame_ms,0.2049,
frame_ms,0.2315,
frame_ms,0.2194,
frame_ms,0.2071,
frame_ms,0.2578,
frame_ms,0.275,
tick_us,329.4,62
frame_ms,0.9001,
frame_ms,0.2413,
frame_ms,0.2191,
frame_ms,0.2414,
frame_ms,0.2257,
frame_ms,0.214,
frame_ms,0.2126,
frame_ms,0.2374,
frame_ms,0.2253,
frame_ms,0.2208,
frame_ms,0.2308,
frame_ms,0.2157,
frame_ms,0.2666,
frame_ms,0.2755,
frame_ms,0.23,
frame_ms,0.2158,
frame_ms,0.2122,
frame_ms,0.2741,
frame_ms,0.262,
frame_ms,0.2346,
frame_ms,0.219,
frame_ms,0.212,
frame_ms,0.2579,
frame_ms,0.2231,
frame_ms,0.215,
frame_ms,0.2298,
frame_ms,0.2396,
tick_us,325.1,60
frame_ms,0.8877,
frame_ms,0.2743,
frame_ms,0.377,
frame_ms,0.4086,
frame_ms,0.3467,
frame_ms,0.2432,
frame_ms,0.2131,
frame_ms,0.2205,
frame_ms,0.2097,
frame_ms,0.2133,
frame_ms,0.2345,
frame_ms,0.2178,
frame_ms,0.2288,
frame_ms,0.2104,
frame_ms,0.2366,
frame_ms,0.2141,
frame_ms,0.2271,
frame_ms,0.2243,
frame_ms,0.2251,
frame_ms,0.2029,
frame_ms,0.2526,
frame_ms,0.2257,
frame_ms,0.2085,
frame_ms,0.2274,
frame_ms,0.2102,
frame_ms,0.2044,
tick_us,338.9,58
frame_ms,0.9408,
frame_ms,0.2449,
frame_ms,0.2158,
frame_ms,0.2217,
frame_ms,0.2113,
frame_ms,0.2288,
frame_ms,0.2399,
frame_ms,0.2139,
frame_ms,0.2154,
frame_ms,0.2565,
frame_ms,0.2232,
frame_ms,0.2117,
frame_ms,0.2311,
frame_ms,0.2318,
frame_ms,0.2769,
frame_ms,0.2584,
frame_ms,0.2182,
frame_ms,0.2103,
frame_ms,0.2474,
frame_ms,0.2196,
frame_ms,0.2093,
frame_ms,0.243,
frame_ms,0.223,
frame_ms,0.226,
frame_ms,0.3129,
frame_ms,0.2623,
tick_us,333.1,62
frame_ms,0.9097,
frame_ms,0.2412,
frame_ms,0.217,
frame_ms,0.2891,
frame_ms,0.2298,
frame_ms,0.2222,
frame_ms,0.2122,
frame_ms,0.2107,
frame_ms,0.2389,
frame_ms,0.2217,
frame_ms,0.2123,
frame_ms,0.2484,
frame_ms,0.2681,
frame_ms,0.2263,
frame_ms,0.2147,
frame_ms,0.2114,
frame_ms,0.2325,
frame_ms,0.2183,
frame_ms,0.2141,
frame_ms,0.2384,
frame_ms,0.2245,
frame_ms,0.2126,
frame_ms,0.2305,
frame_ms,0.2103,
frame_ms,0.2755,
frame_ms,0.2265,
frame_ms,0.2127,
frame_ms,0.2285,
tick_us,324.2,60
frame_ms,0.9705,
frame_ms,0.2793,
frame_ms,0.2142,
frame_ms,0.2424,
frame_ms,0.2095,
frame_ms,0.2088,
frame_ms,0.2487,
frame_ms,0.2245,
frame_ms,0.2136,
frame_ms,0.2318,
frame_ms,0.2129,
frame_ms,0.2636,
frame_ms,0.2276,
frame_ms,0.2146,
frame_ms,0.2086,
frame_ms,0.2361,
frame_ms,0.2122,
frame_ms,0.2155,
frame_ms,0.2514,
frame_ms,0.2724,
frame_ms,0.2357,
frame_ms,0.2286,
frame_ms,0.2291,
frame_ms,0.2145,
frame_ms,0.2128,
frame_ms,0.2477,
frame_ms,0.2595,
tick_us,314.7,54
frame_ms,0.8727,
frame_ms,0.4524,
frame_ms,0.4533,
frame_ms,0.391,
frame_ms,0.3459,
frame_ms,0.3485,
frame_ms,0.3288,
frame_ms,0.2471,
frame_ms,0.2156,
frame_ms,1.1942,
frame_ms,0.4159,
frame_ms,0.4527,
frame_ms,0.6288,
tick_us,344.5,54
frame_ms,1.3425,
frame_ms,0.4771,
frame_ms,0.5243,
frame_ms,0.3411,
frame_ms,0.2429,
frame_ms,0.2215,
frame_ms,0.2214,
frame_ms,0.2177,
frame_ms,0.2193,
frame_ms,0.2748,
frame_ms,0.2324,
frame_ms,0.259,
frame_ms,0.3938,
frame_ms,0.8013,
frame_ms,0.5767,
frame_ms,0.4997,
frame_ms,0.7475,
tick_us,533.5,54
frame_ms,1.6548,
frame_ms,0.6114,
frame_ms,0.3242,
frame_ms,0.5159,
frame_ms,0.3971,
frame_ms,0.3651,
frame_ms,0.3732,
frame_ms,0.7826,
frame_ms,0.4206,
frame_ms,0.8185,
frame_ms,0.621,
tick_us,340.2,54
frame_ms,1.1778,
frame_ms,0.3536,
frame_ms,0.3314,
frame_ms,0.2311,
frame_ms,0.2286,
frame_ms,0.2222,
frame_ms,0.2495,
frame_ms,0.2275,
frame_ms,0.2251,
frame_ms,0.2541,
frame_ms,0.2252,
frame_ms,0.2156,
frame_ms,0.2182,
frame_ms,0.2631,
frame_ms,0.2739,
frame_ms,0.2392,
frame_ms,0.2309,
frame_ms,0.2256,
frame_ms,0.2224,
frame_ms,0.2214,
frame_ms,0.2359,
frame_ms,0.5435,
tick_us,423.1,48
frame_ms,1.1789,
frame_ms,0.3681,
frame_ms,0.2841,
frame_ms,0.2455,
frame_ms,0.223,
frame_ms,0.2243,
frame_ms,1.4785,
frame_ms,0.435,
frame_ms,0.3835,
frame_ms,0.3937,
frame_ms,0.343,
frame_ms,0.2961,
frame_ms,0.2464,
frame_ms,0.2167,
frame_ms,0.2224,
frame_ms,0.22,
frame_ms,0.2157,
frame_ms,0.2503,
tick_us,347,50
frame_ms,0.9221,
frame_ms,0.267,
frame_ms,0.4138,
frame_ms,0.2874,
frame_ms,0.2218,
frame_ms,0.2206,
frame_ms,0.2127,
frame_ms,0.2109,
frame_ms,0.2461,
frame_ms,0.229,
frame_ms,0.212,
frame_ms,0.2134,
frame_ms,0.2427,
frame_ms,0.2618,
frame_ms,0.2793,
frame_ms,0.359,
frame_ms,0.2504,
frame_ms,0.231,
frame_ms,0.2403,
frame_ms,0.2372,
frame_ms,0.3685,
frame_ms,0.2879,
frame_ms,0.2155,
frame_ms,0.2218,
tick_us,337.2,50
frame_ms,0.8962,
frame_ms,0.2377,
frame_ms,0.2139,
frame_ms,0.2179,
frame_ms,0.2129,
frame_ms,0.2093,
frame_ms,0.2648,
frame_ms,0.2537,
frame_ms,0.2232,
frame_ms,0.217,
frame_ms,0.2917,
frame_ms,0.222,
frame_ms,0.2141,
frame_ms,0.3507,
frame_ms,0.4144,
frame_ms,0.4167,
frame_ms,0.3904,
frame_ms,0.3092,
frame_ms,0.241,
frame_ms,0.2192,
frame_ms,0.2257,
frame_ms,0.2741,
frame_ms,0.259,
frame_ms,0.2372,
tick_us,338.6,52
frame_ms,0.8925,
frame_ms,0.2359,
frame_ms,0.2223,
frame_ms,0.2198,
frame_ms,0.2093,
frame_ms,0.2074,
frame_ms,0.237,
frame_ms,0.2267,
frame_ms,0.221,
frame_ms,0.215,
frame_ms,0.254,
frame_ms,0.2664,
frame_ms,0.2436,
frame_ms,0.2291,
frame_ms,0.2266,
frame_ms,0.217,
frame_ms,0.2919,
frame_ms,0.2516,
frame_ms,0.2189,
frame_ms,0.2114,
frame_ms,0.2347,
frame_ms,0.2174,
frame_ms,0.2071,
frame_ms,0.2398,
frame_ms,0.215,
frame_ms,0.2078,
frame_ms,0.2484,
tick_us,332.8,54
frame_ms,0.9005,
frame_ms,0.2551,
frame_ms,0.2067,
frame_ms,0.2225,
frame_ms,0.2367,
frame_ms,0.2148,
frame_ms,0.2451,
frame_ms,0.2131,
frame_ms,0.209,
frame_ms,0.2303,
frame_ms,0.2155,
frame_ms,0.2094,
frame_ms,0.2532,
frame_ms,0.2234,
frame_ms,0.2138,
frame_ms,0.2284,
frame_ms,0.2161,
frame_ms,0.2713,
frame_ms,0.2507,
frame_ms,0.8943,
frame_ms,0.3746,
frame_ms,0.3479,
frame_ms,0.4403,
tick_us,368.8,50
frame_ms,1.0651,
frame_ms,0.3459,
frame_ms,0.2875,
frame_ms,0.2369,
frame_ms,0.226,
frame_ms,0.2233,
frame_ms,0.2224,
frame_ms,0.2202,
frame_ms,0.2564,
frame_ms,0.2713,
frame_ms,0.2392,
frame_ms,0.2273,
frame_ms,0.2245,
frame_ms,0.2161,
frame_ms,0.2691,
frame_ms,0.2571,
frame_ms,0.2316,
frame_ms,0.2205,
frame_ms,0.2147,
frame_ms,0.2657,
frame_ms,0.2311,
frame_ms,0.2126,
frame_ms,0.2152,
frame_ms,0.2436,
frame_ms,0.2302,
tick_us,356.6,50
frame_ms,0.9197,
frame_ms,0.2338,
frame_ms,0.2137,
frame_ms,0.2247,
frame_ms,0.217,
frame_ms,0.2159,
frame_ms,0.2168,
frame_ms,0.2621,
frame_ms,0.232,
frame_ms,0.2182,
frame_ms,0.2144,
frame_ms,0.2743,
frame_ms,0.2302,
frame_ms,0.2185,
frame_ms,0.2219,
frame_ms,0.2449,
frame_ms,0.2814,
frame_ms,0.2344,
frame_ms,0.2296,
frame_ms,0.2276,
frame_ms,0.2136,
frame_ms,0.2381,
frame_ms,0.2175,
frame_ms,0.2223,
frame_ms,0.3231,
frame_ms,0.2677,
frame_ms,0.2413,
tick_us,353.1,50
frame_ms,0.9273,
frame_ms,0.2502,
frame_ms,0.2301,
frame_ms,0.2193,
frame_ms,0.2188,
frame_ms,0.2137,
frame_ms,0.2122,
frame_ms,0.2361,
frame_ms,0.2165,
frame_ms,0.2076,
frame_ms,0.2397,
frame_ms,0.2698,
frame_ms,0.2306,
frame_ms,0.2212,
frame_ms,0.2166,
frame_ms,0.247,
frame_ms,0.2306,
frame_ms,0.2221,
frame_ms,0.2092,
frame_ms,0.2692,
frame_ms,0.2756,
frame_ms,0.2378,
frame_ms,0.23,
frame_ms,0.2213,
frame_ms,0.2203,
frame_ms,0.2378,
frame_ms,0.2466,
tick_us,313.6,52
frame_ms,0.8938,
frame_ms,0.2316,
frame_ms,0.2115,
frame_ms,0.2159,
frame_ms,0.2223,
frame_ms,0.2125,
frame_ms,0.2548,
frame_ms,0.222,
frame_ms,0.2446,
frame_ms,0.2129,
frame_ms,0.265,
frame_ms,0.2326,
frame_ms,0.2117,
frame_ms,0.2102,
frame_ms,0.2464,
frame_ms,0.2187,
frame_ms,0.2077,
frame_ms,0.2299,
frame_ms,0.2472,
frame_ms,0.2575,
frame_ms,0.2252,
frame_ms,0.2215,
frame_ms,0.2617,
frame_ms,0.2249,
frame_ms,0.2152,
frame_ms,0.215,
frame_ms,0.2679,
tick_us,380.1,50
frame_ms,1.0604,
frame_ms,0.3908,
frame_ms,0.2483,
frame_ms,0.2134,
frame_ms,0.2215,
frame_ms,0.2159,
frame_ms,0.223,
frame_ms,0.2544,
frame_ms,0.2274,
frame_ms,0.2155,
frame_ms,0.2457,
frame_ms,0.2189,
frame_ms,0.2113,
frame_ms,0.2268,
frame_ms,0.2652,
frame_ms,0.2755,
frame_ms,0.2348,
frame_ms,0.2348,
frame_ms,0.2223,
frame_ms,0.216,
frame_ms,0.2675,
frame_ms,0.2711,
frame_ms,0.2346,
frame_ms,0.2187,
frame_ms,0.214,
tick_us,350.2,54
frame_ms,0.9783,
frame_ms,0.2819,
frame_ms,0.2547,
frame_ms,0.2522,
frame_ms,0.2885,
frame_ms,0.2319,
frame_ms,0.2308,
frame_ms,0.23,
frame_ms,0.2252,
frame_ms,0.2366,
frame_ms,0.2238,
frame_ms,0.2913,
frame_ms,0.2986,
frame_ms,0.2453,
frame_ms,0.2337,
frame_ms,0.2676,
frame_ms,0.3123,
frame_ms,0.3307,
frame_ms,0.2758,
frame_ms,0.2386,
frame_ms,0.2438,
frame_ms,0.2294,
frame_ms,0.227,
frame_ms,0.2209,
frame_ms,0.2459,
tick_us,352,52
frame_ms,0.9518,
frame_ms,0.2931,
frame_ms,0.2448,
frame_ms,0.3946,
frame_ms,0.5774,
frame_ms,0.2968,
frame_ms,0.4898,
frame_ms,0.3698,
frame_ms,0.5661,
frame_ms,0.3742,
frame_ms,0.3533,
frame_ms,0.3406,
frame_ms,0.3456,
frame_ms,0.345,
frame_ms,0.3803,
frame_ms,0.3586,
tick_us,357.5,54
frame_ms,1.1304,
frame_ms,0.3016,
frame_ms,0.2733,
frame_ms,0.3144,
frame_ms,0.2692,
frame_ms,0.2429,
frame_ms,0.2419,
frame_ms,0.2445,
frame_ms,0.2425,
frame_ms,0.2555,
frame_ms,0.2854,
frame_ms,0.2693,
frame_ms,0.2377,
frame_ms,0.2385,
frame_ms,0.2484,
frame_ms,0.2243,
frame_ms,0.2217,
frame_ms,0.2303,
frame_ms,0.2295,
frame_ms,0.2412,
frame_ms,0.2206,
frame_ms,0.2116,
frame_ms,0.213,
frame_ms,0.2545,
frame_ms,0.2737,
tick_us,355.2,50
frame_ms,0.9484,
frame_ms,0.251,
frame_ms,0.2366,
frame_ms,0.2281,
frame_ms,0.2282,
frame_ms,0.2208,
frame_ms,0.2194,
frame_ms,0.2593,
frame_ms,0.2226,
frame_ms,0.2169,
frame_ms,0.7778,
frame_ms,0.49,
frame_ms,0.2819,
frame_ms,0.2492,
frame_ms,0.2329,
frame_ms,0.2229,
frame_ms,0.2173,
frame_ms,0.2439,
frame_ms,0.2265,
frame_ms,0.2331,
frame_ms,0.2188,
frame_ms,0.2554,
frame_ms,0.2428,
tick_us,356.2,52
frame_ms,0.9501,
frame_ms,0.2582,
frame_ms,0.2161,
frame_ms,0.233,
frame_ms,0.2166,
frame_ms,0.2418,
frame_ms,0.2605,
frame_ms,0.2334,
frame_ms,0.2416,
frame_ms,0.2603,
frame_ms,0.2259,
frame_ms,0.2163,
frame_ms,0.2518,
frame_ms,0.2254,
frame_ms,0.215,
frame_ms,0.2307,
frame_ms,0.2595,
frame_ms,0.2802,
frame_ms,0.2433,
frame_ms,0.2279,
frame_ms,0.2585,
frame_ms,0.2563,
frame_ms,0.2367,
frame_ms,0.3343,
frame_ms,0.4359,
tick_us,355.7,46
frame_ms,0.9918,
frame_ms,0.2563,
frame_ms,0.2278,
frame_ms,0.2347,
frame_ms,0.2257,
frame_ms,0.2136,
frame_ms,0.2353,
frame_ms,0.2517,
frame_ms,0.273,
frame_ms,0.2367,
frame_ms,0.2214,
frame_ms,0.2387,
frame_ms,0.2249,
frame_ms,0.2485,
frame_ms,0.2304,
frame_ms,0.2384,
frame_ms,0.6549,
frame_ms,0.3496,
frame_ms,0.2408,
frame_ms,0.2104,
frame_ms,0.2179,
frame_ms,0.2142,
frame_ms,0.2277,
frame_ms,0.3015,
tick_us,359.3,46
frame_ms,0.9542,
frame_ms,0.2687,
frame_ms,0.2351,
frame_ms,0.2753,
frame_ms,0.2494,
frame_ms,0.2352,
frame_ms,0.2358,
frame_ms,0.2215,
frame_ms,0.2161,
frame_ms,0.2167,
frame_ms,0.2362,
frame_ms,0.2549,
frame_ms,0.2471,
frame_ms,0.224,
frame_ms,0.2127,
frame_ms,0.2548,
frame_ms,0.2316,
frame_ms,0.23,
frame_ms,0.2201,
frame_ms,0.2956,
frame_ms,0.3163,
frame_ms,0.3557,
frame_ms,0.2863,
frame_ms,0.252,
frame_ms,0.2511,
tick_us,422.3,50
frame_ms,1.0795,
frame_ms,0.4817,
frame_ms,0.3836,
frame_ms,0.4411,
frame_ms,0.3749,
frame_ms,0.3618,
frame_ms,0.4262,
frame_ms,0.3684,
frame_ms,0.3397,
frame_ms,0.6657,
frame_ms,0.3274,
frame_ms,0.3556,
frame_ms,0.6054,
frame_ms,0.6564,
tick_us,377.8,52
frame_ms,1.0615,
frame_ms,0.2945,
frame_ms,0.2519,
frame_ms,0.2434,
frame_ms,0.2352,
frame_ms,0.2247,
frame_ms,0.2266,
frame_ms,0.2194,
frame_ms,0.2627,
frame_ms,0.2345,
frame_ms,0.2236,
frame_ms,0.2298,
frame_ms,0.2583,
frame_ms,0.2368,
frame_ms,0.2273,
frame_ms,0.2417,
frame_ms,0.2244,
frame_ms,0.2456,
frame_ms,0.2237,
frame_ms,0.2254,
frame_ms,0.2456,
frame_ms,0.2552,
frame_ms,0.2526,
frame_ms,0.2298,
frame_ms,0.227,
frame_ms,0.2668,
tick_us,463.5,52
frame_ms,1.2791,
frame_ms,0.3991,
frame_ms,0.3395,
frame_ms,0.2742,
frame_ms,0.3013,
frame_ms,0.2336,
frame_ms,0.2313,
frame_ms,0.2471,
frame_ms,0.2396,
frame_ms,0.3165,
frame_ms,0.3216,
frame_ms,0.3007,
frame_ms,0.26,
frame_ms,0.2631,
frame_ms,0.2615,
frame_ms,0.4903,
frame_ms,0.479,
frame_ms,0.373,
frame_ms,0.3241,
tick_us,493.9,50
frame_ms,1.1865,
frame_ms,0.3991,
frame_ms,0.412,
frame_ms,0.3936,
frame_ms,0.2556,
frame_ms,0.2398,
frame_ms,0.273,
frame_ms,0.3515,
frame_ms,0.3471,
frame_ms,0.4368,
frame_ms,0.332,
frame_ms,0.3982,
frame_ms,0.4291,
frame_ms,0.3363,
frame_ms,0.3228,
frame_ms,0.2546,
frame_ms,0.2625,
tick_us,430.7,46
frame_ms,1.1604,
frame_ms,0.3453,
frame_ms,0.2795,
frame_ms,0.2529,
frame_ms,0.4122,
frame_ms,0.3876,
frame_ms,0.4258,
frame_ms,0.5385,
frame_ms,0.3454,
frame_ms,0.3487,
frame_ms,1.3098,
frame_ms,0.3838,
frame_ms,0.3479,
frame_ms,0.6512,
tick_us,447.1,42
frame_ms,1.9257,
frame_ms,0.4918,
frame_ms,0.3201,
frame_ms,0.3131,
frame_ms,0.3285,
frame_ms,0.358,
frame_ms,0.2977,
frame_ms,0.3957,
frame_ms,0.2744,
frame_ms,0.4164,
frame_ms,0.362,
frame_ms,0.4429,
frame_ms,0.5601,
frame_ms,0.3827,
tick_us,484.7,46
frame_ms,1.1751,
frame_ms,0.3823,
frame_ms,0.2754,
frame_ms,0.2477,
frame_ms,0.4338,
frame_ms,0.435,
frame_ms,0.6394,
frame_ms,0.3915,
frame_ms,0.3025,
frame_ms,0.3845,
frame_ms,0.3012,
frame_ms,0.3554,
frame_ms,0.345,
frame_ms,0.2915,
frame_ms,0.2373,
frame_ms,0.5397,
tick_us,437.5,46
frame_ms,1.274,
frame_ms,0.3824,
frame_ms,0.2924,
frame_ms,0.2491,
frame_ms,0.2642,
frame_ms,0.328,
frame_ms,0.3482,
frame_ms,0.2835,
frame_ms,0.9325,
frame_ms,0.5898,
frame_ms,0.4652,
frame_ms,0.3969,
frame_ms,0.8057,
frame_ms,0.3501,
frame_ms,0.2807,
tick_us,403,46
frame_ms,1.1221,
frame_ms,0.4443,
frame_ms,0.6162,
frame_ms,0.3627,
frame_ms,0.295,
frame_ms,0.3862,
frame_ms,0.4438,
frame_ms,0.2696,
frame_ms,0.2547,
frame_ms,0.248,
frame_ms,0.667,
frame_ms,0.6358,
frame_ms,0.3362,
frame_ms,0.3264,
frame_ms,0.2692,
tick_us,509.3,48
frame_ms,1.6153,
frame_ms,0.5455,
frame_ms,0.5394,
frame_ms,0.3592,
frame_ms,0.3757,
frame_ms,0.3521,
frame_ms,0.3205,
frame_ms,0.2841,
frame_ms,0.255,
frame_ms,0.4035,
frame_ms,0.3241,
frame_ms,0.4167,
frame_ms,0.2889,
frame_ms,0.3533,
frame_ms,0.395,
frame_ms,0.3564,
tick_us,449.6,46
frame_ms,1.4624,
frame_ms,0.4356,
frame_ms,0.2986,
frame_ms,0.2755,
frame_ms,0.2471,
frame_ms,0.2494,
frame_ms,0.2598,
frame_ms,0.2597,
frame_ms,0.3366,
frame_ms,0.2669,
frame_ms,0.2668,
frame_ms,0.265,
frame_ms,1.08,
tick_us,911.4,48
frame_ms,3.3025,
frame_ms,0.7364,
frame_ms,0.7767,
frame_ms,0.4553,
frame_ms,0.3446,
frame_ms,0.4248,
frame_ms,0.4306,
frame_ms,0.5137,
frame_ms,0.4353,
frame_ms,0.3078,
frame_ms,0.582,
tick_us,429.9,48
frame_ms,1.6123,
frame_ms,0.5109,
frame_ms,0.286,
frame_ms,0.3416,
frame_ms,0.2923,
frame_ms,0.2769,
frame_ms,0.4703,
frame_ms,0.3178,
frame_ms,0.2833,
frame_ms,0.2644,
frame_ms,0.2587,
frame_ms,0.2616,
frame_ms,0.2603,
frame_ms,0.2584,
frame_ms,0.253,
frame_ms,0.2642,
frame_ms,0.2548,
frame_ms,0.2591,
tick_us,402.7,48
frame_ms,1.1336,
frame_ms,0.506,
frame_ms,0.5484,
frame_ms,0.3992,
frame_ms,0.4764,
frame_ms,0.3895,
frame_ms,0.301,
frame_ms,0.321,
frame_ms,0.3127,
frame_ms,0.2859,
frame_ms,0.2802,
frame_ms,0.2487,
frame_ms,0.2529,
frame_ms,0.2642,
frame_ms,0.2599,
frame_ms,0.2602,
frame_ms,0.2584,
frame_ms,0.2558,
frame_ms,0.2632,
tick_us,412.3,52
frame_ms,1.1212,
frame_ms,0.6026,
frame_ms,0.3833,
frame_ms,0.3581,
frame_ms,0.7308,
frame_ms,0.3901,
frame_ms,0.2916,
frame_ms,0.3659,
frame_ms,0.3184,
frame_ms,0.2631,
frame_ms,0.2582,
frame_ms,0.2533,
frame_ms,0.2466,
frame_ms,0.3061,
frame_ms,0.3215,
frame_ms,0.271,
frame_ms,0.2549,
frame_ms,0.2518,
tick_us,427.7,60
frame_ms,1.0635,
frame_ms,0.2836,
frame_ms,0.2366,
frame_ms,0.3098,
frame_ms,0.315,
frame_ms,0.2818,
frame_ms,0.2605,
frame_ms,0.3134,
frame_ms,0.2995,
frame_ms,0.3038,
frame_ms,0.4093,
frame_ms,0.3865,
frame_ms,0.3389,
frame_ms,0.3176,
frame_ms,0.2869,
frame_ms,0.2802,
frame_ms,0.2664,
frame_ms,0.3241,
frame_ms,0.3062,
frame_ms,0.3195,
tick_us,492.9,62
frame_ms,1.3592,
frame_ms,0.3325,
frame_ms,0.2651,
frame_ms,0.229,
frame_ms,0.6677,
frame_ms,0.9769,
frame_ms,0.3549,
frame_ms,0.2748,
frame_ms,0.244,
frame_ms,0.2455,
frame_ms,0.2509,
frame_ms,0.2544,
frame_ms,0.2928,
frame_ms,0.3526,
frame_ms,0.2697,
frame_ms,0.234,
frame_ms,0.2517,
tick_us,422.2,62
frame_ms,1.1244,
frame_ms,0.3712,
frame_ms,0.2852,
frame_ms,0.2576,
frame_ms,0.2687,
frame_ms,0.5292,
frame_ms,0.756,
frame_ms,0.6808,
frame_ms,0.462,
frame_ms,0.2744,
frame_ms,0.2973,
frame_ms,0.2574,
frame_ms,0.4775,
frame_ms,0.3566,
frame_ms,0.2785,
frame_ms,0.2717,
tick_us,387.2,58
frame_ms,1.112,
frame_ms,0.2929,
frame_ms,0.3392,
frame_ms,0.2995,
frame_ms,0.5966,
frame_ms,0.6156,
frame_ms,0.8975,
frame_ms,1.4572,
frame_ms,0.5776,
frame_ms,0.5318,
frame_ms,0.3797,
tick_us,445,62
frame_ms,2.0673,
frame_ms,0.504,
frame_ms,0.6764,
frame_ms,0.3733,
frame_ms,0.7879,
frame_ms,0.5334,
frame_ms,0.3465,
frame_ms,0.5244,
frame_ms,0.7535,
tick_us,426.5,60
frame_ms,1.5302,
frame_ms,0.8148,
frame_ms,0.4112,
frame_ms,0.3763,
frame_ms,0.3256,
frame_ms,0.4078,
frame_ms,0.6827,
frame_ms,0.4013,
frame_ms,0.4361,
frame_ms,0.4402,
frame_ms,0.3436,
frame_ms,0.2803,
frame_ms,0.253,
frame_ms,0.2484,
frame_ms,0.2514,
tick_us,552,62
frame_ms,1.3194,
frame_ms,0.3543,
frame_ms,0.2772,
frame_ms,1.2246,
frame_ms,0.2842,
frame_ms,0.2514,
frame_ms,0.3903,
frame_ms,0.7033,
frame_ms,0.4918,
frame_ms,0.4202,
frame_ms,0.4205,
frame_ms,0.4466,
frame_ms,0.3375,
tick_us,402.4,60
frame_ms,1.1094,
frame_ms,0.3606,
frame_ms,0.3894,
frame_ms,0.3355,
frame_ms,0.8759,
frame_ms,0.3105,
frame_ms,0.3216,
frame_ms,0.5448,
frame_ms,0.5601,
frame_ms,0.4415,
frame_ms,0.3939,
frame_ms,0.2945,
frame_ms,0.2659,
frame_ms,0.3376,
frame_ms,0.7526,
tick_us,482.9,60
frame_ms,1.7424,
frame_ms,0.5786,
frame_ms,0.444,
frame_ms,0.3992,
frame_ms,0.3615,
frame_ms,0.2826,
frame_ms,0.359,
frame_ms,0.3449,
frame_ms,0.2969,
frame_ms,0.2811,
frame_ms,0.2529,
frame_ms,0.2967,
frame_ms,0.4917,
frame_ms,0.4048,
tick_us,502.6,60
frame_ms,1.3994,
frame_ms,0.669,
frame_ms,1.1387,
frame_ms,0.3661,
frame_ms,0.2861,
frame_ms,0.2587,
frame_ms,0.4837,
frame_ms,0.5668,
frame_ms,0.3043,
frame_ms,0.4504,
frame_ms,0.539,
frame_ms,0.546,
tick_us,934.3,62
frame_ms,2.3643,
frame_ms,0.3565,
frame_ms,0.2466,
frame_ms,0.2464,
frame_ms,0.2387,
frame_ms,0.2322,
frame_ms,0.2245,
frame_ms,0.2299,
frame_ms,0.4213,
frame_ms,0.4606,
frame_ms,0.4195,
frame_ms,0.401,
frame_ms,0.3935,
frame_ms,0.4426,
frame_ms,0.3305,
tick_us,489.4,68
frame_ms,1.595,
frame_ms,0.6462,
frame_ms,0.4483,
frame_ms,0.2951,
frame_ms,0.2625,
frame_ms,0.2403,
frame_ms,0.2544,
frame_ms,0.2332,
frame_ms,0.2409,
frame_ms,0.2249,
frame_ms,0.3711,
frame_ms,0.771,
frame_ms,0.3137,
frame_ms,0.2779,
frame_ms,0.2631,
frame_ms,0.3041,
frame_ms,0.2766,
tick_us,417,70
frame_ms,1.1317,
frame_ms,0.4378,
frame_ms,0.3238,
frame_ms,0.2952,
frame_ms,0.3679,
frame_ms,0.2917,
frame_ms,0.2661,
frame_ms,0.3592,
frame_ms,0.3392,
frame_ms,0.3005,
frame_ms,0.2672,
frame_ms,0.2641,
frame_ms,0.4818,
frame_ms,0.5153,
frame_ms,0.5073,
frame_ms,0.4412,
frame_ms,0.2701,
tick_us,401.4,66
frame_ms,1.0386,
frame_ms,0.3056,
frame_ms,0.3296,
frame_ms,0.3154,
frame_ms,0.26,
frame_ms,0.2261,
frame_ms,0.2314,
frame_ms,0.2322,
frame_ms,0.2344,
frame_ms,0.3077,
frame_ms,0.335,
frame_ms,0.2905,
frame_ms,0.3785,
frame_ms,0.3255,
frame_ms,0.5058,
frame_ms,0.5401,
frame_ms,0.3134,
frame_ms,0.3144,
frame_ms,0.2652,
frame_ms,0.2345,
tick_us,408.9,62
frame_ms,1.0517,
frame_ms,0.2537,
frame_ms,0.225,
frame_ms,0.2608,
frame_ms,0.2394,
frame_ms,0.2749,
frame_ms,0.2578,
frame_ms,0.252,
frame_ms,0.2351,
frame_ms,0.2151,
frame_ms,0.2138,
frame_ms,0.2561,
frame_ms,0.2247,
frame_ms,0.2149,
frame_ms,0.2774,
frame_ms,0.2389,
frame_ms,0.2475,
frame_ms,0.239,
frame_ms,0.2853,
frame_ms,0.4142,
frame_ms,0.2784,
frame_ms,0.2761,
tick_us,439.6,64
frame_ms,2.1362,
frame_ms,0.9168,
frame_ms,0.5082,
frame_ms,0.4743,
frame_ms,0.3003,
frame_ms,0.2615,
frame_ms,0.4396,
frame_ms,0.5307,
frame_ms,0.3864,
frame_ms,0.4503,
frame_ms,0.5575,
frame_ms,0.386,
tick_us,402.2,62
frame_ms,1.0629,
frame_ms,0.2702,
frame_ms,0.2482,
frame_ms,0.2231,
frame_ms,0.2497,
frame_ms,0.219,
frame_ms,0.2171,
frame_ms,0.2125,
frame_ms,0.2459,
frame_ms,0.2485,
frame_ms,0.2169,
frame_ms,0.2358,
frame_ms,0.2522,
frame_ms,0.2314,
frame_ms,0.9853,
frame_ms,0.3019,
frame_ms,0.2449,
frame_ms,0.7359,
frame_ms,0.5052,
tick_us,351.1,58
frame_ms,0.9833,
frame_ms,0.2428,
frame_ms,0.2299,
frame_ms,0.2291,
frame_ms,0.2312,
frame_ms,0.2319,
frame_ms,0.2195,
frame_ms,0.2192,
frame_ms,0.2397,
frame_ms,0.2269,
frame_ms,0.2194,
frame_ms,0.261,
frame_ms,0.232,
frame_ms,0.2186,
frame_ms,0.2603,
frame_ms,0.2169,
frame_ms,0.2122,
frame_ms,0.2348,
frame_ms,0.4121,
frame_ms,0.3506,
frame_ms,0.2778,
frame_ms,0.2694,
frame_ms,0.2532,
frame_ms,0.373,
tick_us,524.6,60
frame_ms,1.3953,
frame_ms,0.5367,
frame_ms,0.3707,
frame_ms,0.3122,
frame_ms,0.2594,
frame_ms,0.2329,
frame_ms,0.2402,
frame_ms,0.237,
frame_ms,0.235,
frame_ms,0.2603,
frame_ms,0.291,
frame_ms,0.2421,
frame_ms,0.2256,
frame_ms,0.2209,
frame_ms,0.2202,
frame_ms,0.2615,
frame_ms,0.2337,
frame_ms,0.2131,
frame_ms,0.2136,
frame_ms,0.4629,
frame_ms,0.4868,
tick_us,378.4,60
frame_ms,1.149,
frame_ms,0.2753,
frame_ms,0.2232,
frame_ms,0.2298,
frame_ms,0.2388,
frame_ms,0.2916,
frame_ms,0.2163,
frame_ms,0.2161,
frame_ms,0.2157,
frame_ms,0.2431,
frame_ms,0.2486,
frame_ms,0.2239,
frame_ms,0.2196,
frame_ms,0.2981,
frame_ms,0.3272,
frame_ms,0.3721,
frame_ms,0.3247,
frame_ms,0.25,
frame_ms,0.2225,
frame_ms,0.228,
frame_ms,0.2274,
frame_ms,0.2187,
frame_ms,0.2563,
frame_ms,0.3361,
tick_us,350.8,62
frame_ms,1.177,
frame_ms,0.2412,
frame_ms,0.2227,
frame_ms,0.2199,
frame_ms,0.2237,
frame_ms,0.2226,
frame_ms,0.2305,
frame_ms,0.2424,
frame_ms,0.2154,
frame_ms,0.2108,
frame_ms,0.2581,
frame_ms,0.2281,
frame_ms,0.226,
frame_ms,0.2322,
frame_ms,0.2508,
frame_ms,0.2686,
frame_ms,0.2376,
frame_ms,0.2258,
frame_ms,0.2265,
frame_ms,0.2293,
frame_ms,0.2266,
frame_ms,0.2276,
frame_ms,0.2304,
frame_ms,0.4134,
tick_us,356.9,64
frame_ms,1.2988,
frame_ms,0.3111,
frame_ms,0.2679,
frame_ms,0.2341,
frame_ms,0.2645,
frame_ms,0.246,
frame_ms,0.2367,
frame_ms,0.2293,
frame_ms,0.2279,
frame_ms,0.2187,
frame_ms,0.291,
frame_ms,0.3125,
frame_ms,0.2478,
frame_ms,0.2358,
frame_ms,0.2323,
frame_ms,0.2295,
frame_ms,0.3511,
frame_ms,0.3429,
frame_ms,0.246,
frame_ms,0.2146,
frame_ms,0.2209,
frame_ms,0.2223,
frame_ms,0.2192,
frame_ms,0.2537,
tick_us,356,62
frame_ms,1.2496,
frame_ms,0.3317,
frame_ms,0.2389,
frame_ms,0.235,
frame_ms,0.2397,
frame_ms,0.2246,
frame_ms,0.2919,
frame_ms,0.2215,
frame_ms,0.2196,
frame_ms,0.2651,
frame_ms,0.2513,
frame_ms,0.2249,
frame_ms,0.2735,
frame_ms,0.2949,
frame_ms,0.2536,
frame_ms,0.2404,
frame_ms,0.2324,
frame_ms,1.2571,
frame_ms,0.2448,
frame_ms,0.2137,
tick_us,335.2,62
frame_ms,0.9496,
frame_ms,0.3527,
frame_ms,0.258,
frame_ms,0.2217,
frame_ms,0.2266,
frame_ms,0.2224,
frame_ms,0.2694,
frame_ms,0.4982,
frame_ms,0.6558,
frame_ms,0.232,
frame_ms,0.2324,
frame_ms,0.3091,
frame_ms,0.4505,
frame_ms,0.2674,
frame_ms,0.2385,
frame_ms,1.224,
frame_ms,0.2537,
tick_us,360.2,64
frame_ms,0.938,
frame_ms,0.241,
frame_ms,0.2316,
frame_ms,0.2649,
frame_ms,0.2254,
frame_ms,0.2257,
frame_ms,0.2262,
frame_ms,0.2466,
frame_ms,0.2994,
frame_ms,0.2906,
frame_ms,0.2628,
frame_ms,0.2487,
frame_ms,0.2441,
frame_ms,0.2408,
frame_ms,0.2448,
frame_ms,0.2898,
frame_ms,0.4058,
frame_ms,0.2343,
frame_ms,0.2242,
frame_ms,0.2261,
frame_ms,0.2118,
frame_ms,0.2108,
frame_ms,0.2739,
frame_ms,0.2133,
frame_ms,0.2065,
tick_us,336.4,66
frame_ms,0.9319,
frame_ms,0.2388,
frame_ms,0.242,
frame_ms,0.2268,
frame_ms,0.2167,
frame_ms,0.2091,
frame_ms,0.235,
frame_ms,0.245,
frame_ms,0.2119,
frame_ms,0.2166,
frame_ms,0.2864,
frame_ms,0.3831,
frame_ms,0.3371,
frame_ms,0.7371,
frame_ms,0.4416,
frame_ms,0.2502,
frame_ms,0.2174,
frame_ms,0.226,
frame_ms,0.2169,
frame_ms,0.9755,
tick_us,334.4,66
frame_ms,0.9394,
frame_ms,0.2452,
frame_ms,0.2236,
frame_ms,0.2217,
frame_ms,0.3248,
frame_ms,0.3097,
frame_ms,0.2265,
frame_ms,0.2314,
frame_ms,0.229,
frame_ms,0.2343,
frame_ms,0.252,
frame_ms,0.2698,
frame_ms,0.2337,
frame_ms,0.2311,
frame_ms,0.2262,
frame_ms,0.289,
frame_ms,0.2417,
frame_ms,0.236,
frame_ms,0.2198,
frame_ms,0.2141,
frame_ms,0.4293,
frame_ms,0.4017,
frame_ms,0.3549,
tick_us,430.5,64
frame_ms,1.2106,
frame_ms,0.3032,
frame_ms,0.2489,
frame_ms,0.219,
frame_ms,0.221,
frame_ms,0.2169,
frame_ms,0.213,
frame_ms,0.2499,
frame_ms,0.2197,
frame_ms,0.2244,
frame_ms,0.2163,
frame_ms,0.2551,
frame_ms,0.2311,
frame_ms,0.2128,
frame_ms,0.2316,
frame_ms,0.2579,
frame_ms,0.2321,
frame_ms,0.2544,
frame_ms,0.2583,
frame_ms,0.2695,
frame_ms,0.2352,
frame_ms,0.2242,
frame_ms,0.4336,
frame_ms,0.2852,
tick_us,337.5,62
frame_ms,0.9514,
frame_ms,0.2368,
frame_ms,0.2148,
frame_ms,0.2314,
frame_ms,0.2175,
frame_ms,0.2135,
frame_ms,0.2286,
frame_ms,0.25,
frame_ms,0.2172,
frame_ms,0.2088,
frame_ms,0.2305,
frame_ms,0.2096,
frame_ms,0.2664,
frame_ms,0.2847,
frame_ms,0.2542,
frame_ms,0.2455,
frame_ms,0.245,
frame_ms,0.239,
frame_ms,0.232,
frame_ms,0.2726,
frame_ms,0.2431,
frame_ms,0.2139,
frame_ms,0.2633,
frame_ms,0.2257,
frame_ms,0.2238,
frame_ms,0.2387,
frame_ms,0.2201,
tick_us,331.4,62
frame_ms,0.8955,
frame_ms,0.2425,
frame_ms,0.2137,
frame_ms,0.2401,
frame_ms,0.2511,
frame_ms,0.2109,
frame_ms,0.2109,
frame_ms,0.2263,
frame_ms,0.2345,
frame_ms,0.2128,
frame_ms,0.2054,
frame_ms,0.2585,
frame_ms,0.2208,
frame_ms,0.2115,
frame_ms,0.2543,
frame_ms,0.212,
frame_ms,0.2072,
frame_ms,0.232,
frame_ms,0.2116,
frame_ms,0.2207,
frame_ms,0.2115,
frame_ms,0.247,
frame_ms,0.2196,
frame_ms,0.2478,
frame_ms,0.2055,
frame_ms,0.2496,
frame_ms,0.2264,
frame_ms,0.2141,
tick_us,325,60
frame_ms,0.8934,
frame_ms,0.2348,
frame_ms,0.2188,
frame_ms,0.2174,
frame_ms,0.2085,
frame_ms,0.2063,
frame_ms,0.2772,
frame_ms,0.2393,
frame_ms,0.2137,
frame_ms,0.2092,
frame_ms,0.254,
frame_ms,0.2648,
frame_ms,0.2342,
frame_ms,0.2275,
frame_ms,0.22,
frame_ms,0.2156,
frame_ms,0.2394,
frame_ms,0.2183,
frame_ms,0.2273,
frame_ms,0.2173,
frame_ms,0.2404,
frame_ms,0.2249,
frame_ms,0.218,
frame_ms,0.2128,
frame_ms,0.2464,
frame_ms,0.2635,
frame_ms,0.2691,
tick_us,330.6,64
frame_ms,0.9174,
frame_ms,0.2383,
frame_ms,0.2144,
frame_ms,0.2274,
frame_ms,0.2204,
frame_ms,0.2198,
frame_ms,0.2683,
frame_ms,0.223,
frame_ms,0.2159,
frame_ms,0.2334,
frame_ms,0.2155,
frame_ms,0.2277,
frame_ms,0.2193,
frame_ms,0.2495,
frame_ms,0.2216,
frame_ms,0.2149,
frame_ms,0.2258,
frame_ms,0.2158,
frame_ms,0.2054,
frame_ms,0.2525,
frame_ms,0.229,
frame_ms,0.2085,
frame_ms,0.2344,
frame_ms,0.2084,
frame_ms,0.2979,
frame_ms,0.2317,
frame_ms,0.2097,
tick_us,326.1,66
frame_ms,0.9108,
frame_ms,0.2435,
frame_ms,0.2208,
frame_ms,0.2167,
frame_ms,0.2146,
frame_ms,0.2093,
frame_ms,0.3336,
frame_ms,0.3067,
frame_ms,0.3309,
frame_ms,0.2514,
frame_ms,0.2168,
frame_ms,0.218,
frame_ms,0.2191,
frame_ms,0.2189,
frame_ms,0.217,
frame_ms,0.2449,
frame_ms,0.2574,
frame_ms,0.2308,
frame_ms,0.214,
frame_ms,0.2407,
frame_ms,0.2319,
frame_ms,0.2209,
frame_ms,0.2326,
frame_ms,0.3392,
frame_ms,0.3046,
frame_ms,0.2353,
tick_us,352.9,56
frame_ms,0.9343,
frame_ms,0.2902,
frame_ms,0.3195,
frame_ms,0.2458,
frame_ms,0.2205,
frame_ms,0.2189,
frame_ms,0.2248,
frame_ms,0.2494,
frame_ms,0.2502,
frame_ms,0.2257,
frame_ms,0.2466,
frame_ms,0.2295,
frame_ms,0.2127,
frame_ms,0.2094,
frame_ms,0.2453,
frame_ms,0.2599,
frame_ms,0.2249,
frame_ms,0.2131,
frame_ms,0.2335,
frame_ms,0.2138,
frame_ms,0.2193,
frame_ms,0.2405,
frame_ms,0.2484,
frame_ms,0.2225,
frame_ms,0.2138,
frame_ms,0.278,
tick_us,333.1,52
frame_ms,0.8952,
frame_ms,0.2303,
frame_ms,0.209,
frame_ms,0.2085,
frame_ms,0.2254,
frame_ms,0.2109,
frame_ms,0.2413,
frame_ms,0.2221,
frame_ms,0.2091,
frame_ms,0.2398,
frame_ms,0.4747,
frame_ms,0.7241,
frame_ms,0.2744,
frame_ms,0.2375,
frame_ms,0.2186,
frame_ms,0.2176,
frame_ms,0.2117,
frame_ms,0.2588,
frame_ms,0.2288,
frame_ms,0.2117,
frame_ms,0.2294,
frame_ms,0.217,
frame_ms,0.2735,
frame_ms,0.2315,
tick_us,339.8,48
frame_ms,0.8811,
frame_ms,0.2414,
frame_ms,0.2099,
frame_ms,0.2218,
frame_ms,0.2137,
frame_ms,0.2088,
frame_ms,0.2572,
frame_ms,0.2158,
frame_ms,0.2111,
frame_ms,0.3642,
frame_ms,0.5336,
frame_ms,0.2575,
frame_ms,0.2154,
frame_ms,0.2204,
frame_ms,0.2106,
frame_ms,0.2126,
frame_ms,0.2292,
frame_ms,0.245,
frame_ms,0.2571,
frame_ms,0.2292,
frame_ms,0.2211,
frame_ms,0.2179,
frame_ms,0.2434,
frame_ms,0.2495,
frame_ms,0.2196,
frame_ms,0.2129,
tick_us,327.6,48
frame_ms,0.9136,
frame_ms,0.2421,
frame_ms,0.2133,
frame_ms,0.2155,
frame_ms,0.2123,
frame_ms,0.2165,
frame_ms,0.2335,
frame_ms,0.2281,
frame_ms,0.211,
frame_ms,0.2105,
frame_ms,0.2823,
frame_ms,0.2603,
frame_ms,0.4963,
frame_ms,1.0042,
frame_ms,0.4261,
frame_ms,0.3275,
frame_ms,0.2436,
frame_ms,0.2159,
frame_ms,0.2171,
frame_ms,0.2145,
frame_ms,0.2449,
tick_us,330.8,48
frame_ms,0.896,
frame_ms,0.2313,
frame_ms,0.2116,
frame_ms,0.2173,
frame_ms,0.2214,
frame_ms,0.222,
frame_ms,0.2627,
frame_ms,0.23,
frame_ms,0.2215,
frame_ms,0.2213,
frame_ms,0.2441,
frame_ms,0.2682,
frame_ms,0.2423,
frame_ms,0.2262,
frame_ms,0.4834,
frame_ms,0.3275,
frame_ms,0.2431,
frame_ms,0.2167,
frame_ms,0.2277,
frame_ms,0.2139,
frame_ms,0.2112,
frame_ms,0.251,
frame_ms,0.2619,
frame_ms,0.2276,
frame_ms,0.2134,
frame_ms,0.24,
tick_us,345.4,48
frame_ms,0.9125,
frame_ms,0.2382,
frame_ms,0.2118,
frame_ms,0.2178,
frame_ms,0.2254,
frame_ms,0.2139,
frame_ms,0.2133,
frame_ms,0.2418,
frame_ms,0.2253,
frame_ms,0.2161,
frame_ms,0.2099,
frame_ms,0.2585,
frame_ms,0.2251,
frame_ms,0.2134,
frame_ms,0.2497,
frame_ms,0.5602,
frame_ms,0.2714,
frame_ms,0.2242,
frame_ms,0.2263,
frame_ms,0.2127,
frame_ms,0.2321,
frame_ms,0.2566,
frame_ms,0.3707,
frame_ms,0.2184,
frame_ms,0.2153,
tick_us,335.6,48
frame_ms,0.892,
frame_ms,0.2328,
frame_ms,0.2118,
frame_ms,0.2122,
frame_ms,0.2053,
frame_ms,0.2064,
frame_ms,0.2882,
frame_ms,0.3128,
frame_ms,0.2291,
frame_ms,0.2249,
frame_ms,0.2373,
frame_ms,0.2197,
frame_ms,0.2161,
frame_ms,0.2635,
frame_ms,0.3699,
frame_ms,0.3893,
frame_ms,0.2629,
frame_ms,0.2265,
frame_ms,0.2237,
frame_ms,0.2221,
frame_ms,0.216,
frame_ms,0.2293,
frame_ms,0.2347,
frame_ms,0.2882,
frame_ms,0.229,
frame_ms,0.2238,
tick_us,334.6,52
frame_ms,0.906,
frame_ms,0.23,
frame_ms,0.218,
frame_ms,0.2178,
frame_ms,0.2098,
frame_ms,0.2098,
frame_ms,0.2655,
frame_ms,0.229,
frame_ms,0.2115,
frame_ms,0.2493,
frame_ms,0.224,
frame_ms,0.2184,
frame_ms,0.2216,
frame_ms,0.2716,
frame_ms,0.4184,
frame_ms,0.262,
frame_ms,0.4596,
frame_ms,0.3602,
frame_ms,0.3623,
frame_ms,0.3453,
frame_ms,0.2437,
frame_ms,0.2251,
frame_ms,0.2171,
tick_us,373.6,54
frame_ms,1.1005,
frame_ms,0.4111,
frame_ms,0.3135,
frame_ms,0.2474,
frame_ms,0.2148,
frame_ms,0.2247,
frame_ms,0.2214,
frame_ms,0.2158,
frame_ms,0.2166,
frame_ms,0.2449,
frame_ms,0.2266,
frame_ms,0.2161,
frame_ms,0.23,
frame_ms,0.2139,
frame_ms,0.2615,
frame_ms,0.3033,
frame_ms,0.4696,
frame_ms,0.3375,
frame_ms,0.2606,
frame_ms,0.2901,
frame_ms,0.243,
frame_ms,0.2133,
frame_ms,0.2192,
frame_ms,0.2202,
tick_us,349,54
frame_ms,0.9198,
frame_ms,0.2398,
frame_ms,0.2135,
frame_ms,0.2181,
frame_ms,0.2119,
frame_ms,0.2266,
frame_ms,0.2454,
frame_ms,0.2246,
frame_ms,0.2573,
frame_ms,0.2668,
frame_ms,0.2639,
frame_ms,0.2189,
frame_ms,0.2137,
frame_ms,0.2089,
frame_ms,0.2662,
frame_ms,0.2302,
frame_ms,0.2107,
frame_ms,0.2123,
frame_ms,0.2411,
frame_ms,0.2944,
frame_ms,0.4178,
frame_ms,0.2363,
frame_ms,0.236,
frame_ms,0.2206,
frame_ms,0.2258,
frame_ms,0.2135,
tick_us,347.9,52
frame_ms,0.8957,
frame_ms,0.232,
frame_ms,0.2118,
frame_ms,0.2153,
frame_ms,0.2136,
frame_ms,0.4567,
frame_ms,0.2311,
frame_ms,0.2227,
frame_ms,0.213,
frame_ms,0.2087,
frame_ms,0.2626,
frame_ms,0.2231,
frame_ms,0.2138,
frame_ms,0.2346,
frame_ms,0.2483,
frame_ms,0.2527,
frame_ms,0.2153,
frame_ms,0.2059,
frame_ms,0.2553,
frame_ms,0.5009,
frame_ms,0.2671,
frame_ms,0.2497,
frame_ms,0.2292,
frame_ms,0.2219,
tick_us,337.3,54
frame_ms,1.0497,
frame_ms,0.3006,
frame_ms,0.3496,
frame_ms,0.3043,
frame_ms,0.2577,
frame_ms,0.2348,
frame_ms,0.2421,
frame_ms,0.2405,
frame_ms,0.2392,
frame_ms,0.261,
frame_ms,0.2674,
frame_ms,0.2376,
frame_ms,0.2261,
frame_ms,0.2211,
frame_ms,0.2182,
frame_ms,0.2492,
frame_ms,0.26,
frame_ms,0.2198,
frame_ms,0.2129,
frame_ms,0.2348,
frame_ms,0.2134,
frame_ms,0.2139,
frame_ms,0.2415,
frame_ms,0.4683,
frame_ms,0.2316,
tick_us,347.6,54
frame_ms,0.9015,
frame_ms,0.238,
frame_ms,0.2268,
frame_ms,0.2184,
frame_ms,0.2161,
frame_ms,0.216,
frame_ms,0.2951,
frame_ms,0.2634,
frame_ms,0.2299,
frame_ms,0.2152,
frame_ms,0.2146,
frame_ms,0.2632,
frame_ms,0.2254,
frame_ms,0.2118,
frame_ms,0.4189,
frame_ms,0.2744,
frame_ms,0.2133,
frame_ms,0.2102,
frame_ms,0.2068,
frame_ms,0.2059,
frame_ms,0.2666,
frame_ms,0.2249,
frame_ms,0.4838,
frame_ms,0.2735,
frame_ms,0.2165,
tick_us,344.2,54
frame_ms,0.8935,
frame_ms,0.2317,
frame_ms,0.2182,
frame_ms,0.2163,
frame_ms,0.209,
frame_ms,0.2081,
frame_ms,0.2595,
frame_ms,0.226,
frame_ms,0.2149,
frame_ms,0.2268,
frame_ms,0.2354,
frame_ms,0.2185,
frame_ms,0.2136,
frame_ms,0.2352,
frame_ms,0.2216,
frame_ms,0.2145,
frame_ms,0.2305,
frame_ms,0.2376,
frame_ms,0.216,
frame_ms,0.2276,
frame_ms,0.2448,
frame_ms,0.225,
frame_ms,0.3214,
frame_ms,0.5282,
frame_ms,0.248,
frame_ms,0.2171,
tick_us,320.5,62
frame_ms,0.8669,
frame_ms,0.2416,
frame_ms,0.2265,
frame_ms,0.2325,
frame_ms,0.2167,
frame_ms,0.2134,
frame_ms,0.2094,
frame_ms,0.2473,
frame_ms,0.219,
frame_ms,0.207,
frame_ms,0.2576,
frame_ms,0.2228,
frame_ms,0.2131,
frame_ms,0.233,
frame_ms,0.2255,
frame_ms,0.2118,
frame_ms,0.2346,
frame_ms,0.2115,
frame_ms,0.2138,
frame_ms,0.257,
frame_ms,0.2282,
frame_ms,0.301,
frame_ms,0.2411,
frame_ms,0.2133,
frame_ms,0.2079,
frame_ms,0.409,
tick_us,409.9,58
frame_ms,1.5655,
frame_ms,0.2675,
frame_ms,0.2214,
frame_ms,0.2973,
frame_ms,0.2189,
frame_ms,0.2168,
frame_ms,0.2224,
frame_ms,0.2118,
frame_ms,0.2415,
frame_ms,0.2324,
frame_ms,0.2121,
frame_ms,0.2101,
frame_ms,0.2482,
frame_ms,0.2265,
frame_ms,0.2114,
frame_ms,0.2231,
frame_ms,0.2536,
frame_ms,0.2167,
frame_ms,0.2029,
frame_ms,0.2496,
frame_ms,0.2173,
frame_ms,0.2103,
frame_ms,0.221,
frame_ms,0.4139,
tick_us,330.1,56
frame_ms,1.0911,
frame_ms,0.2343,
frame_ms,0.2105,
frame_ms,0.2139,
frame_ms,0.2152,
frame_ms,0.2106,
frame_ms,0.2655,
frame_ms,0.2897,
frame_ms,0.24,
frame_ms,0.2318,
frame_ms,0.2338,
frame_ms,0.2261,
frame_ms,0.2234,
frame_ms,0.2412,
frame_ms,0.2372,
frame_ms,0.2215,
frame_ms,0.2234,
frame_ms,0.2402,
frame_ms,0.2218,
frame_ms,0.2185,
frame_ms,0.2185,
frame_ms,0.2424,
frame_ms,0.2304,
frame_ms,0.2176,
frame_ms,0.2179,
frame_ms,0.2308,
tick_us,327.2,54
frame_ms,1.1703,
frame_ms,0.2979,
frame_ms,0.3536,
frame_ms,0.2508,
frame_ms,0.2328,
frame_ms,0.2218,
frame_ms,0.2256,
frame_ms,0.2283,
frame_ms,0.2563,
frame_ms,0.2529,
frame_ms,0.2303,
frame_ms,0.2389,
frame_ms,0.2166,
frame_ms,0.2136,
frame_ms,0.258,
frame_ms,0.215,
frame_ms,0.2266,
frame_ms,0.2387,
frame_ms,0.2266,
frame_ms,0.2137,
frame_ms,0.2398,
frame_ms,0.2205,
frame_ms,0.2123,
frame_ms,0.2297,
frame_ms,0.2139,
frame_ms,0.2792,
tick_us,324.7,54
frame_ms,0.9038,
frame_ms,0.2385,
frame_ms,0.2115,
frame_ms,0.2142,
frame_ms,0.2094,
frame_ms,0.2182,
frame_ms,0.2393,
frame_ms,0.2535,
frame_ms,0.2202,
frame_ms,0.2129,
frame_ms,0.2599,
frame_ms,0.2242,
frame_ms,0.2124,
frame_ms,0.2403,
frame_ms,0.2328,
frame_ms,0.2137,
frame_ms,0.2121,
frame_ms,0.2668,
frame_ms,0.2288,
frame_ms,0.2084,
frame_ms,0.2261,
frame_ms,0.2355,
frame_ms,0.2225,
frame_ms,0.2144,
frame_ms,0.2357,
frame_ms,0.23,
frame_ms,0.2126,
tick_us,320.1,52
frame_ms,0.979,
frame_ms,0.4592,
frame_ms,0.3588,
frame_ms,0.2539,
frame_ms,0.2234,
frame_ms,0.2293,
frame_ms,0.2229,
frame_ms,0.3293,
frame_ms,0.4181,
frame_ms,0.2753,
frame_ms,0.2375,
frame_ms,0.2165,
frame_ms,0.2163,
frame_ms,0.2197,
frame_ms,0.2454,
frame_ms,0.2197,
frame_ms,0.2243,
frame_ms,0.2764,
frame_ms,0.235,
frame_ms,0.2101,
frame_ms,0.2086,
frame_ms,0.2465,
frame_ms,0.2767,
frame_ms,0.2204,
tick_us,348.5,52
frame_ms,1.0133,
frame_ms,0.3659,
frame_ms,0.2228,
frame_ms,0.2187,
frame_ms,0.2115,
frame_ms,0.2123,
frame_ms,0.2671,
frame_ms,0.2172,
frame_ms,0.2144,
frame_ms,0.2429,
frame_ms,0.2117,
frame_ms,0.2069,
frame_ms,0.2506,
frame_ms,0.2244,
frame_ms,0.2142,
frame_ms,0.228,
frame_ms,0.2344,
frame_ms,0.2154,
frame_ms,0.2283,
frame_ms,0.2178,
frame_ms,0.247,
frame_ms,0.2749,
frame_ms,0.2384,
frame_ms,0.2316,
frame_ms,0.2227,
frame_ms,0.2228,
frame_ms,0.2254,
tick_us,369.1,48
frame_ms,0.9746,
frame_ms,0.2454,
frame_ms,0.2183,
frame_ms,0.217,
frame_ms,0.2139,
frame_ms,0.2135,
frame_ms,0.2521,
frame_ms,0.2242,
frame_ms,0.2179,
frame_ms,0.2152,
frame_ms,0.2482,
frame_ms,0.2656,
frame_ms,0.2296,
frame_ms,0.2121,
frame_ms,0.7503,
frame_ms,0.3079,
frame_ms,0.246,
frame_ms,0.2271,
frame_ms,0.2251,
frame_ms,0.2094,
frame_ms,0.2094,
frame_ms,0.2336,
frame_ms,0.2347,
frame_ms,0.2258,
tick_us,343.4,48
frame_ms,0.931,
frame_ms,0.2362,
frame_ms,0.2127,
frame_ms,0.2137,
frame_ms,0.2071,
frame_ms,0.2167,
frame_ms,0.2408,
frame_ms,0.2195,
frame_ms,0.2095,
frame_ms,0.2522,
frame_ms,0.2664,
frame_ms,0.2335,
frame_ms,0.2212,
frame_ms,0.2137,
frame_ms,0.2474,
frame_ms,0.2268,
frame_ms,0.2122,
frame_ms,0.2504,
frame_ms,0.2596,
frame_ms,0.2296,
frame_ms,0.2216,
frame_ms,0.2166,
frame_ms,0.2622,
frame_ms,0.2312,
frame_ms,0.2171,
frame_ms,0.2115,
frame_ms,0.2425,
tick_us,320.6,48
frame_ms,0.8721,
frame_ms,0.2304,
frame_ms,0.2082,
frame_ms,0.2085,
frame_ms,0.2168,
frame_ms,0.25,
frame_ms,0.2647,
frame_ms,0.2277,
frame_ms,0.215,
frame_ms,0.212,
frame_ms,0.2414,
frame_ms,0.2448,
frame_ms,0.2189,
frame_ms,0.21,
frame_ms,0.245,
frame_ms,0.2239,
frame_ms,0.2213,
frame_ms,0.2404,
frame_ms,0.2185,
frame_ms,0.209,
frame_ms,0.2417,
frame_ms,0.2292,
frame_ms,0.2052,
frame_ms,0.2382,
frame_ms,0.2114,
frame_ms,0.3347,
frame_ms,0.2325,
frame_ms,0.2116,
tick_us,327.4,50
frame_ms,0.8987,
frame_ms,0.2276,
frame_ms,0.2071,
frame_ms,0.212,
frame_ms,0.2093,
frame_ms,0.2177,
frame_ms,0.24,
frame_ms,0.2284,
frame_ms,0.2104,
frame_ms,0.2266,
frame_ms,0.235,
frame_ms,0.2577,
frame_ms,0.2273,
frame_ms,0.2142,
frame_ms,0.2105,
frame_ms,0.2429,
frame_ms,0.2479,
frame_ms,0.2176,
frame_ms,0.2079,
frame_ms,0.2571,
frame_ms,0.2223,
frame_ms,0.2115,
frame_ms,0.2315,
frame_ms,0.2143,
frame_ms,0.2429,
frame_ms,0.2121,
frame_ms,0.2117,
tick_us,322.1,50
frame_ms,0.9304,
frame_ms,0.2389,
frame_ms,0.2104,
frame_ms,0.2088,
frame_ms,0.207,
frame_ms,0.2101,
frame_ms,0.2465,
frame_ms,0.2182,
frame_ms,0.2069,
frame_ms,0.2373,
frame_ms,0.218,
frame_ms,0.2055,
frame_ms,0.2508,
frame_ms,0.2317,
frame_ms,0.2111,
frame_ms,0.2072,
frame_ms,0.2389,
frame_ms,0.2089,
frame_ms,0.2011,
frame_ms,0.2576,
frame_ms,0.3698,
frame_ms,0.3671,
frame_ms,0.3484,
frame_ms,0.2465,
frame_ms,0.2148,
frame_ms,0.218,
frame_ms,0.2155,
tick_us,334.2,54
frame_ms,0.8886,
frame_ms,0.4138,
frame_ms,0.4255,
frame_ms,0.3647,
frame_ms,0.2643,
frame_ms,0.2136,
frame_ms,0.2138,
frame_ms,0.2082,
frame_ms,0.2091,
frame_ms,0.2495,
frame_ms,0.2278,
frame_ms,0.2104,
frame_ms,0.2272,
frame_ms,0.2338,
frame_ms,0.2467,
frame_ms,0.2104,
frame_ms,0.2081,
frame_ms,0.267,
frame_ms,0.219,
frame_ms,0.2059,
frame_ms,0.248,
frame_ms,0.2209,
frame_ms,0.2098,
frame_ms,0.2404,
frame_ms,0.2124,
tick_us,324.7,54
frame_ms,0.8811,
frame_ms,0.2278,
frame_ms,0.2082,
frame_ms,0.2105,
frame_ms,0.2078,
frame_ms,0.2066,
frame_ms,0.2451,
frame_ms,0.2271,
frame_ms,0.2087,
frame_ms,0.2411,
frame_ms,0.2179,
frame_ms,0.207,
frame_ms,0.2278,
frame_ms,0.2103,
frame_ms,0.2116,
frame_ms,0.2482,
frame_ms,0.223,
frame_ms,0.2107,
frame_ms,0.2385,
frame_ms,0.212,
frame_ms,0.2004,
frame_ms,0.2511,
frame_ms,0.2229,
frame_ms,0.2031,
frame_ms,0.2237,
frame_ms,0.2107,
frame_ms,0.2006,
frame_ms,0.2595,
frame_ms,0.2242,
tick_us,320.8,54
frame_ms,0.8551,
frame_ms,0.2219,
frame_ms,0.2056,
frame_ms,0.222,
frame_ms,0.2092,
frame_ms,0.2061,
frame_ms,0.2764,
frame_ms,0.2324,
frame_ms,0.205,
frame_ms,0.2323,
frame_ms,1.0773,
frame_ms,0.3904,
frame_ms,0.2329,
frame_ms,0.2132,
frame_ms,0.2056,
frame_ms,0.2066,
frame_ms,0.2605,
frame_ms,0.2258,
frame_ms,0.2126,
frame_ms,0.2257,
frame_ms,0.2336,
frame_ms,0.2179,
frame_ms,0.208,
tick_us,320,58
frame_ms,0.9027,
frame_ms,0.2312,
frame_ms,0.2058,
frame_ms,0.2123,
frame_ms,0.2111,
frame_ms,0.2147,
frame_ms,0.2424,
frame_ms,0.2167,
frame_ms,0.4348,
frame_ms,0.2439,
frame_ms,0.2195,
frame_ms,0.2108,
frame_ms,0.2119,
frame_ms,0.2148,
frame_ms,0.2585,
frame_ms,0.2242,
frame_ms,0.2106,
frame_ms,0.2313,
frame_ms,0.2132,
frame_ms,0.2049,
frame_ms,0.4118,
frame_ms,0.3657,
frame_ms,0.3442,
frame_ms,0.3571,
frame_ms,0.2517,
tick_us,311.7,58
frame_ms,0.8552,
frame_ms,0.2309,
frame_ms,0.2112,
frame_ms,0.223,
frame_ms,0.2106,
frame_ms,0.2068,
frame_ms,0.284,
frame_ms,0.2257,
frame_ms,0.2138,
frame_ms,0.2081,
frame_ms,0.249,
frame_ms,0.2161,
frame_ms,0.2088,
frame_ms,0.2323,
frame_ms,0.2158,
frame_ms,0.2037,
frame_ms,0.2433,
frame_ms,0.2186,
frame_ms,0.5752,
frame_ms,0.2158,
frame_ms,0.2125,
frame_ms,0.2085,
frame_ms,0.2082,
frame_ms,0.2562,
frame_ms,0.2262,
frame_ms,0.2144,
frame_ms,0.2057,
tick_us,321.6,54
frame_ms,0.9019,
frame_ms,0.234,
frame_ms,0.2097,
frame_ms,0.2145,
frame_ms,0.2073,
frame_ms,0.2147,
frame_ms,0.2579,
frame_ms,0.2191,
frame_ms,0.2076,
frame_ms,0.2348,
frame_ms,0.2191,
frame_ms,0.2077,
frame_ms,0.2514,
frame_ms,0.2263,
frame_ms,0.2094,
frame_ms,0.2245,
frame_ms,0.2347,
frame_ms,0.2135,
frame_ms,0.2147,
frame_ms,0.2392,
frame_ms,0.2219,
frame_ms,0.2131,
frame_ms,0.2417,
frame_ms,0.2228,
frame_ms,0.2119,
frame_ms,0.2166,
frame_ms,0.2405,
frame_ms,0.2175,
tick_us,323.8,62
frame_ms,0.8718,
frame_ms,0.233,
frame_ms,0.2098,
frame_ms,0.2231,
frame_ms,0.213,
frame_ms,0.2095,
frame_ms,0.268,
frame_ms,0.2318,
frame_ms,0.2127,
frame_ms,0.2555,
frame_ms,0.23,
frame_ms,0.2119,
frame_ms,0.2418,
frame_ms,0.2282,
frame_ms,0.2117,
frame_ms,0.2424,
frame_ms,0.2512,
frame_ms,0.2163,
frame_ms,0.2356,
frame_ms,0.3854,
frame_ms,0.3699,
frame_ms,0.4288,
frame_ms,0.3219,
frame_ms,0.2545,
frame_ms,0.215,
tick_us,304.5,58
frame_ms,0.8471,
frame_ms,0.2394,
frame_ms,0.231,
frame_ms,0.234,
frame_ms,0.2203,
frame_ms,0.2146,
frame_ms,0.2132,
frame_ms,0.24,
frame_ms,0.2321,
frame_ms,0.2172,
frame_ms,0.4138,
frame_ms,0.369,
frame_ms,0.3416,
frame_ms,0.3356,
frame_ms,0.3032,
frame_ms,0.2495,
frame_ms,0.2186,
frame_ms,0.2224,
frame_ms,0.2171,
frame_ms,0.2155,
frame_ms,0.2619,
frame_ms,0.3092,
frame_ms,0.2427,
frame_ms,0.2296,
tick_us,320.2,58
frame_ms,0.8617,
frame_ms,0.2328,
frame_ms,0.2214,
frame_ms,0.2198,
frame_ms,0.2147,
frame_ms,0.237,
frame_ms,0.2286,
frame_ms,0.2133,
frame_ms,0.2579,
frame_ms,0.2277,
frame_ms,0.2153,
frame_ms,0.2718,
frame_ms,0.2919,
frame_ms,0.2322,
frame_ms,0.2139,
frame_ms,0.235,
frame_ms,0.2286,
frame_ms,0.2104,
frame_ms,0.4394,
frame_ms,0.2376,
frame_ms,0.218,
frame_ms,0.2118,
frame_ms,0.2418,
frame_ms,0.2287,
frame_ms,0.2134,
frame_ms,0.2709,
frame_ms,0.2332,
tick_us,319.2,60
frame_ms,1.1363,
frame_ms,0.2934,
frame_ms,0.2295,
frame_ms,0.2244,
frame_ms,0.2145,
frame_ms,0.2158,
frame_ms,0.2614,
frame_ms,0.2279,
frame_ms,0.2162,
frame_ms,0.2766,
frame_ms,0.2247,
frame_ms,0.2142,
frame_ms,0.2357,
frame_ms,0.2087,
frame_ms,0.211,
frame_ms,0.2613,
frame_ms,0.2295,
frame_ms,0.2222,
frame_ms,0.2683,
frame_ms,0.2394,
frame_ms,0.2209,
frame_ms,0.2211,
frame_ms,0.2391,
frame_ms,0.2215,
frame_ms,0.2109,
frame_ms,0.2428,
tick_us,321.4,66
frame_ms,0.8796,
frame_ms,0.2312,
frame_ms,0.2107,
frame_ms,0.2135,
frame_ms,0.2183,
frame_ms,0.2148,
frame_ms,0.2402,
frame_ms,0.2085,
frame_ms,0.2363,
frame_ms,0.2237,
frame_ms,0.216,
frame_ms,0.2627,
frame_ms,0.2299,
frame_ms,0.2199,
frame_ms,0.2529,
frame_ms,0.2244,
frame_ms,0.2191,
frame_ms,0.281,
frame_ms,0.2949,
frame_ms,0.2501,
frame_ms,0.2225,
frame_ms,0.2154,
frame_ms,0.2852,
frame_ms,0.2217,
frame_ms,0.2226,
frame_ms,0.21,
frame_ms,0.2237,
tick_us,316,70
frame_ms,0.8782,
frame_ms,0.2378,
frame_ms,0.2121,
frame_ms,0.2171,
frame_ms,0.2119,
frame_ms,0.2245,
frame_ms,0.5995,
frame_ms,0.357,
frame_ms,0.2345,
frame_ms,0.2303,
frame_ms,0.2223,
frame_ms,0.2547,
frame_ms,0.2836,
frame_ms,0.2322,
frame_ms,0.3703,
frame_ms,0.2811,
frame_ms,0.2414,
frame_ms,0.228,
frame_ms,0.2294,
frame_ms,0.2215,
frame_ms,0.2357,
frame_ms,0.2199,
frame_ms,0.277,
frame_ms,0.2303,
tick_us,336.9,70
frame_ms,0.896,
frame_ms,0.2374,
frame_ms,0.2219,
frame_ms,0.2249,
frame_ms,0.2126,
frame_ms,0.2121,
frame_ms,0.279,
frame_ms,0.2771,
frame_ms,0.226,
frame_ms,0.2219,
frame_ms,0.2212,
frame_ms,0.2169,
frame_ms,0.2327,
frame_ms,0.3799,
frame_ms,0.4377,
frame_ms,0.3377,
frame_ms,0.2848,
frame_ms,0.2272,
frame_ms,0.2293,
frame_ms,0.2205,
frame_ms,0.2166,
frame_ms,0.2392,
frame_ms,0.2302,
frame_ms,0.2192,
tick_us,317.9,62
frame_ms,0.9562,
frame_ms,0.3166,
frame_ms,0.2398,
frame_ms,0.2183,
frame_ms,0.2185,
frame_ms,0.2227,
frame_ms,0.2401,
frame_ms,0.2189,
frame_ms,0.2096,
frame_ms,0.2463,
frame_ms,0.2142,
frame_ms,0.2072,
frame_ms,0.229,
frame_ms,0.3374,
frame_ms,0.2656,
frame_ms,0.22,
frame_ms,0.2129,
frame_ms,0.216,
frame_ms,0.2087,
frame_ms,0.2642,
frame_ms,0.2256,
frame_ms,0.2143,
frame_ms,0.2249,
frame_ms,0.2351,
frame_ms,0.2247,
frame_ms,0.2122,
frame_ms,0.2521,
tick_us,338.7,64
frame_ms,0.898,
frame_ms,0.2275,
frame_ms,0.2091,
frame_ms,0.2159,
frame_ms,0.2731,
frame_ms,0.2283,
frame_ms,0.211,
frame_ms,0.2093,
frame_ms,0.2478,
frame_ms,0.2195,
frame_ms,0.2108,
frame_ms,0.2403,
frame_ms,0.2493,
frame_ms,0.2224,
frame_ms,0.2315,
frame_ms,0.2131,
frame_ms,0.2066,
frame_ms,0.2535,
frame_ms,0.2173,
frame_ms,0.2056,
frame_ms,0.2508,
frame_ms,0.2212,
frame_ms,0.2142,
frame_ms,0.234,
frame_ms,0.2136,
frame_ms,0.2028,
frame_ms,0.2489,
frame_ms,0.2222,
tick_us,335.7,62
frame_ms,0.8968,
frame_ms,0.2294,
frame_ms,0.2053,
frame_ms,0.2179,
frame_ms,0.2197,
frame_ms,0.2067,
frame_ms,0.2542,
frame_ms,0.2166,
frame_ms,0.2056,
frame_ms,0.2518,
frame_ms,0.2162,
frame_ms,0.2101,
frame_ms,0.2488,
frame_ms,0.2613,
frame_ms,0.2719,
frame_ms,0.2504,
frame_ms,0.2294,
frame_ms,0.2266,
frame_ms,0.2297,
frame_ms,0.2804,
frame_ms,0.2619,
frame_ms,0.2334,
frame_ms,0.2258,
frame_ms,0.2153,
frame_ms,0.2155,
frame_ms,0.2324,
frame_ms,0.2244,
tick_us,353.4,66
frame_ms,0.9133,
frame_ms,0.2379,
frame_ms,0.2171,
frame_ms,0.223,
frame_ms,0.2118,
frame_ms,0.2195,
frame_ms,0.2648,
frame_ms,0.2573,
frame_ms,0.2259,
frame_ms,0.2128,
frame_ms,0.2092,
frame_ms,0.2576,
frame_ms,0.2224,
frame_ms,0.2087,
frame_ms,0.237,
frame_ms,0.2141,
frame_ms,0.205,
frame_ms,0.2643,
frame_ms,0.2209,
frame_ms,0.2048,
frame_ms,0.228,
frame_ms,0.2093,
frame_ms,0.2038,
frame_ms,0.2654,
frame_ms,0.247,
frame_ms,0.2154,
frame_ms,0.2065,
frame_ms,0.2468,
tick_us,343.2,64
frame_ms,0.8966,
frame_ms,0.2289,
frame_ms,0.2065,
frame_ms,0.2124,
frame_ms,0.2182,
frame_ms,0.2098,
frame_ms,0.2522,
frame_ms,0.2186,
frame_ms,0.2087,
frame_ms,0.2354,
frame_ms,0.2161,
frame_ms,0.2084,
frame_ms,0.2637,
frame_ms,0.2316,
frame_ms,0.216,
frame_ms,0.2088,
frame_ms,0.2447,
frame_ms,0.2192,
frame_ms,0.2086,
frame_ms,0.2571,
frame_ms,0.2231,
frame_ms,0.2114,
frame_ms,0.23,
frame_ms,0.2123,
frame_ms,0.2811,
frame_ms,0.2258,
frame_ms,0.208,
tick_us,353.2,70
frame_ms,0.9594,
frame_ms,0.3104,
frame_ms,0.2513,
frame_ms,0.226,
frame_ms,0.2299,
frame_ms,0.2522,
frame_ms,0.2251,
frame_ms,0.2218,
frame_ms,0.2121,
frame_ms,0.251,
frame_ms,0.2769,
frame_ms,0.2336,
frame_ms,0.2235,
frame_ms,0.2183,
frame_ms,0.2319,
frame_ms,0.2372,
frame_ms,0.2159,
frame_ms,0.2632,
frame_ms,0.2278,
frame_ms,0.2259,
frame_ms,0.2153,
frame_ms,0.2557,
frame_ms,0.2212,
frame_ms,0.2151,
frame_ms,0.231,
frame_ms,0.2362,
frame_ms,0.2123,
tick_us,336.8,72
frame_ms,0.91,
frame_ms,0.2355,
frame_ms,0.2104,
frame_ms,0.2112,
frame_ms,0.2107,
frame_ms,0.2096,
frame_ms,0.2482,
frame_ms,0.2244,
frame_ms,0.2174,
frame_ms,0.2252,
frame_ms,0.2352,
frame_ms,0.2187,
frame_ms,0.2678,
frame_ms,0.2248,
frame_ms,0.2126,
frame_ms,0.2629,
frame_ms,0.2186,
frame_ms,0.2102,
frame_ms,0.246,
frame_ms,0.2213,
frame_ms,0.2069,
frame_ms,0.2498,
frame_ms,0.212,
frame_ms,0.2011,
frame_ms,0.439,
frame_ms,0.3661,
tick_us,357.6,82
frame_ms,1.0471,
frame_ms,0.2428,
frame_ms,0.2199,
frame_ms,0.2107,
frame_ms,0.2014,
frame_ms,0.4109,
frame_ms,0.2695,
frame_ms,0.2073,
frame_ms,0.2105,
frame_ms,0.2046,
frame_ms,0.1999,
frame_ms,0.2457,
frame_ms,0.2121,
frame_ms,0.2107,
frame_ms,0.2359,
frame_ms,0.2183,
frame_ms,0.2105,
frame_ms,0.2545,
frame_ms,0.2196,
frame_ms,0.1997,
frame_ms,0.2519,
frame_ms,0.2204,
frame_ms,0.2021,
frame_ms,0.2485,
frame_ms,0.2992,
tick_us,331.2,82
frame_ms,1.0954,
frame_ms,0.246,
frame_ms,0.2144,
frame_ms,0.2192,
frame_ms,0.2079,
frame_ms,0.2046,
frame_ms,0.2811,
frame_ms,0.209,
frame_ms,0.2087,
frame_ms,0.2043,
frame_ms,0.248,
frame_ms,0.2202,
frame_ms,0.2086,
frame_ms,0.2512,
frame_ms,0.2245,
frame_ms,0.2113,
frame_ms,0.2579,
frame_ms,0.2334,
frame_ms,0.2155,
frame_ms,0.2082,
frame_ms,0.2291,
frame_ms,0.2182,
frame_ms,0.2054,
frame_ms,0.2455,
frame_ms,0.2186,
frame_ms,0.22,
frame_ms,0.2079,
frame_ms,0.2454,
tick_us,335.4,74
frame_ms,0.8931,
frame_ms,0.2248,
frame_ms,0.2073,
frame_ms,0.2121,
frame_ms,0.2172,
frame_ms,0.2076,
frame_ms,0.332,
frame_ms,0.2942,
frame_ms,0.2287,
frame_ms,0.2242,
frame_ms,0.2243,
frame_ms,0.2151,
frame_ms,0.2155,
frame_ms,0.2547,
frame_ms,0.3306,
frame_ms,0.8041,
frame_ms,0.4497,
frame_ms,0.3151,
frame_ms,0.2337,
frame_ms,0.2116,
frame_ms,0.2215,
frame_ms,0.2189,
frame_ms,0.2593,
tick_us,333.8,72
frame_ms,0.9003,
frame_ms,0.236,
frame_ms,0.2102,
frame_ms,0.2135,
frame_ms,0.2219,
frame_ms,0.2076,
frame_ms,0.254,
frame_ms,0.2193,
frame_ms,0.2085,
frame_ms,0.2291,
frame_ms,0.2189,
frame_ms,0.2071,
frame_ms,0.2498,
frame_ms,0.2059,
frame_ms,0.2323,
frame_ms,0.2305,
frame_ms,0.2148,
frame_ms,0.2497,
frame_ms,0.2074,
frame_ms,0.2636,
frame_ms,0.2228,
frame_ms,0.2963,
frame_ms,0.262,
frame_ms,0.2349,
frame_ms,0.2251,
frame_ms,0.218,
frame_ms,0.2141,
tick_us,316.8,70
frame_ms,0.9461,
frame_ms,0.335,
frame_ms,0.2443,
frame_ms,0.2154,
frame_ms,0.2194,
frame_ms,0.2258,
frame_ms,0.2113,
frame_ms,0.2364,
frame_ms,0.2137,
frame_ms,0.2055,
frame_ms,0.2503,
frame_ms,0.2204,
frame_ms,0.209,
frame_ms,0.2499,
frame_ms,0.2152,
frame_ms,0.2155,
frame_ms,0.2152,
frame_ms,0.204,
frame_ms,0.261,
frame_ms,0.225,
frame_ms,0.2139,
frame_ms,0.2227,
frame_ms,0.9158,
tick_us,360.7,72
frame_ms,1.4221,
frame_ms,0.3587,
frame_ms,0.2611,
frame_ms,0.2227,
frame_ms,0.226,
frame_ms,0.2216,
frame_ms,0.2207,
frame_ms,0.2466,
frame_ms,0.2354,
frame_ms,0.2257,
frame_ms,0.216,
frame_ms,0.2292,
frame_ms,0.235,
frame_ms,0.2259,
frame_ms,0.2195,
frame_ms,0.2548,
frame_ms,0.2327,
frame_ms,0.223,
frame_ms,0.2178,
frame_ms,0.2635,
frame_ms,0.2672,
frame_ms,0.2321,
frame_ms,0.2286,
frame_ms,0.2218,
frame_ms,0.2121,
frame_ms,0.2766,
tick_us,334.5,72
frame_ms,0.904,
frame_ms,0.232,
frame_ms,0.2133,
frame_ms,0.2221,
frame_ms,0.2225,
frame_ms,0.2177,
frame_ms,0.2382,
frame_ms,0.2208,
frame_ms,0.2076,
frame_ms,0.2368,
frame_ms,0.2233,
frame_ms,0.2149,
frame_ms,0.2415,
frame_ms,0.2301,
frame_ms,0.2215,
frame_ms,0.2338,
frame_ms,0.2168,
frame_ms,0.2392,
frame_ms,0.2053,
frame_ms,0.2581,
frame_ms,0.2271,
frame_ms,0.2098,
frame_ms,0.2259,
frame_ms,0.2374,
frame_ms,0.2125,
frame_ms,0.2067,
frame_ms,0.2368,
frame_ms,0.2288,
tick_us,329,72
frame_ms,1.0752,
frame_ms,0.4162,
frame_ms,0.3229,
frame_ms,0.2189,
frame_ms,0.2215,
frame_ms,0.2112,
frame_ms,0.2086,
frame_ms,0.2591,
frame_ms,0.2321,
frame_ms,0.2133,
frame_ms,0.2322,
frame_ms,0.2143,
frame_ms,0.2055,
frame_ms,0.27,
frame_ms,0.2242,
frame_ms,0.2128,
frame_ms,0.2257,
frame_ms,0.4706,
frame_ms,0.3007,
frame_ms,0.2666,
frame_ms,0.2282,
frame_ms,0.2273,
tick_us,323.8,78
frame_ms,1.6712,
frame_ms,0.2473,
frame_ms,0.2155,
frame_ms,0.2194,
frame_ms,0.2176,
frame_ms,0.2264,
frame_ms,0.2409,
frame_ms,0.3069,
frame_ms,0.2895,
frame_ms,0.2444,
frame_ms,0.2903,
frame_ms,0.2464,
frame_ms,0.2364,
frame_ms,0.2754,
frame_ms,0.2411,
frame_ms,0.2191,
frame_ms,0.2153,
frame_ms,0.2282,
frame_ms,0.2278,
frame_ms,0.2411,
frame_ms,0.2228,
frame_ms,0.2186,
frame_ms,0.2088,
frame_ms,0.2346,
frame_ms,0.2205,
tick_us,346.1,72
frame_ms,0.932,
frame_ms,0.2326,
frame_ms,0.2105,
frame_ms,0.2162,
frame_ms,0.2112,
frame_ms,0.2407,
frame_ms,0.2207,
frame_ms,0.4436,
frame_ms,0.3261,
frame_ms,0.2168,
frame_ms,0.2301,
frame_ms,0.2124,
frame_ms,0.2144,
frame_ms,0.2601,
frame_ms,0.222,
frame_ms,0.2228,
frame_ms,0.2252,
frame_ms,0.2381,
frame_ms,0.2434,
frame_ms,0.2203,
frame_ms,0.2146,
frame_ms,0.2463,
frame_ms,0.2574,
frame_ms,0.2068,
frame_ms,0.2075,
frame_ms,0.2405,
tick_us,338.6,70
frame_ms,0.9078,
frame_ms,0.2356,
frame_ms,0.2208,
frame_ms,0.2128,
frame_ms,0.257,
frame_ms,0.2763,
frame_ms,0.815,
frame_ms,0.2966,
frame_ms,0.2521,
frame_ms,0.2261,
frame_ms,0.2628,
frame_ms,0.2596,
frame_ms,0.2284,
frame_ms,0.2231,
frame_ms,0.2215,
frame_ms,0.2522,
frame_ms,0.2321,
frame_ms,0.2096,
frame_ms,0.2564,
frame_ms,0.2081,
frame_ms,0.2038,
frame_ms,0.2362,
frame_ms,0.2207,
frame_ms,0.2106,
tick_us,330.1,74
frame_ms,0.9023,
frame_ms,0.23,
frame_ms,0.209,
frame_ms,0.2146,
frame_ms,0.2136,
frame_ms,0.2179,
frame_ms,0.5264,
frame_ms,0.3422,
frame_ms,0.3469,
frame_ms,0.3919,
frame_ms,0.3742,
frame_ms,0.4496,
frame_ms,0.3044,
frame_ms,0.2661,
frame_ms,0.2536,
frame_ms,0.2416,
frame_ms,0.2382,
frame_ms,0.2376,
frame_ms,0.2487,
frame_ms,0.2341,
frame_ms,0.2351,
frame_ms,0.2358,
tick_us,360.3,70
frame_ms,0.9494,
frame_ms,0.3,
frame_ms,0.2718,
frame_ms,0.2213,
frame_ms,0.2206,
frame_ms,0.2194,
frame_ms,0.2165,
frame_ms,0.3323,
frame_ms,0.3708,
frame_ms,0.4049,
frame_ms,0.3545,
frame_ms,0.3533,
frame_ms,0.3441,
frame_ms,0.4012,
frame_ms,0.2734,
frame_ms,0.231,
frame_ms,0.2171,
frame_ms,0.2185,
frame_ms,0.2187,
frame_ms,0.214,
frame_ms,0.2443,
frame_ms,0.2273,
frame_ms,0.211,
tick_us,353,70
frame_ms,0.9181,
frame_ms,0.2416,
frame_ms,0.2211,
frame_ms,0.2515,
frame_ms,0.2183,
frame_ms,0.2087,
frame_ms,0.2088,
frame_ms,0.2493,
frame_ms,0.2294,
frame_ms,0.4668,
frame_ms,0.336,
frame_ms,0.2526,
frame_ms,0.2379,
frame_ms,0.2588,
frame_ms,0.2287,
frame_ms,0.2279,
frame_ms,0.2212,
frame_ms,0.2282,
frame_ms,0.2326,
frame_ms,0.2263,
frame_ms,0.3262,
frame_ms,0.2954,
frame_ms,0.2566,
frame_ms,0.2417,
tick_us,350.5,72
frame_ms,0.9854,
frame_ms,0.277,
frame_ms,0.2606,
frame_ms,0.2486,
frame_ms,0.2273,
frame_ms,0.2476,
frame_ms,0.2297,
frame_ms,0.224,
frame_ms,0.2174,
frame_ms,0.273,
frame_ms,0.5295,
frame_ms,0.2804,
frame_ms,0.2308,
frame_ms,0.2225,
frame_ms,0.2233,
frame_ms,0.2214,
frame_ms,0.2136,
frame_ms,0.2355,
frame_ms,0.2401,
frame_ms,0.2239,
frame_ms,0.2379,
frame_ms,0.2265,
frame_ms,0.2342,
frame_ms,0.2229,
frame_ms,0.2136,
tick_us,336.2,74
frame_ms,0.9206,
frame_ms,0.2363,
frame_ms,0.2124,
frame_ms,0.2184,
frame_ms,0.2128,
frame_ms,0.2111,
frame_ms,0.518,
frame_ms,0.2218,
frame_ms,0.2118,
frame_ms,0.2478,
frame_ms,0.2291,
frame_ms,0.3583,
frame_ms,0.3052,
frame_ms,0.2628,
frame_ms,0.2491,
frame_ms,0.2604,
frame_ms,0.2425,
frame_ms,0.2417,
frame_ms,0.2809,
frame_ms,0.248,
frame_ms,0.2223,
frame_ms,0.2179,
frame_ms,0.2158,
frame_ms,0.2471,
frame_ms,0.2261,
tick_us,330.6,74
frame_ms,0.8799,
frame_ms,0.2329,
frame_ms,0.4199,
frame_ms,0.2971,
frame_ms,0.2541,
frame_ms,0.2202,
frame_ms,0.2279,
frame_ms,0.2235,
frame_ms,0.2171,
frame_ms,0.2151,
frame_ms,0.3526,
frame_ms,0.4145,
frame_ms,0.2377,
frame_ms,0.2162,
frame_ms,0.2202,
frame_ms,0.2137,
frame_ms,0.2167,
frame_ms,0.4763,
frame_ms,0.3736,
frame_ms,0.3453,
frame_ms,0.4263,
frame_ms,0.3539,
tick_us,382.2,70
frame_ms,1.0772,
frame_ms,0.3269,
frame_ms,0.3403,
frame_ms,0.3582,
frame_ms,0.2576,
frame_ms,0.2224,
frame_ms,0.2245,
frame_ms,0.2204,
frame_ms,0.213,
frame_ms,0.2183,
frame_ms,0.3451,
frame_ms,0.3934,
frame_ms,0.3236,
frame_ms,0.2291,
frame_ms,0.2185,
frame_ms,0.2117,
frame_ms,0.2152,
frame_ms,0.2557,
frame_ms,0.2292,
frame_ms,0.2119,
frame_ms,0.2647,
frame_ms,0.2311,
frame_ms,0.2207,
tick_us,332,70
frame_ms,0.9201,
frame_ms,0.2416,
frame_ms,0.2124,
frame_ms,0.2161,
frame_ms,0.2104,
frame_ms,0.2222,
frame_ms,0.2604,
frame_ms,0.2255,
frame_ms,0.2137,
frame_ms,0.2563,
frame_ms,0.2264,
frame_ms,0.2105,
frame_ms,0.9024,
frame_ms,0.5309,
frame_ms,0.273,
frame_ms,0.2222,
frame_ms,0.2183,
frame_ms,0.2228,
frame_ms,0.2137,
frame_ms,0.2427,
frame_ms,0.2279,
frame_ms,0.2176,
frame_ms,0.2485,
tick_us,347,72
frame_ms,0.9564,
frame_ms,0.2866,
frame_ms,0.2511,
frame_ms,0.2197,
frame_ms,0.2238,
frame_ms,0.2775,
frame_ms,0.2522,
frame_ms,0.2162,
frame_ms,0.214,
frame_ms,0.205,
frame_ms,0.2607,
frame_ms,0.2686,
frame_ms,0.2433,
frame_ms,0.2311,
frame_ms,0.3651,
frame_ms,0.488,
frame_ms,0.3585,
frame_ms,0.3432,
frame_ms,0.3387,
frame_ms,0.3774,
frame_ms,0.2892,
frame_ms,0.2209,
frame_ms,0.2134,
tick_us,330.2,66
frame_ms,0.8776,
frame_ms,0.2396,
frame_ms,0.2129,
frame_ms,0.2164,
frame_ms,0.2103,
frame_ms,0.2095,
frame_ms,0.27,
frame_ms,0.2445,
frame_ms,0.2254,
frame_ms,0.2991,
frame_ms,0.2671,
frame_ms,0.2392,
frame_ms,0.2284,
frame_ms,0.2231,
frame_ms,0.2264,
frame_ms,0.3685,
frame_ms,0.5458,
frame_ms,0.2756,
frame_ms,0.2343,
frame_ms,0.2634,
frame_ms,0.4229,
frame_ms,0.3498,
frame_ms,0.342,
tick_us,443.8,66
frame_ms,1.1305,
frame_ms,0.2683,
frame_ms,0.2216,
frame_ms,0.2162,
frame_ms,0.2143,
frame_ms,0.2111,
frame_ms,0.2404,
frame_ms,0.2368,
frame_ms,0.2198,
frame_ms,0.2711,
frame_ms,0.2742,
frame_ms,0.238,
frame_ms,0.2242,
frame_ms,0.2259,
frame_ms,0.2208,
frame_ms,0.2951,
frame_ms,0.3908,
frame_ms,0.2319,
frame_ms,0.2203,
frame_ms,0.2123,
frame_ms,0.2306,
frame_ms,0.2159,
frame_ms,0.2609,
frame_ms,0.2631,
tick_us,333.1,68
frame_ms,0.9129,
frame_ms,0.2353,
frame_ms,0.2169,
frame_ms,0.2297,
frame_ms,0.2197,
frame_ms,0.2105,
frame_ms,0.2431,
frame_ms,0.2281,
frame_ms,0.2207,
frame_ms,0.2456,
frame_ms,0.2249,
frame_ms,0.2107,
frame_ms,0.2362,
frame_ms,0.2138,
frame_ms,0.2175,
frame_ms,0.2277,
frame_ms,0.2254,
frame_ms,0.2164,
frame_ms,0.3288,
frame_ms,0.6099,
frame_ms,0.2715,
frame_ms,0.2184,
frame_ms,0.2139,
frame_ms,0.2183,
frame_ms,0.2169,
frame_ms,0.241,
tick_us,318.1,64
frame_ms,0.8756,
frame_ms,0.2303,
frame_ms,0.2082,
frame_ms,0.2317,
frame_ms,0.2186,
frame_ms,0.2095,
frame_ms,0.2593,
frame_ms,0.2298,
frame_ms,0.3364,
frame_ms,0.3702,
frame_ms,0.238,
frame_ms,0.229,
frame_ms,0.2301,
frame_ms,0.2287,
frame_ms,0.2243,
frame_ms,0.2677,
frame_ms,0.3571,
frame_ms,0.2469,
frame_ms,0.4503,
frame_ms,0.4786,
frame_ms,0.2575,
frame_ms,0.2635,
frame_ms,0.2332,
tick_us,344.1,64
frame_ms,0.9243,
frame_ms,0.2504,
frame_ms,0.2195,
frame_ms,0.2161,
frame_ms,0.2126,
frame_ms,0.2272,
frame_ms,0.2142,
frame_ms,0.2397,
frame_ms,0.2256,
frame_ms,0.2118,
frame_ms,0.2525,
frame_ms,0.2544,
frame_ms,0.2271,
frame_ms,0.2175,
frame_ms,0.2193,
frame_ms,0.2376,
frame_ms,0.2144,
frame_ms,0.2092,
frame_ms,0.2503,
frame_ms,0.221,
frame_ms,0.2098,
frame_ms,0.2801,
frame_ms,0.5884,
frame_ms,0.2953,
frame_ms,0.2318,
frame_ms,0.2157,
tick_us,308.4,68
frame_ms,0.8576,
frame_ms,0.2515,
frame_ms,0.2224,
frame_ms,0.2172,
frame_ms,0.2165,
frame_ms,0.2263,
frame_ms,0.2125,
frame_ms,0.2792,
frame_ms,0.2634,
frame_ms,0.3127,
frame_ms,0.2697,
frame_ms,0.2207,
frame_ms,0.2155,
frame_ms,0.2092,
frame_ms,0.2868,
frame_ms,0.2404,
frame_ms,0.2451,
frame_ms,0.2678,
frame_ms,0.2259,
frame_ms,0.2281,
frame_ms,0.4334,
frame_ms,0.3525,
frame_ms,0.242,
frame_ms,0.2136,
frame_ms,0.2151,
tick_us,339.6,66
frame_ms,0.8869,
frame_ms,0.241,
frame_ms,0.2158,
frame_ms,0.2164,
frame_ms,0.2148,
frame_ms,0.2206,
frame_ms,0.2162,
frame_ms,0.2776,
frame_ms,0.23,
frame_ms,0.2124,
frame_ms,0.2676,
frame_ms,0.225,
frame_ms,0.2077,
frame_ms,0.2515,
frame_ms,0.2197,
frame_ms,0.2092,
frame_ms,0.245,
frame_ms,0.2254,
frame_ms,0.2118,
frame_ms,0.2168,
frame_ms,0.2435,
frame_ms,0.2248,
frame_ms,0.212,
frame_ms,0.6508,
frame_ms,0.3221,
tick_us,309.9,66
frame_ms,0.8557,
frame_ms,0.2295,
frame_ms,0.2103,
frame_ms,0.2271,
frame_ms,0.2199,
frame_ms,0.2148,
frame_ms,0.2128,
frame_ms,0.2476,
frame_ms,0.2258,
frame_ms,0.2092,
frame_ms,0.2501,
frame_ms,0.2273,
frame_ms,0.2184,
frame_ms,0.2508,
frame_ms,0.2251,
frame_ms,0.2125,
frame_ms,0.2518,
frame_ms,0.2242,
frame_ms,0.5601,
frame_ms,0.3586,
frame_ms,0.2519,
frame_ms,0.2164,
frame_ms,0.332,
frame_ms,0.4494,
tick_us,334.6,64
frame_ms,0.9486,
frame_ms,0.2441,
frame_ms,0.2271,
frame_ms,0.224,
frame_ms,0.2308,
frame_ms,0.2182,
frame_ms,0.2323,
frame_ms,0.2124,
frame_ms,0.2548,
frame_ms,0.2628,
frame_ms,0.2295,
frame_ms,0.2206,
frame_ms,0.212,
frame_ms,0.2379,
frame_ms,0.3475,
frame_ms,0.4202,
frame_ms,0.3776,
frame_ms,0.3417,
frame_ms,0.34,
frame_ms,0.2874,
frame_ms,0.3516,
frame_ms,0.3434,
frame_ms,0.218,
tick_us,342.6,66
frame_ms,0.9087,
frame_ms,0.2259,
frame_ms,0.2178,
frame_ms,0.2183,
frame_ms,0.216,
frame_ms,0.2168,
frame_ms,0.4185,
frame_ms,0.3511,
frame_ms,0.3423,
frame_ms,0.3363,
frame_ms,0.3354,
frame_ms,0.308,
frame_ms,0.2393,
frame_ms,0.2131,
frame_ms,0.2159,
frame_ms,0.2097,
frame_ms,0.209,
frame_ms,0.2448,
frame_ms,0.2316,
frame_ms,0.2104,
frame_ms,0.2671,
frame_ms,0.2248,
frame_ms,0.2151,
frame_ms,0.4135,
tick_us,366.4,56
frame_ms,1.1525,
frame_ms,0.2477,
frame_ms,0.2143,
frame_ms,0.2156,
frame_ms,0.2105,
frame_ms,0.2483,
frame_ms,0.215,
frame_ms,0.2244,
frame_ms,0.2395,
frame_ms,0.2251,
frame_ms,0.2086,
frame_ms,0.2464,
frame_ms,0.2269,
frame_ms,0.2129,
frame_ms,0.222,
frame_ms,0.2126,
frame_ms,0.2085,
frame_ms,0.2597,
frame_ms,0.2253,
frame_ms,0.2086,
frame_ms,0.2488,
frame_ms,0.2432,
frame_ms,0.2128,
frame_ms,0.2028,
frame_ms,0.2452,
frame_ms,0.2187,
tick_us,333.1,60
frame_ms,0.9934,
frame_ms,0.2532,
frame_ms,0.2194,
frame_ms,0.2124,
frame_ms,0.2064,
frame_ms,0.2406,
frame_ms,0.2277,
frame_ms,0.2096,
frame_ms,0.2553,
frame_ms,0.226,
frame_ms,0.2105,
frame_ms,0.2261,
frame_ms,0.2076,
frame_ms,0.2909,
frame_ms,0.2262,
frame_ms,0.2151,
frame_ms,0.2378,
frame_ms,0.213,
frame_ms,0.2245,
frame_ms,0.2688,
frame_ms,0.3006,
frame_ms,0.2544,
frame_ms,0.2421,
frame_ms,0.2472,
frame_ms,0.2414,
frame_ms,0.2422,
tick_us,303.5,60
frame_ms,1.2247,
frame_ms,0.3458,
frame_ms,0.2851,
frame_ms,0.2419,
frame_ms,0.2207,
frame_ms,0.2246,
frame_ms,0.2199,
frame_ms,0.2196,
frame_ms,0.2466,
frame_ms,0.3354,
frame_ms,0.2504,
frame_ms,0.2204,
frame_ms,0.2217,
frame_ms,0.2132,
frame_ms,0.2119,
frame_ms,0.2471,
frame_ms,0.2272,
frame_ms,0.2125,
frame_ms,0.2754,
frame_ms,0.2468,
frame_ms,0.2151,
frame_ms,0.2304,
frame_ms,0.2528,
frame_ms,0.3023,
frame_ms,0.2725,
tick_us,326.4,56
frame_ms,0.939,
frame_ms,0.4356,
frame_ms,0.3204,
frame_ms,0.2429,
frame_ms,0.2361,
frame_ms,0.2353,
frame_ms,0.2243,
frame_ms,0.2258,
frame_ms,0.2307,
frame_ms,0.228,
frame_ms,0.2502,
frame_ms,0.2226,
frame_ms,0.2151,
frame_ms,0.2387,
frame_ms,0.2207,
frame_ms,0.2136,
frame_ms,0.2667,
frame_ms,0.2646,
frame_ms,0.2283,
frame_ms,0.2218,
frame_ms,0.213,
frame_ms,0.2372,
frame_ms,0.2215,
frame_ms,0.2116,
frame_ms,0.2425,
frame_ms,0.2231,
tick_us,326,58
frame_ms,0.8737,
frame_ms,0.5578,
frame_ms,0.3297,
frame_ms,0.2199,
frame_ms,0.2174,
frame_ms,0.2192,
frame_ms,0.2127,
frame_ms,0.2429,
frame_ms,0.2276,
frame_ms,0.2225,
frame_ms,0.2192,
frame_ms,0.2297,
frame_ms,0.2807,
frame_ms,0.3884,
frame_ms,0.3559,
frame_ms,0.3265,
frame_ms,0.3204,
frame_ms,0.3439,
frame_ms,0.3436,
frame_ms,0.3323,
frame_ms,0.3337,
tick_us,357.5,56
frame_ms,1.1517,
frame_ms,0.4049,
frame_ms,0.3782,
frame_ms,0.3926,
frame_ms,0.3773,
frame_ms,0.3459,
frame_ms,0.3575,
frame_ms,0.2711,
frame_ms,0.2319,
frame_ms,0.2228,
frame_ms,0.2269,
frame_ms,0.2196,
frame_ms,0.2196,
frame_ms,0.2669,
frame_ms,0.2677,
frame_ms,0.2308,
frame_ms,0.2189,
frame_ms,0.2115,
frame_ms,0.2249,
frame_ms,0.2261,
frame_ms,0.2114,
frame_ms,0.2564,
tick_us,339.4,58
frame_ms,0.91,
frame_ms,0.2417,
frame_ms,0.2902,
frame_ms,0.5123,
frame_ms,0.3491,
frame_ms,0.2526,
frame_ms,0.2743,
frame_ms,0.2652,
frame_ms,0.2263,
frame_ms,0.2183,
frame_ms,0.2139,
frame_ms,0.2537,
frame_ms,0.2284,
frame_ms,0.21,
frame_ms,0.2547,
frame_ms,0.2202,
frame_ms,0.2081,
frame_ms,0.2542,
frame_ms,0.3461,
frame_ms,0.3662,
frame_ms,0.339,
frame_ms,0.334,
frame_ms,0.3348,
tick_us,336.2,54
frame_ms,1.0219,
frame_ms,0.2513,
frame_ms,0.2204,
frame_ms,0.3396,
frame_ms,0.2531,
frame_ms,0.2319,
frame_ms,0.2193,
frame_ms,0.2116,
frame_ms,0.2462,
frame_ms,0.2314,
frame_ms,0.2124,
frame_ms,0.2746,
frame_ms,0.2665,
frame_ms,0.2308,
frame_ms,0.2194,
frame_ms,0.2121,
frame_ms,0.2198,
frame_ms,0.2618,
frame_ms,0.254,
frame_ms,0.2152,
frame_ms,0.2063,
frame_ms,0.236,
frame_ms,0.2186,
frame_ms,0.2121,
frame_ms,0.2543,
frame_ms,0.2185,
tick_us,339.8,58
frame_ms,0.8835,
frame_ms,0.2341,
frame_ms,0.2102,
frame_ms,0.2243,
frame_ms,0.2191,
frame_ms,0.2468,
frame_ms,0.4567,
frame_ms,0.4735,
frame_ms,0.275,
frame_ms,0.3124,
frame_ms,0.2264,
frame_ms,0.2351,
frame_ms,0.2197,
frame_ms,0.2213,
frame_ms,0.2153,
frame_ms,0.2168,
frame_ms,0.2759,
frame_ms,0.2577,
frame_ms,0.225,
frame_ms,0.2151,
frame_ms,0.2181,
frame_ms,0.2738,
frame_ms,0.2306,
frame_ms,0.2132,
tick_us,330.4,60
frame_ms,0.9419,
frame_ms,0.2543,
frame_ms,0.2146,
frame_ms,0.2176,
frame_ms,0.2094,
frame_ms,0.3601,
frame_ms,0.3958,
frame_ms,0.2722,
frame_ms,0.2149,
frame_ms,0.215,
frame_ms,0.2118,
frame_ms,0.2582,
frame_ms,0.2583,
frame_ms,0.2402,
frame_ms,0.2781,
frame_ms,0.2166,
frame_ms,0.2147,
frame_ms,0.2112,
frame_ms,0.2496,
frame_ms,0.2614,
frame_ms,0.2363,
frame_ms,0.8592,
tick_us,334,64
frame_ms,1.2183,
frame_ms,0.2791,
frame_ms,0.2344,
frame_ms,0.2353,
frame_ms,0.2273,
frame_ms,0.2328,
frame_ms,0.4378,
frame_ms,0.2555,
frame_ms,0.224,
frame_ms,0.2245,
frame_ms,0.2266,
frame_ms,0.2147,
frame_ms,0.2278,
frame_ms,0.2598,
frame_ms,0.2233,
frame_ms,0.2155,
frame_ms,0.2572,
frame_ms,0.234,
frame_ms,0.2183,
frame_ms,0.2168,
frame_ms,0.2435,
frame_ms,0.2277,
frame_ms,0.2202,
frame_ms,0.2605,
frame_ms,0.2278,
frame_ms,0.213,
tick_us,341,56
frame_ms,0.9469,
frame_ms,0.2413,
frame_ms,0.7172,
frame_ms,0.4112,
frame_ms,0.5999,
frame_ms,0.433,
frame_ms,0.3723,
frame_ms,0.3424,
frame_ms,0.3258,
frame_ms,0.2531,
frame_ms,0.2425,
frame_ms,0.2232,
frame_ms,0.2255,
frame_ms,0.2274,
frame_ms,0.218,
frame_ms,0.2441,
frame_ms,0.2318,
frame_ms,0.2222,
frame_ms,0.2174,
frame_ms,0.2499,
tick_us,334.6,56
frame_ms,0.9767,
frame_ms,0.2383,
frame_ms,0.2154,
frame_ms,0.2178,
frame_ms,0.2258,
frame_ms,0.2149,
frame_ms,0.2117,
frame_ms,0.2552,
frame_ms,0.302,
frame_ms,0.3904,
frame_ms,0.2566,
frame_ms,0.3228,
frame_ms,0.3702,
frame_ms,0.3001,
frame_ms,0.2416,
frame_ms,0.2156,
frame_ms,0.2187,
frame_ms,0.2286,
frame_ms,0.2183,
frame_ms,0.2738,
frame_ms,0.2287,
frame_ms,0.2108,
frame_ms,0.25,
frame_ms,0.2248,
tick_us,349.2,56
frame_ms,0.9022,
frame_ms,0.2261,
frame_ms,0.2153,
frame_ms,0.2812,
frame_ms,0.2168,
frame_ms,0.2224,
frame_ms,0.2127,
frame_ms,0.2384,
frame_ms,0.2207,
frame_ms,0.2114,
frame_ms,0.49,
frame_ms,0.5629,
frame_ms,0.456,
frame_ms,0.28,
frame_ms,0.2261,
frame_ms,0.3976,
frame_ms,0.3883,
frame_ms,0.2666,
frame_ms,0.216,
frame_ms,0.2169,
frame_ms,0.2089,
frame_ms,0.2105,
frame_ms,0.2492,
tick_us,350.6,56
frame_ms,0.9176,
frame_ms,0.2281,
frame_ms,0.2116,
frame_ms,0.2143,
frame_ms,0.2167,
frame_ms,0.215,
frame_ms,0.2545,
frame_ms,0.2234,
frame_ms,0.2143,
frame_ms,0.2507,
frame_ms,0.2443,
frame_ms,0.4307,
frame_ms,0.2897,
frame_ms,0.2423,
frame_ms,0.2292,
frame_ms,0.225,
frame_ms,0.2208,
frame_ms,0.2077,
frame_ms,0.2225,
frame_ms,0.2099,
frame_ms,0.2623,
frame_ms,0.2261,
frame_ms,0.209,
frame_ms,0.2663,
frame_ms,0.2438,
frame_ms,0.2175,
tick_us,328.7,54
frame_ms,0.9127,
frame_ms,0.2358,
frame_ms,0.2108,
frame_ms,0.2147,
frame_ms,0.2121,
frame_ms,0.2275,
frame_ms,0.2121,
frame_ms,0.2732,
frame_ms,0.229,
frame_ms,0.2097,
frame_ms,0.2316,
frame_ms,0.229,
frame_ms,0.2687,
frame_ms,0.6376,
frame_ms,0.2803,
frame_ms,0.2254,
frame_ms,0.2237,
frame_ms,0.2265,
frame_ms,0.208,
frame_ms,0.2375,
frame_ms,0.2235,
frame_ms,0.2062,
frame_ms,0.2584,
frame_ms,0.2224,
frame_ms,0.208,
tick_us,325.7,56
frame_ms,0.9095,
frame_ms,0.235,
frame_ms,0.2102,
frame_ms,0.2129,
frame_ms,0.2112,
frame_ms,0.2424,
frame_ms,0.2222,
frame_ms,0.2095,
frame_ms,0.2463,
frame_ms,0.2218,
frame_ms,0.2134,
frame_ms,0.253,
frame_ms,0.2713,
frame_ms,0.5106,
frame_ms,0.3256,
frame_ms,0.2501,
frame_ms,0.2194,
frame_ms,0.2296,
frame_ms,0.225,
frame_ms,0.2192,
frame_ms,0.2285,
frame_ms,0.2301,
frame_ms,0.264,
frame_ms,0.2676,
frame_ms,0.2267,
frame_ms,0.2167,
tick_us,371.5,56
frame_ms,0.9144,
frame_ms,0.2522,
frame_ms,0.213,
frame_ms,0.2136,
frame_ms,0.2087,
frame_ms,0.2389,
frame_ms,0.2245,
frame_ms,0.2104,
frame_ms,0.248,
frame_ms,0.2231,
frame_ms,0.2089,
frame_ms,0.2521,
frame_ms,0.226,
frame_ms,0.2817,
frame_ms,0.5276,
frame_ms,0.2881,
frame_ms,0.216,
frame_ms,0.2107,
frame_ms,0.207,
frame_ms,0.2434,
frame_ms,0.2188,
frame_ms,0.215,
frame_ms,0.2432,
frame_ms,0.3431,
frame_ms,0.2406,
tick_us,334.9,54
frame_ms,0.9081,
frame_ms,0.2402,
frame_ms,0.2284,
frame_ms,0.2214,
frame_ms,0.2183,
frame_ms,0.214,
frame_ms,0.2421,
frame_ms,0.2556,
frame_ms,0.2225,
frame_ms,0.2105,
frame_ms,0.2324,
frame_ms,0.3714,
frame_ms,0.4071,
frame_ms,0.4702,
frame_ms,0.293,
frame_ms,0.2234,
frame_ms,0.2134,
frame_ms,0.2148,
frame_ms,0.2231,
frame_ms,0.2083,
frame_ms,0.2594,
frame_ms,0.2226,
frame_ms,0.2086,
frame_ms,0.251,
frame_ms,0.2276,
tick_us,333.3,52
frame_ms,0.8749,
frame_ms,0.2286,
frame_ms,0.2078,
frame_ms,0.2241,
frame_ms,0.2117,
frame_ms,0.2081,
frame_ms,0.2469,
frame_ms,0.2249,
frame_ms,0.212,
frame_ms,0.271,
frame_ms,0.2232,
frame_ms,0.2126,
frame_ms,0.2287,
frame_ms,0.2665,
frame_ms,0.2257,
frame_ms,0.2687,
frame_ms,0.4516,
frame_ms,0.2671,
frame_ms,0.3862,
frame_ms,0.3605,
frame_ms,0.3518,
frame_ms,0.2659,
frame_ms,0.2251,
frame_ms,0.2223,
tick_us,338.5,54
frame_ms,0.9061,
frame_ms,0.2551,
frame_ms,0.2858,
frame_ms,0.3546,
frame_ms,0.2506,
frame_ms,0.2224,
frame_ms,0.2245,
frame_ms,0.2259,
frame_ms,0.2224,
frame_ms,0.2174,
frame_ms,0.2125,
frame_ms,0.2751,
frame_ms,0.2149,
frame_ms,0.249,
frame_ms,0.2692,
frame_ms,0.2249,
frame_ms,0.2469,
frame_ms,0.2157,
frame_ms,0.4614,
frame_ms,0.318,
frame_ms,0.2353,
frame_ms,0.2135,
frame_ms,0.2149,
frame_ms,0.2176,
frame_ms,0.2777,
tick_us,341.5,54
frame_ms,0.9496,
frame_ms,0.235,
frame_ms,0.2093,
frame_ms,0.2133,
frame_ms,0.2227,
frame_ms,0.2103,
frame_ms,0.2453,
frame_ms,0.2245,
frame_ms,0.2199,
frame_ms,0.2143,
frame_ms,0.2594,
frame_ms,0.2242,
frame_ms,0.215,
frame_ms,0.2416,
frame_ms,0.2237,
frame_ms,0.2088,
frame_ms,0.2611,
frame_ms,0.2354,
frame_ms,0.4132,
frame_ms,0.2573,
frame_ms,0.2223,
frame_ms,0.2174,
frame_ms,0.2207,
frame_ms,0.2103,
frame_ms,0.237,
frame_ms,0.2636,
tick_us,315.1,56
frame_ms,0.8716,
frame_ms,0.2358,
frame_ms,0.2145,
frame_ms,0.2355,
frame_ms,0.239,
frame_ms,0.2164,
frame_ms,0.2175,
frame_ms,0.2077,
frame_ms,0.2603,
frame_ms,0.2211,
frame_ms,0.209,
frame_ms,0.525,
frame_ms,0.3939,
frame_ms,0.2356,
frame_ms,0.2436,
frame_ms,0.2575,
frame_ms,0.306,
frame_ms,0.368,
frame_ms,0.3533,
frame_ms,0.3029,
frame_ms,0.3729,
frame_ms,0.3623,
tick_us,400,54
frame_ms,1.1129,
frame_ms,0.2662,
frame_ms,0.221,
frame_ms,0.2143,
frame_ms,0.2105,
frame_ms,0.2077,
frame_ms,0.2449,
frame_ms,0.2318,
frame_ms,0.221,
frame_ms,0.2575,
frame_ms,0.2305,
frame_ms,0.2122,
frame_ms,0.2504,
frame_ms,0.2262,
frame_ms,0.2064,
frame_ms,0.2401,
frame_ms,0.2214,
frame_ms,0.2111,
frame_ms,0.2536,
frame_ms,0.2175,
frame_ms,0.2095,
frame_ms,0.3196,
frame_ms,0.5537,
frame_ms,0.2872,
frame_ms,0.282,
tick_us,317.6,52
frame_ms,0.8762,
frame_ms,0.2352,
frame_ms,0.2133,
frame_ms,0.2213,
frame_ms,0.2171,
frame_ms,0.2135,
frame_ms,0.243,
frame_ms,0.2277,
frame_ms,0.2115,
frame_ms,0.2535,
frame_ms,0.2228,
frame_ms,0.2189,
frame_ms,0.3795,
frame_ms,0.2615,
frame_ms,0.2204,
frame_ms,0.7303,
frame_ms,0.3626,
frame_ms,0.3558,
frame_ms,0.3577,
frame_ms,0.2221,
frame_ms,0.2142,
frame_ms,0.2147,
frame_ms,0.2296,
tick_us,329.5,46
frame_ms,0.8963,
frame_ms,0.2372,
frame_ms,0.2106,
frame_ms,0.218,
frame_ms,0.2164,
frame_ms,0.2125,
frame_ms,0.2444,
frame_ms,0.2219,
frame_ms,0.2108,
frame_ms,0.2461,
frame_ms,0.2252,
frame_ms,0.2239,
frame_ms,0.21,
frame_ms,0.2567,
frame_ms,0.2239,
frame_ms,0.2134,
frame_ms,0.2554,
frame_ms,0.2234,
frame_ms,0.2176,
frame_ms,0.2411,
frame_ms,0.2729,
frame_ms,0.2191,
frame_ms,0.2587,
frame_ms,0.4295,
frame_ms,0.3703,
frame_ms,0.3629,
tick_us,361.9,46
frame_ms,1.0823,
frame_ms,0.2598,
frame_ms,0.225,
frame_ms,0.2168,
frame_ms,0.2212,
frame_ms,0.2158,
frame_ms,0.2382,
frame_ms,0.2234,
frame_ms,0.211,
frame_ms,0.2472,
frame_ms,0.2144,
frame_ms,0.2078,
frame_ms,0.2479,
frame_ms,0.2172,
frame_ms,0.2059,
frame_ms,0.2492,
frame_ms,0.2329,
frame_ms,0.2086,
frame_ms,0.2499,
frame_ms,0.2213,
frame_ms,0.2092,
frame_ms,0.7578,
frame_ms,0.5419,
tick_us,311,46
frame_ms,0.8945,
frame_ms,0.2283,
frame_ms,0.2101,
frame_ms,0.2136,
frame_ms,0.2155,
frame_ms,0.2319,
frame_ms,0.2104,
frame_ms,0.211,
frame_ms,0.2432,
frame_ms,0.2227,
frame_ms,0.2121,
frame_ms,0.2474,
frame_ms,0.2326,
frame_ms,0.2122,
frame_ms,0.2569,
frame_ms,0.228,
frame_ms,0.2065,
frame_ms,0.2479,
frame_ms,0.5216,
frame_ms,0.2163,
frame_ms,0.2005,
frame_ms,0.2147,
frame_ms,0.4825,
frame_ms,0.2813,
frame_ms,0.2353,
tick_us,348.3,48
frame_ms,0.9168,
frame_ms,0.2659,
frame_ms,0.2649,
frame_ms,0.2219,
frame_ms,0.2186,
frame_ms,0.2245,
frame_ms,0.2166,
frame_ms,0.2406,
frame_ms,0.2181,
frame_ms,0.2177,
frame_ms,0.275,
frame_ms,0.2742,
frame_ms,0.2267,
frame_ms,0.2181,
frame_ms,0.2113,
frame_ms,0.2188,
frame_ms,0.207,
frame_ms,0.2605,
frame_ms,0.2203,
frame_ms,0.2168,
frame_ms,0.2151,
frame_ms,0.2343,
frame_ms,0.28,
frame_ms,0.2589,
frame_ms,0.5427,
tick_us,346.8,44
frame_ms,1.0508,
frame_ms,0.4186,
frame_ms,0.2756,
frame_ms,0.2301,
frame_ms,0.2274,
frame_ms,0.2301,
frame_ms,0.2212,
frame_ms,0.2162,
frame_ms,0.2133,
frame_ms,0.2875,
frame_ms,0.4287,
frame_ms,0.2147,
frame_ms,0.2156,
frame_ms,0.206,
frame_ms,0.2379,
frame_ms,0.2187,
frame_ms,0.3298,
frame_ms,0.3878,
frame_ms,0.3567,
frame_ms,0.2709,
frame_ms,0.2442,
frame_ms,0.4495,
tick_us,339.6,46
frame_ms,0.9878,
frame_ms,0.2369,
frame_ms,0.2149,
frame_ms,0.217,
frame_ms,0.2193,
frame_ms,0.2426,
frame_ms,0.2193,
frame_ms,0.2094,
frame_ms,0.2445,
frame_ms,0.2267,
frame_ms,0.2122,
frame_ms,0.2546,
frame_ms,0.2363,
frame_ms,0.2132,
frame_ms,0.2568,
frame_ms,0.2252,
frame_ms,0.207,
frame_ms,0.2724,
frame_ms,0.2185,
frame_ms,0.2079,
frame_ms,0.2468,
frame_ms,0.222,
frame_ms,0.2107,
frame_ms,0.251,
frame_ms,0.2191,
frame_ms,0.2082,
frame_ms,0.2502,
tick_us,309.4,50
frame_ms,0.9722,
frame_ms,0.2502,
frame_ms,0.2149,
frame_ms,0.2151,
frame_ms,0.2081,
frame_ms,0.2363,
frame_ms,0.2221,
frame_ms,0.2092,
frame_ms,0.2522,
frame_ms,0.2221,
frame_ms,0.2097,
frame_ms,0.3166,
frame_ms,0.2203,
frame_ms,0.2382,
frame_ms,0.2209,
frame_ms,0.206,
frame_ms,0.2453,
frame_ms,0.2222,
frame_ms,0.2156,
frame_ms,0.2323,
frame_ms,0.246,
frame_ms,0.222,
frame_ms,0.2043,
frame_ms,0.2482,
frame_ms,0.2182,
frame_ms,0.2104,
frame_ms,0.2552,
frame_ms,0.2178,
tick_us,458.3,48
frame_ms,1.0442,
frame_ms,0.2784,
frame_ms,0.2532,
frame_ms,0.2192,
frame_ms,0.2333,
frame_ms,0.2428,
frame_ms,0.2431,
frame_ms,0.2296,
frame_ms,0.2181,
frame_ms,0.2303,
frame_ms,0.2158,
frame_ms,0.2779,
frame_ms,0.2705,
frame_ms,0.2245,
frame_ms,0.219,
frame_ms,0.2092,
frame_ms,0.2017,
frame_ms,0.2513,
frame_ms,0.2147,
frame_ms,0.2036,
frame_ms,0.2261,
frame_ms,0.219,
frame_ms,0.2017,
frame_ms,0.2527,
frame_ms,0.2268,
frame_ms,0.2069,
tick_us,334.8,48
frame_ms,0.971,
frame_ms,0.2794,
frame_ms,0.2655,
frame_ms,0.2415,
frame_ms,0.2501,
frame_ms,0.2412,
frame_ms,0.2309,
frame_ms,0.2265,
frame_ms,0.2571,
frame_ms,0.2738,
frame_ms,0.2687,
frame_ms,0.2518,
frame_ms,0.2337,
frame_ms,0.2598,
frame_ms,0.2369,
frame_ms,0.2078,
frame_ms,0.2985,
frame_ms,0.2298,
frame_ms,0.208,
frame_ms,0.2025,
frame_ms,0.251,
frame_ms,0.2219,
frame_ms,0.2087,
frame_ms,0.2522,
frame_ms,0.272,
frame_ms,0.2352,
tick_us,339.4,50
frame_ms,0.9142,
frame_ms,0.3855,
frame_ms,0.2699,
frame_ms,0.2134,
frame_ms,0.211,
frame_ms,0.2056,
frame_ms,0.245,
frame_ms,0.2221,
frame_ms,0.2085,
frame_ms,0.2174,
frame_ms,0.2151,
frame_ms,0.2072,
frame_ms,0.2499,
frame_ms,0.2291,
frame_ms,0.2105,
frame_ms,0.2554,
frame_ms,0.2142,
frame_ms,0.2582,
frame_ms,0.2381,
frame_ms,0.212,
frame_ms,0.2679,
frame_ms,0.4554,
frame_ms,0.3554,
frame_ms,0.3701,
tick_us,346.4,50
frame_ms,1.0817,
frame_ms,0.2891,
frame_ms,0.3595,
frame_ms,0.3659,
frame_ms,0.4182,
frame_ms,0.2679,
frame_ms,0.3061,
frame_ms,0.2407,
frame_ms,0.2244,
frame_ms,0.2245,
frame_ms,0.2262,
frame_ms,0.2172,
frame_ms,0.2322,
frame_ms,0.2366,
frame_ms,0.222,
frame_ms,0.2425,
frame_ms,0.2191,
frame_ms,0.2212,
frame_ms,0.2626,
frame_ms,0.2462,
frame_ms,0.2439,
frame_ms,0.2249,
frame_ms,0.3186,
tick_us,338.5,54
frame_ms,0.9505,
frame_ms,0.2471,
frame_ms,0.2163,
frame_ms,0.2204,
frame_ms,0.2281,
frame_ms,0.2133,
frame_ms,0.2523,
frame_ms,0.2692,
frame_ms,0.2323,
frame_ms,0.2212,
frame_ms,0.2144,
frame_ms,0.2481,
frame_ms,0.2266,
frame_ms,0.2373,
frame_ms,0.2261,
frame_ms,0.2574,
frame_ms,0.2255,
frame_ms,0.2159,
frame_ms,0.2517,
frame_ms,0.2232,
frame_ms,0.2101,
frame_ms,0.2456,
frame_ms,0.2193,
frame_ms,0.2121,
frame_ms,0.2473,
frame_ms,0.2271,
frame_ms,0.2097,
tick_us,353.6,48
frame_ms,0.9623,
frame_ms,0.2432,
frame_ms,0.2124,
frame_ms,0.3269,
frame_ms,0.4106,
frame_ms,0.2702,
frame_ms,0.2324,
frame_ms,0.2207,
frame_ms,0.2234,
frame_ms,0.2226,
frame_ms,0.2159,
frame_ms,0.2764,
frame_ms,0.2726,
frame_ms,0.2283,
frame_ms,0.2361,
frame_ms,0.2109,
frame_ms,0.2371,
frame_ms,0.2707,
frame_ms,0.2284,
frame_ms,0.2179,
frame_ms,0.2159,
frame_ms,0.2403,
frame_ms,0.226,
frame_ms,0.21,
frame_ms,0.4037,
tick_us,350.6,42
frame_ms,1.1239,
frame_ms,0.2947,
frame_ms,0.2462,
frame_ms,0.2253,
frame_ms,0.2255,
frame_ms,0.2193,
frame_ms,0.2146,
frame_ms,0.2135,
frame_ms,0.2448,
frame_ms,0.2534,
frame_ms,0.2099,
frame_ms,0.2376,
frame_ms,0.2183,
frame_ms,0.2097,
frame_ms,0.245,
frame_ms,0.2539,
frame_ms,0.2796,
frame_ms,0.2349,
frame_ms,0.21,
frame_ms,0.2131,
frame_ms,0.2583,
frame_ms,0.225,
frame_ms,0.2218,
frame_ms,0.3107,
frame_ms,0.4454,
tick_us,348.8,44
frame_ms,1.0295,
frame_ms,0.2903,
frame_ms,0.2425,
frame_ms,0.2107,
frame_ms,0.2147,
frame_ms,0.2682,
frame_ms,0.4055,
frame_ms,0.2334,
frame_ms,0.2239,
frame_ms,0.2196,
frame_ms,0.2168,
frame_ms,0.2381,
frame_ms,0.2127,
frame_ms,0.2181,
frame_ms,0.2632,
frame_ms,0.2651,
frame_ms,0.2295,
frame_ms,0.2157,
frame_ms,0.2144,
frame_ms,0.2424,
frame_ms,0.2275,
frame_ms,0.2141,
frame_ms,0.268,
frame_ms,0.2234,
frame_ms,0.2074,
tick_us,331.9,44
frame_ms,0.9335,
frame_ms,0.2348,
frame_ms,0.2106,
frame_ms,0.2118,
frame_ms,0.2091,
frame_ms,0.2311,
frame_ms,0.7861,
frame_ms,0.4656,
frame_ms,0.2811,
frame_ms,0.2682,
frame_ms,0.2509,
frame_ms,0.2153,
frame_ms,0.213,
frame_ms,0.207,
frame_ms,0.2414,
frame_ms,0.2313,
frame_ms,0.213,
frame_ms,0.2528,
frame_ms,0.2184,
frame_ms,0.2073,
frame_ms,0.2522,
frame_ms,0.2199,
frame_ms,0.2112,
frame_ms,0.2449,
tick_us,330.3,44
frame_ms,0.9074,
frame_ms,0.2352,
frame_ms,0.2085,
frame_ms,0.212,
frame_ms,0.2184,
frame_ms,0.2129,
frame_ms,0.2368,
frame_ms,0.4213,
frame_ms,0.4562,
frame_ms,0.3357,
frame_ms,0.2534,
frame_ms,0.215,
frame_ms,0.2188,
frame_ms,0.2195,
frame_ms,0.224,
frame_ms,0.2689,
frame_ms,0.258,
frame_ms,0.2267,
frame_ms,0.2148,
frame_ms,0.2523,
frame_ms,0.2268,
frame_ms,0.2106,
frame_ms,0.2655,
frame_ms,0.2915,
frame_ms,0.2489,
tick_us,343.5,50
frame_ms,0.9274,
frame_ms,0.2675,
frame_ms,0.2581,
frame_ms,0.2131,
frame_ms,0.2309,
frame_ms,0.2145,
frame_ms,0.2095,
frame_ms,0.2397,
frame_ms,0.2461,
frame_ms,0.3674,
frame_ms,0.4167,
frame_ms,0.2866,
frame_ms,0.2615,
frame_ms,0.2412,
frame_ms,0.2215,
frame_ms,0.2143,
frame_ms,0.2147,
frame_ms,0.2417,
frame_ms,0.2254,
frame_ms,0.2074,
frame_ms,0.2507,
frame_ms,0.2177,
frame_ms,0.2054,
frame_ms,0.2518,
frame_ms,0.218,
tick_us,335,54
frame_ms,0.8768,
frame_ms,0.2248,
frame_ms,0.21,
frame_ms,0.2245,
frame_ms,0.2123,
frame_ms,0.235,
frame_ms,0.2088,
frame_ms,0.2038,
frame_ms,0.2439,
frame_ms,0.2245,
frame_ms,0.2084,
frame_ms,0.251,
frame_ms,0.2179,
frame_ms,0.2075,
frame_ms,0.2511,
frame_ms,0.218,
frame_ms,0.2073,
frame_ms,0.2512,
frame_ms,0.2398,
frame_ms,0.2282,
frame_ms,0.2073,
frame_ms,0.2503,
frame_ms,0.2259,
frame_ms,0.2079,
frame_ms,0.247,
frame_ms,0.2191,
frame_ms,0.2065,
frame_ms,0.2579,
tick_us,327.8,54
frame_ms,0.8857,
frame_ms,0.2281,
frame_ms,0.2075,
frame_ms,0.2127,
frame_ms,0.2153,
frame_ms,0.2095,
frame_ms,0.2593,
frame_ms,0.2244,
frame_ms,0.2104,
frame_ms,0.2217,
frame_ms,0.2185,
frame_ms,0.2202,
frame_ms,0.2639,
frame_ms,0.212,
frame_ms,0.2693,
frame_ms,0.2274,
frame_ms,0.2126,
frame_ms,0.2461,
frame_ms,0.2282,
frame_ms,0.2065,
frame_ms,0.2562,
frame_ms,0.27,
frame_ms,0.5382,
frame_ms,0.3796,
frame_ms,0.3492,
tick_us,367.6,48
frame_ms,1.0548,
frame_ms,0.2576,
frame_ms,0.2175,
frame_ms,0.2175,
frame_ms,0.2106,
frame_ms,0.2111,
frame_ms,0.2489,
frame_ms,0.2265,
frame_ms,0.2139,
frame_ms,0.2543,
frame_ms,0.2308,
frame_ms,0.2758,
frame_ms,0.4572,
frame_ms,0.336,
frame_ms,0.3374,
frame_ms,0.3341,
frame_ms,0.3347,
frame_ms,0.305,
frame_ms,0.2453,
frame_ms,0.2094,
frame_ms,0.2172,
frame_ms,0.2156,
frame_ms,0.2084,
tick_us,329.4,50
frame_ms,0.9198,
frame_ms,0.2381,
frame_ms,0.2162,
frame_ms,0.2124,
frame_ms,0.2121,
frame_ms,0.2487,
frame_ms,0.2163,
frame_ms,0.2058,
frame_ms,0.2558,
frame_ms,0.2426,
frame_ms,0.2132,
frame_ms,0.2342,
frame_ms,0.2219,
frame_ms,0.2131,
frame_ms,0.2552,
frame_ms,0.2803,
frame_ms,0.2494,
frame_ms,0.215,
frame_ms,0.2103,
frame_ms,0.2451,
frame_ms,0.2234,
frame_ms,0.2083,
frame_ms,0.2814,
frame_ms,0.2293,
frame_ms,0.2069,
frame_ms,0.2474,
frame_ms,0.2224,
tick_us,309.2,50
frame_ms,0.8706,
frame_ms,0.3487,
frame_ms,0.2184,
frame_ms,0.2154,
frame_ms,0.2115,
frame_ms,0.2121,
frame_ms,0.4214,
frame_ms,0.3727,
frame_ms,0.3414,
frame_ms,0.3364,
frame_ms,0.3945,
frame_ms,0.351,
frame_ms,0.3332,
frame_ms,0.6045,
frame_ms,0.2671,
frame_ms,0.2193,
frame_ms,0.2189,
frame_ms,0.2086,
frame_ms,0.2209,
frame_ms,0.2673,
frame_ms,0.24,
frame_ms,0.2124,
tick_us,349.9,50
frame_ms,0.8967,
frame_ms,0.2303,
frame_ms,0.2187,
frame_ms,0.2211,
frame_ms,0.2128,
frame_ms,0.2225,
frame_ms,0.2127,
frame_ms,0.278,
frame_ms,0.2292,
frame_ms,0.2165,
frame_ms,0.2235,
frame_ms,0.3175,
frame_ms,0.273,
frame_ms,0.232,
frame_ms,0.2252,
frame_ms,0.2187,
frame_ms,0.2866,
frame_ms,0.502,
frame_ms,0.2548,
frame_ms,0.2127,
frame_ms,0.2155,
frame_ms,0.2068,
frame_ms,0.2407,
frame_ms,0.2254,
frame_ms,0.2122,
tick_us,337.1,52
frame_ms,0.9307,
frame_ms,0.2429,
frame_ms,0.2109,
frame_ms,0.2153,
frame_ms,0.2156,
frame_ms,0.2275,
frame_ms,0.4001,
frame_ms,0.3119,
frame_ms,0.2342,
frame_ms,0.2292,
frame_ms,0.2256,
frame_ms,0.2202,
frame_ms,0.2158,
frame_ms,0.2437,
frame_ms,0.2325,
frame_ms,0.2181,
frame_ms,0.2623,
frame_ms,0.2622,
frame_ms,0.2718,
frame_ms,0.2337,
frame_ms,0.2175,
frame_ms,0.2121,
frame_ms,0.2248,
frame_ms,0.2169,
frame_ms,0.2109,
frame_ms,0.2567,
tick_us,334.8,50
frame_ms,0.9043,
frame_ms,0.2332,
frame_ms,0.2102,
frame_ms,0.2119,
frame_ms,0.2178,
frame_ms,0.225,
frame_ms,0.2157,
frame_ms,0.2634,
frame_ms,0.6584,
frame_ms,0.2148,
frame_ms,0.2101,
frame_ms,0.2115,
frame_ms,0.2292,
frame_ms,0.2168,
frame_ms,0.2713,
frame_ms,0.2244,
frame_ms,0.2135,
frame_ms,0.2231,
frame_ms,0.2398,
frame_ms,0.2277,
frame_ms,0.2083,
frame_ms,0.2467,
frame_ms,0.2233,
frame_ms,0.2101,
frame_ms,0.2462,
frame_ms,0.2251,
tick_us,316.4,50
frame_ms,0.8557,
frame_ms,0.2247,
frame_ms,0.2062,
frame_ms,0.2176,
frame_ms,0.2098,
frame_ms,0.2362,
frame_ms,0.2245,
frame_ms,0.2136,
frame_ms,0.2446,
frame_ms,0.2259,
frame_ms,0.2097,
frame_ms,0.2446,
frame_ms,0.2269,
frame_ms,0.2166,
frame_ms,0.799,
frame_ms,0.2373,
frame_ms,0.212,
frame_ms,0.2096,
frame_ms,0.3965,
frame_ms,0.2778,
frame_ms,0.2257,
frame_ms,0.2118,
frame_ms,0.2055,
frame_ms,0.2383,
frame_ms,0.2468,
tick_us,321.7,50
frame_ms,0.872,
frame_ms,0.2314,
frame_ms,0.2063,
frame_ms,0.2146,
frame_ms,0.2195,
frame_ms,0.2343,
frame_ms,0.2128,
frame_ms,0.2059,
frame_ms,0.2558,
frame_ms,0.2237,
frame_ms,0.2116,
frame_ms,0.2197,
frame_ms,0.258,
frame_ms,0.2213,
frame_ms,0.2087,
frame_ms,0.2436,
frame_ms,0.2261,
frame_ms,0.2159,
frame_ms,0.2401,
frame_ms,0.2144,
frame_ms,0.2064,
frame_ms,0.3938,
frame_ms,0.3619,
frame_ms,0.3403,
frame_ms,0.3353,
tick_us,372.5,48
frame_ms,1.0461,
frame_ms,0.2427,
frame_ms,0.211,
frame_ms,0.2158,
frame_ms,0.2099,
frame_ms,0.2339,
frame_ms,0.2252,
frame_ms,0.2082,
frame_ms,0.2476,
frame_ms,0.2253,
frame_ms,0.2103,
frame_ms,0.2436,
frame_ms,0.2249,
frame_ms,0.2115,
frame_ms,0.2289,
frame_ms,0.2191,
frame_ms,0.2074,
frame_ms,0.2436,
frame_ms,0.2237,
frame_ms,0.2048,
frame_ms,0.2408,
frame_ms,0.2215,
frame_ms,0.2282,
frame_ms,0.7921,
frame_ms,0.3831,
tick_us,325.9,44
frame_ms,0.9164,
frame_ms,0.2378,
frame_ms,0.2221,
frame_ms,0.235,
frame_ms,0.2248,
frame_ms,0.2146,
frame_ms,0.2251,
frame_ms,0.2126,
frame_ms,0.2802,
frame_ms,0.2594,
frame_ms,0.2235,
frame_ms,0.214,
frame_ms,0.2618,
frame_ms,0.2252,
frame_ms,0.2134,
frame_ms,0.2432,
frame_ms,0.2234,
frame_ms,0.209,
frame_ms,0.2489,
frame_ms,0.2214,
frame_ms,0.2103,
frame_ms,0.2527,
frame_ms,0.2573,
frame_ms,0.4134,
frame_ms,0.2201,
frame_ms,0.2161,
tick_us,331.5,42
frame_ms,0.8927,
frame_ms,0.2419,
frame_ms,0.2143,
frame_ms,0.2183,
frame_ms,0.214,
frame_ms,0.2101,
frame_ms,0.2452,
frame_ms,0.2238,
frame_ms,0.2122,
frame_ms,0.2186,
frame_ms,0.2438,
frame_ms,0.2248,
frame_ms,0.2123,
frame_ms,0.251,
frame_ms,0.2375,
frame_ms,0.2105,
frame_ms,0.2629,
frame_ms,0.2233,
frame_ms,0.2138,
frame_ms,0.2459,
frame_ms,0.2273,
frame_ms,0.2081,
frame_ms,0.245,
frame_ms,0.2219,
frame_ms,0.2753,
frame_ms,0.298,
frame_ms,0.2238,
tick_us,304.1,44
frame_ms,0.8704,
frame_ms,0.7087,
frame_ms,0.3822,
frame_ms,0.2512,
frame_ms,0.2185,
frame_ms,0.2162,
frame_ms,0.2077,
frame_ms,0.2073,
frame_ms,0.2499,
frame_ms,0.2205,
frame_ms,0.2081,
frame_ms,0.2457,
frame_ms,0.2217,
frame_ms,0.2117,
frame_ms,0.2512,
frame_ms,0.2226,
frame_ms,0.2123,
frame_ms,0.2515,
frame_ms,0.2212,
frame_ms,0.2101,
frame_ms,0.2573,
frame_ms,0.2217,
frame_ms,0.2077,
frame_ms,0.5321,
tick_us,324.3,38
frame_ms,1.0533,
frame_ms,0.2619,
frame_ms,0.2237,
frame_ms,0.2204,
frame_ms,0.2122,
frame_ms,0.2177,
frame_ms,0.2605,
frame_ms,0.3492,
frame_ms,0.3899,
frame_ms,0.3886,
frame_ms,0.3606,
frame_ms,0.3485,
frame_ms,0.3614,
frame_ms,0.3562,
frame_ms,0.2524,
frame_ms,0.2191,
frame_ms,0.219,
frame_ms,0.2196,
frame_ms,0.2093,
frame_ms,0.2406,
frame_ms,0.2247,
frame_ms,0.4539,
tick_us,384.7,38
frame_ms,1.096,
frame_ms,0.2517,
frame_ms,0.2163,
frame_ms,0.217,
frame_ms,0.2116,
frame_ms,0.2107,
frame_ms,0.2673,
frame_ms,0.2257,
frame_ms,0.408,
frame_ms,0.2467,
frame_ms,0.2195,
frame_ms,0.2169,
frame_ms,0.2094,
frame_ms,0.225,
frame_ms,0.21,
frame_ms,0.2013,
frame_ms,0.3154,
frame_ms,0.2747,
frame_ms,0.2313,
frame_ms,0.2239,
frame_ms,0.2245,
frame_ms,0.2175,
frame_ms,0.2332,
frame_ms,0.2236,
frame_ms,0.2981,
tick_us,330.6,38
frame_ms,0.9333,
frame_ms,0.2331,
frame_ms,0.2127,
frame_ms,0.2236,
frame_ms,0.2156,
frame_ms,0.2103,
frame_ms,0.2101,
frame_ms,0.2418,
frame_ms,0.2273,
frame_ms,0.2089,
frame_ms,0.2259,
frame_ms,0.243,
frame_ms,0.2272,
frame_ms,0.2099,
frame_ms,0.259,
frame_ms,0.2213,
frame_ms,0.2112,
frame_ms,0.2185,
frame_ms,0.2457,
frame_ms,0.2221,
frame_ms,0.2109,
frame_ms,0.2186,
frame_ms,0.2452,
frame_ms,0.2208,
frame_ms,0.2141,
frame_ms,0.2216,
frame_ms,0.2262,
frame_ms,0.2081,
tick_us,319.5,40
frame_ms,0.9135,
frame_ms,0.2344,
frame_ms,0.2068,
frame_ms,0.212,
frame_ms,0.2036,
frame_ms,0.2133,
frame_ms,0.2417,
frame_ms,0.2716,
frame_ms,0.2717,
frame_ms,0.2329,
frame_ms,0.2413,
frame_ms,0.2476,
frame_ms,0.2274,
frame_ms,0.2223,
frame_ms,0.212,
frame_ms,0.2661,
frame_ms,0.5273,
frame_ms,0.3485,
frame_ms,0.2392,
frame_ms,0.216,
frame_ms,0.2217,
frame_ms,0.218,
frame_ms,0.2134,
frame_ms,0.2113,
frame_ms,0.2426,
tick_us,322.1,40
frame_ms,0.876,
frame_ms,0.2316,
frame_ms,0.2118,
frame_ms,0.2134,
frame_ms,0.2079,
frame_ms,0.2149,
frame_ms,0.2461,
frame_ms,0.223,
frame_ms,0.2108,
frame_ms,0.2732,
frame_ms,0.2197,
frame_ms,0.21,
frame_ms,0.246,
frame_ms,0.2201,
frame_ms,0.2117,
frame_ms,0.2527,
frame_ms,0.2168,
frame_ms,0.2082,
frame_ms,0.2627,
frame_ms,0.2177,
frame_ms,0.2073,
frame_ms,0.2506,
frame_ms,0.2174,
frame_ms,0.2049,
frame_ms,0.2405,
frame_ms,0.2457,
frame_ms,0.2112,
frame_ms,0.204,
tick_us,329.7,40
frame_ms,0.9214,
frame_ms,0.2453,
frame_ms,0.3264,
frame_ms,0.213,
frame_ms,0.2174,
frame_ms,0.2248,
frame_ms,0.229,
frame_ms,0.3863,
frame_ms,0.2338,
frame_ms,0.2154,
frame_ms,0.2052,
frame_ms,0.2125,
frame_ms,0.2613,
frame_ms,0.2315,
frame_ms,0.2124,
frame_ms,0.2502,
frame_ms,0.2164,
frame_ms,0.2078,
frame_ms,0.2098,
frame_ms,0.2611,
frame_ms,0.2262,
frame_ms,0.2117,
frame_ms,0.2163,
frame_ms,0.2439,
frame_ms,0.2299,
tick_us,336.4,40
frame_ms,1.2051,
frame_ms,0.3324,
frame_ms,0.2386,
frame_ms,0.2139,
frame_ms,0.2275,
frame_ms,0.217,
frame_ms,0.2112,
frame_ms,0.2472,
frame_ms,0.2164,
frame_ms,0.2099,
frame_ms,0.2452,
frame_ms,0.2259,
frame_ms,0.2176,
frame_ms,0.2631,
frame_ms,0.2218,
frame_ms,0.2086,
frame_ms,0.2442,
frame_ms,0.2213,
frame_ms,0.2077,
frame_ms,0.2481,
frame_ms,0.2617,
frame_ms,0.2621,
frame_ms,0.2289,
frame_ms,0.2329,
frame_ms,0.2233,
frame_ms,0.2179,
frame_ms,0.2198,
tick_us,413.8,42
frame_ms,1.1652,
frame_ms,0.257,
frame_ms,0.2134,
frame_ms,0.2159,
frame_ms,0.2123,
frame_ms,0.209,
frame_ms,0.2689,
frame_ms,0.2275,
frame_ms,0.2084,
frame_ms,0.2256,
frame_ms,0.2515,
frame_ms,0.2214,
frame_ms,0.2118,
frame_ms,0.2902,
frame_ms,0.218,
frame_ms,0.2055,
frame_ms,0.2407,
frame_ms,0.2264,
frame_ms,0.2109,
frame_ms,0.2598,
frame_ms,0.2152,
frame_ms,0.2065,
frame_ms,0.2469,
frame_ms,0.2191,
frame_ms,0.2094,
frame_ms,0.2571,
tick_us,306.6,42
frame_ms,0.8565,
frame_ms,0.2254,
frame_ms,0.2057,
frame_ms,0.212,
frame_ms,0.4229,
frame_ms,0.3417,
frame_ms,0.2546,
frame_ms,0.2148,
frame_ms,0.2209,
frame_ms,0.2139,
frame_ms,0.2194,
frame_ms,0.2085,
frame_ms,0.2817,
frame_ms,0.2238,
frame_ms,0.2108,
frame_ms,0.2528,
frame_ms,0.2239,
frame_ms,0.2129,
frame_ms,0.2498,
frame_ms,0.2249,
frame_ms,0.2119,
frame_ms,0.252,
frame_ms,0.2245,
frame_ms,0.2157,
frame_ms,0.2566,
frame_ms,0.2802,
tick_us,339.9,46
frame_ms,0.9264,
frame_ms,0.2516,
frame_ms,0.2529,
frame_ms,0.3188,
frame_ms,0.245,
frame_ms,0.2128,
frame_ms,0.2105,
frame_ms,0.2086,
frame_ms,0.2431,
frame_ms,0.2262,
frame_ms,0.2084,
frame_ms,0.2196,
frame_ms,0.2515,
frame_ms,0.2386,
frame_ms,0.2114,
frame_ms,0.2402,
frame_ms,0.2218,
frame_ms,0.2101,
frame_ms,0.2383,
frame_ms,0.2175,
frame_ms,0.2086,
frame_ms,0.2435,
frame_ms,0.2228,
frame_ms,0.2126,
frame_ms,0.2479,
frame_ms,0.2261,
frame_ms,0.21,
tick_us,367.5,50
frame_ms,1.1087,
frame_ms,0.239,
frame_ms,0.2107,
frame_ms,0.2101,
frame_ms,0.2116,
frame_ms,0.4374,
frame_ms,0.3612,
frame_ms,0.3415,
frame_ms,0.3405,
frame_ms,0.4207,
frame_ms,0.3257,
frame_ms,0.3216,
frame_ms,0.3195,
frame_ms,0.3647,
frame_ms,0.3912,
frame_ms,0.3241,
frame_ms,0.4026,
frame_ms,0.3335,
frame_ms,0.3308,
tick_us,312.2,46
frame_ms,0.9227,
frame_ms,0.2386,
frame_ms,0.2117,
frame_ms,0.2169,
frame_ms,0.217,
frame_ms,0.2586,
frame_ms,0.3011,
frame_ms,0.2575,
frame_ms,0.2434,
frame_ms,0.2593,
frame_ms,0.2464,
frame_ms,0.2546,
frame_ms,0.2922,
frame_ms,0.2398,
frame_ms,0.2193,
frame_ms,0.2113,
frame_ms,0.2138,
frame_ms,0.2434,
frame_ms,0.2273,
frame_ms,0.2141,
frame_ms,0.2541,
frame_ms,0.222,
frame_ms,0.2118,
frame_ms,0.2615,
frame_ms,0.2297,
frame_ms,0.2214,
tick_us,323.3,44
frame_ms,0.9073,
frame_ms,0.2373,
frame_ms,0.2088,
frame_ms,0.2109,
frame_ms,0.2082,
frame_ms,0.2185,
frame_ms,0.2589,
frame_ms,0.2479,
frame_ms,0.2172,
frame_ms,0.2519,
frame_ms,0.2198,
frame_ms,0.2317,
frame_ms,0.2513,
frame_ms,0.2336,
frame_ms,0.2112,
frame_ms,0.2435,
frame_ms,0.22,
frame_ms,0.2319,
frame_ms,0.242,
frame_ms,0.4843,
frame_ms,0.2728,
frame_ms,0.2363,
frame_ms,0.2166,
frame_ms,0.2221,
frame_ms,0.2196,
frame_ms,0.2174,
frame_ms,0.2478,
tick_us,304.9,44
frame_ms,0.885,
frame_ms,0.238,
frame_ms,0.2601,
frame_ms,0.2271,
frame_ms,0.2178,
frame_ms,0.2167,
frame_ms,0.207,
frame_ms,0.2431,
frame_ms,0.3445,
frame_ms,0.4315,
frame_ms,0.3419,
frame_ms,0.3548,
frame_ms,0.2582,
frame_ms,0.2159,
frame_ms,0.2188,
frame_ms,0.2193,
frame_ms,0.2122,
frame_ms,0.2089,
frame_ms,0.2431,
frame_ms,0.2378,
frame_ms,0.2082,
frame_ms,0.2462,
frame_ms,0.2235,
frame_ms,0.2116,
frame_ms,0.2471,
tick_us,333,42
frame_ms,0.916,
frame_ms,0.2327,
frame_ms,0.2087,
frame_ms,0.2095,
frame_ms,0.2144,
frame_ms,0.2684,
frame_ms,0.3728,
frame_ms,0.2974,
frame_ms,0.2813,
frame_ms,0.3562,
frame_ms,0.2426,
frame_ms,0.2176,
frame_ms,0.2216,
frame_ms,0.223,
frame_ms,0.214,
frame_ms,0.2217,
frame_ms,0.231,
frame_ms,0.2254,
frame_ms,0.2146,
frame_ms,0.2619,
frame_ms,0.2547,
frame_ms,0.2225,
frame_ms,0.2138,
frame_ms,0.2395,
frame_ms,0.2271,
tick_us,328.5,40
frame_ms,0.8873,
frame_ms,0.2293,
frame_ms,0.2118,
frame_ms,0.2249,
frame_ms,0.2183,
frame_ms,0.215,
frame_ms,0.2128,
frame_ms,0.4177,
frame_ms,0.239,
frame_ms,0.2145,
frame_ms,0.2298,
frame_ms,0.2266,
frame_ms,0.2914,
frame_ms,0.8481,
frame_ms,0.2782,
frame_ms,0.228,
frame_ms,0.219,
frame_ms,0.2207,
frame_ms,0.2137,
frame_ms,0.2391,
frame_ms,0.256,
frame_ms,0.2251,
frame_ms,0.2096,
frame_ms,0.2269,
tick_us,323.1,46
frame_ms,0.8936,
frame_ms,0.2318,
frame_ms,0.2192,
frame_ms,0.2172,
frame_ms,0.207,
frame_ms,0.2359,
frame_ms,0.2198,
frame_ms,0.211,
frame_ms,0.288,
frame_ms,0.229,
frame_ms,0.2371,
frame_ms,0.256,
frame_ms,0.2267,
frame_ms,0.2095,
frame_ms,0.3227,
frame_ms,0.2637,
frame_ms,0.2575,
frame_ms,0.3494,
frame_ms,0.3708,
frame_ms,0.3435,
frame_ms,0.3357,
frame_ms,0.2956,
frame_ms,0.2786,
frame_ms,0.2872,
tick_us,324.1,48
frame_ms,1.2303,
frame_ms,0.2819,
frame_ms,0.4479,
frame_ms,0.22,
frame_ms,0.2634,
frame_ms,0.276,
frame_ms,0.2487,
frame_ms,0.2461,
frame_ms,0.2487,
frame_ms,0.2498,
frame_ms,0.2424,
frame_ms,0.2907,
frame_ms,0.2511,
frame_ms,0.2281,
frame_ms,0.2256,
frame_ms,0.2209,
frame_ms,0.2131,
frame_ms,0.3044,
frame_ms,0.2353,
frame_ms,0.2163,
frame_ms,0.2629,
frame_ms,0.2327,
frame_ms,0.215,
tick_us,329.6,50
frame_ms,0.9228,
frame_ms,0.2863,
frame_ms,0.2246,
frame_ms,0.2298,
frame_ms,0.2158,
frame_ms,0.2278,
frame_ms,0.2313,
frame_ms,0.2147,
frame_ms,0.2591,
frame_ms,0.2257,
frame_ms,0.2148,
frame_ms,0.2733,
frame_ms,0.2257,
frame_ms,0.2706,
frame_ms,0.2699,
frame_ms,0.2306,
frame_ms,0.2199,
frame_ms,0.2612,
frame_ms,0.2602,
frame_ms,0.2307,
frame_ms,0.2217,
frame_ms,0.212,
frame_ms,0.2115,
frame_ms,0.4524,
frame_ms,0.5835,
tick_us,389,48
frame_ms,1.1246,
frame_ms,0.3763,
frame_ms,0.3747,
frame_ms,0.2721,
frame_ms,0.2394,
frame_ms,0.2168,
frame_ms,0.2338,
frame_ms,0.2271,
frame_ms,0.2193,
frame_ms,0.2163,
frame_ms,0.2442,
frame_ms,1.5007,
frame_ms,0.6593,
frame_ms,0.3675,
frame_ms,0.2743,
frame_ms,0.2365,
tick_us,336.9,40
frame_ms,0.8984,
frame_ms,0.2848,
frame_ms,0.2587,
frame_ms,0.2187,
frame_ms,0.223,
frame_ms,0.218,
frame_ms,0.2205,
frame_ms,0.2155,
frame_ms,0.279,
frame_ms,0.2286,
frame_ms,0.2137,
frame_ms,0.2323,
frame_ms,0.2621,
frame_ms,0.2295,
frame_ms,0.3097,
frame_ms,0.229,
frame_ms,0.2266,
frame_ms,0.3322,
frame_ms,0.3938,
frame_ms,0.3546,
frame_ms,0.4856,
frame_ms,0.2584,
frame_ms,0.2228,
frame_ms,0.2253,
tick_us,362.5,42
frame_ms,0.9565,
frame_ms,0.4527,
frame_ms,0.4179,
frame_ms,0.3542,
frame_ms,0.2536,
frame_ms,0.2187,
frame_ms,0.2191,
frame_ms,0.2213,
frame_ms,0.2199,
frame_ms,0.2309,
frame_ms,0.2364,
frame_ms,0.2841,
frame_ms,0.2481,
frame_ms,0.2302,
frame_ms,0.2304,
frame_ms,0.4741,
frame_ms,0.3472,
frame_ms,0.5519,
frame_ms,0.2735,
frame_ms,0.2345,
frame_ms,0.2342,
tick_us,360.2,42
frame_ms,0.9747,
frame_ms,0.3033,
frame_ms,0.3151,
frame_ms,0.3337,
frame_ms,0.2449,
frame_ms,0.2248,
frame_ms,0.2267,
frame_ms,0.2248,
frame_ms,0.2176,
frame_ms,0.9847,
frame_ms,0.2266,
frame_ms,0.2158,
frame_ms,0.3661,
frame_ms,0.3836,
frame_ms,0.3533,
frame_ms,0.3406,
frame_ms,0.6747,
tick_us,400.4,46
frame_ms,1.2926,
frame_ms,0.3025,
frame_ms,0.2409,
frame_ms,0.2177,
frame_ms,0.5921,
frame_ms,0.2585,
frame_ms,0.2252,
frame_ms,0.2158,
frame_ms,0.2135,
frame_ms,0.2425,
frame_ms,0.2213,
frame_ms,0.2122,
frame_ms,0.2286,
frame_ms,0.2394,
frame_ms,0.2274,
frame_ms,0.2163,
frame_ms,0.2639,
frame_ms,0.3155,
frame_ms,0.2299,
frame_ms,0.2187,
frame_ms,0.2186,
frame_ms,0.2294,
frame_ms,0.2768,
frame_ms,0.2463,
frame_ms,0.2322,
tick_us,341.8,52
frame_ms,1.0564,
frame_ms,0.2745,
frame_ms,0.2188,
frame_ms,0.2155,
frame_ms,0.218,
frame_ms,0.2096,
frame_ms,0.2383,
frame_ms,0.2269,
frame_ms,0.2108,
frame_ms,0.2471,
frame_ms,0.2259,
frame_ms,0.2147,
frame_ms,0.2355,
frame_ms,0.2174,
frame_ms,0.2071,
frame_ms,0.2348,
frame_ms,0.2269,
frame_ms,0.2157,
frame_ms,0.2787,
frame_ms,0.2961,
frame_ms,0.2292,
frame_ms,0.2243,
frame_ms,0.2165,
frame_ms,0.2297,
frame_ms,0.2694,
frame_ms,0.2312,
tick_us,326.1,52
frame_ms,0.905,
frame_ms,0.239,
frame_ms,0.2307,
frame_ms,0.218,
frame_ms,0.218,
frame_ms,0.2133,
frame_ms,0.2645,
frame_ms,0.2237,
frame_ms,0.2402,
frame_ms,0.2143,
frame_ms,0.2443,
frame_ms,0.2299,
frame_ms,0.2303,
frame_ms,0.9938,
frame_ms,0.2255,
frame_ms,0.222,
frame_ms,0.219,
frame_ms,0.2844,
frame_ms,0.2653,
frame_ms,0.2278,
frame_ms,0.2188,
frame_ms,0.2111,
frame_ms,0.3425,
tick_us,316.9,52
frame_ms,0.9202,
frame_ms,0.2492,
frame_ms,0.2188,
frame_ms,0.221,
frame_ms,0.2305,
frame_ms,0.2178,
frame_ms,0.217,
frame_ms,0.2556,
frame_ms,0.2327,
frame_ms,0.2163,
frame_ms,0.4267,
frame_ms,0.2785,
frame_ms,0.2647,
frame_ms,0.2173,
frame_ms,0.2204,
frame_ms,0.2218,
frame_ms,0.2132,
frame_ms,0.2154,
frame_ms,0.2494,
frame_ms,0.233,
frame_ms,0.2139,
frame_ms,0.2465,
frame_ms,0.2332,
frame_ms,0.2363,
frame_ms,0.2154,
frame_ms,0.267,
tick_us,327.4,52
frame_ms,0.898,
frame_ms,0.2376,
frame_ms,0.2148,
frame_ms,0.2182,
frame_ms,0.2259,
frame_ms,0.2187,
frame_ms,0.2325,
frame_ms,0.2436,
frame_ms,0.2293,
frame_ms,0.218,
frame_ms,0.2327,
frame_ms,0.2693,
frame_ms,0.2475,
frame_ms,0.2166,
frame_ms,0.2506,
frame_ms,0.2555,
frame_ms,0.2172,
frame_ms,0.228,
frame_ms,0.2189,
frame_ms,0.2488,
frame_ms,0.2221,
frame_ms,0.2127,
frame_ms,0.3609,
frame_ms,0.2319,
frame_ms,0.2194,
frame_ms,0.2129,
frame_ms,0.219,
tick_us,319.5,50
frame_ms,0.9108,
frame_ms,0.2512,
frame_ms,0.2212,
frame_ms,0.2169,
frame_ms,0.2172,
frame_ms,0.2202,
frame_ms,0.259,
frame_ms,0.2352,
frame_ms,0.2076,
frame_ms,0.2344,
frame_ms,0.2108,
frame_ms,0.2116,
frame_ms,0.2529,
frame_ms,0.2486,
frame_ms,0.2168,
frame_ms,0.2315,
frame_ms,0.2399,
frame_ms,0.224,
frame_ms,0.5066,
frame_ms,0.3366,
frame_ms,0.2609,
frame_ms,0.3305,
frame_ms,0.3919,
frame_ms,0.3244,
tick_us,353.1,48
frame_ms,0.9936,
frame_ms,0.2432,
frame_ms,0.2145,
frame_ms,0.233,
frame_ms,0.2222,
frame_ms,0.2214,
frame_ms,0.2159,
frame_ms,0.2566,
frame_ms,0.2342,
frame_ms,0.2178,
frame_ms,0.2355,
frame_ms,0.2228,
frame_ms,0.2278,
frame_ms,0.2247,
frame_ms,0.2348,
frame_ms,0.227,
frame_ms,0.2315,
frame_ms,0.2237,
frame_ms,0.2253,
frame_ms,0.2097,
frame_ms,0.2603,
frame_ms,0.2265,
frame_ms,0.2171,
frame_ms,0.2759,
frame_ms,0.3562,
frame_ms,0.3259,
tick_us,346.4,52
frame_ms,0.9605,
frame_ms,0.272,
frame_ms,0.305,
frame_ms,0.2686,
frame_ms,0.2293,
frame_ms,0.2324,
frame_ms,0.2329,
frame_ms,0.2187,
frame_ms,0.2394,
frame_ms,0.3325,
frame_ms,0.2759,
frame_ms,0.2352,
frame_ms,0.2351,
frame_ms,0.2317,
frame_ms,0.231,
frame_ms,0.2277,
frame_ms,0.2364,
frame_ms,0.2215,
frame_ms,0.4593,
frame_ms,0.2224,
frame_ms,0.6639,
frame_ms,0.4615,
tick_us,372.1,46
frame_ms,1.0135,
frame_ms,0.2569,
frame_ms,0.3065,
frame_ms,0.3936,
frame_ms,0.3661,
frame_ms,0.3658,
frame_ms,0.2538,
frame_ms,0.2161,
frame_ms,0.223,
frame_ms,0.2235,
frame_ms,0.2138,
frame_ms,0.2267,
frame_ms,0.2717,
frame_ms,0.2915,
frame_ms,0.2445,
frame_ms,0.2351,
frame_ms,0.2345,
frame_ms,0.2329,
frame_ms,0.2321,
frame_ms,0.2397,
frame_ms,0.2727,
frame_ms,0.2383,
frame_ms,0.2548,
tick_us,382.5,52
frame_ms,1.182,
frame_ms,0.3443,
frame_ms,0.3701,
frame_ms,0.3988,
frame_ms,0.3527,
frame_ms,0.3356,
frame_ms,0.2591,
frame_ms,0.2269,
frame_ms,0.2369,
frame_ms,0.2265,
frame_ms,0.2228,
frame_ms,0.2406,
frame_ms,0.2412,
frame_ms,0.2374,
frame_ms,0.243,
frame_ms,0.2338,
frame_ms,0.2164,
frame_ms,0.2699,
frame_ms,0.2406,
frame_ms,0.222,
frame_ms,0.2209,
frame_ms,0.2676,
frame_ms,0.2381,
tick_us,373.3,48
frame_ms,0.9591,
frame_ms,0.4507,
frame_ms,0.4175,
frame_ms,0.5197,
frame_ms,0.3,
frame_ms,0.2463,
frame_ms,0.2272,
frame_ms,0.2271,
frame_ms,0.229,
frame_ms,0.2223,
frame_ms,0.305,
frame_ms,0.2414,
frame_ms,0.2351,
frame_ms,0.2273,
frame_ms,0.2191,
frame_ms,0.2536,
frame_ms,0.5806,
frame_ms,0.5304,
frame_ms,0.3554,
tick_us,390.2,50
frame_ms,1.1676,
frame_ms,0.3681,
frame_ms,0.3629,
frame_ms,0.3588,
frame_ms,0.3468,
frame_ms,0.3424,
frame_ms,0.6237,
frame_ms,0.493,
frame_ms,0.6498,
frame_ms,0.453,
frame_ms,0.2559,
frame_ms,0.2454,
frame_ms,0.2381,
frame_ms,0.2365,
frame_ms,0.2282,
frame_ms,0.2304,
frame_ms,0.2419,
frame_ms,0.2586,
tick_us,397.1,54
frame_ms,1.0718,
frame_ms,0.2935,
frame_ms,0.2331,
frame_ms,0.3909,
frame_ms,0.2857,
frame_ms,0.2923,
frame_ms,0.2353,
frame_ms,0.3893,
frame_ms,0.3048,
frame_ms,0.2549,
frame_ms,0.2341,
frame_ms,0.2289,
frame_ms,0.2307,
frame_ms,0.2232,
frame_ms,0.2318,
frame_ms,0.2297,
frame_ms,0.2419,
frame_ms,0.2226,
frame_ms,0.2327,
frame_ms,0.2276,
tick_us,359.2,48
frame_ms,1.7787,
frame_ms,0.2573,
frame_ms,0.2294,
frame_ms,0.2217,
frame_ms,0.2375,
frame_ms,0.2267,
frame_ms,0.216,
frame_ms,0.2318,
frame_ms,0.218,
frame_ms,0.2861,
frame_ms,0.2831,
frame_ms,0.2728,
frame_ms,0.23,
frame_ms,0.2256,
frame_ms,0.2187,
frame_ms,0.2328,
frame_ms,0.2195,
frame_ms,0.213,
frame_ms,0.2801,
frame_ms,0.2801,
frame_ms,0.2332,
frame_ms,0.2291,
frame_ms,0.2294,
frame_ms,0.2208,
frame_ms,0.2207,
frame_ms,0.238,
tick_us,403.3,50
frame_ms,1.1417,
frame_ms,0.4097,
frame_ms,0.3567,
frame_ms,0.3423,
frame_ms,0.3476,
frame_ms,0.338,
frame_ms,0.3321,
frame_ms,0.3327,
frame_ms,0.2638,
frame_ms,0.2203,
frame_ms,0.2202,
frame_ms,0.2135,
frame_ms,0.2692,
frame_ms,0.2563,
frame_ms,0.2277,
frame_ms,0.2223,
frame_ms,0.27,
frame_ms,0.2358,
frame_ms,0.2209,
frame_ms,0.2118,
frame_ms,0.2127,
frame_ms,0.215,
frame_ms,0.2714,
tick_us,338.3,52
frame_ms,0.9749,
frame_ms,0.2715,
frame_ms,0.2827,
frame_ms,0.2305,
frame_ms,0.2182,
frame_ms,0.2177,
frame_ms,0.2164,
frame_ms,0.2599,
frame_ms,0.2708,
frame_ms,0.2459,
frame_ms,0.2307,
frame_ms,0.225,
frame_ms,0.2187,
frame_ms,0.2411,
frame_ms,0.2205,
frame_ms,0.2372,
frame_ms,0.2255,
frame_ms,0.2789,
frame_ms,0.2695,
frame_ms,0.2367,
frame_ms,0.2264,
frame_ms,0.2158,
frame_ms,0.2686,
frame_ms,0.4075,
tick_us,354,48
frame_ms,1.0139,
frame_ms,0.5618,
frame_ms,0.3909,
frame_ms,0.2547,
frame_ms,0.2608,
frame_ms,0.5111,
frame_ms,0.36,
frame_ms,0.355,
frame_ms,0.2507,
frame_ms,0.2193,
frame_ms,0.2238,
frame_ms,0.2287,
frame_ms,0.2557,
frame_ms,0.2313,
frame_ms,0.2165,
frame_ms,0.2713,
frame_ms,0.2292,
frame_ms,0.2194,
frame_ms,0.214,
frame_ms,0.2127,
frame_ms,0.301,
frame_ms,0.2901,
tick_us,383.4,50
frame_ms,1.0083,
frame_ms,0.2603,
frame_ms,0.3193,
frame_ms,0.2473,
frame_ms,0.2475,
frame_ms,0.2333,
frame_ms,0.236,
frame_ms,0.2226,
frame_ms,0.2147,
frame_ms,0.2326,
frame_ms,0.2275,
frame_ms,0.2763,
frame_ms,0.2324,
frame_ms,0.2176,
frame_ms,0.2608,
frame_ms,0.2306,
frame_ms,0.2195,
frame_ms,0.2234,
frame_ms,0.3039,
frame_ms,0.289,
frame_ms,0.2643,
frame_ms,0.3182,
frame_ms,0.231,
frame_ms,0.228,
frame_ms,0.2254,
tick_us,361.4,48
frame_ms,0.9433,
frame_ms,0.2391,
frame_ms,0.2202,
frame_ms,0.2233,
frame_ms,0.2273,
frame_ms,0.2535,
frame_ms,0.235,
frame_ms,0.2207,
frame_ms,0.2702,
frame_ms,0.2875,
frame_ms,0.2828,
frame_ms,0.3479,
frame_ms,0.2432,
frame_ms,0.2254,
frame_ms,0.2237,
frame_ms,0.2201,
frame_ms,0.223,
frame_ms,0.2546,
frame_ms,0.4536,
frame_ms,0.3567,
frame_ms,0.3905,
frame_ms,0.3325,
frame_ms,0.2544,
tick_us,340,46
frame_ms,0.947,
frame_ms,0.2688,
frame_ms,0.2376,
frame_ms,0.8612,
frame_ms,0.4746,
frame_ms,0.2647,
frame_ms,0.2468,
frame_ms,0.2235,
frame_ms,0.2344,
frame_ms,0.24,
frame_ms,0.2579,
frame_ms,0.4938,
frame_ms,0.2605,
frame_ms,0.2252,
frame_ms,0.2295,
frame_ms,0.239,
frame_ms,0.2287,
frame_ms,0.2294,
frame_ms,0.2427,
frame_ms,0.27,
frame_ms,0.234,
tick_us,378.3,42
frame_ms,0.9716,
frame_ms,0.2808,
frame_ms,0.2508,
frame_ms,0.2525,
frame_ms,0.2471,
frame_ms,0.2618,
frame_ms,0.2553,
frame_ms,0.2654,
frame_ms,0.3423,
frame_ms,0.3407,
frame_ms,0.262,
frame_ms,0.3372,
frame_ms,0.2728,
frame_ms,0.2628,
frame_ms,0.2448,
frame_ms,0.2476,
frame_ms,0.2512,
frame_ms,0.2636,
frame_ms,0.5077,
frame_ms,0.351,
frame_ms,0.2784,
frame_ms,0.2562,
tick_us,364.6,46
frame_ms,1.0271,
frame_ms,1.4356,
frame_ms,0.5519,
frame_ms,0.4253,
frame_ms,0.3082,
frame_ms,0.2677,
frame_ms,0.2323,
frame_ms,0.2417,
frame_ms,0.2347,
frame_ms,0.2367,
frame_ms,0.2498,
frame_ms,0.238,
frame_ms,0.2335,
frame_ms,0.2321,
frame_ms,0.2295,
frame_ms,0.2777,
frame_ms,0.2441,
frame_ms,0.2276,
tick_us,380.7,48
frame_ms,0.9959,
frame_ms,0.2875,
frame_ms,0.2305,
frame_ms,0.2814,
frame_ms,0.2223,
frame_ms,0.2224,
frame_ms,0.2184,
frame_ms,0.2552,
frame_ms,0.2823,
frame_ms,0.3006,
frame_ms,0.2446,
frame_ms,0.4825,
frame_ms,0.3301,
frame_ms,0.2765,
frame_ms,0.2476,
frame_ms,0.2462,
frame_ms,0.245,
frame_ms,0.2431,
frame_ms,0.2486,
frame_ms,0.2351,
frame_ms,0.2334,
frame_ms,0.2319,
frame_ms,0.2326,
frame_ms,0.222,
tick_us,347.7,44
frame_ms,0.9275,
frame_ms,0.2546,
frame_ms,0.2414,
frame_ms,0.2302,
frame_ms,0.2377,
frame_ms,0.2398,
frame_ms,0.231,
frame_ms,0.2298,
frame_ms,0.2752,
frame_ms,0.3316,
frame_ms,0.2373,
frame_ms,0.2682,
frame_ms,0.3942,
frame_ms,0.3003,
frame_ms,0.2515,
frame_ms,0.2228,
frame_ms,0.2328,
frame_ms,0.2316,
frame_ms,0.2334,
frame_ms,0.2677,
frame_ms,0.2927,
frame_ms,0.2396,
frame_ms,0.2228,
frame_ms,0.2218,
tick_us,358.1,46
frame_ms,0.9551,
frame_ms,0.2805,
frame_ms,0.2304,
frame_ms,0.2798,
frame_ms,0.2675,
frame_ms,0.2279,
frame_ms,0.2262,
frame_ms,0.2389,
frame_ms,0.2236,
frame_ms,0.2197,
frame_ms,0.2707,
frame_ms,0.2369,
frame_ms,0.2255,
frame_ms,0.2875,
frame_ms,0.5144,
frame_ms,0.3667,
frame_ms,0.3614,
frame_ms,0.3521,
frame_ms,0.3383,
frame_ms,0.3855,
frame_ms,0.3468,
tick_us,402.4,50
frame_ms,1.2184,
frame_ms,0.4062,
frame_ms,0.2914,
frame_ms,0.2472,
frame_ms,0.2153,
frame_ms,0.2257,
frame_ms,0.2252,
frame_ms,0.2165,
frame_ms,0.214,
frame_ms,0.246,
frame_ms,0.241,
frame_ms,0.2185,
frame_ms,0.2434,
frame_ms,0.2746,
frame_ms,0.559,
frame_ms,0.36,
frame_ms,0.277,
frame_ms,0.2203,
frame_ms,0.2255,
frame_ms,0.4845,
frame_ms,0.268,
frame_ms,0.2335,
tick_us,362.1,54
frame_ms,0.9651,
frame_ms,0.2491,
frame_ms,0.2268,
frame_ms,0.2356,
frame_ms,0.2297,
frame_ms,0.2272,
frame_ms,1.1961,
frame_ms,0.2362,
frame_ms,0.2183,
frame_ms,0.2229,
frame_ms,0.5575,
frame_ms,0.4346,
frame_ms,0.3601,
frame_ms,0.3048,
frame_ms,0.2493,
frame_ms,0.2226,
frame_ms,0.2294,
frame_ms,0.262,
frame_ms,0.2272,
frame_ms,0.2219,
tick_us,365.7,56
frame_ms,0.9357,
frame_ms,0.2415,
frame_ms,0.2154,
frame_ms,0.2181,
frame_ms,0.2211,
frame_ms,0.2962,
frame_ms,0.2625,
frame_ms,1.1068,
frame_ms,0.2562,
frame_ms,0.324,
frame_ms,0.3578,
frame_ms,0.5891,
frame_ms,0.398,
frame_ms,0.2447,
frame_ms,0.2207,
frame_ms,0.2234,
frame_ms,0.2257,
frame_ms,0.2494,
frame_ms,0.2184,
tick_us,399.8,52
frame_ms,1.0118,
frame_ms,0.3874,
frame_ms,0.3176,
frame_ms,0.4569,
frame_ms,0.2469,
frame_ms,0.2205,
frame_ms,0.2276,
frame_ms,0.2267,
frame_ms,0.2181,
frame_ms,0.2135,
frame_ms,0.2681,
frame_ms,0.2367,
frame_ms,0.2216,
frame_ms,0.2195,
frame_ms,0.4179,
frame_ms,0.566,
frame_ms,0.438,
frame_ms,0.3602,
frame_ms,0.3529,
frame_ms,0.3759,
tick_us,434.3,48
frame_ms,1.1395,
frame_ms,0.3486,
frame_ms,0.3614,
frame_ms,0.3487,
frame_ms,0.3504,
frame_ms,0.3937,
frame_ms,0.3694,
frame_ms,0.3478,
frame_ms,0.3056,
frame_ms,0.2761,
frame_ms,0.3288,
frame_ms,0.343,
frame_ms,0.5304,
frame_ms,0.4043,
frame_ms,0.2552,
frame_ms,0.3044,
frame_ms,0.2652,
frame_ms,0.2267,
tick_us,345.6,46
frame_ms,0.9209,
frame_ms,0.2925,
frame_ms,0.2519,
frame_ms,0.2233,
frame_ms,0.2316,
frame_ms,0.2275,
frame_ms,0.2241,
frame_ms,0.2171,
frame_ms,0.2519,
frame_ms,0.2435,
frame_ms,0.2356,
frame_ms,0.2263,
frame_ms,0.2282,
frame_ms,0.3231,
frame_ms,0.2666,
frame_ms,0.2317,
frame_ms,0.2235,
frame_ms,0.2145,
frame_ms,0.3195,
frame_ms,0.4211,
frame_ms,0.2938,
frame_ms,0.2227,
frame_ms,0.2272,
frame_ms,0.2205,
frame_ms,0.2175,
tick_us,409.6,50
frame_ms,1.1487,
frame_ms,0.366,
frame_ms,0.2834,
frame_ms,0.2483,
frame_ms,0.2821,
frame_ms,0.3339,
frame_ms,0.3006,
frame_ms,0.5062,
frame_ms,0.308,
frame_ms,0.2393,
frame_ms,0.2248,
frame_ms,0.236,
frame_ms,0.2348,
frame_ms,0.2299,
frame_ms,0.2431,
frame_ms,0.2257,
frame_ms,0.2314,
frame_ms,0.2668,
frame_ms,0.2638,
frame_ms,0.2441,
frame_ms,0.5201,
tick_us,361.4,52
frame_ms,1.277,
frame_ms,0.6228,
frame_ms,0.2909,
frame_ms,0.2544,
frame_ms,0.234,
frame_ms,0.2406,
frame_ms,0.237,
frame_ms,0.2257,
frame_ms,0.222,
frame_ms,0.2323,
frame_ms,0.2423,
frame_ms,0.3563,
frame_ms,0.2514,
frame_ms,0.4941,
frame_ms,0.2762,
frame_ms,0.3194,
frame_ms,0.3075,
frame_ms,0.381,
frame_ms,0.2952,
frame_ms,0.2462,
tick_us,341.5,48
frame_ms,0.914,
frame_ms,0.2403,
frame_ms,0.2305,
frame_ms,0.2212,
frame_ms,0.2162,
frame_ms,0.2294,
frame_ms,0.2214,
frame_ms,0.2494,
frame_ms,0.2352,
frame_ms,0.2192,
frame_ms,0.2633,
frame_ms,0.2304,
frame_ms,0.2436,
frame_ms,0.2749,
frame_ms,0.2405,
frame_ms,0.2133,
frame_ms,0.5255,
frame_ms,0.2747,
frame_ms,0.2201,
frame_ms,0.2257,
frame_ms,0.3202,
frame_ms,0.3681,
frame_ms,0.628,
tick_us,387.4,48
frame_ms,1.1817,
frame_ms,0.3136,
frame_ms,0.3279,
frame_ms,0.3147,
frame_ms,0.2594,
frame_ms,0.2204,
frame_ms,0.2261,
frame_ms,0.237,
frame_ms,0.2242,
frame_ms,0.2171,
frame_ms,0.231,
frame_ms,0.251,
frame_ms,0.2275,
frame_ms,0.2138,
frame_ms,0.2837,
frame_ms,0.2319,
frame_ms,0.216,
frame_ms,0.2693,
frame_ms,0.4991,
frame_ms,0.8496,
tick_us,378,46
frame_ms,1.1024,
frame_ms,0.2831,
frame_ms,0.2883,
frame_ms,0.2766,
frame_ms,0.2316,
frame_ms,0.2285,
frame_ms,0.2302,
frame_ms,0.2295,
frame_ms,0.2213,
frame_ms,0.2323,
frame_ms,0.2291,
frame_ms,0.2174,
frame_ms,0.2516,
frame_ms,0.2695,
frame_ms,0.233,
frame_ms,0.2295,
frame_ms,0.2331,
frame_ms,0.2175,
frame_ms,0.2159,
frame_ms,0.2454,
frame_ms,0.238,
frame_ms,0.2194,
frame_ms,0.5393,
tick_us,437.9,48
frame_ms,1.3501,
frame_ms,0.2867,
frame_ms,0.2375,
frame_ms,0.2204,
frame_ms,0.2337,
frame_ms,0.2457,
frame_ms,0.2581,
frame_ms,0.2552,
frame_ms,0.2366,
frame_ms,0.2401,
frame_ms,0.2426,
frame_ms,0.2367,
frame_ms,0.242,
frame_ms,0.2422,
frame_ms,0.229,
frame_ms,0.2206,
frame_ms,0.2361,
frame_ms,0.2423,
frame_ms,0.226,
frame_ms,0.2207,
frame_ms,0.2453,
frame_ms,0.2315,
frame_ms,0.2164,
frame_ms,0.2325,
frame_ms,0.3489,
tick_us,364,50
frame_ms,1.2228,
frame_ms,0.4167,
frame_ms,0.3438,
frame_ms,0.2902,
frame_ms,0.2703,
frame_ms,0.319,
frame_ms,0.2597,
frame_ms,0.222,
frame_ms,0.2259,
frame_ms,0.2297,
frame_ms,0.482,
frame_ms,0.2697,
frame_ms,0.2355,
frame_ms,0.2298,
frame_ms,0.2343,
frame_ms,0.2346,
frame_ms,0.2218,
frame_ms,0.2255,
frame_ms,0.2998,
frame_ms,0.258,
frame_ms,0.2317,
frame_ms,0.2271,
tick_us,373.2,50
frame_ms,1.0923,
frame_ms,0.3098,
frame_ms,0.2575,
frame_ms,0.2462,
frame_ms,0.2833,
frame_ms,0.2942,
frame_ms,0.2389,
frame_ms,0.2227,
frame_ms,0.2249,
frame_ms,0.2179,
frame_ms,0.2203,
frame_ms,0.2793,
frame_ms,0.2893,
frame_ms,0.5141,
frame_ms,0.3144,
frame_ms,0.2532,
frame_ms,0.2476,
frame_ms,0.2538,
frame_ms,0.2461,
frame_ms,0.2429,
frame_ms,0.2552,
frame_ms,0.2437,
tick_us,372.7,50
frame_ms,1.3558,
frame_ms,0.2802,
frame_ms,0.2351,
frame_ms,0.2271,
frame_ms,0.2261,
frame_ms,0.233,
frame_ms,0.2301,
frame_ms,0.2298,
frame_ms,0.2921,
frame_ms,0.2754,
frame_ms,0.2768,
frame_ms,0.2593,
frame_ms,0.2397,
frame_ms,0.2256,
frame_ms,0.2537,
frame_ms,0.2319,
frame_ms,0.2198,
frame_ms,0.2415,
frame_ms,0.2303,
frame_ms,0.2154,
frame_ms,0.2448,
frame_ms,0.2142,
frame_ms,0.2408,
frame_ms,0.2255,
frame_ms,0.262,
tick_us,362.4,46
frame_ms,1.1906,
frame_ms,0.2667,
frame_ms,0.2265,
frame_ms,0.221,
frame_ms,0.2216,
frame_ms,0.2303,
frame_ms,0.2208,
frame_ms,0.26,
frame_ms,0.2302,
frame_ms,0.2242,
frame_ms,0.2414,
frame_ms,0.2707,
frame_ms,0.2282,
frame_ms,0.2193,
frame_ms,0.2799,
frame_ms,0.2875,
frame_ms,0.2529,
frame_ms,0.3174,
frame_ms,0.256,
frame_ms,0.234,
frame_ms,0.2335,
frame_ms,0.2496,
frame_ms,0.2371,
frame_ms,0.2346,
frame_ms,0.2352,
tick_us,332,40
frame_ms,1.0863,
frame_ms,0.2928,
frame_ms,0.2501,
frame_ms,0.2248,
frame_ms,0.2264,
frame_ms,0.2375,
frame_ms,0.2232,
frame_ms,0.2129,
frame_ms,0.2581,
frame_ms,0.2776,
frame_ms,0.244,
frame_ms,0.2899,
frame_ms,0.4749,
frame_ms,0.3985,
frame_ms,0.2856,
frame_ms,0.226,
frame_ms,0.2219,
frame_ms,0.2329,
frame_ms,0.2305,
frame_ms,0.2248,
frame_ms,0.2212,
frame_ms,0.2298,
frame_ms,0.2463,
frame_ms,0.2308,
tick_us,374.6,38
frame_ms,0.9617,
frame_ms,0.2554,
frame_ms,0.2212,
frame_ms,0.3139,
frame_ms,0.2313,
frame_ms,0.2294,
frame_ms,0.2162,
frame_ms,0.2161,
frame_ms,0.2764,
frame_ms,0.2356,
frame_ms,0.2188,
frame_ms,0.2174,
frame_ms,0.2203,
frame_ms,0.2498,
frame_ms,0.2294,
frame_ms,0.2146,
frame_ms,0.2699,
frame_ms,0.2319,
frame_ms,0.2129,
frame_ms,0.234,
frame_ms,0.2261,
frame_ms,0.2125,
frame_ms,0.3147,
frame_ms,0.2821,
frame_ms,0.2363,
tick_us,398.6,38
frame_ms,1.0366,
frame_ms,0.2706,
frame_ms,0.2924,
frame_ms,0.5354,
frame_ms,0.4735,
frame_ms,0.3413,
frame_ms,0.3489,
frame_ms,0.3992,
frame_ms,0.3512,
frame_ms,0.3678,
frame_ms,0.2858,
frame_ms,0.2513,
frame_ms,0.2204,
frame_ms,0.238,
frame_ms,0.2266,
frame_ms,0.2284,
frame_ms,0.4039,
frame_ms,0.2537,
frame_ms,0.2609,
frame_ms,0.2459,
tick_us,363.1,36
frame_ms,1.1545,
frame_ms,0.4863,
frame_ms,0.3483,
frame_ms,0.2825,
frame_ms,0.2418,
frame_ms,0.2288,
frame_ms,0.2286,
frame_ms,0.2194,
frame_ms,0.2219,
frame_ms,0.2456,
frame_ms,0.2328,
frame_ms,0.2572,
frame_ms,0.2318,
frame_ms,0.2174,
frame_ms,0.2697,
frame_ms,0.2691,
frame_ms,0.2507,
frame_ms,0.225,
frame_ms,0.3036,
frame_ms,0.2334,
frame_ms,0.2322,
frame_ms,0.2414,
frame_ms,0.2171,
frame_ms,0.2322,
tick_us,370.2,36
frame_ms,0.9514,
frame_ms,0.3036,
frame_ms,0.4642,
frame_ms,0.6053,
frame_ms,0.3827,
frame_ms,0.3506,
frame_ms,0.3623,
frame_ms,0.4037,
frame_ms,0.3496,
frame_ms,0.3394,
frame_ms,0.3084,
frame_ms,0.2381,
frame_ms,0.2158,
frame_ms,0.2185,
frame_ms,0.2151,
frame_ms,0.227,
frame_ms,0.2528,
frame_ms,0.2268,
tick_us,436.2,30
