# mode=collision,n=100,struct=grid,cell=64,depth=5,node=4,seed=42,warmup_s=2,measure_s=5,config=2D,ticks=1008,frames=26150,measured_ticks=721,startup_ms=1269.82,glfw_first_draw_ms=1192.13,renderer=NVIDIA GeForce RTX 5060 Laptop GPU/PCIe/SSE2,gl=3.3.0 NVIDIA 592.01
kind,value,extra
startup_ms,1269.82,process_to_first_frame
glfw_ms,1192.13,glfw_init_to_first_frame
mem_ws_bytes,1.12087e+08,baseline
mem_private_bytes,1.80736e+08,baseline
mem_peak_ws_bytes,1.12087e+08,baseline
mem_ws_bytes,1.1212e+08,after_spawn
mem_private_bytes,1.80736e+08,after_spawn
mem_peak_ws_bytes,1.1212e+08,after_spawn
tick_us,19.5,10
frame_ms,0.3029,
frame_ms,0.464,
frame_ms,0.283,
frame_ms,0.2465,
frame_ms,0.2116,
frame_ms,0.2174,
frame_ms,0.2051,
frame_ms,0.2813,
frame_ms,0.2353,
frame_ms,0.2112,
frame_ms,0.2073,
frame_ms,0.2042,
frame_ms,0.254,
frame_ms,0.2213,
frame_ms,0.2061,
frame_ms,0.3112,
frame_ms,0.2732,
frame_ms,0.2474,
frame_ms,0.2277,
frame_ms,0.2231,
frame_ms,0.2509,
frame_ms,0.2668,
frame_ms,0.222,
frame_ms,0.2156,
frame_ms,0.2046,
frame_ms,0.2478,
frame_ms,0.2193,
frame_ms,0.2092,
tick_us,16,10
frame_ms,0.3105,
frame_ms,0.2656,
frame_ms,0.2281,
frame_ms,0.2188,
frame_ms,0.2187,
frame_ms,0.22,
frame_ms,0.2565,
frame_ms,0.2707,
frame_ms,0.2822,
frame_ms,0.2491,
frame_ms,0.227,
frame_ms,0.2236,
frame_ms,0.2118,
frame_ms,0.2478,
frame_ms,0.2595,
frame_ms,0.4025,
frame_ms,0.2627,
frame_ms,0.2157,
frame_ms,0.2106,
frame_ms,0.2055,
frame_ms,0.2385,
frame_ms,0.2217,
frame_ms,0.2795,
frame_ms,0.2877,
frame_ms,0.3592,
frame_ms,0.2788,
frame_ms,0.2165,
tick_us,18,12
frame_ms,0.2796,
frame_ms,0.238,
frame_ms,0.2119,
frame_ms,0.2214,
frame_ms,0.212,
frame_ms,0.263,
frame_ms,0.2248,
frame_ms,0.2108,
frame_ms,0.2333,
frame_ms,0.2137,
frame_ms,0.2063,
frame_ms,0.3058,
frame_ms,0.2922,
frame_ms,0.2774,
frame_ms,0.2432,
frame_ms,0.2414,
frame_ms,0.2347,
frame_ms,0.2263,
frame_ms,0.2841,
frame_ms,0.36,
frame_ms,0.2539,
frame_ms,0.2114,
frame_ms,0.2178,
frame_ms,0.2132,
frame_ms,0.2138,
frame_ms,0.2068,
frame_ms,0.2191,
frame_ms,0.279,
frame_ms,0.3066,
tick_us,16.5,12
frame_ms,0.3227,
frame_ms,0.2379,
frame_ms,0.2246,
frame_ms,0.227,
frame_ms,0.2536,
frame_ms,0.2602,
frame_ms,0.2286,
frame_ms,0.218,
frame_ms,0.2399,
frame_ms,0.213,
frame_ms,0.2134,
frame_ms,0.2182,
frame_ms,0.2423,
frame_ms,0.2226,
frame_ms,0.2085,
frame_ms,0.2537,
frame_ms,0.2553,
frame_ms,0.2307,
frame_ms,0.222,
frame_ms,0.2349,
frame_ms,0.2282,
frame_ms,0.2122,
frame_ms,0.4007,
frame_ms,0.2645,
frame_ms,0.2172,
frame_ms,0.2152,
frame_ms,0.2079,
frame_ms,0.2272,
frame_ms,0.2216,
tick_us,19.1,14
frame_ms,0.2732,
frame_ms,0.2359,
frame_ms,0.2258,
frame_ms,0.2646,
frame_ms,0.223,
frame_ms,0.2905,
frame_ms,0.3253,
frame_ms,0.2865,
frame_ms,0.2379,
frame_ms,0.2449,
frame_ms,0.2385,
frame_ms,0.2375,
frame_ms,0.2195,
frame_ms,0.226,
frame_ms,0.2348,
frame_ms,0.2206,
frame_ms,0.2159,
frame_ms,0.2935,
frame_ms,0.2408,
frame_ms,0.2153,
frame_ms,0.2321,
frame_ms,0.2148,
frame_ms,0.3506,
frame_ms,0.2637,
frame_ms,0.2524,
frame_ms,0.2474,
frame_ms,0.2331,
frame_ms,0.2213,
tick_us,24,12
frame_ms,0.3655,
frame_ms,0.3261,
frame_ms,0.2891,
frame_ms,0.2194,
frame_ms,0.2256,
frame_ms,0.2216,
frame_ms,0.2254,
frame_ms,0.227,
frame_ms,0.2432,
frame_ms,0.4111,
frame_ms,0.279,
frame_ms,0.2495,
frame_ms,0.2425,
frame_ms,0.2323,
frame_ms,0.2371,
frame_ms,0.256,
frame_ms,0.3458,
frame_ms,0.2777,
frame_ms,0.223,
frame_ms,0.2139,
frame_ms,0.2164,
frame_ms,0.2124,
frame_ms,0.2121,
frame_ms,0.2673,
frame_ms,0.2272,
frame_ms,0.2128,
frame_ms,0.2618,
tick_us,18.4,12
frame_ms,0.341,
frame_ms,0.6186,
frame_ms,0.3601,
frame_ms,0.3564,
frame_ms,0.3709,
frame_ms,0.3331,
frame_ms,0.3438,
frame_ms,0.3347,
frame_ms,0.3291,
frame_ms,0.3352,
frame_ms,0.4202,
frame_ms,0.281,
frame_ms,0.2618,
frame_ms,0.2443,
frame_ms,0.3194,
frame_ms,0.2511,
frame_ms,0.252,
frame_ms,0.2437,
frame_ms,0.2384,
frame_ms,0.2339,
frame_ms,0.2308,
frame_ms,0.2293,
tick_us,19.1,12
frame_ms,0.2892,
frame_ms,0.244,
frame_ms,0.235,
frame_ms,0.3041,
frame_ms,0.3656,
frame_ms,0.2321,
frame_ms,0.2335,
frame_ms,0.2349,
frame_ms,0.2194,
frame_ms,0.2456,
frame_ms,0.2296,
frame_ms,0.2321,
frame_ms,0.2411,
frame_ms,0.2288,
frame_ms,0.2102,
frame_ms,0.2486,
frame_ms,0.2216,
frame_ms,0.2135,
frame_ms,0.2509,
frame_ms,0.2249,
frame_ms,0.2111,
frame_ms,0.2447,
frame_ms,0.2445,
frame_ms,0.5003,
frame_ms,0.2661,
frame_ms,0.2344,
frame_ms,0.2245,
tick_us,17.5,16
frame_ms,0.2882,
frame_ms,0.2659,
frame_ms,0.2719,
frame_ms,0.2221,
frame_ms,0.2144,
frame_ms,0.2096,
frame_ms,0.2349,
frame_ms,0.2221,
frame_ms,0.2073,
frame_ms,0.2165,
frame_ms,0.2457,
frame_ms,0.2468,
frame_ms,0.5707,
frame_ms,0.4575,
frame_ms,0.3532,
frame_ms,0.3646,
frame_ms,0.3209,
frame_ms,0.2514,
frame_ms,0.2113,
frame_ms,0.2139,
frame_ms,0.2124,
frame_ms,0.2056,
frame_ms,0.401,
frame_ms,0.3583,
tick_us,23.1,18
frame_ms,0.5457,
frame_ms,0.2828,
frame_ms,0.2638,
frame_ms,0.2252,
frame_ms,0.2297,
frame_ms,0.2325,
frame_ms,0.2693,
frame_ms,0.3175,
frame_ms,0.2503,
frame_ms,0.2252,
frame_ms,0.2266,
frame_ms,0.2165,
frame_ms,0.2096,
frame_ms,0.242,
frame_ms,0.2255,
frame_ms,0.2111,
frame_ms,0.328,
frame_ms,0.2455,
frame_ms,0.4229,
frame_ms,0.2669,
frame_ms,0.2211,
frame_ms,0.2255,
frame_ms,0.2495,
frame_ms,0.212,
frame_ms,0.2072,
frame_ms,0.2074,
frame_ms,0.2784,
frame_ms,0.2277,
tick_us,18.2,18
frame_ms,0.2804,
frame_ms,0.232,
frame_ms,0.2141,
frame_ms,0.2719,
frame_ms,0.2502,
frame_ms,0.2692,
frame_ms,0.2398,
frame_ms,0.2301,
frame_ms,0.2967,
frame_ms,0.3203,
frame_ms,0.2314,
frame_ms,0.2671,
frame_ms,0.2125,
frame_ms,0.2139,
frame_ms,0.2096,
frame_ms,0.2413,
frame_ms,0.234,
frame_ms,0.2217,
frame_ms,0.259,
frame_ms,0.2673,
frame_ms,0.2339,
frame_ms,0.2687,
frame_ms,0.2843,
frame_ms,0.262,
frame_ms,0.251,
frame_ms,0.2841,
frame_ms,0.2329,
tick_us,17.4,22
frame_ms,0.3044,
frame_ms,0.3299,
frame_ms,0.2617,
frame_ms,0.2209,
frame_ms,0.2271,
frame_ms,0.2253,
frame_ms,0.2254,
frame_ms,0.2232,
frame_ms,0.2416,
frame_ms,0.2217,
frame_ms,0.2116,
frame_ms,0.2794,
frame_ms,0.2647,
frame_ms,0.2358,
frame_ms,0.3862,
frame_ms,0.5573,
frame_ms,0.3307,
frame_ms,0.3362,
frame_ms,0.6351,
frame_ms,0.2737,
frame_ms,0.2214,
frame_ms,0.2212,
frame_ms,0.2183,
frame_ms,0.2212,
frame_ms,0.2167,
tick_us,17.2,22
frame_ms,0.3092,
frame_ms,0.6715,
frame_ms,0.3438,
frame_ms,0.3508,
frame_ms,0.3696,
frame_ms,0.3971,
frame_ms,0.3233,
frame_ms,0.2448,
frame_ms,0.2117,
frame_ms,0.2162,
frame_ms,0.213,
frame_ms,0.212,
frame_ms,0.3257,
frame_ms,0.2739,
frame_ms,0.2597,
frame_ms,0.2317,
frame_ms,0.2343,
frame_ms,0.2177,
frame_ms,0.2449,
frame_ms,0.5446,
frame_ms,0.3423,
frame_ms,0.3427,
tick_us,18.7,22
frame_ms,0.4084,
frame_ms,0.3715,
frame_ms,0.2741,
frame_ms,0.2168,
frame_ms,0.2231,
frame_ms,0.2162,
frame_ms,0.2436,
frame_ms,0.2715,
frame_ms,0.2498,
frame_ms,0.2299,
frame_ms,0.2158,
frame_ms,0.2262,
frame_ms,0.2801,
frame_ms,0.2783,
frame_ms,0.2367,
frame_ms,0.2241,
frame_ms,0.2173,
frame_ms,0.3037,
frame_ms,0.2629,
frame_ms,0.2296,
frame_ms,0.225,
frame_ms,0.2692,
frame_ms,0.2554,
frame_ms,0.2701,
frame_ms,0.3499,
frame_ms,0.243,
frame_ms,0.2303,
tick_us,17.5,22
frame_ms,0.2837,
frame_ms,0.2337,
frame_ms,0.2161,
frame_ms,0.2657,
frame_ms,0.2697,
frame_ms,0.2517,
frame_ms,0.2309,
frame_ms,0.2224,
frame_ms,0.2091,
frame_ms,0.2414,
frame_ms,0.3253,
frame_ms,0.2469,
frame_ms,0.7806,
frame_ms,0.3929,
frame_ms,0.2608,
frame_ms,0.2896,
frame_ms,0.2104,
frame_ms,0.2181,
frame_ms,0.2098,
frame_ms,0.2396,
frame_ms,0.2196,
frame_ms,0.2124,
frame_ms,0.2457,
frame_ms,0.2213,
frame_ms,0.2094,
tick_us,18.2,22
frame_ms,0.3709,
frame_ms,0.4354,
frame_ms,0.3143,
frame_ms,0.251,
frame_ms,0.2419,
frame_ms,0.296,
frame_ms,0.2959,
frame_ms,0.235,
frame_ms,0.2171,
frame_ms,0.2548,
frame_ms,0.2305,
frame_ms,0.2141,
frame_ms,0.2479,
frame_ms,0.2234,
frame_ms,0.2114,
frame_ms,0.2842,
frame_ms,0.2893,
frame_ms,0.7626,
frame_ms,0.31,
frame_ms,0.2277,
frame_ms,0.2544,
frame_ms,0.2168,
frame_ms,0.209,
frame_ms,0.2639,
frame_ms,0.2296,
tick_us,20.1,24
frame_ms,0.2811,
frame_ms,0.2249,
frame_ms,0.245,
frame_ms,0.23,
frame_ms,0.2137,
frame_ms,0.4599,
frame_ms,0.4164,
frame_ms,0.4377,
frame_ms,0.3441,
frame_ms,0.3684,
frame_ms,0.3363,
frame_ms,0.3341,
frame_ms,0.3171,
frame_ms,0.2947,
frame_ms,0.2364,
frame_ms,0.2117,
frame_ms,0.2174,
frame_ms,0.2095,
frame_ms,0.282,
frame_ms,0.2908,
frame_ms,0.2827,
frame_ms,0.282,
frame_ms,0.225,
frame_ms,0.2144,
tick_us,18,24
frame_ms,0.2835,
frame_ms,0.2148,
frame_ms,0.2154,
frame_ms,0.2122,
frame_ms,0.2522,
frame_ms,0.2209,
frame_ms,0.2085,
frame_ms,0.2461,
frame_ms,0.2194,
frame_ms,0.7473,
frame_ms,0.3786,
frame_ms,0.243,
frame_ms,0.2764,
frame_ms,0.2311,
frame_ms,0.2172,
frame_ms,0.2805,
frame_ms,0.2216,
frame_ms,0.2234,
frame_ms,0.2447,
frame_ms,0.2194,
frame_ms,0.2078,
frame_ms,0.2462,
frame_ms,0.2217,
frame_ms,0.2107,
frame_ms,0.2493,
frame_ms,0.223,
frame_ms,0.253,
tick_us,18.2,22
frame_ms,0.2832,
frame_ms,0.6198,
frame_ms,0.3486,
frame_ms,0.4298,
frame_ms,0.3517,
frame_ms,0.3401,
frame_ms,0.3397,
frame_ms,0.2894,
frame_ms,0.2232,
frame_ms,0.2137,
frame_ms,0.2104,
frame_ms,0.209,
frame_ms,0.2744,
frame_ms,0.2938,
frame_ms,0.2486,
frame_ms,0.2455,
frame_ms,0.2506,
frame_ms,0.2718,
frame_ms,0.2367,
frame_ms,0.3048,
frame_ms,0.3385,
frame_ms,0.2168,
frame_ms,0.2168,
frame_ms,0.2098,
tick_us,17,22
frame_ms,0.3004,
frame_ms,0.2263,
frame_ms,0.2237,
frame_ms,0.2162,
frame_ms,0.2116,
frame_ms,0.2317,
frame_ms,0.301,
frame_ms,0.2318,
frame_ms,0.2303,
frame_ms,0.2132,
frame_ms,0.2122,
frame_ms,0.2536,
frame_ms,0.2259,
frame_ms,0.21,
frame_ms,0.2304,
frame_ms,0.2157,
frame_ms,0.2889,
frame_ms,0.2782,
frame_ms,0.2462,
frame_ms,0.239,
frame_ms,0.2407,
frame_ms,0.2337,
frame_ms,0.2881,
frame_ms,0.2665,
frame_ms,0.3467,
frame_ms,0.3368,
frame_ms,0.2489,
frame_ms,0.2432,
tick_us,16.6,22
frame_ms,0.3667,
frame_ms,0.2559,
frame_ms,0.2129,
frame_ms,0.2168,
frame_ms,0.2131,
frame_ms,0.2371,
frame_ms,0.2143,
frame_ms,0.2035,
frame_ms,0.2353,
frame_ms,0.2096,
frame_ms,0.2027,
frame_ms,0.2495,
frame_ms,0.2757,
frame_ms,0.2409,
frame_ms,0.2354,
frame_ms,0.2489,
frame_ms,0.2313,
frame_ms,0.2254,
frame_ms,0.304,
frame_ms,0.2211,
frame_ms,0.2556,
frame_ms,0.2558,
frame_ms,0.2269,
frame_ms,0.2165,
frame_ms,0.2089,
frame_ms,0.2637,
frame_ms,0.2238,
frame_ms,0.2127,
frame_ms,0.2729,
tick_us,17,22
frame_ms,0.3005,
frame_ms,0.2697,
frame_ms,0.2365,
frame_ms,0.2296,
frame_ms,0.2238,
frame_ms,0.2155,
frame_ms,0.223,
frame_ms,0.2548,
frame_ms,0.2695,
frame_ms,0.2324,
frame_ms,0.2242,
frame_ms,0.2181,
frame_ms,0.2181,
frame_ms,0.217,
frame_ms,0.2806,
frame_ms,0.2537,
frame_ms,0.2443,
frame_ms,0.2746,
frame_ms,0.2472,
frame_ms,0.2864,
frame_ms,0.2292,
frame_ms,0.2257,
frame_ms,0.3431,
frame_ms,0.3136,
frame_ms,0.3905,
frame_ms,0.2489,
frame_ms,0.2297,
tick_us,18,22
frame_ms,0.3083,
frame_ms,0.2905,
frame_ms,0.2358,
frame_ms,0.2186,
frame_ms,0.2197,
frame_ms,0.2678,
frame_ms,0.4416,
frame_ms,0.5004,
frame_ms,0.33,
frame_ms,0.3835,
frame_ms,0.2757,
frame_ms,0.2228,
frame_ms,0.2238,
frame_ms,0.2224,
frame_ms,0.2203,
frame_ms,0.2136,
frame_ms,0.2554,
frame_ms,0.2678,
frame_ms,0.2251,
frame_ms,0.3166,
frame_ms,0.3881,
frame_ms,0.4458,
frame_ms,0.2627,
frame_ms,0.2189,
tick_us,15.7,22
frame_ms,0.2863,
frame_ms,0.3042,
frame_ms,0.2266,
frame_ms,0.2135,
frame_ms,0.2176,
frame_ms,0.243,
frame_ms,0.2207,
frame_ms,0.213,
frame_ms,0.2577,
frame_ms,0.228,
frame_ms,0.2093,
frame_ms,0.2466,
frame_ms,0.2343,
frame_ms,0.2237,
frame_ms,0.3313,
frame_ms,0.2887,
frame_ms,0.2293,
frame_ms,0.2221,
frame_ms,0.2131,
frame_ms,0.2127,
frame_ms,0.2476,
frame_ms,0.2534,
frame_ms,0.2262,
frame_ms,0.2109,
frame_ms,0.2539,
frame_ms,0.23,
frame_ms,0.2194,
frame_ms,0.2383,
frame_ms,0.2463,
tick_us,18,22
frame_ms,0.4168,
frame_ms,0.366,
frame_ms,0.2597,
frame_ms,0.2244,
frame_ms,0.2307,
frame_ms,0.2216,
frame_ms,0.2134,
frame_ms,0.2284,
frame_ms,0.2682,
frame_ms,0.2449,
frame_ms,0.2207,
frame_ms,0.2087,
frame_ms,0.2099,
frame_ms,0.2705,
frame_ms,0.2288,
frame_ms,0.2119,
frame_ms,0.2255,
frame_ms,0.2416,
frame_ms,0.2287,
frame_ms,0.2642,
frame_ms,0.2262,
frame_ms,0.2073,
frame_ms,0.2333,
frame_ms,0.227,
frame_ms,0.209,
frame_ms,0.2477,
frame_ms,0.2219,
frame_ms,0.2095,
frame_ms,0.2232,
tick_us,17.2,28
frame_ms,0.2725,
frame_ms,0.2251,
frame_ms,0.2208,
frame_ms,0.2059,
frame_ms,0.244,
frame_ms,0.2155,
frame_ms,0.3292,
frame_ms,0.2459,
frame_ms,0.2217,
frame_ms,0.2114,
frame_ms,0.2541,
frame_ms,0.4103,
frame_ms,0.365,
frame_ms,0.3138,
frame_ms,0.2425,
frame_ms,0.2075,
frame_ms,0.2141,
frame_ms,0.208,
frame_ms,0.2437,
frame_ms,0.2108,
frame_ms,0.2072,
frame_ms,0.2626,
frame_ms,0.412,
frame_ms,0.2843,
frame_ms,0.2218,
frame_ms,0.2191,
frame_ms,0.252,
tick_us,17.1,28
frame_ms,0.2769,
frame_ms,0.223,
frame_ms,0.2156,
frame_ms,0.2115,
frame_ms,0.2494,
frame_ms,0.2199,
frame_ms,0.209,
frame_ms,0.3508,
frame_ms,0.282,
frame_ms,0.2408,
frame_ms,0.2352,
frame_ms,0.2416,
frame_ms,0.246,
frame_ms,0.341,
frame_ms,0.3627,
frame_ms,0.2936,
frame_ms,0.2545,
frame_ms,0.2395,
frame_ms,0.2244,
frame_ms,0.214,
frame_ms,0.2056,
frame_ms,0.2431,
frame_ms,0.2218,
frame_ms,0.2128,
frame_ms,0.246,
frame_ms,0.2217,
frame_ms,0.205,
frame_ms,0.2566,
tick_us,17.2,28
frame_ms,0.4151,
frame_ms,0.2837,
frame_ms,0.2326,
frame_ms,0.2264,
frame_ms,0.2215,
frame_ms,0.4043,
frame_ms,0.3611,
frame_ms,0.2622,
frame_ms,0.2225,
frame_ms,0.2222,
frame_ms,0.2167,
frame_ms,0.2475,
frame_ms,0.2627,
frame_ms,0.2237,
frame_ms,0.2183,
frame_ms,0.2198,
frame_ms,0.2131,
frame_ms,0.3385,
frame_ms,0.2487,
frame_ms,0.2151,
frame_ms,0.211,
frame_ms,0.252,
frame_ms,0.2211,
frame_ms,0.2084,
frame_ms,0.2224,
frame_ms,0.3405,
tick_us,18,28
frame_ms,0.4803,
frame_ms,0.269,
frame_ms,0.2142,
frame_ms,0.2134,
frame_ms,0.2038,
frame_ms,0.2992,
frame_ms,0.2962,
frame_ms,0.2518,
frame_ms,0.2371,
frame_ms,0.2442,
frame_ms,0.2425,
frame_ms,0.2287,
frame_ms,0.2952,
frame_ms,0.3879,
frame_ms,0.2336,
frame_ms,0.2191,
frame_ms,0.2156,
frame_ms,0.2071,
frame_ms,0.2415,
frame_ms,0.2297,
frame_ms,0.2069,
frame_ms,0.4204,
frame_ms,0.2759,
frame_ms,0.3474,
frame_ms,0.2926,
frame_ms,0.2859,
tick_us,17.8,28
frame_ms,0.3513,
frame_ms,0.2433,
frame_ms,0.216,
frame_ms,0.2237,
frame_ms,0.2211,
frame_ms,0.2119,
frame_ms,0.2174,
frame_ms,0.2141,
frame_ms,0.2639,
frame_ms,0.2638,
frame_ms,0.2289,
frame_ms,0.2561,
frame_ms,0.2245,
frame_ms,0.2237,
frame_ms,0.2908,
frame_ms,0.2413,
frame_ms,0.2111,
frame_ms,0.2642,
frame_ms,0.2257,
frame_ms,0.2131,
frame_ms,0.2443,
frame_ms,0.222,
frame_ms,0.2097,
frame_ms,0.261,
frame_ms,0.2213,
frame_ms,0.2094,
frame_ms,0.2786,
frame_ms,0.2264,
frame_ms,0.2054,
frame_ms,0.2148,
tick_us,18.5,28
frame_ms,0.4979,
frame_ms,0.3168,
frame_ms,0.2248,
frame_ms,0.2144,
frame_ms,0.2163,
frame_ms,0.2127,
frame_ms,0.2486,
frame_ms,0.2279,
frame_ms,0.2075,
frame_ms,0.2238,
frame_ms,0.2083,
frame_ms,0.2034,
frame_ms,0.2666,
frame_ms,0.2229,
frame_ms,0.2068,
frame_ms,0.2453,
frame_ms,0.2573,
frame_ms,1.5127,
frame_ms,0.413,
frame_ms,0.2732,
frame_ms,0.2323,
frame_ms,0.2179,
tick_us,15.4,28
frame_ms,0.2765,
frame_ms,0.2178,
frame_ms,0.2173,
frame_ms,0.2047,
frame_ms,0.221,
frame_ms,0.2604,
frame_ms,0.2214,
frame_ms,0.2158,
frame_ms,0.2574,
frame_ms,0.2254,
frame_ms,0.2065,
frame_ms,0.226,
frame_ms,0.3005,
frame_ms,0.5755,
frame_ms,0.2478,
frame_ms,0.2266,
frame_ms,0.2239,
frame_ms,0.2151,
frame_ms,0.2593,
frame_ms,0.258,
frame_ms,0.2233,
frame_ms,0.2322,
frame_ms,0.2056,
frame_ms,0.6384,
frame_ms,0.2659,
frame_ms,0.2432,
tick_us,19.6,28
frame_ms,0.3207,
frame_ms,0.3226,
frame_ms,0.2677,
frame_ms,0.219,
frame_ms,0.2236,
frame_ms,0.2149,
frame_ms,0.2115,
frame_ms,0.264,
frame_ms,0.2495,
frame_ms,0.2228,
frame_ms,0.2088,
frame_ms,0.2715,
frame_ms,0.2359,
frame_ms,0.2239,
frame_ms,0.3793,
frame_ms,0.3935,
frame_ms,0.3599,
frame_ms,0.4075,
frame_ms,0.3433,
frame_ms,0.3576,
frame_ms,0.2724,
frame_ms,0.2365,
frame_ms,0.2141,
frame_ms,0.2231,
frame_ms,0.2295,
tick_us,20.3,26
frame_ms,0.3647,
frame_ms,0.2996,
frame_ms,0.2563,
frame_ms,0.2384,
frame_ms,0.2343,
frame_ms,0.2246,
frame_ms,0.2704,
frame_ms,0.3539,
frame_ms,0.3051,
frame_ms,0.2628,
frame_ms,0.2372,
frame_ms,0.2366,
frame_ms,0.2514,
frame_ms,0.2485,
frame_ms,0.2481,
frame_ms,0.2582,
frame_ms,0.3008,
frame_ms,0.2487,
frame_ms,0.2215,
frame_ms,0.2141,
frame_ms,0.253,
frame_ms,0.225,
frame_ms,0.2419,
frame_ms,0.2187,
frame_ms,0.2371,
frame_ms,0.2329,
frame_ms,0.2123,
frame_ms,0.2091,
tick_us,17.7,24
frame_ms,0.3163,
frame_ms,0.2758,
frame_ms,0.2277,
frame_ms,0.2218,
frame_ms,0.2174,
frame_ms,0.2725,
frame_ms,0.2909,
frame_ms,0.2487,
frame_ms,0.2919,
frame_ms,0.2513,
frame_ms,0.2255,
frame_ms,0.2123,
frame_ms,0.2086,
frame_ms,0.241,
frame_ms,0.2305,
frame_ms,0.2134,
frame_ms,0.2591,
frame_ms,0.2289,
frame_ms,0.2094,
frame_ms,0.2255,
frame_ms,0.2097,
frame_ms,0.2665,
frame_ms,0.2701,
frame_ms,0.3425,
frame_ms,0.3356,
frame_ms,0.2423,
frame_ms,0.2277,
frame_ms,0.2138,
tick_us,17.3,24
frame_ms,0.2799,
frame_ms,0.2262,
frame_ms,0.2465,
frame_ms,0.3529,
frame_ms,0.274,
frame_ms,0.2178,
frame_ms,0.2658,
frame_ms,0.2132,
frame_ms,0.2072,
frame_ms,0.2076,
frame_ms,0.2868,
frame_ms,0.2727,
frame_ms,0.2537,
frame_ms,0.2272,
frame_ms,0.2199,
frame_ms,0.2909,
frame_ms,0.239,
frame_ms,0.2159,
frame_ms,0.2425,
frame_ms,0.2661,
frame_ms,0.2299,
frame_ms,0.2189,
frame_ms,0.2136,
frame_ms,0.209,
frame_ms,0.2377,
frame_ms,0.2254,
frame_ms,0.2173,
frame_ms,0.2112,
tick_us,18.3,22
frame_ms,0.4386,
frame_ms,0.2771,
frame_ms,0.2213,
frame_ms,0.2176,
frame_ms,0.2177,
frame_ms,0.2112,
frame_ms,0.2681,
frame_ms,0.2729,
frame_ms,0.2295,
frame_ms,0.2158,
frame_ms,0.209,
frame_ms,0.2621,
frame_ms,0.2294,
frame_ms,0.2102,
frame_ms,0.2244,
frame_ms,0.2304,
frame_ms,0.2119,
frame_ms,0.2364,
frame_ms,0.2596,
frame_ms,0.2427,
frame_ms,0.3475,
frame_ms,0.3084,
frame_ms,0.2468,
frame_ms,0.2394,
frame_ms,0.2108,
frame_ms,0.2105,
frame_ms,0.2121,
frame_ms,0.2647,
tick_us,17.5,24
frame_ms,0.3302,
frame_ms,0.2332,
frame_ms,0.2137,
frame_ms,0.2058,
frame_ms,0.2044,
frame_ms,0.2615,
frame_ms,0.4257,
frame_ms,0.4779,
frame_ms,0.3567,
frame_ms,0.5475,
frame_ms,0.2839,
frame_ms,0.2299,
frame_ms,0.2106,
frame_ms,0.2205,
frame_ms,0.206,
frame_ms,0.2428,
frame_ms,0.2266,
frame_ms,0.2091,
frame_ms,0.2269,
frame_ms,0.2488,
frame_ms,0.3105,
frame_ms,0.2827,
frame_ms,0.3383,
frame_ms,0.2403,
frame_ms,0.235,
tick_us,18.1,24
frame_ms,0.3231,
frame_ms,0.2926,
frame_ms,0.3297,
frame_ms,0.2659,
frame_ms,0.2119,
frame_ms,0.2227,
frame_ms,0.2087,
frame_ms,0.2053,
frame_ms,0.2589,
frame_ms,0.2274,
frame_ms,0.2067,
frame_ms,0.2608,
frame_ms,0.3161,
frame_ms,0.248,
frame_ms,0.2229,
frame_ms,0.2173,
frame_ms,0.2121,
frame_ms,0.2781,
frame_ms,0.2592,
frame_ms,0.2272,
frame_ms,0.2165,
frame_ms,0.2143,
frame_ms,0.2425,
frame_ms,0.2439,
frame_ms,0.2193,
frame_ms,0.2112,
frame_ms,0.2683,
frame_ms,0.2802,
tick_us,20.4,22
frame_ms,0.4609,
frame_ms,0.2884,
frame_ms,0.2321,
frame_ms,0.216,
frame_ms,0.2064,
frame_ms,0.286,
frame_ms,0.2449,
frame_ms,0.2106,
frame_ms,0.2155,
frame_ms,0.2085,
frame_ms,0.2602,
frame_ms,0.2255,
frame_ms,0.211,
frame_ms,0.2503,
frame_ms,0.2261,
frame_ms,0.2101,
frame_ms,0.2275,
frame_ms,0.2925,
frame_ms,0.3045,
frame_ms,0.3031,
frame_ms,0.3183,
frame_ms,0.2635,
frame_ms,0.2533,
frame_ms,0.2392,
frame_ms,0.223,
frame_ms,0.2121,
frame_ms,0.2101,
frame_ms,0.2616,
tick_us,16.1,22
frame_ms,0.3183,
frame_ms,0.2244,
frame_ms,0.2163,
frame_ms,0.2072,
frame_ms,0.2068,
frame_ms,0.2751,
frame_ms,0.236,
frame_ms,0.24,
frame_ms,0.2641,
frame_ms,0.2243,
frame_ms,0.23,
frame_ms,0.2126,
frame_ms,0.2024,
frame_ms,0.2918,
frame_ms,0.2705,
frame_ms,0.2298,
frame_ms,0.2156,
frame_ms,0.2129,
frame_ms,0.2646,
frame_ms,0.2302,
frame_ms,0.2142,
frame_ms,0.2474,
frame_ms,0.2661,
frame_ms,0.2662,
frame_ms,0.2417,
frame_ms,0.2224,
frame_ms,0.2809,
frame_ms,0.2478,
frame_ms,0.2279,
tick_us,19.6,22
frame_ms,0.2922,
frame_ms,0.2341,
frame_ms,0.2283,
frame_ms,0.2473,
frame_ms,0.2714,
frame_ms,0.2368,
frame_ms,0.2201,
frame_ms,0.2205,
frame_ms,0.2508,
frame_ms,0.2183,
frame_ms,0.2161,
frame_ms,0.321,
frame_ms,0.8517,
frame_ms,0.4118,
frame_ms,0.45,
frame_ms,0.3505,
frame_ms,0.3461,
frame_ms,0.3392,
frame_ms,0.3377,
frame_ms,0.4244,
frame_ms,0.3634,
tick_us,21.1,22
frame_ms,0.4719,
frame_ms,0.2717,
frame_ms,0.2245,
frame_ms,0.2361,
frame_ms,0.2249,
frame_ms,0.2317,
frame_ms,0.2354,
frame_ms,0.2228,
frame_ms,0.2734,
frame_ms,0.2737,
frame_ms,0.2486,
frame_ms,0.2274,
frame_ms,0.2138,
frame_ms,0.2476,
frame_ms,0.2227,
frame_ms,0.2131,
frame_ms,0.3737,
frame_ms,0.4279,
frame_ms,0.4384,
frame_ms,0.3431,
frame_ms,0.3352,
frame_ms,0.2447,
frame_ms,0.2126,
frame_ms,0.2192,
frame_ms,0.2173,
frame_ms,0.2122,
tick_us,16.6,18
frame_ms,0.3125,
frame_ms,0.2468,
frame_ms,0.219,
frame_ms,0.2194,
frame_ms,0.2225,
frame_ms,0.23,
frame_ms,0.2948,
frame_ms,0.2865,
frame_ms,0.2417,
frame_ms,0.2308,
frame_ms,0.2204,
frame_ms,0.2343,
frame_ms,0.2328,
frame_ms,0.2351,
frame_ms,0.2783,
frame_ms,0.2334,
frame_ms,0.2945,
frame_ms,0.2296,
frame_ms,0.2162,
frame_ms,0.2069,
frame_ms,0.239,
frame_ms,0.2202,
frame_ms,0.2244,
frame_ms,0.2371,
frame_ms,0.2179,
frame_ms,0.2425,
frame_ms,0.2145,
frame_ms,0.244,
frame_ms,0.2239,
tick_us,18.3,18
frame_ms,0.2758,
frame_ms,0.3271,
frame_ms,0.2607,
frame_ms,0.2276,
frame_ms,0.2269,
frame_ms,0.2192,
frame_ms,0.2167,
frame_ms,0.2645,
frame_ms,0.2566,
frame_ms,0.2256,
frame_ms,0.2162,
frame_ms,0.2461,
frame_ms,0.2215,
frame_ms,0.2334,
frame_ms,0.2727,
frame_ms,0.2315,
frame_ms,0.211,
frame_ms,0.2295,
frame_ms,0.2193,
frame_ms,0.2441,
frame_ms,0.2542,
frame_ms,0.2292,
frame_ms,0.2208,
frame_ms,0.2112,
frame_ms,0.2423,
frame_ms,0.2191,
frame_ms,0.2092,
frame_ms,0.2411,
frame_ms,0.2152,
tick_us,14.7,20
frame_ms,0.3288,
frame_ms,0.248,
frame_ms,0.2847,
frame_ms,0.2214,
frame_ms,0.2149,
frame_ms,0.2117,
frame_ms,0.2613,
frame_ms,0.227,
frame_ms,0.2135,
frame_ms,0.2366,
frame_ms,0.2084,
frame_ms,0.2052,
frame_ms,0.2398,
frame_ms,0.2186,
frame_ms,0.2067,
frame_ms,0.247,
frame_ms,0.2286,
frame_ms,0.2326,
frame_ms,0.2106,
frame_ms,0.7749,
frame_ms,0.2393,
frame_ms,0.2167,
frame_ms,0.2141,
frame_ms,0.2048,
frame_ms,0.2053,
frame_ms,0.2638,
frame_ms,0.2263,
frame_ms,0.2088,
tick_us,15.7,18
frame_ms,0.2946,
frame_ms,0.23,
frame_ms,0.2107,
frame_ms,0.204,
frame_ms,0.2048,
frame_ms,0.2461,
frame_ms,0.2166,
frame_ms,0.2133,
frame_ms,0.288,
frame_ms,0.2184,
frame_ms,0.2013,
frame_ms,0.3655,
frame_ms,0.2863,
frame_ms,0.2498,
frame_ms,0.2512,
frame_ms,0.2374,
frame_ms,0.2323,
frame_ms,0.227,
frame_ms,0.2618,
frame_ms,0.2543,
frame_ms,0.2479,
frame_ms,0.2205,
frame_ms,0.2371,
frame_ms,0.2599,
frame_ms,0.4448,
frame_ms,0.2964,
frame_ms,0.2426,
frame_ms,0.2253,
tick_us,24.3,18
frame_ms,0.3092,
frame_ms,0.2273,
frame_ms,0.2158,
frame_ms,0.2289,
frame_ms,0.2403,
frame_ms,0.2347,
frame_ms,0.2199,
frame_ms,0.213,
frame_ms,0.2358,
frame_ms,0.2169,
frame_ms,0.2066,
frame_ms,0.3249,
frame_ms,0.6241,
frame_ms,0.3111,
frame_ms,0.2409,
frame_ms,0.2632,
frame_ms,0.2178,
frame_ms,0.2187,
frame_ms,0.2127,
frame_ms,0.2622,
frame_ms,0.2738,
frame_ms,0.2413,
frame_ms,0.3018,
frame_ms,0.2265,
frame_ms,0.2118,
frame_ms,0.2122,
frame_ms,0.2712,
tick_us,17,16
frame_ms,0.3022,
frame_ms,0.2477,
frame_ms,0.2392,
frame_ms,0.4033,
frame_ms,0.3673,
frame_ms,0.3737,
frame_ms,0.3627,
frame_ms,0.2783,
frame_ms,0.2366,
frame_ms,0.2123,
frame_ms,0.2202,
frame_ms,0.2206,
frame_ms,0.2466,
frame_ms,0.2484,
frame_ms,0.2849,
frame_ms,0.2734,
frame_ms,0.2596,
frame_ms,0.2609,
frame_ms,0.2347,
frame_ms,0.2267,
frame_ms,0.2153,
frame_ms,0.2402,
frame_ms,0.2419,
frame_ms,0.2214,
frame_ms,0.266,
frame_ms,0.2233,
tick_us,18.2,16
frame_ms,0.2877,
frame_ms,0.2361,
frame_ms,0.2191,
frame_ms,0.2143,
frame_ms,0.2337,
frame_ms,0.2219,
frame_ms,0.3459,
frame_ms,0.2692,
frame_ms,0.2464,
frame_ms,0.2178,
frame_ms,0.2513,
frame_ms,0.2274,
frame_ms,0.2149,
frame_ms,0.2102,
frame_ms,0.2331,
frame_ms,0.2472,
frame_ms,0.2931,
frame_ms,0.2244,
frame_ms,0.404,
frame_ms,0.2722,
frame_ms,0.221,
frame_ms,0.3579,
frame_ms,0.3654,
frame_ms,0.421,
frame_ms,0.3622,
tick_us,22.5,16
frame_ms,0.4263,
frame_ms,0.2534,
frame_ms,0.3041,
frame_ms,0.5235,
frame_ms,0.2256,
frame_ms,0.2262,
frame_ms,0.2201,
frame_ms,0.2244,
frame_ms,0.2258,
frame_ms,0.3047,
frame_ms,0.2834,
frame_ms,0.2428,
frame_ms,0.2461,
frame_ms,0.3253,
frame_ms,0.2404,
frame_ms,0.2363,
frame_ms,0.2324,
frame_ms,0.226,
frame_ms,0.4036,
frame_ms,0.2892,
frame_ms,0.2298,
frame_ms,0.2255,
frame_ms,0.2245,
frame_ms,0.2319,
frame_ms,0.2106,
frame_ms,0.2988,
tick_us,19,16
frame_ms,0.3359,
frame_ms,0.6461,
frame_ms,0.3736,
frame_ms,0.397,
frame_ms,0.327,
frame_ms,0.2557,
frame_ms,0.2223,
frame_ms,0.2258,
frame_ms,0.2187,
frame_ms,0.2144,
frame_ms,0.2348,
frame_ms,0.2317,
frame_ms,0.2213,
frame_ms,0.2758,
frame_ms,0.2686,
frame_ms,0.2435,
frame_ms,0.2327,
frame_ms,0.2389,
frame_ms,0.222,
frame_ms,0.2221,
frame_ms,0.2307,
frame_ms,0.2465,
frame_ms,0.2198,
frame_ms,0.2124,
frame_ms,0.2373,
tick_us,17.3,18
frame_ms,0.3635,
frame_ms,0.2782,
frame_ms,0.2273,
frame_ms,0.2246,
frame_ms,0.2148,
frame_ms,0.2586,
frame_ms,0.2906,
frame_ms,0.5332,
frame_ms,0.4342,
frame_ms,0.3376,
frame_ms,0.2629,
frame_ms,0.2222,
frame_ms,0.225,
frame_ms,0.2153,
frame_ms,0.237,
frame_ms,0.2197,
frame_ms,0.2195,
frame_ms,0.2348,
frame_ms,0.2153,
frame_ms,0.2103,
frame_ms,0.2909,
frame_ms,0.357,
frame_ms,0.2745,
frame_ms,0.2465,
frame_ms,0.2701,
tick_us,19.9,18
frame_ms,0.4917,
frame_ms,0.2867,
frame_ms,0.2406,
frame_ms,0.2135,
frame_ms,0.2204,
frame_ms,0.2169,
frame_ms,0.213,
frame_ms,0.2629,
frame_ms,0.2725,
frame_ms,0.2437,
frame_ms,0.2374,
frame_ms,0.2287,
frame_ms,0.23,
frame_ms,0.2389,
frame_ms,0.282,
frame_ms,0.2311,
frame_ms,0.2272,
frame_ms,0.22,
frame_ms,0.2144,
frame_ms,0.2447,
frame_ms,0.2233,
frame_ms,0.2165,
frame_ms,0.24,
frame_ms,0.234,
frame_ms,0.2205,
frame_ms,0.2159,
frame_ms,0.2633,
frame_ms,0.2342,
frame_ms,0.2235,
tick_us,19.7,16
frame_ms,0.3675,
frame_ms,0.5367,
frame_ms,0.3779,
frame_ms,0.4062,
frame_ms,0.4077,
frame_ms,0.3601,
frame_ms,0.3474,
frame_ms,0.3366,
frame_ms,0.3006,
frame_ms,0.3447,
frame_ms,0.2694,
frame_ms,0.2449,
frame_ms,0.2244,
frame_ms,0.2304,
frame_ms,0.2342,
frame_ms,0.2194,
frame_ms,0.3541,
frame_ms,0.2694,
frame_ms,0.2261,
frame_ms,0.2187,
frame_ms,0.2335,
frame_ms,0.245,
frame_ms,0.2108,
tick_us,20.2,16
frame_ms,0.2909,
frame_ms,0.2361,
frame_ms,0.2206,
frame_ms,0.212,
frame_ms,0.264,
frame_ms,0.2431,
frame_ms,0.2167,
frame_ms,0.9281,
frame_ms,0.3266,
frame_ms,0.2499,
frame_ms,0.2162,
frame_ms,0.2239,
frame_ms,0.23,
frame_ms,0.2178,
frame_ms,0.2121,
frame_ms,0.2476,
frame_ms,0.2636,
frame_ms,0.2305,
frame_ms,0.2129,
frame_ms,0.2157,
frame_ms,0.2926,
frame_ms,0.5086,
frame_ms,0.3277,
frame_ms,0.275,
tick_us,22.1,14
frame_ms,0.3329,
frame_ms,0.2685,
frame_ms,0.2488,
frame_ms,0.258,
frame_ms,0.2429,
frame_ms,0.2418,
frame_ms,0.2396,
frame_ms,0.2402,
frame_ms,0.231,
frame_ms,0.2289,
frame_ms,0.513,
frame_ms,0.2683,
frame_ms,0.6326,
frame_ms,0.2981,
frame_ms,0.2871,
frame_ms,0.2609,
frame_ms,0.2321,
frame_ms,0.2248,
frame_ms,0.2205,
frame_ms,0.2304,
frame_ms,0.2257,
frame_ms,0.2231,
frame_ms,0.2088,
frame_ms,0.2706,
frame_ms,0.2762,
tick_us,18.1,14
frame_ms,0.3897,
frame_ms,0.2791,
frame_ms,0.2864,
frame_ms,0.2364,
frame_ms,0.2381,
frame_ms,0.2639,
frame_ms,0.2782,
frame_ms,0.2623,
frame_ms,0.2313,
frame_ms,0.23,
frame_ms,0.2176,
frame_ms,0.2171,
frame_ms,0.4006,
frame_ms,0.2647,
frame_ms,0.2219,
frame_ms,0.224,
frame_ms,0.2341,
frame_ms,0.2203,
frame_ms,0.6493,
frame_ms,0.3641,
frame_ms,0.3953,
frame_ms,0.3983,
frame_ms,0.3099,
frame_ms,0.2459,
tick_us,18.8,14
frame_ms,0.2873,
frame_ms,0.2269,
frame_ms,0.2209,
frame_ms,0.2202,
frame_ms,0.2171,
frame_ms,0.242,
frame_ms,0.2819,
frame_ms,0.2961,
frame_ms,0.2764,
frame_ms,0.2405,
frame_ms,0.236,
frame_ms,0.246,
frame_ms,0.2218,
frame_ms,0.2638,
frame_ms,0.2254,
frame_ms,0.2189,
frame_ms,0.2197,
frame_ms,0.2634,
frame_ms,0.2313,
frame_ms,0.2203,
frame_ms,0.2177,
frame_ms,0.2475,
frame_ms,0.3627,
frame_ms,0.263,
frame_ms,0.2529,
frame_ms,0.2365,
frame_ms,0.2353,
frame_ms,0.2228,
tick_us,18.1,14
frame_ms,0.3013,
frame_ms,0.2504,
frame_ms,0.2841,
frame_ms,0.2216,
frame_ms,0.2162,
frame_ms,0.213,
frame_ms,0.2654,
frame_ms,0.2714,
frame_ms,0.2314,
frame_ms,0.224,
frame_ms,0.2182,
frame_ms,0.336,
frame_ms,0.3457,
frame_ms,0.2721,
frame_ms,0.2366,
frame_ms,0.2187,
frame_ms,0.2075,
frame_ms,0.2511,
frame_ms,0.2551,
frame_ms,0.2605,
frame_ms,0.2344,
frame_ms,0.469,
frame_ms,0.2442,
frame_ms,0.2148,
frame_ms,0.2173,
frame_ms,0.2176,
frame_ms,0.2152,
frame_ms,0.2464,
tick_us,18,14
frame_ms,0.3013,
frame_ms,0.2621,
frame_ms,0.2244,
frame_ms,0.3669,
frame_ms,0.2326,
frame_ms,0.217,
frame_ms,0.2271,
frame_ms,0.2095,
frame_ms,0.2596,
frame_ms,0.2263,
frame_ms,0.2195,
frame_ms,0.241,
frame_ms,0.2191,
frame_ms,0.2094,
frame_ms,0.2442,
frame_ms,0.2138,
frame_ms,0.2518,
frame_ms,0.2165,
frame_ms,0.2657,
frame_ms,0.3617,
frame_ms,0.2882,
frame_ms,0.2354,
frame_ms,0.2456,
frame_ms,0.2251,
frame_ms,0.223,
frame_ms,0.2141,
frame_ms,0.2296,
frame_ms,0.2593,
tick_us,16,12
frame_ms,0.2836,
frame_ms,0.2312,
frame_ms,0.2221,
frame_ms,0.2248,
frame_ms,0.2352,
frame_ms,0.2192,
frame_ms,0.8025,
frame_ms,0.3433,
frame_ms,0.3818,
frame_ms,0.4001,
frame_ms,0.2498,
frame_ms,0.2185,
frame_ms,0.2236,
frame_ms,0.2178,
frame_ms,0.2125,
frame_ms,0.2671,
frame_ms,0.2699,
frame_ms,0.2274,
frame_ms,0.2124,
frame_ms,0.2273,
frame_ms,0.2294,
frame_ms,0.2252,
frame_ms,0.2194,
frame_ms,0.2663,
frame_ms,0.2315,
tick_us,21.4,12
frame_ms,0.2803,
frame_ms,0.2287,
frame_ms,0.2683,
frame_ms,0.2112,
frame_ms,0.2339,
frame_ms,0.2263,
frame_ms,0.2224,
frame_ms,0.2638,
frame_ms,0.2302,
frame_ms,0.2067,
frame_ms,0.2257,
frame_ms,0.2717,
frame_ms,0.2231,
frame_ms,0.2302,
frame_ms,0.2177,
frame_ms,0.2043,
frame_ms,0.2702,
frame_ms,0.2308,
frame_ms,0.2105,
frame_ms,0.2623,
frame_ms,0.2096,
frame_ms,0.2013,
frame_ms,0.2606,
frame_ms,0.2254,
frame_ms,0.2098,
frame_ms,0.2364,
frame_ms,0.2064,
frame_ms,0.2008,
frame_ms,0.2512,
frame_ms,0.2729,
tick_us,17.8,12
frame_ms,0.3421,
frame_ms,0.2544,
frame_ms,0.2405,
frame_ms,0.2226,
frame_ms,0.2193,
frame_ms,0.231,
frame_ms,0.2347,
frame_ms,0.249,
frame_ms,0.2531,
frame_ms,0.2188,
frame_ms,0.2127,
frame_ms,0.2431,
frame_ms,0.2263,
frame_ms,0.2083,
frame_ms,0.2424,
frame_ms,0.2241,
frame_ms,0.2032,
frame_ms,0.2848,
frame_ms,0.2472,
frame_ms,0.2257,
frame_ms,0.2137,
frame_ms,0.2336,
frame_ms,0.5145,
frame_ms,0.3672,
frame_ms,0.343,
frame_ms,0.3453,
tick_us,18.1,12
frame_ms,0.3975,
frame_ms,0.3459,
frame_ms,0.2617,
frame_ms,0.2124,
frame_ms,0.2124,
frame_ms,0.2146,
frame_ms,0.226,
frame_ms,0.2279,
frame_ms,0.3229,
frame_ms,0.2691,
frame_ms,0.3561,
frame_ms,0.3075,
frame_ms,0.2524,
frame_ms,0.2126,
frame_ms,0.2128,
frame_ms,0.2096,
frame_ms,0.2257,
frame_ms,0.2795,
frame_ms,0.247,
frame_ms,0.2315,
frame_ms,0.2247,
frame_ms,0.3905,
frame_ms,0.2669,
frame_ms,0.2394,
frame_ms,0.2274,
frame_ms,0.217,
frame_ms,0.2096,
tick_us,17.3,12
frame_ms,0.3487,
frame_ms,0.3351,
frame_ms,0.2487,
frame_ms,0.2088,
frame_ms,0.2169,
frame_ms,0.2793,
frame_ms,0.2311,
frame_ms,0.2182,
frame_ms,0.2086,
frame_ms,0.259,
frame_ms,0.2266,
frame_ms,0.2119,
frame_ms,0.2593,
frame_ms,0.2481,
frame_ms,0.2145,
frame_ms,0.2389,
frame_ms,0.214,
frame_ms,0.2085,
frame_ms,0.2494,
frame_ms,0.2241,
frame_ms,0.2058,
frame_ms,0.2347,
frame_ms,0.2175,
frame_ms,0.2156,
frame_ms,0.2525,
frame_ms,0.2236,
frame_ms,0.2114,
frame_ms,0.2433,
frame_ms,0.2207,
frame_ms,0.2179,
tick_us,17.9,14
frame_ms,0.3401,
frame_ms,0.2677,
frame_ms,0.2292,
frame_ms,0.2227,
frame_ms,0.2202,
frame_ms,0.2165,
frame_ms,0.2075,
frame_ms,0.2711,
frame_ms,0.2655,
frame_ms,0.2288,
frame_ms,0.2136,
frame_ms,0.2102,
frame_ms,0.2531,
frame_ms,0.2241,
frame_ms,0.2092,
frame_ms,0.2254,
frame_ms,0.3009,
frame_ms,0.2553,
frame_ms,0.2431,
frame_ms,0.3286,
frame_ms,0.2431,
frame_ms,0.2216,
frame_ms,0.2458,
frame_ms,0.2149,
frame_ms,0.2094,
frame_ms,0.2262,
frame_ms,0.2233,
frame_ms,0.2373,
frame_ms,0.2135,
tick_us,15.3,14
frame_ms,0.2668,
frame_ms,0.2218,
frame_ms,0.2284,
frame_ms,0.2134,
frame_ms,0.2737,
frame_ms,0.27,
frame_ms,0.3019,
frame_ms,0.3415,
frame_ms,0.2324,
frame_ms,0.2249,
frame_ms,0.2211,
frame_ms,0.2585,
frame_ms,0.2183,
frame_ms,0.2152,
frame_ms,0.2362,
frame_ms,0.2187,
frame_ms,0.2129,
frame_ms,0.2658,
frame_ms,0.2753,
frame_ms,0.2297,
frame_ms,0.2199,
frame_ms,0.2149,
frame_ms,0.2591,
frame_ms,0.3928,
frame_ms,0.2713,
frame_ms,0.2227,
frame_ms,0.2176,
frame_ms,0.213,
tick_us,17.4,14
frame_ms,0.2698,
frame_ms,0.2236,
frame_ms,0.2215,
frame_ms,0.2526,
frame_ms,0.2245,
frame_ms,0.212,
frame_ms,0.225,
frame_ms,0.2361,
frame_ms,0.2172,
frame_ms,0.2048,
frame_ms,0.2376,
frame_ms,0.4013,
frame_ms,0.3834,
frame_ms,0.4251,
frame_ms,0.3254,
frame_ms,0.2439,
frame_ms,0.2118,
frame_ms,0.2182,
frame_ms,0.4003,
frame_ms,0.2582,
frame_ms,0.2165,
frame_ms,0.2166,
frame_ms,0.2136,
frame_ms,0.2117,
frame_ms,0.2362,
frame_ms,0.2159,
frame_ms,0.2306,
tick_us,17.5,14
frame_ms,0.2941,
frame_ms,0.2384,
frame_ms,0.2965,
frame_ms,0.2322,
frame_ms,0.212,
frame_ms,0.2093,
frame_ms,0.2638,
frame_ms,0.2309,
frame_ms,0.2094,
frame_ms,0.2554,
frame_ms,0.2172,
frame_ms,0.2331,
frame_ms,0.2214,
frame_ms,0.2612,
frame_ms,0.2256,
frame_ms,0.213,
frame_ms,0.2986,
frame_ms,0.2688,
frame_ms,0.2538,
frame_ms,0.2484,
frame_ms,0.2139,
frame_ms,0.2083,
frame_ms,0.292,
frame_ms,0.2612,
frame_ms,0.2166,
frame_ms,0.233,
frame_ms,0.2158,
frame_ms,0.2116,
frame_ms,0.2165,
tick_us,15.9,14
frame_ms,0.2964,
frame_ms,0.2309,
frame_ms,0.2206,
frame_ms,0.207,
frame_ms,0.2028,
frame_ms,0.2733,
frame_ms,0.2657,
frame_ms,0.2424,
frame_ms,0.3819,
frame_ms,0.4198,
frame_ms,0.3489,
frame_ms,0.3349,
frame_ms,0.3348,
frame_ms,0.2543,
frame_ms,0.22,
frame_ms,0.2176,
frame_ms,0.209,
frame_ms,0.2031,
frame_ms,0.2571,
frame_ms,0.2193,
frame_ms,0.3553,
frame_ms,0.447,
frame_ms,0.2842,
frame_ms,0.2693,
tick_us,19.8,14
frame_ms,0.4546,
frame_ms,0.2752,
frame_ms,0.2379,
frame_ms,0.2133,
frame_ms,0.2206,
frame_ms,0.2189,
frame_ms,0.2152,
frame_ms,0.2391,
frame_ms,0.2849,
frame_ms,0.2365,
frame_ms,0.2192,
frame_ms,0.324,
frame_ms,0.2811,
frame_ms,0.3723,
frame_ms,0.2566,
frame_ms,0.2391,
frame_ms,0.2401,
frame_ms,0.2887,
frame_ms,0.3112,
frame_ms,0.2592,
frame_ms,0.2349,
frame_ms,0.2207,
frame_ms,0.2156,
frame_ms,0.217,
frame_ms,0.2178,
frame_ms,0.2429,
frame_ms,0.222,
frame_ms,0.2154,
tick_us,17.4,12
frame_ms,0.3037,
frame_ms,0.5052,
frame_ms,0.2444,
frame_ms,0.2233,
frame_ms,0.2588,
frame_ms,0.2162,
frame_ms,0.2152,
frame_ms,0.2115,
frame_ms,0.2632,
frame_ms,0.2282,
frame_ms,0.2124,
frame_ms,0.2287,
frame_ms,0.2147,
frame_ms,0.2707,
frame_ms,0.2266,
frame_ms,0.2134,
frame_ms,0.2605,
frame_ms,0.2336,
frame_ms,0.2171,
frame_ms,0.2719,
frame_ms,0.2352,
frame_ms,0.2116,
frame_ms,0.235,
frame_ms,0.2761,
frame_ms,0.2336,
frame_ms,0.2124,
frame_ms,0.2115,
frame_ms,0.2347,
tick_us,15.8,10
frame_ms,0.2851,
frame_ms,0.2353,
frame_ms,0.2253,
frame_ms,0.2193,
frame_ms,0.2085,
frame_ms,0.2807,
frame_ms,0.2445,
frame_ms,0.2309,
frame_ms,0.2691,
frame_ms,0.365,
frame_ms,0.3591,
frame_ms,0.4034,
frame_ms,0.2534,
frame_ms,0.2239,
frame_ms,0.2348,
frame_ms,0.2351,
frame_ms,0.2232,
frame_ms,0.2152,
frame_ms,0.2213,
frame_ms,0.3033,
frame_ms,0.2605,
frame_ms,0.293,
frame_ms,0.2182,
frame_ms,0.2269,
frame_ms,0.2863,
frame_ms,0.2328,
frame_ms,0.2151,
tick_us,19.2,14
frame_ms,0.3463,
frame_ms,0.2358,
frame_ms,0.2135,
frame_ms,0.2067,
frame_ms,0.2097,
frame_ms,0.2631,
frame_ms,0.2237,
frame_ms,0.2104,
frame_ms,0.2494,
frame_ms,0.2257,
frame_ms,0.2087,
frame_ms,0.2608,
frame_ms,0.2323,
frame_ms,0.2187,
frame_ms,0.3003,
frame_ms,0.2326,
frame_ms,0.2096,
frame_ms,0.224,
frame_ms,0.2245,
frame_ms,0.2093,
frame_ms,0.2106,
frame_ms,0.2627,
frame_ms,0.2242,
frame_ms,0.216,
frame_ms,0.239,
frame_ms,0.2212,
frame_ms,0.2039,
frame_ms,0.2366,
frame_ms,0.2205,
frame_ms,0.2164,
tick_us,14.9,16
frame_ms,0.3024,
frame_ms,0.2515,
frame_ms,0.2951,
frame_ms,0.2747,
frame_ms,0.2302,
frame_ms,0.2236,
frame_ms,0.2208,
frame_ms,0.2128,
frame_ms,0.2099,
frame_ms,0.2622,
frame_ms,0.2479,
frame_ms,0.2184,
frame_ms,0.2079,
frame_ms,0.2533,
frame_ms,0.2227,
frame_ms,0.2126,
frame_ms,0.2709,
frame_ms,0.2207,
frame_ms,0.22,
frame_ms,0.255,
frame_ms,0.2327,
frame_ms,0.2015,
frame_ms,0.2946,
frame_ms,0.2257,
frame_ms,0.2094,
frame_ms,0.2815,
frame_ms,0.235,
frame_ms,0.2134,
frame_ms,0.2022,
tick_us,13.8,16
frame_ms,0.3022,
frame_ms,0.2301,
frame_ms,0.2159,
frame_ms,0.2072,
frame_ms,0.2241,
frame_ms,0.3468,
frame_ms,0.2824,
frame_ms,0.2653,
frame_ms,0.2276,
frame_ms,0.2367,
frame_ms,0.215,
frame_ms,0.2333,
frame_ms,0.2314,
frame_ms,0.2154,
frame_ms,0.2138,
frame_ms,0.2753,
frame_ms,0.2647,
frame_ms,0.228,
frame_ms,0.2169,
frame_ms,0.2074,
frame_ms,0.2554,
frame_ms,0.2247,
frame_ms,0.225,
frame_ms,0.2069,
frame_ms,0.283,
frame_ms,0.2965,
frame_ms,0.2486,
frame_ms,0.2274,
frame_ms,0.2186,
tick_us,17.8,16
frame_ms,0.3017,
frame_ms,0.2284,
frame_ms,0.2474,
frame_ms,0.2617,
frame_ms,0.2231,
frame_ms,0.2083,
frame_ms,0.249,
frame_ms,0.2165,
frame_ms,0.2051,
frame_ms,0.2351,
frame_ms,0.2208,
frame_ms,0.2079,
frame_ms,0.258,
frame_ms,0.2503,
frame_ms,0.3572,
frame_ms,0.3992,
frame_ms,0.2663,
frame_ms,0.2158,
frame_ms,0.2111,
frame_ms,0.2072,
frame_ms,0.2053,
frame_ms,0.2487,
frame_ms,0.3325,
frame_ms,0.3169,
frame_ms,0.2294,
frame_ms,0.2184,
frame_ms,0.2134,
frame_ms,0.2399,
tick_us,18,16
frame_ms,0.4289,
frame_ms,0.2951,
frame_ms,0.2213,
frame_ms,0.2121,
frame_ms,0.211,
frame_ms,0.2009,
frame_ms,0.2656,
frame_ms,0.2206,
frame_ms,0.2034,
frame_ms,0.246,
frame_ms,0.2234,
frame_ms,0.2046,
frame_ms,0.2472,
frame_ms,0.2175,
frame_ms,0.2115,
frame_ms,0.2415,
frame_ms,0.354,
frame_ms,0.2661,
frame_ms,0.2489,
frame_ms,0.2651,
frame_ms,0.2369,
frame_ms,0.2397,
frame_ms,0.2528,
frame_ms,0.289,
frame_ms,0.4048,
frame_ms,0.2079,
frame_ms,0.2089,
tick_us,14,16
frame_ms,0.2608,
frame_ms,0.2207,
frame_ms,0.2249,
frame_ms,0.2101,
frame_ms,0.2431,
frame_ms,0.2376,
frame_ms,0.2038,
frame_ms,0.4343,
frame_ms,0.3035,
frame_ms,0.2583,
frame_ms,0.2407,
frame_ms,0.2755,
frame_ms,0.2413,
frame_ms,0.2382,
frame_ms,0.2445,
frame_ms,0.2357,
frame_ms,0.2353,
frame_ms,0.2309,
frame_ms,0.2302,
frame_ms,0.2286,
frame_ms,0.2796,
frame_ms,0.2434,
frame_ms,0.22,
frame_ms,0.2145,
frame_ms,0.2753,
frame_ms,0.2323,
frame_ms,0.2092,
frame_ms,0.2217,
tick_us,13.9,16
frame_ms,0.3296,
frame_ms,0.2513,
frame_ms,0.2367,
frame_ms,0.2281,
frame_ms,0.217,
frame_ms,0.2122,
frame_ms,0.2601,
frame_ms,0.2243,
frame_ms,0.2097,
frame_ms,0.2257,
frame_ms,0.2385,
frame_ms,0.2173,
frame_ms,0.2049,
frame_ms,0.8717,
frame_ms,0.2412,
frame_ms,0.2134,
frame_ms,0.2151,
frame_ms,0.2496,
frame_ms,0.2071,
frame_ms,0.247,
frame_ms,0.2233,
frame_ms,0.2105,
frame_ms,0.2304,
frame_ms,0.322,
frame_ms,0.3928,
frame_ms,0.4106,
tick_us,14.9,16
frame_ms,0.3265,
frame_ms,0.2557,
frame_ms,0.2226,
frame_ms,0.2282,
frame_ms,0.2143,
frame_ms,0.2346,
frame_ms,0.2478,
frame_ms,0.2595,
frame_ms,0.2214,
frame_ms,0.2549,
frame_ms,0.2247,
frame_ms,0.2149,
frame_ms,0.225,
frame_ms,0.2329,
frame_ms,0.2241,
frame_ms,0.2129,
frame_ms,0.3242,
frame_ms,0.2879,
frame_ms,0.3849,
frame_ms,0.3305,
frame_ms,0.2429,
frame_ms,0.2156,
frame_ms,0.234,
frame_ms,0.2206,
frame_ms,0.214,
frame_ms,0.2328,
frame_ms,0.2274,
frame_ms,0.2241,
tick_us,18,16
frame_ms,0.2772,
frame_ms,0.2349,
frame_ms,0.2112,
frame_ms,0.235,
frame_ms,0.4273,
frame_ms,0.2995,
frame_ms,0.2497,
frame_ms,0.2383,
frame_ms,0.2407,
frame_ms,0.2367,
frame_ms,0.2684,
frame_ms,0.4336,
frame_ms,0.4417,
frame_ms,0.3368,
frame_ms,0.2612,
frame_ms,0.2172,
frame_ms,0.2195,
frame_ms,0.2091,
frame_ms,0.2088,
frame_ms,0.2792,
frame_ms,0.2407,
frame_ms,0.2226,
frame_ms,0.253,
frame_ms,0.2497,
frame_ms,0.229,
frame_ms,0.2331,
tick_us,17.2,16
frame_ms,0.2877,
frame_ms,0.2221,
frame_ms,0.2118,
frame_ms,0.2247,
frame_ms,0.2137,
frame_ms,0.2147,
frame_ms,0.2515,
frame_ms,0.2244,
frame_ms,0.2113,
frame_ms,0.2302,
frame_ms,0.2446,
frame_ms,0.2207,
frame_ms,0.4652,
frame_ms,0.4037,
frame_ms,0.3472,
frame_ms,0.3916,
frame_ms,0.3945,
frame_ms,0.3346,
frame_ms,0.2513,
frame_ms,0.226,
frame_ms,0.2144,
frame_ms,0.2167,
frame_ms,0.2119,
frame_ms,0.2405,
frame_ms,0.234,
frame_ms,0.2387,
tick_us,16.3,16
frame_ms,0.2841,
frame_ms,0.2319,
frame_ms,0.3914,
frame_ms,0.3051,
frame_ms,0.2336,
frame_ms,0.2147,
frame_ms,0.221,
frame_ms,0.2169,
frame_ms,0.2278,
frame_ms,0.2172,
frame_ms,0.2752,
frame_ms,0.2223,
frame_ms,0.2153,
frame_ms,0.2246,
frame_ms,0.2193,
frame_ms,0.2089,
frame_ms,0.2281,
frame_ms,0.2862,
frame_ms,0.2426,
frame_ms,0.9632,
frame_ms,0.3005,
frame_ms,0.3463,
frame_ms,0.2841,
frame_ms,0.2382,
tick_us,17.8,16
frame_ms,0.2979,
frame_ms,0.2575,
frame_ms,0.2399,
frame_ms,0.2281,
frame_ms,0.2557,
frame_ms,0.3172,
frame_ms,0.2956,
frame_ms,0.2654,
frame_ms,0.2449,
frame_ms,0.2402,
frame_ms,0.2323,
frame_ms,0.2304,
frame_ms,0.3128,
frame_ms,0.3809,
frame_ms,0.221,
frame_ms,0.2237,
frame_ms,0.2165,
frame_ms,0.2163,
frame_ms,0.2524,
frame_ms,0.2256,
frame_ms,0.2275,
frame_ms,0.2173,
frame_ms,0.3996,
frame_ms,0.3282,
frame_ms,0.2225,
frame_ms,0.2204,
frame_ms,0.2275,
tick_us,18.1,16
frame_ms,0.2828,
frame_ms,0.2352,
frame_ms,0.2349,
frame_ms,0.215,
frame_ms,0.2841,
frame_ms,0.2099,
frame_ms,0.2614,
frame_ms,0.2356,
frame_ms,0.2151,
frame_ms,0.2329,
frame_ms,0.3876,
frame_ms,0.3782,
frame_ms,0.3787,
frame_ms,0.3164,
frame_ms,0.2648,
frame_ms,0.2157,
frame_ms,0.2307,
frame_ms,0.2225,
frame_ms,0.216,
frame_ms,0.2184,
frame_ms,0.2421,
frame_ms,0.2248,
frame_ms,0.2951,
frame_ms,0.2385,
frame_ms,0.2216,
frame_ms,0.2152,
frame_ms,0.331,
tick_us,16.8,14
frame_ms,0.3486,
frame_ms,0.2788,
frame_ms,0.2463,
frame_ms,0.2447,
frame_ms,0.2357,
frame_ms,0.2517,
frame_ms,0.2752,
frame_ms,0.242,
frame_ms,0.2229,
frame_ms,0.2144,
frame_ms,0.241,
frame_ms,0.2258,
frame_ms,0.2152,
frame_ms,0.2141,
frame_ms,0.2415,
frame_ms,0.2261,
frame_ms,0.3659,
frame_ms,0.4561,
frame_ms,0.3457,
frame_ms,0.3364,
frame_ms,0.2531,
frame_ms,0.2244,
frame_ms,0.2167,
frame_ms,0.2112,
frame_ms,0.2097,
frame_ms,0.2453,
frame_ms,0.2227,
tick_us,16.5,14
frame_ms,0.2722,
frame_ms,0.2236,
frame_ms,0.2068,
frame_ms,0.2514,
frame_ms,0.2225,
frame_ms,0.2216,
frame_ms,0.2373,
frame_ms,0.2311,
frame_ms,0.3722,
frame_ms,0.3348,
frame_ms,0.2399,
frame_ms,0.2279,
frame_ms,0.2205,
frame_ms,0.2144,
frame_ms,0.2142,
frame_ms,0.2438,
frame_ms,0.2465,
frame_ms,0.2183,
frame_ms,0.2108,
frame_ms,0.2616,
frame_ms,0.2522,
frame_ms,0.2178,
frame_ms,0.286,
frame_ms,0.3456,
frame_ms,0.2791,
frame_ms,0.2359,
frame_ms,0.2147,
frame_ms,0.2134,
tick_us,15.6,14
frame_ms,0.2635,
frame_ms,0.2246,
frame_ms,0.219,
frame_ms,0.2458,
frame_ms,0.4597,
frame_ms,0.318,
frame_ms,0.2413,
frame_ms,0.2107,
frame_ms,0.2151,
frame_ms,0.2134,
frame_ms,0.2844,
frame_ms,0.2448,
frame_ms,0.2406,
frame_ms,0.3512,
frame_ms,0.2439,
frame_ms,0.2306,
frame_ms,0.2199,
frame_ms,0.2402,
frame_ms,0.2209,
frame_ms,0.2393,
frame_ms,0.2284,
frame_ms,0.2249,
frame_ms,0.2171,
frame_ms,0.2382,
frame_ms,0.2283,
frame_ms,0.2122,
frame_ms,0.2139,
frame_ms,0.3084,
tick_us,16.6,12
frame_ms,0.3319,
frame_ms,0.2698,
frame_ms,0.2917,
frame_ms,0.2559,
frame_ms,0.5117,
frame_ms,0.2834,
frame_ms,0.2511,
frame_ms,0.2224,
frame_ms,0.2387,
frame_ms,0.2249,
frame_ms,0.2161,
frame_ms,0.2154,
frame_ms,0.2524,
frame_ms,0.2137,
frame_ms,0.2116,
frame_ms,0.2475,
frame_ms,0.2482,
frame_ms,0.3151,
frame_ms,0.2284,
frame_ms,0.2205,
frame_ms,0.209,
frame_ms,0.2344,
frame_ms,0.2098,
frame_ms,0.205,
frame_ms,0.2375,
frame_ms,0.2248,
frame_ms,0.2148,
tick_us,18.8,12
frame_ms,0.3306,
frame_ms,0.2324,
frame_ms,0.2123,
frame_ms,0.22,
frame_ms,0.21,
frame_ms,0.3128,
frame_ms,0.2683,
frame_ms,0.2484,
frame_ms,0.2336,
frame_ms,0.239,
frame_ms,0.2342,
frame_ms,0.5187,
frame_ms,0.4194,
frame_ms,0.2392,
frame_ms,0.2236,
frame_ms,0.2097,
frame_ms,0.2042,
frame_ms,0.2059,
frame_ms,0.2674,
frame_ms,0.2243,
frame_ms,0.2054,
frame_ms,0.2837,
frame_ms,0.2258,
frame_ms,0.2255,
frame_ms,0.2855,
frame_ms,0.2119,
frame_ms,0.2693,
tick_us,15.8,10
frame_ms,0.3226,
frame_ms,0.2243,
frame_ms,0.2195,
frame_ms,0.2014,
frame_ms,0.2043,
frame_ms,0.2667,
frame_ms,0.2257,
frame_ms,0.2083,
frame_ms,0.2503,
frame_ms,0.2182,
frame_ms,0.2169,
frame_ms,0.3265,
frame_ms,0.2967,
frame_ms,0.6913,
frame_ms,0.3992,
frame_ms,0.4505,
frame_ms,0.348,
frame_ms,0.3545,
frame_ms,0.2668,
frame_ms,0.2184,
frame_ms,0.2189,
frame_ms,0.2079,
frame_ms,0.2056,
frame_ms,0.2607,
frame_ms,0.231,
tick_us,13.7,10
frame_ms,0.262,
frame_ms,0.2287,
frame_ms,0.4013,
frame_ms,0.2892,
frame_ms,0.2758,
frame_ms,0.2416,
frame_ms,0.2292,
frame_ms,0.2284,
frame_ms,0.2245,
frame_ms,0.2164,
frame_ms,0.2279,
frame_ms,0.2276,
frame_ms,0.2216,
frame_ms,0.2735,
frame_ms,0.2741,
frame_ms,0.2267,
frame_ms,0.2197,
frame_ms,0.2161,
frame_ms,0.6354,
frame_ms,0.403,
frame_ms,0.404,
frame_ms,0.2559,
frame_ms,0.2241,
frame_ms,0.2059,
frame_ms,0.2212,
tick_us,16.7,10
frame_ms,0.2699,
frame_ms,0.2275,
frame_ms,0.2212,
frame_ms,0.2148,
frame_ms,0.254,
frame_ms,0.2432,
frame_ms,0.2157,
frame_ms,0.2461,
frame_ms,0.2906,
frame_ms,0.2373,
frame_ms,0.2327,
frame_ms,0.2176,
frame_ms,0.2197,
frame_ms,0.2735,
frame_ms,0.2378,
frame_ms,0.218,
frame_ms,0.2132,
frame_ms,0.2584,
frame_ms,0.2584,
frame_ms,0.2221,
frame_ms,0.2156,
frame_ms,0.2316,
frame_ms,0.2159,
frame_ms,0.2597,
frame_ms,0.2672,
frame_ms,0.2407,
frame_ms,0.3064,
frame_ms,0.3193,
frame_ms,0.2559,
tick_us,14.5,10
frame_ms,0.2866,
frame_ms,0.2197,
frame_ms,0.2105,
frame_ms,0.2061,
frame_ms,0.2134,
frame_ms,0.246,
frame_ms,0.2243,
frame_ms,0.2077,
frame_ms,0.2264,
frame_ms,0.3106,
frame_ms,0.5015,
frame_ms,0.3688,
frame_ms,0.3238,
frame_ms,0.244,
frame_ms,0.2516,
frame_ms,0.2123,
frame_ms,0.2051,
frame_ms,0.2445,
frame_ms,0.2164,
frame_ms,0.2034,
frame_ms,0.234,
frame_ms,0.2255,
frame_ms,0.2083,
frame_ms,0.2598,
frame_ms,0.219,
frame_ms,0.2167,
frame_ms,0.2446,
tick_us,15.3,10
frame_ms,0.4929,
frame_ms,0.3481,
frame_ms,0.2535,
frame_ms,0.2163,
frame_ms,0.2478,
frame_ms,0.211,
frame_ms,0.2101,
frame_ms,0.2168,
frame_ms,0.2545,
frame_ms,0.2255,
frame_ms,0.2086,
frame_ms,0.2265,
frame_ms,0.2478,
frame_ms,0.2228,
frame_ms,0.2077,
frame_ms,0.2425,
frame_ms,0.2433,
frame_ms,0.2051,
frame_ms,0.2651,
frame_ms,0.2736,
frame_ms,0.2106,
frame_ms,0.2114,
frame_ms,0.2231,
frame_ms,0.2429,
frame_ms,0.2215,
frame_ms,0.2026,
frame_ms,0.249,
frame_ms,0.2212,
frame_ms,0.2073,
tick_us,13.9,10
frame_ms,0.287,
frame_ms,0.224,
frame_ms,0.2111,
frame_ms,0.2087,
frame_ms,0.2076,
frame_ms,0.3222,
frame_ms,0.2761,
frame_ms,0.242,
frame_ms,0.2659,
frame_ms,0.2346,
frame_ms,0.2286,
frame_ms,0.2263,
frame_ms,0.2191,
frame_ms,0.265,
frame_ms,0.2262,
frame_ms,0.2153,
frame_ms,0.2299,
frame_ms,0.212,
frame_ms,0.2827,
frame_ms,0.2696,
frame_ms,0.2279,
frame_ms,0.2177,
frame_ms,0.2095,
frame_ms,0.2639,
frame_ms,0.6118,
frame_ms,0.2844,
frame_ms,0.2366,
frame_ms,0.2193,
tick_us,16.1,10
frame_ms,0.2684,
frame_ms,0.2309,
frame_ms,0.2202,
frame_ms,0.2585,
frame_ms,0.2267,
frame_ms,0.2072,
frame_ms,0.226,
frame_ms,0.3959,
frame_ms,0.2841,
frame_ms,0.2213,
frame_ms,0.2251,
frame_ms,0.2183,
frame_ms,0.2177,
frame_ms,0.2712,
frame_ms,0.2377,
frame_ms,0.2646,
frame_ms,0.233,
frame_ms,0.2103,
frame_ms,0.247,
frame_ms,0.2285,
frame_ms,0.2102,
frame_ms,0.2256,
frame_ms,0.2316,
frame_ms,0.2195,
frame_ms,0.2086,
frame_ms,0.2674,
frame_ms,0.2258,
frame_ms,0.209,
tick_us,15.4,10
frame_ms,0.3463,
frame_ms,0.2631,
frame_ms,0.2578,
frame_ms,0.231,
frame_ms,0.2191,
frame_ms,0.4455,
frame_ms,0.3633,
frame_ms,0.3399,
frame_ms,0.358,
frame_ms,0.3397,
frame_ms,0.3505,
frame_ms,0.2551,
frame_ms,0.2137,
frame_ms,0.2153,
frame_ms,0.263,
frame_ms,0.2659,
frame_ms,0.242,
frame_ms,0.484,
frame_ms,0.389,
frame_ms,0.2521,
frame_ms,0.2135,
frame_ms,0.219,
frame_ms,0.2146,
frame_ms,0.2134,
tick_us,15,8
frame_ms,0.3206,
frame_ms,0.2417,
frame_ms,0.2133,
frame_ms,0.2085,
frame_ms,0.2038,
frame_ms,0.3262,
frame_ms,0.2416,
frame_ms,0.2326,
frame_ms,0.2263,
frame_ms,0.314,
frame_ms,0.3441,
frame_ms,0.2475,
frame_ms,0.2106,
frame_ms,0.2203,
frame_ms,0.2148,
frame_ms,0.2094,
frame_ms,0.2969,
frame_ms,0.2837,
frame_ms,0.2336,
frame_ms,0.2253,
frame_ms,0.2193,
frame_ms,0.2199,
frame_ms,0.24,
frame_ms,0.216,
frame_ms,0.3396,
frame_ms,0.2922,
frame_ms,0.2492,
frame_ms,0.2401,
tick_us,20.9,8
frame_ms,0.3223,
frame_ms,0.235,
frame_ms,0.3284,
frame_ms,0.2594,
frame_ms,0.2163,
frame_ms,0.2209,
frame_ms,0.2135,
frame_ms,0.2087,
frame_ms,0.2639,
frame_ms,0.2251,
frame_ms,0.2091,
frame_ms,0.267,
frame_ms,0.23,
frame_ms,0.2267,
frame_ms,0.5677,
frame_ms,0.3663,
frame_ms,0.358,
frame_ms,0.3681,
frame_ms,0.2969,
frame_ms,0.247,
frame_ms,0.2123,
frame_ms,0.2416,
frame_ms,0.2216,
frame_ms,0.2122,
frame_ms,0.2101,
frame_ms,0.308,
tick_us,17.7,8
frame_ms,0.3701,
frame_ms,0.3354,
frame_ms,0.2761,
frame_ms,0.2441,
frame_ms,0.2492,
frame_ms,0.2832,
frame_ms,0.2565,
frame_ms,0.2282,
frame_ms,0.2178,
frame_ms,0.2114,
frame_ms,0.2649,
frame_ms,0.2268,
frame_ms,0.213,
frame_ms,0.2107,
frame_ms,0.2432,
frame_ms,0.2256,
frame_ms,0.2679,
frame_ms,1.0633,
frame_ms,0.2965,
frame_ms,0.2719,
frame_ms,0.2301,
frame_ms,0.2445,
frame_ms,0.2494,
frame_ms,0.2324,
tick_us,19.1,6
frame_ms,0.3773,
frame_ms,0.3848,
frame_ms,0.2194,
frame_ms,0.2256,
frame_ms,0.2745,
frame_ms,0.271,
frame_ms,0.2443,
frame_ms,0.2356,
frame_ms,0.3672,
frame_ms,0.2693,
frame_ms,0.224,
frame_ms,0.2209,
frame_ms,0.2147,
frame_ms,0.2123,
frame_ms,0.2553,
frame_ms,0.2284,
frame_ms,0.2148,
frame_ms,0.2071,
frame_ms,0.2573,
frame_ms,0.2702,
frame_ms,0.233,
frame_ms,0.2289,
frame_ms,0.2188,
frame_ms,0.2682,
frame_ms,0.3502,
frame_ms,0.2368,
frame_ms,0.2278,
tick_us,18.1,6
frame_ms,0.4725,
frame_ms,0.3455,
frame_ms,0.2367,
frame_ms,0.2181,
frame_ms,0.2171,
frame_ms,0.2181,
frame_ms,0.2287,
frame_ms,0.2328,
frame_ms,0.216,
frame_ms,0.2077,
frame_ms,0.27,
frame_ms,0.8762,
frame_ms,0.3679,
frame_ms,0.3144,
frame_ms,0.344,
frame_ms,0.2651,
frame_ms,0.2194,
frame_ms,0.22,
frame_ms,0.213,
frame_ms,0.2091,
frame_ms,0.2671,
frame_ms,0.2293,
frame_ms,0.2172,
frame_ms,0.2117,
tick_us,18.6,6
frame_ms,0.3389,
frame_ms,0.3476,
frame_ms,0.3314,
frame_ms,0.3353,
frame_ms,0.2686,
frame_ms,0.3355,
frame_ms,0.2775,
frame_ms,0.2366,
frame_ms,0.248,
frame_ms,0.2401,
frame_ms,0.2329,
frame_ms,0.2241,
frame_ms,0.2392,
frame_ms,0.234,
frame_ms,0.2406,
frame_ms,0.263,
frame_ms,0.2395,
frame_ms,0.2514,
frame_ms,0.2468,
frame_ms,0.2358,
frame_ms,0.2999,
frame_ms,0.283,
frame_ms,0.2639,
frame_ms,0.2364,
frame_ms,0.23,
frame_ms,0.2188,
frame_ms,0.2218,
tick_us,20.5,4
frame_ms,0.3303,
frame_ms,0.2454,
frame_ms,0.2349,
frame_ms,0.2415,
frame_ms,0.3219,
frame_ms,0.2967,
frame_ms,0.3039,
frame_ms,0.2655,
frame_ms,0.2439,
frame_ms,0.26,
frame_ms,0.2483,
frame_ms,0.2413,
frame_ms,0.271,
frame_ms,0.2623,
frame_ms,0.235,
frame_ms,0.233,
frame_ms,0.2327,
frame_ms,0.2691,
frame_ms,0.2753,
frame_ms,0.2389,
frame_ms,0.2762,
frame_ms,0.3166,
frame_ms,0.5623,
frame_ms,0.3703,
tick_us,28.3,4
frame_ms,0.4507,
frame_ms,0.281,
frame_ms,0.244,
frame_ms,0.2238,
frame_ms,0.2354,
frame_ms,0.2444,
frame_ms,0.241,
frame_ms,0.2242,
frame_ms,0.2467,
frame_ms,0.2363,
frame_ms,0.2491,
frame_ms,0.2298,
frame_ms,0.2284,
frame_ms,0.2383,
frame_ms,0.237,
frame_ms,0.2473,
frame_ms,0.3761,
frame_ms,0.2848,
frame_ms,0.2323,
frame_ms,0.2282,
frame_ms,0.2244,
frame_ms,0.2229,
frame_ms,0.2612,
frame_ms,0.2302,
frame_ms,0.2213,
frame_ms,0.22,
frame_ms,0.2565,
frame_ms,0.2729,
tick_us,18.4,4
frame_ms,0.2988,
frame_ms,0.7197,
frame_ms,0.2787,
frame_ms,0.264,
frame_ms,0.2349,
frame_ms,0.2376,
frame_ms,0.2573,
frame_ms,0.221,
frame_ms,0.2317,
frame_ms,0.2175,
frame_ms,0.2534,
frame_ms,0.2166,
frame_ms,0.2047,
frame_ms,0.2242,
frame_ms,0.2326,
frame_ms,0.2168,
frame_ms,0.2425,
frame_ms,0.243,
frame_ms,0.511,
frame_ms,0.3787,
frame_ms,0.3012,
frame_ms,0.2409,
frame_ms,0.2071,
frame_ms,0.2074,
frame_ms,0.2087,
tick_us,17.7,4
frame_ms,0.3357,
frame_ms,0.2627,
frame_ms,0.2538,
frame_ms,0.2137,
frame_ms,0.2111,
frame_ms,0.2115,
frame_ms,0.261,
frame_ms,0.3188,
frame_ms,0.2555,
frame_ms,0.2277,
frame_ms,0.2349,
frame_ms,0.3873,
frame_ms,0.2929,
frame_ms,0.269,
frame_ms,0.2099,
frame_ms,0.2162,
frame_ms,0.2132,
frame_ms,0.2094,
frame_ms,0.2576,
frame_ms,0.2258,
frame_ms,0.2125,
frame_ms,0.2252,
frame_ms,0.2293,
frame_ms,0.4619,
frame_ms,0.2698,
frame_ms,0.2531,
frame_ms,0.2191,
tick_us,15.4,2
frame_ms,0.2905,
frame_ms,0.2628,
frame_ms,0.2219,
frame_ms,0.2176,
frame_ms,0.2081,
frame_ms,0.2752,
frame_ms,0.2262,
frame_ms,0.2132,
frame_ms,0.2256,
frame_ms,0.2365,
frame_ms,0.2772,
frame_ms,0.2707,
frame_ms,0.286,
frame_ms,0.2507,
frame_ms,0.2414,
frame_ms,0.2396,
frame_ms,0.2431,
frame_ms,0.2234,
frame_ms,0.2852,
frame_ms,0.2311,
frame_ms,0.2224,
frame_ms,0.2846,
frame_ms,0.2662,
frame_ms,0.2543,
frame_ms,0.2352,
frame_ms,0.2154,
frame_ms,0.2297,
frame_ms,0.457,
tick_us,21.8,2
frame_ms,0.5036,
frame_ms,0.3649,
frame_ms,0.3127,
frame_ms,0.2673,
frame_ms,0.2234,
frame_ms,0.2226,
frame_ms,0.2167,
frame_ms,0.2144,
frame_ms,0.2685,
frame_ms,0.2371,
frame_ms,0.2222,
frame_ms,0.2318,
frame_ms,0.2676,
frame_ms,0.2328,
frame_ms,0.2275,
frame_ms,0.4128,
frame_ms,0.9963,
frame_ms,0.4021,
frame_ms,0.2681,
frame_ms,0.288,
frame_ms,0.2172,
frame_ms,0.2242,
tick_us,18.5,0
frame_ms,0.2842,
frame_ms,0.2335,
frame_ms,0.2337,
frame_ms,0.2141,
frame_ms,0.2099,
frame_ms,0.2721,
frame_ms,0.2783,
frame_ms,0.2456,
frame_ms,0.2492,
frame_ms,0.2437,
frame_ms,0.2302,
frame_ms,0.2299,
frame_ms,0.2976,
frame_ms,0.3251,
frame_ms,0.2674,
frame_ms,0.2287,
frame_ms,0.2298,
frame_ms,0.2207,
frame_ms,0.2883,
frame_ms,0.2278,
frame_ms,0.216,
frame_ms,0.2445,
frame_ms,0.2264,
frame_ms,0.5457,
frame_ms,0.2882,
frame_ms,0.2298,
frame_ms,0.2282,
tick_us,15.5,0
frame_ms,0.3126,
frame_ms,0.24,
frame_ms,0.2099,
frame_ms,0.2183,
frame_ms,0.2638,
frame_ms,0.2594,
frame_ms,0.228,
frame_ms,0.2144,
frame_ms,0.213,
frame_ms,0.2537,
frame_ms,0.2311,
frame_ms,0.2141,
frame_ms,0.2448,
frame_ms,0.237,
frame_ms,0.2778,
frame_ms,0.2335,
frame_ms,0.2139,
frame_ms,0.2757,
frame_ms,0.2273,
frame_ms,0.2086,
frame_ms,0.2263,
frame_ms,0.4368,
frame_ms,0.4067,
frame_ms,0.3564,
frame_ms,0.3371,
frame_ms,0.3951,
tick_us,17.5,2
frame_ms,0.3418,
frame_ms,0.2546,
frame_ms,0.2511,
frame_ms,0.2204,
frame_ms,0.224,
frame_ms,0.2168,
frame_ms,0.2518,
frame_ms,0.2186,
frame_ms,0.2503,
frame_ms,0.2699,
frame_ms,0.2353,
frame_ms,0.2312,
frame_ms,0.2157,
frame_ms,0.2112,
frame_ms,0.2461,
frame_ms,0.2678,
frame_ms,0.2832,
frame_ms,0.3477,
frame_ms,0.5971,
frame_ms,0.316,
frame_ms,0.2692,
frame_ms,0.3023,
frame_ms,0.3387,
frame_ms,0.2205,
frame_ms,0.2191,
frame_ms,0.2095,
tick_us,18.5,2
frame_ms,0.2765,
frame_ms,0.2274,
frame_ms,0.2197,
frame_ms,0.2596,
frame_ms,0.2239,
frame_ms,0.2362,
frame_ms,0.2425,
frame_ms,0.2495,
frame_ms,0.5699,
frame_ms,0.2484,
frame_ms,0.2203,
frame_ms,0.2132,
frame_ms,0.2091,
frame_ms,0.2074,
frame_ms,0.2442,
frame_ms,0.2233,
frame_ms,0.2119,
frame_ms,0.222,
frame_ms,0.2358,
frame_ms,0.245,
frame_ms,0.2121,
frame_ms,0.2077,
frame_ms,0.2674,
frame_ms,0.235,
frame_ms,0.2211,
frame_ms,0.2686,
frame_ms,0.2806,
frame_ms,0.245,
tick_us,16.3,4
frame_ms,0.2966,
frame_ms,0.2289,
frame_ms,0.2193,
frame_ms,0.2143,
frame_ms,0.2095,
frame_ms,0.2597,
frame_ms,0.2174,
frame_ms,0.2953,
frame_ms,0.2678,
frame_ms,0.2274,
frame_ms,0.2143,
frame_ms,0.2181,
frame_ms,0.2715,
frame_ms,0.2545,
frame_ms,0.2875,
frame_ms,0.2632,
frame_ms,0.2276,
frame_ms,0.2233,
frame_ms,0.2467,
frame_ms,0.2105,
frame_ms,0.2096,
frame_ms,0.2564,
frame_ms,0.2222,
frame_ms,0.2063,
frame_ms,0.2488,
frame_ms,0.2504,
frame_ms,0.2191,
frame_ms,0.2835,
frame_ms,0.2301,
tick_us,17.5,4
frame_ms,0.2658,
frame_ms,0.638,
frame_ms,0.2428,
frame_ms,0.2141,
frame_ms,0.2118,
frame_ms,0.2094,
frame_ms,0.2483,
frame_ms,0.2271,
frame_ms,0.2108,
frame_ms,0.2181,
frame_ms,0.2399,
frame_ms,0.3833,
frame_ms,0.3892,
frame_ms,0.4045,
frame_ms,0.3608,
frame_ms,0.4058,
frame_ms,0.3605,
frame_ms,0.3592,
frame_ms,0.3887,
frame_ms,0.3431,
frame_ms,0.3532,
tick_us,17,4
frame_ms,0.3999,
frame_ms,0.3472,
frame_ms,0.5352,
frame_ms,0.3839,
frame_ms,0.2992,
frame_ms,0.2817,
frame_ms,0.2477,
frame_ms,0.2477,
frame_ms,0.2426,
frame_ms,0.241,
frame_ms,0.4738,
frame_ms,0.3729,
frame_ms,0.2359,
frame_ms,0.2113,
frame_ms,0.2113,
frame_ms,0.2132,
frame_ms,0.2301,
frame_ms,0.2221,
frame_ms,0.2133,
frame_ms,0.2482,
frame_ms,0.2211,
frame_ms,0.2141,
frame_ms,0.2529,
frame_ms,0.2247,
frame_ms,0.2134,
frame_ms,0.2443,
tick_us,17.3,4
frame_ms,0.2815,
frame_ms,0.2414,
frame_ms,0.2276,
frame_ms,0.2115,
frame_ms,0.2686,
frame_ms,0.2708,
frame_ms,0.2349,
frame_ms,0.2254,
frame_ms,0.2232,
frame_ms,0.2117,
frame_ms,0.3619,
frame_ms,0.2979,
frame_ms,0.2362,
frame_ms,0.2373,
frame_ms,0.2332,
frame_ms,0.2242,
frame_ms,0.2571,
frame_ms,0.2325,
frame_ms,0.2296,
frame_ms,0.2388,
frame_ms,0.2276,
frame_ms,0.2203,
frame_ms,0.2225,
frame_ms,0.3025,
frame_ms,0.347,
frame_ms,0.2384,
frame_ms,0.2235,
frame_ms,0.2255,
tick_us,14.7,6
frame_ms,0.2723,
frame_ms,0.2324,
frame_ms,0.2285,
frame_ms,0.2156,
frame_ms,0.221,
frame_ms,0.2737,
frame_ms,0.2534,
frame_ms,0.2243,
frame_ms,0.2189,
frame_ms,0.2363,
frame_ms,0.2234,
frame_ms,0.27,
frame_ms,0.2797,
frame_ms,0.2282,
frame_ms,0.2132,
frame_ms,0.211,
frame_ms,0.2685,
frame_ms,0.2533,
frame_ms,0.7803,
frame_ms,0.2989,
frame_ms,0.2566,
frame_ms,0.2242,
frame_ms,0.2121,
frame_ms,0.2316,
frame_ms,0.2427,
frame_ms,0.2106,
tick_us,16.3,6
frame_ms,0.277,
frame_ms,0.2305,
frame_ms,0.2282,
frame_ms,0.2071,
frame_ms,0.2643,
frame_ms,0.253,
frame_ms,0.2093,
frame_ms,0.2136,
frame_ms,0.3286,
frame_ms,0.2727,
frame_ms,0.3063,
frame_ms,0.23,
frame_ms,0.2178,
frame_ms,0.2354,
frame_ms,0.2195,
frame_ms,0.211,
frame_ms,0.2509,
frame_ms,0.2531,
frame_ms,0.2199,
frame_ms,0.2102,
frame_ms,0.2435,
frame_ms,0.2216,
frame_ms,0.2117,
frame_ms,0.2525,
frame_ms,0.2302,
frame_ms,0.2155,
frame_ms,0.4495,
frame_ms,0.3927,
tick_us,16.4,6
frame_ms,0.3331,
frame_ms,0.2427,
frame_ms,0.2164,
frame_ms,0.2171,
frame_ms,0.2111,
frame_ms,0.2107,
frame_ms,0.2567,
frame_ms,0.2552,
frame_ms,0.2244,
frame_ms,0.2172,
frame_ms,0.2351,
frame_ms,0.2402,
frame_ms,0.2311,
frame_ms,0.2216,
frame_ms,0.4459,
frame_ms,0.2546,
frame_ms,0.223,
frame_ms,0.2184,
frame_ms,0.2591,
frame_ms,0.2099,
frame_ms,0.2072,
frame_ms,0.261,
frame_ms,0.229,
frame_ms,0.2097,
frame_ms,0.2534,
frame_ms,0.2202,
frame_ms,0.2088,
frame_ms,0.2372,
frame_ms,0.2058,
tick_us,16.7,8
frame_ms,1.0464,
frame_ms,0.3603,
frame_ms,0.3978,
frame_ms,0.4117,
frame_ms,0.3412,
frame_ms,0.341,
frame_ms,0.3251,
frame_ms,0.2615,
frame_ms,0.2289,
frame_ms,0.211,
frame_ms,0.2193,
frame_ms,0.2237,
frame_ms,0.2485,
frame_ms,0.2366,
frame_ms,0.2141,
frame_ms,0.514,
frame_ms,0.3571,
frame_ms,0.3626,
frame_ms,0.3631,
frame_ms,0.2739,
tick_us,15.8,8
frame_ms,0.2913,
frame_ms,0.2432,
frame_ms,0.2161,
frame_ms,0.2184,
frame_ms,0.2147,
frame_ms,0.2466,
frame_ms,0.3741,
frame_ms,0.2705,
frame_ms,0.2231,
frame_ms,0.2253,
frame_ms,0.214,
frame_ms,0.2464,
frame_ms,0.2091,
frame_ms,0.2288,
frame_ms,0.289,
frame_ms,0.2365,
frame_ms,0.2201,
frame_ms,0.2233,
frame_ms,0.2749,
frame_ms,0.2598,
frame_ms,0.2205,
frame_ms,0.2174,
frame_ms,0.2882,
frame_ms,0.8994,
frame_ms,0.4111,
tick_us,17.1,8
frame_ms,0.3183,
frame_ms,0.2521,
frame_ms,0.2299,
frame_ms,0.214,
frame_ms,0.2146,
frame_ms,0.2206,
frame_ms,0.2126,
frame_ms,0.2353,
frame_ms,0.2326,
frame_ms,0.2161,
frame_ms,0.2112,
frame_ms,0.3853,
frame_ms,0.2385,
frame_ms,0.2245,
frame_ms,0.2316,
frame_ms,0.2183,
frame_ms,0.2421,
frame_ms,0.2385,
frame_ms,0.24,
frame_ms,0.2792,
frame_ms,0.2274,
frame_ms,0.2081,
frame_ms,0.2371,
frame_ms,0.2215,
frame_ms,0.2109,
frame_ms,0.2353,
frame_ms,0.2104,
frame_ms,0.2019,
frame_ms,0.2758,
tick_us,17.5,8
frame_ms,0.3351,
frame_ms,0.2473,
frame_ms,0.2316,
frame_ms,0.2351,
frame_ms,0.2235,
frame_ms,0.2214,
frame_ms,0.2305,
frame_ms,0.3465,
frame_ms,0.2439,
frame_ms,0.2268,
frame_ms,0.2172,
frame_ms,0.2068,
frame_ms,0.2324,
frame_ms,0.2219,
frame_ms,0.2178,
frame_ms,0.2119,
frame_ms,0.289,
frame_ms,0.3532,
frame_ms,0.2697,
frame_ms,0.2466,
frame_ms,0.2435,
frame_ms,0.2423,
frame_ms,0.2343,
frame_ms,0.283,
frame_ms,0.2626,
frame_ms,0.2354,
frame_ms,0.2217,
frame_ms,0.2236,
tick_us,15.6,10
frame_ms,0.3157,
frame_ms,0.2649,
frame_ms,0.2244,
frame_ms,0.3451,
frame_ms,0.4206,
frame_ms,0.2756,
frame_ms,0.2401,
frame_ms,0.2379,
frame_ms,0.2388,
frame_ms,0.2512,
frame_ms,0.2311,
frame_ms,0.2404,
frame_ms,0.2253,
frame_ms,0.2516,
frame_ms,0.3634,
frame_ms,0.2512,
frame_ms,0.2143,
frame_ms,0.2231,
frame_ms,0.2154,
frame_ms,0.2109,
frame_ms,0.3099,
frame_ms,0.2747,
frame_ms,0.2522,
frame_ms,0.2424,
frame_ms,0.2341,
frame_ms,0.2319,
frame_ms,0.2525,
tick_us,15.7,10
frame_ms,0.3079,
frame_ms,0.3332,
frame_ms,0.2608,
frame_ms,0.226,
frame_ms,0.2179,
frame_ms,0.2077,
frame_ms,0.2099,
frame_ms,0.2606,
frame_ms,0.2381,
frame_ms,0.2122,
frame_ms,0.2731,
frame_ms,0.2891,
frame_ms,0.26,
frame_ms,0.2424,
frame_ms,0.2372,
frame_ms,0.2299,
frame_ms,0.2268,
frame_ms,0.2869,
frame_ms,0.2392,
frame_ms,0.2167,
frame_ms,0.2569,
frame_ms,0.2258,
frame_ms,0.2182,
frame_ms,0.2697,
frame_ms,0.2273,
frame_ms,0.2114,
frame_ms,0.2078,
frame_ms,0.2648,
tick_us,13.2,10
frame_ms,0.2652,
frame_ms,0.2529,
frame_ms,0.2326,
frame_ms,0.2294,
frame_ms,0.2162,
frame_ms,0.2252,
frame_ms,0.2119,
frame_ms,0.2244,
frame_ms,0.2158,
frame_ms,0.2151,
frame_ms,0.2645,
frame_ms,0.2261,
frame_ms,0.2146,
frame_ms,0.2183,
frame_ms,0.2409,
frame_ms,0.2202,
frame_ms,0.2153,
frame_ms,0.2573,
frame_ms,0.2192,
frame_ms,0.2745,
frame_ms,0.2354,
frame_ms,0.2187,
frame_ms,0.2093,
frame_ms,0.2459,
frame_ms,0.2278,
frame_ms,0.213,
frame_ms,0.2605,
frame_ms,0.2279,
frame_ms,0.228,
frame_ms,0.2106,
tick_us,15.5,10
frame_ms,0.3214,
frame_ms,0.244,
frame_ms,0.2191,
frame_ms,0.2172,
frame_ms,0.2141,
frame_ms,0.2823,
frame_ms,0.2774,
frame_ms,0.2584,
frame_ms,0.2417,
frame_ms,0.2227,
frame_ms,0.2148,
frame_ms,0.2759,
frame_ms,0.2313,
frame_ms,0.2151,
frame_ms,0.2103,
frame_ms,0.2495,
frame_ms,0.2561,
frame_ms,0.2267,
frame_ms,0.2163,
frame_ms,0.2279,
frame_ms,0.2126,
frame_ms,0.207,
frame_ms,0.2291,
frame_ms,0.2469,
frame_ms,0.5816,
frame_ms,0.3799,
frame_ms,0.3492,
tick_us,20.8,12
frame_ms,0.4712,
frame_ms,0.256,
frame_ms,0.2176,
frame_ms,0.2167,
frame_ms,0.2094,
frame_ms,0.2134,
frame_ms,0.2627,
frame_ms,0.2297,
frame_ms,0.2067,
frame_ms,0.2239,
frame_ms,0.227,
frame_ms,0.2196,
frame_ms,0.2181,
frame_ms,0.2549,
frame_ms,0.3513,
frame_ms,0.2865,
frame_ms,0.2366,
frame_ms,0.22,
frame_ms,0.2218,
frame_ms,0.2177,
frame_ms,0.212,
frame_ms,0.2547,
frame_ms,0.2492,
frame_ms,0.2165,
frame_ms,0.2094,
frame_ms,0.2551,
frame_ms,0.2251,
frame_ms,0.2095,
tick_us,16.4,12
frame_ms,0.2787,
frame_ms,0.2311,
frame_ms,0.2308,
frame_ms,0.2241,
frame_ms,0.4227,
frame_ms,0.2764,
frame_ms,0.2435,
frame_ms,0.2356,
frame_ms,0.2428,
frame_ms,0.2346,
frame_ms,0.232,
frame_ms,0.2597,
frame_ms,0.2513,
frame_ms,0.2365,
frame_ms,0.2211,
frame_ms,0.2171,
frame_ms,0.4058,
frame_ms,0.3896,
frame_ms,0.3752,
frame_ms,0.3601,
frame_ms,0.3291,
frame_ms,0.2336,
frame_ms,0.2202,
frame_ms,0.212,
frame_ms,0.207,
frame_ms,0.2418,
tick_us,13.7,12
frame_ms,0.2885,
frame_ms,0.2383,
frame_ms,0.2189,
frame_ms,0.2146,
frame_ms,0.2061,
frame_ms,0.2661,
frame_ms,0.2198,
frame_ms,0.215,
frame_ms,0.2067,
frame_ms,0.2523,
frame_ms,0.2258,
frame_ms,0.2107,
frame_ms,0.2515,
frame_ms,0.2191,
frame_ms,0.2102,
frame_ms,0.2049,
frame_ms,0.2506,
frame_ms,0.2187,
frame_ms,0.2032,
frame_ms,0.2374,
frame_ms,0.2176,
frame_ms,0.2056,
frame_ms,0.2263,
frame_ms,0.2356,
frame_ms,0.2719,
frame_ms,0.2315,
frame_ms,0.4798,
frame_ms,0.2528,
frame_ms,0.2207,
tick_us,14.5,12
frame_ms,0.2797,
frame_ms,0.2573,
frame_ms,0.2118,
frame_ms,0.2053,
frame_ms,0.2143,
frame_ms,0.2615,
frame_ms,0.2256,
frame_ms,0.2141,
frame_ms,0.2963,
frame_ms,0.2359,
frame_ms,0.2138,
frame_ms,0.2197,
frame_ms,0.2669,
frame_ms,0.287,
frame_ms,0.3897,
frame_ms,0.3756,
frame_ms,0.3731,
frame_ms,0.3419,
frame_ms,0.3345,
frame_ms,0.3532,
frame_ms,0.2779,
frame_ms,0.2352,
frame_ms,0.2121,
frame_ms,0.22,
frame_ms,0.2186,
frame_ms,0.2702,
tick_us,22.8,12
frame_ms,0.573,
frame_ms,0.4456,
frame_ms,0.3034,
frame_ms,0.2515,
frame_ms,0.2121,
frame_ms,0.2181,
frame_ms,0.2189,
frame_ms,0.2102,
frame_ms,0.2456,
frame_ms,0.2244,
frame_ms,0.2173,
frame_ms,0.2248,
frame_ms,0.2338,
frame_ms,0.2113,
frame_ms,0.2194,
frame_ms,0.2683,
frame_ms,0.7097,
frame_ms,0.3385,
frame_ms,0.251,
frame_ms,0.216,
frame_ms,0.2108,
frame_ms,0.2594,
frame_ms,0.2272,
frame_ms,0.2123,
frame_ms,0.226,
tick_us,18,14
frame_ms,0.559,
frame_ms,0.3719,
frame_ms,0.2455,
frame_ms,0.2285,
frame_ms,0.23,
frame_ms,0.2283,
frame_ms,0.2762,
frame_ms,0.2168,
frame_ms,0.2303,
frame_ms,0.2861,
frame_ms,0.2378,
frame_ms,0.2342,
frame_ms,0.246,
frame_ms,0.2559,
frame_ms,0.2329,
frame_ms,0.213,
frame_ms,0.2179,
frame_ms,0.2426,
frame_ms,0.2221,
frame_ms,0.2099,
frame_ms,0.2398,
frame_ms,0.2409,
frame_ms,0.2127,
frame_ms,0.2597,
frame_ms,0.2647,
frame_ms,0.2321,
frame_ms,0.2189,
frame_ms,0.2166,
tick_us,17.7,14
frame_ms,0.3223,
frame_ms,0.2407,
frame_ms,0.2233,
frame_ms,0.2219,
frame_ms,0.216,
frame_ms,0.2072,
frame_ms,0.2406,
frame_ms,0.2549,
frame_ms,0.2256,
frame_ms,0.2125,
frame_ms,0.2283,
frame_ms,0.229,
frame_ms,0.2183,
frame_ms,0.5468,
frame_ms,0.3658,
frame_ms,0.3632,
frame_ms,0.2789,
frame_ms,0.2348,
frame_ms,0.2193,
frame_ms,0.2207,
frame_ms,0.2169,
frame_ms,0.2106,
frame_ms,0.2475,
frame_ms,0.2544,
frame_ms,0.2285,
frame_ms,0.2163,
frame_ms,0.2469,
tick_us,17.1,16
frame_ms,0.2758,
frame_ms,0.251,
frame_ms,0.2687,
frame_ms,0.216,
frame_ms,0.2476,
frame_ms,0.2221,
frame_ms,0.2573,
frame_ms,0.2222,
frame_ms,0.2103,
frame_ms,0.2202,
frame_ms,0.235,
frame_ms,0.2103,
frame_ms,0.2121,
frame_ms,0.2379,
frame_ms,0.2189,
frame_ms,0.2053,
frame_ms,0.2472,
frame_ms,0.2301,
frame_ms,0.8231,
frame_ms,0.2707,
frame_ms,0.2274,
frame_ms,0.2184,
frame_ms,0.2298,
frame_ms,0.2118,
frame_ms,0.2822,
frame_ms,0.2248,
frame_ms,0.2069,
tick_us,15.3,16
frame_ms,0.3274,
frame_ms,0.2158,
frame_ms,0.2064,
frame_ms,0.2762,
frame_ms,0.232,
frame_ms,0.2141,
frame_ms,0.2478,
frame_ms,0.2359,
frame_ms,0.3544,
frame_ms,0.2335,
frame_ms,0.2145,
frame_ms,0.2258,
frame_ms,0.2059,
frame_ms,0.2654,
frame_ms,0.2239,
frame_ms,0.2092,
frame_ms,0.2492,
frame_ms,0.2223,
frame_ms,0.2033,
frame_ms,0.2444,
frame_ms,0.3223,
frame_ms,0.4265,
frame_ms,0.3475,
frame_ms,0.3594,
frame_ms,0.3696,
frame_ms,0.3374,
tick_us,13.2,16
frame_ms,0.3301,
frame_ms,0.3152,
frame_ms,0.2621,
frame_ms,0.2192,
frame_ms,0.2235,
frame_ms,0.2176,
frame_ms,0.2165,
frame_ms,0.2587,
frame_ms,0.2497,
frame_ms,0.2191,
frame_ms,0.2235,
frame_ms,0.236,
frame_ms,0.2215,
frame_ms,0.5247,
frame_ms,0.3019,
frame_ms,0.3049,
frame_ms,0.3431,
frame_ms,0.2624,
frame_ms,0.2461,
frame_ms,0.2349,
frame_ms,0.2365,
frame_ms,0.2333,
frame_ms,0.2681,
frame_ms,0.2419,
frame_ms,0.2176,
frame_ms,0.2289,
tick_us,14.1,16
frame_ms,0.2979,
frame_ms,0.2325,
frame_ms,0.2243,
frame_ms,0.2448,
frame_ms,0.2232,
frame_ms,0.2626,
frame_ms,0.2315,
frame_ms,0.2095,
frame_ms,0.2144,
frame_ms,0.2402,
frame_ms,0.2202,
frame_ms,0.2062,
frame_ms,0.2413,
frame_ms,0.2681,
frame_ms,0.2356,
frame_ms,0.2256,
frame_ms,0.2193,
frame_ms,0.2281,
frame_ms,0.2583,
frame_ms,0.2628,
frame_ms,0.2261,
frame_ms,0.26,
frame_ms,0.2131,
frame_ms,0.2795,
frame_ms,0.231,
frame_ms,0.2075,
frame_ms,0.2442,
frame_ms,0.224,
frame_ms,0.2067,
frame_ms,0.261,
tick_us,13.9,14
frame_ms,0.2762,
frame_ms,0.2262,
frame_ms,0.2079,
frame_ms,0.2076,
frame_ms,0.2535,
frame_ms,0.2189,
frame_ms,0.4702,
frame_ms,0.2846,
frame_ms,0.2406,
frame_ms,0.2298,
frame_ms,0.2538,
frame_ms,0.214,
frame_ms,0.2138,
frame_ms,0.25,
frame_ms,0.253,
frame_ms,0.2201,
frame_ms,0.209,
frame_ms,0.2641,
frame_ms,0.224,
frame_ms,0.2077,
frame_ms,0.2233,
frame_ms,0.228,
frame_ms,0.2263,
frame_ms,0.2378,
frame_ms,0.2525,
frame_ms,0.2302,
frame_ms,0.2763,
frame_ms,0.2293,
tick_us,18.5,16
frame_ms,0.2822,
frame_ms,0.2654,
frame_ms,0.2125,
frame_ms,0.2379,
frame_ms,0.2147,
frame_ms,0.2682,
frame_ms,0.2242,
frame_ms,0.2068,
frame_ms,0.2514,
frame_ms,0.2192,
frame_ms,0.2076,
frame_ms,0.3837,
frame_ms,0.2349,
frame_ms,0.2365,
frame_ms,0.217,
frame_ms,0.2162,
frame_ms,0.4193,
frame_ms,0.2612,
frame_ms,0.2716,
frame_ms,0.2134,
frame_ms,0.2282,
frame_ms,0.2522,
frame_ms,0.2186,
frame_ms,0.2062,
frame_ms,0.2382,
frame_ms,0.2217,
frame_ms,0.211,
frame_ms,0.2401,
frame_ms,0.2206,
tick_us,13.9,16
frame_ms,0.2683,
frame_ms,0.228,
frame_ms,0.2448,
frame_ms,0.2221,
frame_ms,0.2485,
frame_ms,0.2535,
frame_ms,0.2126,
frame_ms,0.2067,
frame_ms,0.2608,
frame_ms,0.2248,
frame_ms,0.2078,
frame_ms,0.251,
frame_ms,0.2215,
frame_ms,0.2085,
frame_ms,0.2457,
frame_ms,0.2193,
frame_ms,0.2028,
frame_ms,0.2933,
frame_ms,0.42,
frame_ms,0.3737,
frame_ms,0.224,
frame_ms,0.2087,
frame_ms,0.2063,
frame_ms,0.2036,
frame_ms,0.2522,
frame_ms,0.2182,
frame_ms,0.2004,
frame_ms,0.3427,
tick_us,17,16
frame_ms,0.3612,
frame_ms,0.2702,
frame_ms,0.2485,
frame_ms,0.2309,
frame_ms,0.2441,
frame_ms,0.2293,
frame_ms,0.2859,
frame_ms,0.3466,
frame_ms,0.2835,
frame_ms,0.2397,
frame_ms,0.2321,
frame_ms,0.2335,
frame_ms,0.2298,
frame_ms,0.2261,
frame_ms,0.2521,
frame_ms,0.2541,
frame_ms,0.22,
frame_ms,0.226,
frame_ms,0.2363,
frame_ms,0.2682,
frame_ms,0.2383,
frame_ms,0.2293,
frame_ms,0.2144,
frame_ms,0.2345,
frame_ms,0.2592,
frame_ms,0.2715,
frame_ms,0.2304,
frame_ms,0.2192,
tick_us,12.5,16
frame_ms,0.2628,
frame_ms,0.224,
frame_ms,0.2166,
frame_ms,0.2605,
frame_ms,0.2293,
frame_ms,0.207,
frame_ms,0.2269,
frame_ms,0.2486,
frame_ms,0.2165,
frame_ms,0.2043,
frame_ms,0.236,
frame_ms,0.2227,
frame_ms,0.2033,
frame_ms,0.2628,
frame_ms,0.2749,
frame_ms,0.2204,
frame_ms,0.2123,
frame_ms,0.2035,
frame_ms,0.2601,
frame_ms,0.2318,
frame_ms,0.2082,
frame_ms,0.2002,
frame_ms,0.2458,
frame_ms,0.2243,
frame_ms,0.2087,
frame_ms,0.2321,
frame_ms,0.3396,
frame_ms,0.2195,
frame_ms,0.214,
frame_ms,0.2142,
tick_us,11.6,16
frame_ms,0.2538,
frame_ms,0.4517,
frame_ms,0.4001,
frame_ms,0.212,
frame_ms,0.2183,
frame_ms,0.2082,
frame_ms,0.3205,
frame_ms,0.2697,
frame_ms,0.2392,
frame_ms,0.2164,
frame_ms,0.2155,
frame_ms,0.2051,
frame_ms,0.2623,
frame_ms,0.2262,
frame_ms,0.2046,
frame_ms,0.2554,
frame_ms,0.2321,
frame_ms,0.2133,
frame_ms,0.2393,
frame_ms,0.2286,
frame_ms,0.2062,
frame_ms,0.249,
frame_ms,0.2137,
frame_ms,0.2351,
frame_ms,0.3816,
frame_ms,0.381,
frame_ms,0.2477,
tick_us,11.1,14
frame_ms,0.2653,
frame_ms,0.2159,
frame_ms,0.2142,
frame_ms,0.2079,
frame_ms,0.2215,
frame_ms,0.2818,
frame_ms,0.2779,
frame_ms,0.251,
frame_ms,0.329,
frame_ms,0.2401,
frame_ms,0.2412,
frame_ms,0.2407,
frame_ms,0.2777,
frame_ms,0.2648,
frame_ms,0.2492,
frame_ms,0.2357,
frame_ms,0.2319,
frame_ms,0.2295,
frame_ms,0.2318,
frame_ms,0.2286,
frame_ms,0.317,
frame_ms,0.3312,
frame_ms,0.2227,
frame_ms,0.2236,
frame_ms,0.22,
frame_ms,0.211,
frame_ms,0.2538,
frame_ms,0.2252,
tick_us,15.8,14
frame_ms,0.309,
frame_ms,0.225,
frame_ms,0.2099,
frame_ms,0.2096,
frame_ms,0.2395,
frame_ms,0.2273,
frame_ms,0.2088,
frame_ms,0.2267,
frame_ms,0.2104,
frame_ms,0.2764,
frame_ms,0.2234,
frame_ms,0.2118,
frame_ms,0.2599,
frame_ms,0.9042,
frame_ms,0.3071,
frame_ms,0.2357,
frame_ms,0.2077,
frame_ms,0.2083,
frame_ms,0.2042,
frame_ms,0.2617,
frame_ms,0.224,
frame_ms,0.2103,
frame_ms,0.2544,
frame_ms,0.2745,
frame_ms,0.24,
frame_ms,0.2585,
tick_us,16.9,12
frame_ms,0.3574,
frame_ms,0.2853,
frame_ms,0.2421,
frame_ms,0.2446,
frame_ms,0.2318,
frame_ms,0.2318,
frame_ms,0.2406,
frame_ms,0.2758,
frame_ms,0.2288,
frame_ms,0.2237,
frame_ms,0.2704,
frame_ms,0.3021,
frame_ms,0.2485,
frame_ms,0.2302,
frame_ms,0.2176,
frame_ms,0.2115,
frame_ms,0.2477,
frame_ms,0.2286,
frame_ms,0.2228,
frame_ms,0.2669,
frame_ms,0.2225,
frame_ms,0.2104,
frame_ms,0.2881,
frame_ms,0.2531,
frame_ms,0.2393,
frame_ms,0.2689,
frame_ms,0.23,
frame_ms,0.2274,
tick_us,26,10
frame_ms,0.3258,
frame_ms,0.2511,
frame_ms,0.2343,
frame_ms,0.2344,
frame_ms,0.2296,
frame_ms,0.2377,
frame_ms,0.2292,
frame_ms,0.2465,
frame_ms,0.2478,
frame_ms,0.3189,
frame_ms,0.2353,
frame_ms,0.2139,
frame_ms,0.2434,
frame_ms,0.2246,
frame_ms,0.2092,
frame_ms,0.2829,
frame_ms,0.2683,
frame_ms,0.2655,
frame_ms,0.2333,
frame_ms,0.3073,
frame_ms,0.2598,
frame_ms,0.3248,
frame_ms,0.2713,
frame_ms,0.5303,
frame_ms,0.2694,
frame_ms,0.2522,
tick_us,18.6,10
frame_ms,0.2874,
frame_ms,0.2318,
frame_ms,0.2145,
frame_ms,0.2113,
frame_ms,0.2519,
frame_ms,0.2232,
frame_ms,0.2177,
frame_ms,0.2274,
frame_ms,0.2094,
frame_ms,0.2604,
frame_ms,0.2271,
frame_ms,0.2255,
frame_ms,0.2384,
frame_ms,0.2222,
frame_ms,0.2166,
frame_ms,0.2151,
frame_ms,0.2466,
frame_ms,0.2538,
frame_ms,0.2151,
frame_ms,0.2153,
frame_ms,0.33,
frame_ms,0.2381,
frame_ms,0.2152,
frame_ms,0.208,
frame_ms,0.2628,
frame_ms,0.2276,
frame_ms,0.2143,
frame_ms,0.2256,
frame_ms,0.2319,
frame_ms,0.2654,
tick_us,13.8,10
frame_ms,0.2881,
frame_ms,0.2273,
frame_ms,0.2234,
frame_ms,0.2068,
frame_ms,0.3718,
frame_ms,0.256,
frame_ms,0.2313,
frame_ms,0.2241,
frame_ms,0.2143,
frame_ms,0.2143,
frame_ms,0.2428,
frame_ms,0.2462,
frame_ms,0.2202,
frame_ms,0.2117,
frame_ms,0.2703,
frame_ms,0.2395,
frame_ms,0.2202,
frame_ms,0.2014,
frame_ms,0.6873,
frame_ms,0.2859,
frame_ms,0.2465,
frame_ms,0.2181,
frame_ms,0.2213,
frame_ms,0.2266,
frame_ms,0.359,
frame_ms,0.2577,
tick_us,13.9,10
frame_ms,0.2852,
frame_ms,0.2202,
frame_ms,0.2149,
frame_ms,0.2094,
frame_ms,0.2022,
frame_ms,0.3145,
frame_ms,0.2693,
frame_ms,0.2419,
frame_ms,0.2859,
frame_ms,0.307,
frame_ms,0.2283,
frame_ms,0.2355,
frame_ms,0.2261,
frame_ms,0.2367,
frame_ms,0.2269,
frame_ms,0.2884,
frame_ms,0.2401,
frame_ms,0.2175,
frame_ms,0.2081,
frame_ms,0.2454,
frame_ms,0.2197,
frame_ms,0.2086,
frame_ms,0.2863,
frame_ms,0.297,
frame_ms,0.2571,
frame_ms,0.2467,
frame_ms,0.2526,
frame_ms,0.2484,
tick_us,20.2,10
frame_ms,0.3153,
frame_ms,0.2619,
frame_ms,0.2396,
frame_ms,0.2342,
frame_ms,0.2356,
frame_ms,0.2247,
frame_ms,0.2282,
frame_ms,0.2297,
frame_ms,0.2993,
frame_ms,0.3472,
frame_ms,0.3169,
frame_ms,0.2548,
frame_ms,0.2328,
frame_ms,0.9258,
frame_ms,0.4519,
frame_ms,0.4233,
frame_ms,0.3496,
frame_ms,0.3849,
frame_ms,0.342,
frame_ms,0.3354,
frame_ms,0.4337,
tick_us,20.6,10
frame_ms,0.395,
frame_ms,0.2581,
frame_ms,0.2456,
frame_ms,0.2334,
frame_ms,0.2512,
frame_ms,0.2338,
frame_ms,0.325,
frame_ms,0.2504,
frame_ms,0.2237,
frame_ms,0.2138,
frame_ms,0.214,
frame_ms,0.2586,
frame_ms,0.227,
frame_ms,0.2173,
frame_ms,0.2608,
frame_ms,0.2302,
frame_ms,0.2147,
frame_ms,0.2487,
frame_ms,0.2398,
frame_ms,0.4518,
frame_ms,0.3743,
frame_ms,0.3785,
frame_ms,0.3354,
frame_ms,0.2418,
frame_ms,0.2136,
frame_ms,0.2193,
tick_us,17.6,10
frame_ms,0.3101,
frame_ms,0.2397,
frame_ms,0.2167,
frame_ms,0.208,
frame_ms,0.2185,
frame_ms,0.3448,
frame_ms,0.3639,
frame_ms,0.2423,
frame_ms,0.2438,
frame_ms,0.227,
frame_ms,0.2171,
frame_ms,0.2374,
frame_ms,0.3246,
frame_ms,0.2279,
frame_ms,0.2132,
frame_ms,0.2494,
frame_ms,0.2763,
frame_ms,0.2346,
frame_ms,0.2256,
frame_ms,0.2295,
frame_ms,0.2383,
frame_ms,0.2564,
frame_ms,0.2291,
frame_ms,0.7837,
frame_ms,0.2576,
tick_us,16.8,10
frame_ms,0.285,
frame_ms,0.2367,
frame_ms,0.2112,
frame_ms,0.2641,
frame_ms,0.2148,
frame_ms,0.2563,
frame_ms,0.3309,
frame_ms,0.2639,
frame_ms,0.2239,
frame_ms,0.2241,
frame_ms,0.2158,
frame_ms,0.2402,
frame_ms,0.4946,
frame_ms,0.5003,
frame_ms,0.4123,
frame_ms,0.3447,
frame_ms,0.357,
frame_ms,0.2704,
frame_ms,0.2332,
frame_ms,0.2225,
frame_ms,0.2217,
frame_ms,0.2191,
frame_ms,0.2135,
frame_ms,0.2509,
frame_ms,0.2687,
tick_us,18.8,12
frame_ms,0.565,
frame_ms,0.2859,
frame_ms,0.2994,
frame_ms,0.3383,
frame_ms,0.2342,
frame_ms,0.2239,
frame_ms,0.2192,
frame_ms,0.2683,
frame_ms,0.2318,
frame_ms,0.2194,
frame_ms,0.2147,
frame_ms,0.2507,
frame_ms,0.2295,
frame_ms,0.2185,
frame_ms,0.2136,
frame_ms,0.297,
frame_ms,0.253,
frame_ms,0.2258,
frame_ms,0.2763,
frame_ms,0.2498,
frame_ms,0.2152,
frame_ms,0.2536,
frame_ms,0.2129,
frame_ms,0.2435,
frame_ms,0.2225,
frame_ms,0.215,
frame_ms,0.227,
tick_us,18.3,14
frame_ms,0.3041,
frame_ms,0.239,
frame_ms,0.2192,
frame_ms,0.2195,
frame_ms,0.2138,
frame_ms,0.2089,
frame_ms,0.3136,
frame_ms,0.2444,
frame_ms,0.2414,
frame_ms,0.222,
frame_ms,0.2131,
frame_ms,0.2478,
frame_ms,0.2233,
frame_ms,0.2107,
frame_ms,0.2553,
frame_ms,0.2242,
frame_ms,0.2134,
frame_ms,0.2578,
frame_ms,0.2193,
frame_ms,0.2138,
frame_ms,0.2342,
frame_ms,0.2727,
frame_ms,0.254,
frame_ms,0.2711,
frame_ms,0.2347,
frame_ms,0.2163,
frame_ms,0.329,
frame_ms,0.2738,
frame_ms,0.2482,
tick_us,17.8,14
frame_ms,0.3001,
frame_ms,0.2374,
frame_ms,0.2318,
frame_ms,0.2198,
frame_ms,0.2533,
frame_ms,0.2441,
frame_ms,0.2184,
frame_ms,0.2533,
frame_ms,0.2265,
frame_ms,0.2081,
frame_ms,0.2252,
frame_ms,0.3912,
frame_ms,0.2495,
frame_ms,0.2968,
frame_ms,0.2132,
frame_ms,0.2135,
frame_ms,0.243,
frame_ms,0.2041,
frame_ms,0.2506,
frame_ms,0.3002,
frame_ms,0.297,
frame_ms,0.253,
frame_ms,0.2717,
frame_ms,0.256,
frame_ms,0.4901,
frame_ms,0.3167,
tick_us,19.4,10
frame_ms,0.3452,
frame_ms,0.3184,
frame_ms,0.3516,
frame_ms,0.2869,
frame_ms,0.3651,
frame_ms,0.311,
frame_ms,0.2435,
frame_ms,0.2553,
frame_ms,0.2569,
frame_ms,0.2471,
frame_ms,0.2576,
frame_ms,0.2492,
frame_ms,0.2468,
frame_ms,0.2384,
frame_ms,0.2867,
frame_ms,0.3663,
frame_ms,0.3882,
frame_ms,0.2951,
frame_ms,0.2716,
frame_ms,0.3045,
frame_ms,0.3043,
frame_ms,0.2744,
tick_us,22.3,10
frame_ms,0.958,
frame_ms,0.2896,
frame_ms,0.2747,
frame_ms,0.2296,
frame_ms,0.2737,
frame_ms,0.2401,
frame_ms,0.2595,
frame_ms,0.254,
frame_ms,0.2566,
frame_ms,0.2566,
frame_ms,0.2611,
frame_ms,0.2672,
frame_ms,0.2882,
frame_ms,0.2526,
frame_ms,0.2563,
frame_ms,0.233,
frame_ms,0.2431,
frame_ms,0.2318,
frame_ms,0.2189,
frame_ms,0.2754,
frame_ms,0.3373,
frame_ms,0.2893,
frame_ms,0.2641,
frame_ms,0.3324,
frame_ms,0.4329,
tick_us,24.2,12
frame_ms,0.5081,
frame_ms,0.4193,
frame_ms,0.3762,
frame_ms,0.29,
frame_ms,0.2514,
frame_ms,0.223,
frame_ms,0.2256,
frame_ms,0.2202,
frame_ms,0.2191,
frame_ms,0.2437,
frame_ms,0.2437,
frame_ms,0.2492,
frame_ms,0.2382,
frame_ms,0.2392,
frame_ms,0.2314,
frame_ms,0.2785,
frame_ms,0.2486,
frame_ms,0.2253,
frame_ms,0.2351,
frame_ms,0.2444,
frame_ms,0.3311,
frame_ms,0.4203,
frame_ms,0.3519,
frame_ms,0.4178,
tick_us,20.3,12
frame_ms,0.4421,
frame_ms,0.7123,
frame_ms,0.4599,
frame_ms,0.2999,
frame_ms,0.2552,
frame_ms,0.2202,
frame_ms,0.2206,
frame_ms,0.2119,
frame_ms,0.2123,
frame_ms,0.2694,
frame_ms,0.2284,
frame_ms,0.2124,
frame_ms,0.2181,
frame_ms,0.2733,
frame_ms,0.2315,
frame_ms,0.22,
frame_ms,0.2678,
frame_ms,0.2136,
frame_ms,0.2132,
frame_ms,0.2403,
frame_ms,0.2202,
frame_ms,0.218,
frame_ms,0.2266,
frame_ms,0.233,
frame_ms,0.2188,
frame_ms,0.205,
tick_us,18.4,12
frame_ms,0.313,
frame_ms,0.2334,
frame_ms,0.2128,
frame_ms,0.2036,
frame_ms,0.2112,
frame_ms,0.2429,
frame_ms,0.4546,
frame_ms,0.4572,
frame_ms,0.3791,
frame_ms,0.4045,
frame_ms,0.3431,
frame_ms,0.2612,
frame_ms,0.2427,
frame_ms,0.2455,
frame_ms,0.2303,
frame_ms,0.223,
frame_ms,0.221,
frame_ms,0.2577,
frame_ms,0.2611,
frame_ms,0.2908,
frame_ms,0.2745,
frame_ms,0.2579,
frame_ms,0.2333,
frame_ms,0.23,
frame_ms,0.2278,
tick_us,19.4,10
frame_ms,0.3053,
frame_ms,0.2475,
frame_ms,0.2305,
frame_ms,0.2072,
frame_ms,0.2382,
frame_ms,0.2244,
frame_ms,0.2174,
frame_ms,0.2559,
frame_ms,0.2227,
frame_ms,0.3585,
frame_ms,0.3198,
frame_ms,0.2769,
frame_ms,0.2475,
frame_ms,0.263,
frame_ms,0.4015,
frame_ms,0.2494,
frame_ms,0.2197,
frame_ms,0.219,
frame_ms,0.2344,
frame_ms,0.207,
frame_ms,0.2584,
frame_ms,0.2241,
frame_ms,0.2112,
frame_ms,0.2548,
frame_ms,0.2197,
frame_ms,0.2047,
frame_ms,0.2578,
frame_ms,0.258,
tick_us,16.8,10
frame_ms,0.2898,
frame_ms,0.2592,
frame_ms,0.3249,
frame_ms,0.2274,
frame_ms,0.2165,
frame_ms,0.2181,
frame_ms,0.2109,
frame_ms,0.2403,
frame_ms,0.2202,
frame_ms,0.2089,
frame_ms,0.2474,
frame_ms,0.2183,
frame_ms,0.2039,
frame_ms,0.2356,
frame_ms,0.2242,
frame_ms,0.209,
frame_ms,0.2528,
frame_ms,0.2181,
frame_ms,0.7439,
frame_ms,0.5162,
frame_ms,0.392,
frame_ms,0.3439,
frame_ms,0.2559,
frame_ms,0.2235,
frame_ms,0.2136,
tick_us,13.5,10
frame_ms,0.267,
frame_ms,0.2292,
frame_ms,0.2135,
frame_ms,0.2049,
frame_ms,0.2683,
frame_ms,0.2375,
frame_ms,0.218,
frame_ms,0.2274,
frame_ms,0.2231,
frame_ms,0.2556,
frame_ms,0.2267,
frame_ms,0.214,
frame_ms,0.2332,
frame_ms,0.2358,
frame_ms,0.2118,
frame_ms,0.2323,
frame_ms,0.2335,
frame_ms,0.2194,
frame_ms,0.2117,
frame_ms,0.261,
frame_ms,0.2273,
frame_ms,0.211,
frame_ms,0.2656,
frame_ms,0.229,
frame_ms,0.2437,
frame_ms,0.2406,
frame_ms,0.3038,
frame_ms,0.2324,
frame_ms,0.2093,
frame_ms,0.2283,
tick_us,16.7,8
frame_ms,0.2805,
frame_ms,0.2624,
frame_ms,0.2149,
frame_ms,0.252,
frame_ms,0.2201,
frame_ms,0.2051,
frame_ms,0.237,
frame_ms,0.2184,
frame_ms,0.2135,
frame_ms,0.2412,
frame_ms,0.2256,
frame_ms,0.2133,
frame_ms,0.2568,
frame_ms,0.2465,
frame_ms,0.2299,
frame_ms,0.2284,
frame_ms,0.2185,
frame_ms,0.2828,
frame_ms,0.2303,
frame_ms,0.227,
frame_ms,0.2518,
frame_ms,0.2114,
frame_ms,0.1999,
frame_ms,0.253,
frame_ms,0.2773,
frame_ms,0.2356,
frame_ms,0.2251,
frame_ms,0.2181,
frame_ms,0.2154,
tick_us,16.7,8
frame_ms,0.3019,
frame_ms,0.3755,
frame_ms,0.4099,
frame_ms,0.3533,
frame_ms,0.3603,
frame_ms,0.334,
frame_ms,0.3455,
frame_ms,0.3352,
frame_ms,0.3321,
frame_ms,0.3242,
frame_ms,0.2519,
frame_ms,0.209,
frame_ms,0.2169,
frame_ms,0.2145,
frame_ms,0.2291,
frame_ms,0.2576,
frame_ms,0.435,
frame_ms,0.4264,
frame_ms,0.3779,
frame_ms,0.359,
frame_ms,0.2744,
frame_ms,0.239,
tick_us,14.4,8
frame_ms,0.2767,
frame_ms,0.2269,
frame_ms,0.2215,
frame_ms,0.2165,
frame_ms,0.218,
frame_ms,0.223,
frame_ms,0.2638,
frame_ms,0.2507,
frame_ms,0.2241,
frame_ms,0.2833,
frame_ms,0.2399,
frame_ms,0.2206,
frame_ms,0.2142,
frame_ms,0.2585,
frame_ms,0.2648,
frame_ms,0.2303,
frame_ms,0.2134,
frame_ms,0.209,
frame_ms,0.2561,
frame_ms,0.2203,
frame_ms,0.2146,
frame_ms,0.2198,
frame_ms,0.2437,
frame_ms,0.2517,
frame_ms,0.2134,
frame_ms,0.2239,
frame_ms,0.2684,
frame_ms,0.235,
frame_ms,0.2163,
frame_ms,0.2032,
tick_us,20.2,8
frame_ms,0.3286,
frame_ms,0.2439,
frame_ms,0.2184,
frame_ms,0.2031,
frame_ms,0.2661,
frame_ms,0.215,
frame_ms,0.2262,
frame_ms,0.2467,
frame_ms,0.2198,
frame_ms,0.2151,
frame_ms,0.2376,
frame_ms,0.2149,
frame_ms,0.3773,
frame_ms,0.2427,
frame_ms,0.2248,
frame_ms,0.2076,
frame_ms,0.2053,
frame_ms,0.2798,
frame_ms,0.2581,
frame_ms,0.213,
frame_ms,0.2085,
frame_ms,0.2495,
frame_ms,0.2188,
frame_ms,0.2065,
frame_ms,0.2314,
frame_ms,0.2172,
frame_ms,0.206,
frame_ms,0.3242,
frame_ms,0.2782,
tick_us,13.9,8
frame_ms,0.2906,
frame_ms,0.2407,
frame_ms,0.2337,
frame_ms,0.2257,
frame_ms,0.2036,
frame_ms,0.2737,
frame_ms,0.2281,
frame_ms,0.2147,
frame_ms,0.2333,
frame_ms,0.2272,
frame_ms,0.2061,
frame_ms,0.2396,
frame_ms,0.2193,
frame_ms,0.2021,
frame_ms,0.2501,
frame_ms,0.2128,
frame_ms,0.2135,
frame_ms,0.2892,
frame_ms,0.2951,
frame_ms,0.2614,
frame_ms,0.2425,
frame_ms,0.2416,
frame_ms,0.2467,
frame_ms,0.2285,
frame_ms,0.2968,
frame_ms,0.3219,
frame_ms,0.22,
frame_ms,0.2148,
frame_ms,0.207,
tick_us,15.3,8
frame_ms,0.2817,
frame_ms,0.2221,
frame_ms,0.227,
frame_ms,0.2271,
frame_ms,0.2089,
frame_ms,0.2814,
frame_ms,0.2362,
frame_ms,0.2274,
frame_ms,0.209,
frame_ms,0.3229,
frame_ms,0.4399,
frame_ms,0.3849,
frame_ms,0.2447,
frame_ms,0.229,
frame_ms,0.2371,
frame_ms,0.2787,
frame_ms,0.3659,
frame_ms,0.2076,
frame_ms,0.2117,
frame_ms,0.2087,
frame_ms,0.2321,
frame_ms,0.2355,
frame_ms,0.2411,
frame_ms,0.2215,
frame_ms,0.2098,
frame_ms,0.2331,
frame_ms,0.2191,
tick_us,14.3,6
frame_ms,0.2587,
frame_ms,0.236,
frame_ms,0.2112,
frame_ms,0.2562,
frame_ms,0.222,
frame_ms,0.2032,
frame_ms,0.2501,
frame_ms,0.2163,
frame_ms,0.305,
frame_ms,0.2839,
frame_ms,0.2297,
frame_ms,0.2281,
frame_ms,0.22,
frame_ms,0.2442,
frame_ms,0.2569,
frame_ms,0.2205,
frame_ms,0.2419,
frame_ms,0.2237,
frame_ms,0.2354,
frame_ms,0.2133,
frame_ms,0.2856,
frame_ms,0.2762,
frame_ms,0.2292,
frame_ms,0.2182,
frame_ms,0.2157,
frame_ms,0.2291,
frame_ms,0.2433,
frame_ms,0.2225,
frame_ms,0.2112,
tick_us,17.7,6
frame_ms,0.2801,
frame_ms,0.3068,
frame_ms,0.3447,
frame_ms,0.2287,
frame_ms,0.2267,
frame_ms,0.2209,
frame_ms,0.2115,
frame_ms,0.2543,
frame_ms,0.227,
frame_ms,0.2136,
frame_ms,0.2112,
frame_ms,0.2418,
frame_ms,0.2325,
frame_ms,0.2843,
frame_ms,0.234,
frame_ms,0.2402,
frame_ms,0.3282,
frame_ms,0.276,
frame_ms,0.2984,
frame_ms,0.2578,
frame_ms,0.2374,
frame_ms,0.2339,
frame_ms,0.2405,
frame_ms,0.2812,
frame_ms,0.2486,
frame_ms,0.2283,
frame_ms,0.2147,
frame_ms,0.2133,
tick_us,17.7,4
frame_ms,0.2967,
frame_ms,0.234,
frame_ms,0.2297,
frame_ms,0.2156,
frame_ms,0.2127,
frame_ms,0.2717,
frame_ms,0.2326,
frame_ms,0.2216,
frame_ms,0.2672,
frame_ms,0.2139,
frame_ms,0.2745,
frame_ms,0.2575,
frame_ms,0.2184,
frame_ms,0.2132,
frame_ms,0.222,
frame_ms,0.4236,
frame_ms,0.4059,
frame_ms,0.2593,
frame_ms,0.2322,
frame_ms,0.2289,
frame_ms,0.2323,
frame_ms,0.3301,
frame_ms,0.3614,
frame_ms,0.3039,
frame_ms,0.2432,
frame_ms,0.2135,
frame_ms,0.2172,
tick_us,17.4,4
frame_ms,0.2791,
frame_ms,0.2466,
frame_ms,0.2172,
frame_ms,0.2086,
frame_ms,0.2455,
frame_ms,0.2645,
frame_ms,0.2328,
frame_ms,0.2279,
frame_ms,0.2173,
frame_ms,0.2149,
frame_ms,0.236,
frame_ms,0.2144,
frame_ms,0.3637,
frame_ms,0.5123,
frame_ms,0.3615,
frame_ms,0.3827,
frame_ms,0.3445,
frame_ms,0.3258,
frame_ms,0.2547,
frame_ms,0.2167,
frame_ms,0.2217,
frame_ms,0.2157,
frame_ms,0.2102,
frame_ms,0.242,
frame_ms,0.2207,
frame_ms,0.2289,
tick_us,15.1,4
frame_ms,0.2745,
frame_ms,0.2327,
frame_ms,0.2649,
frame_ms,0.2104,
frame_ms,0.2396,
frame_ms,0.2548,
frame_ms,0.2088,
frame_ms,0.2136,
frame_ms,0.2719,
frame_ms,0.2272,
frame_ms,0.2085,
frame_ms,0.2477,
frame_ms,0.2302,
frame_ms,0.2056,
frame_ms,0.2158,
frame_ms,0.2464,
frame_ms,0.2212,
frame_ms,0.2159,
frame_ms,0.239,
frame_ms,0.2281,
frame_ms,0.3239,
frame_ms,0.2706,
frame_ms,0.2393,
frame_ms,0.3153,
frame_ms,0.2792,
frame_ms,0.2503,
frame_ms,0.2226,
frame_ms,0.2119,
frame_ms,0.2035,
tick_us,14.4,4
frame_ms,0.2914,
frame_ms,0.2318,
frame_ms,0.2176,
frame_ms,0.2028,
frame_ms,0.2387,
frame_ms,0.2116,
frame_ms,0.3135,
frame_ms,0.2324,
frame_ms,0.223,
frame_ms,0.2061,
frame_ms,0.2563,
frame_ms,0.2285,
frame_ms,0.2066,
frame_ms,0.2469,
frame_ms,0.2225,
frame_ms,0.2065,
frame_ms,0.2494,
frame_ms,0.217,
frame_ms,0.2068,
frame_ms,0.2558,
frame_ms,0.2197,
frame_ms,0.2069,
frame_ms,0.232,
frame_ms,0.2121,
frame_ms,0.3592,
frame_ms,0.2747,
frame_ms,0.2456,
frame_ms,0.2359,
frame_ms,0.2343,
tick_us,16.8,4
frame_ms,0.2866,
frame_ms,0.2438,
frame_ms,0.2535,
frame_ms,0.2578,
frame_ms,0.217,
frame_ms,0.2705,
frame_ms,0.2233,
frame_ms,0.2054,
frame_ms,0.2553,
frame_ms,0.2264,
frame_ms,0.2094,
frame_ms,0.2316,
frame_ms,0.4122,
frame_ms,0.2911,
frame_ms,0.2388,
frame_ms,0.2275,
frame_ms,0.2247,
frame_ms,0.2209,
frame_ms,0.2317,
frame_ms,0.2854,
frame_ms,0.2253,
frame_ms,0.2188,
frame_ms,0.2152,
frame_ms,0.2435,
frame_ms,0.2194,
frame_ms,0.2076,
frame_ms,0.249,
frame_ms,0.2191,
frame_ms,0.2105,
tick_us,19.1,4
frame_ms,0.4169,
frame_ms,0.3129,
frame_ms,0.2881,
frame_ms,0.2323,
frame_ms,0.2188,
frame_ms,0.212,
frame_ms,0.2126,
frame_ms,0.267,
frame_ms,0.2743,
frame_ms,0.2129,
frame_ms,0.2379,
frame_ms,0.2147,
frame_ms,0.2044,
frame_ms,0.2317,
frame_ms,0.2237,
frame_ms,0.2079,
frame_ms,0.2279,
frame_ms,0.2405,
frame_ms,0.2403,
frame_ms,0.226,
frame_ms,0.2265,
frame_ms,0.2437,
frame_ms,0.2381,
frame_ms,0.2891,
frame_ms,0.3023,
frame_ms,0.248,
frame_ms,0.36,
tick_us,18.3,6
frame_ms,0.4778,
frame_ms,0.3136,
frame_ms,0.2265,
frame_ms,0.2212,
frame_ms,0.2537,
frame_ms,0.2158,
frame_ms,0.4682,
frame_ms,0.4384,
frame_ms,0.2812,
frame_ms,0.2878,
frame_ms,0.2215,
frame_ms,0.2553,
frame_ms,0.2075,
frame_ms,0.2132,
frame_ms,0.2788,
frame_ms,0.3049,
frame_ms,0.2808,
frame_ms,0.2404,
frame_ms,0.2316,
frame_ms,0.2724,
frame_ms,0.4163,
frame_ms,0.5276,
frame_ms,0.3781,
tick_us,19,8
frame_ms,0.4907,
frame_ms,0.2692,
frame_ms,0.233,
frame_ms,0.2262,
frame_ms,0.2245,
frame_ms,0.2235,
frame_ms,0.2244,
frame_ms,0.4607,
frame_ms,0.2626,
frame_ms,0.3757,
frame_ms,0.3095,
frame_ms,0.5222,
frame_ms,0.3577,
frame_ms,0.3484,
frame_ms,0.4018,
frame_ms,0.4289,
frame_ms,0.3405,
frame_ms,0.36,
frame_ms,0.2808,
frame_ms,0.2328,
frame_ms,0.2628,
tick_us,18,4
frame_ms,0.3468,
frame_ms,0.2708,
frame_ms,0.3518,
frame_ms,0.2377,
frame_ms,0.2553,
frame_ms,0.27,
frame_ms,0.3291,
frame_ms,0.2457,
frame_ms,0.2181,
frame_ms,0.2161,
frame_ms,0.2156,
frame_ms,0.2075,
frame_ms,0.256,
frame_ms,0.2319,
frame_ms,0.2081,
frame_ms,0.2623,
frame_ms,0.2233,
frame_ms,0.4287,
frame_ms,0.2696,
frame_ms,0.2182,
frame_ms,0.2437,
frame_ms,0.241,
frame_ms,0.2121,
frame_ms,0.2448,
frame_ms,0.264,
frame_ms,0.2232,
frame_ms,0.2079,
tick_us,18.6,6
frame_ms,0.3211,
frame_ms,0.2385,
frame_ms,0.2154,
frame_ms,0.2794,
frame_ms,0.2164,
frame_ms,0.2639,
frame_ms,0.2645,
frame_ms,0.2432,
frame_ms,0.2215,
frame_ms,0.2215,
frame_ms,0.2114,
frame_ms,0.2622,
frame_ms,0.256,
frame_ms,0.2829,
frame_ms,0.2842,
frame_ms,0.3191,
frame_ms,0.2184,
frame_ms,0.2173,
frame_ms,0.2176,
frame_ms,0.21,
frame_ms,0.2864,
frame_ms,0.2331,
frame_ms,0.2224,
frame_ms,0.2188,
frame_ms,0.2151,
frame_ms,0.2239,
frame_ms,0.312,
frame_ms,0.2318,
frame_ms,0.2174,
tick_us,21.7,6
frame_ms,0.2887,
frame_ms,0.2609,
frame_ms,0.2394,
frame_ms,0.2158,
frame_ms,0.2073,
frame_ms,0.2472,
frame_ms,0.2261,
frame_ms,0.2128,
frame_ms,0.3009,
frame_ms,0.2648,
frame_ms,0.2807,
frame_ms,0.2744,
frame_ms,0.2598,
frame_ms,0.2421,
frame_ms,0.2317,
frame_ms,0.2462,
frame_ms,0.2356,
frame_ms,0.2808,
frame_ms,0.3202,
frame_ms,0.2564,
frame_ms,0.2216,
frame_ms,0.222,
frame_ms,0.2066,
frame_ms,0.2387,
frame_ms,0.229,
frame_ms,0.2081,
frame_ms,0.2088,
frame_ms,0.2788,
tick_us,16,8
frame_ms,0.3208,
frame_ms,0.4655,
frame_ms,0.343,
frame_ms,0.2861,
frame_ms,0.247,
frame_ms,0.2425,
frame_ms,0.2442,
frame_ms,0.2503,
frame_ms,0.2459,
frame_ms,0.2415,
frame_ms,0.3122,
frame_ms,0.2934,
frame_ms,0.2486,
frame_ms,0.2248,
frame_ms,0.2558,
frame_ms,0.2422,
frame_ms,0.2573,
frame_ms,0.4516,
frame_ms,0.2976,
frame_ms,0.286,
frame_ms,0.2166,
frame_ms,0.2209,
frame_ms,0.2222,
frame_ms,0.2257,
frame_ms,0.2178,
tick_us,15.2,8
frame_ms,0.3331,
frame_ms,0.2699,
frame_ms,0.2266,
frame_ms,0.2191,
frame_ms,0.2236,
frame_ms,0.2366,
frame_ms,0.2962,
frame_ms,0.2525,
frame_ms,0.2401,
frame_ms,0.2324,
frame_ms,0.2558,
frame_ms,0.2325,
frame_ms,0.2785,
frame_ms,0.2422,
frame_ms,0.2554,
frame_ms,0.2177,
frame_ms,0.2607,
frame_ms,0.23,
frame_ms,0.2127,
frame_ms,0.2675,
frame_ms,0.226,
frame_ms,0.2186,
frame_ms,0.4553,
frame_ms,0.394,
frame_ms,0.404,
frame_ms,0.3339,
tick_us,16.4,8
frame_ms,0.3278,
frame_ms,0.2767,
frame_ms,0.2246,
frame_ms,0.2243,
frame_ms,0.311,
frame_ms,0.267,
frame_ms,0.2405,
frame_ms,0.2236,
frame_ms,0.2206,
frame_ms,0.2154,
frame_ms,0.2728,
frame_ms,0.2343,
frame_ms,0.2186,
frame_ms,0.2245,
frame_ms,0.3494,
frame_ms,0.2797,
frame_ms,0.2288,
frame_ms,0.2152,
frame_ms,0.2136,
frame_ms,0.2706,
frame_ms,0.3278,
frame_ms,0.2601,
frame_ms,0.24,
frame_ms,0.2251,
frame_ms,0.2264,
frame_ms,0.2203,
frame_ms,0.2174,
tick_us,27.2,8
frame_ms,0.6805,
frame_ms,0.3648,
frame_ms,0.2456,
frame_ms,0.2285,
frame_ms,0.2312,
frame_ms,0.2192,
frame_ms,0.2148,
frame_ms,0.2948,
frame_ms,0.2638,
frame_ms,0.2563,
frame_ms,0.2226,
frame_ms,0.2184,
frame_ms,0.3167,
frame_ms,0.2766,
frame_ms,0.2453,
frame_ms,0.383,
frame_ms,0.379,
frame_ms,0.3864,
frame_ms,0.3629,
frame_ms,0.4135,
frame_ms,0.4512,
frame_ms,0.4004,
tick_us,18.2,8
frame_ms,0.3329,
frame_ms,0.2384,
frame_ms,0.222,
frame_ms,0.2273,
frame_ms,0.2259,
frame_ms,0.435,
frame_ms,0.2886,
frame_ms,0.3271,
frame_ms,0.2721,
frame_ms,0.2316,
frame_ms,0.2315,
frame_ms,0.2501,
frame_ms,0.4814,
frame_ms,0.3394,
frame_ms,0.2474,
frame_ms,0.2196,
frame_ms,0.2224,
frame_ms,0.2192,
frame_ms,0.215,
frame_ms,0.245,
frame_ms,0.2444,
frame_ms,0.2179,
frame_ms,0.2226,
frame_ms,0.2589,
frame_ms,0.2273,
frame_ms,0.22,
frame_ms,0.2534,
tick_us,18,8
frame_ms,0.3941,
frame_ms,0.2832,
frame_ms,0.2659,
frame_ms,0.2128,
frame_ms,0.2145,
frame_ms,0.3882,
frame_ms,0.3322,
frame_ms,0.2664,
frame_ms,0.2374,
frame_ms,0.2397,
frame_ms,0.2638,
frame_ms,0.2614,
frame_ms,0.3512,
frame_ms,0.2934,
frame_ms,0.3095,
frame_ms,0.2658,
frame_ms,0.2996,
frame_ms,0.2305,
frame_ms,0.2184,
frame_ms,0.2114,
frame_ms,0.2086,
frame_ms,0.2544,
frame_ms,0.2723,
frame_ms,0.2284,
frame_ms,0.2186,
frame_ms,0.2132,
tick_us,18.9,8
frame_ms,0.3377,
frame_ms,0.6844,
frame_ms,0.5038,
frame_ms,0.3278,
frame_ms,0.255,
frame_ms,0.2382,
frame_ms,0.2338,
frame_ms,0.2328,
frame_ms,0.2871,
frame_ms,0.3614,
frame_ms,0.2923,
frame_ms,0.2497,
frame_ms,0.2531,
frame_ms,0.2516,
frame_ms,0.246,
frame_ms,0.2411,
frame_ms,0.2381,
frame_ms,0.401,
frame_ms,0.2938,
frame_ms,0.2487,
frame_ms,0.2289,
frame_ms,0.232,
frame_ms,0.23,
tick_us,15,8
frame_ms,0.3612,
frame_ms,0.3357,
frame_ms,0.2194,
frame_ms,0.2139,
frame_ms,0.2332,
frame_ms,0.208,
frame_ms,0.2843,
frame_ms,0.2307,
frame_ms,0.2544,
frame_ms,0.3054,
frame_ms,0.2739,
frame_ms,0.2809,
frame_ms,0.323,
frame_ms,0.2492,
frame_ms,0.2346,
frame_ms,0.2143,
frame_ms,0.21,
frame_ms,0.2485,
frame_ms,0.2294,
frame_ms,0.2119,
frame_ms,0.2749,
frame_ms,0.234,
frame_ms,0.4837,
frame_ms,0.4107,
frame_ms,0.2863,
tick_us,15.4,8
frame_ms,0.3778,
frame_ms,0.2768,
frame_ms,0.2149,
frame_ms,0.209,
frame_ms,0.2053,
frame_ms,0.235,
frame_ms,0.224,
frame_ms,0.2127,
frame_ms,0.2273,
frame_ms,0.2121,
frame_ms,0.2077,
frame_ms,0.295,
frame_ms,0.2718,
frame_ms,0.2476,
frame_ms,0.316,
frame_ms,0.2967,
frame_ms,0.2705,
frame_ms,0.2718,
frame_ms,0.2334,
frame_ms,0.2323,
frame_ms,0.238,
frame_ms,0.2772,
frame_ms,0.2352,
frame_ms,0.2152,
frame_ms,0.2098,
frame_ms,0.2074,
frame_ms,0.2389,
frame_ms,0.215,
frame_ms,0.2151,
tick_us,16.4,8
frame_ms,0.3317,
frame_ms,0.7313,
frame_ms,0.3548,
frame_ms,0.3778,
frame_ms,0.3373,
frame_ms,0.2475,
frame_ms,0.2118,
frame_ms,0.2162,
frame_ms,0.2078,
frame_ms,0.2065,
frame_ms,0.2736,
frame_ms,0.2274,
frame_ms,0.2081,
frame_ms,0.2681,
frame_ms,0.2338,
frame_ms,0.4994,
frame_ms,0.4544,
frame_ms,0.3966,
frame_ms,0.4165,
frame_ms,0.3647,
frame_ms,0.3369,
tick_us,15.1,8
frame_ms,0.404,
frame_ms,0.2412,
frame_ms,0.2077,
frame_ms,0.2118,
frame_ms,0.2064,
frame_ms,0.2079,
frame_ms,0.2488,
frame_ms,0.248,
frame_ms,0.2643,
frame_ms,0.2184,
frame_ms,0.2079,
frame_ms,0.2752,
frame_ms,0.2295,
frame_ms,0.2223,
frame_ms,0.2143,
frame_ms,0.25,
frame_ms,0.2777,
frame_ms,0.2354,
frame_ms,0.2306,
frame_ms,0.218,
frame_ms,0.2157,
frame_ms,0.2758,
frame_ms,0.3061,
frame_ms,0.2526,
frame_ms,0.6371,
frame_ms,0.3897,
tick_us,21,8
frame_ms,0.3789,
frame_ms,0.2503,
frame_ms,0.2186,
frame_ms,0.2182,
frame_ms,0.2148,
frame_ms,0.2108,
frame_ms,0.2722,
frame_ms,0.2664,
frame_ms,0.2268,
frame_ms,0.2172,
frame_ms,0.2235,
frame_ms,0.2948,
frame_ms,0.2801,
frame_ms,0.2427,
frame_ms,0.2386,
frame_ms,0.2366,
frame_ms,0.2316,
frame_ms,0.2604,
frame_ms,0.3239,
frame_ms,0.2676,
frame_ms,0.2143,
frame_ms,0.2144,
frame_ms,0.2091,
frame_ms,0.2463,
frame_ms,0.3542,
frame_ms,0.3857,
frame_ms,0.3816,
tick_us,19.1,8
frame_ms,0.4787,
frame_ms,0.281,
frame_ms,0.2312,
frame_ms,0.2279,
frame_ms,0.2417,
frame_ms,0.2167,
frame_ms,0.22,
frame_ms,0.2438,
frame_ms,0.2602,
frame_ms,0.2311,
frame_ms,0.2213,
frame_ms,0.2123,
frame_ms,0.2361,
frame_ms,0.2256,
frame_ms,0.2286,
frame_ms,0.242,
frame_ms,0.2264,
frame_ms,0.8391,
frame_ms,0.3769,
frame_ms,0.3786,
frame_ms,0.4006,
frame_ms,0.264,
frame_ms,0.2203,
frame_ms,0.2165,
tick_us,17.9,8
frame_ms,0.2726,
frame_ms,0.2159,
frame_ms,0.2685,
frame_ms,0.2606,
frame_ms,0.2306,
frame_ms,0.2882,
frame_ms,0.2636,
frame_ms,0.3278,
frame_ms,0.2388,
frame_ms,0.2301,
frame_ms,0.2535,
frame_ms,0.2701,
frame_ms,0.2518,
frame_ms,0.2547,
frame_ms,0.222,
frame_ms,0.2121,
frame_ms,0.2087,
frame_ms,0.2458,
frame_ms,0.2268,
frame_ms,0.2099,
frame_ms,0.2431,
frame_ms,0.2262,
frame_ms,0.2789,
frame_ms,0.2465,
frame_ms,0.4929,
frame_ms,0.4554,
tick_us,14.6,8
frame_ms,0.3299,
frame_ms,0.2337,
frame_ms,0.2084,
frame_ms,0.2127,
frame_ms,0.2085,
frame_ms,0.2061,
frame_ms,0.2429,
frame_ms,0.2266,
frame_ms,0.3968,
frame_ms,0.2779,
frame_ms,0.2593,
frame_ms,0.233,
frame_ms,0.2447,
frame_ms,0.2208,
frame_ms,0.2267,
frame_ms,0.2142,
frame_ms,0.2242,
frame_ms,0.2159,
frame_ms,0.2517,
frame_ms,0.2674,
frame_ms,0.2283,
frame_ms,0.2322,
frame_ms,0.2175,
frame_ms,0.2457,
frame_ms,0.2253,
frame_ms,0.2137,
frame_ms,0.2491,
frame_ms,0.2279,
frame_ms,0.2312,
tick_us,14.2,6
frame_ms,0.2833,
frame_ms,0.2514,
frame_ms,0.2781,
frame_ms,0.2211,
frame_ms,0.2097,
frame_ms,0.2518,
frame_ms,0.2248,
frame_ms,0.202,
frame_ms,0.2547,
frame_ms,0.2247,
frame_ms,0.2081,
frame_ms,0.2539,
frame_ms,0.2188,
frame_ms,0.2086,
frame_ms,0.245,
frame_ms,0.2211,
frame_ms,0.2067,
frame_ms,0.2433,
frame_ms,0.4048,
frame_ms,0.2777,
frame_ms,0.2199,
frame_ms,0.2184,
frame_ms,0.2572,
frame_ms,0.2179,
frame_ms,0.2081,
frame_ms,0.2477,
frame_ms,0.2638,
frame_ms,0.2266,
frame_ms,0.2157,
tick_us,13.5,8
frame_ms,0.2637,
frame_ms,0.2205,
frame_ms,0.2493,
frame_ms,0.2246,
frame_ms,0.2082,
frame_ms,0.2551,
frame_ms,0.2757,
frame_ms,0.2432,
frame_ms,0.2372,
frame_ms,0.2332,
frame_ms,0.2531,
frame_ms,0.2214,
frame_ms,0.2705,
frame_ms,0.2508,
frame_ms,0.216,
frame_ms,0.2449,
frame_ms,0.222,
frame_ms,0.4905,
frame_ms,0.2838,
frame_ms,0.2569,
frame_ms,0.245,
frame_ms,0.2241,
frame_ms,0.2172,
frame_ms,0.2183,
frame_ms,0.2296,
frame_ms,0.2664,
frame_ms,0.2469,
frame_ms,0.2224,
tick_us,14.5,8
frame_ms,0.2989,
frame_ms,0.2348,
frame_ms,0.2093,
frame_ms,0.2089,
frame_ms,0.2514,
frame_ms,0.2249,
frame_ms,0.2144,
frame_ms,0.2519,
frame_ms,0.2245,
frame_ms,0.2099,
frame_ms,0.47,
frame_ms,0.4061,
frame_ms,0.4232,
frame_ms,0.3559,
frame_ms,0.2681,
frame_ms,0.2102,
frame_ms,0.2082,
frame_ms,0.2054,
frame_ms,0.2032,
frame_ms,0.2482,
frame_ms,0.2215,
frame_ms,0.2092,
frame_ms,0.2209,
frame_ms,0.2441,
frame_ms,0.2226,
frame_ms,0.2096,
frame_ms,0.2768,
tick_us,17.6,8
frame_ms,0.7462,
frame_ms,0.3382,
frame_ms,0.445,
frame_ms,0.3457,
frame_ms,0.3356,
frame_ms,0.3208,
frame_ms,0.2435,
frame_ms,0.21,
frame_ms,0.2135,
frame_ms,0.206,
frame_ms,0.2343,
frame_ms,0.2233,
frame_ms,0.3346,
frame_ms,0.2912,
frame_ms,0.2576,
frame_ms,0.2413,
frame_ms,0.2394,
frame_ms,0.3708,
frame_ms,0.3617,
frame_ms,0.2402,
frame_ms,0.2102,
frame_ms,0.2161,
frame_ms,0.2045,
tick_us,12.6,12
frame_ms,0.257,
frame_ms,0.2507,
frame_ms,0.2199,
frame_ms,0.2129,
frame_ms,0.2429,
frame_ms,0.2316,
frame_ms,0.2206,
frame_ms,0.2305,
frame_ms,0.2437,
frame_ms,0.3127,
frame_ms,0.2136,
frame_ms,0.2082,
frame_ms,0.2963,
frame_ms,0.2193,
frame_ms,0.2052,
frame_ms,0.207,
frame_ms,0.2179,
frame_ms,0.2815,
frame_ms,0.2291,
frame_ms,0.2099,
frame_ms,0.257,
frame_ms,0.2212,
frame_ms,0.2068,
frame_ms,0.253,
frame_ms,0.2241,
frame_ms,0.225,
frame_ms,0.3058,
frame_ms,0.2768,
frame_ms,0.2367,
tick_us,16.1,12
frame_ms,0.3025,
frame_ms,0.2413,
frame_ms,0.2289,
frame_ms,0.2205,
frame_ms,0.2223,
frame_ms,0.2187,
frame_ms,0.2581,
frame_ms,0.2431,
frame_ms,0.217,
frame_ms,0.2407,
frame_ms,0.2197,
frame_ms,0.249,
frame_ms,0.2656,
frame_ms,0.2467,
frame_ms,0.5316,
frame_ms,0.2736,
frame_ms,0.2524,
frame_ms,0.2121,
frame_ms,0.2176,
frame_ms,0.2038,
frame_ms,0.2498,
frame_ms,0.2261,
frame_ms,0.2085,
frame_ms,0.2474,
frame_ms,0.2229,
frame_ms,0.2087,
frame_ms,0.2347,
frame_ms,0.2156,
frame_ms,0.2208,
tick_us,18.2,12
frame_ms,0.3529,
frame_ms,0.2814,
frame_ms,0.2553,
frame_ms,0.2249,
frame_ms,0.2221,
frame_ms,0.2545,
frame_ms,0.2605,
frame_ms,0.2229,
frame_ms,0.2136,
frame_ms,0.2195,
frame_ms,0.2103,
frame_ms,0.2837,
frame_ms,0.2234,
frame_ms,0.2053,
frame_ms,0.2465,
frame_ms,0.4063,
frame_ms,0.3826,
frame_ms,0.3878,
frame_ms,0.2669,
frame_ms,0.2311,
frame_ms,0.241,
frame_ms,0.2304,
frame_ms,0.2209,
frame_ms,0.2141,
frame_ms,0.2489,
frame_ms,0.2647,
tick_us,16.9,14
frame_ms,0.2947,
frame_ms,0.2351,
frame_ms,0.2204,
frame_ms,0.2127,
frame_ms,0.2096,
frame_ms,0.2923,
frame_ms,0.3279,
frame_ms,0.2694,
frame_ms,0.2509,
frame_ms,0.2323,
frame_ms,0.2346,
frame_ms,0.2563,
frame_ms,0.2617,
frame_ms,0.2672,
frame_ms,0.2527,
frame_ms,0.2327,
frame_ms,0.2277,
frame_ms,0.2164,
frame_ms,0.2124,
frame_ms,0.2187,
frame_ms,0.2193,
frame_ms,0.2511,
frame_ms,0.2669,
frame_ms,0.2209,
frame_ms,0.5423,
frame_ms,0.2708,
frame_ms,0.2295,
tick_us,17,14
frame_ms,0.3699,
frame_ms,0.2348,
frame_ms,0.2117,
frame_ms,0.2176,
frame_ms,0.2654,
frame_ms,0.3507,
frame_ms,0.2085,
frame_ms,0.2143,
frame_ms,0.4258,
frame_ms,0.2234,
frame_ms,0.216,
frame_ms,0.2152,
frame_ms,0.2185,
frame_ms,0.3838,
frame_ms,0.4097,
frame_ms,0.2541,
frame_ms,0.2214,
frame_ms,0.2184,
frame_ms,0.2182,
frame_ms,0.2147,
frame_ms,0.2462,
frame_ms,0.257,
frame_ms,0.2247,
frame_ms,0.2156,
frame_ms,0.2142,
frame_ms,0.2523,
frame_ms,0.2249,
frame_ms,0.2075,
tick_us,16.9,14
frame_ms,0.3307,
frame_ms,0.2726,
frame_ms,0.2253,
frame_ms,0.2167,
frame_ms,0.2506,
frame_ms,0.2083,
frame_ms,0.3041,
frame_ms,0.2299,
frame_ms,0.2096,
frame_ms,0.2731,
frame_ms,0.2332,
frame_ms,0.2227,
frame_ms,0.255,
frame_ms,0.2227,
frame_ms,0.2076,
frame_ms,0.248,
frame_ms,0.2337,
frame_ms,0.2099,
frame_ms,0.2758,
frame_ms,0.3116,
frame_ms,0.264,
frame_ms,0.2302,
frame_ms,0.2206,
frame_ms,0.2375,
frame_ms,0.2161,
frame_ms,0.2618,
frame_ms,0.2492,
frame_ms,0.2194,
tick_us,14.6,12
frame_ms,0.2667,
frame_ms,0.2274,
frame_ms,0.2161,
frame_ms,0.2744,
frame_ms,0.2314,
frame_ms,0.2331,
frame_ms,0.273,
frame_ms,0.2317,
frame_ms,0.3579,
frame_ms,0.3833,
frame_ms,0.2705,
frame_ms,0.2197,
frame_ms,0.219,
frame_ms,0.2375,
frame_ms,0.3033,
frame_ms,0.2562,
frame_ms,0.2866,
frame_ms,0.2431,
frame_ms,0.2358,
frame_ms,0.4252,
frame_ms,0.3044,
frame_ms,0.2304,
frame_ms,0.3407,
frame_ms,0.2682,
frame_ms,0.2843,
frame_ms,0.2452,
tick_us,17.3,12
frame_ms,0.3052,
frame_ms,0.2349,
frame_ms,0.2264,
frame_ms,0.2145,
frame_ms,0.2305,
frame_ms,0.211,
frame_ms,0.2689,
frame_ms,0.2242,
frame_ms,0.2115,
frame_ms,0.2728,
frame_ms,0.288,
frame_ms,0.3163,
frame_ms,0.2661,
frame_ms,0.2532,
frame_ms,0.3236,
frame_ms,0.2834,
frame_ms,0.2203,
frame_ms,0.2161,
frame_ms,0.2347,
frame_ms,0.207,
frame_ms,0.2051,
frame_ms,0.2491,
frame_ms,0.2214,
frame_ms,0.2111,
frame_ms,0.2469,
frame_ms,0.2194,
frame_ms,0.2082,
frame_ms,0.3324,
tick_us,19.1,10
frame_ms,0.3977,
frame_ms,0.3297,
frame_ms,0.2457,
frame_ms,0.2312,
frame_ms,0.2522,
frame_ms,0.2718,
frame_ms,0.3341,
frame_ms,0.2499,
frame_ms,0.2105,
frame_ms,0.2859,
frame_ms,0.2274,
frame_ms,0.2202,
frame_ms,0.2147,
frame_ms,0.2082,
frame_ms,0.2726,
frame_ms,0.2308,
frame_ms,0.585,
frame_ms,0.2457,
frame_ms,0.4258,
frame_ms,0.2814,
frame_ms,0.2176,
frame_ms,0.2156,
frame_ms,0.21,
frame_ms,0.2269,
frame_ms,0.2705,
tick_us,15.2,10
frame_ms,0.2877,
frame_ms,0.2395,
frame_ms,0.2225,
frame_ms,0.2075,
frame_ms,0.2066,
frame_ms,0.2424,
frame_ms,0.2213,
frame_ms,0.222,
frame_ms,0.2231,
frame_ms,0.2889,
frame_ms,0.2306,
frame_ms,0.2121,
frame_ms,0.2331,
frame_ms,0.216,
frame_ms,0.2472,
frame_ms,0.2251,
frame_ms,0.2102,
frame_ms,0.2556,
frame_ms,0.2254,
frame_ms,0.2097,
frame_ms,0.2171,
frame_ms,0.2467,
frame_ms,0.2198,
frame_ms,0.224,
frame_ms,0.2154,
frame_ms,0.2844,
frame_ms,0.2942,
frame_ms,0.241,
frame_ms,0.2293,
frame_ms,0.2246,
tick_us,16.7,10
frame_ms,0.2787,
frame_ms,0.2394,
frame_ms,0.2458,
frame_ms,0.25,
frame_ms,0.2219,
frame_ms,0.2161,
frame_ms,0.2125,
frame_ms,0.245,
frame_ms,0.2221,
frame_ms,0.2116,
frame_ms,0.2223,
frame_ms,0.2391,
frame_ms,0.2219,
frame_ms,0.2292,
frame_ms,0.3163,
frame_ms,0.2391,
frame_ms,0.2092,
frame_ms,0.2555,
frame_ms,0.232,
frame_ms,0.2108,
frame_ms,0.2464,
frame_ms,0.2414,
frame_ms,0.2139,
frame_ms,0.2365,
frame_ms,0.2251,
frame_ms,0.2111,
frame_ms,0.218,
frame_ms,0.2462,
frame_ms,0.2215,
tick_us,22.3,10
frame_ms,0.5141,
frame_ms,0.3723,
frame_ms,0.321,
frame_ms,0.3028,
frame_ms,0.2339,
frame_ms,0.2391,
frame_ms,0.2683,
frame_ms,0.246,
frame_ms,0.221,
frame_ms,0.2157,
frame_ms,0.2133,
frame_ms,0.2438,
frame_ms,0.221,
frame_ms,0.2116,
frame_ms,0.2142,
frame_ms,0.3036,
frame_ms,0.288,
frame_ms,0.255,
frame_ms,0.2294,
frame_ms,0.2308,
frame_ms,0.2246,
frame_ms,0.2368,
frame_ms,0.2146,
frame_ms,0.2382,
frame_ms,0.3652,
frame_ms,0.3908,
tick_us,16.6,10
frame_ms,0.4245,
frame_ms,0.2488,
frame_ms,0.2183,
frame_ms,0.218,
frame_ms,0.2211,
frame_ms,0.2183,
frame_ms,0.2688,
frame_ms,0.2844,
frame_ms,0.2356,
frame_ms,0.2241,
frame_ms,0.2102,
frame_ms,0.2389,
frame_ms,0.211,
frame_ms,0.2097,
frame_ms,0.2513,
frame_ms,0.2256,
frame_ms,0.2126,
frame_ms,0.3088,
frame_ms,0.2301,
frame_ms,0.214,
frame_ms,0.244,
frame_ms,0.229,
frame_ms,0.2652,
frame_ms,0.259,
frame_ms,0.7744,
frame_ms,0.4072,
tick_us,16.7,12
frame_ms,0.4406,
frame_ms,0.2606,
frame_ms,0.2133,
frame_ms,0.2156,
frame_ms,0.4074,
frame_ms,0.3918,
frame_ms,0.2536,
frame_ms,0.2156,
frame_ms,0.2125,
frame_ms,0.2136,
frame_ms,0.2306,
frame_ms,0.2665,
frame_ms,0.3779,
frame_ms,0.2274,
frame_ms,0.2202,
frame_ms,0.2163,
frame_ms,0.2082,
frame_ms,0.2513,
frame_ms,0.2284,
frame_ms,0.2123,
frame_ms,0.2513,
frame_ms,0.229,
frame_ms,0.2134,
frame_ms,0.2456,
frame_ms,0.226,
frame_ms,0.2075,
tick_us,16,12
frame_ms,0.4384,
frame_ms,0.3082,
frame_ms,0.5563,
frame_ms,0.2785,
frame_ms,0.3426,
frame_ms,0.2753,
frame_ms,0.2091,
frame_ms,0.2154,
frame_ms,0.2103,
frame_ms,0.2344,
frame_ms,0.226,
frame_ms,0.2094,
frame_ms,0.2324,
frame_ms,0.2117,
frame_ms,0.2057,
frame_ms,0.2746,
frame_ms,0.2221,
frame_ms,0.2248,
frame_ms,0.2073,
frame_ms,0.2689,
frame_ms,0.2346,
frame_ms,0.2113,
frame_ms,0.2499,
frame_ms,0.2267,
frame_ms,0.2069,
frame_ms,0.2825,
frame_ms,0.2279,
frame_ms,0.2078,
tick_us,14.4,14
frame_ms,0.3274,
frame_ms,0.2425,
frame_ms,0.2168,
frame_ms,0.2092,
frame_ms,0.2083,
frame_ms,0.2862,
frame_ms,0.241,
frame_ms,0.2845,
frame_ms,0.2162,
frame_ms,0.2129,
frame_ms,0.244,
frame_ms,0.2379,
frame_ms,0.2238,
frame_ms,0.2158,
frame_ms,0.2859,
frame_ms,0.2222,
frame_ms,0.2179,
frame_ms,0.2502,
frame_ms,0.2286,
frame_ms,0.2118,
frame_ms,0.2112,
frame_ms,0.2494,
frame_ms,0.2192,
frame_ms,0.2059,
frame_ms,0.4901,
frame_ms,0.2376,
frame_ms,0.21,
frame_ms,0.209,
frame_ms,0.2114,
tick_us,14.7,14
frame_ms,0.3169,
frame_ms,0.2393,
frame_ms,0.2139,
frame_ms,0.2024,
frame_ms,0.2444,
frame_ms,0.2285,
frame_ms,0.2072,
frame_ms,0.2492,
frame_ms,0.2229,
frame_ms,0.2035,
frame_ms,0.2517,
frame_ms,0.2272,
frame_ms,0.4303,
frame_ms,0.2339,
frame_ms,0.2091,
frame_ms,0.2023,
frame_ms,0.2161,
frame_ms,0.2553,
frame_ms,0.2585,
frame_ms,0.2018,
frame_ms,0.2467,
frame_ms,0.2137,
frame_ms,0.2031,
frame_ms,0.248,
frame_ms,0.2166,
frame_ms,0.202,
frame_ms,0.2542,
frame_ms,0.2244,
frame_ms,0.239,
tick_us,13.5,16
frame_ms,0.2612,
frame_ms,0.2229,
frame_ms,0.3366,
frame_ms,0.2675,
frame_ms,0.2387,
frame_ms,0.2234,
frame_ms,0.2255,
frame_ms,0.2156,
frame_ms,0.2134,
frame_ms,0.2353,
frame_ms,0.2258,
frame_ms,0.2135,
frame_ms,0.248,
frame_ms,0.2514,
frame_ms,0.2208,
frame_ms,0.2082,
frame_ms,0.2376,
frame_ms,0.2798,
frame_ms,0.3998,
frame_ms,0.3239,
frame_ms,0.2615,
frame_ms,0.2385,
frame_ms,0.2184,
frame_ms,0.2197,
frame_ms,0.211,
frame_ms,0.2526,
frame_ms,0.2689,
frame_ms,0.2233,
tick_us,13.3,16
frame_ms,0.2769,
frame_ms,0.2184,
frame_ms,0.2208,
frame_ms,0.2094,
frame_ms,0.2385,
frame_ms,0.24,
frame_ms,0.2196,
frame_ms,0.2384,
frame_ms,0.3305,
frame_ms,0.2202,
frame_ms,0.2078,
frame_ms,0.2117,
frame_ms,0.2643,
frame_ms,0.226,
frame_ms,0.2099,
frame_ms,0.2582,
frame_ms,0.2208,
frame_ms,0.2112,
frame_ms,0.2709,
frame_ms,0.2412,
frame_ms,0.2099,
frame_ms,0.2564,
frame_ms,0.2264,
frame_ms,0.2148,
frame_ms,0.2411,
frame_ms,0.5013,
frame_ms,0.3648,
frame_ms,0.291,
tick_us,12.7,14
frame_ms,0.3365,
frame_ms,0.2176,
frame_ms,0.216,
frame_ms,0.2052,
frame_ms,0.2407,
frame_ms,0.2214,
frame_ms,0.2093,
frame_ms,0.2156,
frame_ms,0.246,
frame_ms,0.2227,
frame_ms,0.2113,
frame_ms,0.2225,
frame_ms,0.2418,
frame_ms,0.2323,
frame_ms,0.3824,
frame_ms,0.4086,
frame_ms,0.3881,
frame_ms,0.4033,
frame_ms,0.3461,
frame_ms,0.3572,
frame_ms,0.3395,
frame_ms,0.3531,
frame_ms,0.4191,
tick_us,17.3,14
frame_ms,0.416,
frame_ms,0.2455,
frame_ms,0.2264,
frame_ms,0.4007,
frame_ms,0.2777,
frame_ms,0.2515,
frame_ms,0.2239,
frame_ms,0.2318,
frame_ms,0.2285,
frame_ms,0.2594,
frame_ms,0.3357,
frame_ms,0.2595,
frame_ms,0.2234,
frame_ms,0.2223,
frame_ms,0.2229,
frame_ms,0.2178,
frame_ms,0.2417,
frame_ms,0.2296,
frame_ms,0.2301,
frame_ms,0.2228,
frame_ms,0.4056,
frame_ms,0.3042,
frame_ms,0.3192,
frame_ms,0.2317,
frame_ms,0.2261,
frame_ms,0.2262,
frame_ms,0.2175,
tick_us,18.9,12
frame_ms,0.3193,
frame_ms,0.2381,
frame_ms,0.2194,
frame_ms,0.2194,
frame_ms,0.2227,
frame_ms,0.2601,
frame_ms,0.259,
frame_ms,0.256,
frame_ms,0.3183,
frame_ms,0.2879,
frame_ms,0.2369,
frame_ms,0.2288,
frame_ms,0.2638,
frame_ms,0.2623,
frame_ms,0.2343,
frame_ms,0.2275,
frame_ms,0.2234,
frame_ms,0.2235,
frame_ms,0.2578,
frame_ms,0.2282,
frame_ms,0.2215,
frame_ms,0.2411,
frame_ms,0.2301,
frame_ms,0.7482,
frame_ms,0.2498,
frame_ms,0.2363,
tick_us,17.8,12
frame_ms,0.3022,
frame_ms,0.2358,
frame_ms,0.2249,
frame_ms,0.2157,
frame_ms,0.2243,
frame_ms,0.5169,
frame_ms,0.2838,
frame_ms,0.234,
frame_ms,0.2231,
frame_ms,0.2161,
frame_ms,0.3757,
frame_ms,0.4202,
frame_ms,0.3616,
frame_ms,0.3542,
frame_ms,0.294,
frame_ms,0.3141,
frame_ms,0.3739,
frame_ms,0.2893,
frame_ms,0.2416,
frame_ms,0.2094,
frame_ms,0.2181,
frame_ms,0.2097,
frame_ms,0.2377,
frame_ms,0.2239,
frame_ms,0.2353,
tick_us,15.9,12
frame_ms,0.2756,
frame_ms,0.2289,
frame_ms,0.2117,
frame_ms,0.2537,
frame_ms,0.2322,
frame_ms,0.2109,
frame_ms,0.2199,
frame_ms,0.2473,
frame_ms,0.2214,
frame_ms,0.2103,
frame_ms,0.2766,
frame_ms,0.2341,
frame_ms,0.2154,
frame_ms,0.2229,
frame_ms,0.2036,
frame_ms,0.2842,
frame_ms,0.2306,
frame_ms,0.2222,
frame_ms,0.2008,
frame_ms,0.2531,
frame_ms,0.2839,
frame_ms,0.2151,
frame_ms,0.2053,
frame_ms,0.2462,
frame_ms,0.2668,
frame_ms,0.2331,
frame_ms,0.2234,
frame_ms,0.213,
frame_ms,0.226,
frame_ms,0.2473,
tick_us,13.1,14
frame_ms,0.3003,
frame_ms,0.2334,
frame_ms,0.2251,
frame_ms,0.218,
frame_ms,0.2083,
frame_ms,0.2027,
frame_ms,0.2779,
frame_ms,0.2212,
frame_ms,0.2068,
frame_ms,0.2363,
frame_ms,0.2059,
frame_ms,0.4362,
frame_ms,0.3189,
frame_ms,0.2246,
frame_ms,0.2116,
frame_ms,0.2136,
frame_ms,0.2086,
frame_ms,0.2178,
frame_ms,0.2431,
frame_ms,0.2225,
frame_ms,0.208,
frame_ms,0.2236,
frame_ms,0.2644,
frame_ms,0.2695,
frame_ms,0.238,
frame_ms,0.2831,
frame_ms,0.2263,
frame_ms,0.2217,
tick_us,17.2,16
frame_ms,0.3043,
frame_ms,0.2476,
frame_ms,0.2348,
frame_ms,0.2211,
frame_ms,0.2125,
frame_ms,0.2248,
frame_ms,0.2822,
frame_ms,0.2136,
frame_ms,0.2634,
frame_ms,0.2649,
frame_ms,0.2307,
frame_ms,0.2271,
frame_ms,0.2181,
frame_ms,0.4896,
frame_ms,0.4929,
frame_ms,0.2469,
frame_ms,0.2293,
frame_ms,0.2128,
frame_ms,0.2086,
frame_ms,0.2088,
frame_ms,0.2696,
frame_ms,0.2266,
frame_ms,0.2101,
frame_ms,0.2275,
frame_ms,0.2154,
frame_ms,0.2048,
frame_ms,0.2556,
frame_ms,0.2374,
tick_us,13.9,14
frame_ms,0.2729,
frame_ms,0.2368,
frame_ms,0.2227,
frame_ms,0.2176,
frame_ms,0.2602,
frame_ms,0.4446,
frame_ms,0.3667,
frame_ms,0.3417,
frame_ms,0.3338,
frame_ms,0.3322,
frame_ms,0.2575,
frame_ms,0.214,
frame_ms,0.2145,
frame_ms,0.2057,
frame_ms,0.9843,
frame_ms,0.3639,
frame_ms,0.2649,
frame_ms,0.2094,
frame_ms,0.215,
frame_ms,0.2108,
frame_ms,0.2552,
frame_ms,0.2189,
frame_ms,0.2116,
tick_us,13.3,14
frame_ms,0.3002,
frame_ms,0.2346,
frame_ms,0.2265,
frame_ms,0.2153,
frame_ms,0.21,
frame_ms,0.2451,
frame_ms,0.2978,
frame_ms,0.7194,
frame_ms,0.2809,
frame_ms,0.2181,
frame_ms,0.2217,
frame_ms,0.2106,
frame_ms,0.2247,
frame_ms,0.2526,
frame_ms,0.2209,
frame_ms,0.2309,
frame_ms,0.2397,
frame_ms,0.2227,
frame_ms,0.2112,
frame_ms,0.22,
frame_ms,0.245,
frame_ms,0.2251,
frame_ms,0.2147,
frame_ms,0.2288,
frame_ms,0.3993,
frame_ms,0.2712,
frame_ms,0.233,
tick_us,16.2,14
frame_ms,0.2785,
frame_ms,0.2335,
frame_ms,0.2161,
frame_ms,0.2113,
frame_ms,0.2314,
frame_ms,0.2617,
frame_ms,0.226,
frame_ms,0.2084,
frame_ms,0.2583,
frame_ms,0.2235,
frame_ms,0.2111,
frame_ms,0.2511,
frame_ms,0.2106,
frame_ms,0.2593,
frame_ms,0.2385,
frame_ms,0.213,
frame_ms,0.2241,
frame_ms,0.2877,
frame_ms,0.3653,
frame_ms,0.2681,
frame_ms,0.2297,
frame_ms,0.2234,
frame_ms,0.2244,
frame_ms,0.2167,
frame_ms,0.2252,
frame_ms,0.2235,
frame_ms,0.3032,
frame_ms,0.2394,
frame_ms,0.2291,
tick_us,16.3,14
frame_ms,0.292,
frame_ms,0.2503,
frame_ms,0.2292,
frame_ms,0.2235,
frame_ms,0.2182,
frame_ms,0.2403,
frame_ms,0.2166,
frame_ms,0.2508,
frame_ms,0.2687,
frame_ms,0.2301,
frame_ms,0.2208,
frame_ms,0.2096,
frame_ms,0.2417,
frame_ms,0.2234,
frame_ms,0.2144,
frame_ms,0.2454,
frame_ms,0.2228,
frame_ms,0.2478,
frame_ms,0.7862,
frame_ms,0.2578,
frame_ms,0.2265,
frame_ms,0.2198,
frame_ms,0.2137,
frame_ms,0.2887,
frame_ms,0.226,
frame_ms,0.2107,
frame_ms,0.2364,
tick_us,18.1,12
frame_ms,0.2747,
frame_ms,0.2272,
frame_ms,0.2122,
frame_ms,0.2743,
frame_ms,0.2313,
frame_ms,0.2129,
frame_ms,0.2345,
frame_ms,0.3266,
frame_ms,0.4877,
frame_ms,0.3492,
frame_ms,0.3806,
frame_ms,0.3234,
frame_ms,0.2424,
frame_ms,0.2092,
frame_ms,0.2139,
frame_ms,0.2129,
frame_ms,0.2108,
frame_ms,0.2719,
frame_ms,0.2292,
frame_ms,0.2078,
frame_ms,0.2713,
frame_ms,0.2224,
frame_ms,0.572,
frame_ms,0.3538,
tick_us,19.9,12
frame_ms,0.4787,
frame_ms,0.3881,
frame_ms,0.6751,
frame_ms,0.286,
frame_ms,0.2349,
frame_ms,0.209,
frame_ms,0.2116,
frame_ms,0.2371,
frame_ms,0.2731,
frame_ms,0.2076,
frame_ms,0.2197,
frame_ms,0.2086,
frame_ms,0.2596,
frame_ms,0.2287,
frame_ms,0.2121,
frame_ms,0.2486,
frame_ms,0.2331,
frame_ms,0.216,
frame_ms,0.2094,
frame_ms,0.2681,
frame_ms,0.2286,
frame_ms,0.2052,
frame_ms,0.226,
frame_ms,0.2098,
frame_ms,0.2018,
frame_ms,0.2672,
frame_ms,0.2403,
tick_us,15.1,12
frame_ms,0.273,
frame_ms,0.8006,
frame_ms,0.2433,
frame_ms,0.2157,
frame_ms,0.2496,
frame_ms,0.2361,
frame_ms,0.209,
frame_ms,0.2062,
frame_ms,0.2246,
frame_ms,0.2178,
frame_ms,0.2056,
frame_ms,0.2509,
frame_ms,0.2174,
frame_ms,0.216,
frame_ms,0.2118,
frame_ms,0.2754,
frame_ms,0.2421,
frame_ms,0.2159,
frame_ms,0.3446,
frame_ms,0.3059,
frame_ms,0.272,
frame_ms,0.229,
frame_ms,0.2168,
frame_ms,0.2192,
frame_ms,0.2121,
frame_ms,0.2409,
frame_ms,0.2482,
tick_us,12.7,12
frame_ms,0.2713,
frame_ms,0.2142,
frame_ms,0.2584,
frame_ms,0.2249,
frame_ms,0.211,
frame_ms,0.2488,
frame_ms,0.2145,
frame_ms,0.2115,
frame_ms,0.2595,
frame_ms,0.3594,
frame_ms,0.3205,
frame_ms,0.2618,
frame_ms,0.293,
frame_ms,0.2358,
frame_ms,0.2325,
frame_ms,0.2623,
frame_ms,0.2451,
frame_ms,0.2189,
frame_ms,0.213,
frame_ms,0.2054,
frame_ms,0.2674,
frame_ms,0.24,
frame_ms,0.2215,
frame_ms,0.2121,
frame_ms,0.3596,
frame_ms,0.2405,
frame_ms,0.2147,
frame_ms,0.263,
tick_us,16.6,10
frame_ms,0.3301,
frame_ms,0.2559,
frame_ms,0.2296,
frame_ms,0.2211,
frame_ms,0.2164,
frame_ms,0.2392,
frame_ms,0.244,
frame_ms,0.2341,
frame_ms,0.2133,
frame_ms,0.2588,
frame_ms,0.2412,
frame_ms,0.2456,
frame_ms,0.2125,
frame_ms,0.299,
frame_ms,0.2838,
frame_ms,0.2358,
frame_ms,0.2225,
frame_ms,0.2132,
frame_ms,0.2174,
frame_ms,0.261,
frame_ms,0.2593,
frame_ms,0.2233,
frame_ms,0.2158,
frame_ms,0.2104,
frame_ms,0.2487,
frame_ms,0.2195,
frame_ms,0.2075,
frame_ms,0.2694,
tick_us,15,12
frame_ms,0.3128,
frame_ms,0.2454,
frame_ms,0.23,
frame_ms,0.2389,
frame_ms,0.2273,
frame_ms,0.2321,
frame_ms,0.2251,
frame_ms,0.2231,
frame_ms,0.2456,
frame_ms,0.2601,
frame_ms,0.2266,
frame_ms,0.2161,
frame_ms,0.2129,
frame_ms,0.2446,
frame_ms,0.2222,
frame_ms,0.2174,
frame_ms,0.433,
frame_ms,0.3055,
frame_ms,0.2213,
frame_ms,0.2799,
frame_ms,0.2375,
frame_ms,0.2486,
frame_ms,0.2931,
frame_ms,0.2206,
frame_ms,0.215,
frame_ms,0.209,
frame_ms,0.2524,
frame_ms,0.2584,
frame_ms,0.2229,
tick_us,18.2,12
frame_ms,0.2778,
frame_ms,0.224,
frame_ms,0.2214,
frame_ms,0.2108,
frame_ms,0.259,
frame_ms,0.2271,
frame_ms,0.5262,
frame_ms,0.4268,
frame_ms,0.2652,
frame_ms,0.2332,
frame_ms,0.2194,
frame_ms,0.2558,
frame_ms,0.2095,
frame_ms,0.2077,
frame_ms,0.2378,
frame_ms,0.2282,
frame_ms,0.2313,
frame_ms,0.2049,
frame_ms,0.2467,
frame_ms,0.2344,
frame_ms,0.2089,
frame_ms,0.2347,
frame_ms,0.2209,
frame_ms,0.2221,
frame_ms,0.2837,
frame_ms,0.2345,
frame_ms,0.2122,
tick_us,16.2,16
frame_ms,0.296,
frame_ms,0.2296,
frame_ms,0.2149,
frame_ms,0.2685,
frame_ms,0.2323,
frame_ms,0.2103,
frame_ms,0.2478,
frame_ms,0.232,
frame_ms,0.2064,
frame_ms,0.2484,
frame_ms,0.2301,
frame_ms,0.2527,
frame_ms,0.2782,
frame_ms,0.243,
frame_ms,0.2473,
frame_ms,0.2253,
frame_ms,0.2717,
frame_ms,0.2615,
frame_ms,0.3262,
frame_ms,0.3111,
frame_ms,0.3558,
frame_ms,0.4333,
frame_ms,0.3227,
frame_ms,0.2431,
frame_ms,0.2084,
frame_ms,0.214,
frame_ms,0.2707,
tick_us,21.8,16
frame_ms,0.4997,
frame_ms,0.4569,
frame_ms,0.274,
frame_ms,0.2234,
frame_ms,0.2188,
frame_ms,0.2172,
frame_ms,0.2168,
frame_ms,0.2109,
frame_ms,0.2434,
frame_ms,0.2529,
frame_ms,0.225,
frame_ms,0.21,
frame_ms,0.2511,
frame_ms,0.2264,
frame_ms,0.2073,
frame_ms,0.4174,
frame_ms,0.377,
frame_ms,0.4017,
frame_ms,0.3441,
frame_ms,0.3707,
frame_ms,0.4073,
frame_ms,0.3379,
frame_ms,0.3349,
tick_us,15.5,16
frame_ms,0.3952,
frame_ms,0.3199,
frame_ms,0.2423,
frame_ms,0.217,
frame_ms,0.259,
frame_ms,0.2638,
frame_ms,0.2504,
frame_ms,0.2301,
frame_ms,0.2172,
frame_ms,0.2142,
frame_ms,0.2435,
frame_ms,0.2147,
frame_ms,0.2683,
frame_ms,0.2299,
frame_ms,0.2043,
frame_ms,0.2158,
frame_ms,0.2508,
frame_ms,0.2214,
frame_ms,0.2077,
frame_ms,0.2523,
frame_ms,0.2235,
frame_ms,0.2037,
frame_ms,0.2624,
frame_ms,0.2608,
frame_ms,0.4406,
frame_ms,0.2585,
frame_ms,0.2245,
frame_ms,0.2115,
tick_us,16.9,16
frame_ms,0.2686,
frame_ms,0.2301,
frame_ms,0.2124,
frame_ms,0.2184,
frame_ms,0.2427,
frame_ms,0.2219,
frame_ms,0.2103,
frame_ms,0.2516,
frame_ms,0.2194,
frame_ms,0.2089,
frame_ms,0.2595,
frame_ms,0.222,
frame_ms,0.2064,
frame_ms,0.3053,
frame_ms,0.25,
frame_ms,0.2166,
frame_ms,0.229,
frame_ms,0.2081,
frame_ms,0.235,
frame_ms,0.2088,
frame_ms,0.2341,
frame_ms,0.2199,
frame_ms,0.2052,
frame_ms,0.2492,
frame_ms,0.2197,
frame_ms,0.2079,
frame_ms,0.243,
frame_ms,0.2203,
frame_ms,0.2028,
frame_ms,0.2814,
tick_us,16.1,16
frame_ms,0.3328,
frame_ms,0.6041,
frame_ms,0.3503,
frame_ms,0.3797,
frame_ms,0.3946,
frame_ms,0.2721,
frame_ms,0.2202,
frame_ms,0.2154,
frame_ms,0.2083,
frame_ms,0.235,
frame_ms,0.2214,
frame_ms,0.2056,
frame_ms,0.2535,
frame_ms,0.2395,
frame_ms,0.2071,
frame_ms,0.2533,
frame_ms,0.2741,
frame_ms,0.2435,
frame_ms,0.212,
frame_ms,0.2738,
frame_ms,0.2308,
frame_ms,0.2066,
frame_ms,0.2454,
frame_ms,0.2244,
frame_ms,0.2083,
frame_ms,0.2507,
tick_us,15,16
frame_ms,0.2757,
frame_ms,0.2277,
frame_ms,0.2189,
frame_ms,0.2101,
frame_ms,0.2321,
frame_ms,0.249,
frame_ms,0.7966,
frame_ms,0.2692,
frame_ms,0.2604,
frame_ms,0.2116,
frame_ms,0.209,
frame_ms,0.2294,
frame_ms,0.212,
frame_ms,0.2028,
frame_ms,0.2653,
frame_ms,0.2261,
frame_ms,0.2013,
frame_ms,0.2382,
frame_ms,0.2226,
frame_ms,0.2009,
frame_ms,0.3186,
frame_ms,0.2716,
frame_ms,0.2444,
frame_ms,0.2203,
frame_ms,0.2432,
frame_ms,0.2854,
frame_ms,0.2332,
tick_us,16.3,16
frame_ms,0.2984,
frame_ms,0.2255,
frame_ms,0.2149,
frame_ms,0.247,
frame_ms,0.2248,
frame_ms,0.2115,
frame_ms,0.216,
frame_ms,0.2231,
frame_ms,0.254,
frame_ms,0.2191,
frame_ms,0.2014,
frame_ms,0.2323,
frame_ms,0.2246,
frame_ms,0.2114,
frame_ms,0.242,
frame_ms,0.2538,
frame_ms,0.2192,
frame_ms,0.2036,
frame_ms,0.2657,
frame_ms,0.2395,
frame_ms,0.206,
frame_ms,0.2447,
frame_ms,0.2243,
frame_ms,0.2021,
frame_ms,0.2468,
frame_ms,0.2253,
frame_ms,0.2096,
frame_ms,0.2566,
frame_ms,0.2152,
frame_ms,0.2052,
tick_us,13.8,18
frame_ms,0.2862,
frame_ms,0.2514,
frame_ms,0.2362,
frame_ms,0.2163,
frame_ms,0.213,
frame_ms,0.2339,
frame_ms,0.2084,
frame_ms,0.2429,
frame_ms,0.2221,
frame_ms,0.201,
frame_ms,0.255,
frame_ms,0.5454,
frame_ms,0.3962,
frame_ms,0.3488,
frame_ms,0.3872,
frame_ms,0.3796,
frame_ms,0.3999,
frame_ms,0.3483,
frame_ms,0.3624,
frame_ms,0.3461,
frame_ms,0.3755,
frame_ms,0.3545,
tick_us,18,20
frame_ms,0.4064,
frame_ms,0.3562,
frame_ms,0.3402,
frame_ms,0.3803,
frame_ms,0.3594,
frame_ms,0.4387,
frame_ms,0.351,
frame_ms,0.3704,
frame_ms,0.3318,
frame_ms,0.326,
frame_ms,0.2859,
frame_ms,0.2569,
frame_ms,0.21,
frame_ms,0.2172,
frame_ms,0.2117,
frame_ms,0.2107,
frame_ms,0.2613,
frame_ms,0.2275,
frame_ms,0.2178,
frame_ms,0.2442,
frame_ms,0.3154,
frame_ms,0.273,
frame_ms,0.2303,
frame_ms,0.2234,
tick_us,16.9,18
frame_ms,0.33,
frame_ms,0.2391,
frame_ms,0.219,
frame_ms,0.2676,
frame_ms,0.2598,
frame_ms,0.2318,
frame_ms,0.2314,
frame_ms,0.2631,
frame_ms,0.257,
frame_ms,0.2239,
frame_ms,0.2283,
frame_ms,0.2286,
frame_ms,0.737,
frame_ms,0.2671,
frame_ms,0.2426,
frame_ms,0.2569,
frame_ms,0.2301,
frame_ms,0.217,
frame_ms,0.3248,
frame_ms,0.3048,
frame_ms,0.2662,
frame_ms,0.2291,
frame_ms,0.233,
frame_ms,0.2237,
frame_ms,0.2239,
frame_ms,0.2445,
tick_us,17.2,18
frame_ms,0.2888,
frame_ms,0.2428,
frame_ms,0.214,
frame_ms,0.2426,
frame_ms,0.2343,
frame_ms,0.2124,
frame_ms,0.2783,
frame_ms,0.2346,
frame_ms,0.2166,
frame_ms,0.2701,
frame_ms,0.2695,
frame_ms,0.2333,
frame_ms,0.2227,
frame_ms,0.2148,
frame_ms,0.2088,
frame_ms,0.2607,
frame_ms,0.2488,
frame_ms,0.2156,
frame_ms,0.2176,
frame_ms,0.2324,
frame_ms,0.2432,
frame_ms,0.2894,
frame_ms,0.2257,
frame_ms,0.2163,
frame_ms,0.2133,
frame_ms,0.2295,
frame_ms,0.2106,
frame_ms,0.2494,
frame_ms,0.2268,
tick_us,16.4,18
frame_ms,0.2734,
frame_ms,0.2326,
frame_ms,0.2491,
frame_ms,0.2264,
frame_ms,0.2123,
frame_ms,0.2563,
frame_ms,0.2146,
frame_ms,0.7702,
frame_ms,0.2376,
frame_ms,0.2166,
frame_ms,0.2172,
frame_ms,0.2163,
frame_ms,0.2048,
frame_ms,0.2508,
frame_ms,0.2429,
frame_ms,0.2172,
frame_ms,0.2345,
frame_ms,0.2191,
frame_ms,0.2074,
frame_ms,0.2518,
frame_ms,0.2224,
frame_ms,0.2328,
frame_ms,0.2498,
frame_ms,0.6343,
frame_ms,0.4566,
tick_us,16.2,18
frame_ms,0.4511,
frame_ms,0.2813,
frame_ms,0.2217,
frame_ms,0.2176,
frame_ms,0.2201,
frame_ms,0.2162,
frame_ms,0.2178,
frame_ms,0.2651,
frame_ms,0.2724,
frame_ms,0.2301,
frame_ms,0.2854,
frame_ms,0.264,
frame_ms,0.4534,
frame_ms,0.2704,
frame_ms,0.2475,
frame_ms,0.2627,
frame_ms,0.2157,
frame_ms,0.2183,
frame_ms,0.213,
frame_ms,0.2502,
frame_ms,0.2252,
frame_ms,0.2133,
frame_ms,0.2582,
frame_ms,0.2269,
frame_ms,0.2093,
frame_ms,0.2559,
frame_ms,0.233,
tick_us,21.4,18
frame_ms,0.3471,
frame_ms,0.2587,
frame_ms,0.2469,
frame_ms,0.2318,
frame_ms,0.2177,
frame_ms,0.2464,
frame_ms,0.2129,
frame_ms,0.2282,
frame_ms,0.2177,
frame_ms,0.2118,
frame_ms,0.2255,
frame_ms,0.2121,
frame_ms,0.2069,
frame_ms,0.2346,
frame_ms,0.2257,
frame_ms,0.2135,
frame_ms,0.2669,
frame_ms,0.396,
frame_ms,0.3406,
frame_ms,0.2511,
frame_ms,0.25,
frame_ms,0.2407,
frame_ms,0.2539,
frame_ms,0.2714,
frame_ms,0.2642,
frame_ms,0.2519,
frame_ms,0.225,
frame_ms,0.2193,
tick_us,16.1,14
frame_ms,0.2747,
frame_ms,0.2277,
frame_ms,0.2363,
frame_ms,0.3155,
frame_ms,0.3154,
frame_ms,0.2793,
frame_ms,0.2631,
frame_ms,0.2987,
frame_ms,0.2639,
frame_ms,0.2408,
frame_ms,0.2369,
frame_ms,0.3001,
frame_ms,0.2298,
frame_ms,0.2565,
frame_ms,0.2659,
frame_ms,0.2265,
frame_ms,0.2948,
frame_ms,0.2262,
frame_ms,0.2166,
frame_ms,0.2163,
frame_ms,0.2124,
frame_ms,0.4685,
frame_ms,0.4491,
frame_ms,0.3599,
frame_ms,0.3848,
tick_us,17.9,18
frame_ms,0.4243,
frame_ms,0.3576,
frame_ms,0.3381,
frame_ms,0.2855,
frame_ms,0.241,
frame_ms,0.2112,
frame_ms,0.2231,
frame_ms,0.2103,
frame_ms,0.209,
frame_ms,0.3134,
frame_ms,0.288,
frame_ms,0.2459,
frame_ms,0.2208,
frame_ms,0.2115,
frame_ms,0.216,
frame_ms,0.2583,
frame_ms,0.2091,
frame_ms,0.2093,
frame_ms,0.2557,
frame_ms,0.2246,
frame_ms,0.2072,
frame_ms,0.2204,
frame_ms,0.2442,
frame_ms,0.22,
frame_ms,0.2093,
frame_ms,0.2528,
frame_ms,0.2155,
frame_ms,0.2078,
tick_us,15.7,20
frame_ms,0.3142,
frame_ms,0.2498,
frame_ms,0.2328,
frame_ms,0.2207,
frame_ms,0.2098,
frame_ms,0.2409,
frame_ms,0.2606,
frame_ms,0.2062,
frame_ms,0.2173,
frame_ms,0.2455,
frame_ms,0.3328,
frame_ms,0.2979,
frame_ms,0.2865,
frame_ms,0.2217,
frame_ms,0.2241,
frame_ms,0.2299,
frame_ms,0.2328,
frame_ms,0.2282,
frame_ms,0.2591,
frame_ms,0.2988,
frame_ms,0.2345,
frame_ms,0.2271,
frame_ms,0.2284,
frame_ms,0.2159,
frame_ms,0.2231,
frame_ms,0.2457,
frame_ms,0.2669,
frame_ms,0.2267,
tick_us,14.9,22
frame_ms,0.2742,
frame_ms,0.2156,
frame_ms,0.2273,
frame_ms,0.2088,
frame_ms,0.2285,
frame_ms,0.2332,
frame_ms,0.2696,
frame_ms,0.2818,
frame_ms,0.2443,
frame_ms,0.2309,
frame_ms,0.2197,
frame_ms,0.2287,
frame_ms,0.279,
frame_ms,0.2714,
frame_ms,0.2235,
frame_ms,0.2324,
frame_ms,0.2151,
frame_ms,0.2075,
frame_ms,0.2465,
frame_ms,0.221,
frame_ms,0.2094,
frame_ms,0.2483,
frame_ms,0.2278,
frame_ms,0.2157,
frame_ms,0.2676,
frame_ms,0.2418,
frame_ms,0.2178,
frame_ms,0.2093,
frame_ms,0.2451,
frame_ms,0.225,
tick_us,14.5,22
frame_ms,0.2984,
frame_ms,0.2295,
frame_ms,0.2123,
frame_ms,0.2089,
frame_ms,0.205,
frame_ms,0.2467,
frame_ms,0.2201,
frame_ms,0.2085,
frame_ms,0.2574,
frame_ms,0.2274,
frame_ms,0.2086,
frame_ms,0.2589,
frame_ms,0.2697,
frame_ms,0.2349,
frame_ms,0.5541,
frame_ms,0.4719,
frame_ms,0.3627,
frame_ms,0.3647,
frame_ms,0.2722,
frame_ms,0.2236,
frame_ms,0.2205,
frame_ms,0.2272,
frame_ms,0.217,
frame_ms,0.2273,
frame_ms,0.2631,
frame_ms,0.2537,
tick_us,17,24
frame_ms,0.4023,
frame_ms,0.3096,
frame_ms,0.2355,
frame_ms,0.2206,
frame_ms,0.2248,
frame_ms,0.2202,
frame_ms,0.2115,
frame_ms,0.2634,
frame_ms,0.2686,
frame_ms,0.2204,
frame_ms,0.2156,
frame_ms,0.2095,
frame_ms,0.2514,
frame_ms,0.2277,
frame_ms,0.2116,
frame_ms,0.2335,
frame_ms,0.3323,
frame_ms,0.2686,
frame_ms,0.2399,
frame_ms,0.2312,
frame_ms,0.2249,
frame_ms,0.218,
frame_ms,0.2261,
frame_ms,0.2748,
frame_ms,0.2696,
frame_ms,0.2283,
frame_ms,0.2205,
frame_ms,0.2134,
tick_us,18,24
frame_ms,0.3068,
frame_ms,0.2372,
frame_ms,0.2257,
frame_ms,0.2146,
frame_ms,0.2108,
frame_ms,0.2863,
frame_ms,0.9723,
frame_ms,0.2694,
frame_ms,0.2329,
frame_ms,0.2128,
frame_ms,0.2197,
frame_ms,0.211,
frame_ms,0.308,
frame_ms,0.342,
frame_ms,0.2443,
frame_ms,0.2129,
frame_ms,0.2164,
frame_ms,0.2158,
frame_ms,0.482,
frame_ms,0.2954,
frame_ms,0.2453,
frame_ms,0.2164,
frame_ms,0.2269,
frame_ms,0.2217,
tick_us,19.6,24
frame_ms,0.296,
frame_ms,0.2607,
frame_ms,0.2625,
frame_ms,0.2288,
frame_ms,0.221,
frame_ms,0.2117,
frame_ms,0.2311,
frame_ms,0.2204,
frame_ms,0.2114,
frame_ms,0.231,
frame_ms,0.2197,
frame_ms,0.2104,
frame_ms,0.2248,
frame_ms,0.2606,
frame_ms,0.3025,
frame_ms,0.2487,
frame_ms,0.2474,
frame_ms,0.2407,
frame_ms,0.2331,
frame_ms,0.2274,
frame_ms,0.2456,
frame_ms,0.2588,
frame_ms,0.2268,
frame_ms,0.2319,
frame_ms,0.2277,
frame_ms,0.2092,
frame_ms,0.2484,
frame_ms,0.2309,
frame_ms,0.2071,
frame_ms,0.2438,
tick_us,14.5,24
frame_ms,0.2866,
frame_ms,0.2361,
frame_ms,0.2111,
frame_ms,0.236,
frame_ms,0.2365,
frame_ms,0.2237,
frame_ms,0.2067,
frame_ms,0.2572,
frame_ms,0.2694,
frame_ms,0.2363,
frame_ms,0.2268,
frame_ms,0.217,
frame_ms,0.2493,
frame_ms,0.214,
frame_ms,0.2078,
frame_ms,0.2682,
frame_ms,0.2756,
frame_ms,0.2252,
frame_ms,0.2268,
frame_ms,0.488,
frame_ms,0.2656,
frame_ms,0.2443,
frame_ms,0.2117,
frame_ms,0.2118,
frame_ms,0.2079,
frame_ms,0.2068,
frame_ms,0.2468,
frame_ms,0.221,
tick_us,14.9,24
frame_ms,0.2692,
frame_ms,0.2302,
frame_ms,0.2154,
frame_ms,0.3365,
frame_ms,0.5179,
frame_ms,0.3676,
frame_ms,0.3647,
frame_ms,0.2611,
frame_ms,0.2113,
frame_ms,0.2152,
frame_ms,0.2119,
frame_ms,0.2736,
frame_ms,0.2317,
frame_ms,0.2057,
frame_ms,0.2521,
frame_ms,0.2215,
frame_ms,0.2076,
frame_ms,0.2523,
frame_ms,0.2281,
frame_ms,0.2075,
frame_ms,0.3047,
frame_ms,0.2663,
frame_ms,0.2383,
frame_ms,0.2257,
frame_ms,0.2198,
frame_ms,0.216,
frame_ms,0.3045,
tick_us,14.6,24
frame_ms,0.4033,
frame_ms,0.2456,
frame_ms,0.2113,
frame_ms,0.2118,
frame_ms,0.2029,
frame_ms,0.2025,
frame_ms,0.2498,
frame_ms,0.2265,
frame_ms,0.2097,
frame_ms,0.2493,
frame_ms,0.2245,
frame_ms,0.2175,
frame_ms,0.2276,
frame_ms,0.2351,
frame_ms,0.2195,
frame_ms,0.2588,
frame_ms,0.2269,
frame_ms,0.2036,
frame_ms,0.2742,
frame_ms,0.2246,
frame_ms,0.209,
frame_ms,0.2489,
frame_ms,0.2747,
frame_ms,0.2118,
frame_ms,0.2078,
frame_ms,0.2483,
frame_ms,0.2235,
frame_ms,0.2064,
frame_ms,0.2853,
tick_us,15.1,22
frame_ms,0.4416,
frame_ms,0.4816,
frame_ms,0.2754,
frame_ms,0.2324,
frame_ms,0.2192,
frame_ms,0.2225,
frame_ms,0.4656,
frame_ms,0.3902,
frame_ms,0.3676,
frame_ms,0.3581,
frame_ms,0.2653,
frame_ms,0.2191,
frame_ms,0.2785,
frame_ms,0.449,
frame_ms,0.4254,
frame_ms,0.354,
frame_ms,0.2809,
frame_ms,0.2301,
frame_ms,0.2103,
frame_ms,0.2198,
frame_ms,0.2105,
frame_ms,0.2478,
frame_ms,0.2592,
tick_us,15.7,22
frame_ms,0.2871,
frame_ms,0.2348,
frame_ms,0.2243,
frame_ms,0.2065,
frame_ms,0.2111,
frame_ms,0.2443,
frame_ms,0.2356,
frame_ms,0.2144,
frame_ms,0.2841,
frame_ms,0.2341,
frame_ms,0.2183,
frame_ms,0.2321,
frame_ms,0.2517,
frame_ms,0.208,
frame_ms,0.2345,
frame_ms,0.2571,
frame_ms,0.2337,
frame_ms,0.2119,
frame_ms,0.2415,
frame_ms,0.2253,
frame_ms,0.2111,
frame_ms,0.2349,
frame_ms,0.2093,
frame_ms,0.2908,
frame_ms,0.2872,
frame_ms,0.2511,
frame_ms,0.2471,
frame_ms,0.2479,
frame_ms,0.2395,
tick_us,17.4,22
frame_ms,0.3277,
frame_ms,0.2721,
frame_ms,0.2277,
frame_ms,0.2228,
frame_ms,0.2193,
frame_ms,0.2136,
frame_ms,0.2399,
frame_ms,0.2645,
frame_ms,0.2128,
frame_ms,0.2131,
frame_ms,0.3013,
frame_ms,0.2905,
frame_ms,0.2482,
frame_ms,0.264,
frame_ms,0.2221,
frame_ms,0.3333,
frame_ms,0.262,
frame_ms,0.2168,
frame_ms,0.2074,
frame_ms,0.2392,
frame_ms,0.221,
frame_ms,0.2105,
frame_ms,0.2544,
frame_ms,0.2186,
frame_ms,0.2138,
frame_ms,0.2548,
frame_ms,0.2175,
frame_ms,0.2106,
tick_us,22,22
frame_ms,0.3127,
frame_ms,0.2499,
frame_ms,0.3439,
frame_ms,0.3515,
frame_ms,0.249,
frame_ms,0.2085,
frame_ms,0.2128,
frame_ms,0.2101,
frame_ms,0.2211,
frame_ms,0.2458,
frame_ms,0.2245,
frame_ms,0.2063,
frame_ms,0.2162,
frame_ms,0.2478,
frame_ms,0.2171,
frame_ms,0.2042,
frame_ms,0.3872,
frame_ms,0.3156,
frame_ms,0.2594,
frame_ms,0.2424,
frame_ms,0.2481,
frame_ms,0.2346,
frame_ms,0.2266,
frame_ms,0.2793,
frame_ms,0.2417,
frame_ms,0.2118,
frame_ms,0.2585,
frame_ms,0.2241,
tick_us,15.6,20
frame_ms,0.2739,
frame_ms,0.2188,
frame_ms,0.2362,
frame_ms,0.2267,
frame_ms,0.211,
frame_ms,0.315,
frame_ms,0.2644,
frame_ms,0.242,
frame_ms,0.2345,
frame_ms,0.2282,
frame_ms,0.2157,
frame_ms,0.216,
frame_ms,0.2606,
frame_ms,0.2635,
frame_ms,0.2285,
frame_ms,0.2176,
frame_ms,0.2127,
frame_ms,0.2426,
frame_ms,0.2232,
frame_ms,0.2124,
frame_ms,0.2255,
frame_ms,0.2117,
frame_ms,0.2031,
frame_ms,0.3028,
frame_ms,0.2758,
frame_ms,0.2538,
frame_ms,0.2439,
frame_ms,0.3563,
tick_us,17.4,20
frame_ms,0.3389,
frame_ms,0.2523,
frame_ms,0.2304,
frame_ms,0.2298,
frame_ms,0.2346,
frame_ms,0.2573,
frame_ms,0.2593,
frame_ms,0.2272,
frame_ms,0.2186,
frame_ms,0.2098,
frame_ms,0.2423,
frame_ms,0.2207,
frame_ms,0.46,
frame_ms,0.4544,
frame_ms,0.3476,
frame_ms,0.3608,
frame_ms,0.2913,
frame_ms,0.2303,
frame_ms,0.2133,
frame_ms,0.2045,
frame_ms,0.2359,
frame_ms,0.2245,
frame_ms,0.2104,
frame_ms,0.2173,
frame_ms,0.2455,
frame_ms,0.2208,
frame_ms,0.2268,
tick_us,18.8,20
frame_ms,0.2803,
frame_ms,0.484,
frame_ms,0.2723,
frame_ms,0.2329,
frame_ms,0.2229,
frame_ms,0.2203,
frame_ms,0.2478,
frame_ms,0.2139,
frame_ms,0.2575,
frame_ms,0.266,
frame_ms,0.2457,
frame_ms,0.2178,
frame_ms,0.2079,
frame_ms,0.2352,
frame_ms,0.2225,
frame_ms,0.2093,
frame_ms,0.2447,
frame_ms,0.2763,
frame_ms,0.2773,
frame_ms,0.2273,
frame_ms,0.2249,
frame_ms,0.2314,
frame_ms,0.2132,
frame_ms,0.2268,
frame_ms,0.3149,
frame_ms,0.2399,
frame_ms,0.2186,
frame_ms,0.2123,
tick_us,15.5,20
frame_ms,0.2822,
frame_ms,0.2253,
frame_ms,0.2189,
frame_ms,0.2107,
frame_ms,0.2498,
frame_ms,0.2187,
frame_ms,0.4467,
frame_ms,0.5118,
frame_ms,0.3619,
frame_ms,0.3659,
frame_ms,0.3375,
frame_ms,0.3414,
frame_ms,0.3341,
frame_ms,0.3345,
frame_ms,0.3509,
frame_ms,0.3357,
frame_ms,0.287,
frame_ms,0.2353,
frame_ms,0.2218,
frame_ms,0.2381,
frame_ms,0.2283,
frame_ms,0.2158,
frame_ms,0.247,
tick_us,16.1,18
frame_ms,0.3127,
frame_ms,0.2311,
frame_ms,0.2219,
frame_ms,0.2115,
frame_ms,0.2237,
frame_ms,0.2033,
frame_ms,0.2123,
frame_ms,0.2401,
frame_ms,0.2203,
frame_ms,0.2107,
frame_ms,0.2457,
frame_ms,0.2185,
frame_ms,0.2102,
frame_ms,0.2448,
frame_ms,0.5681,
frame_ms,0.2808,
frame_ms,0.2554,
frame_ms,0.2292,
frame_ms,0.2659,
frame_ms,0.2321,
frame_ms,0.2373,
frame_ms,0.2866,
frame_ms,0.2461,
frame_ms,0.2246,
frame_ms,0.2209,
frame_ms,0.2119,
frame_ms,0.2118,
frame_ms,0.2478,
tick_us,13.4,20
frame_ms,0.3171,
frame_ms,0.2339,
frame_ms,0.2329,
frame_ms,0.2209,
frame_ms,0.2501,
frame_ms,0.2273,
frame_ms,0.2074,
frame_ms,0.2238,
frame_ms,0.2136,
frame_ms,0.2028,
frame_ms,0.2668,
frame_ms,0.369,
frame_ms,0.2453,
frame_ms,0.2215,
frame_ms,0.2214,
frame_ms,0.207,
frame_ms,0.2052,
frame_ms,0.3348,
frame_ms,0.3978,
frame_ms,0.3506,
frame_ms,0.2569,
frame_ms,0.2449,
frame_ms,0.2176,
frame_ms,0.2098,
frame_ms,0.2043,
frame_ms,0.2238,
frame_ms,0.2241,
frame_ms,0.2084,
frame_ms,0.2559,
tick_us,16,20
frame_ms,0.281,
frame_ms,0.2299,
frame_ms,0.2125,
frame_ms,0.2711,
frame_ms,0.2656,
frame_ms,0.2196,
frame_ms,0.2171,
frame_ms,0.2809,
frame_ms,0.2126,
frame_ms,0.2474,
frame_ms,0.2943,
frame_ms,0.2276,
frame_ms,0.2176,
frame_ms,0.23,
frame_ms,0.2759,
frame_ms,0.2615,
frame_ms,0.2257,
frame_ms,0.2148,
frame_ms,0.2098,
frame_ms,0.2501,
frame_ms,0.2246,
frame_ms,0.2097,
frame_ms,0.2394,
frame_ms,0.2137,
frame_ms,0.2148,
frame_ms,0.3101,
frame_ms,0.2198,
frame_ms,0.2146,
frame_ms,0.2107,
tick_us,16,20
frame_ms,0.3139,
frame_ms,0.2391,
frame_ms,0.2179,
frame_ms,0.2047,
frame_ms,0.2064,
frame_ms,0.2719,
frame_ms,0.2137,
frame_ms,0.2022,
frame_ms,0.2648,
frame_ms,0.2237,
frame_ms,0.2079,
frame_ms,0.3504,
frame_ms,0.2574,
frame_ms,0.2345,
frame_ms,0.2718,
frame_ms,0.3226,
frame_ms,0.2759,
frame_ms,0.4289,
frame_ms,0.3387,
frame_ms,0.2455,
frame_ms,0.2076,
frame_ms,0.2143,
frame_ms,0.2075,
frame_ms,0.2315,
frame_ms,0.2109,
frame_ms,0.2099,
frame_ms,0.334,
tick_us,16.2,20
frame_ms,0.3418,
frame_ms,0.3133,
frame_ms,0.2389,
frame_ms,0.2198,
frame_ms,0.2274,
frame_ms,0.2167,
frame_ms,0.2923,
frame_ms,0.3573,
frame_ms,0.2114,
frame_ms,0.2155,
frame_ms,0.2083,
frame_ms,0.2335,
frame_ms,0.224,
frame_ms,0.211,
frame_ms,0.2492,
frame_ms,0.2224,
frame_ms,0.2123,
frame_ms,0.2659,
frame_ms,0.4526,
frame_ms,0.2639,
frame_ms,0.2201,
frame_ms,0.2189,
frame_ms,0.2178,
frame_ms,0.2058,
frame_ms,0.4206,
frame_ms,0.3733,
tick_us,16.2,20
frame_ms,0.4033,
frame_ms,0.3597,
frame_ms,0.2428,
frame_ms,0.2131,
frame_ms,0.317,
frame_ms,0.2646,
frame_ms,0.2467,
frame_ms,0.2369,
frame_ms,0.2303,
frame_ms,0.2263,
frame_ms,0.2142,
frame_ms,0.2622,
frame_ms,0.2701,
frame_ms,0.2272,
frame_ms,0.2195,
frame_ms,0.211,
frame_ms,0.2425,
frame_ms,0.2195,
frame_ms,0.2069,
frame_ms,0.2553,
frame_ms,0.2265,
frame_ms,0.2125,
frame_ms,0.6893,
frame_ms,0.3454,
frame_ms,0.2549,
frame_ms,0.2382,
tick_us,16.6,20
frame_ms,0.2768,
frame_ms,0.2411,
frame_ms,0.2212,
frame_ms,0.219,
frame_ms,0.2152,
frame_ms,0.2604,
frame_ms,0.2673,
frame_ms,0.2287,
frame_ms,0.2184,
frame_ms,0.2121,
frame_ms,0.2348,
frame_ms,0.2241,
frame_ms,0.3383,
frame_ms,0.2633,
frame_ms,0.2483,
frame_ms,0.2379,
frame_ms,0.235,
frame_ms,0.2246,
frame_ms,0.2183,
frame_ms,0.2651,
frame_ms,0.2647,
frame_ms,0.2291,
frame_ms,0.2178,
frame_ms,0.2109,
frame_ms,0.2091,
frame_ms,0.2526,
frame_ms,0.2201,
frame_ms,0.2109,
frame_ms,0.2698,
tick_us,14.9,20
frame_ms,0.308,
frame_ms,0.2448,
frame_ms,0.2411,
frame_ms,0.2247,
frame_ms,0.2146,
frame_ms,0.2106,
frame_ms,0.2774,
frame_ms,0.2601,
frame_ms,0.2227,
frame_ms,0.2088,
frame_ms,0.2369,
frame_ms,0.2223,
frame_ms,0.2777,
frame_ms,0.2062,
frame_ms,0.2394,
frame_ms,0.2182,
frame_ms,0.2108,
frame_ms,0.229,
frame_ms,0.6688,
frame_ms,0.4054,
frame_ms,0.3427,
frame_ms,0.2465,
frame_ms,0.2157,
frame_ms,0.2182,
frame_ms,0.2099,
frame_ms,0.2283,
tick_us,18.9,20
frame_ms,0.482,
frame_ms,0.444,
frame_ms,0.3119,
frame_ms,0.3319,
frame_ms,0.2858,
frame_ms,0.2454,
frame_ms,0.2449,
frame_ms,0.2386,
frame_ms,0.2281,
frame_ms,0.2534,
frame_ms,0.2526,
frame_ms,0.2662,
frame_ms,0.2527,
frame_ms,0.2257,
frame_ms,0.2289,
frame_ms,0.2049,
frame_ms,0.2778,
frame_ms,0.2316,
frame_ms,0.2121,
frame_ms,0.2442,
frame_ms,0.2608,
frame_ms,0.2923,
frame_ms,0.2775,
frame_ms,0.2569,
frame_ms,0.2468,
frame_ms,0.2391,
tick_us,18.3,22
frame_ms,0.322,
frame_ms,0.2886,
frame_ms,0.2363,
frame_ms,0.2151,
frame_ms,0.2126,
frame_ms,0.2102,
frame_ms,0.2735,
frame_ms,0.2307,
frame_ms,0.2091,
frame_ms,0.2602,
frame_ms,0.2225,
frame_ms,0.2585,
frame_ms,0.4678,
frame_ms,0.4852,
frame_ms,0.3773,
frame_ms,0.258,
frame_ms,0.2212,
frame_ms,0.2255,
frame_ms,0.2205,
frame_ms,0.2164,
frame_ms,0.2145,
frame_ms,0.248,
frame_ms,0.3411,
frame_ms,0.2222,
frame_ms,0.2184,
frame_ms,0.2183,
frame_ms,0.2147,
tick_us,19.5,24
frame_ms,0.3722,
frame_ms,0.2542,
frame_ms,0.2328,
frame_ms,0.2296,
frame_ms,0.2105,
frame_ms,0.2397,
frame_ms,0.2125,
frame_ms,0.2029,
frame_ms,0.2406,
frame_ms,0.3104,
frame_ms,0.2391,
frame_ms,0.222,
frame_ms,0.213,
frame_ms,0.2148,
frame_ms,0.2984,
frame_ms,0.3193,
frame_ms,0.2283,
frame_ms,0.2105,
frame_ms,0.3933,
frame_ms,0.2358,
frame_ms,0.2204,
frame_ms,0.2167,
frame_ms,0.2414,
frame_ms,0.2044,
frame_ms,0.2285,
frame_ms,0.2512,
frame_ms,0.2196,
frame_ms,0.2092,
tick_us,17.5,22
frame_ms,0.3297,
frame_ms,0.2698,
frame_ms,0.2271,
frame_ms,0.2205,
frame_ms,0.2204,
frame_ms,0.2159,
frame_ms,0.2249,
frame_ms,0.2246,
frame_ms,0.278,
frame_ms,0.2651,
frame_ms,0.2272,
frame_ms,0.22,
frame_ms,0.211,
frame_ms,0.2268,
frame_ms,0.2661,
frame_ms,0.2346,
frame_ms,0.2105,
frame_ms,0.2448,
frame_ms,0.2239,
frame_ms,0.209,
frame_ms,0.2446,
frame_ms,0.2197,
frame_ms,0.2088,
frame_ms,0.297,
frame_ms,0.2562,
frame_ms,0.2378,
frame_ms,0.2217,
frame_ms,0.2289,
frame_ms,0.3101,
tick_us,13.7,20
frame_ms,0.339,
frame_ms,0.2387,
frame_ms,0.2088,
frame_ms,0.218,
frame_ms,0.2087,
frame_ms,0.2372,
frame_ms,0.2242,
frame_ms,0.2106,
frame_ms,0.2366,
frame_ms,0.219,
frame_ms,0.2091,
frame_ms,0.2522,
frame_ms,0.3425,
frame_ms,0.2308,
frame_ms,0.2124,
frame_ms,0.2049,
frame_ms,0.2319,
frame_ms,0.289,
frame_ms,0.2285,
frame_ms,0.2085,
frame_ms,0.2543,
frame_ms,0.2226,
frame_ms,0.2094,
frame_ms,0.251,
frame_ms,0.2226,
frame_ms,0.2097,
frame_ms,0.2481,
frame_ms,0.2194,
frame_ms,0.2072,
tick_us,13.4,16
frame_ms,0.3005,
frame_ms,0.8127,
frame_ms,0.252,
frame_ms,0.2229,
frame_ms,0.2095,
frame_ms,0.2065,
frame_ms,0.2043,
frame_ms,0.252,
frame_ms,0.2209,
frame_ms,0.2082,
frame_ms,0.2487,
frame_ms,0.2216,
frame_ms,0.209,
frame_ms,0.2476,
frame_ms,0.2227,
frame_ms,0.276,
frame_ms,0.256,
frame_ms,0.2394,
frame_ms,0.2223,
frame_ms,0.2327,
frame_ms,0.2786,
frame_ms,0.2982,
frame_ms,0.2261,
frame_ms,0.2189,
frame_ms,0.2122,
frame_ms,0.2045,
frame_ms,0.2474,
tick_us,15.7,14
frame_ms,0.2833,
frame_ms,0.2332,
frame_ms,0.225,
frame_ms,0.2031,
frame_ms,0.2012,
frame_ms,0.2506,
frame_ms,0.2669,
frame_ms,0.2896,
frame_ms,0.2964,
frame_ms,0.2298,
frame_ms,0.2204,
frame_ms,0.2091,
frame_ms,0.2092,
frame_ms,0.2772,
frame_ms,0.2342,
frame_ms,0.204,
frame_ms,0.2159,
frame_ms,0.2446,
frame_ms,0.2196,
frame_ms,0.2073,
frame_ms,0.2565,
frame_ms,0.2183,
frame_ms,0.2074,
frame_ms,0.223,
frame_ms,0.1991,
frame_ms,0.2141,
frame_ms,0.3511,
frame_ms,0.4658,
tick_us,17.6,14
frame_ms,0.5242,
frame_ms,0.3405,
frame_ms,0.3411,
frame_ms,0.361,
frame_ms,0.3357,
frame_ms,0.3338,
frame_ms,0.3482,
frame_ms,0.3922,
frame_ms,0.3515,
frame_ms,0.3868,
frame_ms,0.3497,
frame_ms,0.3735,
frame_ms,0.4177,
frame_ms,0.3376,
frame_ms,0.3311,
frame_ms,0.3381,
frame_ms,0.3376,
frame_ms,0.3355,
frame_ms,0.3293,
frame_ms,0.2672,
tick_us,14.1,12
frame_ms,0.2717,
frame_ms,0.2744,
frame_ms,0.4082,
frame_ms,0.2794,
frame_ms,0.2855,
frame_ms,0.2365,
frame_ms,0.2305,
frame_ms,0.2309,
frame_ms,0.2433,
frame_ms,0.4408,
frame_ms,0.2285,
frame_ms,0.2254,
frame_ms,0.2299,
frame_ms,0.2293,
frame_ms,0.2305,
frame_ms,0.2527,
frame_ms,0.6412,
frame_ms,0.3631,
frame_ms,0.2722,
frame_ms,0.2511,
frame_ms,0.2185,
frame_ms,0.2207,
frame_ms,0.218,
frame_ms,0.2139,
frame_ms,0.2452,
tick_us,16.1,12
frame_ms,0.2803,
frame_ms,0.2389,
frame_ms,0.2262,
frame_ms,0.2172,
frame_ms,0.2125,
frame_ms,0.3483,
frame_ms,0.2786,
frame_ms,0.2672,
frame_ms,0.241,
frame_ms,0.2349,
frame_ms,0.3135,
frame_ms,0.2424,
frame_ms,0.2851,
frame_ms,0.2489,
frame_ms,0.2199,
frame_ms,0.2268,
frame_ms,0.2112,
frame_ms,0.2383,
frame_ms,0.2253,
frame_ms,0.213,
frame_ms,0.2459,
frame_ms,0.2278,
frame_ms,0.2131,
frame_ms,0.2801,
frame_ms,0.3246,
frame_ms,0.2285,
frame_ms,0.2193,
frame_ms,0.2214,
tick_us,16.9,12
frame_ms,0.2773,
frame_ms,0.2174,
frame_ms,0.2623,
frame_ms,0.2264,
frame_ms,0.2085,
frame_ms,0.2166,
frame_ms,0.2419,
frame_ms,0.2253,
frame_ms,0.2095,
frame_ms,0.2552,
frame_ms,0.2254,
frame_ms,0.2166,
frame_ms,0.2133,
frame_ms,0.2689,
frame_ms,0.3017,
frame_ms,0.2241,
frame_ms,0.21,
frame_ms,0.2378,
frame_ms,0.2293,
frame_ms,0.2247,
frame_ms,0.2098,
frame_ms,0.2872,
frame_ms,0.2327,
frame_ms,0.2123,
frame_ms,0.2481,
frame_ms,0.2212,
frame_ms,0.2035,
frame_ms,0.2538,
frame_ms,0.2229,
frame_ms,0.2042,
tick_us,14,14
frame_ms,0.2844,
frame_ms,0.2447,
frame_ms,0.2235,
frame_ms,0.212,
frame_ms,0.2115,
frame_ms,0.2557,
frame_ms,0.2104,
frame_ms,0.217,
frame_ms,0.2155,
frame_ms,0.258,
frame_ms,0.2255,
frame_ms,0.3536,
frame_ms,0.4395,
frame_ms,0.3448,
frame_ms,0.2937,
frame_ms,0.314,
frame_ms,0.2672,
frame_ms,0.2571,
frame_ms,0.2449,
frame_ms,0.2429,
frame_ms,0.237,
frame_ms,0.2339,
frame_ms,0.3111,
frame_ms,0.34,
frame_ms,0.2122,
frame_ms,0.2154,
tick_us,15.8,14
frame_ms,0.2684,
frame_ms,0.2286,
frame_ms,0.2295,
frame_ms,0.2665,
frame_ms,0.2295,
frame_ms,0.2937,
frame_ms,0.2638,
frame_ms,0.28,
frame_ms,0.2242,
frame_ms,0.2294,
frame_ms,0.2579,
frame_ms,0.2822,
frame_ms,0.2354,
frame_ms,0.2255,
frame_ms,0.2137,
frame_ms,0.2577,
frame_ms,0.2831,
frame_ms,0.2296,
frame_ms,0.2202,
frame_ms,0.2121,
frame_ms,0.2349,
frame_ms,0.2282,
frame_ms,0.2403,
frame_ms,0.2245,
frame_ms,0.2577,
frame_ms,0.4594,
frame_ms,0.3614,
tick_us,17.7,12
frame_ms,0.4749,
frame_ms,0.3282,
frame_ms,0.336,
frame_ms,0.3329,
frame_ms,0.3348,
frame_ms,0.3523,
frame_ms,0.3392,
frame_ms,0.375,
frame_ms,0.3831,
frame_ms,0.3586,
frame_ms,0.5187,
frame_ms,0.2844,
frame_ms,0.2747,
frame_ms,0.2315,
frame_ms,0.2213,
frame_ms,0.2197,
frame_ms,0.2133,
frame_ms,0.2437,
frame_ms,0.2221,
frame_ms,0.2114,
frame_ms,0.2731,
frame_ms,0.2296,
frame_ms,0.2277,
tick_us,16.6,12
frame_ms,0.3276,
frame_ms,0.2712,
frame_ms,0.2307,
frame_ms,0.2286,
frame_ms,0.2137,
frame_ms,0.2352,
frame_ms,0.2137,
frame_ms,0.2491,
frame_ms,0.2241,
frame_ms,0.2149,
frame_ms,0.2301,
frame_ms,0.2129,
frame_ms,0.2371,
frame_ms,0.2119,
frame_ms,0.2748,
frame_ms,0.2249,
frame_ms,0.2138,
frame_ms,0.2388,
frame_ms,0.715,
frame_ms,0.3511,
frame_ms,0.3544,
frame_ms,0.2896,
frame_ms,0.2062,
frame_ms,0.2133,
frame_ms,0.204,
frame_ms,0.2055,
frame_ms,0.2461,
tick_us,14.9,10
frame_ms,0.318,
frame_ms,0.2567,
frame_ms,0.2313,
frame_ms,0.2225,
frame_ms,0.2138,
frame_ms,0.2175,
frame_ms,0.2532,
frame_ms,0.3083,
frame_ms,0.2345,
frame_ms,0.223,
frame_ms,0.2173,
frame_ms,0.2118,
frame_ms,0.4124,
frame_ms,0.3686,
frame_ms,0.3395,
frame_ms,0.3364,
frame_ms,0.2746,
frame_ms,0.2261,
frame_ms,0.2155,
frame_ms,0.2147,
frame_ms,0.5793,
frame_ms,0.6239,
frame_ms,0.3367,
tick_us,23.8,10
frame_ms,0.4629,
frame_ms,0.3626,
frame_ms,0.3925,
frame_ms,0.2557,
frame_ms,0.2129,
frame_ms,0.21,
frame_ms,0.2052,
frame_ms,0.245,
frame_ms,0.2241,
frame_ms,0.3091,
frame_ms,0.4217,
frame_ms,0.4314,
frame_ms,0.3434,
frame_ms,0.2895,
frame_ms,0.22,
frame_ms,0.2155,
frame_ms,0.2093,
frame_ms,0.2372,
frame_ms,0.2253,
frame_ms,0.2135,
frame_ms,0.2434,
frame_ms,0.2214,
frame_ms,0.2083,
frame_ms,0.272,
frame_ms,0.2216,
tick_us,17.2,10
frame_ms,0.5367,
frame_ms,0.4966,
frame_ms,0.3211,
frame_ms,0.3602,
frame_ms,0.3026,
frame_ms,0.2748,
frame_ms,0.2643,
frame_ms,0.2195,
frame_ms,0.2231,
frame_ms,0.2207,
frame_ms,0.2175,
frame_ms,0.283,
frame_ms,0.3443,
frame_ms,0.2604,
frame_ms,0.2243,
frame_ms,0.2376,
frame_ms,0.2228,
frame_ms,0.2193,
frame_ms,0.2382,
frame_ms,0.2406,
frame_ms,0.2263,
frame_ms,0.2487,
frame_ms,0.2461,
frame_ms,0.2216,
frame_ms,0.2112,
frame_ms,0.2197,
tick_us,16.9,12
frame_ms,0.2716,
frame_ms,0.2994,
frame_ms,0.3003,
frame_ms,0.2449,
frame_ms,0.2985,
frame_ms,0.2923,
frame_ms,0.2667,
frame_ms,0.2416,
frame_ms,0.2392,
frame_ms,0.2455,
frame_ms,0.2732,
frame_ms,0.3321,
frame_ms,0.3456,
frame_ms,0.2172,
frame_ms,0.2236,
frame_ms,0.2245,
frame_ms,0.217,
frame_ms,0.2161,
frame_ms,0.2418,
frame_ms,0.2204,
frame_ms,0.2144,
frame_ms,0.2369,
frame_ms,0.2384,
frame_ms,0.4755,
frame_ms,0.3021,
frame_ms,0.2484,
tick_us,16,14
frame_ms,0.276,
frame_ms,0.2341,
frame_ms,0.2164,
frame_ms,0.2155,
frame_ms,0.214,
frame_ms,0.2994,
frame_ms,0.2191,
frame_ms,0.2394,
frame_ms,0.2549,
frame_ms,0.2271,
frame_ms,0.2183,
frame_ms,0.2625,
frame_ms,0.2247,
frame_ms,0.5012,
frame_ms,0.3667,
frame_ms,0.2925,
frame_ms,0.2254,
frame_ms,0.2203,
frame_ms,0.2232,
frame_ms,0.2111,
frame_ms,0.243,
frame_ms,0.2512,
frame_ms,0.222,
frame_ms,0.2126,
frame_ms,0.2383,
frame_ms,0.2548,
frame_ms,0.2258,
frame_ms,0.2186,
tick_us,15.3,14
frame_ms,0.3248,
frame_ms,0.2539,
frame_ms,0.2261,
frame_ms,0.2276,
frame_ms,0.2115,
frame_ms,0.2439,
frame_ms,0.2231,
frame_ms,0.2183,
frame_ms,0.4667,
frame_ms,0.3929,
frame_ms,0.3406,
frame_ms,0.3308,
frame_ms,0.2603,
frame_ms,0.2257,
frame_ms,0.2226,
frame_ms,0.213,
frame_ms,0.2245,
frame_ms,0.2937,
frame_ms,0.2174,
frame_ms,0.2377,
frame_ms,0.2168,
frame_ms,0.2379,
frame_ms,0.2221,
frame_ms,0.215,
frame_ms,0.2235,
frame_ms,0.2121,
frame_ms,0.2083,
tick_us,14.6,12
frame_ms,0.3123,
frame_ms,0.241,
frame_ms,0.2183,
frame_ms,0.2144,
frame_ms,0.2095,
frame_ms,0.4349,
frame_ms,0.7568,
frame_ms,0.2843,
frame_ms,0.2578,
frame_ms,0.2115,
frame_ms,0.2192,
frame_ms,0.2122,
frame_ms,0.24,
frame_ms,0.2227,
frame_ms,0.2288,
frame_ms,0.2123,
frame_ms,0.2688,
frame_ms,0.2296,
frame_ms,0.2144,
frame_ms,0.2218,
frame_ms,0.2442,
frame_ms,0.2162,
frame_ms,0.2159,
frame_ms,0.2831,
frame_ms,0.2329,
frame_ms,0.21,
tick_us,17.8,12
frame_ms,0.3232,
frame_ms,0.2687,
frame_ms,0.2651,
frame_ms,0.2299,
frame_ms,0.2143,
frame_ms,0.2054,
frame_ms,0.2515,
frame_ms,0.2217,
frame_ms,0.2082,
frame_ms,0.2567,
frame_ms,0.2183,
frame_ms,0.2201,
frame_ms,0.2408,
frame_ms,0.7112,
frame_ms,0.4242,
frame_ms,0.4132,
frame_ms,0.3969,
frame_ms,0.3361,
frame_ms,0.2901,
frame_ms,0.2288,
frame_ms,0.2107,
frame_ms,0.2095,
frame_ms,0.2349,
frame_ms,0.2187,
frame_ms,0.209,
tick_us,18.7,12
frame_ms,0.3005,
frame_ms,0.2283,
frame_ms,0.2816,
frame_ms,0.2195,
frame_ms,0.4727,
frame_ms,0.381,
frame_ms,0.3447,
frame_ms,0.3347,
frame_ms,0.335,
frame_ms,0.2845,
frame_ms,0.2244,
frame_ms,0.2138,
frame_ms,0.2181,
frame_ms,0.2202,
frame_ms,0.2305,
frame_ms,0.2248,
frame_ms,0.2269,
frame_ms,0.2275,
frame_ms,0.494,
frame_ms,0.2596,
frame_ms,0.264,
frame_ms,0.2144,
frame_ms,0.211,
frame_ms,0.2023,
frame_ms,0.2428,
frame_ms,0.2244,
tick_us,16.4,14
frame_ms,0.2731,
frame_ms,0.2256,
frame_ms,0.2494,
frame_ms,0.2257,
frame_ms,0.214,
frame_ms,0.2554,
frame_ms,0.602,
frame_ms,0.2697,
frame_ms,0.2396,
frame_ms,0.2494,
frame_ms,0.2196,
frame_ms,0.2108,
frame_ms,0.2448,
frame_ms,0.2308,
frame_ms,0.2791,
frame_ms,0.2192,
frame_ms,0.2068,
frame_ms,0.2655,
frame_ms,0.2271,
frame_ms,0.2066,
frame_ms,0.2195,
frame_ms,0.252,
frame_ms,0.2738,
frame_ms,0.5338,
frame_ms,0.3918,
tick_us,18.1,12
frame_ms,0.4625,
frame_ms,0.3169,
frame_ms,0.2469,
frame_ms,0.2204,
frame_ms,0.2167,
frame_ms,0.2169,
frame_ms,0.2244,
frame_ms,0.2091,
frame_ms,0.2744,
frame_ms,0.2307,
frame_ms,0.2365,
frame_ms,0.2096,
frame_ms,0.2899,
frame_ms,0.2584,
frame_ms,0.2647,
frame_ms,0.2243,
frame_ms,0.2204,
frame_ms,0.2421,
frame_ms,0.2066,
frame_ms,0.2571,
frame_ms,0.2263,
frame_ms,0.2094,
frame_ms,0.2196,
frame_ms,0.2447,
frame_ms,0.2216,
frame_ms,0.2091,
frame_ms,0.2565,
frame_ms,0.2261,
frame_ms,0.2976,
tick_us,17.5,12
frame_ms,0.3189,
frame_ms,0.2563,
frame_ms,0.2421,
frame_ms,0.2313,
frame_ms,0.2264,
frame_ms,0.239,
frame_ms,0.2323,
frame_ms,0.249,
frame_ms,0.2582,
frame_ms,0.2313,
frame_ms,0.2213,
frame_ms,0.2113,
frame_ms,0.2099,
frame_ms,0.2439,
frame_ms,0.2209,
frame_ms,0.2117,
frame_ms,0.2481,
frame_ms,0.2131,
frame_ms,0.2254,
frame_ms,0.2649,
frame_ms,0.2316,
frame_ms,0.2108,
frame_ms,0.2306,
frame_ms,0.2177,
frame_ms,0.2057,
frame_ms,0.2308,
frame_ms,0.2259,
frame_ms,0.2092,
frame_ms,0.2356,
tick_us,13.7,12
frame_ms,0.3253,
frame_ms,0.2363,
frame_ms,0.2232,
frame_ms,0.2255,
frame_ms,0.219,
frame_ms,0.3576,
frame_ms,0.3997,
frame_ms,0.2646,
frame_ms,0.2473,
frame_ms,0.2218,
frame_ms,0.2184,
frame_ms,0.2481,
frame_ms,0.215,
frame_ms,0.2327,
frame_ms,0.2149,
frame_ms,0.2153,
frame_ms,0.2148,
frame_ms,0.2159,
frame_ms,0.2628,
frame_ms,0.2307,
frame_ms,0.2128,
frame_ms,0.2819,
frame_ms,0.2666,
frame_ms,0.6519,
frame_ms,0.3674,
tick_us,17,12
frame_ms,0.503,
frame_ms,0.3762,
frame_ms,0.2873,
frame_ms,0.2361,
frame_ms,0.2058,
frame_ms,0.2053,
frame_ms,0.2343,
frame_ms,0.2716,
frame_ms,0.2325,
frame_ms,0.2135,
frame_ms,0.2474,
frame_ms,0.2178,
frame_ms,0.2137,
frame_ms,0.2395,
frame_ms,0.3828,
frame_ms,0.2383,
frame_ms,0.2126,
frame_ms,0.2238,
frame_ms,0.2112,
frame_ms,0.2026,
frame_ms,0.2508,
frame_ms,0.259,
frame_ms,0.2584,
frame_ms,0.2232,
frame_ms,0.2523,
frame_ms,0.2365,
frame_ms,0.2218,
frame_ms,0.2115,
tick_us,22.5,10
frame_ms,0.386,
frame_ms,0.2676,
frame_ms,0.2719,
frame_ms,0.2309,
frame_ms,0.217,
frame_ms,0.2141,
frame_ms,0.2112,
frame_ms,0.2661,
frame_ms,0.2219,
frame_ms,0.2048,
frame_ms,0.2457,
frame_ms,0.2257,
frame_ms,0.2098,
frame_ms,0.2204,
frame_ms,0.309,
frame_ms,0.3866,
frame_ms,0.4017,
frame_ms,0.2488,
frame_ms,0.2239,
frame_ms,0.2188,
frame_ms,0.2232,
frame_ms,0.2241,
frame_ms,0.2386,
frame_ms,0.2049,
frame_ms,0.2166,
frame_ms,0.2539,
frame_ms,0.2244,
frame_ms,0.2142,
tick_us,16.3,10
frame_ms,0.3404,
frame_ms,0.2452,
frame_ms,0.216,
frame_ms,0.2069,
frame_ms,0.2068,
frame_ms,0.3286,
frame_ms,0.3543,
frame_ms,0.2598,
frame_ms,0.2325,
frame_ms,0.2261,
frame_ms,0.23,
frame_ms,0.2371,
frame_ms,0.2771,
frame_ms,0.2571,
frame_ms,0.2165,
frame_ms,0.2737,
frame_ms,0.2272,
frame_ms,0.2109,
frame_ms,0.2864,
frame_ms,0.2302,
frame_ms,0.2078,
frame_ms,0.2199,
frame_ms,0.5144,
frame_ms,0.2996,
frame_ms,0.252,
frame_ms,0.2365,
frame_ms,0.2368,
tick_us,18.1,10
frame_ms,0.4421,
frame_ms,0.3656,
frame_ms,0.2374,
frame_ms,0.2142,
frame_ms,0.2148,
frame_ms,0.2054,
frame_ms,0.2053,
frame_ms,0.2529,
frame_ms,0.2258,
frame_ms,0.2096,
frame_ms,0.2763,
frame_ms,0.2872,
frame_ms,0.6086,
frame_ms,0.2602,
frame_ms,0.2195,
frame_ms,0.2342,
frame_ms,0.2732,
frame_ms,0.22,
frame_ms,0.2135,
frame_ms,0.2081,
frame_ms,0.2484,
frame_ms,0.2513,
frame_ms,0.2177,
frame_ms,0.204,
frame_ms,0.2338,
frame_ms,0.2178,
frame_ms,0.2826,
tick_us,15.7,12
frame_ms,0.2867,
frame_ms,0.2393,
frame_ms,0.252,
frame_ms,0.2204,
frame_ms,0.2067,
frame_ms,0.2062,
frame_ms,0.2589,
frame_ms,0.226,
frame_ms,0.209,
frame_ms,0.2312,
frame_ms,0.2115,
frame_ms,0.2018,
frame_ms,0.2432,
frame_ms,0.2214,
frame_ms,0.2051,
frame_ms,0.2479,
frame_ms,0.2189,
frame_ms,0.2884,
frame_ms,0.2717,
frame_ms,0.5465,
frame_ms,0.3149,
frame_ms,0.2263,
frame_ms,0.2136,
frame_ms,0.2093,
frame_ms,0.2059,
frame_ms,0.2411,
frame_ms,0.2091,
frame_ms,0.2135,
tick_us,14.3,12
frame_ms,0.2939,
frame_ms,0.2347,
frame_ms,0.2177,
frame_ms,0.2019,
frame_ms,0.2328,
frame_ms,0.2144,
frame_ms,0.2083,
frame_ms,0.2516,
frame_ms,0.2357,
frame_ms,0.2147,
frame_ms,0.2463,
frame_ms,0.2276,
frame_ms,0.2138,
frame_ms,0.2566,
frame_ms,0.2221,
frame_ms,0.2053,
frame_ms,0.2605,
frame_ms,0.2306,
frame_ms,0.2432,
frame_ms,0.2133,
frame_ms,0.2303,
frame_ms,0.2081,
frame_ms,0.2001,
frame_ms,0.3183,
frame_ms,0.271,
frame_ms,0.2563,
frame_ms,0.229,
frame_ms,0.3668,
frame_ms,0.3162,
tick_us,16.3,12
frame_ms,0.2975,
frame_ms,0.3091,
frame_ms,0.241,
frame_ms,0.2176,
frame_ms,0.2213,
frame_ms,0.2274,
frame_ms,0.2216,
frame_ms,0.2214,
frame_ms,0.2415,
frame_ms,0.2545,
frame_ms,0.2486,
frame_ms,0.2825,
frame_ms,0.2399,
frame_ms,0.2601,
frame_ms,0.2301,
frame_ms,0.2268,
frame_ms,0.2143,
frame_ms,0.2431,
frame_ms,0.22,
frame_ms,0.251,
frame_ms,0.2664,
frame_ms,0.2252,
frame_ms,0.2111,
frame_ms,0.2093,
frame_ms,0.2606,
frame_ms,0.2254,
frame_ms,0.2131,
frame_ms,0.2655,
frame_ms,0.2356,
tick_us,13.9,12
frame_ms,0.2793,
frame_ms,0.2548,
frame_ms,0.2351,
frame_ms,0.2331,
frame_ms,0.2147,
frame_ms,0.2585,
frame_ms,0.2306,
frame_ms,0.2146,
frame_ms,0.2592,
frame_ms,0.2224,
frame_ms,0.2091,
frame_ms,0.2456,
frame_ms,0.2234,
frame_ms,0.212,
frame_ms,0.2254,
frame_ms,0.2485,
frame_ms,0.2319,
frame_ms,0.272,
frame_ms,0.2639,
frame_ms,0.3609,
frame_ms,0.2852,
frame_ms,0.2624,
frame_ms,0.2502,
frame_ms,0.2381,
frame_ms,0.2359,
frame_ms,0.2343,
frame_ms,0.2781,
frame_ms,0.2415,
tick_us,13.4,12
frame_ms,0.2728,
frame_ms,0.2317,
frame_ms,0.2139,
frame_ms,0.3322,
frame_ms,0.2226,
frame_ms,0.2129,
frame_ms,0.2091,
frame_ms,0.2741,
frame_ms,0.3987,
frame_ms,0.3579,
frame_ms,0.2759,
frame_ms,0.2221,
frame_ms,0.2105,
frame_ms,0.2104,
frame_ms,0.2248,
frame_ms,0.2546,
frame_ms,0.2725,
frame_ms,0.2358,
frame_ms,0.2232,
frame_ms,0.2199,
frame_ms,0.2138,
frame_ms,0.2827,
frame_ms,0.2386,
frame_ms,0.2392,
frame_ms,0.2567,
frame_ms,0.2523,
frame_ms,0.2741,
tick_us,15.4,12
frame_ms,0.2852,
frame_ms,0.2198,
frame_ms,0.2141,
frame_ms,0.2093,
frame_ms,0.205,
frame_ms,0.2542,
frame_ms,0.2259,
frame_ms,0.2153,
frame_ms,0.2257,
frame_ms,0.2105,
frame_ms,0.2013,
frame_ms,0.257,
frame_ms,0.2171,
frame_ms,0.3088,
frame_ms,0.2924,
frame_ms,0.2547,
frame_ms,0.2401,
frame_ms,0.2329,
frame_ms,0.2161,
frame_ms,0.2315,
frame_ms,0.2399,
frame_ms,0.2507,
frame_ms,0.2339,
frame_ms,0.2149,
frame_ms,0.2315,
frame_ms,0.2079,
frame_ms,0.1996,
frame_ms,0.2647,
frame_ms,0.22,
frame_ms,0.2347,
tick_us,13.9,12
frame_ms,0.2864,
frame_ms,0.2427,
frame_ms,0.2315,
frame_ms,0.2433,
frame_ms,0.2127,
frame_ms,0.227,
frame_ms,0.2252,
frame_ms,0.2486,
frame_ms,0.2201,
frame_ms,0.2077,
frame_ms,0.4425,
frame_ms,0.2839,
frame_ms,0.236,
frame_ms,0.2179,
frame_ms,0.2225,
frame_ms,0.2189,
frame_ms,0.2242,
frame_ms,0.2528,
frame_ms,0.2712,
frame_ms,0.2263,
frame_ms,0.223,
frame_ms,0.2117,
frame_ms,0.2482,
frame_ms,0.2626,
frame_ms,0.2354,
frame_ms,0.2175,
frame_ms,0.212,
frame_ms,0.2501,
frame_ms,0.2446,
tick_us,14.4,12
frame_ms,0.2791,
frame_ms,0.2321,
frame_ms,0.218,
frame_ms,0.2061,
frame_ms,0.2508,
frame_ms,0.2273,
frame_ms,0.2117,
frame_ms,0.2493,
frame_ms,0.2695,
frame_ms,0.2541,
frame_ms,0.2245,
frame_ms,0.2121,
frame_ms,0.2525,
frame_ms,0.2145,
frame_ms,0.2074,
frame_ms,0.2355,
frame_ms,0.2411,
frame_ms,0.2168,
frame_ms,0.2086,
frame_ms,0.2625,
frame_ms,0.2284,
frame_ms,0.207,
frame_ms,0.2334,
frame_ms,0.205,
frame_ms,0.3199,
frame_ms,0.3647,
frame_ms,0.25,
frame_ms,0.2908,
tick_us,16.6,12
frame_ms,0.3075,
frame_ms,0.235,
frame_ms,0.2124,
frame_ms,0.218,
frame_ms,0.212,
frame_ms,0.2262,
frame_ms,0.2407,
frame_ms,0.2479,
frame_ms,0.2217,
frame_ms,0.2088,
frame_ms,0.2478,
frame_ms,0.2898,
frame_ms,0.249,
frame_ms,0.2336,
frame_ms,0.4032,
frame_ms,0.4524,
frame_ms,0.3584,
frame_ms,0.3368,
frame_ms,0.2813,
frame_ms,0.2217,
frame_ms,0.2151,
frame_ms,0.2128,
frame_ms,0.2092,
frame_ms,0.2612,
frame_ms,0.2299,
frame_ms,0.2081,
frame_ms,0.2444,
tick_us,14.9,12
frame_ms,0.2713,
frame_ms,0.3407,
frame_ms,0.4025,
frame_ms,0.3591,
frame_ms,0.4082,
frame_ms,0.4073,
frame_ms,0.346,
frame_ms,0.3375,
frame_ms,0.3348,
frame_ms,0.3484,
frame_ms,0.261,
frame_ms,0.2187,
frame_ms,0.2185,
frame_ms,0.2142,
frame_ms,0.2144,
frame_ms,0.34,
frame_ms,0.2425,
frame_ms,0.2237,
frame_ms,0.2379,
frame_ms,0.2325,
frame_ms,0.2086,
frame_ms,0.2045,
frame_ms,0.2641,
frame_ms,0.2274,
frame_ms,0.2081,
tick_us,15.5,14
frame_ms,0.2813,
frame_ms,0.2194,
frame_ms,0.2285,
frame_ms,0.2469,
frame_ms,0.2167,
frame_ms,0.2037,
frame_ms,0.6839,
frame_ms,0.2691,
frame_ms,0.2251,
frame_ms,0.2231,
frame_ms,0.2169,
frame_ms,0.2147,
frame_ms,0.2174,
frame_ms,0.2728,
frame_ms,0.2762,
frame_ms,0.2336,
frame_ms,0.2266,
frame_ms,0.2119,
frame_ms,0.2037,
frame_ms,0.8356,
frame_ms,0.6271,
frame_ms,0.3428,
tick_us,18.9,14
frame_ms,0.5026,
frame_ms,0.2679,
frame_ms,0.2226,
frame_ms,0.2172,
frame_ms,0.2185,
frame_ms,0.2131,
frame_ms,0.2433,
frame_ms,0.2253,
frame_ms,0.2111,
frame_ms,0.2558,
frame_ms,0.2353,
frame_ms,0.2176,
frame_ms,0.2518,
frame_ms,0.3419,
frame_ms,0.295,
frame_ms,0.2994,
frame_ms,0.2588,
frame_ms,0.24,
frame_ms,0.24,
frame_ms,0.2407,
frame_ms,0.2384,
frame_ms,0.2769,
frame_ms,0.237,
frame_ms,0.22,
frame_ms,0.2273,
frame_ms,0.208,
frame_ms,0.2102,
frame_ms,0.3291,
tick_us,18.9,14
frame_ms,0.3507,
frame_ms,0.283,
frame_ms,0.2441,
frame_ms,0.2437,
frame_ms,0.2362,
frame_ms,0.2254,
frame_ms,0.2623,
frame_ms,0.238,
frame_ms,0.2096,
frame_ms,0.2033,
frame_ms,0.2759,
frame_ms,0.2259,
frame_ms,0.2109,
frame_ms,0.2484,
frame_ms,0.2242,
frame_ms,0.2098,
frame_ms,0.262,
frame_ms,0.2251,
frame_ms,0.2615,
frame_ms,0.4601,
frame_ms,0.289,
frame_ms,0.2428,
frame_ms,0.2147,
frame_ms,0.2183,
frame_ms,0.205,
frame_ms,0.1998,
frame_ms,0.2488,
tick_us,19.5,14
frame_ms,0.5037,
frame_ms,0.384,
frame_ms,0.2896,
frame_ms,0.2248,
frame_ms,0.2339,
frame_ms,0.211,
frame_ms,0.8171,
frame_ms,0.3549,
frame_ms,0.2898,
frame_ms,0.226,
frame_ms,0.2177,
frame_ms,0.2096,
frame_ms,0.2408,
frame_ms,0.2196,
frame_ms,0.2113,
frame_ms,0.2335,
frame_ms,0.2193,
frame_ms,0.2077,
frame_ms,0.2478,
frame_ms,0.4297,
frame_ms,0.403,
frame_ms,0.4394,
frame_ms,0.3417,
tick_us,20.3,14
frame_ms,0.4913,
frame_ms,0.2814,
frame_ms,0.2676,
frame_ms,0.2388,
frame_ms,0.2217,
frame_ms,0.2205,
frame_ms,0.2051,
frame_ms,0.2065,
frame_ms,0.2482,
frame_ms,0.2213,
frame_ms,0.2549,
frame_ms,0.3276,
frame_ms,0.2485,
frame_ms,0.225,
frame_ms,0.2168,
frame_ms,0.2142,
frame_ms,0.2754,
frame_ms,0.232,
frame_ms,0.2046,
frame_ms,0.2778,
frame_ms,0.2243,
frame_ms,0.2062,
frame_ms,0.2616,
frame_ms,0.263,
frame_ms,0.2339,
frame_ms,0.2263,
frame_ms,0.2234,
frame_ms,0.2758,
tick_us,15.9,16
frame_ms,0.386,
frame_ms,0.2416,
frame_ms,0.2297,
frame_ms,0.2214,
frame_ms,0.2203,
frame_ms,0.2354,
frame_ms,0.2648,
frame_ms,0.4628,
frame_ms,0.2511,
frame_ms,0.2138,
frame_ms,0.2264,
frame_ms,0.2327,
frame_ms,0.2171,
frame_ms,0.2095,
frame_ms,0.2238,
frame_ms,0.2438,
frame_ms,0.256,
frame_ms,0.8965,
frame_ms,0.3937,
frame_ms,0.251,
frame_ms,0.2167,
frame_ms,0.2125,
frame_ms,0.2081,
frame_ms,0.2427,
tick_us,14.1,16
frame_ms,0.3102,
frame_ms,0.2344,
frame_ms,0.225,
frame_ms,0.2146,
frame_ms,0.2135,
frame_ms,0.3212,
frame_ms,0.2767,
frame_ms,0.2428,
frame_ms,0.2678,
frame_ms,0.3059,
frame_ms,0.283,
frame_ms,0.2109,
frame_ms,0.2326,
frame_ms,0.2181,
frame_ms,0.2143,
frame_ms,0.2221,
frame_ms,0.3004,
frame_ms,0.3367,
frame_ms,0.2377,
frame_ms,0.2099,
frame_ms,0.2159,
frame_ms,0.2086,
frame_ms,0.4039,
frame_ms,0.3712,
frame_ms,0.3769,
frame_ms,0.287,
tick_us,14,12
frame_ms,0.3052,
frame_ms,0.2431,
frame_ms,0.2179,
frame_ms,0.2089,
frame_ms,0.2097,
frame_ms,0.243,
frame_ms,0.2238,
frame_ms,0.2116,
frame_ms,0.2185,
frame_ms,0.2398,
frame_ms,0.2193,
frame_ms,0.2033,
frame_ms,0.2504,
frame_ms,0.2815,
frame_ms,0.3163,
frame_ms,0.2587,
frame_ms,0.2281,
frame_ms,0.2185,
frame_ms,0.2143,
frame_ms,0.2026,
frame_ms,0.2618,
frame_ms,0.2236,
frame_ms,0.2086,
frame_ms,0.2533,
frame_ms,0.2206,
frame_ms,0.2089,
frame_ms,0.2295,
frame_ms,0.2031,
frame_ms,0.1992,
frame_ms,0.2467,
tick_us,13.3,14
frame_ms,0.2714,
frame_ms,0.2276,
frame_ms,0.2122,
frame_ms,0.2615,
frame_ms,0.2053,
frame_ms,0.2557,
frame_ms,0.2623,
frame_ms,0.2074,
frame_ms,0.2409,
frame_ms,0.2261,
frame_ms,0.2066,
frame_ms,0.2746,
frame_ms,0.2234,
frame_ms,0.2058,
frame_ms,0.2425,
frame_ms,0.2176,
frame_ms,0.2053,
frame_ms,0.3044,
frame_ms,0.2717,
frame_ms,0.2525,
frame_ms,0.3082,
frame_ms,0.2301,
frame_ms,0.2216,
frame_ms,0.2494,
frame_ms,0.2534,
frame_ms,0.2674,
frame_ms,0.2415,
frame_ms,0.2236,
frame_ms,0.2118,
tick_us,13.2,14
frame_ms,0.2547,
frame_ms,0.2184,
frame_ms,0.233,
frame_ms,0.2295,
frame_ms,0.2072,
frame_ms,0.2824,
frame_ms,0.2398,
frame_ms,0.7023,
frame_ms,0.3936,
frame_ms,0.3968,
frame_ms,0.2956,
frame_ms,0.2912,
frame_ms,0.3556,
frame_ms,0.2779,
frame_ms,0.223,
frame_ms,0.217,
frame_ms,0.2145,
frame_ms,0.207,
frame_ms,0.2478,
frame_ms,0.4592,
frame_ms,0.3431,
frame_ms,0.2676,
frame_ms,0.2387,
frame_ms,0.2409,
tick_us,17.1,14
frame_ms,0.3346,
frame_ms,0.3097,
frame_ms,0.2652,
frame_ms,0.2393,
frame_ms,0.2245,
frame_ms,0.2212,
frame_ms,0.214,
frame_ms,0.212,
frame_ms,0.2041,
frame_ms,0.2488,
frame_ms,0.2774,
frame_ms,0.2643,
frame_ms,0.2497,
frame_ms,0.2352,
frame_ms,0.2327,
frame_ms,0.2207,
frame_ms,0.2213,
frame_ms,0.2581,
frame_ms,0.2241,
frame_ms,0.2115,
frame_ms,0.2264,
frame_ms,0.2767,
frame_ms,0.27,
frame_ms,0.2313,
frame_ms,0.2206,
frame_ms,0.2119,
frame_ms,0.2423,
frame_ms,0.2228,
tick_us,17.7,14
frame_ms,0.4688,
frame_ms,0.3684,
frame_ms,0.37,
frame_ms,0.3634,
frame_ms,0.4182,
frame_ms,0.3046,
frame_ms,0.2286,
frame_ms,0.2121,
frame_ms,0.2118,
frame_ms,0.24,
frame_ms,0.2204,
frame_ms,0.2114,
frame_ms,0.248,
frame_ms,0.2265,
frame_ms,0.2237,
frame_ms,0.2246,
frame_ms,0.2091,
frame_ms,0.2506,
frame_ms,0.2295,
frame_ms,0.2094,
frame_ms,0.2388,
frame_ms,0.2125,
frame_ms,0.2464,
frame_ms,0.2267,
frame_ms,0.2108,
frame_ms,0.2171,
frame_ms,0.2474,
tick_us,44.5,14
frame_ms,0.4578,
frame_ms,0.373,
frame_ms,0.2595,
frame_ms,0.2214,
frame_ms,0.2227,
frame_ms,0.2254,
frame_ms,0.2183,
frame_ms,0.397,
frame_ms,0.2571,
frame_ms,0.224,
frame_ms,0.222,
frame_ms,0.2103,
frame_ms,0.2432,
frame_ms,0.2219,
frame_ms,0.212,
frame_ms,0.254,
frame_ms,0.2247,
frame_ms,0.2119,
frame_ms,0.2223,
frame_ms,0.3395,
frame_ms,0.4906,
frame_ms,0.339,
frame_ms,0.3622,
frame_ms,0.3296,
frame_ms,0.2837,
tick_us,17.2,14
frame_ms,0.2867,
frame_ms,0.239,
frame_ms,0.207,
frame_ms,0.2151,
frame_ms,0.2088,
frame_ms,0.2406,
frame_ms,0.2246,
frame_ms,0.2134,
frame_ms,0.2484,
frame_ms,0.2269,
frame_ms,0.2093,
frame_ms,0.2745,
frame_ms,0.2372,
frame_ms,0.2206,
frame_ms,0.2066,
frame_ms,0.3676,
frame_ms,0.2653,
frame_ms,0.2257,
frame_ms,0.4012,
frame_ms,0.3562,
frame_ms,0.3566,
frame_ms,0.2607,
frame_ms,0.2157,
frame_ms,0.212,
frame_ms,0.2142,
frame_ms,0.2309,
frame_ms,0.2137,
frame_ms,0.2143,
tick_us,18.2,16
frame_ms,0.3452,
frame_ms,0.264,
frame_ms,0.238,
frame_ms,0.2323,
frame_ms,0.2188,
frame_ms,0.2302,
frame_ms,0.3578,
frame_ms,0.292,
frame_ms,0.2376,
frame_ms,0.2219,
frame_ms,0.2204,
frame_ms,0.2113,
frame_ms,0.2342,
frame_ms,0.2506,
frame_ms,0.2177,
frame_ms,0.2111,
frame_ms,0.2688,
frame_ms,0.2382,
frame_ms,0.2163,
frame_ms,0.2609,
frame_ms,0.2171,
frame_ms,0.2342,
frame_ms,0.2736,
frame_ms,0.2302,
frame_ms,0.2588,
frame_ms,0.2183,
frame_ms,0.2172,
frame_ms,0.243,
tick_us,19.6,16
frame_ms,0.2991,
frame_ms,0.2383,
frame_ms,0.2316,
frame_ms,0.2177,
frame_ms,0.212,
frame_ms,0.3118,
frame_ms,0.3013,
frame_ms,0.2389,
frame_ms,0.2259,
frame_ms,0.2144,
frame_ms,0.2101,
frame_ms,0.2331,
frame_ms,0.204,
frame_ms,0.2676,
frame_ms,0.2257,
frame_ms,0.206,
frame_ms,0.2477,
frame_ms,0.2209,
frame_ms,0.2105,
frame_ms,0.2167,
frame_ms,0.2435,
frame_ms,0.2325,
frame_ms,0.2068,
frame_ms,0.242,
frame_ms,0.7391,
frame_ms,0.2489,
frame_ms,0.2229,
tick_us,22.1,16
frame_ms,0.327,
frame_ms,0.2324,
frame_ms,0.2254,
frame_ms,0.2163,
frame_ms,0.243,
frame_ms,0.2982,
frame_ms,0.2465,
frame_ms,0.2142,
frame_ms,0.2445,
frame_ms,0.2186,
frame_ms,0.2084,
frame_ms,0.2483,
frame_ms,0.2227,
frame_ms,0.2082,
frame_ms,0.5731,
frame_ms,0.2793,
frame_ms,0.2776,
frame_ms,0.303,
frame_ms,0.2584,
frame_ms,0.2167,
frame_ms,0.2246,
frame_ms,0.2194,
frame_ms,0.2115,
frame_ms,0.247,
frame_ms,0.259,
frame_ms,0.2257,
frame_ms,0.2189,
frame_ms,0.2402,
tick_us,15.5,16
frame_ms,0.4965,
frame_ms,0.2508,
frame_ms,0.2202,
frame_ms,0.2117,
frame_ms,0.2126,
frame_ms,0.2729,
frame_ms,0.2233,
frame_ms,0.2106,
frame_ms,0.2698,
frame_ms,0.2292,
frame_ms,0.2066,
frame_ms,0.2485,
frame_ms,0.229,
frame_ms,0.2094,
frame_ms,0.2355,
frame_ms,0.2182,
frame_ms,0.2087,
frame_ms,0.2624,
frame_ms,0.5524,
frame_ms,0.2376,
frame_ms,0.213,
frame_ms,0.211,
frame_ms,0.2028,
frame_ms,0.2308,
frame_ms,0.2251,
frame_ms,0.2743,
frame_ms,0.206,
tick_us,13.4,14
frame_ms,0.2983,
frame_ms,0.2255,
frame_ms,0.2139,
frame_ms,0.2082,
frame_ms,0.2352,
frame_ms,0.2194,
frame_ms,0.2037,
frame_ms,0.2383,
frame_ms,0.2393,
frame_ms,0.235,
frame_ms,0.247,
frame_ms,0.224,
frame_ms,0.2058,
frame_ms,0.2714,
frame_ms,0.2541,
frame_ms,0.2073,
frame_ms,0.2,
frame_ms,0.2463,
frame_ms,0.2223,
frame_ms,0.2076,
frame_ms,0.2455,
frame_ms,0.2203,
frame_ms,0.4536,
frame_ms,0.2845,
frame_ms,0.2545,
frame_ms,0.2282,
frame_ms,0.2152,
frame_ms,0.2684,
frame_ms,0.2333,
tick_us,14.4,14
frame_ms,0.2782,
frame_ms,0.2225,
frame_ms,0.2519,
frame_ms,0.223,
frame_ms,0.2112,
frame_ms,0.217,
frame_ms,0.2442,
frame_ms,0.2222,
frame_ms,0.2141,
frame_ms,0.2404,
frame_ms,0.2212,
frame_ms,0.2561,
frame_ms,0.281,
frame_ms,0.5289,
frame_ms,0.4576,
frame_ms,0.3366,
frame_ms,0.2282,
frame_ms,0.2152,
frame_ms,0.2139,
frame_ms,0.2299,
frame_ms,0.3118,
frame_ms,0.4267,
frame_ms,0.3489,
frame_ms,0.2313,
frame_ms,0.2149,
frame_ms,0.2103,
tick_us,15.6,14
frame_ms,0.3044,
frame_ms,0.259,
frame_ms,0.2268,
frame_ms,0.2156,
frame_ms,0.2095,
frame_ms,0.2749,
frame_ms,0.2335,
frame_ms,0.2123,
frame_ms,0.2395,
frame_ms,0.232,
frame_ms,0.2106,
frame_ms,0.2519,
frame_ms,0.2231,
frame_ms,0.2149,
frame_ms,0.25,
frame_ms,0.2212,
frame_ms,0.2053,
frame_ms,0.2237,
frame_ms,0.3464,
frame_ms,0.2699,
frame_ms,0.2353,
frame_ms,0.2264,
frame_ms,0.2144,
frame_ms,0.256,
frame_ms,0.2149,
frame_ms,0.2106,
frame_ms,0.2958,
frame_ms,0.2355,
frame_ms,0.2515,
tick_us,19.4,16
frame_ms,0.318,
frame_ms,0.2507,
frame_ms,0.2305,
frame_ms,0.2238,
frame_ms,0.2517,
frame_ms,0.2246,
frame_ms,0.3213,
frame_ms,0.2874,
frame_ms,0.2649,
frame_ms,0.3432,
frame_ms,0.2781,
frame_ms,0.2166,
frame_ms,0.2239,
frame_ms,0.2258,
frame_ms,0.2142,
frame_ms,0.2144,
frame_ms,0.2727,
frame_ms,0.2675,
frame_ms,0.2276,
frame_ms,0.2236,
frame_ms,0.2192,
frame_ms,0.3097,
frame_ms,0.2613,
frame_ms,0.241,
frame_ms,0.3139,
frame_ms,0.2284,
frame_ms,0.2232,
tick_us,19.4,16
frame_ms,0.2877,
frame_ms,0.391,
frame_ms,0.6669,
frame_ms,0.347,
frame_ms,0.246,
frame_ms,0.2168,
frame_ms,0.2253,
frame_ms,0.221,
frame_ms,0.223,
frame_ms,0.2134,
frame_ms,0.2783,
frame_ms,0.2838,
frame_ms,0.2225,
frame_ms,0.26,
frame_ms,0.2419,
frame_ms,0.6422,
frame_ms,0.2805,
frame_ms,0.2385,
frame_ms,0.2155,
frame_ms,0.2236,
frame_ms,0.2182,
frame_ms,0.2425,
frame_ms,0.2523,
frame_ms,0.2538,
tick_us,20.6,16
frame_ms,0.3022,
frame_ms,0.2612,
frame_ms,0.2483,
frame_ms,0.3988,
frame_ms,0.3717,
frame_ms,0.5258,
frame_ms,0.2997,
frame_ms,0.2434,
frame_ms,0.2262,
frame_ms,0.237,
frame_ms,0.2824,
frame_ms,0.2119,
frame_ms,0.2692,
frame_ms,0.2314,
frame_ms,0.2212,
frame_ms,0.235,
frame_ms,0.756,
frame_ms,0.2968,
frame_ms,0.2338,
frame_ms,0.2213,
frame_ms,0.2344,
frame_ms,0.2518,
frame_ms,0.2166,
frame_ms,0.2425,
tick_us,19.1,16
frame_ms,0.3026,
frame_ms,0.2321,
frame_ms,0.2226,
frame_ms,0.2138,
frame_ms,0.2125,
frame_ms,0.2839,
frame_ms,0.246,
frame_ms,0.2317,
frame_ms,0.2226,
frame_ms,0.2649,
frame_ms,0.2357,
frame_ms,0.2202,
frame_ms,0.2203,
frame_ms,0.2693,
frame_ms,0.3627,
frame_ms,0.2961,
frame_ms,0.2499,
frame_ms,0.2384,
frame_ms,0.2341,
frame_ms,0.237,
frame_ms,0.2785,
frame_ms,0.2638,
frame_ms,0.2567,
frame_ms,0.2597,
frame_ms,0.3276,
frame_ms,0.2397,
frame_ms,0.2277,
tick_us,22.7,16
frame_ms,0.3053,
frame_ms,0.2376,
frame_ms,0.2239,
frame_ms,0.2108,
frame_ms,0.2373,
frame_ms,0.2307,
frame_ms,0.2192,
frame_ms,0.2418,
frame_ms,0.2226,
frame_ms,0.2495,
frame_ms,0.2296,
frame_ms,0.2472,
frame_ms,0.3986,
frame_ms,0.3213,
frame_ms,0.2724,
frame_ms,0.2347,
frame_ms,0.2662,
frame_ms,0.2233,
frame_ms,0.2187,
frame_ms,0.2414,
frame_ms,0.2285,
frame_ms,0.2322,
frame_ms,0.2712,
frame_ms,0.2348,
frame_ms,0.2167,
frame_ms,0.2547,
frame_ms,0.2336,
frame_ms,0.2148,
tick_us,18.5,16
frame_ms,0.3068,
frame_ms,0.256,
frame_ms,0.5817,
frame_ms,0.4039,
frame_ms,0.3838,
frame_ms,0.3449,
frame_ms,0.335,
frame_ms,0.2453,
frame_ms,0.214,
frame_ms,0.2161,
frame_ms,0.2141,
frame_ms,0.224,
frame_ms,0.2301,
frame_ms,0.332,
frame_ms,0.2723,
frame_ms,0.4717,
frame_ms,0.2674,
frame_ms,0.2263,
frame_ms,0.2206,
frame_ms,0.2417,
frame_ms,0.2238,
frame_ms,0.2365,
frame_ms,0.2632,
frame_ms,0.2114,
frame_ms,0.2128,
tick_us,16.5,14
frame_ms,0.3112,
frame_ms,0.2357,
frame_ms,0.2201,
frame_ms,0.2139,
frame_ms,0.2194,
frame_ms,0.2253,
frame_ms,0.2667,
frame_ms,0.2324,
frame_ms,0.2189,
frame_ms,0.2712,
frame_ms,0.2187,
frame_ms,0.2101,
frame_ms,0.2823,
frame_ms,0.2856,
frame_ms,0.2417,
frame_ms,0.2303,
frame_ms,0.2255,
frame_ms,0.2251,
frame_ms,0.3757,
frame_ms,0.3384,
frame_ms,0.2613,
frame_ms,0.2437,
frame_ms,0.2415,
frame_ms,0.7014,
frame_ms,0.2866,
tick_us,15.8,16
frame_ms,0.2911,
frame_ms,0.2518,
frame_ms,0.2248,
frame_ms,0.2157,
frame_ms,0.2054,
frame_ms,0.2351,
frame_ms,0.2272,
frame_ms,0.2102,
frame_ms,0.2513,
frame_ms,0.2232,
frame_ms,0.2236,
frame_ms,0.2742,
frame_ms,0.2714,
frame_ms,0.2481,
frame_ms,0.2244,
frame_ms,0.5526,
frame_ms,0.3758,
frame_ms,0.2767,
frame_ms,0.2215,
frame_ms,0.2237,
frame_ms,0.2162,
frame_ms,0.2068,
frame_ms,0.2521,
frame_ms,0.6194,
frame_ms,0.2491,
frame_ms,0.2626,
tick_us,18.4,14
frame_ms,0.2985,
frame_ms,0.2612,
frame_ms,0.2286,
frame_ms,0.2265,
frame_ms,0.2225,
frame_ms,0.2127,
frame_ms,0.2533,
frame_ms,0.2216,
frame_ms,0.2252,
frame_ms,0.2069,
frame_ms,0.2295,
frame_ms,0.2173,
frame_ms,0.258,
frame_ms,0.2813,
frame_ms,0.2319,
frame_ms,0.223,
frame_ms,0.2168,
frame_ms,0.222,
frame_ms,0.2191,
frame_ms,0.6367,
frame_ms,0.3568,
frame_ms,0.271,
frame_ms,0.2262,
frame_ms,0.2408,
frame_ms,0.2298,
frame_ms,0.2437,
frame_ms,0.2146,
tick_us,21.1,14
frame_ms,0.3461,
frame_ms,0.2936,
frame_ms,0.2264,
frame_ms,0.2222,
frame_ms,0.2188,
frame_ms,0.217,
frame_ms,0.2528,
frame_ms,0.2708,
frame_ms,0.2564,
frame_ms,0.2281,
frame_ms,0.2474,
frame_ms,0.2487,
frame_ms,0.2214,
frame_ms,0.2705,
frame_ms,0.2682,
frame_ms,0.2343,
frame_ms,0.2709,
frame_ms,0.2218,
frame_ms,0.2123,
frame_ms,0.2647,
frame_ms,0.2282,
frame_ms,0.2162,
frame_ms,0.2742,
frame_ms,0.2418,
frame_ms,0.2306,
frame_ms,0.305,
frame_ms,0.2291,
frame_ms,0.2785,
tick_us,16.7,14
frame_ms,0.3307,
frame_ms,0.2448,
frame_ms,0.2277,
frame_ms,0.2138,
frame_ms,0.2147,
frame_ms,0.2557,
frame_ms,0.2314,
frame_ms,0.2142,
frame_ms,0.2647,
frame_ms,0.2563,
frame_ms,0.2279,
frame_ms,0.2571,
frame_ms,0.3956,
frame_ms,0.2549,
frame_ms,0.2379,
frame_ms,0.2273,
frame_ms,0.2272,
frame_ms,0.2369,
frame_ms,0.2167,
frame_ms,0.2536,
frame_ms,0.2325,
frame_ms,0.2228,
frame_ms,0.2282,
frame_ms,0.2397,
frame_ms,0.3647,
frame_ms,0.3928,
tick_us,17.4,14
frame_ms,0.4869,
frame_ms,0.2495,
frame_ms,0.2617,
frame_ms,0.4059,
frame_ms,0.2893,
frame_ms,0.2538,
frame_ms,0.2372,
frame_ms,0.2318,
frame_ms,0.2284,
frame_ms,0.2808,
frame_ms,0.2541,
frame_ms,0.2206,
frame_ms,0.2206,
frame_ms,0.2102,
frame_ms,0.2107,
frame_ms,0.2704,
frame_ms,0.2255,
frame_ms,0.9752,
frame_ms,0.2695,
frame_ms,0.2349,
frame_ms,0.233,
frame_ms,0.2245,
frame_ms,0.2201,
frame_ms,0.2169,
frame_ms,0.2176,
tick_us,18,14
frame_ms,0.3365,
frame_ms,0.2337,
frame_ms,0.2208,
frame_ms,0.2154,
frame_ms,0.223,
frame_ms,0.24,
frame_ms,0.3691,
frame_ms,0.4494,
frame_ms,0.3492,
frame_ms,0.389,
frame_ms,0.3939,
frame_ms,0.3394,
frame_ms,0.371,
frame_ms,0.2458,
frame_ms,0.2203,
frame_ms,0.2255,
frame_ms,0.2251,
frame_ms,0.2183,
frame_ms,0.2134,
frame_ms,0.2759,
frame_ms,0.2887,
frame_ms,0.2672,
frame_ms,0.249,
frame_ms,0.2407,
frame_ms,0.2365,
tick_us,17,14
frame_ms,0.2988,
frame_ms,0.3395,
frame_ms,0.2513,
frame_ms,0.2155,
frame_ms,0.2219,
frame_ms,0.2221,
frame_ms,0.2126,
frame_ms,0.2397,
frame_ms,0.2347,
frame_ms,0.2184,
frame_ms,0.2889,
frame_ms,0.259,
frame_ms,0.6139,
frame_ms,0.339,
frame_ms,0.2916,
frame_ms,0.2852,
frame_ms,0.2102,
frame_ms,0.2175,
frame_ms,0.2092,
frame_ms,0.2612,
frame_ms,0.2284,
frame_ms,0.2125,
frame_ms,0.25,
frame_ms,0.2262,
frame_ms,0.2161,
frame_ms,0.2517,
tick_us,15.7,12
frame_ms,0.2908,
frame_ms,0.2381,
frame_ms,0.2941,
frame_ms,0.2154,
frame_ms,0.2143,
frame_ms,0.2726,
frame_ms,0.2969,
frame_ms,0.2312,
frame_ms,0.2182,
frame_ms,0.2127,
frame_ms,0.2433,
frame_ms,0.2217,
frame_ms,0.2099,
frame_ms,0.2429,
frame_ms,0.2234,
frame_ms,0.2098,
frame_ms,0.2602,
frame_ms,0.217,
frame_ms,0.4565,
frame_ms,0.457,
frame_ms,0.2449,
frame_ms,0.2477,
frame_ms,0.2173,
frame_ms,0.2162,
frame_ms,0.2157,
frame_ms,0.2429,
frame_ms,0.2565,
frame_ms,0.2228,
tick_us,15.6,8
frame_ms,0.268,
frame_ms,0.2249,
frame_ms,0.2143,
frame_ms,0.2663,
frame_ms,0.2264,
frame_ms,0.2134,
frame_ms,0.2508,
frame_ms,0.2318,
frame_ms,0.2131,
frame_ms,0.2672,
frame_ms,0.2389,
frame_ms,0.2076,
frame_ms,0.2848,
frame_ms,0.2259,
frame_ms,0.2092,
frame_ms,0.4303,
frame_ms,0.2676,
frame_ms,0.2337,
frame_ms,0.2207,
frame_ms,0.2163,
frame_ms,0.2043,
frame_ms,0.2424,
frame_ms,0.2315,
frame_ms,0.2083,
frame_ms,0.2213,
frame_ms,0.2431,
frame_ms,0.2355,
frame_ms,0.2905,
tick_us,14.9,8
frame_ms,0.3057,
frame_ms,0.2537,
frame_ms,0.2412,
frame_ms,0.2338,
frame_ms,0.2305,
frame_ms,0.2812,
frame_ms,0.2515,
frame_ms,0.2248,
frame_ms,0.2213,
frame_ms,0.211,
frame_ms,0.2528,
frame_ms,0.2589,
frame_ms,0.2247,
frame_ms,0.232,
frame_ms,0.2422,
frame_ms,0.2314,
frame_ms,0.2277,
frame_ms,0.2182,
frame_ms,0.2473,
frame_ms,0.2446,
frame_ms,0.2198,
frame_ms,0.2075,
frame_ms,0.4186,
frame_ms,0.3595,
frame_ms,0.3471,
frame_ms,0.3378,
frame_ms,0.3844,
tick_us,20.7,8
frame_ms,0.4478,
frame_ms,0.4779,
frame_ms,0.3422,
frame_ms,0.3723,
frame_ms,0.2839,
frame_ms,0.2365,
frame_ms,0.2126,
frame_ms,0.2192,
frame_ms,0.2141,
frame_ms,0.2456,
frame_ms,0.258,
frame_ms,0.2369,
frame_ms,0.2289,
frame_ms,0.2195,
frame_ms,0.2125,
frame_ms,0.2685,
frame_ms,0.4346,
frame_ms,0.4684,
frame_ms,0.2857,
frame_ms,0.2585,
frame_ms,0.2146,
frame_ms,0.2219,
frame_ms,0.2207,
frame_ms,0.2133,
tick_us,16.8,8
frame_ms,0.3222,
frame_ms,0.2671,
frame_ms,0.2248,
frame_ms,0.217,
frame_ms,0.2168,
frame_ms,0.3298,
frame_ms,0.2452,
frame_ms,0.2536,
frame_ms,0.2285,
frame_ms,0.2249,
frame_ms,0.2145,
frame_ms,0.2268,
frame_ms,0.2192,
frame_ms,0.3476,
frame_ms,0.2783,
frame_ms,0.2268,
frame_ms,0.2244,
frame_ms,0.2098,
frame_ms,0.2096,
frame_ms,0.2493,
frame_ms,0.2283,
frame_ms,0.2111,
frame_ms,0.3398,
frame_ms,0.3162,
frame_ms,0.2637,
frame_ms,0.244,
frame_ms,0.2366,
frame_ms,0.2387,
tick_us,17.3,8
frame_ms,0.3017,
frame_ms,0.3365,
frame_ms,0.2509,
frame_ms,0.2134,
frame_ms,0.2214,
frame_ms,0.216,
frame_ms,0.2123,
frame_ms,0.2456,
frame_ms,0.2261,
frame_ms,0.2119,
frame_ms,0.2726,
frame_ms,0.2894,
frame_ms,0.2652,
frame_ms,0.313,
frame_ms,0.2355,
frame_ms,0.2332,
frame_ms,0.2473,
frame_ms,0.2503,
frame_ms,0.3251,
frame_ms,0.2588,
frame_ms,0.2102,
frame_ms,0.2142,
frame_ms,0.2087,
frame_ms,0.2055,
frame_ms,0.2786,
frame_ms,0.2303,
frame_ms,0.2099,
frame_ms,0.26,
tick_us,16.9,10
frame_ms,0.3982,
frame_ms,0.3344,
frame_ms,0.3282,
frame_ms,0.2335,
frame_ms,0.2314,
frame_ms,0.2535,
frame_ms,0.2817,
frame_ms,0.3245,
frame_ms,0.2166,
frame_ms,0.2167,
frame_ms,0.2166,
frame_ms,0.2152,
frame_ms,0.2387,
frame_ms,0.2266,
frame_ms,0.2679,
frame_ms,0.22,
frame_ms,0.2052,
frame_ms,0.2832,
frame_ms,0.2826,
frame_ms,0.2372,
frame_ms,0.2256,
frame_ms,0.2241,
frame_ms,0.2521,
frame_ms,0.2525,
frame_ms,0.2492,
frame_ms,0.2174,
frame_ms,0.2084,
tick_us,15.4,12
frame_ms,0.3241,
frame_ms,0.2412,
frame_ms,0.2295,
frame_ms,0.2129,
frame_ms,0.2176,
frame_ms,0.21,
frame_ms,0.3003,
frame_ms,0.2378,
frame_ms,0.5066,
frame_ms,0.3711,
frame_ms,0.3393,
frame_ms,0.3088,
frame_ms,0.2207,
frame_ms,0.2126,
frame_ms,0.2135,
frame_ms,0.2043,
frame_ms,0.2402,
frame_ms,0.2715,
frame_ms,0.2201,
frame_ms,0.214,
frame_ms,0.2165,
frame_ms,0.2348,
frame_ms,0.2436,
frame_ms,0.2349,
frame_ms,0.233,
frame_ms,0.2041,
frame_ms,0.2856,
frame_ms,0.2354,
tick_us,15.7,12
frame_ms,0.2654,
frame_ms,0.2286,
frame_ms,0.2657,
frame_ms,0.2217,
frame_ms,0.2037,
frame_ms,0.2515,
frame_ms,0.2226,
frame_ms,0.507,
frame_ms,0.3537,
frame_ms,0.4034,
frame_ms,0.3526,
frame_ms,0.4275,
frame_ms,0.3388,
frame_ms,0.372,
frame_ms,0.2408,
frame_ms,0.2079,
frame_ms,0.2117,
frame_ms,0.2067,
frame_ms,0.2428,
frame_ms,0.2194,
frame_ms,0.2104,
frame_ms,0.222,
frame_ms,0.2216,
frame_ms,0.2071,
tick_us,18.4,12
frame_ms,0.4675,
frame_ms,0.3073,
frame_ms,0.3071,
frame_ms,0.2409,
frame_ms,0.2341,
frame_ms,0.2542,
frame_ms,0.2579,
frame_ms,0.3439,
frame_ms,0.2642,
frame_ms,0.2332,
frame_ms,0.2301,
frame_ms,0.2303,
frame_ms,0.2287,
frame_ms,0.2561,
frame_ms,0.2999,
frame_ms,0.2393,
frame_ms,0.2158,
frame_ms,0.8163,
frame_ms,0.2426,
frame_ms,0.2166,
frame_ms,0.2171,
frame_ms,0.2075,
frame_ms,0.2109,
frame_ms,0.2674,
frame_ms,0.2261,
frame_ms,0.21,
tick_us,14.9,12
frame_ms,0.31,
frame_ms,0.2331,
frame_ms,0.2175,
frame_ms,0.2636,
frame_ms,0.2048,
frame_ms,0.3359,
frame_ms,0.426,
frame_ms,0.2547,
frame_ms,0.2211,
frame_ms,0.2271,
frame_ms,0.2111,
frame_ms,0.3108,
frame_ms,0.2532,
frame_ms,0.2248,
frame_ms,0.2116,
frame_ms,0.2053,
frame_ms,0.24,
frame_ms,0.2277,
frame_ms,0.2119,
frame_ms,0.2487,
frame_ms,0.2236,
frame_ms,0.2237,
frame_ms,0.2226,
frame_ms,0.2176,
frame_ms,0.2667,
frame_ms,0.2324,
frame_ms,0.2197,
frame_ms,0.2096,
tick_us,19.8,10
frame_ms,0.3223,
frame_ms,0.2416,
frame_ms,0.2296,
frame_ms,0.2216,
frame_ms,0.2187,
frame_ms,0.212,
frame_ms,0.2842,
frame_ms,0.3201,
frame_ms,0.239,
frame_ms,0.2666,
frame_ms,0.5747,
frame_ms,0.366,
frame_ms,0.3589,
frame_ms,0.2756,
frame_ms,0.2384,
frame_ms,0.2536,
frame_ms,0.2222,
frame_ms,0.2242,
frame_ms,0.2402,
frame_ms,0.2629,
frame_ms,0.2648,
frame_ms,0.2602,
frame_ms,0.2216,
frame_ms,0.2251,
frame_ms,0.2196,
frame_ms,0.3453,
tick_us,20.5,6
frame_ms,0.4974,
frame_ms,0.2589,
frame_ms,0.2308,
frame_ms,0.2271,
frame_ms,0.2359,
frame_ms,0.2132,
frame_ms,0.2251,
frame_ms,0.2414,
frame_ms,0.2296,
frame_ms,0.2126,
frame_ms,0.2183,
frame_ms,0.2086,
frame_ms,0.2618,
frame_ms,0.3238,
frame_ms,0.3006,
frame_ms,0.2418,
frame_ms,0.2583,
frame_ms,0.269,
frame_ms,0.5004,
frame_ms,0.3551,
frame_ms,0.251,
frame_ms,0.2164,
frame_ms,0.2185,
frame_ms,0.2089,
frame_ms,0.2108,
frame_ms,0.2655,
tick_us,16.1,6
frame_ms,0.2919,
frame_ms,0.2235,
frame_ms,0.2172,
frame_ms,0.216,
frame_ms,0.2365,
frame_ms,0.2354,
frame_ms,0.6626,
frame_ms,0.2387,
frame_ms,0.2155,
frame_ms,0.2158,
frame_ms,0.22,
frame_ms,0.2429,
frame_ms,0.3165,
frame_ms,0.214,
frame_ms,0.2064,
frame_ms,0.2349,
frame_ms,0.2234,
frame_ms,0.21,
frame_ms,0.2387,
frame_ms,0.2712,
frame_ms,0.2364,
frame_ms,0.2293,
frame_ms,0.2279,
frame_ms,0.2324,
frame_ms,0.2512,
frame_ms,0.2422,
frame_ms,0.2447,
tick_us,17.6,4
frame_ms,0.3146,
frame_ms,0.2365,
frame_ms,0.2269,
frame_ms,0.2178,
frame_ms,0.2148,
frame_ms,0.2455,
frame_ms,0.257,
frame_ms,0.2306,
frame_ms,0.2122,
frame_ms,0.2364,
frame_ms,0.2255,
frame_ms,0.2871,
frame_ms,0.2525,
frame_ms,0.6844,
frame_ms,0.3518,
frame_ms,0.2344,
frame_ms,0.2248,
frame_ms,0.2139,
frame_ms,0.2463,
frame_ms,0.252,
frame_ms,0.2219,
frame_ms,0.2503,
frame_ms,0.5397,
frame_ms,0.2606,
frame_ms,0.2217,
frame_ms,0.2304,
tick_us,15.9,4
frame_ms,0.2705,
frame_ms,0.2325,
frame_ms,0.215,
frame_ms,0.4449,
frame_ms,0.3627,
frame_ms,0.3768,
frame_ms,0.2593,
frame_ms,0.217,
frame_ms,0.2137,
frame_ms,0.2071,
frame_ms,0.2394,
frame_ms,0.2184,
frame_ms,0.207,
frame_ms,0.2498,
frame_ms,0.2215,
frame_ms,0.2396,
frame_ms,0.2106,
frame_ms,0.2152,
frame_ms,0.2556,
frame_ms,0.2261,
frame_ms,0.2113,
frame_ms,0.2474,
frame_ms,0.2208,
frame_ms,0.2063,
frame_ms,0.2539,
frame_ms,0.2268,
frame_ms,0.2095,
frame_ms,0.2167,
tick_us,14.1,4
frame_ms,0.3013,
frame_ms,0.238,
frame_ms,0.217,
frame_ms,0.2053,
frame_ms,0.2363,
frame_ms,0.2667,
frame_ms,0.2184,
frame_ms,0.2187,
frame_ms,0.3016,
frame_ms,0.2677,
frame_ms,0.2804,
frame_ms,0.2351,
frame_ms,0.2971,
frame_ms,0.2936,
frame_ms,0.2626,
frame_ms,0.2285,
frame_ms,0.2769,
frame_ms,0.2481,
frame_ms,0.2208,
frame_ms,0.2224,
frame_ms,0.2151,
frame_ms,0.3045,
frame_ms,0.2573,
frame_ms,0.616,
frame_ms,0.4012,
tick_us,17.3,4
frame_ms,0.5357,
frame_ms,0.4209,
frame_ms,0.3706,
frame_ms,0.3517,
frame_ms,0.289,
frame_ms,0.2229,
frame_ms,0.2161,
frame_ms,0.2168,
frame_ms,0.2124,
frame_ms,0.2124,
frame_ms,0.2428,
frame_ms,0.2329,
frame_ms,0.3102,
frame_ms,0.242,
frame_ms,0.2256,
frame_ms,0.2112,
frame_ms,0.2069,
frame_ms,0.2432,
frame_ms,0.2248,
frame_ms,0.2079,
frame_ms,0.2754,
frame_ms,0.2269,
frame_ms,0.2067,
frame_ms,0.271,
frame_ms,0.2297,
frame_ms,0.2065,
frame_ms,0.2497,
tick_us,14.9,6
frame_ms,0.2863,
frame_ms,0.2361,
frame_ms,0.2239,
frame_ms,0.2101,
frame_ms,0.2133,
frame_ms,0.2718,
frame_ms,0.2227,
frame_ms,0.2055,
frame_ms,0.2046,
frame_ms,0.2464,
frame_ms,0.2243,
frame_ms,0.2113,
frame_ms,0.217,
frame_ms,0.2467,
frame_ms,0.2211,
frame_ms,0.2097,
frame_ms,0.2155,
frame_ms,0.3103,
frame_ms,0.2674,
frame_ms,0.2395,
frame_ms,0.2269,
frame_ms,0.2282,
frame_ms,0.2187,
frame_ms,0.2384,
frame_ms,0.2136,
frame_ms,0.2812,
frame_ms,0.286,
frame_ms,0.22,
frame_ms,0.2105,
frame_ms,0.2381,
tick_us,13.9,8
frame_ms,0.2791,
frame_ms,0.2316,
frame_ms,0.2163,
frame_ms,0.2085,
frame_ms,0.2405,
frame_ms,0.2506,
frame_ms,0.2183,
frame_ms,0.2078,
frame_ms,0.2597,
frame_ms,0.5361,
frame_ms,0.3744,
frame_ms,0.2655,
frame_ms,0.2388,
frame_ms,0.2411,
frame_ms,0.2801,
frame_ms,0.2453,
frame_ms,0.2682,
frame_ms,0.2345,
frame_ms,0.2135,
frame_ms,0.2084,
frame_ms,0.2484,
frame_ms,0.2186,
frame_ms,0.2105,
frame_ms,0.3281,
frame_ms,0.2772,
frame_ms,0.2391,
frame_ms,0.2272,
tick_us,18.2,10
frame_ms,0.3031,
frame_ms,0.2396,
frame_ms,0.2258,
frame_ms,0.2242,
frame_ms,0.2131,
frame_ms,0.2098,
frame_ms,0.2579,
frame_ms,0.2535,
frame_ms,0.2233,
frame_ms,0.2079,
frame_ms,0.2892,
frame_ms,0.2429,
frame_ms,0.2377,
frame_ms,0.223,
frame_ms,0.2709,
frame_ms,0.2573,
frame_ms,0.2171,
frame_ms,0.212,
frame_ms,0.2119,
frame_ms,0.271,
frame_ms,0.23,
frame_ms,0.2066,
frame_ms,0.2139,
frame_ms,0.2451,
frame_ms,0.2198,
frame_ms,0.2101,
frame_ms,0.2515,
frame_ms,0.223,
frame_ms,0.3327,
tick_us,15.6,12
frame_ms,0.4741,
frame_ms,0.3589,
frame_ms,0.3577,
frame_ms,0.4098,
frame_ms,0.3727,
frame_ms,0.3336,
frame_ms,0.33,
frame_ms,0.3649,
frame_ms,0.2467,
frame_ms,0.2106,
frame_ms,0.21,
frame_ms,0.2032,
frame_ms,0.2822,
frame_ms,0.2219,
frame_ms,0.2256,
frame_ms,0.2534,
frame_ms,0.2217,
frame_ms,0.2729,
frame_ms,0.2591,
frame_ms,0.2194,
frame_ms,0.206,
frame_ms,0.2508,
frame_ms,0.2204,
frame_ms,0.2583,
tick_us,15.8,12
frame_ms,0.2718,
frame_ms,0.2244,
frame_ms,0.2082,
frame_ms,0.2613,
frame_ms,0.2192,
frame_ms,0.2055,
frame_ms,0.2658,
frame_ms,0.2408,
frame_ms,0.2267,
frame_ms,0.2708,
frame_ms,0.2389,
frame_ms,0.2187,
frame_ms,0.2407,
frame_ms,0.2429,
frame_ms,0.2125,
frame_ms,0.2186,
frame_ms,0.2519,
frame_ms,0.2181,
frame_ms,0.2025,
frame_ms,0.256,
frame_ms,0.2231,
frame_ms,0.3337,
frame_ms,0.5015,
frame_ms,0.2858,
frame_ms,0.2743,
frame_ms,0.2549,
frame_ms,0.2497,
frame_ms,0.2455,
tick_us,18.9,14
frame_ms,0.3389,
frame_ms,0.3133,
frame_ms,0.2409,
frame_ms,0.2178,
frame_ms,0.2207,
frame_ms,0.2157,
frame_ms,0.2119,
frame_ms,0.2406,
frame_ms,0.2288,
frame_ms,0.2099,
frame_ms,0.3737,
frame_ms,0.2998,
frame_ms,0.4008,
frame_ms,0.3291,
frame_ms,0.2815,
frame_ms,0.2239,
frame_ms,0.2249,
frame_ms,0.2206,
frame_ms,0.2155,
frame_ms,0.2615,
frame_ms,0.2457,
frame_ms,0.221,
frame_ms,0.2641,
frame_ms,0.2289,
frame_ms,0.4062,
tick_us,20.4,18
frame_ms,0.5067,
frame_ms,0.2984,
frame_ms,0.2721,
frame_ms,0.231,
frame_ms,0.2319,
frame_ms,0.2624,
frame_ms,0.264,
frame_ms,0.2687,
frame_ms,0.2541,
frame_ms,0.2237,
frame_ms,0.2252,
frame_ms,0.2135,
frame_ms,0.2437,
frame_ms,0.2216,
frame_ms,0.211,
frame_ms,0.2603,
frame_ms,0.2455,
frame_ms,0.2373,
frame_ms,0.2175,
frame_ms,0.3322,
frame_ms,0.2805,
frame_ms,0.2378,
frame_ms,0.2283,
frame_ms,0.2335,
frame_ms,0.2133,
frame_ms,0.2545,
frame_ms,0.2508,
frame_ms,0.2153,
tick_us,16.6,18
frame_ms,0.3033,
frame_ms,0.2369,
frame_ms,0.2189,
frame_ms,0.2203,
frame_ms,0.2537,
frame_ms,0.2694,
frame_ms,0.2225,
frame_ms,0.2323,
frame_ms,0.2313,
frame_ms,0.2226,
frame_ms,0.2286,
frame_ms,0.2874,
frame_ms,0.2923,
frame_ms,0.222,
frame_ms,0.2215,
frame_ms,0.2213,
frame_ms,0.2073,
frame_ms,0.2724,
frame_ms,0.2302,
frame_ms,0.2173,
frame_ms,0.2229,
frame_ms,0.2565,
frame_ms,0.2112,
frame_ms,0.3637,
frame_ms,0.4923,
frame_ms,0.3436,
frame_ms,0.3797,
tick_us,18.5,18
frame_ms,0.4055,
frame_ms,0.4348,
frame_ms,0.3362,
frame_ms,0.3319,
frame_ms,0.4966,
frame_ms,0.3622,
frame_ms,0.2415,
frame_ms,0.2455,
frame_ms,0.2233,
frame_ms,0.2352,
frame_ms,0.2182,
frame_ms,0.2479,
frame_ms,0.2304,
frame_ms,0.2276,
frame_ms,0.211,
frame_ms,0.2675,
frame_ms,0.2281,
frame_ms,0.2095,
frame_ms,0.2248,
frame_ms,0.2735,
frame_ms,0.2313,
frame_ms,0.2145,
frame_ms,0.2181,
frame_ms,0.2065,
frame_ms,0.2623,
tick_us,16.7,18
frame_ms,0.3011,
frame_ms,0.2459,
frame_ms,0.2264,
frame_ms,0.22,
frame_ms,0.2085,
frame_ms,0.2418,
frame_ms,0.2298,
frame_ms,0.2129,
frame_ms,0.2516,
frame_ms,0.2369,
frame_ms,0.2552,
frame_ms,0.2197,
frame_ms,0.2465,
frame_ms,0.2236,
frame_ms,0.2109,
frame_ms,0.2225,
frame_ms,0.2106,
frame_ms,0.2171,
frame_ms,0.2424,
frame_ms,0.2306,
frame_ms,0.2164,
frame_ms,0.2693,
frame_ms,0.2567,
frame_ms,0.218,
frame_ms,0.2346,
frame_ms,0.2483,
frame_ms,0.2167,
frame_ms,0.2052,
frame_ms,0.2472,
frame_ms,0.2202,
tick_us,16.5,16
frame_ms,0.2713,
frame_ms,0.2232,
frame_ms,0.2302,
frame_ms,0.2449,
frame_ms,0.218,
frame_ms,0.2652,
frame_ms,0.2788,
frame_ms,0.2547,
frame_ms,0.2421,
frame_ms,0.2314,
frame_ms,0.2263,
frame_ms,0.2176,
frame_ms,0.2209,
frame_ms,0.3147,
frame_ms,0.4134,
frame_ms,0.2931,
frame_ms,0.2316,
frame_ms,0.221,
frame_ms,0.2225,
frame_ms,0.2131,
frame_ms,0.214,
frame_ms,0.2503,
frame_ms,0.2583,
frame_ms,0.4964,
frame_ms,0.2784,
frame_ms,0.2191,
frame_ms,0.2221,
tick_us,20.4,16
frame_ms,0.2851,
frame_ms,0.2299,
frame_ms,0.2256,
frame_ms,0.2654,
frame_ms,0.2578,
frame_ms,0.2272,
frame_ms,0.2258,
frame_ms,0.2097,
frame_ms,0.2771,
frame_ms,0.2269,
frame_ms,0.2179,
frame_ms,0.3117,
frame_ms,0.2632,
frame_ms,0.248,
frame_ms,0.233,
frame_ms,0.2232,
frame_ms,0.2475,
frame_ms,0.2134,
frame_ms,0.2637,
frame_ms,0.3252,
frame_ms,0.253,
frame_ms,0.2219,
frame_ms,0.2296,
frame_ms,0.2153,
frame_ms,0.2078,
frame_ms,0.239,
frame_ms,0.2541,
frame_ms,0.2518,
frame_ms,0.2277,
tick_us,14.2,18
frame_ms,0.2868,
frame_ms,0.2452,
frame_ms,0.2414,
frame_ms,0.2304,
frame_ms,0.2459,
frame_ms,0.2225,
frame_ms,0.2117,
frame_ms,0.2116,
frame_ms,0.248,
frame_ms,0.2606,
frame_ms,0.2306,
frame_ms,0.2199,
frame_ms,0.3105,
frame_ms,0.2203,
frame_ms,0.215,
frame_ms,0.2127,
frame_ms,0.2328,
frame_ms,0.2127,
frame_ms,0.267,
frame_ms,0.3169,
frame_ms,0.3507,
frame_ms,0.3049,
frame_ms,0.2926,
frame_ms,0.3051,
frame_ms,0.2123,
frame_ms,0.2143,
frame_ms,0.2292,
frame_ms,0.2106,
tick_us,16.2,18
frame_ms,0.2771,
frame_ms,0.2303,
frame_ms,0.215,
frame_ms,0.2415,
frame_ms,0.2314,
frame_ms,0.2121,
frame_ms,0.2432,
frame_ms,0.2254,
frame_ms,0.3118,
frame_ms,0.3038,
frame_ms,0.2477,
frame_ms,0.2089,
frame_ms,0.2125,
frame_ms,0.2048,
frame_ms,0.2375,
frame_ms,0.2344,
frame_ms,0.2101,
frame_ms,0.2426,
frame_ms,0.2192,
frame_ms,0.2037,
frame_ms,0.2593,
frame_ms,0.2242,
frame_ms,0.223,
frame_ms,0.2658,
frame_ms,0.5436,
frame_ms,0.2572,
frame_ms,0.2247,
frame_ms,0.2288,
tick_us,16.9,20
frame_ms,0.3234,
frame_ms,0.2375,
frame_ms,0.2166,
frame_ms,0.2465,
frame_ms,0.2536,
frame_ms,0.2398,
frame_ms,0.2224,
frame_ms,0.2097,
frame_ms,0.2055,
frame_ms,0.245,
frame_ms,0.2329,
frame_ms,0.2178,
frame_ms,0.2515,
frame_ms,0.271,
frame_ms,0.2145,
frame_ms,0.2122,
frame_ms,0.2375,
frame_ms,0.2266,
frame_ms,0.2263,
frame_ms,0.2059,
frame_ms,0.2632,
frame_ms,0.221,
frame_ms,0.2087,
frame_ms,0.2473,
frame_ms,0.2221,
frame_ms,0.2082,
frame_ms,0.2409,
frame_ms,0.2729,
tick_us,17.3,20
frame_ms,0.5768,
frame_ms,0.4267,
frame_ms,0.4414,
frame_ms,0.3762,
frame_ms,0.3506,
frame_ms,0.2868,
frame_ms,0.2406,
frame_ms,0.2093,
frame_ms,0.2163,
frame_ms,0.2206,
frame_ms,0.2157,
frame_ms,0.2735,
frame_ms,0.2297,
frame_ms,0.2099,
frame_ms,0.2564,
frame_ms,0.2275,
frame_ms,0.2547,
frame_ms,0.2292,
frame_ms,0.2136,
frame_ms,0.2484,
frame_ms,0.2509,
frame_ms,0.2108,
frame_ms,0.2426,
frame_ms,0.2244,
frame_ms,0.2086,
frame_ms,0.2694,
tick_us,14.7,20
frame_ms,0.2873,
frame_ms,0.2266,
frame_ms,0.2174,
frame_ms,0.2106,
frame_ms,0.2364,
frame_ms,0.2265,
frame_ms,0.207,
frame_ms,0.2773,
frame_ms,0.2684,
frame_ms,0.2317,
frame_ms,0.2216,
frame_ms,0.2146,
frame_ms,0.3059,
frame_ms,0.2745,
frame_ms,0.2401,
frame_ms,0.2266,
frame_ms,0.2353,
frame_ms,0.2222,
frame_ms,0.2182,
frame_ms,0.2126,
frame_ms,0.2384,
frame_ms,0.2498,
frame_ms,0.2516,
frame_ms,0.2286,
frame_ms,0.2171,
frame_ms,0.3259,
frame_ms,0.2226,
frame_ms,0.227,
frame_ms,0.2393,
tick_us,16.1,20
frame_ms,0.2736,
frame_ms,0.2178,
frame_ms,0.2094,
frame_ms,0.2444,
frame_ms,0.298,
frame_ms,0.2671,
frame_ms,0.2281,
frame_ms,0.2248,
frame_ms,0.2157,
frame_ms,0.2156,
frame_ms,0.264,
frame_ms,0.2513,
frame_ms,0.2143,
frame_ms,0.2112,
frame_ms,0.3035,
frame_ms,0.2189,
frame_ms,0.209,
frame_ms,0.2436,
frame_ms,0.22,
frame_ms,0.237,
frame_ms,0.214,
frame_ms,0.2183,
frame_ms,0.2475,
frame_ms,0.2194,
frame_ms,0.2032,
frame_ms,0.2612,
frame_ms,0.2224,
frame_ms,0.2086,
frame_ms,0.2252,
frame_ms,0.2207,
tick_us,15.7,18
frame_ms,0.2857,
frame_ms,0.2386,
frame_ms,0.2349,
frame_ms,0.227,
frame_ms,0.211,
frame_ms,0.2087,
frame_ms,0.265,
frame_ms,0.2424,
frame_ms,0.2072,
frame_ms,0.2026,
frame_ms,0.2442,
frame_ms,0.2248,
frame_ms,0.2068,
frame_ms,0.2201,
frame_ms,0.2083,
frame_ms,0.2019,
frame_ms,0.25,
frame_ms,0.2204,
frame_ms,0.2129,
frame_ms,0.2437,
frame_ms,0.2469,
frame_ms,0.2989,
frame_ms,0.2622,
frame_ms,0.2302,
frame_ms,0.2259,
frame_ms,0.2273,
frame_ms,0.2179,
frame_ms,0.2238,
frame_ms,0.2325,
frame_ms,0.233,
tick_us,17.4,18
frame_ms,0.2826,
frame_ms,0.2355,
frame_ms,0.2254,
frame_ms,0.2107,
frame_ms,0.2772,
frame_ms,0.2566,
frame_ms,0.3277,
frame_ms,0.2924,
frame_ms,0.2684,
frame_ms,0.2158,
frame_ms,0.3282,
frame_ms,0.2519,
frame_ms,0.2226,
frame_ms,0.2304,
frame_ms,0.2355,
frame_ms,0.2046,
frame_ms,0.205,
frame_ms,0.2479,
frame_ms,0.2255,
frame_ms,0.2095,
frame_ms,0.2699,
frame_ms,0.2313,
frame_ms,0.2119,
frame_ms,0.3067,
frame_ms,0.3119,
frame_ms,0.2489,
frame_ms,0.2317,
frame_ms,0.2495,
tick_us,18.4,18
frame_ms,0.3255,
frame_ms,0.2671,
frame_ms,0.2342,
frame_ms,0.2234,
frame_ms,0.2147,
frame_ms,0.2194,
frame_ms,0.2635,
frame_ms,0.2613,
frame_ms,0.2247,
frame_ms,0.2162,
frame_ms,0.2688,
frame_ms,0.3147,
frame_ms,0.2856,
frame_ms,0.261,
frame_ms,0.2524,
frame_ms,0.2431,
frame_ms,0.2409,
frame_ms,0.2772,
frame_ms,0.2374,
frame_ms,0.2174,
frame_ms,0.2125,
frame_ms,0.2088,
frame_ms,0.2116,
frame_ms,0.2813,
frame_ms,0.2322,
frame_ms,0.2088,
frame_ms,0.2331,
frame_ms,0.2463,
tick_us,24.3,18
frame_ms,0.306,
frame_ms,0.2848,
frame_ms,0.2616,
frame_ms,0.2312,
frame_ms,0.2965,
frame_ms,0.2238,
frame_ms,0.2262,
frame_ms,0.2167,
frame_ms,0.2509,
frame_ms,0.2226,
frame_ms,0.2072,
frame_ms,0.2316,
frame_ms,0.2232,
frame_ms,0.209,
frame_ms,0.2495,
frame_ms,0.2273,
frame_ms,0.2226,
frame_ms,0.2239,
frame_ms,0.7268,
frame_ms,0.3857,
frame_ms,0.5471,
frame_ms,0.3108,
frame_ms,0.2601,
frame_ms,0.2985,
tick_us,17.4,16
frame_ms,0.3135,
frame_ms,0.2416,
frame_ms,0.223,
frame_ms,0.2208,
frame_ms,0.2158,
frame_ms,0.2466,
frame_ms,0.2513,
frame_ms,0.2702,
frame_ms,0.2415,
frame_ms,0.2734,
frame_ms,0.3662,
frame_ms,0.3282,
frame_ms,0.2993,
frame_ms,0.4422,
frame_ms,0.3539,
frame_ms,0.3511,
frame_ms,0.3484,
frame_ms,0.3693,
frame_ms,0.4073,
frame_ms,0.2869,
frame_ms,0.2809,
frame_ms,0.2454,
frame_ms,0.2434,
frame_ms,0.2474,
tick_us,19.3,16
frame_ms,0.333,
frame_ms,0.3014,
frame_ms,0.2707,
frame_ms,0.2305,
frame_ms,0.2626,
frame_ms,0.2245,
frame_ms,0.379,
frame_ms,0.2554,
frame_ms,0.2281,
frame_ms,0.8021,
frame_ms,0.2781,
frame_ms,0.2347,
frame_ms,0.2295,
frame_ms,0.2337,
frame_ms,0.2237,
frame_ms,0.2558,
frame_ms,0.2273,
frame_ms,0.2675,
frame_ms,0.2694,
frame_ms,0.3162,
frame_ms,0.5683,
frame_ms,0.2518,
frame_ms,0.2179,
tick_us,18,16
frame_ms,0.2943,
frame_ms,0.229,
frame_ms,0.2479,
frame_ms,0.2978,
frame_ms,0.2239,
frame_ms,0.2231,
frame_ms,0.2102,
frame_ms,0.2075,
frame_ms,0.2485,
frame_ms,0.2241,
frame_ms,0.214,
frame_ms,0.219,
frame_ms,0.2455,
frame_ms,0.2239,
frame_ms,0.2157,
frame_ms,0.2302,
frame_ms,0.2124,
frame_ms,0.2211,
frame_ms,0.2737,
frame_ms,0.3312,
frame_ms,0.2587,
frame_ms,0.237,
frame_ms,0.2393,
frame_ms,0.2718,
frame_ms,0.2301,
frame_ms,0.2446,
frame_ms,0.2336,
frame_ms,0.2318,
frame_ms,0.222,
tick_us,18.9,14
frame_ms,0.2902,
frame_ms,0.2441,
frame_ms,0.2315,
frame_ms,0.2201,
frame_ms,0.2564,
frame_ms,0.418,
frame_ms,0.4289,
frame_ms,0.4376,
frame_ms,0.4843,
frame_ms,0.3817,
frame_ms,0.3608,
frame_ms,0.3624,
frame_ms,0.2905,
frame_ms,0.2456,
frame_ms,0.2208,
frame_ms,0.2275,
frame_ms,0.2293,
frame_ms,0.2793,
frame_ms,0.2465,
frame_ms,0.7829,
frame_ms,0.2751,
tick_us,18.5,14
frame_ms,0.3062,
frame_ms,0.3886,
frame_ms,0.2372,
frame_ms,0.2281,
frame_ms,0.2364,
frame_ms,0.2457,
frame_ms,0.229,
frame_ms,0.2192,
frame_ms,0.2277,
frame_ms,0.2195,
frame_ms,0.2883,
frame_ms,0.3054,
frame_ms,0.2802,
frame_ms,0.3327,
frame_ms,0.2416,
frame_ms,0.2284,
frame_ms,0.2244,
frame_ms,0.2406,
frame_ms,0.2212,
frame_ms,0.209,
frame_ms,0.2608,
frame_ms,0.2325,
frame_ms,0.2119,
frame_ms,0.2264,
frame_ms,0.2182,
frame_ms,0.207,
frame_ms,0.2425,
frame_ms,0.2261,
tick_us,19.5,14
frame_ms,0.2884,
frame_ms,0.2636,
frame_ms,0.2414,
frame_ms,0.2661,
frame_ms,0.24,
frame_ms,0.2174,
frame_ms,0.2411,
frame_ms,0.2364,
frame_ms,0.2071,
frame_ms,0.245,
frame_ms,0.2209,
frame_ms,0.2082,
frame_ms,0.2528,
frame_ms,0.2208,
frame_ms,0.2074,
frame_ms,0.2516,
frame_ms,0.2219,
frame_ms,0.2309,
frame_ms,0.2301,
frame_ms,0.2822,
frame_ms,0.3119,
frame_ms,0.2381,
frame_ms,0.2332,
frame_ms,0.2257,
frame_ms,0.2184,
frame_ms,0.2176,
frame_ms,0.2157,
frame_ms,0.2406,
frame_ms,0.2549,
tick_us,18.9,12
frame_ms,0.2862,
frame_ms,0.2296,
frame_ms,0.2157,
frame_ms,0.273,
frame_ms,0.2387,
frame_ms,0.3005,
frame_ms,0.452,
frame_ms,0.5068,
frame_ms,0.2866,
frame_ms,0.2437,
frame_ms,0.2501,
frame_ms,0.3557,
frame_ms,0.3462,
frame_ms,0.3526,
frame_ms,0.2855,
frame_ms,0.2939,
frame_ms,0.2412,
frame_ms,0.2348,
frame_ms,0.3184,
frame_ms,0.3141,
frame_ms,0.3112,
frame_ms,0.2766,
frame_ms,0.2572,
frame_ms,0.2548,
tick_us,18.4,10
frame_ms,0.3996,
frame_ms,0.2877,
frame_ms,0.2396,
frame_ms,0.2275,
frame_ms,0.2273,
frame_ms,0.224,
frame_ms,0.2216,
frame_ms,0.2985,
frame_ms,0.3071,
frame_ms,0.3417,
frame_ms,0.4032,
frame_ms,0.4218,
frame_ms,0.2997,
frame_ms,0.3124,
frame_ms,0.2727,
frame_ms,0.277,
frame_ms,0.3038,
frame_ms,0.2343,
frame_ms,0.2161,
frame_ms,0.218,
frame_ms,0.2785,
frame_ms,0.2573,
frame_ms,0.2316,
frame_ms,0.2275,
frame_ms,0.2447,
tick_us,23.5,10
frame_ms,0.3199,
frame_ms,0.2662,
frame_ms,0.2809,
frame_ms,0.2481,
frame_ms,0.3854,
frame_ms,0.4798,
frame_ms,0.2985,
frame_ms,0.243,
frame_ms,0.2258,
frame_ms,0.2499,
frame_ms,0.2324,
frame_ms,0.2317,
frame_ms,0.225,
frame_ms,0.212,
frame_ms,0.2362,
frame_ms,0.2176,
frame_ms,0.2196,
frame_ms,0.338,
frame_ms,0.2255,
frame_ms,0.385,
frame_ms,0.3448,
frame_ms,0.2639,
frame_ms,0.2231,
frame_ms,0.2282,
frame_ms,0.2189,
tick_us,21.8,8
frame_ms,0.2919,
frame_ms,0.2475,
frame_ms,0.233,
frame_ms,0.2265,
frame_ms,0.2125,
frame_ms,0.2981,
frame_ms,0.2778,
frame_ms,0.2485,
frame_ms,0.2373,
frame_ms,0.345,
frame_ms,0.2941,
frame_ms,0.249,
frame_ms,0.2348,
frame_ms,0.2429,
frame_ms,0.2378,
frame_ms,0.2419,
frame_ms,0.2359,
frame_ms,0.233,
frame_ms,0.226,
frame_ms,0.2244,
frame_ms,0.2346,
frame_ms,0.2316,
frame_ms,0.4175,
frame_ms,0.3543,
frame_ms,0.4014,
frame_ms,0.3704,
tick_us,20,8
frame_ms,0.4513,
frame_ms,0.414,
frame_ms,0.3547,
frame_ms,0.497,
frame_ms,0.3969,
frame_ms,0.5657,
frame_ms,0.3186,
frame_ms,0.2603,
frame_ms,0.4665,
frame_ms,0.3529,
frame_ms,0.9157,
frame_ms,0.4229,
frame_ms,0.2618,
frame_ms,0.2564,
frame_ms,0.2438,
frame_ms,0.2481,
frame_ms,0.7975,
tick_us,38.8,6
frame_ms,0.6528,
frame_ms,0.3186,
frame_ms,0.326,
frame_ms,0.2594,
frame_ms,0.2351,
frame_ms,0.2297,
frame_ms,0.2288,
frame_ms,0.2252,
frame_ms,0.246,
frame_ms,0.2688,
frame_ms,0.2287,
frame_ms,0.2174,
frame_ms,0.253,
frame_ms,0.2777,
frame_ms,0.374,
frame_ms,0.2927,
frame_ms,0.2667,
frame_ms,0.2372,
frame_ms,0.2449,
frame_ms,0.2379,
frame_ms,0.2765,
frame_ms,0.251,
frame_ms,0.2457,
frame_ms,0.2302,
tick_us,15.1,6
frame_ms,0.2852,
frame_ms,0.2502,
frame_ms,0.2174,
frame_ms,0.2267,
frame_ms,0.2152,
frame_ms,0.2591,
frame_ms,0.3291,
frame_ms,0.4445,
frame_ms,0.2716,
frame_ms,0.2409,
frame_ms,0.2371,
frame_ms,0.2262,
frame_ms,0.2125,
frame_ms,0.2241,
frame_ms,0.2125,
frame_ms,0.3115,
frame_ms,0.2286,
frame_ms,0.2229,
frame_ms,0.2227,
frame_ms,0.2126,
frame_ms,0.2418,
frame_ms,0.2922,
frame_ms,0.2463,
frame_ms,0.3823,
frame_ms,0.3294,
frame_ms,0.2568,
frame_ms,0.2293,
tick_us,16.9,6
frame_ms,0.2855,
frame_ms,0.2375,
frame_ms,0.237,
frame_ms,0.2377,
frame_ms,0.2204,
frame_ms,0.2155,
frame_ms,0.2112,
frame_ms,0.2454,
frame_ms,0.2726,
frame_ms,0.2358,
frame_ms,0.328,
frame_ms,0.28,
frame_ms,0.2583,
frame_ms,0.2715,
frame_ms,0.2369,
frame_ms,0.2726,
frame_ms,0.2855,
frame_ms,0.2168,
frame_ms,0.2349,
frame_ms,0.2256,
frame_ms,0.2526,
frame_ms,0.2335,
frame_ms,0.2179,
frame_ms,0.2431,
frame_ms,0.2271,
frame_ms,0.2123,
frame_ms,0.4806,
tick_us,22.6,6
frame_ms,0.5261,
frame_ms,0.3137,
frame_ms,0.2654,
frame_ms,0.2251,
frame_ms,0.2201,
frame_ms,0.2221,
frame_ms,0.2133,
frame_ms,0.2695,
frame_ms,0.2292,
frame_ms,0.2209,
frame_ms,0.2454,
frame_ms,0.2243,
frame_ms,0.213,
frame_ms,0.2573,
frame_ms,0.2904,
frame_ms,0.3174,
frame_ms,0.3363,
frame_ms,0.262,
frame_ms,0.2464,
frame_ms,0.2433,
frame_ms,0.24,
frame_ms,0.2502,
frame_ms,0.2737,
frame_ms,0.2402,
frame_ms,0.2234,
frame_ms,0.2541,
tick_us,17.1,6
frame_ms,0.2835,
frame_ms,0.2377,
frame_ms,0.2466,
frame_ms,0.2207,
frame_ms,0.2114,
frame_ms,0.2419,
frame_ms,0.2204,
frame_ms,0.8574,
frame_ms,0.2728,
frame_ms,0.2245,
frame_ms,0.2215,
frame_ms,0.2398,
frame_ms,0.2174,
frame_ms,0.2103,
frame_ms,0.2593,
frame_ms,0.2352,
frame_ms,0.2091,
frame_ms,0.4508,
frame_ms,0.3365,
frame_ms,0.3212,
frame_ms,0.3806,
frame_ms,0.3479,
frame_ms,0.4346,
tick_us,21.8,6
frame_ms,0.3891,
frame_ms,0.2497,
frame_ms,0.214,
frame_ms,0.2196,
frame_ms,0.2164,
frame_ms,0.2106,
frame_ms,0.2567,
frame_ms,0.3361,
frame_ms,0.2739,
frame_ms,0.2538,
frame_ms,0.381,
frame_ms,0.3062,
frame_ms,0.3508,
frame_ms,0.2404,
frame_ms,0.2333,
frame_ms,0.2514,
frame_ms,0.2478,
frame_ms,0.3238,
frame_ms,0.2488,
frame_ms,0.2201,
frame_ms,0.2207,
frame_ms,0.2638,
frame_ms,0.2984,
frame_ms,0.2637,
frame_ms,0.2431,
frame_ms,0.2385,
frame_ms,0.2428,
tick_us,18,6
frame_ms,0.3099,
frame_ms,0.2779,
frame_ms,0.2461,
frame_ms,0.2406,
frame_ms,0.2387,
frame_ms,0.2614,
frame_ms,0.233,
frame_ms,0.233,
frame_ms,0.2358,
frame_ms,0.2773,
frame_ms,0.2452,
frame_ms,0.2255,
frame_ms,0.2191,
frame_ms,0.3603,
frame_ms,0.2471,
frame_ms,0.2674,
frame_ms,0.2558,
frame_ms,0.5679,
frame_ms,0.3959,
frame_ms,0.2668,
frame_ms,0.2699,
frame_ms,0.2168,
frame_ms,0.2155,
frame_ms,0.2109,
frame_ms,0.2467,
tick_us,16.6,4
frame_ms,0.2889,
frame_ms,0.2315,
frame_ms,0.2206,
frame_ms,0.21,
frame_ms,0.2351,
frame_ms,0.2447,
frame_ms,0.2137,
frame_ms,0.2546,
frame_ms,0.2311,
frame_ms,0.2157,
frame_ms,0.257,
frame_ms,0.2263,
frame_ms,0.2457,
frame_ms,0.2249,
frame_ms,0.2374,
frame_ms,0.2247,
frame_ms,0.2067,
frame_ms,0.2485,
frame_ms,0.2197,
frame_ms,0.2104,
frame_ms,0.2367,
frame_ms,0.2706,
frame_ms,0.2335,
frame_ms,0.2396,
frame_ms,0.3749,
frame_ms,0.255,
frame_ms,0.2345,
frame_ms,0.2431,
frame_ms,0.2277,
tick_us,17,4
frame_ms,0.2804,
frame_ms,0.295,
frame_ms,0.3538,
frame_ms,0.2372,
frame_ms,0.2213,
frame_ms,0.2235,
frame_ms,0.2217,
frame_ms,0.2149,
frame_ms,0.2449,
frame_ms,0.2528,
frame_ms,0.2373,
frame_ms,0.2159,
frame_ms,0.2284,
frame_ms,0.2148,
frame_ms,0.2451,
frame_ms,0.228,
frame_ms,0.2189,
frame_ms,0.2362,
frame_ms,0.2157,
frame_ms,0.2062,
frame_ms,0.2419,
frame_ms,0.2234,
frame_ms,0.2114,
frame_ms,0.4308,
frame_ms,0.3387,
frame_ms,0.2432,
frame_ms,0.2261,
frame_ms,0.2084,
tick_us,14,4
frame_ms,0.3736,
frame_ms,0.2536,
frame_ms,0.2185,
frame_ms,0.2203,
frame_ms,0.2203,
frame_ms,0.2049,
frame_ms,0.2054,
frame_ms,0.2833,
frame_ms,0.2276,
frame_ms,0.2093,
frame_ms,0.2635,
frame_ms,0.2616,
frame_ms,0.2242,
frame_ms,0.2076,
frame_ms,0.2466,
frame_ms,0.269,
frame_ms,0.257,
frame_ms,0.3697,
frame_ms,0.4111,
frame_ms,0.4197,
frame_ms,0.3963,
frame_ms,0.3997,
frame_ms,0.2893,
frame_ms,0.2746,
frame_ms,0.2515,
tick_us,16.3,4
frame_ms,0.2813,
frame_ms,0.2274,
frame_ms,0.2232,
frame_ms,0.221,
frame_ms,0.2117,
frame_ms,0.281,
frame_ms,0.2796,
frame_ms,0.2447,
frame_ms,0.2866,
frame_ms,0.2273,
frame_ms,0.2321,
frame_ms,0.2496,
frame_ms,0.2558,
frame_ms,0.2613,
frame_ms,0.2268,
frame_ms,0.235,
frame_ms,0.2157,
frame_ms,0.2113,
frame_ms,0.245,
frame_ms,0.226,
frame_ms,0.21,
frame_ms,0.2401,
frame_ms,0.2954,
frame_ms,0.2368,
frame_ms,0.244,
frame_ms,0.2221,
frame_ms,0.2139,
frame_ms,0.2125,
frame_ms,0.2636,
tick_us,15,4
frame_ms,0.3316,
frame_ms,0.2354,
frame_ms,0.2359,
frame_ms,0.2458,
frame_ms,0.2362,
frame_ms,0.2129,
frame_ms,0.2151,
frame_ms,0.2106,
frame_ms,0.2714,
frame_ms,0.2251,
frame_ms,0.2073,
frame_ms,0.247,
frame_ms,0.2264,
frame_ms,0.2276,
frame_ms,0.2357,
frame_ms,0.2323,
frame_ms,0.209,
frame_ms,0.2584,
frame_ms,0.2216,
frame_ms,0.2128,
frame_ms,0.2637,
frame_ms,0.2256,
frame_ms,0.2102,
frame_ms,0.2494,
frame_ms,0.2273,
frame_ms,0.2151,
frame_ms,0.2552,
frame_ms,0.226,
frame_ms,0.2078,
frame_ms,0.2812,
tick_us,14.5,4
frame_ms,0.3138,
frame_ms,0.2443,
frame_ms,0.2284,
frame_ms,0.2207,
frame_ms,0.2153,
frame_ms,0.2121,
frame_ms,0.2545,
frame_ms,0.2727,
frame_ms,0.2234,
frame_ms,0.2084,
frame_ms,0.2375,
frame_ms,0.2161,
frame_ms,0.206,
frame_ms,0.2441,
frame_ms,0.2207,
frame_ms,0.2104,
frame_ms,0.2548,
frame_ms,0.2265,
frame_ms,0.2306,
frame_ms,0.212,
frame_ms,0.451,
frame_ms,0.2425,
frame_ms,0.2144,
frame_ms,0.2102,
frame_ms,0.2023,
frame_ms,0.2398,
frame_ms,0.2239,
frame_ms,0.2083,
frame_ms,0.246,
tick_us,14.1,2
frame_ms,0.2759,
frame_ms,0.2265,
frame_ms,0.2203,
frame_ms,0.2049,
frame_ms,0.2466,
frame_ms,0.2163,
frame_ms,0.7725,
frame_ms,0.3778,
frame_ms,0.2737,
frame_ms,0.2177,
frame_ms,0.2168,
frame_ms,0.2121,
frame_ms,0.2403,
frame_ms,0.2135,
frame_ms,0.2062,
frame_ms,0.2491,
frame_ms,0.2194,
frame_ms,0.2108,
frame_ms,0.2435,
frame_ms,0.3096,
frame_ms,0.3455,
frame_ms,0.246,
frame_ms,0.2281,
frame_ms,0.211,
frame_ms,0.2067,
frame_ms,0.2146,
tick_us,18,2
frame_ms,0.3236,
frame_ms,0.2381,
frame_ms,0.2133,
frame_ms,0.2727,
frame_ms,0.2111,
frame_ms,0.2043,
frame_ms,0.2485,
frame_ms,0.2197,
frame_ms,0.2086,
frame_ms,0.2465,
frame_ms,0.2265,
frame_ms,0.2284,
frame_ms,0.2096,
frame_ms,0.2433,
frame_ms,0.4853,
frame_ms,0.2611,
frame_ms,0.2139,
frame_ms,0.2062,
frame_ms,0.204,
frame_ms,0.2466,
frame_ms,0.2711,
frame_ms,0.2326,
frame_ms,0.2223,
frame_ms,0.215,
frame_ms,0.2119,
frame_ms,0.2402,
frame_ms,0.2467,
frame_ms,0.2195,
frame_ms,0.2052,
tick_us,13.9,2
frame_ms,0.3186,
frame_ms,0.8929,
frame_ms,0.3448,
frame_ms,0.3972,
frame_ms,0.3366,
frame_ms,0.2213,
frame_ms,0.2141,
frame_ms,0.205,
frame_ms,0.2834,
frame_ms,0.2682,
frame_ms,0.2337,
frame_ms,0.2253,
frame_ms,0.2204,
frame_ms,0.2162,
frame_ms,0.2176,
frame_ms,0.2531,
frame_ms,0.2641,
frame_ms,0.2257,
frame_ms,0.2089,
frame_ms,0.2088,
frame_ms,0.2459,
frame_ms,0.2126,
frame_ms,0.2058,
frame_ms,0.2643,
frame_ms,0.2238,
frame_ms,0.2114,
tick_us,13.2,2
frame_ms,0.2737,
frame_ms,0.2216,
frame_ms,0.2348,
frame_ms,0.2231,
frame_ms,0.2098,
frame_ms,0.2621,
frame_ms,0.2322,
frame_ms,0.2167,
frame_ms,0.2615,
frame_ms,0.2256,
frame_ms,0.2088,
frame_ms,0.2493,
frame_ms,0.2209,
frame_ms,0.2094,
frame_ms,0.3887,
frame_ms,0.2458,
frame_ms,0.207,
frame_ms,0.2107,
frame_ms,0.2058,
frame_ms,0.2104,
frame_ms,0.2095,
frame_ms,0.2858,
frame_ms,0.2392,
frame_ms,0.2191,
frame_ms,0.2258,
frame_ms,0.3397,
frame_ms,0.2787,
frame_ms,0.2318,
tick_us,17,2
frame_ms,0.2887,
frame_ms,0.2368,
frame_ms,0.2271,
frame_ms,0.2511,
frame_ms,0.2232,
frame_ms,0.2281,
frame_ms,0.2119,
frame_ms,0.2563,
frame_ms,0.2313,
frame_ms,0.2148,
frame_ms,0.2211,
frame_ms,0.2879,
frame_ms,0.2503,
frame_ms,0.2372,
frame_ms,0.2222,
frame_ms,0.2121,
frame_ms,0.266,
frame_ms,0.2781,
frame_ms,0.2567,
frame_ms,0.2508,
frame_ms,0.2969,
frame_ms,0.278,
frame_ms,0.2499,
frame_ms,0.2253,
frame_ms,0.2181,
frame_ms,0.2188,
frame_ms,0.2193,
frame_ms,0.2468,
frame_ms,0.311,
tick_us,18.4,2
frame_ms,0.3262,
frame_ms,0.2791,
frame_ms,0.2424,
frame_ms,0.2381,
frame_ms,0.223,
frame_ms,0.2402,
frame_ms,0.2671,
frame_ms,0.2422,
frame_ms,0.2166,
frame_ms,0.2451,
frame_ms,0.2907,
frame_ms,0.2299,
frame_ms,0.224,
frame_ms,0.2152,
frame_ms,0.2106,
frame_ms,0.2713,
frame_ms,0.289,
frame_ms,0.2429,
frame_ms,0.241,
frame_ms,0.2815,
frame_ms,0.2447,
frame_ms,0.2265,
frame_ms,0.2283,
frame_ms,0.2758,
frame_ms,0.2577,
frame_ms,0.2238,
frame_ms,0.2177,
frame_ms,0.2087,
tick_us,18.8,2
frame_ms,0.3172,
frame_ms,0.2367,
frame_ms,0.2166,
frame_ms,0.207,
frame_ms,0.2096,
frame_ms,0.2929,
frame_ms,0.2373,
frame_ms,0.5864,
frame_ms,0.2424,
frame_ms,0.2126,
frame_ms,0.2171,
frame_ms,0.212,
frame_ms,0.2276,
frame_ms,0.2167,
frame_ms,0.2041,
frame_ms,0.265,
frame_ms,0.2248,
frame_ms,0.2062,
frame_ms,0.2538,
frame_ms,0.2217,
frame_ms,0.2124,
frame_ms,0.2483,
frame_ms,0.2958,
frame_ms,0.27,
frame_ms,0.3739,
frame_ms,0.2982,
frame_ms,0.2545,
tick_us,17,2
frame_ms,0.3034,
frame_ms,0.2431,
frame_ms,0.2205,
frame_ms,0.213,
frame_ms,0.2244,
frame_ms,0.2387,
frame_ms,0.2107,
frame_ms,0.2671,
frame_ms,0.2672,
frame_ms,0.2299,
frame_ms,0.2198,
frame_ms,0.4027,
frame_ms,0.3546,
frame_ms,0.4061,
frame_ms,0.3682,
frame_ms,0.3533,
frame_ms,0.3714,
frame_ms,0.4063,
frame_ms,0.279,
frame_ms,0.2284,
frame_ms,0.211,
frame_ms,0.2178,
frame_ms,0.215,
frame_ms,0.2303,
frame_ms,0.2914,
tick_us,14.3,4
frame_ms,0.2864,
frame_ms,0.2459,
frame_ms,0.2331,
frame_ms,0.2255,
frame_ms,0.2158,
frame_ms,0.2505,
frame_ms,0.2219,
frame_ms,0.2086,
frame_ms,0.2471,
frame_ms,0.2257,
frame_ms,0.2125,
frame_ms,0.2533,
frame_ms,0.2685,
frame_ms,0.2312,
frame_ms,0.2238,
frame_ms,0.217,
frame_ms,0.2244,
frame_ms,0.2127,
frame_ms,0.2531,
frame_ms,0.2458,
frame_ms,0.2196,
frame_ms,0.2588,
frame_ms,0.2276,
frame_ms,0.2134,
frame_ms,0.2837,
frame_ms,0.2649,
frame_ms,0.2282,
frame_ms,0.2148,
frame_ms,0.2371,
tick_us,13.7,6
frame_ms,0.2655,
frame_ms,0.2299,
frame_ms,0.2205,
frame_ms,0.2153,
frame_ms,0.2339,
frame_ms,0.2369,
frame_ms,0.2912,
frame_ms,0.3169,
frame_ms,0.2788,
frame_ms,0.2389,
frame_ms,0.2381,
frame_ms,0.225,
frame_ms,0.2156,
frame_ms,0.2603,
frame_ms,0.2596,
frame_ms,0.2245,
frame_ms,0.2124,
frame_ms,0.2069,
frame_ms,0.277,
frame_ms,0.2264,
frame_ms,0.2102,
frame_ms,0.273,
frame_ms,0.2828,
frame_ms,0.2667,
frame_ms,0.2488,
frame_ms,0.2472,
frame_ms,0.2302,
frame_ms,0.2268,
tick_us,21.6,6
frame_ms,0.3919,
frame_ms,0.3238,
frame_ms,0.2596,
frame_ms,0.2102,
frame_ms,0.215,
frame_ms,0.2096,
frame_ms,0.212,
frame_ms,0.2432,
frame_ms,0.2292,
frame_ms,0.2142,
frame_ms,0.2105,
frame_ms,0.2549,
frame_ms,0.3462,
frame_ms,0.2634,
frame_ms,0.2218,
frame_ms,0.2131,
frame_ms,0.2051,
frame_ms,0.26,
frame_ms,0.226,
frame_ms,0.2088,
frame_ms,0.2462,
frame_ms,0.2241,
frame_ms,0.2054,
frame_ms,0.2543,
frame_ms,0.2257,
frame_ms,0.2094,
frame_ms,0.2467,
frame_ms,0.2198,
frame_ms,0.2238,
tick_us,14.1,6
frame_ms,0.2764,
frame_ms,0.2925,
frame_ms,0.2632,
frame_ms,0.2325,
frame_ms,0.239,
frame_ms,0.2503,
frame_ms,0.2502,
frame_ms,0.2163,
frame_ms,0.2066,
frame_ms,0.2722,
frame_ms,0.2266,
frame_ms,0.2079,
frame_ms,0.2449,
frame_ms,0.2268,
frame_ms,0.3089,
frame_ms,0.2346,
frame_ms,0.2206,
frame_ms,0.2041,
frame_ms,0.2365,
frame_ms,0.2289,
frame_ms,0.243,
frame_ms,0.2321,
frame_ms,0.2091,
frame_ms,0.2354,
frame_ms,0.2616,
frame_ms,0.2099,
frame_ms,0.2073,
frame_ms,0.2561,
frame_ms,0.2903,
tick_us,13.9,6
frame_ms,0.2696,
frame_ms,0.2244,
frame_ms,0.22,
frame_ms,0.2024,
frame_ms,0.2024,
frame_ms,0.3438,
frame_ms,0.4429,
frame_ms,0.2775,
frame_ms,0.237,
frame_ms,0.2184,
frame_ms,0.2605,
frame_ms,0.2213,
frame_ms,0.2645,
frame_ms,0.2301,
frame_ms,0.2043,
frame_ms,0.2524,
frame_ms,0.2256,
frame_ms,0.2007,
frame_ms,0.2474,
frame_ms,0.225,
frame_ms,0.208,
frame_ms,0.2541,
frame_ms,0.2191,
frame_ms,0.3573,
frame_ms,0.2666,
frame_ms,0.2398,
frame_ms,0.2206,
frame_ms,0.2378,
tick_us,17.5,6
frame_ms,0.2889,
frame_ms,0.2398,
frame_ms,0.2633,
frame_ms,0.2503,
frame_ms,0.2181,
frame_ms,0.2406,
frame_ms,0.2222,
frame_ms,0.2102,
frame_ms,0.2299,
frame_ms,0.2578,
frame_ms,0.2303,
frame_ms,0.2181,
frame_ms,0.2236,
frame_ms,0.2545,
frame_ms,0.3545,
frame_ms,0.2288,
frame_ms,0.2253,
frame_ms,0.2201,
frame_ms,0.2068,
frame_ms,0.213,
frame_ms,0.2979,
frame_ms,0.4302,
frame_ms,0.316,
frame_ms,0.2561,
frame_ms,0.2427,
frame_ms,0.2398,
frame_ms,0.2365,
tick_us,18,6
frame_ms,0.3228,
frame_ms,0.2895,
frame_ms,0.3047,
frame_ms,0.231,
frame_ms,0.2364,
frame_ms,0.2449,
frame_ms,0.2246,
frame_ms,0.2214,
frame_ms,0.2324,
frame_ms,0.4558,
frame_ms,0.4493,
frame_ms,0.343,
frame_ms,0.3669,
frame_ms,0.27,
frame_ms,0.2214,
frame_ms,0.2226,
frame_ms,0.2455,
frame_ms,0.2397,
frame_ms,0.2237,
frame_ms,0.2504,
frame_ms,0.2786,
frame_ms,0.2309,
frame_ms,0.2213,
frame_ms,0.21,
frame_ms,0.2266,
frame_ms,0.2453,
tick_us,16.2,4
frame_ms,0.2812,
frame_ms,0.2296,
frame_ms,0.2121,
frame_ms,0.2111,
frame_ms,0.2475,
frame_ms,0.2469,
frame_ms,0.2142,
frame_ms,0.6589,
frame_ms,0.2647,
frame_ms,0.2222,
frame_ms,0.2173,
frame_ms,0.2337,
frame_ms,0.2236,
frame_ms,0.2076,
frame_ms,0.2623,
frame_ms,0.2267,
frame_ms,0.2075,
frame_ms,0.2499,
frame_ms,0.2215,
frame_ms,0.2103,
frame_ms,0.2159,
frame_ms,0.2434,
frame_ms,0.2252,
frame_ms,0.2146,
frame_ms,0.26,
frame_ms,0.2937,
frame_ms,0.2617,
frame_ms,0.2908,
tick_us,16.4,4
frame_ms,0.2909,
frame_ms,0.2367,
frame_ms,0.2429,
frame_ms,0.2509,
frame_ms,0.2371,
frame_ms,0.2224,
frame_ms,0.2153,
frame_ms,0.2097,
frame_ms,0.2451,
frame_ms,0.2579,
frame_ms,0.2224,
frame_ms,0.2139,
frame_ms,0.2121,
frame_ms,0.2744,
frame_ms,0.2783,
frame_ms,0.2316,
frame_ms,0.2235,
frame_ms,0.2159,
frame_ms,0.2234,
frame_ms,0.2627,
frame_ms,0.2502,
frame_ms,0.2198,
frame_ms,0.208,
frame_ms,0.2496,
frame_ms,0.2205,
frame_ms,0.2106,
frame_ms,0.2218,
frame_ms,0.2096,
frame_ms,0.2021,
tick_us,16.6,4
frame_ms,0.3334,
frame_ms,0.3151,
frame_ms,0.2481,
frame_ms,0.2189,
frame_ms,0.2255,
frame_ms,0.2248,
frame_ms,0.2172,
frame_ms,0.2457,
frame_ms,0.2415,
frame_ms,0.2171,
frame_ms,0.2187,
frame_ms,0.2517,
frame_ms,0.2265,
frame_ms,0.2094,
frame_ms,0.219,
frame_ms,0.2437,
frame_ms,0.2175,
frame_ms,0.2226,
frame_ms,0.2079,
frame_ms,0.2601,
frame_ms,0.2365,
frame_ms,0.2224,
frame_ms,0.2082,
frame_ms,0.2557,
frame_ms,0.2324,
frame_ms,0.259,
frame_ms,0.4709,
frame_ms,0.2864,
frame_ms,0.232,
tick_us,16.4,4
frame_ms,0.2783,
frame_ms,0.2392,
frame_ms,0.2253,
frame_ms,0.2174,
frame_ms,0.211,
frame_ms,0.2471,
frame_ms,0.222,
frame_ms,0.2573,
frame_ms,0.2762,
frame_ms,0.2234,
frame_ms,0.3712,
frame_ms,0.2644,
frame_ms,0.2221,
frame_ms,0.2143,
frame_ms,0.2082,
frame_ms,0.2498,
frame_ms,0.243,
frame_ms,0.2052,
frame_ms,0.221,
frame_ms,0.2464,
frame_ms,0.2213,
frame_ms,0.2097,
frame_ms,0.27,
frame_ms,0.2217,
frame_ms,0.3268,
frame_ms,0.2808,
frame_ms,0.2534,
frame_ms,0.2376,
tick_us,15.7,4
frame_ms,0.3006,
frame_ms,0.2442,
frame_ms,0.2324,
frame_ms,0.2534,
frame_ms,0.2399,
frame_ms,0.2182,
frame_ms,0.21,
frame_ms,0.2469,
frame_ms,0.2207,
frame_ms,0.2077,
frame_ms,0.2559,
frame_ms,0.3126,
frame_ms,0.2892,
frame_ms,0.2607,
frame_ms,0.2471,
frame_ms,0.2536,
frame_ms,0.2722,
frame_ms,0.3106,
frame_ms,0.2423,
frame_ms,0.2378,
frame_ms,0.2386,
frame_ms,0.2399,
frame_ms,0.2433,
frame_ms,0.2372,
frame_ms,0.2391,
frame_ms,0.2566,
frame_ms,0.2578,
frame_ms,0.2343,
tick_us,14.8,4
frame_ms,0.2823,
frame_ms,0.2358,
frame_ms,0.224,
frame_ms,0.2207,
frame_ms,0.2147,
frame_ms,0.234,
frame_ms,0.2875,
frame_ms,0.3872,
frame_ms,0.3697,
frame_ms,0.2919,
frame_ms,0.2274,
frame_ms,0.2141,
frame_ms,0.2134,
frame_ms,0.2181,
frame_ms,0.2126,
frame_ms,0.2919,
frame_ms,0.279,
frame_ms,0.2423,
frame_ms,0.4281,
frame_ms,0.3456,
frame_ms,0.2571,
frame_ms,0.2118,
frame_ms,0.2173,
frame_ms,0.2181,
frame_ms,0.2089,
frame_ms,0.2352,
frame_ms,0.2308,
tick_us,16.8,4
frame_ms,0.2705,
frame_ms,0.2167,
frame_ms,0.2061,
frame_ms,0.2746,
frame_ms,0.2308,
frame_ms,0.208,
frame_ms,0.8819,
frame_ms,0.2445,
frame_ms,0.2142,
frame_ms,0.214,
frame_ms,0.2157,
frame_ms,0.2531,
frame_ms,0.2034,
frame_ms,0.2522,
frame_ms,0.2221,
frame_ms,0.2052,
frame_ms,0.2694,
frame_ms,0.292,
frame_ms,0.2339,
frame_ms,0.226,
frame_ms,0.2225,
frame_ms,0.2398,
frame_ms,0.2237,
frame_ms,0.3323,
frame_ms,0.2749,
frame_ms,0.2255,
tick_us,15,6
frame_ms,0.2781,
frame_ms,0.2248,
frame_ms,0.2159,
frame_ms,0.2042,
frame_ms,0.2157,
frame_ms,0.2649,
frame_ms,0.2252,
frame_ms,0.2085,
frame_ms,0.2757,
frame_ms,0.2311,
frame_ms,0.21,
frame_ms,0.2668,
frame_ms,0.2207,
frame_ms,0.4965,
frame_ms,0.4219,
frame_ms,0.3873,
frame_ms,0.3979,
frame_ms,0.2922,
frame_ms,0.2998,
frame_ms,0.3442,
frame_ms,0.3492,
frame_ms,0.3387,
frame_ms,0.3339,
tick_us,14.6,8
frame_ms,0.6919,
frame_ms,0.2916,
frame_ms,0.265,
frame_ms,0.2283,
frame_ms,0.2256,
frame_ms,0.2166,
frame_ms,0.3019,
frame_ms,0.4265,
frame_ms,0.2522,
frame_ms,0.2407,
frame_ms,0.2382,
frame_ms,0.2414,
frame_ms,0.2848,
frame_ms,0.2473,
frame_ms,0.2445,
frame_ms,0.2516,
frame_ms,0.2395,
frame_ms,0.2205,
frame_ms,0.2195,
frame_ms,0.2092,
frame_ms,0.2659,
frame_ms,0.2354,
frame_ms,0.2127,
frame_ms,0.2479,
frame_ms,0.2226,
frame_ms,0.2091,
frame_ms,0.2591,
tick_us,14.9,8
frame_ms,0.2832,
frame_ms,0.2355,
frame_ms,0.2201,
frame_ms,0.2063,
frame_ms,0.2453,
frame_ms,0.2293,
frame_ms,0.2175,
frame_ms,0.2753,
frame_ms,0.3286,
frame_ms,0.2746,
frame_ms,0.2274,
frame_ms,0.221,
frame_ms,0.2303,
frame_ms,0.21,
frame_ms,0.243,
frame_ms,0.2481,
frame_ms,0.2177,
frame_ms,0.207,
frame_ms,0.2661,
frame_ms,0.2266,
frame_ms,0.2114,
frame_ms,0.275,
frame_ms,0.2505,
frame_ms,0.2104,
frame_ms,0.2321,
frame_ms,0.6009,
frame_ms,0.244,
tick_us,14.1,10
frame_ms,0.2638,
frame_ms,0.2255,
frame_ms,0.2192,
frame_ms,0.2077,
frame_ms,0.2358,
frame_ms,0.2179,
frame_ms,0.2404,
frame_ms,0.2305,
frame_ms,0.2078,
frame_ms,0.2476,
frame_ms,0.2244,
frame_ms,0.2079,
frame_ms,0.2815,
frame_ms,0.263,
frame_ms,0.3174,
frame_ms,0.243,
frame_ms,0.2266,
frame_ms,0.2238,
frame_ms,0.2196,
frame_ms,0.2788,
frame_ms,0.2454,
frame_ms,0.253,
frame_ms,0.223,
frame_ms,0.2125,
frame_ms,0.2197,
frame_ms,0.2449,
frame_ms,0.2218,
frame_ms,0.211,
frame_ms,0.2518,
frame_ms,0.2439,
tick_us,15.4,8
frame_ms,0.2746,
frame_ms,0.233,
frame_ms,0.3011,
frame_ms,0.2377,
frame_ms,0.2188,
frame_ms,0.2183,
frame_ms,0.2844,
frame_ms,0.2231,
frame_ms,0.2082,
frame_ms,0.2748,
frame_ms,0.2208,
frame_ms,0.2091,
frame_ms,0.2157,
frame_ms,0.2451,
frame_ms,0.2195,
frame_ms,0.209,
frame_ms,0.271,
frame_ms,0.2662,
frame_ms,0.2434,
frame_ms,0.2557,
frame_ms,0.2418,
frame_ms,0.2332,
frame_ms,0.2662,
frame_ms,0.2347,
frame_ms,0.2231,
frame_ms,0.2247,
frame_ms,0.2962,
frame_ms,0.2301,
tick_us,16.3,6
frame_ms,0.2811,
frame_ms,0.2215,
frame_ms,0.2167,
frame_ms,0.2113,
frame_ms,0.2336,
frame_ms,0.2168,
frame_ms,0.2567,
frame_ms,0.5941,
frame_ms,0.2869,
frame_ms,0.2526,
frame_ms,0.231,
frame_ms,0.4614,
frame_ms,0.2862,
frame_ms,0.2452,
frame_ms,0.2094,
frame_ms,0.2148,
frame_ms,0.2077,
frame_ms,0.2663,
frame_ms,0.2584,
frame_ms,0.2311,
frame_ms,0.2482,
frame_ms,0.2457,
frame_ms,0.2217,
frame_ms,0.3142,
frame_ms,0.2286,
frame_ms,0.2097,
frame_ms,0.2072,
tick_us,16.1,6
frame_ms,0.3241,
frame_ms,0.2606,
frame_ms,0.2257,
frame_ms,0.2189,
frame_ms,0.2194,
frame_ms,0.2129,
frame_ms,0.2436,
frame_ms,0.2231,
frame_ms,0.2138,
frame_ms,0.2499,
frame_ms,0.2273,
frame_ms,0.2106,
frame_ms,0.286,
frame_ms,0.2448,
frame_ms,0.3922,
frame_ms,0.4279,
frame_ms,0.3447,
frame_ms,0.3477,
frame_ms,0.3367,
frame_ms,0.3328,
frame_ms,0.3335,
frame_ms,0.347,
frame_ms,0.2758,
frame_ms,0.2354,
frame_ms,0.2225,
tick_us,14.8,6
frame_ms,0.274,
frame_ms,0.2593,
frame_ms,0.2863,
frame_ms,0.4133,
frame_ms,0.2915,
frame_ms,0.2338,
frame_ms,0.2103,
frame_ms,0.2186,
frame_ms,0.212,
frame_ms,0.2381,
frame_ms,0.2254,
frame_ms,0.211,
frame_ms,0.2196,
frame_ms,0.2167,
frame_ms,0.2096,
frame_ms,0.2663,
frame_ms,0.2428,
frame_ms,0.3569,
frame_ms,0.2618,
frame_ms,0.2499,
frame_ms,0.2229,
frame_ms,0.2148,
frame_ms,0.22,
frame_ms,0.2107,
frame_ms,0.2753,
frame_ms,0.228,
frame_ms,0.2107,
frame_ms,0.2672,
tick_us,14.7,4
frame_ms,0.2826,
frame_ms,0.2272,
frame_ms,0.2115,
frame_ms,0.241,
frame_ms,0.2211,
frame_ms,0.2133,
frame_ms,0.2444,
frame_ms,0.4065,
frame_ms,0.2722,
frame_ms,0.2386,
frame_ms,0.2254,
frame_ms,0.2219,
frame_ms,0.2274,
frame_ms,0.2397,
frame_ms,0.2094,
frame_ms,0.2845,
frame_ms,0.2279,
frame_ms,0.2624,
frame_ms,0.2271,
frame_ms,0.2146,
frame_ms,0.2507,
frame_ms,0.2266,
frame_ms,0.2091,
frame_ms,0.2524,
frame_ms,0.2217,
frame_ms,0.4755,
frame_ms,0.3909,
tick_us,15.6,4
frame_ms,0.3358,
frame_ms,0.2489,
frame_ms,0.2899,
frame_ms,0.2117,
frame_ms,0.2176,
frame_ms,0.28,
frame_ms,0.2344,
frame_ms,0.2197,
frame_ms,0.208,
frame_ms,0.2411,
frame_ms,0.2861,
frame_ms,0.2444,
frame_ms,0.2341,
frame_ms,0.2542,
frame_ms,0.2361,
frame_ms,0.2091,
frame_ms,0.2104,
frame_ms,0.2865,
frame_ms,0.2606,
frame_ms,0.2254,
frame_ms,0.2137,
frame_ms,0.2101,
frame_ms,0.2729,
frame_ms,0.2267,
frame_ms,0.2145,
frame_ms,0.2469,
frame_ms,0.2594,
frame_ms,0.225,
frame_ms,0.2139,
tick_us,14.9,4
frame_ms,0.3229,
frame_ms,0.3019,
frame_ms,0.2502,
frame_ms,0.2191,
frame_ms,0.2333,
frame_ms,0.218,
frame_ms,0.2102,
frame_ms,0.2448,
frame_ms,0.2218,
frame_ms,0.2106,
frame_ms,0.2197,
frame_ms,0.2456,
frame_ms,0.2207,
frame_ms,0.2148,
frame_ms,0.2516,
frame_ms,0.2227,
frame_ms,0.2264,
frame_ms,0.2452,
frame_ms,0.2779,
frame_ms,0.3112,
frame_ms,0.2333,
frame_ms,0.2237,
frame_ms,0.2509,
frame_ms,0.2184,
frame_ms,0.218,
frame_ms,0.214,
frame_ms,0.2148,
frame_ms,0.3139,
tick_us,14.4,4
frame_ms,0.3208,
frame_ms,0.2354,
frame_ms,0.2242,
frame_ms,0.215,
frame_ms,0.2096,
frame_ms,0.2974,
frame_ms,0.2835,
frame_ms,0.2785,
frame_ms,0.2651,
frame_ms,0.2389,
frame_ms,0.2222,
frame_ms,0.234,
frame_ms,0.2064,
frame_ms,0.207,
frame_ms,0.2551,
frame_ms,0.2261,
frame_ms,0.2102,
frame_ms,0.2737,
frame_ms,0.2334,
frame_ms,0.2062,
frame_ms,0.2541,
frame_ms,0.2264,
frame_ms,0.2059,
frame_ms,0.223,
frame_ms,0.7524,
frame_ms,0.2552,
frame_ms,0.2633,
tick_us,13.6,4
frame_ms,0.2912,
frame_ms,0.2343,
frame_ms,0.2652,
frame_ms,0.2331,
frame_ms,0.2149,
frame_ms,0.2088,
frame_ms,0.2248,
frame_ms,0.2048,
frame_ms,0.2823,
frame_ms,0.2287,
frame_ms,0.2113,
frame_ms,0.2682,
frame_ms,0.231,
frame_ms,0.2263,
frame_ms,0.2107,
frame_ms,0.2286,
frame_ms,0.2274,
frame_ms,0.2675,
frame_ms,0.2312,
frame_ms,0.205,
frame_ms,0.2432,
frame_ms,0.2225,
frame_ms,0.2047,
frame_ms,0.2494,
frame_ms,0.2219,
frame_ms,0.2072,
frame_ms,0.2782,
frame_ms,0.2232,
frame_ms,0.2062,
tick_us,20.3,4
frame_ms,0.5958,
frame_ms,0.5319,
frame_ms,0.337,
frame_ms,0.3895,
frame_ms,0.3271,
frame_ms,0.2492,
frame_ms,0.2295,
frame_ms,0.2213,
frame_ms,0.2175,
frame_ms,0.2085,
frame_ms,0.2668,
frame_ms,0.224,
frame_ms,0.2715,
frame_ms,0.2241,
frame_ms,0.2379,
frame_ms,0.2307,
frame_ms,0.2344,
frame_ms,0.2592,
frame_ms,0.2268,
frame_ms,0.2068,
frame_ms,0.4313,
frame_ms,0.3649,
frame_ms,0.3411,
frame_ms,0.3501,
tick_us,16,4
frame_ms,0.3992,
frame_ms,0.3791,
frame_ms,0.2841,
frame_ms,0.3576,
frame_ms,0.2942,
frame_ms,0.5729,
frame_ms,0.2999,
frame_ms,0.3273,
frame_ms,0.25,
frame_ms,0.2203,
frame_ms,0.2204,
frame_ms,0.2233,
frame_ms,0.227,
frame_ms,0.227,
frame_ms,0.2159,
frame_ms,0.2715,
frame_ms,0.2633,
frame_ms,0.2283,
frame_ms,0.2291,
frame_ms,0.2072,
frame_ms,0.2533,
frame_ms,0.2418,
frame_ms,0.3061,
frame_ms,0.2642,
frame_ms,0.2333,
tick_us,17.7,6
frame_ms,0.3047,
frame_ms,0.2365,
frame_ms,0.2203,
frame_ms,0.2157,
frame_ms,0.2351,
frame_ms,0.2402,
frame_ms,0.2308,
frame_ms,0.2132,
frame_ms,0.2048,
frame_ms,0.2624,
frame_ms,0.2217,
frame_ms,0.215,
frame_ms,0.2494,
frame_ms,0.2329,
frame_ms,0.2136,
frame_ms,0.2419,
frame_ms,0.2278,
frame_ms,0.214,
frame_ms,0.213,
frame_ms,0.276,
frame_ms,0.2245,
frame_ms,0.206,
frame_ms,0.2303,
frame_ms,0.2148,
frame_ms,0.2157,
frame_ms,0.208,
frame_ms,0.2836,
frame_ms,0.2245,
frame_ms,0.2068,
frame_ms,0.2978,
tick_us,15.8,8
frame_ms,0.3235,
frame_ms,0.2805,
frame_ms,0.2273,
frame_ms,0.216,
frame_ms,0.234,
frame_ms,0.2509,
frame_ms,0.216,
frame_ms,0.2435,
frame_ms,0.2231,
frame_ms,0.2111,
frame_ms,0.2284,
frame_ms,0.2217,
frame_ms,0.2109,
frame_ms,0.2934,
frame_ms,0.3101,
frame_ms,0.2752,
frame_ms,0.3828,
frame_ms,0.3468,
frame_ms,0.5356,
frame_ms,0.4414,
frame_ms,0.249,
frame_ms,0.2301,
frame_ms,0.2345,
frame_ms,0.2361,
frame_ms,0.2344,
tick_us,16.7,8
frame_ms,0.2935,
frame_ms,0.2402,
frame_ms,0.267,
frame_ms,0.296,
frame_ms,0.2673,
frame_ms,0.2254,
frame_ms,0.2335,
frame_ms,0.2532,
frame_ms,0.2246,
frame_ms,0.2164,
frame_ms,0.2225,
frame_ms,0.225,
frame_ms,0.2222,
frame_ms,0.2053,
frame_ms,0.2593,
frame_ms,0.2227,
frame_ms,0.2112,
frame_ms,0.247,
frame_ms,0.2281,
frame_ms,0.2074,
frame_ms,0.2463,
frame_ms,0.2257,
frame_ms,0.2759,
frame_ms,0.3051,
frame_ms,0.7979,
frame_ms,0.3964,
tick_us,16.8,8
frame_ms,0.4548,
frame_ms,0.3499,
frame_ms,0.2407,
frame_ms,0.2154,
frame_ms,0.2137,
frame_ms,0.2122,
frame_ms,0.2081,
frame_ms,0.2501,
frame_ms,0.2275,
frame_ms,0.2103,
frame_ms,0.2387,
frame_ms,0.23,
frame_ms,0.2237,
frame_ms,0.2773,
frame_ms,0.268,
frame_ms,0.2373,
frame_ms,0.2353,
frame_ms,0.2266,
frame_ms,0.2565,
frame_ms,0.4128,
frame_ms,0.3279,
frame_ms,0.2414,
frame_ms,0.2165,
frame_ms,0.2197,
frame_ms,0.2212,
frame_ms,0.215,
frame_ms,0.2865,
tick_us,16.4,8
frame_ms,0.3952,
frame_ms,0.2852,
frame_ms,0.2445,
frame_ms,0.2468,
frame_ms,0.2327,
frame_ms,0.2609,
frame_ms,0.3399,
frame_ms,0.2564,
frame_ms,0.2154,
frame_ms,0.2215,
frame_ms,0.2152,
frame_ms,0.2104,
frame_ms,0.2123,
frame_ms,0.2161,
frame_ms,0.2815,
frame_ms,0.3048,
frame_ms,0.2204,
frame_ms,0.2214,
frame_ms,0.238,
frame_ms,0.2315,
frame_ms,0.2043,
frame_ms,0.2389,
frame_ms,0.2217,
frame_ms,0.2082,
frame_ms,0.2762,
frame_ms,0.2276,
frame_ms,0.2083,
frame_ms,0.2178,
tick_us,16.6,8
frame_ms,0.3037,
frame_ms,0.2288,
frame_ms,0.2126,
frame_ms,0.2096,
frame_ms,0.2402,
frame_ms,0.2387,
frame_ms,0.2093,
frame_ms,0.3698,
frame_ms,0.2426,
frame_ms,0.2182,
frame_ms,0.2097,
frame_ms,0.2075,
frame_ms,0.2551,
frame_ms,0.2352,
frame_ms,0.2106,
frame_ms,0.2509,
frame_ms,0.2212,
frame_ms,0.2112,
frame_ms,0.2372,
frame_ms,0.2731,
frame_ms,0.2357,
frame_ms,0.2237,
frame_ms,0.218,
frame_ms,0.2183,
frame_ms,0.2468,
frame_ms,0.259,
frame_ms,0.2283,
frame_ms,0.2153,
frame_ms,0.2295,
tick_us,16.5,8
frame_ms,0.3161,
frame_ms,0.4791,
frame_ms,0.3522,
frame_ms,0.2542,
frame_ms,0.2196,
frame_ms,0.213,
frame_ms,0.2182,
frame_ms,0.2083,
frame_ms,0.2075,
frame_ms,0.2185,
frame_ms,0.299,
frame_ms,0.3327,
frame_ms,0.3252,
frame_ms,0.2429,
frame_ms,0.2358,
frame_ms,0.2397,
frame_ms,0.2888,
frame_ms,0.2501,
frame_ms,0.2215,
frame_ms,0.2191,
frame_ms,0.2104,
frame_ms,0.2408,
frame_ms,0.2093,
frame_ms,0.2032,
frame_ms,0.2665,
frame_ms,0.226,
frame_ms,0.2067,
tick_us,18.6,8
frame_ms,0.3487,
frame_ms,0.2729,
frame_ms,0.2332,
frame_ms,0.233,
frame_ms,0.2454,
frame_ms,0.2347,
frame_ms,0.2364,
frame_ms,0.2826,
frame_ms,0.2353,
frame_ms,0.2173,
frame_ms,0.2116,
frame_ms,0.2439,
frame_ms,0.2264,
frame_ms,0.2106,
frame_ms,0.2251,
frame_ms,0.2151,
frame_ms,0.2058,
frame_ms,0.2923,
frame_ms,0.2785,
frame_ms,0.2404,
frame_ms,0.2232,
frame_ms,0.2219,
frame_ms,0.2189,
frame_ms,0.2533,
frame_ms,0.2685,
frame_ms,0.2359,
frame_ms,0.2199,
frame_ms,0.2128,
frame_ms,0.2503,
tick_us,16.6,6
frame_ms,0.2888,
frame_ms,0.235,
frame_ms,0.2282,
frame_ms,0.2247,
frame_ms,0.2091,
frame_ms,0.2884,
frame_ms,0.2602,
frame_ms,0.257,
frame_ms,0.5657,
frame_ms,0.2745,
frame_ms,0.2192,
frame_ms,0.2202,
frame_ms,0.2072,
frame_ms,0.2363,
frame_ms,0.221,
frame_ms,0.2122,
frame_ms,0.2749,
frame_ms,0.2294,
frame_ms,0.209,
frame_ms,0.2658,
frame_ms,0.2608,
frame_ms,0.3184,
frame_ms,0.3093,
frame_ms,0.2677,
frame_ms,0.2358,
frame_ms,0.2334,
frame_ms,0.2428,
tick_us,18.1,6
frame_ms,0.2906,
frame_ms,0.3094,
frame_ms,0.3257,
frame_ms,0.21,
frame_ms,0.2196,
frame_ms,0.2132,
frame_ms,0.2095,
frame_ms,0.2218,
frame_ms,0.2226,
frame_ms,0.2109,
frame_ms,0.2191,
frame_ms,0.2672,
frame_ms,0.5106,
frame_ms,0.2779,
frame_ms,0.24,
frame_ms,0.2283,
frame_ms,0.2982,
frame_ms,0.323,
frame_ms,0.255,
frame_ms,0.2664,
frame_ms,0.2245,
frame_ms,0.2197,
frame_ms,0.2207,
frame_ms,0.2144,
frame_ms,0.2393,
frame_ms,0.2495,
frame_ms,0.2197,
tick_us,17.7,6
frame_ms,0.2772,
frame_ms,0.227,
frame_ms,0.2256,
frame_ms,0.3056,
frame_ms,0.2488,
frame_ms,0.2185,
frame_ms,0.2247,
frame_ms,0.2529,
frame_ms,0.2223,
frame_ms,0.2119,
frame_ms,0.2065,
frame_ms,0.2427,
frame_ms,0.2497,
frame_ms,0.2089,
frame_ms,0.3378,
frame_ms,0.3965,
frame_ms,0.3924,
frame_ms,0.4495,
frame_ms,0.2642,
frame_ms,0.2487,
frame_ms,0.2384,
frame_ms,0.2315,
frame_ms,0.2332,
frame_ms,0.256,
frame_ms,0.2882,
frame_ms,0.2478,
frame_ms,0.2167,
tick_us,16.5,6
frame_ms,0.2819,
frame_ms,0.2316,
frame_ms,0.2137,
frame_ms,0.247,
frame_ms,0.3149,
frame_ms,0.2745,
frame_ms,0.2606,
frame_ms,0.2472,
frame_ms,0.2445,
frame_ms,0.2396,
frame_ms,0.239,
frame_ms,0.2866,
frame_ms,0.3496,
frame_ms,0.2213,
frame_ms,0.2222,
frame_ms,0.2183,
frame_ms,0.2134,
frame_ms,0.2455,
frame_ms,0.2241,
frame_ms,0.2113,
frame_ms,0.2561,
frame_ms,0.2806,
frame_ms,0.2387,
frame_ms,0.2402,
frame_ms,0.2469,
frame_ms,0.2147,
frame_ms,0.2172,
frame_ms,0.2193,
tick_us,20.5,8
frame_ms,0.3378,
frame_ms,0.2605,
frame_ms,0.2175,
frame_ms,0.2168,
frame_ms,0.2104,
frame_ms,0.2368,
frame_ms,0.2276,
frame_ms,0.2097,
frame_ms,0.2513,
frame_ms,0.2259,
frame_ms,0.215,
frame_ms,0.2848,
frame_ms,0.2475,
frame_ms,0.2331,
frame_ms,0.2818,
frame_ms,0.233,
frame_ms,0.2176,
frame_ms,0.2706,
frame_ms,0.2269,
frame_ms,0.2125,
frame_ms,0.2717,
frame_ms,0.2248,
frame_ms,0.2098,
frame_ms,0.2164,
frame_ms,0.249,
frame_ms,0.2177,
frame_ms,0.3791,
frame_ms,0.3346,
tick_us,17.1,8
frame_ms,0.3056,
frame_ms,0.2683,
frame_ms,0.2567,
frame_ms,0.2412,
frame_ms,0.2652,
frame_ms,0.2257,
frame_ms,0.233,
frame_ms,0.223,
frame_ms,0.2549,
frame_ms,0.2554,
frame_ms,0.227,
frame_ms,0.2199,
frame_ms,0.2077,
frame_ms,0.2634,
frame_ms,0.2634,
frame_ms,0.227,
frame_ms,0.2881,
frame_ms,0.2773,
frame_ms,0.3455,
frame_ms,0.2409,
frame_ms,0.238,
frame_ms,0.2389,
frame_ms,0.2838,
frame_ms,0.3534,
frame_ms,0.2519,
frame_ms,0.2087,
frame_ms,0.2228,
tick_us,16,8
frame_ms,0.2687,
frame_ms,0.2253,
frame_ms,0.2223,
frame_ms,0.2098,
frame_ms,0.2572,
frame_ms,0.2478,
frame_ms,0.2082,
frame_ms,0.2258,
frame_ms,0.3111,
frame_ms,0.2448,
frame_ms,0.2119,
frame_ms,0.2193,
frame_ms,0.2599,
frame_ms,0.2368,
frame_ms,0.2116,
frame_ms,0.207,
frame_ms,0.2653,
frame_ms,0.2242,
frame_ms,0.209,
frame_ms,0.2399,
frame_ms,0.2207,
frame_ms,0.2143,
frame_ms,0.2396,
frame_ms,0.2872,
frame_ms,0.2245,
frame_ms,0.2206,
frame_ms,0.2104,
frame_ms,0.2527,
frame_ms,0.2225,
frame_ms,0.2109,
tick_us,14.2,8
frame_ms,0.2747,
frame_ms,0.2199,
frame_ms,0.2092,
frame_ms,0.202,
frame_ms,0.2415,
frame_ms,0.2236,
frame_ms,0.276,
frame_ms,0.2467,
frame_ms,0.218,
frame_ms,0.2332,
frame_ms,0.2139,
frame_ms,0.3278,
frame_ms,0.393,
frame_ms,0.4319,
frame_ms,0.3893,
frame_ms,0.3464,
frame_ms,0.3367,
frame_ms,0.3417,
frame_ms,0.253,
frame_ms,0.2117,
frame_ms,0.2153,
frame_ms,0.2113,
frame_ms,0.2892,
frame_ms,0.2178,
frame_ms,0.2036,
frame_ms,0.259,
tick_us,15,8
frame_ms,0.2703,
frame_ms,0.2419,
frame_ms,0.2156,
frame_ms,0.2187,
frame_ms,0.244,
frame_ms,0.24,
frame_ms,0.3019,
frame_ms,0.2478,
frame_ms,0.2364,
frame_ms,0.2361,
frame_ms,0.2265,
frame_ms,0.2311,
frame_ms,0.2501,
frame_ms,0.2529,
frame_ms,0.2177,
frame_ms,0.2414,
frame_ms,0.2708,
frame_ms,0.2215,
frame_ms,0.2232,
frame_ms,0.2764,
frame_ms,0.2141,
frame_ms,0.2207,
frame_ms,0.2358,
frame_ms,0.2178,
frame_ms,0.2031,
frame_ms,0.2427,
frame_ms,0.2231,
frame_ms,0.2091,
frame_ms,0.246,
tick_us,14.3,10
frame_ms,0.2712,
frame_ms,0.2259,
frame_ms,0.2136,
frame_ms,0.2014,
frame_ms,0.2592,
frame_ms,0.2712,
frame_ms,0.2118,
frame_ms,0.233,
frame_ms,0.2424,
frame_ms,0.2249,
frame_ms,0.2152,
frame_ms,0.2607,
frame_ms,0.2399,
frame_ms,0.217,
frame_ms,0.2375,
frame_ms,0.2218,
frame_ms,0.2081,
frame_ms,0.2025,
frame_ms,0.2952,
frame_ms,0.2359,
frame_ms,0.213,
frame_ms,0.2025,
frame_ms,0.2484,
frame_ms,0.2339,
frame_ms,0.2055,
frame_ms,0.2589,
frame_ms,0.2405,
frame_ms,0.2105,
frame_ms,0.2015,
frame_ms,0.3107,
tick_us,17.6,12
frame_ms,0.3491,
frame_ms,0.2673,
frame_ms,0.2219,
frame_ms,0.2075,
frame_ms,0.2076,
frame_ms,0.2012,
frame_ms,0.2465,
frame_ms,0.2169,
frame_ms,0.2015,
frame_ms,0.2382,
frame_ms,0.2169,
frame_ms,0.2011,
frame_ms,0.2483,
frame_ms,0.4971,
frame_ms,0.3714,
frame_ms,0.4256,
frame_ms,0.4068,
frame_ms,0.3681,
frame_ms,0.3474,
frame_ms,0.2932,
frame_ms,0.2497,
frame_ms,0.2208,
frame_ms,0.2263,
frame_ms,0.2239,
frame_ms,0.2585,
tick_us,17.1,12
frame_ms,0.3195,
frame_ms,0.2448,
frame_ms,0.2307,
frame_ms,0.2525,
frame_ms,0.224,
frame_ms,0.2164,
frame_ms,0.2472,
frame_ms,0.2276,
frame_ms,0.2158,
frame_ms,0.2141,
frame_ms,0.2597,
frame_ms,0.2322,
frame_ms,0.2139,
frame_ms,0.2086,
frame_ms,0.2474,
frame_ms,0.2277,
frame_ms,0.2101,
frame_ms,0.2484,
frame_ms,0.3506,
frame_ms,0.3022,
frame_ms,0.2244,
frame_ms,0.2195,
frame_ms,0.2297,
frame_ms,0.2542,
frame_ms,0.2334,
frame_ms,0.2137,
frame_ms,0.2082,
frame_ms,0.253,
frame_ms,0.2727,
tick_us,16.4,10
frame_ms,0.2953,
frame_ms,0.2289,
frame_ms,0.2273,
frame_ms,0.2208,
frame_ms,0.2139,
frame_ms,0.3074,
frame_ms,0.2372,
frame_ms,0.3343,
frame_ms,0.2379,
frame_ms,0.2192,
frame_ms,0.2138,
frame_ms,0.299,
frame_ms,0.2561,
frame_ms,0.2308,
frame_ms,0.2128,
frame_ms,0.2102,
frame_ms,0.2618,
frame_ms,0.2289,
frame_ms,0.2112,
frame_ms,0.2252,
frame_ms,0.2109,
frame_ms,0.2736,
frame_ms,0.2275,
frame_ms,0.3441,
frame_ms,0.4034,
frame_ms,0.3909,
tick_us,16.7,8
frame_ms,0.4809,
frame_ms,0.2824,
frame_ms,0.2687,
frame_ms,0.2197,
frame_ms,0.2193,
frame_ms,0.2119,
frame_ms,0.2089,
frame_ms,0.2608,
frame_ms,0.2326,
frame_ms,0.2096,
frame_ms,0.3009,
frame_ms,0.2709,
frame_ms,0.2598,
frame_ms,0.3293,
frame_ms,0.2499,
frame_ms,0.2186,
frame_ms,0.2167,
frame_ms,0.2069,
frame_ms,0.2282,
frame_ms,0.217,
frame_ms,0.2666,
frame_ms,0.216,
frame_ms,0.2113,
frame_ms,0.2463,
frame_ms,0.2226,
frame_ms,0.214,
frame_ms,0.2274,
frame_ms,0.2134,
frame_ms,0.2594,
tick_us,14.7,8
frame_ms,0.6111,
frame_ms,0.3887,
frame_ms,0.3792,
frame_ms,0.3503,
frame_ms,0.3886,
frame_ms,0.2607,
frame_ms,0.2338,
frame_ms,0.2148,
frame_ms,0.2226,
frame_ms,0.2177,
frame_ms,0.2156,
frame_ms,0.219,
frame_ms,0.2406,
frame_ms,0.2606,
frame_ms,0.2287,
frame_ms,0.2236,
frame_ms,0.2201,
frame_ms,0.373,
frame_ms,0.2526,
frame_ms,0.2171,
frame_ms,0.2129,
frame_ms,0.2107,
frame_ms,0.2074,
frame_ms,0.2745,
frame_ms,0.2288,
tick_us,14.9,10
frame_ms,0.2715,
frame_ms,0.2131,
frame_ms,0.2079,
frame_ms,0.2555,
frame_ms,0.2259,
frame_ms,0.2377,
frame_ms,0.2065,
frame_ms,0.2774,
frame_ms,0.2538,
frame_ms,0.3246,
frame_ms,0.4326,
frame_ms,0.2422,
frame_ms,0.2117,
frame_ms,0.212,
frame_ms,0.2113,
frame_ms,0.2048,
frame_ms,0.2644,
frame_ms,0.2276,
frame_ms,0.2073,
frame_ms,0.253,
frame_ms,0.2191,
frame_ms,0.2061,
frame_ms,0.2611,
frame_ms,0.3268,
frame_ms,0.2463,
frame_ms,0.222,
frame_ms,0.213,
frame_ms,0.2036,
tick_us,16.4,10
frame_ms,0.327,
frame_ms,0.2784,
frame_ms,0.2285,
frame_ms,0.217,
frame_ms,0.2213,
frame_ms,0.2161,
frame_ms,0.2133,
frame_ms,0.2614,
frame_ms,0.2511,
frame_ms,0.2168,
frame_ms,0.2239,
frame_ms,0.2532,
frame_ms,0.4091,
frame_ms,0.3563,
frame_ms,0.2652,
frame_ms,0.2242,
frame_ms,0.2204,
frame_ms,0.2477,
frame_ms,0.21,
frame_ms,0.209,
frame_ms,0.3075,
frame_ms,0.3772,
frame_ms,0.2147,
frame_ms,0.2126,
frame_ms,0.2101,
frame_ms,0.2078,
frame_ms,0.2615,
tick_us,20.1,12
frame_ms,0.4016,
frame_ms,0.2845,
frame_ms,0.2619,
frame_ms,0.2406,
frame_ms,0.2418,
frame_ms,0.238,
frame_ms,0.2516,
frame_ms,0.2559,
frame_ms,0.2229,
frame_ms,0.2113,
frame_ms,0.2525,
frame_ms,0.223,
frame_ms,0.2101,
frame_ms,0.226,
frame_ms,0.2206,
frame_ms,0.2041,
frame_ms,0.2427,
frame_ms,0.3415,
frame_ms,0.2621,
frame_ms,0.228,
frame_ms,0.2153,
frame_ms,0.2073,
frame_ms,0.2461,
frame_ms,0.2208,
frame_ms,0.2042,
frame_ms,0.2272,
frame_ms,0.3083,
frame_ms,0.3237,
frame_ms,0.2298,
tick_us,16,12
frame_ms,0.2833,
frame_ms,0.2276,
frame_ms,0.225,
frame_ms,0.2151,
frame_ms,0.2335,
frame_ms,0.2696,
frame_ms,0.2275,
frame_ms,0.2244,
frame_ms,0.5111,
frame_ms,0.2595,
frame_ms,0.2222,
frame_ms,0.2172,
frame_ms,0.2129,
frame_ms,0.2089,
frame_ms,0.2719,
frame_ms,0.2256,
frame_ms,0.2116,
frame_ms,0.2197,
frame_ms,0.2377,
frame_ms,0.2222,
frame_ms,0.2871,
frame_ms,0.3026,
frame_ms,0.2532,
frame_ms,0.5058,
frame_ms,0.2533,
frame_ms,0.2217,
frame_ms,0.221,
tick_us,21.6,12
frame_ms,0.2872,
frame_ms,0.2321,
frame_ms,0.214,
frame_ms,0.204,
frame_ms,0.256,
frame_ms,0.2222,
frame_ms,0.206,
frame_ms,0.2458,
frame_ms,0.2182,
frame_ms,0.2063,
frame_ms,0.2359,
frame_ms,0.2259,
frame_ms,0.2152,
frame_ms,0.2361,
frame_ms,0.2124,
frame_ms,0.3858,
frame_ms,0.3985,
frame_ms,0.3816,
frame_ms,0.3395,
frame_ms,0.3446,
frame_ms,0.3348,
frame_ms,0.3359,
frame_ms,0.2901,
frame_ms,0.2516,
frame_ms,0.2035,
frame_ms,0.2107,
tick_us,13,12
frame_ms,0.2812,
frame_ms,0.243,
frame_ms,0.2281,
frame_ms,0.2288,
frame_ms,0.2116,
frame_ms,0.2357,
frame_ms,0.2797,
frame_ms,0.2181,
frame_ms,0.2039,
frame_ms,0.208,
frame_ms,0.2533,
frame_ms,0.2221,
frame_ms,0.2034,
frame_ms,0.2374,
frame_ms,0.2182,
frame_ms,0.2253,
frame_ms,0.2011,
frame_ms,0.276,
frame_ms,0.214,
frame_ms,0.2282,
frame_ms,0.4613,
frame_ms,0.2176,
frame_ms,0.3134,
frame_ms,0.2478,
frame_ms,0.2067,
frame_ms,0.2051,
frame_ms,0.4194,
tick_us,16.2,12
frame_ms,0.4351,
frame_ms,0.2968,
frame_ms,0.2301,
frame_ms,0.2103,
frame_ms,0.2073,
frame_ms,0.2081,
frame_ms,0.2417,
frame_ms,0.2363,
frame_ms,0.243,
frame_ms,0.2397,
frame_ms,0.2452,
frame_ms,0.2156,
frame_ms,0.2074,
frame_ms,0.2606,
frame_ms,0.2715,
frame_ms,0.2589,
frame_ms,0.2276,
frame_ms,0.2218,
frame_ms,0.2175,
frame_ms,0.2147,
frame_ms,0.2419,
frame_ms,0.2429,
frame_ms,0.2162,
frame_ms,0.2129,
frame_ms,0.4372,
frame_ms,0.4507,
frame_ms,0.3491,
tick_us,15.1,12
frame_ms,0.4316,
frame_ms,0.2557,
frame_ms,0.2127,
frame_ms,0.2127,
frame_ms,0.2074,
frame_ms,0.2075,
frame_ms,0.2658,
frame_ms,0.2245,
frame_ms,0.2096,
frame_ms,0.2394,
frame_ms,0.222,
frame_ms,0.2235,
frame_ms,0.2013,
frame_ms,0.2514,
frame_ms,0.2274,
frame_ms,0.2146,
frame_ms,0.2288,
frame_ms,0.209,
frame_ms,0.2088,
frame_ms,0.2782,
frame_ms,0.2195,
frame_ms,0.212,
frame_ms,0.2694,
frame_ms,0.269,
frame_ms,0.2341,
frame_ms,0.2214,
frame_ms,0.2169,
frame_ms,0.2153,
frame_ms,0.2529,
frame_ms,0.2998,
tick_us,13.2,12
frame_ms,0.2877,
frame_ms,0.2402,
frame_ms,0.249,
frame_ms,0.2211,
frame_ms,0.2112,
frame_ms,0.2368,
frame_ms,0.4768,
frame_ms,0.2847,
frame_ms,0.2235,
frame_ms,0.2263,
frame_ms,0.2206,
frame_ms,0.2136,
frame_ms,0.2357,
frame_ms,0.246,
frame_ms,0.2435,
frame_ms,0.2326,
frame_ms,0.2151,
frame_ms,0.3509,
frame_ms,0.3086,
frame_ms,0.2749,
frame_ms,0.2345,
frame_ms,0.2406,
frame_ms,0.2434,
frame_ms,0.2359,
frame_ms,0.2349,
frame_ms,0.231,
frame_ms,0.2306,
tick_us,17.9,10
frame_ms,0.2888,
frame_ms,0.2452,
frame_ms,0.2287,
frame_ms,0.2617,
frame_ms,0.2457,
frame_ms,0.262,
frame_ms,0.227,
frame_ms,0.2176,
frame_ms,0.2725,
frame_ms,0.2351,
frame_ms,0.2236,
frame_ms,0.222,
frame_ms,0.2296,
frame_ms,0.2651,
frame_ms,0.2377,
frame_ms,0.2134,
frame_ms,0.208,
frame_ms,0.2649,
frame_ms,0.2277,
frame_ms,0.21,
frame_ms,0.2256,
frame_ms,0.233,
frame_ms,0.2172,
frame_ms,0.2669,
frame_ms,0.2889,
frame_ms,0.2563,
frame_ms,0.2204,
frame_ms,0.2159,
frame_ms,0.2768,
tick_us,17.3,10
frame_ms,0.2981,
frame_ms,0.2423,
frame_ms,0.2224,
frame_ms,0.2186,
frame_ms,0.2115,
frame_ms,0.2314,
frame_ms,0.2264,
frame_ms,0.2212,
frame_ms,0.2151,
frame_ms,0.2635,
frame_ms,0.2685,
frame_ms,0.3001,
frame_ms,0.3213,
frame_ms,0.6216,
frame_ms,0.3919,
frame_ms,0.3745,
frame_ms,0.3411,
frame_ms,0.299,
frame_ms,0.3126,
frame_ms,0.345,
frame_ms,0.3409,
frame_ms,0.3383,
frame_ms,0.3765,
tick_us,17.6,8
frame_ms,0.437,
frame_ms,0.377,
frame_ms,0.3383,
frame_ms,0.2541,
frame_ms,0.2186,
frame_ms,0.214,
frame_ms,0.2105,
frame_ms,0.2589,
frame_ms,0.2215,
frame_ms,0.214,
frame_ms,0.231,
frame_ms,0.2454,
frame_ms,0.2194,
frame_ms,0.2058,
frame_ms,0.252,
frame_ms,0.323,
frame_ms,0.2468,
frame_ms,0.2473,
frame_ms,0.223,
frame_ms,0.2147,
frame_ms,0.2079,
frame_ms,0.2628,
frame_ms,0.2166,
frame_ms,0.2207,
frame_ms,0.2265,
frame_ms,0.243,
frame_ms,0.2227,
frame_ms,0.2095,
tick_us,17.5,8
frame_ms,0.301,
frame_ms,0.2288,
frame_ms,0.224,
frame_ms,0.2033,
frame_ms,0.2031,
frame_ms,0.2491,
frame_ms,0.4012,
frame_ms,0.438,
frame_ms,0.3446,
frame_ms,0.368,
frame_ms,0.3302,
frame_ms,0.3014,
frame_ms,0.2846,
frame_ms,0.2553,
frame_ms,0.2413,
frame_ms,0.2419,
frame_ms,0.244,
frame_ms,0.4061,
frame_ms,0.333,
frame_ms,0.2605,
frame_ms,0.2376,
frame_ms,0.2512,
frame_ms,0.2376,
frame_ms,0.2295,
tick_us,21.1,8
frame_ms,0.292,
frame_ms,0.236,
frame_ms,0.2196,
frame_ms,0.2107,
frame_ms,0.2627,
frame_ms,0.2666,
frame_ms,0.2305,
frame_ms,0.2239,
frame_ms,0.2114,
frame_ms,0.2214,
frame_ms,0.2341,
frame_ms,0.2547,
frame_ms,0.2757,
frame_ms,0.2326,
frame_ms,0.2733,
frame_ms,0.2194,
frame_ms,0.2111,
frame_ms,0.2796,
frame_ms,0.2971,
frame_ms,0.225,
frame_ms,0.211,
frame_ms,0.2096,
frame_ms,0.2352,
frame_ms,0.2158,
frame_ms,0.2034,
frame_ms,0.2523,
frame_ms,0.2244,
frame_ms,0.2106,
frame_ms,0.2441,
frame_ms,0.2173,
tick_us,18.5,6
frame_ms,0.8642,
frame_ms,0.2672,
frame_ms,0.26,
frame_ms,0.2105,
frame_ms,0.2171,
frame_ms,0.2136,
frame_ms,0.2088,
frame_ms,0.2617,
frame_ms,0.225,
frame_ms,0.2777,
frame_ms,0.2326,
frame_ms,0.2219,
frame_ms,0.204,
frame_ms,0.265,
frame_ms,0.2389,
frame_ms,0.2171,
frame_ms,0.2135,
frame_ms,0.3631,
frame_ms,0.2696,
frame_ms,0.2291,
frame_ms,0.2581,
frame_ms,0.2203,
frame_ms,0.2147,
frame_ms,0.209,
frame_ms,0.416,
tick_us,14.6,4
frame_ms,0.3331,
frame_ms,0.2492,
frame_ms,0.2318,
frame_ms,0.2753,
frame_ms,0.2228,
frame_ms,0.2805,
frame_ms,0.274,
frame_ms,0.2719,
frame_ms,0.2593,
frame_ms,0.2604,
frame_ms,0.2662,
frame_ms,0.4478,
frame_ms,0.3805,
frame_ms,0.2626,
frame_ms,0.2234,
frame_ms,0.2227,
frame_ms,0.2109,
frame_ms,0.2137,
frame_ms,0.2624,
frame_ms,0.2261,
frame_ms,0.2386,
frame_ms,0.2169,
frame_ms,0.2488,
frame_ms,0.2256,
frame_ms,0.3043,
frame_ms,0.2707,
tick_us,18.8,6
frame_ms,0.3099,
frame_ms,0.2555,
frame_ms,0.2355,
frame_ms,0.268,
frame_ms,0.2204,
frame_ms,0.2382,
frame_ms,0.2169,
frame_ms,0.2135,
frame_ms,0.2302,
frame_ms,0.2263,
frame_ms,0.2133,
frame_ms,0.3107,
frame_ms,0.2827,
frame_ms,0.2635,
frame_ms,0.2605,
frame_ms,0.2458,
frame_ms,0.2477,
frame_ms,0.2517,
frame_ms,0.2982,
frame_ms,0.3829,
frame_ms,0.2145,
frame_ms,0.2159,
frame_ms,0.2093,
frame_ms,0.2085,
frame_ms,0.2629,
frame_ms,0.2334,
frame_ms,0.2125,
frame_ms,0.2103,
tick_us,15.7,6
frame_ms,0.325,
frame_ms,0.6004,
frame_ms,0.4301,
frame_ms,0.3527,
frame_ms,0.5092,
frame_ms,0.352,
frame_ms,0.3825,
frame_ms,0.3458,
frame_ms,0.3313,
frame_ms,0.348,
frame_ms,0.3992,
frame_ms,0.2739,
frame_ms,0.2548,
frame_ms,0.2522,
frame_ms,0.2524,
frame_ms,0.2549,
frame_ms,0.2624,
frame_ms,0.28,
frame_ms,0.2398,
frame_ms,0.2253,
frame_ms,0.2222,
frame_ms,0.2188,
tick_us,19.5,6
frame_ms,0.3107,
frame_ms,0.3032,
frame_ms,0.2115,
frame_ms,0.2207,
frame_ms,0.2142,
frame_ms,0.2515,
frame_ms,0.2337,
frame_ms,0.2335,
frame_ms,0.3042,
frame_ms,0.2295,
frame_ms,0.2157,
frame_ms,0.2507,
frame_ms,0.2115,
frame_ms,0.2195,
frame_ms,0.2088,
frame_ms,0.2419,
frame_ms,0.2317,
frame_ms,0.2154,
frame_ms,0.212,
frame_ms,0.2608,
frame_ms,0.2254,
frame_ms,0.2143,
frame_ms,0.3066,
frame_ms,0.4957,
frame_ms,0.3796,
frame_ms,0.357,
tick_us,15.4,6
frame_ms,0.3539,
frame_ms,0.2422,
frame_ms,0.2209,
frame_ms,0.2268,
frame_ms,0.2267,
frame_ms,0.222,
frame_ms,0.2193,
frame_ms,0.2724,
frame_ms,0.2587,
frame_ms,0.2325,
frame_ms,0.2155,
frame_ms,0.3336,
frame_ms,0.4148,
frame_ms,0.4502,
frame_ms,0.3604,
frame_ms,0.3828,
frame_ms,0.3342,
frame_ms,0.3394,
frame_ms,0.3327,
frame_ms,0.3303,
frame_ms,0.2819,
frame_ms,0.242,
frame_ms,0.2125,
frame_ms,0.2195,
frame_ms,0.2234,
tick_us,15.9,6
frame_ms,0.2717,
frame_ms,0.5459,
frame_ms,0.2914,
frame_ms,0.2301,
frame_ms,0.2177,
frame_ms,0.2326,
frame_ms,0.2121,
frame_ms,0.2032,
frame_ms,0.2509,
frame_ms,0.2197,
frame_ms,0.2087,
frame_ms,0.2403,
frame_ms,0.2245,
frame_ms,0.2099,
frame_ms,0.2291,
frame_ms,0.2087,
frame_ms,0.2939,
frame_ms,0.2426,
frame_ms,0.2523,
frame_ms,0.214,
frame_ms,0.2604,
frame_ms,0.2565,
frame_ms,0.2087,
frame_ms,0.2045,
frame_ms,0.2564,
frame_ms,0.2218,
frame_ms,0.2078,
frame_ms,0.2452,
tick_us,13.5,4
frame_ms,0.2741,
frame_ms,0.226,
frame_ms,0.2145,
frame_ms,0.2378,
frame_ms,0.2135,
frame_ms,0.216,
frame_ms,0.2521,
frame_ms,0.4461,
frame_ms,0.2715,
frame_ms,0.2381,
frame_ms,0.2304,
frame_ms,0.2216,
frame_ms,0.2131,
frame_ms,0.3138,
frame_ms,0.3333,
frame_ms,0.2361,
frame_ms,0.393,
frame_ms,0.3449,
frame_ms,1.0057,
frame_ms,0.2866,
frame_ms,0.2635,
frame_ms,0.247,
frame_ms,0.2402,
tick_us,19.8,4
frame_ms,0.3109,
frame_ms,0.2596,
frame_ms,0.2549,
frame_ms,0.2359,
frame_ms,0.2291,
frame_ms,0.2289,
frame_ms,0.227,
frame_ms,0.2414,
frame_ms,0.2292,
frame_ms,0.227,
frame_ms,0.2664,
frame_ms,0.2758,
frame_ms,0.7667,
frame_ms,0.3011,
frame_ms,0.3637,
frame_ms,0.4479,
frame_ms,0.2756,
frame_ms,0.2388,
frame_ms,0.2187,
frame_ms,0.2262,
frame_ms,0.2177,
frame_ms,0.2164,
frame_ms,0.2343,
frame_ms,0.2326,
frame_ms,0.2297,
tick_us,16.8,6
frame_ms,0.2803,
frame_ms,0.2422,
frame_ms,0.2819,
frame_ms,0.2998,
frame_ms,0.2642,
frame_ms,0.2291,
frame_ms,0.2186,
frame_ms,0.2123,
frame_ms,0.2105,
frame_ms,0.3349,
frame_ms,0.2491,
frame_ms,0.2263,
frame_ms,0.2102,
frame_ms,0.2387,
frame_ms,0.2129,
frame_ms,0.2076,
frame_ms,0.2772,
frame_ms,0.2686,
frame_ms,0.2414,
frame_ms,0.2569,
frame_ms,0.2286,
frame_ms,0.2214,
frame_ms,0.2226,
frame_ms,0.2549,
frame_ms,0.2656,
frame_ms,0.2386,
frame_ms,0.2227,
frame_ms,0.2283,
frame_ms,0.2317,
tick_us,16.7,6
frame_ms,0.2813,
frame_ms,0.2347,
frame_ms,0.2124,
frame_ms,0.2442,
frame_ms,0.2199,
frame_ms,0.2095,
frame_ms,0.2578,
frame_ms,0.4895,
frame_ms,0.3773,
frame_ms,0.3379,
frame_ms,0.2523,
frame_ms,0.2183,
frame_ms,0.217,
frame_ms,0.2153,
frame_ms,0.2079,
frame_ms,0.2559,
frame_ms,0.2301,
frame_ms,0.2075,
frame_ms,0.2662,
frame_ms,0.2279,
frame_ms,0.2083,
frame_ms,0.2311,
frame_ms,0.2159,
frame_ms,0.225,
frame_ms,0.2301,
frame_ms,0.2166,
frame_ms,0.2391,
frame_ms,0.2155,
tick_us,13.5,6
frame_ms,0.3155,
frame_ms,0.2385,
frame_ms,0.2146,
frame_ms,0.209,
frame_ms,0.2086,
frame_ms,0.2468,
frame_ms,0.221,
frame_ms,0.2178,
frame_ms,0.2371,
frame_ms,0.2146,
frame_ms,0.2021,
frame_ms,0.26,
frame_ms,0.2472,
frame_ms,0.5716,
frame_ms,0.4078,
frame_ms,0.3751,
frame_ms,0.2715,
frame_ms,0.2242,
frame_ms,0.2201,
frame_ms,0.2168,
frame_ms,0.21,
frame_ms,0.2634,
frame_ms,0.2256,
frame_ms,0.2217,
frame_ms,0.2087,
frame_ms,0.2429,
tick_us,21.4,6
frame_ms,0.6658,
frame_ms,0.4221,
frame_ms,0.2521,
frame_ms,0.2426,
frame_ms,0.2122,
frame_ms,0.2155,
frame_ms,0.2082,
frame_ms,0.2546,
frame_ms,0.2735,
frame_ms,0.2346,
frame_ms,0.2271,
frame_ms,0.221,
frame_ms,0.2151,
frame_ms,0.2566,
frame_ms,0.2582,
frame_ms,0.2514,
frame_ms,0.256,
frame_ms,0.2336,
frame_ms,0.2268,
frame_ms,0.2315,
frame_ms,0.2701,
frame_ms,0.2682,
frame_ms,0.2264,
frame_ms,0.2153,
frame_ms,0.2152,
frame_ms,0.2413,
frame_ms,0.2212,
tick_us,16.7,6
frame_ms,0.276,
frame_ms,0.2242,
frame_ms,0.2093,
frame_ms,0.2362,
frame_ms,0.254,
frame_ms,0.2484,
frame_ms,0.2159,
frame_ms,0.2238,
frame_ms,0.326,
frame_ms,0.2188,
frame_ms,0.225,
frame_ms,0.2284,
frame_ms,0.2099,
frame_ms,0.2689,
frame_ms,0.3783,
frame_ms,0.2344,
frame_ms,0.2098,
frame_ms,0.2195,
frame_ms,0.2215,
frame_ms,0.2058,
frame_ms,0.2577,
frame_ms,0.2273,
frame_ms,0.2133,
frame_ms,0.2721,
frame_ms,0.2372,
frame_ms,0.2161,
frame_ms,0.2476,
frame_ms,0.2365,
frame_ms,0.2166,
tick_us,15.8,4
frame_ms,0.3049,
frame_ms,0.2345,
frame_ms,0.2185,
frame_ms,0.2074,
frame_ms,0.2051,
frame_ms,0.2684,
frame_ms,0.2245,
frame_ms,0.2415,
frame_ms,0.2196,
frame_ms,0.2727,
frame_ms,0.2261,
frame_ms,0.233,
frame_ms,0.2276,
frame_ms,0.2357,
frame_ms,0.3345,
frame_ms,0.2183,
frame_ms,0.2134,
frame_ms,0.2057,
frame_ms,0.2349,
frame_ms,0.2474,
frame_ms,0.2255,
frame_ms,0.2079,
frame_ms,0.2259,
frame_ms,0.2504,
frame_ms,0.2151,
frame_ms,0.2059,
frame_ms,0.2357,
frame_ms,0.2216,
frame_ms,0.2103,
frame_ms,0.2697,
tick_us,13.7,6
frame_ms,0.2782,
frame_ms,0.2309,
frame_ms,0.2322,
frame_ms,0.2583,
frame_ms,0.229,
frame_ms,0.2336,
frame_ms,0.2367,
frame_ms,0.2172,
frame_ms,0.206,
frame_ms,0.2273,
frame_ms,0.2097,
frame_ms,0.2016,
frame_ms,0.2571,
frame_ms,0.227,
frame_ms,0.2082,
frame_ms,0.2522,
frame_ms,0.224,
frame_ms,0.3225,
frame_ms,0.3964,
frame_ms,0.4152,
frame_ms,0.2551,
frame_ms,0.2422,
frame_ms,0.2132,
frame_ms,0.2128,
frame_ms,0.2043,
frame_ms,0.2383,
frame_ms,0.2191,
frame_ms,0.2073,
tick_us,13.1,6
frame_ms,0.3175,
frame_ms,0.2345,
frame_ms,0.2144,
frame_ms,0.2071,
frame_ms,0.2087,
frame_ms,0.2955,
frame_ms,0.2419,
frame_ms,0.2287,
frame_ms,0.2904,
frame_ms,0.3996,
frame_ms,0.3842,
frame_ms,0.3743,
frame_ms,0.2418,
frame_ms,0.2236,
frame_ms,0.219,
frame_ms,0.2151,
frame_ms,0.2128,
frame_ms,0.2414,
frame_ms,0.2514,
frame_ms,0.2431,
frame_ms,0.2156,
frame_ms,0.2282,
frame_ms,0.2247,
frame_ms,0.5783,
frame_ms,0.2807,
frame_ms,0.2489,
tick_us,14.9,6
frame_ms,0.2837,
frame_ms,0.2206,
frame_ms,0.2146,
frame_ms,0.2069,
frame_ms,0.2595,
frame_ms,0.2685,
frame_ms,0.2058,
frame_ms,0.2581,
frame_ms,0.2202,
frame_ms,0.2075,
frame_ms,0.2307,
frame_ms,0.4327,
frame_ms,0.4126,
frame_ms,0.4413,
frame_ms,0.3744,
frame_ms,0.2862,
frame_ms,0.2317,
frame_ms,0.2182,
frame_ms,0.22,
frame_ms,0.2264,
frame_ms,0.2452,
frame_ms,0.2191,
frame_ms,0.2279,
frame_ms,0.2116,
frame_ms,0.262,
frame_ms,0.2636,
tick_us,14.5,6
frame_ms,0.2985,
frame_ms,0.2338,
frame_ms,0.5064,
frame_ms,0.372,
frame_ms,0.3954,
frame_ms,0.4247,
frame_ms,0.3396,
frame_ms,0.3466,
frame_ms,0.3388,
frame_ms,0.3352,
frame_ms,0.3435,
frame_ms,0.4047,
frame_ms,0.258,
frame_ms,0.2372,
frame_ms,0.4849,
frame_ms,0.3035,
frame_ms,0.231,
frame_ms,0.2229,
frame_ms,0.2241,
frame_ms,0.2211,
frame_ms,0.213,
frame_ms,0.2569,
tick_us,18.3,6
frame_ms,0.2934,
frame_ms,0.2394,
frame_ms,0.2239,
frame_ms,0.2173,
frame_ms,0.227,
frame_ms,0.2665,
frame_ms,0.2582,
frame_ms,0.7405,
frame_ms,0.3538,
frame_ms,0.2834,
frame_ms,0.2538,
frame_ms,0.2151,
frame_ms,0.2129,
frame_ms,0.2391,
frame_ms,0.2188,
frame_ms,0.2092,
frame_ms,0.26,
frame_ms,0.226,
frame_ms,0.2144,
frame_ms,0.229,
frame_ms,0.2307,
frame_ms,0.2624,
frame_ms,0.2735,
frame_ms,0.2629,
frame_ms,0.2354,
frame_ms,0.2213,
frame_ms,0.2172,
tick_us,20.9,6
frame_ms,0.2917,
frame_ms,0.2327,
frame_ms,0.2271,
frame_ms,0.2168,
frame_ms,0.263,
frame_ms,0.2554,
frame_ms,0.229,
frame_ms,0.2133,
frame_ms,0.2289,
frame_ms,0.2121,
frame_ms,0.2791,
frame_ms,0.2599,
frame_ms,0.2316,
frame_ms,0.2459,
frame_ms,0.2466,
frame_ms,0.2552,
frame_ms,0.2331,
frame_ms,0.261,
frame_ms,0.2455,
frame_ms,0.2324,
frame_ms,0.2125,
frame_ms,0.2352,
frame_ms,0.2585,
frame_ms,0.2075,
frame_ms,0.2667,
frame_ms,0.5628,
frame_ms,0.2605,
tick_us,16.5,6
frame_ms,0.2856,
frame_ms,0.2603,
frame_ms,0.2643,
frame_ms,0.2608,
frame_ms,0.2331,
frame_ms,0.2326,
frame_ms,0.2228,
frame_ms,0.2126,
frame_ms,0.247,
frame_ms,0.2243,
frame_ms,0.2132,
frame_ms,0.2701,
frame_ms,0.2054,
frame_ms,0.2707,
frame_ms,0.2278,
frame_ms,0.2068,
frame_ms,0.276,
frame_ms,0.2674,
frame_ms,0.2459,
frame_ms,0.3228,
frame_ms,0.2315,
frame_ms,0.2303,
frame_ms,0.2268,
frame_ms,0.2604,
frame_ms,0.2547,
frame_ms,0.2153,
frame_ms,0.213,
frame_ms,0.29,
tick_us,17.8,6
frame_ms,0.3649,
frame_ms,0.2632,
frame_ms,0.2192,
frame_ms,0.2941,
frame_ms,0.2225,
frame_ms,0.252,
frame_ms,0.2327,
frame_ms,0.5835,
frame_ms,0.3439,
frame_ms,0.5437,
frame_ms,0.3311,
frame_ms,0.3513,
frame_ms,0.3525,
frame_ms,0.3457,
frame_ms,0.3442,
frame_ms,0.3364,
frame_ms,0.3214,
frame_ms,0.2785,
frame_ms,0.2458,
frame_ms,0.231,
frame_ms,0.2304,
frame_ms,0.2194,
tick_us,16.7,6
frame_ms,0.3424,
frame_ms,0.3493,
frame_ms,0.2512,
frame_ms,0.2144,
frame_ms,0.2304,
frame_ms,0.2175,
frame_ms,0.2132,
frame_ms,0.2476,
frame_ms,0.2337,
frame_ms,0.2203,
frame_ms,0.234,
frame_ms,0.2482,
frame_ms,0.3964,
frame_ms,0.355,
frame_ms,0.2333,
frame_ms,0.2435,
frame_ms,0.2381,
frame_ms,0.2262,
frame_ms,0.2227,
frame_ms,0.2948,
frame_ms,0.2544,
frame_ms,0.2209,
frame_ms,0.2157,
frame_ms,0.249,
frame_ms,0.2334,
frame_ms,0.2158,
frame_ms,0.2138,
frame_ms,0.2453,
tick_us,19.2,6
frame_ms,0.3328,
frame_ms,0.2735,
frame_ms,0.2607,
frame_ms,0.2325,
frame_ms,0.2295,
frame_ms,0.2859,
frame_ms,0.2835,
frame_ms,0.23,
frame_ms,0.2224,
frame_ms,0.213,
frame_ms,0.2091,
frame_ms,0.2716,
frame_ms,0.2331,
frame_ms,0.2201,
frame_ms,0.2272,
frame_ms,0.2198,
frame_ms,0.2424,
frame_ms,0.5484,
frame_ms,0.5137,
frame_ms,0.3792,
frame_ms,0.4075,
frame_ms,0.3413,
frame_ms,0.2602,
frame_ms,0.2237,
tick_us,18.4,8
frame_ms,0.2982,
frame_ms,0.2569,
frame_ms,0.2216,
frame_ms,0.2233,
frame_ms,0.2178,
frame_ms,0.2354,
frame_ms,0.2209,
frame_ms,0.4114,
frame_ms,0.2488,
frame_ms,0.321,
frame_ms,0.2837,
frame_ms,0.2373,
frame_ms,0.469,
frame_ms,0.2998,
frame_ms,0.259,
frame_ms,0.2314,
frame_ms,0.3356,
frame_ms,0.321,
frame_ms,0.2649,
frame_ms,0.2453,
frame_ms,0.3503,
frame_ms,0.3302,
frame_ms,0.2988,
tick_us,19.8,6
frame_ms,0.8389,
frame_ms,0.2525,
frame_ms,0.2258,
frame_ms,0.2222,
frame_ms,0.2185,
frame_ms,0.2132,
frame_ms,0.2129,
frame_ms,0.2456,
frame_ms,0.2291,
frame_ms,0.2318,
frame_ms,0.2822,
frame_ms,0.2847,
frame_ms,0.8992,
frame_ms,0.3899,
frame_ms,0.3752,
frame_ms,0.2456,
frame_ms,0.2149,
frame_ms,0.2208,
frame_ms,0.2192,
frame_ms,0.2126,
frame_ms,0.3018,
frame_ms,0.2341,
frame_ms,0.2217,
frame_ms,0.212,
frame_ms,0.2503,
tick_us,17,6
frame_ms,0.3059,
frame_ms,0.2437,
frame_ms,0.2382,
frame_ms,0.2881,
frame_ms,0.2736,
frame_ms,0.246,
frame_ms,0.2308,
frame_ms,0.2297,
frame_ms,0.22,
frame_ms,0.2716,
frame_ms,0.2535,
frame_ms,0.2562,
frame_ms,0.2204,
frame_ms,0.2108,
frame_ms,0.2077,
frame_ms,0.2645,
frame_ms,0.2712,
frame_ms,0.51,
frame_ms,0.3577,
frame_ms,0.2903,
frame_ms,0.2579,
frame_ms,0.5086,
frame_ms,0.4161,
frame_ms,0.2729,
tick_us,16.1,6
frame_ms,0.2865,
frame_ms,0.2274,
frame_ms,0.2218,
frame_ms,0.2202,
frame_ms,0.2238,
frame_ms,0.487,
frame_ms,0.3848,
frame_ms,0.4876,
frame_ms,0.3965,
frame_ms,0.4128,
frame_ms,0.3705,
frame_ms,0.3593,
frame_ms,0.3713,
frame_ms,0.3833,
frame_ms,0.3594,
frame_ms,0.4668,
frame_ms,0.2856,
frame_ms,0.2424,
frame_ms,0.3244,
frame_ms,0.2391,
frame_ms,0.2372,
tick_us,18.4,6
frame_ms,0.3423,
frame_ms,0.2917,
frame_ms,0.2272,
frame_ms,0.2193,
frame_ms,0.2216,
frame_ms,0.2153,
frame_ms,0.2123,
frame_ms,0.2598,
frame_ms,0.2283,
frame_ms,0.213,
frame_ms,0.2113,
frame_ms,0.2473,
frame_ms,0.2927,
frame_ms,0.2568,
frame_ms,0.2417,
frame_ms,0.2232,
frame_ms,0.2226,
frame_ms,0.217,
frame_ms,0.2364,
frame_ms,0.2214,
frame_ms,0.2234,
frame_ms,0.2103,
frame_ms,0.2457,
frame_ms,0.2245,
frame_ms,0.2197,
frame_ms,0.2075,
frame_ms,0.2673,
frame_ms,0.2954,
frame_ms,0.2567,
tick_us,18.8,6
frame_ms,0.3127,
frame_ms,0.458,
frame_ms,0.3341,
frame_ms,0.2813,
frame_ms,0.2363,
frame_ms,0.2277,
frame_ms,0.2308,
frame_ms,0.3121,
frame_ms,0.2534,
frame_ms,0.2289,
frame_ms,0.2374,
frame_ms,0.2189,
frame_ms,0.2075,
frame_ms,0.2377,
frame_ms,0.2325,
frame_ms,0.2199,
frame_ms,0.2201,
frame_ms,0.2271,
frame_ms,0.4393,
frame_ms,0.3017,
frame_ms,0.2743,
frame_ms,0.2421,
frame_ms,0.2348,
frame_ms,0.2383,
frame_ms,0.2387,
frame_ms,0.2482,
tick_us,19.8,6
frame_ms,0.3093,
frame_ms,0.2479,
frame_ms,0.2355,
frame_ms,0.2293,
frame_ms,0.2304,
frame_ms,0.5371,
frame_ms,0.4793,
frame_ms,0.4061,
frame_ms,0.385,
frame_ms,0.3941,
frame_ms,0.3749,
frame_ms,0.3789,
frame_ms,0.3801,
frame_ms,0.3948,
frame_ms,0.363,
frame_ms,0.4004,
frame_ms,0.3808,
frame_ms,0.4027,
frame_ms,0.3629,
tick_us,19.9,8
frame_ms,0.4871,
frame_ms,0.3972,
frame_ms,0.3692,
frame_ms,0.3574,
frame_ms,0.2688,
frame_ms,0.2276,
frame_ms,0.4892,
frame_ms,0.4358,
frame_ms,0.323,
frame_ms,0.2792,
frame_ms,0.3606,
frame_ms,0.2546,
frame_ms,0.2762,
frame_ms,0.2489,
frame_ms,0.269,
frame_ms,0.2841,
frame_ms,0.2318,
frame_ms,0.2324,
frame_ms,0.2272,
frame_ms,0.328,
frame_ms,0.2637,
frame_ms,0.2526,
tick_us,22.1,8
frame_ms,0.4684,
frame_ms,0.3589,
frame_ms,0.3169,
frame_ms,0.2848,
frame_ms,0.2559,
frame_ms,0.4235,
frame_ms,0.3155,
frame_ms,0.2707,
frame_ms,0.4023,
frame_ms,0.383,
frame_ms,0.3884,
frame_ms,0.3561,
frame_ms,0.3132,
frame_ms,0.2797,
frame_ms,0.2842,
frame_ms,0.3979,
frame_ms,0.3107,
frame_ms,0.2504,
frame_ms,0.2636,
frame_ms,0.257,
frame_ms,0.2453,
frame_ms,0.2495,
tick_us,18.7,8
frame_ms,0.4219,
frame_ms,0.2608,
frame_ms,0.2554,
frame_ms,0.2492,
frame_ms,0.4364,
frame_ms,0.6081,
frame_ms,0.4957,
frame_ms,0.387,
frame_ms,0.3999,
frame_ms,0.565,
frame_ms,0.5524,
frame_ms,0.3047,
frame_ms,0.4053,
frame_ms,0.3912,
frame_ms,0.4277,
frame_ms,0.4199,
frame_ms,0.2721,
tick_us,18.9,8
frame_ms,0.3312,
frame_ms,0.2712,
frame_ms,0.2461,
frame_ms,0.2343,
frame_ms,0.2906,
frame_ms,0.278,
frame_ms,0.2488,
frame_ms,0.2428,
frame_ms,0.2348,
frame_ms,0.3144,
frame_ms,0.3461,
frame_ms,0.2618,
frame_ms,0.8143,
frame_ms,0.3483,
frame_ms,0.3195,
frame_ms,0.3386,
frame_ms,0.4548,
frame_ms,0.3422,
frame_ms,0.3104,
frame_ms,0.2767,
frame_ms,0.2276,
frame_ms,0.2337,
tick_us,25.1,6
frame_ms,0.555,
frame_ms,0.2956,
frame_ms,0.2952,
frame_ms,0.2986,
frame_ms,0.3009,
frame_ms,0.2448,
frame_ms,0.2401,
frame_ms,0.3642,
frame_ms,0.2596,
frame_ms,0.2399,
frame_ms,0.2372,
frame_ms,0.2312,
frame_ms,0.226,
frame_ms,0.2414,
frame_ms,0.2914,
frame_ms,0.2975,
frame_ms,0.3951,
frame_ms,0.37,
frame_ms,0.3436,
frame_ms,0.371,
frame_ms,0.4236,
frame_ms,0.3418,
tick_us,18.9,6
frame_ms,0.354,
frame_ms,0.3463,
frame_ms,0.5175,
frame_ms,0.7809,
frame_ms,0.3278,
frame_ms,0.4574,
frame_ms,0.575,
frame_ms,0.4718,
frame_ms,0.3784,
frame_ms,0.3613,
frame_ms,0.2913,
frame_ms,0.3204,
frame_ms,0.5199,
frame_ms,0.3301,
frame_ms,0.2592,
tick_us,18.8,6
frame_ms,1.0494,
frame_ms,0.4433,
frame_ms,0.357,
frame_ms,0.4098,
frame_ms,0.4378,
frame_ms,0.3721,
frame_ms,0.3004,
frame_ms,0.3153,
frame_ms,0.3711,
frame_ms,0.3417,
frame_ms,0.4627,
frame_ms,0.3989,
frame_ms,0.2843,
frame_ms,0.2604,
frame_ms,0.406,
frame_ms,0.3151,
frame_ms,0.2896,
frame_ms,0.2342,
frame_ms,0.3038,
frame_ms,0.3112,
tick_us,23.4,6
frame_ms,1.2226,
frame_ms,0.6022,
frame_ms,0.4417,
frame_ms,0.5827,
frame_ms,0.4923,
frame_ms,0.3881,
frame_ms,0.2687,
frame_ms,0.3037,
frame_ms,0.5881,
frame_ms,0.4675,
frame_ms,0.3734,
frame_ms,0.467,
frame_ms,0.3125,
frame_ms,0.2583,
frame_ms,0.2547,
tick_us,19.2,4
frame_ms,0.3338,
frame_ms,0.4547,
frame_ms,0.4916,
frame_ms,0.4361,
frame_ms,0.2845,
frame_ms,0.3234,
frame_ms,0.3984,
frame_ms,0.2887,
frame_ms,0.326,
frame_ms,0.3702,
frame_ms,0.2824,
frame_ms,0.3657,
frame_ms,0.3553,
frame_ms,0.293,
frame_ms,0.4047,
frame_ms,0.4697,
frame_ms,0.4335,
frame_ms,0.4315,
frame_ms,0.3126,
tick_us,29.8,4
frame_ms,0.5243,
frame_ms,0.3087,
frame_ms,0.2599,
frame_ms,0.2539,
frame_ms,0.3139,
frame_ms,0.4585,
frame_ms,0.3219,
frame_ms,0.4367,
frame_ms,0.3074,
frame_ms,0.3542,
frame_ms,0.4866,
frame_ms,0.3647,
frame_ms,0.5245,
frame_ms,1.843,
tick_us,20.8,4
frame_ms,1.4751,
frame_ms,0.8205,
frame_ms,0.7899,
frame_ms,0.3894,
frame_ms,0.2954,
frame_ms,0.2401,
frame_ms,0.2564,
frame_ms,0.2538,
frame_ms,0.2607,
frame_ms,0.2694,
frame_ms,0.304,
frame_ms,0.3798,
frame_ms,0.3537,
frame_ms,0.2832,
frame_ms,0.368,
tick_us,19.8,6
frame_ms,0.7852,
frame_ms,0.3944,
frame_ms,0.3507,
frame_ms,0.2974,
frame_ms,0.3523,
frame_ms,0.3523,
frame_ms,0.413,
frame_ms,0.3286,
frame_ms,0.4029,
frame_ms,0.5048,
frame_ms,0.3749,
frame_ms,0.2817,
frame_ms,0.2508,
frame_ms,0.4556,
frame_ms,0.4746,
frame_ms,0.4417,
frame_ms,0.4452,
tick_us,20.3,6
frame_ms,0.6727,
frame_ms,0.4901,
frame_ms,0.4644,
frame_ms,0.4404,
frame_ms,0.4954,
frame_ms,0.4854,
frame_ms,0.3978,
frame_ms,0.2994,
frame_ms,0.4528,
frame_ms,0.8043,
frame_ms,0.3212,
frame_ms,0.3133,
frame_ms,0.2556,
frame_ms,0.3943,
frame_ms,0.3396,
frame_ms,0.2934,
frame_ms,0.3033,
tick_us,20.7,6
frame_ms,0.3552,
frame_ms,0.3816,
frame_ms,0.3002,
frame_ms,0.2796,
frame_ms,0.2728,
frame_ms,0.2563,
frame_ms,0.2544,
frame_ms,0.2273,
frame_ms,0.2342,
frame_ms,0.2271,
frame_ms,0.2511,
frame_ms,0.2204,
frame_ms,0.2238,
frame_ms,0.2261,
frame_ms,0.2535,
frame_ms,0.2596,
frame_ms,0.2252,
frame_ms,1.928,
frame_ms,0.7195,
tick_us,26.8,6
frame_ms,0.4689,
frame_ms,0.3845,
frame_ms,0.3806,
frame_ms,0.3226,
frame_ms,0.3033,
frame_ms,0.3925,
frame_ms,0.3697,
frame_ms,0.3497,
frame_ms,0.2653,
frame_ms,0.2671,
frame_ms,0.2852,
frame_ms,0.2705,
frame_ms,0.2471,
frame_ms,0.243,
frame_ms,0.3444,
frame_ms,0.2782,
frame_ms,0.3073,
frame_ms,0.3721,
frame_ms,0.2657,
frame_ms,0.6121,
tick_us,21.5,6
frame_ms,0.5605,
frame_ms,0.272,
frame_ms,0.2656,
frame_ms,0.2563,
frame_ms,0.2533,
frame_ms,0.2751,
frame_ms,0.3481,
frame_ms,0.2923,
frame_ms,0.2527,
frame_ms,0.2807,
frame_ms,0.2922,
frame_ms,0.2764,
frame_ms,0.2926,
frame_ms,0.2628,
frame_ms,0.2694,
frame_ms,0.256,
frame_ms,0.2493,
frame_ms,0.2793,
frame_ms,0.2466,
frame_ms,0.2528,
frame_ms,0.2879,
frame_ms,0.3135,
frame_ms,0.4571,
frame_ms,0.3716,
tick_us,29.6,4
frame_ms,0.4501,
frame_ms,0.3263,
frame_ms,0.3294,
frame_ms,0.3077,
frame_ms,0.295,
frame_ms,0.2641,
frame_ms,0.2562,
frame_ms,0.2493,
frame_ms,0.2279,
frame_ms,0.2849,
frame_ms,0.2487,
frame_ms,0.2641,
frame_ms,0.2426,
frame_ms,0.3583,
frame_ms,0.3038,
frame_ms,1.2836,
frame_ms,0.6128,
tick_us,35.7,4
frame_ms,0.9516,
frame_ms,0.7259,
frame_ms,0.5299,
frame_ms,0.3058,
frame_ms,0.367,
frame_ms,0.2763,
frame_ms,0.2771,
frame_ms,0.2363,
frame_ms,0.2346,
frame_ms,0.2406,
frame_ms,0.3695,
frame_ms,0.271,
frame_ms,0.2334,
frame_ms,0.2336,
frame_ms,0.2255,
frame_ms,0.2416,
frame_ms,0.2438,
frame_ms,0.2693,
frame_ms,0.2485,
frame_ms,0.2405,
frame_ms,0.2567,
frame_ms,0.2541,
frame_ms,0.2542,
tick_us,23.2,4
frame_ms,0.4435,
frame_ms,0.4351,
frame_ms,0.3644,
frame_ms,0.3581,
frame_ms,0.4211,
frame_ms,0.6593,
frame_ms,0.6239,
frame_ms,0.4304,
frame_ms,0.7624,
frame_ms,0.4166,
frame_ms,0.4188,
frame_ms,0.3196,
frame_ms,0.2623,
frame_ms,0.2428,
frame_ms,0.2495,
frame_ms,0.3243,
tick_us,24.7,4
frame_ms,0.4991,
frame_ms,0.3867,
frame_ms,0.6093,
frame_ms,0.3618,
frame_ms,0.3205,
frame_ms,0.4737,
frame_ms,0.3121,
frame_ms,0.3101,
frame_ms,0.3411,
frame_ms,0.3185,
frame_ms,0.2781,
frame_ms,0.3496,
frame_ms,0.3887,
frame_ms,0.4259,
frame_ms,0.5723,
frame_ms,0.4091,
frame_ms,0.3479,
frame_ms,0.275,
frame_ms,0.2507,
tick_us,20.1,4
frame_ms,0.3229,
frame_ms,0.2727,
frame_ms,0.2748,
frame_ms,0.2571,
frame_ms,0.3324,
frame_ms,0.3648,
frame_ms,1.437,
frame_ms,0.7298,
frame_ms,0.4452,
frame_ms,0.2984,
frame_ms,0.258,
frame_ms,0.2547,
frame_ms,0.302,
frame_ms,0.3327,
frame_ms,0.2988,
frame_ms,0.2643,
frame_ms,0.2727,
tick_us,20.7,4
frame_ms,0.4261,
frame_ms,0.3593,
frame_ms,0.3183,
frame_ms,0.2704,
frame_ms,0.2593,
frame_ms,0.2512,
frame_ms,0.2686,
frame_ms,0.2538,
frame_ms,0.253,
frame_ms,0.3496,
frame_ms,0.3292,
frame_ms,0.2984,
frame_ms,0.2609,
frame_ms,0.2555,
frame_ms,0.4381,
frame_ms,0.4656,
frame_ms,0.4789,
frame_ms,0.4053,
frame_ms,0.3893,
frame_ms,0.3666,
frame_ms,0.5111,
tick_us,21.8,4
frame_ms,0.4392,
frame_ms,0.273,
frame_ms,0.2655,
frame_ms,0.2956,
frame_ms,0.2567,
frame_ms,0.2577,
frame_ms,0.273,
frame_ms,0.2486,
frame_ms,0.2452,
frame_ms,0.2449,
frame_ms,0.2414,
frame_ms,0.2414,
frame_ms,0.2364,
frame_ms,0.2628,
frame_ms,0.269,
frame_ms,0.4983,
frame_ms,0.7616,
frame_ms,0.5641,
frame_ms,0.329,
frame_ms,0.3972,
tick_us,20.2,6
frame_ms,0.5224,
frame_ms,0.4058,
frame_ms,0.4375,
frame_ms,0.3895,
frame_ms,0.379,
frame_ms,0.4722,
frame_ms,0.3492,
frame_ms,0.2914,
frame_ms,0.3708,
frame_ms,0.3146,
frame_ms,0.3164,
frame_ms,0.2955,
frame_ms,0.2469,
frame_ms,0.2558,
frame_ms,0.2455,
frame_ms,0.2454,
frame_ms,0.2417,
frame_ms,0.2647,
frame_ms,0.2523,
frame_ms,0.3363,
frame_ms,0.3254,
frame_ms,0.3056,
tick_us,21.8,4
frame_ms,0.4745,
frame_ms,0.3089,
frame_ms,0.282,
frame_ms,0.2623,
frame_ms,0.2649,
frame_ms,0.2535,
frame_ms,0.2728,
frame_ms,0.262,
frame_ms,0.3346,
frame_ms,0.2605,
frame_ms,0.3277,
frame_ms,0.401,
frame_ms,0.4209,
frame_ms,0.2763,
frame_ms,0.2736,
frame_ms,0.2464,
frame_ms,0.2404,
frame_ms,0.239,
frame_ms,1.0387,
tick_us,21.8,4
frame_ms,0.6486,
frame_ms,0.4125,
frame_ms,0.3782,
frame_ms,0.2967,
frame_ms,0.2705,
frame_ms,0.3213,
frame_ms,0.2726,
frame_ms,0.3315,
frame_ms,0.2489,
frame_ms,0.2359,
frame_ms,0.2407,
frame_ms,0.2299,
frame_ms,0.2269,
frame_ms,0.2531,
frame_ms,0.2779,
frame_ms,0.2533,
frame_ms,0.2706,
frame_ms,0.2647,
frame_ms,0.2594,
frame_ms,0.2493,
frame_ms,0.2471,
frame_ms,0.2474,
frame_ms,0.2418,
frame_ms,0.2938,
frame_ms,0.2418,
frame_ms,0.2373,
tick_us,20.2,4
frame_ms,0.3122,
frame_ms,0.2578,
frame_ms,0.258,
frame_ms,0.2265,
frame_ms,0.3114,
frame_ms,0.2908,
frame_ms,0.2696,
frame_ms,0.2764,
frame_ms,0.3017,
frame_ms,0.273,
frame_ms,0.2971,
frame_ms,0.2913,
frame_ms,0.3455,
frame_ms,0.2842,
frame_ms,0.2551,
frame_ms,0.3599,
frame_ms,0.413,
frame_ms,0.3395,
frame_ms,0.3286,
frame_ms,0.2762,
frame_ms,0.2462,
frame_ms,0.2887,
frame_ms,0.3272,
tick_us,22.4,4
frame_ms,0.3922,
frame_ms,0.3366,
frame_ms,0.2495,
frame_ms,0.237,
frame_ms,0.2199,
frame_ms,0.2144,
frame_ms,0.2287,
frame_ms,0.2186,
frame_ms,0.2238,
frame_ms,0.2369,
frame_ms,0.2258,
frame_ms,0.2655,
frame_ms,0.87,
frame_ms,0.3048,
frame_ms,0.2677,
frame_ms,0.2464,
frame_ms,0.2481,
frame_ms,0.2605,
frame_ms,0.2375,
frame_ms,0.2489,
frame_ms,0.2345,
frame_ms,0.2556,
frame_ms,0.2429,
frame_ms,0.3359,
frame_ms,0.2707,
tick_us,19.2,4
frame_ms,0.3372,
frame_ms,0.5436,
frame_ms,0.3642,
frame_ms,0.3549,
frame_ms,0.3085,
frame_ms,0.4699,
frame_ms,0.3632,
frame_ms,0.2833,
frame_ms,0.2524,
frame_ms,0.327,
frame_ms,0.2523,
frame_ms,0.4296,
frame_ms,0.3478,
frame_ms,0.2987,
frame_ms,0.2822,
frame_ms,0.2567,
frame_ms,0.2923,
frame_ms,0.3234,
frame_ms,0.3248,
frame_ms,0.2521,
frame_ms,0.2234,
tick_us,17.8,4
frame_ms,0.3179,
frame_ms,0.2565,
frame_ms,0.248,
frame_ms,0.2424,
frame_ms,0.2609,
frame_ms,0.2354,
frame_ms,0.5718,
frame_ms,0.318,
frame_ms,0.2914,
frame_ms,0.3273,
frame_ms,0.3025,
frame_ms,0.3809,
frame_ms,0.3494,
frame_ms,0.2941,
frame_ms,0.366,
frame_ms,0.3043,
frame_ms,0.2769,
frame_ms,0.3206,
frame_ms,0.353,
frame_ms,0.3173,
frame_ms,0.3403,
frame_ms,0.2907,
tick_us,18.4,6
frame_ms,0.3158,
frame_ms,0.2583,
frame_ms,0.2854,
frame_ms,0.2425,
frame_ms,0.2333,
frame_ms,0.2425,
frame_ms,0.2382,
frame_ms,0.2351,
frame_ms,0.2591,
frame_ms,0.2299,
frame_ms,0.2524,
frame_ms,0.3035,
frame_ms,0.2607,
frame_ms,0.273,
frame_ms,0.242,
frame_ms,0.2385,
frame_ms,0.2263,
frame_ms,0.2302,
frame_ms,0.276,
frame_ms,0.2236,
frame_ms,0.2517,
frame_ms,0.2804,
frame_ms,0.2432,
frame_ms,0.2349,
frame_ms,0.2184,
frame_ms,0.2206,
frame_ms,0.3493,
tick_us,53.3,6
frame_ms,0.5852,
frame_ms,0.3531,
frame_ms,0.2688,
frame_ms,0.2367,
frame_ms,0.2541,
frame_ms,0.2436,
frame_ms,0.2325,
frame_ms,0.2654,
frame_ms,0.2426,
frame_ms,0.2241,
frame_ms,0.2232,
frame_ms,0.259,
frame_ms,0.2309,
frame_ms,0.2308,
frame_ms,0.2258,
frame_ms,0.2745,
frame_ms,0.2841,
frame_ms,0.25,
frame_ms,0.2405,
frame_ms,0.2321,
frame_ms,0.2233,
frame_ms,0.2392,
frame_ms,0.2565,
frame_ms,0.2311,
frame_ms,0.259,
frame_ms,0.236,
frame_ms,0.2527,
tick_us,18.2,6
frame_ms,0.316,
frame_ms,0.268,
frame_ms,0.2497,
frame_ms,0.2322,
frame_ms,0.2521,
frame_ms,0.2277,
frame_ms,0.2346,
frame_ms,0.2208,
frame_ms,0.2884,
frame_ms,0.2494,
frame_ms,0.2328,
frame_ms,0.2155,
frame_ms,0.2377,
frame_ms,0.2941,
frame_ms,0.3209,
frame_ms,0.2495,
frame_ms,0.2357,
frame_ms,0.238,
frame_ms,0.2332,
frame_ms,0.2261,
frame_ms,0.2962,
frame_ms,0.2746,
frame_ms,0.2411,
frame_ms,0.2501,
frame_ms,0.23,
frame_ms,0.2264,
frame_ms,0.2761,
tick_us,28.6,8
frame_ms,0.4423,
frame_ms,0.2354,
frame_ms,0.2337,
frame_ms,0.2251,
frame_ms,0.2201,
frame_ms,0.2134,
frame_ms,0.2341,
frame_ms,0.2539,
frame_ms,0.2338,
frame_ms,0.2168,
frame_ms,0.2559,
frame_ms,0.2245,
frame_ms,0.2248,
frame_ms,0.236,
frame_ms,0.4367,
frame_ms,0.2987,
frame_ms,0.2906,
frame_ms,0.3151,
frame_ms,0.2952,
frame_ms,0.2211,
frame_ms,0.2333,
frame_ms,0.2303,
frame_ms,0.2277,
frame_ms,0.2232,
frame_ms,0.2166,
frame_ms,0.2357,
frame_ms,0.261,
tick_us,15.2,8
frame_ms,0.317,
frame_ms,0.2413,
frame_ms,0.231,
frame_ms,0.226,
frame_ms,0.2242,
frame_ms,0.2167,
frame_ms,0.2378,
frame_ms,0.2909,
frame_ms,0.2957,
frame_ms,0.2421,
frame_ms,0.2153,
frame_ms,0.2122,
frame_ms,0.2218,
frame_ms,0.2183,
frame_ms,0.2287,
frame_ms,0.2729,
frame_ms,0.259,
frame_ms,0.2154,
frame_ms,0.2443,
frame_ms,0.2754,
frame_ms,0.2377,
frame_ms,0.224,
frame_ms,0.2379,
frame_ms,0.2312,
frame_ms,0.2172,
frame_ms,0.2719,
frame_ms,0.2738,
frame_ms,0.2978,
tick_us,11.9,8
frame_ms,0.2887,
frame_ms,0.2271,
frame_ms,0.2254,
frame_ms,0.2193,
frame_ms,0.2175,
frame_ms,0.3755,
frame_ms,0.4525,
frame_ms,0.3862,
frame_ms,0.3411,
frame_ms,0.2434,
frame_ms,0.2493,
frame_ms,0.2309,
frame_ms,0.2341,
frame_ms,0.2197,
frame_ms,0.2261,
frame_ms,0.2374,
frame_ms,0.2668,
frame_ms,0.2623,
frame_ms,0.2346,
frame_ms,0.2226,
frame_ms,0.2173,
frame_ms,0.242,
frame_ms,0.2406,
frame_ms,0.5923,
frame_ms,0.2834,
tick_us,15.1,10
frame_ms,0.3226,
frame_ms,0.2407,
frame_ms,0.226,
frame_ms,0.2159,
frame_ms,0.2283,
frame_ms,0.2302,
frame_ms,0.2885,
frame_ms,0.2613,
frame_ms,0.2407,
frame_ms,0.2262,
frame_ms,0.2183,
frame_ms,0.2162,
frame_ms,0.8684,
frame_ms,0.309,
frame_ms,0.3068,
frame_ms,0.3314,
frame_ms,0.2592,
frame_ms,0.2193,
frame_ms,0.2133,
frame_ms,0.2353,
frame_ms,0.2763,
frame_ms,0.2395,
frame_ms,0.2086,
frame_ms,0.2684,
frame_ms,0.2381,
frame_ms,0.2184,
tick_us,15.4,10
frame_ms,0.3063,
frame_ms,0.2555,
frame_ms,0.2352,
frame_ms,0.2219,
frame_ms,0.2168,
frame_ms,0.2621,
frame_ms,0.226,
frame_ms,0.2069,
frame_ms,0.2825,
frame_ms,0.2255,
frame_ms,0.2097,
frame_ms,0.28,
frame_ms,0.2353,
frame_ms,0.2144,
frame_ms,0.2574,
frame_ms,0.2366,
frame_ms,0.2285,
frame_ms,0.2834,
frame_ms,0.2744,
frame_ms,0.2379,
frame_ms,0.2561,
frame_ms,0.2342,
frame_ms,0.2286,
frame_ms,0.2867,
frame_ms,0.2388,
frame_ms,0.223,
frame_ms,0.2755,
frame_ms,0.2599,
tick_us,13.1,10
frame_ms,0.2845,
frame_ms,0.2237,
frame_ms,0.5,
frame_ms,0.2351,
frame_ms,0.2354,
frame_ms,0.2293,
frame_ms,0.2529,
frame_ms,0.2475,
frame_ms,0.237,
frame_ms,0.2904,
frame_ms,0.2645,
frame_ms,0.2331,
frame_ms,0.2221,
frame_ms,0.2184,
frame_ms,0.2689,
frame_ms,0.2393,
frame_ms,0.2154,
frame_ms,0.2648,
frame_ms,0.2339,
frame_ms,0.2125,
frame_ms,0.2697,
frame_ms,0.2172,
frame_ms,0.4396,
frame_ms,0.4045,
frame_ms,0.2471,
frame_ms,0.2194,
tick_us,12.9,10
frame_ms,0.2743,
frame_ms,0.24,
frame_ms,0.2277,
frame_ms,0.2127,
frame_ms,0.2092,
frame_ms,0.2436,
frame_ms,0.2173,
frame_ms,0.2638,
frame_ms,0.2351,
frame_ms,0.2117,
frame_ms,0.268,
frame_ms,0.226,
frame_ms,0.438,
frame_ms,0.3063,
frame_ms,0.2422,
frame_ms,0.2348,
frame_ms,0.2351,
frame_ms,0.2714,
frame_ms,0.2348,
frame_ms,0.3032,
frame_ms,0.2832,
frame_ms,0.2334,
frame_ms,0.2222,
frame_ms,0.2184,
frame_ms,0.2141,
frame_ms,0.2851,
frame_ms,0.2643,
frame_ms,0.2267,
tick_us,13,10
frame_ms,0.2797,
frame_ms,0.2336,
frame_ms,0.3191,
frame_ms,0.2779,
frame_ms,0.242,
frame_ms,0.2302,
frame_ms,0.23,
frame_ms,0.2226,
frame_ms,0.6768,
frame_ms,0.2995,
frame_ms,0.2616,
frame_ms,0.2243,
frame_ms,0.2304,
frame_ms,0.2106,
frame_ms,0.3311,
frame_ms,0.3361,
frame_ms,0.3681,
frame_ms,0.313,
frame_ms,0.3544,
frame_ms,0.2353,
frame_ms,0.216,
frame_ms,0.2192,
frame_ms,0.219,
frame_ms,0.254,
tick_us,14.8,10
frame_ms,0.3262,
frame_ms,0.2654,
frame_ms,0.244,
frame_ms,0.2312,
frame_ms,0.2291,
frame_ms,0.2175,
frame_ms,0.2405,
frame_ms,0.2356,
frame_ms,0.26,
frame_ms,0.3936,
frame_ms,0.2661,
frame_ms,0.2364,
frame_ms,0.2228,
frame_ms,0.2145,
frame_ms,0.2346,
frame_ms,0.273,
frame_ms,0.3387,
frame_ms,0.2371,
frame_ms,0.2237,
frame_ms,0.2228,
frame_ms,0.2209,
frame_ms,0.2905,
frame_ms,0.2884,
frame_ms,0.3577,
frame_ms,0.3317,
frame_ms,0.259,
frame_ms,0.2274,
tick_us,14,10
frame_ms,0.2862,
frame_ms,0.2417,
frame_ms,0.2301,
frame_ms,0.2254,
frame_ms,0.2132,
frame_ms,0.2691,
frame_ms,0.2351,
frame_ms,0.2101,
frame_ms,0.2651,
frame_ms,0.2289,
frame_ms,0.2116,
frame_ms,0.2904,
frame_ms,0.2755,
frame_ms,0.2344,
frame_ms,0.2253,
frame_ms,0.2201,
frame_ms,0.4987,
frame_ms,0.276,
frame_ms,0.2496,
frame_ms,0.252,
frame_ms,0.2478,
frame_ms,0.2553,
frame_ms,0.2515,
frame_ms,0.2601,
frame_ms,0.2438,
frame_ms,0.2466,
frame_ms,0.3029,
tick_us,15.8,8
frame_ms,0.3483,
frame_ms,0.2689,
frame_ms,0.2609,
frame_ms,0.3602,
frame_ms,0.3601,
frame_ms,0.3365,
frame_ms,0.2287,
frame_ms,0.2216,
frame_ms,0.228,
frame_ms,0.2125,
frame_ms,0.2365,
frame_ms,0.2288,
frame_ms,0.222,
frame_ms,0.2133,
frame_ms,0.2915,
frame_ms,0.2584,
frame_ms,0.294,
frame_ms,0.2537,
frame_ms,0.2325,
frame_ms,0.2204,
frame_ms,0.2383,
frame_ms,0.2128,
frame_ms,0.2947,
frame_ms,0.2681,
frame_ms,0.2357,
frame_ms,0.2316,
frame_ms,0.2247,
tick_us,13.7,8
frame_ms,0.2814,
frame_ms,0.2704,
frame_ms,0.2266,
frame_ms,0.2144,
frame_ms,0.2095,
frame_ms,0.2773,
frame_ms,0.2608,
frame_ms,0.2372,
frame_ms,0.2239,
frame_ms,0.211,
frame_ms,0.2917,
frame_ms,0.3128,
frame_ms,0.232,
frame_ms,0.2242,
frame_ms,0.2178,
frame_ms,0.2213,
frame_ms,0.2564,
frame_ms,0.2309,
frame_ms,0.2219,
frame_ms,0.2126,
frame_ms,0.264,
frame_ms,0.2688,
frame_ms,0.248,
frame_ms,0.234,
frame_ms,0.2362,
frame_ms,0.2153,
frame_ms,0.2357,
frame_ms,0.2631,
tick_us,16.5,8
frame_ms,0.2987,
frame_ms,0.2464,
frame_ms,0.2311,
frame_ms,0.221,
frame_ms,0.2136,
frame_ms,0.2562,
frame_ms,0.2288,
frame_ms,0.2121,
frame_ms,0.269,
frame_ms,0.228,
frame_ms,0.2078,
frame_ms,0.353,
frame_ms,0.3026,
frame_ms,0.2556,
frame_ms,0.3241,
frame_ms,0.2699,
frame_ms,0.2486,
frame_ms,0.2793,
frame_ms,0.2375,
frame_ms,0.2336,
frame_ms,0.3013,
frame_ms,0.2987,
frame_ms,0.2276,
frame_ms,0.2215,
frame_ms,0.2152,
frame_ms,0.2138,
frame_ms,0.2709,
tick_us,16.2,8
frame_ms,0.3891,
frame_ms,0.8432,
frame_ms,0.319,
frame_ms,0.3441,
frame_ms,0.2636,
frame_ms,0.2238,
frame_ms,0.2223,
frame_ms,0.2158,
frame_ms,0.2413,
frame_ms,0.2681,
frame_ms,0.2684,
frame_ms,0.235,
frame_ms,0.2264,
frame_ms,0.2518,
frame_ms,0.2322,
frame_ms,0.2722,
frame_ms,0.3365,
frame_ms,0.2425,
frame_ms,0.2213,
frame_ms,0.22,
frame_ms,0.2112,
frame_ms,0.2539,
frame_ms,0.2378,
frame_ms,0.2137,
frame_ms,0.2667,
tick_us,13.5,6
frame_ms,0.2918,
frame_ms,0.5083,
frame_ms,0.3437,
frame_ms,0.3534,
frame_ms,0.2257,
frame_ms,0.2326,
frame_ms,0.4614,
frame_ms,0.2419,
frame_ms,0.2203,
frame_ms,0.218,
frame_ms,0.2212,
frame_ms,0.2515,
frame_ms,0.261,
frame_ms,0.2331,
frame_ms,0.2213,
frame_ms,0.2182,
frame_ms,0.2357,
frame_ms,0.2762,
frame_ms,0.2348,
frame_ms,0.2152,
frame_ms,0.2783,
frame_ms,0.2439,
frame_ms,0.2333,
frame_ms,0.4138,
frame_ms,0.2916,
tick_us,14.2,10
frame_ms,0.3366,
frame_ms,0.3917,
frame_ms,0.3455,
frame_ms,0.3363,
frame_ms,0.3317,
frame_ms,0.3267,
frame_ms,0.3447,
frame_ms,0.326,
frame_ms,0.3252,
frame_ms,0.335,
frame_ms,0.3357,
frame_ms,0.3263,
frame_ms,0.3384,
frame_ms,0.3455,
frame_ms,0.3236,
frame_ms,0.3216,
frame_ms,0.322,
frame_ms,0.3205,
frame_ms,0.3354,
frame_ms,0.3009,
frame_ms,0.2334,
tick_us,13.1,8
frame_ms,0.2779,
frame_ms,0.2217,
frame_ms,0.2394,
frame_ms,0.2187,
frame_ms,0.2625,
frame_ms,0.2447,
frame_ms,0.2773,
frame_ms,0.2993,
frame_ms,0.2592,
frame_ms,0.2568,
frame_ms,0.2244,
frame_ms,0.2206,
frame_ms,0.2205,
frame_ms,0.265,
frame_ms,0.2688,
frame_ms,0.2316,
frame_ms,0.243,
frame_ms,0.2137,
frame_ms,0.2772,
frame_ms,0.2999,
frame_ms,0.2257,
frame_ms,0.2232,
frame_ms,0.2163,
frame_ms,0.2459,
frame_ms,0.2247,
frame_ms,0.2123,
frame_ms,0.2748,
frame_ms,0.2244,
frame_ms,0.2085,
tick_us,14.7,8
frame_ms,0.3362,
frame_ms,0.2449,
frame_ms,0.2256,
frame_ms,0.2194,
frame_ms,0.2102,
frame_ms,0.2629,
frame_ms,0.3924,
frame_ms,0.3766,
frame_ms,0.2599,
frame_ms,0.2228,
frame_ms,0.22,
frame_ms,0.2318,
frame_ms,0.2705,
frame_ms,0.2282,
frame_ms,0.2217,
frame_ms,0.2671,
frame_ms,0.2337,
frame_ms,0.2139,
frame_ms,0.2676,
frame_ms,0.2271,
frame_ms,0.2103,
frame_ms,0.3088,
frame_ms,0.2444,
frame_ms,0.2202,
frame_ms,0.2546,
frame_ms,0.2634,
frame_ms,0.249,
tick_us,13.4,8
frame_ms,0.2729,
frame_ms,0.2285,
frame_ms,0.2813,
frame_ms,0.2691,
frame_ms,0.2624,
frame_ms,0.2301,
frame_ms,0.2242,
frame_ms,0.2178,
frame_ms,0.2175,
frame_ms,0.271,
frame_ms,0.2549,
frame_ms,0.5284,
frame_ms,0.3458,
frame_ms,0.2818,
frame_ms,0.2436,
frame_ms,0.2284,
frame_ms,0.2283,
frame_ms,0.2266,
frame_ms,0.2918,
frame_ms,0.3381,
frame_ms,0.2308,
frame_ms,0.2213,
frame_ms,0.2191,
frame_ms,0.2108,
frame_ms,0.2465,
frame_ms,0.2234,
frame_ms,0.2609,
tick_us,15.2,8
frame_ms,0.2684,
frame_ms,0.28,
frame_ms,0.2334,
frame_ms,0.2197,
frame_ms,0.278,
frame_ms,0.2697,
frame_ms,0.2388,
frame_ms,0.2232,
frame_ms,0.2201,
frame_ms,0.2374,
frame_ms,0.2147,
frame_ms,0.3087,
frame_ms,0.261,
frame_ms,0.2315,
frame_ms,0.2167,
frame_ms,0.2169,
frame_ms,0.2888,
frame_ms,0.2919,
frame_ms,0.3847,
frame_ms,0.2592,
frame_ms,0.2254,
frame_ms,0.22,
frame_ms,0.2142,
frame_ms,0.2305,
frame_ms,0.2717,
frame_ms,0.25,
frame_ms,0.2223,
tick_us,14,8
frame_ms,0.3031,
frame_ms,0.2329,
frame_ms,0.245,
frame_ms,0.2282,
frame_ms,0.2121,
frame_ms,0.2575,
frame_ms,0.264,
frame_ms,0.2593,
frame_ms,0.2789,
frame_ms,0.2328,
frame_ms,0.2257,
frame_ms,0.2434,
frame_ms,0.2269,
frame_ms,0.2666,
frame_ms,0.2581,
frame_ms,0.2448,
frame_ms,0.2164,
frame_ms,0.2154,
frame_ms,0.2636,
frame_ms,0.3155,
frame_ms,0.3136,
frame_ms,0.272,
frame_ms,0.2552,
frame_ms,0.2566,
frame_ms,0.2958,
frame_ms,0.2463,
frame_ms,0.2327,
frame_ms,0.2243,
tick_us,16.3,8
frame_ms,0.2755,
frame_ms,0.2346,
frame_ms,0.2163,
frame_ms,0.2954,
frame_ms,0.2706,
frame_ms,0.2351,
frame_ms,0.2258,
frame_ms,0.2215,
frame_ms,0.2149,
frame_ms,0.2546,
frame_ms,0.2612,
frame_ms,0.2137,
frame_ms,0.2169,
frame_ms,0.2446,
frame_ms,0.2751,
frame_ms,0.2388,
frame_ms,0.2146,
frame_ms,0.2768,
frame_ms,0.2354,
frame_ms,0.2136,
frame_ms,0.2601,
frame_ms,0.2258,
frame_ms,0.2102,
frame_ms,0.2829,
frame_ms,0.2317,
frame_ms,0.2121,
frame_ms,0.2793,
frame_ms,0.2311,
frame_ms,0.2127,
tick_us,15.7,10
frame_ms,0.3076,
frame_ms,0.2585,
frame_ms,0.2373,
frame_ms,0.2303,
frame_ms,0.2278,
frame_ms,0.2089,
frame_ms,0.3135,
frame_ms,0.2444,
frame_ms,0.2109,
frame_ms,0.2513,
frame_ms,0.2277,
frame_ms,0.2066,
frame_ms,0.2746,
frame_ms,0.2348,
frame_ms,0.2114,
frame_ms,0.2534,
frame_ms,0.2325,
frame_ms,0.2157,
frame_ms,0.2833,
frame_ms,0.2319,
frame_ms,0.2083,
frame_ms,0.2744,
frame_ms,0.2272,
frame_ms,0.2085,
frame_ms,0.5305,
frame_ms,0.2658,
frame_ms,0.2217,
tick_us,13.2,10
frame_ms,0.2663,
frame_ms,0.2311,
frame_ms,0.2119,
frame_ms,0.2148,
frame_ms,0.2462,
frame_ms,0.2966,
frame_ms,0.3037,
frame_ms,0.4776,
frame_ms,0.346,
frame_ms,0.3048,
frame_ms,0.3165,
frame_ms,0.2537,
frame_ms,0.2356,
frame_ms,0.2665,
frame_ms,0.2494,
frame_ms,0.2236,
frame_ms,0.2169,
frame_ms,0.2195,
frame_ms,0.2303,
frame_ms,0.2752,
frame_ms,0.244,
frame_ms,0.2245,
frame_ms,0.2402,
frame_ms,0.2776,
frame_ms,0.2617,
frame_ms,0.2183,
frame_ms,0.2249,
tick_us,13.5,10
frame_ms,0.287,
frame_ms,0.2412,
frame_ms,0.221,
frame_ms,0.2549,
frame_ms,0.2332,
frame_ms,0.2078,
frame_ms,0.2701,
frame_ms,0.2312,
frame_ms,0.2069,
frame_ms,0.2468,
frame_ms,0.2213,
frame_ms,0.2101,
frame_ms,0.2878,
frame_ms,0.2788,
frame_ms,0.2456,
frame_ms,0.228,
frame_ms,0.2864,
frame_ms,0.2478,
frame_ms,0.2255,
frame_ms,0.2345,
frame_ms,0.2199,
frame_ms,0.2507,
frame_ms,0.2581,
frame_ms,0.2595,
frame_ms,0.2235,
frame_ms,0.2195,
frame_ms,0.2852,
frame_ms,0.2547,
tick_us,13.7,10
frame_ms,0.2699,
frame_ms,0.2512,
frame_ms,0.2211,
frame_ms,0.2637,
frame_ms,0.2408,
frame_ms,0.2189,
frame_ms,0.2158,
frame_ms,0.325,
frame_ms,0.2594,
frame_ms,0.2283,
frame_ms,0.2136,
frame_ms,0.2287,
frame_ms,0.2206,
frame_ms,0.2542,
frame_ms,0.2217,
frame_ms,0.2104,
frame_ms,0.2523,
frame_ms,0.371,
frame_ms,0.2575,
frame_ms,0.2457,
frame_ms,0.2252,
frame_ms,0.2205,
frame_ms,0.2834,
frame_ms,0.2415,
frame_ms,0.2273,
frame_ms,0.2775,
frame_ms,0.2779,
frame_ms,0.2379,
tick_us,15.9,10
frame_ms,0.2935,
frame_ms,0.2423,
frame_ms,0.2249,
frame_ms,0.2233,
frame_ms,0.2289,
frame_ms,0.2267,
frame_ms,0.339,
frame_ms,0.2764,
frame_ms,0.2393,
frame_ms,0.2185,
frame_ms,0.2758,
frame_ms,0.32,
frame_ms,0.2264,
frame_ms,0.2234,
frame_ms,0.2164,
frame_ms,0.2104,
frame_ms,0.2597,
frame_ms,0.231,
frame_ms,0.2244,
frame_ms,0.2106,
frame_ms,0.2601,
frame_ms,0.2277,
frame_ms,0.3087,
frame_ms,0.4002,
frame_ms,0.3846,
frame_ms,0.3416,
tick_us,23.6,10
frame_ms,0.514,
frame_ms,0.2795,
frame_ms,0.2196,
frame_ms,0.2161,
frame_ms,0.209,
frame_ms,0.2114,
frame_ms,0.2461,
frame_ms,0.2236,
frame_ms,0.215,
frame_ms,0.242,
frame_ms,0.2107,
frame_ms,0.3617,
frame_ms,0.6342,
frame_ms,0.404,
frame_ms,0.4175,
frame_ms,0.3412,
frame_ms,0.3346,
frame_ms,0.3275,
frame_ms,0.2585,
frame_ms,0.2105,
frame_ms,0.225,
frame_ms,0.2109,
frame_ms,0.2038,
frame_ms,0.265,
tick_us,21.5,10
frame_ms,0.3348,
frame_ms,0.2517,
frame_ms,0.3102,
frame_ms,0.2461,
frame_ms,0.242,
frame_ms,0.2687,
frame_ms,0.2308,
frame_ms,0.2264,
frame_ms,0.2235,
frame_ms,0.2354,
frame_ms,0.2121,
frame_ms,0.2842,
frame_ms,0.2696,
frame_ms,0.2287,
frame_ms,0.2122,
frame_ms,0.2113,
frame_ms,0.2735,
frame_ms,0.2953,
frame_ms,0.2529,
frame_ms,0.2949,
frame_ms,0.2461,
frame_ms,0.2435,
frame_ms,0.2691,
frame_ms,0.2961,
frame_ms,0.2418,
frame_ms,0.2177,
frame_ms,0.2213,
frame_ms,0.2131,
tick_us,18.8,10
frame_ms,0.2791,
frame_ms,0.2214,
frame_ms,0.2177,
frame_ms,0.2413,
frame_ms,0.218,
frame_ms,0.2591,
frame_ms,0.2648,
frame_ms,0.228,
frame_ms,0.6733,
frame_ms,0.3293,
frame_ms,0.2564,
frame_ms,0.2142,
frame_ms,0.2202,
frame_ms,0.219,
frame_ms,0.2085,
frame_ms,0.2282,
frame_ms,0.2308,
frame_ms,0.2191,
frame_ms,0.2053,
frame_ms,0.4952,
frame_ms,0.2706,
frame_ms,0.2193,
frame_ms,0.623,
frame_ms,0.2413,
frame_ms,0.2172,
tick_us,17.3,10
frame_ms,0.2856,
frame_ms,0.2445,
frame_ms,0.2265,
frame_ms,0.2166,
frame_ms,0.2169,
frame_ms,0.2289,
frame_ms,0.2193,
frame_ms,0.2745,
frame_ms,0.2701,
frame_ms,0.2302,
frame_ms,0.2145,
frame_ms,0.2489,
frame_ms,0.2298,
frame_ms,0.2131,
frame_ms,0.3584,
frame_ms,0.2851,
frame_ms,0.2306,
frame_ms,0.228,
frame_ms,0.2285,
frame_ms,0.2159,
frame_ms,0.2122,
frame_ms,0.2677,
frame_ms,0.267,
frame_ms,0.2455,
frame_ms,0.2107,
frame_ms,0.2179,
tick_us,17.4,10
frame_ms,0.8201,
frame_ms,0.291,
frame_ms,0.3256,
frame_ms,0.327,
frame_ms,0.2356,
frame_ms,0.2262,
frame_ms,0.2185,
frame_ms,0.2178,
frame_ms,0.2121,
frame_ms,0.248,
frame_ms,0.2195,
frame_ms,0.2139,
frame_ms,0.2197,
frame_ms,0.2593,
frame_ms,0.2771,
frame_ms,0.2302,
frame_ms,0.221,
frame_ms,0.2179,
frame_ms,0.2456,
frame_ms,0.2382,
frame_ms,0.2327,
frame_ms,0.2135,
frame_ms,0.2618,
frame_ms,0.229,
frame_ms,0.2113,
frame_ms,0.2686,
frame_ms,0.2149,
frame_ms,0.2399,
tick_us,17.5,10
frame_ms,0.619,
frame_ms,0.2853,
frame_ms,0.227,
frame_ms,0.2068,
frame_ms,0.2616,
frame_ms,0.2177,
frame_ms,0.2317,
frame_ms,0.3451,
frame_ms,0.2689,
frame_ms,0.2529,
frame_ms,0.2147,
frame_ms,0.2148,
frame_ms,0.2797,
frame_ms,0.2269,
frame_ms,0.2084,
frame_ms,0.2335,
frame_ms,0.327,
frame_ms,0.3998,
frame_ms,0.3502,
frame_ms,0.3891,
frame_ms,0.2381,
frame_ms,0.2184,
frame_ms,0.4352,
frame_ms,0.376,
tick_us,18.6,10
frame_ms,0.4753,
frame_ms,0.4013,
frame_ms,0.3294,
frame_ms,0.2382,
frame_ms,0.212,
frame_ms,0.213,
frame_ms,0.2097,
frame_ms,0.2066,
frame_ms,0.2662,
frame_ms,0.223,
frame_ms,0.3565,
frame_ms,0.4177,
frame_ms,0.343,
frame_ms,0.3579,
frame_ms,0.3609,
frame_ms,0.3975,
frame_ms,0.2806,
frame_ms,0.2384,
frame_ms,0.2105,
frame_ms,0.2106,
frame_ms,0.2046,
frame_ms,0.2662,
frame_ms,0.2187,
frame_ms,0.2057,
tick_us,15.4,10
frame_ms,0.4161,
frame_ms,0.3153,
frame_ms,0.2562,
frame_ms,0.2418,
frame_ms,0.2524,
frame_ms,0.2513,
frame_ms,0.3153,
frame_ms,0.3151,
frame_ms,0.2599,
frame_ms,0.2256,
frame_ms,0.2427,
frame_ms,0.2192,
frame_ms,0.2119,
frame_ms,0.2207,
frame_ms,0.2619,
frame_ms,0.2576,
frame_ms,0.3904,
frame_ms,0.3681,
frame_ms,0.6402,
frame_ms,0.3729,
frame_ms,0.3871,
frame_ms,0.3961,
frame_ms,0.3115,
tick_us,16.4,8
frame_ms,0.3038,
frame_ms,0.2469,
frame_ms,0.2162,
frame_ms,0.2151,
frame_ms,0.2151,
frame_ms,0.2179,
frame_ms,0.2421,
frame_ms,0.2245,
frame_ms,0.4944,
frame_ms,0.2554,
frame_ms,0.2186,
frame_ms,0.2141,
frame_ms,0.2073,
frame_ms,0.2137,
frame_ms,0.2574,
frame_ms,0.2249,
frame_ms,0.2096,
frame_ms,0.2509,
frame_ms,0.2219,
frame_ms,0.2063,
frame_ms,0.2258,
frame_ms,0.2131,
frame_ms,0.2697,
frame_ms,0.2747,
frame_ms,0.4744,
frame_ms,0.4035,
frame_ms,0.3686,
tick_us,15.6,10
frame_ms,0.3099,
frame_ms,0.2373,
frame_ms,0.2167,
frame_ms,0.2245,
frame_ms,0.2145,
frame_ms,0.2157,
frame_ms,0.2729,
frame_ms,0.2651,
frame_ms,0.2271,
frame_ms,0.2116,
frame_ms,0.2301,
frame_ms,0.5322,
frame_ms,0.5512,
frame_ms,0.3018,
frame_ms,0.2496,
frame_ms,0.2221,
frame_ms,0.2234,
frame_ms,0.2171,
frame_ms,0.2143,
frame_ms,0.2668,
frame_ms,0.2327,
frame_ms,0.2727,
frame_ms,0.2331,
frame_ms,0.2181,
frame_ms,0.2716,
frame_ms,0.2576,
tick_us,17,12
frame_ms,0.8029,
frame_ms,0.2876,
frame_ms,0.2484,
frame_ms,0.2478,
frame_ms,0.241,
frame_ms,0.2428,
frame_ms,0.2413,
frame_ms,0.2521,
frame_ms,0.2407,
frame_ms,0.2379,
frame_ms,0.2417,
frame_ms,0.2333,
frame_ms,0.2288,
frame_ms,0.2465,
frame_ms,0.3562,
frame_ms,0.2847,
frame_ms,0.3912,
frame_ms,0.2617,
frame_ms,0.24,
frame_ms,0.225,
frame_ms,0.2172,
frame_ms,0.215,
frame_ms,0.2462,
frame_ms,0.2584,
frame_ms,0.2295,
tick_us,14.1,10
frame_ms,0.272,
frame_ms,0.2311,
frame_ms,0.2108,
frame_ms,0.2067,
frame_ms,0.2594,
frame_ms,0.2696,
frame_ms,0.2578,
frame_ms,0.2548,
frame_ms,0.2474,
frame_ms,0.2425,
frame_ms,0.2389,
frame_ms,0.2681,
frame_ms,0.3215,
frame_ms,0.4508,
frame_ms,0.2209,
frame_ms,0.2178,
frame_ms,0.2093,
frame_ms,0.2065,
frame_ms,0.262,
frame_ms,0.2249,
frame_ms,0.2175,
frame_ms,0.2379,
frame_ms,0.204,
frame_ms,0.6356,
frame_ms,0.3284,
frame_ms,0.2475,
tick_us,15.1,10
frame_ms,0.2695,
frame_ms,0.2738,
frame_ms,0.2343,
frame_ms,0.2073,
frame_ms,0.2037,
frame_ms,0.2888,
frame_ms,0.2914,
frame_ms,0.2104,
frame_ms,0.2069,
frame_ms,0.2661,
frame_ms,0.2572,
frame_ms,0.2139,
frame_ms,0.2148,
frame_ms,0.2357,
frame_ms,0.258,
frame_ms,0.279,
frame_ms,0.2365,
frame_ms,0.2194,
frame_ms,0.2165,
frame_ms,0.256,
frame_ms,0.2447,
frame_ms,0.2157,
frame_ms,0.2082,
frame_ms,0.2592,
frame_ms,0.223,
frame_ms,0.2114,
frame_ms,0.2357,
frame_ms,0.2062,
frame_ms,0.2071,
tick_us,17.8,10
frame_ms,0.3208,
frame_ms,1.0411,
frame_ms,0.3076,
frame_ms,0.2429,
frame_ms,0.213,
frame_ms,0.3307,
frame_ms,0.2172,
frame_ms,0.2198,
frame_ms,0.2323,
frame_ms,0.2255,
frame_ms,0.2149,
frame_ms,0.2473,
frame_ms,0.2651,
frame_ms,0.2292,
frame_ms,0.2228,
frame_ms,0.2309,
frame_ms,0.2485,
frame_ms,0.3906,
frame_ms,0.2556,
frame_ms,0.2227,
frame_ms,0.2223,
frame_ms,0.2189,
frame_ms,0.4255,
frame_ms,0.2485,
tick_us,17,12
frame_ms,0.2928,
frame_ms,0.2321,
frame_ms,0.2176,
frame_ms,0.22,
frame_ms,0.2129,
frame_ms,0.363,
frame_ms,0.4937,
frame_ms,0.4992,
frame_ms,0.3851,
frame_ms,0.2869,
frame_ms,0.258,
frame_ms,0.2413,
frame_ms,0.2252,
frame_ms,0.2212,
frame_ms,0.2147,
frame_ms,0.2747,
frame_ms,0.231,
frame_ms,0.2113,
frame_ms,0.2117,
frame_ms,0.2915,
frame_ms,0.3066,
frame_ms,0.2888,
frame_ms,0.2684,
frame_ms,0.2698,
frame_ms,0.2434,
tick_us,18.8,12
frame_ms,0.3144,
frame_ms,0.2692,
frame_ms,0.2471,
frame_ms,0.2379,
frame_ms,0.2403,
frame_ms,0.2327,
frame_ms,0.2262,
frame_ms,0.2266,
frame_ms,0.2648,
frame_ms,0.226,
frame_ms,0.2934,
frame_ms,0.2509,
frame_ms,0.2439,
frame_ms,0.2949,
frame_ms,0.2316,
frame_ms,0.2264,
frame_ms,0.2487,
frame_ms,0.2756,
frame_ms,0.3012,
frame_ms,0.2605,
frame_ms,0.2332,
frame_ms,0.2365,
frame_ms,0.2259,
frame_ms,0.2203,
frame_ms,0.2152,
frame_ms,0.249,
frame_ms,0.245,
frame_ms,0.2794,
tick_us,16.5,12
frame_ms,0.3799,
frame_ms,0.2952,
frame_ms,0.2296,
frame_ms,0.4989,
frame_ms,0.3984,
frame_ms,0.3425,
frame_ms,0.2487,
frame_ms,0.2199,
frame_ms,0.2224,
frame_ms,0.229,
frame_ms,0.2361,
frame_ms,0.2197,
frame_ms,0.2274,
frame_ms,0.2474,
frame_ms,0.2972,
frame_ms,0.2663,
frame_ms,0.3204,
frame_ms,0.2502,
frame_ms,0.2548,
frame_ms,0.2579,
frame_ms,0.2781,
frame_ms,0.2744,
frame_ms,0.2281,
frame_ms,0.2273,
frame_ms,0.2208,
tick_us,15.1,12
frame_ms,0.2774,
frame_ms,0.2372,
frame_ms,0.2334,
frame_ms,0.2214,
frame_ms,0.2105,
frame_ms,0.2724,
frame_ms,0.8243,
frame_ms,0.2534,
frame_ms,0.2202,
frame_ms,0.2187,
frame_ms,0.2812,
frame_ms,0.2118,
frame_ms,0.2095,
frame_ms,0.2075,
frame_ms,0.2565,
frame_ms,0.2598,
frame_ms,0.2273,
frame_ms,0.2143,
frame_ms,0.2158,
frame_ms,0.2407,
frame_ms,0.2543,
frame_ms,0.2491,
frame_ms,0.2318,
frame_ms,0.2143,
frame_ms,0.2298,
frame_ms,0.2227,
frame_ms,0.2189,
tick_us,19,12
frame_ms,0.2948,
frame_ms,0.2324,
frame_ms,0.2168,
frame_ms,0.2506,
frame_ms,0.257,
frame_ms,0.2312,
frame_ms,0.2238,
frame_ms,0.2144,
frame_ms,0.2109,
frame_ms,0.2374,
frame_ms,0.2817,
frame_ms,0.2628,
frame_ms,0.2631,
frame_ms,0.2201,
frame_ms,0.2274,
frame_ms,0.2261,
frame_ms,0.2157,
frame_ms,0.2431,
frame_ms,0.2292,
frame_ms,0.2253,
frame_ms,0.2285,
frame_ms,0.2202,
frame_ms,0.2436,
frame_ms,0.2251,
frame_ms,0.2136,
frame_ms,0.2266,
frame_ms,0.2203,
frame_ms,0.2126,
frame_ms,0.2053,
frame_ms,0.2718,
tick_us,13.6,8
frame_ms,0.2751,
frame_ms,0.2687,
frame_ms,0.2446,
frame_ms,0.2226,
frame_ms,0.2131,
frame_ms,0.2124,
frame_ms,0.2697,
frame_ms,0.2254,
frame_ms,0.2084,
frame_ms,0.2255,
frame_ms,0.2494,
frame_ms,0.22,
frame_ms,0.205,
frame_ms,0.2459,
frame_ms,0.2226,
frame_ms,0.2059,
frame_ms,0.2266,
frame_ms,0.2042,
frame_ms,0.8247,
frame_ms,0.2651,
frame_ms,0.224,
frame_ms,0.2204,
frame_ms,0.2153,
frame_ms,0.211,
frame_ms,0.2606,
frame_ms,0.252,
frame_ms,0.2223,
tick_us,12,8
frame_ms,0.2585,
frame_ms,0.2252,
frame_ms,0.209,
frame_ms,0.2437,
frame_ms,0.2203,
frame_ms,0.2233,
frame_ms,0.2169,
frame_ms,0.2453,
frame_ms,0.2704,
frame_ms,0.2321,
frame_ms,0.2249,
frame_ms,0.2136,
frame_ms,0.2104,
frame_ms,0.2545,
frame_ms,0.2534,
frame_ms,0.223,
frame_ms,0.2116,
frame_ms,0.265,
frame_ms,0.2935,
frame_ms,0.2672,
frame_ms,0.241,
frame_ms,0.307,
frame_ms,0.2534,
frame_ms,0.2566,
frame_ms,0.2856,
frame_ms,0.2284,
frame_ms,0.2171,
frame_ms,0.2182,
frame_ms,0.209,
tick_us,17.4,6
frame_ms,0.3126,
frame_ms,0.2333,
frame_ms,0.2265,
frame_ms,0.2052,
frame_ms,0.2044,
frame_ms,0.2651,
frame_ms,0.2294,
frame_ms,0.2049,
frame_ms,0.2416,
frame_ms,0.2189,
frame_ms,0.2107,
frame_ms,0.2293,
frame_ms,0.2118,
frame_ms,0.2096,
frame_ms,0.3304,
frame_ms,0.2381,
frame_ms,0.2141,
frame_ms,0.2062,
frame_ms,0.2747,
frame_ms,0.2223,
frame_ms,0.2044,
frame_ms,0.2498,
frame_ms,0.2181,
frame_ms,0.2124,
frame_ms,0.2488,
frame_ms,0.2182,
frame_ms,0.2148,
frame_ms,0.2366,
frame_ms,0.222,
frame_ms,0.2172,
tick_us,11.3,6
frame_ms,0.2852,
frame_ms,0.2441,
frame_ms,0.2355,
frame_ms,0.2092,
frame_ms,0.2456,
frame_ms,0.2214,
frame_ms,0.2282,
frame_ms,0.2016,
frame_ms,0.2476,
frame_ms,0.2192,
frame_ms,0.2023,
frame_ms,0.2379,
frame_ms,0.2184,
frame_ms,0.208,
frame_ms,0.2595,
frame_ms,0.2194,
frame_ms,0.2061,
frame_ms,0.293,
frame_ms,0.2756,
frame_ms,0.2645,
frame_ms,0.2365,
frame_ms,0.3394,
frame_ms,0.2947,
frame_ms,0.2768,
frame_ms,0.2273,
frame_ms,0.2122,
frame_ms,0.204,
frame_ms,0.2043,
frame_ms,0.2679,
tick_us,14.1,6
frame_ms,0.2852,
frame_ms,0.2298,
frame_ms,0.2104,
frame_ms,0.2017,
frame_ms,0.2676,
frame_ms,0.2404,
frame_ms,0.2073,
frame_ms,0.2403,
frame_ms,0.2165,
frame_ms,0.364,
frame_ms,0.3317,
frame_ms,0.2355,
frame_ms,0.2369,
frame_ms,0.2094,
frame_ms,0.2041,
frame_ms,0.2492,
frame_ms,0.2203,
frame_ms,0.2009,
frame_ms,0.2382,
frame_ms,0.2175,
frame_ms,0.2141,
frame_ms,0.2406,
frame_ms,0.2345,
frame_ms,0.2097,
frame_ms,0.2034,
frame_ms,0.265,
frame_ms,0.3976,
frame_ms,0.3813,
tick_us,66.7,6
frame_ms,0.5253,
frame_ms,0.3283,
frame_ms,0.3385,
frame_ms,0.3672,
frame_ms,0.3429,
frame_ms,0.3355,
frame_ms,0.3483,
frame_ms,0.3896,
frame_ms,0.3461,
frame_ms,0.3106,
frame_ms,0.2408,
frame_ms,0.2234,
frame_ms,0.2399,
frame_ms,0.2096,
frame_ms,0.2071,
frame_ms,0.2543,
frame_ms,0.2296,
frame_ms,0.2115,
frame_ms,0.2608,
frame_ms,0.2254,
frame_ms,0.2067,
frame_ms,0.377,
frame_ms,0.2965,
tick_us,16.4,4
frame_ms,0.3214,
frame_ms,0.353,
frame_ms,0.3322,
frame_ms,0.2751,
frame_ms,0.2392,
frame_ms,0.2183,
frame_ms,0.224,
frame_ms,0.2227,
frame_ms,0.2216,
frame_ms,0.2508,
frame_ms,0.2589,
frame_ms,0.2295,
frame_ms,0.2152,
frame_ms,0.2117,
frame_ms,0.2387,
frame_ms,0.2213,
frame_ms,0.2312,
frame_ms,0.2494,
frame_ms,0.238,
frame_ms,0.5778,
frame_ms,0.353,
frame_ms,0.2815,
frame_ms,0.2304,
frame_ms,0.2095,
frame_ms,0.208,
frame_ms,0.2097,
frame_ms,0.2507,
tick_us,14.3,4
frame_ms,0.2809,
frame_ms,0.232,
frame_ms,0.2268,
frame_ms,0.214,
frame_ms,0.2064,
frame_ms,0.2957,
frame_ms,0.2611,
frame_ms,0.2482,
frame_ms,0.2278,
frame_ms,0.2208,
frame_ms,0.214,
frame_ms,0.2613,
frame_ms,0.4469,
frame_ms,0.4071,
frame_ms,0.2537,
frame_ms,0.2142,
frame_ms,0.2147,
frame_ms,0.2248,
frame_ms,0.2094,
frame_ms,0.2681,
frame_ms,0.2264,
frame_ms,0.2208,
frame_ms,0.2094,
frame_ms,0.2448,
frame_ms,0.2368,
frame_ms,0.2301,
frame_ms,0.2123,
frame_ms,0.2054,
tick_us,14.5,4
frame_ms,0.314,
frame_ms,0.2397,
frame_ms,0.2156,
frame_ms,0.2064,
frame_ms,0.205,
frame_ms,0.3773,
frame_ms,0.24,
frame_ms,0.2104,
frame_ms,0.2039,
frame_ms,0.2543,
frame_ms,0.2274,
frame_ms,0.2063,
frame_ms,0.4176,
frame_ms,0.3539,
frame_ms,0.2571,
frame_ms,0.2386,
frame_ms,0.2369,
frame_ms,0.2361,
frame_ms,0.2567,
frame_ms,0.2569,
frame_ms,0.2272,
frame_ms,0.2256,
frame_ms,0.2458,
frame_ms,0.2243,
frame_ms,0.236,
frame_ms,0.2282,
frame_ms,0.2297,
frame_ms,0.2571,
tick_us,16.8,6
frame_ms,0.2981,
frame_ms,0.2682,
frame_ms,0.2372,
frame_ms,0.2256,
frame_ms,0.2197,
frame_ms,0.2357,
frame_ms,0.2188,
frame_ms,0.2155,
frame_ms,0.286,
frame_ms,0.2248,
frame_ms,0.2135,
frame_ms,0.2408,
frame_ms,0.219,
frame_ms,0.2167,
frame_ms,0.2254,
frame_ms,0.2217,
frame_ms,0.2142,
frame_ms,0.2092,
frame_ms,0.3236,
frame_ms,0.2936,
frame_ms,0.2338,
frame_ms,0.2312,
frame_ms,0.2313,
frame_ms,0.2212,
frame_ms,0.2536,
frame_ms,0.254,
frame_ms,0.218,
frame_ms,0.2121,
frame_ms,0.2498,
tick_us,13,6
frame_ms,0.272,
frame_ms,0.2255,
frame_ms,0.2103,
frame_ms,0.205,
frame_ms,0.2602,
frame_ms,0.2286,
frame_ms,0.2191,
frame_ms,0.213,
frame_ms,0.4699,
frame_ms,0.4721,
frame_ms,0.3793,
frame_ms,0.3538,
frame_ms,0.2921,
frame_ms,0.2397,
frame_ms,0.2214,
frame_ms,0.2276,
frame_ms,0.2272,
frame_ms,0.2182,
frame_ms,0.2257,
frame_ms,0.2418,
frame_ms,0.2954,
frame_ms,0.4102,
frame_ms,0.5152,
frame_ms,0.3479,
tick_us,17.6,6
frame_ms,0.4619,
frame_ms,0.3332,
frame_ms,0.3275,
frame_ms,0.2457,
frame_ms,0.2206,
frame_ms,0.2176,
frame_ms,0.2165,
frame_ms,0.2713,
frame_ms,0.2076,
frame_ms,0.3018,
frame_ms,0.2335,
frame_ms,0.2877,
frame_ms,0.2242,
frame_ms,0.2117,
frame_ms,0.2079,
frame_ms,0.249,
frame_ms,0.2238,
frame_ms,0.2109,
frame_ms,0.2168,
frame_ms,0.25,
frame_ms,0.2179,
frame_ms,0.2079,
frame_ms,0.2229,
frame_ms,0.2129,
frame_ms,0.205,
frame_ms,0.2588,
frame_ms,0.2224,
frame_ms,0.2381,
tick_us,16.3,6
frame_ms,0.2929,
frame_ms,0.2328,
frame_ms,0.4759,
frame_ms,0.3874,
frame_ms,0.3692,
frame_ms,0.4098,
frame_ms,0.3261,
frame_ms,0.285,
frame_ms,0.239,
frame_ms,0.21,
frame_ms,0.2107,
frame_ms,0.2067,
frame_ms,0.2726,
frame_ms,0.2557,
frame_ms,0.2128,
frame_ms,0.2186,
frame_ms,0.6551,
frame_ms,0.3601,
frame_ms,0.343,
frame_ms,0.3273,
frame_ms,0.2471,
frame_ms,0.211,
frame_ms,0.2156,
tick_us,16.4,6
frame_ms,0.2764,
frame_ms,0.2328,
frame_ms,0.2094,
frame_ms,0.2161,
frame_ms,0.2527,
frame_ms,0.25,
frame_ms,0.2198,
frame_ms,0.2247,
frame_ms,0.2936,
frame_ms,0.2343,
frame_ms,0.2121,
frame_ms,0.2779,
frame_ms,0.2758,
frame_ms,0.2367,
frame_ms,0.2272,
frame_ms,0.2238,
frame_ms,0.2271,
frame_ms,0.2424,
frame_ms,0.2492,
frame_ms,0.2469,
frame_ms,0.2177,
frame_ms,0.2105,
frame_ms,0.2919,
frame_ms,0.2406,
frame_ms,0.7734,
frame_ms,0.2745,
tick_us,16.6,6
frame_ms,0.289,
frame_ms,0.2272,
frame_ms,0.2205,
frame_ms,0.2208,
frame_ms,0.2155,
frame_ms,0.2187,
frame_ms,0.2377,
frame_ms,0.2183,
frame_ms,0.2074,
frame_ms,0.2428,
frame_ms,0.2684,
frame_ms,0.3819,
frame_ms,0.2679,
frame_ms,0.218,
frame_ms,0.2348,
frame_ms,0.2205,
frame_ms,0.2631,
frame_ms,0.2237,
frame_ms,0.2179,
frame_ms,0.2094,
frame_ms,0.2871,
frame_ms,0.2754,
frame_ms,0.2469,
frame_ms,0.2228,
frame_ms,0.2154,
frame_ms,0.214,
frame_ms,0.2604,
frame_ms,0.2262,
tick_us,19.2,6
frame_ms,0.6358,
frame_ms,0.3141,
frame_ms,0.2478,
frame_ms,0.264,
frame_ms,0.2399,
frame_ms,0.2482,
frame_ms,0.2242,
frame_ms,0.2281,
frame_ms,0.2186,
frame_ms,0.2067,
frame_ms,0.2466,
frame_ms,0.2253,
frame_ms,0.2177,
frame_ms,0.2415,
frame_ms,0.2236,
frame_ms,0.2113,
frame_ms,0.303,
frame_ms,0.2872,
frame_ms,0.234,
frame_ms,0.5573,
frame_ms,0.3203,
frame_ms,0.2568,
frame_ms,0.2239,
frame_ms,0.2169,
frame_ms,0.2147,
frame_ms,0.2118,
frame_ms,0.2586,
tick_us,15.9,6
frame_ms,0.2994,
frame_ms,0.2301,
frame_ms,0.2231,
frame_ms,0.2122,
frame_ms,0.2077,
frame_ms,0.3059,
frame_ms,0.2653,
frame_ms,0.2435,
frame_ms,0.2392,
frame_ms,0.2332,
frame_ms,0.2245,
frame_ms,0.229,
frame_ms,0.2477,
frame_ms,0.4776,
frame_ms,0.285,
frame_ms,0.2445,
frame_ms,0.218,
frame_ms,0.2182,
frame_ms,0.213,
frame_ms,0.2104,
frame_ms,0.2633,
frame_ms,0.2685,
frame_ms,0.2285,
frame_ms,0.213,
frame_ms,0.2888,
frame_ms,0.2185,
frame_ms,0.2172,
frame_ms,0.2137,
tick_us,17.6,8
frame_ms,0.3531,
frame_ms,0.2492,
frame_ms,0.2188,
frame_ms,0.2053,
frame_ms,0.2076,
frame_ms,0.2744,
frame_ms,0.3773,
frame_ms,0.2635,
frame_ms,0.229,
frame_ms,0.2149,
frame_ms,0.2772,
frame_ms,0.2544,
frame_ms,0.3075,
frame_ms,0.239,
frame_ms,0.2288,
frame_ms,0.2362,
frame_ms,0.3427,
frame_ms,0.2465,
frame_ms,0.2115,
frame_ms,0.2162,
frame_ms,0.2035,
frame_ms,0.2617,
frame_ms,0.225,
frame_ms,0.2122,
frame_ms,0.2213,
frame_ms,0.2121,
frame_ms,0.2026,
tick_us,16.7,8
frame_ms,0.4219,
frame_ms,0.2955,
frame_ms,0.2521,
frame_ms,0.2284,
frame_ms,0.2291,
frame_ms,0.221,
frame_ms,0.2176,
frame_ms,0.2534,
frame_ms,0.2279,
frame_ms,0.26,
frame_ms,0.215,
frame_ms,0.2163,
frame_ms,0.2497,
frame_ms,0.2612,
frame_ms,0.2257,
frame_ms,0.2119,
frame_ms,0.2087,
frame_ms,0.2405,
frame_ms,0.2263,
frame_ms,0.2145,
frame_ms,0.255,
frame_ms,0.236,
frame_ms,0.2188,
frame_ms,0.2439,
frame_ms,0.2306,
frame_ms,0.2132,
frame_ms,0.2856,
frame_ms,0.2517,
frame_ms,0.2084,
frame_ms,0.2029,
tick_us,15.2,8
frame_ms,0.3173,
frame_ms,0.2399,
frame_ms,0.2162,
frame_ms,0.2758,
frame_ms,0.2488,
frame_ms,0.4405,
frame_ms,0.2781,
frame_ms,0.2284,
frame_ms,0.2198,
frame_ms,0.2183,
frame_ms,0.2057,
frame_ms,0.263,
frame_ms,0.2224,
frame_ms,0.2037,
frame_ms,0.3794,
frame_ms,0.3146,
frame_ms,0.2481,
frame_ms,0.2181,
frame_ms,0.223,
frame_ms,0.2154,
frame_ms,0.2944,
frame_ms,0.2684,
frame_ms,0.2234,
frame_ms,0.2418,
frame_ms,0.2128,
frame_ms,0.2737,
frame_ms,0.2359,
tick_us,17.2,12
frame_ms,0.3589,
frame_ms,0.2657,
frame_ms,0.2253,
frame_ms,0.2536,
frame_ms,0.2245,
frame_ms,0.2225,
frame_ms,0.2154,
frame_ms,0.2625,
frame_ms,0.2212,
frame_ms,0.2529,
frame_ms,0.2411,
frame_ms,0.3131,
frame_ms,0.2524,
frame_ms,0.2303,
frame_ms,0.2252,
frame_ms,0.2199,
frame_ms,0.237,
frame_ms,0.2368,
frame_ms,0.2744,
frame_ms,0.2542,
frame_ms,0.2223,
frame_ms,0.213,
frame_ms,0.2588,
frame_ms,0.2274,
frame_ms,0.2162,
frame_ms,0.2288,
frame_ms,0.2116,
frame_ms,0.3067,
tick_us,15.9,10
frame_ms,0.3831,
frame_ms,0.2579,
frame_ms,0.2414,
frame_ms,0.2227,
frame_ms,0.2275,
frame_ms,0.2144,
frame_ms,0.2268,
frame_ms,0.2186,
frame_ms,0.279,
frame_ms,0.268,
frame_ms,0.2321,
frame_ms,0.2103,
frame_ms,0.2101,
frame_ms,0.2591,
frame_ms,0.2256,
frame_ms,0.2099,
frame_ms,0.334,
frame_ms,0.4252,
frame_ms,0.4279,
frame_ms,0.3458,
frame_ms,0.45,
frame_ms,0.331,
frame_ms,0.3623,
frame_ms,0.3447,
tick_us,15.9,12
frame_ms,0.3085,
frame_ms,0.2264,
frame_ms,0.2105,
frame_ms,0.2186,
frame_ms,0.2127,
frame_ms,0.2792,
frame_ms,0.3193,
frame_ms,0.3529,
frame_ms,0.2423,
frame_ms,0.2276,
frame_ms,0.2251,
frame_ms,0.2166,
frame_ms,0.2579,
frame_ms,0.2608,
frame_ms,0.2459,
frame_ms,0.2087,
frame_ms,0.2103,
frame_ms,0.2516,
frame_ms,0.2218,
frame_ms,0.2136,
frame_ms,0.2511,
frame_ms,0.2279,
frame_ms,0.2721,
frame_ms,0.281,
frame_ms,0.2978,
frame_ms,0.2319,
frame_ms,0.2292,
frame_ms,0.2275,
tick_us,30.3,12
frame_ms,0.3846,
frame_ms,0.2484,
frame_ms,0.2256,
frame_ms,0.2506,
frame_ms,0.2169,
frame_ms,0.2089,
frame_ms,0.245,
frame_ms,0.2285,
frame_ms,0.2161,
frame_ms,0.2276,
frame_ms,0.2123,
frame_ms,0.2696,
frame_ms,0.2848,
frame_ms,0.2602,
frame_ms,0.2368,
frame_ms,0.2376,
frame_ms,0.2253,
frame_ms,0.222,
frame_ms,0.2633,
frame_ms,0.2545,
frame_ms,0.2422,
frame_ms,0.2172,
frame_ms,0.2622,
frame_ms,0.2266,
frame_ms,0.2168,
frame_ms,0.242,
frame_ms,0.2271,
frame_ms,0.2094,
frame_ms,0.3512,
tick_us,18.8,12
frame_ms,0.5286,
frame_ms,0.4986,
frame_ms,0.3266,
frame_ms,0.2696,
frame_ms,0.2169,
frame_ms,0.2227,
frame_ms,0.2146,
frame_ms,0.2079,
frame_ms,0.2735,
frame_ms,0.2283,
frame_ms,0.2124,
frame_ms,0.2458,
frame_ms,0.2233,
frame_ms,0.213,
frame_ms,0.4514,
frame_ms,0.3841,
frame_ms,0.3059,
frame_ms,0.2278,
frame_ms,0.2263,
frame_ms,0.2189,
frame_ms,0.2133,
frame_ms,0.2455,
frame_ms,0.2265,
frame_ms,0.2155,
frame_ms,0.2576,
tick_us,20.7,12
frame_ms,0.2985,
frame_ms,0.2292,
frame_ms,0.221,
frame_ms,0.2089,
frame_ms,0.2399,
frame_ms,0.2715,
frame_ms,0.2617,
frame_ms,0.2457,
frame_ms,0.2906,
frame_ms,0.2262,
frame_ms,0.2222,
frame_ms,0.2546,
frame_ms,0.2556,
frame_ms,0.2282,
frame_ms,0.2141,
frame_ms,0.2141,
frame_ms,0.2613,
frame_ms,0.2267,
frame_ms,0.2065,
frame_ms,0.2869,
frame_ms,0.241,
frame_ms,0.2223,
frame_ms,0.3316,
frame_ms,0.2676,
frame_ms,0.24,
frame_ms,0.2291,
frame_ms,0.2327,
frame_ms,0.2151,
tick_us,17.8,14
frame_ms,0.2836,
frame_ms,0.249,
frame_ms,0.2291,
frame_ms,0.246,
frame_ms,0.2812,
frame_ms,0.2261,
frame_ms,0.2281,
frame_ms,0.2148,
frame_ms,0.2302,
frame_ms,0.2305,
frame_ms,0.3055,
frame_ms,0.2689,
frame_ms,0.2449,
frame_ms,0.237,
frame_ms,0.2948,
frame_ms,0.2973,
frame_ms,0.2443,
frame_ms,0.2324,
frame_ms,0.2328,
frame_ms,0.2301,
frame_ms,0.2203,
frame_ms,0.2536,
frame_ms,0.2274,
frame_ms,0.2212,
frame_ms,0.2182,
frame_ms,0.2151,
frame_ms,0.2752,
frame_ms,0.268,
tick_us,16.9,12
frame_ms,0.3266,
frame_ms,0.2442,
frame_ms,0.2337,
frame_ms,0.2431,
frame_ms,0.2294,
frame_ms,0.2104,
frame_ms,0.2139,
frame_ms,0.2695,
frame_ms,0.2355,
frame_ms,0.2218,
frame_ms,0.2498,
frame_ms,0.221,
frame_ms,0.2091,
frame_ms,0.2445,
frame_ms,0.2227,
frame_ms,0.2111,
frame_ms,0.2475,
frame_ms,0.3794,
frame_ms,0.2943,
frame_ms,0.2748,
frame_ms,0.2428,
frame_ms,0.2395,
frame_ms,0.2418,
frame_ms,0.2383,
frame_ms,0.3182,
frame_ms,0.2749,
frame_ms,0.2181,
frame_ms,0.2123,
tick_us,15.3,14
frame_ms,0.2627,
frame_ms,0.2272,
frame_ms,0.2066,
frame_ms,0.2174,
frame_ms,0.2069,
frame_ms,0.3937,
frame_ms,0.3391,
frame_ms,0.25,
frame_ms,0.2219,
frame_ms,0.2243,
frame_ms,0.223,
frame_ms,0.2152,
frame_ms,0.2301,
frame_ms,0.2522,
frame_ms,0.227,
frame_ms,0.2071,
frame_ms,0.3141,
frame_ms,0.3394,
frame_ms,0.2569,
frame_ms,0.2312,
frame_ms,0.2257,
frame_ms,0.2204,
frame_ms,0.229,
frame_ms,0.2288,
frame_ms,0.2391,
frame_ms,0.2454,
frame_ms,0.2208,
frame_ms,0.267,
tick_us,17,14
frame_ms,0.3118,
frame_ms,0.2304,
frame_ms,0.2235,
frame_ms,0.2111,
frame_ms,0.2457,
frame_ms,0.2255,
frame_ms,0.2178,
frame_ms,0.2404,
frame_ms,0.2247,
frame_ms,0.2099,
frame_ms,0.2476,
frame_ms,0.4446,
frame_ms,0.3686,
frame_ms,0.2463,
frame_ms,0.228,
frame_ms,0.2328,
frame_ms,0.2293,
frame_ms,0.224,
frame_ms,0.2331,
frame_ms,0.231,
frame_ms,0.2121,
frame_ms,0.2755,
frame_ms,0.2683,
frame_ms,0.2309,
frame_ms,0.22,
frame_ms,0.2136,
frame_ms,0.2426,
frame_ms,0.2224,
frame_ms,0.2239,
tick_us,17.1,14
frame_ms,0.3127,
frame_ms,0.2418,
frame_ms,0.2302,
frame_ms,0.2177,
frame_ms,0.2167,
frame_ms,0.2417,
frame_ms,0.2134,
frame_ms,0.2062,
frame_ms,0.2396,
frame_ms,0.2824,
frame_ms,0.2277,
frame_ms,0.2222,
frame_ms,0.213,
frame_ms,0.2163,
frame_ms,0.2719,
frame_ms,0.2568,
frame_ms,0.3149,
frame_ms,0.4568,
frame_ms,0.4733,
frame_ms,0.3482,
frame_ms,0.2883,
frame_ms,0.3017,
frame_ms,0.2385,
frame_ms,0.23,
frame_ms,0.2144,
frame_ms,0.2087,
tick_us,15.8,16
frame_ms,0.2971,
frame_ms,0.2287,
frame_ms,0.2173,
frame_ms,0.2067,
frame_ms,0.2037,
frame_ms,0.3806,
frame_ms,0.3693,
frame_ms,0.2515,
frame_ms,0.2278,
frame_ms,0.2364,
frame_ms,0.4498,
frame_ms,0.3733,
frame_ms,0.3757,
frame_ms,0.2725,
frame_ms,0.2157,
frame_ms,0.2173,
frame_ms,0.209,
frame_ms,0.2296,
frame_ms,0.222,
frame_ms,0.2047,
frame_ms,0.3398,
frame_ms,0.3019,
frame_ms,0.2687,
frame_ms,0.289,
frame_ms,0.4046,
tick_us,18.3,14
frame_ms,0.4206,
frame_ms,0.4307,
frame_ms,0.3382,
frame_ms,0.3511,
frame_ms,0.3376,
frame_ms,0.3309,
frame_ms,0.3307,
frame_ms,0.3938,
frame_ms,0.298,
frame_ms,0.2342,
frame_ms,0.2313,
frame_ms,0.2185,
frame_ms,0.2134,
frame_ms,0.2091,
frame_ms,0.2529,
frame_ms,0.2312,
frame_ms,0.2364,
frame_ms,0.2274,
frame_ms,0.2065,
frame_ms,0.2579,
frame_ms,0.2266,
frame_ms,0.2091,
frame_ms,0.2211,
frame_ms,0.2438,
frame_ms,0.3111,
tick_us,14.3,12
frame_ms,0.5634,
frame_ms,0.3313,
frame_ms,0.3231,
frame_ms,0.2402,
frame_ms,0.218,
frame_ms,0.2224,
frame_ms,0.2079,
frame_ms,0.211,
frame_ms,0.233,
frame_ms,0.2218,
frame_ms,0.2092,
frame_ms,0.2371,
frame_ms,0.2227,
frame_ms,0.2096,
frame_ms,0.2286,
frame_ms,0.2654,
frame_ms,0.2631,
frame_ms,0.2353,
frame_ms,0.2352,
frame_ms,0.2288,
frame_ms,0.2147,
frame_ms,0.2178,
frame_ms,0.2572,
frame_ms,0.2859,
frame_ms,0.2388,
frame_ms,0.2263,
frame_ms,0.2185,
tick_us,17.6,12
frame_ms,0.2912,
frame_ms,0.2403,
frame_ms,0.2482,
frame_ms,0.2239,
frame_ms,0.218,
frame_ms,0.2832,
frame_ms,0.2736,
frame_ms,0.2309,
frame_ms,0.229,
frame_ms,0.2246,
frame_ms,0.2305,
frame_ms,0.2129,
frame_ms,0.2662,
frame_ms,0.2318,
frame_ms,0.2072,
frame_ms,0.225,
frame_ms,0.2455,
frame_ms,0.2507,
frame_ms,0.2288,
frame_ms,0.2539,
frame_ms,0.2358,
frame_ms,0.2132,
frame_ms,0.2407,
frame_ms,0.225,
frame_ms,0.2059,
frame_ms,0.2344,
frame_ms,0.2328,
frame_ms,0.2103,
frame_ms,0.2575,
frame_ms,0.2671,
tick_us,13.9,12
frame_ms,0.2945,
frame_ms,0.2312,
frame_ms,0.2564,
frame_ms,0.2184,
frame_ms,0.2112,
frame_ms,0.2113,
frame_ms,0.27,
frame_ms,0.2545,
frame_ms,0.5376,
frame_ms,0.3702,
frame_ms,0.2532,
frame_ms,0.299,
frame_ms,0.229,
frame_ms,0.23,
frame_ms,0.2211,
frame_ms,0.2222,
frame_ms,0.2334,
frame_ms,0.249,
frame_ms,0.2898,
frame_ms,0.223,
frame_ms,0.2193,
frame_ms,0.2113,
frame_ms,0.2424,
frame_ms,0.225,
frame_ms,0.2109,
frame_ms,0.2511,
frame_ms,0.2864,
tick_us,17.9,14
frame_ms,0.349,
frame_ms,0.2994,
frame_ms,0.2834,
frame_ms,0.2955,
frame_ms,0.2283,
frame_ms,0.219,
frame_ms,0.2176,
frame_ms,0.2734,
frame_ms,0.2274,
frame_ms,0.2254,
frame_ms,0.2542,
frame_ms,0.2272,
frame_ms,0.21,
frame_ms,0.2453,
frame_ms,0.2255,
frame_ms,0.289,
frame_ms,0.2561,
frame_ms,0.2285,
frame_ms,0.3512,
frame_ms,0.4214,
frame_ms,0.2478,
frame_ms,0.2228,
frame_ms,0.2305,
frame_ms,0.2285,
frame_ms,0.2213,
frame_ms,0.2346,
tick_us,25.9,12
frame_ms,0.3569,
frame_ms,0.3136,
frame_ms,0.2394,
frame_ms,0.2077,
frame_ms,0.2167,
frame_ms,0.301,
frame_ms,0.2779,
frame_ms,0.2416,
frame_ms,0.23,
frame_ms,0.2396,
frame_ms,0.2395,
frame_ms,0.2206,
frame_ms,0.2718,
frame_ms,0.2423,
frame_ms,0.2131,
frame_ms,0.3716,
frame_ms,0.3065,
frame_ms,0.3024,
frame_ms,0.2848,
frame_ms,0.2387,
frame_ms,0.2281,
frame_ms,0.2265,
frame_ms,0.223,
frame_ms,0.4469,
frame_ms,0.2946,
frame_ms,0.3229,
tick_us,16.1,12
frame_ms,0.3219,
frame_ms,0.2364,
frame_ms,0.224,
frame_ms,0.2281,
frame_ms,0.219,
frame_ms,0.2218,
frame_ms,0.2259,
frame_ms,0.2378,
frame_ms,0.2418,
frame_ms,0.2165,
frame_ms,0.2446,
frame_ms,0.4846,
frame_ms,0.3246,
frame_ms,0.276,
frame_ms,0.5986,
frame_ms,0.2588,
frame_ms,0.2248,
frame_ms,0.2281,
frame_ms,0.2279,
frame_ms,0.2148,
frame_ms,0.2137,
frame_ms,0.2715,
frame_ms,0.235,
frame_ms,0.2164,
frame_ms,0.2472,
tick_us,17.8,16
frame_ms,0.6668,
frame_ms,0.2867,
frame_ms,0.2539,
frame_ms,0.2211,
frame_ms,0.2277,
frame_ms,0.2231,
frame_ms,0.2138,
frame_ms,0.2315,
frame_ms,0.324,
frame_ms,0.4087,
frame_ms,0.3488,
frame_ms,0.3278,
frame_ms,0.2509,
frame_ms,0.2139,
frame_ms,0.2676,
frame_ms,0.2493,
frame_ms,0.2367,
frame_ms,0.2294,
frame_ms,0.2382,
frame_ms,0.3175,
frame_ms,0.3222,
frame_ms,0.2979,
frame_ms,0.2989,
frame_ms,0.2346,
frame_ms,0.2289,
frame_ms,0.2207,
tick_us,16.9,18
frame_ms,0.2894,
frame_ms,0.2948,
frame_ms,0.2837,
frame_ms,0.2472,
frame_ms,0.3453,
frame_ms,0.2663,
frame_ms,0.5004,
frame_ms,0.2849,
frame_ms,0.279,
frame_ms,0.2388,
frame_ms,0.2376,
frame_ms,0.2293,
frame_ms,0.2187,
frame_ms,0.232,
frame_ms,0.2843,
frame_ms,0.2162,
frame_ms,0.2411,
frame_ms,0.2366,
frame_ms,0.2473,
frame_ms,0.2605,
frame_ms,0.2413,
frame_ms,0.2514,
frame_ms,0.2506,
frame_ms,0.2366,
frame_ms,0.22,
frame_ms,0.2448,
tick_us,25,18
frame_ms,0.3464,
frame_ms,0.2838,
frame_ms,0.2284,
frame_ms,0.2301,
frame_ms,0.2382,
frame_ms,0.2136,
frame_ms,0.2802,
frame_ms,0.2755,
frame_ms,0.2355,
frame_ms,0.225,
frame_ms,0.2783,
frame_ms,0.2252,
frame_ms,0.23,
frame_ms,0.2582,
frame_ms,0.241,
frame_ms,0.4179,
frame_ms,0.2962,
frame_ms,0.2635,
frame_ms,0.2283,
frame_ms,0.2879,
frame_ms,0.218,
frame_ms,0.212,
frame_ms,0.2106,
frame_ms,0.251,
frame_ms,0.2305,
tick_us,19.1,20
frame_ms,1.0906,
frame_ms,0.6344,
frame_ms,1.2139,
frame_ms,0.4466,
frame_ms,0.8194,
frame_ms,0.513,
frame_ms,0.5216,
frame_ms,0.4397,
frame_ms,0.4439,
frame_ms,0.3516,
frame_ms,0.3432,
frame_ms,0.2713,
frame_ms,0.2301,
frame_ms,0.221,
tick_us,16.8,20
frame_ms,0.2911,
frame_ms,0.2416,
frame_ms,0.2325,
frame_ms,0.2632,
frame_ms,0.2747,
frame_ms,0.2469,
frame_ms,0.2329,
frame_ms,0.2302,
frame_ms,0.2349,
frame_ms,0.2469,
frame_ms,0.2399,
frame_ms,0.2656,
frame_ms,0.2344,
frame_ms,0.3028,
frame_ms,0.2226,
frame_ms,0.2135,
frame_ms,0.2173,
frame_ms,0.24,
frame_ms,0.2295,
frame_ms,0.2181,
frame_ms,0.2119,
frame_ms,0.244,
frame_ms,0.2283,
frame_ms,0.3642,
frame_ms,0.3577,
frame_ms,0.2678,
frame_ms,0.368,
tick_us,19.5,18
frame_ms,0.377,
frame_ms,0.2365,
frame_ms,0.2142,
frame_ms,0.2741,
frame_ms,0.4335,
frame_ms,0.3109,
frame_ms,0.2316,
frame_ms,0.2149,
frame_ms,0.2192,
frame_ms,0.2664,
frame_ms,0.2918,
frame_ms,0.2686,
frame_ms,0.2375,
frame_ms,0.2581,
frame_ms,0.2409,
frame_ms,0.2288,
frame_ms,0.2531,
frame_ms,0.2311,
frame_ms,0.2304,
frame_ms,0.2739,
frame_ms,0.277,
frame_ms,0.2669,
frame_ms,0.228,
frame_ms,0.2244,
frame_ms,0.2924,
frame_ms,0.2361,
tick_us,17.6,18
frame_ms,0.361,
frame_ms,0.8079,
frame_ms,0.3107,
frame_ms,0.5624,
frame_ms,0.428,
frame_ms,0.3751,
frame_ms,0.3635,
frame_ms,0.3461,
frame_ms,0.3637,
frame_ms,0.4099,
frame_ms,0.41,
frame_ms,0.3883,
frame_ms,0.3894,
frame_ms,0.4004,
frame_ms,0.2901,
frame_ms,0.2402,
frame_ms,0.2248,
frame_ms,0.2277,
tick_us,18.1,20
frame_ms,0.2994,
frame_ms,0.2378,
frame_ms,0.2269,
frame_ms,0.2175,
frame_ms,0.2108,
frame_ms,0.3252,
frame_ms,0.2987,
frame_ms,0.2762,
frame_ms,0.2476,
frame_ms,1.1922,
frame_ms,0.9273,
frame_ms,0.2642,
frame_ms,0.2469,
frame_ms,0.2332,
frame_ms,0.3158,
frame_ms,0.2477,
frame_ms,0.2176,
frame_ms,0.2416,
frame_ms,0.2591,
frame_ms,0.2314,
frame_ms,0.2294,
tick_us,16,22
frame_ms,0.3063,
frame_ms,0.245,
frame_ms,0.2211,
frame_ms,0.2259,
frame_ms,0.213,
frame_ms,0.2245,
frame_ms,0.2151,
frame_ms,0.2054,
frame_ms,0.2467,
frame_ms,0.2254,
frame_ms,0.2094,
frame_ms,0.2418,
frame_ms,0.2715,
frame_ms,0.2848,
frame_ms,0.2493,
frame_ms,0.2353,
frame_ms,0.2243,
frame_ms,0.2187,
frame_ms,0.2467,
frame_ms,0.4222,
frame_ms,0.4464,
frame_ms,0.336,
frame_ms,0.3636,
frame_ms,0.3411,
frame_ms,0.3336,
tick_us,18.4,22
frame_ms,0.4928,
frame_ms,0.3621,
frame_ms,0.2924,
frame_ms,0.2629,
frame_ms,0.2384,
frame_ms,0.248,
frame_ms,0.2221,
frame_ms,0.2123,
frame_ms,0.2609,
frame_ms,0.2273,
frame_ms,0.2162,
frame_ms,0.2842,
frame_ms,0.2816,
frame_ms,0.2905,
frame_ms,0.2473,
frame_ms,0.2375,
frame_ms,0.355,
frame_ms,0.5423,
frame_ms,0.2928,
frame_ms,0.2364,
frame_ms,0.2268,
frame_ms,0.2268,
frame_ms,0.29,
frame_ms,0.2673,
frame_ms,0.239,
frame_ms,0.2246,
tick_us,16.4,22
frame_ms,0.2859,
frame_ms,0.243,
frame_ms,0.215,
frame_ms,0.216,
frame_ms,0.2819,
frame_ms,0.2773,
frame_ms,0.2369,
frame_ms,0.2216,
frame_ms,0.2213,
frame_ms,0.2356,
frame_ms,0.3088,
frame_ms,0.2298,
frame_ms,0.2109,
frame_ms,0.2519,
frame_ms,0.2625,
frame_ms,0.2301,
frame_ms,0.2137,
frame_ms,0.2256,
frame_ms,0.2763,
frame_ms,0.2338,
frame_ms,0.2061,
frame_ms,0.2545,
frame_ms,0.3175,
frame_ms,0.2948,
frame_ms,0.2566,
frame_ms,0.2514,
frame_ms,0.2418,
frame_ms,0.2369,
tick_us,18.6,24
frame_ms,0.34,
frame_ms,0.3358,
frame_ms,0.2557,
frame_ms,0.2212,
frame_ms,0.2217,
frame_ms,0.2137,
frame_ms,0.2494,
frame_ms,0.2764,
frame_ms,0.2347,
frame_ms,0.2057,
frame_ms,0.3007,
frame_ms,0.269,
frame_ms,0.4888,
frame_ms,0.3195,
frame_ms,0.2653,
frame_ms,0.2219,
frame_ms,0.2082,
frame_ms,0.2121,
frame_ms,0.2245,
frame_ms,0.2693,
frame_ms,0.232,
frame_ms,0.2076,
frame_ms,0.2829,
frame_ms,0.4219,
frame_ms,0.3203,
tick_us,20,24
frame_ms,0.3834,
frame_ms,0.3051,
frame_ms,0.2665,
frame_ms,0.2476,
frame_ms,0.2514,
frame_ms,0.2722,
frame_ms,0.3273,
frame_ms,0.2448,
frame_ms,0.2225,
frame_ms,0.2254,
frame_ms,0.2192,
frame_ms,0.2153,
frame_ms,0.2493,
frame_ms,0.2559,
frame_ms,0.2252,
frame_ms,0.2185,
frame_ms,0.2634,
frame_ms,0.8815,
frame_ms,0.3693,
frame_ms,0.4345,
frame_ms,0.2505,
frame_ms,0.2232,
frame_ms,0.2232,
frame_ms,0.2159,
tick_us,15.8,24
frame_ms,0.3346,
frame_ms,0.2482,
frame_ms,0.2299,
frame_ms,0.2161,
frame_ms,0.2248,
frame_ms,0.3339,
frame_ms,0.2553,
frame_ms,0.2708,
frame_ms,0.2378,
frame_ms,0.2228,
frame_ms,0.2203,
frame_ms,0.2855,
frame_ms,0.2728,
frame_ms,0.2695,
frame_ms,0.2344,
frame_ms,0.2286,
frame_ms,0.2253,
frame_ms,0.2249,
frame_ms,0.2918,
frame_ms,0.2655,
frame_ms,0.2368,
frame_ms,0.2156,
frame_ms,0.2101,
frame_ms,0.3754,
frame_ms,0.2389,
frame_ms,0.2162,
frame_ms,0.2152,
frame_ms,0.2076,
tick_us,17.9,24
frame_ms,0.3234,
frame_ms,0.2346,
frame_ms,0.5102,
frame_ms,0.2696,
frame_ms,0.2238,
frame_ms,0.2182,
frame_ms,0.2102,
frame_ms,0.218,
frame_ms,0.2807,
frame_ms,0.2364,
frame_ms,0.2198,
frame_ms,0.279,
frame_ms,0.2578,
frame_ms,0.4761,
frame_ms,0.3795,
frame_ms,0.4027,
frame_ms,0.3437,
frame_ms,0.3605,
frame_ms,0.3552,
frame_ms,0.3357,
frame_ms,0.3433,
frame_ms,0.2912,
frame_ms,0.2953,
tick_us,17.1,22
frame_ms,0.3563,
frame_ms,0.3115,
frame_ms,0.2508,
frame_ms,0.2454,
frame_ms,0.2428,
frame_ms,0.2937,
frame_ms,0.336,
frame_ms,0.2303,
frame_ms,0.2199,
frame_ms,0.2264,
frame_ms,0.2105,
frame_ms,0.2208,
frame_ms,0.2758,
frame_ms,0.2343,
frame_ms,0.2125,
frame_ms,0.3109,
frame_ms,0.2925,
frame_ms,0.2554,
frame_ms,0.3062,
frame_ms,0.2471,
frame_ms,0.2436,
frame_ms,0.2604,
frame_ms,0.3551,
frame_ms,0.2609,
frame_ms,0.2193,
frame_ms,0.2247,
tick_us,15.8,22
frame_ms,0.2761,
frame_ms,0.225,
frame_ms,0.2236,
frame_ms,0.2836,
frame_ms,0.2349,
frame_ms,0.216,
frame_ms,0.2721,
frame_ms,0.6839,
frame_ms,0.301,
frame_ms,0.2598,
frame_ms,0.2337,
frame_ms,0.215,
frame_ms,0.2191,
frame_ms,0.2193,
frame_ms,0.2318,
frame_ms,0.2222,
frame_ms,0.2136,
frame_ms,0.2754,
frame_ms,0.2229,
frame_ms,0.209,
frame_ms,0.2999,
frame_ms,0.3643,
frame_ms,0.2697,
frame_ms,0.2472,
frame_ms,0.26,
frame_ms,0.2473,
tick_us,17.3,22
frame_ms,0.3069,
frame_ms,0.3083,
frame_ms,0.3818,
frame_ms,0.2284,
frame_ms,0.2304,
frame_ms,0.2276,
frame_ms,0.2254,
frame_ms,0.2344,
frame_ms,0.2503,
frame_ms,0.2241,
frame_ms,0.3277,
frame_ms,0.3111,
frame_ms,0.271,
frame_ms,0.2453,
frame_ms,0.2331,
frame_ms,0.2531,
frame_ms,0.2577,
frame_ms,0.2177,
frame_ms,0.2701,
frame_ms,0.2545,
frame_ms,0.2466,
frame_ms,0.2706,
frame_ms,0.2351,
frame_ms,0.2116,
frame_ms,0.2303,
frame_ms,0.2779,
frame_ms,0.2446,
tick_us,17.2,24
frame_ms,0.4724,
frame_ms,0.3341,
frame_ms,0.4323,
frame_ms,0.2306,
frame_ms,0.2473,
frame_ms,0.226,
frame_ms,0.2187,
frame_ms,0.2299,
frame_ms,0.2757,
frame_ms,0.2702,
frame_ms,0.2266,
frame_ms,0.313,
frame_ms,0.3163,
frame_ms,0.3704,
frame_ms,0.2726,
frame_ms,0.2684,
frame_ms,0.3292,
frame_ms,0.2283,
frame_ms,0.251,
frame_ms,0.234,
frame_ms,0.2502,
frame_ms,0.2144,
frame_ms,0.316,
frame_ms,0.246,
frame_ms,0.2242,
tick_us,17.7,20
frame_ms,0.2779,
frame_ms,0.2211,
frame_ms,0.2632,
frame_ms,0.2341,
frame_ms,0.2141,
frame_ms,0.2646,
frame_ms,0.3467,
frame_ms,0.3808,
frame_ms,0.2452,
frame_ms,0.2399,
frame_ms,0.2301,
frame_ms,0.2216,
frame_ms,0.2697,
frame_ms,0.2636,
frame_ms,0.2329,
frame_ms,0.2202,
frame_ms,0.2181,
frame_ms,0.2484,
frame_ms,0.2737,
frame_ms,0.2324,
frame_ms,0.2123,
frame_ms,0.3702,
frame_ms,0.3581,
frame_ms,0.2822,
frame_ms,0.2452,
frame_ms,0.2475,
tick_us,15.8,20
frame_ms,0.3134,
frame_ms,0.2552,
frame_ms,0.2552,
frame_ms,0.3367,
frame_ms,0.2526,
frame_ms,0.2295,
frame_ms,0.2195,
frame_ms,0.2401,
frame_ms,0.2331,
frame_ms,0.2908,
frame_ms,0.2844,
frame_ms,0.2371,
frame_ms,0.2338,
frame_ms,0.2255,
frame_ms,0.2645,
frame_ms,0.2258,
frame_ms,0.3138,
frame_ms,0.3008,
frame_ms,0.2322,
frame_ms,0.2131,
frame_ms,0.2146,
frame_ms,0.3043,
frame_ms,0.2399,
frame_ms,0.3562,
frame_ms,0.2489,
frame_ms,0.2411,
frame_ms,0.2887,
tick_us,13.6,20
frame_ms,0.3416,
frame_ms,0.3228,
frame_ms,0.2585,
frame_ms,0.2425,
frame_ms,0.2715,
frame_ms,0.2599,
frame_ms,0.2797,
frame_ms,0.2337,
frame_ms,0.2197,
frame_ms,0.2168,
frame_ms,0.2313,
frame_ms,0.3021,
frame_ms,0.2404,
frame_ms,0.2175,
frame_ms,0.2529,
frame_ms,0.3029,
frame_ms,0.3029,
frame_ms,0.2801,
frame_ms,0.255,
frame_ms,0.2607,
frame_ms,0.2529,
frame_ms,0.2419,
frame_ms,0.2943,
frame_ms,0.3423,
frame_ms,0.2154,
frame_ms,0.2175,
tick_us,18.2,20
frame_ms,0.3526,
frame_ms,0.2502,
frame_ms,0.2318,
frame_ms,0.2107,
frame_ms,0.2132,
frame_ms,0.3058,
frame_ms,0.2728,
frame_ms,0.4732,
frame_ms,0.379,
frame_ms,0.3071,
frame_ms,0.2918,
frame_ms,0.2259,
frame_ms,0.2203,
frame_ms,0.2172,
frame_ms,0.2975,
frame_ms,0.2686,
frame_ms,0.236,
frame_ms,0.217,
frame_ms,0.2175,
frame_ms,0.281,
frame_ms,0.4193,
frame_ms,0.4685,
frame_ms,0.341,
frame_ms,0.3928,
tick_us,17.1,18
frame_ms,0.3986,
frame_ms,0.271,
frame_ms,0.2236,
frame_ms,0.2341,
frame_ms,0.4919,
frame_ms,0.3081,
frame_ms,0.2488,
frame_ms,0.3066,
frame_ms,0.2326,
frame_ms,0.3322,
frame_ms,0.3022,
frame_ms,0.26,
frame_ms,0.2515,
frame_ms,0.2393,
frame_ms,0.2415,
frame_ms,0.2586,
frame_ms,0.3136,
frame_ms,0.3388,
frame_ms,0.2232,
frame_ms,0.2263,
frame_ms,0.2195,
frame_ms,0.2158,
frame_ms,0.2316,
frame_ms,0.2845,
frame_ms,0.2766,
tick_us,17.9,20
frame_ms,0.3131,
frame_ms,0.2436,
frame_ms,0.2359,
frame_ms,0.2385,
frame_ms,0.2253,
frame_ms,0.2464,
frame_ms,0.2401,
frame_ms,0.2174,
frame_ms,0.2728,
frame_ms,0.2587,
frame_ms,0.2351,
frame_ms,0.2171,
frame_ms,0.219,
frame_ms,0.2852,
frame_ms,0.2341,
frame_ms,0.2126,
frame_ms,0.2983,
frame_ms,0.2794,
frame_ms,0.2389,
frame_ms,0.2337,
frame_ms,0.2408,
frame_ms,0.3228,
frame_ms,0.2237,
frame_ms,0.2313,
frame_ms,0.2779,
frame_ms,0.2692,
frame_ms,0.2315,
frame_ms,0.2184,
tick_us,17.5,20
frame_ms,0.2817,
frame_ms,0.2317,
frame_ms,0.2327,
frame_ms,0.2945,
frame_ms,0.2756,
frame_ms,0.2918,
frame_ms,0.2915,
frame_ms,0.404,
frame_ms,0.3188,
frame_ms,0.3872,
frame_ms,0.2312,
frame_ms,0.2232,
frame_ms,0.2318,
frame_ms,0.2141,
frame_ms,0.2844,
frame_ms,0.2355,
frame_ms,0.2127,
frame_ms,0.2286,
frame_ms,0.2743,
frame_ms,0.233,
frame_ms,0.2858,
frame_ms,0.2857,
frame_ms,0.2881,
frame_ms,0.236,
frame_ms,0.223,
frame_ms,0.2192,
tick_us,21,20
frame_ms,0.3082,
frame_ms,0.2269,
frame_ms,0.2175,
frame_ms,0.2159,
frame_ms,0.302,
frame_ms,0.2638,
frame_ms,0.2311,
frame_ms,0.2171,
frame_ms,0.2119,
frame_ms,0.2723,
frame_ms,0.2582,
frame_ms,0.2142,
frame_ms,0.3425,
frame_ms,0.2921,
frame_ms,0.2593,
frame_ms,0.2558,
frame_ms,0.3096,
frame_ms,0.2865,
frame_ms,0.3854,
frame_ms,0.2475,
frame_ms,0.224,
frame_ms,0.2157,
frame_ms,0.2541,
frame_ms,0.3325,
frame_ms,0.4031,
tick_us,15.8,18
frame_ms,0.3432,
frame_ms,0.2488,
frame_ms,0.239,
frame_ms,0.3494,
frame_ms,0.367,
frame_ms,0.37,
frame_ms,0.2835,
frame_ms,0.2194,
frame_ms,0.2223,
frame_ms,0.216,
frame_ms,0.2112,
frame_ms,0.2746,
frame_ms,0.2365,
frame_ms,0.2295,
frame_ms,0.2381,
frame_ms,0.3448,
frame_ms,0.6351,
frame_ms,0.3818,
frame_ms,0.2771,
frame_ms,0.2261,
frame_ms,0.2731,
frame_ms,0.2251,
frame_ms,0.2203,
frame_ms,0.2957,
tick_us,16.7,18
frame_ms,0.3335,
frame_ms,0.2501,
frame_ms,0.2228,
frame_ms,0.2148,
frame_ms,0.2159,
frame_ms,0.3024,
frame_ms,0.2572,
frame_ms,0.2347,
frame_ms,0.3432,
frame_ms,0.2619,
frame_ms,0.2292,
frame_ms,0.2406,
frame_ms,0.299,
frame_ms,0.3995,
frame_ms,0.3149,
frame_ms,0.3292,
frame_ms,0.2144,
frame_ms,0.2157,
frame_ms,0.216,
frame_ms,0.2255,
frame_ms,0.2689,
frame_ms,0.2898,
frame_ms,0.2613,
frame_ms,0.2753,
frame_ms,0.2406,
frame_ms,0.2318,
frame_ms,0.2839,
tick_us,15.8,18
frame_ms,0.37,
frame_ms,0.2551,
frame_ms,0.2199,
frame_ms,0.2171,
frame_ms,0.2096,
frame_ms,0.265,
frame_ms,0.2332,
frame_ms,0.2083,
frame_ms,0.2699,
frame_ms,0.2293,
frame_ms,0.2291,
frame_ms,0.4742,
frame_ms,0.4621,
frame_ms,0.3569,
frame_ms,0.3695,
frame_ms,0.3418,
frame_ms,0.3468,
frame_ms,0.3442,
frame_ms,0.3333,
frame_ms,0.4212,
frame_ms,0.3579,
frame_ms,0.382,
tick_us,21.1,18
frame_ms,0.4929,
frame_ms,0.3673,
frame_ms,0.2922,
frame_ms,0.2641,
frame_ms,0.2221,
frame_ms,0.2141,
frame_ms,0.2195,
frame_ms,0.2901,
frame_ms,0.2398,
frame_ms,0.2118,
frame_ms,0.2328,
frame_ms,0.271,
frame_ms,0.2348,
frame_ms,0.2088,
frame_ms,0.2374,
frame_ms,0.2828,
frame_ms,0.2703,
frame_ms,0.3497,
frame_ms,0.2795,
frame_ms,0.2373,
frame_ms,0.2523,
frame_ms,0.213,
frame_ms,0.2709,
frame_ms,0.2361,
frame_ms,0.216,
frame_ms,0.233,
tick_us,15.2,18
frame_ms,0.296,
frame_ms,0.237,
frame_ms,0.2269,
frame_ms,0.2126,
frame_ms,0.2271,
frame_ms,0.352,
frame_ms,0.2993,
frame_ms,0.3251,
frame_ms,0.3656,
frame_ms,0.2875,
frame_ms,0.2733,
frame_ms,0.2587,
frame_ms,0.2388,
frame_ms,0.2738,
frame_ms,0.3002,
frame_ms,0.2488,
frame_ms,0.2253,
frame_ms,0.2149,
frame_ms,0.2149,
frame_ms,0.2971,
frame_ms,0.2643,
frame_ms,0.2788,
frame_ms,0.2685,
frame_ms,0.2453,
frame_ms,0.2509,
frame_ms,0.3226,
tick_us,17.6,20
frame_ms,0.3393,
frame_ms,0.2569,
frame_ms,0.2518,
frame_ms,0.3569,
frame_ms,0.2641,
frame_ms,0.2305,
frame_ms,0.2199,
frame_ms,0.2159,
frame_ms,0.2757,
frame_ms,0.2353,
frame_ms,0.2169,
frame_ms,0.2984,
frame_ms,0.2915,
frame_ms,0.244,
frame_ms,0.2351,
frame_ms,0.2231,
frame_ms,0.2554,
frame_ms,0.2193,
frame_ms,0.2822,
frame_ms,0.2641,
frame_ms,0.2305,
frame_ms,0.2169,
frame_ms,0.2236,
frame_ms,0.2624,
frame_ms,0.2354,
frame_ms,0.2085,
frame_ms,0.2314,
tick_us,52.7,18
frame_ms,0.4536,
frame_ms,0.4789,
frame_ms,0.3111,
frame_ms,0.3068,
frame_ms,0.2208,
frame_ms,0.221,
frame_ms,0.2107,
frame_ms,0.233,
frame_ms,0.3009,
frame_ms,0.2409,
frame_ms,0.2184,
frame_ms,0.2548,
frame_ms,0.2471,
frame_ms,0.2119,
frame_ms,0.225,
frame_ms,0.3554,
frame_ms,0.8887,
frame_ms,0.3463,
frame_ms,0.3448,
frame_ms,0.368,
frame_ms,0.3125,
frame_ms,0.2274,
frame_ms,0.229,
tick_us,16.6,16
frame_ms,0.2845,
frame_ms,0.2408,
frame_ms,0.2448,
frame_ms,0.2235,
frame_ms,0.2198,
frame_ms,0.2967,
frame_ms,0.265,
frame_ms,0.3419,
frame_ms,0.2987,
frame_ms,0.2382,
frame_ms,0.2983,
frame_ms,0.2592,
frame_ms,0.2612,
frame_ms,0.2326,
frame_ms,0.2807,
frame_ms,0.2697,
frame_ms,0.2358,
frame_ms,0.2225,
frame_ms,0.2239,
frame_ms,0.2233,
frame_ms,0.2719,
frame_ms,0.2467,
frame_ms,0.247,
frame_ms,0.2729,
frame_ms,0.2449,
frame_ms,0.2254,
frame_ms,0.2115,
tick_us,18.4,12
frame_ms,0.342,
frame_ms,0.2349,
frame_ms,0.2184,
frame_ms,0.2323,
frame_ms,0.2152,
frame_ms,0.2098,
frame_ms,0.2439,
frame_ms,0.2277,
frame_ms,0.2195,
frame_ms,0.3012,
frame_ms,0.2888,
frame_ms,0.2841,
frame_ms,0.2585,
frame_ms,0.4019,
frame_ms,0.3841,
frame_ms,0.3943,
frame_ms,0.4109,
frame_ms,0.3029,
frame_ms,0.233,
frame_ms,0.2243,
frame_ms,0.2209,
frame_ms,0.2204,
frame_ms,0.2314,
frame_ms,0.273,
frame_ms,0.2351,
tick_us,17.9,10
frame_ms,0.3149,
frame_ms,0.3035,
frame_ms,0.2787,
frame_ms,0.2329,
frame_ms,0.2275,
frame_ms,0.2464,
frame_ms,0.2919,
frame_ms,0.349,
frame_ms,0.2455,
frame_ms,0.2222,
frame_ms,0.2224,
frame_ms,0.2194,
frame_ms,0.2237,
frame_ms,0.3023,
frame_ms,0.2391,
frame_ms,0.2113,
frame_ms,0.2447,
frame_ms,0.3636,
frame_ms,0.2662,
frame_ms,0.2338,
frame_ms,0.2271,
frame_ms,0.227,
frame_ms,0.3004,
frame_ms,0.2694,
frame_ms,0.2241,
frame_ms,0.2172,
frame_ms,0.2765,
tick_us,15.6,14
frame_ms,0.2958,
frame_ms,0.2395,
frame_ms,0.2311,
frame_ms,0.2139,
frame_ms,0.2081,
frame_ms,0.2915,
frame_ms,0.2811,
frame_ms,0.2775,
frame_ms,0.2989,
frame_ms,0.2512,
frame_ms,0.238,
frame_ms,0.2208,
frame_ms,0.2681,
frame_ms,0.2276,
frame_ms,0.284,
frame_ms,0.2651,
frame_ms,0.2319,
frame_ms,0.2161,
frame_ms,0.217,
frame_ms,0.299,
frame_ms,0.2399,
frame_ms,0.2219,
frame_ms,0.3029,
frame_ms,0.2464,
frame_ms,0.2538,
frame_ms,0.2352,
frame_ms,0.3148,
tick_us,16.9,16
frame_ms,0.3875,
frame_ms,0.354,
frame_ms,0.2196,
frame_ms,0.2247,
frame_ms,0.2099,
frame_ms,0.2068,
frame_ms,0.3076,
frame_ms,0.271,
frame_ms,0.2661,
frame_ms,0.2401,
frame_ms,0.273,
frame_ms,0.2996,
frame_ms,0.2618,
frame_ms,0.2459,
frame_ms,0.2953,
frame_ms,0.2393,
frame_ms,0.2424,
frame_ms,0.2833,
frame_ms,0.2464,
frame_ms,0.2253,
frame_ms,0.2939,
frame_ms,0.2637,
frame_ms,0.2319,
frame_ms,0.2203,
frame_ms,0.2385,
frame_ms,0.6889,
tick_us,22.3,16
frame_ms,0.6063,
frame_ms,0.3324,
frame_ms,0.2637,
frame_ms,0.2626,
frame_ms,0.2376,
frame_ms,0.2435,
frame_ms,0.3033,
frame_ms,0.2363,
frame_ms,0.2337,
frame_ms,0.2257,
frame_ms,0.2691,
frame_ms,0.2931,
frame_ms,0.2446,
frame_ms,0.2835,
frame_ms,0.2746,
frame_ms,0.3272,
frame_ms,0.265,
frame_ms,0.2358,
frame_ms,0.2231,
frame_ms,0.2229,
frame_ms,0.493,
frame_ms,0.3559,
frame_ms,0.3066,
tick_us,17.6,18
frame_ms,0.3058,
frame_ms,0.2549,
frame_ms,0.2624,
frame_ms,0.2747,
frame_ms,0.2436,
frame_ms,0.2719,
frame_ms,0.2522,
frame_ms,0.2309,
frame_ms,0.3726,
frame_ms,0.2821,
frame_ms,0.2336,
frame_ms,0.2325,
frame_ms,0.2352,
frame_ms,0.2497,
frame_ms,0.2421,
frame_ms,0.2569,
frame_ms,0.2262,
frame_ms,0.275,
frame_ms,0.2711,
frame_ms,0.2355,
frame_ms,0.2245,
frame_ms,0.2645,
frame_ms,0.2451,
frame_ms,0.6926,
frame_ms,0.2622,
tick_us,17.9,18
frame_ms,0.3038,
frame_ms,0.2473,
frame_ms,0.2454,
frame_ms,0.2172,
frame_ms,0.3182,
frame_ms,0.2739,
frame_ms,0.2553,
frame_ms,0.2422,
frame_ms,0.2335,
frame_ms,0.2227,
frame_ms,0.2244,
frame_ms,0.3281,
frame_ms,0.3083,
frame_ms,0.5183,
frame_ms,0.4443,
frame_ms,0.3924,
frame_ms,0.3438,
frame_ms,0.2883,
frame_ms,0.3303,
frame_ms,0.2225,
frame_ms,0.2343,
frame_ms,0.2308,
frame_ms,0.2236,
frame_ms,0.2227,
tick_us,19.7,18
frame_ms,0.3641,
frame_ms,0.4297,
frame_ms,0.4525,
frame_ms,0.4084,
frame_ms,0.3984,
frame_ms,0.3486,
frame_ms,0.3381,
frame_ms,0.3345,
frame_ms,0.3475,
frame_ms,0.2874,
frame_ms,0.2301,
frame_ms,0.2423,
frame_ms,0.2269,
frame_ms,0.2267,
frame_ms,0.2447,
frame_ms,0.2396,
frame_ms,0.3041,
frame_ms,0.2534,
frame_ms,0.2341,
frame_ms,0.2695,
frame_ms,0.2188,
frame_ms,0.215,
frame_ms,0.2166,
frame_ms,0.285,
tick_us,17.6,22
frame_ms,0.3027,
frame_ms,0.2357,
frame_ms,0.2239,
frame_ms,0.2173,
frame_ms,0.2359,
frame_ms,0.2929,
frame_ms,0.2492,
frame_ms,0.2387,
frame_ms,0.2923,
frame_ms,0.2164,
frame_ms,0.22,
frame_ms,0.2705,
frame_ms,0.2536,
frame_ms,0.5274,
frame_ms,0.2751,
frame_ms,0.2829,
frame_ms,0.2698,
frame_ms,0.238,
frame_ms,0.2247,
frame_ms,0.2282,
frame_ms,0.3319,
frame_ms,0.2908,
frame_ms,0.2656,
frame_ms,0.3512,
frame_ms,0.2768,
tick_us,20.1,20
frame_ms,0.3466,
frame_ms,0.3378,
frame_ms,0.272,
frame_ms,0.2209,
frame_ms,0.2254,
frame_ms,0.2173,
frame_ms,0.2181,
frame_ms,0.2974,
frame_ms,0.2386,
frame_ms,0.2196,
frame_ms,0.3269,
frame_ms,0.2746,
frame_ms,0.2645,
frame_ms,0.2526,
frame_ms,0.2507,
frame_ms,0.2288,
frame_ms,0.2211,
frame_ms,0.2837,
frame_ms,0.3272,
frame_ms,0.2631,
frame_ms,0.2295,
frame_ms,0.2387,
frame_ms,0.2244,
frame_ms,0.2176,
frame_ms,0.2925,
frame_ms,0.2353,
frame_ms,0.2105,
tick_us,20.4,18
frame_ms,0.412,
frame_ms,0.3373,
frame_ms,0.274,
frame_ms,0.2357,
frame_ms,0.2424,
frame_ms,0.2231,
frame_ms,0.2424,
frame_ms,0.2883,
frame_ms,0.2704,
frame_ms,0.2302,
frame_ms,0.2354,
frame_ms,0.2508,
frame_ms,0.2344,
frame_ms,0.2109,
frame_ms,0.2387,
frame_ms,0.2703,
frame_ms,0.2597,
frame_ms,0.9486,
frame_ms,0.4603,
frame_ms,0.4971,
frame_ms,0.3468,
frame_ms,0.3315,
tick_us,18.9,16
frame_ms,0.287,
frame_ms,0.2429,
frame_ms,0.227,
frame_ms,0.2098,
frame_ms,0.215,
frame_ms,0.3221,
frame_ms,0.295,
frame_ms,0.2607,
frame_ms,0.2361,
frame_ms,0.2268,
frame_ms,0.2259,
frame_ms,0.3429,
frame_ms,0.3568,
frame_ms,0.2462,
frame_ms,0.2264,
frame_ms,0.2442,
frame_ms,0.2311,
frame_ms,0.2692,
frame_ms,0.2363,
frame_ms,0.2111,
frame_ms,0.2791,
frame_ms,0.3278,
frame_ms,0.2365,
frame_ms,0.5366,
frame_ms,0.295,
frame_ms,0.2694,
tick_us,18.8,16
frame_ms,0.3507,
frame_ms,0.2998,
frame_ms,0.2444,
frame_ms,0.2695,
frame_ms,0.2583,
frame_ms,0.2263,
frame_ms,0.2132,
frame_ms,0.2072,
frame_ms,0.2501,
frame_ms,0.2244,
frame_ms,0.2876,
frame_ms,0.2558,
frame_ms,0.2437,
frame_ms,0.2442,
frame_ms,0.2282,
frame_ms,0.2243,
frame_ms,0.221,
frame_ms,0.2647,
frame_ms,0.242,
frame_ms,0.2825,
frame_ms,0.2097,
frame_ms,0.2631,
frame_ms,0.2401,
frame_ms,0.2093,
frame_ms,0.28,
frame_ms,0.2312,
frame_ms,0.2082,
frame_ms,0.2784,
tick_us,16.5,14
frame_ms,0.3112,
frame_ms,0.3807,
frame_ms,0.3958,
frame_ms,0.3958,
frame_ms,0.4317,
frame_ms,0.3507,
frame_ms,0.3368,
frame_ms,0.3453,
frame_ms,0.3383,
frame_ms,0.3337,
frame_ms,0.3814,
frame_ms,0.3593,
frame_ms,0.3008,
frame_ms,0.2562,
frame_ms,0.2475,
frame_ms,0.2444,
frame_ms,0.2984,
frame_ms,0.2836,
frame_ms,0.2443,
frame_ms,0.2274,
frame_ms,0.2285,
frame_ms,0.2161,
tick_us,15.7,14
frame_ms,0.3549,
frame_ms,0.2453,
frame_ms,0.2259,
frame_ms,0.2111,
frame_ms,0.3833,
frame_ms,0.4228,
frame_ms,0.5282,
frame_ms,0.3054,
frame_ms,0.2619,
frame_ms,0.2323,
frame_ms,0.2421,
frame_ms,0.2369,
frame_ms,0.2294,
frame_ms,0.3097,
frame_ms,0.3745,
frame_ms,0.2383,
frame_ms,0.2282,
frame_ms,0.2251,
frame_ms,0.2925,
frame_ms,0.2745,
frame_ms,0.2672,
frame_ms,0.2618,
frame_ms,0.3937,
tick_us,23.6,14
frame_ms,0.472,
frame_ms,0.393,
frame_ms,0.2965,
frame_ms,0.2283,
frame_ms,0.2301,
frame_ms,0.2213,
frame_ms,0.4045,
frame_ms,0.3809,
frame_ms,0.25,
frame_ms,0.3027,
frame_ms,0.2606,
frame_ms,0.7453,
frame_ms,0.3543,
frame_ms,0.4265,
frame_ms,0.2826,
frame_ms,0.2382,
frame_ms,0.2282,
frame_ms,0.2273,
frame_ms,0.2285,
frame_ms,0.224,
frame_ms,0.3042,
frame_ms,0.241,
frame_ms,0.2648,
tick_us,21.1,14
frame_ms,0.3449,
frame_ms,0.2705,
frame_ms,0.2511,
frame_ms,0.2364,
frame_ms,0.2357,
frame_ms,0.2594,
frame_ms,0.2906,
frame_ms,0.2302,
frame_ms,0.2205,
frame_ms,0.2898,
frame_ms,0.2328,
frame_ms,0.2139,
frame_ms,0.2312,
frame_ms,0.248,
frame_ms,0.2259,
frame_ms,0.3426,
frame_ms,0.4456,
frame_ms,0.2877,
frame_ms,0.2399,
frame_ms,0.2378,
frame_ms,0.2444,
frame_ms,0.2421,
frame_ms,0.2789,
frame_ms,0.2261,
frame_ms,0.2165,
frame_ms,0.2733,
tick_us,18.5,14
frame_ms,0.3386,
frame_ms,0.2436,
frame_ms,0.2237,
frame_ms,0.2193,
frame_ms,0.2103,
frame_ms,0.2588,
frame_ms,0.2641,
frame_ms,0.2531,
frame_ms,0.2259,
frame_ms,0.2349,
frame_ms,0.2818,
frame_ms,0.2955,
frame_ms,0.2587,
frame_ms,0.2295,
frame_ms,0.2259,
frame_ms,0.2156,
frame_ms,0.2288,
frame_ms,0.2652,
frame_ms,0.2259,
frame_ms,0.2426,
frame_ms,0.2232,
frame_ms,0.2591,
frame_ms,0.3112,
frame_ms,0.2766,
frame_ms,0.2532,
frame_ms,0.2424,
frame_ms,0.3872,
tick_us,24,14
frame_ms,0.577,
frame_ms,0.2882,
frame_ms,0.2529,
frame_ms,0.2342,
frame_ms,0.2495,
frame_ms,0.2429,
frame_ms,0.2402,
frame_ms,0.2399,
frame_ms,0.2355,
frame_ms,0.2683,
frame_ms,0.4622,
frame_ms,0.8593,
frame_ms,0.3084,
frame_ms,0.2486,
frame_ms,0.2314,
frame_ms,0.2246,
frame_ms,0.2216,
frame_ms,0.2124,
frame_ms,0.2454,
frame_ms,0.2302,
frame_ms,0.2345,
frame_ms,0.2157,
frame_ms,0.2519,
tick_us,19.2,12
frame_ms,0.7788,
frame_ms,0.2523,
frame_ms,0.2312,
frame_ms,0.2895,
frame_ms,0.2631,
frame_ms,0.2342,
frame_ms,0.2231,
frame_ms,0.2094,
frame_ms,0.2076,
frame_ms,0.2772,
frame_ms,0.2394,
frame_ms,0.2153,
frame_ms,0.2112,
frame_ms,0.2127,
frame_ms,0.5034,
frame_ms,0.4764,
frame_ms,0.2849,
frame_ms,0.6268,
frame_ms,0.2916,
frame_ms,0.3319,
frame_ms,0.2408,
frame_ms,0.2221,
frame_ms,0.2265,
frame_ms,0.222,
tick_us,20.5,12
frame_ms,0.3128,
frame_ms,0.2393,
frame_ms,0.224,
frame_ms,0.2287,
frame_ms,0.2203,
frame_ms,0.2695,
frame_ms,0.2475,
frame_ms,0.237,
frame_ms,0.6149,
frame_ms,0.2793,
frame_ms,0.2377,
frame_ms,0.2339,
frame_ms,0.2368,
frame_ms,0.2391,
frame_ms,0.2537,
frame_ms,0.2321,
frame_ms,0.2271,
frame_ms,0.2335,
frame_ms,0.2617,
frame_ms,0.2684,
frame_ms,0.2568,
frame_ms,0.5454,
frame_ms,0.2971,
frame_ms,0.2633,
frame_ms,0.2496,
tick_us,20,14
frame_ms,0.3299,
frame_ms,0.26,
frame_ms,0.2616,
frame_ms,0.2772,
frame_ms,0.2325,
frame_ms,0.2501,
frame_ms,0.2513,
frame_ms,0.2204,
frame_ms,0.2222,
frame_ms,0.2193,
frame_ms,0.282,
frame_ms,0.2727,
frame_ms,0.2457,
frame_ms,0.2524,
frame_ms,0.2527,
frame_ms,0.2758,
frame_ms,0.2855,
frame_ms,0.2622,
frame_ms,0.2549,
frame_ms,0.283,
frame_ms,0.5269,
frame_ms,0.3014,
frame_ms,0.2312,
frame_ms,0.2249,
frame_ms,0.2253,
frame_ms,0.3434,
tick_us,23.4,14
frame_ms,0.391,
frame_ms,0.3312,
frame_ms,0.4462,
frame_ms,0.3754,
frame_ms,0.2659,
frame_ms,0.2454,
frame_ms,0.2399,
frame_ms,0.2888,
frame_ms,0.3257,
frame_ms,0.2339,
frame_ms,0.2269,
frame_ms,0.2683,
frame_ms,0.2183,
frame_ms,0.2493,
frame_ms,0.3957,
frame_ms,0.284,
frame_ms,0.3482,
frame_ms,0.2368,
frame_ms,0.3058,
frame_ms,0.2608,
frame_ms,0.3099,
frame_ms,0.3064,
frame_ms,0.2556,
tick_us,20.9,14
frame_ms,0.3265,
frame_ms,0.2808,
frame_ms,0.2212,
frame_ms,0.2141,
frame_ms,0.2283,
frame_ms,0.2309,
frame_ms,0.2772,
frame_ms,0.306,
frame_ms,0.2917,
frame_ms,0.2752,
frame_ms,0.2964,
frame_ms,0.2829,
frame_ms,0.2828,
frame_ms,0.2809,
frame_ms,0.2207,
frame_ms,0.2124,
frame_ms,0.2138,
frame_ms,0.2124,
frame_ms,0.2488,
frame_ms,0.2209,
frame_ms,0.2129,
frame_ms,0.2621,
frame_ms,0.3105,
frame_ms,0.2806,
frame_ms,0.249,
frame_ms,0.2421,
tick_us,18.8,12
frame_ms,0.5995,
frame_ms,0.2878,
frame_ms,0.2208,
frame_ms,0.2094,
frame_ms,0.208,
frame_ms,0.2097,
frame_ms,0.2517,
frame_ms,0.2246,
frame_ms,0.2113,
frame_ms,0.2501,
frame_ms,0.226,
frame_ms,0.2132,
frame_ms,0.2459,
frame_ms,0.2349,
frame_ms,0.3011,
frame_ms,0.2454,
frame_ms,0.2256,
frame_ms,0.2428,
frame_ms,0.2082,
frame_ms,0.2509,
frame_ms,0.2336,
frame_ms,0.2193,
frame_ms,0.2169,
frame_ms,0.2055,
frame_ms,0.2828,
frame_ms,0.2779,
frame_ms,0.2398,
frame_ms,0.2281,
frame_ms,0.2326,
tick_us,19.1,12
frame_ms,0.2954,
frame_ms,0.2529,
frame_ms,0.3118,
frame_ms,0.2735,
frame_ms,0.2381,
frame_ms,0.2643,
frame_ms,0.249,
frame_ms,0.2247,
frame_ms,0.2181,
frame_ms,0.4491,
frame_ms,0.2218,
frame_ms,0.2242,
frame_ms,0.2321,
frame_ms,0.2218,
frame_ms,0.2138,
frame_ms,0.2453,
frame_ms,0.2355,
frame_ms,0.3881,
frame_ms,0.4742,
frame_ms,0.263,
frame_ms,0.2304,
frame_ms,0.2195,
frame_ms,0.2154,
frame_ms,0.2122,
frame_ms,0.2691,
frame_ms,0.2357,
tick_us,18.8,10
frame_ms,0.2855,
frame_ms,0.2376,
frame_ms,0.2171,
frame_ms,0.2667,
frame_ms,0.2265,
frame_ms,0.4028,
frame_ms,0.5001,
frame_ms,0.2954,
frame_ms,0.2355,
frame_ms,0.2265,
frame_ms,0.2231,
frame_ms,0.2467,
frame_ms,0.2291,
frame_ms,0.2582,
frame_ms,0.2587,
frame_ms,0.2325,
frame_ms,0.225,
frame_ms,0.2173,
frame_ms,0.2263,
frame_ms,0.2159,
frame_ms,0.2785,
frame_ms,0.234,
frame_ms,0.5144,
frame_ms,0.4206,
frame_ms,0.3652,
tick_us,17.6,8
frame_ms,0.349,
frame_ms,0.3019,
frame_ms,0.5952,
frame_ms,0.3324,
frame_ms,0.3394,
frame_ms,0.2801,
frame_ms,0.2437,
frame_ms,0.2126,
frame_ms,0.2294,
frame_ms,0.2173,
frame_ms,0.2329,
frame_ms,0.4309,
frame_ms,0.2728,
frame_ms,0.2255,
frame_ms,0.2194,
frame_ms,0.2153,
frame_ms,0.2175,
frame_ms,0.261,
frame_ms,0.2573,
frame_ms,0.2275,
frame_ms,0.2188,
frame_ms,0.2162,
frame_ms,0.2403,
frame_ms,0.2206,
frame_ms,0.2148,
tick_us,17.1,8
frame_ms,0.3032,
frame_ms,0.2639,
frame_ms,0.2337,
frame_ms,0.212,
frame_ms,0.2322,
frame_ms,0.2305,
frame_ms,0.2272,
frame_ms,0.2351,
frame_ms,0.2213,
frame_ms,0.2094,
frame_ms,0.2496,
frame_ms,0.2285,
frame_ms,0.423,
frame_ms,0.2203,
frame_ms,0.2094,
frame_ms,0.2049,
frame_ms,0.237,
frame_ms,0.2332,
frame_ms,0.21,
frame_ms,0.2455,
frame_ms,0.2246,
frame_ms,0.2357,
frame_ms,0.2216,
frame_ms,0.2083,
frame_ms,0.2408,
frame_ms,0.2232,
frame_ms,0.2058,
frame_ms,0.2514,
frame_ms,0.2233,
frame_ms,0.2021,
tick_us,15.4,8
frame_ms,0.3155,
frame_ms,0.2407,
frame_ms,0.213,
frame_ms,0.2035,
frame_ms,0.2085,
frame_ms,0.2788,
frame_ms,0.2422,
frame_ms,0.4441,
frame_ms,0.3704,
frame_ms,0.3884,
frame_ms,0.3535,
frame_ms,0.3377,
frame_ms,0.344,
frame_ms,0.3357,
frame_ms,0.3359,
frame_ms,0.3467,
frame_ms,0.3373,
frame_ms,0.3878,
frame_ms,0.3184,
frame_ms,0.3162,
frame_ms,0.2641,
frame_ms,0.246,
tick_us,18.3,6
frame_ms,0.3031,
frame_ms,0.2506,
frame_ms,0.2434,
frame_ms,0.2799,
frame_ms,0.241,
frame_ms,0.224,
frame_ms,0.2182,
frame_ms,0.2113,
frame_ms,0.2404,
frame_ms,0.2272,
frame_ms,0.2124,
frame_ms,0.3046,
frame_ms,0.2728,
frame_ms,0.2599,
frame_ms,0.2387,
frame_ms,0.2313,
frame_ms,0.2255,
frame_ms,0.247,
frame_ms,0.2128,
frame_ms,0.2399,
frame_ms,0.2321,
frame_ms,0.2264,
frame_ms,0.2227,
frame_ms,0.2578,
frame_ms,0.2351,
frame_ms,0.2966,
frame_ms,0.2665,
frame_ms,0.2281,
frame_ms,0.235,
tick_us,16.2,6
frame_ms,0.2763,
frame_ms,0.2776,
frame_ms,0.3146,
frame_ms,0.2371,
frame_ms,0.2231,
frame_ms,0.2595,
frame_ms,0.2168,
frame_ms,0.2173,
frame_ms,0.2444,
frame_ms,0.2502,
frame_ms,0.2219,
frame_ms,0.2334,
frame_ms,0.2099,
frame_ms,0.2688,
frame_ms,0.2298,
frame_ms,0.2115,
frame_ms,0.2539,
frame_ms,0.2324,
frame_ms,0.2346,
frame_ms,0.2929,
frame_ms,0.2416,
frame_ms,0.2075,
frame_ms,0.2601,
frame_ms,0.273,
frame_ms,0.2313,
frame_ms,0.2217,
frame_ms,0.2145,
frame_ms,0.2284,
frame_ms,0.217,
tick_us,16.1,6
frame_ms,0.2708,
frame_ms,0.2425,
frame_ms,0.2464,
frame_ms,0.2247,
frame_ms,0.2111,
frame_ms,0.2499,
frame_ms,0.2473,
frame_ms,0.2334,
frame_ms,0.2579,
frame_ms,0.2808,
frame_ms,0.2299,
frame_ms,0.2256,
frame_ms,0.211,
frame_ms,0.2614,
frame_ms,0.2268,
frame_ms,0.2129,
frame_ms,0.412,
frame_ms,0.3816,
frame_ms,0.3521,
frame_ms,0.3389,
frame_ms,0.3915,
frame_ms,0.3964,
frame_ms,0.2698,
frame_ms,0.2257,
frame_ms,0.2227,
tick_us,16.7,8
frame_ms,0.5287,
frame_ms,0.3197,
frame_ms,0.2584,
frame_ms,0.2104,
frame_ms,0.2126,
frame_ms,0.2067,
frame_ms,0.2416,
frame_ms,0.2243,
frame_ms,0.2119,
frame_ms,0.2204,
frame_ms,0.2084,
frame_ms,0.5073,
frame_ms,0.4182,
frame_ms,0.2645,
frame_ms,0.2304,
frame_ms,0.2109,
frame_ms,0.2054,
frame_ms,0.2073,
frame_ms,0.2753,
frame_ms,0.2277,
frame_ms,0.2119,
frame_ms,0.2451,
frame_ms,0.2262,
frame_ms,0.2113,
frame_ms,0.2478,
frame_ms,0.2299,
frame_ms,0.2306,
tick_us,14.2,8
