# mode=collision,n=2000,struct=grid,cell=64,depth=5,node=4,seed=44,warmup_s=2,measure_s=5,config=3D,ticks=1008,frames=19948,measured_ticks=720,startup_ms=1260.42,glfw_first_draw_ms=1192.23,renderer=NVIDIA GeForce RTX 5060 Laptop GPU/PCIe/SSE2,gl=3.3.0 NVIDIA 592.01
kind,value,extra
startup_ms,1260.42,process_to_first_frame
glfw_ms,1192.23,glfw_init_to_first_frame
mem_ws_bytes,1.12259e+08,baseline
mem_private_bytes,1.8081e+08,baseline
mem_peak_ws_bytes,1.12259e+08,baseline
mem_ws_bytes,1.13107e+08,after_spawn
mem_private_bytes,1.81649e+08,after_spawn
mem_peak_ws_bytes,1.13107e+08,after_spawn
frame_ms,0.3737,
frame_ms,0.2494,
frame_ms,0.2391,
frame_ms,0.2469,
frame_ms,0.3196,
frame_ms,0.3066,
frame_ms,1.1037,
frame_ms,0.6479,
frame_ms,0.4674,
frame_ms,0.2585,
frame_ms,0.2296,
frame_ms,0.256,
frame_ms,0.2335,
tick_us,780.1,196
frame_ms,1.7749,
frame_ms,0.3927,
frame_ms,0.3219,
frame_ms,0.2636,
frame_ms,0.2699,
frame_ms,0.3151,
frame_ms,0.2714,
frame_ms,0.2368,
frame_ms,0.2306,
frame_ms,0.2192,
frame_ms,0.2301,
frame_ms,0.2704,
frame_ms,0.2826,
frame_ms,0.2613,
frame_ms,0.2539,
frame_ms,0.2343,
frame_ms,0.2226,
frame_ms,0.228,
frame_ms,0.2248,
frame_ms,0.2702,
frame_ms,0.2225,
tick_us,764.8,196
frame_ms,1.7483,
frame_ms,0.2486,
frame_ms,0.216,
frame_ms,0.3095,
frame_ms,0.2877,
frame_ms,0.2526,
frame_ms,0.2503,
frame_ms,0.3941,
frame_ms,0.3102,
frame_ms,0.2483,
frame_ms,0.234,
frame_ms,0.232,
frame_ms,0.2476,
frame_ms,0.2263,
frame_ms,0.2521,
frame_ms,0.3427,
frame_ms,0.4701,
frame_ms,0.4318,
frame_ms,0.2263,
tick_us,762.7,192
frame_ms,1.7404,
frame_ms,0.2511,
frame_ms,0.222,
frame_ms,0.2699,
frame_ms,0.2499,
frame_ms,0.2434,
frame_ms,0.2335,
frame_ms,0.2256,
frame_ms,0.2408,
frame_ms,0.2314,
frame_ms,0.479,
frame_ms,0.3929,
frame_ms,0.299,
frame_ms,0.3073,
frame_ms,0.2608,
frame_ms,0.2722,
frame_ms,0.2509,
frame_ms,0.2569,
frame_ms,0.2251,
frame_ms,0.223,
tick_us,768.2,184
frame_ms,1.738,
frame_ms,0.2665,
frame_ms,0.2366,
frame_ms,0.2736,
frame_ms,0.2523,
frame_ms,0.2666,
frame_ms,0.2442,
frame_ms,0.2252,
frame_ms,0.2201,
frame_ms,0.5462,
frame_ms,0.2787,
frame_ms,0.2446,
frame_ms,0.2365,
frame_ms,0.4177,
frame_ms,0.3671,
frame_ms,0.2585,
frame_ms,0.2297,
frame_ms,0.2223,
frame_ms,0.2273,
frame_ms,0.2508,
tick_us,782.7,180
frame_ms,1.8555,
frame_ms,0.292,
frame_ms,0.253,
frame_ms,0.2341,
frame_ms,0.2382,
frame_ms,0.2306,
frame_ms,0.2575,
frame_ms,0.2244,
frame_ms,0.3066,
frame_ms,0.3101,
frame_ms,0.2425,
frame_ms,0.3041,
frame_ms,0.2641,
frame_ms,0.2362,
frame_ms,0.2334,
frame_ms,0.3142,
frame_ms,0.2473,
frame_ms,0.234,
frame_ms,0.2397,
frame_ms,0.2264,
frame_ms,0.2344,
tick_us,767.4,178
frame_ms,1.7607,
frame_ms,0.255,
frame_ms,0.2218,
frame_ms,0.289,
frame_ms,0.2367,
frame_ms,0.2251,
frame_ms,0.42,
frame_ms,0.2902,
frame_ms,0.2473,
frame_ms,0.2415,
frame_ms,0.2238,
frame_ms,0.2524,
frame_ms,0.2362,
frame_ms,0.2281,
frame_ms,0.4109,
frame_ms,0.3778,
frame_ms,0.341,
frame_ms,0.3401,
frame_ms,0.3442,
tick_us,791,184
frame_ms,2.2791,
frame_ms,0.5191,
frame_ms,0.2732,
frame_ms,0.2383,
frame_ms,0.2316,
frame_ms,0.2911,
frame_ms,0.2668,
frame_ms,0.4056,
frame_ms,0.3957,
frame_ms,0.3545,
frame_ms,0.4083,
frame_ms,0.4008,
frame_ms,0.3425,
frame_ms,0.2928,
frame_ms,0.2466,
tick_us,733.6,170
frame_ms,1.7315,
frame_ms,0.3952,
frame_ms,0.3192,
frame_ms,0.3123,
frame_ms,0.2289,
frame_ms,0.2255,
frame_ms,0.4202,
frame_ms,0.3452,
frame_ms,0.2959,
frame_ms,0.245,
frame_ms,0.2501,
frame_ms,0.4351,
frame_ms,0.7219,
frame_ms,0.2816,
frame_ms,0.255,
frame_ms,0.2356,
tick_us,811.9,164
frame_ms,1.924,
frame_ms,0.3027,
frame_ms,0.2982,
frame_ms,0.3338,
frame_ms,0.5521,
frame_ms,0.3157,
frame_ms,1.0133,
frame_ms,0.2496,
frame_ms,0.3048,
frame_ms,0.3621,
frame_ms,0.2733,
frame_ms,0.3946,
frame_ms,0.3738,
frame_ms,0.3692,
tick_us,953.1,170
frame_ms,2.1108,
frame_ms,0.2905,
frame_ms,0.2527,
frame_ms,0.2653,
frame_ms,0.2333,
frame_ms,0.2227,
frame_ms,0.2226,
frame_ms,0.2831,
frame_ms,0.2374,
frame_ms,0.2347,
frame_ms,0.4512,
frame_ms,0.3508,
frame_ms,0.3035,
frame_ms,0.2419,
frame_ms,0.235,
frame_ms,0.3584,
frame_ms,0.2752,
frame_ms,0.2335,
frame_ms,0.2302,
tick_us,789.3,174
frame_ms,1.7936,
frame_ms,0.3144,
frame_ms,0.2393,
frame_ms,0.2295,
frame_ms,0.2814,
frame_ms,0.2707,
frame_ms,0.2508,
frame_ms,0.2951,
frame_ms,0.2994,
frame_ms,0.2742,
frame_ms,0.2472,
frame_ms,0.2328,
frame_ms,0.9376,
frame_ms,0.4161,
frame_ms,0.3381,
frame_ms,0.2313,
frame_ms,0.2362,
tick_us,771.5,168
frame_ms,1.7635,
frame_ms,0.2624,
frame_ms,0.2278,
frame_ms,0.244,
frame_ms,0.2243,
frame_ms,0.2217,
frame_ms,0.2413,
frame_ms,0.3168,
frame_ms,0.2543,
frame_ms,0.2701,
frame_ms,0.3548,
frame_ms,1.1969,
frame_ms,0.2341,
frame_ms,0.2386,
frame_ms,0.2745,
frame_ms,0.2294,
frame_ms,0.2382,
frame_ms,0.2233,
tick_us,768.6,166
frame_ms,1.983,
frame_ms,0.3031,
frame_ms,0.2915,
frame_ms,0.2663,
frame_ms,0.3011,
frame_ms,0.2695,
frame_ms,0.3217,
frame_ms,0.2648,
frame_ms,0.2371,
frame_ms,0.247,
frame_ms,0.241,
frame_ms,0.2345,
frame_ms,0.228,
frame_ms,0.2289,
frame_ms,0.2491,
frame_ms,0.2631,
frame_ms,0.2598,
frame_ms,0.2478,
frame_ms,0.2369,
frame_ms,0.2352,
tick_us,768.7,170
frame_ms,1.9972,
frame_ms,0.2707,
frame_ms,0.246,
frame_ms,0.2413,
frame_ms,0.4206,
frame_ms,0.3371,
frame_ms,0.3536,
frame_ms,0.2492,
frame_ms,0.2355,
frame_ms,0.2574,
frame_ms,0.4486,
frame_ms,0.3714,
frame_ms,0.2246,
frame_ms,0.4504,
frame_ms,0.36,
frame_ms,0.2586,
frame_ms,0.2886,
tick_us,777.4,166
frame_ms,1.8127,
frame_ms,0.2608,
frame_ms,0.2243,
frame_ms,0.2834,
frame_ms,0.2397,
frame_ms,0.2857,
frame_ms,0.2564,
frame_ms,0.2307,
frame_ms,0.2172,
frame_ms,0.2189,
frame_ms,0.237,
frame_ms,0.2698,
frame_ms,0.2363,
frame_ms,0.2215,
frame_ms,0.2255,
frame_ms,0.2988,
frame_ms,0.2639,
frame_ms,0.275,
frame_ms,0.25,
frame_ms,0.2699,
tick_us,757.7,164
frame_ms,1.9254,
frame_ms,0.3889,
frame_ms,0.3647,
frame_ms,0.2634,
frame_ms,0.2686,
frame_ms,0.2644,
frame_ms,0.2588,
frame_ms,0.2491,
frame_ms,0.3264,
frame_ms,0.349,
frame_ms,0.2357,
frame_ms,0.4403,
frame_ms,0.3537,
frame_ms,0.3459,
frame_ms,0.4219,
frame_ms,0.3288,
frame_ms,0.3093,
tick_us,749.3,178
frame_ms,1.7619,
frame_ms,0.2813,
frame_ms,0.2357,
frame_ms,0.2218,
frame_ms,0.279,
frame_ms,0.2382,
frame_ms,0.2238,
frame_ms,0.2637,
frame_ms,0.2362,
frame_ms,0.2285,
frame_ms,0.2191,
frame_ms,0.2748,
frame_ms,0.455,
frame_ms,0.3536,
frame_ms,0.3238,
frame_ms,0.2247,
frame_ms,0.2719,
frame_ms,0.2328,
frame_ms,0.2215,
frame_ms,0.2401,
frame_ms,0.2896,
tick_us,731.9,184
frame_ms,1.7575,
frame_ms,0.3322,
frame_ms,0.2619,
frame_ms,0.2436,
frame_ms,0.2286,
frame_ms,0.2236,
frame_ms,0.4083,
frame_ms,0.2706,
frame_ms,0.2249,
frame_ms,0.2264,
frame_ms,0.2191,
frame_ms,0.8785,
frame_ms,0.3938,
frame_ms,0.3463,
frame_ms,0.2452,
frame_ms,0.2591,
frame_ms,0.242,
frame_ms,0.2358,
tick_us,757.3,176
frame_ms,1.7477,
frame_ms,0.2796,
frame_ms,0.3395,
frame_ms,0.3869,
frame_ms,0.3529,
frame_ms,0.4973,
frame_ms,0.3446,
frame_ms,0.317,
frame_ms,0.2393,
frame_ms,0.2366,
frame_ms,0.2312,
frame_ms,0.23,
frame_ms,0.2241,
frame_ms,0.2483,
frame_ms,0.2483,
frame_ms,0.2527,
frame_ms,0.2436,
frame_ms,0.2315,
frame_ms,0.2293,
tick_us,743.3,170
frame_ms,1.7246,
frame_ms,0.2593,
frame_ms,0.2261,
frame_ms,0.3996,
frame_ms,0.3763,
frame_ms,0.489,
frame_ms,0.3853,
frame_ms,0.2375,
frame_ms,0.3076,
frame_ms,0.254,
frame_ms,0.2506,
frame_ms,0.374,
frame_ms,0.2541,
frame_ms,0.2213,
frame_ms,0.2597,
frame_ms,0.3963,
frame_ms,0.373,
tick_us,854.1,168
frame_ms,2.191,
frame_ms,0.3307,
frame_ms,0.2406,
frame_ms,0.2344,
frame_ms,0.2352,
frame_ms,0.3101,
frame_ms,0.2451,
frame_ms,0.2748,
frame_ms,0.2413,
frame_ms,0.2226,
frame_ms,0.2596,
frame_ms,0.241,
frame_ms,0.2766,
frame_ms,0.2419,
frame_ms,0.2723,
frame_ms,0.2687,
frame_ms,0.2453,
frame_ms,0.2502,
frame_ms,0.2308,
frame_ms,0.2175,
tick_us,730.8,166
frame_ms,1.7871,
frame_ms,0.3271,
frame_ms,0.3955,
frame_ms,0.3695,
frame_ms,0.3462,
frame_ms,0.3432,
frame_ms,0.2881,
frame_ms,0.3156,
frame_ms,0.3433,
frame_ms,0.2583,
frame_ms,0.2243,
frame_ms,0.2263,
frame_ms,0.4304,
frame_ms,0.3466,
frame_ms,0.3727,
frame_ms,0.3523,
frame_ms,0.3474,
tick_us,846.9,162
frame_ms,1.987,
frame_ms,0.4222,
frame_ms,0.2615,
frame_ms,0.2349,
frame_ms,0.2274,
frame_ms,0.2197,
frame_ms,0.2476,
frame_ms,0.213,
frame_ms,0.2771,
frame_ms,0.2299,
frame_ms,0.2188,
frame_ms,0.2639,
frame_ms,0.2831,
frame_ms,0.2477,
frame_ms,0.2335,
frame_ms,0.2512,
frame_ms,0.2607,
frame_ms,0.2321,
frame_ms,0.2277,
frame_ms,0.2986,
tick_us,846.1,162
frame_ms,2.0319,
frame_ms,0.3902,
frame_ms,0.2426,
frame_ms,0.236,
frame_ms,0.2879,
frame_ms,0.2725,
frame_ms,0.2588,
frame_ms,0.2335,
frame_ms,0.2287,
frame_ms,0.2266,
frame_ms,0.2229,
frame_ms,0.2882,
frame_ms,0.2668,
frame_ms,0.3085,
frame_ms,0.4508,
frame_ms,0.2869,
frame_ms,0.4974,
frame_ms,0.3505,
tick_us,770.4,168
frame_ms,2.1336,
frame_ms,0.3158,
frame_ms,0.3893,
frame_ms,0.3486,
frame_ms,0.2995,
frame_ms,0.2416,
frame_ms,0.2317,
frame_ms,0.2272,
frame_ms,0.2632,
frame_ms,0.2475,
frame_ms,0.2432,
frame_ms,0.2798,
frame_ms,0.2456,
frame_ms,0.2332,
frame_ms,0.24,
frame_ms,0.3522,
frame_ms,0.3909,
tick_us,797.5,166
frame_ms,2.0947,
frame_ms,0.3238,
frame_ms,0.4053,
frame_ms,0.4108,
frame_ms,0.3003,
frame_ms,0.2454,
frame_ms,0.3711,
frame_ms,0.3001,
frame_ms,0.3097,
frame_ms,0.2338,
frame_ms,0.2339,
frame_ms,0.229,
frame_ms,0.2253,
frame_ms,0.2184,
frame_ms,0.2266,
frame_ms,0.2979,
frame_ms,0.2277,
frame_ms,0.4266,
tick_us,817.2,174
frame_ms,2.153,
frame_ms,0.35,
frame_ms,0.2291,
frame_ms,0.3595,
frame_ms,0.2848,
frame_ms,0.2574,
frame_ms,0.3123,
frame_ms,0.2477,
frame_ms,0.2471,
frame_ms,0.4401,
frame_ms,0.2756,
frame_ms,0.2492,
frame_ms,0.3007,
frame_ms,0.2917,
frame_ms,0.2438,
frame_ms,0.2514,
frame_ms,0.2254,
frame_ms,0.2218,
tick_us,813.9,180
frame_ms,1.8138,
frame_ms,0.2832,
frame_ms,0.2493,
frame_ms,0.2413,
frame_ms,0.2354,
frame_ms,0.2615,
frame_ms,0.2425,
frame_ms,0.2939,
frame_ms,0.2871,
frame_ms,0.2431,
frame_ms,0.2283,
frame_ms,0.227,
frame_ms,0.2557,
frame_ms,0.2312,
frame_ms,0.2317,
frame_ms,0.3302,
frame_ms,0.4491,
frame_ms,0.3582,
frame_ms,0.3393,
tick_us,809.2,178
frame_ms,1.9067,
frame_ms,0.2633,
frame_ms,0.3712,
frame_ms,0.4095,
frame_ms,0.2902,
frame_ms,0.3746,
frame_ms,0.3957,
frame_ms,0.2451,
frame_ms,0.2297,
frame_ms,0.2393,
frame_ms,0.2814,
frame_ms,0.2743,
frame_ms,0.2353,
frame_ms,0.4094,
frame_ms,0.3532,
frame_ms,0.9361,
tick_us,786.4,164
frame_ms,1.9784,
frame_ms,0.2824,
frame_ms,0.254,
frame_ms,0.2627,
frame_ms,0.2343,
frame_ms,0.225,
frame_ms,0.2568,
frame_ms,0.2475,
frame_ms,0.2843,
frame_ms,0.3103,
frame_ms,0.3073,
frame_ms,0.2438,
frame_ms,0.2913,
frame_ms,0.2852,
frame_ms,0.2561,
frame_ms,0.2766,
frame_ms,0.2348,
frame_ms,0.441,
tick_us,776.8,170
frame_ms,2.0646,
frame_ms,0.2692,
frame_ms,0.2244,
frame_ms,0.245,
frame_ms,0.2303,
frame_ms,0.2988,
frame_ms,0.2446,
frame_ms,0.2219,
frame_ms,0.2886,
frame_ms,0.2289,
frame_ms,0.2255,
frame_ms,0.2269,
frame_ms,0.2337,
frame_ms,0.2682,
frame_ms,0.2544,
frame_ms,0.2338,
frame_ms,0.2279,
frame_ms,0.2346,
frame_ms,0.2277,
frame_ms,0.2636,
frame_ms,0.2773,
tick_us,779.3,166
frame_ms,1.9884,
frame_ms,0.2879,
frame_ms,0.2411,
frame_ms,0.2329,
frame_ms,0.2732,
frame_ms,0.2423,
frame_ms,0.4641,
frame_ms,0.3621,
frame_ms,0.3778,
frame_ms,0.2512,
frame_ms,0.2904,
frame_ms,0.2417,
frame_ms,0.254,
frame_ms,0.2335,
frame_ms,0.2521,
frame_ms,0.23,
frame_ms,0.2289,
frame_ms,0.2348,
frame_ms,0.2258,
frame_ms,0.2362,
tick_us,777.6,164
frame_ms,1.817,
frame_ms,0.2854,
frame_ms,0.23,
frame_ms,0.2393,
frame_ms,0.2237,
frame_ms,0.5391,
frame_ms,0.2719,
frame_ms,0.2294,
frame_ms,0.281,
frame_ms,0.2752,
frame_ms,0.3899,
frame_ms,0.3116,
frame_ms,0.2782,
frame_ms,0.2465,
frame_ms,0.2639,
frame_ms,0.2696,
frame_ms,0.2725,
frame_ms,0.232,
frame_ms,0.2223,
tick_us,762.6,170
frame_ms,1.7514,
frame_ms,0.3406,
frame_ms,2.3451,
frame_ms,0.3824,
frame_ms,0.3009,
frame_ms,0.3149,
frame_ms,0.2741,
frame_ms,0.2477,
frame_ms,0.2543,
frame_ms,0.3363,
frame_ms,0.2732,
tick_us,758.9,160
frame_ms,1.8702,
frame_ms,0.2913,
frame_ms,0.2476,
frame_ms,0.2347,
frame_ms,0.2392,
frame_ms,0.2503,
frame_ms,0.3007,
frame_ms,0.2427,
frame_ms,0.2415,
frame_ms,0.2271,
frame_ms,0.2415,
frame_ms,0.2721,
frame_ms,0.2648,
frame_ms,0.2204,
frame_ms,0.2344,
frame_ms,0.3069,
frame_ms,0.244,
frame_ms,0.2841,
frame_ms,0.2426,
frame_ms,0.4017,
tick_us,817.6,154
frame_ms,2.1299,
frame_ms,0.3007,
frame_ms,0.2299,
frame_ms,0.4091,
frame_ms,0.2604,
frame_ms,0.2338,
frame_ms,0.2346,
frame_ms,0.3996,
frame_ms,0.3565,
frame_ms,0.3802,
frame_ms,0.3935,
frame_ms,0.2907,
frame_ms,0.2258,
frame_ms,0.2211,
frame_ms,0.2229,
frame_ms,0.3277,
frame_ms,0.2437,
frame_ms,0.227,
tick_us,811.7,152
frame_ms,1.8551,
frame_ms,0.2719,
frame_ms,0.2436,
frame_ms,0.2316,
frame_ms,0.2493,
frame_ms,0.2517,
frame_ms,0.2951,
frame_ms,0.2866,
frame_ms,0.2447,
frame_ms,0.2563,
frame_ms,0.4137,
frame_ms,0.3734,
frame_ms,0.3393,
frame_ms,0.5337,
frame_ms,0.434,
frame_ms,0.3464,
frame_ms,0.2466,
frame_ms,0.2306,
tick_us,796.3,156
frame_ms,1.8218,
frame_ms,0.281,
frame_ms,0.2279,
frame_ms,0.2445,
frame_ms,0.3321,
frame_ms,0.3039,
frame_ms,0.3116,
frame_ms,0.2605,
frame_ms,0.2698,
frame_ms,0.3186,
frame_ms,0.2589,
frame_ms,0.2456,
frame_ms,0.2979,
frame_ms,0.26,
frame_ms,0.2643,
frame_ms,0.35,
frame_ms,0.255,
frame_ms,0.2805,
frame_ms,0.2322,
tick_us,748.3,154
frame_ms,1.7423,
frame_ms,0.2563,
frame_ms,0.2299,
frame_ms,0.4437,
frame_ms,0.2812,
frame_ms,0.2257,
frame_ms,0.2267,
frame_ms,0.2271,
frame_ms,0.2212,
frame_ms,1.2021,
frame_ms,0.3426,
frame_ms,0.2709,
frame_ms,0.2274,
frame_ms,0.2351,
frame_ms,0.2527,
frame_ms,0.2407,
frame_ms,0.224,
frame_ms,0.2406,
tick_us,767.6,156
frame_ms,1.8062,
frame_ms,0.2765,
frame_ms,0.2411,
frame_ms,0.2793,
frame_ms,0.4097,
frame_ms,0.3747,
frame_ms,0.3563,
frame_ms,0.3371,
frame_ms,0.2507,
frame_ms,0.2249,
frame_ms,0.2334,
frame_ms,0.2403,
frame_ms,0.239,
frame_ms,0.2331,
frame_ms,0.2891,
frame_ms,0.2333,
frame_ms,0.2567,
frame_ms,0.3173,
frame_ms,0.2443,
tick_us,759.2,164
frame_ms,2.7439,
frame_ms,0.6914,
frame_ms,0.4381,
frame_ms,0.2406,
frame_ms,0.2301,
frame_ms,0.2253,
frame_ms,0.3115,
frame_ms,0.2488,
frame_ms,0.2309,
frame_ms,0.2405,
frame_ms,0.2575,
frame_ms,0.244,
frame_ms,0.2417,
frame_ms,0.2333,
frame_ms,0.3007,
tick_us,769,158
frame_ms,1.8032,
frame_ms,0.2714,
frame_ms,0.2811,
frame_ms,0.4465,
frame_ms,0.2483,
frame_ms,0.2572,
frame_ms,0.2363,
frame_ms,0.2274,
frame_ms,0.3511,
frame_ms,0.3672,
frame_ms,0.3509,
frame_ms,0.3522,
frame_ms,0.3291,
frame_ms,0.2919,
frame_ms,0.2909,
frame_ms,0.3325,
frame_ms,0.2877,
frame_ms,0.2327,
tick_us,776.5,164
frame_ms,1.7767,
frame_ms,0.2619,
frame_ms,0.2266,
frame_ms,0.4106,
frame_ms,0.3345,
frame_ms,0.4683,
frame_ms,0.2698,
frame_ms,0.2298,
frame_ms,0.2353,
frame_ms,0.2269,
frame_ms,0.3341,
frame_ms,0.4786,
frame_ms,0.2396,
frame_ms,0.2409,
frame_ms,0.2233,
frame_ms,0.2603,
frame_ms,0.2252,
frame_ms,0.2743,
frame_ms,0.2471,
tick_us,765.7,164
frame_ms,1.8339,
frame_ms,0.2738,
frame_ms,0.2407,
frame_ms,0.2451,
frame_ms,0.2677,
frame_ms,0.2657,
frame_ms,0.2605,
frame_ms,0.2267,
frame_ms,0.2554,
frame_ms,0.4438,
frame_ms,0.3506,
frame_ms,0.3466,
frame_ms,0.8917,
frame_ms,0.4411,
frame_ms,0.3824,
frame_ms,0.3757,
tick_us,747.7,168
frame_ms,1.876,
frame_ms,0.2541,
frame_ms,0.2546,
frame_ms,0.3688,
frame_ms,0.3672,
frame_ms,0.3407,
frame_ms,0.305,
frame_ms,0.2444,
frame_ms,0.2809,
frame_ms,0.2355,
frame_ms,0.2335,
frame_ms,0.2289,
frame_ms,0.282,
frame_ms,0.3385,
frame_ms,0.2899,
frame_ms,0.2544,
frame_ms,0.2471,
frame_ms,0.2343,
frame_ms,0.2682,
tick_us,760.1,166
frame_ms,1.7969,
frame_ms,0.2648,
frame_ms,0.239,
frame_ms,0.2283,
frame_ms,0.2314,
frame_ms,0.315,
frame_ms,0.2754,
frame_ms,0.3093,
frame_ms,0.2309,
frame_ms,0.3282,
frame_ms,0.338,
frame_ms,0.2696,
frame_ms,0.2724,
frame_ms,0.2406,
frame_ms,0.2303,
frame_ms,0.2302,
frame_ms,0.2421,
frame_ms,0.2308,
frame_ms,0.2831,
frame_ms,0.2541,
tick_us,775.1,174
frame_ms,1.7678,
frame_ms,0.2651,
frame_ms,0.2292,
frame_ms,0.2368,
frame_ms,0.4351,
frame_ms,0.3538,
frame_ms,0.2744,
frame_ms,0.238,
frame_ms,0.2445,
frame_ms,0.2274,
frame_ms,0.2377,
frame_ms,0.2214,
frame_ms,0.285,
frame_ms,0.2546,
frame_ms,0.3071,
frame_ms,0.2612,
frame_ms,0.3856,
frame_ms,0.2689,
frame_ms,0.2333,
frame_ms,0.2284,
tick_us,753.8,174
frame_ms,1.8419,
frame_ms,0.3187,
frame_ms,0.2826,
frame_ms,0.2461,
frame_ms,0.2692,
frame_ms,0.2314,
frame_ms,0.2509,
frame_ms,0.282,
frame_ms,0.2363,
frame_ms,0.2227,
frame_ms,0.2313,
frame_ms,0.3166,
frame_ms,0.2428,
frame_ms,0.2207,
frame_ms,0.2322,
frame_ms,0.2902,
frame_ms,0.2359,
frame_ms,0.4042,
frame_ms,0.3708,
frame_ms,0.3218,
tick_us,741.8,166
frame_ms,1.7582,
frame_ms,0.2598,
frame_ms,0.4205,
frame_ms,0.3739,
frame_ms,0.3483,
frame_ms,0.2639,
frame_ms,0.3496,
frame_ms,0.3481,
frame_ms,0.3394,
frame_ms,0.3408,
frame_ms,0.3095,
frame_ms,0.2472,
frame_ms,0.2285,
frame_ms,0.2312,
frame_ms,0.3106,
frame_ms,0.3853,
frame_ms,0.3048,
tick_us,771,166
frame_ms,1.8194,
frame_ms,0.2615,
frame_ms,0.2242,
frame_ms,0.5948,
frame_ms,0.2836,
frame_ms,0.2812,
frame_ms,0.2682,
frame_ms,0.4046,
frame_ms,0.3508,
frame_ms,0.362,
frame_ms,0.3288,
frame_ms,0.2358,
frame_ms,0.2621,
frame_ms,0.2909,
frame_ms,0.2605,
frame_ms,0.3102,
frame_ms,0.2399,
frame_ms,0.3176,
tick_us,793.9,158
frame_ms,1.8301,
frame_ms,0.2845,
frame_ms,0.2329,
frame_ms,0.3792,
frame_ms,0.2541,
frame_ms,0.2446,
frame_ms,0.2276,
frame_ms,0.4089,
frame_ms,0.3439,
frame_ms,0.3704,
frame_ms,0.3511,
frame_ms,0.3242,
frame_ms,0.2948,
frame_ms,0.3246,
frame_ms,0.2638,
frame_ms,0.2267,
frame_ms,0.2223,
frame_ms,0.2516,
tick_us,777.1,152
frame_ms,1.7807,
frame_ms,0.2614,
frame_ms,0.2207,
frame_ms,0.2538,
frame_ms,0.2354,
frame_ms,0.2301,
frame_ms,0.3044,
frame_ms,0.2552,
frame_ms,0.2357,
frame_ms,1.0902,
frame_ms,0.6419,
frame_ms,0.5075,
frame_ms,0.396,
frame_ms,0.2712,
frame_ms,0.2457,
tick_us,861.3,158
frame_ms,1.95,
frame_ms,0.4122,
frame_ms,0.2717,
frame_ms,0.3092,
frame_ms,0.2632,
frame_ms,0.2485,
frame_ms,0.2903,
frame_ms,0.2515,
frame_ms,0.2477,
frame_ms,0.2519,
frame_ms,0.2273,
frame_ms,0.2969,
frame_ms,0.2475,
frame_ms,0.2399,
frame_ms,0.233,
frame_ms,0.3268,
frame_ms,0.2484,
frame_ms,0.3141,
frame_ms,0.2687,
tick_us,775.3,160
frame_ms,1.806,
frame_ms,0.2721,
frame_ms,0.4064,
frame_ms,0.2553,
frame_ms,0.2326,
frame_ms,0.2348,
frame_ms,0.234,
frame_ms,0.2308,
frame_ms,0.2215,
frame_ms,0.3028,
frame_ms,0.2443,
frame_ms,0.2489,
frame_ms,0.2865,
frame_ms,0.3277,
frame_ms,0.2634,
frame_ms,0.2533,
frame_ms,0.475,
frame_ms,0.3237,
frame_ms,0.2855,
frame_ms,0.2279,
tick_us,1766.9,160
frame_ms,2.9566,
frame_ms,0.4139,
frame_ms,0.3497,
frame_ms,0.3032,
frame_ms,0.2349,
frame_ms,0.2347,
frame_ms,0.2292,
frame_ms,0.2262,
frame_ms,0.2196,
frame_ms,0.2793,
frame_ms,0.2705,
frame_ms,0.2234,
frame_ms,0.2211,
frame_ms,0.2811,
frame_ms,0.2989,
tick_us,763.2,158
frame_ms,1.863,
frame_ms,0.33,
frame_ms,0.2407,
frame_ms,0.3848,
frame_ms,0.3042,
frame_ms,0.2419,
frame_ms,0.2434,
frame_ms,0.2393,
frame_ms,0.23,
frame_ms,0.2306,
frame_ms,0.2964,
frame_ms,0.2743,
frame_ms,0.2425,
frame_ms,0.2307,
frame_ms,0.2262,
frame_ms,0.2235,
frame_ms,0.2769,
frame_ms,0.2398,
frame_ms,0.23,
frame_ms,0.2276,
frame_ms,0.2968,
tick_us,812.7,160
frame_ms,1.9246,
frame_ms,0.3233,
frame_ms,2.4229,
frame_ms,0.3019,
frame_ms,0.2352,
frame_ms,0.2274,
frame_ms,0.2174,
frame_ms,0.27,
frame_ms,0.233,
frame_ms,0.2231,
frame_ms,0.2204,
frame_ms,0.298,
tick_us,765.9,158
frame_ms,1.7911,
frame_ms,0.2564,
frame_ms,0.2293,
frame_ms,0.2869,
frame_ms,0.2836,
frame_ms,0.3163,
frame_ms,0.2585,
frame_ms,0.2455,
frame_ms,0.2405,
frame_ms,0.2424,
frame_ms,0.2373,
frame_ms,0.239,
frame_ms,0.2492,
frame_ms,0.2334,
frame_ms,0.2364,
frame_ms,0.2321,
frame_ms,0.2272,
frame_ms,0.231,
frame_ms,0.3517,
frame_ms,0.2981,
frame_ms,0.2406,
tick_us,731.3,160
frame_ms,1.7252,
frame_ms,0.2552,
frame_ms,0.2228,
frame_ms,0.3902,
frame_ms,0.5667,
frame_ms,0.3346,
frame_ms,0.2474,
frame_ms,0.2255,
frame_ms,0.2228,
frame_ms,0.2384,
frame_ms,0.2209,
frame_ms,0.2216,
frame_ms,0.2752,
frame_ms,0.2454,
frame_ms,0.2265,
frame_ms,0.2492,
frame_ms,0.272,
frame_ms,0.2248,
frame_ms,0.2693,
frame_ms,0.2367,
frame_ms,0.2151,
tick_us,763.4,156
frame_ms,1.7839,
frame_ms,0.2715,
frame_ms,1.5643,
frame_ms,0.268,
frame_ms,0.2359,
frame_ms,0.2265,
frame_ms,0.2198,
frame_ms,0.2217,
frame_ms,0.2602,
frame_ms,0.227,
frame_ms,0.2215,
frame_ms,0.2432,
frame_ms,0.2283,
frame_ms,0.2182,
frame_ms,0.2476,
frame_ms,0.2251,
frame_ms,0.2153,
tick_us,771.3,156
frame_ms,1.7787,
frame_ms,0.2622,
frame_ms,0.2299,
frame_ms,0.2224,
frame_ms,0.2542,
frame_ms,0.226,
frame_ms,0.2164,
frame_ms,0.2613,
frame_ms,0.3321,
frame_ms,0.4283,
frame_ms,0.4046,
frame_ms,0.3526,
frame_ms,0.3396,
frame_ms,0.338,
frame_ms,0.3817,
frame_ms,0.4056,
frame_ms,0.32,
tick_us,863.6,152
frame_ms,2.0165,
frame_ms,0.285,
frame_ms,0.2342,
frame_ms,0.226,
frame_ms,0.2367,
frame_ms,0.2294,
frame_ms,0.25,
frame_ms,0.2305,
frame_ms,0.2383,
frame_ms,0.2297,
frame_ms,0.2199,
frame_ms,0.3433,
frame_ms,0.2957,
frame_ms,0.2464,
frame_ms,0.2286,
frame_ms,0.2328,
frame_ms,0.2344,
frame_ms,0.234,
frame_ms,0.2327,
frame_ms,0.2419,
frame_ms,0.2295,
frame_ms,0.2504,
tick_us,755.3,158
frame_ms,1.8151,
frame_ms,0.309,
frame_ms,0.2417,
frame_ms,0.2311,
frame_ms,0.2259,
frame_ms,0.2188,
frame_ms,0.2333,
frame_ms,0.2395,
frame_ms,0.2763,
frame_ms,0.3219,
frame_ms,0.2563,
frame_ms,0.2239,
frame_ms,0.2256,
frame_ms,0.2141,
frame_ms,0.3653,
frame_ms,0.369,
frame_ms,0.295,
frame_ms,0.2611,
frame_ms,0.3572,
frame_ms,0.2499,
tick_us,760.9,166
frame_ms,1.7588,
frame_ms,0.25,
frame_ms,0.2859,
frame_ms,0.2504,
frame_ms,0.9676,
frame_ms,0.2463,
frame_ms,0.2813,
frame_ms,0.243,
frame_ms,0.3216,
frame_ms,0.2408,
frame_ms,0.229,
frame_ms,0.2214,
frame_ms,0.2146,
frame_ms,0.2566,
frame_ms,0.2863,
frame_ms,0.2417,
frame_ms,0.2283,
frame_ms,0.218,
frame_ms,0.2355,
tick_us,803.8,172
frame_ms,1.8195,
frame_ms,0.2461,
frame_ms,0.2174,
frame_ms,0.2385,
frame_ms,0.2261,
frame_ms,0.2231,
frame_ms,0.3153,
frame_ms,0.3064,
frame_ms,0.2588,
frame_ms,0.24,
frame_ms,0.235,
frame_ms,0.3531,
frame_ms,0.3734,
frame_ms,0.3467,
frame_ms,0.3391,
frame_ms,0.335,
frame_ms,0.4358,
frame_ms,0.3687,
tick_us,850.7,172
frame_ms,2.0626,
frame_ms,0.3027,
frame_ms,0.2355,
frame_ms,0.227,
frame_ms,0.2671,
frame_ms,0.239,
frame_ms,0.2268,
frame_ms,0.2181,
frame_ms,0.274,
frame_ms,0.2359,
frame_ms,0.2319,
frame_ms,0.2399,
frame_ms,0.2701,
frame_ms,0.2272,
frame_ms,0.2473,
frame_ms,0.2291,
frame_ms,0.2484,
frame_ms,0.2129,
frame_ms,0.2566,
frame_ms,0.2273,
frame_ms,0.2151,
tick_us,755.6,170
frame_ms,1.7776,
frame_ms,0.2538,
frame_ms,0.2306,
frame_ms,0.2231,
frame_ms,0.2169,
frame_ms,0.2883,
frame_ms,0.242,
frame_ms,0.2206,
frame_ms,0.2242,
frame_ms,0.2337,
frame_ms,0.227,
frame_ms,0.2099,
frame_ms,0.2744,
frame_ms,0.2536,
frame_ms,0.218,
frame_ms,0.212,
frame_ms,0.2449,
frame_ms,0.2561,
frame_ms,0.2235,
frame_ms,0.4509,
frame_ms,0.433,
tick_us,903.8,172
frame_ms,2.0975,
frame_ms,0.3131,
frame_ms,0.2446,
frame_ms,0.2317,
frame_ms,0.2584,
frame_ms,0.2456,
frame_ms,0.2349,
frame_ms,0.2259,
frame_ms,0.2702,
frame_ms,0.2193,
frame_ms,0.2211,
frame_ms,0.2573,
frame_ms,0.2348,
frame_ms,0.2132,
frame_ms,0.2757,
frame_ms,0.24,
frame_ms,0.2277,
frame_ms,0.2128,
frame_ms,0.2404,
frame_ms,0.2328,
frame_ms,0.2166,
tick_us,787.5,174
frame_ms,1.7932,
frame_ms,0.2676,
frame_ms,0.2275,
frame_ms,0.2248,
frame_ms,0.2184,
frame_ms,0.2551,
frame_ms,0.2325,
frame_ms,0.2288,
frame_ms,0.2176,
frame_ms,0.2773,
frame_ms,0.2947,
frame_ms,0.2363,
frame_ms,0.2279,
frame_ms,0.2352,
frame_ms,0.244,
frame_ms,0.2287,
frame_ms,0.2252,
frame_ms,0.2492,
frame_ms,0.3108,
frame_ms,0.2806,
frame_ms,0.2352,
frame_ms,0.2296,
tick_us,774.9,178
frame_ms,1.7749,
frame_ms,0.5841,
frame_ms,0.4472,
frame_ms,0.2586,
frame_ms,0.2295,
frame_ms,0.225,
frame_ms,0.2277,
frame_ms,0.219,
frame_ms,0.2532,
frame_ms,0.2751,
frame_ms,0.2382,
frame_ms,0.2367,
frame_ms,0.2333,
frame_ms,0.2255,
frame_ms,0.226,
frame_ms,0.2404,
frame_ms,0.2537,
frame_ms,0.3648,
frame_ms,0.2546,
frame_ms,0.2283,
tick_us,774.2,184
frame_ms,1.7655,
frame_ms,0.26,
frame_ms,0.2183,
frame_ms,0.2651,
frame_ms,0.2317,
frame_ms,0.2232,
frame_ms,0.2178,
frame_ms,0.2843,
frame_ms,0.2331,
frame_ms,0.2195,
frame_ms,0.2157,
frame_ms,0.2431,
frame_ms,0.2371,
frame_ms,0.2205,
frame_ms,0.2443,
frame_ms,0.2201,
frame_ms,0.216,
frame_ms,0.2297,
frame_ms,0.2708,
frame_ms,0.2308,
frame_ms,0.2164,
frame_ms,0.2638,
frame_ms,0.2607,
tick_us,759.2,186
frame_ms,1.7566,
frame_ms,0.2634,
frame_ms,0.2281,
frame_ms,0.2263,
frame_ms,0.2442,
frame_ms,0.2343,
frame_ms,0.2175,
frame_ms,0.2613,
frame_ms,0.3169,
frame_ms,0.2579,
frame_ms,0.2239,
frame_ms,0.2157,
frame_ms,0.2131,
frame_ms,0.2403,
frame_ms,0.2193,
frame_ms,0.2146,
frame_ms,0.2228,
frame_ms,0.2508,
frame_ms,0.2243,
frame_ms,0.2137,
frame_ms,0.3446,
frame_ms,0.2726,
tick_us,775.4,174
frame_ms,1.7759,
frame_ms,0.2638,
frame_ms,0.3557,
frame_ms,0.2928,
frame_ms,0.2879,
frame_ms,0.2986,
frame_ms,0.263,
frame_ms,0.2196,
frame_ms,0.2234,
frame_ms,0.2228,
frame_ms,0.2142,
frame_ms,0.2177,
frame_ms,0.2782,
frame_ms,0.2265,
frame_ms,0.2147,
frame_ms,0.26,
frame_ms,0.279,
frame_ms,0.239,
frame_ms,0.237,
frame_ms,0.2326,
frame_ms,0.4621,
tick_us,819.3,178
frame_ms,2.0214,
frame_ms,0.2684,
frame_ms,0.2271,
frame_ms,0.2213,
frame_ms,0.2223,
frame_ms,0.2494,
frame_ms,0.2386,
frame_ms,0.2298,
frame_ms,0.2219,
frame_ms,0.263,
frame_ms,0.2336,
frame_ms,0.2219,
frame_ms,0.2339,
frame_ms,0.2191,
frame_ms,0.3148,
frame_ms,0.618,
frame_ms,0.3298,
frame_ms,0.2242,
frame_ms,0.2389,
tick_us,762.8,176
frame_ms,1.7445,
frame_ms,0.2399,
frame_ms,0.2127,
frame_ms,0.2625,
frame_ms,0.2282,
frame_ms,0.2151,
frame_ms,0.2722,
frame_ms,0.2914,
frame_ms,0.2389,
frame_ms,0.2312,
frame_ms,0.227,
frame_ms,0.2275,
frame_ms,0.2204,
frame_ms,0.2587,
frame_ms,0.259,
frame_ms,0.2581,
frame_ms,0.2285,
frame_ms,0.219,
frame_ms,0.2139,
frame_ms,0.2147,
frame_ms,0.2447,
frame_ms,0.2268,
frame_ms,0.2138,
tick_us,737.4,184
frame_ms,1.7818,
frame_ms,0.2589,
frame_ms,0.2199,
frame_ms,0.2385,
frame_ms,0.218,
frame_ms,0.216,
frame_ms,0.26,
frame_ms,0.2551,
frame_ms,0.2262,
frame_ms,0.2106,
frame_ms,0.242,
frame_ms,0.2201,
frame_ms,0.2102,
frame_ms,0.228,
frame_ms,0.2463,
frame_ms,0.2211,
frame_ms,0.2115,
frame_ms,0.2531,
frame_ms,0.2261,
frame_ms,0.2095,
frame_ms,0.2331,
frame_ms,0.2438,
frame_ms,0.3583,
tick_us,750.2,184
frame_ms,1.7967,
frame_ms,0.2538,
frame_ms,0.226,
frame_ms,0.2357,
frame_ms,0.4159,
frame_ms,0.3663,
frame_ms,0.3925,
frame_ms,0.3403,
frame_ms,0.335,
frame_ms,0.2779,
frame_ms,0.2271,
frame_ms,0.2214,
frame_ms,0.2132,
frame_ms,0.2225,
frame_ms,0.2124,
frame_ms,0.2616,
frame_ms,0.2291,
frame_ms,0.2084,
frame_ms,0.264,
frame_ms,0.225,
tick_us,762.8,178
frame_ms,1.7392,
frame_ms,0.237,
frame_ms,0.2108,
frame_ms,0.2388,
frame_ms,0.2303,
frame_ms,0.2147,
frame_ms,0.2629,
frame_ms,0.2255,
frame_ms,0.2134,
frame_ms,0.2571,
frame_ms,0.2211,
frame_ms,0.2147,
frame_ms,0.2757,
frame_ms,0.2365,
frame_ms,0.216,
frame_ms,0.2128,
frame_ms,0.2485,
frame_ms,0.2276,
frame_ms,0.2121,
frame_ms,0.2578,
frame_ms,0.2239,
frame_ms,0.2123,
frame_ms,0.2276,
frame_ms,0.2166,
tick_us,734.5,170
frame_ms,1.9047,
frame_ms,0.3308,
frame_ms,0.2489,
frame_ms,0.224,
frame_ms,0.2971,
frame_ms,0.3885,
frame_ms,0.2964,
frame_ms,0.2428,
frame_ms,0.2134,
frame_ms,0.2184,
frame_ms,0.2126,
frame_ms,0.2404,
frame_ms,0.2562,
frame_ms,0.2305,
frame_ms,0.2192,
frame_ms,0.2652,
frame_ms,0.2321,
frame_ms,0.2316,
frame_ms,0.2454,
frame_ms,0.2291,
frame_ms,0.214,
tick_us,812,182
frame_ms,1.8534,
frame_ms,0.2502,
frame_ms,0.2215,
frame_ms,0.238,
frame_ms,0.2136,
frame_ms,0.2678,
frame_ms,0.2301,
frame_ms,0.2195,
frame_ms,0.2435,
frame_ms,0.2344,
frame_ms,0.2136,
frame_ms,0.2475,
frame_ms,0.2399,
frame_ms,0.2149,
frame_ms,0.2474,
frame_ms,0.2301,
frame_ms,0.216,
frame_ms,0.2386,
frame_ms,0.261,
frame_ms,0.2309,
frame_ms,0.2221,
frame_ms,0.2201,
frame_ms,0.2149,
tick_us,710.5,180
frame_ms,1.7675,
frame_ms,0.273,
frame_ms,0.2213,
frame_ms,0.22,
frame_ms,0.2148,
frame_ms,0.2418,
frame_ms,0.3948,
frame_ms,0.4566,
frame_ms,0.2673,
frame_ms,0.2321,
frame_ms,0.2304,
frame_ms,0.2231,
frame_ms,0.2213,
frame_ms,0.24,
frame_ms,0.2461,
frame_ms,0.2611,
frame_ms,0.2318,
frame_ms,0.2417,
frame_ms,0.2203,
frame_ms,0.2132,
frame_ms,0.2433,
tick_us,744,182
frame_ms,1.7404,
frame_ms,0.2471,
frame_ms,0.2203,
frame_ms,0.2846,
frame_ms,0.2393,
frame_ms,0.2654,
frame_ms,0.227,
frame_ms,0.2138,
frame_ms,0.2521,
frame_ms,0.2267,
frame_ms,0.2122,
frame_ms,0.2759,
frame_ms,0.23,
frame_ms,0.2177,
frame_ms,0.245,
frame_ms,0.227,
frame_ms,0.2147,
frame_ms,0.2579,
frame_ms,0.2252,
frame_ms,0.2194,
frame_ms,0.2306,
frame_ms,0.2175,
frame_ms,0.214,
tick_us,760.8,178
frame_ms,1.7598,
frame_ms,0.246,
frame_ms,0.263,
frame_ms,0.2238,
frame_ms,0.2509,
frame_ms,0.2281,
frame_ms,0.2143,
frame_ms,0.2438,
frame_ms,0.2381,
frame_ms,0.2147,
frame_ms,0.2601,
frame_ms,0.2297,
frame_ms,0.2162,
frame_ms,0.2444,
frame_ms,0.5065,
frame_ms,0.2994,
frame_ms,0.249,
frame_ms,0.2115,
frame_ms,0.2239,
frame_ms,0.2176,
frame_ms,0.2096,
frame_ms,0.2112,
tick_us,743.3,182
frame_ms,1.7342,
frame_ms,0.2448,
frame_ms,0.2676,
frame_ms,0.2748,
frame_ms,0.2317,
frame_ms,0.2221,
frame_ms,0.2309,
frame_ms,0.2196,
frame_ms,0.2121,
frame_ms,0.2531,
frame_ms,0.2566,
frame_ms,0.229,
frame_ms,0.218,
frame_ms,0.2665,
frame_ms,0.2328,
frame_ms,0.221,
frame_ms,0.2628,
frame_ms,0.2336,
frame_ms,0.2184,
frame_ms,0.2092,
frame_ms,0.2495,
frame_ms,0.2244,
frame_ms,0.2123,
tick_us,735.1,180
frame_ms,1.7592,
frame_ms,0.2538,
frame_ms,0.2177,
frame_ms,0.2533,
frame_ms,0.2167,
frame_ms,0.2426,
frame_ms,0.2205,
frame_ms,0.2243,
frame_ms,0.2126,
frame_ms,0.2786,
frame_ms,0.2311,
frame_ms,0.212,
frame_ms,0.2621,
frame_ms,0.2258,
frame_ms,0.2112,
frame_ms,0.2391,
frame_ms,0.2207,
frame_ms,0.2157,
frame_ms,0.2714,
frame_ms,0.2517,
frame_ms,0.2181,
frame_ms,0.2368,
frame_ms,0.2105,
frame_ms,0.3021,
tick_us,772.4,190
frame_ms,1.8758,
frame_ms,0.251,
frame_ms,0.2197,
frame_ms,0.2637,
frame_ms,0.2461,
frame_ms,0.224,
frame_ms,0.2216,
frame_ms,0.2502,
frame_ms,0.2184,
frame_ms,0.2122,
frame_ms,0.2482,
frame_ms,0.2231,
frame_ms,0.2061,
frame_ms,0.2504,
frame_ms,0.2193,
frame_ms,0.2085,
frame_ms,0.2472,
frame_ms,0.2206,
frame_ms,0.2104,
frame_ms,0.2521,
frame_ms,0.2172,
frame_ms,0.2105,
tick_us,746.7,186
frame_ms,1.759,
frame_ms,0.2404,
frame_ms,0.2117,
frame_ms,0.2249,
frame_ms,0.2135,
frame_ms,0.2064,
frame_ms,0.2742,
frame_ms,0.3746,
frame_ms,0.2132,
frame_ms,0.2165,
frame_ms,0.209,
frame_ms,0.239,
frame_ms,0.2169,
frame_ms,0.2211,
frame_ms,0.2331,
frame_ms,0.2131,
frame_ms,0.2451,
frame_ms,0.2197,
frame_ms,0.2126,
frame_ms,0.2566,
frame_ms,0.2186,
frame_ms,0.2061,
frame_ms,0.2482,
frame_ms,0.2226,
tick_us,730.7,194
frame_ms,1.9524,
frame_ms,0.3086,
frame_ms,0.2369,
frame_ms,0.2282,
frame_ms,0.301,
frame_ms,0.3396,
frame_ms,0.2586,
frame_ms,0.2244,
frame_ms,0.2218,
frame_ms,0.2159,
frame_ms,0.2083,
frame_ms,0.2492,
frame_ms,0.2222,
frame_ms,0.2138,
frame_ms,0.2524,
frame_ms,0.2286,
frame_ms,0.2086,
frame_ms,0.2693,
frame_ms,0.2276,
frame_ms,0.2135,
frame_ms,0.2574,
tick_us,749.6,202
frame_ms,1.7365,
frame_ms,0.2395,
frame_ms,0.213,
frame_ms,0.2445,
frame_ms,0.2243,
frame_ms,0.2115,
frame_ms,0.2479,
frame_ms,0.2314,
frame_ms,0.2814,
frame_ms,0.2659,
frame_ms,0.2364,
frame_ms,0.2264,
frame_ms,0.2239,
frame_ms,0.2159,
frame_ms,0.2135,
frame_ms,0.287,
frame_ms,0.2962,
frame_ms,0.2471,
frame_ms,0.2219,
frame_ms,0.3006,
frame_ms,0.2209,
frame_ms,0.2143,
frame_ms,0.2197,
tick_us,728.4,198
frame_ms,1.694,
frame_ms,0.2337,
frame_ms,0.224,
frame_ms,0.2853,
frame_ms,0.3329,
frame_ms,0.3319,
frame_ms,0.3167,
frame_ms,0.2615,
frame_ms,0.347,
frame_ms,0.2398,
frame_ms,0.2181,
frame_ms,0.2323,
frame_ms,0.2231,
frame_ms,0.2171,
frame_ms,0.2889,
frame_ms,0.2382,
frame_ms,0.2951,
frame_ms,0.2665,
frame_ms,0.3943,
frame_ms,0.3395,
tick_us,770.4,192
frame_ms,1.8238,
frame_ms,0.2592,
frame_ms,0.2265,
frame_ms,0.2296,
frame_ms,0.24,
frame_ms,0.2213,
frame_ms,0.2755,
frame_ms,0.2461,
frame_ms,0.2228,
frame_ms,0.2464,
frame_ms,0.2641,
frame_ms,0.2442,
frame_ms,0.2211,
frame_ms,0.2171,
frame_ms,0.2611,
frame_ms,0.2317,
frame_ms,0.2164,
frame_ms,0.2657,
frame_ms,0.2785,
frame_ms,0.2599,
frame_ms,0.2323,
frame_ms,0.227,
tick_us,772.3,206
frame_ms,1.7494,
frame_ms,0.2389,
frame_ms,0.2155,
frame_ms,0.2527,
frame_ms,0.2311,
frame_ms,0.2209,
frame_ms,0.2668,
frame_ms,0.2844,
frame_ms,0.2396,
frame_ms,0.2242,
frame_ms,0.3049,
frame_ms,0.4354,
frame_ms,0.5297,
frame_ms,0.4499,
frame_ms,0.2452,
frame_ms,0.2171,
frame_ms,0.2203,
frame_ms,0.2249,
frame_ms,0.2157,
frame_ms,0.2119,
tick_us,742.5,206
frame_ms,1.7911,
frame_ms,0.2962,
frame_ms,0.2472,
frame_ms,0.2329,
frame_ms,0.2376,
frame_ms,0.2194,
frame_ms,0.2415,
frame_ms,0.2338,
frame_ms,0.2188,
frame_ms,0.2248,
frame_ms,0.2134,
frame_ms,0.2609,
frame_ms,0.2346,
frame_ms,0.2178,
frame_ms,0.2659,
frame_ms,0.2404,
frame_ms,0.219,
frame_ms,0.2089,
frame_ms,0.2446,
frame_ms,0.2358,
frame_ms,0.2143,
frame_ms,0.235,
frame_ms,0.208,
tick_us,763.4,210
frame_ms,1.8294,
frame_ms,0.2599,
frame_ms,0.217,
frame_ms,0.2109,
frame_ms,0.2412,
frame_ms,0.2315,
frame_ms,0.2161,
frame_ms,0.2301,
frame_ms,0.5097,
frame_ms,0.2262,
frame_ms,0.2099,
frame_ms,0.22,
frame_ms,0.362,
frame_ms,0.2509,
frame_ms,0.3643,
frame_ms,0.3339,
frame_ms,0.3797,
frame_ms,0.2598,
frame_ms,0.2291,
tick_us,728.3,216
frame_ms,1.7163,
frame_ms,0.24,
frame_ms,0.2163,
frame_ms,0.2175,
frame_ms,0.287,
frame_ms,0.2329,
frame_ms,0.2152,
frame_ms,0.3287,
frame_ms,0.4353,
frame_ms,0.369,
frame_ms,0.3514,
frame_ms,0.3519,
frame_ms,0.2585,
frame_ms,0.2212,
frame_ms,0.2239,
frame_ms,0.225,
frame_ms,0.2156,
frame_ms,0.2124,
frame_ms,0.2417,
frame_ms,0.2331,
frame_ms,0.2132,
tick_us,759.2,216
frame_ms,1.7862,
frame_ms,0.2382,
frame_ms,0.2144,
frame_ms,0.2637,
frame_ms,0.2342,
frame_ms,0.2182,
frame_ms,0.2363,
frame_ms,0.2274,
frame_ms,0.2371,
frame_ms,0.2132,
frame_ms,0.2701,
frame_ms,0.2336,
frame_ms,0.2165,
frame_ms,0.2586,
frame_ms,0.3296,
frame_ms,0.2823,
frame_ms,0.2405,
frame_ms,0.2327,
frame_ms,0.2299,
frame_ms,0.2275,
frame_ms,0.2221,
frame_ms,0.238,
frame_ms,0.2522,
tick_us,827.6,228
frame_ms,1.9669,
frame_ms,0.2972,
frame_ms,0.248,
frame_ms,0.2487,
frame_ms,0.2481,
frame_ms,0.2914,
frame_ms,0.2477,
frame_ms,0.2432,
frame_ms,0.3012,
frame_ms,0.2483,
frame_ms,0.2344,
frame_ms,0.2305,
frame_ms,0.2239,
frame_ms,0.2186,
frame_ms,0.3112,
frame_ms,0.2528,
frame_ms,0.2274,
frame_ms,0.2266,
frame_ms,0.2238,
frame_ms,0.2217,
frame_ms,0.2304,
tick_us,789.8,228
frame_ms,1.7885,
frame_ms,0.2553,
frame_ms,0.2235,
frame_ms,0.2339,
frame_ms,0.2206,
frame_ms,0.2149,
frame_ms,0.2748,
frame_ms,0.2446,
frame_ms,0.2188,
frame_ms,0.2189,
frame_ms,0.2784,
frame_ms,0.2933,
frame_ms,0.2458,
frame_ms,0.2434,
frame_ms,0.245,
frame_ms,0.3276,
frame_ms,0.2389,
frame_ms,0.2811,
frame_ms,0.2518,
frame_ms,0.22,
frame_ms,0.2194,
tick_us,769.6,236
frame_ms,1.7459,
frame_ms,0.2428,
frame_ms,0.2208,
frame_ms,0.231,
frame_ms,0.3434,
frame_ms,0.4585,
frame_ms,0.3847,
frame_ms,0.3448,
frame_ms,0.3342,
frame_ms,0.2558,
frame_ms,0.2181,
frame_ms,0.2225,
frame_ms,0.2156,
frame_ms,0.2153,
frame_ms,0.2423,
frame_ms,0.2494,
frame_ms,0.2625,
frame_ms,0.2471,
frame_ms,0.2486,
frame_ms,0.2202,
frame_ms,0.2145,
tick_us,758.3,228
frame_ms,1.7691,
frame_ms,0.2523,
frame_ms,0.2159,
frame_ms,0.2867,
frame_ms,0.22,
frame_ms,0.2609,
frame_ms,0.2385,
frame_ms,0.2219,
frame_ms,0.2167,
frame_ms,0.2456,
frame_ms,0.2307,
frame_ms,0.217,
frame_ms,0.2577,
frame_ms,0.2329,
frame_ms,0.2184,
frame_ms,0.2365,
frame_ms,0.2174,
frame_ms,0.2175,
frame_ms,0.2828,
frame_ms,0.3236,
frame_ms,0.27,
frame_ms,0.2304,
tick_us,724.6,220
frame_ms,1.7117,
frame_ms,0.2487,
frame_ms,0.2157,
frame_ms,0.2307,
frame_ms,0.2677,
frame_ms,0.2338,
frame_ms,0.2164,
frame_ms,0.2583,
frame_ms,0.2258,
frame_ms,0.2209,
frame_ms,0.2433,
frame_ms,0.2299,
frame_ms,0.2182,
frame_ms,0.2623,
frame_ms,0.2379,
frame_ms,0.363,
frame_ms,0.4134,
frame_ms,0.4207,
frame_ms,0.2811,
frame_ms,0.2517,
frame_ms,0.2142,
tick_us,777.6,214
frame_ms,1.7736,
frame_ms,0.2481,
frame_ms,0.2196,
frame_ms,0.2279,
frame_ms,0.2165,
frame_ms,0.2832,
frame_ms,0.4145,
frame_ms,0.2575,
frame_ms,0.2206,
frame_ms,0.2306,
frame_ms,0.2231,
frame_ms,0.2147,
frame_ms,0.2415,
frame_ms,0.2575,
frame_ms,0.2287,
frame_ms,0.218,
frame_ms,0.2394,
frame_ms,0.2117,
frame_ms,0.2287,
frame_ms,0.2391,
frame_ms,0.2134,
tick_us,751.8,212
frame_ms,1.9448,
frame_ms,0.2811,
frame_ms,0.276,
frame_ms,0.2703,
frame_ms,0.2325,
frame_ms,0.2266,
frame_ms,0.2221,
frame_ms,0.2193,
frame_ms,0.22,
frame_ms,0.3133,
frame_ms,0.2676,
frame_ms,0.2469,
frame_ms,0.2268,
frame_ms,0.2558,
frame_ms,0.2211,
frame_ms,0.2124,
frame_ms,0.2129,
frame_ms,0.2722,
frame_ms,0.2318,
frame_ms,0.2172,
frame_ms,0.2262,
tick_us,794.2,208
frame_ms,2.415,
frame_ms,0.3484,
frame_ms,0.2638,
frame_ms,0.2428,
frame_ms,0.2341,
frame_ms,0.2273,
frame_ms,0.2377,
frame_ms,0.2192,
frame_ms,0.2752,
frame_ms,0.2856,
frame_ms,0.2323,
frame_ms,0.2256,
frame_ms,0.2248,
frame_ms,0.2169,
frame_ms,0.2199,
frame_ms,0.2859,
frame_ms,0.247,
frame_ms,0.2169,
frame_ms,0.2115,
frame_ms,0.2685,
frame_ms,0.3492,
tick_us,777.1,208
frame_ms,1.8374,
frame_ms,0.2718,
frame_ms,0.2217,
frame_ms,0.261,
frame_ms,0.2314,
frame_ms,0.2182,
frame_ms,0.2662,
frame_ms,0.2775,
frame_ms,0.2321,
frame_ms,0.2253,
frame_ms,0.2187,
frame_ms,0.2157,
frame_ms,0.229,
frame_ms,0.2336,
frame_ms,0.2272,
frame_ms,0.2429,
frame_ms,0.2265,
frame_ms,0.2227,
frame_ms,0.2161,
frame_ms,0.2686,
frame_ms,0.2917,
tick_us,833.6,204
frame_ms,2.133,
frame_ms,0.2848,
frame_ms,2.2189,
frame_ms,0.3197,
frame_ms,0.2407,
frame_ms,0.2245,
frame_ms,0.2215,
frame_ms,0.2167,
frame_ms,0.2145,
frame_ms,0.2291,
frame_ms,0.2413,
frame_ms,0.2201,
frame_ms,0.2147,
frame_ms,0.2607,
tick_us,783.4,206
frame_ms,1.8697,
frame_ms,0.2627,
frame_ms,0.221,
frame_ms,0.2195,
frame_ms,0.2378,
frame_ms,0.3728,
frame_ms,0.3934,
frame_ms,0.3472,
frame_ms,0.338,
frame_ms,0.3366,
frame_ms,0.3113,
frame_ms,0.2662,
frame_ms,0.2322,
frame_ms,0.2175,
frame_ms,0.2194,
frame_ms,0.2143,
frame_ms,0.2142,
frame_ms,0.2628,
frame_ms,0.2303,
frame_ms,0.212,
tick_us,767.6,198
frame_ms,1.7524,
frame_ms,0.2346,
frame_ms,0.211,
frame_ms,0.2587,
frame_ms,0.2751,
frame_ms,0.2376,
frame_ms,0.3746,
frame_ms,0.3681,
frame_ms,0.252,
frame_ms,0.2224,
frame_ms,0.228,
frame_ms,0.2354,
frame_ms,0.2262,
frame_ms,0.2195,
frame_ms,0.242,
frame_ms,0.2326,
frame_ms,0.219,
frame_ms,0.2166,
frame_ms,0.2449,
frame_ms,0.2181,
frame_ms,0.2112,
frame_ms,0.2491,
tick_us,738.8,188
frame_ms,1.7661,
frame_ms,0.247,
frame_ms,0.2241,
frame_ms,0.223,
frame_ms,0.2204,
frame_ms,0.2136,
frame_ms,0.2683,
frame_ms,0.2327,
frame_ms,0.2179,
frame_ms,0.2127,
frame_ms,0.2612,
frame_ms,0.2356,
frame_ms,0.2229,
frame_ms,0.2144,
frame_ms,0.2478,
frame_ms,0.2343,
frame_ms,0.2129,
frame_ms,0.2489,
frame_ms,0.2375,
frame_ms,0.2251,
frame_ms,0.213,
frame_ms,0.2648,
frame_ms,0.2259,
tick_us,757.2,192
frame_ms,1.7273,
frame_ms,0.236,
frame_ms,0.2138,
frame_ms,0.2372,
frame_ms,0.2689,
frame_ms,0.2574,
frame_ms,0.228,
frame_ms,0.2222,
frame_ms,0.2394,
frame_ms,0.2519,
frame_ms,0.2693,
frame_ms,0.2338,
frame_ms,0.2243,
frame_ms,0.2185,
frame_ms,0.2566,
frame_ms,0.2389,
frame_ms,0.2419,
frame_ms,0.2195,
frame_ms,0.2408,
frame_ms,0.2167,
frame_ms,0.2094,
frame_ms,0.2223,
frame_ms,0.2131,
tick_us,795.4,184
frame_ms,1.8151,
frame_ms,0.3024,
frame_ms,0.2286,
frame_ms,0.2259,
frame_ms,0.2223,
frame_ms,0.2136,
frame_ms,0.2668,
frame_ms,0.2725,
frame_ms,0.2359,
frame_ms,0.225,
frame_ms,0.2197,
frame_ms,0.2144,
frame_ms,0.2504,
frame_ms,0.2709,
frame_ms,0.235,
frame_ms,0.2218,
frame_ms,0.2242,
frame_ms,0.2176,
frame_ms,0.2345,
frame_ms,0.2897,
frame_ms,0.3932,
frame_ms,0.3426,
tick_us,863.8,192
frame_ms,1.9954,
frame_ms,0.2955,
frame_ms,0.2422,
frame_ms,0.2389,
frame_ms,0.2343,
frame_ms,0.2387,
frame_ms,0.2646,
frame_ms,0.2375,
frame_ms,0.2246,
frame_ms,0.2194,
frame_ms,0.2639,
frame_ms,0.233,
frame_ms,0.2223,
frame_ms,0.2121,
frame_ms,0.2666,
frame_ms,0.2306,
frame_ms,0.2186,
frame_ms,0.2359,
frame_ms,0.2396,
frame_ms,0.6426,
tick_us,756.2,182
frame_ms,1.9279,
frame_ms,0.2453,
frame_ms,0.2333,
frame_ms,0.2242,
frame_ms,0.2578,
frame_ms,0.2239,
frame_ms,0.2176,
frame_ms,0.2346,
frame_ms,0.2206,
frame_ms,0.2205,
frame_ms,0.2181,
frame_ms,0.2545,
frame_ms,0.2803,
frame_ms,0.2369,
frame_ms,0.231,
frame_ms,0.458,
frame_ms,0.2757,
frame_ms,0.2455,
frame_ms,0.2201,
frame_ms,0.2246,
frame_ms,0.2178,
tick_us,770.5,184
frame_ms,1.7514,
frame_ms,0.2602,
frame_ms,0.281,
frame_ms,0.2379,
frame_ms,0.2206,
frame_ms,0.2481,
frame_ms,0.2179,
frame_ms,0.2501,
frame_ms,0.2244,
frame_ms,0.2204,
frame_ms,0.2237,
frame_ms,0.245,
frame_ms,0.2457,
frame_ms,0.2217,
frame_ms,0.2176,
frame_ms,0.2697,
frame_ms,0.2269,
frame_ms,0.2149,
frame_ms,0.2145,
frame_ms,0.239,
frame_ms,0.2244,
frame_ms,0.2126,
frame_ms,0.2162,
tick_us,751.4,184
frame_ms,1.7565,
frame_ms,0.2571,
frame_ms,0.22,
frame_ms,0.2924,
frame_ms,0.2796,
frame_ms,0.2381,
frame_ms,0.2325,
frame_ms,0.2223,
frame_ms,0.2222,
frame_ms,0.2167,
frame_ms,0.2371,
frame_ms,0.2267,
frame_ms,0.2159,
frame_ms,0.2145,
frame_ms,0.2416,
frame_ms,0.2197,
frame_ms,0.2114,
frame_ms,0.2391,
frame_ms,0.2639,
frame_ms,0.2782,
frame_ms,0.2325,
frame_ms,0.2225,
frame_ms,0.2162,
tick_us,740.1,186
frame_ms,1.7037,
frame_ms,0.2365,
frame_ms,0.2195,
frame_ms,0.2338,
frame_ms,0.2179,
frame_ms,0.2781,
frame_ms,0.4421,
frame_ms,0.3576,
frame_ms,0.3436,
frame_ms,0.3434,
frame_ms,0.3557,
frame_ms,0.2761,
frame_ms,0.2337,
frame_ms,0.215,
frame_ms,0.2174,
frame_ms,0.2164,
frame_ms,0.2497,
frame_ms,0.227,
frame_ms,0.2141,
frame_ms,0.2192,
frame_ms,0.2401,
tick_us,753.8,188
frame_ms,1.7494,
frame_ms,0.2358,
frame_ms,0.2101,
frame_ms,0.2625,
frame_ms,0.3214,
frame_ms,0.4495,
frame_ms,0.3596,
frame_ms,0.3358,
frame_ms,0.3344,
frame_ms,0.3767,
frame_ms,0.3473,
frame_ms,0.3374,
frame_ms,0.3303,
frame_ms,0.3319,
frame_ms,0.3314,
frame_ms,0.3378,
frame_ms,0.3337,
tick_us,791.1,192
frame_ms,1.9335,
frame_ms,0.2622,
frame_ms,0.2246,
frame_ms,0.2207,
frame_ms,0.2631,
frame_ms,0.2269,
frame_ms,0.2194,
frame_ms,0.2315,
frame_ms,0.2173,
frame_ms,0.2555,
frame_ms,0.2267,
frame_ms,0.2146,
frame_ms,0.253,
frame_ms,0.2209,
frame_ms,0.2683,
frame_ms,0.2282,
frame_ms,0.2127,
frame_ms,0.2144,
frame_ms,0.2441,
frame_ms,0.228,
frame_ms,0.2125,
frame_ms,0.2123,
tick_us,759.6,186
frame_ms,1.7571,
frame_ms,0.2369,
frame_ms,0.2158,
frame_ms,0.2363,
frame_ms,0.2113,
frame_ms,0.2659,
frame_ms,0.2269,
frame_ms,0.2434,
frame_ms,0.2115,
frame_ms,0.3103,
frame_ms,0.2731,
frame_ms,0.2255,
frame_ms,0.2347,
frame_ms,0.2368,
frame_ms,0.2124,
frame_ms,0.2095,
frame_ms,0.2585,
frame_ms,0.2357,
frame_ms,0.2183,
frame_ms,0.2115,
frame_ms,0.2628,
frame_ms,0.2307,
frame_ms,0.2118,
tick_us,752.8,174
frame_ms,1.7564,
frame_ms,0.2494,
frame_ms,0.221,
frame_ms,0.2183,
frame_ms,0.2623,
frame_ms,0.228,
frame_ms,0.2159,
frame_ms,0.2433,
frame_ms,0.2248,
frame_ms,0.2114,
frame_ms,0.2301,
frame_ms,0.2906,
frame_ms,0.2176,
frame_ms,0.326,
frame_ms,0.3784,
frame_ms,0.3434,
frame_ms,0.3364,
frame_ms,0.3322,
frame_ms,0.3228,
frame_ms,0.2407,
frame_ms,0.2118,
tick_us,726.6,170
frame_ms,1.6976,
frame_ms,0.2327,
frame_ms,0.2206,
frame_ms,0.2353,
frame_ms,0.2143,
frame_ms,0.2689,
frame_ms,0.2261,
frame_ms,0.2144,
frame_ms,0.2612,
frame_ms,0.2285,
frame_ms,0.2125,
frame_ms,0.2323,
frame_ms,0.2124,
frame_ms,0.2903,
frame_ms,0.2276,
frame_ms,0.2118,
frame_ms,0.2241,
frame_ms,0.2603,
frame_ms,0.2545,
frame_ms,0.3566,
frame_ms,0.4719,
tick_us,771.5,174
frame_ms,1.9604,
frame_ms,0.2714,
frame_ms,0.2293,
frame_ms,0.2248,
frame_ms,0.2242,
frame_ms,0.2535,
frame_ms,0.2582,
frame_ms,0.3034,
frame_ms,0.2355,
frame_ms,0.2271,
frame_ms,0.2928,
frame_ms,0.2805,
frame_ms,0.2369,
frame_ms,0.2326,
frame_ms,0.2993,
frame_ms,0.315,
frame_ms,0.2797,
frame_ms,0.237,
frame_ms,0.2984,
frame_ms,0.2399,
frame_ms,0.2251,
tick_us,756.5,180
frame_ms,1.7534,
frame_ms,0.247,
frame_ms,0.2182,
frame_ms,0.2283,
frame_ms,0.2205,
frame_ms,0.2098,
frame_ms,0.2476,
frame_ms,0.2176,
frame_ms,0.2138,
frame_ms,0.2641,
frame_ms,0.2744,
frame_ms,0.2402,
frame_ms,0.4011,
frame_ms,0.2712,
frame_ms,0.2345,
frame_ms,0.2358,
frame_ms,0.2372,
frame_ms,0.2666,
frame_ms,0.2783,
frame_ms,0.2479,
frame_ms,0.2335,
frame_ms,0.2255,
tick_us,839.5,180
frame_ms,1.8958,
frame_ms,0.2891,
frame_ms,0.2468,
frame_ms,0.2345,
frame_ms,0.3626,
frame_ms,0.2979,
frame_ms,0.2787,
frame_ms,0.2353,
frame_ms,0.2336,
frame_ms,0.2387,
frame_ms,0.2979,
frame_ms,0.29,
frame_ms,0.2776,
frame_ms,0.2247,
frame_ms,0.2353,
frame_ms,0.2236,
frame_ms,0.2506,
frame_ms,0.2303,
frame_ms,0.2196,
frame_ms,0.2411,
tick_us,774.5,170
frame_ms,1.8009,
frame_ms,0.2727,
frame_ms,0.2739,
frame_ms,0.2203,
frame_ms,0.2227,
frame_ms,0.2631,
frame_ms,0.2414,
frame_ms,0.2326,
frame_ms,0.2187,
frame_ms,0.2339,
frame_ms,0.2828,
frame_ms,0.2506,
frame_ms,0.2267,
frame_ms,0.2165,
frame_ms,0.2149,
frame_ms,0.3635,
frame_ms,0.2569,
frame_ms,0.2426,
frame_ms,0.2404,
frame_ms,0.2398,
frame_ms,0.2653,
frame_ms,0.2562,
tick_us,758,172
frame_ms,1.8377,
frame_ms,0.2614,
frame_ms,0.2238,
frame_ms,0.2167,
frame_ms,0.2173,
frame_ms,0.2578,
frame_ms,0.3105,
frame_ms,1.2371,
frame_ms,0.255,
frame_ms,0.2242,
frame_ms,0.4625,
frame_ms,0.2674,
frame_ms,0.2338,
frame_ms,0.2361,
frame_ms,0.24,
frame_ms,0.2371,
frame_ms,0.3027,
tick_us,731.3,168
frame_ms,1.845,
frame_ms,0.2544,
frame_ms,0.2167,
frame_ms,0.2205,
frame_ms,0.2462,
frame_ms,0.2695,
frame_ms,0.2329,
frame_ms,0.225,
frame_ms,0.2194,
frame_ms,0.2213,
frame_ms,0.248,
frame_ms,0.2508,
frame_ms,0.2243,
frame_ms,0.2176,
frame_ms,0.2342,
frame_ms,0.2333,
frame_ms,0.2212,
frame_ms,0.2146,
frame_ms,0.2466,
frame_ms,0.2769,
frame_ms,0.2276,
frame_ms,0.2675,
tick_us,740.9,166
frame_ms,1.7167,
frame_ms,0.2339,
frame_ms,0.2172,
frame_ms,0.2197,
frame_ms,0.2143,
frame_ms,0.2596,
frame_ms,0.229,
frame_ms,0.2629,
frame_ms,0.2611,
frame_ms,0.2345,
frame_ms,0.225,
frame_ms,1.209,
frame_ms,0.4518,
frame_ms,0.3067,
frame_ms,0.2425,
frame_ms,0.2165,
frame_ms,0.2212,
frame_ms,0.219,
tick_us,784.5,168
frame_ms,1.7602,
frame_ms,0.2433,
frame_ms,0.219,
frame_ms,0.2163,
frame_ms,0.2423,
frame_ms,0.2243,
frame_ms,0.2161,
frame_ms,0.2381,
frame_ms,0.2161,
frame_ms,0.2342,
frame_ms,0.2214,
frame_ms,0.2134,
frame_ms,0.2445,
frame_ms,0.2335,
frame_ms,0.2212,
frame_ms,0.2097,
frame_ms,0.2493,
frame_ms,0.2304,
frame_ms,0.2133,
frame_ms,0.2686,
frame_ms,0.3475,
frame_ms,0.228,
frame_ms,0.3246,
tick_us,777.7,172
frame_ms,1.9249,
frame_ms,0.3022,
frame_ms,0.2332,
frame_ms,0.2244,
frame_ms,0.2188,
frame_ms,0.2428,
frame_ms,0.2932,
frame_ms,0.2723,
frame_ms,0.294,
frame_ms,0.2443,
frame_ms,0.3144,
frame_ms,0.2403,
frame_ms,0.2309,
frame_ms,0.2141,
frame_ms,0.2735,
frame_ms,0.2409,
frame_ms,0.2407,
frame_ms,0.4859,
frame_ms,0.5337,
tick_us,829.5,170
frame_ms,1.9191,
frame_ms,0.2788,
frame_ms,2.3579,
frame_ms,0.4062,
frame_ms,0.2728,
frame_ms,0.2285,
frame_ms,0.2342,
frame_ms,0.2287,
frame_ms,0.4776,
frame_ms,0.3105,
tick_us,1081.9,168
frame_ms,2.4234,
frame_ms,0.4803,
frame_ms,0.2911,
frame_ms,0.2589,
frame_ms,0.3627,
frame_ms,0.2996,
frame_ms,0.249,
frame_ms,0.2161,
frame_ms,0.2288,
frame_ms,0.223,
frame_ms,0.2156,
frame_ms,0.2378,
frame_ms,0.2148,
frame_ms,0.3279,
frame_ms,0.3024,
frame_ms,0.2498,
frame_ms,0.2441,
frame_ms,0.2438,
tick_us,1136.8,168
frame_ms,2.3038,
frame_ms,0.4679,
frame_ms,0.345,
frame_ms,0.2727,
frame_ms,0.2967,
frame_ms,0.2526,
frame_ms,0.2279,
frame_ms,0.2283,
frame_ms,0.3232,
frame_ms,0.2697,
frame_ms,0.2422,
frame_ms,0.2376,
frame_ms,0.2407,
frame_ms,0.2338,
frame_ms,0.2366,
frame_ms,0.2496,
frame_ms,0.2309,
frame_ms,0.3836,
tick_us,812.9,172
frame_ms,2.0159,
frame_ms,0.3051,
frame_ms,1.4082,
frame_ms,0.3074,
frame_ms,0.2425,
frame_ms,0.3005,
frame_ms,0.3079,
frame_ms,0.2389,
frame_ms,0.2258,
frame_ms,1.063,
frame_ms,0.2468,
frame_ms,0.2295,
tick_us,991.1,164
frame_ms,2.631,
frame_ms,0.5714,
frame_ms,0.357,
frame_ms,0.2755,
frame_ms,0.244,
frame_ms,0.2446,
frame_ms,0.3357,
frame_ms,0.2817,
frame_ms,0.2293,
frame_ms,0.2321,
frame_ms,0.2261,
frame_ms,0.2274,
frame_ms,0.2201,
frame_ms,0.2382,
frame_ms,0.2705,
frame_ms,0.2854,
tick_us,821,168
frame_ms,1.9175,
frame_ms,0.2708,
frame_ms,0.2347,
frame_ms,0.2427,
frame_ms,0.2315,
frame_ms,0.2221,
frame_ms,0.2444,
frame_ms,0.3118,
frame_ms,0.3397,
frame_ms,0.2909,
frame_ms,0.2722,
frame_ms,0.2275,
frame_ms,0.2298,
frame_ms,0.2299,
frame_ms,0.2298,
frame_ms,0.2186,
frame_ms,0.2262,
frame_ms,0.2666,
frame_ms,0.221,
frame_ms,0.2347,
frame_ms,0.2225,
tick_us,811.6,170
frame_ms,1.8812,
frame_ms,0.2677,
frame_ms,0.2227,
frame_ms,0.2155,
frame_ms,0.2418,
frame_ms,0.2778,
frame_ms,0.226,
frame_ms,0.2185,
frame_ms,0.2674,
frame_ms,0.4344,
frame_ms,0.4057,
frame_ms,0.3434,
frame_ms,0.2554,
frame_ms,0.3832,
frame_ms,0.3106,
frame_ms,0.2225,
frame_ms,0.2295,
frame_ms,0.2235,
frame_ms,0.217,
frame_ms,0.2498,
tick_us,792.5,172
frame_ms,1.8405,
frame_ms,0.3568,
frame_ms,0.4233,
frame_ms,0.2716,
frame_ms,0.2305,
frame_ms,0.2217,
frame_ms,0.2206,
frame_ms,0.2071,
frame_ms,0.2263,
frame_ms,0.2157,
frame_ms,0.3153,
frame_ms,0.282,
frame_ms,0.2557,
frame_ms,0.2395,
frame_ms,0.2221,
frame_ms,0.3053,
frame_ms,0.2494,
frame_ms,0.239,
frame_ms,0.2253,
frame_ms,0.2109,
frame_ms,0.2082,
tick_us,736.8,176
frame_ms,1.745,
frame_ms,0.274,
frame_ms,0.2252,
frame_ms,0.222,
frame_ms,0.2465,
frame_ms,0.3204,
frame_ms,0.2592,
frame_ms,0.2439,
frame_ms,0.2307,
frame_ms,0.2217,
frame_ms,0.2201,
frame_ms,0.2197,
frame_ms,0.2661,
frame_ms,0.2524,
frame_ms,0.2315,
frame_ms,0.2454,
frame_ms,0.2285,
frame_ms,0.2195,
frame_ms,0.2333,
frame_ms,0.2366,
frame_ms,0.3664,
tick_us,875.6,178
frame_ms,2.0837,
frame_ms,0.2883,
frame_ms,0.2391,
frame_ms,0.2215,
frame_ms,0.2464,
frame_ms,0.2385,
frame_ms,0.2182,
frame_ms,0.2182,
frame_ms,0.2723,
frame_ms,0.268,
frame_ms,0.2218,
frame_ms,0.2111,
frame_ms,0.2074,
frame_ms,0.2733,
frame_ms,0.2265,
frame_ms,0.2125,
frame_ms,0.2102,
frame_ms,0.2485,
frame_ms,0.219,
frame_ms,0.2077,
frame_ms,0.2559,
frame_ms,0.2163,
tick_us,778.2,188
frame_ms,1.8325,
frame_ms,0.2747,
frame_ms,0.23,
frame_ms,0.2511,
frame_ms,0.2279,
frame_ms,0.2231,
frame_ms,0.2137,
frame_ms,0.2431,
frame_ms,0.2576,
frame_ms,0.2289,
frame_ms,0.2179,
frame_ms,0.2313,
frame_ms,0.2168,
frame_ms,0.258,
frame_ms,0.3323,
frame_ms,0.258,
frame_ms,0.2377,
frame_ms,0.2249,
frame_ms,0.2186,
frame_ms,0.212,
frame_ms,0.2455,
frame_ms,0.2502,
frame_ms,0.2219,
tick_us,728.4,196
frame_ms,1.823,
frame_ms,0.3212,
frame_ms,0.264,
frame_ms,0.2421,
frame_ms,0.2351,
frame_ms,0.2546,
frame_ms,0.2372,
frame_ms,0.2327,
frame_ms,0.2303,
frame_ms,0.2394,
frame_ms,0.2321,
frame_ms,0.2308,
frame_ms,0.2364,
frame_ms,0.2944,
frame_ms,0.3005,
frame_ms,0.2296,
frame_ms,0.2189,
frame_ms,0.4599,
frame_ms,0.3783,
frame_ms,0.2621,
tick_us,723.9,202
frame_ms,1.7079,
frame_ms,0.2392,
frame_ms,0.2504,
frame_ms,0.26,
frame_ms,0.2198,
frame_ms,0.2651,
frame_ms,0.2358,
frame_ms,0.2273,
frame_ms,0.2187,
frame_ms,0.2593,
frame_ms,0.2307,
frame_ms,0.2142,
frame_ms,0.2157,
frame_ms,0.2401,
frame_ms,0.2231,
frame_ms,0.2127,
frame_ms,0.2448,
frame_ms,0.2218,
frame_ms,0.2169,
frame_ms,0.229,
frame_ms,0.2367,
frame_ms,0.212,
frame_ms,0.2115,
tick_us,735.5,206
frame_ms,1.7535,
frame_ms,0.2604,
frame_ms,0.2171,
frame_ms,0.2148,
frame_ms,0.3224,
frame_ms,0.3787,
frame_ms,0.2098,
frame_ms,0.2196,
frame_ms,0.3865,
frame_ms,0.2645,
frame_ms,0.231,
frame_ms,0.2211,
frame_ms,0.2153,
frame_ms,0.2114,
frame_ms,0.2592,
frame_ms,0.2258,
frame_ms,0.2123,
frame_ms,0.2122,
frame_ms,0.2467,
frame_ms,0.22,
frame_ms,0.2165,
frame_ms,0.2294,
tick_us,757.6,208
frame_ms,1.7447,
frame_ms,0.244,
frame_ms,0.2204,
frame_ms,0.2163,
frame_ms,0.4362,
frame_ms,0.3782,
frame_ms,0.3435,
frame_ms,0.3378,
frame_ms,0.3358,
frame_ms,0.3248,
frame_ms,0.2396,
frame_ms,0.2141,
frame_ms,0.2215,
frame_ms,0.2178,
frame_ms,0.2105,
frame_ms,0.2588,
frame_ms,0.236,
frame_ms,0.219,
frame_ms,0.2152,
frame_ms,0.2604,
frame_ms,0.2339,
tick_us,772.7,216
frame_ms,1.7555,
frame_ms,0.2349,
frame_ms,0.2171,
frame_ms,0.2534,
frame_ms,0.2505,
frame_ms,0.2289,
frame_ms,0.2152,
frame_ms,0.2355,
frame_ms,0.2161,
frame_ms,0.2157,
frame_ms,0.2182,
frame_ms,0.2423,
frame_ms,0.2371,
frame_ms,0.2211,
frame_ms,0.2173,
frame_ms,0.2316,
frame_ms,0.224,
frame_ms,0.2762,
frame_ms,0.2227,
frame_ms,0.2394,
frame_ms,0.2334,
frame_ms,0.2269,
frame_ms,0.2393,
tick_us,752.7,212
frame_ms,1.7367,
frame_ms,0.2356,
frame_ms,0.214,
frame_ms,0.2292,
frame_ms,0.24,
frame_ms,0.2161,
frame_ms,0.2149,
frame_ms,0.2217,
frame_ms,0.2342,
frame_ms,0.2301,
frame_ms,0.2174,
frame_ms,0.2436,
frame_ms,0.2329,
frame_ms,0.2177,
frame_ms,0.2644,
frame_ms,0.2278,
frame_ms,0.2236,
frame_ms,0.2461,
frame_ms,0.2144,
frame_ms,0.2261,
frame_ms,0.2134,
frame_ms,0.2164,
frame_ms,0.2612,
frame_ms,0.2321,
tick_us,735.8,206
frame_ms,1.7134,
frame_ms,0.247,
frame_ms,0.2161,
frame_ms,0.2654,
frame_ms,0.235,
frame_ms,0.2175,
frame_ms,0.2345,
frame_ms,0.219,
frame_ms,0.2836,
frame_ms,0.2216,
frame_ms,0.2708,
frame_ms,0.2321,
frame_ms,0.2167,
frame_ms,0.2639,
frame_ms,0.2372,
frame_ms,0.2172,
frame_ms,0.2586,
frame_ms,0.2341,
frame_ms,0.2141,
frame_ms,0.2315,
frame_ms,0.2253,
frame_ms,0.2767,
frame_ms,0.226,
tick_us,749.9,188
frame_ms,1.8348,
frame_ms,0.2814,
frame_ms,0.2264,
frame_ms,0.2224,
frame_ms,0.2333,
frame_ms,0.2236,
frame_ms,0.2272,
frame_ms,0.218,
frame_ms,0.2957,
frame_ms,0.3099,
frame_ms,0.2559,
frame_ms,0.2181,
frame_ms,0.2259,
frame_ms,0.213,
frame_ms,0.248,
frame_ms,0.2556,
frame_ms,0.2296,
frame_ms,0.2188,
frame_ms,0.2172,
frame_ms,0.2831,
frame_ms,0.2749,
frame_ms,0.2426,
tick_us,773.4,192
frame_ms,1.782,
frame_ms,0.2443,
frame_ms,0.2195,
frame_ms,0.2401,
frame_ms,0.2262,
frame_ms,0.2135,
frame_ms,0.2635,
frame_ms,0.2715,
frame_ms,0.3475,
frame_ms,0.2749,
frame_ms,0.2233,
frame_ms,0.2225,
frame_ms,0.2232,
frame_ms,0.2164,
frame_ms,0.2391,
frame_ms,0.2144,
frame_ms,0.2989,
frame_ms,0.2921,
frame_ms,0.2526,
frame_ms,0.2216,
frame_ms,0.2204,
frame_ms,0.2182,
tick_us,764.3,196
frame_ms,1.7723,
frame_ms,0.2453,
frame_ms,0.7885,
frame_ms,0.2611,
frame_ms,0.2276,
frame_ms,0.219,
frame_ms,0.2206,
frame_ms,0.2165,
frame_ms,0.3531,
frame_ms,0.2459,
frame_ms,0.2231,
frame_ms,0.2166,
frame_ms,0.2112,
frame_ms,0.2421,
frame_ms,0.2216,
frame_ms,0.2478,
frame_ms,0.252,
frame_ms,0.2255,
frame_ms,0.2449,
frame_ms,0.2296,
tick_us,738.5,198
frame_ms,1.7176,
frame_ms,0.236,
frame_ms,0.216,
frame_ms,0.2143,
frame_ms,0.215,
frame_ms,0.2427,
frame_ms,0.2201,
frame_ms,0.2253,
frame_ms,0.2175,
frame_ms,0.3446,
frame_ms,0.573,
frame_ms,0.3354,
frame_ms,0.3433,
frame_ms,0.3488,
frame_ms,0.3526,
frame_ms,0.3452,
frame_ms,0.3463,
frame_ms,0.3452,
tick_us,826.3,206
frame_ms,1.9849,
frame_ms,0.2606,
frame_ms,0.2245,
frame_ms,0.2259,
frame_ms,0.2283,
frame_ms,0.2366,
frame_ms,0.2229,
frame_ms,0.2357,
frame_ms,0.3563,
frame_ms,0.3541,
frame_ms,0.239,
frame_ms,0.2269,
frame_ms,0.2711,
frame_ms,0.3063,
frame_ms,0.3382,
frame_ms,0.2386,
frame_ms,0.2231,
frame_ms,0.4161,
frame_ms,0.2689,
frame_ms,0.222,
tick_us,763.3,204
frame_ms,1.7763,
frame_ms,0.2594,
frame_ms,1.4362,
frame_ms,0.2822,
frame_ms,0.2431,
frame_ms,0.229,
frame_ms,0.2509,
frame_ms,0.221,
frame_ms,0.2195,
frame_ms,0.2484,
frame_ms,0.3198,
frame_ms,0.2516,
frame_ms,0.2395,
frame_ms,0.2819,
frame_ms,0.2542,
frame_ms,0.2281,
frame_ms,0.2231,
tick_us,781.8,200
frame_ms,1.7678,
frame_ms,0.2498,
frame_ms,0.5757,
frame_ms,0.4253,
frame_ms,0.2423,
frame_ms,0.2334,
frame_ms,0.2303,
frame_ms,0.2369,
frame_ms,0.2364,
frame_ms,0.2923,
frame_ms,0.2354,
frame_ms,0.2442,
frame_ms,0.2426,
frame_ms,0.2134,
frame_ms,0.2453,
frame_ms,0.2662,
frame_ms,0.2874,
frame_ms,0.2516,
frame_ms,0.2337,
frame_ms,0.2723,
tick_us,750.6,196
frame_ms,1.77,
frame_ms,0.313,
frame_ms,0.2254,
frame_ms,0.3033,
frame_ms,0.2446,
frame_ms,0.4303,
frame_ms,0.3707,
frame_ms,0.3788,
frame_ms,0.2791,
frame_ms,0.2985,
frame_ms,0.4431,
frame_ms,0.2851,
frame_ms,0.2474,
frame_ms,0.2189,
frame_ms,0.229,
frame_ms,0.2324,
frame_ms,0.2326,
frame_ms,0.2262,
frame_ms,0.2357,
tick_us,764.3,200
frame_ms,1.7649,
frame_ms,0.2448,
frame_ms,0.2325,
frame_ms,0.2199,
frame_ms,0.2469,
frame_ms,0.2778,
frame_ms,0.2379,
frame_ms,0.4149,
frame_ms,0.3581,
frame_ms,0.3392,
frame_ms,0.3037,
frame_ms,0.3639,
frame_ms,0.2436,
frame_ms,0.2413,
frame_ms,0.5088,
frame_ms,0.3006,
frame_ms,0.3291,
tick_us,793.1,202
frame_ms,2.8278,
frame_ms,0.3249,
frame_ms,0.2451,
frame_ms,0.2696,
frame_ms,0.2601,
frame_ms,0.3086,
frame_ms,0.2711,
frame_ms,0.4436,
frame_ms,0.352,
frame_ms,0.275,
frame_ms,0.2384,
frame_ms,0.2651,
frame_ms,0.2901,
frame_ms,0.2505,
frame_ms,0.2416,
frame_ms,0.2705,
tick_us,767.9,202
frame_ms,1.8126,
frame_ms,0.2548,
frame_ms,0.2201,
frame_ms,0.2486,
frame_ms,0.2169,
frame_ms,0.2167,
frame_ms,0.2182,
frame_ms,0.2709,
frame_ms,0.2225,
frame_ms,0.2259,
frame_ms,0.2751,
frame_ms,0.2679,
frame_ms,0.2389,
frame_ms,0.2205,
frame_ms,0.2501,
frame_ms,0.2583,
frame_ms,0.2311,
frame_ms,0.2199,
frame_ms,0.2381,
frame_ms,0.2269,
frame_ms,0.2346,
frame_ms,0.2268,
tick_us,815.1,208
frame_ms,2.4216,
frame_ms,0.2914,
frame_ms,0.2288,
frame_ms,0.2344,
frame_ms,0.2461,
frame_ms,0.2985,
frame_ms,0.2477,
frame_ms,0.2375,
frame_ms,0.2323,
frame_ms,0.4138,
frame_ms,0.419,
frame_ms,0.3765,
frame_ms,0.2752,
frame_ms,0.2795,
frame_ms,0.2454,
frame_ms,0.4104,
frame_ms,0.3502,
tick_us,817,210
frame_ms,1.926,
frame_ms,0.258,
frame_ms,0.3485,
frame_ms,0.2467,
frame_ms,0.2308,
frame_ms,0.2253,
frame_ms,0.2216,
frame_ms,0.2225,
frame_ms,0.2297,
frame_ms,0.462,
frame_ms,0.3759,
frame_ms,0.2679,
frame_ms,0.2994,
frame_ms,0.2496,
frame_ms,0.3408,
frame_ms,0.2541,
frame_ms,0.3219,
frame_ms,0.2416,
frame_ms,0.2273,
tick_us,777.6,196
frame_ms,1.7798,
frame_ms,0.2456,
frame_ms,0.2251,
frame_ms,0.2555,
frame_ms,0.2353,
frame_ms,0.2325,
frame_ms,0.4442,
frame_ms,0.3224,
frame_ms,0.2399,
frame_ms,0.2164,
frame_ms,0.2232,
frame_ms,0.2191,
frame_ms,0.2168,
frame_ms,0.249,
frame_ms,0.2282,
frame_ms,0.2277,
frame_ms,0.2176,
frame_ms,0.4811,
frame_ms,0.4046,
tick_us,789.4,198
frame_ms,1.9798,
frame_ms,0.265,
frame_ms,0.3149,
frame_ms,0.2319,
frame_ms,0.2553,
frame_ms,0.2228,
frame_ms,0.2125,
frame_ms,0.228,
frame_ms,0.2244,
frame_ms,0.2164,
frame_ms,0.3936,
frame_ms,0.4913,
frame_ms,0.371,
frame_ms,0.3506,
frame_ms,0.2942,
frame_ms,0.2265,
frame_ms,0.2351,
frame_ms,0.2282,
frame_ms,0.212,
frame_ms,0.2255,
tick_us,761.3,200
frame_ms,1.7728,
frame_ms,0.2665,
frame_ms,0.2237,
frame_ms,0.246,
frame_ms,0.2724,
frame_ms,0.2299,
frame_ms,0.2196,
frame_ms,0.2175,
frame_ms,0.2464,
frame_ms,0.2488,
frame_ms,0.2324,
frame_ms,0.2581,
frame_ms,0.2388,
frame_ms,0.2657,
frame_ms,0.2326,
frame_ms,0.5875,
frame_ms,0.443,
frame_ms,0.256,
frame_ms,0.2204,
frame_ms,0.225,
tick_us,772.6,192
frame_ms,1.7538,
frame_ms,0.2402,
frame_ms,0.2194,
frame_ms,0.2343,
frame_ms,0.2964,
frame_ms,0.2457,
frame_ms,0.2329,
frame_ms,0.2462,
frame_ms,0.24,
frame_ms,0.2266,
frame_ms,0.2347,
frame_ms,0.2315,
frame_ms,0.2239,
frame_ms,0.253,
frame_ms,0.2376,
frame_ms,0.2371,
frame_ms,0.2277,
frame_ms,0.3171,
frame_ms,0.2448,
frame_ms,0.244,
frame_ms,0.2687,
frame_ms,0.2362,
tick_us,779.3,190
frame_ms,1.7868,
frame_ms,0.3045,
frame_ms,0.2899,
frame_ms,0.2417,
frame_ms,0.2316,
frame_ms,0.2294,
frame_ms,0.2181,
frame_ms,0.2379,
frame_ms,0.2217,
frame_ms,0.2901,
frame_ms,0.2704,
frame_ms,0.2464,
frame_ms,0.2765,
frame_ms,0.2427,
frame_ms,0.2292,
frame_ms,0.2252,
frame_ms,0.2464,
frame_ms,0.2278,
frame_ms,0.2582,
frame_ms,0.3384,
frame_ms,0.2969,
tick_us,742.3,186
frame_ms,1.7547,
frame_ms,0.3473,
frame_ms,0.4702,
frame_ms,0.244,
frame_ms,0.2465,
frame_ms,0.2699,
frame_ms,0.2497,
frame_ms,0.2319,
frame_ms,0.2325,
frame_ms,0.2543,
frame_ms,0.2657,
frame_ms,0.2456,
frame_ms,0.2623,
frame_ms,0.2481,
frame_ms,0.2266,
frame_ms,0.2225,
frame_ms,0.2566,
frame_ms,0.2521,
frame_ms,0.2508,
frame_ms,0.3019,
frame_ms,0.3152,
tick_us,763.7,182
frame_ms,1.8046,
frame_ms,0.278,
frame_ms,0.2337,
frame_ms,0.2487,
frame_ms,0.2362,
frame_ms,0.2258,
frame_ms,0.2477,
frame_ms,0.2749,
frame_ms,0.2392,
frame_ms,0.2225,
frame_ms,0.2351,
frame_ms,0.2227,
frame_ms,0.2413,
frame_ms,0.2284,
frame_ms,0.2358,
frame_ms,0.2442,
frame_ms,0.2255,
frame_ms,0.24,
frame_ms,0.2299,
frame_ms,0.2188,
frame_ms,0.2524,
frame_ms,0.2239,
tick_us,766.2,176
frame_ms,1.7354,
frame_ms,0.2521,
frame_ms,0.2494,
frame_ms,0.6446,
frame_ms,0.2988,
frame_ms,0.2516,
frame_ms,0.2221,
frame_ms,0.2856,
frame_ms,0.3007,
frame_ms,0.3223,
frame_ms,0.2824,
frame_ms,0.2832,
frame_ms,0.4249,
frame_ms,0.2635,
frame_ms,0.2246,
frame_ms,0.2294,
frame_ms,0.223,
frame_ms,0.2785,
frame_ms,0.2654,
tick_us,767.4,186
frame_ms,1.8371,
frame_ms,0.4028,
frame_ms,0.2234,
frame_ms,0.2526,
frame_ms,0.2209,
frame_ms,0.2186,
frame_ms,0.2581,
frame_ms,0.2416,
frame_ms,0.427,
frame_ms,0.3651,
frame_ms,0.3543,
frame_ms,0.3895,
frame_ms,0.3386,
frame_ms,0.3526,
frame_ms,0.3457,
frame_ms,0.2665,
frame_ms,0.2301,
frame_ms,0.2212,
tick_us,736.1,188
frame_ms,1.7195,
frame_ms,0.289,
frame_ms,0.3971,
frame_ms,0.3558,
frame_ms,0.2816,
frame_ms,0.2853,
frame_ms,0.2444,
frame_ms,0.2275,
frame_ms,0.2274,
frame_ms,0.2678,
frame_ms,1.1373,
frame_ms,0.5326,
frame_ms,0.4417,
frame_ms,0.2951,
frame_ms,0.2353,
tick_us,774.3,186
frame_ms,1.8734,
frame_ms,0.2716,
frame_ms,0.2912,
frame_ms,0.2811,
frame_ms,0.3198,
frame_ms,0.3226,
frame_ms,0.2542,
frame_ms,0.2298,
frame_ms,0.2225,
frame_ms,0.2228,
frame_ms,0.2563,
frame_ms,0.2588,
frame_ms,0.2366,
frame_ms,0.2557,
frame_ms,0.2684,
frame_ms,0.2514,
frame_ms,0.2475,
frame_ms,0.2344,
frame_ms,0.2292,
frame_ms,0.2252,
frame_ms,0.2178,
tick_us,765.6,188
frame_ms,1.7835,
frame_ms,0.2563,
frame_ms,0.248,
frame_ms,0.2229,
frame_ms,0.2679,
frame_ms,0.2604,
frame_ms,0.2511,
frame_ms,0.2263,
frame_ms,0.2304,
frame_ms,0.2229,
frame_ms,0.2153,
frame_ms,0.2963,
frame_ms,0.2398,
frame_ms,0.231,
frame_ms,0.5567,
frame_ms,0.322,
frame_ms,0.3444,
frame_ms,0.2849,
frame_ms,0.24,
frame_ms,0.2425,
tick_us,771,188
frame_ms,1.7645,
frame_ms,0.2448,
frame_ms,0.2323,
frame_ms,0.2203,
frame_ms,0.2618,
frame_ms,0.244,
frame_ms,0.2175,
frame_ms,0.2522,
frame_ms,0.3876,
frame_ms,0.2582,
frame_ms,0.2251,
frame_ms,0.2231,
frame_ms,0.229,
frame_ms,0.2336,
frame_ms,0.2806,
frame_ms,0.2663,
frame_ms,0.2482,
frame_ms,0.2487,
frame_ms,0.2516,
frame_ms,0.2521,
frame_ms,0.228,
tick_us,750.1,196
frame_ms,1.7379,
frame_ms,0.2465,
frame_ms,0.2441,
frame_ms,0.2196,
frame_ms,0.2463,
frame_ms,0.2209,
frame_ms,0.2389,
frame_ms,0.2526,
frame_ms,0.2258,
frame_ms,0.2296,
frame_ms,0.2688,
frame_ms,0.2308,
frame_ms,0.2171,
frame_ms,0.2403,
frame_ms,0.2721,
frame_ms,0.2485,
frame_ms,0.2525,
frame_ms,0.2409,
frame_ms,0.215,
frame_ms,0.2225,
frame_ms,0.2578,
frame_ms,0.2243,
frame_ms,0.2096,
tick_us,769.6,198
frame_ms,1.805,
frame_ms,0.2585,
frame_ms,0.221,
frame_ms,0.2129,
frame_ms,0.2478,
frame_ms,0.2661,
frame_ms,0.2373,
frame_ms,0.4309,
frame_ms,0.354,
frame_ms,0.3789,
frame_ms,0.3437,
frame_ms,0.3383,
frame_ms,0.345,
frame_ms,0.3467,
frame_ms,0.3373,
frame_ms,0.3027,
frame_ms,0.2307,
frame_ms,0.2272,
frame_ms,0.2308,
tick_us,780.2,202
frame_ms,1.774,
frame_ms,0.2423,
frame_ms,1.9174,
frame_ms,0.2766,
frame_ms,0.2306,
frame_ms,0.2301,
frame_ms,0.2207,
frame_ms,0.2503,
frame_ms,0.2384,
frame_ms,0.2216,
frame_ms,0.238,
frame_ms,0.2355,
frame_ms,0.2218,
frame_ms,0.218,
frame_ms,0.2091,
tick_us,759.2,206
frame_ms,1.783,
frame_ms,0.2444,
frame_ms,1.4049,
frame_ms,0.3517,
frame_ms,0.445,
frame_ms,0.275,
frame_ms,0.2237,
frame_ms,0.2199,
frame_ms,0.2127,
frame_ms,0.4219,
frame_ms,0.3494,
frame_ms,0.2591,
frame_ms,0.2289,
frame_ms,0.2417,
frame_ms,0.2229,
frame_ms,0.215,
tick_us,744.4,204
frame_ms,1.7188,
frame_ms,0.2326,
frame_ms,0.2115,
frame_ms,0.2319,
frame_ms,0.2185,
frame_ms,0.2181,
frame_ms,0.2325,
frame_ms,0.2998,
frame_ms,0.4266,
frame_ms,0.2937,
frame_ms,0.2621,
frame_ms,0.3367,
frame_ms,0.352,
frame_ms,0.3373,
frame_ms,0.3366,
frame_ms,0.2915,
frame_ms,0.2444,
frame_ms,0.2502,
frame_ms,0.2246,
frame_ms,0.248,
tick_us,769.9,194
frame_ms,1.7485,
frame_ms,0.2702,
frame_ms,0.2227,
frame_ms,0.2191,
frame_ms,0.2587,
frame_ms,0.2328,
frame_ms,0.2431,
frame_ms,0.2209,
frame_ms,0.293,
frame_ms,0.2612,
frame_ms,0.3626,
frame_ms,0.3241,
frame_ms,0.2516,
frame_ms,0.2263,
frame_ms,0.2262,
frame_ms,0.2231,
frame_ms,0.2208,
frame_ms,0.2716,
frame_ms,0.2367,
frame_ms,0.2188,
frame_ms,0.2152,
frame_ms,0.2417,
tick_us,790.1,200
frame_ms,1.7741,
frame_ms,0.2674,
frame_ms,0.2744,
frame_ms,0.2386,
frame_ms,0.2295,
frame_ms,0.2299,
frame_ms,0.2166,
frame_ms,0.2393,
frame_ms,0.219,
frame_ms,0.268,
frame_ms,0.236,
frame_ms,0.2242,
frame_ms,0.2281,
frame_ms,0.3139,
frame_ms,0.2385,
frame_ms,0.5041,
frame_ms,0.2652,
frame_ms,0.2699,
frame_ms,0.2268,
frame_ms,0.2293,
frame_ms,0.2193,
tick_us,783.1,194
frame_ms,1.7846,
frame_ms,0.2557,
frame_ms,0.2205,
frame_ms,0.2231,
frame_ms,0.254,
frame_ms,0.2476,
frame_ms,0.2386,
frame_ms,0.2401,
frame_ms,0.2347,
frame_ms,0.2236,
frame_ms,0.2166,
frame_ms,0.2523,
frame_ms,0.2784,
frame_ms,0.2794,
frame_ms,0.2354,
frame_ms,0.3021,
frame_ms,0.3201,
frame_ms,0.2412,
frame_ms,0.2878,
frame_ms,0.2498,
frame_ms,0.228,
tick_us,995.2,196
frame_ms,1.9829,
frame_ms,0.2479,
frame_ms,0.2235,
frame_ms,0.2189,
frame_ms,0.2642,
frame_ms,0.2707,
frame_ms,0.6115,
frame_ms,0.2377,
frame_ms,0.2352,
frame_ms,0.2441,
frame_ms,0.2241,
frame_ms,0.229,
frame_ms,0.217,
frame_ms,0.2109,
frame_ms,0.2367,
frame_ms,0.2302,
frame_ms,0.2792,
frame_ms,0.2425,
frame_ms,0.2408,
frame_ms,0.2768,
tick_us,761.7,184
frame_ms,1.7637,
frame_ms,0.2447,
frame_ms,0.2706,
frame_ms,0.284,
frame_ms,0.2435,
frame_ms,0.308,
frame_ms,0.3248,
frame_ms,0.4182,
frame_ms,0.4812,
frame_ms,0.3332,
frame_ms,0.258,
frame_ms,0.295,
frame_ms,0.2349,
frame_ms,0.2264,
frame_ms,0.2788,
frame_ms,0.2879,
frame_ms,0.2407,
frame_ms,0.4677,
tick_us,783.1,180
frame_ms,2.6139,
frame_ms,0.2804,
frame_ms,0.2303,
frame_ms,0.2898,
frame_ms,0.2326,
frame_ms,0.2164,
frame_ms,0.2566,
frame_ms,0.2887,
frame_ms,0.2823,
frame_ms,0.2722,
frame_ms,0.2231,
frame_ms,0.2275,
frame_ms,0.248,
frame_ms,0.225,
frame_ms,0.2199,
frame_ms,0.3175,
frame_ms,0.2425,
frame_ms,0.2393,
tick_us,759.8,178
frame_ms,1.813,
frame_ms,0.2713,
frame_ms,0.251,
frame_ms,0.3846,
frame_ms,0.387,
frame_ms,0.3416,
frame_ms,0.3434,
frame_ms,0.4905,
frame_ms,0.2676,
frame_ms,0.23,
frame_ms,0.2254,
frame_ms,0.2252,
frame_ms,0.2231,
frame_ms,0.2255,
frame_ms,0.2765,
frame_ms,0.2346,
frame_ms,0.2277,
frame_ms,0.219,
frame_ms,0.2332,
frame_ms,0.2497,
tick_us,791.4,182
frame_ms,1.8777,
frame_ms,0.2732,
frame_ms,0.2251,
frame_ms,0.2192,
frame_ms,0.2643,
frame_ms,0.2492,
frame_ms,0.2232,
frame_ms,0.2292,
frame_ms,0.2609,
frame_ms,0.2483,
frame_ms,0.2195,
frame_ms,0.2166,
frame_ms,0.2365,
frame_ms,0.2435,
frame_ms,0.2231,
frame_ms,0.2199,
frame_ms,0.2425,
frame_ms,0.2472,
frame_ms,0.2693,
frame_ms,0.2975,
frame_ms,0.2361,
frame_ms,0.2688,
tick_us,734,182
frame_ms,1.7574,
frame_ms,0.2653,
frame_ms,0.2214,
frame_ms,0.2294,
frame_ms,0.2335,
frame_ms,0.2391,
frame_ms,0.2408,
frame_ms,0.223,
frame_ms,0.2204,
frame_ms,0.259,
frame_ms,0.264,
frame_ms,0.2189,
frame_ms,0.2381,
frame_ms,0.2396,
frame_ms,0.2681,
frame_ms,0.2696,
frame_ms,0.2775,
frame_ms,0.2697,
frame_ms,0.2283,
frame_ms,0.2096,
frame_ms,0.2099,
frame_ms,0.2474,
tick_us,757,180
frame_ms,1.8044,
frame_ms,0.2879,
frame_ms,0.2391,
frame_ms,0.2169,
frame_ms,0.2177,
frame_ms,0.211,
frame_ms,0.2512,
frame_ms,0.2298,
frame_ms,0.4066,
frame_ms,0.3279,
frame_ms,0.2824,
frame_ms,0.2388,
frame_ms,0.3806,
frame_ms,0.4,
frame_ms,0.3529,
frame_ms,0.319,
frame_ms,0.3383,
frame_ms,0.2821,
frame_ms,0.2269,
tick_us,738.2,192
frame_ms,1.7197,
frame_ms,0.2419,
frame_ms,0.2183,
frame_ms,0.2448,
frame_ms,0.2909,
frame_ms,0.2305,
frame_ms,0.2237,
frame_ms,0.2162,
frame_ms,0.2185,
frame_ms,0.2493,
frame_ms,0.2343,
frame_ms,0.2427,
frame_ms,0.2193,
frame_ms,0.2435,
frame_ms,0.2333,
frame_ms,0.2166,
frame_ms,0.3686,
frame_ms,0.2451,
frame_ms,0.2749,
frame_ms,0.2904,
frame_ms,0.2923,
frame_ms,0.2342,
tick_us,757.8,186
frame_ms,1.7477,
frame_ms,0.2667,
frame_ms,0.2241,
frame_ms,0.2402,
frame_ms,0.2252,
frame_ms,0.2198,
frame_ms,0.2331,
frame_ms,0.2597,
frame_ms,0.2369,
frame_ms,0.3773,
frame_ms,0.2663,
frame_ms,0.2321,
frame_ms,0.217,
frame_ms,0.6098,
frame_ms,0.7209,
frame_ms,0.3772,
frame_ms,0.2659,
tick_us,902.1,188
frame_ms,2.0604,
frame_ms,0.2605,
frame_ms,0.2246,
frame_ms,0.217,
frame_ms,0.2449,
frame_ms,0.2545,
frame_ms,0.228,
frame_ms,0.3402,
frame_ms,0.2711,
frame_ms,0.2885,
frame_ms,0.4412,
frame_ms,0.2487,
frame_ms,0.2234,
frame_ms,0.2528,
frame_ms,0.2284,
frame_ms,0.2228,
frame_ms,0.2216,
frame_ms,0.235,
frame_ms,0.228,
frame_ms,0.228,
frame_ms,0.2766,
tick_us,778.3,190
frame_ms,1.8447,
frame_ms,0.2785,
frame_ms,0.3759,
frame_ms,0.3146,
frame_ms,0.245,
frame_ms,0.2501,
frame_ms,0.2507,
frame_ms,0.255,
frame_ms,0.2435,
frame_ms,0.2276,
frame_ms,0.2172,
frame_ms,0.2494,
frame_ms,0.2253,
frame_ms,0.217,
frame_ms,0.2448,
frame_ms,0.2413,
frame_ms,0.2198,
frame_ms,0.2324,
frame_ms,0.2325,
frame_ms,0.2644,
frame_ms,0.2375,
tick_us,883.6,192
frame_ms,1.9368,
frame_ms,0.3249,
frame_ms,0.2509,
frame_ms,0.2331,
frame_ms,0.2274,
frame_ms,0.226,
frame_ms,0.2463,
frame_ms,0.2297,
frame_ms,0.2329,
frame_ms,0.2251,
frame_ms,0.2283,
frame_ms,0.2353,
frame_ms,0.2289,
frame_ms,0.2267,
frame_ms,0.2461,
frame_ms,0.2231,
frame_ms,0.2355,
frame_ms,0.2335,
frame_ms,0.2193,
frame_ms,0.2395,
frame_ms,0.2236,
frame_ms,0.2198,
tick_us,762.9,202
frame_ms,1.7846,
frame_ms,0.2615,
frame_ms,0.2732,
frame_ms,0.2364,
frame_ms,0.2208,
frame_ms,0.2217,
frame_ms,0.2354,
frame_ms,0.219,
frame_ms,0.259,
frame_ms,0.2437,
frame_ms,0.322,
frame_ms,0.2568,
frame_ms,0.2495,
frame_ms,0.2325,
frame_ms,0.2353,
frame_ms,0.2381,
frame_ms,0.2385,
frame_ms,0.2292,
frame_ms,0.2248,
frame_ms,0.3874,
frame_ms,0.3969,
tick_us,833.9,204
frame_ms,2.1953,
frame_ms,0.4669,
frame_ms,0.295,
frame_ms,0.2605,
frame_ms,0.2817,
frame_ms,0.2559,
frame_ms,0.2353,
frame_ms,0.2332,
frame_ms,0.2278,
frame_ms,0.2202,
frame_ms,0.2171,
frame_ms,0.2456,
frame_ms,0.225,
frame_ms,0.2221,
frame_ms,0.2131,
frame_ms,0.3173,
frame_ms,0.7051,
tick_us,843.1,206
frame_ms,1.9985,
frame_ms,0.3066,
frame_ms,0.2366,
frame_ms,0.2393,
frame_ms,0.3305,
frame_ms,0.2339,
frame_ms,0.2288,
frame_ms,0.2422,
frame_ms,0.2306,
frame_ms,0.2206,
frame_ms,0.2184,
frame_ms,0.2306,
frame_ms,0.2361,
frame_ms,0.2331,
frame_ms,0.2225,
frame_ms,0.2348,
frame_ms,0.2523,
frame_ms,0.3495,
frame_ms,0.2596,
frame_ms,0.2523,
frame_ms,0.2464,
tick_us,816.2,204
frame_ms,1.8725,
frame_ms,0.2746,
frame_ms,0.227,
frame_ms,0.4074,
frame_ms,0.3734,
frame_ms,0.2752,
frame_ms,0.8082,
frame_ms,0.6034,
frame_ms,0.5235,
frame_ms,0.4012,
frame_ms,0.233,
frame_ms,0.2311,
frame_ms,0.2238,
frame_ms,0.2139,
frame_ms,0.249,
frame_ms,0.2282,
tick_us,783.7,202
frame_ms,1.7708,
frame_ms,0.3085,
frame_ms,0.2689,
frame_ms,0.4097,
frame_ms,0.2747,
frame_ms,0.2746,
frame_ms,0.2273,
frame_ms,0.2238,
frame_ms,0.2148,
frame_ms,0.2141,
frame_ms,0.2424,
frame_ms,0.2264,
frame_ms,0.2143,
frame_ms,0.237,
frame_ms,0.2203,
frame_ms,0.2151,
frame_ms,0.2125,
frame_ms,0.2402,
frame_ms,0.26,
frame_ms,0.2147,
frame_ms,0.2088,
frame_ms,0.2404,
tick_us,769,198
frame_ms,1.8255,
frame_ms,0.3108,
frame_ms,0.282,
frame_ms,0.2257,
frame_ms,0.213,
frame_ms,0.2097,
frame_ms,0.2589,
frame_ms,0.2489,
frame_ms,0.3344,
frame_ms,0.5126,
frame_ms,0.3581,
frame_ms,0.4697,
frame_ms,0.3879,
frame_ms,0.3645,
frame_ms,0.3602,
frame_ms,0.343,
tick_us,774,196
frame_ms,1.8276,
frame_ms,0.2656,
frame_ms,0.2319,
frame_ms,0.2663,
frame_ms,0.2338,
frame_ms,0.2531,
frame_ms,0.2343,
frame_ms,0.246,
frame_ms,0.2306,
frame_ms,0.2203,
frame_ms,0.2453,
frame_ms,0.229,
frame_ms,0.2857,
frame_ms,0.4064,
frame_ms,0.3004,
frame_ms,0.2534,
frame_ms,0.2841,
frame_ms,0.2476,
frame_ms,0.2301,
frame_ms,0.2537,
frame_ms,0.2277,
frame_ms,0.2192,
tick_us,809.8,204
frame_ms,1.8067,
frame_ms,0.2909,
frame_ms,0.2813,
frame_ms,0.2784,
frame_ms,0.2391,
frame_ms,0.2324,
frame_ms,0.2198,
frame_ms,0.2152,
frame_ms,0.2472,
frame_ms,0.2239,
frame_ms,0.2356,
frame_ms,0.3244,
frame_ms,0.2719,
frame_ms,0.2398,
frame_ms,0.2564,
frame_ms,0.3895,
frame_ms,0.385,
frame_ms,0.4272,
tick_us,1470.9,194
frame_ms,3.3103,
frame_ms,0.3419,
frame_ms,0.2542,
frame_ms,0.2736,
frame_ms,0.2454,
frame_ms,0.2342,
frame_ms,0.228,
frame_ms,0.2216,
frame_ms,0.3574,
frame_ms,0.3772,
frame_ms,0.3378,
frame_ms,0.3492,
frame_ms,0.3395,
frame_ms,0.281,
tick_us,727.6,194
frame_ms,1.7395,
frame_ms,0.2415,
frame_ms,0.2227,
frame_ms,0.24,
frame_ms,0.2379,
frame_ms,0.2321,
frame_ms,0.2176,
frame_ms,0.2957,
frame_ms,0.2408,
frame_ms,0.2252,
frame_ms,0.2451,
frame_ms,0.2367,
frame_ms,0.2239,
frame_ms,0.2646,
frame_ms,0.2403,
frame_ms,0.23,
frame_ms,0.2255,
frame_ms,0.2245,
frame_ms,0.4307,
frame_ms,0.3003,
frame_ms,0.2449,
frame_ms,0.2181,
tick_us,760.5,190
frame_ms,1.7717,
frame_ms,0.2793,
frame_ms,0.2793,
frame_ms,0.349,
frame_ms,0.2385,
frame_ms,0.443,
frame_ms,0.344,
frame_ms,0.2395,
frame_ms,0.2293,
frame_ms,0.2737,
frame_ms,0.2343,
frame_ms,0.2282,
frame_ms,0.2231,
frame_ms,0.2551,
frame_ms,0.2699,
frame_ms,0.2319,
frame_ms,0.2246,
frame_ms,0.2798,
frame_ms,0.2677,
frame_ms,0.2339,
tick_us,759.2,190
frame_ms,2.4218,
frame_ms,0.2841,
frame_ms,0.232,
frame_ms,0.2438,
frame_ms,0.5072,
frame_ms,0.4469,
frame_ms,0.3851,
frame_ms,0.3866,
frame_ms,0.2726,
frame_ms,0.2416,
frame_ms,0.2133,
frame_ms,0.2171,
frame_ms,0.2138,
frame_ms,0.2401,
frame_ms,0.4499,
frame_ms,0.3753,
tick_us,912.9,192
frame_ms,2.0797,
frame_ms,0.3193,
frame_ms,1.6556,
frame_ms,0.4032,
frame_ms,0.2695,
frame_ms,0.2295,
frame_ms,0.2431,
frame_ms,0.2403,
frame_ms,0.4127,
frame_ms,0.362,
frame_ms,0.4179,
tick_us,906.2,196
frame_ms,2.1669,
frame_ms,0.453,
frame_ms,0.5162,
frame_ms,0.3002,
frame_ms,0.249,
frame_ms,0.229,
frame_ms,0.2307,
frame_ms,0.2288,
frame_ms,0.2191,
frame_ms,0.2758,
frame_ms,0.2466,
frame_ms,0.2486,
frame_ms,0.2331,
frame_ms,0.2328,
frame_ms,0.2263,
frame_ms,0.7062,
frame_ms,0.3636,
tick_us,808.6,194
frame_ms,1.8785,
frame_ms,0.2512,
frame_ms,0.2355,
frame_ms,0.2252,
frame_ms,0.2261,
frame_ms,0.2811,
frame_ms,0.2384,
frame_ms,0.2203,
frame_ms,0.2166,
frame_ms,0.3094,
frame_ms,0.2456,
frame_ms,0.233,
frame_ms,0.2501,
frame_ms,0.2271,
frame_ms,0.8872,
frame_ms,0.4476,
frame_ms,0.2848,
frame_ms,0.2282,
tick_us,795.4,188
frame_ms,1.8109,
frame_ms,0.2673,
frame_ms,0.2946,
frame_ms,0.2739,
frame_ms,0.2804,
frame_ms,0.2391,
frame_ms,0.2315,
frame_ms,0.2264,
frame_ms,0.2199,
frame_ms,0.2197,
frame_ms,0.3039,
frame_ms,0.2818,
frame_ms,0.3683,
frame_ms,0.2895,
frame_ms,0.2473,
frame_ms,0.2416,
frame_ms,0.2273,
frame_ms,0.2274,
frame_ms,0.2319,
frame_ms,0.2543,
frame_ms,0.2406,
tick_us,815.6,194
frame_ms,1.8425,
frame_ms,0.3358,
frame_ms,0.2638,
frame_ms,0.3079,
frame_ms,0.5244,
frame_ms,0.2696,
frame_ms,0.2265,
frame_ms,0.2285,
frame_ms,0.2269,
frame_ms,0.2249,
frame_ms,0.2188,
frame_ms,0.27,
frame_ms,0.2393,
frame_ms,0.223,
frame_ms,0.2422,
frame_ms,0.2426,
frame_ms,0.2283,
frame_ms,0.2212,
frame_ms,0.4184,
tick_us,870.8,182
frame_ms,2.1371,
frame_ms,0.3033,
frame_ms,0.245,
frame_ms,0.2428,
frame_ms,0.2319,
frame_ms,0.2498,
frame_ms,0.2473,
frame_ms,0.2206,
frame_ms,0.2695,
frame_ms,0.2921,
frame_ms,0.2551,
frame_ms,0.2367,
frame_ms,0.2337,
frame_ms,0.4447,
frame_ms,0.3828,
frame_ms,0.3475,
frame_ms,0.3516,
frame_ms,0.5505,
tick_us,914.1,174
frame_ms,2.0924,
frame_ms,0.3275,
frame_ms,0.3819,
frame_ms,0.3578,
frame_ms,0.3554,
frame_ms,0.3435,
frame_ms,0.338,
frame_ms,0.3431,
frame_ms,0.3844,
frame_ms,0.3344,
frame_ms,0.3892,
frame_ms,0.3242,
frame_ms,0.2639,
frame_ms,0.235,
frame_ms,0.2331,
frame_ms,0.2885,
tick_us,947.6,188
frame_ms,2.1914,
frame_ms,0.3118,
frame_ms,0.2514,
frame_ms,0.2344,
frame_ms,0.2271,
frame_ms,0.2188,
frame_ms,0.3407,
frame_ms,0.2472,
frame_ms,0.2228,
frame_ms,0.2235,
frame_ms,0.2189,
frame_ms,0.2675,
frame_ms,0.2589,
frame_ms,0.2291,
frame_ms,0.2237,
frame_ms,0.2848,
frame_ms,0.3162,
frame_ms,0.2706,
frame_ms,0.2878,
tick_us,842.9,188
frame_ms,1.9251,
frame_ms,0.2693,
frame_ms,0.2307,
frame_ms,0.2202,
frame_ms,0.2475,
frame_ms,0.257,
frame_ms,0.2446,
frame_ms,0.2235,
frame_ms,0.2534,
frame_ms,0.226,
frame_ms,0.3113,
frame_ms,0.2615,
frame_ms,0.2577,
frame_ms,0.2547,
frame_ms,0.4503,
frame_ms,0.3225,
frame_ms,0.2735,
frame_ms,0.2371,
frame_ms,0.233,
frame_ms,0.3196,
tick_us,773,190
frame_ms,1.8223,
frame_ms,0.2671,
frame_ms,0.2653,
frame_ms,0.8232,
frame_ms,0.4583,
frame_ms,0.395,
frame_ms,0.2499,
frame_ms,0.2884,
frame_ms,0.2559,
frame_ms,0.2488,
frame_ms,0.233,
frame_ms,0.2221,
frame_ms,0.2216,
frame_ms,0.2754,
frame_ms,0.306,
frame_ms,0.2266,
frame_ms,0.302,
tick_us,774.3,194
frame_ms,1.9065,
frame_ms,0.3467,
frame_ms,0.238,
frame_ms,0.2329,
frame_ms,0.3371,
frame_ms,0.3918,
frame_ms,0.2918,
frame_ms,0.3279,
frame_ms,0.2245,
frame_ms,0.2261,
frame_ms,0.2185,
frame_ms,0.2158,
frame_ms,0.2925,
frame_ms,0.235,
frame_ms,0.2227,
frame_ms,0.26,
frame_ms,0.4244,
frame_ms,0.2726,
frame_ms,0.2782,
tick_us,761,198
frame_ms,1.9909,
frame_ms,0.3193,
frame_ms,0.2353,
frame_ms,0.2294,
frame_ms,0.2321,
frame_ms,0.2933,
frame_ms,0.2376,
frame_ms,0.2192,
frame_ms,0.2629,
frame_ms,0.236,
frame_ms,0.2252,
frame_ms,0.2902,
frame_ms,0.2398,
frame_ms,0.2283,
frame_ms,0.2247,
frame_ms,0.2699,
frame_ms,0.239,
frame_ms,0.2186,
frame_ms,0.2603,
frame_ms,0.2314,
frame_ms,0.2178,
tick_us,753,184
frame_ms,1.7538,
frame_ms,0.2478,
frame_ms,0.216,
frame_ms,0.2645,
frame_ms,0.2335,
frame_ms,0.2123,
frame_ms,0.2397,
frame_ms,0.2854,
frame_ms,0.2439,
frame_ms,0.2138,
frame_ms,0.2132,
frame_ms,0.2816,
frame_ms,0.2344,
frame_ms,0.2113,
frame_ms,0.2818,
frame_ms,0.2264,
frame_ms,0.2124,
frame_ms,0.2827,
frame_ms,0.2344,
frame_ms,0.21,
frame_ms,0.2831,
frame_ms,0.2303,
frame_ms,0.2108,
tick_us,755.9,180
frame_ms,1.7894,
frame_ms,0.2523,
frame_ms,0.2732,
frame_ms,0.2524,
frame_ms,0.2309,
frame_ms,0.2732,
frame_ms,0.2537,
frame_ms,0.2268,
frame_ms,0.2198,
frame_ms,0.2824,
frame_ms,0.2375,
frame_ms,0.2217,
frame_ms,0.2412,
frame_ms,0.2693,
frame_ms,0.2311,
frame_ms,0.2149,
frame_ms,0.229,
frame_ms,0.2714,
frame_ms,0.2383,
frame_ms,0.5687,
tick_us,934.8,176
frame_ms,2.1295,
frame_ms,0.3222,
frame_ms,0.2331,
frame_ms,0.2383,
frame_ms,0.2265,
frame_ms,0.2345,
frame_ms,0.2789,
frame_ms,0.2525,
frame_ms,0.2228,
frame_ms,0.221,
frame_ms,0.2724,
frame_ms,0.2348,
frame_ms,0.2171,
frame_ms,0.2463,
frame_ms,0.2402,
frame_ms,0.2159,
frame_ms,0.2369,
frame_ms,0.2743,
frame_ms,0.237,
frame_ms,0.2172,
frame_ms,0.2299,
tick_us,739,180
frame_ms,1.7618,
frame_ms,0.2536,
frame_ms,0.2215,
frame_ms,0.2426,
frame_ms,0.2742,
frame_ms,0.2372,
frame_ms,0.2197,
frame_ms,0.237,
frame_ms,0.2772,
frame_ms,0.2323,
frame_ms,0.2386,
frame_ms,0.2229,
frame_ms,0.2684,
frame_ms,0.331,
frame_ms,0.4314,
frame_ms,0.3413,
frame_ms,0.2824,
frame_ms,0.223,
frame_ms,0.2245,
frame_ms,0.2197,
frame_ms,0.2181,
tick_us,831.2,176
frame_ms,1.9908,
frame_ms,0.2906,
frame_ms,0.2566,
frame_ms,0.3124,
frame_ms,0.2371,
frame_ms,0.2278,
frame_ms,0.2204,
frame_ms,0.2857,
frame_ms,0.2376,
frame_ms,0.2264,
frame_ms,0.2383,
frame_ms,0.216,
frame_ms,0.3168,
frame_ms,0.2391,
frame_ms,0.222,
frame_ms,0.2306,
frame_ms,0.303,
frame_ms,0.2412,
frame_ms,0.2226,
frame_ms,0.2327,
frame_ms,0.2997,
tick_us,808.8,180
frame_ms,1.8105,
frame_ms,0.2593,
frame_ms,0.2207,
frame_ms,0.285,
frame_ms,0.2337,
frame_ms,0.2224,
frame_ms,0.235,
frame_ms,0.2978,
frame_ms,0.2379,
frame_ms,0.2231,
frame_ms,0.2306,
frame_ms,0.3057,
frame_ms,0.2372,
frame_ms,0.2211,
frame_ms,0.2668,
frame_ms,0.2832,
frame_ms,0.2425,
frame_ms,0.2324,
frame_ms,0.2233,
frame_ms,0.2225,
frame_ms,0.2737,
frame_ms,0.2576,
tick_us,742,192
frame_ms,1.7391,
frame_ms,0.2515,
frame_ms,0.2212,
frame_ms,0.2279,
frame_ms,0.2172,
frame_ms,0.2716,
frame_ms,0.3579,
frame_ms,0.2696,
frame_ms,0.2333,
frame_ms,0.2292,
frame_ms,0.2293,
frame_ms,0.2248,
frame_ms,0.2253,
frame_ms,0.3227,
frame_ms,0.3815,
frame_ms,0.2334,
frame_ms,0.2275,
frame_ms,0.2258,
frame_ms,0.2223,
frame_ms,0.2698,
frame_ms,0.2692,
tick_us,739,196
frame_ms,1.7364,
frame_ms,0.2498,
frame_ms,0.2216,
frame_ms,0.2356,
frame_ms,0.3011,
frame_ms,0.237,
frame_ms,0.2239,
frame_ms,0.2354,
frame_ms,0.2849,
frame_ms,0.2367,
frame_ms,0.2231,
frame_ms,0.2436,
frame_ms,0.2286,
frame_ms,0.2178,
frame_ms,0.2464,
frame_ms,0.2271,
frame_ms,0.2152,
frame_ms,0.2521,
frame_ms,0.2302,
frame_ms,0.2201,
frame_ms,0.2402,
frame_ms,0.2211,
frame_ms,0.2062,
tick_us,737,206
frame_ms,1.7459,
frame_ms,0.2472,
frame_ms,0.2159,
frame_ms,0.2542,
frame_ms,0.2259,
frame_ms,0.2139,
frame_ms,0.2534,
frame_ms,0.2362,
frame_ms,0.2167,
frame_ms,0.2427,
frame_ms,0.2223,
frame_ms,0.2129,
frame_ms,0.2455,
frame_ms,0.3807,
frame_ms,0.2706,
frame_ms,0.2471,
frame_ms,0.2415,
frame_ms,0.2351,
frame_ms,0.2398,
frame_ms,0.2737,
frame_ms,0.3153,
frame_ms,0.2385,
tick_us,722.9,202
frame_ms,1.7555,
frame_ms,0.2482,
frame_ms,0.2213,
frame_ms,0.2478,
frame_ms,0.2259,
frame_ms,0.2133,
frame_ms,0.2574,
frame_ms,0.2292,
frame_ms,0.2172,
frame_ms,0.2605,
frame_ms,0.2298,
frame_ms,0.2167,
frame_ms,0.2653,
frame_ms,0.2285,
frame_ms,0.2775,
frame_ms,0.2353,
frame_ms,0.2335,
frame_ms,0.222,
frame_ms,0.212,
frame_ms,0.2904,
frame_ms,0.2787,
frame_ms,0.2511,
frame_ms,0.2396,
tick_us,735.6,194
frame_ms,1.7055,
frame_ms,0.2425,
frame_ms,0.2194,
frame_ms,0.2716,
frame_ms,0.2345,
frame_ms,0.2173,
frame_ms,0.2634,
frame_ms,0.2453,
frame_ms,0.2167,
frame_ms,0.2194,
frame_ms,0.2456,
frame_ms,0.2343,
frame_ms,0.2183,
frame_ms,0.2593,
frame_ms,0.2404,
frame_ms,0.2196,
frame_ms,0.2181,
frame_ms,0.2423,
frame_ms,0.2367,
frame_ms,0.7196,
tick_us,741.7,198
frame_ms,2.2325,
frame_ms,0.2709,
frame_ms,2.132,
frame_ms,0.3133,
frame_ms,0.2405,
frame_ms,0.2261,
frame_ms,0.2217,
frame_ms,0.211,
frame_ms,0.2441,
frame_ms,0.209,
frame_ms,0.2523,
frame_ms,0.2161,
frame_ms,0.2134,
frame_ms,0.2348,
tick_us,768.7,198
frame_ms,1.7572,
frame_ms,0.2401,
frame_ms,0.2139,
frame_ms,0.2665,
frame_ms,0.2251,
frame_ms,0.2158,
frame_ms,0.217,
frame_ms,0.2401,
frame_ms,0.2317,
frame_ms,0.2158,
frame_ms,0.2665,
frame_ms,0.2368,
frame_ms,0.2315,
frame_ms,0.2145,
frame_ms,0.2675,
frame_ms,0.234,
frame_ms,0.2204,
frame_ms,0.2162,
frame_ms,0.2397,
frame_ms,0.23,
frame_ms,0.2169,
frame_ms,0.2568,
frame_ms,0.2328,
tick_us,740.5,198
frame_ms,1.796,
frame_ms,0.297,
frame_ms,0.2342,
frame_ms,0.2357,
frame_ms,0.3113,
frame_ms,0.2958,
frame_ms,0.2461,
frame_ms,0.2248,
frame_ms,0.2282,
frame_ms,0.2141,
frame_ms,0.2125,
frame_ms,0.257,
frame_ms,0.221,
frame_ms,0.2139,
frame_ms,0.2507,
frame_ms,0.2931,
frame_ms,0.2493,
frame_ms,0.2252,
frame_ms,0.2173,
frame_ms,0.2161,
frame_ms,0.2454,
frame_ms,0.2323,
tick_us,782.6,200
frame_ms,1.777,
frame_ms,0.236,
frame_ms,0.2181,
frame_ms,0.2184,
frame_ms,0.2419,
frame_ms,0.2319,
frame_ms,0.2172,
frame_ms,0.2461,
frame_ms,0.2408,
frame_ms,0.2305,
frame_ms,0.2176,
frame_ms,0.2388,
frame_ms,0.2396,
frame_ms,0.2306,
frame_ms,0.2153,
frame_ms,0.2567,
frame_ms,0.2858,
frame_ms,0.2496,
frame_ms,0.2226,
frame_ms,0.2188,
frame_ms,0.2111,
frame_ms,0.2961,
frame_ms,0.2774,
tick_us,755.8,202
frame_ms,1.7631,
frame_ms,0.2347,
frame_ms,0.2161,
frame_ms,0.2835,
frame_ms,0.2756,
frame_ms,0.3565,
frame_ms,0.2336,
frame_ms,0.2199,
frame_ms,0.2226,
frame_ms,0.2273,
frame_ms,0.2353,
frame_ms,0.2127,
frame_ms,0.2186,
frame_ms,0.2142,
frame_ms,0.2606,
frame_ms,0.2905,
frame_ms,0.2525,
frame_ms,0.2338,
frame_ms,0.2162,
frame_ms,0.2144,
frame_ms,0.2453,
frame_ms,0.2188,
tick_us,772.4,196
frame_ms,1.7674,
frame_ms,0.2429,
frame_ms,0.2287,
frame_ms,0.2458,
frame_ms,0.23,
frame_ms,0.2148,
frame_ms,0.2371,
frame_ms,0.2236,
frame_ms,0.2744,
frame_ms,0.2379,
frame_ms,0.2197,
frame_ms,0.2753,
frame_ms,0.223,
frame_ms,0.2136,
frame_ms,0.2436,
frame_ms,0.2298,
frame_ms,0.2158,
frame_ms,0.2418,
frame_ms,0.2193,
frame_ms,0.2677,
frame_ms,0.2318,
frame_ms,0.2169,
frame_ms,0.2385,
tick_us,750.3,210
frame_ms,1.7463,
frame_ms,0.2361,
frame_ms,0.2153,
frame_ms,0.2177,
frame_ms,0.2701,
frame_ms,0.2268,
frame_ms,0.2147,
frame_ms,0.2361,
frame_ms,0.2163,
frame_ms,0.2679,
frame_ms,0.2248,
frame_ms,0.5212,
frame_ms,0.3967,
frame_ms,0.3837,
frame_ms,0.3364,
frame_ms,0.3261,
frame_ms,0.3192,
frame_ms,0.3216,
frame_ms,0.3609,
tick_us,751.4,210
frame_ms,1.862,
frame_ms,0.2769,
frame_ms,0.2245,
frame_ms,0.2245,
frame_ms,0.2281,
frame_ms,0.2313,
frame_ms,0.2416,
frame_ms,0.2112,
frame_ms,0.2544,
frame_ms,0.2161,
frame_ms,0.2214,
frame_ms,0.2132,
frame_ms,0.2484,
frame_ms,0.2731,
frame_ms,0.2314,
frame_ms,0.222,
frame_ms,0.2139,
frame_ms,0.2142,
frame_ms,0.2419,
frame_ms,0.229,
frame_ms,0.2203,
frame_ms,0.2528,
frame_ms,0.2203,
tick_us,788.6,210
frame_ms,1.7824,
frame_ms,0.2378,
frame_ms,0.2147,
frame_ms,0.2155,
frame_ms,0.2365,
frame_ms,0.2528,
frame_ms,0.2662,
frame_ms,0.2274,
frame_ms,0.2138,
frame_ms,0.2402,
frame_ms,0.2537,
frame_ms,0.2262,
frame_ms,0.2178,
frame_ms,0.215,
frame_ms,0.2424,
frame_ms,0.2261,
frame_ms,0.2144,
frame_ms,0.2118,
frame_ms,0.2416,
frame_ms,0.2263,
frame_ms,0.3189,
frame_ms,0.2496,
tick_us,790.3,222
frame_ms,1.7892,
frame_ms,0.2373,
frame_ms,0.2197,
frame_ms,0.2182,
frame_ms,0.2385,
frame_ms,0.2185,
frame_ms,0.2115,
frame_ms,0.2323,
frame_ms,0.2264,
frame_ms,0.2123,
frame_ms,0.2251,
frame_ms,0.2521,
frame_ms,0.2709,
frame_ms,0.2428,
frame_ms,0.2229,
frame_ms,0.2163,
frame_ms,0.2124,
frame_ms,0.2529,
frame_ms,0.2553,
frame_ms,0.2211,
frame_ms,0.2111,
frame_ms,0.2437,
frame_ms,0.2197,
frame_ms,0.2085,
tick_us,764.9,226
frame_ms,1.7668,
frame_ms,0.237,
frame_ms,0.2118,
frame_ms,0.2558,
frame_ms,0.2258,
frame_ms,0.2113,
frame_ms,0.2125,
frame_ms,0.2438,
frame_ms,0.2216,
frame_ms,0.2139,
frame_ms,0.2306,
frame_ms,0.218,
frame_ms,0.2561,
frame_ms,0.2497,
frame_ms,0.2161,
frame_ms,0.2095,
frame_ms,0.257,
frame_ms,0.2242,
frame_ms,0.2127,
frame_ms,0.2068,
frame_ms,0.2521,
frame_ms,0.2207,
frame_ms,0.2129,
frame_ms,0.2234,
tick_us,800.6,222
frame_ms,1.83,
frame_ms,0.2757,
frame_ms,0.2239,
frame_ms,0.2184,
frame_ms,0.2567,
frame_ms,0.2638,
frame_ms,0.2256,
frame_ms,0.2155,
frame_ms,0.2078,
frame_ms,0.2342,
frame_ms,0.2119,
frame_ms,0.2094,
frame_ms,0.238,
frame_ms,0.209,
frame_ms,0.27,
frame_ms,0.2238,
frame_ms,0.2125,
frame_ms,0.2366,
frame_ms,0.2105,
frame_ms,0.213,
frame_ms,0.2614,
frame_ms,0.2252,
frame_ms,0.2132,
tick_us,743.2,222
frame_ms,1.7391,
frame_ms,0.2314,
frame_ms,0.2171,
frame_ms,0.2105,
frame_ms,0.2143,
frame_ms,0.3129,
frame_ms,0.2344,
frame_ms,0.2188,
frame_ms,0.2451,
frame_ms,0.2223,
frame_ms,0.2118,
frame_ms,0.2439,
frame_ms,0.2176,
frame_ms,0.2098,
frame_ms,0.2555,
frame_ms,0.295,
frame_ms,0.4438,
frame_ms,0.2437,
frame_ms,0.2154,
frame_ms,0.2115,
frame_ms,0.2079,
frame_ms,0.2313,
frame_ms,0.2164,
tick_us,770.2,224
frame_ms,1.7344,
frame_ms,0.2377,
frame_ms,0.214,
frame_ms,0.2421,
frame_ms,0.4411,
frame_ms,0.3887,
frame_ms,0.3523,
frame_ms,0.3413,
frame_ms,0.339,
frame_ms,0.3494,
frame_ms,0.2884,
frame_ms,0.2661,
frame_ms,0.3437,
frame_ms,0.2423,
frame_ms,0.2355,
frame_ms,0.2402,
frame_ms,0.2785,
frame_ms,0.3293,
tick_us,776.6,240
frame_ms,1.8689,
frame_ms,0.2543,
frame_ms,0.2637,
frame_ms,0.4427,
frame_ms,0.2817,
frame_ms,0.227,
frame_ms,0.2381,
frame_ms,0.2259,
frame_ms,0.2141,
frame_ms,0.3844,
frame_ms,0.239,
frame_ms,0.2276,
frame_ms,0.225,
frame_ms,0.2192,
frame_ms,0.2175,
frame_ms,0.2208,
frame_ms,0.3312,
frame_ms,0.2495,
frame_ms,0.2329,
frame_ms,0.4159,
tick_us,775,248
frame_ms,1.8617,
frame_ms,0.2702,
frame_ms,0.2386,
frame_ms,0.2257,
frame_ms,0.2367,
frame_ms,0.5923,
frame_ms,0.7923,
frame_ms,0.3664,
frame_ms,0.3446,
frame_ms,0.2718,
frame_ms,0.2605,
frame_ms,0.236,
frame_ms,0.2249,
frame_ms,0.2232,
frame_ms,0.2151,
frame_ms,0.2183,
frame_ms,0.2634,
tick_us,790.1,240
frame_ms,1.8017,
frame_ms,0.2524,
frame_ms,0.2301,
frame_ms,0.2466,
frame_ms,0.224,
frame_ms,0.2532,
frame_ms,0.2269,
frame_ms,0.2172,
frame_ms,0.217,
frame_ms,0.2368,
frame_ms,0.3046,
frame_ms,0.2375,
frame_ms,0.2289,
frame_ms,0.2398,
frame_ms,0.4272,
frame_ms,0.2436,
frame_ms,0.2199,
frame_ms,0.2199,
frame_ms,0.2138,
frame_ms,0.26,
frame_ms,0.2152,
frame_ms,0.2239,
tick_us,778.6,242
frame_ms,1.8129,
frame_ms,0.2557,
frame_ms,0.2317,
frame_ms,0.221,
frame_ms,0.2194,
frame_ms,0.2427,
frame_ms,0.2355,
frame_ms,0.221,
frame_ms,0.2214,
frame_ms,0.2596,
frame_ms,0.2254,
frame_ms,0.2183,
frame_ms,0.2865,
frame_ms,0.2383,
frame_ms,0.218,
frame_ms,0.3077,
frame_ms,0.2372,
frame_ms,0.2167,
frame_ms,0.2785,
frame_ms,1.182,
tick_us,789.5,246
frame_ms,2.4503,
frame_ms,0.2805,
frame_ms,0.3064,
frame_ms,0.2258,
frame_ms,0.268,
frame_ms,0.2298,
frame_ms,0.2417,
frame_ms,0.2319,
frame_ms,0.2375,
frame_ms,0.283,
frame_ms,0.2369,
frame_ms,0.2295,
frame_ms,0.328,
frame_ms,0.2608,
frame_ms,0.2281,
frame_ms,0.2213,
frame_ms,0.2173,
frame_ms,0.2142,
tick_us,766.9,246
frame_ms,1.7855,
frame_ms,0.2613,
frame_ms,0.4152,
frame_ms,0.3637,
frame_ms,0.278,
frame_ms,0.2642,
frame_ms,0.2193,
frame_ms,0.265,
frame_ms,0.2662,
frame_ms,0.2389,
frame_ms,0.2309,
frame_ms,0.2388,
frame_ms,0.2176,
frame_ms,0.2513,
frame_ms,0.2461,
frame_ms,0.245,
frame_ms,0.2393,
frame_ms,0.2434,
frame_ms,0.2224,
frame_ms,0.2136,
frame_ms,0.2416,
tick_us,760.7,242
frame_ms,1.8349,
frame_ms,0.6115,
frame_ms,0.2861,
frame_ms,0.2406,
frame_ms,0.2753,
frame_ms,0.2357,
frame_ms,0.2273,
frame_ms,0.2284,
frame_ms,0.2225,
frame_ms,0.2371,
frame_ms,0.2522,
frame_ms,0.3402,
frame_ms,0.3283,
frame_ms,0.2586,
frame_ms,0.9501,
frame_ms,0.2529,
tick_us,777.4,242
frame_ms,1.9113,
frame_ms,0.3016,
frame_ms,0.4511,
frame_ms,0.3679,
frame_ms,0.3818,
frame_ms,0.3468,
frame_ms,0.261,
frame_ms,0.2378,
frame_ms,0.2418,
frame_ms,0.2476,
frame_ms,0.2942,
frame_ms,0.3307,
frame_ms,0.2984,
frame_ms,0.2272,
frame_ms,0.2201,
frame_ms,0.2583,
frame_ms,0.2443,
frame_ms,0.2593,
frame_ms,0.242,
tick_us,744.9,230
frame_ms,1.7526,
frame_ms,0.4386,
frame_ms,0.3585,
frame_ms,0.3865,
frame_ms,0.243,
frame_ms,0.3118,
frame_ms,0.4057,
frame_ms,0.3096,
frame_ms,0.5128,
frame_ms,0.267,
frame_ms,0.2282,
frame_ms,0.2234,
frame_ms,0.2224,
frame_ms,0.2155,
frame_ms,0.2194,
frame_ms,0.2903,
frame_ms,0.2604,
frame_ms,0.2445,
tick_us,784.1,228
frame_ms,1.7859,
frame_ms,0.2546,
frame_ms,0.2302,
frame_ms,0.227,
frame_ms,0.2399,
frame_ms,0.2304,
frame_ms,0.2246,
frame_ms,0.2279,
frame_ms,0.2765,
frame_ms,0.2339,
frame_ms,0.2236,
frame_ms,0.2163,
frame_ms,0.2367,
frame_ms,0.2587,
frame_ms,0.5107,
frame_ms,0.3498,
frame_ms,0.3751,
frame_ms,0.3008,
frame_ms,0.2883,
tick_us,777,222
frame_ms,1.9424,
frame_ms,0.3294,
frame_ms,0.2345,
frame_ms,0.2195,
frame_ms,0.2455,
frame_ms,0.2292,
frame_ms,0.2195,
frame_ms,0.2807,
frame_ms,0.2287,
frame_ms,0.2133,
frame_ms,0.2325,
frame_ms,0.2212,
frame_ms,0.2191,
frame_ms,0.2206,
frame_ms,0.2126,
frame_ms,0.2388,
frame_ms,0.2273,
frame_ms,1.0385,
frame_ms,0.5442,
tick_us,758.4,210
frame_ms,2.1408,
frame_ms,0.2911,
frame_ms,0.2438,
frame_ms,0.2326,
frame_ms,0.2226,
frame_ms,0.2291,
frame_ms,0.2252,
frame_ms,0.2522,
frame_ms,0.2335,
frame_ms,0.2211,
frame_ms,0.2175,
frame_ms,0.2677,
frame_ms,0.2206,
frame_ms,0.213,
frame_ms,0.2373,
frame_ms,0.2234,
frame_ms,0.2276,
frame_ms,0.2483,
frame_ms,0.2531,
frame_ms,0.2279,
frame_ms,0.2137,
tick_us,755.3,206
frame_ms,1.7367,
frame_ms,0.2509,
frame_ms,0.2274,
frame_ms,0.2198,
frame_ms,0.2201,
frame_ms,0.2155,
frame_ms,0.2406,
frame_ms,0.2337,
frame_ms,0.2172,
frame_ms,0.2396,
frame_ms,0.2227,
frame_ms,0.2156,
frame_ms,0.2604,
frame_ms,0.236,
frame_ms,0.2181,
frame_ms,0.244,
frame_ms,0.3171,
frame_ms,0.2448,
frame_ms,0.2278,
frame_ms,0.2284,
frame_ms,0.2944,
frame_ms,0.2995,
tick_us,837,208
frame_ms,1.8664,
frame_ms,0.2806,
frame_ms,2.0585,
frame_ms,0.3078,
frame_ms,0.2382,
frame_ms,0.2316,
frame_ms,0.2289,
frame_ms,0.229,
frame_ms,0.2874,
frame_ms,0.2362,
frame_ms,0.2689,
frame_ms,0.357,
frame_ms,0.2459,
frame_ms,0.2265,
tick_us,742.8,216
frame_ms,1.7783,
frame_ms,0.2518,
frame_ms,0.2268,
frame_ms,0.2327,
frame_ms,0.2211,
frame_ms,0.2368,
frame_ms,0.2426,
frame_ms,0.2217,
frame_ms,0.2301,
frame_ms,0.2228,
frame_ms,0.2808,
frame_ms,0.2366,
frame_ms,0.5604,
frame_ms,0.4734,
frame_ms,0.2724,
frame_ms,0.2629,
frame_ms,0.2464,
frame_ms,0.3221,
frame_ms,0.2608,
tick_us,773.4,222
frame_ms,1.9303,
frame_ms,0.3466,
frame_ms,0.2874,
frame_ms,0.2422,
frame_ms,0.3921,
frame_ms,0.37,
frame_ms,0.3645,
frame_ms,0.3537,
frame_ms,0.2668,
frame_ms,0.2367,
frame_ms,0.2282,
frame_ms,0.2259,
frame_ms,0.2218,
frame_ms,0.2289,
frame_ms,0.2255,
frame_ms,0.2615,
frame_ms,0.2577,
frame_ms,0.2898,
frame_ms,0.2965,
tick_us,802.3,222
frame_ms,1.8253,
frame_ms,0.2597,
frame_ms,0.2345,
frame_ms,0.2369,
frame_ms,0.2657,
frame_ms,0.2431,
frame_ms,0.2315,
frame_ms,0.2289,
frame_ms,0.2688,
frame_ms,0.2435,
frame_ms,0.2357,
frame_ms,0.2262,
frame_ms,0.2449,
frame_ms,0.2333,
frame_ms,0.2187,
frame_ms,0.264,
frame_ms,0.2288,
frame_ms,0.2169,
frame_ms,0.2583,
frame_ms,0.2419,
frame_ms,0.2216,
frame_ms,0.2243,
tick_us,751.4,226
frame_ms,1.7831,
frame_ms,0.2616,
frame_ms,0.2194,
frame_ms,0.2441,
frame_ms,0.2843,
frame_ms,0.2735,
frame_ms,0.2337,
frame_ms,0.2308,
frame_ms,0.2321,
frame_ms,0.7456,
frame_ms,0.6613,
frame_ms,0.426,
frame_ms,0.2708,
frame_ms,0.2252,
frame_ms,0.2282,
frame_ms,0.2244,
frame_ms,0.2135,
frame_ms,0.3673,
tick_us,851.1,232
frame_ms,2.0543,
frame_ms,0.2575,
frame_ms,0.2479,
frame_ms,0.224,
frame_ms,0.2613,
frame_ms,0.2543,
frame_ms,0.2374,
frame_ms,0.2394,
frame_ms,0.3595,
frame_ms,0.2387,
frame_ms,0.2494,
frame_ms,0.2403,
frame_ms,0.2493,
frame_ms,0.2228,
frame_ms,0.2185,
frame_ms,0.233,
frame_ms,0.2315,
frame_ms,0.2288,
frame_ms,0.2282,
frame_ms,0.2757,
frame_ms,0.2306,
tick_us,758.7,226
frame_ms,1.7456,
frame_ms,0.2404,
frame_ms,0.2248,
frame_ms,0.2552,
frame_ms,0.2563,
frame_ms,0.2293,
frame_ms,0.2198,
frame_ms,0.3,
frame_ms,0.4264,
frame_ms,0.2804,
frame_ms,0.2577,
frame_ms,0.2162,
frame_ms,0.2231,
frame_ms,0.3095,
frame_ms,0.3207,
frame_ms,0.3735,
frame_ms,0.3014,
frame_ms,0.2942,
frame_ms,0.2364,
frame_ms,0.2446,
tick_us,775.6,236
frame_ms,1.7747,
frame_ms,0.2443,
frame_ms,0.2605,
frame_ms,0.2607,
frame_ms,0.2478,
frame_ms,0.5399,
frame_ms,0.2498,
frame_ms,0.272,
frame_ms,0.2364,
frame_ms,0.2322,
frame_ms,0.2299,
frame_ms,0.2306,
frame_ms,0.2313,
frame_ms,0.2719,
frame_ms,0.5255,
frame_ms,0.3395,
frame_ms,0.3281,
frame_ms,0.2398,
frame_ms,0.2162,
tick_us,780.8,232
frame_ms,1.7826,
frame_ms,0.2977,
frame_ms,0.4193,
frame_ms,0.3731,
frame_ms,0.3186,
frame_ms,0.2489,
frame_ms,0.2243,
frame_ms,0.2245,
frame_ms,0.2275,
frame_ms,0.2172,
frame_ms,0.2785,
frame_ms,0.2439,
frame_ms,0.2361,
frame_ms,0.2274,
frame_ms,0.2764,
frame_ms,0.2418,
frame_ms,0.2505,
frame_ms,0.5061,
tick_us,892.5,230
frame_ms,2.1753,
frame_ms,0.2821,
frame_ms,0.2526,
frame_ms,0.3068,
frame_ms,0.2403,
frame_ms,0.227,
frame_ms,0.2257,
frame_ms,0.2972,
frame_ms,0.2585,
frame_ms,0.2482,
frame_ms,0.3679,
frame_ms,0.3583,
frame_ms,0.2881,
frame_ms,0.2389,
frame_ms,0.2162,
frame_ms,0.2285,
frame_ms,0.2194,
frame_ms,0.2188,
frame_ms,0.242,
frame_ms,0.2326,
tick_us,763.1,220
frame_ms,1.7488,
frame_ms,0.2647,
frame_ms,0.2253,
frame_ms,0.2187,
frame_ms,0.2209,
frame_ms,0.285,
frame_ms,0.2739,
frame_ms,0.2448,
frame_ms,0.2594,
frame_ms,0.2383,
frame_ms,0.2309,
frame_ms,0.2278,
frame_ms,0.2281,
frame_ms,0.2536,
frame_ms,0.261,
frame_ms,0.2341,
frame_ms,0.2684,
frame_ms,0.2466,
frame_ms,0.3802,
frame_ms,0.3559,
frame_ms,0.282,
tick_us,749.5,214
frame_ms,1.8834,
frame_ms,0.4052,
frame_ms,0.3034,
frame_ms,0.2523,
frame_ms,0.2335,
frame_ms,0.2279,
frame_ms,0.2613,
frame_ms,0.2791,
frame_ms,0.2341,
frame_ms,0.2304,
frame_ms,0.2257,
frame_ms,0.218,
frame_ms,0.2441,
frame_ms,0.2319,
frame_ms,0.219,
frame_ms,0.2756,
frame_ms,0.2753,
frame_ms,0.2564,
frame_ms,0.2285,
frame_ms,0.224,
frame_ms,0.2243,
frame_ms,0.2259,
tick_us,788.2,212
frame_ms,1.8005,
frame_ms,0.2473,
frame_ms,0.2231,
frame_ms,0.2445,
frame_ms,0.4037,
frame_ms,0.2764,
frame_ms,0.2524,
frame_ms,0.3208,
frame_ms,0.3454,
frame_ms,0.3071,
frame_ms,0.2487,
frame_ms,0.2186,
frame_ms,0.2354,
frame_ms,0.2276,
frame_ms,0.2316,
frame_ms,0.3998,
frame_ms,0.2613,
frame_ms,0.2244,
frame_ms,0.2214,
frame_ms,0.2187,
tick_us,777.6,212
frame_ms,1.8445,
frame_ms,0.2967,
frame_ms,0.2253,
frame_ms,0.231,
frame_ms,0.2229,
frame_ms,0.2405,
frame_ms,0.4584,
frame_ms,0.2395,
frame_ms,0.2207,
frame_ms,0.2237,
frame_ms,0.2288,
frame_ms,0.2513,
frame_ms,0.3607,
frame_ms,0.2321,
frame_ms,0.4374,
frame_ms,0.3553,
frame_ms,0.2404,
frame_ms,0.2639,
frame_ms,0.2561,
tick_us,753.9,210
frame_ms,1.7548,
frame_ms,0.3735,
frame_ms,0.4333,
frame_ms,0.3067,
frame_ms,0.2615,
frame_ms,0.2255,
frame_ms,0.2242,
frame_ms,0.226,
frame_ms,0.221,
frame_ms,0.2282,
frame_ms,0.2342,
frame_ms,0.2574,
frame_ms,0.2386,
frame_ms,0.221,
frame_ms,0.2241,
frame_ms,0.2612,
frame_ms,0.2268,
frame_ms,0.232,
frame_ms,0.2278,
frame_ms,0.2387,
frame_ms,0.2239,
frame_ms,0.2181,
tick_us,764.6,208
frame_ms,1.7765,
frame_ms,0.2725,
frame_ms,0.2292,
frame_ms,0.2466,
frame_ms,0.2375,
frame_ms,0.227,
frame_ms,0.2189,
frame_ms,0.2859,
frame_ms,0.24,
frame_ms,0.223,
frame_ms,0.2703,
frame_ms,0.3714,
frame_ms,0.372,
frame_ms,0.3495,
frame_ms,0.2995,
frame_ms,0.2383,
frame_ms,0.2213,
frame_ms,0.224,
frame_ms,0.2375,
frame_ms,0.2169,
tick_us,758.8,212
frame_ms,1.7569,
frame_ms,0.2521,
frame_ms,0.2224,
frame_ms,0.2792,
frame_ms,0.277,
frame_ms,0.238,
frame_ms,0.2335,
frame_ms,0.239,
frame_ms,0.2633,
frame_ms,0.2279,
frame_ms,0.2243,
frame_ms,0.2342,
frame_ms,0.2385,
frame_ms,0.242,
frame_ms,0.2672,
frame_ms,0.2614,
frame_ms,0.243,
frame_ms,0.2252,
frame_ms,0.2786,
frame_ms,0.2528,
frame_ms,0.2232,
frame_ms,0.2664,
tick_us,738.9,212
frame_ms,1.7456,
frame_ms,0.244,
frame_ms,0.2208,
frame_ms,0.2122,
frame_ms,0.2698,
frame_ms,0.2297,
frame_ms,0.2366,
frame_ms,0.2689,
frame_ms,0.2244,
frame_ms,0.2178,
frame_ms,0.2682,
frame_ms,0.2252,
frame_ms,0.2159,
frame_ms,0.2314,
frame_ms,0.2471,
frame_ms,0.2272,
frame_ms,0.2186,
frame_ms,0.2625,
frame_ms,0.2404,
frame_ms,0.2503,
frame_ms,1.4601,
tick_us,775.2,216
frame_ms,2.0202,
frame_ms,0.2944,
frame_ms,0.2402,
frame_ms,0.2405,
frame_ms,0.2264,
frame_ms,0.275,
frame_ms,0.2948,
frame_ms,0.2341,
frame_ms,0.2237,
frame_ms,0.2204,
frame_ms,0.2184,
frame_ms,0.264,
frame_ms,0.2304,
frame_ms,0.268,
frame_ms,0.2725,
frame_ms,0.2381,
frame_ms,0.2295,
frame_ms,0.2391,
tick_us,929.4,224
frame_ms,1.9969,
frame_ms,0.3119,
frame_ms,0.245,
frame_ms,0.2338,
frame_ms,0.2271,
frame_ms,0.2177,
frame_ms,0.2273,
frame_ms,0.2182,
frame_ms,0.279,
frame_ms,0.2697,
frame_ms,0.2299,
frame_ms,0.2197,
frame_ms,0.2249,
frame_ms,0.2341,
frame_ms,0.2141,
frame_ms,0.2712,
frame_ms,0.2293,
frame_ms,0.2101,
frame_ms,0.2769,
frame_ms,0.2905,
frame_ms,0.2355,
frame_ms,0.2201,
tick_us,774.6,218
frame_ms,1.8252,
frame_ms,0.2725,
frame_ms,0.2335,
frame_ms,0.2283,
frame_ms,0.2252,
frame_ms,0.2189,
frame_ms,0.2803,
frame_ms,0.2808,
frame_ms,0.2293,
frame_ms,0.243,
frame_ms,0.2271,
frame_ms,0.2187,
frame_ms,0.2435,
frame_ms,0.2279,
frame_ms,0.211,
frame_ms,0.2566,
frame_ms,0.2228,
frame_ms,0.2128,
frame_ms,0.2931,
frame_ms,0.2403,
frame_ms,0.2179,
frame_ms,0.211,
tick_us,766.8,216
frame_ms,1.749,
frame_ms,0.2363,
frame_ms,0.2109,
frame_ms,0.2397,
frame_ms,0.228,
frame_ms,0.2124,
frame_ms,0.2603,
frame_ms,0.2467,
frame_ms,0.2357,
frame_ms,0.2365,
frame_ms,0.2457,
frame_ms,0.2242,
frame_ms,0.2195,
frame_ms,0.221,
frame_ms,0.2513,
frame_ms,0.2275,
frame_ms,0.2158,
frame_ms,0.2584,
frame_ms,0.2291,
frame_ms,0.2141,
frame_ms,0.2524,
frame_ms,0.2303,
frame_ms,0.2624,
tick_us,899.5,218
frame_ms,2.1367,
frame_ms,0.2978,
frame_ms,0.2682,
frame_ms,0.4049,
frame_ms,0.4474,
frame_ms,0.4323,
frame_ms,0.3919,
frame_ms,0.3712,
frame_ms,0.3664,
frame_ms,0.3396,
frame_ms,0.3454,
frame_ms,0.3379,
frame_ms,0.3387,
frame_ms,0.3827,
tick_us,791.4,214
frame_ms,2.0029,
frame_ms,0.299,
frame_ms,2.2434,
frame_ms,0.2978,
frame_ms,0.2445,
frame_ms,0.2304,
frame_ms,0.2246,
frame_ms,0.2141,
frame_ms,0.2123,
frame_ms,0.243,
frame_ms,0.2424,
frame_ms,0.2156,
frame_ms,0.2558,
frame_ms,0.2254,
tick_us,824.6,216
frame_ms,1.8187,
frame_ms,0.247,
frame_ms,0.2172,
frame_ms,0.273,
frame_ms,0.2249,
frame_ms,0.2148,
frame_ms,0.2135,
frame_ms,0.2421,
frame_ms,0.2396,
frame_ms,0.2226,
frame_ms,0.4529,
frame_ms,0.3913,
frame_ms,0.2806,
frame_ms,0.2337,
frame_ms,0.2334,
frame_ms,0.2326,
frame_ms,0.2244,
frame_ms,0.2429,
frame_ms,0.2187,
frame_ms,0.2309,
frame_ms,0.2585,
tick_us,799.8,210
frame_ms,2.0379,
frame_ms,0.3121,
frame_ms,0.2519,
frame_ms,0.2496,
frame_ms,0.2269,
frame_ms,0.2187,
frame_ms,0.2234,
frame_ms,0.2444,
frame_ms,0.2251,
frame_ms,0.2127,
frame_ms,0.2175,
frame_ms,0.3363,
frame_ms,0.3165,
frame_ms,0.2643,
frame_ms,0.2215,
frame_ms,0.2244,
frame_ms,0.2193,
frame_ms,0.2155,
frame_ms,0.2292,
frame_ms,0.2225,
frame_ms,0.2484,
tick_us,762.9,210
frame_ms,1.7698,
frame_ms,0.2447,
frame_ms,0.225,
frame_ms,0.2316,
frame_ms,0.2171,
frame_ms,0.2159,
frame_ms,0.2445,
frame_ms,0.231,
frame_ms,0.2178,
frame_ms,0.211,
frame_ms,0.2426,
frame_ms,0.2277,
frame_ms,0.2178,
frame_ms,0.2131,
frame_ms,0.2447,
frame_ms,0.2225,
frame_ms,0.2158,
frame_ms,0.4219,
frame_ms,0.2336,
frame_ms,0.2335,
frame_ms,0.2194,
frame_ms,0.2116,
frame_ms,0.2165,
tick_us,845.6,206
frame_ms,1.902,
frame_ms,0.2672,
frame_ms,0.2252,
frame_ms,0.235,
frame_ms,0.216,
frame_ms,0.2371,
frame_ms,0.2416,
frame_ms,0.2581,
frame_ms,0.2213,
frame_ms,0.2528,
frame_ms,0.2194,
frame_ms,0.2136,
frame_ms,0.2142,
frame_ms,0.2338,
frame_ms,0.2312,
frame_ms,0.2239,
frame_ms,0.2137,
frame_ms,0.2657,
frame_ms,0.2257,
frame_ms,0.2173,
frame_ms,0.2285,
frame_ms,0.2383,
frame_ms,0.2145,
tick_us,755.7,214
frame_ms,1.7188,
frame_ms,0.2454,
frame_ms,0.2232,
frame_ms,0.2448,
frame_ms,0.2308,
frame_ms,0.2198,
frame_ms,0.2581,
frame_ms,0.2234,
frame_ms,0.2143,
frame_ms,0.2589,
frame_ms,0.3009,
frame_ms,0.2418,
frame_ms,0.2324,
frame_ms,0.2298,
frame_ms,0.2259,
frame_ms,0.231,
frame_ms,0.2689,
frame_ms,0.2357,
frame_ms,0.2201,
frame_ms,0.2153,
frame_ms,0.2364,
tick_us,784.6,212
frame_ms,2.5155,
frame_ms,0.2907,
frame_ms,0.2467,
frame_ms,0.2425,
frame_ms,0.2355,
frame_ms,0.2328,
frame_ms,0.3095,
frame_ms,0.3128,
frame_ms,0.228,
frame_ms,0.2222,
frame_ms,0.2179,
frame_ms,0.2149,
frame_ms,0.2087,
frame_ms,0.2605,
frame_ms,0.2734,
frame_ms,0.2404,
frame_ms,0.2296,
frame_ms,0.2305,
frame_ms,0.2211,
frame_ms,0.2227,
frame_ms,0.2556,
tick_us,777,198
frame_ms,1.7786,
frame_ms,0.289,
frame_ms,0.2207,
frame_ms,0.2475,
frame_ms,0.3649,
frame_ms,0.2441,
frame_ms,0.232,
frame_ms,0.2337,
frame_ms,0.3462,
frame_ms,0.2605,
frame_ms,0.4174,
frame_ms,0.3134,
frame_ms,0.2578,
frame_ms,0.222,
frame_ms,0.2271,
frame_ms,0.2532,
frame_ms,0.2247,
frame_ms,0.3036,
frame_ms,0.26,
frame_ms,0.2438,
tick_us,806.6,198
frame_ms,1.8594,
frame_ms,0.2671,
frame_ms,0.2252,
frame_ms,0.5437,
frame_ms,0.2671,
frame_ms,0.2236,
frame_ms,0.2268,
frame_ms,0.2202,
frame_ms,0.3108,
frame_ms,0.2543,
frame_ms,0.3147,
frame_ms,0.43,
frame_ms,0.3807,
frame_ms,0.3409,
frame_ms,0.3438,
frame_ms,0.3503,
frame_ms,0.3448,
tick_us,737,192
frame_ms,1.7703,
frame_ms,0.2518,
frame_ms,0.2813,
frame_ms,0.2527,
frame_ms,0.2368,
frame_ms,0.2964,
frame_ms,0.2984,
frame_ms,0.256,
frame_ms,0.3226,
frame_ms,0.3814,
frame_ms,0.3464,
frame_ms,0.3453,
frame_ms,0.3392,
frame_ms,0.337,
frame_ms,0.3849,
frame_ms,0.2812,
frame_ms,0.3095,
frame_ms,0.2245,
tick_us,765,202
frame_ms,1.957,
frame_ms,0.3545,
frame_ms,0.3423,
frame_ms,0.3309,
frame_ms,0.2655,
frame_ms,0.2351,
frame_ms,0.3317,
frame_ms,0.4174,
frame_ms,0.3017,
frame_ms,0.2396,
frame_ms,0.2181,
frame_ms,0.225,
frame_ms,0.2709,
frame_ms,0.2395,
frame_ms,0.2193,
frame_ms,0.3975,
frame_ms,0.2974,
frame_ms,0.2249,
frame_ms,0.219,
tick_us,796.6,208
frame_ms,1.8031,
frame_ms,0.2837,
frame_ms,0.242,
frame_ms,0.2354,
frame_ms,0.2686,
frame_ms,0.2337,
frame_ms,0.2967,
frame_ms,0.2609,
frame_ms,0.2725,
frame_ms,0.2366,
frame_ms,0.254,
frame_ms,0.2672,
frame_ms,0.2402,
frame_ms,0.2256,
frame_ms,0.2229,
frame_ms,0.2191,
frame_ms,0.265,
frame_ms,0.2222,
frame_ms,0.222,
frame_ms,0.3253,
frame_ms,0.268,
tick_us,768.6,208
frame_ms,1.786,
frame_ms,0.2809,
frame_ms,0.2355,
frame_ms,0.2394,
frame_ms,0.255,
frame_ms,0.2285,
frame_ms,0.2284,
frame_ms,0.2222,
frame_ms,0.2557,
frame_ms,0.2248,
frame_ms,0.2206,
frame_ms,0.2241,
frame_ms,0.218,
frame_ms,0.2413,
frame_ms,0.2423,
frame_ms,0.2288,
frame_ms,0.3369,
frame_ms,1.1954,
tick_us,904.5,214
frame_ms,2.5482,
frame_ms,0.2909,
frame_ms,0.2314,
frame_ms,0.2347,
frame_ms,0.2636,
frame_ms,0.2288,
frame_ms,0.233,
frame_ms,0.2731,
frame_ms,0.2364,
frame_ms,0.2288,
frame_ms,0.2161,
frame_ms,0.2153,
frame_ms,0.2832,
frame_ms,0.232,
frame_ms,0.241,
frame_ms,0.2216,
frame_ms,0.222,
frame_ms,0.2469,
frame_ms,0.2762,
tick_us,735,208
frame_ms,1.8016,
frame_ms,0.2711,
frame_ms,0.2201,
frame_ms,0.2352,
frame_ms,0.2215,
frame_ms,0.245,
frame_ms,0.4052,
frame_ms,0.3534,
frame_ms,0.3452,
frame_ms,0.3517,
frame_ms,0.283,
frame_ms,0.2464,
frame_ms,0.2326,
frame_ms,0.2311,
frame_ms,0.3288,
frame_ms,0.3281,
frame_ms,0.3063,
frame_ms,0.2283,
frame_ms,0.2298,
frame_ms,0.2328,
tick_us,809,202
frame_ms,1.972,
frame_ms,0.3964,
frame_ms,0.2785,
frame_ms,0.2422,
frame_ms,0.2343,
frame_ms,0.2298,
frame_ms,0.2249,
frame_ms,0.2314,
frame_ms,0.2229,
frame_ms,0.2971,
frame_ms,0.2462,
frame_ms,0.2259,
frame_ms,0.2477,
frame_ms,0.2472,
frame_ms,0.2405,
frame_ms,0.5418,
frame_ms,0.3747,
frame_ms,0.2759,
frame_ms,0.2336,
tick_us,767.7,204
frame_ms,1.7654,
frame_ms,0.2485,
frame_ms,0.223,
frame_ms,0.2506,
frame_ms,0.2174,
frame_ms,0.249,
frame_ms,0.225,
frame_ms,0.2297,
frame_ms,0.3183,
frame_ms,0.2634,
frame_ms,0.2495,
frame_ms,0.2886,
frame_ms,0.3003,
frame_ms,0.2224,
frame_ms,0.2252,
frame_ms,0.2232,
frame_ms,0.2155,
frame_ms,0.4319,
frame_ms,0.3493,
frame_ms,0.3544,
tick_us,749.9,210
frame_ms,1.8034,
frame_ms,0.248,
frame_ms,0.2275,
frame_ms,0.2278,
frame_ms,0.3855,
frame_ms,0.3784,
frame_ms,0.3489,
frame_ms,0.3501,
frame_ms,0.3349,
frame_ms,0.2683,
frame_ms,0.4245,
frame_ms,0.2844,
frame_ms,0.2431,
frame_ms,0.2409,
frame_ms,0.2259,
frame_ms,0.2205,
frame_ms,0.2228,
frame_ms,0.2298,
frame_ms,0.2429,
tick_us,762.7,210
frame_ms,1.7869,
frame_ms,0.2579,
frame_ms,0.2244,
frame_ms,0.2446,
frame_ms,0.2283,
frame_ms,0.2232,
frame_ms,0.2407,
frame_ms,0.2777,
frame_ms,0.2302,
frame_ms,0.2165,
frame_ms,0.2143,
frame_ms,0.2349,
frame_ms,0.2354,
frame_ms,0.2461,
frame_ms,0.2166,
frame_ms,0.2466,
frame_ms,0.2628,
frame_ms,0.259,
frame_ms,0.2359,
frame_ms,0.2313,
frame_ms,0.2181,
frame_ms,0.2763,
frame_ms,0.2365,
tick_us,747.8,212
frame_ms,1.7364,
frame_ms,0.2445,
frame_ms,0.2438,
frame_ms,0.2231,
frame_ms,0.3743,
frame_ms,0.2469,
frame_ms,0.2793,
frame_ms,0.2929,
frame_ms,0.2287,
frame_ms,0.223,
frame_ms,0.2212,
frame_ms,0.2141,
frame_ms,0.6004,
frame_ms,0.5658,
frame_ms,0.3127,
frame_ms,0.2362,
frame_ms,0.2179,
frame_ms,0.2288,
frame_ms,0.2257,
tick_us,752.2,216
frame_ms,1.7236,
frame_ms,0.239,
frame_ms,0.2133,
frame_ms,0.2474,
frame_ms,0.2267,
frame_ms,0.219,
frame_ms,0.2172,
frame_ms,0.2468,
frame_ms,0.226,
frame_ms,0.2153,
frame_ms,0.2318,
frame_ms,0.2197,
frame_ms,0.2694,
frame_ms,0.2683,
frame_ms,0.2347,
frame_ms,0.2311,
frame_ms,0.2173,
frame_ms,0.2307,
frame_ms,0.2401,
frame_ms,0.2233,
frame_ms,0.216,
frame_ms,0.2256,
frame_ms,0.2432,
tick_us,741.2,212
frame_ms,1.7129,
frame_ms,0.2356,
frame_ms,0.2141,
frame_ms,0.2682,
frame_ms,0.2312,
frame_ms,0.2144,
frame_ms,0.2155,
frame_ms,0.2488,
frame_ms,0.2828,
frame_ms,0.2979,
frame_ms,0.2267,
frame_ms,0.2253,
frame_ms,0.2226,
frame_ms,0.2174,
frame_ms,0.2147,
frame_ms,0.2565,
frame_ms,0.2189,
frame_ms,0.2155,
frame_ms,0.2326,
frame_ms,0.4629,
frame_ms,0.4465,
tick_us,753.1,206
frame_ms,1.8554,
frame_ms,0.265,
frame_ms,0.2257,
frame_ms,0.2198,
frame_ms,0.2664,
frame_ms,0.2165,
frame_ms,0.2191,
frame_ms,0.2357,
frame_ms,0.2318,
frame_ms,0.276,
frame_ms,0.2381,
frame_ms,0.2203,
frame_ms,0.2181,
frame_ms,0.2346,
frame_ms,0.2279,
frame_ms,0.2104,
frame_ms,0.3024,
frame_ms,0.2743,
frame_ms,0.2328,
frame_ms,0.2262,
frame_ms,0.2244,
frame_ms,0.2247,
frame_ms,0.2189,
tick_us,899.3,200
frame_ms,1.8919,
frame_ms,0.3059,
frame_ms,0.2347,
frame_ms,0.2325,
frame_ms,0.2177,
frame_ms,0.2107,
frame_ms,0.2137,
frame_ms,0.2614,
frame_ms,0.2262,
frame_ms,0.2143,
frame_ms,0.2253,
frame_ms,0.2347,
frame_ms,0.2178,
frame_ms,0.2382,
frame_ms,0.2332,
frame_ms,0.242,
frame_ms,0.2104,
frame_ms,0.2092,
frame_ms,0.2453,
frame_ms,0.2188,
frame_ms,0.2123,
frame_ms,0.2422,
frame_ms,0.2171,
tick_us,772.3,208
frame_ms,1.9074,
frame_ms,0.3063,
frame_ms,0.2656,
frame_ms,0.3167,
frame_ms,0.2621,
frame_ms,0.2211,
frame_ms,0.2207,
frame_ms,0.2133,
frame_ms,0.2123,
frame_ms,0.2653,
frame_ms,0.2264,
frame_ms,0.2146,
frame_ms,0.2289,
frame_ms,0.2258,
frame_ms,0.2189,
frame_ms,0.2156,
frame_ms,0.2293,
frame_ms,0.2225,
frame_ms,0.2928,
frame_ms,0.235,
frame_ms,0.2199,
frame_ms,0.2077,
tick_us,752.1,204
frame_ms,1.7615,
frame_ms,0.2451,
frame_ms,0.2136,
frame_ms,0.2335,
frame_ms,0.2119,
frame_ms,0.2633,
frame_ms,0.2256,
frame_ms,0.2189,
frame_ms,0.2434,
frame_ms,0.2128,
frame_ms,0.2688,
frame_ms,0.2251,
frame_ms,0.2151,
frame_ms,0.2084,
frame_ms,0.2527,
frame_ms,0.2161,
frame_ms,0.2081,
frame_ms,0.2508,
frame_ms,0.2248,
frame_ms,0.2122,
frame_ms,0.239,
frame_ms,0.2123,
frame_ms,0.2525,
frame_ms,0.2226,
tick_us,743.2,204
frame_ms,1.7049,
frame_ms,0.2334,
frame_ms,0.211,
frame_ms,0.3341,
frame_ms,0.2943,
frame_ms,0.2803,
frame_ms,0.2401,
frame_ms,0.2304,
frame_ms,0.2275,
frame_ms,0.2226,
frame_ms,0.2348,
frame_ms,0.2244,
frame_ms,0.2933,
frame_ms,0.2304,
frame_ms,0.2216,
frame_ms,0.2162,
frame_ms,0.2131,
frame_ms,0.2468,
frame_ms,0.2597,
frame_ms,0.2278,
frame_ms,0.2161,
frame_ms,0.2101,
tick_us,736.2,200
frame_ms,1.7324,
frame_ms,0.2436,
frame_ms,0.2172,
frame_ms,0.249,
frame_ms,0.2521,
frame_ms,0.3536,
frame_ms,0.2454,
frame_ms,0.2182,
frame_ms,0.2157,
frame_ms,0.2078,
frame_ms,0.2691,
frame_ms,0.2669,
frame_ms,0.228,
frame_ms,0.2124,
frame_ms,0.2111,
frame_ms,0.2256,
frame_ms,0.2335,
frame_ms,0.2555,
frame_ms,0.2258,
frame_ms,0.2149,
frame_ms,0.2601,
frame_ms,0.2272,
frame_ms,0.2087,
tick_us,742,196
frame_ms,1.7474,
frame_ms,0.2462,
frame_ms,0.2158,
frame_ms,0.2147,
frame_ms,0.2405,
frame_ms,0.219,
frame_ms,0.2091,
frame_ms,0.2403,
frame_ms,0.2674,
frame_ms,0.2542,
frame_ms,0.2248,
frame_ms,0.2477,
frame_ms,0.2618,
frame_ms,0.2332,
frame_ms,0.2155,
frame_ms,0.2629,
frame_ms,0.2264,
frame_ms,0.2212,
frame_ms,0.2119,
frame_ms,0.2595,
frame_ms,0.2246,
frame_ms,0.2113,
frame_ms,0.2084,
frame_ms,0.2484,
tick_us,725.5,192
frame_ms,1.6942,
frame_ms,0.2502,
frame_ms,0.2127,
frame_ms,0.2284,
frame_ms,0.2148,
frame_ms,0.2764,
frame_ms,0.2266,
frame_ms,0.2158,
frame_ms,0.2303,
frame_ms,0.2166,
frame_ms,0.2589,
frame_ms,0.2248,
frame_ms,0.2141,
frame_ms,0.2337,
frame_ms,0.2162,
frame_ms,0.2711,
frame_ms,0.2265,
frame_ms,0.2131,
frame_ms,0.2388,
frame_ms,0.2108,
frame_ms,0.2072,
frame_ms,0.2564,
frame_ms,0.22,
frame_ms,0.2084,
tick_us,729.3,194
frame_ms,1.7564,
frame_ms,0.2447,
frame_ms,0.2187,
frame_ms,0.2225,
frame_ms,0.251,
frame_ms,0.2207,
frame_ms,0.218,
frame_ms,0.2296,
frame_ms,0.2416,
frame_ms,0.2148,
frame_ms,0.2127,
frame_ms,0.2276,
frame_ms,0.2376,
frame_ms,0.2124,
frame_ms,0.2069,
frame_ms,0.2305,
frame_ms,0.3008,
frame_ms,0.2639,
frame_ms,0.251,
frame_ms,0.2486,
frame_ms,0.2398,
frame_ms,0.2404,
frame_ms,0.2334,
tick_us,738.9,186
frame_ms,1.7535,
frame_ms,0.249,
frame_ms,0.2167,
frame_ms,0.2134,
frame_ms,0.248,
frame_ms,0.2669,
frame_ms,0.2335,
frame_ms,0.2353,
frame_ms,0.2436,
frame_ms,0.2601,
frame_ms,0.2579,
frame_ms,0.2309,
frame_ms,0.2163,
frame_ms,0.2132,
frame_ms,0.2291,
frame_ms,0.2278,
frame_ms,0.2115,
frame_ms,0.234,
frame_ms,0.2091,
frame_ms,0.2605,
frame_ms,0.2283,
frame_ms,0.2111,
frame_ms,0.2282,
tick_us,746.4,188
frame_ms,1.7286,
frame_ms,0.2396,
frame_ms,0.2105,
frame_ms,0.253,
frame_ms,0.222,
frame_ms,0.2132,
frame_ms,0.2447,
frame_ms,0.2096,
frame_ms,0.2032,
frame_ms,0.2553,
frame_ms,0.2239,
frame_ms,0.2127,
frame_ms,0.2324,
frame_ms,0.2129,
frame_ms,0.2058,
frame_ms,0.2531,
frame_ms,0.2222,
frame_ms,0.2083,
frame_ms,0.2403,
frame_ms,0.2084,
frame_ms,0.2015,
frame_ms,0.2591,
frame_ms,0.2233,
frame_ms,0.21,
tick_us,754.5,190
frame_ms,1.7481,
frame_ms,0.2362,
frame_ms,0.2149,
frame_ms,0.2268,
frame_ms,0.2168,
frame_ms,0.2045,
frame_ms,0.253,
frame_ms,0.2199,
frame_ms,0.2135,
frame_ms,0.2412,
frame_ms,0.2245,
frame_ms,0.2162,
frame_ms,0.2062,
frame_ms,0.2465,
frame_ms,0.2202,
frame_ms,0.2058,
frame_ms,0.2344,
frame_ms,0.2206,
frame_ms,0.2119,
frame_ms,0.2269,
frame_ms,0.2603,
frame_ms,0.2228,
frame_ms,0.2063,
frame_ms,0.2069,
tick_us,746.8,194
frame_ms,1.763,
frame_ms,0.2539,
frame_ms,0.2235,
frame_ms,0.2393,
frame_ms,0.2095,
frame_ms,0.2101,
frame_ms,0.249,
frame_ms,0.2167,
frame_ms,0.2126,
frame_ms,0.2485,
frame_ms,0.2764,
frame_ms,0.2186,
frame_ms,0.2059,
frame_ms,0.2088,
frame_ms,0.2633,
frame_ms,0.2248,
frame_ms,0.2104,
frame_ms,0.2432,
frame_ms,0.2148,
frame_ms,0.2041,
frame_ms,0.2417,
frame_ms,0.2168,
frame_ms,0.205,
frame_ms,0.2374,
tick_us,737.9,194
frame_ms,1.9238,
frame_ms,0.7459,
frame_ms,0.2332,
frame_ms,0.2272,
frame_ms,0.2164,
frame_ms,0.2142,
frame_ms,0.2106,
frame_ms,0.2564,
frame_ms,0.2332,
frame_ms,0.21,
frame_ms,0.2568,
frame_ms,0.2326,
frame_ms,0.2156,
frame_ms,0.2536,
frame_ms,0.221,
frame_ms,0.2052,
frame_ms,0.2479,
frame_ms,0.2194,
frame_ms,0.2053,
frame_ms,0.2386,
frame_ms,0.2185,
tick_us,756.4,196
frame_ms,1.7405,
frame_ms,0.2772,
frame_ms,0.2172,
frame_ms,0.2436,
frame_ms,0.2162,
frame_ms,0.2175,
frame_ms,0.266,
frame_ms,0.231,
frame_ms,0.2168,
frame_ms,0.2536,
frame_ms,0.2276,
frame_ms,0.2172,
frame_ms,0.2557,
frame_ms,0.2318,
frame_ms,0.2183,
frame_ms,0.2529,
frame_ms,0.2319,
frame_ms,0.2148,
frame_ms,0.2687,
frame_ms,0.2294,
frame_ms,0.213,
frame_ms,0.2717,
frame_ms,0.2345,
tick_us,755.9,200
frame_ms,1.7265,
frame_ms,0.25,
frame_ms,0.2156,
frame_ms,0.2728,
frame_ms,0.2315,
frame_ms,0.2174,
frame_ms,0.2571,
frame_ms,0.2587,
frame_ms,0.4296,
frame_ms,0.3421,
frame_ms,0.2419,
frame_ms,0.2113,
frame_ms,0.2094,
frame_ms,0.2136,
frame_ms,0.2611,
frame_ms,0.2331,
frame_ms,0.2149,
frame_ms,0.2567,
frame_ms,0.2315,
frame_ms,0.2162,
frame_ms,0.2452,
frame_ms,0.2292,
tick_us,736.6,202
frame_ms,1.7045,
frame_ms,0.2383,
frame_ms,0.21,
frame_ms,0.2591,
frame_ms,0.2322,
frame_ms,0.2187,
frame_ms,0.2675,
frame_ms,0.2356,
frame_ms,0.214,
frame_ms,0.2635,
frame_ms,0.2305,
frame_ms,0.2118,
frame_ms,0.2614,
frame_ms,0.2556,
frame_ms,0.2253,
frame_ms,0.2131,
frame_ms,0.2119,
frame_ms,0.2553,
frame_ms,0.2375,
frame_ms,0.2095,
frame_ms,0.263,
frame_ms,0.2306,
frame_ms,0.2088,
tick_us,747.9,196
frame_ms,1.7638,
frame_ms,0.2648,
frame_ms,0.2205,
frame_ms,0.2498,
frame_ms,0.2103,
frame_ms,0.2389,
frame_ms,0.236,
frame_ms,0.2143,
frame_ms,0.2495,
frame_ms,0.2345,
frame_ms,0.212,
frame_ms,0.2559,
frame_ms,0.2295,
frame_ms,0.2148,
frame_ms,0.2585,
frame_ms,0.2303,
frame_ms,0.2173,
frame_ms,0.4794,
frame_ms,0.3345,
frame_ms,0.2842,
frame_ms,0.2194,
frame_ms,0.2221,
tick_us,734.9,198
frame_ms,1.7122,
frame_ms,0.2375,
frame_ms,0.213,
frame_ms,0.2375,
frame_ms,0.2129,
frame_ms,0.205,
frame_ms,0.2597,
frame_ms,0.2394,
frame_ms,0.2231,
frame_ms,0.22,
frame_ms,0.2358,
frame_ms,0.2365,
frame_ms,0.2137,
frame_ms,0.2356,
frame_ms,0.2148,
frame_ms,0.2026,
frame_ms,0.2645,
frame_ms,0.2312,
frame_ms,0.2095,
frame_ms,0.2725,
frame_ms,0.2318,
frame_ms,0.2126,
frame_ms,0.2691,
frame_ms,0.2319,
tick_us,736.1,206
frame_ms,1.7159,
frame_ms,0.2366,
frame_ms,0.2114,
frame_ms,0.2143,
frame_ms,0.2432,
frame_ms,0.2303,
frame_ms,0.2115,
frame_ms,0.268,
frame_ms,0.2322,
frame_ms,0.2112,
frame_ms,0.2676,
frame_ms,0.233,
frame_ms,0.2126,
frame_ms,0.2787,
frame_ms,0.2793,
frame_ms,0.2426,
frame_ms,0.2275,
frame_ms,0.2223,
frame_ms,0.2174,
frame_ms,0.249,
frame_ms,0.2747,
frame_ms,0.2269,
frame_ms,0.2153,
tick_us,730.7,202
frame_ms,1.7513,
frame_ms,0.2705,
frame_ms,0.2198,
frame_ms,0.2437,
frame_ms,0.2331,
frame_ms,0.2149,
frame_ms,0.2445,
frame_ms,0.2178,
frame_ms,0.2155,
frame_ms,0.2343,
frame_ms,0.2126,
frame_ms,0.2202,
frame_ms,0.2337,
frame_ms,0.2105,
frame_ms,0.2119,
frame_ms,0.262,
frame_ms,0.2295,
frame_ms,0.2106,
frame_ms,0.2619,
frame_ms,0.2318,
frame_ms,0.2222,
frame_ms,0.229,
frame_ms,0.2303,
tick_us,727,200
frame_ms,1.7638,
frame_ms,0.2439,
frame_ms,0.2149,
frame_ms,0.2358,
frame_ms,0.2136,
frame_ms,0.2297,
frame_ms,0.2234,
frame_ms,0.2751,
frame_ms,0.2405,
frame_ms,0.2149,
frame_ms,0.2068,
frame_ms,0.2624,
frame_ms,0.2204,
frame_ms,0.2066,
frame_ms,0.2349,
frame_ms,0.2187,
frame_ms,0.206,
frame_ms,0.251,
frame_ms,0.2166,
frame_ms,0.2041,
frame_ms,0.2515,
frame_ms,0.219,
frame_ms,0.208,
frame_ms,0.2267,
tick_us,723.9,212
frame_ms,1.6825,
frame_ms,0.2262,
frame_ms,0.2114,
frame_ms,0.2265,
frame_ms,0.3113,
frame_ms,0.2476,
frame_ms,0.2303,
frame_ms,0.2469,
frame_ms,0.2221,
frame_ms,0.2195,
frame_ms,0.2321,
frame_ms,0.2266,
frame_ms,0.2392,
frame_ms,0.2374,
frame_ms,0.2262,
frame_ms,0.2108,
frame_ms,0.2475,
frame_ms,0.2687,
frame_ms,0.232,
frame_ms,0.2153,
frame_ms,0.2108,
frame_ms,0.2533,
frame_ms,0.2159,
frame_ms,0.2043,
tick_us,746.1,214
frame_ms,1.7606,
frame_ms,0.2725,
frame_ms,0.23,
frame_ms,0.2226,
frame_ms,0.2179,
frame_ms,0.2443,
frame_ms,0.2558,
frame_ms,0.2278,
frame_ms,0.2131,
frame_ms,0.2098,
frame_ms,0.2682,
frame_ms,0.2709,
frame_ms,0.2334,
frame_ms,0.2268,
frame_ms,0.2149,
frame_ms,0.2118,
frame_ms,0.2626,
frame_ms,0.2521,
frame_ms,0.2211,
frame_ms,0.2166,
frame_ms,0.2278,
frame_ms,0.2605,
frame_ms,0.2203,
tick_us,771.3,216
frame_ms,1.7419,
frame_ms,0.2333,
frame_ms,0.2121,
frame_ms,0.2495,
frame_ms,0.2178,
frame_ms,0.2143,
frame_ms,0.2276,
frame_ms,0.2266,
frame_ms,0.2307,
frame_ms,0.2228,
frame_ms,0.3189,
frame_ms,0.2916,
frame_ms,0.2473,
frame_ms,0.2279,
frame_ms,0.2114,
frame_ms,0.2123,
frame_ms,0.2338,
frame_ms,0.2204,
frame_ms,0.2185,
frame_ms,0.2153,
frame_ms,0.2382,
frame_ms,0.2192,
frame_ms,0.2142,
tick_us,733.6,214
frame_ms,1.7424,
frame_ms,0.2356,
frame_ms,0.2139,
frame_ms,0.2176,
frame_ms,0.2116,
frame_ms,0.2381,
frame_ms,0.223,
frame_ms,0.2352,
frame_ms,0.2528,
frame_ms,0.2102,
frame_ms,0.2051,
frame_ms,0.2384,
frame_ms,0.2131,
frame_ms,0.2068,
frame_ms,0.2396,
frame_ms,0.2121,
frame_ms,0.2158,
frame_ms,0.2253,
frame_ms,0.2358,
frame_ms,0.2159,
frame_ms,0.2091,
frame_ms,0.2399,
frame_ms,0.215,
frame_ms,0.2051,
tick_us,732.3,210
frame_ms,1.7404,
frame_ms,0.2436,
frame_ms,0.2342,
frame_ms,0.2203,
frame_ms,0.2129,
frame_ms,0.2434,
frame_ms,0.2272,
frame_ms,0.2104,
frame_ms,0.2262,
frame_ms,0.2227,
frame_ms,0.2116,
frame_ms,0.2078,
frame_ms,0.2555,
frame_ms,0.2209,
frame_ms,0.2075,
frame_ms,0.231,
frame_ms,0.2124,
frame_ms,0.214,
frame_ms,0.2414,
frame_ms,0.2179,
frame_ms,0.2092,
frame_ms,0.783,
tick_us,746.5,208
frame_ms,1.7713,
frame_ms,0.2679,
frame_ms,0.2287,
frame_ms,0.2198,
frame_ms,0.2221,
frame_ms,0.2086,
frame_ms,0.2601,
frame_ms,0.2285,
frame_ms,0.2372,
frame_ms,0.2108,
frame_ms,0.4113,
frame_ms,0.2338,
frame_ms,0.2167,
frame_ms,0.2136,
frame_ms,0.2578,
frame_ms,0.2352,
frame_ms,0.2158,
frame_ms,0.2434,
frame_ms,0.2162,
frame_ms,0.2104,
frame_ms,0.2428,
frame_ms,0.2249,
frame_ms,0.2116,
tick_us,741,210
frame_ms,1.7036,
frame_ms,0.2347,
frame_ms,0.2102,
frame_ms,0.2142,
frame_ms,0.252,
frame_ms,0.211,
frame_ms,0.2087,
frame_ms,0.249,
frame_ms,0.2243,
frame_ms,0.2157,
frame_ms,0.2605,
frame_ms,0.2252,
frame_ms,0.2141,
frame_ms,0.2302,
frame_ms,0.225,
frame_ms,0.272,
frame_ms,0.2248,
frame_ms,0.2088,
frame_ms,0.241,
frame_ms,0.2294,
frame_ms,0.2782,
frame_ms,0.2697,
frame_ms,0.2312,
frame_ms,0.2247,
tick_us,824.3,206
frame_ms,1.8546,
frame_ms,0.2912,
frame_ms,0.2239,
frame_ms,0.2201,
frame_ms,0.2784,
frame_ms,0.2765,
frame_ms,0.2379,
frame_ms,0.2342,
frame_ms,0.2386,
frame_ms,0.2298,
frame_ms,0.2251,
frame_ms,0.2223,
frame_ms,0.2333,
frame_ms,0.2226,
frame_ms,0.2282,
frame_ms,0.2221,
frame_ms,0.3972,
frame_ms,0.2488,
frame_ms,0.2728,
frame_ms,0.2383,
frame_ms,0.2243,
tick_us,752.3,208
frame_ms,1.7367,
frame_ms,0.2414,
frame_ms,0.2147,
frame_ms,0.236,
frame_ms,0.2142,
frame_ms,0.2705,
frame_ms,0.2754,
frame_ms,0.2363,
frame_ms,0.2914,
frame_ms,0.2588,
frame_ms,0.2406,
frame_ms,0.2346,
frame_ms,0.2307,
frame_ms,0.2302,
frame_ms,0.2248,
frame_ms,0.2662,
frame_ms,0.3646,
frame_ms,0.2219,
frame_ms,0.2199,
frame_ms,0.2156,
frame_ms,0.2131,
frame_ms,0.2441,
tick_us,777.5,216
frame_ms,1.7666,
frame_ms,0.2405,
frame_ms,0.2192,
frame_ms,0.2167,
frame_ms,0.2313,
frame_ms,0.2242,
frame_ms,0.2219,
frame_ms,0.2619,
frame_ms,0.2259,
frame_ms,0.2127,
frame_ms,0.2494,
frame_ms,0.2239,
frame_ms,0.2114,
frame_ms,0.2414,
frame_ms,0.2305,
frame_ms,0.214,
frame_ms,0.2133,
frame_ms,0.2611,
frame_ms,0.2283,
frame_ms,0.2146,
frame_ms,0.2127,
frame_ms,0.2464,
frame_ms,0.221,
frame_ms,0.2147,
tick_us,768.3,218
frame_ms,1.7547,
frame_ms,0.2554,
frame_ms,0.222,
frame_ms,0.2296,
frame_ms,0.2631,
frame_ms,0.2284,
frame_ms,0.2114,
frame_ms,0.2117,
frame_ms,0.2432,
frame_ms,0.2265,
frame_ms,0.2144,
frame_ms,0.2283,
frame_ms,0.2351,
frame_ms,0.2117,
frame_ms,0.2085,
frame_ms,0.2383,
frame_ms,0.2153,
frame_ms,0.2094,
frame_ms,0.2449,
frame_ms,0.2247,
frame_ms,0.2205,
frame_ms,0.2128,
frame_ms,0.2379,
frame_ms,0.2171,
tick_us,734.1,220
frame_ms,1.69,
frame_ms,0.2343,
frame_ms,0.2342,
frame_ms,0.2148,
frame_ms,0.2449,
frame_ms,0.2211,
frame_ms,0.217,
frame_ms,0.2298,
frame_ms,0.2219,
frame_ms,0.2498,
frame_ms,0.3069,
frame_ms,0.2464,
frame_ms,0.2285,
frame_ms,0.2173,
frame_ms,0.2101,
frame_ms,0.3706,
frame_ms,0.2326,
frame_ms,0.2155,
frame_ms,0.215,
frame_ms,0.2401,
frame_ms,0.2212,
frame_ms,0.2155,
frame_ms,0.2313,
tick_us,743.1,226
frame_ms,1.7125,
frame_ms,0.2371,
frame_ms,0.2133,
frame_ms,0.2327,
frame_ms,0.2128,
frame_ms,0.2728,
frame_ms,0.2328,
frame_ms,0.2183,
frame_ms,0.2481,
frame_ms,0.2281,
frame_ms,0.211,
frame_ms,0.2346,
frame_ms,0.2139,
frame_ms,0.207,
frame_ms,0.2362,
frame_ms,0.2128,
frame_ms,0.2169,
frame_ms,0.2331,
frame_ms,0.216,
frame_ms,0.2721,
frame_ms,0.2264,
frame_ms,0.2135,
frame_ms,0.2134,
frame_ms,0.2402,
tick_us,745.3,234
frame_ms,1.7245,
frame_ms,0.238,
frame_ms,0.2108,
frame_ms,0.2321,
frame_ms,0.2112,
frame_ms,0.2753,
frame_ms,0.2284,
frame_ms,0.211,
frame_ms,0.2128,
frame_ms,0.2462,
frame_ms,0.226,
frame_ms,0.2098,
frame_ms,0.2259,
frame_ms,0.2383,
frame_ms,0.2105,
frame_ms,0.2803,
frame_ms,0.504,
frame_ms,0.3266,
frame_ms,0.2319,
frame_ms,0.2655,
frame_ms,0.2997,
tick_us,756.8,232
frame_ms,1.8382,
frame_ms,0.2941,
frame_ms,0.2212,
frame_ms,0.2473,
frame_ms,0.2168,
frame_ms,0.2239,
frame_ms,0.2141,
frame_ms,0.2363,
frame_ms,0.2189,
frame_ms,0.2286,
frame_ms,0.218,
frame_ms,0.2587,
frame_ms,0.2271,
frame_ms,0.2153,
frame_ms,0.2613,
frame_ms,0.2268,
frame_ms,0.2151,
frame_ms,0.2277,
frame_ms,0.2384,
frame_ms,0.4683,
frame_ms,0.2137,
frame_ms,0.2134,
frame_ms,0.2157,
tick_us,756.7,228
frame_ms,1.9286,
frame_ms,0.2793,
frame_ms,0.2266,
frame_ms,0.2257,
frame_ms,0.221,
frame_ms,0.2453,
frame_ms,0.2574,
frame_ms,0.2293,
frame_ms,0.219,
frame_ms,0.2089,
frame_ms,0.2562,
frame_ms,0.2264,
frame_ms,0.2295,
frame_ms,0.2505,
frame_ms,0.2189,
frame_ms,0.2545,
frame_ms,0.2183,
frame_ms,0.2246,
frame_ms,0.2281,
frame_ms,0.3869,
frame_ms,0.5117,
tick_us,736.6,222
frame_ms,1.935,
frame_ms,0.3315,
frame_ms,0.261,
frame_ms,0.2428,
frame_ms,0.233,
frame_ms,0.2422,
frame_ms,0.2523,
frame_ms,0.2223,
frame_ms,0.2908,
frame_ms,0.247,
frame_ms,0.2226,
frame_ms,0.224,
frame_ms,0.2597,
frame_ms,0.2826,
frame_ms,0.2896,
frame_ms,0.2477,
frame_ms,0.417,
frame_ms,0.3226,
frame_ms,0.3493,
tick_us,753.5,224
frame_ms,1.891,
frame_ms,0.2735,
frame_ms,0.2463,
frame_ms,0.2279,
frame_ms,0.2197,
frame_ms,0.248,
frame_ms,0.2397,
frame_ms,0.2886,
frame_ms,0.414,
frame_ms,0.266,
frame_ms,0.2277,
frame_ms,0.2264,
frame_ms,0.2628,
frame_ms,0.2148,
frame_ms,0.2179,
frame_ms,0.6211,
frame_ms,0.2721,
frame_ms,0.2914,
frame_ms,0.2329,
tick_us,742.4,222
frame_ms,1.7527,
frame_ms,0.2773,
frame_ms,0.2398,
frame_ms,0.2196,
frame_ms,0.218,
frame_ms,0.2433,
frame_ms,0.2232,
frame_ms,0.2233,
frame_ms,0.2137,
frame_ms,0.2729,
frame_ms,0.4291,
frame_ms,0.3839,
frame_ms,0.2799,
frame_ms,0.241,
frame_ms,0.2188,
frame_ms,0.2241,
frame_ms,0.2162,
frame_ms,0.215,
frame_ms,0.9298,
tick_us,760.6,222
frame_ms,1.7856,
frame_ms,0.3036,
frame_ms,0.3733,
frame_ms,0.3211,
frame_ms,0.245,
frame_ms,0.2203,
frame_ms,0.2463,
frame_ms,0.223,
frame_ms,0.2166,
frame_ms,0.3719,
frame_ms,0.2384,
frame_ms,0.2274,
frame_ms,0.2497,
frame_ms,0.2569,
frame_ms,0.2461,
frame_ms,0.2205,
frame_ms,0.2325,
frame_ms,0.228,
frame_ms,0.2254,
frame_ms,0.2373,
frame_ms,0.2428,
tick_us,809.4,222
frame_ms,1.826,
frame_ms,0.3044,
frame_ms,0.2664,
frame_ms,0.2524,
frame_ms,0.2333,
frame_ms,0.2413,
frame_ms,0.2634,
frame_ms,0.2448,
frame_ms,1.2484,
frame_ms,0.6285,
frame_ms,0.3673,
frame_ms,0.2517,
frame_ms,0.2209,
frame_ms,0.2314,
tick_us,762.7,222
frame_ms,2.5316,
frame_ms,0.3061,
frame_ms,0.2903,
frame_ms,0.2354,
frame_ms,0.236,
frame_ms,0.3148,
frame_ms,0.2953,
frame_ms,0.2249,
frame_ms,0.221,
frame_ms,0.2161,
frame_ms,0.2487,
frame_ms,0.3473,
frame_ms,0.2473,
frame_ms,0.2359,
frame_ms,0.2242,
frame_ms,0.2175,
frame_ms,0.2532,
frame_ms,0.2313,
frame_ms,0.2494,
frame_ms,0.2361,
tick_us,768.5,214
frame_ms,1.8029,
frame_ms,0.2484,
frame_ms,0.281,
frame_ms,0.2574,
frame_ms,0.3225,
frame_ms,0.2353,
frame_ms,0.2296,
frame_ms,0.2923,
frame_ms,0.2555,
frame_ms,0.2714,
frame_ms,0.2506,
frame_ms,0.2222,
frame_ms,0.2228,
frame_ms,0.5492,
frame_ms,0.5585,
frame_ms,0.3571,
frame_ms,0.3109,
frame_ms,0.2415,
tick_us,746.9,212
frame_ms,1.8021,
frame_ms,0.3026,
frame_ms,0.2976,
frame_ms,0.2213,
frame_ms,0.222,
frame_ms,0.2276,
frame_ms,0.2572,
frame_ms,0.2681,
frame_ms,0.2348,
frame_ms,0.238,
frame_ms,0.2574,
frame_ms,0.4395,
frame_ms,0.3691,
frame_ms,0.2698,
frame_ms,0.2269,
frame_ms,0.2783,
frame_ms,0.2402,
frame_ms,0.2504,
frame_ms,0.2237,
frame_ms,0.2158,
tick_us,798.2,214
frame_ms,1.8587,
frame_ms,0.5243,
frame_ms,0.2503,
frame_ms,0.2434,
frame_ms,0.4033,
frame_ms,0.3639,
frame_ms,0.3422,
frame_ms,0.2653,
frame_ms,0.2629,
frame_ms,0.2183,
frame_ms,0.2228,
frame_ms,0.2536,
frame_ms,0.2744,
frame_ms,0.2759,
frame_ms,0.2554,
frame_ms,0.2251,
frame_ms,0.385,
frame_ms,0.2774,
tick_us,808.9,214
frame_ms,1.8074,
frame_ms,0.2652,
frame_ms,0.2234,
frame_ms,0.2199,
frame_ms,0.269,
frame_ms,0.2749,
frame_ms,0.2757,
frame_ms,0.242,
frame_ms,0.259,
frame_ms,0.2746,
frame_ms,0.2397,
frame_ms,0.2242,
frame_ms,0.2173,
frame_ms,0.2473,
frame_ms,0.2327,
frame_ms,0.2269,
frame_ms,0.2178,
frame_ms,0.2163,
frame_ms,0.2724,
frame_ms,0.3455,
frame_ms,0.2709,
frame_ms,0.2367,
tick_us,749.2,216
frame_ms,2.6478,
frame_ms,0.2584,
frame_ms,0.2221,
frame_ms,0.3539,
frame_ms,0.275,
frame_ms,0.2392,
frame_ms,0.2602,
frame_ms,0.3347,
frame_ms,0.2781,
frame_ms,0.2299,
frame_ms,0.2248,
frame_ms,0.2223,
frame_ms,0.2179,
frame_ms,0.2207,
frame_ms,0.2434,
frame_ms,0.2243,
frame_ms,0.2218,
frame_ms,0.2269,
tick_us,776.4,216
frame_ms,1.8167,
frame_ms,0.9344,
frame_ms,0.503,
frame_ms,0.4719,
frame_ms,0.3306,
frame_ms,0.2454,
frame_ms,0.2193,
frame_ms,0.2448,
frame_ms,0.2537,
frame_ms,0.2341,
frame_ms,0.2249,
frame_ms,0.2208,
frame_ms,0.2173,
frame_ms,0.2455,
frame_ms,0.2152,
frame_ms,0.2257,
frame_ms,0.2193,
frame_ms,0.2282,
tick_us,744.4,208
frame_ms,1.7273,
frame_ms,0.4286,
frame_ms,0.4703,
frame_ms,0.382,
frame_ms,0.3548,
frame_ms,0.3472,
frame_ms,0.3301,
frame_ms,0.2476,
frame_ms,0.2216,
frame_ms,0.2239,
frame_ms,0.2206,
frame_ms,0.2426,
frame_ms,0.2201,
frame_ms,0.2313,
frame_ms,0.2328,
frame_ms,0.2553,
frame_ms,0.2233,
frame_ms,0.3963,
tick_us,757.3,200
frame_ms,1.7866,
frame_ms,0.2447,
frame_ms,0.2142,
frame_ms,0.2474,
frame_ms,0.2431,
frame_ms,0.2758,
frame_ms,0.3284,
frame_ms,0.3144,
frame_ms,0.3153,
frame_ms,0.2349,
frame_ms,0.2363,
frame_ms,0.2275,
frame_ms,0.2281,
frame_ms,0.2232,
frame_ms,0.2176,
frame_ms,0.2479,
frame_ms,0.2226,
frame_ms,0.2093,
frame_ms,0.2352,
frame_ms,0.2248,
frame_ms,0.2411,
frame_ms,0.4181,
tick_us,765.3,204
frame_ms,1.8133,
frame_ms,0.2459,
frame_ms,0.2156,
frame_ms,0.2161,
frame_ms,0.2449,
frame_ms,0.2279,
frame_ms,0.2228,
frame_ms,0.388,
frame_ms,0.5,
frame_ms,0.3373,
frame_ms,0.2361,
frame_ms,0.2888,
frame_ms,0.2863,
frame_ms,0.4359,
frame_ms,0.3749,
frame_ms,0.2714,
frame_ms,0.229,
frame_ms,0.2192,
tick_us,749.4,214
frame_ms,1.7463,
frame_ms,0.2616,
frame_ms,0.2331,
frame_ms,0.218,
frame_ms,0.2428,
frame_ms,0.2251,
frame_ms,0.2141,
frame_ms,0.2499,
frame_ms,0.2309,
frame_ms,0.2217,
frame_ms,0.2604,
frame_ms,0.2492,
frame_ms,0.222,
frame_ms,0.2174,
frame_ms,0.4269,
frame_ms,0.2353,
frame_ms,0.2292,
frame_ms,0.2171,
frame_ms,0.2188,
frame_ms,0.4318,
frame_ms,0.4549,
tick_us,838.2,216
frame_ms,1.9253,
frame_ms,0.2797,
frame_ms,0.2363,
frame_ms,0.2266,
frame_ms,0.2673,
frame_ms,0.2385,
frame_ms,0.2461,
frame_ms,0.23,
frame_ms,0.257,
frame_ms,0.2767,
frame_ms,0.2661,
frame_ms,0.2811,
frame_ms,0.2394,
frame_ms,0.2283,
frame_ms,0.2269,
frame_ms,0.2224,
frame_ms,0.2187,
frame_ms,0.2277,
frame_ms,0.2779,
frame_ms,0.2312,
frame_ms,0.2198,
frame_ms,0.2558,
tick_us,779.5,218
frame_ms,1.8011,
frame_ms,0.2577,
frame_ms,0.2424,
frame_ms,0.2241,
frame_ms,0.2168,
frame_ms,0.2404,
frame_ms,0.2271,
frame_ms,0.2971,
frame_ms,0.249,
frame_ms,0.2356,
frame_ms,0.2285,
frame_ms,0.2207,
frame_ms,0.2258,
frame_ms,0.317,
frame_ms,0.4338,
frame_ms,0.3056,
frame_ms,0.2235,
frame_ms,0.222,
frame_ms,0.2662,
frame_ms,0.2597,
tick_us,849.5,218
frame_ms,1.9715,
frame_ms,0.2855,
frame_ms,0.2236,
frame_ms,0.2605,
frame_ms,0.3304,
frame_ms,0.2385,
frame_ms,0.2243,
frame_ms,0.2246,
frame_ms,0.2328,
frame_ms,0.2187,
frame_ms,0.2649,
frame_ms,0.4041,
frame_ms,0.3725,
frame_ms,0.2675,
frame_ms,0.2193,
frame_ms,0.2271,
frame_ms,0.2472,
frame_ms,0.2896,
frame_ms,0.2933,
frame_ms,0.2993,
tick_us,766.2,222
frame_ms,1.8369,
frame_ms,0.2747,
frame_ms,0.2276,
frame_ms,0.2219,
frame_ms,0.242,
frame_ms,0.2248,
frame_ms,1.0326,
frame_ms,0.2578,
frame_ms,0.2803,
frame_ms,0.271,
frame_ms,0.2373,
frame_ms,0.2326,
frame_ms,0.2242,
frame_ms,0.22,
frame_ms,0.2464,
frame_ms,0.2839,
frame_ms,0.2311,
frame_ms,0.2148,
frame_ms,0.2438,
tick_us,778.3,228
frame_ms,1.7971,
frame_ms,0.2668,
frame_ms,0.2241,
frame_ms,0.2565,
frame_ms,0.2752,
frame_ms,0.2528,
frame_ms,0.2525,
frame_ms,0.2306,
frame_ms,0.2653,
frame_ms,0.2341,
frame_ms,0.3872,
frame_ms,0.4668,
frame_ms,0.2731,
frame_ms,0.3016,
frame_ms,0.2233,
frame_ms,0.2222,
frame_ms,0.2254,
frame_ms,0.2253,
frame_ms,0.217,
frame_ms,0.2768,
tick_us,784.5,224
frame_ms,1.7839,
frame_ms,0.2517,
frame_ms,0.2987,
frame_ms,0.2444,
frame_ms,0.23,
frame_ms,0.2338,
frame_ms,0.2271,
frame_ms,0.2197,
frame_ms,0.213,
frame_ms,0.275,
frame_ms,0.2309,
frame_ms,0.2355,
frame_ms,0.2248,
frame_ms,0.2117,
frame_ms,0.2877,
frame_ms,0.2979,
frame_ms,0.2549,
frame_ms,0.2538,
frame_ms,0.2467,
frame_ms,0.2257,
frame_ms,0.2542,
frame_ms,0.2441,
tick_us,798.9,226
frame_ms,1.7951,
frame_ms,0.2412,
frame_ms,0.2239,
frame_ms,0.2533,
frame_ms,0.2523,
frame_ms,0.2727,
frame_ms,0.4888,
frame_ms,0.5484,
frame_ms,0.3007,
frame_ms,0.346,
frame_ms,0.3504,
frame_ms,0.2624,
frame_ms,0.227,
frame_ms,0.2184,
frame_ms,0.2231,
frame_ms,0.2172,
frame_ms,0.2253,
frame_ms,0.2671,
frame_ms,0.2369,
tick_us,789.1,232
frame_ms,1.7854,
frame_ms,0.2515,
frame_ms,0.2259,
frame_ms,0.2658,
frame_ms,0.2305,
frame_ms,0.2657,
frame_ms,0.2237,
frame_ms,0.2668,
frame_ms,0.2306,
frame_ms,0.2357,
frame_ms,0.2329,
frame_ms,0.231,
frame_ms,0.2962,
frame_ms,0.3003,
frame_ms,0.3556,
frame_ms,0.3529,
frame_ms,0.2951,
frame_ms,0.2923,
frame_ms,0.2261,
frame_ms,0.2193,
frame_ms,0.2287,
tick_us,766,232
frame_ms,1.747,
frame_ms,0.255,
frame_ms,0.2447,
frame_ms,0.2313,
frame_ms,0.246,
frame_ms,0.2249,
frame_ms,0.2183,
frame_ms,0.2647,
frame_ms,0.2333,
frame_ms,0.2366,
frame_ms,0.2652,
frame_ms,1.789,
frame_ms,0.5674,
frame_ms,0.4103,
tick_us,748.2,228
frame_ms,1.8885,
frame_ms,0.2493,
frame_ms,0.229,
frame_ms,0.2428,
frame_ms,0.2427,
frame_ms,0.2364,
frame_ms,0.2383,
frame_ms,0.239,
frame_ms,0.3552,
frame_ms,0.2435,
frame_ms,0.2303,
frame_ms,0.2243,
frame_ms,0.2168,
frame_ms,0.2578,
frame_ms,0.2402,
frame_ms,0.2681,
frame_ms,0.2375,
frame_ms,0.2893,
frame_ms,0.2567,
frame_ms,0.2967,
frame_ms,0.263,
tick_us,750.5,218
frame_ms,1.7575,
frame_ms,0.2591,
frame_ms,0.2298,
frame_ms,0.2972,
frame_ms,0.2339,
frame_ms,0.2278,
frame_ms,0.2178,
frame_ms,0.2098,
frame_ms,0.2398,
frame_ms,0.2451,
frame_ms,0.341,
frame_ms,0.3836,
frame_ms,0.2541,
frame_ms,0.2859,
frame_ms,0.2663,
frame_ms,0.2573,
frame_ms,0.2307,
frame_ms,0.2319,
frame_ms,0.2274,
frame_ms,0.3399,
tick_us,802.2,208
frame_ms,1.9907,
frame_ms,0.2653,
frame_ms,0.2338,
frame_ms,0.2306,
frame_ms,0.2239,
frame_ms,0.2246,
frame_ms,0.3015,
frame_ms,0.2541,
frame_ms,0.4613,
frame_ms,0.3484,
frame_ms,0.3149,
frame_ms,0.2601,
frame_ms,0.2253,
frame_ms,0.9652,
frame_ms,0.2294,
frame_ms,0.2427,
tick_us,816.7,206
frame_ms,2.1022,
frame_ms,0.2988,
frame_ms,0.2372,
frame_ms,0.2322,
frame_ms,0.2304,
frame_ms,0.2549,
frame_ms,0.2361,
frame_ms,0.3061,
frame_ms,0.297,
frame_ms,0.2496,
frame_ms,0.2234,
frame_ms,0.2403,
frame_ms,0.2257,
frame_ms,0.2201,
frame_ms,0.2498,
frame_ms,0.2277,
frame_ms,0.2182,
frame_ms,0.2232,
frame_ms,0.242,
frame_ms,0.2255,
frame_ms,0.2163,
frame_ms,0.2375,
tick_us,775.3,208
frame_ms,1.9196,
frame_ms,1.4276,
frame_ms,0.3539,
frame_ms,0.2583,
frame_ms,0.2235,
frame_ms,0.2267,
frame_ms,0.23,
frame_ms,0.301,
frame_ms,0.2996,
frame_ms,0.2628,
frame_ms,0.2554,
frame_ms,0.2521,
frame_ms,0.2974,
frame_ms,0.2465,
frame_ms,0.2349,
frame_ms,0.2292,
tick_us,821.6,214
frame_ms,1.8332,
frame_ms,0.3585,
frame_ms,1.2798,
frame_ms,0.5008,
frame_ms,0.3712,
frame_ms,0.4082,
frame_ms,0.3723,
frame_ms,0.3655,
frame_ms,0.3412,
frame_ms,0.3829,
frame_ms,0.3621,
frame_ms,0.3417,
tick_us,801,214
frame_ms,1.8968,
frame_ms,0.2579,
frame_ms,0.2314,
frame_ms,0.2297,
frame_ms,0.2676,
frame_ms,0.2401,
frame_ms,0.2541,
frame_ms,0.2331,
frame_ms,0.2415,
frame_ms,0.2543,
frame_ms,0.2446,
frame_ms,0.2198,
frame_ms,0.2147,
frame_ms,0.2779,
frame_ms,0.2763,
frame_ms,0.2386,
frame_ms,0.2333,
frame_ms,0.2234,
frame_ms,0.2213,
frame_ms,0.2464,
frame_ms,0.2229,
frame_ms,0.2311,
tick_us,801.2,210
frame_ms,1.7947,
frame_ms,0.2594,
frame_ms,0.2219,
frame_ms,0.2445,
frame_ms,0.2216,
frame_ms,0.2212,
frame_ms,0.216,
frame_ms,0.2391,
frame_ms,0.2244,
frame_ms,0.2241,
frame_ms,0.2173,
frame_ms,0.2656,
frame_ms,0.2913,
frame_ms,0.2449,
frame_ms,0.2323,
frame_ms,0.2251,
frame_ms,0.2229,
frame_ms,0.2321,
frame_ms,0.2234,
frame_ms,0.2548,
frame_ms,0.2348,
frame_ms,0.2239,
frame_ms,0.2172,
tick_us,782.1,210
frame_ms,1.7943,
frame_ms,0.2494,
frame_ms,0.2261,
frame_ms,0.2196,
frame_ms,0.2245,
frame_ms,0.2194,
frame_ms,0.2549,
frame_ms,0.2188,
frame_ms,0.2145,
frame_ms,0.2144,
frame_ms,0.2386,
frame_ms,0.2222,
frame_ms,0.219,
frame_ms,0.3944,
frame_ms,0.5246,
frame_ms,0.2484,
frame_ms,0.2163,
frame_ms,0.2238,
frame_ms,0.2193,
frame_ms,0.2157,
frame_ms,0.2148,
frame_ms,0.2426,
tick_us,755.5,208
frame_ms,1.7413,
frame_ms,0.2416,
frame_ms,0.2193,
frame_ms,0.2507,
frame_ms,0.2239,
frame_ms,0.2164,
frame_ms,0.2355,
frame_ms,0.2299,
frame_ms,0.2587,
frame_ms,0.2281,
frame_ms,0.2339,
frame_ms,0.2135,
frame_ms,0.2462,
frame_ms,0.2706,
frame_ms,0.2337,
frame_ms,0.2234,
frame_ms,0.2158,
frame_ms,0.2129,
frame_ms,0.2496,
frame_ms,0.2552,
frame_ms,0.2257,
frame_ms,0.2219,
frame_ms,0.2177,
tick_us,754.5,210
frame_ms,1.746,
frame_ms,0.2585,
frame_ms,0.217,
frame_ms,0.2474,
frame_ms,0.2276,
frame_ms,0.2139,
frame_ms,0.249,
frame_ms,0.2207,
frame_ms,0.2162,
frame_ms,0.2447,
frame_ms,0.2608,
frame_ms,0.2299,
frame_ms,0.2147,
frame_ms,0.2407,
frame_ms,0.2539,
frame_ms,0.2252,
frame_ms,0.2428,
frame_ms,0.2216,
frame_ms,0.2169,
frame_ms,0.3014,
frame_ms,0.3351,
frame_ms,0.2283,
frame_ms,0.2234,
tick_us,752.8,198
frame_ms,1.7232,
frame_ms,0.2352,
frame_ms,0.2148,
frame_ms,0.2683,
frame_ms,0.2263,
frame_ms,0.2176,
frame_ms,0.2341,
frame_ms,0.2179,
frame_ms,0.2152,
frame_ms,0.2591,
frame_ms,0.2279,
frame_ms,0.2149,
frame_ms,0.2408,
frame_ms,0.2379,
frame_ms,0.2161,
frame_ms,0.2403,
frame_ms,0.219,
frame_ms,0.2263,
frame_ms,0.2159,
frame_ms,0.4176,
frame_ms,0.3266,
frame_ms,0.2458,
tick_us,755.8,198
frame_ms,1.7345,
frame_ms,0.2437,
frame_ms,0.221,
frame_ms,0.3248,
frame_ms,0.2229,
frame_ms,0.2205,
frame_ms,0.276,
frame_ms,0.2354,
frame_ms,0.2171,
frame_ms,0.2368,
frame_ms,0.217,
frame_ms,0.2868,
frame_ms,0.2769,
frame_ms,0.2351,
frame_ms,0.242,
frame_ms,0.2278,
frame_ms,0.2161,
frame_ms,0.2423,
frame_ms,0.2245,
frame_ms,0.225,
frame_ms,0.2147,
frame_ms,0.2657,
frame_ms,0.2723,
tick_us,827.8,194
frame_ms,1.9007,
frame_ms,0.4876,
frame_ms,0.3959,
frame_ms,0.361,
frame_ms,0.2678,
frame_ms,0.2347,
frame_ms,0.2212,
frame_ms,0.2229,
frame_ms,0.226,
frame_ms,0.2228,
frame_ms,0.257,
frame_ms,0.2393,
frame_ms,0.2265,
frame_ms,0.2192,
frame_ms,0.25,
frame_ms,0.2285,
frame_ms,0.2141,
frame_ms,0.2104,
frame_ms,0.2445,
frame_ms,0.2216,
tick_us,762.3,188
frame_ms,1.7559,
frame_ms,0.2602,
frame_ms,0.2248,
frame_ms,0.219,
frame_ms,0.3938,
frame_ms,0.2541,
frame_ms,0.2453,
frame_ms,0.2354,
frame_ms,0.2334,
frame_ms,0.231,
frame_ms,0.2298,
frame_ms,0.287,
frame_ms,0.2656,
frame_ms,0.2287,
frame_ms,0.2443,
frame_ms,0.221,
frame_ms,0.2188,
frame_ms,0.2405,
frame_ms,0.2396,
frame_ms,0.2203,
frame_ms,0.2134,
frame_ms,0.2456,
tick_us,763.8,184
frame_ms,1.7718,
frame_ms,0.2455,
frame_ms,0.22,
frame_ms,0.2186,
frame_ms,0.4283,
frame_ms,0.254,
frame_ms,0.4073,
frame_ms,0.2491,
frame_ms,0.2239,
frame_ms,0.2293,
frame_ms,0.2326,
frame_ms,0.2231,
frame_ms,0.2195,
frame_ms,0.2815,
frame_ms,0.2422,
frame_ms,0.2211,
frame_ms,0.2172,
frame_ms,0.2528,
frame_ms,0.279,
frame_ms,0.2431,
frame_ms,0.2259,
tick_us,782.2,172
frame_ms,1.7876,
frame_ms,0.2899,
frame_ms,0.2567,
frame_ms,0.2369,
frame_ms,0.2282,
frame_ms,0.254,
frame_ms,0.2841,
frame_ms,0.2804,
frame_ms,0.297,
frame_ms,0.2728,
frame_ms,0.2401,
frame_ms,0.239,
frame_ms,0.2659,
frame_ms,0.2455,
frame_ms,0.2968,
frame_ms,0.247,
frame_ms,0.2269,
frame_ms,0.2199,
frame_ms,0.2111,
frame_ms,0.2135,
frame_ms,0.2449,
frame_ms,0.222,
tick_us,818.1,170
frame_ms,1.8164,
frame_ms,0.2411,
frame_ms,0.2182,
frame_ms,0.2429,
frame_ms,0.2235,
frame_ms,0.2187,
frame_ms,0.2405,
frame_ms,0.2213,
frame_ms,0.5144,
frame_ms,0.2943,
frame_ms,0.2572,
frame_ms,0.2405,
frame_ms,0.2246,
frame_ms,0.2171,
frame_ms,0.215,
frame_ms,0.2445,
frame_ms,0.2862,
frame_ms,0.2443,
frame_ms,0.2274,
frame_ms,0.2197,
frame_ms,0.2128,
tick_us,777.6,186
frame_ms,1.8196,
frame_ms,0.2563,
frame_ms,0.228,
frame_ms,0.2253,
frame_ms,0.2257,
frame_ms,0.2108,
frame_ms,0.2121,
frame_ms,0.24,
frame_ms,0.2335,
frame_ms,0.3719,
frame_ms,0.22,
frame_ms,0.2391,
frame_ms,0.2192,
frame_ms,0.265,
frame_ms,0.2804,
frame_ms,0.2388,
frame_ms,0.2323,
frame_ms,0.2229,
frame_ms,0.2258,
frame_ms,0.2215,
frame_ms,0.2364,
frame_ms,0.2295,
frame_ms,0.2181,
tick_us,789.4,190
frame_ms,1.7975,
frame_ms,0.2675,
frame_ms,0.2264,
frame_ms,0.2209,
frame_ms,0.6106,
frame_ms,0.2759,
frame_ms,0.2265,
frame_ms,0.3117,
frame_ms,0.3472,
frame_ms,0.32,
frame_ms,0.2721,
frame_ms,0.3922,
frame_ms,0.5901,
frame_ms,0.2472,
frame_ms,0.2313,
frame_ms,0.2193,
frame_ms,0.2469,
tick_us,778.5,184
frame_ms,1.8542,
frame_ms,0.2633,
frame_ms,0.2278,
frame_ms,0.2423,
frame_ms,0.2291,
frame_ms,0.2405,
frame_ms,0.2263,
frame_ms,0.2191,
frame_ms,0.2458,
frame_ms,0.2611,
frame_ms,0.3159,
frame_ms,0.273,
frame_ms,0.2373,
frame_ms,0.2268,
frame_ms,0.37,
frame_ms,0.2642,
frame_ms,0.2223,
frame_ms,0.2201,
frame_ms,0.2189,
frame_ms,0.2794,
frame_ms,0.2751,
frame_ms,0.2373,
tick_us,786.7,184
frame_ms,1.8651,
frame_ms,0.2971,
frame_ms,0.2264,
frame_ms,0.2208,
frame_ms,0.2715,
frame_ms,0.5465,
frame_ms,0.3951,
frame_ms,0.3423,
frame_ms,0.3972,
frame_ms,0.3717,
frame_ms,0.3564,
frame_ms,0.3416,
frame_ms,0.2588,
frame_ms,0.2231,
frame_ms,0.2263,
frame_ms,0.3691,
tick_us,945.2,178
frame_ms,2.1839,
frame_ms,0.4242,
frame_ms,0.3157,
frame_ms,0.2369,
frame_ms,0.2322,
frame_ms,0.3863,
frame_ms,0.2631,
frame_ms,0.2233,
frame_ms,0.2336,
frame_ms,0.2215,
frame_ms,0.226,
frame_ms,0.2457,
frame_ms,0.2232,
frame_ms,0.2381,
frame_ms,0.437,
frame_ms,0.2288,
frame_ms,0.2415,
frame_ms,0.2307,
frame_ms,0.2282,
tick_us,801.8,184
frame_ms,1.8226,
frame_ms,0.2583,
frame_ms,0.2371,
frame_ms,0.2448,
frame_ms,0.2657,
frame_ms,0.2311,
frame_ms,0.2356,
frame_ms,0.2258,
frame_ms,0.2198,
frame_ms,0.2263,
frame_ms,0.2452,
frame_ms,0.2619,
frame_ms,0.2782,
frame_ms,0.268,
frame_ms,0.2438,
frame_ms,0.2283,
frame_ms,0.222,
frame_ms,0.2162,
frame_ms,0.2542,
frame_ms,0.2286,
frame_ms,0.2304,
frame_ms,0.3076,
tick_us,791.8,180
frame_ms,1.9127,
frame_ms,0.3777,
frame_ms,0.2453,
frame_ms,0.2261,
frame_ms,0.2249,
frame_ms,0.3072,
frame_ms,0.4563,
frame_ms,0.3685,
frame_ms,0.4132,
frame_ms,0.3727,
frame_ms,0.3656,
frame_ms,0.3952,
frame_ms,0.3649,
frame_ms,0.3627,
frame_ms,0.2647,
frame_ms,0.2573,
tick_us,784.4,178
frame_ms,1.7894,
frame_ms,0.2579,
frame_ms,0.2473,
frame_ms,0.2824,
frame_ms,0.3228,
frame_ms,0.4027,
frame_ms,0.2503,
frame_ms,0.2215,
frame_ms,0.224,
frame_ms,0.2303,
frame_ms,0.2478,
frame_ms,0.2368,
frame_ms,0.2538,
frame_ms,0.235,
frame_ms,0.2271,
frame_ms,0.2233,
frame_ms,0.2869,
frame_ms,0.2874,
frame_ms,0.2395,
frame_ms,0.2326,
frame_ms,0.2324,
tick_us,814.4,180
frame_ms,1.8129,
frame_ms,0.4807,
frame_ms,0.4393,
frame_ms,0.2866,
frame_ms,0.261,
frame_ms,0.2218,
frame_ms,0.2317,
frame_ms,0.2213,
frame_ms,0.2144,
frame_ms,0.2439,
frame_ms,0.2807,
frame_ms,0.3087,
frame_ms,0.2574,
frame_ms,0.2471,
frame_ms,0.29,
frame_ms,0.2444,
frame_ms,0.2437,
frame_ms,0.2352,
frame_ms,0.2715,
frame_ms,0.2646,
tick_us,779.2,184
frame_ms,1.8067,
frame_ms,0.2758,
frame_ms,0.2505,
frame_ms,0.2351,
frame_ms,0.258,
frame_ms,0.242,
frame_ms,0.2284,
frame_ms,0.2657,
frame_ms,0.2334,
frame_ms,0.2466,
frame_ms,0.2253,
frame_ms,0.2518,
frame_ms,0.2338,
frame_ms,0.2224,
frame_ms,0.2169,
frame_ms,0.2363,
frame_ms,0.2489,
frame_ms,0.2326,
frame_ms,0.2273,
frame_ms,0.2159,
frame_ms,0.2424,
frame_ms,0.2195,
tick_us,803.8,178
frame_ms,1.8951,
frame_ms,0.4572,
frame_ms,0.3773,
frame_ms,0.3241,
frame_ms,0.2453,
frame_ms,0.2162,
frame_ms,0.2203,
frame_ms,0.3521,
frame_ms,0.3078,
frame_ms,0.2868,
frame_ms,0.3056,
frame_ms,0.3027,
frame_ms,0.2762,
frame_ms,0.2959,
frame_ms,0.2452,
frame_ms,0.4194,
frame_ms,0.3233,
frame_ms,0.295,
tick_us,825.1,172
frame_ms,1.9281,
frame_ms,0.3135,
frame_ms,0.255,
frame_ms,0.2303,
frame_ms,0.2263,
frame_ms,0.2243,
frame_ms,0.2524,
frame_ms,0.2357,
frame_ms,0.2618,
frame_ms,0.2641,
frame_ms,0.2359,
frame_ms,0.2224,
frame_ms,0.2465,
frame_ms,0.2339,
frame_ms,0.2317,
frame_ms,0.2183,
frame_ms,0.286,
frame_ms,0.2364,
frame_ms,0.3458,
frame_ms,0.2541,
tick_us,788.3,172
frame_ms,1.8643,
frame_ms,0.2809,
frame_ms,0.2345,
frame_ms,0.2263,
frame_ms,0.291,
frame_ms,0.3074,
frame_ms,0.3966,
frame_ms,0.2651,
frame_ms,0.2949,
frame_ms,0.2364,
frame_ms,0.2261,
frame_ms,0.2176,
frame_ms,0.2261,
frame_ms,0.2657,
frame_ms,0.2258,
frame_ms,0.2143,
frame_ms,0.2606,
frame_ms,0.6803,
frame_ms,0.3901,
tick_us,874.6,172
frame_ms,2.2918,
frame_ms,0.3291,
frame_ms,0.2414,
frame_ms,0.2333,
frame_ms,0.2251,
frame_ms,0.2834,
frame_ms,0.2519,
frame_ms,0.316,
frame_ms,0.2604,
frame_ms,0.2474,
frame_ms,0.2581,
frame_ms,0.2971,
frame_ms,0.2466,
frame_ms,0.2302,
frame_ms,0.2864,
frame_ms,0.2488,
frame_ms,0.2398,
frame_ms,0.2457,
frame_ms,0.2711,
tick_us,893.4,194
frame_ms,2.0014,
frame_ms,0.3453,
frame_ms,0.2483,
frame_ms,0.2333,
frame_ms,0.2792,
frame_ms,0.3499,
frame_ms,0.4471,
frame_ms,0.3656,
frame_ms,0.3004,
frame_ms,0.2405,
frame_ms,0.2203,
frame_ms,0.2248,
frame_ms,0.2206,
frame_ms,0.2199,
frame_ms,0.2657,
frame_ms,0.308,
frame_ms,0.312,
frame_ms,0.2677,
tick_us,905.2,198
frame_ms,2.0308,
frame_ms,0.3252,
frame_ms,0.2425,
frame_ms,0.2245,
frame_ms,0.2194,
frame_ms,0.255,
frame_ms,0.2828,
frame_ms,0.279,
frame_ms,0.2346,
frame_ms,0.2506,
frame_ms,0.2388,
frame_ms,0.2248,
frame_ms,0.23,
frame_ms,0.2459,
frame_ms,0.2322,
frame_ms,0.2343,
frame_ms,0.2232,
frame_ms,0.2215,
frame_ms,0.2458,
frame_ms,0.2195,
frame_ms,0.2191,
tick_us,807,194
frame_ms,1.8095,
frame_ms,0.2626,
frame_ms,0.2348,
frame_ms,0.2274,
frame_ms,0.2169,
frame_ms,0.2223,
frame_ms,0.2383,
frame_ms,0.2307,
frame_ms,0.218,
frame_ms,0.215,
frame_ms,0.2585,
frame_ms,0.2343,
frame_ms,0.2224,
frame_ms,0.2707,
frame_ms,0.276,
frame_ms,0.2193,
frame_ms,0.2161,
frame_ms,0.2545,
frame_ms,0.2258,
frame_ms,0.2105,
frame_ms,0.2276,
frame_ms,0.2108,
frame_ms,0.2839,
tick_us,769.9,194
frame_ms,1.9911,
frame_ms,0.3444,
frame_ms,0.326,
frame_ms,0.323,
frame_ms,0.2338,
frame_ms,0.2236,
frame_ms,0.2387,
frame_ms,0.2153,
frame_ms,0.2125,
frame_ms,0.2432,
frame_ms,0.2341,
frame_ms,0.2154,
frame_ms,0.2214,
frame_ms,0.2567,
frame_ms,0.2284,
frame_ms,0.2091,
frame_ms,0.2261,
frame_ms,0.2356,
frame_ms,0.2172,
frame_ms,0.2493,
frame_ms,0.2351,
frame_ms,0.2118,
tick_us,837.5,194
frame_ms,1.9055,
frame_ms,0.2524,
frame_ms,0.2215,
frame_ms,0.2235,
frame_ms,0.2509,
frame_ms,0.2879,
frame_ms,0.2436,
frame_ms,0.2424,
frame_ms,0.2267,
frame_ms,0.2185,
frame_ms,0.2168,
frame_ms,0.2514,
frame_ms,0.2281,
frame_ms,0.2107,
frame_ms,0.2355,
frame_ms,0.2165,
frame_ms,0.2736,
frame_ms,0.2805,
frame_ms,0.2393,
frame_ms,0.2401,
frame_ms,0.2231,
frame_ms,0.213,
tick_us,774.2,200
frame_ms,1.7596,
frame_ms,0.2602,
frame_ms,0.2195,
frame_ms,0.2161,
frame_ms,0.2592,
frame_ms,0.2513,
frame_ms,0.2273,
frame_ms,0.2214,
frame_ms,0.2123,
frame_ms,0.2377,
frame_ms,0.2186,
frame_ms,0.2127,
frame_ms,0.2497,
frame_ms,0.231,
frame_ms,0.2176,
frame_ms,0.2095,
frame_ms,0.2481,
frame_ms,0.2277,
frame_ms,0.2129,
frame_ms,0.2129,
frame_ms,0.2422,
frame_ms,0.2243,
frame_ms,0.2116,
tick_us,755,200
frame_ms,1.769,
frame_ms,0.262,
frame_ms,0.2277,
frame_ms,0.2525,
frame_ms,0.2164,
frame_ms,0.2191,
frame_ms,0.2106,
frame_ms,0.2176,
frame_ms,0.2411,
frame_ms,0.228,
frame_ms,0.2166,
frame_ms,0.264,
frame_ms,0.2265,
frame_ms,0.2156,
frame_ms,0.2108,
frame_ms,0.2455,
frame_ms,0.2228,
frame_ms,0.2165,
frame_ms,0.2126,
frame_ms,0.2466,
frame_ms,0.2398,
frame_ms,0.2212,
frame_ms,0.2117,
frame_ms,0.2685,
tick_us,778,196
frame_ms,1.7742,
frame_ms,0.2407,
frame_ms,0.2182,
frame_ms,0.2357,
frame_ms,0.2199,
frame_ms,0.2121,
frame_ms,0.2436,
frame_ms,0.2279,
frame_ms,0.2166,
frame_ms,0.2479,
frame_ms,0.2154,
frame_ms,0.2107,
frame_ms,0.2364,
frame_ms,0.4061,
frame_ms,0.3238,
frame_ms,0.24,
frame_ms,0.2199,
frame_ms,0.2126,
frame_ms,0.2181,
frame_ms,0.2999,
frame_ms,0.2899,
frame_ms,0.2343,
tick_us,793.3,190
frame_ms,1.8236,
frame_ms,0.2736,
frame_ms,0.228,
frame_ms,0.2267,
frame_ms,0.2405,
frame_ms,0.2306,
frame_ms,0.267,
frame_ms,0.2829,
frame_ms,0.2351,
frame_ms,0.2301,
frame_ms,0.2175,
frame_ms,0.2159,
frame_ms,0.2595,
frame_ms,0.2693,
frame_ms,0.2346,
frame_ms,0.227,
frame_ms,0.2234,
frame_ms,0.2229,
frame_ms,0.2587,
frame_ms,0.2271,
frame_ms,0.2238,
frame_ms,0.2737,
tick_us,773.1,196
frame_ms,1.8116,
frame_ms,0.257,
frame_ms,0.2316,
frame_ms,0.2235,
frame_ms,0.2879,
frame_ms,0.2856,
frame_ms,0.2418,
frame_ms,0.2335,
frame_ms,0.2222,
frame_ms,0.2155,
frame_ms,0.2468,
frame_ms,0.2217,
frame_ms,0.2416,
frame_ms,0.2392,
frame_ms,0.2176,
frame_ms,0.2425,
frame_ms,0.2309,
frame_ms,0.2166,
frame_ms,0.4594,
frame_ms,0.4282,
frame_ms,0.2831,
tick_us,806.6,194
frame_ms,1.8,
frame_ms,0.251,
frame_ms,0.2217,
frame_ms,0.2203,
frame_ms,0.2458,
frame_ms,0.2298,
frame_ms,0.2191,
frame_ms,0.2762,
frame_ms,0.2854,
frame_ms,0.2381,
frame_ms,0.2298,
frame_ms,0.2218,
frame_ms,0.2219,
frame_ms,0.2584,
frame_ms,0.2783,
frame_ms,0.2398,
frame_ms,0.2438,
frame_ms,0.228,
frame_ms,0.2218,
frame_ms,0.2135,
frame_ms,0.2495,
frame_ms,0.2275,
tick_us,801.9,200
frame_ms,1.8134,
frame_ms,0.2598,
frame_ms,0.2264,
frame_ms,0.2276,
frame_ms,0.2819,
frame_ms,0.2724,
frame_ms,0.241,
frame_ms,0.2345,
frame_ms,0.2197,
frame_ms,0.2178,
frame_ms,0.2829,
frame_ms,0.2657,
frame_ms,0.2651,
frame_ms,0.2319,
frame_ms,0.2179,
frame_ms,0.2202,
frame_ms,0.2603,
frame_ms,0.2228,
frame_ms,0.2285,
frame_ms,0.2159,
frame_ms,0.249,
frame_ms,0.2291,
frame_ms,0.2227,
tick_us,825.9,200
frame_ms,1.9736,
frame_ms,0.3599,
frame_ms,0.2508,
frame_ms,0.2409,
frame_ms,0.221,
frame_ms,0.2206,
frame_ms,0.2531,
frame_ms,0.2249,
frame_ms,0.2326,
frame_ms,0.2143,
frame_ms,0.2674,
frame_ms,0.2705,
frame_ms,0.2312,
frame_ms,0.2249,
frame_ms,0.2199,
frame_ms,0.2422,
frame_ms,0.2166,
frame_ms,0.2231,
frame_ms,0.2268,
frame_ms,0.2484,
frame_ms,0.2687,
tick_us,802.1,196
frame_ms,1.8187,
frame_ms,0.2707,
frame_ms,0.2263,
frame_ms,0.2228,
frame_ms,0.2753,
frame_ms,0.275,
frame_ms,0.2355,
frame_ms,0.2461,
frame_ms,0.2239,
frame_ms,0.2185,
frame_ms,0.2666,
frame_ms,0.2344,
frame_ms,0.2195,
frame_ms,0.2162,
frame_ms,0.2427,
frame_ms,0.2274,
frame_ms,0.2129,
frame_ms,0.2389,
frame_ms,0.2288,
frame_ms,0.2243,
frame_ms,0.2199,
frame_ms,0.2567,
frame_ms,0.2819,
tick_us,789.3,202
frame_ms,1.9231,
frame_ms,0.4249,
frame_ms,2.1201,
frame_ms,0.3772,
frame_ms,0.2488,
frame_ms,0.2236,
frame_ms,0.2307,
frame_ms,0.2264,
frame_ms,0.2264,
frame_ms,0.2335,
frame_ms,0.2236,
frame_ms,0.2772,
tick_us,763.8,190
frame_ms,1.8487,
frame_ms,0.2708,
frame_ms,0.2334,
frame_ms,0.231,
frame_ms,0.2199,
frame_ms,0.2205,
frame_ms,0.2375,
frame_ms,0.2503,
frame_ms,0.2291,
frame_ms,0.2177,
frame_ms,0.2516,
frame_ms,0.2683,
frame_ms,0.2278,
frame_ms,0.2214,
frame_ms,0.2116,
frame_ms,0.208,
frame_ms,0.2569,
frame_ms,0.2635,
frame_ms,0.2297,
frame_ms,0.228,
frame_ms,0.2201,
frame_ms,0.2306,
frame_ms,0.2741,
tick_us,785.7,192
frame_ms,1.8801,
frame_ms,0.276,
frame_ms,0.2191,
frame_ms,0.2247,
frame_ms,0.2858,
frame_ms,0.42,
frame_ms,0.3132,
frame_ms,0.2713,
frame_ms,0.2655,
frame_ms,0.2462,
frame_ms,0.2421,
frame_ms,0.2356,
frame_ms,0.288,
frame_ms,0.2428,
frame_ms,0.2248,
frame_ms,0.2343,
frame_ms,0.2164,
frame_ms,0.2495,
frame_ms,0.2353,
frame_ms,0.2185,
frame_ms,0.2121,
tick_us,788.2,194
frame_ms,1.8533,
frame_ms,0.4189,
frame_ms,0.3831,
frame_ms,0.4667,
frame_ms,0.3072,
frame_ms,0.275,
frame_ms,0.2449,
frame_ms,0.2464,
frame_ms,0.3165,
frame_ms,0.2762,
frame_ms,0.2582,
frame_ms,0.2386,
frame_ms,0.2526,
frame_ms,0.2336,
frame_ms,0.2209,
frame_ms,0.233,
frame_ms,0.2252,
frame_ms,0.2303,
frame_ms,0.2371,
tick_us,801.6,190
frame_ms,1.8069,
frame_ms,0.2641,
frame_ms,0.2266,
frame_ms,0.2319,
frame_ms,0.2327,
frame_ms,0.2286,
frame_ms,0.2322,
frame_ms,0.2242,
frame_ms,0.2163,
frame_ms,0.2584,
frame_ms,0.4197,
frame_ms,0.5099,
frame_ms,0.3222,
frame_ms,0.2563,
frame_ms,0.2156,
frame_ms,0.219,
frame_ms,0.3358,
frame_ms,0.4464,
frame_ms,0.3508,
tick_us,806.4,188
frame_ms,1.8395,
frame_ms,0.2738,
frame_ms,0.2322,
frame_ms,0.2306,
frame_ms,0.2751,
frame_ms,0.281,
frame_ms,0.2453,
frame_ms,0.2328,
frame_ms,0.2187,
frame_ms,0.2156,
frame_ms,0.2477,
frame_ms,0.227,
frame_ms,0.2233,
frame_ms,0.2535,
frame_ms,0.2285,
frame_ms,0.2196,
frame_ms,0.2545,
frame_ms,0.2717,
frame_ms,0.2343,
frame_ms,0.2311,
frame_ms,0.2214,
frame_ms,0.2146,
tick_us,798.7,200
frame_ms,1.8684,
frame_ms,0.3553,
frame_ms,0.2489,
frame_ms,0.2282,
frame_ms,0.215,
frame_ms,0.2149,
frame_ms,0.2573,
frame_ms,0.2769,
frame_ms,0.2316,
frame_ms,0.2247,
frame_ms,0.2568,
frame_ms,0.2259,
frame_ms,0.2622,
frame_ms,0.2362,
frame_ms,0.2216,
frame_ms,0.2677,
frame_ms,0.2405,
frame_ms,0.2216,
frame_ms,0.2444,
frame_ms,0.5129,
tick_us,807.4,204
frame_ms,2.0603,
frame_ms,0.5071,
frame_ms,0.431,
frame_ms,0.3797,
frame_ms,0.265,
frame_ms,0.221,
frame_ms,0.2168,
frame_ms,0.2192,
frame_ms,0.2116,
frame_ms,0.2547,
frame_ms,0.2268,
frame_ms,0.2154,
frame_ms,0.2791,
frame_ms,0.2429,
frame_ms,0.225,
frame_ms,0.2718,
frame_ms,0.2719,
frame_ms,0.2387,
frame_ms,0.2297,
tick_us,807.6,200
frame_ms,1.8363,
frame_ms,0.3075,
frame_ms,0.2258,
frame_ms,0.375,
frame_ms,0.266,
frame_ms,0.2271,
frame_ms,0.2306,
frame_ms,0.2471,
frame_ms,0.2204,
frame_ms,0.2222,
frame_ms,0.2234,
frame_ms,0.2432,
frame_ms,0.2597,
frame_ms,0.2286,
frame_ms,0.2148,
frame_ms,0.2449,
frame_ms,0.2263,
frame_ms,0.2131,
frame_ms,0.2517,
frame_ms,0.2509,
frame_ms,0.2242,
frame_ms,0.2165,
tick_us,764.1,192
frame_ms,1.8417,
frame_ms,0.2893,
frame_ms,0.2424,
frame_ms,0.2188,
frame_ms,0.2174,
frame_ms,0.2669,
frame_ms,0.266,
frame_ms,0.23,
frame_ms,0.2175,
frame_ms,0.2246,
frame_ms,0.2128,
frame_ms,0.2807,
frame_ms,0.2294,
frame_ms,0.2198,
frame_ms,0.2475,
frame_ms,0.2277,
frame_ms,0.2123,
frame_ms,0.2563,
frame_ms,0.2218,
frame_ms,0.2109,
frame_ms,0.2812,
frame_ms,0.2293,
frame_ms,0.212,
tick_us,736.5,192
frame_ms,1.7353,
frame_ms,0.2504,
frame_ms,0.2162,
frame_ms,0.224,
frame_ms,0.2198,
frame_ms,0.2093,
frame_ms,0.2595,
frame_ms,0.2276,
frame_ms,0.2112,
frame_ms,0.2659,
frame_ms,0.2324,
frame_ms,0.2088,
frame_ms,0.2539,
frame_ms,0.2253,
frame_ms,0.2094,
frame_ms,0.2503,
frame_ms,0.2178,
frame_ms,0.2075,
frame_ms,0.2492,
frame_ms,0.2271,
frame_ms,0.2133,
frame_ms,0.2812,
frame_ms,0.2361,
tick_us,732.4,192
frame_ms,1.7036,
frame_ms,0.2319,
frame_ms,0.208,
frame_ms,0.258,
frame_ms,0.2277,
frame_ms,0.2146,
frame_ms,0.3344,
frame_ms,0.2865,
frame_ms,0.2404,
frame_ms,0.2246,
frame_ms,0.2238,
frame_ms,0.2151,
frame_ms,0.2179,
frame_ms,0.2901,
frame_ms,0.2703,
frame_ms,0.2299,
frame_ms,0.221,
frame_ms,0.2099,
frame_ms,0.2311,
frame_ms,0.2209,
frame_ms,0.2118,
frame_ms,0.2368,
frame_ms,0.2209,
frame_ms,0.2083,
tick_us,765.2,194
frame_ms,1.7547,
frame_ms,0.2503,
frame_ms,0.2138,
frame_ms,0.2312,
frame_ms,0.2566,
frame_ms,0.2329,
frame_ms,0.2156,
frame_ms,0.2256,
frame_ms,0.217,
frame_ms,0.2557,
frame_ms,0.2321,
frame_ms,0.2472,
frame_ms,0.2369,
frame_ms,0.2233,
frame_ms,0.2273,
frame_ms,0.2136,
frame_ms,0.2657,
frame_ms,0.2526,
frame_ms,0.2235,
frame_ms,0.2122,
frame_ms,0.2856,
frame_ms,0.2761,
tick_us,800.5,198
frame_ms,1.875,
frame_ms,0.4213,
frame_ms,0.2343,
frame_ms,0.2263,
frame_ms,0.2209,
frame_ms,0.2158,
frame_ms,0.2524,
frame_ms,0.2414,
frame_ms,0.2238,
frame_ms,0.2154,
frame_ms,0.473,
frame_ms,0.4455,
frame_ms,0.3684,
frame_ms,0.311,
frame_ms,0.27,
frame_ms,0.2226,
frame_ms,0.2268,
frame_ms,0.2194,
frame_ms,0.2296,
frame_ms,0.2165,
tick_us,820.4,206
frame_ms,1.8729,
frame_ms,0.3085,
frame_ms,0.2319,
frame_ms,0.2307,
frame_ms,0.2275,
frame_ms,0.2251,
frame_ms,0.2501,
frame_ms,0.2284,
frame_ms,0.2765,
frame_ms,0.2833,
frame_ms,0.2542,
frame_ms,0.2488,
frame_ms,0.2293,
frame_ms,0.2277,
frame_ms,0.2232,
frame_ms,0.2208,
frame_ms,0.2583,
frame_ms,0.2233,
frame_ms,0.2626,
frame_ms,0.2452,
frame_ms,0.2218,
frame_ms,0.2196,
tick_us,830.5,206
frame_ms,1.8521,
frame_ms,0.294,
frame_ms,0.2375,
frame_ms,0.2314,
frame_ms,0.221,
frame_ms,0.2442,
frame_ms,0.2308,
frame_ms,0.2154,
frame_ms,0.2698,
frame_ms,0.2431,
frame_ms,0.2168,
frame_ms,0.2413,
frame_ms,0.2711,
frame_ms,0.2652,
frame_ms,0.2278,
frame_ms,0.4265,
frame_ms,0.3796,
frame_ms,0.2568,
frame_ms,0.2265,
frame_ms,0.2277,
tick_us,812.7,204
frame_ms,1.8075,
frame_ms,0.2598,
frame_ms,0.229,
frame_ms,0.2467,
frame_ms,0.2242,
frame_ms,0.2591,
frame_ms,0.2554,
frame_ms,0.2305,
frame_ms,0.2174,
frame_ms,0.2345,
frame_ms,0.2208,
frame_ms,0.2151,
frame_ms,0.2578,
frame_ms,0.278,
frame_ms,0.2339,
frame_ms,0.2292,
frame_ms,0.2207,
frame_ms,0.2144,
frame_ms,0.254,
frame_ms,0.2718,
frame_ms,0.2533,
frame_ms,0.2292,
frame_ms,0.226,
tick_us,792.2,190
frame_ms,1.7757,
frame_ms,0.2491,
frame_ms,0.2183,
frame_ms,0.2597,
frame_ms,0.2344,
frame_ms,0.2192,
frame_ms,0.2331,
frame_ms,0.2444,
frame_ms,0.2246,
frame_ms,0.2202,
frame_ms,0.2506,
frame_ms,0.2841,
frame_ms,0.2398,
frame_ms,0.229,
frame_ms,0.2345,
frame_ms,0.2312,
frame_ms,0.2238,
frame_ms,0.224,
frame_ms,0.2385,
frame_ms,0.2434,
frame_ms,0.2256,
frame_ms,0.2324,
tick_us,1014.2,192
frame_ms,2.2018,
frame_ms,0.4135,
frame_ms,0.2547,
frame_ms,0.2378,
frame_ms,0.2433,
frame_ms,0.2353,
frame_ms,0.2339,
frame_ms,0.3064,
frame_ms,0.2695,
frame_ms,0.2297,
frame_ms,0.2405,
frame_ms,0.2467,
frame_ms,0.2326,
frame_ms,0.2367,
frame_ms,0.2483,
frame_ms,0.2427,
frame_ms,0.2376,
frame_ms,0.2277,
frame_ms,0.2304,
frame_ms,0.2205,
frame_ms,0.2182,
tick_us,788.3,184
frame_ms,1.8293,
frame_ms,0.2857,
frame_ms,0.2287,
frame_ms,0.2221,
frame_ms,0.2533,
frame_ms,0.24,
frame_ms,0.229,
frame_ms,0.2525,
frame_ms,0.2351,
frame_ms,0.2711,
frame_ms,0.23,
frame_ms,0.2747,
frame_ms,0.2381,
frame_ms,0.2238,
frame_ms,0.2171,
frame_ms,0.3798,
frame_ms,0.2985,
frame_ms,0.2482,
frame_ms,0.2349,
frame_ms,0.2406,
frame_ms,0.2312,
tick_us,921.1,184
frame_ms,2.0665,
frame_ms,0.424,
frame_ms,0.2804,
frame_ms,0.2422,
frame_ms,0.2418,
frame_ms,0.2362,
frame_ms,0.2599,
frame_ms,0.2397,
frame_ms,0.2455,
frame_ms,0.253,
frame_ms,0.2475,
frame_ms,0.2357,
frame_ms,0.2361,
frame_ms,0.2304,
frame_ms,0.23,
frame_ms,0.2251,
frame_ms,0.2222,
frame_ms,0.2366,
frame_ms,0.2377,
frame_ms,0.2247,
tick_us,889.2,178
frame_ms,2.0278,
frame_ms,0.4961,
frame_ms,0.325,
frame_ms,0.2452,
frame_ms,0.225,
frame_ms,0.2282,
frame_ms,0.2249,
frame_ms,0.2186,
frame_ms,0.2261,
frame_ms,0.2779,
frame_ms,0.2849,
frame_ms,0.2455,
frame_ms,0.2306,
frame_ms,0.2292,
frame_ms,0.2292,
frame_ms,0.2455,
frame_ms,0.2336,
frame_ms,0.2248,
frame_ms,0.2476,
frame_ms,0.2278,
frame_ms,0.2192,
tick_us,815.8,174
frame_ms,1.8359,
frame_ms,0.2552,
frame_ms,0.4221,
frame_ms,0.486,
frame_ms,0.3243,
frame_ms,0.257,
frame_ms,0.2443,
frame_ms,0.2232,
frame_ms,0.2227,
frame_ms,0.2241,
frame_ms,0.2152,
frame_ms,0.25,
frame_ms,0.2428,
frame_ms,0.3021,
frame_ms,0.3251,
frame_ms,0.2692,
frame_ms,0.2428,
frame_ms,0.3335,
frame_ms,0.2575,
tick_us,802.1,186
frame_ms,1.8155,
frame_ms,0.263,
frame_ms,0.2361,
frame_ms,0.2387,
frame_ms,0.2371,
frame_ms,0.2376,
frame_ms,0.2998,
frame_ms,0.2575,
frame_ms,0.2343,
frame_ms,0.2305,
frame_ms,0.2374,
frame_ms,0.2327,
frame_ms,0.2285,
frame_ms,0.2502,
frame_ms,0.2222,
frame_ms,0.2439,
frame_ms,0.2355,
frame_ms,0.2235,
frame_ms,0.2379,
frame_ms,0.2525,
frame_ms,0.2223,
frame_ms,0.2196,
tick_us,782.4,194
frame_ms,1.7886,
frame_ms,0.2566,
frame_ms,0.2234,
frame_ms,0.2287,
frame_ms,0.2607,
frame_ms,0.2231,
frame_ms,0.2786,
frame_ms,0.2856,
frame_ms,0.4151,
frame_ms,0.3829,
frame_ms,0.2542,
frame_ms,0.2239,
frame_ms,0.2295,
frame_ms,0.223,
frame_ms,0.2158,
frame_ms,0.2173,
frame_ms,0.2665,
frame_ms,0.2264,
frame_ms,0.2337,
frame_ms,0.2251,
frame_ms,0.2874,
tick_us,803.4,190
frame_ms,1.8088,
frame_ms,0.2523,
frame_ms,0.2322,
frame_ms,0.2227,
frame_ms,0.2503,
frame_ms,0.2798,
frame_ms,0.2337,
frame_ms,0.2231,
frame_ms,0.2196,
frame_ms,0.2198,
frame_ms,0.2689,
frame_ms,0.2292,
frame_ms,0.2172,
frame_ms,0.2653,
frame_ms,0.2261,
frame_ms,0.2204,
frame_ms,0.2826,
frame_ms,0.273,
frame_ms,0.2462,
frame_ms,0.2311,
frame_ms,0.226,
frame_ms,0.2208,
frame_ms,0.2175,
tick_us,797,198
frame_ms,1.7933,
frame_ms,0.2488,
frame_ms,0.2643,
frame_ms,0.2855,
frame_ms,0.244,
frame_ms,0.226,
frame_ms,0.2237,
frame_ms,0.2549,
frame_ms,0.2139,
frame_ms,0.2151,
frame_ms,0.2644,
frame_ms,0.2226,
frame_ms,0.2152,
frame_ms,0.2317,
frame_ms,0.4052,
frame_ms,0.3225,
frame_ms,0.2724,
frame_ms,0.2755,
frame_ms,0.2197,
frame_ms,0.2251,
frame_ms,0.2163,
tick_us,835.7,194
frame_ms,1.8702,
frame_ms,0.3417,
frame_ms,0.267,
frame_ms,0.2343,
frame_ms,0.2252,
frame_ms,0.2142,
frame_ms,0.2173,
frame_ms,0.2706,
frame_ms,0.2346,
frame_ms,0.2137,
frame_ms,0.2159,
frame_ms,0.2817,
frame_ms,0.2325,
frame_ms,0.2154,
frame_ms,0.2597,
frame_ms,0.2274,
frame_ms,0.2157,
frame_ms,0.2577,
frame_ms,0.2806,
frame_ms,0.2593,
frame_ms,0.2421,
frame_ms,0.233,
tick_us,791.9,204
frame_ms,1.7809,
frame_ms,0.2491,
frame_ms,0.221,
frame_ms,0.2376,
frame_ms,0.2309,
frame_ms,0.2205,
frame_ms,0.2202,
frame_ms,0.2452,
frame_ms,0.239,
frame_ms,0.2221,
frame_ms,0.2581,
frame_ms,0.2308,
frame_ms,0.2156,
frame_ms,0.2542,
frame_ms,0.2234,
frame_ms,0.2158,
frame_ms,0.2682,
frame_ms,0.2321,
frame_ms,0.2199,
frame_ms,0.2455,
frame_ms,0.2296,
frame_ms,0.3549,
tick_us,786.7,202
frame_ms,1.9037,
frame_ms,0.2811,
frame_ms,0.2233,
frame_ms,0.219,
frame_ms,0.2468,
frame_ms,0.3257,
frame_ms,0.3079,
frame_ms,0.3859,
frame_ms,0.2702,
frame_ms,0.2233,
frame_ms,0.2339,
frame_ms,0.2259,
frame_ms,0.2128,
frame_ms,0.2426,
frame_ms,0.2269,
frame_ms,0.2163,
frame_ms,0.247,
frame_ms,0.2274,
frame_ms,0.2117,
frame_ms,0.2532,
frame_ms,0.2275,
frame_ms,0.2142,
tick_us,770,204
frame_ms,1.7904,
frame_ms,0.2694,
frame_ms,0.225,
frame_ms,0.2191,
frame_ms,0.2183,
frame_ms,0.2585,
frame_ms,0.2272,
frame_ms,0.2136,
frame_ms,0.2831,
frame_ms,0.2759,
frame_ms,0.2402,
frame_ms,0.2276,
frame_ms,0.2212,
frame_ms,0.223,
frame_ms,0.2587,
frame_ms,0.24,
frame_ms,0.2268,
frame_ms,0.2121,
frame_ms,0.2687,
frame_ms,0.2702,
frame_ms,0.2367,
frame_ms,0.2203,
tick_us,773.6,210
frame_ms,1.8511,
frame_ms,0.3142,
frame_ms,0.2504,
frame_ms,0.277,
frame_ms,0.2468,
frame_ms,0.2885,
frame_ms,0.2531,
frame_ms,0.2299,
frame_ms,0.2223,
frame_ms,0.2195,
frame_ms,0.252,
frame_ms,0.2311,
frame_ms,0.2224,
frame_ms,0.2169,
frame_ms,0.2182,
frame_ms,0.2625,
frame_ms,0.2666,
frame_ms,0.2326,
frame_ms,0.2333,
frame_ms,0.219,
frame_ms,0.2639,
frame_ms,0.2262,
tick_us,805.3,216
frame_ms,1.7892,
frame_ms,0.2503,
frame_ms,0.2288,
frame_ms,0.2268,
frame_ms,0.2134,
frame_ms,0.2565,
frame_ms,0.2785,
frame_ms,0.2489,
frame_ms,0.2452,
frame_ms,0.2276,
frame_ms,0.2249,
frame_ms,0.2143,
frame_ms,0.257,
frame_ms,0.2326,
frame_ms,0.212,
frame_ms,0.2548,
frame_ms,0.2226,
frame_ms,0.2198,
frame_ms,0.2476,
frame_ms,0.234,
frame_ms,0.3101,
frame_ms,0.2874,
tick_us,805,218
frame_ms,1.8176,
frame_ms,0.2635,
frame_ms,0.2286,
frame_ms,0.2615,
frame_ms,0.269,
frame_ms,0.3814,
frame_ms,0.4809,
frame_ms,0.4279,
frame_ms,0.346,
frame_ms,0.3319,
frame_ms,0.2545,
frame_ms,0.2163,
frame_ms,0.2238,
frame_ms,0.2218,
frame_ms,0.216,
frame_ms,0.2465,
frame_ms,0.225,
frame_ms,0.2162,
frame_ms,0.2333,
tick_us,812.3,232
frame_ms,1.822,
frame_ms,0.2761,
frame_ms,2.2305,
frame_ms,0.2974,
frame_ms,0.2377,
frame_ms,0.2282,
frame_ms,0.2333,
frame_ms,0.2177,
frame_ms,0.2174,
frame_ms,0.251,
frame_ms,0.2621,
frame_ms,0.2348,
frame_ms,0.2259,
frame_ms,0.2209,
tick_us,799.7,224
frame_ms,1.8027,
frame_ms,0.2581,
frame_ms,0.2195,
frame_ms,0.2416,
frame_ms,0.246,
frame_ms,0.2322,
frame_ms,0.2229,
frame_ms,0.2734,
frame_ms,0.2398,
frame_ms,0.2225,
frame_ms,0.3286,
frame_ms,0.32,
frame_ms,0.2585,
frame_ms,0.2349,
frame_ms,0.2398,
frame_ms,0.2373,
frame_ms,0.2382,
frame_ms,0.2451,
frame_ms,0.2349,
frame_ms,0.2295,
frame_ms,0.2311,
frame_ms,0.2446,
tick_us,860.5,228
frame_ms,1.9222,
frame_ms,0.3001,
frame_ms,0.2401,
frame_ms,0.2253,
frame_ms,0.2346,
frame_ms,0.2425,
frame_ms,0.2168,
frame_ms,0.2662,
frame_ms,0.2517,
frame_ms,0.2396,
frame_ms,0.2154,
frame_ms,0.214,
frame_ms,0.2837,
frame_ms,0.2661,
frame_ms,0.2378,
frame_ms,0.2484,
frame_ms,0.236,
frame_ms,0.2302,
frame_ms,0.2208,
frame_ms,0.2228,
frame_ms,0.2367,
frame_ms,0.2145,
tick_us,801.5,226
frame_ms,1.8386,
frame_ms,0.2701,
frame_ms,0.2321,
frame_ms,0.2227,
frame_ms,0.2725,
frame_ms,0.2729,
frame_ms,0.2338,
frame_ms,0.2168,
frame_ms,0.2128,
frame_ms,0.2496,
frame_ms,0.2253,
frame_ms,0.2176,
frame_ms,0.264,
frame_ms,0.2467,
frame_ms,0.221,
frame_ms,0.3384,
frame_ms,0.2775,
frame_ms,0.2616,
frame_ms,0.2621,
frame_ms,0.2958,
frame_ms,0.2418,
tick_us,793.7,226
frame_ms,1.8632,
frame_ms,0.2824,
frame_ms,0.2244,
frame_ms,0.2163,
frame_ms,0.2504,
frame_ms,0.2319,
frame_ms,0.2168,
frame_ms,0.2446,
frame_ms,0.2467,
frame_ms,0.2211,
frame_ms,0.2139,
frame_ms,0.2598,
frame_ms,0.2245,
frame_ms,0.2153,
frame_ms,0.223,
frame_ms,0.2478,
frame_ms,0.2234,
frame_ms,0.2192,
frame_ms,0.2122,
frame_ms,0.2447,
frame_ms,0.2257,
frame_ms,0.2154,
frame_ms,0.2143,
tick_us,743.6,232
frame_ms,1.7463,
frame_ms,0.2376,
frame_ms,0.2165,
frame_ms,0.2669,
frame_ms,0.2303,
frame_ms,0.2181,
frame_ms,0.217,
frame_ms,0.2664,
frame_ms,0.2787,
frame_ms,0.2369,
frame_ms,0.2277,
frame_ms,0.2229,
frame_ms,0.2139,
frame_ms,0.2288,
frame_ms,0.2289,
frame_ms,0.2268,
frame_ms,0.2353,
frame_ms,0.2181,
frame_ms,0.2804,
frame_ms,0.2314,
frame_ms,0.2204,
frame_ms,0.2701,
frame_ms,0.2791,
tick_us,861,226
frame_ms,1.968,
frame_ms,0.326,
frame_ms,0.2399,
frame_ms,0.2366,
frame_ms,0.2308,
frame_ms,0.2331,
frame_ms,0.2261,
frame_ms,0.227,
frame_ms,0.2511,
frame_ms,0.232,
frame_ms,0.2269,
frame_ms,0.2237,
frame_ms,0.2432,
frame_ms,0.2183,
frame_ms,0.2215,
frame_ms,0.2168,
frame_ms,0.2717,
frame_ms,0.2323,
frame_ms,0.2232,
frame_ms,0.229,
frame_ms,0.233,
frame_ms,0.2224,
tick_us,767.8,224
frame_ms,1.7606,
frame_ms,0.2576,
frame_ms,0.2282,
frame_ms,0.2481,
frame_ms,0.2334,
frame_ms,0.2428,
frame_ms,0.2255,
frame_ms,0.2503,
frame_ms,0.2284,
frame_ms,0.2219,
frame_ms,0.2526,
frame_ms,0.2208,
frame_ms,0.2142,
frame_ms,0.2133,
frame_ms,0.2394,
frame_ms,0.3271,
frame_ms,0.2236,
frame_ms,0.2134,
frame_ms,0.2082,
frame_ms,0.2079,
frame_ms,0.2314,
frame_ms,0.2269,
frame_ms,0.209,
frame_ms,0.2092,
tick_us,764.4,218
frame_ms,1.8376,
frame_ms,0.3275,
frame_ms,0.2818,
frame_ms,0.2469,
frame_ms,0.2448,
frame_ms,0.2415,
frame_ms,0.292,
frame_ms,0.2595,
frame_ms,0.2352,
frame_ms,0.2308,
frame_ms,0.2212,
frame_ms,0.2313,
frame_ms,0.2679,
frame_ms,0.2732,
frame_ms,0.239,
frame_ms,0.2249,
frame_ms,0.2244,
frame_ms,0.2347,
frame_ms,0.2284,
frame_ms,0.272,
frame_ms,0.3069,
tick_us,812.4,220
frame_ms,1.8646,
frame_ms,0.3282,
frame_ms,0.262,
frame_ms,0.2485,
frame_ms,0.2456,
frame_ms,0.2514,
frame_ms,0.2366,
frame_ms,0.2428,
frame_ms,0.2136,
frame_ms,0.2175,
frame_ms,0.2528,
frame_ms,0.2329,
frame_ms,0.222,
frame_ms,0.2143,
frame_ms,0.2442,
frame_ms,0.2272,
frame_ms,0.2167,
frame_ms,0.3174,
frame_ms,0.2485,
frame_ms,0.2176,
frame_ms,0.2138,
frame_ms,0.262,
tick_us,776.8,226
frame_ms,1.8082,
frame_ms,0.2896,
frame_ms,0.2377,
frame_ms,0.2284,
frame_ms,0.2247,
frame_ms,0.2189,
frame_ms,0.6067,
frame_ms,0.3823,
frame_ms,0.323,
frame_ms,0.2653,
frame_ms,0.2339,
frame_ms,0.2117,
frame_ms,0.2259,
frame_ms,0.2253,
frame_ms,0.2229,
frame_ms,0.2202,
frame_ms,0.2474,
frame_ms,0.2579,
frame_ms,0.2305,
frame_ms,0.2242,
tick_us,789,230
frame_ms,1.9085,
frame_ms,0.2899,
frame_ms,0.2376,
frame_ms,0.23,
frame_ms,0.2478,
frame_ms,0.2685,
frame_ms,0.2599,
frame_ms,0.2299,
frame_ms,0.2203,
frame_ms,0.2225,
frame_ms,0.2186,
frame_ms,0.2402,
frame_ms,0.2285,
frame_ms,0.2175,
frame_ms,0.2487,
frame_ms,0.2262,
frame_ms,0.216,
frame_ms,0.2801,
frame_ms,0.2294,
frame_ms,0.2116,
frame_ms,0.2135,
frame_ms,0.2455,
tick_us,742.7,246
frame_ms,1.7307,
frame_ms,0.2443,
frame_ms,0.2153,
frame_ms,0.246,
frame_ms,0.2397,
frame_ms,0.233,
frame_ms,0.2119,
frame_ms,0.2318,
frame_ms,0.2152,
frame_ms,0.242,
frame_ms,0.2131,
frame_ms,0.2501,
frame_ms,0.219,
frame_ms,0.2165,
frame_ms,0.2284,
frame_ms,0.2409,
frame_ms,0.212,
frame_ms,0.3522,
frame_ms,0.2915,
frame_ms,0.2597,
frame_ms,0.2416,
frame_ms,0.2217,
frame_ms,0.2134,
tick_us,794.7,242
frame_ms,1.771,
frame_ms,0.2423,
frame_ms,0.215,
frame_ms,0.234,
frame_ms,0.2229,
frame_ms,0.2699,
frame_ms,0.2666,
frame_ms,0.2464,
frame_ms,0.2265,
frame_ms,0.2199,
frame_ms,0.2133,
frame_ms,0.2458,
frame_ms,0.2218,
frame_ms,0.2137,
frame_ms,0.2215,
frame_ms,0.2363,
frame_ms,0.2173,
frame_ms,0.2074,
frame_ms,0.2569,
frame_ms,0.2683,
frame_ms,0.2329,
frame_ms,0.2179,
frame_ms,0.2139,
tick_us,806.9,246
frame_ms,1.8331,
frame_ms,0.2967,
frame_ms,0.3051,
frame_ms,0.2534,
frame_ms,0.2252,
frame_ms,0.2131,
frame_ms,0.209,
frame_ms,0.2345,
frame_ms,0.2125,
frame_ms,0.2077,
frame_ms,0.2533,
frame_ms,0.2182,
frame_ms,0.2097,
frame_ms,0.2604,
frame_ms,0.227,
frame_ms,0.2084,
frame_ms,0.2428,
frame_ms,0.2257,
frame_ms,0.2075,
frame_ms,0.2503,
frame_ms,0.2164,
frame_ms,0.2057,
frame_ms,0.2427,
tick_us,792.8,240
frame_ms,1.8572,
frame_ms,0.5074,
frame_ms,0.3023,
frame_ms,0.3361,
frame_ms,0.2255,
frame_ms,0.2196,
frame_ms,0.2107,
frame_ms,0.211,
frame_ms,0.2349,
frame_ms,0.2311,
frame_ms,0.2194,
frame_ms,0.2114,
frame_ms,0.2629,
frame_ms,0.2277,
frame_ms,0.2101,
frame_ms,0.2335,
frame_ms,0.2126,
frame_ms,0.2855,
frame_ms,0.2526,
frame_ms,0.2153,
frame_ms,0.2089,
tick_us,758.7,242
frame_ms,1.7587,
frame_ms,0.2454,
frame_ms,0.2201,
frame_ms,0.2137,
frame_ms,0.2757,
frame_ms,0.2191,
frame_ms,0.2575,
frame_ms,0.2529,
frame_ms,0.2184,
frame_ms,0.2332,
frame_ms,0.2129,
frame_ms,0.2456,
frame_ms,0.2259,
frame_ms,0.2144,
frame_ms,0.2138,
frame_ms,0.2544,
frame_ms,0.2211,
frame_ms,0.2168,
frame_ms,0.2295,
frame_ms,0.216,
frame_ms,0.2697,
frame_ms,0.2262,
frame_ms,0.2111,
frame_ms,0.2106,
tick_us,754.9,240
frame_ms,1.7902,
frame_ms,0.2598,
frame_ms,0.2189,
frame_ms,0.2936,
frame_ms,0.2772,
frame_ms,0.2884,
frame_ms,0.2472,
frame_ms,0.2361,
frame_ms,0.2337,
frame_ms,0.2327,
frame_ms,0.3233,
frame_ms,0.2449,
frame_ms,0.2247,
frame_ms,0.2175,
frame_ms,0.2136,
frame_ms,0.2561,
frame_ms,0.2269,
frame_ms,0.2206,
frame_ms,0.2456,
frame_ms,0.2221,
frame_ms,0.2153,
frame_ms,0.2204,
tick_us,747.4,246
frame_ms,1.7369,
frame_ms,0.2445,
frame_ms,0.2387,
frame_ms,0.2197,
frame_ms,0.2376,
frame_ms,0.2229,
frame_ms,0.2149,
frame_ms,0.2447,
frame_ms,0.2251,
frame_ms,0.2122,
frame_ms,0.2191,
frame_ms,0.2337,
frame_ms,0.2139,
frame_ms,0.2093,
frame_ms,0.2316,
frame_ms,0.2315,
frame_ms,0.2192,
frame_ms,0.2119,
frame_ms,0.244,
frame_ms,0.229,
frame_ms,0.2179,
frame_ms,0.2485,
frame_ms,0.2717,
frame_ms,0.2599,
tick_us,773.8,234
frame_ms,1.7678,
frame_ms,0.2429,
frame_ms,0.2232,
frame_ms,0.221,
frame_ms,0.2409,
frame_ms,0.2239,
frame_ms,0.2155,
frame_ms,0.2485,
frame_ms,0.2264,
frame_ms,0.2174,
frame_ms,0.4337,
frame_ms,0.3932,
frame_ms,0.2812,
frame_ms,0.371,
frame_ms,0.2496,
frame_ms,0.2269,
frame_ms,0.2303,
frame_ms,0.2517,
frame_ms,0.2416,
frame_ms,0.2372,
frame_ms,0.2253,
tick_us,835.6,238
frame_ms,1.8504,
frame_ms,0.2786,
frame_ms,0.2263,
frame_ms,0.2327,
frame_ms,0.2234,
frame_ms,0.2526,
frame_ms,0.2314,
frame_ms,0.2235,
frame_ms,0.2143,
frame_ms,0.2593,
frame_ms,0.2918,
frame_ms,0.2359,
frame_ms,0.2228,
frame_ms,0.2684,
frame_ms,0.2321,
frame_ms,0.2143,
frame_ms,0.2079,
frame_ms,0.2398,
frame_ms,0.2175,
frame_ms,0.2101,
frame_ms,0.2598,
frame_ms,0.2241,
tick_us,754.4,228
frame_ms,1.7354,
frame_ms,0.2592,
frame_ms,0.2195,
frame_ms,0.2113,
frame_ms,0.2323,
frame_ms,0.2628,
frame_ms,0.266,
frame_ms,0.2342,
frame_ms,0.2324,
frame_ms,0.2231,
frame_ms,0.2237,
frame_ms,0.2227,
frame_ms,0.2421,
frame_ms,0.2629,
frame_ms,0.2344,
frame_ms,0.2123,
frame_ms,0.2095,
frame_ms,0.6365,
frame_ms,0.5835,
frame_ms,0.2411,
tick_us,735.5,224
frame_ms,1.7179,
frame_ms,0.2344,
frame_ms,0.2116,
frame_ms,0.2418,
frame_ms,0.2601,
frame_ms,0.2332,
frame_ms,0.221,
frame_ms,0.2217,
frame_ms,0.2462,
frame_ms,0.2256,
frame_ms,0.2204,
frame_ms,0.2308,
frame_ms,0.218,
frame_ms,0.2758,
frame_ms,0.2622,
frame_ms,0.2313,
frame_ms,0.2154,
frame_ms,0.2129,
frame_ms,0.2421,
frame_ms,0.2242,
frame_ms,0.2163,
frame_ms,0.2105,
frame_ms,0.2449,
frame_ms,0.2401,
tick_us,754.4,212
frame_ms,1.8076,
frame_ms,0.2898,
frame_ms,0.2859,
frame_ms,0.3533,
frame_ms,0.2155,
frame_ms,0.2192,
frame_ms,0.2122,
frame_ms,0.2343,
frame_ms,0.216,
frame_ms,0.2728,
frame_ms,0.2292,
frame_ms,0.2141,
frame_ms,0.2648,
frame_ms,0.2316,
frame_ms,0.2137,
frame_ms,0.2274,
frame_ms,0.2329,
frame_ms,0.2158,
frame_ms,0.2073,
frame_ms,0.2649,
frame_ms,0.219,
frame_ms,0.2093,
tick_us,782.4,204
frame_ms,1.8049,
frame_ms,0.2393,
frame_ms,0.2398,
frame_ms,0.22,
frame_ms,0.2388,
frame_ms,0.2592,
frame_ms,0.2303,
frame_ms,0.2162,
frame_ms,0.2306,
frame_ms,0.212,
frame_ms,0.2734,
frame_ms,0.2293,
frame_ms,0.2105,
frame_ms,0.2141,
frame_ms,0.2423,
frame_ms,0.2253,
frame_ms,0.2138,
frame_ms,0.2278,
frame_ms,0.2411,
frame_ms,0.224,
frame_ms,0.2125,
frame_ms,0.2108,
frame_ms,0.245,
tick_us,785.4,204
frame_ms,1.7707,
frame_ms,0.2474,
frame_ms,0.2148,
frame_ms,0.2577,
frame_ms,0.2366,
frame_ms,0.2176,
frame_ms,0.2121,
frame_ms,0.2637,
frame_ms,0.229,
frame_ms,0.2154,
frame_ms,0.2274,
frame_ms,0.2263,
frame_ms,0.2136,
frame_ms,0.209,
frame_ms,0.2343,
frame_ms,0.2248,
frame_ms,0.2133,
frame_ms,0.2588,
frame_ms,0.2264,
frame_ms,0.2093,
frame_ms,0.2255,
frame_ms,0.2323,
frame_ms,0.2168,
frame_ms,0.2075,
tick_us,768.5,204
frame_ms,2.1283,
frame_ms,0.6393,
frame_ms,0.2224,
frame_ms,0.2435,
frame_ms,0.2236,
frame_ms,0.2178,
frame_ms,0.2195,
frame_ms,0.2612,
frame_ms,0.2289,
frame_ms,0.2122,
frame_ms,0.242,
frame_ms,0.2097,
frame_ms,0.2661,
frame_ms,0.2255,
frame_ms,0.2148,
frame_ms,0.2362,
frame_ms,0.2127,
frame_ms,0.2056,
frame_ms,0.235,
frame_ms,0.2053,
frame_ms,0.2128,
tick_us,756.4,202
frame_ms,1.7352,
frame_ms,0.2377,
frame_ms,0.2198,
frame_ms,0.2109,
frame_ms,0.2095,
frame_ms,0.262,
frame_ms,0.2279,
frame_ms,0.2114,
frame_ms,0.2294,
frame_ms,0.2256,
frame_ms,0.2115,
frame_ms,0.2042,
frame_ms,0.2541,
frame_ms,0.2223,
frame_ms,0.2112,
frame_ms,0.2366,
frame_ms,0.214,
frame_ms,0.2044,
frame_ms,0.2511,
frame_ms,0.2203,
frame_ms,0.2085,
frame_ms,0.2397,
frame_ms,0.2169,
frame_ms,0.2087,
tick_us,757.8,204
frame_ms,1.7496,
frame_ms,0.2308,
frame_ms,0.2098,
frame_ms,0.2127,
frame_ms,0.2537,
frame_ms,0.229,
frame_ms,0.212,
frame_ms,0.3377,
frame_ms,0.2524,
frame_ms,0.2333,
frame_ms,0.2239,
frame_ms,0.2095,
frame_ms,0.2073,
frame_ms,0.2668,
frame_ms,0.2325,
frame_ms,0.2118,
frame_ms,0.2543,
frame_ms,0.2118,
frame_ms,0.2054,
frame_ms,0.2636,
frame_ms,0.2242,
frame_ms,0.2163,
frame_ms,0.2636,
tick_us,743.3,206
frame_ms,1.7222,
frame_ms,0.2346,
frame_ms,0.2092,
frame_ms,0.2911,
frame_ms,0.2321,
frame_ms,0.2109,
frame_ms,0.2939,
frame_ms,0.2307,
frame_ms,0.2101,
frame_ms,0.2675,
frame_ms,0.2245,
frame_ms,0.2059,
frame_ms,0.2901,
frame_ms,0.2547,
frame_ms,0.2254,
frame_ms,0.2113,
frame_ms,0.2672,
frame_ms,0.226,
frame_ms,0.25,
frame_ms,0.2249,
frame_ms,0.211,
frame_ms,0.32,
frame_ms,0.2843,
tick_us,772.8,202
frame_ms,1.8457,
frame_ms,0.2547,
frame_ms,0.2198,
frame_ms,0.2294,
frame_ms,0.2399,
frame_ms,0.2193,
frame_ms,0.2072,
frame_ms,0.255,
frame_ms,0.218,
frame_ms,0.2095,
frame_ms,0.258,
frame_ms,0.2094,
frame_ms,0.2033,
frame_ms,0.2571,
frame_ms,0.2384,
frame_ms,0.3606,
frame_ms,0.2442,
frame_ms,0.2235,
frame_ms,0.2251,
frame_ms,0.2145,
frame_ms,0.2174,
frame_ms,0.2642,
tick_us,763.7,204
frame_ms,1.7796,
frame_ms,0.2527,
frame_ms,0.2163,
frame_ms,0.253,
frame_ms,0.2168,
frame_ms,0.2214,
frame_ms,0.2418,
frame_ms,0.2191,
frame_ms,0.2125,
frame_ms,0.2554,
frame_ms,0.2267,
frame_ms,0.2165,
frame_ms,0.2811,
frame_ms,0.2314,
frame_ms,0.2177,
frame_ms,0.2622,
frame_ms,0.2291,
frame_ms,0.2136,
frame_ms,0.2596,
frame_ms,0.2294,
frame_ms,0.2134,
frame_ms,0.2707,
frame_ms,0.2314,
tick_us,766.1,202
frame_ms,1.7425,
frame_ms,0.2469,
frame_ms,0.2159,
frame_ms,0.2156,
frame_ms,0.211,
frame_ms,0.2415,
frame_ms,0.391,
frame_ms,0.3709,
frame_ms,0.3627,
frame_ms,0.3508,
frame_ms,0.3711,
frame_ms,0.3519,
frame_ms,0.3494,
frame_ms,0.3306,
frame_ms,0.3297,
frame_ms,0.3294,
frame_ms,0.2411,
frame_ms,0.211,
tick_us,811.1,202
frame_ms,1.8251,
frame_ms,0.2861,
frame_ms,0.2509,
frame_ms,0.2323,
frame_ms,0.223,
frame_ms,0.2277,
frame_ms,0.2682,
frame_ms,0.2623,
frame_ms,0.228,
frame_ms,0.2246,
frame_ms,0.2187,
frame_ms,0.24,
frame_ms,0.2209,
frame_ms,0.2128,
frame_ms,0.2419,
frame_ms,0.2146,
frame_ms,0.2285,
frame_ms,0.2097,
frame_ms,0.2156,
frame_ms,0.2722,
frame_ms,0.4354,
frame_ms,0.352,
tick_us,759.1,200
frame_ms,1.8998,
frame_ms,0.2816,
frame_ms,0.238,
frame_ms,0.231,
frame_ms,0.2221,
frame_ms,0.2319,
frame_ms,0.2302,
frame_ms,0.2549,
frame_ms,0.2216,
frame_ms,0.2157,
frame_ms,0.2215,
frame_ms,0.2459,
frame_ms,0.2915,
frame_ms,0.2504,
frame_ms,0.228,
frame_ms,0.2245,
frame_ms,0.2164,
frame_ms,0.2406,
frame_ms,0.2309,
frame_ms,0.2131,
frame_ms,0.2645,
frame_ms,0.2335,
tick_us,749.1,198
frame_ms,1.7344,
frame_ms,0.2871,
frame_ms,0.2434,
frame_ms,0.2305,
frame_ms,0.2268,
frame_ms,0.2156,
frame_ms,0.5751,
frame_ms,0.5907,
frame_ms,0.3853,
frame_ms,0.3816,
frame_ms,0.3533,
frame_ms,0.2661,
frame_ms,0.2369,
frame_ms,0.2402,
frame_ms,0.2442,
frame_ms,0.2487,
frame_ms,0.2474,
frame_ms,0.3005,
tick_us,793.5,206
frame_ms,2.0012,
frame_ms,0.3704,
frame_ms,0.2477,
frame_ms,0.233,
frame_ms,0.2292,
frame_ms,0.2523,
frame_ms,0.252,
frame_ms,0.2328,
frame_ms,0.2173,
frame_ms,0.2638,
frame_ms,0.2362,
frame_ms,0.225,
frame_ms,0.235,
frame_ms,0.2161,
frame_ms,0.227,
frame_ms,0.2133,
frame_ms,0.2205,
frame_ms,0.2702,
frame_ms,0.2314,
frame_ms,0.2198,
frame_ms,0.2132,
tick_us,784.7,208
frame_ms,1.7913,
frame_ms,0.2378,
frame_ms,0.2131,
frame_ms,0.2561,
frame_ms,0.2436,
frame_ms,0.2225,
frame_ms,0.2185,
frame_ms,0.2845,
frame_ms,0.285,
frame_ms,0.237,
frame_ms,0.2298,
frame_ms,0.2253,
frame_ms,0.2231,
frame_ms,0.2184,
frame_ms,0.2902,
frame_ms,0.7145,
frame_ms,0.431,
frame_ms,0.2363,
frame_ms,0.2261,
frame_ms,0.2363,
tick_us,758.9,210
frame_ms,1.7988,
frame_ms,0.2628,
frame_ms,1.9691,
frame_ms,0.2706,
frame_ms,0.2231,
frame_ms,0.2465,
frame_ms,0.2735,
frame_ms,0.2365,
frame_ms,0.2536,
frame_ms,0.2825,
frame_ms,0.2537,
frame_ms,0.2317,
frame_ms,0.2231,
frame_ms,0.2141,
frame_ms,0.2138,
tick_us,725.6,218
frame_ms,1.7094,
frame_ms,0.3211,
frame_ms,0.4024,
frame_ms,0.3546,
frame_ms,0.3317,
frame_ms,0.2499,
frame_ms,0.2171,
frame_ms,0.2251,
frame_ms,0.2172,
frame_ms,0.2152,
frame_ms,0.21,
frame_ms,0.2431,
frame_ms,0.2298,
frame_ms,0.2151,
frame_ms,0.2473,
frame_ms,0.2315,
frame_ms,0.2163,
frame_ms,0.2616,
frame_ms,0.2964,
frame_ms,0.2428,
frame_ms,0.2376,
tick_us,859.2,222
frame_ms,1.8671,
frame_ms,0.2707,
frame_ms,0.2197,
frame_ms,0.2178,
frame_ms,0.266,
frame_ms,0.2369,
frame_ms,0.221,
frame_ms,0.2185,
frame_ms,0.2411,
frame_ms,0.2164,
frame_ms,0.2263,
frame_ms,0.2341,
frame_ms,0.2262,
frame_ms,0.2606,
frame_ms,0.236,
frame_ms,0.2138,
frame_ms,0.2651,
frame_ms,0.233,
frame_ms,0.2145,
frame_ms,0.2673,
frame_ms,0.2312,
frame_ms,0.2156,
frame_ms,0.2415,
tick_us,747.6,224
frame_ms,1.7205,
frame_ms,0.2399,
frame_ms,0.217,
frame_ms,0.2154,
frame_ms,0.2143,
frame_ms,0.262,
frame_ms,0.2343,
frame_ms,0.2161,
frame_ms,0.2417,
frame_ms,0.2371,
frame_ms,0.2157,
frame_ms,0.2572,
frame_ms,0.2308,
frame_ms,0.215,
frame_ms,0.2419,
frame_ms,0.2177,
frame_ms,0.2565,
frame_ms,0.2317,
frame_ms,0.2165,
frame_ms,0.2747,
frame_ms,0.2641,
frame_ms,0.23,
frame_ms,0.2219,
tick_us,752.6,228
frame_ms,1.7311,
frame_ms,0.2396,
frame_ms,0.2193,
frame_ms,0.2315,
frame_ms,0.4477,
frame_ms,0.3122,
frame_ms,0.2396,
frame_ms,0.2196,
frame_ms,0.2132,
frame_ms,0.2423,
frame_ms,0.2332,
frame_ms,0.2134,
frame_ms,0.2582,
frame_ms,0.2341,
frame_ms,0.2148,
frame_ms,0.2569,
frame_ms,0.2367,
frame_ms,0.2152,
frame_ms,0.2532,
frame_ms,0.2382,
frame_ms,0.2101,
frame_ms,0.2342,
tick_us,751.8,228
frame_ms,1.7348,
frame_ms,0.2403,
frame_ms,0.2153,
frame_ms,0.234,
frame_ms,0.219,
frame_ms,0.2139,
frame_ms,0.2569,
frame_ms,0.2329,
frame_ms,0.2195,
frame_ms,0.2385,
frame_ms,0.2202,
frame_ms,0.2173,
frame_ms,0.2389,
frame_ms,0.2257,
frame_ms,0.2126,
frame_ms,0.2517,
frame_ms,0.2547,
frame_ms,0.2297,
frame_ms,0.2175,
frame_ms,0.2271,
frame_ms,0.2111,
frame_ms,0.2918,
frame_ms,0.2772,
frame_ms,0.2461,
tick_us,742.7,234
frame_ms,1.7358,
frame_ms,0.2427,
frame_ms,0.2189,
frame_ms,0.2323,
frame_ms,0.2161,
frame_ms,0.2728,
frame_ms,0.2901,
frame_ms,0.2385,
frame_ms,0.233,
frame_ms,0.2298,
frame_ms,0.2288,
frame_ms,0.4469,
frame_ms,0.2428,
frame_ms,0.2189,
frame_ms,0.2187,
frame_ms,0.2176,
frame_ms,0.2369,
frame_ms,0.2327,
frame_ms,0.2133,
frame_ms,0.2452,
frame_ms,0.2348,
frame_ms,0.2149,
tick_us,737.6,236
frame_ms,1.7269,
frame_ms,0.2701,
frame_ms,0.2311,
frame_ms,0.2224,
frame_ms,0.2386,
frame_ms,0.219,
frame_ms,0.2498,
frame_ms,0.2275,
frame_ms,0.2086,
frame_ms,0.2565,
frame_ms,0.2209,
frame_ms,0.2133,
frame_ms,0.2496,
frame_ms,0.2296,
frame_ms,0.2092,
frame_ms,0.2498,
frame_ms,0.2267,
frame_ms,0.2115,
frame_ms,0.252,
frame_ms,0.2278,
frame_ms,0.2212,
frame_ms,0.2667,
frame_ms,0.2227,
tick_us,753.5,242
frame_ms,1.7178,
frame_ms,0.2367,
frame_ms,0.2193,
frame_ms,0.2611,
frame_ms,0.2165,
frame_ms,0.2142,
frame_ms,0.2611,
frame_ms,0.2235,
frame_ms,0.2213,
frame_ms,0.244,
frame_ms,0.2108,
frame_ms,0.2395,
frame_ms,0.2242,
frame_ms,0.2665,
frame_ms,0.2292,
frame_ms,0.2151,
frame_ms,0.2686,
frame_ms,0.4164,
frame_ms,0.3764,
frame_ms,0.2321,
frame_ms,0.2124,
frame_ms,0.2061,
tick_us,763.3,246
frame_ms,1.7625,
frame_ms,0.2453,
frame_ms,0.2174,
frame_ms,0.2339,
frame_ms,0.2127,
frame_ms,0.2382,
frame_ms,0.2206,
frame_ms,0.2118,
frame_ms,0.2479,
frame_ms,0.2249,
frame_ms,0.2077,
frame_ms,0.2463,
frame_ms,0.2258,
frame_ms,0.2094,
frame_ms,0.2359,
frame_ms,0.2263,
frame_ms,0.2099,
frame_ms,0.2221,
frame_ms,0.211,
frame_ms,0.2035,
frame_ms,0.241,
frame_ms,0.2238,
frame_ms,0.204,
frame_ms,0.2474,
frame_ms,0.2206,
tick_us,747.1,246
frame_ms,1.7162,
frame_ms,0.2292,
frame_ms,0.2739,
frame_ms,0.2399,
frame_ms,0.2226,
frame_ms,0.2168,
frame_ms,0.2766,
frame_ms,0.2507,
frame_ms,0.2195,
frame_ms,0.2368,
frame_ms,0.236,
frame_ms,0.2166,
frame_ms,0.212,
frame_ms,0.2484,
frame_ms,0.2196,
frame_ms,0.2091,
frame_ms,0.2475,
frame_ms,0.2188,
frame_ms,0.2135,
frame_ms,0.2473,
frame_ms,0.2277,
frame_ms,0.2142,
frame_ms,0.2601,
tick_us,853.8,238
frame_ms,1.8811,
frame_ms,0.2866,
frame_ms,0.2288,
frame_ms,0.2193,
frame_ms,0.231,
frame_ms,0.2166,
frame_ms,0.2692,
frame_ms,0.2395,
frame_ms,0.2168,
frame_ms,0.2657,
frame_ms,0.2671,
frame_ms,0.2374,
frame_ms,0.2195,
frame_ms,0.2105,
frame_ms,0.241,
frame_ms,0.221,
frame_ms,0.214,
frame_ms,0.2782,
frame_ms,0.2271,
frame_ms,0.2174,
frame_ms,0.2062,
frame_ms,0.2727,
tick_us,740.5,236
frame_ms,1.7285,
frame_ms,0.2318,
frame_ms,0.209,
frame_ms,0.2468,
frame_ms,0.2254,
frame_ms,0.2097,
frame_ms,0.2488,
frame_ms,0.2229,
frame_ms,0.2118,
frame_ms,0.2515,
frame_ms,0.2252,
frame_ms,0.2119,
frame_ms,0.248,
frame_ms,0.2252,
frame_ms,0.2109,
frame_ms,0.2342,
frame_ms,0.229,
frame_ms,0.21,
frame_ms,0.2444,
frame_ms,0.2218,
frame_ms,0.2041,
frame_ms,0.2799,
frame_ms,0.2544,
frame_ms,0.2241,
tick_us,725.8,248
frame_ms,1.6964,
frame_ms,0.4939,
frame_ms,0.2666,
frame_ms,0.2448,
frame_ms,0.236,
frame_ms,0.2369,
frame_ms,0.2368,
frame_ms,0.2886,
frame_ms,0.3204,
frame_ms,0.2287,
frame_ms,0.2171,
frame_ms,0.2134,
frame_ms,0.2294,
frame_ms,0.2117,
frame_ms,0.256,
frame_ms,0.2298,
frame_ms,0.2127,
frame_ms,0.2899,
frame_ms,0.2296,
frame_ms,0.213,
frame_ms,0.2528,
frame_ms,0.2227,
tick_us,751.1,256
frame_ms,1.7296,
frame_ms,0.2323,
frame_ms,0.2078,
frame_ms,0.2354,
frame_ms,0.2427,
frame_ms,0.219,
frame_ms,0.2555,
frame_ms,0.2273,
frame_ms,0.2112,
frame_ms,0.2477,
frame_ms,0.221,
frame_ms,0.2135,
frame_ms,0.2226,
frame_ms,0.212,
frame_ms,0.2084,
frame_ms,0.2546,
frame_ms,0.2276,
frame_ms,0.2095,
frame_ms,0.2711,
frame_ms,0.2259,
frame_ms,0.2117,
frame_ms,0.2514,
frame_ms,0.2319,
frame_ms,0.2092,
tick_us,734.9,246
frame_ms,1.7405,
frame_ms,0.2446,
frame_ms,0.2214,
frame_ms,0.2605,
frame_ms,0.2152,
frame_ms,0.2131,
frame_ms,0.2504,
frame_ms,0.3365,
frame_ms,0.3682,
frame_ms,0.2663,
frame_ms,0.2099,
frame_ms,0.2151,
frame_ms,0.2126,
frame_ms,0.207,
frame_ms,0.2471,
frame_ms,0.2208,
frame_ms,0.2196,
frame_ms,0.2089,
frame_ms,0.2849,
frame_ms,0.2284,
frame_ms,0.209,
frame_ms,0.2498,
tick_us,746.3,238
frame_ms,1.7403,
frame_ms,0.2408,
frame_ms,0.2222,
frame_ms,0.2388,
frame_ms,0.2126,
frame_ms,0.2063,
frame_ms,0.2492,
frame_ms,0.2278,
frame_ms,0.2106,
frame_ms,0.2564,
frame_ms,0.2281,
frame_ms,0.2115,
frame_ms,0.2455,
frame_ms,0.2265,
frame_ms,0.2091,
frame_ms,0.2547,
frame_ms,0.2283,
frame_ms,0.2132,
frame_ms,0.2768,
frame_ms,0.2505,
frame_ms,0.2209,
frame_ms,0.2128,
frame_ms,0.3055,
tick_us,763.7,240
frame_ms,1.9311,
frame_ms,0.414,
frame_ms,0.238,
frame_ms,0.22,
frame_ms,0.214,
frame_ms,0.253,
frame_ms,0.2436,
frame_ms,0.2096,
frame_ms,0.2095,
frame_ms,0.2498,
frame_ms,0.2179,
frame_ms,0.2113,
frame_ms,0.2352,
frame_ms,0.3314,
frame_ms,0.2868,
frame_ms,0.2332,
frame_ms,0.2165,
frame_ms,0.2149,
frame_ms,0.2086,
frame_ms,0.2486,
frame_ms,0.2197,
frame_ms,0.2269,
tick_us,778.7,246
frame_ms,1.8182,
frame_ms,0.2967,
frame_ms,0.2313,
frame_ms,0.2154,
frame_ms,0.208,
frame_ms,0.2122,
frame_ms,0.2488,
frame_ms,0.2225,
frame_ms,0.2103,
frame_ms,0.2613,
frame_ms,0.2188,
frame_ms,0.2112,
frame_ms,0.217,
frame_ms,0.3531,
frame_ms,0.2305,
frame_ms,0.203,
frame_ms,0.2031,
frame_ms,0.2385,
frame_ms,0.2667,
frame_ms,0.2679,
frame_ms,0.2319,
frame_ms,0.2242,
frame_ms,0.2217,
tick_us,747,234
frame_ms,1.7843,
frame_ms,0.2643,
frame_ms,0.2246,
frame_ms,0.2246,
frame_ms,0.2864,
frame_ms,0.2272,
frame_ms,0.2316,
frame_ms,0.2329,
frame_ms,0.2231,
frame_ms,0.2145,
frame_ms,0.2558,
frame_ms,0.2231,
frame_ms,0.2142,
frame_ms,0.2475,
frame_ms,0.2233,
frame_ms,0.2126,
frame_ms,0.2269,
frame_ms,0.2088,
frame_ms,0.2072,
frame_ms,0.3951,
frame_ms,0.4329,
tick_us,778.2,224
frame_ms,1.9844,
frame_ms,0.2583,
frame_ms,0.2143,
frame_ms,0.2457,
frame_ms,0.2283,
frame_ms,0.215,
frame_ms,0.2823,
frame_ms,0.2333,
frame_ms,0.2144,
frame_ms,0.2496,
frame_ms,0.2307,
frame_ms,0.2132,
frame_ms,0.2734,
frame_ms,0.2346,
frame_ms,0.2117,
frame_ms,0.2102,
frame_ms,0.2484,
frame_ms,0.2171,
frame_ms,0.2079,
frame_ms,0.2474,
frame_ms,0.222,
frame_ms,0.2096,
frame_ms,0.2555,
tick_us,736.5,228
frame_ms,1.7513,
frame_ms,0.2502,
frame_ms,0.2175,
frame_ms,0.2348,
frame_ms,0.215,
frame_ms,0.262,
frame_ms,0.2262,
frame_ms,0.2275,
frame_ms,0.2389,
frame_ms,0.226,
frame_ms,0.3055,
frame_ms,0.2136,
frame_ms,0.2083,
frame_ms,0.238,
frame_ms,0.2267,
frame_ms,0.2091,
frame_ms,0.2307,
frame_ms,0.2169,
frame_ms,0.2041,
frame_ms,0.2559,
frame_ms,0.2244,
frame_ms,0.2091,
frame_ms,0.2467,
tick_us,742,232
frame_ms,1.8486,
frame_ms,0.3229,
frame_ms,0.2487,
frame_ms,0.3988,
frame_ms,0.2902,
frame_ms,0.2514,
frame_ms,0.211,
frame_ms,0.2162,
frame_ms,0.2194,
frame_ms,0.2196,
frame_ms,0.2349,
frame_ms,0.2398,
frame_ms,0.2144,
frame_ms,0.2625,
frame_ms,0.2311,
frame_ms,0.214,
frame_ms,0.2572,
frame_ms,0.2918,
frame_ms,0.2504,
frame_ms,0.229,
frame_ms,0.2161,
frame_ms,0.2153,
tick_us,754.6,236
frame_ms,1.7269,
frame_ms,0.2337,
frame_ms,2.2363,
frame_ms,0.3126,
frame_ms,0.2377,
frame_ms,0.2324,
frame_ms,0.2264,
frame_ms,0.2189,
frame_ms,0.359,
frame_ms,0.2751,
frame_ms,0.2367,
frame_ms,0.2205,
frame_ms,0.23,
tick_us,788.9,226
frame_ms,1.7856,
frame_ms,0.2754,
frame_ms,0.2284,
frame_ms,0.2196,
frame_ms,0.2601,
frame_ms,0.2752,
frame_ms,0.2404,
frame_ms,0.2985,
frame_ms,0.2794,
frame_ms,0.2618,
frame_ms,0.2382,
frame_ms,0.2719,
frame_ms,0.2381,
frame_ms,0.2571,
frame_ms,0.2715,
frame_ms,0.2348,
frame_ms,0.2258,
frame_ms,0.2187,
frame_ms,0.2128,
frame_ms,0.2478,
frame_ms,0.2182,
frame_ms,0.3115,
tick_us,768.2,228
frame_ms,1.8538,
frame_ms,0.29,
frame_ms,0.2356,
frame_ms,0.2551,
frame_ms,0.2209,
frame_ms,0.2145,
frame_ms,0.2586,
frame_ms,0.2784,
frame_ms,0.5494,
frame_ms,0.2236,
frame_ms,0.2286,
frame_ms,0.22,
frame_ms,0.2119,
frame_ms,0.2443,
frame_ms,0.2476,
frame_ms,0.2139,
frame_ms,0.2081,
frame_ms,0.2473,
frame_ms,0.3271,
frame_ms,0.2226,
frame_ms,0.2121,
tick_us,761.9,220
frame_ms,1.7395,
frame_ms,0.247,
frame_ms,0.2182,
frame_ms,0.2193,
frame_ms,0.2248,
frame_ms,0.2159,
frame_ms,0.3507,
frame_ms,0.4553,
frame_ms,0.3665,
frame_ms,0.3425,
frame_ms,0.2847,
frame_ms,0.2216,
frame_ms,0.314,
frame_ms,0.2777,
frame_ms,0.2552,
frame_ms,0.239,
frame_ms,0.2352,
frame_ms,0.2354,
frame_ms,0.2287,
frame_ms,0.2232,
tick_us,816.3,220
frame_ms,1.9026,
frame_ms,0.2626,
frame_ms,0.2425,
frame_ms,0.2862,
frame_ms,0.2606,
frame_ms,0.2282,
frame_ms,0.2155,
frame_ms,0.2375,
frame_ms,0.2224,
frame_ms,0.2085,
frame_ms,0.2501,
frame_ms,0.2394,
frame_ms,0.2408,
frame_ms,0.229,
frame_ms,0.2122,
frame_ms,0.2121,
frame_ms,0.2514,
frame_ms,0.2256,
frame_ms,0.2072,
frame_ms,0.2432,
frame_ms,0.2141,
frame_ms,0.2125,
frame_ms,0.2057,
tick_us,799.3,222
frame_ms,1.7665,
frame_ms,0.248,
frame_ms,0.2159,
frame_ms,0.2205,
frame_ms,0.2337,
frame_ms,0.2265,
frame_ms,0.2176,
frame_ms,0.2117,
frame_ms,0.2652,
frame_ms,0.2865,
frame_ms,0.2444,
frame_ms,0.2296,
frame_ms,0.2213,
frame_ms,0.2193,
frame_ms,0.2504,
frame_ms,0.2691,
frame_ms,0.2734,
frame_ms,0.2298,
frame_ms,0.2589,
frame_ms,0.3977,
frame_ms,0.3561,
tick_us,768.9,214
frame_ms,1.786,
frame_ms,0.2618,
frame_ms,0.2388,
frame_ms,0.2184,
frame_ms,0.2413,
frame_ms,0.224,
frame_ms,0.2178,
frame_ms,0.2522,
frame_ms,0.2506,
frame_ms,0.2277,
frame_ms,0.2144,
frame_ms,0.2616,
frame_ms,0.2257,
frame_ms,0.2129,
frame_ms,0.248,
frame_ms,0.2231,
frame_ms,0.2159,
frame_ms,0.2118,
frame_ms,0.2405,
frame_ms,0.2248,
frame_ms,0.2176,
frame_ms,0.2105,
frame_ms,0.2424,
tick_us,756.4,220
frame_ms,1.797,
frame_ms,0.2478,
frame_ms,0.2149,
frame_ms,0.245,
frame_ms,0.233,
frame_ms,0.2152,
frame_ms,0.2385,
frame_ms,0.2369,
frame_ms,0.2657,
frame_ms,0.2879,
frame_ms,0.2521,
frame_ms,0.2492,
frame_ms,0.2445,
frame_ms,0.2933,
frame_ms,0.2366,
frame_ms,0.3216,
frame_ms,0.3975,
frame_ms,0.2241,
frame_ms,0.2282,
frame_ms,0.2278,
frame_ms,0.2199,
frame_ms,0.222,
tick_us,805.9,208
frame_ms,1.8574,
frame_ms,0.2792,
frame_ms,0.2287,
frame_ms,0.2318,
frame_ms,0.3028,
frame_ms,0.3249,
frame_ms,0.2458,
frame_ms,0.2142,
frame_ms,0.2234,
frame_ms,0.2201,
frame_ms,0.2403,
frame_ms,0.2338,
frame_ms,0.2149,
frame_ms,0.2333,
frame_ms,0.2186,
frame_ms,0.2102,
frame_ms,0.2139,
frame_ms,0.2647,
frame_ms,0.268,
frame_ms,0.2419,
frame_ms,0.228,
frame_ms,0.2197,
tick_us,829.4,206
frame_ms,1.8338,
frame_ms,0.2741,
frame_ms,0.224,
frame_ms,0.2545,
frame_ms,0.2247,
frame_ms,0.2468,
frame_ms,0.2792,
frame_ms,0.2542,
frame_ms,0.2319,
frame_ms,0.222,
frame_ms,0.2201,
frame_ms,0.2126,
frame_ms,0.3015,
frame_ms,0.2961,
frame_ms,0.2479,
frame_ms,0.2317,
frame_ms,0.2254,
frame_ms,0.2177,
frame_ms,0.2412,
frame_ms,0.2347,
frame_ms,0.227,
frame_ms,0.2183,
tick_us,744.4,208
frame_ms,1.7432,
frame_ms,0.2391,
frame_ms,0.2112,
frame_ms,0.2771,
frame_ms,0.2593,
frame_ms,0.2975,
frame_ms,0.5526,
frame_ms,0.4093,
frame_ms,0.2212,
frame_ms,0.2287,
frame_ms,0.2178,
frame_ms,0.3062,
frame_ms,0.3711,
frame_ms,0.2169,
frame_ms,0.2204,
frame_ms,0.209,
frame_ms,0.2078,
frame_ms,0.2743,
frame_ms,0.2243,
frame_ms,0.2108,
tick_us,789.8,214
frame_ms,1.7881,
frame_ms,0.2372,
frame_ms,0.236,
frame_ms,0.2189,
frame_ms,0.2317,
frame_ms,0.2228,
frame_ms,0.2171,
frame_ms,0.2328,
frame_ms,0.2793,
frame_ms,0.2278,
frame_ms,0.2179,
frame_ms,0.2464,
frame_ms,0.2222,
frame_ms,0.2139,
frame_ms,0.2105,
frame_ms,0.2516,
frame_ms,0.2759,
frame_ms,0.2724,
frame_ms,0.2295,
frame_ms,0.2294,
frame_ms,0.2239,
frame_ms,0.2588,
frame_ms,0.2558,
tick_us,729.3,212
frame_ms,1.7172,
frame_ms,0.2672,
frame_ms,0.2243,
frame_ms,0.2189,
frame_ms,0.2158,
frame_ms,0.2432,
frame_ms,0.2248,
frame_ms,0.2326,
frame_ms,0.2168,
frame_ms,0.2349,
frame_ms,0.2236,
frame_ms,0.3301,
frame_ms,0.2666,
frame_ms,0.2432,
frame_ms,0.2318,
frame_ms,0.2668,
frame_ms,0.2602,
frame_ms,0.2398,
frame_ms,0.2233,
frame_ms,0.2175,
frame_ms,0.243,
frame_ms,0.2213,
frame_ms,0.2257,
tick_us,747.2,206
frame_ms,1.7459,
frame_ms,0.2385,
frame_ms,0.2189,
frame_ms,0.2655,
frame_ms,0.2284,
frame_ms,0.2142,
frame_ms,0.2609,
frame_ms,0.2161,
frame_ms,0.2338,
frame_ms,0.2109,
frame_ms,0.2654,
frame_ms,0.2258,
frame_ms,0.2163,
frame_ms,0.23,
frame_ms,0.2611,
frame_ms,0.2598,
frame_ms,0.2314,
frame_ms,0.2257,
frame_ms,0.224,
frame_ms,0.2173,
frame_ms,0.2171,
frame_ms,0.2463,
frame_ms,0.2437,
tick_us,755.8,200
frame_ms,1.7773,
frame_ms,0.2643,
frame_ms,0.2224,
frame_ms,0.2172,
frame_ms,0.2423,
frame_ms,0.2283,
frame_ms,0.2137,
frame_ms,0.2114,
frame_ms,0.2611,
frame_ms,0.2262,
frame_ms,0.2161,
frame_ms,0.228,
frame_ms,0.2165,
frame_ms,0.2747,
frame_ms,0.2283,
frame_ms,0.2117,
frame_ms,0.2109,
frame_ms,0.2389,
frame_ms,0.2194,
frame_ms,0.4614,
frame_ms,0.4635,
tick_us,733.3,198
frame_ms,1.768,
frame_ms,0.2373,
frame_ms,0.2129,
frame_ms,0.2355,
frame_ms,0.2172,
frame_ms,0.268,
frame_ms,0.2304,
frame_ms,0.2128,
frame_ms,0.2273,
frame_ms,0.2628,
frame_ms,0.2271,
frame_ms,0.2151,
frame_ms,0.2128,
frame_ms,0.2457,
frame_ms,0.2235,
frame_ms,0.2167,
frame_ms,0.2144,
frame_ms,0.2458,
frame_ms,0.2228,
frame_ms,0.2765,
frame_ms,0.2319,
frame_ms,0.2126,
frame_ms,0.2258,
frame_ms,0.2346,
tick_us,740.3,198
frame_ms,1.7203,
frame_ms,0.2348,
frame_ms,0.2131,
frame_ms,0.2845,
frame_ms,0.2335,
frame_ms,0.2126,
frame_ms,0.2316,
frame_ms,0.3334,
frame_ms,0.2209,
frame_ms,0.2196,
frame_ms,0.2121,
frame_ms,0.2056,
frame_ms,0.2587,
frame_ms,0.2287,
frame_ms,0.2126,
frame_ms,0.2586,
frame_ms,0.2236,
frame_ms,0.2119,
frame_ms,0.241,
frame_ms,0.2119,
frame_ms,0.2031,
frame_ms,0.2543,
frame_ms,0.2197,
tick_us,728.7,194
frame_ms,2.0533,
frame_ms,0.2783,
frame_ms,0.4121,
frame_ms,0.2382,
frame_ms,0.3375,
frame_ms,0.2307,
frame_ms,0.2184,
frame_ms,0.2193,
frame_ms,0.2177,
frame_ms,0.2075,
frame_ms,0.2439,
frame_ms,0.2242,
frame_ms,0.2149,
frame_ms,0.2291,
frame_ms,0.2305,
frame_ms,0.2125,
frame_ms,0.2041,
frame_ms,0.2675,
frame_ms,0.2208,
frame_ms,0.214,
frame_ms,0.2088,
frame_ms,0.2101,
tick_us,749.1,196
frame_ms,1.7675,
frame_ms,0.2439,
frame_ms,0.2133,
frame_ms,0.2277,
frame_ms,0.2357,
frame_ms,0.2168,
frame_ms,0.2077,
frame_ms,0.2425,
frame_ms,0.2492,
frame_ms,0.2217,
frame_ms,0.2143,
frame_ms,0.2382,
frame_ms,0.2158,
frame_ms,0.209,
frame_ms,0.2317,
frame_ms,0.2685,
frame_ms,0.3266,
frame_ms,0.2252,
frame_ms,0.2087,
frame_ms,0.2069,
frame_ms,0.2634,
frame_ms,0.2239,
frame_ms,0.2128,
tick_us,744.4,208
frame_ms,1.7491,
frame_ms,0.2328,
frame_ms,0.2054,
frame_ms,0.2645,
frame_ms,0.2218,
frame_ms,0.2083,
frame_ms,0.4359,
frame_ms,0.4812,
frame_ms,0.3154,
frame_ms,0.283,
frame_ms,0.25,
frame_ms,0.2391,
frame_ms,0.2302,
frame_ms,0.229,
frame_ms,0.2236,
frame_ms,0.2317,
frame_ms,0.2251,
frame_ms,0.2192,
frame_ms,0.2488,
frame_ms,0.2625,
frame_ms,0.2508,
tick_us,750.3,206
frame_ms,1.7992,
frame_ms,0.2471,
frame_ms,0.2181,
frame_ms,0.2114,
frame_ms,0.2074,
frame_ms,0.2618,
frame_ms,0.2311,
frame_ms,0.2183,
frame_ms,0.2118,
frame_ms,0.2637,
frame_ms,0.2261,
frame_ms,0.2118,
frame_ms,0.2104,
frame_ms,0.2498,
frame_ms,0.2179,
frame_ms,0.2089,
frame_ms,0.2279,
frame_ms,0.2149,
frame_ms,0.2054,
frame_ms,0.2254,
frame_ms,0.2157,
frame_ms,0.217,
frame_ms,0.2617,
frame_ms,0.2186,
tick_us,769.5,212
frame_ms,1.7439,
frame_ms,0.232,
frame_ms,0.214,
frame_ms,0.2352,
frame_ms,0.2099,
frame_ms,0.2748,
frame_ms,0.2299,
frame_ms,0.2178,
frame_ms,0.2143,
frame_ms,0.2456,
frame_ms,0.2332,
frame_ms,0.2148,
frame_ms,0.2137,
frame_ms,0.2642,
frame_ms,0.2279,
frame_ms,0.2119,
frame_ms,0.2108,
frame_ms,0.2952,
frame_ms,0.2534,
frame_ms,0.2408,
frame_ms,0.2271,
frame_ms,0.2544,
frame_ms,0.2632,
tick_us,759.5,214
frame_ms,1.8117,
frame_ms,0.34,
frame_ms,0.243,
frame_ms,0.2201,
frame_ms,0.2335,
frame_ms,0.2188,
frame_ms,0.2797,
frame_ms,0.2406,
frame_ms,0.2217,
frame_ms,0.2193,
frame_ms,0.2627,
frame_ms,0.2315,
frame_ms,0.2454,
frame_ms,0.2243,
frame_ms,0.213,
frame_ms,0.2306,
frame_ms,0.2276,
frame_ms,0.2257,
frame_ms,0.2149,
frame_ms,0.2286,
frame_ms,0.2716,
frame_ms,0.2335,
tick_us,765.9,218
frame_ms,1.7482,
frame_ms,0.2775,
frame_ms,0.9556,
frame_ms,0.2539,
frame_ms,0.2258,
frame_ms,0.2141,
frame_ms,0.26,
frame_ms,0.2358,
frame_ms,0.2096,
frame_ms,0.2255,
frame_ms,0.2238,
frame_ms,0.2117,
frame_ms,0.2446,
frame_ms,0.2367,
frame_ms,0.2158,
frame_ms,0.2222,
frame_ms,0.2613,
frame_ms,0.2396,
frame_ms,0.2167,
frame_ms,0.2106,
tick_us,754.4,220
frame_ms,1.8165,
frame_ms,0.2688,
frame_ms,0.2244,
frame_ms,0.2137,
frame_ms,0.2126,
frame_ms,0.2456,
frame_ms,0.3139,
frame_ms,0.2371,
frame_ms,0.2283,
frame_ms,0.2109,
frame_ms,0.2465,
frame_ms,0.2324,
frame_ms,0.2167,
frame_ms,0.2409,
frame_ms,0.2334,
frame_ms,0.2164,
frame_ms,0.2571,
frame_ms,0.243,
frame_ms,0.2214,
frame_ms,0.2361,
frame_ms,0.2285,
frame_ms,0.2102,
frame_ms,0.2556,
tick_us,724.9,222
frame_ms,1.7088,
frame_ms,0.2439,
frame_ms,0.2106,
frame_ms,0.2381,
frame_ms,0.2436,
frame_ms,0.2259,
frame_ms,0.216,
frame_ms,0.2641,
frame_ms,0.2394,
frame_ms,0.2149,
frame_ms,0.2239,
frame_ms,0.2093,
frame_ms,0.2572,
frame_ms,0.2407,
frame_ms,0.2219,
frame_ms,0.2154,
frame_ms,0.2459,
frame_ms,0.2316,
frame_ms,0.2167,
frame_ms,0.2531,
frame_ms,0.2312,
frame_ms,0.2169,
frame_ms,0.2672,
frame_ms,0.232,
tick_us,737.6,238
frame_ms,1.8235,
frame_ms,0.3445,
frame_ms,0.2584,
frame_ms,0.2375,
frame_ms,0.245,
frame_ms,0.2378,
frame_ms,0.2487,
frame_ms,0.2406,
frame_ms,0.2357,
frame_ms,0.2335,
frame_ms,0.2362,
frame_ms,0.2378,
frame_ms,0.2318,
frame_ms,0.2325,
frame_ms,0.2474,
frame_ms,0.3693,
frame_ms,0.2506,
frame_ms,0.236,
frame_ms,0.2151,
frame_ms,0.2142,
frame_ms,0.2693,
tick_us,749.9,226
frame_ms,1.7338,
frame_ms,0.2349,
frame_ms,0.2178,
frame_ms,0.2567,
frame_ms,0.2294,
frame_ms,0.2164,
frame_ms,0.2397,
frame_ms,0.2944,
frame_ms,0.2269,
frame_ms,0.2194,
frame_ms,0.2216,
frame_ms,0.2124,
frame_ms,0.2596,
frame_ms,0.4052,
frame_ms,0.3955,
frame_ms,0.3193,
frame_ms,0.2365,
frame_ms,0.2125,
frame_ms,0.2189,
frame_ms,0.2167,
frame_ms,0.2082,
frame_ms,0.244,
tick_us,731.3,222
frame_ms,1.7345,
frame_ms,0.2367,
frame_ms,0.2089,
frame_ms,0.2615,
frame_ms,0.2307,
frame_ms,0.2182,
frame_ms,0.2652,
frame_ms,0.2329,
frame_ms,0.4326,
frame_ms,0.3445,
frame_ms,0.2615,
frame_ms,0.3233,
frame_ms,0.351,
frame_ms,0.3259,
frame_ms,0.3227,
frame_ms,0.2479,
frame_ms,0.2193,
frame_ms,0.225,
frame_ms,0.2254,
frame_ms,0.2292,
tick_us,783.1,226
frame_ms,1.7742,
frame_ms,0.246,
frame_ms,0.2177,
frame_ms,0.2483,
frame_ms,0.231,
frame_ms,0.257,
frame_ms,0.259,
frame_ms,0.2291,
frame_ms,0.2192,
frame_ms,0.214,
frame_ms,0.2445,
frame_ms,0.226,
frame_ms,0.2125,
frame_ms,0.2627,
frame_ms,0.2263,
frame_ms,0.214,
frame_ms,0.2519,
frame_ms,0.2259,
frame_ms,0.2085,
frame_ms,0.2386,
frame_ms,0.2118,
frame_ms,0.2072,
frame_ms,0.2506,
tick_us,759.9,226
frame_ms,1.7449,
frame_ms,0.2386,
frame_ms,0.2153,
frame_ms,0.2374,
frame_ms,0.219,
frame_ms,0.2514,
frame_ms,0.2414,
frame_ms,0.2362,
frame_ms,0.2446,
frame_ms,0.2148,
frame_ms,0.2135,
frame_ms,0.2221,
frame_ms,0.2466,
frame_ms,0.2199,
frame_ms,0.2095,
frame_ms,0.2498,
frame_ms,0.2236,
frame_ms,0.2108,
frame_ms,0.2665,
frame_ms,0.226,
frame_ms,0.2333,
frame_ms,0.2202,
frame_ms,0.2117,
frame_ms,0.2463,
tick_us,740.6,236
frame_ms,1.7267,
frame_ms,0.2321,
frame_ms,0.2103,
frame_ms,0.2633,
frame_ms,0.229,
frame_ms,0.219,
frame_ms,0.2468,
frame_ms,0.2264,
frame_ms,0.2112,
frame_ms,0.2474,
frame_ms,0.2209,
frame_ms,0.2146,
frame_ms,0.2454,
frame_ms,0.2482,
frame_ms,0.2152,
frame_ms,0.2571,
frame_ms,0.2242,
frame_ms,0.2134,
frame_ms,0.257,
frame_ms,0.2237,
frame_ms,0.211,
frame_ms,0.2583,
frame_ms,0.2296,
tick_us,753.8,232
frame_ms,1.7224,
frame_ms,0.2374,
frame_ms,0.2164,
frame_ms,0.2235,
frame_ms,0.2479,
frame_ms,0.2252,
frame_ms,0.2139,
frame_ms,0.2226,
frame_ms,0.2103,
frame_ms,0.2583,
frame_ms,0.2281,
frame_ms,0.2122,
frame_ms,0.2485,
frame_ms,0.2251,
frame_ms,0.2103,
frame_ms,0.2709,
frame_ms,0.2265,
frame_ms,0.2108,
frame_ms,0.257,
frame_ms,0.2258,
frame_ms,0.2156,
frame_ms,0.2224,
frame_ms,0.2188,
frame_ms,0.2068,
tick_us,771.3,218
frame_ms,1.9085,
frame_ms,0.2926,
frame_ms,0.2218,
frame_ms,0.2136,
frame_ms,0.2434,
frame_ms,0.2248,
frame_ms,0.2176,
frame_ms,0.2316,
frame_ms,0.2113,
frame_ms,0.2069,
frame_ms,0.2549,
frame_ms,0.2275,
frame_ms,0.2114,
frame_ms,0.2741,
frame_ms,0.2232,
frame_ms,0.2508,
frame_ms,0.2267,
frame_ms,0.2112,
frame_ms,0.2542,
frame_ms,0.2335,
frame_ms,0.2117,
frame_ms,0.2087,
frame_ms,0.2464,
tick_us,742.9,216
frame_ms,1.7275,
frame_ms,0.2355,
frame_ms,0.2078,
frame_ms,0.2619,
frame_ms,0.2269,
frame_ms,0.2124,
frame_ms,0.2561,
frame_ms,0.226,
frame_ms,0.2083,
frame_ms,0.2165,
frame_ms,0.2389,
frame_ms,0.2324,
frame_ms,0.2118,
frame_ms,0.2637,
frame_ms,0.2252,
frame_ms,0.2099,
frame_ms,0.2419,
frame_ms,0.2261,
frame_ms,0.2093,
frame_ms,0.2776,
frame_ms,0.2295,
frame_ms,0.2087,
frame_ms,0.2516,
frame_ms,0.2199,
tick_us,729.6,220
frame_ms,1.6937,
frame_ms,0.2373,
frame_ms,0.2091,
frame_ms,0.3293,
frame_ms,0.2586,
frame_ms,0.2269,
frame_ms,0.2169,
frame_ms,0.2148,
frame_ms,0.2144,
frame_ms,0.2518,
frame_ms,0.2246,
frame_ms,0.2067,
frame_ms,0.254,
frame_ms,0.2178,
frame_ms,0.211,
frame_ms,0.2599,
frame_ms,0.2216,
frame_ms,0.209,
frame_ms,0.2393,
frame_ms,0.2216,
frame_ms,0.2904,
frame_ms,0.2134,
frame_ms,0.2054,
tick_us,744,218
frame_ms,1.7626,
frame_ms,0.2443,
frame_ms,0.2124,
frame_ms,0.2295,
frame_ms,0.2124,
frame_ms,0.2621,
frame_ms,0.2299,
frame_ms,0.2185,
frame_ms,0.2314,
frame_ms,0.2429,
frame_ms,0.2216,
frame_ms,0.2076,
frame_ms,0.2444,
frame_ms,0.2183,
frame_ms,0.2076,
frame_ms,0.2639,
frame_ms,0.2216,
frame_ms,0.2256,
frame_ms,0.2053,
frame_ms,0.2474,
frame_ms,0.2189,
frame_ms,0.2068,
frame_ms,0.2284,
frame_ms,0.2102,
tick_us,769,224
frame_ms,1.7272,
frame_ms,0.23,
frame_ms,0.2138,
frame_ms,0.2162,
frame_ms,0.2071,
frame_ms,0.2624,
frame_ms,0.2244,
frame_ms,0.2124,
frame_ms,0.28,
frame_ms,0.2182,
frame_ms,0.2379,
frame_ms,0.2215,
frame_ms,0.2078,
frame_ms,0.234,
frame_ms,0.4216,
frame_ms,0.5311,
frame_ms,0.2288,
frame_ms,0.2133,
frame_ms,0.2157,
frame_ms,0.2073,
frame_ms,0.2473,
frame_ms,0.2249,
tick_us,738.5,230
frame_ms,1.7166,
frame_ms,0.2323,
frame_ms,0.2144,
frame_ms,0.2514,
frame_ms,0.226,
frame_ms,0.2137,
frame_ms,0.2433,
frame_ms,0.2301,
frame_ms,0.2177,
frame_ms,0.2173,
frame_ms,0.2464,
frame_ms,0.2294,
frame_ms,0.2099,
frame_ms,0.2263,
frame_ms,0.2344,
frame_ms,0.2172,
frame_ms,0.209,
frame_ms,0.2503,
frame_ms,0.2149,
frame_ms,0.2075,
frame_ms,0.2472,
frame_ms,0.2284,
frame_ms,0.2121,
frame_ms,0.2263,
tick_us,756.9,228
frame_ms,1.7424,
frame_ms,0.232,
frame_ms,0.206,
frame_ms,0.2282,
frame_ms,0.2188,
frame_ms,0.2076,
frame_ms,0.2393,
frame_ms,0.2953,
frame_ms,0.2943,
frame_ms,0.2331,
frame_ms,0.2392,
frame_ms,0.2222,
frame_ms,0.2292,
frame_ms,0.2232,
frame_ms,0.2173,
frame_ms,0.2487,
frame_ms,0.6343,
frame_ms,0.2465,
frame_ms,0.2114,
frame_ms,0.214,
frame_ms,0.2185,
tick_us,790.2,224
frame_ms,1.8523,
frame_ms,0.2821,
frame_ms,0.2286,
frame_ms,0.2297,
frame_ms,0.2225,
frame_ms,0.2494,
frame_ms,0.2285,
frame_ms,0.2228,
frame_ms,0.2182,
frame_ms,0.234,
frame_ms,0.23,
frame_ms,0.2164,
frame_ms,0.218,
frame_ms,0.2399,
frame_ms,0.2241,
frame_ms,0.2139,
frame_ms,0.2522,
frame_ms,0.258,
frame_ms,0.2268,
frame_ms,0.2181,
frame_ms,0.2081,
frame_ms,0.2747,
frame_ms,0.2294,
tick_us,764.2,230
frame_ms,1.7449,
frame_ms,0.2482,
frame_ms,0.2213,
frame_ms,0.2154,
frame_ms,0.2623,
frame_ms,0.2248,
frame_ms,0.2151,
frame_ms,0.2111,
frame_ms,0.2359,
frame_ms,0.2151,
frame_ms,0.2073,
frame_ms,0.2575,
frame_ms,0.2207,
frame_ms,0.2152,
frame_ms,0.2273,
frame_ms,0.2358,
frame_ms,0.2175,
frame_ms,0.2081,
frame_ms,0.2282,
frame_ms,0.2737,
frame_ms,0.2263,
frame_ms,0.2084,
frame_ms,0.2073,
frame_ms,0.2403,
tick_us,732.1,230
frame_ms,1.7986,
frame_ms,0.3235,
frame_ms,0.2517,
frame_ms,0.2391,
frame_ms,0.2351,
frame_ms,0.2338,
frame_ms,0.2777,
frame_ms,0.2427,
frame_ms,0.2235,
frame_ms,0.2177,
frame_ms,0.2551,
frame_ms,0.2245,
frame_ms,0.2121,
frame_ms,0.21,
frame_ms,0.2561,
frame_ms,0.229,
frame_ms,0.2114,
frame_ms,0.2286,
frame_ms,0.2237,
frame_ms,0.2155,
frame_ms,0.2116,
frame_ms,0.2379,
frame_ms,0.2286,
tick_us,733.4,238
frame_ms,1.691,
frame_ms,0.2545,
frame_ms,0.2238,
frame_ms,0.2149,
frame_ms,0.274,
frame_ms,0.2186,
frame_ms,0.2503,
frame_ms,0.2256,
frame_ms,0.2119,
frame_ms,0.2371,
frame_ms,0.2214,
frame_ms,0.2148,
frame_ms,0.2263,
frame_ms,0.2717,
frame_ms,0.2767,
frame_ms,0.2373,
frame_ms,0.2251,
frame_ms,0.217,
frame_ms,0.2129,
frame_ms,0.2442,
frame_ms,0.2586,
frame_ms,0.2273,
frame_ms,0.2122,
frame_ms,0.2103,
tick_us,733.2,248
frame_ms,1.7331,
frame_ms,0.2439,
frame_ms,0.216,
frame_ms,0.2168,
frame_ms,0.26,
frame_ms,0.2277,
frame_ms,0.3619,
frame_ms,0.2513,
frame_ms,0.2213,
frame_ms,0.2187,
frame_ms,0.2162,
frame_ms,0.2218,
frame_ms,0.2425,
frame_ms,0.2288,
frame_ms,0.2123,
frame_ms,0.2157,
frame_ms,0.24,
frame_ms,0.2225,
frame_ms,0.2368,
frame_ms,0.2141,
frame_ms,0.2639,
frame_ms,0.227,
frame_ms,0.2137,
tick_us,745.6,240
frame_ms,1.7509,
frame_ms,0.2585,
frame_ms,0.2136,
frame_ms,0.2096,
frame_ms,0.2581,
frame_ms,0.2241,
frame_ms,0.2124,
frame_ms,0.245,
frame_ms,0.225,
frame_ms,0.213,
frame_ms,0.2323,
frame_ms,0.2167,
frame_ms,0.2765,
frame_ms,0.2265,
frame_ms,0.2111,
frame_ms,0.2118,
frame_ms,0.2425,
frame_ms,0.2224,
frame_ms,0.2126,
frame_ms,0.2377,
frame_ms,0.2135,
frame_ms,0.2059,
frame_ms,0.2401,
frame_ms,0.2195,
tick_us,741.8,246
frame_ms,1.7042,
frame_ms,0.2325,
frame_ms,0.8041,
frame_ms,0.2494,
frame_ms,0.2203,
frame_ms,0.2093,
frame_ms,0.2463,
frame_ms,0.2226,
frame_ms,0.2135,
frame_ms,0.2088,
frame_ms,0.2095,
frame_ms,0.3495,
frame_ms,0.2707,
frame_ms,0.2355,
frame_ms,0.2221,
frame_ms,0.2201,
frame_ms,0.2106,
frame_ms,0.2603,
frame_ms,0.2201,
frame_ms,0.2132,
tick_us,732.9,252
frame_ms,1.7495,
frame_ms,0.2461,
frame_ms,0.2126,
frame_ms,0.2628,
frame_ms,0.2237,
frame_ms,0.2122,
frame_ms,0.2594,
frame_ms,0.2276,
frame_ms,0.2139,
frame_ms,0.2393,
frame_ms,0.2104,
frame_ms,0.2063,
frame_ms,0.2293,
frame_ms,0.2195,
frame_ms,0.2166,
frame_ms,0.2225,
frame_ms,0.2472,
frame_ms,0.217,
frame_ms,0.2089,
frame_ms,0.2522,
frame_ms,0.2209,
frame_ms,0.2143,
frame_ms,0.2568,
frame_ms,0.2246,
tick_us,734.6,262
frame_ms,1.7048,
frame_ms,0.2324,
frame_ms,0.2135,
frame_ms,0.2538,
frame_ms,0.2212,
frame_ms,0.2136,
frame_ms,0.2539,
frame_ms,0.2256,
frame_ms,0.2192,
frame_ms,0.243,
frame_ms,0.2209,
frame_ms,0.2615,
frame_ms,0.2254,
frame_ms,0.2088,
frame_ms,0.2248,
frame_ms,0.2132,
frame_ms,0.2068,
frame_ms,0.2439,
frame_ms,0.2242,
frame_ms,0.214,
frame_ms,0.249,
frame_ms,0.2238,
frame_ms,0.2129,
frame_ms,0.3647,
tick_us,720,264
frame_ms,1.8324,
frame_ms,0.2496,
frame_ms,0.2178,
frame_ms,0.2591,
frame_ms,0.2245,
frame_ms,0.2121,
frame_ms,0.2745,
frame_ms,0.2302,
frame_ms,0.2111,
frame_ms,0.2535,
frame_ms,0.2302,
frame_ms,0.2093,
frame_ms,0.2537,
frame_ms,0.2249,
frame_ms,0.2111,
frame_ms,0.2398,
frame_ms,0.2243,
frame_ms,0.2103,
frame_ms,0.212,
frame_ms,0.2425,
frame_ms,0.2197,
frame_ms,0.2106,
frame_ms,0.2258,
tick_us,731.9,266
frame_ms,1.7041,
frame_ms,0.2387,
frame_ms,0.2098,
frame_ms,0.262,
frame_ms,0.2271,
frame_ms,0.2129,
frame_ms,0.298,
frame_ms,0.2393,
frame_ms,0.2269,
frame_ms,0.2085,
frame_ms,0.2053,
frame_ms,0.2525,
frame_ms,0.2245,
frame_ms,0.2125,
frame_ms,0.2532,
frame_ms,0.2348,
frame_ms,0.2108,
frame_ms,0.2592,
frame_ms,0.2238,
frame_ms,0.2585,
frame_ms,0.2878,
frame_ms,0.2468,
frame_ms,0.239,
tick_us,832.2,252
frame_ms,1.9196,
frame_ms,0.3156,
frame_ms,0.2814,
frame_ms,0.3137,
frame_ms,0.2237,
frame_ms,0.2167,
frame_ms,0.2154,
frame_ms,0.2391,
frame_ms,0.2282,
frame_ms,0.2135,
frame_ms,0.2464,
frame_ms,0.2266,
frame_ms,0.212,
frame_ms,0.2545,
frame_ms,0.2238,
frame_ms,0.2098,
frame_ms,0.2516,
frame_ms,0.2238,
frame_ms,0.2128,
frame_ms,0.2517,
frame_ms,0.2235,
frame_ms,0.2129,
tick_us,744.3,256
frame_ms,1.7245,
frame_ms,0.2332,
frame_ms,0.2148,
frame_ms,0.2106,
frame_ms,0.2139,
frame_ms,0.2488,
frame_ms,0.2246,
frame_ms,0.2116,
frame_ms,0.2584,
frame_ms,0.2265,
frame_ms,0.2101,
frame_ms,0.2565,
frame_ms,0.2261,
frame_ms,0.2117,
frame_ms,0.2192,
frame_ms,0.2102,
frame_ms,0.2104,
frame_ms,0.2473,
frame_ms,0.2248,
frame_ms,0.2107,
frame_ms,0.2573,
frame_ms,0.2219,
frame_ms,0.2081,
frame_ms,0.2544,
tick_us,720.7,244
frame_ms,1.6961,
frame_ms,0.2382,
frame_ms,0.2178,
frame_ms,0.2319,
frame_ms,0.2475,
frame_ms,0.2264,
frame_ms,0.2084,
frame_ms,0.2541,
frame_ms,0.2275,
frame_ms,0.3154,
frame_ms,0.3729,
frame_ms,0.2398,
frame_ms,0.2242,
frame_ms,0.2252,
frame_ms,0.2243,
frame_ms,0.2188,
frame_ms,0.2174,
frame_ms,0.267,
frame_ms,0.2571,
frame_ms,0.2313,
frame_ms,0.2135,
frame_ms,0.2428,
frame_ms,0.2439,
tick_us,760.2,240
frame_ms,1.7231,
frame_ms,0.2297,
frame_ms,0.2104,
frame_ms,0.2421,
frame_ms,0.2271,
frame_ms,0.2119,
frame_ms,0.2331,
frame_ms,0.2246,
frame_ms,0.2168,
frame_ms,0.2325,
frame_ms,0.216,
frame_ms,0.2171,
frame_ms,0.218,
frame_ms,0.2566,
frame_ms,0.227,
frame_ms,0.2096,
frame_ms,0.2713,
frame_ms,0.2305,
frame_ms,0.221,
frame_ms,0.2084,
frame_ms,0.2423,
frame_ms,0.2208,
frame_ms,0.2048,
frame_ms,0.2574,
tick_us,752.3,238
frame_ms,1.7376,
frame_ms,0.2282,
frame_ms,0.2077,
frame_ms,0.2407,
frame_ms,0.2243,
frame_ms,0.2108,
frame_ms,0.2207,
frame_ms,0.2428,
frame_ms,0.2239,
frame_ms,0.2111,
frame_ms,0.2548,
frame_ms,0.2198,
frame_ms,0.2118,
frame_ms,0.2418,
frame_ms,0.2794,
frame_ms,0.2429,
frame_ms,0.2274,
frame_ms,0.2241,
frame_ms,0.3938,
frame_ms,0.2474,
frame_ms,0.2218,
frame_ms,0.2151,
frame_ms,0.2143,
tick_us,748.1,246
frame_ms,1.7343,
frame_ms,0.252,
frame_ms,0.2192,
frame_ms,0.2517,
frame_ms,0.238,
frame_ms,0.2187,
frame_ms,0.2502,
frame_ms,0.2271,
frame_ms,0.2128,
frame_ms,0.2539,
frame_ms,0.2229,
frame_ms,0.2098,
frame_ms,0.2348,
frame_ms,0.2166,
frame_ms,0.2077,
frame_ms,0.2574,
frame_ms,0.2236,
frame_ms,0.2105,
frame_ms,0.2537,
frame_ms,0.2325,
frame_ms,0.211,
frame_ms,0.2463,
frame_ms,0.2224,
tick_us,747.4,238
frame_ms,1.7028,
frame_ms,0.2284,
frame_ms,0.2166,
frame_ms,0.2591,
frame_ms,0.2212,
frame_ms,0.2098,
frame_ms,0.2466,
frame_ms,0.2227,
frame_ms,0.2786,
frame_ms,0.2699,
frame_ms,0.2278,
frame_ms,0.2519,
frame_ms,0.2489,
frame_ms,0.2176,
frame_ms,0.2249,
frame_ms,0.2102,
frame_ms,0.2803,
frame_ms,0.2286,
frame_ms,0.2098,
frame_ms,0.2513,
frame_ms,0.2677,
frame_ms,0.2296,
frame_ms,0.2237,
frame_ms,0.2135,
tick_us,841.5,242
frame_ms,1.8733,
frame_ms,0.3224,
frame_ms,0.2443,
frame_ms,0.2326,
frame_ms,0.2296,
frame_ms,0.2244,
frame_ms,0.2163,
frame_ms,0.2474,
frame_ms,0.2597,
frame_ms,0.2275,
frame_ms,0.2182,
frame_ms,0.2131,
frame_ms,0.2531,
frame_ms,0.221,
frame_ms,0.2139,
frame_ms,0.2551,
frame_ms,0.2258,
frame_ms,0.2122,
frame_ms,0.2503,
frame_ms,0.2198,
frame_ms,0.2118,
frame_ms,0.2531,
tick_us,734.7,244
frame_ms,1.7268,
frame_ms,0.3804,
frame_ms,0.4891,
frame_ms,0.2765,
frame_ms,0.2433,
frame_ms,0.2368,
frame_ms,0.2711,
frame_ms,0.3033,
frame_ms,0.2944,
frame_ms,0.2169,
frame_ms,0.2415,
frame_ms,0.2226,
frame_ms,0.2205,
frame_ms,0.2136,
frame_ms,0.2482,
frame_ms,0.2167,
frame_ms,0.2162,
frame_ms,0.2477,
frame_ms,0.2663,
frame_ms,0.2271,
frame_ms,0.3048,
tick_us,710.1,240
frame_ms,1.704,
frame_ms,0.2453,
frame_ms,0.3543,
frame_ms,0.3861,
frame_ms,0.3359,
frame_ms,0.2687,
frame_ms,0.2323,
frame_ms,0.2147,
frame_ms,0.2194,
frame_ms,0.2209,
frame_ms,0.2143,
frame_ms,0.2103,
frame_ms,0.2747,
frame_ms,0.232,
frame_ms,0.2447,
frame_ms,0.2681,
frame_ms,0.2247,
frame_ms,0.2306,
frame_ms,0.2193,
frame_ms,0.2428,
frame_ms,0.2171,
tick_us,752.7,238
frame_ms,1.7376,
frame_ms,0.2414,
frame_ms,0.2256,
frame_ms,0.2367,
frame_ms,0.221,
frame_ms,0.2617,
frame_ms,0.2643,
frame_ms,0.2451,
frame_ms,0.2217,
frame_ms,0.2122,
frame_ms,0.2113,
frame_ms,0.2731,
frame_ms,0.2233,
frame_ms,0.2168,
frame_ms,0.2629,
frame_ms,0.2217,
frame_ms,0.209,
frame_ms,0.2559,
frame_ms,0.2289,
frame_ms,0.2174,
frame_ms,0.2446,
frame_ms,0.2275,
frame_ms,0.2165,
tick_us,753.2,232
frame_ms,1.7588,
frame_ms,0.2478,
frame_ms,0.2151,
frame_ms,0.2352,
frame_ms,0.2128,
frame_ms,0.2687,
frame_ms,0.2278,
frame_ms,0.2166,
frame_ms,0.2684,
frame_ms,0.2274,
frame_ms,0.2121,
frame_ms,0.2507,
frame_ms,0.4672,
frame_ms,0.7479,
frame_ms,0.3717,
frame_ms,0.226,
frame_ms,0.2237,
frame_ms,0.221,
frame_ms,0.2186,
frame_ms,0.2435,
tick_us,770.9,230
frame_ms,1.7535,
frame_ms,0.2354,
frame_ms,0.2148,
frame_ms,0.2673,
frame_ms,0.2288,
frame_ms,0.213,
frame_ms,0.2138,
frame_ms,0.2484,
frame_ms,0.255,
frame_ms,0.2191,
frame_ms,0.217,
frame_ms,0.2445,
frame_ms,0.2227,
frame_ms,0.2124,
frame_ms,0.2319,
frame_ms,0.2159,
frame_ms,0.2096,
frame_ms,0.252,
frame_ms,0.2255,
frame_ms,0.2128,
frame_ms,0.2559,
frame_ms,0.2322,
frame_ms,0.2172,
frame_ms,0.2585,
tick_us,745.9,226
frame_ms,1.7225,
frame_ms,0.2353,
frame_ms,0.2147,
frame_ms,0.2284,
frame_ms,0.2151,
frame_ms,0.2717,
frame_ms,0.2305,
frame_ms,0.2167,
frame_ms,0.2432,
frame_ms,0.2213,
frame_ms,0.2117,
frame_ms,0.2463,
frame_ms,0.2238,
frame_ms,0.2249,
frame_ms,0.2466,
frame_ms,0.2272,
frame_ms,0.3024,
frame_ms,0.2881,
frame_ms,0.2682,
frame_ms,0.26,
frame_ms,0.2678,
frame_ms,0.2129,
tick_us,768.8,234
frame_ms,1.7264,
frame_ms,0.2312,
frame_ms,0.2167,
frame_ms,0.239,
frame_ms,0.2188,
frame_ms,0.2105,
frame_ms,0.2267,
frame_ms,0.209,
frame_ms,0.2055,
frame_ms,0.2632,
frame_ms,0.2263,
frame_ms,0.2091,
frame_ms,0.2472,
frame_ms,0.2224,
frame_ms,0.2115,
frame_ms,0.2496,
frame_ms,0.2245,
frame_ms,0.2103,
frame_ms,0.2497,
frame_ms,0.2181,
frame_ms,0.2157,
frame_ms,0.2525,
frame_ms,0.2214,
frame_ms,0.2103,
tick_us,741.6,236
frame_ms,1.7332,
frame_ms,0.2424,
frame_ms,0.2142,
frame_ms,0.2513,
frame_ms,0.2614,
frame_ms,0.2685,
frame_ms,0.2293,
frame_ms,0.2699,
frame_ms,0.2417,
frame_ms,0.2244,
frame_ms,0.2275,
frame_ms,0.2115,
frame_ms,0.2621,
frame_ms,0.2561,
frame_ms,0.2306,
frame_ms,0.2203,
frame_ms,0.2121,
frame_ms,0.2354,
frame_ms,0.2123,
frame_ms,0.2099,
frame_ms,0.2594,
frame_ms,0.2344,
frame_ms,0.2105,
tick_us,735.9,242
frame_ms,1.7713,
frame_ms,0.615,
frame_ms,0.2258,
frame_ms,0.2148,
frame_ms,0.2254,
frame_ms,0.2133,
frame_ms,0.2586,
frame_ms,0.2271,
frame_ms,0.2149,
frame_ms,0.2536,
frame_ms,0.2264,
frame_ms,0.2724,
frame_ms,0.2342,
frame_ms,0.2154,
frame_ms,0.237,
frame_ms,0.2229,
frame_ms,0.2103,
frame_ms,0.2234,
frame_ms,0.2131,
frame_ms,0.2046,
frame_ms,0.2411,
frame_ms,0.2215,
frame_ms,0.2069,
tick_us,730.6,236
frame_ms,1.74,
frame_ms,0.2444,
frame_ms,0.2179,
frame_ms,0.2542,
frame_ms,0.2195,
frame_ms,0.2117,
frame_ms,0.2473,
frame_ms,0.2232,
frame_ms,0.2082,
frame_ms,0.2251,
frame_ms,0.2092,
frame_ms,0.206,
frame_ms,0.2646,
frame_ms,0.2278,
frame_ms,0.209,
frame_ms,0.2261,
frame_ms,0.2468,
frame_ms,0.2176,
frame_ms,0.211,
frame_ms,0.2649,
frame_ms,0.2271,
frame_ms,0.2132,
frame_ms,0.2363,
frame_ms,0.2226,
tick_us,729.2,240
frame_ms,1.6992,
frame_ms,0.2341,
frame_ms,0.2089,
frame_ms,0.2536,
frame_ms,0.3606,
frame_ms,0.4654,
frame_ms,0.2641,
frame_ms,0.2147,
frame_ms,0.2175,
frame_ms,0.2142,
frame_ms,0.213,
frame_ms,0.244,
frame_ms,0.2213,
frame_ms,0.2136,
frame_ms,0.2773,
frame_ms,0.224,
frame_ms,0.2113,
frame_ms,0.274,
frame_ms,0.2259,
frame_ms,0.2118,
frame_ms,0.2696,
frame_ms,0.2264,
tick_us,767.8,240
frame_ms,1.7568,
frame_ms,0.2436,
frame_ms,0.2117,
frame_ms,0.2422,
frame_ms,0.2253,
frame_ms,0.212,
frame_ms,0.2447,
frame_ms,0.2257,
frame_ms,0.2109,
frame_ms,0.2442,
frame_ms,0.2258,
frame_ms,0.2147,
frame_ms,0.2478,
frame_ms,0.2298,
frame_ms,0.2165,
frame_ms,0.2398,
frame_ms,0.2128,
frame_ms,0.2085,
frame_ms,0.2366,
frame_ms,0.2233,
frame_ms,0.2151,
frame_ms,0.2605,
frame_ms,0.2306,
tick_us,770.7,236
frame_ms,1.7582,
frame_ms,0.2431,
frame_ms,0.2121,
frame_ms,0.2528,
frame_ms,0.2298,
frame_ms,0.2174,
frame_ms,0.2201,
frame_ms,0.2164,
frame_ms,0.4279,
frame_ms,0.2913,
frame_ms,0.2747,
frame_ms,0.2297,
frame_ms,0.2208,
frame_ms,0.2113,
frame_ms,0.2388,
frame_ms,0.263,
frame_ms,0.2227,
frame_ms,0.2109,
frame_ms,0.2297,
frame_ms,0.2591,
frame_ms,0.2753,
frame_ms,0.2352,
tick_us,774.4,228
frame_ms,1.8714,
frame_ms,0.2697,
frame_ms,2.3981,
frame_ms,0.3053,
frame_ms,0.2373,
frame_ms,0.2297,
frame_ms,0.2147,
frame_ms,0.2134,
frame_ms,0.2396,
frame_ms,0.2533,
frame_ms,0.6233,
tick_us,776,232
frame_ms,1.8391,
frame_ms,0.2574,
frame_ms,0.225,
frame_ms,0.2272,
frame_ms,0.2388,
frame_ms,0.2216,
frame_ms,0.2193,
frame_ms,0.2152,
frame_ms,0.2549,
frame_ms,0.2839,
frame_ms,0.2365,
frame_ms,0.2301,
frame_ms,0.2226,
frame_ms,0.2286,
frame_ms,0.2484,
frame_ms,0.3629,
frame_ms,0.2909,
frame_ms,0.3702,
frame_ms,0.2751,
frame_ms,0.2351,
frame_ms,0.2133,
frame_ms,0.2156,
tick_us,908,238
frame_ms,1.9957,
frame_ms,0.3034,
frame_ms,0.234,
frame_ms,0.2421,
frame_ms,0.2221,
frame_ms,0.2134,
frame_ms,0.271,
frame_ms,0.279,
frame_ms,0.245,
frame_ms,0.2296,
frame_ms,0.2205,
frame_ms,0.2225,
frame_ms,0.2688,
frame_ms,0.2304,
frame_ms,0.2192,
frame_ms,0.2461,
frame_ms,0.2319,
frame_ms,0.2331,
frame_ms,0.2712,
frame_ms,0.2932,
frame_ms,0.2497,
tick_us,779.1,230
frame_ms,2.0133,
frame_ms,0.3266,
frame_ms,0.241,
frame_ms,0.2329,
frame_ms,0.234,
frame_ms,0.2249,
frame_ms,0.2521,
frame_ms,0.2232,
frame_ms,0.2137,
frame_ms,0.2159,
frame_ms,0.2433,
frame_ms,0.2271,
frame_ms,0.2171,
frame_ms,0.2536,
frame_ms,0.2279,
frame_ms,0.2203,
frame_ms,0.217,
frame_ms,0.236,
frame_ms,0.3856,
frame_ms,0.4867,
tick_us,749.5,234
frame_ms,1.8434,
frame_ms,0.2585,
frame_ms,0.2353,
frame_ms,0.2206,
frame_ms,0.2404,
frame_ms,0.2244,
frame_ms,0.2212,
frame_ms,0.2316,
frame_ms,0.2333,
frame_ms,0.2448,
frame_ms,0.2236,
frame_ms,0.2119,
frame_ms,0.2201,
frame_ms,0.2926,
frame_ms,0.4066,
frame_ms,0.3495,
frame_ms,0.3954,
frame_ms,0.3442,
frame_ms,0.3409,
frame_ms,0.3197,
tick_us,751.9,236
frame_ms,1.7786,
frame_ms,0.2421,
frame_ms,0.2231,
frame_ms,0.2173,
frame_ms,0.2457,
frame_ms,0.2242,
frame_ms,0.2134,
frame_ms,0.2468,
frame_ms,0.226,
frame_ms,0.2128,
frame_ms,0.2116,
frame_ms,0.2455,
frame_ms,0.2206,
frame_ms,0.2164,
frame_ms,0.2293,
frame_ms,0.2164,
frame_ms,0.2561,
frame_ms,0.2245,
frame_ms,0.2178,
frame_ms,0.2294,
frame_ms,0.221,
frame_ms,0.2537,
frame_ms,0.2412,
tick_us,770.8,236
frame_ms,1.993,
frame_ms,0.3916,
frame_ms,0.2506,
frame_ms,0.2409,
frame_ms,0.2641,
frame_ms,0.2305,
frame_ms,0.231,
frame_ms,0.3924,
frame_ms,0.278,
frame_ms,0.2358,
frame_ms,0.2203,
frame_ms,0.2158,
frame_ms,0.2202,
frame_ms,0.2341,
frame_ms,0.2308,
frame_ms,0.232,
frame_ms,0.2182,
frame_ms,0.2144,
frame_ms,0.2606,
frame_ms,0.2267,
frame_ms,0.2194,
tick_us,814.2,230
frame_ms,1.8224,
frame_ms,0.2396,
frame_ms,0.2151,
frame_ms,0.2138,
frame_ms,0.2117,
frame_ms,0.2544,
frame_ms,0.2317,
frame_ms,0.2131,
frame_ms,0.2141,
frame_ms,0.2354,
frame_ms,0.2194,
frame_ms,0.2145,
frame_ms,0.2278,
frame_ms,0.2507,
frame_ms,0.2478,
frame_ms,0.2288,
frame_ms,0.2205,
frame_ms,0.2332,
frame_ms,0.2533,
frame_ms,0.2229,
frame_ms,0.2133,
frame_ms,0.2356,
frame_ms,0.2194,
frame_ms,0.2164,
tick_us,765.3,242
frame_ms,1.7499,
frame_ms,0.242,
frame_ms,0.2204,
frame_ms,0.2561,
frame_ms,0.317,
frame_ms,0.2552,
frame_ms,0.2569,
frame_ms,0.2496,
frame_ms,0.2283,
frame_ms,0.2141,
frame_ms,0.2169,
frame_ms,0.2618,
frame_ms,0.2889,
frame_ms,0.2373,
frame_ms,0.2184,
frame_ms,0.2161,
frame_ms,0.2123,
frame_ms,0.2597,
frame_ms,0.2408,
frame_ms,0.2256,
frame_ms,0.2138,
frame_ms,0.2723,
tick_us,765.6,236
frame_ms,1.7719,
frame_ms,0.2367,
frame_ms,0.2226,
frame_ms,0.212,
frame_ms,0.2307,
frame_ms,0.2252,
frame_ms,0.2364,
frame_ms,0.2245,
frame_ms,0.2196,
frame_ms,0.2391,
frame_ms,0.2202,
frame_ms,0.2599,
frame_ms,0.2311,
frame_ms,0.2148,
frame_ms,0.2581,
frame_ms,0.2365,
frame_ms,0.2131,
frame_ms,0.4253,
frame_ms,0.3778,
frame_ms,0.4474,
frame_ms,0.2523,
tick_us,772.1,242
frame_ms,1.7671,
frame_ms,0.2471,
frame_ms,0.2207,
frame_ms,0.2215,
frame_ms,0.2438,
frame_ms,0.2899,
frame_ms,0.2442,
frame_ms,0.2257,
frame_ms,0.219,
frame_ms,0.2402,
frame_ms,0.489,
frame_ms,0.3207,
frame_ms,0.5742,
frame_ms,0.329,
frame_ms,0.2268,
frame_ms,0.2274,
frame_ms,0.2206,
frame_ms,0.2198,
frame_ms,0.2198,
frame_ms,0.2481,
tick_us,765.6,246
frame_ms,1.7423,
frame_ms,0.2485,
frame_ms,0.2196,
frame_ms,0.2198,
frame_ms,0.2492,
frame_ms,0.293,
frame_ms,0.2437,
frame_ms,0.2232,
frame_ms,0.2136,
frame_ms,0.2424,
frame_ms,0.2326,
frame_ms,0.2138,
frame_ms,0.3793,
frame_ms,0.2297,
frame_ms,0.2119,
frame_ms,0.2595,
frame_ms,0.2259,
frame_ms,0.2082,
frame_ms,0.2454,
frame_ms,0.2757,
frame_ms,0.257,
frame_ms,0.238,
tick_us,765.8,242
frame_ms,1.825,
frame_ms,0.2613,
frame_ms,0.2172,
frame_ms,0.2166,
frame_ms,0.2685,
frame_ms,0.2328,
frame_ms,0.2129,
frame_ms,0.2762,
frame_ms,0.3052,
frame_ms,0.2319,
frame_ms,0.225,
frame_ms,0.2169,
frame_ms,0.2134,
frame_ms,0.2668,
frame_ms,0.2242,
frame_ms,0.4726,
frame_ms,0.4124,
frame_ms,0.3753,
frame_ms,0.3533,
tick_us,922.8,240
frame_ms,2.1256,
frame_ms,0.3106,
frame_ms,0.2356,
frame_ms,0.2503,
frame_ms,0.224,
frame_ms,0.218,
frame_ms,0.2365,
frame_ms,0.2178,
frame_ms,0.2087,
frame_ms,0.2471,
frame_ms,0.3086,
frame_ms,0.2475,
frame_ms,0.229,
frame_ms,0.2159,
frame_ms,0.2145,
frame_ms,0.2735,
frame_ms,0.2362,
frame_ms,0.2246,
frame_ms,0.2414,
frame_ms,0.2284,
frame_ms,0.2165,
frame_ms,0.2375,
tick_us,774.6,238
frame_ms,1.7776,
frame_ms,0.2514,
frame_ms,0.2199,
frame_ms,0.2465,
frame_ms,0.2229,
frame_ms,0.2222,
frame_ms,0.239,
frame_ms,0.2194,
frame_ms,0.2217,
frame_ms,0.2321,
frame_ms,0.2307,
frame_ms,0.2192,
frame_ms,0.2478,
frame_ms,0.2194,
frame_ms,0.2358,
frame_ms,0.2254,
frame_ms,0.2711,
frame_ms,0.238,
frame_ms,0.2161,
frame_ms,0.2561,
frame_ms,0.2361,
frame_ms,0.2251,
frame_ms,0.2429,
tick_us,833,236
frame_ms,1.8907,
frame_ms,0.2673,
frame_ms,0.2283,
frame_ms,0.2555,
frame_ms,0.2617,
frame_ms,0.2335,
frame_ms,0.2166,
frame_ms,0.2353,
frame_ms,0.2184,
frame_ms,0.2393,
frame_ms,0.2213,
frame_ms,0.2692,
frame_ms,0.2304,
frame_ms,0.2166,
frame_ms,0.267,
frame_ms,0.2457,
frame_ms,0.2231,
frame_ms,0.2409,
frame_ms,0.2628,
frame_ms,0.2745,
frame_ms,0.2397,
frame_ms,0.2255,
tick_us,795.1,228
frame_ms,1.794,
frame_ms,0.2689,
frame_ms,0.2196,
frame_ms,0.219,
frame_ms,0.2499,
frame_ms,0.2182,
frame_ms,0.2181,
frame_ms,0.2448,
frame_ms,0.2178,
frame_ms,0.2159,
frame_ms,0.2364,
frame_ms,0.2177,
frame_ms,0.2104,
frame_ms,0.2348,
frame_ms,0.2381,
frame_ms,0.2316,
frame_ms,0.2155,
frame_ms,0.233,
frame_ms,0.2224,
frame_ms,0.3815,
frame_ms,0.4301,
tick_us,764.6,230
frame_ms,1.9562,
frame_ms,0.257,
frame_ms,0.3079,
frame_ms,0.2631,
frame_ms,0.2405,
frame_ms,0.2354,
frame_ms,0.2277,
frame_ms,0.304,
frame_ms,0.2839,
frame_ms,0.2484,
frame_ms,0.2298,
frame_ms,0.2211,
frame_ms,0.2185,
frame_ms,0.2184,
frame_ms,0.2717,
frame_ms,0.2454,
frame_ms,0.2215,
frame_ms,0.2289,
frame_ms,0.2175,
frame_ms,0.2144,
frame_ms,0.2575,
frame_ms,0.29,
tick_us,753.9,224
frame_ms,1.7588,
frame_ms,0.2482,
frame_ms,0.2192,
frame_ms,0.2362,
frame_ms,0.2244,
frame_ms,0.2722,
frame_ms,0.2317,
frame_ms,0.2276,
frame_ms,0.2377,
frame_ms,0.2213,
frame_ms,0.2808,
frame_ms,0.2419,
frame_ms,0.2205,
frame_ms,0.241,
frame_ms,0.2295,
frame_ms,0.2175,
frame_ms,0.2454,
frame_ms,0.2209,
frame_ms,0.219,
frame_ms,0.2358,
frame_ms,0.2232,
frame_ms,0.2744,
frame_ms,0.2384,
tick_us,748.4,218
frame_ms,1.7368,
frame_ms,0.2403,
frame_ms,0.2151,
frame_ms,0.2472,
frame_ms,0.2318,
frame_ms,0.2151,
frame_ms,0.2332,
frame_ms,0.4238,
frame_ms,0.4468,
frame_ms,0.2395,
frame_ms,0.2168,
frame_ms,0.2158,
frame_ms,0.2319,
frame_ms,0.2173,
frame_ms,0.2161,
frame_ms,0.2266,
frame_ms,0.2384,
frame_ms,0.2141,
frame_ms,0.2075,
frame_ms,0.3296,
frame_ms,0.2874,
tick_us,737.2,220
frame_ms,1.7557,
frame_ms,0.2512,
frame_ms,0.2167,
frame_ms,0.2457,
frame_ms,0.2405,
frame_ms,0.2239,
frame_ms,0.2458,
frame_ms,0.2332,
frame_ms,0.217,
frame_ms,0.24,
frame_ms,0.221,
frame_ms,0.3001,
frame_ms,0.296,
frame_ms,0.2848,
frame_ms,0.3581,
frame_ms,0.3037,
frame_ms,0.2474,
frame_ms,0.2343,
frame_ms,0.297,
frame_ms,0.2956,
frame_ms,0.2316,
tick_us,737.6,226
frame_ms,1.7308,
frame_ms,0.2444,
frame_ms,0.2193,
frame_ms,0.2238,
frame_ms,0.2388,
frame_ms,0.237,
frame_ms,0.2227,
frame_ms,0.2947,
frame_ms,0.2732,
frame_ms,0.2489,
frame_ms,0.2214,
frame_ms,0.2306,
frame_ms,0.215,
frame_ms,0.5791,
frame_ms,0.3822,
frame_ms,0.2967,
frame_ms,0.2408,
frame_ms,0.2217,
frame_ms,0.2229,
frame_ms,0.2139,
frame_ms,0.2477,
tick_us,757.3,242
frame_ms,1.7526,
frame_ms,0.2459,
frame_ms,0.215,
frame_ms,0.2384,
frame_ms,0.2271,
frame_ms,0.211,
frame_ms,0.2558,
frame_ms,0.2299,
frame_ms,0.2214,
frame_ms,0.2183,
frame_ms,0.2644,
frame_ms,0.2323,
frame_ms,0.2422,
frame_ms,0.251,
frame_ms,0.2109,
frame_ms,0.2614,
frame_ms,0.2276,
frame_ms,0.217,
frame_ms,0.2113,
frame_ms,0.2464,
frame_ms,0.2164,
frame_ms,0.2075,
frame_ms,0.2285,
frame_ms,0.2124,
tick_us,766.5,238
frame_ms,1.7259,
frame_ms,0.2347,
frame_ms,0.2153,
frame_ms,0.2357,
frame_ms,0.2184,
frame_ms,0.2086,
frame_ms,0.2568,
frame_ms,0.2117,
frame_ms,0.208,
frame_ms,0.2463,
frame_ms,0.2209,
frame_ms,0.2149,
frame_ms,0.2285,
frame_ms,0.2345,
frame_ms,0.2131,
frame_ms,0.2053,
frame_ms,0.2344,
frame_ms,0.2418,
frame_ms,0.2161,
frame_ms,0.2153,
frame_ms,0.3356,
frame_ms,0.3144,
frame_ms,0.2175,
tick_us,757.9,242
frame_ms,1.7495,
frame_ms,0.2395,
frame_ms,0.212,
frame_ms,0.2559,
frame_ms,0.2223,
frame_ms,0.2102,
frame_ms,0.2395,
frame_ms,0.213,
frame_ms,0.2128,
frame_ms,0.2422,
frame_ms,0.2261,
frame_ms,0.2136,
frame_ms,0.2305,
frame_ms,0.2116,
frame_ms,0.2624,
frame_ms,0.2256,
frame_ms,0.2122,
frame_ms,0.2354,
frame_ms,0.2186,
frame_ms,0.2127,
frame_ms,0.2365,
frame_ms,0.2149,
frame_ms,0.205,
frame_ms,0.2626,
tick_us,741.2,246
frame_ms,1.7243,
frame_ms,0.2343,
frame_ms,0.2128,
frame_ms,0.2457,
frame_ms,0.2112,
frame_ms,0.2055,
frame_ms,0.265,
frame_ms,0.2287,
frame_ms,0.2133,
frame_ms,0.2351,
frame_ms,0.2114,
frame_ms,0.2041,
frame_ms,0.2599,
frame_ms,0.2255,
frame_ms,0.2202,
frame_ms,0.2308,
frame_ms,0.2125,
frame_ms,0.2793,
frame_ms,0.2231,
frame_ms,0.2119,
frame_ms,0.2378,
frame_ms,0.2151,
frame_ms,0.2219,
frame_ms,0.2384,
tick_us,776,246
frame_ms,1.7829,
frame_ms,0.2366,
frame_ms,0.2101,
frame_ms,0.268,
frame_ms,0.2263,
frame_ms,0.2127,
frame_ms,0.2299,
frame_ms,0.2135,
frame_ms,0.2768,
frame_ms,0.225,
frame_ms,0.2128,
frame_ms,0.2282,
frame_ms,0.2356,
frame_ms,0.2133,
frame_ms,0.2072,
frame_ms,0.2392,
frame_ms,0.22,
frame_ms,0.2095,
frame_ms,0.2444,
frame_ms,0.2491,
frame_ms,0.21,
frame_ms,0.2093,
frame_ms,0.2482,
tick_us,735,246
frame_ms,1.7038,
frame_ms,0.2463,
frame_ms,0.2134,
frame_ms,0.2395,
frame_ms,0.2121,
frame_ms,0.208,
frame_ms,0.2394,
frame_ms,0.2194,
frame_ms,0.2123,
frame_ms,0.2425,
frame_ms,0.2176,
frame_ms,0.2265,
frame_ms,0.2066,
frame_ms,0.2454,
frame_ms,0.227,
frame_ms,0.2088,
frame_ms,0.2268,
frame_ms,0.2334,
frame_ms,0.2212,
frame_ms,0.2094,
frame_ms,0.2397,
frame_ms,0.2263,
frame_ms,0.2086,
frame_ms,0.2252,
frame_ms,0.2374,
tick_us,747.3,240
frame_ms,1.7254,
frame_ms,0.3672,
frame_ms,0.3979,
frame_ms,0.2596,
frame_ms,0.2151,
frame_ms,0.2154,
frame_ms,0.2078,
frame_ms,0.2067,
frame_ms,0.2711,
frame_ms,0.2229,
frame_ms,0.2092,
frame_ms,0.2507,
frame_ms,0.2242,
frame_ms,0.2118,
frame_ms,0.2342,
frame_ms,0.2114,
frame_ms,0.2138,
frame_ms,0.2447,
frame_ms,0.2152,
frame_ms,0.2047,
frame_ms,0.2399,
frame_ms,0.2142,
frame_ms,0.2016,
tick_us,758,236
frame_ms,1.782,
frame_ms,0.2534,
frame_ms,0.2125,
frame_ms,0.2441,
frame_ms,0.2248,
frame_ms,0.2137,
frame_ms,0.2101,
frame_ms,0.2495,
frame_ms,0.2213,
frame_ms,0.207,
frame_ms,0.2587,
frame_ms,0.2242,
frame_ms,0.2116,
frame_ms,0.2272,
frame_ms,0.2382,
frame_ms,0.2108,
frame_ms,0.2036,
frame_ms,0.245,
frame_ms,0.218,
frame_ms,0.2161,
frame_ms,0.2507,
frame_ms,0.2185,
frame_ms,0.206,
frame_ms,0.2287,
tick_us,754.5,238
frame_ms,1.7274,
frame_ms,0.2285,
frame_ms,0.205,
frame_ms,0.2382,
frame_ms,0.2294,
frame_ms,0.2109,
frame_ms,0.213,
frame_ms,0.2396,
frame_ms,0.2308,
frame_ms,0.2079,
frame_ms,0.2627,
frame_ms,0.2424,
frame_ms,0.2178,
frame_ms,0.2116,
frame_ms,0.2459,
frame_ms,0.2235,
frame_ms,0.2042,
frame_ms,0.2263,
frame_ms,0.2111,
frame_ms,0.2026,
frame_ms,0.2586,
frame_ms,0.2194,
frame_ms,0.205,
frame_ms,0.2286,
tick_us,762.8,230
frame_ms,1.7406,
frame_ms,0.2328,
frame_ms,0.2082,
frame_ms,0.2391,
frame_ms,0.2136,
frame_ms,0.2166,
frame_ms,0.2415,
frame_ms,0.2195,
frame_ms,0.2091,
frame_ms,0.2293,
frame_ms,0.2096,
frame_ms,0.2036,
frame_ms,0.2538,
frame_ms,0.223,
frame_ms,0.2192,
frame_ms,0.2347,
frame_ms,0.2122,
frame_ms,0.2174,
frame_ms,0.241,
frame_ms,0.2161,
frame_ms,0.2057,
frame_ms,0.2667,
frame_ms,0.226,
frame_ms,0.211,
tick_us,733.4,236
frame_ms,1.735,
frame_ms,0.2371,
frame_ms,0.2114,
frame_ms,0.2436,
frame_ms,0.2246,
frame_ms,0.2125,
frame_ms,0.259,
frame_ms,0.2749,
frame_ms,0.2379,
frame_ms,0.2283,
frame_ms,0.2205,
frame_ms,0.2192,
frame_ms,0.3007,
frame_ms,0.3359,
frame_ms,0.244,
frame_ms,0.2179,
frame_ms,0.2198,
frame_ms,0.2095,
frame_ms,0.2087,
frame_ms,0.4093,
frame_ms,0.2898,
frame_ms,0.2429,
tick_us,745.4,236
frame_ms,1.7392,
frame_ms,0.246,
frame_ms,0.2261,
frame_ms,0.2396,
frame_ms,0.2231,
frame_ms,0.2589,
frame_ms,0.2749,
frame_ms,0.2318,
frame_ms,0.2425,
frame_ms,0.2151,
frame_ms,0.212,
frame_ms,0.2389,
frame_ms,0.2265,
frame_ms,0.213,
frame_ms,0.2108,
frame_ms,0.2513,
frame_ms,0.219,
frame_ms,0.2079,
frame_ms,0.2577,
frame_ms,0.2227,
frame_ms,0.2144,
frame_ms,0.2273,
frame_ms,0.2149,
tick_us,747.2,236
frame_ms,1.7796,
frame_ms,0.2502,
frame_ms,0.2145,
frame_ms,0.2507,
frame_ms,0.222,
frame_ms,0.2169,
frame_ms,0.2298,
frame_ms,0.2419,
frame_ms,0.2131,
frame_ms,0.2089,
frame_ms,0.2473,
frame_ms,0.28,
frame_ms,0.2271,
frame_ms,0.2152,
frame_ms,0.217,
frame_ms,0.2572,
frame_ms,0.227,
frame_ms,0.2059,
frame_ms,0.2247,
frame_ms,0.2374,
frame_ms,0.2174,
frame_ms,0.2053,
frame_ms,0.2359,
frame_ms,0.2154,
tick_us,750,238
frame_ms,1.9668,
frame_ms,0.401,
frame_ms,0.2231,
frame_ms,0.2116,
frame_ms,0.2518,
frame_ms,0.228,
frame_ms,0.2139,
frame_ms,0.2056,
frame_ms,0.2489,
frame_ms,0.2149,
frame_ms,0.2054,
frame_ms,0.25,
frame_ms,0.226,
frame_ms,0.2111,
frame_ms,0.2226,
frame_ms,0.2364,
frame_ms,0.2161,
frame_ms,0.2029,
frame_ms,0.2576,
frame_ms,0.2295,
frame_ms,0.2091,
frame_ms,0.2245,
tick_us,849.4,246
frame_ms,1.8561,
frame_ms,0.2346,
frame_ms,0.2094,
frame_ms,0.2464,
frame_ms,0.2223,
frame_ms,0.2128,
frame_ms,0.2307,
frame_ms,0.2162,
frame_ms,0.2593,
frame_ms,0.226,
frame_ms,0.2129,
frame_ms,0.2102,
frame_ms,0.248,
frame_ms,0.2166,
frame_ms,0.207,
frame_ms,0.2261,
frame_ms,0.2096,
frame_ms,0.2032,
frame_ms,0.2579,
frame_ms,0.2236,
frame_ms,0.2126,
frame_ms,0.2261,
frame_ms,0.2122,
frame_ms,0.2691,
tick_us,730.9,246
frame_ms,1.7056,
frame_ms,0.2394,
frame_ms,2.0549,
frame_ms,0.3529,
frame_ms,0.2423,
frame_ms,0.2193,
frame_ms,0.2133,
frame_ms,0.2076,
frame_ms,0.2674,
frame_ms,0.2236,
frame_ms,0.2146,
frame_ms,0.2408,
frame_ms,0.2258,
frame_ms,0.2096,
frame_ms,0.2263,
tick_us,766.4,242
frame_ms,1.799,
frame_ms,0.2541,
frame_ms,0.2256,
frame_ms,0.2123,
frame_ms,0.2413,
frame_ms,0.2214,
frame_ms,0.2139,
frame_ms,0.2568,
frame_ms,0.2248,
frame_ms,0.2155,
frame_ms,0.2541,
frame_ms,0.223,
frame_ms,0.2084,
frame_ms,0.2397,
frame_ms,0.2247,
frame_ms,0.2085,
frame_ms,0.2516,
frame_ms,0.2224,
frame_ms,0.2646,
frame_ms,0.232,
frame_ms,0.2701,
frame_ms,0.2604,
frame_ms,0.2824,
tick_us,772.6,240
frame_ms,1.8597,
frame_ms,0.2988,
frame_ms,0.2242,
frame_ms,0.2159,
frame_ms,0.2111,
frame_ms,0.2195,
frame_ms,0.2585,
frame_ms,0.2353,
frame_ms,0.2124,
frame_ms,0.2438,
frame_ms,0.2192,
frame_ms,0.2935,
frame_ms,0.2731,
frame_ms,0.252,
frame_ms,0.2333,
frame_ms,0.2214,
frame_ms,0.2146,
frame_ms,0.2464,
frame_ms,0.2149,
frame_ms,0.2337,
frame_ms,0.284,
frame_ms,0.3413,
tick_us,719.1,234
frame_ms,1.7462,
frame_ms,0.2392,
frame_ms,0.2138,
frame_ms,0.2378,
frame_ms,0.2475,
frame_ms,0.2235,
frame_ms,0.2126,
frame_ms,0.2546,
frame_ms,0.2209,
frame_ms,0.2097,
frame_ms,0.2483,
frame_ms,0.2265,
frame_ms,0.2157,
frame_ms,0.2861,
frame_ms,0.2938,
frame_ms,0.2544,
frame_ms,0.2409,
frame_ms,0.2361,
frame_ms,0.2371,
frame_ms,0.2342,
frame_ms,0.2564,
frame_ms,0.3165,
tick_us,723.9,224
frame_ms,1.7071,
frame_ms,0.2571,
frame_ms,0.2328,
frame_ms,0.229,
frame_ms,0.2928,
frame_ms,0.229,
frame_ms,0.2158,
frame_ms,0.2515,
frame_ms,0.2276,
frame_ms,0.2107,
frame_ms,0.2482,
frame_ms,0.2225,
frame_ms,0.2146,
frame_ms,0.2487,
frame_ms,0.229,
frame_ms,0.2106,
frame_ms,0.2543,
frame_ms,0.2243,
frame_ms,0.2074,
frame_ms,0.249,
frame_ms,0.2318,
frame_ms,0.3743,
tick_us,828.5,226
frame_ms,2.0201,
frame_ms,0.2549,
frame_ms,0.2166,
frame_ms,0.234,
frame_ms,0.2205,
frame_ms,0.2469,
frame_ms,0.2249,
frame_ms,0.2414,
frame_ms,0.2245,
frame_ms,0.2131,
frame_ms,0.265,
frame_ms,0.2238,
frame_ms,0.2114,
frame_ms,0.2579,
frame_ms,0.2239,
frame_ms,0.2135,
frame_ms,0.2599,
frame_ms,0.22,
frame_ms,0.2085,
frame_ms,0.232,
frame_ms,0.2213,
frame_ms,0.211,
frame_ms,0.2233,
tick_us,747.4,232
frame_ms,1.7183,
frame_ms,0.2328,
frame_ms,0.2767,
frame_ms,0.2313,
frame_ms,0.2168,
frame_ms,0.2123,
frame_ms,0.267,
frame_ms,0.2268,
frame_ms,0.2155,
frame_ms,0.2436,
frame_ms,0.2259,
frame_ms,0.2121,
frame_ms,0.2565,
frame_ms,0.2234,
frame_ms,0.2166,
frame_ms,0.2147,
frame_ms,0.2721,
frame_ms,0.2265,
frame_ms,0.2105,
frame_ms,0.2243,
frame_ms,0.2518,
frame_ms,0.2301,
frame_ms,0.2152,
frame_ms,0.2463,
tick_us,738.7,232
frame_ms,1.7307,
frame_ms,0.2479,
frame_ms,0.2354,
frame_ms,0.2392,
frame_ms,0.2154,
frame_ms,0.2113,
frame_ms,0.2512,
frame_ms,0.2806,
frame_ms,0.2414,
frame_ms,0.2421,
frame_ms,0.2443,
frame_ms,0.2405,
frame_ms,0.2578,
frame_ms,0.253,
frame_ms,0.25,
frame_ms,0.2532,
frame_ms,0.2714,
frame_ms,0.2594,
frame_ms,0.3705,
frame_ms,0.4536,
tick_us,828.1,218
frame_ms,2.0146,
frame_ms,0.379,
frame_ms,0.3871,
frame_ms,0.3542,
frame_ms,0.433,
frame_ms,0.3108,
frame_ms,0.3843,
frame_ms,0.3684,
frame_ms,0.344,
frame_ms,0.3469,
frame_ms,0.3681,
frame_ms,0.3492,
frame_ms,0.3382,
frame_ms,0.3462,
frame_ms,0.3429,
tick_us,940.8,218
frame_ms,2.1166,
frame_ms,0.4906,
frame_ms,0.9453,
frame_ms,0.8094,
frame_ms,0.2561,
frame_ms,0.2489,
frame_ms,0.2402,
frame_ms,0.2354,
frame_ms,0.2182,
frame_ms,0.2113,
frame_ms,0.2746,
frame_ms,0.2835,
frame_ms,0.2354,
frame_ms,0.2324,
frame_ms,0.26,
tick_us,829.8,230
frame_ms,1.8395,
frame_ms,0.263,
frame_ms,0.2313,
frame_ms,0.2332,
frame_ms,0.2725,
frame_ms,0.2393,
frame_ms,0.2301,
frame_ms,0.2909,
frame_ms,0.2543,
frame_ms,0.2482,
frame_ms,0.2386,
frame_ms,0.2272,
frame_ms,0.2224,
frame_ms,0.2145,
frame_ms,0.2221,
frame_ms,0.2643,
frame_ms,0.2244,
frame_ms,0.2128,
frame_ms,0.2772,
frame_ms,0.229,
frame_ms,0.2134,
frame_ms,0.2431,
tick_us,795.9,226
frame_ms,1.8053,
frame_ms,0.2377,
frame_ms,0.2175,
frame_ms,0.2714,
frame_ms,0.225,
frame_ms,0.2247,
frame_ms,0.2432,
frame_ms,0.2757,
frame_ms,0.2432,
frame_ms,0.2185,
frame_ms,0.2166,
frame_ms,0.266,
frame_ms,0.2367,
frame_ms,0.2188,
frame_ms,0.2275,
frame_ms,0.6447,
frame_ms,0.4991,
frame_ms,0.394,
frame_ms,0.3551,
tick_us,773.5,220
frame_ms,1.8343,
frame_ms,0.2503,
frame_ms,0.2256,
frame_ms,0.2361,
frame_ms,0.2249,
frame_ms,0.2873,
frame_ms,0.2802,
frame_ms,0.2399,
frame_ms,0.2276,
frame_ms,0.2224,
frame_ms,0.2411,
frame_ms,0.2183,
frame_ms,0.2609,
frame_ms,0.2732,
frame_ms,0.2312,
frame_ms,0.2201,
frame_ms,0.2272,
frame_ms,0.2174,
frame_ms,0.2159,
frame_ms,0.2776,
frame_ms,0.2292,
frame_ms,0.21,
tick_us,781.4,216
frame_ms,1.7982,
frame_ms,0.4529,
frame_ms,0.2463,
frame_ms,0.2178,
frame_ms,0.2171,
frame_ms,0.2208,
frame_ms,0.2113,
frame_ms,0.2457,
frame_ms,0.2222,
frame_ms,0.2187,
frame_ms,0.2565,
frame_ms,0.2244,
frame_ms,0.2154,
frame_ms,0.2537,
frame_ms,0.2253,
frame_ms,0.2128,
frame_ms,0.2457,
frame_ms,0.2201,
frame_ms,0.3344,
frame_ms,0.2547,
frame_ms,0.2316,
frame_ms,0.2245,
tick_us,908.4,212
frame_ms,1.9176,
frame_ms,0.2972,
frame_ms,0.2325,
frame_ms,0.2283,
frame_ms,0.2263,
frame_ms,0.2261,
frame_ms,0.2184,
frame_ms,0.221,
frame_ms,0.2669,
frame_ms,0.2234,
frame_ms,0.2124,
frame_ms,0.2502,
frame_ms,0.2211,
frame_ms,0.214,
frame_ms,0.2246,
frame_ms,0.2416,
frame_ms,0.2283,
frame_ms,0.2075,
frame_ms,0.2473,
frame_ms,0.2245,
frame_ms,0.2839,
frame_ms,0.2145,
tick_us,716.1,214
frame_ms,1.7217,
frame_ms,0.2463,
frame_ms,0.2185,
frame_ms,0.2124,
frame_ms,0.2101,
frame_ms,0.2444,
frame_ms,0.2243,
frame_ms,0.2141,
frame_ms,0.2542,
frame_ms,0.2253,
frame_ms,0.2125,
frame_ms,0.2466,
frame_ms,0.2261,
frame_ms,0.2079,
frame_ms,0.273,
frame_ms,0.2304,
frame_ms,0.2187,
frame_ms,0.2438,
frame_ms,0.2225,
frame_ms,0.2087,
frame_ms,0.2512,
frame_ms,0.2222,
frame_ms,0.2093,
frame_ms,0.2542,
tick_us,726.1,204
frame_ms,1.7224,
frame_ms,0.2302,
frame_ms,0.2119,
frame_ms,0.2655,
frame_ms,0.2951,
frame_ms,0.26,
frame_ms,0.249,
frame_ms,0.2319,
frame_ms,0.2214,
frame_ms,0.2134,
frame_ms,0.2365,
frame_ms,0.2656,
frame_ms,0.2393,
frame_ms,0.2202,
frame_ms,0.217,
frame_ms,0.2414,
frame_ms,0.2264,
frame_ms,0.2105,
frame_ms,0.2627,
frame_ms,0.2281,
frame_ms,0.214,
frame_ms,0.2531,
frame_ms,0.2249,
tick_us,754.4,208
frame_ms,1.7226,
frame_ms,0.2334,
frame_ms,0.2112,
frame_ms,0.2254,
frame_ms,0.2435,
frame_ms,0.2234,
frame_ms,0.2274,
frame_ms,0.2115,
frame_ms,0.2381,
frame_ms,0.225,
frame_ms,0.2118,
frame_ms,0.2224,
frame_ms,0.2227,
frame_ms,0.2516,
frame_ms,0.2233,
frame_ms,0.2125,
frame_ms,0.2278,
frame_ms,0.2122,
frame_ms,0.2071,
frame_ms,0.2563,
frame_ms,0.2244,
frame_ms,0.2132,
frame_ms,0.2494,
frame_ms,0.2266,
tick_us,733,208
frame_ms,1.6975,
frame_ms,0.235,
frame_ms,0.2105,
frame_ms,0.2571,
frame_ms,0.2299,
frame_ms,0.2146,
frame_ms,0.2654,
frame_ms,0.2255,
frame_ms,0.2155,
frame_ms,0.2492,
frame_ms,0.2245,
frame_ms,0.2158,
frame_ms,0.2556,
frame_ms,0.2909,
frame_ms,0.5688,
frame_ms,0.3082,
frame_ms,0.2176,
frame_ms,0.2235,
frame_ms,0.2222,
frame_ms,0.2118,
frame_ms,0.2139,
frame_ms,0.2504,
tick_us,729.1,208
frame_ms,1.7976,
frame_ms,0.2541,
frame_ms,0.218,
frame_ms,0.2515,
frame_ms,0.2285,
frame_ms,0.2153,
frame_ms,0.2631,
frame_ms,0.227,
frame_ms,0.2097,
frame_ms,0.2469,
frame_ms,0.2252,
frame_ms,0.2113,
frame_ms,0.2499,
frame_ms,0.2255,
frame_ms,0.2111,
frame_ms,0.2464,
frame_ms,0.2301,
frame_ms,0.2118,
frame_ms,0.2489,
frame_ms,0.2402,
frame_ms,0.2096,
frame_ms,0.2587,
frame_ms,0.2214,
tick_us,752.4,204
frame_ms,1.7245,
frame_ms,0.2296,
frame_ms,0.2082,
frame_ms,0.2101,
frame_ms,0.253,
frame_ms,0.2255,
frame_ms,0.2097,
frame_ms,0.2781,
frame_ms,0.2514,
frame_ms,0.2198,
frame_ms,0.2595,
frame_ms,0.2213,
frame_ms,0.2098,
frame_ms,0.2521,
frame_ms,0.2189,
frame_ms,0.209,
frame_ms,0.2484,
frame_ms,0.2205,
frame_ms,0.2112,
frame_ms,0.2156,
frame_ms,0.3789,
frame_ms,0.409,
frame_ms,0.2568,
tick_us,899.6,216
frame_ms,2.0158,
frame_ms,0.2901,
frame_ms,0.2256,
frame_ms,0.2216,
frame_ms,0.2264,
frame_ms,0.2105,
frame_ms,0.279,
frame_ms,0.2292,
frame_ms,0.2139,
frame_ms,0.2628,
frame_ms,0.226,
frame_ms,0.2133,
frame_ms,0.2729,
frame_ms,0.2302,
frame_ms,0.2092,
frame_ms,0.2623,
frame_ms,0.2191,
frame_ms,0.2074,
frame_ms,0.2497,
frame_ms,0.2361,
frame_ms,0.2102,
tick_us,743.8,220
frame_ms,1.7457,
frame_ms,0.2371,
frame_ms,0.2211,
frame_ms,0.2474,
frame_ms,0.2248,
frame_ms,0.2134,
frame_ms,0.2601,
frame_ms,0.2222,
frame_ms,0.2131,
frame_ms,0.2757,
frame_ms,0.2303,
frame_ms,0.2099,
frame_ms,0.2553,
frame_ms,0.2223,
frame_ms,0.2125,
frame_ms,0.2524,
frame_ms,0.2219,
frame_ms,0.2086,
frame_ms,0.249,
frame_ms,0.2254,
frame_ms,0.2567,
frame_ms,0.5546,
tick_us,1017.7,224
frame_ms,2.1708,
frame_ms,0.2841,
frame_ms,1.3336,
frame_ms,0.3143,
frame_ms,0.2371,
frame_ms,0.2183,
frame_ms,0.2113,
frame_ms,0.2074,
frame_ms,0.244,
frame_ms,0.2203,
frame_ms,0.2159,
frame_ms,0.2303,
frame_ms,0.2095,
frame_ms,0.2776,
frame_ms,0.2246,
frame_ms,0.2137,
frame_ms,0.2291,
tick_us,747.8,218
frame_ms,1.7595,
frame_ms,0.2417,
frame_ms,0.2109,
frame_ms,0.2536,
frame_ms,0.2284,
frame_ms,0.2301,
frame_ms,0.2161,
frame_ms,0.2092,
frame_ms,0.2334,
frame_ms,0.2437,
frame_ms,0.2217,
frame_ms,0.2148,
frame_ms,0.2324,
frame_ms,0.235,
frame_ms,0.2944,
frame_ms,0.2337,
frame_ms,0.228,
frame_ms,0.2235,
frame_ms,0.2205,
frame_ms,0.2453,
frame_ms,0.2564,
frame_ms,0.2341,
frame_ms,0.2146,
tick_us,749.5,224
frame_ms,1.7261,
frame_ms,0.2349,
frame_ms,0.2135,
frame_ms,0.2152,
frame_ms,0.5113,
frame_ms,0.2917,
frame_ms,0.2511,
frame_ms,0.2316,
frame_ms,0.2377,
frame_ms,0.2357,
frame_ms,0.2876,
frame_ms,0.3941,
frame_ms,0.2164,
frame_ms,0.2197,
frame_ms,0.2113,
frame_ms,0.2091,
frame_ms,0.2481,
frame_ms,0.2263,
frame_ms,0.2224,
frame_ms,0.2338,
frame_ms,0.2133,
frame_ms,0.2752,
tick_us,740.2,226
frame_ms,1.7371,
frame_ms,0.2352,
frame_ms,0.2162,
frame_ms,0.214,
frame_ms,0.2351,
frame_ms,0.2273,
frame_ms,0.2121,
frame_ms,0.2128,
frame_ms,0.2434,
frame_ms,0.2303,
frame_ms,0.2127,
frame_ms,0.2631,
frame_ms,0.2261,
frame_ms,0.2145,
frame_ms,0.2421,
frame_ms,0.2175,
frame_ms,0.2103,
frame_ms,0.2645,
frame_ms,0.2199,
frame_ms,0.215,
frame_ms,0.2294,
frame_ms,0.2383,
frame_ms,0.2095,
frame_ms,0.2099,
tick_us,749.1,224
frame_ms,1.7513,
frame_ms,0.2441,
frame_ms,0.2177,
frame_ms,0.2138,
frame_ms,0.2507,
frame_ms,0.2658,
frame_ms,0.2314,
frame_ms,0.2216,
frame_ms,0.2173,
frame_ms,0.214,
frame_ms,0.2351,
frame_ms,0.2255,
frame_ms,0.5043,
frame_ms,0.8788,
frame_ms,0.2381,
frame_ms,0.2191,
frame_ms,0.2159,
frame_ms,0.24,
frame_ms,0.2186,
tick_us,770.7,224
frame_ms,1.7422,
frame_ms,0.2522,
frame_ms,0.2202,
frame_ms,0.2282,
frame_ms,0.2498,
frame_ms,0.2267,
frame_ms,0.2143,
frame_ms,0.2138,
frame_ms,0.2471,
frame_ms,0.2265,
frame_ms,0.2143,
frame_ms,0.219,
frame_ms,0.2436,
frame_ms,0.2464,
frame_ms,0.2192,
frame_ms,0.2125,
frame_ms,0.2612,
frame_ms,0.2298,
frame_ms,0.2148,
frame_ms,0.2351,
frame_ms,0.2211,
frame_ms,0.248,
frame_ms,0.2263,
frame_ms,0.2105,
tick_us,761.6,234
frame_ms,1.7755,
frame_ms,0.2796,
frame_ms,0.2271,
frame_ms,0.2211,
frame_ms,0.2634,
frame_ms,0.2566,
frame_ms,0.2432,
frame_ms,0.2439,
frame_ms,0.2163,
frame_ms,0.2122,
frame_ms,0.2234,
frame_ms,0.2143,
frame_ms,0.2158,
frame_ms,0.2347,
frame_ms,0.2245,
frame_ms,0.2153,
frame_ms,0.2283,
frame_ms,0.2141,
frame_ms,0.2698,
frame_ms,0.3471,
frame_ms,0.2749,
frame_ms,0.2452,
tick_us,865.1,238
frame_ms,1.9967,
frame_ms,0.3049,
frame_ms,0.2351,
frame_ms,0.2421,
frame_ms,0.235,
frame_ms,0.223,
frame_ms,0.2535,
frame_ms,0.225,
frame_ms,0.2195,
frame_ms,0.2165,
frame_ms,0.2216,
frame_ms,0.2209,
frame_ms,0.2577,
frame_ms,0.2479,
frame_ms,0.2245,
frame_ms,0.2277,
frame_ms,0.2214,
frame_ms,0.2543,
frame_ms,0.2348,
frame_ms,0.2212,
frame_ms,0.2135,
frame_ms,0.2245,
frame_ms,0.2163,
tick_us,744.6,244
frame_ms,1.7091,
frame_ms,0.2397,
frame_ms,0.2315,
frame_ms,0.2167,
frame_ms,0.2204,
frame_ms,0.3087,
frame_ms,0.2598,
frame_ms,0.2285,
frame_ms,0.2139,
frame_ms,0.2071,
frame_ms,0.2633,
frame_ms,0.225,
frame_ms,0.2136,
frame_ms,0.2286,
frame_ms,0.2357,
frame_ms,0.2174,
frame_ms,0.2063,
frame_ms,0.2354,
frame_ms,0.2201,
frame_ms,0.2401,
frame_ms,0.2355,
frame_ms,0.2157,
frame_ms,0.2083,
tick_us,770.7,246
frame_ms,1.9174,
frame_ms,0.2532,
frame_ms,0.2155,
frame_ms,0.2156,
frame_ms,0.244,
frame_ms,0.2221,
frame_ms,0.2165,
frame_ms,0.2457,
frame_ms,0.2583,
frame_ms,0.2245,
frame_ms,0.2114,
frame_ms,0.2366,
frame_ms,0.2154,
frame_ms,0.2076,
frame_ms,0.2539,
frame_ms,0.218,
frame_ms,0.2094,
frame_ms,0.2405,
frame_ms,0.216,
frame_ms,0.2089,
frame_ms,0.2415,
frame_ms,0.2199,
frame_ms,0.212,
tick_us,732.2,246
frame_ms,1.7307,
frame_ms,0.2294,
frame_ms,0.2089,
frame_ms,0.248,
frame_ms,0.2297,
frame_ms,0.208,
frame_ms,0.2232,
frame_ms,0.235,
frame_ms,0.2167,
frame_ms,0.2034,
frame_ms,0.2572,
frame_ms,0.221,
frame_ms,0.2046,
frame_ms,0.2512,
frame_ms,0.228,
frame_ms,0.2081,
frame_ms,0.2394,
frame_ms,0.2238,
frame_ms,0.2078,
frame_ms,0.2366,
frame_ms,0.2131,
frame_ms,0.2045,
frame_ms,0.2578,
frame_ms,0.2144,
frame_ms,0.2021,
tick_us,751,240
frame_ms,1.7569,
frame_ms,0.2589,
frame_ms,0.2274,
frame_ms,0.2177,
frame_ms,0.4864,
frame_ms,0.4316,
frame_ms,0.347,
frame_ms,0.3404,
frame_ms,0.3556,
frame_ms,0.2514,
frame_ms,0.2201,
frame_ms,0.2221,
frame_ms,0.2153,
frame_ms,0.2121,
frame_ms,0.2316,
frame_ms,0.2147,
frame_ms,0.2245,
frame_ms,0.2121,
frame_ms,0.251,
frame_ms,0.2569,
tick_us,727.4,252
frame_ms,1.7237,
frame_ms,0.2394,
frame_ms,0.2168,
frame_ms,0.2358,
frame_ms,0.2198,
frame_ms,0.213,
frame_ms,0.2461,
frame_ms,0.257,
frame_ms,0.2513,
frame_ms,0.2297,
frame_ms,0.2163,
frame_ms,0.2111,
frame_ms,0.2622,
frame_ms,0.2574,
frame_ms,0.2217,
frame_ms,0.2134,
frame_ms,0.2504,
frame_ms,0.2215,
frame_ms,0.2179,
frame_ms,0.2122,
frame_ms,0.2491,
frame_ms,0.219,
frame_ms,0.21,
tick_us,779.6,242
frame_ms,1.7761,
frame_ms,0.2361,
frame_ms,0.2181,
frame_ms,0.2138,
frame_ms,0.2097,
frame_ms,0.2493,
frame_ms,0.2312,
frame_ms,0.2131,
frame_ms,0.2722,
frame_ms,0.209,
frame_ms,0.256,
frame_ms,0.2234,
frame_ms,0.401,
frame_ms,0.2878,
frame_ms,0.2365,
frame_ms,0.3907,
frame_ms,0.3497,
frame_ms,0.3117,
frame_ms,0.2415,
frame_ms,0.2162,
frame_ms,0.2201,
tick_us,759.1,232
frame_ms,1.7583,
frame_ms,0.2443,
frame_ms,0.2205,
frame_ms,0.2187,
frame_ms,0.2459,
frame_ms,0.2666,
frame_ms,0.2326,
frame_ms,0.2134,
frame_ms,0.2075,
frame_ms,0.2394,
frame_ms,0.224,
frame_ms,0.215,
frame_ms,0.2307,
frame_ms,0.2127,
frame_ms,0.2766,
frame_ms,0.2225,
frame_ms,0.2061,
frame_ms,0.24,
frame_ms,0.22,
frame_ms,0.2063,
frame_ms,0.2639,
frame_ms,0.2587,
frame_ms,0.2561,
frame_ms,0.228,
tick_us,756.1,236
frame_ms,1.7399,
frame_ms,0.2359,
frame_ms,0.2179,
frame_ms,0.2506,
frame_ms,0.2192,
frame_ms,0.2201,
frame_ms,0.2322,
frame_ms,0.2446,
frame_ms,0.23,
frame_ms,0.2267,
frame_ms,0.2149,
frame_ms,0.2472,
frame_ms,0.2511,
frame_ms,0.2186,
frame_ms,0.2092,
frame_ms,0.2344,
frame_ms,0.2212,
frame_ms,0.209,
frame_ms,0.3562,
frame_ms,0.4643,
frame_ms,0.3722,
tick_us,881.2,242
frame_ms,2.0034,
frame_ms,0.2594,
frame_ms,0.7934,
frame_ms,0.2469,
frame_ms,0.2187,
frame_ms,0.2263,
frame_ms,0.2167,
frame_ms,0.2619,
frame_ms,0.2311,
frame_ms,0.2114,
frame_ms,0.262,
frame_ms,0.2269,
frame_ms,0.2124,
frame_ms,0.2515,
frame_ms,0.2291,
frame_ms,0.214,
frame_ms,0.2701,
frame_ms,0.2267,
frame_ms,0.2143,
frame_ms,0.2683,
tick_us,732.6,240
frame_ms,1.7194,
frame_ms,0.2378,
frame_ms,0.2362,
frame_ms,0.241,
frame_ms,0.2271,
frame_ms,0.2134,
frame_ms,0.2528,
frame_ms,0.2239,
frame_ms,0.2112,
frame_ms,0.261,
frame_ms,0.2249,
frame_ms,0.2165,
frame_ms,0.2727,
frame_ms,0.2283,
frame_ms,0.2117,
frame_ms,0.2568,
frame_ms,0.2237,
frame_ms,0.2223,
frame_ms,0.3164,
frame_ms,0.2348,
frame_ms,0.2206,
frame_ms,0.2343,
frame_ms,0.2082,
tick_us,798.6,236
frame_ms,1.8801,
frame_ms,0.2794,
frame_ms,0.2333,
frame_ms,0.2247,
frame_ms,0.2409,
frame_ms,0.2219,
frame_ms,0.2551,
frame_ms,0.2492,
frame_ms,0.2297,
frame_ms,0.2236,
frame_ms,0.2165,
frame_ms,0.2365,
frame_ms,0.225,
frame_ms,0.2691,
frame_ms,0.2691,
frame_ms,0.2333,
frame_ms,0.2216,
frame_ms,0.2117,
frame_ms,0.2391,
frame_ms,0.2189,
frame_ms,0.2125,
frame_ms,0.2755,
tick_us,750,234
frame_ms,1.7408,
frame_ms,0.2367,
frame_ms,0.2146,
frame_ms,0.256,
frame_ms,0.2205,
frame_ms,0.211,
frame_ms,0.2487,
frame_ms,0.2217,
frame_ms,0.214,
frame_ms,0.2585,
frame_ms,0.2276,
frame_ms,0.213,
frame_ms,0.2527,
frame_ms,0.2254,
frame_ms,0.218,
frame_ms,0.2435,
frame_ms,0.2228,
frame_ms,0.2296,
frame_ms,0.2392,
frame_ms,0.2382,
frame_ms,0.2146,
frame_ms,0.2568,
frame_ms,0.2224,
frame_ms,0.2078,
tick_us,732.8,230
frame_ms,1.7395,
frame_ms,0.3408,
frame_ms,0.3842,
frame_ms,0.2397,
frame_ms,0.2204,
frame_ms,0.2239,
frame_ms,0.221,
frame_ms,0.2147,
frame_ms,0.2165,
frame_ms,0.2805,
frame_ms,0.4424,
frame_ms,0.2335,
frame_ms,0.2157,
frame_ms,0.2224,
frame_ms,0.2169,
frame_ms,0.2333,
frame_ms,0.2157,
frame_ms,0.2868,
frame_ms,0.2933,
frame_ms,0.251,
frame_ms,0.2371,
tick_us,801.2,226
frame_ms,1.851,
frame_ms,0.2956,
frame_ms,0.2326,
frame_ms,0.2159,
frame_ms,0.2359,
frame_ms,0.2199,
frame_ms,0.2983,
frame_ms,0.2765,
frame_ms,0.2332,
frame_ms,0.226,
frame_ms,0.2138,
frame_ms,0.2443,
frame_ms,0.271,
frame_ms,0.2339,
frame_ms,0.2197,
frame_ms,0.2126,
frame_ms,0.209,
frame_ms,0.2518,
frame_ms,0.2356,
frame_ms,0.2176,
frame_ms,0.247,
frame_ms,0.2242,
tick_us,745.8,216
frame_ms,1.7208,
frame_ms,0.2389,
frame_ms,0.2236,
frame_ms,0.2266,
frame_ms,0.2138,
frame_ms,0.2764,
frame_ms,0.2287,
frame_ms,0.2152,
frame_ms,0.2611,
frame_ms,0.2233,
frame_ms,0.2148,
frame_ms,0.4227,
frame_ms,0.5041,
frame_ms,0.3347,
frame_ms,0.3408,
frame_ms,0.3471,
frame_ms,0.3365,
frame_ms,0.3348,
frame_ms,0.3102,
tick_us,769.4,222
frame_ms,1.7732,
frame_ms,0.2716,
frame_ms,0.2375,
frame_ms,0.2265,
frame_ms,0.2495,
frame_ms,0.2268,
frame_ms,0.2185,
frame_ms,0.2621,
frame_ms,0.2259,
frame_ms,0.2126,
frame_ms,0.2518,
frame_ms,0.2452,
frame_ms,0.2238,
frame_ms,0.2252,
frame_ms,0.215,
frame_ms,0.2748,
frame_ms,0.2258,
frame_ms,0.2161,
frame_ms,0.2483,
frame_ms,0.2514,
frame_ms,0.2234,
frame_ms,0.2316,
frame_ms,0.2135,
tick_us,736,220
frame_ms,1.7579,
frame_ms,0.254,
frame_ms,0.2173,
frame_ms,0.2442,
frame_ms,0.2244,
frame_ms,0.2127,
frame_ms,0.2592,
frame_ms,0.2375,
frame_ms,0.2326,
frame_ms,0.2333,
frame_ms,0.2121,
frame_ms,0.2726,
frame_ms,0.2273,
frame_ms,0.2147,
frame_ms,0.239,
frame_ms,0.2167,
frame_ms,0.2145,
frame_ms,0.3,
frame_ms,0.2879,
frame_ms,0.2585,
frame_ms,0.2444,
frame_ms,0.2452,
frame_ms,0.2418,
tick_us,835,212
frame_ms,1.8439,
frame_ms,0.2871,
frame_ms,0.2336,
frame_ms,0.2233,
frame_ms,0.2296,
frame_ms,0.2234,
frame_ms,0.2693,
frame_ms,0.2717,
frame_ms,0.2326,
frame_ms,0.2193,
frame_ms,0.2106,
frame_ms,0.2086,
frame_ms,0.2731,
frame_ms,0.238,
frame_ms,0.2146,
frame_ms,0.2404,
frame_ms,0.2096,
frame_ms,0.2045,
frame_ms,0.2635,
frame_ms,0.2212,
frame_ms,0.2126,
frame_ms,0.2244,
frame_ms,0.2159,
tick_us,755.9,216
frame_ms,1.7329,
frame_ms,0.2354,
frame_ms,0.2111,
frame_ms,0.2471,
frame_ms,0.2231,
frame_ms,0.2745,
frame_ms,0.2221,
frame_ms,0.2568,
frame_ms,0.2245,
frame_ms,0.2144,
frame_ms,0.258,
frame_ms,0.2203,
frame_ms,0.2114,
frame_ms,0.2447,
frame_ms,0.221,
frame_ms,0.2141,
frame_ms,0.2414,
frame_ms,0.2197,
frame_ms,0.2117,
frame_ms,0.2431,
frame_ms,0.2293,
frame_ms,0.2096,
frame_ms,0.2677,
tick_us,845.1,210
frame_ms,1.8591,
frame_ms,0.3078,
frame_ms,0.2925,
frame_ms,0.2673,
frame_ms,0.2297,
frame_ms,0.2229,
frame_ms,0.216,
frame_ms,0.2128,
frame_ms,0.2098,
frame_ms,0.2442,
frame_ms,0.2295,
frame_ms,0.2157,
frame_ms,0.2488,
frame_ms,0.2208,
frame_ms,0.2089,
frame_ms,0.2604,
frame_ms,0.2281,
frame_ms,0.2112,
frame_ms,0.2563,
frame_ms,0.2249,
frame_ms,0.2118,
frame_ms,0.2557,
frame_ms,0.2195,
tick_us,760.1,210
frame_ms,1.736,
frame_ms,0.2348,
frame_ms,0.2167,
frame_ms,0.2605,
frame_ms,0.2266,
frame_ms,0.2211,
frame_ms,0.2433,
frame_ms,0.2217,
frame_ms,0.2104,
frame_ms,0.2494,
frame_ms,0.2289,
frame_ms,0.2112,
frame_ms,0.2535,
frame_ms,0.2323,
frame_ms,0.2105,
frame_ms,0.2587,
frame_ms,0.2225,
frame_ms,0.214,
frame_ms,0.2488,
frame_ms,0.2213,
frame_ms,0.213,
frame_ms,0.2433,
frame_ms,0.2238,
tick_us,726.6,220
frame_ms,1.7082,
frame_ms,0.2328,
frame_ms,0.2122,
frame_ms,0.6408,
frame_ms,0.4227,
frame_ms,0.2495,
frame_ms,0.2255,
frame_ms,0.2203,
frame_ms,0.2138,
frame_ms,0.2459,
frame_ms,0.2215,
frame_ms,0.2139,
frame_ms,0.2261,
frame_ms,0.261,
frame_ms,0.2306,
frame_ms,0.2086,
frame_ms,0.2809,
frame_ms,0.2535,
frame_ms,0.2619,
frame_ms,0.2315,
frame_ms,0.2227,
tick_us,800.1,218
frame_ms,1.8305,
frame_ms,0.2535,
frame_ms,0.2149,
frame_ms,0.2238,
frame_ms,0.2523,
frame_ms,0.2324,
frame_ms,0.2169,
frame_ms,0.2162,
frame_ms,0.2172,
frame_ms,0.2834,
frame_ms,0.2248,
frame_ms,0.2161,
frame_ms,0.2446,
frame_ms,0.223,
frame_ms,0.2197,
frame_ms,0.2349,
frame_ms,0.2186,
frame_ms,0.2101,
frame_ms,0.2563,
frame_ms,0.2166,
frame_ms,0.211,
frame_ms,0.2482,
frame_ms,0.2211,
tick_us,751.5,208
frame_ms,1.7282,
frame_ms,0.2386,
frame_ms,0.2093,
frame_ms,0.2446,
frame_ms,0.2248,
frame_ms,0.2135,
frame_ms,0.2497,
frame_ms,0.2264,
frame_ms,0.2143,
frame_ms,0.3265,
frame_ms,0.3593,
frame_ms,0.2581,
frame_ms,0.2368,
frame_ms,0.2542,
frame_ms,0.2546,
frame_ms,0.2543,
frame_ms,0.2837,
frame_ms,0.2921,
frame_ms,0.2463,
frame_ms,0.2306,
frame_ms,0.2246,
frame_ms,0.2247,
tick_us,804.1,210
frame_ms,1.7985,
frame_ms,0.2524,
frame_ms,0.2829,
frame_ms,0.2428,
frame_ms,0.2311,
frame_ms,0.2229,
frame_ms,0.2146,
frame_ms,0.2134,
frame_ms,0.2684,
frame_ms,0.2825,
frame_ms,0.2504,
frame_ms,0.2245,
frame_ms,0.2217,
frame_ms,0.211,
frame_ms,0.2389,
frame_ms,0.2196,
frame_ms,0.2126,
frame_ms,0.2462,
frame_ms,0.2186,
frame_ms,0.2107,
frame_ms,0.2687,
frame_ms,0.225,
frame_ms,0.2128,
tick_us,766.2,200
frame_ms,1.77,
frame_ms,0.2517,
frame_ms,0.2192,
frame_ms,0.2331,
frame_ms,0.2086,
frame_ms,0.2694,
frame_ms,0.2259,
frame_ms,0.2258,
frame_ms,0.263,
frame_ms,0.2565,
frame_ms,0.2234,
frame_ms,0.2357,
frame_ms,0.242,
frame_ms,0.2252,
frame_ms,0.2086,
frame_ms,0.2203,
frame_ms,0.2148,
frame_ms,0.2086,
frame_ms,0.6315,
frame_ms,0.2597,
frame_ms,0.2229,
frame_ms,0.2264,
tick_us,808.9,198
frame_ms,1.8169,
frame_ms,0.254,
frame_ms,0.225,
frame_ms,0.2202,
frame_ms,0.2197,
frame_ms,0.2514,
frame_ms,0.2255,
frame_ms,0.22,
frame_ms,0.2512,
frame_ms,0.2617,
frame_ms,0.253,
frame_ms,0.2221,
frame_ms,0.2178,
frame_ms,0.214,
frame_ms,0.2553,
frame_ms,0.2269,
frame_ms,0.216,
frame_ms,0.2506,
frame_ms,0.2194,
frame_ms,0.2089,
frame_ms,0.2532,
frame_ms,0.2218,
tick_us,744.6,202
frame_ms,1.7995,
frame_ms,0.2355,
frame_ms,0.2187,
frame_ms,0.2586,
frame_ms,0.2605,
frame_ms,0.2578,
frame_ms,0.2266,
frame_ms,0.2343,
frame_ms,0.2166,
frame_ms,0.2171,
frame_ms,0.247,
frame_ms,0.2553,
frame_ms,0.2272,
frame_ms,0.2139,
frame_ms,0.242,
frame_ms,0.2212,
frame_ms,0.2119,
frame_ms,0.2455,
frame_ms,0.2138,
frame_ms,0.2122,
frame_ms,0.2302,
frame_ms,0.2153,
frame_ms,0.2156,
frame_ms,0.2976,
tick_us,819.3,202
frame_ms,1.8504,
frame_ms,0.2484,
frame_ms,0.2254,
frame_ms,0.2126,
frame_ms,0.2359,
frame_ms,0.2201,
frame_ms,0.2152,
frame_ms,0.3275,
frame_ms,0.2684,
frame_ms,0.2313,
frame_ms,0.2225,
frame_ms,0.2151,
frame_ms,0.2487,
frame_ms,0.2764,
frame_ms,0.2513,
frame_ms,0.2197,
frame_ms,0.2151,
frame_ms,0.2438,
frame_ms,0.2211,
frame_ms,0.2143,
frame_ms,0.2477,
frame_ms,0.2286,
tick_us,747.7,202
frame_ms,1.7204,
frame_ms,0.2329,
frame_ms,0.2139,
frame_ms,0.237,
frame_ms,0.2171,
frame_ms,0.2102,
frame_ms,0.2594,
frame_ms,0.2302,
frame_ms,0.2124,
frame_ms,0.2439,
frame_ms,0.2255,
frame_ms,0.2146,
frame_ms,0.2506,
frame_ms,0.2237,
frame_ms,0.2212,
frame_ms,0.2576,
frame_ms,0.2263,
frame_ms,0.2116,
frame_ms,0.2724,
frame_ms,0.2329,
frame_ms,0.2103,
frame_ms,0.2607,
frame_ms,0.2236,
frame_ms,0.2095,
tick_us,743.7,204
frame_ms,1.7476,
frame_ms,0.2496,
frame_ms,0.2212,
frame_ms,0.2475,
frame_ms,0.2253,
frame_ms,0.2568,
frame_ms,0.284,
frame_ms,0.2563,
frame_ms,0.2446,
frame_ms,0.2384,
frame_ms,0.2369,
frame_ms,0.238,
frame_ms,0.2789,
frame_ms,0.2395,
frame_ms,0.2244,
frame_ms,0.219,
frame_ms,0.2131,
frame_ms,0.2422,
frame_ms,0.2724,
frame_ms,0.233,
frame_ms,0.2195,
frame_ms,0.2542,
tick_us,770.3,198
frame_ms,1.7623,
frame_ms,0.239,
frame_ms,1.3181,
frame_ms,0.3097,
frame_ms,0.236,
frame_ms,0.2241,
frame_ms,0.2169,
frame_ms,0.2406,
frame_ms,0.2141,
frame_ms,0.2605,
frame_ms,0.228,
frame_ms,0.2153,
frame_ms,0.2111,
frame_ms,0.2333,
frame_ms,0.2179,
frame_ms,0.2101,
frame_ms,0.2347,
frame_ms,0.2196,
frame_ms,0.2087,
tick_us,758.4,206
frame_ms,1.7517,
frame_ms,0.2487,
frame_ms,0.2222,
frame_ms,0.2453,
frame_ms,0.2117,
frame_ms,0.2274,
frame_ms,0.2132,
frame_ms,0.2427,
frame_ms,0.2216,
frame_ms,0.2157,
frame_ms,0.2309,
frame_ms,0.2118,
frame_ms,0.2788,
frame_ms,0.2709,
frame_ms,0.5765,
frame_ms,0.2523,
frame_ms,0.2202,
frame_ms,0.2195,
frame_ms,0.2147,
frame_ms,0.2107,
frame_ms,0.2607,
frame_ms,0.2264,
tick_us,744.3,202
frame_ms,1.7197,
frame_ms,0.2417,
frame_ms,0.2158,
frame_ms,0.2507,
frame_ms,0.2295,
frame_ms,0.2124,
frame_ms,0.2127,
frame_ms,0.2443,
frame_ms,0.2232,
frame_ms,0.2134,
frame_ms,0.2415,
frame_ms,0.2119,
frame_ms,0.2089,
frame_ms,0.2359,
frame_ms,0.2198,
frame_ms,0.2165,
frame_ms,0.2132,
frame_ms,0.2464,
frame_ms,0.2243,
frame_ms,0.215,
frame_ms,0.251,
frame_ms,0.2271,
frame_ms,0.2147,
frame_ms,0.2131,
tick_us,753.8,202
frame_ms,1.7541,
frame_ms,0.2361,
frame_ms,0.2168,
frame_ms,0.2548,
frame_ms,0.2232,
frame_ms,0.2161,
frame_ms,0.2392,
frame_ms,0.2865,
frame_ms,0.2568,
frame_ms,0.238,
frame_ms,0.24,
frame_ms,0.2207,
frame_ms,0.26,
frame_ms,0.247,
frame_ms,0.2284,
frame_ms,0.219,
frame_ms,0.2498,
frame_ms,0.2238,
frame_ms,0.2182,
frame_ms,0.2125,
frame_ms,0.2425,
frame_ms,0.2239,
frame_ms,0.2111,
tick_us,852.6,198
frame_ms,2.1572,
frame_ms,0.2967,
frame_ms,0.2227,
frame_ms,0.2255,
frame_ms,0.2272,
frame_ms,0.2223,
frame_ms,0.2113,
frame_ms,0.2487,
frame_ms,0.2169,
frame_ms,0.2096,
frame_ms,0.2271,
frame_ms,0.3028,
frame_ms,0.2314,
frame_ms,0.2166,
frame_ms,0.2058,
frame_ms,0.2544,
frame_ms,0.2221,
frame_ms,0.2205,
frame_ms,0.2103,
frame_ms,0.2482,
frame_ms,0.214,
frame_ms,0.2066,
tick_us,767.1,188
frame_ms,1.7686,
frame_ms,0.2423,
frame_ms,0.2168,
frame_ms,0.2399,
frame_ms,0.2129,
frame_ms,0.2083,
frame_ms,0.2323,
frame_ms,0.2165,
frame_ms,0.206,
frame_ms,0.2383,
frame_ms,0.2206,
frame_ms,0.2076,
frame_ms,0.226,
frame_ms,0.2517,
frame_ms,0.9419,
frame_ms,0.2379,
frame_ms,0.2695,
frame_ms,0.2586,
frame_ms,0.2306,
frame_ms,0.2234,
tick_us,793.4,198
frame_ms,1.7748,
frame_ms,0.2423,
frame_ms,0.3452,
frame_ms,0.4693,
frame_ms,0.3779,
frame_ms,0.3841,
frame_ms,0.2875,
frame_ms,0.2488,
frame_ms,0.22,
frame_ms,0.2243,
frame_ms,0.2168,
frame_ms,0.2174,
frame_ms,0.2431,
frame_ms,0.2288,
frame_ms,0.2196,
frame_ms,0.2161,
frame_ms,0.2518,
frame_ms,0.2649,
frame_ms,0.2285,
frame_ms,0.213,
frame_ms,0.2122,
tick_us,789.7,190
frame_ms,1.7864,
frame_ms,0.2336,
frame_ms,0.2172,
frame_ms,0.2491,
frame_ms,0.2164,
frame_ms,0.2215,
frame_ms,0.214,
frame_ms,0.2494,
frame_ms,0.2206,
frame_ms,0.2165,
frame_ms,0.2291,
frame_ms,0.237,
frame_ms,0.2109,
frame_ms,0.207,
frame_ms,0.2468,
frame_ms,0.2242,
frame_ms,0.2149,
frame_ms,0.2292,
frame_ms,0.2343,
frame_ms,0.2135,
frame_ms,0.2252,
frame_ms,0.2262,
frame_ms,0.2324,
frame_ms,0.2187,
tick_us,758.5,186
frame_ms,1.7317,
frame_ms,0.4324,
frame_ms,0.2816,
frame_ms,0.2248,
frame_ms,0.2266,
frame_ms,0.2215,
frame_ms,0.4108,
frame_ms,0.3896,
frame_ms,0.3597,
frame_ms,0.34,
frame_ms,0.3329,
frame_ms,0.3574,
frame_ms,0.2524,
frame_ms,0.2228,
frame_ms,0.2301,
frame_ms,0.2263,
frame_ms,0.2158,
frame_ms,0.2104,
frame_ms,0.2715,
tick_us,777.9,190
frame_ms,1.8151,
frame_ms,0.2455,
frame_ms,0.22,
frame_ms,0.2205,
frame_ms,0.2342,
frame_ms,0.2235,
frame_ms,0.2136,
frame_ms,0.2407,
frame_ms,0.2263,
frame_ms,0.2155,
frame_ms,0.2122,
frame_ms,0.2361,
frame_ms,0.2105,
frame_ms,0.203,
frame_ms,0.2611,
frame_ms,0.2203,
frame_ms,0.205,
frame_ms,0.2466,
frame_ms,0.2151,
frame_ms,0.2048,
frame_ms,0.2398,
frame_ms,0.2166,
frame_ms,0.2022,
tick_us,759.9,180
frame_ms,1.7658,
frame_ms,0.2448,
frame_ms,0.2217,
frame_ms,0.2109,
frame_ms,0.2078,
frame_ms,0.2536,
frame_ms,0.2259,
frame_ms,0.2125,
frame_ms,0.2118,
frame_ms,0.2472,
frame_ms,0.2229,
frame_ms,0.2186,
frame_ms,0.2085,
frame_ms,0.2477,
frame_ms,0.2273,
frame_ms,0.4133,
frame_ms,0.4544,
frame_ms,0.3461,
frame_ms,0.2327,
frame_ms,0.2062,
frame_ms,0.2082,
frame_ms,0.2044,
tick_us,770.2,184
frame_ms,1.7691,
frame_ms,0.2508,
frame_ms,0.2141,
frame_ms,0.2136,
frame_ms,0.2429,
frame_ms,0.2206,
frame_ms,0.2103,
frame_ms,0.2528,
frame_ms,0.2144,
frame_ms,0.2087,
frame_ms,0.2483,
frame_ms,0.2214,
frame_ms,0.2092,
frame_ms,0.246,
frame_ms,0.2191,
frame_ms,0.2098,
frame_ms,0.2328,
frame_ms,0.2117,
frame_ms,0.2079,
frame_ms,0.2442,
frame_ms,0.2464,
frame_ms,0.2163,
frame_ms,0.2125,
frame_ms,0.2538,
tick_us,766.8,186
frame_ms,1.7689,
frame_ms,0.2711,
frame_ms,0.2304,
frame_ms,0.2149,
frame_ms,0.2462,
frame_ms,0.2284,
frame_ms,0.2177,
frame_ms,0.2697,
frame_ms,0.2438,
frame_ms,0.23,
frame_ms,0.214,
frame_ms,0.2595,
frame_ms,0.2249,
frame_ms,0.2145,
frame_ms,0.2269,
frame_ms,0.2396,
frame_ms,0.22,
frame_ms,0.2146,
frame_ms,0.2113,
frame_ms,0.2398,
frame_ms,0.221,
frame_ms,0.2116,
frame_ms,0.4813,
tick_us,774.6,178
frame_ms,1.7974,
frame_ms,0.2545,
frame_ms,0.2363,
frame_ms,0.2253,
frame_ms,0.2294,
frame_ms,0.2262,
frame_ms,0.2267,
frame_ms,0.218,
frame_ms,0.2417,
frame_ms,0.2211,
frame_ms,0.219,
frame_ms,0.2194,
frame_ms,0.3035,
frame_ms,0.2697,
frame_ms,0.2866,
frame_ms,0.2987,
frame_ms,0.2276,
frame_ms,0.2208,
frame_ms,0.2139,
frame_ms,0.2104,
frame_ms,0.2519,
frame_ms,0.2752,
tick_us,761.6,188
frame_ms,1.7836,
frame_ms,0.2611,
frame_ms,0.2332,
frame_ms,0.2204,
frame_ms,0.2231,
frame_ms,0.2579,
frame_ms,0.2321,
frame_ms,0.223,
frame_ms,0.2152,
frame_ms,0.2445,
frame_ms,0.255,
frame_ms,0.2146,
frame_ms,0.2114,
frame_ms,0.2661,
frame_ms,0.2242,
frame_ms,0.2186,
frame_ms,0.2134,
frame_ms,0.2378,
frame_ms,0.2158,
frame_ms,0.2092,
frame_ms,0.2378,
frame_ms,0.2303,
frame_ms,0.2121,
tick_us,780.8,188
frame_ms,1.7547,
frame_ms,0.3533,
frame_ms,0.4123,
frame_ms,0.3278,
frame_ms,0.3183,
frame_ms,0.3625,
frame_ms,0.325,
frame_ms,0.3328,
frame_ms,0.3278,
frame_ms,0.3311,
frame_ms,0.4483,
frame_ms,0.3146,
frame_ms,0.2906,
frame_ms,0.2525,
frame_ms,0.2356,
frame_ms,0.2355,
frame_ms,0.2375,
frame_ms,0.2364,
tick_us,741.8,180
frame_ms,1.803,
frame_ms,0.3534,
frame_ms,0.2284,
frame_ms,0.2181,
frame_ms,0.2477,
frame_ms,0.2245,
frame_ms,0.2145,
frame_ms,0.2401,
frame_ms,0.2202,
frame_ms,0.2615,
frame_ms,0.2301,
frame_ms,0.2221,
frame_ms,0.2221,
frame_ms,0.2801,
frame_ms,0.2267,
frame_ms,0.2173,
frame_ms,0.2616,
frame_ms,0.2263,
frame_ms,0.2138,
frame_ms,0.2208,
frame_ms,0.2422,
frame_ms,0.2207,
tick_us,741,172
frame_ms,1.7197,
frame_ms,0.2394,
frame_ms,0.216,
frame_ms,0.2151,
frame_ms,0.2439,
frame_ms,0.2216,
frame_ms,0.2165,
frame_ms,0.2333,
frame_ms,0.2134,
frame_ms,0.3726,
frame_ms,0.414,
frame_ms,0.2356,
frame_ms,0.3322,
frame_ms,0.2167,
frame_ms,0.2163,
frame_ms,0.2084,
frame_ms,0.2101,
frame_ms,0.2661,
frame_ms,0.2284,
frame_ms,0.214,
frame_ms,0.2265,
frame_ms,0.2381,
frame_ms,0.2147,
tick_us,748.5,178
frame_ms,1.7159,
frame_ms,0.2329,
frame_ms,0.2092,
frame_ms,0.2345,
frame_ms,0.2183,
frame_ms,0.2075,
frame_ms,0.2432,
frame_ms,0.2333,
frame_ms,0.2141,
frame_ms,0.2117,
frame_ms,0.2658,
frame_ms,0.229,
frame_ms,0.2103,
frame_ms,0.2307,
frame_ms,0.2361,
frame_ms,0.2128,
frame_ms,0.2061,
frame_ms,0.2366,
frame_ms,0.2778,
frame_ms,0.2627,
frame_ms,0.2353,
frame_ms,0.2222,
frame_ms,0.2196,
tick_us,775.7,186
frame_ms,1.7614,
frame_ms,0.2426,
frame_ms,0.2209,
frame_ms,0.2675,
frame_ms,0.2614,
frame_ms,0.2283,
frame_ms,0.2353,
frame_ms,0.2322,
frame_ms,0.2143,
frame_ms,0.2914,
frame_ms,0.2754,
frame_ms,0.2327,
frame_ms,0.2266,
frame_ms,0.3609,
frame_ms,0.3788,
frame_ms,0.9485,
frame_ms,0.2692,
frame_ms,0.2216,
frame_ms,0.2108,
tick_us,757.6,186
frame_ms,1.7453,
frame_ms,0.2362,
frame_ms,0.2114,
frame_ms,0.2212,
frame_ms,0.2411,
frame_ms,0.2333,
frame_ms,0.2948,
frame_ms,0.2465,
frame_ms,0.2247,
frame_ms,0.217,
frame_ms,0.2139,
frame_ms,0.236,
frame_ms,0.2178,
frame_ms,0.2223,
frame_ms,0.2177,
frame_ms,0.2438,
frame_ms,0.2559,
frame_ms,0.2285,
frame_ms,0.2182,
frame_ms,0.2296,
frame_ms,0.2233,
frame_ms,0.2174,
frame_ms,0.2289,
tick_us,776.4,196
frame_ms,1.7612,
frame_ms,0.2424,
frame_ms,0.2207,
frame_ms,0.2744,
frame_ms,0.2288,
frame_ms,0.2161,
frame_ms,0.2135,
frame_ms,0.4028,
frame_ms,0.299,
frame_ms,0.2484,
frame_ms,0.2269,
frame_ms,0.2398,
frame_ms,0.2285,
frame_ms,0.2228,
frame_ms,0.2553,
frame_ms,0.2522,
frame_ms,0.225,
frame_ms,0.2155,
frame_ms,0.2417,
frame_ms,0.2203,
frame_ms,0.2812,
frame_ms,0.2396,
tick_us,798.6,206
frame_ms,1.8974,
frame_ms,0.3356,
frame_ms,0.2246,
frame_ms,0.2191,
frame_ms,0.2147,
frame_ms,0.2384,
frame_ms,0.2276,
frame_ms,0.2111,
frame_ms,0.2137,
frame_ms,0.244,
frame_ms,0.2281,
frame_ms,0.2109,
frame_ms,0.2102,
frame_ms,0.2462,
frame_ms,0.2281,
frame_ms,0.2166,
frame_ms,0.2141,
frame_ms,0.2383,
frame_ms,0.2199,
frame_ms,0.2081,
frame_ms,0.221,
frame_ms,0.216,
frame_ms,0.2124,
tick_us,773,214
frame_ms,1.7638,
frame_ms,0.2374,
frame_ms,0.2132,
frame_ms,0.2159,
frame_ms,0.2745,
frame_ms,0.5817,
frame_ms,0.2322,
frame_ms,0.2164,
frame_ms,0.2259,
frame_ms,0.2233,
frame_ms,0.2224,
frame_ms,0.223,
frame_ms,0.2425,
frame_ms,0.2537,
frame_ms,0.2283,
frame_ms,0.2184,
frame_ms,0.2298,
frame_ms,0.2174,
frame_ms,0.261,
frame_ms,0.2279,
frame_ms,0.2116,
frame_ms,0.2113,
tick_us,742.7,218
frame_ms,1.862,
frame_ms,0.3365,
frame_ms,0.2491,
frame_ms,0.2904,
frame_ms,0.6132,
frame_ms,0.4284,
frame_ms,0.4955,
frame_ms,0.2314,
frame_ms,0.2339,
frame_ms,0.2592,
frame_ms,0.2624,
frame_ms,0.2592,
frame_ms,0.2306,
frame_ms,0.2211,
frame_ms,0.2122,
frame_ms,0.2611,
frame_ms,0.2256,
frame_ms,0.2136,
frame_ms,0.2296,
tick_us,763.5,220
frame_ms,1.7484,
frame_ms,0.2437,
frame_ms,0.222,
frame_ms,0.2227,
frame_ms,0.2191,
frame_ms,0.212,
frame_ms,0.2527,
frame_ms,0.2269,
frame_ms,0.2134,
frame_ms,0.2099,
frame_ms,0.2435,
frame_ms,0.2287,
frame_ms,0.2119,
frame_ms,0.2349,
frame_ms,0.2141,
frame_ms,0.2833,
frame_ms,0.2327,
frame_ms,0.2178,
frame_ms,0.2086,
frame_ms,0.2824,
frame_ms,0.2331,
frame_ms,0.2202,
frame_ms,0.2092,
tick_us,748.4,218
frame_ms,1.7668,
frame_ms,0.2655,
frame_ms,0.2293,
frame_ms,0.2168,
frame_ms,0.2574,
frame_ms,0.2173,
frame_ms,0.2718,
frame_ms,0.2732,
frame_ms,0.2482,
frame_ms,0.2389,
frame_ms,0.2203,
frame_ms,0.2141,
frame_ms,0.2663,
frame_ms,0.2267,
frame_ms,0.2155,
frame_ms,0.2144,
frame_ms,0.2455,
frame_ms,0.2264,
frame_ms,0.2131,
frame_ms,0.2529,
frame_ms,0.2128,
frame_ms,0.2418,
frame_ms,0.2204,
tick_us,768.7,210
frame_ms,1.7402,
frame_ms,0.2338,
frame_ms,2.1897,
frame_ms,0.2707,
frame_ms,0.2298,
frame_ms,0.2197,
frame_ms,0.2155,
frame_ms,0.2726,
frame_ms,0.2291,
frame_ms,0.2175,
frame_ms,0.2552,
frame_ms,0.2223,
frame_ms,0.2133,
frame_ms,0.2595,
frame_ms,0.2102,
tick_us,749.6,216
frame_ms,1.7091,
frame_ms,0.2374,
frame_ms,0.2142,
frame_ms,0.2662,
frame_ms,0.228,
frame_ms,0.2104,
frame_ms,0.2554,
frame_ms,0.2218,
frame_ms,0.2122,
frame_ms,0.2289,
frame_ms,0.2478,
frame_ms,0.228,
frame_ms,0.212,
frame_ms,0.4576,
frame_ms,0.3745,
frame_ms,0.3067,
frame_ms,0.2104,
frame_ms,0.2164,
frame_ms,0.2099,
frame_ms,0.2482,
frame_ms,0.2214,
frame_ms,0.208,
tick_us,747,210
frame_ms,1.7425,
frame_ms,0.2482,
frame_ms,0.2151,
frame_ms,0.2097,
frame_ms,0.2438,
frame_ms,0.2222,
frame_ms,0.2103,
frame_ms,0.2364,
frame_ms,0.269,
frame_ms,0.2235,
frame_ms,0.2097,
frame_ms,0.2429,
frame_ms,0.2256,
frame_ms,0.2139,
frame_ms,0.2569,
frame_ms,0.2209,
frame_ms,0.219,
frame_ms,0.2273,
frame_ms,0.2715,
frame_ms,0.2319,
frame_ms,0.21,
frame_ms,0.2492,
frame_ms,0.2183,
frame_ms,0.2071,
tick_us,742,198
frame_ms,1.758,
frame_ms,0.2478,
frame_ms,0.2144,
frame_ms,0.2108,
frame_ms,0.2408,
frame_ms,0.2263,
frame_ms,0.2099,
frame_ms,0.2599,
frame_ms,0.2388,
frame_ms,0.2248,
frame_ms,0.246,
frame_ms,0.2225,
frame_ms,0.2139,
frame_ms,0.2618,
frame_ms,0.2178,
frame_ms,0.2192,
frame_ms,0.2455,
frame_ms,0.2193,
frame_ms,0.2148,
frame_ms,0.2223,
frame_ms,0.2447,
frame_ms,0.2203,
frame_ms,0.3573,
tick_us,796.4,194
frame_ms,1.9287,
frame_ms,0.2516,
frame_ms,0.2137,
frame_ms,0.2595,
frame_ms,0.2281,
frame_ms,0.2149,
frame_ms,0.2683,
frame_ms,0.2231,
frame_ms,0.2104,
frame_ms,0.2726,
frame_ms,0.2244,
frame_ms,0.2102,
frame_ms,0.2293,
frame_ms,0.2162,
frame_ms,0.2047,
frame_ms,0.2579,
frame_ms,0.2258,
frame_ms,0.2117,
frame_ms,0.2747,
frame_ms,0.2227,
frame_ms,0.2093,
frame_ms,0.2764,
tick_us,745.3,192
frame_ms,1.7291,
frame_ms,0.2329,
frame_ms,0.2199,
frame_ms,0.2461,
frame_ms,0.2256,
frame_ms,0.2146,
frame_ms,0.272,
frame_ms,0.2294,
frame_ms,0.2163,
frame_ms,0.2454,
frame_ms,0.2281,
frame_ms,0.2176,
frame_ms,0.2527,
frame_ms,0.2226,
frame_ms,0.2116,
frame_ms,0.2604,
frame_ms,0.2198,
frame_ms,0.2111,
frame_ms,0.2493,
frame_ms,0.2257,
frame_ms,0.2251,
frame_ms,0.2538,
frame_ms,0.2412,
frame_ms,0.2136,
tick_us,758.9,202
frame_ms,1.8039,
frame_ms,0.2774,
frame_ms,0.2256,
frame_ms,0.2484,
frame_ms,0.2608,
frame_ms,0.228,
frame_ms,0.217,
frame_ms,0.2427,
frame_ms,0.2184,
frame_ms,0.2152,
frame_ms,0.2761,
frame_ms,0.2287,
frame_ms,0.214,
frame_ms,0.2705,
frame_ms,0.2247,
frame_ms,0.2136,
frame_ms,0.2795,
frame_ms,0.2212,
frame_ms,0.2162,
frame_ms,0.245,
frame_ms,0.2251,
frame_ms,0.2301,
frame_ms,0.2373,
tick_us,761.9,210
frame_ms,1.7458,
frame_ms,0.2331,
frame_ms,0.215,
frame_ms,0.2563,
frame_ms,0.2249,
frame_ms,0.2112,
frame_ms,0.2599,
frame_ms,0.2209,
frame_ms,0.217,
frame_ms,0.2506,
frame_ms,0.2254,
frame_ms,0.2132,
frame_ms,0.2483,
frame_ms,0.2344,
frame_ms,0.2138,
frame_ms,0.2652,
frame_ms,0.2268,
frame_ms,0.2158,
frame_ms,0.2823,
frame_ms,0.2268,
frame_ms,0.2115,
frame_ms,0.2571,
frame_ms,0.2911,
tick_us,726.7,214
frame_ms,1.7054,
frame_ms,0.263,
frame_ms,0.253,
frame_ms,0.2342,
frame_ms,0.2319,
frame_ms,0.4435,
frame_ms,0.3445,
frame_ms,0.2421,
frame_ms,0.2185,
frame_ms,0.2194,
frame_ms,0.2092,
frame_ms,0.2094,
frame_ms,0.2744,
frame_ms,0.2291,
frame_ms,0.2182,
frame_ms,0.2394,
frame_ms,0.2239,
frame_ms,0.2512,
frame_ms,0.232,
frame_ms,0.244,
frame_ms,0.2283,
tick_us,774.4,200
frame_ms,1.7967,
frame_ms,0.2423,
frame_ms,0.2171,
frame_ms,0.2558,
frame_ms,0.2246,
frame_ms,0.2145,
frame_ms,0.2661,
frame_ms,0.2268,
frame_ms,0.2155,
frame_ms,0.2358,
frame_ms,0.2107,
frame_ms,0.2062,
frame_ms,0.2626,
frame_ms,0.226,
frame_ms,0.2107,
frame_ms,0.2517,
frame_ms,0.2243,
frame_ms,0.2128,
frame_ms,0.2258,
frame_ms,0.2114,
frame_ms,0.261,
frame_ms,0.2289,
frame_ms,0.2076,
frame_ms,0.2545,
tick_us,759.8,192
frame_ms,1.7543,
frame_ms,0.2407,
frame_ms,0.217,
frame_ms,0.2619,
frame_ms,0.2225,
frame_ms,0.2174,
frame_ms,0.2489,
frame_ms,0.2291,
frame_ms,0.2139,
frame_ms,0.306,
frame_ms,0.2717,
frame_ms,0.2343,
frame_ms,0.2301,
frame_ms,0.22,
frame_ms,0.2181,
frame_ms,0.2468,
frame_ms,0.256,
frame_ms,0.2269,
frame_ms,0.2221,
frame_ms,0.2553,
frame_ms,0.2261,
frame_ms,0.2135,
frame_ms,0.2711,
tick_us,749.8,190
frame_ms,1.7439,
frame_ms,0.2484,
frame_ms,0.223,
frame_ms,0.2563,
frame_ms,0.2243,
frame_ms,0.2173,
frame_ms,0.2677,
frame_ms,0.2248,
frame_ms,0.2127,
frame_ms,0.2528,
frame_ms,0.2294,
frame_ms,0.2098,
frame_ms,0.2521,
frame_ms,0.2252,
frame_ms,0.2101,
frame_ms,0.229,
frame_ms,0.2213,
frame_ms,0.2106,
frame_ms,0.2534,
frame_ms,0.2336,
frame_ms,0.2175,
frame_ms,0.2995,
tick_us,767.9,184
frame_ms,2.1006,
frame_ms,0.3145,
frame_ms,0.2194,
frame_ms,0.256,
frame_ms,0.2294,
frame_ms,0.2117,
frame_ms,0.2688,
frame_ms,0.2552,
frame_ms,0.2285,
frame_ms,0.2354,
frame_ms,0.2127,
frame_ms,0.2559,
frame_ms,0.2583,
frame_ms,0.247,
frame_ms,0.2202,
frame_ms,0.216,
frame_ms,0.2087,
frame_ms,0.3191,
frame_ms,0.2932,
frame_ms,0.5373,
tick_us,1032,182
frame_ms,2.2504,
frame_ms,0.2612,
frame_ms,0.2233,
frame_ms,0.2276,
frame_ms,0.2687,
frame_ms,0.2338,
frame_ms,0.2138,
frame_ms,0.241,
frame_ms,0.2269,
frame_ms,0.2139,
frame_ms,0.255,
frame_ms,0.2353,
frame_ms,0.2168,
frame_ms,0.2449,
frame_ms,0.225,
frame_ms,0.2116,
frame_ms,0.2537,
frame_ms,0.2239,
frame_ms,0.2118,
frame_ms,0.2443,
frame_ms,0.2194,
frame_ms,0.2108,
tick_us,741.7,180
frame_ms,1.7383,
frame_ms,0.2479,
frame_ms,0.216,
frame_ms,0.2513,
frame_ms,0.2294,
frame_ms,0.2189,
frame_ms,0.2463,
frame_ms,0.2249,
frame_ms,0.2128,
frame_ms,0.2547,
frame_ms,0.2259,
frame_ms,0.212,
frame_ms,0.2741,
frame_ms,0.224,
frame_ms,0.2157,
frame_ms,0.252,
frame_ms,0.2241,
frame_ms,0.2151,
frame_ms,0.2515,
frame_ms,0.2404,
frame_ms,0.2173,
frame_ms,0.2098,
frame_ms,0.2463,
tick_us,724.4,176
frame_ms,1.7459,
frame_ms,0.258,
frame_ms,0.2455,
frame_ms,0.2959,
frame_ms,0.2431,
frame_ms,0.2457,
frame_ms,0.2252,
frame_ms,0.2489,
frame_ms,0.2398,
frame_ms,0.2224,
frame_ms,0.2333,
frame_ms,0.24,
frame_ms,0.225,
frame_ms,0.2201,
frame_ms,0.2233,
frame_ms,0.2777,
frame_ms,0.2705,
frame_ms,0.2326,
frame_ms,0.2224,
frame_ms,0.2124,
frame_ms,0.2439,
frame_ms,0.2196,
frame_ms,0.2194,
tick_us,776.5,176
