# mode=collision,n=500,struct=quadtree,cell=64,depth=5,node=4,seed=44,warmup_s=2,measure_s=5,config=2D,ticks=1008,frames=23420,measured_ticks=720,startup_ms=628.466,glfw_first_draw_ms=563.843,renderer=NVIDIA GeForce RTX 5060 Laptop GPU/PCIe/SSE2,gl=3.3.0 NVIDIA 592.01
kind,value,extra
startup_ms,628.466,process_to_first_frame
glfw_ms,563.843,glfw_init_to_first_frame
mem_ws_bytes,1.12112e+08,baseline
mem_private_bytes,1.81162e+08,baseline
mem_peak_ws_bytes,1.12112e+08,baseline
mem_ws_bytes,1.12153e+08,after_spawn
mem_private_bytes,1.81162e+08,after_spawn
mem_peak_ws_bytes,1.12153e+08,after_spawn
frame_ms,0.2983,
frame_ms,0.2296,
frame_ms,0.216,
frame_ms,0.2202,
frame_ms,0.2078,
frame_ms,0.2501,
frame_ms,0.2296,
frame_ms,0.2093,
frame_ms,0.2177,
frame_ms,0.206,
frame_ms,0.2391,
frame_ms,0.2314,
frame_ms,0.2142,
frame_ms,0.2624,
frame_ms,0.2332,
frame_ms,0.2102,
frame_ms,0.2647,
frame_ms,0.3256,
frame_ms,0.4359,
frame_ms,0.3828,
frame_ms,0.4257,
frame_ms,0.2821,
frame_ms,0.233,
frame_ms,0.2047,
tick_us,216.2,135
frame_ms,0.6491,
frame_ms,0.2264,
frame_ms,0.2168,
frame_ms,0.213,
frame_ms,0.2042,
frame_ms,0.224,
frame_ms,0.2829,
frame_ms,0.2426,
frame_ms,0.2251,
frame_ms,0.2139,
frame_ms,0.211,
frame_ms,0.2178,
frame_ms,0.2068,
frame_ms,0.3265,
frame_ms,0.2553,
frame_ms,0.227,
frame_ms,0.2163,
frame_ms,0.2118,
frame_ms,0.2261,
frame_ms,0.2053,
frame_ms,0.246,
frame_ms,0.227,
frame_ms,0.2046,
frame_ms,0.2415,
frame_ms,0.2748,
frame_ms,0.4735,
frame_ms,0.2255,
frame_ms,0.22,
tick_us,226.4,134
frame_ms,0.7635,
frame_ms,0.2714,
frame_ms,0.2324,
frame_ms,0.2298,
frame_ms,0.2309,
frame_ms,0.3018,
frame_ms,0.2523,
frame_ms,0.221,
frame_ms,0.211,
frame_ms,0.2072,
frame_ms,0.2244,
frame_ms,0.263,
frame_ms,0.2289,
frame_ms,0.2074,
frame_ms,0.2405,
frame_ms,0.2268,
frame_ms,0.2068,
frame_ms,0.2446,
frame_ms,0.2197,
frame_ms,0.2064,
frame_ms,0.2027,
frame_ms,0.2444,
frame_ms,0.2221,
frame_ms,0.2232,
frame_ms,0.2081,
frame_ms,0.2787,
frame_ms,0.2303,
tick_us,227.8,137
frame_ms,0.6699,
frame_ms,0.2327,
frame_ms,0.2064,
frame_ms,0.2235,
frame_ms,0.2152,
frame_ms,0.2071,
frame_ms,0.2514,
frame_ms,0.2274,
frame_ms,0.2093,
frame_ms,0.2427,
frame_ms,0.2196,
frame_ms,0.2158,
frame_ms,0.2284,
frame_ms,0.2157,
frame_ms,0.2635,
frame_ms,0.2271,
frame_ms,0.2133,
frame_ms,0.24,
frame_ms,0.2353,
frame_ms,0.2902,
frame_ms,0.2613,
frame_ms,0.2431,
frame_ms,0.2155,
frame_ms,0.2126,
frame_ms,0.2572,
frame_ms,0.2638,
frame_ms,0.2265,
frame_ms,0.2174,
tick_us,229.7,136
frame_ms,0.6738,
frame_ms,0.2313,
frame_ms,0.2208,
frame_ms,0.2182,
frame_ms,0.2158,
frame_ms,0.2091,
frame_ms,0.2575,
frame_ms,0.2862,
frame_ms,0.2448,
frame_ms,0.2277,
frame_ms,0.22,
frame_ms,0.2118,
frame_ms,0.2431,
frame_ms,0.4321,
frame_ms,0.3479,
frame_ms,0.283,
frame_ms,0.2271,
frame_ms,0.234,
frame_ms,0.2187,
frame_ms,0.2073,
frame_ms,0.2131,
frame_ms,0.2673,
frame_ms,0.2279,
frame_ms,0.2085,
frame_ms,0.242,
frame_ms,0.2142,
frame_ms,0.2698,
tick_us,214,136
frame_ms,0.6933,
frame_ms,0.2483,
frame_ms,0.2162,
frame_ms,0.2234,
frame_ms,0.2181,
frame_ms,0.2255,
frame_ms,0.2094,
frame_ms,0.2792,
frame_ms,0.2554,
frame_ms,0.2135,
frame_ms,0.2064,
frame_ms,0.2653,
frame_ms,0.2304,
frame_ms,0.2128,
frame_ms,0.2639,
frame_ms,0.2281,
frame_ms,0.2102,
frame_ms,0.219,
frame_ms,0.2053,
frame_ms,0.2093,
frame_ms,0.2346,
frame_ms,0.2163,
frame_ms,0.205,
frame_ms,0.2335,
frame_ms,0.2064,
frame_ms,0.3886,
frame_ms,0.2659,
tick_us,213.8,136
frame_ms,0.6595,
frame_ms,0.2301,
frame_ms,0.2044,
frame_ms,0.2104,
frame_ms,0.2295,
frame_ms,0.2344,
frame_ms,0.2557,
frame_ms,0.228,
frame_ms,0.2048,
frame_ms,0.241,
frame_ms,0.2181,
frame_ms,0.2277,
frame_ms,0.1999,
frame_ms,0.2656,
frame_ms,0.2264,
frame_ms,0.2078,
frame_ms,0.285,
frame_ms,0.254,
frame_ms,0.2245,
frame_ms,0.215,
frame_ms,0.211,
frame_ms,0.2551,
frame_ms,0.2794,
frame_ms,0.2246,
frame_ms,0.2094,
frame_ms,0.2023,
frame_ms,0.276,
frame_ms,0.2251,
frame_ms,0.2071,
tick_us,202.6,142
frame_ms,0.6938,
frame_ms,0.2897,
frame_ms,0.2237,
frame_ms,0.2125,
frame_ms,0.2136,
frame_ms,0.2033,
frame_ms,0.2586,
frame_ms,0.2297,
frame_ms,0.217,
frame_ms,0.2604,
frame_ms,0.233,
frame_ms,0.2154,
frame_ms,0.2136,
frame_ms,0.2734,
frame_ms,0.2415,
frame_ms,0.2118,
frame_ms,0.2518,
frame_ms,0.227,
frame_ms,0.2068,
frame_ms,0.2383,
frame_ms,0.2176,
frame_ms,0.2293,
frame_ms,0.2207,
frame_ms,0.2025,
frame_ms,0.2541,
frame_ms,0.2193,
frame_ms,0.2232,
frame_ms,0.2443,
tick_us,190.2,148
frame_ms,0.6631,
frame_ms,0.2345,
frame_ms,0.21,
frame_ms,0.211,
frame_ms,0.2715,
frame_ms,0.2505,
frame_ms,0.2229,
frame_ms,0.2238,
frame_ms,0.2152,
frame_ms,0.2388,
frame_ms,0.2118,
frame_ms,0.2503,
frame_ms,0.2384,
frame_ms,0.2162,
frame_ms,0.2327,
frame_ms,0.2272,
frame_ms,0.204,
frame_ms,0.2402,
frame_ms,0.2162,
frame_ms,0.2301,
frame_ms,0.2102,
frame_ms,0.2218,
frame_ms,0.2017,
frame_ms,0.2646,
frame_ms,0.3492,
frame_ms,0.3314,
frame_ms,0.2205,
tick_us,199.8,148
frame_ms,0.6408,
frame_ms,0.2319,
frame_ms,0.2063,
frame_ms,0.2183,
frame_ms,0.2316,
frame_ms,0.2903,
frame_ms,0.2158,
frame_ms,0.2288,
frame_ms,0.2634,
frame_ms,0.2332,
frame_ms,0.2049,
frame_ms,0.2707,
frame_ms,0.2241,
frame_ms,0.2094,
frame_ms,0.2336,
frame_ms,0.2088,
frame_ms,0.2323,
frame_ms,0.2054,
frame_ms,0.2317,
frame_ms,0.2063,
frame_ms,0.2294,
frame_ms,0.2068,
frame_ms,0.217,
frame_ms,0.2686,
frame_ms,0.2297,
frame_ms,0.2383,
frame_ms,0.2131,
frame_ms,0.2099,
frame_ms,0.2824,
tick_us,207.7,152
frame_ms,0.6902,
frame_ms,0.2452,
frame_ms,0.2103,
frame_ms,0.2294,
frame_ms,0.2232,
frame_ms,0.2117,
frame_ms,0.205,
frame_ms,0.2605,
frame_ms,0.2287,
frame_ms,0.2301,
frame_ms,0.2116,
frame_ms,0.2024,
frame_ms,0.237,
frame_ms,0.2185,
frame_ms,0.2232,
frame_ms,0.3799,
frame_ms,0.255,
frame_ms,0.2269,
frame_ms,0.2108,
frame_ms,0.2062,
frame_ms,0.2236,
frame_ms,0.2161,
frame_ms,0.2267,
frame_ms,0.1997,
frame_ms,0.2157,
frame_ms,0.2778,
frame_ms,0.2597,
frame_ms,0.2245,
tick_us,207.9,153
frame_ms,0.6336,
frame_ms,0.228,
frame_ms,0.2074,
frame_ms,0.2211,
frame_ms,0.2147,
frame_ms,0.2067,
frame_ms,0.2643,
frame_ms,0.2569,
frame_ms,0.2421,
frame_ms,0.2222,
frame_ms,0.2055,
frame_ms,0.2089,
frame_ms,0.2637,
frame_ms,0.2276,
frame_ms,0.2047,
frame_ms,0.2538,
frame_ms,0.2112,
frame_ms,0.2225,
frame_ms,0.2186,
frame_ms,0.2656,
frame_ms,0.2274,
frame_ms,0.2065,
frame_ms,0.2396,
frame_ms,0.22,
frame_ms,0.2285,
frame_ms,0.2351,
frame_ms,0.2211,
frame_ms,0.2245,
frame_ms,0.2058,
tick_us,203.5,152
frame_ms,0.7096,
frame_ms,0.2575,
frame_ms,0.2195,
frame_ms,0.2047,
frame_ms,0.2683,
frame_ms,0.2177,
frame_ms,0.2041,
frame_ms,0.2467,
frame_ms,0.2243,
frame_ms,0.211,
frame_ms,0.2415,
frame_ms,0.212,
frame_ms,0.2145,
frame_ms,0.256,
frame_ms,0.2247,
frame_ms,0.2261,
frame_ms,0.2051,
frame_ms,0.2731,
frame_ms,0.2328,
frame_ms,0.2097,
frame_ms,0.3219,
frame_ms,0.2982,
frame_ms,0.2544,
frame_ms,0.3046,
frame_ms,0.2349,
frame_ms,0.2316,
frame_ms,0.2205,
tick_us,216.1,152
frame_ms,0.6585,
frame_ms,0.2511,
frame_ms,0.2118,
frame_ms,0.2063,
frame_ms,0.2078,
frame_ms,0.2218,
frame_ms,0.2115,
frame_ms,0.3026,
frame_ms,0.2797,
frame_ms,0.2355,
frame_ms,0.2152,
frame_ms,0.2178,
frame_ms,0.2053,
frame_ms,0.2585,
frame_ms,0.227,
frame_ms,0.2083,
frame_ms,0.2368,
frame_ms,0.2201,
frame_ms,0.2239,
frame_ms,0.209,
frame_ms,0.2758,
frame_ms,0.2325,
frame_ms,0.2068,
frame_ms,0.2695,
frame_ms,0.2227,
frame_ms,0.2238,
frame_ms,0.2063,
frame_ms,0.2759,
tick_us,215.6,153
frame_ms,0.6684,
frame_ms,0.2276,
frame_ms,0.2053,
frame_ms,0.2101,
frame_ms,0.2082,
frame_ms,0.2091,
frame_ms,0.2296,
frame_ms,0.2067,
frame_ms,0.2162,
frame_ms,0.2611,
frame_ms,0.2296,
frame_ms,0.2072,
frame_ms,0.2371,
frame_ms,0.2171,
frame_ms,0.2311,
frame_ms,0.2051,
frame_ms,0.2746,
frame_ms,0.2482,
frame_ms,0.2195,
frame_ms,0.217,
frame_ms,0.2041,
frame_ms,0.2093,
frame_ms,0.2297,
frame_ms,0.2251,
frame_ms,0.2091,
frame_ms,0.2373,
frame_ms,0.218,
frame_ms,0.2283,
frame_ms,0.2935,
tick_us,196.2,155
frame_ms,0.627,
frame_ms,0.2255,
frame_ms,0.2142,
frame_ms,0.2333,
frame_ms,0.2227,
frame_ms,0.2195,
frame_ms,0.2733,
frame_ms,0.2383,
frame_ms,0.2171,
frame_ms,0.208,
frame_ms,0.2372,
frame_ms,0.2202,
frame_ms,0.2226,
frame_ms,0.199,
frame_ms,0.2397,
frame_ms,0.2272,
frame_ms,0.2024,
frame_ms,0.2419,
frame_ms,0.2116,
frame_ms,0.2338,
frame_ms,0.2056,
frame_ms,0.2743,
frame_ms,0.2655,
frame_ms,0.2288,
frame_ms,0.2237,
frame_ms,0.2174,
frame_ms,0.2087,
frame_ms,0.3035,
tick_us,214.5,154
frame_ms,0.7339,
frame_ms,0.2456,
frame_ms,0.2105,
frame_ms,0.2213,
frame_ms,0.2287,
frame_ms,0.2288,
frame_ms,0.2141,
frame_ms,0.2101,
frame_ms,0.2659,
frame_ms,0.2288,
frame_ms,0.2085,
frame_ms,0.2145,
frame_ms,0.2442,
frame_ms,0.224,
frame_ms,0.2067,
frame_ms,0.2391,
frame_ms,0.2253,
frame_ms,0.2103,
frame_ms,0.2359,
frame_ms,0.2247,
frame_ms,0.2079,
frame_ms,0.2386,
frame_ms,0.216,
frame_ms,0.2066,
frame_ms,0.2239,
frame_ms,0.1992,
frame_ms,0.2376,
frame_ms,0.2136,
frame_ms,0.2031,
tick_us,220.4,157
frame_ms,0.6982,
frame_ms,0.2306,
frame_ms,0.2064,
frame_ms,0.2081,
frame_ms,0.2105,
frame_ms,0.2331,
frame_ms,0.2345,
frame_ms,0.2228,
frame_ms,0.2141,
frame_ms,0.201,
frame_ms,0.2023,
frame_ms,0.2968,
frame_ms,0.2444,
frame_ms,0.2099,
frame_ms,0.2453,
frame_ms,0.2217,
frame_ms,0.2052,
frame_ms,0.2586,
frame_ms,0.2415,
frame_ms,0.2065,
frame_ms,0.2338,
frame_ms,0.2217,
frame_ms,0.2288,
frame_ms,0.2404,
frame_ms,0.2285,
frame_ms,0.2101,
frame_ms,0.2394,
frame_ms,0.219,
frame_ms,0.2011,
tick_us,235.2,159
frame_ms,0.7286,
frame_ms,0.2392,
frame_ms,0.2063,
frame_ms,0.2058,
frame_ms,0.2095,
frame_ms,0.2507,
frame_ms,0.2256,
frame_ms,0.2073,
frame_ms,0.2388,
frame_ms,0.2095,
frame_ms,0.2281,
frame_ms,0.219,
frame_ms,0.2014,
frame_ms,0.2543,
frame_ms,0.2146,
frame_ms,0.2211,
frame_ms,0.2115,
frame_ms,0.4751,
frame_ms,0.3432,
frame_ms,0.3124,
frame_ms,0.2438,
frame_ms,0.2137,
frame_ms,0.22,
frame_ms,0.2151,
frame_ms,0.2085,
frame_ms,0.2782,
tick_us,249.3,162
frame_ms,0.7889,
frame_ms,0.2387,
frame_ms,0.2139,
frame_ms,0.2188,
frame_ms,0.2224,
frame_ms,0.2106,
frame_ms,0.2604,
frame_ms,0.4965,
frame_ms,0.5156,
frame_ms,0.2798,
frame_ms,0.3137,
frame_ms,0.2139,
frame_ms,0.2134,
frame_ms,0.2081,
frame_ms,0.2079,
frame_ms,0.303,
frame_ms,0.4365,
frame_ms,0.4264,
frame_ms,0.3461,
frame_ms,0.5411,
frame_ms,0.2448,
frame_ms,0.2112,
tick_us,236.2,170
frame_ms,0.6842,
frame_ms,0.2295,
frame_ms,0.2089,
frame_ms,0.2188,
frame_ms,0.2127,
frame_ms,0.2082,
frame_ms,0.2629,
frame_ms,0.2238,
frame_ms,0.2104,
frame_ms,0.2223,
frame_ms,0.2031,
frame_ms,0.2882,
frame_ms,0.2234,
frame_ms,0.2117,
frame_ms,0.2206,
frame_ms,0.2227,
frame_ms,0.3022,
frame_ms,0.2965,
frame_ms,0.2465,
frame_ms,0.2139,
frame_ms,0.2149,
frame_ms,0.2104,
frame_ms,0.2302,
frame_ms,0.2241,
frame_ms,0.2186,
frame_ms,0.2447,
frame_ms,0.2247,
frame_ms,0.2077,
tick_us,238.7,167
frame_ms,0.6951,
frame_ms,0.2351,
frame_ms,0.2155,
frame_ms,0.2261,
frame_ms,0.2115,
frame_ms,0.2501,
frame_ms,0.2271,
frame_ms,0.248,
frame_ms,0.2321,
frame_ms,0.2179,
frame_ms,0.2154,
frame_ms,0.2623,
frame_ms,0.3168,
frame_ms,0.2478,
frame_ms,0.2306,
frame_ms,0.2367,
frame_ms,0.2229,
frame_ms,0.224,
frame_ms,0.2353,
frame_ms,0.2812,
frame_ms,0.2332,
frame_ms,0.2421,
frame_ms,0.2384,
frame_ms,0.3752,
frame_ms,0.3217,
frame_ms,0.224,
tick_us,228.4,167
frame_ms,0.6852,
frame_ms,0.2374,
frame_ms,0.2264,
frame_ms,0.2363,
frame_ms,0.2104,
frame_ms,0.2132,
frame_ms,0.2561,
frame_ms,0.2736,
frame_ms,0.2324,
frame_ms,0.2257,
frame_ms,0.2276,
frame_ms,0.2132,
frame_ms,0.2374,
frame_ms,0.2115,
frame_ms,0.2169,
frame_ms,0.2203,
frame_ms,0.2076,
frame_ms,0.392,
frame_ms,0.2411,
frame_ms,0.2397,
frame_ms,0.2175,
frame_ms,0.2139,
frame_ms,0.2401,
frame_ms,0.2249,
frame_ms,0.2117,
frame_ms,0.2461,
frame_ms,0.2164,
frame_ms,0.2144,
tick_us,247.7,167
frame_ms,0.7493,
frame_ms,0.235,
frame_ms,0.2066,
frame_ms,0.2084,
frame_ms,0.2016,
frame_ms,0.2519,
frame_ms,0.2207,
frame_ms,0.2104,
frame_ms,0.2524,
frame_ms,0.2349,
frame_ms,0.2182,
frame_ms,0.2395,
frame_ms,0.2182,
frame_ms,0.2015,
frame_ms,0.2413,
frame_ms,0.2477,
frame_ms,0.2142,
frame_ms,0.2085,
frame_ms,0.2467,
frame_ms,0.2416,
frame_ms,0.2139,
frame_ms,0.2363,
frame_ms,0.2207,
frame_ms,0.2225,
frame_ms,0.2437,
frame_ms,0.216,
frame_ms,0.201,
frame_ms,0.2652,
tick_us,237.7,168
frame_ms,0.9687,
frame_ms,0.2648,
frame_ms,0.2134,
frame_ms,0.2141,
frame_ms,0.2021,
frame_ms,0.2351,
frame_ms,0.2192,
frame_ms,0.2056,
frame_ms,0.2525,
frame_ms,0.2173,
frame_ms,0.2004,
frame_ms,0.259,
frame_ms,0.2143,
frame_ms,0.2003,
frame_ms,0.2563,
frame_ms,0.2178,
frame_ms,0.2052,
frame_ms,0.2548,
frame_ms,0.2176,
frame_ms,0.2024,
frame_ms,0.2328,
frame_ms,0.2265,
frame_ms,0.2068,
frame_ms,0.2487,
frame_ms,0.2202,
frame_ms,0.2018,
frame_ms,0.2593,
frame_ms,0.2237,
tick_us,228,165
frame_ms,0.6681,
frame_ms,0.2237,
frame_ms,0.2013,
frame_ms,0.2041,
frame_ms,0.2224,
frame_ms,0.2055,
frame_ms,0.2652,
frame_ms,0.2278,
frame_ms,0.2058,
frame_ms,0.253,
frame_ms,0.2992,
frame_ms,0.2429,
frame_ms,0.2341,
frame_ms,0.227,
frame_ms,0.4112,
frame_ms,0.2818,
frame_ms,0.2191,
frame_ms,0.2108,
frame_ms,0.2031,
frame_ms,0.2051,
frame_ms,0.2929,
frame_ms,0.2087,
frame_ms,0.2079,
frame_ms,0.3452,
frame_ms,0.2204,
frame_ms,0.2888,
frame_ms,0.228,
tick_us,242.8,168
frame_ms,0.8092,
frame_ms,0.2337,
frame_ms,0.204,
frame_ms,0.2073,
frame_ms,0.2048,
frame_ms,0.2417,
frame_ms,0.3818,
frame_ms,0.2404,
frame_ms,0.2208,
frame_ms,0.2169,
frame_ms,0.2089,
frame_ms,0.2104,
frame_ms,0.6901,
frame_ms,0.2235,
frame_ms,0.2086,
frame_ms,0.2033,
frame_ms,0.2033,
frame_ms,0.2577,
frame_ms,0.271,
frame_ms,0.2337,
frame_ms,0.2271,
frame_ms,0.2164,
frame_ms,0.2213,
frame_ms,0.2344,
frame_ms,0.2165,
tick_us,228,164
frame_ms,0.7083,
frame_ms,0.2615,
frame_ms,0.2107,
frame_ms,0.2101,
frame_ms,0.2052,
frame_ms,0.2341,
frame_ms,0.2193,
frame_ms,0.2095,
frame_ms,0.2908,
frame_ms,0.2306,
frame_ms,0.208,
frame_ms,0.2335,
frame_ms,0.2273,
frame_ms,0.212,
frame_ms,0.2401,
frame_ms,0.2355,
frame_ms,0.2,
frame_ms,0.2611,
frame_ms,0.2186,
frame_ms,0.2013,
frame_ms,0.2329,
frame_ms,0.2187,
frame_ms,0.2031,
frame_ms,0.2663,
frame_ms,0.2297,
frame_ms,0.2021,
frame_ms,0.247,
frame_ms,0.2218,
frame_ms,0.2043,
tick_us,216.7,165
frame_ms,0.7086,
frame_ms,0.2331,
frame_ms,0.2055,
frame_ms,0.2057,
frame_ms,0.2017,
frame_ms,0.2237,
frame_ms,0.2112,
frame_ms,0.2057,
frame_ms,0.2409,
frame_ms,0.2789,
frame_ms,0.2174,
frame_ms,0.2071,
frame_ms,0.2283,
frame_ms,0.2085,
frame_ms,0.2468,
frame_ms,0.2189,
frame_ms,0.2023,
frame_ms,0.2376,
frame_ms,0.2144,
frame_ms,0.1967,
frame_ms,0.245,
frame_ms,0.2179,
frame_ms,0.2737,
frame_ms,0.2418,
frame_ms,0.2199,
frame_ms,0.2607,
frame_ms,0.2463,
frame_ms,0.2152,
frame_ms,0.21,
tick_us,237.5,159
frame_ms,0.7243,
frame_ms,0.2361,
frame_ms,0.2033,
frame_ms,0.2067,
frame_ms,0.203,
frame_ms,0.243,
frame_ms,0.2195,
frame_ms,0.1993,
frame_ms,0.2584,
frame_ms,0.2179,
frame_ms,0.1998,
frame_ms,0.2616,
frame_ms,0.215,
frame_ms,0.2035,
frame_ms,0.2583,
frame_ms,0.2229,
frame_ms,0.2017,
frame_ms,0.2421,
frame_ms,0.212,
frame_ms,0.2,
frame_ms,0.2732,
frame_ms,0.2215,
frame_ms,0.2007,
frame_ms,0.2417,
frame_ms,0.2316,
frame_ms,0.2023,
frame_ms,0.2497,
frame_ms,0.2146,
tick_us,236.2,160
frame_ms,0.676,
frame_ms,0.2263,
frame_ms,0.2,
frame_ms,0.2071,
frame_ms,0.2155,
frame_ms,0.2184,
frame_ms,0.2405,
frame_ms,0.2171,
frame_ms,0.1989,
frame_ms,0.2606,
frame_ms,0.2193,
frame_ms,0.1988,
frame_ms,0.2635,
frame_ms,0.2202,
frame_ms,0.1985,
frame_ms,0.2519,
frame_ms,0.219,
frame_ms,0.2058,
frame_ms,0.2449,
frame_ms,0.2181,
frame_ms,0.3187,
frame_ms,0.3011,
frame_ms,0.2315,
frame_ms,0.2178,
frame_ms,0.2141,
frame_ms,0.2114,
frame_ms,0.215,
frame_ms,0.273,
tick_us,232.3,157
frame_ms,0.7393,
frame_ms,0.2328,
frame_ms,0.2039,
frame_ms,0.2098,
frame_ms,0.2005,
frame_ms,0.2203,
frame_ms,0.2076,
frame_ms,0.2725,
frame_ms,0.2233,
frame_ms,0.2056,
frame_ms,0.24,
frame_ms,0.2195,
frame_ms,0.2063,
frame_ms,0.2518,
frame_ms,0.2188,
frame_ms,0.1999,
frame_ms,0.2542,
frame_ms,0.2171,
frame_ms,0.1988,
frame_ms,0.2604,
frame_ms,0.2129,
frame_ms,0.2029,
frame_ms,0.2407,
frame_ms,0.2172,
frame_ms,0.2133,
frame_ms,0.2282,
frame_ms,0.2173,
frame_ms,0.2023,
frame_ms,0.3402,
tick_us,234.2,158
frame_ms,0.7399,
frame_ms,0.243,
frame_ms,0.2158,
frame_ms,0.2163,
frame_ms,0.2098,
frame_ms,0.2891,
frame_ms,0.3034,
frame_ms,0.2117,
frame_ms,0.2067,
frame_ms,0.2406,
frame_ms,0.2338,
frame_ms,0.2111,
frame_ms,0.2393,
frame_ms,0.2154,
frame_ms,0.202,
frame_ms,0.2393,
frame_ms,0.2285,
frame_ms,0.2051,
frame_ms,0.2514,
frame_ms,0.2185,
frame_ms,0.2187,
frame_ms,0.2455,
frame_ms,0.2104,
frame_ms,0.1959,
frame_ms,0.2658,
frame_ms,0.379,
frame_ms,0.292,
tick_us,239.6,156
frame_ms,0.6939,
frame_ms,0.2247,
frame_ms,0.2031,
frame_ms,0.21,
frame_ms,0.2196,
frame_ms,0.2049,
frame_ms,0.267,
frame_ms,0.233,
frame_ms,0.2059,
frame_ms,0.2487,
frame_ms,0.2242,
frame_ms,0.2044,
frame_ms,0.2312,
frame_ms,0.2576,
frame_ms,0.2742,
frame_ms,0.2352,
frame_ms,0.232,
frame_ms,0.2308,
frame_ms,0.2348,
frame_ms,0.225,
frame_ms,0.2676,
frame_ms,0.3064,
frame_ms,0.2315,
frame_ms,0.2174,
frame_ms,0.2067,
frame_ms,0.2125,
frame_ms,0.239,
frame_ms,0.2145,
tick_us,235.1,152
frame_ms,0.6863,
frame_ms,0.2242,
frame_ms,0.1981,
frame_ms,0.2018,
frame_ms,0.2215,
frame_ms,0.2063,
frame_ms,0.1991,
frame_ms,0.2741,
frame_ms,0.2207,
frame_ms,0.2006,
frame_ms,0.2519,
frame_ms,0.2146,
frame_ms,0.1983,
frame_ms,0.2612,
frame_ms,0.2154,
frame_ms,0.1967,
frame_ms,0.2595,
frame_ms,0.2173,
frame_ms,0.1962,
frame_ms,0.2612,
frame_ms,0.22,
frame_ms,0.1977,
frame_ms,0.2539,
frame_ms,0.2155,
frame_ms,0.1958,
frame_ms,0.2654,
frame_ms,0.2202,
frame_ms,0.1961,
frame_ms,0.25,
tick_us,231.5,153
frame_ms,0.6884,
frame_ms,0.2194,
frame_ms,0.2087,
frame_ms,0.2159,
frame_ms,0.2008,
frame_ms,0.2247,
frame_ms,0.216,
frame_ms,0.2061,
frame_ms,0.2404,
frame_ms,0.2179,
frame_ms,0.2026,
frame_ms,0.2455,
frame_ms,0.2167,
frame_ms,0.2015,
frame_ms,0.2293,
frame_ms,0.224,
frame_ms,0.2517,
frame_ms,0.2381,
frame_ms,0.2566,
frame_ms,0.2121,
frame_ms,0.2112,
frame_ms,0.2596,
frame_ms,0.238,
frame_ms,0.2067,
frame_ms,0.2438,
frame_ms,0.3415,
frame_ms,0.412,
tick_us,266.9,147
frame_ms,0.8572,
frame_ms,0.3284,
frame_ms,0.2573,
frame_ms,0.2228,
frame_ms,0.2209,
frame_ms,0.2194,
frame_ms,0.2163,
frame_ms,0.2427,
frame_ms,0.246,
frame_ms,0.212,
frame_ms,0.2336,
frame_ms,0.2147,
frame_ms,0.2007,
frame_ms,0.2513,
frame_ms,0.2255,
frame_ms,0.2038,
frame_ms,0.2487,
frame_ms,0.2196,
frame_ms,0.198,
frame_ms,0.2533,
frame_ms,0.2171,
frame_ms,0.2301,
frame_ms,0.2393,
frame_ms,0.2156,
frame_ms,0.1994,
frame_ms,0.2551,
frame_ms,0.2172,
frame_ms,0.198,
tick_us,237.8,140
frame_ms,0.7074,
frame_ms,0.2333,
frame_ms,0.2007,
frame_ms,0.2033,
frame_ms,0.2003,
frame_ms,0.2417,
frame_ms,0.2174,
frame_ms,0.2009,
frame_ms,0.2558,
frame_ms,0.2182,
frame_ms,0.2019,
frame_ms,0.2693,
frame_ms,0.2621,
frame_ms,0.295,
frame_ms,0.2513,
frame_ms,0.2321,
frame_ms,0.2324,
frame_ms,0.2302,
frame_ms,0.2301,
frame_ms,0.2408,
frame_ms,0.2337,
frame_ms,0.2018,
frame_ms,0.2327,
frame_ms,0.2172,
frame_ms,0.1986,
frame_ms,0.262,
frame_ms,0.2187,
frame_ms,0.1982,
tick_us,229.6,141
frame_ms,0.7217,
frame_ms,0.234,
frame_ms,0.2021,
frame_ms,0.2041,
frame_ms,0.2,
frame_ms,0.244,
frame_ms,0.2204,
frame_ms,0.1986,
frame_ms,0.2499,
frame_ms,0.2213,
frame_ms,0.2021,
frame_ms,0.2201,
frame_ms,0.2081,
frame_ms,0.1952,
frame_ms,0.2741,
frame_ms,0.2218,
frame_ms,0.2127,
frame_ms,0.2461,
frame_ms,0.2118,
frame_ms,0.1975,
frame_ms,0.2516,
frame_ms,0.2585,
frame_ms,0.252,
frame_ms,0.2288,
frame_ms,0.2202,
frame_ms,0.2109,
frame_ms,0.2319,
frame_ms,0.2196,
frame_ms,0.2111,
tick_us,233.1,141
frame_ms,0.7278,
frame_ms,0.2365,
frame_ms,0.2093,
frame_ms,0.2116,
frame_ms,0.2189,
frame_ms,0.2271,
frame_ms,0.2178,
frame_ms,0.2136,
frame_ms,0.2625,
frame_ms,0.2516,
frame_ms,0.2118,
frame_ms,0.2344,
frame_ms,0.2155,
frame_ms,0.1999,
frame_ms,0.251,
frame_ms,0.2173,
frame_ms,0.2032,
frame_ms,0.2506,
frame_ms,0.2171,
frame_ms,0.2001,
frame_ms,0.4133,
frame_ms,0.4547,
frame_ms,0.2225,
frame_ms,0.2076,
frame_ms,0.2023,
frame_ms,0.1994,
frame_ms,0.2434,
frame_ms,0.2192,
tick_us,244.1,138
frame_ms,0.7008,
frame_ms,0.2267,
frame_ms,0.2027,
frame_ms,0.2035,
frame_ms,0.2122,
frame_ms,0.2016,
frame_ms,0.2428,
frame_ms,0.2194,
frame_ms,0.2043,
frame_ms,0.2753,
frame_ms,0.2741,
frame_ms,0.2302,
frame_ms,0.2187,
frame_ms,0.2104,
frame_ms,0.2395,
frame_ms,0.2642,
frame_ms,0.2226,
frame_ms,0.2105,
frame_ms,0.2409,
frame_ms,0.222,
frame_ms,0.2053,
frame_ms,0.2464,
frame_ms,0.2215,
frame_ms,0.2092,
frame_ms,0.2967,
frame_ms,0.2251,
frame_ms,0.217,
frame_ms,0.2005,
tick_us,234.1,139
frame_ms,0.6854,
frame_ms,0.2252,
frame_ms,0.2019,
frame_ms,0.2079,
frame_ms,0.2067,
frame_ms,0.2439,
frame_ms,0.2201,
frame_ms,0.2086,
frame_ms,0.2339,
frame_ms,0.2166,
frame_ms,0.2072,
frame_ms,0.2538,
frame_ms,0.2196,
frame_ms,0.2053,
frame_ms,0.2328,
frame_ms,0.2181,
frame_ms,0.2019,
frame_ms,0.2389,
frame_ms,0.2115,
frame_ms,0.1978,
frame_ms,0.2483,
frame_ms,0.2495,
frame_ms,0.2708,
frame_ms,0.2279,
frame_ms,0.3663,
frame_ms,0.4377,
frame_ms,0.2439,
tick_us,242.6,140
frame_ms,0.7077,
frame_ms,0.2369,
frame_ms,0.2135,
frame_ms,0.2409,
frame_ms,0.2191,
frame_ms,0.2192,
frame_ms,0.208,
frame_ms,0.2388,
frame_ms,0.2538,
frame_ms,0.2367,
frame_ms,0.2098,
frame_ms,0.2367,
frame_ms,0.2396,
frame_ms,0.2055,
frame_ms,0.2078,
frame_ms,0.2365,
frame_ms,0.2249,
frame_ms,0.2012,
frame_ms,0.2513,
frame_ms,0.2189,
frame_ms,0.1991,
frame_ms,0.2634,
frame_ms,0.222,
frame_ms,0.2045,
frame_ms,0.2519,
frame_ms,0.2173,
frame_ms,0.1955,
frame_ms,0.259,
frame_ms,0.2232,
tick_us,237.3,134
frame_ms,0.6814,
frame_ms,0.2217,
frame_ms,0.206,
frame_ms,0.2082,
frame_ms,0.2149,
frame_ms,0.2339,
frame_ms,0.217,
frame_ms,0.201,
frame_ms,0.2659,
frame_ms,0.2292,
frame_ms,0.206,
frame_ms,0.2678,
frame_ms,0.2201,
frame_ms,0.2018,
frame_ms,0.2467,
frame_ms,0.2166,
frame_ms,0.1983,
frame_ms,0.264,
frame_ms,0.2223,
frame_ms,0.2213,
frame_ms,0.2081,
frame_ms,0.2383,
frame_ms,0.2179,
frame_ms,0.2011,
frame_ms,0.2561,
frame_ms,0.2181,
frame_ms,0.201,
frame_ms,0.2622,
frame_ms,0.2171,
tick_us,231.4,132
frame_ms,0.6825,
frame_ms,0.2213,
frame_ms,0.2139,
frame_ms,0.2123,
frame_ms,0.2105,
frame_ms,0.217,
frame_ms,0.2028,
frame_ms,0.2011,
frame_ms,0.2434,
frame_ms,0.2192,
frame_ms,0.1998,
frame_ms,0.259,
frame_ms,0.216,
frame_ms,0.2016,
frame_ms,0.2598,
frame_ms,0.2189,
frame_ms,0.2141,
frame_ms,0.2359,
frame_ms,0.2139,
frame_ms,0.2118,
frame_ms,0.2384,
frame_ms,0.2171,
frame_ms,0.2025,
frame_ms,0.2576,
frame_ms,0.218,
frame_ms,0.199,
frame_ms,0.2546,
frame_ms,0.218,
frame_ms,0.2,
tick_us,231.6,133
frame_ms,0.7396,
frame_ms,0.2302,
frame_ms,0.2041,
frame_ms,0.206,
frame_ms,0.335,
frame_ms,0.427,
frame_ms,0.3367,
frame_ms,0.2426,
frame_ms,0.2174,
frame_ms,0.208,
frame_ms,0.2036,
frame_ms,0.2461,
frame_ms,0.2223,
frame_ms,0.2069,
frame_ms,0.255,
frame_ms,0.2194,
frame_ms,0.2075,
frame_ms,0.2306,
frame_ms,0.2165,
frame_ms,0.2029,
frame_ms,0.2514,
frame_ms,0.2176,
frame_ms,0.2008,
frame_ms,0.2451,
frame_ms,0.2195,
frame_ms,0.2048,
frame_ms,0.233,
tick_us,233.3,126
frame_ms,0.6955,
frame_ms,0.2222,
frame_ms,0.2007,
frame_ms,0.2059,
frame_ms,0.2023,
frame_ms,0.2428,
frame_ms,0.2199,
frame_ms,0.2095,
frame_ms,0.2458,
frame_ms,0.5865,
frame_ms,0.372,
frame_ms,0.2423,
frame_ms,0.2013,
frame_ms,0.2013,
frame_ms,0.219,
frame_ms,0.2123,
frame_ms,0.2846,
frame_ms,0.2118,
frame_ms,0.2324,
frame_ms,0.2033,
frame_ms,0.255,
frame_ms,0.2238,
frame_ms,0.2009,
frame_ms,0.2596,
frame_ms,0.219,
frame_ms,0.2092,
frame_ms,0.2185,
tick_us,241.8,127
frame_ms,0.7343,
frame_ms,0.2304,
frame_ms,0.2148,
frame_ms,0.2146,
frame_ms,0.217,
frame_ms,0.2002,
frame_ms,0.2431,
frame_ms,0.2192,
frame_ms,0.2003,
frame_ms,0.2245,
frame_ms,0.2484,
frame_ms,0.2543,
frame_ms,0.2329,
frame_ms,0.2138,
frame_ms,0.2353,
frame_ms,0.2699,
frame_ms,0.2215,
frame_ms,0.2029,
frame_ms,0.2401,
frame_ms,0.2287,
frame_ms,0.2021,
frame_ms,0.2409,
frame_ms,0.2174,
frame_ms,0.1991,
frame_ms,0.25,
frame_ms,0.2173,
frame_ms,0.1988,
frame_ms,0.2487,
frame_ms,0.2177,
tick_us,238,128
frame_ms,0.6854,
frame_ms,0.2269,
frame_ms,0.2417,
frame_ms,0.2138,
frame_ms,0.2225,
frame_ms,0.2066,
frame_ms,0.2299,
frame_ms,0.2036,
frame_ms,0.1977,
frame_ms,0.2697,
frame_ms,0.2231,
frame_ms,0.2025,
frame_ms,0.2191,
frame_ms,0.3293,
frame_ms,0.229,
frame_ms,0.2138,
frame_ms,0.1987,
frame_ms,0.1988,
frame_ms,0.2475,
frame_ms,0.2148,
frame_ms,0.1972,
frame_ms,0.2388,
frame_ms,0.2293,
frame_ms,0.2029,
frame_ms,0.2372,
frame_ms,0.2153,
frame_ms,0.1966,
frame_ms,0.2518,
frame_ms,0.2167,
tick_us,247.2,123
frame_ms,0.7039,
frame_ms,0.224,
frame_ms,0.1992,
frame_ms,0.2034,
frame_ms,0.2046,
frame_ms,0.2567,
frame_ms,0.2195,
frame_ms,0.1987,
frame_ms,0.253,
frame_ms,0.2567,
frame_ms,0.2617,
frame_ms,0.2352,
frame_ms,0.2211,
frame_ms,0.2109,
frame_ms,0.206,
frame_ms,0.2613,
frame_ms,0.2537,
frame_ms,0.2114,
frame_ms,0.2389,
frame_ms,0.2567,
frame_ms,0.2275,
frame_ms,0.1985,
frame_ms,0.253,
frame_ms,0.2162,
frame_ms,0.1972,
frame_ms,0.2593,
frame_ms,0.215,
frame_ms,0.1992,
tick_us,241.3,125
frame_ms,0.7328,
frame_ms,0.2309,
frame_ms,0.2004,
frame_ms,0.2037,
frame_ms,0.2028,
frame_ms,0.2408,
frame_ms,0.2149,
frame_ms,0.2023,
frame_ms,0.2458,
frame_ms,0.2144,
frame_ms,0.2082,
frame_ms,0.2291,
frame_ms,0.2029,
frame_ms,0.1949,
frame_ms,0.2735,
frame_ms,0.2181,
frame_ms,0.2069,
frame_ms,0.2426,
frame_ms,0.2578,
frame_ms,0.2967,
frame_ms,0.2577,
frame_ms,0.2666,
frame_ms,0.2384,
frame_ms,0.2209,
frame_ms,0.2122,
frame_ms,0.2079,
frame_ms,0.2282,
frame_ms,0.2126,
tick_us,253,125
frame_ms,0.7153,
frame_ms,0.2341,
frame_ms,0.2101,
frame_ms,0.2147,
frame_ms,0.212,
frame_ms,0.2037,
frame_ms,0.2498,
frame_ms,0.2556,
frame_ms,0.2101,
frame_ms,0.1988,
frame_ms,0.26,
frame_ms,0.2206,
frame_ms,0.2193,
frame_ms,0.2505,
frame_ms,0.2166,
frame_ms,0.2001,
frame_ms,0.2415,
frame_ms,0.2105,
frame_ms,0.2016,
frame_ms,0.2446,
frame_ms,0.2165,
frame_ms,0.1988,
frame_ms,0.2516,
frame_ms,0.2605,
frame_ms,0.2262,
frame_ms,0.2119,
frame_ms,0.2077,
frame_ms,0.2475,
frame_ms,0.2428,
tick_us,232.6,129
frame_ms,0.6857,
frame_ms,0.2238,
frame_ms,0.2022,
frame_ms,0.2059,
frame_ms,0.2135,
frame_ms,0.218,
frame_ms,0.2459,
frame_ms,0.2162,
frame_ms,0.1985,
frame_ms,0.2818,
frame_ms,0.2661,
frame_ms,0.2295,
frame_ms,0.2158,
frame_ms,0.2098,
frame_ms,0.2278,
frame_ms,0.2516,
frame_ms,0.3039,
frame_ms,0.2353,
frame_ms,0.2127,
frame_ms,0.2049,
frame_ms,0.2033,
frame_ms,0.2588,
frame_ms,0.2279,
frame_ms,0.2,
frame_ms,0.2302,
frame_ms,0.2173,
frame_ms,0.1985,
frame_ms,0.4696,
tick_us,225,131
frame_ms,0.7511,
frame_ms,0.2334,
frame_ms,0.2104,
frame_ms,0.2274,
frame_ms,0.2175,
frame_ms,0.2197,
frame_ms,0.2078,
frame_ms,0.2606,
frame_ms,0.2638,
frame_ms,0.2235,
frame_ms,0.2078,
frame_ms,0.2059,
frame_ms,0.2456,
frame_ms,0.2186,
frame_ms,0.2065,
frame_ms,0.304,
frame_ms,0.4057,
frame_ms,0.3401,
frame_ms,0.4197,
frame_ms,0.2472,
frame_ms,0.2092,
frame_ms,0.2133,
frame_ms,0.2035,
frame_ms,0.2013,
frame_ms,0.2451,
frame_ms,0.216,
tick_us,243,128
frame_ms,0.701,
frame_ms,0.2238,
frame_ms,0.2042,
frame_ms,0.2354,
frame_ms,0.2264,
frame_ms,0.209,
frame_ms,0.2107,
frame_ms,0.2371,
frame_ms,0.2213,
frame_ms,0.2059,
frame_ms,0.2356,
frame_ms,0.2167,
frame_ms,0.2008,
frame_ms,0.2487,
frame_ms,0.2176,
frame_ms,0.2033,
frame_ms,0.2427,
frame_ms,0.2577,
frame_ms,0.228,
frame_ms,0.2123,
frame_ms,0.2099,
frame_ms,0.2532,
frame_ms,0.2281,
frame_ms,0.2193,
frame_ms,0.2385,
frame_ms,0.2462,
frame_ms,0.2162,
frame_ms,0.2072,
tick_us,232.7,135
frame_ms,0.7233,
frame_ms,0.2306,
frame_ms,0.206,
frame_ms,0.2109,
frame_ms,0.2021,
frame_ms,0.3028,
frame_ms,0.4554,
frame_ms,0.3488,
frame_ms,0.3858,
frame_ms,0.3322,
frame_ms,0.3258,
frame_ms,0.2785,
frame_ms,0.2308,
frame_ms,0.2071,
frame_ms,0.208,
frame_ms,0.2022,
frame_ms,0.2564,
frame_ms,0.2598,
frame_ms,0.2224,
frame_ms,0.2127,
frame_ms,0.2074,
frame_ms,0.2669,
frame_ms,0.2182,
frame_ms,0.2099,
frame_ms,0.2703,
tick_us,238.4,136
frame_ms,0.7355,
frame_ms,0.2328,
frame_ms,0.2072,
frame_ms,0.2123,
frame_ms,0.2075,
frame_ms,0.2167,
frame_ms,0.2537,
frame_ms,0.2639,
frame_ms,0.2211,
frame_ms,0.2069,
frame_ms,0.2127,
frame_ms,0.246,
frame_ms,0.2279,
frame_ms,0.2062,
frame_ms,0.2228,
frame_ms,0.2034,
frame_ms,0.2227,
frame_ms,0.2322,
frame_ms,0.2147,
frame_ms,0.2079,
frame_ms,0.2428,
frame_ms,0.2642,
frame_ms,0.2316,
frame_ms,0.2146,
frame_ms,0.2204,
frame_ms,0.2373,
frame_ms,0.2076,
frame_ms,0.2023,
frame_ms,0.2475,
tick_us,227.7,140
frame_ms,0.7248,
frame_ms,0.2327,
frame_ms,0.2059,
frame_ms,0.2128,
frame_ms,0.2053,
frame_ms,0.2171,
frame_ms,0.246,
frame_ms,0.2173,
frame_ms,0.202,
frame_ms,0.2308,
frame_ms,0.2057,
frame_ms,0.2005,
frame_ms,0.29,
frame_ms,0.271,
frame_ms,0.2368,
frame_ms,0.3002,
frame_ms,0.3708,
frame_ms,0.3308,
frame_ms,0.3171,
frame_ms,0.2016,
frame_ms,0.2111,
frame_ms,0.3157,
frame_ms,0.2312,
frame_ms,0.2182,
frame_ms,0.2079,
frame_ms,0.2257,
tick_us,238.8,138
frame_ms,0.7378,
frame_ms,0.2646,
frame_ms,0.2179,
frame_ms,0.2162,
frame_ms,0.2841,
frame_ms,0.2066,
frame_ms,0.2175,
frame_ms,0.2542,
frame_ms,0.2206,
frame_ms,0.2096,
frame_ms,0.236,
frame_ms,0.2081,
frame_ms,0.2019,
frame_ms,0.2671,
frame_ms,0.2177,
frame_ms,0.2113,
frame_ms,0.2372,
frame_ms,0.2187,
frame_ms,0.2061,
frame_ms,0.2284,
frame_ms,0.2079,
frame_ms,0.197,
frame_ms,0.2517,
frame_ms,0.2168,
frame_ms,0.4028,
frame_ms,0.355,
frame_ms,0.2668,
tick_us,252.4,137
frame_ms,0.7344,
frame_ms,0.2308,
frame_ms,0.2088,
frame_ms,0.2104,
frame_ms,0.2167,
frame_ms,0.2059,
frame_ms,0.2486,
frame_ms,0.2502,
frame_ms,0.2118,
frame_ms,0.2024,
frame_ms,0.2615,
frame_ms,0.2203,
frame_ms,0.2105,
frame_ms,0.2387,
frame_ms,0.2167,
frame_ms,0.2001,
frame_ms,0.2399,
frame_ms,0.2129,
frame_ms,0.2164,
frame_ms,0.2278,
frame_ms,0.3378,
frame_ms,0.2607,
frame_ms,0.2176,
frame_ms,0.2081,
frame_ms,0.2034,
frame_ms,0.2007,
frame_ms,0.2454,
frame_ms,0.2232,
frame_ms,0.2034,
tick_us,250.6,139
frame_ms,0.7512,
frame_ms,0.2283,
frame_ms,0.2026,
frame_ms,0.2084,
frame_ms,0.2003,
frame_ms,0.2316,
frame_ms,0.2125,
frame_ms,0.203,
frame_ms,0.2439,
frame_ms,0.2167,
frame_ms,0.1986,
frame_ms,0.2449,
frame_ms,0.2176,
frame_ms,0.1965,
frame_ms,0.2545,
frame_ms,0.2182,
frame_ms,0.1993,
frame_ms,0.2539,
frame_ms,0.2151,
frame_ms,0.2014,
frame_ms,0.245,
frame_ms,0.2154,
frame_ms,0.2013,
frame_ms,0.2613,
frame_ms,0.2188,
frame_ms,0.198,
frame_ms,0.2434,
frame_ms,0.2163,
frame_ms,0.1956,
tick_us,248,138
frame_ms,0.7599,
frame_ms,0.23,
frame_ms,0.203,
frame_ms,0.2041,
frame_ms,0.1988,
frame_ms,0.305,
frame_ms,0.2307,
frame_ms,0.2061,
frame_ms,0.2561,
frame_ms,0.2459,
frame_ms,0.2974,
frame_ms,0.245,
frame_ms,0.2218,
frame_ms,0.216,
frame_ms,0.2102,
frame_ms,0.2749,
frame_ms,0.314,
frame_ms,0.2416,
frame_ms,0.2084,
frame_ms,0.2214,
frame_ms,0.2016,
frame_ms,0.2445,
frame_ms,0.2232,
frame_ms,0.2073,
frame_ms,0.3015,
frame_ms,0.2595,
frame_ms,0.2332,
tick_us,246.2,137
frame_ms,0.7204,
frame_ms,0.232,
frame_ms,0.2171,
frame_ms,0.2154,
frame_ms,0.2083,
frame_ms,0.207,
frame_ms,0.253,
frame_ms,0.2317,
frame_ms,0.2085,
frame_ms,0.2432,
frame_ms,0.2111,
frame_ms,0.2095,
frame_ms,0.259,
frame_ms,0.2716,
frame_ms,0.2238,
frame_ms,0.2235,
frame_ms,0.2224,
frame_ms,0.23,
frame_ms,0.2507,
frame_ms,0.2071,
frame_ms,0.2272,
frame_ms,0.208,
frame_ms,0.2019,
frame_ms,0.2389,
frame_ms,0.2237,
frame_ms,0.2072,
frame_ms,0.2236,
frame_ms,0.2081,
frame_ms,0.1997,
tick_us,256.5,138
frame_ms,0.7593,
frame_ms,0.2381,
frame_ms,0.2033,
frame_ms,0.2077,
frame_ms,0.2269,
frame_ms,0.2023,
frame_ms,0.2652,
frame_ms,0.2173,
frame_ms,0.2028,
frame_ms,0.2422,
frame_ms,0.2172,
frame_ms,0.2252,
frame_ms,0.2269,
frame_ms,0.2046,
frame_ms,0.1991,
frame_ms,0.2593,
frame_ms,0.2178,
frame_ms,0.2024,
frame_ms,0.2575,
frame_ms,0.2182,
frame_ms,0.1997,
frame_ms,0.2644,
frame_ms,0.3559,
frame_ms,0.2512,
frame_ms,0.2186,
frame_ms,0.2056,
frame_ms,0.2042,
frame_ms,0.244,
tick_us,231.7,136
frame_ms,0.6932,
frame_ms,0.2232,
frame_ms,0.2037,
frame_ms,0.2882,
frame_ms,0.2741,
frame_ms,0.2283,
frame_ms,0.2286,
frame_ms,0.2166,
frame_ms,0.2138,
frame_ms,0.2227,
frame_ms,0.2739,
frame_ms,0.3095,
frame_ms,0.2397,
frame_ms,0.2126,
frame_ms,0.217,
frame_ms,0.2053,
frame_ms,0.2343,
frame_ms,0.208,
frame_ms,0.2119,
frame_ms,0.2429,
frame_ms,0.2124,
frame_ms,0.2041,
frame_ms,0.2509,
frame_ms,0.2183,
frame_ms,0.1987,
frame_ms,0.2386,
frame_ms,0.2152,
frame_ms,0.1986,
tick_us,242.1,137
frame_ms,0.7408,
frame_ms,0.2336,
frame_ms,0.2034,
frame_ms,0.2065,
frame_ms,0.2418,
frame_ms,0.2019,
frame_ms,0.2332,
frame_ms,0.2147,
frame_ms,0.2011,
frame_ms,0.2448,
frame_ms,0.2573,
frame_ms,0.2243,
frame_ms,0.211,
frame_ms,0.2222,
frame_ms,0.2468,
frame_ms,0.2968,
frame_ms,0.2605,
frame_ms,0.217,
frame_ms,0.2125,
frame_ms,0.2009,
frame_ms,0.2594,
frame_ms,0.2216,
frame_ms,0.2099,
frame_ms,0.234,
frame_ms,0.2141,
frame_ms,0.2,
frame_ms,0.2706,
frame_ms,0.2937,
tick_us,237.5,136
frame_ms,0.7249,
frame_ms,0.2596,
frame_ms,0.2467,
frame_ms,0.2792,
frame_ms,0.3337,
frame_ms,0.2031,
frame_ms,0.2094,
frame_ms,0.2022,
frame_ms,0.2488,
frame_ms,0.2164,
frame_ms,0.2013,
frame_ms,0.4233,
frame_ms,0.3425,
frame_ms,0.2546,
frame_ms,0.2199,
frame_ms,0.2087,
frame_ms,0.2028,
frame_ms,0.2492,
frame_ms,0.2221,
frame_ms,0.2401,
frame_ms,0.2632,
frame_ms,0.2176,
frame_ms,0.24,
frame_ms,0.2452,
frame_ms,0.2112,
frame_ms,0.204,
tick_us,241.5,138
frame_ms,0.7462,
frame_ms,0.2474,
frame_ms,0.2064,
frame_ms,0.2085,
frame_ms,0.2035,
frame_ms,0.2056,
frame_ms,0.2413,
frame_ms,0.216,
frame_ms,0.2049,
frame_ms,0.246,
frame_ms,0.23,
frame_ms,0.2013,
frame_ms,0.2496,
frame_ms,0.2173,
frame_ms,0.1988,
frame_ms,0.2487,
frame_ms,0.2205,
frame_ms,0.1986,
frame_ms,0.2448,
frame_ms,0.2161,
frame_ms,0.1984,
frame_ms,0.2514,
frame_ms,0.2172,
frame_ms,0.1983,
frame_ms,0.2488,
frame_ms,0.2169,
frame_ms,0.1993,
frame_ms,0.2502,
frame_ms,0.2294,
tick_us,226.5,137
frame_ms,0.6766,
frame_ms,0.2234,
frame_ms,0.2028,
frame_ms,0.2079,
frame_ms,0.2125,
frame_ms,0.2233,
frame_ms,0.2347,
frame_ms,0.2058,
frame_ms,0.2029,
frame_ms,0.2646,
frame_ms,0.2206,
frame_ms,0.2083,
frame_ms,0.2342,
frame_ms,0.2117,
frame_ms,0.2017,
frame_ms,0.2598,
frame_ms,0.2394,
frame_ms,0.2115,
frame_ms,0.2001,
frame_ms,0.2634,
frame_ms,0.3698,
frame_ms,0.2418,
frame_ms,0.2031,
frame_ms,0.2151,
frame_ms,0.2057,
frame_ms,0.2028,
frame_ms,0.2366,
frame_ms,0.207,
frame_ms,0.235,
tick_us,222.1,142
frame_ms,0.6806,
frame_ms,0.2292,
frame_ms,0.1996,
frame_ms,0.2385,
frame_ms,0.2123,
frame_ms,0.2464,
frame_ms,0.2239,
frame_ms,0.201,
frame_ms,0.243,
frame_ms,0.229,
frame_ms,0.2047,
frame_ms,0.2506,
frame_ms,0.1994,
frame_ms,0.1974,
frame_ms,0.2674,
frame_ms,0.2158,
frame_ms,0.1976,
frame_ms,0.2497,
frame_ms,0.2171,
frame_ms,0.1964,
frame_ms,0.2488,
frame_ms,0.2209,
frame_ms,0.218,
frame_ms,0.2494,
frame_ms,0.2152,
frame_ms,0.1987,
frame_ms,0.2549,
frame_ms,0.2165,
frame_ms,0.2002,
tick_us,217.5,142
frame_ms,0.7161,
frame_ms,0.2351,
frame_ms,0.203,
frame_ms,0.2111,
frame_ms,0.2047,
frame_ms,0.2065,
frame_ms,0.2401,
frame_ms,0.2182,
frame_ms,0.2014,
frame_ms,0.2782,
frame_ms,0.2589,
frame_ms,0.2172,
frame_ms,0.2089,
frame_ms,0.2235,
frame_ms,0.2139,
frame_ms,0.2028,
frame_ms,0.2491,
frame_ms,0.2906,
frame_ms,0.2406,
frame_ms,0.21,
frame_ms,0.2029,
frame_ms,0.2537,
frame_ms,0.2162,
frame_ms,0.2015,
frame_ms,0.2454,
frame_ms,0.2186,
frame_ms,0.1976,
frame_ms,0.2512,
tick_us,1173.3,135
frame_ms,1.7649,
frame_ms,0.2653,
frame_ms,0.4233,
frame_ms,0.1974,
frame_ms,0.1987,
frame_ms,0.2417,
frame_ms,0.2041,
frame_ms,0.2184,
frame_ms,0.2305,
frame_ms,0.2519,
frame_ms,0.2725,
frame_ms,0.2355,
frame_ms,0.2212,
frame_ms,0.2135,
frame_ms,0.2104,
frame_ms,0.2576,
frame_ms,0.2415,
frame_ms,0.2104,
frame_ms,0.2144,
frame_ms,0.2332,
frame_ms,0.2143,
frame_ms,0.2007,
frame_ms,0.2482,
frame_ms,0.2162,
tick_us,254.9,137
frame_ms,0.7046,
frame_ms,0.2219,
frame_ms,0.1998,
frame_ms,0.2052,
frame_ms,0.2102,
frame_ms,0.2767,
frame_ms,0.2602,
frame_ms,0.2264,
frame_ms,0.2115,
frame_ms,0.212,
frame_ms,0.2514,
frame_ms,0.2448,
frame_ms,0.2117,
frame_ms,0.2018,
frame_ms,0.2424,
frame_ms,0.213,
frame_ms,0.1992,
frame_ms,0.2541,
frame_ms,0.22,
frame_ms,0.2064,
frame_ms,0.2385,
frame_ms,0.3619,
frame_ms,0.4139,
frame_ms,0.3216,
frame_ms,0.2413,
frame_ms,0.1993,
frame_ms,0.2053,
tick_us,234.4,130
frame_ms,0.6732,
frame_ms,0.2254,
frame_ms,0.212,
frame_ms,0.212,
frame_ms,0.3735,
frame_ms,0.4257,
frame_ms,0.3282,
frame_ms,0.237,
frame_ms,0.2562,
frame_ms,0.2281,
frame_ms,0.2179,
frame_ms,0.2115,
frame_ms,0.2857,
frame_ms,0.2761,
frame_ms,0.2378,
frame_ms,0.2131,
frame_ms,0.2126,
frame_ms,0.2069,
frame_ms,0.2667,
frame_ms,0.23,
frame_ms,0.2069,
frame_ms,0.2356,
frame_ms,0.2077,
frame_ms,0.2355,
frame_ms,0.215,
frame_ms,0.2054,
tick_us,237.1,130
frame_ms,0.7306,
frame_ms,0.2328,
frame_ms,0.2078,
frame_ms,0.2049,
frame_ms,0.2095,
frame_ms,0.2293,
frame_ms,0.214,
frame_ms,0.225,
frame_ms,0.2211,
frame_ms,0.2082,
frame_ms,0.2082,
frame_ms,0.2642,
frame_ms,0.2282,
frame_ms,0.2083,
frame_ms,0.2369,
frame_ms,0.2233,
frame_ms,0.2353,
frame_ms,0.1979,
frame_ms,0.238,
frame_ms,0.2107,
frame_ms,0.2048,
frame_ms,0.2515,
frame_ms,0.2282,
frame_ms,0.2187,
frame_ms,0.2262,
frame_ms,0.2168,
frame_ms,0.2032,
frame_ms,0.2593,
frame_ms,0.2289,
tick_us,231.9,127
frame_ms,0.6871,
frame_ms,0.226,
frame_ms,0.2063,
frame_ms,0.2089,
frame_ms,0.2122,
frame_ms,0.2141,
frame_ms,0.2564,
frame_ms,0.224,
frame_ms,0.2114,
frame_ms,0.2347,
frame_ms,0.5924,
frame_ms,0.3132,
frame_ms,0.2448,
frame_ms,0.2105,
frame_ms,0.2106,
frame_ms,0.2069,
frame_ms,0.293,
frame_ms,0.3193,
frame_ms,0.2526,
frame_ms,0.2096,
frame_ms,0.2085,
frame_ms,0.2627,
frame_ms,0.2575,
frame_ms,0.2197,
frame_ms,0.2135,
frame_ms,0.2766,
tick_us,247,125
frame_ms,0.7822,
frame_ms,0.2519,
frame_ms,0.2146,
frame_ms,0.2237,
frame_ms,0.2277,
frame_ms,0.2375,
frame_ms,0.2079,
frame_ms,0.2411,
frame_ms,0.2501,
frame_ms,0.264,
frame_ms,0.2606,
frame_ms,0.6807,
frame_ms,0.2944,
frame_ms,0.3206,
frame_ms,0.3824,
frame_ms,0.296,
frame_ms,0.231,
frame_ms,0.2249,
frame_ms,0.2246,
frame_ms,0.2106,
frame_ms,0.2415,
frame_ms,0.247,
frame_ms,0.2245,
tick_us,261.5,123
frame_ms,0.8277,
frame_ms,0.2857,
frame_ms,0.2531,
frame_ms,0.2286,
frame_ms,0.2375,
frame_ms,0.2634,
frame_ms,0.2322,
frame_ms,0.2271,
frame_ms,0.2263,
frame_ms,0.2382,
frame_ms,0.2265,
frame_ms,0.2654,
frame_ms,0.2811,
frame_ms,0.2325,
frame_ms,0.2431,
frame_ms,0.2347,
frame_ms,0.3153,
frame_ms,0.3099,
frame_ms,0.2668,
frame_ms,0.2455,
frame_ms,0.243,
frame_ms,0.238,
frame_ms,0.2382,
frame_ms,0.2589,
frame_ms,0.2415,
frame_ms,0.2333,
tick_us,280.6,119
frame_ms,0.793,
frame_ms,0.2688,
frame_ms,0.2613,
frame_ms,0.2402,
frame_ms,0.2806,
frame_ms,0.2466,
frame_ms,0.2308,
frame_ms,0.2267,
frame_ms,0.2348,
frame_ms,0.2223,
frame_ms,0.2619,
frame_ms,0.2706,
frame_ms,0.3577,
frame_ms,0.2529,
frame_ms,0.2229,
frame_ms,0.2841,
frame_ms,0.2253,
frame_ms,0.2185,
frame_ms,0.5322,
frame_ms,0.2506,
frame_ms,0.2164,
frame_ms,0.217,
frame_ms,0.2093,
frame_ms,0.2238,
frame_ms,0.233,
tick_us,275.6,118
frame_ms,0.7531,
frame_ms,0.2439,
frame_ms,0.3045,
frame_ms,0.648,
frame_ms,0.3777,
frame_ms,0.2561,
frame_ms,0.2138,
frame_ms,0.218,
frame_ms,0.2148,
frame_ms,0.2216,
frame_ms,0.2331,
frame_ms,0.2319,
frame_ms,0.309,
frame_ms,0.2496,
frame_ms,0.2368,
frame_ms,0.235,
frame_ms,0.2281,
frame_ms,0.3073,
frame_ms,0.2841,
frame_ms,0.3844,
frame_ms,0.4549,
frame_ms,0.4143,
tick_us,307.4,119
frame_ms,0.9284,
frame_ms,0.3543,
frame_ms,0.4035,
frame_ms,0.268,
frame_ms,0.2263,
frame_ms,0.2187,
frame_ms,0.2142,
frame_ms,0.2113,
frame_ms,0.2295,
frame_ms,0.2206,
frame_ms,0.2204,
frame_ms,0.2199,
frame_ms,0.2845,
frame_ms,0.2682,
frame_ms,0.2319,
frame_ms,0.3253,
frame_ms,0.2692,
frame_ms,0.2255,
frame_ms,0.2251,
frame_ms,0.2098,
frame_ms,0.205,
frame_ms,0.2753,
frame_ms,0.2683,
frame_ms,0.228,
tick_us,290,117
frame_ms,0.7651,
frame_ms,0.2391,
frame_ms,0.2232,
frame_ms,0.2365,
frame_ms,0.3004,
frame_ms,0.2265,
frame_ms,0.2205,
frame_ms,0.2136,
frame_ms,0.2355,
frame_ms,0.2253,
frame_ms,0.2175,
frame_ms,0.2439,
frame_ms,0.2228,
frame_ms,0.2282,
frame_ms,0.2127,
frame_ms,0.2516,
frame_ms,0.23,
frame_ms,0.2101,
frame_ms,0.2387,
frame_ms,0.216,
frame_ms,0.2203,
frame_ms,0.2217,
frame_ms,0.2045,
frame_ms,0.2489,
frame_ms,0.2238,
frame_ms,0.2078,
frame_ms,0.2476,
frame_ms,0.2132,
frame_ms,0.1989,
tick_us,258.8,122
frame_ms,0.7683,
frame_ms,0.2484,
frame_ms,0.5566,
frame_ms,0.2723,
frame_ms,0.2191,
frame_ms,0.216,
frame_ms,0.309,
frame_ms,0.2431,
frame_ms,0.9542,
frame_ms,0.2737,
frame_ms,0.2201,
frame_ms,0.2592,
frame_ms,0.3221,
frame_ms,0.2333,
frame_ms,0.2186,
frame_ms,0.2091,
frame_ms,0.4224,
frame_ms,0.413,
frame_ms,0.3955,
tick_us,318.7,122
frame_ms,0.9269,
frame_ms,0.3063,
frame_ms,0.2247,
frame_ms,0.2212,
frame_ms,0.2107,
frame_ms,0.2102,
frame_ms,0.2627,
frame_ms,0.2307,
frame_ms,0.2132,
frame_ms,0.2109,
frame_ms,0.2527,
frame_ms,0.2191,
frame_ms,0.2068,
frame_ms,0.2184,
frame_ms,0.2871,
frame_ms,0.302,
frame_ms,0.2421,
frame_ms,0.235,
frame_ms,0.2884,
frame_ms,0.2879,
frame_ms,0.2402,
frame_ms,0.2355,
frame_ms,0.2284,
frame_ms,0.2214,
frame_ms,0.2224,
frame_ms,0.255,
tick_us,244.7,119
frame_ms,0.7572,
frame_ms,0.2715,
frame_ms,0.2374,
frame_ms,0.2242,
frame_ms,0.244,
frame_ms,0.2693,
frame_ms,0.2261,
frame_ms,0.2185,
frame_ms,0.2084,
frame_ms,0.3552,
frame_ms,0.3049,
frame_ms,0.2353,
frame_ms,0.2219,
frame_ms,0.2125,
frame_ms,0.2136,
frame_ms,0.2516,
frame_ms,0.279,
frame_ms,0.2438,
frame_ms,0.2346,
frame_ms,0.4751,
frame_ms,0.3783,
frame_ms,0.366,
frame_ms,0.3559,
tick_us,271.5,123
frame_ms,0.9436,
frame_ms,0.2734,
frame_ms,0.2249,
frame_ms,0.2206,
frame_ms,0.2194,
frame_ms,0.2137,
frame_ms,0.2414,
frame_ms,0.2173,
frame_ms,0.2288,
frame_ms,0.2142,
frame_ms,0.2342,
frame_ms,0.2617,
frame_ms,0.2305,
frame_ms,0.2152,
frame_ms,0.2731,
frame_ms,0.2327,
frame_ms,0.2088,
frame_ms,0.2615,
frame_ms,0.2305,
frame_ms,0.2112,
frame_ms,0.2521,
frame_ms,0.2632,
frame_ms,0.2285,
frame_ms,0.213,
frame_ms,0.2105,
frame_ms,0.2539,
frame_ms,0.2309,
frame_ms,0.2121,
tick_us,221.6,124
frame_ms,0.7316,
frame_ms,0.3098,
frame_ms,0.2377,
frame_ms,0.2127,
frame_ms,0.2208,
frame_ms,0.2113,
frame_ms,0.2447,
frame_ms,0.2332,
frame_ms,0.2126,
frame_ms,0.2354,
frame_ms,0.2223,
frame_ms,0.2167,
frame_ms,0.2159,
frame_ms,0.2346,
frame_ms,0.2242,
frame_ms,0.216,
frame_ms,0.2181,
frame_ms,0.3067,
frame_ms,0.275,
frame_ms,0.2343,
frame_ms,0.213,
frame_ms,0.2038,
frame_ms,0.2057,
frame_ms,0.5819,
frame_ms,0.3623,
tick_us,242.3,127
frame_ms,0.9006,
frame_ms,0.3422,
frame_ms,0.3895,
frame_ms,0.3571,
frame_ms,0.3715,
frame_ms,0.3425,
frame_ms,0.3327,
frame_ms,0.3384,
frame_ms,0.3342,
frame_ms,0.3302,
frame_ms,0.3361,
frame_ms,0.3054,
frame_ms,0.3196,
frame_ms,0.2986,
frame_ms,0.243,
frame_ms,0.2236,
frame_ms,0.2369,
frame_ms,0.2333,
frame_ms,0.226,
frame_ms,0.2275,
frame_ms,0.3162,
tick_us,231.9,133
frame_ms,0.7193,
frame_ms,0.2486,
frame_ms,0.2525,
frame_ms,0.21,
frame_ms,0.2083,
frame_ms,0.2052,
frame_ms,0.2248,
frame_ms,0.5334,
frame_ms,0.4947,
frame_ms,0.4246,
frame_ms,0.3706,
frame_ms,0.2443,
frame_ms,0.2322,
frame_ms,0.2193,
frame_ms,0.2111,
frame_ms,0.2085,
frame_ms,0.2397,
frame_ms,0.2192,
frame_ms,0.2181,
frame_ms,0.4419,
frame_ms,0.5826,
tick_us,291.5,134
frame_ms,1.0361,
frame_ms,0.5158,
frame_ms,0.405,
frame_ms,0.3593,
frame_ms,0.3796,
frame_ms,0.3687,
frame_ms,0.2476,
frame_ms,0.2409,
frame_ms,0.2578,
frame_ms,0.4152,
frame_ms,0.313,
frame_ms,0.3335,
frame_ms,0.4079,
frame_ms,0.2698,
frame_ms,0.4602,
frame_ms,0.3834,
frame_ms,0.228,
frame_ms,0.5122,
tick_us,251.5,136
frame_ms,0.9142,
frame_ms,0.3404,
frame_ms,0.3546,
frame_ms,0.3272,
frame_ms,0.2267,
frame_ms,0.2267,
frame_ms,0.2226,
frame_ms,0.2511,
frame_ms,0.4634,
frame_ms,0.3762,
frame_ms,0.4172,
frame_ms,0.467,
frame_ms,0.2833,
frame_ms,0.4222,
frame_ms,0.3711,
frame_ms,0.3682,
frame_ms,0.3477,
frame_ms,0.2558,
frame_ms,0.4708,
tick_us,285.1,136
frame_ms,1.2148,
frame_ms,0.4662,
frame_ms,0.4583,
frame_ms,0.386,
frame_ms,0.8524,
frame_ms,0.4387,
frame_ms,0.3336,
frame_ms,0.3952,
frame_ms,0.3578,
frame_ms,0.3631,
frame_ms,0.2372,
frame_ms,0.2139,
frame_ms,0.2154,
frame_ms,0.216,
frame_ms,0.5182,
frame_ms,0.2464,
tick_us,255.6,142
frame_ms,0.7148,
frame_ms,0.2804,
frame_ms,0.2202,
frame_ms,0.2489,
frame_ms,0.2251,
frame_ms,0.2141,
frame_ms,0.2414,
frame_ms,0.2219,
frame_ms,0.2151,
frame_ms,0.2546,
frame_ms,0.2215,
frame_ms,0.2109,
frame_ms,0.2415,
frame_ms,0.2434,
frame_ms,0.2119,
frame_ms,0.2217,
frame_ms,0.2195,
frame_ms,0.2463,
frame_ms,0.222,
frame_ms,0.2375,
frame_ms,0.2226,
frame_ms,0.2146,
frame_ms,0.2352,
frame_ms,0.2135,
frame_ms,0.2045,
frame_ms,0.2475,
frame_ms,0.2184,
frame_ms,0.2214,
tick_us,243.5,140
frame_ms,0.6882,
frame_ms,0.225,
frame_ms,0.2094,
frame_ms,0.3558,
frame_ms,0.2413,
frame_ms,0.3372,
frame_ms,0.3182,
frame_ms,0.2516,
frame_ms,0.2218,
frame_ms,0.2181,
frame_ms,0.2088,
frame_ms,0.8273,
frame_ms,0.4983,
frame_ms,0.2425,
frame_ms,0.2115,
frame_ms,0.2153,
frame_ms,0.2169,
frame_ms,0.2191,
frame_ms,0.2734,
frame_ms,0.2515,
frame_ms,0.2136,
frame_ms,0.208,
frame_ms,0.2456,
tick_us,235.1,142
frame_ms,0.6883,
frame_ms,0.2335,
frame_ms,0.2366,
frame_ms,0.2894,
frame_ms,0.2506,
frame_ms,0.2306,
frame_ms,0.2301,
frame_ms,0.2258,
frame_ms,0.2202,
frame_ms,0.2229,
frame_ms,0.2586,
frame_ms,0.2276,
frame_ms,0.2459,
frame_ms,0.2243,
frame_ms,0.2199,
frame_ms,0.2282,
frame_ms,0.2363,
frame_ms,0.2294,
frame_ms,0.2633,
frame_ms,0.2561,
frame_ms,0.2227,
frame_ms,0.2152,
frame_ms,0.2133,
frame_ms,0.2616,
frame_ms,0.2303,
frame_ms,0.2122,
frame_ms,0.2587,
frame_ms,0.2276,
tick_us,237.2,151
frame_ms,0.6988,
frame_ms,0.2399,
frame_ms,0.2681,
frame_ms,0.2078,
frame_ms,0.2229,
frame_ms,0.2119,
frame_ms,0.2058,
frame_ms,0.2642,
frame_ms,0.2688,
frame_ms,0.2404,
frame_ms,0.2338,
frame_ms,0.5021,
frame_ms,0.4087,
frame_ms,0.3364,
frame_ms,0.415,
frame_ms,0.3613,
frame_ms,0.3652,
frame_ms,0.3365,
frame_ms,0.3285,
frame_ms,0.3083,
frame_ms,0.2594,
tick_us,271.5,146
frame_ms,0.8945,
frame_ms,0.2471,
frame_ms,0.2136,
frame_ms,0.2383,
frame_ms,0.2189,
frame_ms,0.2072,
frame_ms,0.2049,
frame_ms,0.2502,
frame_ms,0.2714,
frame_ms,0.2348,
frame_ms,0.2176,
frame_ms,0.2147,
frame_ms,0.255,
frame_ms,0.2265,
frame_ms,0.215,
frame_ms,0.2274,
frame_ms,0.2113,
frame_ms,0.275,
frame_ms,0.2327,
frame_ms,0.2111,
frame_ms,0.2283,
frame_ms,0.2334,
frame_ms,0.2671,
frame_ms,0.2287,
frame_ms,0.2172,
frame_ms,0.2101,
frame_ms,0.2351,
frame_ms,0.2777,
tick_us,216.9,145
frame_ms,0.6715,
frame_ms,0.2353,
frame_ms,0.2081,
frame_ms,0.2303,
frame_ms,0.2094,
frame_ms,0.2071,
frame_ms,0.2471,
frame_ms,0.2261,
frame_ms,0.2135,
frame_ms,0.2399,
frame_ms,0.4291,
frame_ms,0.34,
frame_ms,0.2447,
frame_ms,0.2072,
frame_ms,0.2131,
frame_ms,0.2032,
frame_ms,0.2339,
frame_ms,0.2133,
frame_ms,0.2027,
frame_ms,0.2265,
frame_ms,0.6528,
frame_ms,0.3159,
frame_ms,0.2303,
frame_ms,0.2067,
frame_ms,0.2042,
frame_ms,0.2043,
tick_us,207.5,146
frame_ms,0.6848,
frame_ms,0.2537,
frame_ms,0.2092,
frame_ms,0.2127,
frame_ms,0.2107,
frame_ms,0.2383,
frame_ms,0.2188,
frame_ms,0.2135,
frame_ms,0.2322,
frame_ms,0.2081,
frame_ms,0.2029,
frame_ms,0.2574,
frame_ms,0.2199,
frame_ms,0.2101,
frame_ms,0.2458,
frame_ms,0.2213,
frame_ms,0.2151,
frame_ms,0.2327,
frame_ms,0.2096,
frame_ms,0.1996,
frame_ms,0.2535,
frame_ms,0.2213,
frame_ms,0.2066,
frame_ms,0.2356,
frame_ms,0.2188,
frame_ms,0.2049,
frame_ms,0.2334,
frame_ms,0.219,
frame_ms,0.2064,
tick_us,198.1,150
frame_ms,0.6642,
frame_ms,0.2354,
frame_ms,0.207,
frame_ms,0.2107,
frame_ms,0.2068,
frame_ms,0.2067,
frame_ms,0.2789,
frame_ms,0.2253,
frame_ms,0.2056,
frame_ms,0.304,
frame_ms,0.3146,
frame_ms,0.2382,
frame_ms,0.22,
frame_ms,0.21,
frame_ms,0.2026,
frame_ms,0.2561,
frame_ms,0.2431,
frame_ms,0.2139,
frame_ms,0.2067,
frame_ms,0.2624,
frame_ms,0.2189,
frame_ms,0.2048,
frame_ms,0.264,
frame_ms,0.2587,
frame_ms,0.2157,
frame_ms,0.2115,
frame_ms,0.2541,
frame_ms,0.2583,
tick_us,193.5,146
frame_ms,0.6755,
frame_ms,0.3841,
frame_ms,0.2688,
frame_ms,0.2858,
frame_ms,0.3273,
frame_ms,0.2463,
frame_ms,0.2097,
frame_ms,0.2138,
frame_ms,0.2065,
frame_ms,0.2656,
frame_ms,0.2304,
frame_ms,0.2126,
frame_ms,0.2583,
frame_ms,0.2226,
frame_ms,0.2099,
frame_ms,0.2343,
frame_ms,0.2059,
frame_ms,0.1998,
frame_ms,0.2671,
frame_ms,0.2188,
frame_ms,0.2019,
frame_ms,0.2437,
frame_ms,0.2196,
frame_ms,0.2026,
frame_ms,0.2415,
frame_ms,0.2147,
frame_ms,0.2208,
tick_us,212.8,145
frame_ms,0.6765,
frame_ms,0.2264,
frame_ms,0.204,
frame_ms,0.2109,
frame_ms,0.2028,
frame_ms,0.2323,
frame_ms,0.2178,
frame_ms,0.2054,
frame_ms,0.2691,
frame_ms,0.2066,
frame_ms,0.2493,
frame_ms,0.2198,
frame_ms,0.1997,
frame_ms,0.2446,
frame_ms,0.219,
frame_ms,0.2006,
frame_ms,0.2355,
frame_ms,0.2318,
frame_ms,0.2025,
frame_ms,0.2487,
frame_ms,0.2161,
frame_ms,0.1991,
frame_ms,0.2268,
frame_ms,0.205,
frame_ms,0.1997,
frame_ms,0.2446,
frame_ms,0.2194,
frame_ms,0.1983,
frame_ms,0.25,
tick_us,196.8,150
frame_ms,0.6322,
frame_ms,0.2263,
frame_ms,0.2001,
frame_ms,0.2042,
frame_ms,0.2007,
frame_ms,0.2534,
frame_ms,0.2416,
frame_ms,0.2058,
frame_ms,0.2463,
frame_ms,0.256,
frame_ms,0.2145,
frame_ms,0.2266,
frame_ms,0.2433,
frame_ms,0.2185,
frame_ms,0.2011,
frame_ms,0.2475,
frame_ms,0.219,
frame_ms,0.1984,
frame_ms,0.2501,
frame_ms,0.2178,
frame_ms,0.1972,
frame_ms,0.2591,
frame_ms,0.2632,
frame_ms,0.2516,
frame_ms,0.218,
frame_ms,0.2089,
frame_ms,0.2047,
frame_ms,0.2589,
frame_ms,0.2426,
tick_us,202.9,150
frame_ms,0.6242,
frame_ms,0.2232,
frame_ms,0.2019,
frame_ms,0.2071,
frame_ms,0.2168,
frame_ms,0.2164,
frame_ms,0.2347,
frame_ms,0.2169,
frame_ms,0.2152,
frame_ms,0.2288,
frame_ms,0.2067,
frame_ms,0.2005,
frame_ms,0.2558,
frame_ms,0.2194,
frame_ms,0.1996,
frame_ms,0.2491,
frame_ms,0.2223,
frame_ms,0.1992,
frame_ms,0.2468,
frame_ms,0.2109,
frame_ms,0.2027,
frame_ms,0.2582,
frame_ms,0.2178,
frame_ms,0.1981,
frame_ms,0.2491,
frame_ms,0.2198,
frame_ms,0.1999,
frame_ms,0.2488,
frame_ms,0.2198,
frame_ms,0.2494,
tick_us,219.4,149
frame_ms,0.8839,
frame_ms,0.2466,
frame_ms,0.2129,
frame_ms,0.2082,
frame_ms,0.2035,
frame_ms,0.2191,
frame_ms,0.2318,
frame_ms,0.2184,
frame_ms,0.2006,
frame_ms,0.246,
frame_ms,0.2149,
frame_ms,0.1985,
frame_ms,0.2522,
frame_ms,0.2221,
frame_ms,0.2036,
frame_ms,0.306,
frame_ms,0.2644,
frame_ms,0.2412,
frame_ms,0.2232,
frame_ms,0.2552,
frame_ms,0.2193,
frame_ms,0.2084,
frame_ms,0.2294,
frame_ms,0.2067,
frame_ms,0.1996,
frame_ms,0.2616,
frame_ms,0.2246,
tick_us,200.9,146
frame_ms,0.6279,
frame_ms,0.2244,
frame_ms,0.2047,
frame_ms,0.2131,
frame_ms,0.3435,
frame_ms,0.3039,
frame_ms,0.2396,
frame_ms,0.2157,
frame_ms,0.2103,
frame_ms,0.2054,
frame_ms,0.258,
frame_ms,0.2581,
frame_ms,0.2415,
frame_ms,0.2123,
frame_ms,0.2072,
frame_ms,0.2453,
frame_ms,0.2251,
frame_ms,0.2633,
frame_ms,0.2123,
frame_ms,0.2004,
frame_ms,0.2696,
frame_ms,0.2506,
frame_ms,0.2903,
frame_ms,0.2362,
frame_ms,0.2145,
frame_ms,0.2054,
frame_ms,0.265,
tick_us,193.8,143
frame_ms,0.6799,
frame_ms,0.2303,
frame_ms,0.2037,
frame_ms,0.2111,
frame_ms,0.2043,
frame_ms,0.2397,
frame_ms,0.2087,
frame_ms,0.2019,
frame_ms,0.2539,
frame_ms,0.2199,
frame_ms,0.2593,
frame_ms,0.3275,
frame_ms,0.2559,
frame_ms,0.2586,
frame_ms,0.236,
frame_ms,0.2384,
frame_ms,0.2354,
frame_ms,0.2282,
frame_ms,0.2731,
frame_ms,0.2209,
frame_ms,0.2075,
frame_ms,0.247,
frame_ms,0.2226,
frame_ms,0.2101,
frame_ms,0.2326,
frame_ms,0.2167,
frame_ms,0.2116,
frame_ms,0.2755,
tick_us,204.6,141
frame_ms,0.6991,
frame_ms,0.2427,
frame_ms,0.2145,
frame_ms,0.2158,
frame_ms,0.2114,
frame_ms,0.2853,
frame_ms,0.2786,
frame_ms,0.2179,
frame_ms,0.2091,
frame_ms,0.2219,
frame_ms,0.2471,
frame_ms,0.2185,
frame_ms,0.2,
frame_ms,0.2388,
frame_ms,0.2234,
frame_ms,0.2099,
frame_ms,0.2228,
frame_ms,0.2464,
frame_ms,0.2654,
frame_ms,0.2261,
frame_ms,0.2133,
frame_ms,0.2096,
frame_ms,0.2443,
frame_ms,0.245,
frame_ms,0.211,
frame_ms,0.2015,
frame_ms,0.2424,
frame_ms,0.2112,
frame_ms,0.2021,
tick_us,204.4,141
frame_ms,0.6658,
frame_ms,0.2454,
frame_ms,0.2053,
frame_ms,0.3492,
frame_ms,0.3107,
frame_ms,0.2103,
frame_ms,0.2092,
frame_ms,0.2035,
frame_ms,0.2105,
frame_ms,0.2433,
frame_ms,0.2194,
frame_ms,0.202,
frame_ms,0.2456,
frame_ms,0.2106,
frame_ms,0.2001,
frame_ms,0.2439,
frame_ms,0.2238,
frame_ms,0.1982,
frame_ms,0.2482,
frame_ms,0.22,
frame_ms,0.1985,
frame_ms,0.3301,
frame_ms,0.4214,
frame_ms,0.347,
frame_ms,0.3357,
tick_us,219,142
frame_ms,0.7726,
frame_ms,0.3221,
frame_ms,0.4176,
frame_ms,0.3488,
frame_ms,0.251,
frame_ms,0.2136,
frame_ms,0.2089,
frame_ms,0.2041,
frame_ms,0.2578,
frame_ms,0.5667,
frame_ms,0.3427,
frame_ms,0.33,
frame_ms,0.3236,
frame_ms,0.3388,
frame_ms,0.3396,
frame_ms,0.2627,
frame_ms,0.2089,
frame_ms,0.2137,
frame_ms,0.216,
frame_ms,0.2375,
frame_ms,0.2182,
frame_ms,0.2166,
frame_ms,0.2428,
tick_us,196.4,138
frame_ms,0.7005,
frame_ms,0.2616,
frame_ms,0.2159,
frame_ms,0.219,
frame_ms,0.2108,
frame_ms,0.2306,
frame_ms,0.2157,
frame_ms,0.2196,
frame_ms,0.1964,
frame_ms,0.2342,
frame_ms,0.2074,
frame_ms,0.2379,
frame_ms,0.1997,
frame_ms,0.2328,
frame_ms,0.2087,
frame_ms,0.2052,
frame_ms,0.2502,
frame_ms,0.3255,
frame_ms,0.3815,
frame_ms,0.3513,
frame_ms,0.3411,
frame_ms,0.3328,
frame_ms,0.3266,
frame_ms,0.2435,
frame_ms,0.207,
frame_ms,0.2134,
tick_us,194.4,136
frame_ms,0.6087,
frame_ms,0.2273,
frame_ms,0.2125,
frame_ms,0.2131,
frame_ms,0.209,
frame_ms,0.2121,
frame_ms,0.2824,
frame_ms,0.26,
frame_ms,0.2215,
frame_ms,0.2112,
frame_ms,0.216,
frame_ms,0.2607,
frame_ms,0.2983,
frame_ms,0.238,
frame_ms,0.2134,
frame_ms,0.2108,
frame_ms,0.2551,
frame_ms,0.2271,
frame_ms,0.2113,
frame_ms,0.2412,
frame_ms,0.2238,
frame_ms,0.2117,
frame_ms,0.2107,
frame_ms,0.2352,
frame_ms,0.2239,
frame_ms,0.2309,
frame_ms,0.2114,
frame_ms,0.2551,
frame_ms,0.2333,
tick_us,196.6,138
frame_ms,0.6117,
frame_ms,0.2298,
frame_ms,0.2035,
frame_ms,0.2106,
frame_ms,0.2357,
frame_ms,0.2081,
frame_ms,0.2343,
frame_ms,0.2071,
frame_ms,0.2088,
frame_ms,0.2797,
frame_ms,0.269,
frame_ms,0.2302,
frame_ms,0.2232,
frame_ms,0.2163,
frame_ms,0.2126,
frame_ms,0.2535,
frame_ms,0.3204,
frame_ms,0.2449,
frame_ms,0.2242,
frame_ms,0.2168,
frame_ms,0.2087,
frame_ms,0.2297,
frame_ms,0.2047,
frame_ms,0.2396,
frame_ms,0.2281,
frame_ms,0.2025,
frame_ms,0.2216,
frame_ms,0.3707,
tick_us,420.2,139
frame_ms,0.9165,
frame_ms,0.2404,
frame_ms,0.2149,
frame_ms,0.2533,
frame_ms,0.2932,
frame_ms,0.2373,
frame_ms,0.2129,
frame_ms,0.2133,
frame_ms,0.2029,
frame_ms,0.2599,
frame_ms,0.2238,
frame_ms,0.2243,
frame_ms,0.2251,
frame_ms,0.212,
frame_ms,0.532,
frame_ms,0.5727,
frame_ms,0.2305,
frame_ms,0.2142,
frame_ms,0.2261,
frame_ms,0.2062,
frame_ms,0.2838,
frame_ms,0.2567,
frame_ms,0.224,
frame_ms,0.2102,
tick_us,224.5,141
frame_ms,0.6756,
frame_ms,0.239,
frame_ms,0.2193,
frame_ms,0.2199,
frame_ms,0.2106,
frame_ms,0.2119,
frame_ms,0.2354,
frame_ms,0.2305,
frame_ms,0.2037,
frame_ms,0.2044,
frame_ms,0.31,
frame_ms,0.2981,
frame_ms,0.2591,
frame_ms,0.2318,
frame_ms,0.2277,
frame_ms,0.2132,
frame_ms,0.2198,
frame_ms,0.2587,
frame_ms,0.2457,
frame_ms,0.2226,
frame_ms,0.249,
frame_ms,0.2808,
frame_ms,0.2941,
frame_ms,0.253,
frame_ms,0.2453,
frame_ms,0.2445,
frame_ms,0.2374,
tick_us,252.1,142
frame_ms,0.7206,
frame_ms,0.2718,
frame_ms,0.2222,
frame_ms,0.2192,
frame_ms,0.2178,
frame_ms,0.2248,
frame_ms,0.2176,
frame_ms,0.216,
frame_ms,0.2348,
frame_ms,0.216,
frame_ms,0.23,
frame_ms,0.2219,
frame_ms,0.2115,
frame_ms,0.2514,
frame_ms,0.2228,
frame_ms,0.237,
frame_ms,0.2345,
frame_ms,0.2191,
frame_ms,0.2054,
frame_ms,0.2531,
frame_ms,0.2244,
frame_ms,0.2295,
frame_ms,0.2065,
frame_ms,0.3331,
frame_ms,0.3897,
frame_ms,0.3125,
frame_ms,0.2722,
tick_us,208.8,143
frame_ms,0.7649,
frame_ms,0.3065,
frame_ms,0.2418,
frame_ms,0.2066,
frame_ms,0.2084,
frame_ms,0.203,
frame_ms,0.225,
frame_ms,0.2664,
frame_ms,0.2874,
frame_ms,0.2437,
frame_ms,0.2239,
frame_ms,0.2067,
frame_ms,0.2356,
frame_ms,0.3904,
frame_ms,0.3916,
frame_ms,0.2449,
frame_ms,0.2102,
frame_ms,0.2144,
frame_ms,0.2067,
frame_ms,0.2269,
frame_ms,0.2152,
frame_ms,0.2122,
frame_ms,0.2143,
frame_ms,0.2396,
frame_ms,0.2147,
frame_ms,0.1992,
tick_us,233.1,142
frame_ms,0.7336,
frame_ms,0.2345,
frame_ms,0.2049,
frame_ms,0.2078,
frame_ms,0.2103,
frame_ms,0.2168,
frame_ms,0.2291,
frame_ms,0.2102,
frame_ms,0.1991,
frame_ms,0.2628,
frame_ms,0.2169,
frame_ms,0.2136,
frame_ms,0.2363,
frame_ms,0.2178,
frame_ms,0.1995,
frame_ms,0.2338,
frame_ms,0.2182,
frame_ms,0.2037,
frame_ms,0.246,
frame_ms,0.2034,
frame_ms,0.1965,
frame_ms,0.2571,
frame_ms,0.2739,
frame_ms,0.2519,
frame_ms,0.2179,
frame_ms,0.2121,
frame_ms,0.2078,
frame_ms,0.2592,
frame_ms,0.2471,
tick_us,298.1,145
frame_ms,0.8642,
frame_ms,0.2627,
frame_ms,0.218,
frame_ms,0.2153,
frame_ms,0.2058,
frame_ms,0.2049,
frame_ms,0.2651,
frame_ms,0.2415,
frame_ms,0.255,
frame_ms,0.2154,
frame_ms,0.2245,
frame_ms,0.2338,
frame_ms,0.2139,
frame_ms,0.1964,
frame_ms,0.2549,
frame_ms,0.2175,
frame_ms,0.1994,
frame_ms,0.2455,
frame_ms,0.2159,
frame_ms,0.1984,
frame_ms,0.2516,
frame_ms,0.2249,
frame_ms,0.217,
frame_ms,0.2235,
frame_ms,0.2271,
frame_ms,0.2737,
frame_ms,0.2183,
frame_ms,0.2026,
tick_us,201.8,145
frame_ms,0.6231,
frame_ms,0.2212,
frame_ms,0.2099,
frame_ms,0.2102,
frame_ms,0.1998,
frame_ms,0.2509,
frame_ms,0.2183,
frame_ms,0.2048,
frame_ms,0.2293,
frame_ms,0.2121,
frame_ms,0.2021,
frame_ms,0.2647,
frame_ms,0.22,
frame_ms,0.2069,
frame_ms,0.2454,
frame_ms,0.2032,
frame_ms,0.2145,
frame_ms,0.2596,
frame_ms,0.2235,
frame_ms,0.2233,
frame_ms,0.2033,
frame_ms,0.2628,
frame_ms,0.2205,
frame_ms,0.1979,
frame_ms,0.2603,
frame_ms,0.2233,
frame_ms,0.2027,
frame_ms,0.2388,
frame_ms,0.2297,
tick_us,207.6,141
frame_ms,0.6265,
frame_ms,0.2199,
frame_ms,0.2024,
frame_ms,0.2057,
frame_ms,0.2255,
frame_ms,0.4888,
frame_ms,0.2958,
frame_ms,0.2404,
frame_ms,0.2166,
frame_ms,0.2123,
frame_ms,0.2314,
frame_ms,0.2134,
frame_ms,0.212,
frame_ms,0.258,
frame_ms,0.2808,
frame_ms,0.2434,
frame_ms,0.2237,
frame_ms,0.2135,
frame_ms,0.2059,
frame_ms,0.2345,
frame_ms,0.2161,
frame_ms,0.2221,
frame_ms,0.2251,
frame_ms,0.2219,
frame_ms,0.2251,
frame_ms,0.2102,
frame_ms,0.2248,
frame_ms,0.236,
tick_us,234.6,134
frame_ms,0.7164,
frame_ms,0.2316,
frame_ms,0.2557,
frame_ms,0.2082,
frame_ms,0.2076,
frame_ms,0.2153,
frame_ms,0.2297,
frame_ms,0.2161,
frame_ms,0.2053,
frame_ms,0.2417,
frame_ms,0.2242,
frame_ms,0.2047,
frame_ms,0.2499,
frame_ms,0.2174,
frame_ms,0.2023,
frame_ms,0.4469,
frame_ms,0.2566,
frame_ms,0.2039,
frame_ms,0.2074,
frame_ms,0.209,
frame_ms,0.2207,
frame_ms,0.2318,
frame_ms,0.2561,
frame_ms,0.2219,
frame_ms,0.2064,
frame_ms,0.2445,
frame_ms,0.2307,
tick_us,223.9,138
frame_ms,0.6565,
frame_ms,0.224,
frame_ms,0.2018,
frame_ms,0.2096,
frame_ms,0.2135,
frame_ms,0.2228,
frame_ms,0.2326,
frame_ms,0.2127,
frame_ms,0.2012,
frame_ms,0.2475,
frame_ms,0.2164,
frame_ms,0.2037,
frame_ms,0.2527,
frame_ms,0.2194,
frame_ms,0.2747,
frame_ms,0.2343,
frame_ms,0.2348,
frame_ms,0.247,
frame_ms,0.2023,
frame_ms,0.2032,
frame_ms,0.2178,
frame_ms,0.2347,
frame_ms,0.2175,
frame_ms,0.2059,
frame_ms,0.2204,
frame_ms,0.2075,
frame_ms,0.1956,
frame_ms,0.2748,
frame_ms,0.2249,
frame_ms,0.2223,
tick_us,198.3,138
frame_ms,0.6094,
frame_ms,0.2227,
frame_ms,0.1996,
frame_ms,0.207,
frame_ms,0.202,
frame_ms,0.233,
frame_ms,0.2158,
frame_ms,0.1997,
frame_ms,0.2615,
frame_ms,0.2309,
frame_ms,0.2022,
frame_ms,0.237,
frame_ms,0.2195,
frame_ms,0.2085,
frame_ms,0.2197,
frame_ms,0.197,
frame_ms,0.1968,
frame_ms,0.2486,
frame_ms,0.2127,
frame_ms,0.196,
frame_ms,0.2565,
frame_ms,0.2183,
frame_ms,0.2037,
frame_ms,0.2536,
frame_ms,0.219,
frame_ms,0.203,
frame_ms,0.2467,
frame_ms,0.216,
frame_ms,0.1965,
tick_us,203.9,135
frame_ms,0.6718,
frame_ms,0.2298,
frame_ms,0.201,
frame_ms,0.2033,
frame_ms,0.1987,
frame_ms,0.2606,
frame_ms,0.2182,
frame_ms,0.1994,
frame_ms,0.2639,
frame_ms,0.2127,
frame_ms,0.1981,
frame_ms,0.2759,
frame_ms,0.2301,
frame_ms,0.2042,
frame_ms,0.2276,
frame_ms,0.2044,
frame_ms,0.1961,
frame_ms,0.2664,
frame_ms,0.2199,
frame_ms,0.1964,
frame_ms,0.359,
frame_ms,0.2641,
frame_ms,0.2056,
frame_ms,0.214,
frame_ms,0.2041,
frame_ms,0.2177,
frame_ms,0.2288,
frame_ms,0.2114,
frame_ms,0.2004,
tick_us,198.4,137
frame_ms,0.6474,
frame_ms,0.2321,
frame_ms,0.201,
frame_ms,0.2068,
frame_ms,0.2012,
frame_ms,0.2318,
frame_ms,0.2148,
frame_ms,0.1976,
frame_ms,0.2523,
frame_ms,0.2168,
frame_ms,0.197,
frame_ms,0.2607,
frame_ms,0.2649,
frame_ms,0.2252,
frame_ms,0.2125,
frame_ms,0.2092,
frame_ms,0.2736,
frame_ms,0.2584,
frame_ms,0.2072,
frame_ms,0.2018,
frame_ms,0.2628,
frame_ms,0.217,
frame_ms,0.1977,
frame_ms,0.2471,
frame_ms,0.2168,
frame_ms,0.1964,
frame_ms,0.2835,
frame_ms,0.227,
frame_ms,0.1982,
tick_us,194.8,132
frame_ms,0.6595,
frame_ms,0.2308,
frame_ms,0.2021,
frame_ms,0.2052,
frame_ms,0.2034,
frame_ms,0.2475,
frame_ms,0.2204,
frame_ms,0.1984,
frame_ms,0.2364,
frame_ms,0.2163,
frame_ms,0.1991,
frame_ms,0.2349,
frame_ms,0.2188,
frame_ms,0.1977,
frame_ms,0.2529,
frame_ms,0.2178,
frame_ms,0.1985,
frame_ms,0.2337,
frame_ms,0.2198,
frame_ms,0.199,
frame_ms,0.2521,
frame_ms,0.2193,
frame_ms,0.1996,
frame_ms,0.2436,
frame_ms,0.2498,
frame_ms,0.2056,
frame_ms,0.1993,
frame_ms,0.2643,
frame_ms,0.2177,
frame_ms,0.5969,
tick_us,205.2,134
frame_ms,0.7586,
frame_ms,0.2345,
frame_ms,0.2036,
frame_ms,0.2049,
frame_ms,0.2225,
frame_ms,0.2063,
frame_ms,0.2602,
frame_ms,0.2537,
frame_ms,0.4341,
frame_ms,0.3514,
frame_ms,0.3508,
frame_ms,0.3394,
frame_ms,0.304,
frame_ms,0.2271,
frame_ms,0.2013,
frame_ms,0.1999,
frame_ms,0.2052,
frame_ms,0.2418,
frame_ms,0.2185,
frame_ms,0.2002,
frame_ms,0.2456,
frame_ms,0.2183,
frame_ms,0.1993,
frame_ms,0.2369,
tick_us,207.8,132
frame_ms,0.6528,
frame_ms,0.2275,
frame_ms,0.1998,
frame_ms,0.2049,
frame_ms,0.1994,
frame_ms,0.5424,
frame_ms,0.2112,
frame_ms,0.1942,
frame_ms,0.1979,
frame_ms,0.1979,
frame_ms,0.2436,
frame_ms,0.2142,
frame_ms,0.1994,
frame_ms,0.2552,
frame_ms,0.2657,
frame_ms,0.5424,
frame_ms,0.3333,
frame_ms,0.208,
frame_ms,0.2144,
frame_ms,0.2392,
frame_ms,0.2741,
frame_ms,0.3289,
frame_ms,0.2152,
frame_ms,0.205,
frame_ms,0.2007,
frame_ms,0.2463,
tick_us,191,132
frame_ms,0.6244,
frame_ms,0.2961,
frame_ms,0.2553,
frame_ms,0.2265,
frame_ms,0.2142,
frame_ms,0.2015,
frame_ms,0.2037,
frame_ms,0.2519,
frame_ms,0.2195,
frame_ms,0.1986,
frame_ms,0.2321,
frame_ms,0.2219,
frame_ms,0.1998,
frame_ms,0.2497,
frame_ms,0.2172,
frame_ms,0.1998,
frame_ms,0.2472,
frame_ms,0.2188,
frame_ms,0.1976,
frame_ms,0.2495,
frame_ms,0.2193,
frame_ms,0.1972,
frame_ms,0.2516,
frame_ms,0.2206,
frame_ms,0.1982,
frame_ms,0.2471,
frame_ms,0.2173,
frame_ms,0.1991,
frame_ms,0.2456,
tick_us,206.4,135
frame_ms,0.642,
frame_ms,0.2238,
frame_ms,0.1999,
frame_ms,0.2016,
frame_ms,0.2011,
frame_ms,0.2691,
frame_ms,0.2178,
frame_ms,0.1981,
frame_ms,0.247,
frame_ms,0.224,
frame_ms,0.2053,
frame_ms,0.2332,
frame_ms,0.2163,
frame_ms,0.1993,
frame_ms,0.265,
frame_ms,0.2205,
frame_ms,0.1996,
frame_ms,0.245,
frame_ms,0.2169,
frame_ms,0.1988,
frame_ms,0.2503,
frame_ms,0.2186,
frame_ms,0.1985,
frame_ms,0.2464,
frame_ms,0.2102,
frame_ms,0.1967,
frame_ms,0.2622,
frame_ms,0.2168,
frame_ms,0.231,
tick_us,210.5,133
frame_ms,0.6496,
frame_ms,0.2181,
frame_ms,0.1987,
frame_ms,0.1989,
frame_ms,0.2023,
frame_ms,0.2617,
frame_ms,0.2224,
frame_ms,0.2078,
frame_ms,0.2344,
frame_ms,0.2549,
frame_ms,0.228,
frame_ms,0.2082,
frame_ms,0.2426,
frame_ms,0.2637,
frame_ms,0.2233,
frame_ms,0.2295,
frame_ms,0.2431,
frame_ms,0.2123,
frame_ms,0.2178,
frame_ms,0.2356,
frame_ms,0.2582,
frame_ms,0.2157,
frame_ms,0.2046,
frame_ms,0.2468,
frame_ms,0.2544,
frame_ms,0.2131,
frame_ms,0.2067,
frame_ms,0.2496,
frame_ms,0.2414,
tick_us,209,128
frame_ms,0.6392,
frame_ms,0.2227,
frame_ms,0.2016,
frame_ms,0.2247,
frame_ms,0.2106,
frame_ms,0.2027,
frame_ms,0.2594,
frame_ms,0.2204,
frame_ms,0.2015,
frame_ms,0.2419,
frame_ms,0.2137,
frame_ms,0.2007,
frame_ms,0.2491,
frame_ms,0.2244,
frame_ms,0.2106,
frame_ms,0.2342,
frame_ms,0.2165,
frame_ms,0.2001,
frame_ms,0.2476,
frame_ms,0.2145,
frame_ms,0.1978,
frame_ms,0.25,
frame_ms,0.227,
frame_ms,0.2086,
frame_ms,0.231,
frame_ms,0.2119,
frame_ms,0.198,
frame_ms,0.259,
frame_ms,0.2207,
tick_us,194.4,128
frame_ms,0.6178,
frame_ms,0.217,
frame_ms,0.1995,
frame_ms,0.2007,
frame_ms,0.1987,
frame_ms,0.2547,
frame_ms,0.2299,
frame_ms,0.1983,
frame_ms,0.2298,
frame_ms,0.2082,
frame_ms,0.222,
frame_ms,0.2436,
frame_ms,0.2075,
frame_ms,0.2221,
frame_ms,0.2442,
frame_ms,0.2155,
frame_ms,0.2012,
frame_ms,0.2786,
frame_ms,0.2361,
frame_ms,0.2446,
frame_ms,0.2338,
frame_ms,0.2153,
frame_ms,0.214,
frame_ms,0.2353,
frame_ms,0.2193,
frame_ms,0.2051,
frame_ms,0.262,
frame_ms,0.2529,
frame_ms,0.2378,
tick_us,202.6,132
frame_ms,0.6239,
frame_ms,0.2282,
frame_ms,0.2115,
frame_ms,0.2196,
frame_ms,0.2067,
frame_ms,0.2049,
frame_ms,0.2402,
frame_ms,0.22,
frame_ms,0.1997,
frame_ms,0.2501,
frame_ms,0.2191,
frame_ms,0.2065,
frame_ms,0.2442,
frame_ms,0.2251,
frame_ms,0.2014,
frame_ms,0.2445,
frame_ms,0.3339,
frame_ms,0.2894,
frame_ms,0.2531,
frame_ms,0.2285,
frame_ms,0.2129,
frame_ms,0.2088,
frame_ms,0.2546,
frame_ms,0.2782,
frame_ms,0.2405,
frame_ms,0.2265,
frame_ms,0.2119,
frame_ms,0.2069,
tick_us,206.5,133
frame_ms,0.6666,
frame_ms,0.2702,
frame_ms,0.2161,
frame_ms,0.2181,
frame_ms,0.2056,
frame_ms,0.2148,
frame_ms,0.2545,
frame_ms,0.2225,
frame_ms,0.2113,
frame_ms,0.2344,
frame_ms,0.1988,
frame_ms,0.2019,
frame_ms,0.2609,
frame_ms,0.2224,
frame_ms,0.2025,
frame_ms,0.2347,
frame_ms,0.2137,
frame_ms,0.2019,
frame_ms,0.2409,
frame_ms,0.2562,
frame_ms,0.2193,
frame_ms,0.2098,
frame_ms,0.2336,
frame_ms,0.2176,
frame_ms,0.3591,
frame_ms,0.3216,
frame_ms,0.2664,
frame_ms,0.2283,
tick_us,214.9,130
frame_ms,0.739,
frame_ms,0.3119,
frame_ms,0.2335,
frame_ms,0.2051,
frame_ms,0.2037,
frame_ms,0.2056,
frame_ms,0.2636,
frame_ms,0.2257,
frame_ms,0.2067,
frame_ms,0.2296,
frame_ms,0.2058,
frame_ms,0.1993,
frame_ms,0.2572,
frame_ms,0.3713,
frame_ms,0.2625,
frame_ms,0.2391,
frame_ms,0.2144,
frame_ms,0.2115,
frame_ms,0.2054,
frame_ms,0.2443,
frame_ms,0.2485,
frame_ms,0.2142,
frame_ms,0.2063,
frame_ms,0.2374,
frame_ms,0.2243,
frame_ms,0.2107,
frame_ms,0.2544,
frame_ms,0.2105,
tick_us,219,125
frame_ms,0.6438,
frame_ms,0.2427,
frame_ms,0.2052,
frame_ms,0.2255,
frame_ms,0.2023,
frame_ms,0.2016,
frame_ms,0.252,
frame_ms,0.225,
frame_ms,0.204,
frame_ms,0.2227,
frame_ms,0.2035,
frame_ms,0.199,
frame_ms,0.2677,
frame_ms,0.2207,
frame_ms,0.2052,
frame_ms,0.2472,
frame_ms,0.2262,
frame_ms,0.2204,
frame_ms,0.2002,
frame_ms,0.2539,
frame_ms,0.2538,
frame_ms,0.2184,
frame_ms,0.208,
frame_ms,0.2476,
frame_ms,0.2536,
frame_ms,0.2201,
frame_ms,0.2068,
frame_ms,0.2228,
frame_ms,0.2103,
tick_us,272.1,122
frame_ms,0.7359,
frame_ms,0.2821,
frame_ms,0.249,
frame_ms,0.2204,
frame_ms,0.2269,
frame_ms,0.2181,
frame_ms,0.2615,
frame_ms,0.2983,
frame_ms,0.2408,
frame_ms,0.219,
frame_ms,0.2145,
frame_ms,0.2454,
frame_ms,0.2481,
frame_ms,0.2138,
frame_ms,0.2028,
frame_ms,0.2574,
frame_ms,0.221,
frame_ms,0.2099,
frame_ms,0.2356,
frame_ms,0.2576,
frame_ms,0.2706,
frame_ms,0.2223,
frame_ms,0.2057,
frame_ms,0.2043,
frame_ms,0.2419,
frame_ms,0.2504,
frame_ms,0.2143,
tick_us,195.6,125
frame_ms,0.6181,
frame_ms,0.2215,
frame_ms,0.2046,
frame_ms,0.2156,
frame_ms,0.2127,
frame_ms,0.209,
frame_ms,0.2424,
frame_ms,0.2195,
frame_ms,0.2048,
frame_ms,0.2246,
frame_ms,0.2166,
frame_ms,0.2098,
frame_ms,0.2485,
frame_ms,0.2197,
frame_ms,0.1998,
frame_ms,0.2518,
frame_ms,0.2211,
frame_ms,0.2033,
frame_ms,0.2184,
frame_ms,0.2003,
frame_ms,0.1977,
frame_ms,0.2483,
frame_ms,0.2223,
frame_ms,0.2059,
frame_ms,0.2201,
frame_ms,0.2056,
frame_ms,0.1949,
frame_ms,0.261,
frame_ms,0.2207,
frame_ms,0.2051,
tick_us,204.8,123
frame_ms,0.6767,
frame_ms,0.2278,
frame_ms,0.1996,
frame_ms,0.2118,
frame_ms,0.2065,
frame_ms,0.2404,
frame_ms,0.316,
frame_ms,0.2601,
frame_ms,0.2189,
frame_ms,0.2108,
frame_ms,0.2032,
frame_ms,0.2258,
frame_ms,0.2095,
frame_ms,0.2018,
frame_ms,0.2522,
frame_ms,0.2524,
frame_ms,0.218,
frame_ms,0.2034,
frame_ms,0.5581,
frame_ms,0.2766,
frame_ms,0.2284,
frame_ms,0.2094,
frame_ms,0.2742,
frame_ms,0.322,
frame_ms,0.2037,
frame_ms,0.2028,
frame_ms,0.2009,
tick_us,204.8,120
frame_ms,0.689,
frame_ms,0.2319,
frame_ms,0.2029,
frame_ms,0.2078,
frame_ms,0.2097,
frame_ms,0.2243,
frame_ms,0.2217,
frame_ms,0.2034,
frame_ms,0.2498,
frame_ms,0.2186,
frame_ms,0.1965,
frame_ms,0.2491,
frame_ms,0.2193,
frame_ms,0.1967,
frame_ms,0.2515,
frame_ms,0.217,
frame_ms,0.198,
frame_ms,0.251,
frame_ms,0.2149,
frame_ms,0.1953,
frame_ms,0.2539,
frame_ms,0.218,
frame_ms,0.1981,
frame_ms,0.2623,
frame_ms,0.2515,
frame_ms,0.2419,
frame_ms,0.2146,
frame_ms,0.202,
frame_ms,0.2542,
tick_us,208,111
frame_ms,0.6344,
frame_ms,0.2182,
frame_ms,0.1964,
frame_ms,0.2009,
frame_ms,0.1981,
frame_ms,0.263,
frame_ms,0.2188,
frame_ms,0.2025,
frame_ms,0.2429,
frame_ms,0.2409,
frame_ms,0.2036,
frame_ms,0.239,
frame_ms,0.2143,
frame_ms,0.1972,
frame_ms,0.2472,
frame_ms,0.2195,
frame_ms,0.2606,
frame_ms,0.2574,
frame_ms,0.2184,
frame_ms,0.2075,
frame_ms,0.2062,
frame_ms,0.2704,
frame_ms,0.2673,
frame_ms,0.2276,
frame_ms,0.2133,
frame_ms,0.2092,
frame_ms,0.2414,
frame_ms,0.5475,
tick_us,209.3,116
frame_ms,0.9861,
frame_ms,0.2329,
frame_ms,0.2041,
frame_ms,0.209,
frame_ms,0.2029,
frame_ms,0.2495,
frame_ms,0.2216,
frame_ms,0.2052,
frame_ms,0.2432,
frame_ms,0.2184,
frame_ms,0.2021,
frame_ms,0.2502,
frame_ms,0.2236,
frame_ms,0.2045,
frame_ms,0.2468,
frame_ms,0.22,
frame_ms,0.2021,
frame_ms,0.2566,
frame_ms,0.2302,
frame_ms,0.1984,
frame_ms,0.2151,
frame_ms,0.195,
frame_ms,0.2165,
frame_ms,0.2318,
frame_ms,0.2154,
frame_ms,0.2269,
frame_ms,0.4143,
tick_us,216.2,115
frame_ms,0.9325,
frame_ms,0.2405,
frame_ms,0.2109,
frame_ms,0.211,
frame_ms,0.2129,
frame_ms,0.214,
frame_ms,0.2566,
frame_ms,0.253,
frame_ms,0.214,
frame_ms,0.2016,
frame_ms,0.247,
frame_ms,0.2801,
frame_ms,0.2062,
frame_ms,0.2039,
frame_ms,0.2325,
frame_ms,0.2311,
frame_ms,0.203,
frame_ms,0.2403,
frame_ms,0.1924,
frame_ms,0.2418,
frame_ms,0.5499,
frame_ms,0.2139,
frame_ms,0.1914,
frame_ms,0.1958,
frame_ms,0.2427,
frame_ms,0.3279,
tick_us,229.3,120
frame_ms,0.6744,
frame_ms,0.2209,
frame_ms,0.1991,
frame_ms,0.1988,
frame_ms,0.1972,
frame_ms,0.2636,
frame_ms,0.2171,
frame_ms,0.2001,
frame_ms,0.2435,
frame_ms,0.2296,
frame_ms,0.2099,
frame_ms,0.2483,
frame_ms,0.2149,
frame_ms,0.2003,
frame_ms,0.3121,
frame_ms,0.2043,
frame_ms,0.2244,
frame_ms,0.1954,
frame_ms,0.2173,
frame_ms,0.2258,
frame_ms,0.2007,
frame_ms,0.1995,
frame_ms,0.2493,
frame_ms,0.2138,
frame_ms,0.1987,
frame_ms,0.2518,
frame_ms,0.2174,
frame_ms,0.1997,
frame_ms,0.256,
tick_us,212,120
frame_ms,0.8152,
frame_ms,0.246,
frame_ms,0.2128,
frame_ms,0.2125,
frame_ms,0.2062,
frame_ms,0.2129,
frame_ms,0.2619,
frame_ms,0.2556,
frame_ms,0.212,
frame_ms,0.2066,
frame_ms,0.2377,
frame_ms,0.2328,
frame_ms,0.206,
frame_ms,0.2513,
frame_ms,0.2426,
frame_ms,0.2081,
frame_ms,0.2068,
frame_ms,0.2625,
frame_ms,0.2203,
frame_ms,0.1986,
frame_ms,0.2327,
frame_ms,0.205,
frame_ms,0.1986,
frame_ms,0.2436,
frame_ms,0.2192,
frame_ms,0.1993,
frame_ms,0.2306,
frame_ms,0.2123,
tick_us,230,120
frame_ms,0.7611,
frame_ms,0.371,
frame_ms,0.2759,
frame_ms,0.2367,
frame_ms,0.2299,
frame_ms,0.2248,
frame_ms,0.2105,
frame_ms,0.2124,
frame_ms,0.2456,
frame_ms,0.3196,
frame_ms,0.2311,
frame_ms,0.2149,
frame_ms,0.2069,
frame_ms,0.2251,
frame_ms,0.2478,
frame_ms,0.2182,
frame_ms,0.2146,
frame_ms,0.2409,
frame_ms,0.2133,
frame_ms,0.2274,
frame_ms,0.2118,
frame_ms,0.2097,
frame_ms,0.2299,
frame_ms,0.2187,
frame_ms,0.1982,
frame_ms,0.2327,
frame_ms,0.2513,
tick_us,247.5,119
frame_ms,0.7446,
frame_ms,0.4006,
frame_ms,0.2148,
frame_ms,0.2093,
frame_ms,0.2057,
frame_ms,0.2382,
frame_ms,0.2196,
frame_ms,0.3393,
frame_ms,0.2685,
frame_ms,0.2202,
frame_ms,0.2186,
frame_ms,0.2647,
frame_ms,0.2516,
frame_ms,0.2151,
frame_ms,0.2489,
frame_ms,0.2093,
frame_ms,0.2074,
frame_ms,0.251,
frame_ms,0.263,
frame_ms,0.2226,
frame_ms,0.2117,
frame_ms,0.2255,
frame_ms,0.2345,
frame_ms,0.2539,
frame_ms,0.213,
frame_ms,0.2024,
frame_ms,0.236,
tick_us,244.4,119
frame_ms,0.7178,
frame_ms,0.2846,
frame_ms,0.4197,
frame_ms,0.4229,
frame_ms,0.313,
frame_ms,0.225,
frame_ms,0.2103,
frame_ms,0.2285,
frame_ms,0.2513,
frame_ms,0.2676,
frame_ms,0.2787,
frame_ms,0.2611,
frame_ms,0.3975,
frame_ms,0.2421,
frame_ms,0.2111,
frame_ms,0.209,
frame_ms,0.211,
frame_ms,0.2492,
frame_ms,0.2555,
frame_ms,0.2116,
frame_ms,0.2315,
frame_ms,0.2213,
frame_ms,0.2039,
frame_ms,0.2249,
frame_ms,0.2073,
tick_us,249.2,121
frame_ms,0.7016,
frame_ms,0.2342,
frame_ms,0.2076,
frame_ms,0.2191,
frame_ms,0.2055,
frame_ms,0.2894,
frame_ms,0.4222,
frame_ms,0.4923,
frame_ms,0.3027,
frame_ms,0.2177,
frame_ms,0.2117,
frame_ms,0.2067,
frame_ms,0.2037,
frame_ms,0.2435,
frame_ms,0.2233,
frame_ms,0.2072,
frame_ms,0.2438,
frame_ms,0.2101,
frame_ms,0.2035,
frame_ms,0.2835,
frame_ms,0.2566,
frame_ms,0.2162,
frame_ms,0.2106,
frame_ms,0.2957,
frame_ms,0.2159,
frame_ms,0.2106,
tick_us,258.7,120
frame_ms,0.7175,
frame_ms,0.2295,
frame_ms,0.2053,
frame_ms,0.2307,
frame_ms,0.3529,
frame_ms,0.3109,
frame_ms,0.3481,
frame_ms,0.2969,
frame_ms,0.215,
frame_ms,0.2096,
frame_ms,0.2125,
frame_ms,0.2003,
frame_ms,0.2468,
frame_ms,0.6285,
frame_ms,0.2911,
frame_ms,0.25,
frame_ms,0.2026,
frame_ms,0.2009,
frame_ms,0.2037,
frame_ms,0.2601,
frame_ms,0.2197,
frame_ms,0.2008,
frame_ms,0.2432,
frame_ms,0.222,
frame_ms,0.2337,
tick_us,259.9,117
frame_ms,0.7359,
frame_ms,0.2268,
frame_ms,0.2123,
frame_ms,0.2199,
frame_ms,0.2045,
frame_ms,0.2154,
frame_ms,0.2858,
frame_ms,0.385,
frame_ms,0.3133,
frame_ms,0.2665,
frame_ms,0.3362,
frame_ms,0.2285,
frame_ms,0.2144,
frame_ms,0.2099,
frame_ms,0.2236,
frame_ms,0.2173,
frame_ms,0.3405,
frame_ms,0.2692,
frame_ms,0.2292,
frame_ms,0.208,
frame_ms,0.2042,
frame_ms,0.2573,
frame_ms,0.2256,
frame_ms,0.2072,
frame_ms,0.2445,
frame_ms,0.2146,
frame_ms,0.2032,
tick_us,248.6,119
frame_ms,0.7496,
frame_ms,0.2348,
frame_ms,0.2357,
frame_ms,0.2225,
frame_ms,0.2247,
frame_ms,0.402,
frame_ms,0.3181,
frame_ms,0.3841,
frame_ms,0.3107,
frame_ms,0.2227,
frame_ms,0.2154,
frame_ms,0.2037,
frame_ms,0.224,
frame_ms,0.2487,
frame_ms,0.2505,
frame_ms,0.2153,
frame_ms,0.2072,
frame_ms,0.2527,
frame_ms,0.2509,
frame_ms,0.6541,
frame_ms,0.308,
frame_ms,0.225,
frame_ms,0.2028,
frame_ms,0.207,
tick_us,243.8,119
frame_ms,0.6997,
frame_ms,0.2305,
frame_ms,0.2047,
frame_ms,0.2094,
frame_ms,0.2035,
frame_ms,0.2299,
frame_ms,0.2065,
frame_ms,0.2844,
frame_ms,0.4782,
frame_ms,0.3535,
frame_ms,0.2596,
frame_ms,0.2154,
frame_ms,0.2095,
frame_ms,0.2076,
frame_ms,0.2484,
frame_ms,0.2418,
frame_ms,0.2484,
frame_ms,0.2152,
frame_ms,0.2082,
frame_ms,0.2693,
frame_ms,0.2296,
frame_ms,0.2075,
frame_ms,0.2267,
frame_ms,0.2411,
frame_ms,0.2237,
frame_ms,0.2375,
tick_us,233.9,118
frame_ms,0.6908,
frame_ms,0.2206,
frame_ms,0.2111,
frame_ms,0.2234,
frame_ms,0.2076,
frame_ms,0.213,
frame_ms,0.2368,
frame_ms,0.2152,
frame_ms,0.2008,
frame_ms,0.2559,
frame_ms,0.4174,
frame_ms,0.3673,
frame_ms,0.3548,
frame_ms,0.2573,
frame_ms,0.2281,
frame_ms,0.2364,
frame_ms,0.2392,
frame_ms,0.6591,
frame_ms,0.4198,
frame_ms,0.3374,
frame_ms,0.3378,
frame_ms,0.3301,
tick_us,258.5,120
frame_ms,0.9863,
frame_ms,0.2778,
frame_ms,0.2975,
frame_ms,0.2883,
frame_ms,0.247,
frame_ms,0.2352,
frame_ms,0.2356,
frame_ms,0.4529,
frame_ms,0.3277,
frame_ms,0.344,
frame_ms,0.2722,
frame_ms,0.2298,
frame_ms,0.2276,
frame_ms,0.222,
frame_ms,0.2188,
frame_ms,0.2137,
frame_ms,0.2601,
frame_ms,0.2661,
frame_ms,0.2285,
frame_ms,0.2185,
frame_ms,0.2118,
frame_ms,0.2753,
frame_ms,0.2572,
frame_ms,0.2268,
tick_us,240.5,121
frame_ms,0.6943,
frame_ms,0.226,
frame_ms,0.2096,
frame_ms,0.2203,
frame_ms,0.2099,
frame_ms,0.2079,
frame_ms,0.2293,
frame_ms,0.2134,
frame_ms,0.2719,
frame_ms,0.2203,
frame_ms,0.2149,
frame_ms,0.4186,
frame_ms,0.3497,
frame_ms,0.4279,
frame_ms,0.2537,
frame_ms,0.2142,
frame_ms,0.2137,
frame_ms,0.2008,
frame_ms,0.2334,
frame_ms,0.2579,
frame_ms,0.2246,
frame_ms,0.2113,
frame_ms,0.2053,
frame_ms,0.2506,
frame_ms,0.2638,
frame_ms,0.2693,
tick_us,245.1,121
frame_ms,0.7263,
frame_ms,0.2475,
frame_ms,0.223,
frame_ms,0.2606,
frame_ms,0.2517,
frame_ms,0.2155,
frame_ms,0.2076,
frame_ms,0.2063,
frame_ms,0.2599,
frame_ms,0.3103,
frame_ms,0.324,
frame_ms,0.3449,
frame_ms,0.2542,
frame_ms,0.2067,
frame_ms,0.2217,
frame_ms,0.2158,
frame_ms,0.2173,
frame_ms,0.2505,
frame_ms,0.2256,
frame_ms,0.2056,
frame_ms,0.2538,
frame_ms,0.2519,
frame_ms,0.2161,
frame_ms,0.2064,
frame_ms,0.2564,
frame_ms,0.224,
frame_ms,0.2053,
tick_us,239.4,122
frame_ms,0.7094,
frame_ms,0.2248,
frame_ms,0.2027,
frame_ms,0.2521,
frame_ms,0.2283,
frame_ms,0.2233,
frame_ms,0.2107,
frame_ms,0.2547,
frame_ms,0.2261,
frame_ms,0.2076,
frame_ms,0.2175,
frame_ms,0.2487,
frame_ms,0.2148,
frame_ms,0.2023,
frame_ms,0.2549,
frame_ms,0.224,
frame_ms,0.2073,
frame_ms,0.2335,
frame_ms,0.2115,
frame_ms,0.2,
frame_ms,0.2611,
frame_ms,0.2186,
frame_ms,0.2076,
frame_ms,0.2377,
frame_ms,0.2113,
frame_ms,0.229,
frame_ms,0.2639,
frame_ms,0.2555,
frame_ms,0.2134,
tick_us,218.2,123
frame_ms,0.6442,
frame_ms,0.2279,
frame_ms,0.2036,
frame_ms,0.2192,
frame_ms,0.2237,
frame_ms,0.2048,
frame_ms,0.2614,
frame_ms,0.2503,
frame_ms,0.2148,
frame_ms,0.2056,
frame_ms,0.2364,
frame_ms,0.2326,
frame_ms,0.2098,
frame_ms,0.2509,
frame_ms,0.243,
frame_ms,0.202,
frame_ms,0.2067,
frame_ms,0.2604,
frame_ms,0.2774,
frame_ms,0.5733,
frame_ms,0.3565,
frame_ms,0.2558,
frame_ms,0.2175,
frame_ms,0.22,
frame_ms,0.2101,
frame_ms,0.2569,
tick_us,226.4,127
frame_ms,0.6801,
frame_ms,0.2283,
frame_ms,0.2065,
frame_ms,0.207,
frame_ms,0.203,
frame_ms,0.2237,
frame_ms,0.2424,
frame_ms,0.2581,
frame_ms,0.2253,
frame_ms,0.2096,
frame_ms,0.2283,
frame_ms,0.234,
frame_ms,0.2098,
frame_ms,0.204,
frame_ms,0.2498,
frame_ms,0.22,
frame_ms,0.21,
frame_ms,0.2219,
frame_ms,0.2137,
frame_ms,0.3378,
frame_ms,0.4178,
frame_ms,0.3371,
frame_ms,0.3351,
frame_ms,0.4006,
frame_ms,0.3348,
tick_us,256.3,124
frame_ms,0.8147,
frame_ms,0.2973,
frame_ms,0.2355,
frame_ms,0.2077,
frame_ms,0.2269,
frame_ms,0.3176,
frame_ms,0.2552,
frame_ms,0.2124,
frame_ms,0.2078,
frame_ms,0.2585,
frame_ms,0.2626,
frame_ms,0.2238,
frame_ms,0.2126,
frame_ms,0.2027,
frame_ms,0.2431,
frame_ms,0.221,
frame_ms,0.2069,
frame_ms,0.2317,
frame_ms,0.2082,
frame_ms,0.2007,
frame_ms,0.2555,
frame_ms,0.458,
frame_ms,0.353,
frame_ms,0.2276,
frame_ms,0.211,
frame_ms,0.2037,
tick_us,248.3,120
frame_ms,0.7705,
frame_ms,0.2787,
frame_ms,0.2289,
frame_ms,0.2092,
frame_ms,0.2008,
frame_ms,0.2085,
frame_ms,0.2578,
frame_ms,0.2205,
frame_ms,0.2055,
frame_ms,0.2572,
frame_ms,0.6358,
frame_ms,0.2386,
frame_ms,0.2037,
frame_ms,0.2692,
frame_ms,0.2677,
frame_ms,0.3844,
frame_ms,0.2882,
frame_ms,0.2695,
frame_ms,0.3306,
frame_ms,0.2175,
frame_ms,0.2136,
frame_ms,0.2311,
frame_ms,0.2065,
frame_ms,0.2395,
frame_ms,0.2236,
tick_us,229.1,126
frame_ms,0.6735,
frame_ms,0.225,
frame_ms,0.2009,
frame_ms,0.1965,
frame_ms,0.2102,
frame_ms,0.2495,
frame_ms,0.2237,
frame_ms,0.208,
frame_ms,0.236,
frame_ms,0.2149,
frame_ms,0.2278,
frame_ms,0.2013,
frame_ms,0.1958,
frame_ms,0.2614,
frame_ms,0.2181,
frame_ms,0.1977,
frame_ms,0.2462,
frame_ms,0.2264,
frame_ms,0.2053,
frame_ms,0.2249,
frame_ms,0.2053,
frame_ms,0.1947,
frame_ms,0.2703,
frame_ms,0.2622,
frame_ms,0.2789,
frame_ms,0.3098,
frame_ms,0.2243,
frame_ms,0.2191,
frame_ms,0.2211,
tick_us,290.9,126
frame_ms,0.7913,
frame_ms,0.3118,
frame_ms,0.2259,
frame_ms,0.2082,
frame_ms,0.2145,
frame_ms,0.2071,
frame_ms,0.4072,
frame_ms,0.2512,
frame_ms,0.2939,
frame_ms,0.2283,
frame_ms,0.2091,
frame_ms,0.2102,
frame_ms,0.2128,
frame_ms,0.2387,
frame_ms,0.2531,
frame_ms,0.2191,
frame_ms,0.2092,
frame_ms,0.2444,
frame_ms,0.5646,
frame_ms,0.3477,
frame_ms,0.339,
frame_ms,0.3024,
frame_ms,0.2081,
frame_ms,0.2109,
tick_us,221.2,128
frame_ms,0.7095,
frame_ms,0.2319,
frame_ms,0.2145,
frame_ms,0.2126,
frame_ms,0.2018,
frame_ms,0.2013,
frame_ms,0.2427,
frame_ms,0.2196,
frame_ms,0.2022,
frame_ms,0.3723,
frame_ms,0.2515,
frame_ms,0.2124,
frame_ms,0.2104,
frame_ms,0.2011,
frame_ms,0.2433,
frame_ms,0.2172,
frame_ms,0.2028,
frame_ms,0.2573,
frame_ms,0.2581,
frame_ms,0.2198,
frame_ms,0.9374,
frame_ms,0.3536,
frame_ms,0.362,
tick_us,219.2,133
frame_ms,0.7715,
frame_ms,0.2435,
frame_ms,0.2105,
frame_ms,0.2155,
frame_ms,0.2058,
frame_ms,0.2012,
frame_ms,0.2452,
frame_ms,0.2197,
frame_ms,0.2289,
frame_ms,0.2059,
frame_ms,0.2636,
frame_ms,0.2238,
frame_ms,0.2126,
frame_ms,0.2159,
frame_ms,0.3765,
frame_ms,0.2311,
frame_ms,0.2163,
frame_ms,0.2053,
frame_ms,0.2484,
frame_ms,0.2176,
frame_ms,0.2197,
frame_ms,0.3847,
frame_ms,0.2736,
frame_ms,0.4022,
frame_ms,0.3671,
frame_ms,0.3358,
tick_us,255.5,132
frame_ms,0.8256,
frame_ms,0.2726,
frame_ms,0.2304,
frame_ms,0.2143,
frame_ms,0.2059,
frame_ms,0.204,
frame_ms,0.2411,
frame_ms,0.2251,
frame_ms,0.2003,
frame_ms,0.2466,
frame_ms,0.2215,
frame_ms,0.2068,
frame_ms,0.2311,
frame_ms,0.2038,
frame_ms,0.1998,
frame_ms,0.2645,
frame_ms,0.2177,
frame_ms,0.2,
frame_ms,0.2383,
frame_ms,0.2179,
frame_ms,0.2001,
frame_ms,0.2498,
frame_ms,0.2248,
frame_ms,0.3826,
frame_ms,0.344,
frame_ms,0.3421,
tick_us,223.5,131
frame_ms,0.7427,
frame_ms,0.2268,
frame_ms,0.2037,
frame_ms,0.2119,
frame_ms,0.2051,
frame_ms,0.2367,
frame_ms,0.2104,
frame_ms,0.2051,
frame_ms,0.2316,
frame_ms,0.2099,
frame_ms,0.2007,
frame_ms,0.252,
frame_ms,0.2206,
frame_ms,0.2016,
frame_ms,0.2489,
frame_ms,0.2265,
frame_ms,0.2067,
frame_ms,0.2172,
frame_ms,0.1986,
frame_ms,0.1998,
frame_ms,0.3898,
frame_ms,0.2503,
frame_ms,0.3018,
frame_ms,0.3572,
frame_ms,0.3492,
frame_ms,0.2923,
frame_ms,0.223,
tick_us,222.4,134
frame_ms,0.6569,
frame_ms,0.2263,
frame_ms,0.2044,
frame_ms,0.2057,
frame_ms,0.2157,
frame_ms,0.2067,
frame_ms,0.2446,
frame_ms,0.2578,
frame_ms,0.2191,
frame_ms,0.2086,
frame_ms,0.2508,
frame_ms,0.2478,
frame_ms,0.2126,
frame_ms,0.2091,
frame_ms,0.2557,
frame_ms,0.2331,
frame_ms,0.2044,
frame_ms,0.2198,
frame_ms,0.4136,
frame_ms,0.3557,
frame_ms,0.3319,
frame_ms,0.4063,
frame_ms,0.3226,
frame_ms,0.2195,
frame_ms,0.289,
frame_ms,0.2465,
tick_us,220,136
frame_ms,0.7379,
frame_ms,0.2355,
frame_ms,0.2107,
frame_ms,0.2174,
frame_ms,0.2061,
frame_ms,0.2056,
frame_ms,0.5945,
frame_ms,0.2318,
frame_ms,0.2031,
frame_ms,0.2095,
frame_ms,0.2088,
frame_ms,0.2369,
frame_ms,0.2254,
frame_ms,0.2092,
frame_ms,0.2534,
frame_ms,0.2197,
frame_ms,0.2079,
frame_ms,0.2365,
frame_ms,0.2212,
frame_ms,0.2062,
frame_ms,0.2262,
frame_ms,0.2195,
frame_ms,0.3623,
frame_ms,0.5552,
tick_us,247.1,142
frame_ms,0.8536,
frame_ms,0.263,
frame_ms,0.2184,
frame_ms,0.2161,
frame_ms,0.2106,
frame_ms,0.2083,
frame_ms,0.2617,
frame_ms,0.257,
frame_ms,0.2227,
frame_ms,0.2243,
frame_ms,0.2297,
frame_ms,0.2087,
frame_ms,0.2057,
frame_ms,0.2531,
frame_ms,0.2944,
frame_ms,0.3019,
frame_ms,0.2131,
frame_ms,0.2124,
frame_ms,0.2022,
frame_ms,0.2487,
frame_ms,0.2697,
frame_ms,0.217,
frame_ms,0.2039,
frame_ms,0.2479,
frame_ms,0.2168,
frame_ms,0.2731,
frame_ms,0.4779,
tick_us,241.6,143
frame_ms,0.8359,
frame_ms,0.2556,
frame_ms,0.214,
frame_ms,0.2116,
frame_ms,0.2028,
frame_ms,0.2052,
frame_ms,0.2384,
frame_ms,0.2202,
frame_ms,0.2045,
frame_ms,0.2456,
frame_ms,0.2169,
frame_ms,0.2013,
frame_ms,0.2424,
frame_ms,0.2175,
frame_ms,0.2031,
frame_ms,0.2355,
frame_ms,0.2364,
frame_ms,0.1978,
frame_ms,0.2273,
frame_ms,0.2003,
frame_ms,0.2038,
frame_ms,0.2389,
frame_ms,0.2166,
frame_ms,0.1975,
frame_ms,0.2521,
frame_ms,0.2195,
frame_ms,0.2323,
frame_ms,0.3292,
tick_us,227.8,136
frame_ms,0.879,
frame_ms,0.2511,
frame_ms,0.3101,
frame_ms,0.2931,
frame_ms,0.2443,
frame_ms,0.2259,
frame_ms,0.461,
frame_ms,0.2709,
frame_ms,0.2264,
frame_ms,0.222,
frame_ms,0.2123,
frame_ms,0.2083,
frame_ms,0.2473,
frame_ms,0.2551,
frame_ms,0.2155,
frame_ms,0.2079,
frame_ms,0.2527,
frame_ms,0.2374,
frame_ms,0.2256,
frame_ms,0.2393,
frame_ms,0.2937,
frame_ms,0.243,
frame_ms,0.2268,
frame_ms,0.2331,
tick_us,263.6,136
frame_ms,1.0905,
frame_ms,0.4029,
frame_ms,0.446,
frame_ms,0.3454,
frame_ms,0.334,
frame_ms,0.4032,
frame_ms,0.3449,
frame_ms,0.3378,
frame_ms,0.368,
frame_ms,0.49,
frame_ms,0.3371,
frame_ms,0.3397,
frame_ms,0.3289,
frame_ms,0.3299,
frame_ms,0.3248,
frame_ms,0.3224,
frame_ms,0.3338,
frame_ms,0.369,
tick_us,298.4,132
frame_ms,1.0034,
frame_ms,0.5997,
frame_ms,0.4073,
frame_ms,0.2796,
frame_ms,0.3443,
frame_ms,0.3715,
frame_ms,0.3661,
frame_ms,0.4717,
frame_ms,0.2777,
frame_ms,0.2668,
frame_ms,0.2455,
frame_ms,0.5465,
frame_ms,0.3587,
frame_ms,0.3999,
frame_ms,0.3366,
frame_ms,0.3249,
frame_ms,0.3398,
tick_us,280.6,132
frame_ms,0.8547,
frame_ms,0.3578,
frame_ms,0.3442,
frame_ms,0.3593,
frame_ms,0.4219,
frame_ms,0.3466,
frame_ms,0.3926,
frame_ms,0.3317,
frame_ms,0.3269,
frame_ms,0.3734,
frame_ms,0.3269,
frame_ms,0.3237,
frame_ms,0.3228,
frame_ms,0.3633,
frame_ms,0.3349,
frame_ms,0.3412,
frame_ms,0.3368,
frame_ms,0.3412,
tick_us,274.8,128
frame_ms,0.9159,
frame_ms,0.3467,
frame_ms,0.3541,
frame_ms,0.3391,
frame_ms,0.329,
frame_ms,0.3254,
frame_ms,0.4155,
frame_ms,0.3533,
frame_ms,0.3279,
frame_ms,0.757,
frame_ms,0.36,
frame_ms,0.3214,
frame_ms,0.3091,
frame_ms,0.3077,
frame_ms,0.3013,
frame_ms,0.3478,
frame_ms,0.3313,
frame_ms,0.3555,
tick_us,296.8,126
frame_ms,0.9119,
frame_ms,0.4694,
frame_ms,0.3899,
frame_ms,0.3691,
frame_ms,0.3476,
frame_ms,0.3319,
frame_ms,0.3272,
frame_ms,0.3245,
frame_ms,0.3361,
frame_ms,0.3737,
frame_ms,0.3382,
frame_ms,0.3385,
frame_ms,0.3374,
frame_ms,0.3368,
frame_ms,0.4012,
frame_ms,0.3286,
frame_ms,0.3237,
frame_ms,0.3276,
tick_us,282.4,129
frame_ms,0.8415,
frame_ms,0.3067,
frame_ms,0.2604,
frame_ms,0.2183,
frame_ms,0.2208,
frame_ms,0.2126,
frame_ms,0.7328,
frame_ms,0.3477,
frame_ms,0.3691,
frame_ms,0.3343,
frame_ms,0.3295,
frame_ms,0.3391,
frame_ms,0.3317,
frame_ms,0.3218,
frame_ms,0.4873,
frame_ms,0.3122,
frame_ms,0.2419,
frame_ms,0.3128,
frame_ms,0.2515,
frame_ms,0.2181,
tick_us,261.1,128
frame_ms,0.737,
frame_ms,0.2415,
frame_ms,0.225,
frame_ms,0.2231,
frame_ms,0.215,
frame_ms,0.2082,
frame_ms,0.2327,
frame_ms,0.2151,
frame_ms,0.2144,
frame_ms,0.2465,
frame_ms,0.2951,
frame_ms,0.2525,
frame_ms,0.2635,
frame_ms,0.3441,
frame_ms,0.3304,
frame_ms,0.2551,
frame_ms,0.2309,
frame_ms,0.2283,
frame_ms,0.2274,
frame_ms,0.2408,
frame_ms,0.225,
frame_ms,0.2853,
frame_ms,0.2747,
frame_ms,0.2334,
frame_ms,0.2233,
frame_ms,0.2106,
tick_us,275.3,126
frame_ms,0.7844,
frame_ms,0.2513,
frame_ms,0.2212,
frame_ms,0.2396,
frame_ms,0.2172,
frame_ms,0.2843,
frame_ms,0.2744,
frame_ms,0.2358,
frame_ms,0.2169,
frame_ms,0.2146,
frame_ms,0.2116,
frame_ms,0.3162,
frame_ms,0.4396,
frame_ms,0.4087,
frame_ms,0.362,
frame_ms,0.3587,
frame_ms,0.4015,
frame_ms,0.3575,
frame_ms,0.3798,
frame_ms,0.4563,
tick_us,307.7,128
frame_ms,1.1179,
frame_ms,0.3397,
frame_ms,0.4883,
frame_ms,0.4991,
frame_ms,0.2767,
frame_ms,0.2392,
frame_ms,0.2562,
frame_ms,0.2526,
frame_ms,0.2248,
frame_ms,0.2209,
frame_ms,0.249,
frame_ms,0.2294,
frame_ms,0.2151,
frame_ms,0.4078,
frame_ms,0.3414,
frame_ms,0.3746,
frame_ms,0.3864,
frame_ms,0.3225,
frame_ms,0.4206,
frame_ms,0.4031,
tick_us,314.6,130
frame_ms,1.0192,
frame_ms,0.3465,
frame_ms,0.2915,
frame_ms,0.4707,
frame_ms,0.8456,
frame_ms,1.1278,
frame_ms,0.7667,
frame_ms,0.401,
frame_ms,0.3471,
frame_ms,0.414,
frame_ms,0.409,
frame_ms,0.3246,
tick_us,335.9,133
frame_ms,1.1594,
frame_ms,0.5036,
frame_ms,0.2997,
frame_ms,0.3834,
frame_ms,0.2648,
frame_ms,0.2366,
frame_ms,0.762,
frame_ms,0.466,
frame_ms,0.4267,
frame_ms,0.4383,
frame_ms,0.3291,
frame_ms,0.3248,
frame_ms,0.2838,
frame_ms,0.2428,
frame_ms,0.2897,
frame_ms,0.2686,
frame_ms,0.2376,
frame_ms,0.2293,
tick_us,268.3,126
frame_ms,0.7472,
frame_ms,1.2727,
frame_ms,0.821,
frame_ms,1.5952,
frame_ms,0.5927,
frame_ms,0.3295,
frame_ms,0.5078,
frame_ms,0.9378,
tick_us,323.9,132
frame_ms,1.1318,
frame_ms,0.3273,
frame_ms,0.3152,
frame_ms,0.3241,
frame_ms,0.3219,
frame_ms,0.2812,
frame_ms,0.9349,
frame_ms,0.8231,
frame_ms,0.574,
frame_ms,0.5139,
frame_ms,0.4445,
frame_ms,0.371,
frame_ms,0.2688,
frame_ms,0.2375,
tick_us,261.9,137
frame_ms,0.8421,
frame_ms,0.352,
frame_ms,0.2647,
frame_ms,0.2273,
frame_ms,0.2276,
frame_ms,0.2198,
frame_ms,0.2189,
frame_ms,0.2523,
frame_ms,0.2756,
frame_ms,0.2423,
frame_ms,0.362,
frame_ms,0.41,
frame_ms,0.6667,
frame_ms,1.6863,
frame_ms,0.4566,
frame_ms,0.4064,
tick_us,332.7,138
frame_ms,0.9472,
frame_ms,0.4351,
frame_ms,0.3667,
frame_ms,0.3469,
frame_ms,0.3119,
frame_ms,0.2417,
frame_ms,0.2263,
frame_ms,0.3592,
frame_ms,0.4823,
frame_ms,1.0682,
frame_ms,0.5402,
frame_ms,0.4465,
frame_ms,0.5276,
frame_ms,0.2932,
frame_ms,0.2701,
tick_us,275.9,139
frame_ms,0.8371,
frame_ms,0.2813,
frame_ms,0.4151,
frame_ms,0.3505,
frame_ms,0.2801,
frame_ms,0.3292,
frame_ms,0.2464,
frame_ms,0.2725,
frame_ms,0.3109,
frame_ms,0.401,
frame_ms,0.3558,
frame_ms,0.5123,
frame_ms,0.4075,
frame_ms,0.5382,
frame_ms,0.3143,
frame_ms,0.2668,
frame_ms,0.2313,
frame_ms,0.242,
tick_us,290.1,143
frame_ms,1.3445,
frame_ms,0.421,
frame_ms,0.3259,
frame_ms,0.2779,
frame_ms,0.3108,
frame_ms,1.0163,
frame_ms,0.2409,
frame_ms,0.2448,
frame_ms,0.3776,
frame_ms,0.3617,
frame_ms,0.4367,
frame_ms,0.5973,
frame_ms,0.5014,
frame_ms,0.4084,
frame_ms,0.4912,
tick_us,308.7,139
frame_ms,0.8826,
frame_ms,0.3345,
frame_ms,0.2837,
frame_ms,0.3024,
frame_ms,0.3935,
frame_ms,0.2753,
frame_ms,0.5051,
frame_ms,0.507,
frame_ms,0.3154,
frame_ms,0.4799,
frame_ms,0.5013,
frame_ms,0.4552,
frame_ms,0.4226,
frame_ms,0.4831,
frame_ms,0.3115,
frame_ms,0.2645,
frame_ms,0.6432,
tick_us,304.8,146
frame_ms,0.9358,
frame_ms,0.3341,
frame_ms,0.2771,
frame_ms,0.2652,
frame_ms,0.2511,
frame_ms,0.2703,
frame_ms,0.3195,
frame_ms,0.4056,
frame_ms,0.3569,
frame_ms,0.4589,
frame_ms,0.4632,
frame_ms,0.6065,
frame_ms,0.4456,
frame_ms,0.6413,
frame_ms,0.6092,
tick_us,286.6,143
frame_ms,1.1205,
frame_ms,0.5828,
frame_ms,0.561,
frame_ms,0.3842,
frame_ms,0.3977,
frame_ms,0.3632,
frame_ms,0.3557,
frame_ms,0.4108,
frame_ms,0.3574,
frame_ms,0.372,
frame_ms,0.7656,
frame_ms,0.9079,
tick_us,362.4,142
frame_ms,1.4336,
frame_ms,0.39,
frame_ms,0.3391,
frame_ms,0.3616,
frame_ms,0.3325,
frame_ms,0.2664,
frame_ms,1.0794,
frame_ms,0.255,
frame_ms,0.2218,
frame_ms,0.2454,
frame_ms,0.2451,
frame_ms,0.2378,
frame_ms,0.2236,
frame_ms,0.3211,
frame_ms,0.292,
frame_ms,0.2974,
frame_ms,0.4834,
tick_us,361.2,143
frame_ms,1.3046,
frame_ms,0.415,
frame_ms,0.351,
frame_ms,0.2741,
frame_ms,0.2483,
frame_ms,0.2283,
frame_ms,0.226,
frame_ms,0.255,
frame_ms,0.2717,
frame_ms,1.1928,
frame_ms,0.2938,
frame_ms,0.5908,
frame_ms,0.8893,
frame_ms,0.3123,
tick_us,271,142
frame_ms,0.9744,
frame_ms,0.2959,
frame_ms,0.242,
frame_ms,0.2285,
frame_ms,0.2355,
frame_ms,0.2462,
frame_ms,0.239,
frame_ms,0.2215,
frame_ms,0.2133,
frame_ms,0.2318,
frame_ms,0.2196,
frame_ms,0.2133,
frame_ms,0.2567,
frame_ms,0.2522,
frame_ms,0.2228,
frame_ms,0.2344,
frame_ms,0.3063,
frame_ms,0.3371,
frame_ms,0.3266,
frame_ms,0.3847,
frame_ms,0.3804,
frame_ms,0.2395,
frame_ms,0.2346,
frame_ms,0.2443,
frame_ms,0.2216,
tick_us,286.4,140
frame_ms,0.8327,
frame_ms,0.2884,
frame_ms,0.246,
frame_ms,0.3085,
frame_ms,0.3668,
frame_ms,0.2594,
frame_ms,0.5262,
frame_ms,0.7364,
frame_ms,0.3683,
frame_ms,0.308,
frame_ms,0.2988,
frame_ms,0.2259,
frame_ms,0.227,
frame_ms,0.2247,
frame_ms,0.2174,
frame_ms,0.2925,
frame_ms,0.2682,
frame_ms,0.2447,
frame_ms,0.2363,
frame_ms,0.2391,
frame_ms,0.2648,
tick_us,511.7,144
frame_ms,1.0126,
frame_ms,0.2896,
frame_ms,0.2532,
frame_ms,0.2254,
frame_ms,0.2993,
frame_ms,0.3215,
frame_ms,0.2574,
frame_ms,0.2412,
frame_ms,0.2463,
frame_ms,0.2495,
frame_ms,0.2598,
frame_ms,0.2943,
frame_ms,0.5323,
frame_ms,0.3111,
frame_ms,0.2506,
frame_ms,0.2331,
frame_ms,0.2373,
frame_ms,0.2322,
frame_ms,0.2314,
frame_ms,0.4691,
frame_ms,0.5231,
tick_us,272.9,141
frame_ms,0.8528,
frame_ms,0.2813,
frame_ms,0.245,
frame_ms,0.2226,
frame_ms,0.2139,
frame_ms,0.2277,
frame_ms,0.22,
frame_ms,0.2259,
frame_ms,0.2391,
frame_ms,0.2287,
frame_ms,0.2168,
frame_ms,0.2269,
frame_ms,0.2415,
frame_ms,0.262,
frame_ms,0.3954,
frame_ms,0.5739,
frame_ms,0.4209,
frame_ms,0.4217,
frame_ms,0.3874,
frame_ms,0.4305,
frame_ms,0.3846,
tick_us,264.2,138
frame_ms,0.8593,
frame_ms,0.2928,
frame_ms,0.2883,
frame_ms,0.2868,
frame_ms,0.2552,
frame_ms,0.2477,
frame_ms,0.238,
frame_ms,0.7308,
frame_ms,0.4348,
frame_ms,0.3988,
frame_ms,0.3705,
frame_ms,0.3777,
frame_ms,0.3559,
frame_ms,0.4267,
frame_ms,0.2844,
frame_ms,0.3271,
frame_ms,0.3681,
frame_ms,0.256,
tick_us,265.2,141
frame_ms,0.8509,
frame_ms,0.2611,
frame_ms,0.3193,
frame_ms,0.2732,
frame_ms,0.2354,
frame_ms,0.2369,
frame_ms,0.2424,
frame_ms,0.2335,
frame_ms,0.3107,
frame_ms,0.3835,
frame_ms,0.4256,
frame_ms,0.316,
frame_ms,0.6666,
frame_ms,0.3727,
frame_ms,0.2822,
frame_ms,0.4479,
frame_ms,0.3731,
frame_ms,0.7174,
tick_us,397.2,139
frame_ms,1.3122,
frame_ms,0.4408,
frame_ms,0.3018,
frame_ms,0.2858,
frame_ms,0.2622,
frame_ms,0.2445,
frame_ms,0.2663,
frame_ms,0.2533,
frame_ms,0.2481,
frame_ms,0.2434,
frame_ms,0.2622,
frame_ms,0.2474,
frame_ms,0.2415,
frame_ms,0.2468,
frame_ms,0.2618,
frame_ms,0.258,
frame_ms,0.8274,
frame_ms,0.5661,
frame_ms,0.4138,
tick_us,284.2,137
frame_ms,0.8541,
frame_ms,0.5674,
frame_ms,0.5436,
frame_ms,0.5066,
frame_ms,0.3782,
frame_ms,0.3383,
frame_ms,0.2943,
frame_ms,0.2511,
frame_ms,0.3229,
frame_ms,0.2596,
frame_ms,0.243,
frame_ms,0.2403,
frame_ms,0.2393,
frame_ms,0.254,
frame_ms,1.2244,
tick_us,342.4,133
frame_ms,1.2509,
frame_ms,0.5151,
frame_ms,0.3042,
frame_ms,0.2492,
frame_ms,0.2415,
frame_ms,0.2509,
frame_ms,0.3204,
frame_ms,0.2591,
frame_ms,0.279,
frame_ms,0.5488,
frame_ms,0.6801,
frame_ms,0.3181,
frame_ms,0.3827,
frame_ms,0.2893,
frame_ms,0.2566,
frame_ms,0.339,
frame_ms,0.3492,
frame_ms,0.2573,
frame_ms,0.2426,
tick_us,285.2,133
frame_ms,0.8658,
frame_ms,0.2931,
frame_ms,0.2439,
frame_ms,0.2446,
frame_ms,0.252,
frame_ms,0.3407,
frame_ms,0.2608,
frame_ms,0.2418,
frame_ms,0.2479,
frame_ms,0.2406,
frame_ms,0.2336,
frame_ms,0.2769,
frame_ms,0.3268,
frame_ms,0.5421,
frame_ms,0.4222,
frame_ms,0.5139,
frame_ms,0.2809,
frame_ms,0.4181,
frame_ms,0.3607,
frame_ms,0.2658,
tick_us,303.1,133
frame_ms,0.8835,
frame_ms,0.4088,
frame_ms,0.4816,
frame_ms,0.3089,
frame_ms,0.3186,
frame_ms,0.2808,
frame_ms,0.2439,
frame_ms,0.3646,
frame_ms,0.2759,
frame_ms,0.2513,
frame_ms,0.2456,
frame_ms,0.2539,
frame_ms,0.2443,
frame_ms,0.289,
frame_ms,0.3069,
frame_ms,0.2505,
frame_ms,0.248,
frame_ms,0.2492,
frame_ms,0.2558,
frame_ms,0.2421,
frame_ms,0.2487,
frame_ms,0.2521,
tick_us,265.5,132
frame_ms,0.8715,
frame_ms,0.3652,
frame_ms,0.2651,
frame_ms,0.2472,
frame_ms,0.248,
frame_ms,0.2415,
frame_ms,0.2386,
frame_ms,0.2432,
frame_ms,0.2365,
frame_ms,0.2365,
frame_ms,0.24,
frame_ms,0.2344,
frame_ms,0.2338,
frame_ms,0.3021,
frame_ms,0.2726,
frame_ms,0.3373,
frame_ms,0.2612,
frame_ms,0.2456,
frame_ms,0.2375,
frame_ms,0.2418,
frame_ms,0.2206,
frame_ms,0.2152,
frame_ms,0.2686,
frame_ms,0.2923,
frame_ms,0.2515,
tick_us,267,135
frame_ms,0.7838,
frame_ms,0.261,
frame_ms,0.359,
frame_ms,0.5575,
frame_ms,0.4905,
frame_ms,0.4114,
frame_ms,0.3957,
frame_ms,0.3282,
frame_ms,0.2243,
frame_ms,0.2376,
frame_ms,0.2255,
frame_ms,0.2183,
frame_ms,0.2175,
frame_ms,0.2202,
frame_ms,0.2591,
frame_ms,0.2317,
frame_ms,0.2326,
frame_ms,0.2243,
frame_ms,0.2761,
frame_ms,0.3376,
frame_ms,0.2914,
tick_us,280.5,133
frame_ms,0.8303,
frame_ms,0.3096,
frame_ms,0.3988,
frame_ms,0.5102,
frame_ms,0.4416,
frame_ms,0.3665,
frame_ms,0.4019,
frame_ms,0.3424,
frame_ms,0.3052,
frame_ms,0.2908,
frame_ms,0.3058,
frame_ms,0.2742,
frame_ms,0.2032,
frame_ms,0.2155,
frame_ms,0.2094,
frame_ms,0.2418,
frame_ms,0.2693,
frame_ms,0.2801,
frame_ms,0.393,
frame_ms,0.5328,
tick_us,288.7,135
frame_ms,0.9192,
frame_ms,0.3414,
frame_ms,0.3559,
frame_ms,0.4937,
frame_ms,0.3893,
frame_ms,0.421,
frame_ms,0.4091,
frame_ms,0.2829,
frame_ms,0.2768,
frame_ms,0.2581,
frame_ms,0.2416,
frame_ms,0.25,
frame_ms,0.2483,
frame_ms,0.2596,
frame_ms,0.2468,
frame_ms,0.2402,
frame_ms,0.2301,
frame_ms,0.2457,
frame_ms,0.2267,
frame_ms,0.2327,
frame_ms,0.2846,
tick_us,289.8,138
frame_ms,0.8505,
frame_ms,0.2917,
frame_ms,0.2477,
frame_ms,0.2255,
frame_ms,0.2387,
frame_ms,0.5136,
frame_ms,0.3487,
frame_ms,0.274,
frame_ms,0.3641,
frame_ms,0.3383,
frame_ms,0.2393,
frame_ms,0.2131,
frame_ms,0.2478,
frame_ms,0.2292,
frame_ms,0.2273,
frame_ms,0.2154,
frame_ms,0.2242,
frame_ms,0.258,
frame_ms,0.2556,
frame_ms,0.2621,
frame_ms,0.2308,
frame_ms,0.2196,
frame_ms,0.2161,
frame_ms,0.2184,
tick_us,987.7,136
frame_ms,1.5808,
frame_ms,0.4426,
frame_ms,0.4944,
frame_ms,0.4164,
frame_ms,0.3402,
frame_ms,0.3737,
frame_ms,0.2275,
frame_ms,0.2184,
frame_ms,0.2229,
frame_ms,0.211,
frame_ms,0.2869,
frame_ms,0.2411,
frame_ms,0.392,
frame_ms,0.2798,
frame_ms,0.2221,
frame_ms,0.2203,
frame_ms,0.2221,
frame_ms,0.2107,
frame_ms,0.2809,
tick_us,237.6,134
frame_ms,0.7838,
frame_ms,0.2429,
frame_ms,0.2122,
frame_ms,0.2204,
frame_ms,0.222,
frame_ms,0.2125,
frame_ms,0.2056,
frame_ms,0.2482,
frame_ms,0.2816,
frame_ms,0.3626,
frame_ms,0.4858,
frame_ms,0.4095,
frame_ms,0.392,
frame_ms,0.2701,
frame_ms,0.2364,
frame_ms,0.2369,
frame_ms,0.2395,
frame_ms,0.2382,
frame_ms,0.2415,
frame_ms,0.308,
frame_ms,0.2326,
frame_ms,0.232,
frame_ms,0.2189,
frame_ms,0.2347,
tick_us,257.5,136
frame_ms,0.7437,
frame_ms,0.2496,
frame_ms,0.2415,
frame_ms,0.2364,
frame_ms,0.2152,
frame_ms,0.2277,
frame_ms,0.2075,
frame_ms,0.2411,
frame_ms,0.2188,
frame_ms,0.2314,
frame_ms,0.4361,
frame_ms,0.3649,
frame_ms,0.3125,
frame_ms,0.3658,
frame_ms,0.2578,
frame_ms,0.2215,
frame_ms,0.2196,
frame_ms,0.2197,
frame_ms,0.2132,
frame_ms,0.2417,
frame_ms,0.2275,
frame_ms,0.2127,
frame_ms,0.2152,
frame_ms,0.2897,
frame_ms,0.2739,
tick_us,251.1,136
frame_ms,0.723,
frame_ms,0.2431,
frame_ms,0.2166,
frame_ms,0.2283,
frame_ms,0.2335,
frame_ms,0.212,
frame_ms,0.2535,
frame_ms,0.2302,
frame_ms,0.215,
frame_ms,0.3091,
frame_ms,0.2658,
frame_ms,0.3135,
frame_ms,0.6392,
frame_ms,0.3845,
frame_ms,0.4338,
frame_ms,0.4428,
frame_ms,0.3747,
frame_ms,0.3568,
frame_ms,0.3376,
frame_ms,0.3523,
frame_ms,0.2817,
tick_us,240,130
frame_ms,0.6861,
frame_ms,0.254,
frame_ms,0.2123,
frame_ms,0.2148,
frame_ms,0.2375,
frame_ms,0.2294,
frame_ms,0.2191,
frame_ms,0.2674,
frame_ms,0.2303,
frame_ms,0.2103,
frame_ms,0.2382,
frame_ms,0.2381,
frame_ms,0.357,
frame_ms,0.2829,
frame_ms,0.4072,
frame_ms,0.3086,
frame_ms,0.2201,
frame_ms,0.2144,
frame_ms,0.212,
frame_ms,0.2149,
frame_ms,0.306,
frame_ms,0.336,
frame_ms,0.2304,
frame_ms,0.218,
frame_ms,0.2822,
tick_us,254.2,131
frame_ms,0.8482,
frame_ms,0.3084,
frame_ms,0.248,
frame_ms,0.209,
frame_ms,0.2135,
frame_ms,0.2047,
frame_ms,0.2398,
frame_ms,0.2498,
frame_ms,0.2177,
frame_ms,0.2066,
frame_ms,0.2628,
frame_ms,0.2438,
frame_ms,0.3842,
frame_ms,0.4861,
frame_ms,0.408,
frame_ms,0.366,
frame_ms,0.2262,
frame_ms,0.2147,
frame_ms,0.2048,
frame_ms,0.239,
frame_ms,0.2233,
frame_ms,0.211,
frame_ms,0.255,
frame_ms,0.2216,
frame_ms,0.2129,
tick_us,229.2,136
frame_ms,0.7052,
frame_ms,0.2502,
frame_ms,0.21,
frame_ms,0.218,
frame_ms,0.206,
frame_ms,0.1995,
frame_ms,0.2755,
frame_ms,0.2419,
frame_ms,0.2053,
frame_ms,0.2112,
frame_ms,0.2158,
frame_ms,0.2465,
frame_ms,0.2209,
frame_ms,0.2298,
frame_ms,0.4132,
frame_ms,0.3016,
frame_ms,0.3909,
frame_ms,0.2955,
frame_ms,0.2121,
frame_ms,0.2137,
frame_ms,0.2044,
frame_ms,0.2058,
frame_ms,0.242,
frame_ms,0.2132,
frame_ms,0.2017,
frame_ms,0.2603,
frame_ms,0.2278,
tick_us,217.2,135
frame_ms,0.6691,
frame_ms,0.2248,
frame_ms,0.2029,
frame_ms,0.1992,
frame_ms,0.2129,
frame_ms,0.2657,
frame_ms,0.2265,
frame_ms,0.2068,
frame_ms,0.2436,
frame_ms,0.8304,
frame_ms,0.2775,
frame_ms,0.2245,
frame_ms,0.3249,
frame_ms,0.3297,
frame_ms,0.3289,
frame_ms,0.3427,
frame_ms,0.2416,
frame_ms,0.2083,
frame_ms,0.2184,
frame_ms,0.2101,
frame_ms,0.2367,
frame_ms,0.2513,
frame_ms,0.2257,
frame_ms,0.233,
tick_us,226,143
frame_ms,0.7015,
frame_ms,0.2468,
frame_ms,0.2241,
frame_ms,0.2049,
frame_ms,0.199,
frame_ms,0.2435,
frame_ms,0.2214,
frame_ms,0.2008,
frame_ms,0.2572,
frame_ms,0.3536,
frame_ms,0.4349,
frame_ms,0.3376,
frame_ms,0.3628,
frame_ms,0.3737,
frame_ms,0.377,
frame_ms,0.3594,
frame_ms,0.377,
frame_ms,0.3277,
frame_ms,0.2295,
frame_ms,0.2257,
frame_ms,0.2221,
frame_ms,0.2192,
frame_ms,0.2088,
tick_us,228.6,142
frame_ms,0.7006,
frame_ms,0.2375,
frame_ms,0.2099,
frame_ms,0.2155,
frame_ms,0.219,
frame_ms,0.2103,
frame_ms,0.2566,
frame_ms,0.2338,
frame_ms,0.2362,
frame_ms,0.2058,
frame_ms,0.2564,
frame_ms,0.2297,
frame_ms,0.2074,
frame_ms,0.2474,
frame_ms,0.213,
frame_ms,0.2124,
frame_ms,0.2369,
frame_ms,0.2349,
frame_ms,0.2452,
frame_ms,0.3198,
frame_ms,0.4503,
frame_ms,0.824,
frame_ms,0.2692,
frame_ms,0.2398,
tick_us,231.4,143
frame_ms,0.6785,
frame_ms,0.2337,
frame_ms,0.2072,
frame_ms,0.2219,
frame_ms,0.2059,
frame_ms,0.2069,
frame_ms,0.2794,
frame_ms,0.2625,
frame_ms,0.2129,
frame_ms,0.2088,
frame_ms,0.3775,
frame_ms,0.3968,
frame_ms,0.33,
frame_ms,0.3304,
frame_ms,0.3265,
frame_ms,0.3317,
frame_ms,0.3667,
frame_ms,0.2708,
frame_ms,0.215,
frame_ms,0.2093,
frame_ms,0.204,
frame_ms,0.2455,
frame_ms,0.2539,
frame_ms,0.227,
frame_ms,0.2162,
tick_us,219.6,144
frame_ms,0.6554,
frame_ms,0.2248,
frame_ms,0.2122,
frame_ms,0.2176,
frame_ms,0.2075,
frame_ms,0.2329,
frame_ms,0.2191,
frame_ms,0.2028,
frame_ms,0.2563,
frame_ms,0.2222,
frame_ms,0.204,
frame_ms,0.252,
frame_ms,0.2567,
frame_ms,0.2447,
frame_ms,0.2236,
frame_ms,0.2247,
frame_ms,0.2803,
frame_ms,0.2575,
frame_ms,0.2125,
frame_ms,0.237,
frame_ms,0.6305,
frame_ms,0.3294,
frame_ms,0.2846,
frame_ms,0.3318,
frame_ms,0.2146,
tick_us,200.9,141
frame_ms,0.6402,
frame_ms,0.2409,
frame_ms,0.1999,
frame_ms,0.2061,
frame_ms,0.2288,
frame_ms,0.2172,
frame_ms,0.2015,
frame_ms,0.2641,
frame_ms,0.2206,
frame_ms,0.2057,
frame_ms,0.2498,
frame_ms,0.2226,
frame_ms,0.204,
frame_ms,0.2549,
frame_ms,0.2197,
frame_ms,0.2033,
frame_ms,0.2545,
frame_ms,0.2221,
frame_ms,0.2023,
frame_ms,0.2564,
frame_ms,0.262,
frame_ms,0.2523,
frame_ms,0.2267,
frame_ms,0.2447,
frame_ms,0.2218,
frame_ms,0.206,
frame_ms,0.2562,
frame_ms,0.2542,
frame_ms,0.2157,
tick_us,216.1,143
frame_ms,0.6665,
frame_ms,0.2235,
frame_ms,0.2005,
frame_ms,0.2186,
frame_ms,0.2051,
frame_ms,0.2077,
frame_ms,0.2424,
frame_ms,0.2198,
frame_ms,0.2012,
frame_ms,0.2748,
frame_ms,0.2635,
frame_ms,0.219,
frame_ms,0.2417,
frame_ms,0.2469,
frame_ms,0.2236,
frame_ms,0.2565,
frame_ms,0.2211,
frame_ms,0.2113,
frame_ms,0.2396,
frame_ms,0.2156,
frame_ms,0.2001,
frame_ms,0.2633,
frame_ms,0.2215,
frame_ms,0.1974,
frame_ms,0.2637,
frame_ms,0.219,
tick_us,232,142
frame_ms,1.1007,
frame_ms,0.2634,
frame_ms,0.2095,
frame_ms,0.2092,
frame_ms,0.2007,
frame_ms,0.2365,
frame_ms,0.2347,
frame_ms,0.2059,
frame_ms,0.2429,
frame_ms,0.2161,
frame_ms,0.2015,
frame_ms,0.2596,
frame_ms,0.2233,
frame_ms,0.1983,
frame_ms,0.2435,
frame_ms,0.2162,
frame_ms,0.4561,
frame_ms,0.217,
frame_ms,0.2049,
frame_ms,0.2428,
frame_ms,0.2166,
frame_ms,0.1981,
frame_ms,0.2679,
frame_ms,0.2226,
frame_ms,0.203,
frame_ms,0.5091,
tick_us,225.6,139
frame_ms,1.3008,
frame_ms,0.4641,
frame_ms,0.377,
frame_ms,0.3704,
frame_ms,0.3827,
frame_ms,0.2913,
frame_ms,0.2306,
frame_ms,0.2784,
frame_ms,0.4367,
frame_ms,0.2376,
frame_ms,0.2052,
frame_ms,0.2074,
frame_ms,0.212,
frame_ms,0.2183,
frame_ms,0.2026,
frame_ms,0.3005,
frame_ms,0.277,
frame_ms,0.2288,
frame_ms,0.2263,
frame_ms,0.2764,
frame_ms,0.2398,
frame_ms,0.208,
tick_us,231.2,134
frame_ms,0.6638,
frame_ms,0.233,
frame_ms,0.2229,
frame_ms,0.3021,
frame_ms,0.2437,
frame_ms,0.2382,
frame_ms,0.2309,
frame_ms,0.2406,
frame_ms,0.2274,
frame_ms,0.2263,
frame_ms,0.2787,
frame_ms,0.23,
frame_ms,0.2435,
frame_ms,0.3022,
frame_ms,0.3004,
frame_ms,0.2467,
frame_ms,0.237,
frame_ms,0.2333,
frame_ms,0.2265,
frame_ms,0.2379,
frame_ms,0.2456,
frame_ms,0.2424,
frame_ms,0.2296,
frame_ms,0.3774,
frame_ms,0.2349,
frame_ms,0.2532,
tick_us,259,136
frame_ms,0.7495,
frame_ms,0.2718,
frame_ms,0.3164,
frame_ms,0.2335,
frame_ms,0.2175,
frame_ms,0.2196,
frame_ms,0.2948,
frame_ms,0.2275,
frame_ms,0.2172,
frame_ms,0.2019,
frame_ms,0.2436,
frame_ms,0.2713,
frame_ms,0.2803,
frame_ms,0.2392,
frame_ms,0.2309,
frame_ms,0.2271,
frame_ms,0.2266,
frame_ms,0.2577,
frame_ms,0.2808,
frame_ms,0.2302,
frame_ms,0.2151,
frame_ms,0.2966,
frame_ms,0.2118,
frame_ms,0.2105,
frame_ms,0.2262,
frame_ms,0.2734,
tick_us,298.2,131
frame_ms,0.7688,
frame_ms,0.2325,
frame_ms,0.211,
frame_ms,0.2388,
frame_ms,0.2331,
frame_ms,0.2222,
frame_ms,0.2125,
frame_ms,0.3566,
frame_ms,0.2737,
frame_ms,0.2541,
frame_ms,0.3227,
frame_ms,0.2178,
frame_ms,0.2742,
frame_ms,0.2174,
frame_ms,0.2045,
frame_ms,0.2107,
frame_ms,0.2514,
frame_ms,0.2265,
frame_ms,0.212,
frame_ms,0.224,
frame_ms,0.2316,
frame_ms,0.2139,
frame_ms,0.2263,
frame_ms,0.2133,
frame_ms,0.2841,
frame_ms,0.2872,
frame_ms,0.2796,
tick_us,247.6,130
frame_ms,0.6914,
frame_ms,0.2292,
frame_ms,0.2045,
frame_ms,0.2048,
frame_ms,0.2077,
frame_ms,0.2228,
frame_ms,0.271,
frame_ms,0.2247,
frame_ms,0.2016,
frame_ms,0.2469,
frame_ms,0.2147,
frame_ms,0.2314,
frame_ms,0.245,
frame_ms,0.3208,
frame_ms,0.224,
frame_ms,0.2179,
frame_ms,0.1994,
frame_ms,0.2368,
frame_ms,0.214,
frame_ms,0.2021,
frame_ms,0.2599,
frame_ms,0.2196,
frame_ms,0.1986,
frame_ms,0.2513,
frame_ms,0.2243,
frame_ms,0.2021,
frame_ms,0.2483,
frame_ms,0.2251,
tick_us,251.5,133
frame_ms,0.7097,
frame_ms,0.2743,
frame_ms,0.2209,
frame_ms,0.2215,
frame_ms,0.2169,
frame_ms,0.2115,
frame_ms,0.2405,
frame_ms,0.2485,
frame_ms,0.2202,
frame_ms,0.219,
frame_ms,0.2406,
frame_ms,0.2193,
frame_ms,0.2013,
frame_ms,0.3237,
frame_ms,0.2991,
frame_ms,0.3372,
frame_ms,0.3809,
frame_ms,0.4139,
frame_ms,0.4176,
frame_ms,0.253,
frame_ms,0.2083,
frame_ms,0.2042,
frame_ms,0.2054,
frame_ms,0.2498,
frame_ms,0.249,
tick_us,232.3,132
frame_ms,0.7139,
frame_ms,0.2363,
frame_ms,0.2125,
frame_ms,0.2132,
frame_ms,0.2152,
frame_ms,0.2158,
frame_ms,0.2747,
frame_ms,0.2661,
frame_ms,0.2184,
frame_ms,0.2114,
frame_ms,0.232,
frame_ms,0.211,
frame_ms,0.2003,
frame_ms,0.2497,
frame_ms,0.2191,
frame_ms,0.2142,
frame_ms,0.2383,
frame_ms,0.2182,
frame_ms,0.1996,
frame_ms,0.2332,
frame_ms,0.2153,
frame_ms,0.2022,
frame_ms,0.2573,
frame_ms,0.2337,
frame_ms,0.6989,
frame_ms,0.2592,
tick_us,213.9,133
frame_ms,0.6402,
frame_ms,0.234,
frame_ms,0.211,
frame_ms,0.2111,
frame_ms,0.2143,
frame_ms,0.2338,
frame_ms,0.2562,
frame_ms,0.2137,
frame_ms,0.2289,
frame_ms,0.206,
frame_ms,0.203,
frame_ms,0.2627,
frame_ms,0.2204,
frame_ms,0.4795,
frame_ms,0.2688,
frame_ms,0.2504,
frame_ms,0.2241,
frame_ms,0.2087,
frame_ms,0.3483,
frame_ms,0.4225,
frame_ms,0.2667,
frame_ms,0.2148,
frame_ms,0.2138,
frame_ms,0.2038,
frame_ms,0.2306,
frame_ms,0.2504,
tick_us,233.9,137
frame_ms,0.686,
frame_ms,0.2261,
frame_ms,0.21,
frame_ms,0.2042,
frame_ms,0.2073,
frame_ms,0.24,
frame_ms,0.2077,
frame_ms,0.2205,
frame_ms,0.2342,
frame_ms,0.2221,
frame_ms,0.2068,
frame_ms,0.2535,
frame_ms,0.2203,
frame_ms,0.2044,
frame_ms,0.2573,
frame_ms,0.2277,
frame_ms,0.2249,
frame_ms,0.222,
frame_ms,0.2094,
frame_ms,0.8115,
frame_ms,0.3495,
frame_ms,0.3896,
frame_ms,0.3379,
frame_ms,0.3287,
tick_us,221.4,138
frame_ms,0.7496,
frame_ms,0.2411,
frame_ms,0.2069,
frame_ms,0.2261,
frame_ms,0.2165,
frame_ms,0.215,
frame_ms,0.2175,
frame_ms,0.2567,
frame_ms,0.2512,
frame_ms,0.2039,
frame_ms,0.2398,
frame_ms,0.2557,
frame_ms,0.2486,
frame_ms,0.2182,
frame_ms,0.2376,
frame_ms,0.2405,
frame_ms,0.2106,
frame_ms,0.2501,
frame_ms,0.2226,
frame_ms,0.2053,
frame_ms,0.2351,
frame_ms,0.2188,
frame_ms,0.2149,
frame_ms,0.2193,
frame_ms,0.2718,
frame_ms,0.6633,
tick_us,228.7,142
frame_ms,0.7421,
frame_ms,0.2521,
frame_ms,0.209,
frame_ms,0.2224,
frame_ms,0.2025,
frame_ms,0.2155,
frame_ms,0.2687,
frame_ms,0.2514,
frame_ms,0.2176,
frame_ms,0.2144,
frame_ms,0.251,
frame_ms,0.2461,
frame_ms,0.2166,
frame_ms,0.2141,
frame_ms,0.2525,
frame_ms,0.2601,
frame_ms,0.2161,
frame_ms,0.2338,
frame_ms,0.2257,
frame_ms,0.2064,
frame_ms,0.2473,
frame_ms,0.2198,
frame_ms,0.2048,
frame_ms,0.2525,
frame_ms,0.2194,
frame_ms,0.2012,
frame_ms,0.2593,
frame_ms,0.2191,
frame_ms,0.2293,
tick_us,222.7,145
frame_ms,0.6553,
frame_ms,0.235,
frame_ms,0.202,
frame_ms,0.2174,
frame_ms,0.2045,
frame_ms,0.2509,
frame_ms,0.2723,
frame_ms,0.2289,
frame_ms,0.2177,
frame_ms,0.2074,
frame_ms,0.2155,
frame_ms,0.2447,
frame_ms,0.2464,
frame_ms,0.2269,
frame_ms,0.2401,
frame_ms,0.2499,
frame_ms,0.2237,
frame_ms,0.2277,
frame_ms,0.3571,
frame_ms,0.316,
frame_ms,0.2452,
frame_ms,0.2183,
frame_ms,0.2168,
frame_ms,0.2127,
frame_ms,0.242,
frame_ms,0.244,
frame_ms,0.2114,
tick_us,212.5,146
frame_ms,0.6495,
frame_ms,0.2216,
frame_ms,0.2043,
frame_ms,0.3151,
frame_ms,0.4565,
frame_ms,0.2979,
frame_ms,0.2255,
frame_ms,0.3108,
frame_ms,0.2534,
frame_ms,0.2508,
frame_ms,0.2083,
frame_ms,0.2029,
frame_ms,0.2123,
frame_ms,0.2681,
frame_ms,0.2541,
frame_ms,0.2167,
frame_ms,0.2453,
frame_ms,0.22,
frame_ms,0.2096,
frame_ms,0.3257,
frame_ms,0.2734,
frame_ms,0.2258,
frame_ms,0.2094,
frame_ms,0.2132,
frame_ms,0.2076,
frame_ms,0.2746,
tick_us,216.5,142
frame_ms,0.774,
frame_ms,0.2405,
frame_ms,0.2075,
frame_ms,0.2141,
frame_ms,0.2051,
frame_ms,0.2293,
frame_ms,0.2065,
frame_ms,0.4663,
frame_ms,0.2822,
frame_ms,0.4097,
frame_ms,0.2823,
frame_ms,0.3261,
frame_ms,0.3469,
frame_ms,0.2517,
frame_ms,0.2094,
frame_ms,0.255,
frame_ms,0.3398,
frame_ms,0.2287,
frame_ms,0.2129,
frame_ms,0.2118,
frame_ms,0.208,
frame_ms,0.2449,
frame_ms,0.2263,
frame_ms,0.2015,
frame_ms,0.2876,
tick_us,228.1,145
frame_ms,0.7231,
frame_ms,0.2391,
frame_ms,0.2122,
frame_ms,0.2127,
frame_ms,0.2064,
frame_ms,0.2438,
frame_ms,0.2263,
frame_ms,0.2259,
frame_ms,0.2339,
frame_ms,0.6065,
frame_ms,0.2863,
frame_ms,0.2234,
frame_ms,0.2147,
frame_ms,0.2126,
frame_ms,0.2145,
frame_ms,0.2679,
frame_ms,0.2446,
frame_ms,0.2242,
frame_ms,0.211,
frame_ms,0.2204,
frame_ms,0.2394,
frame_ms,0.2208,
frame_ms,0.2094,
frame_ms,0.2209,
frame_ms,0.2144,
frame_ms,0.2055,
tick_us,231.5,146
frame_ms,0.7176,
frame_ms,0.2388,
frame_ms,0.2068,
frame_ms,0.2199,
frame_ms,0.215,
frame_ms,0.2088,
frame_ms,0.2302,
frame_ms,0.2086,
frame_ms,0.2005,
frame_ms,0.2531,
frame_ms,0.2288,
frame_ms,0.2092,
frame_ms,0.2172,
frame_ms,0.2685,
frame_ms,0.3441,
frame_ms,0.4466,
frame_ms,0.3662,
frame_ms,0.2663,
frame_ms,0.2132,
frame_ms,0.2149,
frame_ms,0.2148,
frame_ms,0.2074,
frame_ms,0.2451,
frame_ms,0.2711,
frame_ms,0.2243,
frame_ms,0.214,
frame_ms,0.2093,
tick_us,195.5,145
frame_ms,0.6519,
frame_ms,0.2298,
frame_ms,0.204,
frame_ms,0.2085,
frame_ms,0.2091,
frame_ms,0.2396,
frame_ms,0.2194,
frame_ms,0.2033,
frame_ms,0.2603,
frame_ms,0.2739,
frame_ms,0.2441,
frame_ms,0.2226,
frame_ms,0.2103,
frame_ms,0.2298,
frame_ms,0.2199,
frame_ms,0.2096,
frame_ms,0.2466,
frame_ms,0.3234,
frame_ms,0.4395,
frame_ms,0.2486,
frame_ms,0.2096,
frame_ms,0.2154,
frame_ms,0.209,
frame_ms,0.2023,
frame_ms,0.2689,
frame_ms,0.2539,
frame_ms,0.2141,
tick_us,199.3,149
frame_ms,0.6263,
frame_ms,0.2319,
frame_ms,0.2045,
frame_ms,0.2168,
frame_ms,0.2062,
frame_ms,0.2345,
frame_ms,0.2197,
frame_ms,0.2016,
frame_ms,0.2308,
frame_ms,0.2224,
frame_ms,0.2003,
frame_ms,0.2323,
frame_ms,0.219,
frame_ms,0.205,
frame_ms,0.2409,
frame_ms,0.2148,
frame_ms,0.2029,
frame_ms,0.2664,
frame_ms,0.2215,
frame_ms,0.2009,
frame_ms,0.2568,
frame_ms,0.2218,
frame_ms,0.2005,
frame_ms,0.2539,
frame_ms,0.2191,
frame_ms,0.2032,
frame_ms,0.2553,
frame_ms,0.2217,
frame_ms,0.198,
frame_ms,0.2608,
tick_us,186.9,150
frame_ms,0.6002,
frame_ms,0.2204,
frame_ms,0.1988,
frame_ms,0.2085,
frame_ms,0.2021,
frame_ms,0.2397,
frame_ms,0.2146,
frame_ms,0.2338,
frame_ms,0.3404,
frame_ms,0.2213,
frame_ms,0.2065,
frame_ms,0.249,
frame_ms,0.2236,
frame_ms,0.2001,
frame_ms,0.2386,
frame_ms,0.2194,
frame_ms,0.1988,
frame_ms,0.2334,
frame_ms,0.225,
frame_ms,0.2046,
frame_ms,0.2415,
frame_ms,0.2094,
frame_ms,0.2304,
frame_ms,0.6263,
frame_ms,0.4458,
frame_ms,0.2297,
tick_us,186.2,152
frame_ms,0.5748,
frame_ms,0.2162,
frame_ms,0.1988,
frame_ms,0.1971,
frame_ms,0.242,
frame_ms,0.303,
frame_ms,0.3629,
frame_ms,0.3334,
frame_ms,0.2909,
frame_ms,0.2401,
frame_ms,0.2189,
frame_ms,0.2001,
frame_ms,0.2287,
frame_ms,0.2109,
frame_ms,0.1985,
frame_ms,0.2684,
frame_ms,0.223,
frame_ms,0.2055,
frame_ms,0.2503,
frame_ms,0.253,
frame_ms,0.2559,
frame_ms,0.2591,
frame_ms,0.2218,
frame_ms,0.3325,
frame_ms,0.3613,
frame_ms,0.2695,
tick_us,187.8,147
frame_ms,0.6001,
frame_ms,0.2643,
frame_ms,0.3787,
frame_ms,0.3054,
frame_ms,0.2345,
frame_ms,0.4192,
frame_ms,0.2647,
frame_ms,0.2142,
frame_ms,0.2322,
frame_ms,0.2849,
frame_ms,0.2431,
frame_ms,0.2312,
frame_ms,0.2301,
frame_ms,0.2726,
frame_ms,0.3929,
frame_ms,0.3244,
frame_ms,0.5007,
frame_ms,0.4834,
frame_ms,0.7502,
tick_us,217,148
frame_ms,1.4762,
frame_ms,0.9753,
frame_ms,0.5449,
frame_ms,0.535,
frame_ms,0.6023,
frame_ms,0.4399,
frame_ms,0.4217,
frame_ms,0.4736,
frame_ms,0.3459,
frame_ms,0.2256,
frame_ms,0.2714,
frame_ms,0.2384,
frame_ms,0.2206,
frame_ms,0.2105,
tick_us,199,150
frame_ms,1.0217,
frame_ms,0.3213,
frame_ms,0.2558,
frame_ms,0.5781,
frame_ms,0.4248,
frame_ms,0.2266,
frame_ms,0.2245,
frame_ms,0.2694,
frame_ms,0.2993,
frame_ms,0.2698,
frame_ms,0.2715,
frame_ms,0.2193,
frame_ms,0.3836,
frame_ms,0.4136,
frame_ms,0.4475,
frame_ms,0.38,
frame_ms,0.3308,
frame_ms,0.3232,
frame_ms,0.2337,
frame_ms,0.2294,
tick_us,281.6,146
frame_ms,0.8876,
frame_ms,0.3503,
frame_ms,0.4384,
frame_ms,0.4075,
frame_ms,0.3643,
frame_ms,0.3306,
frame_ms,0.3445,
frame_ms,0.3382,
frame_ms,0.327,
frame_ms,0.3707,
frame_ms,0.3423,
frame_ms,0.3518,
frame_ms,0.2795,
frame_ms,0.2249,
frame_ms,0.2241,
frame_ms,0.2196,
frame_ms,0.2118,
frame_ms,0.3297,
frame_ms,0.2325,
frame_ms,0.2142,
frame_ms,0.2103,
tick_us,228.1,145
frame_ms,0.8815,
frame_ms,0.4229,
frame_ms,0.3979,
frame_ms,0.2983,
frame_ms,0.2654,
frame_ms,0.2815,
frame_ms,0.2927,
frame_ms,0.2168,
frame_ms,0.2058,
frame_ms,0.2299,
frame_ms,0.2209,
frame_ms,0.2025,
frame_ms,0.2534,
frame_ms,0.2234,
frame_ms,0.2103,
frame_ms,0.242,
frame_ms,0.2099,
frame_ms,0.2028,
frame_ms,0.2844,
frame_ms,0.2771,
frame_ms,0.2361,
frame_ms,0.2212,
frame_ms,0.2121,
frame_ms,0.2247,
frame_ms,0.2103,
tick_us,236,146
frame_ms,0.7532,
frame_ms,0.3397,
frame_ms,0.2339,
frame_ms,0.208,
frame_ms,0.2163,
frame_ms,0.2046,
frame_ms,0.2454,
frame_ms,0.2168,
frame_ms,0.2081,
frame_ms,1.2636,
frame_ms,0.4427,
frame_ms,0.2701,
frame_ms,0.2175,
frame_ms,0.21,
frame_ms,0.2726,
frame_ms,0.242,
frame_ms,0.2173,
frame_ms,0.21,
frame_ms,0.2343,
frame_ms,0.2429,
frame_ms,0.2109,
frame_ms,0.2141,
frame_ms,0.244,
tick_us,221.4,143
frame_ms,0.6626,
frame_ms,0.2293,
frame_ms,0.2064,
frame_ms,0.2049,
frame_ms,0.1999,
frame_ms,0.2809,
frame_ms,0.2586,
frame_ms,0.2226,
frame_ms,0.2106,
frame_ms,0.2558,
frame_ms,0.2456,
frame_ms,0.2136,
frame_ms,0.2563,
frame_ms,0.225,
frame_ms,0.2081,
frame_ms,0.2449,
frame_ms,0.2963,
frame_ms,0.2581,
frame_ms,0.2231,
frame_ms,0.2254,
frame_ms,0.1977,
frame_ms,0.2609,
frame_ms,0.2611,
frame_ms,0.2233,
frame_ms,0.2148,
frame_ms,0.2182,
frame_ms,0.2086,
tick_us,207.1,136
frame_ms,0.7042,
frame_ms,0.3278,
frame_ms,0.2337,
frame_ms,0.2051,
frame_ms,0.2201,
frame_ms,0.2133,
frame_ms,0.2163,
frame_ms,0.2597,
frame_ms,0.2078,
frame_ms,0.2009,
frame_ms,0.238,
frame_ms,0.2165,
frame_ms,0.1977,
frame_ms,0.2359,
frame_ms,0.2211,
frame_ms,0.1994,
frame_ms,0.2565,
frame_ms,0.2193,
frame_ms,0.3622,
frame_ms,0.4956,
frame_ms,0.2603,
frame_ms,0.2065,
frame_ms,0.2181,
frame_ms,0.2115,
frame_ms,0.2005,
frame_ms,0.2446,
frame_ms,0.2176,
tick_us,209.9,133
frame_ms,0.6179,
frame_ms,0.2185,
frame_ms,0.2083,
frame_ms,0.2086,
frame_ms,0.2047,
frame_ms,0.2434,
frame_ms,0.217,
frame_ms,0.202,
frame_ms,0.2461,
frame_ms,0.2195,
frame_ms,0.2491,
frame_ms,0.2365,
frame_ms,0.2134,
frame_ms,0.7664,
frame_ms,0.41,
frame_ms,0.3194,
frame_ms,0.2313,
frame_ms,0.1993,
frame_ms,0.2005,
frame_ms,0.2127,
frame_ms,0.2958,
frame_ms,0.2368,
frame_ms,0.2071,
frame_ms,0.2221,
frame_ms,0.2009,
frame_ms,0.2307,
tick_us,196.9,128
frame_ms,0.6352,
frame_ms,0.2284,
frame_ms,0.2005,
frame_ms,0.201,
frame_ms,0.217,
frame_ms,0.2049,
frame_ms,0.2577,
frame_ms,0.2262,
frame_ms,0.201,
frame_ms,0.2475,
frame_ms,0.2134,
frame_ms,0.1998,
frame_ms,0.2541,
frame_ms,0.2214,
frame_ms,0.1974,
frame_ms,0.2443,
frame_ms,0.235,
frame_ms,0.2108,
frame_ms,0.2678,
frame_ms,0.2279,
frame_ms,0.2427,
frame_ms,0.1963,
frame_ms,0.2423,
frame_ms,0.2175,
frame_ms,0.3059,
frame_ms,0.2602,
frame_ms,0.23,
frame_ms,0.2364,
frame_ms,0.2115,
tick_us,206.7,127
frame_ms,0.6211,
frame_ms,0.2297,
frame_ms,0.2034,
frame_ms,0.2041,
frame_ms,0.1959,
frame_ms,0.2646,
frame_ms,0.2615,
frame_ms,0.228,
frame_ms,0.2187,
frame_ms,0.2102,
frame_ms,0.2444,
frame_ms,0.2457,
frame_ms,0.2183,
frame_ms,0.2367,
frame_ms,0.2193,
frame_ms,0.202,
frame_ms,0.2476,
frame_ms,0.2251,
frame_ms,0.2023,
frame_ms,0.2504,
frame_ms,0.2208,
frame_ms,0.2041,
frame_ms,0.2246,
frame_ms,0.2199,
frame_ms,0.2017,
frame_ms,0.2439,
frame_ms,0.2481,
frame_ms,0.2292,
tick_us,208.5,126
frame_ms,0.7228,
frame_ms,0.2832,
frame_ms,0.2981,
frame_ms,0.212,
frame_ms,0.2073,
frame_ms,0.2012,
frame_ms,0.2407,
frame_ms,0.2155,
frame_ms,0.2058,
frame_ms,0.2547,
frame_ms,0.271,
frame_ms,0.2305,
frame_ms,0.2175,
frame_ms,0.2546,
frame_ms,0.2126,
frame_ms,0.219,
frame_ms,0.208,
frame_ms,0.2967,
frame_ms,0.3574,
frame_ms,0.2044,
frame_ms,0.2076,
frame_ms,0.2006,
frame_ms,0.2181,
frame_ms,0.2058,
frame_ms,0.2052,
frame_ms,0.2676,
frame_ms,0.4573,
tick_us,216.2,123
frame_ms,1.1305,
frame_ms,0.3279,
frame_ms,0.3995,
frame_ms,0.3051,
frame_ms,0.3408,
frame_ms,0.2516,
frame_ms,0.2116,
frame_ms,0.2144,
frame_ms,0.2087,
frame_ms,0.2082,
frame_ms,0.2432,
frame_ms,0.2307,
frame_ms,0.216,
frame_ms,0.239,
frame_ms,0.2289,
frame_ms,0.3195,
frame_ms,0.2857,
frame_ms,0.2139,
frame_ms,0.2126,
frame_ms,0.2071,
frame_ms,0.2388,
frame_ms,0.2221,
frame_ms,0.2094,
frame_ms,0.2472,
tick_us,223.7,119
frame_ms,0.7036,
frame_ms,0.4522,
frame_ms,0.5253,
frame_ms,0.2766,
frame_ms,0.2195,
frame_ms,0.2173,
frame_ms,0.2113,
frame_ms,0.2051,
frame_ms,0.2557,
frame_ms,0.2629,
frame_ms,0.2278,
frame_ms,0.215,
frame_ms,0.2104,
frame_ms,0.2419,
frame_ms,0.2253,
frame_ms,0.2097,
frame_ms,0.243,
frame_ms,0.2264,
frame_ms,0.2111,
frame_ms,0.2822,
frame_ms,0.2644,
frame_ms,0.2308,
frame_ms,0.2173,
frame_ms,0.2068,
frame_ms,0.3033,
tick_us,210.4,117
frame_ms,0.8429,
frame_ms,0.5373,
frame_ms,0.3411,
frame_ms,0.5649,
frame_ms,0.2889,
frame_ms,0.2297,
frame_ms,0.2166,
frame_ms,0.2627,
frame_ms,0.2925,
frame_ms,0.2399,
frame_ms,0.2318,
frame_ms,0.4553,
frame_ms,0.3606,
frame_ms,0.3046,
frame_ms,0.2794,
frame_ms,0.2306,
frame_ms,0.2226,
frame_ms,0.2176,
frame_ms,0.2173,
frame_ms,0.2095,
frame_ms,0.2569,
frame_ms,0.2426,
tick_us,234.1,113
frame_ms,0.6762,
frame_ms,0.2644,
frame_ms,0.2785,
frame_ms,0.2143,
frame_ms,0.2282,
frame_ms,0.2825,
frame_ms,0.2254,
frame_ms,0.2141,
frame_ms,0.211,
frame_ms,0.2451,
frame_ms,0.3535,
frame_ms,0.401,
frame_ms,0.2384,
frame_ms,0.2331,
frame_ms,0.6538,
frame_ms,0.2777,
frame_ms,0.2227,
frame_ms,0.292,
frame_ms,0.2225,
frame_ms,0.7366,
frame_ms,0.6225,
tick_us,249.5,112
frame_ms,0.9342,
frame_ms,0.5336,
frame_ms,0.5029,
frame_ms,0.5682,
frame_ms,0.347,
frame_ms,0.2503,
frame_ms,0.8366,
frame_ms,0.2865,
frame_ms,0.2247,
frame_ms,0.2998,
frame_ms,0.3165,
frame_ms,0.2324,
frame_ms,0.2195,
frame_ms,0.2618,
frame_ms,0.2485,
frame_ms,0.2277,
frame_ms,0.2096,
frame_ms,0.2868,
tick_us,239.6,109
frame_ms,0.758,
frame_ms,0.2682,
frame_ms,0.2289,
frame_ms,0.236,
frame_ms,0.2811,
frame_ms,0.2364,
frame_ms,0.2212,
frame_ms,0.2127,
frame_ms,0.3011,
frame_ms,0.4229,
frame_ms,0.354,
frame_ms,0.351,
frame_ms,0.3071,
frame_ms,0.2899,
frame_ms,0.2513,
frame_ms,0.2249,
frame_ms,0.3891,
frame_ms,0.3603,
frame_ms,0.3404,
frame_ms,0.3398,
frame_ms,0.2417,
frame_ms,0.4706,
tick_us,248.2,110
frame_ms,0.9523,
frame_ms,0.3572,
frame_ms,0.25,
frame_ms,0.2185,
frame_ms,0.2124,
frame_ms,0.2137,
frame_ms,0.2683,
frame_ms,0.2321,
frame_ms,0.3108,
frame_ms,0.3412,
frame_ms,0.409,
frame_ms,0.4632,
frame_ms,0.4229,
frame_ms,0.5352,
frame_ms,1.0346,
frame_ms,0.4368,
frame_ms,0.274,
tick_us,234.6,114
frame_ms,0.6797,
frame_ms,0.2561,
frame_ms,0.2122,
frame_ms,0.2154,
frame_ms,0.2118,
frame_ms,0.2329,
frame_ms,0.3034,
frame_ms,0.29,
frame_ms,0.2666,
frame_ms,0.3763,
frame_ms,0.3701,
frame_ms,0.3497,
frame_ms,0.3406,
frame_ms,0.3687,
frame_ms,0.3517,
frame_ms,0.3605,
frame_ms,0.309,
frame_ms,0.2603,
frame_ms,0.2292,
frame_ms,0.2242,
frame_ms,0.486,
frame_ms,0.2663,
tick_us,242.5,117
frame_ms,0.7352,
frame_ms,0.4566,
frame_ms,0.3401,
frame_ms,0.2765,
frame_ms,0.3296,
frame_ms,0.2688,
frame_ms,0.2402,
frame_ms,0.3053,
frame_ms,0.3847,
frame_ms,0.3799,
frame_ms,0.6223,
frame_ms,0.2727,
frame_ms,0.2537,
frame_ms,0.2239,
frame_ms,0.2219,
frame_ms,0.2173,
frame_ms,0.2173,
frame_ms,0.4576,
frame_ms,0.4137,
frame_ms,0.3577,
tick_us,226,116
frame_ms,1.6789,
frame_ms,0.3603,
frame_ms,0.4478,
frame_ms,0.3168,
frame_ms,0.3593,
frame_ms,0.3551,
frame_ms,0.4047,
frame_ms,0.3447,
frame_ms,0.413,
frame_ms,0.3214,
frame_ms,0.235,
frame_ms,0.3017,
frame_ms,0.2286,
frame_ms,0.2103,
frame_ms,0.2152,
frame_ms,0.2057,
frame_ms,0.2397,
frame_ms,0.2284,
tick_us,217.8,114
frame_ms,0.6475,
frame_ms,0.2256,
frame_ms,0.2066,
frame_ms,0.2554,
frame_ms,0.2334,
frame_ms,0.2252,
frame_ms,0.2132,
frame_ms,0.4182,
frame_ms,0.2875,
frame_ms,0.2315,
frame_ms,0.2372,
frame_ms,0.2443,
frame_ms,0.2296,
frame_ms,0.2126,
frame_ms,0.2119,
frame_ms,0.2205,
frame_ms,0.2059,
frame_ms,0.2596,
frame_ms,0.2715,
frame_ms,0.2265,
frame_ms,0.2238,
frame_ms,0.218,
frame_ms,0.21,
frame_ms,0.2432,
frame_ms,0.2653,
frame_ms,0.2161,
frame_ms,0.2065,
tick_us,230.2,113
frame_ms,0.6925,
frame_ms,0.2345,
frame_ms,0.2083,
frame_ms,0.2126,
frame_ms,0.7623,
frame_ms,0.3557,
frame_ms,0.3865,
frame_ms,0.4821,
frame_ms,0.4078,
frame_ms,0.2336,
frame_ms,0.2104,
frame_ms,0.2152,
frame_ms,0.2035,
frame_ms,0.2526,
frame_ms,0.2564,
frame_ms,0.2231,
frame_ms,0.2079,
frame_ms,0.2597,
frame_ms,0.2263,
frame_ms,0.2102,
frame_ms,0.2321,
frame_ms,0.2219,
frame_ms,0.2164,
tick_us,231.9,112
frame_ms,0.7056,
frame_ms,0.2794,
frame_ms,0.2296,
frame_ms,0.2189,
frame_ms,0.2183,
frame_ms,0.2113,
frame_ms,0.2951,
frame_ms,0.3635,
frame_ms,0.2109,
frame_ms,0.2263,
frame_ms,0.4445,
frame_ms,0.2477,
frame_ms,0.2069,
frame_ms,0.2108,
frame_ms,0.2076,
frame_ms,0.2435,
frame_ms,0.2321,
frame_ms,0.253,
frame_ms,0.2063,
frame_ms,0.2536,
frame_ms,0.2206,
frame_ms,0.2031,
frame_ms,0.2339,
frame_ms,0.2199,
frame_ms,0.204,
frame_ms,0.2459,
frame_ms,0.2213,
tick_us,217.8,114
frame_ms,0.6375,
frame_ms,0.2227,
frame_ms,0.2038,
frame_ms,0.2098,
frame_ms,0.2064,
frame_ms,0.3233,
frame_ms,0.5257,
frame_ms,0.2756,
frame_ms,0.2233,
frame_ms,0.3568,
frame_ms,0.3626,
frame_ms,0.3862,
frame_ms,0.3976,
frame_ms,0.2956,
frame_ms,0.236,
frame_ms,0.2149,
frame_ms,0.208,
frame_ms,0.3909,
frame_ms,0.2884,
frame_ms,0.25,
frame_ms,0.2332,
frame_ms,0.2336,
frame_ms,0.2355,
tick_us,248.4,117
frame_ms,0.7263,
frame_ms,0.2768,
frame_ms,0.218,
frame_ms,0.2153,
frame_ms,0.2092,
frame_ms,0.2502,
frame_ms,0.2894,
frame_ms,0.2445,
frame_ms,0.2397,
frame_ms,0.3515,
frame_ms,0.268,
frame_ms,0.3906,
frame_ms,0.2178,
frame_ms,0.2102,
frame_ms,0.2056,
frame_ms,0.204,
frame_ms,0.2418,
frame_ms,0.2229,
frame_ms,0.2091,
frame_ms,0.2474,
frame_ms,0.2256,
frame_ms,0.2069,
frame_ms,0.2538,
frame_ms,0.2185,
frame_ms,0.2014,
frame_ms,0.2531,
frame_ms,0.2473,
tick_us,222.1,117
frame_ms,0.6639,
frame_ms,0.232,
frame_ms,0.2247,
frame_ms,0.2093,
frame_ms,0.2008,
frame_ms,0.224,
frame_ms,0.2383,
frame_ms,0.223,
frame_ms,0.2056,
frame_ms,0.2572,
frame_ms,0.2201,
frame_ms,0.1996,
frame_ms,0.3977,
frame_ms,0.3354,
frame_ms,0.2135,
frame_ms,0.209,
frame_ms,0.2122,
frame_ms,0.2138,
frame_ms,0.3316,
frame_ms,0.2843,
frame_ms,0.225,
frame_ms,0.2168,
frame_ms,0.2122,
frame_ms,0.2221,
frame_ms,0.2277,
frame_ms,0.2104,
frame_ms,0.2136,
tick_us,221.2,119
frame_ms,0.6889,
frame_ms,0.2612,
frame_ms,0.2169,
frame_ms,0.2142,
frame_ms,0.2396,
frame_ms,0.2149,
frame_ms,0.2213,
frame_ms,0.2059,
frame_ms,0.2656,
frame_ms,0.2253,
frame_ms,0.2067,
frame_ms,0.2464,
frame_ms,0.2254,
frame_ms,0.2031,
frame_ms,0.3732,
frame_ms,0.3108,
frame_ms,0.2027,
frame_ms,0.235,
frame_ms,0.2158,
frame_ms,0.2309,
frame_ms,0.215,
frame_ms,0.2012,
frame_ms,0.2409,
frame_ms,0.2166,
frame_ms,0.2007,
frame_ms,0.2597,
frame_ms,0.2247,
frame_ms,0.1996,
tick_us,222.3,119
frame_ms,0.7012,
frame_ms,0.238,
frame_ms,0.2026,
frame_ms,0.2069,
frame_ms,0.2031,
frame_ms,0.2439,
frame_ms,0.2163,
frame_ms,0.2015,
frame_ms,0.263,
frame_ms,0.2327,
frame_ms,0.208,
frame_ms,0.2822,
frame_ms,0.2403,
frame_ms,0.2168,
frame_ms,0.2052,
frame_ms,0.2579,
frame_ms,0.2178,
frame_ms,0.336,
frame_ms,0.2879,
frame_ms,0.2127,
frame_ms,0.201,
frame_ms,0.2381,
frame_ms,0.2385,
frame_ms,0.2129,
frame_ms,0.2513,
frame_ms,0.216,
frame_ms,0.2017,
tick_us,225.8,123
frame_ms,0.8249,
frame_ms,0.4329,
frame_ms,0.367,
frame_ms,0.2854,
frame_ms,0.2474,
frame_ms,0.2101,
frame_ms,0.2152,
frame_ms,0.2099,
frame_ms,0.2066,
frame_ms,0.2478,
frame_ms,0.651,
frame_ms,0.2258,
frame_ms,0.2275,
frame_ms,0.3494,
frame_ms,0.3,
frame_ms,0.205,
frame_ms,0.2056,
frame_ms,0.1998,
frame_ms,0.2401,
frame_ms,0.2206,
frame_ms,0.2033,
frame_ms,0.2663,
frame_ms,0.2617,
frame_ms,0.2205,
frame_ms,0.2106,
tick_us,229.3,125
frame_ms,0.6902,
frame_ms,0.2634,
frame_ms,0.2131,
frame_ms,0.2128,
frame_ms,0.2255,
frame_ms,0.2166,
frame_ms,0.2514,
frame_ms,0.2252,
frame_ms,0.2301,
frame_ms,0.2037,
frame_ms,0.247,
frame_ms,0.2143,
frame_ms,0.2006,
frame_ms,0.2437,
frame_ms,0.222,
frame_ms,0.202,
frame_ms,0.2526,
frame_ms,0.4114,
frame_ms,0.2963,
frame_ms,0.2545,
frame_ms,0.2185,
frame_ms,0.2757,
frame_ms,0.2516,
frame_ms,0.315,
frame_ms,0.2582,
frame_ms,0.2329,
tick_us,226.8,123
frame_ms,0.7384,
frame_ms,0.4303,
frame_ms,0.3589,
frame_ms,0.2828,
frame_ms,0.2571,
frame_ms,0.4449,
frame_ms,0.5924,
frame_ms,0.4171,
frame_ms,0.3069,
frame_ms,0.2592,
frame_ms,0.2138,
frame_ms,0.2205,
frame_ms,0.3141,
frame_ms,0.3739,
frame_ms,0.3134,
frame_ms,0.3583,
frame_ms,0.2564,
frame_ms,0.218,
frame_ms,0.2122,
frame_ms,0.2087,
frame_ms,0.2546,
tick_us,228.4,121
frame_ms,0.7115,
frame_ms,0.2464,
frame_ms,0.2158,
frame_ms,0.215,
frame_ms,0.2064,
frame_ms,0.2395,
frame_ms,0.223,
frame_ms,0.2149,
frame_ms,0.2393,
frame_ms,0.2249,
frame_ms,0.213,
frame_ms,0.2318,
frame_ms,0.2637,
frame_ms,0.2234,
frame_ms,0.2066,
frame_ms,0.3007,
frame_ms,0.2827,
frame_ms,0.2281,
frame_ms,0.2418,
frame_ms,0.459,
frame_ms,0.2661,
frame_ms,0.2111,
frame_ms,0.2147,
frame_ms,0.2063,
frame_ms,0.2076,
frame_ms,0.2429,
frame_ms,0.2194,
tick_us,223.7,125
frame_ms,0.6534,
frame_ms,0.234,
frame_ms,0.2046,
frame_ms,0.2369,
frame_ms,0.2505,
frame_ms,0.2157,
frame_ms,0.2042,
frame_ms,0.2423,
frame_ms,0.2525,
frame_ms,0.261,
frame_ms,0.224,
frame_ms,0.2175,
frame_ms,0.2727,
frame_ms,0.301,
frame_ms,0.2384,
frame_ms,0.2168,
frame_ms,0.2101,
frame_ms,0.2179,
frame_ms,0.2416,
frame_ms,0.2216,
frame_ms,0.2292,
frame_ms,0.5544,
frame_ms,0.2198,
frame_ms,0.2073,
frame_ms,0.2743,
frame_ms,0.237,
tick_us,211.5,128
frame_ms,0.6547,
frame_ms,0.2345,
frame_ms,0.2162,
frame_ms,0.2354,
frame_ms,0.2356,
frame_ms,0.2151,
frame_ms,0.2046,
frame_ms,0.2371,
frame_ms,0.2167,
frame_ms,0.2024,
frame_ms,0.237,
frame_ms,0.2315,
frame_ms,0.2092,
frame_ms,0.2291,
frame_ms,0.2616,
frame_ms,0.2271,
frame_ms,0.2213,
frame_ms,0.209,
frame_ms,0.2497,
frame_ms,0.2414,
frame_ms,0.211,
frame_ms,0.2557,
frame_ms,0.2236,
frame_ms,0.2092,
frame_ms,0.3572,
frame_ms,0.3586,
frame_ms,0.2353,
frame_ms,0.2096,
tick_us,197.9,131
frame_ms,0.6204,
frame_ms,0.2362,
frame_ms,0.2041,
frame_ms,0.2176,
frame_ms,0.2071,
frame_ms,0.2406,
frame_ms,0.2221,
frame_ms,0.2075,
frame_ms,0.2443,
frame_ms,0.2214,
frame_ms,0.2102,
frame_ms,0.232,
frame_ms,0.2221,
frame_ms,0.205,
frame_ms,0.2536,
frame_ms,0.2223,
frame_ms,0.2221,
frame_ms,0.2043,
frame_ms,0.3254,
frame_ms,0.269,
frame_ms,0.2524,
frame_ms,0.2725,
frame_ms,0.3246,
frame_ms,0.3577,
frame_ms,0.2285,
frame_ms,0.2097,
frame_ms,0.2072,
tick_us,214.2,129
frame_ms,0.649,
frame_ms,0.2617,
frame_ms,0.2148,
frame_ms,0.2109,
frame_ms,0.2125,
frame_ms,0.2518,
frame_ms,0.2402,
frame_ms,0.2124,
frame_ms,0.206,
frame_ms,0.2423,
frame_ms,0.2211,
frame_ms,0.203,
frame_ms,0.2555,
frame_ms,0.2257,
frame_ms,0.206,
frame_ms,0.2441,
frame_ms,0.2243,
frame_ms,0.2065,
frame_ms,0.2315,
frame_ms,0.222,
frame_ms,0.2014,
frame_ms,0.256,
frame_ms,0.4038,
frame_ms,0.3023,
frame_ms,0.3682,
frame_ms,0.2145,
frame_ms,0.2099,
frame_ms,0.2004,
tick_us,213.7,127
frame_ms,0.6326,
frame_ms,0.2195,
frame_ms,0.2114,
frame_ms,0.2161,
frame_ms,0.203,
frame_ms,0.234,
frame_ms,0.2428,
frame_ms,0.209,
frame_ms,0.2461,
frame_ms,0.2393,
frame_ms,0.2052,
frame_ms,0.2643,
frame_ms,0.3188,
frame_ms,0.3631,
frame_ms,0.3335,
frame_ms,0.3415,
frame_ms,0.33,
frame_ms,0.3885,
frame_ms,0.277,
frame_ms,0.2259,
frame_ms,0.2579,
frame_ms,0.7977,
tick_us,209.9,128
frame_ms,0.6908,
frame_ms,0.2371,
frame_ms,0.2869,
frame_ms,0.2097,
frame_ms,0.204,
frame_ms,0.2135,
frame_ms,0.2073,
frame_ms,0.2641,
frame_ms,0.2279,
frame_ms,0.2077,
frame_ms,0.2499,
frame_ms,0.2175,
frame_ms,0.2016,
frame_ms,0.2561,
frame_ms,0.2249,
frame_ms,0.214,
frame_ms,0.224,
frame_ms,0.2182,
frame_ms,0.2054,
frame_ms,0.2458,
frame_ms,0.2114,
frame_ms,0.2002,
frame_ms,0.2794,
frame_ms,0.2712,
frame_ms,0.2299,
frame_ms,0.2211,
frame_ms,0.2165,
frame_ms,0.3056,
tick_us,190.7,131
frame_ms,0.8172,
frame_ms,0.2615,
frame_ms,0.208,
frame_ms,0.2176,
frame_ms,0.205,
frame_ms,0.2108,
frame_ms,0.238,
frame_ms,0.2538,
frame_ms,0.252,
frame_ms,0.2276,
frame_ms,0.2132,
frame_ms,0.2348,
frame_ms,0.2205,
frame_ms,0.2118,
frame_ms,0.2389,
frame_ms,0.2436,
frame_ms,0.2119,
frame_ms,0.2305,
frame_ms,0.2202,
frame_ms,0.2011,
frame_ms,0.2299,
frame_ms,0.2336,
frame_ms,0.211,
frame_ms,0.2267,
frame_ms,0.3423,
frame_ms,0.3657,
frame_ms,0.3428,
tick_us,220,131
frame_ms,0.9292,
frame_ms,0.3802,
frame_ms,0.2473,
frame_ms,0.2068,
frame_ms,0.2159,
frame_ms,0.2118,
frame_ms,0.2752,
frame_ms,0.3774,
frame_ms,0.3774,
frame_ms,0.3429,
frame_ms,0.3475,
frame_ms,0.3287,
frame_ms,0.328,
frame_ms,0.3427,
frame_ms,0.2413,
frame_ms,0.2109,
frame_ms,0.2112,
frame_ms,0.2092,
frame_ms,0.2373,
frame_ms,0.2494,
frame_ms,0.2135,
frame_ms,0.2388,
frame_ms,0.2232,
tick_us,193.3,129
frame_ms,0.6157,
frame_ms,0.2279,
frame_ms,0.2032,
frame_ms,0.2122,
frame_ms,0.2087,
frame_ms,0.2389,
frame_ms,0.2259,
frame_ms,0.2095,
frame_ms,0.2516,
frame_ms,0.221,
frame_ms,0.2058,
frame_ms,0.2335,
frame_ms,0.2263,
frame_ms,0.2085,
frame_ms,0.2397,
frame_ms,0.2358,
frame_ms,0.2132,
frame_ms,0.2253,
frame_ms,0.2038,
frame_ms,0.2449,
frame_ms,0.229,
frame_ms,0.2268,
frame_ms,0.2039,
frame_ms,0.2451,
frame_ms,0.2087,
frame_ms,0.2329,
frame_ms,0.2185,
frame_ms,0.2363,
frame_ms,0.2099,
tick_us,192.3,129
frame_ms,0.6877,
frame_ms,0.3233,
frame_ms,0.2237,
frame_ms,0.2175,
frame_ms,0.2144,
frame_ms,0.2082,
frame_ms,0.2978,
frame_ms,0.2866,
frame_ms,0.2462,
frame_ms,0.2342,
frame_ms,0.2182,
frame_ms,0.2169,
frame_ms,0.2062,
frame_ms,0.2415,
frame_ms,0.2287,
frame_ms,0.2094,
frame_ms,0.2368,
frame_ms,0.2263,
frame_ms,0.2103,
frame_ms,0.2269,
frame_ms,0.216,
frame_ms,0.212,
frame_ms,0.2408,
frame_ms,0.2134,
frame_ms,0.2098,
frame_ms,0.2376,
frame_ms,0.2189,
frame_ms,0.2275,
frame_ms,0.2023,
tick_us,206.5,132
frame_ms,0.6905,
frame_ms,0.2458,
frame_ms,0.2102,
frame_ms,0.2121,
frame_ms,0.2088,
frame_ms,0.2151,
frame_ms,0.2648,
frame_ms,0.2282,
frame_ms,0.2066,
frame_ms,0.2413,
frame_ms,0.2215,
frame_ms,0.2313,
frame_ms,0.2054,
frame_ms,0.2461,
frame_ms,0.2269,
frame_ms,0.2064,
frame_ms,0.2371,
frame_ms,0.2245,
frame_ms,0.2113,
frame_ms,0.2256,
frame_ms,0.2043,
frame_ms,0.2092,
frame_ms,0.4133,
frame_ms,0.3648,
frame_ms,0.3572,
frame_ms,0.3753,
tick_us,229.1,138
frame_ms,0.7735,
frame_ms,0.2922,
frame_ms,0.2375,
frame_ms,0.2076,
frame_ms,0.2077,
frame_ms,0.209,
frame_ms,0.2365,
frame_ms,0.2236,
frame_ms,0.2264,
frame_ms,0.2056,
frame_ms,0.2466,
frame_ms,0.2292,
frame_ms,0.2136,
frame_ms,0.2407,
frame_ms,0.3202,
frame_ms,0.2866,
frame_ms,0.2333,
frame_ms,0.2204,
frame_ms,0.2388,
frame_ms,0.2069,
frame_ms,0.2482,
frame_ms,0.2832,
frame_ms,0.2356,
frame_ms,0.2169,
frame_ms,0.2135,
frame_ms,0.2309,
frame_ms,0.2149,
tick_us,199.7,143
frame_ms,0.6276,
frame_ms,0.2281,
frame_ms,0.2796,
frame_ms,0.4785,
frame_ms,0.267,
frame_ms,0.2147,
frame_ms,0.2251,
frame_ms,0.2076,
frame_ms,0.2154,
frame_ms,0.2437,
frame_ms,0.228,
frame_ms,0.2084,
frame_ms,0.2639,
frame_ms,0.3132,
frame_ms,0.2219,
frame_ms,0.2185,
frame_ms,0.2083,
frame_ms,0.2065,
frame_ms,0.2555,
frame_ms,0.2709,
frame_ms,0.2288,
frame_ms,0.2473,
frame_ms,0.2203,
frame_ms,0.2163,
tick_us,205.6,136
frame_ms,1.6371,
frame_ms,0.2472,
frame_ms,0.2173,
frame_ms,0.2146,
frame_ms,0.2289,
frame_ms,0.2802,
frame_ms,0.2413,
frame_ms,0.2223,
frame_ms,0.2311,
frame_ms,0.2577,
frame_ms,0.2352,
frame_ms,0.2159,
frame_ms,0.2433,
frame_ms,0.2421,
frame_ms,0.2114,
frame_ms,0.2299,
frame_ms,0.2098,
frame_ms,0.2198,
frame_ms,0.2095,
frame_ms,0.602,
frame_ms,0.2552,
frame_ms,0.2095,
frame_ms,0.2119,
frame_ms,0.2113,
frame_ms,0.2326,
tick_us,206.3,138
frame_ms,0.645,
frame_ms,0.2321,
frame_ms,0.2083,
frame_ms,0.2138,
frame_ms,0.2053,
frame_ms,0.2229,
frame_ms,0.2106,
frame_ms,0.2751,
frame_ms,0.23,
frame_ms,0.2087,
frame_ms,0.2401,
frame_ms,0.2238,
frame_ms,0.2067,
frame_ms,0.225,
frame_ms,0.2032,
frame_ms,0.2087,
frame_ms,0.236,
frame_ms,0.2268,
frame_ms,0.2129,
frame_ms,0.2401,
frame_ms,0.2171,
frame_ms,0.2056,
frame_ms,0.2276,
frame_ms,0.2326,
frame_ms,0.2257,
frame_ms,0.2117,
frame_ms,0.235,
frame_ms,0.2234,
frame_ms,0.229,
frame_ms,0.2059,
tick_us,185.1,136
frame_ms,0.646,
frame_ms,0.2478,
frame_ms,0.208,
frame_ms,0.2118,
frame_ms,0.2106,
frame_ms,0.2352,
frame_ms,0.2235,
frame_ms,0.228,
frame_ms,0.2035,
frame_ms,0.2752,
frame_ms,0.2279,
frame_ms,0.2047,
frame_ms,0.2412,
frame_ms,0.2261,
frame_ms,0.2108,
frame_ms,0.2348,
frame_ms,0.3424,
frame_ms,0.3679,
frame_ms,0.2528,
frame_ms,0.2087,
frame_ms,0.2082,
frame_ms,0.2111,
frame_ms,0.3167,
frame_ms,0.2249,
frame_ms,0.2158,
frame_ms,0.2453,
frame_ms,0.4245,
tick_us,210.8,134
frame_ms,0.8299,
frame_ms,0.2765,
frame_ms,0.2176,
frame_ms,0.2128,
frame_ms,0.2067,
frame_ms,0.2064,
frame_ms,0.2615,
frame_ms,0.2884,
frame_ms,0.2544,
frame_ms,0.3846,
frame_ms,0.2894,
frame_ms,0.2496,
frame_ms,0.2287,
frame_ms,0.2308,
frame_ms,0.2349,
frame_ms,0.2344,
frame_ms,0.2722,
frame_ms,0.2543,
frame_ms,0.2281,
frame_ms,0.2169,
frame_ms,0.2094,
frame_ms,0.2067,
frame_ms,0.2416,
frame_ms,0.2211,
frame_ms,0.2072,
tick_us,193.8,134
frame_ms,0.6544,
frame_ms,0.249,
frame_ms,0.2093,
frame_ms,0.2163,
frame_ms,0.2104,
frame_ms,0.2051,
frame_ms,0.2666,
frame_ms,0.2259,
frame_ms,0.229,
frame_ms,0.2081,
frame_ms,0.2415,
frame_ms,0.2229,
frame_ms,0.2098,
frame_ms,0.2523,
frame_ms,0.2201,
frame_ms,0.2061,
frame_ms,0.2444,
frame_ms,0.2285,
frame_ms,0.2206,
frame_ms,0.2036,
frame_ms,0.2821,
frame_ms,0.2266,
frame_ms,0.2081,
frame_ms,0.2564,
frame_ms,0.2179,
frame_ms,0.2153,
frame_ms,0.2481,
frame_ms,0.2326,
frame_ms,0.2144,
tick_us,187.2,134
frame_ms,0.6296,
frame_ms,0.2314,
frame_ms,0.2049,
frame_ms,0.2134,
frame_ms,0.2272,
frame_ms,0.2129,
frame_ms,0.2013,
frame_ms,0.2609,
frame_ms,0.2222,
frame_ms,0.3299,
frame_ms,0.2461,
frame_ms,0.2326,
frame_ms,0.2286,
frame_ms,0.1999,
frame_ms,0.2366,
frame_ms,0.22,
frame_ms,0.2079,
frame_ms,0.233,
frame_ms,0.2169,
frame_ms,0.2001,
frame_ms,0.2627,
frame_ms,0.2258,
frame_ms,0.2071,
frame_ms,0.2428,
frame_ms,0.2346,
frame_ms,0.2093,
frame_ms,0.2476,
frame_ms,0.2297,
frame_ms,0.2065,
tick_us,186.6,136
frame_ms,0.6078,
frame_ms,0.2239,
frame_ms,0.2037,
frame_ms,0.2058,
frame_ms,0.2024,
frame_ms,0.2403,
frame_ms,0.2192,
frame_ms,0.2023,
frame_ms,0.2595,
frame_ms,0.2189,
frame_ms,0.2105,
frame_ms,0.2196,
frame_ms,0.2083,
frame_ms,0.198,
frame_ms,0.2784,
frame_ms,0.228,
frame_ms,0.2038,
frame_ms,0.2482,
frame_ms,0.2165,
frame_ms,0.2007,
frame_ms,0.265,
frame_ms,0.2198,
frame_ms,0.2218,
frame_ms,0.2036,
frame_ms,0.2561,
frame_ms,0.228,
frame_ms,0.2027,
frame_ms,0.2264,
frame_ms,0.2197,
tick_us,185.4,136
frame_ms,0.5883,
frame_ms,0.2252,
frame_ms,0.1985,
frame_ms,0.2048,
frame_ms,0.2183,
frame_ms,0.216,
frame_ms,0.2073,
frame_ms,0.3514,
frame_ms,0.3926,
frame_ms,0.3393,
frame_ms,0.332,
frame_ms,0.3499,
frame_ms,0.2614,
frame_ms,0.2118,
frame_ms,0.2121,
frame_ms,0.2058,
frame_ms,0.2745,
frame_ms,0.2382,
frame_ms,0.2254,
frame_ms,0.2201,
frame_ms,0.2653,
frame_ms,0.2268,
frame_ms,0.2078,
frame_ms,0.2332,
frame_ms,0.231,
frame_ms,0.2149,
frame_ms,0.2441,
tick_us,184.3,140
frame_ms,0.5926,
frame_ms,0.2272,
frame_ms,0.2012,
frame_ms,0.2228,
frame_ms,0.2025,
frame_ms,0.2595,
frame_ms,0.2226,
frame_ms,0.2146,
frame_ms,0.2553,
frame_ms,0.2257,
frame_ms,0.2136,
frame_ms,0.22,
frame_ms,0.2134,
frame_ms,0.2026,
frame_ms,0.3397,
frame_ms,0.2297,
frame_ms,0.2068,
frame_ms,0.2508,
frame_ms,0.222,
frame_ms,0.2138,
frame_ms,0.2367,
frame_ms,0.2317,
frame_ms,0.2109,
frame_ms,0.2347,
frame_ms,0.2141,
frame_ms,0.2027,
frame_ms,0.2756,
frame_ms,0.2262,
tick_us,215.8,140
frame_ms,0.6339,
frame_ms,0.224,
frame_ms,0.2017,
frame_ms,0.1992,
frame_ms,0.2033,
frame_ms,0.2278,
frame_ms,0.2542,
frame_ms,0.2184,
frame_ms,0.2062,
frame_ms,0.2308,
frame_ms,0.2782,
frame_ms,0.2185,
frame_ms,0.2037,
frame_ms,0.2466,
frame_ms,0.2192,
frame_ms,0.1986,
frame_ms,0.2587,
frame_ms,0.215,
frame_ms,0.1989,
frame_ms,0.2643,
frame_ms,0.2276,
frame_ms,0.207,
frame_ms,0.2722,
frame_ms,0.2394,
frame_ms,0.2718,
frame_ms,0.2838,
frame_ms,0.2409,
frame_ms,0.218,
frame_ms,0.215,
tick_us,211,139
frame_ms,0.6669,
frame_ms,0.2608,
frame_ms,0.2151,
frame_ms,0.2082,
frame_ms,0.2014,
frame_ms,0.2332,
frame_ms,0.2218,
frame_ms,0.2129,
frame_ms,0.2284,
frame_ms,0.2052,
frame_ms,0.2281,
frame_ms,0.3451,
frame_ms,0.371,
frame_ms,0.3718,
frame_ms,0.3438,
frame_ms,0.3316,
frame_ms,0.3336,
frame_ms,0.2366,
frame_ms,0.2091,
frame_ms,0.2092,
frame_ms,0.2025,
frame_ms,0.2471,
frame_ms,0.226,
frame_ms,0.2087,
frame_ms,0.2294,
frame_ms,0.2087,
tick_us,209.9,139
frame_ms,0.6172,
frame_ms,0.2324,
frame_ms,0.2038,
frame_ms,0.2198,
frame_ms,0.2074,
frame_ms,0.232,
frame_ms,0.4888,
frame_ms,0.3833,
frame_ms,0.3556,
frame_ms,0.5369,
frame_ms,0.2706,
frame_ms,0.2899,
frame_ms,0.2567,
frame_ms,0.2253,
frame_ms,0.2243,
frame_ms,0.2194,
frame_ms,0.2224,
frame_ms,0.2632,
frame_ms,0.2327,
frame_ms,0.2142,
frame_ms,0.2631,
frame_ms,0.2794,
frame_ms,0.2323,
frame_ms,0.2238,
tick_us,290.8,138
frame_ms,1.1989,
frame_ms,0.335,
frame_ms,0.2293,
frame_ms,0.213,
frame_ms,0.2114,
frame_ms,0.2094,
frame_ms,0.3263,
frame_ms,0.2825,
frame_ms,0.2304,
frame_ms,0.2197,
frame_ms,0.2113,
frame_ms,0.235,
frame_ms,0.2352,
frame_ms,0.2126,
frame_ms,0.2932,
frame_ms,0.2612,
frame_ms,0.2352,
frame_ms,0.222,
frame_ms,0.2123,
frame_ms,0.2261,
frame_ms,0.2462,
frame_ms,0.3076,
frame_ms,0.27,
frame_ms,0.2348,
tick_us,213.8,144
frame_ms,0.6608,
frame_ms,0.2408,
frame_ms,0.2207,
frame_ms,0.2253,
frame_ms,0.2174,
frame_ms,0.2262,
frame_ms,0.228,
frame_ms,0.2172,
frame_ms,0.2077,
frame_ms,0.2611,
frame_ms,0.2209,
frame_ms,0.2278,
frame_ms,0.2338,
frame_ms,0.2242,
frame_ms,0.2088,
frame_ms,0.2499,
frame_ms,0.2233,
frame_ms,0.224,
frame_ms,0.2047,
frame_ms,0.2443,
frame_ms,0.2257,
frame_ms,0.2186,
frame_ms,0.2371,
frame_ms,0.2715,
frame_ms,0.2426,
frame_ms,0.2527,
frame_ms,0.216,
frame_ms,0.2137,
frame_ms,0.2526,
tick_us,208.5,145
frame_ms,0.6796,
frame_ms,0.2352,
frame_ms,0.2094,
frame_ms,0.2161,
frame_ms,0.3933,
frame_ms,0.3997,
frame_ms,0.3622,
frame_ms,0.3207,
frame_ms,0.2532,
frame_ms,0.2401,
frame_ms,0.235,
frame_ms,0.2395,
frame_ms,0.2351,
frame_ms,0.2408,
frame_ms,0.2473,
frame_ms,0.2373,
frame_ms,0.2313,
frame_ms,0.2263,
frame_ms,0.2265,
frame_ms,0.2874,
frame_ms,0.2764,
frame_ms,0.2282,
frame_ms,0.2261,
frame_ms,0.2977,
tick_us,212,144
frame_ms,0.6989,
frame_ms,0.2528,
frame_ms,0.232,
frame_ms,0.2271,
frame_ms,0.2661,
frame_ms,0.2612,
frame_ms,0.2397,
frame_ms,0.2224,
frame_ms,0.2173,
frame_ms,0.2451,
frame_ms,0.2218,
frame_ms,0.2304,
frame_ms,0.2157,
frame_ms,0.2713,
frame_ms,0.2435,
frame_ms,0.2138,
frame_ms,0.2682,
frame_ms,0.2683,
frame_ms,0.225,
frame_ms,0.2115,
frame_ms,0.2094,
frame_ms,0.2646,
frame_ms,0.2903,
frame_ms,0.2453,
frame_ms,0.2235,
frame_ms,0.2207,
tick_us,232.5,138
frame_ms,1.0079,
frame_ms,0.3548,
frame_ms,0.2795,
frame_ms,0.2327,
frame_ms,0.228,
frame_ms,0.2295,
frame_ms,0.2308,
frame_ms,0.2242,
frame_ms,0.2428,
frame_ms,0.2324,
frame_ms,0.2642,
frame_ms,0.6498,
frame_ms,0.4259,
frame_ms,0.37,
frame_ms,0.384,
frame_ms,0.2818,
frame_ms,0.2704,
frame_ms,0.2452,
frame_ms,0.2154,
frame_ms,0.2344,
frame_ms,0.2181,
frame_ms,0.2212,
frame_ms,0.2396,
tick_us,240.2,139
frame_ms,0.7132,
frame_ms,0.2387,
frame_ms,0.2125,
frame_ms,0.2666,
frame_ms,0.2255,
frame_ms,0.2281,
frame_ms,0.311,
frame_ms,0.2358,
frame_ms,0.2787,
frame_ms,0.245,
frame_ms,0.2244,
frame_ms,0.2417,
frame_ms,0.235,
frame_ms,0.2182,
frame_ms,0.2342,
frame_ms,0.2387,
frame_ms,0.2163,
frame_ms,0.2201,
frame_ms,0.2976,
frame_ms,0.2593,
frame_ms,0.2288,
frame_ms,0.338,
frame_ms,0.324,
frame_ms,0.2825,
frame_ms,0.2813,
frame_ms,0.2301,
tick_us,254.2,143
frame_ms,0.7097,
frame_ms,0.2811,
frame_ms,0.2374,
frame_ms,0.2667,
frame_ms,0.8963,
frame_ms,0.235,
frame_ms,0.2348,
frame_ms,0.2242,
frame_ms,0.2308,
frame_ms,0.2241,
frame_ms,0.2514,
frame_ms,0.2287,
frame_ms,0.2063,
frame_ms,0.3292,
frame_ms,0.2736,
frame_ms,0.2258,
frame_ms,0.2136,
frame_ms,0.2045,
frame_ms,0.2386,
frame_ms,0.2305,
frame_ms,0.2341,
frame_ms,0.2094,
frame_ms,0.235,
frame_ms,0.2131,
tick_us,245.5,145
frame_ms,0.8034,
frame_ms,0.2713,
frame_ms,0.236,
frame_ms,0.236,
frame_ms,0.2664,
frame_ms,0.2506,
frame_ms,0.2373,
frame_ms,0.2217,
frame_ms,0.2159,
frame_ms,0.2038,
frame_ms,0.2398,
frame_ms,0.2273,
frame_ms,0.2076,
frame_ms,0.239,
frame_ms,0.2343,
frame_ms,0.2047,
frame_ms,0.253,
frame_ms,0.2245,
frame_ms,0.209,
frame_ms,0.2364,
frame_ms,0.2292,
frame_ms,0.2054,
frame_ms,0.243,
frame_ms,0.2067,
frame_ms,0.2401,
frame_ms,0.2084,
frame_ms,0.2361,
frame_ms,0.208,
tick_us,225.4,147
frame_ms,0.6813,
frame_ms,0.2387,
frame_ms,0.2041,
frame_ms,0.2378,
frame_ms,0.2252,
frame_ms,0.211,
frame_ms,0.2087,
frame_ms,0.248,
frame_ms,0.2294,
frame_ms,0.2061,
frame_ms,0.2389,
frame_ms,0.2188,
frame_ms,0.21,
frame_ms,0.2471,
frame_ms,0.2844,
frame_ms,0.2958,
frame_ms,0.2249,
frame_ms,0.2107,
frame_ms,0.204,
frame_ms,0.2351,
frame_ms,0.2818,
frame_ms,0.2435,
frame_ms,0.2331,
frame_ms,0.4934,
frame_ms,0.6435,
tick_us,207.3,144
frame_ms,0.6524,
frame_ms,0.2325,
frame_ms,0.2064,
frame_ms,0.2376,
frame_ms,0.2142,
frame_ms,0.2081,
frame_ms,0.2651,
frame_ms,0.3269,
frame_ms,0.2404,
frame_ms,0.2977,
frame_ms,0.2536,
frame_ms,0.23,
frame_ms,0.2258,
frame_ms,0.2188,
frame_ms,0.2401,
frame_ms,0.218,
frame_ms,0.2616,
frame_ms,0.2378,
frame_ms,0.21,
frame_ms,0.2388,
frame_ms,0.2099,
frame_ms,0.2324,
frame_ms,0.2238,
frame_ms,0.3076,
frame_ms,0.385,
frame_ms,0.28,
tick_us,223.8,140
frame_ms,0.6832,
frame_ms,0.269,
frame_ms,0.2772,
frame_ms,0.2152,
frame_ms,0.2147,
frame_ms,0.2101,
frame_ms,0.2397,
frame_ms,0.2142,
frame_ms,0.2191,
frame_ms,0.1961,
frame_ms,0.232,
frame_ms,0.2482,
frame_ms,0.275,
frame_ms,0.2426,
frame_ms,0.2476,
frame_ms,0.2438,
frame_ms,0.2254,
frame_ms,0.2437,
frame_ms,0.2148,
frame_ms,1.2315,
frame_ms,0.3178,
frame_ms,0.2075,
frame_ms,0.2121,
frame_ms,0.2037,
tick_us,224.6,139
frame_ms,0.7654,
frame_ms,0.2717,
frame_ms,0.2243,
frame_ms,0.2916,
frame_ms,0.2802,
frame_ms,0.2413,
frame_ms,0.2321,
frame_ms,0.224,
frame_ms,0.2139,
frame_ms,0.2026,
frame_ms,0.2753,
frame_ms,0.2214,
frame_ms,0.2114,
frame_ms,0.2362,
frame_ms,0.2097,
frame_ms,0.2061,
frame_ms,0.2629,
frame_ms,0.2739,
frame_ms,0.2269,
frame_ms,1.0063,
frame_ms,0.2158,
frame_ms,0.2192,
frame_ms,0.2127,
tick_us,234.1,137
frame_ms,0.7774,
frame_ms,0.3157,
frame_ms,0.3499,
frame_ms,0.3912,
frame_ms,0.4108,
frame_ms,0.3583,
frame_ms,0.3154,
frame_ms,0.2388,
frame_ms,0.2255,
frame_ms,0.2216,
frame_ms,0.2234,
frame_ms,0.2164,
frame_ms,0.2424,
frame_ms,0.2614,
frame_ms,0.2337,
frame_ms,0.5389,
frame_ms,0.2352,
frame_ms,0.2167,
frame_ms,0.2221,
frame_ms,0.2128,
frame_ms,0.2378,
frame_ms,0.318,
frame_ms,0.2309,
frame_ms,0.2245,
tick_us,237.4,137
frame_ms,0.6813,
frame_ms,0.2342,
frame_ms,0.2103,
frame_ms,0.2231,
frame_ms,0.2126,
frame_ms,0.2044,
frame_ms,0.2482,
frame_ms,0.2381,
frame_ms,0.2158,
frame_ms,0.2466,
frame_ms,0.2772,
frame_ms,0.2302,
frame_ms,0.2181,
frame_ms,0.207,
frame_ms,0.2378,
frame_ms,0.2514,
frame_ms,0.2155,
frame_ms,0.2061,
frame_ms,0.2562,
frame_ms,0.2236,
frame_ms,0.2017,
frame_ms,0.2498,
frame_ms,0.2038,
frame_ms,0.2063,
frame_ms,0.2201,
frame_ms,0.2415,
frame_ms,0.2311,
frame_ms,0.2142,
tick_us,235.4,134
frame_ms,0.6966,
frame_ms,0.2281,
frame_ms,0.2028,
frame_ms,0.2097,
frame_ms,0.2253,
frame_ms,0.4713,
frame_ms,0.2482,
frame_ms,0.2042,
frame_ms,0.2056,
frame_ms,0.1998,
frame_ms,0.2192,
frame_ms,0.2886,
frame_ms,0.4281,
frame_ms,0.2886,
frame_ms,0.2379,
frame_ms,0.2702,
frame_ms,0.2103,
frame_ms,0.2087,
frame_ms,0.2061,
frame_ms,0.2608,
frame_ms,0.3562,
frame_ms,0.3747,
frame_ms,0.3692,
frame_ms,0.2636,
frame_ms,0.2118,
tick_us,216.7,135
frame_ms,0.6385,
frame_ms,0.2271,
frame_ms,0.2051,
frame_ms,0.2195,
frame_ms,0.209,
frame_ms,0.2492,
frame_ms,0.2144,
frame_ms,0.2086,
frame_ms,0.2389,
frame_ms,0.2299,
frame_ms,0.2165,
frame_ms,0.2543,
frame_ms,0.2149,
frame_ms,0.2047,
frame_ms,0.2455,
frame_ms,0.2206,
frame_ms,0.2082,
frame_ms,0.5156,
frame_ms,0.3969,
frame_ms,0.3556,
frame_ms,0.373,
frame_ms,0.3398,
frame_ms,0.225,
frame_ms,0.2116,
frame_ms,0.2115,
tick_us,215.8,137
frame_ms,0.6415,
frame_ms,0.2372,
frame_ms,0.2215,
frame_ms,0.2305,
frame_ms,0.2321,
frame_ms,0.2195,
frame_ms,0.205,
frame_ms,0.2706,
frame_ms,0.2677,
frame_ms,0.2251,
frame_ms,0.2129,
frame_ms,0.2398,
frame_ms,0.2448,
frame_ms,0.2121,
frame_ms,0.2058,
frame_ms,0.2405,
frame_ms,0.2608,
frame_ms,0.2135,
frame_ms,0.2509,
frame_ms,0.2189,
frame_ms,0.2068,
frame_ms,0.2348,
frame_ms,0.2556,
frame_ms,0.2184,
frame_ms,0.2096,
frame_ms,0.2452,
frame_ms,0.2534,
frame_ms,0.2178,
tick_us,206.9,134
frame_ms,0.6211,
frame_ms,0.2248,
frame_ms,0.2004,
frame_ms,0.2154,
frame_ms,0.2108,
frame_ms,0.2614,
frame_ms,0.2329,
frame_ms,0.2134,
frame_ms,0.2071,
frame_ms,0.2404,
frame_ms,0.2208,
frame_ms,0.2037,
frame_ms,0.2393,
frame_ms,0.2172,
frame_ms,0.2363,
frame_ms,0.2102,
frame_ms,0.2336,
frame_ms,0.2069,
frame_ms,0.2044,
frame_ms,0.2437,
frame_ms,0.2343,
frame_ms,0.203,
frame_ms,0.2829,
frame_ms,0.2292,
frame_ms,0.3507,
frame_ms,0.7822,
tick_us,259.5,127
frame_ms,0.8399,
frame_ms,0.2608,
frame_ms,0.2315,
frame_ms,0.2189,
frame_ms,0.2149,
frame_ms,0.2197,
frame_ms,0.2829,
frame_ms,0.2849,
frame_ms,0.2367,
frame_ms,0.2179,
frame_ms,0.2034,
frame_ms,0.2089,
frame_ms,0.2475,
frame_ms,0.2383,
frame_ms,0.223,
frame_ms,0.2067,
frame_ms,0.2283,
frame_ms,0.2048,
frame_ms,0.2356,
frame_ms,0.2091,
frame_ms,0.2322,
frame_ms,0.2057,
frame_ms,0.2366,
frame_ms,0.2095,
frame_ms,0.2327,
frame_ms,0.2052,
frame_ms,0.3063,
frame_ms,0.2292,
tick_us,220,124
frame_ms,0.6425,
frame_ms,0.226,
frame_ms,0.2142,
frame_ms,0.2126,
frame_ms,0.206,
frame_ms,0.2024,
frame_ms,0.2426,
frame_ms,0.216,
frame_ms,0.2081,
frame_ms,0.2453,
frame_ms,0.2296,
frame_ms,0.2047,
frame_ms,0.2339,
frame_ms,0.2208,
frame_ms,0.2267,
frame_ms,0.2369,
frame_ms,0.2317,
frame_ms,0.2176,
frame_ms,0.2449,
frame_ms,0.2106,
frame_ms,0.2005,
frame_ms,0.2714,
frame_ms,0.2223,
frame_ms,0.1961,
frame_ms,0.2567,
frame_ms,0.2177,
frame_ms,0.1981,
frame_ms,0.26,
frame_ms,0.2244,
tick_us,200.9,125
frame_ms,0.6054,
frame_ms,0.3436,
frame_ms,0.4054,
frame_ms,0.2509,
frame_ms,0.2129,
frame_ms,0.2203,
frame_ms,0.2126,
frame_ms,0.2121,
frame_ms,0.2473,
frame_ms,0.2541,
frame_ms,0.213,
frame_ms,0.2456,
frame_ms,0.2223,
frame_ms,0.2039,
frame_ms,0.2481,
frame_ms,0.2173,
frame_ms,0.2157,
frame_ms,0.2361,
frame_ms,0.21,
frame_ms,0.199,
frame_ms,0.2794,
frame_ms,0.2716,
frame_ms,0.231,
frame_ms,0.2194,
frame_ms,0.2155,
frame_ms,0.2261,
frame_ms,0.2779,
tick_us,192.8,129
frame_ms,0.7156,
frame_ms,0.2572,
frame_ms,0.2083,
frame_ms,0.211,
frame_ms,0.2023,
frame_ms,0.2301,
frame_ms,0.2076,
frame_ms,0.1986,
frame_ms,0.2726,
frame_ms,0.2303,
frame_ms,0.2069,
frame_ms,0.1999,
frame_ms,0.2455,
frame_ms,0.2134,
frame_ms,0.1994,
frame_ms,0.2627,
frame_ms,0.2232,
frame_ms,0.199,
frame_ms,0.2349,
frame_ms,0.2153,
frame_ms,0.1973,
frame_ms,0.2468,
frame_ms,0.2377,
frame_ms,0.2078,
frame_ms,0.2399,
frame_ms,0.212,
frame_ms,0.1995,
frame_ms,0.2637,
frame_ms,0.2207,
tick_us,196.9,126
frame_ms,0.6275,
frame_ms,0.221,
frame_ms,0.2022,
frame_ms,0.1994,
frame_ms,0.2323,
frame_ms,0.2159,
frame_ms,0.2004,
frame_ms,0.2515,
frame_ms,0.2134,
frame_ms,0.2507,
frame_ms,0.2274,
frame_ms,0.218,
frame_ms,0.2045,
frame_ms,0.2573,
frame_ms,0.2256,
frame_ms,0.2057,
frame_ms,0.2356,
frame_ms,0.2283,
frame_ms,0.2066,
frame_ms,0.2481,
frame_ms,0.2161,
frame_ms,0.2028,
frame_ms,0.2697,
frame_ms,0.3278,
frame_ms,0.2943,
frame_ms,0.2618,
frame_ms,0.2269,
frame_ms,0.2321,
tick_us,221.4,129
frame_ms,0.6782,
frame_ms,0.2552,
frame_ms,0.2274,
frame_ms,0.2282,
frame_ms,0.2429,
frame_ms,0.2296,
frame_ms,0.2294,
frame_ms,0.273,
frame_ms,0.2415,
frame_ms,0.2318,
frame_ms,0.2074,
frame_ms,0.218,
frame_ms,0.2428,
frame_ms,0.22,
frame_ms,0.1998,
frame_ms,0.2553,
frame_ms,0.2239,
frame_ms,0.2028,
frame_ms,0.2492,
frame_ms,0.2378,
frame_ms,0.2074,
frame_ms,0.2358,
frame_ms,0.2322,
frame_ms,0.2078,
frame_ms,0.2524,
frame_ms,0.2213,
frame_ms,0.218,
frame_ms,0.2065,
tick_us,208,130
frame_ms,0.7031,
frame_ms,0.2411,
frame_ms,0.2037,
frame_ms,0.2068,
frame_ms,0.1991,
frame_ms,0.202,
frame_ms,0.2549,
frame_ms,0.2213,
frame_ms,0.2054,
frame_ms,0.2363,
frame_ms,0.2924,
frame_ms,0.2552,
frame_ms,0.2256,
frame_ms,0.2181,
frame_ms,0.3039,
frame_ms,0.2705,
frame_ms,0.2244,
frame_ms,0.2499,
frame_ms,0.2563,
frame_ms,0.2242,
frame_ms,0.2124,
frame_ms,0.2465,
frame_ms,0.2574,
frame_ms,0.2254,
frame_ms,0.2079,
frame_ms,0.2066,
frame_ms,0.2718,
frame_ms,0.2628,
tick_us,206.5,131
frame_ms,0.6347,
frame_ms,0.2327,
frame_ms,0.2476,
frame_ms,0.2143,
frame_ms,0.2137,
frame_ms,0.2086,
frame_ms,0.2435,
frame_ms,0.2609,
frame_ms,0.2235,
frame_ms,0.2079,
frame_ms,0.2324,
frame_ms,0.2433,
frame_ms,0.2121,
frame_ms,0.2027,
frame_ms,0.2438,
frame_ms,0.2615,
frame_ms,0.2174,
frame_ms,0.2061,
frame_ms,0.2295,
frame_ms,0.3527,
frame_ms,0.4273,
frame_ms,0.2394,
frame_ms,0.2087,
frame_ms,0.2131,
frame_ms,0.2062,
frame_ms,0.2123,
frame_ms,0.2674,
tick_us,209.9,130
frame_ms,0.6525,
frame_ms,0.2273,
frame_ms,0.2554,
frame_ms,0.2317,
frame_ms,0.2264,
frame_ms,0.2192,
frame_ms,0.2177,
frame_ms,0.2363,
frame_ms,0.2297,
frame_ms,0.2079,
frame_ms,0.2472,
frame_ms,0.2204,
frame_ms,0.2153,
frame_ms,0.2432,
frame_ms,0.2236,
frame_ms,0.2053,
frame_ms,0.2492,
frame_ms,0.28,
frame_ms,0.2872,
frame_ms,0.2399,
frame_ms,0.2325,
frame_ms,0.2347,
frame_ms,0.369,
frame_ms,0.2744,
frame_ms,0.2395,
frame_ms,0.2384,
frame_ms,0.236,
tick_us,258.4,132
frame_ms,0.7219,
frame_ms,0.2801,
frame_ms,0.2289,
frame_ms,0.2111,
frame_ms,0.2133,
frame_ms,0.2244,
frame_ms,0.2383,
frame_ms,0.2432,
frame_ms,0.2232,
frame_ms,0.2517,
frame_ms,0.4091,
frame_ms,0.3202,
frame_ms,0.2476,
frame_ms,0.2054,
frame_ms,0.2117,
frame_ms,0.2479,
frame_ms,0.2191,
frame_ms,0.2029,
frame_ms,0.2599,
frame_ms,0.2238,
frame_ms,0.2041,
frame_ms,0.2543,
frame_ms,0.2246,
frame_ms,0.2052,
frame_ms,0.2589,
frame_ms,0.2186,
frame_ms,0.2585,
tick_us,210.4,132
frame_ms,0.7049,
frame_ms,0.257,
frame_ms,0.2317,
frame_ms,0.2262,
frame_ms,0.2284,
frame_ms,0.2419,
frame_ms,0.2293,
frame_ms,0.2278,
frame_ms,0.2282,
frame_ms,0.2208,
frame_ms,0.2694,
frame_ms,0.2562,
frame_ms,0.2237,
frame_ms,0.2041,
frame_ms,0.2605,
frame_ms,0.2255,
frame_ms,0.2454,
frame_ms,0.2724,
frame_ms,0.2258,
frame_ms,0.2396,
frame_ms,0.2372,
frame_ms,0.2144,
frame_ms,0.2416,
frame_ms,0.2197,
frame_ms,0.2181,
frame_ms,0.2045,
frame_ms,0.2862,
tick_us,217.4,128
frame_ms,0.6501,
frame_ms,0.8646,
frame_ms,0.3254,
frame_ms,0.3582,
frame_ms,0.3375,
frame_ms,0.269,
frame_ms,0.2282,
frame_ms,0.2139,
frame_ms,0.215,
frame_ms,0.2148,
frame_ms,0.2167,
frame_ms,0.2514,
frame_ms,0.2592,
frame_ms,0.2444,
frame_ms,0.2145,
frame_ms,0.2053,
frame_ms,0.2327,
frame_ms,0.264,
frame_ms,0.228,
frame_ms,0.2111,
frame_ms,0.2074,
frame_ms,0.2699,
frame_ms,0.2493,
frame_ms,0.2158,
frame_ms,0.2073,
tick_us,221.7,128
frame_ms,0.6974,
frame_ms,0.2374,
frame_ms,0.2098,
frame_ms,0.2291,
frame_ms,0.2191,
frame_ms,0.2562,
frame_ms,0.2317,
frame_ms,0.247,
frame_ms,0.2531,
frame_ms,0.2176,
frame_ms,0.2118,
frame_ms,0.2184,
frame_ms,0.2103,
frame_ms,0.1998,
frame_ms,0.269,
frame_ms,0.2464,
frame_ms,0.2109,
frame_ms,0.2266,
frame_ms,0.2771,
frame_ms,0.2599,
frame_ms,0.2233,
frame_ms,0.2112,
frame_ms,0.2681,
frame_ms,0.2642,
frame_ms,0.2298,
frame_ms,0.2107,
frame_ms,0.2508,
tick_us,338.1,126
frame_ms,1.1261,
frame_ms,0.4067,
frame_ms,0.2739,
frame_ms,0.2305,
frame_ms,0.2266,
frame_ms,0.9856,
frame_ms,0.3008,
frame_ms,0.2459,
frame_ms,0.2087,
frame_ms,0.2172,
frame_ms,0.2145,
frame_ms,0.209,
frame_ms,0.2412,
frame_ms,0.2279,
frame_ms,0.2289,
frame_ms,0.2103,
frame_ms,0.2419,
frame_ms,0.2194,
frame_ms,0.2026,
frame_ms,0.4812,
frame_ms,0.3871,
tick_us,231,133
frame_ms,0.7101,
frame_ms,0.2259,
frame_ms,0.2058,
frame_ms,0.2075,
frame_ms,0.205,
frame_ms,0.2249,
frame_ms,0.2138,
frame_ms,0.2023,
frame_ms,0.277,
frame_ms,0.2288,
frame_ms,0.2084,
frame_ms,0.2388,
frame_ms,0.3055,
frame_ms,0.2872,
frame_ms,0.2222,
frame_ms,0.2079,
frame_ms,0.2004,
frame_ms,0.2483,
frame_ms,0.2179,
frame_ms,0.202,
frame_ms,0.2543,
frame_ms,0.2299,
frame_ms,0.2075,
frame_ms,0.2752,
frame_ms,0.2732,
frame_ms,0.2258,
frame_ms,0.2232,
frame_ms,0.2095,
tick_us,214,132
frame_ms,0.6615,
frame_ms,0.2559,
frame_ms,0.2093,
frame_ms,0.2067,
frame_ms,0.2034,
frame_ms,0.2395,
frame_ms,0.2162,
frame_ms,0.2012,
frame_ms,0.2646,
frame_ms,0.2276,
frame_ms,0.2145,
frame_ms,0.243,
frame_ms,0.4689,
frame_ms,0.389,
frame_ms,0.3454,
frame_ms,0.3343,
frame_ms,0.3125,
frame_ms,0.242,
frame_ms,0.2109,
frame_ms,0.2115,
frame_ms,0.211,
frame_ms,0.2062,
frame_ms,0.2619,
frame_ms,0.267,
frame_ms,0.2425,
tick_us,196.8,131
frame_ms,0.6887,
frame_ms,0.2897,
frame_ms,0.2447,
frame_ms,0.2107,
frame_ms,0.212,
frame_ms,0.2066,
frame_ms,0.2072,
frame_ms,0.2652,
frame_ms,0.2386,
frame_ms,0.2147,
frame_ms,0.2061,
frame_ms,0.2497,
frame_ms,0.2175,
frame_ms,0.2037,
frame_ms,0.2704,
frame_ms,0.2637,
frame_ms,0.2272,
frame_ms,0.2912,
frame_ms,0.2544,
frame_ms,0.2334,
frame_ms,0.2313,
frame_ms,0.2253,
frame_ms,0.2299,
frame_ms,0.2202,
frame_ms,0.2811,
frame_ms,0.2308,
frame_ms,0.2067,
frame_ms,0.2361,
tick_us,203.3,129
frame_ms,0.6389,
frame_ms,0.2276,
frame_ms,0.2088,
frame_ms,0.2118,
frame_ms,0.2454,
frame_ms,0.2205,
frame_ms,0.2389,
frame_ms,0.2204,
frame_ms,0.2029,
frame_ms,0.2556,
frame_ms,0.2195,
frame_ms,0.2112,
frame_ms,0.2446,
frame_ms,0.2187,
frame_ms,0.2013,
frame_ms,0.2428,
frame_ms,0.2184,
frame_ms,0.2,
frame_ms,0.252,
frame_ms,0.2238,
frame_ms,0.3572,
frame_ms,0.6164,
frame_ms,0.2765,
frame_ms,0.2231,
frame_ms,0.21,
frame_ms,0.2042,
tick_us,216.1,133
frame_ms,0.675,
frame_ms,0.2381,
frame_ms,0.2067,
frame_ms,0.2097,
frame_ms,0.2017,
frame_ms,0.2372,
frame_ms,0.2246,
frame_ms,0.2067,
frame_ms,0.3192,
frame_ms,0.2335,
frame_ms,0.2037,
frame_ms,0.2596,
frame_ms,0.2711,
frame_ms,0.228,
frame_ms,0.2153,
frame_ms,0.2118,
frame_ms,0.2419,
frame_ms,0.2467,
frame_ms,0.2118,
frame_ms,0.2088,
frame_ms,0.265,
frame_ms,0.2287,
frame_ms,0.2063,
frame_ms,0.2583,
frame_ms,0.2128,
frame_ms,0.2213,
frame_ms,0.2218,
frame_ms,0.2363,
frame_ms,0.2763,
tick_us,231.6,134
frame_ms,0.825,
frame_ms,0.2356,
frame_ms,0.2043,
frame_ms,0.205,
frame_ms,0.2042,
frame_ms,0.248,
frame_ms,0.2211,
frame_ms,0.233,
frame_ms,0.2569,
frame_ms,0.2221,
frame_ms,0.2343,
frame_ms,0.2352,
frame_ms,0.2132,
frame_ms,0.2429,
frame_ms,0.2305,
frame_ms,0.2026,
frame_ms,0.2296,
frame_ms,0.2076,
frame_ms,0.2007,
frame_ms,0.2701,
frame_ms,0.2169,
frame_ms,0.1993,
frame_ms,0.5047,
frame_ms,0.3797,
frame_ms,0.3667,
tick_us,200.9,137
frame_ms,0.7538,
frame_ms,0.2535,
frame_ms,0.2114,
frame_ms,0.2148,
frame_ms,0.2086,
frame_ms,0.2357,
frame_ms,0.2523,
frame_ms,0.2142,
frame_ms,0.207,
frame_ms,0.2674,
frame_ms,0.2364,
frame_ms,0.2093,
frame_ms,0.3006,
frame_ms,0.2373,
frame_ms,0.2161,
frame_ms,0.2382,
frame_ms,0.2211,
frame_ms,0.2011,
frame_ms,0.2346,
frame_ms,0.2208,
frame_ms,0.2035,
frame_ms,0.2419,
frame_ms,0.2379,
frame_ms,0.2106,
frame_ms,0.2463,
frame_ms,0.2121,
frame_ms,0.1993,
frame_ms,0.2503,
tick_us,196.5,139
frame_ms,0.63,
frame_ms,0.2261,
frame_ms,0.2021,
frame_ms,0.2079,
frame_ms,0.2028,
frame_ms,0.2504,
frame_ms,0.223,
frame_ms,0.1997,
frame_ms,0.246,
frame_ms,0.217,
frame_ms,0.1976,
frame_ms,0.2691,
frame_ms,0.2327,
frame_ms,0.2029,
frame_ms,0.2412,
frame_ms,0.2154,
frame_ms,0.199,
frame_ms,0.2606,
frame_ms,0.2256,
frame_ms,0.2036,
frame_ms,0.2442,
frame_ms,0.3471,
frame_ms,0.3646,
frame_ms,0.3112,
frame_ms,0.225,
frame_ms,0.2115,
frame_ms,0.2653,
tick_us,194.2,137
frame_ms,0.6412,
frame_ms,0.2305,
frame_ms,0.2078,
frame_ms,0.2888,
frame_ms,0.2651,
frame_ms,0.2177,
frame_ms,0.2077,
frame_ms,0.2014,
frame_ms,0.205,
frame_ms,0.2411,
frame_ms,0.2149,
frame_ms,0.1984,
frame_ms,0.2399,
frame_ms,0.2177,
frame_ms,0.2057,
frame_ms,0.2405,
frame_ms,0.2096,
frame_ms,0.2201,
frame_ms,0.252,
frame_ms,0.2193,
frame_ms,0.1995,
frame_ms,0.2254,
frame_ms,0.2075,
frame_ms,0.1965,
frame_ms,0.2697,
frame_ms,0.2187,
frame_ms,0.1996,
frame_ms,0.2404,
frame_ms,0.3099,
tick_us,223,135
frame_ms,0.838,
frame_ms,0.2445,
frame_ms,0.2064,
frame_ms,0.2118,
frame_ms,0.2053,
frame_ms,0.2096,
frame_ms,0.2411,
frame_ms,0.221,
frame_ms,0.229,
frame_ms,0.2032,
frame_ms,0.2311,
frame_ms,0.2053,
frame_ms,0.2361,
frame_ms,0.2062,
frame_ms,0.2342,
frame_ms,0.2053,
frame_ms,0.2355,
frame_ms,0.2102,
frame_ms,0.2321,
frame_ms,0.2052,
frame_ms,0.2362,
frame_ms,0.2054,
frame_ms,0.2478,
frame_ms,0.2108,
frame_ms,0.2058,
frame_ms,0.2388,
frame_ms,0.2073,
frame_ms,0.236,
frame_ms,0.2053,
tick_us,198.9,136
frame_ms,0.6454,
frame_ms,0.2305,
frame_ms,0.2065,
frame_ms,0.2106,
frame_ms,0.2083,
frame_ms,0.2478,
frame_ms,0.2112,
frame_ms,0.4139,
frame_ms,0.3436,
frame_ms,0.2331,
frame_ms,0.2516,
frame_ms,0.2518,
frame_ms,0.2407,
frame_ms,0.2029,
frame_ms,0.2028,
frame_ms,0.3123,
frame_ms,0.2243,
frame_ms,0.2055,
frame_ms,0.2263,
frame_ms,0.2022,
frame_ms,0.278,
frame_ms,0.2246,
frame_ms,0.2071,
frame_ms,0.2424,
frame_ms,0.2066,
frame_ms,0.2326,
frame_ms,0.203,
tick_us,208.6,144
frame_ms,0.6722,
frame_ms,0.229,
frame_ms,0.2055,
frame_ms,0.2101,
frame_ms,0.2048,
frame_ms,0.2264,
frame_ms,0.2445,
frame_ms,0.2308,
frame_ms,0.212,
frame_ms,0.2352,
frame_ms,0.209,
frame_ms,0.2314,
frame_ms,0.204,
frame_ms,0.2406,
frame_ms,0.2061,
frame_ms,0.2341,
frame_ms,0.2174,
frame_ms,0.2253,
frame_ms,0.1947,
frame_ms,0.2203,
frame_ms,0.2025,
frame_ms,0.2816,
frame_ms,0.221,
frame_ms,0.237,
frame_ms,0.2058,
frame_ms,0.2265,
frame_ms,0.1918,
frame_ms,0.2389,
frame_ms,0.2022,
frame_ms,0.239,
tick_us,195.3,142
frame_ms,0.615,
frame_ms,0.227,
frame_ms,0.2011,
frame_ms,0.2076,
frame_ms,0.2061,
frame_ms,0.2183,
frame_ms,0.2434,
frame_ms,0.2081,
frame_ms,0.2349,
frame_ms,0.2042,
frame_ms,0.2364,
frame_ms,0.2173,
frame_ms,0.2284,
frame_ms,0.2478,
frame_ms,0.2251,
frame_ms,0.2378,
frame_ms,0.2191,
frame_ms,0.2061,
frame_ms,0.2403,
frame_ms,0.2334,
frame_ms,0.2103,
frame_ms,0.2663,
frame_ms,0.233,
frame_ms,0.2041,
frame_ms,0.2456,
frame_ms,0.2171,
frame_ms,0.2384,
frame_ms,0.2037,
frame_ms,0.2023,
tick_us,200.4,140
frame_ms,0.6507,
frame_ms,0.2438,
frame_ms,0.207,
frame_ms,0.2102,
frame_ms,0.2047,
frame_ms,0.2129,
frame_ms,0.2726,
frame_ms,0.2268,
frame_ms,0.2086,
frame_ms,0.2335,
frame_ms,0.2111,
frame_ms,0.2639,
frame_ms,0.27,
frame_ms,0.231,
frame_ms,0.2202,
frame_ms,0.2322,
frame_ms,0.2166,
frame_ms,0.2831,
frame_ms,0.2773,
frame_ms,0.2331,
frame_ms,0.2169,
frame_ms,0.2107,
frame_ms,0.2342,
frame_ms,0.209,
frame_ms,0.2351,
frame_ms,0.212,
frame_ms,0.2297,
frame_ms,0.2237,
tick_us,198.8,143
frame_ms,0.6298,
frame_ms,0.2274,
frame_ms,0.2018,
frame_ms,0.2153,
frame_ms,0.2123,
frame_ms,0.212,
frame_ms,0.2614,
frame_ms,0.2136,
frame_ms,0.2406,
frame_ms,0.3754,
frame_ms,0.3731,
frame_ms,0.3455,
frame_ms,0.3377,
frame_ms,0.3606,
frame_ms,0.3545,
frame_ms,0.2697,
frame_ms,0.2218,
frame_ms,0.2132,
frame_ms,0.215,
frame_ms,0.2113,
frame_ms,0.2724,
frame_ms,0.2298,
frame_ms,0.2201,
frame_ms,0.2094,
frame_ms,0.2566,
tick_us,197.3,140
frame_ms,0.6636,
frame_ms,0.2428,
frame_ms,0.2094,
frame_ms,0.2223,
frame_ms,0.2088,
frame_ms,0.2141,
frame_ms,0.2607,
frame_ms,0.2184,
frame_ms,0.2296,
frame_ms,0.2146,
frame_ms,0.2073,
frame_ms,0.2382,
frame_ms,0.2244,
frame_ms,0.2131,
frame_ms,0.2206,
frame_ms,0.2415,
frame_ms,0.2207,
frame_ms,0.2331,
frame_ms,0.2143,
frame_ms,0.2246,
frame_ms,0.2361,
frame_ms,0.2201,
frame_ms,0.3022,
frame_ms,0.2692,
frame_ms,0.2258,
frame_ms,0.2219,
frame_ms,0.2113,
frame_ms,0.2372,
frame_ms,0.2139,
tick_us,213.8,140
frame_ms,0.6262,
frame_ms,0.2331,
frame_ms,0.2105,
frame_ms,0.211,
frame_ms,0.2078,
frame_ms,0.2065,
frame_ms,0.2889,
frame_ms,0.2764,
frame_ms,0.2404,
frame_ms,0.2701,
frame_ms,0.2209,
frame_ms,0.207,
frame_ms,0.2048,
frame_ms,0.2738,
frame_ms,0.2306,
frame_ms,0.2073,
frame_ms,0.2395,
frame_ms,0.2187,
frame_ms,0.2352,
frame_ms,0.2118,
frame_ms,0.2249,
frame_ms,0.2061,
frame_ms,0.2647,
frame_ms,0.2303,
frame_ms,0.2078,
frame_ms,0.239,
frame_ms,0.2184,
frame_ms,0.257,
tick_us,193.1,139
frame_ms,0.6063,
frame_ms,0.2996,
frame_ms,0.2637,
frame_ms,0.2281,
frame_ms,0.2311,
frame_ms,0.2964,
frame_ms,0.2366,
frame_ms,0.2361,
frame_ms,0.3193,
frame_ms,0.263,
frame_ms,0.2122,
frame_ms,0.2103,
frame_ms,0.2044,
frame_ms,0.2455,
frame_ms,0.211,
frame_ms,0.2225,
frame_ms,0.2117,
frame_ms,0.249,
frame_ms,0.2295,
frame_ms,0.2063,
frame_ms,0.2403,
frame_ms,0.2061,
frame_ms,0.2347,
frame_ms,0.2097,
frame_ms,0.2309,
frame_ms,0.2075,
frame_ms,0.2361,
frame_ms,0.2069,
tick_us,186.4,139
frame_ms,0.6166,
frame_ms,0.2304,
frame_ms,0.2074,
frame_ms,0.2106,
frame_ms,0.2115,
frame_ms,0.2058,
frame_ms,0.2479,
frame_ms,0.2166,
frame_ms,0.2137,
frame_ms,0.2359,
frame_ms,0.648,
frame_ms,0.6509,
frame_ms,0.2216,
frame_ms,0.212,
frame_ms,0.2099,
frame_ms,0.2282,
frame_ms,0.2821,
frame_ms,0.2364,
frame_ms,0.226,
frame_ms,0.2192,
frame_ms,0.2111,
frame_ms,0.2364,
frame_ms,0.2256,
frame_ms,0.2125,
frame_ms,0.2344,
frame_ms,0.2202,
tick_us,191.7,143
frame_ms,0.6266,
frame_ms,0.2265,
frame_ms,0.2056,
frame_ms,0.209,
frame_ms,0.2062,
frame_ms,0.8851,
frame_ms,0.4792,
frame_ms,0.7007,
frame_ms,0.2502,
frame_ms,0.2191,
frame_ms,0.2047,
frame_ms,0.2107,
frame_ms,0.2574,
frame_ms,0.2298,
frame_ms,0.2271,
frame_ms,0.2179,
frame_ms,0.2202,
frame_ms,0.2149,
frame_ms,0.1999,
frame_ms,0.2593,
frame_ms,0.22,
frame_ms,0.2302,
frame_ms,0.2078,
tick_us,188.7,146
frame_ms,0.6256,
frame_ms,0.2485,
frame_ms,0.2033,
frame_ms,0.2159,
frame_ms,0.2087,
frame_ms,0.204,
frame_ms,0.2406,
frame_ms,0.2184,
frame_ms,0.2325,
frame_ms,0.2026,
frame_ms,0.5481,
frame_ms,0.3121,
frame_ms,0.2112,
frame_ms,0.2095,
frame_ms,0.2086,
frame_ms,0.2285,
frame_ms,0.1985,
frame_ms,0.2432,
frame_ms,0.2212,
frame_ms,0.2208,
frame_ms,0.2145,
frame_ms,0.438,
frame_ms,0.3707,
frame_ms,0.3425,
frame_ms,0.3195,
tick_us,180.9,144
frame_ms,0.6301,
frame_ms,0.2302,
frame_ms,0.2065,
frame_ms,0.2119,
frame_ms,0.2096,
frame_ms,0.2279,
frame_ms,0.1988,
frame_ms,0.2433,
frame_ms,0.2209,
frame_ms,0.2325,
frame_ms,0.2344,
frame_ms,0.2126,
frame_ms,0.2356,
frame_ms,0.4299,
frame_ms,0.2746,
frame_ms,0.3514,
frame_ms,0.207,
frame_ms,0.2087,
frame_ms,0.2048,
frame_ms,0.2264,
frame_ms,0.2124,
frame_ms,0.202,
frame_ms,0.2406,
frame_ms,0.2379,
frame_ms,0.213,
frame_ms,0.2365,
frame_ms,0.2206,
frame_ms,0.2034,
tick_us,192.3,142
frame_ms,0.6426,
frame_ms,0.237,
frame_ms,0.2026,
frame_ms,0.2105,
frame_ms,0.2058,
frame_ms,0.2132,
frame_ms,0.1952,
frame_ms,0.2205,
frame_ms,0.232,
frame_ms,0.2211,
frame_ms,0.2342,
frame_ms,0.2159,
frame_ms,0.5563,
frame_ms,0.2871,
frame_ms,0.2066,
frame_ms,0.21,
frame_ms,0.2069,
frame_ms,0.2183,
frame_ms,0.262,
frame_ms,0.2262,
frame_ms,0.2283,
frame_ms,0.2037,
frame_ms,0.2627,
frame_ms,0.2262,
frame_ms,0.2076,
frame_ms,0.2369,
frame_ms,0.218,
frame_ms,0.2563,
tick_us,189.4,145
frame_ms,0.6568,
frame_ms,0.2394,
frame_ms,0.2144,
frame_ms,0.2166,
frame_ms,0.2192,
frame_ms,0.2104,
frame_ms,0.2755,
frame_ms,0.2512,
frame_ms,0.2343,
frame_ms,0.2125,
frame_ms,0.2126,
frame_ms,0.2303,
frame_ms,0.2107,
frame_ms,0.3465,
frame_ms,0.258,
frame_ms,0.2455,
frame_ms,0.2204,
frame_ms,0.2067,
frame_ms,0.2459,
frame_ms,0.2186,
frame_ms,0.2076,
frame_ms,0.2468,
frame_ms,0.2154,
frame_ms,0.2015,
frame_ms,0.266,
frame_ms,0.2283,
frame_ms,0.2081,
frame_ms,0.2472,
tick_us,201,147
frame_ms,0.6243,
frame_ms,0.2246,
frame_ms,0.2013,
frame_ms,0.2126,
frame_ms,0.2148,
frame_ms,0.235,
frame_ms,0.2501,
frame_ms,0.2031,
frame_ms,0.2166,
frame_ms,0.3023,
frame_ms,0.2645,
frame_ms,0.2385,
frame_ms,0.2205,
frame_ms,0.2081,
frame_ms,0.2077,
frame_ms,0.2684,
frame_ms,0.2459,
frame_ms,0.2113,
frame_ms,0.232,
frame_ms,0.2193,
frame_ms,0.2036,
frame_ms,0.2685,
frame_ms,0.2447,
frame_ms,0.2085,
frame_ms,0.2062,
frame_ms,0.2407,
frame_ms,0.217,
frame_ms,0.2007,
tick_us,205.9,149
frame_ms,0.6508,
frame_ms,0.231,
frame_ms,0.2036,
frame_ms,0.207,
frame_ms,0.2169,
frame_ms,0.2354,
frame_ms,0.2109,
frame_ms,0.201,
frame_ms,0.2569,
frame_ms,0.224,
frame_ms,0.2039,
frame_ms,0.2285,
frame_ms,0.2184,
frame_ms,0.2007,
frame_ms,0.2342,
frame_ms,0.3137,
frame_ms,0.3919,
frame_ms,0.4524,
frame_ms,0.2305,
frame_ms,0.2708,
frame_ms,0.2166,
frame_ms,0.209,
frame_ms,0.218,
frame_ms,0.2319,
frame_ms,0.2749,
frame_ms,0.2207,
frame_ms,0.2374,
tick_us,195.1,145
frame_ms,0.5946,
frame_ms,0.2175,
frame_ms,0.2071,
frame_ms,0.2009,
frame_ms,0.5717,
frame_ms,0.3257,
frame_ms,0.2552,
frame_ms,0.2497,
frame_ms,0.2117,
frame_ms,0.2152,
frame_ms,0.2079,
frame_ms,0.2135,
frame_ms,0.2804,
frame_ms,0.2509,
frame_ms,0.2156,
frame_ms,0.2347,
frame_ms,0.21,
frame_ms,0.2009,
frame_ms,0.2417,
frame_ms,0.2201,
frame_ms,0.199,
frame_ms,0.2437,
frame_ms,0.2122,
frame_ms,0.2008,
frame_ms,0.2554,
frame_ms,0.2229,
frame_ms,0.2087,
tick_us,202.7,151
frame_ms,0.6573,
frame_ms,0.2269,
frame_ms,0.2074,
frame_ms,0.2222,
frame_ms,0.2307,
frame_ms,0.3539,
frame_ms,0.2352,
frame_ms,0.2156,
frame_ms,0.2049,
frame_ms,0.2673,
frame_ms,0.223,
frame_ms,0.2067,
frame_ms,0.2258,
frame_ms,0.1973,
frame_ms,0.2194,
frame_ms,0.2252,
frame_ms,0.2132,
frame_ms,0.2043,
frame_ms,0.2506,
frame_ms,0.2223,
frame_ms,0.2004,
frame_ms,0.2572,
frame_ms,0.2291,
frame_ms,0.2081,
frame_ms,0.2331,
frame_ms,0.2053,
frame_ms,0.2108,
frame_ms,0.2879,
frame_ms,0.2751,
tick_us,199.7,150
frame_ms,0.6557,
frame_ms,0.2345,
frame_ms,0.2084,
frame_ms,0.2111,
frame_ms,0.214,
frame_ms,0.2066,
frame_ms,0.2633,
frame_ms,0.2577,
frame_ms,0.2217,
frame_ms,0.2073,
frame_ms,0.2453,
frame_ms,0.2163,
frame_ms,0.2021,
frame_ms,0.2677,
frame_ms,0.2534,
frame_ms,0.261,
frame_ms,0.2245,
frame_ms,0.2129,
frame_ms,0.2041,
frame_ms,0.2584,
frame_ms,0.2246,
frame_ms,0.2273,
frame_ms,0.225,
frame_ms,0.2337,
frame_ms,0.2205,
frame_ms,0.2482,
frame_ms,0.2551,
frame_ms,0.2136,
tick_us,198.9,154
frame_ms,0.6209,
frame_ms,0.2358,
frame_ms,0.2039,
frame_ms,0.2226,
frame_ms,0.2152,
frame_ms,0.207,
frame_ms,0.2436,
frame_ms,0.2184,
frame_ms,0.2065,
frame_ms,0.2409,
frame_ms,0.2154,
frame_ms,0.2009,
frame_ms,0.257,
frame_ms,0.2228,
frame_ms,0.2056,
frame_ms,0.2333,
frame_ms,0.2375,
frame_ms,0.2828,
frame_ms,0.2463,
frame_ms,0.2286,
frame_ms,0.2324,
frame_ms,0.4556,
frame_ms,0.3708,
frame_ms,0.2702,
frame_ms,0.2288,
frame_ms,0.2061,
frame_ms,0.2007,
tick_us,194.5,153
frame_ms,0.598,
frame_ms,0.2295,
frame_ms,0.2066,
frame_ms,0.2644,
frame_ms,0.2201,
frame_ms,0.2024,
frame_ms,0.2001,
frame_ms,0.2488,
frame_ms,0.2135,
frame_ms,0.2005,
frame_ms,0.2514,
frame_ms,0.2158,
frame_ms,0.1995,
frame_ms,0.2484,
frame_ms,0.2214,
frame_ms,0.2009,
frame_ms,0.2438,
frame_ms,0.2175,
frame_ms,0.2068,
frame_ms,0.2266,
frame_ms,0.2671,
frame_ms,0.2609,
frame_ms,0.23,
frame_ms,0.2202,
frame_ms,0.2379,
frame_ms,0.2216,
frame_ms,0.2114,
frame_ms,0.2214,
frame_ms,0.2609,
tick_us,194.3,148
frame_ms,0.6415,
frame_ms,0.2253,
frame_ms,0.2028,
frame_ms,0.2083,
frame_ms,0.2034,
frame_ms,0.251,
frame_ms,0.2211,
frame_ms,0.2071,
frame_ms,0.2562,
frame_ms,0.2171,
frame_ms,0.2033,
frame_ms,0.2447,
frame_ms,0.2265,
frame_ms,0.2191,
frame_ms,0.2009,
frame_ms,0.2446,
frame_ms,0.2181,
frame_ms,0.1986,
frame_ms,0.2542,
frame_ms,0.2155,
frame_ms,0.1988,
frame_ms,0.2507,
frame_ms,0.217,
frame_ms,0.2016,
frame_ms,0.2412,
frame_ms,0.215,
frame_ms,0.2008,
frame_ms,0.2535,
frame_ms,0.2259,
frame_ms,0.2198,
tick_us,224.7,151
frame_ms,0.9273,
frame_ms,0.2434,
frame_ms,0.2062,
frame_ms,0.2111,
frame_ms,0.2048,
frame_ms,0.2011,
frame_ms,0.2442,
frame_ms,0.218,
frame_ms,0.2032,
frame_ms,0.2434,
frame_ms,0.2129,
frame_ms,0.1982,
frame_ms,0.254,
frame_ms,0.2181,
frame_ms,0.2378,
frame_ms,0.2159,
frame_ms,0.232,
frame_ms,0.216,
frame_ms,0.1986,
frame_ms,0.228,
frame_ms,0.22,
frame_ms,0.1977,
frame_ms,0.2212,
frame_ms,0.2029,
frame_ms,0.2137,
frame_ms,0.2418,
frame_ms,0.2208,
frame_ms,0.2016,
tick_us,188.4,153
frame_ms,0.7023,
frame_ms,0.3053,
frame_ms,0.2911,
frame_ms,0.2266,
frame_ms,0.2204,
frame_ms,0.2143,
frame_ms,0.2113,
frame_ms,0.2596,
frame_ms,0.303,
frame_ms,0.2217,
frame_ms,0.2097,
frame_ms,0.226,
frame_ms,0.2425,
frame_ms,0.2249,
frame_ms,0.2044,
frame_ms,0.235,
frame_ms,0.2405,
frame_ms,0.207,
frame_ms,0.2047,
frame_ms,0.2661,
frame_ms,0.2306,
frame_ms,0.2031,
frame_ms,0.2523,
frame_ms,0.2174,
frame_ms,0.2002,
frame_ms,0.2626,
frame_ms,0.2154,
frame_ms,0.1979,
tick_us,188,152
frame_ms,0.6439,
frame_ms,0.2278,
frame_ms,0.2012,
frame_ms,0.207,
frame_ms,0.203,
frame_ms,0.2076,
frame_ms,0.2377,
frame_ms,0.2174,
frame_ms,0.2,
frame_ms,0.243,
frame_ms,0.2165,
frame_ms,0.1998,
frame_ms,0.2544,
frame_ms,0.2195,
frame_ms,0.2116,
frame_ms,0.2454,
frame_ms,0.2144,
frame_ms,0.1999,
frame_ms,0.2527,
frame_ms,0.2267,
frame_ms,0.1988,
frame_ms,0.2334,
frame_ms,0.2128,
frame_ms,0.1991,
frame_ms,0.2538,
frame_ms,0.2145,
frame_ms,0.2004,
frame_ms,0.2325,
frame_ms,0.2076,
frame_ms,0.199,
tick_us,187.1,155
frame_ms,0.6578,
frame_ms,0.2326,
frame_ms,0.1994,
frame_ms,0.205,
frame_ms,0.1958,
frame_ms,0.2476,
frame_ms,0.2203,
frame_ms,0.2914,
frame_ms,0.294,
frame_ms,0.2305,
frame_ms,0.2034,
frame_ms,0.1984,
frame_ms,0.2652,
frame_ms,0.2213,
frame_ms,0.1994,
frame_ms,0.2388,
frame_ms,0.2187,
frame_ms,0.2003,
frame_ms,0.2511,
frame_ms,0.2153,
frame_ms,0.2089,
frame_ms,0.2142,
frame_ms,0.2818,
frame_ms,0.2692,
frame_ms,0.2327,
frame_ms,0.2593,
frame_ms,0.2128,
frame_ms,0.213,
tick_us,234.2,157
frame_ms,0.7145,
frame_ms,0.244,
frame_ms,0.21,
frame_ms,0.2139,
frame_ms,0.2148,
frame_ms,0.2314,
frame_ms,0.2292,
frame_ms,0.2278,
frame_ms,0.2131,
frame_ms,0.2222,
frame_ms,0.2511,
frame_ms,0.2584,
frame_ms,0.2236,
frame_ms,0.2095,
frame_ms,0.2338,
frame_ms,0.217,
frame_ms,0.201,
frame_ms,0.2364,
frame_ms,0.2437,
frame_ms,0.2161,
frame_ms,0.2082,
frame_ms,0.4113,
frame_ms,0.3387,
frame_ms,0.2537,
frame_ms,0.211,
frame_ms,0.2112,
frame_ms,0.2113,
tick_us,241.2,149
frame_ms,0.729,
frame_ms,0.3023,
frame_ms,0.2501,
frame_ms,0.216,
frame_ms,0.2203,
frame_ms,0.2115,
frame_ms,0.2378,
frame_ms,0.2163,
frame_ms,0.2736,
frame_ms,0.41,
frame_ms,0.378,
frame_ms,0.3476,
frame_ms,0.434,
frame_ms,0.372,
frame_ms,0.4078,
frame_ms,0.274,
frame_ms,0.219,
frame_ms,0.2234,
frame_ms,0.2332,
frame_ms,0.2218,
frame_ms,0.2232,
frame_ms,0.2271,
frame_ms,0.2369,
frame_ms,0.2256,
tick_us,308.5,151
frame_ms,0.7917,
frame_ms,0.3319,
frame_ms,0.2574,
frame_ms,0.2178,
frame_ms,0.2274,
frame_ms,0.305,
frame_ms,0.2383,
frame_ms,0.2523,
frame_ms,0.2277,
frame_ms,0.2227,
frame_ms,0.2199,
frame_ms,0.2157,
frame_ms,0.2352,
frame_ms,0.2125,
frame_ms,0.2346,
frame_ms,0.2205,
frame_ms,0.2624,
frame_ms,0.2293,
frame_ms,0.2137,
frame_ms,0.2298,
frame_ms,0.2886,
frame_ms,0.2254,
frame_ms,0.2468,
frame_ms,0.5303,
frame_ms,0.2487,
tick_us,227.5,152
frame_ms,0.6687,
frame_ms,0.2329,
frame_ms,0.2078,
frame_ms,0.2273,
frame_ms,0.2103,
frame_ms,0.2366,
frame_ms,0.2138,
frame_ms,0.2409,
frame_ms,0.2174,
frame_ms,0.5058,
frame_ms,0.2086,
frame_ms,0.2089,
frame_ms,0.199,
frame_ms,0.2607,
frame_ms,0.2784,
frame_ms,0.2329,
frame_ms,0.2161,
frame_ms,0.2166,
frame_ms,0.2411,
frame_ms,0.6693,
frame_ms,0.4379,
frame_ms,0.2497,
frame_ms,0.2153,
frame_ms,0.2158,
frame_ms,0.2095,
tick_us,239.4,147
frame_ms,0.692,
frame_ms,0.2299,
frame_ms,0.208,
frame_ms,0.2071,
frame_ms,0.207,
frame_ms,0.2454,
frame_ms,0.2763,
frame_ms,0.2349,
frame_ms,0.2231,
frame_ms,0.2223,
frame_ms,0.2347,
frame_ms,0.2283,
frame_ms,0.2743,
frame_ms,0.2224,
frame_ms,0.2178,
frame_ms,0.2381,
frame_ms,0.2181,
frame_ms,0.2164,
frame_ms,0.237,
frame_ms,0.2222,
frame_ms,0.2099,
frame_ms,0.2517,
frame_ms,0.2221,
frame_ms,0.2075,
frame_ms,0.2273,
frame_ms,0.2076,
frame_ms,0.2017,
frame_ms,0.2776,
tick_us,235.8,141
frame_ms,0.6996,
frame_ms,0.2345,
frame_ms,0.2532,
frame_ms,0.2193,
frame_ms,0.2121,
frame_ms,0.2293,
frame_ms,0.2479,
frame_ms,0.2057,
frame_ms,0.1985,
frame_ms,0.2026,
frame_ms,0.2778,
frame_ms,0.2195,
frame_ms,0.2095,
frame_ms,0.239,
frame_ms,0.2274,
frame_ms,0.2107,
frame_ms,0.271,
frame_ms,0.3453,
frame_ms,0.2446,
frame_ms,0.2219,
frame_ms,0.2225,
frame_ms,0.2117,
frame_ms,0.2132,
frame_ms,0.2659,
frame_ms,0.5441,
frame_ms,0.3886,
tick_us,224,138
frame_ms,0.7929,
frame_ms,0.2875,
frame_ms,0.293,
frame_ms,0.2588,
frame_ms,0.2217,
frame_ms,0.2217,
frame_ms,0.2159,
frame_ms,0.209,
frame_ms,0.2611,
frame_ms,0.3082,
frame_ms,0.234,
frame_ms,0.2225,
frame_ms,0.2152,
frame_ms,0.2148,
frame_ms,0.244,
frame_ms,0.276,
frame_ms,0.2175,
frame_ms,0.2163,
frame_ms,0.2405,
frame_ms,0.2405,
frame_ms,0.2282,
frame_ms,0.2183,
frame_ms,0.2324,
frame_ms,0.2817,
frame_ms,0.338,
frame_ms,0.2733,
tick_us,246.4,136
frame_ms,0.7215,
frame_ms,0.2552,
frame_ms,0.2754,
frame_ms,0.2375,
frame_ms,0.2183,
frame_ms,0.2304,
frame_ms,0.4511,
frame_ms,0.7026,
frame_ms,0.3598,
frame_ms,0.2613,
frame_ms,0.2144,
frame_ms,0.2247,
frame_ms,0.2154,
frame_ms,0.2962,
frame_ms,0.257,
frame_ms,0.2355,
frame_ms,0.2292,
frame_ms,0.2216,
frame_ms,0.2199,
frame_ms,0.2634,
frame_ms,0.276,
frame_ms,0.233,
frame_ms,0.3082,
tick_us,240.3,138
frame_ms,0.7728,
frame_ms,0.2544,
frame_ms,0.3388,
frame_ms,0.2195,
frame_ms,0.2249,
frame_ms,0.2073,
frame_ms,0.2056,
frame_ms,0.2547,
frame_ms,0.2616,
frame_ms,0.2331,
frame_ms,0.221,
frame_ms,0.2116,
frame_ms,0.2647,
frame_ms,0.2586,
frame_ms,0.2167,
frame_ms,0.2123,
frame_ms,0.2794,
frame_ms,0.2759,
frame_ms,0.2372,
frame_ms,0.2248,
frame_ms,0.259,
frame_ms,0.2163,
frame_ms,0.2358,
frame_ms,0.3266,
frame_ms,0.2503,
frame_ms,0.4141,
tick_us,241.1,138
frame_ms,0.8689,
frame_ms,0.2549,
frame_ms,0.2134,
frame_ms,0.2062,
frame_ms,0.2056,
frame_ms,0.2952,
frame_ms,0.2966,
frame_ms,0.2369,
frame_ms,0.2244,
frame_ms,0.2635,
frame_ms,0.2294,
frame_ms,0.2121,
frame_ms,0.2056,
frame_ms,0.2974,
frame_ms,0.2784,
frame_ms,0.2467,
frame_ms,0.2292,
frame_ms,0.218,
frame_ms,0.2117,
frame_ms,0.2187,
frame_ms,0.2634,
frame_ms,0.2219,
frame_ms,0.2146,
frame_ms,0.2582,
frame_ms,0.2289,
frame_ms,0.2116,
tick_us,228.6,133
frame_ms,0.6883,
frame_ms,0.2391,
frame_ms,0.2103,
frame_ms,0.2203,
frame_ms,0.2129,
frame_ms,0.2104,
frame_ms,0.2661,
frame_ms,0.2306,
frame_ms,0.2136,
frame_ms,0.7313,
frame_ms,0.3093,
frame_ms,0.2179,
frame_ms,0.2139,
frame_ms,0.2055,
frame_ms,0.2742,
frame_ms,0.2635,
frame_ms,0.2409,
frame_ms,0.222,
frame_ms,0.2116,
frame_ms,0.2414,
frame_ms,0.2111,
frame_ms,0.2522,
frame_ms,0.2077,
frame_ms,0.2655,
frame_ms,0.277,
tick_us,209.5,131
frame_ms,0.6994,
frame_ms,0.2702,
frame_ms,0.2455,
frame_ms,0.2251,
frame_ms,0.2572,
frame_ms,0.2512,
frame_ms,0.2214,
frame_ms,0.2113,
frame_ms,0.2007,
frame_ms,0.2753,
frame_ms,0.2347,
frame_ms,0.2152,
frame_ms,0.2647,
frame_ms,0.228,
frame_ms,0.2109,
frame_ms,0.2913,
frame_ms,0.2548,
frame_ms,0.2088,
frame_ms,0.2115,
frame_ms,0.2756,
frame_ms,0.2598,
frame_ms,0.2244,
frame_ms,0.2158,
frame_ms,0.2102,
frame_ms,0.246,
frame_ms,0.2724,
frame_ms,0.2238,
tick_us,199.3,127
frame_ms,0.624,
frame_ms,0.2381,
frame_ms,0.214,
frame_ms,0.2149,
frame_ms,0.2106,
frame_ms,0.2323,
frame_ms,0.211,
frame_ms,0.1995,
frame_ms,0.2612,
frame_ms,0.2304,
frame_ms,0.204,
frame_ms,0.2278,
frame_ms,0.2097,
frame_ms,0.2053,
frame_ms,0.2546,
frame_ms,0.2284,
frame_ms,0.2194,
frame_ms,0.2168,
frame_ms,0.2002,
frame_ms,0.2482,
frame_ms,0.2936,
frame_ms,0.2901,
frame_ms,0.234,
frame_ms,0.2256,
frame_ms,0.2198,
frame_ms,0.2111,
frame_ms,0.2641,
frame_ms,0.2244,
frame_ms,0.2059,
tick_us,186.6,125
frame_ms,0.6645,
frame_ms,0.3391,
frame_ms,0.2269,
frame_ms,0.2081,
frame_ms,0.2145,
frame_ms,0.2085,
frame_ms,0.2612,
frame_ms,0.2317,
frame_ms,0.2084,
frame_ms,0.2374,
frame_ms,0.2085,
frame_ms,0.2136,
frame_ms,0.253,
frame_ms,0.2297,
frame_ms,0.205,
frame_ms,0.2377,
frame_ms,0.2221,
frame_ms,0.2071,
frame_ms,0.2513,
frame_ms,0.2188,
frame_ms,0.208,
frame_ms,0.2646,
frame_ms,0.2301,
frame_ms,0.2099,
frame_ms,0.228,
frame_ms,0.2326,
frame_ms,0.2068,
frame_ms,0.2382,
tick_us,194.7,127
frame_ms,0.6207,
frame_ms,0.2278,
frame_ms,0.2044,
frame_ms,0.2097,
frame_ms,0.2066,
frame_ms,0.2307,
frame_ms,0.2161,
frame_ms,0.2035,
frame_ms,0.2452,
frame_ms,0.2165,
frame_ms,0.2273,
frame_ms,0.2364,
frame_ms,0.221,
frame_ms,0.2031,
frame_ms,0.2464,
frame_ms,0.208,
frame_ms,0.2508,
frame_ms,0.4037,
frame_ms,0.4781,
frame_ms,0.3833,
frame_ms,0.2654,
frame_ms,0.2407,
frame_ms,0.2053,
frame_ms,0.2094,
frame_ms,0.5608,
tick_us,207.4,125
frame_ms,0.7941,
frame_ms,0.2309,
frame_ms,0.2074,
frame_ms,0.2133,
frame_ms,0.2098,
frame_ms,0.2794,
frame_ms,0.2874,
frame_ms,0.245,
frame_ms,0.2131,
frame_ms,0.2233,
frame_ms,0.2118,
frame_ms,0.2563,
frame_ms,0.2144,
frame_ms,0.4569,
frame_ms,0.2499,
frame_ms,0.2179,
frame_ms,0.2078,
frame_ms,0.2895,
frame_ms,0.267,
frame_ms,0.2356,
frame_ms,0.2193,
frame_ms,0.2847,
frame_ms,0.2244,
frame_ms,0.2121,
frame_ms,0.2865,
frame_ms,0.2646,
tick_us,229.4,129
frame_ms,0.6811,
frame_ms,0.243,
frame_ms,0.2112,
frame_ms,0.2179,
frame_ms,0.2243,
frame_ms,0.2084,
frame_ms,0.259,
frame_ms,0.2215,
frame_ms,0.2287,
frame_ms,0.2912,
frame_ms,0.3135,
frame_ms,0.9423,
frame_ms,0.2896,
frame_ms,0.3088,
frame_ms,0.2167,
frame_ms,0.2189,
frame_ms,0.212,
frame_ms,0.2123,
frame_ms,0.2683,
frame_ms,0.2816,
frame_ms,0.2452,
frame_ms,0.218,
frame_ms,0.2465,
frame_ms,0.2111,
tick_us,203.1,130
frame_ms,0.6335,
frame_ms,0.2466,
frame_ms,0.2073,
frame_ms,0.3431,
frame_ms,0.2455,
frame_ms,0.2207,
frame_ms,0.2139,
frame_ms,0.2328,
frame_ms,0.2349,
frame_ms,0.2191,
frame_ms,0.209,
frame_ms,0.2546,
frame_ms,0.2248,
frame_ms,0.2139,
frame_ms,0.235,
frame_ms,0.2235,
frame_ms,0.2254,
frame_ms,0.2508,
frame_ms,0.2493,
frame_ms,0.221,
frame_ms,0.2072,
frame_ms,0.2035,
frame_ms,0.3031,
frame_ms,0.2762,
frame_ms,0.24,
frame_ms,0.2249,
frame_ms,0.2143,
frame_ms,0.2047,
tick_us,206.1,126
frame_ms,0.6853,
frame_ms,0.2368,
frame_ms,0.208,
frame_ms,0.2302,
frame_ms,0.2071,
frame_ms,0.2031,
frame_ms,0.2374,
frame_ms,0.214,
frame_ms,0.2252,
frame_ms,0.2397,
frame_ms,0.2198,
frame_ms,0.2349,
frame_ms,0.2065,
frame_ms,0.2012,
frame_ms,0.2653,
frame_ms,0.2316,
frame_ms,0.2065,
frame_ms,0.2437,
frame_ms,0.2104,
frame_ms,0.2314,
frame_ms,0.2107,
frame_ms,0.2332,
frame_ms,0.2148,
frame_ms,0.2051,
frame_ms,0.2576,
frame_ms,0.2309,
frame_ms,0.2084,
frame_ms,0.2533,
frame_ms,0.2445,
tick_us,192.3,122
frame_ms,0.6197,
frame_ms,0.2261,
frame_ms,0.2055,
frame_ms,0.2101,
frame_ms,0.2157,
frame_ms,0.2092,
frame_ms,0.2543,
frame_ms,0.2766,
frame_ms,0.2323,
frame_ms,0.2341,
frame_ms,0.874,
frame_ms,0.2942,
frame_ms,0.2339,
frame_ms,0.2066,
frame_ms,0.2038,
frame_ms,0.2102,
frame_ms,0.2709,
frame_ms,0.2312,
frame_ms,0.2129,
frame_ms,0.2374,
frame_ms,0.2217,
frame_ms,0.2337,
frame_ms,0.2231,
frame_ms,0.271,
frame_ms,0.2376,
tick_us,211.9,120
frame_ms,0.6487,
frame_ms,0.2541,
frame_ms,0.2089,
frame_ms,0.2111,
frame_ms,0.2146,
frame_ms,0.227,
frame_ms,0.2241,
frame_ms,0.2189,
frame_ms,0.2052,
frame_ms,0.2532,
frame_ms,0.2182,
frame_ms,0.2469,
frame_ms,0.2617,
frame_ms,0.2251,
frame_ms,0.208,
frame_ms,0.2087,
frame_ms,0.2345,
frame_ms,0.2101,
frame_ms,0.2,
frame_ms,0.2988,
frame_ms,0.2888,
frame_ms,0.2371,
frame_ms,0.2195,
frame_ms,0.209,
frame_ms,0.2132,
frame_ms,0.2791,
frame_ms,0.225,
frame_ms,0.2337,
tick_us,263.7,119
frame_ms,0.831,
frame_ms,0.3605,
frame_ms,0.3738,
frame_ms,0.3481,
frame_ms,0.2807,
frame_ms,0.2305,
frame_ms,0.2151,
frame_ms,0.2166,
frame_ms,0.2215,
frame_ms,0.2275,
frame_ms,0.2172,
frame_ms,0.2208,
frame_ms,0.1991,
frame_ms,0.2114,
frame_ms,0.234,
frame_ms,0.2257,
frame_ms,0.2094,
frame_ms,0.4326,
frame_ms,0.3925,
frame_ms,0.24,
frame_ms,0.3428,
frame_ms,0.3636,
frame_ms,0.2121,
frame_ms,0.2159,
tick_us,211.3,123
frame_ms,0.6474,
frame_ms,0.2373,
frame_ms,0.2128,
frame_ms,0.2162,
frame_ms,0.21,
frame_ms,0.2392,
frame_ms,0.2245,
frame_ms,0.2298,
frame_ms,0.2113,
frame_ms,0.3059,
frame_ms,0.2881,
frame_ms,0.2468,
frame_ms,0.2419,
frame_ms,0.2323,
frame_ms,0.2338,
frame_ms,0.226,
frame_ms,0.2371,
frame_ms,0.2771,
frame_ms,0.2243,
frame_ms,0.2121,
frame_ms,0.2234,
frame_ms,0.2228,
frame_ms,0.2145,
frame_ms,0.2283,
frame_ms,0.23,
frame_ms,0.2053,
frame_ms,0.2036,
frame_ms,0.2593,
tick_us,257.9,121
frame_ms,0.8348,
frame_ms,0.3581,
frame_ms,0.2566,
frame_ms,0.2082,
frame_ms,0.2123,
frame_ms,0.2035,
frame_ms,0.2055,
frame_ms,0.2728,
frame_ms,0.2287,
frame_ms,0.2043,
frame_ms,0.2261,
frame_ms,0.1987,
frame_ms,0.2311,
frame_ms,0.2045,
frame_ms,0.2067,
frame_ms,0.2699,
frame_ms,0.2383,
frame_ms,0.2032,
frame_ms,0.2264,
frame_ms,0.2009,
frame_ms,0.2059,
frame_ms,0.2698,
frame_ms,0.2292,
frame_ms,0.2075,
frame_ms,0.3087,
frame_ms,0.4424,
tick_us,232.9,122
frame_ms,1.0412,
frame_ms,0.24,
frame_ms,0.209,
frame_ms,0.2141,
frame_ms,0.2156,
frame_ms,0.3167,
frame_ms,0.2269,
frame_ms,0.2074,
frame_ms,0.2336,
frame_ms,0.2822,
frame_ms,0.2111,
frame_ms,0.2033,
frame_ms,0.2268,
frame_ms,0.2119,
frame_ms,0.2012,
frame_ms,0.2583,
frame_ms,0.2289,
frame_ms,0.2111,
frame_ms,0.233,
frame_ms,0.1992,
frame_ms,0.2336,
frame_ms,0.2243,
frame_ms,0.2144,
frame_ms,0.2416,
frame_ms,0.22,
frame_ms,0.2177,
frame_ms,0.1977,
frame_ms,0.2373,
tick_us,214.7,122
frame_ms,0.693,
frame_ms,0.2523,
frame_ms,0.207,
frame_ms,0.2125,
frame_ms,0.2088,
frame_ms,0.2066,
frame_ms,0.2555,
frame_ms,0.2293,
frame_ms,0.2078,
frame_ms,0.2491,
frame_ms,0.3238,
frame_ms,0.3988,
frame_ms,0.4326,
frame_ms,0.2417,
frame_ms,0.2097,
frame_ms,0.2125,
frame_ms,0.2086,
frame_ms,0.2127,
frame_ms,0.2634,
frame_ms,0.2299,
frame_ms,0.2041,
frame_ms,0.241,
frame_ms,0.2183,
frame_ms,0.2046,
frame_ms,0.2449,
frame_ms,0.2263,
tick_us,208,122
frame_ms,0.6327,
frame_ms,0.2349,
frame_ms,0.2047,
frame_ms,0.2987,
frame_ms,0.265,
frame_ms,0.2359,
frame_ms,0.2333,
frame_ms,0.236,
frame_ms,0.245,
frame_ms,0.227,
frame_ms,0.2852,
frame_ms,0.2367,
frame_ms,0.2236,
frame_ms,0.2096,
frame_ms,0.2096,
frame_ms,0.2528,
frame_ms,0.2284,
frame_ms,0.2101,
frame_ms,0.238,
frame_ms,0.2071,
frame_ms,0.2123,
frame_ms,0.263,
frame_ms,0.227,
frame_ms,0.2143,
frame_ms,0.2549,
frame_ms,0.2762,
frame_ms,0.2441,
frame_ms,0.2342,
tick_us,222,126
frame_ms,0.7772,
frame_ms,0.2579,
frame_ms,0.2892,
frame_ms,0.2149,
frame_ms,0.2087,
frame_ms,0.2095,
frame_ms,0.2031,
frame_ms,0.262,
frame_ms,0.2202,
frame_ms,0.2049,
frame_ms,0.2526,
frame_ms,0.2172,
frame_ms,0.2065,
frame_ms,0.253,
frame_ms,0.2258,
frame_ms,0.233,
frame_ms,0.2048,
frame_ms,0.2566,
frame_ms,0.3548,
frame_ms,0.4291,
frame_ms,0.273,
frame_ms,0.2181,
frame_ms,0.2099,
frame_ms,0.2032,
frame_ms,0.2345,
frame_ms,0.2098,
tick_us,212.3,127
frame_ms,0.6723,
frame_ms,0.2374,
frame_ms,0.2076,
frame_ms,0.2115,
frame_ms,0.208,
frame_ms,0.2143,
frame_ms,0.2616,
frame_ms,0.2326,
frame_ms,0.2064,
frame_ms,0.234,
frame_ms,1.2803,
frame_ms,0.6763,
frame_ms,0.412,
frame_ms,0.2596,
frame_ms,0.218,
frame_ms,0.2142,
frame_ms,0.2108,
frame_ms,0.2304,
frame_ms,0.2351,
frame_ms,0.2182,
frame_ms,0.205,
frame_ms,0.2461,
tick_us,223.6,126
frame_ms,0.6927,
frame_ms,0.2358,
frame_ms,0.2051,
frame_ms,0.2113,
frame_ms,0.208,
frame_ms,0.2411,
frame_ms,0.2151,
frame_ms,0.2056,
frame_ms,0.2458,
frame_ms,0.2074,
frame_ms,0.2116,
frame_ms,0.2391,
frame_ms,0.2282,
frame_ms,0.2078,
frame_ms,0.2539,
frame_ms,0.2716,
frame_ms,0.2374,
frame_ms,0.2189,
frame_ms,0.2179,
frame_ms,0.2281,
frame_ms,0.2267,
frame_ms,0.2705,
frame_ms,0.2287,
frame_ms,0.2071,
frame_ms,0.2469,
frame_ms,0.2238,
frame_ms,0.2288,
frame_ms,0.2514,
tick_us,220.7,126
frame_ms,0.6701,
frame_ms,0.2365,
frame_ms,0.2067,
frame_ms,0.2274,
frame_ms,0.223,
frame_ms,0.4098,
frame_ms,0.3608,
frame_ms,0.3412,
frame_ms,0.3369,
frame_ms,0.335,
frame_ms,0.3465,
frame_ms,0.3345,
frame_ms,0.414,
frame_ms,0.2646,
frame_ms,0.2142,
frame_ms,0.2175,
frame_ms,0.2055,
frame_ms,0.2783,
frame_ms,0.2807,
frame_ms,0.2435,
frame_ms,0.2239,
frame_ms,0.2064,
frame_ms,0.2038,
frame_ms,0.2477,
tick_us,223.6,128
frame_ms,0.7018,
frame_ms,0.2354,
frame_ms,0.2063,
frame_ms,0.2124,
frame_ms,0.2076,
frame_ms,0.2295,
frame_ms,0.2067,
frame_ms,0.2638,
frame_ms,0.2604,
frame_ms,0.2244,
frame_ms,0.211,
frame_ms,0.2699,
frame_ms,0.2257,
frame_ms,0.2022,
frame_ms,0.2452,
frame_ms,0.2362,
frame_ms,0.2086,
frame_ms,0.2312,
frame_ms,0.2081,
frame_ms,0.1991,
frame_ms,0.2507,
frame_ms,0.2177,
frame_ms,0.2003,
frame_ms,0.248,
frame_ms,0.2155,
frame_ms,0.2012,
frame_ms,0.25,
frame_ms,0.2302,
tick_us,228.5,130
frame_ms,0.6813,
frame_ms,0.2458,
frame_ms,0.2165,
frame_ms,0.2119,
frame_ms,0.2178,
frame_ms,0.2112,
frame_ms,0.2552,
frame_ms,0.2155,
frame_ms,0.1997,
frame_ms,0.2367,
frame_ms,0.2265,
frame_ms,0.2122,
frame_ms,0.2467,
frame_ms,0.2196,
frame_ms,0.2055,
frame_ms,0.2236,
frame_ms,0.2263,
frame_ms,0.2036,
frame_ms,0.2679,
frame_ms,0.2409,
frame_ms,0.2089,
frame_ms,0.2038,
frame_ms,0.2432,
frame_ms,0.7513,
frame_ms,0.3334,
frame_ms,0.2408,
tick_us,239.6,132
frame_ms,0.6828,
frame_ms,0.2387,
frame_ms,0.206,
frame_ms,0.2722,
frame_ms,0.2127,
frame_ms,0.2434,
frame_ms,0.2056,
frame_ms,0.204,
frame_ms,0.2666,
frame_ms,0.2229,
frame_ms,0.202,
frame_ms,0.2411,
frame_ms,0.2143,
frame_ms,0.202,
frame_ms,0.244,
frame_ms,0.2236,
frame_ms,0.2003,
frame_ms,0.2326,
frame_ms,0.2422,
frame_ms,0.2552,
frame_ms,0.218,
frame_ms,0.2126,
frame_ms,0.2465,
frame_ms,0.251,
frame_ms,0.211,
frame_ms,0.2042,
frame_ms,0.2578,
frame_ms,0.2234,
frame_ms,0.2015,
tick_us,248.2,137
frame_ms,0.7279,
frame_ms,0.2264,
frame_ms,0.2029,
frame_ms,0.2089,
frame_ms,0.2074,
frame_ms,0.2489,
frame_ms,0.2185,
frame_ms,0.2035,
frame_ms,0.2345,
frame_ms,0.229,
frame_ms,0.2104,
frame_ms,0.2352,
frame_ms,0.206,
frame_ms,0.1989,
frame_ms,0.2743,
frame_ms,0.2274,
frame_ms,0.2136,
frame_ms,0.2462,
frame_ms,0.2225,
frame_ms,0.2016,
frame_ms,0.2459,
frame_ms,0.2188,
frame_ms,0.1982,
frame_ms,0.2497,
frame_ms,0.2164,
frame_ms,0.214,
frame_ms,0.2459,
frame_ms,0.2207,
frame_ms,0.2079,
tick_us,241.3,133
frame_ms,0.7339,
frame_ms,0.2332,
frame_ms,0.2028,
frame_ms,0.1997,
frame_ms,0.1985,
frame_ms,0.2461,
frame_ms,0.2177,
frame_ms,0.2025,
frame_ms,0.2556,
frame_ms,0.22,
frame_ms,0.2005,
frame_ms,0.2516,
frame_ms,0.2233,
frame_ms,0.2006,
frame_ms,0.2448,
frame_ms,0.2263,
frame_ms,0.2056,
frame_ms,0.241,
frame_ms,0.2218,
frame_ms,0.2268,
frame_ms,0.2612,
frame_ms,0.2746,
frame_ms,0.2403,
frame_ms,0.2302,
frame_ms,0.2206,
frame_ms,0.2243,
frame_ms,0.2136,
frame_ms,0.2469,
tick_us,242.1,131
frame_ms,0.7026,
frame_ms,0.2344,
frame_ms,0.2124,
frame_ms,0.4232,
frame_ms,0.433,
frame_ms,0.3733,
frame_ms,0.699,
frame_ms,0.3284,
frame_ms,0.2441,
frame_ms,0.2448,
frame_ms,0.2231,
frame_ms,0.238,
frame_ms,0.2629,
frame_ms,0.2219,
frame_ms,0.2358,
frame_ms,0.2688,
frame_ms,0.228,
frame_ms,0.2169,
frame_ms,0.2333,
frame_ms,0.2564,
frame_ms,0.225,
frame_ms,0.2116,
frame_ms,0.2211,
tick_us,253.6,136
frame_ms,0.7275,
frame_ms,0.2355,
frame_ms,0.2083,
frame_ms,0.2177,
frame_ms,0.2115,
frame_ms,0.3334,
frame_ms,0.3979,
frame_ms,0.3012,
frame_ms,0.2972,
frame_ms,0.2682,
frame_ms,0.2219,
frame_ms,0.2255,
frame_ms,0.2396,
frame_ms,0.7284,
frame_ms,0.9826,
frame_ms,0.5199,
frame_ms,0.3542,
frame_ms,0.2396,
frame_ms,0.2171,
tick_us,243.7,140
frame_ms,0.7205,
frame_ms,0.2719,
frame_ms,0.227,
frame_ms,0.2131,
frame_ms,0.2163,
frame_ms,0.2081,
frame_ms,0.2415,
frame_ms,0.2094,
frame_ms,0.2641,
frame_ms,0.2805,
frame_ms,0.2307,
frame_ms,0.2137,
frame_ms,0.2707,
frame_ms,0.2309,
frame_ms,0.2321,
frame_ms,0.249,
frame_ms,0.2546,
frame_ms,0.3052,
frame_ms,0.4379,
frame_ms,0.9509,
frame_ms,0.6991,
tick_us,254.5,139
frame_ms,0.8711,
frame_ms,0.2575,
frame_ms,0.3177,
frame_ms,0.7379,
frame_ms,0.6695,
frame_ms,0.2597,
frame_ms,0.2156,
frame_ms,0.3486,
frame_ms,0.2531,
frame_ms,0.2312,
frame_ms,0.2142,
frame_ms,0.2205,
frame_ms,0.3499,
frame_ms,0.3894,
frame_ms,1.0102,
frame_ms,0.4432,
tick_us,249.5,136
frame_ms,1.1112,
frame_ms,0.321,
frame_ms,0.4363,
frame_ms,1.0788,
frame_ms,0.2877,
frame_ms,0.2805,
frame_ms,0.3574,
frame_ms,0.5125,
frame_ms,0.3576,
frame_ms,0.3592,
frame_ms,0.3915,
frame_ms,0.3056,
frame_ms,0.3189,
frame_ms,0.2251,
frame_ms,0.2977,
frame_ms,0.5219,
tick_us,252.2,137
frame_ms,0.8755,
frame_ms,0.4284,
frame_ms,0.3979,
frame_ms,0.2854,
frame_ms,0.3029,
frame_ms,0.3449,
frame_ms,0.4159,
frame_ms,0.3126,
frame_ms,0.3626,
frame_ms,0.3672,
frame_ms,0.3563,
frame_ms,0.3374,
frame_ms,0.3402,
frame_ms,0.3372,
frame_ms,0.4072,
frame_ms,0.3305,
frame_ms,0.2794,
frame_ms,0.2574,
frame_ms,0.2473,
tick_us,263.7,138
frame_ms,0.7466,
frame_ms,0.2723,
frame_ms,0.239,
frame_ms,0.2362,
frame_ms,0.2355,
frame_ms,0.2278,
frame_ms,0.2222,
frame_ms,0.2434,
frame_ms,0.2467,
frame_ms,0.2293,
frame_ms,0.2308,
frame_ms,0.2252,
frame_ms,0.2532,
frame_ms,0.2265,
frame_ms,0.3216,
frame_ms,0.2754,
frame_ms,0.2665,
frame_ms,0.2396,
frame_ms,0.2555,
frame_ms,0.2621,
frame_ms,0.2953,
frame_ms,0.2701,
frame_ms,0.223,
frame_ms,0.2195,
frame_ms,0.2105,
frame_ms,0.2332,
tick_us,255.4,138
frame_ms,0.749,
frame_ms,0.2777,
frame_ms,0.2342,
frame_ms,0.2264,
frame_ms,0.2191,
frame_ms,0.2158,
frame_ms,0.2454,
frame_ms,0.2154,
frame_ms,0.3359,
frame_ms,0.2919,
frame_ms,0.2473,
frame_ms,0.2455,
frame_ms,0.2316,
frame_ms,0.2226,
frame_ms,0.2253,
frame_ms,0.4641,
frame_ms,0.2845,
frame_ms,0.3205,
frame_ms,0.2562,
frame_ms,0.2179,
frame_ms,0.2195,
frame_ms,0.2116,
frame_ms,0.2124,
frame_ms,0.2419,
frame_ms,0.2426,
tick_us,266.3,139
frame_ms,0.8331,
frame_ms,0.2708,
frame_ms,0.2292,
frame_ms,0.2214,
frame_ms,0.2167,
frame_ms,0.2121,
frame_ms,0.251,
frame_ms,0.2147,
frame_ms,0.2042,
frame_ms,0.2312,
frame_ms,0.2249,
frame_ms,0.2074,
frame_ms,0.2434,
frame_ms,0.2228,
frame_ms,0.2071,
frame_ms,0.2722,
frame_ms,0.2787,
frame_ms,0.2376,
frame_ms,0.23,
frame_ms,0.2171,
frame_ms,0.2162,
frame_ms,0.2566,
frame_ms,0.2544,
frame_ms,0.2135,
frame_ms,0.205,
frame_ms,0.2584,
frame_ms,0.2269,
frame_ms,0.2024,
tick_us,243.7,136
frame_ms,0.72,
frame_ms,0.2355,
frame_ms,0.2035,
frame_ms,0.2113,
frame_ms,0.2112,
frame_ms,0.2272,
frame_ms,0.2339,
frame_ms,0.21,
frame_ms,0.2256,
frame_ms,0.2308,
frame_ms,0.2634,
frame_ms,0.2722,
frame_ms,0.2643,
frame_ms,0.2306,
frame_ms,0.2832,
frame_ms,0.225,
frame_ms,0.2098,
frame_ms,0.2116,
frame_ms,0.2427,
frame_ms,0.2291,
frame_ms,0.2082,
frame_ms,0.2316,
frame_ms,0.2233,
frame_ms,0.2337,
frame_ms,0.2369,
frame_ms,0.2146,
frame_ms,0.2023,
frame_ms,0.2421,
tick_us,236.4,142
frame_ms,0.7193,
frame_ms,0.2272,
frame_ms,0.2094,
frame_ms,0.2053,
frame_ms,0.203,
frame_ms,0.2419,
frame_ms,0.2101,
frame_ms,0.2847,
frame_ms,0.2531,
frame_ms,0.2413,
frame_ms,0.2342,
frame_ms,0.2337,
frame_ms,0.2159,
frame_ms,0.2333,
frame_ms,0.2528,
frame_ms,0.2217,
frame_ms,0.2309,
frame_ms,0.2158,
frame_ms,0.2177,
frame_ms,0.3064,
frame_ms,0.2724,
frame_ms,0.2303,
frame_ms,0.301,
frame_ms,0.3491,
frame_ms,0.26,
frame_ms,0.2784,
tick_us,237.2,141
frame_ms,0.7269,
frame_ms,0.3281,
frame_ms,0.3699,
frame_ms,0.2614,
frame_ms,0.3155,
frame_ms,0.214,
frame_ms,0.214,
frame_ms,0.2129,
frame_ms,0.2094,
frame_ms,0.2579,
frame_ms,0.2249,
frame_ms,0.2152,
frame_ms,0.3226,
frame_ms,0.5216,
frame_ms,0.3502,
frame_ms,0.3442,
frame_ms,0.3339,
frame_ms,0.3348,
frame_ms,0.3538,
frame_ms,0.3416,
frame_ms,0.3429,
tick_us,288.4,143
frame_ms,0.9178,
frame_ms,0.3411,
frame_ms,0.3784,
frame_ms,0.3733,
frame_ms,0.3041,
frame_ms,0.246,
frame_ms,0.2185,
frame_ms,0.219,
frame_ms,0.2224,
frame_ms,0.2394,
frame_ms,0.2137,
frame_ms,0.216,
frame_ms,0.2334,
frame_ms,0.4316,
frame_ms,0.3023,
frame_ms,0.2501,
frame_ms,0.2131,
frame_ms,0.2163,
frame_ms,0.2128,
frame_ms,0.2404,
frame_ms,0.2119,
frame_ms,0.2143,
frame_ms,0.2164,
frame_ms,0.2819,
frame_ms,0.2786,
tick_us,259.5,142
frame_ms,0.7583,
frame_ms,0.2644,
frame_ms,0.2162,
frame_ms,0.225,
frame_ms,0.2158,
frame_ms,0.2397,
frame_ms,0.2278,
frame_ms,0.2125,
frame_ms,0.2388,
frame_ms,0.2488,
frame_ms,0.2147,
frame_ms,0.2346,
frame_ms,0.2123,
frame_ms,0.238,
frame_ms,0.2266,
frame_ms,0.2131,
frame_ms,0.2385,
frame_ms,0.2299,
frame_ms,0.2177,
frame_ms,0.2842,
frame_ms,0.2621,
frame_ms,0.5469,
frame_ms,0.4855,
frame_ms,0.3899,
tick_us,278.6,143
frame_ms,0.8814,
frame_ms,0.3379,
frame_ms,0.316,
frame_ms,0.2472,
frame_ms,0.2124,
frame_ms,0.2165,
frame_ms,0.2078,
frame_ms,0.2272,
frame_ms,0.2244,
frame_ms,0.2605,
frame_ms,0.2287,
frame_ms,0.2146,
frame_ms,0.2367,
frame_ms,0.2105,
frame_ms,0.2117,
frame_ms,0.2235,
frame_ms,0.7881,
frame_ms,0.2136,
frame_ms,0.2021,
frame_ms,0.2054,
frame_ms,0.2399,
frame_ms,0.9616,
tick_us,250.6,146
frame_ms,0.8739,
frame_ms,0.8324,
frame_ms,0.4886,
frame_ms,0.4157,
frame_ms,0.423,
frame_ms,0.2945,
frame_ms,0.2507,
frame_ms,0.2256,
frame_ms,0.231,
frame_ms,0.2344,
frame_ms,0.2907,
frame_ms,0.2473,
frame_ms,0.25,
frame_ms,0.2209,
frame_ms,0.2275,
frame_ms,0.2202,
frame_ms,0.2205,
frame_ms,0.2253,
frame_ms,0.2379,
frame_ms,0.2128,
frame_ms,0.2081,
tick_us,260,143
frame_ms,0.7785,
frame_ms,0.242,
frame_ms,0.2113,
frame_ms,0.2123,
frame_ms,0.206,
frame_ms,0.2068,
frame_ms,0.2396,
frame_ms,0.2193,
frame_ms,0.2112,
frame_ms,0.265,
frame_ms,0.2779,
frame_ms,0.2412,
frame_ms,0.234,
frame_ms,0.223,
frame_ms,0.2268,
frame_ms,0.2217,
frame_ms,0.2278,
frame_ms,0.2671,
frame_ms,0.2328,
frame_ms,0.2077,
frame_ms,0.2226,
frame_ms,0.2086,
frame_ms,0.1989,
frame_ms,0.2621,
frame_ms,0.2231,
frame_ms,0.341,
frame_ms,0.309,
tick_us,254.7,136
frame_ms,0.8651,
frame_ms,0.2571,
frame_ms,0.2201,
frame_ms,0.2184,
frame_ms,0.3131,
frame_ms,0.6245,
frame_ms,0.3765,
frame_ms,0.24,
frame_ms,0.4603,
frame_ms,0.5258,
frame_ms,0.4367,
frame_ms,0.3799,
frame_ms,0.3589,
frame_ms,0.3463,
frame_ms,0.3581,
frame_ms,0.3997,
frame_ms,0.3953,
frame_ms,0.5226,
tick_us,268.7,138
frame_ms,1.1123,
frame_ms,0.2536,
frame_ms,0.2551,
frame_ms,0.3281,
frame_ms,0.2466,
frame_ms,0.2379,
frame_ms,0.2382,
frame_ms,0.2602,
frame_ms,0.2492,
frame_ms,0.932,
frame_ms,0.3,
frame_ms,0.3896,
frame_ms,1.0885,
frame_ms,0.4065,
frame_ms,0.4013,
tick_us,298.3,141
frame_ms,0.8334,
frame_ms,0.3002,
frame_ms,0.385,
frame_ms,0.3951,
frame_ms,0.2703,
frame_ms,0.3503,
frame_ms,0.3455,
frame_ms,0.4235,
frame_ms,0.3865,
frame_ms,0.3942,
frame_ms,0.3803,
frame_ms,0.3893,
frame_ms,0.4326,
frame_ms,0.5885,
frame_ms,0.5866,
tick_us,276.1,143
frame_ms,1.291,
frame_ms,0.5276,
frame_ms,0.3205,
frame_ms,0.3243,
frame_ms,0.6289,
frame_ms,0.6381,
frame_ms,0.8045,
frame_ms,0.784,
frame_ms,0.5146,
frame_ms,0.4252,
frame_ms,0.4175,
frame_ms,0.3645,
frame_ms,0.3647,
tick_us,281,137
frame_ms,1.0733,
frame_ms,0.3598,
frame_ms,0.4452,
frame_ms,0.6212,
frame_ms,0.2946,
frame_ms,0.392,
frame_ms,0.4172,
frame_ms,0.4815,
frame_ms,0.3656,
frame_ms,0.524,
frame_ms,0.981,
frame_ms,0.3276,
frame_ms,0.3314,
frame_ms,0.3258,
tick_us,562,137
frame_ms,1.1804,
frame_ms,0.5197,
frame_ms,0.6061,
frame_ms,0.7301,
frame_ms,0.3737,
frame_ms,0.5385,
frame_ms,0.4158,
frame_ms,0.3757,
frame_ms,0.4064,
frame_ms,0.4409,
frame_ms,0.3379,
frame_ms,0.3155,
frame_ms,0.398,
tick_us,276.5,139
frame_ms,1.3341,
frame_ms,0.4649,
frame_ms,0.3718,
frame_ms,0.3628,
frame_ms,0.3913,
frame_ms,0.2559,
frame_ms,0.2266,
frame_ms,0.2267,
frame_ms,0.2168,
frame_ms,0.2155,
frame_ms,0.2543,
frame_ms,0.28,
frame_ms,0.2656,
frame_ms,0.2364,
frame_ms,0.2332,
frame_ms,0.2282,
frame_ms,0.3815,
frame_ms,0.5475,
frame_ms,0.3519,
frame_ms,0.3491,
tick_us,288.9,139
frame_ms,0.9348,
frame_ms,0.2953,
frame_ms,0.3155,
frame_ms,0.247,
frame_ms,0.2235,
frame_ms,0.2162,
frame_ms,0.257,
frame_ms,0.2285,
frame_ms,0.2139,
frame_ms,0.2427,
frame_ms,0.2248,
frame_ms,0.2137,
frame_ms,0.2335,
frame_ms,0.2377,
frame_ms,0.2379,
frame_ms,0.2305,
frame_ms,0.2309,
frame_ms,0.2443,
frame_ms,0.2227,
frame_ms,0.2078,
frame_ms,0.2317,
frame_ms,0.2481,
frame_ms,0.2192,
frame_ms,0.214,
frame_ms,0.2584,
frame_ms,0.2116,
frame_ms,0.2031,
tick_us,270.4,135
frame_ms,0.793,
frame_ms,0.2854,
frame_ms,0.2456,
frame_ms,0.2335,
frame_ms,0.2357,
frame_ms,0.2346,
frame_ms,0.2189,
frame_ms,0.2177,
frame_ms,0.482,
frame_ms,0.3969,
frame_ms,0.3565,
frame_ms,0.3469,
frame_ms,0.3424,
frame_ms,0.3624,
frame_ms,0.3573,
frame_ms,0.3478,
frame_ms,0.2856,
frame_ms,0.881,
tick_us,372.6,130
frame_ms,3.6746,
frame_ms,0.517,
frame_ms,0.3333,
frame_ms,0.2757,
frame_ms,0.2595,
frame_ms,0.2765,
frame_ms,0.2554,
frame_ms,0.2438,
frame_ms,0.2589,
frame_ms,0.2505,
frame_ms,0.2544,
frame_ms,0.2711,
frame_ms,0.241,
frame_ms,0.2514,
tick_us,259,132
frame_ms,0.7674,
frame_ms,0.2739,
frame_ms,0.2541,
frame_ms,0.2312,
frame_ms,0.2854,
frame_ms,0.2844,
frame_ms,0.3414,
frame_ms,0.4154,
frame_ms,0.3111,
frame_ms,0.2649,
frame_ms,0.3502,
frame_ms,0.2977,
frame_ms,0.236,
frame_ms,0.3327,
frame_ms,0.4893,
frame_ms,0.2998,
frame_ms,0.2752,
frame_ms,0.2649,
frame_ms,0.2625,
frame_ms,0.2728,
frame_ms,0.2815,
tick_us,267.9,128
frame_ms,0.8441,
frame_ms,0.2817,
frame_ms,0.2426,
frame_ms,0.2415,
frame_ms,0.2781,
frame_ms,0.2852,
frame_ms,0.236,
frame_ms,0.2884,
frame_ms,0.3762,
frame_ms,0.2991,
frame_ms,0.3134,
frame_ms,0.2907,
frame_ms,0.2436,
frame_ms,0.4569,
frame_ms,0.2923,
frame_ms,0.2702,
frame_ms,0.3825,
frame_ms,0.2793,
frame_ms,0.4252,
frame_ms,0.3424,
frame_ms,0.2634,
tick_us,278.7,126
frame_ms,0.8043,
frame_ms,0.4188,
frame_ms,0.3846,
frame_ms,0.3601,
frame_ms,0.4538,
frame_ms,0.3437,
frame_ms,0.2947,
frame_ms,0.2648,
frame_ms,0.2396,
frame_ms,0.2407,
frame_ms,0.2308,
frame_ms,0.2527,
frame_ms,0.2503,
frame_ms,0.2438,
frame_ms,0.2504,
frame_ms,0.222,
frame_ms,0.216,
frame_ms,0.2354,
frame_ms,0.2229,
frame_ms,0.3322,
frame_ms,0.2302,
frame_ms,0.2083,
frame_ms,0.215,
tick_us,268.1,125
frame_ms,0.7675,
frame_ms,0.2296,
frame_ms,0.8498,
frame_ms,0.2894,
frame_ms,0.2257,
frame_ms,0.2636,
frame_ms,0.3327,
frame_ms,0.262,
frame_ms,0.2332,
frame_ms,0.2301,
frame_ms,0.2257,
frame_ms,0.2219,
frame_ms,0.2264,
frame_ms,0.2191,
frame_ms,0.2063,
frame_ms,0.2473,
frame_ms,0.2264,
frame_ms,0.2278,
frame_ms,0.2187,
frame_ms,0.2441,
frame_ms,0.2639,
frame_ms,0.208,
frame_ms,0.2065,
frame_ms,0.2569,
frame_ms,0.2367,
tick_us,246.1,132
frame_ms,0.7031,
frame_ms,0.2269,
frame_ms,0.2042,
frame_ms,0.2068,
frame_ms,0.4902,
frame_ms,0.2648,
frame_ms,0.2157,
frame_ms,0.2161,
frame_ms,0.2139,
frame_ms,0.4345,
frame_ms,0.5129,
frame_ms,0.3392,
frame_ms,0.333,
frame_ms,0.4428,
frame_ms,0.3318,
frame_ms,0.3292,
frame_ms,0.327,
frame_ms,0.3254,
frame_ms,0.3272,
frame_ms,0.4721,
tick_us,266.3,133
frame_ms,0.8008,
frame_ms,0.2698,
frame_ms,0.2628,
frame_ms,0.3563,
frame_ms,0.2567,
frame_ms,0.2128,
frame_ms,0.2176,
frame_ms,0.2303,
frame_ms,0.2061,
frame_ms,0.2483,
frame_ms,0.2301,
frame_ms,0.2137,
frame_ms,0.2114,
frame_ms,0.2447,
frame_ms,0.5361,
frame_ms,0.2923,
frame_ms,0.2665,
frame_ms,0.2485,
frame_ms,0.2395,
frame_ms,0.3875,
frame_ms,0.3164,
frame_ms,0.2713,
frame_ms,0.2546,
tick_us,238.4,133
frame_ms,0.7158,
frame_ms,0.2809,
frame_ms,0.2771,
frame_ms,0.228,
frame_ms,0.2404,
frame_ms,0.2372,
frame_ms,0.2379,
frame_ms,0.2508,
frame_ms,0.5039,
frame_ms,0.2711,
frame_ms,0.2177,
frame_ms,0.2131,
frame_ms,0.2126,
frame_ms,0.2053,
frame_ms,0.2525,
frame_ms,0.2655,
frame_ms,0.2381,
frame_ms,0.2117,
frame_ms,0.2126,
frame_ms,0.313,
frame_ms,0.3229,
frame_ms,0.242,
frame_ms,0.23,
frame_ms,0.2845,
frame_ms,0.3167,
tick_us,243.8,131
frame_ms,0.7313,
frame_ms,0.2484,
frame_ms,0.2153,
frame_ms,0.2273,
frame_ms,0.21,
frame_ms,1.2743,
frame_ms,0.2859,
frame_ms,0.2243,
frame_ms,0.2515,
frame_ms,0.2206,
frame_ms,0.2116,
frame_ms,0.2172,
frame_ms,0.2481,
frame_ms,0.2447,
frame_ms,0.2168,
frame_ms,0.222,
frame_ms,0.5426,
frame_ms,0.2431,
frame_ms,0.6533,
frame_ms,0.2453,
tick_us,265.2,132
frame_ms,0.8974,
frame_ms,2.6409,
frame_ms,0.8946,
frame_ms,0.5725,
frame_ms,0.6585,
frame_ms,0.3221,
frame_ms,0.2856,
frame_ms,0.2411,
frame_ms,0.2587,
frame_ms,0.3143,
tick_us,267.3,127
frame_ms,1.0044,
frame_ms,0.5954,
frame_ms,0.5144,
frame_ms,0.3724,
frame_ms,0.2667,
frame_ms,0.27,
frame_ms,0.4611,
frame_ms,0.326,
frame_ms,0.2189,
frame_ms,0.3189,
frame_ms,0.2679,
frame_ms,0.2522,
frame_ms,0.2342,
frame_ms,0.2282,
frame_ms,0.3487,
frame_ms,0.3592,
frame_ms,0.2918,
frame_ms,0.2172,
frame_ms,0.2144,
frame_ms,0.217,
tick_us,241.8,132
frame_ms,0.7371,
frame_ms,0.2454,
frame_ms,0.2197,
frame_ms,0.3278,
frame_ms,0.2531,
frame_ms,0.2328,
frame_ms,0.2296,
frame_ms,1.5501,
frame_ms,0.301,
frame_ms,0.2608,
frame_ms,0.8821,
frame_ms,0.4883,
frame_ms,0.3019,
frame_ms,0.6377,
tick_us,245.5,128
frame_ms,1.3358,
frame_ms,2.0625,
frame_ms,1.5137,
frame_ms,0.6958,
frame_ms,0.5581,
frame_ms,0.8513,
tick_us,245.9,131
frame_ms,1.0442,
frame_ms,0.4055,
frame_ms,0.4208,
frame_ms,0.4041,
frame_ms,0.2737,
frame_ms,0.385,
frame_ms,0.492,
frame_ms,0.6865,
frame_ms,0.3347,
frame_ms,1.463,
frame_ms,0.9757,
tick_us,259.8,129
frame_ms,1.1142,
frame_ms,0.5837,
frame_ms,0.6172,
frame_ms,0.5469,
frame_ms,0.482,
frame_ms,1.237,
frame_ms,0.3526,
frame_ms,0.2491,
frame_ms,0.2175,
frame_ms,0.2259,
frame_ms,0.2146,
frame_ms,0.227,
frame_ms,0.2474,
frame_ms,0.2351,
frame_ms,0.2145,
frame_ms,0.2894,
tick_us,257.3,130
frame_ms,0.7736,
frame_ms,0.2519,
frame_ms,0.2214,
frame_ms,0.2236,
frame_ms,0.2219,
frame_ms,0.2351,
frame_ms,0.2141,
frame_ms,0.2101,
frame_ms,0.2749,
frame_ms,0.2141,
frame_ms,0.2892,
frame_ms,0.3412,
frame_ms,0.2343,
frame_ms,0.2153,
frame_ms,0.2579,
frame_ms,0.2259,
frame_ms,0.2119,
frame_ms,0.2103,
frame_ms,0.2402,
frame_ms,0.2827,
frame_ms,0.258,
frame_ms,0.2416,
frame_ms,0.3852,
frame_ms,0.4666,
frame_ms,0.3448,
tick_us,260.7,129
frame_ms,0.8232,
frame_ms,0.3003,
frame_ms,0.2568,
frame_ms,0.2148,
frame_ms,0.2189,
frame_ms,0.2145,
frame_ms,0.2352,
frame_ms,0.2203,
frame_ms,0.2419,
frame_ms,0.2493,
frame_ms,0.2691,
frame_ms,0.2305,
frame_ms,0.2207,
frame_ms,0.2255,
frame_ms,0.2286,
frame_ms,0.2199,
frame_ms,0.2161,
frame_ms,0.2396,
frame_ms,0.2144,
frame_ms,0.2711,
frame_ms,0.2343,
frame_ms,0.237,
frame_ms,0.2608,
frame_ms,0.2275,
frame_ms,0.2143,
frame_ms,0.2423,
frame_ms,0.2478,
tick_us,224.2,133
frame_ms,0.6885,
frame_ms,0.2399,
frame_ms,0.2084,
frame_ms,0.2144,
frame_ms,0.2099,
frame_ms,0.2156,
frame_ms,0.2564,
frame_ms,0.2621,
frame_ms,0.2267,
frame_ms,0.2216,
frame_ms,0.2217,
frame_ms,0.2534,
frame_ms,0.248,
frame_ms,0.2458,
frame_ms,0.223,
frame_ms,0.2086,
frame_ms,0.2657,
frame_ms,0.2069,
frame_ms,0.2118,
frame_ms,0.2139,
frame_ms,0.2331,
frame_ms,0.2387,
frame_ms,0.2566,
frame_ms,0.2199,
frame_ms,0.2125,
frame_ms,0.2373,
frame_ms,0.2375,
frame_ms,0.2167,
tick_us,256,135
frame_ms,1.1232,
frame_ms,0.3197,
frame_ms,0.2301,
frame_ms,0.2112,
frame_ms,0.2161,
frame_ms,0.2322,
frame_ms,0.2632,
frame_ms,0.2697,
frame_ms,0.3377,
frame_ms,0.276,
frame_ms,0.2165,
frame_ms,0.2135,
frame_ms,0.2297,
frame_ms,1.7989,
frame_ms,1.197,
tick_us,239.4,136
frame_ms,0.9368,
frame_ms,0.6675,
frame_ms,0.5938,
frame_ms,0.2986,
frame_ms,0.2455,
frame_ms,0.2099,
frame_ms,0.2054,
frame_ms,0.2353,
frame_ms,0.2325,
frame_ms,0.2495,
frame_ms,0.2719,
frame_ms,0.2339,
frame_ms,0.2267,
frame_ms,0.2205,
frame_ms,0.2144,
frame_ms,0.2505,
frame_ms,0.2257,
frame_ms,0.2289,
frame_ms,0.2352,
frame_ms,0.2459,
frame_ms,0.2142,
frame_ms,0.2224,
tick_us,249.3,136
frame_ms,0.7018,
frame_ms,0.2425,
frame_ms,0.215,
frame_ms,0.2147,
frame_ms,0.2127,
frame_ms,0.2098,
frame_ms,0.2556,
frame_ms,0.3702,
frame_ms,0.4207,
frame_ms,0.3918,
frame_ms,0.3604,
frame_ms,0.3389,
frame_ms,0.441,
frame_ms,0.3495,
frame_ms,0.2664,
frame_ms,0.2267,
frame_ms,0.2219,
frame_ms,0.2271,
frame_ms,0.2184,
frame_ms,0.218,
frame_ms,0.2281,
frame_ms,0.2254,
frame_ms,0.2203,
frame_ms,0.2399,
tick_us,240.4,134
frame_ms,0.7082,
frame_ms,0.2287,
frame_ms,0.2058,
frame_ms,0.2141,
frame_ms,0.2035,
frame_ms,0.24,
frame_ms,0.2136,
frame_ms,0.202,
frame_ms,0.2359,
frame_ms,0.2249,
frame_ms,0.2037,
frame_ms,0.2411,
frame_ms,0.3083,
frame_ms,0.4136,
frame_ms,0.3825,
frame_ms,0.3482,
frame_ms,0.3363,
frame_ms,0.3034,
frame_ms,0.2328,
frame_ms,0.2045,
frame_ms,0.2037,
frame_ms,0.2027,
frame_ms,0.2443,
frame_ms,0.2187,
frame_ms,0.2076,
frame_ms,0.2281,
tick_us,244.4,132
frame_ms,0.7037,
frame_ms,0.2265,
frame_ms,0.2036,
frame_ms,0.2139,
frame_ms,0.2075,
frame_ms,0.2544,
frame_ms,0.2159,
frame_ms,0.3394,
frame_ms,0.2319,
frame_ms,0.2017,
frame_ms,0.2235,
frame_ms,0.2583,
frame_ms,0.2456,
frame_ms,0.3171,
frame_ms,0.3483,
frame_ms,0.2462,
frame_ms,0.2257,
frame_ms,0.2226,
frame_ms,0.2178,
frame_ms,0.213,
frame_ms,0.2643,
frame_ms,0.2522,
frame_ms,0.2239,
frame_ms,0.2062,
frame_ms,0.2357,
frame_ms,0.26,
frame_ms,0.2553,
tick_us,234.3,129
frame_ms,0.683,
frame_ms,0.2322,
frame_ms,0.2095,
frame_ms,0.2875,
frame_ms,0.2685,
frame_ms,0.2172,
frame_ms,0.2096,
frame_ms,0.2065,
frame_ms,0.3007,
frame_ms,0.2721,
frame_ms,0.2369,
frame_ms,0.2601,
frame_ms,0.2947,
frame_ms,0.2447,
frame_ms,0.2309,
frame_ms,0.2311,
frame_ms,0.2233,
frame_ms,0.2247,
frame_ms,0.2242,
frame_ms,0.2652,
frame_ms,0.2343,
frame_ms,0.2395,
frame_ms,0.2586,
frame_ms,0.2206,
frame_ms,0.2154,
frame_ms,0.3031,
tick_us,240.6,131
frame_ms,0.7417,
frame_ms,0.2464,
frame_ms,0.2188,
frame_ms,0.2172,
frame_ms,0.2112,
frame_ms,0.2706,
frame_ms,0.2396,
frame_ms,0.2177,
frame_ms,0.2449,
frame_ms,0.2816,
frame_ms,0.2273,
frame_ms,0.2115,
frame_ms,0.2075,
frame_ms,0.2409,
frame_ms,0.2281,
frame_ms,0.209,
frame_ms,0.2354,
frame_ms,0.2333,
frame_ms,0.2061,
frame_ms,0.2241,
frame_ms,0.2067,
frame_ms,0.2057,
frame_ms,0.4169,
frame_ms,0.2816,
frame_ms,0.2512,
frame_ms,0.2208,
frame_ms,0.2146,
tick_us,234.9,136
frame_ms,0.6576,
frame_ms,0.2394,
frame_ms,0.2089,
frame_ms,0.2256,
frame_ms,0.2096,
frame_ms,0.2257,
frame_ms,0.2172,
frame_ms,0.2226,
frame_ms,0.2052,
frame_ms,0.2589,
frame_ms,0.2568,
frame_ms,0.223,
frame_ms,0.2092,
frame_ms,0.229,
frame_ms,0.2197,
frame_ms,0.2027,
frame_ms,0.2055,
frame_ms,0.2382,
frame_ms,0.2254,
frame_ms,0.2068,
frame_ms,0.2442,
frame_ms,0.2174,
frame_ms,0.2082,
frame_ms,0.2536,
frame_ms,0.2177,
frame_ms,0.2107,
frame_ms,0.2472,
frame_ms,0.2149,
frame_ms,0.2071,
tick_us,219.3,132
frame_ms,0.6772,
frame_ms,0.238,
frame_ms,0.2102,
frame_ms,0.212,
frame_ms,0.2076,
frame_ms,0.2043,
frame_ms,0.2438,
frame_ms,0.2153,
frame_ms,0.2638,
frame_ms,0.2378,
frame_ms,0.2544,
frame_ms,0.2552,
frame_ms,0.2246,
frame_ms,0.2452,
frame_ms,0.2491,
frame_ms,0.2161,
frame_ms,0.2106,
frame_ms,0.2663,
frame_ms,0.2221,
frame_ms,0.2065,
frame_ms,0.2433,
frame_ms,0.221,
frame_ms,0.2018,
frame_ms,0.2468,
frame_ms,0.2172,
frame_ms,0.2014,
frame_ms,0.2488,
frame_ms,0.2267,
frame_ms,0.2036,
tick_us,207.7,128
frame_ms,0.7393,
frame_ms,0.3189,
frame_ms,0.231,
frame_ms,0.2191,
frame_ms,0.219,
frame_ms,0.2076,
frame_ms,0.2745,
frame_ms,0.246,
frame_ms,0.2176,
frame_ms,0.2074,
frame_ms,0.2057,
frame_ms,0.2637,
frame_ms,0.2269,
frame_ms,0.2015,
frame_ms,0.2299,
frame_ms,0.2349,
frame_ms,0.2099,
frame_ms,0.2011,
frame_ms,0.2569,
frame_ms,0.2458,
frame_ms,0.2151,
frame_ms,0.216,
frame_ms,0.2569,
frame_ms,0.2451,
frame_ms,0.21,
frame_ms,0.257,
frame_ms,0.2156,
frame_ms,0.2031,
tick_us,217.8,131
frame_ms,0.7175,
frame_ms,0.2455,
frame_ms,0.2368,
frame_ms,0.216,
frame_ms,0.2107,
frame_ms,0.2128,
frame_ms,0.2205,
frame_ms,0.2317,
frame_ms,0.2178,
frame_ms,0.2419,
frame_ms,0.1981,
frame_ms,0.2458,
frame_ms,0.2325,
frame_ms,0.1994,
frame_ms,0.2486,
frame_ms,0.2492,
frame_ms,0.2533,
frame_ms,0.223,
frame_ms,0.2094,
frame_ms,0.2376,
frame_ms,0.2201,
frame_ms,0.2067,
frame_ms,0.2606,
frame_ms,0.2507,
frame_ms,0.3084,
frame_ms,0.3937,
tick_us,247.8,133
frame_ms,0.8459,
frame_ms,0.3347,
frame_ms,0.2977,
frame_ms,0.2449,
frame_ms,0.2088,
frame_ms,0.2061,
frame_ms,0.2943,
frame_ms,0.2174,
frame_ms,0.2078,
frame_ms,0.2418,
frame_ms,0.2278,
frame_ms,0.2195,
frame_ms,0.2038,
frame_ms,0.2431,
frame_ms,0.2193,
frame_ms,0.2095,
frame_ms,0.2427,
frame_ms,0.304,
frame_ms,0.3696,
frame_ms,0.3352,
frame_ms,0.332,
frame_ms,0.3309,
frame_ms,0.3372,
frame_ms,0.3677,
tick_us,245.3,142
frame_ms,0.8179,
frame_ms,0.4398,
frame_ms,0.322,
frame_ms,0.3375,
frame_ms,0.3319,
frame_ms,0.3324,
frame_ms,0.3297,
frame_ms,0.3238,
frame_ms,0.338,
frame_ms,0.2827,
frame_ms,0.3528,
frame_ms,0.336,
frame_ms,0.3388,
frame_ms,0.2871,
frame_ms,0.5616,
frame_ms,0.2632,
frame_ms,0.2363,
frame_ms,0.2942,
frame_ms,0.2432,
frame_ms,0.2311,
tick_us,231.5,137
frame_ms,0.6832,
frame_ms,0.2575,
frame_ms,0.3429,
frame_ms,0.2513,
frame_ms,0.2157,
frame_ms,0.2526,
frame_ms,0.2736,
frame_ms,0.2861,
frame_ms,0.2663,
frame_ms,0.224,
frame_ms,0.2207,
frame_ms,0.2326,
frame_ms,0.3254,
frame_ms,0.2732,
frame_ms,0.228,
frame_ms,0.2211,
frame_ms,0.2173,
frame_ms,0.2082,
frame_ms,0.2532,
frame_ms,0.2674,
frame_ms,0.2353,
frame_ms,0.2181,
frame_ms,0.2261,
frame_ms,0.4791,
frame_ms,0.3814,
tick_us,254.5,137
frame_ms,0.8555,
frame_ms,0.3028,
frame_ms,0.2427,
frame_ms,0.2099,
frame_ms,0.2109,
frame_ms,0.2072,
frame_ms,0.2627,
frame_ms,0.2295,
frame_ms,0.2259,
frame_ms,0.2231,
frame_ms,0.2367,
frame_ms,0.2119,
frame_ms,0.2041,
frame_ms,0.3619,
frame_ms,0.2301,
frame_ms,0.2413,
frame_ms,0.2235,
frame_ms,0.2299,
frame_ms,0.2184,
frame_ms,0.2779,
frame_ms,0.4928,
frame_ms,0.2202,
frame_ms,0.2168,
frame_ms,0.2138,
frame_ms,0.2135,
frame_ms,0.2563,
tick_us,216,140
frame_ms,0.6642,
frame_ms,0.2339,
frame_ms,0.2125,
frame_ms,0.2099,
frame_ms,0.2124,
frame_ms,0.2163,
frame_ms,0.2398,
frame_ms,0.2285,
frame_ms,0.2117,
frame_ms,0.2338,
frame_ms,0.3587,
frame_ms,0.3911,
frame_ms,0.3333,
frame_ms,0.3868,
frame_ms,0.3428,
frame_ms,0.3454,
frame_ms,0.433,
frame_ms,0.4219,
frame_ms,0.3862,
frame_ms,0.2369,
frame_ms,0.2209,
frame_ms,0.2134,
frame_ms,0.206,
tick_us,223.1,142
frame_ms,0.6835,
frame_ms,0.2328,
frame_ms,0.2065,
frame_ms,0.2119,
frame_ms,0.2047,
frame_ms,0.2183,
frame_ms,0.239,
frame_ms,0.227,
frame_ms,0.2113,
frame_ms,0.2675,
frame_ms,0.2254,
frame_ms,0.2092,
frame_ms,0.252,
frame_ms,0.208,
frame_ms,0.2017,
frame_ms,0.2385,
frame_ms,0.2269,
frame_ms,0.2109,
frame_ms,0.2319,
frame_ms,0.2068,
frame_ms,0.2001,
frame_ms,0.2842,
frame_ms,0.2701,
frame_ms,0.2367,
frame_ms,0.3174,
frame_ms,0.2651,
frame_ms,0.2192,
frame_ms,0.2147,
tick_us,219.4,140
frame_ms,0.6564,
frame_ms,0.251,
frame_ms,0.2116,
frame_ms,0.212,
frame_ms,0.2088,
frame_ms,0.2034,
frame_ms,0.2481,
frame_ms,0.2544,
frame_ms,0.216,
frame_ms,0.2115,
frame_ms,0.2363,
frame_ms,0.2679,
frame_ms,0.2866,
frame_ms,0.2236,
frame_ms,0.2136,
frame_ms,0.2052,
frame_ms,0.248,
frame_ms,0.2526,
frame_ms,0.2135,
frame_ms,0.2131,
frame_ms,0.2469,
frame_ms,0.2247,
frame_ms,0.2099,
frame_ms,0.2313,
frame_ms,0.2697,
frame_ms,0.2206,
frame_ms,0.2037,
frame_ms,0.2256,
tick_us,220,136
frame_ms,0.7482,
frame_ms,0.2959,
frame_ms,0.267,
frame_ms,0.2842,
frame_ms,0.2334,
frame_ms,0.2847,
frame_ms,0.3803,
frame_ms,0.3373,
frame_ms,0.3326,
frame_ms,0.33,
frame_ms,0.3271,
frame_ms,0.3835,
frame_ms,0.3846,
frame_ms,0.338,
frame_ms,0.4072,
frame_ms,0.3364,
frame_ms,0.3252,
frame_ms,0.2473,
frame_ms,0.2095,
frame_ms,0.2143,
frame_ms,0.2025,
tick_us,224.6,141
frame_ms,0.6918,
frame_ms,0.2518,
frame_ms,0.2088,
frame_ms,0.22,
frame_ms,0.2092,
frame_ms,0.206,
frame_ms,0.2534,
frame_ms,0.2265,
frame_ms,0.2087,
frame_ms,0.2393,
frame_ms,0.2945,
frame_ms,0.2124,
frame_ms,0.2253,
frame_ms,0.2026,
frame_ms,0.2349,
frame_ms,0.2214,
frame_ms,0.202,
frame_ms,0.2545,
frame_ms,0.2606,
frame_ms,0.2666,
frame_ms,0.2232,
frame_ms,0.234,
frame_ms,0.2468,
frame_ms,0.2282,
frame_ms,0.2233,
frame_ms,0.345,
frame_ms,0.2331,
frame_ms,0.2135,
tick_us,217.1,145
frame_ms,0.6503,
frame_ms,0.2242,
frame_ms,0.2212,
frame_ms,0.2122,
frame_ms,0.2049,
frame_ms,0.2062,
frame_ms,0.2749,
frame_ms,0.2983,
frame_ms,0.2895,
frame_ms,0.2315,
frame_ms,0.2126,
frame_ms,0.215,
frame_ms,0.3219,
frame_ms,0.2203,
frame_ms,0.2445,
frame_ms,0.2046,
frame_ms,0.2714,
frame_ms,0.2324,
frame_ms,0.2103,
frame_ms,0.2166,
frame_ms,0.2456,
frame_ms,0.2229,
frame_ms,0.2062,
frame_ms,0.2425,
frame_ms,0.2162,
frame_ms,0.2032,
frame_ms,0.2531,
frame_ms,0.2191,
tick_us,221.4,142
frame_ms,0.6572,
frame_ms,0.2352,
frame_ms,0.2458,
frame_ms,0.2081,
frame_ms,0.2162,
frame_ms,0.2084,
frame_ms,0.2464,
frame_ms,0.2255,
frame_ms,0.2028,
frame_ms,0.2427,
frame_ms,0.2143,
frame_ms,0.2007,
frame_ms,0.2594,
frame_ms,0.2175,
frame_ms,0.2014,
frame_ms,0.2811,
frame_ms,0.2684,
frame_ms,0.2654,
frame_ms,0.2256,
frame_ms,0.2165,
frame_ms,0.2122,
frame_ms,0.2713,
frame_ms,0.283,
frame_ms,0.2216,
frame_ms,0.2109,
frame_ms,0.2038,
frame_ms,0.2423,
frame_ms,0.2249,
tick_us,203.6,141
frame_ms,0.6192,
frame_ms,0.2247,
frame_ms,0.2012,
frame_ms,0.2002,
frame_ms,0.2017,
frame_ms,0.2451,
frame_ms,0.2168,
frame_ms,0.2174,
frame_ms,0.2362,
frame_ms,0.2105,
frame_ms,0.2179,
frame_ms,0.4857,
frame_ms,0.4046,
frame_ms,0.2796,
frame_ms,0.2278,
frame_ms,0.2253,
frame_ms,0.2132,
frame_ms,0.2087,
frame_ms,0.257,
frame_ms,0.2276,
frame_ms,0.211,
frame_ms,0.2332,
frame_ms,0.2096,
frame_ms,0.2078,
frame_ms,0.2513,
frame_ms,0.2273,
frame_ms,0.2128,
tick_us,242.1,145
frame_ms,0.7119,
frame_ms,0.2281,
frame_ms,0.2151,
frame_ms,0.2176,
frame_ms,0.208,
frame_ms,0.2028,
frame_ms,0.2504,
frame_ms,0.2559,
frame_ms,0.2144,
frame_ms,0.2103,
frame_ms,0.2589,
frame_ms,0.2262,
frame_ms,0.2135,
frame_ms,0.2903,
frame_ms,0.2223,
frame_ms,0.2225,
frame_ms,0.2487,
frame_ms,0.3114,
frame_ms,0.267,
frame_ms,0.2663,
frame_ms,0.3043,
frame_ms,0.2255,
frame_ms,0.2128,
frame_ms,0.2077,
frame_ms,0.2235,
frame_ms,0.2444,
frame_ms,0.2166,
frame_ms,0.2046,
tick_us,242.4,143
frame_ms,0.7275,
frame_ms,0.3659,
frame_ms,0.263,
frame_ms,0.4266,
frame_ms,0.3423,
frame_ms,0.3491,
frame_ms,0.2625,
frame_ms,0.389,
frame_ms,0.6437,
frame_ms,0.4392,
frame_ms,0.4438,
frame_ms,0.4458,
frame_ms,0.3916,
frame_ms,0.9696,
frame_ms,0.3545,
tick_us,240.2,146
frame_ms,0.7509,
frame_ms,0.2459,
frame_ms,0.4449,
frame_ms,0.3134,
frame_ms,0.3696,
frame_ms,0.3358,
frame_ms,0.2556,
frame_ms,0.2297,
frame_ms,0.2956,
frame_ms,0.232,
frame_ms,0.4051,
frame_ms,0.3955,
frame_ms,0.4726,
frame_ms,0.233,
frame_ms,0.3922,
frame_ms,0.9396,
frame_ms,0.5042,
tick_us,247.8,149
frame_ms,1.1223,
frame_ms,0.6653,
frame_ms,0.4074,
frame_ms,0.4252,
frame_ms,0.2748,
frame_ms,0.2345,
frame_ms,0.262,
frame_ms,0.2789,
frame_ms,0.2363,
frame_ms,0.2285,
frame_ms,0.2306,
frame_ms,0.2224,
frame_ms,0.234,
frame_ms,0.2361,
frame_ms,0.2314,
frame_ms,0.2125,
frame_ms,0.2391,
frame_ms,0.2308,
frame_ms,0.2092,
frame_ms,0.2267,
frame_ms,0.241,
frame_ms,0.2293,
frame_ms,0.236,
tick_us,260.7,144
frame_ms,0.936,
frame_ms,0.3461,
frame_ms,0.2272,
frame_ms,0.2136,
frame_ms,0.2091,
frame_ms,0.2299,
frame_ms,0.2194,
frame_ms,0.2058,
frame_ms,0.2415,
frame_ms,0.2303,
frame_ms,0.2142,
frame_ms,0.2558,
frame_ms,0.2814,
frame_ms,0.2478,
frame_ms,0.2387,
frame_ms,0.3436,
frame_ms,0.3644,
frame_ms,0.4862,
frame_ms,0.7252,
frame_ms,0.626,
tick_us,271.9,146
frame_ms,0.929,
frame_ms,0.4388,
frame_ms,0.2992,
frame_ms,0.32,
frame_ms,0.4315,
frame_ms,0.4339,
frame_ms,0.4129,
frame_ms,0.6995,
frame_ms,0.4104,
frame_ms,0.4295,
frame_ms,0.355,
frame_ms,0.6762,
frame_ms,0.8514,
frame_ms,0.4605,
tick_us,259.4,150
frame_ms,0.7779,
frame_ms,1.1242,
frame_ms,0.5639,
frame_ms,0.7703,
frame_ms,0.3457,
frame_ms,1.5812,
frame_ms,0.4958,
frame_ms,0.9611,
tick_us,365.3,150
frame_ms,1.1142,
frame_ms,0.4135,
frame_ms,0.3684,
frame_ms,0.2613,
frame_ms,0.2379,
frame_ms,0.2278,
frame_ms,0.2253,
frame_ms,0.2182,
frame_ms,0.2207,
frame_ms,0.2303,
frame_ms,0.2423,
frame_ms,0.2872,
frame_ms,0.2331,
frame_ms,0.2205,
frame_ms,0.2377,
frame_ms,0.2223,
frame_ms,0.2314,
frame_ms,0.2234,
frame_ms,0.2197,
frame_ms,0.2346,
frame_ms,0.2231,
frame_ms,0.2831,
frame_ms,0.3213,
frame_ms,0.2468,
frame_ms,0.2284,
tick_us,268.5,149
frame_ms,0.8698,
frame_ms,0.5085,
frame_ms,0.4945,
frame_ms,0.6146,
frame_ms,0.6984,
frame_ms,0.4752,
frame_ms,0.6659,
frame_ms,1.0576,
frame_ms,0.3381,
frame_ms,0.4852,
frame_ms,0.3474,
frame_ms,0.4569,
tick_us,262.7,149
frame_ms,1.129,
frame_ms,0.4468,
frame_ms,0.4308,
frame_ms,0.4755,
frame_ms,0.3725,
frame_ms,0.299,
frame_ms,0.3011,
frame_ms,0.2322,
frame_ms,0.2266,
frame_ms,0.2179,
frame_ms,0.2115,
frame_ms,0.2347,
frame_ms,0.2148,
frame_ms,0.2643,
frame_ms,0.2324,
frame_ms,0.223,
frame_ms,0.2245,
frame_ms,0.2412,
frame_ms,0.2772,
frame_ms,0.2801,
frame_ms,0.2297,
frame_ms,0.2167,
tick_us,287.8,148
frame_ms,0.7984,
frame_ms,0.2729,
frame_ms,0.2384,
frame_ms,0.2957,
frame_ms,0.304,
frame_ms,0.2908,
frame_ms,0.3719,
frame_ms,0.3295,
frame_ms,0.2582,
frame_ms,0.3078,
frame_ms,0.3613,
frame_ms,0.5344,
frame_ms,0.7953,
frame_ms,1.2656,
tick_us,316.8,150
frame_ms,2.2231,
frame_ms,1.1639,
frame_ms,0.4911,
frame_ms,0.6038,
frame_ms,0.3504,
frame_ms,0.3395,
frame_ms,0.2449,
frame_ms,0.2123,
frame_ms,0.2132,
frame_ms,0.2601,
frame_ms,0.212,
frame_ms,0.2153,
frame_ms,0.2254,
frame_ms,0.2349,
frame_ms,0.2162,
tick_us,244.2,144
frame_ms,0.7979,
frame_ms,0.2433,
frame_ms,0.2127,
frame_ms,0.2255,
frame_ms,0.2254,
frame_ms,0.2186,
frame_ms,0.2369,
frame_ms,0.2214,
frame_ms,0.2109,
frame_ms,0.2297,
frame_ms,0.2545,
frame_ms,0.2274,
frame_ms,0.2167,
frame_ms,0.2087,
frame_ms,0.241,
frame_ms,0.2235,
frame_ms,0.2265,
frame_ms,0.2545,
frame_ms,0.2302,
frame_ms,0.2116,
frame_ms,0.2158,
frame_ms,0.2511,
frame_ms,0.2129,
frame_ms,0.2132,
frame_ms,0.2509,
frame_ms,0.2196,
frame_ms,0.212,
frame_ms,0.2382,
frame_ms,0.2252,
tick_us,271.9,141
frame_ms,0.8828,
frame_ms,0.369,
frame_ms,0.2463,
frame_ms,0.2121,
frame_ms,0.2083,
frame_ms,0.2106,
frame_ms,0.2455,
frame_ms,0.278,
frame_ms,0.2323,
frame_ms,0.2206,
frame_ms,0.2134,
frame_ms,0.2076,
frame_ms,0.2444,
frame_ms,0.2267,
frame_ms,0.2157,
frame_ms,0.2316,
frame_ms,0.2439,
frame_ms,0.2279,
frame_ms,0.2158,
frame_ms,0.258,
frame_ms,0.2281,
frame_ms,0.2163,
frame_ms,0.2234,
frame_ms,0.2218,
frame_ms,0.2231,
frame_ms,0.2041,
frame_ms,0.242,
tick_us,272.1,142
frame_ms,0.8978,
frame_ms,0.3894,
frame_ms,0.3689,
frame_ms,0.3624,
frame_ms,0.3447,
frame_ms,0.4137,
frame_ms,0.3395,
frame_ms,0.3291,
frame_ms,0.3302,
frame_ms,0.34,
frame_ms,0.3257,
frame_ms,0.3229,
frame_ms,0.3241,
frame_ms,0.3611,
frame_ms,0.3311,
frame_ms,0.3399,
frame_ms,0.3341,
frame_ms,0.3295,
tick_us,263.5,146
frame_ms,0.883,
frame_ms,0.2955,
frame_ms,0.2372,
frame_ms,0.2125,
frame_ms,0.2074,
frame_ms,0.2328,
frame_ms,0.2437,
frame_ms,0.5049,
frame_ms,0.2876,
frame_ms,0.2172,
frame_ms,0.2266,
frame_ms,0.2345,
frame_ms,0.2107,
frame_ms,0.2065,
frame_ms,0.2454,
frame_ms,0.223,
frame_ms,0.2052,
frame_ms,0.2557,
frame_ms,0.2738,
frame_ms,0.2388,
frame_ms,0.2276,
frame_ms,0.2156,
frame_ms,0.2116,
frame_ms,0.2558,
frame_ms,0.248,
frame_ms,0.3212,
tick_us,260.7,145
frame_ms,0.8505,
frame_ms,0.4132,
frame_ms,0.3538,
frame_ms,0.2743,
frame_ms,0.2241,
frame_ms,0.225,
frame_ms,0.2148,
frame_ms,0.2194,
frame_ms,0.2173,
frame_ms,0.2403,
frame_ms,0.2582,
frame_ms,0.2233,
frame_ms,0.209,
frame_ms,0.2452,
frame_ms,0.2213,
frame_ms,0.2142,
frame_ms,0.2381,
frame_ms,0.2176,
frame_ms,0.2097,
frame_ms,0.315,
frame_ms,0.382,
frame_ms,0.3385,
frame_ms,0.3347,
frame_ms,0.3261,
tick_us,239.5,148
frame_ms,0.7745,
frame_ms,0.235,
frame_ms,0.2686,
frame_ms,0.3795,
frame_ms,0.3805,
frame_ms,0.3527,
frame_ms,0.3319,
frame_ms,0.3759,
frame_ms,0.3327,
frame_ms,0.2556,
frame_ms,0.2224,
frame_ms,0.2189,
frame_ms,0.5975,
frame_ms,0.3801,
frame_ms,0.4179,
frame_ms,0.37,
frame_ms,0.2581,
frame_ms,0.215,
frame_ms,0.2251,
frame_ms,0.2163,
tick_us,270.4,145
frame_ms,0.747,
frame_ms,0.2435,
frame_ms,0.2123,
frame_ms,0.221,
frame_ms,0.3314,
frame_ms,0.2443,
frame_ms,0.228,
frame_ms,0.2119,
frame_ms,0.2044,
frame_ms,0.2428,
frame_ms,0.2292,
frame_ms,0.2114,
frame_ms,0.233,
frame_ms,0.2049,
frame_ms,0.2636,
frame_ms,0.2366,
frame_ms,0.2259,
frame_ms,0.2453,
frame_ms,0.2638,
frame_ms,0.2333,
frame_ms,0.2144,
frame_ms,0.2112,
frame_ms,0.2272,
frame_ms,0.3071,
frame_ms,0.3715,
frame_ms,0.3694,
tick_us,281.5,145
frame_ms,0.8924,
frame_ms,0.3025,
frame_ms,0.2333,
frame_ms,0.2076,
frame_ms,0.314,
frame_ms,0.2603,
frame_ms,0.2181,
frame_ms,0.2119,
frame_ms,0.2077,
frame_ms,0.2465,
frame_ms,0.2304,
frame_ms,0.2274,
frame_ms,0.2131,
frame_ms,0.2576,
frame_ms,0.2255,
frame_ms,0.2174,
frame_ms,0.2226,
frame_ms,0.2886,
frame_ms,0.3185,
frame_ms,0.6408,
frame_ms,0.5021,
frame_ms,0.3793,
tick_us,288.1,144
frame_ms,0.8934,
frame_ms,0.2649,
frame_ms,0.2414,
frame_ms,0.2205,
frame_ms,0.2092,
frame_ms,0.2135,
frame_ms,0.2324,
frame_ms,0.3189,
frame_ms,0.3052,
frame_ms,0.3254,
frame_ms,0.2739,
frame_ms,0.2857,
frame_ms,0.2488,
frame_ms,0.2344,
frame_ms,0.258,
frame_ms,0.2667,
frame_ms,0.2768,
frame_ms,0.2667,
frame_ms,0.2747,
frame_ms,0.3691,
frame_ms,0.3698,
frame_ms,0.7424,
tick_us,248.6,145
frame_ms,0.8284,
frame_ms,0.2334,
frame_ms,0.2105,
frame_ms,0.231,
frame_ms,0.2809,
frame_ms,0.2303,
frame_ms,0.4011,
frame_ms,0.3939,
frame_ms,0.3439,
frame_ms,0.351,
frame_ms,0.2454,
frame_ms,0.2421,
frame_ms,0.3065,
frame_ms,0.2217,
frame_ms,0.2185,
frame_ms,0.2203,
frame_ms,0.2685,
frame_ms,0.2126,
frame_ms,0.4389,
frame_ms,0.3582,
frame_ms,0.2666,
frame_ms,0.2259,
frame_ms,0.3607,
tick_us,264,145
frame_ms,0.7632,
frame_ms,0.2965,
frame_ms,0.3334,
frame_ms,0.3627,
frame_ms,0.2747,
frame_ms,0.2843,
frame_ms,0.6744,
frame_ms,0.8317,
frame_ms,0.2413,
frame_ms,0.2292,
frame_ms,0.2158,
frame_ms,0.2182,
frame_ms,0.2143,
frame_ms,0.2701,
frame_ms,0.2346,
frame_ms,0.4008,
frame_ms,0.2684,
frame_ms,0.2109,
frame_ms,0.2143,
frame_ms,0.2362,
tick_us,242.2,148
frame_ms,0.6899,
frame_ms,0.2359,
frame_ms,0.211,
frame_ms,0.2232,
frame_ms,0.2068,
frame_ms,0.206,
frame_ms,0.2622,
frame_ms,0.2322,
frame_ms,0.2039,
frame_ms,0.273,
frame_ms,0.3441,
frame_ms,0.396,
frame_ms,0.3351,
frame_ms,0.3266,
frame_ms,0.3259,
frame_ms,0.3235,
frame_ms,0.3363,
frame_ms,0.3566,
frame_ms,0.34,
frame_ms,0.3479,
frame_ms,0.7635,
tick_us,272.3,152
frame_ms,0.933,
frame_ms,0.339,
frame_ms,0.3353,
frame_ms,0.3422,
frame_ms,0.5037,
frame_ms,0.3786,
frame_ms,0.3494,
frame_ms,0.8864,
frame_ms,0.4218,
frame_ms,0.2207,
frame_ms,0.2237,
frame_ms,0.2163,
frame_ms,0.2124,
frame_ms,0.2085,
frame_ms,0.2454,
frame_ms,0.364,
frame_ms,0.2719,
frame_ms,0.2211,
frame_ms,0.2162,
frame_ms,0.209,
tick_us,244.9,148
frame_ms,0.695,
frame_ms,0.2944,
frame_ms,0.3602,
frame_ms,0.2109,
frame_ms,0.2136,
frame_ms,0.209,
frame_ms,0.2074,
frame_ms,0.2561,
frame_ms,0.2265,
frame_ms,0.2177,
frame_ms,0.2371,
frame_ms,0.2226,
frame_ms,0.223,
frame_ms,0.2095,
frame_ms,0.2621,
frame_ms,0.2302,
frame_ms,0.2136,
frame_ms,0.2152,
frame_ms,0.2394,
frame_ms,0.4312,
frame_ms,0.3423,
frame_ms,0.3361,
frame_ms,0.3673,
frame_ms,0.3651,
tick_us,238.1,148
frame_ms,0.7707,
frame_ms,0.2652,
frame_ms,0.3167,
frame_ms,0.6004,
frame_ms,1.0208,
frame_ms,0.6476,
frame_ms,1.2744,
frame_ms,0.4706,
frame_ms,0.9848,
frame_ms,0.5374,
tick_us,271.9,151
frame_ms,1.18,
frame_ms,0.6359,
frame_ms,0.7401,
frame_ms,0.9171,
frame_ms,0.795,
frame_ms,0.5752,
frame_ms,0.4951,
frame_ms,0.9033,
frame_ms,0.4506,
frame_ms,0.4268,
tick_us,303.3,150
frame_ms,1.0747,
frame_ms,0.505,
frame_ms,0.3693,
frame_ms,0.317,
frame_ms,0.398,
frame_ms,0.4213,
frame_ms,0.3508,
frame_ms,0.3385,
frame_ms,0.385,
frame_ms,0.4106,
frame_ms,0.4546,
frame_ms,0.3826,
frame_ms,0.4129,
frame_ms,0.8218,
tick_us,248.9,144
frame_ms,0.9064,
frame_ms,0.4522,
frame_ms,0.5999,
frame_ms,0.4018,
frame_ms,0.4262,
frame_ms,0.4128,
frame_ms,0.4613,
frame_ms,0.3992,
frame_ms,1.1419,
frame_ms,0.8911,
frame_ms,0.3751,
frame_ms,0.4962,
tick_us,267.9,141
frame_ms,0.9298,
frame_ms,0.3279,
frame_ms,0.3437,
frame_ms,0.2672,
frame_ms,0.2392,
frame_ms,0.2104,
frame_ms,0.2747,
frame_ms,0.2233,
frame_ms,0.2164,
frame_ms,0.3167,
frame_ms,0.6707,
frame_ms,0.6726,
frame_ms,0.3995,
frame_ms,0.4554,
frame_ms,0.5416,
frame_ms,0.7154,
frame_ms,0.2561,
frame_ms,0.2404,
tick_us,253.7,140
frame_ms,0.859,
frame_ms,0.3354,
frame_ms,0.9721,
frame_ms,0.4211,
frame_ms,0.2911,
frame_ms,0.2161,
frame_ms,0.3149,
frame_ms,0.4429,
frame_ms,0.4888,
frame_ms,0.3997,
frame_ms,0.4178,
frame_ms,0.4062,
frame_ms,0.4273,
frame_ms,0.2421,
frame_ms,0.2093,
frame_ms,0.4598,
tick_us,248.5,141
frame_ms,0.8534,
frame_ms,0.2662,
frame_ms,0.229,
frame_ms,0.3014,
frame_ms,0.375,
frame_ms,0.4402,
frame_ms,0.2906,
frame_ms,0.2758,
frame_ms,0.2507,
frame_ms,0.2763,
frame_ms,0.2516,
frame_ms,0.2816,
frame_ms,0.597,
frame_ms,0.4985,
frame_ms,0.6337,
frame_ms,0.4102,
frame_ms,0.3648,
frame_ms,0.3504,
tick_us,230.4,136
frame_ms,1.0966,
frame_ms,0.326,
frame_ms,0.2255,
frame_ms,0.2302,
frame_ms,0.2922,
frame_ms,0.2614,
frame_ms,0.237,
frame_ms,1.1114,
frame_ms,0.5591,
frame_ms,0.3895,
frame_ms,0.2822,
frame_ms,0.2834,
frame_ms,0.23,
frame_ms,0.2236,
frame_ms,0.22,
frame_ms,0.2189,
frame_ms,0.2156,
frame_ms,0.2485,
frame_ms,0.2566,
tick_us,224.2,128
frame_ms,0.667,
frame_ms,0.2566,
frame_ms,0.216,
frame_ms,0.2228,
frame_ms,0.2332,
frame_ms,0.2175,
frame_ms,0.2287,
frame_ms,0.2133,
frame_ms,0.2752,
frame_ms,0.2238,
frame_ms,0.2104,
frame_ms,0.2749,
frame_ms,0.272,
frame_ms,0.226,
frame_ms,0.2207,
frame_ms,0.2258,
frame_ms,0.2216,
frame_ms,0.2673,
frame_ms,0.2613,
frame_ms,0.2267,
frame_ms,0.2673,
frame_ms,0.2782,
frame_ms,0.4055,
frame_ms,0.3694,
frame_ms,0.3418,
tick_us,217,126
frame_ms,0.6805,
frame_ms,0.2641,
frame_ms,0.3006,
frame_ms,0.4237,
frame_ms,0.4138,
frame_ms,0.477,
frame_ms,0.374,
frame_ms,0.3449,
frame_ms,0.3394,
frame_ms,0.6427,
frame_ms,0.5338,
frame_ms,0.3084,
frame_ms,0.3372,
frame_ms,0.4104,
frame_ms,0.2984,
frame_ms,0.3419,
frame_ms,0.3075,
tick_us,221.8,119
frame_ms,0.8484,
frame_ms,0.3493,
frame_ms,0.3219,
frame_ms,0.2909,
frame_ms,0.3753,
frame_ms,0.3654,
frame_ms,0.2973,
frame_ms,0.2629,
frame_ms,0.4845,
frame_ms,0.3589,
frame_ms,0.3602,
frame_ms,0.3292,
frame_ms,0.2556,
frame_ms,0.3005,
frame_ms,0.3099,
frame_ms,0.2815,
frame_ms,0.3318,
frame_ms,0.2838,
frame_ms,0.2226,
frame_ms,0.2143,
frame_ms,0.2215,
frame_ms,0.2151,
tick_us,227,118
frame_ms,0.7024,
frame_ms,0.2374,
frame_ms,0.2063,
frame_ms,0.2117,
frame_ms,0.2115,
frame_ms,0.2043,
frame_ms,0.2426,
frame_ms,0.217,
frame_ms,0.2024,
frame_ms,0.2362,
frame_ms,0.2223,
frame_ms,0.2024,
frame_ms,0.2466,
frame_ms,0.2192,
frame_ms,0.2021,
frame_ms,0.2334,
frame_ms,0.2174,
frame_ms,0.2076,
frame_ms,0.2542,
frame_ms,0.329,
frame_ms,0.4054,
frame_ms,0.35,
frame_ms,0.3484,
frame_ms,0.3326,
frame_ms,0.3336,
tick_us,233.1,117
frame_ms,0.8291,
frame_ms,0.301,
frame_ms,0.22,
frame_ms,0.4034,
frame_ms,0.4584,
frame_ms,0.336,
frame_ms,0.2143,
frame_ms,0.2492,
frame_ms,0.2542,
frame_ms,0.2226,
frame_ms,0.2043,
frame_ms,0.245,
frame_ms,0.2191,
frame_ms,0.2376,
frame_ms,0.2421,
frame_ms,0.2093,
frame_ms,0.3417,
frame_ms,0.4642,
frame_ms,0.4558,
frame_ms,0.3674,
frame_ms,0.2292,
frame_ms,0.3297,
tick_us,200.6,116
frame_ms,0.7515,
frame_ms,0.244,
frame_ms,0.2153,
frame_ms,0.218,
frame_ms,0.2092,
frame_ms,0.2503,
frame_ms,0.2378,
frame_ms,0.2095,
frame_ms,0.2407,
frame_ms,0.2689,
frame_ms,0.2304,
frame_ms,0.2137,
frame_ms,0.2149,
frame_ms,0.2547,
frame_ms,0.2345,
frame_ms,0.3311,
frame_ms,0.318,
frame_ms,0.2191,
frame_ms,0.2481,
frame_ms,0.2401,
frame_ms,0.2099,
frame_ms,0.211,
frame_ms,0.3902,
frame_ms,0.3008,
frame_ms,0.281,
tick_us,238.8,114
frame_ms,0.9762,
frame_ms,0.3748,
frame_ms,0.3089,
frame_ms,0.2128,
frame_ms,0.216,
frame_ms,0.2099,
frame_ms,0.2082,
frame_ms,0.2473,
frame_ms,0.228,
frame_ms,0.2095,
frame_ms,0.2455,
frame_ms,0.2043,
frame_ms,0.2183,
frame_ms,0.2435,
frame_ms,0.2336,
frame_ms,0.228,
frame_ms,0.2254,
frame_ms,0.2412,
frame_ms,0.2072,
frame_ms,0.2607,
frame_ms,0.2819,
frame_ms,0.2351,
frame_ms,0.2067,
frame_ms,0.2082,
frame_ms,0.24,
frame_ms,0.2441,
frame_ms,0.2354,
tick_us,206.4,118
frame_ms,0.6476,
frame_ms,0.2607,
frame_ms,0.2125,
frame_ms,0.2189,
frame_ms,0.2052,
frame_ms,0.2046,
frame_ms,0.4379,
frame_ms,0.5148,
frame_ms,0.355,
frame_ms,0.3381,
frame_ms,0.2711,
frame_ms,0.2173,
frame_ms,0.214,
frame_ms,0.2812,
frame_ms,0.2249,
frame_ms,0.208,
frame_ms,0.2229,
frame_ms,0.2475,
frame_ms,0.2773,
frame_ms,0.3025,
frame_ms,0.4619,
frame_ms,0.2904,
frame_ms,0.2564,
tick_us,198.5,120
frame_ms,0.6426,
frame_ms,0.2274,
frame_ms,0.2231,
frame_ms,0.2178,
frame_ms,0.2075,
frame_ms,1.1172,
frame_ms,0.4232,
frame_ms,0.3063,
frame_ms,0.3756,
frame_ms,0.3483,
frame_ms,2.8438,
tick_us,259.9,118
frame_ms,1.339,
frame_ms,0.527,
frame_ms,0.8276,
frame_ms,0.5068,
frame_ms,0.5287,
frame_ms,0.5752,
frame_ms,0.4679,
frame_ms,0.5365,
frame_ms,0.5026,
frame_ms,0.7516,
frame_ms,0.4818,
tick_us,234.4,119
frame_ms,0.9977,
frame_ms,0.5535,
frame_ms,0.6962,
frame_ms,0.626,
frame_ms,0.4372,
frame_ms,0.3662,
frame_ms,0.4501,
frame_ms,0.3322,
frame_ms,0.4714,
frame_ms,0.5428,
frame_ms,0.5755,
frame_ms,0.3027,
frame_ms,0.2452,
frame_ms,0.2211,
tick_us,258.7,120
frame_ms,0.756,
frame_ms,0.6747,
frame_ms,0.5666,
frame_ms,0.4234,
frame_ms,0.5883,
frame_ms,0.3702,
frame_ms,0.4902,
frame_ms,0.3711,
frame_ms,0.341,
frame_ms,0.3378,
frame_ms,0.3393,
frame_ms,0.3894,
frame_ms,0.3553,
frame_ms,0.6442,
frame_ms,0.3576,
tick_us,275.8,113
frame_ms,0.9698,
frame_ms,0.3509,
frame_ms,0.3783,
frame_ms,0.2799,
frame_ms,0.2175,
frame_ms,0.2188,
frame_ms,0.213,
frame_ms,0.2113,
frame_ms,0.2614,
frame_ms,0.2308,
frame_ms,0.3816,
frame_ms,0.2288,
frame_ms,0.2336,
frame_ms,0.2207,
frame_ms,0.4485,
frame_ms,0.3087,
frame_ms,1.5967,
tick_us,245.9,111
frame_ms,1.0207,
frame_ms,0.3481,
frame_ms,0.3695,
frame_ms,0.6231,
frame_ms,0.4204,
frame_ms,0.4475,
frame_ms,0.5555,
frame_ms,0.3944,
frame_ms,0.281,
frame_ms,0.4837,
frame_ms,0.4712,
frame_ms,0.4332,
frame_ms,0.4647,
frame_ms,0.3625,
frame_ms,0.4956,
tick_us,276,108
frame_ms,0.962,
frame_ms,0.3661,
frame_ms,0.4495,
frame_ms,0.348,
frame_ms,0.2892,
frame_ms,0.2318,
frame_ms,0.2228,
frame_ms,0.2337,
frame_ms,0.2289,
frame_ms,0.2133,
frame_ms,0.2586,
frame_ms,0.2324,
frame_ms,0.2292,
frame_ms,0.2095,
frame_ms,0.3223,
frame_ms,0.5059,
frame_ms,0.3952,
frame_ms,0.3467,
frame_ms,0.3385,
frame_ms,0.3553,
tick_us,308.4,114
frame_ms,1.0126,
frame_ms,0.4155,
frame_ms,0.2839,
frame_ms,0.4228,
frame_ms,0.3746,
frame_ms,0.256,
frame_ms,0.433,
frame_ms,0.273,
frame_ms,0.4599,
frame_ms,0.2802,
frame_ms,0.4672,
frame_ms,0.4599,
frame_ms,0.4214,
frame_ms,0.4567,
frame_ms,0.4721,
frame_ms,0.3976,
frame_ms,0.3565,
tick_us,285.6,113
frame_ms,0.8779,
frame_ms,0.3832,
frame_ms,0.4861,
frame_ms,0.4399,
frame_ms,0.4404,
frame_ms,0.3367,
frame_ms,0.4559,
frame_ms,0.3978,
frame_ms,0.2605,
frame_ms,0.3206,
frame_ms,0.2225,
frame_ms,0.2897,
frame_ms,0.2394,
frame_ms,0.4279,
frame_ms,0.2849,
frame_ms,0.2438,
frame_ms,0.2171,
frame_ms,0.2701,
frame_ms,0.2474,
tick_us,248.6,110
frame_ms,2.0292,
frame_ms,0.9789,
frame_ms,0.5059,
frame_ms,0.4306,
frame_ms,0.3874,
frame_ms,0.4415,
frame_ms,0.4303,
frame_ms,0.3038,
frame_ms,0.2739,
frame_ms,0.2376,
frame_ms,0.231,
frame_ms,0.2247,
frame_ms,0.2125,
frame_ms,0.3258,
tick_us,231,108
frame_ms,0.7461,
frame_ms,0.9725,
frame_ms,0.3504,
frame_ms,0.2221,
frame_ms,0.2437,
frame_ms,0.2492,
frame_ms,0.2242,
frame_ms,0.2108,
frame_ms,0.2064,
frame_ms,0.2409,
frame_ms,0.2319,
frame_ms,0.2635,
frame_ms,0.2253,
frame_ms,0.2304,
frame_ms,0.3035,
frame_ms,0.2744,
frame_ms,0.2606,
frame_ms,0.3661,
frame_ms,0.3705,
frame_ms,0.4308,
tick_us,271.4,111
frame_ms,0.953,
frame_ms,0.3605,
frame_ms,0.4022,
frame_ms,0.6123,
frame_ms,0.2918,
frame_ms,0.737,
frame_ms,0.3826,
frame_ms,0.3567,
frame_ms,0.2943,
frame_ms,0.4269,
frame_ms,0.3967,
frame_ms,0.4088,
frame_ms,1.2233,
frame_ms,0.4397,
tick_us,249.1,108
frame_ms,1.0437,
frame_ms,1.0402,
frame_ms,0.3771,
frame_ms,0.4834,
frame_ms,0.4365,
frame_ms,0.2757,
frame_ms,0.2663,
frame_ms,0.2452,
frame_ms,0.2208,
frame_ms,0.2504,
frame_ms,0.2291,
frame_ms,0.2125,
frame_ms,0.2278,
frame_ms,0.2174,
frame_ms,0.2578,
frame_ms,0.2286,
frame_ms,0.2502,
frame_ms,0.2342,
frame_ms,0.2371,
frame_ms,0.2232,
tick_us,254.3,112
frame_ms,0.7632,
frame_ms,0.3106,
frame_ms,0.2846,
frame_ms,0.2991,
frame_ms,0.2367,
frame_ms,0.2974,
frame_ms,0.2455,
frame_ms,0.4512,
frame_ms,0.2491,
frame_ms,0.2222,
frame_ms,0.2174,
frame_ms,0.2116,
frame_ms,0.3264,
frame_ms,0.2734,
frame_ms,0.4196,
frame_ms,1.0102,
frame_ms,0.4658,
frame_ms,0.2719,
frame_ms,0.2277,
tick_us,245.5,111
frame_ms,0.7019,
frame_ms,0.2345,
frame_ms,0.2098,
frame_ms,0.357,
frame_ms,0.2644,
frame_ms,0.2265,
frame_ms,1.2092,
frame_ms,0.2438,
frame_ms,0.2402,
frame_ms,0.2262,
frame_ms,0.21,
frame_ms,0.2063,
frame_ms,0.2571,
frame_ms,0.2724,
frame_ms,0.9877,
frame_ms,0.567,
frame_ms,0.277,
frame_ms,0.2409,
tick_us,254,111
frame_ms,0.7085,
frame_ms,0.247,
frame_ms,0.2146,
frame_ms,0.2256,
frame_ms,0.2124,
frame_ms,0.2094,
frame_ms,0.2715,
frame_ms,0.2403,
frame_ms,0.2203,
frame_ms,0.2393,
frame_ms,0.2292,
frame_ms,0.2383,
frame_ms,0.2193,
frame_ms,0.2093,
frame_ms,0.2461,
frame_ms,0.2295,
frame_ms,0.2186,
frame_ms,0.2063,
frame_ms,0.2654,
frame_ms,0.271,
frame_ms,0.2251,
frame_ms,0.2153,
frame_ms,0.2083,
frame_ms,0.7548,
frame_ms,0.5363,
tick_us,292.2,114
frame_ms,1.065,
frame_ms,0.3862,
frame_ms,0.3087,
frame_ms,0.3689,
frame_ms,0.2729,
frame_ms,0.2255,
frame_ms,0.3567,
frame_ms,0.358,
frame_ms,0.5237,
frame_ms,0.5362,
frame_ms,0.4973,
frame_ms,0.4316,
frame_ms,0.3102,
frame_ms,0.3801,
frame_ms,0.4154,
frame_ms,0.3791,
tick_us,251.6,118
frame_ms,0.8565,
frame_ms,0.2485,
frame_ms,0.2235,
frame_ms,0.224,
frame_ms,0.2435,
frame_ms,0.2748,
frame_ms,0.3386,
frame_ms,0.2285,
frame_ms,0.2126,
frame_ms,0.2104,
frame_ms,0.2733,
frame_ms,0.2434,
frame_ms,0.226,
frame_ms,0.2285,
frame_ms,0.3064,
frame_ms,0.3555,
frame_ms,0.3072,
frame_ms,0.3221,
frame_ms,0.2219,
frame_ms,0.2683,
frame_ms,0.2229,
frame_ms,0.2906,
frame_ms,0.2322,
frame_ms,0.2127,
frame_ms,0.2455,
tick_us,255.9,122
frame_ms,0.7057,
frame_ms,0.2415,
frame_ms,0.375,
frame_ms,0.4557,
frame_ms,0.3477,
frame_ms,0.4033,
frame_ms,0.3831,
frame_ms,0.344,
frame_ms,0.2496,
frame_ms,0.2127,
frame_ms,0.2138,
frame_ms,0.2353,
frame_ms,0.2357,
frame_ms,0.3334,
frame_ms,0.2345,
frame_ms,0.2138,
frame_ms,0.2237,
frame_ms,0.2683,
frame_ms,0.2511,
frame_ms,0.2366,
frame_ms,0.2575,
frame_ms,0.2674,
frame_ms,0.2743,
tick_us,265.4,127
frame_ms,0.8959,
frame_ms,0.4929,
frame_ms,0.3572,
frame_ms,0.3369,
frame_ms,0.3195,
frame_ms,0.33,
frame_ms,0.3516,
frame_ms,0.2391,
frame_ms,0.3694,
frame_ms,0.2559,
frame_ms,0.2701,
frame_ms,0.3599,
frame_ms,0.4178,
frame_ms,0.2568,
frame_ms,0.3002,
frame_ms,0.2227,
frame_ms,0.2719,
frame_ms,0.2566,
frame_ms,0.7574,
tick_us,246,132
frame_ms,1.0097,
frame_ms,0.4419,
frame_ms,0.538,
frame_ms,0.4167,
frame_ms,0.3445,
frame_ms,0.2187,
frame_ms,1.1495,
frame_ms,0.4173,
frame_ms,0.395,
frame_ms,0.2795,
frame_ms,0.2393,
frame_ms,0.2236,
frame_ms,0.2139,
frame_ms,0.2182,
frame_ms,0.2619,
frame_ms,0.2686,
frame_ms,0.2388,
tick_us,247.2,136
frame_ms,0.7139,
frame_ms,0.2426,
frame_ms,0.2528,
frame_ms,0.4386,
frame_ms,0.37,
frame_ms,0.3459,
frame_ms,0.399,
frame_ms,0.552,
frame_ms,0.5196,
frame_ms,0.3453,
frame_ms,0.3614,
frame_ms,0.3651,
frame_ms,0.3658,
frame_ms,0.4002,
frame_ms,0.4843,
frame_ms,0.4255,
tick_us,281,137
frame_ms,1.0487,
frame_ms,0.279,
frame_ms,0.2312,
frame_ms,0.394,
frame_ms,0.2505,
frame_ms,0.4626,
frame_ms,0.3523,
frame_ms,0.3794,
frame_ms,0.3454,
frame_ms,0.4219,
frame_ms,0.4963,
frame_ms,0.3943,
frame_ms,0.4192,
frame_ms,0.3863,
frame_ms,0.4629,
frame_ms,0.3837,
frame_ms,0.2419,
frame_ms,0.2184,
tick_us,248.3,142
frame_ms,0.7165,
frame_ms,0.2375,
frame_ms,0.2141,
frame_ms,0.2476,
frame_ms,0.2212,
frame_ms,0.2428,
frame_ms,0.2234,
frame_ms,0.2076,
frame_ms,0.2524,
frame_ms,0.2194,
frame_ms,0.2059,
frame_ms,0.2284,
frame_ms,0.2138,
frame_ms,0.2831,
frame_ms,0.2104,
frame_ms,0.2047,
frame_ms,0.2373,
frame_ms,0.2328,
frame_ms,0.2081,
frame_ms,0.2207,
frame_ms,0.2395,
frame_ms,0.2321,
frame_ms,0.2058,
frame_ms,0.2706,
frame_ms,0.2276,
frame_ms,0.2095,
frame_ms,0.2442,
frame_ms,0.2303,
frame_ms,0.2218,
tick_us,230.9,145
frame_ms,0.6717,
frame_ms,0.2343,
frame_ms,0.2298,
frame_ms,0.23,
frame_ms,0.2145,
frame_ms,0.2078,
frame_ms,0.2115,
frame_ms,0.2341,
frame_ms,0.233,
frame_ms,0.2173,
frame_ms,0.2518,
frame_ms,0.2596,
frame_ms,0.2526,
frame_ms,0.2297,
frame_ms,0.2844,
frame_ms,0.2164,
frame_ms,0.2033,
frame_ms,0.2248,
frame_ms,0.2098,
frame_ms,0.1947,
frame_ms,0.255,
frame_ms,0.2214,
frame_ms,0.5166,
frame_ms,0.3772,
frame_ms,0.3646,
tick_us,329.6,142
frame_ms,0.9969,
frame_ms,0.3404,
frame_ms,0.3381,
frame_ms,0.3236,
frame_ms,0.2503,
frame_ms,0.2176,
frame_ms,0.222,
frame_ms,0.2173,
frame_ms,0.2153,
frame_ms,0.2396,
frame_ms,0.228,
frame_ms,0.2159,
frame_ms,0.2746,
frame_ms,0.2526,
frame_ms,0.2652,
frame_ms,0.2837,
frame_ms,0.2413,
frame_ms,0.2185,
frame_ms,0.2006,
frame_ms,0.2426,
frame_ms,0.2152,
frame_ms,0.2012,
frame_ms,0.2637,
frame_ms,0.2312,
frame_ms,0.2571,
tick_us,239,141
frame_ms,0.7192,
frame_ms,0.238,
frame_ms,0.2194,
frame_ms,0.2925,
frame_ms,0.4173,
frame_ms,0.2886,
frame_ms,0.218,
frame_ms,0.3244,
frame_ms,0.2575,
frame_ms,0.4112,
frame_ms,0.3429,
frame_ms,0.3366,
frame_ms,0.2555,
frame_ms,0.2126,
frame_ms,0.2702,
frame_ms,0.2414,
frame_ms,0.2055,
frame_ms,0.2068,
frame_ms,0.4832,
frame_ms,0.2437,
frame_ms,0.2149,
frame_ms,0.2343,
frame_ms,0.2614,
frame_ms,0.226,
tick_us,240.2,137
frame_ms,0.6902,
frame_ms,0.4865,
frame_ms,0.3793,
frame_ms,0.2958,
frame_ms,0.2336,
frame_ms,0.2198,
frame_ms,0.2164,
frame_ms,0.2476,
frame_ms,0.5311,
frame_ms,0.3848,
frame_ms,0.3698,
frame_ms,0.3636,
frame_ms,0.344,
frame_ms,0.2736,
frame_ms,0.2989,
frame_ms,0.2345,
frame_ms,0.2171,
frame_ms,0.218,
frame_ms,0.2075,
frame_ms,0.2433,
frame_ms,0.3131,
tick_us,232.4,136
frame_ms,0.7535,
frame_ms,0.2562,
frame_ms,0.2327,
frame_ms,0.2178,
frame_ms,0.217,
frame_ms,0.29,
frame_ms,0.2386,
frame_ms,0.2484,
frame_ms,0.2849,
frame_ms,0.2843,
frame_ms,0.2295,
frame_ms,0.2436,
frame_ms,0.2343,
frame_ms,0.216,
frame_ms,0.257,
frame_ms,0.2412,
frame_ms,0.2789,
frame_ms,0.2539,
frame_ms,0.238,
frame_ms,0.2333,
frame_ms,0.2286,
frame_ms,0.2259,
frame_ms,0.2273,
frame_ms,0.2471,
frame_ms,0.2628,
frame_ms,0.2511,
frame_ms,0.2236,
tick_us,246.8,138
frame_ms,0.6916,
frame_ms,0.2262,
frame_ms,0.2056,
frame_ms,0.2729,
frame_ms,0.2142,
frame_ms,0.2105,
frame_ms,0.2325,
frame_ms,0.3903,
frame_ms,0.2394,
frame_ms,0.2358,
frame_ms,0.2251,
frame_ms,0.7947,
frame_ms,0.5071,
frame_ms,0.349,
frame_ms,0.2136,
frame_ms,0.2113,
frame_ms,0.3963,
frame_ms,0.3021,
frame_ms,0.2499,
frame_ms,0.2216,
frame_ms,0.3778,
tick_us,262,135
frame_ms,0.8564,
frame_ms,0.3431,
frame_ms,0.3476,
frame_ms,0.3393,
frame_ms,0.3331,
frame_ms,0.3263,
frame_ms,0.3669,
frame_ms,0.3443,
frame_ms,0.3154,
frame_ms,0.2437,
frame_ms,0.218,
frame_ms,0.2209,
frame_ms,0.215,
frame_ms,0.2475,
frame_ms,0.2297,
frame_ms,0.2299,
frame_ms,0.2576,
frame_ms,0.3006,
frame_ms,0.2232,
frame_ms,0.2168,
frame_ms,0.2107,
frame_ms,0.2765,
frame_ms,0.2071,
frame_ms,0.2103,
tick_us,236.5,134
frame_ms,0.6828,
frame_ms,0.2387,
frame_ms,0.2113,
frame_ms,0.2161,
frame_ms,0.2091,
frame_ms,0.2096,
frame_ms,0.2518,
frame_ms,0.2277,
frame_ms,0.211,
frame_ms,0.2192,
frame_ms,0.4151,
frame_ms,0.5844,
frame_ms,0.3495,
frame_ms,0.2935,
frame_ms,0.3847,
frame_ms,0.3638,
frame_ms,0.2904,
frame_ms,0.2501,
frame_ms,0.2147,
frame_ms,0.2228,
frame_ms,0.2095,
frame_ms,0.2064,
frame_ms,0.2515,
frame_ms,0.235,
tick_us,233.5,137
frame_ms,0.6805,
frame_ms,0.2439,
frame_ms,0.2282,
frame_ms,0.2288,
frame_ms,0.2173,
frame_ms,0.2087,
frame_ms,0.261,
frame_ms,0.2471,
frame_ms,0.2231,
frame_ms,0.2536,
frame_ms,0.2148,
frame_ms,0.2041,
frame_ms,0.2876,
frame_ms,0.2962,
frame_ms,0.2561,
frame_ms,0.2425,
frame_ms,0.2365,
frame_ms,0.2343,
frame_ms,0.2318,
frame_ms,0.2514,
frame_ms,0.2742,
frame_ms,0.2301,
frame_ms,0.2291,
frame_ms,0.2358,
frame_ms,0.2409,
frame_ms,0.2169,
frame_ms,0.2146,
tick_us,230.2,136
frame_ms,0.7071,
frame_ms,0.2344,
frame_ms,0.221,
frame_ms,0.2189,
frame_ms,0.2099,
frame_ms,0.3056,
frame_ms,0.2284,
frame_ms,0.2104,
frame_ms,0.2574,
frame_ms,0.2105,
frame_ms,0.2017,
frame_ms,0.2296,
frame_ms,0.2181,
frame_ms,0.2049,
frame_ms,0.2541,
frame_ms,0.2237,
frame_ms,0.4478,
frame_ms,0.2425,
frame_ms,0.2173,
frame_ms,0.2055,
frame_ms,0.2338,
frame_ms,0.2154,
frame_ms,0.2343,
frame_ms,0.2162,
frame_ms,0.2009,
frame_ms,0.2634,
tick_us,229.3,141
frame_ms,0.9884,
frame_ms,0.266,
frame_ms,0.3711,
frame_ms,0.2922,
frame_ms,0.2393,
frame_ms,0.2131,
frame_ms,0.2167,
frame_ms,0.2109,
frame_ms,0.2072,
frame_ms,0.3434,
frame_ms,0.2624,
frame_ms,0.2233,
frame_ms,0.2102,
frame_ms,0.2506,
frame_ms,0.2275,
frame_ms,0.2179,
frame_ms,0.2612,
frame_ms,0.4715,
frame_ms,0.3369,
frame_ms,0.3375,
frame_ms,0.3517,
frame_ms,0.3475,
frame_ms,0.3361,
tick_us,247.7,136
frame_ms,0.8055,
frame_ms,0.3306,
frame_ms,0.3856,
frame_ms,0.3707,
frame_ms,0.4233,
frame_ms,0.3334,
frame_ms,0.3279,
frame_ms,0.3254,
frame_ms,0.3526,
frame_ms,0.2638,
frame_ms,0.2171,
frame_ms,0.2104,
frame_ms,0.2462,
frame_ms,0.2011,
frame_ms,0.2616,
frame_ms,0.2264,
frame_ms,0.2057,
frame_ms,0.2213,
frame_ms,0.2107,
frame_ms,0.1978,
frame_ms,0.2737,
frame_ms,0.2565,
frame_ms,0.2172,
frame_ms,0.2075,
tick_us,210.5,138
frame_ms,0.6891,
frame_ms,0.2616,
frame_ms,0.2111,
frame_ms,0.2901,
frame_ms,0.2286,
frame_ms,0.2224,
frame_ms,0.2164,
frame_ms,0.2411,
frame_ms,0.2186,
frame_ms,0.2441,
frame_ms,0.2272,
frame_ms,0.216,
frame_ms,0.2395,
frame_ms,0.2589,
frame_ms,0.2284,
frame_ms,0.2074,
frame_ms,0.2468,
frame_ms,0.2205,
frame_ms,0.2122,
frame_ms,0.2347,
frame_ms,0.2323,
frame_ms,0.2059,
frame_ms,0.2484,
frame_ms,0.2171,
frame_ms,0.2004,
frame_ms,0.2748,
frame_ms,0.271,
frame_ms,0.2506,
tick_us,247.1,142
frame_ms,0.6895,
frame_ms,0.2369,
frame_ms,0.2181,
frame_ms,0.2544,
frame_ms,0.2226,
frame_ms,0.4339,
frame_ms,0.3536,
frame_ms,0.3393,
frame_ms,0.3658,
frame_ms,0.4108,
frame_ms,0.3364,
frame_ms,0.3613,
frame_ms,0.4457,
frame_ms,0.3411,
frame_ms,0.3262,
frame_ms,0.3537,
frame_ms,0.3126,
frame_ms,0.2197,
frame_ms,0.3785,
frame_ms,0.3327,
tick_us,246.1,139
frame_ms,0.7914,
frame_ms,0.3139,
frame_ms,0.2872,
frame_ms,0.2584,
frame_ms,0.2144,
frame_ms,0.2172,
frame_ms,0.3766,
frame_ms,0.4191,
frame_ms,0.2883,
frame_ms,0.2907,
frame_ms,0.2297,
frame_ms,0.2769,
frame_ms,0.3431,
frame_ms,0.4594,
frame_ms,0.3741,
frame_ms,0.4101,
frame_ms,0.3494,
frame_ms,0.3436,
frame_ms,0.347,
frame_ms,0.3421,
tick_us,264.1,137
frame_ms,0.8689,
frame_ms,0.3415,
frame_ms,0.3541,
frame_ms,0.3702,
frame_ms,0.289,
frame_ms,0.2741,
frame_ms,0.2266,
frame_ms,0.2192,
frame_ms,0.2245,
frame_ms,0.2094,
frame_ms,0.2603,
frame_ms,0.2409,
frame_ms,0.4543,
frame_ms,0.2546,
frame_ms,0.22,
frame_ms,0.451,
frame_ms,0.8106,
tick_us,225.9,138
frame_ms,1.5256,
frame_ms,0.3936,
frame_ms,0.3802,
frame_ms,0.313,
frame_ms,0.2904,
frame_ms,0.429,
frame_ms,0.3699,
frame_ms,0.5839,
frame_ms,0.3543,
frame_ms,0.2973,
frame_ms,0.5604,
frame_ms,0.3959,
frame_ms,0.3885,
frame_ms,0.2888,
frame_ms,0.422,
frame_ms,0.3664,
frame_ms,0.2328,
frame_ms,0.2388,
tick_us,233.3,134
frame_ms,0.6663,
frame_ms,0.2352,
frame_ms,0.271,
frame_ms,0.2827,
frame_ms,0.281,
frame_ms,0.241,
frame_ms,0.2392,
frame_ms,0.5079,
frame_ms,0.2923,
frame_ms,0.305,
frame_ms,0.2345,
frame_ms,0.2248,
frame_ms,0.2686,
frame_ms,0.231,
frame_ms,0.2147,
frame_ms,0.2835,
frame_ms,0.2733,
frame_ms,0.2329,
frame_ms,0.2228,
frame_ms,0.2173,
frame_ms,0.2204,
frame_ms,0.241,
frame_ms,0.2363,
frame_ms,0.2196,
frame_ms,0.3394,
tick_us,218.7,133
frame_ms,0.6732,
frame_ms,0.2686,
frame_ms,0.2124,
frame_ms,0.2093,
frame_ms,0.2532,
frame_ms,0.3221,
frame_ms,0.2131,
frame_ms,0.2022,
frame_ms,0.2669,
frame_ms,0.2397,
frame_ms,0.2116,
frame_ms,0.2407,
frame_ms,0.2354,
frame_ms,0.2105,
frame_ms,0.2189,
frame_ms,0.2016,
frame_ms,0.2542,
frame_ms,0.2268,
frame_ms,0.2755,
frame_ms,0.2747,
frame_ms,0.2491,
frame_ms,0.2483,
frame_ms,0.2765,
frame_ms,0.2673,
frame_ms,0.2445,
frame_ms,0.2272,
frame_ms,0.2253,
tick_us,234.6,135
frame_ms,0.689,
frame_ms,0.314,
frame_ms,0.2883,
frame_ms,0.2137,
frame_ms,0.2124,
frame_ms,0.2046,
frame_ms,0.2583,
frame_ms,0.2124,
frame_ms,0.2211,
frame_ms,0.2705,
frame_ms,0.263,
frame_ms,0.227,
frame_ms,0.2146,
frame_ms,0.2168,
frame_ms,0.2382,
frame_ms,0.2528,
frame_ms,0.2322,
frame_ms,0.207,
frame_ms,0.2232,
frame_ms,0.248,
frame_ms,0.2512,
frame_ms,0.2261,
frame_ms,0.2197,
frame_ms,0.2257,
frame_ms,0.2171,
frame_ms,0.2031,
frame_ms,0.2616,
tick_us,270.4,134
frame_ms,0.8122,
frame_ms,0.2676,
frame_ms,0.2139,
frame_ms,0.2146,
frame_ms,0.2008,
frame_ms,0.2457,
frame_ms,0.233,
frame_ms,0.2038,
frame_ms,0.2464,
frame_ms,0.2271,
frame_ms,0.2052,
frame_ms,0.2364,
frame_ms,0.229,
frame_ms,0.2051,
frame_ms,0.2444,
frame_ms,0.2183,
frame_ms,0.2013,
frame_ms,0.2588,
frame_ms,0.2251,
frame_ms,0.1997,
frame_ms,0.252,
frame_ms,0.335,
frame_ms,0.2546,
frame_ms,0.2214,
frame_ms,0.2159,
frame_ms,0.2993,
frame_ms,0.2264,
tick_us,205.8,129
frame_ms,0.6766,
frame_ms,0.2973,
frame_ms,0.2314,
frame_ms,0.2544,
frame_ms,0.2162,
frame_ms,0.2088,
frame_ms,0.2008,
frame_ms,0.2163,
frame_ms,0.2125,
frame_ms,0.2076,
frame_ms,0.2602,
frame_ms,0.2235,
frame_ms,0.2413,
frame_ms,0.2505,
frame_ms,0.3137,
frame_ms,0.374,
frame_ms,0.3856,
frame_ms,0.3453,
frame_ms,0.3427,
frame_ms,0.3314,
frame_ms,0.3297,
frame_ms,0.3407,
frame_ms,0.3331,
tick_us,241.9,128
frame_ms,0.8345,
frame_ms,0.3631,
frame_ms,0.341,
frame_ms,0.2719,
frame_ms,0.2238,
frame_ms,0.2121,
frame_ms,0.2123,
frame_ms,0.228,
frame_ms,0.2129,
frame_ms,0.2015,
frame_ms,0.2418,
frame_ms,0.2189,
frame_ms,0.2065,
frame_ms,0.2446,
frame_ms,0.2248,
frame_ms,0.2088,
frame_ms,0.2622,
frame_ms,0.2355,
frame_ms,0.226,
frame_ms,0.304,
frame_ms,0.2502,
frame_ms,0.2383,
frame_ms,0.2643,
frame_ms,0.2228,
frame_ms,0.2375,
frame_ms,0.2192,
frame_ms,0.2874,
tick_us,205.3,121
frame_ms,0.6495,
frame_ms,0.2355,
frame_ms,0.2075,
frame_ms,0.2201,
frame_ms,0.2224,
frame_ms,0.2072,
frame_ms,0.2306,
frame_ms,0.2254,
frame_ms,0.3026,
frame_ms,0.2793,
frame_ms,0.2455,
frame_ms,0.244,
frame_ms,0.2399,
frame_ms,0.2312,
frame_ms,0.2225,
frame_ms,0.2397,
frame_ms,0.2747,
frame_ms,0.2298,
frame_ms,0.2657,
frame_ms,0.2201,
frame_ms,0.286,
frame_ms,0.2877,
frame_ms,0.2466,
frame_ms,0.2415,
frame_ms,0.3165,
frame_ms,0.2708,
tick_us,236.5,125
frame_ms,0.7725,
frame_ms,0.2567,
frame_ms,0.218,
frame_ms,0.2122,
frame_ms,0.2088,
frame_ms,0.2239,
frame_ms,0.2667,
frame_ms,0.274,
frame_ms,0.2265,
frame_ms,0.2184,
frame_ms,0.2118,
frame_ms,0.2132,
frame_ms,0.2377,
frame_ms,0.2318,
frame_ms,0.2126,
frame_ms,0.252,
frame_ms,0.2439,
frame_ms,0.2407,
frame_ms,0.2652,
frame_ms,0.2532,
frame_ms,0.5232,
frame_ms,0.3895,
frame_ms,0.2903,
frame_ms,0.26,
frame_ms,0.2754,
tick_us,241.9,123
frame_ms,0.7972,
frame_ms,0.2503,
frame_ms,0.2194,
frame_ms,0.2302,
frame_ms,0.2276,
frame_ms,0.2307,
frame_ms,0.2101,
frame_ms,0.2704,
frame_ms,0.3315,
frame_ms,0.4339,
frame_ms,0.3612,
frame_ms,0.2379,
frame_ms,0.7239,
frame_ms,1.169,
frame_ms,0.3916,
frame_ms,0.2548,
frame_ms,0.2386,
frame_ms,0.2669,
frame_ms,0.2202,
tick_us,250.1,118
frame_ms,0.706,
frame_ms,0.2342,
frame_ms,0.2158,
frame_ms,0.2213,
frame_ms,0.2148,
frame_ms,0.2097,
frame_ms,0.2208,
frame_ms,0.2126,
frame_ms,0.2104,
frame_ms,0.4839,
frame_ms,0.23,
frame_ms,0.2079,
frame_ms,0.2074,
frame_ms,0.1992,
frame_ms,0.2887,
frame_ms,0.3023,
frame_ms,0.2198,
frame_ms,0.2201,
frame_ms,0.2102,
frame_ms,0.2129,
frame_ms,0.4267,
frame_ms,0.3809,
frame_ms,0.2524,
frame_ms,0.2088,
frame_ms,0.2076,
frame_ms,0.2112,
tick_us,244.5,121
frame_ms,0.7214,
frame_ms,0.2596,
frame_ms,0.2076,
frame_ms,0.2047,
frame_ms,0.1989,
frame_ms,0.2414,
frame_ms,0.2153,
frame_ms,0.2003,
frame_ms,0.273,
frame_ms,0.2851,
frame_ms,0.2313,
frame_ms,0.225,
frame_ms,0.2201,
frame_ms,0.2427,
frame_ms,0.2437,
frame_ms,0.2279,
frame_ms,0.3457,
frame_ms,0.287,
frame_ms,0.2529,
frame_ms,0.2331,
frame_ms,0.8498,
frame_ms,0.4698,
frame_ms,0.2331,
tick_us,241.6,123
frame_ms,0.6782,
frame_ms,0.2457,
frame_ms,0.2794,
frame_ms,0.2851,
frame_ms,0.3197,
frame_ms,0.2449,
frame_ms,0.2645,
frame_ms,0.2105,
frame_ms,0.2081,
frame_ms,0.2428,
frame_ms,0.2186,
frame_ms,0.2182,
frame_ms,0.2461,
frame_ms,0.2223,
frame_ms,0.3006,
frame_ms,0.4384,
frame_ms,0.2658,
frame_ms,0.2426,
frame_ms,0.231,
frame_ms,0.2828,
frame_ms,0.238,
frame_ms,0.2202,
frame_ms,0.2548,
frame_ms,0.2027,
frame_ms,0.2028,
frame_ms,0.2456,
tick_us,234.3,124
frame_ms,0.6978,
frame_ms,0.234,
frame_ms,0.2054,
frame_ms,0.2103,
frame_ms,0.2109,
frame_ms,0.2416,
frame_ms,0.225,
frame_ms,0.2238,
frame_ms,0.2272,
frame_ms,0.2469,
frame_ms,0.2262,
frame_ms,0.2163,
frame_ms,0.222,
frame_ms,0.216,
frame_ms,0.2034,
frame_ms,0.2433,
frame_ms,0.2203,
frame_ms,0.2025,
frame_ms,0.2274,
frame_ms,0.2236,
frame_ms,0.2071,
frame_ms,0.2446,
frame_ms,0.2217,
frame_ms,0.2029,
frame_ms,0.2519,
frame_ms,0.2819,
frame_ms,0.2532,
frame_ms,0.2298,
tick_us,225.5,123
frame_ms,0.6538,
frame_ms,0.2271,
frame_ms,0.5061,
frame_ms,0.2758,
frame_ms,0.2312,
frame_ms,0.2277,
frame_ms,0.2261,
frame_ms,0.2254,
frame_ms,0.2429,
frame_ms,0.2344,
frame_ms,0.2212,
frame_ms,0.2384,
frame_ms,0.2272,
frame_ms,0.226,
frame_ms,0.2497,
frame_ms,0.2251,
frame_ms,0.2154,
frame_ms,0.2549,
frame_ms,0.3014,
frame_ms,0.2291,
frame_ms,0.2246,
frame_ms,0.2191,
frame_ms,0.2143,
frame_ms,0.2798,
frame_ms,0.2457,
frame_ms,0.238,
frame_ms,0.229,
tick_us,255,118
frame_ms,0.7649,
frame_ms,0.2834,
frame_ms,0.2732,
frame_ms,0.2183,
frame_ms,0.2139,
frame_ms,0.2229,
frame_ms,0.2155,
frame_ms,0.2492,
frame_ms,0.3406,
frame_ms,0.2301,
frame_ms,0.2235,
frame_ms,0.2253,
frame_ms,0.2406,
frame_ms,0.2131,
frame_ms,0.2141,
frame_ms,0.2279,
frame_ms,0.2879,
frame_ms,0.2814,
frame_ms,0.2357,
frame_ms,0.261,
frame_ms,0.2554,
frame_ms,0.2593,
frame_ms,0.2179,
frame_ms,0.2083,
frame_ms,0.211,
frame_ms,0.2471,
tick_us,236.1,119
frame_ms,0.6785,
frame_ms,0.2304,
frame_ms,0.2063,
frame_ms,0.2133,
frame_ms,0.207,
frame_ms,0.2266,
frame_ms,0.2141,
frame_ms,0.2065,
frame_ms,0.2595,
frame_ms,0.2371,
frame_ms,0.2105,
frame_ms,0.518,
frame_ms,0.3378,
frame_ms,0.2802,
frame_ms,0.2292,
frame_ms,0.2278,
frame_ms,0.2286,
frame_ms,0.2211,
frame_ms,0.2147,
frame_ms,0.2949,
frame_ms,0.2609,
frame_ms,0.222,
frame_ms,0.2156,
frame_ms,0.2058,
frame_ms,0.2599,
frame_ms,0.2352,
frame_ms,0.2082,
tick_us,249.1,121
frame_ms,0.7403,
frame_ms,0.259,
frame_ms,0.2849,
frame_ms,0.2722,
frame_ms,0.2241,
frame_ms,0.219,
frame_ms,0.2208,
frame_ms,0.2166,
frame_ms,0.2191,
frame_ms,0.2526,
frame_ms,0.2669,
frame_ms,0.2327,
frame_ms,0.2258,
frame_ms,0.224,
frame_ms,0.2601,
frame_ms,0.236,
frame_ms,0.2311,
frame_ms,0.2481,
frame_ms,0.2201,
frame_ms,0.2684,
frame_ms,0.2307,
frame_ms,0.2132,
frame_ms,0.2672,
frame_ms,0.2542,
frame_ms,0.2311,
frame_ms,0.2158,
tick_us,247.7,121
frame_ms,0.894,
frame_ms,0.2788,
frame_ms,0.2282,
frame_ms,0.2122,
frame_ms,0.2142,
frame_ms,0.2077,
frame_ms,0.2373,
frame_ms,0.2175,
frame_ms,0.226,
frame_ms,0.249,
frame_ms,0.263,
frame_ms,0.2767,
frame_ms,0.2395,
frame_ms,0.236,
frame_ms,0.3803,
frame_ms,0.2899,
frame_ms,0.2428,
frame_ms,0.2283,
frame_ms,0.2261,
frame_ms,0.226,
frame_ms,0.216,
frame_ms,0.2313,
frame_ms,0.2372,
frame_ms,0.2271,
frame_ms,0.215,
frame_ms,0.2513,
frame_ms,0.2677,
tick_us,229.2,121
frame_ms,0.6951,
frame_ms,0.2457,
frame_ms,0.212,
frame_ms,0.2369,
frame_ms,0.2158,
frame_ms,0.2377,
frame_ms,0.2328,
frame_ms,0.2318,
frame_ms,0.2541,
frame_ms,0.2311,
frame_ms,0.2143,
frame_ms,0.2323,
frame_ms,0.221,
frame_ms,0.2469,
frame_ms,0.2081,
frame_ms,0.2658,
frame_ms,0.2758,
frame_ms,0.2365,
frame_ms,0.2223,
frame_ms,0.2139,
frame_ms,0.2438,
frame_ms,0.2957,
frame_ms,0.2238,
frame_ms,0.2179,
frame_ms,0.2106,
frame_ms,0.2934,
frame_ms,0.2888,
tick_us,230.3,126
frame_ms,0.701,
frame_ms,0.2428,
frame_ms,0.2635,
frame_ms,0.2093,
frame_ms,0.2249,
frame_ms,0.2116,
frame_ms,0.2179,
frame_ms,0.2473,
frame_ms,0.2706,
frame_ms,0.231,
frame_ms,0.2193,
frame_ms,0.2162,
frame_ms,0.2692,
frame_ms,0.2734,
frame_ms,0.2812,
frame_ms,0.2224,
frame_ms,0.2162,
frame_ms,0.2082,
frame_ms,0.2437,
frame_ms,0.6197,
frame_ms,0.272,
frame_ms,0.2082,
frame_ms,0.2192,
frame_ms,0.2068,
frame_ms,0.2324,
frame_ms,0.2301,
tick_us,233.8,124
frame_ms,0.6791,
frame_ms,0.3238,
frame_ms,0.3281,
frame_ms,0.2274,
frame_ms,0.2123,
frame_ms,0.2051,
frame_ms,0.267,
frame_ms,0.2173,
frame_ms,0.2284,
frame_ms,0.2168,
frame_ms,0.2319,
frame_ms,0.4192,
frame_ms,0.3498,
frame_ms,0.4285,
frame_ms,0.3501,
frame_ms,0.3977,
frame_ms,0.3097,
frame_ms,0.3564,
frame_ms,0.4018,
frame_ms,0.3449,
frame_ms,0.3355,
tick_us,263.4,131
frame_ms,0.8452,
frame_ms,0.3322,
frame_ms,0.3962,
frame_ms,0.3374,
frame_ms,0.2612,
frame_ms,0.2304,
frame_ms,0.2183,
frame_ms,0.3682,
frame_ms,0.2849,
frame_ms,0.218,
frame_ms,0.27,
frame_ms,0.2178,
frame_ms,0.2085,
frame_ms,0.2424,
frame_ms,0.3719,
frame_ms,0.3856,
frame_ms,0.3962,
frame_ms,0.3419,
frame_ms,0.3321,
frame_ms,0.3432,
frame_ms,0.4218,
tick_us,237.9,137
frame_ms,0.7268,
frame_ms,0.2536,
frame_ms,0.2206,
frame_ms,0.2221,
frame_ms,0.3282,
frame_ms,0.2602,
frame_ms,0.2365,
frame_ms,0.2258,
frame_ms,0.2193,
frame_ms,0.5206,
frame_ms,0.2595,
frame_ms,0.5431,
frame_ms,0.3834,
frame_ms,0.3861,
frame_ms,0.3438,
frame_ms,0.333,
frame_ms,0.2486,
frame_ms,0.3155,
frame_ms,0.2151,
frame_ms,0.2208,
frame_ms,0.2142,
frame_ms,0.2454,
tick_us,239.3,141
frame_ms,0.712,
frame_ms,0.2598,
frame_ms,0.2164,
frame_ms,0.2372,
frame_ms,0.2142,
frame_ms,0.2107,
frame_ms,0.2526,
frame_ms,0.2181,
frame_ms,0.2813,
frame_ms,0.226,
frame_ms,0.2087,
frame_ms,0.2312,
frame_ms,0.2201,
frame_ms,0.2011,
frame_ms,0.2454,
frame_ms,0.2514,
frame_ms,0.221,
frame_ms,0.2367,
frame_ms,0.2237,
frame_ms,0.2083,
frame_ms,0.252,
frame_ms,0.2197,
frame_ms,0.2034,
frame_ms,0.2625,
frame_ms,0.2241,
frame_ms,0.2051,
frame_ms,0.247,
frame_ms,0.2214,
tick_us,219,146
frame_ms,0.6368,
frame_ms,0.223,
frame_ms,0.2008,
frame_ms,0.222,
frame_ms,0.2205,
frame_ms,0.2132,
frame_ms,0.2614,
frame_ms,0.8244,
frame_ms,0.3955,
frame_ms,0.2181,
frame_ms,0.2149,
frame_ms,0.2078,
frame_ms,0.2438,
frame_ms,0.22,
frame_ms,0.2083,
frame_ms,0.2795,
frame_ms,0.2978,
frame_ms,0.2438,
frame_ms,0.224,
frame_ms,0.2053,
frame_ms,0.2031,
frame_ms,0.2501,
frame_ms,0.3,
frame_ms,0.2386,
frame_ms,0.2233,
tick_us,1170.7,148
frame_ms,1.6295,
frame_ms,0.2392,
frame_ms,0.2147,
frame_ms,0.2184,
frame_ms,0.2158,
frame_ms,0.2151,
frame_ms,0.2327,
frame_ms,0.2338,
frame_ms,0.2151,
frame_ms,0.2759,
frame_ms,0.2664,
frame_ms,0.2245,
frame_ms,0.2475,
frame_ms,0.2068,
frame_ms,0.2501,
frame_ms,0.2258,
frame_ms,0.2058,
frame_ms,0.2528,
frame_ms,0.2621,
frame_ms,0.2187,
frame_ms,0.2096,
frame_ms,0.2037,
frame_ms,0.2465,
frame_ms,0.2259,
tick_us,247.1,144
frame_ms,0.7021,
frame_ms,0.2371,
frame_ms,0.2096,
frame_ms,0.2124,
frame_ms,0.2568,
frame_ms,0.2067,
frame_ms,0.2578,
frame_ms,0.2779,
frame_ms,0.271,
frame_ms,0.232,
frame_ms,0.2208,
frame_ms,0.2126,
frame_ms,0.2129,
frame_ms,0.2659,
frame_ms,0.2467,
frame_ms,0.2162,
frame_ms,0.3431,
frame_ms,0.2669,
frame_ms,0.3303,
frame_ms,0.3796,
frame_ms,0.4574,
frame_ms,0.4721,
frame_ms,0.3429,
tick_us,281.5,142
frame_ms,0.8547,
frame_ms,0.2649,
frame_ms,0.2151,
frame_ms,0.256,
frame_ms,0.2302,
frame_ms,0.325,
frame_ms,0.4481,
frame_ms,0.3324,
frame_ms,0.2157,
frame_ms,0.2692,
frame_ms,0.2174,
frame_ms,0.2038,
frame_ms,0.2444,
frame_ms,0.2991,
frame_ms,0.2239,
frame_ms,0.2024,
frame_ms,0.2004,
frame_ms,0.266,
frame_ms,0.2565,
frame_ms,0.2295,
frame_ms,0.2187,
frame_ms,0.246,
frame_ms,0.2273,
frame_ms,0.2446,
frame_ms,0.2246,
frame_ms,0.2327,
tick_us,246.5,143
frame_ms,0.7827,
frame_ms,0.2801,
frame_ms,0.2395,
frame_ms,0.2148,
frame_ms,0.4398,
frame_ms,0.282,
frame_ms,0.2532,
frame_ms,0.4481,
frame_ms,0.3709,
frame_ms,0.3634,
frame_ms,0.3974,
frame_ms,0.4355,
frame_ms,0.3008,
frame_ms,0.3924,
frame_ms,0.3717,
frame_ms,0.508,
frame_ms,0.2867,
frame_ms,0.4688,
tick_us,510.6,146
frame_ms,1.2694,
frame_ms,0.3973,
frame_ms,0.403,
frame_ms,0.29,
frame_ms,0.2632,
frame_ms,0.232,
frame_ms,0.2349,
frame_ms,0.2967,
frame_ms,0.4521,
frame_ms,0.335,
frame_ms,0.4149,
frame_ms,0.3987,
frame_ms,0.2459,
frame_ms,0.3987,
frame_ms,0.4728,
frame_ms,0.3095,
frame_ms,0.2485,
frame_ms,0.2174,
tick_us,246.3,148
frame_ms,0.7108,
frame_ms,0.2801,
frame_ms,0.2817,
frame_ms,0.4304,
frame_ms,0.4412,
frame_ms,0.3211,
frame_ms,0.3233,
frame_ms,0.3405,
frame_ms,0.2633,
frame_ms,0.359,
frame_ms,0.3023,
frame_ms,0.32,
frame_ms,0.2575,
frame_ms,0.2318,
frame_ms,0.242,
frame_ms,0.2376,
frame_ms,0.2887,
frame_ms,0.3539,
tick_us,283.8,151
frame_ms,2.6604,
frame_ms,0.4657,
frame_ms,0.2939,
frame_ms,0.2828,
frame_ms,0.3678,
frame_ms,0.3183,
frame_ms,0.2762,
frame_ms,0.4218,
frame_ms,0.3402,
frame_ms,0.5628,
frame_ms,0.4032,
frame_ms,0.2621,
frame_ms,0.2401,
frame_ms,0.4111,
frame_ms,0.3241,
frame_ms,0.2514,
tick_us,274.1,150
frame_ms,0.9772,
frame_ms,0.3696,
frame_ms,0.4029,
frame_ms,0.3051,
frame_ms,1.2285,
frame_ms,0.5573,
frame_ms,0.4152,
frame_ms,0.3283,
frame_ms,0.3874,
frame_ms,0.3424,
frame_ms,0.271,
frame_ms,0.2719,
frame_ms,0.4003,
frame_ms,0.5511,
tick_us,260.9,147
frame_ms,0.9545,
frame_ms,0.3509,
frame_ms,0.2986,
frame_ms,0.9703,
frame_ms,0.5339,
frame_ms,1.0265,
frame_ms,0.3944,
frame_ms,0.3339,
frame_ms,0.3363,
frame_ms,0.305,
frame_ms,0.505,
frame_ms,0.6089,
frame_ms,0.5134,
tick_us,288,150
frame_ms,1.0816,
frame_ms,0.3698,
frame_ms,0.4323,
frame_ms,0.3145,
frame_ms,0.2634,
frame_ms,0.7215,
frame_ms,0.2964,
frame_ms,0.4463,
frame_ms,0.3875,
frame_ms,0.4617,
frame_ms,0.383,
frame_ms,0.3864,
frame_ms,0.3971,
frame_ms,0.3983,
frame_ms,0.3497,
tick_us,253.9,149
frame_ms,1.0272,
frame_ms,0.3462,
frame_ms,0.3867,
frame_ms,0.3019,
frame_ms,0.2751,
frame_ms,0.247,
frame_ms,0.2526,
frame_ms,0.2548,
frame_ms,0.2552,
frame_ms,0.2435,
frame_ms,0.256,
frame_ms,0.2704,
frame_ms,0.2928,
frame_ms,0.3832,
frame_ms,0.3654,
frame_ms,0.4423,
frame_ms,0.3825,
frame_ms,0.3658,
frame_ms,0.3566,
frame_ms,0.4361,
tick_us,250.2,146
frame_ms,0.7716,
frame_ms,0.3739,
frame_ms,0.3409,
frame_ms,0.4452,
frame_ms,0.3738,
frame_ms,0.2904,
frame_ms,0.2721,
frame_ms,0.3943,
frame_ms,0.2577,
frame_ms,0.3258,
frame_ms,0.2548,
frame_ms,0.2466,
frame_ms,0.2625,
frame_ms,0.249,
frame_ms,0.2771,
frame_ms,0.243,
frame_ms,0.2756,
frame_ms,0.2418,
frame_ms,0.2425,
frame_ms,0.2516,
frame_ms,0.2865,
frame_ms,0.4566,
tick_us,250.9,148
frame_ms,0.8362,
frame_ms,0.3259,
frame_ms,0.3359,
frame_ms,0.2635,
frame_ms,0.2338,
frame_ms,0.6423,
frame_ms,0.3103,
frame_ms,0.2453,
frame_ms,0.2495,
frame_ms,0.2339,
frame_ms,0.3802,
frame_ms,0.5235,
frame_ms,1.2831,
tick_us,255.3,146
frame_ms,3.2396,
frame_ms,0.5697,
frame_ms,0.5351,
frame_ms,0.3928,
frame_ms,0.4705,
frame_ms,0.3181,
frame_ms,0.2878,
frame_ms,0.2937,
frame_ms,0.2631,
frame_ms,0.3985,
frame_ms,0.4281,
frame_ms,0.344,
frame_ms,0.2741,
tick_us,268.3,141
frame_ms,0.8849,
frame_ms,0.2908,
frame_ms,0.2343,
frame_ms,0.2445,
frame_ms,0.24,
frame_ms,0.4287,
frame_ms,0.2716,
frame_ms,0.267,
frame_ms,0.3769,
frame_ms,0.3581,
frame_ms,0.3099,
frame_ms,0.3044,
frame_ms,0.4124,
frame_ms,0.3441,
frame_ms,0.2293,
frame_ms,0.3589,
frame_ms,0.3385,
frame_ms,0.2562,
frame_ms,0.3868,
frame_ms,0.3098,
tick_us,279.6,144
frame_ms,1.2625,
frame_ms,0.3581,
frame_ms,0.2934,
frame_ms,0.3905,
frame_ms,0.2735,
frame_ms,0.2525,
frame_ms,0.2472,
frame_ms,0.3084,
frame_ms,0.2524,
frame_ms,0.2455,
frame_ms,0.2537,
frame_ms,0.4453,
frame_ms,0.5202,
frame_ms,0.5231,
frame_ms,0.438,
frame_ms,0.3333,
frame_ms,0.2963,
frame_ms,0.4235,
tick_us,302.7,146
frame_ms,0.9892,
frame_ms,0.4255,
frame_ms,0.3283,
frame_ms,0.4218,
frame_ms,0.3495,
frame_ms,0.3355,
frame_ms,0.2808,
frame_ms,0.2985,
frame_ms,0.5705,
frame_ms,0.3877,
frame_ms,0.4141,
frame_ms,0.3073,
frame_ms,0.3245,
frame_ms,0.2777,
frame_ms,0.2903,
frame_ms,0.4981,
frame_ms,0.5523,
tick_us,268.7,146
frame_ms,0.8971,
frame_ms,0.2716,
frame_ms,0.2395,
frame_ms,0.3215,
frame_ms,0.2644,
frame_ms,0.2536,
frame_ms,0.3836,
frame_ms,0.5353,
frame_ms,0.3484,
frame_ms,0.2717,
frame_ms,0.239,
frame_ms,0.2273,
frame_ms,0.2294,
frame_ms,0.2238,
frame_ms,0.2682,
frame_ms,0.286,
frame_ms,0.2523,
frame_ms,0.2518,
frame_ms,0.4407,
frame_ms,0.5168,
tick_us,252.7,147
frame_ms,0.8748,
frame_ms,0.2684,
frame_ms,0.2246,
frame_ms,0.2276,
frame_ms,0.2312,
frame_ms,0.3175,
frame_ms,0.2494,
frame_ms,0.2399,
frame_ms,0.2489,
frame_ms,0.2475,
frame_ms,0.2348,
frame_ms,0.241,
frame_ms,0.2407,
frame_ms,0.2761,
frame_ms,0.39,
frame_ms,0.386,
frame_ms,0.3309,
frame_ms,0.2969,
frame_ms,0.3224,
frame_ms,0.2776,
frame_ms,0.2545,
frame_ms,0.4599,
frame_ms,0.4379,
tick_us,276,144
frame_ms,0.9659,
frame_ms,0.2848,
frame_ms,0.3581,
frame_ms,0.4466,
frame_ms,0.3792,
frame_ms,0.3783,
frame_ms,0.3602,
frame_ms,0.3572,
frame_ms,0.4189,
frame_ms,0.7541,
frame_ms,1.5923,
frame_ms,0.3734,
tick_us,274.2,138
frame_ms,1.0287,
frame_ms,0.4624,
frame_ms,0.5365,
frame_ms,0.4748,
frame_ms,0.3247,
frame_ms,0.2553,
frame_ms,0.2208,
frame_ms,0.3384,
frame_ms,0.2598,
frame_ms,0.2275,
frame_ms,0.2338,
frame_ms,0.252,
frame_ms,0.2386,
frame_ms,0.2218,
frame_ms,0.2666,
frame_ms,0.3561,
frame_ms,0.2874,
frame_ms,0.2326,
frame_ms,0.2517,
frame_ms,0.4284,
tick_us,370.6,145
frame_ms,1.0954,
frame_ms,0.3047,
frame_ms,0.3845,
frame_ms,0.4207,
frame_ms,0.2552,
frame_ms,0.224,
frame_ms,0.2923,
frame_ms,0.3822,
frame_ms,0.3022,
frame_ms,0.242,
frame_ms,0.2431,
frame_ms,0.4136,
frame_ms,0.3611,
frame_ms,0.3922,
frame_ms,0.3664,
frame_ms,0.3412,
frame_ms,0.4202,
frame_ms,0.2994,
frame_ms,0.2468,
tick_us,314.6,143
frame_ms,1.028,
frame_ms,0.3925,
frame_ms,0.4012,
frame_ms,0.3611,
frame_ms,0.2721,
frame_ms,0.2554,
frame_ms,0.4328,
frame_ms,0.4085,
frame_ms,0.2289,
frame_ms,0.2221,
frame_ms,0.2493,
frame_ms,0.288,
frame_ms,0.2391,
frame_ms,0.2307,
frame_ms,0.2316,
frame_ms,0.2347,
frame_ms,0.2199,
frame_ms,0.2844,
frame_ms,0.2381,
frame_ms,0.2783,
frame_ms,0.2291,
frame_ms,0.2255,
frame_ms,0.2166,
tick_us,269,140
frame_ms,0.7699,
frame_ms,0.3353,
frame_ms,0.288,
frame_ms,0.364,
frame_ms,0.3961,
frame_ms,0.3926,
frame_ms,0.2479,
frame_ms,0.2225,
frame_ms,0.2362,
frame_ms,0.2316,
frame_ms,0.2725,
frame_ms,0.3008,
frame_ms,0.3152,
frame_ms,0.2775,
frame_ms,0.259,
frame_ms,0.255,
frame_ms,0.3194,
frame_ms,0.2604,
frame_ms,0.2401,
frame_ms,0.2847,
frame_ms,0.2426,
frame_ms,0.2273,
tick_us,262.6,137
frame_ms,0.7541,
frame_ms,0.2786,
frame_ms,0.3523,
frame_ms,0.2801,
frame_ms,0.2338,
frame_ms,0.4188,
frame_ms,0.4979,
frame_ms,0.3857,
frame_ms,0.3639,
frame_ms,0.3546,
frame_ms,0.3735,
frame_ms,0.3558,
frame_ms,0.4318,
frame_ms,0.6677,
frame_ms,0.4055,
frame_ms,0.2963,
frame_ms,0.2501,
frame_ms,0.2079,
frame_ms,0.2125,
tick_us,266.1,142
frame_ms,0.7433,
frame_ms,0.6276,
frame_ms,0.4895,
frame_ms,0.2931,
frame_ms,0.5077,
frame_ms,0.3519,
frame_ms,0.2661,
frame_ms,0.4252,
frame_ms,0.4136,
frame_ms,0.3572,
frame_ms,0.364,
frame_ms,0.3592,
frame_ms,0.3517,
frame_ms,0.3691,
frame_ms,0.442,
frame_ms,0.3868,
tick_us,285.3,148
frame_ms,0.9217,
frame_ms,0.2801,
frame_ms,0.2497,
frame_ms,0.5169,
frame_ms,0.3762,
frame_ms,0.3225,
frame_ms,0.3985,
frame_ms,0.3487,
frame_ms,0.3301,
frame_ms,0.3159,
frame_ms,0.2642,
frame_ms,0.2423,
frame_ms,0.2369,
frame_ms,0.2786,
frame_ms,0.321,
frame_ms,0.2948,
frame_ms,0.3157,
frame_ms,0.2622,
frame_ms,0.4777,
frame_ms,0.3162,
tick_us,268.1,149
frame_ms,0.8252,
frame_ms,0.3875,
frame_ms,0.3793,
frame_ms,0.4132,
frame_ms,0.3432,
frame_ms,0.4393,
frame_ms,0.2928,
frame_ms,0.2426,
frame_ms,0.2653,
frame_ms,0.2889,
frame_ms,0.3736,
frame_ms,0.2552,
frame_ms,0.3653,
frame_ms,0.3021,
frame_ms,0.2243,
frame_ms,0.2434,
frame_ms,0.2866,
frame_ms,0.2402,
frame_ms,0.2314,
frame_ms,0.2291,
frame_ms,0.2464,
tick_us,293.2,150
frame_ms,0.854,
frame_ms,0.3212,
frame_ms,0.2542,
frame_ms,0.2151,
frame_ms,0.2506,
frame_ms,0.4259,
frame_ms,0.238,
frame_ms,0.2178,
frame_ms,0.2133,
frame_ms,0.2207,
frame_ms,0.2209,
frame_ms,0.2669,
frame_ms,0.2639,
frame_ms,0.2812,
frame_ms,0.2346,
frame_ms,0.2116,
frame_ms,0.2488,
frame_ms,1.0336,
frame_ms,0.8531,
tick_us,269.8,147
frame_ms,0.821,
frame_ms,0.7013,
frame_ms,0.471,
frame_ms,0.3527,
frame_ms,0.3353,
frame_ms,0.2532,
frame_ms,0.218,
frame_ms,0.2314,
frame_ms,0.48,
frame_ms,0.2857,
frame_ms,0.2274,
frame_ms,0.3248,
frame_ms,0.3444,
frame_ms,0.5045,
frame_ms,0.3886,
frame_ms,0.3692,
frame_ms,0.3738,
frame_ms,0.3077,
tick_us,260.4,142
frame_ms,0.7694,
frame_ms,0.2368,
frame_ms,0.2117,
frame_ms,0.224,
frame_ms,0.2282,
frame_ms,0.2177,
frame_ms,0.2335,
frame_ms,0.2882,
frame_ms,0.3022,
frame_ms,0.391,
frame_ms,0.3814,
frame_ms,0.3478,
frame_ms,0.3253,
frame_ms,0.3146,
frame_ms,0.2623,
frame_ms,0.2215,
frame_ms,0.3756,
frame_ms,0.4329,
frame_ms,0.3642,
frame_ms,0.2996,
frame_ms,0.2564,
frame_ms,0.3499,
tick_us,273.3,138
frame_ms,0.8117,
frame_ms,0.3701,
frame_ms,0.4098,
frame_ms,0.3202,
frame_ms,0.3365,
frame_ms,0.2539,
frame_ms,0.3214,
frame_ms,0.3453,
frame_ms,0.2477,
frame_ms,0.2309,
frame_ms,0.2392,
frame_ms,0.2284,
frame_ms,0.2898,
frame_ms,0.3041,
frame_ms,0.5787,
frame_ms,0.2858,
frame_ms,0.31,
frame_ms,0.2562,
frame_ms,0.2134,
frame_ms,0.3178,
tick_us,294.2,143
frame_ms,1.1706,
frame_ms,0.4848,
frame_ms,0.3476,
frame_ms,0.3992,
frame_ms,0.417,
frame_ms,0.3055,
frame_ms,0.2452,
frame_ms,0.2776,
frame_ms,0.3124,
frame_ms,0.2355,
frame_ms,0.6139,
frame_ms,0.4472,
frame_ms,0.3062,
frame_ms,0.2653,
frame_ms,0.3264,
frame_ms,0.258,
frame_ms,0.2338,
frame_ms,0.2509,
frame_ms,0.4491,
tick_us,273.5,141
frame_ms,1.1487,
frame_ms,1.4554,
frame_ms,0.4254,
frame_ms,0.3106,
frame_ms,0.2673,
frame_ms,0.2797,
frame_ms,0.3335,
frame_ms,0.2986,
frame_ms,0.2764,
frame_ms,0.2576,
frame_ms,0.3429,
frame_ms,0.3402,
frame_ms,0.2427,
frame_ms,0.2136,
frame_ms,0.2824,
frame_ms,0.4863,
tick_us,273.7,140
frame_ms,0.8024,
frame_ms,0.2997,
frame_ms,0.2973,
frame_ms,0.2307,
frame_ms,0.231,
frame_ms,0.2233,
frame_ms,0.2203,
frame_ms,0.2134,
frame_ms,0.2913,
frame_ms,0.2442,
frame_ms,0.4665,
frame_ms,0.452,
frame_ms,0.397,
frame_ms,0.3175,
frame_ms,0.3924,
frame_ms,0.2766,
frame_ms,0.2451,
frame_ms,0.2303,
frame_ms,0.236,
frame_ms,0.2739,
frame_ms,0.2441,
frame_ms,0.5532,
tick_us,275.3,144
frame_ms,0.9307,
frame_ms,0.3269,
frame_ms,0.3113,
frame_ms,0.3349,
frame_ms,0.377,
frame_ms,0.4041,
frame_ms,0.2988,
frame_ms,0.3166,
frame_ms,0.2575,
frame_ms,0.2334,
frame_ms,0.2289,
frame_ms,0.2245,
frame_ms,0.2214,
frame_ms,0.2359,
frame_ms,0.2393,
frame_ms,0.2878,
frame_ms,0.2434,
frame_ms,0.306,
frame_ms,0.4567,
frame_ms,0.3657,
tick_us,270.9,144
frame_ms,0.7941,
frame_ms,0.392,
frame_ms,0.3661,
frame_ms,0.3602,
frame_ms,0.36,
frame_ms,0.3608,
frame_ms,0.4397,
frame_ms,0.3181,
frame_ms,0.346,
frame_ms,0.3051,
frame_ms,0.2612,
frame_ms,0.2366,
frame_ms,0.3531,
frame_ms,0.3208,
frame_ms,0.4317,
frame_ms,0.3795,
frame_ms,0.352,
frame_ms,0.3369,
tick_us,287.2,149
frame_ms,1.0754,
frame_ms,0.5733,
frame_ms,0.299,
frame_ms,0.2284,
frame_ms,0.2359,
frame_ms,0.2321,
frame_ms,0.2212,
frame_ms,0.2198,
frame_ms,0.2134,
frame_ms,0.4171,
frame_ms,0.5883,
frame_ms,0.4437,
frame_ms,0.3654,
frame_ms,0.4145,
frame_ms,0.3832,
frame_ms,0.3719,
frame_ms,0.3507,
frame_ms,0.3753,
tick_us,280.3,150
frame_ms,1.0423,
frame_ms,0.3043,
frame_ms,0.304,
frame_ms,0.3208,
frame_ms,0.2762,
frame_ms,0.3623,
frame_ms,0.5915,
frame_ms,0.2615,
frame_ms,0.2313,
frame_ms,0.2358,
frame_ms,0.2396,
frame_ms,0.233,
frame_ms,0.3475,
frame_ms,0.4947,
frame_ms,0.5732,
frame_ms,0.3945,
frame_ms,0.3802,
frame_ms,0.5071,
tick_us,273.4,150
frame_ms,0.8733,
frame_ms,0.3116,
frame_ms,0.3322,
frame_ms,0.3039,
frame_ms,0.3741,
frame_ms,0.3444,
frame_ms,0.297,
frame_ms,0.2415,
frame_ms,0.2474,
frame_ms,0.5466,
frame_ms,0.3417,
frame_ms,0.3552,
frame_ms,0.2531,
frame_ms,0.4751,
frame_ms,0.3261,
frame_ms,0.3423,
frame_ms,0.2811,
frame_ms,0.2335,
frame_ms,0.2723,
frame_ms,0.3061,
tick_us,259.3,150
frame_ms,0.7755,
frame_ms,0.3625,
frame_ms,0.3083,
frame_ms,0.2425,
frame_ms,0.2404,
frame_ms,0.2937,
frame_ms,0.5321,
frame_ms,0.3489,
frame_ms,0.3033,
frame_ms,0.2517,
frame_ms,0.3004,
frame_ms,0.2866,
frame_ms,0.3302,
frame_ms,0.4563,
frame_ms,0.3574,
frame_ms,0.2802,
frame_ms,0.2333,
frame_ms,0.2317,
frame_ms,0.2321,
frame_ms,0.2361,
frame_ms,0.29,
tick_us,287.4,153
frame_ms,0.9053,
frame_ms,0.483,
frame_ms,0.3495,
frame_ms,0.3785,
frame_ms,0.4654,
frame_ms,0.291,
frame_ms,0.2586,
frame_ms,0.3896,
frame_ms,0.2672,
frame_ms,0.2269,
frame_ms,0.2194,
frame_ms,0.2218,
frame_ms,0.2123,
frame_ms,0.2089,
frame_ms,0.2753,
frame_ms,0.286,
frame_ms,0.3237,
frame_ms,0.3853,
frame_ms,0.4861,
tick_us,304.8,151
frame_ms,1.05,
frame_ms,0.3931,
frame_ms,0.4909,
frame_ms,0.3576,
frame_ms,0.3622,
frame_ms,0.46,
frame_ms,0.3526,
frame_ms,0.385,
frame_ms,0.492,
frame_ms,0.2909,
frame_ms,0.2341,
frame_ms,0.2357,
frame_ms,0.2303,
frame_ms,0.2365,
frame_ms,0.2299,
frame_ms,0.2288,
frame_ms,0.2539,
frame_ms,0.2491,
frame_ms,0.2361,
frame_ms,0.2762,
tick_us,272.7,154
frame_ms,0.9225,
frame_ms,0.3535,
frame_ms,0.2587,
frame_ms,0.2317,
frame_ms,0.2257,
frame_ms,0.2447,
frame_ms,0.2265,
frame_ms,0.2288,
frame_ms,0.2234,
frame_ms,0.2164,
frame_ms,0.3038,
frame_ms,0.3543,
frame_ms,0.405,
frame_ms,0.4549,
frame_ms,0.3167,
frame_ms,0.2614,
frame_ms,0.236,
frame_ms,0.2339,
frame_ms,0.2322,
frame_ms,0.2325,
frame_ms,0.2297,
frame_ms,0.235,
frame_ms,0.2408,
frame_ms,0.2215,
tick_us,262.5,152
frame_ms,0.7963,
frame_ms,0.9534,
frame_ms,1.4856,
frame_ms,0.7074,
frame_ms,0.7825,
frame_ms,0.6175,
frame_ms,0.7891,
frame_ms,0.5367,
frame_ms,0.3579,
tick_us,253.2,151
frame_ms,0.7684,
frame_ms,0.2636,
frame_ms,0.2382,
frame_ms,0.2999,
frame_ms,0.2796,
frame_ms,0.2404,
frame_ms,0.2277,
frame_ms,0.2311,
frame_ms,0.231,
frame_ms,0.2219,
frame_ms,0.2325,
frame_ms,0.2503,
frame_ms,0.2365,
frame_ms,1.0005,
frame_ms,0.4464,
frame_ms,0.2775,
frame_ms,0.3831,
frame_ms,0.5419,
frame_ms,0.3394,
frame_ms,0.276,
tick_us,262.8,150
frame_ms,0.7564,
frame_ms,0.2687,
frame_ms,0.228,
frame_ms,0.2245,
frame_ms,0.2305,
frame_ms,0.2263,
frame_ms,0.2175,
frame_ms,0.4302,
frame_ms,0.2782,
frame_ms,0.3444,
frame_ms,0.9646,
frame_ms,0.3173,
frame_ms,0.2529,
frame_ms,0.2444,
frame_ms,0.2389,
frame_ms,0.2588,
frame_ms,0.7357,
frame_ms,0.3943,
frame_ms,0.2889,
tick_us,325.3,148
frame_ms,0.8391,
frame_ms,0.3249,
frame_ms,0.2739,
frame_ms,0.2138,
frame_ms,0.2135,
frame_ms,0.213,
frame_ms,0.3435,
frame_ms,0.2613,
frame_ms,0.2295,
frame_ms,0.2175,
frame_ms,0.21,
frame_ms,0.2766,
frame_ms,0.31,
frame_ms,0.2473,
frame_ms,0.2142,
frame_ms,0.2175,
frame_ms,0.2037,
frame_ms,0.2233,
frame_ms,0.2038,
frame_ms,0.2217,
frame_ms,0.2663,
frame_ms,0.2262,
frame_ms,0.2304,
frame_ms,0.3107,
frame_ms,0.2159,
frame_ms,0.1994,
tick_us,228,152
frame_ms,0.7106,
frame_ms,0.2401,
frame_ms,0.2051,
frame_ms,0.209,
frame_ms,0.2035,
frame_ms,0.2562,
frame_ms,0.2206,
frame_ms,0.2077,
frame_ms,0.2416,
frame_ms,0.2408,
frame_ms,0.3076,
frame_ms,0.2647,
frame_ms,0.2722,
frame_ms,0.251,
frame_ms,0.2141,
frame_ms,1.4486,
frame_ms,0.372,
frame_ms,0.2322,
frame_ms,0.2288,
frame_ms,0.223,
frame_ms,0.2192,
frame_ms,0.2159,
tick_us,254.4,153
frame_ms,0.7469,
frame_ms,0.252,
frame_ms,0.2201,
frame_ms,0.2164,
frame_ms,0.2083,
frame_ms,0.2332,
frame_ms,0.3592,
frame_ms,0.3863,
frame_ms,0.3383,
frame_ms,0.3502,
frame_ms,0.3326,
frame_ms,0.3258,
frame_ms,0.3813,
frame_ms,0.3643,
frame_ms,0.3392,
frame_ms,0.2616,
frame_ms,0.2094,
frame_ms,0.2151,
frame_ms,0.2091,
frame_ms,0.2462,
frame_ms,0.2256,
frame_ms,0.213,
frame_ms,0.2502,
tick_us,240.9,152
frame_ms,0.7023,
frame_ms,0.2274,
frame_ms,0.2035,
frame_ms,0.2258,
frame_ms,0.213,
frame_ms,0.2208,
frame_ms,0.2291,
frame_ms,0.4072,
frame_ms,0.4824,
frame_ms,0.2702,
frame_ms,0.2245,
frame_ms,0.2118,
frame_ms,0.2066,
frame_ms,0.2075,
frame_ms,0.2367,
frame_ms,0.2251,
frame_ms,0.2127,
frame_ms,0.2253,
frame_ms,0.2054,
frame_ms,0.5001,
frame_ms,0.5686,
frame_ms,0.3308,
frame_ms,0.4816,
tick_us,296.6,150
frame_ms,0.9055,
frame_ms,0.4,
frame_ms,0.3615,
frame_ms,0.3392,
frame_ms,0.3539,
frame_ms,0.4602,
frame_ms,0.3299,
frame_ms,0.3438,
frame_ms,0.471,
frame_ms,0.3294,
frame_ms,0.3455,
frame_ms,0.3421,
frame_ms,0.344,
frame_ms,0.3295,
frame_ms,0.3284,
frame_ms,0.3374,
frame_ms,0.3273,
tick_us,282.4,145
frame_ms,0.9318,
frame_ms,0.3971,
frame_ms,0.367,
frame_ms,0.3468,
frame_ms,0.3399,
frame_ms,0.3444,
frame_ms,0.3466,
frame_ms,0.3408,
frame_ms,0.4223,
frame_ms,0.3226,
frame_ms,0.2974,
frame_ms,0.2796,
frame_ms,0.2457,
frame_ms,0.2417,
frame_ms,0.2435,
frame_ms,0.2402,
frame_ms,0.2365,
frame_ms,0.2468,
frame_ms,0.2342,
frame_ms,0.2353,
frame_ms,0.2465,
frame_ms,0.2334,
tick_us,251.2,147
frame_ms,0.8071,
frame_ms,0.4101,
frame_ms,0.8585,
frame_ms,0.4102,
frame_ms,0.3874,
frame_ms,0.3815,
frame_ms,0.2798,
frame_ms,0.233,
frame_ms,0.2205,
frame_ms,0.368,
frame_ms,0.3882,
frame_ms,0.3169,
frame_ms,0.2612,
frame_ms,0.2363,
frame_ms,0.3643,
frame_ms,0.2481,
frame_ms,0.2728,
frame_ms,0.3436,
frame_ms,0.2346,
tick_us,272.7,140
frame_ms,0.8639,
frame_ms,0.4126,
frame_ms,0.3572,
frame_ms,0.3482,
frame_ms,0.3836,
frame_ms,0.2333,
frame_ms,0.3788,
frame_ms,0.366,
frame_ms,0.2821,
frame_ms,0.2791,
frame_ms,0.4205,
frame_ms,0.3839,
frame_ms,0.3552,
frame_ms,0.3486,
frame_ms,0.376,
frame_ms,0.2448,
frame_ms,0.2247,
frame_ms,0.2235,
frame_ms,0.219,
frame_ms,0.2425,
tick_us,287,136
frame_ms,0.8073,
frame_ms,0.3131,
frame_ms,0.2867,
frame_ms,0.2344,
frame_ms,0.2363,
frame_ms,0.2383,
frame_ms,0.4061,
frame_ms,0.426,
frame_ms,0.3019,
frame_ms,0.2622,
frame_ms,0.2526,
frame_ms,0.4932,
frame_ms,0.4142,
frame_ms,0.3236,
frame_ms,0.3087,
frame_ms,0.2933,
frame_ms,0.2524,
frame_ms,0.2268,
frame_ms,0.2299,
frame_ms,0.5113,
tick_us,272.5,134
frame_ms,0.8279,
frame_ms,0.2632,
frame_ms,0.246,
frame_ms,0.2483,
frame_ms,0.2698,
frame_ms,0.2539,
frame_ms,0.3164,
frame_ms,0.264,
frame_ms,0.2729,
frame_ms,0.2474,
frame_ms,0.2442,
frame_ms,0.2984,
frame_ms,0.3048,
frame_ms,0.3554,
frame_ms,0.2689,
frame_ms,0.2276,
frame_ms,0.2243,
frame_ms,0.2241,
frame_ms,0.2282,
frame_ms,0.2202,
frame_ms,0.4664,
frame_ms,0.3989,
frame_ms,0.4077,
tick_us,305.3,133
frame_ms,0.911,
frame_ms,0.3717,
frame_ms,0.3551,
frame_ms,0.3641,
frame_ms,0.4026,
frame_ms,0.4042,
frame_ms,0.5916,
frame_ms,0.4405,
frame_ms,0.3362,
frame_ms,0.2685,
frame_ms,0.2257,
frame_ms,0.2262,
frame_ms,0.2302,
frame_ms,0.2318,
frame_ms,0.2179,
frame_ms,0.2343,
frame_ms,0.2206,
frame_ms,0.2156,
frame_ms,0.2244,
frame_ms,0.2203,
tick_us,269.4,140
frame_ms,0.9514,
frame_ms,0.5112,
frame_ms,0.277,
frame_ms,0.2371,
frame_ms,0.2263,
frame_ms,0.2274,
frame_ms,0.2198,
frame_ms,0.2113,
frame_ms,0.2452,
frame_ms,0.2301,
frame_ms,0.2131,
frame_ms,0.2545,
frame_ms,0.2258,
frame_ms,0.2163,
frame_ms,0.2404,
frame_ms,0.2249,
frame_ms,0.2138,
frame_ms,0.2715,
frame_ms,0.2751,
frame_ms,0.2349,
frame_ms,0.2191,
frame_ms,0.2117,
frame_ms,0.243,
frame_ms,0.2231,
frame_ms,0.2133,
frame_ms,0.2372,
frame_ms,0.2324,
tick_us,236.6,139
frame_ms,0.6872,
frame_ms,0.2634,
frame_ms,0.2189,
frame_ms,0.4125,
frame_ms,0.2874,
frame_ms,0.2838,
frame_ms,0.2159,
frame_ms,0.2447,
frame_ms,0.2091,
frame_ms,0.2099,
frame_ms,0.2498,
frame_ms,0.2284,
frame_ms,0.2114,
frame_ms,0.235,
frame_ms,0.2115,
frame_ms,0.2143,
frame_ms,0.5116,
frame_ms,0.4822,
frame_ms,0.3496,
frame_ms,0.3541,
frame_ms,0.3493,
frame_ms,0.2651,
frame_ms,0.2386,
tick_us,233.4,140
frame_ms,0.7641,
frame_ms,0.29,
frame_ms,0.2472,
frame_ms,0.2228,
frame_ms,0.2304,
frame_ms,0.2279,
frame_ms,0.225,
frame_ms,0.2215,
frame_ms,0.2354,
frame_ms,0.2679,
frame_ms,0.2743,
frame_ms,0.2956,
frame_ms,0.288,
frame_ms,0.2497,
frame_ms,0.2462,
frame_ms,0.2404,
frame_ms,0.2377,
frame_ms,0.235,
frame_ms,0.2549,
frame_ms,0.2384,
frame_ms,0.2355,
frame_ms,0.233,
frame_ms,0.2359,
frame_ms,0.2371,
frame_ms,0.2289,
frame_ms,0.2274,
tick_us,239,142
frame_ms,0.7279,
frame_ms,0.2643,
frame_ms,0.2373,
frame_ms,0.2291,
frame_ms,0.2319,
frame_ms,0.2258,
frame_ms,0.2264,
frame_ms,0.233,
frame_ms,0.2598,
frame_ms,0.2966,
frame_ms,0.2476,
frame_ms,0.2368,
frame_ms,0.2285,
frame_ms,0.2288,
frame_ms,0.2524,
frame_ms,0.2357,
frame_ms,0.25,
frame_ms,0.4404,
frame_ms,0.3553,
frame_ms,0.3383,
frame_ms,0.4825,
frame_ms,0.2959,
frame_ms,0.2959,
tick_us,235.4,138
frame_ms,0.7169,
frame_ms,0.2683,
frame_ms,0.2415,
frame_ms,0.2744,
frame_ms,0.2939,
frame_ms,0.2867,
frame_ms,0.3541,
frame_ms,0.2596,
frame_ms,0.2283,
frame_ms,0.2281,
frame_ms,0.2307,
frame_ms,0.229,
frame_ms,0.2304,
frame_ms,0.2265,
frame_ms,0.2618,
frame_ms,0.2401,
frame_ms,0.221,
frame_ms,0.2213,
frame_ms,0.2646,
frame_ms,0.2389,
frame_ms,0.2256,
frame_ms,0.2316,
frame_ms,0.2305,
frame_ms,0.2156,
frame_ms,0.2274,
frame_ms,0.2208,
tick_us,240.6,137
frame_ms,0.7686,
frame_ms,0.2697,
frame_ms,0.2247,
frame_ms,0.2205,
frame_ms,0.2196,
frame_ms,0.2187,
frame_ms,0.2308,
frame_ms,0.2739,
frame_ms,0.2346,
frame_ms,0.2586,
frame_ms,0.2377,
frame_ms,0.244,
frame_ms,0.2579,
frame_ms,0.2472,
frame_ms,0.2321,
frame_ms,0.2252,
frame_ms,0.7704,
frame_ms,0.5617,
frame_ms,0.6049,
frame_ms,0.5555,
tick_us,264.6,137
frame_ms,1.172,
frame_ms,0.5507,
frame_ms,0.3775,
frame_ms,0.6077,
frame_ms,0.4139,
frame_ms,0.3647,
frame_ms,0.3414,
frame_ms,0.3962,
frame_ms,0.5097,
frame_ms,0.2842,
frame_ms,0.2445,
frame_ms,0.2295,
frame_ms,0.3142,
frame_ms,0.241,
frame_ms,0.2302,
frame_ms,0.2289,
frame_ms,0.2168,
frame_ms,0.2165,
frame_ms,0.2649,
tick_us,231.6,141
frame_ms,0.71,
frame_ms,0.2411,
frame_ms,0.2125,
frame_ms,0.2185,
frame_ms,0.2227,
frame_ms,0.2323,
frame_ms,0.245,
frame_ms,0.2288,
frame_ms,0.3253,
frame_ms,0.2335,
frame_ms,0.2066,
frame_ms,0.2075,
frame_ms,0.2704,
frame_ms,0.2303,
frame_ms,0.2047,
frame_ms,0.2565,
frame_ms,0.2309,
frame_ms,0.2189,
frame_ms,0.2215,
frame_ms,0.254,
frame_ms,0.2219,
frame_ms,0.2041,
frame_ms,0.2479,
frame_ms,0.2317,
frame_ms,0.2089,
frame_ms,0.2593,
frame_ms,0.2136,
frame_ms,0.2165,
tick_us,239.9,141
frame_ms,0.7097,
frame_ms,0.2435,
frame_ms,0.2245,
frame_ms,0.2159,
frame_ms,0.2093,
frame_ms,0.2031,
frame_ms,0.2529,
frame_ms,0.232,
frame_ms,0.2134,
frame_ms,0.2704,
frame_ms,0.3607,
frame_ms,0.3036,
frame_ms,0.2786,
frame_ms,0.2559,
frame_ms,0.2249,
frame_ms,0.8184,
frame_ms,0.3104,
frame_ms,0.2449,
frame_ms,0.2567,
frame_ms,0.2487,
frame_ms,0.2511,
frame_ms,0.2341,
frame_ms,0.3256,
tick_us,243.5,139
frame_ms,1.0233,
frame_ms,0.3971,
frame_ms,0.3683,
frame_ms,0.3778,
frame_ms,0.3408,
frame_ms,0.4307,
frame_ms,0.3635,
frame_ms,0.3512,
frame_ms,0.668,
frame_ms,1.0501,
frame_ms,0.3496,
frame_ms,0.2925,
frame_ms,0.2705,
frame_ms,0.2576,
tick_us,226.6,136
frame_ms,1.4802,
frame_ms,0.4057,
frame_ms,0.2829,
frame_ms,0.5885,
frame_ms,0.3763,
frame_ms,0.3756,
frame_ms,0.4299,
frame_ms,0.3421,
frame_ms,0.3097,
frame_ms,0.2431,
frame_ms,0.2163,
frame_ms,0.2261,
frame_ms,0.3797,
frame_ms,0.3258,
frame_ms,0.2986,
frame_ms,0.2335,
frame_ms,0.23,
frame_ms,0.2305,
frame_ms,0.2564,
frame_ms,0.2277,
tick_us,249.6,135
frame_ms,0.7116,
frame_ms,0.2695,
frame_ms,0.2218,
frame_ms,0.2278,
frame_ms,0.227,
frame_ms,0.2218,
frame_ms,0.2185,
frame_ms,0.2092,
frame_ms,0.2778,
frame_ms,0.2392,
frame_ms,0.2121,
frame_ms,0.2328,
frame_ms,0.2244,
frame_ms,0.2256,
frame_ms,0.2216,
frame_ms,0.2591,
frame_ms,0.2834,
frame_ms,0.2177,
frame_ms,0.2237,
frame_ms,0.2107,
frame_ms,0.2001,
frame_ms,0.2699,
frame_ms,0.2795,
frame_ms,0.2453,
frame_ms,0.2333,
frame_ms,0.2283,
frame_ms,0.3138,
tick_us,267.4,133
frame_ms,0.9424,
frame_ms,0.3729,
frame_ms,0.7808,
frame_ms,0.2313,
frame_ms,0.2161,
frame_ms,0.2109,
frame_ms,0.2093,
frame_ms,0.2865,
frame_ms,0.2874,
frame_ms,0.2424,
frame_ms,0.2542,
frame_ms,0.3379,
frame_ms,0.242,
frame_ms,0.265,
frame_ms,0.2331,
frame_ms,0.2613,
frame_ms,0.2094,
frame_ms,0.2168,
frame_ms,0.4046,
frame_ms,0.2695,
frame_ms,0.2221,
frame_ms,0.2101,
tick_us,232.7,134
frame_ms,1.127,
frame_ms,0.7478,
frame_ms,0.6694,
frame_ms,0.9185,
frame_ms,0.3598,
frame_ms,0.3511,
frame_ms,0.3455,
frame_ms,0.3366,
frame_ms,0.35,
frame_ms,0.391,
frame_ms,0.3787,
frame_ms,0.6406,
tick_us,261.7,136
frame_ms,0.9986,
frame_ms,0.2975,
frame_ms,0.2482,
frame_ms,0.2194,
frame_ms,0.2264,
frame_ms,0.2202,
frame_ms,0.2277,
frame_ms,0.2141,
frame_ms,0.2246,
frame_ms,0.2733,
frame_ms,0.271,
frame_ms,0.238,
frame_ms,0.225,
frame_ms,0.2952,
frame_ms,0.4662,
frame_ms,0.2966,
frame_ms,0.3083,
frame_ms,0.2927,
frame_ms,0.2661,
frame_ms,0.2418,
frame_ms,0.2362,
frame_ms,0.2294,
frame_ms,0.2411,
frame_ms,0.3127,
frame_ms,0.2576,
tick_us,252.6,135
frame_ms,0.7295,
frame_ms,0.3293,
frame_ms,0.2587,
frame_ms,0.3101,
frame_ms,0.2771,
frame_ms,0.2305,
frame_ms,0.2216,
frame_ms,0.2128,
frame_ms,0.2113,
frame_ms,0.2792,
frame_ms,0.3076,
frame_ms,0.246,
frame_ms,0.2408,
frame_ms,0.2785,
frame_ms,0.2883,
frame_ms,0.24,
frame_ms,0.2599,
frame_ms,0.996,
frame_ms,0.3838,
frame_ms,0.2641,
frame_ms,0.3778,
tick_us,284.9,138
frame_ms,0.8871,
frame_ms,0.3138,
frame_ms,1.3682,
frame_ms,0.676,
frame_ms,0.2993,
frame_ms,0.2686,
frame_ms,0.2465,
frame_ms,0.2306,
frame_ms,0.2296,
frame_ms,0.2381,
frame_ms,0.2295,
frame_ms,0.2278,
frame_ms,0.3066,
frame_ms,0.3246,
frame_ms,0.2502,
frame_ms,0.2351,
frame_ms,0.2349,
frame_ms,0.2591,
tick_us,260,141
frame_ms,0.7559,
frame_ms,0.2819,
frame_ms,0.3298,
frame_ms,0.2453,
frame_ms,0.2311,
frame_ms,0.409,
frame_ms,0.2802,
frame_ms,0.2466,
frame_ms,0.2417,
frame_ms,0.2275,
frame_ms,0.2415,
frame_ms,0.2339,
frame_ms,0.2274,
frame_ms,0.351,
frame_ms,0.7227,
frame_ms,0.5151,
frame_ms,0.2632,
frame_ms,0.2295,
frame_ms,0.2921,
frame_ms,0.4308,
frame_ms,0.274,
tick_us,266.5,138
frame_ms,0.8788,
frame_ms,0.4021,
frame_ms,0.2893,
frame_ms,0.2516,
frame_ms,0.2258,
frame_ms,0.2286,
frame_ms,0.405,
frame_ms,0.266,
frame_ms,0.2337,
frame_ms,0.2293,
frame_ms,0.2273,
frame_ms,0.2151,
frame_ms,0.3112,
frame_ms,0.2982,
frame_ms,0.2518,
frame_ms,0.2399,
frame_ms,0.314,
frame_ms,0.3414,
frame_ms,0.3672,
frame_ms,0.3361,
frame_ms,0.2825,
frame_ms,0.3241,
tick_us,289.8,133
frame_ms,0.8377,
frame_ms,0.3004,
frame_ms,0.3472,
frame_ms,0.3127,
frame_ms,0.2673,
frame_ms,0.2443,
frame_ms,0.2917,
frame_ms,0.2437,
frame_ms,0.2785,
frame_ms,0.3008,
frame_ms,0.2404,
frame_ms,0.2179,
frame_ms,0.2266,
frame_ms,0.4218,
frame_ms,0.2824,
frame_ms,0.2387,
frame_ms,0.2538,
frame_ms,0.2318,
frame_ms,0.2268,
frame_ms,0.2318,
frame_ms,0.2147,
frame_ms,0.222,
frame_ms,0.2444,
frame_ms,0.2582,
tick_us,270.5,133
frame_ms,0.762,
frame_ms,0.2666,
frame_ms,0.2209,
frame_ms,0.2247,
frame_ms,0.2383,
frame_ms,0.2201,
frame_ms,0.2146,
frame_ms,0.2116,
frame_ms,0.2546,
frame_ms,0.6013,
frame_ms,0.3778,
frame_ms,0.3759,
frame_ms,0.4105,
frame_ms,0.3914,
frame_ms,0.4411,
frame_ms,0.3601,
frame_ms,0.3379,
frame_ms,0.2714,
frame_ms,0.2305,
frame_ms,0.2292,
frame_ms,0.2391,
tick_us,280.4,134
frame_ms,0.8392,
frame_ms,0.4758,
frame_ms,0.2677,
frame_ms,0.2421,
frame_ms,0.2314,
frame_ms,0.2383,
frame_ms,0.2271,
frame_ms,0.3756,
frame_ms,0.3046,
frame_ms,0.3106,
frame_ms,0.3187,
frame_ms,0.6444,
frame_ms,0.7092,
frame_ms,0.3293,
frame_ms,0.5713,
frame_ms,0.4352,
frame_ms,0.2863,
tick_us,341.6,135
frame_ms,1.3648,
frame_ms,0.4341,
frame_ms,0.2976,
frame_ms,0.2371,
frame_ms,0.2451,
frame_ms,0.3261,
frame_ms,0.2712,
frame_ms,0.4468,
frame_ms,0.2975,
frame_ms,0.3618,
frame_ms,0.2735,
frame_ms,0.2437,
frame_ms,0.2407,
frame_ms,0.3624,
frame_ms,0.4832,
frame_ms,0.4295,
frame_ms,0.3614,
frame_ms,0.5274,
tick_us,468.4,134
frame_ms,1.4707,
frame_ms,0.5518,
frame_ms,0.4162,
frame_ms,2.1836,
frame_ms,0.7759,
frame_ms,0.2938,
frame_ms,0.324,
frame_ms,0.2395,
frame_ms,0.2476,
frame_ms,0.2369,
tick_us,555.3,128
frame_ms,1.5433,
frame_ms,0.855,
frame_ms,0.4066,
frame_ms,0.3758,
frame_ms,0.2939,
frame_ms,0.2441,
frame_ms,0.2625,
frame_ms,0.5068,
frame_ms,0.4949,
frame_ms,0.3273,
frame_ms,0.4349,
frame_ms,0.2935,
frame_ms,0.3032,
frame_ms,0.3794,
frame_ms,0.5611,
tick_us,314.3,129
frame_ms,1.2603,
frame_ms,0.4122,
frame_ms,0.4331,
frame_ms,0.4205,
frame_ms,1.2954,
frame_ms,1.6926,
frame_ms,1.3837,
tick_us,302.3,133
frame_ms,1.5847,
frame_ms,0.4583,
frame_ms,0.3093,
frame_ms,0.3734,
frame_ms,0.5281,
frame_ms,0.4331,
frame_ms,0.3414,
frame_ms,0.3221,
frame_ms,0.2767,
frame_ms,0.2598,
frame_ms,0.2617,
frame_ms,0.2639,
frame_ms,0.2734,
frame_ms,0.2673,
frame_ms,0.2593,
frame_ms,0.58,
tick_us,435.1,135
frame_ms,1.9487,
frame_ms,0.6105,
frame_ms,0.3394,
frame_ms,0.3394,
frame_ms,0.6487,
frame_ms,0.3097,
frame_ms,0.2944,
frame_ms,0.3801,
frame_ms,0.4751,
frame_ms,0.4196,
frame_ms,0.3605,
frame_ms,0.4352,
tick_us,329.5,130
frame_ms,1.5922,
frame_ms,0.4907,
frame_ms,0.3367,
frame_ms,0.2845,
frame_ms,0.2653,
frame_ms,0.2844,
frame_ms,0.3621,
frame_ms,0.2959,
frame_ms,0.2801,
frame_ms,0.6294,
frame_ms,0.7999,
frame_ms,0.4078,
frame_ms,0.5322,
frame_ms,0.4101,
frame_ms,0.3151,
tick_us,299.6,135
frame_ms,0.9457,
frame_ms,0.3937,
frame_ms,0.2664,
frame_ms,0.2357,
frame_ms,0.2571,
frame_ms,0.2715,
frame_ms,0.239,
frame_ms,0.2442,
frame_ms,0.2427,
frame_ms,0.244,
frame_ms,0.2421,
frame_ms,0.2444,
frame_ms,0.2838,
frame_ms,0.5947,
frame_ms,0.4753,
frame_ms,0.2693,
frame_ms,0.2455,
frame_ms,0.2461,
frame_ms,0.2405,
frame_ms,0.2428,
frame_ms,0.2531,
frame_ms,0.3023,
tick_us,288.8,134
frame_ms,1.1738,
frame_ms,0.505,
frame_ms,0.3572,
frame_ms,0.3361,
frame_ms,0.2579,
frame_ms,0.2396,
frame_ms,0.2402,
frame_ms,0.2622,
frame_ms,0.2728,
frame_ms,0.7274,
frame_ms,0.3097,
frame_ms,0.2739,
frame_ms,0.5953,
frame_ms,0.3332,
frame_ms,0.3124,
frame_ms,0.5115,
frame_ms,0.3141,
tick_us,316.8,137
frame_ms,0.9583,
frame_ms,0.3615,
frame_ms,0.3895,
frame_ms,0.5125,
frame_ms,0.3269,
frame_ms,0.432,
frame_ms,0.4116,
frame_ms,0.3734,
frame_ms,0.2596,
frame_ms,0.234,
frame_ms,0.2476,
frame_ms,0.8535,
frame_ms,0.4923,
frame_ms,1.2015,
tick_us,385.3,132
frame_ms,1.2144,
frame_ms,0.4837,
frame_ms,0.4062,
frame_ms,0.3476,
frame_ms,0.5739,
frame_ms,0.3262,
frame_ms,0.3478,
frame_ms,0.3122,
frame_ms,0.2736,
frame_ms,0.2502,
frame_ms,0.2397,
frame_ms,0.244,
frame_ms,0.2474,
frame_ms,0.2436,
frame_ms,0.251,
frame_ms,0.2349,
frame_ms,0.3014,
tick_us,287.7,133
frame_ms,1.6957,
frame_ms,0.4863,
frame_ms,0.5708,
frame_ms,0.3548,
frame_ms,0.366,
frame_ms,0.3698,
frame_ms,0.364,
frame_ms,0.4094,
frame_ms,0.4733,
frame_ms,0.4707,
frame_ms,0.2977,
frame_ms,0.3697,
frame_ms,0.5524,
frame_ms,0.309,
frame_ms,0.3375,
tick_us,275,125
frame_ms,0.8058,
frame_ms,0.2965,
frame_ms,0.3004,
frame_ms,0.2801,
frame_ms,0.2542,
frame_ms,0.5187,
frame_ms,0.3034,
frame_ms,0.3118,
frame_ms,0.2993,
frame_ms,0.2515,
frame_ms,0.2599,
frame_ms,0.2604,
frame_ms,0.2883,
frame_ms,0.6766,
frame_ms,0.3127,
frame_ms,0.3373,
frame_ms,0.3739,
frame_ms,0.2717,
frame_ms,0.4374,
tick_us,302.4,130
frame_ms,0.9796,
frame_ms,0.3534,
frame_ms,0.7524,
frame_ms,0.4276,
frame_ms,0.3042,
frame_ms,0.2573,
frame_ms,0.2567,
frame_ms,0.2637,
frame_ms,0.2559,
frame_ms,0.398,
frame_ms,0.4842,
frame_ms,0.8715,
frame_ms,1.1767,
tick_us,313,133
frame_ms,1.2585,
frame_ms,0.6355,
frame_ms,0.312,
frame_ms,1.4141,
frame_ms,0.3882,
frame_ms,0.3672,
frame_ms,0.4161,
frame_ms,0.4451,
frame_ms,0.4516,
frame_ms,0.5245,
frame_ms,0.3099,
frame_ms,0.2615,
frame_ms,0.2386,
frame_ms,0.2561,
tick_us,317.6,137
frame_ms,0.8804,
frame_ms,0.6317,
frame_ms,0.9258,
frame_ms,0.3489,
frame_ms,0.2802,
frame_ms,0.3981,
frame_ms,0.5304,
frame_ms,0.2839,
frame_ms,0.3799,
frame_ms,0.3651,
frame_ms,0.2876,
frame_ms,0.2714,
frame_ms,0.582,
frame_ms,0.4574,
frame_ms,0.3529,
tick_us,368.1,141
frame_ms,1.0987,
frame_ms,0.5235,
frame_ms,0.4878,
frame_ms,0.3045,
frame_ms,0.3657,
frame_ms,0.3996,
frame_ms,0.4511,
frame_ms,0.4468,
frame_ms,0.3215,
frame_ms,0.2709,
frame_ms,0.3845,
frame_ms,0.414,
frame_ms,0.3945,
frame_ms,0.3969,
frame_ms,1.461,
tick_us,293,138
frame_ms,1.3831,
frame_ms,0.4115,
frame_ms,0.3019,
frame_ms,0.5712,
frame_ms,0.87,
frame_ms,0.8604,
frame_ms,0.4645,
frame_ms,0.3717,
frame_ms,0.3502,
frame_ms,0.3837,
tick_us,316.5,141
frame_ms,1.1332,
frame_ms,0.8521,
frame_ms,1.2244,
frame_ms,0.6291,
frame_ms,0.3254,
frame_ms,0.5629,
frame_ms,0.3694,
frame_ms,0.3112,
frame_ms,0.3192,
frame_ms,0.39,
frame_ms,0.61,
tick_us,314.4,144
frame_ms,1.1605,
frame_ms,0.4475,
frame_ms,0.3415,
frame_ms,0.3145,
frame_ms,0.338,
frame_ms,0.2912,
frame_ms,0.6138,
frame_ms,1.3454,
frame_ms,0.5211,
frame_ms,0.7141,
frame_ms,0.4618,
frame_ms,0.4862,
tick_us,266.7,143
frame_ms,1.0094,
frame_ms,0.4114,
frame_ms,0.3603,
frame_ms,0.4197,
frame_ms,0.3256,
frame_ms,0.475,
frame_ms,0.4129,
frame_ms,0.4166,
frame_ms,0.6383,
frame_ms,0.431,
frame_ms,0.6378,
frame_ms,0.2757,
frame_ms,0.5407,
frame_ms,0.3825,
frame_ms,0.411,
tick_us,312.6,142
frame_ms,1.0383,
frame_ms,0.4964,
frame_ms,0.5343,
frame_ms,0.7662,
frame_ms,0.4491,
frame_ms,0.3836,
frame_ms,0.3638,
frame_ms,0.369,
frame_ms,0.3675,
frame_ms,0.3931,
frame_ms,0.4231,
frame_ms,0.501,
frame_ms,0.4283,
frame_ms,0.367,
tick_us,298.8,144
frame_ms,0.9459,
frame_ms,0.8894,
frame_ms,1.2172,
frame_ms,0.6813,
frame_ms,0.9664,
frame_ms,0.5497,
frame_ms,0.3194,
frame_ms,0.3075,
frame_ms,0.2778,
frame_ms,0.2637,
frame_ms,0.282,
frame_ms,0.2808,
tick_us,297.9,138
frame_ms,0.873,
frame_ms,0.3598,
frame_ms,0.2987,
frame_ms,0.2714,
frame_ms,0.285,
frame_ms,0.327,
frame_ms,0.3696,
frame_ms,0.3476,
frame_ms,0.2877,
frame_ms,0.2642,
frame_ms,0.2578,
frame_ms,0.323,
frame_ms,0.3474,
frame_ms,0.3355,
frame_ms,0.3605,
frame_ms,0.4065,
frame_ms,0.7584,
tick_us,289.1,140
frame_ms,1.254,
frame_ms,0.3398,
frame_ms,0.2962,
frame_ms,0.2697,
frame_ms,0.272,
frame_ms,0.3004,
frame_ms,0.4448,
frame_ms,0.3543,
frame_ms,0.2843,
frame_ms,0.2715,
frame_ms,0.2767,
frame_ms,0.2698,
frame_ms,0.2651,
frame_ms,0.3719,
frame_ms,0.2792,
frame_ms,0.282,
frame_ms,0.2392,
frame_ms,0.3025,
frame_ms,0.4294,
frame_ms,0.6164,
tick_us,279.1,144
frame_ms,0.9567,
frame_ms,0.4944,
frame_ms,0.3822,
frame_ms,0.3829,
frame_ms,0.343,
frame_ms,0.2927,
frame_ms,0.348,
frame_ms,0.3274,
frame_ms,0.2684,
frame_ms,0.303,
frame_ms,0.2715,
frame_ms,0.2587,
frame_ms,0.2619,
frame_ms,0.9555,
frame_ms,0.6584,
frame_ms,0.4889,
tick_us,273.7,147
frame_ms,0.897,
frame_ms,0.5335,
frame_ms,0.3585,
frame_ms,0.2806,
frame_ms,0.2654,
frame_ms,0.2654,
frame_ms,0.3658,
frame_ms,0.8195,
frame_ms,0.4207,
frame_ms,0.3769,
frame_ms,0.3545,
frame_ms,0.4835,
frame_ms,0.3303,
frame_ms,0.2777,
frame_ms,0.2594,
frame_ms,0.2602,
frame_ms,0.2573,
tick_us,306.5,143
frame_ms,1.0685,
frame_ms,0.5425,
frame_ms,0.4667,
frame_ms,0.5027,
frame_ms,0.3806,
frame_ms,0.2894,
frame_ms,0.323,
frame_ms,0.3772,
frame_ms,0.2944,
frame_ms,0.2634,
frame_ms,0.3448,
frame_ms,0.2965,
frame_ms,0.304,
frame_ms,0.467,
frame_ms,0.4693,
frame_ms,0.3839,
tick_us,361.8,146
frame_ms,1.0895,
frame_ms,1.2953,
frame_ms,0.3462,
frame_ms,0.2979,
frame_ms,0.2646,
frame_ms,0.4689,
frame_ms,0.4249,
frame_ms,0.4604,
frame_ms,0.4102,
frame_ms,0.4022,
frame_ms,0.3901,
frame_ms,0.3777,
frame_ms,0.6922,
frame_ms,0.4307,
tick_us,266.8,142
frame_ms,1.1745,
frame_ms,0.4977,
frame_ms,0.2945,
frame_ms,0.3416,
frame_ms,0.3231,
frame_ms,0.3177,
frame_ms,0.263,
frame_ms,0.2374,
frame_ms,0.2436,
frame_ms,0.3072,
frame_ms,0.2763,
frame_ms,0.2602,
frame_ms,0.2653,
frame_ms,0.9643,
tick_us,361.2,147
frame_ms,2.2651,
frame_ms,0.7425,
frame_ms,0.7555,
frame_ms,0.5838,
frame_ms,0.5341,
frame_ms,0.5172,
frame_ms,0.4831,
frame_ms,0.3823,
frame_ms,1.1559,
frame_ms,0.8356,
tick_us,328.4,147
frame_ms,2.6931,
frame_ms,0.6299,
frame_ms,0.4553,
frame_ms,0.5256,
frame_ms,0.4241,
frame_ms,0.3472,
frame_ms,0.3388,
frame_ms,0.2744,
frame_ms,0.2855,
frame_ms,1.1577,
tick_us,286.2,144
frame_ms,1.3469,
frame_ms,0.5348,
frame_ms,0.3911,
tick_us,323.6,144
frame_ms,8.1395,
frame_ms,1.3839,
frame_ms,0.6727,
frame_ms,0.3822,
frame_ms,0.4181,
tick_us,311.8,142
frame_ms,2.2879,
frame_ms,0.88,
frame_ms,0.6966,
frame_ms,0.5083,
frame_ms,1.1667,
frame_ms,0.9224,
frame_ms,0.5314,
tick_us,247.1,142
frame_ms,0.7943,
frame_ms,0.2992,
frame_ms,0.2665,
frame_ms,0.6231,
frame_ms,0.4027,
frame_ms,0.4926,
frame_ms,0.668,
frame_ms,0.6886,
frame_ms,0.7249,
frame_ms,0.5857,
frame_ms,0.4538,
frame_ms,0.2835,
frame_ms,0.2383,
frame_ms,0.241,
frame_ms,0.2549,
tick_us,261.7,142
frame_ms,0.7634,
frame_ms,0.6455,
frame_ms,0.482,
frame_ms,0.4484,
frame_ms,0.5903,
frame_ms,0.5554,
frame_ms,0.365,
frame_ms,0.3392,
frame_ms,0.3924,
frame_ms,0.5667,
frame_ms,0.4835,
frame_ms,0.3907,
frame_ms,0.7206,
tick_us,270.1,144
frame_ms,1.0433,
frame_ms,0.3134,
frame_ms,0.3954,
frame_ms,0.4451,
frame_ms,0.4662,
frame_ms,0.4001,
frame_ms,0.3531,
frame_ms,0.5925,
frame_ms,0.4751,
frame_ms,0.4611,
frame_ms,0.359,
frame_ms,1.4201,
frame_ms,0.6566,
tick_us,273.3,141
frame_ms,1.019,
frame_ms,0.3643,
frame_ms,0.378,
frame_ms,0.4345,
frame_ms,0.4261,
frame_ms,0.2744,
frame_ms,0.5159,
frame_ms,0.4272,
frame_ms,0.3621,
frame_ms,0.5602,
frame_ms,0.4669,
frame_ms,0.3089,
frame_ms,0.2811,
frame_ms,0.2536,
frame_ms,0.2649,
frame_ms,0.2674,
tick_us,270.8,141
frame_ms,0.9165,
frame_ms,0.403,
frame_ms,0.4811,
frame_ms,0.4388,
frame_ms,0.4817,
frame_ms,0.5899,
frame_ms,0.6704,
frame_ms,0.4335,
frame_ms,0.4609,
frame_ms,0.3512,
frame_ms,0.4849,
frame_ms,0.3042,
frame_ms,0.408,
frame_ms,0.3989,
tick_us,327.5,145
frame_ms,1.5566,
frame_ms,0.8493,
frame_ms,0.9986,
frame_ms,0.7434,
frame_ms,0.6462,
frame_ms,0.3702,
frame_ms,0.3323,
frame_ms,0.4425,
frame_ms,0.382,
frame_ms,0.678,
tick_us,309.3,146
frame_ms,1.2335,
frame_ms,0.6145,
frame_ms,0.3874,
frame_ms,0.287,
frame_ms,0.272,
frame_ms,0.2648,
frame_ms,0.8572,
frame_ms,0.4301,
frame_ms,0.3872,
frame_ms,0.7352,
frame_ms,0.3535,
frame_ms,0.284,
frame_ms,0.337,
frame_ms,0.2658,
frame_ms,0.245,
frame_ms,0.2532,
tick_us,272.3,143
frame_ms,0.7998,
frame_ms,0.3516,
frame_ms,0.4713,
frame_ms,0.426,
frame_ms,0.5147,
frame_ms,0.3144,
frame_ms,1.0505,
frame_ms,0.9508,
frame_ms,0.9145,
frame_ms,0.735,
frame_ms,0.6897,
tick_us,338.3,142
frame_ms,1.0638,
frame_ms,0.4169,
frame_ms,0.3046,
frame_ms,0.2715,
frame_ms,0.2554,
frame_ms,0.3154,
frame_ms,0.6665,
frame_ms,0.4281,
frame_ms,0.3475,
frame_ms,0.261,
frame_ms,0.4069,
frame_ms,0.2896,
frame_ms,0.965,
frame_ms,0.3995,
tick_us,290.7,139
frame_ms,1.3645,
frame_ms,0.4771,
frame_ms,0.3696,
frame_ms,0.3973,
frame_ms,0.3411,
frame_ms,0.2704,
frame_ms,0.2702,
frame_ms,0.2523,
frame_ms,0.2581,
frame_ms,0.6825,
frame_ms,0.46,
frame_ms,0.2987,
frame_ms,0.3284,
frame_ms,0.2879,
frame_ms,0.4142,
frame_ms,0.2904,
frame_ms,0.2392,
tick_us,277.5,143
frame_ms,1.2979,
frame_ms,1.0789,
frame_ms,0.5168,
frame_ms,0.394,
frame_ms,0.3752,
frame_ms,0.3905,
frame_ms,0.3367,
frame_ms,0.4827,
frame_ms,0.3665,
frame_ms,0.3559,
frame_ms,0.5653,
frame_ms,0.3546,
frame_ms,0.3735,
frame_ms,0.3285,
tick_us,292.7,147
frame_ms,0.8914,
frame_ms,0.3194,
frame_ms,0.2691,
frame_ms,0.4816,
frame_ms,0.3034,
frame_ms,0.2855,
frame_ms,1.2793,
frame_ms,0.6306,
frame_ms,0.5363,
frame_ms,0.3176,
frame_ms,0.5275,
frame_ms,0.3249,
frame_ms,0.2742,
frame_ms,0.3352,
tick_us,291,152
frame_ms,0.9803,
frame_ms,0.4596,
frame_ms,0.4165,
frame_ms,0.4015,
frame_ms,0.31,
frame_ms,0.2596,
frame_ms,0.2324,
frame_ms,0.2256,
frame_ms,0.2216,
frame_ms,0.2257,
frame_ms,0.2436,
frame_ms,0.2717,
frame_ms,0.5607,
frame_ms,0.4092,
frame_ms,0.3473,
frame_ms,0.2728,
frame_ms,0.2331,
frame_ms,0.2224,
frame_ms,0.2353,
frame_ms,0.2317,
frame_ms,0.2221,
tick_us,288.1,161
frame_ms,0.8044,
frame_ms,0.2837,
frame_ms,0.3081,
frame_ms,0.241,
frame_ms,0.2388,
frame_ms,0.2571,
frame_ms,0.2585,
frame_ms,0.245,
frame_ms,0.2335,
frame_ms,0.2402,
frame_ms,0.2411,
frame_ms,0.2324,
frame_ms,0.2473,
frame_ms,0.2221,
frame_ms,0.2459,
frame_ms,0.2978,
frame_ms,0.3065,
frame_ms,0.4569,
frame_ms,0.3469,
frame_ms,0.2994,
frame_ms,0.3089,
frame_ms,0.2372,
frame_ms,0.2359,
tick_us,289.7,154
frame_ms,1.7474,
frame_ms,0.3691,
frame_ms,0.2695,
frame_ms,0.3025,
frame_ms,0.3804,
frame_ms,0.3944,
frame_ms,0.3334,
frame_ms,0.2883,
frame_ms,0.3794,
frame_ms,0.3319,
frame_ms,0.272,
frame_ms,0.2527,
frame_ms,0.2677,
frame_ms,0.4413,
frame_ms,0.2807,
frame_ms,0.2547,
frame_ms,0.2501,
frame_ms,0.2789,
tick_us,285.3,161
frame_ms,0.8174,
frame_ms,0.3349,
frame_ms,0.3169,
frame_ms,0.2981,
frame_ms,0.2347,
frame_ms,0.2387,
frame_ms,0.2397,
frame_ms,0.2386,
frame_ms,0.3032,
frame_ms,0.2545,
frame_ms,0.2313,
frame_ms,0.2272,
frame_ms,0.2283,
frame_ms,0.2341,
frame_ms,0.3681,
frame_ms,0.4226,
frame_ms,0.3768,
frame_ms,0.4085,
frame_ms,0.3678,
frame_ms,0.2705,
frame_ms,0.2394,
frame_ms,0.2381,
tick_us,273.9,155
frame_ms,0.7888,
frame_ms,0.2789,
frame_ms,0.2357,
frame_ms,0.2413,
frame_ms,0.241,
frame_ms,0.2319,
frame_ms,0.4107,
frame_ms,0.2685,
frame_ms,0.4007,
frame_ms,0.389,
frame_ms,0.3953,
frame_ms,0.3956,
frame_ms,0.3771,
frame_ms,0.3499,
frame_ms,0.3488,
frame_ms,0.4407,
frame_ms,0.2994,
frame_ms,0.2407,
frame_ms,0.2298,
frame_ms,0.2265,
frame_ms,0.2274,
tick_us,267.5,157
frame_ms,0.7611,
frame_ms,0.2904,
frame_ms,0.3061,
frame_ms,0.2316,
frame_ms,0.2273,
frame_ms,0.2205,
frame_ms,0.2202,
frame_ms,0.2187,
frame_ms,0.2631,
frame_ms,0.2998,
frame_ms,0.2484,
frame_ms,0.2858,
frame_ms,0.3576,
frame_ms,0.2896,
frame_ms,0.2537,
frame_ms,0.2464,
frame_ms,0.2413,
frame_ms,0.2408,
frame_ms,0.2484,
frame_ms,0.2945,
frame_ms,0.3224,
frame_ms,0.2665,
frame_ms,0.2406,
frame_ms,0.2822,
tick_us,255.5,154
frame_ms,0.8501,
frame_ms,0.3366,
frame_ms,0.2969,
frame_ms,0.2531,
frame_ms,0.2305,
frame_ms,0.2328,
frame_ms,0.2286,
frame_ms,0.2247,
frame_ms,0.2241,
frame_ms,0.2451,
frame_ms,0.2255,
frame_ms,0.2344,
frame_ms,0.2784,
frame_ms,0.2951,
frame_ms,0.6237,
frame_ms,0.2933,
frame_ms,0.2602,
frame_ms,0.257,
frame_ms,0.2555,
frame_ms,0.2442,
frame_ms,0.5246,
frame_ms,0.3385,
tick_us,258,154
