# mode=collision,n=250,struct=quadtree,cell=64,depth=5,node=4,seed=42,warmup_s=2,measure_s=5,config=3D,ticks=1008,frames=19493,measured_ticks=720,startup_ms=662.782,glfw_first_draw_ms=597.781,renderer=NVIDIA GeForce RTX 5060 Laptop GPU/PCIe/SSE2,gl=3.3.0 NVIDIA 592.01
kind,value,extra
startup_ms,662.782,process_to_first_frame
glfw_ms,597.781,glfw_init_to_first_frame
mem_ws_bytes,1.12374e+08,baseline
mem_private_bytes,1.80998e+08,baseline
mem_peak_ws_bytes,1.12374e+08,baseline
mem_ws_bytes,1.12443e+08,after_spawn
mem_private_bytes,1.81031e+08,after_spawn
mem_peak_ws_bytes,1.12443e+08,after_spawn
frame_ms,0.22,
frame_ms,1.1499,
frame_ms,0.217,
frame_ms,0.2048,
frame_ms,0.6864,
frame_ms,0.347,
frame_ms,0.2617,
frame_ms,0.2165,
frame_ms,0.2166,
frame_ms,0.2379,
frame_ms,0.2187,
frame_ms,0.2107,
frame_ms,0.2555,
frame_ms,0.2674,
frame_ms,0.2219,
frame_ms,0.2122,
frame_ms,0.2185,
frame_ms,0.2086,
frame_ms,1.0706,
tick_us,81.9,3
frame_ms,0.5465,
frame_ms,0.2581,
frame_ms,0.223,
frame_ms,0.2605,
frame_ms,0.6054,
frame_ms,0.2482,
frame_ms,0.2091,
frame_ms,0.2197,
frame_ms,0.2122,
frame_ms,0.2143,
frame_ms,1.1788,
frame_ms,0.3403,
frame_ms,0.3067,
frame_ms,0.2667,
frame_ms,0.2226,
frame_ms,0.2295,
frame_ms,0.2337,
frame_ms,0.2702,
frame_ms,0.2881,
frame_ms,0.2472,
frame_ms,0.2521,
tick_us,82.6,3
frame_ms,0.4073,
frame_ms,0.2348,
frame_ms,0.8791,
frame_ms,0.7992,
frame_ms,0.2701,
frame_ms,0.2672,
frame_ms,0.2854,
frame_ms,0.22,
frame_ms,0.2168,
frame_ms,0.2064,
frame_ms,0.2297,
frame_ms,0.2344,
frame_ms,0.2136,
frame_ms,1.1945,
frame_ms,0.297,
frame_ms,0.229,
frame_ms,0.2151,
frame_ms,0.2288,
frame_ms,0.2088,
frame_ms,0.2078,
tick_us,85.8,3
frame_ms,0.4234,
frame_ms,0.2398,
frame_ms,0.2089,
frame_ms,0.2085,
frame_ms,0.2054,
frame_ms,0.2019,
frame_ms,0.7622,
frame_ms,0.5347,
frame_ms,0.355,
frame_ms,0.2574,
frame_ms,0.2108,
frame_ms,0.2101,
frame_ms,0.2129,
frame_ms,0.2151,
frame_ms,0.2114,
frame_ms,0.258,
frame_ms,0.2312,
frame_ms,0.2071,
frame_ms,0.2481,
frame_ms,0.2837,
frame_ms,1.266,
tick_us,73,3
frame_ms,0.4974,
frame_ms,0.2476,
frame_ms,0.2199,
frame_ms,0.211,
frame_ms,0.2205,
frame_ms,0.9077,
frame_ms,0.2245,
frame_ms,0.2025,
frame_ms,0.2079,
frame_ms,0.2209,
frame_ms,1.0191,
frame_ms,0.3311,
frame_ms,0.2613,
frame_ms,0.2779,
frame_ms,0.2133,
frame_ms,0.214,
frame_ms,0.2072,
frame_ms,0.2037,
frame_ms,0.2511,
frame_ms,0.2387,
frame_ms,0.2098,
frame_ms,0.2427,
tick_us,73.2,3
frame_ms,0.3974,
frame_ms,1.0813,
frame_ms,0.2287,
frame_ms,0.2145,
frame_ms,1.1039,
frame_ms,0.211,
frame_ms,0.2086,
frame_ms,0.3477,
frame_ms,0.2219,
frame_ms,0.2147,
frame_ms,0.2104,
frame_ms,0.2058,
frame_ms,1.0196,
frame_ms,0.3353,
frame_ms,0.2369,
frame_ms,0.2248,
frame_ms,0.2088,
frame_ms,0.2088,
frame_ms,0.2007,
tick_us,74,3
frame_ms,0.3939,
frame_ms,0.24,
frame_ms,0.2064,
frame_ms,0.2064,
frame_ms,0.2049,
frame_ms,0.2427,
frame_ms,1.261,
frame_ms,0.3835,
frame_ms,0.3321,
frame_ms,0.3254,
frame_ms,0.3216,
frame_ms,0.3412,
frame_ms,0.4747,
frame_ms,0.2943,
frame_ms,0.2265,
frame_ms,0.2212,
frame_ms,0.2136,
frame_ms,1.0281,
tick_us,75,2
frame_ms,0.5039,
frame_ms,0.2514,
frame_ms,0.2113,
frame_ms,0.2098,
frame_ms,0.2179,
frame_ms,0.2111,
frame_ms,0.2493,
frame_ms,0.2331,
frame_ms,0.2077,
frame_ms,1.1522,
frame_ms,0.2303,
frame_ms,0.1963,
frame_ms,0.2873,
frame_ms,0.2794,
frame_ms,0.2596,
frame_ms,0.2373,
frame_ms,0.2342,
frame_ms,0.23,
frame_ms,0.2304,
frame_ms,0.262,
frame_ms,0.2451,
frame_ms,0.213,
frame_ms,0.2058,
frame_ms,0.202,
frame_ms,0.2405,
tick_us,78.9,1
frame_ms,0.412,
frame_ms,0.9276,
frame_ms,0.3152,
frame_ms,0.2723,
frame_ms,0.2258,
frame_ms,0.2571,
frame_ms,0.2513,
frame_ms,0.2467,
frame_ms,0.6978,
frame_ms,0.2418,
frame_ms,0.206,
frame_ms,0.2128,
frame_ms,0.2123,
frame_ms,1.0276,
frame_ms,0.329,
frame_ms,0.2342,
frame_ms,0.2058,
frame_ms,0.6493,
tick_us,78.4,1
frame_ms,0.4395,
frame_ms,0.2445,
frame_ms,0.2155,
frame_ms,0.2166,
frame_ms,0.2093,
frame_ms,0.254,
frame_ms,1.2045,
frame_ms,0.3148,
frame_ms,0.6004,
frame_ms,0.2599,
frame_ms,0.3089,
frame_ms,0.2641,
frame_ms,0.2282,
frame_ms,0.208,
frame_ms,0.2031,
frame_ms,0.2331,
frame_ms,0.2387,
frame_ms,1.2593,
tick_us,81.8,1
frame_ms,0.4864,
frame_ms,0.2722,
frame_ms,0.2603,
frame_ms,0.2436,
frame_ms,0.2084,
frame_ms,0.2117,
frame_ms,0.2065,
frame_ms,0.2117,
frame_ms,0.239,
frame_ms,0.2284,
frame_ms,0.2028,
frame_ms,0.2424,
frame_ms,1.1617,
frame_ms,0.3188,
frame_ms,0.2707,
frame_ms,0.2254,
frame_ms,0.2481,
frame_ms,0.2504,
frame_ms,0.249,
frame_ms,0.2843,
frame_ms,0.2304,
frame_ms,0.2121,
frame_ms,0.2054,
frame_ms,0.2398,
tick_us,70.2,1
frame_ms,0.3968,
frame_ms,1.1479,
frame_ms,0.3454,
frame_ms,0.2907,
frame_ms,0.261,
frame_ms,0.2201,
frame_ms,0.2876,
frame_ms,0.2907,
frame_ms,0.2233,
frame_ms,0.2292,
frame_ms,0.6456,
frame_ms,0.2496,
frame_ms,1.0107,
frame_ms,0.3071,
frame_ms,0.2722,
frame_ms,0.2953,
frame_ms,0.2224,
frame_ms,0.2488,
tick_us,119.1,2
frame_ms,0.4654,
frame_ms,0.2703,
frame_ms,0.231,
frame_ms,0.2092,
frame_ms,0.2109,
frame_ms,0.2234,
frame_ms,1.2005,
frame_ms,0.328,
frame_ms,0.2641,
frame_ms,0.2184,
frame_ms,0.2522,
frame_ms,0.7371,
frame_ms,0.2539,
frame_ms,0.2455,
frame_ms,0.2145,
frame_ms,0.2157,
frame_ms,0.2121,
frame_ms,0.2387,
frame_ms,0.9775,
tick_us,71.2,1
frame_ms,0.3935,
frame_ms,0.2395,
frame_ms,0.2065,
frame_ms,0.2229,
frame_ms,0.2101,
frame_ms,0.2038,
frame_ms,0.2433,
frame_ms,0.2083,
frame_ms,0.2013,
frame_ms,0.1989,
frame_ms,0.2489,
frame_ms,0.2328,
frame_ms,0.2059,
frame_ms,1.1639,
frame_ms,0.3936,
frame_ms,0.3291,
frame_ms,0.3226,
frame_ms,0.3233,
frame_ms,0.3363,
frame_ms,0.2616,
frame_ms,0.2149,
frame_ms,0.2918,
frame_ms,0.2159,
tick_us,74,1
frame_ms,0.3801,
frame_ms,0.227,
frame_ms,0.8818,
frame_ms,0.329,
frame_ms,0.2641,
frame_ms,0.2249,
frame_ms,0.2489,
frame_ms,0.2465,
frame_ms,0.2482,
frame_ms,0.291,
frame_ms,0.2333,
frame_ms,0.2158,
frame_ms,0.2094,
frame_ms,0.9963,
frame_ms,0.2152,
frame_ms,0.4489,
frame_ms,0.344,
frame_ms,0.3458,
frame_ms,0.2395,
frame_ms,0.2102,
frame_ms,0.2171,
tick_us,75,2
frame_ms,0.3742,
frame_ms,0.2327,
frame_ms,0.2103,
frame_ms,0.2225,
frame_ms,0.2183,
frame_ms,0.2133,
frame_ms,0.2686,
frame_ms,1.0635,
frame_ms,0.3189,
frame_ms,0.2657,
frame_ms,0.2196,
frame_ms,0.2496,
frame_ms,0.2479,
frame_ms,0.2477,
frame_ms,0.2557,
frame_ms,0.5368,
frame_ms,0.2536,
frame_ms,0.277,
frame_ms,0.2524,
frame_ms,1.0529,
tick_us,77.8,2
frame_ms,0.5256,
frame_ms,0.243,
frame_ms,0.2168,
frame_ms,0.2479,
frame_ms,0.2511,
frame_ms,0.2983,
frame_ms,0.2386,
frame_ms,0.2223,
frame_ms,0.2154,
frame_ms,0.2114,
frame_ms,0.2546,
frame_ms,1.2627,
frame_ms,0.2925,
frame_ms,0.2428,
frame_ms,0.2556,
frame_ms,0.2503,
frame_ms,0.2565,
frame_ms,0.2468,
frame_ms,0.2859,
frame_ms,0.2352,
frame_ms,0.3203,
frame_ms,0.3205,
tick_us,70.3,2
frame_ms,0.3766,
frame_ms,0.2226,
frame_ms,0.8121,
frame_ms,0.2506,
frame_ms,0.2169,
frame_ms,0.2144,
frame_ms,0.2066,
frame_ms,0.2526,
frame_ms,0.2073,
frame_ms,0.2072,
frame_ms,0.2217,
frame_ms,0.2284,
frame_ms,0.208,
frame_ms,0.2235,
frame_ms,0.2167,
frame_ms,0.2058,
frame_ms,0.26,
frame_ms,1.0841,
frame_ms,0.2811,
frame_ms,0.2229,
frame_ms,0.2204,
frame_ms,0.3832,
tick_us,76.4,2
frame_ms,0.5708,
frame_ms,0.3245,
frame_ms,0.2173,
frame_ms,0.2216,
frame_ms,0.2066,
frame_ms,0.2351,
frame_ms,1.2925,
frame_ms,0.2693,
frame_ms,0.206,
frame_ms,0.2085,
frame_ms,0.2085,
frame_ms,0.2049,
frame_ms,0.2594,
frame_ms,0.2303,
frame_ms,0.2042,
frame_ms,0.215,
frame_ms,1.1503,
frame_ms,0.2272,
frame_ms,0.2073,
frame_ms,0.2096,
frame_ms,0.3782,
tick_us,74.1,2
frame_ms,0.4348,
frame_ms,0.2271,
frame_ms,0.2046,
frame_ms,0.2079,
frame_ms,0.2009,
frame_ms,0.2523,
frame_ms,0.2387,
frame_ms,0.2046,
frame_ms,0.2459,
frame_ms,0.2317,
frame_ms,0.2084,
frame_ms,0.2474,
frame_ms,1.2638,
frame_ms,0.3151,
frame_ms,0.2662,
frame_ms,0.227,
frame_ms,0.2544,
frame_ms,0.2541,
frame_ms,0.5673,
frame_ms,0.2586,
frame_ms,0.2436,
frame_ms,0.2296,
tick_us,75.8,2
frame_ms,0.5966,
frame_ms,0.235,
frame_ms,0.6666,
frame_ms,0.3112,
frame_ms,0.3317,
frame_ms,0.2829,
frame_ms,0.2206,
frame_ms,0.2763,
frame_ms,0.2533,
frame_ms,0.2243,
frame_ms,0.2879,
frame_ms,0.2416,
frame_ms,0.2324,
frame_ms,0.2126,
frame_ms,0.2208,
frame_ms,1.0875,
frame_ms,0.305,
frame_ms,0.4046,
frame_ms,0.2726,
frame_ms,0.2669,
tick_us,81.1,2
frame_ms,0.5295,
frame_ms,0.3258,
frame_ms,0.2232,
frame_ms,0.2316,
frame_ms,0.2189,
frame_ms,0.2084,
frame_ms,1.1681,
frame_ms,0.353,
frame_ms,0.2621,
frame_ms,0.217,
frame_ms,0.2152,
frame_ms,0.2117,
frame_ms,0.2097,
frame_ms,0.2407,
frame_ms,0.2301,
frame_ms,0.2096,
frame_ms,0.2197,
frame_ms,0.2242,
frame_ms,0.2057,
frame_ms,1.1384,
frame_ms,0.2241,
tick_us,75.2,2
frame_ms,0.3812,
frame_ms,0.2313,
frame_ms,0.4175,
frame_ms,0.2799,
frame_ms,0.2162,
frame_ms,0.2113,
frame_ms,0.217,
frame_ms,0.2056,
frame_ms,0.2613,
frame_ms,0.2464,
frame_ms,0.2259,
frame_ms,0.2365,
frame_ms,1.0666,
frame_ms,0.3471,
frame_ms,0.2667,
frame_ms,0.2491,
frame_ms,0.2903,
frame_ms,0.2678,
frame_ms,0.2809,
frame_ms,0.3074,
frame_ms,0.2913,
frame_ms,0.2581,
frame_ms,0.2062,
tick_us,93.4,2
frame_ms,0.419,
frame_ms,0.959,
frame_ms,0.2685,
frame_ms,0.218,
frame_ms,0.2121,
frame_ms,0.2053,
frame_ms,0.2247,
frame_ms,0.2399,
frame_ms,0.2053,
frame_ms,0.2411,
frame_ms,0.2336,
frame_ms,0.2045,
frame_ms,0.2531,
frame_ms,0.2287,
frame_ms,0.214,
frame_ms,1.2209,
frame_ms,0.3217,
frame_ms,0.2688,
frame_ms,0.2264,
frame_ms,0.2553,
tick_us,95.5,2
frame_ms,0.8454,
frame_ms,0.2553,
frame_ms,0.2161,
frame_ms,0.3484,
frame_ms,0.3715,
frame_ms,0.3298,
frame_ms,0.7283,
frame_ms,0.3214,
frame_ms,0.2672,
frame_ms,0.2385,
frame_ms,0.2885,
frame_ms,0.2665,
frame_ms,0.2417,
frame_ms,0.2103,
frame_ms,0.2105,
frame_ms,0.2074,
frame_ms,0.2554,
frame_ms,0.2341,
frame_ms,0.2078,
frame_ms,1.2373,
tick_us,118.1,2
frame_ms,0.5292,
frame_ms,0.271,
frame_ms,0.2334,
frame_ms,0.5471,
frame_ms,0.2179,
frame_ms,0.2128,
frame_ms,0.2474,
frame_ms,0.2131,
frame_ms,0.218,
frame_ms,0.2112,
frame_ms,1.2431,
frame_ms,0.3284,
frame_ms,0.2669,
frame_ms,0.2398,
frame_ms,0.2983,
frame_ms,0.2691,
frame_ms,0.2525,
frame_ms,0.2568,
frame_ms,0.2271,
frame_ms,0.2533,
frame_ms,0.2534,
tick_us,90.3,2
frame_ms,0.4847,
frame_ms,0.2558,
frame_ms,0.7942,
frame_ms,0.4216,
frame_ms,0.2493,
frame_ms,0.2098,
frame_ms,0.2819,
frame_ms,0.2299,
frame_ms,0.2168,
frame_ms,0.213,
frame_ms,0.2451,
frame_ms,0.2377,
frame_ms,0.2138,
frame_ms,0.2435,
frame_ms,0.2336,
frame_ms,1.1505,
frame_ms,0.3397,
frame_ms,0.3049,
frame_ms,0.2639,
frame_ms,0.2779,
tick_us,95.7,2
frame_ms,1.2938,
frame_ms,0.2803,
frame_ms,0.2389,
frame_ms,0.3072,
frame_ms,0.8903,
frame_ms,0.2289,
frame_ms,0.2114,
frame_ms,0.2108,
frame_ms,0.2086,
frame_ms,0.2346,
frame_ms,0.2178,
frame_ms,0.2082,
frame_ms,0.2504,
frame_ms,0.2375,
frame_ms,0.2074,
frame_ms,0.2497,
frame_ms,0.2306,
frame_ms,0.205,
frame_ms,0.2279,
frame_ms,1.0263,
tick_us,88.7,2
frame_ms,0.5498,
frame_ms,0.2625,
frame_ms,0.4623,
frame_ms,0.2548,
frame_ms,0.2477,
frame_ms,0.3217,
frame_ms,0.3822,
frame_ms,0.2787,
frame_ms,0.2154,
frame_ms,0.209,
frame_ms,0.9467,
frame_ms,0.2316,
frame_ms,0.2146,
frame_ms,0.2131,
frame_ms,0.2032,
frame_ms,0.2277,
frame_ms,0.2212,
frame_ms,0.2019,
frame_ms,0.2545,
frame_ms,0.2378,
frame_ms,0.208,
frame_ms,0.2521,
frame_ms,0.2318,
tick_us,94.5,2
frame_ms,0.4099,
frame_ms,1.1616,
frame_ms,0.2237,
frame_ms,0.2049,
frame_ms,0.2058,
frame_ms,0.8268,
frame_ms,0.4316,
frame_ms,0.2515,
frame_ms,0.2036,
frame_ms,0.2142,
frame_ms,0.2062,
frame_ms,0.2173,
frame_ms,1.0793,
frame_ms,0.2239,
frame_ms,0.2026,
frame_ms,0.2152,
frame_ms,0.2777,
frame_ms,0.2245,
frame_ms,0.2083,
tick_us,96.5,2
frame_ms,0.4159,
frame_ms,0.9852,
frame_ms,0.4865,
frame_ms,0.2776,
frame_ms,0.2217,
frame_ms,0.5357,
frame_ms,0.3661,
frame_ms,0.3316,
frame_ms,0.3256,
frame_ms,0.3218,
frame_ms,0.3226,
frame_ms,0.2942,
frame_ms,0.257,
frame_ms,0.2124,
frame_ms,0.2207,
frame_ms,0.2301,
frame_ms,0.211,
frame_ms,0.9887,
tick_us,99.8,2
frame_ms,0.4941,
frame_ms,0.2358,
frame_ms,0.2102,
frame_ms,0.2257,
frame_ms,0.2285,
frame_ms,0.2142,
frame_ms,0.2094,
frame_ms,0.2598,
frame_ms,0.2872,
frame_ms,0.2287,
frame_ms,0.2786,
frame_ms,0.3876,
frame_ms,1.0274,
frame_ms,0.3295,
frame_ms,0.299,
frame_ms,0.3331,
frame_ms,0.2542,
frame_ms,0.2085,
frame_ms,0.2113,
frame_ms,0.2074,
frame_ms,0.2079,
frame_ms,0.2736,
frame_ms,0.2676,
tick_us,98.1,2
frame_ms,0.4375,
frame_ms,0.2359,
frame_ms,0.7878,
frame_ms,0.6385,
frame_ms,0.2452,
frame_ms,0.2253,
frame_ms,0.2143,
frame_ms,0.2061,
frame_ms,0.3881,
frame_ms,0.3066,
frame_ms,0.2835,
frame_ms,0.2827,
frame_ms,0.2842,
frame_ms,0.2134,
frame_ms,0.8751,
frame_ms,0.2635,
frame_ms,0.2251,
frame_ms,0.2809,
frame_ms,0.2303,
frame_ms,0.2161,
frame_ms,0.2107,
tick_us,90.5,2
frame_ms,0.4472,
frame_ms,0.2388,
frame_ms,0.2091,
frame_ms,0.2132,
frame_ms,0.2068,
frame_ms,1.1741,
frame_ms,0.2284,
frame_ms,0.2668,
frame_ms,0.2208,
frame_ms,0.2754,
frame_ms,0.2253,
frame_ms,0.2143,
frame_ms,0.2153,
frame_ms,0.2382,
frame_ms,0.2145,
frame_ms,0.206,
frame_ms,0.2607,
frame_ms,0.2341,
frame_ms,0.4399,
frame_ms,0.3872,
frame_ms,0.8111,
tick_us,122.7,1
frame_ms,0.5691,
frame_ms,0.2715,
frame_ms,0.2229,
frame_ms,0.2137,
frame_ms,0.2149,
frame_ms,0.2068,
frame_ms,0.2489,
frame_ms,1.0586,
frame_ms,0.2164,
frame_ms,0.2015,
frame_ms,0.7112,
frame_ms,0.3531,
frame_ms,0.2608,
frame_ms,0.2303,
frame_ms,0.2144,
frame_ms,0.2156,
frame_ms,0.2069,
frame_ms,0.2087,
frame_ms,0.2695,
frame_ms,0.2549,
frame_ms,0.2143,
frame_ms,0.224,
tick_us,84.2,1
frame_ms,0.4331,
frame_ms,0.2504,
frame_ms,0.8311,
frame_ms,0.3395,
frame_ms,0.268,
frame_ms,0.2268,
frame_ms,0.2534,
frame_ms,0.3182,
frame_ms,0.2756,
frame_ms,0.2183,
frame_ms,0.2105,
frame_ms,0.2063,
frame_ms,0.2067,
frame_ms,0.2528,
frame_ms,0.2259,
frame_ms,1.1686,
frame_ms,0.3234,
frame_ms,0.2692,
frame_ms,0.2229,
frame_ms,0.2771,
frame_ms,0.2435,
tick_us,82.1,1
frame_ms,0.4006,
frame_ms,0.2279,
frame_ms,0.2061,
frame_ms,0.2084,
frame_ms,0.209,
frame_ms,0.7937,
frame_ms,0.7963,
frame_ms,0.3988,
frame_ms,0.3322,
frame_ms,0.3203,
frame_ms,0.3197,
frame_ms,0.3335,
frame_ms,0.3292,
frame_ms,0.317,
frame_ms,0.3143,
frame_ms,0.3164,
frame_ms,0.3134,
frame_ms,0.8523,
tick_us,90.6,1
frame_ms,0.447,
frame_ms,0.2467,
frame_ms,0.2113,
frame_ms,0.2294,
frame_ms,0.2136,
frame_ms,0.2085,
frame_ms,0.2383,
frame_ms,0.2138,
frame_ms,0.2025,
frame_ms,0.2177,
frame_ms,0.2421,
frame_ms,0.2248,
frame_ms,1.2842,
frame_ms,0.3297,
frame_ms,0.2737,
frame_ms,0.3061,
frame_ms,0.2548,
frame_ms,0.2096,
frame_ms,0.2121,
frame_ms,0.2255,
frame_ms,0.2136,
frame_ms,0.2441,
frame_ms,0.2537,
frame_ms,0.217,
tick_us,94.5,1
frame_ms,0.4207,
frame_ms,1.0062,
frame_ms,0.3177,
frame_ms,0.2647,
frame_ms,0.2249,
frame_ms,0.2519,
frame_ms,0.603,
frame_ms,0.2241,
frame_ms,0.2151,
frame_ms,0.2122,
frame_ms,0.2154,
frame_ms,0.2311,
frame_ms,0.2249,
frame_ms,1.1771,
frame_ms,0.2585,
frame_ms,0.2208,
frame_ms,0.2105,
frame_ms,0.2078,
frame_ms,0.2091,
frame_ms,0.2534,
tick_us,125.5,1
frame_ms,0.5133,
frame_ms,0.2911,
frame_ms,0.2211,
frame_ms,0.2105,
frame_ms,0.2059,
frame_ms,0.2069,
frame_ms,1.1567,
frame_ms,0.3414,
frame_ms,1.1271,
frame_ms,0.2196,
frame_ms,0.2023,
frame_ms,0.2325,
frame_ms,0.205,
frame_ms,0.229,
frame_ms,0.2371,
frame_ms,0.2029,
frame_ms,1.1712,
tick_us,83.3,1
frame_ms,0.5087,
frame_ms,0.3036,
frame_ms,0.2569,
frame_ms,0.2085,
frame_ms,0.2137,
frame_ms,0.2035,
frame_ms,0.2365,
frame_ms,0.2825,
frame_ms,0.2141,
frame_ms,0.2024,
frame_ms,0.2749,
frame_ms,0.2617,
frame_ms,1.1794,
frame_ms,0.2874,
frame_ms,0.2335,
frame_ms,0.2106,
frame_ms,0.2096,
frame_ms,0.2029,
frame_ms,0.2043,
frame_ms,0.2656,
frame_ms,0.2366,
frame_ms,0.2058,
frame_ms,0.247,
frame_ms,0.24,
tick_us,83.7,1
frame_ms,0.3882,
frame_ms,0.2294,
frame_ms,0.8262,
frame_ms,0.3245,
frame_ms,0.2845,
frame_ms,0.2773,
frame_ms,0.2848,
frame_ms,0.2252,
frame_ms,0.2106,
frame_ms,0.205,
frame_ms,0.2395,
frame_ms,0.2543,
frame_ms,0.9432,
frame_ms,0.2073,
frame_ms,0.2125,
frame_ms,0.4891,
frame_ms,0.2622,
frame_ms,0.2165,
frame_ms,0.2103,
frame_ms,0.2061,
frame_ms,0.2308,
frame_ms,0.2205,
tick_us,82.5,1
frame_ms,0.3807,
frame_ms,0.2104,
frame_ms,0.2101,
frame_ms,0.2049,
frame_ms,0.2496,
frame_ms,0.2302,
frame_ms,0.206,
frame_ms,1.1378,
frame_ms,0.3256,
frame_ms,0.2684,
frame_ms,0.2389,
frame_ms,0.3004,
frame_ms,0.232,
frame_ms,0.2779,
frame_ms,0.6492,
frame_ms,0.2364,
frame_ms,0.206,
frame_ms,0.2248,
frame_ms,0.294,
frame_ms,0.9211,
tick_us,87.4,0
frame_ms,0.5471,
frame_ms,0.2811,
frame_ms,0.2562,
frame_ms,0.211,
frame_ms,0.2126,
frame_ms,0.2123,
frame_ms,0.2022,
frame_ms,0.2652,
frame_ms,0.2431,
frame_ms,0.2083,
frame_ms,0.2384,
frame_ms,0.2327,
frame_ms,1.0417,
frame_ms,0.3791,
frame_ms,0.3255,
frame_ms,0.4833,
frame_ms,0.3188,
frame_ms,0.3024,
frame_ms,0.2491,
frame_ms,0.2056,
frame_ms,0.2087,
frame_ms,0.2037,
tick_us,85,0
frame_ms,0.4246,
frame_ms,0.2317,
frame_ms,0.8425,
frame_ms,0.3201,
frame_ms,0.2679,
frame_ms,0.2246,
frame_ms,0.2533,
frame_ms,0.2498,
frame_ms,0.2572,
frame_ms,0.3009,
frame_ms,0.2318,
frame_ms,0.2539,
frame_ms,0.2554,
frame_ms,0.2837,
frame_ms,0.2423,
frame_ms,1.0265,
frame_ms,0.2633,
frame_ms,0.2166,
frame_ms,0.2143,
frame_ms,0.2049,
frame_ms,0.2126,
frame_ms,0.2131,
tick_us,93.1,0
frame_ms,0.444,
frame_ms,0.2272,
frame_ms,0.3568,
frame_ms,0.2304,
frame_ms,0.2034,
frame_ms,0.2078,
frame_ms,1.1742,
frame_ms,0.2707,
frame_ms,0.3337,
frame_ms,0.2253,
frame_ms,0.2523,
frame_ms,0.2555,
frame_ms,0.2767,
frame_ms,0.2588,
frame_ms,1.059,
frame_ms,0.2314,
frame_ms,0.2009,
frame_ms,0.8721,
tick_us,98.3,0
frame_ms,0.5051,
frame_ms,0.3277,
frame_ms,0.2611,
frame_ms,0.2188,
frame_ms,0.2421,
frame_ms,0.2206,
frame_ms,0.2067,
frame_ms,0.2102,
frame_ms,0.2531,
frame_ms,0.2469,
frame_ms,0.3631,
frame_ms,1.0533,
frame_ms,0.2939,
frame_ms,0.2203,
frame_ms,0.2106,
frame_ms,0.2129,
frame_ms,0.2047,
frame_ms,0.2202,
frame_ms,0.2086,
frame_ms,0.2336,
frame_ms,0.2587,
frame_ms,0.2035,
frame_ms,0.2585,
frame_ms,0.2763,
tick_us,108.5,0
frame_ms,0.4743,
frame_ms,0.8865,
frame_ms,0.4808,
frame_ms,0.5184,
frame_ms,0.4655,
frame_ms,0.4595,
frame_ms,0.2316,
frame_ms,0.2399,
frame_ms,0.2222,
frame_ms,0.2152,
frame_ms,0.2281,
frame_ms,1.1219,
frame_ms,0.441,
frame_ms,0.3153,
frame_ms,0.3598,
tick_us,116.1,1
frame_ms,0.6157,
frame_ms,0.3459,
frame_ms,0.3491,
frame_ms,0.2708,
frame_ms,0.3906,
frame_ms,0.329,
frame_ms,0.7771,
frame_ms,0.3016,
frame_ms,0.2724,
frame_ms,0.3026,
frame_ms,0.2507,
frame_ms,0.5704,
frame_ms,0.3692,
frame_ms,0.314,
frame_ms,1.3289,
frame_ms,0.2836,
tick_us,121.8,1
frame_ms,0.5292,
frame_ms,0.29,
frame_ms,0.381,
frame_ms,0.4214,
frame_ms,0.3254,
frame_ms,0.3028,
frame_ms,0.3385,
frame_ms,0.3084,
frame_ms,0.4315,
frame_ms,0.3554,
frame_ms,0.6481,
frame_ms,0.3774,
frame_ms,0.3065,
frame_ms,0.3655,
frame_ms,0.293,
frame_ms,0.4361,
frame_ms,0.3852,
frame_ms,0.4394,
tick_us,123.8,1
frame_ms,0.6348,
frame_ms,0.2807,
frame_ms,0.6307,
frame_ms,0.3687,
frame_ms,0.3045,
frame_ms,0.2943,
frame_ms,0.2842,
frame_ms,0.2702,
frame_ms,0.269,
frame_ms,0.2589,
frame_ms,0.2765,
frame_ms,0.2786,
frame_ms,0.2865,
frame_ms,0.2409,
frame_ms,0.9979,
frame_ms,0.2459,
frame_ms,0.221,
frame_ms,0.22,
frame_ms,0.2165,
frame_ms,0.2154,
frame_ms,0.2139,
tick_us,116.2,1
frame_ms,0.4884,
frame_ms,0.2419,
frame_ms,0.2638,
frame_ms,0.292,
frame_ms,0.2528,
frame_ms,0.219,
frame_ms,1.1129,
frame_ms,0.3169,
frame_ms,0.2784,
frame_ms,0.229,
frame_ms,0.2565,
frame_ms,0.2581,
frame_ms,0.2986,
frame_ms,0.2942,
frame_ms,0.2232,
frame_ms,0.2153,
frame_ms,0.217,
frame_ms,0.2134,
frame_ms,0.243,
frame_ms,1.1698,
tick_us,106.6,1
frame_ms,0.5822,
frame_ms,0.2917,
frame_ms,0.2362,
frame_ms,0.2163,
frame_ms,0.2201,
frame_ms,0.2107,
frame_ms,0.2085,
frame_ms,0.2517,
frame_ms,0.2683,
frame_ms,0.2281,
frame_ms,0.219,
frame_ms,1.1604,
frame_ms,0.404,
frame_ms,0.2755,
frame_ms,0.2355,
frame_ms,0.2692,
frame_ms,0.282,
frame_ms,0.2759,
frame_ms,0.2608,
frame_ms,0.2659,
tick_us,100.5,1
frame_ms,1.3074,
frame_ms,0.2447,
frame_ms,0.2544,
frame_ms,0.3006,
frame_ms,0.2571,
frame_ms,0.2355,
frame_ms,0.2299,
frame_ms,0.2334,
frame_ms,0.2546,
frame_ms,0.2495,
frame_ms,0.2197,
frame_ms,0.2182,
frame_ms,0.2308,
frame_ms,0.2198,
frame_ms,0.2064,
frame_ms,0.2683,
frame_ms,1.1347,
frame_ms,0.3199,
frame_ms,0.2672,
frame_ms,0.2246,
frame_ms,0.2545,
tick_us,92.1,0
frame_ms,1.5533,
frame_ms,0.5885,
frame_ms,0.3609,
frame_ms,0.3458,
frame_ms,0.2169,
frame_ms,0.2262,
frame_ms,0.2119,
frame_ms,0.2526,
frame_ms,0.4663,
frame_ms,0.3292,
frame_ms,0.3279,
frame_ms,0.3268,
frame_ms,0.3362,
frame_ms,0.254,
frame_ms,0.2208,
frame_ms,0.2834,
frame_ms,0.9786,
tick_us,89,0
frame_ms,0.525,
frame_ms,0.467,
frame_ms,0.2487,
frame_ms,0.214,
frame_ms,0.2184,
frame_ms,0.2249,
frame_ms,0.2135,
frame_ms,0.2196,
frame_ms,0.2712,
frame_ms,0.3019,
frame_ms,1.2452,
frame_ms,0.237,
frame_ms,0.2216,
frame_ms,0.2143,
frame_ms,0.2089,
frame_ms,0.2372,
frame_ms,0.2214,
frame_ms,0.2052,
frame_ms,0.2764,
frame_ms,0.2522,
frame_ms,0.2062,
frame_ms,0.2564,
frame_ms,0.2421,
tick_us,983.6,0
frame_ms,1.2876,
frame_ms,0.2332,
frame_ms,0.2188,
frame_ms,0.2179,
frame_ms,0.2976,
frame_ms,0.2773,
frame_ms,0.2506,
frame_ms,0.2307,
frame_ms,0.2294,
frame_ms,0.2292,
frame_ms,0.2348,
frame_ms,0.2451,
frame_ms,0.235,
frame_ms,0.238,
frame_ms,1.1614,
frame_ms,0.3891,
frame_ms,0.3039,
frame_ms,0.3037,
frame_ms,0.2652,
tick_us,87,0
frame_ms,0.4313,
frame_ms,0.236,
frame_ms,0.2228,
frame_ms,0.2184,
frame_ms,0.2162,
frame_ms,0.2257,
frame_ms,0.2227,
frame_ms,1.1115,
frame_ms,0.3553,
frame_ms,0.24,
frame_ms,0.2102,
frame_ms,0.2258,
frame_ms,0.212,
frame_ms,0.2067,
frame_ms,0.2059,
frame_ms,0.2589,
frame_ms,0.2734,
frame_ms,0.2343,
frame_ms,0.2214,
frame_ms,0.2235,
frame_ms,0.2114,
frame_ms,1.0985,
tick_us,82.7,0
frame_ms,0.4975,
frame_ms,0.2862,
frame_ms,0.2839,
frame_ms,0.2796,
frame_ms,0.2831,
frame_ms,0.2829,
frame_ms,0.214,
frame_ms,0.2514,
frame_ms,0.2699,
frame_ms,0.2305,
frame_ms,0.2148,
frame_ms,2.169,
frame_ms,0.502,
frame_ms,0.269,
frame_ms,0.2153,
frame_ms,0.217,
frame_ms,0.207,
frame_ms,0.2095,
tick_us,91.1,0
frame_ms,0.463,
frame_ms,0.9532,
frame_ms,0.688,
frame_ms,0.2682,
frame_ms,0.2425,
frame_ms,0.2279,
frame_ms,0.2261,
frame_ms,0.228,
frame_ms,0.2221,
frame_ms,0.2737,
frame_ms,0.289,
frame_ms,0.2394,
frame_ms,0.2317,
frame_ms,1.0743,
frame_ms,0.3462,
frame_ms,0.2944,
frame_ms,0.2718,
frame_ms,0.226,
frame_ms,0.2564,
tick_us,85.6,0
frame_ms,0.4675,
frame_ms,0.2712,
frame_ms,0.2164,
frame_ms,1.1217,
frame_ms,0.2283,
frame_ms,0.2055,
frame_ms,0.2202,
frame_ms,0.2234,
frame_ms,0.2233,
frame_ms,0.2554,
frame_ms,0.22,
frame_ms,0.2208,
frame_ms,0.2315,
frame_ms,0.2609,
frame_ms,0.244,
frame_ms,0.205,
frame_ms,0.2396,
frame_ms,0.2372,
frame_ms,0.2116,
frame_ms,0.8295,
frame_ms,0.574,
tick_us,90.7,0
frame_ms,0.5558,
frame_ms,0.2529,
frame_ms,0.2577,
frame_ms,0.2475,
frame_ms,1.2146,
frame_ms,0.2409,
frame_ms,0.2088,
frame_ms,0.2116,
frame_ms,0.9756,
frame_ms,0.246,
frame_ms,0.2191,
frame_ms,0.2169,
frame_ms,0.2105,
frame_ms,0.214,
frame_ms,0.212,
frame_ms,0.1979,
frame_ms,0.2467,
frame_ms,0.2108,
frame_ms,0.2033,
frame_ms,0.2467,
frame_ms,0.2221,
frame_ms,0.2037,
tick_us,103.4,0
frame_ms,0.5526,
frame_ms,0.7944,
frame_ms,0.2617,
frame_ms,0.9502,
frame_ms,0.2027,
frame_ms,0.2065,
frame_ms,0.2116,
frame_ms,0.2389,
frame_ms,0.2956,
frame_ms,0.2208,
frame_ms,0.2153,
frame_ms,0.2672,
frame_ms,1.0782,
frame_ms,0.3556,
frame_ms,0.2688,
frame_ms,0.2102,
frame_ms,0.2129,
frame_ms,0.2133,
tick_us,95.2,0
frame_ms,0.4124,
frame_ms,0.2492,
frame_ms,0.2133,
frame_ms,0.2112,
frame_ms,0.2031,
frame_ms,0.2337,
frame_ms,0.2615,
frame_ms,1.1147,
frame_ms,0.2456,
frame_ms,0.2337,
frame_ms,0.2713,
frame_ms,0.2219,
frame_ms,0.2105,
frame_ms,0.2192,
frame_ms,0.215,
frame_ms,0.2358,
frame_ms,0.2199,
frame_ms,0.2128,
frame_ms,0.2417,
frame_ms,0.2319,
frame_ms,0.2035,
frame_ms,1.1695,
tick_us,98.4,0
frame_ms,0.4346,
frame_ms,0.2349,
frame_ms,0.2075,
frame_ms,0.2077,
frame_ms,0.2115,
frame_ms,0.2683,
frame_ms,0.2488,
frame_ms,0.2216,
frame_ms,0.2578,
frame_ms,0.2796,
frame_ms,0.2613,
frame_ms,0.4872,
frame_ms,0.909,
frame_ms,0.3026,
frame_ms,0.2572,
frame_ms,0.2093,
frame_ms,0.219,
frame_ms,0.2093,
frame_ms,0.215,
frame_ms,0.2731,
frame_ms,0.273,
frame_ms,0.2263,
frame_ms,0.2369,
frame_ms,0.216,
tick_us,112.3,0
frame_ms,0.4503,
frame_ms,0.2425,
frame_ms,0.8226,
frame_ms,0.4411,
frame_ms,0.3454,
frame_ms,0.2169,
frame_ms,1.1723,
frame_ms,0.2153,
frame_ms,0.2138,
frame_ms,0.2195,
frame_ms,0.2251,
frame_ms,1.1107,
frame_ms,0.3196,
frame_ms,0.234,
frame_ms,0.2067,
frame_ms,0.2143,
frame_ms,0.2064,
frame_ms,0.2405,
tick_us,109.5,0
frame_ms,0.5667,
frame_ms,0.2528,
frame_ms,0.2163,
frame_ms,0.2104,
frame_ms,0.2075,
frame_ms,0.2038,
frame_ms,1.0713,
frame_ms,0.3333,
frame_ms,0.6203,
frame_ms,0.2596,
frame_ms,0.214,
frame_ms,0.2283,
frame_ms,0.2404,
frame_ms,0.2154,
frame_ms,0.2089,
frame_ms,0.206,
frame_ms,0.25,
frame_ms,0.2289,
frame_ms,1.1602,
tick_us,92.3,0
frame_ms,0.4539,
frame_ms,0.2359,
frame_ms,0.2095,
frame_ms,0.2135,
frame_ms,0.2125,
frame_ms,0.2219,
frame_ms,0.2498,
frame_ms,0.2359,
frame_ms,0.2101,
frame_ms,0.2357,
frame_ms,0.2104,
frame_ms,0.2085,
frame_ms,1.1184,
frame_ms,0.2352,
frame_ms,0.2138,
frame_ms,0.2208,
frame_ms,0.2307,
frame_ms,0.2149,
frame_ms,0.2437,
frame_ms,0.2215,
frame_ms,0.2079,
frame_ms,0.2193,
frame_ms,0.2195,
frame_ms,0.2005,
frame_ms,0.2621,
frame_ms,0.2323,
tick_us,88.1,0
frame_ms,0.3932,
frame_ms,1.0096,
frame_ms,0.2328,
frame_ms,0.2198,
frame_ms,0.2088,
frame_ms,0.2033,
frame_ms,0.2758,
frame_ms,0.2624,
frame_ms,0.2341,
frame_ms,0.2295,
frame_ms,0.2436,
frame_ms,0.5288,
frame_ms,0.3038,
frame_ms,0.2653,
frame_ms,0.2262,
frame_ms,0.7307,
frame_ms,0.3262,
frame_ms,0.2971,
frame_ms,0.4027,
tick_us,92.9,0
frame_ms,0.6542,
frame_ms,0.2392,
frame_ms,0.2184,
frame_ms,0.2152,
frame_ms,0.2181,
frame_ms,0.2474,
frame_ms,0.2669,
frame_ms,1.0915,
frame_ms,0.3323,
frame_ms,0.2686,
frame_ms,0.2751,
frame_ms,0.2737,
frame_ms,0.2177,
frame_ms,0.2142,
frame_ms,0.2128,
frame_ms,0.3294,
frame_ms,0.3183,
frame_ms,0.2538,
frame_ms,0.2185,
frame_ms,0.2083,
frame_ms,1.0317,
tick_us,101.5,0
frame_ms,0.5989,
frame_ms,0.2686,
frame_ms,0.3057,
frame_ms,0.3077,
frame_ms,0.2496,
frame_ms,0.2208,
frame_ms,0.3695,
frame_ms,0.2824,
frame_ms,0.2698,
frame_ms,0.2164,
frame_ms,0.2191,
frame_ms,0.8639,
frame_ms,0.525,
frame_ms,0.3103,
frame_ms,0.2213,
frame_ms,0.22,
frame_ms,0.219,
frame_ms,0.2157,
frame_ms,0.2464,
frame_ms,0.2549,
frame_ms,0.2114,
frame_ms,0.3964,
tick_us,103.2,0
frame_ms,0.5103,
frame_ms,0.2884,
frame_ms,0.5552,
frame_ms,0.3478,
frame_ms,0.2821,
frame_ms,0.3124,
frame_ms,0.2637,
frame_ms,0.2845,
frame_ms,0.2734,
frame_ms,0.2245,
frame_ms,0.2179,
frame_ms,0.2182,
frame_ms,1.1676,
frame_ms,0.2236,
frame_ms,0.2094,
frame_ms,0.2138,
frame_ms,0.2148,
frame_ms,0.213,
frame_ms,0.2375,
frame_ms,0.4331,
tick_us,102.9,1
frame_ms,0.5243,
frame_ms,0.2387,
frame_ms,0.2093,
frame_ms,0.2097,
frame_ms,0.2051,
frame_ms,0.205,
frame_ms,0.2753,
frame_ms,1.127,
frame_ms,0.3393,
frame_ms,0.2745,
frame_ms,0.3215,
frame_ms,0.3856,
frame_ms,1.1527,
frame_ms,0.21,
frame_ms,0.2298,
frame_ms,0.2195,
frame_ms,1.0667,
tick_us,97.5,1
frame_ms,0.5054,
frame_ms,0.5466,
frame_ms,0.4909,
frame_ms,0.4011,
frame_ms,0.4158,
frame_ms,0.5091,
frame_ms,0.2166,
frame_ms,0.2487,
frame_ms,0.8101,
frame_ms,1.4693,
frame_ms,0.5157,
frame_ms,0.3679,
frame_ms,0.2854,
tick_us,108.6,2
frame_ms,0.5504,
frame_ms,0.2659,
frame_ms,0.7373,
frame_ms,0.331,
frame_ms,0.2889,
frame_ms,0.3312,
frame_ms,0.2871,
frame_ms,0.5108,
frame_ms,0.4517,
frame_ms,0.7194,
frame_ms,0.4594,
frame_ms,0.4543,
frame_ms,0.4568,
frame_ms,0.3205,
frame_ms,0.2938,
frame_ms,0.2742,
frame_ms,0.2615,
tick_us,106.7,2
frame_ms,0.5037,
frame_ms,0.3844,
frame_ms,0.3108,
frame_ms,0.279,
frame_ms,0.3726,
frame_ms,0.4855,
frame_ms,0.5371,
frame_ms,0.3935,
frame_ms,0.3201,
frame_ms,0.7257,
frame_ms,1.3064,
frame_ms,0.4618,
frame_ms,0.4274,
frame_ms,0.4032,
tick_us,127.5,2
frame_ms,0.7168,
frame_ms,0.3441,
frame_ms,0.5045,
frame_ms,0.4242,
frame_ms,0.2881,
frame_ms,0.3363,
frame_ms,1.3071,
frame_ms,1.042,
frame_ms,1.465,
frame_ms,0.414,
tick_us,119.5,2
frame_ms,0.6822,
frame_ms,0.4092,
frame_ms,0.4624,
frame_ms,0.3775,
frame_ms,0.392,
frame_ms,0.2433,
frame_ms,0.2242,
frame_ms,0.2276,
frame_ms,0.2259,
frame_ms,0.3242,
frame_ms,0.292,
frame_ms,0.2972,
frame_ms,0.2295,
frame_ms,0.2212,
frame_ms,0.2912,
frame_ms,0.8923,
frame_ms,0.383,
frame_ms,0.2982,
frame_ms,0.2745,
frame_ms,0.3016,
tick_us,150.9,2
frame_ms,0.5715,
frame_ms,0.2705,
frame_ms,0.3746,
frame_ms,0.3481,
frame_ms,0.3242,
frame_ms,0.2548,
frame_ms,0.7456,
frame_ms,0.4162,
frame_ms,0.4718,
frame_ms,0.386,
frame_ms,0.3356,
frame_ms,0.2262,
frame_ms,0.392,
frame_ms,0.3598,
frame_ms,0.3405,
frame_ms,0.324,
frame_ms,0.3181,
frame_ms,0.6098,
tick_us,131.4,2
frame_ms,0.6205,
frame_ms,0.2577,
frame_ms,0.2333,
frame_ms,0.4338,
frame_ms,0.4087,
frame_ms,0.2824,
frame_ms,0.3076,
frame_ms,0.3057,
frame_ms,0.244,
frame_ms,0.2197,
frame_ms,0.8307,
frame_ms,0.305,
frame_ms,0.2753,
frame_ms,0.2243,
frame_ms,0.2525,
frame_ms,0.2539,
frame_ms,0.2525,
frame_ms,1.0695,
tick_us,139.6,1
frame_ms,0.647,
frame_ms,0.3401,
frame_ms,0.3448,
frame_ms,0.3127,
frame_ms,0.6371,
frame_ms,0.3741,
frame_ms,0.2725,
frame_ms,0.2172,
frame_ms,0.2582,
frame_ms,0.2229,
frame_ms,0.2202,
frame_ms,0.2213,
frame_ms,0.2521,
frame_ms,0.2582,
frame_ms,1.1409,
frame_ms,0.3366,
frame_ms,0.3267,
frame_ms,0.3121,
frame_ms,0.3747,
tick_us,118.3,1
frame_ms,0.5148,
frame_ms,0.4802,
frame_ms,0.3568,
frame_ms,0.227,
frame_ms,0.2226,
frame_ms,1.0401,
frame_ms,0.2649,
frame_ms,0.2142,
frame_ms,0.2115,
frame_ms,0.2116,
frame_ms,0.2037,
frame_ms,0.229,
frame_ms,0.2574,
frame_ms,0.34,
frame_ms,0.2764,
frame_ms,0.2688,
frame_ms,0.3214,
frame_ms,0.2535,
frame_ms,0.2312,
frame_ms,0.8492,
tick_us,111.4,2
frame_ms,0.5823,
frame_ms,0.2674,
frame_ms,0.2579,
frame_ms,0.4727,
frame_ms,0.2491,
frame_ms,0.2188,
frame_ms,0.2217,
frame_ms,0.2207,
frame_ms,0.2163,
frame_ms,0.221,
frame_ms,1.2585,
frame_ms,0.2796,
frame_ms,0.3195,
frame_ms,0.3258,
frame_ms,0.293,
frame_ms,0.2836,
frame_ms,0.2536,
frame_ms,0.2424,
frame_ms,0.3789,
frame_ms,0.2849,
tick_us,104.1,2
frame_ms,0.5582,
frame_ms,0.499,
frame_ms,0.4152,
frame_ms,0.4307,
frame_ms,0.3622,
frame_ms,0.403,
frame_ms,0.2293,
frame_ms,0.2243,
frame_ms,0.2275,
frame_ms,0.2173,
frame_ms,0.2805,
frame_ms,0.557,
frame_ms,0.4403,
frame_ms,0.324,
frame_ms,0.5755,
frame_ms,0.4165,
frame_ms,0.2932,
frame_ms,0.3751,
tick_us,115.6,2
frame_ms,1.309,
frame_ms,0.238,
frame_ms,0.239,
frame_ms,0.2304,
frame_ms,0.9768,
frame_ms,0.3699,
frame_ms,0.3575,
frame_ms,0.2807,
frame_ms,0.2478,
frame_ms,0.2211,
frame_ms,0.2191,
frame_ms,0.2088,
frame_ms,0.2085,
frame_ms,0.2467,
frame_ms,0.2476,
frame_ms,0.2229,
frame_ms,0.2117,
frame_ms,1.1105,
tick_us,140.5,2
frame_ms,0.66,
frame_ms,0.3249,
frame_ms,0.3409,
frame_ms,0.3373,
frame_ms,0.2672,
frame_ms,0.2786,
frame_ms,0.2542,
frame_ms,0.2089,
frame_ms,0.2321,
frame_ms,0.221,
frame_ms,1.0428,
frame_ms,0.4015,
frame_ms,0.3503,
frame_ms,0.3217,
frame_ms,0.3173,
frame_ms,0.3488,
frame_ms,0.2864,
frame_ms,0.2643,
frame_ms,0.3357,
tick_us,113.1,3
frame_ms,1.5467,
frame_ms,0.2702,
frame_ms,0.2958,
frame_ms,0.3811,
frame_ms,0.3076,
frame_ms,0.2259,
frame_ms,0.288,
frame_ms,0.5182,
frame_ms,0.4294,
frame_ms,0.3416,
frame_ms,0.2456,
frame_ms,0.8641,
frame_ms,0.3222,
frame_ms,0.2999,
frame_ms,0.3336,
frame_ms,0.3471,
tick_us,106.7,3
frame_ms,0.6003,
frame_ms,1.3897,
frame_ms,0.2679,
frame_ms,0.2495,
frame_ms,0.3719,
frame_ms,0.3319,
frame_ms,0.3736,
frame_ms,0.3391,
frame_ms,0.3369,
frame_ms,0.3734,
frame_ms,0.2557,
frame_ms,0.4579,
frame_ms,0.3375,
frame_ms,0.3726,
frame_ms,0.2671,
tick_us,115.8,3
frame_ms,1.2299,
frame_ms,0.2876,
frame_ms,0.3227,
frame_ms,0.2377,
frame_ms,0.2248,
frame_ms,0.234,
frame_ms,0.2868,
frame_ms,0.2453,
frame_ms,0.2244,
frame_ms,0.2241,
frame_ms,0.2307,
frame_ms,1.1256,
frame_ms,0.3064,
frame_ms,0.3572,
frame_ms,0.3065,
frame_ms,0.2312,
frame_ms,0.2876,
frame_ms,0.2977,
frame_ms,0.2585,
frame_ms,0.2194,
frame_ms,0.2258,
frame_ms,0.2215,
tick_us,112.2,3
frame_ms,0.4546,
frame_ms,0.2759,
frame_ms,0.7155,
frame_ms,0.6671,
frame_ms,0.2676,
frame_ms,0.2187,
frame_ms,0.2225,
frame_ms,0.2139,
frame_ms,0.2292,
frame_ms,0.2317,
frame_ms,0.5354,
frame_ms,0.5525,
frame_ms,0.2945,
frame_ms,0.2694,
frame_ms,0.5276,
frame_ms,0.4149,
frame_ms,0.3598,
frame_ms,0.4088,
tick_us,109,4
frame_ms,0.7453,
frame_ms,0.3053,
frame_ms,1.2457,
frame_ms,0.2377,
frame_ms,0.2362,
frame_ms,0.2247,
frame_ms,0.2171,
frame_ms,0.216,
frame_ms,0.2627,
frame_ms,0.2224,
frame_ms,0.2115,
frame_ms,0.2116,
frame_ms,0.2342,
frame_ms,0.2377,
frame_ms,0.2063,
frame_ms,0.2476,
frame_ms,0.2628,
frame_ms,0.3448,
frame_ms,0.3276,
frame_ms,0.9301,
tick_us,119.3,4
frame_ms,0.6341,
frame_ms,0.2636,
frame_ms,0.2388,
frame_ms,0.3241,
frame_ms,0.2884,
frame_ms,0.2904,
frame_ms,0.2744,
frame_ms,0.28,
frame_ms,0.3044,
frame_ms,0.3122,
frame_ms,0.9384,
frame_ms,0.302,
frame_ms,0.3165,
frame_ms,0.261,
frame_ms,0.225,
frame_ms,0.2338,
frame_ms,0.2275,
frame_ms,0.2525,
frame_ms,0.4045,
frame_ms,0.3396,
tick_us,125.1,4
frame_ms,0.6625,
frame_ms,0.3661,
frame_ms,0.4056,
frame_ms,0.4136,
frame_ms,1.052,
frame_ms,0.7554,
frame_ms,0.4249,
frame_ms,0.4198,
frame_ms,0.3151,
frame_ms,0.3324,
frame_ms,0.6244,
frame_ms,0.3114,
frame_ms,0.2986,
frame_ms,0.2684,
frame_ms,0.4089,
tick_us,115.8,4
frame_ms,0.5036,
frame_ms,0.2433,
frame_ms,0.2511,
frame_ms,0.3194,
frame_ms,0.2347,
frame_ms,1.1121,
frame_ms,0.2773,
frame_ms,0.3619,
frame_ms,0.3457,
frame_ms,0.2431,
frame_ms,0.2252,
frame_ms,0.3464,
frame_ms,0.2828,
frame_ms,0.3262,
frame_ms,0.2272,
frame_ms,0.2128,
frame_ms,0.2192,
frame_ms,0.209,
frame_ms,1.0821,
tick_us,112.7,4
frame_ms,0.4971,
frame_ms,0.2338,
frame_ms,0.214,
frame_ms,0.2272,
frame_ms,0.2154,
frame_ms,0.2128,
frame_ms,0.2379,
frame_ms,1.176,
frame_ms,0.2162,
frame_ms,0.2045,
frame_ms,1.2012,
frame_ms,0.2752,
frame_ms,0.2165,
frame_ms,0.2143,
frame_ms,0.2174,
frame_ms,0.2135,
frame_ms,0.2596,
frame_ms,0.2542,
frame_ms,0.2272,
frame_ms,0.2177,
frame_ms,0.2266,
tick_us,98.6,4
frame_ms,0.4388,
frame_ms,0.94,
frame_ms,0.3364,
frame_ms,0.2869,
frame_ms,0.2946,
frame_ms,0.2733,
frame_ms,0.2751,
frame_ms,0.3111,
frame_ms,0.2542,
frame_ms,0.2139,
frame_ms,0.2145,
frame_ms,0.2089,
frame_ms,0.2405,
frame_ms,1.2757,
frame_ms,0.3135,
frame_ms,0.2732,
frame_ms,0.2676,
frame_ms,0.2649,
frame_ms,0.3257,
tick_us,95.2,4
frame_ms,0.4994,
frame_ms,0.2477,
frame_ms,0.2874,
frame_ms,0.2537,
frame_ms,0.2146,
frame_ms,0.2134,
frame_ms,0.9667,
frame_ms,0.3716,
frame_ms,0.3558,
frame_ms,0.2793,
frame_ms,0.2803,
frame_ms,0.284,
frame_ms,0.2418,
frame_ms,0.2164,
frame_ms,0.2169,
frame_ms,0.2045,
frame_ms,0.2397,
frame_ms,0.2385,
frame_ms,1.2408,
tick_us,92.4,4
frame_ms,0.4689,
frame_ms,0.2431,
frame_ms,0.2098,
frame_ms,0.2116,
frame_ms,0.2044,
frame_ms,0.2027,
frame_ms,0.2705,
frame_ms,0.285,
frame_ms,0.2119,
frame_ms,0.2027,
frame_ms,0.9324,
frame_ms,0.2279,
frame_ms,0.5033,
frame_ms,0.3301,
frame_ms,0.2707,
frame_ms,0.2664,
frame_ms,0.2341,
frame_ms,0.2693,
frame_ms,0.2945,
frame_ms,0.2747,
frame_ms,0.2178,
frame_ms,0.2089,
frame_ms,0.2046,
frame_ms,0.2737,
tick_us,83.4,3
frame_ms,0.4057,
frame_ms,0.9547,
frame_ms,0.3085,
frame_ms,0.2655,
frame_ms,0.2251,
frame_ms,0.2554,
frame_ms,0.2524,
frame_ms,0.2544,
frame_ms,0.2849,
frame_ms,0.5661,
frame_ms,0.2683,
frame_ms,0.2794,
frame_ms,0.219,
frame_ms,0.9638,
frame_ms,0.3035,
frame_ms,0.2136,
frame_ms,0.2137,
frame_ms,0.2114,
frame_ms,0.2111,
frame_ms,0.2578,
tick_us,84,3
frame_ms,0.4265,
frame_ms,0.2355,
frame_ms,0.2041,
frame_ms,0.2072,
frame_ms,0.6189,
frame_ms,0.4011,
frame_ms,0.6873,
frame_ms,0.3302,
frame_ms,0.9341,
frame_ms,0.2272,
frame_ms,0.2144,
frame_ms,0.2064,
frame_ms,0.2508,
frame_ms,0.2813,
frame_ms,0.2322,
frame_ms,0.2264,
frame_ms,0.2119,
frame_ms,1.0234,
tick_us,103,3
frame_ms,0.5743,
frame_ms,0.2538,
frame_ms,0.2716,
frame_ms,0.3515,
frame_ms,0.311,
frame_ms,0.2456,
frame_ms,0.2082,
frame_ms,0.2126,
frame_ms,0.2088,
frame_ms,0.2329,
frame_ms,1.3342,
frame_ms,0.3874,
frame_ms,0.3209,
frame_ms,0.2342,
frame_ms,0.2169,
frame_ms,0.2145,
frame_ms,0.2134,
frame_ms,0.2442,
frame_ms,0.2542,
frame_ms,0.2221,
frame_ms,0.21,
frame_ms,0.2571,
tick_us,91.4,3
frame_ms,0.8253,
frame_ms,0.4906,
frame_ms,0.2347,
frame_ms,0.2188,
frame_ms,0.2212,
frame_ms,0.2079,
frame_ms,0.2585,
frame_ms,0.4567,
frame_ms,0.337,
frame_ms,0.3235,
frame_ms,0.3211,
frame_ms,0.3359,
frame_ms,0.53,
frame_ms,0.3164,
frame_ms,0.4405,
frame_ms,0.3382,
frame_ms,0.2687,
frame_ms,0.2696,
frame_ms,0.2841,
frame_ms,0.2739,
tick_us,96.1,3
frame_ms,0.459,
frame_ms,0.2651,
frame_ms,0.2158,
frame_ms,0.2205,
frame_ms,0.2131,
frame_ms,0.213,
frame_ms,1.1373,
frame_ms,0.3289,
frame_ms,0.2682,
frame_ms,0.2281,
frame_ms,0.2554,
frame_ms,0.2574,
frame_ms,0.28,
frame_ms,0.5878,
frame_ms,0.2636,
frame_ms,0.2084,
frame_ms,0.2167,
frame_ms,0.2147,
frame_ms,1.052,
tick_us,98.3,3
frame_ms,0.5428,
frame_ms,0.2562,
frame_ms,0.2665,
frame_ms,0.2355,
frame_ms,0.3813,
frame_ms,0.2538,
frame_ms,0.2115,
frame_ms,0.2156,
frame_ms,0.228,
frame_ms,0.2075,
frame_ms,0.2388,
frame_ms,1.1427,
frame_ms,0.3828,
frame_ms,0.4478,
frame_ms,0.2945,
frame_ms,0.2476,
frame_ms,0.3486,
frame_ms,0.2919,
frame_ms,0.2759,
frame_ms,0.2745,
frame_ms,0.2873,
tick_us,120,3
frame_ms,0.4992,
frame_ms,0.2678,
frame_ms,0.5541,
frame_ms,0.2421,
frame_ms,0.2125,
frame_ms,0.2105,
frame_ms,0.2181,
frame_ms,0.2101,
frame_ms,0.2344,
frame_ms,0.2896,
frame_ms,0.2608,
frame_ms,0.3558,
frame_ms,0.2513,
frame_ms,0.2054,
frame_ms,0.2123,
frame_ms,1.1222,
frame_ms,0.2099,
frame_ms,0.2086,
frame_ms,0.2027,
frame_ms,0.2097,
frame_ms,0.2708,
frame_ms,0.2014,
frame_ms,0.2024,
tick_us,95,3
frame_ms,0.4187,
frame_ms,0.2428,
frame_ms,0.207,
frame_ms,0.2085,
frame_ms,0.207,
frame_ms,0.2637,
frame_ms,1.2936,
frame_ms,0.3207,
frame_ms,0.2648,
frame_ms,0.2165,
frame_ms,0.218,
frame_ms,0.2629,
frame_ms,0.2747,
frame_ms,0.2114,
frame_ms,1.1267,
frame_ms,0.2191,
frame_ms,0.5036,
frame_ms,0.5187,
tick_us,104.5,3
frame_ms,0.502,
frame_ms,0.2602,
frame_ms,0.2244,
frame_ms,0.2158,
frame_ms,0.2159,
frame_ms,0.2145,
frame_ms,0.233,
frame_ms,0.2415,
frame_ms,0.2218,
frame_ms,0.265,
frame_ms,0.2544,
frame_ms,0.2319,
frame_ms,1.1012,
frame_ms,0.4946,
frame_ms,1.3452,
frame_ms,0.2428,
frame_ms,0.2175,
frame_ms,0.2381,
frame_ms,0.225,
tick_us,118.5,3
frame_ms,0.4704,
frame_ms,0.9564,
frame_ms,0.3116,
frame_ms,0.2591,
frame_ms,0.2188,
frame_ms,0.2209,
frame_ms,0.2222,
frame_ms,0.2179,
frame_ms,0.2418,
frame_ms,0.2285,
frame_ms,0.2405,
frame_ms,0.2233,
frame_ms,0.2439,
frame_ms,0.2281,
frame_ms,1.2387,
frame_ms,0.2637,
frame_ms,0.2268,
frame_ms,0.2202,
frame_ms,0.2118,
tick_us,113.9,3
frame_ms,0.9581,
frame_ms,0.2722,
frame_ms,0.6655,
frame_ms,0.2834,
frame_ms,0.222,
frame_ms,0.2189,
frame_ms,0.6539,
frame_ms,0.3619,
frame_ms,0.2827,
frame_ms,0.2565,
frame_ms,0.2266,
frame_ms,0.2172,
frame_ms,0.2124,
frame_ms,0.236,
frame_ms,0.2792,
frame_ms,0.2415,
frame_ms,0.2319,
frame_ms,0.9926,
frame_ms,0.219,
frame_ms,0.3553,
tick_us,99.6,3
frame_ms,0.4617,
frame_ms,0.234,
frame_ms,0.2121,
frame_ms,0.2197,
frame_ms,0.2136,
frame_ms,0.2061,
frame_ms,0.2396,
frame_ms,0.2473,
frame_ms,0.2097,
frame_ms,0.2472,
frame_ms,0.2383,
frame_ms,0.2221,
frame_ms,0.2557,
frame_ms,1.0173,
frame_ms,0.3245,
frame_ms,0.2705,
frame_ms,0.2679,
frame_ms,0.2882,
frame_ms,0.2412,
frame_ms,0.2091,
frame_ms,0.2151,
frame_ms,0.2086,
frame_ms,0.2073,
frame_ms,0.2899,
frame_ms,0.2829,
tick_us,100,3
frame_ms,0.4544,
frame_ms,0.8979,
frame_ms,0.3393,
frame_ms,0.2511,
frame_ms,0.236,
frame_ms,0.2184,
frame_ms,0.7906,
frame_ms,0.4475,
frame_ms,0.2159,
frame_ms,0.2191,
frame_ms,0.2084,
frame_ms,0.2124,
frame_ms,1.0614,
frame_ms,0.2795,
frame_ms,0.2161,
frame_ms,0.2132,
frame_ms,0.2098,
frame_ms,0.2124,
frame_ms,0.224,
tick_us,113.8,3
frame_ms,0.4517,
frame_ms,0.2347,
frame_ms,0.2098,
frame_ms,0.2102,
frame_ms,0.2026,
frame_ms,0.2064,
frame_ms,1.2793,
frame_ms,0.3633,
frame_ms,0.2732,
frame_ms,0.2509,
frame_ms,0.294,
frame_ms,0.2359,
frame_ms,0.2233,
frame_ms,0.2221,
frame_ms,0.2111,
frame_ms,0.2131,
frame_ms,0.3163,
frame_ms,0.2505,
frame_ms,0.223,
frame_ms,1.073,
tick_us,133.1,2
frame_ms,0.6323,
frame_ms,0.3658,
frame_ms,0.3562,
frame_ms,0.3282,
frame_ms,0.3275,
frame_ms,0.2902,
frame_ms,0.222,
frame_ms,0.2127,
frame_ms,0.215,
frame_ms,0.2036,
frame_ms,1.0938,
frame_ms,1.0159,
frame_ms,0.2536,
frame_ms,0.2117,
frame_ms,0.2146,
frame_ms,0.2148,
tick_us,106.7,3
frame_ms,1.3503,
frame_ms,0.257,
frame_ms,0.216,
frame_ms,0.2142,
frame_ms,0.2071,
frame_ms,0.2228,
frame_ms,0.2093,
frame_ms,0.2769,
frame_ms,0.2428,
frame_ms,0.2483,
frame_ms,0.2515,
frame_ms,0.2297,
frame_ms,0.3007,
frame_ms,0.2685,
frame_ms,0.233,
frame_ms,0.2169,
frame_ms,0.2073,
frame_ms,1.1855,
frame_ms,0.337,
frame_ms,0.2664,
frame_ms,0.2282,
frame_ms,0.2597,
frame_ms,0.2645,
tick_us,130.6,3
frame_ms,0.7403,
frame_ms,0.2669,
frame_ms,0.2744,
frame_ms,0.2786,
frame_ms,0.2304,
frame_ms,1.0317,
frame_ms,0.3366,
frame_ms,0.26,
frame_ms,0.2228,
frame_ms,0.2561,
frame_ms,0.2558,
frame_ms,0.2494,
frame_ms,0.3301,
frame_ms,0.248,
frame_ms,0.2163,
frame_ms,0.2156,
frame_ms,0.2148,
frame_ms,0.4904,
tick_us,112.6,3
frame_ms,1.5631,
frame_ms,0.2876,
frame_ms,0.2314,
frame_ms,0.3517,
frame_ms,0.2969,
frame_ms,0.2507,
frame_ms,0.2098,
frame_ms,0.2149,
frame_ms,0.2086,
frame_ms,0.2018,
frame_ms,1.2112,
frame_ms,0.3212,
frame_ms,0.2751,
frame_ms,0.2726,
frame_ms,0.2687,
frame_ms,0.277,
frame_ms,0.3006,
frame_ms,0.2734,
frame_ms,0.2089,
frame_ms,0.2165,
frame_ms,0.206,
frame_ms,0.2138,
tick_us,105.3,3
frame_ms,1.373,
frame_ms,0.2358,
frame_ms,0.211,
frame_ms,0.2201,
frame_ms,0.2106,
frame_ms,0.2227,
frame_ms,0.2398,
frame_ms,0.2239,
frame_ms,0.2174,
frame_ms,0.2865,
frame_ms,0.2149,
frame_ms,0.2299,
frame_ms,0.2032,
frame_ms,0.4768,
frame_ms,0.9486,
frame_ms,0.3344,
frame_ms,0.2706,
frame_ms,0.2263,
frame_ms,0.2161,
frame_ms,0.2088,
tick_us,185.6,3
frame_ms,1.1686,
frame_ms,0.2778,
frame_ms,0.2354,
frame_ms,0.2157,
frame_ms,1.0053,
frame_ms,0.3452,
frame_ms,0.2796,
frame_ms,0.3026,
frame_ms,0.2574,
frame_ms,0.3058,
frame_ms,0.2659,
frame_ms,0.2519,
frame_ms,0.2269,
frame_ms,0.3821,
frame_ms,0.2473,
frame_ms,0.2111,
frame_ms,0.216,
frame_ms,0.8667,
tick_us,100.9,3
frame_ms,0.5709,
frame_ms,0.248,
frame_ms,0.2344,
frame_ms,0.2549,
frame_ms,0.2878,
frame_ms,0.2553,
frame_ms,0.2661,
frame_ms,0.2353,
frame_ms,0.2624,
frame_ms,0.3403,
frame_ms,0.2917,
frame_ms,0.9216,
frame_ms,0.3531,
frame_ms,0.2657,
frame_ms,0.2241,
frame_ms,0.2666,
frame_ms,0.2559,
frame_ms,0.2809,
frame_ms,0.2583,
frame_ms,0.2533,
frame_ms,0.2286,
frame_ms,0.253,
tick_us,101.9,3
frame_ms,0.5383,
frame_ms,0.2506,
frame_ms,0.7699,
frame_ms,0.679,
frame_ms,0.404,
frame_ms,0.2482,
frame_ms,0.2084,
frame_ms,0.2084,
frame_ms,0.2142,
frame_ms,0.2099,
frame_ms,0.2387,
frame_ms,0.2611,
frame_ms,0.3048,
frame_ms,0.2322,
frame_ms,0.929,
frame_ms,0.3255,
frame_ms,0.2549,
frame_ms,0.2133,
frame_ms,0.2146,
frame_ms,0.2084,
frame_ms,0.2124,
tick_us,104.8,3
frame_ms,0.4505,
frame_ms,0.2461,
frame_ms,0.2071,
frame_ms,0.21,
frame_ms,0.2033,
frame_ms,1.4083,
frame_ms,0.2427,
frame_ms,0.2178,
frame_ms,0.2067,
frame_ms,0.2061,
frame_ms,0.2374,
frame_ms,0.2252,
frame_ms,0.2081,
frame_ms,0.252,
frame_ms,0.2327,
frame_ms,0.2073,
frame_ms,0.2186,
frame_ms,0.2098,
frame_ms,0.2074,
frame_ms,0.2679,
frame_ms,1.041,
tick_us,100.2,3
frame_ms,0.4595,
frame_ms,0.2351,
frame_ms,0.2094,
frame_ms,0.2155,
frame_ms,0.2066,
frame_ms,0.2146,
frame_ms,0.3368,
frame_ms,0.3161,
frame_ms,0.2696,
frame_ms,0.2453,
frame_ms,0.2156,
frame_ms,0.2137,
frame_ms,1.0247,
frame_ms,0.336,
frame_ms,0.2549,
frame_ms,0.2107,
frame_ms,0.3173,
frame_ms,0.2178,
frame_ms,0.208,
frame_ms,0.2025,
frame_ms,0.2009,
frame_ms,0.2463,
frame_ms,0.2317,
frame_ms,0.2113,
tick_us,109.1,4
frame_ms,0.472,
frame_ms,1.0806,
frame_ms,0.3041,
frame_ms,0.2765,
frame_ms,0.5673,
frame_ms,0.2725,
frame_ms,0.2647,
frame_ms,0.2476,
frame_ms,0.2774,
frame_ms,0.2346,
frame_ms,0.2133,
frame_ms,0.2064,
frame_ms,0.203,
frame_ms,1.0671,
frame_ms,0.3347,
frame_ms,0.2345,
frame_ms,0.2081,
frame_ms,0.2105,
frame_ms,0.2076,
frame_ms,0.2423,
tick_us,96.8,4
frame_ms,0.4442,
frame_ms,0.2361,
frame_ms,0.2045,
frame_ms,0.2101,
frame_ms,0.1999,
frame_ms,0.2019,
frame_ms,1.2265,
frame_ms,0.4209,
frame_ms,0.3315,
frame_ms,0.3258,
frame_ms,0.318,
frame_ms,0.3275,
frame_ms,0.3189,
frame_ms,0.3171,
frame_ms,0.4246,
frame_ms,0.2522,
frame_ms,0.2138,
frame_ms,0.9199,
tick_us,103.4,4
frame_ms,0.5749,
frame_ms,0.2433,
frame_ms,0.2205,
frame_ms,0.2526,
frame_ms,0.2586,
frame_ms,0.3006,
frame_ms,0.2363,
frame_ms,0.9175,
frame_ms,0.2141,
frame_ms,0.9494,
frame_ms,0.275,
frame_ms,0.2129,
frame_ms,0.2071,
frame_ms,0.2053,
frame_ms,0.2369,
frame_ms,0.3068,
frame_ms,0.2358,
frame_ms,0.255,
frame_ms,0.2561,
frame_ms,0.2561,
frame_ms,0.2591,
tick_us,99.1,2
frame_ms,0.5163,
frame_ms,0.261,
frame_ms,0.6848,
frame_ms,0.2992,
frame_ms,0.2598,
frame_ms,0.2242,
frame_ms,0.2512,
frame_ms,0.2516,
frame_ms,0.5263,
frame_ms,0.2555,
frame_ms,0.2551,
frame_ms,0.2571,
frame_ms,0.281,
frame_ms,0.2285,
frame_ms,1.0878,
frame_ms,0.2616,
frame_ms,0.2181,
frame_ms,0.2113,
frame_ms,0.2057,
frame_ms,0.2084,
frame_ms,0.2721,
tick_us,104.8,2
frame_ms,0.4905,
frame_ms,0.2333,
frame_ms,0.2093,
frame_ms,0.2164,
frame_ms,0.2032,
frame_ms,0.2418,
frame_ms,1.1733,
frame_ms,0.3697,
frame_ms,0.4417,
frame_ms,0.2462,
frame_ms,0.2134,
frame_ms,0.2163,
frame_ms,0.2156,
frame_ms,0.2718,
frame_ms,0.2399,
frame_ms,0.2794,
frame_ms,0.3218,
frame_ms,0.222,
frame_ms,0.2209,
frame_ms,0.9186,
tick_us,99.2,2
frame_ms,0.5536,
frame_ms,0.2539,
frame_ms,0.2285,
frame_ms,0.2556,
frame_ms,0.2755,
frame_ms,0.2525,
frame_ms,0.2332,
frame_ms,0.2165,
frame_ms,0.2053,
frame_ms,0.2358,
frame_ms,0.2355,
frame_ms,1.2572,
frame_ms,0.3031,
frame_ms,0.2759,
frame_ms,0.2208,
frame_ms,0.2481,
frame_ms,0.2486,
frame_ms,0.2457,
frame_ms,0.2994,
frame_ms,0.2349,
frame_ms,0.2147,
frame_ms,0.2062,
frame_ms,0.2376,
tick_us,96.6,2
frame_ms,0.4581,
frame_ms,0.9322,
frame_ms,0.3011,
frame_ms,0.2752,
frame_ms,0.6901,
frame_ms,0.3461,
frame_ms,1.1094,
frame_ms,0.2202,
frame_ms,0.2126,
frame_ms,0.2147,
frame_ms,0.8185,
frame_ms,0.3147,
frame_ms,0.2642,
frame_ms,0.2201,
frame_ms,0.2522,
frame_ms,0.2477,
tick_us,142.6,2
frame_ms,0.5167,
frame_ms,0.268,
frame_ms,0.2479,
frame_ms,0.2505,
frame_ms,0.2547,
frame_ms,0.2258,
frame_ms,1.0958,
frame_ms,0.2608,
frame_ms,0.216,
frame_ms,1.0046,
frame_ms,0.2255,
frame_ms,0.2022,
frame_ms,0.2101,
frame_ms,0.458,
frame_ms,0.4797,
frame_ms,0.2144,
frame_ms,0.2113,
frame_ms,0.6722,
tick_us,110.5,2
frame_ms,0.5779,
frame_ms,0.2692,
frame_ms,0.2175,
frame_ms,0.2136,
frame_ms,0.2296,
frame_ms,0.2095,
frame_ms,0.2313,
frame_ms,0.2372,
frame_ms,0.2194,
frame_ms,0.2248,
frame_ms,0.2362,
frame_ms,1.4142,
frame_ms,0.3306,
frame_ms,0.2721,
frame_ms,0.2267,
frame_ms,0.2578,
frame_ms,0.2752,
frame_ms,0.2238,
frame_ms,0.3064,
frame_ms,0.2499,
frame_ms,0.2105,
frame_ms,0.204,
tick_us,96.5,2
frame_ms,0.4219,
frame_ms,1.0716,
frame_ms,0.3016,
frame_ms,0.2675,
frame_ms,0.2185,
frame_ms,0.2684,
frame_ms,0.23,
frame_ms,0.2102,
frame_ms,0.21,
frame_ms,0.256,
frame_ms,0.2524,
frame_ms,0.2239,
frame_ms,0.2148,
frame_ms,0.2232,
frame_ms,0.2112,
frame_ms,1.0847,
frame_ms,0.3224,
frame_ms,0.2555,
frame_ms,0.2194,
frame_ms,0.2466,
frame_ms,0.2762,
tick_us,90.3,2
frame_ms,0.4431,
frame_ms,0.2482,
frame_ms,0.2137,
frame_ms,0.2124,
frame_ms,0.2046,
frame_ms,0.2395,
frame_ms,0.2302,
frame_ms,1.0532,
frame_ms,0.3235,
frame_ms,0.2612,
frame_ms,0.2197,
frame_ms,0.3061,
frame_ms,0.2283,
frame_ms,1.096,
frame_ms,0.2198,
frame_ms,0.2166,
frame_ms,0.4575,
frame_ms,0.8452,
tick_us,127.7,3
frame_ms,0.6375,
frame_ms,0.3237,
frame_ms,0.3215,
frame_ms,0.3203,
frame_ms,0.2659,
frame_ms,0.2215,
frame_ms,0.2096,
frame_ms,0.2059,
frame_ms,0.2308,
frame_ms,0.2284,
frame_ms,1.1991,
frame_ms,0.3251,
frame_ms,0.276,
frame_ms,0.2227,
frame_ms,0.2608,
frame_ms,0.2483,
frame_ms,0.2473,
frame_ms,0.2509,
frame_ms,0.2611,
frame_ms,0.2535,
frame_ms,0.2529,
tick_us,107,3
frame_ms,0.5094,
frame_ms,0.243,
frame_ms,0.8115,
frame_ms,0.3033,
frame_ms,0.263,
frame_ms,0.2197,
frame_ms,0.3047,
frame_ms,0.2444,
frame_ms,0.2092,
frame_ms,0.2091,
frame_ms,0.2079,
frame_ms,0.2489,
frame_ms,0.2353,
frame_ms,0.2106,
frame_ms,0.2531,
frame_ms,1.2547,
frame_ms,0.355,
frame_ms,0.3324,
frame_ms,0.3104,
frame_ms,0.2174,
frame_ms,0.2136,
tick_us,92.6,3
frame_ms,0.4174,
frame_ms,0.2486,
frame_ms,0.3258,
frame_ms,0.2554,
frame_ms,0.2272,
frame_ms,0.2206,
frame_ms,1.1027,
frame_ms,0.2832,
frame_ms,0.2595,
frame_ms,0.207,
frame_ms,0.2164,
frame_ms,0.2048,
frame_ms,0.2061,
frame_ms,0.2372,
frame_ms,0.2361,
frame_ms,0.2264,
frame_ms,0.2384,
frame_ms,0.2956,
frame_ms,0.2855,
frame_ms,0.276,
frame_ms,0.9646,
tick_us,111.3,3
frame_ms,0.6043,
frame_ms,0.2537,
frame_ms,0.2153,
frame_ms,0.2148,
frame_ms,0.2179,
frame_ms,0.2076,
frame_ms,0.2263,
frame_ms,0.2426,
frame_ms,0.2108,
frame_ms,0.2239,
frame_ms,0.236,
frame_ms,1.2756,
frame_ms,0.233,
frame_ms,0.2104,
frame_ms,0.204,
frame_ms,0.2388,
frame_ms,0.3,
frame_ms,0.285,
frame_ms,0.5364,
frame_ms,0.2289,
frame_ms,0.2068,
frame_ms,0.2108,
frame_ms,0.214,
tick_us,108.2,3
frame_ms,0.432,
frame_ms,0.8772,
frame_ms,0.3278,
frame_ms,0.2659,
frame_ms,0.2374,
frame_ms,0.9223,
frame_ms,0.3674,
frame_ms,0.2192,
frame_ms,0.2128,
frame_ms,0.2057,
frame_ms,0.207,
frame_ms,1.1909,
frame_ms,0.3837,
frame_ms,0.4535,
frame_ms,0.2625,
frame_ms,0.2209,
tick_us,96.2,3
frame_ms,0.572,
frame_ms,0.3398,
frame_ms,0.2271,
frame_ms,0.2184,
frame_ms,0.2205,
frame_ms,0.2107,
frame_ms,1.0683,
frame_ms,0.257,
frame_ms,0.2158,
frame_ms,0.213,
frame_ms,0.2166,
frame_ms,0.2055,
frame_ms,0.2068,
frame_ms,0.2414,
frame_ms,0.2302,
frame_ms,0.2171,
frame_ms,0.2393,
frame_ms,0.2385,
frame_ms,0.2136,
frame_ms,1.1511,
frame_ms,0.2579,
tick_us,103.3,3
frame_ms,0.4468,
frame_ms,0.2386,
frame_ms,0.2076,
frame_ms,0.2121,
frame_ms,0.2064,
frame_ms,0.2773,
frame_ms,0.21,
frame_ms,0.2049,
frame_ms,0.2796,
frame_ms,0.2672,
frame_ms,0.2246,
frame_ms,0.2097,
frame_ms,0.2109,
frame_ms,1.0842,
frame_ms,0.3447,
frame_ms,0.2465,
frame_ms,0.2285,
frame_ms,0.2222,
frame_ms,0.2294,
frame_ms,0.2075,
frame_ms,0.9694,
frame_ms,0.2193,
tick_us,103.4,3
frame_ms,0.4282,
frame_ms,0.2599,
frame_ms,0.7409,
frame_ms,0.2295,
frame_ms,0.2169,
frame_ms,0.2117,
frame_ms,0.2086,
frame_ms,0.2608,
frame_ms,0.3445,
frame_ms,0.2625,
frame_ms,0.2163,
frame_ms,0.2102,
frame_ms,0.2205,
frame_ms,0.2349,
frame_ms,0.2595,
frame_ms,0.4471,
frame_ms,0.8725,
frame_ms,0.3168,
frame_ms,0.2673,
frame_ms,0.2276,
frame_ms,0.2647,
frame_ms,0.2578,
tick_us,111.9,3
frame_ms,0.5459,
frame_ms,0.2498,
frame_ms,0.2475,
frame_ms,0.2811,
frame_ms,0.2371,
frame_ms,0.2152,
frame_ms,1.045,
frame_ms,0.2602,
frame_ms,0.2171,
frame_ms,0.2138,
frame_ms,0.2304,
frame_ms,0.2096,
frame_ms,0.2079,
frame_ms,0.2584,
frame_ms,0.2312,
frame_ms,0.2106,
frame_ms,0.2495,
frame_ms,0.2296,
frame_ms,0.2044,
frame_ms,0.3197,
frame_ms,1.1454,
tick_us,129.8,3
frame_ms,0.6347,
frame_ms,0.3132,
frame_ms,0.4182,
frame_ms,0.3561,
frame_ms,0.221,
frame_ms,0.2129,
frame_ms,0.2078,
frame_ms,0.2326,
frame_ms,0.2536,
frame_ms,0.2161,
frame_ms,1.06,
frame_ms,0.2227,
frame_ms,0.2095,
frame_ms,0.207,
frame_ms,0.2035,
frame_ms,0.2251,
frame_ms,0.2178,
frame_ms,0.2075,
frame_ms,0.2536,
frame_ms,0.2304,
frame_ms,0.2063,
frame_ms,0.2641,
tick_us,106.2,3
frame_ms,1.3133,
frame_ms,0.2201,
frame_ms,0.2152,
frame_ms,0.2445,
frame_ms,0.217,
frame_ms,0.2109,
frame_ms,0.199,
frame_ms,0.2618,
frame_ms,0.2283,
frame_ms,0.2156,
frame_ms,0.2168,
frame_ms,0.2715,
frame_ms,0.2406,
frame_ms,0.2075,
frame_ms,0.2524,
frame_ms,0.2596,
frame_ms,1.1242,
frame_ms,0.2484,
frame_ms,0.2156,
frame_ms,0.2095,
frame_ms,0.205,
frame_ms,0.2046,
frame_ms,0.2487,
tick_us,115.1,4
frame_ms,0.4951,
frame_ms,0.2704,
frame_ms,0.228,
frame_ms,0.2199,
frame_ms,0.2073,
frame_ms,0.2219,
frame_ms,1.2358,
frame_ms,0.2661,
frame_ms,0.2084,
frame_ms,0.2082,
frame_ms,0.2074,
frame_ms,0.2031,
frame_ms,0.2487,
frame_ms,0.2089,
frame_ms,0.2058,
frame_ms,0.2376,
frame_ms,0.2298,
frame_ms,0.2104,
frame_ms,0.2439,
frame_ms,0.2248,
frame_ms,1.1996,
tick_us,105.3,4
frame_ms,1.3541,
frame_ms,0.2357,
frame_ms,0.3406,
frame_ms,0.2964,
frame_ms,0.2595,
frame_ms,0.2255,
frame_ms,0.2284,
frame_ms,0.2288,
frame_ms,1.0556,
frame_ms,0.3795,
frame_ms,0.2663,
frame_ms,0.2225,
frame_ms,0.2138,
frame_ms,0.2169,
frame_ms,0.2105,
frame_ms,0.3123,
frame_ms,0.2638,
frame_ms,0.2119,
frame_ms,0.2146,
frame_ms,0.2042,
tick_us,111.5,4
frame_ms,1.2454,
frame_ms,0.2277,
frame_ms,0.217,
frame_ms,0.2073,
frame_ms,0.2491,
frame_ms,0.2945,
frame_ms,0.767,
frame_ms,0.3602,
frame_ms,0.2141,
frame_ms,0.2137,
frame_ms,0.2045,
frame_ms,0.2365,
frame_ms,1.1604,
frame_ms,0.3344,
frame_ms,0.2642,
frame_ms,0.2277,
frame_ms,0.2759,
frame_ms,0.2607,
tick_us,104.3,4
frame_ms,0.5142,
frame_ms,0.2726,
frame_ms,0.2132,
frame_ms,0.2146,
frame_ms,0.2089,
frame_ms,0.2098,
frame_ms,1.1487,
frame_ms,0.2734,
frame_ms,0.2155,
frame_ms,0.2124,
frame_ms,0.2136,
frame_ms,0.2073,
frame_ms,0.2344,
frame_ms,0.22,
frame_ms,0.2533,
frame_ms,0.2085,
frame_ms,0.2722,
frame_ms,0.2328,
frame_ms,0.2144,
frame_ms,0.2476,
frame_ms,1.1704,
tick_us,92.9,3
frame_ms,0.552,
frame_ms,0.2626,
frame_ms,0.2599,
frame_ms,0.3006,
frame_ms,0.2805,
frame_ms,0.2724,
frame_ms,0.2715,
frame_ms,0.261,
frame_ms,0.264,
frame_ms,0.2779,
frame_ms,0.219,
frame_ms,0.9582,
frame_ms,0.3331,
frame_ms,0.247,
frame_ms,0.2291,
frame_ms,0.2247,
frame_ms,0.2573,
frame_ms,0.2146,
frame_ms,0.2032,
frame_ms,0.2317,
frame_ms,0.2304,
frame_ms,0.2134,
frame_ms,0.2415,
tick_us,94.8,4
frame_ms,0.4478,
frame_ms,1.083,
frame_ms,0.6268,
frame_ms,0.2627,
frame_ms,0.2593,
frame_ms,0.214,
frame_ms,0.2464,
frame_ms,0.217,
frame_ms,0.2076,
frame_ms,0.2123,
frame_ms,0.3501,
frame_ms,0.3564,
frame_ms,0.2102,
frame_ms,1.0029,
frame_ms,0.2524,
frame_ms,0.9962,
tick_us,192.2,4
frame_ms,0.7254,
frame_ms,0.3611,
frame_ms,0.273,
frame_ms,1.2023,
frame_ms,0.2488,
frame_ms,0.2341,
frame_ms,0.2505,
frame_ms,0.2368,
frame_ms,0.2249,
frame_ms,0.2268,
frame_ms,0.2288,
frame_ms,0.2191,
frame_ms,0.2175,
frame_ms,0.2581,
frame_ms,0.2534,
frame_ms,0.2185,
frame_ms,0.2161,
frame_ms,0.8191,
frame_ms,0.696,
tick_us,133.5,3
frame_ms,0.6543,
frame_ms,0.2859,
frame_ms,0.2926,
frame_ms,0.2717,
frame_ms,0.2921,
frame_ms,0.2814,
frame_ms,0.2337,
frame_ms,0.2195,
frame_ms,0.225,
frame_ms,0.2272,
frame_ms,1.2148,
frame_ms,0.3276,
frame_ms,0.2751,
frame_ms,0.2516,
frame_ms,0.2568,
frame_ms,0.2811,
frame_ms,0.2803,
frame_ms,0.2702,
frame_ms,0.2331,
frame_ms,0.2444,
frame_ms,0.2401,
tick_us,130.1,4
frame_ms,0.5523,
frame_ms,0.2647,
frame_ms,0.6508,
frame_ms,0.2898,
frame_ms,1.021,
frame_ms,0.2422,
frame_ms,0.2288,
frame_ms,0.3102,
frame_ms,0.2691,
frame_ms,0.2232,
frame_ms,0.2391,
frame_ms,0.2283,
frame_ms,1.1569,
frame_ms,0.2998,
frame_ms,0.2221,
frame_ms,0.2332,
frame_ms,0.2266,
frame_ms,0.2235,
tick_us,242.6,4
frame_ms,0.6363,
frame_ms,0.3119,
frame_ms,0.3362,
frame_ms,0.259,
frame_ms,0.2169,
frame_ms,0.2149,
frame_ms,0.9463,
frame_ms,0.3465,
frame_ms,0.2755,
frame_ms,0.2891,
frame_ms,0.2822,
frame_ms,0.2877,
frame_ms,0.3227,
frame_ms,0.2679,
frame_ms,0.2424,
frame_ms,0.2354,
frame_ms,0.2233,
frame_ms,0.2229,
frame_ms,1.1985,
tick_us,166.8,4
frame_ms,0.677,
frame_ms,0.2636,
frame_ms,0.2697,
frame_ms,0.2793,
frame_ms,0.3091,
frame_ms,0.2538,
frame_ms,0.2108,
frame_ms,1.1835,
frame_ms,0.2331,
frame_ms,0.2206,
frame_ms,0.2679,
frame_ms,0.2668,
frame_ms,0.2309,
frame_ms,0.2204,
frame_ms,0.2169,
frame_ms,0.2108,
frame_ms,0.2386,
frame_ms,0.2581,
frame_ms,0.2303,
frame_ms,0.2119,
frame_ms,0.223,
frame_ms,0.2186,
frame_ms,0.2025,
tick_us,124.9,4
frame_ms,0.5154,
frame_ms,0.8883,
frame_ms,0.3144,
frame_ms,0.2673,
frame_ms,0.2257,
frame_ms,1.5503,
frame_ms,0.2316,
frame_ms,0.22,
frame_ms,0.2389,
frame_ms,1.1058,
frame_ms,0.3277,
frame_ms,0.2628,
frame_ms,0.224,
frame_ms,0.2532,
frame_ms,0.25,
tick_us,155.5,4
frame_ms,0.5339,
frame_ms,0.2631,
frame_ms,0.2299,
frame_ms,0.2087,
frame_ms,0.221,
frame_ms,0.2073,
frame_ms,1.1806,
frame_ms,1.0506,
frame_ms,0.2502,
frame_ms,0.2108,
frame_ms,0.2145,
frame_ms,0.2065,
frame_ms,0.3667,
frame_ms,0.5718,
frame_ms,0.2741,
frame_ms,0.219,
frame_ms,0.8086,
tick_us,115,4
frame_ms,0.5588,
frame_ms,0.2432,
frame_ms,0.2094,
frame_ms,0.2078,
frame_ms,0.2089,
frame_ms,0.2185,
frame_ms,0.2501,
frame_ms,0.2628,
frame_ms,0.2195,
frame_ms,0.2143,
frame_ms,0.2071,
frame_ms,0.2441,
frame_ms,1.1143,
frame_ms,0.3042,
frame_ms,0.2783,
frame_ms,0.227,
frame_ms,0.2128,
frame_ms,0.2073,
frame_ms,0.2057,
frame_ms,0.2312,
frame_ms,0.2255,
frame_ms,0.2084,
frame_ms,0.223,
frame_ms,0.2287,
frame_ms,0.202,
tick_us,110,4
frame_ms,0.4604,
frame_ms,0.9631,
frame_ms,0.3268,
frame_ms,0.2663,
frame_ms,0.2222,
frame_ms,0.2521,
frame_ms,0.2516,
frame_ms,0.25,
frame_ms,0.2764,
frame_ms,1.1478,
frame_ms,0.2198,
frame_ms,0.2093,
frame_ms,0.7301,
frame_ms,0.3054,
frame_ms,0.2636,
frame_ms,0.2222,
frame_ms,0.2501,
frame_ms,0.2488,
tick_us,144,4
frame_ms,0.5412,
frame_ms,0.2756,
frame_ms,0.2397,
frame_ms,0.2066,
frame_ms,0.204,
frame_ms,0.2058,
frame_ms,1.21,
frame_ms,0.2572,
frame_ms,0.2119,
frame_ms,0.2183,
frame_ms,1.1528,
frame_ms,0.2183,
frame_ms,0.2008,
frame_ms,0.2095,
frame_ms,0.2113,
frame_ms,0.2094,
frame_ms,0.2407,
frame_ms,1.0391,
tick_us,100.8,4
frame_ms,0.7374,
frame_ms,0.2731,
frame_ms,0.2475,
frame_ms,0.2119,
frame_ms,0.2089,
frame_ms,0.2095,
frame_ms,0.2336,
frame_ms,0.2275,
frame_ms,0.2065,
frame_ms,0.2251,
frame_ms,0.233,
frame_ms,1.15,
frame_ms,0.6798,
frame_ms,0.3019,
frame_ms,0.214,
frame_ms,0.262,
frame_ms,0.2308,
frame_ms,0.2091,
frame_ms,0.2068,
frame_ms,0.2515,
frame_ms,0.2679,
frame_ms,0.2156,
tick_us,96.2,4
frame_ms,0.429,
frame_ms,0.9055,
frame_ms,0.3363,
frame_ms,0.2784,
frame_ms,0.289,
frame_ms,0.2225,
frame_ms,0.2196,
frame_ms,0.2119,
frame_ms,0.2092,
frame_ms,0.255,
frame_ms,0.2571,
frame_ms,0.2173,
frame_ms,1.1142,
frame_ms,0.2201,
frame_ms,0.3168,
frame_ms,0.2917,
frame_ms,0.2281,
frame_ms,0.2121,
frame_ms,0.2159,
frame_ms,0.2068,
frame_ms,0.2478,
tick_us,123.4,4
frame_ms,0.6566,
frame_ms,0.316,
frame_ms,0.3228,
frame_ms,0.3172,
frame_ms,0.2723,
frame_ms,0.898,
frame_ms,0.2427,
frame_ms,0.218,
frame_ms,0.2119,
frame_ms,0.2074,
frame_ms,0.2556,
frame_ms,0.2244,
frame_ms,0.9078,
frame_ms,0.2187,
frame_ms,0.2018,
frame_ms,0.213,
frame_ms,0.2063,
frame_ms,1.0406,
tick_us,94.3,4
frame_ms,0.5492,
frame_ms,0.2606,
frame_ms,0.2276,
frame_ms,0.2126,
frame_ms,0.2123,
frame_ms,0.2098,
frame_ms,0.2367,
frame_ms,0.2504,
frame_ms,0.2166,
frame_ms,0.2124,
frame_ms,0.2478,
frame_ms,0.2362,
frame_ms,1.1093,
frame_ms,0.3289,
frame_ms,0.2872,
frame_ms,0.6302,
frame_ms,0.219,
frame_ms,0.2056,
frame_ms,0.2039,
frame_ms,0.2067,
frame_ms,0.2545,
frame_ms,0.2566,
tick_us,106.7,2
frame_ms,0.513,
frame_ms,0.2256,
frame_ms,0.8249,
frame_ms,0.3221,
frame_ms,0.262,
frame_ms,0.2224,
frame_ms,0.2126,
frame_ms,0.2144,
frame_ms,0.2057,
frame_ms,0.2286,
frame_ms,0.2326,
frame_ms,0.208,
frame_ms,0.2123,
frame_ms,0.3449,
frame_ms,0.2893,
frame_ms,0.2136,
frame_ms,1.0125,
frame_ms,0.3914,
frame_ms,0.2762,
frame_ms,0.2203,
frame_ms,0.2189,
frame_ms,0.2191,
tick_us,100.3,2
frame_ms,0.4484,
frame_ms,0.237,
frame_ms,0.2182,
frame_ms,0.2075,
frame_ms,0.2004,
frame_ms,0.2363,
frame_ms,0.2294,
frame_ms,1.0546,
frame_ms,0.2589,
frame_ms,0.2142,
frame_ms,0.2118,
frame_ms,0.2127,
frame_ms,0.212,
frame_ms,0.2387,
frame_ms,0.3114,
frame_ms,0.2653,
frame_ms,0.2484,
frame_ms,1.1671,
frame_ms,0.2193,
frame_ms,0.6061,
tick_us,94.2,2
frame_ms,0.555,
frame_ms,0.2544,
frame_ms,0.279,
frame_ms,0.2313,
frame_ms,0.2127,
frame_ms,0.2047,
frame_ms,0.2039,
frame_ms,0.2724,
frame_ms,0.2557,
frame_ms,0.2149,
frame_ms,0.2096,
frame_ms,0.2409,
frame_ms,1.0473,
frame_ms,0.321,
frame_ms,0.2727,
frame_ms,0.2773,
frame_ms,0.2594,
frame_ms,1.1388,
frame_ms,0.2486,
tick_us,137.4,1
frame_ms,0.9953,
frame_ms,0.374,
frame_ms,0.2503,
frame_ms,0.2141,
frame_ms,0.2175,
frame_ms,0.2169,
frame_ms,0.208,
frame_ms,0.2056,
frame_ms,0.2544,
frame_ms,0.2627,
frame_ms,0.2252,
frame_ms,0.2134,
frame_ms,0.2139,
frame_ms,0.2707,
frame_ms,0.2322,
frame_ms,0.2174,
frame_ms,0.2084,
frame_ms,1.0386,
frame_ms,0.3239,
frame_ms,0.5883,
frame_ms,0.2779,
frame_ms,0.2578,
tick_us,107.8,1
frame_ms,0.4412,
frame_ms,0.2413,
frame_ms,0.208,
frame_ms,0.2111,
frame_ms,0.2082,
frame_ms,0.2178,
frame_ms,1.1797,
frame_ms,0.3177,
frame_ms,0.276,
frame_ms,0.2238,
frame_ms,0.2587,
frame_ms,0.2563,
frame_ms,0.2539,
frame_ms,0.2504,
frame_ms,0.2763,
frame_ms,0.2286,
frame_ms,0.2096,
frame_ms,0.2086,
frame_ms,0.2343,
frame_ms,1.1585,
tick_us,99.8,1
frame_ms,0.5216,
frame_ms,0.2939,
frame_ms,0.2589,
frame_ms,0.2113,
frame_ms,0.2267,
frame_ms,0.207,
frame_ms,0.2186,
frame_ms,0.2525,
frame_ms,0.2701,
frame_ms,0.2738,
frame_ms,0.2973,
frame_ms,0.2993,
frame_ms,0.8523,
frame_ms,0.3313,
frame_ms,0.267,
frame_ms,0.2246,
frame_ms,0.255,
frame_ms,0.2537,
frame_ms,0.305,
frame_ms,0.2319,
frame_ms,0.2154,
frame_ms,0.2888,
frame_ms,0.253,
tick_us,103.7,1
frame_ms,0.542,
frame_ms,0.2763,
frame_ms,0.7122,
frame_ms,0.3455,
frame_ms,0.2714,
frame_ms,0.2742,
frame_ms,0.221,
frame_ms,0.2609,
frame_ms,0.2559,
frame_ms,0.2596,
frame_ms,0.2563,
frame_ms,0.3091,
frame_ms,0.2387,
frame_ms,0.2168,
frame_ms,0.2094,
frame_ms,1.0503,
frame_ms,0.3226,
frame_ms,0.2608,
frame_ms,0.31,
frame_ms,0.2525,
frame_ms,0.2049,
tick_us,102.6,2
frame_ms,0.4381,
frame_ms,0.2381,
frame_ms,0.2059,
frame_ms,0.2127,
frame_ms,0.2143,
frame_ms,0.2112,
frame_ms,0.2478,
frame_ms,1.0333,
frame_ms,0.2268,
frame_ms,0.2161,
frame_ms,0.2764,
frame_ms,0.2168,
frame_ms,0.2063,
frame_ms,0.2286,
frame_ms,0.2097,
frame_ms,0.2774,
frame_ms,0.2306,
frame_ms,0.2113,
frame_ms,0.2039,
frame_ms,0.2447,
frame_ms,0.2317,
frame_ms,1.1953,
tick_us,90.9,2
frame_ms,0.7824,
frame_ms,0.2703,
frame_ms,0.2566,
frame_ms,0.6363,
frame_ms,0.2616,
frame_ms,0.2364,
frame_ms,0.2164,
frame_ms,0.2178,
frame_ms,0.2016,
frame_ms,1.1386,
frame_ms,0.3152,
frame_ms,0.2663,
frame_ms,0.2247,
frame_ms,0.2536,
frame_ms,0.253,
frame_ms,0.2584,
frame_ms,0.2778,
frame_ms,0.2359,
frame_ms,0.2086,
frame_ms,0.2014,
tick_us,109.2,2
frame_ms,1.3251,
frame_ms,0.2978,
frame_ms,0.2237,
frame_ms,0.2472,
frame_ms,0.2097,
frame_ms,0.202,
frame_ms,0.2137,
frame_ms,0.2304,
frame_ms,0.223,
frame_ms,0.2069,
frame_ms,0.2275,
frame_ms,0.2162,
frame_ms,0.2127,
frame_ms,0.2581,
frame_ms,0.2365,
frame_ms,1.2432,
frame_ms,0.2353,
frame_ms,0.2142,
frame_ms,0.2148,
frame_ms,0.213,
frame_ms,0.2223,
frame_ms,0.2145,
tick_us,103.8,2
frame_ms,1.1472,
frame_ms,0.2362,
frame_ms,0.2114,
frame_ms,0.2242,
frame_ms,1.0665,
frame_ms,0.3203,
frame_ms,0.2668,
frame_ms,0.2291,
frame_ms,0.257,
frame_ms,0.2577,
frame_ms,0.2767,
frame_ms,0.2729,
frame_ms,0.2189,
frame_ms,0.21,
frame_ms,0.2041,
frame_ms,0.2255,
frame_ms,0.2323,
frame_ms,1.1916,
tick_us,96.2,2
frame_ms,1.1634,
frame_ms,0.2387,
frame_ms,0.2165,
frame_ms,0.2246,
frame_ms,0.6649,
frame_ms,0.2929,
frame_ms,0.2321,
frame_ms,0.2081,
frame_ms,0.9168,
frame_ms,0.3326,
frame_ms,0.2635,
frame_ms,0.224,
frame_ms,0.2524,
frame_ms,0.274,
frame_ms,0.231,
frame_ms,0.2265,
frame_ms,0.2056,
frame_ms,0.206,
frame_ms,0.2651,
frame_ms,0.2711,
tick_us,95.4,2
frame_ms,0.4631,
frame_ms,1.1312,
frame_ms,0.2286,
frame_ms,0.2124,
frame_ms,0.3338,
frame_ms,0.3498,
frame_ms,0.2351,
frame_ms,0.2174,
frame_ms,0.2124,
frame_ms,0.2068,
frame_ms,0.2306,
frame_ms,0.2258,
frame_ms,0.2084,
frame_ms,0.2365,
frame_ms,1.1043,
frame_ms,0.3124,
frame_ms,0.2858,
frame_ms,0.2242,
frame_ms,0.3075,
frame_ms,0.2368,
tick_us,92.1,2
frame_ms,0.4217,
frame_ms,0.8161,
frame_ms,0.551,
frame_ms,0.2046,
frame_ms,0.2108,
frame_ms,0.7761,
frame_ms,0.614,
frame_ms,0.3667,
frame_ms,0.2183,
frame_ms,0.2179,
frame_ms,0.2132,
frame_ms,0.2072,
frame_ms,0.2368,
frame_ms,0.2363,
frame_ms,0.2128,
frame_ms,0.2069,
frame_ms,1.2455,
tick_us,123.4,2
frame_ms,0.5833,
frame_ms,0.2769,
frame_ms,0.2191,
frame_ms,0.2207,
frame_ms,0.2118,
frame_ms,0.2151,
frame_ms,0.2425,
frame_ms,0.2331,
frame_ms,0.2207,
frame_ms,0.418,
frame_ms,0.3596,
frame_ms,0.2954,
frame_ms,0.6531,
frame_ms,0.2271,
frame_ms,0.2145,
frame_ms,0.2054,
frame_ms,0.2371,
frame_ms,0.2201,
frame_ms,0.2511,
frame_ms,0.2403,
frame_ms,0.2091,
frame_ms,0.2016,
frame_ms,0.2429,
frame_ms,0.2189,
frame_ms,0.2025,
tick_us,112.2,2
frame_ms,0.4703,
frame_ms,0.2336,
frame_ms,0.8123,
frame_ms,0.3486,
frame_ms,0.3768,
frame_ms,0.3505,
frame_ms,0.3281,
frame_ms,0.4123,
frame_ms,0.3188,
frame_ms,0.2215,
frame_ms,0.2142,
frame_ms,0.2132,
frame_ms,0.2112,
frame_ms,1.2069,
frame_ms,0.3176,
frame_ms,0.2719,
frame_ms,0.2256,
frame_ms,0.3364,
frame_ms,0.2529,
tick_us,110.2,2
frame_ms,0.4434,
frame_ms,0.2377,
frame_ms,0.2127,
frame_ms,0.215,
frame_ms,0.2176,
frame_ms,0.2116,
frame_ms,1.18,
frame_ms,0.2846,
frame_ms,0.4158,
frame_ms,0.3474,
frame_ms,0.2227,
frame_ms,0.3237,
frame_ms,0.228,
frame_ms,0.2176,
frame_ms,0.2111,
frame_ms,0.2039,
frame_ms,0.2522,
frame_ms,0.2459,
frame_ms,1.2938,
tick_us,116.5,2
frame_ms,0.5762,
frame_ms,0.2852,
frame_ms,0.2445,
frame_ms,0.2093,
frame_ms,0.2121,
frame_ms,1.149,
frame_ms,0.22,
frame_ms,0.2088,
frame_ms,0.9864,
frame_ms,0.2856,
frame_ms,0.2316,
frame_ms,0.2117,
frame_ms,0.2067,
frame_ms,0.2112,
frame_ms,0.2263,
frame_ms,0.2359,
frame_ms,0.2152,
frame_ms,0.2178,
frame_ms,0.2247,
frame_ms,0.2219,
frame_ms,0.241,
tick_us,108,2
frame_ms,0.4362,
frame_ms,0.2341,
frame_ms,0.8142,
frame_ms,0.3142,
frame_ms,0.2663,
frame_ms,0.2253,
frame_ms,0.3637,
frame_ms,0.2627,
frame_ms,0.2176,
frame_ms,0.216,
frame_ms,0.2092,
frame_ms,0.3705,
frame_ms,0.3831,
frame_ms,0.2842,
frame_ms,0.2113,
frame_ms,0.8047,
frame_ms,0.3244,
frame_ms,0.2593,
frame_ms,0.2159,
frame_ms,0.2192,
frame_ms,0.2088,
frame_ms,0.2121,
tick_us,103.9,3
frame_ms,0.488,
frame_ms,0.2652,
frame_ms,0.227,
frame_ms,0.2136,
frame_ms,0.2163,
frame_ms,0.2098,
frame_ms,1.1054,
frame_ms,0.3415,
frame_ms,0.2671,
frame_ms,0.2312,
frame_ms,0.2777,
frame_ms,0.3462,
frame_ms,0.4203,
frame_ms,0.3377,
frame_ms,0.2598,
frame_ms,0.2063,
frame_ms,0.215,
frame_ms,0.2107,
frame_ms,1.1073,
tick_us,106.8,3
frame_ms,0.5341,
frame_ms,0.2682,
frame_ms,0.3171,
frame_ms,0.2722,
frame_ms,0.2139,
frame_ms,0.215,
frame_ms,0.2117,
frame_ms,0.206,
frame_ms,1.0842,
frame_ms,0.2215,
frame_ms,0.2006,
frame_ms,0.3767,
frame_ms,0.3841,
frame_ms,0.2709,
frame_ms,0.2122,
frame_ms,0.2128,
frame_ms,0.2092,
frame_ms,0.2077,
frame_ms,0.26,
frame_ms,0.2362,
frame_ms,0.2104,
frame_ms,0.2057,
frame_ms,0.2468,
tick_us,122.3,3
frame_ms,0.501,
frame_ms,1.0357,
frame_ms,0.3859,
frame_ms,0.2742,
frame_ms,0.2853,
frame_ms,0.271,
frame_ms,1.0429,
frame_ms,0.2597,
frame_ms,0.2125,
frame_ms,0.2263,
frame_ms,0.3573,
frame_ms,0.8216,
frame_ms,0.2979,
frame_ms,0.2197,
frame_ms,0.2199,
frame_ms,0.2121,
frame_ms,0.2095,
frame_ms,0.2382,
tick_us,119.9,3
frame_ms,0.4722,
frame_ms,0.2305,
frame_ms,0.2056,
frame_ms,0.2124,
frame_ms,0.2047,
frame_ms,0.2531,
frame_ms,1.1837,
frame_ms,0.3355,
frame_ms,0.2845,
frame_ms,0.3198,
frame_ms,0.3301,
frame_ms,0.2603,
frame_ms,0.2212,
frame_ms,0.2227,
frame_ms,0.3469,
frame_ms,0.3538,
frame_ms,0.402,
frame_ms,0.3077,
frame_ms,0.7778,
tick_us,120,3
frame_ms,0.5921,
frame_ms,0.2772,
frame_ms,0.2699,
frame_ms,0.2152,
frame_ms,0.2108,
frame_ms,0.2051,
frame_ms,0.2065,
frame_ms,0.266,
frame_ms,0.239,
frame_ms,0.2258,
frame_ms,0.2127,
frame_ms,1.2022,
frame_ms,0.2329,
frame_ms,0.2052,
frame_ms,0.2124,
frame_ms,0.4249,
frame_ms,0.3253,
frame_ms,0.4214,
frame_ms,0.2446,
frame_ms,0.2112,
frame_ms,0.2186,
frame_ms,0.2088,
tick_us,109.8,3
frame_ms,0.4317,
frame_ms,0.2338,
frame_ms,0.8291,
frame_ms,0.2553,
frame_ms,0.213,
frame_ms,0.2098,
frame_ms,0.2052,
frame_ms,0.2062,
frame_ms,0.2496,
frame_ms,0.2356,
frame_ms,0.207,
frame_ms,1.1426,
frame_ms,0.2254,
frame_ms,0.202,
frame_ms,0.9071,
frame_ms,0.2863,
frame_ms,0.2411,
frame_ms,0.2047,
frame_ms,0.2047,
frame_ms,0.2055,
frame_ms,0.2326,
tick_us,106,3
frame_ms,0.4527,
frame_ms,0.2337,
frame_ms,0.204,
frame_ms,0.2078,
frame_ms,0.203,
frame_ms,0.2222,
frame_ms,1.2084,
frame_ms,0.3251,
frame_ms,0.2731,
frame_ms,0.2251,
frame_ms,0.2537,
frame_ms,0.9662,
frame_ms,0.314,
frame_ms,0.2501,
frame_ms,0.2576,
frame_ms,0.3894,
frame_ms,0.8992,
tick_us,107.5,3
frame_ms,0.5627,
frame_ms,0.2792,
frame_ms,0.2355,
frame_ms,0.208,
frame_ms,0.211,
frame_ms,0.2121,
frame_ms,0.2319,
frame_ms,0.2356,
frame_ms,0.2115,
frame_ms,0.2075,
frame_ms,0.2485,
frame_ms,0.2406,
frame_ms,1.047,
frame_ms,0.4216,
frame_ms,0.3578,
frame_ms,0.3873,
frame_ms,0.3283,
frame_ms,0.354,
frame_ms,0.262,
frame_ms,0.2134,
frame_ms,0.214,
frame_ms,0.2319,
tick_us,117.3,3
frame_ms,0.4545,
frame_ms,0.989,
frame_ms,0.3556,
frame_ms,0.2797,
frame_ms,0.312,
frame_ms,0.2649,
frame_ms,0.2131,
frame_ms,0.2132,
frame_ms,0.2113,
frame_ms,0.2088,
frame_ms,0.2459,
frame_ms,0.2448,
frame_ms,0.2095,
frame_ms,0.2088,
frame_ms,1.1885,
frame_ms,0.3622,
frame_ms,0.4468,
frame_ms,0.3385,
frame_ms,0.2832,
tick_us,123.6,3
frame_ms,0.4746,
frame_ms,0.247,
frame_ms,0.2139,
frame_ms,0.2171,
frame_ms,0.2126,
frame_ms,0.225,
frame_ms,1.1714,
frame_ms,0.3475,
frame_ms,0.288,
frame_ms,0.3576,
frame_ms,0.2797,
frame_ms,0.2511,
frame_ms,0.2277,
frame_ms,0.3132,
frame_ms,0.2662,
frame_ms,0.2223,
frame_ms,0.221,
frame_ms,0.217,
frame_ms,1.1764,
tick_us,151,3
frame_ms,0.724,
frame_ms,0.2964,
frame_ms,0.4184,
frame_ms,0.3242,
frame_ms,0.2837,
frame_ms,0.2656,
frame_ms,0.2335,
frame_ms,0.2333,
frame_ms,0.2421,
frame_ms,1.4169,
frame_ms,0.3284,
frame_ms,0.2439,
frame_ms,0.2238,
frame_ms,0.2169,
frame_ms,0.2124,
frame_ms,0.2175,
frame_ms,0.2682,
frame_ms,0.3096,
frame_ms,0.2947,
tick_us,119.9,3
frame_ms,0.5475,
frame_ms,0.2686,
frame_ms,0.9078,
frame_ms,0.6289,
frame_ms,0.3717,
frame_ms,0.2693,
frame_ms,0.3521,
frame_ms,0.2169,
frame_ms,0.2222,
frame_ms,0.2155,
frame_ms,0.2147,
frame_ms,0.2474,
frame_ms,1.2529,
frame_ms,0.3378,
frame_ms,0.2779,
frame_ms,0.2244,
frame_ms,0.2515,
frame_ms,0.4863,
tick_us,120.7,3
frame_ms,0.6286,
frame_ms,0.2428,
frame_ms,0.3028,
frame_ms,0.2204,
frame_ms,0.2206,
frame_ms,1.0062,
frame_ms,0.3603,
frame_ms,0.2763,
frame_ms,0.3015,
frame_ms,0.2856,
frame_ms,0.3017,
frame_ms,0.2604,
frame_ms,0.2188,
frame_ms,1.1606,
frame_ms,0.2359,
frame_ms,0.2203,
frame_ms,0.5187,
tick_us,115.8,3
frame_ms,0.5883,
frame_ms,0.2448,
frame_ms,0.2152,
frame_ms,0.2147,
frame_ms,0.2113,
frame_ms,0.2073,
frame_ms,0.2469,
frame_ms,0.2361,
frame_ms,0.2123,
frame_ms,0.7987,
frame_ms,0.2448,
frame_ms,0.2457,
frame_ms,0.5265,
frame_ms,0.3135,
frame_ms,0.2847,
frame_ms,0.2226,
frame_ms,0.2738,
frame_ms,0.2959,
frame_ms,0.2613,
frame_ms,0.2792,
frame_ms,0.264,
frame_ms,0.2779,
frame_ms,0.2954,
tick_us,138.5,3
frame_ms,0.6206,
frame_ms,0.342,
frame_ms,0.4071,
frame_ms,0.4009,
frame_ms,0.3272,
frame_ms,0.3235,
frame_ms,0.3309,
frame_ms,0.3371,
frame_ms,0.3236,
frame_ms,0.3176,
frame_ms,0.3173,
frame_ms,0.3275,
frame_ms,0.3229,
frame_ms,0.8113,
frame_ms,0.671,
frame_ms,0.3209,
frame_ms,0.3177,
tick_us,131.5,3
frame_ms,0.571,
frame_ms,0.2698,
frame_ms,0.2566,
frame_ms,0.219,
frame_ms,0.2409,
frame_ms,0.2265,
frame_ms,1.1061,
frame_ms,0.2631,
frame_ms,0.2156,
frame_ms,0.2114,
frame_ms,0.7395,
frame_ms,0.2933,
frame_ms,0.2385,
frame_ms,0.2084,
frame_ms,0.2279,
frame_ms,0.2164,
frame_ms,0.2142,
frame_ms,0.2605,
frame_ms,1.063,
tick_us,109.2,3
frame_ms,0.4843,
frame_ms,0.236,
frame_ms,0.2115,
frame_ms,0.214,
frame_ms,0.2077,
frame_ms,0.4109,
frame_ms,0.368,
frame_ms,0.2786,
frame_ms,0.2835,
frame_ms,0.2213,
frame_ms,0.2236,
frame_ms,1.0606,
frame_ms,0.3302,
frame_ms,0.2537,
frame_ms,0.2143,
frame_ms,0.2206,
frame_ms,0.2157,
frame_ms,0.2212,
frame_ms,0.2241,
frame_ms,0.2241,
frame_ms,0.2512,
frame_ms,0.2633,
frame_ms,0.2288,
tick_us,113,3
frame_ms,0.4406,
frame_ms,0.2382,
frame_ms,0.8341,
frame_ms,0.2861,
frame_ms,0.2166,
frame_ms,0.2173,
frame_ms,0.2106,
frame_ms,0.2161,
frame_ms,0.2335,
frame_ms,0.2384,
frame_ms,0.2106,
frame_ms,0.2069,
frame_ms,0.2511,
frame_ms,0.2377,
frame_ms,0.2052,
frame_ms,0.2281,
frame_ms,1.853,
frame_ms,0.3727,
frame_ms,0.2308,
tick_us,104.8,3
frame_ms,0.4381,
frame_ms,0.2448,
frame_ms,0.2092,
frame_ms,0.2129,
frame_ms,0.2137,
frame_ms,0.2451,
frame_ms,0.2113,
frame_ms,1.1838,
frame_ms,0.3603,
frame_ms,0.2499,
frame_ms,0.2139,
frame_ms,0.2163,
frame_ms,0.209,
frame_ms,0.2051,
frame_ms,0.304,
frame_ms,0.2696,
frame_ms,0.2347,
frame_ms,0.215,
frame_ms,0.2077,
frame_ms,0.2245,
frame_ms,1.2505,
tick_us,94.1,3
frame_ms,0.5527,
frame_ms,0.2506,
frame_ms,0.2135,
frame_ms,0.2155,
frame_ms,0.2172,
frame_ms,0.2113,
frame_ms,0.2558,
frame_ms,0.2423,
frame_ms,0.2054,
frame_ms,0.2382,
frame_ms,0.2497,
frame_ms,1.2603,
frame_ms,0.3192,
frame_ms,0.281,
frame_ms,0.2554,
frame_ms,0.2495,
frame_ms,0.221,
frame_ms,0.2147,
frame_ms,0.206,
frame_ms,0.2475,
frame_ms,0.2711,
frame_ms,0.213,
frame_ms,0.2059,
tick_us,105.3,3
frame_ms,0.8673,
frame_ms,0.6177,
frame_ms,0.4788,
frame_ms,0.5419,
frame_ms,0.2566,
frame_ms,0.2127,
frame_ms,0.2172,
frame_ms,0.2092,
frame_ms,0.2263,
frame_ms,0.2328,
frame_ms,0.2226,
frame_ms,0.2332,
frame_ms,0.2076,
frame_ms,1.1846,
frame_ms,0.3259,
frame_ms,0.2809,
frame_ms,0.2242,
frame_ms,0.2127,
frame_ms,0.2107,
tick_us,101,3
frame_ms,0.4597,
frame_ms,0.2673,
frame_ms,0.2527,
frame_ms,0.2142,
frame_ms,0.2142,
frame_ms,0.2112,
frame_ms,0.207,
frame_ms,1.0383,
frame_ms,0.3775,
frame_ms,0.273,
frame_ms,0.2312,
frame_ms,0.2243,
frame_ms,0.2189,
frame_ms,0.2151,
frame_ms,0.2117,
frame_ms,0.2341,
frame_ms,0.2233,
frame_ms,0.2422,
frame_ms,0.2239,
frame_ms,0.2214,
frame_ms,1.2762,
tick_us,103.8,3
frame_ms,0.529,
frame_ms,0.2867,
frame_ms,0.2968,
frame_ms,0.2222,
frame_ms,0.2147,
frame_ms,0.2306,
frame_ms,0.6356,
frame_ms,0.3212,
frame_ms,0.248,
frame_ms,0.2155,
frame_ms,0.9343,
frame_ms,0.2493,
frame_ms,0.2168,
frame_ms,0.2174,
frame_ms,0.2164,
frame_ms,0.2122,
frame_ms,0.2275,
frame_ms,0.224,
frame_ms,0.2185,
frame_ms,0.2276,
frame_ms,0.2356,
frame_ms,0.2299,
frame_ms,0.232,
tick_us,98.4,2
frame_ms,0.4498,
frame_ms,1.0447,
frame_ms,0.3378,
frame_ms,0.2776,
frame_ms,0.2929,
frame_ms,0.2493,
frame_ms,0.2282,
frame_ms,0.2191,
frame_ms,0.2168,
frame_ms,0.2166,
frame_ms,0.2544,
frame_ms,0.2216,
frame_ms,0.2088,
frame_ms,0.2464,
frame_ms,1.1892,
frame_ms,0.3024,
frame_ms,0.2459,
frame_ms,0.2145,
frame_ms,0.2178,
frame_ms,0.2137,
tick_us,92.6,3
frame_ms,0.4714,
frame_ms,0.2671,
frame_ms,0.233,
frame_ms,0.2148,
frame_ms,0.2192,
frame_ms,0.2185,
frame_ms,0.2071,
frame_ms,1.1576,
frame_ms,0.3642,
frame_ms,0.2734,
frame_ms,0.3588,
frame_ms,0.2481,
frame_ms,0.2104,
frame_ms,0.2169,
frame_ms,0.2129,
frame_ms,0.2456,
frame_ms,0.2675,
frame_ms,0.2138,
frame_ms,0.2156,
frame_ms,0.22,
frame_ms,1.0978,
tick_us,104.6,3
frame_ms,0.5731,
frame_ms,0.2934,
frame_ms,0.2821,
frame_ms,0.259,
frame_ms,0.2639,
frame_ms,0.2612,
frame_ms,0.3141,
frame_ms,0.277,
frame_ms,0.2706,
frame_ms,0.2333,
frame_ms,0.2767,
frame_ms,0.8439,
frame_ms,0.2458,
frame_ms,0.2221,
frame_ms,0.2146,
frame_ms,0.2193,
frame_ms,0.2121,
frame_ms,0.2427,
frame_ms,0.265,
frame_ms,0.2261,
frame_ms,0.2127,
frame_ms,0.232,
frame_ms,0.2254,
frame_ms,0.2642,
tick_us,100.5,3
frame_ms,0.4683,
frame_ms,0.9782,
frame_ms,0.4157,
frame_ms,0.3505,
frame_ms,0.3245,
frame_ms,0.3407,
frame_ms,0.3288,
frame_ms,0.3144,
frame_ms,0.3341,
frame_ms,0.3053,
frame_ms,0.3661,
frame_ms,0.2608,
frame_ms,1.195,
tick_us,137.8,3
frame_ms,1.6669,
frame_ms,0.3602,
frame_ms,0.2644,
frame_ms,0.2248,
frame_ms,0.223,
frame_ms,1.0168,
frame_ms,0.4784,
frame_ms,0.2457,
frame_ms,0.2301,
frame_ms,0.2356,
frame_ms,0.2345,
frame_ms,0.2614,
frame_ms,0.3659,
frame_ms,0.2714,
frame_ms,0.248,
frame_ms,0.2357,
frame_ms,0.2999,
frame_ms,1.0857,
tick_us,123.8,3
frame_ms,0.6332,
frame_ms,0.304,
frame_ms,0.286,
frame_ms,0.3176,
frame_ms,0.3225,
frame_ms,0.2718,
frame_ms,0.3128,
frame_ms,0.224,
frame_ms,0.2264,
frame_ms,0.2493,
frame_ms,0.9815,
frame_ms,0.2503,
frame_ms,0.2256,
frame_ms,0.2212,
frame_ms,0.2236,
frame_ms,0.2573,
frame_ms,0.376,
frame_ms,0.288,
frame_ms,0.3297,
frame_ms,0.2529,
frame_ms,0.3687,
tick_us,124.3,3
frame_ms,0.561,
frame_ms,0.2764,
frame_ms,0.5574,
frame_ms,0.267,
frame_ms,0.234,
frame_ms,0.372,
frame_ms,0.3382,
frame_ms,0.4995,
frame_ms,0.3761,
frame_ms,0.2884,
frame_ms,0.3103,
frame_ms,0.3348,
frame_ms,0.2492,
frame_ms,0.8991,
frame_ms,0.354,
frame_ms,0.2576,
frame_ms,0.2379,
frame_ms,0.274,
frame_ms,0.2766,
tick_us,115.4,3
frame_ms,0.481,
frame_ms,0.2375,
frame_ms,0.289,
frame_ms,0.2132,
frame_ms,0.2766,
frame_ms,0.2615,
frame_ms,1.0479,
frame_ms,0.3568,
frame_ms,0.2817,
frame_ms,0.3119,
frame_ms,0.3653,
frame_ms,0.3467,
frame_ms,0.3337,
frame_ms,0.3332,
frame_ms,0.3436,
frame_ms,0.2645,
frame_ms,0.2226,
frame_ms,0.9327,
tick_us,123.6,3
frame_ms,0.5523,
frame_ms,0.2474,
frame_ms,0.6361,
frame_ms,0.4855,
frame_ms,0.2549,
frame_ms,0.2722,
frame_ms,0.3059,
frame_ms,0.3129,
frame_ms,0.2447,
frame_ms,0.8909,
frame_ms,0.3296,
frame_ms,0.326,
frame_ms,0.2796,
frame_ms,0.2621,
frame_ms,0.2289,
frame_ms,0.2306,
frame_ms,0.2325,
frame_ms,0.2509,
frame_ms,0.2759,
frame_ms,0.2299,
tick_us,111.1,3
frame_ms,0.4861,
frame_ms,1.0123,
frame_ms,0.2513,
frame_ms,0.227,
frame_ms,0.2245,
frame_ms,0.2218,
frame_ms,0.2766,
frame_ms,0.3266,
frame_ms,0.3066,
frame_ms,0.2787,
frame_ms,0.264,
frame_ms,0.2182,
frame_ms,0.2151,
frame_ms,0.2167,
frame_ms,1.1718,
frame_ms,0.3302,
frame_ms,0.2847,
frame_ms,0.2921,
frame_ms,0.2677,
frame_ms,0.2184,
tick_us,104.7,3
frame_ms,0.4333,
frame_ms,0.2306,
frame_ms,0.2081,
frame_ms,0.2105,
frame_ms,0.211,
frame_ms,0.22,
frame_ms,1.2249,
frame_ms,0.5553,
frame_ms,0.4595,
frame_ms,0.2696,
frame_ms,0.2389,
frame_ms,0.2243,
frame_ms,0.3131,
frame_ms,0.2276,
frame_ms,0.2298,
frame_ms,0.2167,
frame_ms,0.2114,
frame_ms,1.2378,
tick_us,114.4,3
frame_ms,0.5839,
frame_ms,0.2823,
frame_ms,0.312,
frame_ms,0.2611,
frame_ms,0.3155,
frame_ms,0.2955,
frame_ms,0.3341,
frame_ms,0.2698,
frame_ms,0.246,
frame_ms,0.2425,
frame_ms,1.0442,
frame_ms,0.2977,
frame_ms,0.229,
frame_ms,0.2235,
frame_ms,0.2252,
frame_ms,0.2216,
frame_ms,0.2394,
frame_ms,0.2243,
frame_ms,0.2613,
frame_ms,0.2464,
frame_ms,0.2249,
frame_ms,0.2485,
tick_us,122.9,3
frame_ms,0.4693,
frame_ms,1.0302,
frame_ms,0.2855,
frame_ms,0.22,
frame_ms,0.2165,
frame_ms,0.2251,
frame_ms,0.2194,
frame_ms,0.2328,
frame_ms,0.3008,
frame_ms,0.308,
frame_ms,0.336,
frame_ms,0.2812,
frame_ms,0.2473,
frame_ms,0.2425,
frame_ms,1.063,
frame_ms,0.3439,
frame_ms,0.2852,
frame_ms,0.2854,
frame_ms,0.2824,
tick_us,120.5,3
frame_ms,0.5274,
frame_ms,0.2926,
frame_ms,0.2723,
frame_ms,0.2179,
frame_ms,0.2227,
frame_ms,0.2156,
frame_ms,1.2373,
frame_ms,0.3597,
frame_ms,0.3166,
frame_ms,0.2759,
frame_ms,0.2812,
frame_ms,0.2629,
frame_ms,0.2802,
frame_ms,0.2658,
frame_ms,0.2741,
frame_ms,0.2679,
frame_ms,0.2928,
frame_ms,0.2396,
frame_ms,1.0111,
tick_us,144.8,3
frame_ms,0.6778,
frame_ms,0.3274,
frame_ms,0.3426,
frame_ms,0.3449,
frame_ms,0.2871,
frame_ms,0.2399,
frame_ms,0.2216,
frame_ms,0.2274,
frame_ms,0.2148,
frame_ms,0.242,
frame_ms,1.0243,
frame_ms,0.2455,
frame_ms,0.2248,
frame_ms,0.2708,
frame_ms,0.2816,
frame_ms,0.235,
frame_ms,0.2292,
frame_ms,0.2184,
frame_ms,0.2136,
frame_ms,0.2953,
frame_ms,0.2655,
frame_ms,0.2407,
tick_us,109,3
frame_ms,0.9866,
frame_ms,0.3315,
frame_ms,0.3699,
frame_ms,0.2639,
frame_ms,0.2133,
frame_ms,0.2817,
frame_ms,0.2327,
frame_ms,0.2184,
frame_ms,0.2147,
frame_ms,0.2151,
frame_ms,0.245,
frame_ms,0.23,
frame_ms,0.2173,
frame_ms,0.2466,
frame_ms,0.2304,
frame_ms,1.1484,
frame_ms,0.2866,
frame_ms,0.2231,
frame_ms,0.2455,
frame_ms,0.2625,
frame_ms,0.2126,
frame_ms,0.2111,
tick_us,106.7,3
frame_ms,0.4856,
frame_ms,0.2394,
frame_ms,0.2132,
frame_ms,0.2164,
frame_ms,0.2188,
frame_ms,0.2341,
frame_ms,1.106,
frame_ms,0.3361,
frame_ms,0.2417,
frame_ms,0.2118,
frame_ms,0.2218,
frame_ms,0.2137,
frame_ms,0.222,
frame_ms,0.2288,
frame_ms,0.2058,
frame_ms,0.2525,
frame_ms,0.2201,
frame_ms,0.2135,
frame_ms,0.2047,
frame_ms,0.2697,
frame_ms,1.1304,
tick_us,101.6,3
frame_ms,0.5787,
frame_ms,0.265,
frame_ms,0.2752,
frame_ms,0.218,
frame_ms,0.2159,
frame_ms,0.2098,
frame_ms,0.3541,
frame_ms,0.4583,
frame_ms,0.278,
frame_ms,0.2216,
frame_ms,0.2206,
frame_ms,0.8757,
frame_ms,0.4584,
frame_ms,0.2757,
frame_ms,0.2733,
frame_ms,0.2286,
frame_ms,0.2304,
frame_ms,0.2343,
frame_ms,0.2296,
frame_ms,0.2781,
frame_ms,0.2495,
frame_ms,0.2245,
tick_us,102.2,2
frame_ms,0.4302,
frame_ms,0.2392,
frame_ms,0.8114,
frame_ms,0.3765,
frame_ms,0.2595,
frame_ms,0.2128,
frame_ms,0.213,
frame_ms,0.2077,
frame_ms,0.21,
frame_ms,0.259,
frame_ms,0.2726,
frame_ms,0.2404,
frame_ms,0.2195,
frame_ms,0.2187,
frame_ms,0.2331,
frame_ms,1.2413,
frame_ms,0.3826,
frame_ms,0.2631,
frame_ms,0.2093,
frame_ms,0.2132,
frame_ms,0.2058,
tick_us,104.8,2
frame_ms,0.4514,
frame_ms,0.246,
frame_ms,0.2052,
frame_ms,0.2065,
frame_ms,0.21,
frame_ms,0.2611,
frame_ms,0.2253,
frame_ms,1.0807,
frame_ms,0.404,
frame_ms,0.2912,
frame_ms,0.2707,
frame_ms,0.3904,
frame_ms,0.2841,
frame_ms,0.2575,
frame_ms,0.2285,
frame_ms,0.2187,
frame_ms,0.852,
frame_ms,0.2289,
frame_ms,0.208,
frame_ms,0.5377,
tick_us,131.2,2
frame_ms,0.6368,
frame_ms,0.3196,
frame_ms,0.3291,
frame_ms,0.331,
frame_ms,0.2821,
frame_ms,0.2375,
frame_ms,0.2105,
frame_ms,0.2124,
frame_ms,0.26,
frame_ms,0.2494,
frame_ms,1.0921,
frame_ms,0.3006,
frame_ms,0.2214,
frame_ms,0.2199,
frame_ms,0.2146,
frame_ms,0.2394,
frame_ms,0.3274,
frame_ms,0.8834,
frame_ms,0.2517,
tick_us,105.7,2
frame_ms,0.5118,
frame_ms,0.2489,
frame_ms,0.7442,
frame_ms,0.3731,
frame_ms,0.2596,
frame_ms,0.2178,
frame_ms,0.251,
frame_ms,0.2198,
frame_ms,0.2197,
frame_ms,0.1987,
frame_ms,0.2282,
frame_ms,0.2302,
frame_ms,0.2209,
frame_ms,0.2138,
frame_ms,0.2376,
frame_ms,0.2997,
frame_ms,1.0069,
frame_ms,0.7521,
frame_ms,0.4496,
frame_ms,0.2205,
tick_us,100.3,1
frame_ms,0.4296,
frame_ms,0.2345,
frame_ms,0.2064,
frame_ms,0.2096,
frame_ms,0.2077,
frame_ms,0.2224,
frame_ms,1.2401,
frame_ms,0.2846,
frame_ms,0.2204,
frame_ms,0.2101,
frame_ms,0.2053,
frame_ms,0.2125,
frame_ms,0.2293,
frame_ms,0.2223,
frame_ms,0.2023,
frame_ms,0.2654,
frame_ms,0.2748,
frame_ms,0.2342,
frame_ms,0.2165,
frame_ms,0.2078,
frame_ms,1.2108,
tick_us,90.4,1
frame_ms,0.4577,
frame_ms,0.2234,
frame_ms,0.2059,
frame_ms,0.2078,
frame_ms,0.2087,
frame_ms,0.2552,
frame_ms,0.271,
frame_ms,0.2382,
frame_ms,0.2247,
frame_ms,0.2122,
frame_ms,0.2111,
frame_ms,0.2301,
frame_ms,1.1969,
frame_ms,0.2931,
frame_ms,0.2435,
frame_ms,0.2083,
frame_ms,0.2087,
frame_ms,0.2305,
frame_ms,0.2353,
frame_ms,0.239,
frame_ms,0.2082,
frame_ms,0.2367,
tick_us,114,1
frame_ms,1.762,
frame_ms,0.2662,
frame_ms,0.2108,
frame_ms,0.2176,
frame_ms,0.2095,
frame_ms,0.2086,
frame_ms,0.2388,
frame_ms,0.2375,
frame_ms,0.2095,
frame_ms,0.2411,
frame_ms,0.2322,
frame_ms,0.2081,
frame_ms,0.2291,
frame_ms,0.2124,
frame_ms,0.2106,
frame_ms,0.2587,
frame_ms,1.0726,
frame_ms,0.3967,
frame_ms,0.3288,
frame_ms,0.3279,
frame_ms,0.3287,
tick_us,89.8,1
frame_ms,0.8608,
frame_ms,0.2641,
frame_ms,0.2206,
frame_ms,0.2169,
frame_ms,0.2139,
frame_ms,1.0034,
frame_ms,0.3156,
frame_ms,0.2769,
frame_ms,0.2977,
frame_ms,0.2284,
frame_ms,0.2143,
frame_ms,0.2133,
frame_ms,0.2097,
frame_ms,0.2258,
frame_ms,0.2326,
frame_ms,0.2866,
frame_ms,0.2383,
frame_ms,0.2114,
frame_ms,1.1928,
tick_us,98.7,1
frame_ms,0.5997,
frame_ms,0.3232,
frame_ms,0.3284,
frame_ms,0.3282,
frame_ms,0.2758,
frame_ms,0.2403,
frame_ms,0.2153,
frame_ms,0.2145,
frame_ms,0.5686,
frame_ms,0.252,
frame_ms,0.8166,
frame_ms,0.3777,
frame_ms,0.3271,
frame_ms,0.3205,
frame_ms,0.3211,
frame_ms,0.3333,
frame_ms,0.2531,
frame_ms,0.2147,
frame_ms,0.2169,
frame_ms,0.21,
frame_ms,0.2455,
tick_us,98.6,1
frame_ms,1.3669,
frame_ms,0.2365,
frame_ms,0.2217,
frame_ms,0.2399,
frame_ms,0.2166,
frame_ms,0.2131,
frame_ms,0.2128,
frame_ms,0.2643,
frame_ms,0.2232,
frame_ms,0.2127,
frame_ms,0.2422,
frame_ms,0.2331,
frame_ms,0.215,
frame_ms,0.2357,
frame_ms,1.2528,
frame_ms,0.3047,
frame_ms,0.2221,
frame_ms,0.2162,
frame_ms,0.2089,
frame_ms,0.2419,
tick_us,91.6,1
frame_ms,0.4218,
frame_ms,1.006,
frame_ms,0.2217,
frame_ms,0.2162,
frame_ms,1.0625,
frame_ms,0.2492,
frame_ms,0.2197,
frame_ms,0.5119,
frame_ms,0.4735,
frame_ms,0.244,
frame_ms,0.2128,
frame_ms,0.2075,
frame_ms,0.2099,
frame_ms,0.234,
frame_ms,0.2178,
frame_ms,0.2212,
frame_ms,1.1917,
tick_us,95.8,2
frame_ms,0.466,
frame_ms,0.2256,
frame_ms,0.2084,
frame_ms,0.215,
frame_ms,0.2083,
frame_ms,0.2078,
frame_ms,0.297,
frame_ms,0.2857,
frame_ms,0.2347,
frame_ms,0.2151,
frame_ms,0.2096,
frame_ms,0.2109,
frame_ms,1.1399,
frame_ms,0.3302,
frame_ms,0.3059,
frame_ms,0.2529,
frame_ms,0.2091,
frame_ms,0.2117,
frame_ms,0.213,
frame_ms,0.2038,
frame_ms,0.2738,
frame_ms,0.2441,
frame_ms,0.2073,
frame_ms,0.2313,
tick_us,93,2
frame_ms,0.4203,
frame_ms,1.0729,
frame_ms,0.327,
frame_ms,0.2866,
frame_ms,0.2293,
frame_ms,0.2604,
frame_ms,0.5528,
frame_ms,0.3011,
frame_ms,0.221,
frame_ms,0.2182,
frame_ms,0.2108,
frame_ms,0.2299,
frame_ms,0.6077,
frame_ms,0.8875,
frame_ms,0.267,
frame_ms,0.2089,
frame_ms,0.2142,
frame_ms,0.2496,
frame_ms,0.2138,
tick_us,105.7,2
frame_ms,0.4377,
frame_ms,0.2402,
frame_ms,0.2096,
frame_ms,0.2147,
frame_ms,1.3045,
frame_ms,0.2816,
frame_ms,0.2257,
frame_ms,0.2564,
frame_ms,1.1476,
frame_ms,0.3255,
frame_ms,0.3136,
frame_ms,0.2664,
frame_ms,0.2171,
frame_ms,0.2156,
frame_ms,0.2949,
frame_ms,1.1187,
tick_us,111.2,1
frame_ms,0.6481,
frame_ms,0.2679,
frame_ms,0.2752,
frame_ms,1.2041,
frame_ms,0.2354,
frame_ms,0.2147,
frame_ms,0.214,
frame_ms,1.0563,
frame_ms,0.2649,
frame_ms,0.2203,
frame_ms,0.2133,
frame_ms,0.2136,
frame_ms,0.2074,
frame_ms,0.2741,
frame_ms,0.3289,
frame_ms,0.2748,
frame_ms,0.2755,
frame_ms,0.3972,
tick_us,117.2,1
frame_ms,0.5646,
frame_ms,0.3015,
frame_ms,0.6235,
frame_ms,0.3399,
frame_ms,0.2738,
frame_ms,0.2276,
frame_ms,0.2617,
frame_ms,0.2965,
frame_ms,0.261,
frame_ms,0.48,
frame_ms,0.3635,
frame_ms,0.2574,
frame_ms,0.2163,
frame_ms,0.216,
frame_ms,1.0001,
frame_ms,0.2639,
frame_ms,0.2155,
frame_ms,0.2167,
frame_ms,0.2212,
frame_ms,0.2197,
frame_ms,0.2293,
tick_us,110.8,2
frame_ms,0.4514,
frame_ms,0.2429,
frame_ms,0.2134,
frame_ms,0.2121,
frame_ms,0.209,
frame_ms,0.2307,
frame_ms,1.2109,
frame_ms,0.2739,
frame_ms,0.2429,
frame_ms,0.2183,
frame_ms,0.24,
frame_ms,0.3472,
frame_ms,0.3958,
frame_ms,0.28,
frame_ms,0.2176,
frame_ms,0.2171,
frame_ms,0.2172,
frame_ms,0.2195,
frame_ms,0.2223,
frame_ms,1.0854,
tick_us,103.4,2
frame_ms,0.5589,
frame_ms,0.251,
frame_ms,0.2241,
frame_ms,0.2603,
frame_ms,0.3925,
frame_ms,0.2883,
frame_ms,1.177,
frame_ms,0.2351,
frame_ms,0.2104,
frame_ms,0.696,
frame_ms,0.353,
frame_ms,0.2907,
frame_ms,0.2211,
frame_ms,0.2235,
frame_ms,0.2151,
frame_ms,0.2087,
frame_ms,0.2257,
frame_ms,0.2337,
frame_ms,0.2607,
frame_ms,0.2272,
frame_ms,0.2164,
tick_us,104.2,2
frame_ms,0.4302,
frame_ms,0.9171,
frame_ms,0.2581,
frame_ms,0.221,
frame_ms,0.2152,
frame_ms,0.2065,
frame_ms,0.2359,
frame_ms,0.2404,
frame_ms,0.2092,
frame_ms,0.2291,
frame_ms,0.2292,
frame_ms,0.2104,
frame_ms,0.2372,
frame_ms,0.3923,
frame_ms,0.3933,
frame_ms,0.2642,
frame_ms,0.6447,
frame_ms,0.371,
frame_ms,0.2723,
frame_ms,0.2727,
frame_ms,0.2243,
frame_ms,0.2758,
tick_us,100.8,2
frame_ms,0.4483,
frame_ms,0.2406,
frame_ms,0.2137,
frame_ms,0.2147,
frame_ms,0.2139,
frame_ms,0.2253,
frame_ms,1.2635,
frame_ms,0.7151,
frame_ms,0.2507,
frame_ms,0.2129,
frame_ms,0.2354,
frame_ms,0.3564,
frame_ms,0.2271,
frame_ms,0.2838,
frame_ms,0.335,
frame_ms,0.312,
frame_ms,0.2466,
frame_ms,0.9201,
tick_us,109.6,2
frame_ms,0.5811,
frame_ms,0.2737,
frame_ms,0.2539,
frame_ms,0.2109,
frame_ms,0.2138,
frame_ms,0.2079,
frame_ms,0.2332,
frame_ms,0.2245,
frame_ms,0.2078,
frame_ms,0.214,
frame_ms,1.088,
frame_ms,0.4226,
frame_ms,0.2366,
frame_ms,0.2477,
frame_ms,0.4031,
frame_ms,0.2117,
frame_ms,0.213,
frame_ms,0.2054,
frame_ms,0.2037,
frame_ms,0.2475,
frame_ms,0.2323,
frame_ms,0.2095,
frame_ms,0.2246,
tick_us,99.4,3
frame_ms,0.4552,
frame_ms,0.2436,
frame_ms,0.8622,
frame_ms,0.3166,
frame_ms,0.2603,
frame_ms,0.2236,
frame_ms,0.2093,
frame_ms,0.2055,
frame_ms,0.2052,
frame_ms,0.2443,
frame_ms,0.2659,
frame_ms,0.2299,
frame_ms,0.231,
frame_ms,0.2239,
frame_ms,0.22,
frame_ms,0.2211,
frame_ms,1.1846,
frame_ms,0.3894,
frame_ms,0.285,
frame_ms,0.2957,
frame_ms,0.2879,
tick_us,99.5,3
frame_ms,0.4923,
frame_ms,0.2356,
frame_ms,0.2127,
frame_ms,0.213,
frame_ms,0.2108,
frame_ms,0.2146,
frame_ms,0.2545,
frame_ms,0.9914,
frame_ms,0.3395,
frame_ms,0.264,
frame_ms,0.2243,
frame_ms,0.4423,
frame_ms,0.2453,
frame_ms,0.212,
frame_ms,0.2145,
frame_ms,0.4225,
frame_ms,0.3658,
frame_ms,0.2629,
frame_ms,0.2231,
tick_us,100.9,3
frame_ms,1.2471,
frame_ms,0.2418,
frame_ms,0.2096,
frame_ms,0.2144,
frame_ms,0.2227,
frame_ms,0.2384,
frame_ms,0.2266,
frame_ms,0.2479,
frame_ms,0.2217,
frame_ms,0.2158,
frame_ms,0.2112,
frame_ms,0.2616,
frame_ms,0.271,
frame_ms,1.162,
frame_ms,0.3652,
frame_ms,0.2792,
frame_ms,0.429,
frame_ms,0.4692,
frame_ms,0.4442,
frame_ms,0.4798,
frame_ms,0.2357,
tick_us,129.9,3
frame_ms,0.5113,
frame_ms,0.2942,
frame_ms,0.6015,
frame_ms,0.3073,
frame_ms,0.269,
frame_ms,0.2235,
frame_ms,0.2992,
frame_ms,0.2281,
frame_ms,0.2219,
frame_ms,0.2249,
frame_ms,0.2178,
frame_ms,0.2284,
frame_ms,0.9594,
frame_ms,0.2205,
frame_ms,0.8426,
frame_ms,0.3684,
frame_ms,0.2822,
frame_ms,0.2869,
frame_ms,0.2734,
tick_us,111.8,3
frame_ms,0.5079,
frame_ms,0.271,
frame_ms,0.2923,
frame_ms,0.2311,
frame_ms,0.2135,
frame_ms,0.2087,
frame_ms,1.1288,
frame_ms,0.3927,
frame_ms,0.3272,
frame_ms,0.3266,
frame_ms,0.3206,
frame_ms,0.327,
frame_ms,0.32,
frame_ms,0.3166,
frame_ms,0.3406,
frame_ms,0.3758,
frame_ms,0.3675,
frame_ms,0.4599,
frame_ms,0.3485,
tick_us,101.6,3
frame_ms,0.5633,
frame_ms,0.2525,
frame_ms,0.2264,
frame_ms,0.3234,
frame_ms,0.2599,
frame_ms,0.2112,
frame_ms,0.213,
frame_ms,0.2791,
frame_ms,0.2283,
frame_ms,0.2449,
frame_ms,0.2329,
frame_ms,1.0924,
frame_ms,0.9951,
frame_ms,0.2261,
frame_ms,0.2172,
frame_ms,0.506,
frame_ms,0.3628,
frame_ms,0.2573,
frame_ms,0.2076,
tick_us,105.4,2
frame_ms,0.4337,
frame_ms,0.9463,
frame_ms,0.2704,
frame_ms,0.2211,
frame_ms,0.2112,
frame_ms,0.2069,
frame_ms,0.2217,
frame_ms,0.225,
frame_ms,0.2214,
frame_ms,0.2187,
frame_ms,0.2307,
frame_ms,0.2128,
frame_ms,0.2729,
frame_ms,0.2355,
frame_ms,0.2149,
frame_ms,1.2195,
frame_ms,0.3214,
frame_ms,0.4272,
frame_ms,0.3729,
frame_ms,0.2223,
tick_us,100.6,2
frame_ms,0.4243,
frame_ms,0.2357,
frame_ms,0.2066,
frame_ms,0.2082,
frame_ms,0.2081,
frame_ms,0.2211,
frame_ms,0.2621,
frame_ms,1.0458,
frame_ms,0.3254,
frame_ms,0.2736,
frame_ms,0.2269,
frame_ms,0.2567,
frame_ms,0.2579,
frame_ms,0.284,
frame_ms,1.3194,
frame_ms,0.2748,
frame_ms,0.2268,
frame_ms,0.7315,
tick_us,93.5,2
frame_ms,0.5707,
frame_ms,0.2608,
frame_ms,0.2715,
frame_ms,0.2361,
frame_ms,0.2812,
frame_ms,0.2938,
frame_ms,0.2185,
frame_ms,0.2153,
frame_ms,0.2056,
frame_ms,0.2098,
frame_ms,0.2367,
frame_ms,1.1494,
frame_ms,0.3338,
frame_ms,0.2979,
frame_ms,0.2458,
frame_ms,0.221,
frame_ms,0.6737,
frame_ms,0.2715,
frame_ms,0.2224,
frame_ms,0.2169,
frame_ms,0.2146,
tick_us,95.8,2
frame_ms,0.4121,
frame_ms,0.2264,
frame_ms,0.8335,
frame_ms,0.3175,
frame_ms,0.2782,
frame_ms,0.2621,
frame_ms,0.2326,
frame_ms,0.2565,
frame_ms,0.2811,
frame_ms,0.2925,
frame_ms,0.2233,
frame_ms,0.2241,
frame_ms,0.2134,
frame_ms,0.2054,
frame_ms,0.2275,
frame_ms,1.1436,
frame_ms,0.6488,
frame_ms,0.2512,
tick_us,96.9,2
frame_ms,0.8538,
frame_ms,0.2642,
frame_ms,0.236,
frame_ms,0.2109,
frame_ms,0.2046,
frame_ms,0.2132,
frame_ms,0.2289,
frame_ms,1.0633,
frame_ms,0.3335,
frame_ms,0.2669,
frame_ms,0.2242,
frame_ms,0.2532,
frame_ms,0.2515,
frame_ms,0.2533,
frame_ms,0.3491,
frame_ms,0.2534,
frame_ms,0.2096,
frame_ms,0.211,
frame_ms,1.0074,
frame_ms,0.2024,
frame_ms,0.3351,
tick_us,96.3,2
frame_ms,0.8101,
frame_ms,0.2999,
frame_ms,0.251,
frame_ms,0.2101,
frame_ms,0.209,
frame_ms,0.204,
frame_ms,0.2481,
frame_ms,0.2323,
frame_ms,0.2049,
frame_ms,0.2487,
frame_ms,1.2655,
frame_ms,0.317,
frame_ms,0.2723,
frame_ms,0.2263,
frame_ms,0.2644,
frame_ms,0.2556,
frame_ms,0.2559,
frame_ms,0.2525,
frame_ms,0.5203,
frame_ms,0.2571,
tick_us,90.7,1
frame_ms,0.5154,
frame_ms,0.3965,
frame_ms,0.6345,
frame_ms,0.8385,
frame_ms,0.2826,
frame_ms,0.2327,
frame_ms,0.2133,
frame_ms,0.2127,
frame_ms,0.2072,
frame_ms,0.2383,
frame_ms,0.2242,
frame_ms,0.212,
frame_ms,0.243,
frame_ms,0.2215,
frame_ms,1.0529,
frame_ms,0.3114,
frame_ms,0.2763,
frame_ms,0.2261,
frame_ms,0.5232,
tick_us,97,1
frame_ms,0.4971,
frame_ms,0.248,
frame_ms,0.3746,
frame_ms,0.3932,
frame_ms,0.3352,
frame_ms,0.317,
frame_ms,0.6472,
frame_ms,0.3086,
frame_ms,0.2642,
frame_ms,0.2243,
frame_ms,0.2556,
frame_ms,0.2522,
frame_ms,0.2503,
frame_ms,0.2636,
frame_ms,0.2535,
frame_ms,0.2514,
frame_ms,0.2518,
frame_ms,0.2787,
frame_ms,0.2309,
tick_us,96.4,1
frame_ms,1.4852,
frame_ms,0.2743,
frame_ms,0.2706,
frame_ms,0.4754,
frame_ms,0.2737,
frame_ms,0.2232,
frame_ms,0.2234,
frame_ms,0.2341,
frame_ms,0.213,
frame_ms,0.2147,
frame_ms,0.2301,
frame_ms,1.1291,
frame_ms,0.2558,
frame_ms,0.2239,
frame_ms,0.2229,
frame_ms,0.2172,
frame_ms,0.2651,
frame_ms,0.2804,
frame_ms,0.2441,
frame_ms,0.2357,
frame_ms,0.2279,
frame_ms,0.2917,
frame_ms,0.3645,
tick_us,106.4,1
frame_ms,0.4977,
frame_ms,0.248,
frame_ms,0.6226,
frame_ms,0.264,
frame_ms,0.2176,
frame_ms,0.2189,
frame_ms,0.2196,
frame_ms,0.2531,
frame_ms,0.3305,
frame_ms,0.2318,
frame_ms,0.2093,
frame_ms,0.2057,
frame_ms,0.2496,
frame_ms,0.2386,
frame_ms,0.2107,
frame_ms,0.2331,
frame_ms,1.072,
frame_ms,0.3309,
frame_ms,0.2663,
frame_ms,0.2251,
frame_ms,0.2561,
frame_ms,0.2536,
tick_us,140.5,1
frame_ms,0.5343,
frame_ms,0.2616,
frame_ms,0.2632,
frame_ms,0.2504,
frame_ms,0.3225,
frame_ms,0.3497,
frame_ms,0.8539,
frame_ms,0.3613,
frame_ms,0.2767,
frame_ms,0.2251,
frame_ms,0.2535,
frame_ms,0.2579,
frame_ms,0.2604,
frame_ms,0.2524,
frame_ms,0.7331,
frame_ms,0.4019,
frame_ms,0.2974,
frame_ms,0.2444,
frame_ms,0.5894,
tick_us,141.6,1
frame_ms,0.6913,
frame_ms,0.2767,
frame_ms,0.2428,
frame_ms,0.2246,
frame_ms,0.2526,
frame_ms,0.406,
frame_ms,0.2745,
frame_ms,0.2256,
frame_ms,0.2201,
frame_ms,0.2282,
frame_ms,1.2201,
frame_ms,0.3072,
frame_ms,0.255,
frame_ms,0.2161,
frame_ms,0.2439,
frame_ms,0.22,
frame_ms,0.2079,
frame_ms,0.2419,
frame_ms,0.2434,
frame_ms,0.2118,
frame_ms,0.2107,
frame_ms,0.2549,
tick_us,109.8,1
frame_ms,1.029,
frame_ms,0.442,
frame_ms,0.3108,
frame_ms,0.4924,
frame_ms,0.3889,
frame_ms,0.2672,
frame_ms,0.2155,
frame_ms,0.2157,
frame_ms,0.211,
frame_ms,0.2128,
frame_ms,0.2567,
frame_ms,0.2403,
frame_ms,0.2125,
frame_ms,1.1418,
frame_ms,0.3402,
frame_ms,0.2687,
frame_ms,0.2683,
frame_ms,0.3002,
frame_ms,0.266,
tick_us,116.2,2
frame_ms,0.4679,
frame_ms,0.253,
frame_ms,0.2334,
frame_ms,0.2798,
frame_ms,0.2507,
frame_ms,0.2206,
frame_ms,1.0138,
frame_ms,0.3883,
frame_ms,0.2463,
frame_ms,0.2144,
frame_ms,0.2145,
frame_ms,0.2133,
frame_ms,0.2106,
frame_ms,0.2464,
frame_ms,0.2082,
frame_ms,0.2188,
frame_ms,0.2269,
frame_ms,0.2315,
frame_ms,0.3046,
frame_ms,1.2614,
tick_us,116,1
frame_ms,0.5609,
frame_ms,0.2666,
frame_ms,0.6015,
frame_ms,0.3092,
frame_ms,0.2538,
frame_ms,0.2309,
frame_ms,0.2207,
frame_ms,0.2168,
frame_ms,0.2291,
frame_ms,0.2427,
frame_ms,0.9849,
frame_ms,0.2372,
frame_ms,0.217,
frame_ms,0.2094,
frame_ms,0.2143,
frame_ms,0.2221,
frame_ms,0.2179,
frame_ms,0.202,
frame_ms,0.2511,
frame_ms,0.2323,
frame_ms,0.2094,
frame_ms,0.2332,
frame_ms,0.2259,
frame_ms,0.2075,
tick_us,102.5,1
frame_ms,0.4738,
frame_ms,0.9275,
frame_ms,0.4043,
frame_ms,0.2765,
frame_ms,0.2362,
frame_ms,0.2101,
frame_ms,0.2168,
frame_ms,0.2045,
frame_ms,0.2484,
frame_ms,0.2387,
frame_ms,0.2128,
frame_ms,0.2057,
frame_ms,0.2622,
frame_ms,0.2446,
frame_ms,1.0957,
frame_ms,0.2338,
frame_ms,0.2124,
frame_ms,0.2131,
frame_ms,0.2157,
frame_ms,0.2394,
frame_ms,0.2207,
tick_us,109.2,1
frame_ms,0.4376,
frame_ms,0.2384,
frame_ms,0.2038,
frame_ms,0.2019,
frame_ms,0.2052,
frame_ms,0.2839,
frame_ms,0.2416,
frame_ms,1.0513,
frame_ms,0.3861,
frame_ms,0.2794,
frame_ms,0.2114,
frame_ms,0.2192,
frame_ms,0.2067,
frame_ms,0.205,
frame_ms,0.4187,
frame_ms,0.2756,
frame_ms,0.2142,
frame_ms,0.2076,
frame_ms,0.2026,
frame_ms,1.3143,
tick_us,98.3,1
frame_ms,0.443,
frame_ms,0.2328,
frame_ms,0.2066,
frame_ms,0.2096,
frame_ms,0.2061,
frame_ms,0.2109,
frame_ms,0.2526,
frame_ms,0.2147,
frame_ms,0.2077,
frame_ms,0.2429,
frame_ms,0.241,
frame_ms,0.7163,
frame_ms,0.3552,
frame_ms,0.4646,
frame_ms,0.3909,
frame_ms,0.2859,
frame_ms,0.5375,
frame_ms,0.2659,
frame_ms,0.2733,
frame_ms,0.2648,
frame_ms,0.262,
frame_ms,0.2586,
frame_ms,0.2709,
tick_us,106.7,1
frame_ms,0.4893,
frame_ms,0.8526,
frame_ms,0.2677,
frame_ms,0.2224,
frame_ms,0.24,
frame_ms,0.2215,
frame_ms,0.2158,
frame_ms,0.2105,
frame_ms,0.2296,
frame_ms,0.2855,
frame_ms,0.2553,
frame_ms,0.2255,
frame_ms,0.224,
frame_ms,0.2123,
frame_ms,0.2134,
frame_ms,1.1247,
frame_ms,0.2501,
frame_ms,0.2151,
frame_ms,0.2137,
frame_ms,0.2078,
frame_ms,0.2528,
frame_ms,0.2551,
tick_us,110.9,1
frame_ms,0.4568,
frame_ms,0.2537,
frame_ms,0.2136,
frame_ms,0.2185,
frame_ms,0.2103,
frame_ms,0.2206,
frame_ms,1.2032,
frame_ms,0.2934,
frame_ms,0.2279,
frame_ms,0.2219,
frame_ms,0.2128,
frame_ms,0.2092,
frame_ms,0.2211,
frame_ms,0.2379,
frame_ms,0.2326,
frame_ms,0.3462,
frame_ms,0.3282,
frame_ms,0.2634,
frame_ms,0.2271,
frame_ms,0.2286,
frame_ms,0.9325,
tick_us,106.2,1
frame_ms,0.576,
frame_ms,0.2583,
frame_ms,0.2156,
frame_ms,0.2242,
frame_ms,0.2172,
frame_ms,0.2094,
frame_ms,0.2386,
frame_ms,0.2277,
frame_ms,0.2103,
frame_ms,0.2331,
frame_ms,0.2435,
frame_ms,0.2075,
frame_ms,1.1003,
frame_ms,0.3288,
frame_ms,0.304,
frame_ms,0.2496,
frame_ms,0.215,
frame_ms,0.2158,
frame_ms,0.2067,
frame_ms,0.2316,
frame_ms,0.213,
frame_ms,0.2163,
frame_ms,0.2079,
frame_ms,0.2463,
tick_us,95.8,1
frame_ms,0.5009,
frame_ms,1.0346,
frame_ms,0.3474,
frame_ms,0.2615,
frame_ms,0.2124,
frame_ms,0.209,
frame_ms,0.2078,
frame_ms,0.2247,
frame_ms,0.2157,
frame_ms,0.2375,
frame_ms,0.2228,
frame_ms,0.2091,
frame_ms,0.2453,
frame_ms,0.2148,
frame_ms,0.198,
frame_ms,1.1605,
frame_ms,0.29,
frame_ms,0.2152,
frame_ms,0.2092,
frame_ms,0.3929,
frame_ms,0.3576,
tick_us,107.7,1
frame_ms,0.4848,
frame_ms,0.233,
frame_ms,0.215,
frame_ms,0.2181,
frame_ms,0.2275,
frame_ms,0.2226,
frame_ms,1.1196,
frame_ms,0.287,
frame_ms,0.2325,
frame_ms,0.2211,
frame_ms,0.2145,
frame_ms,0.2131,
frame_ms,0.2385,
frame_ms,0.2149,
frame_ms,0.2525,
frame_ms,0.2105,
frame_ms,0.2391,
frame_ms,0.2359,
frame_ms,0.2133,
frame_ms,0.258,
frame_ms,1.1166,
tick_us,115.9,1
frame_ms,0.5833,
frame_ms,0.3573,
frame_ms,0.2345,
frame_ms,0.2068,
frame_ms,0.203,
frame_ms,0.208,
frame_ms,0.2581,
frame_ms,0.283,
frame_ms,0.2388,
frame_ms,0.2203,
frame_ms,0.2103,
frame_ms,1.1657,
frame_ms,0.3194,
frame_ms,0.2678,
frame_ms,0.2393,
frame_ms,0.2315,
frame_ms,0.2186,
frame_ms,0.2162,
frame_ms,0.2417,
frame_ms,0.2407,
frame_ms,0.2117,
frame_ms,0.2491,
frame_ms,0.2358,
tick_us,104.4,1
frame_ms,0.4341,
frame_ms,0.2327,
frame_ms,0.8447,
frame_ms,0.3261,
frame_ms,0.271,
frame_ms,0.2595,
frame_ms,0.2768,
frame_ms,0.2245,
frame_ms,0.2144,
frame_ms,0.2168,
frame_ms,0.213,
frame_ms,0.2458,
frame_ms,0.2252,
frame_ms,0.2307,
frame_ms,0.208,
frame_ms,1.2348,
frame_ms,0.3203,
frame_ms,0.2775,
frame_ms,0.2331,
frame_ms,0.2579,
frame_ms,0.2614,
tick_us,107.1,2
frame_ms,0.5386,
frame_ms,0.2319,
frame_ms,0.2099,
frame_ms,0.212,
frame_ms,0.2075,
frame_ms,0.2072,
frame_ms,1.2067,
frame_ms,0.3625,
frame_ms,0.276,
frame_ms,0.2509,
frame_ms,0.3086,
frame_ms,0.3017,
frame_ms,0.2169,
frame_ms,0.2161,
frame_ms,0.2141,
frame_ms,0.239,
frame_ms,0.235,
frame_ms,0.2141,
frame_ms,0.2651,
frame_ms,1.0614,
tick_us,83.9,4
frame_ms,0.4441,
frame_ms,0.2335,
frame_ms,0.2109,
frame_ms,0.219,
frame_ms,0.213,
frame_ms,0.2108,
frame_ms,0.2375,
frame_ms,0.6042,
frame_ms,0.3088,
frame_ms,0.2216,
frame_ms,0.2026,
frame_ms,1.069,
frame_ms,0.3659,
frame_ms,0.2796,
frame_ms,0.2174,
frame_ms,0.2167,
frame_ms,0.2074,
frame_ms,0.2059,
frame_ms,0.2853,
frame_ms,0.2808,
frame_ms,0.2368,
frame_ms,0.2183,
frame_ms,0.2104,
tick_us,111.7,4
frame_ms,0.4584,
frame_ms,0.9958,
frame_ms,0.2558,
frame_ms,0.2089,
frame_ms,0.2103,
frame_ms,0.2106,
frame_ms,0.2528,
frame_ms,0.269,
frame_ms,0.2284,
frame_ms,0.2545,
frame_ms,0.2249,
frame_ms,0.207,
frame_ms,0.2145,
frame_ms,0.2323,
frame_ms,0.2338,
frame_ms,1.1537,
frame_ms,0.3155,
frame_ms,0.2924,
frame_ms,0.2555,
frame_ms,0.2064,
frame_ms,0.2104,
tick_us,108.2,4
frame_ms,0.4455,
frame_ms,0.243,
frame_ms,0.2056,
frame_ms,0.2161,
frame_ms,0.2073,
frame_ms,0.2041,
frame_ms,0.2872,
frame_ms,1.1055,
frame_ms,0.3937,
frame_ms,0.4659,
frame_ms,0.2213,
frame_ms,0.2119,
frame_ms,0.2114,
frame_ms,0.2063,
frame_ms,0.2621,
frame_ms,0.2549,
frame_ms,0.2122,
frame_ms,0.2043,
frame_ms,0.2641,
frame_ms,1.223,
tick_us,109.1,4
frame_ms,0.5964,
frame_ms,0.2523,
frame_ms,0.2352,
frame_ms,0.3324,
frame_ms,0.2612,
frame_ms,0.2069,
frame_ms,0.2139,
frame_ms,0.2059,
frame_ms,0.2252,
frame_ms,0.2315,
frame_ms,0.2673,
frame_ms,1.1537,
frame_ms,0.3257,
frame_ms,0.2619,
frame_ms,0.2161,
frame_ms,0.2199,
frame_ms,0.222,
frame_ms,0.2111,
frame_ms,0.2068,
frame_ms,0.2513,
frame_ms,0.3003,
frame_ms,0.2463,
frame_ms,0.2176,
tick_us,104.8,4
frame_ms,0.4306,
frame_ms,0.2334,
frame_ms,0.8147,
frame_ms,0.3053,
frame_ms,0.2129,
frame_ms,0.2186,
frame_ms,0.212,
frame_ms,0.244,
frame_ms,0.3183,
frame_ms,0.266,
frame_ms,0.2643,
frame_ms,0.2591,
frame_ms,0.2313,
frame_ms,0.2954,
frame_ms,0.2637,
frame_ms,1.1142,
frame_ms,0.3519,
frame_ms,0.2716,
frame_ms,0.2261,
frame_ms,0.2191,
frame_ms,0.2166,
tick_us,101.1,4
frame_ms,0.4226,
frame_ms,0.2683,
frame_ms,0.2182,
frame_ms,0.215,
frame_ms,0.2214,
frame_ms,0.2078,
frame_ms,1.2778,
frame_ms,0.2445,
frame_ms,0.2172,
frame_ms,0.2254,
frame_ms,0.2073,
frame_ms,0.2568,
frame_ms,0.3125,
frame_ms,0.2685,
frame_ms,0.2667,
frame_ms,0.2544,
frame_ms,0.2286,
frame_ms,0.2826,
frame_ms,0.2407,
frame_ms,0.2124,
frame_ms,0.9437,
tick_us,90.4,4
frame_ms,0.4459,
frame_ms,0.231,
frame_ms,0.2089,
frame_ms,0.2266,
frame_ms,0.2085,
frame_ms,0.2338,
frame_ms,0.2282,
frame_ms,0.2067,
frame_ms,0.2922,
frame_ms,0.2059,
frame_ms,0.2021,
frame_ms,0.2386,
frame_ms,1.2852,
frame_ms,0.2614,
frame_ms,0.2156,
frame_ms,0.2143,
frame_ms,0.2146,
frame_ms,0.2085,
frame_ms,0.252,
frame_ms,0.3217,
frame_ms,0.2893,
frame_ms,0.2641,
frame_ms,0.2573,
frame_ms,0.3616,
tick_us,108.5,4
frame_ms,0.6159,
frame_ms,0.2398,
frame_ms,0.4406,
frame_ms,0.3174,
frame_ms,0.3135,
frame_ms,0.2748,
frame_ms,0.2394,
frame_ms,0.2906,
frame_ms,0.2564,
frame_ms,0.2261,
frame_ms,0.3012,
frame_ms,0.2596,
frame_ms,0.2352,
frame_ms,0.2205,
frame_ms,0.22,
frame_ms,0.9918,
frame_ms,0.6927,
frame_ms,0.3457,
frame_ms,0.3351,
tick_us,140.1,4
frame_ms,0.6044,
frame_ms,0.3292,
frame_ms,0.3261,
frame_ms,0.3308,
frame_ms,0.3943,
frame_ms,0.3214,
frame_ms,0.4832,
frame_ms,0.3196,
frame_ms,0.281,
frame_ms,0.2864,
frame_ms,0.2398,
frame_ms,0.2186,
frame_ms,0.2201,
frame_ms,0.2148,
frame_ms,0.2481,
frame_ms,0.2363,
frame_ms,0.2478,
frame_ms,0.2291,
frame_ms,1.2123,
frame_ms,0.2295,
tick_us,101.3,4
frame_ms,0.433,
frame_ms,0.2264,
frame_ms,0.208,
frame_ms,0.215,
frame_ms,0.2066,
frame_ms,0.2192,
frame_ms,0.625,
frame_ms,0.3708,
frame_ms,0.2283,
frame_ms,0.2014,
frame_ms,0.2025,
frame_ms,0.9905,
frame_ms,0.2322,
frame_ms,0.2111,
frame_ms,0.2072,
frame_ms,0.2042,
frame_ms,0.2399,
frame_ms,0.2169,
frame_ms,0.2046,
frame_ms,0.2441,
frame_ms,1.1134,
tick_us,107.1,4
frame_ms,0.4349,
frame_ms,0.2321,
frame_ms,0.6609,
frame_ms,0.3112,
frame_ms,0.2763,
frame_ms,0.2227,
frame_ms,0.2496,
frame_ms,0.2501,
frame_ms,0.2485,
frame_ms,0.2676,
frame_ms,0.2273,
frame_ms,0.2079,
frame_ms,0.2348,
frame_ms,0.2354,
frame_ms,0.2045,
frame_ms,1.2728,
frame_ms,0.3691,
frame_ms,0.2872,
frame_ms,0.2733,
frame_ms,0.2315,
tick_us,133.2,5
frame_ms,0.6116,
frame_ms,0.2872,
frame_ms,0.31,
frame_ms,0.2807,
frame_ms,0.2783,
frame_ms,0.2335,
frame_ms,0.9625,
frame_ms,0.3283,
frame_ms,0.3804,
frame_ms,0.4029,
frame_ms,0.2549,
frame_ms,0.2143,
frame_ms,0.2758,
frame_ms,0.251,
frame_ms,0.2268,
frame_ms,0.2137,
frame_ms,0.2124,
frame_ms,0.2571,
frame_ms,1.137,
tick_us,126.8,5
frame_ms,0.6261,
frame_ms,0.2642,
frame_ms,0.2955,
frame_ms,0.2825,
frame_ms,0.2983,
frame_ms,0.2642,
frame_ms,0.2204,
frame_ms,0.2253,
frame_ms,0.2241,
frame_ms,0.2216,
frame_ms,0.2173,
frame_ms,1.0244,
frame_ms,0.3564,
frame_ms,0.2614,
frame_ms,0.2177,
frame_ms,0.2164,
frame_ms,0.214,
frame_ms,0.214,
frame_ms,0.2243,
frame_ms,0.2429,
frame_ms,0.2204,
frame_ms,0.2105,
frame_ms,0.2309,
frame_ms,0.2137,
tick_us,132.2,4
frame_ms,1.1197,
frame_ms,0.2718,
frame_ms,0.2624,
frame_ms,0.2252,
frame_ms,0.2341,
frame_ms,0.2188,
frame_ms,0.2107,
frame_ms,0.2539,
frame_ms,0.2162,
frame_ms,0.2091,
frame_ms,0.2635,
frame_ms,0.2399,
frame_ms,0.206,
frame_ms,0.2107,
frame_ms,0.2272,
frame_ms,1.1528,
frame_ms,0.4028,
frame_ms,0.3332,
frame_ms,0.3228,
frame_ms,0.3166,
tick_us,128.7,4
frame_ms,0.5897,
frame_ms,0.2578,
frame_ms,0.4886,
frame_ms,0.2199,
frame_ms,0.2059,
frame_ms,1.0389,
frame_ms,0.3153,
frame_ms,0.2656,
frame_ms,0.2295,
frame_ms,0.2558,
frame_ms,0.2565,
frame_ms,0.2806,
frame_ms,0.2911,
frame_ms,0.2301,
frame_ms,0.2148,
frame_ms,0.2151,
frame_ms,0.2122,
frame_ms,0.2139,
frame_ms,1.2163,
tick_us,127.2,2
frame_ms,0.5722,
frame_ms,0.2739,
frame_ms,0.4688,
frame_ms,0.2469,
frame_ms,0.2103,
frame_ms,0.2158,
frame_ms,0.221,
frame_ms,0.2087,
frame_ms,0.2487,
frame_ms,0.2324,
frame_ms,1.2323,
frame_ms,0.3112,
frame_ms,0.2849,
frame_ms,0.2599,
frame_ms,0.2279,
frame_ms,0.2538,
frame_ms,0.2792,
frame_ms,0.2767,
frame_ms,0.2216,
frame_ms,0.2128,
frame_ms,0.3098,
tick_us,103,2
frame_ms,0.4738,
frame_ms,0.2389,
frame_ms,1.0151,
frame_ms,0.2272,
frame_ms,0.2039,
frame_ms,0.2102,
frame_ms,0.2086,
frame_ms,0.2382,
frame_ms,0.2092,
frame_ms,0.2008,
frame_ms,0.2457,
frame_ms,0.2337,
frame_ms,0.2073,
frame_ms,0.2212,
frame_ms,0.2235,
frame_ms,0.2213,
frame_ms,1.1063,
frame_ms,0.3346,
frame_ms,0.264,
frame_ms,0.2232,
frame_ms,0.2535,
frame_ms,0.2544,
tick_us,122.2,2
frame_ms,0.5185,
frame_ms,0.2655,
frame_ms,0.9447,
frame_ms,0.2195,
frame_ms,0.2122,
frame_ms,0.6717,
frame_ms,0.3813,
frame_ms,0.3252,
frame_ms,0.3177,
frame_ms,0.4044,
frame_ms,0.322,
frame_ms,0.2501,
frame_ms,0.2062,
frame_ms,0.2119,
frame_ms,0.2331,
frame_ms,0.2693,
frame_ms,0.2227,
frame_ms,1.0284,
tick_us,91,2
frame_ms,0.5278,
frame_ms,0.2668,
frame_ms,0.2238,
frame_ms,0.2557,
frame_ms,0.2771,
frame_ms,0.7564,
frame_ms,0.2976,
frame_ms,0.2154,
frame_ms,0.2184,
frame_ms,1.1324,
frame_ms,0.3116,
frame_ms,0.2788,
frame_ms,0.224,
frame_ms,0.2533,
frame_ms,0.2541,
frame_ms,0.2535,
frame_ms,0.2764,
frame_ms,0.2268,
frame_ms,0.211,
frame_ms,0.2097,
frame_ms,0.2285,
tick_us,96.9,2
frame_ms,0.44,
frame_ms,0.9896,
frame_ms,0.3264,
frame_ms,0.6864,
frame_ms,0.2548,
frame_ms,0.2165,
frame_ms,0.3241,
frame_ms,0.309,
frame_ms,0.2267,
frame_ms,0.215,
frame_ms,0.2067,
frame_ms,0.2102,
frame_ms,1.1845,
frame_ms,0.321,
frame_ms,0.2892,
frame_ms,0.2231,
frame_ms,0.2551,
frame_ms,0.2517,
tick_us,144.5,2
frame_ms,0.5109,
frame_ms,0.2518,
frame_ms,0.214,
frame_ms,0.2154,
frame_ms,0.2065,
frame_ms,0.2096,
frame_ms,1.222,
frame_ms,0.3162,
frame_ms,0.3285,
frame_ms,0.3075,
frame_ms,0.2351,
frame_ms,0.2077,
frame_ms,0.3905,
frame_ms,0.2695,
frame_ms,0.2149,
frame_ms,0.2157,
frame_ms,0.206,
frame_ms,0.2141,
frame_ms,0.2304,
frame_ms,1.0541,
tick_us,105.3,2
frame_ms,0.513,
frame_ms,0.2323,
frame_ms,0.2133,
frame_ms,0.218,
frame_ms,0.2083,
frame_ms,0.2101,
frame_ms,0.2361,
frame_ms,0.6254,
frame_ms,0.2037,
frame_ms,0.217,
frame_ms,1.2568,
frame_ms,0.384,
frame_ms,0.3011,
frame_ms,0.2686,
frame_ms,0.2097,
frame_ms,0.3026,
frame_ms,0.3867,
frame_ms,0.2921,
frame_ms,0.266,
frame_ms,0.2274,
tick_us,118.4,1
frame_ms,0.549,
frame_ms,0.3905,
frame_ms,0.6175,
frame_ms,0.3515,
frame_ms,0.2715,
frame_ms,0.2805,
frame_ms,0.4742,
frame_ms,0.2675,
frame_ms,0.2273,
frame_ms,0.2271,
frame_ms,0.2573,
frame_ms,0.3183,
frame_ms,0.3011,
frame_ms,0.2362,
frame_ms,0.949,
frame_ms,0.3588,
frame_ms,0.3987,
frame_ms,0.3497,
frame_ms,0.3172,
tick_us,125.3,0
frame_ms,0.5555,
frame_ms,0.2475,
frame_ms,0.2205,
frame_ms,0.2357,
frame_ms,0.3196,
frame_ms,0.2399,
frame_ms,1.5197,
frame_ms,0.2579,
frame_ms,0.2143,
frame_ms,0.2159,
frame_ms,0.2548,
frame_ms,0.3111,
frame_ms,0.2569,
frame_ms,0.2385,
frame_ms,0.2448,
frame_ms,0.324,
frame_ms,0.2609,
frame_ms,1.0268,
tick_us,118.8,0
frame_ms,0.5203,
frame_ms,0.3204,
frame_ms,0.2879,
frame_ms,0.2259,
frame_ms,0.2417,
frame_ms,0.2298,
frame_ms,0.215,
frame_ms,0.2081,
frame_ms,0.2586,
frame_ms,1.2072,
frame_ms,0.2339,
frame_ms,0.2163,
frame_ms,0.331,
frame_ms,0.2943,
frame_ms,0.2289,
frame_ms,0.2221,
frame_ms,0.2227,
frame_ms,0.3358,
frame_ms,0.2507,
frame_ms,0.222,
frame_ms,0.2389,
frame_ms,0.2147,
frame_ms,0.2143,
tick_us,122.8,0
frame_ms,0.5649,
frame_ms,0.7737,
frame_ms,0.2749,
frame_ms,0.2352,
frame_ms,0.2243,
frame_ms,0.2372,
frame_ms,0.3402,
frame_ms,1.1704,
frame_ms,0.2434,
frame_ms,0.2311,
frame_ms,0.2776,
frame_ms,0.9557,
frame_ms,0.3481,
frame_ms,0.2803,
frame_ms,0.2261,
frame_ms,0.2212,
frame_ms,0.2221,
tick_us,119.8,0
frame_ms,0.4616,
frame_ms,0.2584,
frame_ms,0.2441,
frame_ms,0.214,
frame_ms,0.2188,
frame_ms,0.2571,
frame_ms,0.2632,
frame_ms,0.9646,
frame_ms,1.1152,
frame_ms,0.2493,
frame_ms,0.2158,
frame_ms,0.2293,
frame_ms,0.2785,
frame_ms,0.2809,
frame_ms,0.3013,
frame_ms,0.2546,
frame_ms,0.3737,
frame_ms,0.834,
tick_us,125,0
frame_ms,0.5123,
frame_ms,0.2463,
frame_ms,0.2155,
frame_ms,0.2172,
frame_ms,0.2255,
frame_ms,0.3113,
frame_ms,0.3561,
frame_ms,0.2939,
frame_ms,0.2908,
frame_ms,0.2899,
frame_ms,0.2573,
frame_ms,0.9571,
frame_ms,0.2838,
frame_ms,0.229,
frame_ms,0.2189,
frame_ms,0.3063,
frame_ms,0.3478,
frame_ms,0.3077,
frame_ms,0.3056,
frame_ms,0.2781,
frame_ms,0.2185,
frame_ms,0.2172,
tick_us,123.7,0
frame_ms,0.4801,
frame_ms,0.2332,
frame_ms,0.9864,
frame_ms,0.3539,
frame_ms,0.2758,
frame_ms,0.2899,
frame_ms,0.3093,
frame_ms,0.2877,
frame_ms,0.2863,
frame_ms,1.1587,
frame_ms,0.2298,
frame_ms,0.2201,
frame_ms,0.2131,
frame_ms,0.3795,
frame_ms,0.2949,
frame_ms,0.2211,
frame_ms,0.3689,
frame_ms,0.3184,
tick_us,123.5,0
frame_ms,0.5379,
frame_ms,0.2402,
frame_ms,0.2143,
frame_ms,0.2142,
frame_ms,0.2571,
frame_ms,0.2231,
frame_ms,0.2127,
frame_ms,0.9887,
frame_ms,0.2924,
frame_ms,0.2316,
frame_ms,0.2388,
frame_ms,0.2247,
frame_ms,1.1492,
frame_ms,0.2207,
frame_ms,0.2156,
frame_ms,0.213,
frame_ms,0.3617,
frame_ms,1.0184,
tick_us,145.7,0
frame_ms,0.6738,
frame_ms,0.3216,
frame_ms,0.2919,
frame_ms,0.265,
frame_ms,0.2193,
frame_ms,0.2224,
frame_ms,0.2148,
frame_ms,0.208,
frame_ms,0.2379,
frame_ms,0.2423,
frame_ms,1.2949,
frame_ms,0.3771,
frame_ms,0.5605,
frame_ms,0.2975,
frame_ms,0.2796,
frame_ms,0.3294,
frame_ms,0.3028,
frame_ms,0.291,
frame_ms,0.2652,
tick_us,115.7,0
frame_ms,0.5866,
frame_ms,0.3088,
frame_ms,0.5791,
frame_ms,0.3373,
frame_ms,0.2767,
frame_ms,0.2856,
frame_ms,0.2479,
frame_ms,0.3174,
frame_ms,0.26,
frame_ms,0.2811,
frame_ms,0.2677,
frame_ms,0.2671,
frame_ms,0.2365,
frame_ms,1.0894,
frame_ms,0.2698,
frame_ms,0.3484,
frame_ms,0.4451,
frame_ms,0.289,
frame_ms,0.3727,
tick_us,109.5,0
frame_ms,0.4613,
frame_ms,0.2483,
frame_ms,0.3599,
frame_ms,0.3767,
frame_ms,0.2832,
frame_ms,0.2535,
frame_ms,0.7466,
frame_ms,0.2979,
frame_ms,0.2524,
frame_ms,0.2111,
frame_ms,0.2181,
frame_ms,0.2176,
frame_ms,0.2764,
frame_ms,0.2887,
frame_ms,1.1382,
frame_ms,0.2364,
frame_ms,0.2274,
frame_ms,0.8011,
tick_us,117.9,0
frame_ms,0.6825,
frame_ms,0.3442,
frame_ms,0.2443,
frame_ms,0.4788,
frame_ms,0.2812,
frame_ms,0.247,
frame_ms,0.2885,
frame_ms,0.227,
frame_ms,0.2219,
frame_ms,1.1266,
frame_ms,0.3751,
frame_ms,0.3723,
frame_ms,0.2711,
frame_ms,0.2454,
frame_ms,0.242,
frame_ms,0.2446,
frame_ms,0.5078,
frame_ms,0.3082,
tick_us,118.6,0
frame_ms,0.5656,
frame_ms,0.2842,
frame_ms,0.3184,
frame_ms,0.4367,
frame_ms,0.438,
frame_ms,0.3367,
frame_ms,0.329,
frame_ms,0.3234,
frame_ms,0.3273,
frame_ms,0.3157,
frame_ms,0.3141,
frame_ms,0.3196,
frame_ms,0.3453,
frame_ms,0.2692,
frame_ms,1.2515,
frame_ms,0.2411,
frame_ms,0.2142,
frame_ms,0.2171,
frame_ms,0.2169,
tick_us,140.2,0
frame_ms,0.5739,
frame_ms,0.2904,
frame_ms,0.3154,
frame_ms,0.3038,
frame_ms,0.3097,
frame_ms,0.2515,
frame_ms,0.8284,
frame_ms,0.3087,
frame_ms,0.3217,
frame_ms,0.2633,
frame_ms,0.2279,
frame_ms,0.2464,
frame_ms,0.2301,
frame_ms,0.2081,
frame_ms,0.2067,
frame_ms,0.2734,
frame_ms,0.2509,
frame_ms,0.2098,
frame_ms,0.2115,
frame_ms,1.2005,
tick_us,119,0
frame_ms,0.5165,
frame_ms,0.3314,
frame_ms,0.395,
frame_ms,0.3272,
frame_ms,0.2777,
frame_ms,0.297,
frame_ms,0.2764,
frame_ms,0.2584,
frame_ms,0.309,
frame_ms,0.2453,
frame_ms,0.9401,
frame_ms,0.3717,
frame_ms,0.26,
frame_ms,0.2232,
frame_ms,0.2424,
frame_ms,0.2338,
frame_ms,1.0054,
frame_ms,0.241,
frame_ms,0.2178,
tick_us,117.3,0
frame_ms,0.5002,
frame_ms,0.9252,
frame_ms,0.3162,
frame_ms,0.3504,
frame_ms,0.357,
frame_ms,0.3451,
frame_ms,0.2947,
frame_ms,0.2727,
frame_ms,0.2131,
frame_ms,0.2173,
frame_ms,0.218,
frame_ms,0.2137,
frame_ms,0.2364,
frame_ms,1.0835,
frame_ms,0.3366,
frame_ms,0.2579,
frame_ms,0.214,
frame_ms,0.2169,
frame_ms,0.2158,
frame_ms,0.2117,
tick_us,119,0
frame_ms,0.4835,
frame_ms,0.2442,
frame_ms,0.2122,
frame_ms,0.3323,
frame_ms,0.2627,
frame_ms,0.2716,
frame_ms,0.894,
frame_ms,0.394,
frame_ms,0.3308,
frame_ms,0.2911,
frame_ms,0.2491,
frame_ms,0.2161,
frame_ms,0.2172,
frame_ms,0.2152,
frame_ms,0.2812,
frame_ms,0.2397,
frame_ms,0.254,
frame_ms,0.3541,
tick_us,115.1,0
frame_ms,1.9024,
frame_ms,0.2673,
frame_ms,0.2686,
frame_ms,0.3115,
frame_ms,0.2179,
frame_ms,0.2217,
frame_ms,0.2185,
frame_ms,0.2223,
frame_ms,0.2386,
frame_ms,0.2209,
frame_ms,1.1947,
frame_ms,0.2692,
frame_ms,0.2205,
frame_ms,0.2172,
frame_ms,0.2153,
frame_ms,0.2144,
frame_ms,0.2383,
frame_ms,0.2272,
frame_ms,0.2182,
frame_ms,0.2275,
frame_ms,0.2357,
tick_us,112.3,0
frame_ms,1.3829,
frame_ms,0.2502,
frame_ms,0.376,
frame_ms,0.2467,
frame_ms,0.2152,
frame_ms,0.359,
frame_ms,0.3639,
frame_ms,0.2676,
frame_ms,0.2148,
frame_ms,0.2201,
frame_ms,0.2134,
frame_ms,0.212,
frame_ms,0.2357,
frame_ms,0.2422,
frame_ms,1.2937,
frame_ms,0.3495,
frame_ms,0.2594,
frame_ms,0.213,
frame_ms,0.2221,
tick_us,111.5,0
frame_ms,1.3805,
frame_ms,0.2404,
frame_ms,0.286,
frame_ms,0.3307,
frame_ms,0.8619,
frame_ms,0.3245,
frame_ms,0.272,
frame_ms,0.2514,
frame_ms,0.24,
frame_ms,0.2184,
frame_ms,0.223,
frame_ms,0.218,
frame_ms,0.2104,
frame_ms,0.2571,
frame_ms,0.2696,
frame_ms,0.2315,
frame_ms,0.2235,
frame_ms,0.2403,
frame_ms,0.9825,
tick_us,104.7,0
frame_ms,0.7972,
frame_ms,0.277,
frame_ms,0.3016,
frame_ms,0.255,
frame_ms,0.3656,
frame_ms,0.2707,
frame_ms,0.2386,
frame_ms,0.2368,
frame_ms,0.2343,
frame_ms,0.2379,
frame_ms,0.9621,
frame_ms,0.3188,
frame_ms,0.2792,
frame_ms,0.2424,
frame_ms,0.3476,
frame_ms,0.2291,
frame_ms,0.2288,
frame_ms,0.4231,
frame_ms,0.2486,
frame_ms,0.2188,
frame_ms,0.2175,
tick_us,842.5,0
frame_ms,1.1742,
frame_ms,0.2402,
frame_ms,0.2257,
frame_ms,0.2153,
frame_ms,0.3295,
frame_ms,0.2478,
frame_ms,0.2424,
frame_ms,0.2339,
frame_ms,0.2177,
frame_ms,0.2133,
frame_ms,0.2548,
frame_ms,0.2121,
frame_ms,0.2686,
frame_ms,0.2945,
frame_ms,1.2068,
frame_ms,0.3709,
frame_ms,0.3103,
frame_ms,0.2685,
frame_ms,0.2265,
frame_ms,0.2188,
tick_us,108.3,0
frame_ms,0.4444,
frame_ms,1.1902,
frame_ms,0.2184,
frame_ms,0.2145,
frame_ms,0.6981,
frame_ms,0.3413,
frame_ms,0.4023,
frame_ms,0.4364,
frame_ms,0.3026,
frame_ms,0.2904,
frame_ms,0.2815,
frame_ms,0.2287,
frame_ms,0.2178,
frame_ms,0.2219,
frame_ms,0.2175,
frame_ms,1.2314,
tick_us,180,0
frame_ms,0.639,
frame_ms,1.1011,
frame_ms,0.2478,
frame_ms,0.2143,
frame_ms,0.2585,
frame_ms,0.3103,
frame_ms,0.4008,
frame_ms,0.3352,
frame_ms,0.6454,
frame_ms,0.3097,
frame_ms,0.2379,
frame_ms,0.2305,
frame_ms,0.2241,
frame_ms,0.3799,
frame_ms,0.3332,
frame_ms,0.3256,
frame_ms,0.3274,
frame_ms,0.3215,
tick_us,116.8,0
frame_ms,0.5128,
frame_ms,0.2506,
frame_ms,1.1639,
frame_ms,0.241,
frame_ms,0.2095,
frame_ms,0.228,
frame_ms,0.2303,
frame_ms,0.26,
frame_ms,0.4009,
frame_ms,0.3564,
frame_ms,0.2875,
frame_ms,0.2511,
frame_ms,0.2856,
frame_ms,0.9648,
frame_ms,0.3288,
frame_ms,0.2739,
frame_ms,0.314,
frame_ms,0.2897,
tick_us,99.1,0
frame_ms,0.5147,
frame_ms,0.2408,
frame_ms,0.2172,
frame_ms,0.2333,
frame_ms,1.2038,
frame_ms,0.2115,
frame_ms,0.4007,
frame_ms,0.3116,
frame_ms,0.3401,
frame_ms,0.3035,
frame_ms,0.468,
frame_ms,0.4575,
frame_ms,0.2556,
frame_ms,0.2449,
frame_ms,0.2347,
frame_ms,0.254,
frame_ms,0.245,
frame_ms,0.9891,
tick_us,140.6,0
frame_ms,0.6424,
frame_ms,0.3154,
frame_ms,0.3339,
frame_ms,0.3182,
frame_ms,0.6096,
frame_ms,0.2427,
frame_ms,0.2189,
frame_ms,0.2252,
frame_ms,0.2206,
frame_ms,1.0608,
frame_ms,0.2872,
frame_ms,0.2315,
frame_ms,0.2228,
frame_ms,0.2327,
frame_ms,0.2341,
frame_ms,0.2887,
frame_ms,0.334,
frame_ms,0.4752,
frame_ms,0.2659,
frame_ms,0.2159,
tick_us,108.8,0
frame_ms,0.4552,
frame_ms,0.9163,
frame_ms,0.3423,
frame_ms,0.5373,
frame_ms,0.2834,
frame_ms,0.2702,
frame_ms,0.2217,
frame_ms,0.3633,
frame_ms,0.2224,
frame_ms,0.2196,
frame_ms,0.2191,
frame_ms,0.2136,
frame_ms,0.2145,
frame_ms,1.0681,
frame_ms,0.3127,
frame_ms,0.2799,
frame_ms,0.2249,
frame_ms,0.3147,
frame_ms,0.2554,
tick_us,102.9,0
frame_ms,0.4438,
frame_ms,0.2457,
frame_ms,0.2125,
frame_ms,0.2133,
frame_ms,1.0791,
frame_ms,0.2274,
frame_ms,0.3347,
frame_ms,0.3205,
frame_ms,0.3533,
frame_ms,0.3058,
frame_ms,0.3777,
frame_ms,0.3376,
frame_ms,0.3404,
frame_ms,0.281,
frame_ms,0.256,
frame_ms,0.2264,
frame_ms,0.2279,
frame_ms,1.1581,
tick_us,113.1,0
frame_ms,0.5328,
frame_ms,0.2824,
frame_ms,0.2706,
frame_ms,0.226,
frame_ms,0.2321,
frame_ms,0.2279,
frame_ms,0.2692,
frame_ms,0.234,
frame_ms,0.2233,
frame_ms,0.2151,
frame_ms,0.2264,
frame_ms,1.2407,
frame_ms,0.2755,
frame_ms,0.2168,
frame_ms,0.2144,
frame_ms,0.2114,
frame_ms,0.2127,
frame_ms,0.215,
frame_ms,0.2263,
frame_ms,0.2156,
frame_ms,0.5518,
frame_ms,0.2635,
frame_ms,0.2172,
tick_us,96.2,0
frame_ms,0.418,
frame_ms,0.9478,
frame_ms,0.3131,
frame_ms,0.3518,
frame_ms,0.2594,
frame_ms,0.2722,
frame_ms,0.2509,
frame_ms,0.257,
frame_ms,0.2485,
frame_ms,0.2216,
frame_ms,0.2093,
frame_ms,0.2093,
frame_ms,0.2542,
frame_ms,1.2632,
frame_ms,0.3144,
frame_ms,0.2725,
frame_ms,0.2246,
frame_ms,0.2569,
frame_ms,0.2544,
tick_us,135.8,0
frame_ms,0.4964,
frame_ms,0.2509,
frame_ms,0.2125,
frame_ms,0.2143,
frame_ms,0.2063,
frame_ms,0.2048,
frame_ms,0.2592,
frame_ms,0.9949,
frame_ms,0.3261,
frame_ms,0.2691,
frame_ms,0.2704,
frame_ms,0.2273,
frame_ms,0.2584,
frame_ms,0.2789,
frame_ms,0.251,
frame_ms,0.2217,
frame_ms,0.2125,
frame_ms,0.2055,
frame_ms,0.239,
frame_ms,0.2228,
frame_ms,1.1829,
tick_us,89.4,0
frame_ms,0.5511,
frame_ms,0.2624,
frame_ms,0.2234,
frame_ms,0.7401,
frame_ms,0.2483,
frame_ms,0.218,
frame_ms,0.2103,
frame_ms,0.2058,
frame_ms,0.2347,
frame_ms,0.2182,
frame_ms,1.0544,
frame_ms,0.3014,
frame_ms,0.2422,
frame_ms,0.2049,
frame_ms,0.2089,
frame_ms,0.2003,
frame_ms,0.2664,
frame_ms,0.4429,
frame_ms,0.3275,
frame_ms,0.327,
frame_ms,0.3258,
tick_us,87.9,1
frame_ms,0.5022,
frame_ms,0.2439,
frame_ms,0.5761,
frame_ms,0.3257,
frame_ms,0.2628,
frame_ms,0.2834,
frame_ms,0.2506,
frame_ms,0.2357,
frame_ms,0.2073,
frame_ms,0.2018,
frame_ms,0.2055,
frame_ms,0.2403,
frame_ms,0.2356,
frame_ms,0.2051,
frame_ms,0.2323,
frame_ms,0.2155,
frame_ms,1.07,
frame_ms,0.324,
frame_ms,0.2708,
frame_ms,0.2204,
frame_ms,0.2202,
frame_ms,0.2171,
frame_ms,0.2139,
tick_us,99.2,1
frame_ms,0.4231,
frame_ms,0.2543,
frame_ms,0.2119,
frame_ms,0.2109,
frame_ms,0.2064,
frame_ms,0.2103,
frame_ms,1.191,
frame_ms,0.3244,
frame_ms,0.2716,
frame_ms,0.2242,
frame_ms,0.3026,
frame_ms,0.2726,
frame_ms,0.235,
frame_ms,0.2098,
frame_ms,0.2052,
frame_ms,0.2045,
frame_ms,0.2508,
frame_ms,0.2386,
frame_ms,0.2101,
frame_ms,1.2052,
tick_us,101.4,2
frame_ms,0.6017,
frame_ms,0.2656,
frame_ms,0.2816,
frame_ms,0.2249,
frame_ms,0.2113,
frame_ms,0.2066,
frame_ms,0.2046,
frame_ms,0.2679,
frame_ms,0.2313,
frame_ms,0.2123,
frame_ms,0.2049,
frame_ms,1.2581,
frame_ms,0.3403,
frame_ms,0.2674,
frame_ms,0.2222,
frame_ms,0.2643,
frame_ms,0.2234,
frame_ms,0.2125,
frame_ms,0.2067,
frame_ms,0.2405,
frame_ms,0.2239,
frame_ms,0.2053,
frame_ms,0.2383,
tick_us,92.6,2
frame_ms,0.4268,
frame_ms,1.0861,
frame_ms,0.3059,
frame_ms,0.2655,
frame_ms,0.2304,
frame_ms,0.2537,
frame_ms,0.2509,
frame_ms,0.2498,
frame_ms,0.2796,
frame_ms,0.2454,
frame_ms,0.2182,
frame_ms,0.2088,
frame_ms,0.2062,
frame_ms,1.001,
frame_ms,0.6774,
frame_ms,0.2165,
frame_ms,0.2127,
frame_ms,0.2097,
frame_ms,0.2548,
frame_ms,0.2676,
tick_us,95.1,2
frame_ms,0.4463,
frame_ms,0.2468,
frame_ms,0.2291,
frame_ms,0.2326,
frame_ms,0.2446,
frame_ms,0.2501,
frame_ms,1.1394,
frame_ms,0.3314,
frame_ms,0.2692,
frame_ms,0.2274,
frame_ms,0.2534,
frame_ms,0.2532,
frame_ms,0.2595,
frame_ms,0.263,
frame_ms,0.2588,
frame_ms,0.2555,
frame_ms,0.2519,
frame_ms,0.2822,
frame_ms,0.2312,
frame_ms,1.0506,
tick_us,92.7,2
frame_ms,0.4928,
frame_ms,0.2866,
frame_ms,0.2727,
frame_ms,0.2242,
frame_ms,0.2562,
frame_ms,0.3072,
frame_ms,0.2593,
frame_ms,0.2172,
frame_ms,0.2128,
frame_ms,0.2043,
frame_ms,0.2198,
frame_ms,1.1933,
frame_ms,0.3174,
frame_ms,0.2788,
frame_ms,0.2253,
frame_ms,0.3735,
frame_ms,0.2532,
frame_ms,0.252,
frame_ms,0.2548,
frame_ms,0.2892,
frame_ms,0.3662,
tick_us,87.7,2
frame_ms,0.4894,
frame_ms,0.2505,
frame_ms,0.2247,
frame_ms,0.5945,
frame_ms,0.303,
frame_ms,0.2805,
frame_ms,0.2214,
frame_ms,0.2535,
frame_ms,0.254,
frame_ms,0.2592,
frame_ms,0.2909,
frame_ms,0.238,
frame_ms,0.2152,
frame_ms,0.2144,
frame_ms,0.2291,
frame_ms,0.2292,
frame_ms,1.2253,
frame_ms,0.2574,
frame_ms,0.2177,
frame_ms,0.2175,
frame_ms,0.2154,
frame_ms,0.2094,
frame_ms,0.2589,
tick_us,97,1
frame_ms,0.4768,
frame_ms,0.2411,
frame_ms,0.2059,
frame_ms,0.2112,
frame_ms,0.2121,
frame_ms,0.2039,
frame_ms,1.195,
frame_ms,0.3426,
frame_ms,0.2696,
frame_ms,0.2267,
frame_ms,0.2712,
frame_ms,0.2282,
frame_ms,0.2146,
frame_ms,0.21,
frame_ms,0.2249,
frame_ms,0.2205,
frame_ms,0.2274,
frame_ms,0.2414,
frame_ms,0.2359,
frame_ms,1.25,
tick_us,89.4,1
frame_ms,0.5223,
frame_ms,0.2657,
frame_ms,0.2177,
frame_ms,0.2133,
frame_ms,0.2112,
frame_ms,0.2266,
frame_ms,0.5532,
frame_ms,0.2933,
frame_ms,0.5589,
frame_ms,0.295,
frame_ms,0.2554,
frame_ms,0.5746,
frame_ms,0.3091,
frame_ms,0.2604,
frame_ms,0.2107,
frame_ms,0.2145,
frame_ms,0.2097,
frame_ms,0.2075,
frame_ms,0.2761,
frame_ms,0.2831,
frame_ms,0.2344,
frame_ms,0.2245,
frame_ms,0.2167,
tick_us,92.7,1
frame_ms,0.434,
frame_ms,1.1106,
frame_ms,0.2536,
frame_ms,0.2183,
frame_ms,0.2157,
frame_ms,0.2137,
frame_ms,0.2529,
frame_ms,0.256,
frame_ms,0.2201,
frame_ms,0.2079,
frame_ms,0.2859,
frame_ms,0.2718,
frame_ms,0.2364,
frame_ms,0.2314,
frame_ms,0.2163,
frame_ms,1.012,
frame_ms,0.2354,
frame_ms,0.2115,
frame_ms,0.2083,
frame_ms,0.2775,
frame_ms,0.2808,
frame_ms,0.2454,
tick_us,95.1,1
frame_ms,0.4419,
frame_ms,0.3221,
frame_ms,0.2492,
frame_ms,0.267,
frame_ms,0.2537,
frame_ms,0.2211,
frame_ms,0.9974,
frame_ms,0.3423,
frame_ms,0.5534,
frame_ms,1.0427,
frame_ms,0.282,
frame_ms,0.2056,
frame_ms,0.2138,
frame_ms,0.2197,
frame_ms,0.2195,
frame_ms,1.0715,
tick_us,98.8,1
frame_ms,0.6075,
frame_ms,0.2539,
frame_ms,0.2189,
frame_ms,0.2179,
frame_ms,0.2171,
frame_ms,0.2137,
frame_ms,0.2122,
frame_ms,0.2467,
frame_ms,0.2769,
frame_ms,0.2339,
frame_ms,0.2071,
frame_ms,0.2382,
frame_ms,1.048,
frame_ms,0.3214,
frame_ms,0.2729,
frame_ms,0.2157,
frame_ms,0.2213,
frame_ms,0.2075,
frame_ms,0.2049,
frame_ms,0.2345,
frame_ms,0.2428,
frame_ms,0.2109,
frame_ms,0.241,
frame_ms,0.2231,
frame_ms,0.2171,
tick_us,94.5,1
frame_ms,0.4405,
frame_ms,0.8937,
frame_ms,0.3234,
frame_ms,0.2581,
frame_ms,0.2141,
frame_ms,0.2124,
frame_ms,0.2152,
frame_ms,0.2381,
frame_ms,0.2425,
frame_ms,0.2097,
frame_ms,0.2302,
frame_ms,0.2209,
frame_ms,0.2111,
frame_ms,0.2281,
frame_ms,0.2052,
frame_ms,1.1717,
frame_ms,0.3137,
frame_ms,0.296,
frame_ms,0.3004,
frame_ms,0.2552,
frame_ms,0.2177,
tick_us,95.1,1
frame_ms,0.4191,
frame_ms,0.2396,
frame_ms,0.2098,
frame_ms,0.2202,
frame_ms,0.213,
frame_ms,0.2339,
frame_ms,1.2086,
frame_ms,0.2417,
frame_ms,0.223,
frame_ms,0.2132,
frame_ms,0.2131,
frame_ms,0.2476,
frame_ms,0.217,
frame_ms,0.2226,
frame_ms,0.2264,
frame_ms,0.2215,
frame_ms,0.2059,
frame_ms,0.2467,
frame_ms,0.2384,
frame_ms,0.21,
frame_ms,0.2277,
frame_ms,1.0495,
tick_us,90.8,1
frame_ms,0.5064,
frame_ms,0.3016,
frame_ms,0.2651,
frame_ms,0.2071,
frame_ms,0.2093,
frame_ms,0.2086,
frame_ms,0.2245,
frame_ms,0.213,
frame_ms,0.2104,
frame_ms,0.2225,
frame_ms,0.2767,
frame_ms,0.2314,
frame_ms,1.1002,
frame_ms,0.3109,
frame_ms,0.3085,
frame_ms,0.2712,
frame_ms,0.2222,
frame_ms,0.2181,
frame_ms,0.214,
frame_ms,0.2096,
frame_ms,0.2269,
frame_ms,0.2343,
frame_ms,0.224,
tick_us,86.6,1
frame_ms,0.9515,
frame_ms,0.2857,
frame_ms,0.4609,
frame_ms,0.3221,
frame_ms,0.2657,
frame_ms,0.228,
frame_ms,0.2229,
frame_ms,0.2172,
frame_ms,0.209,
frame_ms,0.2401,
frame_ms,0.2209,
frame_ms,0.2338,
frame_ms,0.2112,
frame_ms,0.235,
frame_ms,0.2184,
frame_ms,0.2067,
frame_ms,1.1359,
frame_ms,0.2523,
frame_ms,0.2195,
frame_ms,0.2142,
frame_ms,0.2126,
frame_ms,0.2411,
frame_ms,0.2957,
tick_us,89.3,1
frame_ms,0.4426,
frame_ms,0.2344,
frame_ms,0.2065,
frame_ms,0.2084,
frame_ms,0.2067,
frame_ms,0.2281,
frame_ms,1.2229,
frame_ms,0.3241,
frame_ms,0.279,
frame_ms,0.23,
frame_ms,0.2562,
frame_ms,0.2573,
frame_ms,0.2989,
frame_ms,0.25,
frame_ms,0.2247,
frame_ms,0.2169,
frame_ms,0.2099,
frame_ms,0.2792,
frame_ms,0.247,
frame_ms,1.0671,
tick_us,110.5,1
frame_ms,0.6012,
frame_ms,0.2731,
frame_ms,0.2288,
frame_ms,0.3056,
frame_ms,0.2869,
frame_ms,0.2828,
frame_ms,0.2351,
frame_ms,0.2351,
frame_ms,0.2208,
frame_ms,0.2136,
frame_ms,0.2094,
frame_ms,1.1026,
frame_ms,0.2564,
frame_ms,0.2163,
frame_ms,0.2125,
frame_ms,0.2061,
frame_ms,0.2144,
frame_ms,0.251,
frame_ms,0.2397,
frame_ms,0.2074,
frame_ms,0.2687,
frame_ms,0.2495,
frame_ms,0.2124,
frame_ms,0.2326,
tick_us,105.4,1
frame_ms,0.4471,
frame_ms,0.9355,
frame_ms,0.2589,
frame_ms,0.2173,
frame_ms,0.2135,
frame_ms,0.2092,
frame_ms,0.2048,
frame_ms,0.2671,
frame_ms,0.2747,
frame_ms,0.2216,
frame_ms,0.218,
frame_ms,0.2143,
frame_ms,0.2339,
frame_ms,0.2353,
frame_ms,0.2059,
frame_ms,1.1827,
frame_ms,0.3343,
frame_ms,0.274,
frame_ms,0.2696,
frame_ms,0.2285,
frame_ms,0.254,
tick_us,122,1
frame_ms,0.5257,
frame_ms,0.2699,
frame_ms,0.2381,
frame_ms,0.2085,
frame_ms,0.2056,
frame_ms,0.2046,
frame_ms,1.1424,
frame_ms,0.3115,
frame_ms,0.266,
frame_ms,0.2189,
frame_ms,0.2496,
frame_ms,0.2495,
frame_ms,0.8935,
frame_ms,0.3836,
frame_ms,0.2145,
frame_ms,0.2149,
frame_ms,0.2095,
frame_ms,0.9736,
tick_us,106.7,1
frame_ms,0.5793,
frame_ms,0.2614,
frame_ms,0.2613,
frame_ms,0.2277,
frame_ms,0.2535,
frame_ms,0.2897,
frame_ms,0.2243,
frame_ms,0.2156,
frame_ms,0.2168,
frame_ms,0.2172,
frame_ms,0.2523,
frame_ms,1.1762,
frame_ms,0.3022,
frame_ms,0.2712,
frame_ms,0.2195,
frame_ms,0.2489,
frame_ms,0.2507,
frame_ms,0.2472,
frame_ms,0.2922,
frame_ms,0.2395,
frame_ms,0.2216,
frame_ms,0.2118,
frame_ms,0.2117,
tick_us,99,1
frame_ms,0.4368,
frame_ms,0.9772,
frame_ms,0.3808,
frame_ms,0.3399,
frame_ms,0.2742,
frame_ms,0.2678,
frame_ms,0.2124,
frame_ms,0.2189,
frame_ms,0.2366,
frame_ms,0.2046,
frame_ms,0.2298,
frame_ms,0.2215,
frame_ms,0.2162,
frame_ms,0.2124,
frame_ms,1.1791,
frame_ms,0.3279,
frame_ms,0.2699,
frame_ms,0.4368,
frame_ms,0.3589,
tick_us,105,1
frame_ms,0.4553,
frame_ms,0.23,
frame_ms,0.2103,
frame_ms,0.2115,
frame_ms,0.203,
frame_ms,0.24,
frame_ms,1.2196,
frame_ms,0.326,
frame_ms,0.2677,
frame_ms,0.2257,
frame_ms,0.2505,
frame_ms,0.2509,
frame_ms,0.2491,
frame_ms,0.2798,
frame_ms,0.2306,
frame_ms,0.2095,
frame_ms,0.2038,
frame_ms,0.2728,
frame_ms,0.2445,
frame_ms,1.1468,
tick_us,113.5,1
frame_ms,0.5771,
frame_ms,0.2481,
frame_ms,0.2185,
frame_ms,0.2514,
frame_ms,0.4017,
frame_ms,0.2525,
frame_ms,0.2128,
frame_ms,0.2184,
frame_ms,0.2091,
frame_ms,0.2339,
frame_ms,0.2359,
frame_ms,1.1226,
frame_ms,0.3877,
frame_ms,0.327,
frame_ms,0.3223,
frame_ms,0.3215,
frame_ms,0.3365,
frame_ms,0.2616,
frame_ms,0.2181,
frame_ms,0.2192,
frame_ms,0.2085,
frame_ms,0.2282,
tick_us,108.2,1
frame_ms,0.4585,
frame_ms,0.8809,
frame_ms,0.4969,
frame_ms,0.2695,
frame_ms,0.2792,
frame_ms,0.274,
frame_ms,0.2498,
frame_ms,0.2177,
frame_ms,0.2135,
frame_ms,0.2155,
frame_ms,0.2048,
frame_ms,0.2208,
frame_ms,0.2301,
frame_ms,1.2814,
frame_ms,0.2632,
frame_ms,0.2173,
frame_ms,0.2108,
frame_ms,0.2085,
frame_ms,0.2047,
frame_ms,0.2599,
tick_us,107.8,1
frame_ms,0.4548,
frame_ms,0.2384,
frame_ms,0.2072,
frame_ms,0.2097,
frame_ms,0.2036,
frame_ms,0.2333,
frame_ms,1.2591,
frame_ms,0.3162,
frame_ms,0.2777,
frame_ms,0.223,
frame_ms,0.3025,
frame_ms,0.2239,
frame_ms,0.21,
frame_ms,0.2046,
frame_ms,0.2321,
frame_ms,0.2339,
frame_ms,0.2041,
frame_ms,0.2501,
frame_ms,0.2581,
frame_ms,1.2125,
tick_us,109.7,1
frame_ms,0.5408,
frame_ms,0.254,
frame_ms,0.2095,
frame_ms,0.2059,
frame_ms,0.2011,
frame_ms,0.2393,
frame_ms,0.2305,
frame_ms,0.2074,
frame_ms,0.2447,
frame_ms,0.2366,
frame_ms,0.2029,
frame_ms,0.2173,
frame_ms,1.1935,
frame_ms,0.2407,
frame_ms,0.2115,
frame_ms,0.2121,
frame_ms,0.2077,
frame_ms,0.2038,
frame_ms,0.2385,
frame_ms,0.2294,
frame_ms,0.2056,
frame_ms,0.248,
frame_ms,0.261,
frame_ms,0.2098,
frame_ms,0.1999,
tick_us,104.7,1
frame_ms,0.4322,
frame_ms,0.2369,
frame_ms,0.8293,
frame_ms,0.3322,
frame_ms,0.262,
frame_ms,0.2693,
frame_ms,0.2243,
frame_ms,0.2071,
frame_ms,0.2028,
frame_ms,0.2315,
frame_ms,0.2304,
frame_ms,0.2026,
frame_ms,0.2226,
frame_ms,0.2255,
frame_ms,0.2046,
frame_ms,0.2506,
frame_ms,1.1441,
frame_ms,0.3054,
frame_ms,0.2657,
frame_ms,0.2191,
frame_ms,0.261,
frame_ms,0.2506,
tick_us,121.6,1
frame_ms,0.474,
frame_ms,0.2816,
frame_ms,0.2471,
frame_ms,0.2496,
frame_ms,0.2524,
frame_ms,0.2691,
frame_ms,1.0462,
frame_ms,0.3113,
frame_ms,0.2648,
frame_ms,0.2209,
frame_ms,0.2762,
frame_ms,0.2289,
frame_ms,0.219,
frame_ms,0.2072,
frame_ms,0.6641,
frame_ms,0.3121,
frame_ms,0.2619,
frame_ms,0.2121,
frame_ms,1.0124,
tick_us,104.4,1
frame_ms,0.5455,
frame_ms,0.2739,
frame_ms,0.253,
frame_ms,0.2231,
frame_ms,0.2642,
frame_ms,0.2984,
frame_ms,0.2573,
frame_ms,0.2201,
frame_ms,0.2167,
frame_ms,0.2174,
frame_ms,0.2188,
frame_ms,1.2043,
frame_ms,0.3142,
frame_ms,0.2692,
frame_ms,0.234,
frame_ms,0.2232,
frame_ms,0.2121,
frame_ms,0.2042,
frame_ms,0.2055,
frame_ms,0.2754,
frame_ms,0.2611,
frame_ms,0.2243,
frame_ms,0.2107,
tick_us,107.2,1
frame_ms,0.432,
frame_ms,0.2233,
frame_ms,0.824,
frame_ms,0.3069,
frame_ms,0.2623,
frame_ms,0.2196,
frame_ms,0.2653,
frame_ms,0.2533,
frame_ms,0.2502,
frame_ms,0.2491,
frame_ms,0.2813,
frame_ms,0.2545,
frame_ms,0.2205,
frame_ms,0.2114,
frame_ms,0.2215,
frame_ms,1.1747,
frame_ms,0.3217,
frame_ms,0.2588,
frame_ms,0.2205,
frame_ms,0.575,
tick_us,104.7,1
frame_ms,0.4785,
frame_ms,0.2423,
frame_ms,0.2135,
frame_ms,0.2128,
frame_ms,0.2057,
frame_ms,0.2086,
frame_ms,1.2375,
frame_ms,0.3167,
frame_ms,0.2702,
frame_ms,0.2832,
frame_ms,0.2579,
frame_ms,0.2053,
frame_ms,0.2063,
frame_ms,0.2552,
frame_ms,0.2127,
frame_ms,0.2286,
frame_ms,0.2334,
frame_ms,0.2106,
frame_ms,0.2532,
frame_ms,1.2165,
tick_us,89.4,1
frame_ms,0.4264,
frame_ms,0.225,
frame_ms,0.2063,
frame_ms,0.2201,
frame_ms,0.2098,
frame_ms,0.1995,
frame_ms,0.2394,
frame_ms,0.208,
frame_ms,0.2005,
frame_ms,0.2364,
frame_ms,0.2301,
frame_ms,0.2066,
frame_ms,0.2501,
frame_ms,1.1166,
frame_ms,0.3306,
frame_ms,0.2643,
frame_ms,0.2247,
frame_ms,0.2569,
frame_ms,0.2511,
frame_ms,0.2499,
frame_ms,0.2489,
frame_ms,0.2554,
frame_ms,0.2539,
frame_ms,0.2577,
tick_us,103.9,0
frame_ms,0.487,
frame_ms,0.2551,
frame_ms,0.8314,
frame_ms,0.433,
frame_ms,0.3686,
frame_ms,0.3468,
frame_ms,0.3338,
frame_ms,0.3241,
frame_ms,0.3292,
frame_ms,0.3164,
frame_ms,0.3153,
frame_ms,0.3134,
frame_ms,0.3103,
frame_ms,0.7755,
frame_ms,0.2495,
frame_ms,0.2197,
frame_ms,0.2195,
frame_ms,0.2165,
frame_ms,0.3603,
tick_us,97.8,0
frame_ms,0.4749,
frame_ms,0.2518,
frame_ms,0.2174,
frame_ms,0.2121,
frame_ms,0.2088,
frame_ms,0.2119,
frame_ms,0.2506,
frame_ms,1.0971,
frame_ms,0.3316,
frame_ms,0.246,
frame_ms,0.2117,
frame_ms,0.22,
frame_ms,0.2137,
frame_ms,0.2119,
frame_ms,0.2533,
frame_ms,0.2525,
frame_ms,0.2171,
frame_ms,0.2087,
frame_ms,0.2449,
frame_ms,0.2481,
frame_ms,0.2083,
frame_ms,1.0822,
tick_us,97.6,0
frame_ms,0.5139,
frame_ms,0.2484,
frame_ms,0.2634,
frame_ms,0.2169,
frame_ms,0.2136,
frame_ms,0.211,
frame_ms,0.2478,
frame_ms,0.2738,
frame_ms,0.2179,
frame_ms,0.205,
frame_ms,0.2357,
frame_ms,0.2364,
frame_ms,1.0884,
frame_ms,0.3201,
frame_ms,0.2445,
frame_ms,0.2086,
frame_ms,0.2135,
frame_ms,0.2043,
frame_ms,0.2137,
frame_ms,0.2731,
frame_ms,0.2612,
frame_ms,0.2267,
frame_ms,0.2151,
frame_ms,0.2268,
frame_ms,0.2283,
tick_us,113,0
frame_ms,0.4575,
frame_ms,0.8384,
frame_ms,0.2485,
frame_ms,0.2146,
frame_ms,0.2044,
frame_ms,0.208,
frame_ms,0.2747,
frame_ms,0.2592,
frame_ms,0.2228,
frame_ms,0.2099,
frame_ms,0.2396,
frame_ms,0.237,
frame_ms,0.2069,
frame_ms,0.2462,
frame_ms,0.2322,
frame_ms,1.1933,
frame_ms,0.3214,
frame_ms,0.2711,
frame_ms,0.2777,
frame_ms,0.2669,
frame_ms,0.2649,
tick_us,86.1,0
frame_ms,0.4904,
frame_ms,0.2477,
frame_ms,0.2095,
frame_ms,0.209,
frame_ms,0.2057,
frame_ms,0.2046,
frame_ms,1.198,
frame_ms,0.3381,
frame_ms,0.2608,
frame_ms,0.2237,
frame_ms,0.2531,
frame_ms,0.2525,
frame_ms,0.2512,
frame_ms,0.2843,
frame_ms,0.4102,
frame_ms,0.3548,
frame_ms,0.2682,
frame_ms,0.2057,
frame_ms,1.0493,
tick_us,96.6,0
frame_ms,0.562,
frame_ms,0.2455,
frame_ms,0.2205,
frame_ms,0.254,
frame_ms,0.25,
frame_ms,0.2969,
frame_ms,0.2369,
frame_ms,0.217,
frame_ms,0.2119,
frame_ms,0.2183,
frame_ms,0.2324,
frame_ms,1.2745,
frame_ms,0.3067,
frame_ms,0.2725,
frame_ms,0.2383,
frame_ms,0.249,
frame_ms,0.2497,
frame_ms,0.2487,
frame_ms,0.2843,
frame_ms,0.2313,
frame_ms,0.2136,
frame_ms,0.2157,
tick_us,90.8,0
frame_ms,0.5243,
frame_ms,0.2587,
frame_ms,0.8274,
frame_ms,0.302,
frame_ms,0.2606,
frame_ms,0.2209,
frame_ms,0.2507,
frame_ms,0.2487,
frame_ms,0.2474,
frame_ms,0.2877,
frame_ms,0.2361,
frame_ms,0.2172,
frame_ms,0.2124,
frame_ms,0.234,
frame_ms,0.2312,
frame_ms,1.2206,
frame_ms,0.3232,
frame_ms,0.2602,
frame_ms,0.2223,
frame_ms,0.2475,
tick_us,111.8,0
frame_ms,1.2344,
frame_ms,0.248,
frame_ms,0.2439,
frame_ms,0.2205,
frame_ms,0.2143,
frame_ms,0.949,
frame_ms,0.3262,
frame_ms,0.3322,
frame_ms,0.2762,
frame_ms,0.2181,
frame_ms,0.2485,
frame_ms,0.2577,
frame_ms,0.2519,
frame_ms,0.2546,
frame_ms,0.2522,
frame_ms,0.2551,
frame_ms,0.2766,
frame_ms,0.2239,
frame_ms,1.0148,
tick_us,99.2,0
frame_ms,0.5022,
frame_ms,0.235,
frame_ms,0.2092,
frame_ms,0.2137,
frame_ms,0.2285,
frame_ms,0.2085,
frame_ms,0.2553,
frame_ms,0.2309,
frame_ms,0.2115,
frame_ms,0.2487,
frame_ms,0.2333,
frame_ms,0.207,
frame_ms,1.164,
frame_ms,0.3224,
frame_ms,0.2507,
frame_ms,0.221,
frame_ms,0.2115,
frame_ms,0.2085,
frame_ms,0.2018,
frame_ms,0.2767,
frame_ms,0.2328,
frame_ms,0.2094,
frame_ms,0.2098,
frame_ms,0.2396,
frame_ms,0.232,
tick_us,106,0
frame_ms,0.4286,
frame_ms,0.9631,
frame_ms,0.3123,
frame_ms,0.2686,
frame_ms,0.2826,
frame_ms,0.2609,
frame_ms,0.2074,
frame_ms,0.2103,
frame_ms,0.2043,
frame_ms,0.2043,
frame_ms,0.2451,
frame_ms,0.2294,
frame_ms,0.2039,
frame_ms,0.2488,
frame_ms,1.2924,
frame_ms,0.3016,
frame_ms,0.2248,
frame_ms,0.2481,
frame_ms,0.2703,
frame_ms,0.2516,
tick_us,134.4,0
frame_ms,0.5407,
frame_ms,0.2554,
frame_ms,0.2119,
frame_ms,0.2091,
frame_ms,0.2034,
frame_ms,0.2348,
frame_ms,1.1589,
frame_ms,0.3155,
frame_ms,0.2635,
frame_ms,0.2773,
frame_ms,0.2656,
frame_ms,0.2116,
frame_ms,0.2101,
frame_ms,0.2037,
frame_ms,0.2338,
frame_ms,0.2312,
frame_ms,0.2053,
frame_ms,0.2519,
frame_ms,0.2337,
frame_ms,1.2898,
tick_us,102.9,0
frame_ms,0.563,
frame_ms,0.2593,
frame_ms,0.2196,
frame_ms,0.2114,
frame_ms,0.2029,
frame_ms,0.2076,
frame_ms,0.2764,
frame_ms,0.2348,
frame_ms,0.2042,
frame_ms,0.3936,
frame_ms,0.5507,
frame_ms,0.8366,
frame_ms,0.3117,
frame_ms,0.2923,
frame_ms,0.265,
frame_ms,0.2042,
frame_ms,0.2085,
frame_ms,0.2011,
frame_ms,0.2017,
frame_ms,0.2487,
frame_ms,0.2269,
frame_ms,0.1995,
frame_ms,0.2525,
frame_ms,0.2397,
tick_us,105.8,0
frame_ms,0.4359,
frame_ms,0.8757,
frame_ms,0.3279,
frame_ms,0.272,
frame_ms,0.2704,
frame_ms,0.2242,
frame_ms,0.2985,
frame_ms,0.2557,
frame_ms,0.2524,
frame_ms,0.2551,
frame_ms,0.2515,
frame_ms,0.2402,
frame_ms,0.2153,
frame_ms,0.204,
frame_ms,1.0894,
frame_ms,0.3228,
frame_ms,0.2529,
frame_ms,0.2143,
frame_ms,0.2173,
frame_ms,0.2165,
frame_ms,0.2086,
tick_us,104.4,0
frame_ms,0.4586,
frame_ms,0.2467,
frame_ms,0.2102,
frame_ms,0.2193,
frame_ms,0.2061,
frame_ms,0.2228,
frame_ms,1.172,
frame_ms,0.3879,
frame_ms,0.3226,
frame_ms,0.445,
frame_ms,0.3758,
frame_ms,0.2667,
frame_ms,0.2083,
frame_ms,0.2116,
frame_ms,0.2124,
frame_ms,0.2263,
frame_ms,0.222,
frame_ms,0.2284,
frame_ms,1.0739,
tick_us,112.1,1
frame_ms,0.4961,
frame_ms,0.2334,
frame_ms,0.2099,
frame_ms,0.2126,
frame_ms,0.2096,
frame_ms,0.2015,
frame_ms,0.2508,
frame_ms,0.2406,
frame_ms,0.2118,
frame_ms,0.2421,
frame_ms,0.2372,
frame_ms,0.2086,
frame_ms,1.1729,
frame_ms,0.2217,
frame_ms,0.2106,
frame_ms,0.2054,
frame_ms,0.2104,
frame_ms,0.2287,
frame_ms,0.2447,
frame_ms,0.2276,
frame_ms,0.2066,
frame_ms,0.2279,
frame_ms,0.2205,
frame_ms,0.2021,
frame_ms,0.2667,
tick_us,111.4,1
frame_ms,0.4809,
frame_ms,1.0495,
frame_ms,0.3456,
frame_ms,0.2705,
frame_ms,0.2265,
frame_ms,0.2566,
frame_ms,0.2693,
frame_ms,0.2397,
frame_ms,0.215,
frame_ms,0.2043,
frame_ms,0.2312,
frame_ms,0.2322,
frame_ms,0.2072,
frame_ms,0.2435,
frame_ms,1.2076,
frame_ms,0.7473,
frame_ms,0.4292,
frame_ms,0.2504,
tick_us,104,1
frame_ms,0.4391,
frame_ms,0.2413,
frame_ms,0.2877,
frame_ms,0.2068,
frame_ms,0.2212,
frame_ms,0.2098,
frame_ms,1.1404,
frame_ms,0.2607,
frame_ms,0.2177,
frame_ms,0.2147,
frame_ms,0.2269,
frame_ms,0.2177,
frame_ms,0.2266,
frame_ms,0.2285,
frame_ms,0.2175,
frame_ms,0.2114,
frame_ms,0.2483,
frame_ms,0.2668,
frame_ms,0.2412,
frame_ms,0.214,
frame_ms,1.1663,
tick_us,101.7,1
frame_ms,0.4714,
frame_ms,0.2649,
frame_ms,0.2466,
frame_ms,0.2102,
frame_ms,0.211,
frame_ms,0.2052,
frame_ms,0.2216,
frame_ms,0.262,
frame_ms,0.3122,
frame_ms,0.2602,
frame_ms,0.2577,
frame_ms,0.2256,
frame_ms,1.0364,
frame_ms,0.2958,
frame_ms,0.2615,
frame_ms,0.2172,
frame_ms,0.2488,
frame_ms,0.2491,
frame_ms,0.2517,
frame_ms,0.2961,
frame_ms,0.234,
frame_ms,0.2164,
frame_ms,0.206,
frame_ms,0.2061,
tick_us,101,1
frame_ms,0.4661,
frame_ms,1.0102,
frame_ms,0.3825,
frame_ms,0.2762,
frame_ms,0.2209,
frame_ms,0.2091,
frame_ms,0.2066,
frame_ms,0.2097,
frame_ms,0.273,
frame_ms,0.2377,
frame_ms,0.2078,
frame_ms,0.2617,
frame_ms,0.2324,
frame_ms,0.2027,
frame_ms,0.2377,
frame_ms,1.0089,
frame_ms,0.3572,
frame_ms,0.3343,
frame_ms,0.2613,
frame_ms,0.2379,
frame_ms,0.2303,
tick_us,107.1,1
frame_ms,0.4571,
frame_ms,0.2879,
frame_ms,0.2553,
frame_ms,0.2029,
frame_ms,0.2247,
frame_ms,0.2073,
frame_ms,1.11,
frame_ms,0.336,
frame_ms,0.2334,
frame_ms,0.2066,
frame_ms,0.2099,
frame_ms,0.2085,
frame_ms,0.2433,
frame_ms,0.2789,
frame_ms,0.2587,
frame_ms,0.269,
frame_ms,0.245,
frame_ms,0.2202,
frame_ms,0.2122,
frame_ms,0.2359,
frame_ms,0.9943,
tick_us,99.2,1
frame_ms,0.431,
frame_ms,0.2399,
frame_ms,0.2041,
frame_ms,0.2036,
frame_ms,0.2015,
frame_ms,0.2378,
frame_ms,0.4061,
frame_ms,0.2579,
frame_ms,0.213,
frame_ms,0.2074,
frame_ms,0.2027,
frame_ms,0.246,
frame_ms,1.1317,
frame_ms,0.2529,
frame_ms,0.2125,
frame_ms,0.208,
frame_ms,0.2286,
frame_ms,0.2076,
frame_ms,0.2673,
frame_ms,0.2612,
frame_ms,0.2295,
frame_ms,0.217,
frame_ms,0.2094,
frame_ms,0.238,
frame_ms,0.255,
tick_us,88.5,1
frame_ms,0.4094,
frame_ms,0.9492,
frame_ms,0.2308,
frame_ms,0.2266,
frame_ms,0.2063,
frame_ms,0.2036,
frame_ms,0.2326,
frame_ms,0.222,
frame_ms,0.2033,
frame_ms,0.2525,
frame_ms,0.2355,
frame_ms,0.2099,
frame_ms,0.2512,
frame_ms,0.2771,
frame_ms,0.2041,
frame_ms,0.2326,
frame_ms,1.0004,
frame_ms,0.3381,
frame_ms,0.2318,
frame_ms,0.206,
frame_ms,0.2165,
frame_ms,0.2025,
frame_ms,0.249,
tick_us,93.2,1
frame_ms,0.5325,
frame_ms,0.2476,
frame_ms,0.2102,
frame_ms,0.2067,
frame_ms,0.2058,
frame_ms,0.2351,
frame_ms,1.1178,
frame_ms,0.3104,
frame_ms,0.2795,
frame_ms,0.238,
frame_ms,0.344,
frame_ms,0.2318,
frame_ms,0.2138,
frame_ms,0.2138,
frame_ms,0.6847,
frame_ms,0.2333,
frame_ms,0.2073,
frame_ms,0.2211,
frame_ms,0.9913,
tick_us,93.9,2
frame_ms,0.453,
frame_ms,0.2265,
frame_ms,0.2058,
frame_ms,0.2077,
frame_ms,0.2476,
frame_ms,0.2343,
frame_ms,0.2085,
frame_ms,0.2223,
frame_ms,0.2161,
frame_ms,0.2012,
frame_ms,0.2618,
frame_ms,0.231,
frame_ms,1.2225,
frame_ms,0.2271,
frame_ms,0.2151,
frame_ms,0.2053,
frame_ms,0.1978,
frame_ms,0.238,
frame_ms,0.2222,
frame_ms,0.2061,
frame_ms,0.2475,
frame_ms,0.2239,
frame_ms,0.2002,
frame_ms,0.2514,
frame_ms,0.2384,
tick_us,90.2,2
frame_ms,0.4054,
frame_ms,0.2159,
frame_ms,0.87,
frame_ms,0.3264,
frame_ms,0.2657,
frame_ms,0.2269,
frame_ms,0.3113,
frame_ms,0.238,
frame_ms,0.2152,
frame_ms,0.2125,
frame_ms,0.208,
frame_ms,0.2354,
frame_ms,0.2499,
frame_ms,0.2171,
frame_ms,0.2378,
frame_ms,1.2341,
frame_ms,0.2326,
frame_ms,0.2572,
frame_ms,0.444,
frame_ms,0.2323,
frame_ms,0.2069,
tick_us,94.5,2
frame_ms,0.4162,
frame_ms,0.2373,
frame_ms,0.2047,
frame_ms,0.2078,
frame_ms,0.2214,
frame_ms,0.2276,
frame_ms,0.2288,
frame_ms,1.0378,
frame_ms,0.3408,
frame_ms,0.2407,
frame_ms,0.2044,
frame_ms,0.2091,
frame_ms,0.2034,
frame_ms,0.2044,
frame_ms,0.2409,
frame_ms,0.2362,
frame_ms,0.2049,
frame_ms,0.2469,
frame_ms,0.2308,
frame_ms,0.2115,
frame_ms,0.22,
frame_ms,1.1686,
tick_us,101.2,2
frame_ms,0.5542,
frame_ms,0.2642,
frame_ms,0.2257,
frame_ms,0.2538,
frame_ms,0.3051,
frame_ms,0.2242,
frame_ms,0.2086,
frame_ms,0.2037,
frame_ms,0.2036,
frame_ms,0.2478,
frame_ms,0.2303,
frame_ms,1.2452,
frame_ms,0.3105,
frame_ms,0.2683,
frame_ms,0.2931,
frame_ms,0.4047,
frame_ms,0.2091,
frame_ms,0.2092,
frame_ms,0.2403,
frame_ms,0.2517,
frame_ms,0.2151,
frame_ms,0.2062,
tick_us,88.6,2
frame_ms,0.4598,
frame_ms,0.2604,
frame_ms,1.1415,
frame_ms,0.5136,
frame_ms,0.2755,
frame_ms,0.2148,
frame_ms,0.2129,
frame_ms,0.2035,
frame_ms,1.1168,
frame_ms,0.392,
frame_ms,0.2154,
frame_ms,0.3384,
frame_ms,0.411,
frame_ms,0.2606,
frame_ms,0.2166,
frame_ms,0.2159,
frame_ms,0.2089,
frame_ms,0.2065,
frame_ms,0.2327,
tick_us,106.3,2
frame_ms,0.4552,
frame_ms,0.2432,
frame_ms,0.2196,
frame_ms,0.2162,
frame_ms,0.2035,
frame_ms,0.2449,
frame_ms,1.2007,
frame_ms,0.2279,
frame_ms,0.2114,
frame_ms,0.2036,
frame_ms,1.1285,
frame_ms,0.2,
frame_ms,0.1991,
frame_ms,0.2352,
frame_ms,0.2251,
frame_ms,0.2059,
frame_ms,0.2495,
frame_ms,1.093,
tick_us,97.4,2
frame_ms,0.5338,
frame_ms,0.2386,
frame_ms,0.2094,
frame_ms,0.2101,
frame_ms,0.2062,
frame_ms,0.2426,
frame_ms,0.2241,
frame_ms,0.2027,
frame_ms,0.2522,
frame_ms,0.2337,
frame_ms,0.2017,
frame_ms,0.2497,
frame_ms,1.1502,
frame_ms,0.6957,
frame_ms,0.2448,
frame_ms,0.2144,
frame_ms,0.2165,
frame_ms,0.2072,
frame_ms,0.2048,
frame_ms,0.2878,
frame_ms,0.2733,
frame_ms,0.2235,
frame_ms,0.209,
tick_us,97.2,2
frame_ms,0.4163,
frame_ms,1.0001,
frame_ms,0.3236,
frame_ms,0.2641,
frame_ms,0.2249,
frame_ms,0.2581,
frame_ms,0.2552,
frame_ms,0.2771,
frame_ms,0.2931,
frame_ms,0.2247,
frame_ms,0.2292,
frame_ms,0.2165,
frame_ms,0.2112,
frame_ms,0.2382,
frame_ms,1.1519,
frame_ms,0.3201,
frame_ms,0.2764,
frame_ms,0.2279,
frame_ms,0.2647,
frame_ms,0.2713,
tick_us,102.5,2
frame_ms,0.5014,
frame_ms,0.2849,
frame_ms,0.2523,
frame_ms,0.2142,
frame_ms,0.2269,
frame_ms,0.2183,
frame_ms,1.0876,
frame_ms,0.345,
frame_ms,0.2472,
frame_ms,0.2348,
frame_ms,0.2156,
frame_ms,0.2159,
frame_ms,0.21,
frame_ms,1.2271,
frame_ms,0.2876,
frame_ms,0.6194,
frame_ms,0.7257,
tick_us,119.7,2
frame_ms,1.1971,
frame_ms,0.9277,
frame_ms,1.0505,
frame_ms,0.4226,
frame_ms,0.3646,
frame_ms,0.3359,
frame_ms,0.3252,
frame_ms,0.3267,
frame_ms,0.4131,
frame_ms,0.45,
frame_ms,1.1508,
tick_us,125.8,2
frame_ms,0.6574,
frame_ms,0.3053,
frame_ms,0.2892,
frame_ms,0.242,
frame_ms,0.2225,
frame_ms,0.2203,
frame_ms,0.2148,
frame_ms,0.2114,
frame_ms,0.2244,
frame_ms,0.2083,
frame_ms,0.2809,
frame_ms,0.2804,
frame_ms,0.2339,
frame_ms,0.2187,
frame_ms,0.2114,
frame_ms,0.2528,
frame_ms,1.1293,
frame_ms,0.3021,
frame_ms,0.2413,
frame_ms,0.2301,
frame_ms,0.2213,
frame_ms,0.312,
tick_us,106.3,2
frame_ms,0.4724,
frame_ms,0.2423,
frame_ms,0.2132,
frame_ms,0.2137,
frame_ms,0.2064,
frame_ms,0.2358,
frame_ms,0.2491,
frame_ms,1.0187,
frame_ms,0.3311,
frame_ms,0.266,
frame_ms,0.2672,
frame_ms,0.2653,
frame_ms,0.2236,
frame_ms,0.2972,
frame_ms,0.2728,
frame_ms,0.2217,
frame_ms,1.1406,
frame_ms,0.2163,
frame_ms,0.2144,
frame_ms,0.427,
tick_us,107.4,2
frame_ms,0.5485,
frame_ms,0.2479,
frame_ms,0.2482,
frame_ms,0.2619,
frame_ms,0.2802,
frame_ms,0.2705,
frame_ms,0.2326,
frame_ms,0.2114,
frame_ms,0.2065,
frame_ms,0.2354,
frame_ms,0.2369,
frame_ms,1.2018,
frame_ms,0.2395,
frame_ms,0.2108,
frame_ms,0.2106,
frame_ms,0.2028,
frame_ms,1.1298,
frame_ms,0.2218,
frame_ms,0.2045,
frame_ms,0.213,
frame_ms,0.2102,
tick_us,92.1,2
frame_ms,0.4288,
frame_ms,0.8937,
frame_ms,0.341,
frame_ms,0.2693,
frame_ms,0.2231,
frame_ms,0.2521,
frame_ms,0.252,
frame_ms,0.2539,
frame_ms,0.2993,
frame_ms,0.2243,
frame_ms,0.2169,
frame_ms,0.2191,
frame_ms,0.2096,
frame_ms,0.2434,
frame_ms,1.1448,
frame_ms,0.303,
frame_ms,0.5871,
frame_ms,0.2378,
frame_ms,0.2061,
tick_us,106.4,2
frame_ms,0.4342,
frame_ms,0.2366,
frame_ms,0.2076,
frame_ms,0.2104,
frame_ms,0.2043,
frame_ms,0.2348,
frame_ms,0.2375,
frame_ms,1.0813,
frame_ms,0.3163,
frame_ms,0.2596,
frame_ms,0.275,
frame_ms,0.2459,
frame_ms,0.2029,
frame_ms,0.2093,
frame_ms,0.2035,
frame_ms,0.2688,
frame_ms,0.2284,
frame_ms,0.2936,
frame_ms,0.2095,
frame_ms,0.2001,
frame_ms,0.9234,
frame_ms,0.3766,
tick_us,95.8,1
frame_ms,0.5202,
frame_ms,0.2687,
frame_ms,0.2327,
frame_ms,0.2595,
frame_ms,0.2817,
frame_ms,0.2533,
frame_ms,0.79,
frame_ms,0.5255,
frame_ms,0.2272,
frame_ms,0.2052,
frame_ms,0.5636,
frame_ms,0.3124,
frame_ms,0.2543,
frame_ms,0.2231,
frame_ms,0.2215,
frame_ms,0.2047,
frame_ms,0.2096,
frame_ms,0.2474,
frame_ms,1.1343,
tick_us,103.2,1
frame_ms,0.4329,
frame_ms,0.242,
frame_ms,0.6746,
frame_ms,0.3229,
frame_ms,0.2624,
frame_ms,0.2777,
frame_ms,0.2341,
frame_ms,0.2757,
frame_ms,0.2376,
frame_ms,0.2197,
frame_ms,0.206,
frame_ms,0.2291,
frame_ms,0.2384,
frame_ms,0.2061,
frame_ms,0.2446,
frame_ms,1.2032,
frame_ms,0.2707,
frame_ms,0.2443,
tick_us,95.8,1
frame_ms,1.3165,
frame_ms,0.2308,
frame_ms,0.2084,
frame_ms,0.2596,
frame_ms,0.2645,
frame_ms,0.2163,
frame_ms,1.1643,
frame_ms,0.2226,
frame_ms,0.2089,
frame_ms,0.2031,
frame_ms,0.2364,
frame_ms,0.3738,
frame_ms,0.2949,
frame_ms,0.2079,
frame_ms,0.208,
frame_ms,0.2039,
frame_ms,0.2135,
frame_ms,0.2712,
frame_ms,0.2518,
frame_ms,1.2706,
tick_us,110.8,2
frame_ms,0.5218,
frame_ms,0.2682,
frame_ms,0.2197,
frame_ms,0.3769,
frame_ms,0.4076,
frame_ms,0.2685,
frame_ms,0.2121,
frame_ms,0.2165,
frame_ms,0.2052,
frame_ms,0.2073,
frame_ms,1.2759,
frame_ms,0.3026,
frame_ms,0.2231,
frame_ms,0.2253,
frame_ms,0.2258,
frame_ms,0.2135,
frame_ms,0.23,
frame_ms,0.2308,
frame_ms,0.2358,
frame_ms,0.227,
frame_ms,0.2276,
frame_ms,0.2319,
frame_ms,0.2354,
tick_us,103.6,2
frame_ms,0.4336,
frame_ms,0.967,
frame_ms,0.3445,
frame_ms,0.49,
frame_ms,0.3209,
frame_ms,0.2227,
frame_ms,0.2113,
frame_ms,0.2061,
frame_ms,0.2413,
frame_ms,0.2287,
frame_ms,0.2086,
frame_ms,0.245,
frame_ms,0.2345,
frame_ms,1.158,
frame_ms,0.4415,
frame_ms,0.2891,
frame_ms,0.2218,
frame_ms,0.2117,
frame_ms,0.2053,
tick_us,109.6,2
frame_ms,1.1901,
frame_ms,0.2296,
frame_ms,0.2092,
frame_ms,0.3733,
frame_ms,0.8024,
frame_ms,0.3189,
frame_ms,0.236,
frame_ms,0.2082,
frame_ms,0.2148,
frame_ms,0.2141,
frame_ms,0.2085,
frame_ms,0.2428,
frame_ms,0.2674,
frame_ms,0.2565,
frame_ms,0.2242,
frame_ms,0.2156,
frame_ms,0.2147,
frame_ms,0.208,
frame_ms,1.1379,
tick_us,101.2,2
frame_ms,1.2093,
frame_ms,0.2574,
frame_ms,0.2162,
frame_ms,0.2279,
frame_ms,0.3099,
frame_ms,0.4292,
frame_ms,0.2595,
frame_ms,0.2186,
frame_ms,1.0225,
frame_ms,0.2431,
frame_ms,0.218,
frame_ms,0.2139,
frame_ms,0.2074,
frame_ms,0.2107,
frame_ms,0.2425,
frame_ms,0.2328,
frame_ms,0.2054,
frame_ms,0.2157,
frame_ms,0.273,
frame_ms,0.2346,
frame_ms,0.2026,
tick_us,98.7,2
frame_ms,0.5137,
frame_ms,1.6151,
frame_ms,0.2864,
frame_ms,0.2869,
frame_ms,0.2112,
frame_ms,0.2401,
frame_ms,0.2119,
frame_ms,0.2047,
frame_ms,0.208,
frame_ms,0.3148,
frame_ms,0.2372,
frame_ms,0.2066,
frame_ms,1.1107,
frame_ms,0.3355,
frame_ms,0.2647,
frame_ms,0.2664,
frame_ms,0.2666,
frame_ms,0.2769,
tick_us,96.6,2
frame_ms,0.5144,
frame_ms,1.2331,
frame_ms,0.2558,
frame_ms,0.2206,
frame_ms,0.2182,
frame_ms,0.3533,
frame_ms,0.2196,
frame_ms,0.2104,
frame_ms,0.2183,
frame_ms,0.2579,
frame_ms,0.2142,
frame_ms,0.2319,
frame_ms,0.2319,
frame_ms,0.2047,
frame_ms,0.2511,
frame_ms,0.2309,
frame_ms,0.2024,
frame_ms,0.2518,
frame_ms,0.2337,
frame_ms,1.1534,
tick_us,110.7,2
frame_ms,0.5851,
frame_ms,0.2533,
frame_ms,0.2248,
frame_ms,0.2551,
frame_ms,0.6884,
frame_ms,0.2611,
frame_ms,0.2224,
frame_ms,0.3262,
frame_ms,0.3692,
frame_ms,0.2289,
frame_ms,0.7626,
frame_ms,0.3245,
frame_ms,0.2703,
frame_ms,0.2377,
frame_ms,0.2536,
frame_ms,0.254,
frame_ms,0.2766,
frame_ms,0.2668,
frame_ms,0.2229,
frame_ms,0.2144,
frame_ms,0.2113,
frame_ms,0.2415,
tick_us,106.6,2
frame_ms,0.4667,
frame_ms,0.9158,
frame_ms,0.3096,
frame_ms,0.3739,
frame_ms,0.3048,
frame_ms,0.2629,
frame_ms,0.3519,
frame_ms,0.3816,
frame_ms,0.2277,
frame_ms,0.215,
frame_ms,0.2103,
frame_ms,0.221,
frame_ms,0.2301,
frame_ms,1.0839,
frame_ms,0.2615,
frame_ms,0.2172,
frame_ms,0.2129,
frame_ms,0.2058,
frame_ms,0.2432,
frame_ms,0.306,
tick_us,102.9,2
frame_ms,0.5078,
frame_ms,0.2636,
frame_ms,0.2127,
frame_ms,0.2105,
frame_ms,0.2098,
frame_ms,0.9312,
frame_ms,0.3861,
frame_ms,0.3448,
frame_ms,0.2538,
frame_ms,0.214,
frame_ms,0.6419,
frame_ms,0.2859,
frame_ms,0.2123,
frame_ms,0.2132,
frame_ms,0.2132,
frame_ms,0.2312,
frame_ms,0.2344,
frame_ms,0.204,
frame_ms,1.1081,
tick_us,105.3,2
frame_ms,0.4699,
frame_ms,0.2346,
frame_ms,0.2293,
frame_ms,0.215,
frame_ms,0.2116,
frame_ms,0.2104,
frame_ms,0.2462,
frame_ms,0.2431,
frame_ms,0.2067,
frame_ms,0.2581,
frame_ms,0.2361,
frame_ms,0.2062,
frame_ms,1.2159,
frame_ms,0.3196,
frame_ms,0.2928,
frame_ms,0.2716,
frame_ms,0.2089,
frame_ms,0.213,
frame_ms,0.208,
frame_ms,0.2015,
frame_ms,0.2705,
frame_ms,0.2438,
frame_ms,0.2101,
frame_ms,0.2407,
tick_us,111,2
frame_ms,0.4607,
frame_ms,1.0101,
frame_ms,0.3134,
frame_ms,0.2643,
frame_ms,0.2675,
frame_ms,0.3176,
frame_ms,0.2584,
frame_ms,0.2081,
frame_ms,0.2134,
frame_ms,0.2069,
frame_ms,0.2542,
frame_ms,0.2456,
frame_ms,0.2185,
frame_ms,0.2114,
frame_ms,1.1893,
frame_ms,0.3926,
frame_ms,0.3294,
frame_ms,0.3242,
frame_ms,0.3231,
tick_us,102.3,1
frame_ms,0.5597,
frame_ms,0.2648,
frame_ms,0.2168,
frame_ms,0.2116,
frame_ms,0.2048,
frame_ms,0.2339,
frame_ms,1.1137,
frame_ms,0.3428,
frame_ms,0.2621,
frame_ms,0.2928,
frame_ms,0.2268,
frame_ms,0.2164,
frame_ms,0.2097,
frame_ms,0.3875,
frame_ms,0.2192,
frame_ms,0.2127,
frame_ms,0.2,
frame_ms,0.2168,
frame_ms,0.2434,
frame_ms,1.1147,
tick_us,100.2,1
frame_ms,0.4385,
frame_ms,0.2294,
frame_ms,0.205,
frame_ms,0.236,
frame_ms,0.209,
frame_ms,0.2055,
frame_ms,0.2115,
frame_ms,0.2637,
frame_ms,0.2324,
frame_ms,0.2085,
frame_ms,1.0155,
frame_ms,0.2007,
frame_ms,0.5325,
frame_ms,0.3789,
frame_ms,0.2184,
frame_ms,0.2081,
frame_ms,0.2017,
frame_ms,0.2146,
frame_ms,0.2261,
frame_ms,0.2208,
frame_ms,0.1996,
frame_ms,0.2501,
frame_ms,0.2281,
frame_ms,0.2025,
frame_ms,0.2441,
tick_us,97.2,1
frame_ms,0.4436,
frame_ms,0.94,
frame_ms,0.3458,
frame_ms,0.38,
frame_ms,0.4411,
frame_ms,0.2588,
frame_ms,0.2555,
frame_ms,0.2257,
frame_ms,0.2441,
frame_ms,0.2328,
frame_ms,0.5007,
frame_ms,0.4054,
frame_ms,0.3379,
frame_ms,0.532,
frame_ms,0.304,
frame_ms,0.3212,
frame_ms,0.2191,
frame_ms,0.2522,
frame_ms,0.3521,
tick_us,105.8,1
frame_ms,0.5179,
frame_ms,0.2646,
frame_ms,0.216,
frame_ms,0.2151,
frame_ms,0.2301,
frame_ms,0.2226,
frame_ms,1.0509,
frame_ms,0.3191,
frame_ms,0.261,
frame_ms,0.5733,
frame_ms,0.2378,
frame_ms,0.2105,
frame_ms,0.2134,
frame_ms,0.2337,
frame_ms,0.4086,
frame_ms,0.2166,
frame_ms,0.2147,
frame_ms,0.2084,
frame_ms,1.0348,
tick_us,96.6,1
frame_ms,0.4334,
frame_ms,0.2299,
frame_ms,0.2094,
frame_ms,0.2126,
frame_ms,0.2068,
frame_ms,0.2094,
frame_ms,0.2408,
frame_ms,0.2271,
frame_ms,0.2988,
frame_ms,0.2234,
frame_ms,0.2091,
frame_ms,0.2103,
frame_ms,0.2662,
frame_ms,1.1181,
frame_ms,0.2104,
frame_ms,0.2079,
frame_ms,0.209,
frame_ms,0.267,
frame_ms,0.2704,
frame_ms,0.2288,
frame_ms,0.2155,
frame_ms,0.2094,
frame_ms,0.2148,
frame_ms,0.2689,
frame_ms,0.2559,
tick_us,89.8,1
frame_ms,0.4106,
frame_ms,0.2331,
frame_ms,0.882,
frame_ms,0.3101,
frame_ms,0.2692,
frame_ms,0.2232,
frame_ms,0.2503,
frame_ms,0.2481,
frame_ms,0.2481,
frame_ms,0.2718,
frame_ms,1.1376,
frame_ms,0.2234,
frame_ms,0.2095,
frame_ms,0.2115,
frame_ms,0.5291,
frame_ms,0.2218,
frame_ms,0.2092,
frame_ms,0.2019,
frame_ms,0.2051,
frame_ms,0.229,
frame_ms,0.2464,
tick_us,86.4,1
frame_ms,0.3989,
frame_ms,0.2368,
frame_ms,0.2045,
frame_ms,0.2057,
frame_ms,0.2052,
frame_ms,0.2403,
frame_ms,0.2288,
frame_ms,1.1581,
frame_ms,0.3222,
frame_ms,0.4119,
frame_ms,1.2276,
frame_ms,0.2236,
frame_ms,0.222,
frame_ms,0.2245,
frame_ms,0.2202,
frame_ms,0.2077,
frame_ms,1.1103,
tick_us,127.6,1
frame_ms,0.6459,
frame_ms,0.3998,
frame_ms,0.3284,
frame_ms,0.3189,
frame_ms,0.3043,
frame_ms,0.2397,
frame_ms,0.2081,
frame_ms,0.2146,
frame_ms,0.2145,
frame_ms,0.2094,
frame_ms,1.0864,
frame_ms,0.6028,
frame_ms,0.2588,
frame_ms,0.2176,
frame_ms,0.2203,
frame_ms,0.422,
frame_ms,0.3445,
frame_ms,0.2191,
frame_ms,0.2234,
frame_ms,0.3097,
tick_us,103.3,1
frame_ms,0.4696,
frame_ms,0.8642,
frame_ms,0.265,
frame_ms,0.2165,
frame_ms,0.2221,
frame_ms,0.2128,
frame_ms,0.2062,
frame_ms,0.2218,
frame_ms,0.2215,
frame_ms,0.2198,
frame_ms,0.2051,
frame_ms,0.2474,
frame_ms,0.2577,
frame_ms,0.2308,
frame_ms,0.8387,
frame_ms,0.2218,
frame_ms,0.4372,
frame_ms,0.2696,
frame_ms,0.22,
frame_ms,0.2215,
frame_ms,0.2282,
frame_ms,0.2121,
frame_ms,0.2284,
tick_us,116.4,1
frame_ms,0.47,
frame_ms,0.2654,
frame_ms,0.2126,
frame_ms,0.2093,
frame_ms,0.2061,
frame_ms,0.2093,
frame_ms,1.1508,
frame_ms,0.2561,
frame_ms,0.2297,
frame_ms,0.2279,
frame_ms,0.2185,
frame_ms,0.2069,
frame_ms,0.2493,
frame_ms,0.3187,
frame_ms,0.2604,
frame_ms,0.5445,
frame_ms,0.2628,
frame_ms,0.2639,
frame_ms,0.2777,
frame_ms,0.8545,
tick_us,98,1
frame_ms,0.4676,
frame_ms,0.2449,
frame_ms,0.2279,
frame_ms,0.2113,
frame_ms,0.2321,
frame_ms,0.2094,
frame_ms,0.236,
frame_ms,0.2534,
frame_ms,0.2183,
frame_ms,0.2576,
frame_ms,0.2317,
frame_ms,0.2068,
frame_ms,1.1671,
frame_ms,0.3165,
frame_ms,0.2631,
frame_ms,0.2215,
frame_ms,0.2559,
frame_ms,0.2506,
frame_ms,0.2494,
frame_ms,0.2478,
frame_ms,0.2812,
frame_ms,0.2326,
frame_ms,0.209,
frame_ms,0.2008,
tick_us,97.9,1
frame_ms,0.5089,
frame_ms,0.9997,
frame_ms,0.3092,
frame_ms,0.2706,
frame_ms,0.2197,
frame_ms,0.2526,
frame_ms,0.2544,
frame_ms,0.2474,
frame_ms,0.2786,
frame_ms,0.3065,
frame_ms,0.2193,
frame_ms,0.2109,
frame_ms,0.2119,
frame_ms,0.205,
frame_ms,1.122,
frame_ms,0.3874,
frame_ms,0.3233,
frame_ms,0.3243,
frame_ms,0.3201,
tick_us,100.3,1
frame_ms,0.5652,
frame_ms,0.2697,
frame_ms,0.224,
frame_ms,0.2154,
frame_ms,0.2179,
frame_ms,0.2228,
frame_ms,1.0886,
frame_ms,0.3293,
frame_ms,0.2629,
frame_ms,0.2228,
frame_ms,0.2542,
frame_ms,0.2502,
frame_ms,0.2484,
frame_ms,0.2914,
frame_ms,0.233,
frame_ms,0.2156,
frame_ms,0.9418,
frame_ms,0.2334,
frame_ms,0.2042,
frame_ms,0.4925,
tick_us,113.1,1
frame_ms,0.5698,
frame_ms,0.2464,
frame_ms,0.2267,
frame_ms,0.2551,
frame_ms,0.2581,
frame_ms,0.2906,
frame_ms,0.2378,
frame_ms,0.6612,
frame_ms,0.2806,
frame_ms,0.2152,
frame_ms,0.2142,
frame_ms,0.7124,
frame_ms,0.3444,
frame_ms,0.264,
frame_ms,0.2345,
frame_ms,0.2787,
frame_ms,0.2939,
frame_ms,0.5831,
frame_ms,0.2334,
frame_ms,0.2128,
frame_ms,0.2538,
tick_us,102.5,1
frame_ms,0.5508,
frame_ms,0.253,
frame_ms,0.6635,
frame_ms,0.3321,
frame_ms,0.2538,
frame_ms,0.2126,
frame_ms,0.2127,
frame_ms,0.2052,
frame_ms,0.2115,
frame_ms,0.226,
frame_ms,0.2288,
frame_ms,0.2194,
frame_ms,0.239,
frame_ms,0.2314,
frame_ms,0.2091,
frame_ms,0.2454,
frame_ms,1.171,
frame_ms,0.8159,
frame_ms,0.3107,
frame_ms,0.2738,
tick_us,101.7,1
frame_ms,0.515,
frame_ms,0.2422,
frame_ms,0.2095,
frame_ms,0.2128,
frame_ms,0.2052,
frame_ms,0.2086,
frame_ms,1.1408,
frame_ms,0.3113,
frame_ms,0.2569,
frame_ms,0.2173,
frame_ms,0.3896,
frame_ms,0.3223,
frame_ms,0.22,
frame_ms,0.2139,
frame_ms,0.2062,
frame_ms,0.2269,
frame_ms,0.2406,
frame_ms,0.2749,
frame_ms,0.2683,
frame_ms,1.0135,
tick_us,110.9,1
frame_ms,0.5811,
frame_ms,0.4179,
frame_ms,0.3433,
frame_ms,0.327,
frame_ms,0.3208,
frame_ms,0.3173,
frame_ms,0.3185,
frame_ms,0.3284,
frame_ms,0.32,
frame_ms,0.3167,
frame_ms,0.543,
frame_ms,0.3755,
frame_ms,0.3211,
frame_ms,0.3176,
frame_ms,0.3183,
frame_ms,0.3133,
frame_ms,0.2826,
tick_us,115,1
frame_ms,1.3891,
frame_ms,0.2566,
frame_ms,0.2259,
frame_ms,0.3742,
frame_ms,0.232,
frame_ms,0.2157,
frame_ms,0.2134,
frame_ms,0.2089,
frame_ms,0.2351,
frame_ms,0.2334,
frame_ms,0.2255,
frame_ms,0.2083,
frame_ms,0.2463,
frame_ms,0.2519,
frame_ms,0.2094,
frame_ms,0.2525,
frame_ms,0.2306,
frame_ms,1.215,
frame_ms,0.2712,
frame_ms,0.2214,
frame_ms,0.2145,
frame_ms,0.2085,
frame_ms,0.2083,
frame_ms,0.2475,
tick_us,105.6,1
frame_ms,0.5707,
frame_ms,0.2741,
frame_ms,0.2469,
frame_ms,0.2094,
frame_ms,0.2114,
frame_ms,0.2066,
frame_ms,1.0953,
frame_ms,0.3151,
frame_ms,0.2663,
frame_ms,0.2255,
frame_ms,0.2702,
frame_ms,0.2214,
frame_ms,0.2138,
frame_ms,0.2046,
frame_ms,0.2381,
frame_ms,0.2293,
frame_ms,0.208,
frame_ms,0.2565,
frame_ms,0.2466,
frame_ms,1.2636,
tick_us,133.9,1
frame_ms,0.6501,
frame_ms,0.3358,
frame_ms,0.3238,
frame_ms,0.4764,
frame_ms,0.2516,
frame_ms,0.2112,
frame_ms,0.2132,
frame_ms,0.207,
frame_ms,0.2242,
frame_ms,0.22,
frame_ms,1.0564,
frame_ms,0.3397,
frame_ms,0.2591,
frame_ms,0.2173,
frame_ms,0.2126,
frame_ms,0.2174,
frame_ms,0.2116,
frame_ms,0.2554,
frame_ms,0.2364,
frame_ms,0.2129,
frame_ms,0.2496,
frame_ms,0.236,
tick_us,102.7,1
frame_ms,1.3938,
frame_ms,0.2384,
frame_ms,0.2293,
frame_ms,0.3392,
frame_ms,0.3348,
frame_ms,0.2517,
frame_ms,0.2103,
frame_ms,0.2133,
frame_ms,0.2074,
frame_ms,0.2422,
frame_ms,0.2329,
frame_ms,0.2132,
frame_ms,0.2766,
frame_ms,0.2403,
frame_ms,1.0719,
frame_ms,0.3173,
frame_ms,0.2696,
frame_ms,0.2665,
frame_ms,0.2343,
frame_ms,0.2683,
tick_us,118.8,1
frame_ms,1.1571,
frame_ms,0.3234,
frame_ms,0.3628,
frame_ms,0.3265,
frame_ms,0.6121,
frame_ms,0.3167,
frame_ms,0.2641,
frame_ms,0.231,
frame_ms,0.2539,
frame_ms,0.252,
frame_ms,0.2767,
frame_ms,0.2659,
frame_ms,0.2369,
frame_ms,0.2182,
frame_ms,0.2064,
frame_ms,0.2233,
frame_ms,0.2402,
frame_ms,1.2367,
tick_us,121.2,1
frame_ms,0.5901,
frame_ms,0.2692,
frame_ms,0.5983,
frame_ms,0.4412,
frame_ms,0.4067,
frame_ms,0.2813,
frame_ms,0.3296,
frame_ms,0.2555,
frame_ms,0.9621,
frame_ms,0.2384,
frame_ms,0.2145,
frame_ms,0.2173,
frame_ms,0.2178,
frame_ms,0.2173,
frame_ms,0.2129,
frame_ms,0.2662,
frame_ms,0.2407,
frame_ms,0.2134,
frame_ms,0.2378,
frame_ms,0.233,
frame_ms,0.2095,
tick_us,106.9,1
frame_ms,0.4451,
frame_ms,1.0101,
frame_ms,0.3914,
frame_ms,0.3644,
frame_ms,0.2635,
frame_ms,0.3994,
frame_ms,0.2195,
frame_ms,0.2117,
frame_ms,0.2077,
frame_ms,0.2338,
frame_ms,0.2881,
frame_ms,0.214,
frame_ms,0.2063,
frame_ms,1.1556,
frame_ms,0.3478,
frame_ms,0.2819,
frame_ms,0.2671,
frame_ms,0.226,
frame_ms,0.2812,
tick_us,102.7,1
frame_ms,0.5177,
frame_ms,0.2608,
frame_ms,0.9618,
frame_ms,0.2167,
frame_ms,0.2288,
frame_ms,0.5785,
frame_ms,0.3077,
frame_ms,0.2478,
frame_ms,0.2094,
frame_ms,0.2095,
frame_ms,0.2108,
frame_ms,0.2558,
frame_ms,0.2206,
frame_ms,0.2263,
frame_ms,0.2419,
frame_ms,0.2065,
frame_ms,0.2658,
frame_ms,0.2547,
frame_ms,0.2093,
frame_ms,1.114,
tick_us,124.7,1
frame_ms,0.6173,
frame_ms,0.2713,
frame_ms,0.2356,
frame_ms,0.2197,
frame_ms,0.2177,
frame_ms,0.2123,
frame_ms,0.2098,
frame_ms,0.235,
frame_ms,0.2532,
frame_ms,0.2123,
frame_ms,0.2376,
frame_ms,1.2349,
frame_ms,0.3207,
frame_ms,0.267,
frame_ms,0.2285,
frame_ms,0.2561,
frame_ms,0.2558,
frame_ms,0.2797,
frame_ms,0.2982,
frame_ms,0.246,
frame_ms,0.2124,
frame_ms,0.2124,
frame_ms,0.207,
tick_us,127.4,1
frame_ms,0.4661,
frame_ms,0.923,
frame_ms,0.3187,
frame_ms,0.7341,
frame_ms,0.2435,
frame_ms,0.2132,
frame_ms,0.2146,
frame_ms,0.3294,
frame_ms,0.2746,
frame_ms,0.2169,
frame_ms,0.2223,
frame_ms,0.2206,
frame_ms,1.6539,
frame_ms,0.3306,
frame_ms,0.2437,
frame_ms,0.2103,
tick_us,119.1,2
frame_ms,0.4528,
frame_ms,0.2238,
frame_ms,0.2064,
frame_ms,0.2206,
frame_ms,0.2131,
frame_ms,0.2312,
frame_ms,1.1823,
frame_ms,0.2145,
frame_ms,0.209,
frame_ms,0.2183,
frame_ms,0.3329,
frame_ms,0.2773,
frame_ms,0.2225,
frame_ms,0.2198,
frame_ms,0.2106,
frame_ms,0.2083,
frame_ms,0.2476,
frame_ms,0.2609,
frame_ms,0.2185,
frame_ms,0.2513,
frame_ms,1.2183,
tick_us,106.2,1
frame_ms,0.4649,
frame_ms,0.2306,
frame_ms,0.2066,
frame_ms,0.2073,
frame_ms,0.2067,
frame_ms,0.2107,
frame_ms,0.2583,
frame_ms,1.1342,
frame_ms,0.2318,
frame_ms,0.2002,
frame_ms,0.8253,
frame_ms,0.2378,
frame_ms,0.2165,
frame_ms,0.2168,
frame_ms,0.2083,
frame_ms,0.2277,
frame_ms,0.2749,
frame_ms,0.2156,
frame_ms,0.2155,
frame_ms,0.221,
frame_ms,0.2222,
frame_ms,0.2077,
frame_ms,0.2351,
tick_us,108,1
frame_ms,0.4603,
frame_ms,1.0446,
frame_ms,0.2929,
frame_ms,0.2449,
frame_ms,0.914,
frame_ms,0.2179,
frame_ms,0.2111,
frame_ms,0.2126,
frame_ms,0.4113,
frame_ms,0.3101,
frame_ms,0.2578,
frame_ms,0.2168,
frame_ms,0.8328,
frame_ms,0.2432,
frame_ms,0.2167,
frame_ms,0.216,
frame_ms,0.2024,
frame_ms,0.224,
frame_ms,0.2512,
tick_us,111.3,1
frame_ms,0.4436,
frame_ms,0.2354,
frame_ms,0.2017,
frame_ms,0.206,
frame_ms,0.2074,
frame_ms,0.2237,
frame_ms,0.235,
frame_ms,1.065,
frame_ms,0.3691,
frame_ms,0.3281,
frame_ms,0.3191,
frame_ms,0.3196,
frame_ms,0.3319,
frame_ms,0.263,
frame_ms,0.2113,
frame_ms,0.208,
frame_ms,0.2041,
frame_ms,0.2418,
frame_ms,0.2295,
frame_ms,1.1526,
tick_us,94.9,1
frame_ms,0.5534,
frame_ms,0.251,
frame_ms,0.2406,
frame_ms,0.2303,
frame_ms,0.2131,
frame_ms,0.2046,
frame_ms,0.3518,
frame_ms,0.3907,
frame_ms,0.3219,
frame_ms,0.3199,
frame_ms,0.3149,
frame_ms,0.8212,
frame_ms,0.4457,
frame_ms,0.3294,
frame_ms,0.2156,
frame_ms,0.2102,
frame_ms,0.216,
frame_ms,0.2065,
frame_ms,0.2461,
frame_ms,0.2778,
frame_ms,0.2732,
frame_ms,0.2153,
tick_us,93.3,1
frame_ms,0.4101,
frame_ms,0.2321,
frame_ms,0.8385,
frame_ms,0.3598,
frame_ms,0.2681,
frame_ms,0.235,
frame_ms,0.2137,
frame_ms,0.2173,
frame_ms,0.209,
frame_ms,0.2248,
frame_ms,0.7415,
frame_ms,0.2517,
frame_ms,0.2776,
frame_ms,0.2229,
frame_ms,0.9487,
frame_ms,0.2784,
frame_ms,0.2369,
frame_ms,0.2134,
frame_ms,0.2157,
frame_ms,0.2081,
frame_ms,0.246,
tick_us,101.6,1
frame_ms,0.448,
frame_ms,0.229,
frame_ms,0.221,
frame_ms,0.213,
frame_ms,0.2064,
frame_ms,0.242,
frame_ms,1.203,
frame_ms,1.2588,
frame_ms,0.2887,
frame_ms,0.2141,
frame_ms,0.2716,
frame_ms,0.3924,
frame_ms,0.2464,
frame_ms,0.2077,
frame_ms,0.2146,
frame_ms,1.0857,
tick_us,93.4,1
frame_ms,0.5636,
frame_ms,0.2924,
frame_ms,0.2473,
frame_ms,0.2102,
frame_ms,0.2139,
frame_ms,0.2101,
frame_ms,0.2377,
frame_ms,0.2365,
frame_ms,0.2063,
frame_ms,0.243,
frame_ms,0.2826,
frame_ms,1.2165,
frame_ms,0.321,
frame_ms,0.2935,
frame_ms,0.2711,
frame_ms,0.3521,
frame_ms,0.2597,
frame_ms,0.2224,
frame_ms,0.214,
frame_ms,0.2054,
frame_ms,0.2036,
frame_ms,0.2478,
frame_ms,0.2302,
tick_us,99,1
frame_ms,0.419,
frame_ms,0.9171,
frame_ms,0.3148,
frame_ms,0.2384,
frame_ms,0.2101,
frame_ms,0.2126,
frame_ms,0.2068,
frame_ms,0.2209,
frame_ms,0.2447,
frame_ms,0.3182,
frame_ms,0.2511,
frame_ms,0.2963,
frame_ms,0.4584,
frame_ms,0.2406,
frame_ms,0.2083,
frame_ms,0.7665,
frame_ms,0.3128,
frame_ms,0.252,
frame_ms,0.2105,
frame_ms,0.2165,
frame_ms,0.2078,
frame_ms,0.2343,
tick_us,96.4,1
frame_ms,0.425,
frame_ms,0.2222,
frame_ms,0.2028,
frame_ms,0.2026,
frame_ms,0.1986,
frame_ms,0.2542,
frame_ms,1.2201,
frame_ms,0.3156,
frame_ms,0.2795,
frame_ms,0.2278,
frame_ms,0.2565,
frame_ms,0.2954,
frame_ms,0.4978,
frame_ms,0.2167,
frame_ms,0.2089,
frame_ms,0.24,
frame_ms,0.2612,
frame_ms,0.2298,
frame_ms,1.1336,
tick_us,114.4,1
frame_ms,0.6295,
frame_ms,0.2665,
frame_ms,0.2402,
frame_ms,0.2162,
frame_ms,0.2088,
frame_ms,0.2014,
frame_ms,0.2348,
frame_ms,0.2158,
frame_ms,0.2263,
frame_ms,0.2715,
frame_ms,0.2188,
frame_ms,0.244,
frame_ms,1.0244,
frame_ms,0.3127,
frame_ms,0.5887,
frame_ms,0.2455,
frame_ms,0.2135,
frame_ms,0.2153,
frame_ms,0.2087,
frame_ms,0.2108,
frame_ms,0.6904,
tick_us,103.3,1
frame_ms,0.524,
frame_ms,0.2422,
frame_ms,0.2164,
frame_ms,0.4607,
frame_ms,0.2713,
frame_ms,0.225,
frame_ms,0.2122,
frame_ms,0.2097,
frame_ms,0.2076,
frame_ms,0.241,
frame_ms,0.262,
frame_ms,0.2304,
frame_ms,0.2183,
frame_ms,0.2101,
frame_ms,0.2451,
frame_ms,0.2282,
frame_ms,1.1379,
frame_ms,0.2407,
frame_ms,0.2334,
frame_ms,0.2188,
frame_ms,0.209,
frame_ms,0.2071,
frame_ms,0.21,
frame_ms,0.2223,
tick_us,102.7,1
frame_ms,0.454,
frame_ms,0.2319,
frame_ms,0.2045,
frame_ms,0.2116,
frame_ms,0.2096,
frame_ms,0.2429,
frame_ms,0.2306,
frame_ms,1.136,
frame_ms,0.3177,
frame_ms,0.2678,
frame_ms,0.2727,
frame_ms,0.2848,
frame_ms,0.2691,
frame_ms,0.2511,
frame_ms,0.2978,
frame_ms,0.2633,
frame_ms,0.2227,
frame_ms,0.2086,
frame_ms,0.2306,
frame_ms,0.2139,
frame_ms,1.0498,
tick_us,107.6,0
frame_ms,0.5711,
frame_ms,0.2621,
frame_ms,0.4536,
frame_ms,0.2637,
frame_ms,0.2083,
frame_ms,0.2159,
frame_ms,0.2049,
frame_ms,0.2342,
frame_ms,0.2341,
frame_ms,0.2114,
frame_ms,0.2464,
frame_ms,1.0578,
frame_ms,0.3246,
frame_ms,0.2673,
frame_ms,0.2267,
frame_ms,0.6124,
frame_ms,0.2636,
frame_ms,0.2608,
frame_ms,0.2572,
frame_ms,0.2132,
frame_ms,0.2096,
frame_ms,0.2096,
tick_us,97.8,0
frame_ms,0.4149,
frame_ms,0.8943,
frame_ms,0.3882,
frame_ms,0.3259,
frame_ms,0.3235,
frame_ms,0.3192,
frame_ms,0.3328,
frame_ms,0.2568,
frame_ms,0.21,
frame_ms,0.218,
frame_ms,0.2059,
frame_ms,0.2022,
frame_ms,0.2465,
frame_ms,1.443,
frame_ms,0.2254,
frame_ms,0.2043,
frame_ms,0.2039,
frame_ms,0.2112,
frame_ms,0.245,
tick_us,91.2,0
frame_ms,0.4211,
frame_ms,0.234,
frame_ms,0.2029,
frame_ms,0.2083,
frame_ms,0.2048,
frame_ms,0.2364,
frame_ms,1.2887,
frame_ms,0.3187,
frame_ms,0.2818,
frame_ms,0.2404,
frame_ms,0.2087,
frame_ms,0.2057,
frame_ms,0.201,
frame_ms,0.2351,
frame_ms,0.2306,
frame_ms,0.2046,
frame_ms,0.2673,
frame_ms,1.1584,
frame_ms,0.2271,
frame_ms,0.1973,
frame_ms,0.2254,
tick_us,93.6,0
frame_ms,0.4445,
frame_ms,0.237,
frame_ms,0.2045,
frame_ms,0.2117,
frame_ms,0.2048,
frame_ms,0.2023,
frame_ms,0.2705,
frame_ms,0.2373,
frame_ms,0.205,
frame_ms,0.247,
frame_ms,0.2297,
frame_ms,0.2103,
frame_ms,1.2044,
frame_ms,0.2254,
frame_ms,0.2063,
frame_ms,0.2081,
frame_ms,0.2029,
frame_ms,0.2293,
frame_ms,0.2141,
frame_ms,1.1248,
frame_ms,0.2034,
frame_ms,0.2032,
tick_us,97.8,0
frame_ms,0.4418,
frame_ms,0.9071,
frame_ms,0.3454,
frame_ms,0.2344,
frame_ms,0.2064,
frame_ms,0.2114,
frame_ms,0.2102,
frame_ms,0.2465,
frame_ms,0.2562,
frame_ms,0.2226,
frame_ms,0.2086,
frame_ms,0.6003,
frame_ms,0.4727,
frame_ms,0.2219,
frame_ms,0.2145,
frame_ms,0.504,
frame_ms,1.1182,
frame_ms,0.2209,
tick_us,98.2,0
frame_ms,0.4217,
frame_ms,0.2302,
frame_ms,0.2038,
frame_ms,0.2088,
frame_ms,0.2066,
frame_ms,0.2499,
frame_ms,0.2823,
frame_ms,1.024,
frame_ms,0.24,
frame_ms,0.2127,
frame_ms,0.203,
frame_ms,0.235,
frame_ms,0.228,
frame_ms,0.2092,
frame_ms,0.1977,
frame_ms,0.2482,
frame_ms,0.2328,
frame_ms,0.2082,
frame_ms,0.2478,
frame_ms,0.2304,
frame_ms,0.2258,
frame_ms,0.2432,
frame_ms,0.9771,
tick_us,93.1,0
frame_ms,0.4162,
frame_ms,0.2308,
frame_ms,0.214,
frame_ms,0.2081,
frame_ms,0.2029,
frame_ms,0.2767,
frame_ms,0.2045,
frame_ms,0.2129,
frame_ms,0.2419,
frame_ms,0.2287,
frame_ms,0.2022,
frame_ms,0.2448,
frame_ms,0.2242,
frame_ms,1.1017,
frame_ms,0.3271,
frame_ms,0.2799,
frame_ms,0.2472,
frame_ms,0.2061,
frame_ms,0.2067,
frame_ms,0.2084,
frame_ms,0.3711,
tick_us,94.7,0
frame_ms,1.2612,
frame_ms,0.2859,
frame_ms,0.2404,
frame_ms,0.5117,
frame_ms,0.2232,
frame_ms,0.2118,
frame_ms,0.2044,
frame_ms,0.2454,
frame_ms,0.2298,
frame_ms,0.2128,
frame_ms,0.217,
frame_ms,0.2211,
frame_ms,0.2045,
frame_ms,0.2578,
frame_ms,0.2332,
frame_ms,0.2085,
frame_ms,0.2269,
frame_ms,0.2273,
frame_ms,1.079,
frame_ms,0.2613,
frame_ms,0.2119,
frame_ms,0.2128,
frame_ms,0.2074,
tick_us,102.1,0
frame_ms,1.3456,
frame_ms,0.2287,
frame_ms,0.2063,
frame_ms,0.2179,
frame_ms,0.2059,
frame_ms,1.0612,
frame_ms,0.3221,
frame_ms,0.2679,
frame_ms,0.2409,
frame_ms,0.2676,
frame_ms,0.2947,
frame_ms,0.2539,
frame_ms,0.2117,
frame_ms,0.2097,
frame_ms,0.2017,
frame_ms,0.2394,
frame_ms,0.2397,
frame_ms,0.2058,
frame_ms,1.2055,
tick_us,109.2,0
frame_ms,0.7405,
frame_ms,0.3924,
frame_ms,0.2574,
frame_ms,0.2234,
frame_ms,0.2215,
frame_ms,0.2253,
frame_ms,0.2183,
frame_ms,0.2082,
frame_ms,0.2608,
frame_ms,0.255,
frame_ms,1.1697,
frame_ms,0.3366,
frame_ms,0.2543,
frame_ms,0.2116,
frame_ms,0.2118,
frame_ms,0.2097,
frame_ms,0.2022,
frame_ms,0.2564,
frame_ms,0.277,
frame_ms,0.2628,
frame_ms,0.2249,
frame_ms,0.2174,
tick_us,117.7,0
frame_ms,0.4676,
frame_ms,0.2446,
frame_ms,0.8251,
frame_ms,0.2695,
frame_ms,0.2078,
frame_ms,0.2061,
frame_ms,0.2605,
frame_ms,0.2115,
frame_ms,0.2109,
frame_ms,0.2019,
frame_ms,0.2481,
frame_ms,0.2279,
frame_ms,0.2014,
frame_ms,0.2515,
frame_ms,0.2312,
frame_ms,0.2096,
frame_ms,1.1884,
frame_ms,0.356,
frame_ms,0.2539,
frame_ms,0.2246,
frame_ms,0.2133,
frame_ms,0.2145,
frame_ms,0.2067,
tick_us,100.3,0
frame_ms,0.4222,
frame_ms,0.2458,
frame_ms,0.2065,
frame_ms,0.2161,
frame_ms,0.2082,
frame_ms,0.3359,
frame_ms,1.0711,
frame_ms,0.2615,
frame_ms,0.2226,
frame_ms,0.2557,
frame_ms,0.2131,
frame_ms,0.2065,
frame_ms,0.206,
frame_ms,0.2412,
frame_ms,0.2312,
frame_ms,0.2053,
frame_ms,0.2438,
frame_ms,0.239,
frame_ms,0.2101,
frame_ms,0.2421,
frame_ms,1.1897,
tick_us,112.2,0
frame_ms,0.5909,
frame_ms,0.2835,
frame_ms,0.2881,
frame_ms,0.272,
frame_ms,0.2588,
frame_ms,0.285,
frame_ms,0.2595,
frame_ms,0.2126,
frame_ms,0.2126,
frame_ms,0.2256,
frame_ms,0.2593,
frame_ms,1.0056,
frame_ms,0.3074,
frame_ms,0.2646,
frame_ms,0.2215,
frame_ms,0.2516,
frame_ms,0.3085,
frame_ms,0.2525,
frame_ms,0.2135,
frame_ms,0.213,
frame_ms,0.2069,
frame_ms,0.237,
frame_ms,0.2323,
tick_us,101.7,0
frame_ms,0.4267,
frame_ms,0.2333,
frame_ms,1.18,
frame_ms,0.2211,
frame_ms,0.2002,
frame_ms,0.2164,
frame_ms,0.2058,
frame_ms,0.7284,
frame_ms,0.2842,
frame_ms,0.2348,
frame_ms,0.2063,
frame_ms,0.2133,
frame_ms,0.2103,
frame_ms,1.0768,
frame_ms,0.3373,
frame_ms,0.2623,
frame_ms,0.2267,
frame_ms,0.2686,
frame_ms,0.2673,
tick_us,104.7,0
frame_ms,0.5177,
frame_ms,0.2505,
frame_ms,1.1767,
frame_ms,0.2507,
frame_ms,0.2083,
frame_ms,0.2084,
frame_ms,0.2429,
frame_ms,0.2163,
frame_ms,0.2066,
frame_ms,0.2426,
frame_ms,0.2368,
frame_ms,0.2198,
frame_ms,0.2503,
frame_ms,0.5105,
frame_ms,0.3372,
frame_ms,0.3211,
frame_ms,0.3213,
frame_ms,0.2935,
frame_ms,0.2333,
frame_ms,0.7244,
tick_us,106.4,0
frame_ms,0.5609,
frame_ms,0.258,
frame_ms,0.2839,
frame_ms,1.158,
frame_ms,0.2331,
frame_ms,0.2077,
frame_ms,0.2152,
frame_ms,0.2134,
frame_ms,1.0286,
frame_ms,0.4107,
frame_ms,0.324,
frame_ms,0.5426,
frame_ms,0.2176,
frame_ms,0.2107,
frame_ms,0.2024,
frame_ms,0.2493,
frame_ms,0.2702,
frame_ms,0.2031,
frame_ms,0.2141,
tick_us,96.1,0
frame_ms,0.4432,
frame_ms,0.8797,
frame_ms,0.3229,
frame_ms,0.5806,
frame_ms,0.2318,
frame_ms,0.2052,
frame_ms,0.21,
frame_ms,0.2389,
frame_ms,0.2042,
frame_ms,0.2611,
frame_ms,0.2629,
frame_ms,0.2241,
frame_ms,0.2115,
frame_ms,0.2439,
frame_ms,0.9617,
frame_ms,0.2573,
frame_ms,0.2133,
frame_ms,0.2109,
frame_ms,0.204,
frame_ms,0.2014,
frame_ms,0.2477,
tick_us,90.2,0
frame_ms,0.4343,
frame_ms,0.2276,
frame_ms,0.2006,
frame_ms,0.2061,
frame_ms,0.2015,
frame_ms,0.212,
frame_ms,1.1171,
frame_ms,0.2107,
frame_ms,0.2061,
frame_ms,0.2373,
frame_ms,0.2151,
frame_ms,0.2067,
frame_ms,0.2193,
frame_ms,0.2273,
frame_ms,0.2219,
frame_ms,0.2023,
frame_ms,0.2552,
frame_ms,0.2316,
frame_ms,0.2078,
frame_ms,0.2709,
frame_ms,0.2364,
frame_ms,1.2485,
tick_us,91,0
frame_ms,0.4291,
frame_ms,0.2238,
frame_ms,0.2027,
frame_ms,0.2083,
frame_ms,0.2038,
frame_ms,0.2117,
frame_ms,0.2366,
frame_ms,0.2237,
frame_ms,0.2036,
frame_ms,0.2607,
frame_ms,0.2335,
frame_ms,0.2002,
frame_ms,0.2488,
frame_ms,1.1326,
frame_ms,0.3118,
frame_ms,0.2663,
frame_ms,0.2244,
frame_ms,0.2528,
frame_ms,0.2539,
frame_ms,0.3183,
frame_ms,0.2211,
frame_ms,0.2144,
frame_ms,0.2091,
frame_ms,0.2334,
frame_ms,0.2502,
tick_us,90,1
frame_ms,0.4182,
frame_ms,0.9951,
frame_ms,0.3079,
frame_ms,0.2737,
frame_ms,0.2881,
frame_ms,0.2558,
frame_ms,0.2075,
frame_ms,0.2108,
frame_ms,0.204,
frame_ms,0.2448,
frame_ms,0.237,
frame_ms,0.2042,
frame_ms,0.267,
frame_ms,0.2376,
frame_ms,1.1806,
frame_ms,0.3256,
frame_ms,0.283,
frame_ms,0.2759,
frame_ms,0.216,
frame_ms,0.2133,
tick_us,98.6,1
frame_ms,0.4262,
frame_ms,0.2374,
frame_ms,0.3625,
frame_ms,0.4654,
frame_ms,0.2372,
frame_ms,0.2129,
frame_ms,0.8952,
frame_ms,0.222,
frame_ms,0.2127,
frame_ms,0.2074,
frame_ms,0.2031,
frame_ms,0.2273,
frame_ms,0.2052,
frame_ms,0.2755,
frame_ms,0.2371,
frame_ms,0.2098,
frame_ms,0.2368,
frame_ms,0.2418,
frame_ms,0.207,
frame_ms,0.2678,
frame_ms,1.2344,
tick_us,98.5,1
frame_ms,0.5506,
frame_ms,0.2594,
frame_ms,0.2233,
frame_ms,0.251,
frame_ms,0.2776,
frame_ms,0.2671,
frame_ms,0.2346,
frame_ms,0.2169,
frame_ms,0.2083,
frame_ms,0.2323,
frame_ms,0.252,
frame_ms,1.1712,
frame_ms,0.2218,
frame_ms,0.2137,
frame_ms,0.206,
frame_ms,0.2492,
frame_ms,0.3792,
frame_ms,0.2292,
frame_ms,0.2121,
frame_ms,0.2076,
frame_ms,0.2516,
frame_ms,0.2304,
frame_ms,0.2028,
frame_ms,0.2431,
tick_us,89.4,1
frame_ms,0.4222,
frame_ms,0.9139,
frame_ms,0.3131,
frame_ms,0.2787,
frame_ms,0.2668,
frame_ms,0.2129,
frame_ms,0.2144,
frame_ms,0.2109,
frame_ms,0.498,
frame_ms,0.2612,
frame_ms,0.2183,
frame_ms,0.2206,
frame_ms,0.2176,
frame_ms,0.2125,
frame_ms,1.0511,
frame_ms,0.3174,
frame_ms,0.2641,
frame_ms,0.2616,
frame_ms,0.2632,
frame_ms,0.2203,
tick_us,115,1
frame_ms,0.5065,
frame_ms,0.2646,
frame_ms,0.2157,
frame_ms,0.2115,
frame_ms,0.2046,
frame_ms,0.2356,
frame_ms,1.1896,
frame_ms,0.3125,
frame_ms,0.2839,
frame_ms,0.2329,
frame_ms,0.2113,
frame_ms,0.2128,
frame_ms,0.2351,
frame_ms,0.2336,
frame_ms,0.2287,
frame_ms,0.2128,
frame_ms,0.2191,
frame_ms,0.2261,
frame_ms,0.2568,
frame_ms,0.2384,
frame_ms,1.0641,
tick_us,88.8,0
frame_ms,0.4573,
frame_ms,0.2401,
frame_ms,0.2109,
frame_ms,0.2204,
frame_ms,0.2106,
frame_ms,0.2069,
frame_ms,0.2449,
frame_ms,0.2324,
frame_ms,0.2094,
frame_ms,0.2493,
frame_ms,0.2296,
frame_ms,0.212,
frame_ms,0.2163,
frame_ms,1.0278,
frame_ms,0.3282,
frame_ms,0.2661,
frame_ms,0.3552,
frame_ms,0.2769,
frame_ms,0.2755,
frame_ms,0.2515,
frame_ms,0.2521,
frame_ms,0.2669,
frame_ms,0.2539,
frame_ms,0.2252,
tick_us,94.3,0
frame_ms,0.5028,
frame_ms,0.2717,
frame_ms,0.6357,
frame_ms,0.2336,
frame_ms,0.215,
frame_ms,0.2083,
frame_ms,0.2351,
frame_ms,0.2284,
frame_ms,0.2133,
frame_ms,0.2453,
frame_ms,0.2312,
frame_ms,0.2054,
frame_ms,0.2161,
frame_ms,0.2107,
frame_ms,0.2046,
frame_ms,0.2481,
frame_ms,0.288,
frame_ms,0.9886,
frame_ms,0.2249,
frame_ms,0.2102,
frame_ms,0.2303,
frame_ms,0.2949,
frame_ms,0.2162,
frame_ms,0.2068,
tick_us,94,0
frame_ms,0.4231,
frame_ms,0.2271,
frame_ms,0.2114,
frame_ms,0.2023,
frame_ms,0.2456,
frame_ms,0.2597,
frame_ms,1.2049,
frame_ms,0.2386,
frame_ms,0.2154,
frame_ms,0.2108,
frame_ms,0.234,
frame_ms,0.2181,
frame_ms,0.211,
frame_ms,0.2072,
frame_ms,0.2504,
frame_ms,0.2596,
frame_ms,0.2138,
frame_ms,0.2174,
frame_ms,0.2254,
frame_ms,0.203,
frame_ms,0.2368,
frame_ms,1.0555,
tick_us,103.1,0
frame_ms,0.56,
frame_ms,0.2461,
frame_ms,0.225,
frame_ms,0.2541,
frame_ms,0.2792,
frame_ms,0.2751,
frame_ms,0.2359,
frame_ms,0.2164,
frame_ms,0.2081,
frame_ms,0.2057,
frame_ms,0.2797,
frame_ms,1.166,
frame_ms,0.3389,
frame_ms,0.2535,
frame_ms,0.2131,
frame_ms,0.2686,
frame_ms,0.2178,
frame_ms,0.2187,
frame_ms,0.2071,
frame_ms,0.2437,
frame_ms,0.2337,
frame_ms,0.2085,
frame_ms,0.2699,
tick_us,97.7,0
frame_ms,0.4552,
frame_ms,1.1111,
frame_ms,0.3512,
frame_ms,0.3262,
frame_ms,0.3223,
frame_ms,0.3218,
frame_ms,0.3334,
frame_ms,0.2648,
frame_ms,0.2115,
frame_ms,0.2128,
frame_ms,0.2043,
frame_ms,0.2488,
frame_ms,0.2125,
frame_ms,1.0914,
frame_ms,0.3163,
frame_ms,0.2704,
frame_ms,0.236,
frame_ms,0.2541,
frame_ms,0.2558,
tick_us,117.9,1
frame_ms,0.5107,
frame_ms,0.2666,
frame_ms,0.218,
frame_ms,0.2132,
frame_ms,0.2085,
frame_ms,0.2184,
frame_ms,1.2028,
frame_ms,0.3309,
frame_ms,0.2647,
frame_ms,0.2226,
frame_ms,0.2485,
frame_ms,0.2531,
frame_ms,0.25,
frame_ms,0.3025,
frame_ms,0.2345,
frame_ms,0.2179,
frame_ms,0.2158,
frame_ms,0.2201,
frame_ms,0.2416,
frame_ms,1.1431,
tick_us,130.7,1
frame_ms,0.6557,
frame_ms,0.2695,
frame_ms,0.2162,
frame_ms,0.2149,
frame_ms,0.2097,
frame_ms,0.2366,
frame_ms,0.2332,
frame_ms,0.2148,
frame_ms,0.2112,
frame_ms,0.6612,
frame_ms,0.2753,
frame_ms,0.7627,
frame_ms,0.2456,
frame_ms,0.217,
frame_ms,0.2186,
frame_ms,0.2095,
frame_ms,0.2294,
frame_ms,0.2155,
frame_ms,0.2617,
frame_ms,0.25,
frame_ms,0.2113,
frame_ms,0.2223,
frame_ms,0.2285,
frame_ms,0.2066,
tick_us,100,1
frame_ms,0.4694,
frame_ms,0.999,
frame_ms,0.3279,
frame_ms,0.286,
frame_ms,0.2583,
frame_ms,0.4842,
frame_ms,0.7655,
frame_ms,0.2543,
frame_ms,0.2082,
frame_ms,0.2129,
frame_ms,0.2071,
frame_ms,1.1652,
frame_ms,0.3222,
frame_ms,0.2659,
frame_ms,0.2346,
frame_ms,0.2752,
frame_ms,0.2666,
tick_us,115.7,1
frame_ms,0.5101,
frame_ms,0.2626,
frame_ms,0.2259,
frame_ms,0.212,
frame_ms,0.2158,
frame_ms,0.2093,
frame_ms,1.1631,
frame_ms,0.3246,
frame_ms,0.2676,
frame_ms,0.2239,
frame_ms,0.251,
frame_ms,0.2503,
frame_ms,0.2475,
frame_ms,0.2942,
frame_ms,0.2344,
frame_ms,0.2191,
frame_ms,0.2116,
frame_ms,0.2086,
frame_ms,0.2924,
frame_ms,1.1393,
tick_us,138.8,1
frame_ms,0.6646,
frame_ms,0.3289,
frame_ms,0.324,
frame_ms,0.36,
frame_ms,0.2855,
frame_ms,0.2757,
frame_ms,0.2495,
frame_ms,0.2512,
frame_ms,0.2533,
frame_ms,0.2237,
frame_ms,0.968,
frame_ms,0.3176,
frame_ms,0.2588,
frame_ms,0.217,
frame_ms,0.2481,
frame_ms,0.2493,
frame_ms,0.2514,
frame_ms,0.313,
frame_ms,0.2428,
frame_ms,0.2313,
frame_ms,0.2266,
frame_ms,0.2168,
tick_us,109.6,1
frame_ms,0.565,
frame_ms,1.0142,
frame_ms,0.2811,
frame_ms,0.2408,
frame_ms,0.2199,
frame_ms,0.2203,
frame_ms,0.2134,
frame_ms,0.2305,
frame_ms,0.226,
frame_ms,0.2429,
frame_ms,0.2151,
frame_ms,0.2291,
frame_ms,0.2344,
frame_ms,0.5053,
frame_ms,0.916,
frame_ms,0.3262,
frame_ms,0.2717,
frame_ms,0.2306,
frame_ms,0.2585,
frame_ms,0.2565,
tick_us,133.9,1
frame_ms,0.5508,
frame_ms,0.2748,
frame_ms,0.2527,
frame_ms,0.2068,
frame_ms,0.2143,
frame_ms,0.2076,
frame_ms,1.1127,
frame_ms,0.343,
frame_ms,0.265,
frame_ms,0.2416,
frame_ms,0.2911,
frame_ms,0.2784,
frame_ms,0.259,
frame_ms,0.2607,
frame_ms,0.2579,
frame_ms,0.6802,
frame_ms,0.3371,
frame_ms,0.2663,
frame_ms,0.2154,
frame_ms,0.4665,
tick_us,111.2,1
frame_ms,0.58,
frame_ms,0.2488,
frame_ms,0.2229,
frame_ms,0.2538,
frame_ms,0.2824,
frame_ms,0.2705,
frame_ms,0.3,
frame_ms,0.2662,
frame_ms,0.2562,
frame_ms,0.2569,
frame_ms,0.2252,
frame_ms,1.0104,
frame_ms,0.3252,
frame_ms,0.2893,
frame_ms,0.2733,
frame_ms,0.2234,
frame_ms,0.2465,
frame_ms,0.2784,
frame_ms,0.3107,
frame_ms,0.255,
frame_ms,0.2223,
frame_ms,0.2232,
tick_us,110.8,1
frame_ms,0.4577,
frame_ms,0.2429,
frame_ms,0.8054,
frame_ms,0.3245,
frame_ms,0.2615,
frame_ms,0.219,
frame_ms,0.2648,
frame_ms,0.2519,
frame_ms,0.2744,
frame_ms,0.2586,
frame_ms,0.2228,
frame_ms,0.2494,
frame_ms,0.2566,
frame_ms,0.2733,
frame_ms,0.2269,
frame_ms,1.0882,
frame_ms,0.4097,
frame_ms,0.4011,
frame_ms,0.391,
tick_us,116.9,1
frame_ms,0.5962,
frame_ms,0.2578,
frame_ms,0.2471,
frame_ms,0.2518,
frame_ms,0.2629,
frame_ms,0.2686,
frame_ms,1.0858,
frame_ms,0.3254,
frame_ms,0.2634,
frame_ms,0.2203,
frame_ms,0.2488,
frame_ms,0.2477,
frame_ms,0.2488,
frame_ms,0.3003,
frame_ms,0.2398,
frame_ms,0.2209,
frame_ms,0.2193,
frame_ms,0.2134,
frame_ms,0.2487,
frame_ms,1.2475,
tick_us,126.1,1
frame_ms,0.5966,
frame_ms,0.2652,
frame_ms,0.2152,
frame_ms,0.2132,
frame_ms,0.2175,
frame_ms,0.2251,
frame_ms,0.2588,
frame_ms,0.225,
frame_ms,0.245,
frame_ms,0.2332,
frame_ms,0.2313,
frame_ms,1.1664,
frame_ms,0.2785,
frame_ms,0.224,
frame_ms,0.219,
frame_ms,0.2231,
frame_ms,0.2128,
frame_ms,0.2639,
frame_ms,0.294,
frame_ms,0.2551,
frame_ms,0.2216,
frame_ms,0.2296,
frame_ms,0.3154,
tick_us,110.3,1
frame_ms,0.6524,
frame_ms,0.3558,
frame_ms,0.7018,
frame_ms,0.4205,
frame_ms,0.3212,
frame_ms,0.3378,
frame_ms,0.2857,
frame_ms,0.2483,
frame_ms,0.2296,
frame_ms,0.2641,
frame_ms,0.2542,
frame_ms,0.2907,
frame_ms,0.2257,
frame_ms,1.0039,
frame_ms,0.2737,
frame_ms,0.2285,
frame_ms,0.2338,
frame_ms,0.2224,
frame_ms,0.2162,
frame_ms,0.2375,
tick_us,113.1,1
frame_ms,0.4666,
frame_ms,0.2443,
frame_ms,0.2112,
frame_ms,0.2145,
frame_ms,0.2061,
frame_ms,0.2096,
frame_ms,1.1946,
frame_ms,0.4243,
frame_ms,0.3555,
frame_ms,0.2768,
frame_ms,0.2367,
frame_ms,0.2141,
frame_ms,0.214,
frame_ms,0.212,
frame_ms,0.2268,
frame_ms,0.266,
frame_ms,0.2509,
frame_ms,0.2134,
frame_ms,0.237,
frame_ms,1.0447,
tick_us,114.4,1
frame_ms,0.5857,
frame_ms,0.264,
frame_ms,0.2233,
frame_ms,0.2556,
frame_ms,0.2801,
frame_ms,0.2674,
frame_ms,0.2209,
frame_ms,0.212,
frame_ms,0.208,
frame_ms,0.2065,
frame_ms,0.2483,
frame_ms,1.2038,
frame_ms,0.3864,
frame_ms,0.2692,
frame_ms,0.2851,
frame_ms,0.2641,
frame_ms,0.2517,
frame_ms,0.2546,
frame_ms,0.2825,
frame_ms,0.2603,
frame_ms,0.2123,
frame_ms,0.2106,
tick_us,104.9,1
frame_ms,0.432,
frame_ms,0.2257,
frame_ms,0.8192,
frame_ms,0.302,
frame_ms,0.2432,
frame_ms,0.2116,
frame_ms,0.2121,
frame_ms,0.2108,
frame_ms,0.2127,
frame_ms,0.2371,
frame_ms,0.2287,
frame_ms,0.2044,
frame_ms,0.258,
frame_ms,0.2301,
frame_ms,0.2329,
frame_ms,0.2366,
frame_ms,1.1437,
frame_ms,0.3105,
frame_ms,0.2652,
frame_ms,0.228,
frame_ms,0.2542,
frame_ms,0.2538,
tick_us,129.2,1
frame_ms,0.541,
frame_ms,0.3003,
frame_ms,0.2437,
frame_ms,0.2172,
frame_ms,0.2173,
frame_ms,0.2203,
frame_ms,1.1128,
frame_ms,0.3594,
frame_ms,0.3281,
frame_ms,0.3247,
frame_ms,0.3227,
frame_ms,0.3355,
frame_ms,0.2692,
frame_ms,0.2168,
frame_ms,0.2134,
frame_ms,0.8705,
frame_ms,0.2575,
frame_ms,0.2136,
frame_ms,0.464,
tick_us,110.1,2
frame_ms,0.5678,
frame_ms,0.2454,
frame_ms,0.2232,
frame_ms,0.2524,
frame_ms,0.2516,
frame_ms,0.297,
frame_ms,0.2408,
frame_ms,0.2184,
frame_ms,0.2189,
frame_ms,0.2269,
frame_ms,0.2342,
frame_ms,1.2329,
frame_ms,0.3073,
frame_ms,0.2704,
frame_ms,0.2238,
frame_ms,0.2489,
frame_ms,0.2479,
frame_ms,0.2465,
frame_ms,0.2708,
frame_ms,0.2377,
frame_ms,0.2179,
frame_ms,0.213,
frame_ms,0.2172,
tick_us,101.3,2
frame_ms,0.4942,
frame_ms,0.923,
frame_ms,0.3022,
frame_ms,0.2868,
frame_ms,0.2202,
frame_ms,0.2635,
frame_ms,0.249,
frame_ms,0.2738,
frame_ms,0.2231,
frame_ms,0.2832,
frame_ms,0.2245,
frame_ms,0.2164,
frame_ms,0.2104,
frame_ms,0.2767,
frame_ms,1.1243,
frame_ms,0.2369,
frame_ms,0.219,
frame_ms,0.2074,
frame_ms,0.2194,
frame_ms,0.2156,
frame_ms,0.2667,
tick_us,106.5,2
frame_ms,0.6057,
frame_ms,0.2417,
frame_ms,0.2073,
frame_ms,0.2128,
frame_ms,0.2071,
frame_ms,0.205,
frame_ms,1.1432,
frame_ms,0.3199,
frame_ms,0.2613,
frame_ms,0.2239,
frame_ms,0.2598,
frame_ms,0.2534,
frame_ms,0.2976,
frame_ms,0.2241,
frame_ms,0.2146,
frame_ms,0.2083,
frame_ms,0.2207,
frame_ms,0.2269,
frame_ms,0.207,
frame_ms,1.2312,
tick_us,104.4,2
frame_ms,0.4555,
frame_ms,0.222,
frame_ms,0.2039,
frame_ms,0.2091,
frame_ms,0.2078,
frame_ms,0.2045,
frame_ms,0.2467,
frame_ms,0.2285,
frame_ms,0.2106,
frame_ms,0.2464,
frame_ms,0.2317,
frame_ms,0.219,
frame_ms,0.2368,
frame_ms,1.1038,
frame_ms,0.3049,
frame_ms,0.2639,
frame_ms,0.2195,
frame_ms,0.2602,
frame_ms,0.2531,
frame_ms,0.2791,
frame_ms,0.2259,
frame_ms,0.303,
frame_ms,0.2259,
frame_ms,0.2183,
frame_ms,0.2101,
tick_us,108.9,2
frame_ms,0.4551,
frame_ms,0.8866,
frame_ms,0.3128,
frame_ms,0.2746,
frame_ms,0.263,
frame_ms,0.2215,
frame_ms,0.5451,
frame_ms,0.6988,
frame_ms,0.2494,
frame_ms,0.2082,
frame_ms,0.2142,
frame_ms,0.2041,
frame_ms,0.9726,
frame_ms,0.2271,
frame_ms,0.2117,
frame_ms,0.2071,
frame_ms,0.2409,
frame_ms,0.2282,
frame_ms,0.2113,
tick_us,110.1,2
frame_ms,0.4585,
frame_ms,0.2166,
frame_ms,0.2113,
frame_ms,0.2025,
frame_ms,0.219,
frame_ms,0.2402,
frame_ms,0.2347,
frame_ms,1.0739,
frame_ms,0.3189,
frame_ms,0.2577,
frame_ms,0.2559,
frame_ms,0.2344,
frame_ms,0.2113,
frame_ms,0.2075,
frame_ms,0.2068,
frame_ms,0.2163,
frame_ms,0.2148,
frame_ms,0.2255,
frame_ms,0.2381,
frame_ms,0.2111,
frame_ms,0.2424,
frame_ms,1.1633,
tick_us,109.9,2
frame_ms,0.5545,
frame_ms,0.2821,
frame_ms,0.216,
frame_ms,0.2256,
frame_ms,0.2125,
frame_ms,0.2092,
frame_ms,0.2496,
frame_ms,0.2318,
frame_ms,0.2079,
frame_ms,0.2456,
frame_ms,0.2842,
frame_ms,1.1822,
frame_ms,0.3116,
frame_ms,0.9249,
frame_ms,0.8141,
frame_ms,0.2136,
frame_ms,0.2125,
frame_ms,0.2049,
tick_us,105.5,3
frame_ms,0.4665,
frame_ms,1.0376,
frame_ms,0.3316,
frame_ms,0.2495,
frame_ms,0.2154,
frame_ms,0.2162,
frame_ms,0.2163,
frame_ms,0.2116,
frame_ms,0.2336,
frame_ms,0.2543,
frame_ms,0.2154,
frame_ms,0.2075,
frame_ms,0.2675,
frame_ms,0.2313,
frame_ms,0.2114,
frame_ms,1.1074,
frame_ms,0.34,
frame_ms,0.2684,
frame_ms,0.2222,
frame_ms,0.2587,
frame_ms,0.2724,
tick_us,102.8,3
frame_ms,0.4618,
frame_ms,0.2311,
frame_ms,0.2066,
frame_ms,0.2109,
frame_ms,0.207,
frame_ms,0.2373,
frame_ms,1.2442,
frame_ms,0.3189,
frame_ms,0.2805,
frame_ms,0.2197,
frame_ms,0.2487,
frame_ms,0.3026,
frame_ms,0.2265,
frame_ms,0.2105,
frame_ms,0.2039,
frame_ms,0.2036,
frame_ms,0.2427,
frame_ms,0.2322,
frame_ms,0.2196,
frame_ms,0.2393,
frame_ms,1.0483,
tick_us,107.6,2
frame_ms,0.5012,
frame_ms,0.2404,
frame_ms,0.2065,
frame_ms,0.2117,
frame_ms,0.2019,
frame_ms,0.2358,
frame_ms,0.2349,
frame_ms,0.2059,
frame_ms,0.2211,
frame_ms,0.2213,
frame_ms,0.2031,
frame_ms,0.2168,
frame_ms,1.2831,
frame_ms,0.3175,
frame_ms,0.261,
frame_ms,0.2217,
frame_ms,0.2642,
frame_ms,0.223,
frame_ms,0.2165,
frame_ms,0.2392,
frame_ms,0.2207,
frame_ms,0.2568,
frame_ms,0.2324,
frame_ms,0.2015,
tick_us,102.2,2
frame_ms,0.4311,
frame_ms,1.044,
frame_ms,0.3238,
frame_ms,0.2646,
frame_ms,0.2216,
frame_ms,0.2495,
frame_ms,0.2508,
frame_ms,0.2485,
frame_ms,0.2926,
frame_ms,0.2436,
frame_ms,0.2166,
frame_ms,0.2097,
frame_ms,0.2112,
frame_ms,0.289,
frame_ms,1.1499,
frame_ms,0.3325,
frame_ms,0.2574,
frame_ms,0.2181,
frame_ms,0.2453,
frame_ms,0.2472,
tick_us,158.2,2
frame_ms,0.5326,
frame_ms,0.5907,
frame_ms,0.2529,
frame_ms,0.2314,
frame_ms,0.2202,
frame_ms,1.0713,
frame_ms,0.3128,
frame_ms,0.2649,
frame_ms,0.2284,
frame_ms,0.2498,
frame_ms,0.3133,
frame_ms,0.2974,
frame_ms,0.2904,
frame_ms,0.2195,
frame_ms,0.218,
frame_ms,0.2081,
frame_ms,0.2428,
frame_ms,0.232,
frame_ms,1.0493,
tick_us,111.8,2
frame_ms,0.5602,
frame_ms,0.2508,
frame_ms,0.2174,
frame_ms,0.2498,
frame_ms,0.2496,
frame_ms,0.2822,
frame_ms,0.2315,
frame_ms,0.2146,
frame_ms,0.2114,
frame_ms,0.24,
frame_ms,0.2186,
frame_ms,1.2659,
frame_ms,0.2224,
frame_ms,0.2128,
frame_ms,0.2254,
frame_ms,0.2206,
frame_ms,0.2131,
frame_ms,0.2526,
frame_ms,0.3095,
frame_ms,0.2346,
frame_ms,0.2522,
frame_ms,0.2511,
frame_ms,0.2672,
tick_us,111,2
frame_ms,0.5093,
frame_ms,0.2515,
frame_ms,0.7334,
frame_ms,0.2591,
frame_ms,0.213,
frame_ms,0.214,
frame_ms,0.2048,
frame_ms,0.287,
frame_ms,0.2675,
frame_ms,0.2282,
frame_ms,0.2222,
frame_ms,0.2138,
frame_ms,0.2276,
frame_ms,0.2327,
frame_ms,0.2069,
frame_ms,0.2357,
frame_ms,1.1388,
frame_ms,0.3467,
frame_ms,0.2488,
frame_ms,0.2285,
frame_ms,0.2187,
frame_ms,0.2175,
frame_ms,0.2076,
tick_us,112.4,2
frame_ms,0.4427,
frame_ms,0.237,
frame_ms,0.2095,
frame_ms,0.2106,
frame_ms,0.2045,
frame_ms,0.2045,
frame_ms,1.1959,
frame_ms,0.3338,
frame_ms,0.2388,
frame_ms,0.2125,
frame_ms,0.2129,
frame_ms,0.2067,
frame_ms,0.2074,
frame_ms,0.23,
frame_ms,0.2354,
frame_ms,0.2181,
frame_ms,0.2396,
frame_ms,0.2567,
frame_ms,0.2292,
frame_ms,0.2175,
frame_ms,1.1162,
tick_us,100.3,2
frame_ms,0.5227,
frame_ms,0.26,
frame_ms,0.2177,
frame_ms,0.252,
frame_ms,0.247,
frame_ms,0.2794,
frame_ms,0.2453,
frame_ms,0.219,
frame_ms,0.2145,
frame_ms,0.2172,
frame_ms,0.2417,
frame_ms,1.2718,
frame_ms,0.3545,
frame_ms,0.2668,
frame_ms,0.2154,
frame_ms,0.211,
frame_ms,0.2076,
frame_ms,0.2055,
frame_ms,0.2322,
frame_ms,0.2191,
frame_ms,0.2153,
frame_ms,0.2449,
frame_ms,0.2327,
frame_ms,0.2074,
tick_us,102.6,2
frame_ms,0.4853,
frame_ms,0.8615,
frame_ms,0.3223,
frame_ms,0.289,
frame_ms,0.2552,
frame_ms,0.2123,
frame_ms,0.2157,
frame_ms,0.2056,
frame_ms,0.2379,
frame_ms,0.2592,
frame_ms,0.2229,
frame_ms,0.2058,
frame_ms,0.2336,
frame_ms,0.2392,
frame_ms,1.2591,
frame_ms,0.3256,
frame_ms,0.258,
frame_ms,0.2197,
frame_ms,0.2498,
frame_ms,0.2497,
tick_us,91.6,2
frame_ms,0.5109,
frame_ms,0.2448,
frame_ms,0.2089,
frame_ms,0.2141,
frame_ms,0.2068,
frame_ms,0.206,
frame_ms,0.2725,
frame_ms,1.0097,
frame_ms,0.335,
frame_ms,0.2425,
frame_ms,0.2115,
frame_ms,0.2134,
frame_ms,0.2152,
frame_ms,0.2114,
frame_ms,0.2571,
frame_ms,0.2296,
frame_ms,0.2062,
frame_ms,0.2709,
frame_ms,0.2315,
frame_ms,0.4313,
frame_ms,0.3179,
frame_ms,0.7973,
tick_us,95.2,2
frame_ms,0.5669,
frame_ms,0.2363,
frame_ms,0.2093,
frame_ms,0.2287,
frame_ms,0.212,
frame_ms,0.2037,
frame_ms,0.2401,
frame_ms,0.2388,
frame_ms,0.2098,
frame_ms,0.2059,
frame_ms,0.2485,
frame_ms,0.2253,
frame_ms,1.1112,
frame_ms,0.2206,
frame_ms,0.2099,
frame_ms,0.2063,
frame_ms,0.2107,
frame_ms,0.2374,
frame_ms,0.2241,
frame_ms,0.2045,
frame_ms,0.1987,
frame_ms,0.2483,
frame_ms,0.2277,
frame_ms,0.2059,
frame_ms,0.2729,
tick_us,101.8,2
frame_ms,0.469,
frame_ms,0.2431,
frame_ms,0.8065,
frame_ms,0.3274,
frame_ms,0.2599,
frame_ms,0.2695,
frame_ms,0.2614,
frame_ms,0.2166,
frame_ms,0.2093,
frame_ms,0.2025,
frame_ms,0.245,
frame_ms,0.2809,
frame_ms,0.2023,
frame_ms,0.2338,
frame_ms,0.2266,
frame_ms,1.2307,
frame_ms,0.3273,
frame_ms,0.2614,
frame_ms,0.2234,
frame_ms,0.2569,
frame_ms,0.2529,
tick_us,96.4,2
frame_ms,0.482,
frame_ms,0.3717,
frame_ms,0.2739,
frame_ms,0.2706,
frame_ms,0.2189,
frame_ms,0.2095,
frame_ms,1.0098,
frame_ms,0.3099,
frame_ms,0.2698,
frame_ms,0.2203,
frame_ms,0.2954,
frame_ms,0.2338,
frame_ms,0.2101,
frame_ms,0.2046,
frame_ms,0.235,
frame_ms,0.2318,
frame_ms,0.2064,
frame_ms,0.2515,
frame_ms,0.2555,
frame_ms,1.265,
tick_us,96.1,2
frame_ms,0.5566,
frame_ms,0.2597,
frame_ms,0.2264,
frame_ms,0.2124,
frame_ms,0.2055,
frame_ms,0.2055,
frame_ms,0.2682,
frame_ms,0.243,
frame_ms,0.2117,
frame_ms,0.2362,
frame_ms,0.2381,
frame_ms,1.2907,
frame_ms,0.3266,
frame_ms,0.2693,
frame_ms,0.2543,
frame_ms,0.2346,
frame_ms,0.2155,
frame_ms,0.2081,
frame_ms,0.2049,
frame_ms,0.2165,
frame_ms,0.2214,
frame_ms,0.2067,
frame_ms,0.2387,
frame_ms,0.2479,
tick_us,99,2
frame_ms,0.4246,
frame_ms,0.9118,
frame_ms,0.3241,
frame_ms,0.6235,
frame_ms,0.3195,
frame_ms,0.2148,
frame_ms,0.2124,
frame_ms,0.2061,
frame_ms,0.2036,
frame_ms,0.248,
frame_ms,0.2289,
frame_ms,0.2054,
frame_ms,0.2173,
frame_ms,1.1624,
frame_ms,0.332,
frame_ms,0.2621,
frame_ms,0.2248,
frame_ms,0.2738,
frame_ms,0.2674,
tick_us,100.1,2
frame_ms,0.5269,
frame_ms,0.2784,
frame_ms,0.2357,
frame_ms,0.2167,
frame_ms,0.2251,
frame_ms,0.21,
frame_ms,1.1029,
frame_ms,0.2573,
frame_ms,0.2176,
frame_ms,0.2121,
frame_ms,0.2092,
frame_ms,0.2089,
frame_ms,0.2056,
frame_ms,0.2401,
frame_ms,0.2276,
frame_ms,0.2053,
frame_ms,0.2526,
frame_ms,0.279,
frame_ms,0.2086,
frame_ms,0.2044,
frame_ms,0.2014,
frame_ms,1.0261,
tick_us,105.5,3
frame_ms,0.5701,
frame_ms,0.2529,
frame_ms,0.2379,
frame_ms,0.2129,
frame_ms,0.2126,
frame_ms,0.2059,
frame_ms,0.2428,
frame_ms,0.2482,
frame_ms,0.2156,
frame_ms,0.2308,
frame_ms,0.2135,
frame_ms,0.237,
frame_ms,1.0947,
frame_ms,0.428,
frame_ms,0.2615,
frame_ms,0.2129,
frame_ms,0.2113,
frame_ms,0.2055,
frame_ms,0.2014,
frame_ms,0.2855,
frame_ms,0.2486,
frame_ms,0.2324,
frame_ms,0.2406,
frame_ms,0.2081,
tick_us,106.5,3
frame_ms,0.4299,
frame_ms,1.1546,
frame_ms,0.2347,
frame_ms,0.2025,
frame_ms,0.2111,
frame_ms,0.2202,
frame_ms,0.2276,
frame_ms,0.2189,
frame_ms,0.217,
frame_ms,0.2461,
frame_ms,0.2314,
frame_ms,0.2028,
frame_ms,0.2731,
frame_ms,0.2594,
frame_ms,1.279,
frame_ms,0.3345,
frame_ms,0.2627,
frame_ms,0.2711,
frame_ms,0.228,
frame_ms,0.249,
tick_us,105,3
frame_ms,0.5905,
frame_ms,1.0214,
frame_ms,0.3127,
frame_ms,0.2055,
frame_ms,0.6996,
frame_ms,0.319,
frame_ms,0.2624,
frame_ms,0.2368,
frame_ms,0.2999,
frame_ms,0.2125,
frame_ms,0.2051,
frame_ms,0.2003,
frame_ms,0.2789,
frame_ms,0.7864,
frame_ms,0.2477,
frame_ms,0.2008,
frame_ms,0.8946,
tick_us,135.2,2
frame_ms,0.6237,
frame_ms,0.3132,
frame_ms,0.3035,
frame_ms,0.2912,
frame_ms,0.4325,
frame_ms,0.3466,
frame_ms,0.3182,
frame_ms,0.3199,
frame_ms,0.3152,
frame_ms,0.9127,
frame_ms,0.2587,
frame_ms,0.2139,
frame_ms,0.2161,
frame_ms,0.213,
frame_ms,0.206,
frame_ms,0.2106,
frame_ms,0.2675,
frame_ms,0.2337,
frame_ms,0.2087,
frame_ms,0.2744,
frame_ms,0.2347,
frame_ms,0.2109,
tick_us,103.1,2
frame_ms,0.4327,
frame_ms,0.977,
frame_ms,0.3254,
frame_ms,0.2636,
frame_ms,0.3198,
frame_ms,0.2492,
frame_ms,0.2277,
frame_ms,0.2527,
frame_ms,0.246,
frame_ms,0.2207,
frame_ms,0.2057,
frame_ms,0.2323,
frame_ms,0.2251,
frame_ms,0.2095,
frame_ms,1.1916,
frame_ms,0.3228,
frame_ms,0.744,
tick_us,93.4,2
frame_ms,0.6291,
frame_ms,0.2286,
frame_ms,0.2073,
frame_ms,0.2129,
frame_ms,0.2075,
frame_ms,0.2421,
frame_ms,1.1395,
frame_ms,0.2065,
frame_ms,0.2257,
frame_ms,0.2209,
frame_ms,0.2148,
frame_ms,0.2447,
frame_ms,0.2644,
frame_ms,0.2295,
frame_ms,0.2197,
frame_ms,0.2112,
frame_ms,0.2106,
frame_ms,0.2424,
frame_ms,0.2599,
frame_ms,0.2195,
frame_ms,0.209,
frame_ms,0.2328,
frame_ms,0.9957,
tick_us,95.2,2
frame_ms,0.5361,
frame_ms,0.2441,
frame_ms,0.2963,
frame_ms,0.2355,
frame_ms,0.203,
frame_ms,1.1174,
frame_ms,0.2246,
frame_ms,0.2027,
frame_ms,0.2347,
frame_ms,0.8456,
frame_ms,0.2303,
frame_ms,0.2126,
frame_ms,0.2036,
frame_ms,0.246,
frame_ms,0.2271,
frame_ms,0.2128,
frame_ms,0.2181,
frame_ms,0.2708,
frame_ms,0.2373,
frame_ms,0.2096,
frame_ms,0.2429,
frame_ms,0.2759,
tick_us,94.8,2
frame_ms,0.4171,
frame_ms,0.2306,
frame_ms,0.7543,
frame_ms,0.2531,
frame_ms,0.2134,
frame_ms,0.8987,
frame_ms,0.2005,
frame_ms,0.21,
frame_ms,0.2373,
frame_ms,0.2255,
frame_ms,0.2001,
frame_ms,0.2563,
frame_ms,0.265,
frame_ms,1.2027,
frame_ms,0.3372,
frame_ms,0.2399,
frame_ms,0.2059,
frame_ms,0.2077,
frame_ms,0.2064,
frame_ms,0.2186,
tick_us,91.8,2
frame_ms,0.4086,
frame_ms,0.2353,
frame_ms,0.2087,
frame_ms,0.2052,
frame_ms,0.2026,
frame_ms,0.2483,
frame_ms,1.2718,
frame_ms,0.4249,
frame_ms,0.3304,
frame_ms,0.319,
frame_ms,0.3144,
frame_ms,0.3195,
frame_ms,0.3219,
frame_ms,0.3175,
frame_ms,0.3147,
frame_ms,0.3155,
frame_ms,0.3131,
frame_ms,0.8325,
tick_us,90.2,2
frame_ms,0.4466,
frame_ms,0.2376,
frame_ms,0.2081,
frame_ms,0.2092,
frame_ms,0.2127,
frame_ms,0.2345,
frame_ms,0.2342,
frame_ms,0.2106,
frame_ms,0.2188,
frame_ms,0.2821,
frame_ms,0.3748,
frame_ms,0.5319,
frame_ms,0.3012,
frame_ms,0.487,
frame_ms,0.3151,
frame_ms,0.2727,
frame_ms,0.2266,
frame_ms,0.2526,
frame_ms,0.2515,
frame_ms,0.2515,
frame_ms,0.2881,
frame_ms,0.2272,
frame_ms,0.2138,
frame_ms,0.2147,
frame_ms,0.2464,
tick_us,90.6,2
frame_ms,0.4239,
frame_ms,0.9677,
frame_ms,0.3114,
frame_ms,0.2661,
frame_ms,0.2346,
frame_ms,0.3079,
frame_ms,0.2706,
frame_ms,0.2633,
frame_ms,0.2727,
frame_ms,0.2695,
frame_ms,0.2513,
frame_ms,0.25,
frame_ms,0.2681,
frame_ms,0.2239,
frame_ms,0.9961,
frame_ms,0.2622,
frame_ms,0.2171,
frame_ms,0.2151,
frame_ms,0.2092,
frame_ms,0.246,
frame_ms,0.2535,
tick_us,96.1,2
frame_ms,0.4586,
frame_ms,0.2649,
frame_ms,0.2112,
frame_ms,0.2095,
frame_ms,0.2037,
frame_ms,0.2035,
frame_ms,1.2394,
frame_ms,0.3062,
frame_ms,0.267,
frame_ms,0.2212,
frame_ms,0.2453,
frame_ms,0.2454,
frame_ms,0.2457,
frame_ms,0.6739,
frame_ms,0.3648,
frame_ms,0.2222,
frame_ms,0.2145,
frame_ms,1.1297,
tick_us,101.9,2
frame_ms,0.5544,
frame_ms,0.2481,
frame_ms,0.2196,
frame_ms,0.2545,
frame_ms,0.25,
frame_ms,0.2677,
frame_ms,0.2359,
frame_ms,0.2188,
frame_ms,0.2142,
frame_ms,0.2433,
frame_ms,0.2578,
frame_ms,1.189,
frame_ms,0.3074,
frame_ms,0.2619,
frame_ms,0.2177,
frame_ms,0.2498,
frame_ms,0.2512,
frame_ms,0.2466,
frame_ms,0.2975,
frame_ms,0.2373,
frame_ms,0.2181,
frame_ms,0.2187,
frame_ms,0.242,
tick_us,96,2
frame_ms,0.4288,
frame_ms,0.9922,
frame_ms,0.2983,
frame_ms,0.2691,
frame_ms,0.223,
frame_ms,0.2446,
frame_ms,0.245,
frame_ms,0.2452,
frame_ms,0.2767,
frame_ms,0.9227,
frame_ms,0.2387,
frame_ms,0.2058,
frame_ms,0.2149,
frame_ms,0.7611,
frame_ms,0.2267,
frame_ms,0.272,
frame_ms,0.2578,
frame_ms,0.227,
frame_ms,0.2183,
frame_ms,0.2085,
tick_us,104.7,2
frame_ms,0.4281,
frame_ms,0.2419,
frame_ms,0.2177,
frame_ms,0.2124,
frame_ms,0.2045,
frame_ms,0.2439,
frame_ms,1.2354,
frame_ms,0.311,
frame_ms,0.2704,
frame_ms,0.2606,
frame_ms,0.2193,
frame_ms,0.2492,
frame_ms,0.2543,
frame_ms,0.2832,
frame_ms,0.2318,
frame_ms,0.2147,
frame_ms,0.2161,
frame_ms,0.2349,
frame_ms,0.2842,
frame_ms,1.1367,
tick_us,95.2,2
frame_ms,0.5514,
frame_ms,0.2416,
frame_ms,0.2177,
frame_ms,0.249,
frame_ms,0.2484,
frame_ms,0.3041,
frame_ms,0.2439,
frame_ms,0.2208,
frame_ms,0.2152,
frame_ms,0.2084,
frame_ms,0.2562,
frame_ms,1.2097,
frame_ms,0.7092,
frame_ms,0.2466,
frame_ms,0.2155,
frame_ms,0.2249,
frame_ms,0.2548,
frame_ms,0.2293,
frame_ms,0.212,
frame_ms,0.2191,
frame_ms,0.2106,
frame_ms,0.2412,
tick_us,92.6,2
frame_ms,0.4362,
frame_ms,1.1545,
frame_ms,0.3925,
frame_ms,0.3267,
frame_ms,0.3164,
frame_ms,0.314,
frame_ms,0.3333,
frame_ms,0.2634,
frame_ms,0.2151,
frame_ms,0.2287,
frame_ms,0.9244,
frame_ms,0.2189,
frame_ms,0.4308,
frame_ms,0.2483,
frame_ms,0.2168,
frame_ms,0.2111,
frame_ms,0.2162,
frame_ms,0.2104,
frame_ms,0.2421,
tick_us,87.8,1
frame_ms,0.4456,
frame_ms,0.2319,
frame_ms,0.2115,
frame_ms,0.2138,
frame_ms,0.2064,
frame_ms,0.2565,
frame_ms,0.2217,
frame_ms,1.0519,
frame_ms,0.3156,
frame_ms,0.2713,
frame_ms,0.2235,
frame_ms,0.2504,
frame_ms,0.252,
frame_ms,0.2531,
frame_ms,0.2818,
frame_ms,0.235,
frame_ms,0.2169,
frame_ms,0.2145,
frame_ms,0.2469,
frame_ms,0.2749,
frame_ms,1.1267,
tick_us,94.5,2
frame_ms,0.4668,
frame_ms,0.2386,
frame_ms,0.2069,
frame_ms,0.2399,
frame_ms,0.2154,
frame_ms,0.2103,
frame_ms,0.2531,
frame_ms,0.6589,
frame_ms,0.3564,
frame_ms,0.2532,
frame_ms,0.206,
frame_ms,0.8679,
frame_ms,0.3414,
frame_ms,0.9846,
frame_ms,0.2245,
frame_ms,0.2035,
frame_ms,0.2021,
frame_ms,0.3974,
frame_ms,0.3506,
tick_us,87.9,2
frame_ms,0.4414,
frame_ms,0.2303,
frame_ms,0.7784,
frame_ms,0.3074,
frame_ms,0.2633,
frame_ms,0.2729,
frame_ms,0.2711,
frame_ms,0.2634,
frame_ms,0.2491,
frame_ms,0.2815,
frame_ms,0.225,
frame_ms,0.2143,
frame_ms,0.2105,
frame_ms,0.2066,
frame_ms,0.2491,
frame_ms,1.1509,
frame_ms,0.4164,
frame_ms,0.3241,
frame_ms,0.343,
frame_ms,0.3779,
tick_us,91.9,2
frame_ms,0.4464,
frame_ms,0.2343,
frame_ms,0.3049,
frame_ms,0.2096,
frame_ms,0.2298,
frame_ms,0.208,
frame_ms,1.059,
frame_ms,0.3769,
frame_ms,0.3208,
frame_ms,0.3204,
frame_ms,0.3154,
frame_ms,0.3138,
frame_ms,0.2911,
frame_ms,0.276,
frame_ms,1.2114,
frame_ms,0.2231,
frame_ms,0.2066,
frame_ms,0.4216,
tick_us,110.7,2
frame_ms,0.5875,
frame_ms,0.248,
frame_ms,0.2145,
frame_ms,0.2123,
frame_ms,0.2078,
frame_ms,0.229,
frame_ms,0.2249,
frame_ms,0.2328,
frame_ms,0.2285,
frame_ms,0.2087,
frame_ms,0.2394,
frame_ms,1.2397,
frame_ms,0.3311,
frame_ms,0.2664,
frame_ms,0.2205,
frame_ms,0.2615,
frame_ms,0.2518,
frame_ms,0.2917,
frame_ms,0.5834,
frame_ms,0.2345,
frame_ms,0.2123,
tick_us,99.1,2
frame_ms,0.5989,
frame_ms,0.2652,
frame_ms,0.6305,
frame_ms,0.2333,
frame_ms,0.2185,
frame_ms,0.2163,
frame_ms,0.2311,
frame_ms,0.2179,
frame_ms,0.2189,
frame_ms,0.2332,
frame_ms,0.2231,
frame_ms,0.2048,
frame_ms,0.2529,
frame_ms,0.2367,
frame_ms,0.2143,
frame_ms,0.2087,
frame_ms,0.4764,
frame_ms,0.8027,
frame_ms,0.324,
frame_ms,0.732,
frame_ms,0.2973,
tick_us,108.1,2
frame_ms,0.4925,
frame_ms,0.3479,
frame_ms,0.2515,
frame_ms,0.2083,
frame_ms,0.2193,
frame_ms,0.2091,
frame_ms,1.0842,
frame_ms,0.3222,
frame_ms,0.2716,
frame_ms,0.2178,
frame_ms,0.2446,
frame_ms,0.2472,
frame_ms,0.3272,
frame_ms,0.253,
frame_ms,0.2224,
frame_ms,0.2466,
frame_ms,0.3067,
frame_ms,0.2435,
frame_ms,0.2459,
frame_ms,1.0183,
tick_us,115,2
frame_ms,0.5575,
frame_ms,0.3035,
frame_ms,0.3844,
frame_ms,0.2571,
frame_ms,0.2103,
frame_ms,0.2158,
frame_ms,0.2105,
frame_ms,0.2346,
frame_ms,0.2519,
frame_ms,0.2909,
frame_ms,0.2392,
frame_ms,1.0076,
frame_ms,0.3081,
frame_ms,0.2617,
frame_ms,0.2195,
frame_ms,0.2694,
frame_ms,0.2294,
frame_ms,0.2135,
frame_ms,0.2087,
frame_ms,0.5686,
frame_ms,0.5413,
tick_us,103.5,2
frame_ms,0.4251,
frame_ms,0.2496,
frame_ms,0.8028,
frame_ms,0.3451,
frame_ms,0.2312,
frame_ms,0.2111,
frame_ms,0.2155,
frame_ms,0.2105,
frame_ms,0.2312,
frame_ms,0.2116,
frame_ms,0.2107,
frame_ms,0.233,
frame_ms,0.2544,
frame_ms,0.2203,
frame_ms,0.2193,
frame_ms,0.2495,
frame_ms,0.9995,
frame_ms,0.3351,
frame_ms,0.2637,
frame_ms,0.2225,
frame_ms,0.2459,
tick_us,109.1,2
frame_ms,0.9219,
frame_ms,0.3213,
frame_ms,0.3172,
frame_ms,0.3726,
frame_ms,0.253,
frame_ms,0.9082,
frame_ms,0.3067,
frame_ms,0.2586,
frame_ms,0.2088,
frame_ms,0.2148,
frame_ms,0.211,
frame_ms,0.2535,
frame_ms,0.2526,
frame_ms,0.2163,
frame_ms,0.2088,
frame_ms,0.2285,
frame_ms,0.2369,
frame_ms,0.2192,
frame_ms,0.2064,
frame_ms,1.135,
tick_us,106.7,2
frame_ms,0.8936,
frame_ms,0.2474,
frame_ms,0.3762,
frame_ms,0.364,
frame_ms,0.2572,
frame_ms,0.2101,
frame_ms,0.2106,
frame_ms,0.2099,
frame_ms,0.2149,
frame_ms,1.2017,
frame_ms,0.328,
frame_ms,0.2579,
frame_ms,0.2136,
frame_ms,0.306,
frame_ms,0.2205,
frame_ms,0.2106,
frame_ms,0.2031,
frame_ms,0.2033,
frame_ms,0.2506,
frame_ms,0.2229,
frame_ms,0.2045,
tick_us,106.9,1
frame_ms,0.4641,
frame_ms,0.2425,
frame_ms,0.8309,
frame_ms,0.3385,
frame_ms,0.2767,
frame_ms,0.3986,
frame_ms,0.2441,
frame_ms,0.207,
frame_ms,0.2058,
frame_ms,0.2057,
frame_ms,0.2542,
frame_ms,0.2389,
frame_ms,0.2095,
frame_ms,0.208,
frame_ms,0.245,
frame_ms,1.1303,
frame_ms,0.3263,
frame_ms,0.2606,
frame_ms,0.2613,
frame_ms,0.2469,
frame_ms,0.212,
tick_us,89.5,1
frame_ms,1.1564,
frame_ms,0.2317,
frame_ms,0.209,
frame_ms,0.3139,
frame_ms,0.9621,
frame_ms,0.2682,
frame_ms,0.2894,
frame_ms,0.2112,
frame_ms,0.2135,
frame_ms,0.2069,
frame_ms,0.2164,
frame_ms,0.2635,
frame_ms,0.237,
frame_ms,0.3799,
frame_ms,0.2304,
frame_ms,0.215,
frame_ms,0.2132,
frame_ms,0.2092,
frame_ms,1.0095,
tick_us,129.3,1
frame_ms,0.675,
frame_ms,0.5161,
frame_ms,0.2622,
frame_ms,0.2134,
frame_ms,0.2142,
frame_ms,0.2202,
frame_ms,0.4177,
frame_ms,0.2214,
frame_ms,0.2145,
frame_ms,0.2255,
frame_ms,0.9899,
frame_ms,0.3171,
frame_ms,0.276,
frame_ms,0.2299,
frame_ms,0.3068,
frame_ms,0.2713,
frame_ms,0.2241,
frame_ms,0.2176,
frame_ms,0.2117,
frame_ms,0.2123,
frame_ms,0.2363,
frame_ms,0.2292,
tick_us,108.3,1
frame_ms,0.4468,
frame_ms,0.9676,
frame_ms,0.3642,
frame_ms,0.3233,
frame_ms,0.3397,
frame_ms,0.3422,
frame_ms,0.264,
frame_ms,0.2442,
frame_ms,0.2194,
frame_ms,0.2227,
frame_ms,0.2077,
frame_ms,0.2088,
frame_ms,0.2573,
frame_ms,1.1899,
frame_ms,0.3975,
frame_ms,0.2732,
frame_ms,0.2436,
frame_ms,0.2094,
frame_ms,0.3801,
tick_us,106.1,2
frame_ms,0.6283,
frame_ms,1.1868,
frame_ms,0.2428,
frame_ms,0.2167,
frame_ms,0.4392,
frame_ms,0.3232,
frame_ms,0.2441,
frame_ms,0.2115,
frame_ms,0.2352,
frame_ms,0.2214,
frame_ms,0.2086,
frame_ms,0.2585,
frame_ms,0.257,
frame_ms,0.2205,
frame_ms,0.2126,
frame_ms,0.2365,
frame_ms,0.2226,
frame_ms,1.2448,
tick_us,94.3,2
frame_ms,0.427,
frame_ms,0.2304,
frame_ms,0.2059,
frame_ms,0.2111,
frame_ms,1.157,
frame_ms,0.2037,
frame_ms,0.2109,
frame_ms,0.2163,
frame_ms,0.3977,
frame_ms,0.9401,
frame_ms,0.3373,
frame_ms,0.2717,
frame_ms,0.2832,
frame_ms,0.2383,
frame_ms,0.2845,
frame_ms,0.2586,
frame_ms,0.2925,
frame_ms,0.2397,
frame_ms,0.2218,
frame_ms,0.2172,
tick_us,105.8,2
frame_ms,0.4336,
frame_ms,0.237,
frame_ms,0.8426,
frame_ms,0.3229,
frame_ms,0.289,
frame_ms,0.2764,
frame_ms,0.2217,
frame_ms,0.4314,
frame_ms,0.3683,
frame_ms,0.3563,
frame_ms,0.2787,
frame_ms,0.234,
frame_ms,0.2264,
frame_ms,0.2223,
frame_ms,1.013,
frame_ms,0.2748,
frame_ms,0.247,
frame_ms,0.2171,
frame_ms,0.225,
frame_ms,0.3006,
tick_us,106.6,2
frame_ms,0.4543,
frame_ms,0.4934,
frame_ms,0.2803,
frame_ms,0.2135,
frame_ms,0.9948,
frame_ms,0.4173,
frame_ms,0.3067,
frame_ms,0.3689,
frame_ms,0.3782,
frame_ms,0.5482,
frame_ms,0.2459,
frame_ms,0.2175,
frame_ms,0.2168,
frame_ms,0.2183,
frame_ms,0.214,
frame_ms,0.236,
frame_ms,1.2052,
tick_us,99,2
frame_ms,0.4979,
frame_ms,0.2425,
frame_ms,0.2178,
frame_ms,0.2297,
frame_ms,0.2077,
frame_ms,0.2108,
frame_ms,1.2832,
frame_ms,0.2392,
frame_ms,0.2076,
frame_ms,1.324,
frame_ms,0.3977,
frame_ms,0.3464,
frame_ms,0.3277,
frame_ms,0.322,
frame_ms,0.3231,
frame_ms,0.2624,
frame_ms,0.2186,
tick_us,110.2,2
frame_ms,0.4549,
frame_ms,0.2374,
frame_ms,0.7679,
frame_ms,0.284,
frame_ms,0.2278,
frame_ms,1.2062,
frame_ms,0.2323,
frame_ms,0.2112,
frame_ms,0.2215,
frame_ms,0.2305,
frame_ms,0.3352,
frame_ms,0.3356,
frame_ms,0.8749,
frame_ms,0.2857,
frame_ms,0.2098,
frame_ms,0.2154,
frame_ms,0.2091,
frame_ms,0.2061,
frame_ms,0.2417,
tick_us,108.2,2
frame_ms,0.4665,
frame_ms,0.2335,
frame_ms,0.211,
frame_ms,0.209,
frame_ms,0.1979,
frame_ms,0.2335,
frame_ms,1.2544,
frame_ms,0.5655,
frame_ms,0.2336,
frame_ms,0.2031,
frame_ms,0.3851,
frame_ms,0.4046,
frame_ms,0.2698,
frame_ms,0.2037,
frame_ms,0.2076,
frame_ms,0.2072,
frame_ms,0.4241,
frame_ms,1.0609,
tick_us,115.6,2
frame_ms,0.5256,
frame_ms,0.2565,
frame_ms,0.21,
frame_ms,0.2103,
frame_ms,0.2005,
frame_ms,0.2126,
frame_ms,0.2451,
frame_ms,0.2353,
frame_ms,0.2012,
frame_ms,1.1437,
frame_ms,0.2308,
frame_ms,0.2043,
frame_ms,0.294,
frame_ms,0.4116,
frame_ms,0.3122,
frame_ms,0.2113,
frame_ms,0.2115,
frame_ms,0.2131,
frame_ms,0.2058,
frame_ms,0.245,
frame_ms,0.2306,
frame_ms,0.2043,
frame_ms,0.2151,
frame_ms,0.2438,
tick_us,98.2,2
frame_ms,0.4486,
frame_ms,1.01,
frame_ms,0.3367,
frame_ms,0.2861,
frame_ms,0.2763,
frame_ms,0.2676,
frame_ms,1.0011,
frame_ms,0.2266,
frame_ms,0.2063,
frame_ms,0.2107,
frame_ms,0.2226,
frame_ms,1.127,
frame_ms,0.265,
frame_ms,0.2145,
frame_ms,0.2123,
frame_ms,0.8682,
tick_us,115.1,2
frame_ms,0.5385,
frame_ms,0.4397,
frame_ms,0.3339,
frame_ms,0.25,
frame_ms,0.228,
frame_ms,0.8255,
frame_ms,0.9874,
frame_ms,0.2393,
frame_ms,0.2393,
frame_ms,0.3137,
frame_ms,0.2732,
frame_ms,0.2156,
frame_ms,0.218,
frame_ms,0.2125,
frame_ms,0.21,
frame_ms,0.2403,
frame_ms,0.999,
tick_us,101.8,2
frame_ms,0.457,
frame_ms,0.2407,
frame_ms,0.2174,
frame_ms,0.2185,
frame_ms,0.2129,
frame_ms,0.2377,
frame_ms,0.2446,
frame_ms,0.2107,
frame_ms,0.2781,
frame_ms,0.2742,
frame_ms,0.2406,
frame_ms,0.2313,
frame_ms,1.1342,
frame_ms,0.3196,
frame_ms,0.2849,
frame_ms,0.2931,
frame_ms,0.3566,
frame_ms,0.3114,
frame_ms,0.2203,
frame_ms,0.2203,
frame_ms,0.2216,
frame_ms,0.2154,
frame_ms,0.2135,
tick_us,95.1,2
frame_ms,0.5658,
frame_ms,0.9457,
frame_ms,0.2885,
frame_ms,0.2551,
frame_ms,0.2129,
frame_ms,0.2151,
frame_ms,0.211,
frame_ms,0.2141,
frame_ms,0.2637,
frame_ms,0.2924,
frame_ms,0.2801,
frame_ms,0.2538,
frame_ms,0.6372,
frame_ms,0.3098,
frame_ms,0.7283,
frame_ms,0.2653,
frame_ms,0.2183,
frame_ms,0.2219,
frame_ms,0.2156,
frame_ms,0.2193,
frame_ms,0.26,
tick_us,101.7,2
frame_ms,0.49,
frame_ms,0.2442,
frame_ms,0.213,
frame_ms,0.218,
frame_ms,0.2132,
frame_ms,0.2057,
frame_ms,1.1455,
frame_ms,0.2473,
frame_ms,0.2165,
frame_ms,0.2182,
frame_ms,0.2111,
frame_ms,1.1449,
frame_ms,0.2221,
frame_ms,0.2099,
frame_ms,0.2345,
frame_ms,0.4254,
frame_ms,0.2861,
frame_ms,0.7822,
tick_us,155.8,2
frame_ms,0.6188,
frame_ms,0.2665,
frame_ms,0.28,
frame_ms,0.2759,
frame_ms,0.2627,
frame_ms,0.3898,
frame_ms,0.6202,
frame_ms,0.2352,
frame_ms,0.2149,
frame_ms,0.9878,
frame_ms,0.7201,
frame_ms,0.2384,
frame_ms,0.2153,
frame_ms,0.2193,
frame_ms,0.2196,
frame_ms,0.2118,
frame_ms,0.2596,
frame_ms,0.3164,
frame_ms,0.2713,
tick_us,103.9,2
frame_ms,0.5004,
frame_ms,0.2615,
frame_ms,0.7417,
frame_ms,0.307,
frame_ms,0.2884,
frame_ms,0.2294,
frame_ms,0.2611,
frame_ms,0.2578,
frame_ms,0.2776,
frame_ms,0.272,
frame_ms,0.23,
frame_ms,0.2375,
frame_ms,0.2331,
frame_ms,0.2168,
frame_ms,0.9319,
frame_ms,0.4257,
frame_ms,0.3134,
frame_ms,0.2808,
frame_ms,0.2262,
frame_ms,0.2539,
frame_ms,0.2539,
tick_us,97,2
frame_ms,0.5914,
frame_ms,0.2618,
frame_ms,0.2188,
frame_ms,0.2185,
frame_ms,0.2196,
frame_ms,0.2196,
frame_ms,1.1113,
frame_ms,0.2765,
frame_ms,0.2198,
frame_ms,0.216,
frame_ms,0.2393,
frame_ms,0.2179,
frame_ms,0.2568,
frame_ms,0.3569,
frame_ms,0.2359,
frame_ms,0.2222,
frame_ms,0.3551,
frame_ms,0.2849,
frame_ms,0.2655,
frame_ms,1.0174,
tick_us,101,2
frame_ms,0.5857,
frame_ms,0.2525,
frame_ms,0.223,
frame_ms,0.2595,
frame_ms,0.254,
frame_ms,0.2957,
frame_ms,0.2475,
frame_ms,0.2244,
frame_ms,0.2173,
frame_ms,0.2164,
frame_ms,0.2093,
frame_ms,1.1904,
frame_ms,0.2635,
frame_ms,0.2145,
frame_ms,0.216,
frame_ms,0.2165,
frame_ms,0.2126,
frame_ms,0.3335,
frame_ms,0.2843,
frame_ms,0.2197,
frame_ms,0.238,
frame_ms,0.2235,
frame_ms,0.2285,
tick_us,105.9,2
frame_ms,0.4348,
frame_ms,0.2417,
frame_ms,0.8087,
frame_ms,0.3817,
frame_ms,0.3263,
frame_ms,0.323,
frame_ms,0.3623,
frame_ms,0.3409,
frame_ms,0.3205,
frame_ms,0.3256,
frame_ms,0.3239,
frame_ms,0.3296,
frame_ms,0.3336,
frame_ms,0.8423,
frame_ms,0.3597,
frame_ms,0.3049,
frame_ms,0.2677,
frame_ms,0.251,
frame_ms,0.214,
tick_us,120.5,2
frame_ms,0.48,
frame_ms,0.2429,
frame_ms,0.2473,
frame_ms,0.2115,
frame_ms,0.2066,
frame_ms,0.2658,
frame_ms,1.0973,
frame_ms,0.3273,
frame_ms,0.2704,
frame_ms,0.2288,
frame_ms,0.2574,
frame_ms,0.2573,
frame_ms,0.2564,
frame_ms,0.2982,
frame_ms,0.2266,
frame_ms,0.2176,
frame_ms,1.1551,
frame_ms,0.2228,
frame_ms,0.2225,
frame_ms,0.2188,
tick_us,123.3,2
frame_ms,0.5115,
frame_ms,0.2409,
frame_ms,0.213,
frame_ms,0.216,
frame_ms,0.2216,
frame_ms,0.2066,
frame_ms,0.2362,
frame_ms,0.2279,
frame_ms,0.2097,
frame_ms,0.2072,
frame_ms,0.2368,
frame_ms,0.2273,
frame_ms,1.2196,
frame_ms,0.3329,
frame_ms,0.272,
frame_ms,0.23,
frame_ms,0.26,
frame_ms,0.2611,
frame_ms,0.2501,
frame_ms,0.5968,
frame_ms,0.2505,
frame_ms,0.2175,
tick_us,124.7,2
frame_ms,0.5041,
frame_ms,0.2593,
frame_ms,0.7664,
frame_ms,0.342,
frame_ms,0.2706,
frame_ms,0.2236,
frame_ms,0.2571,
frame_ms,0.2811,
frame_ms,0.2617,
frame_ms,0.2522,
frame_ms,0.2189,
frame_ms,0.22,
frame_ms,0.2047,
frame_ms,0.2464,
frame_ms,0.2402,
frame_ms,1.11,
frame_ms,1.2605,
tick_us,154.4,1
frame_ms,0.6401,
frame_ms,0.3132,
frame_ms,0.2615,
frame_ms,0.2149,
frame_ms,0.221,
frame_ms,0.221,
frame_ms,1.0912,
frame_ms,0.3479,
frame_ms,0.4663,
frame_ms,0.3522,
frame_ms,0.3229,
frame_ms,0.3311,
frame_ms,0.323,
frame_ms,0.3253,
frame_ms,0.3223,
frame_ms,0.3329,
frame_ms,0.2931,
frame_ms,0.6822,
tick_us,119.1,1
frame_ms,0.5986,
frame_ms,0.2796,
frame_ms,0.4746,
frame_ms,0.2895,
frame_ms,0.267,
frame_ms,0.2207,
frame_ms,0.2216,
frame_ms,0.2171,
frame_ms,0.3069,
frame_ms,0.2652,
frame_ms,1.0306,
frame_ms,0.3348,
frame_ms,0.284,
frame_ms,0.2436,
frame_ms,0.2111,
frame_ms,0.2156,
frame_ms,0.2115,
frame_ms,0.2158,
frame_ms,0.2638,
tick_us,106.4,1
frame_ms,1.4212,
frame_ms,0.2467,
frame_ms,0.2218,
frame_ms,0.296,
frame_ms,0.3295,
frame_ms,0.288,
frame_ms,0.2619,
frame_ms,0.2272,
frame_ms,0.2534,
frame_ms,0.2773,
frame_ms,0.2772,
frame_ms,0.226,
frame_ms,0.2163,
frame_ms,0.208,
frame_ms,0.208,
frame_ms,0.262,
frame_ms,1.1195,
frame_ms,0.3117,
frame_ms,0.2986,
frame_ms,0.2641,
frame_ms,0.2188,
frame_ms,0.2424,
tick_us,123,1
frame_ms,0.755,
frame_ms,0.2586,
frame_ms,0.2505,
frame_ms,0.2512,
frame_ms,0.2297,
frame_ms,1.1113,
frame_ms,0.3047,
frame_ms,0.2692,
frame_ms,0.2283,
frame_ms,0.2499,
frame_ms,0.4835,
frame_ms,0.3369,
frame_ms,0.2534,
frame_ms,0.229,
frame_ms,0.2352,
frame_ms,0.2377,
frame_ms,0.2364,
frame_ms,1.105,
tick_us,128,1
frame_ms,0.6959,
frame_ms,0.3469,
frame_ms,0.3321,
frame_ms,0.2749,
frame_ms,0.2455,
frame_ms,0.2105,
frame_ms,0.2161,
frame_ms,0.2134,
frame_ms,0.2104,
frame_ms,0.2458,
frame_ms,1.1412,
frame_ms,0.2373,
frame_ms,0.215,
frame_ms,0.2129,
frame_ms,0.2061,
frame_ms,0.2389,
frame_ms,0.2214,
frame_ms,0.2078,
frame_ms,0.2526,
frame_ms,0.236,
frame_ms,0.2115,
frame_ms,0.2045,
frame_ms,0.2504,
tick_us,91,1
frame_ms,1.1112,
frame_ms,0.376,
frame_ms,0.3013,
frame_ms,0.2618,
frame_ms,0.2299,
frame_ms,0.2366,
frame_ms,0.2409,
frame_ms,0.236,
frame_ms,0.2749,
frame_ms,0.2427,
frame_ms,0.2195,
frame_ms,0.216,
frame_ms,0.2102,
frame_ms,0.2626,
frame_ms,1.2177,
frame_ms,0.2312,
frame_ms,0.2163,
frame_ms,0.2135,
frame_ms,0.5379,
tick_us,86.1,2
frame_ms,1.2089,
frame_ms,0.234,
frame_ms,0.2154,
frame_ms,0.2351,
frame_ms,1.1469,
frame_ms,0.3587,
frame_ms,0.2655,
frame_ms,0.2226,
frame_ms,0.21,
frame_ms,0.2075,
frame_ms,0.2046,
frame_ms,0.259,
frame_ms,0.2571,
frame_ms,0.2214,
frame_ms,0.2137,
frame_ms,0.2317,
frame_ms,0.2333,
frame_ms,1.2243,
tick_us,94.2,2
frame_ms,0.526,
frame_ms,0.2751,
frame_ms,0.2246,
frame_ms,0.6348,
frame_ms,0.2703,
frame_ms,0.2836,
frame_ms,0.3019,
frame_ms,0.2676,
frame_ms,0.214,
frame_ms,0.2127,
frame_ms,0.953,
frame_ms,0.2573,
frame_ms,0.2143,
frame_ms,0.212,
frame_ms,0.2159,
frame_ms,0.2068,
frame_ms,0.2292,
frame_ms,0.2167,
frame_ms,0.2344,
frame_ms,0.2036,
frame_ms,0.2653,
frame_ms,0.2296,
frame_ms,0.204,
tick_us,90,2
frame_ms,0.4364,
frame_ms,1.373,
frame_ms,0.3708,
frame_ms,0.2412,
frame_ms,0.2112,
frame_ms,0.2128,
frame_ms,0.203,
frame_ms,0.2725,
frame_ms,0.2565,
frame_ms,0.2236,
frame_ms,0.2197,
frame_ms,0.2112,
frame_ms,0.2813,
frame_ms,1.147,
frame_ms,0.3332,
frame_ms,0.2794,
frame_ms,0.2301,
frame_ms,0.2558,
frame_ms,0.2524,
tick_us,103.5,2
frame_ms,0.4933,
frame_ms,0.2657,
frame_ms,0.267,
frame_ms,0.2063,
frame_ms,0.2125,
frame_ms,0.2053,
frame_ms,1.1525,
frame_ms,0.4008,
frame_ms,0.2768,
frame_ms,0.2356,
frame_ms,0.2075,
frame_ms,0.2052,
frame_ms,0.2045,
frame_ms,0.2418,
frame_ms,0.3728,
frame_ms,0.3394,
frame_ms,0.322,
frame_ms,0.3156,
frame_ms,0.3187,
frame_ms,0.7323,
tick_us,99.1,2
frame_ms,0.5667,
frame_ms,0.2712,
frame_ms,0.235,
frame_ms,0.2069,
frame_ms,0.2147,
frame_ms,0.2025,
frame_ms,0.5971,
frame_ms,0.2784,
frame_ms,0.2487,
frame_ms,0.2185,
frame_ms,0.2337,
frame_ms,0.8935,
frame_ms,0.3315,
frame_ms,0.2615,
frame_ms,0.2242,
frame_ms,0.2525,
frame_ms,0.3235,
frame_ms,0.2575,
frame_ms,0.2181,
frame_ms,0.2239,
frame_ms,0.2143,
frame_ms,0.2136,
frame_ms,0.2279,
tick_us,107.7,2
frame_ms,0.4562,
frame_ms,0.9681,
frame_ms,0.302,
frame_ms,0.2728,
frame_ms,0.2222,
frame_ms,0.5831,
frame_ms,0.2659,
frame_ms,0.2422,
frame_ms,0.2683,
frame_ms,0.221,
frame_ms,0.2165,
frame_ms,0.2108,
frame_ms,0.207,
frame_ms,1.1415,
frame_ms,0.2615,
frame_ms,0.2218,
frame_ms,0.2128,
frame_ms,0.2117,
frame_ms,0.2161,
frame_ms,0.2333,
tick_us,86.7,2
frame_ms,0.4103,
frame_ms,0.2367,
frame_ms,0.2198,
frame_ms,0.2091,
frame_ms,0.2062,
frame_ms,0.2642,
frame_ms,1.2536,
frame_ms,0.4106,
frame_ms,0.325,
frame_ms,0.3166,
frame_ms,0.3161,
frame_ms,0.3316,
frame_ms,0.2526,
frame_ms,0.2124,
frame_ms,0.2142,
frame_ms,0.2092,
frame_ms,0.2058,
frame_ms,0.9716,
frame_ms,0.4029,
tick_us,89.7,2
frame_ms,0.4731,
frame_ms,0.2346,
frame_ms,0.2134,
frame_ms,0.2155,
frame_ms,0.212,
frame_ms,0.2104,
frame_ms,0.2451,
frame_ms,0.234,
frame_ms,1.0325,
frame_ms,0.2192,
frame_ms,0.2028,
frame_ms,0.6641,
frame_ms,0.2341,
frame_ms,0.2107,
frame_ms,0.208,
frame_ms,0.2019,
frame_ms,0.2286,
frame_ms,0.2235,
frame_ms,0.2054,
frame_ms,0.2399,
frame_ms,0.2134,
frame_ms,0.2011,
frame_ms,0.2461,
frame_ms,0.2333,
frame_ms,0.2085,
tick_us,93,2
frame_ms,0.4037,
frame_ms,0.9317,
frame_ms,0.3413,
frame_ms,0.2669,
frame_ms,0.2263,
frame_ms,0.2644,
frame_ms,0.2514,
frame_ms,0.4498,
frame_ms,0.2414,
frame_ms,0.2106,
frame_ms,0.21,
frame_ms,0.2099,
frame_ms,0.2177,
frame_ms,0.2369,
frame_ms,1.0529,
frame_ms,0.3118,
frame_ms,0.2794,
frame_ms,0.221,
frame_ms,0.2976,
frame_ms,0.2338,
tick_us,91.9,2
frame_ms,0.4176,
frame_ms,0.4174,
frame_ms,0.2578,
frame_ms,0.2119,
frame_ms,0.212,
frame_ms,0.2054,
frame_ms,1.0822,
frame_ms,0.3064,
frame_ms,0.6805,
frame_ms,0.244,
frame_ms,0.2498,
frame_ms,0.2542,
frame_ms,0.2522,
frame_ms,0.222,
frame_ms,0.2125,
frame_ms,0.2093,
frame_ms,0.2453,
frame_ms,0.2406,
frame_ms,1.0483,
tick_us,95.3,2
frame_ms,0.4679,
frame_ms,0.2361,
frame_ms,0.2112,
frame_ms,0.2121,
frame_ms,0.2247,
frame_ms,0.2056,
frame_ms,0.2368,
frame_ms,0.2191,
frame_ms,0.2043,
frame_ms,0.2376,
frame_ms,0.2217,
frame_ms,1.1492,
frame_ms,0.2419,
frame_ms,0.2171,
frame_ms,0.2167,
frame_ms,0.7381,
frame_ms,0.5281,
frame_ms,0.3977,
frame_ms,0.2688,
frame_ms,0.2299,
frame_ms,0.3037,
tick_us,109.9,2
frame_ms,0.4722,
frame_ms,0.2415,
frame_ms,0.662,
frame_ms,0.2835,
frame_ms,0.2521,
frame_ms,0.2316,
frame_ms,0.4816,
frame_ms,0.2712,
frame_ms,1.1576,
frame_ms,0.2941,
frame_ms,0.4076,
frame_ms,0.3903,
frame_ms,0.431,
frame_ms,0.3813,
frame_ms,0.2988,
frame_ms,0.3583,
frame_ms,0.3278,
tick_us,113.6,2
frame_ms,0.582,
frame_ms,0.2629,
frame_ms,0.3326,
frame_ms,0.3528,
frame_ms,0.2852,
frame_ms,0.2329,
frame_ms,0.6948,
frame_ms,0.2312,
frame_ms,0.2204,
frame_ms,1.1163,
frame_ms,0.2335,
frame_ms,0.2135,
frame_ms,0.3132,
frame_ms,0.3348,
frame_ms,0.3035,
frame_ms,0.2476,
frame_ms,0.971,
tick_us,101.8,2
frame_ms,0.5564,
frame_ms,0.2894,
frame_ms,0.2947,
frame_ms,0.2371,
frame_ms,0.2795,
frame_ms,0.3775,
frame_ms,0.2815,
frame_ms,0.3424,
frame_ms,0.2951,
frame_ms,0.2689,
frame_ms,1.0606,
frame_ms,0.3862,
frame_ms,0.3366,
frame_ms,0.3231,
frame_ms,0.3207,
frame_ms,0.3356,
frame_ms,0.2489,
frame_ms,0.2223,
frame_ms,0.2241,
frame_ms,0.2157,
tick_us,129.4,2
frame_ms,0.498,
frame_ms,0.9762,
frame_ms,0.2795,
frame_ms,0.4116,
frame_ms,0.3567,
frame_ms,0.3287,
frame_ms,0.3572,
frame_ms,0.3436,
frame_ms,1.2662,
frame_ms,0.2815,
frame_ms,0.2221,
frame_ms,0.4006,
frame_ms,0.3006,
frame_ms,0.3071,
frame_ms,0.2486,
frame_ms,0.2111,
frame_ms,0.2179,
tick_us,125.1,2
frame_ms,0.6503,
frame_ms,0.2806,
frame_ms,0.2755,
frame_ms,0.3007,
frame_ms,0.2841,
frame_ms,0.9605,
frame_ms,0.313,
frame_ms,0.2648,
frame_ms,0.223,
frame_ms,0.316,
frame_ms,0.3058,
frame_ms,0.289,
frame_ms,0.2749,
frame_ms,0.217,
frame_ms,0.2127,
frame_ms,0.4166,
frame_ms,0.3701,
frame_ms,0.3158,
frame_ms,0.67,
tick_us,104.6,2
frame_ms,0.5534,
frame_ms,0.2623,
frame_ms,0.2958,
frame_ms,0.2774,
frame_ms,0.2203,
frame_ms,0.2216,
frame_ms,0.2093,
frame_ms,0.2101,
frame_ms,0.2478,
frame_ms,0.2714,
frame_ms,0.2416,
frame_ms,1.1352,
frame_ms,1.2101,
frame_ms,0.3378,
frame_ms,0.2417,
frame_ms,0.2182,
frame_ms,0.2152,
frame_ms,0.2108,
frame_ms,0.2713,
tick_us,99.7,1
frame_ms,0.4489,
frame_ms,1.0741,
frame_ms,0.4841,
frame_ms,0.3997,
frame_ms,0.3591,
frame_ms,0.3575,
frame_ms,0.3295,
frame_ms,0.3149,
frame_ms,0.3171,
frame_ms,0.3312,
frame_ms,0.3146,
frame_ms,0.3143,
frame_ms,0.57,
frame_ms,0.3644,
frame_ms,0.3312,
frame_ms,0.3002,
frame_ms,0.2761,
tick_us,116.4,2
frame_ms,0.9116,
frame_ms,0.4189,
frame_ms,0.2789,
frame_ms,0.333,
frame_ms,0.2681,
frame_ms,0.7332,
frame_ms,0.2902,
frame_ms,0.3972,
frame_ms,0.3896,
frame_ms,0.3558,
frame_ms,0.3374,
frame_ms,0.3285,
frame_ms,0.329,
frame_ms,0.3669,
frame_ms,0.3767,
frame_ms,0.6178,
frame_ms,0.3865,
tick_us,149.5,2
frame_ms,0.6506,
frame_ms,0.3128,
frame_ms,0.2802,
frame_ms,0.2266,
frame_ms,0.2343,
frame_ms,0.2304,
frame_ms,0.2444,
frame_ms,0.2346,
frame_ms,0.227,
frame_ms,0.2973,
frame_ms,1.256,
frame_ms,0.384,
frame_ms,0.2551,
frame_ms,0.2329,
frame_ms,0.2404,
frame_ms,0.2254,
frame_ms,0.2205,
frame_ms,0.2381,
frame_ms,0.2776,
frame_ms,0.231,
frame_ms,0.3029,
tick_us,107.8,2
frame_ms,0.4891,
frame_ms,1.4858,
frame_ms,0.4414,
frame_ms,0.2371,
frame_ms,0.2229,
frame_ms,0.2163,
frame_ms,0.2089,
frame_ms,0.2702,
frame_ms,0.2806,
frame_ms,0.2397,
frame_ms,0.2536,
frame_ms,0.2326,
frame_ms,1.0854,
frame_ms,0.3541,
frame_ms,0.2511,
frame_ms,0.2112,
frame_ms,0.2181,
frame_ms,0.2155,
frame_ms,0.2131,
tick_us,139.2,2
frame_ms,0.7528,
frame_ms,0.331,
frame_ms,0.3274,
frame_ms,0.3225,
frame_ms,0.326,
frame_ms,0.6719,
frame_ms,0.3011,
frame_ms,0.2438,
frame_ms,0.4236,
frame_ms,0.2701,
frame_ms,0.2416,
frame_ms,0.223,
frame_ms,0.249,
frame_ms,0.2162,
frame_ms,0.2146,
frame_ms,0.2599,
frame_ms,1.2272,
frame_ms,0.342,
tick_us,114.8,2
frame_ms,0.5094,
frame_ms,0.2412,
frame_ms,0.228,
frame_ms,0.2189,
frame_ms,0.2117,
frame_ms,0.2551,
frame_ms,0.2663,
frame_ms,0.2286,
frame_ms,0.2137,
frame_ms,0.2113,
frame_ms,0.2916,
frame_ms,1.2459,
frame_ms,0.331,
frame_ms,0.2998,
frame_ms,0.2208,
frame_ms,0.2204,
frame_ms,0.2101,
frame_ms,0.2115,
frame_ms,1.1755,
tick_us,107.6,2
frame_ms,0.4518,
frame_ms,0.3409,
frame_ms,0.714,
frame_ms,0.3031,
frame_ms,0.2222,
frame_ms,0.2198,
frame_ms,0.2184,
frame_ms,0.2218,
frame_ms,0.2109,
frame_ms,0.2676,
frame_ms,0.2974,
frame_ms,0.2419,
frame_ms,0.2605,
frame_ms,0.2522,
frame_ms,0.2232,
frame_ms,1.2541,
frame_ms,0.3328,
frame_ms,0.3131,
frame_ms,0.2421,
frame_ms,0.2725,
tick_us,128.2,2
frame_ms,0.5459,
frame_ms,0.2901,
frame_ms,0.4005,
frame_ms,0.6995,
frame_ms,0.5952,
frame_ms,0.5243,
frame_ms,0.3879,
frame_ms,0.3612,
frame_ms,0.2934,
frame_ms,0.2316,
frame_ms,0.2301,
frame_ms,0.2231,
frame_ms,0.2251,
frame_ms,0.2644,
frame_ms,0.275,
frame_ms,0.3202,
frame_ms,1.2634,
tick_us,103.9,2
frame_ms,1.0273,
frame_ms,0.2972,
frame_ms,0.3527,
frame_ms,0.3325,
frame_ms,0.3247,
frame_ms,0.3344,
frame_ms,0.3274,
frame_ms,0.2894,
frame_ms,0.8822,
frame_ms,0.3983,
frame_ms,0.258,
frame_ms,0.2214,
frame_ms,0.2206,
frame_ms,0.2193,
frame_ms,0.2275,
frame_ms,0.2755,
frame_ms,0.2809,
frame_ms,0.2463,
frame_ms,0.2526,
tick_us,104.1,2
frame_ms,1.3984,
frame_ms,0.2471,
frame_ms,0.2192,
frame_ms,0.2305,
frame_ms,0.216,
frame_ms,0.2859,
frame_ms,0.2778,
frame_ms,0.2308,
frame_ms,0.22,
frame_ms,0.2171,
frame_ms,0.2957,
frame_ms,0.2354,
frame_ms,0.2121,
frame_ms,0.2365,
frame_ms,1.2146,
frame_ms,0.2837,
frame_ms,0.2254,
frame_ms,0.2323,
frame_ms,0.224,
tick_us,99.6,2
frame_ms,1.6343,
frame_ms,0.4445,
frame_ms,0.298,
frame_ms,0.2256,
frame_ms,0.6054,
frame_ms,0.3272,
frame_ms,0.2986,
frame_ms,0.2383,
frame_ms,0.2719,
frame_ms,0.3017,
frame_ms,0.277,
frame_ms,0.2712,
frame_ms,0.2288,
frame_ms,0.2217,
frame_ms,0.222,
frame_ms,0.2328,
frame_ms,1.2656,
tick_us,94.6,2
frame_ms,0.573,
frame_ms,0.571,
frame_ms,0.2675,
frame_ms,0.2749,
frame_ms,0.2941,
frame_ms,0.2715,
frame_ms,0.2427,
frame_ms,0.3075,
frame_ms,0.2447,
frame_ms,1.1068,
frame_ms,0.3181,
frame_ms,0.2879,
frame_ms,0.2358,
frame_ms,0.2677,
frame_ms,0.2709,
frame_ms,0.4513,
frame_ms,0.2811,
frame_ms,0.2163,
frame_ms,0.2237,
frame_ms,0.227,
tick_us,425.5,2
frame_ms,1.3649,
frame_ms,0.2728,
frame_ms,0.2442,
frame_ms,0.2202,
frame_ms,0.2336,
frame_ms,0.2338,
frame_ms,0.2494,
frame_ms,0.2305,
frame_ms,0.2332,
frame_ms,0.2128,
frame_ms,0.2772,
frame_ms,0.2386,
frame_ms,0.2176,
frame_ms,0.2565,
frame_ms,1.0598,
frame_ms,0.2416,
frame_ms,0.219,
frame_ms,0.2099,
frame_ms,0.2116,
frame_ms,0.2821,
frame_ms,0.2657,
tick_us,99.9,2
frame_ms,0.4521,
frame_ms,0.2467,
frame_ms,0.2263,
frame_ms,0.2232,
frame_ms,0.2239,
frame_ms,0.3008,
frame_ms,1.0761,
frame_ms,0.3664,
frame_ms,0.2888,
frame_ms,0.2391,
frame_ms,0.2098,
frame_ms,0.2089,
frame_ms,0.2336,
frame_ms,0.2384,
frame_ms,0.206,
frame_ms,0.2513,
frame_ms,0.219,
frame_ms,0.2182,
frame_ms,0.2233,
frame_ms,1.2461,
tick_us,84.7,2
frame_ms,0.4428,
frame_ms,0.9479,
frame_ms,0.248,
frame_ms,0.2089,
frame_ms,0.213,
frame_ms,0.2132,
frame_ms,0.2057,
frame_ms,0.5722,
frame_ms,0.3122,
frame_ms,0.8299,
frame_ms,0.3283,
frame_ms,0.2784,
frame_ms,0.246,
frame_ms,0.2605,
frame_ms,0.283,
frame_ms,0.2564,
frame_ms,0.2508,
frame_ms,0.2222,
frame_ms,0.2153,
frame_ms,0.2083,
frame_ms,0.2491,
tick_us,91.6,2
frame_ms,0.4229,
frame_ms,0.9197,
frame_ms,0.3969,
frame_ms,0.3316,
frame_ms,0.3225,
frame_ms,0.3254,
frame_ms,0.3325,
frame_ms,0.3207,
frame_ms,0.3282,
frame_ms,0.3192,
frame_ms,0.3202,
frame_ms,0.3147,
frame_ms,0.8816,
frame_ms,0.2676,
frame_ms,0.2313,
frame_ms,0.2147,
frame_ms,0.2134,
frame_ms,0.2111,
frame_ms,0.2261,
tick_us,103.9,1
frame_ms,0.4398,
frame_ms,0.2388,
frame_ms,0.2055,
frame_ms,0.2069,
frame_ms,1.0318,
frame_ms,0.2169,
frame_ms,0.4668,
frame_ms,0.2297,
frame_ms,0.2096,
frame_ms,0.2058,
frame_ms,0.2073,
frame_ms,0.2385,
frame_ms,0.3586,
frame_ms,0.3119,
frame_ms,0.2809,
frame_ms,0.2496,
frame_ms,0.228,
frame_ms,0.2795,
frame_ms,0.2322,
frame_ms,1.1045,
tick_us,99.3,1
frame_ms,0.531,
frame_ms,0.2471,
frame_ms,0.2284,
frame_ms,0.2579,
frame_ms,0.276,
frame_ms,0.2393,
frame_ms,0.5173,
frame_ms,0.257,
frame_ms,0.2747,
frame_ms,0.2755,
frame_ms,1.0618,
frame_ms,0.3048,
frame_ms,0.2604,
frame_ms,0.2195,
frame_ms,0.2527,
frame_ms,0.2511,
frame_ms,0.2488,
frame_ms,0.2891,
frame_ms,0.2345,
frame_ms,0.2174,
frame_ms,0.2074,
frame_ms,0.2101,
tick_us,92,0
frame_ms,0.457,
frame_ms,1.0109,
frame_ms,0.3074,
frame_ms,0.2642,
frame_ms,0.2241,
frame_ms,0.4864,
frame_ms,0.2547,
frame_ms,0.2642,
frame_ms,0.259,
frame_ms,0.255,
frame_ms,0.2526,
frame_ms,0.277,
frame_ms,0.2331,
frame_ms,1.1031,
frame_ms,0.3134,
frame_ms,0.2122,
frame_ms,0.2174,
frame_ms,0.2089,
frame_ms,0.296,
tick_us,92.7,0
frame_ms,0.4478,
frame_ms,0.2631,
frame_ms,0.2466,
frame_ms,0.2041,
frame_ms,0.2069,
frame_ms,0.2174,
frame_ms,0.2386,
frame_ms,1.0739,
frame_ms,0.3833,
frame_ms,0.322,
frame_ms,0.3397,
frame_ms,0.3156,
frame_ms,0.3165,
frame_ms,0.3305,
frame_ms,0.2722,
frame_ms,0.2365,
frame_ms,0.2142,
frame_ms,0.2137,
frame_ms,0.2052,
frame_ms,1.0323,
tick_us,98.3,0
frame_ms,0.5639,
frame_ms,0.248,
frame_ms,0.2835,
frame_ms,0.237,
frame_ms,0.2114,
frame_ms,0.2098,
frame_ms,0.2077,
frame_ms,1.168,
frame_ms,0.2193,
frame_ms,0.2029,
frame_ms,0.6043,
frame_ms,0.3163,
frame_ms,0.24,
frame_ms,0.2118,
frame_ms,0.2158,
frame_ms,0.2034,
frame_ms,0.2308,
frame_ms,0.208,
frame_ms,0.267,
frame_ms,0.2479,
frame_ms,0.2128,
frame_ms,0.2033,
frame_ms,0.2609,
tick_us,90.9,0
frame_ms,0.4544,
frame_ms,1.083,
frame_ms,0.4373,
frame_ms,0.216,
frame_ms,0.9593,
frame_ms,0.215,
frame_ms,0.2091,
frame_ms,0.2127,
frame_ms,0.2141,
frame_ms,0.2245,
frame_ms,0.2232,
frame_ms,1.0893,
frame_ms,0.3185,
frame_ms,0.2697,
frame_ms,0.2295,
frame_ms,0.3015,
frame_ms,0.2256,
tick_us,102.4,1
frame_ms,0.4241,
frame_ms,0.2263,
frame_ms,0.2052,
frame_ms,0.2111,
frame_ms,0.2048,
frame_ms,0.2168,
frame_ms,0.246,
frame_ms,1.0532,
frame_ms,0.4047,
frame_ms,0.5355,
frame_ms,0.3184,
frame_ms,0.2849,
frame_ms,0.2507,
frame_ms,0.2544,
frame_ms,0.2572,
frame_ms,0.251,
frame_ms,0.2195,
frame_ms,0.2097,
frame_ms,1.1847,
tick_us,93.5,1
frame_ms,0.481,
frame_ms,0.259,
frame_ms,0.2096,
frame_ms,0.2059,
frame_ms,0.2161,
frame_ms,0.203,
frame_ms,0.2569,
frame_ms,0.2643,
frame_ms,0.2182,
frame_ms,0.2079,
frame_ms,0.2261,
frame_ms,0.227,
frame_ms,1.1811,
frame_ms,0.2395,
frame_ms,0.2113,
frame_ms,0.2062,
frame_ms,0.2037,
frame_ms,0.2447,
frame_ms,0.2232,
frame_ms,0.2022,
frame_ms,0.2261,
frame_ms,0.2218,
frame_ms,0.2008,
frame_ms,0.2536,
frame_ms,0.229,
frame_ms,0.2062,
tick_us,96.5,1
frame_ms,0.4262,
frame_ms,0.8749,
frame_ms,0.2289,
frame_ms,0.2145,
frame_ms,0.2075,
frame_ms,0.2073,
frame_ms,0.2451,
frame_ms,0.2254,
frame_ms,0.2066,
frame_ms,0.9349,
frame_ms,0.2289,
frame_ms,0.2125,
frame_ms,0.2101,
frame_ms,1.066,
frame_ms,0.321,
frame_ms,0.2748,
frame_ms,0.2713,
frame_ms,0.2512,
frame_ms,0.2129,
tick_us,84.9,1
frame_ms,0.3964,
frame_ms,0.2223,
frame_ms,0.2035,
frame_ms,0.2068,
frame_ms,0.2153,
frame_ms,0.3094,
frame_ms,0.2208,
frame_ms,1.0585,
frame_ms,0.2607,
frame_ms,0.218,
frame_ms,0.2114,
frame_ms,0.2068,
frame_ms,0.2089,
frame_ms,0.2645,
frame_ms,0.2439,
frame_ms,0.2175,
frame_ms,0.601,
frame_ms,0.4705,
frame_ms,0.2732,
frame_ms,0.2101,
frame_ms,0.7841,
tick_us,89.9,1
frame_ms,0.5316,
frame_ms,0.2672,
frame_ms,0.2796,
frame_ms,0.2123,
frame_ms,0.2131,
frame_ms,0.208,
frame_ms,0.2062,
frame_ms,0.2627,
frame_ms,0.2301,
frame_ms,0.2259,
frame_ms,0.2165,
frame_ms,0.2506,
frame_ms,1.0532,
frame_ms,0.381,
frame_ms,0.3203,
frame_ms,0.3196,
frame_ms,0.3181,
frame_ms,0.3818,
frame_ms,0.3113,
frame_ms,0.249,
frame_ms,0.216,
frame_ms,0.2132,
tick_us,90.9,1
frame_ms,0.4091,
frame_ms,0.237,
frame_ms,0.8105,
frame_ms,0.2584,
frame_ms,0.2141,
frame_ms,0.2078,
frame_ms,0.2021,
frame_ms,0.2138,
frame_ms,0.2353,
frame_ms,0.253,
frame_ms,0.2205,
frame_ms,0.2207,
frame_ms,0.2297,
frame_ms,0.2192,
frame_ms,0.2546,
frame_ms,0.2339,
frame_ms,1.2079,
frame_ms,0.4528,
frame_ms,0.3115,
frame_ms,0.2828,
frame_ms,0.2293,
tick_us,95.2,1
frame_ms,0.5545,
frame_ms,0.4649,
frame_ms,0.29,
frame_ms,0.2817,
frame_ms,0.2697,
frame_ms,0.2385,
frame_ms,0.7982,
frame_ms,0.3191,
frame_ms,0.2617,
frame_ms,0.2959,
frame_ms,0.2916,
frame_ms,0.2205,
frame_ms,0.2213,
frame_ms,0.2138,
frame_ms,0.2101,
frame_ms,0.2439,
frame_ms,0.2398,
frame_ms,0.2145,
frame_ms,0.2509,
frame_ms,1.2052,
tick_us,106.6,1
frame_ms,0.5689,
frame_ms,0.2657,
frame_ms,0.2861,
frame_ms,0.2193,
frame_ms,0.2158,
frame_ms,0.2144,
frame_ms,0.2121,
frame_ms,0.2572,
frame_ms,0.275,
frame_ms,0.2335,
frame_ms,0.2256,
frame_ms,1.1659,
frame_ms,0.3494,
frame_ms,0.2509,
frame_ms,0.2207,
frame_ms,0.2109,
frame_ms,0.2176,
frame_ms,0.2077,
frame_ms,0.2069,
frame_ms,0.253,
frame_ms,0.4373,
frame_ms,0.4272,
tick_us,103,0
frame_ms,0.4933,
frame_ms,0.2594,
frame_ms,0.6161,
frame_ms,0.3017,
frame_ms,0.2683,
frame_ms,0.2184,
frame_ms,0.2308,
frame_ms,0.2542,
frame_ms,0.2473,
frame_ms,0.2494,
frame_ms,0.2744,
frame_ms,0.2384,
frame_ms,0.2142,
frame_ms,0.2951,
frame_ms,0.2316,
frame_ms,1.1864,
frame_ms,0.3763,
frame_ms,0.2932,
frame_ms,0.52,
tick_us,96.9,0
frame_ms,0.5027,
frame_ms,0.2394,
frame_ms,0.2125,
frame_ms,0.2175,
frame_ms,0.2118,
frame_ms,0.2121,
frame_ms,0.2489,
frame_ms,1.0885,
frame_ms,0.2332,
frame_ms,0.2232,
frame_ms,0.2168,
frame_ms,0.2083,
frame_ms,0.2459,
frame_ms,0.2288,
frame_ms,0.2105,
frame_ms,0.2274,
frame_ms,0.8729,
frame_ms,0.5324,
frame_ms,0.2108,
frame_ms,0.2266,
frame_ms,0.763,
tick_us,101.3,0
frame_ms,0.5381,
frame_ms,0.2497,
frame_ms,0.2284,
frame_ms,0.2145,
frame_ms,0.2165,
frame_ms,0.2143,
frame_ms,0.2185,
frame_ms,0.2364,
frame_ms,0.2625,
frame_ms,0.2266,
frame_ms,0.2119,
frame_ms,1.1374,
frame_ms,0.3229,
frame_ms,0.2708,
frame_ms,0.2242,
frame_ms,0.259,
frame_ms,0.2568,
frame_ms,0.5936,
frame_ms,0.2355,
frame_ms,0.2446,
frame_ms,0.2564,
tick_us,93.3,0
frame_ms,0.6322,
frame_ms,0.2409,
frame_ms,0.6292,
frame_ms,0.3374,
frame_ms,0.2694,
frame_ms,0.2237,
frame_ms,0.2544,
frame_ms,0.2528,
frame_ms,0.2509,
frame_ms,0.2821,
frame_ms,0.2251,
frame_ms,0.2158,
frame_ms,0.2145,
frame_ms,0.2068,
frame_ms,0.2457,
frame_ms,1.173,
frame_ms,0.2757,
frame_ms,0.6677,
frame_ms,0.2547,
frame_ms,0.2134,
tick_us,112.9,0
frame_ms,0.4989,
frame_ms,0.3049,
frame_ms,0.2535,
frame_ms,0.2101,
frame_ms,0.2182,
frame_ms,0.2135,
frame_ms,1.0663,
frame_ms,0.2464,
frame_ms,0.2168,
frame_ms,0.2154,
frame_ms,0.2143,
frame_ms,0.2116,
frame_ms,0.234,
frame_ms,0.2168,
frame_ms,0.2134,
frame_ms,0.2267,
frame_ms,0.2316,
frame_ms,0.2252,
frame_ms,0.2113,
frame_ms,1.127,
frame_ms,0.3879,
tick_us,92.7,0
frame_ms,0.6017,
frame_ms,0.2831,
frame_ms,0.2471,
frame_ms,0.2101,
frame_ms,0.2163,
frame_ms,0.2132,
frame_ms,0.2068,
frame_ms,0.2445,
frame_ms,0.2531,
frame_ms,0.2177,
frame_ms,0.2269,
frame_ms,0.238,
frame_ms,0.9893,
frame_ms,0.3144,
frame_ms,0.2633,
frame_ms,0.2253,
frame_ms,0.2524,
frame_ms,0.2512,
frame_ms,0.2533,
frame_ms,0.261,
frame_ms,0.2718,
frame_ms,0.2566,
frame_ms,0.2524,
tick_us,90.2,1
frame_ms,0.4762,
frame_ms,0.3348,
frame_ms,0.7643,
frame_ms,0.3196,
frame_ms,0.2418,
frame_ms,0.2098,
frame_ms,0.2146,
frame_ms,0.2079,
frame_ms,0.236,
frame_ms,0.2665,
frame_ms,0.2589,
frame_ms,0.2186,
frame_ms,0.2086,
frame_ms,0.2528,
frame_ms,0.2307,
frame_ms,1.2859,
frame_ms,0.2314,
frame_ms,0.2139,
frame_ms,1.0024,
tick_us,97.4,2
frame_ms,0.4154,
frame_ms,0.2377,
frame_ms,0.3735,
frame_ms,0.3667,
frame_ms,0.2222,
frame_ms,0.2502,
frame_ms,0.8602,
frame_ms,0.3882,
frame_ms,0.3218,
frame_ms,0.3165,
frame_ms,0.3141,
frame_ms,0.3261,
frame_ms,0.2592,
frame_ms,0.2138,
frame_ms,0.2124,
frame_ms,0.2119,
frame_ms,0.2077,
frame_ms,0.2483,
frame_ms,1.1343,
tick_us,101.2,1
frame_ms,0.4754,
frame_ms,0.2503,
frame_ms,0.2296,
frame_ms,0.3401,
frame_ms,0.3593,
frame_ms,0.2428,
frame_ms,0.2741,
frame_ms,0.2185,
frame_ms,0.2105,
frame_ms,0.2055,
frame_ms,0.203,
frame_ms,1.181,
frame_ms,0.3287,
frame_ms,0.2534,
frame_ms,0.2122,
frame_ms,0.2168,
frame_ms,0.2137,
frame_ms,0.2436,
frame_ms,0.2485,
frame_ms,0.2169,
frame_ms,0.2106,
frame_ms,0.8,
tick_us,98.8,1
frame_ms,0.7568,
frame_ms,0.2225,
frame_ms,0.316,
frame_ms,0.388,
frame_ms,0.3846,
frame_ms,0.3417,
frame_ms,0.3235,
frame_ms,0.3154,
frame_ms,0.3127,
frame_ms,0.3279,
frame_ms,0.2765,
frame_ms,0.2441,
frame_ms,0.2131,
frame_ms,0.9502,
frame_ms,0.2476,
frame_ms,0.2148,
frame_ms,0.2236,
frame_ms,0.2121,
frame_ms,0.226,
tick_us,94.3,1
frame_ms,1.3411,
frame_ms,0.2287,
frame_ms,0.2105,
frame_ms,0.3615,
frame_ms,0.8951,
frame_ms,0.2503,
frame_ms,0.2225,
frame_ms,0.2164,
frame_ms,0.2066,
frame_ms,0.2099,
frame_ms,0.261,
frame_ms,0.2425,
frame_ms,0.2181,
frame_ms,0.2264,
frame_ms,0.2456,
frame_ms,0.2336,
frame_ms,0.2109,
frame_ms,0.2155,
frame_ms,1.2101,
tick_us,93.1,1
frame_ms,0.4664,
frame_ms,0.5454,
frame_ms,0.2815,
frame_ms,0.2477,
frame_ms,0.2147,
frame_ms,0.473,
frame_ms,0.4651,
frame_ms,0.3216,
frame_ms,0.2719,
frame_ms,0.3355,
frame_ms,0.5696,
frame_ms,0.3741,
frame_ms,0.31,
frame_ms,0.2683,
frame_ms,0.2278,
frame_ms,0.38,
frame_ms,0.2475,
frame_ms,0.2094,
frame_ms,0.2166,
frame_ms,0.2138,
frame_ms,0.2257,
tick_us,107.7,1
frame_ms,1.2269,
frame_ms,0.2519,
frame_ms,0.2299,
frame_ms,0.2207,
frame_ms,0.2219,
frame_ms,0.3099,
frame_ms,0.4955,
frame_ms,0.3142,
frame_ms,0.3249,
frame_ms,0.2284,
frame_ms,0.2036,
frame_ms,0.2042,
frame_ms,0.2182,
frame_ms,1.2091,
frame_ms,0.3153,
frame_ms,0.2878,
frame_ms,0.2725,
frame_ms,0.274,
frame_ms,0.2252,
tick_us,94.8,1
frame_ms,0.4239,
frame_ms,0.2309,
frame_ms,0.2137,
frame_ms,0.2208,
frame_ms,0.2189,
frame_ms,0.2191,
frame_ms,0.2124,
frame_ms,1.0841,
frame_ms,0.3872,
frame_ms,0.4219,
frame_ms,0.2766,
frame_ms,0.2554,
frame_ms,0.2274,
frame_ms,0.2188,
frame_ms,0.209,
frame_ms,0.2082,
frame_ms,0.2466,
frame_ms,0.2387,
frame_ms,0.62,
frame_ms,0.8426,
tick_us,115,1
frame_ms,0.5993,
frame_ms,0.2639,
frame_ms,0.2963,
frame_ms,0.2778,
frame_ms,0.2188,
frame_ms,0.2237,
frame_ms,0.2153,
frame_ms,0.2162,
frame_ms,0.2717,
frame_ms,0.4397,
frame_ms,0.3075,
frame_ms,0.8111,
frame_ms,0.3894,
frame_ms,0.327,
frame_ms,0.321,
frame_ms,0.3614,
frame_ms,0.3425,
frame_ms,0.2996,
frame_ms,0.3054,
frame_ms,0.3338,
tick_us,138.7,2
frame_ms,0.5797,
frame_ms,0.3034,
frame_ms,0.6062,
frame_ms,0.3524,
frame_ms,0.2655,
frame_ms,0.2224,
frame_ms,0.3823,
frame_ms,0.5477,
frame_ms,0.4784,
frame_ms,0.4534,
frame_ms,0.3754,
frame_ms,0.3373,
frame_ms,0.7946,
frame_ms,0.3851,
frame_ms,0.3505,
frame_ms,0.4083,
tick_us,119.7,2
frame_ms,0.7864,
frame_ms,0.4188,
frame_ms,0.3726,
frame_ms,0.3606,
frame_ms,0.3702,
frame_ms,0.9051,
frame_ms,0.5295,
frame_ms,0.4833,
frame_ms,0.3942,
frame_ms,0.3052,
frame_ms,0.2218,
frame_ms,0.2232,
frame_ms,0.2288,
frame_ms,0.3063,
frame_ms,0.3766,
frame_ms,0.8831,
tick_us,120.7,2
frame_ms,0.6771,
frame_ms,0.389,
frame_ms,0.39,
frame_ms,0.372,
frame_ms,0.3004,
frame_ms,0.29,
frame_ms,0.3077,
frame_ms,0.2726,
frame_ms,0.421,
frame_ms,0.7965,
frame_ms,0.4149,
frame_ms,0.3716,
frame_ms,0.3142,
frame_ms,0.3005,
frame_ms,0.2904,
frame_ms,0.3168,
frame_ms,0.4859,
tick_us,125.4,2
frame_ms,0.6715,
frame_ms,0.3767,
frame_ms,0.3395,
frame_ms,0.3955,
frame_ms,1.0152,
frame_ms,0.4854,
frame_ms,0.3513,
frame_ms,0.2771,
frame_ms,0.3957,
frame_ms,0.4028,
frame_ms,0.3001,
frame_ms,0.7669,
frame_ms,0.2817,
frame_ms,0.2298,
frame_ms,0.2237,
frame_ms,0.2322,
frame_ms,0.2239,
frame_ms,0.931,
tick_us,116.5,2
frame_ms,0.6624,
frame_ms,0.241,
frame_ms,0.2136,
frame_ms,1.1949,
frame_ms,0.2328,
frame_ms,0.2075,
frame_ms,0.246,
frame_ms,0.3736,
frame_ms,0.374,
frame_ms,0.2739,
frame_ms,0.3102,
frame_ms,0.2952,
frame_ms,0.3334,
frame_ms,0.2661,
frame_ms,0.2457,
frame_ms,0.7325,
tick_us,116.4,2
frame_ms,0.55,
frame_ms,0.2586,
frame_ms,0.2527,
frame_ms,0.2167,
frame_ms,0.2194,
frame_ms,0.2146,
frame_ms,0.2181,
frame_ms,0.228,
frame_ms,0.2346,
frame_ms,0.2116,
frame_ms,0.6382,
frame_ms,0.267,
frame_ms,0.8251,
frame_ms,0.4736,
frame_ms,0.3038,
frame_ms,0.2667,
frame_ms,0.3681,
frame_ms,0.3536,
frame_ms,0.262,
frame_ms,0.218,
frame_ms,0.2196,
tick_us,114.5,2
frame_ms,0.4961,
frame_ms,0.2478,
frame_ms,0.8003,
frame_ms,0.2713,
frame_ms,0.2234,
frame_ms,0.2149,
frame_ms,0.2147,
frame_ms,1.2017,
frame_ms,0.2223,
frame_ms,0.203,
frame_ms,0.2113,
frame_ms,0.2132,
frame_ms,1.2258,
frame_ms,0.3178,
frame_ms,0.2325,
frame_ms,0.2173,
frame_ms,0.2066,
frame_ms,0.2064,
tick_us,112.2,2
frame_ms,0.4867,
frame_ms,0.2388,
frame_ms,0.2106,
frame_ms,0.2105,
frame_ms,0.2049,
frame_ms,0.2076,
frame_ms,0.2688,
frame_ms,1.1325,
frame_ms,0.2562,
frame_ms,0.5744,
frame_ms,0.2648,
frame_ms,0.2114,
frame_ms,0.2297,
frame_ms,0.4726,
frame_ms,0.4433,
frame_ms,0.3319,
frame_ms,0.2638,
frame_ms,0.4259,
frame_ms,0.6978,
tick_us,113,2
frame_ms,0.5809,
frame_ms,0.2873,
frame_ms,0.2487,
frame_ms,0.227,
frame_ms,0.2182,
frame_ms,0.2271,
frame_ms,0.2133,
frame_ms,0.2513,
frame_ms,0.2351,
frame_ms,1.0532,
frame_ms,0.2205,
frame_ms,0.3593,
frame_ms,0.2472,
frame_ms,0.2231,
frame_ms,0.2126,
frame_ms,0.2083,
frame_ms,0.236,
frame_ms,0.2422,
frame_ms,0.2099,
frame_ms,0.272,
frame_ms,0.2779,
frame_ms,0.2295,
frame_ms,0.2153,
frame_ms,0.2113,
tick_us,103.6,2
frame_ms,0.46,
frame_ms,0.9544,
frame_ms,0.3463,
frame_ms,0.2916,
frame_ms,0.3211,
frame_ms,0.2502,
frame_ms,0.2139,
frame_ms,0.213,
frame_ms,0.2112,
frame_ms,0.2022,
frame_ms,0.2689,
frame_ms,0.2782,
frame_ms,0.2407,
frame_ms,0.2176,
frame_ms,1.1241,
frame_ms,0.2556,
frame_ms,0.2131,
frame_ms,0.2157,
frame_ms,0.2141,
frame_ms,0.2328,
frame_ms,0.2136,
tick_us,94.1,2
frame_ms,0.4761,
frame_ms,0.2959,
frame_ms,0.2599,
frame_ms,0.2345,
frame_ms,0.2666,
frame_ms,0.4265,
frame_ms,0.8444,
frame_ms,0.3767,
frame_ms,0.2526,
frame_ms,0.2117,
frame_ms,0.2179,
frame_ms,0.2243,
frame_ms,0.2098,
frame_ms,0.2151,
frame_ms,0.2739,
frame_ms,0.2265,
frame_ms,0.2138,
frame_ms,0.2253,
frame_ms,0.2269,
frame_ms,1.2995,
tick_us,101,2
frame_ms,0.5227,
frame_ms,0.2583,
frame_ms,0.2237,
frame_ms,0.2578,
frame_ms,0.2258,
frame_ms,0.2182,
frame_ms,0.2491,
frame_ms,0.3357,
frame_ms,0.3305,
frame_ms,0.2392,
frame_ms,0.237,
frame_ms,1.0593,
frame_ms,0.3552,
frame_ms,0.2903,
frame_ms,0.2674,
frame_ms,0.2445,
frame_ms,0.2193,
frame_ms,0.2138,
frame_ms,0.208,
frame_ms,0.243,
frame_ms,0.2397,
frame_ms,0.2099,
frame_ms,0.2422,
tick_us,92.4,2
frame_ms,0.4373,
frame_ms,0.9998,
frame_ms,0.3388,
frame_ms,0.3025,
frame_ms,0.2494,
frame_ms,0.4652,
frame_ms,0.3351,
frame_ms,0.2832,
frame_ms,0.2173,
frame_ms,0.2158,
frame_ms,0.2153,
frame_ms,0.2167,
frame_ms,0.2355,
frame_ms,1.0871,
frame_ms,0.4652,
frame_ms,0.3489,
frame_ms,0.335,
tick_us,130.7,2
frame_ms,0.6279,
frame_ms,0.2652,
frame_ms,0.22,
frame_ms,0.2246,
frame_ms,0.2216,
frame_ms,0.2208,
frame_ms,0.2209,
frame_ms,1.0054,
frame_ms,0.3966,
frame_ms,0.3347,
frame_ms,0.3292,
frame_ms,0.3373,
frame_ms,0.3554,
frame_ms,0.2965,
frame_ms,0.2784,
frame_ms,0.2749,
frame_ms,0.2563,
frame_ms,0.2285,
frame_ms,1.1413,
tick_us,102,2
frame_ms,0.4867,
frame_ms,0.233,
frame_ms,0.2096,
frame_ms,0.2176,
frame_ms,0.2037,
frame_ms,0.2182,
frame_ms,0.2369,
frame_ms,0.2266,
frame_ms,0.2037,
frame_ms,0.2382,
frame_ms,0.2208,
frame_ms,0.202,
frame_ms,1.211,
frame_ms,0.8269,
frame_ms,0.3168,
frame_ms,0.2567,
frame_ms,0.2175,
frame_ms,0.2133,
frame_ms,0.2109,
frame_ms,0.2644,
frame_ms,0.2347,
frame_ms,0.211,
tick_us,102,2
frame_ms,0.4505,
frame_ms,0.9992,
frame_ms,0.3168,
frame_ms,0.2918,
frame_ms,0.2713,
frame_ms,0.2195,
frame_ms,0.2143,
frame_ms,0.2135,
frame_ms,0.2076,
frame_ms,0.2335,
frame_ms,0.224,
frame_ms,0.213,
frame_ms,0.2269,
frame_ms,0.239,
frame_ms,1.2495,
frame_ms,0.2341,
frame_ms,0.2205,
frame_ms,0.2161,
frame_ms,0.2098,
frame_ms,0.2402,
frame_ms,0.23,
tick_us,94.4,2
frame_ms,0.4207,
frame_ms,0.2286,
frame_ms,0.2083,
frame_ms,0.207,
frame_ms,0.2101,
frame_ms,0.2816,
frame_ms,0.2253,
frame_ms,1.0371,
frame_ms,0.3396,
frame_ms,0.2687,
frame_ms,0.269,
frame_ms,0.2236,
frame_ms,0.2518,
frame_ms,0.2804,
frame_ms,0.2654,
frame_ms,0.2206,
frame_ms,0.2133,
frame_ms,0.2079,
frame_ms,0.2268,
frame_ms,0.4102,
frame_ms,0.9988,
tick_us,99.3,2
frame_ms,0.5521,
frame_ms,0.2518,
frame_ms,0.2207,
frame_ms,0.2523,
frame_ms,0.2567,
frame_ms,0.276,
frame_ms,0.2322,
frame_ms,0.2153,
frame_ms,0.2151,
frame_ms,0.2088,
frame_ms,0.2458,
frame_ms,1.2416,
frame_ms,0.3112,
frame_ms,0.277,
frame_ms,0.2243,
frame_ms,0.2519,
frame_ms,0.2539,
frame_ms,0.2498,
frame_ms,0.2889,
frame_ms,0.2313,
frame_ms,0.2162,
frame_ms,0.2088,
frame_ms,0.2254,
tick_us,91.5,2
frame_ms,0.4289,
frame_ms,1.0363,
frame_ms,0.3051,
frame_ms,0.268,
frame_ms,0.2208,
frame_ms,0.2566,
frame_ms,0.2513,
frame_ms,0.2487,
frame_ms,0.3039,
frame_ms,0.2417,
frame_ms,0.22,
frame_ms,0.2086,
frame_ms,0.2084,
frame_ms,0.2498,
frame_ms,1.1427,
frame_ms,0.3357,
frame_ms,0.2626,
frame_ms,0.2214,
frame_ms,0.2587,
frame_ms,0.2523,
tick_us,112.5,2
frame_ms,0.4751,
frame_ms,0.3442,
frame_ms,0.2199,
frame_ms,0.2152,
frame_ms,0.2101,
frame_ms,0.4027,
frame_ms,0.9908,
frame_ms,0.3161,
frame_ms,0.2545,
frame_ms,0.2088,
frame_ms,0.2139,
frame_ms,0.2107,
frame_ms,0.2149,
frame_ms,0.2391,
frame_ms,0.257,
frame_ms,0.2246,
frame_ms,0.2183,
frame_ms,0.2289,
frame_ms,0.212,
frame_ms,0.2581,
frame_ms,1.1364,
tick_us,94.4,2
frame_ms,0.5452,
frame_ms,0.2622,
frame_ms,0.2622,
frame_ms,0.2304,
frame_ms,0.2819,
frame_ms,0.267,
frame_ms,0.2324,
frame_ms,0.2195,
frame_ms,0.2057,
frame_ms,0.2106,
frame_ms,0.242,
frame_ms,1.1643,
frame_ms,0.2465,
frame_ms,0.2161,
frame_ms,0.2161,
frame_ms,0.2092,
frame_ms,0.2703,
frame_ms,0.3443,
frame_ms,0.2383,
frame_ms,0.2594,
frame_ms,0.2542,
frame_ms,0.2575,
frame_ms,0.256,
tick_us,93.7,2
frame_ms,0.4783,
frame_ms,0.9182,
frame_ms,0.394,
frame_ms,0.3423,
frame_ms,0.3219,
frame_ms,0.3195,
frame_ms,0.3248,
frame_ms,0.5958,
frame_ms,0.5513,
frame_ms,0.2515,
frame_ms,0.2077,
frame_ms,0.861,
frame_ms,0.3323,
frame_ms,0.263,
frame_ms,0.2281,
frame_ms,0.2549,
frame_ms,0.2555,
tick_us,138.8,2
frame_ms,0.5112,
frame_ms,0.2654,
frame_ms,0.2476,
frame_ms,0.2053,
frame_ms,0.2041,
frame_ms,0.2051,
frame_ms,1.176,
frame_ms,0.3157,
frame_ms,0.2743,
frame_ms,0.2236,
frame_ms,0.2583,
frame_ms,0.2537,
frame_ms,0.2767,
frame_ms,0.2273,
frame_ms,0.28,
frame_ms,0.2354,
frame_ms,0.2186,
frame_ms,0.2102,
frame_ms,0.2054,
frame_ms,1.193,
tick_us,91.9,2
frame_ms,0.531,
frame_ms,0.2509,
frame_ms,0.2687,
frame_ms,0.2306,
frame_ms,0.211,
frame_ms,0.2091,
frame_ms,0.2031,
frame_ms,0.2407,
frame_ms,0.2285,
frame_ms,0.2035,
frame_ms,0.2337,
frame_ms,0.2263,
frame_ms,1.1402,
frame_ms,0.3249,
frame_ms,0.2252,
frame_ms,0.4733,
frame_ms,0.647,
frame_ms,0.258,
frame_ms,0.2048,
frame_ms,0.2108,
frame_ms,0.2078,
frame_ms,0.2476,
tick_us,96.4,2
frame_ms,0.4259,
frame_ms,0.9434,
frame_ms,0.349,
frame_ms,0.2647,
frame_ms,0.2195,
frame_ms,0.2137,
frame_ms,0.2143,
frame_ms,0.2073,
frame_ms,0.2321,
frame_ms,0.2325,
frame_ms,0.224,
frame_ms,0.2014,
frame_ms,0.2318,
frame_ms,0.2482,
frame_ms,0.2094,
frame_ms,1.1081,
frame_ms,0.3559,
frame_ms,0.2669,
frame_ms,0.2217,
frame_ms,0.2548,
frame_ms,0.262,
tick_us,144.7,2
frame_ms,0.5215,
frame_ms,0.2782,
frame_ms,0.2431,
frame_ms,0.2233,
frame_ms,0.2176,
frame_ms,0.2074,
frame_ms,1.1076,
frame_ms,0.2668,
frame_ms,0.2192,
frame_ms,0.2141,
frame_ms,0.2081,
frame_ms,0.2063,
frame_ms,0.2606,
frame_ms,0.2308,
frame_ms,0.2075,
frame_ms,0.2057,
frame_ms,0.2763,
frame_ms,0.2369,
frame_ms,0.2056,
frame_ms,0.2095,
frame_ms,1.2619,
tick_us,96,2
frame_ms,1.0908,
frame_ms,0.2682,
frame_ms,0.2149,
frame_ms,0.2142,
frame_ms,0.2025,
frame_ms,0.2007,
frame_ms,0.2465,
frame_ms,0.2553,
frame_ms,0.2193,
frame_ms,0.212,
frame_ms,0.9935,
frame_ms,0.3183,
frame_ms,0.2678,
frame_ms,0.2222,
frame_ms,0.2967,
frame_ms,0.2291,
frame_ms,0.2118,
frame_ms,0.204,
frame_ms,0.2296,
frame_ms,0.2163,
frame_ms,0.1994,
frame_ms,0.2482,
frame_ms,0.2343,
tick_us,96.6,3
frame_ms,0.4254,
frame_ms,0.8718,
frame_ms,0.309,
frame_ms,0.2668,
frame_ms,0.2933,
frame_ms,0.246,
frame_ms,0.2099,
frame_ms,0.2159,
frame_ms,0.2125,
frame_ms,0.2064,
frame_ms,0.2512,
frame_ms,0.2566,
frame_ms,0.2164,
frame_ms,0.2206,
frame_ms,0.2599,
frame_ms,1.0093,
frame_ms,0.3361,
frame_ms,0.2718,
frame_ms,0.2212,
frame_ms,0.2736,
frame_ms,0.2446,
tick_us,97.1,3
frame_ms,0.4263,
frame_ms,0.2299,
frame_ms,0.2078,
frame_ms,0.2099,
frame_ms,0.2057,
frame_ms,0.2123,
frame_ms,0.2321,
frame_ms,1.0765,
frame_ms,0.2325,
frame_ms,0.2271,
frame_ms,0.2172,
frame_ms,0.2079,
frame_ms,0.2082,
frame_ms,0.2265,
frame_ms,0.2253,
frame_ms,0.2082,
frame_ms,0.2398,
frame_ms,0.2292,
frame_ms,0.2029,
frame_ms,0.2357,
frame_ms,0.2291,
frame_ms,1.2913,
tick_us,104.4,3
frame_ms,0.5375,
frame_ms,0.2742,
frame_ms,0.265,
frame_ms,0.2252,
frame_ms,0.2106,
frame_ms,0.2076,
frame_ms,0.2024,
frame_ms,0.2447,
frame_ms,0.2199,
frame_ms,0.2142,
frame_ms,0.228,
frame_ms,0.223,
frame_ms,1.1243,
frame_ms,0.3164,
frame_ms,0.2729,
frame_ms,0.2233,
frame_ms,0.2515,
frame_ms,0.2811,
frame_ms,0.2309,
frame_ms,0.2108,
frame_ms,0.2116,
frame_ms,0.2065,
frame_ms,0.246,
frame_ms,0.2289,
tick_us,93.5,3
frame_ms,0.4113,
frame_ms,0.2218,
frame_ms,0.8542,
frame_ms,0.3272,
frame_ms,0.2634,
frame_ms,0.2976,
frame_ms,0.2202,
frame_ms,0.2114,
frame_ms,0.2106,
frame_ms,0.3396,
frame_ms,0.3402,
frame_ms,0.2197,
frame_ms,0.2133,
frame_ms,0.2129,
frame_ms,0.2073,
frame_ms,1.1131,
frame_ms,0.3117,
frame_ms,0.2782,
frame_ms,0.2256,
frame_ms,0.2525,
frame_ms,0.2523,
tick_us,138.2,3
frame_ms,0.5054,
frame_ms,0.2623,
frame_ms,0.2401,
frame_ms,0.2128,
frame_ms,0.2155,
frame_ms,0.2084,
frame_ms,1.1811,
frame_ms,0.3176,
frame_ms,0.2806,
frame_ms,0.2215,
frame_ms,0.2566,
frame_ms,0.252,
frame_ms,0.2528,
frame_ms,0.2775,
frame_ms,0.2322,
frame_ms,0.2138,
frame_ms,0.2073,
frame_ms,0.232,
frame_ms,0.2331,
frame_ms,1.2571,
tick_us,91.7,3
frame_ms,0.5168,
frame_ms,0.2675,
frame_ms,0.2227,
frame_ms,0.2556,
frame_ms,0.2914,
frame_ms,0.2561,
frame_ms,0.2203,
frame_ms,0.2146,
frame_ms,0.2111,
frame_ms,0.2075,
frame_ms,0.2486,
frame_ms,1.1866,
frame_ms,0.2447,
frame_ms,0.4271,
frame_ms,0.2547,
frame_ms,0.2301,
frame_ms,0.24,
frame_ms,0.2322,
frame_ms,0.2336,
frame_ms,0.2704,
frame_ms,0.3375,
frame_ms,0.2191,
tick_us,99.5,3
frame_ms,0.4341,
frame_ms,0.2389,
frame_ms,0.8026,
frame_ms,0.3461,
frame_ms,0.2661,
frame_ms,0.2229,
frame_ms,0.2588,
frame_ms,0.257,
frame_ms,0.251,
frame_ms,0.2918,
frame_ms,0.2256,
frame_ms,0.2174,
frame_ms,0.2164,
frame_ms,0.2211,
frame_ms,0.232,
frame_ms,1.1612,
frame_ms,0.3053,
frame_ms,0.2653,
frame_ms,0.2215,
frame_ms,0.2993,
frame_ms,0.2319,
tick_us,93.9,3
frame_ms,0.42,
frame_ms,0.2408,
frame_ms,0.2069,
frame_ms,0.208,
frame_ms,0.2062,
frame_ms,0.2173,
frame_ms,0.2621,
frame_ms,1.0845,
frame_ms,0.2847,
frame_ms,0.2197,
frame_ms,0.216,
frame_ms,0.2124,
frame_ms,0.2076,
frame_ms,0.2397,
frame_ms,0.2293,
frame_ms,0.2173,
frame_ms,0.2047,
frame_ms,0.2645,
frame_ms,0.263,
frame_ms,0.2209,
frame_ms,0.2132,
frame_ms,1.2032,
tick_us,100,3
frame_ms,0.5301,
frame_ms,0.2763,
frame_ms,0.2231,
frame_ms,0.256,
frame_ms,0.2556,
frame_ms,0.2629,
frame_ms,0.2531,
frame_ms,0.2559,
frame_ms,0.2507,
frame_ms,0.2769,
frame_ms,0.2287,
frame_ms,1.0685,
frame_ms,0.2693,
frame_ms,0.2209,
frame_ms,0.2157,
frame_ms,0.2154,
frame_ms,0.2143,
frame_ms,0.2218,
frame_ms,0.2592,
frame_ms,0.2356,
frame_ms,0.2104,
frame_ms,0.2045,
frame_ms,0.2475,
frame_ms,0.2312,
tick_us,97.9,3
frame_ms,0.4222,
frame_ms,0.2339,
frame_ms,0.7658,
frame_ms,0.3375,
frame_ms,0.2574,
frame_ms,0.2193,
frame_ms,0.2492,
frame_ms,0.2498,
frame_ms,0.2475,
frame_ms,0.2678,
frame_ms,0.9801,
frame_ms,0.2922,
frame_ms,0.2747,
frame_ms,0.2096,
frame_ms,0.5933,
frame_ms,0.3212,
frame_ms,0.2637,
frame_ms,0.2218,
frame_ms,0.25,
frame_ms,0.2496,
tick_us,135.2,3
frame_ms,0.4937,
frame_ms,0.2614,
frame_ms,0.2276,
frame_ms,0.2108,
frame_ms,0.2122,
frame_ms,0.5581,
frame_ms,0.9355,
frame_ms,0.3106,
frame_ms,0.2682,
frame_ms,0.2215,
frame_ms,0.2519,
frame_ms,0.2485,
frame_ms,0.5804,
frame_ms,0.2419,
frame_ms,0.2091,
frame_ms,0.2134,
frame_ms,0.217,
frame_ms,0.2072,
frame_ms,1.1481,
tick_us,86.7,3
frame_ms,0.5504,
frame_ms,0.2496,
frame_ms,0.2245,
frame_ms,0.2509,
frame_ms,0.2508,
frame_ms,0.2874,
frame_ms,0.2359,
frame_ms,0.2171,
frame_ms,0.2124,
frame_ms,0.2068,
frame_ms,0.2578,
frame_ms,1.2195,
frame_ms,0.3917,
frame_ms,0.3582,
frame_ms,0.2465,
frame_ms,0.2097,
frame_ms,0.2138,
frame_ms,0.2067,
frame_ms,0.2059,
frame_ms,0.2665,
frame_ms,0.2583,
frame_ms,0.2219,
frame_ms,0.2086,
tick_us,84.4,3
frame_ms,0.4104,
frame_ms,0.9718,
frame_ms,0.315,
frame_ms,0.2774,
frame_ms,0.2208,
frame_ms,0.2539,
frame_ms,0.3005,
frame_ms,1.1948,
frame_ms,0.3145,
frame_ms,0.2435,
frame_ms,0.2342,
frame_ms,0.8158,
frame_ms,0.3063,
frame_ms,0.2677,
frame_ms,0.2628,
frame_ms,0.2232,
frame_ms,0.2481,
tick_us,137.8,3
frame_ms,0.5115,
frame_ms,0.2678,
frame_ms,0.2413,
frame_ms,0.2147,
frame_ms,0.213,
frame_ms,0.2189,
frame_ms,1.2015,
frame_ms,0.2531,
frame_ms,0.2226,
frame_ms,0.2223,
frame_ms,0.2131,
frame_ms,0.2166,
frame_ms,0.2357,
frame_ms,0.2218,
frame_ms,0.9573,
frame_ms,0.2176,
frame_ms,0.2099,
frame_ms,0.218,
frame_ms,0.9675,
tick_us,89.1,3
frame_ms,0.5313,
frame_ms,0.2441,
frame_ms,0.2739,
frame_ms,0.2649,
frame_ms,0.2472,
frame_ms,0.2752,
frame_ms,0.2373,
frame_ms,0.2121,
frame_ms,0.2061,
frame_ms,0.2083,
frame_ms,0.2505,
frame_ms,1.2051,
frame_ms,0.5772,
frame_ms,0.4569,
frame_ms,0.2276,
frame_ms,0.2172,
frame_ms,0.2132,
frame_ms,0.2056,
frame_ms,0.2532,
frame_ms,0.2266,
frame_ms,0.2111,
frame_ms,0.2371,
tick_us,94.2,3
frame_ms,0.4146,
frame_ms,0.9895,
frame_ms,0.2876,
frame_ms,0.2358,
frame_ms,0.215,
frame_ms,0.2183,
frame_ms,0.22,
frame_ms,0.2114,
frame_ms,0.25,
frame_ms,0.3311,
frame_ms,0.2681,
frame_ms,0.2148,
frame_ms,0.2145,
frame_ms,0.2059,
frame_ms,0.207,
frame_ms,1.0217,
frame_ms,0.3605,
frame_ms,0.2621,
frame_ms,0.2077,
frame_ms,0.2141,
frame_ms,0.2131,
frame_ms,0.2542,
tick_us,92.3,3
frame_ms,0.5725,
frame_ms,0.3489,
frame_ms,0.2818,
frame_ms,0.3807,
frame_ms,0.2548,
frame_ms,0.8334,
frame_ms,0.299,
frame_ms,0.2777,
frame_ms,0.2208,
frame_ms,0.2583,
frame_ms,0.249,
frame_ms,0.2482,
frame_ms,0.2504,
frame_ms,0.295,
frame_ms,0.2294,
frame_ms,0.2108,
frame_ms,0.205,
tick_us,91.3,3
frame_ms,1.9683,
frame_ms,0.3494,
frame_ms,0.2817,
frame_ms,0.3376,
frame_ms,0.3231,
frame_ms,0.2174,
frame_ms,0.2157,
frame_ms,0.2318,
frame_ms,0.2188,
frame_ms,0.2536,
frame_ms,1.1829,
frame_ms,0.3867,
frame_ms,0.3235,
frame_ms,0.3265,
frame_ms,0.3199,
frame_ms,0.3264,
frame_ms,0.4915,
frame_ms,0.3218,
tick_us,95.7,3
frame_ms,0.7263,
frame_ms,0.3248,
frame_ms,0.2998,
frame_ms,0.2976,
frame_ms,0.2288,
frame_ms,0.2161,
frame_ms,0.2076,
frame_ms,0.241,
frame_ms,0.2109,
frame_ms,0.2059,
frame_ms,0.2068,
frame_ms,0.2474,
frame_ms,0.2281,
frame_ms,0.2058,
frame_ms,0.2261,
frame_ms,0.2446,
frame_ms,0.2607,
frame_ms,1.2724,
frame_ms,0.9415,
frame_ms,0.2334,
frame_ms,0.209,
tick_us,94.6,3
frame_ms,0.596,
frame_ms,0.4317,
frame_ms,0.421,
frame_ms,0.4015,
frame_ms,0.2902,
frame_ms,0.6131,
frame_ms,0.2556,
frame_ms,0.2453,
frame_ms,0.2173,
frame_ms,0.2151,
frame_ms,0.2125,
frame_ms,0.246,
frame_ms,0.4429,
frame_ms,0.3243,
frame_ms,0.3182,
frame_ms,0.319,
frame_ms,0.3142,
frame_ms,0.2462,
frame_ms,0.8273,
tick_us,88.1,2
frame_ms,0.4502,
frame_ms,0.2386,
frame_ms,0.5214,
frame_ms,0.5218,
frame_ms,0.249,
frame_ms,0.2261,
frame_ms,0.4154,
frame_ms,0.2584,
frame_ms,0.2994,
frame_ms,0.2187,
frame_ms,0.7441,
frame_ms,0.2266,
frame_ms,0.2136,
frame_ms,0.2065,
frame_ms,0.213,
frame_ms,0.242,
frame_ms,0.3035,
frame_ms,0.2848,
frame_ms,0.2517,
tick_us,90.2,2
frame_ms,1.3644,
frame_ms,0.2253,
frame_ms,0.2146,
frame_ms,0.5201,
frame_ms,0.4205,
frame_ms,0.2648,
frame_ms,0.2507,
frame_ms,0.2053,
frame_ms,0.2156,
frame_ms,0.2019,
frame_ms,0.3256,
frame_ms,0.6351,
frame_ms,0.262,
frame_ms,0.211,
frame_ms,0.2126,
frame_ms,0.8845,
frame_ms,0.3281,
frame_ms,0.2644,
frame_ms,0.2235,
frame_ms,0.2537,
frame_ms,0.2526,
tick_us,104,2
frame_ms,0.8405,
frame_ms,0.243,
frame_ms,0.2723,
frame_ms,0.4931,
frame_ms,0.2672,
frame_ms,0.7206,
frame_ms,0.3944,
frame_ms,0.263,
frame_ms,0.2211,
frame_ms,0.2524,
frame_ms,0.2525,
frame_ms,0.253,
frame_ms,0.2618,
frame_ms,0.2556,
frame_ms,0.2529,
frame_ms,0.2547,
frame_ms,0.2763,
frame_ms,0.2268,
frame_ms,1.017,
tick_us,123.7,2
frame_ms,0.6554,
frame_ms,0.3258,
frame_ms,0.3197,
frame_ms,0.5024,
frame_ms,0.2785,
frame_ms,0.2146,
frame_ms,0.2134,
frame_ms,0.2125,
frame_ms,0.2085,
frame_ms,1.229,
frame_ms,0.3225,
frame_ms,0.3269,
frame_ms,0.3378,
frame_ms,0.3174,
frame_ms,0.3123,
frame_ms,0.3114,
frame_ms,0.3218,
frame_ms,0.256,
frame_ms,1.0958,
tick_us,91.1,2
frame_ms,0.4376,
frame_ms,0.2382,
frame_ms,0.2152,
frame_ms,0.3472,
frame_ms,0.2551,
frame_ms,0.3296,
frame_ms,0.2473,
frame_ms,0.2088,
frame_ms,0.2105,
frame_ms,0.2092,
frame_ms,0.2064,
frame_ms,0.2456,
frame_ms,0.231,
frame_ms,0.2113,
frame_ms,1.1377,
frame_ms,0.3165,
frame_ms,0.2798,
frame_ms,0.2235,
frame_ms,0.2524,
frame_ms,0.2604,
tick_us,142.6,1
frame_ms,0.5149,
frame_ms,0.6203,
frame_ms,0.2815,
frame_ms,0.2683,
frame_ms,0.2073,
frame_ms,0.9314,
frame_ms,0.3104,
frame_ms,0.267,
frame_ms,0.2244,
frame_ms,0.2477,
frame_ms,0.2498,
frame_ms,0.2475,
frame_ms,0.2908,
frame_ms,0.2329,
frame_ms,0.2128,
frame_ms,0.2068,
frame_ms,0.2283,
frame_ms,0.2356,
frame_ms,1.2517,
tick_us,96.4,1
frame_ms,0.5077,
frame_ms,0.2651,
frame_ms,0.2944,
frame_ms,0.2478,
frame_ms,0.2159,
frame_ms,0.2192,
frame_ms,0.2438,
frame_ms,0.3482,
frame_ms,0.2455,
frame_ms,0.2277,
frame_ms,0.2162,
frame_ms,1.1539,
frame_ms,0.3077,
frame_ms,0.273,
frame_ms,0.2231,
frame_ms,0.2494,
frame_ms,0.3561,
frame_ms,0.2336,
frame_ms,0.203,
frame_ms,0.2048,
frame_ms,0.2077,
frame_ms,0.2641,
frame_ms,0.2293,
tick_us,110.2,1
frame_ms,0.4316,
frame_ms,0.9283,
frame_ms,0.3905,
frame_ms,0.3198,
frame_ms,0.3167,
frame_ms,0.6371,
frame_ms,0.7671,
frame_ms,0.218,
frame_ms,0.2153,
frame_ms,0.2152,
frame_ms,1.0874,
frame_ms,0.238,
frame_ms,0.2111,
frame_ms,0.2073,
frame_ms,0.2532,
frame_ms,0.2587,
frame_ms,0.2295,
tick_us,94.7,1
frame_ms,0.4219,
frame_ms,0.2448,
frame_ms,0.2172,
frame_ms,0.2129,
frame_ms,0.3521,
frame_ms,0.5602,
frame_ms,0.2322,
frame_ms,0.5731,
frame_ms,0.2657,
frame_ms,0.2331,
frame_ms,0.2161,
frame_ms,0.2087,
frame_ms,0.205,
frame_ms,0.233,
frame_ms,0.2127,
frame_ms,0.2076,
frame_ms,0.2248,
frame_ms,0.2482,
frame_ms,0.2695,
frame_ms,0.2199,
frame_ms,0.2121,
frame_ms,1.2289,
tick_us,92.7,1
frame_ms,0.5155,
frame_ms,0.2832,
frame_ms,0.3181,
frame_ms,0.2717,
frame_ms,0.253,
frame_ms,0.6004,
frame_ms,0.2552,
frame_ms,0.2212,
frame_ms,0.5517,
frame_ms,0.8689,
frame_ms,0.2255,
frame_ms,0.2173,
frame_ms,0.2249,
frame_ms,0.2121,
frame_ms,0.234,
frame_ms,0.2163,
frame_ms,0.2019,
frame_ms,0.249,
frame_ms,0.2295,
frame_ms,0.2069,
frame_ms,0.2479,
frame_ms,0.23,
tick_us,94.3,1
frame_ms,0.4071,
frame_ms,0.2325,
frame_ms,0.7996,
frame_ms,0.9567,
frame_ms,0.2434,
frame_ms,0.2106,
frame_ms,0.214,
frame_ms,0.3702,
frame_ms,0.6495,
frame_ms,0.2891,
frame_ms,0.2578,
frame_ms,0.2057,
frame_ms,0.7804,
frame_ms,0.3183,
frame_ms,0.2723,
frame_ms,0.2475,
frame_ms,0.2384,
frame_ms,0.2143,
tick_us,93.8,1
frame_ms,0.4169,
frame_ms,0.2232,
frame_ms,0.2061,
frame_ms,0.2138,
frame_ms,0.22,
frame_ms,0.245,
frame_ms,0.956,
frame_ms,0.3676,
frame_ms,0.2248,
frame_ms,0.2136,
frame_ms,0.3684,
frame_ms,0.3584,
frame_ms,0.2127,
frame_ms,0.2088,
frame_ms,0.2049,
frame_ms,0.2018,
frame_ms,0.2458,
frame_ms,0.2288,
frame_ms,0.2032,
frame_ms,0.2461,
frame_ms,1.2776,
tick_us,99.1,1
frame_ms,0.5289,
frame_ms,0.2857,
frame_ms,0.2928,
frame_ms,0.2857,
frame_ms,0.2611,
frame_ms,0.8541,
frame_ms,0.3842,
frame_ms,0.2367,
frame_ms,1.0425,
frame_ms,0.258,
frame_ms,0.2158,
frame_ms,0.2257,
frame_ms,0.2116,
frame_ms,0.7667,
frame_ms,0.247,
frame_ms,0.2029,
frame_ms,0.2005,
frame_ms,0.2028,
frame_ms,0.2573,
tick_us,94,0
frame_ms,0.4404,
frame_ms,0.9439,
frame_ms,0.3678,
frame_ms,0.3008,
frame_ms,0.2741,
frame_ms,0.2673,
frame_ms,0.2514,
frame_ms,0.2555,
frame_ms,0.2293,
frame_ms,0.3235,
frame_ms,0.245,
frame_ms,0.4014,
frame_ms,0.2392,
frame_ms,0.228,
frame_ms,0.7764,
frame_ms,0.313,
frame_ms,0.2695,
frame_ms,0.2211,
frame_ms,0.252,
frame_ms,0.2516,
tick_us,136.9,0
frame_ms,0.5076,
frame_ms,0.2567,
frame_ms,0.2123,
frame_ms,0.2134,
frame_ms,0.2081,
frame_ms,0.2139,
frame_ms,1.2324,
frame_ms,0.544,
frame_ms,0.2563,
frame_ms,0.2176,
frame_ms,0.2206,
frame_ms,0.3735,
frame_ms,0.289,
frame_ms,0.2134,
frame_ms,0.2136,
frame_ms,0.2087,
frame_ms,0.2066,
frame_ms,0.2495,
frame_ms,1.1613,
tick_us,93.7,0
frame_ms,0.4512,
frame_ms,0.2447,
frame_ms,0.2141,
frame_ms,0.2083,
frame_ms,0.2042,
frame_ms,0.2308,
frame_ms,0.2328,
frame_ms,0.2069,
frame_ms,0.2047,
frame_ms,0.252,
frame_ms,0.8866,
frame_ms,0.2094,
frame_ms,0.7126,
frame_ms,0.4275,
frame_ms,0.3417,
frame_ms,0.3219,
frame_ms,0.3205,
frame_ms,0.3219,
frame_ms,0.3149,
frame_ms,0.3146,
frame_ms,0.3207,
tick_us,100.6,0
frame_ms,0.5556,
frame_ms,0.3161,
frame_ms,0.5216,
frame_ms,0.2402,
frame_ms,0.2161,
frame_ms,0.2062,
frame_ms,0.2255,
frame_ms,0.2283,
frame_ms,0.2229,
frame_ms,0.9133,
frame_ms,0.2092,
frame_ms,0.2062,
frame_ms,0.2072,
frame_ms,0.2984,
frame_ms,1.0126,
frame_ms,0.3181,
frame_ms,0.2736,
frame_ms,0.2238,
frame_ms,0.2534,
frame_ms,0.2526,
tick_us,140.9,0
frame_ms,0.5004,
frame_ms,0.2598,
frame_ms,0.2354,
frame_ms,0.2075,
frame_ms,0.2024,
frame_ms,0.6303,
frame_ms,0.7927,
frame_ms,0.2469,
frame_ms,1.1277,
frame_ms,0.2044,
frame_ms,0.22,
frame_ms,0.216,
frame_ms,0.3577,
frame_ms,0.3545,
frame_ms,0.2192,
frame_ms,0.2098,
frame_ms,1.0158,
tick_us,98.6,0
frame_ms,0.5585,
frame_ms,0.2608,
frame_ms,0.229,
frame_ms,0.2126,
frame_ms,0.2125,
frame_ms,0.2169,
frame_ms,0.2102,
frame_ms,0.2589,
frame_ms,0.2587,
frame_ms,0.2109,
frame_ms,0.2042,
frame_ms,0.2474,
frame_ms,1.1284,
frame_ms,0.2729,
frame_ms,0.2163,
frame_ms,0.2122,
frame_ms,0.2023,
frame_ms,0.3208,
frame_ms,0.368,
frame_ms,0.2182,
frame_ms,0.216,
frame_ms,0.2136,
frame_ms,0.2055,
frame_ms,0.2159,
tick_us,93.2,1
frame_ms,0.4415,
frame_ms,1.0291,
frame_ms,0.3272,
frame_ms,0.2497,
frame_ms,0.2051,
frame_ms,0.2114,
frame_ms,0.2036,
frame_ms,0.2467,
frame_ms,0.251,
frame_ms,0.3528,
frame_ms,1.2346,
frame_ms,0.2408,
frame_ms,0.2096,
frame_ms,0.4622,
frame_ms,0.264,
frame_ms,0.2094,
frame_ms,0.2098,
frame_ms,0.2057,
frame_ms,0.2257,
frame_ms,0.2255,
tick_us,91.9,1
frame_ms,0.4274,
frame_ms,0.2228,
frame_ms,0.2122,
frame_ms,0.208,
frame_ms,0.2002,
frame_ms,0.2725,
frame_ms,1.2451,
frame_ms,0.3308,
frame_ms,0.2747,
frame_ms,0.2235,
frame_ms,0.2611,
frame_ms,0.2526,
frame_ms,0.7231,
frame_ms,0.2537,
frame_ms,0.2129,
frame_ms,0.2173,
frame_ms,0.3036,
frame_ms,1.1221,
tick_us,94.7,1
frame_ms,0.5396,
frame_ms,0.2539,
frame_ms,0.2164,
frame_ms,0.2141,
frame_ms,0.2255,
frame_ms,0.2054,
frame_ms,0.25,
frame_ms,0.2547,
frame_ms,0.2232,
frame_ms,0.2154,
frame_ms,0.2566,
frame_ms,0.253,
frame_ms,1.0507,
frame_ms,0.3821,
frame_ms,0.32,
frame_ms,0.5317,
frame_ms,0.2674,
frame_ms,0.2211,
frame_ms,0.2124,
frame_ms,0.3119,
frame_ms,0.3436,
frame_ms,0.2188,
tick_us,99.8,1
frame_ms,0.4228,
frame_ms,0.9825,
frame_ms,0.2843,
frame_ms,0.2214,
frame_ms,0.2204,
frame_ms,0.2194,
frame_ms,0.2187,
frame_ms,0.2138,
frame_ms,0.2336,
frame_ms,0.2294,
frame_ms,0.2121,
frame_ms,0.2074,
frame_ms,0.2374,
frame_ms,0.2235,
frame_ms,0.2099,
frame_ms,1.2871,
frame_ms,0.3917,
frame_ms,0.3512,
frame_ms,0.3671,
frame_ms,0.2725,
tick_us,96.3,1
frame_ms,0.428,
frame_ms,0.2303,
frame_ms,0.2062,
frame_ms,0.2124,
frame_ms,0.2075,
frame_ms,0.2054,
frame_ms,1.2059,
frame_ms,0.3168,
frame_ms,0.2752,
frame_ms,0.2874,
frame_ms,0.2178,
frame_ms,0.2123,
frame_ms,0.2066,
frame_ms,0.2006,
frame_ms,1.1703,
frame_ms,0.2274,
frame_ms,0.2054,
frame_ms,0.2083,
frame_ms,0.658,
tick_us,94.4,1
frame_ms,0.9997,
frame_ms,0.2957,
frame_ms,0.2722,
frame_ms,0.2085,
frame_ms,0.2107,
frame_ms,0.2102,
frame_ms,0.2072,
frame_ms,0.2495,
frame_ms,0.2327,
frame_ms,1.2558,
frame_ms,0.3278,
frame_ms,0.2709,
frame_ms,0.2241,
frame_ms,0.2671,
frame_ms,0.2525,
frame_ms,0.6001,
frame_ms,0.2761,
frame_ms,0.2967,
frame_ms,0.4044,
tick_us,98.3,1
frame_ms,0.5931,
frame_ms,0.2434,
frame_ms,0.414,
frame_ms,0.3285,
frame_ms,0.2647,
frame_ms,0.2143,
frame_ms,0.213,
frame_ms,0.208,
frame_ms,0.2061,
frame_ms,0.2298,
frame_ms,0.2236,
frame_ms,0.2178,
frame_ms,0.2193,
frame_ms,0.2597,
frame_ms,0.2306,
frame_ms,0.2081,
frame_ms,1.1248,
frame_ms,0.3738,
frame_ms,0.4085,
frame_ms,0.3199,
frame_ms,0.316,
tick_us,98,1
