# mode=scene,n=100,struct=grid,cell=64,depth=5,node=4,seed=43,warmup_s=2,measure_s=5,config=2D,ticks=1008,frames=20793,measured_ticks=0,startup_ms=340.046,glfw_first_draw_ms=273.063,renderer=Intel(R) Graphics,gl=3.3.0 - Build 32.0.101.8724
kind,value,extra
startup_ms,340.046,process_to_first_frame
glfw_ms,273.063,glfw_init_to_first_frame
mem_ws_bytes,7.95607e+07,baseline
mem_private_bytes,5.21052e+07,baseline
mem_peak_ws_bytes,7.95607e+07,baseline
mem_ws_bytes,7.98065e+07,after_spawn
mem_private_bytes,5.21052e+07,after_spawn
mem_peak_ws_bytes,7.98065e+07,after_spawn
frame_ms,0.3325,
frame_ms,0.4013,
frame_ms,0.3422,
frame_ms,0.3056,
frame_ms,0.2472,
frame_ms,0.2343,
frame_ms,0.2552,
frame_ms,0.2963,
frame_ms,0.3385,
frame_ms,0.3159,
frame_ms,0.5686,
frame_ms,0.3113,
frame_ms,0.3062,
frame_ms,0.3181,
frame_ms,0.2543,
frame_ms,1.1679,
frame_ms,0.2701,
frame_ms,0.2699,
frame_ms,0.2734,
frame_ms,0.3202,
frame_ms,0.2677,
frame_ms,0.3197,
frame_ms,0.2854,
frame_ms,0.2564,
frame_ms,0.2421,
frame_ms,0.2391,
frame_ms,0.2465,
frame_ms,0.2801,
frame_ms,0.2907,
frame_ms,0.296,
frame_ms,0.2872,
frame_ms,0.3094,
frame_ms,0.2858,
frame_ms,0.3495,
frame_ms,0.3813,
frame_ms,0.6485,
frame_ms,0.32,
frame_ms,0.2707,
frame_ms,0.2489,
frame_ms,0.3241,
frame_ms,0.2677,
frame_ms,0.2698,
frame_ms,0.3121,
frame_ms,0.2694,
frame_ms,0.2762,
frame_ms,0.2873,
frame_ms,0.3146,
frame_ms,0.3279,
frame_ms,0.5617,
frame_ms,0.3076,
frame_ms,0.2811,
frame_ms,0.3019,
frame_ms,0.2857,
frame_ms,0.302,
frame_ms,0.289,
frame_ms,0.2922,
frame_ms,0.2977,
frame_ms,0.3014,
frame_ms,0.2827,
frame_ms,0.3294,
frame_ms,0.2796,
frame_ms,0.6754,
frame_ms,0.8439,
frame_ms,0.3137,
frame_ms,0.2848,
frame_ms,0.2655,
frame_ms,0.2546,
frame_ms,0.2504,
frame_ms,0.3077,
frame_ms,0.2545,
frame_ms,0.2584,
frame_ms,0.2599,
frame_ms,0.3185,
frame_ms,0.2746,
frame_ms,0.3808,
frame_ms,0.2909,
frame_ms,0.2896,
frame_ms,0.3046,
frame_ms,0.2924,
frame_ms,0.2998,
frame_ms,0.2966,
frame_ms,0.3122,
frame_ms,0.2854,
frame_ms,0.3193,
frame_ms,0.3612,
frame_ms,0.4092,
frame_ms,0.5714,
frame_ms,0.2986,
frame_ms,0.3032,
frame_ms,0.343,
frame_ms,0.2802,
frame_ms,0.2856,
frame_ms,0.2993,
frame_ms,0.3105,
frame_ms,0.3111,
frame_ms,0.2918,
frame_ms,0.2944,
frame_ms,0.298,
frame_ms,0.3126,
frame_ms,0.6141,
frame_ms,0.291,
frame_ms,0.2809,
frame_ms,0.2944,
frame_ms,0.3026,
frame_ms,0.2938,
frame_ms,0.299,
frame_ms,0.3246,
frame_ms,0.2773,
frame_ms,0.2974,
frame_ms,0.335,
frame_ms,0.3953,
frame_ms,0.3522,
frame_ms,0.4585,
frame_ms,0.2852,
frame_ms,0.2943,
frame_ms,0.2978,
frame_ms,0.2885,
frame_ms,0.2911,
frame_ms,0.3186,
frame_ms,0.2941,
frame_ms,0.2893,
frame_ms,0.2938,
frame_ms,0.3261,
frame_ms,0.2961,
frame_ms,0.3274,
frame_ms,0.5526,
frame_ms,0.3052,
frame_ms,0.3084,
frame_ms,0.2526,
frame_ms,0.2837,
frame_ms,0.2767,
frame_ms,0.3059,
frame_ms,0.296,
frame_ms,0.3013,
frame_ms,0.2864,
frame_ms,0.3611,
frame_ms,0.2711,
frame_ms,0.3097,
frame_ms,0.5596,
frame_ms,0.2836,
frame_ms,0.2825,
frame_ms,0.2988,
frame_ms,0.2849,
frame_ms,0.2976,
frame_ms,0.2971,
frame_ms,0.288,
frame_ms,0.2827,
frame_ms,0.2887,
frame_ms,0.2949,
frame_ms,0.3369,
frame_ms,0.3305,
frame_ms,0.5868,
frame_ms,0.2792,
frame_ms,0.2877,
frame_ms,0.2902,
frame_ms,0.2998,
frame_ms,0.3036,
frame_ms,0.3151,
frame_ms,0.281,
frame_ms,0.303,
frame_ms,0.3582,
frame_ms,0.3434,
frame_ms,0.3037,
frame_ms,0.293,
frame_ms,0.5129,
frame_ms,0.2995,
frame_ms,0.2857,
frame_ms,0.3034,
frame_ms,0.2908,
frame_ms,0.2949,
frame_ms,0.2914,
frame_ms,0.3154,
frame_ms,0.2841,
frame_ms,0.295,
frame_ms,0.2881,
frame_ms,0.313,
frame_ms,0.2949,
frame_ms,0.578,
frame_ms,0.2949,
frame_ms,0.3013,
frame_ms,0.3308,
frame_ms,0.2757,
frame_ms,0.3007,
frame_ms,0.3027,
frame_ms,0.2918,
frame_ms,0.3,
frame_ms,0.2938,
frame_ms,0.2816,
frame_ms,0.3115,
frame_ms,0.3275,
frame_ms,0.5656,
frame_ms,0.2953,
frame_ms,0.3059,
frame_ms,0.2701,
frame_ms,0.3279,
frame_ms,0.2596,
frame_ms,0.2947,
frame_ms,0.287,
frame_ms,0.2935,
frame_ms,0.2889,
frame_ms,0.2844,
frame_ms,0.3341,
frame_ms,0.3514,
frame_ms,0.4962,
frame_ms,0.3194,
frame_ms,0.2655,
frame_ms,0.2779,
frame_ms,0.3001,
frame_ms,2.0607,
frame_ms,0.4649,
frame_ms,0.3457,
frame_ms,0.3355,
frame_ms,0.2953,
frame_ms,0.2682,
frame_ms,0.2573,
frame_ms,0.2474,
frame_ms,0.2734,
frame_ms,0.2424,
frame_ms,0.2316,
frame_ms,0.2376,
frame_ms,0.2316,
frame_ms,0.3329,
frame_ms,0.2735,
frame_ms,0.3158,
frame_ms,0.3435,
frame_ms,0.5321,
frame_ms,0.3086,
frame_ms,0.2845,
frame_ms,0.2712,
frame_ms,0.2947,
frame_ms,0.2939,
frame_ms,0.2885,
frame_ms,0.3278,
frame_ms,0.2773,
frame_ms,0.3703,
frame_ms,0.2727,
frame_ms,0.3731,
frame_ms,0.2645,
frame_ms,0.4644,
frame_ms,0.3247,
frame_ms,0.2512,
frame_ms,0.3037,
frame_ms,0.2833,
frame_ms,0.2974,
frame_ms,0.3196,
frame_ms,0.2891,
frame_ms,0.2761,
frame_ms,0.2904,
frame_ms,0.268,
frame_ms,0.338,
frame_ms,0.3303,
frame_ms,0.5509,
frame_ms,0.297,
frame_ms,0.4484,
frame_ms,0.3199,
frame_ms,0.2685,
frame_ms,0.2725,
frame_ms,0.2528,
frame_ms,0.2394,
frame_ms,0.2583,
frame_ms,0.2925,
frame_ms,0.2864,
frame_ms,0.3149,
frame_ms,0.3834,
frame_ms,0.573,
frame_ms,0.3173,
frame_ms,0.2917,
frame_ms,0.2908,
frame_ms,0.2813,
frame_ms,0.3019,
frame_ms,0.3237,
frame_ms,0.2683,
frame_ms,0.2865,
frame_ms,0.2912,
frame_ms,0.2934,
frame_ms,0.3622,
frame_ms,0.4354,
frame_ms,0.4245,
frame_ms,0.2844,
frame_ms,0.2909,
frame_ms,0.2997,
frame_ms,0.2991,
frame_ms,0.3093,
frame_ms,0.297,
frame_ms,0.2866,
frame_ms,0.2945,
frame_ms,0.2782,
frame_ms,0.2874,
frame_ms,0.3495,
frame_ms,0.3756,
frame_ms,0.5341,
frame_ms,0.3033,
frame_ms,0.2655,
frame_ms,0.2842,
frame_ms,0.2859,
frame_ms,0.3039,
frame_ms,0.2868,
frame_ms,0.3281,
frame_ms,0.3543,
frame_ms,0.279,
frame_ms,0.2511,
frame_ms,0.347,
frame_ms,0.3477,
frame_ms,1.8857,
frame_ms,0.347,
frame_ms,0.2726,
frame_ms,0.2573,
frame_ms,0.2577,
frame_ms,0.2402,
frame_ms,0.2571,
frame_ms,0.2516,
frame_ms,0.2549,
frame_ms,0.2453,
frame_ms,0.4183,
frame_ms,0.2784,
frame_ms,0.2975,
frame_ms,0.262,
frame_ms,0.2874,
frame_ms,0.2946,
frame_ms,0.3191,
frame_ms,0.2664,
frame_ms,0.2948,
frame_ms,0.2831,
frame_ms,0.287,
frame_ms,0.3051,
frame_ms,0.3121,
frame_ms,0.6346,
frame_ms,0.2891,
frame_ms,0.2854,
frame_ms,0.2896,
frame_ms,0.2835,
frame_ms,0.2889,
frame_ms,0.2908,
frame_ms,0.2919,
frame_ms,0.3198,
frame_ms,0.3896,
frame_ms,0.3029,
frame_ms,0.2597,
frame_ms,0.329,
frame_ms,0.5044,
frame_ms,0.2888,
frame_ms,0.2931,
frame_ms,0.2948,
frame_ms,0.3028,
frame_ms,0.3893,
frame_ms,0.263,
frame_ms,0.2378,
frame_ms,0.2692,
frame_ms,0.279,
frame_ms,0.3391,
frame_ms,0.3047,
frame_ms,0.3724,
frame_ms,0.5987,
frame_ms,0.3037,
frame_ms,0.2704,
frame_ms,0.282,
frame_ms,0.2938,
frame_ms,0.2924,
frame_ms,0.2833,
frame_ms,0.3292,
frame_ms,0.264,
frame_ms,0.2918,
frame_ms,0.2838,
frame_ms,0.3553,
frame_ms,0.4275,
frame_ms,0.5288,
frame_ms,0.3651,
frame_ms,0.2647,
frame_ms,0.2566,
frame_ms,0.3382,
frame_ms,0.2711,
frame_ms,0.2573,
frame_ms,0.2815,
frame_ms,0.2993,
frame_ms,0.333,
frame_ms,0.2412,
frame_ms,0.3563,
frame_ms,0.483,
frame_ms,0.4141,
frame_ms,0.3302,
frame_ms,0.3303,
frame_ms,0.3126,
frame_ms,0.2537,
frame_ms,0.247,
frame_ms,0.2803,
frame_ms,0.2939,
frame_ms,0.2879,
frame_ms,0.298,
frame_ms,0.2836,
frame_ms,0.3115,
frame_ms,0.3116,
frame_ms,0.6572,
frame_ms,0.2933,
frame_ms,0.2731,
frame_ms,0.285,
frame_ms,0.2896,
frame_ms,0.2878,
frame_ms,0.3028,
frame_ms,0.6959,
frame_ms,0.3715,
frame_ms,0.3037,
frame_ms,0.319,
frame_ms,0.25,
frame_ms,0.2532,
frame_ms,0.3203,
frame_ms,0.2586,
frame_ms,0.2421,
frame_ms,0.2977,
frame_ms,0.2813,
frame_ms,0.2857,
frame_ms,0.2895,
frame_ms,0.2882,
frame_ms,0.2846,
frame_ms,0.2828,
frame_ms,0.2776,
frame_ms,0.3449,
frame_ms,0.4036,
frame_ms,0.4662,
frame_ms,0.3093,
frame_ms,0.2779,
frame_ms,0.2682,
frame_ms,0.2998,
frame_ms,0.2899,
frame_ms,0.2982,
frame_ms,0.3089,
frame_ms,0.2678,
frame_ms,0.2934,
frame_ms,0.2935,
frame_ms,0.3369,
frame_ms,0.3613,
frame_ms,0.6396,
frame_ms,0.3223,
frame_ms,0.2749,
frame_ms,0.3062,
frame_ms,0.2758,
frame_ms,0.2787,
frame_ms,0.2825,
frame_ms,0.2895,
frame_ms,0.283,
frame_ms,0.292,
frame_ms,0.2788,
frame_ms,0.3629,
frame_ms,0.3145,
frame_ms,0.564,
frame_ms,0.2811,
frame_ms,0.3214,
frame_ms,0.2611,
frame_ms,0.8345,
frame_ms,0.3269,
frame_ms,0.2752,
frame_ms,0.2569,
frame_ms,0.2405,
frame_ms,0.2472,
frame_ms,0.3022,
frame_ms,0.2518,
frame_ms,0.2796,
frame_ms,0.2983,
frame_ms,0.3582,
frame_ms,0.275,
frame_ms,0.352,
frame_ms,0.2819,
frame_ms,0.2558,
frame_ms,0.2798,
frame_ms,0.2899,
frame_ms,0.3017,
frame_ms,0.296,
frame_ms,0.2809,
frame_ms,0.3242,
frame_ms,0.3552,
frame_ms,0.5458,
frame_ms,0.2743,
frame_ms,0.3465,
frame_ms,0.2494,
frame_ms,0.3342,
frame_ms,0.2751,
frame_ms,0.2942,
frame_ms,0.2888,
frame_ms,0.3025,
frame_ms,0.286,
frame_ms,0.2987,
frame_ms,0.3305,
frame_ms,0.4002,
frame_ms,0.4645,
frame_ms,0.35,
frame_ms,0.2439,
frame_ms,0.2941,
frame_ms,0.2811,
frame_ms,0.3046,
frame_ms,0.2873,
frame_ms,0.3192,
frame_ms,0.2697,
frame_ms,0.3328,
frame_ms,0.2783,
frame_ms,0.318,
frame_ms,0.3086,
frame_ms,0.5895,
frame_ms,0.5753,
frame_ms,0.3048,
frame_ms,0.2612,
frame_ms,0.2578,
frame_ms,0.2618,
frame_ms,0.246,
frame_ms,0.2332,
frame_ms,0.2812,
frame_ms,0.2823,
frame_ms,0.3678,
frame_ms,0.44,
frame_ms,0.3595,
frame_ms,0.2989,
frame_ms,0.2967,
frame_ms,0.3328,
frame_ms,0.2778,
frame_ms,0.2635,
frame_ms,0.2929,
frame_ms,0.2955,
frame_ms,0.2946,
frame_ms,0.2879,
frame_ms,0.2962,
frame_ms,0.2941,
frame_ms,0.3152,
frame_ms,0.2997,
frame_ms,0.5569,
frame_ms,0.3137,
frame_ms,0.2846,
frame_ms,0.295,
frame_ms,0.2928,
frame_ms,0.2865,
frame_ms,0.2931,
frame_ms,0.2999,
frame_ms,0.2955,
frame_ms,0.2856,
frame_ms,0.2911,
frame_ms,0.3432,
frame_ms,0.3593,
frame_ms,0.572,
frame_ms,0.32,
frame_ms,0.2831,
frame_ms,0.2623,
frame_ms,0.2878,
frame_ms,0.305,
frame_ms,0.2903,
frame_ms,0.2901,
frame_ms,0.2984,
frame_ms,0.2844,
frame_ms,0.2835,
frame_ms,0.3361,
frame_ms,0.3842,
frame_ms,1.1377,
frame_ms,0.3403,
frame_ms,0.3219,
frame_ms,0.2608,
frame_ms,0.2812,
frame_ms,0.3207,
frame_ms,0.3165,
frame_ms,0.2767,
frame_ms,0.2613,
frame_ms,0.2527,
frame_ms,0.2726,
frame_ms,0.276,
frame_ms,0.2696,
frame_ms,0.2872,
frame_ms,0.2462,
frame_ms,0.2974,
frame_ms,0.3052,
frame_ms,0.3074,
frame_ms,0.3081,
frame_ms,0.2865,
frame_ms,0.3075,
frame_ms,0.2958,
frame_ms,0.3199,
frame_ms,0.2913,
frame_ms,0.5002,
frame_ms,0.4216,
frame_ms,0.3185,
frame_ms,0.2703,
frame_ms,0.303,
frame_ms,0.2539,
frame_ms,0.3158,
frame_ms,0.3043,
frame_ms,0.3131,
frame_ms,0.3319,
frame_ms,0.2797,
frame_ms,0.2824,
frame_ms,0.3537,
frame_ms,0.2729,
frame_ms,0.6695,
frame_ms,0.2975,
frame_ms,0.3093,
frame_ms,0.2983,
frame_ms,0.3114,
frame_ms,0.2894,
frame_ms,0.3073,
frame_ms,0.3017,
frame_ms,0.3038,
frame_ms,0.2885,
frame_ms,0.6263,
frame_ms,0.4337,
frame_ms,0.3755,
frame_ms,0.2958,
frame_ms,0.2747,
frame_ms,0.3181,
frame_ms,0.254,
frame_ms,0.2863,
frame_ms,0.259,
frame_ms,0.2477,
frame_ms,0.2626,
frame_ms,0.2536,
frame_ms,0.3022,
frame_ms,0.2787,
frame_ms,0.3228,
frame_ms,0.2915,
frame_ms,0.6003,
frame_ms,0.2939,
frame_ms,0.2972,
frame_ms,0.3778,
frame_ms,0.2859,
frame_ms,0.2393,
frame_ms,0.2841,
frame_ms,0.313,
frame_ms,0.2681,
frame_ms,0.2796,
frame_ms,0.2948,
frame_ms,0.3047,
frame_ms,0.3276,
frame_ms,0.5388,
frame_ms,0.312,
frame_ms,0.2688,
frame_ms,0.3133,
frame_ms,0.2852,
frame_ms,0.2922,
frame_ms,0.2885,
frame_ms,0.2956,
frame_ms,0.2996,
frame_ms,0.2949,
frame_ms,0.2802,
frame_ms,0.3796,
frame_ms,0.3351,
frame_ms,0.4857,
frame_ms,0.3845,
frame_ms,0.3209,
frame_ms,0.2627,
frame_ms,0.2652,
frame_ms,0.276,
frame_ms,0.681,
frame_ms,0.3569,
frame_ms,0.2882,
frame_ms,0.3426,
frame_ms,0.2807,
frame_ms,0.2942,
frame_ms,0.3138,
frame_ms,0.2956,
frame_ms,0.2876,
frame_ms,0.2926,
frame_ms,0.2791,
frame_ms,0.3008,
frame_ms,0.3082,
frame_ms,0.2931,
frame_ms,0.3152,
frame_ms,0.2769,
frame_ms,0.2876,
frame_ms,0.3239,
frame_ms,0.4327,
frame_ms,0.3454,
frame_ms,0.4491,
frame_ms,0.2975,
frame_ms,0.264,
frame_ms,0.2589,
frame_ms,0.312,
frame_ms,0.2886,
frame_ms,0.2955,
frame_ms,0.2936,
frame_ms,0.3061,
frame_ms,0.2845,
frame_ms,0.3939,
frame_ms,0.3912,
frame_ms,0.3514,
frame_ms,0.3685,
frame_ms,0.2993,
frame_ms,0.2665,
frame_ms,0.2862,
frame_ms,0.2859,
frame_ms,0.3016,
frame_ms,0.284,
frame_ms,0.3188,
frame_ms,0.2642,
frame_ms,0.303,
frame_ms,0.3208,
frame_ms,0.4117,
frame_ms,0.3267,
frame_ms,0.3928,
frame_ms,0.2828,
frame_ms,1.06,
frame_ms,0.3193,
frame_ms,0.2666,
frame_ms,0.2901,
frame_ms,0.2565,
frame_ms,0.2548,
frame_ms,0.2459,
frame_ms,0.2556,
frame_ms,0.239,
frame_ms,0.2522,
frame_ms,0.4086,
frame_ms,0.3253,
frame_ms,0.3257,
frame_ms,0.3212,
frame_ms,0.2708,
frame_ms,0.2992,
frame_ms,0.273,
frame_ms,0.2735,
frame_ms,0.2822,
frame_ms,0.3032,
frame_ms,0.2985,
frame_ms,0.3144,
frame_ms,0.3561,
frame_ms,0.5162,
frame_ms,0.3076,
frame_ms,0.2841,
frame_ms,0.3078,
frame_ms,0.2934,
frame_ms,0.3065,
frame_ms,0.3066,
frame_ms,0.298,
frame_ms,0.2943,
frame_ms,0.2966,
frame_ms,0.2983,
frame_ms,0.335,
frame_ms,0.3418,
frame_ms,0.5269,
frame_ms,0.3286,
frame_ms,0.3038,
frame_ms,0.2763,
frame_ms,0.3143,
frame_ms,0.3376,
frame_ms,0.3064,
frame_ms,0.2875,
frame_ms,0.2986,
frame_ms,0.277,
frame_ms,0.3498,
frame_ms,0.5157,
frame_ms,0.4553,
frame_ms,0.3388,
frame_ms,0.3086,
frame_ms,0.2581,
frame_ms,0.2443,
frame_ms,0.2467,
frame_ms,0.2736,
frame_ms,0.2824,
frame_ms,0.3369,
frame_ms,0.2632,
frame_ms,0.2892,
frame_ms,0.2777,
frame_ms,0.3161,
frame_ms,0.3027,
frame_ms,0.5792,
frame_ms,0.2777,
frame_ms,0.2919,
frame_ms,0.2708,
frame_ms,0.2967,
frame_ms,0.279,
frame_ms,0.3363,
frame_ms,0.2487,
frame_ms,0.2942,
frame_ms,0.2805,
frame_ms,0.2942,
frame_ms,0.3349,
frame_ms,0.3391,
frame_ms,0.5707,
frame_ms,0.307,
frame_ms,0.301,
frame_ms,0.2727,
frame_ms,0.2927,
frame_ms,0.2996,
frame_ms,0.2959,
frame_ms,0.3151,
frame_ms,0.2674,
frame_ms,0.2918,
frame_ms,0.2798,
frame_ms,0.3412,
frame_ms,0.3256,
frame_ms,0.6309,
frame_ms,0.3252,
frame_ms,0.2556,
frame_ms,0.2427,
frame_ms,0.3254,
frame_ms,0.2811,
frame_ms,0.2826,
frame_ms,0.4409,
frame_ms,0.3638,
frame_ms,0.2928,
frame_ms,0.2858,
frame_ms,0.2881,
frame_ms,0.2563,
frame_ms,0.4665,
frame_ms,0.2817,
frame_ms,0.2773,
frame_ms,0.2832,
frame_ms,0.2869,
frame_ms,0.2999,
frame_ms,0.2817,
frame_ms,0.3049,
frame_ms,0.2941,
frame_ms,0.3107,
frame_ms,0.2597,
frame_ms,0.334,
frame_ms,0.2764,
frame_ms,0.6299,
frame_ms,0.2989,
frame_ms,0.2793,
frame_ms,0.2942,
frame_ms,0.3152,
frame_ms,0.2892,
frame_ms,0.2864,
frame_ms,0.315,
frame_ms,0.2695,
frame_ms,0.2826,
frame_ms,0.2856,
frame_ms,0.2983,
frame_ms,0.3309,
frame_ms,0.6516,
frame_ms,0.3296,
frame_ms,0.2825,
frame_ms,0.2634,
frame_ms,0.2934,
frame_ms,0.2888,
frame_ms,0.2815,
frame_ms,0.294,
frame_ms,0.2898,
frame_ms,0.3039,
frame_ms,0.2776,
frame_ms,0.3643,
frame_ms,0.4573,
frame_ms,0.4776,
frame_ms,0.3089,
frame_ms,0.3098,
frame_ms,0.2493,
frame_ms,0.9835,
frame_ms,0.3697,
frame_ms,0.3051,
frame_ms,0.2751,
frame_ms,0.2675,
frame_ms,0.2737,
frame_ms,0.2579,
frame_ms,0.2374,
frame_ms,0.2435,
frame_ms,0.24,
frame_ms,0.23,
frame_ms,0.2988,
frame_ms,0.2847,
frame_ms,0.2792,
frame_ms,0.2947,
frame_ms,0.292,
frame_ms,0.2995,
frame_ms,0.2903,
frame_ms,0.2842,
frame_ms,0.2909,
frame_ms,0.3125,
frame_ms,0.4192,
frame_ms,0.4505,
frame_ms,0.2798,
frame_ms,0.3051,
frame_ms,0.2704,
frame_ms,0.3092,
frame_ms,0.2914,
frame_ms,0.358,
frame_ms,0.2687,
frame_ms,0.2534,
frame_ms,0.3049,
frame_ms,0.2662,
frame_ms,0.3223,
frame_ms,0.3197,
frame_ms,0.5614,
frame_ms,0.2701,
frame_ms,0.2995,
frame_ms,0.2798,
frame_ms,0.2851,
frame_ms,0.2894,
frame_ms,0.2879,
frame_ms,0.3204,
frame_ms,0.2649,
frame_ms,0.2879,
frame_ms,0.294,
frame_ms,0.4067,
frame_ms,0.3139,
frame_ms,0.2524,
frame_ms,0.61,
frame_ms,0.3655,
frame_ms,0.2863,
frame_ms,0.3132,
frame_ms,0.2627,
frame_ms,0.473,
frame_ms,0.2739,
frame_ms,0.2506,
frame_ms,0.2455,
frame_ms,0.2357,
frame_ms,0.2695,
frame_ms,0.3718,
frame_ms,0.5662,
frame_ms,0.3102,
frame_ms,0.3013,
frame_ms,0.2605,
frame_ms,0.2556,
frame_ms,0.2952,
frame_ms,0.2994,
frame_ms,0.2913,
frame_ms,0.2853,
frame_ms,0.2951,
frame_ms,0.2779,
frame_ms,0.3118,
frame_ms,0.2933,
frame_ms,0.6561,
frame_ms,0.2972,
frame_ms,0.2764,
frame_ms,0.2912,
frame_ms,0.2946,
frame_ms,0.2977,
frame_ms,0.3012,
frame_ms,0.2944,
frame_ms,0.3063,
frame_ms,0.282,
frame_ms,0.2847,
frame_ms,0.3648,
frame_ms,0.4621,
frame_ms,0.4309,
frame_ms,0.3039,
frame_ms,0.2723,
frame_ms,0.2815,
frame_ms,0.3018,
frame_ms,0.3045,
frame_ms,0.2709,
frame_ms,0.2913,
frame_ms,0.285,
frame_ms,0.2978,
frame_ms,0.5886,
frame_ms,0.4221,
frame_ms,0.3943,
frame_ms,0.3447,
frame_ms,0.2922,
frame_ms,0.2741,
frame_ms,0.2641,
frame_ms,0.3076,
frame_ms,0.2605,
frame_ms,0.3169,
frame_ms,0.3343,
frame_ms,0.2927,
frame_ms,0.3223,
frame_ms,0.3128,
frame_ms,0.3443,
frame_ms,0.3196,
frame_ms,0.4521,
frame_ms,0.291,
frame_ms,0.2687,
frame_ms,0.2888,
frame_ms,0.3014,
frame_ms,0.3086,
frame_ms,0.3045,
frame_ms,0.2836,
frame_ms,0.3034,
frame_ms,0.2939,
frame_ms,0.3626,
frame_ms,0.3577,
frame_ms,0.2834,
frame_ms,0.4903,
frame_ms,0.2893,
frame_ms,0.3696,
frame_ms,0.2801,
frame_ms,0.2595,
frame_ms,0.3003,
frame_ms,0.3033,
frame_ms,0.2866,
frame_ms,0.2959,
frame_ms,0.2877,
frame_ms,0.3405,
frame_ms,0.2634,
frame_ms,0.3989,
frame_ms,0.5445,
frame_ms,0.2624,
frame_ms,0.3051,
frame_ms,0.3197,
frame_ms,0.2729,
frame_ms,1.6067,
frame_ms,0.3732,
frame_ms,0.3479,
frame_ms,0.2847,
frame_ms,0.3836,
frame_ms,0.3605,
frame_ms,0.275,
frame_ms,0.2618,
frame_ms,0.2536,
frame_ms,0.2449,
frame_ms,0.2512,
frame_ms,0.2623,
frame_ms,0.2429,
frame_ms,0.2643,
frame_ms,0.2462,
frame_ms,0.2975,
frame_ms,0.2735,
frame_ms,0.3441,
frame_ms,0.5313,
frame_ms,0.2891,
frame_ms,0.2996,
frame_ms,0.2928,
frame_ms,0.3012,
frame_ms,0.29,
frame_ms,0.2902,
frame_ms,0.3253,
frame_ms,0.2758,
frame_ms,0.2812,
frame_ms,0.2915,
frame_ms,0.3289,
frame_ms,0.3092,
frame_ms,0.5526,
frame_ms,0.3022,
frame_ms,0.2876,
frame_ms,0.3168,
frame_ms,0.2888,
frame_ms,0.3449,
frame_ms,0.2879,
frame_ms,0.2564,
frame_ms,0.3333,
frame_ms,0.2899,
frame_ms,0.2455,
frame_ms,0.3255,
frame_ms,0.3355,
frame_ms,0.6185,
frame_ms,0.4666,
frame_ms,0.3351,
frame_ms,0.2616,
frame_ms,0.2512,
frame_ms,0.2371,
frame_ms,0.2917,
frame_ms,0.2455,
frame_ms,0.2982,
frame_ms,0.2741,
frame_ms,0.3731,
frame_ms,0.3193,
frame_ms,0.2636,
frame_ms,0.5377,
frame_ms,0.3051,
frame_ms,0.2893,
frame_ms,0.301,
frame_ms,0.2897,
frame_ms,0.3103,
frame_ms,0.3027,
frame_ms,0.3109,
frame_ms,0.2988,
frame_ms,0.3053,
frame_ms,0.3373,
frame_ms,0.3355,
frame_ms,0.3,
frame_ms,0.5511,
frame_ms,0.2877,
frame_ms,0.3024,
frame_ms,0.3146,
frame_ms,0.3138,
frame_ms,0.2938,
frame_ms,0.3036,
frame_ms,0.2984,
frame_ms,0.3123,
frame_ms,0.3019,
frame_ms,0.3901,
frame_ms,0.3296,
frame_ms,0.511,
frame_ms,0.2848,
frame_ms,0.3091,
frame_ms,0.287,
frame_ms,0.3068,
frame_ms,0.293,
frame_ms,0.3042,
frame_ms,0.3251,
frame_ms,0.2807,
frame_ms,0.3179,
frame_ms,0.3532,
frame_ms,0.3027,
frame_ms,0.3639,
frame_ms,0.8852,
frame_ms,0.3556,
frame_ms,0.2641,
frame_ms,0.2508,
frame_ms,0.2475,
frame_ms,0.2402,
frame_ms,0.2466,
frame_ms,0.25,
frame_ms,0.2809,
frame_ms,0.2848,
frame_ms,0.3852,
frame_ms,0.3846,
frame_ms,0.2979,
frame_ms,0.4182,
frame_ms,0.2894,
frame_ms,0.3491,
frame_ms,0.2641,
frame_ms,0.3342,
frame_ms,0.274,
frame_ms,0.3224,
frame_ms,0.313,
frame_ms,0.3196,
frame_ms,0.2967,
frame_ms,0.3716,
frame_ms,0.3428,
frame_ms,0.5528,
frame_ms,0.3181,
frame_ms,0.2975,
frame_ms,0.2651,
frame_ms,0.3076,
frame_ms,0.2956,
frame_ms,0.3102,
frame_ms,0.3095,
frame_ms,0.3034,
frame_ms,0.3179,
frame_ms,0.2975,
frame_ms,0.3565,
frame_ms,0.314,
frame_ms,0.5275,
frame_ms,0.3069,
frame_ms,0.3065,
frame_ms,0.2836,
frame_ms,0.2986,
frame_ms,0.3034,
frame_ms,0.2923,
frame_ms,0.5619,
frame_ms,0.3601,
frame_ms,0.2978,
frame_ms,0.2887,
frame_ms,0.3519,
frame_ms,0.361,
frame_ms,0.2679,
frame_ms,0.3117,
frame_ms,0.2768,
frame_ms,0.3452,
frame_ms,0.278,
frame_ms,0.3216,
frame_ms,0.3404,
frame_ms,0.2732,
frame_ms,0.2967,
frame_ms,0.2932,
frame_ms,0.3517,
frame_ms,0.3782,
frame_ms,0.5975,
frame_ms,0.2955,
frame_ms,0.2989,
frame_ms,0.3042,
frame_ms,0.2891,
frame_ms,0.302,
frame_ms,0.3083,
frame_ms,0.3176,
frame_ms,0.3094,
frame_ms,0.3003,
frame_ms,0.3819,
frame_ms,0.3924,
frame_ms,0.4899,
frame_ms,0.3105,
frame_ms,0.2707,
frame_ms,0.3243,
frame_ms,0.2639,
frame_ms,0.2925,
frame_ms,0.3135,
frame_ms,0.2927,
frame_ms,0.3268,
frame_ms,0.2932,
frame_ms,0.298,
frame_ms,0.3552,
frame_ms,0.316,
frame_ms,0.6686,
frame_ms,0.317,
frame_ms,0.2642,
frame_ms,0.572,
frame_ms,0.3227,
frame_ms,0.2801,
frame_ms,0.2648,
frame_ms,0.2559,
frame_ms,0.2497,
frame_ms,0.2478,
frame_ms,0.3311,
frame_ms,0.3467,
frame_ms,0.3329,
frame_ms,0.4664,
frame_ms,0.2755,
frame_ms,0.314,
frame_ms,0.3038,
frame_ms,0.3107,
frame_ms,0.2839,
frame_ms,0.2986,
frame_ms,0.3039,
frame_ms,0.3114,
frame_ms,0.2982,
frame_ms,0.3966,
frame_ms,0.2802,
frame_ms,0.6075,
frame_ms,0.3228,
frame_ms,0.28,
frame_ms,0.3034,
frame_ms,0.3098,
frame_ms,0.3005,
frame_ms,0.3092,
frame_ms,0.3312,
frame_ms,0.2898,
frame_ms,0.2892,
frame_ms,0.3035,
frame_ms,0.3252,
frame_ms,0.3536,
frame_ms,0.5204,
frame_ms,0.3545,
frame_ms,0.262,
frame_ms,0.3051,
frame_ms,0.3063,
frame_ms,0.3119,
frame_ms,0.3027,
frame_ms,0.3153,
frame_ms,0.3153,
frame_ms,0.2898,
frame_ms,0.3739,
frame_ms,0.3354,
frame_ms,0.2789,
frame_ms,0.9593,
frame_ms,0.3846,
frame_ms,0.3541,
frame_ms,0.3179,
frame_ms,0.3162,
frame_ms,0.2713,
frame_ms,0.2495,
frame_ms,0.249,
frame_ms,0.2472,
frame_ms,0.2445,
frame_ms,0.2468,
frame_ms,0.2989,
frame_ms,0.6113,
frame_ms,0.2791,
frame_ms,0.2852,
frame_ms,0.3259,
frame_ms,0.2937,
frame_ms,0.2692,
frame_ms,0.2987,
frame_ms,0.3089,
frame_ms,0.3272,
frame_ms,0.3018,
frame_ms,0.3345,
frame_ms,0.3543,
frame_ms,0.3176,
frame_ms,0.5719,
frame_ms,0.3383,
frame_ms,0.2626,
frame_ms,0.2945,
frame_ms,0.316,
frame_ms,0.2887,
frame_ms,0.2903,
frame_ms,0.3052,
frame_ms,0.2943,
frame_ms,0.3013,
frame_ms,0.3727,
frame_ms,0.3147,
frame_ms,0.6066,
frame_ms,0.2901,
frame_ms,0.2714,
frame_ms,0.3121,
frame_ms,0.282,
frame_ms,0.2947,
frame_ms,0.307,
frame_ms,0.3207,
frame_ms,0.2645,
frame_ms,0.3078,
frame_ms,0.35,
frame_ms,0.6727,
frame_ms,0.3189,
frame_ms,0.2741,
frame_ms,0.2644,
frame_ms,0.28,
frame_ms,0.2964,
frame_ms,0.3207,
frame_ms,0.2953,
frame_ms,0.3109,
frame_ms,0.3933,
frame_ms,0.2784,
frame_ms,0.2663,
frame_ms,0.3743,
frame_ms,0.3855,
frame_ms,0.5177,
frame_ms,0.288,
frame_ms,0.37,
frame_ms,0.2788,
frame_ms,0.2651,
frame_ms,0.3033,
frame_ms,0.2961,
frame_ms,0.3076,
frame_ms,0.3055,
frame_ms,0.2951,
frame_ms,0.3597,
frame_ms,0.3202,
frame_ms,0.3595,
frame_ms,0.4861,
frame_ms,0.299,
frame_ms,0.2912,
frame_ms,0.3026,
frame_ms,0.3562,
frame_ms,0.2719,
frame_ms,0.3037,
frame_ms,0.3005,
frame_ms,0.2992,
frame_ms,0.297,
frame_ms,0.3129,
frame_ms,0.3317,
frame_ms,0.3358,
frame_ms,0.5208,
frame_ms,0.2973,
frame_ms,0.3138,
frame_ms,0.2973,
frame_ms,0.3123,
frame_ms,0.3136,
frame_ms,0.3088,
frame_ms,0.7934,
frame_ms,0.3309,
frame_ms,0.2709,
frame_ms,0.3598,
frame_ms,0.3161,
frame_ms,0.2763,
frame_ms,0.2772,
frame_ms,0.2868,
frame_ms,0.33,
frame_ms,0.2745,
frame_ms,0.3033,
frame_ms,0.3364,
frame_ms,0.263,
frame_ms,0.317,
frame_ms,0.3084,
frame_ms,0.325,
frame_ms,0.3392,
frame_ms,0.6574,
frame_ms,0.3061,
frame_ms,0.3096,
frame_ms,0.301,
frame_ms,0.3071,
frame_ms,0.3026,
frame_ms,0.3138,
frame_ms,0.293,
frame_ms,0.2974,
frame_ms,0.2899,
frame_ms,0.3614,
frame_ms,0.4965,
frame_ms,0.3207,
frame_ms,0.3441,
frame_ms,0.3031,
frame_ms,0.3374,
frame_ms,0.2839,
frame_ms,0.3067,
frame_ms,0.313,
frame_ms,0.2906,
frame_ms,0.3053,
frame_ms,0.2974,
frame_ms,0.317,
frame_ms,0.2951,
frame_ms,0.5315,
frame_ms,0.4279,
frame_ms,0.298,
frame_ms,0.2578,
frame_ms,0.3074,
frame_ms,0.2991,
frame_ms,0.7333,
frame_ms,0.3498,
frame_ms,0.2718,
frame_ms,0.2585,
frame_ms,0.2515,
frame_ms,0.2717,
frame_ms,0.2698,
frame_ms,0.2337,
frame_ms,0.5232,
frame_ms,0.3637,
frame_ms,0.272,
frame_ms,0.2501,
frame_ms,0.2588,
frame_ms,0.3169,
frame_ms,0.276,
frame_ms,0.2883,
frame_ms,0.3004,
frame_ms,0.2916,
frame_ms,0.2938,
frame_ms,0.3118,
frame_ms,0.4943,
frame_ms,0.4294,
frame_ms,0.3076,
frame_ms,0.2681,
frame_ms,0.3056,
frame_ms,0.3016,
frame_ms,0.3048,
frame_ms,0.2936,
frame_ms,0.3314,
frame_ms,0.2687,
frame_ms,0.2959,
frame_ms,0.3292,
frame_ms,0.3577,
frame_ms,0.2982,
frame_ms,0.4966,
frame_ms,0.2653,
frame_ms,0.3037,
frame_ms,0.3004,
frame_ms,0.3137,
frame_ms,0.2883,
frame_ms,0.306,
frame_ms,0.2839,
frame_ms,0.2953,
frame_ms,0.2916,
frame_ms,0.3528,
frame_ms,0.3096,
frame_ms,0.5511,
frame_ms,0.6017,
frame_ms,0.4022,
frame_ms,0.2843,
frame_ms,0.2621,
frame_ms,0.2484,
frame_ms,0.2472,
frame_ms,0.2463,
frame_ms,0.2486,
frame_ms,0.2834,
frame_ms,0.3021,
frame_ms,0.3496,
frame_ms,0.3587,
frame_ms,0.2858,
frame_ms,0.3732,
frame_ms,0.2946,
frame_ms,0.2932,
frame_ms,0.2814,
frame_ms,0.2926,
frame_ms,0.2964,
frame_ms,0.2992,
frame_ms,0.2881,
frame_ms,0.3026,
frame_ms,0.2934,
frame_ms,0.3296,
frame_ms,0.4101,
frame_ms,0.3111,
frame_ms,0.484,
frame_ms,0.2895,
frame_ms,0.3049,
frame_ms,0.2942,
frame_ms,0.3159,
frame_ms,0.2919,
frame_ms,0.2799,
frame_ms,0.301,
frame_ms,0.2929,
frame_ms,0.2882,
frame_ms,0.3391,
frame_ms,0.2634,
frame_ms,0.3045,
frame_ms,0.5618,
frame_ms,0.3006,
frame_ms,0.2969,
frame_ms,0.2991,
frame_ms,0.301,
frame_ms,0.2892,
frame_ms,0.3079,
frame_ms,0.3038,
frame_ms,0.2678,
frame_ms,0.2843,
frame_ms,0.5233,
frame_ms,0.3933,
frame_ms,0.3488,
frame_ms,0.277,
frame_ms,0.2641,
frame_ms,0.2823,
frame_ms,0.2951,
frame_ms,0.2863,
frame_ms,0.3238,
frame_ms,0.2778,
frame_ms,0.3034,
frame_ms,0.2939,
frame_ms,0.3297,
frame_ms,0.2693,
frame_ms,0.3007,
frame_ms,0.2892,
frame_ms,0.5989,
frame_ms,0.2747,
frame_ms,0.3253,
frame_ms,0.2643,
frame_ms,0.3074,
frame_ms,0.291,
frame_ms,0.2837,
frame_ms,0.2908,
frame_ms,0.2914,
frame_ms,0.3052,
frame_ms,0.3068,
frame_ms,0.3285,
frame_ms,0.4233,
frame_ms,0.5014,
frame_ms,0.3364,
frame_ms,0.2614,
frame_ms,0.2666,
frame_ms,0.3067,
frame_ms,0.2849,
frame_ms,0.2921,
frame_ms,0.3036,
frame_ms,0.2895,
frame_ms,0.2877,
frame_ms,0.3089,
frame_ms,0.3118,
frame_ms,0.4314,
frame_ms,0.5114,
frame_ms,0.3389,
frame_ms,0.2589,
frame_ms,0.2653,
frame_ms,0.2521,
frame_ms,0.2999,
frame_ms,0.2879,
frame_ms,0.3048,
frame_ms,1.2498,
frame_ms,0.3796,
frame_ms,0.3738,
frame_ms,0.4619,
frame_ms,0.2785,
frame_ms,0.2517,
frame_ms,0.2384,
frame_ms,0.2787,
frame_ms,0.3022,
frame_ms,0.3127,
frame_ms,0.264,
frame_ms,0.2927,
frame_ms,0.2868,
frame_ms,0.3649,
frame_ms,0.305,
frame_ms,0.5906,
frame_ms,0.2868,
frame_ms,0.2837,
frame_ms,0.3097,
frame_ms,0.3011,
frame_ms,0.3148,
frame_ms,0.306,
frame_ms,0.3296,
frame_ms,0.3303,
frame_ms,0.3447,
frame_ms,0.3467,
frame_ms,0.3455,
frame_ms,0.2627,
frame_ms,0.4963,
frame_ms,0.2744,
frame_ms,0.342,
frame_ms,0.2877,
frame_ms,0.2638,
frame_ms,0.2861,
frame_ms,0.311,
frame_ms,0.2908,
frame_ms,0.2932,
frame_ms,0.2911,
frame_ms,0.3531,
frame_ms,0.3739,
frame_ms,0.2787,
frame_ms,0.5201,
frame_ms,0.2956,
frame_ms,0.283,
frame_ms,0.31,
frame_ms,1.0556,
frame_ms,0.6321,
frame_ms,0.3174,
frame_ms,0.3647,
frame_ms,0.3752,
frame_ms,0.2922,
frame_ms,0.2627,
frame_ms,0.2589,
frame_ms,0.2647,
frame_ms,0.2615,
frame_ms,0.2406,
frame_ms,0.235,
frame_ms,0.2496,
frame_ms,0.2753,
frame_ms,0.2782,
frame_ms,0.2982,
frame_ms,0.298,
frame_ms,0.3358,
frame_ms,0.2789,
frame_ms,0.2983,
frame_ms,0.5497,
frame_ms,0.3114,
frame_ms,0.2981,
frame_ms,0.2926,
frame_ms,0.3033,
frame_ms,0.293,
frame_ms,0.2968,
frame_ms,0.3291,
frame_ms,0.267,
frame_ms,0.3621,
frame_ms,0.2832,
frame_ms,0.2875,
frame_ms,0.2885,
frame_ms,0.561,
frame_ms,0.2881,
frame_ms,0.2983,
frame_ms,0.3201,
frame_ms,0.3024,
frame_ms,0.2932,
frame_ms,0.3255,
frame_ms,0.2915,
frame_ms,0.2964,
frame_ms,0.2791,
frame_ms,0.3268,
frame_ms,0.2934,
frame_ms,0.3347,
frame_ms,0.6509,
frame_ms,0.3165,
frame_ms,0.3066,
frame_ms,0.2575,
frame_ms,0.2424,
frame_ms,0.2835,
frame_ms,0.2762,
frame_ms,0.2966,
frame_ms,0.2985,
frame_ms,0.2988,
frame_ms,0.3158,
frame_ms,0.2871,
frame_ms,0.3352,
frame_ms,0.5284,
frame_ms,0.3082,
frame_ms,0.3241,
frame_ms,0.2768,
frame_ms,0.3031,
frame_ms,0.2894,
frame_ms,0.3127,
frame_ms,0.2781,
frame_ms,0.2964,
frame_ms,0.2861,
frame_ms,0.3331,
frame_ms,0.3241,
frame_ms,0.3254,
frame_ms,0.5017,
frame_ms,0.2836,
frame_ms,0.3622,
frame_ms,0.2496,
frame_ms,0.3112,
frame_ms,0.3073,
frame_ms,0.2956,
frame_ms,0.3034,
frame_ms,0.3017,
frame_ms,0.307,
frame_ms,0.3291,
frame_ms,0.3707,
frame_ms,0.3105,
frame_ms,0.5343,
frame_ms,0.2758,
frame_ms,0.2806,
frame_ms,0.2954,
frame_ms,0.3122,
frame_ms,0.2714,
frame_ms,0.3103,
frame_ms,0.3141,
frame_ms,0.3201,
frame_ms,0.2784,
frame_ms,0.5794,
frame_ms,0.3758,
frame_ms,0.3076,
frame_ms,0.3053,
frame_ms,0.2557,
frame_ms,0.3028,
frame_ms,0.312,
frame_ms,0.2786,
frame_ms,0.2934,
frame_ms,0.3152,
frame_ms,0.3217,
frame_ms,0.2936,
frame_ms,0.3164,
frame_ms,0.3809,
frame_ms,0.308,
frame_ms,0.5394,
frame_ms,0.3028,
frame_ms,0.3274,
frame_ms,0.2738,
frame_ms,0.3101,
frame_ms,0.311,
frame_ms,0.3035,
frame_ms,0.3055,
frame_ms,0.3022,
frame_ms,0.3011,
frame_ms,0.2902,
frame_ms,0.3378,
frame_ms,0.3121,
frame_ms,0.5654,
frame_ms,0.2945,
frame_ms,0.2919,
frame_ms,0.2927,
frame_ms,0.3151,
frame_ms,0.2924,
frame_ms,0.3136,
frame_ms,0.298,
frame_ms,0.2989,
frame_ms,0.2934,
frame_ms,0.3379,
frame_ms,0.3381,
frame_ms,0.2601,
frame_ms,0.5411,
frame_ms,0.2997,
frame_ms,0.2923,
frame_ms,0.3362,
frame_ms,0.2905,
frame_ms,0.3,
frame_ms,0.2985,
frame_ms,0.2909,
frame_ms,0.6419,
frame_ms,0.3377,
frame_ms,0.2667,
frame_ms,0.2938,
frame_ms,0.3039,
frame_ms,0.3433,
frame_ms,0.2679,
frame_ms,0.2995,
frame_ms,0.3033,
frame_ms,0.3142,
frame_ms,0.3085,
frame_ms,0.343,
frame_ms,0.287,
frame_ms,0.2929,
frame_ms,0.2882,
frame_ms,0.377,
frame_ms,0.3578,
frame_ms,0.5892,
frame_ms,0.3185,
frame_ms,0.2619,
frame_ms,0.2888,
frame_ms,0.2916,
frame_ms,0.2867,
frame_ms,0.3069,
frame_ms,0.291,
frame_ms,0.309,
frame_ms,0.3142,
frame_ms,0.2863,
frame_ms,0.3111,
frame_ms,0.3511,
frame_ms,0.5799,
frame_ms,0.2793,
frame_ms,0.3093,
frame_ms,0.2855,
frame_ms,0.2997,
frame_ms,0.3067,
frame_ms,0.3055,
frame_ms,0.3037,
frame_ms,0.292,
frame_ms,0.2962,
frame_ms,0.3135,
frame_ms,0.3062,
frame_ms,0.4538,
frame_ms,0.4032,
frame_ms,0.2809,
frame_ms,0.3123,
frame_ms,0.2955,
frame_ms,0.3029,
frame_ms,0.6231,
frame_ms,0.3384,
frame_ms,0.2741,
frame_ms,0.2576,
frame_ms,0.2465,
frame_ms,0.2352,
frame_ms,0.3095,
frame_ms,0.2736,
frame_ms,0.4284,
frame_ms,0.312,
frame_ms,0.2926,
frame_ms,0.2925,
frame_ms,0.2925,
frame_ms,0.308,
frame_ms,0.3109,
frame_ms,0.3141,
frame_ms,0.3067,
frame_ms,0.3108,
frame_ms,0.3059,
frame_ms,0.3914,
frame_ms,0.6199,
frame_ms,0.2774,
frame_ms,0.3057,
frame_ms,0.3104,
frame_ms,0.3106,
frame_ms,0.2988,
frame_ms,0.2964,
frame_ms,0.3479,
frame_ms,0.2737,
frame_ms,0.3254,
frame_ms,0.2641,
frame_ms,0.3349,
frame_ms,0.3085,
frame_ms,0.5528,
frame_ms,0.3029,
frame_ms,0.3193,
frame_ms,0.2817,
frame_ms,0.2908,
frame_ms,0.2882,
frame_ms,0.3002,
frame_ms,0.2968,
frame_ms,0.289,
frame_ms,0.3055,
frame_ms,0.2996,
frame_ms,0.326,
frame_ms,0.3351,
frame_ms,1.3812,
frame_ms,0.3948,
frame_ms,0.2922,
frame_ms,0.2703,
frame_ms,0.3665,
frame_ms,0.3204,
frame_ms,0.2893,
frame_ms,0.3863,
frame_ms,0.2841,
frame_ms,0.2784,
frame_ms,0.3545,
frame_ms,0.2971,
frame_ms,0.2598,
frame_ms,0.2597,
frame_ms,0.2466,
frame_ms,0.2489,
frame_ms,0.2392,
frame_ms,0.3089,
frame_ms,0.305,
frame_ms,0.2807,
frame_ms,0.2855,
frame_ms,0.3091,
frame_ms,0.3918,
frame_ms,0.4828,
frame_ms,0.4098,
frame_ms,0.3075,
frame_ms,0.2559,
frame_ms,0.3155,
frame_ms,0.2799,
frame_ms,0.3195,
frame_ms,0.2906,
frame_ms,0.3015,
frame_ms,0.2958,
frame_ms,0.2951,
frame_ms,0.3385,
frame_ms,0.2964,
frame_ms,0.3286,
frame_ms,0.5595,
frame_ms,0.2994,
frame_ms,0.2951,
frame_ms,0.2872,
frame_ms,0.3057,
frame_ms,0.2983,
frame_ms,0.3028,
frame_ms,0.3163,
frame_ms,0.2915,
frame_ms,0.291,
frame_ms,0.7603,
frame_ms,0.3573,
frame_ms,0.326,
frame_ms,0.2803,
frame_ms,0.2555,
frame_ms,0.2871,
frame_ms,0.282,
frame_ms,0.2603,
frame_ms,0.3103,
frame_ms,0.28,
frame_ms,0.3136,
frame_ms,0.2874,
frame_ms,0.2954,
frame_ms,0.4098,
frame_ms,0.3166,
frame_ms,0.5539,
frame_ms,0.2913,
frame_ms,0.3222,
frame_ms,0.2784,
frame_ms,0.3004,
frame_ms,0.2978,
frame_ms,0.2878,
frame_ms,0.3122,
frame_ms,0.2858,
frame_ms,0.2918,
frame_ms,0.3017,
frame_ms,0.3201,
frame_ms,0.3023,
frame_ms,0.5598,
frame_ms,0.3037,
frame_ms,0.3115,
frame_ms,0.3084,
frame_ms,0.2917,
frame_ms,0.3004,
frame_ms,0.3029,
frame_ms,0.3119,
frame_ms,0.3027,
frame_ms,0.3005,
frame_ms,0.3614,
frame_ms,0.3623,
frame_ms,0.2894,
frame_ms,0.5175,
frame_ms,0.2911,
frame_ms,0.3299,
frame_ms,0.3114,
frame_ms,0.2566,
frame_ms,0.2804,
frame_ms,0.2974,
frame_ms,0.5384,
frame_ms,0.3162,
frame_ms,0.3894,
frame_ms,0.3181,
frame_ms,0.2698,
frame_ms,0.2594,
frame_ms,0.3178,
frame_ms,0.3059,
frame_ms,0.281,
frame_ms,0.34,
frame_ms,0.2712,
frame_ms,0.2834,
frame_ms,0.3237,
frame_ms,0.3246,
frame_ms,0.2797,
frame_ms,0.2818,
frame_ms,0.3176,
frame_ms,0.3021,
frame_ms,0.3325,
frame_ms,0.5842,
frame_ms,0.3112,
frame_ms,0.2877,
frame_ms,0.2614,
frame_ms,0.3081,
frame_ms,0.2971,
frame_ms,0.2924,
frame_ms,0.2939,
frame_ms,0.2983,
frame_ms,0.2913,
frame_ms,0.2905,
frame_ms,0.3446,
frame_ms,0.5766,
frame_ms,0.2979,
frame_ms,0.2996,
frame_ms,0.3453,
frame_ms,0.3213,
frame_ms,0.2922,
frame_ms,0.2633,
frame_ms,0.2957,
frame_ms,0.2895,
frame_ms,0.2914,
frame_ms,0.3052,
frame_ms,0.3626,
frame_ms,0.3187,
frame_ms,0.5624,
frame_ms,0.2823,
frame_ms,0.3225,
frame_ms,0.2742,
frame_ms,0.3154,
frame_ms,0.2518,
frame_ms,0.9042,
frame_ms,0.3643,
frame_ms,0.2984,
frame_ms,0.2601,
frame_ms,0.291,
frame_ms,0.3295,
frame_ms,0.2712,
frame_ms,0.2869,
frame_ms,0.2554,
frame_ms,0.2334,
frame_ms,0.2481,
frame_ms,0.2942,
frame_ms,0.2868,
frame_ms,0.3053,
frame_ms,0.3004,
frame_ms,0.2949,
frame_ms,0.3015,
frame_ms,0.3188,
frame_ms,0.2787,
frame_ms,0.3333,
frame_ms,0.568,
frame_ms,0.3078,
frame_ms,0.3429,
frame_ms,0.2897,
frame_ms,0.2714,
frame_ms,0.2459,
frame_ms,0.326,
frame_ms,0.3066,
frame_ms,0.2887,
frame_ms,0.2825,
frame_ms,0.3355,
frame_ms,0.2877,
frame_ms,0.3321,
frame_ms,0.5442,
frame_ms,0.2855,
frame_ms,0.2866,
frame_ms,0.3152,
frame_ms,0.2984,
frame_ms,0.3082,
frame_ms,0.286,
frame_ms,0.3097,
frame_ms,0.2947,
frame_ms,0.292,
frame_ms,0.3517,
frame_ms,0.368,
frame_ms,0.2843,
frame_ms,0.4838,
frame_ms,0.2917,
frame_ms,0.4124,
frame_ms,0.3225,
frame_ms,0.2939,
frame_ms,0.2766,
frame_ms,0.2545,
frame_ms,0.2465,
frame_ms,0.2686,
frame_ms,0.2849,
frame_ms,0.321,
frame_ms,0.2995,
frame_ms,0.3073,
frame_ms,0.5957,
frame_ms,0.2873,
frame_ms,0.2811,
frame_ms,0.3251,
frame_ms,0.2901,
frame_ms,0.2936,
frame_ms,0.292,
frame_ms,0.2947,
frame_ms,0.3059,
frame_ms,0.3045,
frame_ms,0.3065,
frame_ms,0.3229,
frame_ms,0.3017,
frame_ms,0.5628,
frame_ms,0.3055,
frame_ms,0.2776,
frame_ms,0.2966,
frame_ms,0.2909,
frame_ms,0.2847,
frame_ms,0.304,
frame_ms,0.2868,
frame_ms,0.2979,
frame_ms,0.2819,
frame_ms,0.29,
frame_ms,0.3183,
frame_ms,0.3064,
frame_ms,0.5398,
frame_ms,0.3105,
frame_ms,0.2983,
frame_ms,0.2872,
frame_ms,0.3169,
frame_ms,0.2936,
frame_ms,0.2986,
frame_ms,0.3143,
frame_ms,0.2704,
frame_ms,0.3052,
frame_ms,0.2898,
frame_ms,0.3319,
frame_ms,0.3106,
frame_ms,0.6033,
frame_ms,0.3528,
frame_ms,0.3051,
frame_ms,0.2545,
frame_ms,0.2455,
frame_ms,0.2787,
frame_ms,0.2929,
frame_ms,0.2864,
frame_ms,0.3199,
frame_ms,0.2814,
frame_ms,0.2948,
frame_ms,0.316,
frame_ms,0.3805,
frame_ms,0.5146,
frame_ms,0.2978,
frame_ms,0.2902,
frame_ms,0.3232,
frame_ms,0.2491,
frame_ms,0.2939,
frame_ms,0.293,
frame_ms,0.2904,
frame_ms,0.301,
frame_ms,0.2849,
frame_ms,0.2854,
frame_ms,0.4092,
frame_ms,0.2931,
frame_ms,0.4997,
frame_ms,0.3067,
frame_ms,0.2902,
frame_ms,0.2802,
frame_ms,0.3037,
frame_ms,0.29,
frame_ms,0.3066,
frame_ms,0.2916,
frame_ms,0.3192,
frame_ms,0.3741,
frame_ms,0.3216,
frame_ms,0.3536,
frame_ms,0.3191,
frame_ms,0.4381,
frame_ms,0.3272,
frame_ms,0.2825,
frame_ms,0.2655,
frame_ms,0.2989,
frame_ms,0.3077,
frame_ms,0.303,
frame_ms,0.3038,
frame_ms,0.2747,
frame_ms,0.8331,
frame_ms,0.3849,
frame_ms,0.2969,
frame_ms,0.4122,
frame_ms,0.2995,
frame_ms,0.3246,
frame_ms,0.262,
frame_ms,0.2476,
frame_ms,0.2343,
frame_ms,0.2376,
frame_ms,0.3078,
frame_ms,0.2715,
frame_ms,0.2752,
frame_ms,0.2404,
frame_ms,0.327,
frame_ms,0.3197,
frame_ms,0.3124,
frame_ms,0.5239,
frame_ms,0.3023,
frame_ms,0.2788,
frame_ms,0.2906,
frame_ms,0.2905,
frame_ms,0.2955,
frame_ms,0.2901,
frame_ms,0.2852,
frame_ms,0.2889,
frame_ms,0.2876,
frame_ms,0.3355,
frame_ms,0.3248,
frame_ms,0.3519,
frame_ms,0.508,
frame_ms,0.2958,
frame_ms,0.3043,
frame_ms,0.2565,
frame_ms,0.2706,
frame_ms,0.2841,
frame_ms,0.2966,
frame_ms,0.3503,
frame_ms,0.3031,
frame_ms,0.2424,
frame_ms,0.2632,
frame_ms,0.3109,
frame_ms,0.3726,
frame_ms,0.5247,
frame_ms,0.2895,
frame_ms,0.2987,
frame_ms,0.2883,
frame_ms,0.537,
frame_ms,0.3491,
frame_ms,0.2897,
frame_ms,0.2781,
frame_ms,0.263,
frame_ms,0.2476,
frame_ms,0.2453,
frame_ms,0.2726,
frame_ms,0.2713,
frame_ms,0.5481,
frame_ms,0.2839,
frame_ms,0.3516,
frame_ms,0.2566,
frame_ms,0.3152,
frame_ms,0.2836,
frame_ms,0.3014,
frame_ms,0.2938,
frame_ms,0.2959,
frame_ms,0.2865,
frame_ms,0.2906,
frame_ms,0.3178,
frame_ms,0.3682,
frame_ms,0.5356,
frame_ms,0.284,
frame_ms,0.2579,
frame_ms,0.3258,
frame_ms,0.3039,
frame_ms,0.2748,
frame_ms,0.3035,
frame_ms,0.3032,
frame_ms,0.2621,
frame_ms,0.3127,
frame_ms,0.2878,
frame_ms,0.3555,
frame_ms,0.2989,
frame_ms,0.5688,
frame_ms,0.3276,
frame_ms,0.2728,
frame_ms,0.266,
frame_ms,0.3026,
frame_ms,0.2863,
frame_ms,0.2985,
frame_ms,0.2949,
frame_ms,0.2951,
frame_ms,0.2823,
frame_ms,0.2982,
frame_ms,0.3237,
frame_ms,0.3209,
frame_ms,0.7562,
frame_ms,0.3094,
frame_ms,0.2958,
frame_ms,0.2651,
frame_ms,0.277,
frame_ms,0.2651,
frame_ms,0.2527,
frame_ms,0.2438,
frame_ms,0.3082,
frame_ms,0.322,
frame_ms,0.2798,
frame_ms,0.3493,
frame_ms,0.3151,
frame_ms,0.6413,
frame_ms,0.3083,
frame_ms,0.2726,
frame_ms,0.2765,
frame_ms,0.3234,
frame_ms,0.286,
frame_ms,0.304,
frame_ms,0.2877,
frame_ms,0.3041,
frame_ms,0.2875,
frame_ms,0.3538,
frame_ms,0.3426,
frame_ms,0.3704,
frame_ms,0.439,
frame_ms,0.264,
frame_ms,0.3077,
frame_ms,0.3186,
frame_ms,0.2699,
frame_ms,0.3195,
frame_ms,0.2951,
frame_ms,0.298,
frame_ms,0.2981,
frame_ms,0.3033,
frame_ms,0.3623,
frame_ms,0.2901,
frame_ms,0.2565,
frame_ms,0.6016,
frame_ms,0.2896,
frame_ms,0.3074,
frame_ms,0.2914,
frame_ms,0.2991,
frame_ms,0.2884,
frame_ms,0.2992,
frame_ms,0.316,
frame_ms,0.2737,
frame_ms,0.2934,
frame_ms,0.3401,
frame_ms,1.0644,
frame_ms,0.3711,
frame_ms,0.3057,
frame_ms,0.2709,
frame_ms,0.261,
frame_ms,0.2894,
frame_ms,0.2778,
frame_ms,0.2644,
frame_ms,0.2518,
frame_ms,0.2565,
frame_ms,0.2497,
frame_ms,0.2394,
frame_ms,0.2761,
frame_ms,0.2759,
frame_ms,0.5141,
frame_ms,0.2942,
frame_ms,0.3212,
frame_ms,0.2919,
frame_ms,0.3002,
frame_ms,0.3041,
frame_ms,0.3085,
frame_ms,0.2991,
frame_ms,0.2919,
frame_ms,0.306,
frame_ms,0.2917,
frame_ms,0.3756,
frame_ms,0.3685,
frame_ms,0.4822,
frame_ms,0.3402,
frame_ms,0.2829,
frame_ms,0.2475,
frame_ms,0.2837,
frame_ms,0.315,
frame_ms,0.2863,
frame_ms,0.3049,
frame_ms,0.2986,
frame_ms,0.2923,
frame_ms,0.3001,
frame_ms,0.3433,
frame_ms,0.4203,
frame_ms,0.5019,
frame_ms,0.3465,
frame_ms,0.2788,
frame_ms,0.2549,
frame_ms,0.2874,
frame_ms,0.2915,
frame_ms,0.2954,
frame_ms,0.3152,
frame_ms,0.7037,
frame_ms,0.3995,
frame_ms,0.4202,
frame_ms,0.3265,
frame_ms,0.3255,
frame_ms,0.272,
frame_ms,0.27,
frame_ms,0.2829,
frame_ms,0.2782,
frame_ms,0.2548,
frame_ms,0.2345,
frame_ms,0.2594,
frame_ms,0.2271,
frame_ms,0.296,
frame_ms,0.2775,
frame_ms,0.3432,
frame_ms,0.4383,
frame_ms,0.5419,
frame_ms,0.3051,
frame_ms,0.2552,
frame_ms,0.2858,
frame_ms,0.3072,
frame_ms,0.2891,
frame_ms,0.2988,
frame_ms,0.306,
frame_ms,0.2981,
frame_ms,0.2916,
frame_ms,0.2858,
frame_ms,0.3371,
frame_ms,0.3399,
frame_ms,0.6073,
frame_ms,0.292,
frame_ms,0.3198,
frame_ms,0.3073,
frame_ms,0.3383,
frame_ms,0.2701,
frame_ms,0.2994,
frame_ms,0.3084,
frame_ms,0.2999,
frame_ms,0.2939,
frame_ms,0.3236,
frame_ms,0.3002,
frame_ms,0.3873,
frame_ms,0.5361,
frame_ms,0.317,
frame_ms,0.2793,
frame_ms,0.6426,
frame_ms,0.3419,
frame_ms,0.2677,
frame_ms,0.265,
frame_ms,0.2507,
frame_ms,0.2598,
frame_ms,0.2591,
frame_ms,0.2492,
frame_ms,0.3095,
frame_ms,0.6227,
frame_ms,0.2827,
frame_ms,0.2909,
frame_ms,0.275,
frame_ms,0.3039,
frame_ms,0.2986,
frame_ms,0.3121,
frame_ms,0.2977,
frame_ms,0.3081,
frame_ms,0.3146,
frame_ms,0.2967,
frame_ms,0.3164,
frame_ms,0.32,
frame_ms,0.5607,
frame_ms,0.3059,
frame_ms,0.2575,
frame_ms,0.3146,
frame_ms,0.2887,
frame_ms,0.3015,
frame_ms,0.3004,
frame_ms,0.3359,
frame_ms,0.2729,
frame_ms,0.3248,
frame_ms,0.2634,
frame_ms,0.3367,
frame_ms,0.3119,
frame_ms,0.5448,
frame_ms,0.2975,
frame_ms,0.3045,
frame_ms,0.2814,
frame_ms,0.3179,
frame_ms,0.3117,
frame_ms,0.2824,
frame_ms,0.2971,
frame_ms,0.3103,
frame_ms,0.2855,
frame_ms,0.2968,
frame_ms,0.3223,
frame_ms,0.315,
frame_ms,0.5411,
frame_ms,0.6623,
frame_ms,0.2969,
frame_ms,0.2589,
frame_ms,0.2507,
frame_ms,0.2433,
frame_ms,0.2526,
frame_ms,0.2513,
frame_ms,0.2343,
frame_ms,0.2688,
frame_ms,0.2924,
frame_ms,0.3433,
frame_ms,0.3243,
frame_ms,0.5839,
frame_ms,0.2792,
frame_ms,0.2604,
frame_ms,0.3151,
frame_ms,0.286,
frame_ms,0.2947,
frame_ms,0.3116,
frame_ms,0.2922,
frame_ms,0.2985,
frame_ms,0.2903,
frame_ms,0.3223,
frame_ms,0.2961,
frame_ms,0.3058,
frame_ms,0.5285,
frame_ms,0.2984,
frame_ms,0.3579,
frame_ms,0.2911,
frame_ms,0.2612,
frame_ms,0.2892,
frame_ms,0.3023,
frame_ms,0.3128,
frame_ms,0.2806,
frame_ms,0.3051,
frame_ms,0.278,
frame_ms,0.3316,
frame_ms,0.3442,
frame_ms,0.5403,
frame_ms,0.2673,
frame_ms,0.3066,
frame_ms,0.2836,
frame_ms,0.295,
frame_ms,0.2887,
frame_ms,0.2982,
frame_ms,0.3164,
frame_ms,0.2837,
frame_ms,0.2785,
frame_ms,0.2971,
frame_ms,0.3359,
frame_ms,0.3546,
frame_ms,1.0956,
frame_ms,0.3475,
frame_ms,0.2794,
frame_ms,0.2807,
frame_ms,0.2745,
frame_ms,0.2654,
frame_ms,0.2492,
frame_ms,0.2475,
frame_ms,0.2405,
frame_ms,0.2471,
frame_ms,0.2456,
frame_ms,0.2475,
frame_ms,0.2285,
frame_ms,0.5011,
frame_ms,0.2799,
frame_ms,0.3497,
frame_ms,0.2536,
frame_ms,0.3043,
frame_ms,0.2936,
frame_ms,0.3021,
frame_ms,0.2881,
frame_ms,0.3036,
frame_ms,0.2883,
frame_ms,0.3374,
frame_ms,0.3538,
frame_ms,0.263,
frame_ms,0.5411,
frame_ms,0.3052,
frame_ms,0.2892,
frame_ms,0.3009,
frame_ms,0.2954,
frame_ms,0.3159,
frame_ms,0.2839,
frame_ms,0.3044,
frame_ms,0.3044,
frame_ms,0.2998,
frame_ms,0.355,
frame_ms,0.3301,
frame_ms,0.2862,
frame_ms,0.5225,
frame_ms,0.2855,
frame_ms,0.2975,
frame_ms,0.3252,
frame_ms,0.2822,
frame_ms,0.2786,
frame_ms,0.2991,
frame_ms,0.2852,
frame_ms,0.3046,
frame_ms,0.2865,
frame_ms,0.5098,
frame_ms,0.3856,
frame_ms,0.3098,
frame_ms,0.328,
frame_ms,0.2765,
frame_ms,0.3261,
frame_ms,0.2988,
frame_ms,0.2862,
frame_ms,0.3161,
frame_ms,0.2933,
frame_ms,0.3365,
frame_ms,0.2546,
frame_ms,0.2979,
frame_ms,0.3367,
frame_ms,0.3094,
frame_ms,0.3432,
frame_ms,0.5068,
frame_ms,0.3218,
frame_ms,0.2695,
frame_ms,0.271,
frame_ms,0.2957,
frame_ms,0.2908,
frame_ms,0.3068,
frame_ms,0.2931,
frame_ms,0.3035,
frame_ms,0.3009,
frame_ms,0.3779,
frame_ms,0.3375,
frame_ms,0.3248,
frame_ms,0.414,
frame_ms,0.2972,
frame_ms,0.3214,
frame_ms,0.2867,
frame_ms,0.3033,
frame_ms,0.2869,
frame_ms,0.2962,
frame_ms,0.3029,
frame_ms,0.2983,
frame_ms,0.3066,
frame_ms,0.3444,
frame_ms,0.3475,
frame_ms,0.2856,
frame_ms,0.5783,
frame_ms,0.3137,
frame_ms,0.2861,
frame_ms,0.2968,
frame_ms,0.2891,
frame_ms,0.3223,
frame_ms,1.5262,
frame_ms,0.3464,
frame_ms,0.2592,
frame_ms,0.2494,
frame_ms,0.2687,
frame_ms,0.2663,
frame_ms,0.2642,
frame_ms,0.3125,
frame_ms,0.2586,
frame_ms,0.3008,
frame_ms,0.2913,
frame_ms,0.3115,
frame_ms,0.3138,
frame_ms,0.2947,
frame_ms,0.3377,
frame_ms,0.3174,
frame_ms,0.3905,
frame_ms,0.4424,
frame_ms,0.3009,
frame_ms,0.325,
frame_ms,0.3282,
frame_ms,0.2531,
frame_ms,0.3162,
frame_ms,0.2786,
frame_ms,0.3431,
frame_ms,0.2614,
frame_ms,0.3107,
frame_ms,0.3168,
frame_ms,0.3643,
frame_ms,0.5151,
frame_ms,0.2997,
frame_ms,0.3029,
frame_ms,0.2953,
frame_ms,0.3063,
frame_ms,0.3199,
frame_ms,0.2897,
frame_ms,0.3113,
frame_ms,0.2922,
frame_ms,0.3116,
frame_ms,0.2946,
frame_ms,0.3314,
frame_ms,0.3732,
frame_ms,0.658,
frame_ms,0.3035,
frame_ms,0.3006,
frame_ms,0.4922,
frame_ms,0.3172,
frame_ms,0.2938,
frame_ms,0.3173,
frame_ms,0.2905,
frame_ms,0.2524,
frame_ms,0.2335,
frame_ms,0.2967,
frame_ms,0.2911,
frame_ms,0.3088,
frame_ms,0.5248,
frame_ms,0.3131,
frame_ms,0.2823,
frame_ms,0.2921,
frame_ms,0.3027,
frame_ms,0.3025,
frame_ms,0.2921,
frame_ms,0.3032,
frame_ms,0.2905,
frame_ms,0.3006,
frame_ms,0.3182,
frame_ms,0.3316,
frame_ms,0.3664,
frame_ms,0.5065,
frame_ms,0.2789,
frame_ms,0.2713,
frame_ms,0.3017,
frame_ms,0.3018,
frame_ms,0.2893,
frame_ms,0.3808,
frame_ms,0.2816,
frame_ms,0.2534,
frame_ms,0.2759,
frame_ms,0.3265,
frame_ms,0.3313,
frame_ms,0.5692,
frame_ms,0.3139,
frame_ms,0.2663,
frame_ms,0.3065,
frame_ms,0.2907,
frame_ms,0.3353,
frame_ms,0.294,
frame_ms,0.3091,
frame_ms,0.2803,
frame_ms,0.2759,
frame_ms,0.291,
frame_ms,0.315,
frame_ms,0.3133,
frame_ms,0.5996,
frame_ms,0.5327,
frame_ms,0.3158,
frame_ms,0.2776,
frame_ms,0.2571,
frame_ms,0.2489,
frame_ms,0.2414,
frame_ms,0.2737,
frame_ms,0.3337,
frame_ms,0.3041,
frame_ms,0.3006,
frame_ms,0.2562,
frame_ms,0.2419,
frame_ms,0.3366,
frame_ms,0.5415,
frame_ms,0.3095,
frame_ms,0.3219,
frame_ms,0.2655,
frame_ms,0.2837,
frame_ms,0.2957,
frame_ms,0.2888,
frame_ms,0.2981,
frame_ms,0.2953,
frame_ms,0.3102,
frame_ms,0.3654,
frame_ms,0.3133,
frame_ms,0.3118,
frame_ms,0.524,
frame_ms,0.3263,
frame_ms,0.2845,
frame_ms,0.2552,
frame_ms,0.3355,
frame_ms,0.2683,
frame_ms,0.2737,
frame_ms,0.2886,
frame_ms,0.2917,
frame_ms,0.2789,
frame_ms,0.3421,
frame_ms,0.4564,
frame_ms,0.458,
frame_ms,0.3145,
frame_ms,0.2697,
frame_ms,0.2577,
frame_ms,0.295,
frame_ms,0.2941,
frame_ms,0.2999,
frame_ms,0.2963,
frame_ms,0.3095,
frame_ms,0.508,
frame_ms,0.3689,
frame_ms,0.3305,
frame_ms,0.4481,
frame_ms,0.304,
frame_ms,0.3146,
frame_ms,0.2582,
frame_ms,0.2455,
frame_ms,0.2618,
frame_ms,0.3002,
frame_ms,0.3326,
frame_ms,0.2946,
frame_ms,0.2614,
frame_ms,0.3284,
frame_ms,0.2829,
frame_ms,0.3576,
frame_ms,0.2905,
frame_ms,0.6008,
frame_ms,0.3403,
frame_ms,0.3068,
frame_ms,0.2853,
frame_ms,0.288,
frame_ms,0.2458,
frame_ms,0.3088,
frame_ms,0.2913,
frame_ms,0.3044,
frame_ms,0.3076,
frame_ms,0.3053,
frame_ms,0.3691,
frame_ms,0.4137,
frame_ms,0.4463,
frame_ms,0.3013,
frame_ms,0.3247,
frame_ms,0.2806,
frame_ms,0.2913,
frame_ms,0.2992,
frame_ms,0.2968,
frame_ms,0.304,
frame_ms,0.305,
frame_ms,0.2986,
frame_ms,0.3009,
frame_ms,0.3177,
frame_ms,0.339,
frame_ms,0.559,
frame_ms,0.3013,
frame_ms,0.2816,
frame_ms,0.2992,
frame_ms,0.3068,
frame_ms,0.302,
frame_ms,1.804,
frame_ms,0.4656,
frame_ms,0.3221,
frame_ms,0.2931,
frame_ms,0.2636,
frame_ms,0.2548,
frame_ms,0.2495,
frame_ms,0.2463,
frame_ms,0.2638,
frame_ms,0.2603,
frame_ms,0.2739,
frame_ms,0.2519,
frame_ms,0.3362,
frame_ms,0.3083,
frame_ms,0.2836,
frame_ms,0.2551,
frame_ms,0.2576,
frame_ms,0.4652,
frame_ms,0.2611,
frame_ms,0.3052,
frame_ms,0.3014,
frame_ms,0.284,
frame_ms,0.2932,
frame_ms,0.3039,
frame_ms,0.3165,
frame_ms,0.286,
frame_ms,0.2932,
frame_ms,0.2946,
frame_ms,0.3256,
frame_ms,0.3479,
frame_ms,0.5591,
frame_ms,0.3036,
frame_ms,0.301,
frame_ms,0.2908,
frame_ms,0.2981,
frame_ms,0.2884,
frame_ms,0.3049,
frame_ms,0.2832,
frame_ms,0.2979,
frame_ms,0.2967,
frame_ms,0.3559,
frame_ms,0.3762,
frame_ms,0.2669,
frame_ms,0.5125,
frame_ms,0.3115,
frame_ms,0.2976,
frame_ms,0.3755,
frame_ms,0.3292,
frame_ms,0.2791,
frame_ms,0.2701,
frame_ms,0.2512,
frame_ms,0.2875,
frame_ms,0.2837,
frame_ms,0.3865,
frame_ms,0.3146,
frame_ms,0.3567,
frame_ms,0.4275,
frame_ms,0.2758,
frame_ms,0.3127,
frame_ms,0.3102,
frame_ms,0.3059,
frame_ms,0.3043,
frame_ms,0.311,
frame_ms,0.2946,
frame_ms,0.2976,
frame_ms,0.299,
frame_ms,0.3804,
frame_ms,0.3571,
frame_ms,0.3354,
frame_ms,0.3824,
frame_ms,0.3131,
frame_ms,0.3034,
frame_ms,0.2968,
frame_ms,0.2918,
frame_ms,0.3136,
frame_ms,0.2965,
frame_ms,0.3103,
frame_ms,0.2932,
frame_ms,0.2885,
frame_ms,0.3322,
frame_ms,0.2987,
frame_ms,0.5846,
frame_ms,0.3456,
frame_ms,0.2655,
frame_ms,0.2458,
frame_ms,0.3125,
frame_ms,0.2828,
frame_ms,0.2987,
frame_ms,0.3131,
frame_ms,0.3304,
frame_ms,0.286,
frame_ms,0.3032,
frame_ms,0.3087,
frame_ms,0.3711,
frame_ms,0.6406,
frame_ms,0.3322,
frame_ms,0.2758,
frame_ms,0.2837,
frame_ms,0.3129,
frame_ms,0.2922,
frame_ms,0.3192,
frame_ms,0.3191,
frame_ms,0.3026,
frame_ms,0.288,
frame_ms,0.2942,
frame_ms,0.3393,
frame_ms,0.4045,
frame_ms,0.5596,
frame_ms,0.2863,
frame_ms,0.3046,
frame_ms,0.2996,
frame_ms,0.2765,
frame_ms,0.3077,
frame_ms,0.3011,
frame_ms,0.3081,
frame_ms,0.3131,
frame_ms,0.2902,
frame_ms,0.3579,
frame_ms,0.3276,
frame_ms,0.6668,
frame_ms,0.3194,
frame_ms,0.2692,
frame_ms,0.3048,
frame_ms,0.2784,
frame_ms,0.3284,
frame_ms,0.308,
frame_ms,0.2995,
frame_ms,0.2946,
frame_ms,0.2963,
frame_ms,0.2856,
frame_ms,0.3667,
frame_ms,0.3892,
frame_ms,0.6,
frame_ms,0.3145,
frame_ms,0.2812,
frame_ms,0.2365,
frame_ms,0.3236,
frame_ms,0.2945,
frame_ms,0.3249,
frame_ms,0.3129,
frame_ms,0.3025,
frame_ms,1.2761,
frame_ms,0.3394,
frame_ms,0.266,
frame_ms,0.2935,
frame_ms,0.2883,
frame_ms,0.2742,
frame_ms,0.2567,
frame_ms,0.2538,
frame_ms,0.2818,
frame_ms,0.2515,
frame_ms,0.2532,
frame_ms,0.2478,
frame_ms,0.2368,
frame_ms,0.2737,
frame_ms,0.2722,
frame_ms,0.2761,
frame_ms,0.6061,
frame_ms,0.2786,
frame_ms,0.2909,
frame_ms,0.2939,
frame_ms,0.3076,
frame_ms,0.3068,
frame_ms,0.3106,
frame_ms,0.2958,
frame_ms,0.3043,
frame_ms,0.3056,
frame_ms,0.3603,
frame_ms,0.4096,
frame_ms,0.5007,
frame_ms,0.3087,
frame_ms,0.3122,
frame_ms,0.2681,
frame_ms,0.3068,
frame_ms,0.3049,
frame_ms,0.303,
frame_ms,0.3075,
frame_ms,0.2911,
frame_ms,0.3117,
frame_ms,0.283,
frame_ms,0.3462,
frame_ms,0.2916,
frame_ms,0.6195,
frame_ms,0.2932,
frame_ms,0.2869,
frame_ms,0.2876,
frame_ms,0.3196,
frame_ms,0.7554,
frame_ms,0.3428,
frame_ms,0.3447,
frame_ms,0.2842,
frame_ms,0.2691,
frame_ms,0.3422,
frame_ms,0.2893,
frame_ms,0.2831,
frame_ms,0.3017,
frame_ms,0.3377,
frame_ms,0.3619,
frame_ms,0.2658,
frame_ms,0.2473,
frame_ms,0.3071,
frame_ms,0.2516,
frame_ms,0.307,
frame_ms,0.2879,
frame_ms,0.3048,
frame_ms,0.3453,
frame_ms,0.332,
frame_ms,0.554,
frame_ms,0.2912,
frame_ms,0.3344,
frame_ms,0.2875,
frame_ms,0.2995,
frame_ms,0.3267,
frame_ms,0.2862,
frame_ms,0.3304,
frame_ms,0.2816,
frame_ms,0.3102,
frame_ms,0.3174,
frame_ms,0.2954,
frame_ms,0.2935,
frame_ms,0.6595,
frame_ms,0.301,
frame_ms,0.2558,
frame_ms,0.2959,
frame_ms,0.2932,
frame_ms,0.302,
frame_ms,0.2978,
frame_ms,0.2919,
frame_ms,0.3206,
frame_ms,0.2857,
frame_ms,0.3167,
frame_ms,0.3552,
frame_ms,0.5966,
frame_ms,0.3173,
frame_ms,0.265,
frame_ms,1.1928,
frame_ms,0.3422,
frame_ms,0.2761,
frame_ms,0.2685,
frame_ms,0.2494,
frame_ms,0.2453,
frame_ms,0.2524,
frame_ms,0.2632,
frame_ms,0.2579,
frame_ms,0.2959,
frame_ms,0.2811,
frame_ms,0.3035,
frame_ms,0.3036,
frame_ms,0.2948,
frame_ms,0.3028,
frame_ms,0.303,
frame_ms,0.3008,
frame_ms,0.2957,
frame_ms,0.2906,
frame_ms,0.302,
frame_ms,0.3285,
frame_ms,0.3266,
frame_ms,0.5677,
frame_ms,0.304,
frame_ms,0.3058,
frame_ms,0.2904,
frame_ms,0.2866,
frame_ms,0.3053,
frame_ms,0.2922,
frame_ms,0.3001,
frame_ms,0.3028,
frame_ms,0.3041,
frame_ms,0.2935,
frame_ms,0.3182,
frame_ms,0.3142,
frame_ms,0.5885,
frame_ms,0.282,
frame_ms,0.2943,
frame_ms,0.3067,
frame_ms,0.2704,
frame_ms,0.301,
frame_ms,0.301,
frame_ms,0.3178,
frame_ms,0.2904,
frame_ms,0.2926,
frame_ms,0.289,
frame_ms,0.3239,
frame_ms,0.3257,
frame_ms,0.6623,
frame_ms,0.4216,
frame_ms,0.274,
frame_ms,0.2565,
frame_ms,0.2429,
frame_ms,0.3081,
frame_ms,0.2399,
frame_ms,0.3224,
frame_ms,0.2747,
frame_ms,0.3021,
frame_ms,0.3347,
frame_ms,0.339,
frame_ms,0.3542,
frame_ms,0.4625,
frame_ms,0.2638,
frame_ms,0.3319,
frame_ms,0.2665,
frame_ms,0.3194,
frame_ms,0.283,
frame_ms,0.3167,
frame_ms,0.296,
frame_ms,0.2994,
frame_ms,0.2986,
frame_ms,0.3417,
frame_ms,0.3015,
frame_ms,0.3005,
frame_ms,0.534,
frame_ms,0.3087,
frame_ms,0.2894,
frame_ms,0.3016,
frame_ms,0.2931,
frame_ms,0.3068,
frame_ms,0.2936,
frame_ms,0.3037,
frame_ms,0.3171,
frame_ms,0.3001,
frame_ms,0.3675,
frame_ms,0.412,
frame_ms,0.4145,
frame_ms,0.3095,
frame_ms,0.2753,
frame_ms,0.2985,
frame_ms,0.2969,
frame_ms,0.315,
frame_ms,0.2882,
frame_ms,0.3171,
frame_ms,0.2783,
frame_ms,0.3065,
frame_ms,0.3071,
frame_ms,1.3732,
frame_ms,0.3311,
frame_ms,0.2674,
frame_ms,0.2539,
frame_ms,0.2511,
frame_ms,0.2394,
frame_ms,0.243,
frame_ms,0.2362,
frame_ms,0.2737,
frame_ms,0.2568,
frame_ms,0.2612,
frame_ms,0.2423,
frame_ms,0.343,
frame_ms,0.3354,
frame_ms,0.2854,
frame_ms,0.4623,
frame_ms,0.2667,
frame_ms,0.2722,
frame_ms,0.287,
frame_ms,0.2967,
frame_ms,0.3133,
frame_ms,0.289,
frame_ms,0.2976,
frame_ms,0.291,
frame_ms,0.3271,
frame_ms,0.3082,
frame_ms,0.384,
frame_ms,0.3214,
frame_ms,0.4748,
frame_ms,0.2972,
frame_ms,0.3216,
frame_ms,0.2709,
frame_ms,0.3101,
frame_ms,0.284,
frame_ms,0.2919,
frame_ms,0.3007,
frame_ms,0.3013,
frame_ms,0.278,
frame_ms,0.4222,
frame_ms,0.4096,
frame_ms,0.3393,
frame_ms,0.3138,
frame_ms,0.2705,
frame_ms,0.3175,
frame_ms,0.3044,
frame_ms,0.2877,
frame_ms,0.2831,
frame_ms,0.2989,
frame_ms,0.2937,
frame_ms,0.6462,
frame_ms,0.3651,
frame_ms,0.3857,
frame_ms,0.2828,
frame_ms,0.2677,
frame_ms,0.3074,
frame_ms,0.298,
frame_ms,0.2582,
frame_ms,0.2406,
frame_ms,0.2552,
frame_ms,0.3201,
frame_ms,0.2925,
frame_ms,0.2769,
frame_ms,0.3083,
frame_ms,0.2935,
frame_ms,0.3604,
frame_ms,0.2978,
frame_ms,0.2868,
frame_ms,0.5033,
frame_ms,0.2995,
frame_ms,0.3113,
frame_ms,0.3029,
frame_ms,0.2933,
frame_ms,0.2918,
frame_ms,0.2914,
frame_ms,0.3303,
frame_ms,0.2617,
frame_ms,0.287,
frame_ms,0.2918,
frame_ms,0.2941,
frame_ms,0.3224,
frame_ms,0.547,
frame_ms,0.2865,
frame_ms,0.292,
frame_ms,0.3349,
frame_ms,0.2832,
frame_ms,0.2812,
frame_ms,0.293,
frame_ms,0.334,
frame_ms,0.2578,
frame_ms,0.2802,
frame_ms,0.2824,
frame_ms,0.3205,
frame_ms,0.3759,
frame_ms,0.5781,
frame_ms,0.3222,
frame_ms,0.2737,
frame_ms,0.2628,
frame_ms,0.2557,
frame_ms,0.3025,
frame_ms,0.2827,
frame_ms,0.3707,
frame_ms,0.3217,
frame_ms,0.2868,
frame_ms,0.2572,
frame_ms,0.243,
frame_ms,0.298,
frame_ms,0.6121,
frame_ms,0.3419,
frame_ms,0.3272,
frame_ms,0.2709,
frame_ms,0.2445,
frame_ms,0.2763,
frame_ms,0.2761,
frame_ms,0.2935,
frame_ms,0.2978,
frame_ms,0.2837,
frame_ms,0.2902,
frame_ms,0.3031,
frame_ms,0.3456,
frame_ms,0.5501,
frame_ms,0.2882,
frame_ms,0.2888,
frame_ms,0.2933,
frame_ms,0.2919,
frame_ms,0.3039,
frame_ms,0.2881,
frame_ms,0.3127,
frame_ms,0.2923,
frame_ms,0.3057,
frame_ms,0.2987,
frame_ms,0.4098,
frame_ms,0.3595,
frame_ms,0.505,
frame_ms,0.2893,
frame_ms,0.2814,
frame_ms,0.2784,
frame_ms,0.2954,
frame_ms,0.2949,
frame_ms,0.3104,
frame_ms,0.2961,
frame_ms,0.2774,
frame_ms,0.2946,
frame_ms,0.3,
frame_ms,0.3135,
frame_ms,0.3328,
frame_ms,0.6224,
frame_ms,0.2876,
frame_ms,0.3004,
frame_ms,0.8077,
frame_ms,0.347,
frame_ms,0.2864,
frame_ms,0.2598,
frame_ms,0.2478,
frame_ms,0.2413,
frame_ms,0.2469,
frame_ms,0.3534,
frame_ms,0.3406,
frame_ms,0.343,
frame_ms,0.3149,
frame_ms,0.2609,
frame_ms,0.2944,
frame_ms,0.2367,
frame_ms,0.2842,
frame_ms,0.2834,
frame_ms,0.3159,
frame_ms,0.2987,
frame_ms,0.2967,
frame_ms,0.2857,
frame_ms,0.3341,
frame_ms,0.3608,
frame_ms,0.2719,
frame_ms,0.5357,
frame_ms,0.2902,
frame_ms,0.2912,
frame_ms,0.2863,
frame_ms,0.2966,
frame_ms,0.3066,
frame_ms,0.2956,
frame_ms,0.3149,
frame_ms,0.2759,
frame_ms,0.2927,
frame_ms,0.3372,
frame_ms,0.3706,
frame_ms,0.3391,
frame_ms,0.5136,
frame_ms,0.2921,
frame_ms,0.2928,
frame_ms,0.3004,
frame_ms,0.2923,
frame_ms,0.2831,
frame_ms,0.3081,
frame_ms,0.3099,
frame_ms,0.2977,
frame_ms,0.2982,
frame_ms,0.317,
frame_ms,0.33,
frame_ms,0.6464,
frame_ms,0.8934,
frame_ms,0.3675,
frame_ms,0.296,
frame_ms,0.2964,
frame_ms,0.3009,
frame_ms,0.2652,
frame_ms,0.278,
frame_ms,0.2838,
frame_ms,0.265,
frame_ms,0.265,
frame_ms,0.2653,
frame_ms,0.3545,
frame_ms,0.2672,
frame_ms,0.2816,
frame_ms,0.2643,
frame_ms,0.2812,
frame_ms,0.3103,
frame_ms,0.2944,
frame_ms,0.2965,
frame_ms,0.2979,
frame_ms,0.2944,
frame_ms,0.314,
frame_ms,0.3458,
frame_ms,0.2853,
frame_ms,0.253,
frame_ms,0.5669,
frame_ms,0.297,
frame_ms,0.3244,
frame_ms,0.2741,
frame_ms,0.2922,
frame_ms,0.3004,
frame_ms,0.307,
frame_ms,0.3002,
frame_ms,0.2921,
frame_ms,0.2835,
frame_ms,0.354,
frame_ms,0.3074,
frame_ms,0.3193,
frame_ms,0.5497,
frame_ms,0.3145,
frame_ms,0.2958,
frame_ms,0.3059,
frame_ms,0.2908,
frame_ms,0.3017,
frame_ms,0.2907,
frame_ms,0.3044,
frame_ms,0.307,
frame_ms,0.2993,
frame_ms,0.3022,
frame_ms,0.6306,
frame_ms,0.3966,
frame_ms,0.3424,
frame_ms,0.3111,
frame_ms,0.2842,
frame_ms,0.2742,
frame_ms,0.3499,
frame_ms,0.301,
frame_ms,0.3044,
frame_ms,0.3174,
frame_ms,0.2561,
frame_ms,0.3195,
frame_ms,0.2998,
frame_ms,0.3509,
frame_ms,0.5797,
frame_ms,0.3008,
frame_ms,0.2942,
frame_ms,0.3053,
frame_ms,0.296,
frame_ms,0.2965,
frame_ms,0.3126,
frame_ms,0.3434,
frame_ms,0.3129,
frame_ms,0.2717,
frame_ms,0.3433,
frame_ms,0.3892,
frame_ms,0.3329,
frame_ms,0.4293,
frame_ms,0.2884,
frame_ms,0.2915,
frame_ms,0.3078,
frame_ms,0.2955,
frame_ms,0.2998,
frame_ms,0.3043,
frame_ms,0.2997,
frame_ms,0.3097,
frame_ms,0.2743,
frame_ms,0.3535,
frame_ms,0.3169,
frame_ms,0.5279,
frame_ms,0.2902,
frame_ms,0.2833,
frame_ms,0.3384,
frame_ms,0.2657,
frame_ms,0.3146,
frame_ms,0.3039,
frame_ms,0.2965,
frame_ms,0.3007,
frame_ms,1.6755,
frame_ms,0.4099,
frame_ms,0.3622,
frame_ms,0.2977,
frame_ms,0.2575,
frame_ms,0.2475,
frame_ms,0.2489,
frame_ms,0.2427,
frame_ms,0.2604,
frame_ms,0.2552,
frame_ms,0.2555,
frame_ms,0.2416,
frame_ms,0.2417,
frame_ms,0.2726,
frame_ms,0.3271,
frame_ms,0.628,
frame_ms,0.279,
frame_ms,0.2702,
frame_ms,0.2998,
frame_ms,0.3414,
frame_ms,0.265,
frame_ms,0.2953,
frame_ms,0.3051,
frame_ms,0.2881,
frame_ms,0.3201,
frame_ms,0.2915,
frame_ms,0.343,
frame_ms,0.275,
frame_ms,0.5632,
frame_ms,0.2835,
frame_ms,0.303,
frame_ms,0.3183,
frame_ms,0.2824,
frame_ms,0.3029,
frame_ms,0.2874,
frame_ms,0.3296,
frame_ms,0.2726,
frame_ms,0.3,
frame_ms,0.3402,
frame_ms,0.3356,
frame_ms,0.557,
frame_ms,0.2964,
frame_ms,0.2742,
frame_ms,0.3136,
frame_ms,0.3015,
frame_ms,0.2922,
frame_ms,0.3066,
frame_ms,0.8318,
frame_ms,0.329,
frame_ms,0.2685,
frame_ms,0.2898,
frame_ms,0.2599,
frame_ms,0.2607,
frame_ms,0.3646,
frame_ms,0.3141,
frame_ms,0.3213,
frame_ms,0.2671,
frame_ms,0.2907,
frame_ms,0.3045,
frame_ms,0.3839,
frame_ms,0.4028,
frame_ms,0.2677,
frame_ms,0.2541,
frame_ms,0.3013,
frame_ms,0.3011,
frame_ms,0.5952,
frame_ms,0.3224,
frame_ms,0.2689,
frame_ms,0.3159,
frame_ms,0.3055,
frame_ms,0.3219,
frame_ms,0.3781,
frame_ms,0.2866,
frame_ms,0.2681,
frame_ms,0.3327,
frame_ms,0.3716,
frame_ms,0.3517,
frame_ms,0.3366,
frame_ms,0.4701,
frame_ms,0.2906,
frame_ms,0.2947,
frame_ms,0.3026,
frame_ms,0.3085,
frame_ms,0.3123,
frame_ms,0.3004,
frame_ms,0.3026,
frame_ms,0.401,
frame_ms,0.3578,
frame_ms,0.3032,
frame_ms,0.2599,
frame_ms,0.3217,
frame_ms,0.6216,
frame_ms,0.3505,
frame_ms,0.3197,
frame_ms,0.3213,
frame_ms,0.334,
frame_ms,0.3478,
frame_ms,0.3517,
frame_ms,0.3513,
frame_ms,0.2926,
frame_ms,0.2619,
frame_ms,0.2791,
frame_ms,0.3383,
frame_ms,0.4989,
frame_ms,0.3174,
frame_ms,0.3558,
frame_ms,0.4855,
frame_ms,0.3643,
frame_ms,0.4568,
frame_ms,0.3337,
frame_ms,0.2774,
frame_ms,0.2496,
frame_ms,0.6355,
frame_ms,0.379,
frame_ms,0.3347,
frame_ms,0.2757,
frame_ms,0.4295,
frame_ms,0.5921,
frame_ms,0.2884,
frame_ms,0.3095,
frame_ms,0.3137,
frame_ms,0.2871,
frame_ms,0.2831,
frame_ms,0.3304,
frame_ms,0.3793,
frame_ms,0.3692,
frame_ms,0.3595,
frame_ms,0.2875,
frame_ms,0.272,
frame_ms,0.2624,
frame_ms,0.3232,
frame_ms,0.2956,
frame_ms,0.2805,
frame_ms,0.2469,
frame_ms,0.2674,
frame_ms,0.3456,
frame_ms,1.358,
frame_ms,0.3591,
frame_ms,0.2743,
frame_ms,0.2599,
frame_ms,0.25,
frame_ms,0.2416,
frame_ms,0.2448,
frame_ms,0.302,
frame_ms,0.3294,
frame_ms,0.3255,
frame_ms,0.2978,
frame_ms,0.3414,
frame_ms,0.4165,
frame_ms,0.3333,
frame_ms,0.3342,
frame_ms,0.2927,
frame_ms,0.2886,
frame_ms,0.2743,
frame_ms,0.3143,
frame_ms,0.2918,
frame_ms,0.3169,
frame_ms,0.3031,
frame_ms,0.303,
frame_ms,0.2703,
frame_ms,0.3522,
frame_ms,0.3009,
frame_ms,0.2852,
frame_ms,0.5612,
frame_ms,0.387,
frame_ms,0.3269,
frame_ms,0.2939,
frame_ms,0.2898,
frame_ms,0.2824,
frame_ms,0.2804,
frame_ms,0.3056,
frame_ms,0.3038,
frame_ms,0.3046,
frame_ms,0.3787,
frame_ms,0.3717,
frame_ms,0.5728,
frame_ms,0.3287,
frame_ms,0.3142,
frame_ms,0.2555,
frame_ms,0.2833,
frame_ms,0.3182,
frame_ms,0.6113,
frame_ms,0.3688,
frame_ms,0.3211,
frame_ms,0.3453,
frame_ms,0.4004,
frame_ms,0.3285,
frame_ms,0.4166,
frame_ms,0.2979,
frame_ms,0.2569,
frame_ms,0.3122,
frame_ms,0.2644,
frame_ms,0.2443,
frame_ms,0.275,
frame_ms,0.3326,
frame_ms,0.3368,
frame_ms,0.3314,
frame_ms,0.3634,
frame_ms,0.5689,
frame_ms,0.5257,
frame_ms,0.348,
frame_ms,0.3308,
frame_ms,0.3205,
frame_ms,0.3236,
frame_ms,0.3277,
frame_ms,0.3241,
frame_ms,0.3552,
frame_ms,0.2704,
frame_ms,0.3482,
frame_ms,0.4972,
frame_ms,0.3701,
frame_ms,0.3476,
frame_ms,0.314,
frame_ms,0.2741,
frame_ms,0.4225,
frame_ms,0.3379,
frame_ms,0.2874,
frame_ms,0.3077,
frame_ms,0.277,
frame_ms,0.2552,
frame_ms,0.3224,
frame_ms,0.3006,
frame_ms,0.3629,
frame_ms,0.5865,
frame_ms,0.3675,
frame_ms,0.9441,
frame_ms,0.3433,
frame_ms,0.3458,
frame_ms,0.2955,
frame_ms,0.3636,
frame_ms,0.2968,
frame_ms,0.2916,
frame_ms,0.3439,
frame_ms,0.3505,
frame_ms,0.3843,
frame_ms,0.6698,
frame_ms,0.3053,
frame_ms,0.2909,
frame_ms,0.2805,
frame_ms,0.2549,
frame_ms,0.2458,
frame_ms,0.2385,
frame_ms,0.2605,
frame_ms,0.2957,
frame_ms,0.3167,
frame_ms,0.2823,
frame_ms,0.324,
frame_ms,0.3691,
frame_ms,0.2992,
frame_ms,0.2608,
frame_ms,0.3365,
frame_ms,0.2592,
frame_ms,0.2969,
frame_ms,0.2993,
frame_ms,0.3048,
frame_ms,0.2837,
frame_ms,0.2901,
frame_ms,0.3086,
frame_ms,0.35,
frame_ms,0.3619,
frame_ms,0.5011,
frame_ms,0.3328,
frame_ms,0.2766,
frame_ms,0.3097,
frame_ms,0.2698,
frame_ms,0.2489,
frame_ms,0.2741,
frame_ms,0.2838,
frame_ms,0.3044,
frame_ms,0.2874,
frame_ms,0.3454,
frame_ms,0.271,
frame_ms,0.4767,
frame_ms,0.3918,
frame_ms,0.2968,
frame_ms,0.2727,
frame_ms,0.2883,
frame_ms,0.2847,
frame_ms,0.2936,
frame_ms,0.3666,
frame_ms,0.2993,
frame_ms,0.2719,
frame_ms,0.2824,
frame_ms,0.2502,
frame_ms,0.3214,
frame_ms,0.3889,
frame_ms,0.4798,
frame_ms,0.2689,
frame_ms,0.2777,
frame_ms,0.2809,
frame_ms,0.2896,
frame_ms,0.3725,
frame_ms,0.2778,
frame_ms,0.2592,
frame_ms,0.2668,
frame_ms,0.2916,
frame_ms,0.2746,
frame_ms,0.2946,
frame_ms,0.3084,
frame_ms,0.6766,
frame_ms,0.3525,
frame_ms,0.3253,
frame_ms,0.2702,
frame_ms,0.2509,
frame_ms,0.2474,
frame_ms,0.2557,
frame_ms,0.3087,
frame_ms,0.2785,
frame_ms,0.3118,
frame_ms,0.2788,
frame_ms,0.3357,
frame_ms,0.3209,
frame_ms,0.6331,
frame_ms,0.2869,
frame_ms,0.2929,
frame_ms,0.2957,
frame_ms,0.2982,
frame_ms,0.2907,
frame_ms,0.2955,
frame_ms,0.2859,
frame_ms,0.293,
frame_ms,0.2836,
frame_ms,0.9423,
frame_ms,0.3694,
frame_ms,0.2815,
frame_ms,0.2734,
frame_ms,0.2565,
frame_ms,0.2407,
frame_ms,0.2379,
frame_ms,0.2463,
frame_ms,0.2569,
frame_ms,0.3185,
frame_ms,0.2781,
frame_ms,0.3018,
frame_ms,0.2939,
frame_ms,0.2812,
frame_ms,0.3096,
frame_ms,0.2987,
frame_ms,0.5596,
frame_ms,0.2875,
frame_ms,0.3061,
frame_ms,0.367,
frame_ms,0.3173,
frame_ms,0.2671,
frame_ms,0.247,
frame_ms,0.3093,
frame_ms,0.2715,
frame_ms,0.2889,
frame_ms,0.2859,
frame_ms,0.3147,
frame_ms,0.3736,
frame_ms,0.4876,
frame_ms,0.3407,
frame_ms,0.2625,
frame_ms,0.2807,
frame_ms,0.3028,
frame_ms,0.2736,
frame_ms,0.3079,
frame_ms,0.2887,
frame_ms,0.3048,
frame_ms,0.2991,
frame_ms,0.2771,
frame_ms,0.3289,
frame_ms,0.3658,
frame_ms,0.4911,
frame_ms,0.3013,
frame_ms,0.2709,
frame_ms,0.3217,
frame_ms,0.2892,
frame_ms,0.5528,
frame_ms,0.4182,
frame_ms,0.3182,
frame_ms,0.3049,
frame_ms,0.2854,
frame_ms,0.2563,
frame_ms,0.2492,
frame_ms,0.3597,
frame_ms,0.5118,
frame_ms,0.2899,
frame_ms,0.2995,
frame_ms,0.302,
frame_ms,0.2978,
frame_ms,0.2936,
frame_ms,0.2889,
frame_ms,0.3016,
frame_ms,0.3112,
frame_ms,0.2933,
frame_ms,0.4002,
frame_ms,0.5031,
frame_ms,0.3854,
frame_ms,0.3983,
frame_ms,0.265,
frame_ms,0.2561,
frame_ms,0.2578,
frame_ms,0.2775,
frame_ms,0.3153,
frame_ms,0.3178,
frame_ms,0.2907,
frame_ms,0.2989,
frame_ms,0.284,
frame_ms,0.3543,
frame_ms,0.3681,
frame_ms,0.5281,
frame_ms,0.3303,
frame_ms,0.2796,
frame_ms,0.3018,
frame_ms,0.3045,
frame_ms,0.348,
frame_ms,0.2717,
frame_ms,0.3062,
frame_ms,0.2934,
frame_ms,0.298,
frame_ms,0.3369,
frame_ms,0.3052,
frame_ms,0.5405,
frame_ms,0.4131,
frame_ms,0.3786,
frame_ms,0.2777,
frame_ms,0.284,
frame_ms,0.2742,
frame_ms,0.2454,
frame_ms,0.2779,
frame_ms,0.3022,
frame_ms,0.2882,
frame_ms,0.2922,
frame_ms,0.3507,
frame_ms,0.3633,
frame_ms,0.3488,
frame_ms,0.427,
frame_ms,0.332,
frame_ms,0.3134,
frame_ms,0.2794,
frame_ms,0.2754,
frame_ms,0.2821,
frame_ms,0.3138,
frame_ms,0.3276,
frame_ms,0.3197,
frame_ms,0.2806,
frame_ms,0.3731,
frame_ms,0.29,
frame_ms,0.6716,
frame_ms,0.2885,
frame_ms,0.3091,
frame_ms,0.2859,
frame_ms,0.3143,
frame_ms,0.2852,
frame_ms,0.3096,
frame_ms,0.3131,
frame_ms,0.303,
frame_ms,0.2959,
frame_ms,0.3309,
frame_ms,0.3047,
frame_ms,0.3015,
frame_ms,0.5644,
frame_ms,0.2949,
frame_ms,0.2903,
frame_ms,0.3083,
frame_ms,0.2959,
frame_ms,0.3157,
frame_ms,0.3081,
frame_ms,0.3336,
frame_ms,0.9694,
frame_ms,0.3932,
frame_ms,0.3683,
frame_ms,0.3438,
frame_ms,0.2901,
frame_ms,0.2771,
frame_ms,0.2565,
frame_ms,0.2553,
frame_ms,0.2513,
frame_ms,0.2529,
frame_ms,0.2733,
frame_ms,0.2679,
frame_ms,0.2542,
frame_ms,0.2441,
frame_ms,0.2343,
frame_ms,0.3012,
frame_ms,0.3864,
frame_ms,0.5172,
frame_ms,0.2558,
frame_ms,0.3137,
frame_ms,0.2755,
frame_ms,0.2957,
frame_ms,0.2718,
frame_ms,0.2961,
frame_ms,0.2841,
frame_ms,0.29,
frame_ms,0.29,
frame_ms,0.2899,
frame_ms,0.3526,
frame_ms,0.3972,
frame_ms,0.5502,
frame_ms,0.2922,
frame_ms,0.3031,
frame_ms,0.2939,
frame_ms,0.2858,
frame_ms,0.2632,
frame_ms,0.3023,
frame_ms,0.2926,
frame_ms,0.2883,
frame_ms,0.304,
frame_ms,0.2763,
frame_ms,0.3654,
frame_ms,0.316,
frame_ms,0.543,
frame_ms,0.3119,
frame_ms,0.2723,
frame_ms,0.2773,
frame_ms,0.2959,
frame_ms,1.1433,
frame_ms,0.4009,
frame_ms,0.2744,
frame_ms,0.2647,
frame_ms,0.2879,
frame_ms,0.2945,
frame_ms,0.2826,
frame_ms,0.2792,
frame_ms,0.2541,
frame_ms,0.2891,
frame_ms,0.2475,
frame_ms,0.2469,
frame_ms,0.2364,
frame_ms,0.3113,
frame_ms,0.28,
frame_ms,0.3168,
frame_ms,0.2992,
frame_ms,0.3052,
frame_ms,0.3394,
frame_ms,0.3207,
frame_ms,0.537,
frame_ms,0.3112,
frame_ms,0.248,
frame_ms,0.3046,
frame_ms,0.2952,
frame_ms,0.2879,
frame_ms,0.2929,
frame_ms,0.3246,
frame_ms,0.2729,
frame_ms,0.3065,
frame_ms,0.2861,
frame_ms,0.3316,
frame_ms,0.4002,
frame_ms,0.5184,
frame_ms,0.3074,
frame_ms,0.3267,
frame_ms,0.2781,
frame_ms,0.2552,
frame_ms,0.2822,
frame_ms,0.2923,
frame_ms,0.3033,
frame_ms,0.2905,
frame_ms,0.3037,
frame_ms,0.2865,
frame_ms,0.2904,
frame_ms,0.3329,
frame_ms,0.555,
frame_ms,2.0318,
frame_ms,0.3453,
frame_ms,0.2853,
frame_ms,0.2797,
frame_ms,0.3249,
frame_ms,0.2583,
frame_ms,0.4119,
frame_ms,0.2984,
frame_ms,0.2659,
frame_ms,0.3051,
frame_ms,0.2664,
frame_ms,0.2482,
frame_ms,0.2567,
frame_ms,0.2489,
frame_ms,0.2722,
frame_ms,0.2461,
frame_ms,0.2412,
frame_ms,0.234,
frame_ms,0.2919,
frame_ms,0.3438,
frame_ms,0.32,
frame_ms,0.5523,
frame_ms,0.2966,
frame_ms,0.2826,
frame_ms,0.3047,
frame_ms,0.2937,
frame_ms,0.2931,
frame_ms,0.3222,
frame_ms,0.2868,
frame_ms,0.288,
frame_ms,0.2901,
frame_ms,0.2984,
frame_ms,0.3432,
frame_ms,0.2704,
frame_ms,0.5559,
frame_ms,0.2854,
frame_ms,0.3124,
frame_ms,0.2887,
frame_ms,0.2996,
frame_ms,0.302,
frame_ms,0.3016,
frame_ms,0.3232,
frame_ms,0.2826,
frame_ms,0.291,
frame_ms,0.3288,
frame_ms,0.2898,
frame_ms,0.3261,
frame_ms,0.6775,
frame_ms,0.3346,
frame_ms,0.2671,
frame_ms,0.282,
frame_ms,0.2541,
frame_ms,0.3031,
frame_ms,0.2741,
frame_ms,0.2916,
frame_ms,0.2841,
frame_ms,0.2838,
frame_ms,0.3832,
frame_ms,0.3274,
frame_ms,0.2615,
frame_ms,0.5726,
frame_ms,0.2768,
frame_ms,0.3338,
frame_ms,0.2588,
frame_ms,0.3089,
frame_ms,0.3028,
frame_ms,0.3071,
frame_ms,0.2951,
frame_ms,0.3004,
frame_ms,0.2965,
frame_ms,0.2983,
frame_ms,0.3235,
frame_ms,0.3617,
frame_ms,0.631,
frame_ms,0.3137,
frame_ms,0.2586,
frame_ms,0.3588,
frame_ms,0.2751,
frame_ms,0.2787,
frame_ms,0.3026,
frame_ms,0.2888,
frame_ms,0.2919,
frame_ms,0.29,
frame_ms,0.3549,
frame_ms,0.3944,
frame_ms,0.3223,
frame_ms,0.4247,
frame_ms,0.2922,
frame_ms,0.2977,
frame_ms,0.3133,
frame_ms,0.2918,
frame_ms,0.2955,
frame_ms,0.3043,
frame_ms,0.2963,
frame_ms,0.3168,
frame_ms,0.4184,
frame_ms,0.3575,
frame_ms,0.3059,
frame_ms,0.5616,
frame_ms,0.3344,
frame_ms,0.2777,
frame_ms,0.2546,
frame_ms,0.3676,
frame_ms,0.304,
frame_ms,0.2561,
frame_ms,0.3441,
frame_ms,0.2692,
frame_ms,0.384,
frame_ms,0.282,
frame_ms,0.3349,
frame_ms,0.3347,
frame_ms,0.5529,
frame_ms,0.3653,
frame_ms,0.2909,
frame_ms,0.2634,
frame_ms,0.2616,
frame_ms,0.2539,
frame_ms,0.2464,
frame_ms,0.3153,
frame_ms,0.2718,
frame_ms,0.3015,
frame_ms,0.2774,
frame_ms,0.3317,
frame_ms,0.305,
frame_ms,0.5667,
frame_ms,0.3368,
frame_ms,0.3218,
frame_ms,0.2687,
frame_ms,0.2543,
frame_ms,0.2749,
frame_ms,0.3059,
frame_ms,0.2921,
frame_ms,0.2976,
frame_ms,0.2878,
frame_ms,0.3038,
frame_ms,0.3236,
frame_ms,0.3442,
frame_ms,0.5455,
frame_ms,0.3328,
frame_ms,0.2785,
frame_ms,0.2863,
frame_ms,0.2864,
frame_ms,0.2923,
frame_ms,0.3019,
frame_ms,0.6111,
frame_ms,0.3894,
frame_ms,0.2957,
frame_ms,0.2952,
frame_ms,0.288,
frame_ms,0.2721,
frame_ms,0.3527,
frame_ms,0.2732,
frame_ms,0.2853,
frame_ms,0.2838,
frame_ms,0.2904,
frame_ms,0.283,
frame_ms,0.298,
frame_ms,0.2835,
frame_ms,0.2997,
frame_ms,0.2812,
frame_ms,0.3362,
frame_ms,0.2619,
frame_ms,0.3406,
frame_ms,0.5246,
frame_ms,0.306,
frame_ms,0.2761,
frame_ms,0.3066,
frame_ms,0.2628,
frame_ms,0.3045,
frame_ms,0.2848,
frame_ms,0.3355,
frame_ms,0.2659,
frame_ms,0.3059,
frame_ms,0.277,
frame_ms,0.355,
frame_ms,0.2958,
frame_ms,0.5558,
frame_ms,0.2992,
frame_ms,0.3038,
frame_ms,0.2825,
frame_ms,0.2988,
frame_ms,0.3051,
frame_ms,0.3071,
frame_ms,0.2847,
frame_ms,0.3032,
frame_ms,0.2964,
frame_ms,0.3081,
frame_ms,0.32,
frame_ms,0.3285,
frame_ms,0.538,
frame_ms,0.343,
frame_ms,0.2841,
frame_ms,0.5374,
frame_ms,0.3415,
frame_ms,0.2676,
frame_ms,0.2556,
frame_ms,0.2768,
frame_ms,0.2424,
frame_ms,0.2355,
frame_ms,0.2981,
frame_ms,0.3814,
frame_ms,0.3276,
frame_ms,0.4587,
frame_ms,0.3028,
frame_ms,0.29,
frame_ms,0.2926,
frame_ms,0.3082,
frame_ms,0.2964,
frame_ms,0.3525,
frame_ms,0.2544,
frame_ms,0.2976,
frame_ms,0.2988,
frame_ms,0.3346,
frame_ms,0.3895,
frame_ms,0.3427,
frame_ms,0.3983,
frame_ms,0.2932,
frame_ms,0.2793,
frame_ms,0.3093,
frame_ms,0.2997,
frame_ms,0.3029,
frame_ms,0.2951,
frame_ms,0.3055,
frame_ms,0.302,
frame_ms,0.3205,
frame_ms,0.2861,
frame_ms,0.2938,
frame_ms,0.3065,
frame_ms,0.6305,
frame_ms,0.2755,
frame_ms,0.2963,
frame_ms,0.2834,
frame_ms,0.3059,
frame_ms,0.297,
frame_ms,0.2933,
frame_ms,0.319,
frame_ms,0.2685,
frame_ms,0.2841,
frame_ms,0.3394,
frame_ms,0.33,
frame_ms,0.3816,
frame_ms,1.6781,
frame_ms,0.3604,
frame_ms,0.2831,
frame_ms,0.2691,
frame_ms,0.2664,
frame_ms,0.2568,
frame_ms,0.2464,
frame_ms,0.2485,
frame_ms,0.33,
frame_ms,0.3279,
frame_ms,0.2797,
frame_ms,0.2684,
frame_ms,0.3319,
frame_ms,0.2629,
frame_ms,0.2958,
frame_ms,0.325,
frame_ms,0.2854,
frame_ms,0.299,
frame_ms,0.2971,
frame_ms,0.2937,
frame_ms,0.2901,
frame_ms,0.3306,
frame_ms,0.3721,
frame_ms,0.5149,
frame_ms,0.2796,
frame_ms,0.3056,
frame_ms,0.2675,
frame_ms,0.3061,
frame_ms,0.2908,
frame_ms,0.318,
frame_ms,0.2937,
frame_ms,0.3065,
frame_ms,0.3156,
frame_ms,0.282,
frame_ms,0.2971,
frame_ms,0.3613,
frame_ms,0.5305,
frame_ms,0.3388,
frame_ms,0.2681,
frame_ms,0.2908,
frame_ms,0.2808,
frame_ms,0.2987,
frame_ms,0.2968,
frame_ms,0.3036,
frame_ms,0.302,
frame_ms,0.2893,
frame_ms,0.293,
frame_ms,0.3395,
frame_ms,0.8553,
frame_ms,0.3494,
frame_ms,0.2764,
frame_ms,0.2638,
frame_ms,0.2726,
frame_ms,0.2505,
frame_ms,0.3036,
frame_ms,0.2996,
frame_ms,0.2463,
frame_ms,0.2393,
frame_ms,0.2579,
frame_ms,0.3256,
frame_ms,0.3686,
frame_ms,0.3544,
frame_ms,0.4683,
frame_ms,0.2968,
frame_ms,0.2857,
frame_ms,0.2581,
frame_ms,0.2951,
frame_ms,0.3108,
frame_ms,0.3045,
frame_ms,0.2893,
frame_ms,0.2858,
frame_ms,0.3076,
frame_ms,0.2648,
frame_ms,0.3104,
frame_ms,0.3419,
frame_ms,0.5545,
frame_ms,0.2914,
frame_ms,0.3417,
frame_ms,0.2702,
frame_ms,0.2949,
frame_ms,0.2881,
frame_ms,0.296,
frame_ms,0.2984,
frame_ms,0.3018,
frame_ms,0.2848,
frame_ms,0.3056,
frame_ms,0.3128,
frame_ms,0.4265,
frame_ms,0.4624,
frame_ms,0.3033,
frame_ms,0.2978,
frame_ms,0.3014,
frame_ms,0.2883,
frame_ms,0.3098,
frame_ms,0.3112,
frame_ms,0.3024,
frame_ms,1.0912,
frame_ms,0.4604,
frame_ms,0.4608,
frame_ms,0.3205,
frame_ms,0.2671,
frame_ms,0.2619,
frame_ms,0.2897,
frame_ms,0.2622,
frame_ms,0.2683,
frame_ms,0.2573,
frame_ms,0.2465,
frame_ms,0.2531,
frame_ms,0.2529,
frame_ms,0.2546,
frame_ms,0.3745,
frame_ms,0.3427,
frame_ms,0.5419,
frame_ms,0.3143,
frame_ms,0.2844,
frame_ms,0.314,
frame_ms,0.2999,
frame_ms,0.2993,
frame_ms,0.2924,
frame_ms,0.3539,
frame_ms,0.344,
frame_ms,0.2886,
frame_ms,0.2784,
frame_ms,0.2866,
frame_ms,0.3075,
frame_ms,0.5622,
frame_ms,0.2979,
frame_ms,0.2678,
frame_ms,0.3012,
frame_ms,0.3219,
frame_ms,0.3006,
frame_ms,0.3025,
frame_ms,0.2874,
frame_ms,0.2877,
frame_ms,0.304,
frame_ms,0.3914,
frame_ms,0.3209,
frame_ms,0.2772,
frame_ms,0.4762,
frame_ms,0.3008,
frame_ms,0.335,
frame_ms,0.2799,
frame_ms,0.2534,
frame_ms,0.4191,
frame_ms,0.3289,
frame_ms,0.2691,
frame_ms,0.2424,
frame_ms,0.2908,
frame_ms,0.3224,
frame_ms,0.3031,
frame_ms,0.3174,
frame_ms,0.5127,
frame_ms,0.2841,
frame_ms,0.3025,
frame_ms,0.3292,
frame_ms,0.2792,
frame_ms,0.2893,
frame_ms,0.3014,
frame_ms,0.3161,
frame_ms,0.2768,
frame_ms,0.2905,
frame_ms,0.3399,
frame_ms,0.3141,
frame_ms,0.2807,
frame_ms,0.576,
frame_ms,0.2811,
frame_ms,0.3017,
frame_ms,0.3071,
frame_ms,0.2888,
frame_ms,0.3045,
frame_ms,0.2996,
frame_ms,0.2915,
frame_ms,0.31,
frame_ms,0.2954,
frame_ms,0.3184,
frame_ms,0.2879,
frame_ms,0.5873,
frame_ms,0.3338,
frame_ms,0.2701,
frame_ms,0.2583,
frame_ms,0.2867,
frame_ms,0.2901,
frame_ms,0.2906,
frame_ms,0.2901,
frame_ms,0.3068,
frame_ms,0.2894,
frame_ms,0.3075,
frame_ms,0.292,
frame_ms,0.3207,
frame_ms,0.3416,
frame_ms,0.5222,
frame_ms,0.2874,
frame_ms,0.302,
frame_ms,1.3598,
frame_ms,0.3371,
frame_ms,0.2672,
frame_ms,0.2748,
frame_ms,0.3,
frame_ms,0.2654,
frame_ms,0.2603,
frame_ms,0.2517,
frame_ms,0.2691,
frame_ms,0.2862,
frame_ms,0.3215,
frame_ms,0.2588,
frame_ms,0.2906,
frame_ms,0.2911,
frame_ms,0.3027,
frame_ms,0.2954,
frame_ms,0.3111,
frame_ms,0.2931,
frame_ms,0.4166,
frame_ms,0.2623,
frame_ms,0.2554,
frame_ms,0.5731,
frame_ms,0.3028,
frame_ms,0.3015,
frame_ms,0.3088,
frame_ms,0.2895,
frame_ms,0.3086,
frame_ms,0.2924,
frame_ms,0.3039,
frame_ms,0.2965,
frame_ms,0.3036,
frame_ms,0.2839,
frame_ms,0.3068,
frame_ms,0.4049,
frame_ms,0.5093,
frame_ms,0.3122,
frame_ms,0.2922,
frame_ms,0.269,
frame_ms,0.3147,
frame_ms,0.2938,
frame_ms,0.3028,
frame_ms,0.3119,
frame_ms,0.3056,
frame_ms,0.3018,
frame_ms,0.3428,
frame_ms,0.2702,
frame_ms,0.8443,
frame_ms,0.3105,
frame_ms,0.268,
frame_ms,0.2403,
frame_ms,0.2869,
frame_ms,0.2367,
frame_ms,0.2528,
frame_ms,0.3166,
frame_ms,0.2565,
frame_ms,0.2479,
frame_ms,0.2969,
frame_ms,0.3134,
frame_ms,0.2838,
frame_ms,0.3319,
frame_ms,0.569,
frame_ms,0.2753,
frame_ms,0.2795,
frame_ms,0.2623,
frame_ms,0.3056,
frame_ms,0.2892,
frame_ms,0.2959,
frame_ms,0.2977,
frame_ms,0.298,
frame_ms,0.287,
frame_ms,0.2953,
frame_ms,0.3052,
frame_ms,0.3886,
frame_ms,0.4858,
frame_ms,0.321,
frame_ms,0.3025,
frame_ms,0.2733,
frame_ms,0.3109,
frame_ms,0.304,
frame_ms,0.2915,
frame_ms,0.301,
frame_ms,0.289,
frame_ms,0.3088,
frame_ms,0.2876,
frame_ms,0.3142,
frame_ms,0.4518,
frame_ms,0.4324,
frame_ms,0.3046,
frame_ms,0.2913,
frame_ms,0.2791,
frame_ms,0.3023,
frame_ms,0.2947,
frame_ms,0.3115,
frame_ms,0.2982,
frame_ms,0.3047,
frame_ms,0.283,
frame_ms,0.9381,
frame_ms,0.4207,
frame_ms,0.3522,
frame_ms,0.2683,
frame_ms,0.2569,
frame_ms,0.2653,
frame_ms,0.2609,
frame_ms,0.305,
frame_ms,0.2588,
frame_ms,0.2469,
frame_ms,0.2516,
frame_ms,0.2828,
frame_ms,0.2461,
frame_ms,0.2452,
frame_ms,0.2317,
frame_ms,0.257,
frame_ms,0.5691,
frame_ms,0.2894,
frame_ms,0.3132,
frame_ms,0.2905,
frame_ms,0.3024,
frame_ms,0.2847,
frame_ms,0.2946,
frame_ms,0.3171,
frame_ms,0.283,
frame_ms,0.2873,
frame_ms,0.3747,
frame_ms,0.251,
frame_ms,0.2975,
frame_ms,0.6172,
frame_ms,0.2707,
frame_ms,0.3341,
frame_ms,0.2572,
frame_ms,0.2963,
frame_ms,0.3042,
frame_ms,0.2877,
frame_ms,0.3008,
frame_ms,0.2923,
frame_ms,0.3012,
frame_ms,0.2882,
frame_ms,0.3139,
frame_ms,0.3473,
frame_ms,0.5428,
frame_ms,0.2646,
frame_ms,0.3346,
frame_ms,0.2562,
frame_ms,0.3276,
frame_ms,0.317,
frame_ms,0.2675,
frame_ms,0.737,
frame_ms,0.3126,
frame_ms,0.3741,
frame_ms,0.2922,
frame_ms,0.2884,
frame_ms,0.3797,
frame_ms,0.306,
frame_ms,0.2891,
frame_ms,0.299,
frame_ms,0.2868,
frame_ms,0.2811,
frame_ms,0.2686,
frame_ms,0.2617,
frame_ms,0.3044,
frame_ms,0.2814,
frame_ms,0.2601,
frame_ms,0.2784,
frame_ms,0.3429,
frame_ms,0.537,
frame_ms,0.2867,
frame_ms,0.2789,
frame_ms,0.2964,
frame_ms,0.2933,
frame_ms,0.3029,
frame_ms,0.2958,
frame_ms,0.3028,
frame_ms,0.3013,
frame_ms,0.2858,
frame_ms,0.304,
frame_ms,0.3712,
frame_ms,0.2652,
frame_ms,0.275,
frame_ms,0.5637,
frame_ms,0.3198,
frame_ms,0.3105,
frame_ms,0.3001,
frame_ms,0.3028,
frame_ms,0.2954,
frame_ms,0.2868,
frame_ms,0.3286,
frame_ms,0.2682,
frame_ms,0.297,
frame_ms,0.3255,
frame_ms,0.2823,
frame_ms,0.3791,
frame_ms,0.4842,
frame_ms,0.267,
frame_ms,0.2958,
frame_ms,0.2982,
frame_ms,1.1112,
frame_ms,0.3769,
frame_ms,0.3543,
frame_ms,0.4023,
frame_ms,0.3299,
frame_ms,0.2745,
frame_ms,0.3093,
frame_ms,0.2734,
frame_ms,0.3095,
frame_ms,0.264,
frame_ms,0.2573,
frame_ms,0.2493,
frame_ms,0.2397,
frame_ms,0.2347,
frame_ms,0.2548,
frame_ms,0.3169,
frame_ms,0.3595,
frame_ms,0.2903,
frame_ms,0.3024,
frame_ms,0.3896,
frame_ms,0.5292,
frame_ms,0.3142,
frame_ms,0.2903,
frame_ms,0.2854,
frame_ms,0.2879,
frame_ms,0.3013,
frame_ms,0.2957,
frame_ms,0.2854,
frame_ms,0.3075,
frame_ms,0.2829,
frame_ms,0.286,
frame_ms,0.3183,
frame_ms,0.3239,
frame_ms,0.5281,
frame_ms,0.2904,
frame_ms,0.2995,
frame_ms,0.2986,
frame_ms,0.2858,
frame_ms,0.3061,
frame_ms,0.3038,
frame_ms,0.3111,
frame_ms,0.294,
frame_ms,0.288,
frame_ms,0.2814,
frame_ms,0.3323,
frame_ms,0.3818,
frame_ms,0.5109,
frame_ms,0.4226,
frame_ms,0.4441,
frame_ms,0.3614,
frame_ms,0.3022,
frame_ms,0.2946,
frame_ms,0.3129,
frame_ms,0.2784,
frame_ms,0.2759,
frame_ms,0.2611,
frame_ms,0.2674,
frame_ms,0.253,
frame_ms,0.2434,
frame_ms,0.4889,
frame_ms,0.2845,
frame_ms,0.2914,
frame_ms,0.2974,
frame_ms,0.2965,
frame_ms,0.2985,
frame_ms,0.2934,
frame_ms,0.3175,
frame_ms,0.2869,
frame_ms,0.2817,
frame_ms,0.2772,
frame_ms,0.316,
frame_ms,0.3562,
frame_ms,0.6225,
frame_ms,0.3096,
frame_ms,0.315,
frame_ms,0.2693,
frame_ms,0.2919,
frame_ms,0.2852,
frame_ms,0.3022,
frame_ms,0.2893,
frame_ms,0.2937,
frame_ms,0.2795,
frame_ms,0.332,
frame_ms,0.2852,
frame_ms,0.3534,
frame_ms,0.5435,
frame_ms,0.3075,
frame_ms,0.2872,
frame_ms,0.297,
frame_ms,0.2941,
frame_ms,0.3113,
frame_ms,0.3294,
frame_ms,0.2687,
frame_ms,0.2942,
frame_ms,0.2865,
frame_ms,0.3901,
frame_ms,0.3827,
frame_ms,0.2748,
frame_ms,0.4232,
frame_ms,1.1776,
frame_ms,0.3267,
frame_ms,0.2578,
frame_ms,0.2832,
frame_ms,0.2673,
frame_ms,0.2683,
frame_ms,0.2497,
frame_ms,0.2399,
frame_ms,0.2446,
frame_ms,0.2474,
frame_ms,0.2314,
frame_ms,0.3945,
frame_ms,0.2762,
frame_ms,0.3106,
frame_ms,0.2743,
frame_ms,0.2881,
frame_ms,0.3188,
frame_ms,0.2963,
frame_ms,0.3301,
frame_ms,0.2557,
frame_ms,0.2842,
frame_ms,0.3315,
frame_ms,0.3186,
frame_ms,0.3485,
frame_ms,0.5078,
frame_ms,0.3115,
frame_ms,0.2976,
frame_ms,0.287,
frame_ms,0.2908,
frame_ms,0.3083,
frame_ms,0.3066,
frame_ms,0.2976,
frame_ms,0.2826,
frame_ms,0.2904,
frame_ms,0.3125,
frame_ms,0.3386,
frame_ms,0.3041,
frame_ms,0.5545,
frame_ms,0.3239,
frame_ms,0.3094,
frame_ms,0.2775,
frame_ms,0.2909,
frame_ms,0.3084,
frame_ms,0.2948,
frame_ms,0.2902,
frame_ms,0.3026,
frame_ms,0.287,
frame_ms,0.4055,
frame_ms,0.3872,
frame_ms,0.5455,
frame_ms,0.3054,
frame_ms,0.2998,
frame_ms,0.2685,
frame_ms,0.2655,
frame_ms,0.2433,
frame_ms,0.2493,
frame_ms,0.2952,
frame_ms,0.3003,
frame_ms,0.2891,
frame_ms,0.3012,
frame_ms,0.3227,
frame_ms,0.3451,
frame_ms,0.5634,
frame_ms,0.3114,
frame_ms,0.2706,
frame_ms,0.2972,
frame_ms,0.2698,
frame_ms,0.3082,
frame_ms,0.2846,
frame_ms,0.2996,
frame_ms,0.2864,
frame_ms,0.2911,
frame_ms,0.2866,
frame_ms,0.3315,
frame_ms,0.3501,
frame_ms,0.3506,
frame_ms,0.4388,
frame_ms,0.2893,
frame_ms,0.3021,
frame_ms,0.2926,
frame_ms,0.2862,
frame_ms,0.3016,
frame_ms,0.2972,
frame_ms,0.3195,
frame_ms,0.2919,
frame_ms,0.2692,
frame_ms,0.2754,
frame_ms,0.3316,
frame_ms,0.3558,
frame_ms,0.5267,
frame_ms,0.3041,
frame_ms,0.2666,
frame_ms,0.2857,
frame_ms,0.2966,
frame_ms,0.3029,
frame_ms,0.643,
frame_ms,1.2363,
frame_ms,0.3398,
frame_ms,0.286,
frame_ms,0.2758,
frame_ms,0.242,
frame_ms,0.2936,
frame_ms,0.33,
frame_ms,0.2772,
frame_ms,0.2515,
frame_ms,0.2748,
frame_ms,0.2461,
frame_ms,0.2472,
frame_ms,0.2402,
frame_ms,0.2359,
frame_ms,0.2447,
frame_ms,0.333,
frame_ms,0.3158,
frame_ms,0.568,
frame_ms,0.287,
frame_ms,0.2584,
frame_ms,0.2944,
frame_ms,0.2968,
frame_ms,0.3056,
frame_ms,0.2782,
frame_ms,0.331,
frame_ms,0.294,
frame_ms,0.2975,
frame_ms,0.2835,
frame_ms,0.3605,
frame_ms,0.4029,
frame_ms,0.5851,
frame_ms,0.3191,
frame_ms,0.2551,
frame_ms,0.2905,
frame_ms,0.3072,
frame_ms,0.2906,
frame_ms,0.28,
frame_ms,0.2988,
frame_ms,0.2848,
frame_ms,0.3018,
frame_ms,0.3224,
frame_ms,0.339,
frame_ms,0.3552,
frame_ms,0.4305,
frame_ms,0.309,
frame_ms,0.2829,
frame_ms,0.2772,
frame_ms,0.2928,
frame_ms,0.3094,
frame_ms,0.5759,
frame_ms,0.35,
frame_ms,0.271,
frame_ms,0.249,
frame_ms,0.2691,
frame_ms,0.3945,
frame_ms,0.3041,
frame_ms,0.271,
frame_ms,0.2942,
frame_ms,0.2748,
frame_ms,0.2981,
frame_ms,0.308,
frame_ms,0.3977,
frame_ms,0.3229,
frame_ms,0.2965,
frame_ms,0.2571,
frame_ms,0.2768,
frame_ms,0.2478,
frame_ms,0.2652,
frame_ms,0.3978,
frame_ms,0.5683,
frame_ms,0.2906,
frame_ms,0.279,
frame_ms,0.2567,
frame_ms,0.3133,
frame_ms,0.2775,
frame_ms,0.2916,
frame_ms,0.2909,
frame_ms,0.3025,
frame_ms,0.2853,
frame_ms,0.3045,
frame_ms,0.3148,
frame_ms,0.3011,
frame_ms,0.5335,
frame_ms,0.3013,
frame_ms,0.2864,
frame_ms,0.3113,
frame_ms,0.2882,
frame_ms,0.2902,
frame_ms,0.2904,
frame_ms,0.3071,
frame_ms,0.2919,
frame_ms,0.2947,
frame_ms,0.2797,
frame_ms,0.3289,
frame_ms,0.3528,
frame_ms,0.5179,
frame_ms,1.4274,
frame_ms,0.3727,
frame_ms,0.2734,
frame_ms,0.2643,
frame_ms,0.2573,
frame_ms,0.3079,
frame_ms,0.2565,
frame_ms,0.2561,
frame_ms,0.3142,
frame_ms,0.2876,
frame_ms,0.252,
frame_ms,0.2388,
frame_ms,0.2933,
frame_ms,0.348,
frame_ms,0.2421,
frame_ms,0.3136,
frame_ms,0.2967,
frame_ms,0.3522,
frame_ms,0.2537,
frame_ms,0.2953,
frame_ms,0.2872,
frame_ms,0.3316,
frame_ms,0.3562,
frame_ms,0.5346,
frame_ms,0.2922,
frame_ms,0.3061,
frame_ms,0.3193,
frame_ms,0.2903,
frame_ms,0.2963,
frame_ms,0.3523,
frame_ms,0.271,
frame_ms,0.273,
frame_ms,0.2873,
frame_ms,0.3076,
frame_ms,0.3326,
frame_ms,0.3345,
frame_ms,0.5864,
frame_ms,0.3264,
frame_ms,0.2952,
frame_ms,0.2481,
frame_ms,0.2693,
frame_ms,0.2925,
frame_ms,0.2913,
frame_ms,0.2971,
frame_ms,0.3028,
frame_ms,0.3178,
frame_ms,0.2803,
frame_ms,0.3213,
frame_ms,0.3794,
frame_ms,0.5602,
frame_ms,0.315,
frame_ms,0.2804,
frame_ms,0.313,
frame_ms,0.3243,
frame_ms,0.312,
frame_ms,0.323,
frame_ms,0.3205,
frame_ms,0.336,
frame_ms,0.3202,
frame_ms,0.3619,
frame_ms,0.3889,
frame_ms,0.6516,
frame_ms,0.3139,
frame_ms,0.3059,
frame_ms,0.2977,
frame_ms,0.3116,
frame_ms,0.2869,
frame_ms,0.3087,
frame_ms,0.3295,
frame_ms,0.2961,
frame_ms,0.3008,
frame_ms,0.3195,
frame_ms,0.3566,
frame_ms,0.5664,
frame_ms,0.2815,
frame_ms,0.2708,
frame_ms,0.3043,
frame_ms,0.2898,
frame_ms,0.2978,
frame_ms,0.3435,
frame_ms,0.3148,
frame_ms,0.2655,
frame_ms,0.2724,
frame_ms,0.2883,
frame_ms,0.3763,
frame_ms,0.3329,
frame_ms,0.4602,
frame_ms,0.3008,
frame_ms,0.3016,
frame_ms,0.3245,
frame_ms,0.2879,
frame_ms,0.3068,
frame_ms,0.2849,
frame_ms,0.2957,
frame_ms,0.2954,
frame_ms,0.302,
frame_ms,0.295,
frame_ms,1.1992,
frame_ms,0.3841,
frame_ms,0.5952,
frame_ms,0.2654,
frame_ms,0.2952,
frame_ms,0.2865,
frame_ms,0.2592,
frame_ms,0.2568,
frame_ms,0.2632,
frame_ms,0.2522,
frame_ms,0.3589,
frame_ms,0.2562,
frame_ms,0.2955,
frame_ms,0.3211,
frame_ms,0.3168,
frame_ms,0.3052,
frame_ms,0.3109,
frame_ms,0.297,
frame_ms,0.3068,
frame_ms,0.3101,
frame_ms,0.2904,
frame_ms,0.3081,
frame_ms,0.3303,
frame_ms,0.2796,
frame_ms,0.3165,
frame_ms,0.3317,
frame_ms,0.6489,
frame_ms,0.29,
frame_ms,0.296,
frame_ms,0.3166,
frame_ms,0.3037,
frame_ms,0.3032,
frame_ms,0.3081,
frame_ms,0.293,
frame_ms,0.2944,
frame_ms,0.2971,
frame_ms,0.3994,
frame_ms,0.2782,
frame_ms,0.5592,
frame_ms,0.3007,
frame_ms,0.2759,
frame_ms,0.2912,
frame_ms,0.2903,
frame_ms,0.2948,
frame_ms,0.2956,
frame_ms,0.3776,
frame_ms,1.2571,
frame_ms,0.3866,
frame_ms,0.3541,
frame_ms,0.2927,
frame_ms,0.269,
frame_ms,0.2605,
frame_ms,0.2823,
frame_ms,0.2487,
frame_ms,0.2454,
frame_ms,0.2535,
frame_ms,0.2946,
frame_ms,0.2514,
frame_ms,0.2517,
frame_ms,0.2572,
frame_ms,0.3016,
frame_ms,0.3244,
frame_ms,0.403,
frame_ms,0.5232,
frame_ms,0.3029,
frame_ms,0.35,
frame_ms,0.2889,
frame_ms,0.2718,
frame_ms,0.2976,
frame_ms,0.2904,
frame_ms,0.304,
frame_ms,0.2908,
frame_ms,0.3034,
frame_ms,0.3214,
frame_ms,0.3024,
frame_ms,0.2816,
frame_ms,0.5985,
frame_ms,0.3281,
frame_ms,0.2912,
frame_ms,0.2872,
frame_ms,0.2963,
frame_ms,0.298,
frame_ms,0.3682,
frame_ms,0.2601,
frame_ms,0.2948,
frame_ms,0.2859,
frame_ms,0.3244,
frame_ms,0.3553,
frame_ms,0.6613,
frame_ms,0.303,
frame_ms,1.6042,
frame_ms,0.3033,
frame_ms,0.2667,
frame_ms,0.256,
frame_ms,0.2765,
frame_ms,0.2721,
frame_ms,0.3359,
frame_ms,0.3454,
frame_ms,0.3363,
frame_ms,0.2922,
frame_ms,0.2567,
frame_ms,0.272,
frame_ms,0.2436,
frame_ms,0.2279,
frame_ms,0.2507,
frame_ms,0.3033,
frame_ms,0.2574,
frame_ms,0.2961,
frame_ms,0.2857,
frame_ms,0.3091,
frame_ms,0.4019,
frame_ms,0.5884,
frame_ms,0.3051,
frame_ms,0.2964,
frame_ms,0.307,
frame_ms,0.287,
frame_ms,0.3094,
frame_ms,0.2905,
frame_ms,0.3119,
frame_ms,0.2889,
frame_ms,0.2963,
frame_ms,0.2858,
frame_ms,0.3373,
frame_ms,0.3378,
frame_ms,0.5364,
frame_ms,0.2813,
frame_ms,0.3293,
frame_ms,0.2987,
frame_ms,0.2913,
frame_ms,0.2772,
frame_ms,0.3134,
frame_ms,0.3025,
frame_ms,0.3244,
frame_ms,0.3655,
frame_ms,0.2982,
frame_ms,0.3463,
frame_ms,0.3647,
frame_ms,0.5195,
frame_ms,0.3204,
frame_ms,0.3217,
frame_ms,0.2862,
frame_ms,0.2758,
frame_ms,0.3059,
frame_ms,0.3236,
frame_ms,0.3137,
frame_ms,0.3307,
frame_ms,0.3216,
frame_ms,0.3483,
frame_ms,0.3278,
frame_ms,0.4039,
frame_ms,0.4734,
frame_ms,0.2903,
frame_ms,0.3085,
frame_ms,0.293,
frame_ms,0.3081,
frame_ms,0.3004,
frame_ms,0.3019,
frame_ms,0.2929,
frame_ms,0.2929,
frame_ms,0.3122,
frame_ms,0.3212,
frame_ms,0.382,
frame_ms,0.556,
frame_ms,0.3348,
frame_ms,0.3079,
frame_ms,0.2775,
frame_ms,0.3226,
frame_ms,0.3157,
frame_ms,0.3667,
frame_ms,0.2579,
frame_ms,0.367,
frame_ms,0.3114,
frame_ms,0.2801,
frame_ms,0.3373,
frame_ms,0.3072,
frame_ms,0.6059,
frame_ms,0.2743,
frame_ms,0.3026,
frame_ms,0.5184,
frame_ms,0.5117,
frame_ms,0.4276,
frame_ms,0.3649,
frame_ms,0.3402,
frame_ms,0.2877,
frame_ms,0.2977,
frame_ms,0.2681,
frame_ms,0.2574,
frame_ms,0.2489,
frame_ms,0.3575,
frame_ms,0.3304,
frame_ms,0.2679,
frame_ms,0.3106,
frame_ms,0.3465,
frame_ms,0.3603,
frame_ms,0.3784,
frame_ms,0.2905,
frame_ms,0.4058,
frame_ms,0.3338,
frame_ms,0.4699,
frame_ms,0.3324,
frame_ms,0.2762,
frame_ms,0.3221,
frame_ms,0.3047,
frame_ms,0.2858,
frame_ms,0.2844,
frame_ms,0.3038,
frame_ms,0.2747,
frame_ms,0.4038,
frame_ms,0.6509,
frame_ms,0.3676,
frame_ms,0.3488,
frame_ms,0.4023,
frame_ms,0.3188,
frame_ms,0.2706,
frame_ms,0.258,
frame_ms,0.2442,
frame_ms,0.3201,
frame_ms,0.2655,
frame_ms,0.2764,
frame_ms,0.2746,
frame_ms,0.31,
frame_ms,0.3374,
frame_ms,0.3524,
frame_ms,0.3361,
frame_ms,0.4334,
frame_ms,0.2939,
frame_ms,0.3185,
frame_ms,0.3102,
frame_ms,0.3191,
frame_ms,0.3251,
frame_ms,0.3287,
frame_ms,0.2698,
frame_ms,0.2893,
frame_ms,0.2921,
frame_ms,0.3536,
frame_ms,0.2885,
frame_ms,0.7274,
frame_ms,0.3146,
frame_ms,0.3388,
frame_ms,0.3255,
frame_ms,0.2842,
frame_ms,0.2671,
frame_ms,0.3084,
frame_ms,0.3292,
frame_ms,0.3126,
frame_ms,0.2994,
frame_ms,0.3379,
frame_ms,0.2978,
frame_ms,0.6175,
frame_ms,0.3087,
frame_ms,0.3332,
frame_ms,0.2735,
frame_ms,0.344,
frame_ms,0.3199,
frame_ms,0.2976,
frame_ms,0.332,
frame_ms,0.2903,
frame_ms,0.3304,
frame_ms,0.3734,
frame_ms,0.3131,
frame_ms,0.5437,
frame_ms,0.3286,
frame_ms,0.3282,
frame_ms,0.302,
frame_ms,0.2803,
frame_ms,0.3572,
frame_ms,0.2762,
frame_ms,0.3122,
frame_ms,0.3161,
frame_ms,0.2951,
frame_ms,0.3149,
frame_ms,0.3412,
frame_ms,0.5938,
frame_ms,0.3672,
frame_ms,0.317,
frame_ms,0.2642,
frame_ms,0.3697,
frame_ms,0.2766,
frame_ms,0.2483,
frame_ms,0.2889,
frame_ms,0.2857,
frame_ms,0.332,
frame_ms,0.3001,
frame_ms,0.3213,
frame_ms,0.4303,
frame_ms,0.3093,
frame_ms,0.4776,
frame_ms,0.3331,
frame_ms,0.3114,
frame_ms,0.2709,
frame_ms,0.3076,
frame_ms,0.3306,
frame_ms,0.3542,
frame_ms,0.305,
frame_ms,0.2882,
frame_ms,0.3028,
frame_ms,0.334,
frame_ms,0.2951,
frame_ms,0.6824,
frame_ms,0.2984,
frame_ms,0.313,
frame_ms,0.3403,
frame_ms,0.2857,
frame_ms,0.2747,
frame_ms,0.3568,
frame_ms,0.2698,
frame_ms,0.3843,
frame_ms,0.3133,
frame_ms,0.2572,
frame_ms,0.2887,
frame_ms,0.694,
frame_ms,0.3116,
frame_ms,0.3603,
frame_ms,0.2775,
frame_ms,0.2855,
frame_ms,0.3188,
frame_ms,0.3284,
frame_ms,0.5597,
frame_ms,0.356,
frame_ms,0.4113,
frame_ms,0.5489,
frame_ms,0.4752,
frame_ms,0.8872,
frame_ms,0.3581,
frame_ms,0.3222,
frame_ms,0.3047,
frame_ms,0.2767,
frame_ms,0.2894,
frame_ms,0.3491,
frame_ms,0.3175,
frame_ms,0.3648,
frame_ms,0.3772,
frame_ms,0.4037,
frame_ms,0.2865,
frame_ms,0.3221,
frame_ms,0.2614,
frame_ms,0.243,
frame_ms,0.2791,
frame_ms,0.2732,
frame_ms,0.2621,
frame_ms,0.2778,
frame_ms,0.2509,
frame_ms,0.2558,
frame_ms,0.2681,
frame_ms,0.3269,
frame_ms,0.2819,
frame_ms,0.544,
frame_ms,0.3081,
frame_ms,0.2889,
frame_ms,0.3067,
frame_ms,0.3022,
frame_ms,0.289,
frame_ms,0.3339,
frame_ms,0.2587,
frame_ms,0.3611,
frame_ms,0.2405,
frame_ms,0.3592,
frame_ms,0.3152,
frame_ms,0.3517,
frame_ms,0.5188,
frame_ms,0.3322,
frame_ms,0.2608,
frame_ms,0.5541,
frame_ms,0.3481,
frame_ms,0.3439,
frame_ms,0.2475,
frame_ms,0.2426,
frame_ms,0.2361,
frame_ms,0.25,
frame_ms,0.337,
frame_ms,0.3302,
frame_ms,0.505,
frame_ms,0.3131,
frame_ms,0.2986,
frame_ms,0.2846,
frame_ms,0.3149,
frame_ms,0.2696,
frame_ms,0.3075,
frame_ms,0.2964,
frame_ms,0.2814,
frame_ms,0.3072,
frame_ms,0.2913,
frame_ms,0.3148,
frame_ms,0.3469,
frame_ms,0.573,
frame_ms,0.3056,
frame_ms,0.2834,
frame_ms,0.2965,
frame_ms,0.306,
frame_ms,0.2933,
frame_ms,0.3245,
frame_ms,0.3015,
frame_ms,0.3037,
frame_ms,0.2957,
frame_ms,0.3669,
frame_ms,0.3386,
frame_ms,0.3288,
frame_ms,0.4362,
frame_ms,0.2979,
frame_ms,0.2846,
frame_ms,0.2987,
frame_ms,0.3105,
frame_ms,0.2804,
frame_ms,0.2936,
frame_ms,0.2976,
frame_ms,0.2933,
frame_ms,0.2923,
frame_ms,0.347,
frame_ms,0.3735,
frame_ms,0.3106,
frame_ms,0.4921,
frame_ms,0.3721,
frame_ms,0.4192,
frame_ms,0.3937,
frame_ms,0.3001,
frame_ms,0.2657,
frame_ms,0.2838,
frame_ms,0.2566,
frame_ms,0.278,
frame_ms,0.2545,
frame_ms,0.2545,
frame_ms,0.2649,
frame_ms,0.3159,
frame_ms,0.6073,
frame_ms,0.3077,
frame_ms,0.2933,
frame_ms,0.3,
frame_ms,0.2917,
frame_ms,0.3028,
frame_ms,0.2939,
frame_ms,0.3203,
frame_ms,0.2816,
frame_ms,0.2914,
frame_ms,0.3399,
frame_ms,0.4146,
frame_ms,0.5285,
frame_ms,0.3206,
frame_ms,0.314,
frame_ms,0.2835,
frame_ms,0.2781,
frame_ms,0.3061,
frame_ms,0.2799,
frame_ms,0.3138,
frame_ms,0.2976,
frame_ms,0.2902,
frame_ms,0.2875,
frame_ms,0.3398,
frame_ms,0.3077,
frame_ms,0.5863,
frame_ms,0.3162,
frame_ms,0.2951,
frame_ms,0.2951,
frame_ms,0.3046,
frame_ms,0.2986,
frame_ms,0.302,
frame_ms,0.3041,
frame_ms,0.3047,
frame_ms,0.2992,
frame_ms,0.3356,
frame_ms,1.175,
frame_ms,0.3364,
frame_ms,0.2665,
frame_ms,0.2831,
frame_ms,0.2543,
frame_ms,0.2435,
frame_ms,0.2512,
frame_ms,0.3113,
frame_ms,0.2481,
frame_ms,0.3074,
frame_ms,0.2849,
frame_ms,0.348,
frame_ms,0.2915,
frame_ms,0.2528,
frame_ms,0.4076,
frame_ms,0.2847,
frame_ms,0.2667,
frame_ms,0.3154,
frame_ms,0.2859,
frame_ms,0.2966,
frame_ms,0.2936,
frame_ms,0.3136,
frame_ms,0.2608,
frame_ms,0.3815,
frame_ms,0.283,
frame_ms,0.2705,
frame_ms,0.3776,
frame_ms,0.5252,
frame_ms,0.2761,
frame_ms,0.3134,
frame_ms,0.3392,
frame_ms,0.2624,
frame_ms,0.2756,
frame_ms,0.3124,
frame_ms,0.3101,
frame_ms,0.3039,
frame_ms,0.2911,
frame_ms,0.2904,
frame_ms,0.3386,
frame_ms,0.3323,
frame_ms,0.5299,
frame_ms,0.3014,
frame_ms,0.3369,
frame_ms,0.2603,
frame_ms,0.3041,
frame_ms,0.2868,
frame_ms,0.2824,
frame_ms,0.309,
frame_ms,0.3488,
frame_ms,0.3541,
frame_ms,0.3203,
frame_ms,0.342,
frame_ms,0.2658,
frame_ms,0.4971,
frame_ms,0.2888,
frame_ms,0.3196,
frame_ms,0.2905,
frame_ms,0.2841,
frame_ms,0.2872,
frame_ms,0.3062,
frame_ms,0.2894,
frame_ms,0.3064,
frame_ms,0.2841,
frame_ms,0.2842,
frame_ms,0.3129,
frame_ms,0.3763,
frame_ms,0.5301,
frame_ms,0.2947,
frame_ms,0.3464,
frame_ms,0.2689,
frame_ms,0.2739,
frame_ms,0.3243,
frame_ms,0.3783,
frame_ms,0.322,
frame_ms,0.3002,
frame_ms,0.2817,
frame_ms,0.3964,
frame_ms,0.3888,
frame_ms,0.3418,
frame_ms,0.3381,
frame_ms,0.2752,
frame_ms,0.293,
frame_ms,0.3008,
frame_ms,0.2874,
frame_ms,0.2917,
frame_ms,0.3089,
frame_ms,0.3286,
frame_ms,0.2776,
frame_ms,0.2869,
frame_ms,0.3934,
frame_ms,0.3299,
frame_ms,0.2978,
frame_ms,0.4435,
frame_ms,0.2851,
frame_ms,0.2907,
frame_ms,0.3072,
frame_ms,0.2981,
frame_ms,0.2747,
frame_ms,0.447,
frame_ms,0.3775,
frame_ms,0.3163,
frame_ms,0.2944,
frame_ms,0.302,
frame_ms,0.2957,
frame_ms,0.38,
frame_ms,0.4899,
frame_ms,0.3595,
frame_ms,0.2778,
frame_ms,0.3041,
frame_ms,0.2569,
frame_ms,0.3109,
frame_ms,0.2916,
frame_ms,0.2895,
frame_ms,0.2935,
frame_ms,0.2889,
frame_ms,0.337,
frame_ms,0.3064,
frame_ms,0.6523,
frame_ms,0.3041,
frame_ms,0.2937,
frame_ms,0.2726,
frame_ms,0.2882,
frame_ms,0.3037,
frame_ms,0.2948,
frame_ms,0.297,
frame_ms,0.3072,
frame_ms,0.2853,
frame_ms,0.3722,
frame_ms,0.3062,
frame_ms,0.255,
frame_ms,0.5205,
frame_ms,0.3044,
frame_ms,0.2999,
frame_ms,0.3096,
frame_ms,0.2895,
frame_ms,0.2919,
frame_ms,0.2927,
frame_ms,0.3027,
frame_ms,0.3056,
frame_ms,0.2952,
frame_ms,0.2911,
frame_ms,0.327,
frame_ms,0.2967,
frame_ms,0.5938,
frame_ms,0.2851,
frame_ms,0.2878,
frame_ms,0.2906,
frame_ms,1.0593,
frame_ms,0.3252,
frame_ms,0.2584,
frame_ms,0.2456,
frame_ms,0.2604,
frame_ms,0.2849,
frame_ms,0.3319,
frame_ms,0.3179,
frame_ms,0.3047,
frame_ms,0.2523,
frame_ms,0.2557,
frame_ms,0.2412,
frame_ms,0.2789,
frame_ms,0.2984,
frame_ms,0.3001,
frame_ms,0.2909,
frame_ms,0.295,
frame_ms,0.3011,
frame_ms,0.2848,
frame_ms,0.3274,
frame_ms,0.3094,
frame_ms,0.5389,
frame_ms,0.3029,
frame_ms,0.2873,
frame_ms,0.3304,
frame_ms,0.2819,
frame_ms,0.284,
frame_ms,0.2818,
frame_ms,0.3113,
frame_ms,0.2871,
frame_ms,0.3024,
frame_ms,0.2817,
frame_ms,0.3469,
frame_ms,0.5121,
frame_ms,0.4522,
frame_ms,0.2959,
frame_ms,0.2622,
frame_ms,0.2955,
frame_ms,0.2958,
frame_ms,0.2866,
frame_ms,0.2904,
frame_ms,0.2839,
frame_ms,0.3134,
frame_ms,0.2866,
frame_ms,0.2902,
frame_ms,0.3022,
frame_ms,0.3721,
frame_ms,0.579,
frame_ms,0.9769,
frame_ms,0.3666,
frame_ms,0.2762,
frame_ms,0.2572,
frame_ms,0.2625,
frame_ms,0.3556,
frame_ms,0.3206,
frame_ms,0.2782,
frame_ms,0.288,
frame_ms,0.2931,
frame_ms,0.2502,
frame_ms,0.2452,
frame_ms,0.2414,
frame_ms,0.2392,
frame_ms,0.326,
frame_ms,0.2635,
frame_ms,0.3093,
frame_ms,0.293,
frame_ms,0.3354,
frame_ms,0.261,
frame_ms,0.2976,
frame_ms,0.2799,
frame_ms,0.3089,
frame_ms,0.3234,
frame_ms,0.6947,
frame_ms,0.2844,
frame_ms,0.3091,
frame_ms,0.2762,
frame_ms,0.3017,
frame_ms,0.2876,
frame_ms,0.3363,
frame_ms,0.2772,
frame_ms,0.2682,
frame_ms,0.2879,
frame_ms,0.2909,
frame_ms,0.312,
frame_ms,0.3477,
frame_ms,0.5679,
frame_ms,0.3061,
frame_ms,0.3176,
frame_ms,0.256,
frame_ms,0.2492,
frame_ms,0.3035,
frame_ms,0.2908,
frame_ms,0.2968,
frame_ms,0.2905,
frame_ms,0.6209,
frame_ms,0.416,
frame_ms,0.3322,
frame_ms,0.3168,
frame_ms,0.34,
frame_ms,0.3583,
frame_ms,0.3791,
frame_ms,0.3374,
frame_ms,0.3806,
frame_ms,0.3676,
frame_ms,0.4057,
frame_ms,0.3382,
frame_ms,0.3499,
frame_ms,0.4065,
frame_ms,0.2976,
frame_ms,0.3474,
frame_ms,0.2921,
frame_ms,0.2886,
frame_ms,0.4516,
frame_ms,0.3287,
frame_ms,0.2752,
frame_ms,0.2581,
frame_ms,0.2745,
frame_ms,0.3141,
frame_ms,0.3171,
frame_ms,0.3446,
frame_ms,0.4366,
frame_ms,0.2953,
frame_ms,0.2755,
frame_ms,0.5971,
frame_ms,0.3348,
frame_ms,0.3174,
frame_ms,0.4073,
frame_ms,0.498,
frame_ms,0.329,
frame_ms,0.2724,
frame_ms,0.2708,
frame_ms,0.3219,
frame_ms,0.2642,
frame_ms,0.3535,
frame_ms,0.3535,
frame_ms,0.3661,
frame_ms,0.3213,
frame_ms,0.2787,
frame_ms,0.2946,
frame_ms,0.5281,
frame_ms,0.5444,
frame_ms,0.3449,
frame_ms,0.2863,
frame_ms,0.4569,
frame_ms,0.4115,
frame_ms,0.3714,
frame_ms,0.3413,
frame_ms,0.386,
frame_ms,0.3325,
frame_ms,0.2991,
frame_ms,0.3488,
frame_ms,0.3295,
frame_ms,0.2931,
frame_ms,0.2725,
frame_ms,0.3492,
frame_ms,0.3718,
frame_ms,0.3036,
frame_ms,0.3365,
frame_ms,0.3861,
frame_ms,0.3383,
frame_ms,0.315,
frame_ms,0.3294,
frame_ms,0.2787,
frame_ms,0.2715,
frame_ms,0.2762,
frame_ms,0.3394,
frame_ms,0.2923,
frame_ms,0.3426,
frame_ms,0.4338,
frame_ms,0.3023,
frame_ms,0.2966,
frame_ms,0.4723,
frame_ms,0.3208,
frame_ms,0.2694,
frame_ms,0.3255,
frame_ms,0.292,
frame_ms,0.3046,
frame_ms,0.2864,
frame_ms,0.2971,
frame_ms,0.2922,
frame_ms,0.3277,
frame_ms,0.3413,
frame_ms,0.4006,
frame_ms,0.8348,
frame_ms,0.439,
frame_ms,0.3343,
frame_ms,0.3169,
frame_ms,0.3186,
frame_ms,0.2705,
frame_ms,0.2703,
frame_ms,0.3142,
frame_ms,0.4858,
frame_ms,0.4038,
frame_ms,0.3297,
frame_ms,0.3469,
frame_ms,0.3938,
frame_ms,0.3321,
frame_ms,0.2663,
frame_ms,0.3,
frame_ms,0.2936,
frame_ms,0.3221,
frame_ms,0.324,
frame_ms,0.3389,
frame_ms,0.3502,
frame_ms,0.3295,
frame_ms,0.4197,
frame_ms,0.605,
frame_ms,0.361,
frame_ms,0.2638,
frame_ms,0.2574,
frame_ms,0.2719,
frame_ms,0.2922,
frame_ms,0.3001,
frame_ms,0.3071,
frame_ms,0.3011,
frame_ms,0.2742,
frame_ms,0.337,
frame_ms,0.3009,
frame_ms,0.6955,
frame_ms,0.3011,
frame_ms,0.2974,
frame_ms,0.282,
frame_ms,0.2982,
frame_ms,0.2895,
frame_ms,0.352,
frame_ms,0.3151,
frame_ms,0.276,
frame_ms,0.2622,
frame_ms,1.0268,
frame_ms,0.3226,
frame_ms,0.2942,
frame_ms,0.2817,
frame_ms,0.2557,
frame_ms,0.2532,
frame_ms,0.2522,
frame_ms,0.2429,
frame_ms,0.2423,
frame_ms,0.2276,
frame_ms,0.3014,
frame_ms,0.2759,
frame_ms,0.2789,
frame_ms,0.3332,
frame_ms,0.3707,
frame_ms,0.5109,
frame_ms,0.3087,
frame_ms,0.2487,
frame_ms,0.3087,
frame_ms,0.2776,
frame_ms,0.3159,
frame_ms,0.2723,
frame_ms,0.3271,
frame_ms,0.2688,
frame_ms,0.2927,
frame_ms,0.2822,
frame_ms,0.3094,
frame_ms,0.2993,
frame_ms,0.653,
frame_ms,0.2895,
frame_ms,0.2893,
frame_ms,0.2836,
frame_ms,0.2948,
frame_ms,0.3199,
frame_ms,0.277,
frame_ms,0.2846,
frame_ms,0.2934,
frame_ms,0.2827,
frame_ms,0.3046,
frame_ms,0.3231,
frame_ms,0.3203,
frame_ms,0.6078,
frame_ms,0.289,
frame_ms,0.313,
frame_ms,0.2755,
frame_ms,0.2978,
frame_ms,0.3024,
frame_ms,0.3082,
frame_ms,0.835,
frame_ms,0.4106,
frame_ms,0.3598,
frame_ms,0.3598,
frame_ms,0.3746,
frame_ms,0.3311,
frame_ms,0.2834,
frame_ms,0.2705,
frame_ms,0.2504,
frame_ms,0.2404,
frame_ms,0.2442,
frame_ms,0.227,
frame_ms,0.2328,
frame_ms,0.2514,
frame_ms,0.2734,
frame_ms,0.2813,
frame_ms,0.3061,
frame_ms,0.3733,
frame_ms,0.3226,
frame_ms,0.4854,
frame_ms,0.3019,
frame_ms,0.2829,
frame_ms,0.3118,
frame_ms,0.2966,
frame_ms,0.3077,
frame_ms,0.2902,
frame_ms,0.3112,
frame_ms,0.3021,
frame_ms,0.2859,
frame_ms,0.2914,
frame_ms,0.3607,
frame_ms,0.5615,
frame_ms,0.283,
frame_ms,0.3026,
frame_ms,0.2971,
frame_ms,0.3048,
frame_ms,0.3001,
frame_ms,0.306,
frame_ms,0.3292,
frame_ms,0.2784,
frame_ms,0.3143,
frame_ms,0.2837,
frame_ms,0.3142,
frame_ms,0.3448,
frame_ms,0.2833,
frame_ms,0.6237,
frame_ms,0.8081,
frame_ms,0.2779,
frame_ms,0.2556,
frame_ms,0.2473,
frame_ms,0.2376,
frame_ms,0.2339,
frame_ms,0.2476,
frame_ms,0.2346,
frame_ms,0.2495,
frame_ms,0.3313,
frame_ms,0.3415,
frame_ms,0.4914,
frame_ms,0.3008,
frame_ms,0.3004,
frame_ms,0.333,
frame_ms,0.2693,
frame_ms,0.2769,
frame_ms,0.2905,
frame_ms,0.3003,
frame_ms,0.2974,
frame_ms,0.3086,
frame_ms,0.3149,
frame_ms,0.3472,
frame_ms,0.3218,
frame_ms,0.591,
frame_ms,0.3048,
frame_ms,0.2852,
frame_ms,0.2538,
frame_ms,0.3153,
frame_ms,0.2835,
frame_ms,0.2788,
frame_ms,0.2823,
frame_ms,0.2956,
frame_ms,0.278,
frame_ms,0.295,
frame_ms,0.3084,
frame_ms,0.377,
frame_ms,0.5002,
frame_ms,0.2774,
frame_ms,0.3079,
frame_ms,0.3489,
frame_ms,0.2866,
frame_ms,0.3485,
frame_ms,0.298,
frame_ms,0.3156,
frame_ms,0.3003,
frame_ms,0.3638,
frame_ms,0.2741,
frame_ms,0.3239,
frame_ms,0.3773,
frame_ms,0.5607,
frame_ms,0.3112,
frame_ms,0.3011,
frame_ms,0.2715,
frame_ms,0.3167,
frame_ms,0.2929,
frame_ms,0.327,
frame_ms,0.2753,
frame_ms,0.2949,
frame_ms,0.2842,
frame_ms,0.3332,
frame_ms,0.3115,
frame_ms,0.6984,
frame_ms,0.3105,
frame_ms,0.2893,
frame_ms,0.2946,
frame_ms,0.3053,
frame_ms,0.2906,
frame_ms,0.2979,
frame_ms,0.2911,
frame_ms,0.3109,
frame_ms,0.2924,
frame_ms,0.3517,
frame_ms,0.3622,
frame_ms,0.3432,
frame_ms,0.485,
frame_ms,0.344,
frame_ms,0.2939,
frame_ms,0.2738,
frame_ms,0.2895,
frame_ms,0.306,
frame_ms,0.3038,
frame_ms,0.3343,
frame_ms,0.2529,
frame_ms,0.2879,
frame_ms,0.3001,
frame_ms,0.3425,
frame_ms,0.5794,
frame_ms,0.3205,
frame_ms,0.2908,
frame_ms,0.2766,
frame_ms,0.2871,
frame_ms,0.4795,
frame_ms,0.3302,
frame_ms,0.3205,
frame_ms,0.2983,
frame_ms,0.2766,
frame_ms,0.2607,
frame_ms,0.358,
frame_ms,0.3208,
frame_ms,0.3225,
frame_ms,0.48,
frame_ms,0.3242,
frame_ms,0.2973,
frame_ms,0.2686,
frame_ms,0.2959,
frame_ms,0.2991,
frame_ms,0.2999,
frame_ms,0.306,
frame_ms,0.2973,
frame_ms,0.359,
frame_ms,0.3101,
frame_ms,0.3863,
frame_ms,0.4801,
frame_ms,0.3067,
frame_ms,0.2782,
frame_ms,0.3341,
frame_ms,0.2953,
frame_ms,0.2995,
frame_ms,0.2889,
frame_ms,0.3479,
frame_ms,0.2543,
frame_ms,0.2934,
frame_ms,0.3118,
frame_ms,0.3651,
frame_ms,0.574,
frame_ms,0.327,
frame_ms,0.3011,
frame_ms,0.3131,
frame_ms,0.3075,
frame_ms,0.2949,
frame_ms,0.3205,
frame_ms,0.3006,
frame_ms,0.2938,
frame_ms,0.3099,
frame_ms,0.3069,
frame_ms,0.3375,
frame_ms,0.3356,
frame_ms,0.5648,
frame_ms,1.1336,
frame_ms,0.3092,
frame_ms,0.2801,
frame_ms,0.2733,
frame_ms,0.2694,
frame_ms,0.2596,
frame_ms,0.2466,
frame_ms,0.2701,
frame_ms,0.3424,
frame_ms,0.3203,
frame_ms,0.3192,
frame_ms,0.2528,
frame_ms,0.3412,
frame_ms,0.2835,
frame_ms,0.3,
frame_ms,0.3021,
frame_ms,0.3028,
frame_ms,0.3064,
frame_ms,0.2993,
frame_ms,0.3059,
frame_ms,0.3002,
frame_ms,0.3549,
frame_ms,0.3317,
frame_ms,0.6232,
frame_ms,0.3071,
frame_ms,0.3173,
frame_ms,0.288,
frame_ms,0.3164,
frame_ms,0.296,
frame_ms,0.3102,
frame_ms,0.3988,
frame_ms,0.2755,
frame_ms,0.2381,
frame_ms,0.3347,
frame_ms,0.3904,
frame_ms,0.3486,
frame_ms,0.4201,
frame_ms,0.286,
frame_ms,0.2951,
frame_ms,0.283,
frame_ms,0.2876,
frame_ms,0.2981,
frame_ms,0.3054,
frame_ms,0.3352,
frame_ms,0.2782,
frame_ms,0.2995,
frame_ms,0.4623,
frame_ms,0.289,
frame_ms,0.2712,
frame_ms,0.5202,
frame_ms,0.2841,
frame_ms,0.3026,
frame_ms,0.288,
frame_ms,0.3021,
frame_ms,0.2911,
frame_ms,0.3164,
frame_ms,0.2919,
frame_ms,0.2986,
frame_ms,0.3033,
frame_ms,0.3611,
frame_ms,0.2788,
frame_ms,0.7111,
frame_ms,0.3057,
frame_ms,0.4194,
frame_ms,0.3188,
frame_ms,0.2921,
frame_ms,0.2908,
frame_ms,0.2776,
frame_ms,0.2898,
frame_ms,0.2866,
frame_ms,0.2516,
frame_ms,0.3237,
frame_ms,0.3068,
frame_ms,0.2754,
frame_ms,0.5635,
frame_ms,0.3106,
frame_ms,0.2939,
frame_ms,0.299,
frame_ms,0.2926,
frame_ms,0.3322,
frame_ms,0.3169,
frame_ms,0.3221,
frame_ms,0.3071,
frame_ms,0.3245,
frame_ms,0.2849,
frame_ms,0.3774,
frame_ms,0.3263,
frame_ms,0.4975,
frame_ms,0.3327,
frame_ms,0.2709,
frame_ms,0.3055,
frame_ms,0.2839,
frame_ms,1.0449,
frame_ms,0.3582,
frame_ms,0.2914,
frame_ms,0.2623,
frame_ms,0.3249,
frame_ms,0.314,
frame_ms,0.273,
frame_ms,0.2817,
frame_ms,0.2592,
frame_ms,0.3036,
frame_ms,0.261,
frame_ms,0.2987,
frame_ms,0.299,
frame_ms,0.2949,
frame_ms,0.262,
frame_ms,0.2461,
frame_ms,0.2283,
frame_ms,0.3039,
frame_ms,0.2742,
frame_ms,0.3226,
frame_ms,0.5681,
frame_ms,0.2998,
frame_ms,0.2952,
frame_ms,0.327,
frame_ms,0.2829,
frame_ms,0.3078,
frame_ms,0.325,
frame_ms,0.2698,
frame_ms,0.2837,
frame_ms,0.2968,
frame_ms,0.3209,
frame_ms,0.3565,
frame_ms,0.2823,
frame_ms,0.5653,
frame_ms,0.2813,
frame_ms,0.3285,
frame_ms,0.3056,
frame_ms,0.2723,
frame_ms,0.2884,
frame_ms,0.2781,
frame_ms,0.3227,
frame_ms,0.3117,
frame_ms,0.2802,
frame_ms,0.3238,
frame_ms,0.3274,
frame_ms,0.291,
frame_ms,0.5303,
frame_ms,1.1738,
frame_ms,0.3074,
frame_ms,0.2718,
frame_ms,0.2644,
frame_ms,0.2589,
frame_ms,0.2479,
frame_ms,0.2461,
frame_ms,0.2797,
frame_ms,0.3729,
frame_ms,0.3009,
frame_ms,0.2488,
frame_ms,0.2554,
frame_ms,0.2545,
frame_ms,0.2691,
frame_ms,0.3154,
frame_ms,0.2772,
frame_ms,0.3037,
frame_ms,0.2904,
frame_ms,0.294,
frame_ms,0.3037,
frame_ms,0.4036,
frame_ms,0.2762,
frame_ms,0.3157,
frame_ms,0.259,
frame_ms,0.5705,
frame_ms,0.2907,
frame_ms,0.3176,
frame_ms,0.2835,
frame_ms,0.3046,
frame_ms,0.2841,
frame_ms,0.3724,
frame_ms,0.2539,
frame_ms,0.3074,
frame_ms,0.2945,
frame_ms,0.3834,
frame_ms,0.4081,
frame_ms,0.4974,
frame_ms,0.2842,
frame_ms,0.2866,
frame_ms,0.3055,
frame_ms,0.3038,
frame_ms,0.2843,
frame_ms,0.294,
frame_ms,0.3037,
frame_ms,0.3289,
frame_ms,0.2822,
frame_ms,0.292,
frame_ms,0.3196,
frame_ms,0.8237,
frame_ms,0.3136,
frame_ms,0.3029,
frame_ms,0.2629,
frame_ms,0.2541,
frame_ms,0.2412,
frame_ms,0.2402,
frame_ms,0.3084,
frame_ms,0.2769,
frame_ms,0.2901,
frame_ms,0.3062,
frame_ms,0.3257,
frame_ms,0.2897,
frame_ms,0.3401,
frame_ms,0.5652,
frame_ms,0.3366,
frame_ms,0.2766,
frame_ms,0.2757,
frame_ms,0.2937,
frame_ms,0.3051,
frame_ms,0.3116,
frame_ms,0.3174,
frame_ms,0.2842,
frame_ms,0.3063,
frame_ms,0.384,
frame_ms,0.4469,
frame_ms,0.3555,
frame_ms,0.3026,
frame_ms,0.3157,
frame_ms,0.2696,
frame_ms,0.2912,
frame_ms,0.3033,
frame_ms,0.3013,
frame_ms,0.2897,
frame_ms,0.2995,
frame_ms,0.2996,
frame_ms,0.3,
frame_ms,0.3171,
frame_ms,0.3681,
frame_ms,0.335,
frame_ms,0.4777,
frame_ms,0.3098,
frame_ms,0.2944,
frame_ms,0.2829,
frame_ms,0.2966,
frame_ms,0.3363,
frame_ms,0.2562,
frame_ms,0.3104,
frame_ms,0.5152,
frame_ms,0.285,
frame_ms,0.2439,
frame_ms,0.2593,
frame_ms,0.2586,
frame_ms,0.5803,
frame_ms,0.2893,
frame_ms,0.3018,
frame_ms,0.2778,
frame_ms,0.2946,
frame_ms,0.3005,
frame_ms,0.3115,
frame_ms,0.3056,
frame_ms,0.2838,
frame_ms,0.3059,
frame_ms,0.2893,
frame_ms,0.3475,
frame_ms,0.6299,
frame_ms,0.3036,
frame_ms,0.2957,
frame_ms,0.3327,
frame_ms,0.2711,
frame_ms,0.3015,
frame_ms,0.2957,
frame_ms,0.3102,
frame_ms,0.3069,
frame_ms,0.3155,
frame_ms,0.304,
frame_ms,0.325,
frame_ms,0.3516,
frame_ms,0.5459,
frame_ms,0.3019,
frame_ms,0.27,
frame_ms,0.3077,
frame_ms,0.2951,
frame_ms,0.3209,
frame_ms,0.294,
frame_ms,0.3106,
frame_ms,0.297,
frame_ms,0.2882,
frame_ms,0.3428,
frame_ms,0.4039,
frame_ms,0.2871,
frame_ms,0.463,
frame_ms,0.3029,
frame_ms,0.3044,
frame_ms,0.3075,
frame_ms,0.2876,
frame_ms,0.5629,
frame_ms,0.2923,
frame_ms,0.2584,
frame_ms,0.2611,
frame_ms,0.258,
frame_ms,0.2707,
frame_ms,0.2554,
frame_ms,0.3162,
frame_ms,0.6289,
frame_ms,0.2696,
frame_ms,0.2669,
frame_ms,0.284,
frame_ms,0.3613,
frame_ms,0.4042,
frame_ms,0.3395,
frame_ms,0.289,
frame_ms,0.2839,
frame_ms,0.2782,
frame_ms,0.3655,
frame_ms,0.3458,
frame_ms,0.3827,
frame_ms,0.3123,
frame_ms,0.2818,
frame_ms,0.266,
frame_ms,0.29,
frame_ms,0.2913,
frame_ms,0.313,
frame_ms,0.2992,
frame_ms,0.3062,
frame_ms,0.3027,
frame_ms,0.297,
frame_ms,0.3323,
frame_ms,0.3872,
frame_ms,0.5787,
frame_ms,0.3122,
frame_ms,0.3048,
frame_ms,0.2633,
frame_ms,0.2768,
frame_ms,0.3004,
frame_ms,0.2956,
frame_ms,0.2963,
frame_ms,0.285,
frame_ms,0.3058,
frame_ms,0.2967,
frame_ms,0.32,
frame_ms,0.3529,
frame_ms,0.5987,
frame_ms,0.2985,
frame_ms,0.3151,
frame_ms,1.0377,
frame_ms,0.2899,
frame_ms,0.2511,
frame_ms,0.2741,
frame_ms,0.2589,
frame_ms,0.2747,
frame_ms,0.3433,
frame_ms,0.3295,
frame_ms,0.3886,
frame_ms,0.2858,
frame_ms,0.2524,
frame_ms,0.246,
frame_ms,0.2325,
frame_ms,0.2807,
frame_ms,0.3124,
frame_ms,0.4412,
frame_ms,0.3075,
frame_ms,0.3082,
frame_ms,0.2686,
frame_ms,0.2558,
frame_ms,0.2587,
frame_ms,0.3495,
frame_ms,0.5712,
frame_ms,0.293,
frame_ms,0.2588,
frame_ms,0.3215,
frame_ms,0.2718,
frame_ms,0.2979,
frame_ms,0.2819,
frame_ms,0.3342,
frame_ms,0.2775,
frame_ms,0.2858,
frame_ms,0.3057,
frame_ms,0.3718,
frame_ms,0.4762,
frame_ms,0.3204,
frame_ms,0.2994,
frame_ms,0.2771,
frame_ms,0.2942,
frame_ms,0.3096,
frame_ms,0.2911,
frame_ms,0.3643,
frame_ms,0.2836,
frame_ms,0.267,
frame_ms,0.2904,
frame_ms,0.2769,
frame_ms,0.3105,
frame_ms,0.3525,
frame_ms,0.7007,
frame_ms,0.3235,
frame_ms,0.2966,
frame_ms,0.2449,
frame_ms,0.2574,
frame_ms,0.2516,
frame_ms,0.2799,
frame_ms,0.3115,
frame_ms,0.2844,
frame_ms,0.2945,
frame_ms,0.3304,
frame_ms,0.2823,
frame_ms,0.2878,
frame_ms,0.6065,
frame_ms,0.3104,
frame_ms,0.2969,
frame_ms,0.2737,
frame_ms,0.3246,
frame_ms,0.3382,
frame_ms,0.2615,
frame_ms,0.2732,
frame_ms,0.2984,
frame_ms,0.2984,
frame_ms,0.3156,
frame_ms,0.3488,
frame_ms,0.3139,
frame_ms,0.4898,
frame_ms,0.2913,
frame_ms,0.2888,
frame_ms,0.286,
frame_ms,0.2941,
frame_ms,0.3135,
frame_ms,0.3326,
frame_ms,0.2676,
frame_ms,0.31,
frame_ms,0.2585,
frame_ms,0.2738,
frame_ms,0.3144,
frame_ms,0.3273,
frame_ms,0.5491,
frame_ms,0.2834,
frame_ms,0.2669,
frame_ms,0.2831,
frame_ms,0.2793,
frame_ms,0.2852,
frame_ms,0.2999,
frame_ms,0.3196,
frame_ms,0.2796,
frame_ms,0.2967,
frame_ms,0.288,
frame_ms,1.337,
frame_ms,0.3505,
frame_ms,0.2705,
frame_ms,0.2747,
frame_ms,0.2525,
frame_ms,0.2631,
frame_ms,0.2416,
frame_ms,0.2474,
frame_ms,0.2342,
frame_ms,0.2526,
frame_ms,0.2371,
frame_ms,0.2658,
frame_ms,0.2889,
frame_ms,0.2542,
frame_ms,0.2418,
frame_ms,0.6163,
frame_ms,0.3313,
frame_ms,0.2901,
frame_ms,0.2588,
frame_ms,0.3028,
frame_ms,0.29,
frame_ms,0.2996,
frame_ms,0.2988,
frame_ms,0.296,
frame_ms,0.2912,
frame_ms,0.3255,
frame_ms,0.4108,
frame_ms,0.5792,
frame_ms,0.3019,
frame_ms,0.2744,
frame_ms,0.2969,
frame_ms,0.2948,
frame_ms,0.3072,
frame_ms,0.2821,
frame_ms,0.2945,
frame_ms,0.2916,
frame_ms,0.2964,
frame_ms,0.2922,
frame_ms,0.3138,
frame_ms,0.4046,
frame_ms,0.4892,
frame_ms,0.3078,
frame_ms,0.3111,
frame_ms,0.2705,
frame_ms,0.2902,
frame_ms,0.3101,
frame_ms,0.3,
frame_ms,0.3038,
frame_ms,0.2966,
frame_ms,0.3263,
frame_ms,0.2992,
frame_ms,0.342,
frame_ms,0.3386,
frame_ms,0.282,
frame_ms,0.5053,
frame_ms,0.2858,
frame_ms,0.2958,
frame_ms,0.2995,
frame_ms,0.2895,
frame_ms,0.3152,
frame_ms,0.3185,
frame_ms,0.2877,
frame_ms,0.2742,
frame_ms,0.2852,
frame_ms,0.3111,
frame_ms,0.3256,
frame_ms,0.5695,
frame_ms,0.3005,
frame_ms,0.2928,
frame_ms,0.3029,
frame_ms,0.2934,
frame_ms,0.2968,
frame_ms,0.2945,
frame_ms,0.3874,
frame_ms,0.2866,
frame_ms,0.2526,
frame_ms,0.2695,
frame_ms,0.3424,
frame_ms,0.38,
frame_ms,0.4962,
frame_ms,0.2688,
frame_ms,0.3329,
frame_ms,0.2751,
frame_ms,0.2775,
frame_ms,0.2898,
frame_ms,0.301,
frame_ms,0.2947,
frame_ms,0.3182,
frame_ms,0.2808,
frame_ms,0.3054,
frame_ms,0.3115,
frame_ms,0.3625,
frame_ms,0.5193,
frame_ms,0.2882,
frame_ms,0.2842,
frame_ms,0.3033,
frame_ms,0.2981,
frame_ms,0.3159,
frame_ms,0.5885,
frame_ms,0.3099,
frame_ms,0.2794,
frame_ms,0.2756,
frame_ms,0.3817,
frame_ms,0.4706,
frame_ms,0.3966,
frame_ms,0.2982,
frame_ms,0.2897,
frame_ms,0.2686,
frame_ms,0.2784,
frame_ms,0.3225,
frame_ms,0.2747,
frame_ms,0.256,
frame_ms,0.2497,
frame_ms,0.2458,
frame_ms,0.2945,
frame_ms,0.3138,
frame_ms,0.3674,
frame_ms,0.3353,
frame_ms,0.4696,
frame_ms,0.2936,
frame_ms,0.2843,
frame_ms,0.2922,
frame_ms,0.2871,
frame_ms,0.303,
frame_ms,0.2987,
frame_ms,0.3342,
frame_ms,0.2626,
frame_ms,0.282,
frame_ms,0.3351,
frame_ms,0.417,
frame_ms,0.37,
frame_ms,0.3885,
frame_ms,0.292,
frame_ms,0.2879,
frame_ms,0.2975,
frame_ms,0.3121,
frame_ms,0.3029,
frame_ms,0.3072,
frame_ms,0.2907,
frame_ms,0.3079,
frame_ms,0.3206,
frame_ms,0.313,
frame_ms,0.3015,
frame_ms,0.3056,
frame_ms,0.496,
frame_ms,0.2947,
frame_ms,0.3365,
frame_ms,0.2548,
frame_ms,1.2523,
frame_ms,0.3684,
frame_ms,0.324,
frame_ms,0.3378,
frame_ms,0.3089,
frame_ms,0.2747,
frame_ms,0.2656,
frame_ms,0.2886,
frame_ms,0.2458,
frame_ms,0.2378,
frame_ms,0.2304,
frame_ms,0.2499,
frame_ms,0.3251,
frame_ms,0.2981,
frame_ms,0.2838,
frame_ms,0.301,
frame_ms,0.2933,
frame_ms,0.2921,
frame_ms,0.3115,
frame_ms,0.4277,
frame_ms,0.4993,
frame_ms,0.3208,
frame_ms,0.2853,
frame_ms,0.2599,
frame_ms,0.302,
frame_ms,0.3151,
frame_ms,0.3052,
frame_ms,0.3036,
frame_ms,0.298,
frame_ms,0.2945,
frame_ms,0.288,
frame_ms,0.3141,
frame_ms,0.3467,
frame_ms,0.5372,
frame_ms,0.3244,
frame_ms,0.2952,
frame_ms,0.2999,
frame_ms,0.2913,
frame_ms,0.3019,
frame_ms,0.2957,
frame_ms,0.3255,
frame_ms,0.2744,
frame_ms,0.2999,
frame_ms,0.3253,
frame_ms,0.3388,
frame_ms,0.3392,
frame_ms,0.5071,
frame_ms,0.8213,
frame_ms,0.4699,
frame_ms,0.8371,
frame_ms,0.3644,
frame_ms,0.3117,
frame_ms,0.3549,
frame_ms,0.3599,
frame_ms,0.275,
frame_ms,0.353,
frame_ms,0.2805,
frame_ms,0.286,
frame_ms,0.2486,
frame_ms,0.2748,
frame_ms,0.2582,
frame_ms,0.2534,
frame_ms,0.2504,
frame_ms,0.2492,
frame_ms,0.3085,
frame_ms,0.2865,
frame_ms,0.3211,
frame_ms,0.4037,
frame_ms,0.4984,
frame_ms,0.328,
frame_ms,0.2842,
frame_ms,0.3028,
frame_ms,0.3238,
frame_ms,0.2909,
frame_ms,0.2732,
frame_ms,0.2941,
frame_ms,0.287,
frame_ms,0.3188,
frame_ms,0.2874,
frame_ms,0.3411,
frame_ms,0.3073,
frame_ms,0.2907,
frame_ms,0.5607,
frame_ms,0.3064,
frame_ms,0.2891,
frame_ms,0.2925,
frame_ms,0.356,
frame_ms,0.3032,
frame_ms,0.2549,
frame_ms,0.3096,
frame_ms,0.3319,
frame_ms,0.2982,
frame_ms,0.3261,
frame_ms,0.5002,
frame_ms,0.5138,
frame_ms,0.3227,
frame_ms,0.2696,
frame_ms,0.3113,
frame_ms,0.306,
frame_ms,0.2992,
frame_ms,0.3049,
frame_ms,0.3515,
frame_ms,0.2539,
frame_ms,0.3299,
frame_ms,0.3178,
frame_ms,0.2794,
frame_ms,0.3648,
frame_ms,0.5299,
frame_ms,0.3455,
frame_ms,0.2733,
frame_ms,0.2547,
frame_ms,0.2643,
frame_ms,0.3133,
frame_ms,0.2893,
frame_ms,0.2941,
frame_ms,0.31,
frame_ms,0.2944,
frame_ms,0.3261,
frame_ms,0.3159,
frame_ms,0.3212,
frame_ms,0.5223,
frame_ms,0.2972,
frame_ms,0.3096,
frame_ms,0.2751,
frame_ms,0.2975,
frame_ms,0.3291,
frame_ms,0.2731,
frame_ms,0.3081,
frame_ms,0.3033,
frame_ms,0.2932,
frame_ms,0.3328,
frame_ms,0.3266,
frame_ms,0.3018,
frame_ms,0.5477,
frame_ms,0.2856,
frame_ms,0.2993,
frame_ms,0.2871,
frame_ms,0.3033,
frame_ms,0.3072,
frame_ms,0.3025,
frame_ms,0.2948,
frame_ms,0.5328,
frame_ms,0.3123,
frame_ms,0.314,
frame_ms,0.3067,
frame_ms,0.2563,
frame_ms,0.4129,
frame_ms,0.3093,
frame_ms,0.274,
frame_ms,0.3081,
frame_ms,0.3105,
frame_ms,0.2742,
frame_ms,0.3011,
frame_ms,0.3065,
frame_ms,0.3,
frame_ms,0.2937,
frame_ms,0.3698,
frame_ms,0.4409,
frame_ms,0.3953,
frame_ms,0.3444,
frame_ms,0.2856,
frame_ms,0.2632,
frame_ms,0.3396,
frame_ms,0.2781,
frame_ms,0.3214,
frame_ms,0.3118,
frame_ms,0.2703,
frame_ms,0.3041,
frame_ms,0.2793,
frame_ms,0.3362,
frame_ms,0.2986,
frame_ms,0.6565,
frame_ms,0.2903,
frame_ms,0.2977,
frame_ms,0.2962,
frame_ms,0.3111,
frame_ms,0.2904,
frame_ms,0.3082,
frame_ms,0.2927,
frame_ms,0.2938,
frame_ms,0.3138,
frame_ms,0.3192,
frame_ms,0.3141,
frame_ms,0.315,
frame_ms,0.5667,
frame_ms,0.2925,
frame_ms,0.3196,
frame_ms,0.3024,
frame_ms,0.2716,
frame_ms,1.2206,
frame_ms,0.3624,
frame_ms,0.3131,
frame_ms,0.2818,
frame_ms,0.2979,
frame_ms,0.2702,
frame_ms,0.2561,
frame_ms,0.2601,
frame_ms,0.2558,
frame_ms,0.3097,
frame_ms,0.2539,
frame_ms,0.2783,
frame_ms,0.2947,
frame_ms,0.2982,
frame_ms,0.2962,
frame_ms,0.3025,
frame_ms,0.2952,
frame_ms,0.3592,
frame_ms,0.3369,
frame_ms,0.5351,
frame_ms,0.3011,
frame_ms,0.2812,
frame_ms,0.3027,
frame_ms,0.2956,
frame_ms,0.2993,
frame_ms,0.2934,
frame_ms,0.3327,
frame_ms,0.2746,
frame_ms,0.3084,
frame_ms,0.2936,
frame_ms,0.3588,
frame_ms,0.3053,
frame_ms,0.5592,
frame_ms,0.3074,
frame_ms,0.2829,
frame_ms,0.3051,
frame_ms,0.294,
frame_ms,0.3021,
frame_ms,0.3224,
frame_ms,0.322,
frame_ms,0.3018,
frame_ms,0.2869,
frame_ms,0.3465,
frame_ms,0.3023,
frame_ms,0.2967,
frame_ms,0.5642,
frame_ms,0.3552,
frame_ms,0.3414,
frame_ms,0.2958,
frame_ms,0.2455,
frame_ms,0.2596,
frame_ms,0.292,
frame_ms,0.3051,
frame_ms,0.2843,
frame_ms,0.3024,
frame_ms,0.3295,
frame_ms,0.3422,
frame_ms,0.3393,
frame_ms,0.5175,
frame_ms,0.2906,
frame_ms,0.3204,
frame_ms,0.2702,
frame_ms,0.3036,
frame_ms,0.2974,
frame_ms,0.3694,
frame_ms,0.2523,
frame_ms,0.3105,
frame_ms,0.2835,
frame_ms,0.3187,
frame_ms,0.3382,
frame_ms,0.7068,
frame_ms,0.3261,
frame_ms,0.2867,
frame_ms,0.3133,
frame_ms,0.315,
frame_ms,0.3109,
frame_ms,0.3239,
frame_ms,0.3406,
frame_ms,0.2827,
frame_ms,0.2884,
frame_ms,0.3307,
frame_ms,0.3219,
frame_ms,0.2933,
frame_ms,0.6563,
frame_ms,0.3531,
frame_ms,0.272,
frame_ms,0.3035,
frame_ms,0.3096,
frame_ms,0.3823,
frame_ms,0.2755,
frame_ms,0.3253,
frame_ms,0.3872,
frame_ms,0.4014,
frame_ms,0.3689,
frame_ms,0.4019,
frame_ms,0.3363,
frame_ms,0.3949,
frame_ms,0.2981,
frame_ms,0.3461,
frame_ms,0.2873,
frame_ms,0.3364,
frame_ms,0.2773,
frame_ms,0.2721,
frame_ms,0.2726,
frame_ms,0.2875,
frame_ms,0.3245,
frame_ms,0.3064,
frame_ms,0.3852,
frame_ms,0.5116,
frame_ms,0.2914,
frame_ms,0.3249,
frame_ms,0.3007,
frame_ms,0.3567,
frame_ms,0.3138,
frame_ms,0.2945,
frame_ms,0.2997,
frame_ms,0.2783,
frame_ms,0.412,
frame_ms,0.3592,
frame_ms,0.4782,
frame_ms,0.4381,
frame_ms,0.3252,
frame_ms,0.3258,
frame_ms,0.2878,
frame_ms,0.2765,
frame_ms,0.2598,
frame_ms,0.3094,
frame_ms,0.266,
frame_ms,0.2764,
frame_ms,0.2783,
frame_ms,0.3215,
frame_ms,0.3453,
frame_ms,0.5532,
frame_ms,0.3311,
frame_ms,0.2842,
frame_ms,0.3135,
frame_ms,0.363,
frame_ms,0.2722,
frame_ms,1.3442,
frame_ms,0.3704,
frame_ms,0.3456,
frame_ms,0.2838,
frame_ms,0.2706,
frame_ms,0.2697,
frame_ms,0.2827,
frame_ms,0.272,
frame_ms,0.3285,
frame_ms,0.2569,
frame_ms,0.255,
frame_ms,0.2481,
frame_ms,0.246,
frame_ms,0.2674,
frame_ms,0.3287,
frame_ms,0.3231,
frame_ms,0.3518,
frame_ms,0.3765,
frame_ms,0.6175,
frame_ms,0.3253,
frame_ms,0.2605,
frame_ms,0.2892,
frame_ms,0.2837,
frame_ms,0.2894,
frame_ms,0.3348,
frame_ms,0.275,
frame_ms,0.2877,
frame_ms,0.2858,
frame_ms,0.3212,
frame_ms,0.313,
frame_ms,0.6726,
frame_ms,0.3163,
frame_ms,0.2866,
frame_ms,0.2697,
frame_ms,0.3038,
frame_ms,0.2873,
frame_ms,0.3076,
frame_ms,0.3011,
frame_ms,0.2882,
frame_ms,0.286,
frame_ms,0.2877,
frame_ms,0.3253,
frame_ms,0.3748,
frame_ms,0.5144,
frame_ms,0.2933,
frame_ms,0.313,
frame_ms,0.2594,
frame_ms,0.5426,
frame_ms,0.3209,
frame_ms,0.259,
frame_ms,0.2468,
frame_ms,0.2376,
frame_ms,0.236,
frame_ms,0.2775,
frame_ms,0.309,
frame_ms,0.3483,
frame_ms,0.5861,
frame_ms,0.3069,
frame_ms,0.2773,
frame_ms,0.2788,
frame_ms,0.3459,
frame_ms,0.2433,
frame_ms,0.3057,
frame_ms,0.2875,
frame_ms,0.319,
frame_ms,0.2744,
frame_ms,0.3024,
frame_ms,0.3135,
frame_ms,0.4012,
frame_ms,0.4823,
frame_ms,0.3149,
frame_ms,0.2641,
frame_ms,0.309,
frame_ms,0.2822,
frame_ms,0.3005,
frame_ms,0.2965,
frame_ms,0.2995,
frame_ms,0.2918,
frame_ms,0.3005,
frame_ms,0.2804,
frame_ms,0.3372,
frame_ms,0.3858,
frame_ms,0.5599,
frame_ms,0.2982,
frame_ms,0.2925,
frame_ms,0.2644,
frame_ms,0.2664,
frame_ms,0.3082,
frame_ms,0.2852,
frame_ms,0.3106,
frame_ms,0.2727,
frame_ms,0.2858,
frame_ms,0.2979,
frame_ms,0.3172,
frame_ms,0.3073,
frame_ms,0.5893,
frame_ms,0.3115,
frame_ms,0.3133,
frame_ms,0.8714,
frame_ms,0.3354,
frame_ms,0.2747,
frame_ms,0.2558,
frame_ms,0.2609,
frame_ms,0.2635,
frame_ms,0.2709,
frame_ms,0.2502,
frame_ms,0.3214,
frame_ms,0.3258,
frame_ms,0.33,
frame_ms,0.3029,
frame_ms,0.2936,
frame_ms,0.2477,
frame_ms,0.2391,
frame_ms,0.3128,
frame_ms,0.308,
frame_ms,0.272,
frame_ms,0.3082,
frame_ms,0.2999,
frame_ms,0.3237,
frame_ms,0.3135,
frame_ms,0.2983,
frame_ms,0.5929,
frame_ms,0.3029,
frame_ms,0.3411,
frame_ms,0.2757,
frame_ms,0.2896,
frame_ms,0.3064,
frame_ms,0.3003,
frame_ms,0.3028,
frame_ms,0.3029,
frame_ms,0.2834,
frame_ms,0.3201,
frame_ms,0.3203,
frame_ms,0.2626,
frame_ms,0.5722,
frame_ms,0.3013,
frame_ms,0.3115,
frame_ms,0.3068,
frame_ms,0.2952,
frame_ms,0.284,
frame_ms,0.2991,
frame_ms,0.2991,
frame_ms,0.3104,
frame_ms,0.2957,
frame_ms,0.32,
frame_ms,0.9679,
frame_ms,0.3951,
frame_ms,0.2704,
frame_ms,0.2605,
frame_ms,0.2472,
frame_ms,0.2601,
frame_ms,0.231,
frame_ms,0.2831,
frame_ms,0.2687,
frame_ms,0.3081,
frame_ms,0.3093,
frame_ms,0.3565,
frame_ms,0.3576,
frame_ms,0.3469,
frame_ms,0.478,
frame_ms,0.2991,
frame_ms,0.2571,
frame_ms,0.3006,
frame_ms,0.3815,
frame_ms,0.2909,
frame_ms,0.2791,
frame_ms,0.3538,
frame_ms,0.3065,
frame_ms,0.2938,
frame_ms,0.3271,
frame_ms,0.3484,
frame_ms,0.6868,
frame_ms,0.365,
frame_ms,0.3104,
frame_ms,0.2789,
frame_ms,0.2492,
frame_ms,0.2485,
frame_ms,0.2798,
frame_ms,0.3373,
frame_ms,0.3071,
frame_ms,0.3125,
frame_ms,0.2439,
frame_ms,0.2689,
frame_ms,0.302,
frame_ms,0.5957,
frame_ms,0.281,
frame_ms,0.29,
frame_ms,0.2851,
frame_ms,0.2989,
frame_ms,0.3168,
frame_ms,0.2724,
frame_ms,0.2957,
frame_ms,0.294,
frame_ms,0.2805,
frame_ms,0.2956,
frame_ms,0.361,
frame_ms,0.4418,
frame_ms,0.4311,
frame_ms,0.3122,
frame_ms,0.272,
frame_ms,0.3088,
frame_ms,0.3389,
frame_ms,0.2921,
frame_ms,0.3458,
frame_ms,0.3181,
frame_ms,0.2996,
frame_ms,0.2913,
frame_ms,0.3234,
frame_ms,0.2672,
frame_ms,0.2617,
frame_ms,0.3248,
frame_ms,0.5762,
frame_ms,0.3344,
frame_ms,0.3128,
frame_ms,0.3004,
frame_ms,0.2808,
frame_ms,0.3221,
frame_ms,0.2676,
frame_ms,0.2557,
frame_ms,0.2956,
frame_ms,0.3716,
frame_ms,0.3506,
frame_ms,0.3207,
frame_ms,0.4686,
frame_ms,0.3219,
frame_ms,0.2749,
frame_ms,0.2909,
frame_ms,0.2915,
frame_ms,0.2924,
frame_ms,0.3002,
frame_ms,0.299,
frame_ms,0.2844,
frame_ms,0.3016,
frame_ms,0.3174,
frame_ms,0.4192,
frame_ms,0.331,
frame_ms,0.4468,
frame_ms,0.2795,
frame_ms,0.329,
frame_ms,0.2699,
frame_ms,0.2976,
frame_ms,0.9039,
frame_ms,0.3267,
frame_ms,0.2765,
frame_ms,0.27,
frame_ms,0.2473,
frame_ms,0.247,
frame_ms,0.3067,
frame_ms,0.3019,
frame_ms,0.2978,
frame_ms,0.2974,
frame_ms,0.2903,
frame_ms,0.3037,
frame_ms,0.2983,
frame_ms,0.2992,
frame_ms,0.2932,
frame_ms,0.3218,
frame_ms,0.2861,
frame_ms,0.3528,
frame_ms,0.4118,
frame_ms,0.4118,
frame_ms,0.3247,
frame_ms,0.3004,
frame_ms,0.2721,
frame_ms,0.3613,
frame_ms,0.2665,
frame_ms,0.2912,
frame_ms,0.2811,
frame_ms,0.3063,
frame_ms,0.3556,
frame_ms,0.3053,
frame_ms,0.2594,
frame_ms,0.3335,
frame_ms,0.3327,
frame_ms,0.4954,
frame_ms,0.3336,
frame_ms,0.2659,
frame_ms,0.2861,
frame_ms,0.3307,
frame_ms,0.265,
frame_ms,0.3086,
frame_ms,0.3159,
frame_ms,0.2782,
frame_ms,0.2838,
frame_ms,0.2922,
frame_ms,0.3082,
frame_ms,0.3196,
frame_ms,0.6106,
frame_ms,0.2779,
frame_ms,0.2626,
frame_ms,0.2783,
frame_ms,0.2814,
frame_ms,0.2852,
frame_ms,0.291,
frame_ms,0.2949,
frame_ms,0.2908,
frame_ms,0.2952,
frame_ms,0.2877,
frame_ms,0.3909,
frame_ms,0.311,
frame_ms,0.5127,
frame_ms,0.3053,
frame_ms,0.3006,
frame_ms,0.2628,
frame_ms,0.2981,
frame_ms,0.3015,
frame_ms,0.3163,
frame_ms,0.2817,
frame_ms,0.2913,
frame_ms,0.2806,
frame_ms,0.3006,
frame_ms,0.3101,
frame_ms,0.2964,
frame_ms,0.6276,
frame_ms,0.3075,
frame_ms,0.2909,
frame_ms,0.2976,
frame_ms,0.289,
frame_ms,0.2997,
frame_ms,0.2887,
frame_ms,0.3013,
frame_ms,0.2968,
frame_ms,0.3506,
frame_ms,0.2863,
frame_ms,0.2598,
frame_ms,0.3243,
frame_ms,0.5808,
frame_ms,0.2668,
frame_ms,0.3028,
frame_ms,0.2917,
frame_ms,0.2982,
frame_ms,0.2895,
frame_ms,0.2991,
frame_ms,0.2813,
frame_ms,0.3026,
frame_ms,0.6443,
frame_ms,0.3534,
frame_ms,0.4598,
frame_ms,0.5386,
frame_ms,0.3196,
frame_ms,0.3111,
frame_ms,0.2909,
frame_ms,0.2556,
frame_ms,0.2476,
frame_ms,0.2403,
frame_ms,0.2699,
frame_ms,0.2482,
frame_ms,0.293,
frame_ms,0.2689,
frame_ms,0.2646,
frame_ms,0.2446,
frame_ms,0.3178,
frame_ms,0.5163,
frame_ms,0.2881,
frame_ms,0.2487,
frame_ms,0.3009,
frame_ms,0.3014,
frame_ms,0.3005,
frame_ms,0.3082,
frame_ms,0.2982,
frame_ms,0.2967,
frame_ms,0.2937,
frame_ms,0.2953,
frame_ms,0.3093,
frame_ms,0.3068,
frame_ms,0.5966,
frame_ms,0.2919,
frame_ms,0.3277,
frame_ms,0.286,
frame_ms,0.2924,
frame_ms,0.2919,
frame_ms,0.2857,
frame_ms,0.2988,
frame_ms,0.3023,
frame_ms,0.308,
frame_ms,0.2764,
frame_ms,0.3037,
frame_ms,0.2914,
frame_ms,0.5831,
frame_ms,0.2839,
frame_ms,0.3055,
frame_ms,0.2795,
frame_ms,0.2949,
frame_ms,0.2802,
frame_ms,0.3,
frame_ms,1.0565,
frame_ms,0.3284,
frame_ms,0.3522,
frame_ms,0.3548,
frame_ms,0.3747,
frame_ms,0.2953,
frame_ms,0.2678,
frame_ms,0.2655,
frame_ms,0.244,
frame_ms,0.2451,
frame_ms,0.2428,
frame_ms,0.2619,
frame_ms,0.2474,
frame_ms,0.2476,
frame_ms,0.2441,
frame_ms,0.2381,
frame_ms,0.3208,
frame_ms,0.4207,
frame_ms,0.4605,
frame_ms,0.2742,
frame_ms,0.2854,
frame_ms,0.3003,
frame_ms,0.2858,
frame_ms,0.2893,
frame_ms,0.2925,
frame_ms,0.2925,
frame_ms,0.318,
frame_ms,0.2688,
frame_ms,0.2766,
frame_ms,0.3327,
frame_ms,0.3417,
frame_ms,0.2735,
frame_ms,0.5688,
frame_ms,0.2937,
frame_ms,0.2838,
frame_ms,0.293,
frame_ms,0.3011,
frame_ms,0.2762,
frame_ms,0.283,
frame_ms,0.2921,
frame_ms,0.2832,
frame_ms,0.2812,
frame_ms,0.2791,
frame_ms,0.3508,
frame_ms,0.2988,
frame_ms,0.5251,
frame_ms,0.2765,
frame_ms,0.3798,
frame_ms,0.3492,
frame_ms,0.279,
frame_ms,0.2613,
frame_ms,0.2678,
frame_ms,0.2486,
frame_ms,0.2727,
frame_ms,0.2921,
frame_ms,0.2699,
frame_ms,0.3096,
frame_ms,0.3471,
frame_ms,0.5553,
frame_ms,0.2771,
frame_ms,0.2959,
frame_ms,0.3007,
frame_ms,0.2921,
frame_ms,0.3071,
frame_ms,0.2971,
frame_ms,0.2916,
frame_ms,0.2926,
frame_ms,0.2937,
frame_ms,0.288,
frame_ms,0.3303,
frame_ms,0.3394,
frame_ms,0.2681,
frame_ms,0.5771,
frame_ms,0.2927,
frame_ms,0.2572,
frame_ms,0.288,
frame_ms,0.2869,
frame_ms,0.3008,
frame_ms,0.2943,
frame_ms,0.291,
frame_ms,0.2828,
frame_ms,0.306,
frame_ms,0.3308,
frame_ms,0.3485,
frame_ms,0.3503,
frame_ms,0.435,
frame_ms,0.2788,
frame_ms,0.3106,
frame_ms,0.2892,
frame_ms,0.2995,
frame_ms,0.2862,
frame_ms,0.3023,
frame_ms,0.3099,
frame_ms,0.2795,
frame_ms,0.2881,
frame_ms,0.3262,
frame_ms,0.3181,
frame_ms,0.3433,
frame_ms,0.583,
frame_ms,0.3991,
frame_ms,0.3097,
frame_ms,0.2715,
frame_ms,0.2568,
frame_ms,0.2523,
frame_ms,0.2673,
frame_ms,0.2929,
frame_ms,0.3083,
frame_ms,0.2445,
frame_ms,0.2685,
frame_ms,0.294,
frame_ms,0.3322,
frame_ms,0.5766,
frame_ms,0.3353,
frame_ms,0.2944,
frame_ms,0.2471,
frame_ms,0.2423,
frame_ms,0.2879,
frame_ms,0.288,
frame_ms,0.2788,
frame_ms,0.2958,
frame_ms,0.2889,
frame_ms,0.2976,
frame_ms,0.2916,
frame_ms,0.4238,
frame_ms,0.5388,
frame_ms,0.3016,
frame_ms,0.2662,
frame_ms,0.2862,
frame_ms,0.283,
frame_ms,0.3031,
frame_ms,0.2949,
frame_ms,0.2905,
frame_ms,0.2931,
frame_ms,0.2983,
frame_ms,0.2826,
frame_ms,0.3194,
frame_ms,0.3934,
frame_ms,0.487,
frame_ms,0.2769,
frame_ms,0.3193,
frame_ms,0.2788,
frame_ms,0.2576,
frame_ms,0.273,
frame_ms,0.2899,
frame_ms,0.2924,
frame_ms,0.2901,
frame_ms,0.2863,
frame_ms,0.3101,
frame_ms,0.8204,
frame_ms,0.4217,
frame_ms,0.3231,
frame_ms,0.2688,
frame_ms,0.2555,
frame_ms,0.2459,
frame_ms,0.2473,
frame_ms,0.2375,
frame_ms,0.2336,
frame_ms,0.263,
frame_ms,0.2454,
frame_ms,0.265,
frame_ms,0.2954,
frame_ms,0.3437,
frame_ms,0.3508,
frame_ms,0.3513,
frame_ms,0.432,
frame_ms,0.2945,
frame_ms,0.2858,
frame_ms,0.3008,
frame_ms,0.2836,
frame_ms,0.2922,
frame_ms,0.298,
frame_ms,0.2839,
frame_ms,0.2847,
frame_ms,0.2878,
frame_ms,0.3515,
frame_ms,0.4092,
frame_ms,0.3783,
frame_ms,0.3661,
frame_ms,0.29,
frame_ms,0.3064,
frame_ms,0.2583,
frame_ms,0.2798,
frame_ms,0.2755,
frame_ms,0.2896,
frame_ms,0.2904,
frame_ms,0.296,
frame_ms,0.2858,
frame_ms,0.2993,
frame_ms,0.3118,
frame_ms,0.3215,
frame_ms,0.3091,
frame_ms,0.557,
frame_ms,0.2825,
frame_ms,0.2824,
frame_ms,0.279,
frame_ms,0.3011,
frame_ms,0.2898,
frame_ms,0.5458,
frame_ms,0.3357,
frame_ms,0.274,
frame_ms,0.293,
frame_ms,0.3043,
frame_ms,0.2568,
frame_ms,0.4998,
frame_ms,0.2564,
frame_ms,0.2767,
frame_ms,0.2726,
frame_ms,0.2943,
frame_ms,0.2915,
frame_ms,0.3001,
frame_ms,0.292,
frame_ms,0.2904,
frame_ms,0.2884,
frame_ms,0.2923,
frame_ms,0.3108,
frame_ms,0.3839,
frame_ms,0.5975,
frame_ms,0.3215,
frame_ms,0.2685,
frame_ms,0.2978,
frame_ms,0.2813,
frame_ms,0.2577,
frame_ms,0.2952,
frame_ms,0.3144,
frame_ms,0.2783,
frame_ms,0.3003,
frame_ms,0.2772,
frame_ms,0.3115,
frame_ms,0.3006,
frame_ms,0.588,
frame_ms,0.2801,
frame_ms,0.3034,
frame_ms,0.2828,
frame_ms,0.2881,
frame_ms,0.2906,
frame_ms,0.3079,
frame_ms,0.2868,
frame_ms,0.299,
frame_ms,0.2903,
frame_ms,0.2859,
frame_ms,0.3396,
frame_ms,0.3168,
frame_ms,0.5752,
frame_ms,0.2825,
frame_ms,0.262,
frame_ms,0.3142,
frame_ms,0.2582,
frame_ms,0.2978,
frame_ms,0.2934,
frame_ms,0.9843,
frame_ms,0.3406,
frame_ms,0.3341,
frame_ms,0.2589,
frame_ms,0.2441,
frame_ms,0.2451,
frame_ms,0.2986,
frame_ms,0.2754,
frame_ms,0.2649,
frame_ms,0.2577,
frame_ms,0.2408,
frame_ms,0.2386,
frame_ms,0.3189,
frame_ms,0.2705,
frame_ms,0.2999,
frame_ms,0.2895,
frame_ms,0.2939,
frame_ms,0.3039,
frame_ms,0.409,
frame_ms,0.5015,
frame_ms,0.2991,
frame_ms,0.2901,
frame_ms,0.2888,
frame_ms,0.2811,
frame_ms,0.2892,
frame_ms,0.2932,
frame_ms,0.3085,
frame_ms,0.302,
frame_ms,0.3112,
frame_ms,0.2988,
frame_ms,0.3582,
frame_ms,0.2821,
frame_ms,0.3653,
frame_ms,0.4866,
frame_ms,0.2778,
frame_ms,0.296,
frame_ms,0.3041,
frame_ms,0.2983,
frame_ms,0.2934,
frame_ms,0.3211,
frame_ms,0.2837,
frame_ms,0.2897,
frame_ms,0.3027,
frame_ms,0.3391,
frame_ms,0.3324,
frame_ms,0.9285,
frame_ms,0.5551,
frame_ms,0.3223,
frame_ms,0.3312,
frame_ms,0.2652,
frame_ms,0.2981,
frame_ms,0.2493,
frame_ms,0.2858,
frame_ms,0.2515,
frame_ms,0.3232,
frame_ms,0.3177,
frame_ms,0.2929,
frame_ms,0.4381,
frame_ms,0.3077,
frame_ms,0.3258,
frame_ms,0.3077,
frame_ms,0.2928,
frame_ms,0.2977,
frame_ms,0.3323,
frame_ms,0.3219,
frame_ms,0.3081,
frame_ms,0.2962,
frame_ms,0.3512,
frame_ms,0.2974,
frame_ms,0.7179,
frame_ms,0.3042,
frame_ms,0.2941,
frame_ms,0.2989,
frame_ms,0.3074,
frame_ms,0.3168,
frame_ms,0.2859,
frame_ms,0.3216,
frame_ms,0.2952,
frame_ms,0.317,
frame_ms,0.3536,
frame_ms,0.3792,
frame_ms,0.6294,
frame_ms,0.3034,
frame_ms,0.2875,
frame_ms,0.3096,
frame_ms,0.3226,
frame_ms,0.2887,
frame_ms,0.316,
frame_ms,0.3068,
frame_ms,0.3206,
frame_ms,0.3047,
frame_ms,0.3053,
frame_ms,0.897,
frame_ms,0.3494,
frame_ms,0.2877,
frame_ms,0.3305,
frame_ms,0.2689,
frame_ms,0.2495,
frame_ms,0.2883,
frame_ms,0.2704,
frame_ms,0.3276,
frame_ms,0.2617,
frame_ms,0.3054,
frame_ms,0.3642,
frame_ms,0.2847,
frame_ms,0.5997,
frame_ms,0.29,
frame_ms,0.2995,
frame_ms,0.3346,
frame_ms,0.2865,
frame_ms,0.2958,
frame_ms,0.3077,
frame_ms,0.3194,
frame_ms,0.3203,
frame_ms,0.3087,
frame_ms,0.311,
frame_ms,0.3088,
frame_ms,0.3422,
frame_ms,0.5705,
frame_ms,0.2799,
frame_ms,0.3463,
frame_ms,0.3065,
frame_ms,0.31,
frame_ms,0.3028,
frame_ms,0.2866,
frame_ms,0.3046,
frame_ms,0.3216,
frame_ms,0.2779,
frame_ms,0.3468,
frame_ms,0.2722,
frame_ms,0.3181,
frame_ms,0.5598,
frame_ms,0.3166,
frame_ms,0.3206,
frame_ms,0.2977,
frame_ms,0.3087,
frame_ms,0.3333,
frame_ms,0.2842,
frame_ms,0.2893,
frame_ms,0.327,
frame_ms,0.4745,
frame_ms,0.3278,
frame_ms,0.2698,
frame_ms,0.5049,
frame_ms,0.2905,
frame_ms,0.2825,
frame_ms,0.3232,
frame_ms,0.2924,
frame_ms,0.3273,
frame_ms,0.3052,
frame_ms,0.3141,
frame_ms,0.2997,
frame_ms,0.3206,
frame_ms,0.3033,
frame_ms,0.32,
frame_ms,0.357,
frame_ms,0.5714,
frame_ms,0.3098,
frame_ms,0.3076,
frame_ms,0.3069,
frame_ms,0.3317,
frame_ms,0.2935,
frame_ms,0.3455,
frame_ms,0.2599,
frame_ms,0.3213,
frame_ms,0.3091,
frame_ms,0.3329,
frame_ms,0.2951,
frame_ms,0.3174,
frame_ms,0.6296,
frame_ms,0.2565,
frame_ms,0.3086,
frame_ms,0.2843,
frame_ms,0.3084,
frame_ms,0.3049,
frame_ms,0.2954,
frame_ms,0.309,
frame_ms,0.2927,
frame_ms,0.3116,
frame_ms,0.3347,
frame_ms,0.3032,
frame_ms,0.5705,
frame_ms,0.327,
frame_ms,0.3126,
frame_ms,0.2937,
frame_ms,0.2906,
frame_ms,0.2936,
frame_ms,0.3085,
frame_ms,0.3081,
frame_ms,1.3409,
frame_ms,0.4077,
frame_ms,0.3332,
frame_ms,0.2941,
frame_ms,0.2664,
frame_ms,0.2531,
frame_ms,0.2446,
frame_ms,0.2413,
frame_ms,0.2433,
frame_ms,0.2491,
frame_ms,0.2546,
frame_ms,0.2481,
frame_ms,0.2492,
frame_ms,0.2506,
frame_ms,0.3161,
frame_ms,0.3473,
frame_ms,0.552,
frame_ms,0.2934,
frame_ms,0.3114,
frame_ms,0.2951,
frame_ms,0.2896,
frame_ms,0.3056,
frame_ms,0.2899,
frame_ms,0.3134,
frame_ms,0.2802,
frame_ms,0.3029,
frame_ms,0.2905,
frame_ms,0.3266,
frame_ms,0.3053,
frame_ms,0.6936,
frame_ms,0.291,
frame_ms,0.3034,
frame_ms,0.29,
frame_ms,0.3274,
frame_ms,0.2985,
frame_ms,0.3033,
frame_ms,0.3505,
frame_ms,0.299,
frame_ms,0.3017,
frame_ms,0.4064,
frame_ms,0.4248,
frame_ms,0.5958,
frame_ms,0.3127,
frame_ms,0.2754,
frame_ms,0.3696,
frame_ms,0.2678,
frame_ms,0.312,
frame_ms,0.3048,
frame_ms,0.3118,
frame_ms,0.3032,
frame_ms,0.2891,
frame_ms,0.3689,
frame_ms,0.322,
frame_ms,0.6572,
frame_ms,0.3227,
frame_ms,0.3552,
frame_ms,0.259,
frame_ms,0.3205,
frame_ms,0.3176,
frame_ms,0.3209,
frame_ms,0.3236,
frame_ms,0.3264,
frame_ms,0.3116,
frame_ms,0.3597,
frame_ms,0.3809,
frame_ms,0.619,
frame_ms,0.3036,
frame_ms,0.3007,
frame_ms,0.285,
frame_ms,0.3132,
frame_ms,0.2909,
frame_ms,0.299,
frame_ms,0.2916,
frame_ms,0.3203,
frame_ms,0.3102,
frame_ms,0.3458,
frame_ms,0.2999,
frame_ms,0.295,
frame_ms,0.5856,
frame_ms,0.3211,
frame_ms,0.2411,
frame_ms,0.3078,
frame_ms,0.3205,
frame_ms,0.3076,
frame_ms,0.3263,
frame_ms,0.312,
frame_ms,0.2867,
frame_ms,0.3048,
frame_ms,0.3052,
frame_ms,0.4295,
frame_ms,0.6107,
frame_ms,0.3094,
frame_ms,0.3154,
frame_ms,0.2749,
frame_ms,0.2779,
frame_ms,0.3124,
frame_ms,0.2951,
frame_ms,0.3536,
frame_ms,0.263,
frame_ms,0.2938,
frame_ms,0.3041,
frame_ms,0.3027,
frame_ms,0.3106,
frame_ms,0.5832,
frame_ms,0.3027,
frame_ms,0.2931,
frame_ms,0.2927,
frame_ms,0.313,
frame_ms,0.297,
frame_ms,0.3063,
frame_ms,0.2838,
frame_ms,0.294,
frame_ms,0.3048,
frame_ms,0.3519,
frame_ms,0.2745,
frame_ms,0.2905,
frame_ms,0.5692,
frame_ms,0.3253,
frame_ms,0.3234,
frame_ms,0.2752,
frame_ms,0.2768,
frame_ms,0.2817,
frame_ms,0.2911,
frame_ms,0.2966,
frame_ms,0.2976,
frame_ms,0.3121,
frame_ms,0.3555,
frame_ms,0.2987,
frame_ms,0.3481,
frame_ms,0.5485,
frame_ms,0.3709,
frame_ms,0.2974,
frame_ms,0.2639,
frame_ms,0.2489,
frame_ms,0.3138,
frame_ms,0.3065,
frame_ms,0.3261,
frame_ms,0.3051,
frame_ms,0.2823,
frame_ms,0.5277,
frame_ms,0.3865,
frame_ms,0.3757,
frame_ms,0.2986,
frame_ms,0.2711,
frame_ms,0.307,
frame_ms,0.289,
frame_ms,0.2899,
frame_ms,0.3045,
frame_ms,0.2912,
frame_ms,0.3003,
frame_ms,0.2967,
frame_ms,0.3161,
frame_ms,0.3333,
frame_ms,0.3772,
frame_ms,0.5833,
frame_ms,0.32,
frame_ms,0.2567,
frame_ms,0.287,
frame_ms,0.2969,
frame_ms,0.2861,
frame_ms,0.3122,
frame_ms,0.3349,
frame_ms,0.2716,
frame_ms,0.2717,
frame_ms,0.296,
frame_ms,0.3348,
frame_ms,0.3306,
frame_ms,0.5304,
frame_ms,0.3483,
frame_ms,0.2887,
frame_ms,0.2917,
frame_ms,0.316,
frame_ms,0.3017,
frame_ms,0.3111,
frame_ms,0.2948,
frame_ms,0.3159,
frame_ms,0.2973,
frame_ms,0.3895,
frame_ms,0.4323,
frame_ms,0.3476,
frame_ms,0.3434,
frame_ms,0.3197,
frame_ms,0.3098,
frame_ms,0.2631,
frame_ms,0.2886,
frame_ms,0.6426,
frame_ms,0.3791,
frame_ms,0.318,
frame_ms,0.3136,
frame_ms,0.3631,
frame_ms,0.333,
frame_ms,0.4532,
frame_ms,0.3491,
frame_ms,0.2683,
frame_ms,0.2506,
frame_ms,0.2611,
frame_ms,0.2333,
frame_ms,0.2285,
frame_ms,0.2732,
frame_ms,0.2798,
frame_ms,0.2997,
frame_ms,0.31,
frame_ms,0.2919,
frame_ms,0.3896,
frame_ms,0.3927,
frame_ms,0.4403,
frame_ms,0.3234,
frame_ms,0.2652,
frame_ms,0.2922,
frame_ms,0.3069,
frame_ms,0.2976,
frame_ms,0.3163,
frame_ms,0.2663,
frame_ms,0.3111,
frame_ms,0.2778,
frame_ms,0.3083,
frame_ms,0.3277,
frame_ms,0.2987,
frame_ms,0.5975,
frame_ms,0.3252,
frame_ms,0.2945,
frame_ms,0.3061,
frame_ms,0.2922,
frame_ms,0.3002,
frame_ms,0.2997,
frame_ms,0.327,
frame_ms,0.2848,
frame_ms,0.3269,
frame_ms,0.3031,
frame_ms,0.2937,
frame_ms,0.5955,
frame_ms,0.2663,
frame_ms,0.3044,
frame_ms,0.3482,
frame_ms,0.4406,
frame_ms,0.38,
frame_ms,0.2839,
frame_ms,0.2732,
frame_ms,0.2833,
frame_ms,0.2597,
frame_ms,0.2605,
frame_ms,0.2711,
frame_ms,0.3111,
frame_ms,0.6555,
frame_ms,0.2804,
frame_ms,0.3161,
frame_ms,0.2702,
frame_ms,0.3402,
frame_ms,0.2763,
frame_ms,0.3135,
frame_ms,0.2964,
frame_ms,0.3048,
frame_ms,0.2821,
frame_ms,0.2924,
frame_ms,0.3207,
frame_ms,0.3792,
frame_ms,0.4996,
frame_ms,0.3063,
frame_ms,0.2949,
frame_ms,0.2917,
frame_ms,0.287,
frame_ms,0.2978,
frame_ms,0.2875,
frame_ms,0.2991,
frame_ms,0.2967,
frame_ms,0.3199,
frame_ms,0.2777,
frame_ms,0.3351,
frame_ms,0.3781,
frame_ms,0.5697,
frame_ms,0.3046,
frame_ms,0.2566,
frame_ms,0.2698,
frame_ms,0.3243,
frame_ms,0.2472,
frame_ms,0.297,
frame_ms,0.289,
frame_ms,0.314,
frame_ms,0.3022,
frame_ms,0.3156,
frame_ms,0.3195,
frame_ms,0.3093,
frame_ms,1.0689,
frame_ms,0.353,
frame_ms,0.2641,
frame_ms,0.2422,
frame_ms,0.2533,
frame_ms,0.2935,
frame_ms,0.2563,
frame_ms,0.2567,
frame_ms,0.2467,
frame_ms,0.2632,
frame_ms,0.2339,
frame_ms,0.2547,
frame_ms,0.6514,
frame_ms,0.3325,
frame_ms,0.2841,
frame_ms,0.3136,
frame_ms,0.2777,
frame_ms,0.302,
frame_ms,0.3203,
frame_ms,0.2919,
frame_ms,0.2885,
frame_ms,0.3119,
frame_ms,0.2847,
frame_ms,0.3318,
frame_ms,0.3912,
frame_ms,0.5356,
frame_ms,0.3392,
frame_ms,0.3326,
frame_ms,0.263,
frame_ms,0.2377,
frame_ms,0.2902,
frame_ms,0.2833,
frame_ms,0.3076,
frame_ms,0.3107,
frame_ms,0.2799,
frame_ms,0.3042,
frame_ms,0.3207,
frame_ms,0.3437,
frame_ms,0.5743,
frame_ms,0.3652,
frame_ms,0.2668,
frame_ms,0.2749,
frame_ms,0.3062,
frame_ms,0.2883,
frame_ms,0.311,
frame_ms,0.2943,
frame_ms,0.304,
frame_ms,0.2894,
frame_ms,0.3291,
frame_ms,0.3566,
frame_ms,0.4214,
frame_ms,0.4572,
frame_ms,0.2982,
frame_ms,0.2671,
frame_ms,0.301,
frame_ms,0.3148,
frame_ms,0.3009,
frame_ms,0.2931,
frame_ms,0.3034,
frame_ms,0.3094,
frame_ms,0.2878,
frame_ms,0.3341,
frame_ms,0.3309,
frame_ms,0.5246,
frame_ms,0.3043,
frame_ms,0.306,
frame_ms,0.2921,
frame_ms,0.3108,
frame_ms,0.2933,
frame_ms,0.3137,
frame_ms,0.3116,
frame_ms,0.2837,
frame_ms,0.2946,
frame_ms,0.3044,
frame_ms,0.3625,
frame_ms,0.2973,
frame_ms,0.5615,
frame_ms,0.2872,
frame_ms,0.2633,
frame_ms,0.3225,
frame_ms,0.2722,
frame_ms,0.3062,
frame_ms,0.2987,
frame_ms,0.2986,
frame_ms,0.2938,
frame_ms,0.3155,
frame_ms,0.2917,
frame_ms,0.379,
frame_ms,0.3121,
frame_ms,0.606,
frame_ms,0.3208,
frame_ms,0.2982,
frame_ms,0.2557,
frame_ms,0.3447,
frame_ms,0.2608,
frame_ms,0.2928,
frame_ms,0.2871,
frame_ms,0.2987,
frame_ms,0.8794,
frame_ms,0.3969,
frame_ms,0.3086,
frame_ms,0.3415,
frame_ms,0.2979,
frame_ms,0.2718,
frame_ms,0.2821,
frame_ms,0.2771,
frame_ms,0.2724,
frame_ms,0.2659,
frame_ms,0.2461,
frame_ms,0.2446,
frame_ms,0.2482,
frame_ms,0.2906,
frame_ms,0.3667,
frame_ms,0.3895,
frame_ms,0.3472,
frame_ms,0.301,
frame_ms,0.3119,
frame_ms,0.2748,
frame_ms,0.25,
frame_ms,0.2934,
frame_ms,0.2979,
frame_ms,0.3054,
frame_ms,0.3217,
frame_ms,0.3162,
frame_ms,0.2962,
frame_ms,0.3955,
frame_ms,0.3282,
frame_ms,0.3154,
frame_ms,0.4616,
frame_ms,0.3385,
frame_ms,0.2643,
frame_ms,0.2774,
frame_ms,0.2793,
frame_ms,0.3106,
frame_ms,0.2806,
frame_ms,0.3299,
frame_ms,0.2582,
frame_ms,0.3274,
frame_ms,0.2779,
frame_ms,0.3258,
frame_ms,0.3547,
frame_ms,0.5274,
frame_ms,0.284,
frame_ms,0.29,
frame_ms,0.2997,
frame_ms,0.3047,
frame_ms,0.9959,
frame_ms,0.3441,
frame_ms,0.2604,
frame_ms,0.2822,
frame_ms,0.265,
frame_ms,0.293,
frame_ms,0.2535,
frame_ms,0.353,
frame_ms,0.2645,
frame_ms,0.3005,
frame_ms,0.2507,
frame_ms,0.2423,
frame_ms,0.2348,
frame_ms,0.2361,
frame_ms,0.2433,
frame_ms,0.3382,
frame_ms,0.271,
frame_ms,0.2873,
frame_ms,0.3276,
frame_ms,0.2811,
frame_ms,0.3142,
frame_ms,0.5484,
frame_ms,0.2684,
frame_ms,0.2849,
frame_ms,0.2989,
frame_ms,0.3291,
frame_ms,0.2817,
frame_ms,0.3088,
frame_ms,0.2791,
frame_ms,0.299,
frame_ms,0.2765,
frame_ms,0.2972,
frame_ms,0.3053,
frame_ms,0.3685,
frame_ms,0.519,
frame_ms,0.3163,
frame_ms,0.2601,
frame_ms,0.273,
frame_ms,0.3156,
frame_ms,0.2574,
frame_ms,0.2959,
frame_ms,0.2958,
frame_ms,0.2816,
frame_ms,0.2875,
frame_ms,0.2758,
frame_ms,0.3667,
frame_ms,0.3593,
frame_ms,0.4925,
frame_ms,0.3122,
frame_ms,0.5017,
frame_ms,0.2944,
frame_ms,0.2513,
frame_ms,0.2448,
frame_ms,0.3498,
frame_ms,0.3225,
frame_ms,0.2669,
frame_ms,0.254,
frame_ms,0.2496,
frame_ms,0.2735,
frame_ms,0.3295,
frame_ms,0.2871,
frame_ms,0.3787,
frame_ms,0.2992,
frame_ms,0.2856,
frame_ms,0.2839,
frame_ms,0.5559,
frame_ms,0.2924,
frame_ms,0.2678,
frame_ms,0.2433,
frame_ms,0.2454,
frame_ms,0.2422,
frame_ms,0.2778,
frame_ms,0.2655,
frame_ms,0.2967,
frame_ms,0.6032,
frame_ms,0.2777,
frame_ms,0.309,
frame_ms,0.2758,
frame_ms,0.3281,
frame_ms,0.2619,
frame_ms,0.2811,
frame_ms,0.2863,
frame_ms,0.3144,
frame_ms,0.2817,
frame_ms,0.2745,
frame_ms,0.338,
frame_ms,0.3484,
frame_ms,0.5236,
frame_ms,0.3128,
frame_ms,0.3628,
frame_ms,0.3001,
frame_ms,0.29,
frame_ms,0.2556,
frame_ms,0.2517,
frame_ms,0.2578,
frame_ms,0.288,
frame_ms,0.2758,
frame_ms,0.2777,
frame_ms,0.362,
frame_ms,0.3129,
frame_ms,0.977,
frame_ms,0.3763,
frame_ms,0.3477,
frame_ms,0.3035,
frame_ms,0.2718,
frame_ms,0.2866,
frame_ms,0.2564,
frame_ms,0.2532,
frame_ms,0.2482,
frame_ms,0.2655,
frame_ms,0.2619,
frame_ms,0.2638,
frame_ms,0.2569,
frame_ms,0.3788,
frame_ms,0.3054,
frame_ms,0.2746,
frame_ms,0.3157,
frame_ms,0.2999,
frame_ms,0.2493,
frame_ms,0.3126,
frame_ms,0.2945,
frame_ms,0.2664,
frame_ms,0.3074,
frame_ms,0.2822,
frame_ms,0.3343,
frame_ms,0.3101,
frame_ms,0.621,
frame_ms,0.3132,
frame_ms,0.2526,
frame_ms,0.2982,
frame_ms,0.2825,
frame_ms,0.3157,
frame_ms,0.2823,
frame_ms,0.3011,
frame_ms,0.282,
frame_ms,0.335,
frame_ms,0.2718,
frame_ms,0.3288,
frame_ms,0.3119,
frame_ms,0.5548,
frame_ms,0.3017,
frame_ms,0.3142,
frame_ms,0.2664,
frame_ms,0.2756,
frame_ms,0.2897,
frame_ms,0.3098,
frame_ms,0.2702,
frame_ms,0.2897,
frame_ms,0.3064,
frame_ms,0.2844,
frame_ms,1.1376,
frame_ms,0.3728,
frame_ms,0.2894,
frame_ms,0.2585,
frame_ms,0.2487,
frame_ms,0.2495,
frame_ms,0.2478,
frame_ms,0.2411,
frame_ms,0.2379,
frame_ms,0.2437,
frame_ms,0.2828,
frame_ms,0.2564,
frame_ms,0.2432,
frame_ms,0.3082,
frame_ms,0.3091,
frame_ms,0.5614,
frame_ms,0.3224,
frame_ms,0.2425,
frame_ms,0.2994,
frame_ms,0.2965,
frame_ms,0.2878,
frame_ms,0.3027,
frame_ms,0.281,
frame_ms,0.3219,
frame_ms,0.288,
frame_ms,0.2862,
frame_ms,0.3054,
frame_ms,0.3616,
frame_ms,0.5207,
frame_ms,0.3172,
frame_ms,0.2816,
frame_ms,0.3105,
frame_ms,0.284,
frame_ms,0.3136,
frame_ms,0.2726,
frame_ms,0.3234,
frame_ms,0.2586,
frame_ms,0.319,
frame_ms,0.2845,
frame_ms,0.3171,
frame_ms,0.3551,
frame_ms,0.5285,
frame_ms,0.299,
frame_ms,0.299,
frame_ms,0.2958,
frame_ms,0.2857,
frame_ms,0.3151,
frame_ms,0.3138,
frame_ms,0.3786,
frame_ms,0.3092,
frame_ms,0.2681,
frame_ms,0.3325,
frame_ms,0.3282,
frame_ms,0.3561,
frame_ms,0.4469,
frame_ms,0.3099,
frame_ms,0.3191,
frame_ms,0.279,
frame_ms,0.2915,
frame_ms,0.3158,
frame_ms,0.3192,
frame_ms,0.2857,
frame_ms,0.2964,
frame_ms,0.2855,
frame_ms,0.29,
frame_ms,0.3226,
frame_ms,0.3009,
frame_ms,0.5867,
frame_ms,0.2954,
frame_ms,0.2893,
frame_ms,0.2889,
frame_ms,0.3133,
frame_ms,0.2942,
frame_ms,0.3139,
frame_ms,0.2937,
frame_ms,0.3021,
frame_ms,0.2981,
frame_ms,0.3287,
frame_ms,0.3324,
frame_ms,0.4498,
frame_ms,0.4084,
frame_ms,0.2854,
frame_ms,0.2801,
frame_ms,0.2914,
frame_ms,0.2893,
frame_ms,0.3139,
frame_ms,0.289,
frame_ms,0.3026,
frame_ms,0.2854,
frame_ms,0.3001,
frame_ms,0.2835,
frame_ms,0.3428,
frame_ms,0.3123,
frame_ms,0.5507,
frame_ms,0.2926,
frame_ms,0.3046,
frame_ms,0.4573,
frame_ms,0.3305,
frame_ms,0.2768,
frame_ms,0.2845,
frame_ms,0.2635,
frame_ms,0.2539,
frame_ms,0.2996,
frame_ms,0.3136,
frame_ms,0.3126,
frame_ms,0.3162,
frame_ms,0.5447,
frame_ms,0.2795,
frame_ms,0.2908,
frame_ms,0.2984,
frame_ms,0.2845,
frame_ms,0.3091,
frame_ms,0.2852,
frame_ms,0.2863,
frame_ms,0.2747,
frame_ms,0.2892,
frame_ms,0.3327,
frame_ms,0.2853,
frame_ms,0.3248,
frame_ms,0.5103,
frame_ms,0.2961,
frame_ms,0.2982,
frame_ms,0.2707,
frame_ms,0.2961,
frame_ms,0.3028,
frame_ms,0.2909,
frame_ms,0.2979,
frame_ms,0.2923,
frame_ms,0.3051,
frame_ms,0.2849,
frame_ms,0.3407,
frame_ms,0.3094,
frame_ms,0.556,
frame_ms,0.2865,
frame_ms,0.2866,
frame_ms,0.2906,
frame_ms,0.279,
frame_ms,0.2901,
frame_ms,0.2827,
frame_ms,0.2985,
frame_ms,0.2944,
frame_ms,0.287,
frame_ms,0.2981,
frame_ms,0.3152,
frame_ms,0.3368,
frame_ms,0.9841,
frame_ms,0.3531,
frame_ms,0.3267,
frame_ms,0.257,
frame_ms,0.2547,
frame_ms,0.2489,
frame_ms,0.3088,
frame_ms,0.2558,
frame_ms,0.3148,
frame_ms,0.2974,
frame_ms,0.2915,
frame_ms,0.339,
frame_ms,0.3313,
frame_ms,0.2673,
frame_ms,0.254,
frame_ms,0.2838,
frame_ms,0.2602,
frame_ms,0.2965,
frame_ms,0.2896,
frame_ms,0.2951,
frame_ms,0.331,
frame_ms,0.2704,
frame_ms,0.2936,
frame_ms,0.2863,
frame_ms,0.3522,
frame_ms,0.3026,
frame_ms,0.6504,
frame_ms,0.2977,
frame_ms,0.2879,
frame_ms,0.2795,
frame_ms,0.3072,
frame_ms,0.281,
frame_ms,0.291,
frame_ms,0.286,
frame_ms,0.2977,
frame_ms,0.2755,
frame_ms,0.2966,
frame_ms,0.339,
frame_ms,0.3412,
frame_ms,0.545,
frame_ms,0.2971,
frame_ms,0.3245,
frame_ms,0.2623,
frame_ms,0.2738,
frame_ms,0.3641,
frame_ms,0.2707,
frame_ms,0.2514,
frame_ms,0.3363,
frame_ms,0.2532,
frame_ms,0.2342,
frame_ms,0.5878,
frame_ms,0.3089,
frame_ms,0.3914,
frame_ms,0.3175,
frame_ms,0.2949,
frame_ms,0.2629,
frame_ms,0.2679,
frame_ms,0.2929,
frame_ms,0.2984,
frame_ms,0.2889,
frame_ms,0.3024,
frame_ms,0.3129,
frame_ms,0.2711,
frame_ms,0.3509,
frame_ms,0.4452,
frame_ms,0.4828,
frame_ms,0.2909,
frame_ms,0.2534,
frame_ms,0.2773,
frame_ms,0.284,
frame_ms,0.2995,
frame_ms,0.3155,
frame_ms,0.2984,
frame_ms,0.2727,
frame_ms,0.2939,
frame_ms,0.2837,
frame_ms,0.3459,
frame_ms,0.3177,
frame_ms,0.5981,
frame_ms,0.2753,
frame_ms,0.2729,
frame_ms,0.2884,
frame_ms,0.3037,
frame_ms,0.2988,
frame_ms,0.3039,
frame_ms,0.3246,
frame_ms,0.2973,
frame_ms,0.2861,
frame_ms,0.3014,
frame_ms,0.3154,
frame_ms,0.3314,
frame_ms,0.5556,
frame_ms,0.2886,
frame_ms,0.2916,
frame_ms,0.3289,
frame_ms,0.2519,
frame_ms,0.3324,
frame_ms,0.2768,
frame_ms,0.2773,
frame_ms,0.303,
frame_ms,0.7431,
frame_ms,0.3895,
frame_ms,0.3494,
frame_ms,0.2868,
frame_ms,0.2705,
frame_ms,0.2486,
frame_ms,0.2664,
frame_ms,0.2365,
frame_ms,0.2801,
frame_ms,0.2664,
frame_ms,0.3022,
frame_ms,0.2869,
frame_ms,0.3107,
frame_ms,0.2799,
frame_ms,0.2843,
frame_ms,0.3205,
frame_ms,0.4083,
frame_ms,0.437,
frame_ms,0.2866,
frame_ms,0.2905,
frame_ms,0.2844,
frame_ms,0.2903,
frame_ms,0.301,
frame_ms,0.311,
frame_ms,0.2744,
frame_ms,0.3059,
frame_ms,0.31,
frame_ms,0.2852,
frame_ms,0.3541,
frame_ms,0.3849,
frame_ms,0.5105,
frame_ms,0.2927,
frame_ms,0.3114,
frame_ms,0.2794,
frame_ms,0.294,
frame_ms,0.2844,
frame_ms,0.3014,
frame_ms,0.2974,
frame_ms,0.2967,
frame_ms,0.2905,
frame_ms,0.296,
frame_ms,0.362,
frame_ms,0.3945,
frame_ms,0.4721,
frame_ms,0.3278,
frame_ms,0.2668,
frame_ms,0.2473,
frame_ms,0.2873,
frame_ms,1.6915,
frame_ms,0.389,
frame_ms,0.2753,
frame_ms,0.2583,
frame_ms,0.2651,
frame_ms,0.3293,
frame_ms,0.2609,
frame_ms,0.2379,
frame_ms,0.2778,
frame_ms,0.235,
frame_ms,0.2608,
frame_ms,0.2498,
frame_ms,0.2637,
frame_ms,0.278,
frame_ms,0.3353,
frame_ms,0.2643,
frame_ms,0.3278,
frame_ms,0.2645,
frame_ms,0.2996,
frame_ms,0.5726,
frame_ms,0.2921,
frame_ms,0.3185,
frame_ms,0.2859,
frame_ms,0.2664,
frame_ms,0.2877,
frame_ms,0.3011,
frame_ms,0.3085,
frame_ms,0.2912,
frame_ms,0.2892,
frame_ms,0.3792,
frame_ms,0.2918,
frame_ms,0.2574,
frame_ms,0.5437,
frame_ms,0.3088,
frame_ms,0.2569,
frame_ms,0.3865,
frame_ms,0.2717,
frame_ms,0.2552,
frame_ms,0.2959,
frame_ms,0.2914,
frame_ms,0.3268,
frame_ms,0.275,
frame_ms,0.282,
frame_ms,0.314,
frame_ms,0.3654,
frame_ms,0.572,
frame_ms,0.3819,
frame_ms,0.2797,
frame_ms,0.2469,
frame_ms,0.2578,
frame_ms,0.261,
frame_ms,0.2895,
frame_ms,0.297,
frame_ms,0.2865,
frame_ms,0.3025,
frame_ms,0.3041,
frame_ms,0.3089,
frame_ms,0.3231,
frame_ms,0.5285,
frame_ms,0.2888,
frame_ms,0.2939,
frame_ms,0.3024,
frame_ms,0.3438,
frame_ms,0.2816,
frame_ms,0.2623,
frame_ms,0.3343,
frame_ms,0.2742,
frame_ms,0.3137,
frame_ms,0.2612,
frame_ms,0.2985,
frame_ms,0.3672,
frame_ms,0.5945,
frame_ms,0.3271,
frame_ms,0.2901,
frame_ms,0.2808,
frame_ms,0.2747,
frame_ms,0.296,
frame_ms,0.2935,
frame_ms,0.3031,
frame_ms,0.2876,
frame_ms,0.301,
frame_ms,0.2889,
frame_ms,0.3364,
frame_ms,0.4297,
frame_ms,0.4601,
frame_ms,0.287,
frame_ms,0.3134,
frame_ms,0.2474,
frame_ms,0.2955,
frame_ms,0.2789,
frame_ms,0.2998,
frame_ms,0.3332,
frame_ms,0.2471,
frame_ms,0.2855,
frame_ms,0.3047,
frame_ms,0.8602,
frame_ms,0.4392,
frame_ms,0.3526,
frame_ms,0.3005,
frame_ms,0.284,
frame_ms,0.2639,
frame_ms,0.2563,
frame_ms,0.249,
frame_ms,0.2439,
frame_ms,0.2406,
frame_ms,0.2359,
frame_ms,0.239,
frame_ms,0.2725,
frame_ms,0.3146,
frame_ms,0.3679,
frame_ms,0.5159,
frame_ms,0.3132,
frame_ms,0.2942,
frame_ms,0.2616,
frame_ms,0.2807,
frame_ms,0.2815,
frame_ms,0.289,
frame_ms,0.2991,
frame_ms,0.2998,
frame_ms,0.3047,
frame_ms,0.2743,
frame_ms,0.3184,
frame_ms,0.3246,
frame_ms,0.5589,
frame_ms,0.2894,
frame_ms,0.28,
frame_ms,0.2878,
frame_ms,0.2968,
frame_ms,0.3022,
frame_ms,0.2882,
frame_ms,0.3145,
frame_ms,0.2816,
frame_ms,0.2848,
frame_ms,0.2781,
frame_ms,0.315,
frame_ms,0.276,
frame_ms,0.6501,
frame_ms,0.2871,
frame_ms,0.3014,
frame_ms,0.2838,
frame_ms,0.3105,
frame_ms,0.5469,
frame_ms,0.3621,
frame_ms,0.2907,
frame_ms,0.2616,
frame_ms,0.2517,
frame_ms,0.2506,
frame_ms,0.2613,
frame_ms,0.2502,
frame_ms,0.4969,
frame_ms,0.2904,
frame_ms,0.2773,
frame_ms,0.3115,
frame_ms,0.2475,
frame_ms,0.293,
frame_ms,0.2977,
frame_ms,0.2897,
frame_ms,0.2841,
frame_ms,0.3081,
frame_ms,0.2811,
frame_ms,0.3038,
frame_ms,0.3711,
frame_ms,0.3269,
frame_ms,0.4618,
frame_ms,0.3146,
frame_ms,0.2543,
frame_ms,0.281,
frame_ms,0.2812,
frame_ms,0.2996,
frame_ms,0.2937,
frame_ms,0.2936,
frame_ms,0.286,
frame_ms,0.3253,
frame_ms,0.3255,
frame_ms,0.365,
frame_ms,0.32,
frame_ms,0.4159,
frame_ms,0.2731,
frame_ms,0.2849,
frame_ms,0.2914,
frame_ms,0.2935,
frame_ms,0.2852,
frame_ms,0.3005,
frame_ms,0.2918,
frame_ms,0.2966,
frame_ms,0.2831,
frame_ms,0.282,
frame_ms,0.2909,
frame_ms,0.3777,
frame_ms,0.5283,
frame_ms,0.3224,
frame_ms,0.2584,
frame_ms,0.2823,
frame_ms,0.315,
frame_ms,0.3121,
frame_ms,0.2801,
frame_ms,0.3209,
frame_ms,0.2601,
frame_ms,0.2921,
frame_ms,0.3099,
frame_ms,0.4593,
frame_ms,0.4889,
frame_ms,0.3444,
frame_ms,0.3186,
frame_ms,0.2959,
frame_ms,0.2641,
frame_ms,0.2729,
frame_ms,0.245,
frame_ms,0.2736,
frame_ms,0.2922,
frame_ms,0.2998,
frame_ms,0.2875,
frame_ms,0.2937,
frame_ms,0.2991,
frame_ms,0.3742,
frame_ms,0.6064,
frame_ms,0.3053,
frame_ms,0.2951,
frame_ms,0.2679,
frame_ms,0.2805,
frame_ms,0.3155,
frame_ms,0.286,
frame_ms,0.2884,
frame_ms,0.2863,
frame_ms,0.2876,
frame_ms,0.2819,
frame_ms,0.3069,
frame_ms,0.3159,
frame_ms,0.6547,
frame_ms,0.2848,
frame_ms,0.2501,
frame_ms,0.3025,
frame_ms,0.281,
frame_ms,0.2867,
frame_ms,0.2818,
frame_ms,0.2916,
frame_ms,0.2826,
frame_ms,0.2848,
frame_ms,0.2982,
frame_ms,0.3074,
frame_ms,0.3502,
frame_ms,0.3282,
frame_ms,0.5148,
frame_ms,0.5794,
frame_ms,0.4597,
frame_ms,0.4888,
frame_ms,0.2982,
frame_ms,0.2703,
frame_ms,0.2678,
frame_ms,0.2528,
frame_ms,0.2523,
frame_ms,0.26,
frame_ms,0.2487,
frame_ms,0.268,
frame_ms,0.2962,
frame_ms,0.3565,
frame_ms,0.2553,
frame_ms,0.292,
frame_ms,0.3462,
frame_ms,0.2414,
frame_ms,0.3085,
frame_ms,0.3257,
frame_ms,0.288,
frame_ms,0.2739,
frame_ms,0.3002,
frame_ms,0.3093,
frame_ms,0.4599,
frame_ms,0.487,
frame_ms,0.3167,
frame_ms,0.2787,
frame_ms,0.2901,
frame_ms,0.2796,
frame_ms,0.291,
frame_ms,0.2855,
frame_ms,0.2993,
frame_ms,0.2922,
frame_ms,0.2914,
frame_ms,0.2804,
frame_ms,0.3553,
frame_ms,0.3601,
frame_ms,0.5188,
frame_ms,0.2681,
frame_ms,0.2919,
frame_ms,0.3404,
frame_ms,0.2703,
frame_ms,0.2744,
frame_ms,0.286,
frame_ms,0.2775,
frame_ms,0.3029,
frame_ms,0.2816,
frame_ms,0.2957,
frame_ms,0.2881,
frame_ms,0.3173,
frame_ms,0.6672,
frame_ms,0.459,
frame_ms,0.3751,
frame_ms,0.3317,
frame_ms,0.289,
frame_ms,0.3013,
frame_ms,0.2656,
frame_ms,0.2935,
frame_ms,0.2494,
frame_ms,0.2404,
frame_ms,0.3169,
frame_ms,0.4043,
frame_ms,0.2684,
frame_ms,0.4168,
frame_ms,0.2702,
frame_ms,0.2977,
frame_ms,0.2892,
frame_ms,0.3099,
frame_ms,0.2897,
frame_ms,0.2965,
frame_ms,0.2852,
frame_ms,0.2985,
frame_ms,0.305,
frame_ms,0.3072,
frame_ms,0.3229,
frame_ms,0.3486,
frame_ms,0.5108,
frame_ms,0.2901,
frame_ms,0.273,
frame_ms,0.3034,
frame_ms,0.2869,
frame_ms,0.2997,
frame_ms,0.288,
frame_ms,0.3189,
frame_ms,0.2823,
frame_ms,0.3383,
frame_ms,0.2602,
frame_ms,0.3087,
frame_ms,0.2746,
frame_ms,0.6753,
frame_ms,0.2977,
frame_ms,0.2781,
frame_ms,0.2765,
frame_ms,0.2957,
frame_ms,0.2884,
frame_ms,0.2925,
frame_ms,0.2919,
frame_ms,0.2984,
frame_ms,0.3074,
frame_ms,0.2898,
frame_ms,0.7958,
frame_ms,0.4181,
frame_ms,0.293,
frame_ms,0.3081,
frame_ms,0.2676,
frame_ms,0.2521,
frame_ms,0.3406,
frame_ms,0.2606,
frame_ms,0.2407,
frame_ms,0.2924,
frame_ms,0.2489,
frame_ms,0.2474,
frame_ms,0.2457,
frame_ms,0.3114,
frame_ms,0.2627,
frame_ms,0.6763,
frame_ms,0.3057,
frame_ms,0.2599,
frame_ms,0.2906,
frame_ms,0.2867,
frame_ms,0.2865,
frame_ms,0.2937,
frame_ms,0.2962,
frame_ms,0.2912,
frame_ms,0.2899,
frame_ms,0.2963,
frame_ms,0.3603,
frame_ms,0.3602,
frame_ms,0.4614,
frame_ms,0.2914,
frame_ms,0.2837,
frame_ms,0.2869,
frame_ms,0.2832,
frame_ms,0.3669,
frame_ms,0.284,
frame_ms,0.2583,
frame_ms,0.3021,
frame_ms,0.2927,
frame_ms,0.4115,
frame_ms,0.3982,
frame_ms,0.3511,
frame_ms,0.4175,
frame_ms,0.2838,
frame_ms,0.3097,
frame_ms,0.324,
frame_ms,0.2904,
frame_ms,0.2546,
frame_ms,0.3015,
frame_ms,0.329,
frame_ms,0.3835,
frame_ms,0.3527,
frame_ms,0.4284,
frame_ms,0.3046,
frame_ms,0.355,
frame_ms,0.3194,
frame_ms,0.2774,
frame_ms,0.2911,
frame_ms,0.2968,
frame_ms,0.2881,
frame_ms,0.3245,
frame_ms,0.285,
frame_ms,0.2912,
frame_ms,0.286,
frame_ms,0.2982,
frame_ms,0.2918,
frame_ms,0.3548,
frame_ms,0.367,
frame_ms,0.5886,
frame_ms,0.3122,
frame_ms,0.2923,
frame_ms,0.2537,
frame_ms,0.3112,
frame_ms,0.2734,
frame_ms,0.3015,
frame_ms,0.2929,
frame_ms,0.2979,
frame_ms,0.3065,
frame_ms,0.328,
frame_ms,0.3231,
frame_ms,0.3316,
frame_ms,0.4906,
frame_ms,0.3056,
frame_ms,0.2755,
frame_ms,0.2903,
frame_ms,0.3006,
frame_ms,0.3039,
frame_ms,0.2863,
frame_ms,0.2993,
frame_ms,0.2927,
frame_ms,0.291,
frame_ms,0.402,
frame_ms,0.4106,
frame_ms,0.2831,
frame_ms,0.3713,
frame_ms,0.289,
frame_ms,0.2922,
frame_ms,0.3378,
frame_ms,0.2656,
frame_ms,0.2924,
frame_ms,0.5891,
frame_ms,0.3371,
frame_ms,0.2751,
frame_ms,0.2536,
frame_ms,0.2441,
frame_ms,0.3793,
frame_ms,0.3153,
frame_ms,0.2945,
frame_ms,0.2912,
frame_ms,0.2994,
frame_ms,0.3399,
frame_ms,0.2984,
frame_ms,0.2612,
frame_ms,0.2808,
frame_ms,0.3171,
frame_ms,0.2482,
frame_ms,0.2904,
frame_ms,0.2843,
frame_ms,0.3295,
frame_ms,0.3151,
frame_ms,0.5581,
frame_ms,0.2851,
frame_ms,0.2883,
frame_ms,0.2871,
frame_ms,0.3127,
frame_ms,0.2949,
frame_ms,0.3074,
frame_ms,0.292,
frame_ms,0.3076,
frame_ms,0.2887,
frame_ms,0.2929,
frame_ms,0.3604,
frame_ms,0.3258,
frame_ms,0.4903,
frame_ms,0.2892,
frame_ms,0.2895,
frame_ms,0.3104,
frame_ms,0.2857,
frame_ms,0.2928,
frame_ms,0.2783,
frame_ms,0.294,
frame_ms,0.299,
frame_ms,0.3521,
frame_ms,0.2749,
frame_ms,0.3063,
frame_ms,0.2575,
frame_ms,0.6014,
frame_ms,0.2883,
frame_ms,0.2814,
frame_ms,0.6022,
frame_ms,0.3168,
frame_ms,0.2805,
frame_ms,0.2526,
frame_ms,0.2429,
frame_ms,0.2344,
frame_ms,0.2327,
frame_ms,0.25,
frame_ms,0.3011,
frame_ms,0.3167,
frame_ms,0.5638,
frame_ms,0.2876,
frame_ms,0.2716,
frame_ms,0.2989,
frame_ms,0.2842,
frame_ms,0.2957,
frame_ms,0.2891,
frame_ms,0.2995,
frame_ms,0.283,
frame_ms,0.2898,
frame_ms,0.2755,
frame_ms,0.3267,
frame_ms,0.3861,
frame_ms,0.4714,
frame_ms,0.4384,
frame_ms,0.292,
frame_ms,0.2521,
frame_ms,0.2597,
frame_ms,0.2484,
frame_ms,0.2955,
frame_ms,0.2805,
frame_ms,0.3192,
frame_ms,0.2684,
frame_ms,0.2917,
frame_ms,0.3317,
frame_ms,0.3599,
frame_ms,0.2896,
frame_ms,0.4797,
frame_ms,0.291,
frame_ms,0.3183,
frame_ms,0.2893,
frame_ms,0.2958,
frame_ms,0.2852,
frame_ms,0.2906,
frame_ms,0.3039,
frame_ms,0.2964,
frame_ms,0.2823,
frame_ms,0.2999,
frame_ms,0.3089,
frame_ms,0.3466,
frame_ms,1.1342,
frame_ms,0.3717,
frame_ms,0.2622,
frame_ms,0.2613,
frame_ms,0.2711,
frame_ms,0.2473,
frame_ms,0.2548,
frame_ms,0.2501,
frame_ms,0.2514,
frame_ms,0.2674,
frame_ms,0.2864,
frame_ms,0.28,
frame_ms,0.4208,
frame_ms,0.3037,
frame_ms,0.2426,
frame_ms,0.2727,
frame_ms,0.2947,
frame_ms,0.2744,
frame_ms,0.2865,
frame_ms,0.3147,
frame_ms,0.2662,
frame_ms,0.3039,
frame_ms,0.2834,
frame_ms,0.2891,
frame_ms,0.3084,
frame_ms,0.3378,
frame_ms,0.547,
frame_ms,0.3045,
frame_ms,0.2761,
frame_ms,0.287,
frame_ms,0.2954,
frame_ms,0.3047,
frame_ms,0.2971,
frame_ms,0.2789,
frame_ms,0.2913,
frame_ms,0.2944,
frame_ms,0.2835,
frame_ms,0.3734,
frame_ms,0.3097,
frame_ms,0.5065,
frame_ms,0.284,
frame_ms,0.3102,
frame_ms,0.2649,
frame_ms,0.2818,
frame_ms,0.3352,
frame_ms,0.2701,
frame_ms,0.3083,
frame_ms,0.2728,
frame_ms,0.2811,
frame_ms,0.2988,
frame_ms,0.3566,
frame_ms,0.4434,
frame_ms,0.4659,
frame_ms,0.294,
frame_ms,0.2715,
frame_ms,0.2743,
frame_ms,0.2914,
frame_ms,0.3012,
frame_ms,0.284,
frame_ms,0.2854,
frame_ms,0.2992,
frame_ms,0.3053,
frame_ms,0.2843,
frame_ms,0.3639,
frame_ms,0.4221,
frame_ms,0.4289,
frame_ms,0.3268,
frame_ms,0.2949,
frame_ms,0.2873,
frame_ms,0.2586,
frame_ms,0.2433,
frame_ms,0.2904,
frame_ms,0.2771,
frame_ms,0.2978,
frame_ms,0.2872,
frame_ms,0.3431,
frame_ms,0.2735,
frame_ms,0.2897,
frame_ms,0.3192,
frame_ms,0.5449,
frame_ms,0.3021,
frame_ms,0.259,
frame_ms,0.2993,
frame_ms,0.3017,
frame_ms,0.2942,
frame_ms,0.2971,
frame_ms,0.2807,
frame_ms,0.2923,
frame_ms,0.2822,
frame_ms,0.2819,
frame_ms,0.3465,
frame_ms,0.3923,
frame_ms,0.4689,
frame_ms,0.2725,
frame_ms,0.277,
frame_ms,0.2867,
frame_ms,0.3012,
frame_ms,0.3013,
frame_ms,0.2854,
frame_ms,0.2951,
frame_ms,0.2889,
frame_ms,0.294,
frame_ms,1.9762,
frame_ms,0.3463,
frame_ms,1.1887,
frame_ms,0.3544,
frame_ms,0.6607,
frame_ms,0.3534,
frame_ms,0.278,
frame_ms,0.5582,
frame_ms,0.3014,
frame_ms,0.3061,
frame_ms,0.2674,
frame_ms,0.2586,
frame_ms,0.2776,
frame_ms,0.2912,
frame_ms,0.3045,
frame_ms,0.2982,
frame_ms,0.2822,
frame_ms,0.2902,
frame_ms,0.3774,
frame_ms,0.2817,
frame_ms,0.5447,
frame_ms,0.3015,
frame_ms,0.2945,
frame_ms,0.3041,
frame_ms,0.262,
frame_ms,0.3019,
frame_ms,0.2911,
frame_ms,0.3135,
frame_ms,0.2827,
frame_ms,0.2927,
frame_ms,0.2788,
frame_ms,0.3448,
frame_ms,0.3807,
frame_ms,0.5549,
frame_ms,0.3089,
frame_ms,0.2612,
frame_ms,0.2616,
frame_ms,0.2999,
frame_ms,0.2878,
frame_ms,0.4928,
frame_ms,0.3785,
frame_ms,0.3199,
frame_ms,0.2684,
frame_ms,0.2699,
frame_ms,0.3312,
frame_ms,0.2843,
frame_ms,0.4277,
frame_ms,0.3118,
frame_ms,0.2774,
frame_ms,0.295,
frame_ms,0.2864,
frame_ms,0.3088,
frame_ms,0.3202,
frame_ms,0.2952,
frame_ms,0.2673,
frame_ms,0.2881,
frame_ms,0.2861,
frame_ms,0.3148,
frame_ms,0.2793,
frame_ms,0.6627,
frame_ms,0.3083,
frame_ms,0.2764,
frame_ms,0.2958,
frame_ms,0.2881,
frame_ms,0.2931,
frame_ms,0.2864,
frame_ms,0.3195,
frame_ms,0.276,
frame_ms,0.2853,
frame_ms,0.3015,
frame_ms,0.3297,
frame_ms,0.3503,
frame_ms,0.5219,
frame_ms,0.2971,
frame_ms,0.2958,
frame_ms,0.3019,
frame_ms,0.2951,
frame_ms,0.3075,
frame_ms,0.2927,
frame_ms,0.3109,
frame_ms,0.2949,
frame_ms,0.2901,
frame_ms,0.2835,
frame_ms,0.3346,
frame_ms,0.3477,
frame_ms,0.5561,
frame_ms,0.3181,
frame_ms,0.4779,
frame_ms,0.3036,
frame_ms,0.2695,
frame_ms,0.2861,
frame_ms,0.2556,
frame_ms,0.2491,
frame_ms,0.2506,
frame_ms,0.2759,
frame_ms,0.3033,
frame_ms,0.328,
frame_ms,0.3126,
frame_ms,0.5696,
frame_ms,0.2976,
frame_ms,0.291,
frame_ms,0.3573,
frame_ms,0.2594,
frame_ms,0.2848,
frame_ms,0.2875,
frame_ms,0.2939,
frame_ms,0.2958,
frame_ms,0.3036,
frame_ms,0.3308,
frame_ms,0.4414,
frame_ms,0.4191,
frame_ms,0.344,
frame_ms,0.2737,
frame_ms,0.2681,
frame_ms,0.3426,
frame_ms,0.3256,
frame_ms,0.3044,
frame_ms,0.2813,
frame_ms,0.2716,
frame_ms,0.2855,
frame_ms,0.2872,
frame_ms,0.3401,
frame_ms,0.3133,
frame_ms,0.3115,
frame_ms,0.5522,
frame_ms,0.3138,
frame_ms,0.2732,
frame_ms,0.3064,
frame_ms,0.2985,
frame_ms,0.3011,
frame_ms,0.3192,
frame_ms,0.3031,
frame_ms,0.2589,
frame_ms,0.3164,
frame_ms,0.3302,
frame_ms,0.4562,
frame_ms,0.428,
frame_ms,0.4424,
frame_ms,0.313,
frame_ms,0.2733,
frame_ms,0.2607,
frame_ms,0.2478,
frame_ms,0.2953,
frame_ms,0.3043,
frame_ms,0.3002,
frame_ms,0.3073,
frame_ms,0.285,
frame_ms,0.3174,
frame_ms,0.361,
frame_ms,0.5871,
frame_ms,0.3064,
frame_ms,0.3036,
frame_ms,0.2764,
frame_ms,0.3058,
frame_ms,0.2896,
frame_ms,0.2952,
frame_ms,0.2925,
frame_ms,0.3266,
frame_ms,0.2764,
frame_ms,0.2889,
frame_ms,0.3286,
frame_ms,0.3485,
frame_ms,0.5636,
frame_ms,0.3033,
frame_ms,0.2658,
frame_ms,0.2874,
frame_ms,0.2899,
frame_ms,0.2999,
frame_ms,0.3098,
frame_ms,0.3027,
frame_ms,0.2927,
frame_ms,0.2992,
frame_ms,0.2948,
frame_ms,0.3212,
frame_ms,0.3553,
frame_ms,0.5683,
frame_ms,0.2742,
frame_ms,0.3024,
frame_ms,0.2855,
frame_ms,0.3122,
frame_ms,0.2933,
frame_ms,0.3283,
frame_ms,0.2874,
frame_ms,0.3127,
frame_ms,0.3047,
frame_ms,0.3071,
frame_ms,0.3257,
frame_ms,0.8313,
frame_ms,0.3832,
frame_ms,0.2928,
frame_ms,0.2644,
frame_ms,0.2857,
frame_ms,0.2571,
frame_ms,0.2751,
frame_ms,0.2799,
frame_ms,0.2566,
frame_ms,0.2457,
frame_ms,0.262,
frame_ms,0.3189,
frame_ms,0.31,
frame_ms,0.2825,
frame_ms,0.5844,
frame_ms,0.32,
frame_ms,0.2953,
frame_ms,0.2944,
frame_ms,0.3039,
frame_ms,0.288,
frame_ms,0.3107,
frame_ms,0.2844,
frame_ms,0.2973,
frame_ms,0.3032,
frame_ms,0.385,
frame_ms,0.3935,
frame_ms,0.5556,
frame_ms,0.3055,
frame_ms,0.2911,
frame_ms,0.2606,
frame_ms,0.3057,
frame_ms,0.2858,
frame_ms,0.3102,
frame_ms,0.2965,
frame_ms,0.3077,
frame_ms,0.2849,
frame_ms,0.2923,
frame_ms,0.3161,
frame_ms,0.327,
frame_ms,0.5423,
frame_ms,0.3114,
frame_ms,0.2985,
frame_ms,0.3115,
frame_ms,0.2886,
frame_ms,0.3169,
frame_ms,0.2983,
frame_ms,0.3137,
frame_ms,0.7617,
frame_ms,0.3504,
frame_ms,0.3839,
frame_ms,0.3223,
frame_ms,0.2771,
frame_ms,0.2659,
frame_ms,0.2511,
frame_ms,0.2449,
frame_ms,0.2347,
frame_ms,0.2444,
frame_ms,0.2839,
frame_ms,0.2855,
frame_ms,0.2919,
frame_ms,0.3185,
frame_ms,0.283,
frame_ms,0.349,
frame_ms,0.2614,
frame_ms,0.3269,
frame_ms,0.5695,
frame_ms,0.2859,
frame_ms,0.285,
frame_ms,0.2988,
frame_ms,0.2893,
frame_ms,0.3046,
frame_ms,0.2814,
frame_ms,0.3328,
frame_ms,0.2806,
frame_ms,0.2937,
frame_ms,0.2823,
frame_ms,0.4375,
frame_ms,0.3632,
frame_ms,0.3882,
frame_ms,0.2903,
frame_ms,0.3005,
frame_ms,0.3376,
frame_ms,0.2879,
frame_ms,0.2672,
frame_ms,0.2824,
frame_ms,0.2838,
frame_ms,0.2996,
frame_ms,0.2894,
frame_ms,0.2925,
frame_ms,0.3169,
frame_ms,0.3059,
frame_ms,0.5556,
frame_ms,0.2942,
frame_ms,0.7326,
frame_ms,0.2914,
frame_ms,0.2465,
frame_ms,0.2472,
frame_ms,0.277,
frame_ms,0.2537,
frame_ms,0.3269,
frame_ms,0.2521,
frame_ms,0.3191,
frame_ms,0.4376,
frame_ms,0.324,
frame_ms,0.3282,
frame_ms,0.2657,
frame_ms,0.2399,
frame_ms,0.2491,
frame_ms,0.2595,
frame_ms,0.3072,
frame_ms,0.2803,
frame_ms,0.2898,
frame_ms,0.3005,
frame_ms,0.2972,
frame_ms,0.2922,
frame_ms,0.3579,
frame_ms,0.4311,
frame_ms,0.3918,
frame_ms,0.302,
frame_ms,0.3091,
frame_ms,0.3039,
frame_ms,0.2631,
frame_ms,0.3385,
frame_ms,0.2474,
frame_ms,0.3059,
frame_ms,0.2855,
frame_ms,0.3037,
frame_ms,0.3027,
frame_ms,0.321,
frame_ms,0.3147,
frame_ms,0.58,
frame_ms,0.3343,
frame_ms,0.2695,
frame_ms,0.3013,
frame_ms,0.3093,
frame_ms,0.2942,
frame_ms,0.3074,
frame_ms,0.3168,
frame_ms,0.2866,
frame_ms,0.299,
frame_ms,0.2975,
frame_ms,0.3555,
frame_ms,0.3975,
frame_ms,0.4896,
frame_ms,0.446,
frame_ms,0.3384,
frame_ms,0.2773,
frame_ms,0.2634,
frame_ms,0.2545,
frame_ms,0.2437,
frame_ms,0.2746,
frame_ms,0.3048,
frame_ms,0.282,
frame_ms,0.2791,
frame_ms,0.343,
frame_ms,0.3051,
frame_ms,0.5688,
frame_ms,0.2887,
frame_ms,0.3255,
frame_ms,0.2638,
frame_ms,0.2798,
frame_ms,0.2843,
frame_ms,0.3045,
frame_ms,0.2892,
frame_ms,0.3743,
frame_ms,0.2663,
frame_ms,0.2747,
frame_ms,0.2915,
frame_ms,0.3065,
frame_ms,0.5894,
frame_ms,0.2817,
frame_ms,0.2995,
frame_ms,0.279,
frame_ms,0.3038,
frame_ms,0.2968,
frame_ms,0.3243,
frame_ms,0.292,
frame_ms,0.3012,
frame_ms,0.3028,
frame_ms,0.2945,
frame_ms,0.3348,
frame_ms,0.3222,
frame_ms,0.54,
frame_ms,0.2888,
frame_ms,0.2952,
frame_ms,0.2926,
frame_ms,0.2961,
frame_ms,0.2985,
frame_ms,0.2946,
frame_ms,0.2975,
frame_ms,0.3059,
frame_ms,0.2838,
frame_ms,1.2286,
frame_ms,0.3946,
frame_ms,0.293,
frame_ms,0.2852,
frame_ms,0.2941,
frame_ms,0.2939,
frame_ms,0.2847,
frame_ms,0.2609,
frame_ms,0.2788,
frame_ms,0.2416,
frame_ms,0.2407,
frame_ms,0.2415,
frame_ms,0.249,
frame_ms,0.3524,
frame_ms,0.3248,
frame_ms,0.288,
frame_ms,0.2931,
frame_ms,0.3145,
frame_ms,0.3195,
frame_ms,0.251,
frame_ms,0.3163,
frame_ms,0.279,
frame_ms,0.3028,
frame_ms,0.2879,
frame_ms,0.3071,
frame_ms,0.2897,
frame_ms,0.3119,
frame_ms,0.4179,
frame_ms,0.6036,
frame_ms,0.2978,
frame_ms,0.3012,
frame_ms,0.251,
frame_ms,0.3177,
frame_ms,0.2889,
frame_ms,0.2947,
frame_ms,0.2943,
frame_ms,0.3124,
frame_ms,0.2916,
frame_ms,0.3054,
frame_ms,0.3205,
frame_ms,0.3338,
frame_ms,0.5816,
frame_ms,0.3144,
frame_ms,0.2611,
frame_ms,0.3111,
frame_ms,0.2887,
frame_ms,0.3075,
frame_ms,0.4977,
frame_ms,0.3229,
frame_ms,0.2523,
frame_ms,0.2433,
frame_ms,0.2554,
frame_ms,0.2958,
frame_ms,0.267,
frame_ms,0.5986,
frame_ms,0.2843,
frame_ms,0.3078,
frame_ms,0.281,
frame_ms,0.3,
frame_ms,0.2891,
frame_ms,0.309,
frame_ms,0.2942,
frame_ms,0.2987,
frame_ms,0.3021,
frame_ms,0.3397,
frame_ms,0.2689,
frame_ms,0.3433,
frame_ms,0.5082,
frame_ms,0.2896,
frame_ms,0.2937,
frame_ms,0.3062,
frame_ms,0.2996,
frame_ms,0.3071,
frame_ms,0.2942,
frame_ms,0.3188,
frame_ms,0.279,
frame_ms,0.3246,
frame_ms,0.2924,
frame_ms,0.2915,
frame_ms,0.3286,
frame_ms,0.5577,
frame_ms,0.294,
frame_ms,0.2982,
frame_ms,0.303,
frame_ms,0.3235,
frame_ms,0.3043,
frame_ms,0.3122,
frame_ms,0.2956,
frame_ms,0.3118,
frame_ms,0.2799,
frame_ms,0.4075,
frame_ms,0.4459,
frame_ms,0.3758,
frame_ms,0.3251,
frame_ms,0.2748,
frame_ms,0.3633,
frame_ms,0.4319,
frame_ms,0.3916,
frame_ms,0.3498,
frame_ms,0.3032,
frame_ms,0.2624,
frame_ms,0.2484,
frame_ms,0.2525,
frame_ms,0.2466,
frame_ms,0.3541,
frame_ms,0.553,
frame_ms,0.293,
frame_ms,0.3366,
frame_ms,0.2806,
frame_ms,0.2873,
frame_ms,0.3225,
frame_ms,0.2861,
frame_ms,0.3525,
frame_ms,0.2546,
frame_ms,0.2648,
frame_ms,0.282,
frame_ms,0.3063,
frame_ms,0.403,
frame_ms,0.4996,
frame_ms,0.3479,
frame_ms,0.3043,
frame_ms,0.2681,
frame_ms,0.2783,
frame_ms,0.2926,
frame_ms,0.3132,
frame_ms,0.2929,
frame_ms,0.2908,
frame_ms,0.3132,
frame_ms,0.3497,
frame_ms,0.2768,
frame_ms,0.3241,
frame_ms,0.5926,
frame_ms,0.3047,
frame_ms,0.3076,
frame_ms,0.2892,
frame_ms,0.2941,
frame_ms,0.2903,
frame_ms,0.3315,
frame_ms,0.2579,
frame_ms,0.2942,
frame_ms,0.2999,
frame_ms,0.3109,
frame_ms,0.4116,
frame_ms,0.27,
frame_ms,1.5132,
frame_ms,0.3132,
frame_ms,0.2626,
frame_ms,0.2532,
frame_ms,0.2444,
frame_ms,0.2486,
frame_ms,0.247,
frame_ms,0.2605,
frame_ms,0.2616,
frame_ms,0.2493,
frame_ms,0.2454,
frame_ms,0.4955,
frame_ms,0.282,
frame_ms,0.335,
frame_ms,0.2798,
frame_ms,0.293,
frame_ms,0.2937,
frame_ms,0.2888,
frame_ms,0.3053,
frame_ms,0.2901,
frame_ms,0.3061,
frame_ms,0.383,
frame_ms,0.4203,
frame_ms,0.3955,
frame_ms,0.3195,
frame_ms,0.3085,
frame_ms,0.269,
frame_ms,0.3007,
frame_ms,0.2862,
frame_ms,0.3166,
frame_ms,0.3601,
frame_ms,0.3808,
frame_ms,0.2863,
frame_ms,0.2413,
frame_ms,0.3431,
frame_ms,0.3513,
frame_ms,0.3169,
frame_ms,0.4924,
frame_ms,0.2898,
frame_ms,0.3471,
frame_ms,0.3109,
frame_ms,0.2962,
frame_ms,0.2845,
frame_ms,0.3151,
frame_ms,0.342,
frame_ms,0.3498,
frame_ms,0.8578,
frame_ms,0.4216,
frame_ms,0.333,
frame_ms,0.3161,
frame_ms,0.2862,
frame_ms,0.268,
frame_ms,0.3514,
frame_ms,0.3133,
frame_ms,0.3996,
frame_ms,0.3053,
frame_ms,0.2775,
frame_ms,0.3115,
frame_ms,0.3273,
frame_ms,0.2705,
frame_ms,0.3013,
frame_ms,0.3832,
frame_ms,0.3495,
frame_ms,0.2689,
frame_ms,0.4652,
frame_ms,0.3563,
frame_ms,0.3052,
frame_ms,0.3237,
frame_ms,0.2883,
frame_ms,0.2824,
frame_ms,0.2689,
frame_ms,0.3754,
frame_ms,0.3601,
frame_ms,0.6457,
frame_ms,0.3967,
frame_ms,0.3383,
frame_ms,0.3314,
frame_ms,0.3359,
frame_ms,0.2816,
frame_ms,0.248,
frame_ms,0.2513,
frame_ms,0.3069,
frame_ms,0.4015,
frame_ms,0.3523,
frame_ms,0.476,
frame_ms,0.3578,
frame_ms,0.3289,
frame_ms,0.2844,
frame_ms,0.284,
frame_ms,0.306,
frame_ms,1.1791,
frame_ms,0.3514,
frame_ms,0.3699,
frame_ms,0.3766,
frame_ms,0.3034,
frame_ms,0.3339,
frame_ms,0.3583,
frame_ms,0.3045,
frame_ms,0.2911,
frame_ms,0.3219,
frame_ms,0.2672,
frame_ms,0.2662,
frame_ms,0.2439,
frame_ms,0.2573,
frame_ms,0.2815,
frame_ms,0.3998,
frame_ms,0.3108,
frame_ms,0.2694,
frame_ms,0.3333,
frame_ms,0.3492,
frame_ms,0.3531,
frame_ms,0.3518,
frame_ms,0.2758,
frame_ms,0.265,
frame_ms,0.2638,
frame_ms,0.2793,
frame_ms,0.2506,
frame_ms,0.2969,
frame_ms,0.305,
frame_ms,0.3463,
frame_ms,0.2954,
frame_ms,0.3287,
frame_ms,0.6707,
frame_ms,0.3066,
frame_ms,0.2996,
frame_ms,0.296,
frame_ms,0.3338,
frame_ms,0.2769,
frame_ms,0.306,
frame_ms,0.3054,
frame_ms,0.3105,
frame_ms,0.2882,
frame_ms,0.4211,
frame_ms,0.3423,
frame_ms,0.4834,
frame_ms,0.7301,
frame_ms,0.3892,
frame_ms,0.2801,
frame_ms,0.2576,
frame_ms,0.2489,
frame_ms,0.2474,
frame_ms,0.3016,
frame_ms,0.3082,
frame_ms,0.2851,
frame_ms,0.2555,
frame_ms,0.2811,
frame_ms,0.5053,
frame_ms,0.3476,
frame_ms,0.3412,
frame_ms,0.3127,
frame_ms,0.2725,
frame_ms,0.331,
frame_ms,0.33,
frame_ms,0.3177,
frame_ms,0.2971,
frame_ms,0.331,
frame_ms,0.4466,
frame_ms,0.3788,
frame_ms,0.3384,
frame_ms,0.5642,
frame_ms,0.364,
frame_ms,0.3975,
frame_ms,0.3084,
frame_ms,0.3186,
frame_ms,0.2863,
frame_ms,0.305,
frame_ms,0.3149,
frame_ms,0.3403,
frame_ms,0.348,
frame_ms,0.3344,
frame_ms,0.438,
frame_ms,0.3706,
frame_ms,0.5558,
frame_ms,0.3367,
frame_ms,0.2864,
frame_ms,0.2941,
frame_ms,0.3857,
frame_ms,0.2895,
frame_ms,0.3047,
frame_ms,0.3254,
frame_ms,1.107,
frame_ms,0.8323,
frame_ms,0.3771,
frame_ms,0.3598,
frame_ms,0.3247,
frame_ms,0.2855,
frame_ms,0.3371,
frame_ms,0.2739,
frame_ms,0.3501,
frame_ms,0.4226,
frame_ms,0.8313,
frame_ms,0.4364,
frame_ms,0.3375,
frame_ms,0.4069,
frame_ms,0.4443,
frame_ms,0.321,
frame_ms,0.3428,
frame_ms,0.2746,
frame_ms,0.306,
frame_ms,0.344,
frame_ms,0.3306,
frame_ms,0.3588,
frame_ms,0.423,
frame_ms,0.3813,
frame_ms,0.3175,
frame_ms,0.3502,
frame_ms,0.3424,
frame_ms,0.3381,
frame_ms,0.3453,
frame_ms,0.3461,
frame_ms,0.4486,
frame_ms,0.3578,
frame_ms,0.8457,
frame_ms,0.387,
frame_ms,0.3216,
frame_ms,0.3611,
frame_ms,0.3742,
frame_ms,1.2919,
frame_ms,0.4025,
frame_ms,0.2904,
frame_ms,0.3392,
frame_ms,0.4127,
frame_ms,0.3599,
frame_ms,0.281,
frame_ms,0.3083,
frame_ms,0.2571,
frame_ms,0.3104,
frame_ms,0.2538,
frame_ms,0.2569,
frame_ms,0.2633,
frame_ms,0.268,
frame_ms,0.3307,
frame_ms,0.4155,
frame_ms,0.3708,
frame_ms,0.2979,
frame_ms,0.2903,
frame_ms,0.2706,
frame_ms,0.294,
frame_ms,0.2857,
frame_ms,0.2978,
frame_ms,0.3179,
frame_ms,0.2969,
frame_ms,0.3045,
frame_ms,0.2974,
frame_ms,0.3206,
frame_ms,0.3241,
frame_ms,0.327,
frame_ms,0.5843,
frame_ms,0.3261,
frame_ms,0.2871,
frame_ms,0.3287,
frame_ms,0.2827,
frame_ms,0.3356,
frame_ms,0.2695,
frame_ms,0.2714,
frame_ms,0.3119,
frame_ms,0.3235,
frame_ms,0.3328,
frame_ms,0.2957,
frame_ms,0.5367,
frame_ms,0.4542,
frame_ms,0.3015,
frame_ms,0.583,
frame_ms,0.4182,
frame_ms,0.298,
frame_ms,0.2784,
frame_ms,0.2929,
frame_ms,0.2548,
frame_ms,0.3296,
frame_ms,0.333,
frame_ms,0.3075,
frame_ms,0.339,
frame_ms,0.3771,
frame_ms,0.305,
frame_ms,0.263,
frame_ms,0.2932,
frame_ms,0.2926,
frame_ms,0.31,
frame_ms,0.325,
frame_ms,0.3896,
frame_ms,0.3189,
frame_ms,0.2775,
frame_ms,0.3059,
frame_ms,0.2639,
frame_ms,0.3276,
frame_ms,0.5186,
frame_ms,0.352,
frame_ms,0.3026,
frame_ms,0.267,
frame_ms,0.3098,
frame_ms,0.3331,
frame_ms,0.2738,
frame_ms,0.3146,
frame_ms,0.2932,
frame_ms,0.3774,
frame_ms,0.3312,
frame_ms,0.3245,
frame_ms,0.5876,
frame_ms,0.3036,
frame_ms,0.3152,
frame_ms,0.3135,
frame_ms,0.3889,
frame_ms,0.3254,
frame_ms,0.2846,
frame_ms,0.2931,
frame_ms,0.2599,
frame_ms,0.2804,
frame_ms,0.3376,
frame_ms,0.7789,
frame_ms,0.4076,
frame_ms,0.4294,
frame_ms,0.3844,
frame_ms,0.3893,
frame_ms,0.3652,
frame_ms,0.3464,
frame_ms,0.345,
frame_ms,0.3505,
frame_ms,0.3355,
frame_ms,0.3507,
frame_ms,0.3885,
frame_ms,0.4184,
frame_ms,0.3916,
frame_ms,0.3697,
frame_ms,0.5218,
frame_ms,0.4098,
frame_ms,0.4561,
frame_ms,0.4095,
frame_ms,0.4993,
frame_ms,0.4416,
frame_ms,0.4226,
frame_ms,0.4284,
frame_ms,0.4555,
frame_ms,0.43,
frame_ms,0.5008,
frame_ms,0.4825,
frame_ms,0.3511,
frame_ms,0.3941,
frame_ms,0.5749,
frame_ms,0.7541,
frame_ms,0.5362,
frame_ms,0.478,
frame_ms,0.4901,
frame_ms,0.4459,
frame_ms,1.6311,
frame_ms,0.4837,
frame_ms,0.5657,
frame_ms,0.4213,
frame_ms,0.4695,
frame_ms,0.415,
frame_ms,0.4849,
frame_ms,0.4042,
frame_ms,0.5872,
frame_ms,0.4649,
frame_ms,1.1501,
frame_ms,0.4725,
frame_ms,0.4078,
frame_ms,0.4301,
frame_ms,0.4269,
frame_ms,0.4713,
frame_ms,0.3822,
frame_ms,0.4042,
frame_ms,0.5794,
frame_ms,0.9422,
frame_ms,0.44,
frame_ms,0.3779,
frame_ms,0.3555,
frame_ms,0.3691,
frame_ms,0.3951,
frame_ms,1.125,
frame_ms,0.4516,
frame_ms,0.4867,
frame_ms,0.708,
frame_ms,0.527,
frame_ms,0.3961,
frame_ms,0.3646,
frame_ms,0.4313,
frame_ms,0.4794,
frame_ms,0.572,
frame_ms,0.4409,
frame_ms,0.4225,
frame_ms,0.3835,
frame_ms,0.486,
frame_ms,0.4684,
frame_ms,0.4143,
frame_ms,0.4262,
frame_ms,0.3678,
frame_ms,0.4564,
frame_ms,0.3795,
frame_ms,0.3954,
frame_ms,0.3548,
frame_ms,0.3666,
frame_ms,0.4475,
frame_ms,0.4145,
frame_ms,0.4927,
frame_ms,0.7868,
frame_ms,0.64,
frame_ms,0.5407,
frame_ms,0.4094,
frame_ms,0.41,
frame_ms,0.4123,
frame_ms,0.3973,
frame_ms,0.3362,
frame_ms,0.392,
frame_ms,0.4152,
frame_ms,0.5815,
frame_ms,0.662,
frame_ms,0.5272,
frame_ms,0.4255,
frame_ms,0.4767,
frame_ms,0.3737,
frame_ms,0.4658,
frame_ms,0.4283,
frame_ms,0.5508,
frame_ms,0.4846,
frame_ms,0.4081,
frame_ms,0.3944,
frame_ms,0.3949,
frame_ms,0.3916,
frame_ms,0.4419,
frame_ms,0.4213,
frame_ms,0.4771,
frame_ms,0.4252,
frame_ms,0.5578,
frame_ms,0.4878,
frame_ms,0.4801,
frame_ms,0.4111,
frame_ms,0.4548,
frame_ms,0.4456,
frame_ms,0.4195,
frame_ms,0.4927,
frame_ms,0.4944,
frame_ms,0.5515,
frame_ms,0.4959,
frame_ms,0.4118,
frame_ms,0.6173,
frame_ms,1.0764,
frame_ms,1.002,
frame_ms,0.6757,
frame_ms,0.5162,
frame_ms,0.4188,
frame_ms,0.4204,
frame_ms,0.423,
frame_ms,0.3916,
frame_ms,0.4573,
frame_ms,0.559,
frame_ms,0.532,
frame_ms,0.4132,
frame_ms,0.3774,
frame_ms,0.4125,
frame_ms,0.3848,
frame_ms,0.3762,
frame_ms,0.3884,
frame_ms,0.4502,
frame_ms,0.4322,
frame_ms,0.8649,
frame_ms,1.0776,
frame_ms,0.4115,
frame_ms,0.393,
frame_ms,0.3647,
frame_ms,0.3883,
frame_ms,0.3332,
frame_ms,0.4608,
frame_ms,0.466,
frame_ms,0.5155,
frame_ms,0.5904,
frame_ms,0.6402,
frame_ms,0.515,
frame_ms,0.6993,
frame_ms,0.7538,
frame_ms,0.5538,
frame_ms,0.6599,
frame_ms,0.6504,
frame_ms,0.4752,
frame_ms,0.6069,
frame_ms,0.5855,
frame_ms,0.5472,
frame_ms,0.4656,
frame_ms,0.4457,
frame_ms,0.5954,
frame_ms,0.5321,
frame_ms,0.5934,
frame_ms,0.4791,
frame_ms,0.4077,
frame_ms,0.4105,
frame_ms,0.398,
frame_ms,0.4271,
frame_ms,0.4265,
frame_ms,0.4395,
frame_ms,0.4994,
frame_ms,0.533,
frame_ms,0.4464,
frame_ms,0.5042,
frame_ms,0.5094,
frame_ms,0.7298,
frame_ms,0.4111,
frame_ms,1.2106,
frame_ms,1.7533,
frame_ms,0.6273,
frame_ms,1.3211,
frame_ms,0.636,
frame_ms,0.4527,
frame_ms,0.5982,
frame_ms,0.5029,
frame_ms,0.4374,
frame_ms,0.4426,
frame_ms,0.5485,
frame_ms,0.5338,
frame_ms,0.5617,
frame_ms,0.5894,
frame_ms,0.4826,
frame_ms,0.4865,
frame_ms,0.3636,
frame_ms,0.4414,
frame_ms,0.4006,
frame_ms,0.4439,
frame_ms,0.4739,
frame_ms,0.3888,
frame_ms,0.4207,
frame_ms,0.3763,
frame_ms,0.3974,
frame_ms,0.4502,
frame_ms,0.9255,
frame_ms,0.5319,
frame_ms,0.4703,
frame_ms,0.4792,
frame_ms,0.4352,
frame_ms,0.6665,
frame_ms,0.5199,
frame_ms,0.4901,
frame_ms,0.5272,
frame_ms,0.5486,
frame_ms,0.485,
frame_ms,0.6657,
frame_ms,0.5531,
frame_ms,0.5676,
frame_ms,0.4651,
frame_ms,0.4692,
frame_ms,0.4731,
frame_ms,0.442,
frame_ms,0.4255,
frame_ms,0.4526,
frame_ms,0.475,
frame_ms,0.4985,
frame_ms,0.5079,
frame_ms,0.3754,
frame_ms,0.5066,
frame_ms,0.4772,
frame_ms,0.4254,
frame_ms,0.4414,
frame_ms,0.4881,
frame_ms,0.5544,
frame_ms,0.6374,
frame_ms,0.565,
frame_ms,0.4703,
frame_ms,0.4951,
frame_ms,0.5051,
frame_ms,0.4598,
frame_ms,0.6017,
frame_ms,0.5403,
frame_ms,0.4135,
frame_ms,0.4888,
frame_ms,0.4294,
frame_ms,0.4495,
frame_ms,0.4478,
frame_ms,0.5775,
frame_ms,0.5069,
frame_ms,0.4098,
frame_ms,0.47,
frame_ms,0.6339,
frame_ms,0.4235,
frame_ms,0.3809,
frame_ms,0.5954,
frame_ms,0.7491,
frame_ms,0.913,
frame_ms,0.5689,
frame_ms,0.4263,
frame_ms,0.4196,
frame_ms,0.3924,
frame_ms,0.5217,
frame_ms,0.4643,
frame_ms,0.9713,
frame_ms,0.5192,
frame_ms,0.5066,
frame_ms,0.5084,
frame_ms,0.4203,
frame_ms,0.3976,
frame_ms,0.5288,
frame_ms,0.4219,
frame_ms,0.4814,
frame_ms,0.4131,
frame_ms,0.4389,
frame_ms,0.4312,
frame_ms,0.4364,
frame_ms,0.3912,
frame_ms,0.4025,
frame_ms,0.3825,
frame_ms,0.4212,
frame_ms,0.4082,
frame_ms,0.5882,
frame_ms,0.4285,
frame_ms,0.3829,
frame_ms,0.341,
frame_ms,0.4251,
frame_ms,0.3916,
frame_ms,0.3086,
frame_ms,0.3311,
frame_ms,0.3494,
frame_ms,0.3053,
frame_ms,0.4799,
frame_ms,0.4298,
frame_ms,0.545,
frame_ms,0.512,
frame_ms,0.3976,
frame_ms,0.4307,
frame_ms,0.3917,
frame_ms,0.5237,
frame_ms,0.6143,
frame_ms,0.4964,
frame_ms,0.4261,
frame_ms,0.4803,
frame_ms,0.4004,
frame_ms,0.4023,
frame_ms,0.3712,
frame_ms,0.3198,
frame_ms,0.2881,
frame_ms,0.3167,
frame_ms,0.3441,
frame_ms,0.31,
frame_ms,0.3465,
frame_ms,0.3232,
frame_ms,0.3013,
frame_ms,0.3165,
frame_ms,0.3194,
frame_ms,0.2514,
frame_ms,0.2474,
frame_ms,0.3911,
frame_ms,0.2588,
frame_ms,0.3112,
frame_ms,0.3153,
frame_ms,0.3242,
frame_ms,0.6512,
frame_ms,0.4082,
frame_ms,0.4095,
frame_ms,0.395,
frame_ms,0.3795,
frame_ms,0.4031,
frame_ms,0.3572,
frame_ms,0.3282,
frame_ms,0.32,
frame_ms,0.3418,
frame_ms,0.4451,
frame_ms,0.3998,
frame_ms,0.3574,
frame_ms,0.3422,
frame_ms,0.344,
frame_ms,0.2871,
frame_ms,0.3186,
frame_ms,0.5471,
frame_ms,0.3026,
frame_ms,0.2709,
frame_ms,0.2863,
frame_ms,0.6554,
frame_ms,0.3732,
frame_ms,0.3402,
frame_ms,0.3046,
frame_ms,0.3245,
frame_ms,0.2631,
frame_ms,0.3354,
frame_ms,0.3467,
frame_ms,0.3522,
frame_ms,0.3412,
frame_ms,0.3092,
frame_ms,0.3582,
frame_ms,0.7034,
frame_ms,0.3601,
frame_ms,0.3781,
frame_ms,0.3538,
frame_ms,0.53,
frame_ms,0.2876,
frame_ms,0.2713,
frame_ms,0.2796,
frame_ms,0.2611,
frame_ms,0.2458,
frame_ms,0.2637,
frame_ms,0.257,
frame_ms,0.2522,
frame_ms,0.4095,
frame_ms,0.2794,
frame_ms,0.3666,
frame_ms,0.3034,
frame_ms,0.2598,
frame_ms,0.2649,
frame_ms,0.2954,
frame_ms,0.2952,
frame_ms,0.3019,
frame_ms,0.3217,
frame_ms,0.2778,
frame_ms,0.3002,
frame_ms,0.3412,
frame_ms,0.3732,
frame_ms,0.3766,
frame_ms,0.4861,
frame_ms,0.9995,
frame_ms,0.4614,
frame_ms,0.4012,
frame_ms,0.4304,
frame_ms,0.3915,
frame_ms,0.3823,
frame_ms,0.4716,
frame_ms,0.5545,
frame_ms,0.3578,
frame_ms,0.3474,
frame_ms,0.3389,
frame_ms,0.2854,
frame_ms,0.2749,
frame_ms,0.2548,
frame_ms,0.2613,
frame_ms,0.2661,
frame_ms,0.2598,
frame_ms,0.2744,
frame_ms,0.3616,
frame_ms,0.376,
frame_ms,0.3115,
frame_ms,0.2657,
frame_ms,0.2558,
frame_ms,0.3454,
frame_ms,0.2704,
frame_ms,0.3059,
frame_ms,0.2959,
frame_ms,0.262,
frame_ms,0.34,
frame_ms,0.3054,
frame_ms,0.332,
frame_ms,0.3715,
frame_ms,0.4662,
frame_ms,0.3731,
frame_ms,0.3617,
frame_ms,0.3068,
frame_ms,0.2833,
frame_ms,0.271,
frame_ms,0.2881,
frame_ms,0.3024,
frame_ms,0.2923,
frame_ms,0.2775,
frame_ms,0.3133,
frame_ms,0.2909,
frame_ms,0.6652,
frame_ms,0.4683,
frame_ms,0.3726,
frame_ms,0.3162,
frame_ms,0.2938,
frame_ms,0.2619,
frame_ms,0.2343,
frame_ms,0.2717,
frame_ms,0.3728,
frame_ms,0.2697,
frame_ms,0.3054,
frame_ms,0.291,
frame_ms,0.3209,
frame_ms,0.4543,
frame_ms,0.5533,
frame_ms,0.3524,
frame_ms,0.3466,
frame_ms,0.3438,
frame_ms,0.6034,
frame_ms,0.3674,
frame_ms,0.4053,
frame_ms,0.4005,
frame_ms,0.414,
frame_ms,0.3032,
frame_ms,0.3879,
frame_ms,0.3388,
frame_ms,0.3407,
frame_ms,0.4128,
frame_ms,0.3145,
frame_ms,0.3019,
frame_ms,0.2801,
frame_ms,0.325,
frame_ms,0.2968,
frame_ms,0.2588,
frame_ms,0.2515,
frame_ms,0.2454,
frame_ms,0.2651,
frame_ms,0.2679,
frame_ms,0.2418,
frame_ms,0.4892,
frame_ms,0.2815,
frame_ms,0.2695,
frame_ms,0.2951,
frame_ms,0.3107,
frame_ms,0.2611,
frame_ms,0.2414,
frame_ms,0.663,
frame_ms,0.3417,
frame_ms,0.2952,
frame_ms,0.3511,
frame_ms,0.3092,
frame_ms,0.266,
frame_ms,0.3159,
frame_ms,0.2652,
frame_ms,0.2856,
frame_ms,0.3183,
frame_ms,0.2933,
frame_ms,0.2935,
frame_ms,0.3135,
frame_ms,0.2922,
frame_ms,0.3272,
frame_ms,0.3573,
frame_ms,0.3879,
frame_ms,0.2749,
frame_ms,0.4793,
frame_ms,0.3007,
frame_ms,0.2821,
frame_ms,0.3616,
frame_ms,0.2998,
frame_ms,0.2609,
frame_ms,0.2939,
frame_ms,0.3089,
frame_ms,0.272,
frame_ms,0.3015,
frame_ms,0.335,
frame_ms,0.2737,
frame_ms,0.342,
frame_ms,0.5947,
frame_ms,0.3162,
frame_ms,0.3069,
frame_ms,0.2666,
frame_ms,0.2949,
frame_ms,0.2994,
frame_ms,0.3083,
frame_ms,0.2975,
frame_ms,0.2972,
frame_ms,0.302,
frame_ms,0.343,
frame_ms,0.3759,
frame_ms,0.4949,
frame_ms,0.3203,
frame_ms,0.2799,
frame_ms,0.3624,
frame_ms,0.2872,
frame_ms,0.3208,
frame_ms,0.3125,
frame_ms,0.248,
frame_ms,0.2947,
frame_ms,0.2922,
frame_ms,0.2956,
frame_ms,0.3485,
frame_ms,0.3659,
frame_ms,0.6257,
frame_ms,0.2862,
frame_ms,0.297,
frame_ms,0.2958,
frame_ms,0.3065,
frame_ms,0.3051,
frame_ms,0.3004,
frame_ms,0.4049,
frame_ms,0.3148,
frame_ms,0.2551,
frame_ms,0.3117,
frame_ms,0.2961,
frame_ms,0.2985,
frame_ms,0.517,
frame_ms,0.291,
frame_ms,0.3442,
frame_ms,0.3008,
frame_ms,0.2627,
frame_ms,0.2895,
frame_ms,0.3077,
frame_ms,0.3199,
frame_ms,0.2905,
frame_ms,0.2965,
frame_ms,0.3573,
frame_ms,0.2643,
frame_ms,0.3225,
frame_ms,0.5574,
frame_ms,0.2791,
frame_ms,0.3078,
frame_ms,0.3144,
frame_ms,0.3077,
frame_ms,0.2934,
frame_ms,0.3062,
frame_ms,0.3148,
frame_ms,0.2822,
frame_ms,0.284,
frame_ms,0.3773,
frame_ms,1.3781,
frame_ms,0.358,
frame_ms,0.3316,
frame_ms,0.2853,
frame_ms,0.2549,
frame_ms,0.2527,
frame_ms,0.2643,
frame_ms,0.2483,
frame_ms,0.2649,
frame_ms,0.2607,
frame_ms,0.3448,
frame_ms,0.3687,
frame_ms,0.3094,
frame_ms,0.3839,
frame_ms,0.2733,
frame_ms,0.285,
frame_ms,0.2517,
frame_ms,0.2975,
frame_ms,0.2926,
frame_ms,0.3047,
frame_ms,0.3001,
frame_ms,0.307,
frame_ms,0.2982,
frame_ms,0.3309,
frame_ms,0.323,
frame_ms,0.3095,
frame_ms,0.5563,
frame_ms,0.3306,
frame_ms,0.2817,
frame_ms,0.2875,
frame_ms,0.2962,
frame_ms,0.3118,
frame_ms,0.2976,
frame_ms,0.3071,
frame_ms,0.3046,
frame_ms,0.3056,
frame_ms,0.3525,
frame_ms,0.3533,
frame_ms,0.3696,
frame_ms,0.5109,
frame_ms,0.2945,
frame_ms,0.2855,
frame_ms,0.2863,
frame_ms,0.3491,
frame_ms,0.2615,
frame_ms,0.4895,
frame_ms,0.3568,
frame_ms,0.2901,
frame_ms,0.4154,
frame_ms,0.3419,
frame_ms,0.4223,
frame_ms,0.3428,
frame_ms,0.2986,
frame_ms,0.308,
frame_ms,0.3329,
frame_ms,0.2711,
frame_ms,0.2928,
frame_ms,0.3078,
frame_ms,0.3029,
frame_ms,0.3998,
frame_ms,0.279,
frame_ms,0.2861,
frame_ms,0.3241,
frame_ms,0.3106,
frame_ms,0.4399,
frame_ms,0.3137,
frame_ms,0.284,
frame_ms,0.2591,
frame_ms,0.295,
frame_ms,0.2924,
frame_ms,0.2886,
frame_ms,0.3069,
frame_ms,0.3024,
frame_ms,0.3208,
frame_ms,0.3259,
frame_ms,0.328,
frame_ms,0.6427,
frame_ms,0.315,
frame_ms,0.2999,
frame_ms,0.2655,
frame_ms,0.3083,
frame_ms,0.3095,
frame_ms,0.2912,
frame_ms,0.3042,
frame_ms,0.2873,
frame_ms,0.3054,
frame_ms,0.2877,
frame_ms,0.368,
frame_ms,0.4017,
frame_ms,0.4728,
frame_ms,0.2882,
frame_ms,0.2934,
frame_ms,0.7377,
frame_ms,0.3077,
frame_ms,0.3173,
frame_ms,0.3445,
frame_ms,0.3369,
frame_ms,0.2838,
frame_ms,0.2996,
frame_ms,0.3079,
frame_ms,0.2691,
frame_ms,0.2586,
frame_ms,0.3154,
frame_ms,0.2823,
frame_ms,0.2498,
frame_ms,0.3055,
frame_ms,0.2966,
frame_ms,0.3094,
frame_ms,0.2984,
frame_ms,0.3015,
frame_ms,0.3043,
frame_ms,0.3003,
frame_ms,0.3545,
frame_ms,0.4022,
frame_ms,0.5375,
frame_ms,0.3473,
frame_ms,0.269,
frame_ms,0.2762,
frame_ms,0.2943,
frame_ms,0.3021,
frame_ms,0.2931,
frame_ms,0.328,
frame_ms,0.2849,
frame_ms,0.2875,
frame_ms,0.2962,
frame_ms,0.33,
frame_ms,0.2915,
frame_ms,0.5946,
frame_ms,0.313,
frame_ms,0.2921,
frame_ms,0.2764,
frame_ms,0.297,
frame_ms,0.304,
frame_ms,0.3347,
frame_ms,0.2894,
frame_ms,0.296,
frame_ms,0.2862,
frame_ms,0.3362,
frame_ms,0.3566,
frame_ms,0.6625,
frame_ms,0.3428,
frame_ms,0.2957,
frame_ms,0.2621,
frame_ms,0.2666,
frame_ms,0.2575,
frame_ms,0.295,
frame_ms,0.3199,
frame_ms,0.2843,
frame_ms,0.2961,
frame_ms,0.3179,
frame_ms,0.3403,
frame_ms,0.3665,
frame_ms,0.5765,
frame_ms,0.3032,
frame_ms,0.2927,
frame_ms,0.3045,
frame_ms,0.2864,
frame_ms,0.3012,
frame_ms,0.3681,
frame_ms,0.3078,
frame_ms,0.2616,
frame_ms,0.2759,
frame_ms,0.2813,
frame_ms,0.3503,
frame_ms,0.3587,
frame_ms,0.5317,
frame_ms,0.2962,
frame_ms,0.3011,
frame_ms,0.2915,
frame_ms,0.3009,
frame_ms,0.2989,
frame_ms,0.302,
frame_ms,0.2978,
frame_ms,0.308,
frame_ms,0.2894,
frame_ms,0.3672,
frame_ms,0.288,
frame_ms,0.2861,
frame_ms,0.6089,
frame_ms,0.2951,
frame_ms,0.2984,
frame_ms,0.2907,
frame_ms,0.305,
frame_ms,0.3104,
frame_ms,0.3374,
frame_ms,0.6094,
frame_ms,0.3208,
frame_ms,0.3507,
frame_ms,0.455,
frame_ms,0.4632,
frame_ms,0.3094,
frame_ms,0.2644,
frame_ms,0.2445,
frame_ms,0.3012,
frame_ms,0.2709,
frame_ms,0.2608,
frame_ms,0.2536,
frame_ms,0.2445,
frame_ms,0.2412,
frame_ms,0.2659,
frame_ms,0.2454,
frame_ms,0.3618,
frame_ms,0.3044,
frame_ms,0.5904,
frame_ms,0.2899,
frame_ms,0.2931,
frame_ms,0.2807,
frame_ms,0.2997,
frame_ms,0.2885,
frame_ms,0.2938,
frame_ms,0.2925,
frame_ms,0.315,
frame_ms,0.3143,
frame_ms,0.2748,
frame_ms,0.3419,
frame_ms,0.3542,
frame_ms,0.5554,
frame_ms,0.2797,
frame_ms,0.3012,
frame_ms,0.3181,
frame_ms,0.3088,
frame_ms,0.3228,
frame_ms,0.3224,
frame_ms,0.3004,
frame_ms,0.315,
frame_ms,0.2807,
frame_ms,0.3338,
frame_ms,0.2991,
frame_ms,0.2689,
frame_ms,0.596,
frame_ms,0.2729,
frame_ms,0.3176,
frame_ms,0.2887,
frame_ms,0.7765,
frame_ms,0.3004,
frame_ms,0.2667,
frame_ms,0.2507,
frame_ms,0.2431,
frame_ms,0.2439,
frame_ms,0.3401,
frame_ms,0.2863,
frame_ms,0.2436,
frame_ms,0.3611,
frame_ms,0.2897,
frame_ms,0.2914,
frame_ms,0.2959,
frame_ms,0.2983,
frame_ms,0.3002,
frame_ms,0.2944,
frame_ms,0.3298,
frame_ms,0.266,
frame_ms,0.2874,
frame_ms,0.3752,
frame_ms,0.3171,
frame_ms,0.3424,
frame_ms,0.5233,
frame_ms,0.3212,
frame_ms,0.2632,
frame_ms,0.269,
frame_ms,0.2913,
frame_ms,0.2985,
frame_ms,0.3033,
frame_ms,0.2966,
frame_ms,0.3139,
frame_ms,0.2952,
frame_ms,0.3415,
frame_ms,0.267,
frame_ms,0.5685,
frame_ms,0.2796,
frame_ms,0.2959,
frame_ms,0.3167,
frame_ms,0.2768,
frame_ms,0.2892,
frame_ms,0.2985,
frame_ms,0.2916,
frame_ms,0.3029,
frame_ms,0.3021,
frame_ms,0.2935,
frame_ms,0.3386,
frame_ms,0.3762,
frame_ms,0.3082,
frame_ms,0.97,
frame_ms,0.3354,
frame_ms,0.2707,
frame_ms,0.2589,
frame_ms,0.2555,
frame_ms,0.2565,
frame_ms,0.2443,
frame_ms,0.2449,
frame_ms,0.2403,
frame_ms,0.2312,
frame_ms,0.2515,
frame_ms,0.2734,
frame_ms,0.273,
frame_ms,0.566,
frame_ms,0.2823,
frame_ms,0.2636,
frame_ms,0.3147,
frame_ms,0.2822,
frame_ms,0.2982,
frame_ms,0.2933,
frame_ms,0.2957,
frame_ms,0.2939,
frame_ms,0.2879,
frame_ms,0.324,
frame_ms,0.3231,
frame_ms,0.2768,
frame_ms,0.5575,
frame_ms,0.2795,
frame_ms,0.3066,
frame_ms,0.2893,
frame_ms,0.2945,
frame_ms,0.2889,
frame_ms,0.2962,
frame_ms,0.3245,
frame_ms,0.2729,
frame_ms,0.2831,
frame_ms,0.2901,
frame_ms,0.3624,
frame_ms,0.3688,
frame_ms,0.5317,
frame_ms,0.311,
frame_ms,0.2651,
frame_ms,0.2801,
frame_ms,0.2997,
frame_ms,0.2737,
frame_ms,0.2923,
frame_ms,0.3069,
frame_ms,0.2982,
frame_ms,0.2936,
frame_ms,0.4975,
frame_ms,0.402,
frame_ms,0.3112,
frame_ms,0.3203,
frame_ms,0.2793,
frame_ms,0.314,
frame_ms,0.3033,
frame_ms,0.261,
frame_ms,0.2779,
frame_ms,0.2961,
frame_ms,0.3027,
frame_ms,0.2907,
frame_ms,0.2916,
frame_ms,0.3068,
frame_ms,0.3177,
frame_ms,0.2799,
frame_ms,0.316,
frame_ms,0.5951,
frame_ms,0.2779,
frame_ms,0.3368,
frame_ms,0.277,
frame_ms,0.2824,
frame_ms,0.283,
frame_ms,0.3345,
frame_ms,0.2504,
frame_ms,0.2961,
frame_ms,0.2969,
frame_ms,0.3231,
frame_ms,0.3943,
frame_ms,0.4573,
frame_ms,0.3078,
frame_ms,0.2786,
frame_ms,0.3493,
frame_ms,0.2548,
frame_ms,0.3081,
frame_ms,0.312,
frame_ms,0.2921,
frame_ms,0.3097,
frame_ms,0.284,
frame_ms,0.2968,
frame_ms,0.3306,
frame_ms,0.3392,
frame_ms,0.6811,
frame_ms,0.2983,
frame_ms,0.2937,
frame_ms,0.309,
frame_ms,0.2872,
frame_ms,0.3064,
frame_ms,0.6678,
frame_ms,0.4123,
frame_ms,0.3575,
frame_ms,0.2967,
frame_ms,0.2614,
frame_ms,0.2897,
frame_ms,0.328,
frame_ms,0.3196,
frame_ms,0.2741,
frame_ms,0.3175,
frame_ms,0.3115,
frame_ms,0.3241,
frame_ms,0.2989,
frame_ms,0.3138,
frame_ms,0.2946,
frame_ms,0.3127,
frame_ms,0.3729,
frame_ms,0.3249,
frame_ms,0.5536,
frame_ms,0.2903,
frame_ms,0.295,
frame_ms,0.3388,
frame_ms,0.2694,
frame_ms,0.3046,
frame_ms,0.3029,
frame_ms,0.3137,
frame_ms,0.304,
frame_ms,0.3082,
frame_ms,0.3016,
frame_ms,0.3467,
frame_ms,0.3684,
frame_ms,0.5021,
frame_ms,0.3279,
frame_ms,0.2803,
frame_ms,0.2806,
frame_ms,0.3135,
frame_ms,0.2995,
frame_ms,0.3213,
frame_ms,0.2946,
frame_ms,0.3145,
frame_ms,0.3006,
frame_ms,0.3547,
frame_ms,0.3904,
frame_ms,0.3076,
frame_ms,0.4824,
frame_ms,0.9881,
frame_ms,0.2996,
frame_ms,0.3125,
frame_ms,0.3797,
frame_ms,0.327,
frame_ms,0.2974,
frame_ms,0.2767,
frame_ms,0.2672,
frame_ms,0.4367,
frame_ms,0.3361,
frame_ms,0.3138,
frame_ms,0.2527,
frame_ms,0.2498,
frame_ms,0.2507,
frame_ms,0.2554,
frame_ms,0.2442,
frame_ms,0.2772,
frame_ms,0.3278,
frame_ms,0.2695,
frame_ms,0.2911,
frame_ms,0.2945,
frame_ms,0.3259,
frame_ms,0.3333,
frame_ms,0.632,
frame_ms,0.2946,
frame_ms,0.3612,
frame_ms,0.3123,
frame_ms,0.269,
frame_ms,0.254,
frame_ms,0.3225,
frame_ms,0.2991,
frame_ms,0.2994,
frame_ms,0.2916,
frame_ms,0.3484,
frame_ms,0.3263,
frame_ms,0.3137,
frame_ms,0.5349,
frame_ms,0.315,
frame_ms,0.3161,
frame_ms,0.2848,
frame_ms,0.2981,
frame_ms,0.2937,
frame_ms,0.3171,
frame_ms,0.3316,
frame_ms,0.3059,
frame_ms,0.298,
frame_ms,0.3205,
frame_ms,0.368,
frame_ms,0.6143,
frame_ms,0.3284,
frame_ms,0.2707,
frame_ms,0.3174,
frame_ms,0.2978,
frame_ms,0.2977,
frame_ms,0.3197,
frame_ms,0.315,
frame_ms,0.3198,
frame_ms,0.2948,
frame_ms,0.3586,
frame_ms,0.3101,
frame_ms,0.2974,
frame_ms,0.5695,
frame_ms,0.315,
frame_ms,0.3073,
frame_ms,0.33,
frame_ms,0.2897,
frame_ms,0.3069,
frame_ms,0.2933,
frame_ms,0.3256,
frame_ms,0.3016,
frame_ms,0.316,
frame_ms,0.3355,
frame_ms,0.3695,
frame_ms,0.5205,
frame_ms,0.3059,
frame_ms,0.2999,
frame_ms,0.3269,
frame_ms,0.3267,
frame_ms,0.2955,
frame_ms,0.3122,
frame_ms,0.3282,
frame_ms,0.2785,
frame_ms,0.3201,
frame_ms,0.3209,
frame_ms,0.38,
frame_ms,0.3528,
frame_ms,0.4403,
frame_ms,0.27,
frame_ms,0.3141,
frame_ms,0.2951,
frame_ms,0.3271,
frame_ms,0.314,
frame_ms,0.2827,
frame_ms,0.6472,
frame_ms,0.3597,
frame_ms,0.3485,
frame_ms,0.3654,
frame_ms,0.3074,
frame_ms,0.2928,
frame_ms,0.297,
frame_ms,0.3422,
frame_ms,0.2698,
frame_ms,0.3132,
frame_ms,0.3118,
frame_ms,0.3187,
frame_ms,0.3119,
frame_ms,0.3246,
frame_ms,0.292,
frame_ms,0.3801,
frame_ms,0.3595,
frame_ms,0.4949,
frame_ms,0.2927,
frame_ms,0.3167,
frame_ms,0.292,
frame_ms,0.3131,
frame_ms,0.3032,
frame_ms,0.2994,
frame_ms,0.2976,
frame_ms,0.3026,
frame_ms,0.2975,
frame_ms,0.3028,
frame_ms,0.3577,
frame_ms,0.4222,
frame_ms,0.4748,
frame_ms,0.2867,
frame_ms,0.2975,
frame_ms,0.3097,
frame_ms,0.2945,
frame_ms,0.3012,
frame_ms,0.3362,
frame_ms,0.3062,
frame_ms,0.3052,
frame_ms,0.2931,
frame_ms,0.3534,
frame_ms,0.3713,
frame_ms,0.3327,
frame_ms,0.5011,
frame_ms,0.2943,
frame_ms,0.3119,
frame_ms,0.2993,
frame_ms,0.7601,
frame_ms,0.369,
frame_ms,0.2773,
frame_ms,0.2644,
frame_ms,0.328,
frame_ms,0.2651,
frame_ms,0.2636,
frame_ms,0.2464,
frame_ms,0.4693,
frame_ms,0.2913,
frame_ms,0.3193,
frame_ms,0.309,
frame_ms,0.3168,
frame_ms,0.2996,
frame_ms,0.3066,
frame_ms,0.31,
frame_ms,0.2965,
frame_ms,0.3177,
frame_ms,0.4199,
frame_ms,0.3654,
frame_ms,0.5628,
frame_ms,0.3278,
frame_ms,0.3116,
frame_ms,0.3092,
frame_ms,0.261,
frame_ms,0.2958,
frame_ms,0.3485,
frame_ms,0.3005,
frame_ms,0.3456,
frame_ms,0.3037,
frame_ms,0.3095,
frame_ms,0.3678,
frame_ms,0.2948,
frame_ms,0.6347,
frame_ms,0.3298,
frame_ms,0.2887,
frame_ms,0.311,
frame_ms,0.354,
frame_ms,0.2989,
frame_ms,0.3061,
frame_ms,0.3109,
frame_ms,0.3076,
frame_ms,0.3747,
frame_ms,0.3421,
frame_ms,0.613,
frame_ms,0.4171,
frame_ms,0.3247,
frame_ms,0.3073,
frame_ms,0.2803,
frame_ms,0.2483,
frame_ms,0.3617,
frame_ms,0.371,
frame_ms,0.3588,
frame_ms,0.355,
frame_ms,0.354,
frame_ms,0.3279,
frame_ms,0.3017,
frame_ms,0.3838,
frame_ms,0.3314,
frame_ms,0.3569,
frame_ms,0.3187,
frame_ms,0.3682,
frame_ms,0.3061,
frame_ms,0.3221,
frame_ms,0.5902,
frame_ms,0.344,
frame_ms,0.3451,
frame_ms,0.4288,
frame_ms,0.3247,
frame_ms,0.3714,
frame_ms,0.3441,
frame_ms,0.285,
frame_ms,0.4171,
frame_ms,0.6367,
frame_ms,0.2914,
frame_ms,0.2788,
frame_ms,0.3091,
frame_ms,0.3382,
frame_ms,0.2991,
frame_ms,0.3074,
frame_ms,0.458,
frame_ms,0.2988,
frame_ms,0.3327,
frame_ms,0.2885,
frame_ms,0.3237,
frame_ms,0.3055,
frame_ms,0.2801,
frame_ms,0.3057,
frame_ms,1.2855,
frame_ms,0.3604,
frame_ms,0.3024,
frame_ms,0.3158,
frame_ms,0.2661,
frame_ms,0.2475,
frame_ms,0.3185,
frame_ms,0.2731,
frame_ms,0.2748,
frame_ms,0.2664,
frame_ms,0.4018,
frame_ms,0.3346,
frame_ms,0.3082,
frame_ms,0.3375,
frame_ms,0.3377,
frame_ms,0.3376,
frame_ms,0.3676,
frame_ms,0.3321,
frame_ms,0.3081,
frame_ms,0.2834,
frame_ms,0.323,
frame_ms,0.3033,
frame_ms,0.2876,
frame_ms,0.3252,
frame_ms,0.3598,
frame_ms,0.4001,
frame_ms,0.2998,
frame_ms,0.3099,
frame_ms,0.4697,
frame_ms,0.2998,
frame_ms,0.3092,
frame_ms,0.333,
frame_ms,0.2952,
frame_ms,0.3311,
frame_ms,0.3616,
frame_ms,0.2633,
frame_ms,0.327,
frame_ms,0.3039,
frame_ms,0.3645,
frame_ms,0.344,
frame_ms,0.5923,
frame_ms,0.3298,
frame_ms,0.3074,
frame_ms,0.2747,
frame_ms,0.3961,
frame_ms,0.2781,
frame_ms,0.2754,
frame_ms,0.2932,
frame_ms,0.3076,
frame_ms,0.2922,
frame_ms,0.3464,
frame_ms,0.2928,
frame_ms,0.653,
frame_ms,0.2972,
frame_ms,0.3451,
frame_ms,0.312,
frame_ms,0.3343,
frame_ms,0.2866,
frame_ms,0.2753,
frame_ms,0.3403,
frame_ms,0.2827,
frame_ms,0.2937,
frame_ms,0.3638,
frame_ms,0.2939,
frame_ms,0.4166,
frame_ms,0.501,
frame_ms,0.3087,
frame_ms,0.2971,
frame_ms,0.3098,
frame_ms,0.3091,
frame_ms,0.3206,
frame_ms,0.306,
frame_ms,0.3272,
frame_ms,0.3219,
frame_ms,0.3584,
frame_ms,0.3166,
frame_ms,0.3399,
frame_ms,0.4994,
frame_ms,0.3449,
frame_ms,0.2877,
frame_ms,0.2802,
frame_ms,0.3423,
frame_ms,0.3341,
frame_ms,0.3074,
frame_ms,0.2728,
frame_ms,0.2944,
frame_ms,0.3084,
frame_ms,0.3519,
frame_ms,0.2928,
frame_ms,0.3717,
frame_ms,0.6028,
frame_ms,0.3922,
frame_ms,0.3868,
frame_ms,0.3481,
frame_ms,0.3566,
frame_ms,0.6826,
frame_ms,0.3061,
frame_ms,0.3095,
frame_ms,0.2834,
frame_ms,0.3074,
frame_ms,0.3123,
frame_ms,0.2842,
frame_ms,0.3127,
frame_ms,0.2743,
frame_ms,0.3116,
frame_ms,0.2699,
frame_ms,0.2563,
frame_ms,0.2451,
frame_ms,0.2649,
frame_ms,0.3021,
frame_ms,0.3012,
frame_ms,0.2871,
frame_ms,0.3575,
frame_ms,0.3555,
frame_ms,0.5566,
frame_ms,0.2819,
frame_ms,0.3972,
frame_ms,0.2619,
frame_ms,0.2596,
frame_ms,0.2918,
frame_ms,0.3161,
frame_ms,0.3099,
frame_ms,0.3101,
frame_ms,0.2922,
frame_ms,0.2948,
frame_ms,0.3536,
frame_ms,0.297,
frame_ms,0.5659,
frame_ms,0.3089,
frame_ms,0.3038,
frame_ms,0.3045,
frame_ms,0.2899,
frame_ms,0.2982,
frame_ms,0.3049,
frame_ms,0.3137,
frame_ms,0.313,
frame_ms,0.5724,
frame_ms,0.4612,
frame_ms,0.3426,
frame_ms,0.3541,
frame_ms,0.2668,
frame_ms,0.3239,
frame_ms,0.3016,
frame_ms,0.2867,
frame_ms,0.292,
frame_ms,0.2941,
frame_ms,0.303,
frame_ms,0.3029,
frame_ms,0.3121,
frame_ms,0.3196,
frame_ms,0.386,
frame_ms,0.3454,
frame_ms,0.4841,
frame_ms,0.2978,
frame_ms,0.3098,
frame_ms,0.2957,
frame_ms,0.3088,
frame_ms,0.2948,
frame_ms,0.311,
frame_ms,0.3356,
frame_ms,0.271,
frame_ms,0.292,
frame_ms,0.3146,
frame_ms,0.3825,
frame_ms,0.5768,
frame_ms,0.2643,
frame_ms,0.3182,
frame_ms,0.3123,
frame_ms,0.3135,
frame_ms,0.2974,
frame_ms,0.2971,
frame_ms,0.3245,
frame_ms,0.2775,
frame_ms,0.3152,
frame_ms,0.2993,
frame_ms,0.3574,
frame_ms,0.298,
frame_ms,0.5703,
frame_ms,0.3121,
frame_ms,0.3112,
frame_ms,0.2832,
frame_ms,0.2991,
frame_ms,0.3022,
frame_ms,0.6371,
frame_ms,0.311,
frame_ms,0.2565,
frame_ms,0.2649,
frame_ms,0.268,
frame_ms,0.3678,
frame_ms,0.2764,
frame_ms,0.3819,
frame_ms,0.2743,
frame_ms,0.3042,
frame_ms,0.2908,
frame_ms,0.3072,
frame_ms,0.2885,
frame_ms,0.3113,
frame_ms,0.295,
frame_ms,0.3099,
frame_ms,0.2985,
frame_ms,0.3135,
frame_ms,0.3132,
frame_ms,0.575,
frame_ms,0.28,
frame_ms,0.3083,
frame_ms,0.2928,
frame_ms,0.2946,
frame_ms,0.3003,
frame_ms,0.2981,
frame_ms,0.2987,
frame_ms,0.3064,
frame_ms,0.3068,
frame_ms,0.294,
frame_ms,0.2968,
frame_ms,0.3355,
frame_ms,0.6457,
frame_ms,0.2845,
frame_ms,0.2944,
frame_ms,0.3086,
frame_ms,0.2908,
frame_ms,0.313,
frame_ms,0.3199,
frame_ms,0.3218,
frame_ms,0.2621,
frame_ms,0.305,
frame_ms,0.299,
frame_ms,0.3751,
frame_ms,0.2871,
frame_ms,0.5489,
frame_ms,0.3044,
frame_ms,1.3714,
frame_ms,0.3166,
frame_ms,0.2792,
frame_ms,0.25,
frame_ms,0.2777,
frame_ms,0.2701,
frame_ms,0.3345,
frame_ms,0.3525,
frame_ms,0.3629,
frame_ms,0.2841,
frame_ms,0.2601,
frame_ms,0.2708,
frame_ms,0.2394,
frame_ms,0.2799,
frame_ms,0.2597,
frame_ms,0.2877,
frame_ms,0.3084,
frame_ms,0.2963,
frame_ms,0.2969,
frame_ms,0.2853,
frame_ms,0.3216,
frame_ms,0.3429,
frame_ms,0.5858,
frame_ms,0.2815,
frame_ms,0.3114,
frame_ms,0.3148,
frame_ms,0.3041,
frame_ms,0.3366,
frame_ms,0.2582,
frame_ms,0.3126,
frame_ms,0.3111,
frame_ms,0.2897,
frame_ms,0.3205,
frame_ms,0.3234,
frame_ms,0.2896,
frame_ms,0.5995,
frame_ms,0.293,
frame_ms,0.2948,
frame_ms,0.3077,
frame_ms,0.2963,
frame_ms,0.3104,
frame_ms,0.2842,
frame_ms,0.3132,
frame_ms,0.2973,
frame_ms,0.3013,
frame_ms,1.0644,
frame_ms,0.3788,
frame_ms,0.2806,
frame_ms,0.259,
frame_ms,0.2992,
frame_ms,0.2954,
frame_ms,0.2796,
frame_ms,0.2532,
frame_ms,0.306,
frame_ms,0.2709,
frame_ms,0.2584,
frame_ms,0.2574,
frame_ms,0.259,
frame_ms,0.2906,
frame_ms,0.304,
frame_ms,0.4433,
frame_ms,0.2929,
frame_ms,0.3041,
frame_ms,0.3331,
frame_ms,0.2907,
frame_ms,0.2903,
frame_ms,0.3063,
frame_ms,0.3192,
frame_ms,0.2875,
frame_ms,0.3047,
frame_ms,0.332,
frame_ms,0.2801,
frame_ms,0.3092,
frame_ms,0.5548,
frame_ms,0.2954,
frame_ms,0.3325,
frame_ms,0.3004,
frame_ms,0.2978,
frame_ms,0.3299,
frame_ms,0.2868,
frame_ms,0.3166,
frame_ms,0.3029,
frame_ms,0.318,
frame_ms,0.3086,
frame_ms,0.3516,
frame_ms,0.6834,
frame_ms,0.3238,
frame_ms,0.2745,
frame_ms,0.3043,
frame_ms,0.2944,
frame_ms,0.3207,
frame_ms,0.2885,
frame_ms,0.4251,
frame_ms,0.7254,
frame_ms,0.2961,
frame_ms,0.3287,
frame_ms,0.2597,
frame_ms,0.2601,
frame_ms,0.256,
frame_ms,0.2448,
frame_ms,0.2528,
frame_ms,0.2543,
frame_ms,0.3194,
frame_ms,0.3146,
frame_ms,0.2934,
frame_ms,0.2898,
frame_ms,0.3244,
frame_ms,0.2916,
frame_ms,0.3816,
frame_ms,0.2764,
frame_ms,0.3011,
frame_ms,0.6154,
frame_ms,0.3008,
frame_ms,0.3013,
frame_ms,0.3003,
frame_ms,0.3211,
frame_ms,0.301,
frame_ms,0.3413,
frame_ms,0.2848,
frame_ms,0.2981,
frame_ms,0.3063,
frame_ms,0.3821,
frame_ms,0.3983,
frame_ms,0.4702,
frame_ms,0.3022,
frame_ms,0.2603,
frame_ms,0.3089,
frame_ms,0.2943,
frame_ms,0.3009,
frame_ms,0.3207,
frame_ms,0.3036,
frame_ms,0.299,
frame_ms,0.2937,
frame_ms,0.3285,
frame_ms,0.5632,
frame_ms,0.369,
frame_ms,0.3086,
frame_ms,0.2556,
frame_ms,0.2925,
frame_ms,0.8794,
frame_ms,0.3428,
frame_ms,0.2831,
frame_ms,0.2764,
frame_ms,0.2667,
frame_ms,0.2692,
frame_ms,0.2521,
frame_ms,0.2518,
frame_ms,0.2464,
frame_ms,0.2495,
frame_ms,0.3004,
frame_ms,0.3502,
frame_ms,0.2857,
frame_ms,0.3104,
frame_ms,0.2946,
frame_ms,0.2952,
frame_ms,0.3159,
frame_ms,0.3121,
frame_ms,0.3042,
frame_ms,0.3068,
frame_ms,0.3627,
frame_ms,0.3674,
frame_ms,0.4874,
frame_ms,0.2854,
frame_ms,0.3017,
frame_ms,0.3241,
frame_ms,0.3006,
frame_ms,0.3052,
frame_ms,0.2859,
frame_ms,0.3043,
frame_ms,0.2898,
frame_ms,0.3086,
frame_ms,0.2895,
frame_ms,0.4108,
frame_ms,0.2755,
frame_ms,0.5627,
frame_ms,0.289,
frame_ms,0.2971,
frame_ms,0.3079,
frame_ms,0.3232,
frame_ms,0.2686,
frame_ms,0.3032,
frame_ms,0.3259,
frame_ms,0.2811,
frame_ms,0.309,
frame_ms,0.331,
frame_ms,0.3361,
frame_ms,0.3094,
frame_ms,2.0218,
frame_ms,0.3337,
frame_ms,0.2628,
frame_ms,0.2712,
frame_ms,0.2538,
frame_ms,0.2623,
frame_ms,0.2492,
frame_ms,0.2559,
frame_ms,0.2533,
frame_ms,0.4448,
frame_ms,0.2962,
frame_ms,0.3173,
frame_ms,0.2708,
frame_ms,0.3258,
frame_ms,0.2902,
frame_ms,0.2988,
frame_ms,0.3038,
frame_ms,0.2954,
frame_ms,0.2938,
frame_ms,0.297,
frame_ms,0.3011,
frame_ms,0.3307,
frame_ms,0.5765,
frame_ms,0.3076,
frame_ms,0.2918,
frame_ms,0.342,
frame_ms,0.2753,
frame_ms,0.3255,
frame_ms,0.2812,
frame_ms,0.3321,
frame_ms,0.2932,
frame_ms,0.3012,
frame_ms,0.3134,
frame_ms,0.3413,
frame_ms,0.3225,
frame_ms,0.5218,
frame_ms,0.2744,
frame_ms,0.3109,
frame_ms,0.3036,
frame_ms,0.3155,
frame_ms,0.3009,
frame_ms,0.3129,
frame_ms,0.2994,
frame_ms,0.2979,
frame_ms,0.6363,
frame_ms,0.4647,
frame_ms,0.3127,
frame_ms,0.3011,
frame_ms,0.2691,
frame_ms,0.2992,
frame_ms,0.2757,
frame_ms,0.3156,
frame_ms,0.2983,
frame_ms,0.2982,
frame_ms,0.3206,
frame_ms,0.2697,
frame_ms,0.3286,
frame_ms,0.3458,
frame_ms,0.2908,
frame_ms,0.3513,
frame_ms,0.5367,
frame_ms,0.3055,
frame_ms,0.282,
frame_ms,0.3027,
frame_ms,0.326,
frame_ms,0.2884,
frame_ms,0.2944,
frame_ms,0.3097,
frame_ms,0.3031,
frame_ms,0.3197,
frame_ms,0.3458,
frame_ms,0.3945,
frame_ms,0.5883,
frame_ms,0.3564,
frame_ms,0.3254,
frame_ms,0.2655,
frame_ms,0.2416,
frame_ms,0.3078,
frame_ms,0.3033,
frame_ms,0.3168,
frame_ms,0.3076,
frame_ms,0.3177,
frame_ms,0.3432,
frame_ms,0.3193,
frame_ms,0.3233,
frame_ms,0.595,
frame_ms,0.3121,
frame_ms,0.2829,
frame_ms,0.309,
frame_ms,0.3061,
frame_ms,0.5931,
frame_ms,0.3556,
frame_ms,0.2668,
frame_ms,0.2632,
frame_ms,0.2538,
frame_ms,0.2764,
frame_ms,0.3507,
frame_ms,0.5413,
frame_ms,0.2776,
frame_ms,0.3132,
frame_ms,0.2963,
frame_ms,0.3175,
frame_ms,0.2972,
frame_ms,0.3226,
frame_ms,0.3037,
frame_ms,0.311,
frame_ms,0.3134,
frame_ms,0.3079,
frame_ms,0.3449,
frame_ms,0.6716,
frame_ms,0.3178,
frame_ms,0.3145,
frame_ms,0.3117,
frame_ms,0.317,
frame_ms,0.3056,
frame_ms,0.3095,
frame_ms,0.3332,
frame_ms,0.3065,
frame_ms,0.289,
frame_ms,0.351,
frame_ms,0.3306,
frame_ms,0.3154,
frame_ms,0.5082,
frame_ms,0.3229,
frame_ms,0.2717,
frame_ms,0.2858,
frame_ms,0.3036,
frame_ms,0.2979,
frame_ms,0.3047,
frame_ms,0.2987,
frame_ms,0.2966,
frame_ms,0.3106,
frame_ms,0.3092,
frame_ms,0.2867,
frame_ms,0.3426,
frame_ms,0.5323,
frame_ms,0.2907,
frame_ms,0.6786,
frame_ms,0.2923,
frame_ms,0.2613,
frame_ms,0.2761,
frame_ms,0.2575,
frame_ms,0.2815,
frame_ms,0.2616,
frame_ms,0.2448,
frame_ms,0.2423,
frame_ms,0.2424,
frame_ms,0.291,
frame_ms,0.6113,
frame_ms,0.2794,
frame_ms,0.3063,
frame_ms,0.3145,
frame_ms,0.2986,
frame_ms,0.3005,
frame_ms,0.313,
frame_ms,0.2838,
frame_ms,0.3066,
frame_ms,0.3032,
frame_ms,0.3548,
frame_ms,0.4047,
frame_ms,0.4644,
frame_ms,0.3054,
frame_ms,0.2751,
frame_ms,0.3037,
frame_ms,0.2859,
frame_ms,0.3043,
frame_ms,0.2968,
frame_ms,0.2984,
frame_ms,0.2939,
frame_ms,0.2877,
frame_ms,0.2768,
frame_ms,0.3558,
frame_ms,0.3438,
frame_ms,0.5343,
frame_ms,0.2694,
frame_ms,0.312,
frame_ms,0.3228,
frame_ms,0.2868,
frame_ms,0.284,
frame_ms,0.3083,
frame_ms,0.3165,
frame_ms,0.2864,
frame_ms,0.2855,
frame_ms,0.2945,
frame_ms,0.3408,
frame_ms,0.2843,
frame_ms,0.5864,
frame_ms,0.3837,
frame_ms,0.3466,
frame_ms,0.3094,
frame_ms,0.2785,
frame_ms,0.2632,
frame_ms,0.2853,
frame_ms,0.2979,
frame_ms,0.2908,
frame_ms,0.3155,
frame_ms,0.3487,
frame_ms,0.3147,
frame_ms,0.3412,
frame_ms,0.5408,
frame_ms,0.3175,
frame_ms,0.3306,
frame_ms,0.2752,
frame_ms,0.3044,
frame_ms,0.3206,
frame_ms,0.3096,
frame_ms,0.3162,
frame_ms,0.3238,
frame_ms,0.3037,
frame_ms,0.3405,
frame_ms,0.3466,
frame_ms,0.5895,
frame_ms,0.3187,
frame_ms,0.3222,
frame_ms,0.3086,
frame_ms,0.3214,
frame_ms,0.3187,
frame_ms,0.315,
frame_ms,0.2973,
frame_ms,0.3219,
frame_ms,0.2968,
frame_ms,0.3509,
frame_ms,0.3499,
frame_ms,0.5991,
frame_ms,0.3235,
frame_ms,0.3011,
frame_ms,0.2969,
frame_ms,0.316,
frame_ms,0.3058,
frame_ms,0.3117,
frame_ms,0.2996,
frame_ms,0.3297,
frame_ms,0.3003,
frame_ms,0.33,
frame_ms,1.344,
frame_ms,0.3313,
frame_ms,0.264,
frame_ms,0.2689,
frame_ms,0.2661,
frame_ms,0.2901,
frame_ms,0.3065,
frame_ms,0.2562,
frame_ms,0.2355,
frame_ms,0.2394,
frame_ms,0.2358,
frame_ms,0.2345,
frame_ms,0.2356,
frame_ms,0.2601,
frame_ms,0.5771,
frame_ms,0.3058,
frame_ms,0.2953,
frame_ms,0.2978,
frame_ms,0.3207,
frame_ms,0.3183,
frame_ms,0.2936,
frame_ms,0.3148,
frame_ms,0.2945,
frame_ms,0.2999,
frame_ms,0.3633,
frame_ms,0.3277,
frame_ms,0.5553,
frame_ms,0.3405,
frame_ms,0.3023,
frame_ms,0.2948,
frame_ms,0.323,
frame_ms,0.3002,
frame_ms,0.3583,
frame_ms,0.2988,
frame_ms,0.2569,
frame_ms,0.3063,
frame_ms,0.2911,
frame_ms,0.3088,
frame_ms,0.2956,
frame_ms,0.6066,
frame_ms,0.2827,
frame_ms,0.3013,
frame_ms,0.3112,
frame_ms,0.315,
frame_ms,0.2873,
frame_ms,0.3161,
frame_ms,0.8308,
frame_ms,0.4192,
frame_ms,0.3834,
frame_ms,0.2827,
frame_ms,0.3051,
frame_ms,0.2733,
frame_ms,0.2625,
frame_ms,0.2716,
frame_ms,0.2457,
frame_ms,0.2767,
frame_ms,0.2844,
frame_ms,0.313,
frame_ms,0.2844,
frame_ms,0.3377,
frame_ms,0.2926,
frame_ms,0.3317,
frame_ms,0.3266,
frame_ms,0.433,
frame_ms,0.4094,
frame_ms,0.2989,
frame_ms,0.2999,
frame_ms,0.3092,
frame_ms,0.3437,
frame_ms,0.2822,
frame_ms,0.305,
frame_ms,0.3324,
frame_ms,0.2839,
frame_ms,0.3203,
frame_ms,0.3602,
frame_ms,0.3171,
frame_ms,0.6759,
frame_ms,0.3298,
frame_ms,0.261,
frame_ms,0.33,
frame_ms,0.2859,
frame_ms,0.3259,
frame_ms,0.3068,
frame_ms,0.3052,
frame_ms,0.3093,
frame_ms,0.2883,
frame_ms,0.343,
frame_ms,0.3643,
frame_ms,0.5135,
frame_ms,0.3069,
frame_ms,0.2913,
frame_ms,0.965,
frame_ms,0.3383,
frame_ms,0.2895,
frame_ms,0.2701,
frame_ms,0.2632,
frame_ms,0.2555,
frame_ms,0.2493,
frame_ms,0.2417,
frame_ms,0.2562,
frame_ms,0.3521,
frame_ms,0.3318,
frame_ms,0.3172,
frame_ms,0.2953,
frame_ms,0.2937,
frame_ms,0.3106,
frame_ms,0.2952,
frame_ms,0.2982,
frame_ms,0.3029,
frame_ms,0.3115,
frame_ms,0.2846,
frame_ms,0.309,
frame_ms,0.4399,
frame_ms,0.6122,
frame_ms,0.3085,
frame_ms,0.2622,
frame_ms,0.3001,
frame_ms,0.2962,
frame_ms,0.3069,
frame_ms,0.3182,
frame_ms,0.2946,
frame_ms,0.2907,
frame_ms,0.3134,
frame_ms,0.3078,
frame_ms,0.3136,
frame_ms,0.3336,
frame_ms,0.5782,
frame_ms,0.2912,
frame_ms,0.2904,
frame_ms,0.299,
frame_ms,0.2825,
frame_ms,0.2969,
frame_ms,0.3078,
frame_ms,0.3273,
frame_ms,0.267,
frame_ms,0.3172,
frame_ms,0.3261,
frame_ms,0.3768,
frame_ms,0.3777,
frame_ms,0.8002,
frame_ms,0.3191,
frame_ms,0.3532,
frame_ms,0.2685,
frame_ms,0.2497,
frame_ms,0.2478,
frame_ms,0.2543,
frame_ms,0.2367,
frame_ms,0.2361,
frame_ms,0.2723,
frame_ms,0.3137,
frame_ms,0.3765,
frame_ms,0.5658,
frame_ms,0.3204,
frame_ms,0.3325,
frame_ms,0.2648,
frame_ms,0.2591,
frame_ms,0.2958,
frame_ms,0.3109,
frame_ms,0.2999,
frame_ms,0.3129,
frame_ms,0.2889,
frame_ms,0.31,
frame_ms,0.35,
frame_ms,0.331,
frame_ms,0.593,
frame_ms,0.295,
frame_ms,0.2613,
frame_ms,0.3139,
frame_ms,0.3094,
frame_ms,0.3241,
frame_ms,0.32,
frame_ms,0.2923,
frame_ms,0.2908,
frame_ms,0.3065,
frame_ms,0.3127,
frame_ms,0.3885,
frame_ms,0.6291,
frame_ms,0.2854,
frame_ms,0.3083,
frame_ms,0.3238,
frame_ms,0.3165,
frame_ms,0.3239,
frame_ms,0.3196,
frame_ms,0.3223,
frame_ms,0.2925,
frame_ms,0.3149,
frame_ms,1.5383,
frame_ms,0.3634,
frame_ms,0.2643,
frame_ms,0.2727,
frame_ms,0.2702,
frame_ms,0.258,
frame_ms,0.2517,
frame_ms,0.2824,
frame_ms,0.2605,
frame_ms,0.2553,
frame_ms,0.24,
frame_ms,0.2356,
frame_ms,0.2443,
frame_ms,0.3327,
frame_ms,0.5817,
frame_ms,0.3077,
frame_ms,0.2572,
frame_ms,0.2764,
frame_ms,0.3147,
frame_ms,0.3004,
frame_ms,0.3114,
frame_ms,0.3163,
frame_ms,0.3004,
frame_ms,0.2991,
frame_ms,0.3255,
frame_ms,0.4061,
frame_ms,0.3066,
frame_ms,0.484,
frame_ms,0.3162,
frame_ms,0.3053,
frame_ms,0.2743,
frame_ms,0.3144,
frame_ms,0.3138,
frame_ms,0.3081,
frame_ms,0.3069,
frame_ms,0.305,
frame_ms,0.2945,
frame_ms,0.3429,
frame_ms,0.3097,
frame_ms,0.6181,
frame_ms,0.2892,
frame_ms,0.3194,
frame_ms,0.2978,
frame_ms,0.3012,
frame_ms,0.294,
frame_ms,0.3151,
frame_ms,0.3249,
frame_ms,0.4388,
frame_ms,0.2961,
frame_ms,0.2519,
frame_ms,0.2675,
frame_ms,0.2774,
frame_ms,0.5767,
frame_ms,0.3005,
frame_ms,0.3454,
frame_ms,0.2895,
frame_ms,0.258,
frame_ms,0.312,
frame_ms,0.2921,
frame_ms,0.3036,
frame_ms,0.2983,
frame_ms,0.3012,
frame_ms,0.3181,
frame_ms,0.3052,
frame_ms,0.3089,
frame_ms,0.5954,
frame_ms,0.3033,
frame_ms,0.2955,
frame_ms,0.2973,
frame_ms,0.2971,
frame_ms,0.292,
frame_ms,0.306,
frame_ms,0.331,
frame_ms,0.2934,
frame_ms,0.2845,
frame_ms,0.3331,
frame_ms,0.2909,
frame_ms,0.6709,
frame_ms,0.3091,
frame_ms,0.3061,
frame_ms,0.302,
frame_ms,0.3037,
frame_ms,0.3125,
frame_ms,0.2994,
frame_ms,0.3015,
frame_ms,0.3266,
frame_ms,0.2856,
frame_ms,0.3021,
frame_ms,0.3006,
frame_ms,0.3578,
frame_ms,0.6112,
frame_ms,0.2982,
frame_ms,0.3081,
frame_ms,0.2671,
frame_ms,0.4137,
frame_ms,0.3895,
frame_ms,0.2784,
frame_ms,0.2725,
frame_ms,0.2354,
frame_ms,0.2395,
frame_ms,0.3349,
frame_ms,0.3775,
frame_ms,0.506,
frame_ms,0.3538,
frame_ms,0.2969,
frame_ms,0.2631,
frame_ms,0.3038,
frame_ms,0.3149,
frame_ms,0.2903,
frame_ms,0.2979,
frame_ms,0.3084,
frame_ms,0.2984,
frame_ms,0.3011,
frame_ms,0.3947,
frame_ms,0.4122,
frame_ms,0.485,
frame_ms,0.3161,
frame_ms,0.2827,
frame_ms,0.2837,
frame_ms,0.3028,
frame_ms,0.3051,
frame_ms,0.3093,
frame_ms,0.2983,
frame_ms,0.3107,
frame_ms,0.3179,
frame_ms,0.3925,
frame_ms,0.3867,
frame_ms,0.3146,
frame_ms,0.4457,
frame_ms,0.3216,
frame_ms,0.3168,
frame_ms,0.3302,
frame_ms,0.3258,
frame_ms,0.2959,
frame_ms,0.3234,
frame_ms,0.2837,
frame_ms,0.2913,
frame_ms,0.2902,
frame_ms,0.3221,
frame_ms,0.381,
frame_ms,0.6546,
frame_ms,0.3642,
frame_ms,0.2915,
frame_ms,0.2511,
frame_ms,0.2445,
frame_ms,0.3395,
frame_ms,0.2964,
frame_ms,0.3019,
frame_ms,0.2872,
frame_ms,0.2959,
frame_ms,0.3364,
frame_ms,0.3506,
frame_ms,0.2767,
frame_ms,0.5748,
frame_ms,0.2863,
frame_ms,0.3248,
frame_ms,0.2545,
frame_ms,0.2987,
frame_ms,0.291,
frame_ms,0.2999,
frame_ms,0.3022,
frame_ms,0.3076,
frame_ms,0.2889,
frame_ms,0.318,
frame_ms,0.2803,
frame_ms,0.2999,
frame_ms,0.5874,
frame_ms,0.2827,
frame_ms,0.3048,
frame_ms,0.2989,
frame_ms,0.3333,
frame_ms,0.2891,
frame_ms,0.2815,
frame_ms,0.3085,
frame_ms,0.2946,
frame_ms,0.3097,
frame_ms,0.3304,
frame_ms,0.3562,
frame_ms,0.6245,
frame_ms,0.316,
frame_ms,0.276,
frame_ms,0.2908,
frame_ms,0.2952,
frame_ms,0.2933,
frame_ms,0.2828,
frame_ms,0.3109,
frame_ms,0.2976,
frame_ms,0.2905,
frame_ms,0.7804,
frame_ms,0.4405,
frame_ms,0.3352,
frame_ms,0.3605,
frame_ms,0.2734,
frame_ms,0.2995,
frame_ms,0.2508,
frame_ms,0.2541,
frame_ms,0.2435,
frame_ms,0.2659,
frame_ms,0.3184,
frame_ms,0.2741,
frame_ms,0.2714,
frame_ms,0.3525,
frame_ms,0.3405,
frame_ms,0.4987,
frame_ms,0.2785,
frame_ms,0.3252,
frame_ms,0.3382,
frame_ms,0.2924,
frame_ms,0.2931,
frame_ms,0.2943,
frame_ms,0.2904,
frame_ms,0.3014,
frame_ms,0.295,
frame_ms,0.2998,
frame_ms,0.4088,
frame_ms,0.3128,
frame_ms,0.5675,
frame_ms,0.3177,
frame_ms,0.3055,
frame_ms,0.2586,
frame_ms,0.3014,
frame_ms,0.2928,
frame_ms,0.2804,
frame_ms,0.3082,
frame_ms,0.3013,
frame_ms,0.298,
frame_ms,0.2862,
frame_ms,0.3515,
frame_ms,0.3562,
frame_ms,0.5295,
frame_ms,0.3126,
frame_ms,0.3082,
frame_ms,0.2601,
frame_ms,0.2753,
frame_ms,0.2913,
frame_ms,0.3518,
frame_ms,0.2919,
frame_ms,0.3032,
frame_ms,0.3166,
frame_ms,0.272,
frame_ms,0.3352,
frame_ms,0.4201,
frame_ms,0.2799,
frame_ms,0.5012,
frame_ms,0.2797,
frame_ms,0.3066,
frame_ms,0.3131,
frame_ms,0.2878,
frame_ms,0.2919,
frame_ms,0.3037,
frame_ms,0.2951,
frame_ms,0.2984,
frame_ms,0.2839,
frame_ms,0.3218,
frame_ms,0.3218,
frame_ms,0.5799,
frame_ms,0.3456,
frame_ms,0.3008,
frame_ms,0.2958,
frame_ms,0.3125,
frame_ms,0.2954,
frame_ms,0.3132,
frame_ms,0.3403,
frame_ms,0.291,
frame_ms,0.2884,
frame_ms,0.3106,
frame_ms,0.334,
frame_ms,0.3072,
frame_ms,0.2808,
frame_ms,0.6411,
frame_ms,0.2846,
frame_ms,0.2919,
frame_ms,0.3003,
frame_ms,0.3095,
frame_ms,0.3094,
frame_ms,0.3007,
frame_ms,0.2988,
frame_ms,0.3162,
frame_ms,0.3373,
frame_ms,0.3498,
frame_ms,0.6103,
frame_ms,0.2979,
frame_ms,0.6605,
frame_ms,0.3459,
frame_ms,0.3318,
frame_ms,0.2825,
frame_ms,0.3023,
frame_ms,0.2689,
frame_ms,0.2635,
frame_ms,0.2624,
frame_ms,0.2521,
frame_ms,0.28,
frame_ms,0.4973,
frame_ms,0.2963,
frame_ms,0.2906,
frame_ms,0.2999,
frame_ms,0.3166,
frame_ms,0.3553,
frame_ms,0.3068,
frame_ms,0.2968,
frame_ms,0.2886,
frame_ms,0.2965,
frame_ms,0.2906,
frame_ms,0.3672,
frame_ms,0.3448,
frame_ms,0.5408,
frame_ms,0.3099,
frame_ms,0.2773,
frame_ms,0.3127,
frame_ms,0.3044,
frame_ms,0.2941,
frame_ms,0.3308,
frame_ms,0.3018,
frame_ms,0.3162,
frame_ms,0.2929,
frame_ms,0.3257,
frame_ms,0.2988,
frame_ms,0.5986,
frame_ms,0.2769,
frame_ms,0.3317,
frame_ms,0.2819,
frame_ms,0.3125,
frame_ms,0.3158,
frame_ms,0.316,
frame_ms,0.3213,
frame_ms,0.2935,
frame_ms,0.3007,
frame_ms,0.3137,
frame_ms,0.3308,
frame_ms,0.3057,
frame_ms,0.9582,
frame_ms,0.3029,
frame_ms,0.26,
frame_ms,0.2476,
frame_ms,0.239,
frame_ms,0.2523,
frame_ms,0.2849,
frame_ms,0.2481,
frame_ms,0.2643,
frame_ms,0.2876,
frame_ms,0.3137,
frame_ms,0.3029,
frame_ms,0.3329,
frame_ms,0.5825,
frame_ms,0.2986,
frame_ms,0.3322,
frame_ms,0.2751,
frame_ms,0.3034,
frame_ms,0.2906,
frame_ms,0.3143,
frame_ms,0.3046,
frame_ms,0.3024,
frame_ms,0.2832,
frame_ms,0.3929,
frame_ms,0.3675,
frame_ms,0.3307,
frame_ms,0.4087,
frame_ms,0.3168,
frame_ms,0.2862,
frame_ms,0.2929,
frame_ms,0.2862,
frame_ms,0.2985,
frame_ms,0.2895,
frame_ms,0.3376,
frame_ms,0.2685,
frame_ms,0.2819,
frame_ms,0.3054,
frame_ms,0.3487,
frame_ms,0.5598,
frame_ms,0.2831,
frame_ms,0.2866,
frame_ms,0.2975,
frame_ms,0.2952,
frame_ms,0.2861,
frame_ms,0.2962,
frame_ms,0.2922,
frame_ms,0.2914,
frame_ms,0.3136,
frame_ms,0.3014,
frame_ms,0.3051,
frame_ms,0.6457,
frame_ms,0.3801,
frame_ms,0.2753,
frame_ms,0.2662,
frame_ms,0.2553,
frame_ms,0.257,
frame_ms,0.2824,
frame_ms,0.3004,
frame_ms,0.2872,
frame_ms,0.3161,
frame_ms,0.2729,
frame_ms,0.2923,
frame_ms,0.3191,
frame_ms,0.2908,
frame_ms,0.3854,
frame_ms,0.4862,
frame_ms,0.2941,
frame_ms,0.2908,
frame_ms,0.2859,
frame_ms,0.3076,
frame_ms,0.2884,
frame_ms,0.3138,
frame_ms,0.2883,
frame_ms,0.3032,
frame_ms,0.2958,
frame_ms,0.3452,
frame_ms,0.2605,
frame_ms,0.3061,
frame_ms,0.6327,
frame_ms,0.2862,
frame_ms,0.3259,
frame_ms,0.2581,
frame_ms,0.2966,
frame_ms,0.3177,
frame_ms,0.3048,
frame_ms,0.3037,
frame_ms,0.2848,
frame_ms,0.3027,
frame_ms,0.312,
frame_ms,0.2902,
frame_ms,0.611,
frame_ms,0.3341,
frame_ms,0.2621,
frame_ms,0.2587,
frame_ms,0.3124,
frame_ms,0.2872,
frame_ms,0.2902,
frame_ms,0.2999,
frame_ms,0.7609,
frame_ms,0.4368,
frame_ms,0.416,
frame_ms,0.3072,
frame_ms,0.335,
frame_ms,0.3977,
frame_ms,0.2901,
frame_ms,0.2751,
frame_ms,0.2562,
frame_ms,0.2451,
frame_ms,0.2425,
frame_ms,0.2489,
frame_ms,0.2432,
frame_ms,0.2553,
frame_ms,0.257,
frame_ms,0.2495,
frame_ms,0.2662,
frame_ms,0.2979,
frame_ms,0.6633,
frame_ms,0.2846,
frame_ms,0.2885,
frame_ms,0.2958,
frame_ms,0.2898,
frame_ms,0.3049,
frame_ms,0.3178,
frame_ms,0.3114,
frame_ms,0.2634,
frame_ms,0.2966,
frame_ms,0.2831,
frame_ms,0.311,
frame_ms,0.3678,
frame_ms,0.5489,
frame_ms,0.3031,
frame_ms,0.2836,
frame_ms,0.2674,
frame_ms,0.3079,
frame_ms,0.3016,
frame_ms,0.2944,
frame_ms,0.2859,
frame_ms,0.3141,
frame_ms,0.2916,
frame_ms,0.2877,
frame_ms,0.332,
frame_ms,0.3501,
frame_ms,0.5807,
frame_ms,0.3196,
frame_ms,0.3244,
frame_ms,0.481,
frame_ms,0.312,
frame_ms,0.2651,
frame_ms,0.2381,
frame_ms,0.2344,
frame_ms,0.2703,
frame_ms,0.2879,
frame_ms,0.3276,
frame_ms,0.3066,
frame_ms,0.3014,
frame_ms,0.5683,
frame_ms,0.2872,
frame_ms,0.2977,
frame_ms,0.2885,
frame_ms,0.3055,
frame_ms,0.2874,
frame_ms,0.296,
frame_ms,0.291,
frame_ms,0.3023,
frame_ms,0.2942,
frame_ms,0.335,
frame_ms,0.3547,
frame_ms,0.3729,
frame_ms,0.4616,
frame_ms,0.306,
frame_ms,0.2862,
frame_ms,0.3038,
frame_ms,0.2922,
frame_ms,0.2935,
frame_ms,0.2892,
frame_ms,0.307,
frame_ms,0.298,
frame_ms,0.2888,
frame_ms,0.3046,
frame_ms,0.5066,
frame_ms,0.3489,
frame_ms,0.3751,
frame_ms,0.2805,
frame_ms,0.255,
frame_ms,0.2813,
frame_ms,0.2989,
frame_ms,0.2745,
frame_ms,0.2948,
frame_ms,0.3155,
frame_ms,0.3195,
frame_ms,0.2589,
frame_ms,0.2828,
frame_ms,0.3003,
frame_ms,0.7391,
frame_ms,0.3893,
frame_ms,0.317,
frame_ms,0.2609,
frame_ms,0.273,
frame_ms,0.2465,
frame_ms,0.2359,
frame_ms,0.2554,
frame_ms,0.3138,
frame_ms,0.2795,
frame_ms,0.2868,
frame_ms,0.3684,
frame_ms,0.3548,
frame_ms,0.3029,
frame_ms,0.4486,
frame_ms,0.3071,
frame_ms,0.3257,
frame_ms,0.2641,
frame_ms,0.2912,
frame_ms,0.2878,
frame_ms,0.3018,
frame_ms,0.2837,
frame_ms,0.3011,
frame_ms,0.3214,
frame_ms,0.348,
frame_ms,0.3155,
frame_ms,0.3574,
frame_ms,0.539,
frame_ms,0.3265,
frame_ms,0.2904,
frame_ms,0.2975,
frame_ms,0.3048,
frame_ms,0.3145,
frame_ms,0.2885,
frame_ms,0.3043,
frame_ms,0.2878,
frame_ms,0.2906,
frame_ms,0.3111,
frame_ms,0.3912,
frame_ms,0.5084,
frame_ms,0.2875,
frame_ms,0.2977,
frame_ms,0.2836,
frame_ms,0.3067,
frame_ms,0.2927,
frame_ms,0.282,
frame_ms,0.2932,
frame_ms,0.2862,
frame_ms,0.9632,
frame_ms,0.337,
frame_ms,0.2703,
frame_ms,0.2549,
frame_ms,0.2621,
frame_ms,0.2455,
frame_ms,0.2443,
frame_ms,0.2398,
frame_ms,0.307,
frame_ms,0.2924,
frame_ms,0.2523,
frame_ms,0.3009,
frame_ms,0.2532,
frame_ms,0.328,
frame_ms,0.266,
frame_ms,0.2874,
frame_ms,0.3096,
frame_ms,0.3142,
frame_ms,0.5419,
frame_ms,0.3008,
frame_ms,0.279,
frame_ms,0.2743,
frame_ms,0.3016,
frame_ms,0.2883,
frame_ms,0.3027,
frame_ms,0.2937,
frame_ms,0.2987,
frame_ms,0.2826,
frame_ms,0.3332,
frame_ms,0.3151,
frame_ms,0.3262,
frame_ms,0.5199,
frame_ms,0.3113,
frame_ms,0.2811,
frame_ms,0.273,
frame_ms,0.286,
frame_ms,0.3061,
frame_ms,0.2967,
frame_ms,0.2876,
frame_ms,0.2921,
frame_ms,0.2845,
frame_ms,0.3483,
frame_ms,0.3845,
frame_ms,0.3251,
frame_ms,0.4318,
frame_ms,0.295,
frame_ms,0.2866,
frame_ms,0.2877,
frame_ms,0.299,
frame_ms,0.2858,
frame_ms,0.5285,
frame_ms,0.312,
frame_ms,0.3334,
frame_ms,0.2903,
frame_ms,0.255,
frame_ms,0.2702,
frame_ms,0.2696,
frame_ms,0.4909,
frame_ms,0.2905,
frame_ms,0.2791,
frame_ms,0.3001,
frame_ms,0.3106,
frame_ms,0.2934,
frame_ms,0.2911,
frame_ms,0.3199,
frame_ms,0.2873,
frame_ms,0.2825,
frame_ms,0.2899,
frame_ms,0.3493,
frame_ms,0.3004,
frame_ms,0.5535,
frame_ms,0.3046,
frame_ms,0.295,
frame_ms,0.2785,
frame_ms,0.3221,
frame_ms,0.3086,
frame_ms,0.3511,
frame_ms,0.3485,
frame_ms,0.2927,
frame_ms,0.2555,
frame_ms,0.3062,
frame_ms,0.2978,
frame_ms,0.2775,
frame_ms,0.5368,
frame_ms,0.3083,
frame_ms,0.2975,
frame_ms,0.288,
frame_ms,0.2753,
frame_ms,0.2941,
frame_ms,0.2874,
frame_ms,0.3036,
frame_ms,0.3162,
frame_ms,0.3071,
frame_ms,0.3279,
frame_ms,0.3206,
frame_ms,0.2804,
frame_ms,1.1676,
frame_ms,0.3555,
frame_ms,0.2774,
frame_ms,0.256,
frame_ms,0.2525,
frame_ms,0.2453,
frame_ms,0.2511,
frame_ms,0.2356,
frame_ms,0.2378,
frame_ms,0.2531,
frame_ms,0.3341,
frame_ms,0.3493,
frame_ms,0.4159,
frame_ms,0.2817,
frame_ms,0.3046,
frame_ms,0.2945,
frame_ms,0.2971,
frame_ms,0.294,
frame_ms,0.3176,
frame_ms,0.296,
frame_ms,0.2919,
frame_ms,0.2824,
frame_ms,0.3023,
frame_ms,0.3143,
frame_ms,0.4103,
frame_ms,0.5659,
frame_ms,0.2701,
frame_ms,0.2639,
frame_ms,0.2988,
frame_ms,0.275,
frame_ms,0.2939,
frame_ms,0.299,
frame_ms,0.302,
frame_ms,0.3034,
frame_ms,0.3105,
frame_ms,0.273,
frame_ms,0.3108,
frame_ms,0.2952,
frame_ms,0.571,
frame_ms,0.2947,
frame_ms,0.2848,
frame_ms,0.2836,
frame_ms,0.3095,
frame_ms,0.2989,
frame_ms,0.2928,
frame_ms,0.3164,
frame_ms,0.2703,
frame_ms,0.2901,
frame_ms,0.2867,
frame_ms,0.9018,
frame_ms,0.4718,
frame_ms,0.2855,
frame_ms,0.277,
frame_ms,0.2588,
frame_ms,0.2629,
frame_ms,0.2532,
frame_ms,0.2401,
frame_ms,0.2247,
frame_ms,0.2538,
frame_ms,0.3293,
frame_ms,0.279,
frame_ms,0.309,
frame_ms,0.3863,
frame_ms,0.313,
frame_ms,0.5263,
frame_ms,0.3108,
frame_ms,0.2919,
frame_ms,0.2551,
frame_ms,0.2947,
frame_ms,0.2876,
frame_ms,0.3053,
frame_ms,0.2882,
frame_ms,0.2931,
frame_ms,0.2888,
frame_ms,0.3311,
frame_ms,0.3016,
frame_ms,0.418,
frame_ms,0.445,
frame_ms,0.2821,
frame_ms,0.2993,
frame_ms,0.2956,
frame_ms,0.2903,
frame_ms,0.2958,
frame_ms,0.2922,
frame_ms,0.3014,
frame_ms,0.2769,
frame_ms,0.2876,
frame_ms,0.2799,
frame_ms,0.3324,
frame_ms,0.3039,
frame_ms,0.5376,
frame_ms,0.3743,
frame_ms,0.266,
frame_ms,0.2717,
frame_ms,0.2949,
frame_ms,0.2736,
frame_ms,0.333,
frame_ms,0.2881,
frame_ms,0.2587,
frame_ms,0.4566,
frame_ms,0.3461,
frame_ms,0.2813,
frame_ms,0.312,
frame_ms,0.3615,
frame_ms,0.3252,
frame_ms,0.2461,
frame_ms,0.2855,
frame_ms,0.2835,
frame_ms,0.2905,
frame_ms,0.2879,
frame_ms,0.3717,
frame_ms,0.2546,
frame_ms,0.2997,
frame_ms,0.243,
frame_ms,0.3237,
frame_ms,0.281,
frame_ms,0.5688,
frame_ms,0.2764,
frame_ms,0.3035,
frame_ms,0.2741,
frame_ms,0.2924,
frame_ms,0.2868,
frame_ms,0.3028,
frame_ms,0.2938,
frame_ms,0.2933,
frame_ms,0.2928,
frame_ms,0.2833,
frame_ms,0.2904,
frame_ms,0.3481,
frame_ms,0.263,
frame_ms,0.5529,
frame_ms,0.3121,
frame_ms,0.315,
frame_ms,0.2746,
frame_ms,0.2911,
frame_ms,0.2987,
frame_ms,0.3094,
frame_ms,0.3105,
frame_ms,0.2877,
frame_ms,0.2807,
frame_ms,0.2985,
frame_ms,0.3242,
frame_ms,0.3584,
frame_ms,0.5845,
frame_ms,0.2968,
frame_ms,0.2442,
frame_ms,0.3034,
frame_ms,0.2703,
frame_ms,0.9083,
frame_ms,0.3286,
frame_ms,0.3051,
frame_ms,0.2547,
frame_ms,0.2621,
frame_ms,0.2789,
frame_ms,0.2882,
frame_ms,0.2897,
frame_ms,0.294,
frame_ms,0.2572,
frame_ms,0.2475,
frame_ms,0.2589,
frame_ms,0.2443,
frame_ms,0.3149,
frame_ms,0.2854,
frame_ms,0.2837,
frame_ms,0.3182,
frame_ms,0.2795,
frame_ms,0.3588,
frame_ms,0.2795,
frame_ms,0.2663,
frame_ms,0.604,
frame_ms,0.3102,
frame_ms,0.2669,
frame_ms,0.3012,
frame_ms,0.2978,
frame_ms,0.2941,
frame_ms,0.2972,
frame_ms,0.3544,
frame_ms,0.251,
frame_ms,0.2788,
frame_ms,0.3047,
frame_ms,0.3574,
frame_ms,0.2703,
frame_ms,0.5631,
frame_ms,0.2809,
frame_ms,0.2982,
frame_ms,0.2879,
frame_ms,0.2949,
frame_ms,0.2845,
frame_ms,0.2924,
frame_ms,0.2913,
frame_ms,0.3023,
frame_ms,0.278,
frame_ms,0.28,
frame_ms,0.3232,
frame_ms,0.3289,
frame_ms,0.5624,
frame_ms,0.3007,
frame_ms,0.4226,
frame_ms,0.3082,
frame_ms,0.2614,
frame_ms,0.2574,
frame_ms,0.2748,
frame_ms,0.2702,
frame_ms,0.286,
frame_ms,0.295,
frame_ms,0.2839,
frame_ms,0.3247,
frame_ms,0.3549,
frame_ms,0.5561,
frame_ms,0.3271,
frame_ms,0.271,
frame_ms,0.2836,
frame_ms,0.2879,
frame_ms,0.2855,
frame_ms,0.2946,
frame_ms,0.2881,
frame_ms,0.2938,
frame_ms,0.2938,
frame_ms,0.3347,
frame_ms,0.2657,
frame_ms,0.3371,
frame_ms,0.5344,
frame_ms,0.3163,
frame_ms,0.2796,
frame_ms,0.3115,
frame_ms,0.2899,
frame_ms,0.2979,
frame_ms,0.2868,
frame_ms,0.2985,
frame_ms,0.2972,
frame_ms,0.3149,
frame_ms,0.2799,
frame_ms,0.3253,
frame_ms,0.3244,
frame_ms,0.5596,
frame_ms,0.2704,
frame_ms,0.3083,
frame_ms,0.2979,
frame_ms,0.3119,
frame_ms,0.2895,
frame_ms,0.2953,
frame_ms,0.3172,
frame_ms,0.2878,
frame_ms,0.3025,
frame_ms,0.304,
frame_ms,0.3175,
frame_ms,0.3903,
frame_ms,0.6257,
frame_ms,0.4681,
frame_ms,0.282,
frame_ms,0.265,
frame_ms,0.2424,
frame_ms,0.2499,
frame_ms,0.253,
frame_ms,0.2961,
frame_ms,0.2811,
frame_ms,0.2886,
frame_ms,0.3368,
frame_ms,0.3586,
frame_ms,0.2934,
frame_ms,0.5675,
frame_ms,0.294,
frame_ms,0.3153,
frame_ms,0.2568,
frame_ms,0.3187,
frame_ms,0.2889,
frame_ms,0.2996,
frame_ms,0.3043,
frame_ms,0.3041,
frame_ms,0.2948,
frame_ms,0.3822,
frame_ms,0.3685,
frame_ms,0.4583,
frame_ms,0.3323,
frame_ms,0.2819,
frame_ms,0.2501,
frame_ms,0.2981,
frame_ms,0.2839,
frame_ms,0.3141,
frame_ms,0.3094,
frame_ms,0.3036,
frame_ms,0.295,
frame_ms,0.2926,
frame_ms,0.3437,
frame_ms,0.4197,
frame_ms,0.5367,
frame_ms,0.2888,
frame_ms,0.2671,
frame_ms,0.2954,
frame_ms,0.3024,
frame_ms,0.3135,
frame_ms,0.2866,
frame_ms,0.3085,
frame_ms,0.2943,
frame_ms,0.5444,
frame_ms,0.4335,
frame_ms,0.369,
frame_ms,0.3861,
frame_ms,0.3267,
frame_ms,0.2603,
frame_ms,0.2479,
frame_ms,0.2415,
frame_ms,0.263,
frame_ms,0.3002,
frame_ms,0.294,
frame_ms,0.3131,
frame_ms,0.2706,
frame_ms,0.303,
frame_ms,0.2999,
frame_ms,0.3079,
frame_ms,0.4332,
frame_ms,0.4763,
frame_ms,0.3145,
frame_ms,0.2731,
frame_ms,0.3218,
frame_ms,0.296,
frame_ms,0.3004,
frame_ms,0.2942,
frame_ms,0.2975,
frame_ms,0.2953,
frame_ms,0.3006,
frame_ms,0.3361,
frame_ms,0.3957,
frame_ms,0.2833,
frame_ms,0.4684,
frame_ms,0.2899,
frame_ms,0.3294,
frame_ms,0.2777,
frame_ms,0.3045,
frame_ms,0.2993,
frame_ms,0.2972,
frame_ms,0.3009,
frame_ms,0.3176,
frame_ms,0.2908,
frame_ms,0.3246,
frame_ms,0.3435,
frame_ms,0.5317,
frame_ms,0.3076,
frame_ms,0.315,
frame_ms,0.3037,
frame_ms,0.2995,
frame_ms,0.3073,
frame_ms,0.4815,
frame_ms,0.3525,
frame_ms,0.2763,
frame_ms,0.2598,
frame_ms,0.2617,
frame_ms,0.3471,
frame_ms,0.391,
frame_ms,0.4323,
frame_ms,0.2922,
frame_ms,0.295,
frame_ms,0.326,
frame_ms,0.2754,
frame_ms,0.3402,
frame_ms,0.2581,
frame_ms,0.3135,
frame_ms,0.3016,
frame_ms,0.3022,
frame_ms,0.3002,
frame_ms,0.3352,
frame_ms,0.3791,
frame_ms,0.5737,
frame_ms,0.314,
frame_ms,0.2693,
frame_ms,0.2986,
frame_ms,0.3064,
frame_ms,0.2952,
frame_ms,0.3269,
frame_ms,0.3222,
frame_ms,0.2919,
frame_ms,0.28,
frame_ms,0.3296,
frame_ms,0.3149,
frame_ms,0.2947,
frame_ms,0.6148,
frame_ms,0.2868,
frame_ms,0.2819,
frame_ms,0.2954,
frame_ms,0.3032,
frame_ms,0.2953,
frame_ms,0.3025,
frame_ms,0.3122,
frame_ms,0.3001,
frame_ms,0.3144,
frame_ms,0.3277,
frame_ms,0.3423,
frame_ms,1.5901,
frame_ms,0.4427,
frame_ms,0.3082,
frame_ms,0.3961,
frame_ms,0.384,
frame_ms,0.3623,
frame_ms,0.3954,
frame_ms,0.409,
frame_ms,0.302,
frame_ms,0.2963,
frame_ms,0.3096,
frame_ms,0.3274,
frame_ms,0.3503,
frame_ms,0.3078,
frame_ms,0.2925,
frame_ms,0.3236,
frame_ms,0.3822,
frame_ms,0.3346,
frame_ms,0.305,
frame_ms,0.3026,
frame_ms,0.267,
frame_ms,0.2684,
frame_ms,0.478,
frame_ms,0.3398,
frame_ms,0.2906,
frame_ms,0.2592,
frame_ms,0.2522,
frame_ms,0.2934,
frame_ms,0.2536,
frame_ms,0.355,
frame_ms,0.3052,
frame_ms,0.2525,
frame_ms,0.2651,
frame_ms,0.3965,
frame_ms,0.3486,
frame_ms,0.3838,
frame_ms,0.2925,
frame_ms,0.3025,
frame_ms,0.3015,
frame_ms,0.2971,
frame_ms,0.3075,
frame_ms,0.292,
frame_ms,0.3348,
frame_ms,0.259,
frame_ms,0.2856,
frame_ms,0.2958,
frame_ms,0.381,
frame_ms,0.3342,
frame_ms,0.5045,
frame_ms,0.3251,
frame_ms,0.2929,
frame_ms,0.3342,
frame_ms,0.2617,
frame_ms,0.2968,
frame_ms,0.3125,
frame_ms,0.299,
frame_ms,0.3091,
frame_ms,0.2992,
frame_ms,0.3408,
frame_ms,0.2993,
frame_ms,0.3787,
frame_ms,0.6107,
frame_ms,0.2851,
frame_ms,0.2975,
frame_ms,0.2991,
frame_ms,0.3054,
frame_ms,0.3075,
frame_ms,0.2934,
frame_ms,0.3137,
frame_ms,0.3105,
frame_ms,0.2985,
frame_ms,0.3756,
frame_ms,0.3232,
frame_ms,0.584,
frame_ms,0.3057,
frame_ms,0.3258,
frame_ms,0.3623,
frame_ms,0.3568,
frame_ms,0.3301,
frame_ms,0.314,
frame_ms,0.2563,
frame_ms,0.2571,
frame_ms,0.2762,
frame_ms,0.3288,
frame_ms,0.3971,
frame_ms,0.4921,
frame_ms,0.3121,
frame_ms,0.2919,
frame_ms,0.2876,
frame_ms,0.3114,
frame_ms,0.3098,
frame_ms,0.2833,
frame_ms,0.8391,
frame_ms,0.3372,
frame_ms,0.3169,
frame_ms,0.2918,
frame_ms,0.2594,
frame_ms,0.2508,
frame_ms,0.2766,
frame_ms,0.2731,
frame_ms,0.3122,
frame_ms,0.2773,
frame_ms,0.3006,
frame_ms,0.3006,
frame_ms,0.307,
frame_ms,0.3317,
frame_ms,0.2735,
frame_ms,0.3271,
frame_ms,0.3349,
frame_ms,0.406,
frame_ms,0.3347,
frame_ms,0.4108,
frame_ms,0.2781,
frame_ms,0.3033,
frame_ms,0.2966,
frame_ms,0.2911,
frame_ms,0.2992,
frame_ms,0.3139,
frame_ms,0.2938,
frame_ms,0.3052,
frame_ms,0.289,
frame_ms,0.3404,
frame_ms,0.2916,
frame_ms,0.3063,
frame_ms,0.5908,
frame_ms,0.3081,
frame_ms,0.3209,
frame_ms,0.2765,
frame_ms,0.3001,
frame_ms,0.2986,
frame_ms,0.3123,
frame_ms,0.3083,
frame_ms,0.2919,
frame_ms,0.3048,
frame_ms,0.3255,
frame_ms,0.4033,
frame_ms,0.5096,
frame_ms,0.326,
frame_ms,0.2419,
frame_ms,0.3203,
frame_ms,0.4358,
frame_ms,0.3913,
frame_ms,0.3353,
frame_ms,0.3016,
frame_ms,0.2536,
frame_ms,0.2614,
frame_ms,0.244,
frame_ms,0.3339,
frame_ms,0.3141,
frame_ms,0.5037,
frame_ms,0.32,
frame_ms,0.2822,
frame_ms,0.2706,
frame_ms,0.3071,
frame_ms,0.3006,
frame_ms,0.3466,
frame_ms,0.2729,
frame_ms,0.3097,
frame_ms,0.2804,
frame_ms,0.2845,
frame_ms,0.3355,
frame_ms,0.3171,
frame_ms,0.5834,
frame_ms,0.267,
frame_ms,0.2863,
frame_ms,0.3101,
frame_ms,0.2953,
frame_ms,0.3064,
frame_ms,0.3515,
frame_ms,0.2944,
frame_ms,0.26,
frame_ms,0.3141,
frame_ms,0.3264,
frame_ms,0.4056,
frame_ms,0.3355,
frame_ms,0.476,
frame_ms,0.3243,
frame_ms,0.2885,
frame_ms,0.3001,
frame_ms,0.309,
frame_ms,0.2909,
frame_ms,0.3161,
frame_ms,0.3115,
frame_ms,0.3508,
frame_ms,0.2676,
frame_ms,0.4409,
frame_ms,0.312,
frame_ms,1.4874,
frame_ms,0.4168,
frame_ms,0.2994,
frame_ms,0.2905,
frame_ms,0.2632,
frame_ms,0.2839,
frame_ms,0.2525,
frame_ms,0.2403,
frame_ms,0.2419,
frame_ms,0.242,
frame_ms,0.2539,
frame_ms,0.4843,
frame_ms,0.2701,
frame_ms,0.2887,
frame_ms,0.3055,
frame_ms,0.2948,
frame_ms,0.318,
frame_ms,0.3052,
frame_ms,0.3273,
frame_ms,0.3059,
frame_ms,0.2961,
frame_ms,0.3364,
frame_ms,0.3637,
frame_ms,0.3771,
frame_ms,0.4236,
frame_ms,0.2874,
frame_ms,0.3006,
frame_ms,0.3179,
frame_ms,0.3052,
frame_ms,0.309,
frame_ms,0.3042,
frame_ms,0.3008,
frame_ms,0.3059,
frame_ms,0.2882,
frame_ms,0.3276,
frame_ms,0.3737,
frame_ms,0.6191,
frame_ms,0.3232,
frame_ms,0.2729,
frame_ms,0.2693,
frame_ms,0.361,
frame_ms,0.2875,
frame_ms,0.2594,
frame_ms,0.2749,
frame_ms,0.31,
frame_ms,0.2883,
frame_ms,0.2896,
frame_ms,0.3204,
frame_ms,0.3887,
frame_ms,0.5348,
frame_ms,0.2968,
frame_ms,0.292,
frame_ms,0.2957,
frame_ms,0.2917,
frame_ms,0.2951,
frame_ms,0.294,
frame_ms,0.2967,
frame_ms,0.291,
frame_ms,0.2987,
frame_ms,0.33,
frame_ms,0.3604,
frame_ms,0.3324,
frame_ms,0.4779,
frame_ms,0.3129,
frame_ms,0.2889,
frame_ms,0.2622,
frame_ms,0.314,
frame_ms,0.2989,
frame_ms,0.3065,
frame_ms,0.299,
frame_ms,0.3015,
frame_ms,0.3338,
frame_ms,0.2985,
frame_ms,0.3049,
frame_ms,0.3046,
frame_ms,0.5691,
frame_ms,0.3034,
frame_ms,0.2973,
frame_ms,0.3071,
frame_ms,0.2859,
frame_ms,0.3034,
frame_ms,0.2955,
frame_ms,0.3017,
frame_ms,0.3014,
frame_ms,0.3076,
frame_ms,0.2944,
frame_ms,0.3477,
frame_ms,0.3244,
frame_ms,0.6463,
frame_ms,0.2936,
frame_ms,0.3,
frame_ms,0.2883,
frame_ms,0.3056,
frame_ms,0.2933,
frame_ms,0.3177,
frame_ms,0.5355,
frame_ms,0.3241,
frame_ms,0.2656,
frame_ms,0.2598,
frame_ms,0.2777,
frame_ms,0.498,
frame_ms,0.3067,
frame_ms,0.274,
frame_ms,0.2882,
frame_ms,0.2972,
frame_ms,0.3054,
frame_ms,0.3069,
frame_ms,0.3297,
frame_ms,0.2607,
frame_ms,0.3017,
frame_ms,0.2971,
frame_ms,0.3383,
frame_ms,0.3446,
frame_ms,0.5945,
frame_ms,0.3053,
frame_ms,0.2677,
frame_ms,0.2928,
frame_ms,0.2882,
frame_ms,0.3096,
frame_ms,0.2949,
frame_ms,0.3055,
frame_ms,0.2959,
frame_ms,0.303,
frame_ms,0.2807,
frame_ms,0.3408,
frame_ms,0.2944,
frame_ms,0.6901,
frame_ms,0.3308,
frame_ms,0.3,
frame_ms,0.2555,
frame_ms,0.3071,
frame_ms,0.279,
frame_ms,0.317,
frame_ms,0.278,
frame_ms,0.3232,
frame_ms,0.2804,
frame_ms,0.3621,
frame_ms,0.3198,
frame_ms,0.5528,
frame_ms,0.3075,
frame_ms,0.2731,
frame_ms,0.3916,
frame_ms,0.7915,
frame_ms,0.3632,
frame_ms,0.3397,
frame_ms,0.3245,
frame_ms,0.2612,
frame_ms,0.2775,
frame_ms,0.3172,
frame_ms,0.2781,
frame_ms,0.2678,
frame_ms,0.2453,
frame_ms,0.2833,
frame_ms,0.2914,
frame_ms,0.2893,
frame_ms,0.2849,
frame_ms,0.3114,
frame_ms,0.2931,
frame_ms,0.3011,
frame_ms,0.2874,
frame_ms,0.2997,
frame_ms,0.3843,
frame_ms,0.3148,
frame_ms,0.3719,
frame_ms,0.4821,
frame_ms,0.2708,
frame_ms,0.3037,
frame_ms,0.2795,
frame_ms,0.3063,
frame_ms,0.2946,
frame_ms,0.2967,
frame_ms,0.3298,
frame_ms,0.2747,
frame_ms,0.2885,
frame_ms,0.3237,
frame_ms,0.3234,
frame_ms,0.6016,
frame_ms,0.3192,
frame_ms,0.2685,
frame_ms,0.2535,
frame_ms,0.2859,
frame_ms,0.2782,
frame_ms,0.2911,
frame_ms,0.2921,
frame_ms,0.3016,
frame_ms,0.2878,
frame_ms,0.2912,
frame_ms,0.3281,
frame_ms,0.3224,
frame_ms,0.3005,
frame_ms,0.6924,
frame_ms,0.337,
frame_ms,0.3016,
frame_ms,0.3037,
frame_ms,0.2538,
frame_ms,0.2373,
frame_ms,0.2852,
frame_ms,0.2751,
frame_ms,0.3072,
frame_ms,0.2869,
frame_ms,0.3457,
frame_ms,0.4021,
frame_ms,0.5508,
frame_ms,0.3057,
frame_ms,0.2729,
frame_ms,0.2984,
frame_ms,0.2976,
frame_ms,0.2904,
frame_ms,0.2927,
frame_ms,0.2968,
frame_ms,0.2998,
frame_ms,0.2901,
frame_ms,0.299,
frame_ms,0.3392,
frame_ms,0.3962,
frame_ms,0.5122,
frame_ms,0.3015,
frame_ms,0.271,
frame_ms,0.3089,
frame_ms,0.286,
frame_ms,0.2988,
frame_ms,0.2923,
frame_ms,0.2979,
frame_ms,0.2849,
frame_ms,0.2999,
frame_ms,0.2859,
frame_ms,0.3143,
frame_ms,0.3666,
frame_ms,0.5064,
frame_ms,0.2802,
frame_ms,0.2935,
frame_ms,0.2957,
frame_ms,0.3072,
frame_ms,0.2875,
frame_ms,0.2912,
frame_ms,0.3214,
frame_ms,0.2719,
frame_ms,0.2954,
frame_ms,0.289,
frame_ms,0.3523,
frame_ms,0.3092,
frame_ms,0.7386,
frame_ms,0.2855,
frame_ms,0.2743,
frame_ms,0.2932,
frame_ms,0.3058,
frame_ms,0.2924,
frame_ms,0.2849,
frame_ms,0.3059,
frame_ms,0.2896,
frame_ms,0.2904,
frame_ms,0.283,
frame_ms,0.3177,
frame_ms,0.3553,
frame_ms,0.576,
frame_ms,0.3006,
frame_ms,0.3351,
frame_ms,0.2799,
frame_ms,0.2573,
frame_ms,0.264,
frame_ms,0.2944,
frame_ms,0.2924,
frame_ms,0.3363,
frame_ms,0.2872,
frame_ms,0.3388,
frame_ms,0.3035,
frame_ms,0.3978,
frame_ms,0.5058,
frame_ms,0.3003,
frame_ms,0.2959,
frame_ms,0.3194,
frame_ms,0.2974,
frame_ms,0.293,
frame_ms,0.2981,
frame_ms,0.3108,
frame_ms,0.2829,
frame_ms,0.3218,
frame_ms,0.3054,
frame_ms,0.3857,
frame_ms,0.6535,
frame_ms,0.2922,
frame_ms,0.2997,
frame_ms,0.2981,
frame_ms,0.3168,
frame_ms,0.3092,
frame_ms,0.2997,
frame_ms,0.3118,
frame_ms,0.7628,
frame_ms,0.351,
frame_ms,0.2866,
frame_ms,0.3167,
frame_ms,0.2552,
frame_ms,0.2672,
frame_ms,0.2383,
frame_ms,0.256,
frame_ms,0.3212,
frame_ms,0.2817,
frame_ms,0.2865,
frame_ms,0.2922,
frame_ms,0.3311,
frame_ms,0.2709,
frame_ms,0.3,
frame_ms,0.3581,
frame_ms,0.2608,
frame_ms,0.2913,
frame_ms,0.5491,
frame_ms,0.308,
frame_ms,0.2973,
frame_ms,0.3064,
frame_ms,0.2898,
frame_ms,0.3024,
frame_ms,0.2946,
frame_ms,0.3105,
frame_ms,0.3135,
frame_ms,0.2723,
frame_ms,0.3412,
frame_ms,0.3405,
frame_ms,0.3422,
frame_ms,0.5261,
frame_ms,0.3172,
frame_ms,0.2824,
frame_ms,0.2544,
frame_ms,0.3135,
frame_ms,0.2931,
frame_ms,0.2959,
frame_ms,0.2982,
frame_ms,0.3119,
frame_ms,0.2848,
frame_ms,0.3023,
frame_ms,0.3044,
frame_ms,0.3008,
frame_ms,0.5646,
frame_ms,0.2969,
frame_ms,0.3195,
frame_ms,0.3195,
frame_ms,0.7489,
frame_ms,0.33,
frame_ms,0.3074,
frame_ms,0.3059,
frame_ms,0.2553,
frame_ms,0.3525,
frame_ms,0.3343,
frame_ms,0.3704,
frame_ms,0.3821,
frame_ms,0.3014,
frame_ms,0.2697,
frame_ms,0.2556,
frame_ms,0.2415,
frame_ms,0.2443,
frame_ms,0.2728,
frame_ms,0.2885,
frame_ms,0.2991,
frame_ms,0.3092,
frame_ms,0.3166,
frame_ms,0.3235,
frame_ms,0.3074,
frame_ms,0.5482,
frame_ms,0.313,
frame_ms,0.2723,
frame_ms,0.3009,
frame_ms,0.3143,
frame_ms,0.298,
frame_ms,0.297,
frame_ms,0.3217,
frame_ms,0.2886,
frame_ms,0.2921,
frame_ms,0.3851,
frame_ms,0.2947,
frame_ms,0.3865,
frame_ms,0.4388,
frame_ms,0.2819,
frame_ms,0.2909,
frame_ms,0.2955,
frame_ms,0.2865,
frame_ms,0.2955,
frame_ms,0.2845,
frame_ms,0.2912,
frame_ms,0.2954,
frame_ms,0.2972,
frame_ms,0.3401,
frame_ms,0.4471,
frame_ms,0.2885,
frame_ms,0.4383,
frame_ms,0.288,
frame_ms,0.5412,
frame_ms,0.303,
frame_ms,0.2666,
frame_ms,0.277,
frame_ms,0.2482,
frame_ms,0.2382,
frame_ms,0.2647,
frame_ms,0.2736,
frame_ms,0.3569,
frame_ms,0.3281,
frame_ms,0.3258,
frame_ms,0.4351,
frame_ms,0.3219,
frame_ms,0.2845,
frame_ms,0.316,
frame_ms,0.2902,
frame_ms,0.2934,
frame_ms,0.289,
frame_ms,0.2987,
frame_ms,0.302,
frame_ms,0.2954,
frame_ms,0.3123,
frame_ms,0.3802,
frame_ms,0.2966,
frame_ms,0.4686,
frame_ms,0.2783,
frame_ms,0.2962,
frame_ms,0.3231,
frame_ms,0.294,
frame_ms,0.2638,
frame_ms,0.2898,
frame_ms,0.2995,
frame_ms,0.2944,
frame_ms,0.2837,
frame_ms,0.2948,
frame_ms,0.3082,
frame_ms,0.3683,
frame_ms,0.5255,
frame_ms,0.2898,
frame_ms,0.2979,
frame_ms,0.2794,
frame_ms,0.2808,
frame_ms,0.3009,
frame_ms,0.2905,
frame_ms,0.3212,
frame_ms,0.2611,
frame_ms,0.3062,
frame_ms,0.2874,
frame_ms,0.3728,
frame_ms,0.3935,
frame_ms,0.5987,
frame_ms,0.3284,
frame_ms,0.386,
frame_ms,0.301,
frame_ms,0.2613,
frame_ms,0.239,
frame_ms,0.4304,
frame_ms,0.3057,
frame_ms,0.2715,
frame_ms,0.2485,
frame_ms,0.3007,
frame_ms,0.3147,
frame_ms,0.2936,
frame_ms,0.5104,
frame_ms,0.2747,
frame_ms,0.3245,
frame_ms,0.2922,
frame_ms,0.2937,
frame_ms,0.2887,
frame_ms,0.3412,
frame_ms,0.2551,
frame_ms,0.3056,
frame_ms,0.3187,
frame_ms,0.3134,
frame_ms,0.3294,
frame_ms,0.6932,
frame_ms,0.2995,
frame_ms,0.2769,
frame_ms,0.3364,
frame_ms,0.278,
frame_ms,0.3088,
frame_ms,0.2965,
frame_ms,0.3047,
frame_ms,0.2859,
frame_ms,0.2963,
frame_ms,0.2881,
frame_ms,0.354,
frame_ms,0.4307,
frame_ms,0.4557,
frame_ms,0.3125,
frame_ms,0.2677,
frame_ms,0.3172,
frame_ms,0.2823,
frame_ms,0.2955,
frame_ms,0.3071,
frame_ms,0.2956,
frame_ms,0.3066,
frame_ms,0.2851,
frame_ms,0.3586,
frame_ms,0.8092,
frame_ms,0.3894,
frame_ms,0.3092,
frame_ms,0.2769,
frame_ms,0.2513,
frame_ms,0.2572,
frame_ms,0.2802,
frame_ms,0.2775,
frame_ms,0.278,
frame_ms,0.2491,
frame_ms,0.2408,
frame_ms,0.2658,
frame_ms,0.3469,
frame_ms,0.2896,
frame_ms,0.3571,
frame_ms,0.5227,
frame_ms,0.3139,
frame_ms,0.3184,
frame_ms,0.3091,
frame_ms,0.3091,
frame_ms,0.2893,
frame_ms,0.2955,
frame_ms,0.2951,
frame_ms,0.2962,
frame_ms,0.3038,
frame_ms,0.384,
frame_ms,0.3275,
frame_ms,0.69,
frame_ms,0.341,
frame_ms,0.292,
frame_ms,0.2374,
frame_ms,0.2716,
frame_ms,0.3157,
frame_ms,0.2899,
frame_ms,0.3088,
frame_ms,0.3032,
frame_ms,0.3053,
frame_ms,0.4279,
frame_ms,0.3804,
frame_ms,0.3628,
frame_ms,0.3642,
frame_ms,0.2948,
frame_ms,0.331,
frame_ms,0.3037,
frame_ms,0.3159,
frame_ms,0.3171,
frame_ms,0.3047,
frame_ms,0.3323,
frame_ms,0.3082,
frame_ms,0.2876,
frame_ms,0.3475,
frame_ms,0.3439,
frame_ms,0.5934,
frame_ms,0.2789,
frame_ms,0.2984,
frame_ms,0.3118,
frame_ms,0.2958,
frame_ms,0.3111,
frame_ms,0.3111,
frame_ms,0.299,
frame_ms,0.2953,
frame_ms,0.32,
frame_ms,0.3243,
frame_ms,0.3173,
frame_ms,0.2862,
frame_ms,0.6835,
frame_ms,0.292,
frame_ms,0.3265,
frame_ms,0.2873,
frame_ms,0.3222,
frame_ms,0.3,
frame_ms,0.3243,
frame_ms,0.2902,
frame_ms,0.2998,
frame_ms,0.3018,
frame_ms,0.3292,
frame_ms,0.4183,
frame_ms,0.4951,
frame_ms,0.3231,
frame_ms,0.2742,
frame_ms,0.3069,
frame_ms,0.2865,
frame_ms,0.2896,
frame_ms,0.2985,
frame_ms,0.291,
frame_ms,0.3152,
frame_ms,0.2881,
frame_ms,0.2951,
frame_ms,0.3182,
frame_ms,0.334,
frame_ms,0.5642,
frame_ms,0.3033,
frame_ms,0.3083,
frame_ms,0.2781,
frame_ms,1.6114,
frame_ms,0.3091,
frame_ms,0.3559,
frame_ms,0.3226,
frame_ms,0.2697,
frame_ms,0.2802,
frame_ms,0.26,
frame_ms,0.2491,
frame_ms,0.2342,
frame_ms,0.2341,
frame_ms,0.2452,
frame_ms,0.2933,
frame_ms,0.3057,
frame_ms,0.2862,
frame_ms,0.3328,
frame_ms,0.2905,
frame_ms,0.2627,
frame_ms,0.3135,
frame_ms,0.3998,
frame_ms,0.5039,
frame_ms,0.3566,
frame_ms,0.3137,
frame_ms,0.4291,
frame_ms,0.2868,
frame_ms,0.2751,
frame_ms,0.2545,
frame_ms,0.2418,
frame_ms,0.3151,
frame_ms,0.2776,
frame_ms,0.3331,
frame_ms,0.282,
frame_ms,0.3025,
frame_ms,0.5944,
frame_ms,0.3188,
frame_ms,0.3007,
frame_ms,0.3059,
frame_ms,0.3104,
frame_ms,0.3149,
frame_ms,0.2951,
frame_ms,0.3427,
frame_ms,0.2922,
frame_ms,0.2839,
frame_ms,0.3369,
frame_ms,0.2954,
frame_ms,1.3218,
frame_ms,0.332,
frame_ms,0.2605,
frame_ms,0.2582,
frame_ms,0.2654,
frame_ms,0.2586,
frame_ms,0.2487,
frame_ms,0.25,
frame_ms,0.2499,
frame_ms,0.256,
frame_ms,0.2848,
frame_ms,0.3249,
frame_ms,0.5025,
frame_ms,0.3094,
frame_ms,0.322,
frame_ms,0.292,
frame_ms,0.3369,
frame_ms,0.2538,
frame_ms,0.3217,
frame_ms,0.314,
frame_ms,0.2931,
frame_ms,0.3142,
frame_ms,0.2923,
frame_ms,0.3202,
frame_ms,0.3763,
frame_ms,0.5798,
frame_ms,0.3049,
frame_ms,0.3021,
frame_ms,0.2837,
frame_ms,0.2931,
frame_ms,0.2944,
frame_ms,0.3049,
frame_ms,0.2895,
frame_ms,0.316,
frame_ms,0.2951,
frame_ms,0.3192,
frame_ms,0.323,
frame_ms,0.3069,
frame_ms,0.5545,
frame_ms,0.3051,
frame_ms,0.3152,
frame_ms,0.3153,
frame_ms,0.2893,
frame_ms,0.3174,
frame_ms,0.3043,
frame_ms,0.3097,
frame_ms,0.3027,
frame_ms,0.3155,
frame_ms,0.9364,
frame_ms,0.3578,
frame_ms,0.3452,
frame_ms,0.2799,
frame_ms,0.247,
frame_ms,0.2855,
frame_ms,0.2597,
frame_ms,0.2616,
frame_ms,0.2809,
frame_ms,0.2497,
frame_ms,0.2375,
frame_ms,0.2448,
frame_ms,0.248,
frame_ms,0.3048,
frame_ms,0.3168,
frame_ms,0.6062,
frame_ms,0.3204,
frame_ms,0.2899,
frame_ms,0.3087,
frame_ms,0.3096,
frame_ms,0.2956,
frame_ms,0.312,
frame_ms,0.2932,
frame_ms,0.2918,
frame_ms,0.2831,
frame_ms,0.4836,
frame_ms,0.3679,
frame_ms,0.4393,
frame_ms,0.322,
frame_ms,0.2868,
frame_ms,0.2727,
frame_ms,0.2538,
frame_ms,0.2962,
frame_ms,0.319,
frame_ms,0.3011,
frame_ms,0.2909,
frame_ms,0.3007,
frame_ms,0.3029,
frame_ms,0.4162,
frame_ms,0.3769,
frame_ms,0.5584,
frame_ms,0.3169,
frame_ms,0.2567,
frame_ms,0.3145,
frame_ms,0.3418,
frame_ms,0.3154,
frame_ms,0.3138,
frame_ms,0.632,
frame_ms,0.33,
frame_ms,0.2804,
frame_ms,0.2804,
frame_ms,0.3271,
frame_ms,0.2628,
frame_ms,0.4001,
frame_ms,0.3312,
frame_ms,0.3015,
frame_ms,0.2831,
frame_ms,0.3092,
frame_ms,0.2774,
frame_ms,0.2636,
frame_ms,0.293,
frame_ms,0.3079,
frame_ms,0.2927,
frame_ms,0.3535,
frame_ms,0.2881,
frame_ms,0.6545,
frame_ms,0.2943,
frame_ms,0.3096,
frame_ms,0.3032,
frame_ms,0.3077,
frame_ms,0.2975,
frame_ms,0.3245,
frame_ms,0.3295,
frame_ms,0.2825,
frame_ms,0.2929,
frame_ms,0.3568,
frame_ms,0.2942,
frame_ms,0.3521,
frame_ms,0.4911,
frame_ms,0.2902,
frame_ms,0.3043,
frame_ms,0.3147,
frame_ms,0.2897,
frame_ms,0.2936,
frame_ms,0.285,
frame_ms,0.3121,
frame_ms,0.3037,
frame_ms,0.3055,
frame_ms,0.3125,
frame_ms,0.3976,
frame_ms,0.3291,
frame_ms,0.5009,
frame_ms,0.3108,
frame_ms,0.3251,
frame_ms,1.7766,
frame_ms,0.321,
frame_ms,0.2976,
frame_ms,0.2812,
frame_ms,0.2497,
frame_ms,0.2635,
frame_ms,0.2455,
frame_ms,0.2386,
frame_ms,0.308,
frame_ms,0.2818,
frame_ms,0.2943,
frame_ms,0.3149,
frame_ms,0.308,
frame_ms,0.3397,
frame_ms,0.291,
frame_ms,0.2916,
frame_ms,0.2936,
frame_ms,0.3055,
frame_ms,0.4426,
frame_ms,0.5099,
frame_ms,0.3177,
frame_ms,0.2759,
frame_ms,0.277,
frame_ms,0.3272,
frame_ms,0.2675,
frame_ms,0.3385,
frame_ms,0.2669,
frame_ms,0.3087,
frame_ms,0.2972,
frame_ms,0.341,
frame_ms,0.2671,
frame_ms,0.6045,
frame_ms,0.3126,
frame_ms,0.3208,
frame_ms,0.2807,
frame_ms,0.3006,
frame_ms,0.2725,
frame_ms,0.2974,
frame_ms,0.3206,
frame_ms,0.319,
frame_ms,0.2996,
frame_ms,0.282,
frame_ms,0.2967,
frame_ms,0.3261,
frame_ms,0.5493,
frame_ms,0.2884,
frame_ms,0.6998,
frame_ms,0.2984,
frame_ms,0.2794,
frame_ms,0.2614,
frame_ms,0.3419,
frame_ms,0.3332,
frame_ms,0.2972,
frame_ms,0.2788,
frame_ms,0.3106,
frame_ms,0.2737,
frame_ms,0.2426,
frame_ms,0.2337,
frame_ms,0.4099,
frame_ms,0.3125,
frame_ms,0.3229,
frame_ms,0.2609,
frame_ms,0.2838,
frame_ms,0.3029,
frame_ms,0.2915,
frame_ms,0.3197,
frame_ms,0.3739,
frame_ms,0.2628,
frame_ms,0.3133,
frame_ms,0.3915,
frame_ms,0.5442,
frame_ms,0.3269,
frame_ms,0.2595,
frame_ms,0.2851,
frame_ms,0.276,
frame_ms,0.2968,
frame_ms,0.3086,
frame_ms,0.3017,
frame_ms,0.2957,
frame_ms,0.2905,
frame_ms,0.2796,
frame_ms,0.3226,
frame_ms,0.3049,
frame_ms,0.6532,
frame_ms,0.2891,
frame_ms,0.3037,
frame_ms,0.2952,
frame_ms,0.2921,
frame_ms,0.2897,
frame_ms,0.3066,
frame_ms,0.2927,
frame_ms,0.299,
frame_ms,0.2807,
frame_ms,0.3892,
frame_ms,1.1033,
frame_ms,0.3066,
frame_ms,0.2567,
frame_ms,0.2578,
frame_ms,0.2473,
frame_ms,0.2447,
frame_ms,0.2481,
frame_ms,0.2435,
frame_ms,0.2653,
frame_ms,0.2425,
frame_ms,0.2317,
frame_ms,0.2393,
frame_ms,0.3224,
frame_ms,0.2536,
frame_ms,0.6004,
frame_ms,0.2976,
frame_ms,0.2804,
frame_ms,0.3242,
frame_ms,0.2729,
frame_ms,0.303,
frame_ms,0.3125,
frame_ms,0.3102,
frame_ms,0.2904,
frame_ms,0.2993,
frame_ms,0.2792,
frame_ms,0.3376,
frame_ms,0.3097,
frame_ms,0.2996,
frame_ms,0.534,
frame_ms,0.3025,
frame_ms,0.3186,
frame_ms,0.2779,
frame_ms,0.2976,
frame_ms,0.3048,
frame_ms,0.3014,
frame_ms,0.3086,
frame_ms,0.292,
frame_ms,0.3035,
frame_ms,0.3033,
frame_ms,0.3211,
frame_ms,0.3017,
frame_ms,0.5583,
frame_ms,0.2962,
frame_ms,0.3301,
frame_ms,0.2638,
frame_ms,0.3028,
frame_ms,0.2969,
frame_ms,0.3353,
frame_ms,0.7807,
frame_ms,0.4718,
frame_ms,0.326,
frame_ms,0.3618,
frame_ms,0.3388,
frame_ms,0.2653,
frame_ms,0.2513,
frame_ms,0.2496,
frame_ms,0.2511,
frame_ms,0.2502,
frame_ms,0.2383,
frame_ms,0.2322,
frame_ms,0.2256,
frame_ms,0.2768,
frame_ms,0.3228,
frame_ms,0.2928,
frame_ms,0.3151,
frame_ms,0.3294,
frame_ms,0.5576,
frame_ms,0.2966,
frame_ms,0.29,
frame_ms,0.2959,
frame_ms,0.2901,
frame_ms,0.3195,
frame_ms,0.2931,
frame_ms,0.3245,
frame_ms,0.2859,
frame_ms,0.2956,
frame_ms,0.2952,
frame_ms,0.3529,
frame_ms,0.3415,
frame_ms,0.542,
frame_ms,0.3105,
frame_ms,0.2757,
frame_ms,0.2569,
frame_ms,0.3018,
frame_ms,0.2939,
frame_ms,0.3029,
frame_ms,0.3248,
frame_ms,0.3088,
frame_ms,0.2879,
frame_ms,0.3123,
frame_ms,0.3184,
frame_ms,0.3412,
frame_ms,0.584,
frame_ms,0.2955,
frame_ms,1.0026,
frame_ms,0.3289,
frame_ms,0.2661,
frame_ms,0.2549,
frame_ms,0.2405,
frame_ms,0.2423,
frame_ms,0.2505,
frame_ms,0.254,
frame_ms,0.2601,
frame_ms,0.2673,
frame_ms,0.4198,
frame_ms,0.2736,
frame_ms,0.3006,
frame_ms,0.2813,
frame_ms,0.2879,
frame_ms,0.2955,
frame_ms,0.3412,
frame_ms,0.2629,
frame_ms,0.2968,
frame_ms,0.3075,
frame_ms,0.2995,
frame_ms,0.3452,
frame_ms,0.3158,
frame_ms,0.5267,
frame_ms,0.2971,
frame_ms,0.3101,
frame_ms,0.2889,
frame_ms,0.3092,
frame_ms,0.3073,
frame_ms,0.3008,
frame_ms,0.3018,
frame_ms,0.308,
frame_ms,0.3102,
frame_ms,0.2983,
frame_ms,0.3023,
frame_ms,0.3179,
frame_ms,0.6132,
frame_ms,0.2974,
frame_ms,0.2816,
frame_ms,0.2889,
frame_ms,0.2875,
frame_ms,0.3211,
frame_ms,0.2942,
frame_ms,0.3299,
frame_ms,0.2694,
frame_ms,0.2963,
frame_ms,0.2891,
frame_ms,0.3145,
frame_ms,0.8765,
frame_ms,0.3746,
frame_ms,0.3181,
frame_ms,0.2898,
frame_ms,0.2586,
frame_ms,0.2673,
frame_ms,0.3626,
frame_ms,0.2784,
frame_ms,0.2704,
frame_ms,0.2604,
frame_ms,0.2503,
frame_ms,0.2433,
frame_ms,0.2415,
frame_ms,0.2599,
frame_ms,0.5756,
frame_ms,0.2832,
frame_ms,0.3395,
frame_ms,0.2946,
frame_ms,0.2757,
frame_ms,0.3174,
frame_ms,0.2767,
frame_ms,0.3,
frame_ms,0.3026,
frame_ms,0.2984,
frame_ms,0.3132,
frame_ms,0.3052,
frame_ms,0.2964,
frame_ms,0.5487,
frame_ms,0.3008,
frame_ms,0.2955,
frame_ms,0.2979,
frame_ms,0.2938,
frame_ms,0.2981,
frame_ms,0.2921,
frame_ms,0.2988,
frame_ms,0.296,
frame_ms,0.2949,
frame_ms,0.3298,
frame_ms,0.3085,
frame_ms,0.2608,
frame_ms,0.6152,
frame_ms,0.2951,
frame_ms,0.287,
frame_ms,0.3005,
frame_ms,0.2954,
frame_ms,0.3063,
frame_ms,0.3193,
frame_ms,0.2968,
frame_ms,0.2835,
frame_ms,0.2939,
frame_ms,0.4191,
frame_ms,0.342,
frame_ms,0.3277,
frame_ms,0.4953,
frame_ms,0.2765,
frame_ms,0.2891,
frame_ms,0.2894,
frame_ms,0.3032,
frame_ms,0.2964,
frame_ms,0.3313,
frame_ms,0.2714,
frame_ms,0.3151,
frame_ms,0.2851,
frame_ms,0.3494,
frame_ms,0.2913,
frame_ms,0.6088,
frame_ms,0.2997,
frame_ms,0.2909,
frame_ms,0.2873,
frame_ms,0.3064,
frame_ms,0.296,
frame_ms,0.3018,
frame_ms,0.2943,
frame_ms,0.3231,
frame_ms,0.2888,
frame_ms,0.2997,
frame_ms,0.3201,
frame_ms,0.3612,
frame_ms,0.5175,
frame_ms,0.2823,
frame_ms,0.3131,
frame_ms,0.271,
frame_ms,0.3078,
frame_ms,0.3101,
frame_ms,0.2838,
frame_ms,0.3004,
frame_ms,0.2919,
frame_ms,0.3003,
frame_ms,0.2939,
frame_ms,0.3246,
frame_ms,0.3006,
frame_ms,0.5455,
frame_ms,0.2942,
frame_ms,0.2982,
frame_ms,0.3012,
frame_ms,0.3043,
frame_ms,0.2917,
frame_ms,0.3008,
frame_ms,0.9572,
frame_ms,0.3001,
frame_ms,0.2656,
frame_ms,0.3223,
frame_ms,0.2671,
frame_ms,0.2594,
frame_ms,0.2457,
frame_ms,0.2841,
frame_ms,0.2525,
frame_ms,0.2834,
frame_ms,0.2428,
frame_ms,0.3035,
frame_ms,0.2963,
frame_ms,0.3006,
frame_ms,0.289,
frame_ms,0.2965,
frame_ms,0.2893,
frame_ms,0.3348,
frame_ms,0.2821,
frame_ms,0.5851,
frame_ms,0.2927,
frame_ms,0.3095,
frame_ms,0.3247,
frame_ms,0.2806,
frame_ms,0.2926,
frame_ms,0.3023,
frame_ms,0.3333,
frame_ms,0.2898,
frame_ms,0.2829,
frame_ms,0.3295,
frame_ms,0.3733,
frame_ms,0.3727,
frame_ms,0.437,
frame_ms,0.2774,
frame_ms,0.2966,
frame_ms,0.3067,
frame_ms,0.2897,
frame_ms,0.301,
frame_ms,0.2921,
frame_ms,0.3186,
frame_ms,0.2759,
frame_ms,0.3102,
frame_ms,0.3171,
frame_ms,0.287,
frame_ms,0.3031,
frame_ms,0.5839,
frame_ms,0.2882,
frame_ms,0.6137,
frame_ms,0.2916,
frame_ms,0.2652,
frame_ms,0.2523,
frame_ms,0.2458,
frame_ms,0.235,
frame_ms,0.2381,
frame_ms,0.2824,
frame_ms,0.3109,
frame_ms,0.3158,
frame_ms,0.2999,
frame_ms,0.5496,
frame_ms,0.3101,
frame_ms,0.2807,
frame_ms,0.2956,
frame_ms,0.304,
frame_ms,0.3029,
frame_ms,0.2947,
frame_ms,0.3043,
frame_ms,0.2912,
frame_ms,0.3019,
frame_ms,0.3269,
frame_ms,0.3546,
frame_ms,0.3152,
frame_ms,0.5247,
frame_ms,0.276,
frame_ms,0.2855,
frame_ms,0.3,
frame_ms,0.305,
frame_ms,0.2979,
frame_ms,0.3128,
frame_ms,0.2945,
frame_ms,0.3072,
frame_ms,0.2863,
frame_ms,0.3101,
frame_ms,0.3232,
frame_ms,0.5767,
frame_ms,0.2953,
frame_ms,0.3058,
frame_ms,0.2986,
frame_ms,0.3062,
frame_ms,0.2934,
frame_ms,0.2956,
frame_ms,0.3203,
frame_ms,0.2818,
frame_ms,0.2977,
frame_ms,0.295,
frame_ms,0.3808,
frame_ms,0.3591,
frame_ms,1.5055,
frame_ms,0.3231,
frame_ms,0.2717,
frame_ms,0.2672,
frame_ms,0.252,
frame_ms,0.2392,
frame_ms,0.2816,
frame_ms,0.2828,
frame_ms,0.2648,
frame_ms,0.3692,
frame_ms,0.268,
frame_ms,0.2963,
frame_ms,0.3525,
frame_ms,0.3577,
frame_ms,0.2658,
frame_ms,0.264,
frame_ms,0.2711,
frame_ms,0.2963,
frame_ms,0.3162,
frame_ms,0.3047,
frame_ms,0.2899,
frame_ms,0.303,
frame_ms,0.3851,
frame_ms,0.3918,
frame_ms,0.4521,
frame_ms,0.2892,
frame_ms,0.297,
frame_ms,0.3064,
frame_ms,0.301,
frame_ms,0.3097,
frame_ms,0.3058,
frame_ms,0.3053,
frame_ms,0.3491,
frame_ms,0.3121,
frame_ms,0.2547,
frame_ms,0.2945,
frame_ms,0.3717,
frame_ms,0.5983,
frame_ms,0.2805,
frame_ms,0.2633,
frame_ms,0.3003,
frame_ms,0.3059,
frame_ms,0.2925,
frame_ms,0.3026,
frame_ms,0.3118,
frame_ms,0.8387,
frame_ms,0.2859,
frame_ms,0.2835,
frame_ms,0.2901,
frame_ms,0.276,
frame_ms,0.2547,
frame_ms,0.2476,
frame_ms,0.3742,
frame_ms,0.2771,
frame_ms,0.286,
frame_ms,0.2524,
frame_ms,0.3086,
frame_ms,0.3363,
frame_ms,0.2831,
frame_ms,0.2976,
frame_ms,0.3863,
frame_ms,0.4058,
frame_ms,0.5003,
frame_ms,0.29,
frame_ms,0.2857,
frame_ms,0.3736,
frame_ms,0.3054,
frame_ms,0.2795,
frame_ms,0.3072,
frame_ms,0.3075,
frame_ms,0.27,
frame_ms,0.2793,
frame_ms,0.2881,
frame_ms,0.3181,
frame_ms,0.3293,
frame_ms,0.5661,
frame_ms,0.2962,
frame_ms,0.3263,
frame_ms,0.2856,
frame_ms,0.3009,
frame_ms,0.2974,
frame_ms,0.2958,
frame_ms,0.3047,
frame_ms,0.3053,
frame_ms,0.2651,
frame_ms,0.304,
frame_ms,0.3126,
frame_ms,0.3066,
frame_ms,0.5728,
frame_ms,0.2946,
frame_ms,0.2953,
frame_ms,0.3524,
frame_ms,0.2569,
frame_ms,0.3079,
frame_ms,0.2915,
frame_ms,0.3058,
frame_ms,0.3035,
frame_ms,0.3065,
frame_ms,0.3463,
frame_ms,0.3721,
frame_ms,0.3261,
frame_ms,0.5046,
frame_ms,0.2519,
frame_ms,0.3132,
frame_ms,0.2992,
frame_ms,0.2919,
frame_ms,0.3027,
frame_ms,0.3051,
frame_ms,0.2898,
frame_ms,0.3216,
frame_ms,0.2908,
frame_ms,0.3171,
frame_ms,0.3045,
frame_ms,0.5656,
frame_ms,0.2921,
frame_ms,0.2894,
frame_ms,0.3026,
frame_ms,0.3066,
frame_ms,0.2971,
frame_ms,0.2951,
frame_ms,0.2939,
frame_ms,0.3229,
frame_ms,0.2742,
frame_ms,0.2938,
frame_ms,0.3359,
frame_ms,0.3825,
frame_ms,0.4947,
frame_ms,0.2975,
frame_ms,0.2894,
frame_ms,0.2924,
frame_ms,0.2916,
frame_ms,0.3005,
frame_ms,0.3068,
frame_ms,0.3144,
frame_ms,0.2975,
frame_ms,0.2978,
frame_ms,0.286,
frame_ms,0.3346,
frame_ms,0.4365,
frame_ms,0.492,
frame_ms,0.5221,
frame_ms,0.3563,
frame_ms,0.2673,
frame_ms,0.2584,
frame_ms,0.2387,
frame_ms,0.2515,
frame_ms,0.3257,
frame_ms,0.3067,
frame_ms,0.3138,
frame_ms,0.2999,
frame_ms,0.3739,
frame_ms,0.2973,
frame_ms,0.4612,
frame_ms,0.3431,
frame_ms,0.2497,
frame_ms,0.3004,
frame_ms,0.3018,
frame_ms,0.3066,
frame_ms,0.3105,
frame_ms,0.2922,
frame_ms,0.2891,
frame_ms,0.2984,
frame_ms,0.3043,
frame_ms,0.3219,
frame_ms,0.3244,
frame_ms,0.5715,
frame_ms,0.2866,
frame_ms,0.2999,
frame_ms,0.2886,
frame_ms,0.3007,
frame_ms,0.3083,
frame_ms,0.2973,
frame_ms,0.2936,
frame_ms,0.3046,
frame_ms,0.3034,
frame_ms,0.341,
frame_ms,0.3627,
frame_ms,0.2794,
frame_ms,0.5438,
frame_ms,0.3061,
frame_ms,0.2825,
frame_ms,0.2998,
frame_ms,0.2906,
frame_ms,0.3044,
frame_ms,0.2885,
frame_ms,0.3259,
frame_ms,0.2736,
frame_ms,0.2964,
frame_ms,0.3334,
frame_ms,0.3514,
frame_ms,0.4357,
frame_ms,0.4349,
frame_ms,0.2951,
frame_ms,0.2918,
frame_ms,0.301,
frame_ms,0.291,
frame_ms,0.3121,
frame_ms,0.2988,
frame_ms,0.2906,
frame_ms,0.2967,
frame_ms,0.302,
frame_ms,0.2835,
frame_ms,0.3168,
frame_ms,0.5788,
frame_ms,0.2872,
frame_ms,0.302,
frame_ms,0.3136,
frame_ms,0.2742,
frame_ms,0.3016,
frame_ms,0.3039,
frame_ms,0.2988,
frame_ms,0.2906,
frame_ms,0.3031,
frame_ms,0.2944,
frame_ms,0.304,
frame_ms,0.3148,
frame_ms,0.5912,
frame_ms,0.2814,
frame_ms,0.2975,
frame_ms,0.2917,
frame_ms,0.3184,
frame_ms,0.2816,
frame_ms,0.2868,
frame_ms,0.3172,
frame_ms,0.286,
frame_ms,0.3063,
frame_ms,0.2954,
frame_ms,0.3114,
frame_ms,0.3611,
frame_ms,0.5995,
frame_ms,0.2951,
frame_ms,0.2915,
frame_ms,0.2953,
frame_ms,0.3102,
frame_ms,0.293,
frame_ms,0.2931,
frame_ms,0.3004,
frame_ms,0.3115,
frame_ms,0.2864,
frame_ms,0.5379,
frame_ms,0.3347,
frame_ms,0.3,
frame_ms,0.3781,
frame_ms,0.2977,
frame_ms,0.2742,
frame_ms,0.3011,
frame_ms,0.2826,
frame_ms,0.3085,
frame_ms,0.2943,
frame_ms,0.3201,
frame_ms,0.2641,
frame_ms,0.3147,
frame_ms,0.2837,
frame_ms,0.3117,
frame_ms,0.3507,
frame_ms,0.5357,
frame_ms,0.2954,
frame_ms,0.3031,
frame_ms,0.3008,
frame_ms,0.3006,
frame_ms,0.2966,
frame_ms,0.3013,
frame_ms,0.3023,
frame_ms,0.3175,
frame_ms,0.2876,
frame_ms,0.3105,
frame_ms,0.3611,
frame_ms,0.3103,
frame_ms,0.5046,
frame_ms,0.3479,
frame_ms,0.2757,
frame_ms,0.2709,
frame_ms,0.2917,
frame_ms,0.2995,
frame_ms,0.3014,
frame_ms,0.3092,
frame_ms,0.2947,
frame_ms,0.2873,
frame_ms,0.2889,
frame_ms,0.323,
frame_ms,0.3572,
frame_ms,0.5261,
frame_ms,0.3465,
frame_ms,0.2878,
frame_ms,0.2598,
frame_ms,0.2903,
frame_ms,0.2886,
frame_ms,0.786,
frame_ms,0.3451,
frame_ms,0.268,
frame_ms,0.2619,
frame_ms,0.2978,
frame_ms,0.2655,
frame_ms,0.2595,
frame_ms,0.2935,
frame_ms,0.3088,
frame_ms,0.3065,
frame_ms,0.3231,
frame_ms,0.2887,
frame_ms,0.3062,
frame_ms,0.2989,
frame_ms,0.3088,
frame_ms,0.3135,
frame_ms,0.2992,
frame_ms,0.3291,
frame_ms,0.3605,
frame_ms,0.5066,
frame_ms,0.3107,
frame_ms,0.3199,
frame_ms,0.2947,
frame_ms,0.2936,
frame_ms,0.3058,
frame_ms,0.3397,
frame_ms,0.3161,
frame_ms,0.2602,
frame_ms,0.3169,
frame_ms,0.2835,
frame_ms,0.3552,
frame_ms,0.2757,
frame_ms,0.5798,
frame_ms,0.2808,
frame_ms,0.3088,
frame_ms,0.2862,
frame_ms,0.3005,
frame_ms,0.2935,
frame_ms,0.3164,
frame_ms,0.309,
frame_ms,0.2864,
frame_ms,0.3218,
frame_ms,0.2919,
frame_ms,0.3469,
frame_ms,0.4336,
frame_ms,0.4383,
frame_ms,0.2912,
frame_ms,0.3335,
frame_ms,0.3211,
frame_ms,0.5787,
frame_ms,0.3211,
frame_ms,0.2469,
frame_ms,0.2488,
frame_ms,0.25,
frame_ms,0.2517,
frame_ms,0.2578,
frame_ms,0.2488,
frame_ms,0.3736,
frame_ms,0.6373,
frame_ms,0.2992,
frame_ms,0.2563,
frame_ms,0.3352,
frame_ms,0.2851,
frame_ms,0.3262,
frame_ms,0.2647,
frame_ms,0.2742,
frame_ms,0.3097,
frame_ms,0.2848,
frame_ms,0.3367,
frame_ms,0.3335,
frame_ms,0.6418,
frame_ms,0.2865,
frame_ms,0.3029,
frame_ms,0.3031,
frame_ms,0.3033,
frame_ms,0.3103,
frame_ms,0.3506,
frame_ms,0.2934,
frame_ms,0.2816,
frame_ms,0.2871,
frame_ms,0.3003,
frame_ms,0.3267,
frame_ms,0.319,
frame_ms,0.5664,
frame_ms,0.2882,
frame_ms,0.2743,
frame_ms,0.3059,
frame_ms,0.2962,
frame_ms,0.2889,
frame_ms,0.2944,
frame_ms,0.3308,
frame_ms,0.271,
frame_ms,0.31,
frame_ms,0.3116,
frame_ms,0.2996,
frame_ms,0.4094,
frame_ms,0.5156,
frame_ms,0.4182,
frame_ms,0.2761,
frame_ms,0.2475,
frame_ms,0.2642,
frame_ms,0.3141,
frame_ms,0.2826,
frame_ms,0.29,
frame_ms,0.3042,
frame_ms,0.2903,
frame_ms,0.3464,
frame_ms,0.2622,
frame_ms,0.3356,
frame_ms,0.5922,
frame_ms,0.2963,
frame_ms,0.3169,
frame_ms,0.2875,
frame_ms,0.3009,
frame_ms,0.3043,
frame_ms,0.3016,
frame_ms,0.2983,
frame_ms,0.2938,
frame_ms,0.3215,
frame_ms,0.3394,
frame_ms,0.396,
frame_ms,0.4406,
frame_ms,0.329,
frame_ms,0.272,
frame_ms,0.285,
frame_ms,0.2882,
frame_ms,0.3007,
frame_ms,0.2943,
frame_ms,0.3058,
frame_ms,0.3029,
frame_ms,0.2967,
frame_ms,0.2931,
frame_ms,0.2997,
frame_ms,0.3453,
frame_ms,0.5398,
frame_ms,0.3048,
frame_ms,0.307,
frame_ms,0.2854,
frame_ms,0.2949,
frame_ms,0.2943,
frame_ms,0.2961,
frame_ms,0.3093,
frame_ms,0.3187,
frame_ms,0.2906,
frame_ms,0.3098,
frame_ms,0.3891,
frame_ms,0.9063,
frame_ms,0.3534,
frame_ms,0.2781,
frame_ms,0.2522,
frame_ms,0.2556,
frame_ms,0.2666,
frame_ms,0.2533,
frame_ms,0.3162,
frame_ms,0.2598,
frame_ms,0.2438,
frame_ms,0.2439,
frame_ms,0.2957,
frame_ms,0.3237,
frame_ms,0.3186,
frame_ms,0.5565,
frame_ms,0.2976,
frame_ms,0.3017,
frame_ms,0.3145,
frame_ms,0.3156,
frame_ms,0.2973,
frame_ms,0.3323,
frame_ms,0.3045,
frame_ms,0.2946,
frame_ms,0.2838,
frame_ms,0.3133,
frame_ms,0.2981,
frame_ms,0.4125,
frame_ms,0.4591,
frame_ms,0.2807,
frame_ms,0.3259,
frame_ms,0.2635,
frame_ms,0.3217,
frame_ms,0.2979,
frame_ms,0.3138,
frame_ms,0.2879,
frame_ms,0.2879,
frame_ms,0.3031,
frame_ms,0.3282,
frame_ms,0.3106,
frame_ms,0.3032,
frame_ms,0.6483,
frame_ms,0.3043,
frame_ms,0.2635,
frame_ms,0.2841,
frame_ms,0.2939,
frame_ms,0.2926,
frame_ms,0.2993,
frame_ms,1.0043,
frame_ms,0.3812,
frame_ms,0.4212,
frame_ms,0.3165,
frame_ms,0.3062,
frame_ms,0.3027,
frame_ms,0.2851,
frame_ms,0.2855,
frame_ms,0.2869,
frame_ms,0.3251,
frame_ms,0.3248,
frame_ms,0.2726,
frame_ms,0.2579,
frame_ms,0.2421,
frame_ms,0.2366,
frame_ms,0.2776,
frame_ms,0.3665,
frame_ms,0.558,
frame_ms,0.3156,
frame_ms,0.3082,
frame_ms,0.296,
frame_ms,0.2965,
frame_ms,0.3069,
frame_ms,0.3009,
frame_ms,0.3233,
frame_ms,0.2741,
frame_ms,0.2949,
frame_ms,0.3662,
frame_ms,0.359,
frame_ms,0.3714,
frame_ms,0.528,
frame_ms,0.2929,
frame_ms,0.2687,
frame_ms,0.3278,
frame_ms,0.3108,
frame_ms,0.3084,
frame_ms,0.3085,
frame_ms,0.3136,
frame_ms,0.3126,
frame_ms,0.329,
frame_ms,0.3213,
frame_ms,0.3376,
frame_ms,0.564,
frame_ms,0.3093,
