# mode=collision,n=2000,struct=quadtree,cell=64,depth=6,node=4,seed=42,warmup_s=2,measure_s=5,config=2D,ticks=1008,frames=12242,measured_ticks=720,startup_ms=1325.4,glfw_first_draw_ms=1258.13,renderer=NVIDIA GeForce RTX 5060 Laptop GPU/PCIe/SSE2,gl=3.3.0 NVIDIA 592.01
kind,value,extra
startup_ms,1325.4,process_to_first_frame
glfw_ms,1258.13,glfw_init_to_first_frame
mem_ws_bytes,1.12218e+08,baseline
mem_private_bytes,1.7929e+08,baseline
mem_peak_ws_bytes,1.12218e+08,baseline
mem_ws_bytes,1.12783e+08,after_spawn
mem_private_bytes,1.79855e+08,after_spawn
mem_peak_ws_bytes,1.1706e+08,after_spawn
frame_ms,0.2581,
frame_ms,0.222,
frame_ms,0.2233,
frame_ms,0.2133,
frame_ms,0.2105,
frame_ms,0.2404,
frame_ms,0.2125,
frame_ms,0.2313,
frame_ms,0.2112,
frame_ms,0.246,
frame_ms,0.2208,
frame_ms,0.2418,
frame_ms,0.2835,
tick_us,1827.6,2302
frame_ms,3.8524,
frame_ms,0.3756,
frame_ms,0.2658,
frame_ms,0.2335,
frame_ms,0.2318,
frame_ms,0.2367,
frame_ms,0.2336,
frame_ms,0.2248,
frame_ms,0.2369,
frame_ms,0.2258,
frame_ms,0.2889,
frame_ms,0.2624,
frame_ms,0.3026,
tick_us,1802.2,2289
frame_ms,3.8275,
frame_ms,0.2548,
frame_ms,0.2229,
frame_ms,0.216,
frame_ms,0.2107,
frame_ms,0.2307,
frame_ms,0.2231,
frame_ms,0.2149,
frame_ms,0.2256,
frame_ms,0.2227,
frame_ms,0.2685,
frame_ms,0.2286,
frame_ms,0.2177,
frame_ms,0.2119,
frame_ms,0.2561,
tick_us,1785.6,2301
frame_ms,3.7932,
frame_ms,0.2501,
frame_ms,0.2185,
frame_ms,0.212,
frame_ms,0.224,
frame_ms,0.2145,
frame_ms,0.279,
frame_ms,0.2303,
frame_ms,0.7355,
frame_ms,0.329,
frame_ms,0.2303,
frame_ms,0.2136,
tick_us,1818.4,2313
frame_ms,3.8224,
frame_ms,0.2587,
frame_ms,0.2215,
frame_ms,0.2195,
frame_ms,0.2154,
frame_ms,0.2292,
frame_ms,0.222,
frame_ms,0.2696,
frame_ms,0.2298,
frame_ms,0.214,
frame_ms,0.2098,
frame_ms,0.2434,
frame_ms,0.2152,
frame_ms,0.2079,
frame_ms,0.2374,
tick_us,1782.1,2317
frame_ms,3.7767,
frame_ms,0.2476,
frame_ms,0.2335,
frame_ms,0.2251,
frame_ms,0.2135,
frame_ms,0.2668,
frame_ms,0.232,
frame_ms,0.2197,
frame_ms,0.2098,
frame_ms,0.2633,
frame_ms,0.2433,
frame_ms,0.2114,
frame_ms,0.2096,
frame_ms,0.2691,
tick_us,1820.6,2324
frame_ms,3.8492,
frame_ms,0.3091,
frame_ms,0.2417,
frame_ms,0.2389,
frame_ms,0.2232,
frame_ms,0.2152,
frame_ms,0.2135,
frame_ms,0.2495,
frame_ms,0.2266,
frame_ms,0.2152,
frame_ms,0.2116,
frame_ms,0.2564,
frame_ms,0.2692,
frame_ms,0.2274,
tick_us,1766.7,2331
frame_ms,3.7885,
frame_ms,0.31,
frame_ms,0.2491,
frame_ms,0.2247,
frame_ms,0.2273,
frame_ms,0.2119,
frame_ms,0.2118,
frame_ms,0.2602,
frame_ms,0.2189,
frame_ms,0.2148,
frame_ms,0.2253,
frame_ms,0.2133,
frame_ms,0.2459,
frame_ms,0.2281,
frame_ms,0.2174,
tick_us,1819.6,2338
frame_ms,3.792,
frame_ms,0.2837,
frame_ms,0.2285,
frame_ms,0.2257,
frame_ms,0.2392,
frame_ms,0.2125,
frame_ms,0.2243,
frame_ms,0.2697,
frame_ms,0.2795,
frame_ms,0.2351,
frame_ms,0.2275,
frame_ms,0.2219,
frame_ms,0.2161,
frame_ms,0.2584,
tick_us,1761.4,2312
frame_ms,3.7547,
frame_ms,0.2573,
frame_ms,0.2184,
frame_ms,0.2159,
frame_ms,0.2085,
frame_ms,0.2651,
frame_ms,0.2297,
frame_ms,0.2101,
frame_ms,0.2447,
frame_ms,0.3285,
frame_ms,0.2372,
frame_ms,0.219,
frame_ms,0.2196,
frame_ms,0.2171,
tick_us,1751,2298
frame_ms,3.6479,
frame_ms,0.2631,
frame_ms,0.2243,
frame_ms,1.809,
frame_ms,0.8623,
tick_us,1785,2291
frame_ms,4.1131,
frame_ms,0.2815,
frame_ms,0.2278,
frame_ms,0.2229,
frame_ms,0.2159,
frame_ms,0.2122,
frame_ms,0.242,
frame_ms,0.2158,
frame_ms,0.2236,
frame_ms,0.2122,
frame_ms,0.2412,
frame_ms,0.2231,
frame_ms,0.215,
frame_ms,0.2264,
tick_us,1700.6,2279
frame_ms,3.608,
frame_ms,0.2564,
frame_ms,0.2233,
frame_ms,0.2167,
frame_ms,0.2404,
frame_ms,0.2212,
frame_ms,0.2268,
frame_ms,0.2143,
frame_ms,0.2545,
frame_ms,0.2374,
frame_ms,0.2267,
frame_ms,0.2109,
frame_ms,0.2875,
frame_ms,0.2813,
frame_ms,0.2327,
tick_us,1891.4,2275
frame_ms,3.8277,
frame_ms,0.2848,
frame_ms,0.2215,
frame_ms,0.2256,
frame_ms,0.2175,
frame_ms,0.22,
frame_ms,0.212,
frame_ms,0.2323,
frame_ms,0.2166,
frame_ms,0.2097,
frame_ms,0.2263,
frame_ms,0.2161,
frame_ms,0.2187,
frame_ms,0.2263,
frame_ms,0.2405,
tick_us,1655.3,2289
frame_ms,3.6068,
frame_ms,0.2536,
frame_ms,0.223,
frame_ms,0.2154,
frame_ms,0.2164,
frame_ms,0.2553,
frame_ms,0.2335,
frame_ms,0.2153,
frame_ms,0.2089,
frame_ms,0.2459,
frame_ms,0.2163,
frame_ms,0.217,
frame_ms,0.2262,
frame_ms,0.2374,
frame_ms,0.3025,
frame_ms,0.2152,
tick_us,1673.9,2279
frame_ms,3.5653,
frame_ms,0.2639,
frame_ms,0.2168,
frame_ms,0.2148,
frame_ms,0.2191,
frame_ms,0.2457,
frame_ms,0.2256,
frame_ms,0.2094,
frame_ms,0.2712,
frame_ms,0.2799,
frame_ms,0.2405,
frame_ms,0.2253,
frame_ms,0.2163,
frame_ms,0.2141,
frame_ms,0.2535,
tick_us,1672,2281
frame_ms,3.6192,
frame_ms,0.2767,
frame_ms,0.2234,
frame_ms,0.2187,
frame_ms,0.2152,
frame_ms,0.2123,
frame_ms,0.28,
frame_ms,0.2264,
frame_ms,0.2139,
frame_ms,0.2678,
frame_ms,0.2254,
frame_ms,0.2099,
frame_ms,0.2251,
frame_ms,0.2285,
frame_ms,0.2723,
tick_us,1670.5,2266
frame_ms,3.5871,
frame_ms,0.2637,
frame_ms,0.2199,
frame_ms,0.2212,
frame_ms,0.2162,
frame_ms,0.2358,
frame_ms,0.2114,
frame_ms,0.207,
frame_ms,0.2381,
frame_ms,0.2198,
frame_ms,0.2323,
frame_ms,0.2085,
frame_ms,0.2793,
frame_ms,0.2289,
frame_ms,0.2079,
frame_ms,0.2249,
tick_us,1672.1,2289
frame_ms,3.6233,
frame_ms,0.2535,
frame_ms,0.2277,
frame_ms,0.2237,
frame_ms,0.2237,
frame_ms,0.2105,
frame_ms,0.2721,
frame_ms,0.2269,
frame_ms,0.2181,
frame_ms,0.2371,
frame_ms,0.2106,
frame_ms,0.2129,
frame_ms,0.2262,
frame_ms,0.2311,
frame_ms,0.2184,
tick_us,1710.5,2302
frame_ms,3.6566,
frame_ms,0.2568,
frame_ms,0.2297,
frame_ms,0.2896,
frame_ms,0.2446,
frame_ms,0.2291,
frame_ms,0.2159,
frame_ms,0.2138,
frame_ms,0.2841,
frame_ms,0.305,
frame_ms,0.2348,
frame_ms,0.2213,
frame_ms,0.2253,
frame_ms,0.2258,
frame_ms,0.2184,
tick_us,1751.3,2309
frame_ms,3.6866,
frame_ms,0.2585,
frame_ms,0.2322,
frame_ms,0.2269,
frame_ms,0.216,
frame_ms,0.2436,
frame_ms,0.2667,
frame_ms,0.2333,
frame_ms,0.2231,
frame_ms,0.2182,
frame_ms,0.2156,
frame_ms,0.2604,
frame_ms,0.2216,
frame_ms,0.2127,
frame_ms,0.2414,
tick_us,1736.3,2298
frame_ms,3.6703,
frame_ms,0.2626,
frame_ms,0.2239,
frame_ms,0.2618,
frame_ms,0.2226,
frame_ms,0.2123,
frame_ms,0.2136,
frame_ms,0.2427,
frame_ms,0.2248,
frame_ms,0.2122,
frame_ms,0.2104,
frame_ms,0.6782,
frame_ms,0.2742,
tick_us,1747.9,2283
frame_ms,3.6764,
frame_ms,0.2545,
frame_ms,0.2149,
frame_ms,0.235,
frame_ms,0.2226,
frame_ms,0.2494,
frame_ms,0.2263,
frame_ms,0.2142,
frame_ms,0.266,
frame_ms,0.2259,
frame_ms,0.2146,
frame_ms,0.2285,
frame_ms,0.2431,
frame_ms,0.4219,
tick_us,1858.2,2267
frame_ms,4.0459,
frame_ms,0.2652,
frame_ms,0.2249,
frame_ms,0.2233,
frame_ms,0.2128,
frame_ms,0.2105,
frame_ms,0.2622,
frame_ms,0.2231,
frame_ms,0.216,
frame_ms,0.2299,
frame_ms,0.2289,
frame_ms,0.217,
frame_ms,0.2073,
frame_ms,0.2411,
tick_us,1776.4,2260
frame_ms,3.7626,
frame_ms,0.2624,
frame_ms,0.2206,
frame_ms,0.2144,
frame_ms,0.2089,
frame_ms,0.2541,
frame_ms,0.2244,
frame_ms,0.2112,
frame_ms,0.256,
frame_ms,0.2253,
frame_ms,0.2133,
frame_ms,0.2278,
frame_ms,0.2375,
frame_ms,0.2153,
frame_ms,0.2192,
tick_us,1765.4,2238
frame_ms,3.7248,
frame_ms,0.2417,
frame_ms,0.2161,
frame_ms,0.2224,
frame_ms,0.2103,
frame_ms,0.2098,
frame_ms,0.2303,
frame_ms,0.2739,
frame_ms,0.2222,
frame_ms,0.2106,
frame_ms,0.224,
frame_ms,0.2333,
frame_ms,0.2208,
frame_ms,0.2121,
frame_ms,0.2908,
tick_us,1762.9,2246
frame_ms,3.8361,
frame_ms,0.2822,
frame_ms,0.2228,
frame_ms,0.2217,
frame_ms,0.2131,
frame_ms,0.2287,
frame_ms,0.2293,
frame_ms,0.2224,
frame_ms,0.2641,
frame_ms,0.227,
frame_ms,0.2102,
frame_ms,0.2244,
frame_ms,0.2125,
frame_ms,0.2656,
tick_us,1780.6,2240
frame_ms,3.784,
frame_ms,0.2408,
frame_ms,0.2131,
frame_ms,0.2148,
frame_ms,0.2154,
frame_ms,0.2101,
frame_ms,0.266,
frame_ms,0.2295,
frame_ms,0.2535,
frame_ms,0.2758,
frame_ms,0.2325,
frame_ms,0.2255,
frame_ms,0.2159,
frame_ms,0.2859,
frame_ms,0.2293,
tick_us,1773.8,2220
frame_ms,3.7923,
frame_ms,0.2628,
frame_ms,0.2334,
frame_ms,0.231,
frame_ms,0.2837,
frame_ms,0.2373,
frame_ms,0.2216,
frame_ms,0.2319,
frame_ms,0.2234,
frame_ms,0.2286,
frame_ms,0.2094,
frame_ms,0.4058,
frame_ms,0.3986,
tick_us,1874.6,2237
frame_ms,4.0626,
frame_ms,0.2791,
frame_ms,0.2227,
frame_ms,0.2188,
frame_ms,0.2135,
frame_ms,0.2087,
frame_ms,0.2395,
frame_ms,0.2236,
frame_ms,0.2278,
frame_ms,0.245,
frame_ms,0.2236,
frame_ms,0.2176,
frame_ms,0.2635,
tick_us,1801.1,2249
frame_ms,3.8738,
frame_ms,0.2455,
frame_ms,0.2129,
frame_ms,0.212,
frame_ms,0.2092,
frame_ms,0.257,
frame_ms,0.26,
frame_ms,0.2718,
frame_ms,0.2349,
frame_ms,0.223,
frame_ms,0.2138,
frame_ms,0.2159,
frame_ms,0.4281,
tick_us,1855,2224
frame_ms,3.9624,
frame_ms,0.253,
frame_ms,0.2167,
frame_ms,0.2164,
frame_ms,0.2103,
frame_ms,0.2568,
frame_ms,0.23,
frame_ms,0.2163,
frame_ms,0.2083,
frame_ms,0.2434,
frame_ms,0.2193,
frame_ms,0.2088,
frame_ms,0.2498,
frame_ms,0.2285,
tick_us,1857.6,2200
frame_ms,4.0764,
frame_ms,0.2503,
frame_ms,0.2168,
frame_ms,0.2183,
frame_ms,0.2108,
frame_ms,0.2091,
frame_ms,0.2662,
frame_ms,0.2251,
frame_ms,0.2121,
frame_ms,0.2154,
frame_ms,0.248,
frame_ms,0.2201,
frame_ms,0.2071,
frame_ms,0.235,
tick_us,1923.8,2196
frame_ms,4.127,
frame_ms,0.3219,
frame_ms,0.2531,
frame_ms,0.2479,
frame_ms,0.2617,
frame_ms,0.2984,
frame_ms,0.2565,
frame_ms,0.2309,
frame_ms,0.2211,
frame_ms,0.213,
frame_ms,0.2103,
frame_ms,0.2521,
tick_us,1966.5,2205
frame_ms,4.2603,
frame_ms,0.2553,
frame_ms,0.2192,
frame_ms,0.2191,
frame_ms,0.2132,
frame_ms,0.2087,
frame_ms,0.2491,
frame_ms,0.2201,
frame_ms,0.2163,
frame_ms,0.2076,
frame_ms,0.2477,
frame_ms,0.2155,
frame_ms,0.2082,
tick_us,1980.5,2198
frame_ms,4.1868,
frame_ms,0.2536,
frame_ms,0.2167,
frame_ms,0.2233,
frame_ms,0.2298,
frame_ms,0.2246,
frame_ms,0.2086,
frame_ms,0.2082,
frame_ms,0.2585,
frame_ms,0.2743,
frame_ms,0.274,
frame_ms,0.2364,
frame_ms,0.2282,
tick_us,1950.7,2200
frame_ms,4.1051,
frame_ms,0.2507,
frame_ms,0.2811,
frame_ms,0.2331,
frame_ms,0.2218,
frame_ms,0.2191,
frame_ms,0.2157,
frame_ms,0.2766,
frame_ms,0.2698,
frame_ms,0.2303,
frame_ms,0.2175,
frame_ms,0.2114,
frame_ms,0.2391,
tick_us,1921.2,2216
frame_ms,4.032,
frame_ms,0.5515,
frame_ms,0.3668,
frame_ms,0.2176,
frame_ms,0.2275,
frame_ms,0.2164,
frame_ms,0.2147,
frame_ms,0.2274,
frame_ms,0.2114,
frame_ms,0.2669,
frame_ms,0.2515,
frame_ms,0.2097,
tick_us,1900.6,2216
frame_ms,3.9979,
frame_ms,0.2548,
frame_ms,0.217,
frame_ms,0.213,
frame_ms,0.2086,
frame_ms,0.2609,
frame_ms,0.2273,
frame_ms,0.2098,
frame_ms,0.2249,
frame_ms,0.2333,
frame_ms,0.215,
frame_ms,0.2064,
frame_ms,0.2477,
frame_ms,0.2192,
tick_us,1897.3,2232
frame_ms,4.0076,
frame_ms,0.2455,
frame_ms,0.2169,
frame_ms,0.2167,
frame_ms,0.2136,
frame_ms,0.227,
frame_ms,0.2472,
frame_ms,0.3437,
frame_ms,0.2974,
frame_ms,0.2283,
frame_ms,0.2235,
frame_ms,0.2201,
frame_ms,0.2112,
tick_us,1930.6,2225
frame_ms,4.0679,
frame_ms,0.2561,
frame_ms,0.2326,
frame_ms,0.2254,
frame_ms,0.218,
frame_ms,0.2305,
frame_ms,0.2427,
frame_ms,0.2611,
frame_ms,0.2307,
frame_ms,0.2175,
frame_ms,0.2838,
frame_ms,0.2112,
frame_ms,0.211,
tick_us,1935.9,2219
frame_ms,4.1119,
frame_ms,0.2614,
frame_ms,0.2231,
frame_ms,0.2141,
frame_ms,0.2094,
frame_ms,0.2384,
frame_ms,0.2159,
frame_ms,0.2054,
frame_ms,0.261,
frame_ms,0.2173,
frame_ms,0.2081,
frame_ms,0.2284,
frame_ms,0.2154,
frame_ms,0.206,
tick_us,1969.4,2217
frame_ms,4.1449,
frame_ms,0.2718,
frame_ms,0.226,
frame_ms,0.2218,
frame_ms,0.2231,
frame_ms,0.21,
frame_ms,0.3156,
frame_ms,0.2919,
frame_ms,0.2858,
frame_ms,0.2663,
frame_ms,0.2141,
frame_ms,0.2176,
tick_us,1939.8,2225
frame_ms,4.076,
frame_ms,0.2457,
frame_ms,0.2198,
frame_ms,0.2152,
frame_ms,0.2443,
frame_ms,0.2139,
frame_ms,0.2081,
frame_ms,0.2247,
frame_ms,0.2309,
frame_ms,0.2172,
frame_ms,0.2074,
frame_ms,0.2354,
frame_ms,0.2161,
frame_ms,0.2047,
tick_us,1943.6,2238
frame_ms,4.1394,
frame_ms,0.2733,
frame_ms,0.2198,
frame_ms,0.2302,
frame_ms,0.2173,
frame_ms,0.2152,
frame_ms,0.2493,
frame_ms,0.2222,
frame_ms,0.2171,
frame_ms,0.2169,
frame_ms,0.2417,
frame_ms,0.2247,
frame_ms,0.2131,
tick_us,2056.1,2233
frame_ms,4.2337,
frame_ms,0.2577,
frame_ms,0.227,
frame_ms,0.2176,
frame_ms,0.2193,
frame_ms,0.2371,
frame_ms,0.2151,
frame_ms,0.2147,
frame_ms,0.2632,
frame_ms,0.2226,
frame_ms,0.2131,
frame_ms,0.2457,
frame_ms,0.221,
tick_us,1978.8,2219
frame_ms,4.1258,
frame_ms,0.2865,
frame_ms,0.3387,
frame_ms,0.2848,
frame_ms,0.2352,
frame_ms,0.2267,
frame_ms,0.2187,
frame_ms,0.2169,
frame_ms,0.255,
frame_ms,0.2514,
frame_ms,0.2281,
frame_ms,0.2135,
frame_ms,0.2286,
tick_us,2007.7,2209
frame_ms,4.3649,
frame_ms,0.2576,
frame_ms,0.2177,
frame_ms,0.2152,
frame_ms,0.2088,
frame_ms,0.2565,
frame_ms,0.2255,
frame_ms,0.2144,
frame_ms,0.2289,
frame_ms,0.2412,
frame_ms,0.2182,
frame_ms,0.2134,
tick_us,1910.3,2196
frame_ms,4.023,
frame_ms,0.2526,
frame_ms,0.2172,
frame_ms,0.2146,
frame_ms,0.2322,
frame_ms,0.2245,
frame_ms,0.2115,
frame_ms,0.3028,
frame_ms,0.2616,
frame_ms,0.2316,
frame_ms,0.234,
frame_ms,0.2336,
frame_ms,0.2172,
tick_us,1900.5,2194
frame_ms,3.9686,
frame_ms,0.2736,
frame_ms,0.235,
frame_ms,0.2301,
frame_ms,0.2208,
frame_ms,0.214,
frame_ms,0.2112,
frame_ms,0.2553,
frame_ms,0.2683,
frame_ms,0.231,
frame_ms,0.2183,
frame_ms,0.216,
frame_ms,0.228,
frame_ms,0.2364,
tick_us,1835.6,2187
frame_ms,3.9087,
frame_ms,0.2662,
frame_ms,0.2288,
frame_ms,0.2235,
frame_ms,0.2223,
frame_ms,0.2164,
frame_ms,0.2126,
frame_ms,0.2438,
frame_ms,0.26,
frame_ms,0.2275,
frame_ms,0.213,
frame_ms,0.2107,
frame_ms,0.239,
frame_ms,0.2186,
tick_us,1994.1,2181
frame_ms,4.0805,
frame_ms,0.4994,
frame_ms,0.2922,
frame_ms,0.2727,
frame_ms,0.2233,
frame_ms,0.2246,
frame_ms,0.2289,
frame_ms,0.2195,
frame_ms,0.2097,
frame_ms,0.2392,
frame_ms,0.2201,
frame_ms,0.209,
tick_us,1899.1,2188
frame_ms,3.9937,
frame_ms,0.2538,
frame_ms,0.2185,
frame_ms,0.2153,
frame_ms,0.2087,
frame_ms,0.2546,
frame_ms,0.2207,
frame_ms,0.2156,
frame_ms,0.2279,
frame_ms,0.2424,
frame_ms,0.2186,
frame_ms,0.2169,
frame_ms,0.2422,
frame_ms,0.2259,
tick_us,1852.8,2176
frame_ms,4.1065,
frame_ms,0.3265,
frame_ms,0.2434,
frame_ms,0.2571,
frame_ms,0.3695,
frame_ms,0.4323,
frame_ms,0.3028,
frame_ms,0.2397,
frame_ms,0.2452,
frame_ms,0.2206,
frame_ms,0.2465,
tick_us,2118.8,2170
frame_ms,4.2898,
frame_ms,0.2928,
frame_ms,0.2316,
frame_ms,0.2257,
frame_ms,0.3231,
frame_ms,0.5736,
frame_ms,0.3524,
frame_ms,0.2834,
frame_ms,0.2561,
frame_ms,0.2197,
tick_us,1896.5,2204
frame_ms,3.946,
frame_ms,0.2519,
frame_ms,0.38,
frame_ms,0.253,
frame_ms,0.2256,
frame_ms,0.2908,
frame_ms,0.4911,
frame_ms,0.3261,
frame_ms,0.2237,
frame_ms,0.2191,
frame_ms,0.2173,
tick_us,1868.4,2217
frame_ms,3.9206,
frame_ms,0.2815,
frame_ms,0.2259,
frame_ms,0.2229,
frame_ms,0.221,
frame_ms,0.2154,
frame_ms,0.2372,
frame_ms,0.2285,
frame_ms,0.2153,
frame_ms,0.2849,
frame_ms,0.26,
frame_ms,0.2299,
frame_ms,0.224,
frame_ms,0.2159,
tick_us,1859.9,2220
frame_ms,3.9091,
frame_ms,0.2557,
frame_ms,0.2241,
frame_ms,0.2348,
frame_ms,0.2296,
frame_ms,0.2174,
frame_ms,0.2125,
frame_ms,0.2919,
frame_ms,0.2945,
frame_ms,0.3202,
frame_ms,0.3712,
frame_ms,0.3224,
tick_us,1879.3,2229
frame_ms,3.9213,
frame_ms,0.268,
frame_ms,0.2346,
frame_ms,0.227,
frame_ms,0.2151,
frame_ms,0.2151,
frame_ms,0.2921,
frame_ms,0.3004,
frame_ms,0.2467,
frame_ms,0.2333,
frame_ms,0.2278,
frame_ms,0.2167,
frame_ms,0.2176,
frame_ms,0.2554,
tick_us,1784.9,2204
frame_ms,3.7957,
frame_ms,0.2884,
frame_ms,0.2227,
frame_ms,0.2211,
frame_ms,0.2176,
frame_ms,0.2158,
frame_ms,0.2657,
frame_ms,0.2302,
frame_ms,0.2158,
frame_ms,0.2141,
frame_ms,0.2304,
frame_ms,0.2239,
frame_ms,0.2142,
frame_ms,0.2402,
tick_us,1836.5,2202
frame_ms,3.9038,
frame_ms,0.3151,
frame_ms,0.2385,
frame_ms,0.2282,
frame_ms,0.2278,
frame_ms,0.2127,
frame_ms,0.2132,
frame_ms,0.2528,
frame_ms,0.2273,
frame_ms,0.2124,
frame_ms,0.2115,
frame_ms,0.243,
frame_ms,0.2234,
frame_ms,0.3,
tick_us,1787.9,2200
frame_ms,3.7976,
frame_ms,0.2636,
frame_ms,0.2279,
frame_ms,0.2221,
frame_ms,0.2208,
frame_ms,0.2173,
frame_ms,0.234,
frame_ms,0.283,
frame_ms,0.2843,
frame_ms,0.2446,
frame_ms,0.2431,
frame_ms,0.2377,
frame_ms,0.2953,
tick_us,1783.1,2218
frame_ms,4.1266,
frame_ms,0.2934,
frame_ms,0.2338,
frame_ms,0.2259,
frame_ms,0.2227,
frame_ms,0.2213,
frame_ms,0.2261,
frame_ms,0.3222,
frame_ms,0.391,
frame_ms,0.3375,
frame_ms,0.3345,
tick_us,1719.1,2214
frame_ms,3.7985,
frame_ms,0.2679,
frame_ms,0.2307,
frame_ms,0.2243,
frame_ms,0.2213,
frame_ms,0.2131,
frame_ms,0.2388,
frame_ms,0.2157,
frame_ms,0.2105,
frame_ms,0.2434,
frame_ms,0.2251,
frame_ms,0.2145,
frame_ms,0.235,
frame_ms,0.2161,
frame_ms,0.2168,
frame_ms,0.2272,
tick_us,1673.7,2226
frame_ms,3.9827,
frame_ms,0.2837,
frame_ms,0.2304,
frame_ms,0.2246,
frame_ms,0.216,
frame_ms,0.2401,
frame_ms,0.2084,
frame_ms,0.2357,
frame_ms,0.2245,
frame_ms,0.2117,
frame_ms,0.2252,
frame_ms,0.2111,
frame_ms,0.2791,
tick_us,1690.4,2217
frame_ms,3.5926,
frame_ms,0.2542,
frame_ms,0.216,
frame_ms,0.2216,
frame_ms,0.2127,
frame_ms,0.2081,
frame_ms,0.2692,
frame_ms,0.2269,
frame_ms,0.2097,
frame_ms,0.2284,
frame_ms,0.2431,
frame_ms,0.2324,
frame_ms,0.2087,
frame_ms,0.2102,
frame_ms,0.2458,
frame_ms,0.2185,
tick_us,1672.1,2227
frame_ms,3.5746,
frame_ms,0.2525,
frame_ms,0.2182,
frame_ms,0.2103,
frame_ms,0.2091,
frame_ms,0.2533,
frame_ms,0.2281,
frame_ms,0.2128,
frame_ms,0.2257,
frame_ms,0.3821,
frame_ms,0.3576,
frame_ms,0.2628,
frame_ms,0.253,
frame_ms,0.4047,
tick_us,1688.1,2228
frame_ms,3.9115,
frame_ms,0.3128,
frame_ms,0.2263,
frame_ms,0.227,
frame_ms,0.2191,
frame_ms,0.2091,
frame_ms,0.2543,
frame_ms,0.2268,
frame_ms,0.213,
frame_ms,0.2294,
frame_ms,0.2607,
frame_ms,0.2236,
frame_ms,0.2105,
frame_ms,0.2297,
tick_us,1722.8,2224
frame_ms,3.6376,
frame_ms,0.269,
frame_ms,0.2309,
frame_ms,0.2219,
frame_ms,0.2128,
frame_ms,0.2111,
frame_ms,0.2621,
frame_ms,0.2242,
frame_ms,0.2125,
frame_ms,0.2287,
frame_ms,0.2517,
frame_ms,0.2813,
frame_ms,0.2398,
frame_ms,0.2316,
frame_ms,0.2239,
tick_us,1755.6,2222
frame_ms,3.6833,
frame_ms,0.2796,
frame_ms,0.2307,
frame_ms,0.224,
frame_ms,0.2171,
frame_ms,0.2228,
frame_ms,0.2182,
frame_ms,0.2414,
frame_ms,0.2697,
frame_ms,0.2294,
frame_ms,0.2141,
frame_ms,0.2081,
frame_ms,0.2646,
frame_ms,0.2315,
frame_ms,0.218,
tick_us,1735.4,2208
frame_ms,3.8027,
frame_ms,0.3752,
frame_ms,0.279,
frame_ms,0.2418,
frame_ms,0.2394,
frame_ms,0.2998,
frame_ms,0.2646,
frame_ms,0.2421,
frame_ms,0.23,
frame_ms,0.2196,
frame_ms,0.2174,
frame_ms,0.2411,
frame_ms,0.2546,
tick_us,1785.4,2210
frame_ms,3.7364,
frame_ms,0.2659,
frame_ms,0.2291,
frame_ms,0.2359,
frame_ms,0.2243,
frame_ms,0.2201,
frame_ms,0.219,
frame_ms,0.236,
frame_ms,0.2302,
frame_ms,0.2181,
frame_ms,0.2341,
frame_ms,0.2234,
frame_ms,0.2678,
frame_ms,0.2385,
frame_ms,0.2195,
tick_us,1743.1,2232
frame_ms,3.7346,
frame_ms,0.2551,
frame_ms,0.2307,
frame_ms,0.2255,
frame_ms,0.2352,
frame_ms,0.2222,
frame_ms,0.2292,
frame_ms,0.2212,
frame_ms,0.2387,
frame_ms,0.211,
frame_ms,0.2139,
frame_ms,0.241,
frame_ms,0.2218,
frame_ms,0.2129,
frame_ms,0.2413,
tick_us,1767.5,2223
frame_ms,3.7299,
frame_ms,0.2458,
frame_ms,0.3625,
frame_ms,0.24,
frame_ms,0.2364,
frame_ms,0.2196,
frame_ms,0.2177,
frame_ms,0.2168,
frame_ms,0.2595,
frame_ms,0.2295,
frame_ms,0.2132,
frame_ms,0.2662,
frame_ms,0.2276,
frame_ms,0.2124,
tick_us,1743.6,2217
frame_ms,3.7537,
frame_ms,0.2727,
frame_ms,0.2285,
frame_ms,0.2348,
frame_ms,0.2209,
frame_ms,0.2174,
frame_ms,0.2374,
frame_ms,0.2329,
frame_ms,0.216,
frame_ms,0.215,
frame_ms,0.2637,
frame_ms,0.225,
frame_ms,0.2118,
frame_ms,0.2678,
tick_us,1764.6,2216
frame_ms,3.7822,
frame_ms,0.2888,
frame_ms,0.2311,
frame_ms,0.2273,
frame_ms,0.2223,
frame_ms,0.2181,
frame_ms,0.2153,
frame_ms,0.2895,
frame_ms,0.3024,
frame_ms,0.4016,
frame_ms,0.2741,
frame_ms,0.2233,
frame_ms,0.2169,
frame_ms,0.2153,
tick_us,1748.3,2222
frame_ms,3.6784,
frame_ms,0.3815,
frame_ms,0.2902,
frame_ms,0.2238,
frame_ms,0.2198,
frame_ms,0.2152,
frame_ms,0.212,
frame_ms,0.2513,
frame_ms,0.2333,
frame_ms,0.2207,
frame_ms,0.2606,
frame_ms,0.2656,
frame_ms,0.2593,
frame_ms,0.2258,
tick_us,1765.6,2214
frame_ms,3.7291,
frame_ms,0.2588,
frame_ms,0.231,
frame_ms,0.2184,
frame_ms,0.2399,
frame_ms,0.2136,
frame_ms,0.2151,
frame_ms,0.2235,
frame_ms,0.271,
frame_ms,0.3277,
frame_ms,0.2673,
frame_ms,0.2525,
frame_ms,0.2357,
frame_ms,0.2514,
tick_us,1812.6,2230
frame_ms,4.0172,
frame_ms,0.5044,
frame_ms,0.3433,
frame_ms,0.2612,
frame_ms,0.2366,
frame_ms,0.2254,
frame_ms,0.2264,
frame_ms,0.2185,
frame_ms,0.2098,
frame_ms,0.2422,
frame_ms,0.2266,
frame_ms,0.2103,
tick_us,1729.3,2244
frame_ms,3.6855,
frame_ms,0.2611,
frame_ms,0.2231,
frame_ms,0.2206,
frame_ms,0.4351,
frame_ms,0.2592,
frame_ms,0.2243,
frame_ms,0.2189,
frame_ms,0.2105,
frame_ms,0.2841,
frame_ms,0.2353,
frame_ms,0.2273,
frame_ms,0.2254,
frame_ms,0.242,
tick_us,1752.5,2232
frame_ms,3.6813,
frame_ms,0.2658,
frame_ms,0.2229,
frame_ms,0.2799,
frame_ms,0.4885,
frame_ms,0.2905,
frame_ms,0.227,
frame_ms,0.2226,
frame_ms,0.2138,
frame_ms,0.228,
frame_ms,0.2226,
frame_ms,0.2732,
frame_ms,0.2348,
frame_ms,0.2156,
tick_us,1708.5,2219
frame_ms,3.7113,
frame_ms,0.2968,
frame_ms,0.2383,
frame_ms,0.2663,
frame_ms,0.4465,
frame_ms,0.2692,
frame_ms,0.2325,
frame_ms,0.219,
frame_ms,0.217,
frame_ms,0.2108,
frame_ms,0.2091,
frame_ms,0.2463,
frame_ms,0.3123,
tick_us,1734.1,2224
frame_ms,3.7152,
frame_ms,0.2611,
frame_ms,0.3044,
frame_ms,0.461,
frame_ms,0.4016,
frame_ms,0.3582,
frame_ms,0.4186,
frame_ms,0.388,
frame_ms,0.3523,
tick_us,1865.8,2202
frame_ms,4.0104,
frame_ms,0.2902,
frame_ms,0.2327,
frame_ms,0.2335,
frame_ms,0.2344,
frame_ms,0.3005,
frame_ms,0.3917,
frame_ms,0.3396,
frame_ms,0.2606,
frame_ms,0.2436,
frame_ms,0.2428,
frame_ms,0.2354,
frame_ms,0.2382,
tick_us,1824.8,2219
frame_ms,3.8144,
frame_ms,0.2902,
frame_ms,0.2341,
frame_ms,0.2335,
frame_ms,0.2319,
frame_ms,0.2525,
frame_ms,0.4162,
frame_ms,0.3131,
frame_ms,0.2771,
frame_ms,0.2778,
frame_ms,0.2421,
frame_ms,0.2235,
tick_us,1749.3,2203
frame_ms,3.6782,
frame_ms,0.2712,
frame_ms,0.2334,
frame_ms,0.2268,
frame_ms,0.2576,
frame_ms,0.2759,
frame_ms,0.2305,
frame_ms,0.2271,
frame_ms,0.2187,
frame_ms,0.4009,
frame_ms,0.4036,
frame_ms,0.3563,
tick_us,1794,2191
frame_ms,3.8995,
frame_ms,0.3108,
frame_ms,0.2378,
frame_ms,0.2425,
frame_ms,0.2358,
frame_ms,0.2243,
frame_ms,0.2214,
frame_ms,0.2178,
frame_ms,0.2668,
frame_ms,0.2365,
frame_ms,0.2366,
frame_ms,0.3972,
frame_ms,0.3224,
frame_ms,0.247,
tick_us,1746.3,2201
frame_ms,3.7288,
frame_ms,0.3435,
frame_ms,0.3609,
frame_ms,0.4124,
frame_ms,0.3336,
frame_ms,0.2789,
frame_ms,0.2453,
frame_ms,0.4923,
frame_ms,0.3361,
frame_ms,0.4081,
tick_us,1831.9,2208
frame_ms,3.8547,
frame_ms,0.3132,
frame_ms,0.2433,
frame_ms,0.5236,
frame_ms,0.2293,
frame_ms,0.2106,
frame_ms,0.2319,
frame_ms,0.2194,
frame_ms,0.2236,
frame_ms,0.3388,
frame_ms,0.4543,
tick_us,1897.1,2191
frame_ms,4.0074,
frame_ms,0.3136,
frame_ms,0.2318,
frame_ms,0.2293,
frame_ms,0.234,
frame_ms,0.2231,
frame_ms,0.2473,
frame_ms,0.2194,
frame_ms,0.2177,
frame_ms,0.28,
frame_ms,0.5775,
frame_ms,0.2653,
tick_us,1767.1,2168
frame_ms,3.7523,
frame_ms,0.2659,
frame_ms,0.2225,
frame_ms,0.2205,
frame_ms,0.2379,
frame_ms,0.2128,
frame_ms,0.2786,
frame_ms,0.4141,
frame_ms,0.3214,
frame_ms,0.2557,
frame_ms,0.2512,
frame_ms,0.392,
tick_us,1775.1,2160
frame_ms,3.7758,
frame_ms,0.2578,
frame_ms,0.223,
frame_ms,0.2878,
frame_ms,0.3379,
frame_ms,0.2444,
frame_ms,0.2263,
frame_ms,0.2198,
frame_ms,0.2183,
frame_ms,0.2173,
frame_ms,0.2987,
frame_ms,0.3002,
frame_ms,0.2355,
tick_us,1875.5,2164
frame_ms,4.295,
frame_ms,0.3356,
frame_ms,0.2517,
frame_ms,0.2389,
frame_ms,0.2316,
frame_ms,0.2137,
frame_ms,0.2701,
frame_ms,0.2206,
frame_ms,0.2299,
frame_ms,0.2447,
frame_ms,0.2429,
frame_ms,0.2241,
tick_us,1846.3,2163
frame_ms,3.9194,
frame_ms,0.2723,
frame_ms,0.2257,
frame_ms,0.228,
frame_ms,0.218,
frame_ms,0.2705,
frame_ms,0.2347,
frame_ms,0.2238,
frame_ms,0.2296,
frame_ms,0.2285,
frame_ms,0.4072,
frame_ms,0.2889,
frame_ms,0.3161,
tick_us,2066.3,2175
frame_ms,4.1917,
frame_ms,0.3203,
frame_ms,0.2645,
frame_ms,0.2274,
frame_ms,0.2245,
frame_ms,0.2192,
frame_ms,0.2142,
frame_ms,0.258,
frame_ms,0.3247,
frame_ms,0.2337,
frame_ms,0.2331,
frame_ms,0.2245,
tick_us,1851.5,2168
frame_ms,3.9043,
frame_ms,0.2623,
frame_ms,0.2409,
frame_ms,0.2271,
frame_ms,0.2238,
frame_ms,0.2242,
frame_ms,0.2188,
frame_ms,0.2525,
frame_ms,0.2884,
frame_ms,0.265,
frame_ms,0.2323,
frame_ms,0.2193,
frame_ms,0.2174,
frame_ms,0.2232,
tick_us,1893.3,2180
frame_ms,3.9562,
frame_ms,0.3054,
frame_ms,0.2343,
frame_ms,0.2366,
frame_ms,0.2197,
frame_ms,0.2158,
frame_ms,0.2605,
frame_ms,0.2252,
frame_ms,0.2208,
frame_ms,0.2124,
frame_ms,0.2562,
frame_ms,0.2188,
frame_ms,0.2113,
tick_us,1913.8,2178
frame_ms,4.0082,
frame_ms,0.2668,
frame_ms,0.2356,
frame_ms,0.2275,
frame_ms,0.2117,
frame_ms,0.2127,
frame_ms,0.4254,
frame_ms,0.4249,
frame_ms,0.3649,
frame_ms,0.3419,
frame_ms,0.3859,
tick_us,1985.9,2156
frame_ms,4.4854,
frame_ms,0.3469,
frame_ms,0.2447,
frame_ms,0.2341,
frame_ms,0.2234,
frame_ms,0.2363,
frame_ms,0.2192,
frame_ms,0.2422,
frame_ms,0.2181,
frame_ms,0.2454,
frame_ms,0.2389,
tick_us,1876.4,2153
frame_ms,3.955,
frame_ms,0.266,
frame_ms,0.2398,
frame_ms,0.2436,
frame_ms,0.2399,
frame_ms,0.2403,
frame_ms,0.2353,
frame_ms,0.4223,
frame_ms,0.3623,
frame_ms,0.3524,
frame_ms,0.3408,
tick_us,1866.1,2135
frame_ms,4.1386,
frame_ms,0.2834,
frame_ms,0.3638,
frame_ms,0.248,
frame_ms,0.2186,
frame_ms,0.2335,
frame_ms,0.2303,
frame_ms,0.2265,
frame_ms,0.2185,
frame_ms,0.2357,
frame_ms,0.2374,
frame_ms,0.2154,
tick_us,1872,2138
frame_ms,3.9612,
frame_ms,0.3702,
frame_ms,0.2881,
frame_ms,0.256,
frame_ms,0.23,
frame_ms,0.2304,
frame_ms,0.2316,
frame_ms,0.2296,
frame_ms,0.3096,
frame_ms,0.3813,
frame_ms,0.232,
frame_ms,0.2284,
tick_us,1852.4,2152
frame_ms,3.9282,
frame_ms,0.2559,
frame_ms,0.2277,
frame_ms,0.2367,
frame_ms,0.2253,
frame_ms,0.2471,
frame_ms,0.3123,
frame_ms,0.2483,
frame_ms,0.2385,
frame_ms,0.2246,
frame_ms,0.2215,
frame_ms,0.3186,
frame_ms,0.2309,
tick_us,1870.3,2148
frame_ms,3.9531,
frame_ms,0.2636,
frame_ms,0.227,
frame_ms,0.233,
frame_ms,0.2241,
frame_ms,0.2278,
frame_ms,0.2266,
frame_ms,0.2136,
frame_ms,0.233,
frame_ms,0.2616,
frame_ms,0.2334,
frame_ms,0.2214,
frame_ms,0.213,
frame_ms,0.2418,
tick_us,1860.9,2132
frame_ms,3.9235,
frame_ms,0.4586,
frame_ms,0.2575,
frame_ms,0.2206,
frame_ms,0.2197,
frame_ms,0.218,
frame_ms,0.2183,
frame_ms,0.2438,
frame_ms,0.2184,
frame_ms,0.212,
frame_ms,0.2274,
frame_ms,0.2277,
frame_ms,0.232,
tick_us,1947.7,2159
frame_ms,4.0554,
frame_ms,0.2864,
frame_ms,0.2258,
frame_ms,0.2732,
frame_ms,0.2292,
frame_ms,0.243,
frame_ms,0.2174,
frame_ms,0.2843,
frame_ms,0.2862,
frame_ms,0.2372,
frame_ms,0.2312,
frame_ms,0.2323,
frame_ms,0.2214,
tick_us,1936.8,2163
frame_ms,4.029,
frame_ms,0.3972,
frame_ms,0.2443,
frame_ms,0.237,
frame_ms,0.227,
frame_ms,0.2269,
frame_ms,0.2174,
frame_ms,0.2166,
frame_ms,0.3029,
frame_ms,0.3069,
frame_ms,0.2528,
frame_ms,0.2471,
tick_us,1886.5,2180
frame_ms,4.0422,
frame_ms,0.537,
frame_ms,0.2666,
frame_ms,0.2264,
frame_ms,0.2579,
frame_ms,0.2788,
frame_ms,0.2456,
frame_ms,0.2436,
frame_ms,0.2273,
frame_ms,0.2261,
frame_ms,0.2132,
frame_ms,0.2159,
tick_us,1872.4,2188
frame_ms,3.9912,
frame_ms,0.4843,
frame_ms,0.3245,
frame_ms,0.2288,
frame_ms,0.3564,
frame_ms,0.292,
frame_ms,0.2291,
frame_ms,0.234,
frame_ms,0.2274,
frame_ms,0.2257,
frame_ms,0.2179,
frame_ms,0.2315,
tick_us,1855.4,2175
frame_ms,3.9798,
frame_ms,0.4265,
frame_ms,0.3924,
frame_ms,0.2399,
frame_ms,0.2149,
frame_ms,0.2416,
frame_ms,0.2188,
frame_ms,0.2131,
frame_ms,0.2404,
frame_ms,0.3102,
frame_ms,0.2481,
frame_ms,0.234,
tick_us,1927,2171
frame_ms,4.0054,
frame_ms,0.262,
frame_ms,0.2555,
frame_ms,0.233,
frame_ms,0.2288,
frame_ms,0.2262,
frame_ms,0.2204,
frame_ms,0.2335,
frame_ms,0.2245,
frame_ms,0.2193,
frame_ms,0.2261,
frame_ms,0.2658,
frame_ms,0.2309,
tick_us,1875.3,2175
frame_ms,3.9183,
frame_ms,0.2561,
frame_ms,0.2211,
frame_ms,0.223,
frame_ms,0.2186,
frame_ms,0.3453,
frame_ms,0.2315,
frame_ms,0.2587,
frame_ms,0.2257,
frame_ms,0.2171,
frame_ms,0.4683,
frame_ms,0.4157,
tick_us,1822,2170
frame_ms,3.9803,
frame_ms,0.3201,
frame_ms,0.2386,
frame_ms,0.2254,
frame_ms,0.2157,
frame_ms,0.2394,
frame_ms,0.2459,
frame_ms,0.2253,
frame_ms,0.236,
frame_ms,0.2151,
frame_ms,0.2598,
frame_ms,0.2292,
frame_ms,0.2211,
tick_us,1827.6,2177
frame_ms,3.9355,
frame_ms,0.3205,
frame_ms,0.2416,
frame_ms,0.2282,
frame_ms,0.2229,
frame_ms,0.2135,
frame_ms,0.2452,
frame_ms,0.2939,
frame_ms,0.2356,
frame_ms,0.2311,
frame_ms,0.2161,
frame_ms,0.2136,
frame_ms,0.2139,
frame_ms,0.2616,
tick_us,1940.3,2176
frame_ms,4.1182,
frame_ms,0.3761,
frame_ms,0.2841,
frame_ms,0.2696,
frame_ms,0.404,
frame_ms,0.5427,
frame_ms,0.3011,
frame_ms,0.2451,
frame_ms,0.2311,
frame_ms,0.2202,
tick_us,1956,2150
frame_ms,4.079,
frame_ms,0.278,
frame_ms,0.2312,
frame_ms,0.2242,
frame_ms,0.2348,
frame_ms,0.2154,
frame_ms,0.2098,
frame_ms,0.4171,
frame_ms,0.3733,
frame_ms,0.2718,
frame_ms,0.226,
tick_us,1865,2148
frame_ms,3.9132,
frame_ms,0.2783,
frame_ms,0.2328,
frame_ms,0.2279,
frame_ms,0.2173,
frame_ms,0.2687,
frame_ms,0.2346,
frame_ms,0.2187,
frame_ms,0.2293,
frame_ms,0.2148,
frame_ms,0.2142,
frame_ms,0.2577,
frame_ms,0.2246,
frame_ms,0.212,
tick_us,1834.6,2141
frame_ms,3.9148,
frame_ms,0.266,
frame_ms,0.2225,
frame_ms,0.2134,
frame_ms,0.2091,
frame_ms,0.2787,
frame_ms,0.2337,
frame_ms,0.2154,
frame_ms,0.2404,
frame_ms,0.2313,
frame_ms,0.2241,
frame_ms,0.2557,
frame_ms,0.3057,
frame_ms,0.2365,
tick_us,1844.1,2136
frame_ms,3.9118,
frame_ms,0.2545,
frame_ms,0.2265,
frame_ms,0.5791,
frame_ms,0.4612,
frame_ms,0.2369,
frame_ms,0.2122,
frame_ms,0.2207,
frame_ms,0.214,
frame_ms,0.2086,
frame_ms,0.2561,
tick_us,1874,2179
frame_ms,4.0161,
frame_ms,0.2758,
frame_ms,0.2251,
frame_ms,0.2221,
frame_ms,0.2154,
frame_ms,0.2142,
frame_ms,0.241,
frame_ms,0.2289,
frame_ms,0.2124,
frame_ms,0.2401,
frame_ms,0.2261,
frame_ms,0.2151,
frame_ms,0.2128,
frame_ms,0.245,
frame_ms,0.2186,
tick_us,1836.5,2171
frame_ms,3.9177,
frame_ms,0.2426,
frame_ms,0.2383,
frame_ms,0.2168,
frame_ms,0.2152,
frame_ms,0.209,
frame_ms,0.2464,
frame_ms,0.2347,
frame_ms,0.6209,
frame_ms,0.3289,
frame_ms,0.2356,
frame_ms,0.2114,
tick_us,1867.8,2183
frame_ms,3.9449,
frame_ms,0.2752,
frame_ms,0.2292,
frame_ms,0.2161,
frame_ms,0.2107,
frame_ms,0.2489,
frame_ms,0.2291,
frame_ms,0.2169,
frame_ms,0.2403,
frame_ms,0.2186,
frame_ms,0.2237,
frame_ms,0.2249,
frame_ms,0.2065,
frame_ms,0.2751,
tick_us,1852.8,2172
frame_ms,3.924,
frame_ms,0.246,
frame_ms,0.2138,
frame_ms,0.216,
frame_ms,0.2127,
frame_ms,0.2428,
frame_ms,0.2264,
frame_ms,0.2184,
frame_ms,0.2427,
frame_ms,0.2183,
frame_ms,0.2116,
frame_ms,0.3102,
frame_ms,0.2345,
tick_us,1853.6,2172
frame_ms,4.0036,
frame_ms,0.2648,
frame_ms,0.2167,
frame_ms,0.2191,
frame_ms,0.2148,
frame_ms,0.2103,
frame_ms,0.2494,
frame_ms,0.2302,
frame_ms,0.2193,
frame_ms,0.2098,
frame_ms,0.2917,
frame_ms,0.4282,
frame_ms,0.3421,
tick_us,1954.2,2171
frame_ms,4.1613,
frame_ms,0.2813,
frame_ms,0.234,
frame_ms,0.2256,
frame_ms,0.2212,
frame_ms,0.2123,
frame_ms,0.2129,
frame_ms,0.249,
frame_ms,0.2644,
frame_ms,0.226,
frame_ms,0.2157,
frame_ms,0.3819,
tick_us,2004.7,2166
frame_ms,4.3189,
frame_ms,0.3021,
frame_ms,0.2287,
frame_ms,0.2196,
frame_ms,0.217,
frame_ms,0.2091,
frame_ms,0.2396,
frame_ms,0.2208,
frame_ms,0.2135,
frame_ms,0.2259,
frame_ms,0.2106,
frame_ms,0.2499,
frame_ms,0.2192,
tick_us,1880.1,2165
frame_ms,3.9492,
frame_ms,0.2523,
frame_ms,0.2244,
frame_ms,0.2185,
frame_ms,0.2141,
frame_ms,0.2641,
frame_ms,0.2247,
frame_ms,0.2225,
frame_ms,0.2298,
frame_ms,0.2442,
frame_ms,0.243,
frame_ms,0.2177,
frame_ms,0.2095,
tick_us,1890.3,2177
frame_ms,3.9718,
frame_ms,0.3139,
frame_ms,0.66,
frame_ms,0.301,
frame_ms,0.2482,
frame_ms,0.2191,
frame_ms,0.2246,
frame_ms,0.2245,
frame_ms,0.2208,
frame_ms,0.227,
frame_ms,0.2437,
frame_ms,0.2227,
tick_us,1845.3,2191
frame_ms,3.9198,
frame_ms,0.3934,
frame_ms,0.3132,
frame_ms,0.2934,
frame_ms,0.3345,
frame_ms,0.281,
frame_ms,0.2255,
frame_ms,0.2241,
frame_ms,0.2833,
frame_ms,0.4873,
frame_ms,0.2507,
tick_us,1855.7,2195
frame_ms,3.8543,
frame_ms,0.2742,
frame_ms,0.2317,
frame_ms,0.2266,
frame_ms,0.2472,
frame_ms,0.218,
frame_ms,0.2159,
frame_ms,0.2603,
frame_ms,0.8112,
frame_ms,0.402,
frame_ms,0.2348,
tick_us,1808.6,2207
frame_ms,3.8042,
frame_ms,0.281,
frame_ms,0.237,
frame_ms,0.2485,
frame_ms,0.2274,
frame_ms,0.2267,
frame_ms,0.218,
frame_ms,0.2225,
frame_ms,0.244,
frame_ms,0.2554,
frame_ms,0.226,
frame_ms,0.2171,
frame_ms,0.2505,
frame_ms,0.2962,
tick_us,2578.5,2204
frame_ms,4.6288,
frame_ms,0.2934,
frame_ms,0.2303,
frame_ms,0.2408,
frame_ms,0.2316,
frame_ms,0.22,
frame_ms,0.2115,
frame_ms,0.212,
frame_ms,0.2403,
frame_ms,0.2242,
frame_ms,0.2127,
tick_us,1858,2207
frame_ms,4.2719,
frame_ms,0.346,
frame_ms,0.461,
frame_ms,0.4299,
frame_ms,0.3519,
frame_ms,0.3394,
frame_ms,0.4437,
tick_us,1740.3,2207
frame_ms,3.8977,
frame_ms,0.3328,
frame_ms,0.2562,
frame_ms,0.227,
frame_ms,0.2247,
frame_ms,0.2261,
frame_ms,0.2161,
frame_ms,0.2202,
frame_ms,0.5202,
frame_ms,0.322,
frame_ms,0.2538,
frame_ms,0.2199,
frame_ms,0.2274,
tick_us,1861.9,2210
frame_ms,3.8624,
frame_ms,0.3649,
frame_ms,0.3422,
frame_ms,0.3691,
frame_ms,0.3505,
frame_ms,0.338,
frame_ms,0.3863,
frame_ms,0.3486,
frame_ms,0.3383,
frame_ms,0.3326,
tick_us,1854.7,2195
frame_ms,3.9527,
frame_ms,0.2936,
frame_ms,0.2343,
frame_ms,0.238,
frame_ms,0.2378,
frame_ms,0.2305,
frame_ms,0.2286,
frame_ms,0.2592,
frame_ms,0.2399,
frame_ms,0.2218,
frame_ms,0.2467,
frame_ms,0.2208,
frame_ms,0.2364,
tick_us,1744.1,2197
frame_ms,4.7124,
frame_ms,0.6264,
frame_ms,0.4518,
frame_ms,0.2876,
frame_ms,0.2384,
frame_ms,0.2157,
frame_ms,0.2192,
frame_ms,0.2175,
tick_us,1778.8,2224
frame_ms,3.7395,
frame_ms,0.251,
frame_ms,0.2302,
frame_ms,0.23,
frame_ms,0.2191,
frame_ms,0.2133,
frame_ms,0.33,
frame_ms,0.3147,
frame_ms,0.2546,
frame_ms,0.2361,
frame_ms,0.2255,
frame_ms,0.2211,
frame_ms,0.2193,
frame_ms,0.245,
tick_us,1778.5,2224
frame_ms,3.7346,
frame_ms,0.2655,
frame_ms,0.2266,
frame_ms,0.2293,
frame_ms,0.2183,
frame_ms,0.244,
frame_ms,0.2889,
frame_ms,0.2395,
frame_ms,0.2666,
frame_ms,0.2692,
frame_ms,0.2445,
frame_ms,0.2107,
frame_ms,0.2319,
frame_ms,0.2224,
tick_us,1763.7,2239
frame_ms,3.74,
frame_ms,0.2629,
frame_ms,0.2299,
frame_ms,0.2171,
frame_ms,0.382,
frame_ms,0.2392,
frame_ms,0.2249,
frame_ms,0.2197,
frame_ms,0.2141,
frame_ms,0.2097,
frame_ms,0.2943,
frame_ms,0.281,
frame_ms,0.2387,
frame_ms,0.2155,
tick_us,1767,2231
frame_ms,3.8329,
frame_ms,0.2703,
frame_ms,0.2297,
frame_ms,0.2334,
frame_ms,0.244,
frame_ms,0.332,
frame_ms,0.2406,
frame_ms,0.2222,
frame_ms,0.2194,
frame_ms,0.2141,
frame_ms,0.2118,
frame_ms,0.4237,
tick_us,1792.9,2241
frame_ms,4.1784,
frame_ms,0.2746,
frame_ms,0.2242,
frame_ms,0.2201,
frame_ms,0.2355,
frame_ms,0.2623,
frame_ms,0.2314,
frame_ms,0.2201,
frame_ms,0.2399,
frame_ms,0.2206,
frame_ms,0.2137,
frame_ms,0.2708,
frame_ms,0.2441,
frame_ms,0.2201,
tick_us,1801.9,2240
frame_ms,3.8062,
frame_ms,0.2566,
frame_ms,0.217,
frame_ms,0.2182,
frame_ms,0.2252,
frame_ms,0.2429,
frame_ms,0.2829,
frame_ms,0.2309,
frame_ms,0.2195,
frame_ms,0.2105,
frame_ms,0.2154,
frame_ms,0.2526,
frame_ms,0.231,
frame_ms,0.2162,
tick_us,1934.5,2244
frame_ms,4.2689,
frame_ms,0.3072,
frame_ms,0.2407,
frame_ms,0.2265,
frame_ms,0.229,
frame_ms,0.2494,
frame_ms,0.2437,
frame_ms,0.2673,
frame_ms,0.2386,
frame_ms,0.2172,
frame_ms,0.2171,
frame_ms,0.2515,
tick_us,1803.7,2258
frame_ms,3.8037,
frame_ms,0.2537,
frame_ms,0.2301,
frame_ms,0.2197,
frame_ms,0.2148,
frame_ms,0.221,
frame_ms,0.2658,
frame_ms,0.2344,
frame_ms,0.2134,
frame_ms,0.2619,
frame_ms,0.2326,
frame_ms,0.2215,
frame_ms,0.2172,
frame_ms,0.2774,
frame_ms,0.234,
tick_us,1785.2,2267
frame_ms,3.7901,
frame_ms,0.2815,
frame_ms,0.2317,
frame_ms,0.227,
frame_ms,0.227,
frame_ms,0.2152,
frame_ms,0.2941,
frame_ms,0.2331,
frame_ms,0.2178,
frame_ms,0.2209,
frame_ms,0.2612,
frame_ms,0.2341,
frame_ms,0.2143,
tick_us,1866.8,2247
frame_ms,4.0311,
frame_ms,0.31,
frame_ms,0.2412,
frame_ms,0.2354,
frame_ms,0.2266,
frame_ms,0.2342,
frame_ms,0.2148,
frame_ms,0.288,
frame_ms,0.3158,
frame_ms,0.2424,
frame_ms,0.2333,
frame_ms,0.2205,
frame_ms,0.3318,
tick_us,1765,2245
frame_ms,3.7953,
frame_ms,0.2667,
frame_ms,0.2273,
frame_ms,0.2266,
frame_ms,0.2165,
frame_ms,0.2108,
frame_ms,0.3677,
frame_ms,0.5002,
frame_ms,0.2488,
frame_ms,0.2176,
frame_ms,0.2378,
frame_ms,0.2181,
frame_ms,0.2156,
tick_us,1790.7,2250
frame_ms,3.7773,
frame_ms,0.2574,
frame_ms,0.2315,
frame_ms,0.2205,
frame_ms,0.2191,
frame_ms,0.2152,
frame_ms,0.4285,
frame_ms,0.2549,
frame_ms,0.2265,
frame_ms,0.221,
frame_ms,0.2182,
frame_ms,0.326,
frame_ms,0.3293,
tick_us,1812.9,2226
frame_ms,3.9244,
frame_ms,0.2621,
frame_ms,0.2241,
frame_ms,0.2211,
frame_ms,0.2155,
frame_ms,0.3022,
frame_ms,0.2922,
frame_ms,0.2414,
frame_ms,0.2169,
frame_ms,0.2122,
frame_ms,0.2136,
frame_ms,0.3154,
frame_ms,0.2696,
tick_us,1871.9,2235
frame_ms,3.9755,
frame_ms,0.2701,
frame_ms,0.2254,
frame_ms,0.2223,
frame_ms,0.215,
frame_ms,0.2098,
frame_ms,0.2602,
frame_ms,0.2782,
frame_ms,0.247,
frame_ms,0.2272,
frame_ms,0.2325,
frame_ms,0.2127,
frame_ms,0.2098,
frame_ms,0.252,
tick_us,1912.6,2253
frame_ms,4.2955,
frame_ms,0.2763,
frame_ms,0.2264,
frame_ms,0.2243,
frame_ms,0.223,
frame_ms,0.2579,
frame_ms,0.2209,
frame_ms,0.2166,
frame_ms,0.2395,
frame_ms,0.2187,
frame_ms,0.2553,
frame_ms,0.2369,
tick_us,1933.2,2249
frame_ms,4.2849,
frame_ms,0.2914,
frame_ms,0.2355,
frame_ms,0.2215,
frame_ms,0.2194,
frame_ms,0.2353,
frame_ms,0.2204,
frame_ms,0.2576,
frame_ms,0.2359,
frame_ms,0.2167,
frame_ms,0.2526,
frame_ms,0.2335,
tick_us,1887.9,2252
frame_ms,3.9782,
frame_ms,0.2526,
frame_ms,0.2316,
frame_ms,0.2267,
frame_ms,0.2217,
frame_ms,0.2578,
frame_ms,0.2357,
frame_ms,0.2257,
frame_ms,0.2183,
frame_ms,0.2179,
frame_ms,0.2776,
frame_ms,0.2332,
frame_ms,0.2147,
frame_ms,0.2555,
tick_us,1881.6,2250
frame_ms,4.0536,
frame_ms,0.3235,
frame_ms,0.2614,
frame_ms,0.2468,
frame_ms,0.3219,
frame_ms,0.3832,
frame_ms,0.2165,
frame_ms,0.2248,
frame_ms,0.2205,
frame_ms,0.2111,
frame_ms,0.2576,
frame_ms,0.2807,
tick_us,1820.2,2245
frame_ms,3.9452,
frame_ms,0.2565,
frame_ms,0.2311,
frame_ms,0.2248,
frame_ms,0.2192,
frame_ms,0.2168,
frame_ms,0.2536,
frame_ms,0.2292,
frame_ms,0.2194,
frame_ms,0.2154,
frame_ms,0.2175,
frame_ms,0.279,
frame_ms,0.2319,
frame_ms,0.2328,
tick_us,1873.9,2225
frame_ms,4.427,
frame_ms,0.5717,
frame_ms,0.6194,
frame_ms,0.2958,
frame_ms,0.2873,
frame_ms,0.2146,
frame_ms,0.2209,
frame_ms,0.2161,
tick_us,1902.6,2228
frame_ms,3.982,
frame_ms,0.2625,
frame_ms,0.2345,
frame_ms,0.2188,
frame_ms,0.213,
frame_ms,0.3047,
frame_ms,0.3021,
frame_ms,0.2447,
frame_ms,0.2287,
frame_ms,0.2239,
frame_ms,0.2176,
frame_ms,0.2183,
frame_ms,0.2248,
tick_us,1890.9,2225
frame_ms,3.9365,
frame_ms,0.274,
frame_ms,0.2247,
frame_ms,0.2206,
frame_ms,0.2215,
frame_ms,0.2395,
frame_ms,0.2201,
frame_ms,0.2097,
frame_ms,0.2329,
frame_ms,0.2431,
frame_ms,0.2298,
frame_ms,0.2147,
frame_ms,0.3766,
tick_us,1816.7,2220
frame_ms,4.2162,
frame_ms,0.2717,
frame_ms,0.225,
frame_ms,0.2162,
frame_ms,0.231,
frame_ms,0.2183,
frame_ms,0.2122,
frame_ms,0.2413,
frame_ms,0.238,
frame_ms,0.2151,
frame_ms,0.261,
frame_ms,0.2379,
frame_ms,0.221,
tick_us,1884.6,2222
frame_ms,4.0172,
frame_ms,0.261,
frame_ms,0.2232,
frame_ms,0.2258,
frame_ms,0.2183,
frame_ms,0.2695,
frame_ms,0.2287,
frame_ms,0.2124,
frame_ms,0.2628,
frame_ms,0.2303,
frame_ms,0.2203,
frame_ms,0.2092,
frame_ms,0.2406,
frame_ms,0.2281,
tick_us,1946.8,2219
frame_ms,4.0791,
frame_ms,0.2874,
frame_ms,0.233,
frame_ms,0.2264,
frame_ms,0.2199,
frame_ms,0.2117,
frame_ms,0.2482,
frame_ms,0.3141,
frame_ms,0.244,
frame_ms,0.2311,
frame_ms,0.2785,
frame_ms,0.2421,
frame_ms,0.2245,
tick_us,1857.4,2234
frame_ms,3.9564,
frame_ms,0.2563,
frame_ms,0.2285,
frame_ms,0.2259,
frame_ms,0.2209,
frame_ms,0.2285,
frame_ms,0.2169,
frame_ms,0.2775,
frame_ms,0.2417,
frame_ms,0.2217,
frame_ms,0.2605,
frame_ms,0.2138,
frame_ms,0.2791,
tick_us,1864,2237
frame_ms,4.0798,
frame_ms,0.3293,
frame_ms,0.2487,
frame_ms,0.3177,
frame_ms,0.2413,
frame_ms,0.2228,
frame_ms,0.2205,
frame_ms,0.2198,
frame_ms,0.2133,
frame_ms,0.2416,
frame_ms,0.3046,
frame_ms,0.2439,
tick_us,1817.2,2248
frame_ms,3.827,
frame_ms,0.2584,
frame_ms,0.2333,
frame_ms,0.3161,
frame_ms,0.2704,
frame_ms,0.2449,
frame_ms,0.2384,
frame_ms,0.2385,
frame_ms,0.2379,
frame_ms,0.2613,
frame_ms,0.3739,
frame_ms,0.2494,
frame_ms,0.2195,
tick_us,1805.4,2238
frame_ms,3.8064,
frame_ms,0.254,
frame_ms,0.2242,
frame_ms,0.2161,
frame_ms,0.227,
frame_ms,0.2524,
frame_ms,0.2285,
frame_ms,0.2148,
frame_ms,0.2342,
frame_ms,0.2179,
frame_ms,0.2152,
frame_ms,0.2547,
frame_ms,0.2263,
frame_ms,0.2147,
frame_ms,0.2454,
tick_us,1830.9,2232
frame_ms,3.8439,
frame_ms,0.3078,
frame_ms,0.5308,
frame_ms,0.3302,
frame_ms,0.4796,
frame_ms,0.2416,
frame_ms,0.2169,
frame_ms,0.2203,
frame_ms,0.2184,
frame_ms,0.2142,
frame_ms,0.2138,
tick_us,1820,2236
frame_ms,4.0411,
frame_ms,0.3033,
frame_ms,0.2634,
frame_ms,0.2328,
frame_ms,0.2315,
frame_ms,0.2184,
frame_ms,0.2447,
frame_ms,0.2561,
frame_ms,0.286,
frame_ms,0.2879,
frame_ms,0.2621,
frame_ms,0.2282,
frame_ms,0.2264,
tick_us,1847.4,2252
frame_ms,3.8248,
frame_ms,0.277,
frame_ms,0.2272,
frame_ms,0.2208,
frame_ms,0.216,
frame_ms,0.2579,
frame_ms,0.2492,
frame_ms,0.2303,
frame_ms,0.2177,
frame_ms,0.2687,
frame_ms,0.2431,
frame_ms,0.2615,
frame_ms,0.2146,
frame_ms,0.2645,
tick_us,1861.6,2263
frame_ms,3.9181,
frame_ms,0.2831,
frame_ms,0.2232,
frame_ms,0.2252,
frame_ms,0.2223,
frame_ms,0.2962,
frame_ms,0.2806,
frame_ms,0.2329,
frame_ms,0.2273,
frame_ms,0.2279,
frame_ms,0.2171,
frame_ms,0.214,
frame_ms,0.2613,
tick_us,1826.2,2251
frame_ms,3.8825,
frame_ms,0.425,
frame_ms,0.4669,
frame_ms,0.4055,
frame_ms,0.2661,
frame_ms,0.2389,
frame_ms,0.2454,
frame_ms,0.224,
frame_ms,0.224,
frame_ms,0.2117,
frame_ms,0.2405,
frame_ms,0.2171,
tick_us,1843.9,2253
frame_ms,3.8666,
frame_ms,0.2971,
frame_ms,0.2861,
frame_ms,0.2273,
frame_ms,0.2258,
frame_ms,0.2478,
frame_ms,0.2645,
frame_ms,0.2766,
frame_ms,0.2468,
frame_ms,0.2393,
frame_ms,0.2341,
frame_ms,0.2279,
frame_ms,0.2413,
tick_us,1842.8,2251
frame_ms,3.9248,
frame_ms,0.4183,
frame_ms,0.5662,
frame_ms,0.5734,
frame_ms,0.482,
frame_ms,0.4806,
frame_ms,0.5036,
tick_us,1856.9,2236
frame_ms,4.2693,
frame_ms,0.3884,
frame_ms,0.3591,
frame_ms,0.2562,
frame_ms,0.2438,
frame_ms,0.2814,
frame_ms,0.803,
frame_ms,0.5258,
tick_us,1899.7,2233
frame_ms,4.6565,
frame_ms,0.3782,
frame_ms,0.2967,
frame_ms,0.2631,
frame_ms,0.2372,
frame_ms,0.2265,
frame_ms,0.2263,
frame_ms,0.224,
frame_ms,0.4228,
tick_us,1880.3,2223
frame_ms,4.1782,
frame_ms,0.6894,
frame_ms,0.576,
frame_ms,0.4339,
frame_ms,0.3709,
frame_ms,0.2762,
frame_ms,0.2284,
tick_us,1855.5,2234
frame_ms,3.9608,
frame_ms,0.4302,
frame_ms,0.5347,
frame_ms,1.4047,
frame_ms,0.4544,
tick_us,2102.8,2243
frame_ms,4.4376,
frame_ms,0.3681,
frame_ms,0.2517,
frame_ms,0.2359,
frame_ms,0.2347,
frame_ms,0.2451,
frame_ms,0.2237,
frame_ms,0.2323,
frame_ms,0.2253,
frame_ms,0.2183,
frame_ms,0.2254,
frame_ms,0.2602,
tick_us,1852.3,2241
frame_ms,3.974,
frame_ms,0.4723,
frame_ms,0.3656,
frame_ms,0.2608,
frame_ms,0.2286,
frame_ms,0.227,
frame_ms,0.2213,
frame_ms,0.2205,
frame_ms,0.2423,
frame_ms,0.2256,
frame_ms,0.2156,
frame_ms,0.3106,
tick_us,1958,2224
frame_ms,4.2911,
frame_ms,0.4478,
frame_ms,0.2736,
frame_ms,0.2235,
frame_ms,0.223,
frame_ms,0.2343,
frame_ms,0.2249,
frame_ms,0.2207,
frame_ms,0.2435,
frame_ms,0.2146,
frame_ms,0.2145,
tick_us,1836.2,2227
frame_ms,3.8107,
frame_ms,0.267,
frame_ms,0.2264,
frame_ms,0.2272,
frame_ms,0.2159,
frame_ms,0.2365,
frame_ms,0.2235,
frame_ms,0.2112,
frame_ms,0.2631,
frame_ms,0.2284,
frame_ms,0.2278,
frame_ms,0.2134,
frame_ms,0.2578,
frame_ms,0.2227,
frame_ms,0.2084,
tick_us,1748.9,2210
frame_ms,3.7779,
frame_ms,0.2805,
frame_ms,0.4446,
frame_ms,0.3688,
frame_ms,0.3452,
frame_ms,0.3462,
frame_ms,0.2696,
frame_ms,0.2213,
frame_ms,0.2138,
frame_ms,0.2132,
frame_ms,0.2092,
frame_ms,0.2621,
tick_us,1774,2195
frame_ms,3.7241,
frame_ms,0.2516,
frame_ms,0.3769,
frame_ms,0.364,
frame_ms,0.3462,
frame_ms,0.337,
frame_ms,0.3353,
frame_ms,0.3429,
frame_ms,0.3316,
frame_ms,0.3332,
tick_us,1957.8,2190
frame_ms,4.1211,
frame_ms,0.288,
frame_ms,0.2345,
frame_ms,0.2233,
frame_ms,0.2224,
frame_ms,0.2098,
frame_ms,0.2332,
frame_ms,0.2196,
frame_ms,0.2518,
frame_ms,0.2241,
frame_ms,0.2151,
frame_ms,0.2447,
frame_ms,0.2225,
frame_ms,0.2181,
tick_us,1704.2,2216
frame_ms,3.6446,
frame_ms,0.254,
frame_ms,0.3369,
frame_ms,0.2709,
frame_ms,0.235,
frame_ms,0.2409,
frame_ms,0.2356,
frame_ms,0.2366,
frame_ms,0.2327,
frame_ms,0.2466,
frame_ms,0.2319,
frame_ms,0.2309,
frame_ms,0.2291,
frame_ms,0.2305,
tick_us,1768.7,2222
frame_ms,3.7252,
frame_ms,0.2858,
frame_ms,0.2402,
frame_ms,0.2318,
frame_ms,0.2895,
frame_ms,0.2912,
frame_ms,0.359,
frame_ms,0.2637,
frame_ms,0.2235,
frame_ms,0.2238,
frame_ms,0.2255,
frame_ms,0.219,
frame_ms,0.2198,
frame_ms,0.2527,
tick_us,1702.4,2209
frame_ms,3.661,
frame_ms,0.283,
frame_ms,0.2237,
frame_ms,0.2218,
frame_ms,0.2121,
frame_ms,0.2407,
frame_ms,0.2261,
frame_ms,0.2446,
frame_ms,0.2533,
frame_ms,0.2225,
frame_ms,0.2168,
frame_ms,0.2155,
frame_ms,0.243,
frame_ms,0.2777,
frame_ms,0.2373,
tick_us,1727,2246
frame_ms,3.6447,
frame_ms,0.4391,
frame_ms,0.3851,
frame_ms,0.2592,
frame_ms,0.227,
frame_ms,0.2271,
frame_ms,0.2242,
frame_ms,0.2414,
frame_ms,0.23,
frame_ms,0.2866,
frame_ms,0.2509,
frame_ms,0.3112,
frame_ms,0.2683,
tick_us,1702.4,2233
frame_ms,3.6558,
frame_ms,0.2661,
frame_ms,0.2355,
frame_ms,0.2256,
frame_ms,0.2203,
frame_ms,0.2659,
frame_ms,0.2352,
frame_ms,0.2181,
frame_ms,0.2271,
frame_ms,0.217,
frame_ms,0.2443,
frame_ms,0.2242,
frame_ms,0.2848,
frame_ms,0.2462,
tick_us,1764.9,2246
frame_ms,3.7236,
frame_ms,0.2574,
frame_ms,0.2187,
frame_ms,0.2227,
frame_ms,0.2217,
frame_ms,0.2399,
frame_ms,0.2221,
frame_ms,0.2254,
frame_ms,0.2679,
frame_ms,0.2747,
frame_ms,0.2398,
frame_ms,0.234,
frame_ms,0.2296,
frame_ms,0.2252,
frame_ms,0.2189,
tick_us,1782.7,2237
frame_ms,3.7969,
frame_ms,0.3641,
frame_ms,0.2559,
frame_ms,0.2327,
frame_ms,0.2331,
frame_ms,0.2313,
frame_ms,0.2401,
frame_ms,0.2243,
frame_ms,0.2546,
frame_ms,0.2355,
frame_ms,0.2199,
frame_ms,0.2359,
frame_ms,0.2322,
frame_ms,0.2293,
tick_us,1769,2244
frame_ms,3.6952,
frame_ms,0.2613,
frame_ms,0.2481,
frame_ms,0.2298,
frame_ms,0.2207,
frame_ms,0.2518,
frame_ms,0.2294,
frame_ms,0.2179,
frame_ms,0.2093,
frame_ms,0.2478,
frame_ms,0.2226,
frame_ms,0.2593,
frame_ms,0.2115,
frame_ms,0.2374,
frame_ms,0.2319,
tick_us,1744.3,2260
frame_ms,3.777,
frame_ms,0.3174,
frame_ms,0.2413,
frame_ms,0.3805,
frame_ms,0.3778,
frame_ms,0.2814,
frame_ms,0.2359,
frame_ms,0.2285,
frame_ms,0.2223,
frame_ms,0.2242,
frame_ms,0.2199,
frame_ms,0.2294,
tick_us,1700.1,2249
frame_ms,3.6779,
frame_ms,0.2733,
frame_ms,0.2356,
frame_ms,0.2263,
frame_ms,0.2229,
frame_ms,0.2145,
frame_ms,0.2645,
frame_ms,0.2734,
frame_ms,0.2869,
frame_ms,0.2409,
frame_ms,0.231,
frame_ms,0.2229,
frame_ms,0.2162,
frame_ms,0.2321,
frame_ms,0.2416,
tick_us,1731.3,2253
frame_ms,3.6819,
frame_ms,0.2639,
frame_ms,0.2934,
frame_ms,0.2737,
frame_ms,0.2226,
frame_ms,0.3101,
frame_ms,0.3034,
frame_ms,0.2535,
frame_ms,0.2245,
frame_ms,0.2212,
frame_ms,0.2222,
frame_ms,0.2172,
frame_ms,0.2505,
frame_ms,0.2649,
tick_us,1737.6,2262
frame_ms,3.6978,
frame_ms,0.2683,
frame_ms,0.2242,
frame_ms,0.2264,
frame_ms,0.2176,
frame_ms,0.266,
frame_ms,0.2368,
frame_ms,0.2169,
frame_ms,0.2439,
frame_ms,0.2311,
frame_ms,0.2118,
frame_ms,0.2825,
frame_ms,0.2438,
frame_ms,0.2273,
frame_ms,0.2191,
tick_us,1752.7,2267
frame_ms,3.7211,
frame_ms,0.2658,
frame_ms,0.2214,
frame_ms,0.2235,
frame_ms,0.2158,
frame_ms,0.2826,
frame_ms,0.242,
frame_ms,0.216,
frame_ms,0.2368,
frame_ms,0.2124,
frame_ms,0.4299,
frame_ms,0.3847,
frame_ms,0.2475,
tick_us,1728.9,2282
frame_ms,3.6634,
frame_ms,0.2542,
frame_ms,0.2257,
frame_ms,0.2167,
frame_ms,0.211,
frame_ms,0.3007,
frame_ms,0.3458,
frame_ms,0.2713,
frame_ms,0.2364,
frame_ms,0.229,
frame_ms,0.2282,
frame_ms,0.2244,
frame_ms,0.2222,
frame_ms,0.2677,
tick_us,1724.1,2272
frame_ms,3.7616,
frame_ms,0.263,
frame_ms,0.2212,
frame_ms,0.2237,
frame_ms,0.2157,
frame_ms,0.2673,
frame_ms,0.231,
frame_ms,0.2198,
frame_ms,0.2591,
frame_ms,0.226,
frame_ms,0.2246,
frame_ms,0.2473,
frame_ms,0.2339,
frame_ms,0.2124,
tick_us,1742.6,2283
frame_ms,3.7374,
frame_ms,0.2969,
frame_ms,0.2325,
frame_ms,0.2229,
frame_ms,0.2148,
frame_ms,0.3597,
frame_ms,0.2814,
frame_ms,0.237,
frame_ms,0.2263,
frame_ms,0.2195,
frame_ms,0.2217,
frame_ms,0.2147,
frame_ms,0.3097,
frame_ms,0.3094,
tick_us,1758.3,2269
frame_ms,3.7247,
frame_ms,0.2544,
frame_ms,0.2366,
frame_ms,0.2244,
frame_ms,0.2206,
frame_ms,0.2521,
frame_ms,0.2989,
frame_ms,0.2363,
frame_ms,0.2284,
frame_ms,0.2147,
frame_ms,0.2111,
frame_ms,0.2972,
frame_ms,0.2732,
frame_ms,0.2305,
tick_us,1777.7,2276
frame_ms,4.0374,
frame_ms,0.7219,
frame_ms,0.3048,
frame_ms,0.2278,
frame_ms,0.2338,
frame_ms,0.2242,
frame_ms,0.2218,
frame_ms,0.211,
frame_ms,0.2323,
frame_ms,0.2778,
frame_ms,0.2339,
tick_us,1821.9,2257
frame_ms,3.9236,
frame_ms,0.2861,
frame_ms,0.2261,
frame_ms,0.2236,
frame_ms,0.2234,
frame_ms,0.2124,
frame_ms,0.2436,
frame_ms,0.2881,
frame_ms,0.3172,
frame_ms,0.2569,
frame_ms,0.24,
frame_ms,0.2243,
frame_ms,0.2201,
frame_ms,0.215,
tick_us,1942.1,2248
frame_ms,4.0493,
frame_ms,0.3275,
frame_ms,0.2509,
frame_ms,0.223,
frame_ms,0.2278,
frame_ms,0.3679,
frame_ms,0.3902,
frame_ms,0.2599,
frame_ms,0.2302,
frame_ms,0.2383,
frame_ms,0.2402,
tick_us,1922.5,2235
frame_ms,4.0927,
frame_ms,0.5698,
frame_ms,0.2706,
frame_ms,0.2309,
frame_ms,0.2338,
frame_ms,0.2345,
frame_ms,0.2337,
frame_ms,0.2262,
frame_ms,0.235,
frame_ms,0.2636,
frame_ms,0.2423,
frame_ms,0.2366,
tick_us,1920.4,2230
frame_ms,4.06,
frame_ms,0.4124,
frame_ms,0.2835,
frame_ms,0.2478,
frame_ms,0.2885,
frame_ms,0.2406,
frame_ms,0.243,
frame_ms,0.2498,
frame_ms,0.2419,
frame_ms,0.2373,
frame_ms,0.2349,
tick_us,2030.3,2236
frame_ms,4.3184,
frame_ms,0.3906,
frame_ms,0.2832,
frame_ms,0.2361,
frame_ms,0.2299,
frame_ms,0.2376,
frame_ms,0.2294,
frame_ms,0.2437,
frame_ms,0.2771,
frame_ms,0.2215,
frame_ms,0.2196,
frame_ms,0.2139,
tick_us,1931.2,2261
frame_ms,4.0351,
frame_ms,0.2785,
frame_ms,0.2301,
frame_ms,0.2286,
frame_ms,0.2214,
frame_ms,0.2153,
frame_ms,0.2676,
frame_ms,0.2375,
frame_ms,0.2177,
frame_ms,0.2861,
frame_ms,0.3354,
frame_ms,0.2584,
tick_us,2037.8,2282
frame_ms,4.2655,
frame_ms,0.3954,
frame_ms,0.3194,
frame_ms,0.2752,
frame_ms,0.2339,
frame_ms,0.2371,
frame_ms,0.2402,
frame_ms,0.2431,
frame_ms,0.2384,
frame_ms,0.2405,
frame_ms,0.2847,
tick_us,1882.9,2283
frame_ms,4.1591,
frame_ms,0.4392,
frame_ms,0.2978,
frame_ms,0.2368,
frame_ms,0.2333,
frame_ms,0.2246,
frame_ms,0.2291,
frame_ms,0.2227,
frame_ms,0.2174,
frame_ms,0.2601,
frame_ms,0.216,
frame_ms,0.2127,
tick_us,1949.8,2260
frame_ms,4.211,
frame_ms,0.371,
frame_ms,0.3589,
frame_ms,0.278,
frame_ms,0.9558,
frame_ms,0.5153,
frame_ms,0.3136,
tick_us,1935.6,2255
frame_ms,4.0997,
frame_ms,0.2737,
frame_ms,0.2248,
frame_ms,0.2222,
frame_ms,0.2153,
frame_ms,0.2377,
frame_ms,0.2302,
frame_ms,0.2137,
frame_ms,0.2499,
frame_ms,0.2386,
frame_ms,0.2174,
frame_ms,0.226,
frame_ms,0.2174,
tick_us,1922.3,2249
frame_ms,4.1101,
frame_ms,0.2907,
frame_ms,0.2379,
frame_ms,0.2311,
frame_ms,0.2304,
frame_ms,0.2286,
frame_ms,0.2215,
frame_ms,0.8839,
frame_ms,0.5254,
tick_us,1894.1,2250
frame_ms,4.0364,
frame_ms,0.269,
frame_ms,0.2659,
frame_ms,0.2207,
frame_ms,0.2208,
frame_ms,0.2187,
frame_ms,0.2891,
frame_ms,0.233,
frame_ms,0.2236,
frame_ms,0.2216,
frame_ms,0.2136,
frame_ms,0.2599,
frame_ms,0.2267,
frame_ms,0.2102,
tick_us,1910.5,2256
frame_ms,4.0705,
frame_ms,0.2973,
frame_ms,0.2432,
frame_ms,0.2708,
frame_ms,0.2182,
frame_ms,0.2159,
frame_ms,0.2125,
frame_ms,0.214,
frame_ms,0.2693,
frame_ms,0.2321,
frame_ms,0.218,
frame_ms,0.2436,
frame_ms,0.2285,
tick_us,1955.3,2267
frame_ms,4.1483,
frame_ms,0.2689,
frame_ms,0.2221,
frame_ms,0.218,
frame_ms,0.2293,
frame_ms,0.212,
frame_ms,0.249,
frame_ms,0.2288,
frame_ms,0.2164,
frame_ms,0.2724,
frame_ms,0.2779,
frame_ms,0.2333,
tick_us,1963.5,2249
frame_ms,4.1866,
frame_ms,0.2731,
frame_ms,0.2284,
frame_ms,0.2259,
frame_ms,0.2272,
frame_ms,0.216,
frame_ms,0.2993,
frame_ms,0.2545,
frame_ms,0.2282,
frame_ms,0.2218,
frame_ms,0.2151,
frame_ms,0.2101,
frame_ms,0.2598,
tick_us,2029.2,2252
frame_ms,4.3897,
frame_ms,0.3283,
frame_ms,0.3108,
frame_ms,0.3545,
frame_ms,0.455,
frame_ms,0.3503,
frame_ms,0.3394,
frame_ms,0.3736,
tick_us,1988.1,2241
frame_ms,4.2694,
frame_ms,0.282,
frame_ms,0.25,
frame_ms,0.2386,
frame_ms,0.2247,
frame_ms,0.2177,
frame_ms,0.2247,
frame_ms,0.2148,
frame_ms,0.2827,
frame_ms,0.2815,
frame_ms,0.2383,
frame_ms,0.2306,
tick_us,2003.8,2236
frame_ms,4.201,
frame_ms,0.2686,
frame_ms,0.2346,
frame_ms,0.2373,
frame_ms,0.223,
frame_ms,0.2177,
frame_ms,0.2694,
frame_ms,0.2366,
frame_ms,0.2496,
frame_ms,0.2157,
frame_ms,0.2482,
frame_ms,0.2281,
frame_ms,0.2111,
tick_us,1954.8,2242
frame_ms,4.1642,
frame_ms,0.2592,
frame_ms,0.2249,
frame_ms,0.2233,
frame_ms,0.2138,
frame_ms,0.2106,
frame_ms,0.24,
frame_ms,0.2311,
frame_ms,0.2147,
frame_ms,0.2158,
frame_ms,0.2183,
frame_ms,0.274,
frame_ms,0.2369,
tick_us,2005,2247
frame_ms,4.1448,
frame_ms,0.2765,
frame_ms,0.233,
frame_ms,0.2247,
frame_ms,0.382,
frame_ms,0.3133,
frame_ms,0.2716,
frame_ms,0.2495,
frame_ms,0.2454,
frame_ms,0.2427,
frame_ms,0.2398,
tick_us,1965.3,2269
frame_ms,4.1786,
frame_ms,0.3575,
frame_ms,0.2417,
frame_ms,0.2291,
frame_ms,0.2194,
frame_ms,0.2179,
frame_ms,0.2157,
frame_ms,0.238,
frame_ms,0.2304,
frame_ms,0.3396,
frame_ms,0.3426,
frame_ms,0.2199,
tick_us,1956.7,2286
frame_ms,4.1139,
frame_ms,0.2624,
frame_ms,0.2241,
frame_ms,0.2166,
frame_ms,0.219,
frame_ms,0.2638,
frame_ms,0.2271,
frame_ms,0.2143,
frame_ms,0.2624,
frame_ms,0.2291,
frame_ms,0.2167,
frame_ms,0.2585,
tick_us,1992.4,2292
frame_ms,4.2633,
frame_ms,0.2897,
frame_ms,0.2361,
frame_ms,0.222,
frame_ms,0.2206,
frame_ms,0.2132,
frame_ms,0.2113,
frame_ms,0.2678,
frame_ms,0.2297,
frame_ms,0.2103,
frame_ms,0.2666,
frame_ms,0.2335,
frame_ms,0.2107,
tick_us,1915.9,2316
frame_ms,4.0517,
frame_ms,0.2853,
frame_ms,0.2271,
frame_ms,0.2221,
frame_ms,0.2147,
frame_ms,0.2159,
frame_ms,0.2702,
frame_ms,0.2347,
frame_ms,0.2195,
frame_ms,0.2157,
frame_ms,0.2666,
frame_ms,0.2288,
frame_ms,0.2296,
tick_us,1942.9,2331
frame_ms,4.1882,
frame_ms,0.3446,
frame_ms,0.2446,
frame_ms,0.2274,
frame_ms,0.2255,
frame_ms,0.2246,
frame_ms,0.2939,
frame_ms,0.244,
frame_ms,0.2253,
frame_ms,0.2615,
frame_ms,0.262,
frame_ms,0.2305,
tick_us,1912.5,2332
frame_ms,3.9794,
frame_ms,0.2778,
frame_ms,0.2398,
frame_ms,0.2296,
frame_ms,0.2244,
frame_ms,0.233,
frame_ms,0.2174,
frame_ms,0.2717,
frame_ms,0.2706,
frame_ms,0.2322,
frame_ms,0.2225,
frame_ms,0.212,
frame_ms,0.4006,
tick_us,1872.2,2319
frame_ms,4.1793,
frame_ms,0.402,
frame_ms,0.308,
frame_ms,0.3664,
frame_ms,0.2665,
frame_ms,0.2206,
frame_ms,0.2331,
frame_ms,0.2286,
frame_ms,0.285,
frame_ms,0.2394,
frame_ms,0.2339,
tick_us,1905.1,2330
frame_ms,4.0324,
frame_ms,0.3609,
frame_ms,0.2688,
frame_ms,0.2182,
frame_ms,0.2324,
frame_ms,0.225,
frame_ms,0.2189,
frame_ms,0.2432,
frame_ms,0.2138,
frame_ms,0.2336,
frame_ms,0.2186,
frame_ms,0.2335,
frame_ms,0.2654,
tick_us,1895,2303
frame_ms,4.0104,
frame_ms,0.2625,
frame_ms,0.222,
frame_ms,0.3013,
frame_ms,0.254,
frame_ms,0.2264,
frame_ms,0.2269,
frame_ms,0.2248,
frame_ms,0.2246,
frame_ms,0.2169,
frame_ms,0.291,
frame_ms,0.3591,
frame_ms,0.2285,
tick_us,1908.2,2300
frame_ms,4.1496,
frame_ms,0.2692,
frame_ms,0.224,
frame_ms,0.2193,
frame_ms,0.2233,
frame_ms,0.2157,
frame_ms,0.2292,
frame_ms,0.2736,
frame_ms,0.2722,
frame_ms,0.2324,
frame_ms,0.2246,
frame_ms,0.2194,
tick_us,1932.3,2299
frame_ms,4.0401,
frame_ms,0.2807,
frame_ms,0.2333,
frame_ms,0.2407,
frame_ms,0.2226,
frame_ms,0.2189,
frame_ms,0.8139,
frame_ms,0.3401,
frame_ms,0.2658,
frame_ms,0.2512,
frame_ms,0.232,
tick_us,1952.4,2305
frame_ms,4.071,
frame_ms,0.2732,
frame_ms,0.2271,
frame_ms,0.2239,
frame_ms,0.2266,
frame_ms,0.2213,
frame_ms,0.267,
frame_ms,0.2768,
frame_ms,0.2295,
frame_ms,0.2182,
frame_ms,0.2116,
frame_ms,0.2346,
frame_ms,0.2394,
tick_us,1879.9,2295
frame_ms,3.958,
frame_ms,0.2526,
frame_ms,0.2192,
frame_ms,0.2163,
frame_ms,0.2312,
frame_ms,0.2496,
frame_ms,0.2301,
frame_ms,0.2167,
frame_ms,0.2218,
frame_ms,0.2089,
frame_ms,0.2557,
frame_ms,0.2319,
frame_ms,0.2086,
tick_us,1923.8,2298
frame_ms,4.1798,
frame_ms,0.2819,
frame_ms,0.2227,
frame_ms,0.219,
frame_ms,0.21,
frame_ms,0.2427,
frame_ms,0.2147,
frame_ms,0.2064,
frame_ms,0.2616,
frame_ms,0.2226,
frame_ms,0.2122,
frame_ms,0.2654,
frame_ms,0.2272,
frame_ms,0.2157,
tick_us,1915.9,2305
frame_ms,4,
frame_ms,0.2899,
frame_ms,0.2319,
frame_ms,0.2217,
frame_ms,0.2179,
frame_ms,0.2079,
frame_ms,0.2086,
frame_ms,0.2434,
frame_ms,0.2178,
frame_ms,0.216,
frame_ms,0.2694,
frame_ms,0.2264,
frame_ms,0.2191,
tick_us,2045.6,2303
frame_ms,4.4564,
frame_ms,0.3452,
frame_ms,0.247,
frame_ms,0.229,
frame_ms,0.2194,
frame_ms,0.2231,
frame_ms,0.2148,
frame_ms,0.2202,
frame_ms,0.2831,
frame_ms,0.2279,
frame_ms,0.2131,
frame_ms,0.2644,
tick_us,1887.9,2294
frame_ms,4.0107,
frame_ms,0.2505,
frame_ms,0.2218,
frame_ms,0.2204,
frame_ms,0.2099,
frame_ms,0.2391,
frame_ms,0.2259,
frame_ms,0.2142,
frame_ms,0.2486,
frame_ms,0.222,
frame_ms,0.2104,
frame_ms,0.2647,
frame_ms,0.2637,
tick_us,1997.1,2287
frame_ms,4.5955,
frame_ms,0.6083,
frame_ms,0.3442,
frame_ms,0.2682,
frame_ms,0.2342,
frame_ms,0.2412,
frame_ms,0.3305,
frame_ms,0.2388,
frame_ms,0.2296,
tick_us,2082.2,2291
frame_ms,4.2833,
frame_ms,0.3839,
frame_ms,0.271,
frame_ms,0.36,
frame_ms,0.2542,
frame_ms,0.2245,
frame_ms,0.2227,
frame_ms,0.2171,
frame_ms,0.2187,
frame_ms,0.2472,
tick_us,1936.8,2285
frame_ms,4.6807,
frame_ms,0.4776,
frame_ms,0.3057,
frame_ms,0.2994,
frame_ms,0.2974,
frame_ms,0.3032,
frame_ms,0.269,
frame_ms,0.2545,
frame_ms,0.2542,
tick_us,2031.4,2283
frame_ms,4.2391,
frame_ms,0.3272,
frame_ms,0.2493,
frame_ms,0.2286,
frame_ms,0.2286,
frame_ms,0.2376,
frame_ms,0.219,
frame_ms,0.2168,
frame_ms,0.2619,
frame_ms,0.2451,
frame_ms,0.2139,
tick_us,2081.8,2268
frame_ms,4.3321,
frame_ms,0.3703,
frame_ms,0.3027,
frame_ms,0.2589,
frame_ms,0.2329,
frame_ms,0.2356,
frame_ms,0.2401,
frame_ms,0.473,
frame_ms,0.7509,
tick_us,2162.6,2288
frame_ms,4.8717,
frame_ms,0.624,
frame_ms,0.3443,
frame_ms,0.3536,
frame_ms,0.373,
frame_ms,0.2453,
frame_ms,0.2261,
tick_us,1911.1,2273
frame_ms,4.1033,
frame_ms,0.357,
frame_ms,0.2655,
frame_ms,0.224,
frame_ms,0.2263,
frame_ms,0.2241,
frame_ms,0.2197,
frame_ms,0.2403,
frame_ms,0.2362,
frame_ms,0.3229,
frame_ms,0.304,
tick_us,1881.1,2269
frame_ms,4.4266,
frame_ms,0.6331,
frame_ms,0.3752,
frame_ms,0.411,
frame_ms,0.3499,
frame_ms,0.3416,
frame_ms,0.3339,
frame_ms,0.2459,
tick_us,1916.1,2312
frame_ms,3.9444,
frame_ms,0.282,
frame_ms,0.3746,
frame_ms,0.2967,
frame_ms,0.2692,
frame_ms,0.2303,
frame_ms,0.2294,
frame_ms,0.2331,
frame_ms,0.2342,
frame_ms,0.2459,
frame_ms,0.3085,
frame_ms,0.2826,
tick_us,1935.8,2296
frame_ms,4.187,
frame_ms,0.3578,
frame_ms,0.2365,
frame_ms,0.2342,
frame_ms,0.2222,
frame_ms,0.2506,
frame_ms,0.3176,
frame_ms,0.2559,
frame_ms,0.2343,
frame_ms,0.2251,
frame_ms,0.2226,
frame_ms,0.2218,
tick_us,1801.9,2307
frame_ms,4.1289,
frame_ms,0.3616,
frame_ms,0.443,
frame_ms,0.2312,
frame_ms,0.2386,
frame_ms,0.2255,
frame_ms,0.2261,
frame_ms,0.2276,
frame_ms,0.2153,
frame_ms,0.2764,
frame_ms,0.2755,
tick_us,1887.8,2303
frame_ms,4.0648,
frame_ms,0.3348,
frame_ms,0.2485,
frame_ms,0.2422,
frame_ms,0.2386,
frame_ms,0.2333,
frame_ms,0.2775,
frame_ms,0.2365,
frame_ms,0.2266,
frame_ms,0.2144,
frame_ms,0.2221,
frame_ms,0.2133,
frame_ms,0.2703,
tick_us,1785.2,2287
frame_ms,3.8312,
frame_ms,0.2704,
frame_ms,0.2289,
frame_ms,0.2334,
frame_ms,0.2212,
frame_ms,0.2128,
frame_ms,0.2128,
frame_ms,0.2755,
frame_ms,0.2664,
frame_ms,0.2302,
frame_ms,0.2206,
frame_ms,0.2125,
frame_ms,0.2253,
frame_ms,0.2095,
tick_us,1786,2289
frame_ms,3.8117,
frame_ms,0.2737,
frame_ms,0.3283,
frame_ms,0.2773,
frame_ms,0.2254,
frame_ms,0.216,
frame_ms,0.5294,
frame_ms,0.3773,
frame_ms,0.2785,
frame_ms,0.2219,
frame_ms,0.218,
frame_ms,0.2165,
tick_us,1788.8,2285
frame_ms,3.7458,
frame_ms,0.2605,
frame_ms,0.2178,
frame_ms,0.2218,
frame_ms,0.2214,
frame_ms,0.2121,
frame_ms,0.2488,
frame_ms,0.2747,
frame_ms,0.2348,
frame_ms,0.2293,
frame_ms,0.2201,
frame_ms,0.2145,
frame_ms,0.258,
frame_ms,0.2252,
frame_ms,0.237,
tick_us,1748.7,2290
frame_ms,3.6915,
frame_ms,0.2642,
frame_ms,0.2364,
frame_ms,0.2283,
frame_ms,0.212,
frame_ms,0.214,
frame_ms,0.2614,
frame_ms,0.2302,
frame_ms,0.2181,
frame_ms,0.2574,
frame_ms,0.2313,
frame_ms,0.2162,
frame_ms,0.2389,
frame_ms,0.2201,
tick_us,1764.9,2307
frame_ms,3.8523,
frame_ms,0.3123,
frame_ms,0.2359,
frame_ms,0.2278,
frame_ms,0.2205,
frame_ms,0.2122,
frame_ms,0.2296,
frame_ms,0.2198,
frame_ms,0.2165,
frame_ms,0.2352,
frame_ms,0.2634,
frame_ms,0.2319,
frame_ms,0.223,
frame_ms,0.2611,
frame_ms,0.2419,
tick_us,1778.7,2312
frame_ms,3.8295,
frame_ms,0.2722,
frame_ms,0.2312,
frame_ms,0.2147,
frame_ms,0.2129,
frame_ms,0.2635,
frame_ms,0.2324,
frame_ms,0.2195,
frame_ms,0.2295,
frame_ms,0.217,
frame_ms,0.3046,
frame_ms,0.2284,
frame_ms,0.2219,
frame_ms,0.2363,
tick_us,1792.4,2306
frame_ms,4.2779,
frame_ms,0.3199,
frame_ms,0.2338,
frame_ms,0.2587,
frame_ms,0.2147,
frame_ms,0.2276,
frame_ms,0.2272,
frame_ms,0.424,
frame_ms,0.3703,
frame_ms,0.2753,
tick_us,1859,2315
frame_ms,3.9358,
frame_ms,0.2697,
frame_ms,0.2243,
frame_ms,0.251,
frame_ms,0.2235,
frame_ms,0.2183,
frame_ms,0.212,
frame_ms,0.24,
frame_ms,0.2266,
frame_ms,0.2151,
frame_ms,0.2631,
frame_ms,0.2346,
frame_ms,0.2116,
frame_ms,0.2385,
tick_us,1851.2,2311
frame_ms,3.9206,
frame_ms,0.2867,
frame_ms,0.2362,
frame_ms,0.2264,
frame_ms,0.215,
frame_ms,0.231,
frame_ms,0.2217,
frame_ms,0.2134,
frame_ms,0.2524,
frame_ms,0.2259,
frame_ms,0.2173,
frame_ms,0.2409,
frame_ms,0.2224,
frame_ms,0.2142,
tick_us,1861.2,2292
frame_ms,3.9829,
frame_ms,0.2636,
frame_ms,0.2241,
frame_ms,0.2321,
frame_ms,0.2116,
frame_ms,0.2542,
frame_ms,0.2155,
frame_ms,0.2067,
frame_ms,0.2637,
frame_ms,0.2767,
frame_ms,0.2507,
frame_ms,0.2273,
frame_ms,0.2243,
frame_ms,0.2233,
tick_us,1902.2,2297
frame_ms,4.01,
frame_ms,0.2681,
frame_ms,0.2374,
frame_ms,0.3368,
frame_ms,0.3295,
frame_ms,0.2731,
frame_ms,0.2207,
frame_ms,0.2307,
frame_ms,0.2202,
frame_ms,0.2177,
frame_ms,0.2121,
frame_ms,0.2717,
tick_us,1878.5,2292
frame_ms,4.0491,
frame_ms,0.2642,
frame_ms,0.2281,
frame_ms,0.2184,
frame_ms,0.2129,
frame_ms,0.2414,
frame_ms,0.2349,
frame_ms,0.218,
frame_ms,0.2354,
frame_ms,0.2209,
frame_ms,0.2499,
frame_ms,0.2294,
frame_ms,0.2129,
frame_ms,0.2583,
tick_us,1890.2,2296
frame_ms,3.9945,
frame_ms,0.2554,
frame_ms,0.2271,
frame_ms,0.2204,
frame_ms,0.2383,
frame_ms,0.2188,
frame_ms,0.2518,
frame_ms,0.2268,
frame_ms,0.2159,
frame_ms,0.2428,
frame_ms,0.2217,
frame_ms,0.2147,
frame_ms,0.2667,
tick_us,1868.5,2302
frame_ms,4.2026,
frame_ms,0.2795,
frame_ms,0.2312,
frame_ms,0.22,
frame_ms,0.2123,
frame_ms,0.2685,
frame_ms,0.2674,
frame_ms,0.2296,
frame_ms,0.2284,
frame_ms,0.2129,
frame_ms,0.2328,
frame_ms,0.2209,
frame_ms,0.2235,
tick_us,1889.1,2310
frame_ms,4.051,
frame_ms,0.2719,
frame_ms,0.2269,
frame_ms,0.2186,
frame_ms,0.2112,
frame_ms,0.2707,
frame_ms,0.2313,
frame_ms,0.2183,
frame_ms,0.2139,
frame_ms,0.2502,
frame_ms,0.2276,
frame_ms,0.2095,
frame_ms,0.2363,
tick_us,1894.3,2319
frame_ms,4.0362,
frame_ms,0.2767,
frame_ms,0.2207,
frame_ms,0.2221,
frame_ms,0.215,
frame_ms,0.2448,
frame_ms,0.2175,
frame_ms,0.2479,
frame_ms,0.2146,
frame_ms,0.2084,
frame_ms,0.2428,
frame_ms,0.222,
frame_ms,0.2181,
frame_ms,0.2776,
tick_us,1914.6,2318
frame_ms,4.0299,
frame_ms,0.2683,
frame_ms,0.2221,
frame_ms,0.2111,
frame_ms,0.2117,
frame_ms,0.2429,
frame_ms,0.2214,
frame_ms,0.2165,
frame_ms,0.2375,
frame_ms,0.2222,
frame_ms,0.2158,
frame_ms,0.2411,
frame_ms,0.2231,
frame_ms,0.2127,
tick_us,1873,2312
frame_ms,3.9681,
frame_ms,0.3449,
frame_ms,0.3756,
frame_ms,0.3452,
frame_ms,0.3363,
frame_ms,0.3325,
frame_ms,0.322,
frame_ms,0.2784,
frame_ms,0.2123,
frame_ms,0.2158,
frame_ms,0.2149,
tick_us,1857.1,2314
frame_ms,3.9101,
frame_ms,0.2479,
frame_ms,0.221,
frame_ms,0.2216,
frame_ms,0.2356,
frame_ms,0.2289,
frame_ms,0.2175,
frame_ms,0.2305,
frame_ms,0.2156,
frame_ms,0.2779,
frame_ms,0.2633,
frame_ms,0.2192,
frame_ms,0.2436,
frame_ms,0.2336,
tick_us,1829.4,2320
frame_ms,3.9026,
frame_ms,0.2649,
frame_ms,0.2211,
frame_ms,0.2196,
frame_ms,0.2142,
frame_ms,0.5714,
frame_ms,1.04,
frame_ms,0.5444,
tick_us,1888.2,2288
frame_ms,4.0121,
frame_ms,0.2565,
frame_ms,0.2171,
frame_ms,0.2268,
frame_ms,0.2225,
frame_ms,0.2635,
frame_ms,0.2474,
frame_ms,0.2219,
frame_ms,0.2393,
frame_ms,0.2196,
frame_ms,0.2354,
frame_ms,0.2126,
frame_ms,0.2439,
tick_us,1899.1,2274
frame_ms,4.0166,
frame_ms,0.2479,
frame_ms,0.2204,
frame_ms,0.2197,
frame_ms,0.2259,
frame_ms,0.2164,
frame_ms,0.2403,
frame_ms,0.2309,
frame_ms,0.2421,
frame_ms,0.2386,
frame_ms,0.2177,
frame_ms,0.2537,
frame_ms,0.2337,
tick_us,1930.1,2272
frame_ms,4.436,
frame_ms,0.2887,
frame_ms,0.2305,
frame_ms,0.2277,
frame_ms,0.2227,
frame_ms,0.2126,
frame_ms,0.2418,
frame_ms,0.2293,
frame_ms,0.2162,
frame_ms,0.2427,
frame_ms,0.23,
frame_ms,0.2148,
tick_us,1950.4,2298
frame_ms,4.1068,
frame_ms,0.2682,
frame_ms,0.2303,
frame_ms,0.2324,
frame_ms,0.2263,
frame_ms,0.2209,
frame_ms,0.2518,
frame_ms,0.2347,
frame_ms,0.2171,
frame_ms,0.2437,
frame_ms,0.2275,
frame_ms,0.2169,
frame_ms,0.2503,
frame_ms,0.2399,
tick_us,1920.3,2301
frame_ms,4.043,
frame_ms,0.3135,
frame_ms,0.253,
frame_ms,0.2323,
frame_ms,0.223,
frame_ms,0.2222,
frame_ms,0.219,
frame_ms,0.2762,
frame_ms,0.2297,
frame_ms,0.2251,
frame_ms,0.2416,
frame_ms,0.2211,
frame_ms,0.2138,
tick_us,1909.7,2323
frame_ms,4.0407,
frame_ms,0.3024,
frame_ms,0.2319,
frame_ms,0.2236,
frame_ms,0.2203,
frame_ms,0.2169,
frame_ms,0.2197,
frame_ms,0.2729,
frame_ms,0.2245,
frame_ms,0.2125,
frame_ms,0.2417,
frame_ms,0.2154,
frame_ms,0.2115,
tick_us,1898.9,2313
frame_ms,4.0231,
frame_ms,0.274,
frame_ms,0.2251,
frame_ms,0.2272,
frame_ms,0.2143,
frame_ms,0.2144,
frame_ms,0.264,
frame_ms,0.2273,
frame_ms,0.2116,
frame_ms,0.2653,
frame_ms,0.2276,
frame_ms,0.2155,
frame_ms,0.2306,
frame_ms,0.2404,
tick_us,1865,2296
frame_ms,3.9957,
frame_ms,0.2594,
frame_ms,0.2236,
frame_ms,0.2216,
frame_ms,0.2241,
frame_ms,0.2287,
frame_ms,0.2128,
frame_ms,0.2723,
frame_ms,0.2295,
frame_ms,0.2178,
frame_ms,0.26,
frame_ms,0.2303,
frame_ms,0.2125,
tick_us,1819.2,2293
frame_ms,3.893,
frame_ms,0.2678,
frame_ms,0.2225,
frame_ms,0.2141,
frame_ms,0.2125,
frame_ms,0.2644,
frame_ms,0.4246,
frame_ms,0.2498,
frame_ms,0.2166,
frame_ms,0.2113,
frame_ms,0.2079,
frame_ms,0.2278,
frame_ms,0.2161,
frame_ms,0.2045,
tick_us,1829.6,2295
frame_ms,3.903,
frame_ms,0.2598,
frame_ms,0.2208,
frame_ms,0.2182,
frame_ms,0.2139,
frame_ms,0.2679,
frame_ms,0.2299,
frame_ms,0.2157,
frame_ms,0.2409,
frame_ms,0.2232,
frame_ms,0.2086,
frame_ms,0.2532,
frame_ms,0.224,
frame_ms,0.2147,
tick_us,1817.3,2309
frame_ms,3.8735,
frame_ms,0.2802,
frame_ms,0.2246,
frame_ms,0.2163,
frame_ms,0.2161,
frame_ms,0.2753,
frame_ms,0.2191,
frame_ms,0.2116,
frame_ms,0.2585,
frame_ms,0.2254,
frame_ms,0.2124,
frame_ms,0.2637,
frame_ms,0.3689,
tick_us,1828.1,2312
frame_ms,4.011,
frame_ms,0.305,
frame_ms,0.2409,
frame_ms,0.2257,
frame_ms,0.2179,
frame_ms,0.2215,
frame_ms,0.2196,
frame_ms,0.2466,
frame_ms,0.236,
frame_ms,0.2613,
frame_ms,0.2335,
frame_ms,0.215,
frame_ms,0.2596,
frame_ms,0.2428,
tick_us,1827.3,2322
frame_ms,3.8465,
frame_ms,0.2601,
frame_ms,0.2233,
frame_ms,0.228,
frame_ms,0.2137,
frame_ms,0.2248,
frame_ms,0.2446,
frame_ms,0.2265,
frame_ms,0.2325,
frame_ms,0.2534,
frame_ms,0.2337,
frame_ms,0.2168,
frame_ms,0.2159,
frame_ms,0.2786,
tick_us,1856.8,2346
frame_ms,4.1043,
frame_ms,0.327,
frame_ms,0.2604,
frame_ms,0.2225,
frame_ms,0.2171,
frame_ms,0.2149,
frame_ms,0.2154,
frame_ms,0.2381,
frame_ms,0.2233,
frame_ms,0.214,
frame_ms,0.2492,
frame_ms,0.2291,
frame_ms,0.2213,
tick_us,1903.3,2348
frame_ms,3.9383,
frame_ms,0.2936,
frame_ms,0.2299,
frame_ms,0.2272,
frame_ms,0.2175,
frame_ms,0.2117,
frame_ms,0.2669,
frame_ms,0.2372,
frame_ms,0.2214,
frame_ms,0.2127,
frame_ms,0.2678,
frame_ms,0.2308,
frame_ms,0.216,
frame_ms,0.2108,
tick_us,1787.7,2372
frame_ms,3.8363,
frame_ms,0.2672,
frame_ms,0.2258,
frame_ms,0.2159,
frame_ms,0.2146,
frame_ms,0.2147,
frame_ms,0.2475,
frame_ms,0.2383,
frame_ms,0.2235,
frame_ms,0.2103,
frame_ms,0.2436,
frame_ms,0.3219,
frame_ms,0.2824,
frame_ms,0.2362,
tick_us,1874.2,2359
frame_ms,3.8994,
frame_ms,0.2668,
frame_ms,0.2295,
frame_ms,0.224,
frame_ms,0.2151,
frame_ms,0.2258,
frame_ms,0.2237,
frame_ms,0.2677,
frame_ms,0.2643,
frame_ms,0.2275,
frame_ms,0.2193,
frame_ms,0.2097,
frame_ms,0.2472,
frame_ms,0.2165,
tick_us,1787.1,2374
frame_ms,3.7831,
frame_ms,0.2579,
frame_ms,0.2226,
frame_ms,0.2308,
frame_ms,0.2147,
frame_ms,0.2069,
frame_ms,0.2438,
frame_ms,0.5651,
frame_ms,0.3721,
frame_ms,0.2384,
frame_ms,0.2132,
frame_ms,0.2149,
frame_ms,0.2073,
tick_us,1777.2,2368
frame_ms,3.7873,
frame_ms,0.2519,
frame_ms,0.2296,
frame_ms,0.2288,
frame_ms,0.2143,
frame_ms,0.2582,
frame_ms,0.227,
frame_ms,0.2111,
frame_ms,0.2565,
frame_ms,0.2198,
frame_ms,0.2126,
frame_ms,0.2645,
frame_ms,0.2274,
frame_ms,0.2364,
tick_us,1799.6,2375
frame_ms,3.8163,
frame_ms,0.2536,
frame_ms,0.2436,
frame_ms,0.2319,
frame_ms,0.2182,
frame_ms,0.2097,
frame_ms,0.238,
frame_ms,0.2422,
frame_ms,0.2096,
frame_ms,0.2486,
frame_ms,0.2663,
frame_ms,0.2304,
frame_ms,0.2241,
frame_ms,0.2203,
tick_us,1809.4,2365
frame_ms,3.9688,
frame_ms,0.3017,
frame_ms,0.2314,
frame_ms,0.2264,
frame_ms,0.2165,
frame_ms,0.2455,
frame_ms,0.2632,
frame_ms,0.2414,
frame_ms,0.2219,
frame_ms,0.2181,
frame_ms,0.2143,
frame_ms,0.2212,
frame_ms,0.214,
frame_ms,0.2768,
tick_us,1792.6,2399
frame_ms,3.8332,
frame_ms,0.252,
frame_ms,0.2227,
frame_ms,0.2151,
frame_ms,0.2113,
frame_ms,0.2661,
frame_ms,0.2295,
frame_ms,0.2147,
frame_ms,0.2406,
frame_ms,0.2251,
frame_ms,0.2136,
frame_ms,0.2468,
frame_ms,0.2234,
frame_ms,0.2111,
frame_ms,0.2382,
tick_us,1833.7,2401
frame_ms,3.8654,
frame_ms,0.2515,
frame_ms,0.228,
frame_ms,0.2189,
frame_ms,0.2099,
frame_ms,0.2746,
frame_ms,0.2294,
frame_ms,0.216,
frame_ms,0.2367,
frame_ms,0.2183,
frame_ms,0.2135,
frame_ms,0.2503,
frame_ms,0.2253,
frame_ms,0.2068,
tick_us,1821.2,2384
frame_ms,3.8693,
frame_ms,0.274,
frame_ms,0.2198,
frame_ms,0.2187,
frame_ms,0.2165,
frame_ms,0.2477,
frame_ms,0.2267,
frame_ms,0.2151,
frame_ms,0.2149,
frame_ms,0.2102,
frame_ms,0.2774,
frame_ms,0.2306,
frame_ms,0.2176,
frame_ms,0.2063,
tick_us,1799.2,2384
frame_ms,3.8444,
frame_ms,0.3193,
frame_ms,0.2287,
frame_ms,0.2254,
frame_ms,0.2117,
frame_ms,0.2375,
frame_ms,0.3192,
frame_ms,0.2373,
frame_ms,0.2221,
frame_ms,0.2167,
frame_ms,0.2093,
frame_ms,0.2426,
frame_ms,0.2173,
frame_ms,0.211,
tick_us,1809.1,2351
frame_ms,3.8837,
frame_ms,0.2613,
frame_ms,0.2254,
frame_ms,0.3951,
frame_ms,0.4239,
frame_ms,0.2587,
frame_ms,0.235,
frame_ms,0.2205,
frame_ms,0.2174,
frame_ms,0.2107,
frame_ms,0.2536,
frame_ms,0.2868,
frame_ms,0.2378,
tick_us,1844.9,2353
frame_ms,3.9811,
frame_ms,0.2701,
frame_ms,0.2269,
frame_ms,0.4012,
frame_ms,0.305,
frame_ms,0.2653,
frame_ms,0.2158,
frame_ms,0.2204,
frame_ms,0.2144,
frame_ms,0.2136,
frame_ms,0.2433,
frame_ms,0.272,
tick_us,1836.8,2365
frame_ms,3.874,
frame_ms,0.2647,
frame_ms,0.2167,
frame_ms,0.2117,
frame_ms,0.2247,
frame_ms,0.2178,
frame_ms,0.2817,
frame_ms,0.2301,
frame_ms,0.2181,
frame_ms,0.2403,
frame_ms,0.2236,
frame_ms,0.2203,
frame_ms,0.2115,
frame_ms,0.242,
frame_ms,0.2247,
tick_us,1819.5,2354
frame_ms,3.8776,
frame_ms,0.259,
frame_ms,0.2238,
frame_ms,0.2178,
frame_ms,0.2101,
frame_ms,0.2675,
frame_ms,0.2288,
frame_ms,0.2205,
frame_ms,0.2305,
frame_ms,0.2194,
frame_ms,0.2132,
frame_ms,0.2196,
frame_ms,0.2441,
frame_ms,0.2472,
tick_us,1845.8,2352
frame_ms,3.9668,
frame_ms,0.27,
frame_ms,0.2292,
frame_ms,0.2269,
frame_ms,0.2248,
frame_ms,0.2187,
frame_ms,0.2654,
frame_ms,0.264,
frame_ms,0.2271,
frame_ms,0.2129,
frame_ms,0.2534,
frame_ms,0.2127,
frame_ms,0.2114,
frame_ms,0.2253,
tick_us,1857.6,2346
frame_ms,3.935,
frame_ms,0.2638,
frame_ms,0.2194,
frame_ms,0.2165,
frame_ms,0.2135,
frame_ms,0.2412,
frame_ms,0.225,
frame_ms,0.2113,
frame_ms,0.2538,
frame_ms,0.225,
frame_ms,0.2127,
frame_ms,0.2463,
frame_ms,0.2237,
frame_ms,0.2215,
tick_us,1936.3,2361
frame_ms,4.1178,
frame_ms,0.3385,
frame_ms,0.3735,
frame_ms,0.306,
frame_ms,0.2167,
frame_ms,0.2167,
frame_ms,0.2193,
frame_ms,0.2098,
frame_ms,0.2341,
frame_ms,0.2304,
frame_ms,0.2136,
frame_ms,0.2704,
tick_us,1846,2369
frame_ms,3.9276,
frame_ms,0.2709,
frame_ms,0.23,
frame_ms,0.2161,
frame_ms,0.2094,
frame_ms,0.2594,
frame_ms,0.2318,
frame_ms,0.2154,
frame_ms,0.2427,
frame_ms,0.2203,
frame_ms,0.2161,
frame_ms,0.2545,
frame_ms,0.2242,
frame_ms,0.2084,
tick_us,1860.2,2376
frame_ms,3.94,
frame_ms,0.4395,
frame_ms,0.48,
frame_ms,0.3554,
frame_ms,0.3365,
frame_ms,0.3408,
frame_ms,0.335,
frame_ms,0.3327,
frame_ms,0.3783,
tick_us,1918.2,2368
frame_ms,4.1014,
frame_ms,0.294,
frame_ms,0.2348,
frame_ms,0.2273,
frame_ms,0.2207,
frame_ms,0.2136,
frame_ms,0.2385,
frame_ms,0.2146,
frame_ms,0.2181,
frame_ms,0.2503,
frame_ms,0.2297,
frame_ms,0.2141,
frame_ms,0.2464,
tick_us,1820.5,2343
frame_ms,3.835,
frame_ms,0.2537,
frame_ms,0.2246,
frame_ms,0.2153,
frame_ms,0.2172,
frame_ms,0.272,
frame_ms,0.2272,
frame_ms,0.2147,
frame_ms,0.2402,
frame_ms,0.2245,
frame_ms,0.305,
frame_ms,0.2504,
frame_ms,0.2229,
frame_ms,0.2167,
tick_us,1788.8,2339
frame_ms,3.8002,
frame_ms,0.2561,
frame_ms,0.2283,
frame_ms,0.2184,
frame_ms,0.2105,
frame_ms,0.2427,
frame_ms,0.2199,
frame_ms,0.2107,
frame_ms,0.2257,
frame_ms,0.2166,
frame_ms,0.2062,
frame_ms,0.2538,
frame_ms,0.2286,
frame_ms,0.2115,
frame_ms,0.2561,
tick_us,1802.4,2318
frame_ms,3.8292,
frame_ms,0.2568,
frame_ms,0.228,
frame_ms,0.2126,
frame_ms,0.2365,
frame_ms,0.2099,
frame_ms,0.2111,
frame_ms,0.2811,
frame_ms,0.2245,
frame_ms,0.2504,
frame_ms,0.2141,
frame_ms,0.2118,
frame_ms,0.2458,
frame_ms,0.219,
tick_us,1818.8,2311
frame_ms,3.8385,
frame_ms,0.2559,
frame_ms,0.2228,
frame_ms,0.2154,
frame_ms,0.211,
frame_ms,0.2727,
frame_ms,0.232,
frame_ms,0.2116,
frame_ms,0.243,
frame_ms,0.2267,
frame_ms,0.2166,
frame_ms,0.2726,
frame_ms,0.2261,
frame_ms,0.2131,
frame_ms,0.2496,
tick_us,1808.4,2317
frame_ms,3.8307,
frame_ms,0.251,
frame_ms,0.224,
frame_ms,0.217,
frame_ms,0.2136,
frame_ms,0.2673,
frame_ms,0.2244,
frame_ms,0.2123,
frame_ms,0.2637,
frame_ms,0.2229,
frame_ms,0.2083,
frame_ms,0.2487,
frame_ms,0.2229,
frame_ms,0.2107,
tick_us,1806,2336
frame_ms,3.9562,
frame_ms,0.3153,
frame_ms,0.2361,
frame_ms,0.226,
frame_ms,0.2315,
frame_ms,0.2218,
frame_ms,0.2258,
frame_ms,0.2182,
frame_ms,0.2751,
frame_ms,0.2663,
frame_ms,0.2341,
frame_ms,0.2202,
frame_ms,0.2124,
frame_ms,0.226,
tick_us,1802.1,2323
frame_ms,3.8119,
frame_ms,0.2673,
frame_ms,0.2289,
frame_ms,0.2235,
frame_ms,0.22,
frame_ms,0.2625,
frame_ms,0.2275,
frame_ms,0.214,
frame_ms,0.2648,
frame_ms,0.231,
frame_ms,0.2101,
frame_ms,0.2608,
frame_ms,0.2281,
frame_ms,0.2167,
tick_us,1843.2,2315
frame_ms,3.8904,
frame_ms,0.2641,
frame_ms,0.2215,
frame_ms,0.3036,
frame_ms,0.4369,
frame_ms,0.3579,
frame_ms,0.2822,
frame_ms,0.2272,
frame_ms,0.215,
frame_ms,0.2142,
frame_ms,0.2138,
frame_ms,0.2724,
tick_us,1823.3,2308
frame_ms,3.8886,
frame_ms,0.27,
frame_ms,0.2304,
frame_ms,0.2192,
frame_ms,0.2449,
frame_ms,0.2151,
frame_ms,0.283,
frame_ms,0.2663,
frame_ms,0.2319,
frame_ms,0.2191,
frame_ms,0.2149,
frame_ms,0.2092,
frame_ms,0.2695,
frame_ms,0.2272,
tick_us,1810.9,2324
frame_ms,3.8403,
frame_ms,0.2668,
frame_ms,0.2148,
frame_ms,0.2231,
frame_ms,0.2134,
frame_ms,0.268,
frame_ms,0.2285,
frame_ms,0.216,
frame_ms,0.2449,
frame_ms,0.2253,
frame_ms,0.2104,
frame_ms,0.3638,
frame_ms,0.2368,
frame_ms,0.2131,
tick_us,1821.5,2306
frame_ms,3.855,
frame_ms,0.2537,
frame_ms,0.2267,
frame_ms,0.2185,
frame_ms,0.222,
frame_ms,0.2752,
frame_ms,0.2282,
frame_ms,0.211,
frame_ms,0.2528,
frame_ms,0.2226,
frame_ms,0.2142,
frame_ms,0.2595,
frame_ms,0.2262,
frame_ms,0.2106,
tick_us,1828,2290
frame_ms,3.9387,
frame_ms,0.2736,
frame_ms,0.2199,
frame_ms,0.2175,
frame_ms,0.221,
frame_ms,0.2112,
frame_ms,0.2426,
frame_ms,0.2222,
frame_ms,0.2152,
frame_ms,0.2195,
frame_ms,0.2096,
frame_ms,0.4229,
frame_ms,0.3654,
tick_us,1958.7,2302
frame_ms,4.3976,
frame_ms,0.2791,
frame_ms,0.2305,
frame_ms,0.2251,
frame_ms,0.2117,
frame_ms,0.2495,
frame_ms,0.2414,
frame_ms,0.2122,
frame_ms,0.2316,
frame_ms,0.2213,
frame_ms,0.2134,
frame_ms,0.248,
tick_us,1854.6,2294
frame_ms,3.9176,
frame_ms,0.2405,
frame_ms,0.2135,
frame_ms,0.2246,
frame_ms,0.2116,
frame_ms,0.2357,
frame_ms,0.2111,
frame_ms,0.2077,
frame_ms,0.2471,
frame_ms,0.2193,
frame_ms,0.2151,
frame_ms,0.2489,
frame_ms,0.2262,
frame_ms,0.2082,
tick_us,1975.1,2274
frame_ms,4.1517,
frame_ms,0.2701,
frame_ms,0.2192,
frame_ms,0.2173,
frame_ms,0.2159,
frame_ms,0.2213,
frame_ms,0.2287,
frame_ms,0.209,
frame_ms,0.2812,
frame_ms,0.229,
frame_ms,0.2182,
frame_ms,0.242,
frame_ms,0.2173,
frame_ms,0.2112,
tick_us,1844.5,2282
frame_ms,3.865,
frame_ms,0.2645,
frame_ms,0.217,
frame_ms,0.2146,
frame_ms,0.2137,
frame_ms,0.2629,
frame_ms,0.2432,
frame_ms,0.2364,
frame_ms,0.2371,
frame_ms,0.2115,
frame_ms,0.2757,
frame_ms,0.2311,
frame_ms,0.2065,
frame_ms,0.2427,
tick_us,1792.8,2256
frame_ms,3.8478,
frame_ms,0.245,
frame_ms,0.2113,
frame_ms,0.2134,
frame_ms,0.2313,
frame_ms,0.2251,
frame_ms,0.2284,
frame_ms,0.2083,
frame_ms,0.2738,
frame_ms,0.2806,
frame_ms,0.2362,
frame_ms,0.2278,
frame_ms,0.2206,
frame_ms,0.2304,
tick_us,1828.4,2253
frame_ms,3.9259,
frame_ms,0.2483,
frame_ms,0.2175,
frame_ms,0.2116,
frame_ms,0.2078,
frame_ms,0.2609,
frame_ms,0.2301,
frame_ms,0.2119,
frame_ms,0.2484,
frame_ms,0.2249,
frame_ms,0.2129,
frame_ms,0.241,
frame_ms,0.2176,
frame_ms,0.2125,
tick_us,1858,2262
frame_ms,3.95,
frame_ms,0.2514,
frame_ms,0.214,
frame_ms,0.2111,
frame_ms,0.2075,
frame_ms,0.2618,
frame_ms,0.2272,
frame_ms,0.213,
frame_ms,0.5508,
frame_ms,0.4599,
frame_ms,0.261,
frame_ms,0.2148,
tick_us,1892.9,2248
frame_ms,3.9679,
frame_ms,0.2513,
frame_ms,0.2165,
frame_ms,0.2147,
frame_ms,0.2119,
frame_ms,0.2705,
frame_ms,0.2281,
frame_ms,0.2135,
frame_ms,0.2447,
frame_ms,0.221,
frame_ms,0.2092,
frame_ms,0.2518,
frame_ms,0.2202,
frame_ms,0.2238,
tick_us,1859.5,2259
frame_ms,3.9184,
frame_ms,0.2449,
frame_ms,0.2159,
frame_ms,0.2219,
frame_ms,0.2113,
frame_ms,0.2382,
frame_ms,0.2209,
frame_ms,0.2099,
frame_ms,0.237,
frame_ms,0.2253,
frame_ms,0.2107,
frame_ms,0.25,
frame_ms,0.2273,
frame_ms,0.2115,
frame_ms,0.2156,
tick_us,1878.5,2233
frame_ms,4.1508,
frame_ms,0.2906,
frame_ms,0.2225,
frame_ms,0.2172,
frame_ms,0.2134,
frame_ms,0.2089,
frame_ms,0.2674,
frame_ms,0.2335,
frame_ms,0.2153,
frame_ms,0.2063,
frame_ms,0.2451,
frame_ms,0.2185,
frame_ms,0.2146,
tick_us,1900.2,2234
frame_ms,4.0479,
frame_ms,0.2552,
frame_ms,0.2119,
frame_ms,0.2078,
frame_ms,0.21,
frame_ms,0.2692,
frame_ms,0.2286,
frame_ms,0.2108,
frame_ms,0.2678,
frame_ms,0.2279,
frame_ms,0.2097,
frame_ms,0.2378,
frame_ms,0.2282,
tick_us,1918.7,2246
frame_ms,4.0138,
frame_ms,0.2513,
frame_ms,0.2256,
frame_ms,0.2126,
frame_ms,0.2271,
frame_ms,0.2457,
frame_ms,0.2249,
frame_ms,0.2109,
frame_ms,0.2503,
frame_ms,0.2181,
frame_ms,0.2104,
frame_ms,0.2581,
frame_ms,0.2261,
frame_ms,0.2106,
tick_us,1872.4,2234
frame_ms,4.0073,
frame_ms,0.2654,
frame_ms,0.2149,
frame_ms,0.2186,
frame_ms,0.2113,
frame_ms,0.2685,
frame_ms,0.2355,
frame_ms,0.2136,
frame_ms,0.2151,
frame_ms,0.2606,
frame_ms,0.2229,
frame_ms,0.2177,
frame_ms,0.2487,
frame_ms,0.2177,
tick_us,1883.5,2214
frame_ms,4.0678,
frame_ms,0.4072,
frame_ms,0.2249,
frame_ms,0.2176,
frame_ms,0.2088,
frame_ms,0.2091,
frame_ms,0.2438,
frame_ms,0.219,
frame_ms,0.2109,
frame_ms,0.248,
frame_ms,0.2199,
frame_ms,0.2117,
frame_ms,0.2324,
tick_us,1862.8,2188
frame_ms,3.995,
frame_ms,0.2389,
frame_ms,0.2129,
frame_ms,0.221,
frame_ms,0.2225,
frame_ms,0.2287,
frame_ms,0.2173,
frame_ms,0.2654,
frame_ms,0.2231,
frame_ms,0.2097,
frame_ms,0.2672,
frame_ms,0.3277,
frame_ms,0.2762,
tick_us,1987.7,2181
frame_ms,4.2024,
frame_ms,0.2793,
frame_ms,0.2269,
frame_ms,0.2219,
frame_ms,0.2215,
frame_ms,0.6249,
frame_ms,0.385,
frame_ms,0.2517,
frame_ms,0.2244,
frame_ms,0.2266,
frame_ms,0.2258,
tick_us,1954.9,2178
frame_ms,4.0887,
frame_ms,0.2983,
frame_ms,0.2356,
frame_ms,0.2776,
frame_ms,0.2398,
frame_ms,0.2314,
frame_ms,0.2203,
frame_ms,0.2103,
frame_ms,0.2114,
frame_ms,0.2537,
frame_ms,0.2719,
frame_ms,0.2387,
tick_us,1873.2,2183
frame_ms,3.9667,
frame_ms,0.2521,
frame_ms,0.2243,
frame_ms,0.232,
frame_ms,0.2117,
frame_ms,0.2754,
frame_ms,0.215,
frame_ms,0.2146,
frame_ms,0.2099,
frame_ms,0.2139,
frame_ms,0.2527,
frame_ms,0.227,
frame_ms,0.2196,
frame_ms,0.2324,
tick_us,1900.9,2182
frame_ms,4.2216,
frame_ms,0.2727,
frame_ms,0.2274,
frame_ms,0.2222,
frame_ms,0.2186,
frame_ms,0.2133,
frame_ms,0.3351,
frame_ms,0.4142,
frame_ms,0.3658,
frame_ms,0.3622,
tick_us,1931.4,2184
frame_ms,4.2144,
frame_ms,0.2669,
frame_ms,0.2224,
frame_ms,0.2265,
frame_ms,0.2134,
frame_ms,0.2737,
frame_ms,0.2316,
frame_ms,0.2192,
frame_ms,0.2402,
frame_ms,0.2196,
frame_ms,0.2162,
frame_ms,0.2511,
frame_ms,0.2609,
tick_us,1875.3,2199
frame_ms,3.9529,
frame_ms,0.2581,
frame_ms,0.2169,
frame_ms,0.2192,
frame_ms,0.2195,
frame_ms,0.2956,
frame_ms,0.2303,
frame_ms,0.2091,
frame_ms,0.2604,
frame_ms,0.2279,
frame_ms,0.2123,
frame_ms,0.2653,
frame_ms,0.2345,
frame_ms,0.221,
tick_us,1859.8,2205
frame_ms,3.9085,
frame_ms,0.2615,
frame_ms,0.2272,
frame_ms,0.2201,
frame_ms,0.2138,
frame_ms,0.2085,
frame_ms,0.2434,
frame_ms,0.2277,
frame_ms,0.2155,
frame_ms,0.2489,
frame_ms,0.2194,
frame_ms,0.2772,
frame_ms,0.2793,
frame_ms,0.2359,
tick_us,1861.9,2209
frame_ms,3.9542,
frame_ms,0.28,
frame_ms,0.228,
frame_ms,0.2216,
frame_ms,0.2147,
frame_ms,0.2657,
frame_ms,0.2623,
frame_ms,0.2481,
frame_ms,0.2201,
frame_ms,0.2095,
frame_ms,0.2216,
frame_ms,0.2145,
frame_ms,0.2064,
tick_us,1866,2208
frame_ms,3.9735,
frame_ms,0.2914,
frame_ms,0.2342,
frame_ms,0.2223,
frame_ms,0.2194,
frame_ms,0.2127,
frame_ms,0.2604,
frame_ms,0.2248,
frame_ms,0.2133,
frame_ms,0.2689,
frame_ms,0.2281,
frame_ms,0.2156,
frame_ms,0.2611,
frame_ms,0.2235,
tick_us,1863.8,2194
frame_ms,3.9117,
frame_ms,0.2656,
frame_ms,0.2236,
frame_ms,0.2165,
frame_ms,0.3034,
frame_ms,0.5171,
frame_ms,0.2673,
frame_ms,0.2354,
frame_ms,0.2263,
frame_ms,0.2428,
frame_ms,0.23,
frame_ms,0.2168,
tick_us,1907.6,2215
frame_ms,4.0528,
frame_ms,0.2704,
frame_ms,0.2328,
frame_ms,0.2254,
frame_ms,0.2141,
frame_ms,0.2283,
frame_ms,0.212,
frame_ms,0.2726,
frame_ms,0.2678,
frame_ms,0.2323,
frame_ms,0.2219,
frame_ms,0.2145,
frame_ms,0.2341,
frame_ms,0.2193,
tick_us,1898.9,2217
frame_ms,4.0902,
frame_ms,0.2762,
frame_ms,0.2346,
frame_ms,0.2252,
frame_ms,0.2163,
frame_ms,0.2136,
frame_ms,0.2396,
frame_ms,0.2231,
frame_ms,0.2098,
frame_ms,0.2523,
frame_ms,0.2229,
frame_ms,0.2083,
tick_us,2001.5,2251
frame_ms,4.3723,
frame_ms,0.2789,
frame_ms,0.236,
frame_ms,0.2263,
frame_ms,0.2142,
frame_ms,0.2092,
frame_ms,0.2625,
frame_ms,0.2355,
frame_ms,0.2176,
frame_ms,0.2218,
frame_ms,0.2675,
frame_ms,0.2214,
frame_ms,0.2376,
tick_us,1828.9,2248
frame_ms,3.8983,
frame_ms,0.2574,
frame_ms,0.2238,
frame_ms,0.2114,
frame_ms,0.2074,
frame_ms,0.2656,
frame_ms,0.2281,
frame_ms,0.2132,
frame_ms,0.2633,
frame_ms,0.2203,
frame_ms,0.216,
frame_ms,0.2273,
frame_ms,0.2072,
frame_ms,0.2834,
tick_us,1850.5,2265
frame_ms,3.9829,
frame_ms,0.275,
frame_ms,0.2336,
frame_ms,0.2241,
frame_ms,0.2202,
frame_ms,0.2134,
frame_ms,0.2124,
frame_ms,0.253,
frame_ms,0.2727,
frame_ms,0.2531,
frame_ms,0.2247,
frame_ms,0.2171,
frame_ms,0.2096,
frame_ms,0.2394,
tick_us,1874,2260
frame_ms,3.9431,
frame_ms,0.2685,
frame_ms,0.2438,
frame_ms,0.2282,
frame_ms,0.2158,
frame_ms,0.2376,
frame_ms,0.2213,
frame_ms,0.229,
frame_ms,0.2222,
frame_ms,0.2406,
frame_ms,0.2205,
frame_ms,0.2177,
frame_ms,0.2289,
frame_ms,0.2068,
tick_us,1866.2,2255
frame_ms,4.1342,
frame_ms,0.3201,
frame_ms,0.2562,
frame_ms,0.3264,
frame_ms,0.3624,
frame_ms,0.2173,
frame_ms,0.2204,
frame_ms,0.219,
frame_ms,0.256,
frame_ms,0.2244,
frame_ms,0.2155,
frame_ms,0.2797,
tick_us,1988.5,2272
frame_ms,4.3453,
frame_ms,0.2865,
frame_ms,0.2308,
frame_ms,0.2267,
frame_ms,0.222,
frame_ms,0.2217,
frame_ms,0.2177,
frame_ms,0.2133,
frame_ms,0.2551,
frame_ms,0.2262,
frame_ms,0.2209,
frame_ms,0.2391,
tick_us,1847.6,2279
frame_ms,3.9561,
frame_ms,0.2571,
frame_ms,0.2232,
frame_ms,0.2231,
frame_ms,0.2223,
frame_ms,0.8735,
frame_ms,0.5638,
frame_ms,0.2359,
frame_ms,0.2163,
tick_us,1897.3,2297
frame_ms,4.0036,
frame_ms,0.2533,
frame_ms,0.2264,
frame_ms,0.2187,
frame_ms,0.2119,
frame_ms,0.2637,
frame_ms,0.2501,
frame_ms,0.2077,
frame_ms,0.2063,
frame_ms,0.2522,
frame_ms,0.2247,
frame_ms,0.2142,
frame_ms,0.2513,
frame_ms,0.2436,
tick_us,1893.6,2301
frame_ms,3.925,
frame_ms,0.2734,
frame_ms,0.4259,
frame_ms,0.3681,
frame_ms,0.3407,
frame_ms,0.3381,
frame_ms,0.2886,
frame_ms,0.2306,
frame_ms,0.213,
frame_ms,0.2155,
frame_ms,0.8893,
tick_us,1823,2313
frame_ms,3.9463,
frame_ms,0.2576,
frame_ms,0.2284,
frame_ms,0.2161,
frame_ms,0.2112,
frame_ms,0.2966,
frame_ms,0.2913,
frame_ms,0.2478,
frame_ms,0.2404,
frame_ms,0.239,
frame_ms,0.2375,
tick_us,1792,2297
frame_ms,4.0188,
frame_ms,0.3235,
frame_ms,0.2319,
frame_ms,0.2304,
frame_ms,0.2176,
frame_ms,0.2077,
frame_ms,0.2401,
frame_ms,0.2203,
frame_ms,0.2105,
frame_ms,0.2495,
frame_ms,0.2224,
frame_ms,0.2336,
frame_ms,0.2202,
tick_us,1723.2,2291
frame_ms,3.7515,
frame_ms,0.2625,
frame_ms,0.2225,
frame_ms,0.2251,
frame_ms,0.2136,
frame_ms,0.2191,
frame_ms,0.2112,
frame_ms,0.2633,
frame_ms,0.2276,
frame_ms,0.2124,
frame_ms,0.2464,
frame_ms,0.222,
frame_ms,0.2097,
frame_ms,0.2242,
frame_ms,0.215,
frame_ms,0.2061,
tick_us,1790.2,2284
frame_ms,3.7986,
frame_ms,0.2818,
frame_ms,0.2251,
frame_ms,0.2144,
frame_ms,0.2086,
frame_ms,0.2714,
frame_ms,0.2285,
frame_ms,0.2173,
frame_ms,0.2419,
frame_ms,0.2289,
frame_ms,0.2077,
frame_ms,0.2471,
frame_ms,0.2243,
frame_ms,0.2105,
tick_us,1758.3,2307
frame_ms,3.9637,
frame_ms,0.3932,
frame_ms,0.2779,
frame_ms,0.2199,
frame_ms,0.2237,
frame_ms,0.2222,
frame_ms,0.2151,
frame_ms,0.224,
frame_ms,0.2347,
frame_ms,0.2348,
frame_ms,0.217,
frame_ms,0.2272,
frame_ms,0.2815,
tick_us,1835.7,2309
frame_ms,3.9153,
frame_ms,0.261,
frame_ms,0.2367,
frame_ms,0.2236,
frame_ms,0.2143,
frame_ms,0.2741,
frame_ms,0.2893,
frame_ms,0.2344,
frame_ms,0.2267,
frame_ms,0.2201,
frame_ms,0.2115,
frame_ms,0.2128,
frame_ms,0.245,
frame_ms,0.2292,
tick_us,1807.2,2334
frame_ms,3.8114,
frame_ms,0.2566,
frame_ms,0.2302,
frame_ms,0.2816,
frame_ms,0.2183,
frame_ms,0.2126,
frame_ms,0.2427,
frame_ms,0.5492,
frame_ms,0.366,
frame_ms,0.3501,
frame_ms,0.3348,
tick_us,1882.9,2327
frame_ms,3.9996,
frame_ms,0.2828,
frame_ms,0.2351,
frame_ms,0.2302,
frame_ms,0.2157,
frame_ms,0.2138,
frame_ms,0.2461,
frame_ms,0.22,
frame_ms,0.2119,
frame_ms,0.2537,
frame_ms,0.225,
frame_ms,0.2121,
frame_ms,0.2572,
frame_ms,0.25,
tick_us,1788.6,2314
frame_ms,3.7907,
frame_ms,0.2508,
frame_ms,0.2222,
frame_ms,0.2148,
frame_ms,0.213,
frame_ms,0.2667,
frame_ms,0.2284,
frame_ms,0.2177,
frame_ms,0.2415,
frame_ms,0.229,
frame_ms,0.2114,
frame_ms,0.2406,
frame_ms,0.2106,
frame_ms,0.2078,
frame_ms,0.2442,
tick_us,1891.1,2306
frame_ms,4.245,
frame_ms,0.3105,
frame_ms,0.2355,
frame_ms,0.2279,
frame_ms,0.2194,
frame_ms,0.2397,
frame_ms,0.2814,
frame_ms,0.2231,
frame_ms,0.2105,
frame_ms,0.2293,
frame_ms,0.2165,
frame_ms,0.2064,
tick_us,1801.5,2311
frame_ms,3.8276,
frame_ms,0.2951,
frame_ms,0.2252,
frame_ms,0.2293,
frame_ms,0.2118,
frame_ms,0.2337,
frame_ms,0.2232,
frame_ms,0.2167,
frame_ms,0.2369,
frame_ms,0.2828,
frame_ms,0.2215,
frame_ms,0.234,
frame_ms,0.2121,
frame_ms,0.2625,
tick_us,1762.1,2315
frame_ms,3.7731,
frame_ms,0.2611,
frame_ms,0.2276,
frame_ms,0.2187,
frame_ms,0.2183,
frame_ms,0.2123,
frame_ms,0.2805,
frame_ms,0.2302,
frame_ms,0.2172,
frame_ms,0.2396,
frame_ms,0.2206,
frame_ms,0.2158,
frame_ms,0.2571,
frame_ms,0.2784,
frame_ms,0.2396,
tick_us,1834.8,2320
frame_ms,3.8483,
frame_ms,0.2694,
frame_ms,0.2255,
frame_ms,0.2274,
frame_ms,0.2131,
frame_ms,0.237,
frame_ms,0.2314,
frame_ms,0.2172,
frame_ms,0.2355,
frame_ms,0.2161,
frame_ms,0.2849,
frame_ms,0.2713,
frame_ms,0.2298,
frame_ms,0.2227,
tick_us,1796.3,2318
frame_ms,3.9347,
frame_ms,0.2735,
frame_ms,0.2271,
frame_ms,0.2188,
frame_ms,0.2164,
frame_ms,0.2221,
frame_ms,0.2576,
frame_ms,0.2266,
frame_ms,0.2107,
frame_ms,0.2583,
frame_ms,0.2684,
frame_ms,0.2326,
frame_ms,0.2266,
frame_ms,0.2236,
tick_us,1799,2328
frame_ms,3.7884,
frame_ms,0.2537,
frame_ms,0.2249,
frame_ms,0.2157,
frame_ms,0.2126,
frame_ms,0.2668,
frame_ms,0.2245,
frame_ms,0.2182,
frame_ms,0.2119,
frame_ms,0.2708,
frame_ms,0.2297,
frame_ms,0.2137,
frame_ms,0.2674,
frame_ms,0.228,
tick_us,1801,2317
frame_ms,3.7839,
frame_ms,0.2502,
frame_ms,0.222,
frame_ms,0.2145,
frame_ms,0.2101,
frame_ms,0.4774,
frame_ms,0.418,
frame_ms,0.2179,
frame_ms,0.2178,
frame_ms,0.2132,
frame_ms,0.2101,
frame_ms,0.2599,
frame_ms,0.2243,
tick_us,1798.7,2300
frame_ms,3.8334,
frame_ms,0.2579,
frame_ms,0.2217,
frame_ms,0.2219,
frame_ms,0.2158,
frame_ms,0.2378,
frame_ms,0.2268,
frame_ms,0.2116,
frame_ms,0.2668,
frame_ms,0.2274,
frame_ms,0.2113,
frame_ms,0.2636,
frame_ms,0.2314,
frame_ms,0.2176,
frame_ms,0.2123,
tick_us,1857.7,2281
frame_ms,3.8887,
frame_ms,0.2527,
frame_ms,0.2219,
frame_ms,0.2147,
frame_ms,0.2087,
frame_ms,0.2691,
frame_ms,0.2298,
frame_ms,0.2179,
frame_ms,0.2098,
frame_ms,0.2432,
frame_ms,0.2229,
frame_ms,0.2085,
frame_ms,0.2562,
frame_ms,0.4534,
tick_us,1805.9,2282
frame_ms,4.061,
frame_ms,0.2587,
frame_ms,0.2282,
frame_ms,0.2181,
frame_ms,0.223,
frame_ms,0.2101,
frame_ms,0.2552,
frame_ms,0.2317,
frame_ms,0.2152,
frame_ms,0.2066,
frame_ms,0.2432,
frame_ms,0.2192,
frame_ms,0.2141,
tick_us,1824.2,2283
frame_ms,3.8852,
frame_ms,0.2598,
frame_ms,0.2203,
frame_ms,0.2123,
frame_ms,0.2123,
frame_ms,0.2695,
frame_ms,0.2285,
frame_ms,0.2165,
frame_ms,0.2387,
frame_ms,0.2262,
frame_ms,0.2156,
frame_ms,0.2441,
frame_ms,0.2187,
frame_ms,0.2309,
tick_us,1922.1,2281
frame_ms,4.2161,
frame_ms,0.3034,
frame_ms,0.237,
frame_ms,0.2217,
frame_ms,0.218,
frame_ms,0.2172,
frame_ms,0.2286,
frame_ms,0.2206,
frame_ms,0.2124,
frame_ms,0.256,
frame_ms,0.2221,
frame_ms,0.2137,
frame_ms,0.2688,
tick_us,1836.1,2273
frame_ms,3.8714,
frame_ms,0.2625,
frame_ms,0.2214,
frame_ms,0.2229,
frame_ms,0.2162,
frame_ms,0.2414,
frame_ms,0.2279,
frame_ms,0.2132,
frame_ms,0.2372,
frame_ms,0.2118,
frame_ms,0.2648,
frame_ms,0.2239,
frame_ms,0.2146,
frame_ms,0.2506,
tick_us,1805.4,2278
frame_ms,3.8309,
frame_ms,0.2735,
frame_ms,0.2252,
frame_ms,0.2184,
frame_ms,0.209,
frame_ms,0.2112,
frame_ms,0.2502,
frame_ms,0.2287,
frame_ms,0.2146,
frame_ms,0.2464,
frame_ms,0.2198,
frame_ms,0.2117,
frame_ms,0.251,
frame_ms,0.2078,
tick_us,1813.4,2292
frame_ms,3.8253,
frame_ms,0.2567,
frame_ms,0.2204,
frame_ms,0.2273,
frame_ms,0.2097,
frame_ms,0.2346,
frame_ms,0.2232,
frame_ms,0.2109,
frame_ms,0.2595,
frame_ms,0.232,
frame_ms,0.2153,
frame_ms,0.2912,
frame_ms,0.2271,
frame_ms,0.2102,
frame_ms,0.2239,
tick_us,1780.8,2313
frame_ms,3.7638,
frame_ms,0.2584,
frame_ms,0.2831,
frame_ms,0.2368,
frame_ms,0.2185,
frame_ms,0.2094,
frame_ms,0.2398,
frame_ms,0.2184,
frame_ms,0.2161,
frame_ms,0.2167,
frame_ms,0.2802,
frame_ms,0.2311,
frame_ms,0.2154,
frame_ms,0.2435,
tick_us,1751.4,2308
frame_ms,3.7759,
frame_ms,0.2584,
frame_ms,0.2197,
frame_ms,0.2399,
frame_ms,0.2105,
frame_ms,0.2361,
frame_ms,0.2217,
frame_ms,0.2142,
frame_ms,0.2458,
frame_ms,0.2241,
frame_ms,0.2069,
frame_ms,0.2369,
frame_ms,0.2198,
frame_ms,0.2057,
frame_ms,0.2804,
tick_us,1815.4,2297
frame_ms,3.8587,
frame_ms,0.2789,
frame_ms,0.2279,
frame_ms,0.2251,
frame_ms,0.2134,
frame_ms,0.208,
frame_ms,0.2632,
frame_ms,0.2286,
frame_ms,0.2114,
frame_ms,0.436,
frame_ms,0.3863,
frame_ms,0.2623,
frame_ms,0.2784,
tick_us,1762.3,2298
frame_ms,3.75,
frame_ms,0.271,
frame_ms,0.2341,
frame_ms,0.228,
frame_ms,0.2173,
frame_ms,0.2214,
frame_ms,0.215,
frame_ms,0.2887,
frame_ms,0.2753,
frame_ms,0.2346,
frame_ms,0.2236,
frame_ms,0.2213,
frame_ms,0.217,
frame_ms,0.2183,
tick_us,1795.7,2313
frame_ms,3.794,
frame_ms,0.2858,
frame_ms,0.2205,
frame_ms,0.2155,
frame_ms,0.2163,
frame_ms,0.2091,
frame_ms,0.2382,
frame_ms,0.2262,
frame_ms,0.21,
frame_ms,0.2334,
frame_ms,0.2254,
frame_ms,0.2119,
frame_ms,0.2487,
frame_ms,0.2375,
frame_ms,0.2106,
tick_us,1855.5,2345
frame_ms,4.0018,
frame_ms,0.2958,
frame_ms,0.224,
frame_ms,0.2204,
frame_ms,0.2165,
frame_ms,0.2132,
frame_ms,0.217,
frame_ms,0.2643,
frame_ms,0.2243,
frame_ms,0.2102,
frame_ms,0.2479,
frame_ms,0.2239,
frame_ms,0.2143,
frame_ms,0.2185,
tick_us,1694.4,2343
frame_ms,3.6506,
frame_ms,0.2622,
frame_ms,0.2302,
frame_ms,0.2173,
frame_ms,0.2094,
frame_ms,0.271,
frame_ms,0.2278,
frame_ms,0.216,
frame_ms,0.2304,
frame_ms,0.2257,
frame_ms,0.21,
frame_ms,0.2412,
frame_ms,0.2169,
frame_ms,0.2124,
frame_ms,0.2278,
tick_us,1721.6,2326
frame_ms,3.6729,
frame_ms,0.2652,
frame_ms,0.2236,
frame_ms,0.2106,
frame_ms,0.2287,
frame_ms,0.2347,
frame_ms,0.2145,
frame_ms,0.22,
frame_ms,0.3242,
frame_ms,0.2385,
frame_ms,0.2128,
frame_ms,0.2132,
frame_ms,0.2661,
frame_ms,0.2242,
frame_ms,0.2202,
tick_us,1770.4,2333
frame_ms,3.7264,
frame_ms,0.2568,
frame_ms,0.2281,
frame_ms,0.2247,
frame_ms,0.211,
frame_ms,0.2354,
frame_ms,0.2263,
frame_ms,0.2114,
frame_ms,0.2455,
frame_ms,0.2195,
frame_ms,0.2115,
frame_ms,0.2209,
frame_ms,0.2083,
frame_ms,0.2034,
frame_ms,0.2534,
tick_us,1722.8,2338
frame_ms,3.6645,
frame_ms,0.2534,
frame_ms,0.2195,
frame_ms,0.2138,
frame_ms,0.2107,
frame_ms,0.2662,
frame_ms,0.3026,
frame_ms,0.3051,
frame_ms,0.2398,
frame_ms,0.2219,
frame_ms,0.2162,
frame_ms,0.2138,
frame_ms,0.2178,
frame_ms,0.2099,
frame_ms,0.2566,
tick_us,1753.7,2333
frame_ms,3.7144,
frame_ms,0.2535,
frame_ms,0.2175,
frame_ms,0.2149,
frame_ms,0.2111,
frame_ms,0.2729,
frame_ms,0.2279,
frame_ms,0.2157,
frame_ms,0.2473,
frame_ms,0.2203,
frame_ms,0.2152,
frame_ms,0.2616,
frame_ms,0.2222,
frame_ms,0.209,
frame_ms,0.2511,
tick_us,1757.4,2335
frame_ms,3.6989,
frame_ms,0.2521,
frame_ms,0.2141,
frame_ms,0.2175,
frame_ms,0.2107,
frame_ms,0.2726,
frame_ms,0.2251,
frame_ms,0.2141,
frame_ms,0.2641,
frame_ms,0.2242,
frame_ms,0.2108,
frame_ms,0.2513,
frame_ms,0.2247,
frame_ms,0.2167,
frame_ms,0.3461,
tick_us,1732.8,2316
frame_ms,3.8937,
frame_ms,0.2578,
frame_ms,0.2252,
frame_ms,0.2118,
frame_ms,0.2459,
frame_ms,0.2235,
frame_ms,0.2198,
frame_ms,0.2291,
frame_ms,0.2577,
frame_ms,0.2775,
frame_ms,0.2381,
frame_ms,0.2242,
frame_ms,0.2175,
frame_ms,0.2119,
tick_us,1816.4,2311
frame_ms,3.8765,
frame_ms,0.2843,
frame_ms,0.2266,
frame_ms,0.2216,
frame_ms,0.2307,
frame_ms,0.2087,
frame_ms,0.2134,
frame_ms,0.2665,
frame_ms,0.274,
frame_ms,0.2279,
frame_ms,0.2189,
frame_ms,0.2107,
frame_ms,0.2277,
frame_ms,0.2223,
tick_us,1858.5,2325
frame_ms,3.8664,
frame_ms,0.2638,
frame_ms,0.2378,
frame_ms,0.227,
frame_ms,0.2142,
frame_ms,0.2547,
frame_ms,0.2144,
frame_ms,0.2132,
frame_ms,0.2297,
frame_ms,0.2126,
frame_ms,0.2135,
frame_ms,0.2455,
frame_ms,0.2654,
frame_ms,0.2257,
tick_us,1813.1,2304
frame_ms,3.8111,
frame_ms,0.2691,
frame_ms,0.2231,
frame_ms,0.2214,
frame_ms,0.2136,
frame_ms,0.2505,
frame_ms,0.2248,
frame_ms,0.2111,
frame_ms,0.2358,
frame_ms,0.2144,
frame_ms,0.2092,
frame_ms,0.2504,
frame_ms,0.2194,
frame_ms,0.2117,
frame_ms,0.2319,
tick_us,1790.6,2311
frame_ms,4.0359,
frame_ms,0.3976,
frame_ms,0.349,
frame_ms,0.3501,
frame_ms,0.3395,
frame_ms,0.2955,
frame_ms,0.2427,
frame_ms,0.212,
frame_ms,0.2296,
frame_ms,0.2236,
frame_ms,0.2149,
tick_us,1803.7,2316
frame_ms,3.8497,
frame_ms,0.2705,
frame_ms,0.2219,
frame_ms,0.2185,
frame_ms,0.2135,
frame_ms,0.2748,
frame_ms,0.2291,
frame_ms,0.2139,
frame_ms,0.2635,
frame_ms,0.2255,
frame_ms,0.2068,
frame_ms,0.2507,
frame_ms,0.2277,
frame_ms,0.2166,
tick_us,1788.1,2309
frame_ms,3.8772,
frame_ms,0.2597,
frame_ms,0.2251,
frame_ms,0.2196,
frame_ms,0.2132,
frame_ms,0.2664,
frame_ms,0.5559,
frame_ms,0.385,
frame_ms,0.2494,
frame_ms,0.2178,
frame_ms,0.2704,
frame_ms,0.2252,
tick_us,1866.3,2317
frame_ms,3.9004,
frame_ms,0.2553,
frame_ms,0.2176,
frame_ms,0.2164,
frame_ms,0.2138,
frame_ms,0.268,
frame_ms,0.2699,
frame_ms,0.2285,
frame_ms,0.2189,
frame_ms,0.2097,
frame_ms,0.2232,
frame_ms,0.2139,
frame_ms,0.2057,
frame_ms,0.2963,
tick_us,1802.9,2300
frame_ms,3.8353,
frame_ms,0.2518,
frame_ms,0.2286,
frame_ms,0.2232,
frame_ms,0.2123,
frame_ms,0.2399,
frame_ms,0.2261,
frame_ms,0.2143,
frame_ms,0.2413,
frame_ms,0.2231,
frame_ms,0.2098,
frame_ms,0.2557,
frame_ms,0.2234,
frame_ms,0.2104,
frame_ms,0.3586,
tick_us,1824.1,2298
frame_ms,3.9124,
frame_ms,0.2667,
frame_ms,0.225,
frame_ms,0.2161,
frame_ms,0.2105,
frame_ms,0.2702,
frame_ms,0.2603,
frame_ms,0.2319,
frame_ms,0.218,
frame_ms,0.2075,
frame_ms,0.2329,
frame_ms,0.2264,
frame_ms,0.2127,
frame_ms,0.2264,
tick_us,1778.1,2294
frame_ms,3.8028,
frame_ms,0.2647,
frame_ms,0.2248,
frame_ms,0.218,
frame_ms,0.2187,
frame_ms,0.2092,
frame_ms,0.2327,
frame_ms,0.2161,
frame_ms,0.2081,
frame_ms,0.2577,
frame_ms,0.2185,
frame_ms,0.2082,
frame_ms,0.2376,
frame_ms,0.2163,
tick_us,1801.5,2293
frame_ms,3.8662,
frame_ms,0.2652,
frame_ms,0.2252,
frame_ms,0.214,
frame_ms,0.2084,
frame_ms,0.2407,
frame_ms,0.2159,
frame_ms,0.2094,
frame_ms,0.244,
frame_ms,0.2206,
frame_ms,0.214,
frame_ms,0.2276,
frame_ms,0.2412,
frame_ms,0.2201,
frame_ms,0.2122,
tick_us,1856.6,2272
frame_ms,3.917,
frame_ms,0.2687,
frame_ms,0.2223,
frame_ms,0.2125,
frame_ms,0.213,
frame_ms,0.2396,
frame_ms,0.2218,
frame_ms,0.2181,
frame_ms,0.2284,
frame_ms,0.2272,
frame_ms,0.2158,
frame_ms,0.2181,
frame_ms,0.2198,
frame_ms,0.2412,
tick_us,1829,2247
frame_ms,4.0854,
frame_ms,0.4147,
frame_ms,0.2358,
frame_ms,0.2225,
frame_ms,0.2186,
frame_ms,0.2149,
frame_ms,0.2206,
frame_ms,0.3,
frame_ms,0.2301,
frame_ms,0.2189,
frame_ms,0.2087,
frame_ms,0.2063,
frame_ms,0.2828,
tick_us,1842.9,2226
frame_ms,3.9,
frame_ms,0.2503,
frame_ms,0.2182,
frame_ms,0.3147,
frame_ms,0.3495,
frame_ms,0.3553,
frame_ms,0.249,
frame_ms,0.2165,
frame_ms,0.2236,
frame_ms,0.2429,
frame_ms,0.218,
frame_ms,0.2123,
frame_ms,0.2499,
tick_us,1817.1,2215
frame_ms,3.9058,
frame_ms,0.2584,
frame_ms,0.2211,
frame_ms,0.2164,
frame_ms,0.2442,
frame_ms,0.2108,
frame_ms,0.7965,
frame_ms,0.5077,
frame_ms,0.3058,
tick_us,1961.1,2220
frame_ms,4.1832,
frame_ms,0.2972,
frame_ms,0.2359,
frame_ms,0.2366,
frame_ms,0.2187,
frame_ms,0.215,
frame_ms,0.2092,
frame_ms,0.2659,
frame_ms,0.2289,
frame_ms,0.2114,
frame_ms,0.2146,
frame_ms,0.2296,
frame_ms,0.2171,
frame_ms,0.216,
tick_us,1845.2,2216
frame_ms,3.9675,
frame_ms,0.2574,
frame_ms,0.2282,
frame_ms,0.2238,
frame_ms,0.2117,
frame_ms,0.2075,
frame_ms,0.2715,
frame_ms,0.2247,
frame_ms,0.2113,
frame_ms,0.2357,
frame_ms,0.2113,
frame_ms,0.205,
frame_ms,0.7975,
tick_us,1941.8,2211
frame_ms,4.1669,
frame_ms,0.2619,
frame_ms,0.217,
frame_ms,0.2183,
frame_ms,0.2116,
frame_ms,0.2249,
frame_ms,0.212,
frame_ms,0.2718,
frame_ms,0.2308,
frame_ms,0.2169,
frame_ms,0.2082,
frame_ms,0.2416,
tick_us,1856,2223
frame_ms,3.9213,
frame_ms,0.2567,
frame_ms,0.247,
frame_ms,0.2154,
frame_ms,0.2083,
frame_ms,0.2074,
frame_ms,0.2597,
frame_ms,0.2241,
frame_ms,0.2116,
frame_ms,0.247,
frame_ms,0.2158,
frame_ms,0.2101,
frame_ms,0.2457,
frame_ms,0.22,
tick_us,1847.6,2233
frame_ms,3.8591,
frame_ms,0.2562,
frame_ms,0.2145,
frame_ms,0.216,
frame_ms,0.2097,
frame_ms,0.2635,
frame_ms,0.2242,
frame_ms,0.2128,
frame_ms,0.2615,
frame_ms,0.2241,
frame_ms,0.2124,
frame_ms,0.2241,
frame_ms,0.2311,
frame_ms,0.2056,
frame_ms,0.2053,
tick_us,1900.7,2263
frame_ms,4.0355,
frame_ms,0.2731,
frame_ms,0.2443,
frame_ms,0.2205,
frame_ms,0.2129,
frame_ms,0.2138,
frame_ms,0.3704,
frame_ms,0.3795,
frame_ms,0.3223,
frame_ms,0.2239,
frame_ms,0.2228,
frame_ms,0.2331,
tick_us,1891.8,2269
frame_ms,4.0427,
frame_ms,0.347,
frame_ms,0.3819,
frame_ms,0.2508,
frame_ms,0.2202,
frame_ms,0.2234,
frame_ms,0.2089,
frame_ms,0.2084,
frame_ms,0.2444,
frame_ms,0.2152,
frame_ms,0.2206,
frame_ms,0.2204,
tick_us,1825.4,2254
frame_ms,3.9179,
frame_ms,0.265,
frame_ms,0.2432,
frame_ms,0.2175,
frame_ms,0.2167,
frame_ms,0.2578,
frame_ms,0.2231,
frame_ms,0.2167,
frame_ms,0.2106,
frame_ms,0.2457,
frame_ms,0.2184,
frame_ms,0.2137,
frame_ms,0.2103,
frame_ms,0.2457,
tick_us,1879.3,2249
frame_ms,3.9475,
frame_ms,0.2604,
frame_ms,0.2975,
frame_ms,0.2429,
frame_ms,0.2283,
frame_ms,0.2282,
frame_ms,0.212,
frame_ms,0.2111,
frame_ms,0.2416,
frame_ms,0.2709,
frame_ms,0.2313,
frame_ms,0.214,
frame_ms,0.2091,
frame_ms,0.2378,
tick_us,1856.5,2236
frame_ms,3.9553,
frame_ms,0.2638,
frame_ms,0.2175,
frame_ms,0.2287,
frame_ms,0.2152,
frame_ms,0.2077,
frame_ms,0.256,
frame_ms,0.2233,
frame_ms,0.2091,
frame_ms,0.4141,
frame_ms,0.3658,
frame_ms,0.389,
tick_us,1935.9,2238
frame_ms,4.1675,
frame_ms,0.3012,
frame_ms,0.2353,
frame_ms,0.2814,
frame_ms,0.2247,
frame_ms,0.2164,
frame_ms,0.2271,
frame_ms,0.2462,
frame_ms,0.4513,
frame_ms,0.2417,
frame_ms,0.2145,
frame_ms,0.2181,
tick_us,1885.8,2241
frame_ms,3.9256,
frame_ms,0.2628,
frame_ms,0.2265,
frame_ms,0.2262,
frame_ms,0.2213,
frame_ms,0.2148,
frame_ms,0.239,
frame_ms,0.2301,
frame_ms,0.2192,
frame_ms,0.2075,
frame_ms,0.2755,
frame_ms,0.2723,
frame_ms,0.233,
frame_ms,0.2235,
tick_us,1873.5,2255
frame_ms,3.9368,
frame_ms,0.2752,
frame_ms,0.2265,
frame_ms,0.2204,
frame_ms,0.2192,
frame_ms,0.2078,
frame_ms,0.2632,
frame_ms,0.2269,
frame_ms,0.2088,
frame_ms,0.2315,
frame_ms,0.2108,
frame_ms,0.2199,
frame_ms,0.2371,
frame_ms,0.2272,
tick_us,1882.4,2251
frame_ms,4.0643,
frame_ms,0.3127,
frame_ms,0.2386,
frame_ms,0.2385,
frame_ms,0.2187,
frame_ms,0.2097,
frame_ms,0.2086,
frame_ms,0.2638,
frame_ms,0.2438,
frame_ms,0.2132,
frame_ms,0.2056,
frame_ms,0.2563,
frame_ms,0.2264,
tick_us,1839.1,2269
frame_ms,3.8799,
frame_ms,0.2706,
frame_ms,0.2217,
frame_ms,0.2129,
frame_ms,0.2082,
frame_ms,0.258,
frame_ms,0.2304,
frame_ms,0.2168,
frame_ms,0.2391,
frame_ms,0.2278,
frame_ms,0.2148,
frame_ms,0.2573,
frame_ms,0.2292,
frame_ms,0.2065,
tick_us,1832,2271
frame_ms,3.9295,
frame_ms,0.2734,
frame_ms,0.2223,
frame_ms,0.2131,
frame_ms,0.2077,
frame_ms,0.2556,
frame_ms,0.2247,
frame_ms,0.2136,
frame_ms,0.2691,
frame_ms,0.2243,
frame_ms,0.212,
frame_ms,0.2425,
frame_ms,0.218,
frame_ms,0.217,
tick_us,1841.5,2265
frame_ms,3.9152,
frame_ms,0.2983,
frame_ms,0.2252,
frame_ms,0.2345,
frame_ms,0.2123,
frame_ms,0.2694,
frame_ms,0.229,
frame_ms,0.2069,
frame_ms,0.2252,
frame_ms,0.2228,
frame_ms,0.2564,
frame_ms,0.2252,
frame_ms,0.2078,
frame_ms,0.2257,
tick_us,1817.1,2282
frame_ms,3.8904,
frame_ms,0.2686,
frame_ms,0.2238,
frame_ms,0.2155,
frame_ms,0.2135,
frame_ms,0.7331,
frame_ms,0.3594,
frame_ms,0.341,
frame_ms,0.4015,
frame_ms,0.3254,
tick_us,1856.3,2280
frame_ms,3.9453,
frame_ms,0.2594,
frame_ms,0.2216,
frame_ms,0.2236,
frame_ms,0.2116,
frame_ms,0.2137,
frame_ms,0.2401,
frame_ms,0.2262,
frame_ms,0.2113,
frame_ms,0.2096,
frame_ms,0.2399,
frame_ms,0.2215,
frame_ms,0.2152,
frame_ms,0.2444,
tick_us,1906.3,2270
frame_ms,3.9731,
frame_ms,0.3416,
frame_ms,0.2528,
frame_ms,0.2364,
frame_ms,0.2241,
frame_ms,0.2261,
frame_ms,0.2136,
frame_ms,0.2456,
frame_ms,0.2338,
frame_ms,0.3195,
frame_ms,0.3307,
frame_ms,0.2538,
frame_ms,0.224,
tick_us,1902.1,2264
frame_ms,3.9482,
frame_ms,0.3267,
frame_ms,0.3392,
frame_ms,0.5006,
frame_ms,0.2749,
frame_ms,0.2356,
frame_ms,0.5516,
frame_ms,0.2443,
frame_ms,0.2235,
frame_ms,0.2483,
tick_us,1839.1,2277
frame_ms,3.9199,
frame_ms,0.3037,
frame_ms,0.2335,
frame_ms,0.2473,
frame_ms,0.2274,
frame_ms,0.2243,
frame_ms,0.2173,
frame_ms,0.2136,
frame_ms,0.241,
frame_ms,0.2249,
frame_ms,0.2177,
frame_ms,0.21,
frame_ms,0.2387,
frame_ms,0.2662,
tick_us,1991.2,2282
frame_ms,4.0683,
frame_ms,0.3256,
frame_ms,0.277,
frame_ms,0.2276,
frame_ms,0.2269,
frame_ms,0.233,
frame_ms,0.2263,
frame_ms,0.22,
frame_ms,0.2504,
frame_ms,0.2321,
frame_ms,0.2231,
frame_ms,0.2142,
frame_ms,0.2285,
tick_us,1883.3,2282
frame_ms,3.9966,
frame_ms,0.2777,
frame_ms,0.2264,
frame_ms,0.3394,
frame_ms,0.2453,
frame_ms,0.2217,
frame_ms,0.221,
frame_ms,0.2166,
frame_ms,0.2367,
frame_ms,0.2354,
frame_ms,0.218,
frame_ms,0.2065,
frame_ms,0.2324,
tick_us,1854.7,2272
frame_ms,4.0679,
frame_ms,0.2748,
frame_ms,0.2232,
frame_ms,0.2455,
frame_ms,0.2382,
frame_ms,0.2142,
frame_ms,0.2114,
frame_ms,0.2434,
frame_ms,0.2318,
frame_ms,0.2177,
frame_ms,0.2146,
frame_ms,0.2419,
frame_ms,0.2174,
frame_ms,0.2434,
tick_us,1884.4,2266
frame_ms,4.0097,
frame_ms,0.2597,
frame_ms,0.2186,
frame_ms,0.2287,
frame_ms,0.2215,
frame_ms,0.2129,
frame_ms,0.2298,
frame_ms,0.2289,
frame_ms,0.2145,
frame_ms,0.213,
frame_ms,0.2438,
frame_ms,0.2282,
frame_ms,0.2103,
frame_ms,0.2086,
tick_us,1935.6,2270
frame_ms,4.1323,
frame_ms,0.3503,
frame_ms,0.4791,
frame_ms,0.2749,
frame_ms,0.2385,
frame_ms,0.2228,
frame_ms,0.22,
frame_ms,0.2181,
frame_ms,0.2132,
frame_ms,0.2353,
frame_ms,0.2262,
tick_us,1905.2,2257
frame_ms,3.992,
frame_ms,0.2579,
frame_ms,0.2185,
frame_ms,0.2152,
frame_ms,0.2165,
frame_ms,0.2694,
frame_ms,0.3289,
frame_ms,0.258,
frame_ms,0.2332,
frame_ms,0.2263,
frame_ms,0.2233,
frame_ms,0.2903,
frame_ms,0.2541,
tick_us,1911.5,2254
frame_ms,4.0373,
frame_ms,0.2905,
frame_ms,0.2383,
frame_ms,0.4708,
frame_ms,0.3797,
frame_ms,0.2544,
frame_ms,0.2368,
frame_ms,0.2275,
frame_ms,0.2207,
frame_ms,0.2246,
frame_ms,0.2337,
frame_ms,0.2299,
tick_us,1862.3,2246
frame_ms,3.9595,
frame_ms,0.2696,
frame_ms,0.2278,
frame_ms,0.2284,
frame_ms,0.2212,
frame_ms,0.2215,
frame_ms,0.2387,
frame_ms,0.2432,
frame_ms,0.2302,
frame_ms,0.2173,
frame_ms,0.236,
frame_ms,0.221,
frame_ms,0.2274,
frame_ms,0.2193,
tick_us,1852.6,2265
frame_ms,3.9217,
frame_ms,0.2508,
frame_ms,0.237,
frame_ms,0.2296,
frame_ms,0.2443,
frame_ms,0.379,
frame_ms,0.372,
frame_ms,0.2585,
frame_ms,0.2235,
frame_ms,0.2209,
frame_ms,0.2166,
frame_ms,0.6793,
tick_us,1822.8,2274
frame_ms,4.0457,
frame_ms,0.2596,
frame_ms,0.2253,
frame_ms,0.2196,
frame_ms,0.2345,
frame_ms,0.2191,
frame_ms,0.2725,
frame_ms,0.2349,
frame_ms,0.216,
frame_ms,0.2371,
frame_ms,0.207,
frame_ms,0.2159,
tick_us,1849.4,2280
frame_ms,3.8999,
frame_ms,0.2697,
frame_ms,0.224,
frame_ms,0.2338,
frame_ms,0.225,
frame_ms,0.2394,
frame_ms,0.2307,
frame_ms,0.2375,
frame_ms,0.2162,
frame_ms,0.2703,
frame_ms,0.2315,
frame_ms,0.213,
frame_ms,0.265,
frame_ms,0.2348,
tick_us,1804.5,2293
frame_ms,3.9062,
frame_ms,0.2659,
frame_ms,0.221,
frame_ms,0.2141,
frame_ms,0.2162,
frame_ms,0.2511,
frame_ms,0.2676,
frame_ms,0.2666,
frame_ms,0.2288,
frame_ms,0.2266,
frame_ms,0.2133,
frame_ms,0.2106,
frame_ms,0.2416,
tick_us,1834.8,2304
frame_ms,3.9362,
frame_ms,0.278,
frame_ms,0.2265,
frame_ms,0.2318,
frame_ms,0.2271,
frame_ms,0.2247,
frame_ms,0.2237,
frame_ms,0.2404,
frame_ms,0.2268,
frame_ms,0.2121,
frame_ms,0.2394,
frame_ms,0.249,
frame_ms,0.2234,
frame_ms,0.2171,
tick_us,1797.7,2271
frame_ms,3.9523,
frame_ms,0.2978,
frame_ms,0.2392,
frame_ms,0.2237,
frame_ms,0.2183,
frame_ms,0.2152,
frame_ms,0.3209,
frame_ms,0.2473,
frame_ms,0.2301,
frame_ms,0.2223,
frame_ms,0.2164,
frame_ms,0.2134,
frame_ms,0.2301,
frame_ms,0.2244,
tick_us,1872,2268
frame_ms,3.9315,
frame_ms,0.2625,
frame_ms,0.2225,
frame_ms,0.2725,
frame_ms,0.2248,
frame_ms,0.2131,
frame_ms,0.226,
frame_ms,0.2099,
frame_ms,0.29,
frame_ms,0.305,
frame_ms,0.2646,
frame_ms,0.2331,
frame_ms,0.2327,
tick_us,1845.4,2264
frame_ms,3.9119,
frame_ms,0.2657,
frame_ms,0.2346,
frame_ms,0.2261,
frame_ms,0.2851,
frame_ms,0.2626,
frame_ms,0.2316,
frame_ms,0.2216,
frame_ms,0.2314,
frame_ms,0.2317,
frame_ms,0.2233,
frame_ms,0.2201,
frame_ms,0.2373,
frame_ms,0.2252,
tick_us,1855.2,2267
frame_ms,3.9223,
frame_ms,0.2602,
frame_ms,0.2221,
frame_ms,0.2142,
frame_ms,0.2392,
frame_ms,0.2249,
frame_ms,0.2262,
frame_ms,0.222,
frame_ms,0.2614,
frame_ms,0.2262,
frame_ms,0.2128,
frame_ms,0.2245,
frame_ms,0.2208,
frame_ms,0.2675,
tick_us,1856.3,2257
frame_ms,3.9425,
frame_ms,0.2492,
frame_ms,0.2171,
frame_ms,0.2148,
frame_ms,0.208,
frame_ms,0.2546,
frame_ms,0.228,
frame_ms,0.213,
frame_ms,0.2255,
frame_ms,0.2387,
frame_ms,0.2091,
frame_ms,0.2105,
frame_ms,0.5141,
tick_us,1864.4,2254
frame_ms,3.9345,
frame_ms,0.2567,
frame_ms,0.2235,
frame_ms,0.2162,
frame_ms,0.208,
frame_ms,0.2424,
frame_ms,0.2274,
frame_ms,0.2128,
frame_ms,0.2239,
frame_ms,0.212,
frame_ms,0.2718,
frame_ms,0.2257,
frame_ms,0.2115,
frame_ms,0.2518,
tick_us,1872.5,2252
frame_ms,3.9086,
frame_ms,0.2668,
frame_ms,0.2235,
frame_ms,0.2169,
frame_ms,0.2217,
frame_ms,0.2626,
frame_ms,0.2285,
frame_ms,0.2314,
frame_ms,0.2123,
frame_ms,0.2356,
frame_ms,0.2149,
frame_ms,0.2085,
frame_ms,0.2653,
frame_ms,0.228,
tick_us,1856,2260
frame_ms,4.115,
frame_ms,0.3141,
frame_ms,0.2393,
frame_ms,0.2329,
frame_ms,0.2189,
frame_ms,0.218,
frame_ms,0.2105,
frame_ms,0.2406,
frame_ms,0.2239,
frame_ms,0.2156,
frame_ms,0.2282,
frame_ms,0.2139,
frame_ms,0.2758,
tick_us,1823.5,2257
frame_ms,3.8876,
frame_ms,0.2718,
frame_ms,0.2378,
frame_ms,0.232,
frame_ms,0.2309,
frame_ms,0.2144,
frame_ms,0.269,
frame_ms,0.2699,
frame_ms,0.2483,
frame_ms,0.2246,
frame_ms,0.2162,
frame_ms,0.2125,
frame_ms,0.266,
frame_ms,0.2302,
tick_us,1804.8,2258
frame_ms,3.8198,
frame_ms,0.2539,
frame_ms,0.2196,
frame_ms,0.2225,
frame_ms,0.2154,
frame_ms,0.2641,
frame_ms,0.2314,
frame_ms,0.2114,
frame_ms,0.2404,
frame_ms,0.2221,
frame_ms,0.2121,
frame_ms,0.226,
frame_ms,0.2386,
frame_ms,0.2212,
frame_ms,0.2153,
tick_us,1805.7,2269
frame_ms,3.8297,
frame_ms,0.2539,
frame_ms,0.2174,
frame_ms,0.2191,
frame_ms,0.21,
frame_ms,0.2273,
frame_ms,0.2732,
frame_ms,0.2288,
frame_ms,0.2111,
frame_ms,0.2229,
frame_ms,0.2338,
frame_ms,0.2198,
frame_ms,0.2106,
frame_ms,0.2497,
tick_us,1789.3,2288
frame_ms,3.8705,
frame_ms,0.7326,
frame_ms,0.7419,
frame_ms,0.2654,
frame_ms,0.2181,
frame_ms,0.23,
frame_ms,0.2186,
frame_ms,0.2167,
frame_ms,0.2086,
frame_ms,0.2628,
tick_us,1808.8,2293
frame_ms,3.8198,
frame_ms,0.2564,
frame_ms,0.2183,
frame_ms,0.2181,
frame_ms,0.2112,
frame_ms,0.2415,
frame_ms,0.22,
frame_ms,0.2121,
frame_ms,0.2666,
frame_ms,0.2214,
frame_ms,0.2107,
frame_ms,0.2077,
frame_ms,0.2541,
frame_ms,0.2229,
frame_ms,0.2126,
tick_us,1798.4,2301
frame_ms,3.8104,
frame_ms,0.2473,
frame_ms,0.2189,
frame_ms,0.2113,
frame_ms,0.2082,
frame_ms,0.2658,
frame_ms,0.2288,
frame_ms,0.2112,
frame_ms,0.7637,
frame_ms,0.7495,
tick_us,1808,2312
frame_ms,3.8145,
frame_ms,0.2568,
frame_ms,0.4481,
frame_ms,0.4288,
frame_ms,0.3031,
frame_ms,0.3026,
frame_ms,0.2773,
frame_ms,0.2379,
frame_ms,0.2267,
frame_ms,0.2242,
frame_ms,0.2204,
frame_ms,0.217,
tick_us,1781.8,2313
frame_ms,3.7843,
frame_ms,0.285,
frame_ms,0.2303,
frame_ms,0.3194,
frame_ms,0.2272,
frame_ms,0.2216,
frame_ms,0.2164,
frame_ms,0.2218,
frame_ms,0.2643,
frame_ms,0.2381,
frame_ms,0.2123,
frame_ms,0.2274,
frame_ms,0.2327,
frame_ms,0.2157,
tick_us,1826.1,2331
frame_ms,3.8107,
frame_ms,0.2555,
frame_ms,0.2178,
frame_ms,0.2168,
frame_ms,0.26,
frame_ms,0.3264,
frame_ms,0.3092,
frame_ms,0.2365,
frame_ms,0.2225,
frame_ms,0.2149,
frame_ms,0.2179,
frame_ms,0.2524,
frame_ms,0.2616,
frame_ms,0.2314,
tick_us,1771,2319
frame_ms,3.7367,
frame_ms,0.2576,
frame_ms,0.2288,
frame_ms,0.2274,
frame_ms,0.2566,
frame_ms,0.4041,
frame_ms,0.4465,
frame_ms,0.3146,
frame_ms,0.2257,
frame_ms,0.2205,
frame_ms,0.2145,
frame_ms,0.2109,
frame_ms,0.2481,
tick_us,1764.2,2322
frame_ms,3.798,
frame_ms,0.2776,
frame_ms,0.2341,
frame_ms,0.2256,
frame_ms,0.2418,
frame_ms,0.4635,
frame_ms,0.3128,
frame_ms,0.2711,
frame_ms,0.2307,
frame_ms,0.2213,
frame_ms,0.2112,
frame_ms,0.2078,
frame_ms,0.2414,
tick_us,1732.4,2355
frame_ms,3.7352,
frame_ms,0.2616,
frame_ms,0.2249,
frame_ms,0.2273,
frame_ms,0.2151,
frame_ms,0.2122,
frame_ms,0.2396,
frame_ms,0.3265,
frame_ms,0.5247,
frame_ms,0.2888,
frame_ms,0.3008,
frame_ms,0.2681,
tick_us,1787.1,2353
frame_ms,3.7567,
frame_ms,0.2809,
frame_ms,0.2264,
frame_ms,0.2313,
frame_ms,0.2357,
frame_ms,0.3046,
frame_ms,0.2321,
frame_ms,0.2148,
frame_ms,0.2408,
frame_ms,0.2774,
frame_ms,0.3447,
frame_ms,0.2649,
frame_ms,0.2195,
frame_ms,0.2184,
tick_us,1708,2339
frame_ms,3.6363,
frame_ms,0.2534,
frame_ms,0.2219,
frame_ms,0.215,
frame_ms,0.2125,
frame_ms,0.21,
frame_ms,0.2475,
frame_ms,0.2215,
frame_ms,0.2162,
frame_ms,0.2134,
frame_ms,0.6113,
frame_ms,0.2744,
frame_ms,0.2354,
frame_ms,0.2169,
tick_us,1739.4,2331
frame_ms,3.7093,
frame_ms,0.2542,
frame_ms,0.2241,
frame_ms,0.2153,
frame_ms,0.21,
frame_ms,0.2546,
frame_ms,0.2661,
frame_ms,0.2496,
frame_ms,0.2145,
frame_ms,0.2216,
frame_ms,0.2276,
frame_ms,0.2172,
frame_ms,0.7185,
tick_us,1771.3,2349
frame_ms,4.0217,
frame_ms,0.2915,
frame_ms,0.2327,
frame_ms,0.2231,
frame_ms,0.2186,
frame_ms,0.2109,
frame_ms,0.2432,
frame_ms,0.2269,
frame_ms,0.2195,
frame_ms,0.2152,
frame_ms,0.2492,
frame_ms,0.3882,
tick_us,1741.9,2353
frame_ms,3.7464,
frame_ms,0.2794,
frame_ms,0.2278,
frame_ms,0.2224,
frame_ms,0.2208,
frame_ms,0.2111,
frame_ms,0.2242,
frame_ms,0.2515,
frame_ms,0.2334,
frame_ms,0.2525,
frame_ms,0.2225,
frame_ms,0.4054,
frame_ms,0.4463,
tick_us,1740.4,2368
frame_ms,3.7167,
frame_ms,0.2563,
frame_ms,0.2163,
frame_ms,0.2244,
frame_ms,0.2304,
frame_ms,0.2436,
frame_ms,0.2737,
frame_ms,0.235,
frame_ms,0.2231,
frame_ms,0.2186,
frame_ms,0.222,
frame_ms,0.2103,
frame_ms,0.2377,
frame_ms,0.2239,
frame_ms,0.2095,
tick_us,1907,2362
frame_ms,3.9252,
frame_ms,0.2798,
frame_ms,0.2334,
frame_ms,0.2401,
frame_ms,0.2244,
frame_ms,0.2151,
frame_ms,0.2147,
frame_ms,0.2586,
frame_ms,0.2624,
frame_ms,0.2301,
frame_ms,0.2177,
frame_ms,0.2195,
frame_ms,0.2283,
frame_ms,0.2342,
tick_us,1742,2370
frame_ms,3.8478,
frame_ms,0.3869,
frame_ms,0.2442,
frame_ms,0.2276,
frame_ms,0.2198,
frame_ms,0.2189,
frame_ms,0.2286,
frame_ms,0.2206,
frame_ms,0.2627,
frame_ms,0.23,
frame_ms,0.2193,
frame_ms,0.2859,
frame_ms,0.2453,
frame_ms,0.2221,
tick_us,1971.5,2365
frame_ms,4.0434,
frame_ms,0.3128,
frame_ms,0.2327,
frame_ms,0.2306,
frame_ms,0.229,
frame_ms,0.2131,
frame_ms,0.2101,
frame_ms,0.2437,
frame_ms,0.213,
frame_ms,0.2069,
frame_ms,0.2378,
frame_ms,0.2118,
frame_ms,0.235,
tick_us,1788.2,2353
frame_ms,3.747,
frame_ms,0.249,
frame_ms,0.2238,
frame_ms,0.2272,
frame_ms,0.2331,
frame_ms,0.2268,
frame_ms,0.2331,
frame_ms,0.2168,
frame_ms,0.2072,
frame_ms,0.2507,
frame_ms,0.2112,
frame_ms,0.2165,
frame_ms,0.2236,
frame_ms,0.2292,
frame_ms,0.2297,
tick_us,1802.3,2353
frame_ms,3.8859,
frame_ms,0.2868,
frame_ms,0.2245,
frame_ms,0.2235,
frame_ms,0.2232,
frame_ms,0.2099,
frame_ms,0.2756,
frame_ms,0.2825,
frame_ms,0.2421,
frame_ms,0.2302,
frame_ms,0.2291,
frame_ms,0.22,
frame_ms,0.2389,
frame_ms,0.2225,
tick_us,1787.6,2351
frame_ms,3.7723,
frame_ms,0.2589,
frame_ms,0.2333,
frame_ms,0.2322,
frame_ms,0.2193,
frame_ms,0.2178,
frame_ms,0.2147,
frame_ms,0.2472,
frame_ms,0.2261,
frame_ms,0.2118,
frame_ms,0.2085,
frame_ms,0.2436,
frame_ms,0.2378,
frame_ms,0.2168,
frame_ms,0.2139,
tick_us,1764.2,2325
frame_ms,3.709,
frame_ms,0.2566,
frame_ms,0.2223,
frame_ms,0.2266,
frame_ms,0.2169,
frame_ms,0.211,
frame_ms,0.2371,
frame_ms,0.222,
frame_ms,0.2149,
frame_ms,0.2087,
frame_ms,0.2475,
frame_ms,0.2202,
frame_ms,0.2146,
frame_ms,0.2243,
frame_ms,0.2333,
tick_us,1709,2348
frame_ms,3.5919,
frame_ms,0.2665,
frame_ms,0.2193,
frame_ms,0.2183,
frame_ms,0.2097,
frame_ms,0.2582,
frame_ms,0.2294,
frame_ms,0.2096,
frame_ms,0.2092,
frame_ms,0.2746,
frame_ms,0.2225,
frame_ms,0.2112,
frame_ms,0.2088,
frame_ms,0.2522,
frame_ms,0.2268,
frame_ms,0.2061,
tick_us,1775.2,2344
frame_ms,3.7408,
frame_ms,0.2886,
frame_ms,0.2285,
frame_ms,0.2272,
frame_ms,0.219,
frame_ms,0.2139,
frame_ms,0.2411,
frame_ms,0.2408,
frame_ms,0.2248,
frame_ms,0.2127,
frame_ms,0.2534,
frame_ms,0.226,
frame_ms,0.211,
frame_ms,0.2072,
frame_ms,0.2337,
tick_us,1725,2342
frame_ms,3.6208,
frame_ms,0.2508,
frame_ms,0.2231,
frame_ms,0.2198,
frame_ms,0.2109,
frame_ms,0.2507,
frame_ms,0.2271,
frame_ms,0.2103,
frame_ms,0.2221,
frame_ms,0.2309,
frame_ms,0.2181,
frame_ms,0.2104,
frame_ms,0.2349,
frame_ms,0.2213,
frame_ms,0.2111,
frame_ms,0.2488,
tick_us,1699.3,2323
frame_ms,3.6228,
frame_ms,0.3367,
frame_ms,0.2411,
frame_ms,0.2175,
frame_ms,0.2155,
frame_ms,0.2095,
frame_ms,0.2444,
frame_ms,0.2214,
frame_ms,0.2171,
frame_ms,0.2332,
frame_ms,0.2133,
frame_ms,0.2083,
frame_ms,0.2548,
frame_ms,0.2256,
frame_ms,0.2124,
tick_us,1694.1,2317
frame_ms,3.5692,
frame_ms,0.247,
frame_ms,0.218,
frame_ms,0.2194,
frame_ms,0.2163,
frame_ms,0.2136,
frame_ms,0.2592,
frame_ms,0.2287,
frame_ms,0.209,
frame_ms,0.2232,
frame_ms,0.2385,
frame_ms,0.2173,
frame_ms,0.2109,
frame_ms,0.2313,
frame_ms,0.2179,
frame_ms,0.2164,
tick_us,1673.9,2312
frame_ms,3.6064,
frame_ms,0.2574,
frame_ms,0.2369,
frame_ms,0.2212,
frame_ms,0.2118,
frame_ms,0.2857,
frame_ms,0.2658,
frame_ms,0.2351,
frame_ms,0.2349,
frame_ms,0.2292,
frame_ms,0.219,
frame_ms,0.2398,
frame_ms,0.2507,
frame_ms,0.2183,
frame_ms,0.2155,
tick_us,1696.8,2264
frame_ms,3.6187,
frame_ms,0.3815,
frame_ms,0.3629,
frame_ms,0.2698,
frame_ms,0.2103,
frame_ms,0.2132,
frame_ms,0.2106,
frame_ms,0.2094,
frame_ms,0.2533,
frame_ms,0.2217,
frame_ms,0.2176,
frame_ms,0.2388,
frame_ms,0.2165,
frame_ms,0.2076,
frame_ms,0.233,
tick_us,1693.8,2255
frame_ms,3.6011,
frame_ms,0.3332,
frame_ms,0.3007,
frame_ms,0.3294,
frame_ms,0.2673,
frame_ms,0.2428,
frame_ms,0.2564,
frame_ms,0.2425,
frame_ms,0.2439,
frame_ms,0.3188,
frame_ms,0.4273,
frame_ms,0.2859,
tick_us,1702.8,2248
frame_ms,3.8002,
frame_ms,0.4263,
frame_ms,0.2357,
frame_ms,0.3462,
frame_ms,0.2396,
frame_ms,0.2268,
frame_ms,0.2237,
frame_ms,0.2188,
frame_ms,0.2083,
frame_ms,0.2658,
frame_ms,0.2233,
frame_ms,0.2136,
frame_ms,0.2258,
tick_us,1721.4,2248
frame_ms,3.6572,
frame_ms,0.3568,
frame_ms,0.4196,
frame_ms,0.2642,
frame_ms,0.2169,
frame_ms,0.2199,
frame_ms,0.2221,
frame_ms,0.2199,
frame_ms,0.2056,
frame_ms,0.2525,
frame_ms,0.2216,
frame_ms,0.215,
frame_ms,0.2487,
frame_ms,0.2107,
tick_us,1770.6,2235
frame_ms,3.7894,
frame_ms,0.3496,
frame_ms,0.4527,
frame_ms,0.2353,
frame_ms,0.2148,
frame_ms,0.2164,
frame_ms,0.2425,
frame_ms,0.2171,
frame_ms,0.251,
frame_ms,0.2265,
frame_ms,0.2302,
frame_ms,0.2113,
frame_ms,0.4639,
tick_us,1806.2,2249
frame_ms,3.8816,
frame_ms,0.3218,
frame_ms,0.507,
frame_ms,0.2826,
frame_ms,0.3152,
frame_ms,0.2279,
frame_ms,0.2283,
frame_ms,0.2166,
frame_ms,0.2203,
frame_ms,0.2537,
frame_ms,0.249,
frame_ms,0.2312,
tick_us,1763.6,2259
frame_ms,3.7179,
frame_ms,0.2694,
frame_ms,0.2275,
frame_ms,0.2527,
frame_ms,0.4895,
frame_ms,0.245,
frame_ms,0.225,
frame_ms,0.2248,
frame_ms,0.2266,
frame_ms,0.2336,
frame_ms,0.2236,
frame_ms,0.2505,
frame_ms,0.2306,
tick_us,1765,2275
frame_ms,3.7785,
frame_ms,0.2725,
frame_ms,0.2266,
frame_ms,0.2235,
frame_ms,0.2174,
frame_ms,0.2156,
frame_ms,0.4,
frame_ms,0.4815,
frame_ms,0.3512,
frame_ms,0.2839,
frame_ms,0.2385,
frame_ms,0.218,
frame_ms,0.2201,
tick_us,1765,2281
frame_ms,3.822,
frame_ms,0.5865,
frame_ms,0.2836,
frame_ms,0.231,
frame_ms,0.2583,
frame_ms,0.3369,
frame_ms,0.3266,
frame_ms,0.3605,
frame_ms,0.3501,
frame_ms,0.2857,
tick_us,1750.1,2293
frame_ms,3.7666,
frame_ms,0.2548,
frame_ms,0.222,
frame_ms,0.2258,
frame_ms,0.2166,
frame_ms,0.2561,
frame_ms,0.2398,
frame_ms,0.5096,
frame_ms,0.3235,
frame_ms,0.2836,
frame_ms,0.2555,
frame_ms,0.2179,
frame_ms,0.2222,
tick_us,1831.7,2285
frame_ms,3.8163,
frame_ms,0.271,
frame_ms,0.228,
frame_ms,0.2245,
frame_ms,0.2162,
frame_ms,0.222,
frame_ms,0.2971,
frame_ms,0.4883,
frame_ms,0.5083,
frame_ms,0.3303,
frame_ms,0.2845,
tick_us,2033.7,2285
frame_ms,4.0866,
frame_ms,0.293,
frame_ms,0.237,
frame_ms,0.2296,
frame_ms,0.2223,
frame_ms,0.225,
frame_ms,0.2164,
frame_ms,0.2338,
frame_ms,0.2221,
frame_ms,0.2123,
frame_ms,0.2258,
frame_ms,0.2114,
frame_ms,0.2724,
tick_us,1773.3,2278
frame_ms,3.7683,
frame_ms,0.2728,
frame_ms,0.2194,
frame_ms,0.2144,
frame_ms,0.207,
frame_ms,0.2592,
frame_ms,0.2279,
frame_ms,0.2157,
frame_ms,0.2179,
frame_ms,0.2584,
frame_ms,0.2301,
frame_ms,0.2532,
frame_ms,0.4731,
frame_ms,0.2942,
tick_us,1799,2274
frame_ms,3.8178,
frame_ms,0.2476,
frame_ms,0.2205,
frame_ms,0.2136,
frame_ms,0.2091,
frame_ms,0.295,
frame_ms,0.228,
frame_ms,0.2107,
frame_ms,0.2096,
frame_ms,0.2426,
frame_ms,0.2475,
frame_ms,0.2147,
frame_ms,0.2072,
frame_ms,0.2654,
tick_us,1776.5,2295
frame_ms,3.8604,
frame_ms,0.2531,
frame_ms,0.2259,
frame_ms,0.2461,
frame_ms,0.2144,
frame_ms,0.2979,
frame_ms,0.226,
frame_ms,0.2166,
frame_ms,0.2078,
frame_ms,0.2344,
frame_ms,0.2166,
frame_ms,0.2063,
frame_ms,0.4888,
tick_us,1768,2261
frame_ms,3.7493,
frame_ms,0.2755,
frame_ms,0.2327,
frame_ms,0.2161,
frame_ms,0.2205,
frame_ms,0.2082,
frame_ms,0.2487,
frame_ms,0.2215,
frame_ms,0.218,
frame_ms,0.2362,
frame_ms,0.2237,
frame_ms,0.2122,
frame_ms,0.2123,
frame_ms,0.2694,
frame_ms,0.2274,
tick_us,1730.2,2266
frame_ms,3.635,
frame_ms,0.2498,
frame_ms,0.2124,
frame_ms,0.2152,
frame_ms,0.21,
frame_ms,0.2082,
frame_ms,0.2445,
frame_ms,0.22,
frame_ms,0.2117,
frame_ms,0.2399,
frame_ms,0.2131,
frame_ms,0.2166,
frame_ms,0.2116,
frame_ms,0.2648,
frame_ms,0.2447,
frame_ms,0.213,
tick_us,1699.4,2286
frame_ms,3.5685,
frame_ms,0.2623,
frame_ms,0.2699,
frame_ms,0.221,
frame_ms,0.2148,
frame_ms,0.2071,
frame_ms,0.2607,
frame_ms,0.2103,
frame_ms,0.2321,
frame_ms,0.2068,
frame_ms,0.2608,
frame_ms,0.2227,
frame_ms,0.2113,
frame_ms,0.2547,
frame_ms,0.2207,
tick_us,1659.5,2260
frame_ms,3.5458,
frame_ms,0.2445,
frame_ms,0.2183,
frame_ms,0.2172,
frame_ms,0.2111,
frame_ms,0.2359,
frame_ms,0.2163,
frame_ms,0.2113,
frame_ms,0.2363,
frame_ms,0.2957,
frame_ms,0.3194,
frame_ms,0.2569,
frame_ms,0.2343,
frame_ms,0.2846,
frame_ms,0.2774,
tick_us,1725.3,2266
frame_ms,3.6609,
frame_ms,0.2792,
frame_ms,0.2226,
frame_ms,0.2215,
frame_ms,0.221,
frame_ms,0.2402,
frame_ms,0.7847,
frame_ms,0.515,
frame_ms,0.2565,
frame_ms,0.2197,
frame_ms,0.2192,
frame_ms,0.221,
tick_us,1768.9,2292
frame_ms,3.7055,
frame_ms,0.2743,
frame_ms,0.2384,
frame_ms,0.2383,
frame_ms,0.2258,
frame_ms,0.2174,
frame_ms,0.214,
frame_ms,0.2338,
frame_ms,0.2176,
frame_ms,0.2121,
frame_ms,0.3044,
frame_ms,0.2931,
frame_ms,0.2397,
frame_ms,0.2229,
tick_us,1784.5,2324
frame_ms,3.7518,
frame_ms,0.3423,
frame_ms,0.2441,
frame_ms,0.2306,
frame_ms,0.2275,
frame_ms,0.2352,
frame_ms,0.2229,
frame_ms,0.2959,
frame_ms,0.3044,
frame_ms,0.2622,
frame_ms,0.2533,
frame_ms,0.255,
frame_ms,0.2681,
tick_us,1772.5,2304
frame_ms,3.7894,
frame_ms,0.4095,
frame_ms,0.2754,
frame_ms,0.224,
frame_ms,0.2332,
frame_ms,0.2636,
frame_ms,0.2362,
frame_ms,0.2235,
frame_ms,0.2229,
frame_ms,0.4486,
frame_ms,0.2322,
frame_ms,0.2283,
frame_ms,0.2202,
tick_us,1853.8,2308
frame_ms,3.7827,
frame_ms,0.2914,
frame_ms,0.2325,
frame_ms,0.2301,
frame_ms,0.2344,
frame_ms,0.2267,
frame_ms,0.2405,
frame_ms,0.219,
frame_ms,0.2597,
frame_ms,0.2615,
frame_ms,0.2244,
frame_ms,0.2166,
frame_ms,0.24,
frame_ms,0.2342,
tick_us,1800.8,2303
frame_ms,3.7351,
frame_ms,0.2773,
frame_ms,0.2392,
frame_ms,0.2188,
frame_ms,0.2169,
frame_ms,0.2515,
frame_ms,0.2637,
frame_ms,0.2791,
frame_ms,0.2401,
frame_ms,0.2298,
frame_ms,0.2226,
frame_ms,0.224,
frame_ms,0.2326,
frame_ms,0.2209,
tick_us,1855.8,2311
frame_ms,3.9235,
frame_ms,0.3275,
frame_ms,0.2431,
frame_ms,0.2262,
frame_ms,0.2172,
frame_ms,0.2204,
frame_ms,0.2159,
frame_ms,0.2643,
frame_ms,0.2347,
frame_ms,0.2154,
frame_ms,0.2494,
frame_ms,0.2298,
frame_ms,0.218,
frame_ms,0.2715,
tick_us,1777.4,2308
frame_ms,4.0725,
frame_ms,0.4339,
frame_ms,0.2895,
frame_ms,0.2551,
frame_ms,0.2478,
frame_ms,0.235,
frame_ms,0.2391,
frame_ms,0.2263,
frame_ms,0.2549,
frame_ms,0.2235,
frame_ms,0.227,
frame_ms,0.2194,
tick_us,1862.9,2297
frame_ms,3.9208,
frame_ms,0.2721,
frame_ms,0.2282,
frame_ms,0.2319,
frame_ms,0.223,
frame_ms,0.2362,
frame_ms,0.217,
frame_ms,0.417,
frame_ms,0.2778,
frame_ms,0.2344,
frame_ms,0.222,
frame_ms,0.2192,
frame_ms,0.2104,
tick_us,1736.2,2308
frame_ms,3.7381,
frame_ms,0.2897,
frame_ms,0.2326,
frame_ms,0.3019,
frame_ms,0.3556,
frame_ms,0.376,
frame_ms,0.2489,
frame_ms,0.5954,
frame_ms,0.2409,
frame_ms,0.2216,
frame_ms,0.2547,
frame_ms,0.227,
tick_us,1802,2312
frame_ms,3.7834,
frame_ms,0.2716,
frame_ms,0.2282,
frame_ms,0.2236,
frame_ms,0.2357,
frame_ms,0.217,
frame_ms,0.2146,
frame_ms,0.2458,
frame_ms,0.2256,
frame_ms,0.2176,
frame_ms,0.2302,
frame_ms,0.2391,
frame_ms,0.2198,
frame_ms,0.2521,
tick_us,1793.1,2300
frame_ms,3.7068,
frame_ms,0.2781,
frame_ms,0.2252,
frame_ms,0.2186,
frame_ms,0.2142,
frame_ms,0.2651,
frame_ms,0.2286,
frame_ms,0.2119,
frame_ms,0.2549,
frame_ms,0.2313,
frame_ms,0.2919,
frame_ms,0.3017,
frame_ms,0.2635,
frame_ms,0.2361,
tick_us,1815.4,2256
frame_ms,3.7734,
frame_ms,0.3077,
frame_ms,0.2293,
frame_ms,0.2244,
frame_ms,0.2235,
frame_ms,0.2117,
frame_ms,0.21,
frame_ms,0.2415,
frame_ms,0.2781,
frame_ms,0.2363,
frame_ms,0.2341,
frame_ms,0.211,
frame_ms,0.2073,
frame_ms,0.2434,
frame_ms,0.2557,
tick_us,1739.1,2256
frame_ms,3.6875,
frame_ms,0.2559,
frame_ms,0.2168,
frame_ms,0.2196,
frame_ms,0.2155,
frame_ms,0.2563,
frame_ms,0.2246,
frame_ms,0.2143,
frame_ms,0.2434,
frame_ms,0.2296,
frame_ms,0.2141,
frame_ms,0.2117,
frame_ms,0.2512,
frame_ms,0.2205,
frame_ms,0.2098,
tick_us,1788.9,2275
frame_ms,4.6447,
frame_ms,0.2958,
frame_ms,0.2272,
frame_ms,0.2251,
frame_ms,0.2174,
frame_ms,0.3055,
frame_ms,0.2686,
frame_ms,0.2482,
frame_ms,0.2455,
frame_ms,0.2432,
tick_us,1844.9,2294
frame_ms,3.9141,
frame_ms,0.4078,
frame_ms,0.2511,
frame_ms,0.235,
frame_ms,0.2299,
frame_ms,0.2269,
frame_ms,0.2247,
frame_ms,0.2214,
frame_ms,0.2293,
frame_ms,0.2262,
frame_ms,0.2357,
frame_ms,0.2185,
frame_ms,0.2159,
frame_ms,0.231,
tick_us,1708.9,2289
frame_ms,3.7454,
frame_ms,0.3056,
frame_ms,0.3213,
frame_ms,0.2787,
frame_ms,0.2441,
frame_ms,0.2282,
frame_ms,0.2206,
frame_ms,0.2125,
frame_ms,0.2146,
frame_ms,0.238,
frame_ms,0.2232,
frame_ms,0.2106,
frame_ms,0.2455,
frame_ms,0.2593,
tick_us,1722.8,2301
frame_ms,3.6469,
frame_ms,0.2537,
frame_ms,0.2263,
frame_ms,0.2171,
frame_ms,0.213,
frame_ms,0.4803,
frame_ms,0.3941,
frame_ms,0.2525,
frame_ms,0.2182,
frame_ms,0.2211,
frame_ms,0.2182,
frame_ms,0.2132,
frame_ms,0.23,
tick_us,1686.2,2283
frame_ms,3.5866,
frame_ms,0.2859,
frame_ms,0.2381,
frame_ms,0.2294,
frame_ms,0.2216,
frame_ms,0.2143,
frame_ms,0.3792,
frame_ms,0.3232,
frame_ms,0.2485,
frame_ms,0.2166,
frame_ms,0.2202,
frame_ms,0.2132,
frame_ms,0.2129,
frame_ms,0.2465,
frame_ms,0.2599,
tick_us,1651,2268
frame_ms,3.5157,
frame_ms,0.2492,
frame_ms,0.2177,
frame_ms,0.2273,
frame_ms,0.2145,
frame_ms,0.2604,
frame_ms,0.2654,
frame_ms,0.27,
frame_ms,0.2314,
frame_ms,0.2226,
frame_ms,0.2227,
frame_ms,0.2379,
frame_ms,0.2467,
frame_ms,0.2188,
frame_ms,0.2105,
tick_us,1654.1,2255
frame_ms,3.5572,
frame_ms,0.2588,
frame_ms,0.2252,
frame_ms,0.2181,
frame_ms,0.2242,
frame_ms,0.2356,
frame_ms,0.2205,
frame_ms,0.2149,
frame_ms,0.2237,
frame_ms,0.2382,
frame_ms,0.2124,
frame_ms,0.2054,
frame_ms,0.2338,
frame_ms,0.2218,
frame_ms,0.2112,
frame_ms,0.2323,
tick_us,1669.4,2249
frame_ms,3.7332,
frame_ms,0.2753,
frame_ms,0.2325,
frame_ms,0.2205,
frame_ms,0.2132,
frame_ms,0.2108,
frame_ms,0.2333,
frame_ms,0.212,
frame_ms,0.2055,
frame_ms,0.2352,
frame_ms,0.214,
frame_ms,0.2156,
frame_ms,0.2119,
frame_ms,0.2394,
frame_ms,0.2185,
frame_ms,0.208,
tick_us,1670.7,2227
frame_ms,3.5467,
frame_ms,0.2598,
frame_ms,0.2178,
frame_ms,0.2214,
frame_ms,0.2119,
frame_ms,0.2659,
frame_ms,0.2254,
frame_ms,0.2116,
frame_ms,0.2682,
frame_ms,0.225,
frame_ms,0.2406,
frame_ms,0.2794,
frame_ms,0.233,
frame_ms,0.2182,
frame_ms,0.2452,
tick_us,1650.6,2238
frame_ms,3.524,
frame_ms,0.2603,
frame_ms,0.225,
frame_ms,0.2277,
frame_ms,0.2124,
frame_ms,0.2209,
frame_ms,0.2395,
frame_ms,0.2199,
frame_ms,0.2125,
frame_ms,0.2268,
frame_ms,0.2164,
frame_ms,0.3026,
frame_ms,0.3185,
frame_ms,0.2326,
frame_ms,0.2266,
frame_ms,0.2184,
tick_us,1654.9,2235
frame_ms,3.5149,
frame_ms,0.2597,
frame_ms,0.2274,
frame_ms,0.2259,
frame_ms,0.2224,
frame_ms,0.2156,
frame_ms,0.2539,
frame_ms,0.2611,
frame_ms,0.2317,
frame_ms,0.2196,
frame_ms,0.2142,
frame_ms,0.2098,
frame_ms,0.4246,
tick_us,1743.7,2239
frame_ms,3.911,
frame_ms,1.1447,
frame_ms,0.2977,
frame_ms,0.2283,
frame_ms,0.2184,
frame_ms,0.2208,
frame_ms,0.2189,
frame_ms,0.2591,
frame_ms,0.228,
frame_ms,0.2392,
frame_ms,0.2179,
tick_us,1626.9,2225
frame_ms,3.5174,
frame_ms,0.257,
frame_ms,0.2208,
frame_ms,0.219,
frame_ms,0.2196,
frame_ms,0.2375,
frame_ms,0.231,
frame_ms,0.2258,
frame_ms,0.2358,
frame_ms,0.2106,
frame_ms,0.2196,
frame_ms,0.2534,
frame_ms,0.2305,
frame_ms,0.2169,
frame_ms,0.2457,
frame_ms,0.2299,
tick_us,1662.1,2243
frame_ms,3.5497,
frame_ms,0.2523,
frame_ms,0.2183,
frame_ms,0.2155,
frame_ms,0.212,
frame_ms,0.2463,
frame_ms,0.2375,
frame_ms,0.213,
frame_ms,0.4329,
frame_ms,0.4023,
frame_ms,0.2374,
frame_ms,0.2083,
frame_ms,0.2118,
frame_ms,0.2122,
frame_ms,0.2696,
tick_us,1677.8,2253
frame_ms,3.6386,
frame_ms,0.272,
frame_ms,0.239,
frame_ms,0.2237,
frame_ms,0.2159,
frame_ms,0.2131,
frame_ms,0.2596,
frame_ms,0.3017,
frame_ms,0.2403,
frame_ms,0.232,
frame_ms,0.2165,
frame_ms,0.2084,
frame_ms,0.2394,
frame_ms,0.204,
frame_ms,0.2184,
tick_us,1713.8,2268
frame_ms,3.664,
frame_ms,0.272,
frame_ms,0.2244,
frame_ms,0.2237,
frame_ms,0.2167,
frame_ms,0.211,
frame_ms,0.2413,
frame_ms,0.2182,
frame_ms,0.2077,
frame_ms,0.2348,
frame_ms,0.2122,
frame_ms,0.2162,
frame_ms,0.2337,
frame_ms,0.3144,
frame_ms,0.2793,
tick_us,1793.4,2258
frame_ms,3.7605,
frame_ms,0.2661,
frame_ms,0.2279,
frame_ms,0.2228,
frame_ms,0.2175,
frame_ms,0.2748,
frame_ms,0.3031,
frame_ms,0.2411,
frame_ms,0.2321,
frame_ms,0.2181,
frame_ms,0.2152,
frame_ms,0.2311,
frame_ms,0.2203,
frame_ms,0.2567,
tick_us,1721.3,2245
frame_ms,3.6475,
frame_ms,0.2584,
frame_ms,0.2212,
frame_ms,0.2256,
frame_ms,0.2178,
frame_ms,0.2122,
frame_ms,0.2653,
frame_ms,0.2287,
frame_ms,0.2099,
frame_ms,0.2625,
frame_ms,0.2261,
frame_ms,0.2144,
frame_ms,0.224,
frame_ms,0.234,
frame_ms,0.2087,
tick_us,1740.3,2251
frame_ms,3.728,
frame_ms,0.2576,
frame_ms,0.2207,
frame_ms,0.2306,
frame_ms,0.219,
frame_ms,0.2088,
frame_ms,0.2365,
frame_ms,0.2192,
frame_ms,0.2076,
frame_ms,0.2546,
frame_ms,0.224,
frame_ms,0.2149,
frame_ms,0.2529,
frame_ms,0.2193,
frame_ms,0.2113,
tick_us,1765.3,2235
frame_ms,3.743,
frame_ms,0.2589,
frame_ms,0.2183,
frame_ms,0.2157,
frame_ms,0.2089,
frame_ms,0.2244,
frame_ms,0.2314,
frame_ms,0.2148,
frame_ms,0.2412,
frame_ms,0.232,
frame_ms,0.219,
frame_ms,0.2072,
frame_ms,0.2256,
frame_ms,0.2199,
frame_ms,0.2065,
frame_ms,0.2241,
tick_us,1761.8,2248
frame_ms,4.0676,
frame_ms,0.3299,
frame_ms,0.3161,
frame_ms,0.2574,
frame_ms,0.2116,
frame_ms,0.2182,
frame_ms,0.2105,
frame_ms,0.2068,
frame_ms,0.2374,
frame_ms,0.2222,
frame_ms,0.2152,
frame_ms,0.2493,
frame_ms,0.2195,
tick_us,1752.8,2251
frame_ms,3.7034,
frame_ms,0.2433,
frame_ms,0.2143,
frame_ms,0.2091,
frame_ms,0.2562,
frame_ms,0.2232,
frame_ms,0.2142,
frame_ms,0.2256,
frame_ms,0.2859,
frame_ms,0.2637,
frame_ms,0.2282,
frame_ms,0.2233,
frame_ms,0.2209,
frame_ms,0.214,
tick_us,1829.8,2249
frame_ms,3.8899,
frame_ms,0.4436,
frame_ms,0.5644,
frame_ms,0.2934,
frame_ms,0.2104,
frame_ms,0.216,
frame_ms,0.2089,
frame_ms,0.2069,
frame_ms,0.2629,
frame_ms,0.2274,
frame_ms,0.2092,
frame_ms,0.2269,
frame_ms,0.2435,
tick_us,1760,2251
frame_ms,3.8983,
frame_ms,0.5058,
frame_ms,0.2521,
frame_ms,0.2129,
frame_ms,0.2161,
frame_ms,0.2102,
frame_ms,0.215,
frame_ms,0.233,
frame_ms,0.2211,
frame_ms,0.2148,
frame_ms,0.224,
frame_ms,0.2109,
frame_ms,0.27,
tick_us,1765.3,2246
frame_ms,3.7228,
frame_ms,0.2615,
frame_ms,0.2215,
frame_ms,0.2088,
frame_ms,0.2068,
frame_ms,0.2954,
frame_ms,0.2634,
frame_ms,0.402,
frame_ms,0.3309,
frame_ms,0.2418,
frame_ms,0.2197,
frame_ms,0.2364,
frame_ms,0.232,
tick_us,1847.4,2245
frame_ms,3.8228,
frame_ms,0.2986,
frame_ms,0.2278,
frame_ms,0.2199,
frame_ms,0.2088,
frame_ms,0.2074,
frame_ms,0.2438,
frame_ms,0.2268,
frame_ms,0.2088,
frame_ms,0.2356,
frame_ms,0.2262,
frame_ms,0.2095,
frame_ms,0.223,
frame_ms,0.2321,
frame_ms,0.2345,
tick_us,1750.6,2241
frame_ms,3.6652,
frame_ms,0.2522,
frame_ms,0.2153,
frame_ms,0.2162,
frame_ms,0.2055,
frame_ms,0.2674,
frame_ms,0.2259,
frame_ms,0.2085,
frame_ms,0.2582,
frame_ms,0.2201,
frame_ms,0.2068,
frame_ms,0.2411,
frame_ms,0.2133,
frame_ms,0.213,
frame_ms,0.232,
tick_us,1722.2,2223
frame_ms,3.676,
frame_ms,0.257,
frame_ms,0.2162,
frame_ms,0.2149,
frame_ms,0.2175,
frame_ms,0.2401,
frame_ms,0.2197,
frame_ms,0.2114,
frame_ms,0.2379,
frame_ms,0.2082,
frame_ms,0.2091,
frame_ms,0.2403,
frame_ms,0.2241,
frame_ms,0.2123,
frame_ms,0.2267,
frame_ms,0.2471,
tick_us,1759,2225
frame_ms,3.724,
frame_ms,0.2463,
frame_ms,0.2159,
frame_ms,0.2065,
frame_ms,0.2182,
frame_ms,0.2505,
frame_ms,0.2278,
frame_ms,0.2188,
frame_ms,0.2072,
frame_ms,0.2676,
frame_ms,0.2243,
frame_ms,0.2116,
frame_ms,0.2686,
frame_ms,0.222,
frame_ms,0.2364,
tick_us,1790.8,2237
frame_ms,3.7488,
frame_ms,0.3316,
frame_ms,0.227,
frame_ms,0.2318,
frame_ms,0.2144,
frame_ms,0.2459,
frame_ms,0.2096,
frame_ms,0.2566,
frame_ms,0.2296,
frame_ms,0.2107,
frame_ms,0.2633,
frame_ms,0.2278,
frame_ms,0.2122,
frame_ms,0.25,
tick_us,1728.7,2215
frame_ms,3.6848,
frame_ms,0.259,
frame_ms,0.2176,
frame_ms,0.2115,
frame_ms,0.2092,
frame_ms,0.2587,
frame_ms,0.229,
frame_ms,0.2091,
frame_ms,0.2238,
frame_ms,0.2378,
frame_ms,0.2079,
frame_ms,0.2091,
frame_ms,0.2238,
frame_ms,0.2233,
frame_ms,0.2176,
frame_ms,0.2059,
tick_us,1738,2218
frame_ms,3.6843,
frame_ms,0.2513,
frame_ms,0.2225,
frame_ms,0.2227,
frame_ms,0.2108,
frame_ms,0.2741,
frame_ms,0.2459,
frame_ms,0.3061,
frame_ms,0.2188,
frame_ms,0.2209,
frame_ms,0.2189,
frame_ms,0.2186,
frame_ms,0.2652,
frame_ms,0.2404,
tick_us,1711.4,2224
frame_ms,3.6719,
frame_ms,0.2611,
frame_ms,0.217,
frame_ms,0.2232,
frame_ms,0.2262,
frame_ms,0.7099,
frame_ms,0.3647,
frame_ms,0.2568,
frame_ms,0.2265,
frame_ms,0.2496,
frame_ms,0.2272,
frame_ms,0.2182,
frame_ms,0.2187,
tick_us,1764.1,2212
frame_ms,3.7791,
frame_ms,0.2676,
frame_ms,0.2312,
frame_ms,0.2315,
frame_ms,0.2451,
frame_ms,0.4002,
frame_ms,0.4061,
frame_ms,0.6708,
frame_ms,0.2464,
frame_ms,0.2209,
frame_ms,0.2158,
tick_us,1781.6,2214
frame_ms,3.7798,
frame_ms,0.2572,
frame_ms,0.227,
frame_ms,0.2235,
frame_ms,0.2148,
frame_ms,0.2248,
frame_ms,0.2464,
frame_ms,0.4609,
frame_ms,0.2778,
frame_ms,0.2302,
frame_ms,0.2213,
frame_ms,0.219,
frame_ms,0.2145,
frame_ms,0.2312,
tick_us,1779.9,2211
frame_ms,3.8104,
frame_ms,0.3002,
frame_ms,0.2361,
frame_ms,0.2301,
frame_ms,0.2209,
frame_ms,0.2168,
frame_ms,0.2126,
frame_ms,0.3575,
frame_ms,0.3474,
frame_ms,0.369,
frame_ms,0.2831,
frame_ms,0.2348,
tick_us,1831.4,2204
frame_ms,3.8309,
frame_ms,0.2844,
frame_ms,0.2308,
frame_ms,0.2214,
frame_ms,0.2232,
frame_ms,0.2183,
frame_ms,0.2164,
frame_ms,0.2913,
frame_ms,0.529,
frame_ms,0.3522,
frame_ms,0.2563,
frame_ms,0.22,
frame_ms,0.2191,
tick_us,1808.4,2194
frame_ms,3.821,
frame_ms,0.2578,
frame_ms,0.2261,
frame_ms,0.2193,
frame_ms,0.2104,
frame_ms,0.2372,
frame_ms,0.2485,
frame_ms,0.2143,
frame_ms,0.2129,
frame_ms,0.2276,
frame_ms,0.4327,
frame_ms,0.3646,
tick_us,1980.3,2192
frame_ms,4.1871,
frame_ms,0.2952,
frame_ms,0.239,
frame_ms,0.2324,
frame_ms,0.221,
frame_ms,0.2205,
frame_ms,0.2179,
frame_ms,0.2301,
frame_ms,0.2238,
frame_ms,0.3432,
frame_ms,0.4671,
frame_ms,0.2369,
tick_us,1832.4,2192
frame_ms,3.8601,
frame_ms,0.2545,
frame_ms,0.222,
frame_ms,0.2162,
frame_ms,0.2149,
frame_ms,0.3021,
frame_ms,0.2902,
frame_ms,0.2289,
frame_ms,0.2255,
frame_ms,0.2238,
frame_ms,0.2215,
frame_ms,0.2793,
tick_us,1803.8,2192
frame_ms,4.3961,
frame_ms,0.2941,
frame_ms,0.2329,
frame_ms,0.2309,
frame_ms,0.2214,
frame_ms,0.2113,
frame_ms,0.2347,
frame_ms,0.2098,
frame_ms,0.2169,
frame_ms,0.2156,
frame_ms,0.2458,
frame_ms,0.386,
tick_us,1780.8,2180
frame_ms,4.3355,
frame_ms,0.2907,
frame_ms,0.241,
frame_ms,0.2235,
frame_ms,0.2163,
frame_ms,0.2207,
frame_ms,0.2435,
frame_ms,0.2203,
frame_ms,0.2135,
frame_ms,0.2454,
frame_ms,0.2262,
frame_ms,0.2184,
frame_ms,0.3379,
tick_us,1869.6,2183
frame_ms,4.1284,
frame_ms,0.292,
frame_ms,0.2278,
frame_ms,0.2287,
frame_ms,0.2688,
frame_ms,0.29,
frame_ms,1.0378,
frame_ms,0.278,
tick_us,1822.2,2172
frame_ms,3.9736,
frame_ms,0.2941,
frame_ms,0.2476,
frame_ms,0.2348,
frame_ms,0.2229,
frame_ms,0.2324,
frame_ms,0.2163,
frame_ms,0.2477,
frame_ms,0.31,
frame_ms,0.2317,
frame_ms,0.236,
frame_ms,0.2239,
frame_ms,0.2158,
frame_ms,0.2424,
tick_us,1889.5,2181
frame_ms,4.2288,
frame_ms,0.6112,
frame_ms,0.3498,
frame_ms,0.3497,
frame_ms,0.2848,
frame_ms,0.2259,
frame_ms,0.2271,
frame_ms,0.2282,
frame_ms,0.2165,
frame_ms,0.215,
tick_us,2052.7,2200
frame_ms,4.5742,
frame_ms,0.5626,
frame_ms,0.316,
frame_ms,0.3037,
frame_ms,0.4346,
frame_ms,0.284,
frame_ms,0.2586,
frame_ms,0.2407,
tick_us,1914.5,2185
frame_ms,4.1687,
frame_ms,0.5273,
frame_ms,0.3158,
frame_ms,0.2583,
frame_ms,0.3166,
frame_ms,0.265,
frame_ms,0.2257,
frame_ms,0.2274,
frame_ms,0.2319,
frame_ms,0.2213,
frame_ms,0.2252,
tick_us,2148.2,2203
frame_ms,4.4574,
frame_ms,0.5526,
frame_ms,0.3234,
frame_ms,0.2604,
frame_ms,0.2244,
frame_ms,0.2311,
frame_ms,0.2247,
frame_ms,0.2226,
frame_ms,0.2188,
frame_ms,0.2456,
tick_us,1809.8,2238
frame_ms,3.9011,
frame_ms,0.3768,
frame_ms,0.3052,
frame_ms,0.2248,
frame_ms,0.2305,
frame_ms,0.2269,
frame_ms,0.2256,
frame_ms,0.2226,
frame_ms,0.2535,
frame_ms,0.2433,
frame_ms,0.2218,
frame_ms,0.2614,
frame_ms,0.2227,
tick_us,1842.6,2231
frame_ms,3.9948,
frame_ms,0.337,
frame_ms,0.3149,
frame_ms,0.2755,
frame_ms,0.2181,
frame_ms,0.2184,
frame_ms,0.2182,
frame_ms,0.2121,
frame_ms,0.2445,
frame_ms,0.2276,
frame_ms,0.2173,
frame_ms,0.2437,
frame_ms,0.2233,
tick_us,1807.5,2237
frame_ms,3.8599,
frame_ms,0.2565,
frame_ms,0.2289,
frame_ms,0.2426,
frame_ms,0.2416,
frame_ms,0.2524,
frame_ms,0.2421,
frame_ms,0.222,
frame_ms,0.246,
frame_ms,0.214,
frame_ms,0.2422,
frame_ms,0.2146,
frame_ms,0.2116,
frame_ms,0.2528,
tick_us,1858.7,2233
frame_ms,3.9247,
frame_ms,0.3192,
frame_ms,0.2851,
frame_ms,0.2295,
frame_ms,0.2237,
frame_ms,0.2255,
frame_ms,0.2265,
frame_ms,0.2241,
frame_ms,0.2681,
frame_ms,0.28,
frame_ms,0.2817,
frame_ms,0.2252,
frame_ms,0.2396,
tick_us,2051.3,2230
frame_ms,4.1509,
frame_ms,0.3184,
frame_ms,0.2501,
frame_ms,0.2155,
frame_ms,0.2207,
frame_ms,0.213,
frame_ms,0.2116,
frame_ms,0.2624,
frame_ms,0.2319,
frame_ms,0.2105,
frame_ms,0.2272,
frame_ms,0.2096,
frame_ms,0.2683,
tick_us,1827.6,2216
frame_ms,3.8774,
frame_ms,0.2609,
frame_ms,0.2184,
frame_ms,0.2243,
frame_ms,0.2129,
frame_ms,0.2099,
frame_ms,0.258,
frame_ms,0.3103,
frame_ms,0.4371,
frame_ms,0.2439,
frame_ms,0.2116,
frame_ms,0.2133,
frame_ms,0.2107,
tick_us,1814.4,2222
frame_ms,3.8365,
frame_ms,0.2614,
frame_ms,0.2198,
frame_ms,0.2236,
frame_ms,0.214,
frame_ms,0.2403,
frame_ms,0.2273,
frame_ms,0.2179,
frame_ms,0.2402,
frame_ms,0.242,
frame_ms,0.2799,
frame_ms,0.2429,
frame_ms,0.2944,
tick_us,1813.8,2212
frame_ms,3.9065,
frame_ms,0.2839,
frame_ms,0.2228,
frame_ms,0.2223,
frame_ms,0.218,
frame_ms,0.2114,
frame_ms,0.2219,
frame_ms,0.2439,
frame_ms,0.2179,
frame_ms,0.2085,
frame_ms,0.2555,
frame_ms,0.2225,
frame_ms,0.2113,
frame_ms,0.2517,
frame_ms,0.2251,
tick_us,2099.1,2211
frame_ms,4.4195,
frame_ms,0.3377,
frame_ms,0.2431,
frame_ms,0.2289,
frame_ms,0.2145,
frame_ms,0.2111,
frame_ms,0.2468,
frame_ms,0.2212,
frame_ms,0.219,
frame_ms,0.2139,
frame_ms,0.2711,
tick_us,1828,2204
frame_ms,3.8544,
frame_ms,0.3217,
frame_ms,0.3265,
frame_ms,0.2482,
frame_ms,0.2193,
frame_ms,0.2256,
frame_ms,0.2301,
frame_ms,0.2256,
frame_ms,0.2202,
frame_ms,0.2566,
frame_ms,0.2313,
frame_ms,0.226,
frame_ms,0.2699,
frame_ms,0.2635,
tick_us,1815.4,2205
frame_ms,3.919,
frame_ms,0.7766,
frame_ms,0.7122,
frame_ms,0.2438,
frame_ms,0.2173,
frame_ms,0.217,
frame_ms,0.2118,
frame_ms,0.2131,
frame_ms,0.2302,
frame_ms,0.2213,
tick_us,1857.5,2214
frame_ms,3.9151,
frame_ms,0.2782,
frame_ms,0.3523,
frame_ms,0.386,
frame_ms,0.2323,
frame_ms,0.2262,
frame_ms,0.2136,
frame_ms,0.2095,
frame_ms,0.2574,
frame_ms,0.2261,
frame_ms,0.2144,
frame_ms,0.2528,
tick_us,1851.1,2221
frame_ms,3.8837,
frame_ms,0.2761,
frame_ms,0.2268,
frame_ms,0.2635,
frame_ms,0.4036,
frame_ms,0.4228,
frame_ms,0.2431,
frame_ms,0.2324,
frame_ms,0.2269,
frame_ms,0.2203,
frame_ms,0.2296,
frame_ms,0.2311,
frame_ms,0.2673,
tick_us,1847.2,2214
frame_ms,3.8979,
frame_ms,0.2543,
frame_ms,0.2257,
frame_ms,0.3026,
frame_ms,0.6046,
frame_ms,0.2872,
frame_ms,0.2095,
frame_ms,0.2185,
frame_ms,0.2155,
frame_ms,0.2098,
frame_ms,0.2564,
frame_ms,0.2328,
tick_us,1821.4,2209
frame_ms,3.8505,
frame_ms,0.2474,
frame_ms,0.2213,
frame_ms,0.2191,
frame_ms,0.2142,
frame_ms,0.2637,
frame_ms,0.4021,
frame_ms,0.3234,
frame_ms,0.252,
frame_ms,0.2244,
frame_ms,0.2296,
frame_ms,0.2296,
frame_ms,0.2218,
tick_us,2045.6,2216
frame_ms,4.4528,
frame_ms,0.3167,
frame_ms,0.2402,
frame_ms,0.261,
frame_ms,0.5724,
frame_ms,0.3633,
frame_ms,0.3388,
frame_ms,0.324,
tick_us,1819.3,2222
frame_ms,3.8732,
frame_ms,0.2576,
frame_ms,0.2201,
frame_ms,0.2134,
frame_ms,0.2106,
frame_ms,0.2324,
frame_ms,0.2246,
frame_ms,0.2423,
frame_ms,0.2998,
frame_ms,0.5625,
frame_ms,0.3088,
frame_ms,0.2186,
frame_ms,0.2155,
tick_us,1833.6,2225
frame_ms,3.8668,
frame_ms,0.2639,
frame_ms,0.2277,
frame_ms,0.2185,
frame_ms,0.2391,
frame_ms,0.2106,
frame_ms,0.2322,
frame_ms,0.2664,
frame_ms,0.5949,
frame_ms,0.3623,
frame_ms,0.3552,
tick_us,1920.7,2224
frame_ms,4.0931,
frame_ms,0.3245,
frame_ms,0.2321,
frame_ms,0.2251,
frame_ms,0.2174,
frame_ms,0.2131,
frame_ms,0.2582,
frame_ms,0.2286,
frame_ms,0.2195,
frame_ms,0.5018,
frame_ms,0.4142,
tick_us,1900.1,2217
frame_ms,4.057,
frame_ms,0.2783,
frame_ms,0.2243,
frame_ms,0.2199,
frame_ms,0.2167,
frame_ms,0.321,
frame_ms,0.3938,
frame_ms,0.3381,
frame_ms,0.3249,
frame_ms,0.3749,
frame_ms,0.3373,
tick_us,1815.5,2233
frame_ms,3.8281,
frame_ms,0.2551,
frame_ms,0.2237,
frame_ms,0.219,
frame_ms,0.2117,
frame_ms,0.2642,
frame_ms,0.2116,
frame_ms,0.2135,
frame_ms,0.2195,
frame_ms,0.2389,
frame_ms,0.4148,
frame_ms,0.2288,
frame_ms,0.3519,
tick_us,1797.3,2243
frame_ms,3.8974,
frame_ms,0.2758,
frame_ms,0.2255,
frame_ms,0.2161,
frame_ms,0.2106,
frame_ms,0.2604,
frame_ms,0.2296,
frame_ms,0.2113,
frame_ms,0.2268,
frame_ms,0.2162,
frame_ms,0.2752,
frame_ms,0.2604,
frame_ms,0.2118,
frame_ms,0.2072,
tick_us,1817.7,2236
frame_ms,4.0489,
frame_ms,0.2881,
frame_ms,0.2314,
frame_ms,0.223,
frame_ms,0.214,
frame_ms,0.2103,
frame_ms,0.2529,
frame_ms,0.2492,
frame_ms,0.2179,
frame_ms,0.2176,
frame_ms,0.2266,
frame_ms,0.2754,
frame_ms,0.488,
tick_us,1814.8,2237
frame_ms,4.2974,
frame_ms,0.2556,
frame_ms,0.2338,
frame_ms,0.2175,
frame_ms,0.2104,
frame_ms,0.2326,
frame_ms,0.2242,
frame_ms,0.2728,
frame_ms,0.2326,
frame_ms,0.2263,
frame_ms,0.2302,
tick_us,1851.5,2226
frame_ms,4.0429,
frame_ms,0.3233,
frame_ms,0.245,
frame_ms,0.2275,
frame_ms,0.2206,
frame_ms,0.2102,
frame_ms,0.238,
frame_ms,0.2159,
frame_ms,0.22,
frame_ms,0.2185,
frame_ms,0.2402,
frame_ms,0.2591,
frame_ms,0.215,
frame_ms,0.2085,
tick_us,1822.4,2231
frame_ms,3.9249,
frame_ms,0.3459,
frame_ms,0.3001,
frame_ms,0.2733,
frame_ms,0.2279,
frame_ms,0.223,
frame_ms,0.2221,
frame_ms,0.2136,
frame_ms,0.2133,
frame_ms,0.2465,
frame_ms,0.3362,
frame_ms,0.2498,
tick_us,1843.4,2248
frame_ms,3.9221,
frame_ms,0.2571,
frame_ms,0.2262,
frame_ms,0.2282,
frame_ms,0.7095,
frame_ms,0.6408,
frame_ms,0.2417,
frame_ms,0.2217,
frame_ms,0.2206,
frame_ms,0.219,
frame_ms,0.2134,
tick_us,1846.7,2250
frame_ms,3.8838,
frame_ms,0.2767,
frame_ms,0.2255,
frame_ms,0.2578,
frame_ms,0.2157,
frame_ms,0.2148,
frame_ms,0.2621,
frame_ms,0.2323,
frame_ms,0.2159,
frame_ms,0.2421,
frame_ms,0.2216,
frame_ms,0.2103,
frame_ms,0.2418,
frame_ms,0.2252,
tick_us,1823.5,2233
frame_ms,3.8102,
frame_ms,0.256,
frame_ms,0.2216,
frame_ms,0.2305,
frame_ms,0.2398,
frame_ms,0.2187,
frame_ms,0.2113,
frame_ms,0.2456,
frame_ms,0.2252,
frame_ms,0.2148,
frame_ms,0.2411,
frame_ms,0.2222,
frame_ms,0.2138,
frame_ms,0.2147,
tick_us,1856.2,2223
frame_ms,4.2232,
frame_ms,0.3293,
frame_ms,0.2438,
frame_ms,0.2265,
frame_ms,0.2262,
frame_ms,0.2243,
frame_ms,0.2156,
frame_ms,0.2329,
frame_ms,0.2253,
frame_ms,0.214,
frame_ms,0.2583,
frame_ms,0.2242,
frame_ms,0.2116,
tick_us,1818.3,2206
frame_ms,3.9373,
frame_ms,0.2889,
frame_ms,0.2256,
frame_ms,0.2175,
frame_ms,0.2145,
frame_ms,0.2417,
frame_ms,0.2161,
frame_ms,0.215,
frame_ms,0.2332,
frame_ms,0.2309,
frame_ms,0.2171,
frame_ms,0.2475,
frame_ms,0.2565,
frame_ms,0.2114,
tick_us,1895.7,2207
frame_ms,3.9881,
frame_ms,0.2982,
frame_ms,0.2364,
frame_ms,0.244,
frame_ms,0.2212,
frame_ms,0.2184,
frame_ms,0.2259,
frame_ms,0.2146,
frame_ms,0.2549,
frame_ms,0.2264,
frame_ms,0.2176,
frame_ms,0.211,
frame_ms,0.2725,
frame_ms,0.2563,
tick_us,1873.1,2211
frame_ms,3.9681,
frame_ms,0.3902,
frame_ms,0.3977,
frame_ms,0.2778,
frame_ms,0.2579,
frame_ms,0.244,
frame_ms,0.2385,
frame_ms,0.3234,
frame_ms,0.3027,
frame_ms,0.2524,
frame_ms,0.2211,
tick_us,1867.8,2221
frame_ms,3.9569,
frame_ms,0.3582,
frame_ms,0.251,
frame_ms,0.2289,
frame_ms,0.225,
frame_ms,0.222,
frame_ms,0.2319,
frame_ms,0.2257,
frame_ms,0.2523,
frame_ms,0.4922,
frame_ms,0.3588,
tick_us,1842.5,2229
frame_ms,4.0434,
frame_ms,0.2777,
frame_ms,0.2302,
frame_ms,0.2305,
frame_ms,0.226,
frame_ms,0.2175,
frame_ms,0.2421,
frame_ms,0.2395,
frame_ms,0.2204,
frame_ms,0.2414,
frame_ms,0.2433,
frame_ms,0.2241,
frame_ms,0.2349,
frame_ms,0.244,
tick_us,1835.8,2246
frame_ms,3.8765,
frame_ms,0.2688,
frame_ms,0.2267,
frame_ms,0.2219,
frame_ms,0.838,
frame_ms,0.437,
frame_ms,0.3603,
frame_ms,0.2813,
frame_ms,0.2596,
frame_ms,0.2237,
tick_us,1841.2,2251
frame_ms,3.8889,
frame_ms,0.2967,
frame_ms,0.4803,
frame_ms,0.3847,
frame_ms,0.262,
frame_ms,0.3195,
frame_ms,0.235,
frame_ms,0.2347,
frame_ms,0.3209,
frame_ms,0.3618,
tick_us,1872.3,2245
frame_ms,4.0463,
frame_ms,0.3369,
frame_ms,0.2694,
frame_ms,0.2311,
frame_ms,0.2328,
frame_ms,0.2218,
frame_ms,0.2221,
frame_ms,0.2386,
frame_ms,0.2299,
frame_ms,0.4605,
frame_ms,0.3027,
frame_ms,0.3393,
tick_us,1896.6,2246
frame_ms,4.0935,
frame_ms,0.2749,
frame_ms,0.2245,
frame_ms,0.2293,
frame_ms,0.2229,
frame_ms,0.2187,
frame_ms,0.2433,
frame_ms,0.2207,
frame_ms,0.2136,
frame_ms,0.24,
frame_ms,0.2127,
frame_ms,0.215,
frame_ms,0.2354,
tick_us,1774.1,2249
frame_ms,3.7505,
frame_ms,0.4882,
frame_ms,0.351,
frame_ms,0.2567,
frame_ms,0.2211,
frame_ms,0.2269,
frame_ms,0.2391,
frame_ms,0.2923,
frame_ms,0.2529,
frame_ms,0.2313,
frame_ms,0.2184,
frame_ms,0.2143,
frame_ms,0.2355,
tick_us,1924.3,2273
frame_ms,4.0767,
frame_ms,0.4268,
frame_ms,0.3095,
frame_ms,0.2275,
frame_ms,0.2249,
frame_ms,0.2247,
frame_ms,0.2226,
frame_ms,0.2395,
frame_ms,0.2326,
frame_ms,0.2291,
frame_ms,0.2169,
frame_ms,0.2821,
tick_us,1765.5,2285
frame_ms,3.8748,
frame_ms,0.2576,
frame_ms,0.2273,
frame_ms,0.4636,
frame_ms,0.3839,
frame_ms,0.2374,
frame_ms,0.2148,
frame_ms,0.2186,
frame_ms,0.2122,
frame_ms,0.2194,
frame_ms,0.2421,
frame_ms,0.2229,
frame_ms,0.2156,
tick_us,1801.8,2294
frame_ms,3.8106,
frame_ms,0.2614,
frame_ms,0.2192,
frame_ms,0.3866,
frame_ms,0.2959,
frame_ms,0.2688,
frame_ms,0.23,
frame_ms,0.2435,
frame_ms,0.2283,
frame_ms,0.2227,
frame_ms,0.2233,
frame_ms,0.2117,
frame_ms,0.2623,
tick_us,1810,2251
frame_ms,3.8048,
frame_ms,0.2555,
frame_ms,0.2178,
frame_ms,0.2177,
frame_ms,0.2128,
frame_ms,0.2271,
frame_ms,0.5678,
frame_ms,0.3381,
frame_ms,0.2206,
frame_ms,0.2119,
frame_ms,0.2145,
frame_ms,0.2108,
frame_ms,0.2314,
tick_us,1748,2251
frame_ms,3.8236,
frame_ms,0.3293,
frame_ms,0.2516,
frame_ms,0.243,
frame_ms,0.2445,
frame_ms,0.4379,
frame_ms,0.3159,
frame_ms,0.2238,
frame_ms,0.2222,
frame_ms,0.2195,
frame_ms,0.2262,
frame_ms,0.2205,
frame_ms,0.2599,
tick_us,1762,2231
frame_ms,3.7665,
frame_ms,0.2606,
frame_ms,0.2204,
frame_ms,0.2191,
frame_ms,0.2153,
frame_ms,0.2547,
frame_ms,0.23,
frame_ms,0.2163,
frame_ms,0.4419,
frame_ms,0.2735,
frame_ms,0.2252,
frame_ms,0.2163,
frame_ms,0.209,
frame_ms,0.207,
tick_us,1755.7,2241
frame_ms,3.7492,
frame_ms,0.2632,
frame_ms,0.5741,
frame_ms,0.3556,
frame_ms,0.4219,
frame_ms,0.3569,
frame_ms,0.3386,
frame_ms,0.3366,
frame_ms,0.3716,
tick_us,1814.6,2224
frame_ms,4.0263,
frame_ms,0.2785,
frame_ms,0.2243,
frame_ms,0.2181,
frame_ms,0.2179,
frame_ms,0.2266,
frame_ms,0.2182,
frame_ms,0.2691,
frame_ms,0.215,
frame_ms,0.2744,
frame_ms,0.2588,
frame_ms,0.227,
frame_ms,0.2129,
frame_ms,0.2261,
tick_us,1765.5,2212
frame_ms,3.7751,
frame_ms,0.2657,
frame_ms,0.2191,
frame_ms,0.2158,
frame_ms,0.2095,
frame_ms,0.2431,
frame_ms,0.2378,
frame_ms,0.2148,
frame_ms,0.2278,
frame_ms,0.2601,
frame_ms,0.2337,
frame_ms,0.2163,
frame_ms,0.3273,
frame_ms,0.3882,
tick_us,1856.7,2207
frame_ms,3.9692,
frame_ms,0.2678,
frame_ms,0.2172,
frame_ms,0.2161,
frame_ms,0.2136,
frame_ms,0.2211,
frame_ms,0.2402,
frame_ms,0.2202,
frame_ms,0.2101,
frame_ms,0.242,
frame_ms,0.22,
frame_ms,0.2108,
frame_ms,0.3743,
tick_us,1785.2,2210
frame_ms,3.7164,
frame_ms,0.255,
frame_ms,0.2207,
frame_ms,0.2197,
frame_ms,0.2144,
frame_ms,0.2102,
frame_ms,0.2519,
frame_ms,0.2231,
frame_ms,0.2213,
frame_ms,0.2073,
frame_ms,0.2478,
frame_ms,0.2158,
frame_ms,0.2097,
frame_ms,0.2294,
frame_ms,0.2151,
tick_us,1727.7,2206
frame_ms,3.6719,
frame_ms,0.2585,
frame_ms,0.2167,
frame_ms,0.2158,
frame_ms,0.2238,
frame_ms,0.2327,
frame_ms,0.218,
frame_ms,0.209,
frame_ms,0.2511,
frame_ms,0.22,
frame_ms,0.2046,
frame_ms,0.2475,
frame_ms,0.2239,
frame_ms,0.2137,
frame_ms,0.2498,
frame_ms,0.2252,
tick_us,1756.9,2219
frame_ms,3.7459,
frame_ms,0.2461,
frame_ms,0.2127,
frame_ms,0.2098,
frame_ms,0.2268,
frame_ms,0.2324,
frame_ms,0.2204,
frame_ms,0.2628,
frame_ms,0.223,
frame_ms,0.2136,
frame_ms,0.2637,
frame_ms,0.2253,
frame_ms,0.213,
frame_ms,0.2249,
frame_ms,0.2333,
tick_us,1812.2,2214
frame_ms,4.3537,
frame_ms,0.2995,
frame_ms,0.2228,
frame_ms,0.2183,
frame_ms,0.2077,
frame_ms,0.2071,
frame_ms,0.2429,
frame_ms,0.2184,
frame_ms,0.2227,
frame_ms,0.2484,
frame_ms,0.2188,
frame_ms,0.2072,
tick_us,1879.8,2210
frame_ms,3.895,
frame_ms,0.2676,
frame_ms,0.2229,
frame_ms,0.2144,
frame_ms,0.21,
frame_ms,0.2516,
frame_ms,0.2283,
frame_ms,0.2408,
frame_ms,0.2203,
frame_ms,0.2484,
frame_ms,0.2219,
frame_ms,0.2139,
frame_ms,0.2242,
frame_ms,0.2109,
tick_us,1756.6,2190
frame_ms,3.7506,
frame_ms,0.2659,
frame_ms,0.2196,
frame_ms,0.2274,
frame_ms,0.2093,
frame_ms,0.2519,
frame_ms,0.2278,
frame_ms,0.2083,
frame_ms,0.2251,
frame_ms,0.346,
frame_ms,0.305,
frame_ms,0.2615,
frame_ms,0.2246,
frame_ms,0.23,
tick_us,1752.4,2189
frame_ms,3.745,
frame_ms,0.2592,
frame_ms,0.2369,
frame_ms,0.2717,
frame_ms,0.2328,
frame_ms,0.2191,
frame_ms,0.2136,
frame_ms,0.2614,
frame_ms,0.2274,
frame_ms,0.2106,
frame_ms,0.2512,
frame_ms,0.2284,
frame_ms,0.2122,
frame_ms,0.2227,
frame_ms,0.2267,
tick_us,1751.1,2187
frame_ms,3.718,
frame_ms,0.2656,
frame_ms,0.2197,
frame_ms,0.216,
frame_ms,0.2177,
frame_ms,0.2708,
frame_ms,0.2298,
frame_ms,0.211,
frame_ms,0.2517,
frame_ms,0.2263,
frame_ms,0.2089,
frame_ms,0.2223,
frame_ms,0.233,
frame_ms,0.2148,
frame_ms,0.2092,
tick_us,1767.5,2207
frame_ms,3.729,
frame_ms,0.2641,
frame_ms,0.2215,
frame_ms,0.2208,
frame_ms,0.2102,
frame_ms,0.2475,
frame_ms,0.2206,
frame_ms,0.2172,
frame_ms,0.2241,
frame_ms,0.2316,
frame_ms,0.2199,
frame_ms,0.2109,
frame_ms,0.2773,
frame_ms,0.225,
frame_ms,0.2092,
tick_us,1736.1,2197
frame_ms,3.7126,
frame_ms,0.2622,
frame_ms,0.2275,
frame_ms,0.2273,
frame_ms,0.2079,
frame_ms,0.206,
frame_ms,0.2569,
frame_ms,0.2237,
frame_ms,0.2116,
frame_ms,0.2484,
frame_ms,0.2232,
frame_ms,0.2104,
frame_ms,0.2383,
frame_ms,0.2234,
frame_ms,0.2129,
tick_us,1732.4,2210
frame_ms,3.7654,
frame_ms,0.3197,
frame_ms,0.2514,
frame_ms,0.37,
frame_ms,0.3027,
frame_ms,0.2223,
frame_ms,0.2252,
frame_ms,0.2275,
frame_ms,0.2396,
frame_ms,0.2326,
frame_ms,0.2256,
frame_ms,0.2208,
frame_ms,0.2372,
frame_ms,0.2717,
tick_us,1748.3,2202
frame_ms,3.7273,
frame_ms,0.2577,
frame_ms,0.2195,
frame_ms,0.2163,
frame_ms,0.2098,
frame_ms,0.2771,
frame_ms,0.2698,
frame_ms,0.2341,
frame_ms,0.2249,
frame_ms,0.3129,
frame_ms,0.2157,
frame_ms,0.2187,
frame_ms,0.2155,
frame_ms,0.3114,
tick_us,1755,2235
frame_ms,3.7596,
frame_ms,0.2616,
frame_ms,0.2285,
frame_ms,0.34,
frame_ms,0.6956,
frame_ms,0.41,
frame_ms,0.3464,
frame_ms,0.3393,
frame_ms,0.3336,
tick_us,1875.8,2223
frame_ms,3.9662,
frame_ms,0.2623,
frame_ms,0.2305,
frame_ms,0.2184,
frame_ms,0.2133,
frame_ms,0.2486,
frame_ms,0.2272,
frame_ms,0.2125,
frame_ms,0.241,
frame_ms,0.2668,
frame_ms,0.2148,
frame_ms,0.2118,
frame_ms,0.2053,
frame_ms,0.2572,
frame_ms,0.2238,
tick_us,1728.1,2220
frame_ms,3.6674,
frame_ms,0.2565,
frame_ms,0.216,
frame_ms,0.2096,
frame_ms,0.2074,
frame_ms,0.2261,
frame_ms,0.2135,
frame_ms,0.2043,
frame_ms,0.2446,
frame_ms,0.2272,
frame_ms,0.3854,
frame_ms,0.2285,
frame_ms,0.229,
frame_ms,0.2169,
frame_ms,0.2253,
tick_us,1739.4,2225
frame_ms,3.7095,
frame_ms,0.2542,
frame_ms,0.2207,
frame_ms,0.2098,
frame_ms,0.2187,
frame_ms,0.2322,
frame_ms,0.2136,
frame_ms,0.2067,
frame_ms,0.2553,
frame_ms,0.221,
frame_ms,0.213,
frame_ms,0.2709,
frame_ms,0.2262,
frame_ms,0.2111,
frame_ms,0.252,
tick_us,1768.3,2199
frame_ms,3.7738,
frame_ms,0.2776,
frame_ms,0.2306,
frame_ms,0.2271,
frame_ms,0.2274,
frame_ms,0.2156,
frame_ms,0.2453,
frame_ms,0.275,
frame_ms,0.2399,
frame_ms,0.2212,
frame_ms,0.2113,
frame_ms,0.2102,
frame_ms,0.2403,
frame_ms,0.2189,
tick_us,1836.5,2178
frame_ms,3.8289,
frame_ms,0.282,
frame_ms,0.2258,
frame_ms,0.2176,
frame_ms,0.2327,
frame_ms,0.21,
frame_ms,0.2668,
frame_ms,0.2255,
frame_ms,0.2124,
frame_ms,0.2238,
frame_ms,0.2356,
frame_ms,0.2086,
frame_ms,0.2045,
frame_ms,0.2434,
frame_ms,0.2255,
tick_us,1713.7,2158
frame_ms,3.6326,
frame_ms,0.2836,
frame_ms,0.2315,
frame_ms,0.2307,
frame_ms,0.2099,
frame_ms,0.2072,
frame_ms,0.2638,
frame_ms,0.2258,
frame_ms,0.2114,
frame_ms,0.2063,
frame_ms,0.2429,
frame_ms,0.2162,
frame_ms,0.2079,
frame_ms,0.2403,
frame_ms,0.2173,
tick_us,1714.6,2154
frame_ms,4.6063,
frame_ms,0.2674,
frame_ms,0.2221,
frame_ms,0.2133,
frame_ms,0.2068,
frame_ms,0.2407,
frame_ms,0.2157,
frame_ms,0.2087,
frame_ms,0.2396,
frame_ms,0.2103,
frame_ms,0.2162,
frame_ms,0.2334,
tick_us,1745.2,2170
frame_ms,3.6756,
frame_ms,0.2537,
frame_ms,0.2202,
frame_ms,0.2157,
frame_ms,0.3164,
frame_ms,0.2466,
frame_ms,0.2285,
frame_ms,0.2214,
frame_ms,0.2164,
frame_ms,0.2506,
frame_ms,0.2509,
frame_ms,0.2229,
frame_ms,0.214,
frame_ms,0.2231,
frame_ms,0.2188,
tick_us,1706,2184
frame_ms,4.3774,
frame_ms,0.8454,
frame_ms,0.479,
frame_ms,0.2312,
frame_ms,0.2087,
frame_ms,0.2076,
frame_ms,0.2049,
frame_ms,0.2284,
tick_us,1779.2,2180
frame_ms,3.7015,
frame_ms,0.2491,
frame_ms,0.2137,
frame_ms,0.2194,
frame_ms,0.2264,
frame_ms,0.219,
frame_ms,0.2846,
frame_ms,0.3007,
frame_ms,0.2628,
frame_ms,0.2407,
frame_ms,0.2433,
frame_ms,0.2408,
frame_ms,0.2357,
frame_ms,0.2632,
tick_us,1683.4,2172
frame_ms,3.675,
frame_ms,0.2872,
frame_ms,0.2251,
frame_ms,0.2202,
frame_ms,0.2182,
frame_ms,0.2123,
frame_ms,0.2094,
frame_ms,0.2525,
frame_ms,0.5773,
frame_ms,0.3722,
frame_ms,0.2261,
frame_ms,0.2152,
frame_ms,0.2139,
frame_ms,0.2111,
tick_us,1705.2,2177
frame_ms,3.5971,
frame_ms,0.2526,
frame_ms,0.2275,
frame_ms,0.2157,
frame_ms,0.2279,
frame_ms,0.2353,
frame_ms,0.2108,
frame_ms,0.2096,
frame_ms,0.2323,
frame_ms,0.2393,
frame_ms,0.2134,
frame_ms,0.2064,
frame_ms,0.2451,
frame_ms,0.2175,
frame_ms,0.2114,
frame_ms,0.2259,
tick_us,1688.6,2202
frame_ms,3.6231,
frame_ms,0.2699,
frame_ms,0.2244,
frame_ms,0.216,
frame_ms,0.2129,
frame_ms,0.2284,
frame_ms,0.2103,
frame_ms,0.2024,
frame_ms,0.2866,
frame_ms,0.2788,
frame_ms,0.2354,
frame_ms,0.2253,
frame_ms,0.2177,
frame_ms,0.2135,
frame_ms,0.2533,
tick_us,1713.1,2225
frame_ms,3.6988,
frame_ms,0.2779,
frame_ms,0.2283,
frame_ms,0.2186,
frame_ms,0.2199,
frame_ms,0.2083,
frame_ms,0.2634,
frame_ms,0.2258,
frame_ms,0.2135,
frame_ms,0.2276,
frame_ms,0.2103,
frame_ms,0.2635,
frame_ms,0.2275,
frame_ms,0.2114,
frame_ms,0.2347,
tick_us,1737.9,2242
frame_ms,3.6816,
frame_ms,0.2542,
frame_ms,0.2233,
frame_ms,0.2823,
frame_ms,0.2404,
frame_ms,0.3961,
frame_ms,0.222,
frame_ms,0.2106,
frame_ms,0.2184,
frame_ms,0.2972,
frame_ms,0.3967,
frame_ms,0.344,
tick_us,1758.3,2228
frame_ms,3.8359,
frame_ms,0.2842,
frame_ms,0.236,
frame_ms,0.2264,
frame_ms,0.2126,
frame_ms,0.2107,
frame_ms,0.2608,
frame_ms,0.2259,
frame_ms,0.2351,
frame_ms,0.2216,
frame_ms,0.2349,
frame_ms,0.2166,
frame_ms,0.2282,
frame_ms,0.214,
frame_ms,0.265,
tick_us,1749.7,2227
frame_ms,3.7383,
frame_ms,0.2538,
frame_ms,0.2261,
frame_ms,0.2225,
frame_ms,0.2097,
frame_ms,0.2515,
frame_ms,0.2287,
frame_ms,0.2097,
frame_ms,0.2616,
frame_ms,0.2266,
frame_ms,0.2114,
frame_ms,0.2299,
frame_ms,0.2102,
frame_ms,0.2597,
frame_ms,0.2131,
tick_us,1871.3,2256
frame_ms,3.9966,
frame_ms,0.3068,
frame_ms,0.2371,
frame_ms,0.4263,
frame_ms,0.2789,
frame_ms,0.2655,
frame_ms,0.2298,
frame_ms,0.2495,
frame_ms,0.2206,
frame_ms,0.2193,
frame_ms,0.335,
tick_us,1793.9,2246
frame_ms,4.1807,
frame_ms,0.2734,
frame_ms,0.2242,
frame_ms,0.2212,
frame_ms,0.2137,
frame_ms,0.21,
frame_ms,0.2632,
frame_ms,0.2442,
frame_ms,0.2212,
frame_ms,0.2115,
frame_ms,0.2393,
frame_ms,0.2141,
frame_ms,0.2081,
frame_ms,0.2719,
tick_us,1776,2242
frame_ms,3.898,
frame_ms,0.3239,
frame_ms,0.3229,
frame_ms,0.3493,
frame_ms,0.2163,
frame_ms,0.2168,
frame_ms,0.2078,
frame_ms,0.2059,
frame_ms,0.2518,
frame_ms,0.2234,
frame_ms,0.213,
frame_ms,0.2755,
tick_us,1799.6,2232
frame_ms,4.44,
frame_ms,0.3044,
frame_ms,0.2359,
frame_ms,0.269,
frame_ms,0.216,
frame_ms,0.2131,
frame_ms,0.2125,
frame_ms,0.2279,
frame_ms,0.2413,
frame_ms,0.2237,
frame_ms,0.2188,
frame_ms,0.254,
tick_us,1822.9,2231
frame_ms,3.7984,
frame_ms,0.2697,
frame_ms,0.2261,
frame_ms,0.2134,
frame_ms,0.2231,
frame_ms,0.2347,
frame_ms,0.2182,
frame_ms,0.2826,
frame_ms,0.23,
frame_ms,0.2102,
frame_ms,0.229,
frame_ms,0.224,
frame_ms,0.2176,
frame_ms,0.2392,
frame_ms,0.2092,
tick_us,1781.5,2252
frame_ms,3.8412,
frame_ms,0.3401,
frame_ms,0.2506,
frame_ms,0.2302,
frame_ms,0.2264,
frame_ms,0.2178,
frame_ms,0.2242,
frame_ms,0.221,
frame_ms,0.2475,
frame_ms,0.2306,
frame_ms,0.2182,
frame_ms,0.2673,
frame_ms,0.2709,
frame_ms,0.2408,
tick_us,1886.5,2249
frame_ms,3.9253,
frame_ms,0.3304,
frame_ms,0.2453,
frame_ms,0.2283,
frame_ms,0.2355,
frame_ms,0.2335,
frame_ms,0.2157,
frame_ms,0.2091,
frame_ms,0.2487,
frame_ms,0.2267,
frame_ms,0.2153,
frame_ms,0.2094,
frame_ms,0.2328,
tick_us,1831.4,2241
frame_ms,3.8887,
frame_ms,0.3111,
frame_ms,0.2255,
frame_ms,0.239,
frame_ms,0.2221,
frame_ms,0.2168,
frame_ms,0.2189,
frame_ms,0.2124,
frame_ms,0.2925,
frame_ms,0.2846,
frame_ms,0.2345,
frame_ms,0.2557,
frame_ms,0.2134,
frame_ms,0.2146,
tick_us,1764,2246
frame_ms,3.8106,
frame_ms,0.2755,
frame_ms,0.2247,
frame_ms,0.2202,
frame_ms,0.2112,
frame_ms,0.2101,
frame_ms,0.2397,
frame_ms,0.2569,
frame_ms,0.22,
frame_ms,0.2107,
frame_ms,0.2052,
frame_ms,0.2775,
frame_ms,0.2257,
frame_ms,0.2124,
tick_us,1792.3,2231
frame_ms,3.9452,
frame_ms,0.2555,
frame_ms,0.2206,
frame_ms,0.2215,
frame_ms,0.2225,
frame_ms,0.2641,
frame_ms,0.2831,
frame_ms,0.2455,
frame_ms,0.2283,
frame_ms,0.2185,
frame_ms,0.2197,
frame_ms,0.23,
frame_ms,0.2074,
frame_ms,0.2813,
tick_us,1831.5,2231
frame_ms,3.9017,
frame_ms,0.2548,
frame_ms,0.2247,
frame_ms,0.2134,
frame_ms,0.2146,
frame_ms,0.2248,
frame_ms,0.2414,
frame_ms,0.2131,
frame_ms,0.2139,
frame_ms,0.2269,
frame_ms,0.2134,
frame_ms,0.287,
frame_ms,0.2316,
frame_ms,0.2172,
frame_ms,0.2109,
tick_us,1865.4,2239
frame_ms,3.9249,
frame_ms,0.2617,
frame_ms,0.2176,
frame_ms,0.2152,
frame_ms,0.2157,
frame_ms,0.2138,
frame_ms,0.2453,
frame_ms,0.2691,
frame_ms,0.2334,
frame_ms,0.2239,
frame_ms,0.8372,
tick_us,1848.1,2245
frame_ms,4.5272,
frame_ms,0.4849,
frame_ms,0.3876,
frame_ms,0.3649,
frame_ms,0.2782,
frame_ms,0.231,
frame_ms,0.224,
frame_ms,0.2198,
frame_ms,0.2176,
tick_us,1860.6,2259
frame_ms,3.9358,
frame_ms,0.3176,
frame_ms,0.2437,
frame_ms,0.2311,
frame_ms,0.2191,
frame_ms,0.2086,
frame_ms,0.2086,
frame_ms,0.2458,
frame_ms,0.2323,
frame_ms,0.2246,
frame_ms,0.2121,
frame_ms,0.2647,
frame_ms,0.219,
frame_ms,0.2089,
tick_us,1855.4,2255
frame_ms,3.9429,
frame_ms,0.2632,
frame_ms,0.2258,
frame_ms,0.2208,
frame_ms,0.2291,
frame_ms,0.2222,
frame_ms,0.2119,
frame_ms,0.2419,
frame_ms,0.2184,
frame_ms,0.215,
frame_ms,0.2212,
frame_ms,0.2449,
frame_ms,0.2174,
frame_ms,0.3235,
tick_us,2137.1,2253
frame_ms,4.3398,
frame_ms,0.2909,
frame_ms,0.2833,
frame_ms,0.2122,
frame_ms,0.2129,
frame_ms,0.2171,
frame_ms,0.2092,
frame_ms,0.2649,
frame_ms,0.2237,
frame_ms,0.2155,
frame_ms,0.2113,
frame_ms,0.2279,
tick_us,1825.8,2240
frame_ms,3.9108,
frame_ms,0.2649,
frame_ms,0.2166,
frame_ms,0.2162,
frame_ms,0.2083,
frame_ms,0.2574,
frame_ms,0.2192,
frame_ms,0.2498,
frame_ms,0.2176,
frame_ms,0.2284,
frame_ms,0.2169,
frame_ms,0.216,
frame_ms,0.2245,
frame_ms,0.2464,
tick_us,1837.9,2233
frame_ms,3.9209,
frame_ms,0.249,
frame_ms,0.2191,
frame_ms,0.2804,
frame_ms,0.2136,
frame_ms,0.2049,
frame_ms,0.2354,
frame_ms,0.2151,
frame_ms,0.2079,
frame_ms,0.2469,
frame_ms,0.2143,
frame_ms,0.2157,
frame_ms,0.238,
frame_ms,0.2227,
tick_us,1848.3,2223
frame_ms,3.9376,
frame_ms,0.2517,
frame_ms,0.4701,
frame_ms,0.6823,
frame_ms,0.2476,
frame_ms,0.2145,
frame_ms,0.2158,
frame_ms,0.2115,
frame_ms,0.2075,
frame_ms,0.2366,
frame_ms,0.2159,
frame_ms,0.2069,
tick_us,1861.7,2227
frame_ms,3.9327,
frame_ms,0.2423,
frame_ms,0.2232,
frame_ms,0.2154,
frame_ms,0.2072,
frame_ms,0.261,
frame_ms,0.225,
frame_ms,0.2129,
frame_ms,0.2306,
frame_ms,0.2118,
frame_ms,0.2048,
frame_ms,0.2492,
frame_ms,0.2764,
frame_ms,0.2412,
tick_us,1866.2,2231
frame_ms,3.9343,
frame_ms,0.2673,
frame_ms,0.2301,
frame_ms,0.233,
frame_ms,0.221,
frame_ms,0.2166,
frame_ms,0.2235,
frame_ms,0.2239,
frame_ms,0.2189,
frame_ms,0.21,
frame_ms,0.2532,
frame_ms,0.3945,
tick_us,1956.6,2231
frame_ms,4.356,
frame_ms,0.289,
frame_ms,0.2297,
frame_ms,0.2292,
frame_ms,0.2228,
frame_ms,0.2141,
frame_ms,0.2087,
frame_ms,0.238,
frame_ms,0.2192,
frame_ms,0.2073,
frame_ms,0.2831,
frame_ms,0.2225,
frame_ms,0.2177,
tick_us,1839.8,2225
frame_ms,3.8303,
frame_ms,0.2663,
frame_ms,0.2169,
frame_ms,0.2177,
frame_ms,0.214,
frame_ms,0.3423,
frame_ms,0.4909,
frame_ms,0.4554,
frame_ms,0.3459,
frame_ms,0.3065,
frame_ms,0.3113,
tick_us,1809.5,2220
frame_ms,3.8389,
frame_ms,0.2997,
frame_ms,0.2349,
frame_ms,0.2194,
frame_ms,0.2201,
frame_ms,0.2155,
frame_ms,0.211,
frame_ms,0.2691,
frame_ms,0.2696,
frame_ms,0.2205,
frame_ms,0.2077,
frame_ms,0.2075,
frame_ms,0.2593,
frame_ms,0.2374,
tick_us,1838.6,2221
frame_ms,3.8456,
frame_ms,0.2536,
frame_ms,0.2248,
frame_ms,0.2197,
frame_ms,0.2093,
frame_ms,0.2478,
frame_ms,0.2214,
frame_ms,0.2172,
frame_ms,0.2254,
frame_ms,0.324,
frame_ms,0.2441,
frame_ms,0.2279,
frame_ms,0.2176,
frame_ms,0.2405,
tick_us,1819.1,2207
frame_ms,3.9247,
frame_ms,0.2904,
frame_ms,0.2225,
frame_ms,0.2157,
frame_ms,0.2098,
frame_ms,0.2067,
frame_ms,0.2434,
frame_ms,0.236,
frame_ms,0.2185,
frame_ms,0.211,
frame_ms,0.2747,
frame_ms,0.2217,
frame_ms,0.2107,
frame_ms,0.2197,
tick_us,1852.6,2213
frame_ms,3.9447,
frame_ms,0.2673,
frame_ms,0.2258,
frame_ms,0.2278,
frame_ms,0.2122,
frame_ms,0.2049,
frame_ms,0.2464,
frame_ms,0.2264,
frame_ms,0.2111,
frame_ms,0.2115,
frame_ms,0.2803,
frame_ms,0.2847,
frame_ms,0.2327,
frame_ms,0.2352,
tick_us,1840.3,2209
frame_ms,3.8788,
frame_ms,0.273,
frame_ms,0.2283,
frame_ms,0.223,
frame_ms,0.2281,
frame_ms,0.2242,
frame_ms,0.2163,
frame_ms,0.64,
frame_ms,0.2951,
frame_ms,0.2366,
frame_ms,0.2143,
frame_ms,0.2259,
tick_us,1819.2,2193
frame_ms,3.9268,
frame_ms,0.2504,
frame_ms,0.2162,
frame_ms,0.2176,
frame_ms,0.2287,
frame_ms,0.2127,
frame_ms,0.2582,
frame_ms,0.215,
frame_ms,0.2136,
frame_ms,0.2115,
frame_ms,0.2543,
frame_ms,0.3464,
frame_ms,0.2251,
frame_ms,0.2191,
tick_us,1882.4,2198
frame_ms,3.9026,
frame_ms,0.243,
frame_ms,0.2154,
frame_ms,0.2182,
frame_ms,0.2208,
frame_ms,0.2159,
frame_ms,0.2416,
frame_ms,0.2219,
frame_ms,0.2145,
frame_ms,0.2093,
frame_ms,0.2446,
frame_ms,0.217,
frame_ms,0.2097,
frame_ms,0.2556,
frame_ms,0.222,
tick_us,1850.5,2197
frame_ms,4.0769,
frame_ms,0.3093,
frame_ms,0.2317,
frame_ms,0.2205,
frame_ms,0.2259,
frame_ms,0.2108,
frame_ms,0.224,
frame_ms,0.234,
frame_ms,0.2105,
frame_ms,0.2069,
frame_ms,0.2504,
frame_ms,0.2223,
frame_ms,0.2115,
tick_us,1843.4,2189
frame_ms,3.9224,
frame_ms,0.2603,
frame_ms,0.2157,
frame_ms,0.2205,
frame_ms,0.2095,
frame_ms,0.2072,
frame_ms,0.2543,
frame_ms,0.2314,
frame_ms,0.2125,
frame_ms,0.2091,
frame_ms,0.237,
frame_ms,0.2166,
frame_ms,0.2062,
frame_ms,0.2472,
frame_ms,0.2173,
tick_us,1850.9,2201
frame_ms,3.9125,
frame_ms,0.2485,
frame_ms,0.214,
frame_ms,0.2085,
frame_ms,0.2281,
frame_ms,0.2141,
frame_ms,0.2787,
frame_ms,0.2244,
frame_ms,0.208,
frame_ms,0.2227,
frame_ms,0.2331,
frame_ms,0.2115,
frame_ms,0.2091,
frame_ms,0.233,
tick_us,1850.7,2213
frame_ms,3.9742,
frame_ms,0.2462,
frame_ms,0.2669,
frame_ms,0.2208,
frame_ms,0.2165,
frame_ms,0.2153,
frame_ms,0.2086,
frame_ms,0.2585,
frame_ms,0.2269,
frame_ms,0.2119,
frame_ms,0.211,
frame_ms,0.241,
frame_ms,0.2201,
frame_ms,0.2082,
tick_us,1916,2240
frame_ms,4.0437,
frame_ms,0.2775,
frame_ms,0.2179,
frame_ms,0.2145,
frame_ms,0.2137,
frame_ms,0.2435,
frame_ms,0.2216,
frame_ms,0.2267,
frame_ms,0.2163,
frame_ms,0.2666,
frame_ms,0.2327,
frame_ms,0.2189,
frame_ms,0.206,
frame_ms,0.2675,
tick_us,1887.9,2253
frame_ms,4.0114,
frame_ms,0.2574,
frame_ms,0.221,
frame_ms,0.2143,
frame_ms,0.2225,
frame_ms,0.2333,
frame_ms,0.2109,
frame_ms,0.22,
frame_ms,0.2263,
frame_ms,0.21,
frame_ms,0.2663,
frame_ms,0.2569,
frame_ms,0.2139,
tick_us,1904.1,2251
frame_ms,4.0311,
frame_ms,0.246,
frame_ms,0.2242,
frame_ms,0.2136,
frame_ms,0.2107,
frame_ms,0.2647,
frame_ms,0.226,
frame_ms,0.2205,
frame_ms,0.2758,
frame_ms,0.3033,
frame_ms,0.225,
frame_ms,0.2176,
frame_ms,0.2089,
frame_ms,0.2233,
tick_us,1894.5,2207
frame_ms,3.9552,
frame_ms,0.2531,
frame_ms,0.2167,
frame_ms,0.222,
frame_ms,0.2234,
frame_ms,0.2409,
frame_ms,0.2165,
frame_ms,0.2121,
frame_ms,0.2427,
frame_ms,0.2316,
frame_ms,0.2166,
frame_ms,0.212,
frame_ms,0.2685,
frame_ms,0.2241,
tick_us,1849.1,2208
frame_ms,3.908,
frame_ms,0.2517,
frame_ms,0.2159,
frame_ms,0.2079,
frame_ms,0.2076,
frame_ms,0.2631,
frame_ms,0.2256,
frame_ms,0.2109,
frame_ms,0.2254,
frame_ms,0.2473,
frame_ms,0.2145,
frame_ms,0.2045,
frame_ms,0.2421,
frame_ms,0.2472,
tick_us,1947.6,2205
frame_ms,4.0652,
frame_ms,0.2974,
frame_ms,0.2371,
frame_ms,0.2291,
frame_ms,0.2219,
frame_ms,0.2227,
frame_ms,0.2337,
frame_ms,0.2193,
frame_ms,0.2621,
frame_ms,0.2708,
frame_ms,0.2335,
frame_ms,0.2233,
frame_ms,0.212,
tick_us,1808,2197
frame_ms,3.9447,
frame_ms,0.2694,
frame_ms,0.2204,
frame_ms,0.2223,
frame_ms,0.2194,
frame_ms,0.2086,
frame_ms,0.2424,
frame_ms,0.246,
frame_ms,0.2234,
frame_ms,0.2131,
frame_ms,0.2384,
frame_ms,0.2373,
frame_ms,0.2167,
frame_ms,0.2075,
tick_us,1945.5,2207
frame_ms,4.1972,
frame_ms,0.3197,
frame_ms,0.2263,
frame_ms,0.2232,
frame_ms,0.2101,
frame_ms,0.2076,
frame_ms,0.2636,
frame_ms,0.2279,
frame_ms,0.2193,
frame_ms,0.2103,
frame_ms,0.2437,
frame_ms,0.2201,
frame_ms,0.2339,
tick_us,1954.3,2207
frame_ms,4.1204,
frame_ms,0.2561,
frame_ms,0.2193,
frame_ms,0.2157,
frame_ms,0.2098,
frame_ms,0.2489,
frame_ms,0.2229,
frame_ms,0.2157,
frame_ms,0.2235,
frame_ms,0.219,
frame_ms,0.2113,
frame_ms,0.2031,
frame_ms,0.259,
frame_ms,0.2235,
tick_us,1965.8,2193
frame_ms,4.2626,
frame_ms,0.3624,
frame_ms,0.2566,
frame_ms,0.241,
frame_ms,0.2905,
frame_ms,0.3774,
frame_ms,0.2843,
frame_ms,0.2362,
frame_ms,0.2201,
frame_ms,0.2227,
frame_ms,0.2153,
tick_us,2103.2,2177
frame_ms,4.2633,
frame_ms,0.3132,
frame_ms,0.2273,
frame_ms,0.228,
frame_ms,0.213,
frame_ms,0.2193,
frame_ms,0.2373,
frame_ms,0.2184,
frame_ms,0.209,
frame_ms,0.2442,
frame_ms,0.2167,
frame_ms,0.209,
tick_us,1895.2,2160
frame_ms,4.0597,
frame_ms,0.2512,
frame_ms,0.2227,
frame_ms,0.215,
frame_ms,0.216,
frame_ms,0.2212,
frame_ms,0.5687,
frame_ms,0.2829,
frame_ms,0.272,
frame_ms,0.2714,
frame_ms,0.2261,
frame_ms,0.2225,
tick_us,1999.7,2154
frame_ms,4.1649,
frame_ms,0.2642,
frame_ms,0.2243,
frame_ms,0.2349,
frame_ms,0.2124,
frame_ms,0.2089,
frame_ms,0.2598,
frame_ms,0.2257,
frame_ms,0.2095,
frame_ms,0.2236,
frame_ms,0.2337,
frame_ms,0.2189,
frame_ms,0.212,
tick_us,1948.8,2163
frame_ms,4.1194,
frame_ms,0.2574,
frame_ms,0.228,
frame_ms,0.2112,
frame_ms,0.2249,
frame_ms,0.2344,
frame_ms,0.2124,
frame_ms,0.2083,
frame_ms,0.2706,
frame_ms,0.2314,
frame_ms,0.2076,
frame_ms,0.2054,
frame_ms,0.4812,
tick_us,1957.8,2186
frame_ms,4.3766,
frame_ms,0.2672,
frame_ms,0.2302,
frame_ms,0.2238,
frame_ms,0.2194,
frame_ms,0.2137,
frame_ms,0.2295,
frame_ms,0.2253,
frame_ms,0.2235,
frame_ms,0.2131,
frame_ms,0.2646,
tick_us,1876.7,2184
frame_ms,4.0159,
frame_ms,0.2666,
frame_ms,0.2213,
frame_ms,0.2142,
frame_ms,0.2103,
frame_ms,0.2669,
frame_ms,0.2256,
frame_ms,0.2204,
frame_ms,0.2394,
frame_ms,0.2139,
frame_ms,0.2058,
frame_ms,0.2502,
frame_ms,0.2142,
frame_ms,0.2077,
tick_us,1875.1,2200
frame_ms,4.0529,
frame_ms,0.2871,
frame_ms,0.2268,
frame_ms,0.2285,
frame_ms,0.2123,
frame_ms,0.21,
frame_ms,0.2666,
frame_ms,0.2696,
frame_ms,0.229,
frame_ms,0.2162,
frame_ms,0.2133,
frame_ms,0.229,
frame_ms,0.2424,
frame_ms,0.2252,
tick_us,1911.3,2208
frame_ms,4.0391,
frame_ms,0.257,
frame_ms,0.218,
frame_ms,0.2097,
frame_ms,0.2084,
frame_ms,0.2348,
frame_ms,0.2117,
frame_ms,0.2184,
frame_ms,0.2469,
frame_ms,0.2202,
frame_ms,0.2098,
frame_ms,0.2427,
frame_ms,0.2178,
frame_ms,0.2107,
tick_us,1945.2,2204
frame_ms,4.5668,
frame_ms,0.3158,
frame_ms,0.2524,
frame_ms,0.2395,
frame_ms,0.2881,
frame_ms,0.361,
frame_ms,0.2129,
frame_ms,0.2148,
frame_ms,0.2119,
frame_ms,0.2105,
tick_us,1929.4,2218
frame_ms,4.0831,
frame_ms,0.2573,
frame_ms,0.2206,
frame_ms,0.2141,
frame_ms,0.2079,
frame_ms,0.2371,
frame_ms,0.2221,
frame_ms,0.2124,
frame_ms,0.2335,
frame_ms,0.2109,
frame_ms,0.2149,
frame_ms,0.2372,
frame_ms,0.2185,
frame_ms,0.2195,
tick_us,1944.6,2224
frame_ms,4.1121,
frame_ms,0.248,
frame_ms,0.2171,
frame_ms,0.2134,
frame_ms,0.2268,
frame_ms,0.2372,
frame_ms,0.4795,
frame_ms,0.3889,
frame_ms,0.2466,
frame_ms,0.2851,
frame_ms,0.2311,
tick_us,2029.9,2217
frame_ms,4.1768,
frame_ms,0.2717,
frame_ms,0.2246,
frame_ms,0.2151,
frame_ms,0.2577,
frame_ms,0.2173,
frame_ms,0.2264,
frame_ms,0.2217,
frame_ms,0.2398,
frame_ms,0.215,
frame_ms,0.2115,
frame_ms,0.2503,
frame_ms,0.219,
tick_us,1927.7,2226
frame_ms,4.0457,
frame_ms,0.2637,
frame_ms,0.2173,
frame_ms,0.2148,
frame_ms,0.2059,
frame_ms,0.2401,
frame_ms,0.2243,
frame_ms,0.2134,
frame_ms,0.224,
frame_ms,0.2292,
frame_ms,0.2175,
frame_ms,0.2134,
frame_ms,0.221,
frame_ms,0.234,
tick_us,1996.7,2214
frame_ms,4.2973,
frame_ms,0.2976,
frame_ms,0.2377,
frame_ms,0.2354,
frame_ms,0.2253,
frame_ms,0.2196,
frame_ms,0.2151,
frame_ms,0.2654,
frame_ms,0.2674,
frame_ms,0.2356,
frame_ms,0.2217,
frame_ms,0.2096,
tick_us,1851,2207
frame_ms,3.8743,
frame_ms,0.2665,
frame_ms,0.2184,
frame_ms,0.2175,
frame_ms,0.2185,
frame_ms,0.2083,
frame_ms,0.2667,
frame_ms,0.2335,
frame_ms,0.2124,
frame_ms,0.2113,
frame_ms,0.2374,
frame_ms,0.2205,
frame_ms,0.2091,
frame_ms,0.2368,
frame_ms,0.2113,
tick_us,1821.9,2209
frame_ms,3.9903,
frame_ms,0.3338,
frame_ms,0.2315,
frame_ms,0.227,
frame_ms,0.2184,
frame_ms,0.2118,
frame_ms,0.2095,
frame_ms,0.2627,
frame_ms,0.225,
frame_ms,0.2122,
frame_ms,0.2193,
frame_ms,0.2119,
frame_ms,0.2829,
tick_us,1991.8,2221
frame_ms,4.1368,
frame_ms,0.2615,
frame_ms,0.2283,
frame_ms,0.227,
frame_ms,0.2163,
frame_ms,0.2259,
frame_ms,0.2176,
frame_ms,0.2675,
frame_ms,0.3149,
frame_ms,0.2251,
frame_ms,0.2186,
frame_ms,0.2155,
frame_ms,0.2098,
tick_us,1848.8,2219
frame_ms,3.9335,
frame_ms,0.5955,
frame_ms,0.2399,
frame_ms,0.2283,
frame_ms,0.2229,
frame_ms,0.2122,
frame_ms,0.2113,
frame_ms,0.2347,
frame_ms,0.214,
frame_ms,0.2179,
frame_ms,0.2465,
frame_ms,0.2657,
tick_us,1844.9,2227
frame_ms,3.9367,
frame_ms,0.25,
frame_ms,0.2203,
frame_ms,0.2241,
frame_ms,0.2136,
frame_ms,0.2422,
frame_ms,0.225,
frame_ms,0.2149,
frame_ms,0.2441,
frame_ms,0.228,
frame_ms,0.2105,
frame_ms,0.2547,
frame_ms,0.2203,
frame_ms,0.2136,
frame_ms,0.2673,
tick_us,1861.2,2226
frame_ms,3.9507,
frame_ms,0.2541,
frame_ms,0.2241,
frame_ms,0.2146,
frame_ms,0.2081,
frame_ms,0.2529,
frame_ms,0.2249,
frame_ms,0.213,
frame_ms,0.2476,
frame_ms,0.2218,
frame_ms,0.5019,
frame_ms,0.3191,
tick_us,1864.7,2245
frame_ms,3.9986,
frame_ms,0.2551,
frame_ms,0.2202,
frame_ms,0.2153,
frame_ms,0.2198,
frame_ms,0.2479,
frame_ms,0.2295,
frame_ms,0.2357,
frame_ms,0.2283,
frame_ms,0.2225,
frame_ms,0.2083,
frame_ms,0.245,
frame_ms,0.2177,
frame_ms,0.2116,
tick_us,1981.5,2253
frame_ms,4.143,
frame_ms,0.2608,
frame_ms,0.2153,
frame_ms,0.2214,
frame_ms,0.2208,
frame_ms,0.2598,
frame_ms,0.2261,
frame_ms,0.2101,
frame_ms,0.2534,
frame_ms,0.2187,
frame_ms,0.2114,
frame_ms,0.2204,
frame_ms,0.239,
tick_us,2055.4,2245
frame_ms,4.4344,
frame_ms,0.2905,
frame_ms,0.2334,
frame_ms,0.2243,
frame_ms,0.2151,
frame_ms,0.2077,
frame_ms,0.243,
frame_ms,0.2194,
frame_ms,0.21,
frame_ms,0.2501,
frame_ms,0.2236,
frame_ms,0.2078,
tick_us,1964.7,2240
frame_ms,4.1831,
frame_ms,0.2654,
frame_ms,0.2197,
frame_ms,0.2136,
frame_ms,0.2132,
frame_ms,0.2437,
frame_ms,0.2325,
frame_ms,0.2123,
frame_ms,0.2729,
frame_ms,0.222,
frame_ms,0.2126,
frame_ms,0.2661,
frame_ms,0.2212,
tick_us,1986.6,2251
frame_ms,4.3349,
frame_ms,0.2984,
frame_ms,0.2781,
frame_ms,0.3684,
frame_ms,0.2142,
frame_ms,0.2179,
frame_ms,0.2162,
frame_ms,0.2109,
frame_ms,0.2397,
frame_ms,0.2205,
frame_ms,0.2105,
tick_us,1988.9,2260
frame_ms,4.2404,
frame_ms,0.2607,
frame_ms,0.2226,
frame_ms,0.2093,
frame_ms,0.2267,
frame_ms,0.2202,
frame_ms,0.2101,
frame_ms,0.2556,
frame_ms,0.219,
frame_ms,0.2148,
frame_ms,0.2507,
frame_ms,0.231,
frame_ms,0.2119,
tick_us,1972.5,2255
frame_ms,4.1568,
frame_ms,0.6006,
frame_ms,0.3545,
frame_ms,0.2354,
frame_ms,0.2147,
frame_ms,0.2173,
frame_ms,0.2068,
frame_ms,0.2065,
frame_ms,0.2664,
frame_ms,0.2281,
frame_ms,0.2083,
tick_us,1943.8,2257
frame_ms,4.1182,
frame_ms,0.2683,
frame_ms,0.2236,
frame_ms,0.2157,
frame_ms,0.2096,
frame_ms,0.2695,
frame_ms,0.2266,
frame_ms,0.2457,
frame_ms,0.2088,
frame_ms,0.2391,
frame_ms,0.2212,
frame_ms,0.2118,
frame_ms,0.2603,
frame_ms,0.2264,
tick_us,1931.5,2249
frame_ms,4.073,
frame_ms,0.2538,
frame_ms,0.2163,
frame_ms,0.2082,
frame_ms,0.2404,
frame_ms,0.2217,
frame_ms,0.2103,
frame_ms,0.4128,
frame_ms,0.3844,
frame_ms,0.256,
frame_ms,0.2224,
frame_ms,0.2211,
tick_us,1952.5,2239
frame_ms,4.0944,
frame_ms,0.2551,
frame_ms,0.2321,
frame_ms,0.2336,
frame_ms,0.2168,
frame_ms,0.2472,
frame_ms,0.327,
frame_ms,0.2907,
frame_ms,0.2608,
frame_ms,0.2332,
frame_ms,0.2363,
frame_ms,0.2367,
tick_us,1932.7,2229
frame_ms,4.3873,
frame_ms,0.3077,
frame_ms,0.2325,
frame_ms,0.2265,
frame_ms,0.2171,
frame_ms,0.2128,
frame_ms,0.2102,
frame_ms,0.2717,
frame_ms,0.2306,
frame_ms,0.2107,
frame_ms,0.2534,
frame_ms,0.2879,
tick_us,1961.3,2220
frame_ms,4.4759,
frame_ms,0.2751,
frame_ms,0.2295,
frame_ms,0.2167,
frame_ms,0.2109,
frame_ms,0.2701,
frame_ms,0.2269,
frame_ms,0.216,
frame_ms,0.2413,
frame_ms,0.218,
frame_ms,0.2136,
tick_us,1963.1,2236
frame_ms,4.1477,
frame_ms,0.264,
frame_ms,0.2179,
frame_ms,0.2166,
frame_ms,0.2078,
frame_ms,0.2504,
frame_ms,0.2205,
frame_ms,0.2185,
frame_ms,0.2726,
frame_ms,0.2252,
frame_ms,0.2085,
frame_ms,0.2571,
frame_ms,0.2188,
frame_ms,0.2114,
tick_us,1963.9,2225
frame_ms,4.1162,
frame_ms,0.2605,
frame_ms,0.2261,
frame_ms,0.216,
frame_ms,0.2154,
frame_ms,0.2605,
frame_ms,0.2273,
frame_ms,0.2139,
frame_ms,0.2454,
frame_ms,0.2247,
frame_ms,0.2079,
frame_ms,0.2497,
frame_ms,0.2358,
tick_us,1960.2,2250
frame_ms,4.0664,
frame_ms,0.2497,
frame_ms,0.2296,
frame_ms,0.2194,
frame_ms,0.2087,
frame_ms,0.2368,
frame_ms,0.2226,
frame_ms,0.2141,
frame_ms,0.2619,
frame_ms,0.2277,
frame_ms,0.2129,
frame_ms,0.243,
frame_ms,0.2229,
tick_us,1919.4,2244
