# mode=collision,n=2000,struct=grid,cell=32,depth=5,node=4,seed=42,warmup_s=2,measure_s=5,config=2D,ticks=1008,frames=21823,measured_ticks=720,startup_ms=1288.78,glfw_first_draw_ms=1210.08,renderer=NVIDIA GeForce RTX 5060 Laptop GPU/PCIe/SSE2,gl=3.3.0 NVIDIA 592.01
kind,value,extra
startup_ms,1288.78,process_to_first_frame
glfw_ms,1210.08,glfw_init_to_first_frame
mem_ws_bytes,1.10604e+08,baseline
mem_private_bytes,1.80732e+08,baseline
mem_peak_ws_bytes,1.10604e+08,baseline
mem_ws_bytes,1.11206e+08,after_spawn
mem_private_bytes,1.81314e+08,after_spawn
mem_peak_ws_bytes,1.11206e+08,after_spawn
frame_ms,0.3093,
frame_ms,0.2503,
frame_ms,0.223,
frame_ms,0.2305,
frame_ms,0.2232,
frame_ms,0.2167,
frame_ms,0.2341,
frame_ms,0.2626,
frame_ms,0.23,
frame_ms,0.2328,
frame_ms,0.2131,
frame_ms,0.2623,
frame_ms,0.2368,
frame_ms,0.2439,
frame_ms,0.2452,
frame_ms,0.2455,
frame_ms,0.2217,
frame_ms,0.2098,
frame_ms,0.2413,
frame_ms,0.2187,
frame_ms,0.2146,
frame_ms,0.2474,
tick_us,564.1,4604
frame_ms,1.3864,
frame_ms,0.2481,
frame_ms,0.2133,
frame_ms,0.237,
frame_ms,0.2853,
frame_ms,0.2215,
frame_ms,0.2222,
frame_ms,0.2105,
frame_ms,0.241,
frame_ms,0.2207,
frame_ms,0.2149,
frame_ms,0.2782,
frame_ms,0.2429,
frame_ms,0.2198,
frame_ms,0.2249,
frame_ms,0.2174,
frame_ms,0.2352,
frame_ms,0.2243,
frame_ms,0.2136,
frame_ms,0.247,
frame_ms,0.2156,
frame_ms,0.2137,
frame_ms,0.2083,
frame_ms,0.2409,
frame_ms,0.2267,
tick_us,569.1,4578
frame_ms,1.4002,
frame_ms,0.2388,
frame_ms,0.2151,
frame_ms,0.2303,
frame_ms,0.2244,
frame_ms,0.2275,
frame_ms,0.2144,
frame_ms,0.2461,
frame_ms,0.2095,
frame_ms,0.2612,
frame_ms,0.2514,
frame_ms,0.2204,
frame_ms,0.2107,
frame_ms,0.2378,
frame_ms,0.2241,
frame_ms,0.2132,
frame_ms,0.2396,
frame_ms,0.2298,
frame_ms,0.2095,
frame_ms,0.2676,
frame_ms,0.229,
frame_ms,0.2191,
frame_ms,0.3035,
frame_ms,0.2556,
frame_ms,0.2219,
tick_us,560,4602
frame_ms,1.4255,
frame_ms,0.233,
frame_ms,0.2122,
frame_ms,0.2219,
frame_ms,0.2133,
frame_ms,0.2104,
frame_ms,0.2635,
frame_ms,0.2708,
frame_ms,0.2345,
frame_ms,0.2338,
frame_ms,0.2315,
frame_ms,0.2302,
frame_ms,0.2227,
frame_ms,0.241,
frame_ms,0.2219,
frame_ms,0.2189,
frame_ms,0.2554,
frame_ms,0.2307,
frame_ms,0.2235,
frame_ms,0.3011,
frame_ms,0.275,
frame_ms,0.227,
frame_ms,0.2247,
frame_ms,0.2209,
frame_ms,0.2145,
tick_us,576.4,4626
frame_ms,1.4436,
frame_ms,0.2799,
frame_ms,0.2483,
frame_ms,0.2185,
frame_ms,0.2223,
frame_ms,0.221,
frame_ms,0.2156,
frame_ms,0.2328,
frame_ms,0.2203,
frame_ms,0.2174,
frame_ms,0.24,
frame_ms,0.2228,
frame_ms,0.2144,
frame_ms,0.2416,
frame_ms,0.221,
frame_ms,0.2153,
frame_ms,0.3055,
frame_ms,0.2817,
frame_ms,0.2441,
frame_ms,0.2299,
frame_ms,0.2186,
frame_ms,0.218,
frame_ms,0.2362,
frame_ms,0.23,
tick_us,563.9,4634
frame_ms,1.4831,
frame_ms,0.2841,
frame_ms,0.2405,
frame_ms,0.2188,
frame_ms,0.2263,
frame_ms,0.2249,
frame_ms,0.2662,
frame_ms,0.2176,
frame_ms,0.2625,
frame_ms,0.2859,
frame_ms,0.2506,
frame_ms,0.2348,
frame_ms,0.2197,
frame_ms,0.2194,
frame_ms,0.3048,
frame_ms,0.2491,
frame_ms,0.2245,
frame_ms,0.2228,
frame_ms,0.2176,
frame_ms,0.2172,
frame_ms,0.2479,
frame_ms,0.2337,
frame_ms,0.2235,
frame_ms,0.2375,
tick_us,576,4648
frame_ms,1.4345,
frame_ms,0.241,
frame_ms,0.2157,
frame_ms,0.2341,
frame_ms,0.2271,
frame_ms,0.227,
frame_ms,0.2202,
frame_ms,0.2158,
frame_ms,0.2396,
frame_ms,0.2179,
frame_ms,0.2395,
frame_ms,0.2286,
frame_ms,0.217,
frame_ms,0.244,
frame_ms,0.2196,
frame_ms,0.2593,
frame_ms,0.2351,
frame_ms,0.2179,
frame_ms,0.2722,
frame_ms,0.2621,
frame_ms,0.2355,
frame_ms,0.2279,
frame_ms,0.2244,
frame_ms,0.3139,
tick_us,584.3,4662
frame_ms,1.5924,
frame_ms,0.3763,
frame_ms,0.2496,
frame_ms,0.2208,
frame_ms,0.2288,
frame_ms,0.234,
frame_ms,0.2206,
frame_ms,0.5723,
frame_ms,0.4031,
frame_ms,0.2418,
frame_ms,0.2145,
frame_ms,0.2236,
frame_ms,0.2166,
frame_ms,0.2275,
frame_ms,0.2128,
frame_ms,0.2365,
frame_ms,0.2159,
frame_ms,0.2192,
frame_ms,0.2422,
frame_ms,0.2243,
frame_ms,0.2205,
frame_ms,0.2153,
tick_us,579.9,4676
frame_ms,1.4465,
frame_ms,0.2436,
frame_ms,0.2159,
frame_ms,0.2313,
frame_ms,0.2239,
frame_ms,0.2167,
frame_ms,0.2174,
frame_ms,0.2489,
frame_ms,0.2191,
frame_ms,0.2167,
frame_ms,0.2247,
frame_ms,0.2653,
frame_ms,0.2328,
frame_ms,0.2187,
frame_ms,0.2537,
frame_ms,0.2307,
frame_ms,0.2217,
frame_ms,0.2145,
frame_ms,0.2391,
frame_ms,0.2351,
frame_ms,0.2155,
frame_ms,0.2509,
frame_ms,0.2392,
frame_ms,0.2204,
frame_ms,0.217,
tick_us,564.2,4624
frame_ms,1.437,
frame_ms,0.243,
frame_ms,0.2146,
frame_ms,0.2308,
frame_ms,0.2297,
frame_ms,0.2187,
frame_ms,0.2245,
frame_ms,0.2344,
frame_ms,0.2255,
frame_ms,0.2148,
frame_ms,0.2372,
frame_ms,0.2203,
frame_ms,0.2246,
frame_ms,0.2106,
frame_ms,0.9238,
frame_ms,0.3152,
frame_ms,0.2347,
frame_ms,0.2127,
frame_ms,0.2209,
frame_ms,0.2155,
frame_ms,0.2113,
frame_ms,0.2645,
tick_us,562.5,4596
frame_ms,1.4181,
frame_ms,0.2389,
frame_ms,0.2237,
frame_ms,0.234,
frame_ms,0.2202,
frame_ms,0.2216,
frame_ms,0.25,
frame_ms,0.2303,
frame_ms,0.2198,
frame_ms,0.265,
frame_ms,0.2326,
frame_ms,0.212,
frame_ms,0.2609,
frame_ms,0.2275,
frame_ms,0.2285,
frame_ms,0.2709,
frame_ms,0.2294,
frame_ms,0.2165,
frame_ms,0.261,
frame_ms,0.2316,
frame_ms,0.2176,
frame_ms,0.2629,
frame_ms,0.2339,
frame_ms,0.2143,
tick_us,551.3,4582
frame_ms,1.4202,
frame_ms,0.2407,
frame_ms,0.2152,
frame_ms,0.2311,
frame_ms,0.2272,
frame_ms,0.2072,
frame_ms,0.2644,
frame_ms,0.2368,
frame_ms,0.2174,
frame_ms,0.2538,
frame_ms,0.2737,
frame_ms,0.2658,
frame_ms,0.2365,
frame_ms,0.2296,
frame_ms,0.225,
frame_ms,0.2241,
frame_ms,0.2198,
frame_ms,0.3023,
frame_ms,0.271,
frame_ms,0.2444,
frame_ms,0.222,
frame_ms,0.2207,
frame_ms,0.2135,
tick_us,618.9,4558
frame_ms,1.963,
frame_ms,0.3068,
frame_ms,0.2439,
frame_ms,0.2279,
frame_ms,0.2235,
frame_ms,0.2148,
frame_ms,0.214,
frame_ms,0.2934,
frame_ms,0.2306,
frame_ms,0.2254,
frame_ms,0.224,
frame_ms,0.2474,
frame_ms,0.2344,
frame_ms,0.2146,
frame_ms,0.2612,
frame_ms,0.229,
frame_ms,0.217,
frame_ms,0.264,
frame_ms,0.2393,
frame_ms,0.2156,
frame_ms,0.2393,
frame_ms,0.2286,
frame_ms,0.218,
tick_us,561,4550
frame_ms,1.4299,
frame_ms,0.2529,
frame_ms,0.2176,
frame_ms,0.2308,
frame_ms,0.224,
frame_ms,0.2196,
frame_ms,0.2119,
frame_ms,0.2375,
frame_ms,0.226,
frame_ms,0.2186,
frame_ms,0.2447,
frame_ms,0.2278,
frame_ms,0.218,
frame_ms,0.2638,
frame_ms,0.2351,
frame_ms,0.2216,
frame_ms,0.2553,
frame_ms,0.2424,
frame_ms,0.2182,
frame_ms,0.2324,
frame_ms,0.217,
frame_ms,0.2191,
frame_ms,0.2216,
frame_ms,0.2438,
frame_ms,0.2216,
tick_us,554.9,4578
frame_ms,1.3628,
frame_ms,0.6633,
frame_ms,0.6797,
frame_ms,0.2524,
frame_ms,0.2199,
frame_ms,0.2204,
frame_ms,0.2283,
frame_ms,0.2205,
frame_ms,0.2961,
frame_ms,0.2881,
frame_ms,0.2298,
frame_ms,0.2237,
frame_ms,0.2184,
frame_ms,0.2336,
frame_ms,0.2676,
frame_ms,0.2284,
frame_ms,0.2141,
frame_ms,0.2793,
frame_ms,0.2425,
frame_ms,0.2234,
frame_ms,0.2148,
tick_us,561.8,4558
frame_ms,1.4398,
frame_ms,0.2384,
frame_ms,0.215,
frame_ms,0.2166,
frame_ms,0.2142,
frame_ms,0.2143,
frame_ms,0.2606,
frame_ms,0.2328,
frame_ms,0.2148,
frame_ms,0.2794,
frame_ms,0.265,
frame_ms,0.2367,
frame_ms,0.2259,
frame_ms,0.2209,
frame_ms,0.2914,
frame_ms,0.68,
frame_ms,0.3609,
frame_ms,0.2385,
frame_ms,0.2248,
frame_ms,0.6117,
tick_us,645.4,4562
frame_ms,4.1655,
tick_us,617.6,4532
frame_ms,10.9571,
tick_us,563.6,4578
frame_ms,2.057,
frame_ms,0.611,
frame_ms,0.5623,
frame_ms,0.5429,
frame_ms,0.4514,
frame_ms,0.4986,
frame_ms,0.5268,
frame_ms,0.5143,
tick_us,569.2,4604
frame_ms,1.7108,
frame_ms,0.4546,
frame_ms,0.4061,
frame_ms,0.3635,
frame_ms,0.3202,
frame_ms,0.3711,
frame_ms,0.5662,
frame_ms,0.3355,
frame_ms,0.4554,
frame_ms,0.4715,
frame_ms,0.2803,
frame_ms,0.2454,
frame_ms,0.2218,
frame_ms,0.3041,
frame_ms,0.3016,
tick_us,575.6,4618
frame_ms,1.5448,
frame_ms,0.2419,
frame_ms,0.2288,
frame_ms,0.2317,
frame_ms,0.2252,
frame_ms,0.2207,
frame_ms,0.2279,
frame_ms,0.2163,
frame_ms,0.2768,
frame_ms,0.2311,
frame_ms,0.217,
frame_ms,0.2422,
frame_ms,0.2251,
frame_ms,0.2192,
frame_ms,0.2506,
frame_ms,0.2283,
frame_ms,0.2187,
frame_ms,0.2337,
frame_ms,0.2164,
frame_ms,0.21,
frame_ms,0.2574,
frame_ms,0.2378,
frame_ms,0.2164,
frame_ms,0.2602,
frame_ms,0.2222,
tick_us,572.5,4596
frame_ms,1.404,
frame_ms,0.2406,
frame_ms,0.3867,
frame_ms,0.2326,
frame_ms,0.2185,
frame_ms,0.2422,
frame_ms,0.2244,
frame_ms,0.21,
frame_ms,0.2568,
frame_ms,0.2245,
frame_ms,0.2171,
frame_ms,0.2473,
frame_ms,0.2183,
frame_ms,0.2113,
frame_ms,0.262,
frame_ms,0.2251,
frame_ms,0.2097,
frame_ms,0.2559,
frame_ms,0.2226,
frame_ms,0.2087,
frame_ms,0.2549,
frame_ms,0.2187,
frame_ms,0.2136,
frame_ms,0.2578,
tick_us,552.3,4566
frame_ms,1.3813,
frame_ms,0.2418,
frame_ms,0.2236,
frame_ms,0.2194,
frame_ms,0.2102,
frame_ms,0.2242,
frame_ms,0.2716,
frame_ms,0.2249,
frame_ms,0.2094,
frame_ms,0.2586,
frame_ms,0.2203,
frame_ms,0.2136,
frame_ms,0.2782,
frame_ms,0.2748,
frame_ms,0.2371,
frame_ms,0.2314,
frame_ms,0.2272,
frame_ms,0.2231,
frame_ms,0.2222,
frame_ms,0.2523,
frame_ms,0.271,
frame_ms,0.2248,
frame_ms,0.2145,
frame_ms,0.2146,
frame_ms,0.3261,
tick_us,562,4534
frame_ms,1.4186,
frame_ms,0.2348,
frame_ms,0.2226,
frame_ms,0.2228,
frame_ms,0.2127,
frame_ms,0.2093,
frame_ms,0.2621,
frame_ms,0.2966,
frame_ms,0.3191,
frame_ms,0.2842,
frame_ms,0.2602,
frame_ms,0.2787,
frame_ms,0.2472,
frame_ms,0.2659,
frame_ms,0.247,
frame_ms,0.2408,
frame_ms,0.2191,
frame_ms,0.2176,
frame_ms,0.2105,
frame_ms,0.2385,
frame_ms,0.2659,
frame_ms,0.259,
frame_ms,0.2233,
tick_us,566.5,4520
frame_ms,1.4197,
frame_ms,0.2586,
frame_ms,0.2259,
frame_ms,0.226,
frame_ms,0.2178,
frame_ms,0.2158,
frame_ms,0.2123,
frame_ms,0.2144,
frame_ms,0.28,
frame_ms,0.2341,
frame_ms,0.2143,
frame_ms,0.2109,
frame_ms,0.2691,
frame_ms,0.2282,
frame_ms,0.2166,
frame_ms,0.2442,
frame_ms,0.2233,
frame_ms,0.2108,
frame_ms,0.2526,
frame_ms,0.2241,
frame_ms,0.2067,
frame_ms,0.2563,
frame_ms,0.2262,
frame_ms,0.2114,
frame_ms,0.2315,
tick_us,565.9,4476
frame_ms,1.3953,
frame_ms,0.2322,
frame_ms,0.2091,
frame_ms,0.2173,
frame_ms,0.2191,
frame_ms,0.2086,
frame_ms,0.247,
frame_ms,0.2196,
frame_ms,0.2124,
frame_ms,0.2474,
frame_ms,0.2236,
frame_ms,0.2123,
frame_ms,0.2634,
frame_ms,0.4569,
frame_ms,0.3046,
frame_ms,0.2873,
frame_ms,0.2584,
frame_ms,0.2354,
frame_ms,0.2219,
frame_ms,0.2207,
frame_ms,0.2164,
frame_ms,0.2149,
frame_ms,0.2434,
frame_ms,0.2507,
tick_us,560.8,4492
frame_ms,1.3841,
frame_ms,0.2407,
frame_ms,0.212,
frame_ms,0.2174,
frame_ms,0.2216,
frame_ms,0.2139,
frame_ms,0.2091,
frame_ms,0.2459,
frame_ms,0.2239,
frame_ms,0.2092,
frame_ms,0.251,
frame_ms,0.2257,
frame_ms,0.211,
frame_ms,0.2492,
frame_ms,0.2208,
frame_ms,0.2107,
frame_ms,0.2541,
frame_ms,0.2275,
frame_ms,0.2092,
frame_ms,0.2664,
frame_ms,0.2247,
frame_ms,0.2528,
frame_ms,0.2265,
frame_ms,0.2513,
frame_ms,0.2182,
tick_us,551.1,4480
frame_ms,1.3655,
frame_ms,0.2356,
frame_ms,0.2103,
frame_ms,0.2684,
frame_ms,0.2145,
frame_ms,0.2091,
frame_ms,0.2417,
frame_ms,0.2191,
frame_ms,0.2111,
frame_ms,0.2552,
frame_ms,0.2832,
frame_ms,0.2398,
frame_ms,0.2381,
frame_ms,0.2288,
frame_ms,0.2244,
frame_ms,0.2261,
frame_ms,0.2184,
frame_ms,0.266,
frame_ms,0.2302,
frame_ms,0.2211,
frame_ms,0.2094,
frame_ms,0.2766,
frame_ms,0.3453,
frame_ms,0.2491,
tick_us,578.1,4440
frame_ms,1.4027,
frame_ms,0.2419,
frame_ms,0.2113,
frame_ms,0.2154,
frame_ms,0.214,
frame_ms,0.212,
frame_ms,0.2451,
frame_ms,0.2231,
frame_ms,0.2137,
frame_ms,0.2356,
frame_ms,0.2167,
frame_ms,0.2128,
frame_ms,0.2567,
frame_ms,0.2179,
frame_ms,0.2121,
frame_ms,0.2577,
frame_ms,0.2209,
frame_ms,0.2168,
frame_ms,0.2109,
frame_ms,0.2344,
frame_ms,0.2141,
frame_ms,0.2106,
frame_ms,0.2544,
frame_ms,0.2254,
frame_ms,0.2109,
frame_ms,0.2675,
tick_us,555.6,4474
frame_ms,1.3818,
frame_ms,0.2247,
frame_ms,0.2162,
frame_ms,0.2224,
frame_ms,0.2182,
frame_ms,0.2065,
frame_ms,0.2585,
frame_ms,0.2218,
frame_ms,0.2128,
frame_ms,0.2667,
frame_ms,0.2251,
frame_ms,0.2079,
frame_ms,0.2248,
frame_ms,0.2183,
frame_ms,0.205,
frame_ms,0.229,
frame_ms,0.2116,
frame_ms,0.2139,
frame_ms,0.2598,
frame_ms,0.2219,
frame_ms,0.2097,
frame_ms,0.2179,
frame_ms,0.2599,
frame_ms,0.2742,
frame_ms,0.2321,
tick_us,571.8,4498
frame_ms,1.4267,
frame_ms,0.388,
frame_ms,0.4004,
frame_ms,0.2364,
frame_ms,0.2102,
frame_ms,0.3317,
frame_ms,0.329,
frame_ms,0.302,
frame_ms,0.2646,
frame_ms,0.236,
frame_ms,0.5102,
frame_ms,0.271,
frame_ms,0.2244,
frame_ms,0.228,
frame_ms,0.227,
frame_ms,0.2253,
frame_ms,0.2206,
frame_ms,0.2395,
frame_ms,0.2744,
frame_ms,0.2294,
frame_ms,0.216,
tick_us,566.5,4448
frame_ms,1.4079,
frame_ms,0.2496,
frame_ms,0.2153,
frame_ms,0.2217,
frame_ms,0.2174,
frame_ms,0.2108,
frame_ms,0.3276,
frame_ms,0.2302,
frame_ms,0.2156,
frame_ms,0.2126,
frame_ms,0.2093,
frame_ms,0.2375,
frame_ms,0.2999,
frame_ms,0.2348,
frame_ms,0.2225,
frame_ms,0.2123,
frame_ms,0.2457,
frame_ms,0.2204,
frame_ms,0.2087,
frame_ms,0.2397,
frame_ms,0.219,
frame_ms,0.2059,
frame_ms,0.2735,
frame_ms,0.223,
frame_ms,0.2144,
tick_us,560.2,4400
frame_ms,1.4067,
frame_ms,0.2312,
frame_ms,0.2096,
frame_ms,0.2378,
frame_ms,0.2192,
frame_ms,0.2068,
frame_ms,0.4358,
frame_ms,0.2569,
frame_ms,0.2208,
frame_ms,0.2179,
frame_ms,0.2079,
frame_ms,0.2392,
frame_ms,0.22,
frame_ms,0.2121,
frame_ms,0.2717,
frame_ms,0.2272,
frame_ms,0.2116,
frame_ms,0.2664,
frame_ms,0.2241,
frame_ms,0.211,
frame_ms,0.2582,
frame_ms,0.2305,
frame_ms,0.2116,
frame_ms,0.2688,
tick_us,553.3,4392
frame_ms,1.4018,
frame_ms,0.2306,
frame_ms,0.2184,
frame_ms,0.2173,
frame_ms,0.2154,
frame_ms,0.2108,
frame_ms,0.2695,
frame_ms,0.2301,
frame_ms,0.2169,
frame_ms,0.2344,
frame_ms,0.2233,
frame_ms,0.2433,
frame_ms,0.2101,
frame_ms,0.2035,
frame_ms,0.2685,
frame_ms,0.2245,
frame_ms,0.2086,
frame_ms,0.255,
frame_ms,0.223,
frame_ms,0.2089,
frame_ms,0.2557,
frame_ms,0.2182,
frame_ms,0.207,
frame_ms,0.2466,
frame_ms,0.2155,
frame_ms,0.2098,
tick_us,559.3,4410
frame_ms,1.4046,
frame_ms,0.2301,
frame_ms,0.2089,
frame_ms,0.2186,
frame_ms,0.2133,
frame_ms,0.223,
frame_ms,0.205,
frame_ms,0.2804,
frame_ms,0.2308,
frame_ms,0.2157,
frame_ms,0.2397,
frame_ms,0.219,
frame_ms,0.2128,
frame_ms,0.2567,
frame_ms,0.2175,
frame_ms,0.2391,
frame_ms,0.5656,
frame_ms,0.3804,
frame_ms,0.2554,
frame_ms,0.224,
frame_ms,0.2265,
frame_ms,0.2252,
frame_ms,0.2188,
tick_us,555.4,4396
frame_ms,1.3904,
frame_ms,0.3193,
frame_ms,0.2531,
frame_ms,0.2159,
frame_ms,0.2235,
frame_ms,0.2156,
frame_ms,0.2133,
frame_ms,0.2114,
frame_ms,0.2682,
frame_ms,0.2278,
frame_ms,0.2163,
frame_ms,0.2411,
frame_ms,0.2183,
frame_ms,0.2089,
frame_ms,0.2171,
frame_ms,0.2463,
frame_ms,0.2181,
frame_ms,0.2123,
frame_ms,0.2538,
frame_ms,0.223,
frame_ms,0.2136,
frame_ms,0.228,
frame_ms,0.2214,
frame_ms,0.2209,
frame_ms,0.249,
tick_us,552.6,4400
frame_ms,1.3849,
frame_ms,0.2274,
frame_ms,0.2183,
frame_ms,0.2186,
frame_ms,0.2154,
frame_ms,0.2108,
frame_ms,0.2392,
frame_ms,0.2191,
frame_ms,0.2126,
frame_ms,0.2517,
frame_ms,0.226,
frame_ms,0.2343,
frame_ms,0.2117,
frame_ms,0.2773,
frame_ms,0.2276,
frame_ms,0.2079,
frame_ms,0.2682,
frame_ms,0.2283,
frame_ms,0.2121,
frame_ms,0.244,
frame_ms,0.2207,
frame_ms,0.2108,
frame_ms,0.5202,
frame_ms,0.3266,
tick_us,560.2,4432
frame_ms,1.4275,
frame_ms,0.2442,
frame_ms,0.2143,
frame_ms,0.2169,
frame_ms,0.2161,
frame_ms,0.2242,
frame_ms,0.2094,
frame_ms,0.2787,
frame_ms,0.2307,
frame_ms,0.2156,
frame_ms,0.2058,
frame_ms,0.2811,
frame_ms,0.2253,
frame_ms,0.2117,
frame_ms,0.2864,
frame_ms,0.2824,
frame_ms,0.2404,
frame_ms,0.2283,
frame_ms,0.2262,
frame_ms,0.2168,
frame_ms,0.2132,
frame_ms,0.2517,
frame_ms,0.2614,
frame_ms,0.228,
tick_us,562,4432
frame_ms,1.4082,
frame_ms,0.2343,
frame_ms,0.2126,
frame_ms,0.2168,
frame_ms,0.2124,
frame_ms,0.2354,
frame_ms,0.2123,
frame_ms,0.2132,
frame_ms,0.2221,
frame_ms,0.2207,
frame_ms,0.2704,
frame_ms,0.2277,
frame_ms,0.2104,
frame_ms,0.2466,
frame_ms,0.2295,
frame_ms,0.2141,
frame_ms,0.2531,
frame_ms,0.2242,
frame_ms,0.2085,
frame_ms,0.2564,
frame_ms,0.2232,
frame_ms,0.2134,
frame_ms,0.2273,
frame_ms,0.2476,
frame_ms,0.2232,
frame_ms,0.2087,
tick_us,556.1,4464
frame_ms,1.4292,
frame_ms,0.2422,
frame_ms,0.2133,
frame_ms,0.227,
frame_ms,0.2123,
frame_ms,0.2075,
frame_ms,0.26,
frame_ms,0.2527,
frame_ms,0.2731,
frame_ms,0.2321,
frame_ms,0.2245,
frame_ms,0.2132,
frame_ms,0.212,
frame_ms,0.2359,
frame_ms,0.2905,
frame_ms,0.3827,
frame_ms,0.2517,
frame_ms,0.2291,
frame_ms,0.2298,
frame_ms,0.2219,
frame_ms,0.2203,
frame_ms,0.2162,
frame_ms,0.2855,
tick_us,560.7,4450
frame_ms,1.428,
frame_ms,0.255,
frame_ms,0.2239,
frame_ms,0.2943,
frame_ms,0.2194,
frame_ms,0.2182,
frame_ms,0.2135,
frame_ms,0.2117,
frame_ms,0.2671,
frame_ms,0.2311,
frame_ms,0.2158,
frame_ms,0.2415,
frame_ms,0.2263,
frame_ms,0.2099,
frame_ms,0.2542,
frame_ms,0.2296,
frame_ms,0.2143,
frame_ms,0.2732,
frame_ms,0.2276,
frame_ms,0.2116,
frame_ms,0.2708,
frame_ms,0.2264,
frame_ms,0.2184,
frame_ms,0.2391,
frame_ms,0.2197,
tick_us,556.6,4438
frame_ms,1.3811,
frame_ms,0.2453,
frame_ms,0.2132,
frame_ms,0.2172,
frame_ms,0.2502,
frame_ms,0.2203,
frame_ms,0.2117,
frame_ms,0.2267,
frame_ms,0.7204,
frame_ms,0.4082,
frame_ms,0.2346,
frame_ms,0.2124,
frame_ms,0.2158,
frame_ms,0.2121,
frame_ms,0.2287,
frame_ms,0.2244,
frame_ms,0.2183,
frame_ms,0.2441,
frame_ms,0.2241,
frame_ms,0.2195,
frame_ms,0.269,
frame_ms,0.2253,
frame_ms,0.214,
tick_us,555.7,4434
frame_ms,1.404,
frame_ms,0.239,
frame_ms,0.2119,
frame_ms,0.228,
frame_ms,0.217,
frame_ms,0.2123,
frame_ms,0.2427,
frame_ms,0.2774,
frame_ms,0.7441,
frame_ms,0.3946,
frame_ms,0.2502,
frame_ms,0.2215,
frame_ms,0.2204,
frame_ms,0.2228,
frame_ms,0.223,
frame_ms,0.2191,
frame_ms,0.257,
frame_ms,0.2604,
frame_ms,0.2317,
frame_ms,0.2227,
frame_ms,0.2157,
frame_ms,0.227,
tick_us,579.5,4450
frame_ms,1.4093,
frame_ms,0.2289,
frame_ms,0.2119,
frame_ms,0.213,
frame_ms,0.2138,
frame_ms,0.2081,
frame_ms,0.2656,
frame_ms,0.2245,
frame_ms,0.2103,
frame_ms,0.2676,
frame_ms,0.2292,
frame_ms,0.211,
frame_ms,0.2611,
frame_ms,0.2322,
frame_ms,0.215,
frame_ms,0.9274,
frame_ms,0.2553,
frame_ms,0.2159,
frame_ms,0.219,
frame_ms,0.2184,
frame_ms,0.2554,
frame_ms,0.2165,
tick_us,567.6,4476
frame_ms,1.3997,
frame_ms,0.2286,
frame_ms,0.2095,
frame_ms,0.2174,
frame_ms,0.212,
frame_ms,0.2423,
frame_ms,0.2169,
frame_ms,0.2064,
frame_ms,0.2389,
frame_ms,0.2248,
frame_ms,0.2083,
frame_ms,0.2273,
frame_ms,0.2806,
frame_ms,0.2273,
frame_ms,0.224,
frame_ms,0.2076,
frame_ms,0.2354,
frame_ms,0.215,
frame_ms,0.2042,
frame_ms,0.2558,
frame_ms,0.227,
frame_ms,0.2122,
frame_ms,0.2542,
frame_ms,0.2286,
frame_ms,0.2108,
tick_us,563.7,4466
frame_ms,1.4097,
frame_ms,0.2328,
frame_ms,0.2095,
frame_ms,0.2249,
frame_ms,0.2188,
frame_ms,0.2079,
frame_ms,0.2402,
frame_ms,0.2178,
frame_ms,0.2114,
frame_ms,0.275,
frame_ms,0.2772,
frame_ms,0.236,
frame_ms,0.2286,
frame_ms,0.2226,
frame_ms,0.2201,
frame_ms,0.2267,
frame_ms,0.2187,
frame_ms,0.2284,
frame_ms,0.2172,
frame_ms,0.2575,
frame_ms,0.2629,
frame_ms,0.228,
frame_ms,0.2167,
frame_ms,0.3509,
tick_us,623.4,4438
frame_ms,1.6443,
frame_ms,0.2813,
frame_ms,0.2942,
frame_ms,0.2882,
frame_ms,0.3663,
frame_ms,0.2637,
frame_ms,0.216,
frame_ms,0.2177,
frame_ms,0.2147,
frame_ms,0.2047,
frame_ms,0.266,
frame_ms,0.2265,
frame_ms,0.2088,
frame_ms,0.2525,
frame_ms,0.2281,
frame_ms,0.21,
frame_ms,0.253,
frame_ms,0.2219,
frame_ms,0.2095,
frame_ms,0.2478,
frame_ms,0.271,
frame_ms,0.2598,
tick_us,583.2,4418
frame_ms,1.746,
frame_ms,0.2483,
frame_ms,0.2381,
frame_ms,0.2222,
frame_ms,0.219,
frame_ms,0.2138,
frame_ms,0.2384,
frame_ms,0.2233,
frame_ms,0.2125,
frame_ms,0.2384,
frame_ms,0.2191,
frame_ms,0.2208,
frame_ms,0.2329,
frame_ms,0.2132,
frame_ms,0.2124,
frame_ms,0.229,
frame_ms,0.2146,
frame_ms,0.2166,
frame_ms,0.2163,
frame_ms,0.2891,
frame_ms,0.232,
frame_ms,0.2162,
frame_ms,0.2669,
frame_ms,0.2369,
frame_ms,0.2147,
tick_us,575.4,4392
frame_ms,1.4489,
frame_ms,0.5733,
frame_ms,0.5526,
frame_ms,0.3683,
frame_ms,0.421,
frame_ms,0.4821,
frame_ms,0.2869,
frame_ms,0.2611,
frame_ms,0.3348,
frame_ms,0.3073,
frame_ms,0.2674,
frame_ms,0.3221,
frame_ms,0.3243,
frame_ms,0.2626,
frame_ms,0.2546,
frame_ms,0.4562,
tick_us,611.2,4388
frame_ms,1.5729,
frame_ms,0.2672,
frame_ms,0.2267,
frame_ms,0.2218,
frame_ms,0.2205,
frame_ms,0.2137,
frame_ms,0.2148,
frame_ms,0.2414,
frame_ms,0.2202,
frame_ms,0.2168,
frame_ms,0.2538,
frame_ms,0.2287,
frame_ms,0.2133,
frame_ms,0.2648,
frame_ms,0.2551,
frame_ms,0.2257,
frame_ms,0.251,
frame_ms,0.2231,
frame_ms,0.2123,
frame_ms,0.2407,
frame_ms,0.2152,
frame_ms,0.2104,
frame_ms,0.2533,
frame_ms,0.2217,
tick_us,586.8,4374
frame_ms,1.4197,
frame_ms,0.2519,
frame_ms,0.2154,
frame_ms,0.2373,
frame_ms,0.2202,
frame_ms,0.2099,
frame_ms,0.2652,
frame_ms,0.4253,
frame_ms,0.2598,
frame_ms,0.2169,
frame_ms,0.212,
frame_ms,0.2093,
frame_ms,0.2146,
frame_ms,0.2593,
frame_ms,0.2235,
frame_ms,0.2139,
frame_ms,0.2705,
frame_ms,0.2219,
frame_ms,0.2109,
frame_ms,0.2773,
frame_ms,0.2403,
frame_ms,0.2133,
frame_ms,0.2378,
frame_ms,0.2232,
tick_us,586.4,4362
frame_ms,1.4232,
frame_ms,0.2388,
frame_ms,0.2103,
frame_ms,0.222,
frame_ms,0.2124,
frame_ms,0.242,
frame_ms,0.2242,
frame_ms,0.2086,
frame_ms,0.2323,
frame_ms,0.2908,
frame_ms,0.2815,
frame_ms,0.2301,
frame_ms,0.2263,
frame_ms,0.2259,
frame_ms,0.222,
frame_ms,0.2168,
frame_ms,0.218,
frame_ms,0.2825,
frame_ms,0.2319,
frame_ms,0.2119,
frame_ms,0.2553,
frame_ms,0.2201,
frame_ms,0.2141,
frame_ms,0.2685,
frame_ms,0.2251,
tick_us,573.4,4376
frame_ms,1.3964,
frame_ms,0.2376,
frame_ms,0.2116,
frame_ms,0.2144,
frame_ms,0.2137,
frame_ms,0.2206,
frame_ms,0.2097,
frame_ms,0.2749,
frame_ms,0.2306,
frame_ms,0.2148,
frame_ms,0.2354,
frame_ms,0.2241,
frame_ms,0.2115,
frame_ms,0.2595,
frame_ms,0.222,
frame_ms,0.2307,
frame_ms,0.3514,
frame_ms,0.308,
frame_ms,0.2439,
frame_ms,0.22,
frame_ms,0.2262,
frame_ms,0.2212,
frame_ms,0.2172,
frame_ms,0.3156,
tick_us,592.4,4352
frame_ms,1.5401,
frame_ms,0.2606,
frame_ms,0.2329,
frame_ms,0.2408,
frame_ms,0.2214,
frame_ms,0.2185,
frame_ms,0.2152,
frame_ms,0.2452,
frame_ms,0.2147,
frame_ms,0.221,
frame_ms,0.2429,
frame_ms,0.2139,
frame_ms,0.2118,
frame_ms,0.2454,
frame_ms,0.2621,
frame_ms,0.2252,
frame_ms,0.2223,
frame_ms,0.2121,
frame_ms,0.2283,
frame_ms,0.2154,
frame_ms,0.3029,
frame_ms,0.2613,
frame_ms,0.2281,
frame_ms,0.222,
tick_us,563.3,4340
frame_ms,1.4074,
frame_ms,0.2315,
frame_ms,0.2136,
frame_ms,0.2144,
frame_ms,0.2165,
frame_ms,0.2122,
frame_ms,0.2192,
frame_ms,0.2876,
frame_ms,0.265,
frame_ms,0.2294,
frame_ms,0.2438,
frame_ms,0.2212,
frame_ms,0.2121,
frame_ms,0.2082,
frame_ms,0.2771,
frame_ms,0.2265,
frame_ms,0.211,
frame_ms,0.246,
frame_ms,0.2272,
frame_ms,0.2158,
frame_ms,0.2383,
frame_ms,0.2188,
frame_ms,0.2096,
frame_ms,0.2268,
frame_ms,0.2151,
tick_us,625.4,4408
frame_ms,1.4822,
frame_ms,0.3036,
frame_ms,0.2647,
frame_ms,0.2362,
frame_ms,0.2404,
frame_ms,0.241,
frame_ms,0.2433,
frame_ms,0.2396,
frame_ms,0.2369,
frame_ms,0.2356,
frame_ms,0.2376,
frame_ms,0.3015,
frame_ms,0.304,
frame_ms,0.2133,
frame_ms,0.2234,
frame_ms,0.2112,
frame_ms,0.2321,
frame_ms,0.219,
frame_ms,0.2253,
frame_ms,0.2455,
frame_ms,0.2195,
frame_ms,0.2089,
frame_ms,0.2466,
frame_ms,0.2226,
tick_us,574.1,4434
frame_ms,1.3967,
frame_ms,0.2368,
frame_ms,0.2111,
frame_ms,0.2206,
frame_ms,0.2185,
frame_ms,0.2107,
frame_ms,0.2561,
frame_ms,0.2651,
frame_ms,0.2349,
frame_ms,0.2221,
frame_ms,0.2172,
frame_ms,0.2707,
frame_ms,0.2533,
frame_ms,0.2264,
frame_ms,0.2096,
frame_ms,0.2611,
frame_ms,0.2257,
frame_ms,0.2145,
frame_ms,0.2123,
frame_ms,0.2448,
frame_ms,0.2225,
frame_ms,0.2352,
frame_ms,0.2321,
frame_ms,0.2134,
frame_ms,0.2074,
tick_us,567.1,4440
frame_ms,1.4398,
frame_ms,0.2309,
frame_ms,0.4044,
frame_ms,0.2785,
frame_ms,0.2405,
frame_ms,0.2126,
frame_ms,0.2165,
frame_ms,0.2109,
frame_ms,0.2283,
frame_ms,0.2235,
frame_ms,0.2368,
frame_ms,0.2537,
frame_ms,0.2133,
frame_ms,0.2092,
frame_ms,0.2449,
frame_ms,0.2194,
frame_ms,0.2089,
frame_ms,0.2479,
frame_ms,0.2197,
frame_ms,0.2092,
frame_ms,0.2379,
frame_ms,0.2185,
frame_ms,0.2104,
frame_ms,0.2594,
tick_us,564.2,4458
frame_ms,1.4216,
frame_ms,0.2389,
frame_ms,0.2197,
frame_ms,0.2136,
frame_ms,0.2083,
frame_ms,0.2439,
frame_ms,0.2116,
frame_ms,0.206,
frame_ms,0.2583,
frame_ms,0.2252,
frame_ms,0.2101,
frame_ms,0.2693,
frame_ms,0.2236,
frame_ms,0.2084,
frame_ms,0.2569,
frame_ms,0.2182,
frame_ms,0.213,
frame_ms,0.2284,
frame_ms,0.2239,
frame_ms,0.2127,
frame_ms,0.2446,
frame_ms,0.2165,
frame_ms,0.2064,
frame_ms,0.3081,
frame_ms,0.2253,
frame_ms,0.212,
tick_us,562.9,4408
frame_ms,1.4384,
frame_ms,0.2253,
frame_ms,0.218,
frame_ms,0.2182,
frame_ms,0.2157,
frame_ms,0.2115,
frame_ms,0.2219,
frame_ms,0.4445,
frame_ms,0.3084,
frame_ms,0.2347,
frame_ms,0.2225,
frame_ms,0.2237,
frame_ms,0.2182,
frame_ms,0.2385,
frame_ms,0.2169,
frame_ms,0.2284,
frame_ms,0.2631,
frame_ms,0.264,
frame_ms,0.2258,
frame_ms,0.2213,
frame_ms,0.2167,
frame_ms,0.2136,
frame_ms,0.2619,
tick_us,577,4404
frame_ms,1.4282,
frame_ms,0.2293,
frame_ms,0.2216,
frame_ms,0.2146,
frame_ms,0.2159,
frame_ms,0.2063,
frame_ms,0.2483,
frame_ms,0.2202,
frame_ms,0.2126,
frame_ms,0.2791,
frame_ms,0.2692,
frame_ms,0.237,
frame_ms,0.2244,
frame_ms,0.2519,
frame_ms,0.2222,
frame_ms,0.22,
frame_ms,0.2192,
frame_ms,0.2809,
frame_ms,0.2672,
frame_ms,0.2294,
frame_ms,0.2196,
frame_ms,0.2121,
frame_ms,0.2112,
frame_ms,0.2552,
frame_ms,0.2268,
tick_us,579.6,4400
frame_ms,1.4075,
frame_ms,0.2406,
frame_ms,0.2151,
frame_ms,0.218,
frame_ms,0.2116,
frame_ms,0.212,
frame_ms,0.2704,
frame_ms,0.2291,
frame_ms,0.2123,
frame_ms,0.2707,
frame_ms,0.2282,
frame_ms,0.2096,
frame_ms,0.2511,
frame_ms,0.2232,
frame_ms,0.2101,
frame_ms,0.264,
frame_ms,0.2253,
frame_ms,0.2185,
frame_ms,0.5378,
frame_ms,0.2995,
frame_ms,0.2466,
frame_ms,0.2178,
tick_us,578.3,4436
frame_ms,2.2254,
frame_ms,0.2782,
frame_ms,0.2318,
frame_ms,0.2285,
frame_ms,0.2199,
frame_ms,0.2349,
frame_ms,0.2186,
frame_ms,0.2402,
frame_ms,0.2215,
frame_ms,0.2123,
frame_ms,0.2483,
frame_ms,0.223,
frame_ms,0.2146,
frame_ms,0.2575,
frame_ms,0.224,
frame_ms,0.2113,
frame_ms,0.2603,
frame_ms,0.2267,
frame_ms,0.2156,
frame_ms,0.2307,
frame_ms,0.2503,
frame_ms,0.229,
frame_ms,0.2149,
tick_us,568.6,4428
frame_ms,1.4715,
frame_ms,0.2519,
frame_ms,0.2165,
frame_ms,0.216,
frame_ms,0.2144,
frame_ms,0.2113,
frame_ms,0.2458,
frame_ms,0.2246,
frame_ms,0.2139,
frame_ms,0.2525,
frame_ms,0.2457,
frame_ms,0.2154,
frame_ms,0.2511,
frame_ms,0.2087,
frame_ms,0.2447,
frame_ms,0.224,
frame_ms,0.2084,
frame_ms,0.2395,
frame_ms,0.2131,
frame_ms,0.2062,
frame_ms,0.2424,
frame_ms,0.2225,
frame_ms,0.207,
frame_ms,0.2761,
frame_ms,0.2269,
tick_us,571.1,4452
frame_ms,1.5595,
frame_ms,0.2638,
frame_ms,0.2201,
frame_ms,0.2238,
frame_ms,0.215,
frame_ms,0.2106,
frame_ms,0.2411,
frame_ms,0.22,
frame_ms,0.2103,
frame_ms,0.2336,
frame_ms,0.2159,
frame_ms,0.2154,
frame_ms,0.2372,
frame_ms,0.2185,
frame_ms,0.2083,
frame_ms,0.2743,
frame_ms,0.2355,
frame_ms,0.2119,
frame_ms,0.2699,
frame_ms,0.221,
frame_ms,0.2091,
frame_ms,0.2517,
frame_ms,0.2074,
frame_ms,0.2051,
frame_ms,0.2518,
tick_us,559.9,4434
frame_ms,1.3983,
frame_ms,0.2245,
frame_ms,0.2238,
frame_ms,0.2187,
frame_ms,0.2265,
frame_ms,0.21,
frame_ms,0.2102,
frame_ms,0.2612,
frame_ms,0.2231,
frame_ms,0.2098,
frame_ms,0.2524,
frame_ms,0.2186,
frame_ms,0.211,
frame_ms,0.2373,
frame_ms,0.2239,
frame_ms,0.2079,
frame_ms,0.4243,
frame_ms,0.3748,
frame_ms,0.3566,
frame_ms,0.371,
frame_ms,0.3261,
tick_us,659.2,4454
frame_ms,1.7633,
frame_ms,0.2708,
frame_ms,0.2259,
frame_ms,0.2197,
frame_ms,0.24,
frame_ms,0.2312,
frame_ms,0.3396,
frame_ms,0.2674,
frame_ms,0.236,
frame_ms,0.244,
frame_ms,0.2356,
frame_ms,0.2334,
frame_ms,0.2333,
frame_ms,0.2398,
frame_ms,0.2904,
frame_ms,0.3451,
frame_ms,0.2498,
frame_ms,0.2193,
frame_ms,0.2239,
frame_ms,0.2249,
frame_ms,0.2159,
frame_ms,0.2218,
frame_ms,0.2667,
tick_us,572.9,4456
frame_ms,1.4214,
frame_ms,0.2462,
frame_ms,0.225,
frame_ms,0.2191,
frame_ms,0.2179,
frame_ms,0.2313,
frame_ms,0.2275,
frame_ms,0.2462,
frame_ms,0.2259,
frame_ms,0.2134,
frame_ms,0.2702,
frame_ms,0.2298,
frame_ms,0.2111,
frame_ms,0.3154,
frame_ms,0.26,
frame_ms,0.2639,
frame_ms,0.2345,
frame_ms,0.2306,
frame_ms,0.2419,
frame_ms,0.2264,
frame_ms,0.3065,
frame_ms,0.3427,
frame_ms,0.2387,
tick_us,571.6,4448
frame_ms,1.4173,
frame_ms,1.0556,
frame_ms,1.0591,
frame_ms,0.2738,
frame_ms,0.2355,
frame_ms,0.2189,
frame_ms,0.2176,
frame_ms,0.2151,
frame_ms,0.4867,
frame_ms,0.4294,
frame_ms,0.3416,
frame_ms,0.2704,
frame_ms,0.3115,
frame_ms,0.2775,
frame_ms,0.2497,
tick_us,605.1,4444
frame_ms,1.5468,
frame_ms,0.2838,
frame_ms,0.2448,
frame_ms,0.2145,
frame_ms,0.2206,
frame_ms,0.2287,
frame_ms,0.2233,
frame_ms,0.2441,
frame_ms,0.2684,
frame_ms,0.2241,
frame_ms,0.2173,
frame_ms,0.2708,
frame_ms,0.2351,
frame_ms,0.2158,
frame_ms,0.2788,
frame_ms,0.2274,
frame_ms,0.2138,
frame_ms,0.2635,
frame_ms,0.2349,
frame_ms,0.2134,
frame_ms,0.2654,
frame_ms,0.2219,
frame_ms,0.2164,
tick_us,580.6,4416
frame_ms,1.4825,
frame_ms,0.252,
frame_ms,0.2186,
frame_ms,0.2299,
frame_ms,0.2182,
frame_ms,0.2065,
frame_ms,0.246,
frame_ms,0.2286,
frame_ms,0.228,
frame_ms,0.218,
frame_ms,0.2496,
frame_ms,0.2242,
frame_ms,0.2118,
frame_ms,0.231,
frame_ms,0.2257,
frame_ms,0.2187,
frame_ms,0.2307,
frame_ms,0.219,
frame_ms,0.2656,
frame_ms,0.2312,
frame_ms,0.2534,
frame_ms,0.2173,
frame_ms,0.2547,
frame_ms,0.5005,
tick_us,705.1,4420
frame_ms,1.827,
frame_ms,0.3043,
frame_ms,0.2571,
frame_ms,0.2288,
frame_ms,0.2258,
frame_ms,0.2311,
frame_ms,0.216,
frame_ms,0.2192,
frame_ms,0.2519,
frame_ms,0.2209,
frame_ms,0.2208,
frame_ms,0.2478,
frame_ms,0.2206,
frame_ms,0.2571,
frame_ms,0.2841,
frame_ms,0.2367,
frame_ms,0.2462,
frame_ms,0.2311,
frame_ms,0.5068,
frame_ms,0.2841,
frame_ms,0.2497,
tick_us,601.2,4464
frame_ms,1.4615,
frame_ms,0.2444,
frame_ms,0.2218,
frame_ms,0.3042,
frame_ms,0.4955,
frame_ms,0.2553,
frame_ms,0.223,
frame_ms,0.2301,
frame_ms,0.2288,
frame_ms,0.227,
frame_ms,0.297,
frame_ms,0.247,
frame_ms,0.2315,
frame_ms,0.2243,
frame_ms,0.2165,
frame_ms,0.2161,
frame_ms,0.2686,
frame_ms,0.2772,
frame_ms,0.234,
frame_ms,0.2322,
frame_ms,0.2234,
frame_ms,0.2135,
frame_ms,0.2181,
tick_us,599.2,4446
frame_ms,1.4634,
frame_ms,0.3152,
frame_ms,0.2671,
frame_ms,0.231,
frame_ms,0.2208,
frame_ms,0.2243,
frame_ms,0.2195,
frame_ms,0.2298,
frame_ms,0.2165,
frame_ms,0.2652,
frame_ms,0.2822,
frame_ms,0.2404,
frame_ms,0.231,
frame_ms,0.2472,
frame_ms,0.2671,
frame_ms,0.242,
frame_ms,0.2342,
frame_ms,0.2545,
frame_ms,0.2301,
frame_ms,0.2168,
frame_ms,0.2161,
frame_ms,0.2666,
frame_ms,0.2287,
tick_us,609,4434
frame_ms,1.551,
frame_ms,0.2395,
frame_ms,0.2236,
frame_ms,0.2197,
frame_ms,0.2193,
frame_ms,0.2203,
frame_ms,0.2251,
frame_ms,0.2168,
frame_ms,0.2109,
frame_ms,0.2595,
frame_ms,0.2292,
frame_ms,0.2421,
frame_ms,0.2292,
frame_ms,0.2092,
frame_ms,0.2084,
frame_ms,0.217,
frame_ms,0.2629,
frame_ms,0.2295,
frame_ms,0.2894,
frame_ms,0.2132,
frame_ms,0.209,
frame_ms,0.2453,
frame_ms,0.2254,
frame_ms,0.2222,
frame_ms,0.2469,
tick_us,596.5,4432
frame_ms,1.4968,
frame_ms,0.2386,
frame_ms,0.2156,
frame_ms,0.2155,
frame_ms,0.2109,
frame_ms,0.3634,
frame_ms,1.2632,
frame_ms,0.2635,
frame_ms,0.2262,
frame_ms,0.2393,
frame_ms,0.2266,
frame_ms,0.2211,
frame_ms,0.2149,
frame_ms,0.216,
frame_ms,0.2499,
frame_ms,0.2262,
frame_ms,0.2295,
frame_ms,0.2377,
frame_ms,0.2251,
tick_us,589.3,4444
frame_ms,1.4959,
frame_ms,0.3209,
frame_ms,0.2278,
frame_ms,0.2065,
frame_ms,0.2271,
frame_ms,0.2107,
frame_ms,0.2362,
frame_ms,0.2264,
frame_ms,0.2123,
frame_ms,0.229,
frame_ms,0.3476,
frame_ms,0.2347,
frame_ms,0.2218,
frame_ms,0.2156,
frame_ms,0.23,
frame_ms,0.2138,
frame_ms,0.2475,
frame_ms,0.3058,
frame_ms,0.2581,
frame_ms,0.2141,
frame_ms,0.2119,
frame_ms,0.2063,
frame_ms,0.2411,
frame_ms,0.2212,
tick_us,590.2,4428
frame_ms,1.9232,
frame_ms,1.5587,
frame_ms,1.0385,
frame_ms,0.6494,
frame_ms,0.5824,
frame_ms,0.4939,
frame_ms,0.6892,
tick_us,632.1,4460
frame_ms,2.2692,
frame_ms,0.877,
frame_ms,0.9567,
frame_ms,0.8262,
frame_ms,1.0409,
frame_ms,0.8955,
tick_us,634.6,4488
frame_ms,2.2721,
frame_ms,0.6422,
frame_ms,0.6956,
frame_ms,0.7423,
frame_ms,0.6488,
frame_ms,0.5837,
frame_ms,0.7013,
frame_ms,0.7608,
tick_us,590.9,4464
frame_ms,1.9787,
frame_ms,0.6966,
frame_ms,0.7493,
frame_ms,0.6461,
frame_ms,0.5132,
frame_ms,0.5612,
frame_ms,0.5878,
frame_ms,0.697,
tick_us,680.9,4438
frame_ms,2.4443,
frame_ms,0.3292,
frame_ms,0.3036,
frame_ms,0.2707,
frame_ms,0.2422,
frame_ms,0.2384,
frame_ms,0.2446,
frame_ms,0.2442,
frame_ms,0.293,
frame_ms,0.295,
frame_ms,1.1896,
frame_ms,0.2737,
frame_ms,0.2795,
frame_ms,0.3085,
frame_ms,0.6118,
tick_us,637.4,4448
frame_ms,1.5459,
frame_ms,0.3028,
frame_ms,0.252,
frame_ms,0.2297,
frame_ms,0.2726,
frame_ms,0.2532,
frame_ms,0.2284,
frame_ms,0.2318,
frame_ms,0.2308,
frame_ms,0.2219,
frame_ms,0.2595,
frame_ms,0.2384,
frame_ms,0.226,
frame_ms,0.2253,
frame_ms,0.2284,
frame_ms,0.2759,
frame_ms,0.2515,
frame_ms,0.249,
frame_ms,0.2256,
frame_ms,0.2245,
frame_ms,0.2485,
frame_ms,0.4368,
tick_us,595.9,4404
frame_ms,1.5637,
frame_ms,0.2434,
frame_ms,0.2349,
frame_ms,0.2261,
frame_ms,0.225,
frame_ms,0.3002,
frame_ms,0.2768,
frame_ms,0.256,
frame_ms,0.2619,
frame_ms,0.3106,
frame_ms,0.2556,
frame_ms,0.244,
frame_ms,0.2757,
frame_ms,0.2697,
frame_ms,0.2624,
frame_ms,0.2309,
frame_ms,0.2285,
frame_ms,0.2232,
frame_ms,0.2173,
frame_ms,0.2652,
frame_ms,0.2935,
frame_ms,0.2919,
tick_us,721.9,4438
frame_ms,1.7832,
frame_ms,0.2876,
frame_ms,0.2295,
frame_ms,0.2358,
frame_ms,0.6251,
frame_ms,0.3243,
frame_ms,0.2704,
frame_ms,0.2285,
frame_ms,0.2273,
frame_ms,0.2507,
frame_ms,0.2224,
frame_ms,0.2201,
frame_ms,0.2235,
frame_ms,0.2134,
frame_ms,0.242,
frame_ms,0.2257,
frame_ms,0.2187,
frame_ms,1.2578,
tick_us,624.3,4406
frame_ms,2.141,
frame_ms,0.6092,
frame_ms,0.3029,
frame_ms,0.2664,
frame_ms,0.3527,
frame_ms,0.3416,
frame_ms,0.2671,
frame_ms,0.2275,
frame_ms,0.2219,
frame_ms,0.2397,
frame_ms,0.3577,
frame_ms,0.2571,
frame_ms,0.2245,
frame_ms,0.2254,
frame_ms,0.2173,
frame_ms,0.2143,
tick_us,631.7,4382
frame_ms,1.5278,
frame_ms,0.506,
frame_ms,0.4257,
frame_ms,0.2524,
frame_ms,0.2219,
frame_ms,0.2316,
frame_ms,0.3482,
frame_ms,0.2653,
frame_ms,0.2197,
frame_ms,0.2184,
frame_ms,0.2197,
frame_ms,0.3414,
frame_ms,0.3007,
frame_ms,0.249,
frame_ms,0.225,
frame_ms,0.2276,
frame_ms,0.2266,
frame_ms,0.2248,
frame_ms,0.2429,
frame_ms,0.2446,
frame_ms,0.2335,
frame_ms,0.2353,
tick_us,663.1,4402
frame_ms,1.6587,
frame_ms,0.3298,
frame_ms,0.2297,
frame_ms,0.223,
frame_ms,0.2243,
frame_ms,0.2156,
frame_ms,0.2294,
frame_ms,0.2491,
frame_ms,0.2244,
frame_ms,0.2573,
frame_ms,0.2249,
frame_ms,0.2214,
frame_ms,0.2131,
frame_ms,0.252,
frame_ms,0.2761,
frame_ms,0.2381,
frame_ms,0.2489,
frame_ms,0.2325,
frame_ms,0.2282,
frame_ms,0.2271,
frame_ms,0.2208,
frame_ms,0.2299,
frame_ms,0.2476,
tick_us,614.1,4416
frame_ms,1.4648,
frame_ms,0.2533,
frame_ms,0.2227,
frame_ms,0.2217,
frame_ms,0.2201,
frame_ms,0.224,
frame_ms,0.2136,
frame_ms,0.2501,
frame_ms,0.2326,
frame_ms,0.2171,
frame_ms,0.2593,
frame_ms,0.2334,
frame_ms,0.215,
frame_ms,0.2122,
frame_ms,0.2726,
frame_ms,0.2922,
frame_ms,0.2377,
frame_ms,0.2274,
frame_ms,0.2202,
frame_ms,0.5028,
frame_ms,0.3405,
frame_ms,0.2379,
frame_ms,0.214,
tick_us,558.2,4382
frame_ms,1.3889,
frame_ms,0.337,
frame_ms,0.2665,
frame_ms,0.2243,
frame_ms,0.2193,
frame_ms,0.2205,
frame_ms,0.2161,
frame_ms,0.2214,
frame_ms,0.2592,
frame_ms,0.2721,
frame_ms,0.2362,
frame_ms,0.2259,
frame_ms,0.225,
frame_ms,0.2125,
frame_ms,0.2142,
frame_ms,0.2652,
frame_ms,0.2284,
frame_ms,0.2123,
frame_ms,0.2633,
frame_ms,0.2272,
frame_ms,0.2324,
frame_ms,0.2105,
frame_ms,0.2862,
frame_ms,0.2696,
tick_us,566.4,4336
frame_ms,1.4136,
frame_ms,0.2454,
frame_ms,0.3567,
frame_ms,0.2575,
frame_ms,0.2238,
frame_ms,0.2692,
frame_ms,0.2176,
frame_ms,0.215,
frame_ms,0.2177,
frame_ms,0.2433,
frame_ms,0.2307,
frame_ms,0.2117,
frame_ms,0.2552,
frame_ms,0.2234,
frame_ms,0.2137,
frame_ms,0.2647,
frame_ms,0.2312,
frame_ms,0.2099,
frame_ms,0.7838,
frame_ms,0.3465,
frame_ms,0.2179,
tick_us,708.5,4320
frame_ms,2.0262,
frame_ms,1.0136,
frame_ms,1.216,
frame_ms,0.953,
frame_ms,1.3693,
tick_us,615.2,4328
frame_ms,1.9535,
frame_ms,0.5011,
frame_ms,0.3767,
frame_ms,0.2966,
frame_ms,0.4117,
frame_ms,0.3619,
frame_ms,0.4505,
frame_ms,0.6046,
frame_ms,0.3581,
frame_ms,0.4153,
frame_ms,0.5995,
frame_ms,0.5562,
frame_ms,0.4861,
tick_us,674,4326
frame_ms,5.9642,
tick_us,653.5,4350
tick_us,610.4,4336
frame_ms,11.4002,
frame_ms,1.7123,
frame_ms,0.6981,
frame_ms,0.6546,
frame_ms,0.5464,
tick_us,639.8,4360
frame_ms,1.8033,
frame_ms,0.5948,
frame_ms,0.5241,
frame_ms,0.477,
frame_ms,0.442,
frame_ms,0.5475,
frame_ms,0.378,
frame_ms,0.336,
frame_ms,0.3924,
frame_ms,0.5583,
frame_ms,0.3138,
frame_ms,0.3574,
tick_us,619.1,4356
frame_ms,1.6599,
frame_ms,0.2889,
frame_ms,0.2448,
frame_ms,0.2347,
frame_ms,0.2329,
frame_ms,0.2346,
frame_ms,0.453,
frame_ms,0.6352,
frame_ms,0.554,
frame_ms,0.4983,
frame_ms,0.3092,
frame_ms,0.384,
frame_ms,0.7142,
frame_ms,0.5699,
tick_us,632.1,4312
frame_ms,1.6475,
frame_ms,0.3097,
frame_ms,0.2547,
frame_ms,0.2312,
frame_ms,0.2336,
frame_ms,0.2315,
frame_ms,0.2326,
frame_ms,0.2286,
frame_ms,0.2228,
frame_ms,0.2848,
frame_ms,0.2656,
frame_ms,0.2276,
frame_ms,0.2292,
frame_ms,0.2256,
frame_ms,0.2252,
frame_ms,0.2238,
frame_ms,0.2385,
frame_ms,0.2414,
frame_ms,0.4585,
frame_ms,0.4815,
tick_us,660.2,4306
frame_ms,1.6384,
frame_ms,0.3326,
frame_ms,0.2623,
frame_ms,0.2235,
frame_ms,0.2229,
frame_ms,0.2279,
frame_ms,0.2239,
frame_ms,0.217,
frame_ms,0.2435,
frame_ms,0.2242,
frame_ms,0.4391,
frame_ms,0.3397,
frame_ms,0.2439,
frame_ms,0.2264,
frame_ms,0.255,
frame_ms,0.233,
frame_ms,0.2275,
frame_ms,0.228,
frame_ms,0.2522,
frame_ms,0.2283,
frame_ms,0.222,
frame_ms,0.2488,
frame_ms,0.2188,
tick_us,591.8,4270
frame_ms,1.5013,
frame_ms,0.3183,
frame_ms,0.966,
frame_ms,0.2912,
frame_ms,0.2584,
frame_ms,0.2295,
frame_ms,0.4265,
frame_ms,0.2888,
frame_ms,0.244,
frame_ms,0.232,
frame_ms,0.2707,
frame_ms,0.245,
frame_ms,0.2605,
frame_ms,0.2311,
frame_ms,0.2266,
frame_ms,0.2412,
frame_ms,0.2155,
frame_ms,0.2164,
frame_ms,0.2365,
tick_us,568.6,4276
frame_ms,1.4202,
frame_ms,0.2385,
frame_ms,0.2167,
frame_ms,0.2364,
frame_ms,0.2362,
frame_ms,0.228,
frame_ms,0.215,
frame_ms,0.2204,
frame_ms,0.2626,
frame_ms,0.2813,
frame_ms,0.2398,
frame_ms,0.2293,
frame_ms,0.2974,
frame_ms,0.4556,
frame_ms,0.492,
frame_ms,0.254,
frame_ms,0.2388,
frame_ms,0.2264,
frame_ms,0.2559,
frame_ms,0.2169,
frame_ms,0.2225,
frame_ms,0.2336,
tick_us,595.1,4304
frame_ms,1.4314,
frame_ms,0.2387,
frame_ms,0.2178,
frame_ms,0.222,
frame_ms,0.2187,
frame_ms,0.2184,
frame_ms,0.2138,
frame_ms,0.2482,
frame_ms,0.2733,
frame_ms,0.2438,
frame_ms,0.262,
frame_ms,0.238,
frame_ms,0.2327,
frame_ms,0.3345,
frame_ms,0.3874,
frame_ms,0.2613,
frame_ms,0.2323,
frame_ms,0.2574,
frame_ms,0.2226,
frame_ms,0.2255,
frame_ms,0.2146,
frame_ms,0.2159,
frame_ms,0.2654,
tick_us,596.3,4296
frame_ms,1.5139,
frame_ms,0.2702,
frame_ms,0.2272,
frame_ms,0.2305,
frame_ms,0.2295,
frame_ms,0.2191,
frame_ms,0.2175,
frame_ms,0.2351,
frame_ms,0.2287,
frame_ms,0.2439,
frame_ms,0.29,
frame_ms,0.2525,
frame_ms,0.2419,
frame_ms,0.2385,
frame_ms,0.2647,
frame_ms,0.2921,
frame_ms,0.5033,
frame_ms,0.3738,
frame_ms,0.3805,
frame_ms,0.4135,
frame_ms,0.2893,
tick_us,602.6,4264
frame_ms,1.4746,
frame_ms,0.2557,
frame_ms,0.2287,
frame_ms,0.2244,
frame_ms,0.2308,
frame_ms,0.2219,
frame_ms,0.2212,
frame_ms,0.2166,
frame_ms,0.2484,
frame_ms,0.2743,
frame_ms,0.2451,
frame_ms,0.2373,
frame_ms,0.2344,
frame_ms,0.2548,
frame_ms,0.505,
frame_ms,0.3099,
frame_ms,0.2624,
frame_ms,0.2218,
frame_ms,0.2481,
frame_ms,0.2288,
frame_ms,0.2254,
frame_ms,0.2179,
tick_us,699.4,4318
frame_ms,1.5284,
frame_ms,0.301,
frame_ms,0.2337,
frame_ms,0.2231,
frame_ms,0.2215,
frame_ms,0.2141,
frame_ms,0.25,
frame_ms,0.2257,
frame_ms,0.2254,
frame_ms,0.2627,
frame_ms,0.227,
frame_ms,0.2623,
frame_ms,0.2337,
frame_ms,0.2195,
frame_ms,0.2147,
frame_ms,0.2595,
frame_ms,0.2294,
frame_ms,0.5798,
frame_ms,0.3482,
frame_ms,0.2481,
frame_ms,0.2429,
frame_ms,0.2231,
tick_us,574.8,4326
frame_ms,1.4214,
frame_ms,0.2465,
frame_ms,0.2255,
frame_ms,0.2205,
frame_ms,0.2212,
frame_ms,0.2151,
frame_ms,0.2867,
frame_ms,0.2996,
frame_ms,0.2405,
frame_ms,0.2204,
frame_ms,0.2206,
frame_ms,0.2134,
frame_ms,0.2492,
frame_ms,0.223,
frame_ms,0.2144,
frame_ms,0.2569,
frame_ms,0.2246,
frame_ms,0.2211,
frame_ms,0.4313,
frame_ms,0.3329,
frame_ms,0.2488,
frame_ms,0.2267,
frame_ms,0.2497,
tick_us,623.9,4360
frame_ms,1.6528,
frame_ms,0.2766,
frame_ms,0.2411,
frame_ms,0.2214,
frame_ms,0.2275,
frame_ms,0.2207,
frame_ms,0.2209,
frame_ms,0.247,
frame_ms,0.2194,
frame_ms,0.2221,
frame_ms,0.2381,
frame_ms,0.224,
frame_ms,0.2383,
frame_ms,0.2249,
frame_ms,0.227,
frame_ms,0.2133,
frame_ms,0.2497,
frame_ms,0.2282,
frame_ms,0.2186,
frame_ms,0.296,
frame_ms,0.4602,
frame_ms,0.3805,
tick_us,684,4376
frame_ms,1.7458,
frame_ms,0.2689,
frame_ms,0.2285,
frame_ms,0.2235,
frame_ms,0.2245,
frame_ms,0.2425,
frame_ms,0.2265,
frame_ms,0.2262,
frame_ms,0.2659,
frame_ms,0.2749,
frame_ms,0.2409,
frame_ms,0.2321,
frame_ms,0.2282,
frame_ms,0.2201,
frame_ms,0.2583,
frame_ms,0.2817,
frame_ms,0.4191,
frame_ms,0.4951,
frame_ms,0.3648,
frame_ms,0.2511,
tick_us,591.8,4350
frame_ms,1.4531,
frame_ms,0.243,
frame_ms,0.3455,
frame_ms,0.3033,
frame_ms,0.335,
frame_ms,0.3695,
frame_ms,0.3149,
frame_ms,0.259,
frame_ms,0.2351,
frame_ms,0.2384,
frame_ms,0.2371,
frame_ms,0.2334,
frame_ms,0.2183,
frame_ms,0.2367,
frame_ms,0.2227,
frame_ms,0.2319,
frame_ms,0.2355,
frame_ms,0.2198,
frame_ms,0.216,
frame_ms,0.2292,
frame_ms,0.3334,
frame_ms,0.413,
tick_us,633.6,4342
frame_ms,1.6063,
frame_ms,0.2903,
frame_ms,0.3029,
frame_ms,0.2751,
frame_ms,0.2254,
frame_ms,0.2268,
frame_ms,0.2127,
frame_ms,0.2126,
frame_ms,0.291,
frame_ms,0.2734,
frame_ms,0.2402,
frame_ms,0.2302,
frame_ms,0.2255,
frame_ms,0.2161,
frame_ms,0.2351,
frame_ms,0.4733,
frame_ms,0.2768,
frame_ms,0.226,
frame_ms,0.3532,
frame_ms,0.3808,
tick_us,604.9,4350
frame_ms,1.4802,
frame_ms,0.2689,
frame_ms,0.2326,
frame_ms,0.2302,
frame_ms,0.2284,
frame_ms,0.2158,
frame_ms,0.214,
frame_ms,0.3937,
frame_ms,0.3172,
frame_ms,0.267,
frame_ms,0.3379,
frame_ms,0.2992,
frame_ms,0.2245,
frame_ms,0.2247,
frame_ms,0.2258,
frame_ms,0.2114,
frame_ms,0.2233,
frame_ms,0.2453,
frame_ms,0.2444,
frame_ms,0.2763,
frame_ms,0.2982,
frame_ms,0.4235,
tick_us,582.5,4340
frame_ms,1.459,
frame_ms,0.2814,
frame_ms,0.2507,
frame_ms,0.2196,
frame_ms,0.2674,
frame_ms,0.2747,
frame_ms,0.2357,
frame_ms,0.2292,
frame_ms,0.2225,
frame_ms,0.2165,
frame_ms,0.2197,
frame_ms,0.2584,
frame_ms,0.2293,
frame_ms,0.2179,
frame_ms,0.2306,
frame_ms,0.2691,
frame_ms,0.2335,
frame_ms,0.2226,
frame_ms,0.2226,
frame_ms,0.2271,
frame_ms,0.2438,
frame_ms,0.2766,
tick_us,592.6,4354
frame_ms,1.7569,
frame_ms,0.2821,
frame_ms,0.2548,
frame_ms,0.2237,
frame_ms,0.2219,
frame_ms,0.2221,
frame_ms,0.2186,
frame_ms,0.223,
frame_ms,0.2404,
frame_ms,0.2272,
frame_ms,0.2248,
frame_ms,0.2675,
frame_ms,0.4824,
frame_ms,0.284,
frame_ms,0.2497,
frame_ms,0.2484,
frame_ms,0.2292,
frame_ms,0.2244,
frame_ms,0.2245,
frame_ms,0.2212,
frame_ms,0.2568,
frame_ms,0.2253,
frame_ms,0.2952,
tick_us,679.2,4352
frame_ms,1.6961,
frame_ms,0.2635,
frame_ms,0.2315,
frame_ms,0.2283,
frame_ms,0.227,
frame_ms,0.2238,
frame_ms,0.2146,
frame_ms,0.2151,
frame_ms,0.2479,
frame_ms,0.278,
frame_ms,0.2387,
frame_ms,0.2268,
frame_ms,0.2198,
frame_ms,0.221,
frame_ms,0.2157,
frame_ms,0.2342,
frame_ms,0.2347,
frame_ms,0.2202,
frame_ms,0.2124,
frame_ms,0.2572,
frame_ms,0.2285,
frame_ms,0.2189,
frame_ms,0.2113,
frame_ms,0.2611,
tick_us,575.6,4300
frame_ms,1.4712,
frame_ms,0.2551,
frame_ms,0.2203,
frame_ms,0.2399,
frame_ms,0.2217,
frame_ms,0.219,
frame_ms,0.2131,
frame_ms,0.2399,
frame_ms,0.2153,
frame_ms,0.2114,
frame_ms,0.2554,
frame_ms,0.2242,
frame_ms,0.2173,
frame_ms,0.2115,
frame_ms,0.2877,
frame_ms,0.2762,
frame_ms,0.2401,
frame_ms,0.2287,
frame_ms,0.2239,
frame_ms,0.9145,
frame_ms,0.2931,
tick_us,592,4296
frame_ms,1.4772,
frame_ms,0.2444,
frame_ms,0.2202,
frame_ms,0.2261,
frame_ms,0.22,
frame_ms,0.2202,
frame_ms,0.2432,
frame_ms,0.2792,
frame_ms,0.2441,
frame_ms,0.2355,
frame_ms,0.2321,
frame_ms,0.226,
frame_ms,0.2256,
frame_ms,0.2219,
frame_ms,0.2411,
frame_ms,0.248,
frame_ms,0.2184,
frame_ms,0.2175,
frame_ms,0.2311,
frame_ms,0.2116,
frame_ms,0.28,
frame_ms,0.2465,
frame_ms,0.2236,
frame_ms,0.2152,
tick_us,585.9,4282
frame_ms,1.4541,
frame_ms,0.24,
frame_ms,0.28,
frame_ms,0.2288,
frame_ms,0.221,
frame_ms,0.2179,
frame_ms,0.2121,
frame_ms,0.2665,
frame_ms,0.253,
frame_ms,0.2718,
frame_ms,0.2376,
frame_ms,0.2395,
frame_ms,0.2221,
frame_ms,0.218,
frame_ms,0.258,
frame_ms,0.2609,
frame_ms,0.2318,
frame_ms,0.2212,
frame_ms,0.2162,
frame_ms,0.2814,
frame_ms,0.2287,
frame_ms,0.5362,
frame_ms,0.2195,
tick_us,562.1,4272
frame_ms,1.3844,
frame_ms,0.3253,
frame_ms,0.281,
frame_ms,0.2463,
frame_ms,0.2841,
frame_ms,0.2921,
frame_ms,0.2536,
frame_ms,0.2239,
frame_ms,0.2258,
frame_ms,0.2228,
frame_ms,0.2156,
frame_ms,0.217,
frame_ms,0.2757,
frame_ms,0.2751,
frame_ms,0.2229,
frame_ms,0.216,
frame_ms,0.2468,
frame_ms,0.2289,
frame_ms,0.2146,
frame_ms,0.2128,
frame_ms,0.2706,
tick_us,598.3,4358
frame_ms,2.395,
frame_ms,0.4119,
frame_ms,0.2481,
frame_ms,0.3274,
frame_ms,0.2284,
frame_ms,0.2216,
frame_ms,0.226,
frame_ms,0.2226,
frame_ms,0.2168,
frame_ms,0.2454,
frame_ms,0.2344,
frame_ms,0.2594,
frame_ms,0.2163,
frame_ms,0.2233,
frame_ms,0.2116,
frame_ms,0.2495,
frame_ms,0.2745,
frame_ms,0.2416,
frame_ms,0.2327,
frame_ms,0.2292,
frame_ms,0.2274,
frame_ms,0.2217,
tick_us,585.9,4342
frame_ms,1.5096,
frame_ms,0.4511,
frame_ms,0.2555,
frame_ms,0.225,
frame_ms,0.2188,
frame_ms,0.218,
frame_ms,0.222,
frame_ms,0.252,
frame_ms,0.2272,
frame_ms,0.2319,
frame_ms,0.2244,
frame_ms,0.2169,
frame_ms,0.2153,
frame_ms,0.232,
frame_ms,0.224,
frame_ms,0.2139,
frame_ms,0.2573,
frame_ms,0.3137,
frame_ms,0.244,
frame_ms,0.2251,
frame_ms,0.2255,
frame_ms,0.2199,
frame_ms,0.2224,
frame_ms,0.2213,
tick_us,598.9,4366
frame_ms,1.4771,
frame_ms,0.2541,
frame_ms,0.2187,
frame_ms,0.2712,
frame_ms,0.5405,
frame_ms,0.3927,
frame_ms,0.3588,
frame_ms,0.3573,
frame_ms,0.2962,
frame_ms,0.265,
frame_ms,0.2356,
frame_ms,0.2218,
frame_ms,0.2236,
frame_ms,0.218,
frame_ms,0.2152,
frame_ms,0.2523,
frame_ms,0.28,
frame_ms,0.2449,
frame_ms,0.2322,
frame_ms,0.2188,
tick_us,598.5,4344
frame_ms,1.4411,
frame_ms,0.2383,
frame_ms,0.2605,
frame_ms,0.5075,
frame_ms,0.3623,
frame_ms,0.2636,
frame_ms,0.2338,
frame_ms,0.2258,
frame_ms,0.2239,
frame_ms,0.216,
frame_ms,0.2534,
frame_ms,0.2707,
frame_ms,0.289,
frame_ms,0.2546,
frame_ms,0.2553,
frame_ms,0.2244,
frame_ms,0.2406,
frame_ms,0.2133,
frame_ms,0.233,
frame_ms,0.3578,
frame_ms,0.2534,
frame_ms,0.2346,
tick_us,589,4344
frame_ms,1.4565,
frame_ms,0.2428,
frame_ms,0.22,
frame_ms,0.2211,
frame_ms,0.2237,
frame_ms,0.6262,
frame_ms,0.4434,
frame_ms,0.4346,
frame_ms,0.3575,
frame_ms,0.3601,
frame_ms,0.2766,
frame_ms,0.2599,
frame_ms,0.2327,
frame_ms,0.2327,
frame_ms,0.2304,
frame_ms,0.2284,
frame_ms,0.2234,
frame_ms,0.2194,
frame_ms,0.2468,
frame_ms,0.2334,
tick_us,585.7,4342
frame_ms,1.4159,
frame_ms,0.249,
frame_ms,0.2306,
frame_ms,0.2289,
frame_ms,0.2887,
frame_ms,0.5701,
frame_ms,0.2961,
frame_ms,0.2525,
frame_ms,0.2318,
frame_ms,0.2323,
frame_ms,0.2279,
frame_ms,0.2232,
frame_ms,0.2273,
frame_ms,0.255,
frame_ms,0.2266,
frame_ms,0.2158,
frame_ms,0.2192,
frame_ms,0.2804,
frame_ms,0.2761,
frame_ms,0.2605,
frame_ms,0.2266,
frame_ms,0.2168,
tick_us,647.8,4332
frame_ms,1.5158,
frame_ms,0.2749,
frame_ms,0.2615,
frame_ms,0.2483,
frame_ms,0.2319,
frame_ms,0.2863,
frame_ms,0.3498,
frame_ms,0.2573,
frame_ms,0.2289,
frame_ms,0.2407,
frame_ms,0.2413,
frame_ms,0.2264,
frame_ms,0.2317,
frame_ms,0.2181,
frame_ms,0.2674,
frame_ms,0.2266,
frame_ms,0.2168,
frame_ms,0.2149,
frame_ms,0.2443,
frame_ms,0.2603,
frame_ms,0.2272,
frame_ms,0.2478,
frame_ms,0.2722,
tick_us,578,4330
frame_ms,1.45,
frame_ms,0.2476,
frame_ms,0.2211,
frame_ms,0.225,
frame_ms,0.2272,
frame_ms,0.225,
frame_ms,0.2204,
frame_ms,0.5176,
frame_ms,0.3876,
frame_ms,0.3518,
frame_ms,0.3453,
frame_ms,0.3952,
frame_ms,0.3497,
frame_ms,0.3392,
frame_ms,0.3332,
frame_ms,0.2688,
frame_ms,0.2257,
frame_ms,0.2233,
frame_ms,0.2226,
frame_ms,0.2255,
tick_us,643.3,4354
frame_ms,1.5638,
frame_ms,0.277,
frame_ms,0.2398,
frame_ms,0.2146,
frame_ms,0.2368,
frame_ms,0.2728,
frame_ms,0.2758,
frame_ms,0.4398,
frame_ms,0.2546,
frame_ms,0.2182,
frame_ms,0.2292,
frame_ms,0.2298,
frame_ms,0.2265,
frame_ms,0.2209,
frame_ms,0.2234,
frame_ms,0.2441,
frame_ms,0.2262,
frame_ms,0.2212,
frame_ms,0.2167,
frame_ms,0.249,
frame_ms,0.2222,
frame_ms,0.2133,
frame_ms,0.2173,
tick_us,573.1,4382
frame_ms,1.4255,
frame_ms,0.2444,
frame_ms,0.2223,
frame_ms,0.2459,
frame_ms,0.2312,
frame_ms,0.2149,
frame_ms,0.2163,
frame_ms,0.2661,
frame_ms,0.3577,
frame_ms,0.2419,
frame_ms,0.2219,
frame_ms,0.2179,
frame_ms,0.215,
frame_ms,0.2123,
frame_ms,0.2573,
frame_ms,0.2365,
frame_ms,0.2145,
frame_ms,0.2242,
frame_ms,0.2623,
frame_ms,0.2326,
frame_ms,0.2269,
frame_ms,0.2139,
frame_ms,0.2349,
frame_ms,0.2184,
tick_us,567.7,4390
frame_ms,1.4193,
frame_ms,0.24,
frame_ms,0.2166,
frame_ms,0.2175,
frame_ms,0.5076,
frame_ms,0.3033,
frame_ms,0.2621,
frame_ms,0.22,
frame_ms,0.2229,
frame_ms,0.2295,
frame_ms,0.2847,
frame_ms,0.2243,
frame_ms,0.2173,
frame_ms,0.2122,
frame_ms,0.2406,
frame_ms,0.2264,
frame_ms,0.2173,
frame_ms,0.2217,
frame_ms,0.2301,
frame_ms,0.2231,
frame_ms,0.2116,
frame_ms,0.2473,
frame_ms,0.2231,
frame_ms,0.2142,
tick_us,560,4414
frame_ms,1.3879,
frame_ms,0.2542,
frame_ms,0.221,
frame_ms,0.2337,
frame_ms,0.2331,
frame_ms,0.2158,
frame_ms,0.2148,
frame_ms,0.2405,
frame_ms,0.2193,
frame_ms,0.2253,
frame_ms,0.2135,
frame_ms,0.2739,
frame_ms,0.2321,
frame_ms,0.2176,
frame_ms,0.2091,
frame_ms,0.2329,
frame_ms,0.2258,
frame_ms,0.2827,
frame_ms,0.2486,
frame_ms,0.2304,
frame_ms,0.2234,
frame_ms,0.2217,
frame_ms,0.2641,
frame_ms,0.2559,
tick_us,570.5,4408
frame_ms,1.4189,
frame_ms,0.2499,
frame_ms,0.2161,
frame_ms,0.2457,
frame_ms,0.2321,
frame_ms,0.2211,
frame_ms,0.2195,
frame_ms,0.2129,
frame_ms,0.2331,
frame_ms,0.2197,
frame_ms,0.2099,
frame_ms,0.2484,
frame_ms,0.4145,
frame_ms,0.4754,
frame_ms,0.3311,
frame_ms,0.25,
frame_ms,0.2152,
frame_ms,0.2178,
frame_ms,0.2286,
frame_ms,0.3061,
frame_ms,0.3919,
frame_ms,0.3285,
tick_us,594.3,4414
frame_ms,1.4774,
frame_ms,0.2587,
frame_ms,0.2341,
frame_ms,0.2197,
frame_ms,0.2235,
frame_ms,0.2188,
frame_ms,0.217,
frame_ms,0.253,
frame_ms,0.2623,
frame_ms,0.2263,
frame_ms,0.214,
frame_ms,0.2127,
frame_ms,0.2465,
frame_ms,0.2273,
frame_ms,0.3225,
frame_ms,0.2598,
frame_ms,0.2372,
frame_ms,0.226,
frame_ms,0.2193,
frame_ms,0.2211,
frame_ms,0.2471,
frame_ms,0.2191,
frame_ms,0.247,
frame_ms,0.2238,
tick_us,586.5,4414
frame_ms,1.423,
frame_ms,0.2561,
frame_ms,0.2269,
frame_ms,0.226,
frame_ms,0.2206,
frame_ms,0.2187,
frame_ms,0.2141,
frame_ms,0.2968,
frame_ms,0.2734,
frame_ms,0.2347,
frame_ms,0.226,
frame_ms,0.2294,
frame_ms,0.2171,
frame_ms,0.2308,
frame_ms,0.268,
frame_ms,0.2342,
frame_ms,0.8962,
frame_ms,0.6409,
frame_ms,0.4899,
tick_us,629.2,4420
frame_ms,1.608,
frame_ms,0.3296,
frame_ms,0.3815,
frame_ms,0.3159,
frame_ms,0.3081,
frame_ms,0.3739,
frame_ms,0.2851,
frame_ms,0.3511,
frame_ms,0.2337,
frame_ms,0.3677,
frame_ms,0.4437,
frame_ms,0.3522,
frame_ms,0.3745,
frame_ms,0.3944,
frame_ms,0.3008,
frame_ms,0.2529,
frame_ms,0.2277,
tick_us,624.3,4390
frame_ms,1.571,
frame_ms,0.2545,
frame_ms,0.2267,
frame_ms,0.2224,
frame_ms,0.2228,
frame_ms,0.2187,
frame_ms,0.2149,
frame_ms,0.2475,
frame_ms,0.2332,
frame_ms,0.2211,
frame_ms,0.2149,
frame_ms,0.2412,
frame_ms,0.2206,
frame_ms,0.2257,
frame_ms,0.2651,
frame_ms,0.2318,
frame_ms,0.2189,
frame_ms,0.2785,
frame_ms,0.2795,
frame_ms,0.2505,
frame_ms,0.2359,
frame_ms,0.2941,
tick_us,643.6,4394
frame_ms,1.7205,
frame_ms,0.2905,
frame_ms,0.2524,
frame_ms,0.2296,
frame_ms,0.2303,
frame_ms,0.2235,
frame_ms,0.2177,
frame_ms,0.2631,
frame_ms,0.2748,
frame_ms,0.2658,
frame_ms,0.2299,
frame_ms,0.2282,
frame_ms,0.2201,
frame_ms,0.2219,
frame_ms,0.4479,
frame_ms,0.387,
frame_ms,0.5346,
frame_ms,0.2684,
frame_ms,0.5217,
tick_us,666,4448
frame_ms,1.8174,
frame_ms,0.3035,
frame_ms,0.2455,
frame_ms,0.2368,
frame_ms,0.2503,
frame_ms,0.246,
frame_ms,0.2272,
frame_ms,0.2212,
frame_ms,0.2202,
frame_ms,0.2336,
frame_ms,0.2165,
frame_ms,0.273,
frame_ms,0.2381,
frame_ms,0.2207,
frame_ms,0.2175,
frame_ms,0.2358,
frame_ms,0.2305,
frame_ms,0.2194,
frame_ms,0.2162,
frame_ms,0.3864,
frame_ms,0.4123,
frame_ms,0.3907,
tick_us,684.2,4448
frame_ms,1.7453,
frame_ms,0.2891,
frame_ms,0.2494,
frame_ms,0.2187,
frame_ms,0.2348,
frame_ms,0.2203,
frame_ms,0.217,
frame_ms,0.2452,
frame_ms,0.2371,
frame_ms,0.2192,
frame_ms,0.213,
frame_ms,0.249,
frame_ms,0.2418,
frame_ms,0.2617,
frame_ms,0.2921,
frame_ms,0.2212,
frame_ms,0.3463,
frame_ms,0.514,
frame_ms,0.2875,
frame_ms,0.2521,
tick_us,644.7,4478
frame_ms,1.5234,
frame_ms,0.307,
frame_ms,0.2291,
frame_ms,0.242,
frame_ms,0.2322,
frame_ms,0.2269,
frame_ms,0.2287,
frame_ms,0.233,
frame_ms,0.2265,
frame_ms,0.22,
frame_ms,0.3122,
frame_ms,0.2244,
frame_ms,0.2343,
frame_ms,1.0243,
frame_ms,0.2244,
frame_ms,0.2222,
frame_ms,0.2379,
frame_ms,0.5211,
frame_ms,0.394,
tick_us,682.1,4462
frame_ms,1.6725,
frame_ms,0.3007,
frame_ms,0.2502,
frame_ms,0.3862,
frame_ms,0.291,
frame_ms,0.3078,
frame_ms,0.2742,
frame_ms,0.2375,
frame_ms,0.2216,
frame_ms,0.2287,
frame_ms,0.2233,
frame_ms,0.2184,
frame_ms,0.218,
frame_ms,0.3525,
frame_ms,0.2654,
frame_ms,0.2276,
frame_ms,0.2182,
frame_ms,0.6805,
frame_ms,0.5633,
tick_us,656.9,4482
frame_ms,1.7709,
frame_ms,0.294,
frame_ms,0.2512,
frame_ms,0.2208,
frame_ms,0.236,
frame_ms,0.229,
frame_ms,0.2212,
frame_ms,0.2215,
frame_ms,0.2304,
frame_ms,0.2416,
frame_ms,0.2257,
frame_ms,0.217,
frame_ms,0.2166,
frame_ms,0.2429,
frame_ms,0.2196,
frame_ms,0.2175,
frame_ms,0.2184,
frame_ms,0.2484,
frame_ms,0.2359,
frame_ms,0.2182,
frame_ms,0.267,
tick_us,570,4480
frame_ms,1.6514,
frame_ms,0.2758,
frame_ms,0.2706,
frame_ms,0.2338,
frame_ms,0.2295,
frame_ms,0.2274,
frame_ms,0.2164,
frame_ms,0.2149,
frame_ms,0.2562,
frame_ms,0.2294,
frame_ms,0.2211,
frame_ms,0.2137,
frame_ms,0.276,
frame_ms,0.2348,
frame_ms,0.2201,
frame_ms,0.2136,
frame_ms,0.2583,
frame_ms,0.225,
frame_ms,0.2157,
frame_ms,0.2102,
frame_ms,0.2885,
frame_ms,0.2265,
frame_ms,0.21,
frame_ms,0.2119,
frame_ms,0.2658,
tick_us,572.4,4488
frame_ms,1.5554,
frame_ms,0.252,
frame_ms,0.231,
frame_ms,0.232,
frame_ms,0.2341,
frame_ms,0.4179,
frame_ms,0.3906,
frame_ms,0.2487,
frame_ms,0.2358,
frame_ms,0.222,
frame_ms,0.2135,
frame_ms,0.215,
frame_ms,0.2576,
frame_ms,0.2284,
frame_ms,0.2267,
frame_ms,0.2171,
frame_ms,0.2473,
frame_ms,0.2289,
frame_ms,0.2456,
frame_ms,0.2154,
frame_ms,0.2256,
frame_ms,0.2525,
tick_us,571.9,4516
frame_ms,1.4032,
frame_ms,0.2337,
frame_ms,0.216,
frame_ms,0.2195,
frame_ms,0.213,
frame_ms,0.2196,
frame_ms,0.2244,
frame_ms,0.2425,
frame_ms,0.2244,
frame_ms,0.2137,
frame_ms,0.2141,
frame_ms,0.2481,
frame_ms,0.2292,
frame_ms,0.2127,
frame_ms,0.2097,
frame_ms,0.2726,
frame_ms,0.2285,
frame_ms,0.2176,
frame_ms,0.2121,
frame_ms,0.2672,
frame_ms,0.2437,
frame_ms,0.2171,
frame_ms,0.2084,
frame_ms,0.2256,
frame_ms,0.2154,
frame_ms,0.2086,
tick_us,575.6,4534
frame_ms,1.4225,
frame_ms,0.27,
frame_ms,0.3105,
frame_ms,0.237,
frame_ms,0.216,
frame_ms,0.2206,
frame_ms,0.2139,
frame_ms,0.2129,
frame_ms,0.2304,
frame_ms,0.2859,
frame_ms,0.2406,
frame_ms,0.2263,
frame_ms,0.2172,
frame_ms,0.2147,
frame_ms,0.2664,
frame_ms,0.2324,
frame_ms,0.2221,
frame_ms,0.2157,
frame_ms,0.2369,
frame_ms,0.2229,
frame_ms,0.2128,
frame_ms,0.2322,
frame_ms,0.2203,
frame_ms,0.263,
tick_us,586.5,4494
frame_ms,1.4526,
frame_ms,0.3785,
frame_ms,0.3181,
frame_ms,0.2486,
frame_ms,0.2266,
frame_ms,0.5942,
frame_ms,0.3304,
frame_ms,0.3543,
frame_ms,0.3405,
frame_ms,0.4619,
frame_ms,0.2942,
frame_ms,0.2524,
frame_ms,0.22,
frame_ms,0.2219,
frame_ms,0.2215,
frame_ms,0.2159,
frame_ms,0.2527,
frame_ms,0.2274,
frame_ms,0.247,
frame_ms,0.2289,
tick_us,609.1,4490
frame_ms,1.6634,
frame_ms,0.2893,
frame_ms,0.2254,
frame_ms,0.2257,
frame_ms,0.2136,
frame_ms,0.2246,
frame_ms,0.2367,
frame_ms,0.2459,
frame_ms,0.233,
frame_ms,0.2448,
frame_ms,0.2772,
frame_ms,0.2434,
frame_ms,0.2331,
frame_ms,0.226,
frame_ms,0.2214,
frame_ms,0.2596,
frame_ms,0.2474,
frame_ms,0.2225,
frame_ms,0.2225,
frame_ms,0.2193,
frame_ms,0.2392,
frame_ms,0.2591,
frame_ms,0.2319,
tick_us,612.9,4500
frame_ms,1.532,
frame_ms,0.3193,
frame_ms,0.2467,
frame_ms,0.2168,
frame_ms,0.2256,
frame_ms,0.2168,
frame_ms,0.2141,
frame_ms,0.2534,
frame_ms,0.2278,
frame_ms,0.213,
frame_ms,0.2146,
frame_ms,0.2454,
frame_ms,0.2214,
frame_ms,0.2135,
frame_ms,0.2308,
frame_ms,0.219,
frame_ms,0.2741,
frame_ms,0.2307,
frame_ms,0.2139,
frame_ms,0.2502,
frame_ms,0.2295,
frame_ms,0.2135,
frame_ms,0.212,
frame_ms,0.2426,
tick_us,569.4,4452
frame_ms,1.4052,
frame_ms,0.2338,
frame_ms,0.227,
frame_ms,0.5105,
frame_ms,0.2933,
frame_ms,0.2459,
frame_ms,0.3524,
frame_ms,0.3017,
frame_ms,0.2504,
frame_ms,0.2174,
frame_ms,0.2281,
frame_ms,0.2233,
frame_ms,0.2194,
frame_ms,0.2132,
frame_ms,0.2698,
frame_ms,0.2299,
frame_ms,0.2231,
frame_ms,0.2206,
frame_ms,0.2522,
frame_ms,0.2345,
frame_ms,0.2181,
frame_ms,0.2122,
frame_ms,0.2465,
tick_us,580.1,4470
frame_ms,1.4626,
frame_ms,0.4565,
frame_ms,0.2495,
frame_ms,0.2194,
frame_ms,0.2204,
frame_ms,0.2195,
frame_ms,0.2296,
frame_ms,0.2395,
frame_ms,0.2191,
frame_ms,0.2256,
frame_ms,0.2175,
frame_ms,0.2534,
frame_ms,0.2383,
frame_ms,0.2162,
frame_ms,0.212,
frame_ms,0.2339,
frame_ms,0.2167,
frame_ms,0.2066,
frame_ms,0.2419,
frame_ms,0.2249,
frame_ms,0.2125,
frame_ms,0.2161,
frame_ms,0.239,
frame_ms,0.2252,
tick_us,606.1,4506
frame_ms,1.4527,
frame_ms,0.2579,
frame_ms,0.2203,
frame_ms,0.3569,
frame_ms,0.4264,
frame_ms,0.4256,
frame_ms,0.2817,
frame_ms,0.2425,
frame_ms,0.2208,
frame_ms,0.2316,
frame_ms,0.2257,
frame_ms,0.223,
frame_ms,0.2668,
frame_ms,0.2778,
frame_ms,0.2438,
frame_ms,0.246,
frame_ms,0.2462,
frame_ms,0.2395,
frame_ms,0.2233,
frame_ms,0.2294,
frame_ms,0.2177,
frame_ms,0.2598,
tick_us,610.9,4498
frame_ms,1.4624,
frame_ms,0.2467,
frame_ms,0.2335,
frame_ms,0.2295,
frame_ms,0.3123,
frame_ms,0.4938,
frame_ms,0.3785,
frame_ms,0.3932,
frame_ms,0.356,
frame_ms,0.3366,
frame_ms,0.3181,
frame_ms,0.2588,
frame_ms,0.2217,
frame_ms,0.2247,
frame_ms,0.2226,
frame_ms,0.2173,
frame_ms,0.2295,
frame_ms,0.2276,
frame_ms,0.2499,
frame_ms,0.2744,
tick_us,620.1,4504
frame_ms,1.4938,
frame_ms,0.2457,
frame_ms,0.2213,
frame_ms,0.2279,
frame_ms,0.2868,
frame_ms,0.4297,
frame_ms,0.3028,
frame_ms,0.2423,
frame_ms,0.2164,
frame_ms,0.2367,
frame_ms,0.2282,
frame_ms,0.2169,
frame_ms,0.2147,
frame_ms,0.2441,
frame_ms,0.2732,
frame_ms,0.2422,
frame_ms,0.2264,
frame_ms,0.2256,
frame_ms,0.217,
frame_ms,0.353,
frame_ms,0.2655,
frame_ms,0.247,
tick_us,590.5,4500
frame_ms,1.5227,
frame_ms,0.2702,
frame_ms,0.2272,
frame_ms,0.2226,
frame_ms,0.2256,
frame_ms,0.3015,
frame_ms,0.4092,
frame_ms,0.2532,
frame_ms,0.2346,
frame_ms,0.231,
frame_ms,0.2195,
frame_ms,0.2163,
frame_ms,0.2155,
frame_ms,0.3094,
frame_ms,0.2737,
frame_ms,0.2388,
frame_ms,0.225,
frame_ms,0.218,
frame_ms,0.2139,
frame_ms,0.2559,
frame_ms,0.2615,
frame_ms,0.2293,
frame_ms,0.2375,
tick_us,571.5,4490
frame_ms,1.4199,
frame_ms,0.2402,
frame_ms,0.2197,
frame_ms,0.2234,
frame_ms,0.2235,
frame_ms,0.2219,
frame_ms,0.2168,
frame_ms,0.2406,
frame_ms,0.2561,
frame_ms,0.332,
frame_ms,0.3721,
frame_ms,0.2793,
frame_ms,0.2436,
frame_ms,0.2187,
frame_ms,0.2215,
frame_ms,0.2229,
frame_ms,0.2169,
frame_ms,0.241,
frame_ms,0.2291,
frame_ms,0.2147,
frame_ms,0.2478,
frame_ms,0.2713,
frame_ms,0.2373,
frame_ms,0.2256,
tick_us,578.3,4450
frame_ms,1.429,
frame_ms,0.2526,
frame_ms,0.2316,
frame_ms,0.2136,
frame_ms,0.2206,
frame_ms,0.2232,
frame_ms,0.2229,
frame_ms,0.2284,
frame_ms,0.2328,
frame_ms,0.324,
frame_ms,0.3465,
frame_ms,0.2233,
frame_ms,0.2247,
frame_ms,0.2158,
frame_ms,0.2161,
frame_ms,0.2565,
frame_ms,0.2278,
frame_ms,0.2156,
frame_ms,0.2906,
frame_ms,0.2342,
frame_ms,0.2201,
frame_ms,0.2577,
frame_ms,0.2271,
frame_ms,0.2177,
tick_us,571.9,4456
frame_ms,1.4159,
frame_ms,0.2488,
frame_ms,0.2151,
frame_ms,0.2174,
frame_ms,0.2118,
frame_ms,0.2108,
frame_ms,0.2499,
frame_ms,0.2264,
frame_ms,0.2264,
frame_ms,0.2461,
frame_ms,0.2477,
frame_ms,0.3485,
frame_ms,0.2803,
frame_ms,0.238,
frame_ms,0.2214,
frame_ms,0.2566,
frame_ms,0.2367,
frame_ms,0.2509,
frame_ms,0.2259,
frame_ms,0.2138,
frame_ms,0.2128,
frame_ms,0.2472,
frame_ms,0.2236,
frame_ms,0.2168,
tick_us,575.6,4450
frame_ms,1.3955,
frame_ms,0.2303,
frame_ms,0.2122,
frame_ms,0.2186,
frame_ms,0.4192,
frame_ms,0.327,
frame_ms,0.2492,
frame_ms,0.2232,
frame_ms,0.2222,
frame_ms,0.3132,
frame_ms,0.3854,
frame_ms,0.2464,
frame_ms,0.2179,
frame_ms,0.2257,
frame_ms,0.2227,
frame_ms,0.2182,
frame_ms,0.2304,
frame_ms,0.228,
frame_ms,0.2305,
frame_ms,0.2959,
frame_ms,0.3022,
frame_ms,0.2575,
tick_us,594.7,4440
frame_ms,1.6558,
frame_ms,0.2998,
frame_ms,0.242,
frame_ms,0.2154,
frame_ms,0.2223,
frame_ms,0.2265,
frame_ms,0.2165,
frame_ms,0.2122,
frame_ms,0.2366,
frame_ms,0.2328,
frame_ms,0.2153,
frame_ms,0.2914,
frame_ms,0.3703,
frame_ms,0.3441,
frame_ms,0.2751,
frame_ms,0.2193,
frame_ms,0.2252,
frame_ms,0.219,
frame_ms,0.2102,
frame_ms,0.2127,
frame_ms,0.2447,
frame_ms,0.22,
frame_ms,0.2147,
tick_us,567.5,4444
frame_ms,1.4289,
frame_ms,0.2318,
frame_ms,0.2127,
frame_ms,0.2205,
frame_ms,0.2121,
frame_ms,0.2113,
frame_ms,0.2306,
frame_ms,0.2209,
frame_ms,0.212,
frame_ms,0.2349,
frame_ms,0.211,
frame_ms,0.4008,
frame_ms,0.4613,
frame_ms,0.5315,
frame_ms,0.2848,
frame_ms,0.2614,
frame_ms,0.2234,
frame_ms,0.2247,
frame_ms,0.218,
frame_ms,0.2091,
frame_ms,0.2286,
frame_ms,0.2282,
tick_us,591,4438
frame_ms,1.4698,
frame_ms,0.2407,
frame_ms,0.2232,
frame_ms,0.2234,
frame_ms,0.2227,
frame_ms,0.2167,
frame_ms,0.2122,
frame_ms,0.2388,
frame_ms,0.2177,
frame_ms,0.207,
frame_ms,0.2471,
frame_ms,0.2275,
frame_ms,0.2137,
frame_ms,0.2414,
frame_ms,0.384,
frame_ms,0.4146,
frame_ms,0.4144,
frame_ms,0.2271,
frame_ms,0.2198,
frame_ms,0.2969,
frame_ms,0.2593,
frame_ms,0.244,
tick_us,581,4468
frame_ms,1.5619,
frame_ms,0.3177,
frame_ms,0.2415,
frame_ms,0.2175,
frame_ms,0.2172,
frame_ms,0.2197,
frame_ms,0.2287,
frame_ms,0.2412,
frame_ms,0.2667,
frame_ms,0.2316,
frame_ms,0.2182,
frame_ms,0.212,
frame_ms,0.2493,
frame_ms,0.2776,
frame_ms,0.2819,
frame_ms,0.4027,
frame_ms,0.2294,
frame_ms,0.2948,
frame_ms,0.2866,
frame_ms,0.3023,
frame_ms,0.2551,
frame_ms,0.2364,
tick_us,573.8,4474
frame_ms,1.5735,
frame_ms,0.2523,
frame_ms,0.2302,
frame_ms,0.2291,
frame_ms,0.2242,
frame_ms,0.2181,
frame_ms,0.2176,
frame_ms,0.2459,
frame_ms,0.2254,
frame_ms,0.2216,
frame_ms,0.2123,
frame_ms,0.2492,
frame_ms,0.2259,
frame_ms,0.22,
frame_ms,0.2266,
frame_ms,0.2435,
frame_ms,0.4772,
frame_ms,0.2635,
frame_ms,0.2247,
frame_ms,0.2414,
frame_ms,0.2247,
frame_ms,0.2195,
frame_ms,0.2161,
frame_ms,0.2298,
tick_us,577,4496
frame_ms,1.4156,
frame_ms,0.2334,
frame_ms,0.2195,
frame_ms,0.2229,
frame_ms,0.2158,
frame_ms,0.214,
frame_ms,0.2674,
frame_ms,0.2308,
frame_ms,0.2226,
frame_ms,0.2151,
frame_ms,0.2547,
frame_ms,0.2257,
frame_ms,0.2136,
frame_ms,0.2285,
frame_ms,0.2197,
frame_ms,0.2801,
frame_ms,0.593,
frame_ms,0.3516,
frame_ms,0.2288,
frame_ms,0.2223,
frame_ms,0.2304,
frame_ms,0.2231,
frame_ms,0.2173,
tick_us,575,4476
frame_ms,1.5089,
frame_ms,0.2416,
frame_ms,0.2147,
frame_ms,0.234,
frame_ms,0.2204,
frame_ms,0.2134,
frame_ms,0.2105,
frame_ms,0.2522,
frame_ms,0.2324,
frame_ms,0.226,
frame_ms,0.2126,
frame_ms,0.2579,
frame_ms,0.2231,
frame_ms,0.2108,
frame_ms,0.225,
frame_ms,0.2149,
frame_ms,0.2769,
frame_ms,0.3686,
frame_ms,0.4056,
frame_ms,0.2239,
frame_ms,0.2221,
frame_ms,0.214,
frame_ms,0.219,
tick_us,569.7,4464
frame_ms,1.3983,
frame_ms,0.2435,
frame_ms,0.2143,
frame_ms,0.2191,
frame_ms,0.2106,
frame_ms,0.2127,
frame_ms,0.2332,
frame_ms,0.217,
frame_ms,0.2101,
frame_ms,0.2286,
frame_ms,0.2162,
frame_ms,0.2145,
frame_ms,0.2248,
frame_ms,0.2114,
frame_ms,0.2761,
frame_ms,0.2326,
frame_ms,0.2172,
frame_ms,0.2137,
frame_ms,0.247,
frame_ms,0.2106,
frame_ms,0.2082,
frame_ms,0.2604,
frame_ms,0.4468,
frame_ms,0.3497,
tick_us,635.3,4472
frame_ms,1.6199,
frame_ms,0.2457,
frame_ms,0.2239,
frame_ms,0.4237,
frame_ms,0.2806,
frame_ms,0.2456,
frame_ms,0.2167,
frame_ms,0.232,
frame_ms,0.2167,
frame_ms,0.2182,
frame_ms,0.2203,
frame_ms,0.2518,
frame_ms,0.2272,
frame_ms,0.2177,
frame_ms,0.2126,
frame_ms,0.2605,
frame_ms,0.2276,
frame_ms,0.2195,
frame_ms,0.2495,
frame_ms,0.437,
frame_ms,0.3725,
tick_us,604.1,4504
frame_ms,1.6279,
frame_ms,0.2698,
frame_ms,0.2178,
frame_ms,0.2181,
frame_ms,0.2136,
frame_ms,0.2104,
frame_ms,0.2542,
frame_ms,0.2239,
frame_ms,0.229,
frame_ms,0.2151,
frame_ms,0.2334,
frame_ms,0.2551,
frame_ms,0.2703,
frame_ms,0.237,
frame_ms,0.7719,
frame_ms,0.2289,
frame_ms,0.2258,
frame_ms,0.2243,
frame_ms,0.3445,
frame_ms,0.3678,
frame_ms,0.3666,
tick_us,575.8,4526
frame_ms,1.5134,
frame_ms,0.2589,
frame_ms,0.224,
frame_ms,0.2467,
frame_ms,0.2224,
frame_ms,0.2206,
frame_ms,0.2151,
frame_ms,0.2139,
frame_ms,0.2892,
frame_ms,0.2989,
frame_ms,0.2675,
frame_ms,0.2453,
frame_ms,0.2419,
frame_ms,0.2475,
frame_ms,0.2478,
frame_ms,0.2848,
frame_ms,0.2491,
frame_ms,0.2215,
frame_ms,0.2699,
frame_ms,0.3953,
frame_ms,0.392,
tick_us,572.8,4502
frame_ms,1.4081,
frame_ms,0.2434,
frame_ms,0.2189,
frame_ms,0.2219,
frame_ms,0.2156,
frame_ms,0.2145,
frame_ms,0.2536,
frame_ms,0.2256,
frame_ms,0.216,
frame_ms,0.2431,
frame_ms,0.2204,
frame_ms,0.2145,
frame_ms,0.2608,
frame_ms,1.3048,
frame_ms,0.3199,
frame_ms,0.2417,
frame_ms,0.4035,
frame_ms,0.2634,
frame_ms,0.2246,
tick_us,594.9,4506
frame_ms,1.526,
frame_ms,0.2742,
frame_ms,0.2467,
frame_ms,0.2317,
frame_ms,0.231,
frame_ms,0.2299,
frame_ms,0.2231,
frame_ms,0.2251,
frame_ms,0.22,
frame_ms,0.2438,
frame_ms,0.2249,
frame_ms,0.2305,
frame_ms,0.2195,
frame_ms,0.2467,
frame_ms,0.2196,
frame_ms,0.2163,
frame_ms,0.3543,
frame_ms,0.7066,
frame_ms,0.3428,
frame_ms,0.3411,
frame_ms,0.3126,
tick_us,593.3,4502
frame_ms,1.6048,
frame_ms,0.2913,
frame_ms,0.2531,
frame_ms,0.2345,
frame_ms,0.229,
frame_ms,0.2238,
frame_ms,0.2164,
frame_ms,0.2209,
frame_ms,0.2612,
frame_ms,0.2704,
frame_ms,0.2445,
frame_ms,0.2333,
frame_ms,0.2261,
frame_ms,0.2219,
frame_ms,0.2263,
frame_ms,0.2229,
frame_ms,0.234,
frame_ms,0.2728,
frame_ms,0.2338,
frame_ms,0.2208,
frame_ms,0.2167,
frame_ms,0.2402,
frame_ms,0.2234,
frame_ms,0.2205,
tick_us,593.1,4472
frame_ms,1.589,
frame_ms,0.2721,
frame_ms,0.2334,
frame_ms,0.2302,
frame_ms,0.2251,
frame_ms,0.2166,
frame_ms,0.2145,
frame_ms,0.2494,
frame_ms,0.2275,
frame_ms,0.2211,
frame_ms,0.2161,
frame_ms,0.2602,
frame_ms,0.2236,
frame_ms,0.2163,
frame_ms,0.2232,
frame_ms,0.2611,
frame_ms,0.2301,
frame_ms,0.2147,
frame_ms,0.2122,
frame_ms,0.2511,
frame_ms,0.2805,
frame_ms,0.2419,
frame_ms,0.2641,
tick_us,648.7,4466
frame_ms,1.5668,
frame_ms,0.2966,
frame_ms,0.2714,
frame_ms,0.2958,
frame_ms,0.3087,
frame_ms,0.29,
frame_ms,0.2637,
frame_ms,0.248,
frame_ms,0.2452,
frame_ms,0.2539,
frame_ms,0.2476,
frame_ms,0.4918,
frame_ms,0.3565,
frame_ms,0.2726,
frame_ms,0.2368,
frame_ms,0.2221,
frame_ms,0.2236,
frame_ms,0.2175,
frame_ms,0.2254,
frame_ms,0.2181,
frame_ms,0.2321,
tick_us,613,4446
frame_ms,1.4882,
frame_ms,0.2588,
frame_ms,0.388,
frame_ms,0.3524,
frame_ms,0.3406,
frame_ms,0.3303,
frame_ms,0.2593,
frame_ms,0.2246,
frame_ms,0.223,
frame_ms,0.2213,
frame_ms,0.2183,
frame_ms,0.2355,
frame_ms,0.2319,
frame_ms,0.2266,
frame_ms,0.2626,
frame_ms,0.2313,
frame_ms,0.2232,
frame_ms,0.2442,
frame_ms,0.2231,
frame_ms,0.2341,
frame_ms,0.2215,
frame_ms,0.2115,
tick_us,579,4468
frame_ms,1.4325,
frame_ms,0.6347,
frame_ms,0.4131,
frame_ms,0.2694,
frame_ms,0.2267,
frame_ms,0.2308,
frame_ms,0.225,
frame_ms,0.2284,
frame_ms,0.2223,
frame_ms,0.2295,
frame_ms,0.2117,
frame_ms,0.2721,
frame_ms,0.2308,
frame_ms,0.2173,
frame_ms,0.2142,
frame_ms,0.2661,
frame_ms,0.2296,
frame_ms,0.2159,
frame_ms,0.213,
frame_ms,0.243,
frame_ms,0.2344,
frame_ms,0.2248,
frame_ms,0.2097,
tick_us,601,4486
frame_ms,1.5201,
frame_ms,0.4407,
frame_ms,0.2454,
frame_ms,0.2179,
frame_ms,0.2232,
frame_ms,0.2278,
frame_ms,0.2129,
frame_ms,0.2167,
frame_ms,0.2645,
frame_ms,0.2251,
frame_ms,0.2251,
frame_ms,0.2154,
frame_ms,0.2651,
frame_ms,0.2361,
frame_ms,0.2182,
frame_ms,0.2127,
frame_ms,0.2293,
frame_ms,0.2231,
frame_ms,0.2143,
frame_ms,0.2283,
frame_ms,0.2211,
frame_ms,0.2775,
frame_ms,0.2299,
frame_ms,0.2166,
tick_us,587.1,4482
frame_ms,1.4288,
frame_ms,0.4232,
frame_ms,0.4152,
frame_ms,0.299,
frame_ms,0.7109,
frame_ms,0.4051,
frame_ms,0.4477,
frame_ms,0.25,
frame_ms,0.3233,
frame_ms,0.3384,
frame_ms,0.2979,
frame_ms,0.2526,
frame_ms,0.223,
frame_ms,0.2751,
frame_ms,0.3053,
frame_ms,0.2524,
frame_ms,0.229,
tick_us,629.7,4448
frame_ms,2.4912,
frame_ms,0.2649,
frame_ms,0.2373,
frame_ms,0.3756,
frame_ms,0.5749,
frame_ms,0.573,
frame_ms,0.4369,
frame_ms,0.2651,
frame_ms,0.2943,
frame_ms,0.5398,
frame_ms,0.3414,
frame_ms,0.2513,
frame_ms,0.2329,
tick_us,615.6,4454
frame_ms,1.4881,
frame_ms,0.2422,
frame_ms,0.2223,
frame_ms,0.2249,
frame_ms,0.2193,
frame_ms,0.3672,
frame_ms,0.396,
frame_ms,0.3891,
frame_ms,0.4059,
frame_ms,0.3352,
frame_ms,0.2588,
frame_ms,0.2302,
frame_ms,0.2294,
frame_ms,0.284,
frame_ms,0.2532,
frame_ms,0.2538,
frame_ms,0.2808,
frame_ms,0.2368,
frame_ms,0.2299,
frame_ms,0.2249,
frame_ms,0.2202,
tick_us,1334.4,4420
frame_ms,2.1912,
frame_ms,0.3525,
frame_ms,0.286,
frame_ms,0.2473,
frame_ms,0.2429,
frame_ms,0.2968,
frame_ms,0.5234,
frame_ms,0.3929,
frame_ms,0.3918,
frame_ms,0.281,
frame_ms,0.3863,
frame_ms,0.4729,
frame_ms,0.2766,
frame_ms,0.2426,
frame_ms,0.2303,
tick_us,626.1,4390
frame_ms,1.5266,
frame_ms,0.2517,
frame_ms,0.2203,
frame_ms,0.2284,
frame_ms,0.2228,
frame_ms,0.2301,
frame_ms,0.4906,
frame_ms,0.334,
frame_ms,0.2631,
frame_ms,0.3878,
frame_ms,0.2987,
frame_ms,0.2395,
frame_ms,0.2231,
frame_ms,0.2265,
frame_ms,0.223,
frame_ms,0.3115,
frame_ms,0.238,
frame_ms,0.2353,
frame_ms,0.2253,
frame_ms,0.2215,
frame_ms,0.2223,
frame_ms,0.2535,
tick_us,677.7,4380
frame_ms,1.6528,
frame_ms,0.2841,
frame_ms,0.2293,
frame_ms,0.2285,
frame_ms,0.2373,
frame_ms,0.227,
frame_ms,0.2185,
frame_ms,0.2146,
frame_ms,0.2583,
frame_ms,0.2179,
frame_ms,0.2175,
frame_ms,0.2158,
frame_ms,0.2306,
frame_ms,0.5058,
frame_ms,0.4029,
frame_ms,0.35,
frame_ms,0.3074,
frame_ms,0.2478,
frame_ms,0.2217,
frame_ms,0.2238,
frame_ms,0.2584,
tick_us,607.3,4432
frame_ms,1.487,
frame_ms,0.2585,
frame_ms,0.229,
frame_ms,0.2628,
frame_ms,0.2257,
frame_ms,0.3201,
frame_ms,0.2205,
frame_ms,0.2232,
frame_ms,0.2167,
frame_ms,0.2172,
frame_ms,0.4801,
frame_ms,0.3843,
frame_ms,0.3255,
frame_ms,0.311,
frame_ms,0.4407,
frame_ms,0.2922,
frame_ms,0.2323,
frame_ms,0.2269,
frame_ms,0.2265,
frame_ms,0.2329,
tick_us,645.4,4444
frame_ms,1.5292,
frame_ms,0.2512,
frame_ms,0.2234,
frame_ms,0.3122,
frame_ms,0.3626,
frame_ms,0.3306,
frame_ms,0.2765,
frame_ms,0.3809,
frame_ms,0.2699,
frame_ms,0.4068,
frame_ms,0.375,
frame_ms,0.288,
frame_ms,0.231,
frame_ms,0.221,
frame_ms,0.2155,
frame_ms,0.2124,
frame_ms,0.2566,
frame_ms,0.2308,
frame_ms,0.2156,
frame_ms,0.2142,
frame_ms,0.2418,
tick_us,613.9,4418
frame_ms,1.484,
frame_ms,0.2591,
frame_ms,0.2177,
frame_ms,0.2209,
frame_ms,0.2217,
frame_ms,0.2147,
frame_ms,0.2455,
frame_ms,0.234,
frame_ms,0.2245,
frame_ms,0.2362,
frame_ms,0.2157,
frame_ms,0.3335,
frame_ms,0.2244,
frame_ms,0.257,
frame_ms,0.2456,
frame_ms,0.2314,
frame_ms,0.2147,
frame_ms,0.2128,
frame_ms,0.2563,
frame_ms,0.2303,
frame_ms,0.2153,
frame_ms,0.2296,
frame_ms,0.2258,
frame_ms,0.2141,
tick_us,614.9,4492
frame_ms,1.4687,
frame_ms,0.2735,
frame_ms,0.3784,
frame_ms,0.2849,
frame_ms,0.2568,
frame_ms,0.3109,
frame_ms,0.2571,
frame_ms,0.246,
frame_ms,0.2478,
frame_ms,0.2425,
frame_ms,0.2736,
frame_ms,0.3097,
frame_ms,0.2539,
frame_ms,0.2372,
frame_ms,0.2306,
frame_ms,0.2386,
frame_ms,0.226,
frame_ms,0.2287,
frame_ms,0.2514,
frame_ms,0.3493,
frame_ms,0.2689,
frame_ms,0.2205,
tick_us,589.5,4466
frame_ms,1.4607,
frame_ms,0.2371,
frame_ms,0.2161,
frame_ms,0.2271,
frame_ms,0.2187,
frame_ms,0.2138,
frame_ms,0.2505,
frame_ms,0.2222,
frame_ms,0.211,
frame_ms,0.2109,
frame_ms,0.2731,
frame_ms,0.2129,
frame_ms,0.2122,
frame_ms,0.2186,
frame_ms,0.2665,
frame_ms,0.2261,
frame_ms,0.2097,
frame_ms,0.2244,
frame_ms,0.2317,
frame_ms,0.2197,
frame_ms,0.2096,
frame_ms,0.233,
frame_ms,0.2138,
frame_ms,0.2052,
frame_ms,0.2418,
tick_us,597.3,4492
frame_ms,1.4258,
frame_ms,0.2304,
frame_ms,0.212,
frame_ms,0.2127,
frame_ms,0.2096,
frame_ms,0.2213,
frame_ms,0.2328,
frame_ms,0.2153,
frame_ms,0.2095,
frame_ms,0.3085,
frame_ms,0.4199,
frame_ms,0.4161,
frame_ms,0.2838,
frame_ms,0.2456,
frame_ms,0.2223,
frame_ms,0.2256,
frame_ms,0.2241,
frame_ms,0.2188,
frame_ms,0.2172,
frame_ms,0.2408,
frame_ms,0.2244,
frame_ms,0.2525,
frame_ms,0.2721,
tick_us,591.4,4474
frame_ms,1.4803,
frame_ms,0.2475,
frame_ms,0.2207,
frame_ms,0.2553,
frame_ms,0.2253,
frame_ms,0.2161,
frame_ms,0.219,
frame_ms,0.2548,
frame_ms,0.2294,
frame_ms,0.2171,
frame_ms,0.2201,
frame_ms,0.2396,
frame_ms,0.2677,
frame_ms,0.276,
frame_ms,0.2456,
frame_ms,0.2485,
frame_ms,0.2316,
frame_ms,0.2251,
frame_ms,0.2179,
frame_ms,0.2174,
frame_ms,0.2314,
frame_ms,0.222,
frame_ms,0.2512,
frame_ms,0.2206,
tick_us,592.4,4488
frame_ms,1.4565,
frame_ms,0.2315,
frame_ms,0.2216,
frame_ms,0.223,
frame_ms,0.2218,
frame_ms,0.2979,
frame_ms,0.2714,
frame_ms,0.2331,
frame_ms,0.2642,
frame_ms,0.2207,
frame_ms,0.2141,
frame_ms,0.2132,
frame_ms,0.2438,
frame_ms,0.2271,
frame_ms,0.2156,
frame_ms,0.2119,
frame_ms,0.2448,
frame_ms,0.2275,
frame_ms,0.2128,
frame_ms,0.2283,
frame_ms,0.2154,
frame_ms,0.264,
frame_ms,0.2358,
frame_ms,0.2187,
frame_ms,0.2159,
tick_us,577.2,4520
frame_ms,1.5238,
frame_ms,0.2678,
frame_ms,0.225,
frame_ms,0.2236,
frame_ms,0.2196,
frame_ms,0.2168,
frame_ms,0.2314,
frame_ms,0.2106,
frame_ms,0.3077,
frame_ms,0.2695,
frame_ms,0.2378,
frame_ms,0.2319,
frame_ms,0.2215,
frame_ms,0.2147,
frame_ms,0.2791,
frame_ms,0.224,
frame_ms,0.2158,
frame_ms,0.2123,
frame_ms,0.2112,
frame_ms,0.2691,
frame_ms,0.2741,
frame_ms,0.238,
frame_ms,0.2275,
frame_ms,0.2174,
tick_us,589.3,4498
frame_ms,1.4236,
frame_ms,0.269,
frame_ms,0.231,
frame_ms,0.2226,
frame_ms,0.2242,
frame_ms,0.7774,
frame_ms,0.3557,
frame_ms,0.2857,
frame_ms,0.248,
frame_ms,0.2202,
frame_ms,0.2245,
frame_ms,0.2196,
frame_ms,0.2226,
frame_ms,0.2531,
frame_ms,0.2793,
frame_ms,0.2443,
frame_ms,0.2261,
frame_ms,0.2128,
frame_ms,0.2083,
frame_ms,0.254,
frame_ms,0.2173,
frame_ms,0.2133,
tick_us,603.1,4506
frame_ms,1.4565,
frame_ms,0.2368,
frame_ms,0.3098,
frame_ms,0.2986,
frame_ms,0.2593,
frame_ms,0.3226,
frame_ms,0.2956,
frame_ms,0.2382,
frame_ms,0.2286,
frame_ms,1.2994,
frame_ms,0.2321,
frame_ms,0.3829,
frame_ms,0.3284,
frame_ms,0.3669,
frame_ms,0.372,
tick_us,697,4524
frame_ms,1.7531,
frame_ms,0.2854,
frame_ms,0.2417,
frame_ms,0.2164,
frame_ms,0.2225,
frame_ms,0.2326,
frame_ms,0.2217,
frame_ms,0.2238,
frame_ms,0.2372,
frame_ms,0.2316,
frame_ms,0.218,
frame_ms,0.2161,
frame_ms,0.3399,
frame_ms,0.4047,
frame_ms,0.4042,
frame_ms,0.2561,
frame_ms,0.404,
frame_ms,0.6023,
frame_ms,0.3136,
frame_ms,0.2311,
tick_us,591.5,4534
frame_ms,1.4551,
frame_ms,0.2637,
frame_ms,0.428,
frame_ms,0.3654,
frame_ms,0.2834,
frame_ms,0.2354,
frame_ms,0.217,
frame_ms,0.2145,
frame_ms,0.2952,
frame_ms,1.221,
frame_ms,0.2477,
frame_ms,0.224,
frame_ms,0.3615,
frame_ms,0.2672,
frame_ms,0.2192,
frame_ms,0.2276,
frame_ms,0.2229,
tick_us,600.2,4564
frame_ms,1.4836,
frame_ms,0.2361,
frame_ms,0.2137,
frame_ms,0.2264,
frame_ms,0.2147,
frame_ms,0.2129,
frame_ms,0.2427,
frame_ms,0.2296,
frame_ms,0.2128,
frame_ms,0.2111,
frame_ms,0.2733,
frame_ms,0.2542,
frame_ms,0.2218,
frame_ms,0.2088,
frame_ms,0.2114,
frame_ms,0.2436,
frame_ms,0.223,
frame_ms,0.2137,
frame_ms,0.2465,
frame_ms,0.2257,
frame_ms,0.214,
frame_ms,0.2504,
frame_ms,0.2279,
frame_ms,0.2109,
frame_ms,0.2279,
frame_ms,0.2399,
tick_us,595.7,4544
frame_ms,1.5439,
frame_ms,0.3352,
frame_ms,0.2567,
frame_ms,0.2241,
frame_ms,0.218,
frame_ms,0.2182,
frame_ms,0.2109,
frame_ms,0.2802,
frame_ms,0.2775,
frame_ms,0.7985,
frame_ms,0.3748,
frame_ms,0.3584,
frame_ms,0.3482,
frame_ms,0.3528,
frame_ms,0.367,
frame_ms,0.2575,
frame_ms,0.314,
tick_us,620.2,4566
frame_ms,1.5273,
frame_ms,0.2563,
frame_ms,0.2262,
frame_ms,0.2346,
frame_ms,0.231,
frame_ms,0.219,
frame_ms,0.2176,
frame_ms,0.2414,
frame_ms,0.2191,
frame_ms,0.2166,
frame_ms,0.241,
frame_ms,0.2152,
frame_ms,0.248,
frame_ms,0.2258,
frame_ms,0.216,
frame_ms,0.2619,
frame_ms,0.245,
frame_ms,0.2481,
frame_ms,0.2325,
frame_ms,0.2123,
frame_ms,0.2131,
frame_ms,0.2414,
frame_ms,0.2755,
frame_ms,0.2426,
frame_ms,0.2187,
tick_us,606.6,4538
frame_ms,1.4591,
frame_ms,0.2365,
frame_ms,0.244,
frame_ms,0.2224,
frame_ms,0.2205,
frame_ms,0.3187,
frame_ms,0.3098,
frame_ms,0.2984,
frame_ms,0.2618,
frame_ms,0.3944,
frame_ms,0.6228,
frame_ms,0.3409,
frame_ms,0.3723,
frame_ms,0.3444,
frame_ms,0.3753,
frame_ms,0.363,
frame_ms,0.3459,
tick_us,644.8,4552
frame_ms,1.7395,
frame_ms,0.3036,
frame_ms,0.2375,
frame_ms,0.2275,
frame_ms,0.2349,
frame_ms,0.2203,
frame_ms,0.2147,
frame_ms,0.2207,
frame_ms,0.278,
frame_ms,0.2998,
frame_ms,0.2441,
frame_ms,0.23,
frame_ms,0.223,
frame_ms,0.2173,
frame_ms,0.2418,
frame_ms,0.2235,
frame_ms,0.2324,
frame_ms,0.2134,
frame_ms,0.2583,
frame_ms,0.2296,
frame_ms,0.2182,
frame_ms,0.2169,
frame_ms,0.2384,
frame_ms,0.2236,
tick_us,584.5,4514
frame_ms,1.4369,
frame_ms,0.2481,
frame_ms,0.2141,
frame_ms,0.218,
frame_ms,0.2203,
frame_ms,0.2137,
frame_ms,0.2323,
frame_ms,0.248,
frame_ms,0.2152,
frame_ms,0.2103,
frame_ms,0.2426,
frame_ms,0.218,
frame_ms,0.2153,
frame_ms,0.2386,
frame_ms,0.2284,
frame_ms,0.2184,
frame_ms,0.2659,
frame_ms,0.2365,
frame_ms,0.285,
frame_ms,0.2402,
frame_ms,0.2295,
frame_ms,0.2208,
frame_ms,0.2148,
frame_ms,0.2457,
tick_us,560.2,4496
frame_ms,1.4298,
frame_ms,0.2408,
frame_ms,0.2234,
frame_ms,0.2208,
frame_ms,0.4618,
frame_ms,0.3689,
frame_ms,0.2424,
frame_ms,0.2409,
frame_ms,0.2186,
frame_ms,0.2496,
frame_ms,0.2264,
frame_ms,0.2175,
frame_ms,0.2457,
frame_ms,0.2333,
frame_ms,0.2192,
frame_ms,0.2164,
frame_ms,0.2526,
frame_ms,0.2717,
frame_ms,0.2316,
frame_ms,0.2497,
frame_ms,0.2164,
frame_ms,0.2156,
frame_ms,0.2686,
tick_us,571.8,4470
frame_ms,1.4229,
frame_ms,0.2336,
frame_ms,0.2225,
frame_ms,0.219,
frame_ms,0.2221,
frame_ms,0.2174,
frame_ms,0.2972,
frame_ms,0.2438,
frame_ms,0.2224,
frame_ms,0.2195,
frame_ms,0.2249,
frame_ms,0.2299,
frame_ms,0.2263,
frame_ms,0.2156,
frame_ms,0.2495,
frame_ms,0.2319,
frame_ms,0.2153,
frame_ms,0.2255,
frame_ms,0.2363,
frame_ms,0.217,
frame_ms,0.2088,
frame_ms,0.241,
frame_ms,0.2321,
frame_ms,0.2131,
frame_ms,0.2231,
tick_us,563.3,4460
frame_ms,1.4033,
frame_ms,0.2345,
frame_ms,0.2103,
frame_ms,0.2536,
frame_ms,0.2129,
frame_ms,0.2095,
frame_ms,0.262,
frame_ms,0.2287,
frame_ms,0.2098,
frame_ms,0.2279,
frame_ms,0.2574,
frame_ms,0.2251,
frame_ms,0.2155,
frame_ms,0.4071,
frame_ms,0.2682,
frame_ms,0.2205,
frame_ms,0.2198,
frame_ms,0.2211,
frame_ms,0.2114,
frame_ms,0.262,
frame_ms,0.2297,
frame_ms,0.217,
frame_ms,0.2111,
frame_ms,0.2625,
frame_ms,0.2301,
tick_us,559.5,4472
frame_ms,1.3794,
frame_ms,0.2365,
frame_ms,0.2106,
frame_ms,0.2154,
frame_ms,0.2132,
frame_ms,0.2158,
frame_ms,0.2415,
frame_ms,0.2215,
frame_ms,0.2136,
frame_ms,0.2395,
frame_ms,0.209,
frame_ms,0.2103,
frame_ms,0.2173,
frame_ms,0.2368,
frame_ms,0.2265,
frame_ms,0.2132,
frame_ms,0.2487,
frame_ms,0.2258,
frame_ms,0.2129,
frame_ms,0.2274,
frame_ms,0.2322,
frame_ms,0.2234,
frame_ms,0.2145,
frame_ms,0.2315,
frame_ms,0.213,
frame_ms,0.205,
tick_us,580.9,4522
frame_ms,1.4543,
frame_ms,0.2714,
frame_ms,0.2378,
frame_ms,0.2345,
frame_ms,0.2284,
frame_ms,0.2237,
frame_ms,0.2219,
frame_ms,0.2125,
frame_ms,0.2471,
frame_ms,0.2191,
frame_ms,0.2255,
frame_ms,0.2257,
frame_ms,0.2438,
frame_ms,0.2302,
frame_ms,0.2179,
frame_ms,0.2109,
frame_ms,0.2706,
frame_ms,0.591,
frame_ms,0.2882,
frame_ms,0.2356,
frame_ms,0.213,
frame_ms,0.213,
frame_ms,0.2118,
tick_us,575.7,4564
frame_ms,1.434,
frame_ms,0.2423,
frame_ms,0.2135,
frame_ms,0.2186,
frame_ms,0.2185,
frame_ms,0.2161,
frame_ms,0.2387,
frame_ms,0.2237,
frame_ms,0.2178,
frame_ms,0.2485,
frame_ms,0.2834,
frame_ms,0.2394,
frame_ms,0.2264,
frame_ms,0.2186,
frame_ms,0.3145,
frame_ms,0.2367,
frame_ms,0.2329,
frame_ms,0.222,
frame_ms,0.2159,
frame_ms,0.2973,
frame_ms,0.2717,
frame_ms,0.2307,
frame_ms,0.2234,
frame_ms,0.222,
tick_us,584.1,4566
frame_ms,1.4125,
frame_ms,0.2341,
frame_ms,0.2149,
frame_ms,0.224,
frame_ms,0.2202,
frame_ms,0.2309,
frame_ms,0.2241,
frame_ms,0.2684,
frame_ms,0.2617,
frame_ms,0.2443,
frame_ms,0.2234,
frame_ms,0.222,
frame_ms,0.2152,
frame_ms,0.2603,
frame_ms,0.2276,
frame_ms,0.2197,
frame_ms,0.2153,
frame_ms,0.2452,
frame_ms,0.227,
frame_ms,0.2205,
frame_ms,0.2169,
frame_ms,0.2502,
frame_ms,0.4781,
tick_us,740,4520
frame_ms,2.1605,
frame_ms,0.7976,
frame_ms,0.2614,
frame_ms,0.2273,
frame_ms,0.2373,
frame_ms,0.2392,
frame_ms,0.3101,
frame_ms,0.2764,
frame_ms,0.3218,
frame_ms,0.2757,
frame_ms,0.2405,
frame_ms,0.2436,
frame_ms,0.2377,
frame_ms,0.2847,
frame_ms,0.2449,
frame_ms,0.2273,
frame_ms,0.2184,
frame_ms,0.2142,
tick_us,613.7,4510
frame_ms,1.5299,
frame_ms,0.4181,
frame_ms,0.4349,
frame_ms,0.2674,
frame_ms,0.2251,
frame_ms,0.2231,
frame_ms,0.2189,
frame_ms,0.2171,
frame_ms,0.3023,
frame_ms,0.2781,
frame_ms,0.2364,
frame_ms,0.2254,
frame_ms,0.2356,
frame_ms,0.2517,
frame_ms,0.2225,
frame_ms,0.2278,
frame_ms,0.2395,
frame_ms,0.2185,
frame_ms,0.2657,
frame_ms,0.2167,
frame_ms,0.2129,
frame_ms,0.2144,
frame_ms,0.2456,
tick_us,652.5,4498
frame_ms,1.5528,
frame_ms,0.3215,
frame_ms,0.2624,
frame_ms,0.2249,
frame_ms,0.3539,
frame_ms,0.2608,
frame_ms,0.2391,
frame_ms,0.2218,
frame_ms,0.2209,
frame_ms,0.2154,
frame_ms,0.2137,
frame_ms,0.3339,
frame_ms,0.2846,
frame_ms,0.2339,
frame_ms,0.2815,
frame_ms,0.2334,
frame_ms,0.2181,
frame_ms,0.2142,
frame_ms,0.2821,
frame_ms,0.2394,
frame_ms,0.223,
frame_ms,0.214,
tick_us,617,4500
frame_ms,1.4913,
frame_ms,0.2408,
frame_ms,0.2263,
frame_ms,0.2253,
frame_ms,0.2213,
frame_ms,0.2201,
frame_ms,0.2171,
frame_ms,0.2551,
frame_ms,0.2297,
frame_ms,0.2248,
frame_ms,0.2202,
frame_ms,0.2338,
frame_ms,0.2251,
frame_ms,0.2113,
frame_ms,0.211,
frame_ms,0.2329,
frame_ms,0.2579,
frame_ms,0.2134,
frame_ms,0.2133,
frame_ms,0.2431,
frame_ms,0.2268,
frame_ms,0.2337,
frame_ms,0.2233,
frame_ms,0.2105,
frame_ms,0.2415,
tick_us,578.7,4512
frame_ms,1.41,
frame_ms,0.2409,
frame_ms,0.2267,
frame_ms,0.2623,
frame_ms,0.2136,
frame_ms,0.2152,
frame_ms,0.2183,
frame_ms,0.2098,
frame_ms,0.26,
frame_ms,0.2278,
frame_ms,0.2175,
frame_ms,0.2104,
frame_ms,0.2698,
frame_ms,0.2291,
frame_ms,0.222,
frame_ms,1.1592,
frame_ms,0.6436,
frame_ms,0.2634,
frame_ms,0.2254,
tick_us,590.6,4534
frame_ms,1.4602,
frame_ms,0.2432,
frame_ms,0.2227,
frame_ms,0.23,
frame_ms,0.2293,
frame_ms,0.2247,
frame_ms,0.2242,
frame_ms,0.2658,
frame_ms,0.2214,
frame_ms,0.2212,
frame_ms,0.2452,
frame_ms,0.2708,
frame_ms,0.2369,
frame_ms,0.2245,
frame_ms,0.2172,
frame_ms,0.2129,
frame_ms,0.2463,
frame_ms,0.2259,
frame_ms,0.2152,
frame_ms,0.2123,
frame_ms,0.2467,
frame_ms,0.229,
frame_ms,0.2193,
frame_ms,0.2141,
frame_ms,0.2489,
tick_us,561.3,4498
frame_ms,1.4118,
frame_ms,0.2584,
frame_ms,0.2221,
frame_ms,0.2312,
frame_ms,0.227,
frame_ms,0.2279,
frame_ms,0.2213,
frame_ms,0.214,
frame_ms,0.2422,
frame_ms,0.2227,
frame_ms,0.221,
frame_ms,0.2299,
frame_ms,0.2666,
frame_ms,0.2626,
frame_ms,0.2325,
frame_ms,0.2157,
frame_ms,0.2172,
frame_ms,0.2341,
frame_ms,0.2232,
frame_ms,0.2149,
frame_ms,0.2275,
frame_ms,0.4413,
frame_ms,0.3739,
tick_us,563.8,4504
frame_ms,1.4225,
frame_ms,0.274,
frame_ms,0.224,
frame_ms,0.2244,
frame_ms,0.229,
frame_ms,0.2211,
frame_ms,0.2149,
frame_ms,0.2583,
frame_ms,0.2686,
frame_ms,0.2392,
frame_ms,0.2316,
frame_ms,0.2213,
frame_ms,0.2214,
frame_ms,0.2143,
frame_ms,0.2635,
frame_ms,0.2327,
frame_ms,0.2158,
frame_ms,0.2149,
frame_ms,0.2623,
frame_ms,0.2373,
frame_ms,0.2704,
frame_ms,0.2234,
frame_ms,0.2136,
frame_ms,0.2132,
frame_ms,0.2417,
tick_us,572.7,4482
frame_ms,1.407,
frame_ms,0.2383,
frame_ms,0.2274,
frame_ms,0.2245,
frame_ms,0.2172,
frame_ms,0.234,
frame_ms,0.2239,
frame_ms,0.241,
frame_ms,0.2271,
frame_ms,0.2142,
frame_ms,0.2126,
frame_ms,0.2489,
frame_ms,0.2268,
frame_ms,0.213,
frame_ms,0.2111,
frame_ms,0.2387,
frame_ms,0.2221,
frame_ms,0.2167,
frame_ms,0.2285,
frame_ms,0.2454,
frame_ms,0.2245,
frame_ms,0.2363,
frame_ms,0.2196,
frame_ms,0.2407,
frame_ms,0.2167,
tick_us,554.2,4472
frame_ms,1.4299,
frame_ms,0.2346,
frame_ms,0.2229,
frame_ms,0.2172,
frame_ms,0.2121,
frame_ms,0.2088,
frame_ms,0.2545,
frame_ms,0.226,
frame_ms,0.2102,
frame_ms,0.2402,
frame_ms,0.2108,
frame_ms,0.2458,
frame_ms,0.2325,
frame_ms,0.2192,
frame_ms,0.2615,
frame_ms,0.2719,
frame_ms,0.2369,
frame_ms,0.2264,
frame_ms,0.2206,
frame_ms,0.227,
frame_ms,0.217,
frame_ms,0.2441,
frame_ms,0.2515,
frame_ms,0.2206,
frame_ms,0.2186,
tick_us,587.8,4484
frame_ms,1.4574,
frame_ms,0.2541,
frame_ms,0.2185,
frame_ms,0.2217,
frame_ms,0.2181,
frame_ms,0.2201,
frame_ms,0.2185,
frame_ms,0.2459,
frame_ms,0.2602,
frame_ms,0.2286,
frame_ms,0.2147,
frame_ms,0.2118,
frame_ms,0.2326,
frame_ms,0.2211,
frame_ms,0.2126,
frame_ms,0.2613,
frame_ms,0.2256,
frame_ms,0.2108,
frame_ms,0.2177,
frame_ms,0.2525,
frame_ms,0.2161,
frame_ms,0.2082,
frame_ms,0.2263,
frame_ms,0.2359,
frame_ms,0.219,
tick_us,571.4,4494
frame_ms,1.4102,
frame_ms,0.2294,
frame_ms,0.2093,
frame_ms,0.2262,
frame_ms,0.213,
frame_ms,0.2612,
frame_ms,0.2331,
frame_ms,0.351,
frame_ms,0.2526,
frame_ms,0.227,
frame_ms,0.215,
frame_ms,0.2111,
frame_ms,0.2463,
frame_ms,0.2141,
frame_ms,0.2206,
frame_ms,0.2384,
frame_ms,0.2124,
frame_ms,0.2408,
frame_ms,0.2213,
frame_ms,0.2102,
frame_ms,0.2452,
frame_ms,0.2257,
frame_ms,0.2156,
frame_ms,0.2272,
frame_ms,0.2396,
tick_us,606.1,4538
frame_ms,1.4604,
frame_ms,0.237,
frame_ms,0.21,
frame_ms,0.2192,
frame_ms,0.2145,
frame_ms,0.2116,
frame_ms,0.2597,
frame_ms,0.2259,
frame_ms,0.2134,
frame_ms,0.2508,
frame_ms,0.2275,
frame_ms,0.2145,
frame_ms,0.4175,
frame_ms,0.4598,
frame_ms,0.3602,
frame_ms,0.3416,
frame_ms,0.3406,
frame_ms,0.3416,
frame_ms,0.2756,
frame_ms,0.2916,
frame_ms,0.2331,
tick_us,592.9,4572
frame_ms,1.4465,
frame_ms,0.2447,
frame_ms,0.2167,
frame_ms,0.2496,
frame_ms,0.2254,
frame_ms,0.2142,
frame_ms,0.212,
frame_ms,0.2677,
frame_ms,0.2903,
frame_ms,0.2543,
frame_ms,0.253,
frame_ms,0.3008,
frame_ms,0.3032,
frame_ms,0.3037,
frame_ms,0.246,
frame_ms,0.2296,
frame_ms,0.2287,
frame_ms,0.2224,
frame_ms,0.2339,
frame_ms,0.2308,
frame_ms,0.2346,
frame_ms,0.2483,
frame_ms,0.2765,
tick_us,610,4584
frame_ms,1.4986,
frame_ms,0.2443,
frame_ms,0.2841,
frame_ms,0.2757,
frame_ms,0.2299,
frame_ms,0.2271,
frame_ms,0.2338,
frame_ms,0.2625,
frame_ms,0.2513,
frame_ms,0.2282,
frame_ms,0.2263,
frame_ms,0.2213,
frame_ms,0.231,
frame_ms,0.2557,
frame_ms,0.2676,
frame_ms,0.2379,
frame_ms,0.2279,
frame_ms,0.2164,
frame_ms,0.2251,
frame_ms,0.2698,
frame_ms,0.2595,
frame_ms,0.2409,
frame_ms,0.23,
tick_us,616.7,4632
frame_ms,1.4584,
frame_ms,0.2404,
frame_ms,0.2163,
frame_ms,0.2193,
frame_ms,0.2183,
frame_ms,0.2197,
frame_ms,0.2292,
frame_ms,0.2237,
frame_ms,0.2611,
frame_ms,0.2349,
frame_ms,0.2286,
frame_ms,0.2121,
frame_ms,0.2584,
frame_ms,0.2344,
frame_ms,0.2178,
frame_ms,0.2124,
frame_ms,0.2346,
frame_ms,0.2237,
frame_ms,0.2101,
frame_ms,0.2229,
frame_ms,0.2646,
frame_ms,0.5428,
frame_ms,0.3968,
tick_us,602.2,4662
frame_ms,1.5303,
frame_ms,0.2646,
frame_ms,0.241,
frame_ms,0.2395,
frame_ms,0.2408,
frame_ms,0.2395,
frame_ms,0.241,
frame_ms,0.2349,
frame_ms,0.27,
frame_ms,0.2388,
frame_ms,0.2387,
frame_ms,0.2324,
frame_ms,0.2302,
frame_ms,0.2345,
frame_ms,0.2372,
frame_ms,0.2341,
frame_ms,0.266,
frame_ms,0.236,
frame_ms,0.237,
frame_ms,0.2284,
frame_ms,0.2271,
frame_ms,0.2253,
frame_ms,0.2578,
tick_us,601,4664
frame_ms,1.5866,
frame_ms,0.2972,
frame_ms,0.2457,
frame_ms,0.2208,
frame_ms,0.2259,
frame_ms,0.2272,
frame_ms,0.2359,
frame_ms,0.2356,
frame_ms,0.2199,
frame_ms,0.2182,
frame_ms,0.227,
frame_ms,0.2468,
frame_ms,0.2236,
frame_ms,0.2142,
frame_ms,0.2123,
frame_ms,0.2476,
frame_ms,0.2778,
frame_ms,0.2396,
frame_ms,0.2287,
frame_ms,0.2243,
frame_ms,0.2209,
frame_ms,0.2256,
frame_ms,0.2521,
frame_ms,0.2357,
frame_ms,0.2237,
tick_us,647.6,4638
frame_ms,1.511,
frame_ms,0.2885,
frame_ms,0.234,
frame_ms,0.2204,
frame_ms,0.2244,
frame_ms,0.2187,
frame_ms,0.215,
frame_ms,0.2343,
frame_ms,0.337,
frame_ms,0.267,
frame_ms,0.2321,
frame_ms,0.2258,
frame_ms,0.2177,
frame_ms,0.2168,
frame_ms,0.2174,
frame_ms,0.2536,
frame_ms,0.3363,
frame_ms,0.2591,
frame_ms,0.2192,
frame_ms,0.225,
frame_ms,0.2176,
frame_ms,0.3428,
tick_us,581,4660
frame_ms,1.4414,
frame_ms,0.27,
frame_ms,0.2265,
frame_ms,0.2243,
frame_ms,0.2228,
frame_ms,0.2178,
frame_ms,0.2167,
frame_ms,0.2521,
frame_ms,0.2677,
frame_ms,0.2329,
frame_ms,0.2276,
frame_ms,0.2202,
frame_ms,0.2239,
frame_ms,0.2158,
frame_ms,0.25,
frame_ms,0.4157,
frame_ms,0.3802,
frame_ms,0.4327,
frame_ms,0.2549,
frame_ms,0.2213,
frame_ms,0.2194,
frame_ms,0.2902,
frame_ms,0.2483,
tick_us,569.8,4606
frame_ms,1.4356,
frame_ms,0.2426,
frame_ms,0.6831,
frame_ms,0.4298,
frame_ms,0.273,
frame_ms,0.2356,
frame_ms,0.2183,
frame_ms,0.2237,
frame_ms,0.2162,
frame_ms,0.2156,
frame_ms,0.2609,
frame_ms,0.2398,
frame_ms,0.2212,
frame_ms,0.2178,
frame_ms,0.239,
frame_ms,0.2267,
frame_ms,0.2166,
frame_ms,0.2347,
frame_ms,0.2513,
frame_ms,0.2573,
frame_ms,0.2294,
tick_us,610,4600
frame_ms,1.7037,
frame_ms,0.2648,
frame_ms,0.241,
frame_ms,0.2228,
frame_ms,0.2315,
frame_ms,0.2206,
frame_ms,0.2138,
frame_ms,0.2143,
frame_ms,0.2536,
frame_ms,0.2751,
frame_ms,0.2382,
frame_ms,0.2313,
frame_ms,0.2422,
frame_ms,0.2312,
frame_ms,0.2204,
frame_ms,0.2568,
frame_ms,0.2684,
frame_ms,0.2329,
frame_ms,0.2264,
frame_ms,0.2229,
frame_ms,0.2162,
frame_ms,0.2574,
frame_ms,0.2503,
tick_us,598.8,4598
frame_ms,1.4573,
frame_ms,0.2394,
frame_ms,0.22,
frame_ms,0.2205,
frame_ms,0.2233,
frame_ms,0.2222,
frame_ms,0.2176,
frame_ms,0.2345,
frame_ms,0.2252,
frame_ms,0.224,
frame_ms,0.439,
frame_ms,0.2752,
frame_ms,0.2328,
frame_ms,0.2694,
frame_ms,0.2302,
frame_ms,0.2249,
frame_ms,0.2188,
frame_ms,0.2282,
frame_ms,0.2766,
frame_ms,0.3115,
frame_ms,0.2432,
frame_ms,0.2169,
frame_ms,0.2206,
frame_ms,0.2182,
tick_us,624,4610
frame_ms,1.4937,
frame_ms,0.2527,
frame_ms,0.2382,
frame_ms,0.2944,
frame_ms,0.2405,
frame_ms,0.2339,
frame_ms,0.2369,
frame_ms,0.2311,
frame_ms,0.2259,
frame_ms,0.2245,
frame_ms,0.2904,
frame_ms,0.2532,
frame_ms,0.229,
frame_ms,0.2278,
frame_ms,0.2252,
frame_ms,0.253,
frame_ms,0.2259,
frame_ms,0.2405,
frame_ms,0.2278,
frame_ms,0.2291,
frame_ms,0.2718,
frame_ms,0.2346,
frame_ms,0.2233,
tick_us,621.1,4590
frame_ms,1.5083,
frame_ms,0.2486,
frame_ms,0.223,
frame_ms,0.2205,
frame_ms,0.2223,
frame_ms,0.2182,
frame_ms,0.2502,
frame_ms,0.2315,
frame_ms,0.2222,
frame_ms,0.2286,
frame_ms,0.2424,
frame_ms,0.2487,
frame_ms,0.2393,
frame_ms,0.226,
frame_ms,0.2145,
frame_ms,0.2478,
frame_ms,0.2155,
frame_ms,0.2757,
frame_ms,0.2313,
frame_ms,0.298,
frame_ms,0.2795,
frame_ms,0.2509,
frame_ms,0.2415,
frame_ms,0.2433,
tick_us,620.4,4596
frame_ms,1.4965,
frame_ms,0.2867,
frame_ms,0.3833,
frame_ms,0.2769,
frame_ms,0.2314,
frame_ms,0.2279,
frame_ms,0.2321,
frame_ms,0.2263,
frame_ms,0.2219,
frame_ms,0.2255,
frame_ms,0.3023,
frame_ms,0.247,
frame_ms,0.2321,
frame_ms,0.2331,
frame_ms,0.2303,
frame_ms,0.2446,
frame_ms,0.2298,
frame_ms,0.2626,
frame_ms,0.2887,
frame_ms,0.2592,
frame_ms,0.2362,
frame_ms,0.2262,
frame_ms,0.2187,
tick_us,626.7,4610
frame_ms,1.5323,
frame_ms,0.2564,
frame_ms,0.2334,
frame_ms,0.224,
frame_ms,0.2264,
frame_ms,0.2233,
frame_ms,0.2192,
frame_ms,0.2427,
frame_ms,0.2222,
frame_ms,0.214,
frame_ms,0.2285,
frame_ms,0.2342,
frame_ms,0.2369,
frame_ms,0.2225,
frame_ms,0.2184,
frame_ms,0.2163,
frame_ms,0.2986,
frame_ms,0.2513,
frame_ms,0.2307,
frame_ms,0.2152,
frame_ms,0.2478,
frame_ms,0.2391,
frame_ms,0.4092,
tick_us,845.7,4606
frame_ms,2.0155,
frame_ms,0.2984,
frame_ms,0.2304,
frame_ms,0.2274,
frame_ms,0.2207,
frame_ms,0.2147,
frame_ms,0.219,
frame_ms,0.238,
frame_ms,0.2293,
frame_ms,0.248,
frame_ms,0.2206,
frame_ms,0.2954,
frame_ms,0.2456,
frame_ms,0.2291,
frame_ms,0.2229,
frame_ms,0.2643,
frame_ms,0.2549,
frame_ms,0.2333,
frame_ms,0.2162,
frame_ms,0.2121,
frame_ms,0.2594,
frame_ms,0.2293,
tick_us,586.2,4588
frame_ms,1.4469,
frame_ms,0.2572,
frame_ms,0.2161,
frame_ms,0.221,
frame_ms,0.2109,
frame_ms,0.5374,
frame_ms,0.2564,
frame_ms,0.2197,
frame_ms,0.2195,
frame_ms,0.2161,
frame_ms,0.2213,
frame_ms,0.2143,
frame_ms,0.2423,
frame_ms,0.2733,
frame_ms,0.2319,
frame_ms,0.2223,
frame_ms,0.222,
frame_ms,0.215,
frame_ms,0.248,
frame_ms,0.2242,
frame_ms,0.2119,
frame_ms,0.2132,
frame_ms,0.2974,
tick_us,579.8,4574
frame_ms,1.4066,
frame_ms,0.2458,
frame_ms,0.2189,
frame_ms,0.2219,
frame_ms,0.4028,
frame_ms,0.6811,
frame_ms,0.383,
frame_ms,0.3505,
frame_ms,0.3537,
frame_ms,0.2818,
frame_ms,0.252,
frame_ms,0.2303,
frame_ms,0.2421,
frame_ms,0.2219,
frame_ms,0.2184,
frame_ms,0.2129,
frame_ms,0.2838,
frame_ms,0.2759,
frame_ms,0.2376,
frame_ms,0.2307,
tick_us,611.2,4582
frame_ms,2.1795,
frame_ms,0.3332,
frame_ms,0.311,
frame_ms,0.2473,
frame_ms,0.2191,
frame_ms,0.226,
frame_ms,0.2316,
frame_ms,0.2214,
frame_ms,0.2312,
frame_ms,0.2281,
frame_ms,0.2446,
frame_ms,0.2359,
frame_ms,0.5182,
frame_ms,0.2944,
frame_ms,0.2278,
frame_ms,0.2563,
frame_ms,0.2232,
frame_ms,0.2163,
frame_ms,0.2197,
frame_ms,0.214,
tick_us,610.4,4570
frame_ms,1.4741,
frame_ms,0.2479,
frame_ms,0.2171,
frame_ms,0.2306,
frame_ms,0.225,
frame_ms,0.2269,
frame_ms,0.3689,
frame_ms,0.2323,
frame_ms,0.2219,
frame_ms,0.2192,
frame_ms,0.2167,
frame_ms,0.3485,
frame_ms,0.3001,
frame_ms,0.2484,
frame_ms,0.2356,
frame_ms,0.2332,
frame_ms,0.2509,
frame_ms,0.2665,
frame_ms,0.2338,
frame_ms,0.2273,
frame_ms,0.2336,
frame_ms,0.2227,
tick_us,619.7,4566
frame_ms,1.5292,
frame_ms,0.2932,
frame_ms,0.2611,
frame_ms,0.2317,
frame_ms,0.3669,
frame_ms,0.4854,
frame_ms,0.4611,
frame_ms,0.3178,
frame_ms,0.2513,
frame_ms,0.2285,
frame_ms,0.2962,
frame_ms,0.2311,
frame_ms,0.2332,
frame_ms,0.2675,
frame_ms,0.2309,
frame_ms,0.2224,
frame_ms,0.2222,
frame_ms,0.2264,
frame_ms,0.2473,
frame_ms,0.2225,
frame_ms,0.2365,
tick_us,608.7,4536
frame_ms,1.4818,
frame_ms,0.2411,
frame_ms,0.2281,
frame_ms,0.2344,
frame_ms,0.2217,
frame_ms,0.2209,
frame_ms,0.2162,
frame_ms,0.2582,
frame_ms,0.5245,
frame_ms,0.6534,
frame_ms,0.2876,
frame_ms,0.2436,
frame_ms,0.2308,
frame_ms,0.2267,
frame_ms,0.2256,
frame_ms,0.2434,
frame_ms,0.2232,
frame_ms,0.2251,
frame_ms,0.2305,
frame_ms,0.2443,
frame_ms,0.2337,
tick_us,606.5,4576
frame_ms,1.445,
frame_ms,0.2511,
frame_ms,0.2205,
frame_ms,0.2242,
frame_ms,0.2187,
frame_ms,0.2287,
frame_ms,0.2151,
frame_ms,0.2467,
frame_ms,0.219,
frame_ms,0.3583,
frame_ms,0.4534,
frame_ms,0.3306,
frame_ms,0.2215,
frame_ms,0.2215,
frame_ms,0.2194,
frame_ms,0.2174,
frame_ms,0.2115,
frame_ms,0.2501,
frame_ms,0.2411,
frame_ms,0.2256,
frame_ms,0.2122,
frame_ms,0.2414,
frame_ms,0.2279,
frame_ms,0.2169,
tick_us,602.3,4546
frame_ms,1.4611,
frame_ms,0.2348,
frame_ms,0.2405,
frame_ms,0.2409,
frame_ms,0.2267,
frame_ms,0.2293,
frame_ms,0.2288,
frame_ms,0.2452,
frame_ms,0.2255,
frame_ms,0.5201,
frame_ms,0.3979,
frame_ms,0.352,
frame_ms,0.3453,
frame_ms,0.3467,
frame_ms,0.3749,
frame_ms,0.5653,
frame_ms,0.2875,
frame_ms,0.2455,
tick_us,678.5,4538
frame_ms,1.5964,
frame_ms,0.3723,
frame_ms,0.2843,
frame_ms,0.2936,
frame_ms,0.2361,
frame_ms,0.2223,
frame_ms,0.2257,
frame_ms,0.2294,
frame_ms,0.2227,
frame_ms,0.2491,
frame_ms,0.2311,
frame_ms,0.3789,
frame_ms,0.4833,
frame_ms,0.2528,
frame_ms,0.2362,
frame_ms,0.3063,
frame_ms,0.2647,
frame_ms,0.2871,
frame_ms,0.2899,
frame_ms,0.2334,
frame_ms,0.2279,
tick_us,601.8,4624
frame_ms,1.4918,
frame_ms,0.2712,
frame_ms,0.2709,
frame_ms,0.2164,
frame_ms,0.2262,
frame_ms,0.2396,
frame_ms,0.2897,
frame_ms,0.2363,
frame_ms,0.2222,
frame_ms,0.2186,
frame_ms,0.2769,
frame_ms,0.2392,
frame_ms,0.2177,
frame_ms,0.3654,
frame_ms,0.5238,
frame_ms,0.4012,
frame_ms,0.3243,
frame_ms,0.2497,
frame_ms,0.318,
frame_ms,0.2291,
tick_us,599.7,4592
frame_ms,1.4555,
frame_ms,0.2376,
frame_ms,0.2171,
frame_ms,0.2243,
frame_ms,0.2258,
frame_ms,0.2172,
frame_ms,0.2651,
frame_ms,0.2668,
frame_ms,0.2197,
frame_ms,0.2136,
frame_ms,0.2114,
frame_ms,0.2594,
frame_ms,0.2296,
frame_ms,0.2149,
frame_ms,0.2103,
frame_ms,0.2671,
frame_ms,0.4922,
frame_ms,0.2428,
frame_ms,0.2138,
frame_ms,0.2189,
frame_ms,0.2196,
frame_ms,0.2132,
frame_ms,0.2567,
frame_ms,0.2315,
tick_us,589.5,4614
frame_ms,1.4857,
frame_ms,0.2386,
frame_ms,0.2155,
frame_ms,0.2214,
frame_ms,0.2165,
frame_ms,0.2176,
frame_ms,0.2285,
frame_ms,0.2569,
frame_ms,0.2332,
frame_ms,0.2192,
frame_ms,0.2126,
frame_ms,0.2861,
frame_ms,0.2728,
frame_ms,0.2375,
frame_ms,0.2305,
frame_ms,0.2187,
frame_ms,0.2629,
frame_ms,0.4186,
frame_ms,0.3258,
frame_ms,0.2713,
frame_ms,0.2248,
frame_ms,0.2273,
frame_ms,0.2231,
tick_us,616.3,4606
frame_ms,1.4907,
frame_ms,0.2424,
frame_ms,0.2176,
frame_ms,0.2225,
frame_ms,0.218,
frame_ms,0.2244,
frame_ms,0.2263,
frame_ms,0.24,
frame_ms,0.2689,
frame_ms,0.2332,
frame_ms,0.3002,
frame_ms,0.2742,
frame_ms,0.2312,
frame_ms,0.2236,
frame_ms,0.3201,
frame_ms,0.5716,
frame_ms,0.3419,
frame_ms,0.2685,
frame_ms,0.2435,
frame_ms,0.3033,
frame_ms,0.2525,
tick_us,665.9,4574
frame_ms,1.5286,
frame_ms,0.2788,
frame_ms,0.2328,
frame_ms,0.2482,
frame_ms,0.2313,
frame_ms,0.2327,
frame_ms,0.2167,
frame_ms,0.217,
frame_ms,0.2215,
frame_ms,0.2416,
frame_ms,0.2263,
frame_ms,0.2231,
frame_ms,0.2134,
frame_ms,0.2561,
frame_ms,0.2681,
frame_ms,0.236,
frame_ms,0.4862,
frame_ms,0.2717,
frame_ms,0.2344,
frame_ms,0.2191,
frame_ms,0.2289,
frame_ms,0.2227,
frame_ms,0.249,
tick_us,575.6,4578
frame_ms,1.4411,
frame_ms,0.2312,
frame_ms,0.223,
frame_ms,0.2183,
frame_ms,0.2206,
frame_ms,0.2189,
frame_ms,0.2285,
frame_ms,0.2166,
frame_ms,0.265,
frame_ms,0.279,
frame_ms,0.2685,
frame_ms,0.2396,
frame_ms,0.2574,
frame_ms,0.2159,
frame_ms,0.2209,
frame_ms,0.2165,
frame_ms,0.2425,
frame_ms,0.3047,
frame_ms,0.3926,
frame_ms,0.2321,
frame_ms,0.2215,
frame_ms,0.2264,
frame_ms,0.2491,
tick_us,602.9,4570
frame_ms,1.5023,
frame_ms,0.2583,
frame_ms,0.2225,
frame_ms,0.2261,
frame_ms,0.224,
frame_ms,0.2229,
frame_ms,0.214,
frame_ms,0.2519,
frame_ms,0.2144,
frame_ms,0.2768,
frame_ms,0.2706,
frame_ms,0.2325,
frame_ms,0.2236,
frame_ms,0.2137,
frame_ms,0.2101,
frame_ms,0.2556,
frame_ms,0.2578,
frame_ms,0.2358,
frame_ms,0.2544,
frame_ms,0.4982,
frame_ms,0.2797,
frame_ms,0.2372,
frame_ms,0.2178,
tick_us,586.6,4580
frame_ms,1.4504,
frame_ms,0.2347,
frame_ms,0.2147,
frame_ms,0.2204,
frame_ms,0.2164,
frame_ms,0.2138,
frame_ms,0.2612,
frame_ms,0.2911,
frame_ms,0.235,
frame_ms,0.2251,
frame_ms,0.2178,
frame_ms,0.2223,
frame_ms,0.2186,
frame_ms,0.2445,
frame_ms,0.2253,
frame_ms,0.2307,
frame_ms,0.2166,
frame_ms,0.2296,
frame_ms,0.2213,
frame_ms,0.2171,
frame_ms,0.237,
frame_ms,0.2393,
frame_ms,0.2275,
frame_ms,0.3994,
tick_us,618.7,4614
frame_ms,1.5471,
frame_ms,0.2693,
frame_ms,0.2696,
frame_ms,0.2195,
frame_ms,0.2203,
frame_ms,0.2196,
frame_ms,0.2181,
frame_ms,0.2138,
frame_ms,0.2418,
frame_ms,0.2199,
frame_ms,0.2296,
frame_ms,0.2252,
frame_ms,0.2582,
frame_ms,0.2802,
frame_ms,0.2224,
frame_ms,0.2216,
frame_ms,0.2102,
frame_ms,0.2323,
frame_ms,0.234,
frame_ms,0.21,
frame_ms,0.2741,
frame_ms,0.3881,
frame_ms,0.2477,
frame_ms,0.2152,
tick_us,575.5,4624
frame_ms,1.4765,
frame_ms,0.3012,
frame_ms,0.3842,
frame_ms,0.3917,
frame_ms,0.3347,
frame_ms,0.2508,
frame_ms,0.2192,
frame_ms,0.2227,
frame_ms,0.2194,
frame_ms,0.2149,
frame_ms,0.2107,
frame_ms,0.2448,
frame_ms,0.2401,
frame_ms,0.2121,
frame_ms,0.2109,
frame_ms,0.2688,
frame_ms,0.2379,
frame_ms,0.2197,
frame_ms,0.2159,
frame_ms,0.4359,
frame_ms,0.3307,
tick_us,597.4,4612
frame_ms,1.483,
frame_ms,0.2374,
frame_ms,0.2397,
frame_ms,0.2303,
frame_ms,0.2393,
frame_ms,0.2327,
frame_ms,0.2231,
frame_ms,0.2118,
frame_ms,0.2423,
frame_ms,0.2687,
frame_ms,0.2717,
frame_ms,0.2408,
frame_ms,0.2344,
frame_ms,0.228,
frame_ms,0.2294,
frame_ms,0.2224,
frame_ms,0.2523,
frame_ms,0.2274,
frame_ms,0.2542,
frame_ms,0.221,
frame_ms,0.2263,
frame_ms,0.2221,
frame_ms,0.3132,
tick_us,625.1,4630
frame_ms,1.6116,
frame_ms,0.2744,
frame_ms,0.2463,
frame_ms,0.2228,
frame_ms,0.2239,
frame_ms,0.2212,
frame_ms,0.2143,
frame_ms,0.2154,
frame_ms,0.244,
frame_ms,0.2301,
frame_ms,0.2262,
frame_ms,0.2643,
frame_ms,0.2265,
frame_ms,0.217,
frame_ms,0.2438,
frame_ms,0.2266,
frame_ms,0.2194,
frame_ms,0.212,
frame_ms,0.2676,
frame_ms,0.2343,
frame_ms,0.4269,
frame_ms,0.2774,
frame_ms,0.2371,
frame_ms,0.2275,
tick_us,606.5,4622
frame_ms,1.813,
frame_ms,0.28,
frame_ms,0.2608,
frame_ms,0.2239,
frame_ms,0.2237,
frame_ms,0.2206,
frame_ms,0.2187,
frame_ms,0.2845,
frame_ms,0.258,
frame_ms,0.3213,
frame_ms,0.2258,
frame_ms,0.2237,
frame_ms,0.2245,
frame_ms,0.2192,
frame_ms,0.2337,
frame_ms,0.2556,
frame_ms,0.2193,
frame_ms,0.2885,
frame_ms,0.2961,
frame_ms,0.2534,
frame_ms,0.2256,
tick_us,583.8,4584
frame_ms,1.4387,
frame_ms,0.246,
frame_ms,0.2176,
frame_ms,0.2481,
frame_ms,0.2787,
frame_ms,0.2717,
frame_ms,0.2325,
frame_ms,0.2226,
frame_ms,0.2153,
frame_ms,0.2144,
frame_ms,0.2984,
frame_ms,0.2657,
frame_ms,0.2326,
frame_ms,0.2255,
frame_ms,0.2152,
frame_ms,0.2128,
frame_ms,0.2329,
frame_ms,0.2194,
frame_ms,0.227,
frame_ms,0.2126,
frame_ms,0.2612,
frame_ms,0.2429,
frame_ms,0.2338,
frame_ms,0.3118,
tick_us,598.6,4594
frame_ms,1.4841,
frame_ms,0.2467,
frame_ms,0.2228,
frame_ms,0.2213,
frame_ms,0.229,
frame_ms,0.2178,
frame_ms,0.2225,
frame_ms,0.2544,
frame_ms,0.267,
frame_ms,0.2366,
frame_ms,0.2225,
frame_ms,0.2181,
frame_ms,0.2297,
frame_ms,0.248,
frame_ms,0.2241,
frame_ms,0.2206,
frame_ms,0.2146,
frame_ms,0.3009,
frame_ms,0.239,
frame_ms,0.2285,
frame_ms,0.2202,
frame_ms,0.2168,
frame_ms,0.2419,
frame_ms,0.226,
frame_ms,0.2195,
tick_us,578.6,4584
frame_ms,1.4421,
frame_ms,0.2355,
frame_ms,0.2351,
frame_ms,0.2283,
frame_ms,0.2235,
frame_ms,0.2208,
frame_ms,0.2123,
frame_ms,0.2494,
frame_ms,0.2872,
frame_ms,0.2314,
frame_ms,0.226,
frame_ms,0.224,
frame_ms,0.2168,
frame_ms,0.2145,
frame_ms,0.2515,
frame_ms,0.2317,
frame_ms,0.3536,
frame_ms,0.2352,
frame_ms,0.2182,
frame_ms,0.2195,
frame_ms,0.2126,
frame_ms,0.2091,
frame_ms,0.2925,
frame_ms,0.3115,
tick_us,594.2,4592
frame_ms,1.4948,
frame_ms,0.2808,
frame_ms,0.2323,
frame_ms,0.2202,
frame_ms,0.2493,
frame_ms,0.2296,
frame_ms,0.2169,
frame_ms,0.2121,
frame_ms,0.2331,
frame_ms,0.2168,
frame_ms,0.2117,
frame_ms,0.2522,
frame_ms,0.2241,
frame_ms,0.2187,
frame_ms,0.2121,
frame_ms,0.2484,
frame_ms,0.2732,
frame_ms,0.2433,
frame_ms,0.2293,
frame_ms,0.229,
frame_ms,0.2223,
frame_ms,0.3448,
frame_ms,0.2678,
tick_us,621.6,4604
frame_ms,1.5722,
frame_ms,0.4455,
frame_ms,0.2597,
frame_ms,0.222,
frame_ms,0.2182,
frame_ms,0.2128,
frame_ms,0.2186,
frame_ms,0.2435,
frame_ms,0.2339,
frame_ms,0.2231,
frame_ms,0.213,
frame_ms,0.2508,
frame_ms,0.2235,
frame_ms,0.2167,
frame_ms,0.2255,
frame_ms,0.2158,
frame_ms,0.2565,
frame_ms,0.2257,
frame_ms,0.2167,
frame_ms,0.2264,
frame_ms,0.2146,
frame_ms,0.2907,
frame_ms,0.2378,
frame_ms,0.2182,
tick_us,573,4620
frame_ms,1.3974,
frame_ms,0.3026,
frame_ms,0.4338,
frame_ms,0.2722,
frame_ms,0.2475,
frame_ms,0.2254,
frame_ms,0.2268,
frame_ms,0.2257,
frame_ms,0.2174,
frame_ms,0.2141,
frame_ms,0.3003,
frame_ms,0.2492,
frame_ms,0.2253,
frame_ms,0.237,
frame_ms,0.2275,
frame_ms,0.2193,
frame_ms,0.217,
frame_ms,0.272,
frame_ms,0.2249,
frame_ms,0.2199,
frame_ms,0.2157,
frame_ms,0.2522,
frame_ms,0.2276,
tick_us,574.8,4638
frame_ms,1.4087,
frame_ms,0.2411,
frame_ms,0.2818,
frame_ms,0.4022,
frame_ms,0.2629,
frame_ms,0.2256,
frame_ms,0.2269,
frame_ms,0.2807,
frame_ms,0.2358,
frame_ms,0.2238,
frame_ms,0.214,
frame_ms,0.2105,
frame_ms,0.266,
frame_ms,0.2782,
frame_ms,0.2557,
frame_ms,0.2319,
frame_ms,0.2253,
frame_ms,0.2201,
frame_ms,0.2142,
frame_ms,0.2842,
frame_ms,0.2653,
frame_ms,0.233,
frame_ms,0.2558,
tick_us,590.5,4636
frame_ms,1.4443,
frame_ms,0.2379,
frame_ms,0.4087,
frame_ms,0.3465,
frame_ms,0.2385,
frame_ms,0.2142,
frame_ms,0.2344,
frame_ms,0.2152,
frame_ms,0.216,
frame_ms,0.2461,
frame_ms,0.224,
frame_ms,0.2198,
frame_ms,0.2272,
frame_ms,0.2082,
frame_ms,0.2681,
frame_ms,0.2288,
frame_ms,0.2103,
frame_ms,0.2094,
frame_ms,0.2487,
frame_ms,0.2209,
frame_ms,0.2149,
frame_ms,0.2233,
frame_ms,0.2356,
frame_ms,0.2145,
tick_us,587.1,4624
frame_ms,1.4248,
frame_ms,0.2362,
frame_ms,0.2152,
frame_ms,0.2202,
frame_ms,0.2798,
frame_ms,0.4213,
frame_ms,0.3789,
frame_ms,0.2524,
frame_ms,0.2291,
frame_ms,0.445,
frame_ms,0.27,
frame_ms,0.2699,
frame_ms,0.3769,
frame_ms,0.3862,
frame_ms,0.3828,
frame_ms,0.3505,
frame_ms,0.3425,
frame_ms,0.3465,
tick_us,714.3,4628
frame_ms,1.6916,
frame_ms,0.2747,
frame_ms,0.259,
frame_ms,0.2287,
frame_ms,0.2335,
frame_ms,0.2839,
frame_ms,0.4278,
frame_ms,0.2745,
frame_ms,0.2237,
frame_ms,0.2301,
frame_ms,0.2278,
frame_ms,0.2345,
frame_ms,0.2195,
frame_ms,0.2177,
frame_ms,0.2652,
frame_ms,0.275,
frame_ms,0.2374,
frame_ms,0.2265,
frame_ms,0.2186,
frame_ms,0.2212,
frame_ms,0.216,
frame_ms,0.2429,
frame_ms,0.2289,
tick_us,595.8,4640
frame_ms,1.4481,
frame_ms,0.2415,
frame_ms,0.2155,
frame_ms,0.2251,
frame_ms,0.2218,
frame_ms,0.212,
frame_ms,0.5708,
frame_ms,0.3447,
frame_ms,0.2904,
frame_ms,0.2467,
frame_ms,0.2186,
frame_ms,0.2237,
frame_ms,0.2246,
frame_ms,0.2196,
frame_ms,0.2221,
frame_ms,0.2583,
frame_ms,0.2223,
frame_ms,0.2252,
frame_ms,0.2157,
frame_ms,0.2617,
frame_ms,0.2998,
frame_ms,0.2669,
tick_us,636.5,4576
frame_ms,1.5823,
frame_ms,0.2862,
frame_ms,0.2394,
frame_ms,0.218,
frame_ms,0.2198,
frame_ms,0.2163,
frame_ms,0.2318,
frame_ms,0.2194,
frame_ms,0.2631,
frame_ms,0.2315,
frame_ms,0.2174,
frame_ms,0.2126,
frame_ms,0.2378,
frame_ms,0.2123,
frame_ms,0.2135,
frame_ms,0.2353,
frame_ms,0.2228,
frame_ms,0.4519,
frame_ms,0.3783,
frame_ms,0.3537,
frame_ms,0.3383,
tick_us,645.9,4548
frame_ms,1.6138,
frame_ms,0.2869,
frame_ms,0.244,
frame_ms,0.2254,
frame_ms,0.2263,
frame_ms,0.2402,
frame_ms,0.2212,
frame_ms,0.2217,
frame_ms,0.2227,
frame_ms,0.3411,
frame_ms,0.4329,
frame_ms,0.3745,
frame_ms,0.2211,
frame_ms,0.2257,
frame_ms,0.2175,
frame_ms,0.216,
frame_ms,0.2576,
frame_ms,0.2236,
frame_ms,0.2146,
frame_ms,0.2196,
frame_ms,0.2486,
frame_ms,0.2241,
frame_ms,0.2125,
tick_us,572.2,4544
frame_ms,1.5329,
frame_ms,0.2716,
frame_ms,0.2401,
frame_ms,0.2256,
frame_ms,0.2217,
frame_ms,0.2139,
frame_ms,0.2213,
frame_ms,0.2268,
frame_ms,0.2496,
frame_ms,0.4986,
frame_ms,0.2757,
frame_ms,0.2231,
frame_ms,0.2178,
frame_ms,0.2142,
frame_ms,0.2114,
frame_ms,0.2517,
frame_ms,0.2365,
frame_ms,0.2145,
frame_ms,0.2143,
frame_ms,0.261,
frame_ms,0.234,
frame_ms,0.22,
frame_ms,0.2083,
tick_us,577.9,4596
frame_ms,1.4537,
frame_ms,0.2605,
frame_ms,0.2136,
frame_ms,0.2282,
frame_ms,0.2195,
frame_ms,0.2124,
frame_ms,0.2287,
frame_ms,0.2141,
frame_ms,0.2864,
frame_ms,0.2315,
frame_ms,0.2147,
frame_ms,0.285,
frame_ms,0.4842,
frame_ms,0.2425,
frame_ms,0.2167,
frame_ms,0.2194,
frame_ms,0.2139,
frame_ms,0.2103,
frame_ms,0.2484,
frame_ms,0.219,
frame_ms,0.2238,
frame_ms,0.2413,
frame_ms,0.2164,
frame_ms,0.2116,
tick_us,577.4,4602
frame_ms,1.4339,
frame_ms,0.2332,
frame_ms,0.2106,
frame_ms,0.2191,
frame_ms,0.2117,
frame_ms,0.2126,
frame_ms,0.2294,
frame_ms,0.2216,
frame_ms,0.3046,
frame_ms,0.2493,
frame_ms,0.2317,
frame_ms,0.3446,
frame_ms,0.4459,
frame_ms,0.3619,
frame_ms,0.3429,
frame_ms,0.3367,
frame_ms,0.3296,
frame_ms,0.3707,
frame_ms,0.3357,
frame_ms,0.3329,
tick_us,589.4,4646
frame_ms,1.5386,
frame_ms,0.2485,
frame_ms,0.2301,
frame_ms,0.2278,
frame_ms,0.2212,
frame_ms,0.2107,
frame_ms,0.2361,
frame_ms,0.219,
frame_ms,0.2149,
frame_ms,0.2389,
frame_ms,0.2192,
frame_ms,0.2835,
frame_ms,0.3718,
frame_ms,0.4175,
frame_ms,0.3544,
frame_ms,0.2677,
frame_ms,0.3278,
frame_ms,0.3885,
frame_ms,0.3503,
frame_ms,0.3339,
tick_us,656.4,4626
frame_ms,1.6332,
frame_ms,0.3403,
frame_ms,0.3393,
frame_ms,0.352,
frame_ms,0.268,
frame_ms,0.2327,
frame_ms,0.2152,
frame_ms,0.2166,
frame_ms,0.2106,
frame_ms,0.212,
frame_ms,0.2441,
frame_ms,0.5902,
frame_ms,0.3065,
frame_ms,0.2449,
frame_ms,0.2121,
frame_ms,0.3194,
frame_ms,0.2308,
frame_ms,0.2155,
frame_ms,0.2173,
frame_ms,0.2115,
tick_us,583,4592
frame_ms,1.4803,
frame_ms,0.2399,
frame_ms,0.2123,
frame_ms,0.2288,
frame_ms,0.2193,
frame_ms,0.2185,
frame_ms,0.2107,
frame_ms,0.2537,
frame_ms,0.2302,
frame_ms,0.2108,
frame_ms,0.231,
frame_ms,0.2506,
frame_ms,0.2558,
frame_ms,0.2252,
frame_ms,0.2194,
frame_ms,0.461,
frame_ms,0.2746,
frame_ms,0.2215,
frame_ms,0.222,
frame_ms,0.2209,
frame_ms,0.2119,
frame_ms,0.2429,
frame_ms,0.2167,
frame_ms,0.2229,
frame_ms,0.2136,
tick_us,579.5,4586
frame_ms,1.436,
frame_ms,0.2328,
frame_ms,0.2122,
frame_ms,0.2289,
frame_ms,0.2178,
frame_ms,0.2142,
frame_ms,0.2109,
frame_ms,0.2628,
frame_ms,0.2413,
frame_ms,0.2296,
frame_ms,0.2188,
frame_ms,0.2131,
frame_ms,0.2421,
frame_ms,0.2199,
frame_ms,0.2163,
frame_ms,0.2285,
frame_ms,0.2912,
frame_ms,0.381,
frame_ms,0.2828,
frame_ms,0.2328,
frame_ms,0.2579,
frame_ms,0.2451,
frame_ms,0.2358,
tick_us,601,4590
frame_ms,1.4619,
frame_ms,0.2441,
frame_ms,0.2212,
frame_ms,0.2192,
frame_ms,0.2233,
frame_ms,0.2284,
frame_ms,0.219,
frame_ms,0.2143,
frame_ms,0.2324,
frame_ms,0.2234,
frame_ms,0.2159,
frame_ms,0.216,
frame_ms,0.2496,
frame_ms,0.2826,
frame_ms,0.2415,
frame_ms,0.2323,
frame_ms,0.2192,
frame_ms,0.2601,
frame_ms,0.3876,
frame_ms,0.2349,
frame_ms,0.2208,
frame_ms,0.2207,
frame_ms,0.217,
frame_ms,0.2122,
tick_us,592.1,4618
frame_ms,1.4859,
frame_ms,0.2463,
frame_ms,0.2186,
frame_ms,0.2318,
frame_ms,0.2219,
frame_ms,0.2135,
frame_ms,0.2266,
frame_ms,0.2161,
frame_ms,0.2672,
frame_ms,0.2301,
frame_ms,0.2159,
frame_ms,0.2649,
frame_ms,0.2295,
frame_ms,0.214,
frame_ms,0.261,
frame_ms,0.2123,
frame_ms,0.2124,
frame_ms,0.2404,
frame_ms,0.3089,
frame_ms,0.5966,
frame_ms,0.2719,
frame_ms,0.2381,
frame_ms,0.2837,
tick_us,576.8,4624
frame_ms,1.4694,
frame_ms,0.2676,
frame_ms,0.2303,
frame_ms,0.2183,
frame_ms,0.2255,
frame_ms,0.2279,
frame_ms,0.2209,
frame_ms,0.2174,
frame_ms,0.2166,
frame_ms,0.2184,
frame_ms,0.2841,
frame_ms,0.2299,
frame_ms,0.2454,
frame_ms,0.2216,
frame_ms,0.2134,
frame_ms,0.2703,
frame_ms,0.2259,
frame_ms,0.2104,
frame_ms,0.2678,
frame_ms,0.228,
frame_ms,0.2977,
frame_ms,0.4722,
frame_ms,0.2596,
tick_us,592.1,4644
frame_ms,1.4557,
frame_ms,0.2741,
frame_ms,0.2218,
frame_ms,0.2259,
frame_ms,0.221,
frame_ms,0.2154,
frame_ms,0.2486,
frame_ms,0.215,
frame_ms,0.2183,
frame_ms,0.2246,
frame_ms,0.219,
frame_ms,0.2614,
frame_ms,0.2348,
frame_ms,0.2106,
frame_ms,0.2969,
frame_ms,0.2984,
frame_ms,0.2637,
frame_ms,0.2541,
frame_ms,0.2381,
frame_ms,0.2368,
frame_ms,0.5036,
frame_ms,0.3337,
tick_us,573.3,4692
frame_ms,1.4504,
frame_ms,0.2324,
frame_ms,0.2299,
frame_ms,0.2268,
frame_ms,0.2307,
frame_ms,0.2238,
frame_ms,0.2371,
frame_ms,0.2154,
frame_ms,0.2847,
frame_ms,0.2792,
frame_ms,0.2362,
frame_ms,0.2313,
frame_ms,0.2281,
frame_ms,0.2216,
frame_ms,0.2352,
frame_ms,0.2228,
frame_ms,0.2511,
frame_ms,0.2255,
frame_ms,0.2223,
frame_ms,0.2457,
frame_ms,0.3829,
frame_ms,0.3564,
frame_ms,0.2735,
tick_us,579.1,4696
frame_ms,1.42,
frame_ms,0.2507,
frame_ms,0.223,
frame_ms,0.2245,
frame_ms,0.2221,
frame_ms,0.2144,
frame_ms,0.2266,
frame_ms,0.2128,
frame_ms,0.2744,
frame_ms,0.273,
frame_ms,0.2404,
frame_ms,0.2293,
frame_ms,0.2246,
frame_ms,0.222,
frame_ms,0.2192,
frame_ms,0.2657,
frame_ms,0.2295,
frame_ms,0.2141,
frame_ms,0.2689,
frame_ms,0.2295,
frame_ms,0.2184,
frame_ms,0.2465,
frame_ms,0.3577,
tick_us,637.7,4744
frame_ms,1.7959,
frame_ms,0.2629,
frame_ms,0.2249,
frame_ms,0.2202,
frame_ms,0.2272,
frame_ms,0.2275,
frame_ms,0.2205,
frame_ms,0.2167,
frame_ms,0.2859,
frame_ms,0.3274,
frame_ms,0.2784,
frame_ms,0.2265,
frame_ms,0.2175,
frame_ms,0.2216,
frame_ms,0.2248,
frame_ms,0.2188,
frame_ms,0.2278,
frame_ms,0.2786,
frame_ms,0.2682,
frame_ms,0.2329,
frame_ms,0.2249,
frame_ms,0.2203,
frame_ms,0.4819,
tick_us,582.6,4718
frame_ms,1.4904,
frame_ms,0.2479,
frame_ms,0.2258,
frame_ms,0.2285,
frame_ms,0.2244,
frame_ms,0.218,
frame_ms,0.22,
frame_ms,0.2163,
frame_ms,0.2729,
frame_ms,0.2317,
frame_ms,0.2169,
frame_ms,0.264,
frame_ms,0.2288,
frame_ms,0.2143,
frame_ms,0.2129,
frame_ms,0.2488,
frame_ms,0.2262,
frame_ms,0.2242,
frame_ms,0.2147,
frame_ms,0.2794,
frame_ms,0.2708,
frame_ms,0.2326,
frame_ms,0.2289,
frame_ms,0.2264,
tick_us,588.3,4748
frame_ms,1.4778,
frame_ms,0.246,
frame_ms,0.2279,
frame_ms,0.2214,
frame_ms,0.224,
frame_ms,0.2173,
frame_ms,0.2184,
frame_ms,0.2639,
frame_ms,0.297,
frame_ms,0.2858,
frame_ms,0.2372,
frame_ms,0.2245,
frame_ms,0.2237,
frame_ms,0.2222,
frame_ms,0.4913,
frame_ms,0.3245,
frame_ms,0.2538,
frame_ms,0.2238,
frame_ms,0.2254,
frame_ms,0.2226,
frame_ms,0.2096,
frame_ms,0.2144,
tick_us,585.2,4736
frame_ms,1.532,
frame_ms,0.2797,
frame_ms,0.2525,
frame_ms,0.2211,
frame_ms,0.2181,
frame_ms,0.2213,
frame_ms,0.2175,
frame_ms,0.2336,
frame_ms,0.2517,
frame_ms,0.2246,
frame_ms,0.2158,
frame_ms,0.2768,
frame_ms,0.2727,
frame_ms,0.2374,
frame_ms,0.2264,
frame_ms,0.2546,
frame_ms,0.2353,
frame_ms,0.2255,
frame_ms,0.2219,
frame_ms,0.218,
frame_ms,0.2154,
frame_ms,0.2619,
frame_ms,0.2298,
frame_ms,0.2121,
frame_ms,0.2581,
tick_us,586.8,4750
frame_ms,1.5138,
frame_ms,0.3561,
frame_ms,0.4461,
frame_ms,0.2549,
frame_ms,0.2222,
frame_ms,0.2188,
frame_ms,0.2234,
frame_ms,0.215,
frame_ms,0.2127,
frame_ms,0.2627,
frame_ms,0.2317,
frame_ms,0.215,
frame_ms,0.2451,
frame_ms,0.2269,
frame_ms,0.2152,
frame_ms,0.2253,
frame_ms,0.2112,
frame_ms,0.3359,
frame_ms,0.2297,
frame_ms,0.2236,
frame_ms,0.2116,
frame_ms,0.2088,
frame_ms,0.2113,
tick_us,572.6,4730
frame_ms,1.4453,
frame_ms,0.2494,
frame_ms,0.2414,
frame_ms,0.2195,
frame_ms,0.2181,
frame_ms,0.2115,
frame_ms,0.2415,
frame_ms,0.2153,
frame_ms,0.214,
frame_ms,0.2455,
frame_ms,0.2245,
frame_ms,0.2113,
frame_ms,0.2322,
frame_ms,0.211,
frame_ms,0.2135,
frame_ms,0.2117,
frame_ms,0.215,
frame_ms,0.2849,
frame_ms,0.2355,
frame_ms,0.2152,
frame_ms,0.2446,
frame_ms,0.2242,
frame_ms,0.2145,
frame_ms,0.269,
frame_ms,0.2291,
tick_us,572.8,4798
frame_ms,1.4236,
frame_ms,0.2557,
frame_ms,0.2157,
frame_ms,0.2191,
frame_ms,0.2143,
frame_ms,0.2117,
frame_ms,0.244,
frame_ms,0.222,
frame_ms,0.2131,
frame_ms,0.2201,
frame_ms,0.21,
frame_ms,0.2884,
frame_ms,0.2316,
frame_ms,0.2105,
frame_ms,0.263,
frame_ms,0.234,
frame_ms,0.211,
frame_ms,0.268,
frame_ms,0.2269,
frame_ms,0.217,
frame_ms,0.2503,
frame_ms,0.2222,
frame_ms,0.211,
frame_ms,0.2717,
frame_ms,0.2265,
tick_us,564.7,4802
frame_ms,1.4072,
frame_ms,0.2869,
frame_ms,0.3571,
frame_ms,0.3257,
frame_ms,0.2453,
frame_ms,0.2416,
frame_ms,0.2268,
frame_ms,0.2286,
frame_ms,0.2207,
frame_ms,0.2334,
frame_ms,0.242,
frame_ms,0.2186,
frame_ms,0.2385,
frame_ms,0.2255,
frame_ms,0.2123,
frame_ms,0.2499,
frame_ms,0.2234,
frame_ms,0.216,
frame_ms,0.2615,
frame_ms,0.2359,
frame_ms,0.2123,
frame_ms,0.21,
frame_ms,0.2407,
tick_us,580.2,4768
frame_ms,1.447,
frame_ms,0.3931,
frame_ms,0.2513,
frame_ms,0.2368,
frame_ms,0.2815,
frame_ms,0.2981,
frame_ms,0.2441,
frame_ms,0.2209,
frame_ms,0.2303,
frame_ms,0.2236,
frame_ms,0.2237,
frame_ms,0.2194,
frame_ms,0.2319,
frame_ms,0.2727,
frame_ms,0.2729,
frame_ms,0.2446,
frame_ms,0.2256,
frame_ms,0.2215,
frame_ms,0.2167,
frame_ms,0.2281,
frame_ms,0.2129,
frame_ms,0.2764,
frame_ms,0.2309,
frame_ms,0.2131,
tick_us,613.2,4768
frame_ms,1.5394,
frame_ms,0.3873,
frame_ms,0.4192,
frame_ms,0.3694,
frame_ms,0.3235,
frame_ms,0.2483,
frame_ms,0.221,
frame_ms,0.2776,
frame_ms,0.3647,
frame_ms,0.3534,
frame_ms,0.3911,
frame_ms,0.2876,
frame_ms,0.2427,
frame_ms,0.2178,
frame_ms,0.2193,
frame_ms,0.2202,
frame_ms,0.2137,
frame_ms,0.2579,
frame_ms,0.275,
tick_us,597.9,4702
frame_ms,1.4952,
frame_ms,0.2437,
frame_ms,0.3931,
frame_ms,0.4251,
frame_ms,0.2496,
frame_ms,0.2217,
frame_ms,0.2216,
frame_ms,0.2589,
frame_ms,0.2244,
frame_ms,0.2207,
frame_ms,0.2173,
frame_ms,0.2691,
frame_ms,0.2327,
frame_ms,0.2176,
frame_ms,0.2576,
frame_ms,0.2284,
frame_ms,0.2122,
frame_ms,0.263,
frame_ms,0.2312,
frame_ms,0.2206,
frame_ms,0.2513,
frame_ms,0.2277,
frame_ms,0.2142,
tick_us,598.5,4706
frame_ms,1.4797,
frame_ms,0.2766,
frame_ms,0.2584,
frame_ms,0.2212,
frame_ms,0.2268,
frame_ms,0.2223,
frame_ms,0.2162,
frame_ms,0.2569,
frame_ms,0.2318,
frame_ms,0.2274,
frame_ms,0.2165,
frame_ms,0.265,
frame_ms,0.2702,
frame_ms,0.2305,
frame_ms,0.2194,
frame_ms,0.2145,
frame_ms,0.2245,
frame_ms,0.3486,
frame_ms,0.3084,
frame_ms,0.2312,
frame_ms,0.2191,
frame_ms,0.2175,
frame_ms,0.2118,
frame_ms,0.2246,
tick_us,596.7,4730
frame_ms,1.4686,
frame_ms,0.2656,
frame_ms,0.229,
frame_ms,0.2221,
frame_ms,0.2227,
frame_ms,0.2208,
frame_ms,0.2158,
frame_ms,0.2672,
frame_ms,0.2358,
frame_ms,0.2161,
frame_ms,0.2154,
frame_ms,0.2579,
frame_ms,0.231,
frame_ms,0.2193,
frame_ms,0.2175,
frame_ms,0.3754,
frame_ms,0.3047,
frame_ms,0.2278,
frame_ms,0.2161,
frame_ms,0.2198,
frame_ms,0.2144,
frame_ms,0.2289,
frame_ms,0.2217,
frame_ms,0.2141,
tick_us,583.1,4708
frame_ms,1.4531,
frame_ms,0.2392,
frame_ms,0.2341,
frame_ms,0.2287,
frame_ms,0.2299,
frame_ms,0.4506,
frame_ms,0.3625,
frame_ms,0.3361,
frame_ms,0.2344,
frame_ms,0.2161,
frame_ms,0.2213,
frame_ms,0.2218,
frame_ms,0.2207,
frame_ms,0.2322,
frame_ms,0.2347,
frame_ms,0.2573,
frame_ms,0.222,
frame_ms,0.2125,
frame_ms,0.2639,
frame_ms,0.2476,
frame_ms,0.2303,
frame_ms,0.2159,
tick_us,623.6,4704
frame_ms,1.5676,
frame_ms,0.2883,
frame_ms,0.2349,
frame_ms,0.2219,
frame_ms,0.234,
frame_ms,0.224,
frame_ms,0.221,
frame_ms,0.4079,
frame_ms,0.4074,
frame_ms,0.2384,
frame_ms,0.2142,
frame_ms,0.2187,
frame_ms,0.2156,
frame_ms,0.2123,
frame_ms,0.2618,
frame_ms,0.2315,
frame_ms,0.2161,
frame_ms,0.2622,
frame_ms,0.2281,
frame_ms,0.2184,
frame_ms,0.2142,
frame_ms,0.2154,
frame_ms,0.2816,
tick_us,573.3,4692
frame_ms,1.4428,
frame_ms,0.2559,
frame_ms,0.2265,
frame_ms,0.2183,
frame_ms,0.2181,
frame_ms,0.211,
frame_ms,0.2419,
frame_ms,0.2776,
frame_ms,0.4248,
frame_ms,0.2447,
frame_ms,0.2159,
frame_ms,0.2317,
frame_ms,0.2305,
frame_ms,0.2192,
frame_ms,0.2142,
frame_ms,0.2954,
frame_ms,0.3182,
frame_ms,0.2538,
frame_ms,0.2321,
frame_ms,0.2361,
frame_ms,0.2362,
frame_ms,0.2319,
frame_ms,0.2577,
tick_us,575.7,4722
frame_ms,1.4341,
frame_ms,0.272,
frame_ms,0.2246,
frame_ms,0.3745,
frame_ms,0.3432,
frame_ms,0.2577,
frame_ms,0.2261,
frame_ms,0.2165,
frame_ms,0.2174,
frame_ms,0.2391,
frame_ms,0.4794,
frame_ms,0.2577,
frame_ms,0.2167,
frame_ms,0.2228,
frame_ms,0.2155,
frame_ms,0.2103,
frame_ms,0.2625,
frame_ms,0.2254,
frame_ms,0.2113,
frame_ms,0.2238,
frame_ms,0.2122,
frame_ms,0.2741,
frame_ms,0.2261,
tick_us,586.9,4738
frame_ms,1.4151,
frame_ms,0.249,
frame_ms,0.2132,
frame_ms,0.2159,
frame_ms,0.2145,
frame_ms,0.2143,
frame_ms,0.2956,
frame_ms,0.2102,
frame_ms,0.2848,
frame_ms,0.4113,
frame_ms,0.4431,
frame_ms,0.2625,
frame_ms,0.263,
frame_ms,0.238,
frame_ms,0.2293,
frame_ms,0.2274,
frame_ms,0.2365,
frame_ms,0.2324,
frame_ms,0.2209,
frame_ms,0.2218,
frame_ms,0.2343,
frame_ms,0.2624,
tick_us,594.9,4752
frame_ms,1.479,
frame_ms,0.271,
frame_ms,0.2354,
frame_ms,0.2237,
frame_ms,0.2279,
frame_ms,0.2219,
frame_ms,0.224,
frame_ms,0.2655,
frame_ms,0.2609,
frame_ms,0.2704,
frame_ms,0.253,
frame_ms,0.2357,
frame_ms,0.2647,
frame_ms,0.3829,
frame_ms,0.28,
frame_ms,0.2521,
frame_ms,0.2256,
frame_ms,0.2253,
frame_ms,0.2211,
frame_ms,0.2204,
frame_ms,0.2132,
frame_ms,0.2666,
frame_ms,0.2315,
tick_us,588.1,4736
frame_ms,1.4403,
frame_ms,0.2389,
frame_ms,0.2145,
frame_ms,0.2202,
frame_ms,0.2184,
frame_ms,0.22,
frame_ms,0.2733,
frame_ms,0.2276,
frame_ms,0.217,
frame_ms,0.2623,
frame_ms,0.2262,
frame_ms,0.2161,
frame_ms,0.2322,
frame_ms,0.215,
frame_ms,0.2813,
frame_ms,0.2314,
frame_ms,0.2178,
frame_ms,0.241,
frame_ms,0.2234,
frame_ms,0.2136,
frame_ms,0.2682,
frame_ms,0.2331,
frame_ms,0.2179,
frame_ms,0.2091,
frame_ms,0.248,
tick_us,578,4686
frame_ms,1.422,
frame_ms,0.2319,
frame_ms,0.2238,
frame_ms,0.2251,
frame_ms,0.2168,
frame_ms,0.2126,
frame_ms,0.2431,
frame_ms,0.2216,
frame_ms,0.2155,
frame_ms,0.273,
frame_ms,0.2662,
frame_ms,0.2565,
frame_ms,0.4064,
frame_ms,0.2653,
frame_ms,0.2205,
frame_ms,0.4041,
frame_ms,0.2805,
frame_ms,0.3018,
frame_ms,0.2838,
frame_ms,0.2249,
frame_ms,0.2181,
frame_ms,0.2137,
tick_us,573.6,4678
frame_ms,1.4318,
frame_ms,0.2351,
frame_ms,0.213,
frame_ms,0.2293,
frame_ms,0.2221,
frame_ms,0.2152,
frame_ms,0.2719,
frame_ms,0.9804,
frame_ms,0.2321,
frame_ms,0.2213,
frame_ms,0.3463,
frame_ms,0.4391,
frame_ms,0.2694,
frame_ms,0.2262,
frame_ms,0.2385,
frame_ms,0.2348,
frame_ms,0.2264,
frame_ms,0.2264,
frame_ms,0.2175,
frame_ms,0.2157,
frame_ms,0.2751,
tick_us,592.9,4636
frame_ms,1.5525,
frame_ms,0.2571,
frame_ms,0.2258,
frame_ms,0.2237,
frame_ms,0.222,
frame_ms,0.2162,
frame_ms,0.2156,
frame_ms,0.219,
frame_ms,0.281,
frame_ms,0.2335,
frame_ms,0.2161,
frame_ms,0.2459,
frame_ms,0.2314,
frame_ms,0.2122,
frame_ms,0.4207,
frame_ms,0.575,
frame_ms,0.2411,
frame_ms,0.2143,
frame_ms,0.2226,
frame_ms,0.2147,
frame_ms,0.2356,
frame_ms,0.2335,
tick_us,617.6,4622
frame_ms,1.5717,
frame_ms,0.2655,
frame_ms,0.2352,
frame_ms,0.2204,
frame_ms,0.2221,
frame_ms,0.2123,
frame_ms,0.2156,
frame_ms,0.2582,
frame_ms,0.2389,
frame_ms,0.2171,
frame_ms,0.2449,
frame_ms,0.2277,
frame_ms,0.2266,
frame_ms,0.217,
frame_ms,0.2679,
frame_ms,0.2325,
frame_ms,0.2791,
frame_ms,0.2116,
frame_ms,0.2581,
frame_ms,0.2707,
frame_ms,0.2387,
frame_ms,0.225,
frame_ms,0.2233,
tick_us,602.6,4634
frame_ms,1.463,
frame_ms,0.26,
frame_ms,0.2219,
frame_ms,0.2229,
frame_ms,0.2245,
frame_ms,0.2134,
frame_ms,0.2508,
frame_ms,0.2159,
frame_ms,0.2151,
frame_ms,0.2158,
frame_ms,0.2748,
frame_ms,0.2685,
frame_ms,0.2343,
frame_ms,0.2231,
frame_ms,0.2222,
frame_ms,0.2185,
frame_ms,0.2179,
frame_ms,0.2735,
frame_ms,0.2677,
frame_ms,0.2292,
frame_ms,0.2227,
frame_ms,0.2245,
frame_ms,0.2162,
frame_ms,0.2763,
frame_ms,0.2648,
tick_us,578.8,4672
frame_ms,1.4492,
frame_ms,0.2339,
frame_ms,0.2242,
frame_ms,0.2174,
frame_ms,0.5191,
frame_ms,0.3054,
frame_ms,0.2862,
frame_ms,0.2507,
frame_ms,0.244,
frame_ms,0.2416,
frame_ms,0.2949,
frame_ms,0.2405,
frame_ms,0.221,
frame_ms,0.2185,
frame_ms,0.2163,
frame_ms,0.2284,
frame_ms,0.2431,
frame_ms,0.2937,
frame_ms,0.4329,
frame_ms,0.2761,
frame_ms,0.2646,
tick_us,594.5,4646
frame_ms,1.5248,
frame_ms,0.2562,
frame_ms,0.2341,
frame_ms,0.2995,
frame_ms,0.2382,
frame_ms,0.228,
frame_ms,0.223,
frame_ms,0.2216,
frame_ms,0.2231,
frame_ms,0.2489,
frame_ms,0.2323,
frame_ms,0.2201,
frame_ms,0.2686,
frame_ms,0.2128,
frame_ms,0.2171,
frame_ms,0.2186,
frame_ms,0.258,
frame_ms,0.2732,
frame_ms,0.3764,
frame_ms,0.3859,
frame_ms,0.2987,
frame_ms,0.2468,
tick_us,591.8,4630
frame_ms,1.4679,
frame_ms,0.2377,
frame_ms,0.2156,
frame_ms,0.2208,
frame_ms,0.2204,
frame_ms,0.2132,
frame_ms,0.2169,
frame_ms,0.2725,
frame_ms,0.2578,
frame_ms,0.2221,
frame_ms,0.2131,
frame_ms,0.2647,
frame_ms,0.227,
frame_ms,0.2198,
frame_ms,0.2107,
frame_ms,0.2772,
frame_ms,0.2989,
frame_ms,0.2546,
frame_ms,0.2778,
frame_ms,0.2862,
frame_ms,0.2931,
frame_ms,0.2383,
frame_ms,0.2224,
tick_us,577.9,4616
frame_ms,1.4351,
frame_ms,0.242,
frame_ms,0.2164,
frame_ms,0.2228,
frame_ms,0.2208,
frame_ms,0.2285,
frame_ms,0.2204,
frame_ms,0.2637,
frame_ms,0.2234,
frame_ms,0.2184,
frame_ms,0.2235,
frame_ms,0.2157,
frame_ms,0.2786,
frame_ms,0.2717,
frame_ms,0.2345,
frame_ms,0.2221,
frame_ms,0.2205,
frame_ms,0.2112,
frame_ms,0.2481,
frame_ms,0.2299,
frame_ms,0.2226,
frame_ms,0.3603,
frame_ms,0.2497,
frame_ms,0.2327,
frame_ms,0.2287,
tick_us,622.3,4648
frame_ms,1.5192,
frame_ms,0.2687,
frame_ms,0.2313,
frame_ms,0.2174,
frame_ms,0.2217,
frame_ms,0.2319,
frame_ms,0.2162,
frame_ms,0.2157,
frame_ms,0.2596,
frame_ms,0.2406,
frame_ms,0.2283,
frame_ms,0.2171,
frame_ms,0.2687,
frame_ms,0.2277,
frame_ms,0.2211,
frame_ms,0.2493,
frame_ms,0.2268,
frame_ms,0.2647,
frame_ms,0.2536,
frame_ms,0.2299,
frame_ms,0.2427,
frame_ms,0.2349,
frame_ms,0.2276,
tick_us,619.3,4612
frame_ms,1.5068,
frame_ms,0.2544,
frame_ms,0.2257,
frame_ms,0.2293,
frame_ms,0.2253,
frame_ms,0.2141,
frame_ms,0.2152,
frame_ms,0.2756,
frame_ms,0.2293,
frame_ms,0.2149,
frame_ms,0.2644,
frame_ms,0.2286,
frame_ms,0.2137,
frame_ms,0.2483,
frame_ms,0.2291,
frame_ms,0.2159,
frame_ms,0.2345,
frame_ms,0.2292,
frame_ms,0.2218,
frame_ms,0.2573,
frame_ms,0.2297,
frame_ms,0.2133,
frame_ms,0.256,
frame_ms,0.2259,
frame_ms,0.2121,
tick_us,591.7,4580
frame_ms,1.4448,
frame_ms,0.2341,
frame_ms,0.2182,
frame_ms,0.2167,
frame_ms,0.2538,
frame_ms,0.2342,
frame_ms,0.2201,
frame_ms,0.2263,
frame_ms,0.2157,
frame_ms,0.2745,
frame_ms,0.2281,
frame_ms,0.2134,
frame_ms,0.2632,
frame_ms,0.2312,
frame_ms,0.2159,
frame_ms,0.2408,
frame_ms,0.2261,
frame_ms,0.2134,
frame_ms,0.2705,
frame_ms,0.2306,
frame_ms,0.2094,
frame_ms,0.2271,
frame_ms,0.2173,
frame_ms,0.2107,
tick_us,611.6,4604
frame_ms,2.0213,
frame_ms,0.2822,
frame_ms,0.237,
frame_ms,0.2163,
frame_ms,0.2205,
frame_ms,0.2285,
frame_ms,0.2194,
frame_ms,0.2196,
frame_ms,0.2296,
frame_ms,0.2269,
frame_ms,0.2759,
frame_ms,0.2273,
frame_ms,0.2128,
frame_ms,0.276,
frame_ms,0.2239,
frame_ms,0.2166,
frame_ms,0.2111,
frame_ms,0.2411,
frame_ms,0.2201,
frame_ms,0.2163,
frame_ms,0.2711,
frame_ms,0.2288,
frame_ms,0.2105,
tick_us,561.7,4588
frame_ms,1.4493,
frame_ms,0.2579,
frame_ms,0.2228,
frame_ms,0.2268,
frame_ms,0.223,
frame_ms,0.2134,
frame_ms,0.2269,
frame_ms,0.2144,
frame_ms,0.2632,
frame_ms,0.2299,
frame_ms,0.2153,
frame_ms,0.276,
frame_ms,0.2288,
frame_ms,0.2127,
frame_ms,0.2369,
frame_ms,0.2191,
frame_ms,0.2146,
frame_ms,0.2364,
frame_ms,0.2177,
frame_ms,0.2206,
frame_ms,0.2561,
frame_ms,0.2224,
frame_ms,0.2105,
frame_ms,0.2566,
frame_ms,0.2288,
tick_us,564.4,4548
frame_ms,1.3817,
frame_ms,0.2387,
frame_ms,0.2902,
frame_ms,0.3064,
frame_ms,0.3586,
frame_ms,0.2756,
frame_ms,0.2329,
frame_ms,0.2309,
frame_ms,0.2943,
frame_ms,0.2765,
frame_ms,0.2244,
frame_ms,0.2189,
frame_ms,0.2228,
frame_ms,0.2148,
frame_ms,0.213,
frame_ms,0.2717,
frame_ms,0.2297,
frame_ms,0.2127,
frame_ms,0.2647,
frame_ms,0.2502,
frame_ms,0.2197,
frame_ms,0.2297,
frame_ms,0.3337,
tick_us,600.2,4564
frame_ms,1.4644,
frame_ms,0.2345,
frame_ms,0.224,
frame_ms,0.2162,
frame_ms,0.2186,
frame_ms,0.2108,
frame_ms,0.2464,
frame_ms,0.2279,
frame_ms,0.2178,
frame_ms,0.2232,
frame_ms,0.2245,
frame_ms,0.2165,
frame_ms,0.2341,
frame_ms,0.2117,
frame_ms,0.2203,
frame_ms,0.2522,
frame_ms,0.2274,
frame_ms,0.2113,
frame_ms,0.2586,
frame_ms,0.2371,
frame_ms,0.2152,
frame_ms,0.2579,
frame_ms,0.2192,
frame_ms,0.2098,
frame_ms,0.2243,
tick_us,579.4,4512
frame_ms,1.444,
frame_ms,0.2344,
frame_ms,0.2171,
frame_ms,0.2189,
frame_ms,0.2103,
frame_ms,0.2411,
frame_ms,0.224,
frame_ms,0.2108,
frame_ms,0.2252,
frame_ms,0.5919,
frame_ms,0.2885,
frame_ms,0.2552,
frame_ms,0.2383,
frame_ms,0.2485,
frame_ms,0.2917,
frame_ms,0.3569,
frame_ms,0.2671,
frame_ms,0.2695,
frame_ms,0.2237,
frame_ms,0.228,
frame_ms,0.2282,
frame_ms,0.2368,
tick_us,585.7,4506
frame_ms,1.4381,
frame_ms,0.2651,
frame_ms,0.2378,
frame_ms,0.231,
frame_ms,0.2282,
frame_ms,0.2317,
frame_ms,0.2196,
frame_ms,0.2487,
frame_ms,0.2722,
frame_ms,0.24,
frame_ms,0.2246,
frame_ms,0.224,
frame_ms,0.2136,
frame_ms,0.2377,
frame_ms,0.2565,
frame_ms,0.2411,
frame_ms,0.2248,
frame_ms,0.2282,
frame_ms,0.2155,
frame_ms,0.2145,
frame_ms,0.2221,
frame_ms,0.29,
frame_ms,0.2636,
frame_ms,0.2324,
tick_us,591.7,4524
frame_ms,1.4484,
frame_ms,0.2387,
frame_ms,0.2148,
frame_ms,0.2174,
frame_ms,0.2182,
frame_ms,0.2122,
frame_ms,0.2373,
frame_ms,0.226,
frame_ms,0.2108,
frame_ms,0.2417,
frame_ms,0.2245,
frame_ms,0.2149,
frame_ms,0.2642,
frame_ms,0.2284,
frame_ms,0.2133,
frame_ms,0.264,
frame_ms,0.3408,
frame_ms,0.2726,
frame_ms,0.2174,
frame_ms,0.2143,
frame_ms,0.2131,
frame_ms,0.2131,
frame_ms,0.2442,
frame_ms,0.2243,
frame_ms,0.2111,
tick_us,569.6,4496
frame_ms,1.4166,
frame_ms,0.2392,
frame_ms,0.2357,
frame_ms,0.2491,
frame_ms,0.2224,
frame_ms,0.2181,
frame_ms,0.3045,
frame_ms,0.2215,
frame_ms,0.2181,
frame_ms,0.207,
frame_ms,0.2568,
frame_ms,0.2237,
frame_ms,0.2114,
frame_ms,0.2467,
frame_ms,0.2366,
frame_ms,0.2216,
frame_ms,0.2408,
frame_ms,0.2212,
frame_ms,0.2103,
frame_ms,0.2522,
frame_ms,0.2375,
frame_ms,0.2092,
frame_ms,0.2386,
frame_ms,0.22,
frame_ms,0.2094,
tick_us,571.8,4518
frame_ms,1.4263,
frame_ms,0.2371,
frame_ms,0.217,
frame_ms,0.2386,
frame_ms,0.2245,
frame_ms,0.2245,
frame_ms,0.212,
frame_ms,0.3025,
frame_ms,0.2306,
frame_ms,0.2162,
frame_ms,0.2443,
frame_ms,0.2236,
frame_ms,0.2075,
frame_ms,0.2784,
frame_ms,0.229,
frame_ms,0.2149,
frame_ms,0.2457,
frame_ms,0.2188,
frame_ms,0.2108,
frame_ms,0.242,
frame_ms,0.2669,
frame_ms,0.2235,
frame_ms,0.5565,
tick_us,586.9,4466
frame_ms,1.4913,
frame_ms,0.2453,
frame_ms,0.2221,
frame_ms,0.2256,
frame_ms,0.2209,
frame_ms,0.2112,
frame_ms,0.2428,
frame_ms,0.2142,
frame_ms,0.2191,
frame_ms,0.2512,
frame_ms,0.2286,
frame_ms,0.2273,
frame_ms,0.2095,
frame_ms,0.2705,
frame_ms,0.2654,
frame_ms,0.2745,
frame_ms,0.2383,
frame_ms,0.2328,
frame_ms,0.2476,
frame_ms,0.231,
frame_ms,0.2292,
frame_ms,0.2363,
frame_ms,0.2242,
frame_ms,0.2614,
tick_us,583.3,4468
frame_ms,1.4204,
frame_ms,0.2666,
frame_ms,0.2184,
frame_ms,0.2233,
frame_ms,0.2242,
frame_ms,0.2214,
frame_ms,0.2147,
frame_ms,0.2181,
frame_ms,0.2857,
frame_ms,0.2715,
frame_ms,0.2336,
frame_ms,0.2254,
frame_ms,0.2246,
frame_ms,0.2201,
frame_ms,0.3065,
frame_ms,0.2565,
frame_ms,0.2359,
frame_ms,0.2244,
frame_ms,0.2202,
frame_ms,0.2487,
frame_ms,0.2169,
frame_ms,0.2623,
frame_ms,0.2656,
frame_ms,0.2339,
tick_us,575.4,4492
frame_ms,1.4374,
frame_ms,0.6322,
frame_ms,0.5475,
frame_ms,0.2598,
frame_ms,0.2794,
frame_ms,0.2349,
frame_ms,0.2223,
frame_ms,0.223,
frame_ms,0.2316,
frame_ms,0.2139,
frame_ms,0.2705,
frame_ms,0.2362,
frame_ms,0.2384,
frame_ms,0.3185,
frame_ms,0.2766,
frame_ms,0.2331,
frame_ms,0.2261,
frame_ms,0.2202,
frame_ms,0.2355,
frame_ms,0.2217,
frame_ms,0.2214,
tick_us,593.2,4468
frame_ms,1.473,
frame_ms,0.2345,
frame_ms,0.2139,
frame_ms,0.2282,
frame_ms,0.2215,
frame_ms,0.2152,
frame_ms,0.2213,
frame_ms,0.2136,
frame_ms,0.3226,
frame_ms,0.2764,
frame_ms,0.2426,
frame_ms,0.2377,
frame_ms,0.2253,
frame_ms,0.2611,
frame_ms,0.2224,
frame_ms,0.2231,
frame_ms,0.2889,
frame_ms,0.239,
frame_ms,0.2504,
frame_ms,0.2284,
frame_ms,0.2335,
frame_ms,0.2552,
frame_ms,0.3319,
tick_us,643.5,4428
frame_ms,1.7233,
frame_ms,0.2758,
frame_ms,0.2306,
frame_ms,0.2227,
frame_ms,0.2238,
frame_ms,0.2221,
frame_ms,0.2349,
frame_ms,1.2363,
frame_ms,0.5882,
frame_ms,0.2516,
frame_ms,0.2206,
frame_ms,0.2254,
frame_ms,0.2277,
frame_ms,0.2223,
frame_ms,0.2118,
frame_ms,0.2634,
frame_ms,0.2278,
frame_ms,0.2409,
tick_us,597.6,4376
frame_ms,1.4638,
frame_ms,0.2382,
frame_ms,0.2455,
frame_ms,0.2763,
frame_ms,0.2295,
frame_ms,0.2246,
frame_ms,0.2296,
frame_ms,0.2377,
frame_ms,0.2603,
frame_ms,0.2142,
frame_ms,0.251,
frame_ms,0.2237,
frame_ms,0.2171,
frame_ms,0.2802,
frame_ms,0.2738,
frame_ms,0.2383,
frame_ms,0.2329,
frame_ms,0.2264,
frame_ms,0.2378,
frame_ms,0.2287,
frame_ms,0.2213,
frame_ms,0.2657,
frame_ms,0.2353,
frame_ms,0.2243,
tick_us,582.1,4362
frame_ms,1.5958,
frame_ms,0.2441,
frame_ms,0.2213,
frame_ms,0.2283,
frame_ms,0.2229,
frame_ms,0.221,
frame_ms,0.2457,
frame_ms,0.2183,
frame_ms,0.2195,
frame_ms,0.2532,
frame_ms,0.2323,
frame_ms,0.2186,
frame_ms,0.2742,
frame_ms,0.2317,
frame_ms,0.2167,
frame_ms,0.2491,
frame_ms,0.3384,
frame_ms,0.251,
frame_ms,0.2225,
frame_ms,0.2212,
frame_ms,0.222,
frame_ms,0.2169,
frame_ms,0.2135,
tick_us,663.2,4356
frame_ms,1.5017,
frame_ms,0.2479,
frame_ms,0.2173,
frame_ms,0.2241,
frame_ms,0.2258,
frame_ms,0.2194,
frame_ms,0.2165,
frame_ms,0.226,
frame_ms,0.2187,
frame_ms,0.4566,
frame_ms,0.3048,
frame_ms,0.2332,
frame_ms,0.2276,
frame_ms,0.2246,
frame_ms,0.4571,
frame_ms,0.3117,
frame_ms,0.2596,
frame_ms,0.241,
frame_ms,0.2401,
frame_ms,0.2431,
frame_ms,0.24,
frame_ms,0.2636,
tick_us,579.9,4366
frame_ms,1.4486,
frame_ms,0.2475,
frame_ms,0.2239,
frame_ms,0.2224,
frame_ms,0.2347,
frame_ms,0.2249,
frame_ms,0.2176,
frame_ms,0.2184,
frame_ms,0.2796,
frame_ms,0.2372,
frame_ms,0.2154,
frame_ms,0.2342,
frame_ms,0.2191,
frame_ms,0.2137,
frame_ms,0.318,
frame_ms,0.2391,
frame_ms,0.2206,
frame_ms,0.2606,
frame_ms,0.2511,
frame_ms,0.2285,
frame_ms,0.2353,
frame_ms,0.2174,
frame_ms,0.2223,
tick_us,600.4,4364
frame_ms,1.7001,
frame_ms,0.2768,
frame_ms,0.2405,
frame_ms,0.2349,
frame_ms,0.2226,
frame_ms,0.2165,
frame_ms,0.224,
frame_ms,0.2089,
frame_ms,0.2771,
frame_ms,0.2392,
frame_ms,0.213,
frame_ms,0.2612,
frame_ms,0.2214,
frame_ms,0.2102,
frame_ms,0.2579,
frame_ms,0.2237,
frame_ms,0.2101,
frame_ms,0.255,
frame_ms,0.2209,
frame_ms,0.2149,
frame_ms,0.2669,
frame_ms,0.2252,
frame_ms,0.2178,
frame_ms,0.2434,
frame_ms,0.22,
tick_us,577.7,4368
frame_ms,1.4262,
frame_ms,0.2521,
frame_ms,0.2157,
frame_ms,0.2183,
frame_ms,0.2162,
frame_ms,0.2159,
frame_ms,0.2395,
frame_ms,0.2168,
frame_ms,0.2095,
frame_ms,0.2573,
frame_ms,0.2238,
frame_ms,0.2149,
frame_ms,0.2118,
frame_ms,0.2754,
frame_ms,0.23,
frame_ms,0.2203,
frame_ms,0.2554,
frame_ms,0.2223,
frame_ms,0.2135,
frame_ms,0.2677,
frame_ms,0.2289,
frame_ms,0.2169,
frame_ms,0.24,
frame_ms,0.2225,
frame_ms,0.2119,
tick_us,561.4,4398
frame_ms,1.4441,
frame_ms,0.239,
frame_ms,0.723,
frame_ms,0.7368,
frame_ms,0.2504,
frame_ms,0.2231,
frame_ms,0.9544,
frame_ms,0.2824,
frame_ms,0.2393,
frame_ms,0.2998,
frame_ms,0.2214,
frame_ms,0.2305,
frame_ms,0.223,
frame_ms,0.2258,
frame_ms,0.2205,
frame_ms,0.2618,
frame_ms,0.2295,
tick_us,581.9,4410
frame_ms,1.4218,
frame_ms,0.2417,
frame_ms,0.2247,
frame_ms,0.2242,
frame_ms,0.2242,
frame_ms,0.2205,
frame_ms,0.2129,
frame_ms,0.2473,
frame_ms,0.2281,
frame_ms,0.2292,
frame_ms,0.2139,
frame_ms,0.2709,
frame_ms,0.2312,
frame_ms,0.2154,
frame_ms,0.2302,
frame_ms,0.2257,
frame_ms,0.2124,
frame_ms,0.2546,
frame_ms,0.2859,
frame_ms,0.2305,
frame_ms,0.2219,
frame_ms,0.2109,
frame_ms,0.2381,
frame_ms,0.2208,
frame_ms,0.2114,
tick_us,582,4418
frame_ms,1.4471,
frame_ms,0.2378,
frame_ms,0.2191,
frame_ms,0.2288,
frame_ms,0.2154,
frame_ms,0.2125,
frame_ms,0.2447,
frame_ms,0.2236,
frame_ms,0.2091,
frame_ms,0.4713,
frame_ms,0.3483,
frame_ms,0.2223,
frame_ms,0.2146,
frame_ms,0.2256,
frame_ms,0.2122,
frame_ms,0.2119,
frame_ms,0.2538,
frame_ms,0.2305,
frame_ms,0.2796,
frame_ms,0.251,
frame_ms,0.232,
frame_ms,0.2263,
frame_ms,0.2221,
tick_us,568,4416
frame_ms,1.4667,
frame_ms,0.2561,
frame_ms,0.2186,
frame_ms,0.23,
frame_ms,0.2235,
frame_ms,0.2141,
frame_ms,0.2315,
frame_ms,0.2246,
frame_ms,0.2119,
frame_ms,0.2548,
frame_ms,0.2246,
frame_ms,0.2121,
frame_ms,0.2719,
frame_ms,0.2261,
frame_ms,0.2149,
frame_ms,0.2145,
frame_ms,0.2131,
frame_ms,0.2779,
frame_ms,0.2297,
frame_ms,0.2127,
frame_ms,0.2865,
frame_ms,0.2212,
frame_ms,0.2626,
frame_ms,0.2243,
frame_ms,0.2203,
tick_us,573,4388
frame_ms,1.4503,
frame_ms,0.2342,
frame_ms,0.2142,
frame_ms,0.2271,
frame_ms,0.2203,
frame_ms,0.2139,
frame_ms,0.2441,
frame_ms,0.2145,
frame_ms,0.2118,
frame_ms,0.2859,
frame_ms,0.2504,
frame_ms,0.2233,
frame_ms,0.2471,
frame_ms,0.2779,
frame_ms,0.2401,
frame_ms,0.2251,
frame_ms,0.2114,
frame_ms,0.4765,
frame_ms,0.3104,
frame_ms,0.2406,
frame_ms,0.2088,
frame_ms,0.2132,
frame_ms,0.2087,
tick_us,577.4,4430
frame_ms,1.4419,
frame_ms,0.24,
frame_ms,0.2134,
frame_ms,0.2325,
frame_ms,0.2201,
frame_ms,0.2128,
frame_ms,0.2271,
frame_ms,0.2108,
frame_ms,0.2777,
frame_ms,0.2278,
frame_ms,0.2141,
frame_ms,0.2513,
frame_ms,0.218,
frame_ms,0.213,
frame_ms,0.22,
frame_ms,0.2463,
frame_ms,0.2307,
frame_ms,0.2162,
frame_ms,0.2417,
frame_ms,0.2214,
frame_ms,0.2103,
frame_ms,0.2508,
frame_ms,0.2246,
frame_ms,0.2104,
frame_ms,0.4068,
tick_us,563.4,4434
frame_ms,1.4238,
frame_ms,0.2319,
frame_ms,0.2329,
frame_ms,0.2217,
frame_ms,0.2151,
frame_ms,0.2082,
frame_ms,0.2448,
frame_ms,0.2225,
frame_ms,0.2104,
frame_ms,0.2485,
frame_ms,0.2271,
frame_ms,0.2146,
frame_ms,0.2419,
frame_ms,0.2192,
frame_ms,0.2166,
frame_ms,0.2508,
frame_ms,0.2251,
frame_ms,0.2094,
frame_ms,0.2468,
frame_ms,0.2222,
frame_ms,0.2087,
frame_ms,0.2219,
frame_ms,0.2122,
frame_ms,0.2803,
tick_us,597.2,4502
frame_ms,1.6728,
frame_ms,0.2621,
frame_ms,0.2211,
frame_ms,0.2331,
frame_ms,0.2206,
frame_ms,0.2102,
frame_ms,0.2772,
frame_ms,0.2234,
frame_ms,0.2137,
frame_ms,0.2866,
frame_ms,0.2489,
frame_ms,0.2182,
frame_ms,0.2116,
frame_ms,0.2533,
frame_ms,0.2281,
frame_ms,0.2183,
frame_ms,0.2392,
frame_ms,0.2197,
frame_ms,0.2114,
frame_ms,0.2821,
frame_ms,0.2719,
frame_ms,0.2384,
frame_ms,0.2277,
frame_ms,0.2819,
tick_us,638.2,4496
frame_ms,1.7245,
frame_ms,0.2932,
frame_ms,0.2459,
frame_ms,0.2133,
frame_ms,0.2179,
frame_ms,0.2286,
frame_ms,0.2142,
frame_ms,0.2099,
frame_ms,0.2439,
frame_ms,0.2272,
frame_ms,0.2158,
frame_ms,0.2107,
frame_ms,0.2451,
frame_ms,0.2623,
frame_ms,0.2242,
frame_ms,0.2138,
frame_ms,0.2714,
frame_ms,0.223,
frame_ms,0.2094,
frame_ms,0.2742,
frame_ms,0.2309,
frame_ms,0.2132,
frame_ms,0.2192,
tick_us,566.3,4530
frame_ms,1.6671,
frame_ms,0.2909,
frame_ms,0.2436,
frame_ms,0.2396,
frame_ms,0.2377,
frame_ms,0.3731,
frame_ms,0.3556,
frame_ms,0.2513,
frame_ms,0.2228,
frame_ms,0.2273,
frame_ms,0.223,
frame_ms,0.2229,
frame_ms,0.214,
frame_ms,0.2337,
frame_ms,0.2443,
frame_ms,0.2288,
frame_ms,0.2213,
frame_ms,0.2672,
frame_ms,0.2333,
frame_ms,0.2278,
frame_ms,0.238,
frame_ms,0.219,
tick_us,592.1,4520
frame_ms,1.4784,
frame_ms,0.2478,
frame_ms,0.2264,
frame_ms,0.2303,
frame_ms,0.2243,
frame_ms,0.2226,
frame_ms,0.2157,
frame_ms,0.2503,
frame_ms,0.2746,
frame_ms,0.2687,
frame_ms,0.2353,
frame_ms,0.2298,
frame_ms,0.2203,
frame_ms,0.2247,
frame_ms,0.2671,
frame_ms,0.2935,
frame_ms,0.2503,
frame_ms,0.2309,
frame_ms,0.2235,
frame_ms,0.2124,
frame_ms,0.2131,
frame_ms,0.2448,
frame_ms,0.23,
frame_ms,0.2156,
frame_ms,0.2582,
tick_us,581.1,4510
frame_ms,1.4349,
frame_ms,0.2372,
frame_ms,0.2258,
frame_ms,0.2233,
frame_ms,0.2246,
frame_ms,0.2289,
frame_ms,0.2172,
frame_ms,0.2704,
frame_ms,0.966,
frame_ms,0.4953,
frame_ms,0.2391,
frame_ms,0.23,
frame_ms,0.2278,
frame_ms,0.2196,
frame_ms,0.2156,
frame_ms,0.2188,
frame_ms,0.2624,
frame_ms,0.233,
frame_ms,0.216,
frame_ms,0.2557,
tick_us,566.7,4544
frame_ms,1.4355,
frame_ms,0.245,
frame_ms,0.2267,
frame_ms,0.2249,
frame_ms,0.2234,
frame_ms,0.2162,
frame_ms,0.2157,
frame_ms,0.263,
frame_ms,0.2353,
frame_ms,0.2159,
frame_ms,0.258,
frame_ms,0.2342,
frame_ms,0.2183,
frame_ms,0.2537,
frame_ms,0.2285,
frame_ms,0.2175,
frame_ms,0.2373,
frame_ms,0.2292,
frame_ms,0.2208,
frame_ms,0.2599,
frame_ms,0.2405,
frame_ms,0.2281,
frame_ms,0.24,
frame_ms,0.2156,
frame_ms,0.2158,
tick_us,567.1,4558
frame_ms,1.4134,
frame_ms,0.2449,
frame_ms,0.2169,
frame_ms,0.235,
frame_ms,0.2223,
frame_ms,0.221,
frame_ms,0.2164,
frame_ms,0.2118,
frame_ms,0.2582,
frame_ms,0.2489,
frame_ms,0.2139,
frame_ms,0.2449,
frame_ms,0.223,
frame_ms,0.2094,
frame_ms,0.2373,
frame_ms,0.223,
frame_ms,0.3453,
frame_ms,0.2512,
frame_ms,0.2273,
frame_ms,0.2254,
frame_ms,0.2228,
frame_ms,0.221,
frame_ms,0.2205,
frame_ms,0.2487,
tick_us,580.1,4594
frame_ms,1.4385,
frame_ms,0.237,
frame_ms,0.261,
frame_ms,0.3613,
frame_ms,0.2409,
frame_ms,0.2227,
frame_ms,0.2242,
frame_ms,0.2239,
frame_ms,0.2152,
frame_ms,0.2249,
frame_ms,0.2484,
frame_ms,0.2161,
frame_ms,0.2164,
frame_ms,0.2351,
frame_ms,0.2816,
frame_ms,0.2693,
frame_ms,0.2327,
frame_ms,0.2272,
frame_ms,0.2207,
frame_ms,0.2344,
frame_ms,0.2206,
frame_ms,0.3022,
frame_ms,0.2893,
frame_ms,0.2456,
tick_us,576.1,4602
frame_ms,1.4534,
frame_ms,0.2413,
frame_ms,0.6319,
frame_ms,0.3221,
frame_ms,0.324,
frame_ms,0.247,
frame_ms,0.2233,
frame_ms,0.2299,
frame_ms,0.2253,
frame_ms,0.2167,
frame_ms,0.2175,
frame_ms,0.2565,
frame_ms,0.2354,
frame_ms,0.2197,
frame_ms,0.2434,
frame_ms,0.2225,
frame_ms,0.2182,
frame_ms,0.2677,
frame_ms,0.2436,
frame_ms,0.2418,
frame_ms,0.2383,
frame_ms,0.2188,
tick_us,592.8,4626
frame_ms,1.5983,
frame_ms,0.2775,
frame_ms,0.2638,
frame_ms,0.2267,
frame_ms,0.2274,
frame_ms,0.2234,
frame_ms,0.2187,
frame_ms,0.2328,
frame_ms,0.2228,
frame_ms,0.27,
frame_ms,0.2269,
frame_ms,0.2135,
frame_ms,0.2508,
frame_ms,0.2274,
frame_ms,0.2182,
frame_ms,0.2413,
frame_ms,0.2322,
frame_ms,0.2131,
frame_ms,0.2579,
frame_ms,0.2234,
frame_ms,0.2108,
frame_ms,0.2505,
frame_ms,0.225,
frame_ms,0.2113,
tick_us,569.5,4594
frame_ms,1.4468,
frame_ms,0.2539,
frame_ms,0.2162,
frame_ms,0.23,
frame_ms,0.2828,
frame_ms,0.2375,
frame_ms,0.2237,
frame_ms,0.22,
frame_ms,0.2133,
frame_ms,0.2185,
frame_ms,0.2647,
frame_ms,0.2297,
frame_ms,0.2176,
frame_ms,0.2895,
frame_ms,0.2294,
frame_ms,0.2657,
frame_ms,0.2272,
frame_ms,0.2164,
frame_ms,0.2419,
frame_ms,0.2231,
frame_ms,0.2121,
frame_ms,0.2551,
frame_ms,0.2274,
tick_us,553.7,4582
frame_ms,1.5688,
frame_ms,0.2301,
frame_ms,0.2158,
frame_ms,0.22,
frame_ms,0.2166,
frame_ms,0.2131,
frame_ms,0.2704,
frame_ms,0.2282,
frame_ms,0.2702,
frame_ms,0.2294,
frame_ms,0.2384,
frame_ms,0.2147,
frame_ms,0.2164,
frame_ms,0.2408,
frame_ms,0.2229,
frame_ms,0.2147,
frame_ms,0.2456,
frame_ms,0.2136,
frame_ms,0.2082,
frame_ms,0.2393,
frame_ms,0.2229,
frame_ms,0.2125,
frame_ms,0.2774,
frame_ms,0.235,
frame_ms,0.2186,
tick_us,565.9,4568
frame_ms,1.3888,
frame_ms,0.2304,
frame_ms,0.2114,
frame_ms,0.2195,
frame_ms,0.2447,
frame_ms,0.2304,
frame_ms,0.3176,
frame_ms,0.2529,
frame_ms,0.2254,
frame_ms,0.2224,
frame_ms,0.2149,
frame_ms,0.2092,
frame_ms,0.2743,
frame_ms,0.232,
frame_ms,0.2147,
frame_ms,0.2198,
frame_ms,0.2684,
frame_ms,0.2292,
frame_ms,0.2162,
frame_ms,0.2432,
frame_ms,0.2188,
frame_ms,0.2169,
frame_ms,0.2653,
frame_ms,0.2258,
frame_ms,0.2089,
tick_us,554.5,4614
frame_ms,1.4074,
frame_ms,0.2358,
frame_ms,0.2121,
frame_ms,0.2324,
frame_ms,0.2201,
frame_ms,0.209,
frame_ms,0.2445,
frame_ms,0.2205,
frame_ms,0.2174,
frame_ms,0.2665,
frame_ms,0.2286,
frame_ms,0.3137,
frame_ms,0.2598,
frame_ms,0.2402,
frame_ms,0.212,
frame_ms,0.215,
frame_ms,0.2842,
frame_ms,0.2726,
frame_ms,0.253,
frame_ms,0.2508,
frame_ms,0.2522,
frame_ms,0.2457,
frame_ms,0.2538,
frame_ms,0.2477,
tick_us,575.8,4618
frame_ms,1.4288,
frame_ms,0.2587,
frame_ms,0.3229,
frame_ms,0.4188,
frame_ms,0.2116,
frame_ms,0.2154,
frame_ms,0.2145,
frame_ms,0.2483,
frame_ms,0.2702,
frame_ms,0.2755,
frame_ms,0.2364,
frame_ms,0.226,
frame_ms,0.2227,
frame_ms,0.2173,
frame_ms,0.2296,
frame_ms,0.2175,
frame_ms,0.2618,
frame_ms,0.2517,
frame_ms,0.2259,
frame_ms,0.2446,
frame_ms,0.2423,
frame_ms,0.2246,
frame_ms,0.2254,
tick_us,563.6,4668
frame_ms,1.4102,
frame_ms,0.2332,
frame_ms,0.2121,
frame_ms,0.2283,
frame_ms,0.2203,
frame_ms,0.213,
frame_ms,0.2252,
frame_ms,0.2124,
frame_ms,0.2712,
frame_ms,0.2339,
frame_ms,0.2555,
frame_ms,0.2752,
frame_ms,0.2306,
frame_ms,0.224,
frame_ms,0.2171,
frame_ms,0.2162,
frame_ms,0.2176,
frame_ms,0.2713,
frame_ms,0.3239,
frame_ms,0.2387,
frame_ms,0.2279,
frame_ms,0.2247,
frame_ms,0.222,
frame_ms,0.2183,
frame_ms,0.2175,
tick_us,601.1,4654
frame_ms,1.4981,
frame_ms,0.4248,
frame_ms,0.2286,
frame_ms,0.2182,
frame_ms,0.2123,
frame_ms,0.2119,
frame_ms,0.2069,
frame_ms,0.2445,
frame_ms,0.2328,
frame_ms,0.2145,
frame_ms,0.2703,
frame_ms,0.2253,
frame_ms,0.2137,
frame_ms,0.2975,
frame_ms,0.2753,
frame_ms,0.2366,
frame_ms,0.2275,
frame_ms,0.2243,
frame_ms,0.2173,
frame_ms,0.2137,
frame_ms,0.2361,
frame_ms,0.2737,
frame_ms,0.2427,
tick_us,561.7,4628
frame_ms,1.4113,
frame_ms,0.2352,
frame_ms,0.2219,
frame_ms,0.2228,
frame_ms,0.2171,
frame_ms,0.212,
frame_ms,0.2633,
frame_ms,0.2305,
frame_ms,0.2107,
frame_ms,0.2522,
frame_ms,0.223,
frame_ms,0.2121,
frame_ms,0.2661,
frame_ms,0.2617,
frame_ms,0.2326,
frame_ms,0.226,
frame_ms,0.2221,
frame_ms,0.2232,
frame_ms,0.2555,
frame_ms,0.2357,
frame_ms,0.2152,
frame_ms,0.2434,
frame_ms,0.2155,
frame_ms,0.2133,
frame_ms,0.2127,
tick_us,616.2,4612
frame_ms,1.769,
frame_ms,0.2805,
frame_ms,0.2459,
frame_ms,0.2265,
frame_ms,0.2202,
frame_ms,0.2191,
frame_ms,0.2162,
frame_ms,0.2498,
frame_ms,0.2212,
frame_ms,0.2157,
frame_ms,0.2346,
frame_ms,0.2314,
frame_ms,0.2196,
frame_ms,0.2421,
frame_ms,0.2711,
frame_ms,0.2324,
frame_ms,0.2246,
frame_ms,0.2207,
frame_ms,0.2121,
frame_ms,0.2456,
frame_ms,0.2529,
frame_ms,0.2303,
frame_ms,0.2183,
tick_us,558.1,4622
frame_ms,1.4497,
frame_ms,0.3124,
frame_ms,0.2413,
frame_ms,0.2145,
frame_ms,0.2156,
frame_ms,0.215,
frame_ms,0.2102,
frame_ms,0.2601,
frame_ms,0.2549,
frame_ms,0.2283,
frame_ms,0.2182,
frame_ms,0.2134,
frame_ms,0.2294,
frame_ms,0.2151,
frame_ms,0.3741,
frame_ms,0.2521,
frame_ms,0.2279,
frame_ms,0.2131,
frame_ms,0.2623,
frame_ms,0.2231,
frame_ms,0.2117,
frame_ms,0.2712,
frame_ms,0.2282,
frame_ms,0.2129,
tick_us,558.9,4630
frame_ms,1.4151,
frame_ms,0.2364,
frame_ms,0.2127,
frame_ms,0.2668,
frame_ms,0.3109,
frame_ms,0.2331,
frame_ms,0.2185,
frame_ms,0.2192,
frame_ms,0.2118,
frame_ms,0.2358,
frame_ms,0.2527,
frame_ms,0.2304,
frame_ms,0.2207,
frame_ms,0.2127,
frame_ms,0.2652,
frame_ms,0.2244,
frame_ms,0.2137,
frame_ms,0.2542,
frame_ms,0.219,
frame_ms,0.2147,
frame_ms,0.25,
frame_ms,0.2329,
frame_ms,0.2185,
frame_ms,0.2203,
frame_ms,0.2136,
tick_us,561.1,4640
frame_ms,1.4364,
frame_ms,0.2417,
frame_ms,0.2198,
frame_ms,0.2241,
frame_ms,0.2202,
frame_ms,0.2126,
frame_ms,0.2121,
frame_ms,0.2685,
frame_ms,0.2361,
frame_ms,0.2206,
frame_ms,0.2618,
frame_ms,0.2274,
frame_ms,0.2158,
frame_ms,0.2425,
frame_ms,0.2224,
frame_ms,0.216,
frame_ms,0.2958,
frame_ms,0.2526,
frame_ms,0.2201,
frame_ms,0.2181,
frame_ms,0.212,
frame_ms,0.2319,
frame_ms,0.2194,
frame_ms,0.2111,
frame_ms,0.2343,
tick_us,556.8,4636
frame_ms,1.3889,
frame_ms,0.2312,
frame_ms,0.2116,
frame_ms,0.2241,
frame_ms,0.2223,
frame_ms,0.2111,
frame_ms,0.2386,
frame_ms,0.2162,
frame_ms,0.2115,
frame_ms,0.2211,
frame_ms,0.2445,
frame_ms,0.2254,
frame_ms,0.2132,
frame_ms,0.2426,
frame_ms,0.5302,
frame_ms,0.3386,
frame_ms,0.3531,
frame_ms,0.278,
frame_ms,0.2847,
frame_ms,0.2306,
frame_ms,0.2192,
frame_ms,0.2202,
frame_ms,0.2138,
tick_us,618.2,4656
frame_ms,1.4439,
frame_ms,0.2797,
frame_ms,0.3036,
frame_ms,0.3121,
frame_ms,0.2596,
frame_ms,0.2447,
frame_ms,0.2424,
frame_ms,0.2395,
frame_ms,0.2466,
frame_ms,0.2823,
frame_ms,0.4453,
frame_ms,0.2168,
frame_ms,0.2192,
frame_ms,0.2212,
frame_ms,0.2143,
frame_ms,0.2816,
frame_ms,0.2636,
frame_ms,0.2291,
frame_ms,0.2216,
frame_ms,0.2234,
frame_ms,0.2257,
frame_ms,0.221,
tick_us,571.9,4634
frame_ms,1.4705,
frame_ms,0.2502,
frame_ms,0.2167,
frame_ms,0.2293,
frame_ms,0.2265,
frame_ms,0.2156,
frame_ms,0.2142,
frame_ms,0.247,
frame_ms,0.2203,
frame_ms,0.2206,
frame_ms,0.2247,
frame_ms,0.216,
frame_ms,0.2496,
frame_ms,0.2149,
frame_ms,0.2831,
frame_ms,0.4966,
frame_ms,0.3825,
frame_ms,0.5607,
frame_ms,0.323,
frame_ms,0.2559,
frame_ms,0.231,
tick_us,597.7,4600
frame_ms,1.472,
frame_ms,0.2555,
frame_ms,0.2213,
frame_ms,0.2253,
frame_ms,0.2216,
frame_ms,0.2125,
frame_ms,0.2407,
frame_ms,0.2765,
frame_ms,0.4167,
frame_ms,0.3682,
frame_ms,0.347,
frame_ms,0.3419,
frame_ms,0.3341,
frame_ms,0.2884,
frame_ms,0.4204,
frame_ms,0.2775,
frame_ms,0.2395,
frame_ms,0.2183,
frame_ms,0.2302,
frame_ms,0.2219,
frame_ms,0.2152,
tick_us,605,4562
frame_ms,1.6461,
frame_ms,0.2505,
frame_ms,0.2235,
frame_ms,0.2272,
frame_ms,0.2247,
frame_ms,0.2209,
frame_ms,0.2428,
frame_ms,0.2265,
frame_ms,0.2137,
frame_ms,0.261,
frame_ms,0.2219,
frame_ms,0.2166,
frame_ms,0.2306,
frame_ms,0.2536,
frame_ms,0.2307,
frame_ms,0.2144,
frame_ms,0.2776,
frame_ms,0.2299,
frame_ms,0.2178,
frame_ms,0.2945,
frame_ms,0.3034,
frame_ms,0.3133,
frame_ms,0.2527,
tick_us,621.7,4564
frame_ms,1.5203,
frame_ms,0.264,
frame_ms,0.2398,
frame_ms,0.2466,
frame_ms,0.2366,
frame_ms,0.247,
frame_ms,0.2401,
frame_ms,0.2763,
frame_ms,0.2577,
frame_ms,0.228,
frame_ms,0.2295,
frame_ms,0.2265,
frame_ms,0.2241,
frame_ms,0.2309,
frame_ms,0.2245,
frame_ms,0.3513,
frame_ms,0.5093,
frame_ms,0.3593,
frame_ms,0.3479,
frame_ms,0.4249,
tick_us,670.7,4566
frame_ms,1.6664,
frame_ms,0.3664,
frame_ms,0.4063,
frame_ms,0.2885,
frame_ms,0.2553,
frame_ms,0.2155,
frame_ms,0.2224,
frame_ms,0.2227,
frame_ms,0.2143,
frame_ms,0.2162,
frame_ms,0.2551,
frame_ms,0.2352,
frame_ms,0.2219,
frame_ms,0.2163,
frame_ms,0.2712,
frame_ms,0.2474,
frame_ms,0.2198,
frame_ms,0.2119,
frame_ms,0.2398,
frame_ms,0.2241,
frame_ms,0.2177,
frame_ms,0.2393,
tick_us,682.6,4562
frame_ms,1.6405,
frame_ms,0.3224,
frame_ms,0.2979,
frame_ms,0.2557,
frame_ms,0.2154,
frame_ms,0.2275,
frame_ms,0.2181,
frame_ms,0.2135,
frame_ms,0.2283,
frame_ms,0.2144,
frame_ms,0.3162,
frame_ms,0.333,
frame_ms,0.2645,
frame_ms,0.2456,
frame_ms,0.23,
frame_ms,0.2175,
frame_ms,0.2172,
frame_ms,0.218,
frame_ms,0.2267,
frame_ms,0.2516,
frame_ms,0.2226,
frame_ms,0.2161,
frame_ms,0.2453,
tick_us,574.5,4546
frame_ms,1.485,
frame_ms,0.2506,
frame_ms,0.2173,
frame_ms,0.226,
frame_ms,0.2185,
frame_ms,0.21,
frame_ms,0.2544,
frame_ms,0.2254,
frame_ms,0.2214,
frame_ms,0.2877,
frame_ms,0.2435,
frame_ms,0.2173,
frame_ms,0.227,
frame_ms,0.2119,
frame_ms,0.277,
frame_ms,0.2273,
frame_ms,0.2134,
frame_ms,0.2629,
frame_ms,0.2255,
frame_ms,0.207,
frame_ms,0.2703,
frame_ms,0.2258,
frame_ms,0.2075,
frame_ms,0.2473,
tick_us,565.3,4556
frame_ms,1.4116,
frame_ms,0.2389,
frame_ms,0.2296,
frame_ms,0.2197,
frame_ms,0.2201,
frame_ms,0.2139,
frame_ms,0.2167,
frame_ms,0.2686,
frame_ms,0.5078,
frame_ms,0.4001,
frame_ms,0.2543,
frame_ms,0.2697,
frame_ms,0.3167,
frame_ms,0.2382,
frame_ms,0.5266,
frame_ms,0.2819,
frame_ms,0.2333,
frame_ms,0.2385,
frame_ms,0.2289,
frame_ms,0.2258,
frame_ms,0.2182,
tick_us,639.9,4584
frame_ms,1.4954,
frame_ms,0.2439,
frame_ms,0.2247,
frame_ms,0.2316,
frame_ms,0.2336,
frame_ms,0.2228,
frame_ms,0.2196,
frame_ms,0.3047,
frame_ms,0.2989,
frame_ms,0.2518,
frame_ms,0.2315,
frame_ms,0.2326,
frame_ms,0.2255,
frame_ms,0.2158,
frame_ms,0.2272,
frame_ms,0.2512,
frame_ms,0.2186,
frame_ms,0.2319,
frame_ms,0.2625,
frame_ms,0.251,
frame_ms,0.2326,
frame_ms,0.2212,
frame_ms,0.2145,
frame_ms,0.2461,
tick_us,605.5,4626
frame_ms,1.5172,
frame_ms,0.2645,
frame_ms,0.2326,
frame_ms,0.2333,
frame_ms,0.2285,
frame_ms,0.2229,
frame_ms,0.2199,
frame_ms,0.2167,
frame_ms,0.2798,
frame_ms,0.2352,
frame_ms,0.2203,
frame_ms,0.2163,
frame_ms,0.2533,
frame_ms,0.2298,
frame_ms,0.2226,
frame_ms,0.2348,
frame_ms,0.2252,
frame_ms,0.4826,
frame_ms,0.2955,
frame_ms,0.2698,
frame_ms,0.2193,
frame_ms,0.2192,
frame_ms,0.2512,
tick_us,581.9,4616
frame_ms,1.4446,
frame_ms,0.242,
frame_ms,0.2191,
frame_ms,0.2228,
frame_ms,0.2502,
frame_ms,0.2258,
frame_ms,0.242,
frame_ms,0.2423,
frame_ms,0.2153,
frame_ms,0.2111,
frame_ms,0.2581,
frame_ms,0.2207,
frame_ms,0.2155,
frame_ms,0.2255,
frame_ms,0.2567,
frame_ms,0.2207,
frame_ms,0.2136,
frame_ms,0.2403,
frame_ms,0.2239,
frame_ms,0.2236,
frame_ms,0.2252,
frame_ms,0.3102,
frame_ms,0.2222,
frame_ms,0.214,
tick_us,591.8,4594
frame_ms,1.5216,
frame_ms,0.7354,
frame_ms,0.2684,
frame_ms,0.2265,
frame_ms,0.2208,
frame_ms,0.2191,
frame_ms,0.216,
frame_ms,0.2547,
frame_ms,0.2137,
frame_ms,0.2358,
frame_ms,0.2191,
frame_ms,0.2142,
frame_ms,0.2905,
frame_ms,0.3159,
frame_ms,0.2555,
frame_ms,0.2393,
frame_ms,0.2482,
frame_ms,0.2434,
frame_ms,0.2288,
frame_ms,0.2392,
frame_ms,0.2357,
frame_ms,0.2333,
tick_us,654.2,4596
frame_ms,1.6885,
frame_ms,0.4304,
frame_ms,0.2494,
frame_ms,0.2268,
frame_ms,0.2303,
frame_ms,0.2884,
frame_ms,0.2452,
frame_ms,0.2378,
frame_ms,0.2478,
frame_ms,0.233,
frame_ms,0.2308,
frame_ms,0.2271,
frame_ms,0.2217,
frame_ms,0.2431,
frame_ms,0.2227,
frame_ms,0.2193,
frame_ms,0.2386,
frame_ms,0.2411,
frame_ms,0.2338,
frame_ms,0.2258,
frame_ms,0.2459,
frame_ms,0.224,
tick_us,642.6,4626
frame_ms,1.4948,
frame_ms,0.2588,
frame_ms,0.2235,
frame_ms,0.3507,
frame_ms,0.5713,
frame_ms,0.3189,
frame_ms,0.257,
frame_ms,0.2259,
frame_ms,0.2322,
frame_ms,0.225,
frame_ms,0.2171,
frame_ms,0.2201,
frame_ms,0.2468,
frame_ms,0.2488,
frame_ms,0.227,
frame_ms,0.2253,
frame_ms,0.2422,
frame_ms,0.2511,
frame_ms,0.2326,
frame_ms,0.2185,
frame_ms,0.2574,
frame_ms,0.2308,
tick_us,595.1,4690
frame_ms,1.5787,
frame_ms,0.3689,
frame_ms,0.5753,
frame_ms,0.397,
frame_ms,0.4167,
frame_ms,0.3456,
frame_ms,0.3583,
frame_ms,0.2755,
frame_ms,0.2335,
frame_ms,0.2164,
frame_ms,0.2243,
frame_ms,0.222,
frame_ms,0.2126,
frame_ms,0.2314,
frame_ms,0.2257,
frame_ms,0.2114,
frame_ms,0.2509,
frame_ms,0.2314,
frame_ms,0.2148,
frame_ms,0.2594,
tick_us,597.8,4686
frame_ms,1.4454,
frame_ms,0.2328,
frame_ms,0.2275,
frame_ms,0.2232,
frame_ms,0.4668,
frame_ms,0.4143,
frame_ms,0.2974,
frame_ms,0.2632,
frame_ms,0.2433,
frame_ms,0.2257,
frame_ms,0.2231,
frame_ms,0.2302,
frame_ms,0.215,
frame_ms,0.279,
frame_ms,0.27,
frame_ms,0.2351,
frame_ms,0.2309,
frame_ms,0.2212,
frame_ms,0.2137,
frame_ms,0.2165,
frame_ms,0.2668,
frame_ms,0.2282,
tick_us,590.9,4652
frame_ms,1.4385,
frame_ms,0.2417,
frame_ms,0.2324,
frame_ms,0.2227,
frame_ms,0.3684,
frame_ms,0.405,
frame_ms,0.2218,
frame_ms,0.3743,
frame_ms,0.2864,
frame_ms,0.2515,
frame_ms,0.2368,
frame_ms,0.2349,
frame_ms,0.2419,
frame_ms,0.2639,
frame_ms,0.2996,
frame_ms,0.2431,
frame_ms,0.275,
frame_ms,0.2254,
frame_ms,0.2252,
frame_ms,0.2215,
frame_ms,0.2254,
frame_ms,0.2218,
tick_us,584.1,4666
frame_ms,1.4616,
frame_ms,0.2966,
frame_ms,0.2848,
frame_ms,0.2424,
frame_ms,0.2164,
frame_ms,0.4335,
frame_ms,0.2941,
frame_ms,0.2402,
frame_ms,0.2168,
frame_ms,0.2217,
frame_ms,0.224,
frame_ms,0.2139,
frame_ms,0.2269,
frame_ms,0.2137,
frame_ms,0.2732,
frame_ms,0.2312,
frame_ms,0.2158,
frame_ms,0.2648,
frame_ms,0.2322,
frame_ms,0.2226,
frame_ms,0.2133,
frame_ms,0.2674,
frame_ms,0.2331,
tick_us,570.5,4676
frame_ms,1.4253,
frame_ms,0.2402,
frame_ms,0.2138,
frame_ms,0.2197,
frame_ms,0.2145,
frame_ms,0.2157,
frame_ms,0.2396,
frame_ms,0.2269,
frame_ms,0.2135,
frame_ms,0.5193,
frame_ms,0.3564,
frame_ms,0.2255,
frame_ms,0.2145,
frame_ms,0.219,
frame_ms,0.2165,
frame_ms,0.2196,
frame_ms,0.5462,
frame_ms,0.3087,
frame_ms,0.3115,
frame_ms,0.2492,
frame_ms,0.2294,
tick_us,601.3,4666
frame_ms,1.5816,
frame_ms,0.5226,
frame_ms,0.4459,
frame_ms,0.3885,
frame_ms,0.4064,
frame_ms,0.418,
frame_ms,0.2571,
frame_ms,0.2233,
frame_ms,0.2195,
frame_ms,0.2183,
frame_ms,0.2422,
frame_ms,0.226,
frame_ms,0.2319,
frame_ms,0.2222,
frame_ms,0.2721,
frame_ms,0.2308,
frame_ms,0.2139,
frame_ms,0.3225,
frame_ms,0.232,
frame_ms,0.2181,
tick_us,600.4,4670
frame_ms,1.4578,
frame_ms,0.2419,
frame_ms,0.2543,
frame_ms,0.221,
frame_ms,0.2343,
frame_ms,0.2202,
frame_ms,0.2178,
frame_ms,0.2121,
frame_ms,0.2751,
frame_ms,0.3543,
frame_ms,0.4775,
frame_ms,0.2752,
frame_ms,0.2443,
frame_ms,0.2194,
frame_ms,0.2276,
frame_ms,0.2271,
frame_ms,0.2232,
frame_ms,0.2218,
frame_ms,0.3109,
frame_ms,0.2796,
frame_ms,0.3427,
tick_us,671.9,4632
frame_ms,1.6336,
frame_ms,0.3536,
frame_ms,0.235,
frame_ms,0.2232,
frame_ms,0.2232,
frame_ms,0.2231,
frame_ms,0.2146,
frame_ms,0.2333,
frame_ms,0.2376,
frame_ms,0.283,
frame_ms,0.4331,
frame_ms,0.3029,
frame_ms,0.214,
frame_ms,0.2191,
frame_ms,0.2197,
frame_ms,0.212,
frame_ms,0.2283,
frame_ms,0.2318,
frame_ms,0.3599,
frame_ms,0.2997,
frame_ms,0.2352,
frame_ms,0.2178,
tick_us,603.2,4622
frame_ms,1.5035,
frame_ms,0.2908,
frame_ms,0.2349,
frame_ms,0.2144,
frame_ms,0.2212,
frame_ms,0.2171,
frame_ms,0.214,
frame_ms,0.2399,
frame_ms,0.2159,
frame_ms,0.2812,
frame_ms,0.2733,
frame_ms,0.2323,
frame_ms,0.4703,
frame_ms,0.394,
frame_ms,0.2999,
frame_ms,0.2442,
frame_ms,0.2184,
frame_ms,0.225,
frame_ms,0.2224,
frame_ms,0.2252,
frame_ms,0.2177,
frame_ms,0.2731,
tick_us,578.4,4650
frame_ms,1.4586,
frame_ms,0.2791,
frame_ms,0.2242,
frame_ms,0.2244,
frame_ms,0.2239,
frame_ms,0.2227,
frame_ms,0.2182,
frame_ms,0.2545,
frame_ms,0.2154,
frame_ms,0.2168,
frame_ms,0.2396,
frame_ms,0.2176,
frame_ms,0.2575,
frame_ms,0.3691,
frame_ms,0.3422,
frame_ms,0.2206,
frame_ms,0.2153,
frame_ms,0.2163,
frame_ms,0.2126,
frame_ms,0.2169,
frame_ms,0.2908,
frame_ms,0.2336,
frame_ms,0.2233,
frame_ms,0.2193,
tick_us,582.2,4608
frame_ms,1.4493,
frame_ms,0.2384,
frame_ms,0.2154,
frame_ms,0.2318,
frame_ms,0.2214,
frame_ms,0.2128,
frame_ms,0.2343,
frame_ms,0.216,
frame_ms,0.2099,
frame_ms,0.2254,
frame_ms,0.2178,
frame_ms,0.2147,
frame_ms,0.2679,
frame_ms,0.2176,
frame_ms,0.2124,
frame_ms,0.3974,
frame_ms,0.3255,
frame_ms,0.2342,
frame_ms,0.2229,
frame_ms,0.2237,
frame_ms,0.2157,
frame_ms,0.2318,
frame_ms,0.2133,
frame_ms,0.2766,
tick_us,565,4622
frame_ms,1.4362,
frame_ms,0.2558,
frame_ms,0.2322,
frame_ms,0.2234,
frame_ms,0.2246,
frame_ms,0.225,
frame_ms,0.2176,
frame_ms,0.287,
frame_ms,0.2827,
frame_ms,0.2232,
frame_ms,0.2277,
frame_ms,0.2113,
frame_ms,0.2223,
frame_ms,0.2095,
frame_ms,0.5647,
frame_ms,0.3309,
frame_ms,0.2343,
frame_ms,0.2104,
frame_ms,0.2142,
frame_ms,0.2277,
frame_ms,0.2099,
frame_ms,0.2366,
frame_ms,0.2258,
tick_us,581.3,4632
frame_ms,1.4163,
frame_ms,0.2407,
frame_ms,0.2168,
frame_ms,0.2581,
frame_ms,0.2396,
frame_ms,0.2289,
frame_ms,0.2383,
frame_ms,0.2113,
frame_ms,0.2135,
frame_ms,0.2366,
frame_ms,0.2308,
frame_ms,0.2133,
frame_ms,0.2126,
frame_ms,0.2673,
frame_ms,0.2295,
frame_ms,0.2157,
frame_ms,0.2081,
frame_ms,0.2448,
frame_ms,0.413,
frame_ms,0.3249,
frame_ms,0.2457,
frame_ms,0.2367,
frame_ms,0.2395,
frame_ms,0.2301,
tick_us,602.9,4618
frame_ms,1.4624,
frame_ms,0.2443,
frame_ms,0.3314,
frame_ms,0.5821,
frame_ms,0.495,
frame_ms,0.4478,
frame_ms,0.4829,
frame_ms,0.4789,
frame_ms,0.2813,
frame_ms,0.2468,
frame_ms,0.3773,
frame_ms,0.3475,
frame_ms,0.2486,
frame_ms,0.2223,
frame_ms,0.227,
frame_ms,0.2253,
frame_ms,0.2241,
tick_us,616,4634
frame_ms,1.4742,
frame_ms,0.2462,
frame_ms,0.2219,
frame_ms,0.2207,
frame_ms,0.2273,
frame_ms,0.2276,
frame_ms,0.2543,
frame_ms,0.2321,
frame_ms,0.22,
frame_ms,0.2565,
frame_ms,0.2297,
frame_ms,0.2186,
frame_ms,0.2214,
frame_ms,0.2204,
frame_ms,0.2192,
frame_ms,0.2335,
frame_ms,0.2179,
frame_ms,0.2759,
frame_ms,0.2339,
frame_ms,0.2408,
frame_ms,0.2707,
frame_ms,0.236,
frame_ms,0.2252,
frame_ms,0.2181,
frame_ms,0.2144,
tick_us,573.2,4600
frame_ms,1.4441,
frame_ms,0.2614,
frame_ms,0.2426,
frame_ms,0.2366,
frame_ms,0.2251,
frame_ms,0.2194,
frame_ms,0.2152,
frame_ms,0.2133,
frame_ms,0.2725,
frame_ms,0.2304,
frame_ms,0.2183,
frame_ms,0.2317,
frame_ms,0.2148,
frame_ms,0.2794,
frame_ms,0.2759,
frame_ms,0.2272,
frame_ms,0.2213,
frame_ms,0.2836,
frame_ms,0.2295,
frame_ms,0.2173,
frame_ms,0.229,
frame_ms,0.3952,
tick_us,612.7,4596
frame_ms,1.9135,
frame_ms,0.2681,
frame_ms,0.2263,
frame_ms,0.2179,
frame_ms,0.2172,
frame_ms,0.2181,
frame_ms,0.258,
frame_ms,0.2824,
frame_ms,0.2716,
frame_ms,0.2359,
frame_ms,0.2262,
frame_ms,0.2366,
frame_ms,0.2299,
frame_ms,0.2248,
frame_ms,0.216,
frame_ms,0.2485,
frame_ms,0.2223,
frame_ms,0.2757,
frame_ms,0.2621,
frame_ms,0.2334,
frame_ms,0.2276,
frame_ms,0.2213,
frame_ms,0.2706,
tick_us,566.9,4588
frame_ms,1.4484,
frame_ms,0.26,
frame_ms,0.2217,
frame_ms,0.2243,
frame_ms,0.2185,
frame_ms,0.2137,
frame_ms,0.2205,
frame_ms,0.2527,
frame_ms,0.2318,
frame_ms,0.2116,
frame_ms,0.2697,
frame_ms,0.2324,
frame_ms,0.2179,
frame_ms,0.2439,
frame_ms,0.2277,
frame_ms,0.2093,
frame_ms,0.2542,
frame_ms,0.2218,
frame_ms,0.2086,
frame_ms,0.2719,
frame_ms,0.2297,
frame_ms,0.214,
frame_ms,0.2567,
frame_ms,0.3079,
tick_us,572.5,4586
frame_ms,1.4141,
frame_ms,0.3912,
frame_ms,0.2757,
frame_ms,0.2396,
frame_ms,0.2289,
frame_ms,0.2245,
frame_ms,0.2148,
frame_ms,0.2115,
frame_ms,0.2368,
frame_ms,0.2171,
frame_ms,0.2114,
frame_ms,0.224,
frame_ms,0.2124,
frame_ms,0.2013,
frame_ms,0.2508,
frame_ms,0.223,
frame_ms,0.2061,
frame_ms,0.2215,
frame_ms,0.2181,
frame_ms,0.2029,
frame_ms,0.2571,
frame_ms,0.2893,
frame_ms,0.2263,
frame_ms,0.2179,
frame_ms,0.2065,
tick_us,577,4544
frame_ms,1.4412,
frame_ms,0.2327,
frame_ms,0.2114,
frame_ms,0.2286,
frame_ms,0.2234,
frame_ms,0.212,
frame_ms,0.2266,
frame_ms,0.2134,
frame_ms,0.2845,
frame_ms,0.2404,
frame_ms,0.2457,
frame_ms,0.2141,
frame_ms,0.2543,
frame_ms,0.2258,
frame_ms,0.2106,
frame_ms,0.2691,
frame_ms,0.2233,
frame_ms,0.2121,
frame_ms,0.2703,
frame_ms,0.2254,
frame_ms,0.2178,
frame_ms,0.2166,
frame_ms,0.268,
frame_ms,0.2345,
frame_ms,0.2112,
tick_us,565.2,4494
frame_ms,1.4567,
frame_ms,0.2414,
frame_ms,0.2135,
frame_ms,0.2252,
frame_ms,0.2197,
frame_ms,0.2115,
frame_ms,0.243,
frame_ms,0.22,
frame_ms,0.5267,
frame_ms,0.4429,
frame_ms,0.2577,
frame_ms,0.2228,
frame_ms,0.2249,
frame_ms,0.228,
frame_ms,0.2268,
frame_ms,0.2214,
frame_ms,0.265,
frame_ms,0.2693,
frame_ms,0.2315,
frame_ms,0.2195,
frame_ms,0.2151,
frame_ms,0.2309,
tick_us,566.6,4452
frame_ms,1.4308,
frame_ms,0.2405,
frame_ms,0.2139,
frame_ms,0.2357,
frame_ms,0.2212,
frame_ms,0.2177,
frame_ms,0.2115,
frame_ms,0.2409,
frame_ms,0.223,
frame_ms,0.2147,
frame_ms,0.2529,
frame_ms,0.2277,
frame_ms,0.212,
frame_ms,0.2673,
frame_ms,0.2283,
frame_ms,0.2125,
frame_ms,0.2648,
frame_ms,0.2249,
frame_ms,0.2086,
frame_ms,0.252,
frame_ms,0.22,
frame_ms,0.2114,
frame_ms,0.2719,
frame_ms,0.244,
frame_ms,0.2218,
tick_us,557.9,4430
frame_ms,1.412,
frame_ms,0.2353,
frame_ms,0.2146,
frame_ms,0.2157,
frame_ms,0.2187,
frame_ms,0.2141,
frame_ms,0.2528,
frame_ms,0.2319,
frame_ms,0.2168,
frame_ms,0.2961,
frame_ms,0.277,
frame_ms,0.2401,
frame_ms,0.2333,
frame_ms,0.3773,
frame_ms,0.2867,
frame_ms,0.2446,
frame_ms,0.2138,
frame_ms,0.2206,
frame_ms,0.216,
frame_ms,0.2159,
frame_ms,0.2516,
frame_ms,0.2281,
frame_ms,0.2195,
frame_ms,0.2666,
tick_us,569,4440
frame_ms,1.4064,
frame_ms,0.2325,
frame_ms,0.2235,
frame_ms,0.222,
frame_ms,0.2178,
frame_ms,0.2201,
frame_ms,0.2221,
frame_ms,0.2531,
frame_ms,0.2325,
frame_ms,0.2144,
frame_ms,0.2608,
frame_ms,0.2346,
frame_ms,0.2144,
frame_ms,0.2594,
frame_ms,0.231,
frame_ms,0.2187,
frame_ms,0.2319,
frame_ms,0.2091,
frame_ms,0.2401,
frame_ms,0.2265,
frame_ms,0.2161,
frame_ms,0.2674,
frame_ms,0.2417,
frame_ms,0.2195,
frame_ms,0.2271,
tick_us,556.2,4432
frame_ms,1.3803,
frame_ms,0.2366,
frame_ms,0.209,
frame_ms,0.2234,
frame_ms,0.2229,
frame_ms,0.2189,
frame_ms,0.258,
frame_ms,0.2971,
frame_ms,0.2296,
frame_ms,0.2178,
frame_ms,0.2128,
frame_ms,0.2132,
frame_ms,0.2518,
frame_ms,0.2266,
frame_ms,0.2141,
frame_ms,0.2659,
frame_ms,0.2363,
frame_ms,0.2142,
frame_ms,0.2555,
frame_ms,0.2374,
frame_ms,0.2137,
frame_ms,0.5271,
frame_ms,0.2829,
tick_us,573.6,4422
frame_ms,1.4375,
frame_ms,0.2345,
frame_ms,0.2155,
frame_ms,0.2249,
frame_ms,0.2187,
frame_ms,0.2168,
frame_ms,0.2189,
frame_ms,0.2622,
frame_ms,0.2299,
frame_ms,0.2157,
frame_ms,0.2848,
frame_ms,0.2854,
frame_ms,0.239,
frame_ms,0.2374,
frame_ms,0.2297,
frame_ms,0.2249,
frame_ms,0.2269,
frame_ms,0.2207,
frame_ms,0.2787,
frame_ms,0.2932,
frame_ms,0.2526,
frame_ms,0.2403,
frame_ms,0.2221,
frame_ms,0.2136,
tick_us,574.7,4446
frame_ms,1.478,
frame_ms,0.3161,
frame_ms,0.228,
frame_ms,0.2231,
frame_ms,0.2211,
frame_ms,0.2119,
frame_ms,0.2613,
frame_ms,0.2348,
frame_ms,0.22,
frame_ms,0.2578,
frame_ms,0.2394,
frame_ms,0.2177,
frame_ms,0.2375,
frame_ms,0.2605,
frame_ms,0.2201,
frame_ms,0.3757,
frame_ms,0.2515,
frame_ms,0.2313,
frame_ms,0.2309,
frame_ms,0.2211,
frame_ms,0.2187,
frame_ms,0.3015,
frame_ms,0.3013,
tick_us,571.4,4466
frame_ms,1.4772,
frame_ms,0.3783,
frame_ms,0.3195,
frame_ms,0.2431,
frame_ms,0.2208,
frame_ms,0.2236,
frame_ms,0.2234,
frame_ms,0.2277,
frame_ms,0.2185,
frame_ms,0.3108,
frame_ms,0.3032,
frame_ms,0.2568,
frame_ms,0.2298,
frame_ms,0.227,
frame_ms,0.2193,
frame_ms,0.2171,
frame_ms,0.2489,
frame_ms,0.2188,
frame_ms,0.2172,
frame_ms,0.2596,
frame_ms,0.2158,
frame_ms,0.2785,
frame_ms,0.2558,
tick_us,568.9,4526
frame_ms,1.4111,
frame_ms,0.2392,
frame_ms,0.2193,
frame_ms,0.2218,
frame_ms,0.2227,
frame_ms,0.2169,
frame_ms,0.2206,
frame_ms,0.2171,
frame_ms,0.2853,
frame_ms,0.2934,
frame_ms,0.2336,
frame_ms,0.2272,
frame_ms,0.2201,
frame_ms,0.2087,
frame_ms,0.2555,
frame_ms,0.2197,
frame_ms,0.2202,
frame_ms,0.2656,
frame_ms,0.3024,
frame_ms,0.2287,
frame_ms,0.2181,
frame_ms,0.2139,
frame_ms,0.2362,
frame_ms,0.2305,
frame_ms,0.2141,
tick_us,566.9,4538
frame_ms,1.4495,
frame_ms,0.2385,
frame_ms,0.2137,
frame_ms,0.3077,
frame_ms,0.3872,
frame_ms,0.2802,
frame_ms,0.2387,
frame_ms,0.2229,
frame_ms,0.2215,
frame_ms,0.2179,
frame_ms,0.2243,
frame_ms,0.2229,
frame_ms,0.2312,
frame_ms,0.2243,
frame_ms,0.2792,
frame_ms,0.2349,
frame_ms,0.2136,
frame_ms,0.2862,
frame_ms,0.2703,
frame_ms,0.2358,
frame_ms,0.2246,
frame_ms,0.2234,
frame_ms,0.2149,
tick_us,591,4508
frame_ms,1.4145,
frame_ms,0.2389,
frame_ms,0.2166,
frame_ms,0.2216,
frame_ms,0.528,
frame_ms,0.3952,
frame_ms,0.2347,
frame_ms,0.2137,
frame_ms,0.2203,
frame_ms,0.2124,
frame_ms,0.2148,
frame_ms,0.26,
frame_ms,0.2325,
frame_ms,0.2327,
frame_ms,0.2141,
frame_ms,0.2646,
frame_ms,0.2308,
frame_ms,0.2142,
frame_ms,0.263,
frame_ms,0.2438,
frame_ms,0.2224,
frame_ms,0.2155,
frame_ms,0.2647,
tick_us,577.8,4498
frame_ms,1.4256,
frame_ms,0.2355,
frame_ms,0.2237,
frame_ms,0.2221,
frame_ms,0.2473,
frame_ms,0.4814,
frame_ms,0.3519,
frame_ms,0.2694,
frame_ms,0.229,
frame_ms,0.2215,
frame_ms,0.2996,
frame_ms,0.2709,
frame_ms,0.2698,
frame_ms,0.2241,
frame_ms,0.221,
frame_ms,0.2113,
frame_ms,0.2133,
frame_ms,0.2745,
frame_ms,0.2332,
frame_ms,0.2157,
frame_ms,0.2137,
frame_ms,0.2757,
tick_us,583,4472
frame_ms,1.4347,
frame_ms,0.2909,
frame_ms,0.2806,
frame_ms,0.2757,
frame_ms,0.2168,
frame_ms,0.2238,
frame_ms,0.519,
frame_ms,0.3562,
frame_ms,0.2489,
frame_ms,0.2223,
frame_ms,0.2326,
frame_ms,0.2322,
frame_ms,0.221,
frame_ms,0.2349,
frame_ms,0.2391,
frame_ms,0.2261,
frame_ms,0.2189,
frame_ms,0.3093,
frame_ms,0.2807,
frame_ms,0.235,
frame_ms,0.2256,
frame_ms,0.2229,
tick_us,676.3,4476
frame_ms,1.4968,
frame_ms,0.251,
frame_ms,0.2214,
frame_ms,0.2243,
frame_ms,0.2171,
frame_ms,0.2147,
frame_ms,0.2568,
frame_ms,0.4601,
frame_ms,0.4182,
frame_ms,0.2829,
frame_ms,0.2282,
frame_ms,0.2223,
frame_ms,0.2237,
frame_ms,0.2333,
frame_ms,0.2199,
frame_ms,0.2139,
frame_ms,0.2584,
frame_ms,0.2366,
frame_ms,0.285,
frame_ms,0.243,
frame_ms,0.2275,
frame_ms,0.2186,
frame_ms,0.2164,
tick_us,578.1,4482
frame_ms,1.4958,
frame_ms,0.3053,
frame_ms,0.2501,
frame_ms,0.2172,
frame_ms,0.2312,
frame_ms,0.225,
frame_ms,0.222,
frame_ms,0.2157,
frame_ms,0.224,
frame_ms,0.352,
frame_ms,0.365,
frame_ms,0.2598,
frame_ms,0.2246,
frame_ms,0.2214,
frame_ms,0.227,
frame_ms,0.2174,
frame_ms,0.2307,
frame_ms,0.2646,
frame_ms,0.2367,
frame_ms,0.2201,
frame_ms,0.2397,
frame_ms,0.2136,
frame_ms,0.2381,
tick_us,566.8,4510
frame_ms,1.4012,
frame_ms,0.2479,
frame_ms,0.2172,
frame_ms,0.2238,
frame_ms,0.2209,
frame_ms,0.2169,
frame_ms,0.2283,
frame_ms,0.2302,
frame_ms,0.3563,
frame_ms,0.4741,
frame_ms,0.2738,
frame_ms,0.2233,
frame_ms,0.2252,
frame_ms,0.2327,
frame_ms,0.2223,
frame_ms,0.2216,
frame_ms,0.2389,
frame_ms,0.2287,
frame_ms,0.2377,
frame_ms,0.2248,
frame_ms,0.2151,
frame_ms,0.2247,
frame_ms,0.2143,
frame_ms,0.2384,
tick_us,600.9,4502
frame_ms,1.4736,
frame_ms,0.3202,
frame_ms,0.2604,
frame_ms,0.2536,
frame_ms,0.2719,
frame_ms,0.2563,
frame_ms,0.2445,
frame_ms,0.2406,
frame_ms,0.3832,
frame_ms,0.4095,
frame_ms,0.2681,
frame_ms,0.2213,
frame_ms,0.2263,
frame_ms,0.2253,
frame_ms,0.2245,
frame_ms,0.2242,
frame_ms,0.2283,
frame_ms,0.2326,
frame_ms,0.2427,
frame_ms,0.2222,
frame_ms,0.2343,
frame_ms,0.2439,
tick_us,562.9,4538
frame_ms,1.4328,
frame_ms,0.2471,
frame_ms,0.2265,
frame_ms,0.2215,
frame_ms,0.2196,
frame_ms,0.2202,
frame_ms,0.2463,
frame_ms,0.2378,
frame_ms,0.2118,
frame_ms,0.3343,
frame_ms,0.2727,
frame_ms,0.2272,
frame_ms,0.4019,
frame_ms,0.6282,
frame_ms,0.2963,
frame_ms,0.2257,
frame_ms,0.2215,
frame_ms,0.2223,
frame_ms,0.2172,
frame_ms,0.229,
frame_ms,0.2692,
tick_us,567.1,4542
frame_ms,1.4291,
frame_ms,0.2346,
frame_ms,0.2231,
frame_ms,0.2263,
frame_ms,0.2218,
frame_ms,0.2327,
frame_ms,0.2195,
frame_ms,0.3766,
frame_ms,0.2558,
frame_ms,0.246,
frame_ms,0.229,
frame_ms,0.2204,
frame_ms,0.4397,
frame_ms,0.3293,
frame_ms,0.3481,
frame_ms,0.2226,
frame_ms,0.2234,
frame_ms,0.229,
frame_ms,0.2228,
frame_ms,0.2191,
frame_ms,0.2724,
frame_ms,0.2458,
frame_ms,0.2313,
tick_us,578.1,4530
frame_ms,1.4519,
frame_ms,0.2468,
frame_ms,0.2276,
frame_ms,0.2284,
frame_ms,0.2266,
frame_ms,0.2161,
frame_ms,0.2168,
frame_ms,0.241,
frame_ms,0.2354,
frame_ms,0.2172,
frame_ms,0.2192,
frame_ms,0.2617,
frame_ms,0.2307,
frame_ms,0.4505,
frame_ms,0.3582,
frame_ms,0.2484,
frame_ms,0.2236,
frame_ms,0.2295,
frame_ms,0.2278,
frame_ms,0.2311,
frame_ms,0.4278,
frame_ms,0.3477,
tick_us,590,4564
frame_ms,1.575,
frame_ms,0.5673,
frame_ms,0.5721,
frame_ms,0.522,
frame_ms,0.5636,
frame_ms,0.3312,
frame_ms,0.3206,
frame_ms,0.3194,
frame_ms,0.2462,
frame_ms,0.4925,
frame_ms,0.3392,
frame_ms,0.3261,
frame_ms,0.2383,
frame_ms,0.3061,
tick_us,617.6,4560
frame_ms,1.5365,
frame_ms,0.2608,
frame_ms,0.273,
frame_ms,0.2252,
frame_ms,0.283,
frame_ms,0.2407,
frame_ms,0.2374,
frame_ms,0.2266,
frame_ms,0.236,
frame_ms,0.2277,
frame_ms,0.224,
frame_ms,0.2226,
frame_ms,0.2509,
frame_ms,0.2252,
frame_ms,0.4355,
frame_ms,0.5249,
frame_ms,0.2757,
frame_ms,0.2438,
frame_ms,0.2228,
frame_ms,0.228,
frame_ms,0.224,
frame_ms,0.2239,
tick_us,606.7,4540
frame_ms,1.4539,
frame_ms,0.2408,
frame_ms,0.2183,
frame_ms,0.2251,
frame_ms,0.2445,
frame_ms,0.2222,
frame_ms,0.2162,
frame_ms,0.2283,
frame_ms,0.2157,
frame_ms,0.3085,
frame_ms,0.3034,
frame_ms,0.2553,
frame_ms,0.2314,
frame_ms,0.2269,
frame_ms,0.2259,
frame_ms,0.2234,
frame_ms,0.2293,
frame_ms,0.4675,
frame_ms,0.3277,
frame_ms,0.2487,
frame_ms,0.2742,
frame_ms,0.3223,
tick_us,586.4,4528
frame_ms,1.5583,
frame_ms,0.3551,
frame_ms,0.2433,
frame_ms,0.2328,
frame_ms,0.2277,
frame_ms,0.2246,
frame_ms,0.2213,
frame_ms,0.2407,
frame_ms,0.2229,
frame_ms,0.2478,
frame_ms,0.233,
frame_ms,0.2164,
frame_ms,0.2392,
frame_ms,0.2278,
frame_ms,0.2136,
frame_ms,0.2555,
frame_ms,0.2319,
frame_ms,0.4331,
frame_ms,0.2566,
frame_ms,0.2203,
frame_ms,0.2248,
frame_ms,0.2099,
frame_ms,0.2129,
tick_us,579.7,4554
frame_ms,1.4539,
frame_ms,0.2559,
frame_ms,0.2185,
frame_ms,0.2345,
frame_ms,0.2257,
frame_ms,0.2153,
frame_ms,0.2109,
frame_ms,0.2451,
frame_ms,0.2176,
frame_ms,0.213,
frame_ms,0.2777,
frame_ms,0.229,
frame_ms,0.2106,
frame_ms,0.2357,
frame_ms,0.2305,
frame_ms,0.213,
frame_ms,0.2245,
frame_ms,0.2696,
frame_ms,0.2329,
frame_ms,0.2133,
frame_ms,0.2569,
frame_ms,0.4287,
frame_ms,0.3719,
frame_ms,0.2517,
tick_us,574.9,4564
frame_ms,1.4533,
frame_ms,0.3032,
frame_ms,0.2896,
frame_ms,0.2371,
frame_ms,0.23,
frame_ms,0.2319,
frame_ms,0.2253,
frame_ms,0.2471,
frame_ms,0.3499,
frame_ms,0.2566,
frame_ms,0.2314,
frame_ms,0.2327,
frame_ms,0.2458,
frame_ms,0.2201,
frame_ms,0.2456,
frame_ms,0.2222,
frame_ms,0.2185,
frame_ms,0.4077,
frame_ms,0.471,
frame_ms,0.283,
frame_ms,0.2307,
tick_us,580.8,4564
frame_ms,1.443,
frame_ms,0.2584,
frame_ms,0.2196,
frame_ms,0.2234,
frame_ms,0.2136,
frame_ms,0.2232,
frame_ms,0.2487,
frame_ms,0.2273,
frame_ms,0.2229,
frame_ms,0.2806,
frame_ms,0.2497,
frame_ms,0.2261,
frame_ms,0.2211,
frame_ms,0.2137,
frame_ms,0.239,
frame_ms,0.2244,
frame_ms,0.213,
frame_ms,0.2711,
frame_ms,0.2394,
frame_ms,0.2131,
frame_ms,0.2628,
frame_ms,0.5582,
tick_us,577.9,4544
frame_ms,1.6016,
frame_ms,0.2453,
frame_ms,0.2324,
frame_ms,0.2238,
frame_ms,0.2357,
frame_ms,0.2267,
frame_ms,0.2235,
frame_ms,0.3156,
frame_ms,0.2602,
frame_ms,0.2406,
frame_ms,0.2309,
frame_ms,0.2551,
frame_ms,0.2262,
frame_ms,0.2167,
frame_ms,0.2182,
frame_ms,0.254,
frame_ms,0.2905,
frame_ms,0.3009,
frame_ms,0.2586,
frame_ms,0.2342,
frame_ms,0.2275,
frame_ms,0.2208,
frame_ms,0.4344,
tick_us,592.4,4532
frame_ms,1.5663,
frame_ms,0.2646,
frame_ms,0.299,
frame_ms,0.2505,
frame_ms,0.2376,
frame_ms,0.2433,
frame_ms,0.2475,
frame_ms,0.2449,
frame_ms,0.2493,
frame_ms,0.2661,
frame_ms,0.39,
frame_ms,0.276,
frame_ms,0.2508,
frame_ms,0.2474,
frame_ms,0.244,
frame_ms,0.249,
frame_ms,0.3071,
frame_ms,0.4263,
frame_ms,0.2229,
frame_ms,0.2194,
frame_ms,0.2248,
tick_us,597.1,4540
frame_ms,1.4402,
frame_ms,0.2472,
frame_ms,0.2324,
frame_ms,0.4502,
frame_ms,0.39,
frame_ms,0.3552,
frame_ms,0.3916,
frame_ms,0.3755,
frame_ms,0.468,
frame_ms,0.7312,
frame_ms,0.5702,
frame_ms,0.4583,
frame_ms,0.488,
frame_ms,0.4341,
tick_us,621,4514
frame_ms,1.506,
frame_ms,0.261,
frame_ms,0.2292,
frame_ms,0.3674,
frame_ms,0.34,
frame_ms,0.2465,
frame_ms,0.3745,
frame_ms,0.2494,
frame_ms,0.2207,
frame_ms,0.2331,
frame_ms,0.2246,
frame_ms,0.2253,
frame_ms,0.2259,
frame_ms,0.2264,
frame_ms,0.2487,
frame_ms,0.3292,
frame_ms,0.4244,
frame_ms,0.5853,
frame_ms,0.2429,
frame_ms,0.2167,
tick_us,617.5,4508
frame_ms,1.4637,
frame_ms,0.25,
frame_ms,0.2262,
frame_ms,0.2293,
frame_ms,0.2248,
frame_ms,0.2226,
frame_ms,0.248,
frame_ms,0.3568,
frame_ms,0.2338,
frame_ms,0.2281,
frame_ms,0.2186,
frame_ms,0.2395,
frame_ms,0.2189,
frame_ms,0.2952,
frame_ms,0.2821,
frame_ms,0.238,
frame_ms,0.229,
frame_ms,0.6364,
frame_ms,0.7426,
tick_us,615.3,4492
frame_ms,1.5356,
frame_ms,0.2447,
frame_ms,0.2297,
frame_ms,0.2227,
frame_ms,0.2247,
frame_ms,0.222,
frame_ms,0.2247,
frame_ms,0.236,
frame_ms,0.2145,
frame_ms,0.2609,
frame_ms,0.2371,
frame_ms,0.2187,
frame_ms,0.2389,
frame_ms,0.2222,
frame_ms,0.2542,
frame_ms,0.2483,
frame_ms,0.2146,
frame_ms,0.2365,
frame_ms,0.2248,
frame_ms,0.2131,
frame_ms,0.2681,
frame_ms,0.2329,
frame_ms,0.4461,
tick_us,867.7,4530
frame_ms,1.7756,
frame_ms,0.3421,
frame_ms,0.2532,
frame_ms,0.2136,
frame_ms,0.2145,
frame_ms,0.2132,
frame_ms,0.2289,
frame_ms,0.2167,
frame_ms,0.2701,
frame_ms,0.2291,
frame_ms,0.2094,
frame_ms,0.2487,
frame_ms,0.2283,
frame_ms,0.2149,
frame_ms,0.2202,
frame_ms,0.3057,
frame_ms,0.2877,
frame_ms,0.2667,
frame_ms,0.2479,
frame_ms,0.2539,
frame_ms,0.2485,
frame_ms,0.2462,
frame_ms,0.2461,
tick_us,631.5,4548
frame_ms,1.5893,
frame_ms,0.2537,
frame_ms,0.2317,
frame_ms,0.2327,
frame_ms,0.2225,
frame_ms,0.2214,
frame_ms,0.2144,
frame_ms,0.2253,
frame_ms,0.2393,
frame_ms,0.2219,
frame_ms,0.2363,
frame_ms,0.2272,
frame_ms,0.2183,
frame_ms,0.2438,
frame_ms,0.2228,
frame_ms,0.217,
frame_ms,0.2362,
frame_ms,0.2139,
frame_ms,0.2797,
frame_ms,0.2505,
frame_ms,0.2764,
frame_ms,0.2321,
frame_ms,0.2221,
tick_us,604.3,4560
frame_ms,1.6485,
frame_ms,0.27,
frame_ms,0.2303,
frame_ms,0.228,
frame_ms,0.2257,
frame_ms,0.2283,
frame_ms,0.2235,
frame_ms,0.2174,
frame_ms,0.2774,
frame_ms,0.2393,
frame_ms,0.2448,
frame_ms,0.2378,
frame_ms,0.24,
frame_ms,0.287,
frame_ms,0.2352,
frame_ms,0.2339,
frame_ms,0.2254,
frame_ms,0.2243,
frame_ms,0.2657,
frame_ms,0.2367,
frame_ms,0.219,
frame_ms,0.2369,
frame_ms,0.2192,
frame_ms,0.213,
tick_us,603.7,4586
frame_ms,1.5831,
frame_ms,0.6912,
frame_ms,0.34,
frame_ms,0.287,
frame_ms,0.2998,
frame_ms,0.254,
frame_ms,0.2357,
frame_ms,0.2359,
frame_ms,0.2386,
frame_ms,0.2437,
frame_ms,0.2978,
frame_ms,0.2658,
frame_ms,0.2419,
frame_ms,0.239,
frame_ms,0.237,
frame_ms,0.2269,
frame_ms,0.493,
frame_ms,0.3508,
tick_us,662,4608
frame_ms,1.7513,
frame_ms,0.2901,
frame_ms,0.4962,
frame_ms,0.4006,
frame_ms,0.3741,
frame_ms,0.3722,
frame_ms,0.2518,
frame_ms,0.2205,
frame_ms,0.2204,
frame_ms,0.2213,
frame_ms,0.2178,
frame_ms,0.2155,
frame_ms,0.2698,
frame_ms,0.2329,
frame_ms,0.2173,
frame_ms,0.2324,
frame_ms,0.2234,
frame_ms,0.2215,
frame_ms,0.2553,
frame_ms,0.2345,
frame_ms,0.2254,
tick_us,588.9,4542
frame_ms,1.4541,
frame_ms,0.2395,
frame_ms,0.3844,
frame_ms,0.3285,
frame_ms,0.2857,
frame_ms,0.2534,
frame_ms,0.229,
frame_ms,0.2318,
frame_ms,0.2301,
frame_ms,0.428,
frame_ms,0.2436,
frame_ms,0.2207,
frame_ms,0.2227,
frame_ms,0.2196,
frame_ms,0.2161,
frame_ms,0.2272,
frame_ms,0.2227,
frame_ms,0.2608,
frame_ms,0.233,
frame_ms,0.2205,
frame_ms,0.2165,
frame_ms,0.2961,
tick_us,589.1,4536
frame_ms,1.4317,
frame_ms,0.2533,
frame_ms,0.2362,
frame_ms,0.221,
frame_ms,0.2254,
frame_ms,0.2176,
frame_ms,0.2242,
frame_ms,0.2196,
frame_ms,0.216,
frame_ms,0.3785,
frame_ms,0.2441,
frame_ms,0.2211,
frame_ms,0.2656,
frame_ms,0.228,
frame_ms,0.2482,
frame_ms,0.2227,
frame_ms,0.2465,
frame_ms,0.2294,
frame_ms,0.2133,
frame_ms,0.2771,
frame_ms,0.2339,
frame_ms,0.2168,
frame_ms,0.2418,
frame_ms,0.2256,
tick_us,574.5,4528
frame_ms,1.3988,
frame_ms,0.2452,
frame_ms,0.2167,
frame_ms,0.2231,
frame_ms,0.2145,
frame_ms,0.4622,
frame_ms,0.4165,
frame_ms,0.4866,
frame_ms,0.2937,
frame_ms,0.2464,
frame_ms,0.2384,
frame_ms,0.2265,
frame_ms,0.2231,
frame_ms,0.2153,
frame_ms,0.2268,
frame_ms,0.3135,
frame_ms,0.2729,
frame_ms,0.27,
frame_ms,0.2374,
frame_ms,0.227,
frame_ms,0.227,
tick_us,581.1,4534
frame_ms,1.4096,
frame_ms,0.2545,
frame_ms,0.2185,
frame_ms,0.2207,
frame_ms,0.2189,
frame_ms,0.2227,
frame_ms,0.4854,
frame_ms,0.3676,
frame_ms,0.2292,
frame_ms,0.2264,
frame_ms,0.2336,
frame_ms,0.2253,
frame_ms,0.2144,
frame_ms,0.231,
frame_ms,0.254,
frame_ms,0.2265,
frame_ms,0.2141,
frame_ms,0.2678,
frame_ms,0.2295,
frame_ms,0.2173,
frame_ms,0.2419,
frame_ms,0.2247,
frame_ms,0.2162,
frame_ms,0.2446,
tick_us,570.8,4514
frame_ms,1.3978,
frame_ms,0.2547,
frame_ms,0.2505,
frame_ms,0.2155,
frame_ms,0.2186,
frame_ms,0.2925,
frame_ms,0.2853,
frame_ms,0.2318,
frame_ms,0.2228,
frame_ms,0.2268,
frame_ms,0.2259,
frame_ms,0.2203,
frame_ms,0.2238,
frame_ms,0.2301,
frame_ms,0.2921,
frame_ms,0.2536,
frame_ms,0.2299,
frame_ms,0.221,
frame_ms,0.252,
frame_ms,0.2129,
frame_ms,0.2266,
frame_ms,0.2255,
frame_ms,0.2472,
frame_ms,0.3506,
tick_us,601.8,4508
frame_ms,1.5133,
frame_ms,0.2653,
frame_ms,0.2301,
frame_ms,0.2211,
frame_ms,0.2316,
frame_ms,0.2244,
frame_ms,0.4879,
frame_ms,0.2764,
frame_ms,0.2648,
frame_ms,0.2529,
frame_ms,0.2242,
frame_ms,0.2266,
frame_ms,0.2224,
frame_ms,0.215,
frame_ms,0.2318,
frame_ms,0.2185,
frame_ms,0.2473,
frame_ms,0.2222,
frame_ms,0.2537,
frame_ms,0.219,
frame_ms,0.2337,
frame_ms,0.2178,
tick_us,583,4504
frame_ms,1.4871,
frame_ms,0.2766,
frame_ms,0.2414,
frame_ms,0.2275,
frame_ms,0.2249,
frame_ms,0.2216,
frame_ms,0.2213,
frame_ms,0.2682,
frame_ms,0.2388,
frame_ms,0.237,
frame_ms,0.369,
frame_ms,0.5324,
frame_ms,0.3636,
frame_ms,0.3384,
frame_ms,0.2575,
frame_ms,0.2449,
frame_ms,0.2148,
frame_ms,0.2186,
frame_ms,0.2173,
frame_ms,0.2299,
frame_ms,0.2176,
frame_ms,0.2656,
tick_us,571.5,4520
frame_ms,1.4078,
frame_ms,0.3362,
frame_ms,0.2641,
frame_ms,0.2302,
frame_ms,0.2191,
frame_ms,0.219,
frame_ms,0.2094,
frame_ms,0.2243,
frame_ms,0.2167,
frame_ms,0.2869,
frame_ms,0.4082,
frame_ms,0.2378,
frame_ms,0.2109,
frame_ms,0.2182,
frame_ms,0.2165,
frame_ms,0.2157,
frame_ms,0.2603,
frame_ms,0.2309,
frame_ms,0.2547,
frame_ms,0.208,
frame_ms,0.2557,
frame_ms,0.221,
frame_ms,0.2162,
frame_ms,0.2542,
tick_us,567.3,4514
frame_ms,1.4,
frame_ms,0.2311,
frame_ms,0.2374,
frame_ms,0.2221,
frame_ms,0.2219,
frame_ms,0.2201,
frame_ms,0.2104,
frame_ms,0.2601,
frame_ms,0.2272,
frame_ms,0.2121,
frame_ms,0.3438,
frame_ms,0.4468,
frame_ms,0.2486,
frame_ms,0.2201,
frame_ms,0.2252,
frame_ms,0.2318,
frame_ms,0.2187,
frame_ms,0.227,
frame_ms,0.23,
frame_ms,0.3119,
frame_ms,0.2572,
frame_ms,0.2302,
frame_ms,0.2285,
tick_us,576.7,4516
frame_ms,1.413,
frame_ms,0.2386,
frame_ms,0.215,
frame_ms,0.2186,
frame_ms,0.2221,
frame_ms,0.2151,
frame_ms,0.2291,
frame_ms,0.228,
frame_ms,0.2605,
frame_ms,0.2278,
frame_ms,0.2145,
frame_ms,0.5943,
frame_ms,0.2516,
frame_ms,0.2854,
frame_ms,0.2315,
frame_ms,0.2135,
frame_ms,0.2166,
frame_ms,0.209,
frame_ms,0.241,
frame_ms,0.2192,
frame_ms,0.2173,
frame_ms,0.2219,
frame_ms,0.2167,
frame_ms,0.2063,
tick_us,571.7,4538
frame_ms,1.4563,
frame_ms,0.2481,
frame_ms,0.214,
frame_ms,0.2367,
frame_ms,0.2213,
frame_ms,0.2132,
frame_ms,0.2435,
frame_ms,0.2722,
frame_ms,0.2369,
frame_ms,0.2278,
frame_ms,0.2231,
frame_ms,0.4112,
frame_ms,0.3329,
frame_ms,0.2476,
frame_ms,0.2183,
frame_ms,0.2241,
frame_ms,0.2484,
frame_ms,0.2236,
frame_ms,0.2169,
frame_ms,0.2342,
frame_ms,0.214,
frame_ms,0.2617,
frame_ms,0.2298,
tick_us,578.1,4576
frame_ms,1.4173,
frame_ms,0.243,
frame_ms,0.2158,
frame_ms,0.2214,
frame_ms,0.2571,
frame_ms,0.2552,
frame_ms,0.2268,
frame_ms,0.257,
frame_ms,0.2141,
frame_ms,0.2543,
frame_ms,0.2269,
frame_ms,0.2203,
frame_ms,0.2461,
frame_ms,0.223,
frame_ms,0.2884,
frame_ms,0.5869,
frame_ms,0.2868,
frame_ms,0.2386,
frame_ms,0.3886,
frame_ms,0.3949,
frame_ms,0.3422,
tick_us,585.1,4586
frame_ms,1.4658,
frame_ms,0.2545,
frame_ms,0.2202,
frame_ms,0.2239,
frame_ms,0.2214,
frame_ms,0.2155,
frame_ms,0.2187,
frame_ms,0.2671,
frame_ms,0.2483,
frame_ms,0.2247,
frame_ms,0.2114,
frame_ms,0.2493,
frame_ms,0.265,
frame_ms,0.2591,
frame_ms,0.2445,
frame_ms,0.4511,
frame_ms,0.243,
frame_ms,0.2162,
frame_ms,0.2193,
frame_ms,0.2193,
frame_ms,0.2166,
frame_ms,0.2288,
frame_ms,0.254,
tick_us,587.4,4602
frame_ms,1.4688,
frame_ms,0.2912,
frame_ms,0.2354,
frame_ms,0.2128,
frame_ms,0.2236,
frame_ms,0.2222,
frame_ms,0.2115,
frame_ms,0.2526,
frame_ms,0.2677,
frame_ms,0.2416,
frame_ms,0.2218,
frame_ms,0.2194,
frame_ms,0.2117,
frame_ms,0.2065,
frame_ms,0.3187,
frame_ms,0.4663,
frame_ms,0.2905,
frame_ms,0.2666,
frame_ms,0.2206,
frame_ms,0.2189,
frame_ms,0.2184,
frame_ms,0.2137,
frame_ms,0.2782,
tick_us,583.3,4624
frame_ms,1.4258,
frame_ms,0.2728,
frame_ms,0.2152,
frame_ms,0.2234,
frame_ms,0.227,
frame_ms,0.2247,
frame_ms,0.2631,
frame_ms,0.234,
frame_ms,0.2193,
frame_ms,0.2416,
frame_ms,0.2267,
frame_ms,0.2155,
frame_ms,0.3177,
frame_ms,0.2324,
frame_ms,0.2165,
frame_ms,0.2408,
frame_ms,0.301,
frame_ms,0.3898,
frame_ms,0.2558,
frame_ms,0.273,
frame_ms,0.2821,
frame_ms,0.2309,
frame_ms,0.231,
tick_us,582.2,4626
frame_ms,1.4815,
frame_ms,0.2963,
frame_ms,0.2467,
frame_ms,0.2192,
frame_ms,0.2229,
frame_ms,0.2268,
frame_ms,0.2213,
frame_ms,0.2205,
frame_ms,0.3825,
frame_ms,0.2695,
frame_ms,0.9426,
frame_ms,0.2274,
frame_ms,0.2518,
frame_ms,0.4198,
frame_ms,0.2477,
frame_ms,0.2176,
frame_ms,0.2279,
frame_ms,0.2191,
frame_ms,0.2126,
frame_ms,0.2105,
tick_us,560.2,4662
frame_ms,1.4343,
frame_ms,0.2412,
frame_ms,0.2145,
frame_ms,0.2315,
frame_ms,0.2217,
frame_ms,0.2118,
frame_ms,0.213,
frame_ms,0.4171,
frame_ms,0.3081,
frame_ms,0.258,
frame_ms,0.2112,
frame_ms,0.2223,
frame_ms,0.2129,
frame_ms,0.2094,
frame_ms,0.2657,
frame_ms,0.2721,
frame_ms,0.2402,
frame_ms,0.2273,
frame_ms,0.2206,
frame_ms,0.3161,
frame_ms,0.3766,
frame_ms,0.2331,
frame_ms,0.2204,
tick_us,591.6,4638
frame_ms,1.4401,
frame_ms,0.2324,
frame_ms,0.2123,
frame_ms,0.2285,
frame_ms,0.2202,
frame_ms,0.2246,
frame_ms,0.2164,
frame_ms,0.2421,
frame_ms,0.2296,
frame_ms,0.2172,
frame_ms,0.2105,
frame_ms,0.2452,
frame_ms,0.2321,
frame_ms,0.2183,
frame_ms,0.2103,
frame_ms,0.2503,
frame_ms,0.4828,
frame_ms,0.2126,
frame_ms,0.2108,
frame_ms,0.209,
frame_ms,0.2361,
frame_ms,0.2233,
frame_ms,0.224,
frame_ms,0.2473,
tick_us,583.4,4644
frame_ms,1.4341,
frame_ms,0.2399,
frame_ms,0.2364,
frame_ms,0.2205,
frame_ms,0.2181,
frame_ms,0.2102,
frame_ms,0.2245,
frame_ms,0.2522,
frame_ms,0.2712,
frame_ms,0.2367,
frame_ms,0.2275,
frame_ms,0.2253,
frame_ms,0.4356,
frame_ms,0.4629,
frame_ms,0.256,
frame_ms,0.2239,
frame_ms,0.2387,
frame_ms,0.2247,
frame_ms,0.2186,
frame_ms,0.3638,
frame_ms,0.4885,
tick_us,593.8,4710
frame_ms,1.4725,
frame_ms,0.2479,
frame_ms,0.2265,
frame_ms,0.223,
frame_ms,0.2259,
frame_ms,0.2168,
frame_ms,0.2182,
frame_ms,0.2571,
frame_ms,0.2294,
frame_ms,0.2236,
frame_ms,0.2334,
frame_ms,0.2181,
frame_ms,0.2443,
frame_ms,0.2269,
frame_ms,0.222,
frame_ms,0.2288,
frame_ms,0.2217,
frame_ms,0.262,
frame_ms,0.2344,
frame_ms,0.2193,
frame_ms,0.2584,
frame_ms,0.2327,
frame_ms,0.3703,
frame_ms,0.2508,
tick_us,579.9,4706
frame_ms,1.4072,
frame_ms,0.242,
frame_ms,0.2163,
frame_ms,0.2256,
frame_ms,0.2197,
frame_ms,0.224,
frame_ms,0.2129,
frame_ms,0.2525,
frame_ms,0.2419,
frame_ms,0.2124,
frame_ms,0.2106,
frame_ms,0.2471,
frame_ms,0.2677,
frame_ms,0.2353,
frame_ms,0.2272,
frame_ms,0.222,
frame_ms,0.2222,
frame_ms,0.2235,
frame_ms,0.2457,
frame_ms,0.2479,
frame_ms,0.3154,
frame_ms,0.2797,
frame_ms,0.4654,
tick_us,589.3,4678
frame_ms,1.553,
frame_ms,0.2485,
frame_ms,0.2296,
frame_ms,0.2236,
frame_ms,0.215,
frame_ms,0.2167,
frame_ms,0.2583,
frame_ms,0.2678,
frame_ms,0.2976,
frame_ms,0.2316,
frame_ms,0.2306,
frame_ms,0.2226,
frame_ms,0.2278,
frame_ms,0.2439,
frame_ms,0.2252,
frame_ms,0.2455,
frame_ms,0.2337,
frame_ms,0.2201,
frame_ms,0.216,
frame_ms,0.2343,
frame_ms,0.2188,
frame_ms,0.2148,
frame_ms,0.2688,
frame_ms,0.23,
tick_us,563.5,4662
frame_ms,1.3881,
frame_ms,0.2639,
frame_ms,0.2172,
frame_ms,0.2168,
frame_ms,0.2134,
frame_ms,0.2133,
frame_ms,0.2472,
frame_ms,0.2253,
frame_ms,0.2214,
frame_ms,0.2134,
frame_ms,0.268,
frame_ms,0.2977,
frame_ms,0.2157,
frame_ms,0.2164,
frame_ms,0.2145,
frame_ms,0.2314,
frame_ms,0.217,
frame_ms,0.2672,
frame_ms,0.2386,
frame_ms,0.2138,
frame_ms,0.2271,
frame_ms,0.2106,
frame_ms,0.2408,
frame_ms,0.2218,
frame_ms,0.2082,
tick_us,562.5,4698
frame_ms,1.4629,
frame_ms,0.2404,
frame_ms,0.2136,
frame_ms,0.2239,
frame_ms,0.2115,
frame_ms,0.2157,
frame_ms,0.243,
frame_ms,0.2222,
frame_ms,0.26,
frame_ms,0.212,
frame_ms,0.2094,
frame_ms,0.2468,
frame_ms,0.2208,
frame_ms,0.2137,
frame_ms,0.2248,
frame_ms,0.2138,
frame_ms,0.2813,
frame_ms,0.2813,
frame_ms,0.2377,
frame_ms,0.2347,
frame_ms,1.2397,
tick_us,571.2,4706
frame_ms,1.44,
frame_ms,0.2481,
frame_ms,0.2183,
frame_ms,0.2227,
frame_ms,0.2178,
frame_ms,0.2302,
frame_ms,0.2176,
frame_ms,0.2806,
frame_ms,0.2847,
frame_ms,0.2405,
frame_ms,0.2464,
frame_ms,0.2392,
frame_ms,0.2901,
frame_ms,0.2343,
frame_ms,0.2459,
frame_ms,0.2593,
frame_ms,0.2343,
frame_ms,0.2423,
frame_ms,0.251,
frame_ms,0.223,
frame_ms,0.2628,
frame_ms,0.2416,
frame_ms,0.2312,
tick_us,624.9,4736
frame_ms,1.5524,
frame_ms,0.3087,
frame_ms,0.3078,
frame_ms,0.4457,
frame_ms,0.3558,
frame_ms,0.315,
frame_ms,0.2497,
frame_ms,0.2186,
frame_ms,0.227,
frame_ms,0.2236,
frame_ms,0.2189,
frame_ms,0.2206,
frame_ms,0.2752,
frame_ms,0.2361,
frame_ms,0.2189,
frame_ms,0.2194,
frame_ms,0.2565,
frame_ms,0.2305,
frame_ms,0.2186,
frame_ms,0.2202,
frame_ms,0.247,
frame_ms,0.2281,
tick_us,589.4,4724
frame_ms,1.4778,
frame_ms,0.3205,
frame_ms,0.3383,
frame_ms,0.356,
frame_ms,0.3545,
frame_ms,0.3627,
frame_ms,0.3766,
frame_ms,0.3425,
frame_ms,0.3378,
frame_ms,0.3644,
frame_ms,0.2911,
frame_ms,0.2462,
frame_ms,0.2245,
frame_ms,0.2302,
frame_ms,0.2298,
frame_ms,0.2231,
frame_ms,0.2244,
frame_ms,0.2368,
frame_ms,0.2474,
frame_ms,0.2315,
tick_us,592.1,4740
frame_ms,1.4344,
frame_ms,0.2426,
frame_ms,0.2193,
frame_ms,0.218,
frame_ms,0.2218,
frame_ms,0.2211,
frame_ms,0.2171,
frame_ms,0.2284,
frame_ms,0.2492,
frame_ms,0.2737,
frame_ms,0.3862,
frame_ms,0.3624,
frame_ms,0.2984,
frame_ms,0.2791,
frame_ms,0.2399,
frame_ms,0.2342,
frame_ms,0.2289,
frame_ms,0.2405,
frame_ms,0.5127,
frame_ms,0.4497,
tick_us,811,4730
frame_ms,1.9061,
frame_ms,0.4747,
frame_ms,0.2931,
frame_ms,0.2967,
frame_ms,0.2864,
frame_ms,0.2536,
frame_ms,0.2311,
frame_ms,0.2355,
frame_ms,0.228,
frame_ms,0.229,
frame_ms,0.2698,
frame_ms,0.2899,
frame_ms,0.2462,
frame_ms,0.2302,
frame_ms,0.2377,
frame_ms,0.2716,
frame_ms,0.227,
frame_ms,0.2426,
frame_ms,0.2295,
frame_ms,0.2331,
frame_ms,0.2355,
tick_us,653.2,4706
frame_ms,1.5703,
frame_ms,0.2758,
frame_ms,0.3358,
frame_ms,0.2485,
frame_ms,0.2393,
frame_ms,0.413,
frame_ms,0.3606,
frame_ms,0.4105,
frame_ms,0.2767,
frame_ms,0.2416,
frame_ms,0.2232,
frame_ms,0.2283,
frame_ms,0.3565,
frame_ms,0.3923,
frame_ms,0.3967,
frame_ms,0.2917,
frame_ms,0.2848,
frame_ms,0.2589,
tick_us,648.2,4706
frame_ms,1.7445,
frame_ms,0.3864,
frame_ms,0.2768,
frame_ms,0.2316,
frame_ms,0.2312,
frame_ms,0.2309,
frame_ms,0.2305,
frame_ms,0.2993,
frame_ms,0.2683,
frame_ms,0.2454,
frame_ms,0.2411,
frame_ms,0.2307,
frame_ms,0.2312,
frame_ms,0.3132,
frame_ms,0.4045,
frame_ms,0.3296,
frame_ms,0.2802,
frame_ms,0.2543,
frame_ms,0.2324,
frame_ms,0.2358,
frame_ms,0.2345,
tick_us,611.2,4702
frame_ms,1.505,
frame_ms,0.2677,
frame_ms,0.2436,
frame_ms,0.3611,
frame_ms,0.4358,
frame_ms,1.1671,
frame_ms,0.3039,
frame_ms,0.2571,
frame_ms,0.2344,
frame_ms,0.2368,
frame_ms,0.2404,
frame_ms,0.2319,
frame_ms,0.2287,
frame_ms,0.2564,
frame_ms,0.2298,
frame_ms,0.274,
frame_ms,0.2392,
tick_us,838.5,4650
frame_ms,1.8036,
frame_ms,0.2999,
frame_ms,0.2564,
frame_ms,0.2275,
frame_ms,0.2331,
frame_ms,0.2296,
frame_ms,0.2187,
frame_ms,0.2145,
frame_ms,0.2271,
frame_ms,0.2557,
frame_ms,0.2314,
frame_ms,0.2226,
frame_ms,0.2141,
frame_ms,0.2145,
frame_ms,0.2375,
frame_ms,0.2223,
frame_ms,0.2197,
frame_ms,0.2586,
frame_ms,0.2299,
frame_ms,0.2177,
frame_ms,0.2165,
frame_ms,0.2548,
frame_ms,0.233,
tick_us,592.9,4696
frame_ms,2.2643,
frame_ms,0.3017,
frame_ms,0.3616,
frame_ms,0.6269,
frame_ms,0.2571,
frame_ms,0.3119,
frame_ms,0.2202,
frame_ms,0.2202,
frame_ms,0.2152,
frame_ms,0.2118,
frame_ms,0.2504,
frame_ms,0.2265,
frame_ms,0.2159,
frame_ms,0.2402,
frame_ms,0.2182,
frame_ms,0.2091,
frame_ms,0.2538,
frame_ms,0.2199,
frame_ms,0.2247,
tick_us,560.2,4688
frame_ms,1.3907,
frame_ms,0.2477,
frame_ms,0.2134,
frame_ms,0.2543,
frame_ms,0.2301,
frame_ms,0.2363,
frame_ms,0.2296,
frame_ms,0.2195,
frame_ms,0.3634,
frame_ms,0.2456,
frame_ms,0.2346,
frame_ms,0.227,
frame_ms,0.2211,
frame_ms,0.2202,
frame_ms,0.219,
frame_ms,0.2497,
frame_ms,0.2519,
frame_ms,0.2291,
frame_ms,0.2136,
frame_ms,0.2374,
frame_ms,0.2175,
frame_ms,0.2769,
frame_ms,0.2297,
frame_ms,0.2181,
frame_ms,0.2098,
tick_us,568.3,4684
frame_ms,1.4435,
frame_ms,0.2419,
frame_ms,0.2218,
frame_ms,0.2303,
frame_ms,0.228,
frame_ms,0.223,
frame_ms,0.2132,
frame_ms,0.2159,
frame_ms,0.3171,
frame_ms,0.6441,
frame_ms,0.3198,
frame_ms,0.2482,
frame_ms,0.2194,
frame_ms,0.2195,
frame_ms,0.2134,
frame_ms,0.2138,
frame_ms,0.2455,
frame_ms,0.2667,
frame_ms,0.2337,
frame_ms,0.2233,
frame_ms,0.2199,
frame_ms,0.2276,
tick_us,588.3,4646
frame_ms,1.4153,
frame_ms,0.2358,
frame_ms,0.2146,
frame_ms,0.2179,
frame_ms,0.2149,
frame_ms,0.2106,
frame_ms,0.2369,
frame_ms,0.2455,
frame_ms,0.2243,
frame_ms,0.2171,
frame_ms,0.5739,
frame_ms,0.3947,
frame_ms,0.3076,
frame_ms,0.2528,
frame_ms,0.2241,
frame_ms,0.2804,
frame_ms,0.2509,
frame_ms,0.2205,
frame_ms,0.2157,
frame_ms,0.2109,
frame_ms,0.238,
frame_ms,0.2194,
frame_ms,0.2172,
tick_us,617.4,4634
frame_ms,1.4673,
frame_ms,0.2526,
frame_ms,0.2151,
frame_ms,0.2258,
frame_ms,0.2203,
frame_ms,0.2198,
frame_ms,0.211,
frame_ms,0.2551,
frame_ms,0.2271,
frame_ms,0.4408,
frame_ms,0.3003,
frame_ms,0.2427,
frame_ms,0.2168,
frame_ms,0.217,
frame_ms,0.2183,
frame_ms,0.2146,
frame_ms,0.245,
frame_ms,0.2323,
frame_ms,0.2243,
frame_ms,0.2119,
frame_ms,0.2677,
frame_ms,0.2255,
frame_ms,0.221,
tick_us,579.6,4624
frame_ms,1.4296,
frame_ms,0.2389,
frame_ms,0.2144,
frame_ms,0.2184,
frame_ms,0.212,
frame_ms,0.2097,
frame_ms,0.2666,
frame_ms,0.224,
frame_ms,0.221,
frame_ms,0.2145,
frame_ms,0.2583,
frame_ms,0.464,
frame_ms,0.5125,
frame_ms,0.2566,
frame_ms,0.2196,
frame_ms,0.2618,
frame_ms,0.3015,
frame_ms,0.3067,
frame_ms,0.2404,
frame_ms,0.2255,
frame_ms,0.223,
frame_ms,0.2218,
tick_us,571.4,4528
frame_ms,1.415,
frame_ms,0.2308,
frame_ms,0.2129,
frame_ms,0.2187,
frame_ms,0.2149,
frame_ms,0.2107,
frame_ms,0.2493,
frame_ms,0.2277,
frame_ms,0.2148,
frame_ms,0.2123,
frame_ms,0.2438,
frame_ms,0.2247,
frame_ms,0.2169,
frame_ms,0.2345,
frame_ms,0.2155,
frame_ms,0.4394,
frame_ms,0.3037,
frame_ms,0.2456,
frame_ms,0.2178,
frame_ms,0.2209,
frame_ms,0.2159,
frame_ms,0.2127,
frame_ms,0.288,
frame_ms,0.2502,
tick_us,578.3,4510
frame_ms,1.4178,
frame_ms,0.246,
frame_ms,0.2265,
frame_ms,0.2272,
frame_ms,0.2252,
frame_ms,0.2191,
frame_ms,0.216,
frame_ms,0.2554,
frame_ms,0.2933,
frame_ms,0.3434,
frame_ms,0.2938,
frame_ms,0.2606,
frame_ms,0.2387,
frame_ms,0.2954,
frame_ms,0.249,
frame_ms,0.2285,
frame_ms,0.2214,
frame_ms,0.2156,
frame_ms,0.2416,
frame_ms,0.2265,
frame_ms,0.261,
frame_ms,0.2283,
frame_ms,0.2174,
tick_us,597.8,4496
frame_ms,1.5331,
frame_ms,0.2558,
frame_ms,0.2188,
frame_ms,0.233,
frame_ms,0.227,
frame_ms,0.2177,
frame_ms,0.2305,
frame_ms,0.2343,
frame_ms,0.2252,
frame_ms,0.2128,
frame_ms,0.2129,
frame_ms,0.2886,
frame_ms,0.2282,
frame_ms,0.2145,
frame_ms,0.2149,
frame_ms,0.2446,
frame_ms,0.2277,
frame_ms,0.477,
frame_ms,0.2837,
frame_ms,0.2345,
frame_ms,0.2257,
frame_ms,0.2277,
frame_ms,0.2329,
frame_ms,0.2211,
tick_us,597.7,4496
frame_ms,1.4534,
frame_ms,0.2411,
frame_ms,0.2194,
frame_ms,0.2204,
frame_ms,0.2294,
frame_ms,0.2166,
frame_ms,0.2144,
frame_ms,0.2528,
frame_ms,0.2698,
frame_ms,0.2393,
frame_ms,0.2295,
frame_ms,0.2238,
frame_ms,0.2154,
frame_ms,0.2624,
frame_ms,0.315,
frame_ms,0.2398,
frame_ms,0.2289,
frame_ms,0.2219,
frame_ms,0.219,
frame_ms,0.2158,
frame_ms,0.2288,
frame_ms,0.211,
frame_ms,0.2708,
frame_ms,0.2306,
tick_us,577.7,4470
frame_ms,1.4171,
frame_ms,0.2753,
frame_ms,0.5556,
frame_ms,0.2682,
frame_ms,0.2383,
frame_ms,0.2111,
frame_ms,0.217,
frame_ms,0.2184,
frame_ms,0.2141,
frame_ms,0.2501,
frame_ms,0.2266,
frame_ms,0.2164,
frame_ms,0.215,
frame_ms,0.2545,
frame_ms,0.2338,
frame_ms,0.3339,
frame_ms,0.3573,
frame_ms,0.2477,
frame_ms,0.2118,
frame_ms,0.2152,
frame_ms,0.2144,
frame_ms,0.2105,
frame_ms,0.2571,
tick_us,565.5,4498
frame_ms,1.4573,
frame_ms,0.2378,
frame_ms,0.2244,
frame_ms,0.2258,
frame_ms,0.2195,
frame_ms,0.2298,
frame_ms,0.2229,
frame_ms,0.2603,
frame_ms,0.2249,
frame_ms,0.2124,
frame_ms,0.2593,
frame_ms,0.2296,
frame_ms,0.2128,
frame_ms,0.2111,
frame_ms,0.2634,
frame_ms,0.2274,
frame_ms,0.2123,
frame_ms,0.4316,
frame_ms,0.3809,
frame_ms,0.297,
frame_ms,0.253,
frame_ms,0.2228,
frame_ms,0.2231,
tick_us,581.5,4518
frame_ms,1.4189,
frame_ms,0.2356,
frame_ms,0.217,
frame_ms,0.2219,
frame_ms,0.2153,
frame_ms,0.2182,
frame_ms,0.2368,
frame_ms,0.282,
frame_ms,0.3155,
frame_ms,0.2606,
frame_ms,0.2793,
frame_ms,0.3166,
frame_ms,0.2481,
frame_ms,0.2211,
frame_ms,0.2251,
frame_ms,0.2317,
frame_ms,0.2206,
frame_ms,0.2183,
frame_ms,0.2983,
frame_ms,0.4778,
frame_ms,0.2602,
frame_ms,0.2338,
tick_us,580.2,4550
frame_ms,1.4288,
frame_ms,0.2438,
frame_ms,0.2205,
frame_ms,0.2227,
frame_ms,0.217,
frame_ms,0.2206,
frame_ms,0.2143,
frame_ms,0.2382,
frame_ms,0.2212,
frame_ms,0.227,
frame_ms,0.2379,
frame_ms,0.2176,
frame_ms,0.2117,
frame_ms,0.2447,
frame_ms,0.2249,
frame_ms,0.2387,
frame_ms,0.2213,
frame_ms,0.2259,
frame_ms,0.2463,
frame_ms,0.212,
frame_ms,0.2124,
frame_ms,0.2525,
frame_ms,0.2163,
frame_ms,0.2142,
frame_ms,0.5003,
tick_us,586.1,4562
frame_ms,1.639,
frame_ms,0.2752,
frame_ms,0.2337,
frame_ms,0.2398,
frame_ms,0.2327,
frame_ms,0.2656,
frame_ms,0.2227,
frame_ms,0.23,
frame_ms,0.2193,
frame_ms,0.2148,
frame_ms,0.242,
frame_ms,0.2174,
frame_ms,0.2146,
frame_ms,0.215,
frame_ms,0.3322,
frame_ms,0.3195,
frame_ms,0.2804,
frame_ms,0.2555,
frame_ms,0.2455,
frame_ms,0.2454,
frame_ms,0.3446,
tick_us,591.4,4586
frame_ms,1.6301,
frame_ms,0.2703,
frame_ms,0.2367,
frame_ms,0.2242,
frame_ms,0.2256,
frame_ms,0.2188,
frame_ms,0.2206,
frame_ms,0.2164,
frame_ms,0.2845,
frame_ms,0.2691,
frame_ms,0.2607,
frame_ms,0.2439,
frame_ms,0.2293,
frame_ms,0.2258,
frame_ms,0.2176,
frame_ms,0.217,
frame_ms,0.2799,
frame_ms,0.2375,
frame_ms,0.2222,
frame_ms,0.248,
frame_ms,0.2179,
frame_ms,0.2154,
frame_ms,0.2153,
tick_us,580.4,4570
frame_ms,1.6297,
frame_ms,0.2882,
frame_ms,0.2247,
frame_ms,0.2304,
frame_ms,0.2232,
frame_ms,0.2176,
frame_ms,0.2339,
frame_ms,0.2165,
frame_ms,0.2429,
frame_ms,0.2228,
frame_ms,0.2134,
frame_ms,0.2155,
frame_ms,0.2264,
frame_ms,0.2738,
frame_ms,0.2295,
frame_ms,0.2194,
frame_ms,0.2412,
frame_ms,0.2546,
frame_ms,0.2229,
frame_ms,0.2218,
frame_ms,0.2342,
frame_ms,0.212,
frame_ms,0.5414,
tick_us,560,4570
frame_ms,1.4825,
frame_ms,0.2485,
frame_ms,0.2164,
frame_ms,0.2319,
frame_ms,0.2243,
frame_ms,0.2157,
frame_ms,0.2169,
frame_ms,0.2631,
frame_ms,0.264,
frame_ms,0.2115,
frame_ms,0.2103,
frame_ms,0.2599,
frame_ms,0.2284,
frame_ms,0.2092,
frame_ms,0.2241,
frame_ms,0.2245,
frame_ms,0.2188,
frame_ms,0.2131,
frame_ms,0.2364,
frame_ms,0.2229,
frame_ms,0.2088,
frame_ms,0.2241,
frame_ms,0.2173,
frame_ms,0.2661,
frame_ms,0.2311,
frame_ms,0.2111,
tick_us,553.6,4556
frame_ms,1.4174,
frame_ms,0.2571,
frame_ms,0.2156,
frame_ms,0.2724,
frame_ms,0.225,
frame_ms,0.2156,
frame_ms,0.2149,
frame_ms,0.2894,
frame_ms,0.2744,
frame_ms,0.2429,
frame_ms,0.2335,
frame_ms,0.2368,
frame_ms,0.2279,
frame_ms,0.263,
frame_ms,0.2349,
frame_ms,1.0601,
frame_ms,0.8286,
tick_us,592.5,4548
frame_ms,1.7579,
frame_ms,0.4172,
frame_ms,0.262,
frame_ms,0.2247,
frame_ms,0.3593,
frame_ms,0.403,
frame_ms,0.2745,
frame_ms,0.2359,
frame_ms,0.2158,
frame_ms,0.2256,
frame_ms,0.2172,
frame_ms,0.2146,
frame_ms,0.2518,
frame_ms,0.2299,
frame_ms,0.2147,
frame_ms,0.2399,
frame_ms,0.7698,
frame_ms,0.6651,
tick_us,621.8,4590
frame_ms,1.7041,
frame_ms,0.4618,
frame_ms,0.421,
frame_ms,0.3033,
frame_ms,0.4398,
frame_ms,0.4467,
frame_ms,0.4066,
frame_ms,0.259,
frame_ms,0.2335,
frame_ms,0.2353,
frame_ms,0.7025,
frame_ms,0.6965,
frame_ms,0.6898,
tick_us,626,4522
frame_ms,1.7691,
frame_ms,0.3148,
frame_ms,0.2465,
frame_ms,0.2217,
frame_ms,0.2317,
frame_ms,0.2292,
frame_ms,1.1325,
frame_ms,0.4507,
frame_ms,0.2957,
frame_ms,0.2405,
frame_ms,0.2222,
frame_ms,0.2205,
frame_ms,0.2364,
frame_ms,0.2572,
frame_ms,0.2768,
frame_ms,0.236,
frame_ms,0.2231,
tick_us,601.4,4532
frame_ms,1.5276,
frame_ms,0.3313,
frame_ms,0.4526,
frame_ms,0.3602,
frame_ms,0.3526,
frame_ms,0.3479,
frame_ms,0.3448,
frame_ms,0.3525,
frame_ms,0.3423,
frame_ms,0.3804,
frame_ms,0.3585,
frame_ms,0.3491,
frame_ms,0.3505,
frame_ms,0.3391,
frame_ms,0.3919,
frame_ms,0.3603,
tick_us,656,4572
frame_ms,1.6139,
frame_ms,0.3121,
frame_ms,0.2552,
frame_ms,0.3484,
frame_ms,0.2988,
frame_ms,0.2702,
frame_ms,0.244,
frame_ms,0.2446,
frame_ms,0.2795,
frame_ms,0.3165,
frame_ms,0.3643,
frame_ms,0.3268,
frame_ms,0.2742,
frame_ms,0.2545,
frame_ms,0.2294,
frame_ms,0.2263,
frame_ms,0.2231,
frame_ms,0.2503,
frame_ms,0.2639,
frame_ms,0.2428,
frame_ms,0.2201,
tick_us,623.8,4520
frame_ms,1.4907,
frame_ms,0.2554,
frame_ms,0.2213,
frame_ms,0.2555,
frame_ms,0.256,
frame_ms,0.2462,
frame_ms,0.2351,
frame_ms,0.2657,
frame_ms,0.3525,
frame_ms,0.2465,
frame_ms,0.2285,
frame_ms,0.2247,
frame_ms,0.2149,
frame_ms,0.2177,
frame_ms,0.2615,
frame_ms,0.2283,
frame_ms,0.2235,
frame_ms,0.2135,
frame_ms,0.2521,
frame_ms,0.2254,
frame_ms,0.2862,
frame_ms,0.2161,
frame_ms,0.2131,
tick_us,589.1,4532
frame_ms,1.479,
frame_ms,0.4461,
frame_ms,0.311,
frame_ms,0.2396,
frame_ms,0.223,
frame_ms,0.2332,
frame_ms,0.2547,
frame_ms,0.2148,
frame_ms,0.234,
frame_ms,0.2461,
frame_ms,0.2776,
frame_ms,0.2459,
frame_ms,0.2298,
frame_ms,0.2267,
frame_ms,0.2219,
frame_ms,0.2191,
frame_ms,0.2489,
frame_ms,0.2339,
frame_ms,0.2139,
frame_ms,0.2123,
frame_ms,0.2486,
frame_ms,0.4236,
tick_us,625.8,4584
frame_ms,1.5792,
frame_ms,0.3627,
frame_ms,0.5173,
frame_ms,0.3598,
frame_ms,0.3447,
frame_ms,0.3897,
frame_ms,0.3488,
frame_ms,0.3399,
frame_ms,0.3345,
frame_ms,0.3479,
frame_ms,0.3374,
frame_ms,0.3357,
frame_ms,0.2882,
frame_ms,0.2518,
frame_ms,0.2191,
frame_ms,0.2212,
frame_ms,0.2215,
frame_ms,0.2175,
tick_us,573.9,4648
frame_ms,1.4688,
frame_ms,0.2581,
frame_ms,0.2197,
frame_ms,0.2318,
frame_ms,0.2259,
frame_ms,0.2233,
frame_ms,0.2146,
frame_ms,0.2444,
frame_ms,0.2178,
frame_ms,0.2172,
frame_ms,0.2601,
frame_ms,0.2304,
frame_ms,0.2203,
frame_ms,0.2142,
frame_ms,0.2637,
frame_ms,0.2262,
frame_ms,0.2213,
frame_ms,0.212,
frame_ms,0.2655,
frame_ms,0.2286,
frame_ms,0.2118,
frame_ms,0.2144,
frame_ms,0.2428,
frame_ms,0.2263,
frame_ms,0.2124,
tick_us,560.2,4608
frame_ms,1.4033,
frame_ms,0.2377,
frame_ms,0.4248,
frame_ms,0.3101,
frame_ms,0.254,
frame_ms,0.3328,
frame_ms,0.2351,
frame_ms,0.2153,
frame_ms,0.2242,
frame_ms,0.2318,
frame_ms,0.2235,
frame_ms,0.2182,
frame_ms,0.2323,
frame_ms,0.2478,
frame_ms,0.2347,
frame_ms,0.2242,
frame_ms,0.2493,
frame_ms,0.264,
frame_ms,0.2126,
frame_ms,0.2104,
frame_ms,0.2336,
frame_ms,0.2409,
frame_ms,0.2171,
tick_us,572.2,4616
frame_ms,1.3967,
frame_ms,0.2313,
frame_ms,0.212,
frame_ms,0.2191,
frame_ms,0.2137,
frame_ms,0.2513,
frame_ms,0.2294,
frame_ms,0.2525,
frame_ms,0.2132,
frame_ms,0.2444,
frame_ms,0.2169,
frame_ms,0.2084,
frame_ms,0.25,
frame_ms,0.2246,
frame_ms,0.2148,
frame_ms,0.2263,
frame_ms,0.2301,
frame_ms,0.2177,
frame_ms,0.208,
frame_ms,0.2462,
frame_ms,0.2204,
frame_ms,0.2103,
frame_ms,0.2611,
frame_ms,0.227,
frame_ms,0.2192,
frame_ms,0.2245,
tick_us,568.7,4606
frame_ms,1.4139,
frame_ms,0.2354,
frame_ms,0.2138,
frame_ms,0.2247,
frame_ms,0.2217,
frame_ms,0.217,
frame_ms,0.225,
frame_ms,0.3326,
frame_ms,0.2549,
frame_ms,0.2448,
frame_ms,0.2264,
frame_ms,0.2219,
frame_ms,0.2646,
frame_ms,0.2149,
frame_ms,0.2112,
frame_ms,0.2612,
frame_ms,0.2289,
frame_ms,0.211,
frame_ms,0.2702,
frame_ms,0.2253,
frame_ms,0.2098,
frame_ms,0.2103,
frame_ms,0.2468,
frame_ms,0.2204,
tick_us,561.1,4622
frame_ms,1.3735,
frame_ms,0.2435,
frame_ms,0.2133,
frame_ms,0.2177,
frame_ms,0.2114,
frame_ms,0.2088,
frame_ms,0.2471,
frame_ms,0.2249,
frame_ms,0.2111,
frame_ms,0.2084,
frame_ms,0.2485,
frame_ms,0.2231,
frame_ms,0.2104,
frame_ms,0.2657,
frame_ms,0.2247,
frame_ms,0.2088,
frame_ms,0.2571,
frame_ms,0.2247,
frame_ms,0.2305,
frame_ms,0.2689,
frame_ms,0.2255,
frame_ms,0.2157,
frame_ms,0.3339,
frame_ms,0.2442,
frame_ms,0.3022,
tick_us,561.2,4616
frame_ms,1.3985,
frame_ms,0.2361,
frame_ms,0.2214,
frame_ms,0.2204,
frame_ms,0.2179,
frame_ms,0.2234,
frame_ms,0.2313,
frame_ms,0.2337,
frame_ms,0.2514,
frame_ms,0.223,
frame_ms,0.218,
frame_ms,0.2266,
frame_ms,0.2145,
frame_ms,0.2774,
frame_ms,0.2321,
frame_ms,0.4732,
frame_ms,0.3892,
frame_ms,0.4962,
frame_ms,0.3636,
frame_ms,0.3541,
tick_us,683.4,4594
frame_ms,1.6437,
frame_ms,0.2603,
frame_ms,0.2223,
frame_ms,0.2261,
frame_ms,0.2151,
frame_ms,0.2232,
frame_ms,0.227,
frame_ms,0.2452,
frame_ms,0.225,
frame_ms,0.2198,
frame_ms,0.2134,
frame_ms,0.2385,
frame_ms,0.2276,
frame_ms,0.2481,
frame_ms,0.2109,
frame_ms,0.2557,
frame_ms,0.2221,
frame_ms,0.2147,
frame_ms,0.2276,
frame_ms,0.2124,
frame_ms,0.2648,
frame_ms,0.2266,
frame_ms,0.2127,
frame_ms,0.2287,
frame_ms,0.2124,
tick_us,563.9,4616
frame_ms,1.4459,
frame_ms,0.2543,
frame_ms,0.2136,
frame_ms,0.2283,
frame_ms,0.2164,
frame_ms,0.2111,
frame_ms,0.2478,
frame_ms,0.2237,
frame_ms,0.2149,
frame_ms,0.2292,
frame_ms,0.2199,
frame_ms,0.2771,
frame_ms,0.2315,
frame_ms,0.2219,
frame_ms,0.21,
frame_ms,0.2603,
frame_ms,0.2271,
frame_ms,0.2156,
frame_ms,0.2689,
frame_ms,0.2283,
frame_ms,0.3917,
frame_ms,0.2437,
frame_ms,0.2232,
frame_ms,0.217,
tick_us,563.3,4624
frame_ms,1.4056,
frame_ms,0.2349,
frame_ms,0.2114,
frame_ms,0.217,
frame_ms,0.2176,
frame_ms,0.2127,
frame_ms,0.2562,
frame_ms,0.224,
frame_ms,0.2116,
frame_ms,0.2603,
frame_ms,0.2266,
frame_ms,0.2112,
frame_ms,0.2218,
frame_ms,0.2611,
frame_ms,0.2251,
frame_ms,0.2117,
frame_ms,0.261,
frame_ms,0.2259,
frame_ms,0.2102,
frame_ms,0.2276,
frame_ms,0.2132,
frame_ms,0.3398,
frame_ms,0.2996,
frame_ms,0.2358,
frame_ms,0.2272,
tick_us,574.5,4600
frame_ms,1.6061,
frame_ms,0.3205,
frame_ms,0.2376,
frame_ms,0.2157,
frame_ms,0.2155,
frame_ms,0.2286,
frame_ms,0.2343,
frame_ms,0.2666,
frame_ms,0.2356,
frame_ms,0.2239,
frame_ms,0.2411,
frame_ms,0.2246,
frame_ms,0.2232,
frame_ms,0.2936,
frame_ms,0.3434,
frame_ms,0.2588,
frame_ms,0.2389,
frame_ms,0.2433,
frame_ms,0.2465,
frame_ms,0.2496,
frame_ms,0.3095,
frame_ms,0.2491,
tick_us,568.9,4512
frame_ms,1.8869,
frame_ms,0.28,
frame_ms,0.2331,
frame_ms,0.229,
frame_ms,0.2202,
frame_ms,0.2208,
frame_ms,0.2478,
frame_ms,0.2301,
frame_ms,0.2188,
frame_ms,0.2372,
frame_ms,0.2219,
frame_ms,0.2732,
frame_ms,0.2457,
frame_ms,0.2175,
frame_ms,0.2174,
frame_ms,0.2427,
frame_ms,0.2266,
frame_ms,0.2162,
frame_ms,0.2286,
frame_ms,0.2205,
frame_ms,0.2716,
frame_ms,0.2307,
tick_us,575.1,4512
frame_ms,1.5085,
frame_ms,0.2742,
frame_ms,0.2361,
frame_ms,0.2337,
frame_ms,0.238,
frame_ms,0.2292,
frame_ms,0.2219,
frame_ms,0.2189,
frame_ms,0.2317,
frame_ms,0.2436,
frame_ms,0.2852,
frame_ms,0.2509,
frame_ms,0.2275,
frame_ms,0.2212,
frame_ms,0.2224,
frame_ms,0.2635,
frame_ms,0.2566,
frame_ms,0.2349,
frame_ms,0.227,
frame_ms,0.2243,
frame_ms,0.2237,
frame_ms,0.2666,
frame_ms,0.2712,
frame_ms,0.2475,
tick_us,557.1,4550
frame_ms,1.4082,
frame_ms,0.3056,
frame_ms,0.4578,
frame_ms,0.2512,
frame_ms,0.2224,
frame_ms,0.2208,
frame_ms,0.2191,
frame_ms,0.2203,
frame_ms,0.252,
frame_ms,0.3708,
frame_ms,0.2801,
frame_ms,0.2498,
frame_ms,0.2459,
frame_ms,0.2397,
frame_ms,0.2428,
frame_ms,0.3034,
frame_ms,0.2458,
frame_ms,0.2265,
frame_ms,0.2165,
frame_ms,0.2309,
frame_ms,0.2149,
frame_ms,0.3108,
tick_us,555.6,4588
frame_ms,1.4431,
frame_ms,0.2536,
frame_ms,0.224,
frame_ms,0.2291,
frame_ms,0.2234,
frame_ms,0.2175,
frame_ms,0.2463,
frame_ms,0.2285,
frame_ms,0.2205,
frame_ms,0.2183,
frame_ms,0.258,
frame_ms,0.2398,
frame_ms,0.2274,
frame_ms,0.2407,
frame_ms,0.3,
frame_ms,0.2342,
frame_ms,0.2188,
frame_ms,0.2558,
frame_ms,0.2311,
frame_ms,0.2208,
frame_ms,0.2466,
frame_ms,0.2374,
frame_ms,0.2211,
frame_ms,0.2197,
tick_us,553,4578
frame_ms,1.3922,
frame_ms,0.2419,
frame_ms,0.2175,
frame_ms,0.2328,
frame_ms,0.2282,
frame_ms,0.2198,
frame_ms,0.2459,
frame_ms,0.231,
frame_ms,0.2172,
frame_ms,0.2411,
frame_ms,0.2336,
frame_ms,0.5421,
frame_ms,0.4727,
frame_ms,0.243,
frame_ms,0.2195,
frame_ms,0.2214,
frame_ms,0.2211,
frame_ms,0.2144,
frame_ms,0.242,
frame_ms,0.2373,
frame_ms,0.2289,
frame_ms,0.2157,
frame_ms,0.2427,
tick_us,582.3,4602
frame_ms,1.4519,
frame_ms,0.2404,
frame_ms,0.2158,
frame_ms,0.2186,
frame_ms,0.2136,
frame_ms,0.2132,
frame_ms,0.2475,
frame_ms,0.2981,
frame_ms,0.2533,
frame_ms,0.2268,
frame_ms,0.2188,
frame_ms,0.2371,
frame_ms,0.2396,
frame_ms,0.237,
frame_ms,0.2138,
frame_ms,0.2633,
frame_ms,0.2322,
frame_ms,0.2158,
frame_ms,0.2372,
frame_ms,0.2213,
frame_ms,0.2611,
frame_ms,0.2334,
frame_ms,0.2172,
frame_ms,0.2556,
frame_ms,0.2288,
tick_us,570,4566
frame_ms,1.4015,
frame_ms,0.2578,
frame_ms,0.2135,
frame_ms,0.2203,
frame_ms,0.2167,
frame_ms,0.2079,
frame_ms,0.2637,
frame_ms,0.2288,
frame_ms,0.2199,
frame_ms,0.2688,
frame_ms,0.2306,
frame_ms,0.2217,
frame_ms,0.2336,
frame_ms,0.2204,
frame_ms,0.28,
frame_ms,0.2787,
frame_ms,0.2406,
frame_ms,0.2322,
frame_ms,0.2735,
frame_ms,0.2434,
frame_ms,0.2283,
frame_ms,0.2198,
frame_ms,0.2449,
frame_ms,0.2966,
tick_us,554.3,4536
frame_ms,1.4307,
frame_ms,0.2433,
frame_ms,0.2395,
frame_ms,0.2239,
frame_ms,0.2256,
frame_ms,0.2163,
frame_ms,0.24,
frame_ms,0.219,
frame_ms,0.2629,
frame_ms,0.2385,
frame_ms,0.2231,
frame_ms,0.242,
frame_ms,0.2298,
frame_ms,0.2194,
frame_ms,0.2418,
frame_ms,0.2239,
frame_ms,0.2112,
frame_ms,0.2391,
frame_ms,0.2224,
frame_ms,0.2184,
frame_ms,0.2741,
frame_ms,0.2347,
frame_ms,0.2173,
frame_ms,0.2639,
tick_us,548.6,4510
frame_ms,1.3884,
frame_ms,0.2367,
frame_ms,0.2255,
frame_ms,0.2241,
frame_ms,0.2171,
frame_ms,0.2156,
frame_ms,0.2493,
frame_ms,0.2199,
frame_ms,0.2137,
frame_ms,0.2571,
frame_ms,0.2362,
frame_ms,0.2206,
frame_ms,0.2443,
frame_ms,0.2297,
frame_ms,0.2163,
frame_ms,0.2362,
frame_ms,0.3255,
frame_ms,0.2244,
frame_ms,0.2237,
frame_ms,0.2329,
frame_ms,0.2313,
frame_ms,0.2188,
frame_ms,0.2622,
frame_ms,0.2288,
frame_ms,0.2221,
tick_us,670.9,4498
frame_ms,1.5872,
frame_ms,0.3329,
frame_ms,0.3695,
frame_ms,0.3441,
frame_ms,0.2477,
frame_ms,0.2481,
frame_ms,0.2253,
frame_ms,0.2282,
frame_ms,0.2162,
frame_ms,0.2238,
frame_ms,0.2168,
frame_ms,0.2581,
frame_ms,0.2724,
frame_ms,0.2351,
frame_ms,0.2208,
frame_ms,0.2177,
frame_ms,0.2393,
frame_ms,0.2394,
frame_ms,0.2274,
frame_ms,0.2166,
frame_ms,0.4215,
tick_us,566.1,4454
frame_ms,1.5871,
frame_ms,0.2489,
frame_ms,0.2272,
frame_ms,0.228,
frame_ms,0.2267,
frame_ms,0.2203,
frame_ms,0.2295,
frame_ms,0.2942,
frame_ms,0.2826,
frame_ms,0.2324,
frame_ms,0.2329,
frame_ms,0.2208,
frame_ms,0.2329,
frame_ms,0.2182,
frame_ms,0.2759,
frame_ms,0.236,
frame_ms,0.2195,
frame_ms,0.2452,
frame_ms,0.2306,
frame_ms,0.217,
frame_ms,0.2634,
frame_ms,0.2386,
frame_ms,0.2168,
frame_ms,0.2518,
tick_us,551.5,4476
frame_ms,1.39,
frame_ms,0.2378,
frame_ms,0.2254,
frame_ms,0.2251,
frame_ms,0.2165,
frame_ms,0.2515,
frame_ms,0.7665,
frame_ms,0.3448,
frame_ms,0.2536,
frame_ms,0.2167,
frame_ms,0.2226,
frame_ms,0.2197,
frame_ms,0.2427,
frame_ms,0.2279,
frame_ms,0.2181,
frame_ms,0.2271,
frame_ms,0.2088,
frame_ms,0.2126,
frame_ms,0.2661,
frame_ms,0.2252,
frame_ms,0.2209,
frame_ms,0.2738,
tick_us,554,4470
frame_ms,1.4166,
frame_ms,0.2341,
frame_ms,0.224,
frame_ms,0.2273,
frame_ms,0.2138,
frame_ms,0.212,
frame_ms,0.2662,
frame_ms,0.2233,
frame_ms,0.2197,
frame_ms,0.2364,
frame_ms,0.2211,
frame_ms,0.2171,
frame_ms,0.2283,
frame_ms,0.2241,
frame_ms,0.2784,
frame_ms,0.2489,
frame_ms,0.2337,
frame_ms,0.2128,
frame_ms,0.236,
frame_ms,0.2403,
frame_ms,0.2253,
frame_ms,0.2234,
frame_ms,0.2335,
frame_ms,0.2093,
frame_ms,0.2547,
tick_us,608.6,4478
frame_ms,1.4823,
frame_ms,0.2651,
frame_ms,0.2561,
frame_ms,0.2542,
frame_ms,0.2259,
frame_ms,0.2243,
frame_ms,0.2193,
frame_ms,0.2157,
frame_ms,0.242,
frame_ms,0.2406,
frame_ms,0.2193,
frame_ms,0.2091,
frame_ms,0.5594,
frame_ms,0.3027,
frame_ms,0.2399,
frame_ms,0.2213,
frame_ms,0.2282,
frame_ms,0.2222,
frame_ms,0.219,
frame_ms,0.2629,
frame_ms,0.2365,
frame_ms,0.2713,
tick_us,570.1,4450
frame_ms,1.4873,
frame_ms,0.2602,
frame_ms,0.2255,
frame_ms,0.2287,
frame_ms,0.2155,
frame_ms,0.2197,
frame_ms,0.2374,
frame_ms,0.2182,
frame_ms,0.2413,
frame_ms,0.2653,
frame_ms,0.235,
frame_ms,0.2234,
frame_ms,0.2163,
frame_ms,0.2378,
frame_ms,0.2224,
frame_ms,0.2341,
frame_ms,0.2214,
frame_ms,0.2676,
frame_ms,0.2336,
frame_ms,0.2157,
frame_ms,0.2306,
frame_ms,0.2267,
frame_ms,0.2496,
frame_ms,0.2641,
frame_ms,0.2151,
tick_us,555.4,4486
frame_ms,1.3894,
frame_ms,0.2503,
frame_ms,0.2152,
frame_ms,0.221,
frame_ms,0.2179,
frame_ms,0.2108,
frame_ms,0.2637,
frame_ms,0.2294,
frame_ms,0.2175,
frame_ms,0.2363,
frame_ms,0.239,
frame_ms,0.2372,
frame_ms,0.2185,
frame_ms,0.2318,
frame_ms,0.2357,
frame_ms,0.2633,
frame_ms,0.2292,
frame_ms,0.2121,
frame_ms,0.2426,
frame_ms,0.2307,
frame_ms,0.2134,
frame_ms,0.2439,
frame_ms,0.4275,
frame_ms,0.3985,
tick_us,643.1,4506
frame_ms,1.6406,
frame_ms,0.2636,
frame_ms,0.2235,
frame_ms,0.2221,
frame_ms,0.2258,
frame_ms,0.217,
frame_ms,0.2437,
frame_ms,0.2277,
frame_ms,0.2119,
frame_ms,0.2579,
frame_ms,0.2325,
frame_ms,0.2156,
frame_ms,0.2659,
frame_ms,0.2541,
frame_ms,0.2711,
frame_ms,0.2217,
frame_ms,0.217,
frame_ms,0.2112,
frame_ms,0.269,
frame_ms,0.2402,
frame_ms,0.2154,
frame_ms,0.2698,
frame_ms,0.2523,
tick_us,568.6,4536
frame_ms,1.4011,
frame_ms,0.2517,
frame_ms,0.2167,
frame_ms,0.22,
frame_ms,0.2185,
frame_ms,0.2807,
frame_ms,0.233,
frame_ms,0.2209,
frame_ms,0.2404,
frame_ms,0.2531,
frame_ms,0.2608,
frame_ms,0.2301,
frame_ms,0.2189,
frame_ms,0.2399,
frame_ms,0.2359,
frame_ms,0.2319,
frame_ms,0.2172,
frame_ms,0.2389,
frame_ms,0.2209,
frame_ms,0.2162,
frame_ms,0.2204,
frame_ms,0.2619,
frame_ms,0.2388,
frame_ms,0.2212,
tick_us,570.8,4516
frame_ms,1.5945,
frame_ms,0.352,
frame_ms,0.3562,
frame_ms,0.2824,
frame_ms,0.2695,
frame_ms,0.2505,
frame_ms,0.2261,
frame_ms,0.2195,
frame_ms,0.2165,
frame_ms,0.2771,
frame_ms,0.2557,
frame_ms,0.2318,
frame_ms,0.2246,
frame_ms,0.2225,
frame_ms,0.2218,
frame_ms,0.2472,
frame_ms,0.2527,
frame_ms,0.227,
frame_ms,0.2129,
frame_ms,0.2406,
frame_ms,0.2334,
frame_ms,0.2114,
frame_ms,0.2706,
tick_us,565.6,4490
frame_ms,1.4584,
frame_ms,0.2571,
frame_ms,0.2516,
frame_ms,0.2327,
frame_ms,0.2387,
frame_ms,0.2307,
frame_ms,0.2269,
frame_ms,0.2232,
frame_ms,0.2184,
frame_ms,0.2983,
frame_ms,0.2891,
frame_ms,0.2497,
frame_ms,0.2585,
frame_ms,0.2218,
frame_ms,0.217,
frame_ms,0.2143,
frame_ms,0.236,
frame_ms,0.2617,
frame_ms,0.27,
frame_ms,0.2349,
frame_ms,0.2302,
frame_ms,0.2255,
frame_ms,0.22,
frame_ms,0.2608,
tick_us,563.6,4502
frame_ms,1.4381,
frame_ms,0.2727,
frame_ms,0.2341,
frame_ms,0.2244,
frame_ms,0.2235,
frame_ms,0.2154,
frame_ms,0.2143,
frame_ms,0.2409,
frame_ms,0.2225,
frame_ms,0.2203,
frame_ms,0.2851,
frame_ms,0.27,
frame_ms,0.2377,
frame_ms,0.2238,
frame_ms,0.2243,
frame_ms,0.2181,
frame_ms,0.2253,
frame_ms,0.2303,
frame_ms,0.2239,
frame_ms,0.2973,
frame_ms,0.2854,
frame_ms,0.2449,
frame_ms,0.2276,
frame_ms,0.2284,
tick_us,576.8,4470
frame_ms,1.403,
frame_ms,0.2405,
frame_ms,0.2162,
frame_ms,0.2197,
frame_ms,0.2123,
frame_ms,0.2161,
frame_ms,0.2494,
frame_ms,0.2167,
frame_ms,0.2162,
frame_ms,0.2423,
frame_ms,0.2314,
frame_ms,0.2179,
frame_ms,0.2348,
frame_ms,0.211,
frame_ms,0.2145,
frame_ms,0.2476,
frame_ms,0.226,
frame_ms,0.2156,
frame_ms,0.2369,
frame_ms,0.2334,
frame_ms,0.2908,
frame_ms,0.2357,
frame_ms,0.2118,
frame_ms,0.2108,
frame_ms,0.2609,
tick_us,553.4,4496
frame_ms,1.3975,
frame_ms,0.231,
frame_ms,0.2211,
frame_ms,0.2381,
frame_ms,0.2187,
frame_ms,0.2364,
frame_ms,0.2111,
frame_ms,0.2776,
frame_ms,0.2383,
frame_ms,0.2237,
frame_ms,0.2158,
frame_ms,0.3436,
frame_ms,0.2628,
frame_ms,0.2474,
frame_ms,0.2113,
frame_ms,0.2082,
frame_ms,0.3393,
frame_ms,0.2957,
frame_ms,0.256,
frame_ms,0.2501,
frame_ms,0.2486,
frame_ms,0.2478,
frame_ms,0.3271,
tick_us,579.4,4502
frame_ms,1.5845,
frame_ms,0.2429,
frame_ms,0.2226,
frame_ms,0.227,
frame_ms,0.2248,
frame_ms,0.2277,
frame_ms,0.2224,
frame_ms,0.221,
frame_ms,0.2676,
frame_ms,0.288,
frame_ms,0.2426,
frame_ms,0.2264,
frame_ms,0.2126,
frame_ms,0.2215,
frame_ms,0.2111,
frame_ms,0.2137,
frame_ms,0.2642,
frame_ms,0.2308,
frame_ms,0.2168,
frame_ms,0.2594,
frame_ms,0.2257,
frame_ms,0.2163,
frame_ms,0.2734,
tick_us,642,4498
frame_ms,1.6523,
frame_ms,0.2677,
frame_ms,0.217,
frame_ms,0.2235,
frame_ms,0.2161,
frame_ms,0.221,
frame_ms,0.2373,
frame_ms,0.217,
frame_ms,0.2131,
frame_ms,0.2159,
frame_ms,0.2371,
frame_ms,0.2696,
frame_ms,0.2715,
frame_ms,0.2381,
frame_ms,0.2289,
frame_ms,0.2221,
frame_ms,0.2514,
frame_ms,0.2226,
frame_ms,0.2209,
frame_ms,0.2299,
frame_ms,0.2307,
frame_ms,0.4386,
frame_ms,0.2944,
tick_us,559.6,4502
frame_ms,1.3909,
frame_ms,0.2455,
frame_ms,0.2243,
frame_ms,0.2276,
frame_ms,0.2167,
frame_ms,0.2483,
frame_ms,0.23,
frame_ms,0.2203,
frame_ms,0.2159,
frame_ms,0.2386,
frame_ms,0.2384,
frame_ms,0.2159,
frame_ms,0.2383,
frame_ms,0.2218,
frame_ms,0.2179,
frame_ms,0.2365,
frame_ms,0.2346,
frame_ms,0.2187,
frame_ms,0.2303,
frame_ms,0.2142,
frame_ms,0.2776,
frame_ms,0.2841,
frame_ms,0.2251,
frame_ms,0.214,
frame_ms,0.2152,
tick_us,556,4492
frame_ms,1.4348,
frame_ms,0.2445,
frame_ms,0.2178,
frame_ms,0.224,
frame_ms,0.2288,
frame_ms,0.2121,
frame_ms,0.2433,
frame_ms,0.2114,
frame_ms,0.2274,
frame_ms,0.2807,
frame_ms,0.2196,
frame_ms,0.2395,
frame_ms,0.2132,
frame_ms,0.2421,
frame_ms,0.2272,
frame_ms,0.2171,
frame_ms,0.232,
frame_ms,0.3873,
frame_ms,0.5595,
frame_ms,0.2441,
frame_ms,0.2172,
frame_ms,0.2262,
frame_ms,0.2151,
tick_us,575.3,4490
frame_ms,1.4167,
frame_ms,0.3462,
frame_ms,0.2781,
frame_ms,0.219,
frame_ms,0.2351,
frame_ms,0.2202,
frame_ms,0.2165,
frame_ms,0.2439,
frame_ms,0.2311,
frame_ms,0.221,
frame_ms,0.2374,
frame_ms,0.2281,
frame_ms,0.2156,
frame_ms,0.2409,
frame_ms,0.2279,
frame_ms,0.2647,
frame_ms,0.2911,
frame_ms,0.3779,
frame_ms,0.2817,
frame_ms,0.2279,
frame_ms,0.2218,
frame_ms,0.2196,
frame_ms,0.2523,
tick_us,553.3,4482
frame_ms,1.3969,
frame_ms,0.2429,
frame_ms,0.2163,
frame_ms,0.2388,
frame_ms,0.2214,
frame_ms,0.2153,
frame_ms,0.2451,
frame_ms,0.2536,
frame_ms,0.2227,
frame_ms,0.2372,
frame_ms,0.2335,
frame_ms,0.2401,
frame_ms,0.2188,
frame_ms,0.2352,
frame_ms,0.2123,
frame_ms,0.3096,
frame_ms,0.4061,
frame_ms,0.3488,
frame_ms,0.2891,
frame_ms,0.3084,
frame_ms,0.3004,
frame_ms,0.2319,
frame_ms,0.2204,
tick_us,575.1,4446
frame_ms,1.4841,
frame_ms,0.3098,
frame_ms,0.2508,
frame_ms,0.2179,
frame_ms,0.8866,
frame_ms,0.3101,
frame_ms,0.2644,
frame_ms,0.254,
frame_ms,0.3133,
frame_ms,0.3033,
frame_ms,0.2189,
frame_ms,0.2218,
frame_ms,0.2131,
frame_ms,0.2315,
frame_ms,0.2239,
frame_ms,0.2198,
frame_ms,0.2465,
frame_ms,0.3401,
frame_ms,0.3975,
tick_us,655.1,4450
frame_ms,1.6862,
frame_ms,0.2679,
frame_ms,0.2229,
frame_ms,0.232,
frame_ms,0.2303,
frame_ms,0.2187,
frame_ms,0.2761,
frame_ms,0.2269,
frame_ms,0.2348,
frame_ms,0.2379,
frame_ms,0.236,
frame_ms,0.2192,
frame_ms,0.2381,
frame_ms,0.2334,
frame_ms,0.2329,
frame_ms,0.2298,
frame_ms,0.2308,
frame_ms,0.2284,
frame_ms,0.2645,
frame_ms,0.2288,
frame_ms,0.2189,
frame_ms,0.2911,
frame_ms,0.2602,
tick_us,563.6,4474
frame_ms,1.4227,
frame_ms,0.2423,
frame_ms,0.2217,
frame_ms,0.2265,
frame_ms,0.282,
frame_ms,0.2533,
frame_ms,0.2267,
frame_ms,0.2115,
frame_ms,0.2147,
frame_ms,0.2436,
frame_ms,0.2245,
frame_ms,0.2146,
frame_ms,1.202,
frame_ms,0.4921,
frame_ms,0.2541,
frame_ms,0.2173,
frame_ms,0.2211,
frame_ms,0.2414,
frame_ms,0.2429,
tick_us,568.5,4430
frame_ms,1.4221,
frame_ms,0.2425,
frame_ms,0.2202,
frame_ms,0.2259,
frame_ms,0.2139,
frame_ms,0.2149,
frame_ms,0.2409,
frame_ms,0.2132,
frame_ms,0.2465,
frame_ms,0.2378,
frame_ms,0.2211,
frame_ms,0.2543,
frame_ms,0.3849,
frame_ms,0.3704,
frame_ms,0.3484,
frame_ms,0.3473,
frame_ms,0.3376,
frame_ms,0.3605,
frame_ms,0.3471,
frame_ms,0.3406,
tick_us,626,4436
frame_ms,1.5819,
frame_ms,0.2963,
frame_ms,0.2369,
frame_ms,0.2141,
frame_ms,0.2463,
frame_ms,0.2218,
frame_ms,0.2155,
frame_ms,0.2446,
frame_ms,0.216,
frame_ms,0.2153,
frame_ms,0.219,
frame_ms,0.2608,
frame_ms,0.2341,
frame_ms,0.216,
frame_ms,0.2328,
frame_ms,0.2223,
frame_ms,0.2383,
frame_ms,0.2269,
frame_ms,0.2149,
frame_ms,0.2286,
frame_ms,0.2384,
frame_ms,0.2276,
frame_ms,0.5128,
tick_us,560.3,4448
frame_ms,1.6364,
frame_ms,0.2508,
frame_ms,0.2272,
frame_ms,0.2266,
frame_ms,0.2188,
frame_ms,0.2355,
frame_ms,0.2211,
frame_ms,0.273,
frame_ms,0.2466,
frame_ms,0.2213,
frame_ms,0.2421,
frame_ms,0.2274,
frame_ms,0.2198,
frame_ms,0.2514,
frame_ms,0.2297,
frame_ms,0.2134,
frame_ms,0.2397,
frame_ms,0.2159,
frame_ms,0.2738,
frame_ms,0.2368,
frame_ms,0.2258,
frame_ms,0.2399,
frame_ms,0.232,
frame_ms,0.214,
tick_us,553.7,4424
frame_ms,1.4428,
frame_ms,0.2379,
frame_ms,0.2148,
frame_ms,0.2325,
frame_ms,0.2222,
frame_ms,0.218,
frame_ms,0.22,
frame_ms,0.2078,
frame_ms,0.2175,
frame_ms,0.2392,
frame_ms,0.2091,
frame_ms,0.2436,
frame_ms,0.2359,
frame_ms,0.22,
frame_ms,0.2178,
frame_ms,0.2375,
frame_ms,0.2136,
frame_ms,0.2057,
frame_ms,0.2404,
frame_ms,0.2207,
frame_ms,0.2123,
frame_ms,0.2237,
frame_ms,0.2342,
frame_ms,0.2102,
frame_ms,0.2041,
frame_ms,0.2244,
tick_us,549.3,4428
frame_ms,1.4159,
frame_ms,0.2585,
frame_ms,0.2173,
frame_ms,0.2249,
frame_ms,0.2114,
frame_ms,0.2088,
frame_ms,0.2499,
frame_ms,0.2245,
frame_ms,0.2117,
frame_ms,0.2267,
frame_ms,0.2379,
frame_ms,0.222,
frame_ms,0.2108,
frame_ms,0.2095,
frame_ms,0.2439,
frame_ms,0.22,
frame_ms,0.2233,
frame_ms,0.2136,
frame_ms,0.2716,
frame_ms,0.2259,
frame_ms,0.2078,
frame_ms,0.2247,
frame_ms,0.2124,
frame_ms,0.2717,
frame_ms,0.2233,
frame_ms,0.2119,
tick_us,557.5,4422
frame_ms,1.4005,
frame_ms,0.2277,
frame_ms,0.2077,
frame_ms,0.215,
frame_ms,0.2119,
frame_ms,0.2069,
frame_ms,0.2671,
frame_ms,0.2256,
frame_ms,0.2108,
frame_ms,0.2242,
frame_ms,0.2161,
frame_ms,0.2707,
frame_ms,0.228,
frame_ms,0.2088,
frame_ms,0.2064,
frame_ms,0.2492,
frame_ms,0.2187,
frame_ms,0.2117,
frame_ms,0.2267,
frame_ms,0.247,
frame_ms,0.221,
frame_ms,0.2131,
frame_ms,0.2397,
frame_ms,0.2244,
frame_ms,0.2082,
tick_us,550.7,4408
frame_ms,1.4077,
frame_ms,0.236,
frame_ms,0.2088,
frame_ms,0.2283,
frame_ms,0.2126,
frame_ms,0.2091,
frame_ms,0.259,
frame_ms,0.2228,
frame_ms,0.2147,
frame_ms,0.3245,
frame_ms,0.2733,
frame_ms,0.2418,
frame_ms,0.238,
frame_ms,0.2344,
frame_ms,0.2317,
frame_ms,0.2372,
frame_ms,0.2629,
frame_ms,0.2432,
frame_ms,0.2195,
frame_ms,0.2165,
frame_ms,0.2138,
frame_ms,0.269,
frame_ms,0.2246,
frame_ms,0.2111,
frame_ms,0.2543,
tick_us,565.2,4388
frame_ms,1.4264,
frame_ms,1.0344,
frame_ms,1.0151,
frame_ms,0.3357,
frame_ms,0.2249,
frame_ms,0.227,
frame_ms,0.2214,
frame_ms,0.2485,
frame_ms,0.2184,
frame_ms,0.214,
frame_ms,0.2401,
frame_ms,0.228,
frame_ms,0.2656,
frame_ms,0.2185,
frame_ms,0.2134,
frame_ms,0.2317,
frame_ms,0.221,
frame_ms,0.2148,
tick_us,577.8,4384
frame_ms,1.45,
frame_ms,0.6055,
frame_ms,0.3348,
frame_ms,0.2605,
frame_ms,0.2782,
frame_ms,0.2189,
frame_ms,0.2192,
frame_ms,0.2226,
frame_ms,0.2179,
frame_ms,0.38,
frame_ms,0.2548,
frame_ms,0.2244,
frame_ms,0.2234,
frame_ms,0.2191,
frame_ms,0.2159,
frame_ms,0.212,
frame_ms,0.2473,
frame_ms,0.2376,
frame_ms,0.2189,
frame_ms,0.2253,
frame_ms,0.2563,
tick_us,573.1,4384
frame_ms,1.4299,
frame_ms,0.2402,
frame_ms,0.5059,
frame_ms,0.2567,
frame_ms,0.2182,
frame_ms,0.224,
frame_ms,0.217,
frame_ms,0.2139,
frame_ms,0.2163,
frame_ms,0.2331,
frame_ms,0.223,
frame_ms,0.2278,
frame_ms,0.2326,
frame_ms,0.2368,
frame_ms,0.2209,
frame_ms,0.2145,
frame_ms,0.2266,
frame_ms,0.2153,
frame_ms,0.2761,
frame_ms,0.2321,
frame_ms,0.2147,
frame_ms,0.2085,
frame_ms,0.2675,
frame_ms,0.23,
tick_us,550.9,4384
frame_ms,1.3623,
frame_ms,0.2577,
frame_ms,0.2134,
frame_ms,0.3421,
frame_ms,0.479,
frame_ms,0.4456,
frame_ms,0.4957,
frame_ms,0.3583,
frame_ms,0.3586,
frame_ms,0.4509,
frame_ms,0.269,
frame_ms,0.2379,
frame_ms,0.2218,
frame_ms,0.2274,
frame_ms,0.2333,
frame_ms,0.2202,
frame_ms,0.2861,
frame_ms,0.2351,
frame_ms,0.2387,
tick_us,592.1,4360
frame_ms,1.5078,
frame_ms,0.2399,
frame_ms,0.2245,
frame_ms,0.2201,
frame_ms,0.2261,
frame_ms,0.3354,
frame_ms,0.4273,
frame_ms,0.3397,
frame_ms,0.2508,
frame_ms,0.2478,
frame_ms,0.2631,
frame_ms,0.2332,
frame_ms,0.2322,
frame_ms,0.2251,
frame_ms,0.2165,
frame_ms,0.2164,
frame_ms,0.255,
frame_ms,0.2744,
frame_ms,0.2567,
frame_ms,0.2399,
frame_ms,0.2324,
frame_ms,0.2277,
frame_ms,0.2284,
tick_us,610.4,4366
frame_ms,1.489,
frame_ms,0.2457,
frame_ms,0.2201,
frame_ms,0.232,
frame_ms,0.2227,
frame_ms,0.2767,
frame_ms,0.5242,
frame_ms,0.3842,
frame_ms,0.2834,
frame_ms,0.2223,
frame_ms,0.2637,
frame_ms,0.2251,
frame_ms,0.2175,
frame_ms,0.2141,
frame_ms,0.256,
frame_ms,0.2289,
frame_ms,0.2183,
frame_ms,0.2173,
frame_ms,0.2512,
frame_ms,0.229,
frame_ms,0.2193,
frame_ms,0.214,
tick_us,651.1,4344
frame_ms,1.6884,
frame_ms,0.3133,
frame_ms,0.3182,
frame_ms,0.3042,
frame_ms,0.2463,
frame_ms,0.3838,
frame_ms,0.4538,
frame_ms,0.3911,
frame_ms,0.3627,
frame_ms,0.2665,
frame_ms,0.2367,
frame_ms,0.2194,
frame_ms,0.2262,
frame_ms,0.2194,
frame_ms,0.2394,
frame_ms,0.2381,
frame_ms,0.2168,
frame_ms,0.248,
frame_ms,0.2702,
tick_us,586,4362
frame_ms,1.463,
frame_ms,0.2483,
frame_ms,0.222,
frame_ms,0.2418,
frame_ms,0.2282,
frame_ms,0.2314,
frame_ms,0.2205,
frame_ms,0.3346,
frame_ms,0.3432,
frame_ms,0.2591,
frame_ms,0.2175,
frame_ms,0.222,
frame_ms,0.2178,
frame_ms,0.2138,
frame_ms,0.2381,
frame_ms,0.2222,
frame_ms,0.2216,
frame_ms,0.2601,
frame_ms,0.2245,
frame_ms,0.212,
frame_ms,0.2267,
frame_ms,0.2226,
frame_ms,0.2196,
frame_ms,0.2127,
tick_us,592.3,4400
frame_ms,1.4641,
frame_ms,0.2388,
frame_ms,0.2129,
frame_ms,0.2253,
frame_ms,0.2135,
frame_ms,0.2091,
frame_ms,0.3985,
frame_ms,0.3997,
frame_ms,0.4862,
frame_ms,0.7196,
frame_ms,0.2643,
frame_ms,0.221,
frame_ms,0.2227,
frame_ms,0.2231,
frame_ms,0.2331,
frame_ms,0.2289,
frame_ms,0.2127,
frame_ms,0.2359,
frame_ms,0.3001,
frame_ms,0.2563,
tick_us,569.5,4370
frame_ms,1.4369,
frame_ms,0.2454,
frame_ms,0.2184,
frame_ms,0.2138,
frame_ms,0.2337,
frame_ms,0.2196,
frame_ms,0.2349,
frame_ms,0.2231,
frame_ms,0.223,
frame_ms,0.2174,
frame_ms,0.3252,
frame_ms,0.4033,
frame_ms,0.2777,
frame_ms,0.3105,
frame_ms,0.2452,
frame_ms,0.2342,
frame_ms,0.2486,
frame_ms,0.2311,
frame_ms,0.2238,
frame_ms,0.2274,
frame_ms,0.228,
frame_ms,0.2329,
frame_ms,0.2607,
tick_us,575.5,4406
frame_ms,1.4729,
frame_ms,0.2679,
frame_ms,0.2588,
frame_ms,0.2216,
frame_ms,0.2249,
frame_ms,0.2227,
frame_ms,0.2136,
frame_ms,0.2481,
frame_ms,0.2527,
frame_ms,0.2261,
frame_ms,0.2154,
frame_ms,0.2628,
frame_ms,0.2952,
frame_ms,0.5894,
frame_ms,0.4282,
frame_ms,0.2519,
frame_ms,0.2289,
frame_ms,0.2216,
frame_ms,0.2351,
frame_ms,0.218,
frame_ms,0.2392,
frame_ms,0.2203,
tick_us,594,4476
frame_ms,1.4348,
frame_ms,0.2409,
frame_ms,0.2228,
frame_ms,0.2204,
frame_ms,0.216,
frame_ms,0.2313,
frame_ms,0.2402,
frame_ms,0.2343,
frame_ms,0.2197,
frame_ms,0.2553,
frame_ms,0.227,
frame_ms,0.2241,
frame_ms,0.6324,
frame_ms,0.3989,
frame_ms,0.3377,
frame_ms,0.221,
frame_ms,0.2239,
frame_ms,0.2473,
frame_ms,0.2232,
frame_ms,0.2448,
frame_ms,0.2301,
frame_ms,0.235,
tick_us,570.4,4462
frame_ms,1.4254,
frame_ms,0.2598,
frame_ms,0.2167,
frame_ms,0.2224,
frame_ms,0.2164,
frame_ms,0.2392,
frame_ms,0.2352,
frame_ms,0.218,
frame_ms,0.2113,
frame_ms,0.245,
frame_ms,0.238,
frame_ms,0.2211,
frame_ms,0.2202,
frame_ms,0.2586,
frame_ms,0.2472,
frame_ms,0.425,
frame_ms,0.3171,
frame_ms,0.2383,
frame_ms,0.2286,
frame_ms,0.3928,
frame_ms,0.2876,
frame_ms,0.2447,
frame_ms,0.2241,
tick_us,611.5,4474
frame_ms,1.5611,
frame_ms,0.3111,
frame_ms,0.2619,
frame_ms,0.2251,
frame_ms,0.236,
frame_ms,0.2283,
frame_ms,0.9741,
frame_ms,0.2593,
frame_ms,0.2574,
frame_ms,0.3261,
frame_ms,0.4187,
frame_ms,0.2888,
frame_ms,0.2283,
frame_ms,0.2291,
frame_ms,0.2202,
frame_ms,0.2136,
frame_ms,0.2239,
frame_ms,0.2347,
frame_ms,0.2292,
tick_us,598.4,4466
frame_ms,1.4282,
frame_ms,0.2361,
frame_ms,0.2239,
frame_ms,0.2264,
frame_ms,0.2136,
frame_ms,0.2148,
frame_ms,0.2462,
frame_ms,0.2275,
frame_ms,0.2215,
frame_ms,0.2639,
frame_ms,0.2254,
frame_ms,0.2588,
frame_ms,0.2159,
frame_ms,0.227,
frame_ms,0.2808,
frame_ms,0.2417,
frame_ms,0.2215,
frame_ms,0.4641,
frame_ms,0.566,
frame_ms,0.2811,
frame_ms,0.2248,
frame_ms,0.2218,
tick_us,577.2,4460
frame_ms,1.4097,
frame_ms,0.2383,
frame_ms,0.2148,
frame_ms,0.2205,
frame_ms,0.2186,
frame_ms,0.3871,
frame_ms,0.2675,
frame_ms,0.2413,
frame_ms,0.2309,
frame_ms,0.2319,
frame_ms,0.2268,
frame_ms,0.223,
frame_ms,0.237,
frame_ms,0.2419,
frame_ms,0.2279,
frame_ms,0.4358,
frame_ms,0.4149,
frame_ms,0.3964,
frame_ms,0.3776,
frame_ms,0.2975,
frame_ms,0.2257,
tick_us,608.5,4432
frame_ms,1.5421,
frame_ms,0.3915,
frame_ms,0.2542,
frame_ms,0.2283,
frame_ms,0.3885,
frame_ms,0.3796,
frame_ms,0.373,
frame_ms,0.3448,
frame_ms,0.3573,
frame_ms,0.3441,
frame_ms,0.3432,
frame_ms,0.3422,
frame_ms,0.5967,
frame_ms,0.2689,
frame_ms,0.2207,
frame_ms,0.2325,
frame_ms,0.2318,
tick_us,570.7,4444
frame_ms,1.4068,
frame_ms,0.245,
frame_ms,0.2627,
frame_ms,0.2294,
frame_ms,0.2231,
frame_ms,0.2195,
frame_ms,0.2155,
frame_ms,0.2512,
frame_ms,0.2223,
frame_ms,0.2701,
frame_ms,0.2327,
frame_ms,0.2213,
frame_ms,0.2078,
frame_ms,0.3161,
frame_ms,0.2418,
frame_ms,0.2374,
frame_ms,0.2205,
frame_ms,0.2254,
frame_ms,0.2357,
frame_ms,0.4141,
frame_ms,0.4179,
frame_ms,0.2448,
frame_ms,0.231,
tick_us,580.6,4424
frame_ms,1.4417,
frame_ms,0.2532,
frame_ms,0.2274,
frame_ms,0.2274,
frame_ms,0.2331,
frame_ms,0.2193,
frame_ms,0.2241,
frame_ms,0.2294,
frame_ms,0.307,
frame_ms,0.3155,
frame_ms,0.2558,
frame_ms,0.2315,
frame_ms,0.2377,
frame_ms,0.2241,
frame_ms,0.2176,
frame_ms,0.2245,
frame_ms,0.2538,
frame_ms,0.2299,
frame_ms,0.2241,
frame_ms,0.5581,
frame_ms,0.2969,
frame_ms,0.2313,
tick_us,592,4422
frame_ms,1.4284,
frame_ms,0.2405,
frame_ms,0.22,
frame_ms,0.2354,
frame_ms,0.2246,
frame_ms,0.2875,
frame_ms,0.2352,
frame_ms,0.222,
frame_ms,0.2336,
frame_ms,0.2327,
frame_ms,0.2208,
frame_ms,0.2438,
frame_ms,0.2237,
frame_ms,0.2207,
frame_ms,0.2287,
frame_ms,0.2337,
frame_ms,0.2269,
frame_ms,0.2167,
frame_ms,0.2587,
frame_ms,0.2241,
frame_ms,0.221,
frame_ms,0.3226,
frame_ms,0.8714,
tick_us,596.8,4408
frame_ms,1.5233,
frame_ms,0.2486,
frame_ms,0.2232,
frame_ms,0.2252,
frame_ms,0.2285,
frame_ms,0.2161,
frame_ms,0.2399,
frame_ms,0.2557,
frame_ms,0.2377,
frame_ms,0.2183,
frame_ms,0.2576,
frame_ms,0.2363,
frame_ms,0.2273,
frame_ms,0.2158,
frame_ms,0.2379,
frame_ms,0.2367,
frame_ms,0.2154,
frame_ms,0.2338,
frame_ms,0.2371,
frame_ms,0.2384,
frame_ms,0.2224,
frame_ms,0.2437,
frame_ms,0.2295,
tick_us,574.1,4410
frame_ms,1.418,
frame_ms,0.3025,
frame_ms,0.3153,
frame_ms,0.2784,
frame_ms,0.2968,
frame_ms,0.2368,
frame_ms,0.2229,
frame_ms,0.2461,
frame_ms,0.228,
frame_ms,0.2726,
frame_ms,0.2187,
frame_ms,0.2443,
frame_ms,0.2335,
frame_ms,0.223,
frame_ms,0.2491,
frame_ms,0.2227,
frame_ms,0.2339,
frame_ms,0.3057,
frame_ms,0.2632,
frame_ms,0.254,
frame_ms,0.2544,
frame_ms,0.3127,
tick_us,699.1,4428
frame_ms,1.9465,
frame_ms,0.3447,
frame_ms,0.2661,
frame_ms,0.3158,
frame_ms,0.2583,
frame_ms,0.2197,
frame_ms,0.2349,
frame_ms,0.2177,
frame_ms,0.2153,
frame_ms,0.2359,
frame_ms,0.2236,
frame_ms,0.2226,
frame_ms,0.2354,
frame_ms,0.2376,
frame_ms,0.2308,
frame_ms,0.2346,
frame_ms,0.2281,
frame_ms,0.2274,
frame_ms,0.2202,
frame_ms,0.2137,
frame_ms,0.2401,
frame_ms,0.3417,
tick_us,570.2,4442
frame_ms,1.5974,
frame_ms,0.2781,
frame_ms,0.2374,
frame_ms,0.2207,
frame_ms,0.2372,
frame_ms,0.2178,
frame_ms,0.2342,
frame_ms,0.2373,
frame_ms,0.2321,
frame_ms,0.2233,
frame_ms,0.2336,
frame_ms,0.2432,
frame_ms,0.2502,
frame_ms,0.2458,
frame_ms,0.2228,
frame_ms,0.2159,
frame_ms,0.2357,
frame_ms,0.2167,
frame_ms,0.2346,
frame_ms,0.228,
frame_ms,0.216,
frame_ms,0.2395,
frame_ms,0.2271,
frame_ms,0.2249,
tick_us,560.9,4428
frame_ms,1.4093,
frame_ms,0.2446,
frame_ms,0.2151,
frame_ms,0.2301,
frame_ms,0.2178,
frame_ms,0.2389,
frame_ms,0.2148,
frame_ms,0.3168,
frame_ms,0.2908,
frame_ms,0.2322,
frame_ms,0.2287,
frame_ms,0.232,
frame_ms,0.2341,
frame_ms,0.2258,
frame_ms,0.2399,
frame_ms,0.2289,
frame_ms,0.2537,
frame_ms,0.2786,
frame_ms,0.2476,
frame_ms,0.2434,
frame_ms,0.235,
frame_ms,0.2175,
frame_ms,0.2197,
frame_ms,0.2169,
tick_us,578.5,4418
frame_ms,1.4397,
frame_ms,0.2374,
frame_ms,0.2219,
frame_ms,0.2224,
frame_ms,0.2207,
frame_ms,0.2231,
frame_ms,0.2478,
frame_ms,0.2646,
frame_ms,0.2166,
frame_ms,0.2317,
frame_ms,0.2118,
frame_ms,0.2258,
frame_ms,0.2434,
frame_ms,0.2342,
frame_ms,0.2183,
frame_ms,0.249,
frame_ms,0.2408,
frame_ms,0.2229,
frame_ms,0.2317,
frame_ms,0.2252,
frame_ms,0.2662,
frame_ms,0.2371,
frame_ms,0.2181,
frame_ms,0.215,
frame_ms,0.2765,
tick_us,555.5,4432
frame_ms,1.3872,
frame_ms,0.2424,
frame_ms,0.4361,
frame_ms,0.3684,
frame_ms,0.3454,
frame_ms,0.341,
frame_ms,0.3857,
frame_ms,0.2635,
frame_ms,0.2367,
frame_ms,0.2368,
frame_ms,0.2238,
frame_ms,0.2208,
frame_ms,0.2947,
frame_ms,0.2287,
frame_ms,0.2207,
frame_ms,0.2373,
frame_ms,0.2375,
frame_ms,0.2322,
frame_ms,0.221,
frame_ms,0.2203,
frame_ms,0.2413,
tick_us,554.2,4444
frame_ms,1.3985,
frame_ms,0.2439,
frame_ms,0.2194,
frame_ms,0.2345,
frame_ms,0.2199,
frame_ms,0.2205,
frame_ms,0.2441,
frame_ms,0.2416,
frame_ms,0.2264,
frame_ms,0.2143,
frame_ms,0.2492,
frame_ms,0.2194,
frame_ms,0.2307,
frame_ms,0.2141,
frame_ms,0.2608,
frame_ms,0.2379,
frame_ms,0.2423,
frame_ms,0.2291,
frame_ms,0.2121,
frame_ms,0.3093,
frame_ms,0.2779,
frame_ms,0.2375,
frame_ms,0.2307,
frame_ms,0.2223,
frame_ms,0.2189,
tick_us,583.2,4450
frame_ms,1.4837,
frame_ms,0.7057,
frame_ms,0.3187,
frame_ms,0.2396,
frame_ms,0.225,
frame_ms,0.2243,
frame_ms,0.2191,
frame_ms,0.2151,
frame_ms,0.2368,
frame_ms,0.2389,
frame_ms,0.214,
frame_ms,0.2427,
frame_ms,0.2128,
frame_ms,0.246,
frame_ms,0.2147,
frame_ms,0.2829,
frame_ms,0.2411,
frame_ms,0.3808,
frame_ms,0.2788,
frame_ms,0.2728,
frame_ms,0.234,
tick_us,573.8,4448
frame_ms,1.4581,
frame_ms,0.2633,
frame_ms,0.2262,
frame_ms,0.2277,
frame_ms,0.2304,
frame_ms,0.2237,
frame_ms,0.218,
frame_ms,0.2322,
frame_ms,0.3515,
frame_ms,0.3064,
frame_ms,0.2386,
frame_ms,0.2329,
frame_ms,0.3219,
frame_ms,0.2212,
frame_ms,0.2189,
frame_ms,0.2338,
frame_ms,0.2258,
frame_ms,0.222,
frame_ms,0.2161,
frame_ms,0.2696,
frame_ms,0.3356,
frame_ms,0.2601,
frame_ms,0.2253,
tick_us,569.2,4434
frame_ms,1.453,
frame_ms,0.5199,
frame_ms,0.4123,
frame_ms,0.3667,
frame_ms,0.357,
frame_ms,0.3459,
frame_ms,0.3396,
frame_ms,0.2984,
frame_ms,0.2648,
frame_ms,0.2232,
frame_ms,0.2405,
frame_ms,0.2218,
frame_ms,0.2252,
frame_ms,0.2539,
frame_ms,0.2489,
frame_ms,0.226,
frame_ms,0.2205,
frame_ms,0.2389,
frame_ms,0.2409,
frame_ms,0.2217,
tick_us,721.9,4466
frame_ms,1.5839,
frame_ms,0.3034,
frame_ms,0.7464,
frame_ms,0.3739,
frame_ms,0.2519,
frame_ms,0.3041,
frame_ms,0.2543,
frame_ms,0.238,
frame_ms,0.2214,
frame_ms,0.2213,
frame_ms,0.2501,
frame_ms,0.2267,
frame_ms,0.2721,
frame_ms,0.2377,
frame_ms,0.2232,
frame_ms,0.2405,
frame_ms,0.236,
frame_ms,0.2187,
frame_ms,0.2235,
frame_ms,0.2619,
tick_us,556.5,4486
frame_ms,1.3989,
frame_ms,0.2369,
frame_ms,0.2264,
frame_ms,0.3049,
frame_ms,0.2352,
frame_ms,0.2208,
frame_ms,0.2195,
frame_ms,0.2134,
frame_ms,0.2353,
frame_ms,0.2388,
frame_ms,0.2576,
frame_ms,0.228,
frame_ms,0.2156,
frame_ms,0.2433,
frame_ms,0.2806,
frame_ms,0.2721,
frame_ms,0.2474,
frame_ms,0.2365,
frame_ms,0.229,
frame_ms,0.2285,
frame_ms,0.2249,
frame_ms,0.2496,
frame_ms,0.2811,
frame_ms,0.2259,
tick_us,580.5,4472
frame_ms,1.4037,
frame_ms,0.255,
frame_ms,0.2222,
frame_ms,0.2289,
frame_ms,0.3554,
frame_ms,0.8366,
frame_ms,0.3743,
frame_ms,0.2288,
frame_ms,0.2302,
frame_ms,0.2219,
frame_ms,0.2224,
frame_ms,0.2404,
frame_ms,0.2253,
frame_ms,0.2297,
frame_ms,0.2315,
frame_ms,0.2515,
frame_ms,0.2233,
frame_ms,0.218,
frame_ms,0.275,
frame_ms,0.2503,
frame_ms,0.2296,
tick_us,601,4474
frame_ms,1.4586,
frame_ms,0.238,
frame_ms,0.2098,
frame_ms,0.2281,
frame_ms,0.2395,
frame_ms,0.2308,
frame_ms,0.2299,
frame_ms,0.2142,
frame_ms,0.2234,
frame_ms,0.2353,
frame_ms,0.2094,
frame_ms,0.2142,
frame_ms,0.2357,
frame_ms,0.2103,
frame_ms,0.2301,
frame_ms,0.2425,
frame_ms,0.2277,
frame_ms,0.2133,
frame_ms,0.2351,
frame_ms,0.2383,
frame_ms,0.2275,
frame_ms,0.2231,
frame_ms,0.2398,
frame_ms,0.218,
frame_ms,0.2159,
tick_us,571,4452
frame_ms,1.4429,
frame_ms,0.2466,
frame_ms,0.2184,
frame_ms,0.2317,
frame_ms,0.2216,
frame_ms,0.2219,
frame_ms,0.2919,
frame_ms,0.2665,
frame_ms,0.2463,
frame_ms,0.2472,
frame_ms,0.2354,
frame_ms,0.2396,
frame_ms,0.3974,
frame_ms,0.2866,
frame_ms,0.2542,
frame_ms,0.2467,
frame_ms,0.2227,
frame_ms,0.2175,
frame_ms,0.2164,
frame_ms,0.2421,
frame_ms,0.2302,
frame_ms,0.2161,
frame_ms,0.2333,
frame_ms,0.2192,
tick_us,572.4,4462
frame_ms,1.4376,
frame_ms,0.2504,
frame_ms,0.2189,
frame_ms,0.2415,
frame_ms,0.2266,
frame_ms,0.23,
frame_ms,0.2158,
frame_ms,0.2147,
frame_ms,0.3453,
frame_ms,0.4025,
frame_ms,0.3464,
frame_ms,0.256,
frame_ms,0.2292,
frame_ms,0.2164,
frame_ms,0.2175,
frame_ms,0.2242,
frame_ms,0.2374,
frame_ms,0.235,
frame_ms,0.2298,
frame_ms,0.2132,
frame_ms,0.2418,
frame_ms,0.2164,
frame_ms,0.2087,
tick_us,558.5,4496
frame_ms,1.3973,
frame_ms,0.2418,
frame_ms,0.2186,
frame_ms,0.248,
frame_ms,0.2405,
frame_ms,0.2696,
frame_ms,0.2341,
frame_ms,0.2239,
frame_ms,0.213,
frame_ms,0.4438,
frame_ms,0.391,
frame_ms,0.2486,
frame_ms,0.2241,
frame_ms,0.2271,
frame_ms,0.227,
frame_ms,0.2227,
frame_ms,0.2217,
frame_ms,0.2476,
frame_ms,0.2212,
frame_ms,0.254,
frame_ms,0.2717,
frame_ms,0.2707,
frame_ms,0.2421,
tick_us,568.8,4500
frame_ms,1.4284,
frame_ms,0.2394,
frame_ms,0.217,
frame_ms,0.2189,
frame_ms,0.2221,
frame_ms,0.2143,
frame_ms,0.2391,
frame_ms,0.2273,
frame_ms,0.2226,
frame_ms,0.4362,
frame_ms,0.3732,
frame_ms,0.2582,
frame_ms,0.227,
frame_ms,0.2224,
frame_ms,0.2309,
frame_ms,0.2217,
frame_ms,0.2377,
frame_ms,0.2381,
frame_ms,0.2212,
frame_ms,0.2657,
frame_ms,0.3711,
frame_ms,0.252,
frame_ms,0.225,
tick_us,549.5,4466
frame_ms,1.4068,
frame_ms,0.2574,
frame_ms,0.2184,
frame_ms,0.2173,
frame_ms,0.22,
frame_ms,0.2398,
frame_ms,0.2237,
frame_ms,0.2332,
frame_ms,0.2185,
frame_ms,0.2374,
frame_ms,0.2162,
frame_ms,0.2236,
frame_ms,0.3989,
frame_ms,0.2398,
frame_ms,0.2313,
frame_ms,0.236,
frame_ms,0.2245,
frame_ms,0.2178,
frame_ms,0.2235,
frame_ms,0.2644,
frame_ms,0.2884,
frame_ms,0.2482,
frame_ms,0.2295,
frame_ms,0.2224,
tick_us,598.8,4446
frame_ms,1.4425,
frame_ms,0.2879,
frame_ms,0.2571,
frame_ms,0.2365,
frame_ms,0.271,
frame_ms,0.3425,
frame_ms,0.2295,
frame_ms,0.2238,
frame_ms,0.2178,
frame_ms,0.3402,
frame_ms,0.4535,
frame_ms,0.3509,
frame_ms,0.3673,
frame_ms,0.3443,
frame_ms,0.3441,
frame_ms,0.284,
frame_ms,0.2362,
frame_ms,0.2448,
frame_ms,0.2216,
frame_ms,0.2198,
tick_us,558.7,4412
frame_ms,1.38,
frame_ms,0.2354,
frame_ms,0.2165,
frame_ms,0.2223,
frame_ms,0.2159,
frame_ms,0.2133,
frame_ms,0.2439,
frame_ms,0.219,
frame_ms,0.2107,
frame_ms,0.2433,
frame_ms,0.3814,
frame_ms,0.3068,
frame_ms,0.4221,
frame_ms,0.3697,
frame_ms,0.2232,
frame_ms,0.2225,
frame_ms,0.2226,
frame_ms,0.2177,
frame_ms,0.2175,
frame_ms,0.2744,
frame_ms,0.2379,
frame_ms,0.2419,
frame_ms,0.2177,
tick_us,553.6,4414
frame_ms,1.4037,
frame_ms,0.2382,
frame_ms,0.2173,
frame_ms,0.2219,
frame_ms,0.2127,
frame_ms,0.2154,
frame_ms,1.1669,
frame_ms,0.2865,
frame_ms,0.244,
frame_ms,0.2819,
frame_ms,0.6667,
frame_ms,0.3225,
frame_ms,0.2507,
frame_ms,0.219,
frame_ms,0.2234,
frame_ms,0.2194,
frame_ms,0.2161,
frame_ms,0.2132,
tick_us,580.3,4422
frame_ms,1.4193,
frame_ms,0.2382,
frame_ms,0.2856,
frame_ms,0.2288,
frame_ms,0.2537,
frame_ms,0.2496,
frame_ms,0.2227,
frame_ms,1.2057,
frame_ms,0.2827,
frame_ms,0.2419,
frame_ms,0.2506,
frame_ms,0.4538,
frame_ms,0.366,
frame_ms,0.2964,
frame_ms,0.2163,
frame_ms,0.2229,
frame_ms,0.224,
frame_ms,0.2394,
tick_us,580.7,4442
frame_ms,1.4477,
frame_ms,0.2479,
frame_ms,0.2205,
frame_ms,0.2323,
frame_ms,0.2202,
frame_ms,0.2166,
frame_ms,0.22,
frame_ms,0.2358,
frame_ms,0.2267,
frame_ms,0.2247,
frame_ms,0.2284,
frame_ms,0.2217,
frame_ms,0.2218,
frame_ms,0.2693,
frame_ms,0.2639,
frame_ms,0.2344,
frame_ms,0.5012,
frame_ms,0.2794,
frame_ms,0.2305,
frame_ms,0.2464,
frame_ms,0.232,
frame_ms,0.2206,
frame_ms,0.2156,
frame_ms,0.2305,
tick_us,621.7,4458
frame_ms,1.4383,
frame_ms,0.258,
frame_ms,0.2208,
frame_ms,0.2277,
frame_ms,0.2236,
frame_ms,0.2286,
frame_ms,0.2222,
frame_ms,0.2605,
frame_ms,0.2744,
frame_ms,0.2378,
frame_ms,0.2261,
frame_ms,0.2486,
frame_ms,0.2233,
frame_ms,0.2152,
frame_ms,0.2489,
frame_ms,0.3998,
frame_ms,0.4038,
frame_ms,0.2839,
frame_ms,0.2188,
frame_ms,0.2247,
frame_ms,0.2193,
frame_ms,0.2131,
frame_ms,0.3038,
tick_us,574.8,4492
frame_ms,1.448,
frame_ms,0.2392,
frame_ms,0.2591,
frame_ms,0.2269,
frame_ms,0.2208,
frame_ms,0.2215,
frame_ms,0.2153,
frame_ms,0.2731,
frame_ms,0.2228,
frame_ms,0.2147,
frame_ms,0.2352,
frame_ms,0.2278,
frame_ms,0.215,
frame_ms,0.2195,
frame_ms,0.239,
frame_ms,0.2199,
frame_ms,0.3769,
frame_ms,0.5255,
frame_ms,0.8381,
frame_ms,0.3066,
tick_us,585,4502
frame_ms,1.4565,
frame_ms,0.2444,
frame_ms,0.2273,
frame_ms,0.2458,
frame_ms,0.2348,
frame_ms,0.2391,
frame_ms,0.2629,
frame_ms,0.2267,
frame_ms,0.2237,
frame_ms,0.2833,
frame_ms,0.234,
frame_ms,0.2271,
frame_ms,0.2174,
frame_ms,0.3891,
frame_ms,0.4239,
frame_ms,0.3645,
frame_ms,0.3866,
frame_ms,0.474,
frame_ms,0.2508,
frame_ms,0.2546,
tick_us,573.2,4490
frame_ms,1.4191,
frame_ms,0.2947,
frame_ms,0.2289,
frame_ms,0.2206,
frame_ms,0.2285,
frame_ms,0.2194,
frame_ms,0.2167,
frame_ms,0.2372,
frame_ms,0.2198,
frame_ms,0.2161,
frame_ms,0.2284,
frame_ms,0.2253,
frame_ms,0.2748,
frame_ms,0.24,
frame_ms,0.2302,
frame_ms,0.2232,
frame_ms,0.227,
frame_ms,0.2177,
frame_ms,0.2203,
frame_ms,0.2375,
frame_ms,0.231,
frame_ms,0.4065,
frame_ms,0.2458,
frame_ms,0.2172,
tick_us,555.2,4492
frame_ms,1.3986,
frame_ms,0.2409,
frame_ms,0.2177,
frame_ms,0.2207,
frame_ms,0.2447,
frame_ms,0.2608,
frame_ms,0.2345,
frame_ms,0.2261,
frame_ms,0.2253,
frame_ms,0.2934,
frame_ms,0.2511,
frame_ms,0.2305,
frame_ms,0.2229,
frame_ms,0.2142,
frame_ms,0.2418,
frame_ms,0.2283,
frame_ms,0.2148,
frame_ms,0.2474,
frame_ms,0.2214,
frame_ms,0.2164,
frame_ms,0.2865,
frame_ms,0.266,
frame_ms,0.3637,
tick_us,617.5,4498
frame_ms,1.6623,
frame_ms,0.3938,
frame_ms,0.2311,
frame_ms,0.2246,
frame_ms,0.2199,
frame_ms,0.2144,
frame_ms,0.2369,
frame_ms,0.2289,
frame_ms,0.2454,
frame_ms,0.2392,
frame_ms,0.2287,
frame_ms,0.2282,
frame_ms,0.213,
frame_ms,0.24,
frame_ms,0.2137,
frame_ms,0.218,
frame_ms,0.2344,
frame_ms,0.2343,
frame_ms,0.2239,
frame_ms,0.2158,
frame_ms,0.4515,
frame_ms,0.6687,
tick_us,556.1,4546
frame_ms,1.4126,
frame_ms,0.2354,
frame_ms,0.2231,
frame_ms,0.2244,
frame_ms,0.4399,
frame_ms,0.3044,
frame_ms,0.2651,
frame_ms,0.2227,
frame_ms,0.2365,
frame_ms,0.2263,
frame_ms,0.2166,
frame_ms,0.2168,
frame_ms,0.2279,
frame_ms,0.2671,
frame_ms,0.2314,
frame_ms,0.2311,
frame_ms,0.2217,
frame_ms,0.2134,
frame_ms,0.2937,
frame_ms,0.2903,
frame_ms,0.249,
frame_ms,0.235,
tick_us,569.6,4570
frame_ms,1.4989,
frame_ms,0.258,
frame_ms,0.2199,
frame_ms,0.2345,
frame_ms,0.2231,
frame_ms,0.2206,
frame_ms,0.2244,
frame_ms,0.2141,
frame_ms,0.217,
frame_ms,0.2319,
frame_ms,0.209,
frame_ms,0.2169,
frame_ms,0.2634,
frame_ms,0.2233,
frame_ms,0.2185,
frame_ms,0.2148,
frame_ms,0.2371,
frame_ms,0.233,
frame_ms,0.2167,
frame_ms,0.2394,
frame_ms,0.2114,
frame_ms,0.2714,
frame_ms,0.2193,
frame_ms,0.2304,
frame_ms,0.2339,
tick_us,607.5,4588
frame_ms,1.5427,
frame_ms,0.3272,
frame_ms,0.4725,
frame_ms,0.2125,
frame_ms,0.2184,
frame_ms,0.2198,
frame_ms,0.2408,
frame_ms,0.253,
frame_ms,0.2326,
frame_ms,0.2162,
frame_ms,0.2421,
frame_ms,0.225,
frame_ms,0.2203,
frame_ms,0.2369,
frame_ms,0.2227,
frame_ms,0.2219,
frame_ms,0.3314,
frame_ms,0.416,
frame_ms,0.3529,
frame_ms,0.349,
frame_ms,0.359,
tick_us,582.6,4502
frame_ms,1.6038,
frame_ms,0.2635,
frame_ms,0.2252,
frame_ms,0.2396,
frame_ms,0.2249,
frame_ms,0.2196,
frame_ms,0.2423,
frame_ms,0.2368,
frame_ms,0.2238,
frame_ms,0.2151,
frame_ms,0.2671,
frame_ms,0.2329,
frame_ms,0.2197,
frame_ms,0.2328,
frame_ms,0.2187,
frame_ms,0.2631,
frame_ms,0.2313,
frame_ms,0.2164,
frame_ms,0.2379,
frame_ms,0.2088,
frame_ms,0.2136,
frame_ms,0.2634,
frame_ms,0.2291,
frame_ms,0.2153,
tick_us,562.3,4502
frame_ms,1.4148,
frame_ms,0.2861,
frame_ms,0.2355,
frame_ms,0.2139,
frame_ms,0.2169,
frame_ms,0.217,
frame_ms,0.2384,
frame_ms,0.2333,
frame_ms,0.215,
frame_ms,0.2621,
frame_ms,0.235,
frame_ms,0.2189,
frame_ms,0.2158,
frame_ms,0.2377,
frame_ms,0.2325,
frame_ms,0.2143,
frame_ms,0.2618,
frame_ms,0.2278,
frame_ms,0.2176,
frame_ms,0.234,
frame_ms,0.2217,
frame_ms,0.3585,
frame_ms,0.4519,
tick_us,608.8,4462
frame_ms,1.6793,
frame_ms,0.2724,
frame_ms,0.2207,
frame_ms,0.227,
frame_ms,0.2201,
frame_ms,0.2114,
frame_ms,0.239,
frame_ms,0.2278,
frame_ms,0.2111,
frame_ms,0.2311,
frame_ms,0.209,
frame_ms,0.2341,
frame_ms,0.2351,
frame_ms,0.2122,
frame_ms,0.2092,
frame_ms,0.2353,
frame_ms,0.2362,
frame_ms,0.2148,
frame_ms,0.2613,
frame_ms,0.2287,
frame_ms,0.2134,
frame_ms,0.2407,
frame_ms,0.2251,
frame_ms,0.2167,
tick_us,562.5,4482
frame_ms,1.5368,
frame_ms,0.2863,
frame_ms,0.3089,
frame_ms,0.2323,
frame_ms,0.2131,
frame_ms,0.2158,
frame_ms,0.2146,
frame_ms,0.2398,
frame_ms,0.2341,
frame_ms,0.2191,
frame_ms,0.215,
frame_ms,0.2382,
frame_ms,0.2256,
frame_ms,0.2161,
frame_ms,0.2581,
frame_ms,0.2251,
frame_ms,0.2168,
frame_ms,0.21,
frame_ms,0.2449,
frame_ms,0.2261,
frame_ms,0.2124,
frame_ms,0.2717,
frame_ms,0.2324,
frame_ms,0.2145,
tick_us,567.4,4448
frame_ms,1.5161,
frame_ms,0.332,
frame_ms,0.2685,
frame_ms,0.2534,
frame_ms,0.339,
frame_ms,0.2559,
frame_ms,0.2269,
frame_ms,0.224,
frame_ms,0.2242,
frame_ms,0.2166,
frame_ms,0.2313,
frame_ms,0.2797,
frame_ms,0.2405,
frame_ms,0.2293,
frame_ms,0.2284,
frame_ms,0.2534,
frame_ms,0.241,
frame_ms,0.2248,
frame_ms,0.2398,
frame_ms,0.294,
frame_ms,0.2293,
frame_ms,0.223,
frame_ms,0.2194,
tick_us,578.6,4424
frame_ms,1.4243,
frame_ms,0.3466,
frame_ms,0.4862,
frame_ms,0.2522,
frame_ms,0.2175,
frame_ms,0.2228,
frame_ms,0.2129,
frame_ms,0.2361,
frame_ms,0.2179,
frame_ms,0.2693,
frame_ms,0.2307,
frame_ms,0.2125,
frame_ms,0.2618,
frame_ms,0.232,
frame_ms,0.218,
frame_ms,0.23,
frame_ms,0.2224,
frame_ms,0.2707,
frame_ms,0.2353,
frame_ms,0.2153,
frame_ms,0.2381,
frame_ms,0.2084,
frame_ms,0.2126,
tick_us,566.6,4414
frame_ms,1.4073,
frame_ms,0.2349,
frame_ms,0.2146,
frame_ms,0.4604,
frame_ms,0.4225,
frame_ms,0.2849,
frame_ms,0.2401,
frame_ms,0.2434,
frame_ms,0.2445,
frame_ms,0.3123,
frame_ms,0.2287,
frame_ms,0.2262,
frame_ms,0.2223,
frame_ms,0.2234,
frame_ms,0.2674,
frame_ms,0.3007,
frame_ms,0.249,
frame_ms,0.2308,
frame_ms,0.2265,
frame_ms,0.2232,
frame_ms,0.2372,
frame_ms,0.262,
tick_us,589.1,4420
frame_ms,1.4448,
frame_ms,0.2444,
frame_ms,0.3374,
frame_ms,0.5074,
frame_ms,0.2532,
frame_ms,0.2193,
frame_ms,0.2542,
frame_ms,0.3046,
frame_ms,0.2737,
frame_ms,0.2886,
frame_ms,0.249,
frame_ms,0.2277,
frame_ms,0.2328,
frame_ms,0.2251,
frame_ms,0.2205,
frame_ms,0.2221,
frame_ms,0.2407,
frame_ms,0.2374,
frame_ms,0.2395,
frame_ms,0.2348,
frame_ms,0.2613,
frame_ms,0.3318,
tick_us,589.1,4412
frame_ms,1.4642,
frame_ms,0.2411,
frame_ms,0.2255,
frame_ms,0.2298,
frame_ms,0.4435,
frame_ms,0.3736,
frame_ms,0.2952,
frame_ms,0.2486,
frame_ms,0.221,
frame_ms,0.2277,
frame_ms,0.2271,
frame_ms,0.2194,
frame_ms,0.2151,
frame_ms,0.2395,
frame_ms,0.3153,
frame_ms,0.3003,
frame_ms,0.2562,
frame_ms,0.2358,
frame_ms,0.2392,
frame_ms,0.2427,
frame_ms,0.2419,
frame_ms,0.268,
tick_us,570,4438
frame_ms,1.4499,
frame_ms,0.2466,
frame_ms,0.258,
frame_ms,0.2187,
frame_ms,0.2265,
frame_ms,0.3362,
frame_ms,0.5024,
frame_ms,0.3038,
frame_ms,0.2702,
frame_ms,0.2262,
frame_ms,0.2232,
frame_ms,0.2233,
frame_ms,0.241,
frame_ms,0.2325,
frame_ms,0.2697,
frame_ms,0.3005,
frame_ms,0.2393,
frame_ms,0.2237,
frame_ms,0.2242,
frame_ms,0.2198,
frame_ms,0.2409,
frame_ms,0.2325,
tick_us,589.8,4428
frame_ms,1.4561,
frame_ms,0.2464,
frame_ms,0.229,
frame_ms,0.2182,
frame_ms,0.2163,
frame_ms,0.2154,
frame_ms,0.4572,
frame_ms,0.5038,
frame_ms,0.3539,
frame_ms,0.3547,
frame_ms,0.3488,
frame_ms,0.3431,
frame_ms,0.4532,
frame_ms,0.3538,
frame_ms,0.3881,
frame_ms,0.2742,
frame_ms,0.2496,
frame_ms,0.2191,
tick_us,567.7,4420
frame_ms,1.4457,
frame_ms,0.2619,
frame_ms,0.2157,
frame_ms,0.2284,
frame_ms,0.2196,
frame_ms,0.2181,
frame_ms,0.2371,
frame_ms,0.2337,
frame_ms,0.594,
frame_ms,0.3227,
frame_ms,0.2655,
frame_ms,0.2517,
frame_ms,0.27,
frame_ms,0.2338,
frame_ms,0.227,
frame_ms,0.2242,
frame_ms,0.2221,
frame_ms,0.2222,
frame_ms,0.2409,
frame_ms,0.2361,
frame_ms,0.2286,
frame_ms,0.2153,
frame_ms,0.236,
tick_us,573.9,4380
frame_ms,1.4517,
frame_ms,0.3013,
frame_ms,0.2454,
frame_ms,0.2153,
frame_ms,0.2193,
frame_ms,0.2204,
frame_ms,0.2155,
frame_ms,0.4194,
frame_ms,0.5415,
frame_ms,0.7026,
frame_ms,0.414,
frame_ms,0.2887,
frame_ms,0.2663,
frame_ms,0.2727,
frame_ms,0.2794,
frame_ms,0.2259,
frame_ms,0.2272,
frame_ms,0.2262,
frame_ms,0.2154,
tick_us,583.4,4378
frame_ms,1.4354,
frame_ms,0.2418,
frame_ms,0.2313,
frame_ms,0.2163,
frame_ms,0.2294,
frame_ms,0.2228,
frame_ms,0.235,
frame_ms,0.582,
frame_ms,0.5512,
frame_ms,0.2661,
frame_ms,0.2542,
frame_ms,0.2918,
frame_ms,0.2216,
frame_ms,0.2269,
frame_ms,0.2216,
frame_ms,0.2171,
frame_ms,0.2382,
frame_ms,0.2863,
frame_ms,0.2304,
frame_ms,0.2258,
frame_ms,0.2151,
tick_us,573.6,4374
frame_ms,1.4348,
frame_ms,0.2462,
frame_ms,0.2187,
frame_ms,0.2309,
frame_ms,0.2162,
frame_ms,0.2203,
frame_ms,0.2426,
frame_ms,0.2397,
frame_ms,0.2222,
frame_ms,0.2315,
frame_ms,0.2193,
frame_ms,0.5418,
frame_ms,0.5368,
frame_ms,0.2792,
frame_ms,0.2586,
frame_ms,0.2253,
frame_ms,0.2232,
frame_ms,0.2241,
frame_ms,0.2163,
frame_ms,0.2328,
frame_ms,0.2137,
frame_ms,0.2274,
tick_us,584.2,4414
frame_ms,1.4267,
frame_ms,0.2616,
frame_ms,0.2174,
frame_ms,0.2324,
frame_ms,0.2223,
frame_ms,0.2202,
frame_ms,0.2077,
frame_ms,0.2523,
frame_ms,0.2281,
frame_ms,0.2115,
frame_ms,0.227,
frame_ms,0.2132,
frame_ms,0.4637,
frame_ms,0.3471,
frame_ms,0.3391,
frame_ms,0.2943,
frame_ms,0.2519,
frame_ms,0.2282,
frame_ms,0.2276,
frame_ms,0.2325,
frame_ms,0.23,
frame_ms,0.227,
frame_ms,0.2525,
tick_us,588.8,4394
frame_ms,1.4387,
frame_ms,0.24,
frame_ms,0.2292,
frame_ms,0.2225,
frame_ms,0.2234,
frame_ms,0.2229,
frame_ms,0.2203,
frame_ms,0.2166,
frame_ms,0.2675,
frame_ms,0.2307,
frame_ms,0.215,
frame_ms,0.2163,
frame_ms,0.3199,
frame_ms,0.5646,
frame_ms,0.3143,
frame_ms,0.2276,
frame_ms,0.2214,
frame_ms,0.2139,
frame_ms,0.2147,
frame_ms,0.236,
frame_ms,0.2184,
frame_ms,0.2324,
tick_us,706.8,4420
frame_ms,1.7509,
frame_ms,0.2634,
frame_ms,0.2252,
frame_ms,0.217,
frame_ms,0.2138,
frame_ms,0.2283,
frame_ms,0.2365,
frame_ms,0.2188,
frame_ms,0.2554,
frame_ms,0.239,
frame_ms,0.2229,
frame_ms,0.2144,
frame_ms,0.237,
frame_ms,0.3959,
frame_ms,0.4031,
frame_ms,0.271,
frame_ms,0.2575,
frame_ms,0.2297,
frame_ms,0.2253,
frame_ms,0.2255,
frame_ms,0.2202,
frame_ms,0.2191,
frame_ms,0.5217,
tick_us,569,4404
frame_ms,1.4736,
frame_ms,0.2622,
frame_ms,0.2207,
frame_ms,0.2224,
frame_ms,0.2154,
frame_ms,0.2148,
frame_ms,0.2643,
frame_ms,0.2673,
frame_ms,0.2382,
frame_ms,0.2314,
frame_ms,0.2205,
frame_ms,0.2158,
frame_ms,0.2143,
frame_ms,0.2531,
frame_ms,0.2669,
frame_ms,0.4238,
frame_ms,0.3628,
frame_ms,0.3646,
frame_ms,0.2843,
frame_ms,0.2377,
frame_ms,0.2128,
tick_us,578.7,4470
frame_ms,1.4102,
frame_ms,0.2349,
frame_ms,0.2182,
frame_ms,0.222,
frame_ms,0.2217,
frame_ms,0.2149,
frame_ms,0.2444,
frame_ms,0.2204,
frame_ms,0.2357,
frame_ms,0.2168,
frame_ms,0.2555,
frame_ms,0.2149,
frame_ms,0.2132,
frame_ms,0.2464,
frame_ms,0.2314,
frame_ms,0.2179,
frame_ms,0.2858,
frame_ms,0.5662,
frame_ms,0.2734,
frame_ms,0.2625,
frame_ms,0.219,
frame_ms,0.2281,
frame_ms,0.22,
tick_us,572.9,4446
frame_ms,1.4488,
frame_ms,0.3353,
frame_ms,0.2793,
frame_ms,0.2281,
frame_ms,0.2265,
frame_ms,0.2272,
frame_ms,0.2199,
frame_ms,0.3557,
frame_ms,0.3067,
frame_ms,0.2247,
frame_ms,0.2302,
frame_ms,0.2169,
frame_ms,0.2149,
frame_ms,0.2765,
frame_ms,0.2843,
frame_ms,0.5055,
frame_ms,0.2782,
frame_ms,0.248,
frame_ms,0.2198,
frame_ms,0.2323,
frame_ms,0.2237,
frame_ms,0.2181,
tick_us,587.5,4440
frame_ms,1.4334,
frame_ms,0.2572,
frame_ms,0.2691,
frame_ms,0.2183,
frame_ms,0.2311,
frame_ms,0.2261,
frame_ms,0.2182,
frame_ms,0.2128,
frame_ms,0.2604,
frame_ms,0.2655,
frame_ms,0.2304,
frame_ms,0.2205,
frame_ms,0.2338,
frame_ms,0.2229,
frame_ms,0.2326,
frame_ms,0.263,
frame_ms,0.2288,
frame_ms,0.2232,
frame_ms,0.2303,
frame_ms,0.2453,
frame_ms,0.2239,
frame_ms,0.2139,
frame_ms,0.2536,
frame_ms,0.2262,
tick_us,571.8,4450
frame_ms,1.4026,
frame_ms,0.2388,
frame_ms,0.2147,
frame_ms,0.2225,
frame_ms,0.2227,
frame_ms,0.2197,
frame_ms,0.2304,
frame_ms,0.3724,
frame_ms,0.4241,
frame_ms,0.3762,
frame_ms,0.2494,
frame_ms,0.2121,
frame_ms,0.2165,
frame_ms,0.2118,
frame_ms,0.21,
frame_ms,0.2662,
frame_ms,0.3248,
frame_ms,0.5847,
frame_ms,0.3226,
frame_ms,0.2258,
tick_us,675.2,4398
frame_ms,1.8049,
frame_ms,0.331,
frame_ms,0.2663,
frame_ms,0.2222,
frame_ms,0.2253,
frame_ms,0.2197,
frame_ms,0.219,
frame_ms,0.2488,
frame_ms,0.2313,
frame_ms,0.2705,
frame_ms,0.2734,
frame_ms,0.2389,
frame_ms,0.2262,
frame_ms,0.2171,
frame_ms,0.5851,
frame_ms,0.3357,
frame_ms,0.3567,
frame_ms,0.4285,
frame_ms,0.2472,
frame_ms,0.2176,
tick_us,580.8,4356
frame_ms,1.4326,
frame_ms,0.2457,
frame_ms,0.2175,
frame_ms,0.2223,
frame_ms,0.2155,
frame_ms,0.2115,
frame_ms,0.257,
frame_ms,0.2256,
frame_ms,0.214,
frame_ms,0.2127,
frame_ms,0.2352,
frame_ms,0.2246,
frame_ms,0.2125,
frame_ms,0.2281,
frame_ms,1.053,
frame_ms,0.2722,
frame_ms,0.3489,
frame_ms,0.306,
frame_ms,0.2526,
frame_ms,0.2143,
frame_ms,0.2156,
tick_us,572.2,4316
frame_ms,1.4096,
frame_ms,0.2359,
frame_ms,0.2124,
frame_ms,0.2194,
frame_ms,0.2202,
frame_ms,0.2157,
frame_ms,0.2313,
frame_ms,0.2192,
frame_ms,0.2652,
frame_ms,0.231,
frame_ms,0.2129,
frame_ms,0.2279,
frame_ms,0.215,
frame_ms,0.2748,
frame_ms,0.2379,
frame_ms,0.2133,
frame_ms,0.2129,
frame_ms,0.2552,
frame_ms,0.2233,
frame_ms,0.2128,
frame_ms,0.2569,
frame_ms,0.3078,
frame_ms,0.3844,
tick_us,572.2,4308
frame_ms,1.5653,
frame_ms,0.2783,
frame_ms,0.254,
frame_ms,0.2233,
frame_ms,0.2206,
frame_ms,0.2171,
frame_ms,0.2213,
frame_ms,0.2143,
frame_ms,0.2367,
frame_ms,0.2233,
frame_ms,0.2167,
frame_ms,0.2676,
frame_ms,0.2282,
frame_ms,0.2158,
frame_ms,0.2146,
frame_ms,0.2674,
frame_ms,0.2293,
frame_ms,0.219,
frame_ms,0.3651,
frame_ms,0.2846,
frame_ms,0.2434,
frame_ms,0.2266,
frame_ms,0.2442,
tick_us,567.6,4340
frame_ms,1.605,
frame_ms,0.2515,
frame_ms,0.2195,
frame_ms,0.2293,
frame_ms,0.2219,
frame_ms,0.215,
frame_ms,0.2174,
frame_ms,0.2331,
frame_ms,0.2171,
frame_ms,0.2071,
frame_ms,0.2305,
frame_ms,0.2216,
frame_ms,0.2181,
frame_ms,0.2106,
frame_ms,0.2457,
frame_ms,0.2242,
frame_ms,0.2157,
frame_ms,0.2309,
frame_ms,0.2537,
frame_ms,0.2712,
frame_ms,0.2367,
frame_ms,0.2291,
frame_ms,0.2224,
frame_ms,0.2195,
frame_ms,0.2351,
tick_us,583.3,4368
frame_ms,1.675,
frame_ms,0.2686,
frame_ms,0.2706,
frame_ms,0.2311,
frame_ms,0.2247,
frame_ms,0.2254,
frame_ms,0.2289,
frame_ms,0.2152,
frame_ms,0.2185,
frame_ms,0.2661,
frame_ms,0.2779,
frame_ms,0.2444,
frame_ms,0.2296,
frame_ms,0.2235,
frame_ms,0.219,
frame_ms,0.2184,
frame_ms,0.2369,
frame_ms,0.2362,
frame_ms,0.2232,
frame_ms,0.2165,
frame_ms,0.2622,
frame_ms,0.2269,
frame_ms,0.2202,
frame_ms,0.2386,
tick_us,684.9,4360
frame_ms,1.8121,
frame_ms,0.2653,
frame_ms,0.225,
frame_ms,0.2291,
frame_ms,0.2282,
frame_ms,0.2212,
frame_ms,0.2146,
frame_ms,0.2619,
frame_ms,0.2286,
frame_ms,0.2265,
frame_ms,0.2531,
frame_ms,0.2211,
frame_ms,0.2121,
frame_ms,0.2236,
frame_ms,0.2656,
frame_ms,0.2272,
frame_ms,0.221,
frame_ms,0.2132,
frame_ms,0.2493,
frame_ms,0.2276,
frame_ms,0.225,
frame_ms,0.2088,
frame_ms,0.2634,
tick_us,553.7,4344
frame_ms,1.3809,
frame_ms,0.253,
frame_ms,0.2277,
frame_ms,0.2185,
frame_ms,0.2124,
frame_ms,0.2144,
frame_ms,0.2433,
frame_ms,0.2205,
frame_ms,0.2098,
frame_ms,0.2707,
frame_ms,0.2297,
frame_ms,0.2085,
frame_ms,0.2099,
frame_ms,0.247,
frame_ms,0.2211,
frame_ms,0.2164,
frame_ms,0.2521,
frame_ms,0.2285,
frame_ms,0.2228,
frame_ms,0.2542,
frame_ms,0.2154,
frame_ms,0.2081,
frame_ms,0.2102,
frame_ms,0.2665,
frame_ms,0.2647,
tick_us,568.7,4354
frame_ms,1.497,
frame_ms,0.3689,
frame_ms,0.4955,
frame_ms,0.3765,
frame_ms,0.4504,
frame_ms,0.2782,
frame_ms,0.3484,
frame_ms,0.2668,
frame_ms,0.2593,
frame_ms,0.2519,
frame_ms,0.2297,
frame_ms,0.2341,
frame_ms,0.2303,
frame_ms,0.2265,
frame_ms,0.2178,
frame_ms,0.2558,
frame_ms,0.268,
frame_ms,0.2416,
frame_ms,0.2243,
frame_ms,0.2253,
tick_us,605.7,4404
frame_ms,1.4532,
frame_ms,0.2394,
frame_ms,0.3419,
frame_ms,0.3473,
frame_ms,0.4596,
frame_ms,0.2746,
frame_ms,0.2349,
frame_ms,0.2202,
frame_ms,0.2277,
frame_ms,0.2206,
frame_ms,0.2162,
frame_ms,0.2459,
frame_ms,0.2274,
frame_ms,0.2194,
frame_ms,0.2132,
frame_ms,0.2421,
frame_ms,0.2249,
frame_ms,0.214,
frame_ms,0.251,
frame_ms,0.2277,
frame_ms,0.2174,
frame_ms,0.2547,
frame_ms,0.2303,
tick_us,571.1,4450
frame_ms,1.4079,
frame_ms,0.2433,
frame_ms,0.5358,
frame_ms,0.5356,
frame_ms,0.2286,
frame_ms,0.2207,
frame_ms,0.2194,
frame_ms,0.2186,
frame_ms,0.2149,
frame_ms,0.2153,
frame_ms,0.2811,
frame_ms,0.2381,
frame_ms,0.2338,
frame_ms,0.2338,
frame_ms,0.214,
frame_ms,0.2665,
frame_ms,0.2282,
frame_ms,0.2132,
frame_ms,0.2465,
frame_ms,0.2269,
frame_ms,0.2145,
frame_ms,0.2136,
tick_us,569.3,4484
frame_ms,1.4097,
frame_ms,0.4235,
frame_ms,0.2545,
frame_ms,0.2417,
frame_ms,0.2241,
frame_ms,0.2515,
frame_ms,0.2166,
frame_ms,0.2108,
frame_ms,0.2273,
frame_ms,0.225,
frame_ms,0.2123,
frame_ms,0.2518,
frame_ms,0.2258,
frame_ms,0.2117,
frame_ms,0.2686,
frame_ms,0.2267,
frame_ms,0.2165,
frame_ms,0.2116,
frame_ms,0.2457,
frame_ms,0.2246,
frame_ms,0.2111,
frame_ms,0.2747,
frame_ms,0.2806,
frame_ms,0.2413,
tick_us,576.4,4456
frame_ms,1.433,
frame_ms,0.2451,
frame_ms,0.4657,
frame_ms,0.2897,
frame_ms,0.2409,
frame_ms,0.2131,
frame_ms,0.2165,
frame_ms,0.2173,
frame_ms,0.2184,
frame_ms,0.2361,
frame_ms,0.2134,
frame_ms,0.2698,
frame_ms,0.2286,
frame_ms,0.2124,
frame_ms,0.2427,
frame_ms,0.2149,
frame_ms,0.2116,
frame_ms,0.2484,
frame_ms,0.223,
frame_ms,0.2106,
frame_ms,0.2682,
frame_ms,0.284,
frame_ms,0.2484,
frame_ms,0.2414,
tick_us,575,4454
frame_ms,1.4432,
frame_ms,0.2458,
frame_ms,0.2232,
frame_ms,0.2547,
frame_ms,0.4276,
frame_ms,0.2725,
frame_ms,0.2287,
frame_ms,0.222,
frame_ms,0.2239,
frame_ms,0.2239,
frame_ms,0.2225,
frame_ms,0.2223,
frame_ms,0.2701,
frame_ms,0.2708,
frame_ms,0.2377,
frame_ms,0.2244,
frame_ms,0.2344,
frame_ms,0.2177,
frame_ms,0.214,
frame_ms,0.215,
frame_ms,0.2864,
frame_ms,0.2322,
frame_ms,0.2156,
tick_us,589,4512
frame_ms,1.4736,
frame_ms,0.2424,
frame_ms,0.2172,
frame_ms,0.2299,
frame_ms,0.6169,
frame_ms,0.3885,
frame_ms,0.2279,
frame_ms,0.2191,
frame_ms,0.2228,
frame_ms,0.2147,
frame_ms,0.2127,
frame_ms,0.2579,
frame_ms,0.2279,
frame_ms,0.2162,
frame_ms,0.2494,
frame_ms,0.26,
frame_ms,0.216,
frame_ms,0.2235,
frame_ms,0.2224,
frame_ms,0.2184,
frame_ms,0.231,
frame_ms,0.2181,
frame_ms,0.2706,
tick_us,576.9,4492
frame_ms,1.4299,
frame_ms,0.325,
frame_ms,0.2739,
frame_ms,0.3387,
frame_ms,0.5075,
frame_ms,0.2651,
frame_ms,0.2319,
frame_ms,0.2199,
frame_ms,0.2198,
frame_ms,0.2164,
frame_ms,0.338,
frame_ms,0.2419,
frame_ms,0.2313,
frame_ms,0.2291,
frame_ms,0.2342,
frame_ms,0.221,
frame_ms,0.267,
frame_ms,0.2585,
frame_ms,0.2284,
frame_ms,0.215,
frame_ms,0.2256,
frame_ms,0.213,
tick_us,588,4484
frame_ms,1.4961,
frame_ms,0.2524,
frame_ms,0.2137,
frame_ms,0.224,
frame_ms,0.2227,
frame_ms,0.4462,
frame_ms,0.2592,
frame_ms,0.2205,
frame_ms,0.2229,
frame_ms,0.2236,
frame_ms,0.2118,
frame_ms,0.2104,
frame_ms,0.2639,
frame_ms,0.3934,
frame_ms,0.3056,
frame_ms,0.2423,
frame_ms,0.2105,
frame_ms,0.2153,
frame_ms,0.2086,
frame_ms,0.2419,
frame_ms,0.2266,
frame_ms,0.2104,
tick_us,575.2,4464
frame_ms,1.4312,
frame_ms,0.2357,
frame_ms,0.2131,
frame_ms,0.2602,
frame_ms,0.223,
frame_ms,0.2187,
frame_ms,0.2114,
frame_ms,0.2389,
frame_ms,0.4174,
frame_ms,0.4286,
frame_ms,0.2808,
frame_ms,0.2193,
frame_ms,0.2142,
frame_ms,0.2167,
frame_ms,0.2107,
frame_ms,0.284,
frame_ms,0.4396,
frame_ms,0.3412,
frame_ms,0.2638,
frame_ms,0.2272,
frame_ms,0.2421,
frame_ms,0.2336,
tick_us,602.7,4462
frame_ms,1.4637,
frame_ms,0.2484,
frame_ms,0.2244,
frame_ms,0.2211,
frame_ms,0.2272,
frame_ms,0.2344,
frame_ms,0.2436,
frame_ms,0.2268,
frame_ms,0.3969,
frame_ms,0.6151,
frame_ms,0.3186,
frame_ms,0.2486,
frame_ms,0.2173,
frame_ms,0.2813,
frame_ms,0.2383,
frame_ms,0.2282,
frame_ms,0.2261,
frame_ms,0.2359,
frame_ms,0.2252,
frame_ms,0.2203,
frame_ms,0.2544,
frame_ms,0.2264,
tick_us,599.3,4504
frame_ms,1.4606,
frame_ms,0.248,
frame_ms,0.2212,
frame_ms,0.2173,
frame_ms,0.2171,
frame_ms,0.2165,
frame_ms,0.2524,
frame_ms,0.2322,
frame_ms,0.2381,
frame_ms,0.4026,
frame_ms,0.2317,
frame_ms,0.2218,
frame_ms,0.2269,
frame_ms,0.2262,
frame_ms,0.2439,
frame_ms,0.2174,
frame_ms,0.2709,
frame_ms,0.2307,
frame_ms,0.2517,
frame_ms,0.2277,
frame_ms,0.2449,
frame_ms,0.2244,
frame_ms,0.2194,
frame_ms,0.2429,
tick_us,560.9,4498
frame_ms,1.3888,
frame_ms,0.2323,
frame_ms,0.2414,
frame_ms,0.2214,
frame_ms,0.2232,
frame_ms,0.2111,
frame_ms,0.232,
frame_ms,0.218,
frame_ms,0.2674,
frame_ms,0.2304,
frame_ms,0.3226,
frame_ms,0.4336,
frame_ms,0.3917,
frame_ms,0.2562,
frame_ms,0.2225,
frame_ms,0.2284,
frame_ms,0.2267,
frame_ms,0.2248,
frame_ms,0.218,
frame_ms,0.2421,
frame_ms,0.229,
frame_ms,0.2578,
tick_us,581.2,4482
frame_ms,1.479,
frame_ms,0.2527,
frame_ms,0.2239,
frame_ms,0.2228,
frame_ms,0.2215,
frame_ms,0.2149,
frame_ms,0.2207,
frame_ms,0.22,
frame_ms,0.2713,
frame_ms,0.2403,
frame_ms,0.2212,
frame_ms,0.2187,
frame_ms,0.2699,
frame_ms,0.5471,
frame_ms,0.2493,
frame_ms,0.2197,
frame_ms,0.2193,
frame_ms,0.2214,
frame_ms,0.2179,
frame_ms,0.2377,
frame_ms,0.2877,
frame_ms,0.2906,
frame_ms,0.2333,
tick_us,586.8,4492
frame_ms,1.4602,
frame_ms,0.3025,
frame_ms,0.2793,
frame_ms,0.2263,
frame_ms,0.238,
frame_ms,0.2271,
frame_ms,0.2849,
frame_ms,0.2203,
frame_ms,0.2276,
frame_ms,0.2535,
frame_ms,0.2286,
frame_ms,0.2233,
frame_ms,0.2374,
frame_ms,0.2715,
frame_ms,0.4804,
frame_ms,0.2486,
frame_ms,0.2205,
frame_ms,0.2239,
frame_ms,0.2208,
frame_ms,0.216,
frame_ms,0.2258,
frame_ms,0.2221,
frame_ms,0.2687,
tick_us,591.3,4462
frame_ms,1.4543,
frame_ms,0.2383,
frame_ms,0.2287,
frame_ms,0.2231,
frame_ms,0.243,
frame_ms,0.2223,
frame_ms,0.2412,
frame_ms,0.2477,
frame_ms,0.2242,
frame_ms,0.2148,
frame_ms,0.2492,
frame_ms,0.2261,
frame_ms,0.365,
frame_ms,0.4813,
frame_ms,0.2619,
frame_ms,0.2351,
frame_ms,0.2167,
frame_ms,0.2255,
frame_ms,0.2188,
frame_ms,0.2147,
frame_ms,0.2176,
frame_ms,0.2794,
frame_ms,0.2303,
tick_us,583.4,4462
frame_ms,1.4328,
frame_ms,0.2449,
frame_ms,0.2161,
frame_ms,0.2265,
frame_ms,0.2187,
frame_ms,0.2121,
frame_ms,0.3559,
frame_ms,0.4398,
frame_ms,0.3777,
frame_ms,0.3652,
frame_ms,0.3712,
frame_ms,0.4109,
frame_ms,0.3002,
frame_ms,0.2706,
frame_ms,0.2689,
frame_ms,0.2299,
frame_ms,0.22,
frame_ms,0.2228,
frame_ms,0.2197,
frame_ms,0.2127,
tick_us,594.5,4478
frame_ms,1.4457,
frame_ms,0.2859,
frame_ms,0.252,
frame_ms,0.2226,
frame_ms,0.2202,
frame_ms,0.221,
frame_ms,0.2148,
frame_ms,0.2338,
frame_ms,0.2178,
frame_ms,0.2675,
frame_ms,0.2801,
frame_ms,0.2374,
frame_ms,0.2286,
frame_ms,0.2251,
frame_ms,0.4527,
frame_ms,0.2949,
frame_ms,0.2373,
frame_ms,0.2146,
frame_ms,0.23,
frame_ms,0.2246,
frame_ms,0.2136,
frame_ms,0.2094,
frame_ms,0.2647,
frame_ms,0.2291,
tick_us,578.6,4490
frame_ms,1.3984,
frame_ms,0.2372,
frame_ms,0.2125,
frame_ms,0.2175,
frame_ms,0.2115,
frame_ms,0.2118,
frame_ms,0.2631,
frame_ms,0.2312,
frame_ms,0.2158,
frame_ms,0.2593,
frame_ms,0.2241,
frame_ms,0.2116,
frame_ms,0.2661,
frame_ms,0.5345,
frame_ms,0.3937,
frame_ms,0.4279,
frame_ms,0.3533,
frame_ms,0.379,
frame_ms,0.3445,
frame_ms,0.3417,
tick_us,585.3,4518
frame_ms,1.5311,
frame_ms,0.2547,
frame_ms,0.2275,
frame_ms,0.2212,
frame_ms,0.2185,
frame_ms,0.2124,
frame_ms,0.2674,
frame_ms,0.2303,
frame_ms,0.2206,
frame_ms,0.2392,
frame_ms,0.2273,
frame_ms,0.2156,
frame_ms,0.2585,
frame_ms,0.2294,
frame_ms,0.2145,
frame_ms,0.2394,
frame_ms,0.3612,
frame_ms,0.5291,
frame_ms,0.2483,
frame_ms,0.2156,
frame_ms,0.2194,
frame_ms,0.2177,
tick_us,569.3,4510
frame_ms,1.403,
frame_ms,0.2341,
frame_ms,0.2128,
frame_ms,0.2173,
frame_ms,0.2174,
frame_ms,0.2094,
frame_ms,0.2574,
frame_ms,0.228,
frame_ms,0.2129,
frame_ms,0.2652,
frame_ms,0.2295,
frame_ms,0.2171,
frame_ms,0.2656,
frame_ms,0.2686,
frame_ms,0.4988,
frame_ms,0.2116,
frame_ms,0.2127,
frame_ms,0.2935,
frame_ms,0.3871,
frame_ms,0.2465,
frame_ms,0.2363,
tick_us,601.7,4506
frame_ms,1.9585,
frame_ms,0.2906,
frame_ms,0.2707,
frame_ms,0.2413,
frame_ms,0.2284,
frame_ms,0.2197,
frame_ms,0.2153,
frame_ms,0.2104,
frame_ms,0.2652,
frame_ms,0.3619,
frame_ms,0.2234,
frame_ms,0.2131,
frame_ms,0.2176,
frame_ms,0.2091,
frame_ms,0.2361,
frame_ms,0.3563,
frame_ms,0.3897,
frame_ms,0.3421,
frame_ms,0.373,
frame_ms,0.4127,
frame_ms,0.282,
tick_us,588.2,4480
frame_ms,1.45,
frame_ms,0.2416,
frame_ms,0.2154,
frame_ms,0.229,
frame_ms,0.2184,
frame_ms,0.2111,
frame_ms,0.2276,
frame_ms,0.2239,
frame_ms,0.2113,
frame_ms,0.2309,
frame_ms,0.2686,
frame_ms,0.2284,
frame_ms,0.2098,
frame_ms,0.2594,
frame_ms,0.2301,
frame_ms,0.2213,
frame_ms,0.3312,
frame_ms,0.4056,
frame_ms,0.3459,
frame_ms,0.3978,
frame_ms,0.409,
tick_us,578.5,4466
frame_ms,1.5479,
frame_ms,0.3121,
frame_ms,0.2503,
frame_ms,0.2342,
frame_ms,0.229,
frame_ms,0.2259,
frame_ms,0.2386,
frame_ms,0.2255,
frame_ms,0.2141,
frame_ms,0.2154,
frame_ms,0.2679,
frame_ms,0.2688,
frame_ms,0.2314,
frame_ms,0.224,
frame_ms,0.2187,
frame_ms,0.2182,
frame_ms,0.5061,
frame_ms,0.2332,
frame_ms,0.2174,
frame_ms,0.474,
frame_ms,0.3942,
tick_us,564.5,4446
frame_ms,1.4178,
frame_ms,0.2396,
frame_ms,0.2249,
frame_ms,0.3525,
frame_ms,0.357,
frame_ms,0.3357,
frame_ms,0.25,
frame_ms,0.2206,
frame_ms,0.2207,
frame_ms,0.2156,
frame_ms,0.2112,
frame_ms,0.2299,
frame_ms,0.2225,
frame_ms,0.2306,
frame_ms,0.2754,
frame_ms,0.2194,
frame_ms,0.2216,
frame_ms,0.2118,
frame_ms,0.2667,
frame_ms,0.2254,
frame_ms,0.2158,
frame_ms,0.3006,
frame_ms,0.4537,
tick_us,568.6,4454
frame_ms,1.547,
frame_ms,0.2444,
frame_ms,0.2278,
frame_ms,0.2232,
frame_ms,0.2191,
frame_ms,0.2688,
frame_ms,0.3284,
frame_ms,0.3405,
frame_ms,0.2758,
frame_ms,0.3001,
frame_ms,0.3473,
frame_ms,0.2716,
frame_ms,0.2501,
frame_ms,0.2372,
frame_ms,0.2436,
frame_ms,0.2402,
frame_ms,0.2851,
frame_ms,0.2351,
frame_ms,0.2461,
frame_ms,0.2583,
tick_us,585.6,4462
frame_ms,1.5986,
frame_ms,0.2924,
frame_ms,0.2508,
frame_ms,0.2257,
frame_ms,0.2244,
frame_ms,0.2438,
frame_ms,0.2307,
frame_ms,0.2262,
frame_ms,0.2184,
frame_ms,0.2201,
frame_ms,0.2669,
frame_ms,0.2704,
frame_ms,0.2326,
frame_ms,0.2226,
frame_ms,0.2161,
frame_ms,0.2153,
frame_ms,0.2656,
frame_ms,0.2452,
frame_ms,0.2448,
frame_ms,0.2185,
frame_ms,0.2865,
frame_ms,0.2539,
frame_ms,0.2254,
frame_ms,0.2149,
tick_us,578.2,4462
frame_ms,1.761,
frame_ms,0.2656,
frame_ms,0.2254,
frame_ms,0.2336,
frame_ms,0.2223,
frame_ms,0.2107,
frame_ms,0.2167,
frame_ms,0.2649,
frame_ms,0.2298,
frame_ms,0.2149,
frame_ms,0.2298,
frame_ms,0.2208,
frame_ms,0.2128,
frame_ms,0.2559,
frame_ms,0.2353,
frame_ms,0.2166,
frame_ms,0.235,
frame_ms,0.2155,
frame_ms,0.2668,
frame_ms,0.2786,
frame_ms,0.2363,
frame_ms,0.2378,
frame_ms,0.2292,
frame_ms,0.2222,
tick_us,600.6,4450
frame_ms,1.458,
frame_ms,0.3002,
frame_ms,0.231,
frame_ms,0.217,
frame_ms,0.222,
frame_ms,0.2126,
frame_ms,0.2356,
frame_ms,0.2561,
frame_ms,0.2482,
frame_ms,0.2232,
frame_ms,0.2695,
frame_ms,0.228,
frame_ms,0.2119,
frame_ms,0.2653,
frame_ms,0.2274,
frame_ms,0.2146,
frame_ms,0.2093,
frame_ms,0.2466,
frame_ms,0.2243,
frame_ms,0.2086,
frame_ms,0.2486,
frame_ms,0.225,
frame_ms,0.2127,
frame_ms,0.2417,
tick_us,576.4,4440
frame_ms,1.4204,
frame_ms,0.3834,
frame_ms,0.2429,
frame_ms,0.2166,
frame_ms,0.2197,
frame_ms,0.2185,
frame_ms,0.2193,
frame_ms,0.2116,
frame_ms,0.2487,
frame_ms,0.2311,
frame_ms,0.2116,
frame_ms,0.2368,
frame_ms,0.2203,
frame_ms,0.213,
frame_ms,0.2839,
frame_ms,0.2263,
frame_ms,0.2165,
frame_ms,0.2343,
frame_ms,0.2163,
frame_ms,0.2098,
frame_ms,0.267,
frame_ms,0.2302,
frame_ms,0.223,
frame_ms,0.2186,
frame_ms,0.268,
tick_us,573.7,4442
frame_ms,1.4122,
frame_ms,0.3605,
frame_ms,0.4822,
frame_ms,0.2655,
frame_ms,0.2336,
frame_ms,0.2619,
frame_ms,0.2811,
frame_ms,0.2462,
frame_ms,0.2265,
frame_ms,0.2275,
frame_ms,0.2217,
frame_ms,0.2353,
frame_ms,0.2232,
frame_ms,0.2721,
frame_ms,0.2762,
frame_ms,0.2335,
frame_ms,0.2235,
frame_ms,0.2498,
frame_ms,0.2213,
frame_ms,0.2164,
frame_ms,0.2127,
frame_ms,0.2748,
tick_us,582.9,4414
frame_ms,1.4254,
frame_ms,0.2868,
frame_ms,0.4887,
frame_ms,0.2786,
frame_ms,0.2427,
frame_ms,0.2143,
frame_ms,0.2212,
frame_ms,0.2262,
frame_ms,0.2253,
frame_ms,0.2171,
frame_ms,0.2307,
frame_ms,0.2507,
frame_ms,0.2242,
frame_ms,0.273,
frame_ms,0.2292,
frame_ms,0.2306,
frame_ms,0.2134,
frame_ms,0.2083,
frame_ms,0.226,
frame_ms,0.2275,
frame_ms,0.2124,
frame_ms,0.2473,
frame_ms,0.2225,
frame_ms,0.2093,
tick_us,610.7,4426
frame_ms,1.5269,
frame_ms,0.2896,
frame_ms,0.3611,
frame_ms,0.2388,
frame_ms,0.2115,
frame_ms,0.2118,
frame_ms,0.21,
frame_ms,0.2453,
frame_ms,0.2233,
frame_ms,0.213,
frame_ms,0.268,
frame_ms,0.2272,
frame_ms,0.2097,
frame_ms,0.2543,
frame_ms,0.228,
frame_ms,0.2107,
frame_ms,0.2701,
frame_ms,0.226,
frame_ms,0.2137,
frame_ms,0.2507,
frame_ms,0.2173,
frame_ms,0.2107,
frame_ms,0.2783,
tick_us,574,4418
frame_ms,1.4092,
frame_ms,0.2281,
frame_ms,0.2208,
frame_ms,0.3079,
frame_ms,0.4777,
frame_ms,0.436,
frame_ms,0.3617,
frame_ms,0.3454,
frame_ms,0.3484,
frame_ms,0.3528,
frame_ms,0.3442,
frame_ms,0.3385,
frame_ms,0.3313,
frame_ms,0.2499,
frame_ms,0.2159,
frame_ms,0.2295,
frame_ms,0.2168,
frame_ms,0.2181,
frame_ms,0.2315,
frame_ms,0.2251,
tick_us,593.5,4386
frame_ms,1.4466,
frame_ms,0.2422,
frame_ms,0.2178,
frame_ms,0.2279,
frame_ms,0.4133,
frame_ms,0.5481,
frame_ms,0.2922,
frame_ms,0.2569,
frame_ms,0.227,
frame_ms,0.2276,
frame_ms,0.2273,
frame_ms,0.2259,
frame_ms,0.2255,
frame_ms,0.2331,
frame_ms,0.2738,
frame_ms,0.2762,
frame_ms,0.2413,
frame_ms,0.2325,
frame_ms,0.2289,
frame_ms,0.2266,
frame_ms,0.2214,
frame_ms,0.2424,
tick_us,617.4,4396
frame_ms,1.4884,
frame_ms,0.5367,
frame_ms,0.26,
frame_ms,0.2257,
frame_ms,0.5667,
frame_ms,0.2391,
frame_ms,0.2185,
frame_ms,0.2261,
frame_ms,0.2201,
frame_ms,0.2204,
frame_ms,0.2453,
frame_ms,0.2421,
frame_ms,0.217,
frame_ms,0.2151,
frame_ms,0.2632,
frame_ms,0.2289,
frame_ms,0.2173,
frame_ms,0.265,
frame_ms,0.2909,
frame_ms,0.5148,
tick_us,625.2,4394
frame_ms,1.5017,
frame_ms,0.2521,
frame_ms,0.2336,
frame_ms,0.2385,
frame_ms,0.2347,
frame_ms,0.2413,
frame_ms,0.2319,
frame_ms,0.2745,
frame_ms,0.2736,
frame_ms,0.3126,
frame_ms,0.3727,
frame_ms,0.3963,
frame_ms,0.3151,
frame_ms,0.2359,
frame_ms,0.2366,
frame_ms,0.2236,
frame_ms,0.2525,
frame_ms,0.2398,
frame_ms,0.2316,
frame_ms,0.2598,
tick_us,703.2,4378
frame_ms,1.7792,
frame_ms,0.279,
frame_ms,0.2246,
frame_ms,0.2297,
frame_ms,0.2244,
frame_ms,0.2196,
frame_ms,0.217,
frame_ms,0.2277,
frame_ms,0.2131,
frame_ms,0.2726,
frame_ms,0.3175,
frame_ms,0.5945,
frame_ms,0.2861,
frame_ms,0.2485,
frame_ms,0.2212,
frame_ms,0.2435,
frame_ms,0.2553,
frame_ms,0.2335,
frame_ms,0.2307,
frame_ms,0.2257,
frame_ms,0.219,
frame_ms,0.229,
tick_us,599.4,4402
frame_ms,1.5443,
frame_ms,0.2601,
frame_ms,0.2214,
frame_ms,0.2239,
frame_ms,0.2269,
frame_ms,0.2196,
frame_ms,0.2217,
frame_ms,0.2183,
frame_ms,0.251,
frame_ms,0.2247,
frame_ms,0.2181,
frame_ms,0.2654,
frame_ms,0.4507,
frame_ms,0.2305,
frame_ms,0.2262,
frame_ms,0.7807,
frame_ms,0.2841,
frame_ms,0.2772,
frame_ms,0.2636,
frame_ms,0.2578,
frame_ms,0.2346,
tick_us,598.1,4426
frame_ms,1.461,
frame_ms,0.2713,
frame_ms,0.2489,
frame_ms,0.2297,
frame_ms,0.2255,
frame_ms,0.2154,
frame_ms,0.2275,
frame_ms,0.2155,
frame_ms,0.2605,
frame_ms,0.2325,
frame_ms,0.3342,
frame_ms,0.2555,
frame_ms,0.2194,
frame_ms,0.2208,
frame_ms,0.2131,
frame_ms,0.2163,
frame_ms,0.2673,
frame_ms,0.2311,
frame_ms,0.2201,
frame_ms,0.2382,
frame_ms,0.2428,
frame_ms,0.221,
frame_ms,0.2124,
frame_ms,0.2779,
tick_us,586.1,4480
frame_ms,1.4558,
frame_ms,0.2417,
frame_ms,0.226,
frame_ms,0.216,
frame_ms,0.2135,
frame_ms,0.2124,
frame_ms,0.2144,
frame_ms,0.2787,
frame_ms,0.2705,
frame_ms,0.2279,
frame_ms,0.2134,
frame_ms,0.2128,
frame_ms,0.4033,
frame_ms,0.4101,
frame_ms,0.2909,
frame_ms,0.2833,
frame_ms,0.2419,
frame_ms,0.2371,
frame_ms,0.2238,
frame_ms,0.2251,
frame_ms,0.2963,
frame_ms,0.3587,
tick_us,628.5,4506
frame_ms,1.523,
frame_ms,0.2686,
frame_ms,0.252,
frame_ms,0.2418,
frame_ms,0.2422,
frame_ms,0.2473,
frame_ms,0.2478,
frame_ms,0.4395,
frame_ms,0.4812,
frame_ms,0.4094,
frame_ms,0.5415,
frame_ms,0.3763,
frame_ms,0.3647,
frame_ms,0.3242,
frame_ms,0.2555,
frame_ms,0.2207,
frame_ms,0.2217,
frame_ms,0.2332,
tick_us,616.7,4502
frame_ms,1.4554,
frame_ms,0.2461,
frame_ms,0.2309,
frame_ms,0.2235,
frame_ms,0.2319,
frame_ms,0.2413,
frame_ms,0.2545,
frame_ms,0.226,
frame_ms,0.2191,
frame_ms,0.2573,
frame_ms,0.2207,
frame_ms,0.2741,
frame_ms,0.2407,
frame_ms,0.2215,
frame_ms,0.2403,
frame_ms,0.4972,
frame_ms,0.3889,
frame_ms,0.2755,
frame_ms,0.2363,
frame_ms,0.2295,
frame_ms,0.224,
frame_ms,0.2189,
tick_us,603.2,4414
frame_ms,1.6058,
frame_ms,0.3406,
frame_ms,0.2589,
frame_ms,0.2386,
frame_ms,0.2464,
frame_ms,0.2463,
frame_ms,0.2407,
frame_ms,0.2451,
frame_ms,0.2405,
frame_ms,0.2493,
frame_ms,0.2408,
frame_ms,0.2407,
frame_ms,0.3641,
frame_ms,0.5057,
frame_ms,0.2653,
frame_ms,0.2242,
frame_ms,0.2256,
frame_ms,0.2249,
frame_ms,0.2273,
frame_ms,0.2287,
frame_ms,0.2418,
tick_us,588.6,4416
frame_ms,1.507,
frame_ms,0.2638,
frame_ms,0.2319,
frame_ms,0.2206,
frame_ms,0.2184,
frame_ms,0.2293,
frame_ms,0.2253,
frame_ms,0.2205,
frame_ms,0.2567,
frame_ms,0.2312,
frame_ms,0.2115,
frame_ms,0.26,
frame_ms,0.2339,
frame_ms,0.2194,
frame_ms,0.3274,
frame_ms,0.2264,
frame_ms,0.2472,
frame_ms,0.5768,
frame_ms,0.3469,
frame_ms,0.2427,
frame_ms,0.2234,
frame_ms,0.2272,
tick_us,577.6,4410
frame_ms,1.4396,
frame_ms,0.2399,
frame_ms,0.2192,
frame_ms,0.2338,
frame_ms,0.2179,
frame_ms,0.2145,
frame_ms,0.2161,
frame_ms,0.2608,
frame_ms,0.2545,
frame_ms,0.2201,
frame_ms,0.2349,
frame_ms,0.2449,
frame_ms,0.2224,
frame_ms,0.2169,
frame_ms,0.2673,
frame_ms,0.2348,
frame_ms,0.2195,
frame_ms,0.4819,
frame_ms,0.3583,
frame_ms,0.2216,
frame_ms,0.2213,
frame_ms,0.2201,
frame_ms,0.2199,
frame_ms,0.2273,
tick_us,583.2,4394
frame_ms,1.4103,
frame_ms,0.2453,
frame_ms,0.2157,
frame_ms,0.2237,
frame_ms,0.2231,
frame_ms,0.2248,
frame_ms,0.2218,
frame_ms,0.2332,
frame_ms,0.2998,
frame_ms,0.2812,
frame_ms,0.2853,
frame_ms,0.2635,
frame_ms,0.2274,
frame_ms,0.2193,
frame_ms,0.2225,
frame_ms,0.2208,
frame_ms,0.2301,
frame_ms,0.3494,
frame_ms,0.6301,
frame_ms,0.3592,
frame_ms,0.2506,
tick_us,600.1,4414
frame_ms,1.4665,
frame_ms,0.2538,
frame_ms,0.228,
frame_ms,0.2382,
frame_ms,0.2317,
frame_ms,0.2257,
frame_ms,0.2228,
frame_ms,0.22,
frame_ms,0.2255,
frame_ms,0.2865,
frame_ms,0.2331,
frame_ms,0.2218,
frame_ms,0.2251,
frame_ms,0.2213,
frame_ms,0.2171,
frame_ms,0.376,
frame_ms,0.3861,
frame_ms,0.4193,
frame_ms,0.3001,
frame_ms,0.4535,
frame_ms,0.2701,
tick_us,601.3,4414
frame_ms,1.4539,
frame_ms,0.2348,
frame_ms,0.2184,
frame_ms,0.2226,
frame_ms,0.2286,
frame_ms,0.2164,
frame_ms,0.3133,
frame_ms,0.3063,
frame_ms,0.2629,
frame_ms,0.2397,
frame_ms,0.2349,
frame_ms,0.2301,
frame_ms,0.2328,
frame_ms,0.2361,
frame_ms,0.2294,
frame_ms,0.2233,
frame_ms,0.23,
frame_ms,0.225,
frame_ms,0.2441,
frame_ms,0.2415,
frame_ms,0.5349,
frame_ms,0.3607,
tick_us,591.2,4386
frame_ms,1.4862,
frame_ms,0.2538,
frame_ms,0.2419,
frame_ms,0.2352,
frame_ms,0.2256,
frame_ms,0.2193,
frame_ms,0.217,
frame_ms,0.2609,
frame_ms,0.2415,
frame_ms,0.2212,
frame_ms,0.2593,
frame_ms,0.2667,
frame_ms,0.2311,
frame_ms,0.2198,
frame_ms,0.2417,
frame_ms,0.2234,
frame_ms,0.2124,
frame_ms,0.2656,
frame_ms,0.2744,
frame_ms,0.3507,
frame_ms,0.6714,
tick_us,591.9,4354
frame_ms,1.6596,
frame_ms,0.3878,
frame_ms,0.3343,
frame_ms,0.2506,
frame_ms,0.2249,
frame_ms,0.2275,
frame_ms,0.2196,
frame_ms,0.231,
frame_ms,0.2163,
frame_ms,0.2707,
frame_ms,0.2371,
frame_ms,0.2164,
frame_ms,0.254,
frame_ms,0.2619,
frame_ms,0.2275,
frame_ms,0.2189,
frame_ms,0.2418,
frame_ms,0.2272,
frame_ms,0.2229,
frame_ms,0.2169,
frame_ms,0.2598,
frame_ms,0.2332,
frame_ms,0.3486,
tick_us,594.2,4320
frame_ms,1.6741,
frame_ms,0.271,
frame_ms,0.223,
frame_ms,0.2275,
frame_ms,0.2371,
frame_ms,0.22,
frame_ms,0.2465,
frame_ms,0.2509,
frame_ms,0.2152,
frame_ms,0.2111,
frame_ms,0.2426,
frame_ms,0.2275,
frame_ms,0.219,
frame_ms,0.2626,
frame_ms,0.2343,
frame_ms,0.2177,
frame_ms,0.2142,
frame_ms,0.2509,
frame_ms,0.2287,
frame_ms,0.2207,
frame_ms,0.2794,
frame_ms,0.246,
frame_ms,0.2229,
tick_us,564.4,4308
frame_ms,1.4285,
frame_ms,0.2347,
frame_ms,0.3441,
frame_ms,0.3158,
frame_ms,0.2682,
frame_ms,0.2432,
frame_ms,0.2442,
frame_ms,0.246,
frame_ms,0.2468,
frame_ms,0.263,
frame_ms,0.2453,
frame_ms,0.2484,
frame_ms,0.2399,
frame_ms,0.2439,
frame_ms,0.2468,
frame_ms,0.2455,
frame_ms,0.2419,
frame_ms,0.3029,
frame_ms,0.2453,
frame_ms,0.2303,
frame_ms,0.2195,
frame_ms,0.2148,
frame_ms,0.2641,
tick_us,707.1,4326
frame_ms,1.738,
frame_ms,0.3017,
frame_ms,0.2459,
frame_ms,0.2247,
frame_ms,0.2268,
frame_ms,0.2189,
frame_ms,0.2152,
frame_ms,0.2237,
frame_ms,0.2445,
frame_ms,0.2329,
frame_ms,0.2138,
frame_ms,0.2429,
frame_ms,0.2335,
frame_ms,0.2147,
frame_ms,0.2626,
frame_ms,0.2515,
frame_ms,0.2163,
frame_ms,0.2095,
frame_ms,0.2564,
frame_ms,0.2294,
frame_ms,0.2168,
frame_ms,0.2109,
frame_ms,0.244,
tick_us,565.9,4372
frame_ms,1.4019,
frame_ms,0.2292,
frame_ms,0.2568,
frame_ms,0.4442,
frame_ms,0.3592,
frame_ms,0.4468,
frame_ms,0.3259,
frame_ms,0.3385,
frame_ms,0.5636,
frame_ms,0.2303,
frame_ms,0.2249,
frame_ms,0.2245,
frame_ms,0.2179,
frame_ms,0.2305,
frame_ms,0.2119,
frame_ms,0.2473,
frame_ms,0.2229,
frame_ms,0.2124,
frame_ms,0.2335,
frame_ms,0.2215,
frame_ms,0.2127,
tick_us,577.4,4368
frame_ms,1.5195,
frame_ms,0.2544,
frame_ms,0.2828,
frame_ms,0.2932,
frame_ms,0.2462,
frame_ms,0.2316,
frame_ms,0.2296,
frame_ms,0.2393,
frame_ms,0.2315,
frame_ms,0.2284,
frame_ms,0.2402,
frame_ms,0.2302,
frame_ms,0.2291,
frame_ms,0.2255,
frame_ms,0.2761,
frame_ms,0.3036,
frame_ms,0.2527,
frame_ms,0.2321,
frame_ms,0.228,
frame_ms,0.2232,
frame_ms,0.2187,
frame_ms,0.2321,
frame_ms,0.2256,
tick_us,585.6,4400
frame_ms,1.5729,
frame_ms,0.5507,
frame_ms,0.2668,
frame_ms,0.2486,
frame_ms,0.2245,
frame_ms,0.2245,
frame_ms,0.2278,
frame_ms,0.2264,
frame_ms,0.2227,
frame_ms,0.2523,
frame_ms,0.227,
frame_ms,0.2205,
frame_ms,0.2221,
frame_ms,0.235,
frame_ms,0.5874,
frame_ms,0.3215,
frame_ms,0.2486,
frame_ms,0.2317,
frame_ms,0.2339,
frame_ms,0.2308,
frame_ms,0.2368,
tick_us,578.9,4416
frame_ms,1.426,
frame_ms,0.4857,
frame_ms,0.3718,
frame_ms,0.3511,
frame_ms,0.3887,
frame_ms,0.3489,
frame_ms,0.3403,
frame_ms,0.3378,
frame_ms,0.3869,
frame_ms,0.3357,
frame_ms,0.3449,
frame_ms,0.288,
frame_ms,0.2479,
frame_ms,0.2206,
frame_ms,0.2414,
frame_ms,0.2268,
frame_ms,0.2235,
frame_ms,0.2408,
tick_us,578.5,4408
frame_ms,1.4247,
frame_ms,0.2384,
frame_ms,0.4958,
frame_ms,0.2544,
frame_ms,0.2206,
frame_ms,0.2177,
frame_ms,0.222,
frame_ms,0.2152,
frame_ms,0.2436,
frame_ms,0.2297,
frame_ms,0.2226,
frame_ms,0.2178,
frame_ms,0.2493,
frame_ms,0.2287,
frame_ms,0.2216,
frame_ms,0.2298,
frame_ms,0.226,
frame_ms,0.262,
frame_ms,0.2643,
frame_ms,0.24,
frame_ms,0.2344,
frame_ms,0.2302,
frame_ms,0.2282,
frame_ms,0.227,
tick_us,638.3,4436
frame_ms,1.8946,
frame_ms,0.4317,
frame_ms,0.2613,
frame_ms,0.2323,
frame_ms,0.2241,
frame_ms,0.2257,
frame_ms,0.2212,
frame_ms,0.2147,
frame_ms,0.2151,
frame_ms,0.2694,
frame_ms,0.241,
frame_ms,0.2179,
frame_ms,0.2177,
frame_ms,0.2201,
frame_ms,0.2785,
frame_ms,0.2329,
frame_ms,0.2144,
frame_ms,0.2532,
frame_ms,0.2234,
frame_ms,0.2156,
frame_ms,0.2689,
frame_ms,0.2355,
tick_us,566.8,4448
frame_ms,1.4054,
frame_ms,0.2507,
frame_ms,0.4129,
frame_ms,0.5851,
frame_ms,0.2743,
frame_ms,0.2258,
frame_ms,0.3158,
frame_ms,0.2754,
frame_ms,0.2321,
frame_ms,0.2261,
frame_ms,0.2261,
frame_ms,0.2254,
frame_ms,0.2281,
frame_ms,0.2355,
frame_ms,0.2389,
frame_ms,0.2348,
frame_ms,0.2885,
frame_ms,0.2747,
frame_ms,0.226,
frame_ms,0.2289,
frame_ms,0.2153,
tick_us,572.1,4434
frame_ms,1.3864,
frame_ms,0.239,
frame_ms,0.2174,
frame_ms,0.2303,
frame_ms,0.5359,
frame_ms,0.5573,
frame_ms,0.2527,
frame_ms,0.2224,
frame_ms,0.2986,
frame_ms,0.2427,
frame_ms,0.2642,
frame_ms,0.2245,
frame_ms,0.2247,
frame_ms,0.2236,
frame_ms,0.2202,
frame_ms,0.2425,
frame_ms,0.2191,
frame_ms,0.2311,
frame_ms,0.2209,
frame_ms,0.2998,
frame_ms,0.2484,
frame_ms,0.2216,
tick_us,580.1,4452
frame_ms,1.4271,
frame_ms,0.2657,
frame_ms,0.2173,
frame_ms,0.219,
frame_ms,0.2207,
frame_ms,0.3202,
frame_ms,0.5169,
frame_ms,0.2566,
frame_ms,0.2275,
frame_ms,0.223,
frame_ms,0.2933,
frame_ms,0.2627,
frame_ms,0.2556,
frame_ms,0.2207,
frame_ms,0.2254,
frame_ms,0.2178,
frame_ms,0.2144,
frame_ms,0.2837,
frame_ms,0.2351,
frame_ms,0.2199,
frame_ms,0.2361,
frame_ms,0.2214,
tick_us,584.3,4428
frame_ms,1.4432,
frame_ms,0.2707,
frame_ms,0.212,
frame_ms,0.221,
frame_ms,0.2159,
frame_ms,0.235,
frame_ms,0.2277,
frame_ms,0.492,
frame_ms,0.3901,
frame_ms,0.3514,
frame_ms,0.3471,
frame_ms,0.5407,
frame_ms,0.2753,
frame_ms,0.2485,
frame_ms,0.2257,
frame_ms,0.2302,
frame_ms,0.2282,
frame_ms,0.2371,
frame_ms,0.2348,
frame_ms,0.2605,
frame_ms,0.2567,
tick_us,590.6,4414
frame_ms,1.4525,
frame_ms,0.2481,
frame_ms,0.2203,
frame_ms,0.2256,
frame_ms,0.2236,
frame_ms,0.2159,
frame_ms,0.2158,
frame_ms,0.2745,
frame_ms,0.4156,
frame_ms,0.597,
frame_ms,0.3205,
frame_ms,0.2281,
frame_ms,0.2186,
frame_ms,0.2211,
frame_ms,0.2151,
frame_ms,0.243,
frame_ms,0.2764,
frame_ms,0.2396,
frame_ms,0.2309,
frame_ms,0.2271,
frame_ms,0.227,
tick_us,595.3,4418
frame_ms,1.4791,
frame_ms,0.2953,
frame_ms,0.221,
frame_ms,0.2228,
frame_ms,0.2172,
frame_ms,0.2258,
frame_ms,0.2167,
frame_ms,0.2681,
frame_ms,0.4208,
frame_ms,0.4503,
frame_ms,0.2269,
frame_ms,0.2287,
frame_ms,0.2177,
frame_ms,0.3026,
frame_ms,0.2376,
frame_ms,0.2258,
frame_ms,0.2348,
frame_ms,0.2755,
frame_ms,0.2856,
frame_ms,0.248,
frame_ms,0.2271,
frame_ms,0.2229,
frame_ms,0.2172,
tick_us,604.5,4442
frame_ms,1.4497,
frame_ms,0.2428,
frame_ms,0.2256,
frame_ms,0.2201,
frame_ms,0.2212,
frame_ms,0.2233,
frame_ms,0.2771,
frame_ms,0.2945,
frame_ms,0.2459,
frame_ms,0.2291,
frame_ms,0.2862,
frame_ms,0.436,
frame_ms,0.3727,
frame_ms,0.2754,
frame_ms,0.2365,
frame_ms,0.2253,
frame_ms,0.2231,
frame_ms,0.2516,
frame_ms,0.2461,
frame_ms,0.2235,
frame_ms,0.2137,
frame_ms,0.258,
tick_us,583.6,4438
frame_ms,1.4844,
frame_ms,0.2634,
frame_ms,0.3242,
frame_ms,0.2375,
frame_ms,0.2229,
frame_ms,0.2233,
frame_ms,0.2178,
frame_ms,0.2099,
frame_ms,0.2587,
frame_ms,0.2299,
frame_ms,0.2831,
frame_ms,0.3907,
frame_ms,0.2976,
frame_ms,0.2598,
frame_ms,0.2345,
frame_ms,0.2381,
frame_ms,0.2505,
frame_ms,0.2407,
frame_ms,0.2744,
frame_ms,0.2448,
frame_ms,0.2422,
frame_ms,0.2339,
tick_us,589.8,4454
frame_ms,1.6764,
frame_ms,0.6711,
frame_ms,0.4794,
frame_ms,0.3086,
frame_ms,0.2915,
frame_ms,0.2982,
frame_ms,0.4898,
frame_ms,0.5592,
frame_ms,0.3848,
frame_ms,0.3586,
frame_ms,0.3905,
frame_ms,0.4204,
frame_ms,0.5167,
tick_us,906.8,4452
frame_ms,1.9347,
frame_ms,0.3442,
frame_ms,0.2699,
frame_ms,0.2504,
frame_ms,0.3266,
frame_ms,0.2837,
frame_ms,0.2392,
frame_ms,0.2789,
frame_ms,0.3149,
frame_ms,0.2725,
frame_ms,0.8758,
frame_ms,0.9526,
frame_ms,0.7248,
tick_us,685.4,4490
frame_ms,1.9739,
frame_ms,0.5485,
frame_ms,0.3959,
frame_ms,0.282,
frame_ms,0.2837,
frame_ms,0.4371,
frame_ms,0.3257,
frame_ms,0.3418,
frame_ms,0.4018,
frame_ms,0.3029,
frame_ms,0.2736,
frame_ms,0.2267,
frame_ms,0.2266,
frame_ms,0.274,
frame_ms,0.2243,
frame_ms,0.2278,
frame_ms,0.242,
tick_us,608.5,4506
frame_ms,1.465,
frame_ms,0.2844,
frame_ms,0.3167,
frame_ms,0.2656,
frame_ms,0.2246,
frame_ms,0.222,
frame_ms,0.2239,
frame_ms,0.2162,
frame_ms,0.2488,
frame_ms,0.2865,
frame_ms,0.2542,
frame_ms,0.2392,
frame_ms,0.2323,
frame_ms,0.2553,
frame_ms,0.2359,
frame_ms,0.3233,
frame_ms,0.2608,
frame_ms,0.2304,
frame_ms,0.3651,
frame_ms,0.2963,
frame_ms,0.2855,
frame_ms,0.2907,
tick_us,594.7,4490
frame_ms,1.4931,
frame_ms,0.2741,
frame_ms,0.2465,
frame_ms,0.2303,
frame_ms,0.2265,
frame_ms,0.2265,
frame_ms,0.33,
frame_ms,0.2748,
frame_ms,0.2403,
frame_ms,0.221,
frame_ms,0.2193,
frame_ms,0.2136,
frame_ms,0.2848,
frame_ms,0.35,
frame_ms,0.3064,
frame_ms,0.3926,
frame_ms,0.3508,
frame_ms,0.3875,
frame_ms,0.3249,
tick_us,770.9,4480
frame_ms,2.1006,
frame_ms,0.2874,
frame_ms,0.2303,
frame_ms,0.2322,
frame_ms,0.3203,
frame_ms,0.2847,
frame_ms,0.367,
frame_ms,1.2637,
frame_ms,0.2662,
frame_ms,0.228,
frame_ms,0.3282,
frame_ms,0.2875,
frame_ms,0.2465,
frame_ms,0.2388,
frame_ms,0.2377,
frame_ms,0.2391,
tick_us,622,4502
frame_ms,1.6189,
frame_ms,0.4021,
frame_ms,0.4162,
frame_ms,0.3526,
frame_ms,0.3401,
frame_ms,0.4065,
frame_ms,0.2783,
frame_ms,0.2508,
frame_ms,0.2743,
frame_ms,0.8672,
frame_ms,0.9199,
frame_ms,0.4924,
frame_ms,0.3046,
tick_us,635.5,4520
frame_ms,1.626,
frame_ms,0.2931,
frame_ms,0.3079,
frame_ms,0.2949,
frame_ms,0.2623,
frame_ms,0.2516,
frame_ms,0.4929,
frame_ms,0.4618,
frame_ms,0.3254,
frame_ms,0.3323,
frame_ms,0.3622,
frame_ms,0.31,
frame_ms,0.239,
frame_ms,0.2299,
frame_ms,0.2282,
frame_ms,0.3952,
frame_ms,0.3907,
frame_ms,0.2857,
tick_us,618.8,4510
frame_ms,1.4711,
frame_ms,0.247,
frame_ms,0.2244,
frame_ms,0.2228,
frame_ms,0.2246,
frame_ms,0.2252,
frame_ms,0.2198,
frame_ms,0.3084,
frame_ms,0.2983,
frame_ms,0.2858,
frame_ms,0.3872,
frame_ms,0.3795,
frame_ms,0.4071,
frame_ms,0.337,
frame_ms,0.3047,
frame_ms,0.2519,
frame_ms,0.316,
frame_ms,0.374,
frame_ms,0.256,
frame_ms,0.2239,
tick_us,638.5,4514
frame_ms,1.5669,
frame_ms,0.3059,
frame_ms,0.2685,
frame_ms,0.2392,
frame_ms,0.2276,
frame_ms,0.2253,
frame_ms,0.22,
frame_ms,0.3414,
frame_ms,0.2536,
frame_ms,0.243,
frame_ms,0.3147,
frame_ms,0.3053,
frame_ms,0.385,
frame_ms,0.3007,
frame_ms,0.3128,
frame_ms,0.2959,
frame_ms,0.3866,
frame_ms,0.3754,
frame_ms,0.2557,
tick_us,616.2,4498
frame_ms,1.5961,
frame_ms,0.3148,
frame_ms,0.3099,
frame_ms,0.3299,
frame_ms,0.3154,
frame_ms,0.6227,
frame_ms,0.3118,
frame_ms,0.2712,
frame_ms,0.2261,
frame_ms,0.2205,
frame_ms,0.2381,
frame_ms,0.219,
frame_ms,0.2556,
frame_ms,0.3467,
frame_ms,0.2912,
frame_ms,0.2652,
frame_ms,0.247,
frame_ms,0.2371,
frame_ms,0.2306,
tick_us,659.6,4478
frame_ms,1.6418,
frame_ms,0.3205,
frame_ms,0.2391,
frame_ms,0.3017,
frame_ms,0.2817,
frame_ms,0.2582,
frame_ms,0.2473,
frame_ms,0.2345,
frame_ms,0.223,
frame_ms,0.2225,
frame_ms,0.2529,
frame_ms,0.2448,
frame_ms,0.2287,
frame_ms,0.2589,
frame_ms,0.2338,
frame_ms,0.2245,
frame_ms,0.2223,
frame_ms,0.2929,
frame_ms,0.2753,
frame_ms,0.28,
frame_ms,0.2756,
frame_ms,0.2683,
tick_us,699,4458
frame_ms,1.5853,
frame_ms,0.3707,
frame_ms,0.2675,
frame_ms,0.2351,
frame_ms,0.2337,
frame_ms,0.2336,
frame_ms,0.2258,
frame_ms,0.2208,
frame_ms,0.3508,
frame_ms,0.2984,
frame_ms,0.2692,
frame_ms,0.2557,
frame_ms,0.276,
frame_ms,0.262,
frame_ms,0.2715,
frame_ms,0.2512,
frame_ms,0.2472,
frame_ms,0.3021,
frame_ms,0.2493,
frame_ms,0.231,
frame_ms,0.2221,
frame_ms,0.2206,
tick_us,787.6,4440
frame_ms,1.8191,
frame_ms,0.4138,
frame_ms,0.2543,
frame_ms,0.2367,
frame_ms,0.2308,
frame_ms,0.225,
frame_ms,0.2277,
frame_ms,0.216,
frame_ms,0.2812,
frame_ms,0.2763,
frame_ms,0.3304,
frame_ms,0.2785,
frame_ms,0.2386,
frame_ms,0.2343,
frame_ms,0.2329,
frame_ms,1.1939,
frame_ms,0.2395,
tick_us,574.6,4472
frame_ms,1.4779,
frame_ms,0.2803,
frame_ms,0.2345,
frame_ms,0.2291,
frame_ms,0.2206,
frame_ms,0.2201,
frame_ms,0.2771,
frame_ms,0.2402,
frame_ms,0.2331,
frame_ms,0.2581,
frame_ms,0.2304,
frame_ms,0.2217,
frame_ms,0.2974,
frame_ms,0.2399,
frame_ms,0.2237,
frame_ms,0.2172,
frame_ms,0.27,
frame_ms,0.2619,
frame_ms,0.2189,
frame_ms,0.2179,
frame_ms,0.2737,
frame_ms,0.2354,
frame_ms,0.2168,
tick_us,560,4450
frame_ms,1.4249,
frame_ms,0.2508,
frame_ms,0.2213,
frame_ms,0.2239,
frame_ms,0.2232,
frame_ms,0.2173,
frame_ms,0.2553,
frame_ms,0.2361,
frame_ms,0.2141,
frame_ms,0.2359,
frame_ms,0.7589,
frame_ms,0.3075,
frame_ms,0.2285,
frame_ms,0.225,
frame_ms,0.2305,
frame_ms,0.2283,
frame_ms,0.2135,
frame_ms,0.2628,
frame_ms,0.2446,
frame_ms,0.2228,
frame_ms,0.2307,
frame_ms,0.2222,
tick_us,567,4500
frame_ms,1.4671,
frame_ms,0.2451,
frame_ms,0.2189,
frame_ms,0.2379,
frame_ms,0.2258,
frame_ms,0.2293,
frame_ms,0.2721,
frame_ms,0.2411,
frame_ms,0.2137,
frame_ms,0.2976,
frame_ms,0.2362,
frame_ms,0.2249,
frame_ms,0.2115,
frame_ms,0.2558,
frame_ms,0.2322,
frame_ms,0.2159,
frame_ms,0.269,
frame_ms,0.236,
frame_ms,0.2181,
frame_ms,0.2125,
frame_ms,0.2871,
frame_ms,0.4039,
frame_ms,0.3697,
tick_us,634.1,4488
