# mode=render,n=100,struct=grid,cell=64,depth=5,node=4,seed=43,warmup_s=2,measure_s=5,config=2D,ticks=1008,frames=15626,measured_ticks=0,startup_ms=1236.95,glfw_first_draw_ms=1170.47,renderer=NVIDIA GeForce RTX 5060 Laptop GPU/PCIe/SSE2,gl=3.3.0 NVIDIA 592.01
kind,value,extra
startup_ms,1236.95,process_to_first_frame
glfw_ms,1170.47,glfw_init_to_first_frame
mem_ws_bytes,1.12456e+08,baseline
mem_private_bytes,1.81527e+08,baseline
mem_peak_ws_bytes,1.12456e+08,baseline
mem_ws_bytes,1.1248e+08,after_spawn
mem_private_bytes,1.81527e+08,after_spawn
mem_peak_ws_bytes,1.1248e+08,after_spawn
frame_ms,0.4019,
frame_ms,0.3859,
frame_ms,0.3879,
frame_ms,0.3962,
frame_ms,0.4919,
frame_ms,0.4012,
frame_ms,0.3957,
frame_ms,0.383,
frame_ms,0.499,
frame_ms,0.5667,
frame_ms,0.5414,
frame_ms,0.5284,
frame_ms,0.5138,
frame_ms,0.5133,
frame_ms,0.5958,
frame_ms,0.5531,
frame_ms,0.5596,
frame_ms,0.5547,
frame_ms,0.6187,
frame_ms,0.4729,
frame_ms,0.4077,
frame_ms,0.3956,
frame_ms,0.3915,
frame_ms,0.4069,
frame_ms,0.451,
frame_ms,0.4095,
frame_ms,0.4053,
frame_ms,0.3947,
frame_ms,0.3999,
frame_ms,0.4165,
frame_ms,0.3931,
frame_ms,0.3875,
frame_ms,0.3868,
frame_ms,0.4111,
frame_ms,0.4188,
frame_ms,0.4042,
frame_ms,0.4096,
frame_ms,0.4036,
frame_ms,0.3944,
frame_ms,0.6259,
frame_ms,0.4522,
frame_ms,0.4002,
frame_ms,0.4287,
frame_ms,0.5027,
frame_ms,0.449,
frame_ms,0.4547,
frame_ms,0.4819,
frame_ms,0.5177,
frame_ms,0.3994,
frame_ms,0.3901,
frame_ms,0.3989,
frame_ms,0.3883,
frame_ms,0.4864,
frame_ms,0.4156,
frame_ms,0.4096,
frame_ms,0.3915,
frame_ms,0.3907,
frame_ms,0.3954,
frame_ms,0.3808,
frame_ms,0.3916,
frame_ms,0.3989,
frame_ms,0.3816,
frame_ms,0.4257,
frame_ms,0.4499,
frame_ms,0.5397,
frame_ms,0.4494,
frame_ms,0.3912,
frame_ms,0.382,
frame_ms,0.3811,
frame_ms,0.4029,
frame_ms,0.3794,
frame_ms,0.3877,
frame_ms,0.3893,
frame_ms,0.3891,
frame_ms,0.432,
frame_ms,0.3964,
frame_ms,0.5172,
frame_ms,0.4271,
frame_ms,0.3856,
frame_ms,0.4094,
frame_ms,0.3839,
frame_ms,0.3905,
frame_ms,0.427,
frame_ms,0.4804,
frame_ms,0.4823,
frame_ms,0.4217,
frame_ms,0.4514,
frame_ms,0.4809,
frame_ms,0.3941,
frame_ms,0.4062,
frame_ms,0.384,
frame_ms,0.3905,
frame_ms,0.3991,
frame_ms,0.3854,
frame_ms,0.392,
frame_ms,0.4288,
frame_ms,0.3946,
frame_ms,0.3858,
frame_ms,0.3805,
frame_ms,0.3798,
frame_ms,0.3806,
frame_ms,0.4015,
frame_ms,0.4044,
frame_ms,0.3893,
frame_ms,0.4075,
frame_ms,0.3853,
frame_ms,0.3957,
frame_ms,0.3911,
frame_ms,0.3775,
frame_ms,0.3823,
frame_ms,0.3844,
frame_ms,0.3887,
frame_ms,0.3829,
frame_ms,0.4351,
frame_ms,0.4082,
frame_ms,0.415,
frame_ms,0.4022,
frame_ms,0.3862,
frame_ms,0.3832,
frame_ms,0.3903,
frame_ms,0.3804,
frame_ms,0.3786,
frame_ms,0.3934,
frame_ms,0.4014,
frame_ms,0.3802,
frame_ms,0.4122,
frame_ms,0.4024,
frame_ms,0.4042,
frame_ms,0.3841,
frame_ms,0.379,
frame_ms,0.3779,
frame_ms,0.4315,
frame_ms,0.3976,
frame_ms,0.3819,
frame_ms,0.3838,
frame_ms,0.3892,
frame_ms,0.4027,
frame_ms,0.4204,
frame_ms,0.3899,
frame_ms,0.3819,
frame_ms,0.3869,
frame_ms,0.3742,
frame_ms,0.3853,
frame_ms,0.3781,
frame_ms,0.3783,
frame_ms,0.3826,
frame_ms,0.4167,
frame_ms,0.4159,
frame_ms,0.418,
frame_ms,0.4215,
frame_ms,0.3834,
frame_ms,0.381,
frame_ms,0.3873,
frame_ms,0.3812,
frame_ms,0.4971,
frame_ms,0.4441,
frame_ms,0.4365,
frame_ms,0.4097,
frame_ms,0.4202,
frame_ms,0.4416,
frame_ms,0.4013,
frame_ms,0.3957,
frame_ms,0.3902,
frame_ms,0.4084,
frame_ms,0.4439,
frame_ms,0.5697,
frame_ms,0.4822,
frame_ms,0.452,
frame_ms,0.5137,
frame_ms,0.4604,
frame_ms,0.4285,
frame_ms,0.4518,
frame_ms,0.4276,
frame_ms,0.404,
frame_ms,0.4107,
frame_ms,0.4495,
frame_ms,0.462,
frame_ms,0.6826,
frame_ms,0.4731,
frame_ms,0.4131,
frame_ms,0.4401,
frame_ms,0.423,
frame_ms,0.4021,
frame_ms,0.4107,
frame_ms,0.845,
frame_ms,0.4759,
frame_ms,0.4364,
frame_ms,0.4059,
frame_ms,0.4462,
frame_ms,0.4899,
frame_ms,0.4194,
frame_ms,0.3987,
frame_ms,0.3955,
frame_ms,0.4285,
frame_ms,0.4998,
frame_ms,0.5133,
frame_ms,0.4764,
frame_ms,0.4101,
frame_ms,0.4172,
frame_ms,0.4049,
frame_ms,0.4129,
frame_ms,0.4175,
frame_ms,0.4154,
frame_ms,0.4546,
frame_ms,0.4208,
frame_ms,0.4274,
frame_ms,0.4014,
frame_ms,0.5642,
frame_ms,0.4344,
frame_ms,0.4001,
frame_ms,0.3883,
frame_ms,0.5151,
frame_ms,0.4292,
frame_ms,0.4398,
frame_ms,0.4609,
frame_ms,0.4623,
frame_ms,0.4133,
frame_ms,0.401,
frame_ms,0.403,
frame_ms,0.4409,
frame_ms,0.4705,
frame_ms,0.4057,
frame_ms,0.451,
frame_ms,0.5035,
frame_ms,0.5251,
frame_ms,0.4861,
frame_ms,0.4635,
frame_ms,0.423,
frame_ms,0.4013,
frame_ms,0.3943,
frame_ms,0.3999,
frame_ms,0.4637,
frame_ms,0.4887,
frame_ms,0.4119,
frame_ms,0.4009,
frame_ms,0.4034,
frame_ms,0.4101,
frame_ms,0.3991,
frame_ms,0.3952,
frame_ms,0.4069,
frame_ms,0.3998,
frame_ms,0.4478,
frame_ms,0.4551,
frame_ms,0.4485,
frame_ms,0.3988,
frame_ms,0.3964,
frame_ms,0.4062,
frame_ms,0.4138,
frame_ms,0.4112,
frame_ms,0.3948,
frame_ms,0.3987,
frame_ms,0.4459,
frame_ms,0.4086,
frame_ms,0.3977,
frame_ms,0.394,
frame_ms,0.3943,
frame_ms,0.4065,
frame_ms,0.3934,
frame_ms,0.3867,
frame_ms,0.409,
frame_ms,0.4347,
frame_ms,0.4985,
frame_ms,0.5276,
frame_ms,0.4132,
frame_ms,0.399,
frame_ms,0.4054,
frame_ms,0.4035,
frame_ms,0.4144,
frame_ms,0.3939,
frame_ms,0.3956,
frame_ms,0.4186,
frame_ms,0.4352,
frame_ms,0.4161,
frame_ms,0.3984,
frame_ms,0.386,
frame_ms,0.3916,
frame_ms,0.4451,
frame_ms,0.4033,
frame_ms,0.5748,
frame_ms,0.4777,
frame_ms,0.4723,
frame_ms,0.4366,
frame_ms,0.4582,
frame_ms,0.4217,
frame_ms,0.4032,
frame_ms,0.3946,
frame_ms,0.4098,
frame_ms,0.4009,
frame_ms,0.3895,
frame_ms,0.3992,
frame_ms,0.4038,
frame_ms,0.4036,
frame_ms,0.4574,
frame_ms,0.3991,
frame_ms,0.3959,
frame_ms,0.3931,
frame_ms,0.3908,
frame_ms,0.5667,
frame_ms,0.4208,
frame_ms,0.5361,
frame_ms,0.4567,
frame_ms,0.4261,
frame_ms,0.5058,
frame_ms,0.429,
frame_ms,0.3995,
frame_ms,0.3981,
frame_ms,0.4134,
frame_ms,0.4011,
frame_ms,0.4331,
frame_ms,0.39,
frame_ms,0.3911,
frame_ms,0.4245,
frame_ms,0.4044,
frame_ms,0.3982,
frame_ms,0.3996,
frame_ms,0.4067,
frame_ms,0.4106,
frame_ms,0.3983,
frame_ms,0.4306,
frame_ms,0.4031,
frame_ms,0.3914,
frame_ms,0.4029,
frame_ms,0.4128,
frame_ms,0.3985,
frame_ms,0.3902,
frame_ms,0.4174,
frame_ms,0.3997,
frame_ms,0.4068,
frame_ms,0.3901,
frame_ms,0.4639,
frame_ms,0.473,
frame_ms,0.4126,
frame_ms,0.4145,
frame_ms,0.515,
frame_ms,0.4204,
frame_ms,0.4176,
frame_ms,0.3955,
frame_ms,0.4056,
frame_ms,0.4557,
frame_ms,0.4716,
frame_ms,0.437,
frame_ms,0.4436,
frame_ms,0.5059,
frame_ms,0.5253,
frame_ms,0.4067,
frame_ms,0.3962,
frame_ms,0.409,
frame_ms,0.4054,
frame_ms,0.446,
frame_ms,0.4026,
frame_ms,0.409,
frame_ms,0.4379,
frame_ms,0.4353,
frame_ms,0.3933,
frame_ms,0.3889,
frame_ms,0.3872,
frame_ms,0.3978,
frame_ms,0.385,
frame_ms,0.4575,
frame_ms,0.4056,
frame_ms,0.398,
frame_ms,0.4246,
frame_ms,0.4119,
frame_ms,0.3837,
frame_ms,0.3871,
frame_ms,0.3832,
frame_ms,0.3957,
frame_ms,0.387,
frame_ms,0.6893,
frame_ms,0.5805,
frame_ms,0.4435,
frame_ms,0.4027,
frame_ms,0.3921,
frame_ms,0.4136,
frame_ms,0.4323,
frame_ms,0.3937,
frame_ms,0.3946,
frame_ms,0.41,
frame_ms,0.4832,
frame_ms,0.467,
frame_ms,0.4327,
frame_ms,0.4629,
frame_ms,0.4347,
frame_ms,0.4011,
frame_ms,0.3924,
frame_ms,0.4,
frame_ms,0.3948,
frame_ms,0.4695,
frame_ms,0.6987,
frame_ms,0.6872,
frame_ms,0.5194,
frame_ms,0.4816,
frame_ms,0.4258,
frame_ms,0.3985,
frame_ms,0.3968,
frame_ms,0.4364,
frame_ms,0.4257,
frame_ms,0.4148,
frame_ms,0.4168,
frame_ms,0.4071,
frame_ms,0.4152,
frame_ms,0.4026,
frame_ms,0.3965,
frame_ms,0.3951,
frame_ms,0.4169,
frame_ms,0.5408,
frame_ms,0.467,
frame_ms,0.4269,
frame_ms,0.4247,
frame_ms,0.4282,
frame_ms,0.3982,
frame_ms,0.3901,
frame_ms,0.3868,
frame_ms,0.3905,
frame_ms,0.3922,
frame_ms,0.4439,
frame_ms,0.5482,
frame_ms,0.4411,
frame_ms,0.4589,
frame_ms,0.5085,
frame_ms,0.4364,
frame_ms,0.4328,
frame_ms,0.3911,
frame_ms,0.3996,
frame_ms,0.5118,
frame_ms,0.5876,
frame_ms,0.4192,
frame_ms,0.419,
frame_ms,0.3979,
frame_ms,0.3864,
frame_ms,0.3994,
frame_ms,0.3995,
frame_ms,0.3865,
frame_ms,0.3856,
frame_ms,0.4798,
frame_ms,0.521,
frame_ms,0.4557,
frame_ms,0.484,
frame_ms,0.5908,
frame_ms,0.5162,
frame_ms,0.4342,
frame_ms,0.4099,
frame_ms,0.4481,
frame_ms,0.5264,
frame_ms,0.4881,
frame_ms,0.43,
frame_ms,0.5269,
frame_ms,0.4464,
frame_ms,0.4161,
frame_ms,0.4083,
frame_ms,0.4082,
frame_ms,0.4043,
frame_ms,0.5001,
frame_ms,0.455,
frame_ms,0.4158,
frame_ms,0.4252,
frame_ms,0.4054,
frame_ms,0.388,
frame_ms,0.3864,
frame_ms,0.382,
frame_ms,0.382,
frame_ms,0.4057,
frame_ms,0.4275,
frame_ms,0.4182,
frame_ms,0.4144,
frame_ms,0.4359,
frame_ms,0.4167,
frame_ms,0.4032,
frame_ms,0.3783,
frame_ms,0.4145,
frame_ms,0.3855,
frame_ms,0.3926,
frame_ms,0.3943,
frame_ms,0.4062,
frame_ms,0.3914,
frame_ms,0.3921,
frame_ms,0.4124,
frame_ms,0.5079,
frame_ms,0.5174,
frame_ms,0.4074,
frame_ms,0.4025,
frame_ms,0.406,
frame_ms,0.4715,
frame_ms,0.5558,
frame_ms,0.4595,
frame_ms,0.4763,
frame_ms,0.5349,
frame_ms,0.4001,
frame_ms,0.4007,
frame_ms,0.3873,
frame_ms,0.395,
frame_ms,0.4591,
frame_ms,0.4265,
frame_ms,0.3996,
frame_ms,0.4198,
frame_ms,0.3993,
frame_ms,0.4077,
frame_ms,0.4143,
frame_ms,0.3821,
frame_ms,0.3812,
frame_ms,0.3782,
frame_ms,0.4469,
frame_ms,0.3939,
frame_ms,0.4377,
frame_ms,0.4017,
frame_ms,0.4065,
frame_ms,0.403,
frame_ms,0.4083,
frame_ms,0.379,
frame_ms,0.3789,
frame_ms,0.3769,
frame_ms,0.385,
frame_ms,0.4785,
frame_ms,0.4209,
frame_ms,0.7009,
frame_ms,0.5889,
frame_ms,0.5203,
frame_ms,0.526,
frame_ms,0.4104,
frame_ms,0.4007,
frame_ms,0.4874,
frame_ms,0.4557,
frame_ms,0.4069,
frame_ms,0.4364,
frame_ms,0.4054,
frame_ms,0.405,
frame_ms,0.3934,
frame_ms,0.4078,
frame_ms,0.3916,
frame_ms,0.3927,
frame_ms,0.4067,
frame_ms,0.3963,
frame_ms,0.4142,
frame_ms,0.4074,
frame_ms,0.4491,
frame_ms,0.3911,
frame_ms,0.3989,
frame_ms,0.3844,
frame_ms,0.3843,
frame_ms,0.3849,
frame_ms,0.4241,
frame_ms,0.4081,
frame_ms,0.4686,
frame_ms,0.4127,
frame_ms,0.4212,
frame_ms,0.3876,
frame_ms,0.3823,
frame_ms,0.3821,
frame_ms,0.3806,
frame_ms,0.3859,
frame_ms,0.4214,
frame_ms,0.4551,
frame_ms,0.6273,
frame_ms,0.4272,
frame_ms,0.405,
frame_ms,0.3866,
frame_ms,0.3921,
frame_ms,0.3824,
frame_ms,0.3923,
frame_ms,0.3923,
frame_ms,0.4301,
frame_ms,0.4641,
frame_ms,0.4303,
frame_ms,0.3981,
frame_ms,0.4084,
frame_ms,0.4033,
frame_ms,0.3842,
frame_ms,0.4255,
frame_ms,0.4057,
frame_ms,0.386,
frame_ms,0.3928,
frame_ms,0.4102,
frame_ms,0.4456,
frame_ms,0.3945,
frame_ms,0.4176,
frame_ms,0.3962,
frame_ms,0.3804,
frame_ms,0.3997,
frame_ms,0.3828,
frame_ms,0.377,
frame_ms,0.3909,
frame_ms,0.4645,
frame_ms,0.5238,
frame_ms,0.4072,
frame_ms,0.4403,
frame_ms,0.4081,
frame_ms,0.4008,
frame_ms,0.3941,
frame_ms,0.59,
frame_ms,0.5209,
frame_ms,0.4932,
frame_ms,0.474,
frame_ms,0.4431,
frame_ms,0.4409,
frame_ms,0.5593,
frame_ms,0.4069,
frame_ms,0.4515,
frame_ms,0.3944,
frame_ms,0.3999,
frame_ms,0.4422,
frame_ms,0.4239,
frame_ms,0.4096,
frame_ms,0.4271,
frame_ms,0.4041,
frame_ms,0.3884,
frame_ms,0.4044,
frame_ms,0.3863,
frame_ms,0.3899,
frame_ms,0.3864,
frame_ms,0.3863,
frame_ms,0.5075,
frame_ms,0.4727,
frame_ms,0.4419,
frame_ms,0.4901,
frame_ms,0.4979,
frame_ms,0.4086,
frame_ms,0.466,
frame_ms,0.4376,
frame_ms,0.394,
frame_ms,0.4751,
frame_ms,0.6561,
frame_ms,0.5333,
frame_ms,0.4213,
frame_ms,0.4032,
frame_ms,0.4046,
frame_ms,0.4652,
frame_ms,0.3882,
frame_ms,0.3871,
frame_ms,0.3973,
frame_ms,0.3897,
frame_ms,0.4074,
frame_ms,0.4425,
frame_ms,0.3942,
frame_ms,0.3863,
frame_ms,0.3832,
frame_ms,0.3914,
frame_ms,0.3857,
frame_ms,0.3829,
frame_ms,0.4813,
frame_ms,0.6122,
frame_ms,0.5692,
frame_ms,0.5686,
frame_ms,0.6296,
frame_ms,0.5129,
frame_ms,0.5005,
frame_ms,0.4886,
frame_ms,0.511,
frame_ms,0.4419,
frame_ms,0.4148,
frame_ms,0.4158,
frame_ms,0.5099,
frame_ms,0.4055,
frame_ms,0.4017,
frame_ms,0.3931,
frame_ms,0.4019,
frame_ms,0.411,
frame_ms,0.523,
frame_ms,0.7256,
frame_ms,0.5032,
frame_ms,0.4037,
frame_ms,0.395,
frame_ms,0.4487,
frame_ms,0.3918,
frame_ms,0.3952,
frame_ms,0.4427,
frame_ms,0.4039,
frame_ms,0.4203,
frame_ms,0.4041,
frame_ms,0.4159,
frame_ms,0.3907,
frame_ms,0.3947,
frame_ms,0.3928,
frame_ms,0.3887,
frame_ms,0.3889,
frame_ms,0.3813,
frame_ms,0.3956,
frame_ms,0.4248,
frame_ms,0.4193,
frame_ms,0.4692,
frame_ms,0.3957,
frame_ms,0.3919,
frame_ms,0.3883,
frame_ms,0.392,
frame_ms,0.3818,
frame_ms,0.382,
frame_ms,0.3983,
frame_ms,0.4091,
frame_ms,0.4096,
frame_ms,0.4149,
frame_ms,0.4008,
frame_ms,0.3886,
frame_ms,0.3995,
frame_ms,0.3805,
frame_ms,0.3791,
frame_ms,0.5376,
frame_ms,0.5101,
frame_ms,0.4441,
frame_ms,0.4055,
frame_ms,0.4111,
frame_ms,0.4267,
frame_ms,0.4005,
frame_ms,0.3835,
frame_ms,0.3826,
frame_ms,0.3773,
frame_ms,0.3922,
frame_ms,0.4728,
frame_ms,0.4828,
frame_ms,0.4532,
frame_ms,0.4255,
frame_ms,0.476,
frame_ms,0.4056,
frame_ms,0.4268,
frame_ms,0.3916,
frame_ms,0.3987,
frame_ms,0.4052,
frame_ms,0.4869,
frame_ms,0.5832,
frame_ms,0.4262,
frame_ms,0.4584,
frame_ms,0.532,
frame_ms,0.4139,
frame_ms,0.4131,
frame_ms,0.4135,
frame_ms,0.3995,
frame_ms,0.4625,
frame_ms,0.449,
frame_ms,0.4559,
frame_ms,0.4762,
frame_ms,0.4053,
frame_ms,0.5368,
frame_ms,0.4212,
frame_ms,0.3986,
frame_ms,0.395,
frame_ms,0.5634,
frame_ms,0.4705,
frame_ms,0.4349,
frame_ms,0.4226,
frame_ms,0.4441,
frame_ms,0.4472,
frame_ms,0.4049,
frame_ms,0.4048,
frame_ms,0.3988,
frame_ms,0.5264,
frame_ms,0.5793,
frame_ms,0.455,
frame_ms,0.4323,
frame_ms,0.4986,
frame_ms,0.5113,
frame_ms,0.4121,
frame_ms,0.3963,
frame_ms,0.4038,
frame_ms,0.4046,
frame_ms,0.5168,
frame_ms,0.4372,
frame_ms,0.4439,
frame_ms,0.493,
frame_ms,0.4917,
frame_ms,0.4058,
frame_ms,0.4435,
frame_ms,0.417,
frame_ms,0.3922,
frame_ms,0.4822,
frame_ms,0.4862,
frame_ms,0.5184,
frame_ms,0.4723,
frame_ms,0.4783,
frame_ms,0.4187,
frame_ms,0.4004,
frame_ms,0.3936,
frame_ms,0.4013,
frame_ms,0.4427,
frame_ms,0.4725,
frame_ms,0.4191,
frame_ms,0.4422,
frame_ms,0.4821,
frame_ms,0.5638,
frame_ms,0.4029,
frame_ms,0.3927,
frame_ms,0.4034,
frame_ms,0.3924,
frame_ms,0.5341,
frame_ms,0.4172,
frame_ms,0.4317,
frame_ms,0.4183,
frame_ms,0.4148,
frame_ms,0.4002,
frame_ms,0.3902,
frame_ms,0.3895,
frame_ms,0.3841,
frame_ms,0.3957,
frame_ms,0.6689,
frame_ms,0.6129,
frame_ms,0.5763,
frame_ms,0.5624,
frame_ms,0.5256,
frame_ms,0.5081,
frame_ms,0.5114,
frame_ms,1.1538,
frame_ms,0.4571,
frame_ms,0.4348,
frame_ms,0.3986,
frame_ms,0.4142,
frame_ms,0.4305,
frame_ms,0.3938,
frame_ms,0.4011,
frame_ms,0.7126,
frame_ms,0.566,
frame_ms,0.4165,
frame_ms,0.4247,
frame_ms,0.4108,
frame_ms,0.4175,
frame_ms,0.3939,
frame_ms,0.3908,
frame_ms,0.3914,
frame_ms,0.4191,
frame_ms,0.3984,
frame_ms,0.4034,
frame_ms,0.4056,
frame_ms,0.4471,
frame_ms,0.4277,
frame_ms,0.3987,
frame_ms,0.3954,
frame_ms,0.4125,
frame_ms,0.3945,
frame_ms,0.4028,
frame_ms,0.6332,
frame_ms,0.6432,
frame_ms,0.5653,
frame_ms,0.4542,
frame_ms,0.401,
frame_ms,0.4004,
frame_ms,0.4004,
frame_ms,0.3919,
frame_ms,0.4978,
frame_ms,0.4941,
frame_ms,0.4178,
frame_ms,0.4261,
frame_ms,0.4771,
frame_ms,0.5086,
frame_ms,0.3999,
frame_ms,0.39,
frame_ms,0.3959,
frame_ms,0.3907,
frame_ms,0.4805,
frame_ms,0.4279,
frame_ms,0.4418,
frame_ms,0.4107,
frame_ms,0.4645,
frame_ms,0.399,
frame_ms,0.4296,
frame_ms,0.4114,
frame_ms,0.3984,
frame_ms,0.4079,
frame_ms,0.4549,
frame_ms,0.406,
frame_ms,0.4036,
frame_ms,0.4193,
frame_ms,0.4098,
frame_ms,0.3925,
frame_ms,0.3922,
frame_ms,0.3892,
frame_ms,0.3959,
frame_ms,0.4007,
frame_ms,0.6092,
frame_ms,0.4408,
frame_ms,0.4296,
frame_ms,0.5495,
frame_ms,0.4737,
frame_ms,0.4104,
frame_ms,0.3893,
frame_ms,0.3981,
frame_ms,0.3891,
frame_ms,0.4817,
frame_ms,0.4503,
frame_ms,0.4128,
frame_ms,0.4063,
frame_ms,0.413,
frame_ms,0.3947,
frame_ms,0.3898,
frame_ms,0.3905,
frame_ms,0.388,
frame_ms,0.4172,
frame_ms,0.4972,
frame_ms,0.658,
frame_ms,0.5929,
frame_ms,0.5686,
frame_ms,0.5043,
frame_ms,0.4035,
frame_ms,0.3979,
frame_ms,0.4011,
frame_ms,0.4776,
frame_ms,0.4749,
frame_ms,0.4354,
frame_ms,0.4454,
frame_ms,0.4967,
frame_ms,0.6237,
frame_ms,0.4387,
frame_ms,0.3968,
frame_ms,0.4037,
frame_ms,0.4367,
frame_ms,0.8734,
frame_ms,0.6659,
frame_ms,0.5315,
frame_ms,0.5274,
frame_ms,0.4557,
frame_ms,0.4018,
frame_ms,0.3916,
frame_ms,0.4364,
frame_ms,0.4232,
frame_ms,0.4147,
frame_ms,0.4767,
frame_ms,0.4224,
frame_ms,0.3987,
frame_ms,0.3914,
frame_ms,0.3869,
frame_ms,0.3861,
frame_ms,0.3953,
frame_ms,0.4786,
frame_ms,0.4904,
frame_ms,0.4806,
frame_ms,0.4533,
frame_ms,0.4131,
frame_ms,0.3997,
frame_ms,0.3983,
frame_ms,0.3912,
frame_ms,0.4037,
frame_ms,0.3859,
frame_ms,0.4253,
frame_ms,0.4692,
frame_ms,0.4068,
frame_ms,0.4052,
frame_ms,0.3891,
frame_ms,0.3874,
frame_ms,0.3939,
frame_ms,0.3881,
frame_ms,0.5266,
frame_ms,0.4413,
frame_ms,0.5264,
frame_ms,0.4426,
frame_ms,0.4291,
frame_ms,0.4832,
frame_ms,0.4386,
frame_ms,0.4916,
frame_ms,0.4315,
frame_ms,0.4073,
frame_ms,0.3958,
frame_ms,0.4493,
frame_ms,0.4111,
frame_ms,0.4805,
frame_ms,0.4205,
frame_ms,0.4156,
frame_ms,0.3931,
frame_ms,0.387,
frame_ms,0.3905,
frame_ms,0.3982,
frame_ms,0.3902,
frame_ms,0.4856,
frame_ms,0.4717,
frame_ms,0.4322,
frame_ms,0.4694,
frame_ms,0.5393,
frame_ms,0.4128,
frame_ms,0.4071,
frame_ms,0.5015,
frame_ms,0.4,
frame_ms,0.4355,
frame_ms,0.4364,
frame_ms,0.417,
frame_ms,0.4578,
frame_ms,0.4049,
frame_ms,0.4059,
frame_ms,0.3931,
frame_ms,0.4043,
frame_ms,0.4014,
frame_ms,0.3956,
frame_ms,0.568,
frame_ms,0.658,
frame_ms,0.5636,
frame_ms,0.5043,
frame_ms,0.4051,
frame_ms,0.3941,
frame_ms,0.3914,
frame_ms,0.4011,
frame_ms,0.3905,
frame_ms,0.4608,
frame_ms,0.4608,
frame_ms,0.4065,
frame_ms,0.4024,
frame_ms,0.4067,
frame_ms,0.4019,
frame_ms,0.4201,
frame_ms,0.3887,
frame_ms,0.4009,
frame_ms,0.3961,
frame_ms,0.4405,
frame_ms,0.4193,
frame_ms,0.4276,
frame_ms,0.4123,
frame_ms,0.4082,
frame_ms,0.4032,
frame_ms,0.3908,
frame_ms,0.3917,
frame_ms,0.4004,
frame_ms,0.3971,
frame_ms,0.5008,
frame_ms,0.5261,
frame_ms,0.6098,
frame_ms,0.4952,
frame_ms,0.4075,
frame_ms,0.4043,
frame_ms,0.4066,
frame_ms,0.3901,
frame_ms,0.387,
frame_ms,0.4615,
frame_ms,0.4642,
frame_ms,0.4292,
frame_ms,0.4184,
frame_ms,0.5088,
frame_ms,0.4232,
frame_ms,0.4188,
frame_ms,0.3935,
frame_ms,0.4082,
frame_ms,0.3883,
frame_ms,0.5419,
frame_ms,0.4792,
frame_ms,0.4175,
frame_ms,0.416,
frame_ms,0.4134,
frame_ms,0.3859,
frame_ms,0.3923,
frame_ms,0.3804,
frame_ms,0.379,
frame_ms,0.3901,
frame_ms,0.4732,
frame_ms,0.4132,
frame_ms,0.4764,
frame_ms,0.4206,
frame_ms,0.4068,
frame_ms,0.3892,
frame_ms,0.4189,
frame_ms,0.3967,
frame_ms,0.3873,
frame_ms,0.5329,
frame_ms,0.6303,
frame_ms,0.5443,
frame_ms,0.4209,
frame_ms,0.4022,
frame_ms,0.395,
frame_ms,0.4157,
frame_ms,0.3898,
frame_ms,0.3871,
frame_ms,0.3874,
frame_ms,0.436,
frame_ms,0.4296,
frame_ms,0.4029,
frame_ms,0.4493,
frame_ms,0.399,
frame_ms,0.4389,
frame_ms,0.397,
frame_ms,0.387,
frame_ms,0.3895,
frame_ms,0.3826,
frame_ms,0.5458,
frame_ms,0.5684,
frame_ms,0.542,
frame_ms,0.4892,
frame_ms,0.454,
frame_ms,0.3938,
frame_ms,0.3901,
frame_ms,0.4081,
frame_ms,0.3886,
frame_ms,0.4931,
frame_ms,0.4295,
frame_ms,0.4145,
frame_ms,0.4227,
frame_ms,0.4792,
frame_ms,0.7741,
frame_ms,0.4631,
frame_ms,0.4065,
frame_ms,0.3957,
frame_ms,0.4912,
frame_ms,0.4642,
frame_ms,0.4168,
frame_ms,0.4451,
frame_ms,0.4034,
frame_ms,0.3977,
frame_ms,0.4425,
frame_ms,0.3959,
frame_ms,0.4005,
frame_ms,0.4274,
frame_ms,0.4044,
frame_ms,0.4361,
frame_ms,0.4171,
frame_ms,0.4377,
frame_ms,0.3979,
frame_ms,0.4006,
frame_ms,0.3826,
frame_ms,0.3828,
frame_ms,0.3939,
frame_ms,0.3861,
frame_ms,0.5386,
frame_ms,0.4231,
frame_ms,0.4549,
frame_ms,0.5237,
frame_ms,0.5138,
frame_ms,0.4075,
frame_ms,0.4019,
frame_ms,0.3985,
frame_ms,0.3888,
frame_ms,0.5097,
frame_ms,0.4602,
frame_ms,0.5225,
frame_ms,0.4245,
frame_ms,0.7563,
frame_ms,0.4739,
frame_ms,0.4002,
frame_ms,0.3918,
frame_ms,0.3995,
frame_ms,0.451,
frame_ms,0.4375,
frame_ms,0.4176,
frame_ms,0.4111,
frame_ms,0.4001,
frame_ms,0.3953,
frame_ms,0.3871,
frame_ms,0.3882,
frame_ms,0.402,
frame_ms,0.3982,
frame_ms,0.3998,
frame_ms,0.3945,
frame_ms,0.4118,
frame_ms,0.3968,
frame_ms,0.4252,
frame_ms,0.3902,
frame_ms,0.3842,
frame_ms,0.4188,
frame_ms,0.3877,
frame_ms,0.3918,
frame_ms,0.7195,
frame_ms,0.4882,
frame_ms,0.4049,
frame_ms,0.4129,
frame_ms,0.3907,
frame_ms,0.3952,
frame_ms,0.3832,
frame_ms,0.3839,
frame_ms,0.3835,
frame_ms,0.3807,
frame_ms,0.3964,
frame_ms,0.4435,
frame_ms,0.3857,
frame_ms,0.5341,
frame_ms,0.4486,
frame_ms,0.4214,
frame_ms,0.4049,
frame_ms,0.4195,
frame_ms,0.3968,
frame_ms,0.4589,
frame_ms,0.4799,
frame_ms,0.4236,
frame_ms,0.4055,
frame_ms,0.4037,
frame_ms,0.4951,
frame_ms,0.4117,
frame_ms,0.4041,
frame_ms,0.4032,
frame_ms,0.41,
frame_ms,0.4296,
frame_ms,0.414,
frame_ms,0.4214,
frame_ms,0.4135,
frame_ms,0.4718,
frame_ms,0.3964,
frame_ms,0.3854,
frame_ms,0.3854,
frame_ms,0.3936,
frame_ms,0.3872,
frame_ms,0.4719,
frame_ms,0.491,
frame_ms,0.5303,
frame_ms,0.4717,
frame_ms,0.4092,
frame_ms,0.4035,
frame_ms,0.4232,
frame_ms,0.3896,
frame_ms,0.3854,
frame_ms,0.3836,
frame_ms,0.6655,
frame_ms,0.6726,
frame_ms,0.5459,
frame_ms,0.4092,
frame_ms,0.3996,
frame_ms,0.3895,
frame_ms,0.4011,
frame_ms,0.3888,
frame_ms,0.3861,
frame_ms,0.5159,
frame_ms,0.4337,
frame_ms,0.4075,
frame_ms,0.4941,
frame_ms,0.4812,
frame_ms,0.4014,
frame_ms,0.4024,
frame_ms,0.3917,
frame_ms,0.3986,
frame_ms,0.4779,
frame_ms,0.4968,
frame_ms,0.4407,
frame_ms,0.4361,
frame_ms,0.5415,
frame_ms,0.4321,
frame_ms,0.3959,
frame_ms,0.4049,
frame_ms,0.4008,
frame_ms,0.3925,
frame_ms,0.5686,
frame_ms,0.4552,
frame_ms,0.4319,
frame_ms,0.4693,
frame_ms,0.4355,
frame_ms,0.4008,
frame_ms,0.5386,
frame_ms,0.4088,
frame_ms,0.3891,
frame_ms,0.4917,
frame_ms,0.4769,
frame_ms,0.425,
frame_ms,0.424,
frame_ms,0.5021,
frame_ms,0.4002,
frame_ms,0.4327,
frame_ms,0.3914,
frame_ms,0.4018,
frame_ms,0.4367,
frame_ms,0.4519,
frame_ms,0.4323,
frame_ms,0.4083,
frame_ms,0.4057,
frame_ms,0.3852,
frame_ms,0.3877,
frame_ms,0.3978,
frame_ms,0.4095,
frame_ms,0.3891,
frame_ms,0.3886,
frame_ms,0.5251,
frame_ms,0.4646,
frame_ms,0.4686,
frame_ms,0.4473,
frame_ms,0.443,
frame_ms,0.409,
frame_ms,0.3954,
frame_ms,0.4103,
frame_ms,0.3909,
frame_ms,0.454,
frame_ms,0.6155,
frame_ms,0.6129,
frame_ms,0.4336,
frame_ms,0.4087,
frame_ms,0.4262,
frame_ms,0.4077,
frame_ms,0.3957,
frame_ms,0.3951,
frame_ms,0.4857,
frame_ms,0.4699,
frame_ms,0.4226,
frame_ms,0.4194,
frame_ms,0.4677,
frame_ms,0.5465,
frame_ms,0.3963,
frame_ms,0.3907,
frame_ms,0.3993,
frame_ms,0.4333,
frame_ms,0.4814,
frame_ms,0.4453,
frame_ms,0.428,
frame_ms,0.4856,
frame_ms,0.4907,
frame_ms,0.3968,
frame_ms,0.4273,
frame_ms,0.4069,
frame_ms,0.3935,
frame_ms,0.4377,
frame_ms,0.4652,
frame_ms,0.4495,
frame_ms,0.4375,
frame_ms,0.496,
frame_ms,0.4013,
frame_ms,0.3937,
frame_ms,0.405,
frame_ms,0.404,
frame_ms,0.3916,
frame_ms,0.4139,
frame_ms,0.4775,
frame_ms,0.4208,
frame_ms,0.4858,
frame_ms,0.4124,
frame_ms,0.4127,
frame_ms,0.4065,
frame_ms,0.3998,
frame_ms,0.3909,
frame_ms,0.4076,
frame_ms,0.4005,
frame_ms,0.4709,
frame_ms,0.4313,
frame_ms,0.4409,
frame_ms,0.3992,
frame_ms,0.3892,
frame_ms,0.3889,
frame_ms,0.3962,
frame_ms,0.4021,
frame_ms,0.39,
frame_ms,0.5764,
frame_ms,0.4426,
frame_ms,0.478,
frame_ms,0.5002,
frame_ms,0.4261,
frame_ms,0.4036,
frame_ms,0.4051,
frame_ms,0.4045,
frame_ms,0.3986,
frame_ms,0.4625,
frame_ms,0.4696,
frame_ms,0.4574,
frame_ms,0.4159,
frame_ms,0.5251,
frame_ms,0.4181,
frame_ms,0.4443,
frame_ms,0.4201,
frame_ms,0.4176,
frame_ms,0.4492,
frame_ms,0.4657,
frame_ms,0.5347,
frame_ms,0.4582,
frame_ms,0.4105,
frame_ms,0.4006,
frame_ms,0.4029,
frame_ms,0.393,
frame_ms,0.3906,
frame_ms,0.3884,
frame_ms,0.5031,
frame_ms,0.4581,
frame_ms,0.4304,
frame_ms,0.4767,
frame_ms,0.5184,
frame_ms,0.4066,
frame_ms,0.4019,
frame_ms,0.3929,
frame_ms,0.402,
frame_ms,0.4083,
frame_ms,0.5203,
frame_ms,0.4305,
frame_ms,0.4178,
frame_ms,0.4245,
frame_ms,0.4186,
frame_ms,0.4144,
frame_ms,0.4043,
frame_ms,0.4011,
frame_ms,0.4776,
frame_ms,0.5266,
frame_ms,0.4794,
frame_ms,0.4333,
frame_ms,0.4439,
frame_ms,0.5194,
frame_ms,0.4107,
frame_ms,0.3945,
frame_ms,0.3883,
frame_ms,0.3981,
frame_ms,0.3901,
frame_ms,1.0482,
frame_ms,0.4684,
frame_ms,0.4102,
frame_ms,0.3914,
frame_ms,0.4158,
frame_ms,0.4236,
frame_ms,0.3876,
frame_ms,0.3994,
frame_ms,0.4302,
frame_ms,0.4918,
frame_ms,0.4266,
frame_ms,0.4362,
frame_ms,0.448,
frame_ms,0.4128,
frame_ms,0.4111,
frame_ms,0.4115,
frame_ms,0.4071,
frame_ms,0.4179,
frame_ms,0.4668,
frame_ms,0.4472,
frame_ms,0.4059,
frame_ms,0.4546,
frame_ms,0.404,
frame_ms,0.3898,
frame_ms,0.4004,
frame_ms,0.3877,
frame_ms,0.3839,
frame_ms,0.398,
frame_ms,0.4359,
frame_ms,0.4099,
frame_ms,0.4279,
frame_ms,0.4045,
frame_ms,0.4041,
frame_ms,0.3968,
frame_ms,0.3938,
frame_ms,0.392,
frame_ms,0.3878,
frame_ms,0.3957,
frame_ms,0.7069,
frame_ms,0.5776,
frame_ms,0.4221,
frame_ms,0.4036,
frame_ms,0.3865,
frame_ms,0.3952,
frame_ms,0.3984,
frame_ms,0.3858,
frame_ms,0.3828,
frame_ms,0.4123,
frame_ms,0.579,
frame_ms,0.6985,
frame_ms,0.4451,
frame_ms,0.3981,
frame_ms,0.4008,
frame_ms,0.4229,
frame_ms,0.3983,
frame_ms,0.3934,
frame_ms,0.4085,
frame_ms,0.3979,
frame_ms,0.4143,
frame_ms,0.4117,
frame_ms,0.4065,
frame_ms,0.4001,
frame_ms,0.3815,
frame_ms,0.3797,
frame_ms,0.4067,
frame_ms,0.383,
frame_ms,0.3774,
frame_ms,0.4069,
frame_ms,0.3999,
frame_ms,0.399,
frame_ms,0.4455,
frame_ms,0.3942,
frame_ms,0.3938,
frame_ms,0.4025,
frame_ms,0.4102,
frame_ms,0.3865,
frame_ms,0.3814,
frame_ms,0.4144,
frame_ms,0.4033,
frame_ms,0.3909,
frame_ms,0.4823,
frame_ms,0.3946,
frame_ms,0.3997,
frame_ms,0.3868,
frame_ms,0.3807,
frame_ms,0.3861,
frame_ms,0.3767,
frame_ms,0.3896,
frame_ms,0.5202,
frame_ms,0.4768,
frame_ms,0.4001,
frame_ms,0.3983,
frame_ms,0.3865,
frame_ms,0.3925,
frame_ms,0.3818,
frame_ms,0.3788,
frame_ms,0.3977,
frame_ms,0.3804,
frame_ms,0.4816,
frame_ms,0.5089,
frame_ms,0.4319,
frame_ms,0.4253,
frame_ms,0.4052,
frame_ms,0.4097,
frame_ms,0.4437,
frame_ms,0.4737,
frame_ms,0.4037,
frame_ms,0.4553,
frame_ms,0.4745,
frame_ms,0.4897,
frame_ms,0.5297,
frame_ms,0.415,
frame_ms,0.405,
frame_ms,0.54,
frame_ms,0.4108,
frame_ms,0.3955,
frame_ms,0.409,
frame_ms,0.4333,
frame_ms,0.4307,
frame_ms,0.4222,
frame_ms,0.4614,
frame_ms,0.4038,
frame_ms,0.3966,
frame_ms,0.4042,
frame_ms,0.3932,
frame_ms,0.4399,
frame_ms,0.4827,
frame_ms,0.491,
frame_ms,0.4407,
frame_ms,0.4441,
frame_ms,0.5023,
frame_ms,0.5853,
frame_ms,0.3963,
frame_ms,0.3891,
frame_ms,0.3989,
frame_ms,0.4564,
frame_ms,0.6233,
frame_ms,0.5964,
frame_ms,0.4273,
frame_ms,0.4004,
frame_ms,0.3897,
frame_ms,0.3947,
frame_ms,0.3882,
frame_ms,0.3861,
frame_ms,0.4026,
frame_ms,0.7971,
frame_ms,0.4431,
frame_ms,0.4098,
frame_ms,0.4168,
frame_ms,0.4072,
frame_ms,0.3911,
frame_ms,0.424,
frame_ms,0.3927,
frame_ms,0.392,
frame_ms,0.4348,
frame_ms,0.4247,
frame_ms,0.4142,
frame_ms,0.4023,
frame_ms,0.3929,
frame_ms,0.3963,
frame_ms,0.3833,
frame_ms,0.3808,
frame_ms,0.3796,
frame_ms,0.3808,
frame_ms,0.4713,
frame_ms,0.513,
frame_ms,0.4435,
frame_ms,0.4626,
frame_ms,0.4761,
frame_ms,0.5211,
frame_ms,0.3936,
frame_ms,0.3882,
frame_ms,0.4088,
frame_ms,0.3883,
frame_ms,0.3921,
frame_ms,0.3985,
frame_ms,0.4031,
frame_ms,0.4085,
frame_ms,0.4113,
frame_ms,0.3851,
frame_ms,0.3835,
frame_ms,0.3976,
frame_ms,0.4519,
frame_ms,0.526,
frame_ms,0.4856,
frame_ms,0.5173,
frame_ms,0.5153,
frame_ms,0.4235,
frame_ms,0.3919,
frame_ms,0.3876,
frame_ms,0.3963,
frame_ms,0.3878,
frame_ms,0.3823,
frame_ms,0.4454,
frame_ms,0.4841,
frame_ms,0.441,
frame_ms,0.4267,
frame_ms,0.4896,
frame_ms,0.5118,
frame_ms,0.4269,
frame_ms,0.3921,
frame_ms,0.3967,
frame_ms,0.387,
frame_ms,0.6668,
frame_ms,0.44,
frame_ms,0.4269,
frame_ms,0.5127,
frame_ms,0.4784,
frame_ms,0.4064,
frame_ms,0.4235,
frame_ms,0.4136,
frame_ms,0.392,
frame_ms,0.454,
frame_ms,0.4601,
frame_ms,0.4107,
frame_ms,0.4622,
frame_ms,0.6138,
frame_ms,0.5178,
frame_ms,0.5007,
frame_ms,0.4023,
frame_ms,0.4096,
frame_ms,0.4706,
frame_ms,0.495,
frame_ms,0.5704,
frame_ms,0.4617,
frame_ms,0.4254,
frame_ms,0.4935,
frame_ms,0.5081,
frame_ms,0.3935,
frame_ms,0.4134,
frame_ms,0.561,
frame_ms,0.4416,
frame_ms,0.4508,
frame_ms,0.4837,
frame_ms,0.4279,
frame_ms,0.3967,
frame_ms,0.3936,
frame_ms,0.3979,
frame_ms,0.3927,
frame_ms,0.4486,
frame_ms,0.4375,
frame_ms,0.4256,
frame_ms,0.4289,
frame_ms,0.4907,
frame_ms,0.5011,
frame_ms,0.4305,
frame_ms,0.3948,
frame_ms,0.3988,
frame_ms,0.3934,
frame_ms,0.3907,
frame_ms,0.4075,
frame_ms,0.7088,
frame_ms,0.473,
frame_ms,0.4043,
frame_ms,0.3933,
frame_ms,0.4082,
frame_ms,0.3968,
frame_ms,0.3835,
frame_ms,0.4095,
frame_ms,0.4014,
frame_ms,0.3989,
frame_ms,0.4076,
frame_ms,0.4228,
frame_ms,0.3894,
frame_ms,0.41,
frame_ms,0.3822,
frame_ms,0.3915,
frame_ms,0.391,
frame_ms,0.3789,
frame_ms,0.5491,
frame_ms,0.4448,
frame_ms,0.4213,
frame_ms,0.4637,
frame_ms,0.4917,
frame_ms,0.404,
frame_ms,0.4024,
frame_ms,0.3968,
frame_ms,0.386,
frame_ms,0.6039,
frame_ms,0.465,
frame_ms,0.4071,
frame_ms,0.4092,
frame_ms,0.3864,
frame_ms,0.3925,
frame_ms,0.3832,
frame_ms,0.3798,
frame_ms,0.3927,
frame_ms,0.4504,
frame_ms,0.473,
frame_ms,0.7956,
frame_ms,0.4787,
frame_ms,0.4065,
frame_ms,0.3954,
frame_ms,0.4402,
frame_ms,0.4056,
frame_ms,0.3865,
frame_ms,0.3896,
frame_ms,0.4045,
frame_ms,0.4039,
frame_ms,0.4188,
frame_ms,0.421,
frame_ms,0.3844,
frame_ms,0.3847,
frame_ms,0.3909,
frame_ms,0.3865,
frame_ms,0.3811,
frame_ms,0.3891,
frame_ms,0.4095,
frame_ms,0.4681,
frame_ms,0.4209,
frame_ms,0.4022,
frame_ms,0.4559,
frame_ms,0.5234,
frame_ms,0.4094,
frame_ms,0.402,
frame_ms,0.3999,
frame_ms,0.3917,
frame_ms,0.4661,
frame_ms,0.4432,
frame_ms,0.4415,
frame_ms,0.4455,
frame_ms,0.423,
frame_ms,0.4103,
frame_ms,0.4007,
frame_ms,0.4032,
frame_ms,0.4647,
frame_ms,0.4335,
frame_ms,0.4923,
frame_ms,0.4865,
frame_ms,0.4642,
frame_ms,0.6026,
frame_ms,0.4125,
frame_ms,0.3977,
frame_ms,0.3951,
frame_ms,0.4436,
frame_ms,0.4131,
frame_ms,0.3992,
frame_ms,0.3938,
frame_ms,0.4024,
frame_ms,0.415,
frame_ms,0.3952,
frame_ms,0.4486,
frame_ms,0.3899,
frame_ms,0.4213,
frame_ms,0.4021,
frame_ms,0.3897,
frame_ms,0.4154,
frame_ms,0.4192,
frame_ms,0.4041,
frame_ms,0.4179,
frame_ms,0.406,
frame_ms,0.3914,
frame_ms,0.3917,
frame_ms,0.3901,
frame_ms,0.3977,
frame_ms,0.3868,
frame_ms,0.4475,
frame_ms,0.4663,
frame_ms,0.4545,
frame_ms,0.4595,
frame_ms,0.4394,
frame_ms,0.5531,
frame_ms,0.4549,
frame_ms,0.3993,
frame_ms,0.3897,
frame_ms,0.3914,
frame_ms,0.4036,
frame_ms,0.4011,
frame_ms,0.4313,
frame_ms,0.4001,
frame_ms,0.4097,
frame_ms,0.4008,
frame_ms,0.3832,
frame_ms,0.4021,
frame_ms,0.3842,
frame_ms,0.3808,
frame_ms,0.4421,
frame_ms,0.4703,
frame_ms,0.577,
frame_ms,0.5334,
frame_ms,0.4088,
frame_ms,0.388,
frame_ms,0.3856,
frame_ms,0.385,
frame_ms,0.3946,
frame_ms,0.3855,
frame_ms,0.4912,
frame_ms,0.4219,
frame_ms,0.4187,
frame_ms,0.4423,
frame_ms,0.3996,
frame_ms,0.3949,
frame_ms,0.4251,
frame_ms,0.3907,
frame_ms,0.3934,
frame_ms,0.3887,
frame_ms,0.4254,
frame_ms,0.4353,
frame_ms,0.4167,
frame_ms,0.5517,
frame_ms,0.4708,
frame_ms,0.413,
frame_ms,0.3873,
frame_ms,0.4021,
frame_ms,0.3851,
frame_ms,0.4071,
frame_ms,0.4066,
frame_ms,0.403,
frame_ms,0.4083,
frame_ms,0.4626,
frame_ms,0.3887,
frame_ms,0.3842,
frame_ms,0.3846,
frame_ms,0.3895,
frame_ms,0.3816,
frame_ms,0.4003,
frame_ms,0.4907,
frame_ms,0.4747,
frame_ms,0.4233,
frame_ms,0.4309,
frame_ms,0.4176,
frame_ms,0.4129,
frame_ms,0.4112,
frame_ms,0.3909,
frame_ms,0.3962,
frame_ms,0.4878,
frame_ms,0.4382,
frame_ms,0.42,
frame_ms,0.404,
frame_ms,0.406,
frame_ms,0.4098,
frame_ms,0.3894,
frame_ms,0.3888,
frame_ms,0.4021,
frame_ms,0.3976,
frame_ms,0.4143,
frame_ms,0.4397,
frame_ms,0.5446,
frame_ms,0.4523,
frame_ms,0.4205,
frame_ms,0.4476,
frame_ms,0.4154,
frame_ms,0.4289,
frame_ms,0.3923,
frame_ms,0.4033,
frame_ms,0.4003,
frame_ms,0.4106,
frame_ms,0.4278,
frame_ms,0.4129,
frame_ms,0.447,
frame_ms,0.3991,
frame_ms,0.3896,
frame_ms,0.3885,
frame_ms,0.3882,
frame_ms,0.3954,
frame_ms,0.4255,
frame_ms,0.4319,
frame_ms,0.4635,
frame_ms,0.4421,
frame_ms,0.4331,
frame_ms,0.3883,
frame_ms,0.3858,
frame_ms,0.386,
frame_ms,0.3835,
frame_ms,0.3935,
frame_ms,0.4388,
frame_ms,0.4028,
frame_ms,0.3838,
frame_ms,0.4048,
frame_ms,0.3998,
frame_ms,0.4221,
frame_ms,0.4042,
frame_ms,0.3834,
frame_ms,0.38,
frame_ms,0.3808,
frame_ms,0.4034,
frame_ms,0.5512,
frame_ms,0.5008,
frame_ms,0.6262,
frame_ms,0.5059,
frame_ms,0.4294,
frame_ms,0.3961,
frame_ms,0.3916,
frame_ms,0.4017,
frame_ms,0.3849,
frame_ms,0.4848,
frame_ms,0.4402,
frame_ms,0.4199,
frame_ms,0.4111,
frame_ms,0.5258,
frame_ms,0.4117,
frame_ms,0.4343,
frame_ms,0.6306,
frame_ms,0.4293,
frame_ms,0.4578,
frame_ms,0.4669,
frame_ms,0.4293,
frame_ms,0.4729,
frame_ms,0.459,
frame_ms,0.4037,
frame_ms,0.4056,
frame_ms,0.3914,
frame_ms,0.4005,
frame_ms,0.4525,
frame_ms,0.41,
frame_ms,0.4183,
frame_ms,0.4106,
frame_ms,0.4595,
frame_ms,0.4032,
frame_ms,0.4047,
frame_ms,0.4034,
frame_ms,0.4153,
frame_ms,0.4111,
frame_ms,0.4492,
frame_ms,0.4723,
frame_ms,0.4524,
frame_ms,0.4337,
frame_ms,0.4911,
frame_ms,0.4172,
frame_ms,0.3951,
frame_ms,0.3871,
frame_ms,0.39,
frame_ms,0.3837,
frame_ms,0.4235,
frame_ms,0.4008,
frame_ms,0.4597,
frame_ms,0.4223,
frame_ms,0.4264,
frame_ms,0.3929,
frame_ms,0.3842,
frame_ms,0.3994,
frame_ms,0.3884,
frame_ms,0.3802,
frame_ms,0.4924,
frame_ms,0.4663,
frame_ms,0.43,
frame_ms,0.4385,
frame_ms,0.4893,
frame_ms,0.4335,
frame_ms,0.4443,
frame_ms,0.3912,
frame_ms,0.3952,
frame_ms,0.3898,
frame_ms,0.3944,
frame_ms,0.4008,
frame_ms,0.3973,
frame_ms,0.429,
frame_ms,0.4278,
frame_ms,0.3913,
frame_ms,0.387,
frame_ms,0.3863,
frame_ms,0.3914,
frame_ms,0.3817,
frame_ms,0.4277,
frame_ms,0.5102,
frame_ms,0.5178,
frame_ms,0.4643,
frame_ms,0.4333,
frame_ms,0.4126,
frame_ms,0.4124,
frame_ms,0.4076,
frame_ms,0.513,
frame_ms,0.4902,
frame_ms,0.4682,
frame_ms,0.4437,
frame_ms,0.4366,
frame_ms,0.4731,
frame_ms,0.473,
frame_ms,0.4141,
frame_ms,0.3915,
frame_ms,0.3946,
frame_ms,0.4286,
frame_ms,0.5545,
frame_ms,0.4495,
frame_ms,0.4255,
frame_ms,0.4418,
frame_ms,0.4085,
frame_ms,0.3936,
frame_ms,0.4254,
frame_ms,0.3955,
frame_ms,0.4004,
frame_ms,1.0628,
frame_ms,0.532,
frame_ms,0.4367,
frame_ms,0.4001,
frame_ms,0.4011,
frame_ms,0.4311,
frame_ms,0.3921,
frame_ms,0.393,
frame_ms,0.3907,
frame_ms,0.4205,
frame_ms,0.4471,
frame_ms,0.4124,
frame_ms,0.4232,
frame_ms,0.4035,
frame_ms,0.3977,
frame_ms,0.4116,
frame_ms,0.3914,
frame_ms,0.3892,
frame_ms,0.3863,
frame_ms,0.4696,
frame_ms,0.4703,
frame_ms,0.4369,
frame_ms,0.4607,
frame_ms,0.5436,
frame_ms,0.426,
frame_ms,0.405,
frame_ms,0.3928,
frame_ms,0.404,
frame_ms,0.4053,
frame_ms,0.4039,
frame_ms,0.4155,
frame_ms,0.4077,
frame_ms,0.409,
frame_ms,0.3974,
frame_ms,0.3847,
frame_ms,0.4307,
frame_ms,0.403,
frame_ms,0.3834,
frame_ms,0.3835,
frame_ms,0.4292,
frame_ms,0.4521,
frame_ms,0.4053,
frame_ms,0.4089,
frame_ms,0.3841,
frame_ms,0.392,
frame_ms,0.3846,
frame_ms,0.3842,
frame_ms,0.3835,
frame_ms,0.3991,
frame_ms,0.467,
frame_ms,0.486,
frame_ms,0.4313,
frame_ms,0.4214,
frame_ms,0.5598,
frame_ms,0.4127,
frame_ms,0.4404,
frame_ms,0.4796,
frame_ms,0.4143,
frame_ms,0.4049,
frame_ms,0.402,
frame_ms,0.4014,
frame_ms,0.4242,
frame_ms,0.4527,
frame_ms,0.4023,
frame_ms,0.3926,
frame_ms,0.4062,
frame_ms,0.3994,
frame_ms,0.3922,
frame_ms,0.4337,
frame_ms,0.5144,
frame_ms,0.4399,
frame_ms,0.5288,
frame_ms,0.5167,
frame_ms,0.439,
frame_ms,0.4265,
frame_ms,0.3929,
frame_ms,0.403,
frame_ms,0.3903,
frame_ms,0.5393,
frame_ms,0.4157,
frame_ms,0.4059,
frame_ms,0.4136,
frame_ms,0.4922,
frame_ms,0.4082,
frame_ms,0.3935,
frame_ms,0.3886,
frame_ms,0.4,
frame_ms,0.4776,
frame_ms,0.449,
frame_ms,0.4048,
frame_ms,0.4212,
frame_ms,0.4218,
frame_ms,0.3994,
frame_ms,0.3986,
frame_ms,0.4109,
frame_ms,0.3862,
frame_ms,0.3894,
frame_ms,0.406,
frame_ms,0.4164,
frame_ms,0.4545,
frame_ms,0.4039,
frame_ms,0.394,
frame_ms,0.3959,
frame_ms,0.3845,
frame_ms,0.4153,
frame_ms,0.3894,
frame_ms,0.3873,
frame_ms,0.394,
frame_ms,0.3912,
frame_ms,0.4098,
frame_ms,0.4357,
frame_ms,0.4512,
frame_ms,0.3889,
frame_ms,0.386,
frame_ms,0.3938,
frame_ms,0.3834,
frame_ms,0.3808,
frame_ms,0.3916,
frame_ms,0.4379,
frame_ms,0.4715,
frame_ms,0.414,
frame_ms,0.4388,
frame_ms,0.454,
frame_ms,0.4394,
frame_ms,0.3904,
frame_ms,0.386,
frame_ms,0.4125,
frame_ms,0.447,
frame_ms,0.4031,
frame_ms,0.4592,
frame_ms,0.3957,
frame_ms,0.4004,
frame_ms,0.3992,
frame_ms,0.385,
frame_ms,0.3789,
frame_ms,0.3857,
frame_ms,0.3917,
frame_ms,0.3832,
frame_ms,0.4762,
frame_ms,0.4803,
frame_ms,0.4312,
frame_ms,0.424,
frame_ms,0.4612,
frame_ms,0.4146,
frame_ms,0.3903,
frame_ms,0.3862,
frame_ms,0.5032,
frame_ms,0.4338,
frame_ms,0.5062,
frame_ms,0.4416,
frame_ms,0.4583,
frame_ms,0.4669,
frame_ms,0.4465,
frame_ms,0.4087,
frame_ms,0.4367,
frame_ms,0.408,
frame_ms,0.3993,
frame_ms,0.4685,
frame_ms,0.4828,
frame_ms,0.4311,
frame_ms,0.4185,
frame_ms,0.4533,
frame_ms,0.4206,
frame_ms,0.4041,
frame_ms,0.4001,
frame_ms,0.3996,
frame_ms,0.5066,
frame_ms,0.4572,
frame_ms,0.473,
frame_ms,0.4354,
frame_ms,0.4525,
frame_ms,0.4048,
frame_ms,0.3965,
frame_ms,0.3954,
frame_ms,0.3996,
frame_ms,0.3915,
frame_ms,0.39,
frame_ms,0.5145,
frame_ms,0.4801,
frame_ms,0.4573,
frame_ms,0.4103,
frame_ms,0.3986,
frame_ms,0.4741,
frame_ms,0.4439,
frame_ms,0.4714,
frame_ms,0.4415,
frame_ms,0.6554,
frame_ms,0.4572,
frame_ms,0.4292,
frame_ms,0.489,
frame_ms,0.4916,
frame_ms,0.3982,
frame_ms,0.3917,
frame_ms,0.3997,
frame_ms,0.3916,
frame_ms,0.4641,
frame_ms,0.4148,
frame_ms,0.4255,
frame_ms,0.42,
frame_ms,0.4545,
frame_ms,0.4063,
frame_ms,0.4258,
frame_ms,0.3906,
frame_ms,0.398,
frame_ms,0.405,
frame_ms,0.5095,
frame_ms,0.4691,
frame_ms,0.4284,
frame_ms,0.43,
frame_ms,0.5245,
frame_ms,0.4013,
frame_ms,0.3993,
frame_ms,0.3907,
frame_ms,0.4059,
frame_ms,0.4443,
frame_ms,0.4585,
frame_ms,0.6633,
frame_ms,0.6256,
frame_ms,0.6948,
frame_ms,0.4216,
frame_ms,0.4106,
frame_ms,0.3915,
frame_ms,0.4848,
frame_ms,0.5543,
frame_ms,0.4475,
frame_ms,0.4152,
frame_ms,0.3936,
frame_ms,0.3971,
frame_ms,0.4032,
frame_ms,0.3914,
frame_ms,0.3859,
frame_ms,0.3831,
frame_ms,0.4731,
frame_ms,0.484,
frame_ms,0.4341,
frame_ms,0.4652,
frame_ms,0.4651,
frame_ms,0.4032,
frame_ms,0.3886,
frame_ms,0.3877,
frame_ms,0.395,
frame_ms,0.3854,
frame_ms,0.4304,
frame_ms,0.4154,
frame_ms,0.4128,
frame_ms,0.4195,
frame_ms,0.4619,
frame_ms,0.3866,
frame_ms,0.3869,
frame_ms,0.4369,
frame_ms,0.395,
frame_ms,0.3868,
frame_ms,0.4761,
frame_ms,0.549,
frame_ms,0.4473,
frame_ms,0.4417,
frame_ms,0.414,
frame_ms,0.4022,
frame_ms,0.3953,
frame_ms,0.386,
frame_ms,0.3866,
frame_ms,0.3806,
frame_ms,0.3955,
frame_ms,0.4096,
frame_ms,0.4038,
frame_ms,0.4562,
frame_ms,0.4653,
frame_ms,0.3977,
frame_ms,0.3878,
frame_ms,0.3855,
frame_ms,0.3807,
frame_ms,0.384,
frame_ms,0.4528,
frame_ms,0.4158,
frame_ms,0.4004,
frame_ms,0.3934,
frame_ms,0.4041,
frame_ms,0.3911,
frame_ms,0.3844,
frame_ms,0.3829,
frame_ms,0.3801,
frame_ms,0.3803,
frame_ms,0.4399,
frame_ms,0.7036,
frame_ms,0.6414,
frame_ms,0.44,
frame_ms,0.4006,
frame_ms,0.3905,
frame_ms,0.4053,
frame_ms,0.3904,
frame_ms,0.558,
frame_ms,0.6388,
frame_ms,0.4539,
frame_ms,0.4335,
frame_ms,0.4148,
frame_ms,0.4054,
frame_ms,0.3863,
frame_ms,0.4233,
frame_ms,0.386,
frame_ms,0.3864,
frame_ms,0.396,
frame_ms,0.5099,
frame_ms,0.4065,
frame_ms,0.414,
frame_ms,0.4183,
frame_ms,0.5528,
frame_ms,0.431,
frame_ms,0.4129,
frame_ms,0.4152,
frame_ms,0.397,
frame_ms,0.4361,
frame_ms,0.4456,
frame_ms,0.4714,
frame_ms,0.4488,
frame_ms,0.4318,
frame_ms,0.396,
frame_ms,0.4071,
frame_ms,0.3908,
frame_ms,0.3811,
frame_ms,0.5277,
frame_ms,0.4398,
frame_ms,0.3966,
frame_ms,0.4022,
frame_ms,0.3934,
frame_ms,0.5233,
frame_ms,0.4272,
frame_ms,0.4429,
frame_ms,0.4073,
frame_ms,0.477,
frame_ms,0.5196,
frame_ms,0.4856,
frame_ms,0.4351,
frame_ms,0.4306,
frame_ms,0.4254,
frame_ms,0.4767,
frame_ms,0.4175,
frame_ms,0.4055,
frame_ms,0.4002,
frame_ms,0.5123,
frame_ms,0.44,
frame_ms,0.4026,
frame_ms,0.4074,
frame_ms,0.4205,
frame_ms,0.4023,
frame_ms,0.4083,
frame_ms,0.4267,
frame_ms,0.3928,
frame_ms,0.4008,
frame_ms,0.3863,
frame_ms,0.4399,
frame_ms,0.4577,
frame_ms,0.4149,
frame_ms,0.4127,
frame_ms,0.4024,
frame_ms,0.3818,
frame_ms,0.3804,
frame_ms,0.3972,
frame_ms,0.3876,
frame_ms,0.3822,
frame_ms,0.5305,
frame_ms,0.4685,
frame_ms,0.7318,
frame_ms,0.4622,
frame_ms,0.4171,
frame_ms,0.4043,
frame_ms,0.497,
frame_ms,0.4079,
frame_ms,0.3986,
frame_ms,0.519,
frame_ms,0.4396,
frame_ms,0.4371,
frame_ms,0.465,
frame_ms,0.5009,
frame_ms,0.4035,
frame_ms,0.4002,
frame_ms,0.4042,
frame_ms,0.3925,
frame_ms,0.4985,
frame_ms,0.4528,
frame_ms,0.4138,
frame_ms,0.404,
frame_ms,0.4724,
frame_ms,0.5475,
frame_ms,0.398,
frame_ms,0.3906,
frame_ms,0.3993,
frame_ms,0.3887,
frame_ms,0.4289,
frame_ms,0.4382,
frame_ms,0.422,
frame_ms,0.4364,
frame_ms,0.3868,
frame_ms,0.3855,
frame_ms,0.4304,
frame_ms,0.3858,
frame_ms,0.3985,
frame_ms,0.3934,
frame_ms,0.4536,
frame_ms,0.4668,
frame_ms,0.413,
frame_ms,0.4012,
frame_ms,0.4079,
frame_ms,0.3976,
frame_ms,0.3895,
frame_ms,0.3858,
frame_ms,0.3865,
frame_ms,0.4019,
frame_ms,0.5451,
frame_ms,0.4187,
frame_ms,0.4106,
frame_ms,0.4791,
frame_ms,0.4929,
frame_ms,0.4049,
frame_ms,0.3924,
frame_ms,0.3963,
frame_ms,0.397,
frame_ms,0.4091,
frame_ms,0.4981,
frame_ms,0.43,
frame_ms,0.4149,
frame_ms,0.4119,
frame_ms,0.4115,
frame_ms,0.3948,
frame_ms,0.3912,
frame_ms,0.3897,
frame_ms,0.3904,
frame_ms,0.4299,
frame_ms,0.5247,
frame_ms,0.4561,
frame_ms,0.4522,
frame_ms,0.5955,
frame_ms,0.5348,
frame_ms,0.4022,
frame_ms,0.398,
frame_ms,0.3905,
frame_ms,0.4248,
frame_ms,0.4835,
frame_ms,0.4463,
frame_ms,0.4293,
frame_ms,0.4239,
frame_ms,0.4071,
frame_ms,0.4206,
frame_ms,0.4377,
frame_ms,0.4069,
frame_ms,0.5547,
frame_ms,0.6184,
frame_ms,0.4664,
frame_ms,0.4192,
frame_ms,0.4113,
frame_ms,0.3952,
frame_ms,0.4072,
frame_ms,0.3991,
frame_ms,0.391,
frame_ms,0.3877,
frame_ms,0.5031,
frame_ms,0.4899,
frame_ms,0.4372,
frame_ms,0.4636,
frame_ms,0.4775,
frame_ms,0.586,
frame_ms,0.3976,
frame_ms,0.3931,
frame_ms,0.3999,
frame_ms,0.4296,
frame_ms,0.5841,
frame_ms,0.4271,
frame_ms,0.6234,
frame_ms,0.562,
frame_ms,0.4209,
frame_ms,0.4386,
frame_ms,0.3947,
frame_ms,0.4007,
frame_ms,0.4825,
frame_ms,0.4539,
frame_ms,0.4269,
frame_ms,0.406,
frame_ms,0.4187,
frame_ms,0.3893,
frame_ms,0.4097,
frame_ms,0.3892,
frame_ms,0.3869,
frame_ms,0.3938,
frame_ms,0.4154,
frame_ms,0.4155,
frame_ms,0.4132,
frame_ms,0.4083,
frame_ms,0.4316,
frame_ms,0.392,
frame_ms,0.3854,
frame_ms,0.4228,
frame_ms,0.3856,
frame_ms,0.4287,
frame_ms,0.4373,
frame_ms,0.5042,
frame_ms,0.4591,
frame_ms,0.4248,
frame_ms,0.4691,
frame_ms,0.4192,
frame_ms,0.3985,
frame_ms,0.3948,
frame_ms,0.4008,
frame_ms,0.3956,
frame_ms,0.4503,
frame_ms,0.4496,
frame_ms,0.4181,
frame_ms,0.4631,
frame_ms,0.4369,
frame_ms,0.3943,
frame_ms,0.3886,
frame_ms,0.3892,
frame_ms,0.3883,
frame_ms,0.3958,
frame_ms,0.4804,
frame_ms,0.465,
frame_ms,0.4266,
frame_ms,0.4145,
frame_ms,0.4464,
frame_ms,0.4139,
frame_ms,0.4072,
frame_ms,0.4102,
frame_ms,0.4046,
frame_ms,0.485,
frame_ms,0.5162,
frame_ms,0.4316,
frame_ms,0.4105,
frame_ms,0.4103,
frame_ms,0.3943,
frame_ms,0.39,
frame_ms,0.3894,
frame_ms,0.3859,
frame_ms,0.3875,
frame_ms,0.3931,
frame_ms,0.5011,
frame_ms,0.5098,
frame_ms,0.4675,
frame_ms,0.4567,
frame_ms,0.4142,
frame_ms,0.4068,
frame_ms,0.4392,
frame_ms,0.4065,
frame_ms,0.4649,
frame_ms,0.9658,
frame_ms,0.4897,
frame_ms,0.4348,
frame_ms,0.405,
frame_ms,0.4092,
frame_ms,0.3958,
frame_ms,0.388,
frame_ms,0.384,
frame_ms,0.384,
frame_ms,0.5244,
frame_ms,0.4752,
frame_ms,0.4546,
frame_ms,0.4994,
frame_ms,0.4488,
frame_ms,0.4064,
frame_ms,0.3915,
frame_ms,0.3868,
frame_ms,0.4092,
frame_ms,0.4124,
frame_ms,0.4715,
frame_ms,0.4679,
frame_ms,0.4355,
frame_ms,0.4745,
frame_ms,0.4601,
frame_ms,0.4053,
frame_ms,0.3948,
frame_ms,0.4123,
frame_ms,0.3929,
frame_ms,0.4681,
frame_ms,0.4905,
frame_ms,0.4329,
frame_ms,0.4351,
frame_ms,0.3979,
frame_ms,0.3912,
frame_ms,0.5484,
frame_ms,0.4685,
frame_ms,0.406,
frame_ms,0.4503,
frame_ms,0.4606,
frame_ms,0.4099,
frame_ms,0.4336,
frame_ms,0.46,
frame_ms,0.5451,
frame_ms,0.4456,
frame_ms,0.392,
frame_ms,0.4047,
frame_ms,0.4314,
frame_ms,0.3916,
frame_ms,0.4507,
frame_ms,0.4118,
frame_ms,0.4123,
frame_ms,0.3866,
frame_ms,0.3855,
frame_ms,0.3961,
frame_ms,0.3857,
frame_ms,0.3848,
frame_ms,0.3824,
frame_ms,0.4321,
frame_ms,0.4202,
frame_ms,0.4206,
frame_ms,0.4425,
frame_ms,0.3925,
frame_ms,0.3892,
frame_ms,0.394,
frame_ms,0.3953,
frame_ms,0.3802,
frame_ms,0.3801,
frame_ms,0.4644,
frame_ms,0.559,
frame_ms,0.4275,
frame_ms,0.4203,
frame_ms,0.4772,
frame_ms,0.4415,
frame_ms,0.4972,
frame_ms,0.4741,
frame_ms,0.4656,
frame_ms,0.5071,
frame_ms,0.5408,
frame_ms,0.4538,
frame_ms,0.4393,
frame_ms,0.4043,
frame_ms,0.447,
frame_ms,0.4479,
frame_ms,0.4014,
frame_ms,0.3976,
frame_ms,0.4357,
frame_ms,0.4554,
frame_ms,0.4152,
frame_ms,0.4064,
frame_ms,0.4176,
frame_ms,0.3928,
frame_ms,0.3918,
frame_ms,0.441,
frame_ms,0.399,
frame_ms,0.3956,
frame_ms,0.4283,
frame_ms,0.5421,
frame_ms,0.6379,
frame_ms,0.5149,
frame_ms,0.4018,
frame_ms,0.3925,
frame_ms,0.393,
frame_ms,0.4016,
frame_ms,0.3904,
frame_ms,0.3899,
frame_ms,0.4851,
frame_ms,0.4449,
frame_ms,0.423,
frame_ms,0.4845,
frame_ms,0.4787,
frame_ms,0.4261,
frame_ms,0.4039,
frame_ms,0.3935,
frame_ms,0.4027,
frame_ms,0.4353,
frame_ms,0.48,
frame_ms,0.431,
frame_ms,0.4366,
frame_ms,0.4764,
frame_ms,0.5415,
frame_ms,0.3969,
frame_ms,0.389,
frame_ms,0.4233,
frame_ms,0.3873,
frame_ms,0.4775,
frame_ms,0.4136,
frame_ms,0.3982,
frame_ms,0.4293,
frame_ms,0.3938,
frame_ms,0.3824,
frame_ms,0.3806,
frame_ms,0.3858,
frame_ms,0.3922,
frame_ms,0.3828,
frame_ms,0.4097,
frame_ms,0.3986,
frame_ms,0.4064,
frame_ms,0.415,
frame_ms,0.4017,
frame_ms,0.3838,
frame_ms,0.446,
frame_ms,0.424,
frame_ms,0.3949,
frame_ms,0.3806,
frame_ms,1.1513,
frame_ms,0.4998,
frame_ms,0.4566,
frame_ms,0.4095,
frame_ms,0.4167,
frame_ms,0.4569,
frame_ms,0.3955,
frame_ms,0.3943,
frame_ms,0.4744,
frame_ms,0.4461,
frame_ms,0.4133,
frame_ms,0.4635,
frame_ms,0.4159,
frame_ms,0.4089,
frame_ms,0.3916,
frame_ms,0.3851,
frame_ms,0.3948,
frame_ms,0.3938,
frame_ms,0.4606,
frame_ms,0.4493,
frame_ms,0.4125,
frame_ms,0.4023,
frame_ms,0.475,
frame_ms,0.5082,
frame_ms,0.3987,
frame_ms,0.4077,
frame_ms,0.3976,
frame_ms,0.3849,
frame_ms,0.6549,
frame_ms,0.5517,
frame_ms,0.5588,
frame_ms,0.5429,
frame_ms,0.4304,
frame_ms,0.4251,
frame_ms,0.5532,
frame_ms,0.4372,
frame_ms,0.5975,
frame_ms,0.4661,
frame_ms,0.4096,
frame_ms,0.4685,
frame_ms,0.4178,
frame_ms,0.4022,
frame_ms,0.4222,
frame_ms,0.409,
frame_ms,0.3979,
frame_ms,0.4717,
frame_ms,0.4767,
frame_ms,0.4337,
frame_ms,0.4302,
frame_ms,0.5062,
frame_ms,0.4338,
frame_ms,0.3979,
frame_ms,0.3895,
frame_ms,0.409,
frame_ms,0.3871,
frame_ms,0.427,
frame_ms,0.4046,
frame_ms,0.4084,
frame_ms,0.4623,
frame_ms,0.3935,
frame_ms,0.3905,
frame_ms,0.3853,
frame_ms,0.3928,
frame_ms,0.4074,
frame_ms,0.3889,
frame_ms,0.3935,
frame_ms,0.3995,
frame_ms,0.3943,
frame_ms,0.4102,
frame_ms,0.4086,
frame_ms,0.5612,
frame_ms,0.6148,
frame_ms,0.4387,
frame_ms,0.4082,
frame_ms,0.5086,
frame_ms,0.4297,
frame_ms,0.4123,
frame_ms,0.4015,
frame_ms,0.3992,
frame_ms,0.399,
frame_ms,0.3839,
frame_ms,0.381,
frame_ms,0.3825,
frame_ms,0.3806,
frame_ms,0.3914,
frame_ms,0.4791,
frame_ms,0.4696,
frame_ms,0.4091,
frame_ms,0.4036,
frame_ms,0.3902,
frame_ms,0.3981,
frame_ms,0.4159,
frame_ms,0.3843,
frame_ms,0.3831,
frame_ms,0.403,
frame_ms,0.4932,
frame_ms,0.4629,
frame_ms,0.4138,
frame_ms,0.4022,
frame_ms,0.4087,
frame_ms,0.3949,
frame_ms,0.3941,
frame_ms,0.395,
frame_ms,0.3951,
frame_ms,0.4064,
frame_ms,0.3992,
frame_ms,0.4991,
frame_ms,0.4667,
frame_ms,0.481,
frame_ms,0.404,
frame_ms,0.4069,
frame_ms,0.3969,
frame_ms,0.3901,
frame_ms,0.4171,
frame_ms,0.4063,
frame_ms,0.4086,
frame_ms,0.4195,
frame_ms,0.411,
frame_ms,0.4193,
frame_ms,0.3937,
frame_ms,0.4035,
frame_ms,0.3886,
frame_ms,0.3874,
frame_ms,0.3869,
frame_ms,0.3857,
frame_ms,0.4339,
frame_ms,0.3952,
frame_ms,0.3959,
frame_ms,0.4059,
frame_ms,0.3853,
frame_ms,0.3912,
frame_ms,0.3882,
frame_ms,0.3907,
frame_ms,0.3797,
frame_ms,0.3814,
frame_ms,0.3975,
frame_ms,0.4146,
frame_ms,0.4429,
frame_ms,0.4071,
frame_ms,0.412,
frame_ms,0.3852,
frame_ms,0.3816,
frame_ms,0.4195,
frame_ms,0.3836,
frame_ms,0.5544,
frame_ms,0.5588,
frame_ms,0.4622,
frame_ms,0.4277,
frame_ms,0.4342,
frame_ms,0.5057,
frame_ms,0.4239,
frame_ms,0.4202,
frame_ms,0.3932,
frame_ms,0.4047,
frame_ms,0.3821,
frame_ms,0.3889,
frame_ms,0.4026,
frame_ms,0.3949,
frame_ms,0.4929,
frame_ms,0.3934,
frame_ms,0.3846,
frame_ms,0.3823,
frame_ms,0.3821,
frame_ms,0.3925,
frame_ms,0.3849,
frame_ms,0.424,
frame_ms,0.4633,
frame_ms,0.4105,
frame_ms,0.413,
frame_ms,0.4313,
frame_ms,0.4711,
frame_ms,0.4273,
frame_ms,0.409,
frame_ms,0.397,
frame_ms,0.3985,
frame_ms,0.4259,
frame_ms,0.3888,
frame_ms,0.4051,
frame_ms,0.433,
frame_ms,0.4049,
frame_ms,0.6341,
frame_ms,0.5617,
frame_ms,0.4289,
frame_ms,0.4067,
frame_ms,0.4069,
frame_ms,0.403,
frame_ms,0.542,
frame_ms,0.5001,
frame_ms,0.4438,
frame_ms,0.4221,
frame_ms,0.568,
frame_ms,0.431,
frame_ms,0.4229,
frame_ms,0.4476,
frame_ms,0.4394,
frame_ms,0.4261,
frame_ms,0.4326,
frame_ms,0.4351,
frame_ms,0.4523,
frame_ms,0.4221,
frame_ms,0.4199,
frame_ms,0.4863,
frame_ms,0.4233,
frame_ms,0.4154,
frame_ms,0.4151,
frame_ms,0.4996,
frame_ms,0.4589,
frame_ms,0.4125,
frame_ms,0.3993,
frame_ms,0.4092,
frame_ms,0.4829,
frame_ms,0.4439,
frame_ms,0.4261,
frame_ms,0.4244,
frame_ms,0.5093,
frame_ms,0.4594,
frame_ms,0.4398,
frame_ms,0.394,
frame_ms,0.4037,
frame_ms,0.4192,
frame_ms,0.391,
frame_ms,0.398,
frame_ms,0.4245,
frame_ms,0.4,
frame_ms,0.4648,
frame_ms,0.3971,
frame_ms,0.4098,
frame_ms,0.3955,
frame_ms,0.3885,
frame_ms,0.4791,
frame_ms,0.441,
frame_ms,0.4155,
frame_ms,0.4187,
frame_ms,0.4787,
frame_ms,0.4384,
frame_ms,0.4062,
frame_ms,0.4034,
frame_ms,0.4026,
frame_ms,0.5102,
frame_ms,0.4483,
frame_ms,0.4123,
frame_ms,0.4233,
frame_ms,0.4458,
frame_ms,0.4749,
frame_ms,0.4147,
frame_ms,0.4035,
frame_ms,0.3997,
frame_ms,0.4054,
frame_ms,0.3966,
frame_ms,0.3868,
frame_ms,0.5745,
frame_ms,0.5899,
frame_ms,0.5362,
frame_ms,0.5753,
frame_ms,0.4453,
frame_ms,0.4587,
frame_ms,0.405,
frame_ms,0.4088,
frame_ms,0.3875,
frame_ms,0.3894,
frame_ms,0.4043,
frame_ms,0.3931,
frame_ms,0.4167,
frame_ms,0.3983,
frame_ms,0.3999,
frame_ms,0.3851,
frame_ms,0.3931,
frame_ms,0.4065,
frame_ms,0.3956,
frame_ms,0.3869,
frame_ms,0.3869,
frame_ms,0.5025,
frame_ms,0.4137,
frame_ms,0.3993,
frame_ms,0.4139,
frame_ms,0.3984,
frame_ms,0.3861,
frame_ms,0.4033,
frame_ms,0.3839,
frame_ms,0.3804,
frame_ms,0.3788,
frame_ms,0.3877,
frame_ms,0.3938,
frame_ms,0.3931,
frame_ms,0.4103,
frame_ms,0.3984,
frame_ms,0.384,
frame_ms,0.8364,
frame_ms,0.5723,
frame_ms,0.5538,
frame_ms,0.5938,
frame_ms,0.625,
frame_ms,0.5795,
frame_ms,0.492,
frame_ms,0.4724,
frame_ms,0.4294,
frame_ms,0.44,
frame_ms,0.422,
frame_ms,0.5914,
frame_ms,0.479,
frame_ms,0.5267,
frame_ms,0.5475,
frame_ms,0.4883,
frame_ms,0.4286,
frame_ms,0.4856,
frame_ms,0.4272,
frame_ms,0.4799,
frame_ms,0.4626,
frame_ms,0.4379,
frame_ms,0.6401,
frame_ms,0.6858,
frame_ms,0.5042,
frame_ms,0.4391,
frame_ms,0.4204,
frame_ms,0.5373,
frame_ms,0.514,
frame_ms,1.069,
frame_ms,0.5431,
frame_ms,0.4792,
frame_ms,0.7842,
frame_ms,0.6054,
frame_ms,0.5547,
frame_ms,0.5384,
frame_ms,0.4735,
frame_ms,0.4812,
frame_ms,0.4316,
frame_ms,0.5146,
frame_ms,0.4544,
frame_ms,0.404,
frame_ms,0.4476,
frame_ms,0.4676,
frame_ms,0.69,
frame_ms,0.4917,
frame_ms,0.4237,
frame_ms,0.4807,
frame_ms,0.4138,
frame_ms,0.3939,
frame_ms,0.3957,
frame_ms,0.4878,
frame_ms,0.4714,
frame_ms,0.4538,
frame_ms,0.5064,
frame_ms,0.5469,
frame_ms,0.4122,
frame_ms,0.424,
frame_ms,0.399,
frame_ms,0.4079,
frame_ms,0.4099,
frame_ms,0.6625,
frame_ms,0.6036,
frame_ms,0.4899,
frame_ms,0.4977,
frame_ms,0.4708,
frame_ms,0.4176,
frame_ms,0.4018,
frame_ms,0.4069,
frame_ms,0.6087,
frame_ms,0.5016,
frame_ms,0.4628,
frame_ms,0.4273,
frame_ms,0.4844,
frame_ms,0.4363,
frame_ms,0.4037,
frame_ms,0.7453,
frame_ms,1.0194,
frame_ms,0.7061,
frame_ms,0.4862,
frame_ms,0.4486,
frame_ms,1.1618,
frame_ms,0.5226,
frame_ms,0.6157,
frame_ms,0.5136,
frame_ms,0.4512,
frame_ms,0.4527,
frame_ms,0.4271,
frame_ms,0.4095,
frame_ms,0.4053,
frame_ms,0.4006,
frame_ms,0.5242,
frame_ms,0.7091,
frame_ms,0.4741,
frame_ms,0.4705,
frame_ms,0.4143,
frame_ms,0.422,
frame_ms,0.3937,
frame_ms,0.3889,
frame_ms,0.3899,
frame_ms,0.426,
frame_ms,0.4118,
frame_ms,0.405,
frame_ms,0.4094,
frame_ms,0.419,
frame_ms,0.4085,
frame_ms,0.411,
frame_ms,0.3885,
frame_ms,0.6742,
frame_ms,0.5811,
frame_ms,0.4555,
frame_ms,0.4253,
frame_ms,0.4193,
frame_ms,0.4236,
frame_ms,0.4439,
frame_ms,0.4345,
frame_ms,0.3969,
frame_ms,0.3915,
frame_ms,0.4095,
frame_ms,0.4052,
frame_ms,0.4014,
frame_ms,0.3919,
frame_ms,0.4059,
frame_ms,0.4383,
frame_ms,0.394,
frame_ms,0.4063,
frame_ms,0.3856,
frame_ms,0.4199,
frame_ms,0.8632,
frame_ms,0.4435,
frame_ms,0.4034,
frame_ms,0.3954,
frame_ms,0.4228,
frame_ms,0.4304,
frame_ms,0.3894,
frame_ms,0.398,
frame_ms,0.3842,
frame_ms,0.3839,
frame_ms,0.3949,
frame_ms,0.3925,
frame_ms,0.3961,
frame_ms,0.4017,
frame_ms,0.3942,
frame_ms,0.4454,
frame_ms,0.4082,
frame_ms,0.3911,
frame_ms,0.3882,
frame_ms,0.3852,
frame_ms,0.3946,
frame_ms,0.3847,
frame_ms,0.4062,
frame_ms,0.3866,
frame_ms,0.3927,
frame_ms,0.403,
frame_ms,0.3882,
frame_ms,0.3835,
frame_ms,0.403,
frame_ms,0.3896,
frame_ms,0.3924,
frame_ms,0.384,
frame_ms,0.4739,
frame_ms,0.409,
frame_ms,0.4115,
frame_ms,0.3925,
frame_ms,0.3964,
frame_ms,0.3935,
frame_ms,0.4595,
frame_ms,0.3996,
frame_ms,0.3952,
frame_ms,0.3815,
frame_ms,0.4447,
frame_ms,0.3936,
frame_ms,0.3882,
frame_ms,0.3925,
frame_ms,0.3936,
frame_ms,0.3945,
frame_ms,0.3872,
frame_ms,0.429,
frame_ms,0.3894,
frame_ms,0.3831,
frame_ms,0.4639,
frame_ms,0.391,
frame_ms,0.3895,
frame_ms,0.4036,
frame_ms,0.3946,
frame_ms,0.3956,
frame_ms,0.389,
frame_ms,0.3814,
frame_ms,0.3767,
frame_ms,0.3885,
frame_ms,0.3758,
frame_ms,0.5017,
frame_ms,0.4434,
frame_ms,0.4495,
frame_ms,0.4487,
frame_ms,0.4195,
frame_ms,0.3998,
frame_ms,0.4026,
frame_ms,0.3923,
frame_ms,0.395,
frame_ms,0.4103,
frame_ms,0.4388,
frame_ms,0.4501,
frame_ms,0.4142,
frame_ms,0.4543,
frame_ms,0.4874,
frame_ms,0.5125,
frame_ms,0.4002,
frame_ms,0.3962,
frame_ms,0.402,
frame_ms,0.3904,
frame_ms,0.6603,
frame_ms,0.6289,
frame_ms,0.5577,
frame_ms,0.547,
frame_ms,0.5101,
frame_ms,0.5,
frame_ms,0.5082,
frame_ms,0.564,
frame_ms,0.6196,
frame_ms,0.5372,
frame_ms,0.558,
frame_ms,0.5023,
frame_ms,0.5307,
frame_ms,0.5,
frame_ms,0.5014,
frame_ms,0.4139,
frame_ms,0.4075,
frame_ms,0.4199,
frame_ms,0.4224,
frame_ms,0.3894,
frame_ms,0.4006,
frame_ms,0.3861,
frame_ms,0.3848,
frame_ms,0.4105,
frame_ms,0.3826,
frame_ms,0.4364,
frame_ms,0.5246,
frame_ms,0.4537,
frame_ms,0.4422,
frame_ms,0.415,
frame_ms,0.4256,
frame_ms,0.392,
frame_ms,0.3947,
frame_ms,0.3893,
frame_ms,0.3888,
frame_ms,0.5147,
frame_ms,0.6339,
frame_ms,0.5371,
frame_ms,0.4976,
frame_ms,0.4045,
frame_ms,0.3928,
frame_ms,0.3895,
frame_ms,0.397,
frame_ms,0.3887,
frame_ms,0.4916,
frame_ms,0.511,
frame_ms,0.4195,
frame_ms,0.4165,
frame_ms,0.529,
frame_ms,0.4026,
frame_ms,0.3948,
frame_ms,0.3904,
frame_ms,0.397,
frame_ms,0.3913,
frame_ms,0.4124,
frame_ms,0.4656,
frame_ms,0.4264,
frame_ms,0.4185,
frame_ms,0.3937,
frame_ms,0.3872,
frame_ms,0.6412,
frame_ms,0.5673,
frame_ms,0.5743,
frame_ms,0.5629,
frame_ms,0.6395,
frame_ms,0.5722,
frame_ms,0.5122,
frame_ms,0.4778,
frame_ms,0.4113,
frame_ms,0.3954,
frame_ms,0.3944,
frame_ms,0.487,
frame_ms,0.5002,
frame_ms,0.4802,
frame_ms,0.5405,
frame_ms,0.4519,
frame_ms,0.4033,
frame_ms,0.4207,
frame_ms,0.4008,
frame_ms,0.3903,
frame_ms,0.4137,
frame_ms,0.4001,
frame_ms,0.3933,
frame_ms,0.4187,
frame_ms,0.4121,
frame_ms,0.393,
frame_ms,0.3814,
frame_ms,0.3812,
frame_ms,0.3812,
frame_ms,0.394,
frame_ms,0.3809,
frame_ms,0.5401,
frame_ms,0.4422,
frame_ms,0.4259,
frame_ms,0.5854,
frame_ms,0.4275,
frame_ms,0.402,
frame_ms,0.3949,
frame_ms,0.4537,
frame_ms,0.5138,
frame_ms,0.5201,
frame_ms,0.4138,
frame_ms,0.4042,
frame_ms,0.3997,
frame_ms,0.4354,
frame_ms,0.4147,
frame_ms,0.4299,
frame_ms,0.3945,
frame_ms,0.403,
frame_ms,0.448,
frame_ms,0.571,
frame_ms,0.6201,
frame_ms,0.5524,
frame_ms,0.5276,
frame_ms,0.5021,
frame_ms,0.5113,
frame_ms,0.5306,
frame_ms,0.897,
frame_ms,0.5013,
frame_ms,0.4764,
frame_ms,0.846,
frame_ms,0.5332,
frame_ms,0.5147,
frame_ms,0.5229,
frame_ms,0.5825,
frame_ms,0.6669,
frame_ms,0.6187,
frame_ms,0.5439,
frame_ms,0.5285,
frame_ms,0.5122,
frame_ms,0.5074,
frame_ms,0.6049,
frame_ms,0.5576,
frame_ms,0.5549,
frame_ms,0.6206,
frame_ms,0.5099,
frame_ms,0.5266,
frame_ms,0.5097,
frame_ms,0.5115,
frame_ms,0.5651,
frame_ms,0.565,
frame_ms,0.5466,
frame_ms,0.5811,
frame_ms,0.4973,
frame_ms,0.4726,
frame_ms,0.4272,
frame_ms,0.4022,
frame_ms,0.4773,
frame_ms,0.4498,
frame_ms,0.45,
frame_ms,0.4359,
frame_ms,0.4548,
frame_ms,0.4092,
frame_ms,0.4081,
frame_ms,0.4014,
frame_ms,0.4536,
frame_ms,0.4492,
frame_ms,0.4955,
frame_ms,0.4199,
frame_ms,0.4226,
frame_ms,0.485,
frame_ms,0.4179,
frame_ms,0.4011,
frame_ms,0.417,
frame_ms,0.4098,
frame_ms,0.4152,
frame_ms,0.495,
frame_ms,0.6021,
frame_ms,0.5685,
frame_ms,0.5549,
frame_ms,0.4177,
frame_ms,0.4041,
frame_ms,0.4025,
frame_ms,0.4208,
frame_ms,0.3995,
frame_ms,0.4433,
frame_ms,0.4185,
frame_ms,0.4079,
frame_ms,0.4333,
frame_ms,0.4379,
frame_ms,0.3996,
frame_ms,0.3976,
frame_ms,0.4132,
frame_ms,0.4138,
frame_ms,0.3976,
frame_ms,0.4091,
frame_ms,0.4091,
frame_ms,0.4095,
frame_ms,0.4468,
frame_ms,0.3982,
frame_ms,0.4808,
frame_ms,0.4447,
frame_ms,0.4414,
frame_ms,0.3953,
frame_ms,0.4663,
frame_ms,0.5183,
frame_ms,0.425,
frame_ms,0.4209,
frame_ms,0.4552,
frame_ms,0.5304,
frame_ms,0.4308,
frame_ms,0.4203,
frame_ms,0.5499,
frame_ms,0.5897,
frame_ms,0.5423,
frame_ms,0.5383,
frame_ms,0.452,
frame_ms,0.4065,
frame_ms,0.4124,
frame_ms,0.4136,
frame_ms,0.3927,
frame_ms,0.3927,
frame_ms,0.3913,
frame_ms,0.3968,
frame_ms,0.4154,
frame_ms,0.4053,
frame_ms,0.3967,
frame_ms,0.4118,
frame_ms,0.3966,
frame_ms,0.3991,
frame_ms,0.3979,
frame_ms,0.385,
frame_ms,0.3852,
frame_ms,0.4869,
frame_ms,0.4662,
frame_ms,0.4394,
frame_ms,0.6778,
frame_ms,0.5115,
frame_ms,0.442,
frame_ms,0.4203,
frame_ms,0.5028,
frame_ms,0.4222,
frame_ms,0.4169,
frame_ms,0.4108,
frame_ms,0.4303,
frame_ms,0.4956,
frame_ms,0.4115,
frame_ms,0.3971,
frame_ms,0.4331,
frame_ms,0.4168,
frame_ms,0.3925,
frame_ms,0.3867,
frame_ms,0.3927,
frame_ms,0.4013,
frame_ms,0.4176,
frame_ms,0.4413,
frame_ms,0.3994,
frame_ms,0.3885,
frame_ms,0.3887,
frame_ms,0.4003,
frame_ms,0.4279,
frame_ms,0.39,
frame_ms,0.4649,
frame_ms,0.456,
frame_ms,0.4233,
frame_ms,0.466,
frame_ms,0.5972,
frame_ms,0.5573,
frame_ms,0.5234,
frame_ms,0.5297,
frame_ms,0.7135,
frame_ms,0.5374,
frame_ms,0.4773,
frame_ms,0.4789,
frame_ms,0.412,
frame_ms,0.401,
frame_ms,0.3944,
frame_ms,0.3942,
frame_ms,0.3992,
frame_ms,0.5394,
frame_ms,0.7286,
frame_ms,0.5725,
frame_ms,0.5415,
frame_ms,0.4425,
frame_ms,0.4048,
frame_ms,0.3937,
frame_ms,0.4044,
frame_ms,0.3896,
frame_ms,0.5872,
frame_ms,0.6768,
frame_ms,0.5378,
frame_ms,0.5429,
frame_ms,0.5092,
frame_ms,0.5567,
frame_ms,0.525,
frame_ms,0.5692,
frame_ms,0.548,
frame_ms,0.6567,
frame_ms,0.4625,
frame_ms,0.3972,
frame_ms,0.399,
frame_ms,0.4054,
frame_ms,0.3986,
frame_ms,0.4334,
frame_ms,0.4214,
frame_ms,0.4037,
frame_ms,0.4116,
frame_ms,0.5336,
frame_ms,0.4255,
frame_ms,0.4074,
frame_ms,0.3977,
frame_ms,0.4006,
frame_ms,0.3991,
frame_ms,0.3875,
frame_ms,0.5212,
frame_ms,0.6102,
frame_ms,0.5447,
frame_ms,0.5322,
frame_ms,0.4598,
frame_ms,0.4286,
frame_ms,0.4039,
frame_ms,0.4354,
frame_ms,0.4029,
frame_ms,0.4444,
frame_ms,0.429,
frame_ms,0.4298,
frame_ms,0.4133,
frame_ms,0.4185,
frame_ms,0.3937,
frame_ms,0.389,
frame_ms,0.3968,
frame_ms,0.3888,
frame_ms,0.3871,
frame_ms,0.3956,
frame_ms,0.3988,
frame_ms,0.4074,
frame_ms,0.431,
frame_ms,0.4086,
frame_ms,0.3903,
frame_ms,0.6205,
frame_ms,0.4376,
frame_ms,0.4225,
frame_ms,0.4473,
frame_ms,0.4596,
frame_ms,0.4172,
frame_ms,0.4058,
frame_ms,0.4272,
frame_ms,0.4298,
frame_ms,0.4059,
frame_ms,0.3868,
frame_ms,0.3897,
frame_ms,0.3939,
frame_ms,0.458,
frame_ms,0.5211,
frame_ms,0.4445,
frame_ms,0.4743,
frame_ms,0.4773,
frame_ms,0.4193,
frame_ms,0.4262,
frame_ms,0.4073,
frame_ms,0.4063,
frame_ms,0.4269,
frame_ms,0.4123,
frame_ms,0.4601,
frame_ms,0.4272,
frame_ms,0.4563,
frame_ms,0.4681,
frame_ms,0.417,
frame_ms,0.4042,
frame_ms,0.4015,
frame_ms,0.4816,
frame_ms,0.467,
frame_ms,0.4158,
frame_ms,0.4103,
frame_ms,0.6163,
frame_ms,0.4467,
frame_ms,0.4158,
frame_ms,0.4134,
frame_ms,0.4878,
frame_ms,0.4061,
frame_ms,0.4213,
frame_ms,0.4104,
frame_ms,0.4739,
frame_ms,0.4286,
frame_ms,0.4395,
frame_ms,0.4376,
frame_ms,0.4008,
frame_ms,0.45,
frame_ms,0.3957,
frame_ms,0.3967,
frame_ms,0.4705,
frame_ms,0.4637,
frame_ms,0.4299,
frame_ms,0.4233,
frame_ms,0.4303,
frame_ms,0.393,
frame_ms,0.3922,
frame_ms,0.3945,
frame_ms,0.3904,
frame_ms,0.3984,
frame_ms,0.5259,
frame_ms,0.6478,
frame_ms,0.6017,
frame_ms,0.5784,
frame_ms,0.5139,
frame_ms,0.5122,
frame_ms,0.5162,
frame_ms,0.5843,
frame_ms,0.8167,
frame_ms,0.6121,
frame_ms,0.5501,
frame_ms,0.5232,
frame_ms,0.4068,
frame_ms,0.3993,
frame_ms,0.3941,
frame_ms,0.404,
frame_ms,0.4856,
frame_ms,0.4043,
frame_ms,0.4025,
frame_ms,0.4398,
frame_ms,0.4026,
frame_ms,0.3899,
frame_ms,0.3967,
frame_ms,0.386,
frame_ms,0.3871,
frame_ms,0.3939,
frame_ms,0.3994,
frame_ms,0.387,
frame_ms,0.4093,
frame_ms,0.3974,
frame_ms,0.4034,
frame_ms,0.3941,
frame_ms,0.3794,
frame_ms,0.4128,
frame_ms,0.3837,
frame_ms,0.4004,
frame_ms,0.4299,
frame_ms,0.4741,
frame_ms,0.4294,
frame_ms,0.4884,
frame_ms,0.5608,
frame_ms,0.6019,
frame_ms,0.5138,
frame_ms,0.5545,
frame_ms,0.4534,
frame_ms,0.4042,
frame_ms,0.3978,
frame_ms,0.4357,
frame_ms,0.4578,
frame_ms,0.406,
frame_ms,0.3969,
frame_ms,0.3866,
frame_ms,0.3957,
frame_ms,0.3904,
frame_ms,0.3855,
frame_ms,0.5616,
frame_ms,0.4972,
frame_ms,0.4279,
frame_ms,0.464,
frame_ms,0.4322,
frame_ms,0.4076,
frame_ms,0.4062,
frame_ms,0.4162,
frame_ms,0.4217,
frame_ms,0.4849,
frame_ms,0.4118,
frame_ms,0.399,
frame_ms,0.4009,
frame_ms,0.4221,
frame_ms,0.388,
frame_ms,0.3909,
frame_ms,0.3994,
frame_ms,0.3854,
frame_ms,0.3966,
frame_ms,0.4757,
frame_ms,0.4563,
frame_ms,0.4572,
frame_ms,0.4562,
frame_ms,0.5131,
frame_ms,0.6455,
frame_ms,0.5831,
frame_ms,0.5149,
frame_ms,0.601,
frame_ms,0.4801,
frame_ms,0.4258,
frame_ms,0.4294,
frame_ms,0.5763,
frame_ms,0.4206,
frame_ms,0.411,
frame_ms,0.4059,
frame_ms,0.4151,
frame_ms,0.4275,
frame_ms,0.4287,
frame_ms,0.4353,
frame_ms,0.4369,
frame_ms,0.5092,
frame_ms,0.4093,
frame_ms,0.4006,
frame_ms,0.4037,
frame_ms,0.4056,
frame_ms,0.3994,
frame_ms,0.4785,
frame_ms,0.4948,
frame_ms,0.4527,
frame_ms,0.4335,
frame_ms,0.5639,
frame_ms,0.4256,
frame_ms,0.4275,
frame_ms,0.4102,
frame_ms,0.4686,
frame_ms,0.5339,
frame_ms,0.477,
frame_ms,0.6447,
frame_ms,0.7429,
frame_ms,0.54,
frame_ms,0.5418,
frame_ms,0.5209,
frame_ms,0.5638,
frame_ms,0.5514,
frame_ms,0.6362,
frame_ms,0.5252,
frame_ms,0.4484,
frame_ms,0.4151,
frame_ms,0.436,
frame_ms,0.4177,
frame_ms,0.3983,
frame_ms,0.4706,
frame_ms,0.4571,
frame_ms,0.4377,
frame_ms,0.4289,
frame_ms,0.4406,
frame_ms,0.4339,
frame_ms,0.4113,
frame_ms,0.4139,
frame_ms,0.4209,
frame_ms,0.5369,
frame_ms,0.4238,
frame_ms,0.4368,
frame_ms,0.4166,
frame_ms,0.4767,
frame_ms,0.4026,
frame_ms,0.3963,
frame_ms,0.3969,
frame_ms,0.4038,
frame_ms,0.3938,
frame_ms,1.0839,
frame_ms,0.4574,
frame_ms,0.438,
frame_ms,0.4091,
frame_ms,0.4098,
frame_ms,0.3969,
frame_ms,0.3972,
frame_ms,0.3975,
frame_ms,0.3927,
frame_ms,0.5516,
frame_ms,0.4595,
frame_ms,0.4284,
frame_ms,0.4759,
frame_ms,0.4406,
frame_ms,0.4006,
frame_ms,0.3992,
frame_ms,0.4027,
frame_ms,0.404,
frame_ms,0.451,
frame_ms,0.4553,
frame_ms,0.4181,
frame_ms,0.4097,
frame_ms,0.4274,
frame_ms,0.4217,
frame_ms,0.395,
frame_ms,0.5018,
frame_ms,0.3966,
frame_ms,0.4128,
frame_ms,0.5268,
frame_ms,0.6216,
frame_ms,0.5241,
frame_ms,0.695,
frame_ms,0.4991,
frame_ms,0.5822,
frame_ms,0.5161,
frame_ms,0.5551,
frame_ms,0.5391,
frame_ms,0.6408,
frame_ms,0.6151,
frame_ms,0.5468,
frame_ms,0.5221,
frame_ms,0.5059,
frame_ms,0.5158,
frame_ms,0.58,
frame_ms,0.4833,
frame_ms,0.4307,
frame_ms,0.4558,
frame_ms,0.4287,
frame_ms,0.4308,
frame_ms,0.4121,
frame_ms,0.4084,
frame_ms,0.4743,
frame_ms,0.4597,
frame_ms,0.4087,
frame_ms,0.4367,
frame_ms,0.4327,
frame_ms,0.4137,
frame_ms,0.3927,
frame_ms,0.4011,
frame_ms,0.3918,
frame_ms,0.4037,
frame_ms,0.399,
frame_ms,0.4292,
frame_ms,0.4495,
frame_ms,0.4232,
frame_ms,0.4313,
frame_ms,0.4078,
frame_ms,0.8197,
frame_ms,0.4872,
frame_ms,0.4004,
frame_ms,0.3972,
frame_ms,0.4041,
frame_ms,0.4402,
frame_ms,0.4493,
frame_ms,0.4185,
frame_ms,0.419,
frame_ms,0.4105,
frame_ms,0.3978,
frame_ms,0.4071,
frame_ms,0.4045,
frame_ms,0.4098,
frame_ms,0.4169,
frame_ms,0.4095,
frame_ms,0.4203,
frame_ms,0.4459,
frame_ms,0.3994,
frame_ms,0.4242,
frame_ms,0.3907,
frame_ms,0.392,
frame_ms,0.3872,
frame_ms,0.4703,
frame_ms,0.5062,
frame_ms,0.4782,
frame_ms,0.4828,
frame_ms,0.4561,
frame_ms,0.3952,
frame_ms,0.3888,
frame_ms,0.4106,
frame_ms,0.419,
frame_ms,0.3983,
frame_ms,0.4521,
frame_ms,0.3957,
frame_ms,0.5387,
frame_ms,0.4608,
frame_ms,0.4499,
frame_ms,0.4235,
frame_ms,0.4099,
frame_ms,0.4031,
frame_ms,0.3921,
frame_ms,0.403,
frame_ms,0.4169,
frame_ms,0.4098,
frame_ms,0.4319,
frame_ms,0.4168,
frame_ms,0.4328,
frame_ms,0.3905,
frame_ms,0.4058,
frame_ms,0.4282,
frame_ms,0.3887,
frame_ms,0.3978,
frame_ms,0.4086,
frame_ms,0.471,
frame_ms,0.419,
frame_ms,0.4896,
frame_ms,0.4358,
frame_ms,0.4215,
frame_ms,0.3994,
frame_ms,0.4,
frame_ms,0.4155,
frame_ms,0.3986,
frame_ms,0.4056,
frame_ms,0.4189,
frame_ms,0.4461,
frame_ms,0.454,
frame_ms,0.4246,
frame_ms,0.3922,
frame_ms,0.3891,
frame_ms,0.4068,
frame_ms,0.3906,
frame_ms,0.386,
frame_ms,0.422,
frame_ms,0.483,
frame_ms,0.6622,
frame_ms,0.5797,
frame_ms,0.5523,
frame_ms,0.8435,
frame_ms,0.4473,
frame_ms,0.4889,
frame_ms,0.4146,
frame_ms,0.5985,
frame_ms,0.5829,
frame_ms,0.5471,
frame_ms,0.4953,
frame_ms,0.4133,
frame_ms,0.4017,
frame_ms,0.3985,
frame_ms,0.4255,
frame_ms,0.4447,
frame_ms,0.48,
frame_ms,0.4178,
frame_ms,0.4056,
frame_ms,0.4253,
frame_ms,0.4348,
frame_ms,0.4573,
frame_ms,0.3999,
frame_ms,0.4039,
frame_ms,0.4456,
frame_ms,0.3992,
frame_ms,0.4056,
frame_ms,0.4227,
frame_ms,0.3992,
frame_ms,0.3907,
frame_ms,0.3899,
frame_ms,0.4075,
frame_ms,0.423,
frame_ms,0.413,
frame_ms,0.4058,
frame_ms,0.453,
frame_ms,0.5969,
frame_ms,0.5851,
frame_ms,0.6067,
frame_ms,0.5231,
frame_ms,0.5117,
frame_ms,0.5037,
frame_ms,0.5742,
frame_ms,0.4123,
frame_ms,0.419,
frame_ms,0.4064,
frame_ms,0.422,
frame_ms,0.3913,
frame_ms,0.4014,
frame_ms,0.3892,
frame_ms,0.387,
frame_ms,0.4121,
frame_ms,0.4335,
frame_ms,0.399,
frame_ms,0.3992,
frame_ms,0.42,
frame_ms,0.414,
frame_ms,0.4019,
frame_ms,0.3903,
frame_ms,0.3816,
frame_ms,0.3825,
frame_ms,0.3947,
frame_ms,0.4447,
frame_ms,0.4744,
frame_ms,0.4528,
frame_ms,0.7745,
frame_ms,0.5547,
frame_ms,0.5474,
frame_ms,0.5085,
frame_ms,0.5081,
frame_ms,0.4216,
frame_ms,0.4158,
frame_ms,0.4183,
frame_ms,0.4189,
frame_ms,0.4251,
frame_ms,0.3915,
frame_ms,0.4004,
frame_ms,0.3997,
frame_ms,0.4077,
frame_ms,0.397,
frame_ms,0.4569,
frame_ms,0.4596,
frame_ms,0.4075,
frame_ms,0.4349,
frame_ms,0.5125,
frame_ms,0.6256,
frame_ms,0.5219,
frame_ms,0.5851,
frame_ms,0.5625,
frame_ms,0.5551,
frame_ms,0.6388,
frame_ms,0.5892,
frame_ms,0.5096,
frame_ms,0.5124,
frame_ms,0.518,
frame_ms,0.5102,
frame_ms,0.8757,
frame_ms,0.657,
frame_ms,0.5806,
frame_ms,0.5367,
frame_ms,0.5084,
frame_ms,0.5073,
frame_ms,0.5059,
frame_ms,0.5249,
frame_ms,0.4722,
frame_ms,0.417,
frame_ms,0.4205,
frame_ms,0.6135,
frame_ms,0.5524,
frame_ms,0.5207,
frame_ms,0.5418,
frame_ms,0.4469,
frame_ms,0.4447,
frame_ms,0.4243,
frame_ms,0.4224,
frame_ms,0.4236,
frame_ms,0.4016,
frame_ms,0.3987,
frame_ms,0.3981,
frame_ms,0.4033,
frame_ms,0.3957,
frame_ms,0.4377,
frame_ms,0.4638,
frame_ms,0.4131,
frame_ms,0.4324,
frame_ms,0.4789,
frame_ms,0.4737,
frame_ms,0.4126,
frame_ms,0.5277,
frame_ms,0.4495,
frame_ms,0.4231,
frame_ms,0.4133,
frame_ms,0.4578,
frame_ms,0.4976,
frame_ms,0.4469,
frame_ms,0.4392,
frame_ms,0.4206,
frame_ms,0.4036,
frame_ms,0.4121,
frame_ms,0.3992,
frame_ms,0.4402,
frame_ms,0.4374,
frame_ms,0.42,
frame_ms,0.4247,
frame_ms,0.4121,
frame_ms,0.4897,
frame_ms,0.4224,
frame_ms,0.4001,
frame_ms,0.4022,
frame_ms,0.3995,
frame_ms,0.4496,
frame_ms,0.4079,
frame_ms,0.431,
frame_ms,0.4137,
frame_ms,0.4498,
frame_ms,0.4076,
frame_ms,0.434,
frame_ms,0.3989,
frame_ms,0.3949,
frame_ms,0.3921,
frame_ms,0.4069,
frame_ms,0.4506,
frame_ms,0.4148,
frame_ms,0.4172,
frame_ms,0.3958,
frame_ms,0.4039,
frame_ms,0.515,
frame_ms,0.4905,
frame_ms,0.4624,
frame_ms,0.468,
frame_ms,0.4521,
frame_ms,0.4703,
frame_ms,0.4939,
frame_ms,0.4633,
frame_ms,0.4522,
frame_ms,0.4653,
frame_ms,0.4173,
frame_ms,0.4091,
frame_ms,0.457,
frame_ms,0.498,
frame_ms,0.4469,
frame_ms,0.4438,
frame_ms,0.4804,
frame_ms,0.4263,
frame_ms,0.4045,
frame_ms,0.4021,
frame_ms,0.4078,
frame_ms,0.5229,
frame_ms,0.694,
frame_ms,0.6084,
frame_ms,0.5992,
frame_ms,0.4697,
frame_ms,0.4246,
frame_ms,0.4175,
frame_ms,0.4046,
frame_ms,0.4218,
frame_ms,0.4261,
frame_ms,0.4291,
frame_ms,0.433,
frame_ms,0.4769,
frame_ms,0.4563,
frame_ms,0.5313,
frame_ms,0.4868,
frame_ms,0.4325,
frame_ms,0.5199,
frame_ms,0.6914,
frame_ms,0.6255,
frame_ms,0.6511,
frame_ms,0.4624,
frame_ms,0.4173,
frame_ms,0.4118,
frame_ms,0.4503,
frame_ms,0.4141,
frame_ms,0.4759,
frame_ms,0.497,
frame_ms,0.474,
frame_ms,0.9701,
frame_ms,0.5175,
frame_ms,0.5196,
frame_ms,0.5202,
frame_ms,0.5803,
frame_ms,0.8172,
frame_ms,0.4826,
frame_ms,0.6028,
frame_ms,0.5814,
frame_ms,0.5167,
frame_ms,0.5127,
frame_ms,0.7716,
frame_ms,0.6816,
frame_ms,0.519,
frame_ms,0.4325,
frame_ms,0.4079,
frame_ms,0.4153,
frame_ms,0.4029,
frame_ms,0.4018,
frame_ms,0.4002,
frame_ms,0.4045,
frame_ms,0.4423,
frame_ms,0.4225,
frame_ms,0.403,
frame_ms,0.4133,
frame_ms,0.4156,
frame_ms,0.4304,
frame_ms,0.4541,
frame_ms,0.4194,
frame_ms,0.4057,
frame_ms,0.4036,
frame_ms,0.4565,
frame_ms,0.4196,
frame_ms,0.424,
frame_ms,0.4404,
frame_ms,0.4981,
frame_ms,0.4379,
frame_ms,0.4161,
frame_ms,0.4078,
frame_ms,0.4171,
frame_ms,0.5449,
frame_ms,0.4517,
frame_ms,0.4311,
frame_ms,0.5222,
frame_ms,0.4332,
frame_ms,0.4074,
frame_ms,0.5721,
frame_ms,0.4956,
frame_ms,0.4387,
frame_ms,0.4456,
frame_ms,0.4048,
frame_ms,0.5126,
frame_ms,0.4736,
frame_ms,0.4308,
frame_ms,0.4122,
frame_ms,0.469,
frame_ms,0.4311,
frame_ms,0.4101,
frame_ms,0.5078,
frame_ms,0.4364,
frame_ms,0.3895,
frame_ms,0.4382,
frame_ms,0.4316,
frame_ms,0.3954,
frame_ms,0.3971,
frame_ms,0.3856,
frame_ms,0.4918,
frame_ms,0.4264,
frame_ms,0.4294,
frame_ms,0.478,
frame_ms,0.4019,
frame_ms,0.4126,
frame_ms,0.4376,
frame_ms,0.4067,
frame_ms,0.4256,
frame_ms,0.4008,
frame_ms,0.4164,
frame_ms,0.3921,
frame_ms,0.4393,
frame_ms,0.4503,
frame_ms,0.4054,
frame_ms,0.4265,
frame_ms,0.4484,
frame_ms,0.4369,
frame_ms,0.3907,
frame_ms,0.41,
frame_ms,0.3923,
frame_ms,0.3981,
frame_ms,0.4082,
frame_ms,0.5773,
frame_ms,0.6391,
frame_ms,0.5303,
frame_ms,0.5251,
frame_ms,0.5312,
frame_ms,0.5264,
frame_ms,0.6176,
frame_ms,0.6265,
frame_ms,0.5388,
frame_ms,0.4495,
frame_ms,0.692,
frame_ms,0.4284,
frame_ms,0.414,
frame_ms,0.4046,
frame_ms,0.5018,
frame_ms,0.4498,
frame_ms,0.4649,
frame_ms,0.4794,
frame_ms,0.4137,
frame_ms,0.4118,
frame_ms,0.4104,
frame_ms,0.4171,
frame_ms,0.4064,
frame_ms,0.4087,
frame_ms,0.6957,
frame_ms,0.5125,
frame_ms,0.4382,
frame_ms,0.4335,
frame_ms,0.4041,
frame_ms,0.4018,
frame_ms,0.4361,
frame_ms,0.4019,
frame_ms,0.4117,
frame_ms,0.4041,
frame_ms,0.4782,
frame_ms,0.411,
frame_ms,0.4152,
frame_ms,0.4221,
frame_ms,0.4023,
frame_ms,0.4079,
frame_ms,0.3982,
frame_ms,0.4035,
frame_ms,0.4119,
frame_ms,0.5183,
frame_ms,0.442,
frame_ms,0.433,
frame_ms,0.47,
frame_ms,0.5124,
frame_ms,0.4163,
frame_ms,0.4106,
frame_ms,0.4036,
frame_ms,0.4219,
frame_ms,0.4104,
frame_ms,0.4015,
frame_ms,0.4227,
frame_ms,0.4193,
frame_ms,0.4058,
frame_ms,0.4103,
frame_ms,0.4096,
frame_ms,0.3989,
frame_ms,0.4083,
frame_ms,0.4286,
frame_ms,0.5802,
frame_ms,0.5775,
frame_ms,0.5246,
frame_ms,0.573,
frame_ms,0.451,
frame_ms,0.4077,
frame_ms,0.4036,
frame_ms,0.4122,
frame_ms,0.4051,
frame_ms,0.4224,
frame_ms,0.4102,
frame_ms,0.4259,
frame_ms,0.411,
frame_ms,0.4175,
frame_ms,0.3963,
frame_ms,0.3918,
frame_ms,0.4492,
frame_ms,0.403,
frame_ms,0.3935,
frame_ms,0.4124,
frame_ms,0.4002,
frame_ms,0.4048,
frame_ms,0.4051,
frame_ms,0.3954,
frame_ms,0.3822,
frame_ms,0.3979,
frame_ms,0.39,
frame_ms,0.3933,
frame_ms,0.3902,
frame_ms,0.3924,
frame_ms,0.4306,
frame_ms,0.4271,
frame_ms,0.4085,
frame_ms,0.4357,
frame_ms,0.436,
frame_ms,0.6363,
frame_ms,0.4476,
frame_ms,0.4054,
frame_ms,0.408,
frame_ms,0.4585,
frame_ms,0.4352,
frame_ms,0.4548,
frame_ms,0.4098,
frame_ms,0.4201,
frame_ms,0.4126,
frame_ms,0.3924,
frame_ms,0.398,
frame_ms,0.3962,
frame_ms,0.3945,
frame_ms,0.4855,
frame_ms,0.429,
frame_ms,0.416,
frame_ms,0.4225,
frame_ms,0.396,
frame_ms,0.4013,
frame_ms,0.411,
frame_ms,0.3979,
frame_ms,0.4142,
frame_ms,0.3978,
frame_ms,0.6214,
frame_ms,0.5999,
frame_ms,0.526,
frame_ms,0.4883,
frame_ms,0.4079,
frame_ms,0.433,
frame_ms,0.4005,
frame_ms,0.4052,
frame_ms,0.4044,
frame_ms,0.539,
frame_ms,0.4549,
frame_ms,0.4326,
frame_ms,0.5567,
frame_ms,0.5562,
frame_ms,0.4036,
frame_ms,0.4035,
frame_ms,0.4351,
frame_ms,0.4498,
frame_ms,0.703,
frame_ms,0.5946,
frame_ms,0.5653,
frame_ms,0.5167,
frame_ms,0.4208,
frame_ms,0.4074,
frame_ms,0.4089,
frame_ms,0.4033,
frame_ms,0.4208,
frame_ms,0.415,
frame_ms,0.41,
frame_ms,0.4243,
frame_ms,0.3944,
frame_ms,0.3998,
frame_ms,0.3905,
frame_ms,0.3885,
frame_ms,0.3953,
frame_ms,0.3897,
frame_ms,0.5026,
frame_ms,0.4683,
frame_ms,0.4792,
frame_ms,0.4541,
frame_ms,0.4826,
frame_ms,0.4093,
frame_ms,0.419,
frame_ms,0.4,
frame_ms,0.4056,
frame_ms,0.4359,
frame_ms,0.5136,
frame_ms,0.4619,
frame_ms,0.4649,
frame_ms,0.4774,
frame_ms,0.4287,
frame_ms,0.4548,
frame_ms,0.3996,
frame_ms,0.4059,
frame_ms,0.3998,
frame_ms,0.5922,
frame_ms,0.6045,
frame_ms,0.5327,
frame_ms,0.5172,
frame_ms,0.4186,
frame_ms,0.4043,
frame_ms,0.3987,
frame_ms,0.406,
frame_ms,0.4472,
frame_ms,0.5045,
frame_ms,0.4681,
frame_ms,0.4592,
frame_ms,0.4815,
frame_ms,0.5536,
frame_ms,0.4028,
frame_ms,0.3973,
frame_ms,0.4067,
frame_ms,0.3957,
frame_ms,0.3947,
frame_ms,0.4592,
frame_ms,0.4161,
frame_ms,0.4454,
frame_ms,0.4051,
frame_ms,0.4001,
frame_ms,0.3908,
frame_ms,0.3905,
frame_ms,0.4378,
frame_ms,0.4538,
frame_ms,0.4514,
frame_ms,0.4388,
frame_ms,0.4183,
frame_ms,0.4053,
frame_ms,0.4048,
frame_ms,0.3981,
frame_ms,0.3986,
frame_ms,0.4084,
frame_ms,0.4159,
frame_ms,0.4073,
frame_ms,0.3977,
frame_ms,0.3955,
frame_ms,0.4184,
frame_ms,0.4182,
frame_ms,0.4187,
frame_ms,0.4075,
frame_ms,0.4338,
frame_ms,0.4096,
frame_ms,0.392,
frame_ms,0.3954,
frame_ms,0.4112,
frame_ms,0.399,
frame_ms,0.4263,
frame_ms,0.4159,
frame_ms,0.405,
frame_ms,0.3987,
frame_ms,0.4073,
frame_ms,0.4043,
frame_ms,0.3949,
frame_ms,0.3984,
frame_ms,0.5431,
frame_ms,0.5247,
frame_ms,0.439,
frame_ms,0.4607,
frame_ms,0.4038,
frame_ms,0.5145,
frame_ms,0.4969,
frame_ms,0.4561,
frame_ms,0.4183,
frame_ms,0.4942,
frame_ms,0.446,
frame_ms,0.4348,
frame_ms,0.4126,
frame_ms,0.4025,
frame_ms,0.4277,
frame_ms,0.3988,
frame_ms,0.3984,
frame_ms,0.3962,
frame_ms,0.3932,
frame_ms,0.5042,
frame_ms,0.4131,
frame_ms,0.4088,
frame_ms,0.4094,
frame_ms,0.4225,
frame_ms,0.3912,
frame_ms,0.3895,
frame_ms,0.3986,
frame_ms,0.385,
frame_ms,0.3955,
frame_ms,0.3968,
frame_ms,0.3895,
frame_ms,0.4025,
frame_ms,0.4092,
frame_ms,0.3985,
frame_ms,0.3845,
frame_ms,0.381,
frame_ms,0.4103,
frame_ms,0.3873,
frame_ms,0.4056,
frame_ms,0.4827,
frame_ms,0.583,
frame_ms,0.5281,
frame_ms,0.8829,
frame_ms,0.4744,
frame_ms,0.4205,
frame_ms,0.449,
frame_ms,0.4016,
frame_ms,0.4277,
frame_ms,0.4235,
frame_ms,0.3996,
frame_ms,0.3998,
frame_ms,0.4359,
frame_ms,0.3891,
frame_ms,0.3879,
frame_ms,0.393,
frame_ms,0.3867,
frame_ms,0.3918,
frame_ms,0.3879,
frame_ms,0.422,
frame_ms,0.399,
frame_ms,0.4018,
frame_ms,0.4283,
frame_ms,0.4029,
frame_ms,0.3845,
frame_ms,0.3864,
frame_ms,0.3881,
frame_ms,0.4001,
frame_ms,0.3859,
frame_ms,0.4284,
frame_ms,0.3957,
frame_ms,0.4006,
frame_ms,0.4337,
frame_ms,0.4095,
frame_ms,0.3865,
frame_ms,0.3861,
frame_ms,0.4126,
frame_ms,0.393,
frame_ms,0.3859,
frame_ms,0.4989,
frame_ms,0.666,
frame_ms,0.5518,
frame_ms,0.5254,
frame_ms,0.4493,
frame_ms,0.4203,
frame_ms,0.4327,
frame_ms,0.4067,
frame_ms,0.4181,
frame_ms,0.4111,
frame_ms,0.4141,
frame_ms,0.4047,
frame_ms,0.4334,
frame_ms,0.3977,
frame_ms,0.4159,
frame_ms,0.3949,
frame_ms,0.395,
frame_ms,0.4135,
frame_ms,0.3943,
frame_ms,0.3996,
frame_ms,0.4202,
frame_ms,0.3995,
frame_ms,0.4678,
frame_ms,0.4028,
frame_ms,0.392,
frame_ms,0.3896,
frame_ms,0.39,
frame_ms,0.4013,
frame_ms,0.3839,
frame_ms,0.3958,
frame_ms,0.4083,
frame_ms,0.444,
frame_ms,0.4073,
frame_ms,0.3993,
frame_ms,0.3831,
frame_ms,0.399,
frame_ms,0.3884,
frame_ms,0.3929,
frame_ms,0.3883,
frame_ms,0.3936,
frame_ms,0.5725,
frame_ms,0.5419,
frame_ms,0.437,
frame_ms,0.5156,
frame_ms,0.4284,
frame_ms,0.3925,
frame_ms,0.3896,
frame_ms,0.3938,
frame_ms,0.3878,
frame_ms,0.4807,
frame_ms,0.4902,
frame_ms,0.4239,
frame_ms,0.4117,
frame_ms,0.4435,
frame_ms,0.5124,
frame_ms,0.422,
frame_ms,0.3884,
frame_ms,0.3973,
frame_ms,0.3898,
frame_ms,0.3887,
frame_ms,0.3981,
frame_ms,0.405,
frame_ms,0.4168,
frame_ms,0.3842,
frame_ms,0.3812,
frame_ms,0.3809,
frame_ms,0.3847,
frame_ms,0.3907,
frame_ms,0.3902,
frame_ms,0.4453,
frame_ms,0.5724,
frame_ms,0.4154,
frame_ms,0.4403,
frame_ms,0.4008,
frame_ms,0.5803,
frame_ms,0.4554,
frame_ms,0.3999,
frame_ms,0.3897,
frame_ms,0.4958,
frame_ms,0.5771,
frame_ms,0.6174,
frame_ms,0.4935,
frame_ms,0.4122,
frame_ms,0.3905,
frame_ms,0.3863,
frame_ms,0.3886,
frame_ms,0.423,
frame_ms,0.4244,
frame_ms,0.4031,
frame_ms,0.4325,
frame_ms,0.4132,
frame_ms,0.4161,
frame_ms,0.3886,
frame_ms,0.3877,
frame_ms,0.386,
frame_ms,0.3914,
frame_ms,0.3895,
frame_ms,0.3856,
frame_ms,0.5073,
frame_ms,0.4664,
frame_ms,0.434,
frame_ms,0.506,
frame_ms,0.5037,
frame_ms,0.4166,
frame_ms,0.449,
frame_ms,0.4239,
frame_ms,0.3972,
frame_ms,0.4854,
frame_ms,0.4844,
frame_ms,0.4379,
frame_ms,0.5879,
frame_ms,0.4476,
frame_ms,0.4106,
frame_ms,0.3956,
frame_ms,0.4037,
frame_ms,0.3956,
frame_ms,0.4117,
frame_ms,0.4993,
frame_ms,0.4448,
frame_ms,0.5029,
frame_ms,0.559,
frame_ms,0.4238,
frame_ms,0.4113,
frame_ms,0.4132,
frame_ms,0.4058,
frame_ms,0.4854,
frame_ms,0.4814,
frame_ms,0.4334,
frame_ms,0.4205,
frame_ms,0.4932,
frame_ms,0.5599,
frame_ms,0.4018,
frame_ms,0.394,
frame_ms,0.4039,
frame_ms,0.4079,
frame_ms,0.4236,
frame_ms,0.4032,
frame_ms,0.4315,
frame_ms,0.4159,
frame_ms,0.438,
frame_ms,0.4095,
frame_ms,0.3912,
frame_ms,0.3868,
frame_ms,0.4029,
frame_ms,0.3882,
frame_ms,0.4028,
frame_ms,0.4217,
frame_ms,0.4462,
frame_ms,0.4244,
frame_ms,0.4118,
frame_ms,0.3999,
frame_ms,0.3881,
frame_ms,0.4477,
frame_ms,0.3946,
frame_ms,0.3887,
frame_ms,0.6189,
frame_ms,0.5641,
frame_ms,0.5223,
frame_ms,0.4814,
frame_ms,0.4095,
frame_ms,0.3925,
frame_ms,0.3859,
frame_ms,0.3968,
frame_ms,0.3904,
frame_ms,0.5147,
frame_ms,0.461,
frame_ms,0.423,
frame_ms,0.4594,
frame_ms,0.4798,
frame_ms,0.4102,
frame_ms,0.4081,
frame_ms,0.3982,
frame_ms,0.4074,
frame_ms,0.4423,
frame_ms,0.4088,
frame_ms,0.4206,
frame_ms,0.4274,
frame_ms,0.4016,
frame_ms,0.4039,
frame_ms,0.3943,
frame_ms,0.3924,
frame_ms,0.4035,
frame_ms,0.3985,
frame_ms,0.4046,
frame_ms,0.5603,
frame_ms,0.4517,
frame_ms,0.4304,
frame_ms,0.4149,
frame_ms,0.4027,
frame_ms,0.3868,
frame_ms,0.3883,
frame_ms,0.3951,
frame_ms,0.3933,
frame_ms,0.4109,
frame_ms,0.6616,
frame_ms,0.6178,
frame_ms,0.5252,
frame_ms,0.4124,
frame_ms,0.3918,
frame_ms,0.4203,
frame_ms,0.4024,
frame_ms,0.4151,
frame_ms,0.4401,
frame_ms,0.4217,
frame_ms,0.4138,
frame_ms,0.4057,
frame_ms,0.3925,
frame_ms,0.442,
frame_ms,0.3964,
frame_ms,0.3866,
frame_ms,0.4053,
frame_ms,0.3874,
frame_ms,0.4176,
frame_ms,0.4926,
frame_ms,0.56,
frame_ms,0.5448,
frame_ms,0.4092,
frame_ms,0.3882,
frame_ms,0.387,
frame_ms,0.6036,
frame_ms,0.5123,
frame_ms,0.4458,
frame_ms,0.4204,
frame_ms,0.4519,
frame_ms,0.4074,
frame_ms,0.3986,
frame_ms,0.3905,
frame_ms,0.3916,
frame_ms,0.3998,
frame_ms,0.3925,
frame_ms,0.3898,
frame_ms,0.5555,
frame_ms,0.4893,
frame_ms,0.4239,
frame_ms,0.4152,
frame_ms,0.545,
frame_ms,0.429,
frame_ms,0.4023,
frame_ms,0.3962,
frame_ms,0.421,
frame_ms,0.5138,
frame_ms,0.4915,
frame_ms,0.6653,
frame_ms,0.5006,
frame_ms,0.411,
frame_ms,0.3985,
frame_ms,0.4429,
frame_ms,0.4007,
frame_ms,0.4738,
frame_ms,0.4856,
frame_ms,0.415,
frame_ms,0.3999,
frame_ms,0.4309,
frame_ms,0.3925,
frame_ms,0.4116,
frame_ms,0.476,
frame_ms,0.4189,
frame_ms,0.4064,
frame_ms,0.3955,
frame_ms,0.4423,
frame_ms,0.432,
frame_ms,0.4025,
frame_ms,0.4381,
frame_ms,0.4025,
frame_ms,0.5232,
frame_ms,0.4186,
frame_ms,0.3999,
frame_ms,0.3949,
frame_ms,0.4044,
frame_ms,0.5247,
frame_ms,0.4976,
frame_ms,0.4295,
frame_ms,0.4551,
frame_ms,0.4477,
frame_ms,0.406,
frame_ms,0.407,
frame_ms,0.4357,
frame_ms,0.4022,
frame_ms,0.4984,
frame_ms,0.4863,
frame_ms,0.4374,
frame_ms,0.4293,
frame_ms,0.4671,
frame_ms,0.428,
frame_ms,0.4095,
frame_ms,0.3915,
frame_ms,0.3963,
frame_ms,0.4066,
frame_ms,0.5084,
frame_ms,0.4099,
frame_ms,0.5969,
frame_ms,0.4795,
frame_ms,0.4203,
frame_ms,0.3952,
frame_ms,0.5115,
frame_ms,0.4009,
frame_ms,0.4012,
frame_ms,0.5014,
frame_ms,0.4212,
frame_ms,0.4578,
frame_ms,0.4265,
frame_ms,0.5153,
frame_ms,0.4065,
frame_ms,0.4025,
frame_ms,0.4011,
frame_ms,0.4046,
frame_ms,0.4114,
frame_ms,0.3995,
frame_ms,0.4302,
frame_ms,0.4083,
frame_ms,0.461,
frame_ms,0.4099,
frame_ms,0.4059,
frame_ms,0.3893,
frame_ms,0.3926,
frame_ms,0.4007,
frame_ms,0.4053,
frame_ms,0.5302,
frame_ms,0.4741,
frame_ms,0.4264,
frame_ms,0.4919,
frame_ms,0.5548,
frame_ms,0.4063,
frame_ms,0.3906,
frame_ms,0.3966,
frame_ms,0.3885,
frame_ms,0.5294,
frame_ms,0.443,
frame_ms,0.4662,
frame_ms,0.4578,
frame_ms,0.5388,
frame_ms,0.4049,
frame_ms,0.4069,
frame_ms,0.408,
frame_ms,0.3941,
frame_ms,0.4448,
frame_ms,0.4375,
frame_ms,0.4179,
frame_ms,0.4111,
frame_ms,0.4955,
frame_ms,0.3989,
frame_ms,0.3938,
frame_ms,0.4337,
frame_ms,0.3969,
frame_ms,0.4632,
frame_ms,0.4205,
frame_ms,0.3989,
frame_ms,0.4009,
frame_ms,0.4004,
frame_ms,0.4101,
frame_ms,0.3873,
frame_ms,0.3861,
frame_ms,0.3885,
frame_ms,0.4079,
frame_ms,0.4059,
frame_ms,0.4646,
frame_ms,0.4249,
frame_ms,0.4331,
frame_ms,0.4558,
frame_ms,0.438,
frame_ms,0.3947,
frame_ms,0.3903,
frame_ms,0.3896,
frame_ms,0.4119,
frame_ms,0.5547,
frame_ms,0.5546,
frame_ms,0.4706,
frame_ms,0.4291,
frame_ms,0.4821,
frame_ms,0.4358,
frame_ms,0.3978,
frame_ms,0.4017,
frame_ms,0.4031,
frame_ms,0.3937,
frame_ms,0.4485,
frame_ms,0.4362,
frame_ms,0.4068,
frame_ms,0.4179,
frame_ms,0.4285,
frame_ms,0.3918,
frame_ms,0.3871,
frame_ms,0.3867,
frame_ms,0.3953,
frame_ms,0.3919,
frame_ms,0.4729,
frame_ms,0.4362,
frame_ms,0.3971,
frame_ms,0.4026,
frame_ms,0.389,
frame_ms,0.3854,
frame_ms,0.3867,
frame_ms,0.4254,
frame_ms,0.3972,
frame_ms,0.3926,
frame_ms,0.3968,
frame_ms,0.5341,
frame_ms,0.4383,
frame_ms,0.4198,
frame_ms,0.4203,
frame_ms,0.5409,
frame_ms,0.4953,
frame_ms,0.4826,
frame_ms,0.4791,
frame_ms,0.4459,
frame_ms,0.4277,
frame_ms,0.4633,
frame_ms,0.4233,
frame_ms,0.5914,
frame_ms,0.4082,
frame_ms,0.4095,
frame_ms,0.395,
frame_ms,0.4015,
frame_ms,0.4001,
frame_ms,0.4806,
frame_ms,0.4895,
frame_ms,0.4749,
frame_ms,0.4315,
frame_ms,0.431,
frame_ms,0.4303,
frame_ms,0.4203,
frame_ms,0.4203,
frame_ms,0.4124,
frame_ms,0.5331,
frame_ms,0.5549,
frame_ms,0.5576,
frame_ms,0.5591,
frame_ms,0.567,
frame_ms,0.515,
frame_ms,0.5093,
frame_ms,0.5061,
frame_ms,0.716,
frame_ms,0.5013,
frame_ms,0.4653,
frame_ms,0.409,
frame_ms,0.4799,
frame_ms,0.5472,
frame_ms,0.4034,
frame_ms,0.3983,
frame_ms,0.4029,
frame_ms,0.5126,
frame_ms,0.4435,
frame_ms,0.4279,
frame_ms,0.4577,
frame_ms,0.4606,
frame_ms,0.4131,
frame_ms,0.4004,
frame_ms,0.3905,
frame_ms,0.4013,
frame_ms,0.4129,
frame_ms,0.4291,
frame_ms,0.4475,
frame_ms,0.413,
frame_ms,0.4497,
frame_ms,0.3966,
frame_ms,0.3937,
frame_ms,0.3871,
frame_ms,0.4001,
frame_ms,0.3906,
frame_ms,0.4093,
frame_ms,0.3854,
frame_ms,0.4133,
frame_ms,0.4208,
frame_ms,0.4141,
frame_ms,0.412,
frame_ms,0.3853,
frame_ms,0.4005,
frame_ms,0.3979,
frame_ms,0.3948,
frame_ms,0.674,
frame_ms,0.5037,
frame_ms,0.478,
frame_ms,0.443,
frame_ms,0.4099,
frame_ms,0.3949,
frame_ms,0.4022,
frame_ms,0.3918,
frame_ms,0.3895,
frame_ms,0.3991,
frame_ms,0.4702,
frame_ms,0.4562,
frame_ms,0.4269,
frame_ms,0.4247,
frame_ms,0.5085,
frame_ms,0.5527,
frame_ms,0.4952,
frame_ms,0.4054,
frame_ms,0.3965,
frame_ms,0.4873,
frame_ms,0.4653,
frame_ms,0.431,
frame_ms,0.7829,
frame_ms,0.417,
frame_ms,0.3978,
frame_ms,0.3937,
frame_ms,0.4039,
frame_ms,0.3919,
frame_ms,0.502,
frame_ms,0.4837,
frame_ms,0.4937,
frame_ms,0.4852,
frame_ms,0.4877,
frame_ms,0.4267,
frame_ms,0.4004,
frame_ms,0.392,
frame_ms,0.411,
frame_ms,0.4712,
frame_ms,0.5163,
frame_ms,0.4846,
frame_ms,0.4322,
frame_ms,0.4179,
frame_ms,0.4474,
frame_ms,0.4481,
frame_ms,0.4093,
frame_ms,0.4064,
frame_ms,0.4036,
frame_ms,0.5692,
frame_ms,0.4508,
frame_ms,0.4342,
frame_ms,0.4584,
frame_ms,0.4489,
frame_ms,0.4224,
frame_ms,0.4129,
frame_ms,0.4098,
frame_ms,0.4954,
frame_ms,0.5273,
frame_ms,0.6784,
frame_ms,0.5506,
frame_ms,0.5563,
frame_ms,0.5073,
frame_ms,0.4503,
frame_ms,0.4066,
frame_ms,0.3994,
frame_ms,0.8522,
frame_ms,0.7765,
frame_ms,0.5487,
frame_ms,0.5337,
frame_ms,0.5577,
frame_ms,0.5129,
frame_ms,0.5611,
frame_ms,0.5232,
frame_ms,0.4935,
frame_ms,0.5221,
frame_ms,0.4504,
frame_ms,0.4227,
frame_ms,0.41,
frame_ms,0.4259,
frame_ms,0.4059,
frame_ms,0.4293,
frame_ms,0.4209,
frame_ms,0.4143,
frame_ms,0.4381,
frame_ms,0.4331,
frame_ms,0.4833,
frame_ms,0.413,
frame_ms,0.4024,
frame_ms,0.403,
frame_ms,0.4065,
frame_ms,0.3954,
frame_ms,0.5634,
frame_ms,0.4657,
frame_ms,0.4349,
frame_ms,0.4908,
frame_ms,0.5187,
frame_ms,0.4014,
frame_ms,0.3954,
frame_ms,0.5085,
frame_ms,0.4487,
frame_ms,0.4853,
frame_ms,0.4348,
frame_ms,0.4436,
frame_ms,0.461,
frame_ms,0.4294,
frame_ms,0.4142,
frame_ms,0.4632,
frame_ms,0.4179,
frame_ms,0.4951,
frame_ms,0.4835,
frame_ms,0.4592,
frame_ms,0.5409,
frame_ms,0.463,
frame_ms,0.6774,
frame_ms,0.4249,
frame_ms,0.4235,
frame_ms,0.4298,
frame_ms,0.4232,
frame_ms,0.6456,
frame_ms,0.632,
frame_ms,0.5949,
frame_ms,0.5149,
frame_ms,0.5112,
frame_ms,0.5028,
frame_ms,0.5094,
frame_ms,0.5709,
frame_ms,0.4771,
frame_ms,0.4746,
frame_ms,0.4108,
frame_ms,0.4149,
frame_ms,0.4143,
frame_ms,0.4101,
frame_ms,0.3959,
frame_ms,0.3919,
frame_ms,0.4777,
frame_ms,0.4582,
frame_ms,0.4512,
frame_ms,0.4099,
frame_ms,0.4398,
frame_ms,0.4135,
frame_ms,0.3973,
frame_ms,0.3879,
frame_ms,0.3868,
frame_ms,0.4082,
frame_ms,0.4534,
frame_ms,0.5041,
frame_ms,0.4517,
frame_ms,0.4236,
frame_ms,0.4754,
frame_ms,0.4319,
frame_ms,0.4382,
frame_ms,0.3964,
frame_ms,0.4153,
frame_ms,0.3991,
frame_ms,0.5803,
frame_ms,0.5405,
frame_ms,0.5472,
frame_ms,0.6336,
frame_ms,0.5122,
frame_ms,0.5035,
frame_ms,0.5108,
frame_ms,0.623,
frame_ms,0.4923,
frame_ms,0.6986,
frame_ms,0.484,
frame_ms,0.4156,
frame_ms,0.4076,
frame_ms,0.394,
frame_ms,0.4252,
frame_ms,0.3927,
frame_ms,0.423,
frame_ms,0.4685,
frame_ms,0.4402,
frame_ms,0.4068,
frame_ms,0.4065,
frame_ms,0.4027,
frame_ms,0.4042,
frame_ms,0.3966,
frame_ms,0.3983,
frame_ms,0.4104,
frame_ms,0.5241,
frame_ms,0.4904,
frame_ms,0.4498,
frame_ms,0.4449,
frame_ms,0.5062,
frame_ms,0.4198,
frame_ms,0.4043,
frame_ms,0.4025,
frame_ms,0.4063,
frame_ms,0.3958,
frame_ms,0.4143,
frame_ms,0.4089,
frame_ms,0.4262,
frame_ms,0.435,
frame_ms,0.4013,
frame_ms,0.4048,
frame_ms,0.4237,
frame_ms,0.5291,
frame_ms,0.459,
frame_ms,0.481,
frame_ms,0.486,
frame_ms,0.4963,
frame_ms,0.4622,
frame_ms,0.4874,
frame_ms,0.4074,
frame_ms,0.4171,
frame_ms,0.4035,
frame_ms,0.4099,
frame_ms,0.5022,
frame_ms,0.4473,
frame_ms,0.4415,
frame_ms,0.4512,
frame_ms,0.4011,
frame_ms,0.3939,
frame_ms,0.3951,
frame_ms,0.4016,
frame_ms,0.4003,
frame_ms,0.3951,
frame_ms,0.4594,
frame_ms,0.492,
frame_ms,0.4775,
frame_ms,0.4286,
frame_ms,0.4957,
frame_ms,0.5872,
frame_ms,0.4071,
frame_ms,0.4031,
frame_ms,0.5011,
frame_ms,0.4587,
frame_ms,0.42,
frame_ms,0.4283,
frame_ms,0.4203,
frame_ms,0.4174,
frame_ms,0.6404,
frame_ms,0.5743,
frame_ms,0.5842,
frame_ms,0.4349,
frame_ms,0.4086,
frame_ms,0.4102,
frame_ms,0.4377,
frame_ms,0.4248,
frame_ms,0.4878,
frame_ms,0.4722,
frame_ms,0.4546,
frame_ms,0.4401,
frame_ms,0.4269,
frame_ms,0.472,
frame_ms,0.4342,
frame_ms,0.429,
frame_ms,0.4193,
frame_ms,0.4236,
frame_ms,0.3972,
frame_ms,0.3928,
frame_ms,0.3939,
frame_ms,0.4011,
frame_ms,0.3938,
frame_ms,0.4001,
frame_ms,0.3939,
frame_ms,0.4149,
frame_ms,0.4237,
frame_ms,0.4382,
frame_ms,0.3898,
frame_ms,0.4069,
frame_ms,0.3958,
frame_ms,0.4033,
frame_ms,0.4113,
frame_ms,0.418,
frame_ms,0.4017,
frame_ms,0.4064,
frame_ms,0.4139,
frame_ms,0.6221,
frame_ms,0.4379,
frame_ms,0.3965,
frame_ms,0.4002,
frame_ms,0.4251,
frame_ms,0.4007,
frame_ms,0.622,
frame_ms,0.5914,
frame_ms,0.5553,
frame_ms,0.6267,
frame_ms,0.5195,
frame_ms,0.505,
frame_ms,0.5218,
frame_ms,0.6552,
frame_ms,0.4758,
frame_ms,0.4426,
frame_ms,0.4258,
frame_ms,0.5433,
frame_ms,0.4086,
frame_ms,0.4353,
frame_ms,0.3937,
frame_ms,0.4042,
frame_ms,0.4406,
frame_ms,0.5112,
frame_ms,0.4455,
frame_ms,0.4183,
frame_ms,0.4659,
frame_ms,0.4163,
frame_ms,0.395,
frame_ms,0.3868,
frame_ms,0.3922,
frame_ms,0.3893,
frame_ms,1.0127,
frame_ms,0.76,
frame_ms,0.4752,
frame_ms,0.3969,
frame_ms,0.3929,
frame_ms,0.4012,
frame_ms,0.3861,
frame_ms,0.3843,
frame_ms,0.4642,
frame_ms,0.4551,
frame_ms,0.4219,
frame_ms,0.4116,
frame_ms,0.4368,
frame_ms,0.4003,
frame_ms,0.3979,
frame_ms,0.4089,
frame_ms,0.3944,
frame_ms,0.403,
frame_ms,0.4769,
frame_ms,0.4314,
frame_ms,0.4039,
frame_ms,0.4126,
frame_ms,0.4062,
frame_ms,0.3951,
frame_ms,0.3852,
frame_ms,0.3845,
frame_ms,0.3835,
frame_ms,0.3932,
frame_ms,0.4192,
frame_ms,0.4088,
frame_ms,0.412,
frame_ms,0.4018,
frame_ms,0.4029,
frame_ms,0.3824,
frame_ms,0.3821,
frame_ms,0.6297,
frame_ms,0.521,
frame_ms,0.4489,
frame_ms,0.6372,
frame_ms,0.4636,
frame_ms,0.4081,
frame_ms,0.473,
frame_ms,0.3915,
frame_ms,0.385,
frame_ms,0.3811,
frame_ms,0.3768,
frame_ms,0.3801,
frame_ms,0.3963,
frame_ms,0.3879,
frame_ms,0.3933,
frame_ms,0.3925,
frame_ms,0.4278,
frame_ms,0.3926,
frame_ms,0.4043,
frame_ms,0.3819,
frame_ms,0.383,
frame_ms,0.3934,
frame_ms,0.39,
frame_ms,0.5558,
frame_ms,0.4364,
frame_ms,0.4283,
frame_ms,0.4622,
frame_ms,0.4902,
frame_ms,0.3966,
frame_ms,0.3888,
frame_ms,0.387,
frame_ms,0.3939,
frame_ms,0.4372,
frame_ms,0.4634,
frame_ms,0.4226,
frame_ms,0.3926,
frame_ms,0.7114,
frame_ms,0.5667,
frame_ms,0.4285,
frame_ms,0.5599,
frame_ms,0.5995,
frame_ms,0.5199,
frame_ms,0.4365,
frame_ms,0.4312,
frame_ms,0.4106,
frame_ms,0.4134,
frame_ms,0.393,
frame_ms,0.4445,
frame_ms,0.393,
frame_ms,0.4735,
frame_ms,0.4854,
frame_ms,0.483,
frame_ms,0.4484,
frame_ms,0.4211,
frame_ms,0.5064,
frame_ms,0.4175,
frame_ms,0.4096,
frame_ms,0.3993,
frame_ms,0.4057,
frame_ms,0.3941,
frame_ms,0.5418,
frame_ms,0.4464,
frame_ms,0.4213,
frame_ms,0.4692,
frame_ms,0.4565,
frame_ms,0.4042,
frame_ms,0.4059,
frame_ms,0.4051,
frame_ms,0.3965,
frame_ms,0.4346,
frame_ms,0.4817,
frame_ms,0.5131,
frame_ms,0.4479,
frame_ms,0.4198,
frame_ms,0.5151,
frame_ms,0.4255,
frame_ms,0.3937,
frame_ms,0.3905,
frame_ms,0.4632,
frame_ms,0.4154,
frame_ms,0.4041,
frame_ms,0.4058,
frame_ms,0.42,
frame_ms,0.4199,
frame_ms,0.4097,
frame_ms,0.387,
frame_ms,0.3837,
frame_ms,0.3853,
frame_ms,0.3937,
frame_ms,0.639,
frame_ms,0.5701,
frame_ms,0.5135,
frame_ms,0.5004,
frame_ms,0.4015,
frame_ms,0.4285,
frame_ms,0.3921,
frame_ms,0.3985,
frame_ms,0.3845,
frame_ms,0.7419,
frame_ms,0.4185,
frame_ms,0.4033,
frame_ms,0.421,
frame_ms,0.3943,
frame_ms,0.3981,
frame_ms,0.3881,
frame_ms,0.6446,
frame_ms,0.4403,
frame_ms,0.412,
frame_ms,0.4282,
frame_ms,0.4027,
frame_ms,0.4479,
frame_ms,0.4095,
frame_ms,0.396,
frame_ms,0.3894,
frame_ms,0.3866,
frame_ms,0.406,
frame_ms,0.3867,
frame_ms,0.3975,
frame_ms,0.4691,
frame_ms,0.4114,
frame_ms,0.3977,
frame_ms,0.3871,
frame_ms,0.3836,
frame_ms,0.3884,
frame_ms,0.3942,
frame_ms,0.3953,
frame_ms,0.3836,
frame_ms,0.5293,
frame_ms,0.4531,
frame_ms,0.4346,
frame_ms,0.4165,
frame_ms,0.5727,
frame_ms,0.4062,
frame_ms,0.4017,
frame_ms,0.3939,
frame_ms,0.4188,
frame_ms,0.5143,
frame_ms,0.5448,
frame_ms,0.4348,
frame_ms,0.4205,
frame_ms,0.5379,
frame_ms,0.9447,
frame_ms,0.4777,
frame_ms,0.4054,
frame_ms,0.4975,
frame_ms,0.4345,
frame_ms,0.4166,
frame_ms,0.3943,
frame_ms,0.476,
frame_ms,0.5901,
frame_ms,0.402,
frame_ms,0.3946,
frame_ms,0.4058,
frame_ms,0.411,
frame_ms,0.3972,
frame_ms,0.3999,
frame_ms,0.4005,
frame_ms,0.4558,
frame_ms,0.4038,
frame_ms,0.3935,
frame_ms,0.3906,
frame_ms,0.3911,
frame_ms,0.3999,
frame_ms,0.3951,
frame_ms,0.5006,
frame_ms,0.4248,
frame_ms,0.4198,
frame_ms,0.4091,
frame_ms,0.5255,
frame_ms,0.4149,
frame_ms,0.4024,
frame_ms,0.3961,
frame_ms,0.4199,
frame_ms,0.5163,
frame_ms,0.499,
frame_ms,0.4822,
frame_ms,0.432,
frame_ms,0.4225,
frame_ms,0.4113,
frame_ms,0.4008,
frame_ms,0.4077,
frame_ms,0.3906,
frame_ms,0.389,
frame_ms,0.4825,
frame_ms,0.4846,
frame_ms,0.423,
frame_ms,0.4172,
frame_ms,0.5203,
frame_ms,0.4044,
frame_ms,0.4303,
frame_ms,0.3959,
frame_ms,0.426,
frame_ms,0.4649,
frame_ms,0.478,
frame_ms,0.4313,
frame_ms,0.419,
frame_ms,0.4674,
frame_ms,0.5088,
frame_ms,0.3968,
frame_ms,0.3875,
frame_ms,0.3986,
frame_ms,0.3948,
frame_ms,0.4888,
frame_ms,0.4824,
frame_ms,0.4221,
frame_ms,0.4554,
frame_ms,0.3944,
frame_ms,0.3999,
frame_ms,0.393,
frame_ms,0.392,
frame_ms,0.6453,
frame_ms,0.7266,
frame_ms,0.6442,
frame_ms,0.5779,
frame_ms,0.4297,
frame_ms,0.4249,
frame_ms,0.4039,
frame_ms,0.4102,
frame_ms,0.4043,
frame_ms,0.4939,
frame_ms,0.5257,
frame_ms,0.4724,
frame_ms,0.4227,
frame_ms,0.4169,
frame_ms,0.4142,
frame_ms,0.407,
frame_ms,0.5277,
frame_ms,0.4523,
frame_ms,0.427,
frame_ms,0.4479,
frame_ms,0.4268,
frame_ms,0.4052,
frame_ms,0.4055,
frame_ms,0.4269,
frame_ms,0.4136,
frame_ms,0.4251,
frame_ms,0.3916,
frame_ms,0.3875,
frame_ms,0.3882,
frame_ms,0.6378,
frame_ms,0.5582,
frame_ms,0.6068,
frame_ms,0.4491,
frame_ms,0.4102,
frame_ms,0.4166,
frame_ms,0.4173,
frame_ms,0.3969,
frame_ms,0.4808,
frame_ms,0.5303,
frame_ms,0.446,
frame_ms,0.4625,
frame_ms,0.4594,
frame_ms,0.416,
frame_ms,0.4011,
frame_ms,0.3984,
frame_ms,0.4039,
frame_ms,0.4063,
frame_ms,0.4849,
frame_ms,0.4465,
frame_ms,0.4413,
frame_ms,0.4249,
frame_ms,0.4168,
frame_ms,0.412,
frame_ms,0.4903,
frame_ms,0.4039,
frame_ms,0.398,
frame_ms,0.5589,
frame_ms,0.7313,
frame_ms,0.5531,
frame_ms,0.4884,
frame_ms,0.4283,
frame_ms,0.3917,
frame_ms,0.3946,
frame_ms,0.3991,
frame_ms,0.3909,
frame_ms,0.4734,
frame_ms,0.432,
frame_ms,0.6045,
frame_ms,0.4545,
frame_ms,0.4064,
frame_ms,0.3938,
frame_ms,0.4374,
frame_ms,0.3957,
frame_ms,0.3933,
frame_ms,0.4537,
frame_ms,0.4388,
frame_ms,0.4389,
frame_ms,0.4015,
frame_ms,0.3943,
frame_ms,0.3908,
frame_ms,0.3911,
frame_ms,0.4021,
frame_ms,0.3921,
frame_ms,0.4141,
frame_ms,0.4308,
frame_ms,0.4305,
frame_ms,0.3984,
frame_ms,0.4268,
frame_ms,0.4331,
frame_ms,0.4135,
frame_ms,0.394,
frame_ms,0.3887,
frame_ms,0.3866,
frame_ms,0.385,
frame_ms,0.3833,
frame_ms,0.4089,
frame_ms,0.3931,
frame_ms,0.3947,
frame_ms,0.431,
frame_ms,0.3882,
frame_ms,0.3939,
frame_ms,0.4026,
frame_ms,0.3936,
frame_ms,0.3888,
frame_ms,0.3867,
frame_ms,0.6367,
frame_ms,0.5186,
frame_ms,0.5532,
frame_ms,0.4448,
frame_ms,0.4141,
frame_ms,0.424,
frame_ms,0.4099,
frame_ms,0.4191,
frame_ms,0.4109,
frame_ms,0.4704,
frame_ms,0.4514,
frame_ms,0.4192,
frame_ms,0.4152,
frame_ms,0.4139,
frame_ms,0.4261,
frame_ms,0.4005,
frame_ms,0.437,
frame_ms,0.4007,
frame_ms,0.4052,
frame_ms,0.4749,
frame_ms,0.4585,
frame_ms,0.4335,
frame_ms,0.4122,
frame_ms,0.5175,
frame_ms,0.4121,
frame_ms,0.4025,
frame_ms,0.3984,
frame_ms,0.4047,
frame_ms,0.4078,
frame_ms,0.5115,
frame_ms,0.48,
frame_ms,0.5517,
frame_ms,0.4563,
frame_ms,0.4365,
frame_ms,0.4003,
frame_ms,0.4115,
frame_ms,0.4258,
frame_ms,0.3926,
frame_ms,0.5281,
frame_ms,0.488,
frame_ms,0.4301,
frame_ms,0.4737,
frame_ms,0.4434,
frame_ms,0.4027,
frame_ms,0.4227,
frame_ms,0.4035,
frame_ms,0.3901,
frame_ms,0.5697,
frame_ms,0.5087,
frame_ms,0.4311,
frame_ms,0.4106,
frame_ms,0.3911,
frame_ms,0.398,
frame_ms,0.3894,
frame_ms,0.383,
frame_ms,0.3841,
frame_ms,0.3848,
frame_ms,0.4812,
frame_ms,0.4391,
frame_ms,0.4103,
frame_ms,0.4105,
frame_ms,0.4276,
frame_ms,0.4043,
frame_ms,0.3963,
frame_ms,0.4259,
frame_ms,0.395,
frame_ms,0.4013,
frame_ms,0.5445,
frame_ms,0.6427,
frame_ms,0.5738,
frame_ms,0.4879,
frame_ms,0.402,
frame_ms,0.5744,
frame_ms,0.4927,
frame_ms,0.4411,
frame_ms,0.4107,
frame_ms,0.4317,
frame_ms,0.4334,
frame_ms,0.4485,
frame_ms,0.4132,
frame_ms,0.3974,
frame_ms,0.3869,
frame_ms,0.4006,
frame_ms,0.4064,
frame_ms,0.3918,
frame_ms,0.4687,
frame_ms,0.4837,
frame_ms,0.4425,
frame_ms,0.431,
frame_ms,0.5455,
frame_ms,0.4199,
frame_ms,0.4072,
frame_ms,0.3978,
frame_ms,0.4276,
frame_ms,0.5162,
frame_ms,0.4811,
frame_ms,0.4578,
frame_ms,0.4224,
frame_ms,0.4808,
frame_ms,0.4336,
frame_ms,0.4627,
frame_ms,0.3959,
frame_ms,0.4067,
frame_ms,0.3888,
frame_ms,0.4223,
frame_ms,0.4303,
frame_ms,0.3969,
frame_ms,0.5928,
frame_ms,0.4172,
frame_ms,0.3943,
frame_ms,0.4249,
frame_ms,0.3972,
frame_ms,0.3882,
frame_ms,0.4366,
frame_ms,0.4493,
frame_ms,0.4148,
frame_ms,0.4134,
frame_ms,0.4208,
frame_ms,0.4347,
frame_ms,0.3987,
frame_ms,0.3911,
frame_ms,0.4027,
frame_ms,0.3978,
frame_ms,0.4654,
frame_ms,0.4679,
frame_ms,0.4298,
frame_ms,0.4031,
frame_ms,0.5047,
frame_ms,0.479,
frame_ms,0.434,
frame_ms,0.4173,
frame_ms,0.406,
frame_ms,0.3907,
frame_ms,0.4205,
frame_ms,0.414,
frame_ms,0.3994,
frame_ms,0.4145,
frame_ms,0.3963,
frame_ms,0.4057,
frame_ms,0.3822,
frame_ms,0.3858,
frame_ms,0.4078,
frame_ms,0.3867,
frame_ms,0.4718,
frame_ms,0.7457,
frame_ms,0.5908,
frame_ms,0.4164,
frame_ms,0.4012,
frame_ms,0.3958,
frame_ms,0.4147,
frame_ms,0.3936,
frame_ms,0.3909,
frame_ms,0.3992,
frame_ms,0.419,
frame_ms,0.433,
frame_ms,0.4386,
frame_ms,0.3994,
frame_ms,0.3914,
frame_ms,0.3923,
frame_ms,0.454,
frame_ms,0.3926,
frame_ms,0.3929,
frame_ms,0.4374,
frame_ms,0.4659,
frame_ms,0.4184,
frame_ms,0.4038,
frame_ms,0.4928,
frame_ms,0.5129,
frame_ms,0.3969,
frame_ms,0.4561,
frame_ms,0.4057,
frame_ms,0.3931,
frame_ms,0.4621,
frame_ms,0.4192,
frame_ms,0.4021,
frame_ms,0.4438,
frame_ms,0.4398,
frame_ms,0.3905,
frame_ms,0.3876,
frame_ms,0.3862,
frame_ms,0.3865,
frame_ms,0.4795,
frame_ms,0.5268,
frame_ms,0.468,
frame_ms,0.41,
frame_ms,0.4269,
frame_ms,0.4926,
frame_ms,0.4098,
frame_ms,0.4085,
frame_ms,0.4072,
frame_ms,0.4128,
frame_ms,0.5253,
frame_ms,0.4794,
frame_ms,0.4309,
frame_ms,0.4392,
frame_ms,0.4907,
frame_ms,0.4081,
frame_ms,0.4023,
frame_ms,0.4067,
frame_ms,0.4077,
frame_ms,0.3983,
frame_ms,0.5377,
frame_ms,0.4529,
frame_ms,0.4241,
frame_ms,0.4428,
frame_ms,0.4453,
frame_ms,0.4059,
frame_ms,0.4308,
frame_ms,0.409,
frame_ms,0.402,
frame_ms,0.4551,
frame_ms,0.4372,
frame_ms,0.417,
frame_ms,0.4366,
frame_ms,0.4663,
frame_ms,0.4409,
frame_ms,0.5549,
frame_ms,0.4264,
frame_ms,0.4052,
frame_ms,0.41,
frame_ms,0.5521,
frame_ms,0.633,
frame_ms,0.5843,
frame_ms,0.5406,
frame_ms,0.4092,
frame_ms,0.4057,
frame_ms,0.3957,
frame_ms,0.4046,
frame_ms,0.4705,
frame_ms,0.4424,
frame_ms,0.4092,
frame_ms,0.3958,
frame_ms,0.4127,
frame_ms,0.4013,
frame_ms,0.3921,
frame_ms,0.3966,
frame_ms,0.3878,
frame_ms,0.3986,
frame_ms,0.4861,
frame_ms,0.4754,
frame_ms,0.4372,
frame_ms,0.4031,
frame_ms,0.4516,
frame_ms,0.3948,
frame_ms,0.3969,
frame_ms,0.3965,
frame_ms,0.3904,
frame_ms,0.4545,
frame_ms,0.4365,
frame_ms,0.4036,
frame_ms,0.3945,
frame_ms,0.4024,
frame_ms,0.4837,
frame_ms,0.4745,
frame_ms,0.4585,
frame_ms,0.4001,
frame_ms,0.4035,
frame_ms,0.3928,
frame_ms,0.6388,
frame_ms,0.6474,
frame_ms,0.5704,
frame_ms,0.441,
frame_ms,0.3992,
frame_ms,0.4881,
frame_ms,0.4355,
frame_ms,0.4912,
frame_ms,0.4725,
frame_ms,0.462,
frame_ms,0.4232,
frame_ms,0.4692,
frame_ms,0.489,
frame_ms,0.4058,
frame_ms,0.4019,
frame_ms,0.4008,
frame_ms,0.407,
frame_ms,0.4362,
frame_ms,0.5136,
frame_ms,0.4661,
frame_ms,0.4367,
frame_ms,0.4513,
frame_ms,0.5469,
frame_ms,0.407,
frame_ms,0.397,
frame_ms,0.4037,
frame_ms,0.4102,
frame_ms,0.4498,
frame_ms,0.4512,
frame_ms,0.4119,
frame_ms,0.7448,
frame_ms,0.4291,
frame_ms,0.3989,
frame_ms,0.3916,
frame_ms,0.3891,
frame_ms,0.4045,
frame_ms,0.4983,
frame_ms,0.4333,
frame_ms,0.4343,
frame_ms,0.4382,
frame_ms,0.5345,
frame_ms,0.4027,
frame_ms,0.4336,
frame_ms,0.3908,
frame_ms,0.3964,
frame_ms,0.4074,
frame_ms,0.6245,
frame_ms,0.4678,
frame_ms,0.4307,
frame_ms,0.4045,
frame_ms,0.4138,
frame_ms,0.4005,
frame_ms,0.4022,
frame_ms,0.3995,
frame_ms,0.3975,
frame_ms,0.4752,
frame_ms,0.4129,
frame_ms,0.4188,
frame_ms,0.4433,
frame_ms,0.5334,
frame_ms,0.4161,
frame_ms,0.4036,
frame_ms,0.3914,
frame_ms,0.4086,
frame_ms,0.6571,
frame_ms,0.4587,
frame_ms,0.4247,
frame_ms,0.43,
frame_ms,0.4596,
frame_ms,0.4077,
frame_ms,0.3961,
frame_ms,0.3909,
frame_ms,0.4183,
frame_ms,0.3907,
frame_ms,0.5117,
frame_ms,0.4945,
frame_ms,0.4534,
frame_ms,0.465,
frame_ms,0.4339,
frame_ms,0.4103,
frame_ms,0.4063,
frame_ms,0.4107,
frame_ms,0.4118,
frame_ms,0.4449,
frame_ms,0.4675,
frame_ms,0.4238,
frame_ms,0.4727,
frame_ms,0.5212,
frame_ms,0.4282,
frame_ms,0.432,
frame_ms,0.3947,
frame_ms,0.4072,
frame_ms,0.3921,
frame_ms,0.4001,
frame_ms,0.4119,
frame_ms,0.4098,
frame_ms,0.4398,
frame_ms,0.3951,
frame_ms,0.387,
frame_ms,0.6284,
frame_ms,0.5728,
frame_ms,0.7198,
frame_ms,0.4913,
frame_ms,0.4423,
frame_ms,0.4839,
frame_ms,0.5086,
frame_ms,0.5529,
frame_ms,0.3967,
frame_ms,0.3897,
frame_ms,0.4019,
frame_ms,0.384,
frame_ms,0.5519,
frame_ms,0.4598,
frame_ms,0.4326,
frame_ms,0.4774,
frame_ms,0.4882,
frame_ms,0.4017,
frame_ms,0.3898,
frame_ms,0.3966,
frame_ms,0.3897,
frame_ms,0.4515,
frame_ms,0.47,
frame_ms,0.435,
frame_ms,0.4388,
frame_ms,0.4379,
frame_ms,0.4085,
frame_ms,0.4054,
frame_ms,0.4039,
frame_ms,0.4005,
frame_ms,0.5334,
frame_ms,0.7995,
frame_ms,0.4304,
frame_ms,1.2356,
frame_ms,0.4948,
frame_ms,0.4115,
frame_ms,0.4093,
frame_ms,0.3892,
frame_ms,0.4011,
frame_ms,0.4078,
frame_ms,0.4124,
frame_ms,0.3934,
frame_ms,0.3884,
frame_ms,0.3936,
frame_ms,0.384,
frame_ms,0.3971,
frame_ms,0.3833,
frame_ms,0.3795,
frame_ms,0.4637,
frame_ms,0.4335,
frame_ms,0.4194,
frame_ms,0.4439,
frame_ms,0.4135,
frame_ms,0.4105,
frame_ms,0.3948,
frame_ms,0.3998,
frame_ms,0.4136,
frame_ms,0.4005,
frame_ms,0.4177,
frame_ms,0.4144,
frame_ms,0.4025,
frame_ms,0.4099,
frame_ms,0.4281,
frame_ms,0.3897,
frame_ms,0.3868,
frame_ms,0.3825,
frame_ms,0.3825,
frame_ms,0.4032,
frame_ms,0.4856,
frame_ms,0.498,
frame_ms,0.7871,
frame_ms,0.4862,
frame_ms,0.4379,
frame_ms,0.4034,
frame_ms,0.3885,
frame_ms,0.422,
frame_ms,0.3878,
frame_ms,0.3931,
frame_ms,0.4054,
frame_ms,0.4018,
frame_ms,0.4019,
frame_ms,0.4046,
frame_ms,0.4872,
frame_ms,0.3892,
frame_ms,0.4151,
frame_ms,0.4571,
frame_ms,0.3899,
frame_ms,0.4028,
frame_ms,0.4022,
frame_ms,0.4026,
frame_ms,0.4107,
frame_ms,0.3918,
frame_ms,0.3794,
frame_ms,0.3924,
frame_ms,0.38,
frame_ms,0.3896,
frame_ms,0.3984,
frame_ms,0.3802,
frame_ms,0.4945,
frame_ms,0.4779,
frame_ms,0.4427,
frame_ms,0.4809,
frame_ms,0.5348,
frame_ms,0.3949,
frame_ms,0.4015,
frame_ms,0.4414,
frame_ms,0.3997,
frame_ms,0.4379,
frame_ms,0.4212,
frame_ms,0.4137,
frame_ms,0.4824,
frame_ms,0.397,
frame_ms,0.384,
frame_ms,0.3859,
frame_ms,0.3822,
frame_ms,0.3884,
frame_ms,0.379,
frame_ms,0.4675,
frame_ms,0.4869,
frame_ms,0.4318,
frame_ms,0.4004,
frame_ms,0.4143,
frame_ms,0.3925,
frame_ms,0.4043,
frame_ms,0.3928,
frame_ms,0.3856,
frame_ms,0.4764,
frame_ms,0.4657,
frame_ms,0.4065,
frame_ms,0.4177,
frame_ms,0.3915,
frame_ms,0.4012,
frame_ms,0.4053,
frame_ms,0.3926,
frame_ms,0.4146,
frame_ms,0.402,
frame_ms,0.393,
frame_ms,0.3886,
frame_ms,0.3865,
frame_ms,0.3974,
frame_ms,0.3886,
frame_ms,0.4098,
frame_ms,0.3878,
frame_ms,0.379,
frame_ms,0.3792,
frame_ms,0.3797,
frame_ms,0.3851,
frame_ms,0.4956,
frame_ms,0.5619,
frame_ms,0.4529,
frame_ms,0.4231,
frame_ms,0.5129,
frame_ms,0.4948,
frame_ms,0.4294,
frame_ms,0.4306,
frame_ms,0.4804,
frame_ms,0.4042,
frame_ms,0.4717,
frame_ms,0.4177,
frame_ms,0.4006,
frame_ms,0.3997,
frame_ms,0.3987,
frame_ms,0.3842,
frame_ms,0.3786,
frame_ms,0.3812,
frame_ms,0.3793,
frame_ms,0.3874,
frame_ms,0.5565,
frame_ms,0.4595,
frame_ms,0.4189,
frame_ms,0.4215,
frame_ms,0.6595,
frame_ms,0.5223,
frame_ms,0.5214,
frame_ms,0.5083,
frame_ms,0.4893,
frame_ms,0.5931,
frame_ms,0.5236,
frame_ms,0.6161,
frame_ms,1.1104,
frame_ms,0.5157,
frame_ms,0.5067,
frame_ms,0.5888,
frame_ms,0.4671,
frame_ms,0.4252,
frame_ms,0.4577,
frame_ms,0.447,
frame_ms,0.4114,
frame_ms,0.4173,
frame_ms,0.4158,
frame_ms,0.4107,
frame_ms,0.4278,
frame_ms,0.4287,
frame_ms,0.4281,
frame_ms,0.4542,
frame_ms,0.4178,
frame_ms,0.3994,
frame_ms,0.3948,
frame_ms,0.3976,
frame_ms,0.4057,
frame_ms,0.4065,
frame_ms,0.4725,
frame_ms,0.4784,
frame_ms,0.4624,
frame_ms,0.4558,
frame_ms,0.418,
frame_ms,0.4166,
frame_ms,0.4802,
frame_ms,0.4409,
frame_ms,0.4581,
frame_ms,0.5656,
frame_ms,0.5471,
frame_ms,0.6795,
frame_ms,0.4678,
frame_ms,0.4022,
frame_ms,0.397,
frame_ms,0.4103,
frame_ms,0.3938,
frame_ms,0.3876,
frame_ms,0.5223,
frame_ms,0.4881,
frame_ms,0.4511,
frame_ms,0.4177,
frame_ms,0.5517,
frame_ms,0.4148,
frame_ms,0.4443,
frame_ms,0.4046,
frame_ms,0.4077,
frame_ms,0.5,
frame_ms,0.4467,
frame_ms,0.4286,
frame_ms,0.4423,
frame_ms,0.4104,
frame_ms,0.4041,
frame_ms,0.4002,
frame_ms,0.3954,
frame_ms,0.3984,
frame_ms,0.398,
frame_ms,0.4663,
frame_ms,0.4841,
frame_ms,0.4138,
frame_ms,0.4624,
frame_ms,0.5548,
frame_ms,0.4095,
frame_ms,0.4073,
frame_ms,0.3987,
frame_ms,0.4062,
frame_ms,1.0485,
frame_ms,0.8063,
frame_ms,0.5312,
frame_ms,0.5904,
frame_ms,0.4159,
frame_ms,0.4039,
frame_ms,0.3925,
frame_ms,0.4897,
frame_ms,0.4668,
frame_ms,0.4282,
frame_ms,0.4477,
frame_ms,0.458,
frame_ms,0.4312,
frame_ms,0.4019,
frame_ms,0.391,
frame_ms,0.4053,
frame_ms,0.4146,
frame_ms,0.4529,
frame_ms,0.4493,
frame_ms,0.4043,
frame_ms,0.3953,
frame_ms,0.4029,
frame_ms,0.4006,
frame_ms,0.3879,
frame_ms,0.4318,
frame_ms,0.3884,
frame_ms,0.3941,
frame_ms,0.4683,
frame_ms,0.5703,
frame_ms,0.4128,
frame_ms,0.4043,
frame_ms,0.5203,
frame_ms,0.4143,
frame_ms,0.4025,
frame_ms,0.5961,
frame_ms,0.5851,
frame_ms,0.4255,
frame_ms,0.4165,
frame_ms,0.4887,
frame_ms,0.4595,
frame_ms,0.4179,
frame_ms,0.4492,
frame_ms,0.3918,
frame_ms,0.3913,
frame_ms,0.4187,
frame_ms,0.435,
frame_ms,0.3989,
frame_ms,0.4053,
frame_ms,0.4053,
frame_ms,0.3954,
frame_ms,0.4107,
frame_ms,0.3923,
frame_ms,0.3881,
frame_ms,0.3944,
frame_ms,0.3892,
frame_ms,0.3899,
frame_ms,0.4809,
frame_ms,0.405,
frame_ms,0.4205,
frame_ms,0.405,
frame_ms,0.3916,
frame_ms,0.3931,
frame_ms,0.3891,
frame_ms,0.4054,
frame_ms,0.388,
frame_ms,0.3949,
frame_ms,0.4546,
frame_ms,0.4647,
frame_ms,0.4495,
frame_ms,0.4497,
frame_ms,0.4576,
frame_ms,0.6905,
frame_ms,0.5835,
frame_ms,0.5226,
frame_ms,0.6367,
frame_ms,0.4598,
frame_ms,0.4068,
frame_ms,0.3985,
frame_ms,0.5467,
frame_ms,0.4797,
frame_ms,0.4059,
frame_ms,0.3971,
frame_ms,0.4269,
frame_ms,0.4867,
frame_ms,0.461,
frame_ms,0.4312,
frame_ms,0.4577,
frame_ms,0.4475,
frame_ms,0.4823,
frame_ms,0.4031,
frame_ms,0.395,
frame_ms,0.4249,
frame_ms,0.3984,
frame_ms,0.5006,
frame_ms,0.4609,
frame_ms,0.4059,
frame_ms,0.4046,
frame_ms,0.5367,
frame_ms,0.408,
frame_ms,0.404,
frame_ms,0.3961,
frame_ms,0.4033,
frame_ms,0.4832,
frame_ms,0.4819,
frame_ms,0.4376,
frame_ms,0.5153,
frame_ms,0.4403,
frame_ms,0.4061,
frame_ms,0.3987,
frame_ms,0.406,
frame_ms,0.392,
frame_ms,0.3875,
frame_ms,0.3876,
frame_ms,0.4087,
frame_ms,0.4184,
frame_ms,0.408,
frame_ms,0.4256,
frame_ms,0.3971,
frame_ms,0.3921,
frame_ms,0.431,
frame_ms,0.3951,
frame_ms,0.3904,
frame_ms,0.4027,
frame_ms,0.3996,
frame_ms,0.4241,
frame_ms,0.4106,
frame_ms,0.4044,
frame_ms,0.3954,
frame_ms,0.3895,
frame_ms,0.3976,
frame_ms,0.3871,
frame_ms,0.406,
frame_ms,0.3887,
frame_ms,0.5143,
frame_ms,0.4514,
frame_ms,0.4271,
frame_ms,0.4801,
frame_ms,0.4981,
frame_ms,0.4191,
frame_ms,0.4012,
frame_ms,0.4009,
frame_ms,0.6157,
frame_ms,0.4629,
frame_ms,0.4089,
frame_ms,0.403,
frame_ms,0.4182,
frame_ms,0.3901,
frame_ms,0.3883,
frame_ms,0.3889,
frame_ms,0.3865,
frame_ms,0.3983,
frame_ms,0.3907,
frame_ms,0.4405,
frame_ms,0.4136,
frame_ms,0.4003,
frame_ms,0.4106,
frame_ms,0.3909,
frame_ms,0.3946,
frame_ms,0.3866,
frame_ms,0.3866,
frame_ms,0.4051,
frame_ms,0.3899,
frame_ms,0.4789,
frame_ms,0.4684,
frame_ms,0.4329,
frame_ms,0.4218,
frame_ms,0.4803,
frame_ms,0.4613,
frame_ms,0.4296,
frame_ms,0.4043,
frame_ms,0.4293,
frame_ms,0.4014,
frame_ms,0.4021,
frame_ms,0.3972,
frame_ms,0.4005,
frame_ms,0.4204,
frame_ms,0.4069,
frame_ms,0.6713,
frame_ms,0.5369,
frame_ms,0.5165,
frame_ms,0.602,
frame_ms,0.4524,
frame_ms,0.4257,
frame_ms,0.4365,
frame_ms,0.4665,
frame_ms,0.4245,
frame_ms,0.398,
frame_ms,0.3933,
frame_ms,0.3975,
frame_ms,0.3906,
frame_ms,0.4155,
frame_ms,0.4114,
frame_ms,0.4218,
frame_ms,0.413,
frame_ms,0.4069,
frame_ms,0.3866,
frame_ms,0.3825,
frame_ms,0.3844,
frame_ms,0.3918,
frame_ms,0.3882,
frame_ms,0.3872,
frame_ms,0.4313,
frame_ms,0.3959,
frame_ms,0.4062,
frame_ms,0.3997,
frame_ms,0.39,
frame_ms,0.3846,
frame_ms,0.3813,
frame_ms,0.3832,
frame_ms,0.3902,
frame_ms,0.3809,
frame_ms,0.4105,
frame_ms,0.4104,
frame_ms,0.4044,
frame_ms,0.4332,
frame_ms,0.4988,
frame_ms,0.6339,
frame_ms,0.5577,
frame_ms,0.5218,
frame_ms,0.4351,
frame_ms,0.5401,
frame_ms,0.4482,
frame_ms,0.4281,
frame_ms,0.4175,
frame_ms,0.5135,
frame_ms,0.4101,
frame_ms,0.4025,
frame_ms,0.3962,
frame_ms,0.4079,
frame_ms,0.4608,
frame_ms,0.447,
frame_ms,0.4356,
frame_ms,0.4488,
frame_ms,0.4026,
frame_ms,0.4758,
frame_ms,0.4062,
frame_ms,0.3952,
frame_ms,0.3959,
frame_ms,0.4151,
frame_ms,0.463,
frame_ms,0.4484,
frame_ms,0.4115,
frame_ms,0.4067,
frame_ms,0.4794,
frame_ms,0.4219,
frame_ms,0.4192,
frame_ms,0.3984,
frame_ms,0.3999,
frame_ms,0.3918,
frame_ms,0.4922,
frame_ms,0.4292,
frame_ms,0.9008,
frame_ms,0.4598,
frame_ms,0.4116,
frame_ms,0.4098,
frame_ms,0.4147,
frame_ms,0.4,
frame_ms,0.4108,
frame_ms,0.3988,
frame_ms,0.4487,
frame_ms,0.481,
frame_ms,0.536,
frame_ms,0.4032,
frame_ms,0.3919,
frame_ms,0.4573,
frame_ms,0.3922,
frame_ms,0.3896,
frame_ms,0.474,
frame_ms,0.4679,
frame_ms,0.4386,
frame_ms,0.4478,
frame_ms,0.5486,
frame_ms,0.4234,
frame_ms,0.4016,
frame_ms,0.3929,
frame_ms,0.423,
frame_ms,0.4138,
frame_ms,0.4871,
frame_ms,0.425,
frame_ms,0.4048,
frame_ms,0.4721,
frame_ms,0.3966,
frame_ms,0.3888,
frame_ms,0.406,
frame_ms,0.4878,
frame_ms,0.4182,
frame_ms,0.5384,
frame_ms,0.6068,
frame_ms,0.6389,
frame_ms,0.5125,
frame_ms,0.4168,
frame_ms,0.3994,
frame_ms,0.392,
frame_ms,0.414,
frame_ms,0.3917,
frame_ms,0.4315,
frame_ms,0.4464,
frame_ms,0.4056,
frame_ms,0.4259,
frame_ms,0.3956,
frame_ms,0.3923,
frame_ms,0.3905,
frame_ms,0.3887,
frame_ms,0.4006,
frame_ms,0.3907,
frame_ms,0.4684,
frame_ms,0.4864,
frame_ms,0.5128,
frame_ms,0.4242,
frame_ms,0.53,
frame_ms,0.4145,
frame_ms,0.4496,
frame_ms,0.407,
frame_ms,0.4037,
frame_ms,0.4337,
frame_ms,0.4967,
frame_ms,0.4854,
frame_ms,0.4367,
frame_ms,0.8405,
frame_ms,0.4249,
frame_ms,0.3986,
frame_ms,0.4123,
frame_ms,0.3992,
frame_ms,0.4956,
frame_ms,0.5215,
frame_ms,0.6731,
frame_ms,0.5421,
frame_ms,0.4174,
frame_ms,0.3936,
frame_ms,0.4448,
frame_ms,0.4171,
frame_ms,0.4189,
frame_ms,0.3979,
frame_ms,0.4131,
frame_ms,0.4156,
frame_ms,0.4549,
frame_ms,0.4166,
frame_ms,0.3997,
frame_ms,0.3923,
frame_ms,0.395,
frame_ms,0.4105,
frame_ms,0.4044,
frame_ms,0.4223,
frame_ms,0.3977,
frame_ms,0.4125,
frame_ms,0.4026,
frame_ms,0.4106,
frame_ms,0.3927,
frame_ms,0.3884,
frame_ms,0.4081,
frame_ms,0.3939,
frame_ms,0.3876,
frame_ms,0.6223,
frame_ms,0.4946,
frame_ms,0.427,
frame_ms,0.3987,
frame_ms,0.398,
frame_ms,0.398,
frame_ms,0.4222,
frame_ms,0.3941,
frame_ms,0.4003,
frame_ms,0.4268,
frame_ms,0.4273,
frame_ms,0.5017,
frame_ms,0.4642,
frame_ms,0.4121,
frame_ms,0.3988,
frame_ms,0.4224,
frame_ms,0.4003,
frame_ms,0.3927,
frame_ms,0.3917,
frame_ms,0.4376,
frame_ms,0.4367,
frame_ms,0.4238,
frame_ms,0.398,
frame_ms,0.4298,
frame_ms,0.3955,
frame_ms,0.3992,
frame_ms,0.3939,
frame_ms,0.4108,
frame_ms,0.3978,
frame_ms,0.46,
frame_ms,0.4162,
frame_ms,0.4166,
frame_ms,0.3948,
frame_ms,0.3918,
frame_ms,0.3973,
frame_ms,0.3879,
frame_ms,0.3887,
frame_ms,0.3858,
frame_ms,0.3851,
frame_ms,0.5431,
frame_ms,0.51,
frame_ms,0.43,
frame_ms,0.4106,
frame_ms,0.4828,
frame_ms,0.4974,
frame_ms,0.4119,
frame_ms,0.4179,
frame_ms,0.4239,
frame_ms,0.3937,
frame_ms,0.4222,
frame_ms,0.4582,
frame_ms,0.425,
frame_ms,0.4141,
frame_ms,0.3889,
frame_ms,0.3897,
frame_ms,0.3874,
frame_ms,0.4161,
frame_ms,0.3984,
frame_ms,0.3881,
frame_ms,0.4055,
frame_ms,0.396,
frame_ms,0.4007,
frame_ms,0.4103,
frame_ms,0.4059,
frame_ms,0.3981,
frame_ms,0.3987,
frame_ms,0.3801,
frame_ms,0.3904,
frame_ms,0.4023,
frame_ms,0.3877,
frame_ms,0.3918,
frame_ms,0.398,
frame_ms,0.4055,
frame_ms,0.4283,
frame_ms,0.3851,
frame_ms,0.4671,
frame_ms,0.4264,
frame_ms,0.4065,
frame_ms,0.4149,
frame_ms,0.8285,
frame_ms,0.4936,
frame_ms,0.4507,
frame_ms,0.4311,
frame_ms,0.4817,
frame_ms,0.447,
frame_ms,0.4008,
frame_ms,0.3972,
frame_ms,0.4079,
frame_ms,0.4316,
frame_ms,0.4134,
frame_ms,0.4051,
frame_ms,0.4116,
frame_ms,0.4383,
frame_ms,0.407,
frame_ms,0.391,
frame_ms,0.3963,
frame_ms,0.3949,
frame_ms,0.4011,
frame_ms,0.5324,
frame_ms,0.5875,
frame_ms,0.7615,
frame_ms,0.5068,
frame_ms,0.4279,
frame_ms,0.4357,
frame_ms,0.4046,
frame_ms,0.4091,
frame_ms,0.395,
frame_ms,0.5471,
frame_ms,0.4293,
frame_ms,0.5836,
frame_ms,0.4376,
frame_ms,0.4182,
frame_ms,0.4148,
frame_ms,0.4133,
frame_ms,0.3989,
frame_ms,0.3981,
frame_ms,0.4805,
frame_ms,0.4789,
frame_ms,0.4053,
frame_ms,0.4381,
frame_ms,0.4786,
frame_ms,0.4054,
frame_ms,0.4027,
frame_ms,0.3986,
frame_ms,0.4059,
frame_ms,0.4059,
frame_ms,0.5282,
frame_ms,0.4248,
frame_ms,0.4197,
frame_ms,0.4602,
frame_ms,0.4645,
frame_ms,0.4084,
frame_ms,0.3996,
frame_ms,0.394,
frame_ms,0.4022,
frame_ms,0.4857,
frame_ms,0.4798,
frame_ms,0.4153,
frame_ms,0.4173,
frame_ms,0.4556,
frame_ms,0.4222,
frame_ms,0.4004,
frame_ms,0.39,
frame_ms,0.4275,
frame_ms,0.4023,
frame_ms,0.8795,
frame_ms,0.4367,
frame_ms,0.4053,
frame_ms,0.3977,
frame_ms,0.4016,
frame_ms,0.3903,
frame_ms,0.4211,
frame_ms,0.401,
frame_ms,0.39,
frame_ms,0.4841,
frame_ms,0.4575,
frame_ms,0.4265,
frame_ms,0.4174,
frame_ms,0.4457,
frame_ms,0.4222,
frame_ms,0.4195,
frame_ms,0.4087,
frame_ms,0.4082,
frame_ms,0.4252,
frame_ms,0.4176,
frame_ms,0.4165,
frame_ms,0.4311,
frame_ms,0.4813,
frame_ms,0.5449,
frame_ms,0.4275,
frame_ms,0.4198,
frame_ms,0.4262,
frame_ms,0.4173,
frame_ms,0.6521,
frame_ms,0.4738,
frame_ms,0.4219,
frame_ms,0.4066,
frame_ms,0.4237,
frame_ms,0.3939,
frame_ms,0.3906,
frame_ms,0.4075,
frame_ms,0.6397,
frame_ms,0.5213,
frame_ms,0.5315,
frame_ms,0.4279,
frame_ms,0.4273,
frame_ms,0.5296,
frame_ms,0.4043,
frame_ms,0.4043,
frame_ms,0.3937,
frame_ms,0.4009,
frame_ms,0.4811,
frame_ms,0.4562,
frame_ms,0.4291,
frame_ms,0.4258,
frame_ms,0.4952,
frame_ms,0.517,
frame_ms,0.4392,
frame_ms,0.4042,
frame_ms,0.4181,
frame_ms,0.3931,
frame_ms,0.4048,
frame_ms,0.4156,
frame_ms,0.412,
frame_ms,0.4203,
frame_ms,0.4078,
frame_ms,0.4006,
frame_ms,0.3994,
frame_ms,0.3965,
frame_ms,0.4237,
frame_ms,0.3943,
frame_ms,0.444,
frame_ms,0.4494,
frame_ms,0.4272,
frame_ms,0.4359,
frame_ms,0.5238,
frame_ms,0.4325,
frame_ms,0.418,
frame_ms,0.3987,
frame_ms,0.4062,
frame_ms,0.4865,
frame_ms,0.5927,
frame_ms,0.6301,
frame_ms,0.5319,
frame_ms,0.4307,
frame_ms,0.405,
frame_ms,0.3996,
frame_ms,0.3982,
frame_ms,0.3932,
frame_ms,0.5139,
frame_ms,0.614,
frame_ms,0.4346,
frame_ms,0.4273,
frame_ms,0.4344,
frame_ms,0.4119,
frame_ms,0.4246,
frame_ms,0.5018,
frame_ms,0.4392,
frame_ms,0.4406,
frame_ms,0.4557,
frame_ms,0.4314,
frame_ms,0.4062,
frame_ms,0.4009,
frame_ms,0.3935,
frame_ms,0.3922,
frame_ms,0.4331,
frame_ms,0.3922,
frame_ms,0.3867,
frame_ms,0.4635,
frame_ms,0.4889,
frame_ms,0.4377,
frame_ms,0.555,
frame_ms,0.4027,
frame_ms,0.4077,
frame_ms,0.3976,
frame_ms,0.3889,
frame_ms,0.3943,
frame_ms,0.382,
frame_ms,0.5219,
frame_ms,0.4832,
frame_ms,0.4347,
frame_ms,0.511,
frame_ms,0.4843,
frame_ms,0.4191,
frame_ms,0.4139,
frame_ms,0.4176,
frame_ms,0.4048,
frame_ms,0.4414,
frame_ms,0.4113,
frame_ms,0.4162,
frame_ms,0.4223,
frame_ms,0.4158,
frame_ms,0.4039,
frame_ms,0.4019,
frame_ms,0.4013,
frame_ms,0.4093,
frame_ms,0.4047,
frame_ms,0.5308,
frame_ms,0.5074,
frame_ms,0.4653,
frame_ms,0.4297,
frame_ms,0.5293,
frame_ms,0.4297,
frame_ms,0.4149,
frame_ms,0.5815,
frame_ms,0.4253,
frame_ms,0.4003,
frame_ms,0.396,
frame_ms,0.4182,
frame_ms,0.3999,
frame_ms,0.3906,
frame_ms,0.397,
frame_ms,0.3849,
frame_ms,0.4232,
frame_ms,0.3874,
frame_ms,0.3846,
frame_ms,0.414,
frame_ms,0.451,
frame_ms,0.4309,
frame_ms,0.3978,
frame_ms,0.4434,
frame_ms,0.4016,
frame_ms,0.3951,
frame_ms,0.3919,
frame_ms,0.4025,
frame_ms,0.4085,
frame_ms,0.398,
frame_ms,0.47,
frame_ms,0.4004,
frame_ms,0.3962,
frame_ms,0.4439,
frame_ms,0.401,
frame_ms,0.3933,
frame_ms,0.3911,
frame_ms,0.3926,
frame_ms,0.3976,
frame_ms,0.4055,
frame_ms,0.4027,
frame_ms,0.3874,
frame_ms,0.3965,
frame_ms,0.4266,
frame_ms,0.5384,
frame_ms,0.4371,
frame_ms,0.4196,
frame_ms,0.3986,
frame_ms,0.3901,
frame_ms,0.5156,
frame_ms,0.5288,
frame_ms,0.4568,
frame_ms,0.4048,
frame_ms,0.4054,
frame_ms,0.4448,
frame_ms,0.3904,
frame_ms,0.3909,
frame_ms,0.388,
frame_ms,0.3866,
frame_ms,0.4301,
frame_ms,0.4023,
frame_ms,0.4139,
frame_ms,0.3941,
frame_ms,0.3925,
frame_ms,0.4279,
frame_ms,0.3911,
frame_ms,0.4175,
frame_ms,0.3888,
frame_ms,0.3922,
frame_ms,0.4245,
frame_ms,0.4504,
frame_ms,0.4035,
frame_ms,0.3967,
frame_ms,0.4002,
frame_ms,0.4065,
frame_ms,0.44,
frame_ms,0.4799,
frame_ms,0.4129,
frame_ms,0.4349,
frame_ms,0.4033,
frame_ms,0.4037,
frame_ms,0.4514,
frame_ms,0.54,
frame_ms,0.4145,
frame_ms,0.4082,
frame_ms,0.3984,
frame_ms,0.4244,
frame_ms,0.4052,
frame_ms,0.3957,
frame_ms,0.5801,
frame_ms,0.6731,
frame_ms,0.5376,
frame_ms,0.4951,
frame_ms,0.4092,
frame_ms,0.3997,
frame_ms,0.396,
frame_ms,0.4074,
frame_ms,0.3902,
frame_ms,0.7184,
frame_ms,0.651,
frame_ms,0.5179,
frame_ms,0.4219,
frame_ms,0.3992,
frame_ms,0.3894,
frame_ms,0.4194,
frame_ms,0.3939,
frame_ms,0.4455,
frame_ms,0.4538,
frame_ms,0.4223,
frame_ms,0.4184,
frame_ms,0.4448,
frame_ms,0.5075,
frame_ms,0.3997,
frame_ms,0.4275,
frame_ms,0.402,
frame_ms,0.3934,
frame_ms,0.4916,
frame_ms,0.4707,
frame_ms,0.4294,
frame_ms,0.4034,
frame_ms,0.3953,
frame_ms,0.468,
frame_ms,0.4194,
frame_ms,0.3982,
frame_ms,0.3954,
frame_ms,0.4097,
frame_ms,0.395,
frame_ms,0.5074,
frame_ms,0.4783,
frame_ms,0.4559,
frame_ms,0.4178,
frame_ms,0.4657,
frame_ms,0.4055,
frame_ms,0.4121,
frame_ms,0.3931,
frame_ms,0.4033,
frame_ms,0.3979,
frame_ms,0.4199,
frame_ms,0.3928,
frame_ms,0.394,
frame_ms,0.4011,
frame_ms,0.3934,
frame_ms,0.3937,
frame_ms,0.3885,
frame_ms,0.3907,
frame_ms,0.4028,
frame_ms,0.6361,
frame_ms,0.444,
frame_ms,0.4143,
frame_ms,0.4935,
frame_ms,0.5069,
frame_ms,0.4009,
frame_ms,0.3862,
frame_ms,0.3942,
frame_ms,0.5518,
frame_ms,0.5465,
frame_ms,0.4454,
frame_ms,0.4298,
frame_ms,0.4696,
frame_ms,0.4431,
frame_ms,0.3972,
frame_ms,0.4398,
frame_ms,0.3942,
frame_ms,0.3892,
frame_ms,0.4586,
frame_ms,0.42,
frame_ms,0.3958,
frame_ms,0.3915,
frame_ms,0.4561,
frame_ms,0.5265,
frame_ms,0.412,
frame_ms,0.398,
frame_ms,0.4308,
frame_ms,0.3934,
frame_ms,0.4916,
frame_ms,0.4705,
frame_ms,0.4261,
frame_ms,0.4869,
frame_ms,0.5039,
frame_ms,0.4043,
frame_ms,0.4023,
frame_ms,0.4106,
frame_ms,0.3927,
frame_ms,0.4628,
frame_ms,0.5451,
frame_ms,0.437,
frame_ms,0.4267,
frame_ms,0.4053,
frame_ms,0.3873,
frame_ms,0.509,
frame_ms,0.5672,
frame_ms,0.5186,
frame_ms,0.6097,
frame_ms,0.642,
frame_ms,0.5532,
frame_ms,0.5109,
frame_ms,0.4885,
frame_ms,0.4142,
frame_ms,0.3912,
frame_ms,0.3882,
frame_ms,0.4207,
frame_ms,0.385,
frame_ms,0.3949,
frame_ms,0.405,
frame_ms,0.3892,
frame_ms,0.4098,
frame_ms,0.4048,
frame_ms,0.4179,
frame_ms,0.3881,
frame_ms,0.3871,
frame_ms,0.3923,
frame_ms,0.5186,
frame_ms,0.5664,
frame_ms,0.5319,
frame_ms,0.5624,
frame_ms,0.4073,
frame_ms,0.4039,
frame_ms,0.3932,
frame_ms,0.3928,
frame_ms,0.4032,
frame_ms,0.3925,
frame_ms,0.389,
frame_ms,0.3892,
frame_ms,0.4221,
frame_ms,0.4019,
frame_ms,0.41,
frame_ms,0.3994,
frame_ms,0.4048,
frame_ms,0.4223,
frame_ms,0.4011,
frame_ms,0.4317,
frame_ms,0.497,
frame_ms,0.456,
frame_ms,0.4295,
frame_ms,0.4658,
frame_ms,0.4724,
frame_ms,0.3976,
frame_ms,0.3885,
frame_ms,0.3989,
frame_ms,0.3896,
frame_ms,0.4875,
frame_ms,0.4383,
frame_ms,0.3944,
frame_ms,0.4126,
frame_ms,0.3822,
frame_ms,0.384,
frame_ms,0.3791,
frame_ms,0.3799,
frame_ms,0.3876,
frame_ms,0.3826,
frame_ms,0.4445,
frame_ms,0.4258,
frame_ms,0.4175,
frame_ms,0.3999,
frame_ms,0.4066,
frame_ms,0.4139,
frame_ms,0.4031,
frame_ms,0.4239,
frame_ms,0.3922,
frame_ms,0.3981,
frame_ms,0.4489,
frame_ms,0.4822,
frame_ms,0.4232,
frame_ms,0.4894,
frame_ms,0.4354,
frame_ms,0.3947,
frame_ms,0.3912,
frame_ms,0.399,
frame_ms,0.3855,
frame_ms,0.3854,
frame_ms,0.4169,
frame_ms,0.4058,
frame_ms,0.413,
frame_ms,0.4375,
frame_ms,0.3896,
frame_ms,0.3864,
frame_ms,0.3832,
frame_ms,0.3927,
frame_ms,0.3846,
frame_ms,0.3924,
frame_ms,0.3983,
frame_ms,0.3845,
frame_ms,0.4028,
frame_ms,0.3919,
frame_ms,0.396,
frame_ms,0.3966,
frame_ms,0.3818,
frame_ms,0.3929,
frame_ms,0.3928,
frame_ms,0.387,
frame_ms,0.3855,
frame_ms,0.4354,
frame_ms,0.4128,
frame_ms,0.3917,
frame_ms,0.3897,
frame_ms,0.3865,
frame_ms,0.382,
frame_ms,0.387,
frame_ms,0.3838,
frame_ms,0.3828,
frame_ms,0.3891,
frame_ms,0.5533,
frame_ms,0.5101,
frame_ms,0.4693,
frame_ms,0.4115,
frame_ms,0.4161,
frame_ms,0.4237,
frame_ms,0.4459,
frame_ms,0.4466,
frame_ms,0.4152,
frame_ms,0.3968,
frame_ms,0.4126,
frame_ms,0.3984,
frame_ms,0.4031,
frame_ms,0.4194,
frame_ms,0.4052,
frame_ms,0.397,
frame_ms,0.3932,
frame_ms,0.3883,
frame_ms,0.3856,
frame_ms,0.3952,
frame_ms,0.4734,
frame_ms,0.4777,
frame_ms,0.4266,
frame_ms,0.4807,
frame_ms,0.5257,
frame_ms,0.408,
frame_ms,0.3995,
frame_ms,0.391,
frame_ms,0.4038,
frame_ms,0.3902,
frame_ms,0.5713,
frame_ms,0.5642,
frame_ms,0.5241,
frame_ms,0.5502,
frame_ms,0.5034,
frame_ms,0.7465,
frame_ms,0.6154,
frame_ms,0.5194,
frame_ms,0.4283,
frame_ms,0.4063,
frame_ms,0.394,
frame_ms,0.4767,
frame_ms,0.4065,
frame_ms,0.4015,
frame_ms,0.4211,
frame_ms,0.3983,
frame_ms,0.3876,
frame_ms,0.3936,
frame_ms,0.411,
frame_ms,0.4047,
frame_ms,0.401,
frame_ms,0.415,
frame_ms,0.3855,
frame_ms,0.3812,
frame_ms,0.4125,
frame_ms,0.3911,
frame_ms,0.3854,
frame_ms,0.3968,
frame_ms,0.3919,
frame_ms,0.4102,
frame_ms,0.3981,
frame_ms,0.3986,
frame_ms,0.3845,
frame_ms,0.3919,
frame_ms,0.3826,
frame_ms,0.3873,
frame_ms,0.3998,
frame_ms,0.3912,
frame_ms,0.3943,
frame_ms,0.3804,
frame_ms,0.3984,
frame_ms,0.5082,
frame_ms,0.4331,
frame_ms,0.3984,
frame_ms,0.3917,
frame_ms,0.4993,
frame_ms,0.4013,
frame_ms,0.4667,
frame_ms,0.4282,
frame_ms,0.4139,
frame_ms,0.3902,
frame_ms,0.4014,
frame_ms,0.4033,
frame_ms,0.3822,
frame_ms,0.3941,
frame_ms,0.3817,
frame_ms,0.3788,
frame_ms,0.3783,
frame_ms,0.5056,
frame_ms,0.4532,
frame_ms,0.4269,
frame_ms,0.4302,
frame_ms,0.4289,
frame_ms,0.4181,
frame_ms,0.4703,
frame_ms,0.4217,
frame_ms,0.4102,
frame_ms,0.5662,
frame_ms,0.4221,
frame_ms,0.4007,
frame_ms,0.4377,
frame_ms,0.4017,
frame_ms,0.4097,
frame_ms,0.3916,
frame_ms,0.4172,
frame_ms,0.3924,
frame_ms,0.3895,
frame_ms,0.4099,
frame_ms,0.5824,
frame_ms,0.4633,
frame_ms,0.409,
frame_ms,0.4082,
frame_ms,0.5315,
frame_ms,0.407,
frame_ms,0.3994,
frame_ms,0.392,
frame_ms,0.3969,
frame_ms,0.4757,
frame_ms,0.4655,
frame_ms,0.4136,
frame_ms,0.4653,
frame_ms,0.4123,
frame_ms,0.3968,
frame_ms,0.3909,
frame_ms,0.4145,
frame_ms,0.4038,
frame_ms,0.399,
frame_ms,0.4005,
frame_ms,0.4815,
frame_ms,0.4142,
frame_ms,0.4214,
frame_ms,0.3998,
frame_ms,0.3882,
frame_ms,0.3891,
frame_ms,0.3846,
frame_ms,0.3924,
frame_ms,0.3874,
frame_ms,0.5053,
frame_ms,0.436,
frame_ms,0.4309,
frame_ms,0.4363,
frame_ms,0.4925,
frame_ms,0.409,
frame_ms,0.3911,
frame_ms,0.5958,
frame_ms,0.425,
frame_ms,0.4043,
frame_ms,0.4106,
frame_ms,0.4051,
frame_ms,0.4353,
frame_ms,0.3966,
frame_ms,0.39,
frame_ms,0.386,
frame_ms,0.4465,
frame_ms,0.4222,
frame_ms,0.3866,
frame_ms,0.4312,
frame_ms,0.4824,
frame_ms,0.4665,
frame_ms,0.4264,
frame_ms,0.4803,
frame_ms,0.5818,
frame_ms,0.3968,
frame_ms,0.3945,
frame_ms,0.3983,
frame_ms,0.4308,
frame_ms,0.5315,
frame_ms,0.4689,
frame_ms,0.455,
frame_ms,0.4783,
frame_ms,0.4146,
frame_ms,0.3923,
frame_ms,0.3884,
frame_ms,0.395,
frame_ms,0.39,
frame_ms,0.3965,
frame_ms,0.4029,
frame_ms,0.4052,
frame_ms,0.4044,
frame_ms,0.4127,
frame_ms,0.4289,
frame_ms,0.4573,
frame_ms,0.4032,
frame_ms,0.3925,
frame_ms,0.4471,
frame_ms,0.4796,
frame_ms,0.5162,
frame_ms,0.6009,
frame_ms,0.5683,
frame_ms,0.5244,
frame_ms,0.5103,
frame_ms,0.5094,
frame_ms,0.5033,
frame_ms,0.6918,
frame_ms,0.5933,
frame_ms,0.5689,
frame_ms,0.5322,
frame_ms,0.4761,
frame_ms,0.4319,
frame_ms,0.3922,
frame_ms,0.3852,
frame_ms,0.5123,
frame_ms,0.5838,
frame_ms,0.4481,
frame_ms,0.4416,
frame_ms,0.4044,
frame_ms,0.4112,
frame_ms,0.3934,
frame_ms,0.3926,
frame_ms,0.3878,
frame_ms,0.3842,
frame_ms,0.5365,
frame_ms,0.4063,
frame_ms,0.4256,
frame_ms,0.553,
frame_ms,0.5931,
frame_ms,0.4118,
frame_ms,0.4257,
frame_ms,0.4028,
frame_ms,0.3942,
frame_ms,0.4371,
frame_ms,0.4108,
frame_ms,0.4232,
frame_ms,0.442,
frame_ms,0.4029,
frame_ms,0.3971,
frame_ms,0.3914,
frame_ms,0.3865,
frame_ms,0.3966,
frame_ms,0.3881,
frame_ms,0.506,
frame_ms,0.4715,
frame_ms,0.4309,
frame_ms,0.4189,
frame_ms,0.5467,
frame_ms,0.413,
frame_ms,0.4037,
frame_ms,0.3934,
frame_ms,0.3997,
frame_ms,0.5446,
frame_ms,0.655,
frame_ms,0.4515,
frame_ms,0.4654,
frame_ms,0.4347,
frame_ms,0.4116,
frame_ms,0.461,
frame_ms,0.4098,
frame_ms,0.4859,
frame_ms,0.4875,
frame_ms,0.426,
frame_ms,0.7426,
frame_ms,0.4481,
frame_ms,0.3955,
frame_ms,0.3934,
frame_ms,0.4057,
frame_ms,0.4234,
frame_ms,0.396,
frame_ms,0.4523,
frame_ms,0.4373,
frame_ms,0.4053,
frame_ms,0.4018,
frame_ms,0.4422,
frame_ms,0.402,
frame_ms,0.3967,
frame_ms,0.3909,
frame_ms,0.4052,
frame_ms,0.471,
frame_ms,0.4872,
frame_ms,0.4025,
frame_ms,0.4168,
frame_ms,0.4278,
frame_ms,0.3978,
frame_ms,0.3877,
frame_ms,0.3882,
frame_ms,0.3859,
frame_ms,0.3914,
frame_ms,0.402,
frame_ms,0.4244,
frame_ms,0.4012,
frame_ms,0.469,
frame_ms,0.4193,
frame_ms,0.4088,
frame_ms,0.3849,
frame_ms,0.3876,
frame_ms,0.4588,
frame_ms,0.3967,
frame_ms,0.5548,
frame_ms,0.4295,
frame_ms,0.394,
frame_ms,0.394,
frame_ms,0.4138,
frame_ms,0.3942,
frame_ms,0.3868,
frame_ms,0.3921,
frame_ms,0.4166,
frame_ms,0.3949,
frame_ms,0.3956,
frame_ms,0.4625,
frame_ms,0.4387,
frame_ms,0.4187,
frame_ms,0.403,
frame_ms,0.4502,
frame_ms,0.495,
frame_ms,0.4058,
frame_ms,0.4114,
frame_ms,0.4034,
frame_ms,0.3886,
frame_ms,0.3973,
frame_ms,0.3981,
frame_ms,0.3958,
frame_ms,0.439,
frame_ms,0.4364,
frame_ms,0.3863,
frame_ms,0.398,
frame_ms,0.3837,
frame_ms,0.391,
frame_ms,0.3955,
frame_ms,0.4006,
frame_ms,0.395,
frame_ms,0.427,
frame_ms,0.4133,
frame_ms,0.4247,
frame_ms,0.4024,
frame_ms,0.6011,
frame_ms,0.5386,
frame_ms,0.5096,
frame_ms,0.6092,
frame_ms,0.6104,
frame_ms,0.5641,
frame_ms,0.5594,
frame_ms,0.4838,
frame_ms,0.4366,
frame_ms,0.4006,
frame_ms,0.3926,
frame_ms,0.4065,
frame_ms,0.4755,
frame_ms,0.4784,
frame_ms,0.4488,
frame_ms,0.4146,
frame_ms,0.4167,
frame_ms,0.4027,
frame_ms,0.424,
frame_ms,0.389,
frame_ms,0.3929,
frame_ms,0.3881,
frame_ms,0.4839,
frame_ms,0.4719,
frame_ms,0.4352,
frame_ms,0.4488,
frame_ms,0.5398,
frame_ms,0.4023,
frame_ms,0.4006,
frame_ms,0.4678,
frame_ms,0.3945,
frame_ms,0.3946,
frame_ms,0.4012,
frame_ms,0.4071,
frame_ms,0.4669,
frame_ms,0.4424,
frame_ms,0.3992,
frame_ms,0.3884,
frame_ms,0.3877,
frame_ms,0.3944,
frame_ms,0.3863,
frame_ms,0.4438,
frame_ms,0.5037,
frame_ms,0.4388,
frame_ms,0.404,
frame_ms,0.4768,
frame_ms,0.5132,
frame_ms,0.4,
frame_ms,0.3918,
frame_ms,0.3963,
frame_ms,0.3868,
frame_ms,0.4236,
frame_ms,0.3892,
frame_ms,0.397,
frame_ms,0.415,
frame_ms,0.3872,
frame_ms,0.3826,
frame_ms,0.3967,
frame_ms,0.382,
frame_ms,0.3898,
frame_ms,0.3842,
frame_ms,0.4386,
frame_ms,0.4554,
frame_ms,0.4272,
frame_ms,0.4094,
frame_ms,0.4165,
frame_ms,0.3981,
frame_ms,0.3911,
frame_ms,0.4423,
frame_ms,0.3989,
frame_ms,0.4715,
frame_ms,0.501,
frame_ms,0.556,
frame_ms,0.4739,
frame_ms,0.4188,
frame_ms,0.3978,
frame_ms,0.4059,
frame_ms,0.3938,
frame_ms,0.3919,
frame_ms,0.4067,
frame_ms,0.3967,
frame_ms,0.4137,
frame_ms,0.4024,
frame_ms,0.4016,
frame_ms,0.4372,
frame_ms,0.4093,
frame_ms,0.4046,
frame_ms,0.3928,
frame_ms,0.4116,
frame_ms,0.3995,
frame_ms,0.3887,
frame_ms,0.4093,
frame_ms,0.4221,
frame_ms,0.477,
frame_ms,0.4076,
frame_ms,0.4057,
frame_ms,0.401,
frame_ms,0.4042,
frame_ms,0.3945,
frame_ms,0.406,
frame_ms,0.3953,
frame_ms,0.5474,
frame_ms,0.5588,
frame_ms,0.4185,
frame_ms,0.4117,
frame_ms,0.5262,
frame_ms,0.4094,
frame_ms,0.4085,
frame_ms,0.3997,
frame_ms,0.5329,
frame_ms,0.4251,
frame_ms,0.4156,
frame_ms,0.4087,
frame_ms,0.3977,
frame_ms,0.4121,
frame_ms,0.4044,
frame_ms,0.3968,
frame_ms,0.4535,
frame_ms,0.411,
frame_ms,0.3946,
frame_ms,0.5406,
frame_ms,0.6827,
frame_ms,0.6419,
frame_ms,0.4528,
frame_ms,0.4,
frame_ms,0.3947,
frame_ms,0.4247,
frame_ms,0.459,
frame_ms,0.4957,
frame_ms,0.504,
frame_ms,0.5016,
frame_ms,0.475,
frame_ms,0.5387,
frame_ms,0.4142,
frame_ms,0.4002,
frame_ms,0.3955,
frame_ms,0.4358,
frame_ms,0.4532,
frame_ms,0.5534,
frame_ms,0.4379,
frame_ms,0.4325,
frame_ms,0.4894,
frame_ms,0.6464,
frame_ms,0.4579,
frame_ms,0.4224,
frame_ms,0.3931,
frame_ms,0.4615,
frame_ms,0.4128,
frame_ms,0.4174,
frame_ms,0.4024,
frame_ms,0.3964,
frame_ms,0.3946,
frame_ms,0.4096,
frame_ms,0.3835,
frame_ms,0.384,
frame_ms,0.3834,
frame_ms,0.3973,
frame_ms,0.428,
frame_ms,0.3951,
frame_ms,0.4076,
frame_ms,0.3908,
frame_ms,0.3959,
frame_ms,0.3872,
frame_ms,0.3819,
frame_ms,0.4121,
frame_ms,0.3824,
frame_ms,0.3812,
frame_ms,0.4321,
frame_ms,0.3918,
frame_ms,0.4681,
frame_ms,0.402,
frame_ms,0.3936,
frame_ms,0.3814,
frame_ms,0.4005,
frame_ms,0.3808,
frame_ms,0.3804,
frame_ms,0.3793,
frame_ms,0.4267,
frame_ms,0.4543,
frame_ms,0.4097,
frame_ms,0.4095,
frame_ms,0.5231,
frame_ms,0.4911,
frame_ms,0.4284,
frame_ms,0.4139,
frame_ms,0.4616,
frame_ms,0.4519,
frame_ms,0.4864,
frame_ms,0.4623,
frame_ms,0.4138,
frame_ms,0.405,
frame_ms,0.5483,
frame_ms,0.4166,
frame_ms,0.4029,
frame_ms,0.3942,
frame_ms,0.4005,
frame_ms,0.425,
frame_ms,0.4153,
frame_ms,0.4093,
frame_ms,0.4055,
frame_ms,0.4012,
frame_ms,0.3885,
frame_ms,0.3882,
frame_ms,0.3864,
frame_ms,0.3838,
frame_ms,0.4033,
frame_ms,0.3875,
frame_ms,0.4862,
frame_ms,0.4151,
frame_ms,0.4306,
frame_ms,0.4205,
frame_ms,0.5656,
frame_ms,0.4178,
frame_ms,0.4455,
frame_ms,0.4103,
frame_ms,0.4,
frame_ms,0.4295,
frame_ms,0.5586,
frame_ms,0.4546,
frame_ms,0.4234,
frame_ms,0.3965,
frame_ms,0.4316,
frame_ms,0.3899,
frame_ms,0.3856,
frame_ms,0.3868,
frame_ms,0.3837,
frame_ms,0.4945,
frame_ms,0.4253,
frame_ms,0.4252,
frame_ms,0.4496,
frame_ms,0.5129,
frame_ms,0.4149,
frame_ms,0.3986,
frame_ms,0.3881,
frame_ms,0.3966,
frame_ms,0.382,
frame_ms,0.3886,
frame_ms,0.3963,
frame_ms,0.3957,
frame_ms,0.4683,
frame_ms,0.425,
frame_ms,0.3917,
frame_ms,0.3919,
frame_ms,0.3809,
frame_ms,0.3912,
frame_ms,0.3811,
frame_ms,0.5182,
frame_ms,0.532,
frame_ms,0.4278,
frame_ms,0.4354,
frame_ms,0.4204,
frame_ms,0.4095,
frame_ms,0.411,
frame_ms,0.3978,
frame_ms,0.3929,
frame_ms,0.3912,
frame_ms,0.4473,
frame_ms,0.4069,
frame_ms,0.4426,
frame_ms,0.4173,
frame_ms,0.4081,
frame_ms,0.4106,
frame_ms,0.4242,
frame_ms,0.3907,
frame_ms,0.4084,
frame_ms,0.3979,
frame_ms,0.4436,
frame_ms,0.4038,
frame_ms,0.4096,
frame_ms,0.4316,
frame_ms,0.3986,
frame_ms,0.4,
frame_ms,0.3917,
frame_ms,0.3919,
frame_ms,0.3887,
frame_ms,0.3873,
frame_ms,0.4074,
frame_ms,0.3906,
frame_ms,0.4027,
frame_ms,0.4615,
frame_ms,0.3944,
frame_ms,0.3997,
frame_ms,0.3907,
frame_ms,0.3893,
frame_ms,0.3871,
frame_ms,0.3878,
frame_ms,0.4297,
frame_ms,0.4628,
frame_ms,0.4263,
frame_ms,0.4028,
frame_ms,0.3927,
frame_ms,0.565,
frame_ms,0.4237,
frame_ms,0.3947,
frame_ms,0.3908,
frame_ms,0.4054,
frame_ms,0.4484,
frame_ms,0.4015,
frame_ms,0.3942,
frame_ms,0.4037,
frame_ms,0.4316,
frame_ms,0.3879,
frame_ms,0.3981,
frame_ms,0.3861,
frame_ms,0.3815,
frame_ms,0.3991,
frame_ms,0.4099,
frame_ms,0.4698,
frame_ms,0.4634,
frame_ms,0.4376,
frame_ms,0.5071,
frame_ms,0.4826,
frame_ms,0.4371,
frame_ms,0.4106,
frame_ms,0.4091,
frame_ms,0.3993,
frame_ms,0.4687,
frame_ms,0.397,
frame_ms,0.398,
frame_ms,0.3923,
frame_ms,0.4102,
frame_ms,0.3835,
frame_ms,0.3831,
frame_ms,0.3865,
frame_ms,0.3833,
frame_ms,0.3926,
frame_ms,0.3928,
frame_ms,0.3895,
frame_ms,0.3839,
frame_ms,0.4181,
frame_ms,0.5017,
frame_ms,0.4069,
frame_ms,0.3959,
frame_ms,0.3854,
frame_ms,0.3811,
frame_ms,0.3924,
frame_ms,0.3781,
frame_ms,0.5946,
frame_ms,0.479,
frame_ms,0.4343,
frame_ms,0.4354,
frame_ms,0.4644,
frame_ms,0.4837,
frame_ms,0.4021,
frame_ms,0.4126,
frame_ms,0.4278,
frame_ms,0.4288,
frame_ms,0.4455,
frame_ms,0.4084,
frame_ms,0.4105,
frame_ms,0.4016,
frame_ms,0.3869,
frame_ms,0.3815,
frame_ms,0.385,
frame_ms,0.3895,
frame_ms,0.3912,
frame_ms,0.4849,
frame_ms,0.4546,
frame_ms,0.4094,
frame_ms,0.4081,
frame_ms,0.4502,
frame_ms,0.4036,
frame_ms,0.427,
frame_ms,0.3977,
frame_ms,0.3974,
frame_ms,0.3872,
frame_ms,0.4051,
frame_ms,0.4448,
frame_ms,0.4392,
frame_ms,0.398,
frame_ms,0.4104,
frame_ms,0.3893,
frame_ms,0.4041,
frame_ms,0.3834,
frame_ms,0.3832,
frame_ms,0.3829,
frame_ms,0.5121,
frame_ms,0.5702,
frame_ms,0.7213,
frame_ms,0.5161,
frame_ms,0.4041,
frame_ms,0.39,
frame_ms,0.3933,
frame_ms,0.4085,
frame_ms,0.387,
frame_ms,0.5511,
frame_ms,0.4563,
frame_ms,0.4227,
frame_ms,0.485,
frame_ms,0.4637,
frame_ms,0.417,
frame_ms,0.4012,
frame_ms,0.3963,
frame_ms,0.4228,
frame_ms,0.5219,
frame_ms,0.4904,
frame_ms,0.4322,
frame_ms,0.4287,
frame_ms,0.3975,
frame_ms,0.3935,
frame_ms,0.4015,
frame_ms,0.5954,
frame_ms,0.5428,
frame_ms,0.5447,
frame_ms,0.4009,
frame_ms,0.414,
frame_ms,0.4065,
frame_ms,0.4054,
frame_ms,0.3912,
frame_ms,0.3904,
frame_ms,0.4265,
frame_ms,0.3967,
frame_ms,0.3993,
frame_ms,0.4663,
frame_ms,0.4139,
frame_ms,0.403,
frame_ms,0.4058,
frame_ms,0.4791,
frame_ms,0.5288,
frame_ms,0.4023,
frame_ms,0.3943,
frame_ms,0.4042,
frame_ms,0.4053,
frame_ms,0.3952,
frame_ms,0.3994,
frame_ms,0.4085,
frame_ms,0.4565,
frame_ms,0.3986,
frame_ms,0.404,
frame_ms,0.392,
frame_ms,0.3909,
frame_ms,0.4125,
frame_ms,0.3914,
frame_ms,0.4003,
frame_ms,0.4055,
frame_ms,0.4012,
frame_ms,0.4459,
frame_ms,0.5107,
frame_ms,0.5843,
frame_ms,0.5177,
frame_ms,0.5458,
frame_ms,0.428,
frame_ms,0.5536,
frame_ms,0.4336,
frame_ms,0.4149,
frame_ms,0.4815,
frame_ms,0.4219,
frame_ms,0.4138,
frame_ms,0.4173,
frame_ms,0.4072,
frame_ms,0.4502,
frame_ms,0.5321,
frame_ms,0.6014,
frame_ms,0.4062,
frame_ms,0.4147,
frame_ms,0.5576,
frame_ms,0.4225,
frame_ms,0.4417,
frame_ms,0.4475,
frame_ms,0.4178,
frame_ms,0.4661,
frame_ms,0.6459,
frame_ms,0.5023,
frame_ms,0.6604,
frame_ms,0.5495,
frame_ms,0.4235,
frame_ms,0.411,
frame_ms,0.4069,
frame_ms,0.5534,
frame_ms,0.5047,
frame_ms,0.5714,
frame_ms,0.7074,
frame_ms,0.5114,
frame_ms,0.5365,
frame_ms,0.5701,
frame_ms,0.7187,
frame_ms,0.5234,
frame_ms,0.5229,
frame_ms,0.4393,
frame_ms,0.5365,
frame_ms,0.4178,
frame_ms,0.403,
frame_ms,0.3922,
frame_ms,0.3886,
frame_ms,0.494,
frame_ms,0.5081,
frame_ms,0.4398,
frame_ms,0.4276,
frame_ms,0.5866,
frame_ms,0.462,
frame_ms,0.4331,
frame_ms,0.4687,
frame_ms,0.4156,
frame_ms,0.4698,
frame_ms,0.4595,
frame_ms,0.4261,
frame_ms,0.4273,
frame_ms,0.4964,
frame_ms,0.4189,
frame_ms,0.4464,
frame_ms,0.3902,
frame_ms,0.6538,
frame_ms,0.522,
frame_ms,0.4578,
frame_ms,0.4257,
frame_ms,0.5722,
frame_ms,0.4472,
frame_ms,0.4118,
frame_ms,0.4405,
frame_ms,0.4365,
frame_ms,0.4153,
frame_ms,0.4001,
frame_ms,0.3988,
frame_ms,0.4329,
frame_ms,0.574,
frame_ms,0.443,
frame_ms,0.41,
frame_ms,0.4058,
frame_ms,0.4848,
frame_ms,0.4165,
frame_ms,0.4135,
frame_ms,0.4079,
frame_ms,0.4292,
frame_ms,0.426,
frame_ms,0.5235,
frame_ms,0.4402,
frame_ms,0.3991,
frame_ms,0.4188,
frame_ms,0.3923,
frame_ms,0.3894,
frame_ms,0.3889,
frame_ms,0.5931,
frame_ms,0.5507,
frame_ms,0.5185,
frame_ms,0.6949,
frame_ms,0.5706,
frame_ms,0.4239,
frame_ms,0.423,
frame_ms,0.5076,
frame_ms,0.4354,
frame_ms,0.5604,
frame_ms,0.4593,
frame_ms,0.4975,
frame_ms,0.417,
frame_ms,0.4322,
frame_ms,0.3951,
frame_ms,0.3991,
frame_ms,0.3934,
frame_ms,0.5852,
frame_ms,0.5573,
frame_ms,0.5665,
frame_ms,0.5479,
frame_ms,0.467,
frame_ms,0.5524,
frame_ms,0.4842,
frame_ms,0.5431,
frame_ms,0.5541,
frame_ms,0.4954,
frame_ms,0.4902,
frame_ms,0.4656,
frame_ms,0.4384,
frame_ms,0.424,
frame_ms,0.421,
frame_ms,0.429,
frame_ms,0.5717,
frame_ms,1.3851,
frame_ms,0.6476,
frame_ms,0.4577,
frame_ms,0.4229,
frame_ms,0.5015,
frame_ms,0.4122,
frame_ms,0.5082,
frame_ms,0.4368,
frame_ms,0.411,
frame_ms,0.4188,
frame_ms,0.417,
frame_ms,0.4331,
frame_ms,0.3969,
frame_ms,0.3896,
frame_ms,0.3861,
frame_ms,0.5024,
frame_ms,0.4895,
frame_ms,0.4606,
frame_ms,0.4275,
frame_ms,0.5716,
frame_ms,0.411,
frame_ms,0.3995,
frame_ms,0.4225,
frame_ms,0.4017,
frame_ms,0.506,
frame_ms,0.4824,
frame_ms,0.4973,
frame_ms,0.4295,
frame_ms,0.4191,
frame_ms,0.4051,
frame_ms,0.3975,
frame_ms,0.3972,
frame_ms,0.3812,
frame_ms,0.7754,
frame_ms,0.4782,
frame_ms,0.4249,
frame_ms,0.4441,
frame_ms,0.4618,
frame_ms,0.4109,
frame_ms,0.404,
frame_ms,0.3947,
frame_ms,0.3925,
frame_ms,0.5819,
frame_ms,0.4645,
frame_ms,0.4344,
frame_ms,0.4878,
frame_ms,0.5068,
frame_ms,0.4227,
frame_ms,0.4138,
frame_ms,0.453,
frame_ms,0.5613,
frame_ms,0.4499,
frame_ms,0.4523,
frame_ms,0.4126,
frame_ms,0.4356,
frame_ms,0.403,
frame_ms,0.3916,
frame_ms,0.3949,
frame_ms,0.3882,
frame_ms,0.3969,
frame_ms,0.6519,
frame_ms,0.5791,
frame_ms,0.4381,
frame_ms,0.4005,
frame_ms,0.4041,
frame_ms,0.4152,
frame_ms,0.4183,
frame_ms,0.3893,
frame_ms,0.6056,
frame_ms,0.4191,
frame_ms,0.3973,
frame_ms,0.4017,
frame_ms,0.412,
frame_ms,0.4089,
frame_ms,0.4,
frame_ms,0.4103,
frame_ms,0.4191,
frame_ms,0.4017,
frame_ms,0.5091,
frame_ms,0.4076,
frame_ms,0.3968,
frame_ms,0.4145,
frame_ms,0.5383,
frame_ms,0.4155,
frame_ms,0.4527,
frame_ms,0.3966,
frame_ms,0.403,
frame_ms,0.4877,
frame_ms,0.4045,
frame_ms,0.3973,
frame_ms,0.4001,
frame_ms,0.4473,
frame_ms,0.4033,
frame_ms,0.4204,
frame_ms,0.4337,
frame_ms,0.3944,
frame_ms,0.454,
frame_ms,0.4635,
frame_ms,0.4137,
frame_ms,0.3969,
frame_ms,0.4804,
frame_ms,0.5867,
frame_ms,0.426,
frame_ms,0.4688,
frame_ms,0.602,
frame_ms,0.6086,
frame_ms,0.4385,
frame_ms,0.3996,
frame_ms,0.4056,
frame_ms,0.5176,
frame_ms,0.425,
frame_ms,0.4263,
frame_ms,0.4774,
frame_ms,0.5484,
frame_ms,0.433,
frame_ms,0.4512,
frame_ms,0.4098,
frame_ms,0.4619,
frame_ms,0.5175,
frame_ms,0.4768,
frame_ms,0.4022,
frame_ms,0.4185,
frame_ms,0.577,
frame_ms,0.4256,
frame_ms,0.4248,
frame_ms,0.4102,
frame_ms,0.49,
frame_ms,0.5231,
frame_ms,0.4881,
frame_ms,0.4312,
frame_ms,0.5202,
frame_ms,0.5499,
frame_ms,0.4115,
frame_ms,0.399,
frame_ms,0.3959,
frame_ms,0.4036,
frame_ms,0.4057,
frame_ms,0.408,
frame_ms,0.6084,
frame_ms,0.5095,
frame_ms,0.452,
frame_ms,0.4146,
frame_ms,0.3989,
frame_ms,0.4294,
frame_ms,0.4008,
frame_ms,0.4613,
frame_ms,0.4196,
frame_ms,0.419,
frame_ms,0.4211,
frame_ms,0.4135,
frame_ms,0.3902,
frame_ms,0.3887,
frame_ms,0.4006,
frame_ms,0.3967,
frame_ms,0.3886,
frame_ms,0.3876,
frame_ms,0.3916,
frame_ms,0.3864,
frame_ms,0.4158,
frame_ms,0.4265,
frame_ms,0.4024,
frame_ms,0.3831,
frame_ms,0.3843,
frame_ms,0.4255,
frame_ms,0.39,
frame_ms,0.3867,
frame_ms,0.4054,
frame_ms,0.3975,
frame_ms,0.4428,
frame_ms,0.3986,
frame_ms,0.417,
frame_ms,0.3872,
frame_ms,0.3825,
frame_ms,0.3896,
frame_ms,0.3801,
frame_ms,0.3763,
frame_ms,0.8505,
frame_ms,0.4967,
frame_ms,0.4214,
frame_ms,0.4445,
frame_ms,0.4254,
frame_ms,0.3937,
frame_ms,0.3876,
frame_ms,0.3943,
frame_ms,0.389,
frame_ms,0.42,
frame_ms,0.4115,
frame_ms,0.3985,
frame_ms,0.3957,
frame_ms,0.406,
frame_ms,0.4017,
frame_ms,0.3866,
frame_ms,0.3966,
frame_ms,0.3825,
frame_ms,0.3806,
frame_ms,0.381,
frame_ms,0.5471,
frame_ms,0.4636,
frame_ms,0.4071,
frame_ms,0.427,
frame_ms,0.3998,
frame_ms,0.3937,
frame_ms,0.3868,
frame_ms,0.3803,
frame_ms,0.3785,
frame_ms,0.3795,
frame_ms,0.4175,
frame_ms,0.3958,
frame_ms,0.4053,
frame_ms,0.3907,
frame_ms,0.3861,
frame_ms,0.3882,
frame_ms,0.5505,
frame_ms,0.4972,
frame_ms,0.4114,
frame_ms,0.3982,
frame_ms,0.4661,
frame_ms,0.4609,
frame_ms,0.41,
frame_ms,0.4209,
frame_ms,0.4144,
frame_ms,0.5952,
frame_ms,0.3917,
frame_ms,0.3907,
frame_ms,0.3962,
frame_ms,0.4432,
frame_ms,0.513,
frame_ms,0.4413,
frame_ms,0.4321,
frame_ms,0.4018,
frame_ms,0.3993,
frame_ms,0.3888,
frame_ms,0.4202,
frame_ms,0.3903,
frame_ms,0.3866,
frame_ms,0.5305,
frame_ms,0.6268,
frame_ms,0.5409,
frame_ms,0.5164,
frame_ms,0.4338,
frame_ms,0.3968,
frame_ms,0.3888,
frame_ms,0.3968,
frame_ms,0.3906,
frame_ms,0.4582,
frame_ms,0.4037,
frame_ms,0.4019,
frame_ms,0.4092,
frame_ms,0.5158,
frame_ms,0.4758,
frame_ms,0.4597,
frame_ms,0.4011,
frame_ms,0.4273,
frame_ms,0.3987,
frame_ms,0.5713,
frame_ms,0.4374,
frame_ms,0.4369,
frame_ms,0.4889,
frame_ms,0.4408,
frame_ms,0.3934,
frame_ms,0.4252,
frame_ms,0.4091,
frame_ms,0.3898,
frame_ms,0.3969,
frame_ms,0.4292,
frame_ms,0.4123,
frame_ms,0.4037,
frame_ms,0.4024,
frame_ms,0.3841,
frame_ms,0.382,
frame_ms,0.3817,
frame_ms,0.3914,
frame_ms,0.385,
frame_ms,0.3828,
frame_ms,0.3943,
frame_ms,0.3854,
frame_ms,0.3918,
frame_ms,0.4426,
frame_ms,0.4008,
frame_ms,0.3831,
frame_ms,0.3801,
frame_ms,0.3784,
frame_ms,0.3882,
frame_ms,0.3786,
frame_ms,0.3873,
frame_ms,0.4137,
frame_ms,0.6798,
frame_ms,0.4262,
frame_ms,0.4027,
frame_ms,0.3877,
frame_ms,0.3892,
frame_ms,0.3892,
frame_ms,0.3777,
frame_ms,0.3781,
frame_ms,0.4183,
frame_ms,0.3813,
frame_ms,0.4141,
frame_ms,0.3905,
frame_ms,0.3973,
frame_ms,0.3778,
frame_ms,0.3756,
frame_ms,0.3861,
frame_ms,0.3882,
frame_ms,0.4086,
frame_ms,0.3812,
frame_ms,0.511,
frame_ms,0.4435,
frame_ms,0.4512,
frame_ms,0.4675,
frame_ms,0.4762,
frame_ms,0.405,
frame_ms,0.4349,
frame_ms,0.4017,
frame_ms,0.389,
frame_ms,0.4164,
frame_ms,0.401,
frame_ms,0.4229,
frame_ms,0.4092,
frame_ms,0.4121,
frame_ms,0.4019,
frame_ms,0.3862,
frame_ms,0.3811,
frame_ms,0.3949,
frame_ms,0.3851,
frame_ms,0.3977,
frame_ms,0.4302,
frame_ms,0.4247,
frame_ms,0.4067,
frame_ms,0.4747,
frame_ms,0.4261,
frame_ms,0.3827,
frame_ms,0.3808,
frame_ms,0.3805,
frame_ms,0.3832,
frame_ms,0.4187,
frame_ms,0.5306,
frame_ms,0.4733,
frame_ms,0.4338,
frame_ms,0.5065,
frame_ms,0.4841,
frame_ms,0.3999,
frame_ms,0.3961,
frame_ms,0.4545,
frame_ms,0.4875,
frame_ms,0.5217,
frame_ms,0.4882,
frame_ms,0.4194,
frame_ms,0.417,
frame_ms,0.4009,
frame_ms,0.3924,
frame_ms,0.3877,
frame_ms,0.3895,
frame_ms,0.4107,
frame_ms,0.4083,
frame_ms,0.393,
frame_ms,0.411,
frame_ms,0.3928,
frame_ms,0.4093,
frame_ms,0.4769,
frame_ms,0.384,
frame_ms,0.4143,
frame_ms,0.4115,
frame_ms,0.5605,
frame_ms,0.5626,
frame_ms,0.443,
frame_ms,0.4392,
frame_ms,0.4204,
frame_ms,0.4412,
frame_ms,0.4185,
frame_ms,0.4065,
frame_ms,0.4082,
frame_ms,0.4142,
frame_ms,0.4783,
frame_ms,0.4607,
frame_ms,0.4336,
frame_ms,0.411,
frame_ms,0.4662,
frame_ms,0.3963,
frame_ms,0.3889,
frame_ms,0.3883,
frame_ms,0.3893,
frame_ms,0.3852,
frame_ms,0.3941,
frame_ms,0.5045,
frame_ms,0.418,
frame_ms,0.4358,
frame_ms,0.4199,
frame_ms,0.4267,
frame_ms,0.4146,
frame_ms,0.4695,
frame_ms,0.4178,
frame_ms,0.4745,
frame_ms,0.5311,
frame_ms,0.4266,
frame_ms,0.4014,
frame_ms,0.4363,
frame_ms,0.398,
frame_ms,0.3952,
frame_ms,0.391,
frame_ms,0.3899,
frame_ms,0.5444,
frame_ms,0.4714,
frame_ms,0.4101,
frame_ms,0.4758,
frame_ms,0.483,
frame_ms,0.4389,
frame_ms,0.4006,
frame_ms,0.3981,
frame_ms,0.4394,
frame_ms,0.3917,
frame_ms,0.4022,
frame_ms,0.4277,
frame_ms,0.4132,
frame_ms,0.4306,
frame_ms,0.4005,
frame_ms,0.4036,
frame_ms,0.3912,
frame_ms,0.3883,
frame_ms,0.3951,
frame_ms,0.388,
frame_ms,0.3865,
frame_ms,0.3858,
frame_ms,0.4104,
frame_ms,0.4095,
frame_ms,0.4125,
frame_ms,0.461,
frame_ms,0.4011,
frame_ms,0.4682,
frame_ms,0.3918,
frame_ms,0.3875,
frame_ms,0.3858,
frame_ms,0.3835,
frame_ms,0.3973,
frame_ms,0.4144,
frame_ms,0.3924,
frame_ms,0.3968,
frame_ms,0.3962,
frame_ms,0.5005,
frame_ms,0.419,
frame_ms,0.4033,
frame_ms,0.3976,
frame_ms,0.4147,
frame_ms,0.4413,
frame_ms,0.4028,
frame_ms,0.4006,
frame_ms,0.4014,
frame_ms,0.4006,
frame_ms,0.4133,
frame_ms,0.3906,
frame_ms,0.3852,
frame_ms,0.3843,
frame_ms,0.399,
frame_ms,0.4161,
frame_ms,0.3984,
frame_ms,0.3934,
frame_ms,0.4352,
frame_ms,0.4203,
frame_ms,0.3848,
frame_ms,0.3841,
frame_ms,0.4132,
frame_ms,0.3849,
frame_ms,0.3973,
frame_ms,0.3936,
frame_ms,0.3908,
frame_ms,0.3792,
frame_ms,0.3891,
frame_ms,0.3933,
frame_ms,0.3851,
frame_ms,0.3927,
frame_ms,0.3857,
frame_ms,0.3849,
frame_ms,0.3909,
frame_ms,0.3808,
frame_ms,0.5091,
frame_ms,0.4611,
frame_ms,0.4333,
frame_ms,0.6332,
frame_ms,0.4356,
frame_ms,0.401,
frame_ms,0.4653,
frame_ms,0.4155,
frame_ms,0.4003,
frame_ms,0.3973,
frame_ms,0.4793,
frame_ms,0.453,
frame_ms,0.4167,
frame_ms,0.5127,
frame_ms,0.4451,
frame_ms,0.4012,
frame_ms,0.4184,
frame_ms,0.4217,
frame_ms,0.3845,
frame_ms,0.425,
frame_ms,0.398,
frame_ms,0.4941,
frame_ms,0.4363,
frame_ms,0.4438,
frame_ms,0.4138,
frame_ms,0.4525,
frame_ms,0.429,
frame_ms,0.4133,
frame_ms,0.4098,
frame_ms,0.4174,
frame_ms,0.3959,
frame_ms,0.4191,
frame_ms,0.4033,
frame_ms,0.3843,
frame_ms,0.3905,
frame_ms,0.398,
frame_ms,0.415,
frame_ms,0.3858,
frame_ms,0.6042,
frame_ms,0.4857,
frame_ms,0.425,
frame_ms,0.4211,
frame_ms,0.4306,
frame_ms,0.3934,
frame_ms,0.3877,
frame_ms,0.4075,
frame_ms,0.3882,
frame_ms,0.3916,
frame_ms,0.3871,
frame_ms,0.3938,
frame_ms,0.3866,
frame_ms,0.4069,
frame_ms,0.4315,
frame_ms,0.4089,
frame_ms,0.4004,
frame_ms,0.3825,
frame_ms,0.3791,
frame_ms,0.3837,
frame_ms,0.3804,
frame_ms,0.4161,
frame_ms,0.4056,
frame_ms,0.4065,
frame_ms,0.3964,
frame_ms,0.4232,
frame_ms,0.4047,
frame_ms,0.3807,
frame_ms,0.401,
frame_ms,0.3824,
frame_ms,0.3824,
frame_ms,0.4016,
frame_ms,0.4163,
frame_ms,0.4358,
frame_ms,0.4021,
frame_ms,0.3836,
frame_ms,0.3899,
frame_ms,0.3994,
frame_ms,0.4994,
frame_ms,0.4651,
frame_ms,0.4178,
frame_ms,0.3953,
frame_ms,0.5604,
frame_ms,0.4454,
frame_ms,0.4302,
frame_ms,0.5051,
frame_ms,0.4964,
frame_ms,0.3985,
frame_ms,0.4262,
frame_ms,0.4013,
frame_ms,0.3968,
frame_ms,0.3976,
frame_ms,0.3864,
frame_ms,0.4735,
frame_ms,0.4171,
frame_ms,0.4049,
frame_ms,0.3856,
frame_ms,0.3865,
frame_ms,0.3842,
frame_ms,0.3918,
frame_ms,0.3832,
frame_ms,0.3913,
frame_ms,0.408,
frame_ms,0.3939,
frame_ms,0.4345,
frame_ms,0.4474,
frame_ms,0.3889,
frame_ms,0.4058,
frame_ms,0.3848,
frame_ms,0.3916,
frame_ms,0.3839,
frame_ms,0.3802,
frame_ms,0.4826,
frame_ms,0.4129,
frame_ms,0.4113,
frame_ms,0.4122,
frame_ms,0.7232,
frame_ms,0.531,
frame_ms,0.5289,
frame_ms,0.5261,
frame_ms,0.6117,
frame_ms,0.5476,
frame_ms,0.5664,
frame_ms,0.5933,
frame_ms,0.5141,
frame_ms,0.4966,
frame_ms,0.4863,
frame_ms,0.4239,
frame_ms,0.5085,
frame_ms,0.5574,
frame_ms,0.5735,
frame_ms,0.5465,
frame_ms,0.4153,
frame_ms,0.4804,
frame_ms,0.4039,
frame_ms,0.4056,
frame_ms,0.4287,
frame_ms,0.4912,
frame_ms,0.441,
frame_ms,0.4264,
frame_ms,0.4809,
frame_ms,0.4952,
frame_ms,0.401,
frame_ms,0.3974,
frame_ms,0.4119,
frame_ms,0.3913,
frame_ms,0.4369,
frame_ms,0.4244,
frame_ms,0.4119,
frame_ms,0.4387,
frame_ms,0.4801,
frame_ms,0.5023,
frame_ms,0.4027,
frame_ms,0.4106,
frame_ms,0.4003,
frame_ms,0.3894,
frame_ms,0.396,
frame_ms,0.3867,
frame_ms,0.3948,
frame_ms,0.4329,
frame_ms,0.3914,
frame_ms,0.3861,
frame_ms,0.3854,
frame_ms,0.3802,
frame_ms,0.3898,
frame_ms,0.4012,
frame_ms,0.4219,
frame_ms,0.3963,
frame_ms,0.4126,
frame_ms,0.4188,
frame_ms,0.4108,
frame_ms,0.3938,
frame_ms,0.3799,
frame_ms,0.3779,
frame_ms,0.3903,
frame_ms,0.3836,
frame_ms,0.3788,
frame_ms,0.392,
frame_ms,0.3877,
frame_ms,0.3947,
frame_ms,0.4262,
frame_ms,0.3816,
frame_ms,0.3826,
frame_ms,0.3923,
frame_ms,0.4076,
frame_ms,0.4003,
frame_ms,0.3894,
frame_ms,0.3881,
frame_ms,0.5784,
frame_ms,0.6686,
frame_ms,0.6024,
frame_ms,0.5144,
frame_ms,0.4335,
frame_ms,0.3974,
frame_ms,0.3967,
frame_ms,0.3882,
frame_ms,0.4106,
frame_ms,0.404,
frame_ms,0.4461,
frame_ms,0.4335,
frame_ms,0.4172,
frame_ms,0.3914,
frame_ms,0.3874,
frame_ms,0.391,
frame_ms,0.3972,
frame_ms,0.3949,
frame_ms,0.3949,
frame_ms,0.3836,
frame_ms,0.3957,
frame_ms,0.4061,
frame_ms,0.3908,
frame_ms,0.3958,
frame_ms,0.384,
frame_ms,0.3896,
frame_ms,0.3879,
frame_ms,0.3909,
frame_ms,0.3924,
frame_ms,0.4113,
frame_ms,0.437,
frame_ms,0.3927,
frame_ms,0.3902,
frame_ms,0.4138,
frame_ms,0.3825,
frame_ms,0.3822,
frame_ms,0.393,
frame_ms,0.4587,
frame_ms,0.6091,
frame_ms,0.5487,
frame_ms,0.6657,
frame_ms,0.4493,
frame_ms,0.4097,
frame_ms,0.4009,
frame_ms,0.447,
frame_ms,0.4062,
frame_ms,0.6168,
frame_ms,0.4558,
frame_ms,0.4037,
frame_ms,0.4259,
frame_ms,0.4453,
frame_ms,0.4302,
frame_ms,0.4292,
frame_ms,0.4376,
frame_ms,0.3952,
frame_ms,0.393,
frame_ms,0.391,
frame_ms,0.4053,
frame_ms,0.5091,
frame_ms,0.4099,
frame_ms,0.4405,
frame_ms,0.398,
frame_ms,0.3924,
frame_ms,0.3987,
frame_ms,0.388,
frame_ms,0.3886,
frame_ms,0.4038,
frame_ms,0.5548,
frame_ms,0.5521,
frame_ms,0.5196,
frame_ms,0.431,
frame_ms,0.4476,
frame_ms,0.5628,
frame_ms,0.4727,
frame_ms,0.4331,
frame_ms,0.45,
frame_ms,0.4157,
frame_ms,0.4769,
frame_ms,0.4289,
frame_ms,0.4368,
frame_ms,0.3967,
frame_ms,0.4195,
frame_ms,0.4259,
frame_ms,0.3984,
frame_ms,0.3849,
frame_ms,0.4181,
frame_ms,0.4835,
frame_ms,0.4602,
frame_ms,0.4266,
frame_ms,0.4681,
frame_ms,0.4496,
frame_ms,0.4431,
frame_ms,0.4085,
frame_ms,0.4217,
frame_ms,0.4046,
frame_ms,0.3943,
frame_ms,0.4156,
frame_ms,0.4067,
frame_ms,0.4289,
frame_ms,0.4117,
frame_ms,0.3949,
frame_ms,0.3959,
frame_ms,0.3973,
frame_ms,0.406,
frame_ms,0.402,
frame_ms,0.483,
frame_ms,0.5208,
frame_ms,0.4304,
frame_ms,0.4808,
frame_ms,0.5445,
frame_ms,0.4318,
frame_ms,0.4064,
frame_ms,0.4125,
frame_ms,0.4174,
frame_ms,0.4596,
frame_ms,0.4558,
frame_ms,0.4321,
frame_ms,0.4406,
frame_ms,0.5145,
frame_ms,0.4548,
frame_ms,0.4697,
frame_ms,0.4082,
frame_ms,0.405,
frame_ms,0.4785,
frame_ms,0.4617,
frame_ms,0.4335,
frame_ms,0.4289,
frame_ms,0.4848,
frame_ms,0.4411,
frame_ms,0.3979,
frame_ms,0.4017,
frame_ms,0.4325,
frame_ms,0.3953,
frame_ms,0.4833,
frame_ms,0.4419,
frame_ms,0.4894,
frame_ms,0.4232,
frame_ms,0.4776,
frame_ms,0.4392,
frame_ms,0.482,
frame_ms,0.4394,
frame_ms,0.4665,
frame_ms,0.5268,
frame_ms,0.4751,
frame_ms,0.6841,
frame_ms,0.477,
frame_ms,0.4348,
frame_ms,0.4153,
frame_ms,0.499,
frame_ms,0.4063,
frame_ms,0.4265,
frame_ms,0.4141,
frame_ms,0.4466,
frame_ms,0.4421,
frame_ms,0.4864,
frame_ms,0.4297,
frame_ms,0.5119,
frame_ms,0.4697,
frame_ms,0.6087,
frame_ms,0.4965,
frame_ms,0.5903,
frame_ms,0.6294,
frame_ms,0.5696,
frame_ms,0.8053,
frame_ms,0.4356,
frame_ms,0.407,
frame_ms,0.3947,
frame_ms,0.4699,
frame_ms,0.4088,
frame_ms,0.3977,
frame_ms,0.4266,
frame_ms,0.4453,
frame_ms,0.4117,
frame_ms,0.3943,
frame_ms,0.3892,
frame_ms,0.3874,
frame_ms,0.5304,
frame_ms,0.433,
frame_ms,0.4004,
frame_ms,0.4072,
frame_ms,0.4083,
frame_ms,0.397,
frame_ms,0.3934,
frame_ms,0.3908,
frame_ms,0.4376,
frame_ms,0.4672,
frame_ms,0.3936,
frame_ms,0.3977,
frame_ms,0.4034,
frame_ms,0.4118,
frame_ms,0.4196,
frame_ms,0.4099,
frame_ms,0.3927,
frame_ms,0.3862,
frame_ms,0.4118,
frame_ms,0.4145,
frame_ms,0.383,
frame_ms,0.4601,
frame_ms,0.4613,
frame_ms,0.4265,
frame_ms,0.4629,
frame_ms,0.5232,
frame_ms,0.4211,
frame_ms,0.4021,
frame_ms,0.4013,
frame_ms,0.4276,
frame_ms,0.4004,
frame_ms,0.4,
frame_ms,0.4075,
frame_ms,0.4123,
frame_ms,0.4194,
frame_ms,0.3987,
frame_ms,0.5126,
frame_ms,0.5859,
frame_ms,0.5321,
frame_ms,0.6805,
frame_ms,0.5539,
frame_ms,0.4475,
frame_ms,0.426,
frame_ms,0.404,
frame_ms,0.4043,
frame_ms,0.4458,
frame_ms,0.406,
frame_ms,0.3972,
frame_ms,0.409,
frame_ms,0.4107,
frame_ms,0.402,
frame_ms,0.4933,
frame_ms,0.4021,
frame_ms,0.4237,
frame_ms,0.4017,
frame_ms,0.3923,
frame_ms,0.4338,
frame_ms,0.3966,
frame_ms,0.3895,
frame_ms,0.4092,
frame_ms,0.3929,
frame_ms,0.3975,
frame_ms,0.4065,
frame_ms,0.3875,
frame_ms,0.3947,
frame_ms,0.3979,
frame_ms,0.3889,
frame_ms,0.3891,
frame_ms,0.4028,
frame_ms,0.4278,
frame_ms,0.6143,
frame_ms,0.7027,
frame_ms,0.7136,
frame_ms,0.514,
frame_ms,0.5373,
frame_ms,0.4698,
frame_ms,0.4296,
frame_ms,0.4174,
frame_ms,0.4445,
frame_ms,0.4583,
frame_ms,0.4476,
frame_ms,0.8729,
frame_ms,0.4295,
frame_ms,0.4024,
frame_ms,0.399,
frame_ms,0.3921,
frame_ms,0.4498,
frame_ms,0.4461,
frame_ms,0.4068,
frame_ms,0.4198,
frame_ms,0.4107,
frame_ms,0.3946,
frame_ms,0.4085,
frame_ms,0.401,
frame_ms,0.384,
frame_ms,0.3903,
frame_ms,0.3907,
frame_ms,0.3914,
frame_ms,0.3893,
frame_ms,0.3899,
frame_ms,0.3965,
frame_ms,0.402,
frame_ms,0.4014,
frame_ms,0.4201,
frame_ms,0.409,
frame_ms,0.392,
frame_ms,0.6157,
frame_ms,0.503,
frame_ms,0.445,
frame_ms,0.434,
frame_ms,0.4875,
frame_ms,0.4445,
frame_ms,0.397,
frame_ms,0.3912,
frame_ms,0.396,
frame_ms,0.412,
frame_ms,0.4132,
frame_ms,0.4025,
frame_ms,0.4218,
frame_ms,0.4735,
frame_ms,0.4211,
frame_ms,0.3879,
frame_ms,0.387,
frame_ms,0.4036,
frame_ms,0.4029,
frame_ms,0.4404,
frame_ms,0.458,
frame_ms,0.434,
frame_ms,0.4305,
frame_ms,0.4317,
frame_ms,0.426,
frame_ms,0.4007,
frame_ms,0.3968,
frame_ms,0.4028,
frame_ms,0.4027,
frame_ms,0.4416,
frame_ms,0.4112,
frame_ms,0.4264,
frame_ms,0.4064,
frame_ms,0.4306,
frame_ms,0.391,
frame_ms,0.391,
frame_ms,0.5069,
frame_ms,0.5719,
frame_ms,0.5673,
frame_ms,0.5389,
frame_ms,0.6688,
frame_ms,0.5841,
frame_ms,0.5323,
frame_ms,0.536,
frame_ms,0.4217,
frame_ms,0.3925,
frame_ms,0.3993,
frame_ms,0.5214,
frame_ms,0.4817,
frame_ms,0.4347,
frame_ms,0.4772,
frame_ms,0.5192,
frame_ms,0.3994,
frame_ms,0.3914,
frame_ms,0.4098,
frame_ms,0.3915,
frame_ms,0.4005,
frame_ms,0.4056,
frame_ms,0.4212,
frame_ms,0.4508,
frame_ms,0.3995,
frame_ms,0.3916,
frame_ms,0.3881,
frame_ms,0.3863,
frame_ms,0.3958,
frame_ms,0.3856,
frame_ms,0.3904,
frame_ms,0.3951,
frame_ms,0.4586,
frame_ms,0.417,
frame_ms,0.4061,
frame_ms,0.4924,
frame_ms,0.4166,
frame_ms,0.3867,
frame_ms,0.3851,
frame_ms,0.4059,
frame_ms,0.4235,
frame_ms,0.3961,
frame_ms,0.4542,
frame_ms,0.4026,
frame_ms,0.4014,
frame_ms,0.3966,
frame_ms,0.3856,
frame_ms,0.3957,
frame_ms,0.3874,
frame_ms,0.3866,
frame_ms,0.39,
frame_ms,0.412,
frame_ms,0.4374,
frame_ms,0.394,
frame_ms,0.4313,
frame_ms,0.3912,
frame_ms,0.3846,
frame_ms,0.3947,
frame_ms,0.4139,
frame_ms,0.3868,
frame_ms,0.4058,
frame_ms,0.4832,
frame_ms,0.4415,
frame_ms,0.4228,
frame_ms,0.4218,
frame_ms,0.4842,
frame_ms,0.4011,
frame_ms,0.3909,
frame_ms,0.3891,
frame_ms,0.3992,
frame_ms,0.3866,
frame_ms,0.3922,
frame_ms,0.4002,
frame_ms,0.3925,
frame_ms,0.5045,
frame_ms,0.4406,
frame_ms,0.3911,
frame_ms,0.3874,
frame_ms,0.3858,
frame_ms,0.3993,
frame_ms,0.3851,
frame_ms,0.4573,
frame_ms,0.4494,
frame_ms,0.4203,
frame_ms,0.4196,
frame_ms,0.4768,
frame_ms,0.5928,
frame_ms,0.3913,
frame_ms,0.3872,
frame_ms,0.3975,
frame_ms,0.4071,
frame_ms,0.5898,
frame_ms,0.4241,
frame_ms,0.4104,
frame_ms,0.5351,
frame_ms,0.6468,
frame_ms,0.5504,
frame_ms,0.548,
frame_ms,0.6085,
frame_ms,0.5698,
frame_ms,0.6195,
frame_ms,0.5654,
frame_ms,0.5099,
frame_ms,0.5402,
frame_ms,0.505,
frame_ms,0.4509,
frame_ms,0.4633,
frame_ms,0.4762,
frame_ms,0.4346,
frame_ms,0.4255,
frame_ms,0.576,
frame_ms,0.4186,
frame_ms,0.4049,
frame_ms,0.4194,
frame_ms,0.4117,
frame_ms,0.4283,
frame_ms,0.4716,
frame_ms,0.4255,
frame_ms,0.4097,
frame_ms,0.4996,
frame_ms,0.4545,
frame_ms,0.4165,
frame_ms,0.4101,
frame_ms,0.4454,
frame_ms,0.4416,
frame_ms,0.4562,
frame_ms,0.4878,
frame_ms,0.4123,
frame_ms,0.4167,
frame_ms,0.5141,
frame_ms,0.4037,
frame_ms,0.4011,
frame_ms,0.4069,
frame_ms,0.4006,
frame_ms,0.3847,
frame_ms,0.6849,
frame_ms,0.5867,
frame_ms,0.4275,
frame_ms,0.3927,
frame_ms,0.4572,
frame_ms,0.4034,
frame_ms,0.5608,
frame_ms,0.4539,
frame_ms,0.4731,
frame_ms,0.4325,
frame_ms,0.4072,
frame_ms,0.407,
frame_ms,0.429,
frame_ms,0.3957,
frame_ms,0.3967,
frame_ms,0.4349,
frame_ms,0.3917,
frame_ms,0.4026,
frame_ms,0.4052,
frame_ms,0.4077,
frame_ms,0.4104,
frame_ms,0.4045,
frame_ms,0.4081,
frame_ms,0.3926,
frame_ms,0.3966,
frame_ms,0.3915,
frame_ms,0.3876,
frame_ms,0.4085,
frame_ms,0.4076,
frame_ms,0.4062,
frame_ms,0.4122,
frame_ms,0.4009,
frame_ms,0.4601,
frame_ms,0.3942,
frame_ms,0.3885,
frame_ms,0.3893,
frame_ms,0.3942,
frame_ms,0.3968,
frame_ms,0.4037,
frame_ms,0.4123,
frame_ms,0.403,
frame_ms,0.3987,
frame_ms,0.4557,
frame_ms,0.3898,
frame_ms,0.5246,
frame_ms,0.4251,
frame_ms,0.3984,
frame_ms,0.3965,
frame_ms,0.41,
frame_ms,0.4309,
frame_ms,0.4005,
frame_ms,0.4035,
frame_ms,0.416,
frame_ms,0.3985,
frame_ms,0.401,
frame_ms,0.3853,
frame_ms,0.3868,
frame_ms,0.3862,
frame_ms,0.3942,
frame_ms,0.399,
frame_ms,0.4178,
frame_ms,0.4135,
frame_ms,0.3975,
frame_ms,0.4148,
frame_ms,0.3841,
frame_ms,0.3961,
frame_ms,0.425,
frame_ms,0.3852,
frame_ms,0.3831,
frame_ms,0.4555,
frame_ms,0.5491,
frame_ms,0.5541,
frame_ms,0.5481,
frame_ms,0.5852,
frame_ms,0.5066,
frame_ms,0.5112,
frame_ms,0.4865,
frame_ms,0.4485,
frame_ms,0.4686,
frame_ms,0.4578,
frame_ms,0.5303,
frame_ms,0.5798,
frame_ms,0.4316,
frame_ms,0.4095,
frame_ms,0.3989,
frame_ms,0.4877,
frame_ms,0.4641,
frame_ms,0.4796,
frame_ms,0.4453,
frame_ms,0.4424,
frame_ms,0.5044,
frame_ms,0.428,
frame_ms,0.4025,
frame_ms,0.3965,
frame_ms,0.4201,
frame_ms,0.4008,
frame_ms,0.5736,
frame_ms,0.4356,
frame_ms,0.4185,
frame_ms,0.4863,
frame_ms,0.4778,
frame_ms,0.4083,
frame_ms,0.4116,
frame_ms,0.4044,
frame_ms,0.3939,
frame_ms,0.4252,
frame_ms,0.4239,
frame_ms,0.4354,
frame_ms,0.413,
frame_ms,0.4074,
frame_ms,0.3974,
frame_ms,0.3863,
frame_ms,0.414,
frame_ms,0.396,
frame_ms,0.3931,
frame_ms,0.6735,
frame_ms,0.4996,
frame_ms,0.4985,
frame_ms,0.404,
frame_ms,0.3985,
frame_ms,0.388,
frame_ms,0.3977,
frame_ms,0.3873,
frame_ms,0.3853,
frame_ms,0.3888,
frame_ms,0.537,
frame_ms,0.4648,
frame_ms,0.4496,
frame_ms,0.5292,
frame_ms,0.5124,
frame_ms,0.4005,
frame_ms,0.3935,
frame_ms,0.4038,
frame_ms,0.3906,
frame_ms,0.4813,
frame_ms,0.4416,
frame_ms,0.4242,
frame_ms,0.434,
frame_ms,0.4712,
frame_ms,0.3972,
frame_ms,0.3943,
frame_ms,0.3885,
frame_ms,0.3989,
frame_ms,0.3858,
frame_ms,0.4395,
frame_ms,0.3916,
frame_ms,0.399,
frame_ms,0.3993,
frame_ms,0.384,
frame_ms,0.3998,
frame_ms,0.3868,
frame_ms,0.5675,
frame_ms,0.457,
frame_ms,0.4055,
frame_ms,0.4675,
frame_ms,0.4047,
frame_ms,0.4041,
frame_ms,0.409,
frame_ms,0.404,
frame_ms,0.3831,
frame_ms,0.4267,
frame_ms,0.4024,
frame_ms,0.3872,
frame_ms,0.3809,
frame_ms,0.5098,
frame_ms,0.4447,
frame_ms,0.4206,
frame_ms,0.4201,
frame_ms,0.4836,
frame_ms,0.4101,
frame_ms,0.4113,
frame_ms,0.4047,
frame_ms,0.4193,
frame_ms,0.4382,
frame_ms,0.4264,
frame_ms,0.4054,
frame_ms,0.4341,
frame_ms,0.4823,
frame_ms,0.5519,
frame_ms,0.3981,
frame_ms,0.3893,
frame_ms,0.3982,
frame_ms,0.3858,
frame_ms,0.4162,
frame_ms,0.4238,
frame_ms,0.3992,
frame_ms,0.4081,
frame_ms,0.5319,
frame_ms,0.4207,
frame_ms,0.3934,
frame_ms,0.3832,
frame_ms,0.3909,
frame_ms,0.3847,
frame_ms,0.4901,
frame_ms,0.4362,
frame_ms,0.4185,
frame_ms,0.4438,
frame_ms,0.4273,
frame_ms,0.4015,
frame_ms,0.402,
frame_ms,0.4005,
frame_ms,0.3969,
frame_ms,0.4034,
frame_ms,0.4221,
frame_ms,0.3982,
frame_ms,0.4054,
frame_ms,0.4321,
frame_ms,0.4266,
frame_ms,0.3975,
frame_ms,0.3986,
frame_ms,0.4248,
frame_ms,0.3951,
frame_ms,0.4085,
frame_ms,0.4012,
frame_ms,0.4103,
frame_ms,0.409,
frame_ms,0.3943,
frame_ms,0.3998,
frame_ms,0.387,
frame_ms,0.3864,
frame_ms,0.3854,
frame_ms,0.3871,
frame_ms,0.3949,
frame_ms,0.382,
frame_ms,0.4953,
frame_ms,0.5095,
frame_ms,0.4375,
frame_ms,0.4422,
frame_ms,0.4307,
frame_ms,0.4073,
frame_ms,0.395,
frame_ms,0.3926,
frame_ms,0.3996,
frame_ms,0.4554,
frame_ms,0.4581,
frame_ms,0.4328,
frame_ms,0.4068,
frame_ms,0.4929,
frame_ms,0.5254,
frame_ms,0.4078,
frame_ms,0.3926,
frame_ms,0.4,
frame_ms,0.3914,
frame_ms,0.4329,
frame_ms,0.4513,
frame_ms,0.4027,
frame_ms,0.4228,
frame_ms,0.3925,
frame_ms,0.3908,
frame_ms,0.3876,
frame_ms,0.3881,
frame_ms,0.396,
frame_ms,0.4049,
frame_ms,0.4581,
frame_ms,0.4542,
frame_ms,0.4245,
frame_ms,0.4305,
frame_ms,0.4296,
frame_ms,0.4117,
frame_ms,0.4026,
frame_ms,0.4436,
frame_ms,0.4072,
frame_ms,1.0611,
frame_ms,0.4835,
frame_ms,0.4223,
frame_ms,0.3972,
frame_ms,0.4131,
frame_ms,0.393,
frame_ms,0.3875,
frame_ms,0.3868,
frame_ms,0.3861,
frame_ms,0.4256,
frame_ms,0.4627,
frame_ms,0.4176,
frame_ms,0.4006,
frame_ms,0.4636,
frame_ms,0.5093,
frame_ms,0.4062,
frame_ms,0.4097,
frame_ms,0.4005,
frame_ms,0.3884,
frame_ms,0.4584,
frame_ms,0.4611,
frame_ms,0.4261,
frame_ms,0.4326,
frame_ms,0.4628,
frame_ms,0.4814,
frame_ms,0.4062,
frame_ms,0.3882,
frame_ms,0.3913,
frame_ms,0.3834,
frame_ms,0.4178,
frame_ms,0.3866,
frame_ms,0.4054,
frame_ms,0.4033,
frame_ms,0.3851,
frame_ms,0.3945,
frame_ms,0.3826,
frame_ms,0.3833,
frame_ms,0.5081,
frame_ms,0.5046,
frame_ms,0.4711,
frame_ms,0.4011,
frame_ms,0.4031,
frame_ms,0.4156,
frame_ms,0.5386,
frame_ms,0.405,
frame_ms,0.4309,
frame_ms,0.39,
frame_ms,0.4002,
frame_ms,0.3884,
frame_ms,0.3935,
frame_ms,0.3805,
frame_ms,0.4021,
frame_ms,0.3989,
frame_ms,0.3874,
frame_ms,0.3882,
frame_ms,0.3811,
frame_ms,0.3849,
frame_ms,0.3866,
frame_ms,0.3789,
frame_ms,0.4196,
frame_ms,0.4184,
frame_ms,0.42,
frame_ms,0.4027,
frame_ms,0.4331,
frame_ms,0.4006,
frame_ms,0.3826,
frame_ms,0.3769,
frame_ms,0.3836,
frame_ms,0.388,
frame_ms,0.4086,
frame_ms,0.4233,
frame_ms,0.3939,
frame_ms,0.3868,
frame_ms,0.6058,
frame_ms,0.4852,
frame_ms,0.423,
frame_ms,0.4015,
frame_ms,0.3975,
frame_ms,0.4086,
frame_ms,0.4423,
frame_ms,0.4307,
frame_ms,0.4683,
frame_ms,0.4483,
frame_ms,0.4121,
frame_ms,0.398,
frame_ms,0.3981,
frame_ms,0.3945,
frame_ms,0.4085,
frame_ms,0.4063,
frame_ms,0.4134,
frame_ms,0.3985,
frame_ms,0.4184,
frame_ms,0.4277,
frame_ms,0.4048,
frame_ms,0.4134,
frame_ms,0.4596,
frame_ms,0.4277,
frame_ms,0.408,
frame_ms,0.3889,
frame_ms,0.3985,
frame_ms,0.4144,
frame_ms,0.4079,
frame_ms,0.4106,
frame_ms,0.4061,
frame_ms,0.3886,
frame_ms,0.3862,
frame_ms,0.3892,
frame_ms,0.3962,
frame_ms,0.3857,
frame_ms,0.396,
frame_ms,0.3924,
frame_ms,0.4636,
frame_ms,0.4674,
frame_ms,0.5524,
frame_ms,0.4754,
frame_ms,0.4018,
frame_ms,0.3981,
frame_ms,0.3869,
frame_ms,0.3858,
frame_ms,0.394,
frame_ms,0.4023,
frame_ms,0.4232,
frame_ms,0.4017,
frame_ms,0.4129,
frame_ms,0.3962,
frame_ms,0.3912,
frame_ms,0.3935,
frame_ms,0.3817,
frame_ms,0.3795,
frame_ms,0.3884,
frame_ms,0.7977,
frame_ms,0.4266,
frame_ms,0.415,
frame_ms,0.529,
frame_ms,0.4139,
frame_ms,0.3951,
frame_ms,0.3892,
frame_ms,0.3927,
frame_ms,0.3836,
frame_ms,0.4114,
frame_ms,0.3972,
frame_ms,0.3993,
frame_ms,0.42,
frame_ms,0.3893,
frame_ms,0.3812,
frame_ms,0.3826,
frame_ms,0.4155,
frame_ms,0.3992,
frame_ms,0.4016,
frame_ms,0.4735,
frame_ms,0.4255,
frame_ms,0.4459,
frame_ms,0.41,
frame_ms,0.3899,
frame_ms,0.3994,
frame_ms,0.3789,
frame_ms,0.3766,
frame_ms,0.3903,
frame_ms,0.3795,
frame_ms,0.4479,
frame_ms,0.4687,
frame_ms,0.4289,
frame_ms,0.4023,
frame_ms,0.4645,
frame_ms,0.3972,
frame_ms,0.3914,
frame_ms,0.3946,
frame_ms,0.3891,
frame_ms,0.5391,
frame_ms,0.4695,
frame_ms,0.4214,
frame_ms,0.4181,
frame_ms,0.4164,
frame_ms,0.4082,
frame_ms,0.3904,
frame_ms,0.3927,
frame_ms,0.3863,
frame_ms,0.3957,
frame_ms,0.3919,
frame_ms,0.4264,
frame_ms,0.4105,
frame_ms,0.4188,
frame_ms,0.4096,
frame_ms,0.3994,
frame_ms,0.4095,
frame_ms,0.4869,
frame_ms,0.4365,
frame_ms,0.4145,
frame_ms,0.4113,
frame_ms,0.4473,
frame_ms,0.3998,
frame_ms,0.3961,
frame_ms,0.4114,
frame_ms,0.449,
frame_ms,0.3914,
frame_ms,0.3855,
frame_ms,0.4274,
frame_ms,0.3869,
frame_ms,0.3993,
frame_ms,0.4391,
frame_ms,0.4542,
frame_ms,0.446,
frame_ms,0.5036,
frame_ms,0.4396,
frame_ms,0.4029,
frame_ms,0.3939,
frame_ms,0.4088,
frame_ms,0.4122,
frame_ms,0.3938,
frame_ms,0.419,
frame_ms,0.3974,
frame_ms,0.4094,
frame_ms,0.4419,
frame_ms,0.3954,
frame_ms,0.3909,
frame_ms,0.4071,
frame_ms,0.3869,
frame_ms,0.3953,
frame_ms,0.3884,
frame_ms,0.4266,
frame_ms,0.4665,
frame_ms,0.5315,
frame_ms,0.55,
frame_ms,0.4606,
frame_ms,0.4052,
frame_ms,0.3957,
frame_ms,0.4542,
frame_ms,0.3936,
frame_ms,0.389,
frame_ms,0.4732,
frame_ms,0.4065,
frame_ms,0.4163,
frame_ms,0.4081,
frame_ms,0.4146,
frame_ms,0.4029,
frame_ms,0.3906,
frame_ms,0.3972,
frame_ms,0.3853,
frame_ms,0.386,
frame_ms,0.5742,
frame_ms,0.4753,
frame_ms,0.446,
frame_ms,0.3929,
frame_ms,0.3869,
frame_ms,0.4079,
frame_ms,0.4203,
frame_ms,0.3874,
frame_ms,0.3987,
frame_ms,0.4077,
frame_ms,0.5372,
frame_ms,0.4456,
frame_ms,0.4217,
frame_ms,0.4487,
frame_ms,0.4677,
frame_ms,0.405,
frame_ms,0.4115,
frame_ms,0.4034,
frame_ms,0.4048,
frame_ms,0.4778,
frame_ms,0.4229,
frame_ms,0.4235,
frame_ms,0.475,
frame_ms,0.4685,
frame_ms,0.3974,
frame_ms,0.3912,
frame_ms,0.391,
frame_ms,0.4175,
frame_ms,0.3934,
frame_ms,0.483,
frame_ms,0.399,
frame_ms,0.4012,
frame_ms,0.3924,
frame_ms,0.5067,
frame_ms,0.4196,
frame_ms,0.4014,
frame_ms,0.3901,
frame_ms,0.3937,
frame_ms,0.3847,
frame_ms,0.5058,
frame_ms,0.4186,
frame_ms,0.4238,
frame_ms,0.3979,
frame_ms,0.406,
frame_ms,0.4085,
frame_ms,0.3902,
frame_ms,0.4108,
frame_ms,0.3876,
frame_ms,0.3944,
frame_ms,0.4311,
frame_ms,0.4111,
frame_ms,0.3988,
frame_ms,0.4002,
frame_ms,0.4061,
frame_ms,0.3861,
frame_ms,0.3851,
frame_ms,0.6611,
frame_ms,0.5444,
frame_ms,0.4238,
frame_ms,0.4163,
frame_ms,0.4367,
frame_ms,0.4345,
frame_ms,0.428,
frame_ms,0.4028,
frame_ms,0.4124,
frame_ms,0.3853,
frame_ms,0.3857,
frame_ms,0.4016,
frame_ms,0.4147,
frame_ms,0.4581,
frame_ms,0.4061,
frame_ms,0.4183,
frame_ms,0.4591,
frame_ms,0.3942,
frame_ms,0.3899,
frame_ms,0.4175,
frame_ms,0.3978,
frame_ms,0.3975,
frame_ms,0.4042,
frame_ms,0.401,
frame_ms,0.4657,
frame_ms,0.4342,
frame_ms,0.4063,
frame_ms,0.3991,
frame_ms,0.4022,
frame_ms,0.3885,
frame_ms,0.3931,
frame_ms,0.4079,
frame_ms,0.4505,
frame_ms,0.3972,
frame_ms,0.397,
frame_ms,0.4072,
frame_ms,0.4098,
frame_ms,0.5623,
frame_ms,0.4801,
frame_ms,0.4287,
frame_ms,0.4219,
frame_ms,0.444,
frame_ms,0.4079,
frame_ms,0.4219,
frame_ms,0.4093,
frame_ms,0.4139,
frame_ms,0.4178,
frame_ms,0.3932,
frame_ms,0.386,
frame_ms,0.4368,
frame_ms,0.3951,
frame_ms,0.4321,
frame_ms,0.7061,
frame_ms,0.4322,
frame_ms,0.4104,
frame_ms,0.4247,
frame_ms,0.412,
frame_ms,0.4225,
frame_ms,0.3904,
frame_ms,0.8001,
frame_ms,0.4785,
frame_ms,0.4249,
frame_ms,0.4132,
frame_ms,0.4209,
frame_ms,0.457,
frame_ms,0.4641,
frame_ms,0.4012,
frame_ms,0.392,
frame_ms,0.4091,
frame_ms,0.3906,
frame_ms,0.3918,
frame_ms,0.5859,
frame_ms,0.8575,
frame_ms,0.4301,
frame_ms,0.3951,
frame_ms,0.3921,
frame_ms,0.4276,
frame_ms,0.3936,
frame_ms,0.3882,
frame_ms,0.4374,
frame_ms,0.4456,
frame_ms,0.4154,
frame_ms,0.4173,
frame_ms,0.4086,
frame_ms,0.3955,
frame_ms,0.3943,
frame_ms,0.3975,
frame_ms,0.3893,
frame_ms,0.3867,
frame_ms,0.5122,
frame_ms,0.4826,
frame_ms,0.5849,
frame_ms,0.4757,
frame_ms,0.454,
frame_ms,0.4201,
frame_ms,0.5413,
frame_ms,0.421,
frame_ms,0.4148,
frame_ms,0.4239,
frame_ms,0.4811,
frame_ms,0.4582,
frame_ms,0.4241,
frame_ms,0.4059,
frame_ms,0.4103,
frame_ms,0.4019,
frame_ms,0.4999,
frame_ms,0.5148,
frame_ms,0.4341,
frame_ms,0.4273,
frame_ms,0.4677,
frame_ms,0.4779,
frame_ms,0.4169,
frame_ms,0.4056,
frame_ms,0.4062,
frame_ms,0.3971,
frame_ms,0.3898,
frame_ms,0.3919,
frame_ms,0.4704,
frame_ms,0.4772,
frame_ms,0.4242,
frame_ms,0.4378,
frame_ms,0.5118,
frame_ms,0.4064,
frame_ms,0.405,
frame_ms,0.4487,
frame_ms,0.4039,
frame_ms,0.3897,
frame_ms,0.4292,
frame_ms,0.4043,
frame_ms,0.4258,
frame_ms,0.4198,
frame_ms,0.3948,
frame_ms,0.4009,
frame_ms,0.387,
frame_ms,0.3838,
frame_ms,0.3929,
frame_ms,0.3839,
frame_ms,0.4541,
frame_ms,0.4604,
frame_ms,0.448,
frame_ms,0.442,
frame_ms,0.4103,
frame_ms,0.4792,
frame_ms,0.4611,
frame_ms,0.4045,
frame_ms,0.3928,
frame_ms,0.4205,
frame_ms,0.4297,
frame_ms,0.435,
frame_ms,0.4326,
frame_ms,0.4673,
frame_ms,0.4143,
frame_ms,0.4067,
frame_ms,0.4117,
frame_ms,0.3937,
frame_ms,0.3953,
frame_ms,0.8701,
frame_ms,0.4993,
frame_ms,0.5591,
frame_ms,0.5042,
frame_ms,0.4678,
frame_ms,0.4175,
frame_ms,0.4104,
frame_ms,0.4325,
frame_ms,0.4793,
frame_ms,0.4678,
frame_ms,0.4422,
frame_ms,0.4194,
frame_ms,0.4352,
frame_ms,0.3979,
frame_ms,0.3943,
frame_ms,0.4022,
frame_ms,0.3917,
frame_ms,0.4465,
frame_ms,0.5188,
frame_ms,0.4935,
frame_ms,0.5679,
frame_ms,0.4555,
frame_ms,0.4004,
frame_ms,0.396,
frame_ms,0.4038,
frame_ms,0.3926,
frame_ms,0.431,
frame_ms,0.4446,
frame_ms,0.408,
frame_ms,0.4006,
frame_ms,0.4089,
frame_ms,0.3959,
frame_ms,0.3939,
frame_ms,0.3901,
frame_ms,0.434,
frame_ms,0.3934,
frame_ms,0.4157,
frame_ms,0.3968,
frame_ms,0.393,
frame_ms,0.4211,
frame_ms,0.3912,
frame_ms,0.4019,
frame_ms,0.3975,
frame_ms,0.3849,
frame_ms,0.3899,
frame_ms,0.4016,
frame_ms,0.3796,
frame_ms,0.3858,
frame_ms,0.4215,
frame_ms,0.4021,
frame_ms,0.4008,
frame_ms,0.4103,
frame_ms,0.4286,
frame_ms,0.3847,
frame_ms,0.3934,
frame_ms,0.3824,
frame_ms,0.3822,
frame_ms,0.5185,
frame_ms,0.4553,
frame_ms,0.4344,
frame_ms,0.401,
frame_ms,0.4068,
frame_ms,0.4741,
frame_ms,0.4761,
frame_ms,0.4011,
frame_ms,0.4626,
frame_ms,0.4006,
frame_ms,0.3902,
frame_ms,0.4247,
frame_ms,0.639,
frame_ms,0.569,
frame_ms,0.5429,
frame_ms,0.4742,
frame_ms,0.4192,
frame_ms,0.3911,
frame_ms,0.3876,
frame_ms,0.3918,
frame_ms,0.4311,
frame_ms,0.4536,
frame_ms,0.4175,
frame_ms,0.3935,
frame_ms,0.3971,
frame_ms,0.4061,
frame_ms,0.4183,
frame_ms,0.3867,
frame_ms,0.3933,
frame_ms,0.3887,
frame_ms,0.4808,
frame_ms,0.4082,
frame_ms,0.4079,
frame_ms,0.418,
frame_ms,0.5129,
frame_ms,0.4063,
frame_ms,0.408,
frame_ms,0.4,
frame_ms,0.3964,
frame_ms,0.3857,
frame_ms,0.4057,
frame_ms,0.3964,
frame_ms,0.3943,
frame_ms,0.4926,
frame_ms,0.4101,
frame_ms,0.3877,
frame_ms,0.3858,
frame_ms,0.3816,
frame_ms,0.3912,
frame_ms,0.3815,
frame_ms,0.4601,
frame_ms,0.4432,
frame_ms,0.4124,
frame_ms,0.417,
frame_ms,0.4603,
frame_ms,0.4044,
frame_ms,0.3986,
frame_ms,0.4014,
frame_ms,0.389,
frame_ms,0.3973,
frame_ms,0.5012,
frame_ms,0.4535,
frame_ms,0.4231,
frame_ms,0.4217,
frame_ms,0.459,
frame_ms,0.4285,
frame_ms,0.4069,
frame_ms,0.424,
frame_ms,0.4046,
frame_ms,0.6186,
frame_ms,0.4824,
frame_ms,0.4312,
frame_ms,0.4412,
frame_ms,0.5454,
frame_ms,0.506,
frame_ms,0.4329,
frame_ms,0.395,
frame_ms,0.3959,
frame_ms,0.4428,
frame_ms,0.5163,
frame_ms,0.4195,
frame_ms,0.3989,
frame_ms,0.3918,
frame_ms,0.3927,
frame_ms,0.3868,
frame_ms,0.3926,
frame_ms,0.3811,
frame_ms,0.3801,
frame_ms,0.3892,
frame_ms,0.5017,
frame_ms,0.4261,
frame_ms,0.4219,
frame_ms,0.4556,
frame_ms,0.4552,
frame_ms,0.4119,
frame_ms,0.4645,
frame_ms,0.4085,
frame_ms,0.4538,
frame_ms,0.4219,
frame_ms,0.3991,
frame_ms,0.3941,
frame_ms,0.4155,
frame_ms,0.3998,
frame_ms,0.3931,
frame_ms,0.3796,
frame_ms,0.3901,
frame_ms,0.3798,
frame_ms,0.3908,
frame_ms,0.3952,
frame_ms,0.4775,
frame_ms,0.6077,
frame_ms,0.6999,
frame_ms,0.507,
frame_ms,0.5288,
frame_ms,0.4454,
frame_ms,0.3958,
frame_ms,0.3876,
frame_ms,0.3992,
frame_ms,0.4009,
frame_ms,0.4154,
frame_ms,0.3919,
frame_ms,0.4087,
frame_ms,0.3821,
frame_ms,0.388,
frame_ms,0.4094,
frame_ms,0.4014,
frame_ms,0.3925,
frame_ms,0.3965,
frame_ms,0.4066,
frame_ms,0.4427,
frame_ms,0.3964,
frame_ms,0.3997,
frame_ms,0.3822,
frame_ms,0.3902,
frame_ms,0.3792,
frame_ms,0.3768,
frame_ms,0.3767,
frame_ms,0.3748,
frame_ms,0.3975,
frame_ms,0.4062,
frame_ms,0.3987,
frame_ms,0.4228,
frame_ms,0.4235,
frame_ms,0.3924,
frame_ms,0.3902,
frame_ms,0.3989,
frame_ms,0.3853,
frame_ms,0.3883,
frame_ms,0.6493,
frame_ms,0.6323,
frame_ms,0.5957,
frame_ms,0.5067,
frame_ms,0.4027,
frame_ms,0.3912,
frame_ms,0.3919,
frame_ms,0.3952,
frame_ms,0.3921,
frame_ms,0.4492,
frame_ms,0.4263,
frame_ms,0.4154,
frame_ms,0.4331,
frame_ms,0.5992,
frame_ms,0.5823,
frame_ms,0.522,
frame_ms,0.5323,
frame_ms,0.5798,
frame_ms,0.4534,
frame_ms,0.4628,
frame_ms,0.4194,
frame_ms,0.4352,
frame_ms,0.3997,
frame_ms,0.3986,
frame_ms,0.4331,
frame_ms,0.3934,
frame_ms,0.4049,
frame_ms,0.4052,
frame_ms,0.4638,
frame_ms,0.5196,
frame_ms,0.4237,
frame_ms,0.4404,
frame_ms,0.4683,
frame_ms,0.439,
frame_ms,0.4075,
frame_ms,0.3927,
frame_ms,0.4394,
frame_ms,0.4159,
frame_ms,0.4112,
frame_ms,0.4268,
frame_ms,0.4935,
frame_ms,0.4145,
frame_ms,0.4062,
frame_ms,0.401,
frame_ms,0.3954,
frame_ms,0.3933,
frame_ms,0.4693,
frame_ms,0.4354,
frame_ms,0.4132,
frame_ms,0.4167,
frame_ms,0.4329,
frame_ms,0.3967,
frame_ms,0.3928,
frame_ms,0.3954,
frame_ms,0.3901,
frame_ms,0.4156,
frame_ms,0.547,
frame_ms,0.484,
frame_ms,0.4363,
frame_ms,0.4576,
frame_ms,0.4994,
frame_ms,0.4163,
frame_ms,0.3934,
frame_ms,0.395,
frame_ms,0.4153,
frame_ms,0.3929,
frame_ms,0.4301,
frame_ms,0.4719,
frame_ms,0.84,
frame_ms,0.6313,
frame_ms,0.5581,
frame_ms,0.4768,
frame_ms,0.3983,
frame_ms,0.3915,
frame_ms,0.4263,
frame_ms,0.4609,
frame_ms,0.3988,
frame_ms,0.4086,
frame_ms,0.3948,
frame_ms,0.3887,
frame_ms,0.4061,
frame_ms,0.3922,
frame_ms,0.4033,
frame_ms,0.3972,
frame_ms,0.3903,
frame_ms,0.3996,
frame_ms,0.3967,
frame_ms,0.4637,
frame_ms,0.4071,
frame_ms,0.3883,
frame_ms,0.3991,
frame_ms,0.4001,
frame_ms,0.3868,
frame_ms,0.3841,
frame_ms,0.537,
frame_ms,0.6779,
frame_ms,0.5168,
frame_ms,0.5219,
frame_ms,0.4041,
frame_ms,0.3943,
frame_ms,0.3941,
frame_ms,0.3992,
frame_ms,0.6547,
frame_ms,0.489,
frame_ms,0.4632,
frame_ms,0.4348,
frame_ms,0.491,
frame_ms,0.4178,
frame_ms,0.3924,
frame_ms,0.3929,
frame_ms,0.4,
frame_ms,0.3937,
frame_ms,0.4185,
frame_ms,0.3875,
frame_ms,0.3989,
frame_ms,0.4115,
frame_ms,0.3886,
frame_ms,0.3881,
frame_ms,0.3864,
frame_ms,0.4207,
frame_ms,0.4015,
frame_ms,0.4116,
frame_ms,0.4002,
frame_ms,0.3965,
frame_ms,0.4085,
frame_ms,0.4009,
frame_ms,0.3955,
frame_ms,0.4023,
frame_ms,0.385,
frame_ms,0.3861,
frame_ms,0.4047,
frame_ms,0.3934,
frame_ms,0.3884,
frame_ms,0.422,
frame_ms,0.3938,
frame_ms,0.3996,
frame_ms,0.4524,
frame_ms,0.4054,
frame_ms,0.3905,
frame_ms,0.4231,
frame_ms,0.3976,
frame_ms,0.4725,
frame_ms,0.3967,
frame_ms,0.397,
frame_ms,0.3943,
frame_ms,0.467,
frame_ms,0.4167,
frame_ms,0.4082,
frame_ms,0.3988,
frame_ms,0.392,
frame_ms,0.3942,
frame_ms,0.3888,
frame_ms,0.3867,
frame_ms,0.4225,
frame_ms,0.4105,
frame_ms,0.3955,
frame_ms,0.3957,
frame_ms,0.4024,
frame_ms,0.4001,
frame_ms,0.3839,
frame_ms,0.3927,
frame_ms,0.3856,
frame_ms,0.3832,
frame_ms,0.3996,
frame_ms,0.3851,
frame_ms,0.3833,
frame_ms,0.4036,
frame_ms,0.3931,
frame_ms,0.3863,
frame_ms,0.399,
frame_ms,0.3832,
frame_ms,0.4224,
frame_ms,0.3875,
frame_ms,0.3851,
frame_ms,0.4999,
frame_ms,0.4601,
frame_ms,0.4281,
frame_ms,0.4237,
frame_ms,0.4747,
frame_ms,0.7556,
frame_ms,0.4184,
frame_ms,0.3944,
frame_ms,0.3873,
frame_ms,0.4566,
frame_ms,0.4506,
frame_ms,0.5167,
frame_ms,0.4765,
frame_ms,0.4974,
frame_ms,0.4051,
frame_ms,0.3971,
frame_ms,0.3911,
frame_ms,0.4004,
frame_ms,0.4104,
frame_ms,0.4034,
frame_ms,0.4034,
frame_ms,0.3972,
frame_ms,0.4074,
frame_ms,0.3886,
frame_ms,0.3899,
frame_ms,0.3896,
frame_ms,0.3857,
frame_ms,0.4073,
frame_ms,0.3858,
frame_ms,0.5161,
frame_ms,0.428,
frame_ms,0.4236,
frame_ms,0.4273,
frame_ms,0.436,
frame_ms,0.3964,
frame_ms,0.3899,
frame_ms,0.3893,
frame_ms,0.3887,
frame_ms,0.4582,
frame_ms,0.5598,
frame_ms,0.4382,
frame_ms,0.428,
frame_ms,0.6193,
frame_ms,0.4657,
frame_ms,0.4143,
frame_ms,0.4275,
frame_ms,0.3985,
frame_ms,0.4061,
frame_ms,0.3997,
frame_ms,0.3993,
frame_ms,0.4281,
frame_ms,0.4138,
frame_ms,0.4054,
frame_ms,0.4016,
frame_ms,0.3882,
frame_ms,0.3846,
frame_ms,0.3854,
frame_ms,0.4132,
frame_ms,0.3953,
frame_ms,0.4175,
frame_ms,0.4533,
frame_ms,0.4071,
frame_ms,0.4471,
frame_ms,0.3878,
frame_ms,0.3889,
frame_ms,0.3866,
frame_ms,0.4088,
frame_ms,0.3905,
frame_ms,0.4101,
frame_ms,0.3937,
frame_ms,0.4386,
frame_ms,0.4369,
frame_ms,0.392,
frame_ms,0.3873,
frame_ms,0.3848,
frame_ms,0.3816,
frame_ms,0.3879,
frame_ms,0.3933,
frame_ms,0.382,
frame_ms,0.4238,
frame_ms,0.3835,
frame_ms,0.4527,
frame_ms,0.5181,
frame_ms,0.549,
frame_ms,0.409,
frame_ms,0.4047,
frame_ms,0.4183,
frame_ms,0.4084,
frame_ms,0.4465,
frame_ms,0.4667,
frame_ms,0.4325,
frame_ms,0.4234,
frame_ms,0.442,
frame_ms,0.4387,
frame_ms,0.4357,
frame_ms,0.4492,
frame_ms,0.4192,
frame_ms,0.7028,
frame_ms,0.5581,
frame_ms,0.4442,
frame_ms,0.4315,
frame_ms,0.5028,
frame_ms,0.6106,
frame_ms,0.4013,
frame_ms,0.3964,
frame_ms,0.4037,
frame_ms,0.529,
frame_ms,0.4278,
frame_ms,0.4047,
frame_ms,0.4384,
frame_ms,0.4158,
frame_ms,0.3994,
frame_ms,0.4157,
frame_ms,0.3954,
frame_ms,0.3946,
frame_ms,0.6119,
frame_ms,0.5028,
frame_ms,0.4796,
frame_ms,0.5085,
frame_ms,0.4205,
frame_ms,0.4164,
frame_ms,0.3967,
frame_ms,0.4105,
frame_ms,0.403,
frame_ms,0.3949,
frame_ms,0.4279,
frame_ms,0.3905,
frame_ms,0.3848,
frame_ms,0.4279,
frame_ms,0.3997,
frame_ms,0.4028,
frame_ms,0.3989,
frame_ms,0.3878,
frame_ms,0.3943,
frame_ms,0.4037,
frame_ms,0.4495,
frame_ms,0.4001,
frame_ms,0.4062,
frame_ms,0.3945,
frame_ms,0.4096,
frame_ms,0.4347,
frame_ms,0.3879,
frame_ms,0.4181,
frame_ms,0.3939,
frame_ms,0.3924,
frame_ms,0.3972,
frame_ms,0.4007,
frame_ms,0.4177,
frame_ms,0.3958,
frame_ms,0.3924,
frame_ms,0.3945,
frame_ms,0.4261,
frame_ms,0.4058,
frame_ms,0.3851,
frame_ms,0.4832,
frame_ms,0.4314,
frame_ms,0.5997,
frame_ms,0.6728,
frame_ms,0.6397,
frame_ms,0.4464,
frame_ms,0.4019,
frame_ms,0.3988,
frame_ms,0.3923,
frame_ms,0.4056,
frame_ms,0.4914,
frame_ms,0.5624,
frame_ms,0.5655,
frame_ms,0.536,
frame_ms,0.4447,
frame_ms,0.4024,
frame_ms,0.3968,
frame_ms,0.3974,
frame_ms,0.3977,
frame_ms,0.4654,
frame_ms,0.5146,
frame_ms,0.496,
frame_ms,0.4293,
frame_ms,0.4419,
frame_ms,0.4136,
frame_ms,0.4064,
frame_ms,0.408,
frame_ms,0.4069,
frame_ms,0.4756,
frame_ms,0.6458,
frame_ms,0.6434,
frame_ms,0.5424,
frame_ms,0.4543,
frame_ms,0.4144,
frame_ms,0.4515,
frame_ms,0.4214,
frame_ms,0.3982,
frame_ms,0.4223,
frame_ms,0.392,
frame_ms,0.3943,
frame_ms,0.4261,
frame_ms,0.4097,
frame_ms,0.3891,
frame_ms,0.3871,
frame_ms,0.3871,
frame_ms,0.3914,
frame_ms,0.3887,
frame_ms,0.3841,
frame_ms,0.5144,
frame_ms,0.4227,
frame_ms,0.4141,
frame_ms,0.4626,
frame_ms,0.5154,
frame_ms,0.4125,
frame_ms,0.4141,
frame_ms,0.4092,
frame_ms,0.3989,
frame_ms,0.4064,
frame_ms,0.446,
frame_ms,0.6749,
frame_ms,0.5716,
frame_ms,0.5263,
frame_ms,0.5107,
frame_ms,0.5074,
frame_ms,0.5084,
frame_ms,0.6016,
frame_ms,0.7128,
frame_ms,0.4742,
frame_ms,0.4054,
frame_ms,0.4549,
frame_ms,0.4698,
frame_ms,0.4063,
frame_ms,0.398,
frame_ms,0.4129,
frame_ms,0.4997,
frame_ms,0.4498,
frame_ms,0.4259,
frame_ms,0.4549,
frame_ms,0.4959,
frame_ms,0.4098,
frame_ms,0.438,
frame_ms,0.4095,
frame_ms,0.4003,
frame_ms,0.3996,
frame_ms,0.4369,
frame_ms,0.4222,
frame_ms,0.4107,
frame_ms,0.4541,
frame_ms,0.4032,
frame_ms,0.3964,
frame_ms,0.4,
frame_ms,0.3985,
frame_ms,0.3925,
frame_ms,0.4165,
frame_ms,0.402,
frame_ms,0.3992,
frame_ms,0.3997,
frame_ms,0.4336,
frame_ms,0.3968,
frame_ms,0.4006,
frame_ms,0.3914,
frame_ms,0.3988,
frame_ms,0.4105,
frame_ms,0.4009,
frame_ms,0.412,
frame_ms,0.4141,
frame_ms,0.4001,
frame_ms,0.4094,
frame_ms,0.3981,
frame_ms,0.3927,
frame_ms,0.3905,
frame_ms,0.4206,
frame_ms,0.391,
frame_ms,0.3883,
frame_ms,0.5378,
frame_ms,0.5136,
frame_ms,0.6329,
frame_ms,0.3973,
frame_ms,0.3962,
frame_ms,0.406,
frame_ms,0.3925,
frame_ms,0.4001,
frame_ms,0.3886,
frame_ms,0.4314,
frame_ms,0.4191,
frame_ms,0.4132,
frame_ms,0.4127,
frame_ms,0.4054,
frame_ms,0.3948,
frame_ms,0.3895,
frame_ms,0.426,
frame_ms,0.3943,
frame_ms,0.3889,
frame_ms,0.4598,
frame_ms,0.4504,
frame_ms,0.4133,
frame_ms,0.4018,
frame_ms,0.407,
frame_ms,0.4526,
frame_ms,0.3926,
frame_ms,0.3912,
frame_ms,0.411,
frame_ms,0.4008,
frame_ms,0.4326,
frame_ms,0.4387,
frame_ms,0.42,
frame_ms,0.4071,
frame_ms,0.4534,
frame_ms,0.3962,
frame_ms,0.3947,
frame_ms,0.4038,
frame_ms,0.3881,
frame_ms,0.3971,
frame_ms,0.4063,
frame_ms,0.3986,
frame_ms,0.392,
frame_ms,0.4114,
frame_ms,0.4001,
frame_ms,0.3942,
frame_ms,0.4663,
frame_ms,0.3896,
frame_ms,0.3874,
frame_ms,0.4046,
frame_ms,0.3891,
frame_ms,0.4287,
frame_ms,0.3956,
frame_ms,0.3975,
frame_ms,0.4172,
frame_ms,0.408,
frame_ms,0.3887,
frame_ms,0.3881,
frame_ms,0.3863,
frame_ms,0.3971,
frame_ms,0.3902,
frame_ms,0.4666,
frame_ms,0.6924,
frame_ms,0.5234,
frame_ms,0.4238,
frame_ms,0.4104,
frame_ms,0.436,
frame_ms,0.4415,
frame_ms,0.4072,
frame_ms,0.4013,
frame_ms,0.3996,
frame_ms,0.4149,
frame_ms,0.437,
frame_ms,0.3974,
frame_ms,0.3994,
frame_ms,0.4304,
frame_ms,0.4038,
frame_ms,0.3941,
frame_ms,0.4042,
frame_ms,0.3868,
frame_ms,0.4603,
frame_ms,0.5113,
frame_ms,0.4518,
frame_ms,0.4863,
frame_ms,0.4483,
frame_ms,0.4147,
frame_ms,0.4133,
frame_ms,0.4147,
frame_ms,0.4058,
frame_ms,0.4781,
frame_ms,0.422,
frame_ms,0.403,
frame_ms,0.3995,
frame_ms,0.4153,
frame_ms,0.396,
frame_ms,0.3924,
frame_ms,0.4103,
frame_ms,0.3951,
frame_ms,0.472,
frame_ms,0.4233,
frame_ms,0.5445,
frame_ms,0.4249,
frame_ms,0.4452,
frame_ms,0.4534,
frame_ms,0.4118,
frame_ms,0.4079,
frame_ms,0.4079,
frame_ms,0.4017,
frame_ms,0.4536,
frame_ms,0.4732,
frame_ms,0.4415,
frame_ms,0.4188,
frame_ms,0.4545,
frame_ms,0.4128,
frame_ms,0.3959,
frame_ms,0.4039,
frame_ms,0.4214,
frame_ms,0.4499,
frame_ms,0.4067,
frame_ms,0.5296,
frame_ms,0.6327,
frame_ms,0.5985,
frame_ms,0.5462,
frame_ms,0.4785,
frame_ms,0.409,
frame_ms,0.3994,
frame_ms,0.3919,
frame_ms,0.4668,
frame_ms,0.4619,
frame_ms,0.4412,
frame_ms,0.4641,
frame_ms,0.4715,
frame_ms,0.5589,
frame_ms,0.4199,
frame_ms,0.4027,
frame_ms,0.3932,
frame_ms,0.3993,
frame_ms,0.5833,
frame_ms,0.4539,
frame_ms,0.4328,
frame_ms,0.4908,
frame_ms,0.4894,
frame_ms,0.4038,
frame_ms,0.4,
frame_ms,0.408,
frame_ms,0.4127,
frame_ms,0.8116,
frame_ms,0.5177,
frame_ms,0.5815,
frame_ms,0.4195,
frame_ms,0.4012,
frame_ms,0.3962,
frame_ms,0.4008,
frame_ms,0.4043,
frame_ms,0.4671,
frame_ms,0.4594,
frame_ms,0.415,
frame_ms,0.4393,
frame_ms,0.4241,
frame_ms,0.427,
frame_ms,0.3999,
frame_ms,0.4339,
frame_ms,0.4226,
frame_ms,0.4097,
frame_ms,0.4753,
frame_ms,0.4476,
frame_ms,0.8956,
frame_ms,0.5118,
frame_ms,0.4246,
frame_ms,0.4144,
frame_ms,0.3996,
frame_ms,0.3937,
frame_ms,0.3903,
frame_ms,0.5175,
frame_ms,0.4082,
frame_ms,0.407,
frame_ms,0.4501,
frame_ms,0.5322,
frame_ms,0.4181,
frame_ms,0.4119,
frame_ms,0.4149,
frame_ms,0.4073,
frame_ms,0.4774,
frame_ms,0.4485,
frame_ms,0.4236,
frame_ms,0.4235,
frame_ms,0.5986,
frame_ms,0.5142,
frame_ms,0.4361,
frame_ms,0.3994,
frame_ms,0.4091,
frame_ms,0.4807,
frame_ms,0.5092,
frame_ms,0.4443,
frame_ms,0.4252,
frame_ms,0.4791,
frame_ms,0.486,
frame_ms,0.4042,
frame_ms,0.3933,
frame_ms,0.3987,
frame_ms,0.402,
frame_ms,0.5404,
frame_ms,0.5076,
frame_ms,0.4571,
frame_ms,0.4267,
frame_ms,0.4341,
frame_ms,0.4201,
frame_ms,0.4406,
frame_ms,0.4099,
frame_ms,0.4072,
frame_ms,0.4707,
frame_ms,0.4867,
frame_ms,0.4245,
frame_ms,0.4218,
frame_ms,0.5257,
frame_ms,0.4197,
frame_ms,0.4098,
frame_ms,0.4022,
frame_ms,0.4093,
frame_ms,0.4129,
frame_ms,0.3983,
frame_ms,0.4023,
frame_ms,0.4186,
frame_ms,0.462,
frame_ms,0.3998,
frame_ms,0.3954,
frame_ms,0.3963,
frame_ms,0.3976,
frame_ms,0.406,
frame_ms,0.3986,
frame_ms,0.4185,
frame_ms,0.4529,
frame_ms,0.4154,
frame_ms,0.4149,
frame_ms,0.3966,
frame_ms,0.3931,
frame_ms,0.4104,
frame_ms,0.4008,
frame_ms,0.5136,
frame_ms,0.5126,
frame_ms,0.4681,
frame_ms,0.417,
frame_ms,0.402,
frame_ms,0.4199,
frame_ms,0.393,
frame_ms,0.3899,
frame_ms,0.3878,
frame_ms,0.387,
frame_ms,0.3949,
frame_ms,0.4147,
frame_ms,0.396,
frame_ms,0.4108,
frame_ms,0.3993,
frame_ms,0.4178,
frame_ms,0.3948,
frame_ms,0.3906,
frame_ms,0.4175,
frame_ms,0.3885,
frame_ms,0.4025,
frame_ms,0.3854,
frame_ms,0.3978,
frame_ms,0.443,
frame_ms,0.3975,
frame_ms,0.4095,
frame_ms,0.3894,
frame_ms,0.3804,
frame_ms,0.3835,
frame_ms,0.3877,
frame_ms,0.3862,
frame_ms,0.3853,
frame_ms,0.4301,
frame_ms,0.4767,
frame_ms,0.4436,
frame_ms,0.467,
frame_ms,0.6201,
frame_ms,0.4539,
frame_ms,0.4081,
frame_ms,0.3958,
frame_ms,0.4112,
frame_ms,0.4443,
frame_ms,0.4994,
frame_ms,0.4462,
frame_ms,0.4225,
frame_ms,0.4978,
frame_ms,0.4397,
frame_ms,0.3955,
frame_ms,0.3904,
frame_ms,0.3967,
frame_ms,0.3958,
frame_ms,0.4369,
frame_ms,0.4077,
frame_ms,0.4371,
frame_ms,0.413,
frame_ms,0.4226,
frame_ms,0.3969,
frame_ms,0.3901,
frame_ms,0.406,
frame_ms,0.3905,
frame_ms,0.3867,
frame_ms,0.4316,
frame_ms,0.4069,
frame_ms,0.4089,
frame_ms,0.4514,
frame_ms,0.4201,
frame_ms,0.3931,
frame_ms,0.4021,
frame_ms,0.4179,
frame_ms,0.3953,
frame_ms,0.3959,
frame_ms,0.6608,
frame_ms,0.6209,
frame_ms,0.8248,
frame_ms,0.8005,
frame_ms,0.5252,
frame_ms,0.515,
frame_ms,0.4577,
frame_ms,0.4119,
frame_ms,0.4062,
frame_ms,0.4075,
frame_ms,0.4754,
frame_ms,0.3921,
frame_ms,0.3858,
frame_ms,0.4028,
frame_ms,0.3897,
frame_ms,0.3971,
frame_ms,0.3822,
frame_ms,0.4662,
frame_ms,0.4408,
frame_ms,0.4224,
frame_ms,0.4166,
frame_ms,0.4134,
frame_ms,0.3932,
frame_ms,0.39,
frame_ms,0.3888,
frame_ms,0.4056,
frame_ms,0.403,
frame_ms,0.4364,
frame_ms,0.4235,
frame_ms,0.4418,
frame_ms,0.4094,
frame_ms,0.4458,
frame_ms,0.3901,
frame_ms,0.3894,
frame_ms,0.3881,
frame_ms,0.419,
frame_ms,0.4164,
frame_ms,1.0714,
frame_ms,0.4839,
frame_ms,0.4276,
frame_ms,0.3964,
frame_ms,0.3907,
frame_ms,0.4344,
frame_ms,0.3954,
frame_ms,0.3897,
frame_ms,0.3894,
frame_ms,0.5078,
frame_ms,0.4395,
frame_ms,0.4092,
frame_ms,0.4114,
frame_ms,0.4771,
frame_ms,0.4072,
frame_ms,0.3996,
frame_ms,0.3885,
frame_ms,0.3983,
frame_ms,0.4095,
frame_ms,0.4833,
frame_ms,0.4086,
frame_ms,0.4253,
frame_ms,0.4531,
frame_ms,0.3968,
frame_ms,0.3895,
frame_ms,0.3886,
frame_ms,0.3864,
frame_ms,0.3931,
frame_ms,0.3959,
frame_ms,0.3983,
frame_ms,0.399,
frame_ms,0.4025,
frame_ms,0.4064,
frame_ms,0.3897,
frame_ms,0.4071,
frame_ms,0.678,
frame_ms,0.454,
frame_ms,0.3962,
frame_ms,0.4288,
frame_ms,0.4089,
frame_ms,0.4101,
frame_ms,0.3998,
frame_ms,0.4083,
frame_ms,0.3851,
frame_ms,0.4589,
frame_ms,0.3971,
frame_ms,0.3986,
frame_ms,0.3887,
frame_ms,0.4429,
frame_ms,0.4424,
frame_ms,0.4116,
frame_ms,0.4015,
frame_ms,0.4149,
frame_ms,0.4074,
frame_ms,0.3931,
frame_ms,0.4259,
frame_ms,0.3921,
frame_ms,0.3957,
frame_ms,0.4041,
frame_ms,0.4094,
frame_ms,0.3944,
frame_ms,0.397,
frame_ms,0.4167,
frame_ms,0.3999,
frame_ms,0.3907,
frame_ms,0.3967,
frame_ms,0.4137,
frame_ms,0.3897,
frame_ms,0.3839,
frame_ms,0.3964,
frame_ms,0.384,
frame_ms,0.3946,
frame_ms,0.4252,
frame_ms,0.437,
frame_ms,0.4546,
frame_ms,0.4192,
frame_ms,0.3833,
frame_ms,0.4274,
frame_ms,0.3833,
frame_ms,0.394,
frame_ms,0.4009,
frame_ms,0.4179,
frame_ms,0.403,
frame_ms,0.3992,
frame_ms,0.404,
frame_ms,0.3995,
frame_ms,0.3916,
frame_ms,0.3916,
frame_ms,0.3832,
frame_ms,0.4964,
frame_ms,0.5227,
frame_ms,0.4592,
frame_ms,0.4444,
frame_ms,0.4407,
frame_ms,0.4536,
frame_ms,0.4201,
frame_ms,0.4084,
frame_ms,0.4035,
frame_ms,0.5558,
frame_ms,0.4733,
frame_ms,0.4235,
frame_ms,0.4168,
frame_ms,0.4157,
frame_ms,0.3921,
frame_ms,0.3897,
frame_ms,0.4246,
frame_ms,0.3888,
frame_ms,0.3956,
frame_ms,0.4892,
frame_ms,0.4863,
frame_ms,0.4274,
frame_ms,0.418,
frame_ms,0.5791,
frame_ms,0.5366,
frame_ms,0.3926,
frame_ms,0.3905,
frame_ms,0.4,
frame_ms,0.3998,
frame_ms,0.631,
frame_ms,0.6527,
frame_ms,0.6103,
frame_ms,0.4219,
frame_ms,0.3962,
frame_ms,0.3908,
frame_ms,0.3971,
frame_ms,0.4016,
frame_ms,0.4621,
frame_ms,0.4705,
frame_ms,0.4293,
frame_ms,0.4438,
frame_ms,0.4703,
frame_ms,0.4107,
frame_ms,0.3859,
frame_ms,0.3865,
frame_ms,0.4061,
frame_ms,0.3856,
frame_ms,0.506,
frame_ms,0.567,
frame_ms,0.459,
frame_ms,0.4134,
frame_ms,0.3947,
frame_ms,0.4242,
frame_ms,0.3906,
frame_ms,0.3885,
frame_ms,0.3874,
frame_ms,0.3869,
frame_ms,0.8489,
frame_ms,0.4435,
frame_ms,0.3969,
frame_ms,0.3961,
frame_ms,0.4023,
frame_ms,0.4137,
frame_ms,0.3861,
frame_ms,0.393,
frame_ms,0.3921,
frame_ms,0.3892,
frame_ms,0.3859,
frame_ms,0.3947,
frame_ms,0.4167,
frame_ms,0.3933,
frame_ms,0.3896,
frame_ms,0.3813,
frame_ms,0.3917,
frame_ms,0.3808,
frame_ms,0.3829,
frame_ms,0.3998,
frame_ms,0.3896,
frame_ms,0.3879,
frame_ms,0.3809,
frame_ms,0.4197,
frame_ms,0.4017,
frame_ms,0.3853,
frame_ms,0.382,
frame_ms,0.3807,
frame_ms,0.3795,
frame_ms,0.3745,
frame_ms,0.3961,
frame_ms,0.4095,
frame_ms,0.3984,
frame_ms,0.382,
frame_ms,0.3917,
frame_ms,0.3888,
frame_ms,0.3794,
frame_ms,0.3864,
frame_ms,0.3788,
frame_ms,0.5475,
frame_ms,0.5425,
frame_ms,0.4244,
frame_ms,0.421,
frame_ms,0.4082,
frame_ms,0.4096,
frame_ms,0.3922,
frame_ms,0.3962,
frame_ms,0.3882,
frame_ms,0.3944,
frame_ms,0.3881,
frame_ms,0.4251,
frame_ms,0.397,
frame_ms,0.4362,
frame_ms,0.4122,
frame_ms,0.4014,
frame_ms,0.3858,
frame_ms,0.3847,
frame_ms,0.4271,
frame_ms,0.3946,
frame_ms,0.3917,
frame_ms,0.386,
frame_ms,0.3914,
frame_ms,0.4256,
frame_ms,0.4033,
frame_ms,0.4177,
frame_ms,0.4099,
frame_ms,0.3906,
frame_ms,0.3994,
frame_ms,0.3936,
frame_ms,0.3859,
frame_ms,0.3858,
frame_ms,0.4098,
frame_ms,0.4034,
frame_ms,0.4048,
frame_ms,0.3947,
frame_ms,0.4456,
frame_ms,0.3858,
frame_ms,0.4282,
frame_ms,0.4004,
frame_ms,0.3808,
frame_ms,0.386,
frame_ms,0.3788,
frame_ms,0.3885,
frame_ms,0.4411,
frame_ms,0.4131,
frame_ms,0.4029,
frame_ms,0.3974,
frame_ms,0.3769,
frame_ms,0.3867,
frame_ms,0.3783,
frame_ms,0.3765,
frame_ms,0.3775,
frame_ms,0.4696,
frame_ms,0.4471,
frame_ms,0.4437,
frame_ms,0.416,
frame_ms,0.4134,
frame_ms,0.4029,
frame_ms,0.4051,
frame_ms,0.3945,
frame_ms,0.3878,
frame_ms,0.3992,
frame_ms,0.4308,
frame_ms,0.4157,
frame_ms,0.4177,
frame_ms,0.4211,
frame_ms,0.4021,
frame_ms,0.3929,
frame_ms,0.3977,
frame_ms,0.419,
frame_ms,0.3875,
frame_ms,0.3986,
frame_ms,0.4577,
frame_ms,0.5085,
frame_ms,0.4446,
frame_ms,0.6217,
frame_ms,0.629,
frame_ms,0.5276,
frame_ms,0.5369,
frame_ms,0.4329,
frame_ms,0.4457,
frame_ms,0.4092,
frame_ms,0.4679,
frame_ms,0.3998,
frame_ms,0.44,
frame_ms,0.4009,
frame_ms,0.386,
frame_ms,0.3912,
frame_ms,0.4011,
frame_ms,0.3782,
frame_ms,0.381,
frame_ms,0.4869,
frame_ms,0.4249,
frame_ms,0.427,
frame_ms,0.4607,
frame_ms,0.4608,
frame_ms,0.3924,
frame_ms,0.3892,
frame_ms,0.3885,
frame_ms,0.3938,
frame_ms,0.4499,
frame_ms,0.4141,
frame_ms,0.4136,
frame_ms,0.3929,
frame_ms,0.4169,
frame_ms,0.3973,
frame_ms,0.3801,
frame_ms,0.3795,
frame_ms,0.3772,
frame_ms,0.3781,
frame_ms,0.3861,
frame_ms,0.3809,
frame_ms,0.6655,
frame_ms,0.6206,
frame_ms,0.5826,
frame_ms,0.491,
frame_ms,0.4279,
frame_ms,0.4046,
frame_ms,0.3978,
frame_ms,0.4429,
frame_ms,0.4068,
frame_ms,0.4237,
frame_ms,0.3982,
frame_ms,0.4175,
frame_ms,0.4019,
frame_ms,0.3939,
frame_ms,0.382,
frame_ms,0.3816,
frame_ms,0.3823,
frame_ms,0.3912,
frame_ms,0.3875,
frame_ms,0.412,
frame_ms,0.4139,
frame_ms,0.4363,
frame_ms,0.401,
frame_ms,0.3846,
frame_ms,0.3822,
frame_ms,0.3986,
frame_ms,0.3803,
frame_ms,0.3911,
frame_ms,0.4161,
frame_ms,0.4579,
frame_ms,0.5725,
frame_ms,0.5561,
frame_ms,0.5781,
frame_ms,0.5204,
frame_ms,0.5073,
frame_ms,0.5226,
frame_ms,0.578,
frame_ms,0.5175,
frame_ms,0.4123,
frame_ms,0.4169,
frame_ms,0.4241,
frame_ms,0.3934,
frame_ms,0.391,
frame_ms,0.3891,
frame_ms,0.3893,
frame_ms,0.4094,
frame_ms,0.5038,
frame_ms,0.4422,
frame_ms,0.4252,
frame_ms,0.4161,
frame_ms,0.4777,
frame_ms,0.4098,
frame_ms,0.4231,
frame_ms,0.391,
frame_ms,0.3998,
frame_ms,0.3872,
frame_ms,0.5297,
frame_ms,0.4407,
frame_ms,0.418,
frame_ms,0.4126,
frame_ms,0.4471,
frame_ms,0.4098,
frame_ms,0.4057,
frame_ms,0.4167,
frame_ms,0.4236,
frame_ms,0.4817,
frame_ms,0.4173,
frame_ms,0.3926,
frame_ms,0.4134,
frame_ms,0.4331,
frame_ms,0.4793,
frame_ms,0.4432,
frame_ms,0.3996,
frame_ms,0.3906,
frame_ms,0.4327,
frame_ms,0.4464,
frame_ms,0.4307,
frame_ms,0.4093,
frame_ms,0.414,
frame_ms,0.4151,
frame_ms,0.4098,
frame_ms,0.3949,
frame_ms,0.3969,
frame_ms,0.3831,
frame_ms,0.4407,
frame_ms,0.4988,
frame_ms,0.5383,
frame_ms,0.5647,
frame_ms,0.5193,
frame_ms,0.5099,
frame_ms,0.5187,
frame_ms,0.5079,
frame_ms,0.5074,
frame_ms,0.5876,
frame_ms,0.4715,
frame_ms,0.4447,
frame_ms,0.4275,
frame_ms,0.509,
frame_ms,0.4059,
frame_ms,0.4907,
frame_ms,0.4112,
frame_ms,0.4071,
frame_ms,0.4463,
frame_ms,0.469,
frame_ms,0.4439,
frame_ms,0.4528,
frame_ms,0.496,
frame_ms,0.5699,
frame_ms,0.4031,
frame_ms,0.3948,
frame_ms,0.4019,
frame_ms,0.3983,
frame_ms,0.4141,
frame_ms,0.4223,
frame_ms,0.4001,
frame_ms,0.4422,
frame_ms,0.3916,
frame_ms,0.3883,
frame_ms,0.3848,
frame_ms,0.383,
frame_ms,0.3929,
frame_ms,0.3986,
frame_ms,0.3807,
frame_ms,0.3854,
frame_ms,0.3939,
frame_ms,0.4007,
frame_ms,0.4117,
frame_ms,0.3933,
frame_ms,0.3808,
frame_ms,0.3813,
frame_ms,0.3898,
frame_ms,0.3802,
frame_ms,0.4425,
frame_ms,0.4052,
frame_ms,0.4292,
frame_ms,0.4098,
frame_ms,0.4006,
frame_ms,0.3804,
frame_ms,0.3799,
frame_ms,0.3794,
frame_ms,0.391,
frame_ms,0.3836,
frame_ms,0.388,
frame_ms,0.4384,
frame_ms,0.4797,
frame_ms,0.4349,
frame_ms,0.4132,
frame_ms,0.4831,
frame_ms,0.5036,
frame_ms,0.4207,
frame_ms,0.389,
frame_ms,0.3971,
frame_ms,0.4399,
frame_ms,0.4731,
frame_ms,0.4472,
frame_ms,0.4227,
frame_ms,0.4689,
frame_ms,0.4351,
frame_ms,0.3977,
frame_ms,0.3933,
frame_ms,0.4395,
frame_ms,0.4212,
frame_ms,0.4975,
frame_ms,0.4196,
frame_ms,0.4156,
frame_ms,0.4777,
frame_ms,0.4706,
frame_ms,0.4049,
frame_ms,0.4114,
frame_ms,0.403,
frame_ms,0.4014,
frame_ms,0.3897,
frame_ms,0.5137,
frame_ms,0.43,
frame_ms,0.4093,
frame_ms,0.4336,
frame_ms,0.4477,
frame_ms,0.398,
frame_ms,0.406,
frame_ms,0.5387,
frame_ms,0.4063,
frame_ms,0.4393,
frame_ms,0.3944,
frame_ms,0.4205,
frame_ms,0.399,
frame_ms,0.3903,
frame_ms,0.3919,
frame_ms,0.4018,
frame_ms,0.3989,
frame_ms,0.3902,
frame_ms,0.4114,
frame_ms,0.4397,
frame_ms,0.5105,
frame_ms,0.544,
frame_ms,0.4271,
frame_ms,0.4789,
frame_ms,0.4162,
frame_ms,0.4416,
frame_ms,0.4015,
frame_ms,0.398,
frame_ms,0.3859,
frame_ms,0.4889,
frame_ms,0.4289,
frame_ms,0.3984,
frame_ms,0.4023,
frame_ms,0.4502,
frame_ms,0.4019,
frame_ms,0.3909,
frame_ms,0.3826,
frame_ms,0.3919,
frame_ms,0.3821,
frame_ms,0.4238,
frame_ms,0.3964,
frame_ms,0.3996,
frame_ms,0.4341,
frame_ms,0.3975,
frame_ms,0.3862,
frame_ms,0.3999,
frame_ms,0.3801,
frame_ms,0.4008,
frame_ms,0.3822,
frame_ms,0.457,
frame_ms,0.4762,
frame_ms,0.4585,
frame_ms,0.4382,
frame_ms,0.4425,
frame_ms,0.4466,
frame_ms,0.4171,
frame_ms,0.4119,
frame_ms,0.4083,
frame_ms,0.4692,
frame_ms,0.4854,
frame_ms,0.418,
frame_ms,0.4074,
frame_ms,0.412,
frame_ms,0.3918,
frame_ms,0.3919,
frame_ms,0.3988,
frame_ms,0.3862,
frame_ms,0.3955,
frame_ms,0.3959,
frame_ms,0.5184,
frame_ms,0.5107,
frame_ms,0.4678,
frame_ms,0.449,
frame_ms,0.4702,
frame_ms,0.4156,
frame_ms,0.4231,
frame_ms,0.3918,
frame_ms,0.3964,
frame_ms,0.4024,
frame_ms,0.4005,
frame_ms,0.4128,
frame_ms,0.4017,
frame_ms,0.3911,
frame_ms,0.3881,
frame_ms,0.3901,
frame_ms,0.4156,
frame_ms,0.3859,
frame_ms,0.391,
frame_ms,0.3865,
frame_ms,0.3916,
frame_ms,0.4138,
frame_ms,0.392,
frame_ms,0.4317,
frame_ms,0.4013,
frame_ms,0.3827,
frame_ms,0.3914,
frame_ms,0.3844,
frame_ms,0.3851,
frame_ms,0.3966,
frame_ms,0.4006,
frame_ms,0.392,
frame_ms,0.3998,
frame_ms,0.3953,
frame_ms,0.3949,
frame_ms,0.3828,
frame_ms,0.3946,
frame_ms,0.3779,
frame_ms,0.3809,
frame_ms,0.3995,
frame_ms,0.3792,
frame_ms,0.5201,
frame_ms,0.4367,
frame_ms,0.4079,
frame_ms,0.4067,
frame_ms,0.403,
frame_ms,0.3919,
frame_ms,0.3928,
frame_ms,0.3933,
frame_ms,0.3883,
frame_ms,0.5094,
frame_ms,0.4404,
frame_ms,0.4231,
frame_ms,0.4101,
frame_ms,0.8148,
frame_ms,0.42,
frame_ms,0.4287,
frame_ms,0.3938,
frame_ms,0.3986,
frame_ms,0.3912,
frame_ms,0.3863,
frame_ms,0.5686,
frame_ms,0.5687,
frame_ms,0.5712,
frame_ms,0.4606,
frame_ms,0.3999,
frame_ms,0.3877,
frame_ms,0.384,
frame_ms,0.3908,
frame_ms,0.3923,
frame_ms,0.4078,
frame_ms,0.393,
frame_ms,0.4383,
frame_ms,0.4006,
frame_ms,0.3881,
frame_ms,0.3986,
frame_ms,0.386,
frame_ms,0.3815,
frame_ms,0.3881,
frame_ms,0.3968,
frame_ms,0.3989,
frame_ms,0.4046,
frame_ms,0.3851,
frame_ms,0.386,
frame_ms,0.4104,
frame_ms,0.3799,
frame_ms,0.3788,
frame_ms,0.3794,
frame_ms,0.3795,
frame_ms,0.3941,
frame_ms,0.6127,
frame_ms,1.0027,
frame_ms,0.4469,
frame_ms,0.4067,
frame_ms,0.4019,
frame_ms,0.4086,
frame_ms,0.3981,
frame_ms,0.3988,
frame_ms,0.426,
frame_ms,0.4109,
frame_ms,0.4835,
frame_ms,0.4112,
frame_ms,0.406,
frame_ms,0.3869,
frame_ms,0.3868,
frame_ms,0.4324,
frame_ms,0.3896,
frame_ms,0.3886,
frame_ms,0.4135,
frame_ms,0.3962,
frame_ms,0.403,
frame_ms,0.395,
frame_ms,0.386,
frame_ms,0.4169,
frame_ms,0.3825,
frame_ms,0.3943,
frame_ms,0.3811,
frame_ms,0.3787,
frame_ms,0.3822,
frame_ms,0.5028,
frame_ms,0.4182,
frame_ms,0.4036,
