# mode=collision,n=2000,struct=quadtree,cell=64,depth=5,node=4,seed=44,warmup_s=2,measure_s=5,config=2D,ticks=996,frames=10750,measured_ticks=720,startup_ms=1211.98,glfw_first_draw_ms=1160.17,renderer=NVIDIA GeForce RTX 5060 Laptop GPU/PCIe/SSE2,gl=3.3.0 NVIDIA 592.01
kind,value,extra
startup_ms,1211.98,process_to_first_frame
glfw_ms,1160.17,glfw_init_to_first_frame
mem_ws_bytes,1.1223e+08,baseline
mem_private_bytes,1.79622e+08,baseline
mem_peak_ws_bytes,1.1223e+08,baseline
mem_ws_bytes,1.12824e+08,after_spawn
mem_private_bytes,1.80183e+08,after_spawn
mem_peak_ws_bytes,1.12824e+08,after_spawn
frame_ms,0.7131,
frame_ms,0.2635,
frame_ms,0.22,
frame_ms,0.2165,
frame_ms,0.225,
frame_ms,0.214,
frame_ms,0.2133,
frame_ms,0.2371,
tick_us,1730.7,4586
frame_ms,3.7777,
frame_ms,0.2569,
frame_ms,0.2198,
frame_ms,0.2141,
frame_ms,0.2125,
frame_ms,0.2341,
frame_ms,0.2302,
frame_ms,0.2114,
frame_ms,0.2079,
frame_ms,0.2378,
frame_ms,0.9535,
frame_ms,0.2494,
tick_us,1743.4,4594
frame_ms,3.7029,
frame_ms,0.25,
frame_ms,0.2162,
frame_ms,0.212,
frame_ms,0.2491,
frame_ms,0.4471,
frame_ms,0.3336,
frame_ms,0.3333,
frame_ms,0.329,
frame_ms,0.3112,
frame_ms,0.2432,
frame_ms,0.2109,
tick_us,1733.7,4616
frame_ms,3.6869,
frame_ms,0.2609,
frame_ms,0.2232,
frame_ms,0.2182,
frame_ms,0.2125,
frame_ms,0.7982,
frame_ms,0.3949,
frame_ms,0.3343,
frame_ms,0.3302,
frame_ms,0.3313,
tick_us,1752,4664
frame_ms,3.9165,
frame_ms,0.2837,
frame_ms,0.221,
frame_ms,0.2192,
frame_ms,0.2119,
frame_ms,0.2113,
frame_ms,0.2569,
frame_ms,0.2321,
frame_ms,0.2157,
frame_ms,0.2094,
frame_ms,0.9595,
frame_ms,0.268,
tick_us,1736.8,4630
frame_ms,3.7307,
frame_ms,0.2413,
frame_ms,0.2155,
frame_ms,0.2188,
frame_ms,0.2258,
frame_ms,0.2158,
frame_ms,0.2512,
frame_ms,0.367,
frame_ms,0.2432,
frame_ms,0.2207,
frame_ms,0.224,
frame_ms,0.2147,
frame_ms,0.2224,
frame_ms,0.2307,
tick_us,1773,4628
frame_ms,3.836,
frame_ms,0.2578,
frame_ms,0.2181,
frame_ms,0.2227,
frame_ms,0.8843,
frame_ms,0.2424,
frame_ms,0.2188,
frame_ms,0.2189,
frame_ms,0.2158,
frame_ms,0.2179,
frame_ms,0.2361,
frame_ms,0.2223,
tick_us,1788.6,4640
frame_ms,3.8141,
frame_ms,0.251,
frame_ms,0.2237,
frame_ms,0.2171,
frame_ms,0.2107,
frame_ms,0.2548,
frame_ms,0.2334,
frame_ms,0.2169,
frame_ms,0.2084,
frame_ms,0.2549,
frame_ms,0.875,
frame_ms,0.2566,
tick_us,1825.9,4642
frame_ms,3.8727,
frame_ms,0.2616,
frame_ms,0.2209,
frame_ms,0.2254,
frame_ms,0.2154,
frame_ms,0.2298,
frame_ms,0.2251,
frame_ms,0.2222,
frame_ms,0.2169,
frame_ms,0.2682,
frame_ms,0.2671,
frame_ms,0.2325,
frame_ms,0.2194,
frame_ms,0.211,
tick_us,1835.9,4612
frame_ms,3.8866,
frame_ms,0.2469,
frame_ms,0.2181,
frame_ms,0.2152,
frame_ms,0.7953,
frame_ms,0.4001,
frame_ms,0.3361,
frame_ms,0.3316,
frame_ms,0.3431,
tick_us,1820.1,4648
frame_ms,3.9703,
frame_ms,0.2757,
frame_ms,0.2223,
frame_ms,0.2162,
frame_ms,0.2128,
frame_ms,0.2497,
frame_ms,0.2282,
frame_ms,0.2102,
frame_ms,0.2304,
frame_ms,0.2114,
frame_ms,0.907,
tick_us,1906.1,4676
frame_ms,4.2058,
frame_ms,0.2811,
frame_ms,0.2417,
frame_ms,0.2238,
frame_ms,0.2163,
frame_ms,0.2145,
frame_ms,0.2676,
frame_ms,0.2292,
frame_ms,0.2134,
frame_ms,0.2101,
frame_ms,0.2472,
frame_ms,0.2259,
frame_ms,0.2117,
tick_us,1887.1,4704
frame_ms,4.0124,
frame_ms,0.2633,
frame_ms,0.2176,
frame_ms,0.2154,
frame_ms,0.7882,
frame_ms,0.2724,
frame_ms,0.2247,
frame_ms,0.2199,
frame_ms,0.2273,
frame_ms,0.2284,
frame_ms,0.2161,
frame_ms,0.2234,
tick_us,1937.2,4664
frame_ms,4.0275,
frame_ms,0.2481,
frame_ms,0.2147,
frame_ms,0.2206,
frame_ms,0.2119,
frame_ms,0.4135,
frame_ms,0.3586,
frame_ms,0.3361,
frame_ms,0.3275,
frame_ms,0.3685,
tick_us,2013.8,4654
frame_ms,4.2859,
frame_ms,0.3002,
frame_ms,0.2323,
frame_ms,0.2214,
frame_ms,0.2243,
frame_ms,0.2221,
frame_ms,0.2108,
frame_ms,0.2447,
frame_ms,0.2418,
frame_ms,0.2114,
frame_ms,0.2088,
frame_ms,0.2657,
frame_ms,0.2284,
tick_us,1855.6,4668
frame_ms,3.889,
frame_ms,0.2443,
frame_ms,0.2118,
frame_ms,0.2201,
frame_ms,0.8275,
frame_ms,0.3924,
frame_ms,0.3306,
frame_ms,0.3297,
frame_ms,0.3341,
tick_us,1837.7,4654
frame_ms,4.0694,
frame_ms,0.2577,
frame_ms,0.2197,
frame_ms,0.2227,
frame_ms,0.2156,
frame_ms,0.2107,
frame_ms,0.256,
frame_ms,0.2697,
frame_ms,0.232,
frame_ms,0.2172,
frame_ms,0.7829,
tick_us,1862.7,4650
frame_ms,4.0879,
frame_ms,0.2626,
frame_ms,0.216,
frame_ms,0.2209,
frame_ms,0.2182,
frame_ms,0.2502,
frame_ms,0.226,
frame_ms,0.2172,
frame_ms,0.2113,
frame_ms,0.2577,
frame_ms,0.2272,
frame_ms,0.2165,
frame_ms,0.2112,
frame_ms,0.2568,
tick_us,1831.5,4626
frame_ms,3.8936,
frame_ms,0.2414,
frame_ms,0.2128,
frame_ms,0.2112,
frame_ms,0.8362,
frame_ms,0.2352,
frame_ms,0.2136,
frame_ms,0.212,
frame_ms,0.2079,
frame_ms,0.2686,
frame_ms,0.2758,
frame_ms,0.2311,
tick_us,1884,4666
frame_ms,4.0079,
frame_ms,0.2896,
frame_ms,0.2179,
frame_ms,0.2199,
frame_ms,0.2188,
frame_ms,0.2181,
frame_ms,0.2289,
frame_ms,0.2101,
frame_ms,0.2819,
frame_ms,0.8112,
tick_us,1906.7,4682
frame_ms,4.1826,
frame_ms,0.2847,
frame_ms,0.2276,
frame_ms,0.2267,
frame_ms,0.2244,
frame_ms,0.2129,
frame_ms,0.2331,
frame_ms,0.2619,
frame_ms,0.2459,
frame_ms,0.2076,
frame_ms,0.2085,
frame_ms,0.2588,
frame_ms,0.2684,
tick_us,1911,4690
frame_ms,4.0871,
frame_ms,0.281,
frame_ms,0.2221,
frame_ms,0.2346,
frame_ms,0.6735,
frame_ms,0.2379,
frame_ms,0.2091,
frame_ms,0.2117,
frame_ms,0.2134,
frame_ms,0.2345,
frame_ms,0.2089,
frame_ms,0.2708,
tick_us,1923.7,4708
frame_ms,4.0442,
frame_ms,0.2362,
frame_ms,0.21,
frame_ms,0.2178,
frame_ms,0.2148,
frame_ms,0.2241,
frame_ms,0.2523,
frame_ms,0.2605,
frame_ms,0.2291,
frame_ms,0.8167,
frame_ms,0.2447,
tick_us,1911.8,4676
frame_ms,4.027,
frame_ms,0.2489,
frame_ms,0.2183,
frame_ms,0.2326,
frame_ms,0.2233,
frame_ms,0.2207,
frame_ms,0.2544,
frame_ms,0.2964,
frame_ms,0.2219,
frame_ms,0.2092,
frame_ms,0.2099,
frame_ms,0.2641,
frame_ms,0.2306,
tick_us,1913.4,4710
frame_ms,4.0498,
frame_ms,0.2488,
frame_ms,0.2302,
frame_ms,0.2211,
frame_ms,0.6314,
frame_ms,0.2529,
frame_ms,0.2556,
frame_ms,0.2155,
frame_ms,0.2153,
frame_ms,0.2078,
frame_ms,0.2654,
frame_ms,0.2623,
tick_us,1919.1,4684
frame_ms,4.0775,
frame_ms,0.3191,
frame_ms,0.3174,
frame_ms,0.2979,
frame_ms,0.2944,
frame_ms,0.2627,
frame_ms,0.2192,
frame_ms,0.217,
frame_ms,0.6957,
tick_us,2031.7,4686
frame_ms,4.5234,
frame_ms,0.298,
frame_ms,0.2339,
frame_ms,0.2657,
frame_ms,0.2597,
frame_ms,0.236,
frame_ms,0.2267,
frame_ms,0.2143,
frame_ms,0.2118,
frame_ms,0.2575,
frame_ms,0.2536,
frame_ms,0.2245,
tick_us,1974,4692
frame_ms,4.1665,
frame_ms,0.258,
frame_ms,0.2174,
frame_ms,0.2191,
frame_ms,0.4179,
frame_ms,0.2597,
frame_ms,0.2328,
frame_ms,0.2191,
frame_ms,0.2195,
frame_ms,0.2155,
frame_ms,0.2111,
frame_ms,0.2625,
tick_us,1944.9,4668
frame_ms,4.1412,
frame_ms,0.2729,
frame_ms,0.2246,
frame_ms,0.2234,
frame_ms,0.22,
frame_ms,0.2143,
frame_ms,0.2448,
frame_ms,0.2354,
frame_ms,0.9182,
frame_ms,0.2321,
tick_us,1960,4654
frame_ms,4.0838,
frame_ms,0.2379,
frame_ms,0.2124,
frame_ms,0.2143,
frame_ms,0.2278,
frame_ms,0.223,
frame_ms,0.2544,
frame_ms,0.2319,
frame_ms,0.218,
frame_ms,0.2114,
frame_ms,0.2656,
frame_ms,0.232,
frame_ms,0.2155,
tick_us,1970.1,4658
frame_ms,4.0726,
frame_ms,0.2467,
frame_ms,0.217,
frame_ms,0.219,
frame_ms,0.721,
frame_ms,0.3994,
frame_ms,0.3381,
frame_ms,0.336,
frame_ms,0.3286,
tick_us,2023.6,4676
frame_ms,4.3118,
frame_ms,0.264,
frame_ms,0.221,
frame_ms,0.2186,
frame_ms,0.2305,
frame_ms,0.2108,
frame_ms,0.2427,
frame_ms,0.2339,
frame_ms,0.9674,
frame_ms,0.2408,
tick_us,1896.5,4698
frame_ms,4.0425,
frame_ms,0.257,
frame_ms,0.2254,
frame_ms,0.2245,
frame_ms,0.3266,
frame_ms,0.3754,
frame_ms,0.3322,
frame_ms,0.3284,
frame_ms,0.3274,
frame_ms,0.3177,
tick_us,1937.7,4692
frame_ms,4.1322,
frame_ms,0.2509,
frame_ms,0.2218,
frame_ms,0.2175,
frame_ms,0.6963,
frame_ms,0.2673,
frame_ms,0.2288,
frame_ms,0.2197,
frame_ms,0.2143,
frame_ms,0.2118,
frame_ms,0.2473,
frame_ms,0.2297,
tick_us,1971.2,4678
frame_ms,4.1733,
frame_ms,0.2625,
frame_ms,0.2296,
frame_ms,0.2198,
frame_ms,0.2172,
frame_ms,0.2155,
frame_ms,0.2632,
frame_ms,0.269,
frame_ms,0.8788,
frame_ms,0.2487,
tick_us,1984.4,4674
frame_ms,4.1735,
frame_ms,0.2391,
frame_ms,0.2132,
frame_ms,0.2166,
frame_ms,0.2175,
frame_ms,0.2587,
frame_ms,0.2572,
frame_ms,0.2175,
frame_ms,0.2334,
frame_ms,0.2292,
frame_ms,0.2056,
frame_ms,0.2417,
tick_us,1973.7,4656
frame_ms,4.191,
frame_ms,0.2493,
frame_ms,0.2188,
frame_ms,0.2139,
frame_ms,0.6557,
frame_ms,0.2643,
frame_ms,0.2266,
frame_ms,0.2207,
frame_ms,0.2199,
frame_ms,0.2169,
frame_ms,0.2312,
frame_ms,0.2348,
tick_us,1967.5,4590
frame_ms,4.3,
frame_ms,0.2971,
frame_ms,0.2234,
frame_ms,0.2226,
frame_ms,0.22,
frame_ms,0.2152,
frame_ms,0.2321,
frame_ms,0.221,
frame_ms,0.802,
tick_us,1986.8,4606
frame_ms,4.3733,
frame_ms,0.2677,
frame_ms,0.2271,
frame_ms,0.2413,
frame_ms,0.2309,
frame_ms,0.2183,
frame_ms,0.2151,
frame_ms,0.2505,
frame_ms,0.2356,
frame_ms,0.2127,
frame_ms,0.2083,
frame_ms,0.2606,
tick_us,1997.9,4584
frame_ms,4.3288,
frame_ms,0.2529,
frame_ms,0.2135,
frame_ms,0.2151,
frame_ms,0.5216,
frame_ms,0.2674,
frame_ms,0.2226,
frame_ms,0.216,
frame_ms,0.2252,
frame_ms,0.2178,
frame_ms,0.2066,
frame_ms,0.2695,
tick_us,2000.5,4590
frame_ms,4.3004,
frame_ms,0.2561,
frame_ms,0.2178,
frame_ms,0.2122,
frame_ms,0.2125,
frame_ms,0.2469,
frame_ms,0.2696,
frame_ms,0.2556,
frame_ms,0.7232,
frame_ms,0.2322,
tick_us,2040.4,4592
frame_ms,4.3233,
frame_ms,0.2782,
frame_ms,0.2223,
frame_ms,0.2195,
frame_ms,0.2154,
frame_ms,0.2368,
frame_ms,0.2105,
frame_ms,0.2641,
frame_ms,0.2278,
frame_ms,0.2102,
frame_ms,0.2607,
frame_ms,0.2571,
tick_us,2078.1,4620
frame_ms,4.3889,
frame_ms,0.2501,
frame_ms,0.2242,
frame_ms,0.2196,
frame_ms,0.477,
frame_ms,0.2601,
frame_ms,0.2324,
frame_ms,0.2102,
frame_ms,0.2145,
frame_ms,0.212,
frame_ms,0.2124,
tick_us,2090.4,4622
frame_ms,4.4252,
frame_ms,0.2739,
frame_ms,0.2167,
frame_ms,0.2216,
frame_ms,0.2105,
frame_ms,0.2098,
frame_ms,0.2603,
frame_ms,0.9888,
frame_ms,0.2372,
tick_us,2099.1,4662
frame_ms,4.4775,
frame_ms,0.2492,
frame_ms,0.2135,
frame_ms,0.2178,
frame_ms,0.2154,
frame_ms,0.2355,
frame_ms,0.2663,
frame_ms,0.2555,
frame_ms,0.227,
frame_ms,0.217,
frame_ms,0.2119,
tick_us,2099.4,4648
frame_ms,4.423,
frame_ms,0.2591,
frame_ms,0.2242,
frame_ms,0.2227,
frame_ms,0.3736,
frame_ms,0.2511,
frame_ms,0.225,
frame_ms,0.2415,
frame_ms,0.2224,
frame_ms,0.2187,
frame_ms,0.2119,
frame_ms,0.2105,
tick_us,2079.2,4620
frame_ms,4.3901,
frame_ms,0.2655,
frame_ms,0.2178,
frame_ms,0.2171,
frame_ms,0.2177,
frame_ms,0.2098,
frame_ms,0.2633,
frame_ms,0.9428,
frame_ms,0.261,
tick_us,2065.9,4624
frame_ms,4.2891,
frame_ms,0.2569,
frame_ms,0.2289,
frame_ms,0.2232,
frame_ms,0.2264,
frame_ms,0.3154,
frame_ms,0.2738,
frame_ms,0.2281,
frame_ms,0.2436,
frame_ms,0.2399,
frame_ms,0.2206,
tick_us,2065.7,4604
frame_ms,4.2869,
frame_ms,0.2483,
frame_ms,0.2158,
frame_ms,0.2265,
frame_ms,0.5174,
frame_ms,0.2706,
frame_ms,0.2206,
frame_ms,0.2134,
frame_ms,0.2122,
frame_ms,0.224,
frame_ms,0.2358,
frame_ms,0.2217,
tick_us,2013.5,4592
frame_ms,4.2768,
frame_ms,0.2438,
frame_ms,0.214,
frame_ms,0.2174,
frame_ms,0.2152,
frame_ms,0.2127,
frame_ms,0.2705,
frame_ms,0.2295,
frame_ms,0.8253,
frame_ms,0.267,
tick_us,2024.2,4618
frame_ms,4.3151,
frame_ms,0.2608,
frame_ms,0.2242,
frame_ms,0.2215,
frame_ms,0.2195,
frame_ms,0.2445,
frame_ms,0.2569,
frame_ms,0.2231,
frame_ms,0.2135,
frame_ms,0.2073,
frame_ms,0.2651,
frame_ms,0.23,
tick_us,2067.5,4602
frame_ms,4.3571,
frame_ms,0.2439,
frame_ms,0.2182,
frame_ms,0.216,
frame_ms,0.3108,
frame_ms,0.237,
frame_ms,0.2196,
frame_ms,0.2219,
frame_ms,0.218,
frame_ms,0.2203,
frame_ms,0.2328,
frame_ms,0.2191,
tick_us,2082.3,4584
frame_ms,4.3488,
frame_ms,0.2593,
frame_ms,0.221,
frame_ms,0.2112,
frame_ms,0.2094,
frame_ms,0.2463,
frame_ms,0.2315,
frame_ms,0.2178,
frame_ms,0.8242,
frame_ms,0.2347,
tick_us,2135.6,4570
frame_ms,4.3786,
frame_ms,0.253,
frame_ms,0.2167,
frame_ms,0.2177,
frame_ms,0.2192,
frame_ms,0.2604,
frame_ms,0.2291,
frame_ms,0.2101,
frame_ms,0.2729,
frame_ms,0.2638,
frame_ms,0.231,
frame_ms,0.2241,
tick_us,2041,4592
frame_ms,4.3173,
frame_ms,0.2627,
frame_ms,0.213,
frame_ms,0.2166,
frame_ms,0.3048,
frame_ms,0.2556,
frame_ms,0.235,
frame_ms,0.2353,
frame_ms,0.2222,
frame_ms,0.2178,
frame_ms,0.2156,
frame_ms,0.2575,
tick_us,2047.5,4592
frame_ms,4.3004,
frame_ms,0.2579,
frame_ms,0.2177,
frame_ms,0.2565,
frame_ms,0.2104,
frame_ms,0.2177,
frame_ms,0.2383,
frame_ms,0.9736,
frame_ms,0.2458,
tick_us,1992.4,4532
frame_ms,4.1878,
frame_ms,0.2452,
frame_ms,0.2177,
frame_ms,0.2358,
frame_ms,0.2334,
frame_ms,0.2215,
frame_ms,0.2227,
frame_ms,0.2244,
frame_ms,0.2717,
frame_ms,0.2314,
frame_ms,0.2112,
frame_ms,0.2122,
tick_us,1996.4,4524
frame_ms,4.4506,
frame_ms,0.277,
frame_ms,0.224,
frame_ms,0.2198,
frame_ms,0.3786,
frame_ms,0.2629,
frame_ms,0.2184,
frame_ms,0.2139,
frame_ms,0.2122,
frame_ms,0.2119,
frame_ms,0.2485,
frame_ms,0.2449,
tick_us,2014.9,4510
frame_ms,4.2046,
frame_ms,0.2562,
frame_ms,0.2196,
frame_ms,0.2207,
frame_ms,0.2128,
frame_ms,0.2213,
frame_ms,0.2393,
frame_ms,0.2389,
frame_ms,0.9105,
tick_us,2080.7,4530
frame_ms,4.4666,
frame_ms,0.2767,
frame_ms,0.2305,
frame_ms,0.2226,
frame_ms,0.2247,
frame_ms,0.2163,
frame_ms,0.2515,
frame_ms,0.2317,
frame_ms,0.2101,
frame_ms,0.2104,
frame_ms,0.2482,
frame_ms,0.2287,
frame_ms,0.2096,
tick_us,1947.2,4574
frame_ms,4.1017,
frame_ms,0.2473,
frame_ms,0.2184,
frame_ms,0.2196,
frame_ms,0.484,
frame_ms,0.2658,
frame_ms,0.2208,
frame_ms,0.2141,
frame_ms,0.2298,
frame_ms,0.2136,
frame_ms,0.2097,
frame_ms,0.2433,
tick_us,1915.8,4566
frame_ms,4.0802,
frame_ms,0.2654,
frame_ms,0.2235,
frame_ms,0.2196,
frame_ms,0.2207,
frame_ms,0.2146,
frame_ms,0.2556,
frame_ms,0.2288,
frame_ms,1.0281,
frame_ms,0.2626,
tick_us,1938.9,4564
frame_ms,4.057,
frame_ms,0.2394,
frame_ms,0.2131,
frame_ms,0.2139,
frame_ms,0.2172,
frame_ms,0.2359,
frame_ms,0.2186,
frame_ms,0.2382,
frame_ms,0.2294,
frame_ms,0.2117,
frame_ms,0.2273,
frame_ms,0.2387,
frame_ms,0.2168,
frame_ms,0.2093,
tick_us,1921.1,4574
frame_ms,4.0037,
frame_ms,0.2658,
frame_ms,0.226,
frame_ms,0.2231,
frame_ms,0.5771,
frame_ms,0.4093,
frame_ms,0.3446,
frame_ms,0.3415,
frame_ms,0.3399,
tick_us,1934.1,4582
frame_ms,4.1903,
frame_ms,0.2676,
frame_ms,0.2223,
frame_ms,0.2142,
frame_ms,0.2134,
frame_ms,0.2341,
frame_ms,0.2806,
frame_ms,0.2618,
frame_ms,0.2348,
frame_ms,0.7885,
tick_us,1887.3,4534
frame_ms,4.1322,
frame_ms,0.2628,
frame_ms,0.2185,
frame_ms,0.221,
frame_ms,0.2146,
frame_ms,0.2143,
frame_ms,0.2357,
frame_ms,0.2276,
frame_ms,0.2699,
frame_ms,0.2574,
frame_ms,0.2285,
frame_ms,0.2187,
frame_ms,0.2117,
frame_ms,0.24,
tick_us,1961.7,4518
frame_ms,4.0853,
frame_ms,0.2643,
frame_ms,0.2247,
frame_ms,0.2214,
frame_ms,0.5333,
frame_ms,0.2602,
frame_ms,0.223,
frame_ms,0.2162,
frame_ms,0.2155,
frame_ms,0.2169,
frame_ms,0.2088,
frame_ms,0.2641,
tick_us,1884.5,4538
frame_ms,4.0143,
frame_ms,0.2618,
frame_ms,0.233,
frame_ms,0.2192,
frame_ms,0.2135,
frame_ms,0.2526,
frame_ms,0.2454,
frame_ms,0.2167,
frame_ms,0.2153,
frame_ms,0.8268,
frame_ms,0.232,
tick_us,1883.5,4532
frame_ms,3.9798,
frame_ms,0.2475,
frame_ms,0.2156,
frame_ms,0.2142,
frame_ms,0.2112,
frame_ms,0.2674,
frame_ms,0.2547,
frame_ms,0.2355,
frame_ms,0.2207,
frame_ms,0.2142,
frame_ms,0.2104,
frame_ms,0.2619,
frame_ms,0.2535,
frame_ms,0.2219,
tick_us,1880.1,4512
frame_ms,4.005,
frame_ms,0.2538,
frame_ms,0.218,
frame_ms,0.218,
frame_ms,0.5754,
frame_ms,0.2364,
frame_ms,0.2181,
frame_ms,0.2172,
frame_ms,0.2129,
frame_ms,0.2152,
frame_ms,0.2237,
frame_ms,0.2275,
tick_us,1916.8,4500
frame_ms,4.168,
frame_ms,0.2641,
frame_ms,0.4021,
frame_ms,0.2572,
frame_ms,0.2094,
frame_ms,0.2221,
frame_ms,0.3784,
frame_ms,0.3378,
frame_ms,0.6014,
tick_us,1937,4478
frame_ms,4.1097,
frame_ms,0.238,
frame_ms,0.2116,
frame_ms,0.2329,
frame_ms,0.2225,
frame_ms,0.2101,
frame_ms,0.2416,
frame_ms,0.2356,
frame_ms,0.2181,
frame_ms,0.2117,
frame_ms,0.2649,
frame_ms,0.2343,
frame_ms,0.2127,
frame_ms,0.2094,
tick_us,1946,4486
frame_ms,4.144,
frame_ms,0.2684,
frame_ms,0.2175,
frame_ms,0.2155,
frame_ms,0.5364,
frame_ms,0.2519,
frame_ms,0.2214,
frame_ms,0.2314,
frame_ms,0.2159,
frame_ms,0.2095,
frame_ms,0.2282,
tick_us,1997.7,4474
frame_ms,4.3356,
frame_ms,0.2498,
frame_ms,0.2162,
frame_ms,0.2138,
frame_ms,0.2117,
frame_ms,0.2557,
frame_ms,0.2275,
frame_ms,0.2142,
frame_ms,0.2149,
frame_ms,0.8226,
frame_ms,0.2319,
tick_us,1924.6,4456
frame_ms,4.0675,
frame_ms,0.2432,
frame_ms,0.2152,
frame_ms,0.2308,
frame_ms,0.2121,
frame_ms,0.2279,
frame_ms,0.2359,
frame_ms,0.2212,
frame_ms,0.2806,
frame_ms,0.2176,
frame_ms,0.2806,
frame_ms,0.24,
frame_ms,0.2163,
tick_us,1948.7,4456
frame_ms,4.121,
frame_ms,0.2483,
frame_ms,0.214,
frame_ms,0.2172,
frame_ms,0.6026,
frame_ms,0.2385,
frame_ms,0.2148,
frame_ms,0.2099,
frame_ms,0.2091,
frame_ms,0.2577,
frame_ms,0.2191,
frame_ms,0.2119,
tick_us,1967.7,4444
frame_ms,4.1307,
frame_ms,0.2406,
frame_ms,0.2149,
frame_ms,0.2095,
frame_ms,0.2081,
frame_ms,0.2496,
frame_ms,0.2262,
frame_ms,0.2155,
frame_ms,0.2104,
frame_ms,0.8897,
frame_ms,0.2301,
tick_us,1968.6,4424
frame_ms,4.1306,
frame_ms,0.2498,
frame_ms,0.2137,
frame_ms,0.2585,
frame_ms,0.259,
frame_ms,0.2304,
frame_ms,0.2226,
frame_ms,0.2164,
frame_ms,0.2173,
frame_ms,0.2529,
frame_ms,0.2545,
frame_ms,0.2254,
frame_ms,0.219,
tick_us,1936.4,4444
frame_ms,4.0641,
frame_ms,0.239,
frame_ms,0.2149,
frame_ms,0.2101,
frame_ms,0.5784,
frame_ms,0.397,
frame_ms,0.3356,
frame_ms,0.3408,
frame_ms,0.3362,
tick_us,1911.5,4446
frame_ms,4.1213,
frame_ms,0.2756,
frame_ms,0.2273,
frame_ms,0.225,
frame_ms,0.217,
frame_ms,0.2103,
frame_ms,0.341,
frame_ms,0.2253,
frame_ms,0.2144,
frame_ms,0.8684,
frame_ms,0.2723,
tick_us,1912,4396
frame_ms,4,
frame_ms,0.2452,
frame_ms,0.2183,
frame_ms,0.2243,
frame_ms,0.2563,
frame_ms,0.4425,
frame_ms,0.257,
frame_ms,0.2311,
frame_ms,0.2218,
frame_ms,0.2253,
frame_ms,0.2097,
frame_ms,0.2112,
tick_us,1866.8,4432
frame_ms,4.0196,
frame_ms,0.2846,
frame_ms,0.2291,
frame_ms,0.2193,
frame_ms,0.7118,
frame_ms,0.2458,
frame_ms,0.2171,
frame_ms,0.2142,
frame_ms,0.2138,
frame_ms,0.2151,
frame_ms,0.2767,
frame_ms,0.266,
tick_us,1885.6,4378
frame_ms,4.0552,
frame_ms,0.2615,
frame_ms,0.2178,
frame_ms,0.2202,
frame_ms,0.2133,
frame_ms,0.2215,
frame_ms,0.2548,
frame_ms,0.246,
frame_ms,0.2379,
frame_ms,0.7772,
tick_us,2022.7,4372
frame_ms,4.486,
frame_ms,0.2678,
frame_ms,0.2642,
frame_ms,0.2283,
frame_ms,0.2256,
frame_ms,0.2148,
frame_ms,0.2583,
frame_ms,0.2301,
frame_ms,0.2113,
frame_ms,0.2614,
frame_ms,0.2296,
frame_ms,0.2119,
tick_us,1965.6,4404
frame_ms,4.1956,
frame_ms,0.2451,
frame_ms,0.2183,
frame_ms,0.2155,
frame_ms,0.5196,
frame_ms,0.2343,
frame_ms,0.2159,
frame_ms,0.216,
frame_ms,0.2148,
frame_ms,0.2218,
frame_ms,0.2447,
frame_ms,0.2376,
tick_us,2000.6,4398
frame_ms,4.2103,
frame_ms,0.2453,
frame_ms,0.2142,
frame_ms,0.2109,
frame_ms,0.2095,
frame_ms,0.2484,
frame_ms,0.2629,
frame_ms,0.2588,
frame_ms,0.2316,
frame_ms,0.666,
tick_us,2088.6,4424
frame_ms,4.5502,
frame_ms,0.2702,
frame_ms,0.2265,
frame_ms,0.2167,
frame_ms,0.2223,
frame_ms,0.2119,
frame_ms,0.2428,
frame_ms,0.2366,
frame_ms,0.2066,
frame_ms,0.209,
frame_ms,0.2439,
frame_ms,0.228,
tick_us,2046.3,4458
frame_ms,4.3311,
frame_ms,0.2445,
frame_ms,0.2179,
frame_ms,0.2201,
frame_ms,0.4279,
frame_ms,0.2787,
frame_ms,0.2269,
frame_ms,0.2183,
frame_ms,0.2216,
frame_ms,0.2212,
frame_ms,0.2325,
frame_ms,0.2126,
tick_us,2066.7,4466
frame_ms,4.398,
frame_ms,0.3715,
frame_ms,0.2532,
frame_ms,0.2244,
frame_ms,0.2182,
frame_ms,0.2174,
frame_ms,0.2124,
frame_ms,0.7985,
frame_ms,0.2578,
tick_us,2079.6,4448
frame_ms,4.4727,
frame_ms,0.26,
frame_ms,0.227,
frame_ms,0.229,
frame_ms,0.2216,
frame_ms,0.2464,
frame_ms,0.2707,
frame_ms,0.2149,
frame_ms,0.2067,
frame_ms,0.2065,
frame_ms,0.255,
tick_us,2129.5,4462
frame_ms,4.5131,
frame_ms,0.2582,
frame_ms,0.2158,
frame_ms,0.2221,
frame_ms,0.2127,
frame_ms,0.2256,
frame_ms,0.2638,
frame_ms,0.2223,
frame_ms,0.215,
frame_ms,0.2156,
frame_ms,0.2862,
tick_us,2177.7,4450
frame_ms,4.7446,
frame_ms,0.2557,
frame_ms,0.2177,
frame_ms,0.2264,
frame_ms,0.2139,
frame_ms,0.2117,
frame_ms,0.2402,
frame_ms,0.8056,
frame_ms,0.2449,
tick_us,2104.8,4478
frame_ms,4.3517,
frame_ms,0.2435,
frame_ms,0.2141,
frame_ms,0.2285,
frame_ms,0.2228,
frame_ms,0.2296,
frame_ms,0.2129,
frame_ms,0.2744,
frame_ms,0.2318,
frame_ms,0.2108,
frame_ms,0.2407,
frame_ms,0.2319,
tick_us,2044.8,4460
frame_ms,4.2926,
frame_ms,0.2569,
frame_ms,0.2221,
frame_ms,0.2302,
frame_ms,0.4288,
frame_ms,0.2667,
frame_ms,0.2231,
frame_ms,0.2185,
frame_ms,0.2193,
frame_ms,0.2151,
frame_ms,0.2181,
tick_us,2047.8,4494
frame_ms,4.3809,
frame_ms,0.3186,
frame_ms,0.2276,
frame_ms,0.2283,
frame_ms,0.2218,
frame_ms,0.2176,
frame_ms,0.2208,
frame_ms,0.2441,
frame_ms,0.8533,
frame_ms,0.2414,
tick_us,2008.8,4488
frame_ms,4.1892,
frame_ms,0.251,
frame_ms,0.2163,
frame_ms,0.2279,
frame_ms,0.219,
frame_ms,0.2299,
frame_ms,0.2127,
frame_ms,0.2462,
frame_ms,0.2277,
frame_ms,0.232,
frame_ms,0.2129,
frame_ms,0.2588,
frame_ms,0.2356,
tick_us,1985.2,4464
frame_ms,4.3242,
frame_ms,0.2512,
frame_ms,0.2147,
frame_ms,0.2085,
frame_ms,0.2877,
frame_ms,0.223,
frame_ms,0.2168,
frame_ms,0.2165,
frame_ms,0.2056,
frame_ms,0.252,
frame_ms,0.2294,
frame_ms,0.2097,
tick_us,2062,4500
frame_ms,4.2984,
frame_ms,0.2392,
frame_ms,0.2162,
frame_ms,0.2083,
frame_ms,0.2103,
frame_ms,0.3424,
frame_ms,0.3411,
frame_ms,0.3008,
frame_ms,0.658,
tick_us,2093.9,4530
frame_ms,4.5659,
frame_ms,0.2696,
frame_ms,0.2233,
frame_ms,0.2192,
frame_ms,0.2341,
frame_ms,0.2446,
frame_ms,0.2164,
frame_ms,0.2143,
frame_ms,0.2575,
frame_ms,0.2327,
frame_ms,0.2123,
frame_ms,0.2404,
tick_us,2043.8,4524
frame_ms,4.2871,
frame_ms,0.2494,
frame_ms,0.2139,
frame_ms,0.2162,
frame_ms,0.3845,
frame_ms,0.2342,
frame_ms,0.2154,
frame_ms,0.2158,
frame_ms,0.2077,
frame_ms,0.21,
frame_ms,0.2571,
frame_ms,0.2634,
tick_us,2031.1,4550
frame_ms,4.2506,
frame_ms,0.2514,
frame_ms,0.2209,
frame_ms,0.2207,
frame_ms,0.2172,
frame_ms,0.2554,
frame_ms,0.3226,
frame_ms,0.2564,
frame_ms,0.7444,
tick_us,2073.5,4534
frame_ms,4.4814,
frame_ms,0.2824,
frame_ms,0.2556,
frame_ms,0.2311,
frame_ms,0.2231,
frame_ms,0.2167,
frame_ms,0.2637,
frame_ms,0.2285,
frame_ms,0.2121,
frame_ms,0.2127,
frame_ms,0.2349,
frame_ms,0.2215,
tick_us,2003.6,4474
frame_ms,4.1957,
frame_ms,0.2614,
frame_ms,0.2323,
frame_ms,0.2226,
frame_ms,0.5838,
frame_ms,0.2793,
frame_ms,0.2487,
frame_ms,0.2204,
frame_ms,0.2281,
frame_ms,0.2256,
frame_ms,0.2239,
tick_us,2011.2,4452
frame_ms,4.2008,
frame_ms,0.2968,
frame_ms,0.2254,
frame_ms,0.2234,
frame_ms,0.2105,
frame_ms,0.2267,
frame_ms,0.2597,
frame_ms,0.2623,
frame_ms,0.2223,
frame_ms,0.7147,
tick_us,2008.3,4476
frame_ms,4.6736,
frame_ms,0.2813,
frame_ms,0.2302,
frame_ms,0.2423,
frame_ms,0.2243,
frame_ms,0.2125,
frame_ms,0.2528,
frame_ms,0.2234,
frame_ms,0.2104,
frame_ms,0.2499,
frame_ms,0.2319,
tick_us,2009.1,4500
frame_ms,4.1762,
frame_ms,0.2533,
frame_ms,0.2175,
frame_ms,0.2215,
frame_ms,0.6045,
frame_ms,0.3956,
frame_ms,0.3459,
frame_ms,0.3302,
frame_ms,0.3261,
tick_us,2005.4,4508
frame_ms,4.3323,
frame_ms,0.2679,
frame_ms,0.2195,
frame_ms,0.2183,
frame_ms,0.2106,
frame_ms,0.2113,
frame_ms,0.2959,
frame_ms,0.2609,
frame_ms,0.9211,
frame_ms,0.2598,
tick_us,1960.7,4506
frame_ms,4.1242,
frame_ms,0.2587,
frame_ms,0.2153,
frame_ms,0.2244,
frame_ms,0.2179,
frame_ms,0.2113,
frame_ms,0.2444,
frame_ms,0.2309,
frame_ms,0.2146,
frame_ms,0.2138,
frame_ms,0.247,
frame_ms,0.2537,
frame_ms,0.2233,
tick_us,1947.6,4494
frame_ms,4.1081,
frame_ms,0.2455,
frame_ms,0.2235,
frame_ms,0.209,
frame_ms,0.573,
frame_ms,0.2319,
frame_ms,0.2237,
frame_ms,0.2296,
frame_ms,0.2154,
frame_ms,0.2506,
frame_ms,0.2638,
frame_ms,0.2278,
tick_us,1953.7,4552
frame_ms,4.2094,
frame_ms,0.2621,
frame_ms,0.2193,
frame_ms,0.2205,
frame_ms,0.2196,
frame_ms,0.222,
frame_ms,0.2507,
frame_ms,0.2625,
frame_ms,0.8519,
frame_ms,0.251,
tick_us,1953.5,4536
frame_ms,4.1426,
frame_ms,0.2502,
frame_ms,0.2262,
frame_ms,0.2157,
frame_ms,0.2286,
frame_ms,0.2519,
frame_ms,0.2348,
frame_ms,0.2136,
frame_ms,0.2407,
frame_ms,0.2303,
frame_ms,0.21,
frame_ms,0.2498,
tick_us,1988.6,4582
frame_ms,4.2351,
frame_ms,0.2798,
frame_ms,0.2197,
frame_ms,0.2221,
frame_ms,0.5557,
frame_ms,0.2435,
frame_ms,0.2144,
frame_ms,0.214,
frame_ms,0.2075,
frame_ms,0.2519,
frame_ms,0.2701,
frame_ms,0.2383,
tick_us,1990.6,4524
frame_ms,4.2092,
frame_ms,0.3089,
frame_ms,0.2869,
frame_ms,0.23,
frame_ms,0.2335,
frame_ms,0.2267,
frame_ms,0.2281,
frame_ms,0.216,
frame_ms,0.7651,
frame_ms,0.281,
tick_us,2126,4514
frame_ms,4.4516,
frame_ms,0.3593,
frame_ms,0.2902,
frame_ms,0.3189,
frame_ms,0.2185,
frame_ms,0.2188,
frame_ms,0.2296,
frame_ms,0.2157,
frame_ms,0.2742,
frame_ms,0.2257,
tick_us,2000.6,4494
frame_ms,4.4538,
frame_ms,0.292,
frame_ms,0.2365,
frame_ms,0.239,
frame_ms,0.2681,
frame_ms,0.2628,
frame_ms,0.2286,
frame_ms,0.2265,
frame_ms,0.2231,
frame_ms,0.2154,
frame_ms,0.2612,
tick_us,2076.4,4506
frame_ms,4.3376,
frame_ms,0.4869,
frame_ms,0.2697,
frame_ms,0.2265,
frame_ms,0.2317,
frame_ms,0.2411,
frame_ms,0.2255,
frame_ms,0.8645,
tick_us,2114,4534
frame_ms,4.4457,
frame_ms,0.29,
frame_ms,0.2346,
frame_ms,0.2366,
frame_ms,0.2325,
frame_ms,0.2236,
frame_ms,0.264,
frame_ms,0.2774,
frame_ms,0.2355,
frame_ms,0.2295,
frame_ms,0.2212,
frame_ms,0.2151,
tick_us,2174.1,4538
frame_ms,4.4671,
frame_ms,0.3349,
frame_ms,0.2436,
frame_ms,0.2347,
frame_ms,0.2267,
frame_ms,0.2178,
frame_ms,0.2458,
frame_ms,0.2412,
frame_ms,0.2501,
frame_ms,0.3247,
tick_us,2090.1,4528
frame_ms,4.3991,
frame_ms,0.3379,
frame_ms,0.2478,
frame_ms,0.2344,
frame_ms,0.2281,
frame_ms,0.2391,
frame_ms,0.2202,
frame_ms,0.2214,
frame_ms,0.797,
tick_us,2084.2,4532
frame_ms,4.483,
frame_ms,0.2593,
frame_ms,0.2412,
frame_ms,0.2302,
frame_ms,0.2228,
frame_ms,0.2349,
frame_ms,0.2372,
frame_ms,0.2156,
frame_ms,0.2579,
frame_ms,0.2379,
frame_ms,0.2132,
frame_ms,0.2575,
tick_us,1952.3,4552
frame_ms,4.1357,
frame_ms,0.2551,
frame_ms,0.2177,
frame_ms,0.2174,
frame_ms,0.5737,
frame_ms,0.4113,
frame_ms,0.3489,
frame_ms,0.3407,
frame_ms,0.3455,
tick_us,1904.2,4528
frame_ms,4.167,
frame_ms,0.2912,
frame_ms,0.2321,
frame_ms,0.2255,
frame_ms,0.221,
frame_ms,0.2642,
frame_ms,0.2438,
frame_ms,0.2516,
frame_ms,1.0293,
tick_us,1919.5,4566
frame_ms,4.2422,
frame_ms,0.2619,
frame_ms,0.2304,
frame_ms,0.2216,
frame_ms,0.2476,
frame_ms,0.2368,
frame_ms,0.2157,
frame_ms,0.2824,
frame_ms,0.2928,
frame_ms,0.2347,
frame_ms,0.2276,
frame_ms,0.2162,
frame_ms,0.2164,
tick_us,1961.4,4528
frame_ms,4.1252,
frame_ms,0.2625,
frame_ms,0.2186,
frame_ms,0.2208,
frame_ms,0.503,
frame_ms,0.4016,
frame_ms,0.345,
frame_ms,0.3362,
frame_ms,0.3623,
tick_us,1924.5,4572
frame_ms,4.2347,
frame_ms,0.2639,
frame_ms,0.2244,
frame_ms,0.2232,
frame_ms,0.2178,
frame_ms,0.2536,
frame_ms,0.2604,
frame_ms,0.2307,
frame_ms,0.2997,
frame_ms,0.6457,
frame_ms,0.241,
tick_us,1977.4,4576
frame_ms,4.1814,
frame_ms,0.2489,
frame_ms,0.2177,
frame_ms,0.2243,
frame_ms,0.2232,
frame_ms,0.2244,
frame_ms,0.2501,
frame_ms,0.2206,
frame_ms,0.2109,
frame_ms,0.2533,
frame_ms,0.2681,
frame_ms,0.2312,
frame_ms,0.2234,
tick_us,1971.6,4584
frame_ms,4.1744,
frame_ms,0.2496,
frame_ms,0.3282,
frame_ms,0.224,
frame_ms,0.3692,
frame_ms,0.2591,
frame_ms,0.2168,
frame_ms,0.216,
frame_ms,0.2181,
frame_ms,0.2124,
frame_ms,0.2152,
frame_ms,0.2323,
tick_us,2019.9,4540
frame_ms,4.2592,
frame_ms,0.2704,
frame_ms,0.2307,
frame_ms,0.2285,
frame_ms,0.2171,
frame_ms,0.2128,
frame_ms,0.2527,
frame_ms,0.2715,
frame_ms,0.817,
frame_ms,0.2431,
tick_us,2023.9,4552
frame_ms,4.2876,
frame_ms,0.2483,
frame_ms,0.2181,
frame_ms,0.2314,
frame_ms,0.2206,
frame_ms,0.2148,
frame_ms,0.2226,
frame_ms,0.2142,
frame_ms,0.2706,
frame_ms,0.2305,
frame_ms,0.2126,
frame_ms,0.2109,
tick_us,2035.1,4534
frame_ms,4.2968,
frame_ms,0.2756,
frame_ms,0.2289,
frame_ms,0.2201,
frame_ms,0.4063,
frame_ms,0.2394,
frame_ms,0.2186,
frame_ms,0.2171,
frame_ms,0.2121,
frame_ms,0.2782,
frame_ms,0.2235,
frame_ms,0.2193,
tick_us,2025.3,4482
frame_ms,4.2854,
frame_ms,0.2543,
frame_ms,0.2212,
frame_ms,0.2135,
frame_ms,0.2282,
frame_ms,0.2263,
frame_ms,0.2301,
frame_ms,0.2253,
frame_ms,0.8471,
frame_ms,0.2322,
tick_us,2106.9,4536
frame_ms,4.366,
frame_ms,0.2453,
frame_ms,0.2846,
frame_ms,0.3434,
frame_ms,0.2721,
frame_ms,0.2671,
frame_ms,0.2502,
frame_ms,0.2154,
frame_ms,0.2191,
frame_ms,0.2218,
frame_ms,0.2126,
tick_us,2157.9,4498
frame_ms,4.5513,
frame_ms,0.2804,
frame_ms,0.226,
frame_ms,0.2211,
frame_ms,0.2155,
frame_ms,0.2261,
frame_ms,0.2168,
frame_ms,0.2208,
frame_ms,0.2123,
frame_ms,0.2753,
frame_ms,0.2413,
tick_us,2039.4,4512
frame_ms,4.3225,
frame_ms,0.2703,
frame_ms,0.2226,
frame_ms,0.2196,
frame_ms,0.2144,
frame_ms,0.214,
frame_ms,0.2359,
frame_ms,0.2398,
frame_ms,0.8877,
tick_us,2151.5,4526
frame_ms,4.6043,
frame_ms,0.2719,
frame_ms,0.2269,
frame_ms,0.2253,
frame_ms,0.2264,
frame_ms,0.2254,
frame_ms,0.2561,
frame_ms,0.2554,
frame_ms,0.2275,
frame_ms,0.2393,
frame_ms,0.2279,
frame_ms,0.2227,
tick_us,2123.7,4522
frame_ms,4.3455,
frame_ms,0.2691,
frame_ms,0.2212,
frame_ms,0.2207,
frame_ms,0.2214,
frame_ms,0.2173,
frame_ms,0.2119,
frame_ms,0.2336,
frame_ms,0.2722,
frame_ms,0.2291,
frame_ms,0.2225,
frame_ms,0.2231,
tick_us,1998.8,4554
frame_ms,4.2261,
frame_ms,0.247,
frame_ms,0.216,
frame_ms,0.2295,
frame_ms,0.2154,
frame_ms,0.2472,
frame_ms,0.2868,
frame_ms,0.2479,
frame_ms,0.801,
frame_ms,0.2386,
tick_us,2020.4,4556
frame_ms,4.2597,
frame_ms,0.2483,
frame_ms,0.2214,
frame_ms,0.2385,
frame_ms,0.2226,
frame_ms,0.2277,
frame_ms,0.2158,
frame_ms,0.2431,
frame_ms,0.2271,
frame_ms,0.2151,
frame_ms,0.2427,
frame_ms,0.2419,
tick_us,2011.5,4564
frame_ms,4.2314,
frame_ms,0.2625,
frame_ms,0.2175,
frame_ms,0.218,
frame_ms,0.5334,
frame_ms,0.2359,
frame_ms,0.2148,
frame_ms,0.217,
frame_ms,0.2121,
frame_ms,0.2142,
frame_ms,0.2095,
frame_ms,0.2309,
tick_us,2014.1,4564
frame_ms,4.3386,
frame_ms,0.2594,
frame_ms,0.2216,
frame_ms,0.2219,
frame_ms,0.2144,
frame_ms,0.2176,
frame_ms,0.2887,
frame_ms,0.2646,
frame_ms,0.7959,
tick_us,2065,4584
frame_ms,4.3914,
frame_ms,0.2744,
frame_ms,0.2403,
frame_ms,0.2318,
frame_ms,0.2223,
frame_ms,0.2222,
frame_ms,0.2196,
frame_ms,0.2541,
frame_ms,0.2291,
frame_ms,0.211,
frame_ms,0.2134,
frame_ms,0.2453,
frame_ms,0.2259,
tick_us,1996.5,4638
frame_ms,4.1993,
frame_ms,0.2467,
frame_ms,0.2133,
frame_ms,0.2195,
frame_ms,0.4156,
frame_ms,0.2456,
frame_ms,0.2245,
frame_ms,0.2319,
frame_ms,0.2176,
frame_ms,0.2118,
frame_ms,0.2366,
frame_ms,0.2152,
tick_us,1996.2,4638
frame_ms,4.1778,
frame_ms,0.2696,
frame_ms,0.2215,
frame_ms,0.2235,
frame_ms,0.2159,
frame_ms,0.2103,
frame_ms,0.2063,
frame_ms,0.2734,
frame_ms,0.9459,
frame_ms,0.2437,
tick_us,1983.2,4600
frame_ms,4.2259,
frame_ms,0.2661,
frame_ms,0.2263,
frame_ms,0.217,
frame_ms,0.2332,
frame_ms,0.2542,
frame_ms,0.2326,
frame_ms,0.2128,
frame_ms,0.2368,
frame_ms,0.2327,
frame_ms,0.2711,
frame_ms,0.229,
tick_us,2016.5,4596
frame_ms,4.2452,
frame_ms,0.2686,
frame_ms,0.2272,
frame_ms,0.2145,
frame_ms,0.4887,
frame_ms,0.3301,
frame_ms,0.2362,
frame_ms,0.2171,
frame_ms,0.2219,
frame_ms,0.2215,
frame_ms,0.2235,
frame_ms,0.2214,
tick_us,2027.6,4580
frame_ms,4.3604,
frame_ms,0.3206,
frame_ms,0.246,
frame_ms,0.2291,
frame_ms,0.2235,
frame_ms,0.2179,
frame_ms,0.2393,
frame_ms,0.8255,
tick_us,2126.9,4604
frame_ms,4.6041,
frame_ms,0.3049,
frame_ms,0.2389,
frame_ms,0.2522,
frame_ms,0.2345,
frame_ms,0.2198,
frame_ms,0.2198,
frame_ms,0.2116,
frame_ms,0.2481,
frame_ms,0.2342,
frame_ms,0.2133,
frame_ms,0.2114,
tick_us,2034.4,4588
frame_ms,4.3588,
frame_ms,0.2884,
frame_ms,0.2285,
frame_ms,0.2197,
frame_ms,0.23,
frame_ms,0.2206,
frame_ms,0.2139,
frame_ms,0.2295,
frame_ms,0.278,
frame_ms,0.282,
frame_ms,0.233,
tick_us,2134.3,4580
frame_ms,4.4049,
frame_ms,0.2955,
frame_ms,0.2276,
frame_ms,0.2363,
frame_ms,0.2143,
frame_ms,0.2118,
frame_ms,0.2563,
frame_ms,0.2767,
frame_ms,0.7278,
tick_us,2002.7,4552
frame_ms,4.302,
frame_ms,0.3462,
frame_ms,0.2284,
frame_ms,0.228,
frame_ms,0.2314,
frame_ms,0.224,
frame_ms,0.2097,
frame_ms,0.2425,
frame_ms,0.2392,
frame_ms,0.2123,
frame_ms,0.2128,
frame_ms,0.3351,
tick_us,2070.5,4550
frame_ms,4.4483,
frame_ms,0.2873,
frame_ms,0.2235,
frame_ms,0.2314,
frame_ms,0.2948,
frame_ms,0.2777,
frame_ms,0.2301,
frame_ms,0.2263,
frame_ms,0.2316,
frame_ms,0.2268,
frame_ms,0.2193,
frame_ms,0.2248,
tick_us,1968.6,4546
frame_ms,4.2052,
frame_ms,0.2817,
frame_ms,0.229,
frame_ms,0.2256,
frame_ms,0.225,
frame_ms,0.4788,
frame_ms,0.257,
frame_ms,0.2173,
frame_ms,0.5701,
frame_ms,0.2773,
tick_us,2036.2,4570
frame_ms,4.4691,
frame_ms,0.3201,
frame_ms,0.2497,
frame_ms,0.2432,
frame_ms,0.2273,
frame_ms,0.2683,
frame_ms,0.2211,
frame_ms,0.2177,
frame_ms,0.2209,
frame_ms,0.2552,
frame_ms,0.2281,
tick_us,2001.2,4552
frame_ms,4.2268,
frame_ms,0.2684,
frame_ms,0.222,
frame_ms,0.2218,
frame_ms,0.4033,
frame_ms,0.2758,
frame_ms,0.2243,
frame_ms,0.2279,
frame_ms,0.2545,
frame_ms,0.2176,
frame_ms,0.2113,
frame_ms,0.2131,
tick_us,2007.6,4558
frame_ms,4.2911,
frame_ms,0.2631,
frame_ms,0.2293,
frame_ms,0.2163,
frame_ms,0.216,
frame_ms,0.2327,
frame_ms,0.2322,
frame_ms,1.0171,
tick_us,2009,4572
frame_ms,4.4709,
frame_ms,0.2889,
frame_ms,0.2427,
frame_ms,0.2298,
frame_ms,0.2235,
frame_ms,0.2226,
frame_ms,0.2122,
frame_ms,0.252,
frame_ms,0.2272,
frame_ms,0.2124,
frame_ms,0.2136,
frame_ms,0.262,
tick_us,2045.5,4522
frame_ms,4.3428,
frame_ms,0.2621,
frame_ms,0.2227,
frame_ms,0.2212,
frame_ms,0.3801,
frame_ms,0.3388,
frame_ms,0.2372,
frame_ms,0.2285,
frame_ms,0.2428,
frame_ms,0.2258,
frame_ms,0.227,
tick_us,2082.7,4548
frame_ms,4.3056,
frame_ms,0.2664,
frame_ms,0.2311,
frame_ms,0.2275,
frame_ms,0.2179,
frame_ms,0.2278,
frame_ms,0.2571,
frame_ms,0.2538,
frame_ms,0.9303,
tick_us,2148.5,4554
frame_ms,4.62,
frame_ms,0.3498,
frame_ms,0.2618,
frame_ms,0.2282,
frame_ms,0.2198,
frame_ms,0.2202,
frame_ms,0.2104,
frame_ms,0.2464,
frame_ms,0.2721,
frame_ms,0.2322,
frame_ms,0.2226,
tick_us,2014.6,4584
frame_ms,4.2098,
frame_ms,0.2666,
frame_ms,0.2234,
frame_ms,0.2163,
frame_ms,0.39,
frame_ms,0.2664,
frame_ms,0.2226,
frame_ms,0.2227,
frame_ms,0.2205,
frame_ms,0.214,
frame_ms,0.2363,
frame_ms,0.2703,
tick_us,1979.6,4550
frame_ms,4.2183,
frame_ms,0.3887,
frame_ms,0.3209,
frame_ms,0.3237,
frame_ms,0.3989,
frame_ms,0.3472,
frame_ms,0.3449,
frame_ms,0.3618,
tick_us,2064.6,4548
frame_ms,4.3814,
frame_ms,0.3553,
frame_ms,0.304,
frame_ms,0.26,
frame_ms,0.2277,
frame_ms,0.2217,
frame_ms,0.2191,
frame_ms,0.2209,
frame_ms,0.2154,
frame_ms,0.304,
frame_ms,0.2635,
frame_ms,0.2286,
tick_us,2009.4,4542
frame_ms,4.2585,
frame_ms,0.2713,
frame_ms,0.2299,
frame_ms,0.2331,
frame_ms,0.3124,
frame_ms,0.5078,
frame_ms,0.3697,
frame_ms,0.3708,
frame_ms,0.3464,
tick_us,2164,4552
frame_ms,4.5974,
frame_ms,0.3762,
frame_ms,0.289,
frame_ms,0.2268,
frame_ms,0.2279,
frame_ms,0.2301,
frame_ms,0.7859,
frame_ms,0.2745,
tick_us,2073.3,4556
frame_ms,4.3636,
frame_ms,0.2716,
frame_ms,0.2279,
frame_ms,0.2374,
frame_ms,0.2428,
frame_ms,0.2195,
frame_ms,0.2902,
frame_ms,0.3287,
frame_ms,0.2465,
frame_ms,0.2294,
frame_ms,0.226,
tick_us,2083.1,4548
frame_ms,4.4204,
frame_ms,0.3021,
frame_ms,0.236,
frame_ms,0.2292,
frame_ms,0.2226,
frame_ms,0.2254,
frame_ms,0.2237,
frame_ms,0.2943,
frame_ms,0.3189,
frame_ms,0.2615,
frame_ms,0.2396,
tick_us,2266.2,4556
frame_ms,4.5594,
frame_ms,0.3316,
frame_ms,0.2381,
frame_ms,0.2441,
frame_ms,0.2317,
frame_ms,0.2306,
frame_ms,0.9625,
tick_us,2090.1,4532
frame_ms,4.5229,
frame_ms,0.3344,
frame_ms,0.2674,
frame_ms,0.2366,
frame_ms,0.234,
frame_ms,0.2298,
frame_ms,0.2229,
frame_ms,0.2156,
frame_ms,0.2385,
frame_ms,0.2389,
frame_ms,0.2156,
tick_us,2012.6,4560
frame_ms,4.2865,
frame_ms,0.2879,
frame_ms,0.2298,
frame_ms,0.2228,
frame_ms,0.4215,
frame_ms,0.3328,
frame_ms,0.2405,
frame_ms,0.2222,
frame_ms,0.2243,
frame_ms,0.2252,
frame_ms,0.2195,
tick_us,1960.3,4576
frame_ms,4.1655,
frame_ms,0.359,
frame_ms,0.5621,
frame_ms,0.3701,
frame_ms,0.3384,
frame_ms,0.3517,
frame_ms,0.4284,
frame_ms,0.3665,
tick_us,2152.1,4576
frame_ms,4.4906,
frame_ms,0.3201,
frame_ms,0.254,
frame_ms,0.2359,
frame_ms,0.2387,
frame_ms,0.2209,
frame_ms,0.222,
frame_ms,0.2522,
frame_ms,0.2211,
frame_ms,0.2631,
frame_ms,0.2593,
tick_us,1885.4,4562
frame_ms,4.0198,
frame_ms,0.2645,
frame_ms,0.2286,
frame_ms,0.2251,
frame_ms,0.7169,
frame_ms,0.4069,
frame_ms,0.3446,
frame_ms,0.3383,
frame_ms,0.338,
tick_us,2151.1,4562
frame_ms,4.5409,
frame_ms,0.3645,
frame_ms,0.2846,
frame_ms,0.2241,
frame_ms,0.2221,
frame_ms,0.2572,
frame_ms,0.2798,
frame_ms,0.715,
frame_ms,0.2828,
tick_us,1914,4560
frame_ms,4.0283,
frame_ms,0.2709,
frame_ms,0.2339,
frame_ms,0.2302,
frame_ms,0.2187,
frame_ms,0.2824,
frame_ms,0.2575,
frame_ms,0.2291,
frame_ms,0.2238,
frame_ms,0.2163,
frame_ms,0.2142,
frame_ms,0.2415,
frame_ms,0.2906,
tick_us,1933.2,4580
frame_ms,4.0771,
frame_ms,0.2857,
frame_ms,0.229,
frame_ms,0.2275,
frame_ms,0.4722,
frame_ms,0.2843,
frame_ms,0.2324,
frame_ms,0.2274,
frame_ms,0.2237,
frame_ms,0.2405,
frame_ms,0.2214,
frame_ms,0.2251,
tick_us,1934.8,4578
frame_ms,4.0806,
frame_ms,0.2665,
frame_ms,0.2272,
frame_ms,0.2203,
frame_ms,0.2156,
frame_ms,0.3099,
frame_ms,0.3203,
frame_ms,0.2447,
frame_ms,0.7954,
tick_us,2120.4,4602
frame_ms,4.5088,
frame_ms,0.3573,
frame_ms,0.3035,
frame_ms,0.2409,
frame_ms,0.219,
frame_ms,0.2203,
frame_ms,0.2191,
frame_ms,0.2101,
frame_ms,0.2629,
frame_ms,0.268,
frame_ms,0.2437,
tick_us,1947.1,4544
frame_ms,4.1332,
frame_ms,0.2731,
frame_ms,0.233,
frame_ms,0.231,
frame_ms,0.5816,
frame_ms,0.2599,
frame_ms,0.2329,
frame_ms,0.2243,
frame_ms,0.2314,
frame_ms,0.2193,
frame_ms,0.2189,
frame_ms,0.2325,
tick_us,2122.2,4548
frame_ms,4.4854,
frame_ms,0.2918,
frame_ms,0.3221,
frame_ms,0.3649,
frame_ms,0.2809,
frame_ms,0.249,
frame_ms,0.7212,
tick_us,2056.6,4482
frame_ms,4.4118,
frame_ms,0.3189,
frame_ms,0.2467,
frame_ms,0.2309,
frame_ms,0.2406,
frame_ms,0.2289,
frame_ms,0.2153,
frame_ms,0.2156,
frame_ms,0.2416,
frame_ms,0.2349,
frame_ms,0.233,
frame_ms,0.2193,
tick_us,2018.6,4456
frame_ms,4.1899,
frame_ms,0.26,
frame_ms,0.2239,
frame_ms,0.2287,
frame_ms,0.5499,
frame_ms,0.2847,
frame_ms,0.2409,
frame_ms,0.2312,
frame_ms,0.2317,
frame_ms,0.2242,
frame_ms,0.2357,
tick_us,1981.7,4446
frame_ms,4.2028,
frame_ms,0.3624,
frame_ms,0.2406,
frame_ms,0.2378,
frame_ms,0.2304,
frame_ms,0.2307,
frame_ms,0.2287,
frame_ms,0.2342,
frame_ms,0.9315,
tick_us,2065.8,4426
frame_ms,4.5486,
frame_ms,0.3049,
frame_ms,0.258,
frame_ms,0.2272,
frame_ms,0.2397,
frame_ms,0.2216,
frame_ms,0.3021,
frame_ms,0.2398,
frame_ms,0.2276,
frame_ms,0.2195,
frame_ms,0.2201,
tick_us,1999.3,4456
frame_ms,4.3023,
frame_ms,0.279,
frame_ms,0.2299,
frame_ms,0.2354,
frame_ms,0.4376,
frame_ms,0.4265,
frame_ms,0.3486,
frame_ms,0.3421,
frame_ms,0.3481,
tick_us,2110.3,4474
frame_ms,4.548,
frame_ms,0.3035,
frame_ms,0.2353,
frame_ms,0.2346,
frame_ms,0.2227,
frame_ms,0.2495,
frame_ms,0.2421,
frame_ms,0.8987,
tick_us,2105.1,4472
frame_ms,4.5583,
frame_ms,0.3129,
frame_ms,0.233,
frame_ms,0.2599,
frame_ms,0.2338,
frame_ms,0.2281,
frame_ms,0.2225,
frame_ms,0.2174,
frame_ms,0.2555,
frame_ms,0.2662,
frame_ms,0.2343,
tick_us,2072.5,4486
frame_ms,4.3533,
frame_ms,0.277,
frame_ms,0.2414,
frame_ms,0.2273,
frame_ms,0.3015,
frame_ms,0.2962,
frame_ms,0.2459,
frame_ms,0.2234,
frame_ms,0.2192,
frame_ms,0.2217,
frame_ms,0.2215,
frame_ms,0.2307,
tick_us,2121.6,4508
frame_ms,4.4516,
frame_ms,0.301,
frame_ms,0.248,
frame_ms,0.238,
frame_ms,0.2284,
frame_ms,0.2423,
frame_ms,0.2245,
frame_ms,0.7772,
tick_us,2060.1,4508
frame_ms,4.3887,
frame_ms,0.2644,
frame_ms,0.2336,
frame_ms,0.2223,
frame_ms,0.2177,
frame_ms,0.2796,
frame_ms,0.3038,
frame_ms,0.24,
frame_ms,0.2354,
frame_ms,0.2249,
frame_ms,0.2259,
frame_ms,0.2198,
tick_us,2074.1,4500
frame_ms,4.3644,
frame_ms,0.2752,
frame_ms,0.227,
frame_ms,0.224,
frame_ms,0.3898,
frame_ms,0.3005,
frame_ms,0.2536,
frame_ms,0.2254,
frame_ms,0.229,
frame_ms,0.2394,
frame_ms,0.2243,
tick_us,2066.9,4514
frame_ms,4.463,
frame_ms,0.3529,
frame_ms,0.2306,
frame_ms,0.2301,
frame_ms,0.2163,
frame_ms,0.251,
frame_ms,0.2924,
frame_ms,0.7461,
frame_ms,0.2685,
tick_us,2258,4540
frame_ms,4.6559,
frame_ms,0.3309,
frame_ms,0.2656,
frame_ms,0.2351,
frame_ms,0.2219,
frame_ms,0.2209,
frame_ms,0.2546,
frame_ms,0.2152,
frame_ms,0.3067,
frame_ms,0.2529,
tick_us,2164.6,4532
frame_ms,4.4827,
frame_ms,0.3062,
frame_ms,0.2329,
frame_ms,0.2455,
frame_ms,0.2266,
frame_ms,0.2239,
frame_ms,0.2688,
frame_ms,0.2117,
frame_ms,0.2209,
frame_ms,0.2397,
frame_ms,0.2437,
tick_us,2085.7,4502
frame_ms,4.3455,
frame_ms,0.2763,
frame_ms,0.2257,
frame_ms,0.2396,
frame_ms,0.2229,
frame_ms,0.2179,
frame_ms,0.2648,
frame_ms,1.017,
tick_us,2133.2,4518
frame_ms,4.5456,
frame_ms,0.329,
frame_ms,0.252,
frame_ms,0.2404,
frame_ms,0.23,
frame_ms,0.2228,
frame_ms,0.2205,
frame_ms,0.2149,
frame_ms,0.2452,
frame_ms,0.2473,
frame_ms,0.2194,
tick_us,2048.6,4534
frame_ms,4.2838,
frame_ms,0.2619,
frame_ms,0.2368,
frame_ms,0.2278,
frame_ms,0.4314,
frame_ms,0.2757,
frame_ms,0.2271,
frame_ms,0.3629,
frame_ms,0.2839,
frame_ms,0.3297,
tick_us,2030.3,4536
frame_ms,4.2714,
frame_ms,0.2745,
frame_ms,0.2287,
frame_ms,0.2233,
frame_ms,0.2397,
frame_ms,0.2202,
frame_ms,0.2418,
frame_ms,0.299,
tick_us,2125.3,4502
frame_ms,5.3187,
frame_ms,0.3578,
frame_ms,0.3013,
frame_ms,0.2318,
frame_ms,0.2272,
frame_ms,0.239,
frame_ms,0.2259,
frame_ms,0.2233,
frame_ms,0.2186,
frame_ms,0.2286,
frame_ms,0.2307,
frame_ms,0.2182,
tick_us,1987.1,4504
frame_ms,4.2045,
frame_ms,0.2894,
frame_ms,0.2349,
frame_ms,0.2258,
frame_ms,0.3562,
frame_ms,0.2513,
frame_ms,0.2361,
frame_ms,0.2283,
frame_ms,0.2216,
frame_ms,0.2107,
frame_ms,0.249,
tick_us,1986.6,4528
frame_ms,4.4372,
frame_ms,0.3845,
frame_ms,0.2497,
frame_ms,0.2394,
frame_ms,0.2434,
frame_ms,0.2233,
frame_ms,0.2295,
frame_ms,0.9535,
tick_us,2046.2,4550
frame_ms,4.4534,
frame_ms,0.3018,
frame_ms,0.2525,
frame_ms,0.235,
frame_ms,0.2399,
frame_ms,0.2303,
frame_ms,0.2209,
frame_ms,0.2181,
frame_ms,0.2622,
frame_ms,0.4518,
frame_ms,0.2563,
tick_us,2012.1,4536
frame_ms,4.2827,
frame_ms,0.3383,
frame_ms,0.237,
frame_ms,0.2318,
frame_ms,0.2603,
frame_ms,0.2836,
frame_ms,0.2651,
frame_ms,0.2283,
frame_ms,0.226,
frame_ms,0.2213,
frame_ms,0.2084,
frame_ms,0.2111,
tick_us,2007,4540
frame_ms,4.2848,
frame_ms,0.289,
frame_ms,0.2346,
frame_ms,0.223,
frame_ms,0.2147,
frame_ms,0.2711,
frame_ms,0.285,
frame_ms,0.9112,
frame_ms,0.2685,
tick_us,2036.9,4572
frame_ms,4.295,
frame_ms,0.2789,
frame_ms,0.2469,
frame_ms,0.2206,
frame_ms,0.2218,
frame_ms,0.2226,
frame_ms,0.2176,
frame_ms,0.2874,
frame_ms,0.2948,
frame_ms,0.2389,
frame_ms,0.2323,
tick_us,2046.1,4552
frame_ms,4.3551,
frame_ms,0.2911,
frame_ms,0.2359,
frame_ms,0.2408,
frame_ms,0.4026,
frame_ms,0.2813,
frame_ms,0.2297,
frame_ms,0.2176,
frame_ms,0.2246,
frame_ms,0.2197,
frame_ms,0.2159,
frame_ms,0.2104,
tick_us,2075.5,4538
frame_ms,4.3705,
frame_ms,0.2733,
frame_ms,0.2348,
frame_ms,0.237,
frame_ms,0.2232,
frame_ms,0.2407,
frame_ms,0.2446,
frame_ms,0.8942,
tick_us,2073.8,4552
frame_ms,4.3746,
frame_ms,0.309,
frame_ms,0.2371,
frame_ms,0.2287,
frame_ms,0.2224,
frame_ms,0.2413,
frame_ms,0.2202,
frame_ms,0.2148,
frame_ms,0.2387,
frame_ms,0.2321,
frame_ms,0.2586,
frame_ms,0.2633,
tick_us,2030.7,4542
frame_ms,4.2609,
frame_ms,0.2843,
frame_ms,0.2262,
frame_ms,0.3348,
frame_ms,0.2872,
frame_ms,0.2379,
frame_ms,0.2249,
frame_ms,0.2245,
frame_ms,0.2396,
frame_ms,0.2224,
frame_ms,0.4208,
tick_us,2067.5,4508
frame_ms,4.4517,
frame_ms,0.2866,
frame_ms,0.2327,
frame_ms,0.2259,
frame_ms,0.2303,
frame_ms,0.2868,
frame_ms,0.2306,
frame_ms,0.8358,
frame_ms,0.2705,
tick_us,2150,4512
frame_ms,4.4899,
frame_ms,0.3122,
frame_ms,0.2413,
frame_ms,0.2374,
frame_ms,0.2266,
frame_ms,0.2217,
frame_ms,0.2127,
frame_ms,0.2115,
frame_ms,0.2425,
frame_ms,0.2324,
frame_ms,0.2137,
tick_us,1968.3,4540
frame_ms,4.1141,
frame_ms,0.3065,
frame_ms,0.2362,
frame_ms,0.2288,
frame_ms,0.5128,
frame_ms,0.2831,
frame_ms,0.2382,
frame_ms,0.2211,
frame_ms,0.2244,
frame_ms,0.2182,
frame_ms,0.2178,
frame_ms,0.2321,
tick_us,1958.2,4524
frame_ms,4.1043,
frame_ms,0.2571,
frame_ms,0.2238,
frame_ms,0.2201,
frame_ms,0.2144,
frame_ms,0.2785,
frame_ms,0.2656,
frame_ms,0.2312,
frame_ms,0.2196,
frame_ms,0.6761,
tick_us,2032.5,4526
frame_ms,4.3755,
frame_ms,0.3322,
frame_ms,0.2653,
frame_ms,0.2599,
frame_ms,0.2291,
frame_ms,0.223,
frame_ms,0.2188,
frame_ms,0.2157,
frame_ms,0.2439,
frame_ms,0.233,
frame_ms,0.217,
frame_ms,0.2632,
tick_us,1964.9,4484
frame_ms,4.0939,
frame_ms,0.2752,
frame_ms,0.2292,
frame_ms,0.2247,
frame_ms,0.6165,
frame_ms,0.3343,
frame_ms,0.2613,
frame_ms,0.2257,
frame_ms,0.225,
frame_ms,0.22,
frame_ms,0.2183,
tick_us,1923.3,4496
frame_ms,4.0824,
frame_ms,0.2672,
frame_ms,0.2285,
frame_ms,0.2344,
frame_ms,0.2186,
frame_ms,0.2177,
frame_ms,0.2652,
frame_ms,0.2293,
frame_ms,0.3786,
frame_ms,0.7139,
tick_us,2029.9,4528
frame_ms,4.4275,
frame_ms,0.3043,
frame_ms,0.2488,
frame_ms,0.2383,
frame_ms,0.2294,
frame_ms,0.2216,
frame_ms,0.2122,
frame_ms,0.2389,
frame_ms,0.238,
frame_ms,0.215,
frame_ms,0.2133,
frame_ms,0.2681,
tick_us,1954.1,4512
frame_ms,4.18,
frame_ms,0.2698,
frame_ms,0.2344,
frame_ms,0.2324,
frame_ms,0.5445,
frame_ms,0.2719,
frame_ms,0.2477,
frame_ms,0.2217,
frame_ms,0.2189,
frame_ms,0.2232,
frame_ms,0.2206,
frame_ms,0.2121,
tick_us,1982.5,4484
frame_ms,4.1779,
frame_ms,0.2973,
frame_ms,0.2323,
frame_ms,0.2293,
frame_ms,0.2174,
frame_ms,0.2256,
frame_ms,0.286,
frame_ms,0.2192,
frame_ms,0.8098,
tick_us,1999.2,4448
frame_ms,4.3245,
frame_ms,0.3118,
frame_ms,0.2611,
frame_ms,0.2696,
frame_ms,0.2575,
frame_ms,0.2595,
frame_ms,0.3333,
frame_ms,0.2575,
frame_ms,0.27,
frame_ms,0.2551,
frame_ms,0.234,
tick_us,2089.7,4458
frame_ms,4.3576,
frame_ms,0.5682,
frame_ms,0.3543,
frame_ms,0.2772,
frame_ms,0.2702,
frame_ms,0.2292,
frame_ms,0.2641,
frame_ms,0.2611,
frame_ms,0.2441,
frame_ms,0.2355,
tick_us,2027.5,4436
frame_ms,4.2731,
frame_ms,0.4956,
frame_ms,0.3557,
frame_ms,0.2945,
frame_ms,0.271,
frame_ms,0.2295,
frame_ms,0.2365,
frame_ms,0.6742,
tick_us,2051.2,4460
frame_ms,4.5186,
frame_ms,0.8062,
frame_ms,0.4647,
frame_ms,0.3868,
frame_ms,0.3603,
frame_ms,0.3481,
tick_us,2178.1,4444
frame_ms,4.4936,
frame_ms,0.4295,
frame_ms,0.3113,
frame_ms,0.2389,
frame_ms,0.2377,
frame_ms,0.2339,
frame_ms,0.2312,
frame_ms,0.2306,
frame_ms,0.2296,
frame_ms,0.2222,
frame_ms,0.3004,
tick_us,2040.6,4428
frame_ms,4.4033,
frame_ms,0.5815,
frame_ms,0.3234,
frame_ms,0.38,
frame_ms,0.3987,
frame_ms,0.2722,
frame_ms,0.3843,
tick_us,2000.3,4484
frame_ms,4.2792,
frame_ms,0.36,
frame_ms,0.2812,
frame_ms,0.2352,
frame_ms,0.2312,
frame_ms,0.2325,
frame_ms,0.2317,
frame_ms,0.2254,
frame_ms,0.2841,
frame_ms,0.2373,
frame_ms,0.2203,
frame_ms,0.2838,
tick_us,1864.1,4438
frame_ms,4.0086,
frame_ms,0.2741,
frame_ms,0.2285,
frame_ms,0.2309,
frame_ms,0.738,
frame_ms,0.3757,
frame_ms,0.349,
frame_ms,0.341,
frame_ms,0.3456,
tick_us,1954.4,4444
frame_ms,4.1969,
frame_ms,0.3066,
frame_ms,0.2827,
frame_ms,0.2436,
frame_ms,0.2376,
frame_ms,0.2296,
frame_ms,0.2235,
frame_ms,0.2609,
frame_ms,0.868,
tick_us,1912.6,4428
frame_ms,4.1238,
frame_ms,0.264,
frame_ms,0.2415,
frame_ms,0.2287,
frame_ms,0.236,
frame_ms,0.2619,
frame_ms,0.2359,
frame_ms,0.2843,
frame_ms,0.2983,
frame_ms,0.2353,
frame_ms,0.2264,
frame_ms,0.2285,
frame_ms,0.2445,
tick_us,1973,4366
frame_ms,4.1213,
frame_ms,0.2997,
frame_ms,0.2465,
frame_ms,0.2403,
frame_ms,0.4475,
frame_ms,0.4661,
frame_ms,0.5017,
frame_ms,0.3456,
tick_us,1958.3,4332
frame_ms,4.3909,
frame_ms,0.3083,
frame_ms,0.2364,
frame_ms,0.2362,
frame_ms,0.2298,
frame_ms,0.2269,
frame_ms,0.3035,
frame_ms,0.2658,
frame_ms,0.8462,
tick_us,2193.9,4348
frame_ms,4.6392,
frame_ms,0.323,
frame_ms,0.2413,
frame_ms,0.2464,
frame_ms,0.2349,
frame_ms,0.2291,
frame_ms,0.2251,
frame_ms,0.2415,
frame_ms,0.2408,
frame_ms,0.2368,
frame_ms,0.2248,
tick_us,1943.5,4344
frame_ms,4.0611,
frame_ms,0.2754,
frame_ms,0.2309,
frame_ms,0.2335,
frame_ms,0.6229,
frame_ms,0.413,
frame_ms,0.3601,
frame_ms,0.3521,
frame_ms,0.3516,
tick_us,1983.4,4332
frame_ms,4.2907,
frame_ms,0.2938,
frame_ms,0.4229,
frame_ms,0.3115,
frame_ms,0.3064,
frame_ms,0.2231,
frame_ms,0.2254,
frame_ms,0.8414,
tick_us,1973.5,4342
frame_ms,4.2332,
frame_ms,0.3025,
frame_ms,0.2355,
frame_ms,0.2376,
frame_ms,0.2302,
frame_ms,0.2358,
frame_ms,0.2195,
frame_ms,0.2145,
frame_ms,0.233,
frame_ms,0.2869,
frame_ms,0.267,
frame_ms,0.2333,
tick_us,1854.4,4386
frame_ms,3.9148,
frame_ms,0.2672,
frame_ms,0.2246,
frame_ms,0.2285,
frame_ms,0.9019,
frame_ms,0.3158,
frame_ms,0.2594,
frame_ms,0.3362,
frame_ms,0.379,
tick_us,1932.1,4354
frame_ms,4.2036,
frame_ms,0.3537,
frame_ms,0.2492,
frame_ms,0.2337,
frame_ms,0.2308,
frame_ms,0.2362,
frame_ms,0.2303,
frame_ms,0.2264,
frame_ms,0.219,
frame_ms,0.8295,
tick_us,1954.2,4376
frame_ms,4.1986,
frame_ms,0.3143,
frame_ms,0.2414,
frame_ms,0.227,
frame_ms,0.2406,
frame_ms,0.2285,
frame_ms,0.2305,
frame_ms,0.2156,
frame_ms,0.2125,
frame_ms,0.2452,
frame_ms,0.2653,
frame_ms,0.2624,
frame_ms,0.2262,
tick_us,1913.8,4388
frame_ms,4.0395,
frame_ms,0.2892,
frame_ms,0.2411,
frame_ms,0.237,
frame_ms,0.552,
frame_ms,0.4099,
frame_ms,0.3411,
frame_ms,0.3359,
frame_ms,0.3315,
tick_us,1904.8,4422
frame_ms,4.142,
frame_ms,0.2726,
frame_ms,0.2342,
frame_ms,0.2239,
frame_ms,0.2236,
frame_ms,0.216,
frame_ms,0.2553,
frame_ms,0.2393,
frame_ms,0.2171,
frame_ms,0.8757,
tick_us,1989.5,4450
frame_ms,4.2181,
frame_ms,0.3482,
frame_ms,0.2688,
frame_ms,0.2283,
frame_ms,0.2234,
frame_ms,0.222,
frame_ms,0.2153,
frame_ms,0.2135,
frame_ms,0.245,
frame_ms,0.2336,
frame_ms,0.2148,
frame_ms,0.2663,
frame_ms,0.2443,
tick_us,1938.1,4418
frame_ms,4.0573,
frame_ms,0.2823,
frame_ms,0.2281,
frame_ms,0.218,
frame_ms,0.5864,
frame_ms,0.4023,
frame_ms,0.3539,
frame_ms,0.3357,
frame_ms,0.3312,
tick_us,1937.7,4448
frame_ms,4.2066,
frame_ms,0.2665,
frame_ms,0.2235,
frame_ms,0.2213,
frame_ms,0.2186,
frame_ms,0.2136,
frame_ms,0.2882,
frame_ms,0.2255,
frame_ms,0.2398,
frame_ms,0.8368,
tick_us,2012.9,4484
frame_ms,4.2974,
frame_ms,0.2714,
frame_ms,0.2287,
frame_ms,0.2304,
frame_ms,0.2264,
frame_ms,0.2319,
frame_ms,0.2245,
frame_ms,0.2142,
frame_ms,0.2652,
frame_ms,0.2651,
frame_ms,0.2523,
frame_ms,0.2327,
frame_ms,0.2249,
tick_us,2026,4506
frame_ms,4.348,
frame_ms,0.3105,
frame_ms,0.242,
frame_ms,0.2682,
frame_ms,0.2604,
frame_ms,0.242,
frame_ms,0.2246,
frame_ms,0.2198,
frame_ms,0.2157,
frame_ms,0.2658,
frame_ms,0.2528,
tick_us,2022.7,4494
frame_ms,4.2458,
frame_ms,0.2552,
frame_ms,0.2207,
frame_ms,0.2161,
frame_ms,0.2134,
frame_ms,0.2483,
frame_ms,0.2651,
frame_ms,0.2628,
frame_ms,0.8551,
tick_us,2029.1,4530
frame_ms,4.3359,
frame_ms,0.2902,
frame_ms,0.225,
frame_ms,0.2218,
frame_ms,0.2353,
frame_ms,0.2277,
frame_ms,0.2219,
frame_ms,0.2607,
frame_ms,0.2849,
frame_ms,0.225,
frame_ms,0.2245,
frame_ms,0.216,
frame_ms,0.2272,
tick_us,2081.9,4548
frame_ms,4.3148,
frame_ms,0.304,
frame_ms,0.2709,
frame_ms,0.2387,
frame_ms,0.2242,
frame_ms,0.2246,
frame_ms,0.2158,
frame_ms,0.2769,
frame_ms,0.4632,
frame_ms,0.3389,
tick_us,2048.9,4538
frame_ms,4.5368,
frame_ms,0.2775,
frame_ms,0.3278,
frame_ms,0.2444,
frame_ms,0.2116,
frame_ms,0.2206,
frame_ms,0.2152,
frame_ms,0.7291,
frame_ms,0.2643,
tick_us,2123.9,4546
frame_ms,4.435,
frame_ms,0.3067,
frame_ms,0.2311,
frame_ms,0.2315,
frame_ms,0.2275,
frame_ms,0.2281,
frame_ms,0.214,
frame_ms,0.2126,
frame_ms,0.2465,
frame_ms,0.2376,
frame_ms,0.2135,
tick_us,2011.7,4586
frame_ms,4.2276,
frame_ms,0.2631,
frame_ms,0.2238,
frame_ms,0.2377,
frame_ms,0.4994,
frame_ms,0.2636,
frame_ms,0.2334,
frame_ms,0.2297,
frame_ms,0.2235,
frame_ms,0.22,
frame_ms,0.215,
frame_ms,0.2131,
tick_us,2020.6,4586
frame_ms,4.3038,
frame_ms,0.395,
frame_ms,0.2369,
frame_ms,0.221,
frame_ms,0.2231,
frame_ms,0.2142,
frame_ms,0.249,
frame_ms,0.8931,
tick_us,2043.7,4564
frame_ms,4.3471,
frame_ms,0.2764,
frame_ms,0.2324,
frame_ms,0.2262,
frame_ms,0.2242,
frame_ms,0.2337,
frame_ms,0.2187,
frame_ms,0.2249,
frame_ms,0.2334,
frame_ms,0.2355,
frame_ms,0.215,
frame_ms,0.2915,
frame_ms,0.2335,
tick_us,2001.4,4592
frame_ms,4.2741,
frame_ms,0.2757,
frame_ms,0.2277,
frame_ms,0.2232,
frame_ms,0.2842,
frame_ms,0.3409,
frame_ms,0.2913,
frame_ms,0.2602,
frame_ms,0.2177,
frame_ms,0.22,
frame_ms,0.2207,
tick_us,2054.2,4590
frame_ms,4.2786,
frame_ms,0.294,
frame_ms,0.2292,
frame_ms,0.2255,
frame_ms,0.2209,
frame_ms,0.214,
frame_ms,0.2122,
frame_ms,0.2403,
frame_ms,0.8858,
frame_ms,0.2772,
tick_us,2070.4,4578
frame_ms,4.2885,
frame_ms,0.3084,
frame_ms,0.2441,
frame_ms,0.2283,
frame_ms,0.2327,
frame_ms,0.221,
frame_ms,0.2151,
frame_ms,0.2583,
frame_ms,0.2409,
frame_ms,0.2129,
frame_ms,0.2367,
frame_ms,0.2298,
tick_us,1996.1,4568
frame_ms,4.1615,
frame_ms,0.285,
frame_ms,0.2317,
frame_ms,0.2418,
frame_ms,0.3762,
frame_ms,0.2619,
frame_ms,0.2265,
frame_ms,0.2209,
frame_ms,0.2227,
frame_ms,0.2346,
frame_ms,0.2193,
frame_ms,0.2631,
tick_us,1980.4,4578
frame_ms,4.2332,
frame_ms,0.2778,
frame_ms,0.2236,
frame_ms,0.2266,
frame_ms,0.2256,
frame_ms,0.2196,
frame_ms,0.2197,
frame_ms,0.2303,
frame_ms,0.8549,
tick_us,1994.8,4564
frame_ms,4.3254,
frame_ms,0.3024,
frame_ms,0.2343,
frame_ms,0.2324,
frame_ms,0.2283,
frame_ms,0.2316,
frame_ms,0.2157,
frame_ms,0.2106,
frame_ms,0.2733,
frame_ms,0.2383,
frame_ms,0.2172,
frame_ms,0.2543,
frame_ms,0.2357,
tick_us,1990.2,4532
frame_ms,4.2117,
frame_ms,0.2565,
frame_ms,0.2282,
frame_ms,0.2308,
frame_ms,0.3625,
frame_ms,0.3074,
frame_ms,0.2143,
frame_ms,0.2176,
frame_ms,0.2166,
frame_ms,0.2102,
frame_ms,0.2559,
frame_ms,0.2372,
tick_us,2021.5,4582
frame_ms,4.1974,
frame_ms,0.3862,
frame_ms,0.378,
frame_ms,0.3607,
frame_ms,0.3401,
frame_ms,0.3191,
frame_ms,0.3422,
frame_ms,0.3347,
tick_us,2220.9,4532
frame_ms,4.7204,
frame_ms,0.2926,
frame_ms,0.2343,
frame_ms,0.2424,
frame_ms,0.2234,
frame_ms,0.2221,
frame_ms,0.2177,
frame_ms,0.2139,
frame_ms,0.2471,
frame_ms,0.2376,
frame_ms,0.2119,
tick_us,1994.3,4494
frame_ms,4.2725,
frame_ms,0.2881,
frame_ms,0.2334,
frame_ms,0.2339,
frame_ms,0.4171,
frame_ms,0.2787,
frame_ms,0.2301,
frame_ms,0.2901,
frame_ms,0.2826,
frame_ms,0.2302,
frame_ms,0.2231,
tick_us,2020.2,4474
frame_ms,4.2555,
frame_ms,0.2658,
frame_ms,0.223,
frame_ms,0.2198,
frame_ms,0.2266,
frame_ms,0.2466,
frame_ms,0.227,
frame_ms,0.2214,
frame_ms,0.9662,
tick_us,2032.7,4436
frame_ms,4.3524,
frame_ms,0.2704,
frame_ms,0.2265,
frame_ms,0.2467,
frame_ms,0.2196,
frame_ms,0.215,
frame_ms,0.2402,
frame_ms,0.2183,
frame_ms,0.2412,
frame_ms,0.2312,
frame_ms,0.2122,
frame_ms,0.2704,
tick_us,2037.8,4472
frame_ms,4.3387,
frame_ms,0.271,
frame_ms,0.2282,
frame_ms,0.2325,
frame_ms,0.4377,
frame_ms,0.2835,
frame_ms,0.2603,
frame_ms,0.2136,
frame_ms,0.2183,
frame_ms,0.2345,
frame_ms,0.2186,
frame_ms,0.215,
tick_us,2096.3,4484
frame_ms,4.4058,
frame_ms,0.2713,
frame_ms,0.2284,
frame_ms,0.2211,
frame_ms,0.2199,
frame_ms,0.217,
frame_ms,0.226,
frame_ms,0.9107,
tick_us,2171.8,4490
frame_ms,4.5999,
frame_ms,0.3307,
frame_ms,0.2436,
frame_ms,0.2397,
frame_ms,0.2286,
frame_ms,0.2198,
frame_ms,0.2151,
frame_ms,0.2427,
frame_ms,0.2364,
frame_ms,0.215,
frame_ms,0.2101,
tick_us,1973.1,4488
frame_ms,4.223,
frame_ms,0.2931,
frame_ms,0.23,
frame_ms,0.2309,
frame_ms,0.5897,
frame_ms,0.308,
frame_ms,0.2582,
frame_ms,0.2148,
frame_ms,0.2135,
frame_ms,0.2151,
frame_ms,0.2142,
tick_us,2002.4,4494
frame_ms,4.2194,
frame_ms,0.3297,
frame_ms,0.2416,
frame_ms,0.2226,
frame_ms,0.2227,
frame_ms,0.2203,
frame_ms,0.2289,
frame_ms,0.2385,
frame_ms,0.9229,
frame_ms,0.2831,
tick_us,2125.4,4512
frame_ms,4.3526,
frame_ms,0.3182,
frame_ms,0.2509,
frame_ms,0.2348,
frame_ms,0.2211,
frame_ms,0.219,
frame_ms,0.2174,
frame_ms,0.2179,
frame_ms,0.2282,
frame_ms,0.2341,
frame_ms,0.2157,
tick_us,1944.1,4502
frame_ms,4.1861,
frame_ms,0.2636,
frame_ms,0.2232,
frame_ms,0.2234,
frame_ms,0.6209,
frame_ms,0.2845,
frame_ms,0.2479,
frame_ms,0.2227,
frame_ms,0.2257,
frame_ms,0.2211,
frame_ms,0.2212,
frame_ms,0.2111,
tick_us,1990.3,4488
frame_ms,4.2181,
frame_ms,0.2751,
frame_ms,0.2236,
frame_ms,0.221,
frame_ms,0.2171,
frame_ms,0.2172,
frame_ms,0.2456,
frame_ms,0.2319,
frame_ms,0.8251,
frame_ms,0.2632,
tick_us,2002.7,4524
frame_ms,4.2553,
frame_ms,0.313,
frame_ms,0.2343,
frame_ms,0.2438,
frame_ms,0.2324,
frame_ms,0.2219,
frame_ms,0.2167,
frame_ms,0.2148,
frame_ms,0.239,
frame_ms,0.2357,
frame_ms,0.2422,
frame_ms,0.2561,
tick_us,2049.5,4508
frame_ms,4.264,
frame_ms,0.3421,
frame_ms,0.2881,
frame_ms,0.2196,
frame_ms,0.2829,
frame_ms,0.242,
frame_ms,0.218,
frame_ms,0.2092,
frame_ms,0.2307,
frame_ms,0.2929,
frame_ms,0.3516,
tick_us,2063.1,4488
frame_ms,4.3177,
frame_ms,0.2922,
frame_ms,0.2295,
frame_ms,0.223,
frame_ms,0.2227,
frame_ms,0.2152,
frame_ms,0.2316,
frame_ms,1.0661,
tick_us,1994.7,4452
frame_ms,4.2591,
frame_ms,0.3245,
frame_ms,0.2483,
frame_ms,0.23,
frame_ms,0.2235,
frame_ms,0.2276,
frame_ms,0.2226,
frame_ms,0.2168,
frame_ms,0.2797,
frame_ms,0.288,
frame_ms,0.2484,
frame_ms,0.2388,
tick_us,2002.8,4418
frame_ms,4.2602,
frame_ms,0.311,
frame_ms,0.2415,
frame_ms,0.2492,
frame_ms,0.3753,
frame_ms,0.2348,
frame_ms,0.2292,
frame_ms,0.2208,
frame_ms,0.2203,
frame_ms,0.2615,
frame_ms,0.2524,
frame_ms,0.223,
tick_us,1980.4,4416
frame_ms,4.21,
frame_ms,0.274,
frame_ms,0.2366,
frame_ms,0.2592,
frame_ms,0.2579,
frame_ms,0.2238,
frame_ms,0.2254,
frame_ms,0.2188,
frame_ms,0.7879,
frame_ms,0.2745,
tick_us,2040.6,4440
frame_ms,4.2775,
frame_ms,0.2615,
frame_ms,0.2234,
frame_ms,0.2274,
frame_ms,0.2314,
frame_ms,0.2239,
frame_ms,0.215,
frame_ms,0.2682,
frame_ms,0.2685,
frame_ms,0.2281,
frame_ms,0.2228,
frame_ms,0.2131,
tick_us,2022.6,4486
frame_ms,4.2245,
frame_ms,0.2731,
frame_ms,0.243,
frame_ms,0.2364,
frame_ms,0.4001,
frame_ms,0.4226,
frame_ms,0.3484,
frame_ms,0.3273,
frame_ms,0.2972,
tick_us,2059.8,4478
frame_ms,4.3768,
frame_ms,0.3127,
frame_ms,0.2388,
frame_ms,0.2343,
frame_ms,0.2244,
frame_ms,0.2305,
frame_ms,0.2128,
frame_ms,0.2544,
frame_ms,0.8329,
tick_us,2063.1,4498
frame_ms,4.4548,
frame_ms,0.2956,
frame_ms,0.2394,
frame_ms,0.2171,
frame_ms,0.225,
frame_ms,0.2152,
frame_ms,0.2125,
frame_ms,0.2455,
frame_ms,0.238,
frame_ms,0.2136,
frame_ms,0.2385,
frame_ms,0.3541,
tick_us,2022.8,4456
frame_ms,4.292,
frame_ms,0.3804,
frame_ms,0.291,
frame_ms,0.2374,
frame_ms,0.2325,
frame_ms,0.229,
frame_ms,0.2273,
frame_ms,0.2254,
frame_ms,0.2206,
frame_ms,0.2224,
frame_ms,0.2111,
tick_us,1969.9,4452
frame_ms,4.2642,
frame_ms,0.3628,
frame_ms,0.3875,
frame_ms,0.3811,
frame_ms,0.3469,
frame_ms,0.6137,
frame_ms,0.287,
frame_ms,0.2553,
frame_ms,0.2731,
tick_us,2029.5,4452
frame_ms,4.2962,
frame_ms,0.3882,
frame_ms,0.2906,
frame_ms,0.2331,
frame_ms,0.2244,
frame_ms,0.2336,
frame_ms,0.2258,
frame_ms,0.2218,
frame_ms,0.3586,
frame_ms,0.3911,
tick_us,2024.9,4422
frame_ms,4.5309,
frame_ms,0.3883,
frame_ms,0.3686,
frame_ms,0.2748,
frame_ms,0.2229,
frame_ms,0.2381,
frame_ms,0.2245,
frame_ms,0.2239,
frame_ms,0.219,
frame_ms,0.2301,
tick_us,1984.4,4452
frame_ms,4.1287,
frame_ms,0.3378,
frame_ms,0.257,
frame_ms,0.2363,
frame_ms,0.2284,
frame_ms,0.2234,
frame_ms,0.2161,
frame_ms,0.2455,
frame_ms,0.9944,
tick_us,1993.8,4478
frame_ms,4.2414,
frame_ms,0.3067,
frame_ms,0.2402,
frame_ms,0.2338,
frame_ms,0.2314,
frame_ms,0.2343,
frame_ms,0.227,
frame_ms,0.217,
frame_ms,0.2191,
frame_ms,0.2478,
frame_ms,0.2347,
frame_ms,0.2209,
frame_ms,0.2449,
tick_us,1942,4466
frame_ms,4.1681,
frame_ms,0.282,
frame_ms,0.2438,
frame_ms,0.2378,
frame_ms,0.4328,
frame_ms,0.2929,
frame_ms,0.2658,
frame_ms,0.2244,
frame_ms,0.2201,
frame_ms,0.2337,
frame_ms,0.2275,
tick_us,1998.2,4472
frame_ms,4.216,
frame_ms,0.3068,
frame_ms,0.2437,
frame_ms,0.2396,
frame_ms,0.2255,
frame_ms,0.2226,
frame_ms,0.2328,
frame_ms,0.2516,
frame_ms,0.9351,
tick_us,2000.8,4498
frame_ms,4.2237,
frame_ms,0.2647,
frame_ms,0.2249,
frame_ms,0.2387,
frame_ms,0.223,
frame_ms,0.3496,
frame_ms,0.5423,
frame_ms,0.3452,
frame_ms,0.3619,
frame_ms,0.362,
tick_us,1969.1,4472
frame_ms,4.1956,
frame_ms,0.2726,
frame_ms,0.2311,
frame_ms,0.2428,
frame_ms,0.3929,
frame_ms,0.443,
frame_ms,0.3624,
frame_ms,0.3417,
frame_ms,0.3467,
tick_us,1954.2,4458
frame_ms,4.1882,
frame_ms,0.2675,
frame_ms,0.2242,
frame_ms,0.2224,
frame_ms,0.216,
frame_ms,0.2131,
frame_ms,0.2895,
frame_ms,0.2817,
frame_ms,0.948,
tick_us,2424.5,4468
frame_ms,4.7629,
frame_ms,0.3434,
frame_ms,0.2428,
frame_ms,0.249,
frame_ms,0.225,
frame_ms,0.2226,
frame_ms,0.2128,
frame_ms,0.2877,
frame_ms,0.3136,
frame_ms,0.2609,
tick_us,1936.4,4474
frame_ms,4.0607,
frame_ms,0.2701,
frame_ms,0.2247,
frame_ms,0.2291,
frame_ms,0.5809,
frame_ms,0.2685,
frame_ms,0.2242,
frame_ms,0.218,
frame_ms,0.2216,
frame_ms,0.2118,
frame_ms,0.2103,
frame_ms,0.2132,
tick_us,2011.5,4486
frame_ms,4.1899,
frame_ms,0.3049,
frame_ms,0.2267,
frame_ms,0.2227,
frame_ms,0.2239,
frame_ms,0.2139,
frame_ms,0.2478,
frame_ms,0.2732,
frame_ms,0.8591,
tick_us,1966.3,4530
frame_ms,4.2843,
frame_ms,0.296,
frame_ms,0.2349,
frame_ms,0.225,
frame_ms,0.2242,
frame_ms,0.2431,
frame_ms,0.2246,
frame_ms,0.2475,
frame_ms,0.268,
frame_ms,0.2321,
frame_ms,0.2214,
frame_ms,0.2099,
frame_ms,0.243,
tick_us,1867.8,4526
frame_ms,4.0011,
frame_ms,0.286,
frame_ms,0.2385,
frame_ms,0.2439,
frame_ms,0.5793,
frame_ms,0.4046,
frame_ms,0.343,
frame_ms,0.3421,
frame_ms,0.3338,
tick_us,1856.7,4456
frame_ms,4.0747,
frame_ms,0.2958,
frame_ms,0.2222,
frame_ms,0.2242,
frame_ms,0.2233,
frame_ms,0.2142,
frame_ms,0.2295,
frame_ms,0.2291,
frame_ms,0.2173,
frame_ms,0.2357,
frame_ms,0.7379,
frame_ms,0.2656,
tick_us,1917.8,4448
frame_ms,4.0112,
frame_ms,0.2623,
frame_ms,0.2222,
frame_ms,0.2153,
frame_ms,0.2551,
frame_ms,0.2122,
frame_ms,0.2505,
frame_ms,0.2376,
frame_ms,0.3127,
frame_ms,0.2488,
frame_ms,0.2419,
frame_ms,0.2411,
frame_ms,0.2301,
tick_us,1876.9,4426
frame_ms,3.9446,
frame_ms,0.2581,
frame_ms,0.2235,
frame_ms,0.2519,
frame_ms,0.6171,
frame_ms,0.4018,
frame_ms,0.3492,
frame_ms,0.3379,
frame_ms,0.3354,
tick_us,1844.6,4418
frame_ms,3.9878,
frame_ms,0.3026,
frame_ms,0.2303,
frame_ms,0.2238,
frame_ms,0.2264,
frame_ms,0.224,
frame_ms,0.3117,
frame_ms,0.2347,
frame_ms,0.2215,
frame_ms,0.2223,
frame_ms,0.7206,
frame_ms,0.2648,
tick_us,1887.8,4422
frame_ms,3.9823,
frame_ms,0.2905,
frame_ms,0.2241,
frame_ms,0.2255,
frame_ms,0.2312,
frame_ms,0.2421,
frame_ms,0.2292,
frame_ms,0.2993,
frame_ms,0.2655,
frame_ms,0.2333,
frame_ms,0.233,
frame_ms,0.2238,
frame_ms,0.2187,
tick_us,1882.8,4422
frame_ms,3.9685,
frame_ms,0.2674,
frame_ms,0.2269,
frame_ms,0.2306,
frame_ms,0.6647,
frame_ms,0.435,
frame_ms,0.3535,
frame_ms,0.3424,
frame_ms,0.3407,
tick_us,1938.2,4422
frame_ms,4.2254,
frame_ms,0.422,
frame_ms,0.3082,
frame_ms,0.2289,
frame_ms,0.2422,
frame_ms,0.2306,
frame_ms,0.2608,
frame_ms,0.247,
frame_ms,0.6988,
frame_ms,0.2532,
tick_us,1868.2,4466
frame_ms,3.9235,
frame_ms,0.2756,
frame_ms,0.2307,
frame_ms,0.2358,
frame_ms,0.2181,
frame_ms,0.2499,
frame_ms,0.2668,
frame_ms,0.2614,
frame_ms,0.2352,
frame_ms,0.2222,
frame_ms,0.225,
frame_ms,0.2384,
frame_ms,0.2325,
tick_us,1814.3,4490
frame_ms,3.9969,
frame_ms,0.3034,
frame_ms,0.246,
frame_ms,0.2435,
frame_ms,0.6409,
frame_ms,0.364,
frame_ms,0.2606,
frame_ms,0.2249,
frame_ms,0.226,
frame_ms,0.2332,
frame_ms,0.223,
tick_us,1925.3,4444
frame_ms,4.0736,
frame_ms,0.3239,
frame_ms,0.24,
frame_ms,0.2315,
frame_ms,0.2207,
frame_ms,0.2192,
frame_ms,0.2244,
frame_ms,0.2181,
frame_ms,1.0503,
tick_us,1990.5,4432
frame_ms,4.3097,
frame_ms,0.2988,
frame_ms,0.2311,
frame_ms,0.2333,
frame_ms,0.3505,
frame_ms,0.2994,
frame_ms,0.2233,
frame_ms,0.2153,
frame_ms,0.2113,
frame_ms,0.2107,
frame_ms,0.2877,
frame_ms,0.2914,
tick_us,1845.3,4380
frame_ms,3.9202,
frame_ms,0.2649,
frame_ms,0.2274,
frame_ms,0.2372,
frame_ms,0.6838,
frame_ms,0.4162,
frame_ms,0.3471,
frame_ms,0.3456,
frame_ms,0.3371,
tick_us,1879,4378
frame_ms,4.0743,
frame_ms,0.3115,
frame_ms,0.2388,
frame_ms,0.2342,
frame_ms,0.2299,
frame_ms,0.2216,
frame_ms,0.2211,
frame_ms,0.2566,
frame_ms,0.2641,
frame_ms,0.8365,
tick_us,1850.6,4392
frame_ms,4.2104,
frame_ms,0.3108,
frame_ms,0.2382,
frame_ms,0.234,
frame_ms,0.2264,
frame_ms,0.2221,
frame_ms,0.2229,
frame_ms,0.2468,
frame_ms,0.2922,
frame_ms,0.2561,
frame_ms,0.2281,
frame_ms,0.2232,
frame_ms,0.2154,
tick_us,1857.1,4380
frame_ms,3.969,
frame_ms,0.3009,
frame_ms,0.2385,
frame_ms,0.2277,
frame_ms,0.6559,
frame_ms,0.3283,
frame_ms,0.2562,
frame_ms,0.2431,
frame_ms,0.243,
frame_ms,0.2361,
frame_ms,0.2341,
tick_us,1818,4374
frame_ms,3.9141,
frame_ms,0.3688,
frame_ms,0.23,
frame_ms,0.2279,
frame_ms,0.223,
frame_ms,0.2146,
frame_ms,0.2339,
frame_ms,0.2419,
frame_ms,0.2191,
frame_ms,0.9112,
frame_ms,0.2569,
tick_us,1832.7,4380
frame_ms,3.8766,
frame_ms,0.2636,
frame_ms,0.2234,
frame_ms,0.2246,
frame_ms,0.2819,
frame_ms,0.2595,
frame_ms,0.2306,
frame_ms,0.2242,
frame_ms,0.2156,
frame_ms,0.2412,
frame_ms,0.2211,
frame_ms,0.2202,
frame_ms,0.2269,
frame_ms,0.2315,
tick_us,1855.9,4410
frame_ms,4.0283,
frame_ms,0.3374,
frame_ms,0.2677,
frame_ms,0.2456,
frame_ms,0.3979,
frame_ms,0.4113,
frame_ms,0.344,
frame_ms,0.3364,
frame_ms,0.331,
tick_us,1818.3,4376
frame_ms,3.9996,
frame_ms,0.2792,
frame_ms,0.226,
frame_ms,0.23,
frame_ms,0.2166,
frame_ms,0.2133,
frame_ms,0.2452,
frame_ms,0.2923,
frame_ms,0.2386,
frame_ms,0.2769,
frame_ms,0.6925,
tick_us,1974.1,4366
frame_ms,4.2494,
frame_ms,0.2886,
frame_ms,0.2366,
frame_ms,0.2225,
frame_ms,0.2212,
frame_ms,0.22,
frame_ms,0.2201,
frame_ms,0.2138,
frame_ms,0.2553,
frame_ms,0.2668,
frame_ms,0.2365,
frame_ms,0.3138,
tick_us,2039.6,4372
frame_ms,4.5424,
frame_ms,0.4238,
frame_ms,0.3096,
frame_ms,0.2854,
frame_ms,0.2931,
frame_ms,0.2454,
frame_ms,0.217,
frame_ms,0.2192,
frame_ms,0.2193,
frame_ms,0.2254,
frame_ms,0.2195,
tick_us,1854.1,4370
frame_ms,3.9628,
frame_ms,0.2869,
frame_ms,0.2248,
frame_ms,0.2244,
frame_ms,0.2159,
frame_ms,0.2406,
frame_ms,0.2351,
frame_ms,0.2253,
frame_ms,0.2226,
frame_ms,0.8582,
tick_us,1931.6,4366
frame_ms,4.2206,
frame_ms,0.4187,
frame_ms,0.3688,
frame_ms,0.3387,
frame_ms,0.3438,
frame_ms,0.3364,
frame_ms,0.3442,
frame_ms,0.3295,
frame_ms,0.3281,
tick_us,1970.3,4322
frame_ms,4.1391,
frame_ms,0.3213,
frame_ms,0.2456,
frame_ms,0.2715,
frame_ms,0.5117,
frame_ms,0.2812,
frame_ms,0.2271,
frame_ms,0.2222,
frame_ms,0.2218,
frame_ms,0.2227,
frame_ms,0.2154,
frame_ms,0.2141,
tick_us,1851.7,4330
frame_ms,4.0313,
frame_ms,0.3041,
frame_ms,0.2364,
frame_ms,0.2267,
frame_ms,0.225,
frame_ms,0.219,
frame_ms,0.2161,
frame_ms,0.261,
frame_ms,0.2319,
frame_ms,0.7568,
tick_us,1954.2,4300
frame_ms,4.3037,
frame_ms,0.3019,
frame_ms,0.2386,
frame_ms,0.2289,
frame_ms,0.2265,
frame_ms,0.2281,
frame_ms,0.2188,
frame_ms,0.2706,
frame_ms,0.2698,
frame_ms,0.2289,
frame_ms,0.2291,
frame_ms,0.2238,
frame_ms,0.2211,
tick_us,1916.6,4350
frame_ms,4.0412,
frame_ms,0.2782,
frame_ms,0.405,
frame_ms,0.3003,
frame_ms,0.2759,
frame_ms,0.2416,
frame_ms,0.2372,
frame_ms,0.2264,
frame_ms,0.2238,
frame_ms,0.2128,
frame_ms,0.2503,
frame_ms,0.2622,
tick_us,1882.8,4362
frame_ms,3.967,
frame_ms,0.2716,
frame_ms,0.2228,
frame_ms,0.2151,
frame_ms,0.2358,
frame_ms,0.2349,
frame_ms,0.2436,
frame_ms,0.2316,
frame_ms,0.2228,
frame_ms,0.8635,
tick_us,1868,4348
frame_ms,3.9681,
frame_ms,0.2784,
frame_ms,0.2239,
frame_ms,0.225,
frame_ms,0.2317,
frame_ms,0.2411,
frame_ms,0.2548,
frame_ms,0.2505,
frame_ms,0.2368,
frame_ms,0.2998,
frame_ms,0.2466,
frame_ms,0.2197,
frame_ms,0.4102,
tick_us,2039.3,4338
frame_ms,4.2692,
frame_ms,0.3429,
frame_ms,0.3089,
frame_ms,0.232,
frame_ms,0.2183,
frame_ms,0.2409,
frame_ms,0.2473,
frame_ms,0.2312,
frame_ms,0.2235,
frame_ms,0.2747,
frame_ms,0.2593,
tick_us,1858.9,4336
frame_ms,3.9248,
frame_ms,0.2767,
frame_ms,0.2218,
frame_ms,0.2262,
frame_ms,0.2205,
frame_ms,0.2143,
frame_ms,0.2491,
frame_ms,0.2354,
frame_ms,0.2416,
frame_ms,0.2395,
frame_ms,0.8246,
tick_us,1963.4,4364
frame_ms,4.223,
frame_ms,0.2922,
frame_ms,0.2334,
frame_ms,0.2242,
frame_ms,0.2733,
frame_ms,0.2339,
frame_ms,0.2212,
frame_ms,0.2161,
frame_ms,0.2515,
frame_ms,0.2576,
frame_ms,0.2269,
frame_ms,0.2226,
frame_ms,0.2151,
tick_us,1846.6,4352
frame_ms,3.8905,
frame_ms,0.2546,
frame_ms,0.2234,
frame_ms,0.2343,
frame_ms,0.8175,
frame_ms,0.2605,
frame_ms,0.2258,
frame_ms,0.2164,
frame_ms,0.2225,
frame_ms,0.2184,
frame_ms,0.2174,
frame_ms,0.2148,
tick_us,1821.5,4314
frame_ms,3.9415,
frame_ms,0.3014,
frame_ms,0.2296,
frame_ms,0.2239,
frame_ms,0.2166,
frame_ms,0.2258,
frame_ms,0.2441,
frame_ms,0.2206,
frame_ms,0.2167,
frame_ms,0.942,
tick_us,1892.1,4356
frame_ms,4.0063,
frame_ms,0.2634,
frame_ms,0.2206,
frame_ms,0.2167,
frame_ms,0.2565,
frame_ms,0.2541,
frame_ms,0.2462,
frame_ms,0.2389,
frame_ms,0.218,
frame_ms,0.2413,
frame_ms,0.2189,
frame_ms,0.2116,
frame_ms,0.2513,
frame_ms,0.2544,
tick_us,1858,4322
frame_ms,3.8968,
frame_ms,0.2781,
frame_ms,0.2368,
frame_ms,0.2344,
frame_ms,0.7384,
frame_ms,0.4029,
frame_ms,0.3455,
frame_ms,0.5174,
frame_ms,0.3179,
tick_us,1910.5,4312
frame_ms,3.9718,
frame_ms,0.2789,
frame_ms,0.2212,
frame_ms,0.2229,
frame_ms,0.2215,
frame_ms,0.2166,
frame_ms,0.2382,
frame_ms,0.2407,
frame_ms,0.2144,
frame_ms,0.9212,
frame_ms,0.2696,
tick_us,1822.9,4302
frame_ms,3.8797,
frame_ms,0.2692,
frame_ms,0.2258,
frame_ms,0.2231,
frame_ms,0.7402,
frame_ms,0.3344,
frame_ms,0.2487,
frame_ms,0.2153,
frame_ms,0.2182,
frame_ms,0.2097,
frame_ms,0.231,
tick_us,1858.3,4328
frame_ms,3.931,
frame_ms,0.2592,
frame_ms,0.2204,
frame_ms,0.2257,
frame_ms,0.8087,
frame_ms,0.4072,
frame_ms,0.3411,
frame_ms,0.338,
frame_ms,0.334,
tick_us,1850,4264
frame_ms,4.011,
frame_ms,0.292,
frame_ms,0.2326,
frame_ms,0.231,
frame_ms,0.2231,
frame_ms,0.2136,
frame_ms,0.2422,
frame_ms,0.2404,
frame_ms,0.2213,
frame_ms,0.2204,
frame_ms,0.7891,
tick_us,1861.8,4238
frame_ms,4.0509,
frame_ms,0.2949,
frame_ms,0.2264,
frame_ms,0.3679,
frame_ms,0.3615,
frame_ms,0.3399,
frame_ms,0.3318,
frame_ms,0.3278,
frame_ms,0.3178,
frame_ms,0.2436,
frame_ms,0.213,
tick_us,1821.8,4230
frame_ms,3.8647,
frame_ms,0.2522,
frame_ms,0.2146,
frame_ms,0.2246,
frame_ms,0.8561,
frame_ms,0.4043,
frame_ms,0.3374,
frame_ms,0.3309,
frame_ms,0.3287,
tick_us,1857.9,4276
frame_ms,4.1544,
frame_ms,0.3015,
frame_ms,0.2305,
frame_ms,0.2229,
frame_ms,0.2207,
frame_ms,0.2156,
frame_ms,0.2447,
frame_ms,0.2393,
frame_ms,0.2178,
frame_ms,0.8847,
frame_ms,0.2816,
tick_us,1843.5,4252
frame_ms,3.8764,
frame_ms,0.2607,
frame_ms,0.2197,
frame_ms,0.2243,
frame_ms,0.216,
frame_ms,0.2278,
frame_ms,0.2254,
frame_ms,0.2673,
frame_ms,0.2696,
frame_ms,0.228,
frame_ms,0.2202,
frame_ms,0.2151,
frame_ms,0.2283,
frame_ms,0.234,
tick_us,1826.8,4254
frame_ms,3.8512,
frame_ms,0.2749,
frame_ms,0.2401,
frame_ms,0.2656,
frame_ms,0.6922,
frame_ms,0.4151,
frame_ms,0.3468,
frame_ms,0.3366,
frame_ms,0.3335,
tick_us,1836.9,4238
frame_ms,4.0508,
frame_ms,0.2822,
frame_ms,0.2266,
frame_ms,0.2219,
frame_ms,0.2224,
frame_ms,0.2135,
frame_ms,0.248,
frame_ms,0.2608,
frame_ms,0.2311,
frame_ms,0.235,
frame_ms,0.6987,
frame_ms,0.2675,
tick_us,1787,4228
frame_ms,3.7756,
frame_ms,0.2644,
frame_ms,0.2211,
frame_ms,0.2216,
frame_ms,0.3809,
frame_ms,0.3007,
frame_ms,0.2487,
frame_ms,0.2169,
frame_ms,0.2204,
frame_ms,0.2242,
frame_ms,0.2159,
frame_ms,0.2157,
frame_ms,0.2684,
tick_us,1784.5,4270
frame_ms,3.8391,
frame_ms,0.2647,
frame_ms,0.2207,
frame_ms,0.2223,
frame_ms,0.9088,
frame_ms,0.4177,
frame_ms,0.3453,
frame_ms,0.3392,
frame_ms,0.339,
tick_us,1833.6,4284
frame_ms,3.9923,
frame_ms,0.3672,
frame_ms,0.3497,
frame_ms,0.3358,
frame_ms,0.3308,
frame_ms,0.3526,
frame_ms,0.3419,
frame_ms,0.4772,
frame_ms,0.3151,
tick_us,1941.9,4272
frame_ms,4.2603,
frame_ms,0.3177,
frame_ms,0.2435,
frame_ms,0.2232,
frame_ms,0.2229,
frame_ms,0.2231,
frame_ms,0.227,
frame_ms,0.271,
frame_ms,0.4691,
frame_ms,0.3352,
frame_ms,0.328,
tick_us,1844.1,4210
frame_ms,4.0661,
frame_ms,0.3029,
frame_ms,0.2318,
frame_ms,0.2393,
frame_ms,0.5573,
frame_ms,0.398,
frame_ms,0.3361,
frame_ms,0.33,
frame_ms,0.3271,
tick_us,1827.1,4168
frame_ms,4.092,
frame_ms,0.288,
frame_ms,0.2242,
frame_ms,0.2223,
frame_ms,0.2214,
frame_ms,0.2144,
frame_ms,0.2564,
frame_ms,0.2599,
frame_ms,0.2321,
frame_ms,0.2337,
frame_ms,0.6956,
tick_us,1871.6,4184
frame_ms,4.1362,
frame_ms,0.2785,
frame_ms,0.2294,
frame_ms,0.2259,
frame_ms,0.2195,
frame_ms,0.2533,
frame_ms,0.2599,
frame_ms,0.2223,
frame_ms,0.2704,
frame_ms,0.2498,
frame_ms,0.2196,
frame_ms,0.2283,
frame_ms,0.2172,
tick_us,1850.2,4216
frame_ms,3.9687,
frame_ms,0.296,
frame_ms,0.2421,
frame_ms,0.2309,
frame_ms,0.787,
frame_ms,0.4425,
frame_ms,0.2958,
frame_ms,0.2427,
frame_ms,0.2237,
frame_ms,0.2304,
tick_us,1912.8,4214
frame_ms,3.978,
frame_ms,0.3269,
frame_ms,0.2353,
frame_ms,0.2268,
frame_ms,0.2192,
frame_ms,0.2146,
frame_ms,0.2132,
frame_ms,0.2758,
frame_ms,0.2637,
frame_ms,0.9148,
tick_us,1935,4252
frame_ms,4.2188,
frame_ms,0.3011,
frame_ms,0.237,
frame_ms,0.2348,
frame_ms,0.3099,
frame_ms,0.2394,
frame_ms,0.2252,
frame_ms,0.222,
frame_ms,0.2185,
frame_ms,0.2144,
frame_ms,0.22,
frame_ms,0.2276,
frame_ms,0.2417,
tick_us,1875.5,4256
frame_ms,3.902,
frame_ms,0.2592,
frame_ms,0.2281,
frame_ms,0.2243,
frame_ms,0.7791,
frame_ms,0.2486,
frame_ms,0.2233,
frame_ms,0.2215,
frame_ms,0.2151,
frame_ms,0.2236,
frame_ms,0.2417,
frame_ms,0.2177,
tick_us,1819.5,4312
frame_ms,3.8738,
frame_ms,0.2757,
frame_ms,0.2248,
frame_ms,0.2315,
frame_ms,0.2829,
frame_ms,0.2274,
frame_ms,0.2174,
frame_ms,0.2129,
frame_ms,0.2161,
frame_ms,1.0688,
tick_us,1846.1,4370
frame_ms,3.9006,
frame_ms,0.2641,
frame_ms,0.2294,
frame_ms,0.2718,
frame_ms,0.2616,
frame_ms,0.2324,
frame_ms,0.2303,
frame_ms,0.2253,
frame_ms,0.2177,
frame_ms,0.2591,
frame_ms,0.254,
frame_ms,0.2252,
frame_ms,0.213,
frame_ms,0.2418,
tick_us,1815.9,4366
frame_ms,3.8109,
frame_ms,0.2634,
frame_ms,0.2158,
frame_ms,0.2205,
frame_ms,0.8803,
frame_ms,0.4125,
frame_ms,0.3477,
frame_ms,0.3396,
frame_ms,0.3384,
tick_us,1788.7,4352
frame_ms,3.9118,
frame_ms,0.361,
frame_ms,0.2713,
frame_ms,0.2213,
frame_ms,0.2164,
frame_ms,0.2572,
frame_ms,0.2097,
frame_ms,0.2396,
frame_ms,0.2337,
frame_ms,0.9645,
tick_us,1878.1,4330
frame_ms,4.0808,
frame_ms,0.2879,
frame_ms,0.2349,
frame_ms,0.2336,
frame_ms,0.2152,
frame_ms,0.2147,
frame_ms,0.2587,
frame_ms,0.2386,
frame_ms,0.2118,
frame_ms,0.2116,
frame_ms,0.2464,
frame_ms,0.2359,
frame_ms,0.2152,
frame_ms,0.2373,
tick_us,1764.2,4314
frame_ms,3.7681,
frame_ms,0.2687,
frame_ms,0.2216,
frame_ms,0.2241,
frame_ms,0.8997,
frame_ms,0.4098,
frame_ms,0.3433,
frame_ms,0.3364,
frame_ms,0.3316,
tick_us,1768.4,4336
frame_ms,3.8447,
frame_ms,0.2861,
frame_ms,0.2214,
frame_ms,0.2282,
frame_ms,0.2191,
frame_ms,0.213,
frame_ms,0.2396,
frame_ms,0.3823,
frame_ms,0.3579,
frame_ms,0.3455,
frame_ms,0.5688,
frame_ms,0.2683,
tick_us,1782.6,4366
frame_ms,3.7437,
frame_ms,0.2552,
frame_ms,0.219,
frame_ms,0.2349,
frame_ms,0.2243,
frame_ms,0.2273,
frame_ms,0.2189,
frame_ms,0.2392,
frame_ms,0.2318,
frame_ms,0.226,
frame_ms,0.2415,
frame_ms,0.2332,
frame_ms,0.2468,
frame_ms,0.2373,
tick_us,1762.5,4410
frame_ms,3.8058,
frame_ms,0.2892,
frame_ms,0.2211,
frame_ms,0.2222,
frame_ms,0.2335,
frame_ms,0.6913,
frame_ms,0.2638,
frame_ms,0.2225,
frame_ms,0.214,
frame_ms,0.2184,
frame_ms,0.2114,
frame_ms,0.2078,
frame_ms,0.2586,
tick_us,1757,4432
frame_ms,3.7249,
frame_ms,0.2625,
frame_ms,0.2275,
frame_ms,0.2213,
frame_ms,0.2141,
frame_ms,0.2423,
frame_ms,0.265,
frame_ms,0.2618,
frame_ms,0.2293,
frame_ms,0.2412,
frame_ms,0.8391,
tick_us,1804.3,4486
frame_ms,4.0053,
frame_ms,0.3245,
frame_ms,0.2376,
frame_ms,0.2248,
frame_ms,0.222,
frame_ms,0.215,
frame_ms,0.2209,
frame_ms,0.2644,
frame_ms,0.2282,
frame_ms,0.2105,
frame_ms,0.2489,
frame_ms,0.2359,
frame_ms,0.2139,
frame_ms,0.2144,
tick_us,1787.3,4494
frame_ms,3.7177,
frame_ms,0.2593,
frame_ms,0.2167,
frame_ms,0.2534,
frame_ms,0.2696,
frame_ms,0.7183,
frame_ms,0.4023,
frame_ms,0.3404,
frame_ms,0.3354,
frame_ms,0.3322,
tick_us,1684.3,4490
frame_ms,3.7176,
frame_ms,0.3081,
frame_ms,0.2278,
frame_ms,0.2276,
frame_ms,0.223,
frame_ms,0.2124,
frame_ms,0.2117,
frame_ms,0.273,
frame_ms,0.2401,
frame_ms,0.2273,
frame_ms,0.2197,
frame_ms,0.8225,
tick_us,1772.9,4510
frame_ms,3.8802,
frame_ms,0.293,
frame_ms,0.2278,
frame_ms,0.3537,
frame_ms,0.2133,
frame_ms,0.2187,
frame_ms,0.2165,
frame_ms,0.222,
frame_ms,0.2154,
frame_ms,0.2428,
frame_ms,0.2368,
frame_ms,0.2151,
frame_ms,0.211,
frame_ms,0.2453,
frame_ms,0.2359,
tick_us,1696.1,4480
frame_ms,3.6107,
frame_ms,0.2691,
frame_ms,0.218,
frame_ms,0.2216,
frame_ms,0.2219,
frame_ms,0.7393,
frame_ms,0.4059,
frame_ms,0.3397,
frame_ms,0.3324,
frame_ms,0.3307,
tick_us,1706.1,4540
frame_ms,3.7204,
frame_ms,0.2818,
frame_ms,0.2427,
frame_ms,0.2186,
frame_ms,0.2197,
frame_ms,0.2531,
frame_ms,0.2852,
frame_ms,0.2324,
frame_ms,0.2278,
frame_ms,0.2238,
frame_ms,0.2227,
frame_ms,0.7989,
tick_us,1759.3,4552
frame_ms,3.8506,
frame_ms,0.2973,
frame_ms,0.2346,
frame_ms,0.2309,
frame_ms,0.2268,
frame_ms,0.232,
frame_ms,0.2172,
frame_ms,0.2659,
frame_ms,0.2268,
frame_ms,0.3281,
frame_ms,0.2611,
frame_ms,0.2509,
frame_ms,0.2323,
frame_ms,0.2294,
tick_us,1694,4546
frame_ms,3.6437,
frame_ms,0.2871,
frame_ms,0.233,
frame_ms,0.2287,
frame_ms,0.2237,
frame_ms,0.8025,
frame_ms,0.4079,
frame_ms,0.3505,
frame_ms,0.34,
frame_ms,0.348,
tick_us,1659.6,4526
frame_ms,3.6629,
frame_ms,0.2835,
frame_ms,0.2408,
frame_ms,0.2225,
frame_ms,0.2304,
frame_ms,0.2374,
frame_ms,0.2788,
frame_ms,0.2785,
frame_ms,0.2258,
frame_ms,0.2245,
frame_ms,0.2217,
frame_ms,0.7975,
tick_us,1702.2,4546
frame_ms,3.7318,
frame_ms,0.2835,
frame_ms,0.2366,
frame_ms,0.2274,
frame_ms,0.2257,
frame_ms,0.2226,
frame_ms,0.2151,
frame_ms,0.273,
frame_ms,0.2601,
frame_ms,0.2262,
frame_ms,0.2199,
frame_ms,0.2184,
frame_ms,0.2143,
frame_ms,0.2635,
frame_ms,0.2622,
tick_us,1699.7,4578
frame_ms,3.6147,
frame_ms,0.2719,
frame_ms,0.2215,
frame_ms,0.2177,
frame_ms,0.2204,
frame_ms,0.8552,
frame_ms,0.4064,
frame_ms,0.3421,
frame_ms,0.3354,
frame_ms,0.3397,
tick_us,1688.5,4584
frame_ms,3.6861,
frame_ms,0.2922,
frame_ms,0.2321,
frame_ms,0.2239,
frame_ms,0.2173,
frame_ms,0.2418,
frame_ms,0.2268,
frame_ms,0.2183,
frame_ms,0.2512,
frame_ms,0.2612,
frame_ms,0.2344,
frame_ms,0.8126,
frame_ms,0.292,
tick_us,1773.3,4530
frame_ms,3.6971,
frame_ms,0.2617,
frame_ms,0.2195,
frame_ms,0.2193,
frame_ms,0.2177,
frame_ms,0.2183,
frame_ms,0.2328,
frame_ms,0.2229,
frame_ms,0.2093,
frame_ms,0.2604,
frame_ms,0.2361,
frame_ms,0.2145,
frame_ms,0.2092,
frame_ms,0.2473,
frame_ms,0.2339,
tick_us,1702.8,4540
frame_ms,3.5995,
frame_ms,0.2408,
frame_ms,0.2137,
frame_ms,0.2189,
frame_ms,0.2161,
frame_ms,0.8118,
frame_ms,0.2441,
frame_ms,0.2225,
frame_ms,0.2189,
frame_ms,0.2127,
frame_ms,0.2272,
frame_ms,0.232,
frame_ms,0.258,
tick_us,1693.4,4572
frame_ms,3.6203,
frame_ms,0.2469,
frame_ms,0.2143,
frame_ms,0.212,
frame_ms,0.2369,
frame_ms,0.241,
frame_ms,0.2128,
frame_ms,0.238,
frame_ms,0.2375,
frame_ms,0.2137,
frame_ms,0.2093,
frame_ms,0.8362,
frame_ms,0.2389,
tick_us,1699.5,4600
frame_ms,3.6155,
frame_ms,0.2428,
frame_ms,0.2159,
frame_ms,0.2099,
frame_ms,0.2323,
frame_ms,0.2318,
frame_ms,0.2172,
frame_ms,0.2454,
frame_ms,0.2592,
frame_ms,0.2303,
frame_ms,0.2539,
frame_ms,0.256,
frame_ms,0.2237,
frame_ms,0.4403,
tick_us,1724.8,4620
frame_ms,3.8343,
frame_ms,0.2777,
frame_ms,0.2404,
frame_ms,0.2366,
frame_ms,0.8164,
frame_ms,0.2875,
frame_ms,0.2245,
frame_ms,0.2185,
frame_ms,0.2219,
frame_ms,0.2148,
frame_ms,0.2336,
frame_ms,0.2561,
tick_us,1736.1,4568
frame_ms,3.6456,
frame_ms,0.2459,
frame_ms,0.2158,
frame_ms,0.2138,
frame_ms,0.2143,
frame_ms,0.2399,
frame_ms,0.2387,
frame_ms,0.2142,
frame_ms,0.2111,
frame_ms,0.2568,
frame_ms,0.9744,
frame_ms,0.2485,
tick_us,1691.3,4574
frame_ms,3.5821,
frame_ms,0.2492,
frame_ms,0.2258,
frame_ms,0.2199,
frame_ms,0.2456,
frame_ms,0.25,
frame_ms,0.3156,
frame_ms,0.3976,
frame_ms,0.3395,
frame_ms,0.3355,
frame_ms,0.3809,
frame_ms,0.296,
tick_us,1679.5,4562
frame_ms,3.6241,
frame_ms,0.2679,
frame_ms,0.2275,
frame_ms,0.2246,
frame_ms,0.2199,
frame_ms,0.9914,
frame_ms,0.283,
frame_ms,0.2168,
frame_ms,0.2119,
frame_ms,0.2155,
frame_ms,0.2442,
frame_ms,0.251,
tick_us,1700.6,4520
frame_ms,3.6155,
frame_ms,0.2444,
frame_ms,0.26,
frame_ms,0.227,
frame_ms,0.2208,
frame_ms,0.2131,
frame_ms,0.2109,
frame_ms,0.2678,
frame_ms,0.2379,
frame_ms,0.2746,
frame_ms,0.2261,
frame_ms,0.7728,
tick_us,1752.2,4532
frame_ms,3.8371,
frame_ms,0.2651,
frame_ms,0.2226,
frame_ms,0.2245,
frame_ms,0.2139,
frame_ms,0.2522,
frame_ms,0.2539,
frame_ms,0.2258,
frame_ms,0.2137,
frame_ms,0.2083,
frame_ms,0.242,
frame_ms,0.2503,
frame_ms,0.2188,
frame_ms,0.2142,
frame_ms,0.2414,
tick_us,1685.1,4512
frame_ms,3.574,
frame_ms,0.2448,
frame_ms,0.2122,
frame_ms,0.2187,
frame_ms,0.2169,
frame_ms,0.213,
frame_ms,0.7088,
frame_ms,0.2321,
frame_ms,0.2195,
frame_ms,0.3156,
frame_ms,0.2446,
frame_ms,0.2179,
frame_ms,0.2164,
frame_ms,0.2154,
tick_us,1703.6,4486
frame_ms,3.5686,
frame_ms,0.2435,
frame_ms,0.2137,
frame_ms,0.2159,
frame_ms,0.2142,
frame_ms,0.242,
frame_ms,0.2341,
frame_ms,0.2121,
frame_ms,0.2604,
frame_ms,0.2345,
frame_ms,0.2177,
frame_ms,0.8383,
tick_us,1722,4514
frame_ms,3.8367,
frame_ms,0.2676,
frame_ms,0.216,
frame_ms,0.2174,
frame_ms,0.2138,
frame_ms,0.2483,
frame_ms,0.2644,
frame_ms,0.243,
frame_ms,0.2374,
frame_ms,0.2197,
frame_ms,0.2153,
frame_ms,0.2416,
frame_ms,0.2523,
frame_ms,0.2184,
frame_ms,0.2131,
tick_us,1760,4576
frame_ms,3.6949,
frame_ms,0.2688,
frame_ms,0.2173,
frame_ms,0.2204,
frame_ms,0.2197,
frame_ms,0.8072,
frame_ms,0.2321,
frame_ms,0.2181,
frame_ms,0.2147,
frame_ms,0.2133,
frame_ms,0.2459,
frame_ms,0.2638,
frame_ms,0.2301,
tick_us,1714.4,4554
frame_ms,3.6161,
frame_ms,0.2529,
frame_ms,0.2189,
frame_ms,0.221,
frame_ms,0.2154,
frame_ms,0.2409,
frame_ms,0.2611,
frame_ms,0.2263,
frame_ms,0.2184,
frame_ms,0.2151,
frame_ms,0.2098,
frame_ms,0.7687,
frame_ms,0.2265,
tick_us,1674.7,4522
frame_ms,3.5368,
frame_ms,0.2558,
frame_ms,0.2125,
frame_ms,0.2131,
frame_ms,0.2112,
frame_ms,0.213,
frame_ms,0.2366,
frame_ms,0.224,
frame_ms,0.2104,
frame_ms,0.2119,
frame_ms,0.2504,
frame_ms,0.2348,
frame_ms,0.2143,
frame_ms,0.2083,
frame_ms,0.2542,
frame_ms,0.2298,
tick_us,1656,4548
frame_ms,3.539,
frame_ms,0.2434,
frame_ms,0.2123,
frame_ms,0.2153,
frame_ms,0.2133,
frame_ms,0.9922,
frame_ms,0.2588,
frame_ms,0.2218,
frame_ms,0.2278,
frame_ms,0.2259,
frame_ms,0.2205,
frame_ms,0.215,
frame_ms,0.2467,
tick_us,1657.9,4514
frame_ms,3.5581,
frame_ms,0.2499,
frame_ms,0.313,
frame_ms,0.2803,
frame_ms,0.2428,
frame_ms,0.2138,
frame_ms,0.2131,
frame_ms,0.2089,
frame_ms,0.2256,
frame_ms,0.2319,
frame_ms,0.9813,
frame_ms,0.2307,
tick_us,1669.2,4494
frame_ms,3.5332,
frame_ms,0.2374,
frame_ms,0.2152,
frame_ms,0.2591,
frame_ms,0.2694,
frame_ms,0.2278,
frame_ms,0.2313,
frame_ms,0.2218,
frame_ms,0.2632,
frame_ms,0.2554,
frame_ms,0.22,
frame_ms,0.2114,
frame_ms,0.2564,
frame_ms,0.2378,
tick_us,1646.9,4486
frame_ms,3.7182,
frame_ms,0.2585,
frame_ms,0.2135,
frame_ms,0.215,
frame_ms,0.2145,
frame_ms,0.2102,
frame_ms,0.766,
frame_ms,0.441,
frame_ms,0.2579,
frame_ms,0.2205,
frame_ms,0.2183,
frame_ms,0.2316,
frame_ms,0.2141,
tick_us,1647.4,4486
frame_ms,3.488,
frame_ms,0.2478,
frame_ms,0.2177,
frame_ms,0.2195,
frame_ms,0.2209,
frame_ms,0.2098,
frame_ms,0.2489,
frame_ms,0.2686,
frame_ms,0.2279,
frame_ms,0.2218,
frame_ms,0.2123,
frame_ms,0.2397,
frame_ms,0.7156,
frame_ms,0.2415,
tick_us,1665.9,4520
frame_ms,3.5179,
frame_ms,0.2462,
frame_ms,0.2168,
frame_ms,0.2099,
frame_ms,0.2132,
frame_ms,0.2155,
frame_ms,0.2186,
frame_ms,0.2365,
frame_ms,0.2075,
frame_ms,0.2147,
frame_ms,0.2534,
frame_ms,0.2653,
frame_ms,0.226,
frame_ms,0.2319,
frame_ms,0.2136,
frame_ms,0.2266,
tick_us,1632.2,4468
frame_ms,3.5361,
frame_ms,0.2617,
frame_ms,0.2251,
frame_ms,0.2225,
frame_ms,0.2198,
frame_ms,0.8705,
frame_ms,0.2479,
frame_ms,0.2194,
frame_ms,0.2179,
frame_ms,0.2112,
frame_ms,0.2133,
frame_ms,0.2418,
frame_ms,0.2385,
tick_us,1626.5,4502
frame_ms,3.496,
frame_ms,0.245,
frame_ms,0.2169,
frame_ms,0.22,
frame_ms,0.211,
frame_ms,0.27,
frame_ms,0.249,
frame_ms,0.2275,
frame_ms,0.2212,
frame_ms,0.212,
frame_ms,0.2413,
frame_ms,0.9511,
tick_us,1741.5,4494
frame_ms,3.8208,
frame_ms,0.2792,
frame_ms,0.2333,
frame_ms,0.2229,
frame_ms,0.2187,
frame_ms,0.2162,
frame_ms,0.2616,
frame_ms,0.2812,
frame_ms,0.2305,
frame_ms,0.225,
frame_ms,0.2238,
frame_ms,0.214,
frame_ms,0.2141,
frame_ms,0.2545,
frame_ms,0.2582,
tick_us,1671.5,4438
frame_ms,3.5446,
frame_ms,0.2573,
frame_ms,0.2151,
frame_ms,0.218,
frame_ms,0.2198,
frame_ms,0.8951,
frame_ms,0.243,
frame_ms,0.2231,
frame_ms,0.2178,
frame_ms,0.211,
frame_ms,0.238,
frame_ms,0.244,
frame_ms,0.2195,
tick_us,1775,4432
frame_ms,3.7174,
frame_ms,0.3017,
frame_ms,0.2479,
frame_ms,0.2218,
frame_ms,0.2158,
frame_ms,0.2085,
frame_ms,0.2128,
frame_ms,0.2362,
frame_ms,0.2331,
frame_ms,0.2172,
frame_ms,0.9463,
frame_ms,0.2252,
tick_us,1649.2,4424
frame_ms,3.4925,
frame_ms,0.239,
frame_ms,0.213,
frame_ms,0.209,
frame_ms,0.2296,
frame_ms,0.2546,
frame_ms,0.2212,
frame_ms,0.2138,
frame_ms,0.2074,
frame_ms,0.2229,
frame_ms,0.2467,
frame_ms,0.2294,
frame_ms,0.211,
frame_ms,0.2086,
frame_ms,0.2493,
frame_ms,0.2279,
tick_us,1646.6,4452
frame_ms,3.4956,
frame_ms,0.2394,
frame_ms,0.2126,
frame_ms,0.2089,
frame_ms,0.2171,
frame_ms,0.264,
frame_ms,0.7776,
frame_ms,0.4041,
frame_ms,0.3428,
frame_ms,0.3321,
frame_ms,0.3285,
tick_us,1677.9,4420
frame_ms,3.7716,
frame_ms,0.2799,
frame_ms,0.2199,
frame_ms,0.2231,
frame_ms,0.2138,
frame_ms,0.2413,
frame_ms,0.2368,
frame_ms,0.2158,
frame_ms,0.2405,
frame_ms,0.2403,
frame_ms,1.024,
tick_us,1679.7,4382
frame_ms,3.6542,
frame_ms,0.2535,
frame_ms,0.3139,
frame_ms,0.2253,
frame_ms,0.2174,
frame_ms,0.217,
frame_ms,0.2121,
frame_ms,0.247,
frame_ms,0.2641,
frame_ms,0.2289,
frame_ms,0.2201,
frame_ms,0.212,
frame_ms,0.2125,
frame_ms,0.2478,
frame_ms,0.2643,
tick_us,1923.1,4376
frame_ms,4.2574,
frame_ms,0.2624,
frame_ms,0.2189,
frame_ms,0.2171,
frame_ms,0.5183,
frame_ms,0.2425,
frame_ms,0.2209,
frame_ms,0.2173,
frame_ms,0.2146,
frame_ms,0.2556,
frame_ms,0.2199,
frame_ms,0.252,
tick_us,1749.5,4380
frame_ms,3.7424,
frame_ms,0.2819,
frame_ms,0.2099,
frame_ms,0.2085,
frame_ms,0.2311,
frame_ms,0.2428,
frame_ms,0.2143,
frame_ms,0.21,
frame_ms,0.2477,
frame_ms,0.2406,
frame_ms,0.8936,
tick_us,1774.5,4358
frame_ms,3.9451,
frame_ms,0.2845,
frame_ms,0.2254,
frame_ms,0.2125,
frame_ms,0.2274,
frame_ms,0.2288,
frame_ms,0.2133,
frame_ms,0.2512,
frame_ms,0.2412,
frame_ms,0.2091,
frame_ms,0.2375,
frame_ms,0.2347,
frame_ms,0.2091,
frame_ms,0.2457,
frame_ms,0.2357,
tick_us,1792.9,4374
frame_ms,3.7662,
frame_ms,0.2376,
frame_ms,0.209,
frame_ms,0.2131,
frame_ms,0.8672,
frame_ms,0.2342,
frame_ms,0.28,
frame_ms,0.2147,
frame_ms,0.2144,
frame_ms,0.2093,
frame_ms,0.2289,
frame_ms,0.225,
tick_us,1764.9,4374
frame_ms,3.7291,
frame_ms,0.267,
frame_ms,0.2142,
frame_ms,0.2163,
frame_ms,0.2191,
frame_ms,0.308,
frame_ms,0.2553,
frame_ms,0.2243,
frame_ms,0.2554,
frame_ms,0.2474,
frame_ms,0.7723,
frame_ms,0.2505,
tick_us,1754.5,4352
frame_ms,3.7046,
frame_ms,0.2439,
frame_ms,0.2152,
frame_ms,0.214,
frame_ms,0.2494,
frame_ms,0.2281,
frame_ms,0.2547,
frame_ms,0.4793,
frame_ms,0.3398,
frame_ms,0.3387,
frame_ms,0.3395,
frame_ms,0.3401,
tick_us,1795.6,4384
frame_ms,3.9577,
frame_ms,0.2607,
frame_ms,0.2727,
frame_ms,0.2616,
frame_ms,0.619,
frame_ms,0.261,
frame_ms,0.3517,
frame_ms,0.3704,
frame_ms,0.342,
tick_us,1848.5,4380
frame_ms,3.9869,
frame_ms,0.2656,
frame_ms,0.2773,
frame_ms,0.2732,
frame_ms,0.2553,
frame_ms,0.2271,
frame_ms,0.2234,
frame_ms,0.2143,
frame_ms,0.2448,
frame_ms,0.986,
tick_us,1951.8,4388
frame_ms,4.1564,
frame_ms,0.2681,
frame_ms,1.3964,
frame_ms,0.2831,
frame_ms,0.2273,
frame_ms,0.2183,
frame_ms,0.216,
frame_ms,0.2286,
frame_ms,0.2155,
tick_us,1804.6,4404
frame_ms,3.8808,
frame_ms,0.2547,
frame_ms,0.223,
frame_ms,0.2317,
frame_ms,0.7128,
frame_ms,0.4026,
frame_ms,0.3454,
frame_ms,0.3347,
frame_ms,0.3345,
tick_us,1835.7,4420
frame_ms,3.9218,
frame_ms,0.2719,
frame_ms,0.2979,
frame_ms,0.2568,
frame_ms,0.2199,
frame_ms,0.2144,
frame_ms,0.2158,
frame_ms,0.2422,
frame_ms,0.2388,
frame_ms,0.2115,
frame_ms,0.7948,
frame_ms,0.3065,
tick_us,1776.3,4442
frame_ms,3.8844,
frame_ms,0.3348,
frame_ms,0.4245,
frame_ms,0.3408,
frame_ms,0.3348,
frame_ms,0.33,
frame_ms,0.3266,
frame_ms,0.2502,
frame_ms,0.2142,
frame_ms,0.2147,
frame_ms,0.2092,
tick_us,1832.4,4480
frame_ms,3.9569,
frame_ms,0.258,
frame_ms,0.2209,
frame_ms,0.2301,
frame_ms,0.689,
frame_ms,0.2352,
frame_ms,0.2182,
frame_ms,0.2172,
frame_ms,0.2158,
frame_ms,0.2642,
frame_ms,0.2411,
frame_ms,0.2374,
tick_us,1847.3,4496
frame_ms,3.8781,
frame_ms,0.2457,
frame_ms,0.2733,
frame_ms,0.2433,
frame_ms,0.2163,
frame_ms,0.2086,
frame_ms,0.3493,
frame_ms,0.233,
frame_ms,0.2184,
frame_ms,0.8318,
frame_ms,0.2422,
tick_us,1804.9,4480
frame_ms,3.8229,
frame_ms,0.249,
frame_ms,0.2733,
frame_ms,0.2491,
frame_ms,0.2242,
frame_ms,0.2385,
frame_ms,0.2381,
frame_ms,0.2117,
frame_ms,0.2389,
frame_ms,0.2373,
frame_ms,0.2124,
frame_ms,0.2331,
frame_ms,0.232,
frame_ms,0.2088,
tick_us,1800.6,4496
frame_ms,3.8361,
frame_ms,0.3079,
frame_ms,0.2323,
frame_ms,0.243,
frame_ms,0.7995,
frame_ms,0.4085,
frame_ms,0.3502,
frame_ms,0.3591,
frame_ms,0.3598,
tick_us,1879.5,4538
frame_ms,4.0863,
frame_ms,0.4015,
frame_ms,0.4471,
frame_ms,0.2682,
frame_ms,0.2277,
frame_ms,0.235,
frame_ms,0.226,
frame_ms,0.2248,
frame_ms,0.7216,
tick_us,1855.2,4544
frame_ms,3.9644,
frame_ms,0.279,
frame_ms,0.2445,
frame_ms,0.2593,
frame_ms,0.2293,
frame_ms,0.2201,
frame_ms,0.2356,
frame_ms,0.2208,
frame_ms,0.2637,
frame_ms,0.2281,
frame_ms,0.2119,
frame_ms,0.21,
frame_ms,0.2434,
frame_ms,0.2331,
tick_us,1834.8,4582
frame_ms,3.8377,
frame_ms,0.2885,
frame_ms,0.2819,
frame_ms,0.3036,
frame_ms,0.7776,
frame_ms,0.4127,
frame_ms,0.3488,
frame_ms,0.3381,
frame_ms,0.337,
tick_us,1892.4,4554
frame_ms,4.0984,
frame_ms,0.2777,
frame_ms,0.2875,
frame_ms,0.2705,
frame_ms,0.2404,
frame_ms,0.2159,
frame_ms,0.2112,
frame_ms,0.2495,
frame_ms,1.0134,
tick_us,1938.5,4594
frame_ms,4.1222,
frame_ms,0.3239,
frame_ms,0.2396,
frame_ms,0.2191,
frame_ms,0.2616,
frame_ms,0.2435,
frame_ms,0.2106,
frame_ms,0.2369,
frame_ms,0.2308,
frame_ms,0.2135,
frame_ms,0.243,
frame_ms,0.2374,
frame_ms,0.2161,
frame_ms,0.2127,
tick_us,1812.8,4608
frame_ms,3.9112,
frame_ms,0.2643,
frame_ms,0.2587,
frame_ms,0.2495,
frame_ms,0.6264,
frame_ms,0.2482,
frame_ms,0.2136,
frame_ms,0.219,
frame_ms,0.2226,
frame_ms,0.2101,
frame_ms,0.2742,
tick_us,1826.4,4572
frame_ms,3.8927,
frame_ms,0.2684,
frame_ms,0.2452,
frame_ms,0.244,
frame_ms,0.2171,
frame_ms,0.2588,
frame_ms,0.2583,
frame_ms,0.2324,
frame_ms,0.2242,
frame_ms,0.222,
frame_ms,0.8653,
tick_us,1793.5,4612
frame_ms,3.96,
frame_ms,0.2774,
frame_ms,0.2818,
frame_ms,0.2681,
frame_ms,0.2331,
frame_ms,0.2241,
frame_ms,0.2157,
frame_ms,0.2101,
frame_ms,0.2461,
frame_ms,0.2246,
frame_ms,0.2104,
frame_ms,0.2073,
frame_ms,0.2368,
frame_ms,0.2454,
tick_us,1838.5,4592
frame_ms,3.9074,
frame_ms,0.2477,
frame_ms,0.2897,
frame_ms,0.312,
frame_ms,0.7063,
frame_ms,0.4204,
frame_ms,0.3494,
frame_ms,0.3419,
frame_ms,0.3432,
tick_us,1864.5,4570
frame_ms,4.0938,
frame_ms,0.2652,
frame_ms,0.2345,
frame_ms,0.2318,
frame_ms,0.2204,
frame_ms,0.3693,
frame_ms,0.2423,
frame_ms,0.2212,
frame_ms,0.2213,
frame_ms,0.7943,
tick_us,1875.6,4540
frame_ms,4.1615,
frame_ms,0.3122,
frame_ms,0.2728,
frame_ms,0.2579,
frame_ms,0.229,
frame_ms,0.251,
frame_ms,0.4479,
frame_ms,0.3114,
frame_ms,0.2293,
frame_ms,0.2246,
frame_ms,0.222,
frame_ms,0.2128,
tick_us,1781.3,4534
frame_ms,3.8257,
frame_ms,0.2432,
frame_ms,0.315,
frame_ms,0.2944,
frame_ms,0.6675,
frame_ms,0.4132,
frame_ms,0.3465,
frame_ms,0.3395,
frame_ms,0.3404,
tick_us,1846.5,4518
frame_ms,4.1043,
frame_ms,0.2711,
tick_us,1799,4510
frame_ms,6.6505,
frame_ms,0.2929,
frame_ms,0.2874,
frame_ms,0.2843,
frame_ms,0.2276,
frame_ms,0.2238,
frame_ms,0.22,
frame_ms,0.3036,
frame_ms,0.2326,
frame_ms,0.2622,
frame_ms,0.2818,
frame_ms,0.2255,
frame_ms,0.2188,
tick_us,1940.2,4494
frame_ms,4.0234,
frame_ms,0.3054,
frame_ms,0.2337,
frame_ms,0.2683,
frame_ms,0.5139,
frame_ms,0.2802,
frame_ms,0.2231,
frame_ms,0.218,
frame_ms,0.2212,
frame_ms,0.2146,
frame_ms,0.2246,
frame_ms,0.2376,
tick_us,1831.8,4490
frame_ms,3.9164,
frame_ms,0.26,
frame_ms,1.6009,
frame_ms,0.2754,
frame_ms,0.6223,
frame_ms,0.2685,
tick_us,1828.4,4464
frame_ms,3.8936,
frame_ms,0.2435,
frame_ms,0.2487,
frame_ms,0.2395,
frame_ms,0.2477,
frame_ms,0.2296,
frame_ms,0.2145,
frame_ms,0.2414,
frame_ms,0.2354,
frame_ms,0.2154,
frame_ms,0.2106,
frame_ms,0.244,
frame_ms,0.2329,
frame_ms,0.2121,
tick_us,1835.2,4502
frame_ms,3.9213,
frame_ms,0.257,
frame_ms,0.277,
frame_ms,0.2395,
frame_ms,0.612,
frame_ms,0.2333,
frame_ms,0.2212,
frame_ms,0.2165,
frame_ms,0.2115,
frame_ms,0.234,
frame_ms,0.2324,
frame_ms,0.2108,
tick_us,1828.6,4512
frame_ms,3.8622,
frame_ms,0.2494,
frame_ms,0.2781,
frame_ms,0.256,
frame_ms,0.2162,
frame_ms,0.2121,
frame_ms,0.2493,
frame_ms,0.2309,
frame_ms,0.2331,
frame_ms,0.2662,
frame_ms,0.7227,
tick_us,1879.9,4508
frame_ms,4.1138,
frame_ms,0.2743,
frame_ms,0.2902,
frame_ms,0.2526,
frame_ms,0.246,
frame_ms,0.211,
frame_ms,0.2292,
frame_ms,0.2182,
frame_ms,0.4149,
frame_ms,0.3687,
frame_ms,0.3393,
tick_us,1854.3,4444
frame_ms,4.2151,
frame_ms,0.2946,
frame_ms,0.2205,
frame_ms,0.2413,
frame_ms,0.5715,
frame_ms,0.2359,
frame_ms,0.2166,
frame_ms,0.2189,
frame_ms,0.2142,
frame_ms,0.2547,
frame_ms,0.262,
frame_ms,0.2277,
tick_us,1828.4,4424
frame_ms,3.8599,
frame_ms,0.247,
frame_ms,0.2841,
frame_ms,0.2724,
frame_ms,0.2274,
frame_ms,0.2143,
frame_ms,0.2115,
frame_ms,0.2442,
frame_ms,0.238,
frame_ms,0.9065,
tick_us,1902,4422
frame_ms,4.0907,
frame_ms,0.2918,
frame_ms,0.2855,
frame_ms,0.255,
frame_ms,0.2233,
frame_ms,0.21,
frame_ms,0.25,
frame_ms,0.2763,
frame_ms,0.2111,
frame_ms,0.2065,
frame_ms,0.2178,
frame_ms,0.2618,
frame_ms,0.2299,
frame_ms,0.2153,
tick_us,1813.4,4402
frame_ms,3.851,
frame_ms,0.2421,
frame_ms,0.2137,
frame_ms,0.2634,
frame_ms,0.7037,
frame_ms,0.2391,
frame_ms,0.2229,
frame_ms,0.2175,
frame_ms,0.2118,
frame_ms,0.2211,
frame_ms,0.2179,
frame_ms,0.2494,
tick_us,1820.3,4366
frame_ms,3.8813,
frame_ms,0.2636,
frame_ms,0.2414,
frame_ms,0.2173,
frame_ms,0.2724,
frame_ms,0.2496,
frame_ms,0.2128,
frame_ms,0.2439,
frame_ms,0.2328,
frame_ms,0.925,
frame_ms,0.2634,
tick_us,1872.3,4352
frame_ms,3.9707,
frame_ms,0.2644,
frame_ms,0.2819,
frame_ms,0.2655,
frame_ms,0.2193,
frame_ms,0.2689,
frame_ms,0.2612,
frame_ms,0.2238,
frame_ms,0.2173,
frame_ms,0.2826,
frame_ms,0.3184,
frame_ms,0.217,
tick_us,1874.4,4384
frame_ms,3.9144,
frame_ms,0.2509,
frame_ms,0.2628,
frame_ms,0.2857,
frame_ms,0.8674,
frame_ms,0.2579,
frame_ms,0.2145,
frame_ms,0.2178,
frame_ms,0.2097,
frame_ms,0.2515,
frame_ms,0.2122,
tick_us,1847.9,4390
frame_ms,3.8697,
frame_ms,0.2521,
frame_ms,0.2719,
frame_ms,0.2463,
frame_ms,0.2137,
frame_ms,0.2102,
frame_ms,0.257,
frame_ms,0.2628,
frame_ms,0.2294,
frame_ms,0.2256,
frame_ms,0.8124,
frame_ms,0.2461,
tick_us,1813,4402
frame_ms,3.8466,
frame_ms,0.2457,
frame_ms,0.2722,
frame_ms,0.2439,
frame_ms,0.2266,
frame_ms,0.2153,
frame_ms,0.2661,
frame_ms,0.2678,
frame_ms,0.2329,
frame_ms,0.2241,
frame_ms,0.2192,
frame_ms,0.2176,
frame_ms,0.2377,
tick_us,1853.5,4406
frame_ms,4.0413,
frame_ms,0.2483,
frame_ms,0.3196,
frame_ms,0.2907,
frame_ms,0.6352,
frame_ms,0.2361,
frame_ms,0.2173,
frame_ms,0.2212,
frame_ms,0.2126,
frame_ms,0.2261,
frame_ms,0.2207,
frame_ms,0.2079,
tick_us,1827.5,4418
frame_ms,3.8998,
frame_ms,0.2456,
frame_ms,0.2636,
frame_ms,0.2451,
frame_ms,0.2117,
frame_ms,0.2094,
frame_ms,0.2441,
frame_ms,0.2301,
frame_ms,0.236,
frame_ms,0.2167,
frame_ms,0.7993,
tick_us,1904.4,4378
frame_ms,4.074,
frame_ms,0.2858,
frame_ms,0.2794,
frame_ms,0.2581,
frame_ms,0.211,
frame_ms,0.2099,
frame_ms,0.2584,
frame_ms,0.2316,
frame_ms,0.2117,
frame_ms,0.2349,
frame_ms,0.222,
frame_ms,0.2172,
frame_ms,0.2094,
frame_ms,0.2395,
tick_us,1852.6,4424
frame_ms,3.9214,
frame_ms,0.2468,
frame_ms,0.2903,
frame_ms,0.255,
frame_ms,0.6303,
frame_ms,0.2393,
frame_ms,0.2159,
frame_ms,0.2208,
frame_ms,0.2071,
frame_ms,0.2319,
frame_ms,0.224,
frame_ms,0.2095,
tick_us,1804.3,4386
frame_ms,3.8688,
frame_ms,0.2462,
frame_ms,0.2965,
frame_ms,0.2558,
frame_ms,0.2135,
frame_ms,0.2081,
frame_ms,0.2476,
frame_ms,0.241,
frame_ms,0.2145,
frame_ms,0.2093,
frame_ms,0.7665,
frame_ms,0.2409,
tick_us,1832.1,4376
frame_ms,3.8777,
frame_ms,0.24,
frame_ms,0.2775,
frame_ms,0.2404,
frame_ms,0.2183,
frame_ms,0.2378,
frame_ms,0.2364,
frame_ms,0.2128,
frame_ms,0.2396,
frame_ms,0.2425,
frame_ms,0.2117,
frame_ms,0.2075,
frame_ms,0.2505,
frame_ms,0.236,
tick_us,1835.1,4336
frame_ms,3.8273,
frame_ms,0.2466,
tick_us,1781.5,4422
frame_ms,7.2002,
frame_ms,0.2805,
frame_ms,0.2227,
frame_ms,0.2816,
frame_ms,0.2634,
frame_ms,0.2314,
frame_ms,0.2586,
frame_ms,0.8837,
tick_us,1836.1,4420
frame_ms,4.032,
frame_ms,0.2663,
frame_ms,0.2986,
frame_ms,0.2566,
frame_ms,0.2218,
frame_ms,0.2129,
frame_ms,0.2577,
frame_ms,0.2324,
frame_ms,0.2115,
frame_ms,0.2404,
frame_ms,0.225,
frame_ms,0.2061,
frame_ms,0.2339,
frame_ms,0.2363,
tick_us,1794.5,4432
frame_ms,3.7877,
frame_ms,0.2407,
frame_ms,0.2104,
frame_ms,0.2523,
frame_ms,0.8478,
frame_ms,0.2356,
frame_ms,0.2177,
frame_ms,0.2077,
frame_ms,0.2073,
frame_ms,0.2354,
frame_ms,0.2396,
frame_ms,0.226,
tick_us,1789.7,4446
frame_ms,3.7868,
frame_ms,0.239,
frame_ms,0.2711,
frame_ms,0.258,
frame_ms,0.2603,
frame_ms,0.2203,
frame_ms,0.211,
frame_ms,0.2438,
frame_ms,0.2358,
frame_ms,0.2092,
frame_ms,0.8526,
frame_ms,0.271,
tick_us,1797.7,4446
frame_ms,3.8802,
frame_ms,0.3115,
frame_ms,0.2573,
frame_ms,0.238,
frame_ms,0.2706,
frame_ms,0.2934,
frame_ms,0.2348,
frame_ms,0.2327,
frame_ms,0.2178,
frame_ms,0.2103,
frame_ms,0.2328,
frame_ms,0.2348,
frame_ms,0.2261,
tick_us,1797.8,4446
frame_ms,3.7645,
frame_ms,0.26,
frame_ms,0.2216,
frame_ms,0.2139,
frame_ms,0.9131,
frame_ms,0.2656,
frame_ms,0.2527,
frame_ms,0.2236,
frame_ms,0.2215,
frame_ms,0.2185,
frame_ms,0.2139,
frame_ms,0.2104,
tick_us,1745,4490
frame_ms,3.7196,
frame_ms,0.2774,
frame_ms,0.2657,
frame_ms,0.3266,
frame_ms,0.2591,
frame_ms,0.2461,
frame_ms,0.242,
frame_ms,0.2418,
frame_ms,0.2407,
frame_ms,0.2377,
frame_ms,0.7044,
tick_us,1715.2,4478
frame_ms,3.7556,
frame_ms,0.2729,
frame_ms,0.2587,
frame_ms,0.2575,
frame_ms,0.2286,
frame_ms,0.2184,
frame_ms,0.2307,
frame_ms,0.2297,
frame_ms,0.2107,
frame_ms,0.2208,
frame_ms,0.2201,
frame_ms,0.2346,
frame_ms,0.2278,
frame_ms,0.21,
frame_ms,0.2471,
tick_us,1693.8,4502
frame_ms,3.7175,
frame_ms,0.2417,
frame_ms,0.2756,
frame_ms,0.2649,
frame_ms,0.9393,
frame_ms,0.2428,
frame_ms,0.2199,
frame_ms,0.2169,
frame_ms,0.3074,
frame_ms,0.4009,
tick_us,1742,4500
frame_ms,3.8202,
frame_ms,0.3019,
frame_ms,0.2324,
frame_ms,0.2551,
frame_ms,0.2132,
frame_ms,0.213,
frame_ms,0.2587,
frame_ms,0.2312,
frame_ms,0.2108,
frame_ms,0.2231,
frame_ms,0.2521,
frame_ms,0.7892,
tick_us,1746,4494
frame_ms,3.7289,
frame_ms,0.2446,
frame_ms,0.2793,
frame_ms,0.2418,
frame_ms,0.2151,
frame_ms,0.2357,
frame_ms,0.2349,
frame_ms,0.2112,
frame_ms,0.2136,
frame_ms,0.2369,
frame_ms,0.243,
frame_ms,0.2213,
frame_ms,0.2126,
frame_ms,0.3243,
frame_ms,0.2841,
tick_us,1723.2,4530
frame_ms,3.7138,
frame_ms,0.2925,
frame_ms,0.2198,
frame_ms,0.2623,
frame_ms,0.8494,
frame_ms,0.277,
frame_ms,0.2288,
frame_ms,0.2195,
frame_ms,0.223,
frame_ms,0.2301,
frame_ms,0.2146,
frame_ms,0.2237,
tick_us,1735.5,4492
frame_ms,3.7112,
frame_ms,0.2726,
frame_ms,0.281,
frame_ms,0.2558,
frame_ms,0.2231,
frame_ms,0.2316,
frame_ms,0.2482,
frame_ms,0.2167,
frame_ms,0.2201,
frame_ms,0.2126,
frame_ms,0.8415,
tick_us,1814.5,4458
frame_ms,3.9702,
frame_ms,0.2902,
frame_ms,0.3082,
frame_ms,0.2686,
frame_ms,0.2302,
frame_ms,0.22,
frame_ms,0.2121,
frame_ms,0.2073,
frame_ms,0.248,
frame_ms,0.2274,
frame_ms,0.2125,
frame_ms,0.2455,
frame_ms,0.3603,
tick_us,1751.2,4488
frame_ms,3.7679,
frame_ms,0.2596,
frame_ms,0.2707,
frame_ms,0.248,
frame_ms,0.9709,
frame_ms,0.278,
frame_ms,0.2228,
frame_ms,0.2194,
frame_ms,0.2202,
frame_ms,0.2172,
frame_ms,0.2624,
tick_us,1750,4484
frame_ms,3.7998,
frame_ms,0.2904,
frame_ms,0.2898,
frame_ms,0.2378,
frame_ms,0.2169,
frame_ms,0.264,
frame_ms,0.2201,
frame_ms,0.2235,
frame_ms,0.2134,
frame_ms,0.2585,
frame_ms,0.8779,
frame_ms,0.2638,
tick_us,1743.7,4480
frame_ms,3.7141,
frame_ms,0.2454,
frame_ms,0.2958,
frame_ms,0.2743,
frame_ms,0.2265,
frame_ms,0.2203,
frame_ms,0.2758,
frame_ms,0.2618,
frame_ms,0.2338,
frame_ms,0.223,
frame_ms,0.2157,
frame_ms,0.2151,
frame_ms,0.232,
frame_ms,0.2328,
tick_us,1753.6,4504
frame_ms,3.7606,
frame_ms,0.2701,
frame_ms,0.2158,
frame_ms,0.2137,
frame_ms,0.9123,
frame_ms,0.237,
frame_ms,0.218,
frame_ms,0.2282,
frame_ms,0.335,
frame_ms,0.3758,
tick_us,1878.7,4494
frame_ms,4.1861,
frame_ms,0.2751,
frame_ms,0.257,
frame_ms,0.2508,
frame_ms,0.2373,
frame_ms,0.2701,
frame_ms,0.2565,
frame_ms,0.228,
frame_ms,0.2222,
frame_ms,0.7252,
frame_ms,0.2372,
tick_us,1800.2,4486
frame_ms,3.803,
frame_ms,0.2715,
frame_ms,0.3298,
frame_ms,0.2896,
frame_ms,0.2282,
frame_ms,0.2218,
frame_ms,0.211,
frame_ms,0.2107,
frame_ms,0.2474,
frame_ms,0.23,
frame_ms,0.2124,
frame_ms,0.2481,
frame_ms,0.2331,
frame_ms,0.2108,
tick_us,1810.3,4470
frame_ms,3.843,
frame_ms,0.2558,
frame_ms,0.2713,
frame_ms,0.247,
frame_ms,0.7273,
frame_ms,0.2383,
frame_ms,0.2189,
frame_ms,0.2163,
frame_ms,0.2095,
frame_ms,0.2732,
frame_ms,0.228,
frame_ms,0.2089,
tick_us,1811,4446
frame_ms,3.8149,
frame_ms,0.252,
frame_ms,0.2692,
frame_ms,0.2459,
frame_ms,0.2143,
frame_ms,0.2078,
frame_ms,0.2617,
frame_ms,0.2371,
frame_ms,0.2359,
frame_ms,0.2239,
frame_ms,0.7581,
frame_ms,0.2655,
tick_us,1756.7,4454
frame_ms,3.8064,
frame_ms,0.2629,
tick_us,1761.6,4520
frame_ms,7.609,
frame_ms,0.2848,
frame_ms,0.2571,
frame_ms,0.3007,
frame_ms,0.2347,
frame_ms,0.2231,
frame_ms,0.2193,
frame_ms,0.2148,
frame_ms,0.2737,
tick_us,1812,4498
frame_ms,3.9143,
frame_ms,0.2986,
frame_ms,0.2557,
frame_ms,0.2677,
frame_ms,0.2209,
frame_ms,0.2142,
frame_ms,0.2909,
frame_ms,0.2572,
frame_ms,0.2285,
frame_ms,0.2209,
frame_ms,0.7373,
tick_us,1930.1,4520
frame_ms,4.1453,
frame_ms,0.2705,
frame_ms,0.2428,
frame_ms,0.2915,
frame_ms,0.2696,
frame_ms,0.2324,
frame_ms,0.2287,
frame_ms,0.22,
frame_ms,0.2182,
frame_ms,0.2595,
frame_ms,0.2511,
frame_ms,0.2276,
frame_ms,0.2224,
tick_us,1787.4,4534
frame_ms,3.8334,
frame_ms,0.2928,
frame_ms,0.2451,
frame_ms,0.2583,
frame_ms,0.7911,
frame_ms,0.4781,
frame_ms,0.241,
frame_ms,0.2333,
frame_ms,0.2181,
frame_ms,0.2123,
frame_ms,0.2104,
tick_us,1799.8,4552
frame_ms,3.8581,
frame_ms,0.2549,
frame_ms,0.2963,
frame_ms,0.2558,
frame_ms,0.2166,
frame_ms,0.213,
frame_ms,0.2594,
frame_ms,0.2389,
frame_ms,0.2161,
frame_ms,0.9189,
frame_ms,0.262,
tick_us,1788.3,4562
frame_ms,3.8503,
frame_ms,0.2427,
frame_ms,1.6499,
frame_ms,0.2848,
frame_ms,0.2235,
frame_ms,0.2144,
frame_ms,0.2281,
frame_ms,0.2332,
tick_us,1832.6,4576
frame_ms,4.0045,
frame_ms,0.2724,
frame_ms,0.2493,
frame_ms,0.254,
frame_ms,0.5526,
frame_ms,0.3992,
frame_ms,0.3467,
frame_ms,0.3373,
frame_ms,0.3376,
tick_us,1856.8,4576
frame_ms,4.0546,
frame_ms,0.2666,
frame_ms,0.2742,
frame_ms,0.2481,
frame_ms,0.2153,
frame_ms,0.2272,
frame_ms,0.2334,
frame_ms,0.2095,
frame_ms,0.2178,
frame_ms,0.9837,
frame_ms,0.2515,
tick_us,1861.1,4528
frame_ms,3.9683,
frame_ms,0.2614,
frame_ms,0.3581,
frame_ms,0.2572,
frame_ms,0.2111,
frame_ms,0.2112,
frame_ms,0.2292,
frame_ms,0.2254,
frame_ms,0.2144,
frame_ms,0.2264,
frame_ms,0.2395,
frame_ms,0.2222,
frame_ms,0.2073,
tick_us,1873.9,4572
frame_ms,4.0178,
frame_ms,0.2484,
frame_ms,0.2699,
frame_ms,0.2262,
frame_ms,0.617,
frame_ms,0.2394,
frame_ms,0.2178,
frame_ms,0.2183,
frame_ms,0.2165,
frame_ms,0.2268,
frame_ms,0.2166,
frame_ms,0.2582,
tick_us,1914.8,4552
frame_ms,4.0679,
frame_ms,0.254,
frame_ms,0.2982,
frame_ms,0.2496,
frame_ms,0.212,
frame_ms,0.216,
frame_ms,0.2417,
frame_ms,0.2395,
frame_ms,0.9481,
frame_ms,0.2452,
tick_us,1925.1,4524
frame_ms,4.0771,
frame_ms,0.2386,
frame_ms,0.2935,
frame_ms,0.241,
frame_ms,0.2189,
frame_ms,0.244,
frame_ms,0.232,
frame_ms,0.2215,
frame_ms,0.2098,
frame_ms,0.2453,
frame_ms,0.2355,
frame_ms,0.2154,
frame_ms,0.2086,
tick_us,1946.1,4564
frame_ms,4.1295,
frame_ms,0.2762,
frame_ms,0.241,
frame_ms,0.217,
frame_ms,0.5407,
frame_ms,0.274,
frame_ms,0.2419,
frame_ms,0.2229,
frame_ms,0.218,
frame_ms,0.2255,
frame_ms,0.2162,
frame_ms,0.2137,
tick_us,1928.7,4584
frame_ms,4.1588,
frame_ms,0.263,
frame_ms,0.2611,
frame_ms,0.2501,
frame_ms,0.2154,
frame_ms,0.2126,
frame_ms,0.2425,
frame_ms,0.257,
frame_ms,0.8513,
tick_us,2017.9,4562
frame_ms,4.4261,
frame_ms,0.2604,
frame_ms,0.2224,
frame_ms,0.2324,
frame_ms,0.2157,
frame_ms,0.2575,
frame_ms,0.2343,
frame_ms,0.2164,
frame_ms,0.2133,
frame_ms,0.3012,
frame_ms,0.2626,
frame_ms,0.2584,
tick_us,2069.4,4558
frame_ms,4.3239,
frame_ms,0.2611,
frame_ms,0.2752,
frame_ms,0.2773,
frame_ms,0.2293,
frame_ms,0.2185,
frame_ms,0.2591,
frame_ms,0.235,
frame_ms,0.2178,
frame_ms,0.2136,
frame_ms,0.2722,
frame_ms,0.2347,
tick_us,2015.5,4522
frame_ms,4.2427,
frame_ms,0.2501,
frame_ms,0.2313,
frame_ms,0.2777,
frame_ms,0.2554,
frame_ms,0.2202,
frame_ms,0.2167,
frame_ms,0.2112,
frame_ms,0.785,
frame_ms,0.2293,
tick_us,2043.3,4490
frame_ms,4.289,
frame_ms,0.2791,
frame_ms,0.2609,
frame_ms,0.2602,
frame_ms,0.2286,
frame_ms,0.2134,
frame_ms,0.226,
frame_ms,0.2231,
frame_ms,0.2136,
frame_ms,0.226,
frame_ms,0.2227,
frame_ms,0.252,
tick_us,2018.6,4514
frame_ms,4.2242,
frame_ms,0.2381,
frame_ms,0.2782,
frame_ms,0.2517,
frame_ms,0.4097,
frame_ms,0.2679,
frame_ms,0.2261,
frame_ms,0.2188,
frame_ms,0.2228,
frame_ms,0.2205,
frame_ms,0.2208,
frame_ms,0.2123,
tick_us,1971.1,4504
frame_ms,4.2625,
frame_ms,0.2756,
frame_ms,0.3083,
frame_ms,0.3853,
frame_ms,0.3637,
frame_ms,0.2595,
frame_ms,0.2112,
frame_ms,0.6472,
frame_ms,0.2318,
tick_us,2007.1,4500
frame_ms,4.1795,
frame_ms,0.2502,
frame_ms,0.2718,
frame_ms,0.2575,
frame_ms,0.2691,
frame_ms,0.2517,
frame_ms,0.2378,
frame_ms,0.2336,
frame_ms,0.2202,
frame_ms,0.2342,
frame_ms,0.2217,
frame_ms,0.2143,
tick_us,1968.2,4534
frame_ms,4.1113,
frame_ms,0.2561,
frame_ms,0.2813,
frame_ms,0.326,
frame_ms,0.458,
frame_ms,0.2393,
frame_ms,0.2221,
frame_ms,0.2329,
frame_ms,0.2111,
frame_ms,0.2302,
frame_ms,0.214,
frame_ms,0.2727,
tick_us,1918.5,4544
frame_ms,4.072,
frame_ms,0.2899,
frame_ms,0.216,
frame_ms,0.2558,
frame_ms,0.2267,
frame_ms,0.2225,
frame_ms,0.2111,
frame_ms,0.2601,
frame_ms,0.9587,
frame_ms,0.2363,
tick_us,1924.2,4536
frame_ms,4.0398,
frame_ms,0.2494,
frame_ms,0.2138,
frame_ms,0.2785,
frame_ms,0.2385,
frame_ms,0.2143,
frame_ms,0.21,
frame_ms,0.2569,
frame_ms,0.3425,
frame_ms,0.2858,
frame_ms,0.2282,
frame_ms,0.2252,
frame_ms,0.2218,
tick_us,1906.4,4534
frame_ms,4.0645,
frame_ms,0.2521,
frame_ms,0.2953,
frame_ms,0.281,
frame_ms,0.3654,
frame_ms,0.2491,
frame_ms,0.222,
frame_ms,0.2196,
frame_ms,0.2138,
frame_ms,0.2557,
frame_ms,0.4231,
tick_us,1939.1,4536
frame_ms,4.1123,
frame_ms,0.2663,
tick_us,1895.6,4516
frame_ms,7.2824,
frame_ms,0.2775,
frame_ms,0.2547,
frame_ms,0.2715,
frame_ms,0.2302,
frame_ms,0.2184,
frame_ms,0.2168,
frame_ms,0.2354,
frame_ms,0.226,
frame_ms,0.2134,
tick_us,1920,4544
frame_ms,4.0721,
frame_ms,0.2442,
frame_ms,0.2768,
frame_ms,0.2894,
frame_ms,0.5895,
frame_ms,0.2647,
frame_ms,0.2255,
frame_ms,0.2254,
frame_ms,0.2344,
frame_ms,0.2263,
tick_us,2283,4526
frame_ms,5.0522,
frame_ms,0.6356,
tick_us,1996.6,4478
frame_ms,5.8208,
frame_ms,0.6257,
frame_ms,0.3368,
frame_ms,0.2736,
frame_ms,0.2379,
frame_ms,0.2386,
frame_ms,0.2348,
frame_ms,0.2344,
frame_ms,0.231,
frame_ms,0.2304,
frame_ms,0.2248,
tick_us,1988.9,4500
frame_ms,4.1963,
frame_ms,0.5043,
frame_ms,0.4389,
frame_ms,0.2925,
frame_ms,0.2796,
frame_ms,0.2565,
frame_ms,0.2476,
frame_ms,0.3012,
frame_ms,0.3336,
tick_us,1938.3,4526
frame_ms,4.09,
frame_ms,0.3251,
frame_ms,0.2393,
frame_ms,0.3783,
frame_ms,0.2846,
frame_ms,0.2523,
frame_ms,0.2484,
frame_ms,0.253,
frame_ms,0.7506,
tick_us,1974.8,4530
frame_ms,4.3795,
frame_ms,0.4224,
frame_ms,0.2597,
frame_ms,0.2434,
frame_ms,0.2543,
frame_ms,0.2315,
frame_ms,0.2202,
frame_ms,0.2154,
frame_ms,0.4265,
frame_ms,0.3153,
tick_us,1937.3,4552
frame_ms,4.0878,
frame_ms,0.2537,
frame_ms,0.2224,
frame_ms,0.2446,
frame_ms,0.6731,
frame_ms,0.322,
frame_ms,0.257,
frame_ms,0.2186,
frame_ms,0.2199,
frame_ms,0.2192,
frame_ms,0.2145,
tick_us,1896.7,4506
frame_ms,4.0146,
frame_ms,0.2519,
frame_ms,0.2546,
frame_ms,0.2495,
frame_ms,0.2165,
frame_ms,0.254,
frame_ms,0.3842,
frame_ms,0.2626,
frame_ms,0.2264,
frame_ms,0.7561,
tick_us,1975.7,4536
frame_ms,4.3325,
frame_ms,0.2886,
frame_ms,0.2405,
frame_ms,0.271,
frame_ms,0.2425,
frame_ms,0.2198,
frame_ms,0.2535,
frame_ms,0.3335,
frame_ms,0.2545,
frame_ms,0.2271,
frame_ms,0.2237,
frame_ms,0.2136,
tick_us,1962.9,4490
frame_ms,4.2179,
frame_ms,0.2515,
frame_ms,0.2746,
frame_ms,0.2694,
frame_ms,0.396,
frame_ms,0.4112,
frame_ms,0.344,
frame_ms,0.4303,
frame_ms,0.3494,
tick_us,2032.6,4510
frame_ms,4.383,
frame_ms,0.2749,
frame_ms,0.3049,
frame_ms,0.2641,
frame_ms,0.218,
frame_ms,0.2655,
frame_ms,0.2271,
frame_ms,0.8184,
frame_ms,0.2259,
tick_us,2011.4,4526
frame_ms,4.2018,
frame_ms,0.2473,
frame_ms,0.2944,
frame_ms,0.3068,
frame_ms,0.2497,
frame_ms,0.2333,
frame_ms,0.2202,
frame_ms,0.221,
frame_ms,0.216,
frame_ms,0.2765,
frame_ms,0.2631,
frame_ms,0.2352,
tick_us,2067,4544
frame_ms,4.3748,
frame_ms,0.2913,
frame_ms,0.2495,
frame_ms,0.2546,
frame_ms,0.218,
frame_ms,0.2169,
frame_ms,0.2681,
frame_ms,0.2882,
frame_ms,0.25,
frame_ms,0.2278,
frame_ms,0.2297,
tick_us,2176.1,4526
frame_ms,4.3749,
frame_ms,0.2942,
frame_ms,0.2346,
frame_ms,0.2615,
frame_ms,0.2654,
frame_ms,0.2366,
frame_ms,0.2352,
frame_ms,0.9374,
tick_us,2126.6,4492
frame_ms,4.5242,
frame_ms,0.3169,
frame_ms,0.3075,
frame_ms,0.2621,
frame_ms,0.2255,
frame_ms,0.2146,
frame_ms,0.2634,
frame_ms,0.4478,
frame_ms,0.3264,
frame_ms,0.2181,
tick_us,1915.2,4500
frame_ms,4.085,
frame_ms,0.2845,
frame_ms,0.2815,
frame_ms,0.228,
frame_ms,0.4704,
frame_ms,0.2395,
frame_ms,0.216,
frame_ms,0.217,
frame_ms,0.2116,
frame_ms,0.233,
frame_ms,0.2354,
frame_ms,0.2616,
tick_us,1951.8,4502
frame_ms,4.1629,
frame_ms,0.2559,
frame_ms,0.2767,
frame_ms,0.2542,
frame_ms,0.213,
frame_ms,0.256,
frame_ms,0.2255,
frame_ms,0.225,
frame_ms,0.8682,
tick_us,2071.9,4536
frame_ms,4.5004,
frame_ms,0.2828,
frame_ms,0.3409,
frame_ms,0.2495,
frame_ms,0.2233,
frame_ms,0.217,
frame_ms,0.2087,
frame_ms,0.2778,
frame_ms,0.2294,
frame_ms,0.2167,
frame_ms,0.2285,
tick_us,1973.8,4558
frame_ms,4.1963,
frame_ms,0.2747,
frame_ms,0.2907,
frame_ms,0.2544,
frame_ms,0.5266,
frame_ms,0.2399,
frame_ms,0.2282,
frame_ms,0.2195,
frame_ms,0.2136,
frame_ms,0.2452,
frame_ms,0.2923,
tick_us,1967.1,4534
frame_ms,4.1325,
frame_ms,0.29,
frame_ms,0.2265,
frame_ms,0.2577,
frame_ms,0.2299,
frame_ms,0.2852,
frame_ms,0.223,
frame_ms,0.2304,
frame_ms,0.9937,
frame_ms,0.245,
tick_us,1928.4,4508
frame_ms,4.0763,
frame_ms,0.2562,
frame_ms,0.301,
frame_ms,0.2644,
frame_ms,0.2306,
frame_ms,0.2416,
frame_ms,0.3021,
frame_ms,0.414,
frame_ms,0.3622,
frame_ms,0.3458,
tick_us,2091.4,4484
frame_ms,4.3952,
frame_ms,0.421,
frame_ms,0.2534,
frame_ms,0.2329,
frame_ms,0.2177,
frame_ms,0.2206,
frame_ms,0.2465,
frame_ms,0.2453,
frame_ms,0.2184,
frame_ms,0.2273,
frame_ms,0.268,
tick_us,1944.8,4508
frame_ms,4.0701,
frame_ms,0.2544,
frame_ms,0.2612,
frame_ms,0.3374,
frame_ms,0.3155,
frame_ms,0.2274,
frame_ms,0.3265,
frame_ms,0.2279,
frame_ms,0.8629,
tick_us,1990,4512
frame_ms,4.3718,
frame_ms,0.3133,
frame_ms,0.243,
frame_ms,0.2318,
frame_ms,0.2542,
frame_ms,0.2498,
frame_ms,0.2211,
frame_ms,0.2144,
frame_ms,0.2632,
frame_ms,0.2367,
frame_ms,0.2939,
frame_ms,0.2573,
tick_us,1928.7,4510
frame_ms,4.0953,
frame_ms,0.2542,
frame_ms,0.22,
frame_ms,0.4595,
frame_ms,0.3845,
frame_ms,0.2565,
frame_ms,0.2144,
frame_ms,0.2194,
frame_ms,0.2138,
frame_ms,0.2137,
frame_ms,0.26,
tick_us,1925.9,4516
frame_ms,4.2166,
frame_ms,0.2967,
frame_ms,0.2204,
frame_ms,0.2189,
frame_ms,0.2195,
frame_ms,0.3802,
frame_ms,0.3639,
frame_ms,0.2398,
frame_ms,0.7087,
tick_us,2009.6,4460
frame_ms,4.3474,
frame_ms,0.289,
frame_ms,0.2736,
frame_ms,0.2689,
frame_ms,0.237,
frame_ms,0.2268,
frame_ms,0.2807,
frame_ms,0.2394,
frame_ms,0.222,
frame_ms,0.2668,
frame_ms,0.2438,
frame_ms,0.2107,
tick_us,1935.1,4446
frame_ms,4.1253,
frame_ms,0.2627,
frame_ms,0.3156,
frame_ms,0.2454,
frame_ms,0.4119,
frame_ms,0.2511,
frame_ms,0.2182,
frame_ms,0.2165,
frame_ms,0.2246,
frame_ms,0.2311,
frame_ms,0.2431,
frame_ms,0.2385,
tick_us,1946.8,4452
frame_ms,4.1056,
frame_ms,0.2773,
frame_ms,0.2307,
frame_ms,0.2386,
frame_ms,0.2301,
frame_ms,0.2094,
frame_ms,0.2254,
frame_ms,0.2541,
frame_ms,0.9765,
tick_us,1969.2,4470
frame_ms,4.3242,
frame_ms,0.2721,
frame_ms,0.2987,
frame_ms,0.2504,
frame_ms,0.2425,
frame_ms,0.2149,
frame_ms,0.2315,
frame_ms,0.2469,
frame_ms,0.2285,
frame_ms,0.2123,
frame_ms,0.2542,
frame_ms,0.2331,
tick_us,1912.9,4470
frame_ms,4.0507,
frame_ms,0.24,
frame_ms,0.2808,
frame_ms,0.2864,
frame_ms,0.6104,
frame_ms,0.4052,
frame_ms,0.3486,
frame_ms,0.3342,
frame_ms,0.3311,
tick_us,1914.4,4464
frame_ms,4.1542,
frame_ms,0.2688,
frame_ms,0.2254,
frame_ms,0.2567,
frame_ms,0.235,
frame_ms,0.2169,
frame_ms,0.2088,
frame_ms,0.2674,
frame_ms,0.2484,
frame_ms,0.8215,
frame_ms,0.231,
tick_us,1927.2,4444
frame_ms,4.034,
frame_ms,0.2515,
frame_ms,0.2778,
frame_ms,0.2472,
frame_ms,0.2224,
frame_ms,0.2432,
frame_ms,0.2269,
frame_ms,0.2097,
frame_ms,0.2566,
frame_ms,0.3327,
frame_ms,0.2863,
frame_ms,0.2362,
tick_us,1955.4,4452
frame_ms,4.1262,
frame_ms,0.2725,
frame_ms,0.2647,
frame_ms,0.2708,
frame_ms,0.5274,
frame_ms,0.3969,
frame_ms,0.3372,
frame_ms,0.3349,
frame_ms,0.3308,
tick_us,1992.7,4448
frame_ms,4.327,
frame_ms,0.2608,
frame_ms,0.2979,
frame_ms,0.292,
frame_ms,0.2672,
frame_ms,0.2292,
frame_ms,0.2478,
frame_ms,0.2606,
frame_ms,0.7497,
tick_us,2053,4470
frame_ms,4.3901,
frame_ms,0.2727,
frame_ms,0.2836,
frame_ms,0.2456,
frame_ms,0.4382,
frame_ms,0.2417,
frame_ms,0.2194,
frame_ms,0.2188,
frame_ms,0.215,
frame_ms,0.2408,
frame_ms,0.2378,
frame_ms,0.2127,
tick_us,1929.4,4490
frame_ms,4.0957,
frame_ms,0.2513,
frame_ms,0.8217,
frame_ms,0.2702,
frame_ms,0.2242,
frame_ms,0.2156,
frame_ms,0.2631,
frame_ms,0.257,
frame_ms,0.2324,
frame_ms,0.25,
tick_us,1912.2,4474
frame_ms,4.0994,
frame_ms,0.2523,
frame_ms,0.4212,
frame_ms,0.2617,
frame_ms,0.2219,
frame_ms,0.2272,
frame_ms,0.2107,
frame_ms,0.2202,
frame_ms,0.8148,
tick_us,2015.8,4490
frame_ms,4.3757,
frame_ms,0.2758,
frame_ms,0.3205,
frame_ms,0.2497,
frame_ms,0.2293,
frame_ms,0.2333,
frame_ms,0.2383,
frame_ms,0.2351,
frame_ms,0.2334,
frame_ms,0.2176,
frame_ms,0.22,
frame_ms,0.2656,
tick_us,1948.5,4504
frame_ms,4.0958,
frame_ms,0.2449,
frame_ms,0.3191,
frame_ms,0.5447,
frame_ms,0.4351,
frame_ms,0.3688,
frame_ms,0.3589,
frame_ms,0.2587,
frame_ms,0.2232,
frame_ms,0.2212,
tick_us,1959.1,4510
frame_ms,4.1433,
frame_ms,0.2665,
frame_ms,0.3061,
frame_ms,0.2739,
frame_ms,0.2337,
frame_ms,0.2239,
frame_ms,0.219,
frame_ms,0.2127,
frame_ms,0.7882,
frame_ms,0.235,
tick_us,1984.5,4540
frame_ms,4.1293,
frame_ms,0.2546,
frame_ms,0.2815,
frame_ms,0.2613,
frame_ms,0.2327,
frame_ms,0.2291,
frame_ms,0.3419,
frame_ms,0.2583,
frame_ms,0.2253,
frame_ms,0.224,
frame_ms,0.2201,
frame_ms,0.3321,
tick_us,1948.6,4548
frame_ms,4.1047,
frame_ms,0.2775,
frame_ms,0.3005,
frame_ms,0.2926,
frame_ms,0.306,
frame_ms,0.3972,
frame_ms,0.2558,
frame_ms,0.2137,
frame_ms,0.2304,
frame_ms,0.2214,
frame_ms,0.2181,
tick_us,1869.8,4520
frame_ms,3.8976,
frame_ms,0.2606,
frame_ms,0.2897,
frame_ms,0.273,
frame_ms,0.2279,
frame_ms,0.2197,
frame_ms,0.2157,
frame_ms,0.2134,
frame_ms,0.2353,
frame_ms,1.0614,
tick_us,1885.4,4566
frame_ms,4.0688,
frame_ms,0.2633,
frame_ms,0.3131,
frame_ms,0.2458,
frame_ms,0.2183,
frame_ms,0.2176,
frame_ms,0.2644,
frame_ms,0.2373,
frame_ms,0.2159,
frame_ms,0.2394,
frame_ms,0.2381,
frame_ms,0.2151,
frame_ms,0.2095,
tick_us,1746.8,4574
frame_ms,3.7718,
frame_ms,0.2812,
frame_ms,0.2211,
frame_ms,0.2774,
frame_ms,0.9068,
frame_ms,0.2597,
frame_ms,0.227,
frame_ms,0.2192,
frame_ms,0.2179,
frame_ms,0.2153,
frame_ms,0.2111,
frame_ms,0.2351,
tick_us,1788.4,4630
frame_ms,3.8367,
frame_ms,0.2619,
frame_ms,0.3079,
frame_ms,0.2519,
frame_ms,0.2154,
frame_ms,0.2173,
frame_ms,0.2511,
frame_ms,0.2285,
frame_ms,0.213,
frame_ms,0.2339,
frame_ms,0.8095,
tick_us,1881.2,4636
frame_ms,4.052,
frame_ms,0.2954,
frame_ms,0.2417,
frame_ms,0.2238,
frame_ms,0.2905,
frame_ms,0.2942,
frame_ms,0.2483,
frame_ms,0.2402,
frame_ms,0.326,
frame_ms,0.2463,
frame_ms,0.2359,
frame_ms,0.2455,
tick_us,1893.6,4642
frame_ms,4.074,
frame_ms,0.3098,
frame_ms,0.2421,
frame_ms,0.2951,
frame_ms,0.5737,
frame_ms,0.2707,
frame_ms,0.2447,
frame_ms,0.2144,
frame_ms,0.2155,
frame_ms,0.221,
frame_ms,0.2209,
frame_ms,0.2149,
tick_us,1786.8,4656
frame_ms,3.7917,
frame_ms,0.2499,
frame_ms,0.2994,
frame_ms,0.2667,
frame_ms,0.2296,
frame_ms,0.2195,
frame_ms,0.213,
frame_ms,0.2389,
frame_ms,0.2276,
frame_ms,0.9791,
tick_us,1894.7,4660
frame_ms,4.0893,
frame_ms,0.2749,
frame_ms,0.2726,
frame_ms,0.2407,
frame_ms,0.2325,
frame_ms,0.2172,
frame_ms,0.2583,
frame_ms,0.2675,
frame_ms,0.2298,
frame_ms,0.2165,
frame_ms,0.222,
frame_ms,0.2235,
frame_ms,0.2697,
tick_us,1791.9,4666
frame_ms,3.7914,
frame_ms,0.2606,
frame_ms,0.3113,
frame_ms,0.2769,
frame_ms,0.9194,
frame_ms,0.3624,
frame_ms,0.3392,
frame_ms,0.2809,
frame_ms,0.2423,
frame_ms,0.2108,
tick_us,1772.7,4650
frame_ms,3.751,
frame_ms,0.2471,
frame_ms,0.2833,
frame_ms,0.2494,
frame_ms,0.2204,
frame_ms,0.2567,
frame_ms,0.2327,
frame_ms,0.2122,
frame_ms,0.2114,
frame_ms,0.2542,
frame_ms,0.9721,
tick_us,1771.9,4660
frame_ms,3.8046,
frame_ms,0.2702,
frame_ms,0.2242,
frame_ms,0.2398,
frame_ms,0.2323,
frame_ms,0.2162,
frame_ms,0.2171,
frame_ms,0.2722,
frame_ms,0.2731,
frame_ms,0.2353,
frame_ms,0.2272,
frame_ms,0.2207,
frame_ms,0.2235,
frame_ms,0.2204,
frame_ms,0.2431,
tick_us,1776.3,4672
frame_ms,3.7627,
frame_ms,0.2573,
frame_ms,0.3136,
frame_ms,0.2519,
frame_ms,0.7292,
frame_ms,0.3992,
frame_ms,0.335,
frame_ms,0.2534,
frame_ms,0.2205,
frame_ms,0.2271,
frame_ms,0.2229,
tick_us,1747.8,4662
frame_ms,3.7094,
frame_ms,0.262,
frame_ms,0.3092,
frame_ms,0.2827,
frame_ms,0.236,
frame_ms,0.236,
frame_ms,0.2159,
frame_ms,0.2092,
frame_ms,0.2298,
frame_ms,0.9823,
frame_ms,0.2728,
tick_us,1795.4,4632
frame_ms,3.8661,
frame_ms,0.2955,
frame_ms,0.248,
frame_ms,0.2471,
frame_ms,0.2461,
frame_ms,0.2176,
frame_ms,0.3389,
frame_ms,0.4017,
frame_ms,0.3145,
frame_ms,0.237,
frame_ms,0.2106,
frame_ms,0.2103,
tick_us,1753.6,4654
frame_ms,3.7943,
frame_ms,0.2545,
frame_ms,0.2171,
frame_ms,0.3127,
frame_ms,0.853,
frame_ms,0.3995,
frame_ms,0.3483,
frame_ms,0.3335,
frame_ms,0.3324,
tick_us,1743.3,4672
frame_ms,3.8425,
frame_ms,0.2771,
frame_ms,0.3052,
frame_ms,0.3014,
frame_ms,0.2234,
frame_ms,0.2199,
frame_ms,0.2151,
frame_ms,0.2364,
frame_ms,0.234,
frame_ms,1.0264,
tick_us,1834.9,4686
frame_ms,4.027,
frame_ms,0.2788,
frame_ms,0.3081,
frame_ms,0.2667,
frame_ms,0.2212,
frame_ms,0.2156,
frame_ms,0.2402,
frame_ms,0.2556,
frame_ms,0.2183,
frame_ms,0.214,
frame_ms,0.2329,
frame_ms,0.2504,
frame_ms,0.4426,
tick_us,1797.2,4666
frame_ms,3.9793,
frame_ms,0.3088,
frame_ms,0.2286,
frame_ms,0.2234,
frame_ms,0.5853,
frame_ms,0.2515,
frame_ms,0.2218,
frame_ms,0.2232,
frame_ms,0.2111,
frame_ms,0.2122,
frame_ms,0.2527,
frame_ms,0.2379,
tick_us,1817.4,4696
frame_ms,3.8332,
frame_ms,0.3333,
frame_ms,0.2338,
frame_ms,0.2335,
frame_ms,0.2494,
frame_ms,0.2128,
frame_ms,0.2582,
frame_ms,0.2294,
frame_ms,0.2138,
frame_ms,0.9361,
tick_us,1840.5,4716
frame_ms,4.0994,
frame_ms,0.2791,
frame_ms,0.3064,
frame_ms,0.2706,
frame_ms,0.2273,
frame_ms,0.2143,
frame_ms,0.2081,
frame_ms,0.2078,
frame_ms,0.2441,
frame_ms,0.2358,
frame_ms,0.2134,
frame_ms,0.2429,
frame_ms,0.2165,
frame_ms,0.2125,
tick_us,1785.4,4672
frame_ms,3.7793,
frame_ms,0.2621,
frame_ms,0.2144,
frame_ms,0.2719,
frame_ms,0.8165,
frame_ms,0.2415,
frame_ms,0.2141,
frame_ms,0.2169,
frame_ms,0.2077,
frame_ms,0.2445,
frame_ms,0.2683,
frame_ms,0.2296,
tick_us,1796.6,4670
frame_ms,3.8078,
frame_ms,0.2693,
frame_ms,0.2727,
frame_ms,0.279,
frame_ms,0.2343,
frame_ms,0.2317,
frame_ms,0.216,
frame_ms,0.2163,
frame_ms,0.2637,
frame_ms,0.8852,
frame_ms,0.2376,
tick_us,1805.2,4676
frame_ms,3.8795,
frame_ms,0.2809,
frame_ms,0.2763,
frame_ms,0.2725,
frame_ms,0.2292,
frame_ms,0.2261,
frame_ms,0.2196,
frame_ms,0.2136,
frame_ms,0.2364,
frame_ms,0.2216,
frame_ms,0.2147,
frame_ms,0.2386,
frame_ms,0.211,
tick_us,1871.8,4644
frame_ms,4.0325,
frame_ms,0.4242,
tick_us,1865,4634
frame_ms,6.7073,
frame_ms,0.3183,
frame_ms,0.3194,
frame_ms,0.2929,
frame_ms,0.2703,
frame_ms,0.2322,
frame_ms,0.2243,
frame_ms,0.2192,
frame_ms,0.8485,
tick_us,1925.3,4594
frame_ms,4.2178,
frame_ms,0.2879,
frame_ms,0.2922,
frame_ms,0.2747,
frame_ms,0.2409,
frame_ms,0.2159,
frame_ms,0.2157,
frame_ms,0.3889,
frame_ms,0.268,
frame_ms,0.2312,
frame_ms,0.2178,
frame_ms,0.2135,
tick_us,1892.3,4536
frame_ms,3.9868,
frame_ms,0.2681,
frame_ms,1.5548,
frame_ms,0.2763,
frame_ms,0.2302,
frame_ms,0.2341,
frame_ms,0.2602,
frame_ms,0.2579,
tick_us,1919,4552
frame_ms,4.0983,
frame_ms,0.2713,
frame_ms,0.2983,
frame_ms,0.2868,
frame_ms,0.2549,
frame_ms,0.2255,
frame_ms,0.2223,
frame_ms,0.2153,
frame_ms,0.8554,
tick_us,2027.1,4500
frame_ms,4.361,
frame_ms,0.3077,
frame_ms,0.2486,
frame_ms,0.2476,
frame_ms,0.2947,
frame_ms,0.2335,
frame_ms,0.2189,
frame_ms,0.2155,
frame_ms,0.2601,
frame_ms,0.2308,
frame_ms,0.221,
frame_ms,0.2126,
tick_us,1894.5,4496
frame_ms,3.9878,
frame_ms,0.2663,
frame_ms,0.2889,
frame_ms,0.2626,
frame_ms,0.6218,
frame_ms,0.263,
frame_ms,0.2234,
frame_ms,0.2146,
frame_ms,0.2192,
frame_ms,0.2129,
frame_ms,0.2349,
frame_ms,0.235,
tick_us,1904.1,4454
frame_ms,4.0338,
frame_ms,0.2945,
frame_ms,0.2864,
frame_ms,0.2598,
frame_ms,0.2196,
frame_ms,0.2144,
frame_ms,0.2335,
frame_ms,0.2206,
frame_ms,0.9597,
tick_us,1958,4498
frame_ms,4.3482,
frame_ms,0.3008,
frame_ms,0.2335,
frame_ms,0.2408,
frame_ms,0.2481,
frame_ms,0.2643,
frame_ms,0.2626,
frame_ms,0.2306,
frame_ms,0.2242,
frame_ms,0.2222,
frame_ms,0.2177,
frame_ms,0.2332,
tick_us,1877.8,4498
frame_ms,3.9541,
frame_ms,0.2925,
frame_ms,0.3087,
frame_ms,0.2766,
frame_ms,0.6662,
frame_ms,0.2693,
frame_ms,0.2268,
frame_ms,0.2162,
frame_ms,0.2268,
frame_ms,0.2166,
frame_ms,0.2565,
tick_us,1843.7,4526
frame_ms,4.0517,
frame_ms,0.2789,
frame_ms,0.2513,
frame_ms,0.2413,
frame_ms,0.2184,
frame_ms,0.2116,
frame_ms,0.2599,
frame_ms,0.2382,
frame_ms,0.2153,
frame_ms,0.9385,
tick_us,1958.1,4580
frame_ms,4.2726,
frame_ms,0.3028,
frame_ms,0.2395,
frame_ms,0.3255,
frame_ms,0.2398,
frame_ms,0.249,
frame_ms,0.241,
frame_ms,0.2246,
frame_ms,0.2173,
frame_ms,0.2163,
frame_ms,0.3323,
tick_us,1943.4,4590
frame_ms,4.2399,
frame_ms,0.2914,
frame_ms,0.2226,
frame_ms,0.2626,
frame_ms,0.639,
frame_ms,0.2841,
frame_ms,0.2207,
frame_ms,0.2298,
frame_ms,0.2273,
frame_ms,0.2296,
frame_ms,0.2364,
frame_ms,0.212,
tick_us,1849.2,4566
frame_ms,3.9528,
frame_ms,0.2882,
frame_ms,0.2588,
frame_ms,0.2551,
frame_ms,0.2167,
frame_ms,0.2157,
frame_ms,0.2423,
frame_ms,0.2455,
frame_ms,1.0039,
tick_us,1979.3,4554
frame_ms,4.2273,
frame_ms,0.3203,
frame_ms,0.2387,
frame_ms,0.2274,
frame_ms,0.2525,
frame_ms,0.2412,
frame_ms,0.2351,
frame_ms,0.2175,
frame_ms,0.2131,
frame_ms,0.2526,
frame_ms,0.2292,
frame_ms,0.2148,
frame_ms,0.2624,
tick_us,1887,4572
frame_ms,4.0117,
frame_ms,0.3107,
frame_ms,0.2408,
frame_ms,0.2494,
frame_ms,0.5554,
frame_ms,0.2898,
frame_ms,0.2228,
frame_ms,0.2165,
frame_ms,0.2213,
frame_ms,0.2151,
frame_ms,0.2142,
frame_ms,0.2387,
tick_us,1902.3,4544
frame_ms,4.0177,
frame_ms,0.2926,
frame_ms,0.2361,
frame_ms,0.2449,
frame_ms,0.2318,
frame_ms,0.2418,
frame_ms,0.2123,
frame_ms,0.2272,
frame_ms,0.2732,
frame_ms,0.8438,
tick_us,2068.6,4548
frame_ms,4.3014,
frame_ms,0.3121,
frame_ms,0.293,
frame_ms,0.2973,
frame_ms,0.245,
frame_ms,0.2223,
frame_ms,0.2142,
frame_ms,0.2137,
frame_ms,0.2418,
frame_ms,0.2236,
frame_ms,0.2155,
frame_ms,0.2122,
tick_us,1835.3,4572
frame_ms,3.9351,
frame_ms,0.2984,
frame_ms,0.3104,
frame_ms,0.2687,
frame_ms,0.5898,
frame_ms,0.2923,
frame_ms,0.241,
frame_ms,0.215,
frame_ms,0.2176,
frame_ms,0.2239,
frame_ms,0.2158,
frame_ms,0.2468,
tick_us,1881.7,4538
frame_ms,3.957,
frame_ms,0.2802,
frame_ms,0.2715,
frame_ms,0.2437,
frame_ms,0.2265,
frame_ms,0.2194,
frame_ms,0.2524,
frame_ms,0.2627,
frame_ms,0.9705,
tick_us,1907.2,4530
frame_ms,4.2217,
frame_ms,0.5145,
frame_ms,0.5101,
frame_ms,0.3743,
frame_ms,0.3489,
frame_ms,0.5231,
frame_ms,0.3541,
frame_ms,0.3494,
tick_us,1927.3,4552
frame_ms,4.127,
frame_ms,0.4831,
frame_ms,0.3029,
frame_ms,0.6201,
frame_ms,0.3428,
frame_ms,0.349,
frame_ms,0.3552,
frame_ms,0.3373,
tick_us,1877.2,4556
frame_ms,4.0539,
frame_ms,0.3178,
frame_ms,0.2418,
frame_ms,0.2837,
frame_ms,0.2715,
frame_ms,0.2336,
frame_ms,0.2494,
frame_ms,0.2442,
frame_ms,0.8083,
tick_us,2040.5,4562
frame_ms,4.3528,
frame_ms,0.418,
frame_ms,2.2875,
tick_us,1840.3,4602
frame_ms,3.9795,
frame_ms,0.3278,
frame_ms,0.2567,
frame_ms,0.2993,
frame_ms,0.6449,
frame_ms,0.2766,
frame_ms,0.2634,
frame_ms,0.322,
frame_ms,0.2209,
frame_ms,0.2209,
frame_ms,0.2151,
tick_us,1894.8,4628
frame_ms,3.949,
frame_ms,0.2875,
frame_ms,0.2772,
frame_ms,0.2573,
frame_ms,0.228,
frame_ms,0.2241,
frame_ms,0.2176,
frame_ms,0.303,
frame_ms,0.3795,
frame_ms,0.6275,
tick_us,1854.3,4616
frame_ms,4.096,
frame_ms,0.3182,
frame_ms,2.1462,
frame_ms,0.4497,
tick_us,1833.1,4666
frame_ms,4.0375,
frame_ms,0.3144,
frame_ms,0.3082,
frame_ms,0.2828,
frame_ms,0.5493,
frame_ms,0.4418,
frame_ms,0.2599,
frame_ms,0.2235,
frame_ms,0.2241,
frame_ms,0.2191,
frame_ms,0.2373,
tick_us,1833.5,4668
frame_ms,3.8767,
frame_ms,0.281,
frame_ms,0.3361,
frame_ms,0.2901,
frame_ms,0.2337,
frame_ms,0.2276,
frame_ms,0.225,
frame_ms,0.2332,
frame_ms,0.2147,
frame_ms,0.8999,
tick_us,1947.2,4726
frame_ms,4.0954,
frame_ms,0.3165,
frame_ms,0.3119,
frame_ms,0.2999,
frame_ms,0.2387,
frame_ms,0.2434,
frame_ms,0.2312,
frame_ms,0.2312,
frame_ms,0.2255,
frame_ms,0.215,
frame_ms,0.2239,
frame_ms,0.2264,
frame_ms,0.241,
tick_us,1820.6,4692
frame_ms,3.825,
frame_ms,0.2748,
frame_ms,0.2335,
frame_ms,0.2458,
frame_ms,0.7958,
frame_ms,0.2976,
frame_ms,0.25,
frame_ms,0.2238,
frame_ms,0.2296,
frame_ms,0.2249,
frame_ms,0.2194,
tick_us,1804.1,4694
frame_ms,3.9002,
frame_ms,0.3303,
frame_ms,0.2505,
frame_ms,0.3002,
frame_ms,0.2559,
frame_ms,0.227,
frame_ms,0.2264,
frame_ms,0.2164,
frame_ms,0.2568,
frame_ms,1.1189,
tick_us,1814.1,4648
frame_ms,3.8592,
frame_ms,0.2828,
frame_ms,0.3263,
frame_ms,0.3169,
frame_ms,0.2551,
frame_ms,0.233,
frame_ms,0.2236,
frame_ms,0.2176,
frame_ms,0.2121,
frame_ms,0.3166,
frame_ms,0.2684,
frame_ms,0.2213,
frame_ms,0.2211,
tick_us,1782.5,4626
frame_ms,3.7403,
frame_ms,0.2672,
frame_ms,0.3285,
frame_ms,0.298,
frame_ms,0.6541,
frame_ms,0.276,
frame_ms,0.2332,
frame_ms,0.2211,
frame_ms,0.2293,
frame_ms,0.23,
frame_ms,0.2175,
frame_ms,0.2137,
tick_us,1762.2,4612
frame_ms,3.8262,
frame_ms,0.3613,
frame_ms,0.2824,
frame_ms,0.284,
frame_ms,0.2428,
frame_ms,0.234,
frame_ms,0.2227,
frame_ms,0.222,
frame_ms,0.2553,
frame_ms,0.7805,
tick_us,1876.6,4592
frame_ms,3.9483,
frame_ms,0.2853,
frame_ms,0.3311,
frame_ms,0.2973,
frame_ms,0.2431,
frame_ms,0.2315,
frame_ms,0.2346,
frame_ms,0.2263,
frame_ms,0.2197,
frame_ms,0.2262,
frame_ms,0.26,
frame_ms,0.2467,
frame_ms,0.2236,
frame_ms,0.2303,
tick_us,1805.4,4582
frame_ms,3.8479,
frame_ms,0.3067,
frame_ms,0.2502,
frame_ms,0.2577,
frame_ms,0.6626,
frame_ms,0.4819,
frame_ms,0.2737,
frame_ms,0.254,
frame_ms,0.227,
frame_ms,0.2252,
tick_us,1811.2,4584
frame_ms,3.793,
frame_ms,0.2702,
frame_ms,0.3055,
frame_ms,0.2983,
frame_ms,0.2431,
frame_ms,0.2338,
frame_ms,0.2301,
frame_ms,0.2202,
frame_ms,0.239,
frame_ms,0.233,
frame_ms,0.7974,
tick_us,1803.3,4628
frame_ms,4.0394,
frame_ms,0.315,
frame_ms,0.2566,
frame_ms,0.2355,
frame_ms,0.2316,
frame_ms,0.2665,
frame_ms,0.2208,
frame_ms,0.2195,
frame_ms,0.2324,
frame_ms,0.2952,
frame_ms,0.2339,
frame_ms,0.2215,
frame_ms,0.2117,
tick_us,1815.6,4624
frame_ms,4.0776,
frame_ms,0.301,
frame_ms,0.3739,
frame_ms,0.3073,
frame_ms,0.4488,
frame_ms,0.4186,
frame_ms,0.3946,
frame_ms,0.3603,
frame_ms,0.3421,
tick_us,1940.6,4592
frame_ms,4.2504,
frame_ms,0.405,
frame_ms,0.2805,
frame_ms,0.2339,
frame_ms,0.2283,
frame_ms,0.24,
frame_ms,0.2428,
frame_ms,1.0124,
tick_us,2034.1,4548
frame_ms,4.3349,
frame_ms,0.3377,
frame_ms,0.2563,
frame_ms,0.2631,
frame_ms,0.234,
frame_ms,0.217,
frame_ms,0.2137,
frame_ms,0.2525,
frame_ms,0.2842,
frame_ms,0.2377,
frame_ms,0.2294,
frame_ms,0.2189,
tick_us,1875.4,4516
frame_ms,3.9162,
frame_ms,0.2762,
frame_ms,0.2634,
frame_ms,0.2295,
frame_ms,0.6611,
frame_ms,0.4089,
frame_ms,0.35,
frame_ms,0.3055,
frame_ms,0.2425,
frame_ms,0.2163,
tick_us,1896.5,4548
frame_ms,3.9811,
frame_ms,0.299,
frame_ms,0.2733,
frame_ms,0.2982,
frame_ms,0.2622,
frame_ms,0.2264,
frame_ms,0.2358,
frame_ms,0.2243,
frame_ms,0.215,
frame_ms,0.7589,
frame_ms,0.2479,
tick_us,1898.3,4532
frame_ms,3.9484,
frame_ms,0.2771,
frame_ms,1.9261,
frame_ms,0.2894,
frame_ms,0.2365,
frame_ms,0.2241,
tick_us,1830,4514
frame_ms,3.8864,
frame_ms,0.2646,
frame_ms,0.2414,
frame_ms,0.264,
frame_ms,0.7466,
frame_ms,0.414,
frame_ms,0.352,
frame_ms,0.3398,
frame_ms,0.3358,
tick_us,2069.1,4540
frame_ms,4.3144,
frame_ms,0.3005,
frame_ms,0.3059,
frame_ms,0.2664,
frame_ms,0.2271,
frame_ms,0.2203,
frame_ms,0.2654,
frame_ms,0.9505,
tick_us,1907.9,4566
frame_ms,4.1667,
frame_ms,0.31,
tick_us,1858.9,4572
frame_ms,6.8822,
frame_ms,0.3809,
frame_ms,0.2514,
frame_ms,0.2306,
frame_ms,0.2688,
frame_ms,0.2589,
frame_ms,0.2195,
frame_ms,0.2249,
frame_ms,0.2352,
frame_ms,0.2297,
frame_ms,0.2763,
tick_us,1908.3,4628
frame_ms,4.0453,
frame_ms,0.2827,
frame_ms,0.3115,
frame_ms,0.255,
frame_ms,0.2254,
frame_ms,0.2196,
frame_ms,0.2625,
frame_ms,0.2383,
frame_ms,0.217,
frame_ms,0.8436,
frame_ms,0.2843,
tick_us,1845.2,4540
frame_ms,3.917,
frame_ms,0.2948,
frame_ms,2.3831,
frame_ms,0.2989,
tick_us,1875.8,4530
frame_ms,4.0056,
frame_ms,0.2807,
frame_ms,0.2597,
frame_ms,0.2505,
frame_ms,0.5439,
frame_ms,0.5201,
frame_ms,0.3567,
frame_ms,0.34,
frame_ms,0.3116,
tick_us,1889.9,4502
frame_ms,4.0278,
frame_ms,0.2786,
frame_ms,0.3061,
frame_ms,0.2736,
frame_ms,0.2349,
frame_ms,0.2305,
frame_ms,0.2233,
frame_ms,0.2179,
frame_ms,0.2167,
frame_ms,0.7752,
tick_us,2011.9,4496
frame_ms,4.3644,
frame_ms,0.3062,
frame_ms,0.2551,
frame_ms,0.2359,
frame_ms,0.269,
frame_ms,0.2656,
frame_ms,0.2317,
frame_ms,0.2223,
frame_ms,0.2148,
frame_ms,0.2124,
frame_ms,0.2418,
frame_ms,0.2345,
tick_us,1921.6,4514
frame_ms,4.0221,
frame_ms,0.4172,
frame_ms,0.2821,
frame_ms,0.2312,
frame_ms,0.5303,
frame_ms,0.2968,
frame_ms,0.2561,
frame_ms,0.2215,
frame_ms,0.2282,
frame_ms,0.2232,
frame_ms,0.2167,
tick_us,1953.2,4486
frame_ms,4.0791,
frame_ms,0.2604,
frame_ms,0.3349,
frame_ms,0.2718,
frame_ms,0.2169,
frame_ms,0.253,
frame_ms,0.2364,
frame_ms,0.2215,
frame_ms,0.2137,
frame_ms,0.776,
tick_us,2069.2,4486
frame_ms,4.4286,
frame_ms,0.2952,
frame_ms,0.2658,
frame_ms,0.2578,
frame_ms,0.2444,
frame_ms,0.2357,
frame_ms,0.2174,
frame_ms,0.2131,
frame_ms,0.2468,
frame_ms,0.436,
frame_ms,0.2669,
tick_us,1915.3,4464
frame_ms,4.0388,
frame_ms,0.2712,
frame_ms,0.2806,
frame_ms,0.2882,
frame_ms,0.5037,
frame_ms,0.2675,
frame_ms,0.2175,
frame_ms,0.2176,
frame_ms,0.2154,
frame_ms,0.2179,
frame_ms,0.2566,
frame_ms,0.2294,
tick_us,1945.1,4440
frame_ms,4.0573,
frame_ms,0.2675,
frame_ms,0.3086,
frame_ms,0.2665,
frame_ms,0.2218,
frame_ms,0.212,
frame_ms,0.2504,
frame_ms,0.2311,
frame_ms,0.9037,
tick_us,2024.9,4466
frame_ms,4.4541,
frame_ms,0.3082,
frame_ms,0.3132,
frame_ms,0.2604,
frame_ms,0.2359,
frame_ms,0.2177,
frame_ms,0.2172,
frame_ms,0.2468,
frame_ms,0.2357,
frame_ms,0.2166,
frame_ms,0.2148,
frame_ms,0.2567,
tick_us,1922,4464
frame_ms,4.1868,
frame_ms,0.2807,
frame_ms,0.284,
frame_ms,0.2626,
frame_ms,0.3742,
frame_ms,0.3181,
frame_ms,0.2619,
frame_ms,0.2189,
frame_ms,0.221,
frame_ms,0.2143,
frame_ms,0.2314,
tick_us,1965.9,4468
frame_ms,4.1596,
frame_ms,0.293,
frame_ms,0.2585,
frame_ms,0.279,
frame_ms,0.2198,
frame_ms,0.2284,
frame_ms,0.2221,
frame_ms,0.2148,
frame_ms,1.0855,
tick_us,2050,4464
frame_ms,4.3927,
frame_ms,0.3219,
frame_ms,0.2537,
frame_ms,0.2662,
frame_ms,0.2482,
frame_ms,0.2199,
frame_ms,0.2351,
frame_ms,0.2689,
frame_ms,0.2615,
frame_ms,0.2354,
frame_ms,0.2219,
tick_us,1956.1,4448
frame_ms,4.1767,
frame_ms,0.4334,
frame_ms,0.2618,
frame_ms,0.2491,
frame_ms,0.3268,
frame_ms,0.3106,
frame_ms,0.252,
frame_ms,0.226,
frame_ms,0.2261,
frame_ms,0.2265,
frame_ms,0.2283,
tick_us,2204.8,4436
frame_ms,4.4668,
frame_ms,0.3229,
frame_ms,0.2508,
frame_ms,0.25,
frame_ms,0.2259,
frame_ms,0.291,
frame_ms,0.2822,
frame_ms,0.7385,
tick_us,2032.4,4408
frame_ms,4.3372,
frame_ms,0.3508,
frame_ms,0.2643,
frame_ms,0.2777,
frame_ms,0.2357,
frame_ms,0.2387,
frame_ms,0.2309,
frame_ms,0.4616,
frame_ms,0.297,
frame_ms,0.2801,
frame_ms,0.2188,
tick_us,2051.4,4438
frame_ms,4.2465,
frame_ms,0.3325,
frame_ms,0.2473,
frame_ms,0.2727,
frame_ms,0.2509,
frame_ms,0.3478,
frame_ms,0.3996,
frame_ms,0.2995,
frame_ms,0.2743,
frame_ms,0.222,
tick_us,2003.7,4438
frame_ms,4.1609,
frame_ms,0.2641,
frame_ms,0.3318,
frame_ms,0.279,
frame_ms,0.2256,
frame_ms,0.2198,
frame_ms,0.288,
frame_ms,0.2759,
frame_ms,0.7145,
frame_ms,0.272,
tick_us,2013.2,4428
frame_ms,4.6048,
frame_ms,0.3729,
frame_ms,0.2436,
frame_ms,0.2381,
frame_ms,0.2222,
frame_ms,0.2192,
frame_ms,0.2261,
frame_ms,0.2276,
frame_ms,0.2215,
frame_ms,0.2225,
tick_us,1980.3,4426
frame_ms,4.0876,
frame_ms,0.2957,
frame_ms,0.2672,
frame_ms,0.2343,
frame_ms,0.5477,
frame_ms,0.4189,
frame_ms,0.3149,
frame_ms,0.2648,
frame_ms,0.2187,
frame_ms,0.2191,
tick_us,1904.2,4436
frame_ms,4.0697,
frame_ms,0.2955,
frame_ms,0.321,
frame_ms,0.26,
frame_ms,0.2302,
frame_ms,0.2186,
frame_ms,0.2156,
frame_ms,0.2672,
frame_ms,0.2299,
frame_ms,0.7805,
tick_us,1888.7,4468
frame_ms,4.0267,
frame_ms,0.2753,
frame_ms,0.2908,
frame_ms,0.2752,
frame_ms,0.2315,
frame_ms,0.2227,
frame_ms,0.222,
frame_ms,0.213,
frame_ms,0.2864,
frame_ms,0.2754,
frame_ms,0.2306,
frame_ms,0.2234,
frame_ms,0.2171,
frame_ms,0.2123,
tick_us,1877.8,4416
frame_ms,3.9951,
frame_ms,0.2922,
frame_ms,0.2669,
frame_ms,0.2477,
frame_ms,0.49,
frame_ms,0.2431,
frame_ms,0.2278,
frame_ms,0.2352,
frame_ms,0.2572,
frame_ms,0.2133,
frame_ms,0.2112,
frame_ms,0.2599,
tick_us,1895.9,4422
frame_ms,3.9897,
frame_ms,0.2662,
frame_ms,0.4605,
frame_ms,0.262,
frame_ms,0.231,
frame_ms,0.2164,
frame_ms,0.2125,
frame_ms,0.2325,
frame_ms,0.8154,
tick_us,1911.1,4454
frame_ms,4.1655,
frame_ms,0.2949,
frame_ms,0.2345,
frame_ms,0.3008,
frame_ms,0.2771,
frame_ms,0.2262,
frame_ms,0.2213,
frame_ms,0.215,
frame_ms,0.3693,
frame_ms,0.617,
frame_ms,0.304,
tick_us,1865.4,4472
frame_ms,4.0049,
frame_ms,0.2952,
frame_ms,0.2701,
frame_ms,0.2356,
frame_ms,0.4583,
frame_ms,0.2472,
frame_ms,0.224,
frame_ms,0.2207,
frame_ms,0.2237,
frame_ms,0.2274,
frame_ms,0.2269,
frame_ms,0.2306,
tick_us,1879.8,4490
frame_ms,3.9604,
frame_ms,0.2797,
frame_ms,2.4086,
frame_ms,0.325,
tick_us,1927.7,4508
frame_ms,4.0463,
frame_ms,0.2991,
frame_ms,0.2318,
frame_ms,0.237,
frame_ms,0.2619,
frame_ms,0.3307,
frame_ms,0.3073,
frame_ms,0.2485,
frame_ms,0.216,
frame_ms,0.2236,
frame_ms,0.2178,
frame_ms,0.214,
tick_us,1867,4474
frame_ms,3.9556,
frame_ms,0.2853,
frame_ms,0.2985,
frame_ms,0.2586,
frame_ms,0.6432,
frame_ms,0.4202,
frame_ms,0.3515,
frame_ms,0.344,
frame_ms,0.3373,
tick_us,1858.2,4488
frame_ms,4.0579,
frame_ms,0.2897,
frame_ms,0.3086,
frame_ms,0.2748,
frame_ms,0.2336,
frame_ms,0.2231,
frame_ms,0.2154,
frame_ms,0.2462,
frame_ms,0.2236,
frame_ms,0.7958,
tick_us,1960.5,4552
frame_ms,4.246,
frame_ms,0.3026,
frame_ms,0.2427,
frame_ms,0.2293,
frame_ms,0.2626,
frame_ms,0.2377,
frame_ms,0.2175,
frame_ms,0.2416,
frame_ms,0.2402,
frame_ms,0.2174,
frame_ms,0.2416,
frame_ms,0.2394,
frame_ms,0.2144,
tick_us,1908.7,4550
frame_ms,4.054,
frame_ms,0.4476,
frame_ms,0.3193,
frame_ms,0.2766,
frame_ms,0.3711,
frame_ms,0.2673,
frame_ms,0.2348,
frame_ms,0.2243,
frame_ms,0.2245,
frame_ms,0.2227,
frame_ms,0.2912,
tick_us,1913.5,4580
frame_ms,4.1094,
frame_ms,0.2695,
frame_ms,0.3404,
frame_ms,0.4451,
frame_ms,0.3653,
frame_ms,0.3444,
frame_ms,0.3419,
frame_ms,0.3455,
frame_ms,0.2922,
tick_us,1940.7,4560
frame_ms,4.1532,
frame_ms,0.2801,
frame_ms,0.2313,
frame_ms,0.2737,
frame_ms,0.2309,
frame_ms,0.2488,
frame_ms,0.2217,
frame_ms,0.2139,
frame_ms,0.2127,
frame_ms,0.2522,
frame_ms,0.2723,
frame_ms,0.2187,
tick_us,2015.5,4572
frame_ms,4.3385,
frame_ms,0.3698,
frame_ms,0.2667,
frame_ms,0.2497,
frame_ms,0.4122,
frame_ms,0.4365,
frame_ms,0.3184,
frame_ms,0.2766,
frame_ms,0.2293,
frame_ms,0.2219,
tick_us,1935.6,4564
frame_ms,4.1019,
frame_ms,0.2768,
frame_ms,0.3029,
frame_ms,0.2798,
frame_ms,0.2441,
frame_ms,0.2329,
frame_ms,0.2193,
frame_ms,0.2167,
frame_ms,0.213,
frame_ms,0.7455,
tick_us,1967.5,4554
frame_ms,4.2962,
frame_ms,0.2994,
frame_ms,0.2406,
frame_ms,0.2275,
frame_ms,0.2777,
frame_ms,0.2598,
frame_ms,0.275,
frame_ms,0.229,
frame_ms,0.2354,
frame_ms,0.2551,
frame_ms,0.2172,
frame_ms,0.2456,
tick_us,1939.2,4550
frame_ms,4.0816,
frame_ms,0.258,
frame_ms,0.2222,
frame_ms,0.2402,
frame_ms,0.6558,
frame_ms,0.4072,
frame_ms,0.3475,
frame_ms,0.3374,
frame_ms,0.3341,
tick_us,1896.6,4532
frame_ms,4.1386,
frame_ms,0.2865,
frame_ms,0.3227,
frame_ms,0.2585,
frame_ms,0.2225,
frame_ms,0.2236,
frame_ms,0.2303,
frame_ms,0.2166,
frame_ms,0.9762,
frame_ms,0.2694,
tick_us,1900.2,4496
frame_ms,4.051,
frame_ms,0.2924,
frame_ms,0.3158,
frame_ms,0.2644,
frame_ms,0.2318,
frame_ms,0.2251,
frame_ms,0.2156,
frame_ms,0.208,
frame_ms,0.2426,
frame_ms,0.242,
frame_ms,0.2192,
frame_ms,0.2097,
frame_ms,0.2442,
tick_us,1885.1,4482
frame_ms,4.0113,
frame_ms,0.2648,
frame_ms,0.27,
frame_ms,0.2596,
frame_ms,0.4668,
frame_ms,0.291,
frame_ms,0.2606,
frame_ms,0.2133,
frame_ms,0.228,
frame_ms,0.2124,
frame_ms,0.2096,
frame_ms,0.2371,
tick_us,1920.1,4518
frame_ms,4.0335,
frame_ms,0.2682,
frame_ms,0.3073,
frame_ms,0.2652,
frame_ms,0.2237,
frame_ms,0.2132,
frame_ms,0.2094,
frame_ms,0.2657,
frame_ms,0.9865,
tick_us,1916.2,4538
frame_ms,4.1623,
frame_ms,0.3141,
frame_ms,0.2807,
frame_ms,0.3169,
frame_ms,0.2248,
frame_ms,0.2195,
frame_ms,0.211,
frame_ms,0.2657,
frame_ms,0.261,
frame_ms,0.2299,
frame_ms,0.2174,
frame_ms,0.2881,
tick_us,1893,4570
frame_ms,4.027,
frame_ms,0.2677,
frame_ms,0.2642,
frame_ms,0.2272,
frame_ms,0.7485,
frame_ms,0.3703,
frame_ms,0.3558,
frame_ms,0.3398,
frame_ms,0.3341,
tick_us,1887.3,4550
frame_ms,4.1163,
frame_ms,0.2661,
frame_ms,0.2971,
frame_ms,0.2612,
frame_ms,0.2249,
frame_ms,0.2247,
frame_ms,0.2684,
frame_ms,0.2582,
frame_ms,0.9028,
tick_us,1897.1,4560
frame_ms,4.198,
frame_ms,0.3089,
frame_ms,0.2588,
frame_ms,0.2738,
frame_ms,0.2585,
frame_ms,0.2588,
frame_ms,0.2273,
frame_ms,0.2202,
frame_ms,0.2156,
frame_ms,0.2457,
frame_ms,0.2516,
frame_ms,0.2263,
frame_ms,0.2185,
tick_us,1948.7,4552
frame_ms,4.084,
frame_ms,0.2973,
frame_ms,0.249,
frame_ms,0.2965,
frame_ms,0.416,
frame_ms,0.239,
frame_ms,0.2223,
frame_ms,0.2303,
frame_ms,0.2737,
frame_ms,0.2228,
frame_ms,0.2177,
frame_ms,0.2196,
tick_us,1948.5,4546
frame_ms,4.1333,
frame_ms,0.2698,
frame_ms,0.3659,
frame_ms,0.2681,
frame_ms,0.2181,
frame_ms,0.2156,
frame_ms,0.2274,
frame_ms,0.9955,
frame_ms,0.2536,
tick_us,1957.8,4552
frame_ms,4.1636,
frame_ms,0.2731,
frame_ms,0.2691,
frame_ms,0.2447,
frame_ms,0.2318,
frame_ms,0.2684,
frame_ms,0.2518,
frame_ms,0.2283,
frame_ms,0.2203,
frame_ms,0.234,
frame_ms,0.2398,
frame_ms,0.2194,
tick_us,2011.8,4540
frame_ms,4.3162,
frame_ms,0.2948,
frame_ms,0.2615,
frame_ms,0.2543,
frame_ms,0.3096,
frame_ms,0.3941,
frame_ms,0.2551,
frame_ms,0.2221,
frame_ms,0.2218,
frame_ms,0.2268,
frame_ms,0.2139,
tick_us,2008.8,4574
frame_ms,4.2198,
frame_ms,0.2602,
frame_ms,0.2889,
frame_ms,0.2424,
frame_ms,0.2235,
frame_ms,0.2383,
frame_ms,0.2561,
frame_ms,0.2145,
frame_ms,0.8391,
frame_ms,0.2614,
tick_us,2036.6,4564
frame_ms,4.2599,
frame_ms,0.2687,
frame_ms,0.2279,
frame_ms,0.2554,
frame_ms,0.239,
frame_ms,0.2316,
frame_ms,0.2203,
frame_ms,0.2174,
frame_ms,0.2135,
frame_ms,0.2605,
frame_ms,0.2536,
frame_ms,0.2245,
tick_us,2041.9,4550
frame_ms,4.2742,
frame_ms,0.2932,
frame_ms,0.2263,
frame_ms,0.2517,
frame_ms,0.3278,
frame_ms,0.2691,
frame_ms,0.2312,
frame_ms,0.2436,
frame_ms,0.2236,
frame_ms,0.216,
frame_ms,0.2141,
tick_us,2004.7,4532
frame_ms,4.2779,
frame_ms,0.3935,
frame_ms,0.2519,
frame_ms,0.2321,
frame_ms,0.2196,
frame_ms,0.2496,
frame_ms,0.4224,
frame_ms,0.2357,
frame_ms,0.6882,
tick_us,2145.3,4506
frame_ms,4.6526,
frame_ms,0.3287,
frame_ms,0.2371,
frame_ms,0.249,
frame_ms,0.2472,
frame_ms,0.2236,
frame_ms,0.2209,
frame_ms,0.2119,
frame_ms,0.2589,
frame_ms,0.2307,
frame_ms,0.2196,
tick_us,2015.6,4506
frame_ms,4.2259,
frame_ms,0.2635,
frame_ms,0.3104,
frame_ms,0.2588,
frame_ms,0.3025,
frame_ms,0.2723,
frame_ms,0.2251,
frame_ms,0.2318,
frame_ms,0.2246,
frame_ms,0.2152,
frame_ms,0.2161,
frame_ms,0.2509,
tick_us,2018,4528
frame_ms,4.3045,
frame_ms,0.289,
frame_ms,0.2288,
frame_ms,0.2738,
frame_ms,0.242,
frame_ms,0.2383,
frame_ms,0.2225,
frame_ms,0.917,
tick_us,2041.8,4488
frame_ms,4.3671,
frame_ms,0.2783,
frame_ms,0.2803,
frame_ms,0.2512,
frame_ms,0.2183,
frame_ms,0.2436,
frame_ms,0.2253,
frame_ms,0.2103,
frame_ms,0.2524,
frame_ms,0.2362,
frame_ms,0.2135,
frame_ms,0.248,
tick_us,2051.1,4468
frame_ms,4.3572,
frame_ms,0.2697,
frame_ms,0.3526,
frame_ms,0.245,
frame_ms,0.2271,
frame_ms,0.261,
frame_ms,0.2728,
frame_ms,0.2651,
frame_ms,0.2524,
frame_ms,0.23,
frame_ms,0.2274,
tick_us,2079.8,4526
frame_ms,4.2866,
frame_ms,0.319,
frame_ms,0.2226,
frame_ms,0.2739,
frame_ms,0.2645,
frame_ms,0.2294,
frame_ms,0.2482,
frame_ms,0.2288,
frame_ms,0.7673,
frame_ms,0.265,
tick_us,2022.9,4522
frame_ms,4.257,
frame_ms,0.2646,
frame_ms,0.2892,
frame_ms,0.263,
frame_ms,0.2147,
frame_ms,0.2146,
frame_ms,0.242,
frame_ms,0.2302,
frame_ms,0.2104,
frame_ms,0.3515,
frame_ms,0.4078,
tick_us,2102.4,4564
frame_ms,4.4365,
frame_ms,0.2824,
frame_ms,0.2621,
frame_ms,0.2481,
frame_ms,0.2323,
frame_ms,0.2783,
frame_ms,0.2584,
frame_ms,0.2435,
frame_ms,0.2272,
frame_ms,0.2221,
frame_ms,0.214,
tick_us,2041.7,4552
frame_ms,4.2148,
frame_ms,0.2818,
frame_ms,0.309,
frame_ms,0.2984,
frame_ms,0.249,
frame_ms,0.4264,
frame_ms,0.2159,
frame_ms,0.7256,
tick_us,2038.6,4552
frame_ms,4.2663,
frame_ms,0.3226,
frame_ms,0.2472,
frame_ms,0.2329,
frame_ms,0.274,
frame_ms,0.2458,
frame_ms,0.2257,
frame_ms,0.2166,
frame_ms,0.2442,
frame_ms,0.2234,
frame_ms,0.2376,
frame_ms,0.2181,
frame_ms,0.2424,
tick_us,1939.6,4560
frame_ms,4.0851,
frame_ms,0.2656,
frame_ms,0.3033,
frame_ms,0.2314,
frame_ms,0.4311,
frame_ms,0.4274,
frame_ms,0.3528,
frame_ms,0.3839,
frame_ms,0.3485,
tick_us,2005.5,4550
frame_ms,4.3507,
frame_ms,0.3065,
frame_ms,0.2807,
frame_ms,0.2585,
frame_ms,0.2421,
frame_ms,0.7712,
frame_ms,0.7185,
tick_us,2082.8,4562
frame_ms,4.5491,
frame_ms,0.3356,
frame_ms,0.2335,
frame_ms,0.275,
frame_ms,0.2975,
frame_ms,0.221,
frame_ms,0.2173,
frame_ms,0.2156,
frame_ms,0.2124,
frame_ms,0.3005,
tick_us,1940.1,4524
frame_ms,4.1816,
frame_ms,0.2721,
frame_ms,0.2892,
frame_ms,0.2541,
frame_ms,0.5406,
frame_ms,0.4417,
frame_ms,0.3532,
frame_ms,0.3496,
frame_ms,0.341,
tick_us,2006.8,4530
frame_ms,4.3078,
frame_ms,0.2918,
frame_ms,0.3059,
frame_ms,0.4392,
frame_ms,0.366,
frame_ms,0.343,
frame_ms,0.3433,
frame_ms,0.4526,
tick_us,1919.5,4442
frame_ms,4.1046,
frame_ms,0.2622,
frame_ms,0.2758,
frame_ms,0.2832,
frame_ms,0.2341,
frame_ms,0.2508,
frame_ms,0.2414,
frame_ms,0.222,
frame_ms,0.2669,
frame_ms,0.2382,
frame_ms,0.2221,
frame_ms,0.2551,
frame_ms,0.2606,
tick_us,2030.2,4424
frame_ms,4.3432,
frame_ms,0.307,
frame_ms,0.246,
frame_ms,0.2299,
frame_ms,0.2634,
frame_ms,0.2331,
frame_ms,0.2273,
frame_ms,0.2618,
frame_ms,0.2825,
frame_ms,0.2383,
frame_ms,0.2312,
tick_us,1907,4438
frame_ms,4.0148,
frame_ms,0.2615,
frame_ms,0.3255,
frame_ms,0.2621,
frame_ms,0.2225,
frame_ms,0.2181,
frame_ms,0.21,
frame_ms,0.2571,
frame_ms,0.232,
frame_ms,0.9041,
tick_us,2000.4,4434
frame_ms,4.2568,
frame_ms,0.3422,
frame_ms,0.2876,
frame_ms,0.255,
frame_ms,0.2261,
frame_ms,0.2221,
frame_ms,0.2348,
frame_ms,0.2377,
frame_ms,0.2173,
frame_ms,0.213,
frame_ms,0.2641,
frame_ms,0.2318,
tick_us,1900.2,4466
frame_ms,3.9671,
frame_ms,0.2817,
frame_ms,0.3217,
frame_ms,0.272,
frame_ms,0.595,
frame_ms,0.2768,
frame_ms,0.3402,
frame_ms,0.361,
frame_ms,0.3424,
frame_ms,0.3346,
tick_us,1908.6,4514
frame_ms,4.0667,
frame_ms,0.2908,
frame_ms,0.2309,
frame_ms,0.2261,
frame_ms,0.2307,
frame_ms,0.2266,
frame_ms,0.2157,
frame_ms,0.218,
frame_ms,0.9798,
tick_us,2116.2,4496
frame_ms,4.361,
frame_ms,0.3022,
frame_ms,0.2867,
frame_ms,0.2727,
frame_ms,0.2338,
frame_ms,0.2339,
frame_ms,0.2166,
frame_ms,0.2133,
frame_ms,0.2381,
frame_ms,0.2342,
frame_ms,0.2203,
frame_ms,0.2134,
tick_us,1836.4,4478
frame_ms,3.8389,
frame_ms,0.2573,
frame_ms,0.2959,
frame_ms,0.2641,
frame_ms,0.8475,
frame_ms,0.2945,
frame_ms,0.2271,
frame_ms,0.2463,
frame_ms,0.2255,
frame_ms,0.2251,
frame_ms,0.217,
tick_us,1798.8,4506
frame_ms,3.8007,
frame_ms,0.2727,
frame_ms,0.3352,
frame_ms,0.2788,
frame_ms,0.232,
frame_ms,0.2289,
frame_ms,0.2195,
frame_ms,0.2194,
frame_ms,0.3096,
frame_ms,0.4155,
frame_ms,0.5498,
tick_us,1860,4478
frame_ms,4.041,
frame_ms,0.2906,
frame_ms,0.2633,
frame_ms,0.2406,
frame_ms,0.2267,
frame_ms,0.2222,
frame_ms,0.228,
frame_ms,0.2148,
frame_ms,0.2583,
frame_ms,0.2303,
frame_ms,0.2133,
frame_ms,0.2132,
frame_ms,0.3042,
frame_ms,0.2596,
tick_us,1763.7,4424
frame_ms,3.7255,
frame_ms,0.2732,
frame_ms,0.2384,
frame_ms,0.2684,
frame_ms,0.7984,
frame_ms,0.4214,
frame_ms,0.3595,
frame_ms,0.3368,
frame_ms,0.3336,
tick_us,1778.1,4434
frame_ms,3.9823,
frame_ms,0.2866,
frame_ms,0.3064,
frame_ms,0.4406,
frame_ms,0.357,
frame_ms,0.3414,
frame_ms,0.3344,
frame_ms,0.3333,
frame_ms,0.5136,
tick_us,1833.9,4440
frame_ms,4.0305,
frame_ms,0.3472,
frame_ms,0.2642,
frame_ms,0.2354,
frame_ms,0.2285,
frame_ms,0.2156,
frame_ms,0.226,
frame_ms,0.2179,
frame_ms,0.2448,
frame_ms,0.2321,
frame_ms,0.2173,
frame_ms,0.2518,
frame_ms,0.2229,
frame_ms,0.2144,
tick_us,1779.2,4458
frame_ms,3.7631,
frame_ms,0.2532,
frame_ms,0.2854,
frame_ms,0.2797,
frame_ms,0.834,
frame_ms,0.4479,
frame_ms,0.3669,
frame_ms,0.3437,
frame_ms,0.3294,
tick_us,1823.9,4448
frame_ms,4.0207,
frame_ms,0.3001,
frame_ms,0.3501,
frame_ms,0.2861,
frame_ms,0.2297,
frame_ms,0.222,
frame_ms,0.2154,
frame_ms,0.2223,
frame_ms,0.9009,
frame_ms,0.274,
tick_us,1832.6,4424
frame_ms,3.8638,
frame_ms,0.2582,
frame_ms,0.2739,
frame_ms,0.2528,
frame_ms,0.2212,
frame_ms,0.2131,
frame_ms,0.3054,
frame_ms,0.2642,
frame_ms,0.2293,
frame_ms,0.2265,
frame_ms,0.2203,
frame_ms,0.2295,
frame_ms,0.2176,
tick_us,1811.2,4468
frame_ms,3.8644,
frame_ms,0.317,
frame_ms,0.4019,
frame_ms,0.2678,
frame_ms,0.5926,
frame_ms,0.2479,
frame_ms,0.228,
frame_ms,0.2211,
frame_ms,0.2169,
frame_ms,0.215,
frame_ms,0.2731,
frame_ms,0.2637,
tick_us,1853,4466
frame_ms,3.8794,
frame_ms,0.2655,
frame_ms,0.2395,
frame_ms,0.2678,
frame_ms,0.2405,
frame_ms,0.2268,
frame_ms,0.2374,
frame_ms,0.2306,
frame_ms,0.2263,
frame_ms,0.8826,
tick_us,1897.9,4496
frame_ms,4.1759,
frame_ms,0.3092,
frame_ms,0.279,
frame_ms,0.2633,
frame_ms,0.2358,
frame_ms,0.2184,
frame_ms,0.215,
frame_ms,0.2412,
frame_ms,0.3651,
frame_ms,0.302,
frame_ms,0.2192,
frame_ms,0.2168,
tick_us,1891.2,4520
frame_ms,3.9463,
frame_ms,0.2711,
frame_ms,0.3206,
frame_ms,0.2588,
frame_ms,0.6544,
frame_ms,0.2681,
frame_ms,0.224,
frame_ms,0.2181,
frame_ms,0.2143,
frame_ms,0.2177,
frame_ms,0.2114,
frame_ms,0.2126,
tick_us,1868.6,4530
frame_ms,3.9828,
frame_ms,0.28,
frame_ms,2.0474,
frame_ms,0.2828,
frame_ms,0.2483,
tick_us,1889.6,4554
frame_ms,3.999,
frame_ms,0.3312,
frame_ms,0.2614,
frame_ms,0.2301,
frame_ms,0.2453,
frame_ms,0.2322,
frame_ms,0.2236,
frame_ms,0.2155,
frame_ms,0.2685,
frame_ms,0.268,
frame_ms,0.235,
frame_ms,0.2219,
frame_ms,0.2207,
tick_us,1974.5,4566
frame_ms,4.2722,
frame_ms,0.296,
frame_ms,0.2312,
frame_ms,0.2525,
frame_ms,0.417,
frame_ms,0.4155,
frame_ms,0.3456,
frame_ms,0.3407,
frame_ms,0.3351,
tick_us,1917.8,4536
frame_ms,4.2347,
frame_ms,0.2957,
frame_ms,0.2294,
frame_ms,0.2196,
frame_ms,0.236,
frame_ms,0.2382,
frame_ms,0.2146,
frame_ms,0.2106,
frame_ms,0.2496,
frame_ms,0.7619,
tick_us,1979.2,4576
frame_ms,4.3085,
frame_ms,0.2909,
frame_ms,0.2906,
frame_ms,0.2575,
frame_ms,0.2285,
frame_ms,0.2229,
frame_ms,0.2558,
frame_ms,0.2191,
frame_ms,0.2232,
frame_ms,0.2268,
frame_ms,0.2204,
frame_ms,0.2499,
tick_us,1921.3,4558
frame_ms,4.08,
frame_ms,0.2977,
